StrengthRatio;AttackA_Verticality;DefenseA_DefensiveLine;AttackB_Verticality;DefenseB_DefensiveLine;Seq_CountersCount;Seq_CornersCount;Seq_LooseBallsCount;TeamA_Goals;TeamA_TotalXG;TeamA_XGPerShot;TeamA_PossessionShare;TeamA_ShotsTotal;TeamA_ShotsOnTarget;TeamA_ShotsBlocked;TeamA_ShotsWoodwork;TeamA_CornersWon;TeamA_LooseBallsWon;TeamA_PassesTotal;TeamA_PassesOpenPlay;TeamA_PassesCounterAttack;TeamA_PassesCorner;TeamA_PassesLooseBall;TeamA_XGOpenPlay;TeamA_XGCounterAttack;TeamA_XGCorner;TeamA_XGLooseBall;TeamB_Goals;TeamB_TotalXG;TeamB_XGPerShot;TeamB_PossessionShare;TeamB_ShotsTotal;TeamB_ShotsOnTarget;TeamB_ShotsBlocked;TeamB_ShotsWoodwork;TeamB_CornersWon;TeamB_LooseBallsWon;TeamB_PassesTotal;TeamB_PassesOpenPlay;TeamB_PassesCounterAttack;TeamB_PassesCorner;TeamB_PassesLooseBall;TeamB_XGOpenPlay;TeamB_XGCounterAttack;TeamB_XGCorner;TeamB_XGLooseBall
-5;0;0;0;0;13.54;1.77;5.05;0.55;0.57;0.134;42.7;4.1;1.99;1.25;0.22;0.69;2.47;152.1;138.1;7.7;1.4;4.9;0.29;0.16;0.05;0.08;1.12;1.1;0.17;57.3;6.45;3.35;1.85;0.31;1.07;2.58;204.2;180.5;16.4;2.1;5.2;0.56;0.32;0.09;0.13
-5;0;0;0;50;13.19;1.89;5.6;0.63;0.62;0.141;43;4.23;2.13;1.26;0.21;0.7;2.65;153;139.7;6.7;1.4;5.3;0.3;0.19;0.05;0.08;1.28;1.26;0.17;57;7.38;3.73;2.18;0.37;1.19;2.95;203.1;178.3;16.5;2.4;5.9;0.56;0.45;0.1;0.15
-5;0;0;0;100;13.34;2.22;6.31;0.6;0.64;0.146;43.1;4.22;2.07;1.29;0.22;0.71;3.04;157.2;144.1;5.6;1.4;6.1;0.31;0.2;0.05;0.08;1.65;1.62;0.177;56.9;9.13;4.76;2.58;0.45;1.51;3.27;207.8;172.2;26;3;6.5;0.57;0.73;0.14;0.18
-5;0;0;50;0;15.59;2.29;6.65;0.64;0.65;0.135;48.5;4.63;2.3;1.38;0.22;0.83;3.18;154.4;135.5;10.9;1.7;6.4;0.28;0.22;0.07;0.08;1.7;1.69;0.18;51.5;9.4;4.73;2.77;0.48;1.46;3.46;164.2;138.1;16.2;2.9;6.9;1.04;0.34;0.13;0.19
-5;0;0;50;50;15.48;2.8;8.11;0.71;0.72;0.144;48.5;4.87;2.4;1.49;0.24;0.83;3.94;155.9;136.5;9.8;1.7;7.9;0.29;0.28;0.06;0.09;2.3;2.25;0.183;51.5;12.24;6.36;3.51;0.59;1.98;4.17;165.7;137;16.4;4;8.3;1.37;0.47;0.17;0.24
-5;0;0;50;100;15.31;3.42;9.51;0.8;0.82;0.157;47.4;5.14;2.62;1.49;0.26;0.9;4.61;157.6;137.9;8.7;1.8;9.2;0.29;0.36;0.07;0.1;2.98;2.92;0.189;52.6;15.41;8.09;4.34;0.73;2.52;4.9;174.9;135.5;24.5;5;9.8;1.7;0.68;0.23;0.3
-5;0;0;100;0;17.42;2.87;7.92;0.68;0.75;0.136;56.2;5.4;2.63;1.63;0.3;0.96;3.87;156.5;132.7;14.2;1.9;7.7;0.28;0.3;0.07;0.1;2.11;2.12;0.185;43.8;11.42;5.98;3.24;0.55;1.91;4.05;121.8;94;15.9;3.8;8.1;1.39;0.32;0.17;0.23
-5;0;0;100;50;17.43;3.53;10.2;0.85;0.86;0.146;55.6;5.77;2.86;1.76;0.31;0.99;4.94;157.3;132.2;13.2;2;9.9;0.28;0.39;0.08;0.11;3.13;3.06;0.189;44.4;16.16;8.46;4.59;0.78;2.54;5.26;125.5;94.3;15.6;5.1;10.5;2.05;0.45;0.23;0.32
-5;0;0;100;100;17.44;4.09;11.72;0.98;0.98;0.161;53.9;6;3.02;1.74;0.29;0.99;5.73;158.5;133;12;2;11.5;0.27;0.52;0.08;0.11;3.85;3.74;0.193;46.1;19.42;10.21;5.51;0.98;3.1;5.98;135.8;93.7;23.9;6.2;12;2.42;0.67;0.28;0.38
-5;0;50;0;0;13.34;1.92;5.53;0.68;0.69;0.14;42.7;4.75;2.4;1.38;0.24;0.82;2.68;152.4;137.5;7.9;1.6;5.4;0.29;0.23;0.07;0.09;1.27;1.22;0.177;57.3;6.86;3.57;1.94;0.33;1.09;2.84;204.7;181.4;15.5;2.2;5.7;0.57;0.43;0.09;0.13
-5;0;50;0;50;13.05;2.13;6.01;0.72;0.72;0.15;43.3;4.65;2.33;1.38;0.24;0.82;2.87;154.5;140.4;6.7;1.6;5.7;0.3;0.27;0.06;0.08;1.48;1.49;0.184;56.7;8.08;4.22;2.29;0.35;1.3;3.14;202;177.3;15.8;2.6;6.3;0.57;0.64;0.11;0.17
-5;0;50;0;100;12.65;2.26;6.47;0.75;0.78;0.16;43.1;4.76;2.39;1.42;0.24;0.79;2.98;156.7;143.6;5.6;1.6;6;0.32;0.3;0.06;0.09;1.92;1.84;0.198;56.9;9.28;4.96;2.54;0.46;1.47;3.49;206.7;172.9;23.8;2.9;7;0.57;0.96;0.13;0.18
-5;0;50;50;0;15.21;2.42;7.06;0.81;0.78;0.14;48.3;5.47;2.71;1.6;0.27;0.87;3.4;154;134.3;11.1;1.7;6.8;0.29;0.32;0.07;0.1;1.77;1.76;0.185;51.7;9.48;4.94;2.7;0.45;1.55;3.65;164.7;139.3;15;3.1;7.3;1.02;0.41;0.14;0.19
-5;0;50;50;50;14.93;3;8.52;0.88;0.89;0.154;48.3;5.68;2.86;1.68;0.28;0.97;4.07;155.2;135.1;9.9;1.9;8.1;0.3;0.42;0.07;0.11;2.45;2.41;0.192;51.7;12.54;6.6;3.52;0.59;2.02;4.45;166.2;138.5;14.8;4;8.9;1.39;0.6;0.17;0.25
-5;0;50;50;100;14.84;3.51;9.91;0.93;1.03;0.174;48.1;5.86;2.97;1.69;0.31;1.05;4.78;161.6;136.7;13.3;2.1;9.6;0.29;0.56;0.08;0.11;3.27;3.17;0.201;51.9;15.78;8.43;4.38;0.75;2.46;5.13;174.6;136.8;22.6;4.9;10.3;1.73;0.9;0.23;0.31
-5;0;50;100;0;17.15;2.94;8.6;0.96;0.99;0.147;55.8;6.66;3.3;1.94;0.36;1.1;4.18;155.3;130.1;14.6;2.2;8.4;0.29;0.49;0.08;0.12;2.21;2.19;0.19;44.2;11.56;6.07;3.26;0.57;1.83;4.42;122.8;95.8;14.5;3.7;8.8;1.42;0.39;0.17;0.22
-5;0;50;100;50;17.29;3.79;10.73;1.09;1.12;0.163;56.2;6.8;3.45;1.99;0.33;1.17;5.15;163;130.1;20.2;2.3;10.3;0.28;0.63;0.09;0.12;3.31;3.2;0.195;43.8;16.42;8.72;4.53;0.78;2.61;5.58;126.8;95.7;14.7;5.2;11.2;2.05;0.6;0.24;0.31
-5;0;50;100;100;17.04;4.38;12.1;1.26;1.28;0.18;54.8;7.04;3.59;2.06;0.38;1.17;5.85;164.1;131.7;18.4;2.3;11.7;0.29;0.77;0.09;0.12;4.03;3.96;0.202;45.2;19.65;10.6;5.34;0.92;3.2;6.25;135.5;94.6;21.9;6.4;12.5;2.42;0.89;0.28;0.37
-5;0;100;0;0;12.85;2.08;5.91;0.83;0.82;0.149;43.3;5.39;2.72;1.55;0.28;0.94;2.78;156.4;137;12;1.9;5.6;0.31;0.33;0.07;0.1;1.37;1.32;0.184;56.7;7.11;3.71;2;0.35;1.13;3.13;204.7;182;14.2;2.3;6.3;0.55;0.53;0.09;0.14
-5;0;100;0;50;12.73;2.19;6.39;0.85;0.89;0.165;44;5.29;2.69;1.55;0.25;0.9;3.06;158.2;140.1;10.2;1.8;6.1;0.31;0.41;0.07;0.1;1.73;1.67;0.198;56;8.43;4.5;2.31;0.41;1.29;3.33;201.8;177.8;14.8;2.6;6.7;0.57;0.83;0.11;0.17
-5;0;100;0;100;12.35;2.34;6.83;0.88;0.93;0.175;43.7;5.21;2.65;1.54;0.27;0.87;3.19;160;143.4;8.4;1.7;6.4;0.32;0.45;0.06;0.1;2.15;2.08;0.215;56.3;9.66;5.2;2.67;0.46;1.47;3.63;206;173.1;22.7;2.9;7.3;0.57;1.2;0.13;0.19
-5;0;100;50;0;14.8;2.64;7.63;0.98;1.02;0.157;49;6.44;3.24;1.91;0.32;1.1;3.62;159.1;132.8;16.8;2.2;7.2;0.3;0.52;0.09;0.12;1.9;1.88;0.191;51;9.82;5.14;2.77;0.46;1.54;4;165.9;140.9;13.9;3.1;8;1.04;0.51;0.14;0.19
-5;0;100;50;50;14.42;3.04;8.9;1.1;1.13;0.172;48.9;6.51;3.29;1.88;0.34;1.05;4.28;159.6;134.3;14.6;2.1;8.6;0.31;0.62;0.08;0.12;2.64;2.6;0.201;51.1;12.94;6.83;3.6;0.64;1.99;4.63;166.4;139.3;13.9;4;9.3;1.38;0.78;0.19;0.26
-5;0;100;50;100;14.61;3.46;10.23;1.25;1.24;0.186;48.2;6.61;3.36;1.93;0.3;1.02;4.98;161.5;136.1;13.4;2;10;0.32;0.72;0.09;0.12;3.37;3.35;0.21;51.8;15.92;8.44;4.46;0.75;2.44;5.25;173.9;137.4;21.2;4.9;10.5;1.71;1.12;0.22;0.3
-5;0;100;100;0;16.72;3.2;9.28;1.2;1.22;0.158;56.6;7.65;3.89;2.3;0.35;1.31;4.37;161.5;128.2;22;2.6;8.7;0.29;0.7;0.09;0.14;2.4;2.37;0.194;43.4;12.23;6.4;3.44;0.56;1.9;4.91;124;97.1;13.3;3.8;9.8;1.46;0.49;0.18;0.24
-5;0;100;100;50;16.96;3.92;11.45;1.4;1.44;0.177;56.1;8.07;4.14;2.39;0.4;1.35;5.57;163;128.6;20.5;2.7;11.1;0.29;0.91;0.1;0.14;3.41;3.38;0.201;43.9;16.77;8.91;4.56;0.82;2.58;5.88;127.2;96.8;13.5;5.2;11.8;2.06;0.76;0.22;0.33
-5;0;100;100;100;16.74;4.48;12.8;1.62;1.61;0.194;54.6;8.23;4.36;2.3;0.41;1.33;6.21;163.6;129.7;18.8;2.7;12.4;0.3;1.05;0.11;0.14;4.24;4.19;0.209;45.4;20.07;10.66;5.61;0.94;3.15;6.59;135.7;96;20.2;6.3;13.2;2.46;1.07;0.27;0.39
-5;50;0;0;0;15.66;2.22;6.52;0.83;0.85;0.139;37.1;6.04;2.96;1.86;0.29;1.03;3.08;121.3;105.5;7.5;2.1;6.2;0.51;0.16;0.08;0.11;1.25;1.23;0.166;62.9;7.37;3.73;2.13;0.36;1.2;3.44;206;176.9;19.9;2.4;6.9;0.57;0.41;0.1;0.15
-5;50;0;0;50;15.78;2.53;7.14;0.89;0.91;0.144;37.9;6.24;3.08;1.86;0.33;1.09;3.44;123.8;108.1;6.7;2.2;6.9;0.52;0.18;0.08;0.12;1.44;1.45;0.166;62.1;8.66;4.42;2.52;0.39;1.44;3.71;202.9;172.2;20.4;2.9;7.4;0.54;0.6;0.13;0.18
-5;50;0;0;100;15.45;2.82;7.87;0.93;0.94;0.147;37.6;6.26;3.19;1.79;0.33;1.14;3.72;126.3;111.2;5.3;2.3;7.4;0.53;0.2;0.09;0.11;1.86;1.89;0.18;62.4;10.47;5.37;2.97;0.53;1.68;4.15;209.5;166.4;31.4;3.4;8.3;0.55;0.98;0.15;0.21
-5;50;0;50;0;17.38;2.78;7.82;0.93;0.91;0.138;42.7;6.53;3.23;1.95;0.34;1.18;3.73;124.1;103.4;10.8;2.4;7.5;0.5;0.22;0.09;0.11;1.76;1.74;0.177;57.3;9.82;5.11;2.84;0.45;1.6;4.09;166.3;135.6;19.3;3.2;8.2;1;0.4;0.14;0.19
-5;50;0;50;50;17.47;3.26;9.26;0.99;0.97;0.144;43.1;6.67;3.32;1.94;0.36;1.15;4.48;126;105.2;9.5;2.3;9;0.51;0.26;0.08;0.12;2.36;2.34;0.18;56.9;13;6.68;3.74;0.66;2.11;4.77;166.7;133.1;19.9;4.2;9.5;1.31;0.58;0.19;0.26
-5;50;0;50;100;17.61;3.78;11;1.03;1.07;0.154;42;6.93;3.43;2.09;0.35;1.17;5.28;128.4;106.9;8.6;2.3;10.6;0.51;0.35;0.09;0.13;3.13;3.15;0.19;58;16.58;8.53;4.74;0.86;2.61;5.72;177.6;130.8;30.2;5.2;11.4;1.65;0.94;0.22;0.33
-5;50;0;100;0;19.06;3.09;9.03;1.02;1;0.138;50.3;7.18;3.58;2.11;0.36;1.2;4.31;126.1;101.3;13.8;2.4;8.6;0.49;0.29;0.09;0.13;2.23;2.17;0.182;49.7;11.9;6.15;3.32;0.57;1.89;4.72;124.6;92.4;19;3.8;9.4;1.39;0.38;0.17;0.24
-5;50;0;100;50;19.36;3.91;11.45;1.08;1.11;0.145;50;7.59;3.7;2.35;0.38;1.3;5.49;128.1;101.8;12.8;2.6;11;0.5;0.38;0.1;0.14;3.12;3.1;0.186;50;16.68;8.6;4.78;0.85;2.6;5.96;128.2;91.9;19.2;5.2;11.9;1.97;0.56;0.23;0.34
-5;50;0;100;100;19.35;4.55;13.06;1.27;1.23;0.157;48.1;7.79;3.97;2.25;0.43;1.34;6.15;129.9;103.2;11.7;2.7;12.3;0.5;0.49;0.11;0.14;3.9;3.92;0.193;51.9;20.32;10.63;5.82;0.92;3.21;6.91;140;90.6;29.2;6.4;13.8;2.32;0.91;0.28;0.4
-5;50;50;0;0;15.52;2.58;7.59;1.17;1.15;0.142;37.9;8.07;3.88;2.45;0.42;1.34;3.69;124.2;106.8;7.4;2.7;7.4;0.7;0.21;0.11;0.14;1.38;1.36;0.173;62.1;7.79;3.97;2.26;0.37;1.25;3.9;204;174.6;19.1;2.5;7.8;0.55;0.54;0.11;0.16
-5;50;50;0;50;15.55;2.93;8.43;1.18;1.23;0.148;38.7;8.24;4.03;2.54;0.41;1.41;4.03;126.7;109.5;6.4;2.8;8.1;0.71;0.26;0.11;0.16;1.73;1.71;0.181;61.3;9.42;4.89;2.69;0.45;1.52;4.4;201.1;169.7;19.6;3;8.8;0.55;0.84;0.14;0.18
-5;50;50;0;100;15.4;3.11;9.23;1.27;1.29;0.153;38.4;8.4;4.18;2.56;0.41;1.4;4.4;129.3;112.5;5.2;2.8;8.8;0.74;0.3;0.11;0.15;2.2;2.17;0.198;61.6;10.96;5.71;3.14;0.57;1.71;4.83;207.4;164.1;30.2;3.4;9.7;0.54;1.26;0.16;0.21
-5;50;50;50;0;17.31;3.14;9.24;1.24;1.27;0.142;43.2;8.89;4.34;2.72;0.44;1.5;4.51;126.3;103.7;10.6;3;9;0.68;0.31;0.11;0.17;1.87;1.87;0.182;56.8;10.26;5.29;2.97;0.51;1.64;4.74;166.4;135.3;18.4;3.3;9.5;1.01;0.52;0.15;0.19
-5;50;50;50;50;17.52;3.82;10.68;1.31;1.36;0.15;43.6;8.96;4.5;2.64;0.44;1.58;5.14;128.8;105.9;9.5;3.2;10.3;0.68;0.4;0.13;0.15;2.57;2.61;0.189;56.4;13.77;7.2;3.98;0.63;2.24;5.54;166.8;132.2;19.1;4.5;11.1;1.31;0.82;0.21;0.27
-5;50;50;50;100;17.32;4.26;12.22;1.54;1.55;0.161;43.5;9.55;4.82;2.77;0.5;1.6;5.89;135.5;107.7;12.8;3.2;11.8;0.73;0.52;0.12;0.17;3.43;3.38;0.2;56.5;16.88;8.89;4.76;0.72;2.66;6.33;175.9;129.7;28.2;5.3;12.7;1.62;1.2;0.23;0.32
-5;50;50;100;0;19.24;3.67;10.44;1.36;1.43;0.146;50.4;9.74;4.84;2.87;0.51;1.73;5.03;127.9;100.3;14.1;3.5;10.1;0.65;0.47;0.13;0.18;2.29;2.28;0.186;49.6;12.25;6.34;3.5;0.61;1.94;5.42;125.9;93.2;17.9;3.9;10.8;1.39;0.49;0.16;0.24
-5;50;50;100;50;19.28;4.5;12.91;1.63;1.6;0.157;51.4;10.15;5.19;2.95;0.48;1.73;6.18;136.6;101.4;19.4;3.5;12.4;0.66;0.61;0.13;0.19;3.37;3.37;0.193;48.6;17.44;9.1;4.94;0.86;2.77;6.73;129.2;92.3;17.9;5.5;13.5;2;0.77;0.24;0.35
-5;50;50;100;100;19.13;4.99;14.16;1.68;1.7;0.167;49.6;10.12;5.16;2.89;0.51;1.71;6.72;137.6;103.3;17.5;3.4;13.4;0.66;0.73;0.14;0.18;4.25;4.17;0.201;50.4;20.74;10.96;5.71;1.01;3.28;7.44;139.6;90.5;27.6;6.6;14.9;2.33;1.15;0.28;0.4
-5;50;100;0;0;15.49;3.14;8.98;1.59;1.57;0.147;39;10.6;5.29;3.13;0.56;1.83;4.22;130.5;107;11.4;3.7;8.4;0.9;0.33;0.15;0.19;1.53;1.56;0.188;61;8.29;4.33;2.31;0.41;1.31;4.76;204.4;174.2;18.1;2.6;9.5;0.53;0.74;0.13;0.17
-5;50;100;0;50;15.31;3.4;9.65;1.59;1.64;0.153;38.9;10.63;5.3;3.18;0.54;1.82;4.65;132.9;110.6;9.3;3.6;9.3;0.93;0.39;0.13;0.19;2.08;2.04;0.204;61.1;9.98;5.35;2.72;0.46;1.59;5;208.7;167.6;28;3.2;10;0.54;1.15;0.14;0.2
-5;50;100;0;100;15.37;3.57;10.16;1.62;1.68;0.158;39.8;10.55;5.27;3.21;0.53;1.82;4.87;135.2;114;7.8;3.6;9.7;0.94;0.42;0.13;0.19;2.59;2.54;0.223;60.2;11.39;6.16;3.09;0.52;1.75;5.3;204.2;161.4;28.7;3.5;10.6;0.51;1.65;0.16;0.21
-5;50;100;50;0;17.22;3.75;10.49;1.72;1.74;0.151;44.3;11.47;5.74;3.36;0.61;1.98;4.92;133.1;103.3;16;4;9.8;0.87;0.5;0.15;0.21;2.15;2.09;0.192;55.7;10.84;5.71;3.08;0.51;1.77;5.58;167.8;135.7;17.4;3.5;11.2;1.02;0.7;0.16;0.22
-5;50;100;50;50;17.31;4.13;11.99;1.78;1.81;0.158;43.8;11.43;5.69;3.43;0.59;1.9;5.81;136.1;106.8;13.9;3.8;11.6;0.88;0.59;0.14;0.21;3.01;2.92;0.204;56.2;14.3;7.63;3.88;0.67;2.23;6.18;175;131;27.2;4.5;12.4;1.31;1.13;0.2;0.27
-5;50;100;50;100;17.25;4.63;13.3;1.92;1.93;0.165;44.2;11.64;5.95;3.42;0.57;2;6.43;138.1;108.9;12.3;4;12.9;0.92;0.66;0.15;0.21;3.89;3.74;0.215;55.8;17.33;9.34;4.72;0.8;2.62;6.87;174.4;128;27.5;5.2;13.7;1.61;1.56;0.24;0.32
-5;50;100;100;0;19.15;4.2;11.94;1.84;1.9;0.153;51.9;12.38;6.21;3.63;0.66;2.15;5.7;137.1;100.2;21.3;4.3;11.4;0.83;0.68;0.16;0.23;2.63;2.51;0.195;48.1;12.89;6.77;3.65;0.63;2.05;6.25;126.9;93.4;16.9;4.1;12.5;1.4;0.68;0.18;0.25
-5;50;100;100;50;19.18;4.98;14.11;2.08;2.1;0.163;50.1;12.81;6.51;3.74;0.64;2.16;6.87;138.7;101.1;19.6;4.3;13.7;0.85;0.85;0.16;0.24;3.71;3.62;0.204;49.9;17.71;9.56;4.76;0.85;2.82;7.24;138;92.5;25.4;5.6;14.5;1.99;1.03;0.26;0.33
-5;50;100;100;100;19.13;5.5;15.47;2.25;2.24;0.173;50.2;12.87;6.59;3.82;0.58;2.16;7.53;140.4;103.6;17.4;4.3;15.1;0.86;0.98;0.17;0.23;4.59;4.52;0.213;49.8;21.18;11.41;5.88;0.96;3.34;7.95;139.1;90.2;26.3;6.7;15.9;2.31;1.49;0.3;0.41
-5;100;0;0;0;17.66;2.55;7.58;1.02;1.05;0.14;30.2;7.43;3.62;2.28;0.41;1.27;3.68;89.1;71.9;7.3;2.5;7.4;0.67;0.15;0.09;0.14;1.4;1.32;0.164;69.8;8.03;4.12;2.34;0.4;1.29;3.9;206.6;172.7;23.6;2.6;7.8;0.56;0.48;0.12;0.16
-5;100;0;0;50;17.83;2.93;8.53;1.12;1.11;0.144;30.9;7.65;3.81;2.3;0.41;1.3;4.08;91.1;73.8;6.5;2.6;8.2;0.68;0.18;0.1;0.14;1.64;1.69;0.169;69.1;9.94;5.02;2.97;0.52;1.63;4.45;203.5;167.3;24.1;3.3;8.9;0.54;0.8;0.14;0.2
-5;100;0;0;100;17.89;3.23;9.3;1.12;1.12;0.146;30.7;7.6;3.79;2.35;0.37;1.26;4.4;93.2;76.7;5.2;2.5;8.8;0.7;0.19;0.1;0.14;2.17;2.14;0.179;69.3;11.94;6.16;3.38;0.57;1.96;4.9;210.8;159.5;37.6;3.9;9.8;0.52;1.2;0.18;0.24
-5;100;0;50;0;19.34;3.16;8.86;1.17;1.14;0.14;35.4;8.1;4.01;2.48;0.42;1.42;4.25;92.1;70.3;10.4;2.8;8.5;0.66;0.22;0.11;0.15;1.85;1.82;0.174;64.6;10.47;5.42;2.97;0.51;1.73;4.61;168.4;132.9;22.8;3.5;9.2;0.99;0.47;0.15;0.22
-5;100;0;50;50;19.61;3.66;10.51;1.1;1.17;0.144;35.8;8.02;4;2.36;0.42;1.43;5;94.1;71.9;9.3;2.9;10;0.66;0.26;0.11;0.14;2.6;2.54;0.18;64.2;14.09;7.23;4.04;0.71;2.23;5.51;168.6;129.5;23.7;4.5;11;1.28;0.78;0.2;0.28
-5;100;0;50;100;19.81;4.24;12.26;1.26;1.29;0.152;35;8.39;4.21;2.46;0.43;1.44;5.92;96.8;73.7;8.3;2.9;11.8;0.66;0.35;0.11;0.15;3.45;3.35;0.188;65;17.84;9.34;5.04;0.85;2.8;6.34;180;125.7;36.1;5.6;12.7;1.57;1.17;0.25;0.36
-5;100;0;100;0;20.95;3.48;9.99;1.2;1.19;0.139;42.8;8.44;4.17;2.55;0.42;1.44;4.79;95.1;68.9;13.8;2.9;9.6;0.64;0.28;0.11;0.16;2.23;2.25;0.18;57.2;12.51;6.54;3.51;0.6;2.04;5.2;127.3;90.5;22.4;4.1;10.4;1.35;0.46;0.19;0.25
-5;100;0;100;50;21.34;4.38;12.31;1.28;1.28;0.145;42.6;8.8;4.39;2.63;0.43;1.54;5.87;96.9;69.6;12.5;3.1;11.7;0.64;0.37;0.11;0.16;3.39;3.26;0.186;57.4;17.52;9.22;4.98;0.79;2.85;6.43;130.8;89.5;22.7;5.7;12.9;1.93;0.74;0.26;0.34
-5;100;0;100;100;21.41;4.91;14.23;1.38;1.42;0.154;40.9;9.16;4.57;2.71;0.47;1.55;6.8;99.4;71.5;11.2;3.1;13.6;0.67;0.48;0.11;0.16;4.26;4.09;0.191;59.1;21.44;11.35;6.03;1.02;3.36;7.43;143.4;86.9;34.9;6.7;14.9;2.24;1.13;0.31;0.42
-5;100;50;0;0;18.09;3.34;9.42;1.56;1.52;0.143;31.3;10.59;5.34;3.14;0.54;1.89;4.56;93.3;73.2;7.3;3.8;9.1;0.98;0.2;0.14;0.2;1.49;1.51;0.171;68.7;8.83;4.47;2.63;0.41;1.45;4.86;204.9;169.2;23.1;2.9;9.7;0.53;0.68;0.12;0.18
-5;100;50;0;50;17.92;3.56;10.43;1.57;1.62;0.147;30.9;10.96;5.39;3.27;0.59;1.83;5.01;95.1;75.5;6;3.7;10;1.02;0.25;0.14;0.21;2;2.02;0.185;69.1;10.87;5.68;3.04;0.55;1.72;5.41;212.7;162.8;35.6;3.4;10.8;0.53;1.12;0.16;0.21
-5;100;50;0;100;18.21;3.93;11.34;1.63;1.68;0.15;32.1;11.15;5.52;3.31;0.57;1.94;5.37;98;78.4;4.9;3.9;10.7;1.06;0.27;0.15;0.2;2.7;2.56;0.197;67.9;12.96;6.9;3.64;0.61;1.99;5.96;207.6;154.6;37.1;4;11.9;0.51;1.61;0.19;0.25
-5;100;50;50;0;19.6;3.66;10.88;1.54;1.62;0.142;36.1;11.36;5.54;3.47;0.58;1.91;5.12;95.3;70.9;10.4;3.8;10.2;0.97;0.31;0.14;0.2;1.95;1.98;0.179;63.9;11.02;5.52;3.29;0.53;1.75;5.76;168.7;131.5;22.1;3.5;11.5;0.97;0.63;0.15;0.22
-5;100;50;50;50;19.73;4.34;12.62;1.72;1.75;0.148;35.3;11.69;5.83;3.5;0.59;1.96;6;98;72.8;9.2;3.9;12;0.99;0.4;0.15;0.21;2.94;2.85;0.191;64.7;14.91;7.88;4.16;0.72;2.38;6.62;179.6;127.5;34.1;4.8;13.2;1.27;1.08;0.21;0.29
-5;100;50;50;100;19.93;4.83;14.19;1.94;1.9;0.156;37;12.05;6.1;3.54;0.57;2.02;6.79;104.7;75;12.1;4;13.6;1.03;0.49;0.16;0.22;3.8;3.67;0.199;63;18.41;9.71;5.15;0.81;2.81;7.41;178.7;123.1;35.3;5.6;14.8;1.54;1.52;0.24;0.36
-5;100;50;100;0;21.15;4.11;12.08;1.72;1.76;0.145;43.5;12.05;5.91;3.67;0.63;2.04;5.75;98.6;69.4;13.5;4.1;11.5;0.93;0.44;0.16;0.22;2.42;2.43;0.183;56.5;13.24;6.78;3.8;0.66;2.07;6.32;128.1;89.7;21.7;4.1;12.6;1.32;0.65;0.2;0.26
-5;100;50;100;50;21.55;5.04;14.4;1.88;1.9;0.153;43;12.37;6.21;3.65;0.61;2.1;6.91;107;70.8;18.2;4.2;13.8;0.96;0.56;0.17;0.22;3.73;3.59;0.194;57;18.52;9.77;5.19;0.88;2.94;7.49;142;87.8;33.3;5.9;15;1.91;1.06;0.27;0.36
-5;100;50;100;100;21.76;5.57;16.14;1.96;2.06;0.161;43.1;12.67;6.32;3.77;0.69;2.14;7.78;108.7;72.2;16.7;4.3;15.6;0.96;0.7;0.16;0.23;4.45;4.39;0.2;56.9;21.92;11.63;6.07;1.06;3.43;8.37;143.5;85.9;34;6.9;16.7;2.21;1.47;0.3;0.41
-5;100;100;0;0;18.06;3.89;11.09;1.86;1.97;0.146;33.2;13.42;6.58;4.04;0.71;2.33;5.42;100.5;74.3;10.6;4.7;10.8;1.23;0.3;0.18;0.25;1.89;1.81;0.186;66.8;9.7;5.06;2.72;0.47;1.56;5.67;202.5;165.9;22.2;3.1;11.3;0.52;0.96;0.14;0.19
-5;100;100;0;50;17.92;4.2;11.83;2.01;2.05;0.151;32.7;13.55;6.79;3.97;0.67;2.35;5.65;101.6;76.8;8.8;4.7;11.3;1.27;0.35;0.18;0.25;2.46;2.39;0.204;67.3;11.71;6.24;3.29;0.52;1.84;6.17;209.3;159.1;34.2;3.7;12.3;0.52;1.47;0.17;0.23
-5;100;100;0;100;18.24;4.36;12.66;2.1;2.1;0.154;33.7;13.61;6.84;4.05;0.69;2.34;6.06;103.8;79.5;7.5;4.7;12.1;1.3;0.39;0.17;0.24;3.05;3.03;0.224;66.3;13.5;7.29;3.68;0.64;2.02;6.6;204.3;151.5;35.6;4;13.2;0.5;2.09;0.19;0.25
-5;100;100;50;0;19.65;4.29;12.29;2.06;2.09;0.149;38.4;13.96;6.96;4.18;0.72;2.41;5.97;104.2;72.1;15.3;4.8;11.9;1.17;0.47;0.19;0.26;2.3;2.27;0.19;61.6;11.94;6.17;3.4;0.59;1.88;6.33;167.1;129;21.7;3.8;12.7;0.93;0.94;0.17;0.23
-5;100;100;50;50;19.6;4.81;13.87;2.17;2.21;0.155;37.3;14.23;7.13;4.14;0.74;2.4;6.71;105.4;73.6;13.5;4.8;13.4;1.21;0.56;0.18;0.26;3.13;3.11;0.204;62.7;15.27;8.06;4.32;0.71;2.41;7.17;177.6;125.8;32.6;4.8;14.3;1.23;1.38;0.21;0.29
-5;100;100;50;100;19.51;5.38;15.38;2.35;2.34;0.16;37.7;14.56;7.36;4.27;0.76;2.45;7.36;107;75.6;11.8;4.9;14.7;1.26;0.63;0.18;0.27;4.27;4.11;0.217;62.3;18.93;10.35;5.11;0.88;2.94;8.02;176.8;121.8;33.1;5.9;16;1.55;1.94;0.26;0.36
-5;100;100;100;0;21.45;4.86;13.65;2.17;2.25;0.151;45.4;14.88;7.32;4.41;0.79;2.58;6.49;108.1;69.2;20.7;5.2;13;1.12;0.67;0.2;0.26;2.7;2.69;0.193;54.6;13.95;7.38;3.92;0.64;2.28;7.16;129.8;90;20.9;4.6;14.3;1.33;0.89;0.21;0.27
-5;100;100;100;50;21.63;5.65;15.94;2.42;2.45;0.159;43.7;15.34;7.72;4.54;0.81;2.69;7.58;110.1;70.8;18.8;5.4;15.2;1.16;0.81;0.21;0.27;4.01;3.87;0.204;56.3;18.99;10.17;5.29;0.86;2.96;8.35;142.2;87.8;31.7;5.9;16.7;1.88;1.35;0.26;0.38
-5;100;100;100;100;21.41;6.08;17.53;2.55;2.61;0.166;43.8;15.61;7.97;4.48;0.78;2.64;8.46;111.1;72.4;16.5;5.3;16.9;1.21;0.92;0.19;0.28;4.94;4.79;0.215;56.2;22.3;12.04;6.11;1.08;3.44;9.07;142.6;85.6;32;6.9;18.1;2.19;1.88;0.31;0.42
-4;0;0;0;0;13.71;1.8;5.25;0.63;0.65;0.141;44.1;4.51;2.25;1.35;0.23;0.78;2.5;157.5;142.2;8.7;1.6;5;0.33;0.18;0.06;0.09;1.08;1.05;0.165;55.9;6.32;3.22;1.85;0.29;1.02;2.75;200.1;176.9;15.6;2;5.5;0.52;0.31;0.09;0.13
-4;0;0;0;50;13.5;1.98;5.68;0.66;0.67;0.146;44.5;4.39;2.18;1.3;0.23;0.77;2.7;158.9;144.5;7.5;1.5;5.4;0.32;0.21;0.06;0.08;1.2;1.24;0.167;55.5;7.39;3.72;2.19;0.33;1.21;2.97;198.4;174;16;2.4;5.9;0.52;0.46;0.11;0.15
-4;0;0;0;100;13.14;2.2;6.19;0.67;0.7;0.153;44.4;4.39;2.26;1.3;0.2;0.76;3.04;162.1;148.2;6.3;1.5;6.1;0.32;0.23;0.06;0.08;1.54;1.52;0.174;55.6;8.68;4.45;2.5;0.41;1.44;3.15;202.7;169.2;24.3;2.9;6.3;0.53;0.69;0.13;0.17
-4;0;0;50;0;15.38;2.32;6.58;0.68;0.71;0.14;49.9;4.93;2.39;1.49;0.26;0.86;3.17;159.3;139.6;11.6;1.7;6.3;0.32;0.24;0.06;0.09;1.56;1.56;0.175;50.1;8.89;4.57;2.57;0.45;1.46;3.4;160.1;135.2;15.2;2.9;6.8;0.94;0.31;0.14;0.17
-4;0;0;50;50;15.28;2.75;7.9;0.76;0.77;0.149;49.7;5.06;2.53;1.5;0.25;0.85;3.81;160.1;140.1;10.7;1.7;7.6;0.31;0.3;0.07;0.1;2.11;2.1;0.179;50.3;11.74;6.13;3.37;0.57;1.9;4.09;162;134.7;15.4;3.8;8.2;1.26;0.43;0.18;0.23
-4;0;0;50;100;15.34;3.28;9.44;0.91;0.87;0.161;48.6;5.26;2.72;1.49;0.26;0.9;4.48;161.8;141.5;9.6;1.8;9;0.32;0.39;0.07;0.09;2.78;2.74;0.184;51.4;14.93;7.71;4.33;0.72;2.38;4.96;171.4;133.4;23.3;4.8;9.9;1.6;0.65;0.2;0.29
-4;0;0;100;0;17.43;2.76;7.81;0.81;0.81;0.141;57.7;5.62;2.79;1.67;0.28;1.01;3.8;161.6;136.9;15.1;2;7.6;0.32;0.3;0.08;0.11;1.93;1.97;0.179;42.3;10.98;5.63;3.08;0.54;1.75;4.01;118.3;91.8;15;3.5;8;1.3;0.3;0.16;0.21
-4;0;0;100;50;17.66;3.51;10.2;0.88;0.91;0.149;56.9;6.04;3.02;1.84;0.3;1.06;4.95;162.3;136;14.3;2.1;9.9;0.3;0.43;0.07;0.11;2.82;2.8;0.183;43.1;15.3;7.91;4.43;0.78;2.45;5.25;122.7;92.4;14.9;4.9;10.5;1.86;0.42;0.22;0.3
-4;0;0;100;100;17.54;4.08;11.84;1.07;1.06;0.165;55.1;6.39;3.21;1.9;0.33;1.02;5.66;163.1;136.7;13.1;2;11.3;0.31;0.56;0.08;0.11;3.49;3.52;0.187;44.9;18.87;9.89;5.43;0.86;3.06;6.17;133.1;92;22.6;6.1;12.3;2.24;0.64;0.28;0.37
-4;0;50;0;0;13.05;1.93;5.55;0.77;0.74;0.145;44.2;4.95;2.49;1.5;0.28;0.86;2.68;157.8;142.2;8.5;1.7;5.4;0.33;0.24;0.07;0.1;1.2;1.15;0.172;55.8;6.6;3.45;1.85;0.33;1.06;2.86;199.3;176.9;14.5;2.1;5.7;0.51;0.41;0.09;0.14
-4;0;50;0;50;12.83;2.04;5.88;0.8;0.81;0.157;44.7;5.08;2.58;1.46;0.25;0.87;2.9;159.4;144.4;7.5;1.7;5.8;0.34;0.31;0.07;0.09;1.41;1.35;0.18;55.3;7.46;3.86;2.16;0.35;1.17;2.97;197.1;174.1;14.7;2.3;5.9;0.52;0.59;0.1;0.14
-4;0;50;0;100;12.7;2.21;6.58;0.87;0.87;0.167;44.5;5.11;2.61;1.46;0.27;0.84;3.22;162;147.3;6.6;1.7;6.4;0.34;0.37;0.06;0.1;1.73;1.73;0.195;55.5;8.88;4.64;2.48;0.44;1.36;3.36;202.3;170.4;22.4;2.7;6.7;0.53;0.91;0.12;0.17
-4;0;50;50;0;14.94;2.4;7.22;0.87;0.89;0.144;49.7;6.06;2.97;1.83;0.3;1.02;3.52;158.9;137.9;11.9;2;7;0.34;0.36;0.07;0.11;1.64;1.64;0.18;50.3;9.09;4.57;2.7;0.44;1.38;3.7;160.9;136.9;13.8;2.8;7.4;0.97;0.38;0.12;0.18
-4;0;50;50;50;14.88;2.84;8.33;0.93;0.97;0.159;49.7;5.99;2.97;1.83;0.3;0.97;4.06;160.1;139.2;10.9;1.9;8.1;0.32;0.45;0.08;0.11;2.33;2.24;0.187;50.3;11.97;6.27;3.38;0.57;1.88;4.27;161.9;135.5;14.1;3.8;8.5;1.26;0.57;0.17;0.23
-4;0;50;50;100;14.88;3.52;10;1.11;1.14;0.178;49.6;6.3;3.24;1.83;0.3;1.06;4.87;167.3;141;14.5;2.1;9.7;0.34;0.6;0.09;0.11;3.04;2.99;0.195;50.4;15.31;8.14;4.25;0.74;2.45;5.12;170.3;133.9;21.3;4.9;10.2;1.62;0.87;0.21;0.29
-4;0;50;100;0;16.98;3;8.43;1.03;1.04;0.151;57.2;6.84;3.43;2.03;0.32;1.19;4.09;159.8;134;15.3;2.4;8.2;0.3;0.52;0.1;0.12;2.12;2.07;0.183;42.8;11.27;5.79;3.17;0.58;1.81;4.34;119.7;93.7;13.7;3.6;8.7;1.32;0.37;0.15;0.22
-4;0;50;100;50;16.96;3.7;10.74;1.19;1.21;0.167;57.4;7.21;3.64;2.11;0.38;1.22;5.07;167.3;133.1;21.7;2.4;10.1;0.31;0.67;0.1;0.13;2.97;2.98;0.189;42.6;15.76;8.25;4.49;0.74;2.48;5.67;123.9;94.3;13.3;5;11.3;1.91;0.54;0.21;0.31
-4;0;50;100;100;17.14;4.13;12.24;1.3;1.36;0.184;56.2;7.33;3.76;2.1;0.4;1.16;5.99;169.3;135.2;19.8;2.3;12;0.31;0.83;0.09;0.13;3.7;3.73;0.195;43.8;19.08;10.01;5.38;0.92;2.97;6.25;132.1;92.9;20.7;5.9;12.5;2.25;0.85;0.28;0.36
-4;0;100;0;0;12.68;2.09;6;0.91;0.89;0.154;44.7;5.7;2.83;1.73;0.28;0.93;2.9;161.7;141.1;12.9;1.9;5.8;0.34;0.37;0.07;0.11;1.24;1.27;0.182;55.3;6.98;3.66;1.97;0.35;1.15;3.09;200;178.3;13.2;2.3;6.2;0.54;0.49;0.1;0.15
-4;0;100;0;50;12.38;2.21;6.3;0.98;1;0.17;45.2;5.76;2.97;1.72;0.26;1;3.09;163;143.6;11.2;2;6.2;0.35;0.46;0.07;0.11;1.53;1.52;0.195;54.8;7.77;4.06;2.15;0.39;1.22;3.21;197.5;175.2;13.5;2.4;6.4;0.52;0.74;0.11;0.15
-4;0;100;0;100;12.23;2.35;6.79;0.95;1.02;0.181;45.1;5.55;2.84;1.63;0.26;0.92;3.24;165.1;147.3;9.5;1.8;6.5;0.36;0.5;0.07;0.1;1.93;1.93;0.211;54.9;9.11;4.9;2.51;0.43;1.44;3.54;201.4;170.4;21.1;2.9;7.1;0.53;1.11;0.12;0.17
-4;0;100;50;0;14.64;2.69;7.53;1.11;1.09;0.16;50.3;6.75;3.45;1.96;0.32;1.15;3.65;163.7;136.4;17.7;2.3;7.3;0.33;0.55;0.09;0.12;1.78;1.75;0.186;49.7;9.4;4.87;2.69;0.44;1.53;3.88;162;138.4;12.8;3.1;7.8;0.96;0.47;0.14;0.17
-4;0;100;50;50;14.46;3.07;8.95;1.17;1.21;0.175;50.3;6.85;3.51;1.99;0.36;1.11;4.33;164.8;138;16;2.2;8.7;0.34;0.67;0.08;0.13;2.48;2.44;0.195;49.7;12.5;6.64;3.44;0.58;1.96;4.62;163;136.8;13;3.9;9.2;1.3;0.73;0.18;0.24
-4;0;100;50;100;14.36;3.45;10.12;1.43;1.37;0.196;49.3;6.93;3.65;1.96;0.34;1.09;4.92;165.7;139.3;14.4;2.2;9.8;0.34;0.82;0.08;0.12;3.16;3.16;0.204;50.7;15.44;8.07;4.36;0.71;2.36;5.21;170.3;135.5;19.6;4.7;10.4;1.62;1.03;0.21;0.3
-4;0;100;100;0;16.84;3.26;9.41;1.26;1.33;0.162;57.9;8.17;4.12;2.42;0.43;1.4;4.53;166.7;131.4;23.4;2.8;9.1;0.32;0.76;0.1;0.15;2.28;2.22;0.188;42.1;11.77;6.21;3.31;0.57;1.86;4.89;121.4;95.4;12.5;3.7;9.8;1.35;0.46;0.18;0.23
-4;0;100;100;50;16.78;3.98;11.33;1.47;1.51;0.18;57.1;8.33;4.29;2.35;0.45;1.38;5.44;166.5;131.2;21.6;2.8;10.9;0.32;0.94;0.1;0.15;3.17;3.17;0.195;42.9;16.18;8.57;4.47;0.8;2.6;5.88;124.8;95.5;12.3;5.2;11.8;1.94;0.67;0.23;0.32
-4;0;100;100;100;16.68;4.29;12.66;1.72;1.7;0.205;55.7;8.26;4.41;2.27;0.39;1.33;6.07;167.1;132.2;20.1;2.7;12.1;0.3;1.16;0.1;0.14;4.06;3.94;0.202;44.3;19.49;10.37;5.4;0.95;2.96;6.59;132.7;94.8;18.8;5.9;13.2;2.32;0.99;0.25;0.38
-4;50;0;0;0;15.71;2.23;6.5;0.92;0.93;0.145;38.4;6.37;3.12;1.91;0.32;1.08;3.12;125.7;108.8;8.5;2.2;6.2;0.56;0.18;0.08;0.11;1.18;1.16;0.162;61.6;7.07;3.6;2.04;0.35;1.15;3.38;201.4;173.4;18.9;2.3;6.8;0.52;0.39;0.11;0.14
-4;50;0;0;50;15.34;2.47;7.03;1;0.98;0.15;39.2;6.48;3.26;1.93;0.34;1.11;3.43;127.6;111.2;7.3;2.2;6.9;0.58;0.2;0.09;0.11;1.37;1.35;0.164;60.8;8.18;4.15;2.39;0.44;1.35;3.59;198.2;169.2;19.1;2.7;7.2;0.51;0.55;0.12;0.16
-4;50;0;0;100;15.4;2.74;7.83;0.98;1.02;0.154;39;6.5;3.27;1.87;0.33;1.12;3.75;130.6;114.8;6;2.2;7.5;0.58;0.23;0.09;0.12;1.84;1.8;0.177;61;10.1;5.2;2.89;0.51;1.61;4.07;204.5;163;30.1;3.2;8.1;0.51;0.95;0.14;0.2
-4;50;0;50;0;17.47;2.87;7.89;0.99;1.04;0.145;44.2;7.08;3.55;2.08;0.4;1.28;3.76;128.5;106.7;11.7;2.6;7.5;0.57;0.24;0.1;0.13;1.68;1.62;0.172;55.8;9.41;4.89;2.71;0.43;1.59;4.13;162.6;132.7;18.5;3.2;8.3;0.92;0.38;0.14;0.19
-4;50;0;50;50;17.45;3.29;9.4;1.09;1.07;0.15;44.4;7.06;3.61;2.08;0.34;1.19;4.57;130.3;108.5;10.3;2.4;9.1;0.56;0.29;0.09;0.13;2.33;2.26;0.175;55.6;12.87;6.62;3.73;0.64;2.1;4.84;163.2;130.3;19;4.2;9.7;1.24;0.56;0.19;0.26
-4;50;0;50;100;17.45;3.91;11.03;1.16;1.19;0.16;43.2;7.41;3.7;2.23;0.36;1.28;5.3;132.3;109.8;9.4;2.6;10.6;0.57;0.39;0.09;0.14;3.01;2.98;0.185;56.8;16.08;8.4;4.56;0.76;2.63;5.73;174.1;128.7;28.6;5.3;11.5;1.55;0.89;0.23;0.3
-4;50;0;100;0;19.07;3.15;9.09;1.02;1.07;0.143;51.9;7.38;3.58;2.31;0.36;1.26;4.41;130.9;104.9;14.6;2.5;8.8;0.54;0.3;0.09;0.13;2.11;2.05;0.176;48.1;11.62;5.96;3.33;0.57;1.89;4.68;121.2;89.9;18.1;3.8;9.4;1.28;0.38;0.17;0.22
-4;50;0;100;50;19.25;4.13;11.22;1.17;1.21;0.151;51.4;7.94;4.01;2.27;0.43;1.41;5.5;132.2;104.6;13.7;2.8;11;0.55;0.4;0.11;0.15;2.9;2.95;0.181;48.6;16.26;8.39;4.64;0.77;2.72;5.72;125.1;90.2;18;5.4;11.4;1.86;0.52;0.26;0.31
-4;50;0;100;100;19.45;4.6;13.06;1.28;1.34;0.162;49.5;8.21;4.1;2.41;0.46;1.39;6.28;134.1;106.3;12.5;2.8;12.6;0.55;0.53;0.11;0.14;3.75;3.7;0.187;50.5;19.7;10.37;5.55;1.01;3.21;6.78;136.7;88.8;27.9;6.4;13.6;2.16;0.86;0.29;0.38
-4;50;50;0;0;15.56;2.7;7.65;1.33;1.3;0.149;39.2;8.66;4.36;2.58;0.46;1.52;3.76;128.7;109.6;8.5;3;7.5;0.78;0.24;0.13;0.16;1.32;1.26;0.17;60.8;7.34;3.79;2.11;0.36;1.18;3.88;200;171.9;18;2.4;7.8;0.51;0.5;0.11;0.14
-4;50;50;0;50;15.28;2.98;8.39;1.36;1.36;0.155;39.9;8.73;4.42;2.56;0.43;1.48;4.06;130.6;112.5;7;3;8.1;0.79;0.29;0.12;0.16;1.57;1.6;0.179;60.1;8.91;4.56;2.6;0.44;1.49;4.33;197.1;167;18.4;3;8.7;0.5;0.79;0.14;0.16
-4;50;50;0;100;15.33;3.12;9.11;1.38;1.41;0.161;39.7;8.7;4.32;2.59;0.45;1.44;4.36;133.5;115.8;6;2.9;8.7;0.8;0.34;0.11;0.15;2.03;2.08;0.195;60.3;10.64;5.52;3.02;0.54;1.68;4.74;202.9;161.2;28.8;3.4;9.5;0.51;1.22;0.15;0.2
-4;50;50;50;0;17.21;3.12;9.14;1.34;1.38;0.148;44.3;9.27;4.59;2.78;0.47;1.57;4.36;129.7;106.4;11.4;3.1;8.7;0.74;0.35;0.12;0.17;1.82;1.76;0.178;55.7;9.87;5.09;2.86;0.47;1.55;4.78;163.1;133.1;17.4;3.1;9.6;0.95;0.48;0.13;0.2
-4;50;50;50;50;17.36;3.78;10.62;1.43;1.47;0.156;44.8;9.37;4.64;2.72;0.5;1.6;5.07;132.4;108.9;10.2;3.2;10.1;0.75;0.43;0.12;0.17;2.45;2.44;0.184;55.2;13.21;6.92;3.68;0.66;2.18;5.55;163.5;129.8;18.2;4.4;11.1;1.21;0.78;0.18;0.26
-4;50;50;50;100;17.47;4.2;12.04;1.58;1.64;0.168;44.7;9.7;4.93;2.8;0.5;1.64;5.87;139.7;110.6;14.1;3.3;11.7;0.78;0.56;0.13;0.17;3.27;3.2;0.195;55.3;16.37;8.69;4.5;0.76;2.57;6.17;172.6;127.6;27.4;5.1;12.3;1.52;1.14;0.23;0.3
-4;50;50;100;0;19.39;3.66;10.6;1.54;1.54;0.151;52;10.18;5.15;2.99;0.51;1.73;5.23;133;103.9;15.1;3.5;10.5;0.73;0.5;0.13;0.19;2.13;2.14;0.181;48;11.81;6.1;3.46;0.58;1.93;5.37;122.5;90.8;17.1;3.9;10.7;1.26;0.48;0.18;0.22
-4;50;50;100;50;19.52;4.56;12.9;1.75;1.73;0.162;52.8;10.61;5.44;3.06;0.52;1.76;6.24;141.7;104.4;21.3;3.5;12.5;0.73;0.67;0.13;0.19;3.25;3.18;0.188;47.2;16.96;8.92;4.8;0.86;2.8;6.66;126.6;90.4;17.3;5.6;13.3;1.84;0.74;0.26;0.34
-4;50;50;100;100;19.3;5.08;14.53;1.85;1.88;0.173;51;10.82;5.48;3.21;0.54;1.78;6.96;142.4;106.4;18.5;3.6;13.9;0.76;0.78;0.14;0.2;3.99;3.99;0.196;49;20.41;10.82;5.71;0.97;3.3;7.57;136.8;88.6;26.4;6.6;15.1;2.17;1.12;0.29;0.41
-4;50;100;0;0;15.42;3.06;9.11;1.6;1.68;0.153;40.4;10.9;5.35;3.33;0.58;1.79;4.37;135;110.4;12.3;3.6;8.7;0.99;0.34;0.14;0.21;1.49;1.48;0.184;59.6;8.01;4.16;2.25;0.39;1.28;4.74;199.7;170.6;17.1;2.6;9.5;0.51;0.71;0.11;0.16
-4;50;100;0;50;15.37;3.36;9.64;1.79;1.78;0.161;40.1;11.01;5.63;3.18;0.54;1.88;4.69;137.2;113.5;10.6;3.8;9.4;1.02;0.42;0.14;0.2;1.85;1.88;0.201;59.9;9.36;4.93;2.65;0.48;1.49;4.95;204.7;165.2;26.6;3;9.9;0.49;1.09;0.13;0.17
-4;50;100;0;100;15.14;3.57;10.19;1.86;1.87;0.167;40.8;11.15;5.69;3.2;0.55;1.9;4.92;139;116.3;9.1;3.8;9.8;1.04;0.49;0.14;0.2;2.43;2.41;0.22;59.2;10.98;5.92;3.02;0.49;1.68;5.28;201.5;160.4;27.2;3.4;10.6;0.52;1.54;0.15;0.2
-4;50;100;50;0;17.2;3.68;10.61;1.79;1.89;0.157;45.6;11.96;5.98;3.52;0.62;2.04;5.1;137.6;106;17.4;4.1;10.2;0.96;0.54;0.16;0.23;1.88;1.91;0.187;54.4;10.18;5.2;3.01;0.5;1.64;5.51;164.2;133.6;16.3;3.3;11;0.93;0.65;0.14;0.19
-4;50;100;50;50;17.33;4.01;12.02;2.04;2.03;0.166;44.8;12.2;6.09;3.6;0.63;1.93;5.83;139.7;108.1;16.1;3.9;11.7;0.97;0.67;0.15;0.23;2.69;2.7;0.199;55.2;13.55;7.12;3.83;0.64;2.08;6.19;172.6;130.8;25.2;4.2;12.4;1.22;1.03;0.19;0.26
-4;50;100;50;100;17.27;4.66;13.38;2.11;2.16;0.176;45;12.18;6.19;3.52;0.62;2.01;6.46;141.2;110.6;13.7;4;12.9;0.99;0.78;0.16;0.22;3.61;3.55;0.21;55;16.86;9.03;4.67;0.77;2.65;6.92;172.7;127.6;25.9;5.3;13.8;1.54;1.47;0.24;0.31
-4;50;100;100;0;19.08;4.22;12.09;2.02;2.08;0.158;53.3;13.07;6.52;3.89;0.68;2.19;5.93;141.5;102.9;22.4;4.4;11.9;0.93;0.73;0.18;0.25;2.38;2.37;0.189;46.7;12.52;6.6;3.56;0.57;2.03;6.17;124.1;91.7;16;4.1;12.3;1.31;0.65;0.18;0.23
-4;50;100;100;50;19.15;4.88;14.17;2.17;2.22;0.168;51.4;13.15;6.68;3.79;0.66;2.18;6.89;142.7;104.1;20.5;4.4;13.8;0.93;0.89;0.16;0.24;3.48;3.44;0.198;48.6;17.32;9.16;4.84;0.86;2.71;7.28;134.8;90.6;24.2;5.4;14.6;1.87;0.99;0.24;0.34
-4;50;100;100;100;19.27;5.37;15.68;2.39;2.5;0.183;51.3;13.6;6.97;3.91;0.65;2.18;7.61;143.8;104.9;19.3;4.4;15.2;0.95;1.14;0.16;0.25;4.31;4.24;0.207;48.7;20.48;10.94;5.74;0.94;3.19;8.08;136.8;89.9;24.3;6.4;16.2;2.18;1.38;0.28;0.39
-4;100;0;0;0;17.62;2.57;7.39;1.16;1.16;0.147;31.3;7.8;3.92;2.28;0.4;1.29;3.59;92;73.9;8.3;2.6;7.2;0.73;0.17;0.1;0.15;1.27;1.22;0.159;68.7;7.6;3.87;2.22;0.42;1.28;3.81;202.5;169.9;22.4;2.6;7.6;0.5;0.46;0.11;0.15
-4;100;0;0;50;17.58;2.97;8.43;1.21;1.24;0.151;32.1;8.12;4.08;2.37;0.44;1.39;4.07;94.2;76.1;7.2;2.8;8.1;0.77;0.2;0.11;0.16;1.57;1.58;0.167;67.9;9.43;4.82;2.74;0.44;1.58;4.36;199.2;164.4;23;3.2;8.7;0.51;0.75;0.13;0.19
-4;100;0;0;100;17.68;3.31;9.3;1.27;1.26;0.154;32.1;8.15;4.13;2.42;0.4;1.4;4.56;97;79.4;5.7;2.8;9.1;0.8;0.2;0.11;0.15;2.07;2.03;0.176;67.9;11.49;6;3.27;0.52;1.91;4.74;205.2;155.9;36;3.8;9.5;0.48;1.15;0.17;0.22
-4;100;0;50;0;19.45;3.08;8.87;1.14;1.22;0.147;36.8;8.24;4.09;2.46;0.44;1.41;4.37;95.5;72.7;11.3;2.8;8.7;0.72;0.23;0.11;0.16;1.68;1.72;0.169;63.2;10.12;5.13;2.95;0.51;1.67;4.5;164.3;129.8;22.2;3.3;9;0.91;0.45;0.15;0.2
-4;100;0;50;50;19.38;3.65;10.62;1.3;1.32;0.151;37.2;8.69;4.31;2.57;0.45;1.42;5.16;97.4;74.1;10.1;2.8;10.3;0.76;0.28;0.11;0.17;2.52;2.42;0.176;62.8;13.68;7.05;3.93;0.7;2.23;5.46;164.8;127.1;22.3;4.5;10.9;1.21;0.73;0.2;0.27
-4;100;0;50;100;19.5;4.31;12.27;1.4;1.4;0.158;36.1;8.8;4.46;2.52;0.45;1.47;5.9;99.4;75.9;8.8;2.9;11.8;0.77;0.36;0.12;0.15;3.23;3.18;0.183;63.9;17.32;9;4.91;0.86;2.84;6.37;176.3;123.6;34.3;5.7;12.7;1.5;1.1;0.24;0.33
-4;100;0;100;0;20.98;3.56;10.02;1.29;1.31;0.145;44.2;8.95;4.43;2.69;0.48;1.54;4.9;98.4;70.9;14.6;3.1;9.8;0.71;0.31;0.12;0.17;2.13;2.09;0.174;55.8;12.01;6.22;3.48;0.58;2.01;5.12;124.3;88.7;21.3;4;10.2;1.24;0.44;0.18;0.24
-4;100;0;100;50;21.17;4.36;12.38;1.42;1.41;0.151;43.9;9.28;4.67;2.7;0.46;1.62;5.96;100.1;71.6;13.3;3.2;11.9;0.72;0.4;0.12;0.17;3.13;3.08;0.181;56.1;17.03;8.77;4.97;0.82;2.74;6.42;128;87.9;21.8;5.5;12.8;1.8;0.7;0.25;0.33
-4;100;0;100;100;21.44;5.03;14.35;1.5;1.55;0.16;42.2;9.61;4.83;2.88;0.47;1.68;6.92;102.8;73.6;12;3.4;13.8;0.73;0.52;0.13;0.17;3.95;3.87;0.186;57.8;20.81;10.85;6.04;1;3.35;7.43;140.5;85.3;33.6;6.7;14.9;2.08;1.09;0.3;0.41
-4;100;50;0;0;17.71;3.3;9.51;1.71;1.68;0.149;32.6;11.19;5.63;3.29;0.57;1.92;4.63;96.5;75.5;7.9;3.8;9.3;1.11;0.23;0.14;0.19;1.37;1.4;0.168;67.4;8.31;4.3;2.37;0.4;1.38;4.88;200;165.8;21.6;2.8;9.8;0.48;0.64;0.12;0.16
-4;100;50;0;50;17.96;3.63;10.52;1.76;1.8;0.154;32.4;11.65;5.81;3.52;0.6;1.99;5.12;99.1;77.9;7;4;10.2;1.15;0.28;0.15;0.22;1.93;1.9;0.183;67.6;10.34;5.42;2.92;0.53;1.64;5.41;207.5;159.6;33.8;3.3;10.8;0.48;1.07;0.14;0.2
-4;100;50;0;100;17.91;4;11.35;1.86;1.86;0.158;33.2;11.72;5.94;3.44;0.58;2;5.52;101.2;80.4;5.7;4;11;1.18;0.32;0.15;0.22;2.43;2.4;0.195;66.8;12.26;6.54;3.46;0.54;2;5.82;203.7;153.2;34.8;4;11.6;0.5;1.49;0.17;0.24
-4;100;50;50;0;19.32;3.87;10.8;1.75;1.78;0.149;37.7;11.88;5.95;3.41;0.59;2.05;5.22;99.2;73.7;10.9;4.1;10.4;1.09;0.31;0.17;0.21;1.99;1.91;0.174;62.3;10.93;5.75;3.04;0.54;1.81;5.57;163.8;127.8;21.2;3.6;11.1;0.91;0.63;0.15;0.22
-4;100;50;50;50;19.82;4.45;12.64;1.86;1.91;0.155;36.8;12.24;6.09;3.61;0.68;2.06;6.13;101.8;75.4;10;4.1;12.3;1.1;0.42;0.16;0.23;2.74;2.7;0.187;63.2;14.44;7.7;4.06;0.67;2.39;6.51;175.1;124.5;32.9;4.8;13;1.17;1.04;0.22;0.28
-4;100;50;50;100;19.85;5.06;14.34;1.97;2.08;0.164;38.2;12.62;6.43;3.7;0.61;2.19;6.89;108.4;77;13.2;4.4;13.8;1.14;0.54;0.16;0.24;3.49;3.5;0.195;61.8;17.89;9.37;5.06;0.86;2.87;7.45;175.4;121.4;33.4;5.7;14.9;1.45;1.44;0.25;0.36
-4;100;50;100;0;21.25;4.19;12.04;1.9;1.94;0.151;44.9;12.78;6.29;3.86;0.67;2.1;5.86;102;71.3;14.8;4.2;11.7;1.04;0.49;0.17;0.24;2.32;2.24;0.179;55.1;12.53;6.6;3.54;0.56;2.08;6.19;125.4;88.3;20.6;4.2;12.4;1.22;0.6;0.19;0.24
-4;100;50;100;50;21.69;5.1;14.47;1.95;2.09;0.159;44.4;13.04;6.52;3.86;0.66;2.23;6.99;111.1;72.5;20.1;4.5;14;1.05;0.64;0.16;0.24;3.4;3.38;0.189;55.6;17.86;9.31;5.09;0.83;2.87;7.48;139.2;86.7;31.8;5.7;15;1.78;0.99;0.26;0.35
-4;100;50;100;100;21.4;5.52;16.07;2.24;2.25;0.168;44.3;13.38;6.74;3.94;0.67;2.17;7.78;111.5;73.8;17.8;4.3;15.6;1.09;0.76;0.16;0.24;4.19;4.14;0.195;55.7;21.15;11.12;5.98;1;3.35;8.29;140.1;85;31.9;6.7;16.6;2.07;1.36;0.3;0.4
-4;100;100;0;0;17.67;3.83;11.03;2.07;2.12;0.153;34.2;13.82;6.89;4.11;0.73;2.34;5.3;103.3;76.3;11.6;4.7;10.6;1.36;0.33;0.18;0.25;1.79;1.69;0.183;65.8;9.18;4.82;2.58;0.43;1.48;5.73;199;163.7;20.9;3;11.5;0.49;0.89;0.13;0.18
-4;100;100;0;50;17.93;4.1;11.88;2.14;2.23;0.159;33.7;14;6.96;4.17;0.76;2.35;5.69;104.9;78.6;10.2;4.7;11.4;1.38;0.41;0.18;0.26;2.25;2.25;0.201;66.3;11.15;5.92;3.12;0.52;1.75;6.19;206.4;157.8;32.7;3.5;12.4;0.49;1.38;0.16;0.22
-4;100;100;0;100;18.14;4.45;12.72;2.31;2.37;0.163;34.8;14.47;7.33;4.31;0.72;2.49;6.11;107.4;81.4;8.8;5;12.2;1.45;0.46;0.19;0.27;2.86;2.86;0.222;65.2;12.89;6.97;3.48;0.57;1.97;6.61;201.4;150.6;33.7;3.9;13.2;0.48;1.98;0.16;0.24
-4;100;100;50;0;19.51;4.3;12.47;2.27;2.28;0.155;39.7;14.63;7.25;4.44;0.71;2.43;6.13;107.7;74.1;16.6;4.9;12.3;1.31;0.52;0.18;0.27;2.21;2.16;0.186;60.3;11.59;6.05;3.29;0.54;1.87;6.34;164;127.1;20.4;3.7;12.7;0.9;0.87;0.16;0.23
-4;100;100;50;50;19.66;4.83;14.12;2.34;2.41;0.162;38.6;14.8;7.43;4.37;0.77;2.52;6.9;109.4;75.7;14.9;5;13.8;1.32;0.63;0.18;0.27;2.98;2.98;0.2;61.4;14.9;7.79;4.19;0.74;2.31;7.21;174.5;123.9;31.6;4.6;14.4;1.17;1.33;0.2;0.28
-4;100;100;50;100;19.62;5.42;15.59;2.55;2.61;0.17;39.1;15.27;7.74;4.51;0.75;2.49;7.57;111.2;78;13.1;5;15.1;1.39;0.73;0.2;0.29;4.09;3.97;0.213;60.9;18.61;10.11;5.01;0.86;2.92;8.02;173.5;119.5;32.1;5.8;16;1.45;1.9;0.26;0.35
-4;100;100;100;0;21.12;4.89;13.88;2.33;2.46;0.157;46.8;15.63;7.81;4.73;0.76;2.72;6.58;111.4;71.4;21.4;5.4;13.2;1.28;0.69;0.21;0.28;2.61;2.56;0.188;53.2;13.6;7.08;3.91;0.67;2.17;7.29;126.5;88.2;19.4;4.3;14.6;1.25;0.84;0.2;0.27
-4;100;100;100;50;21.34;5.52;15.71;2.55;2.63;0.165;45;15.82;7.96;4.56;0.79;2.68;7.7;113.1;72.6;19.7;5.4;15.4;1.28;0.84;0.21;0.29;3.75;3.59;0.198;55;18.07;9.64;5.01;0.88;2.83;8.02;138.3;86.6;30;5.7;16;1.76;1.25;0.24;0.34
-4;100;100;100;100;21.36;6.06;17.39;2.88;2.85;0.176;45;16.11;8.33;4.62;0.75;2.68;8.45;114.4;74.1;18.1;5.4;16.9;1.31;1.05;0.21;0.28;4.59;4.53;0.209;55;21.64;11.66;5.89;1;3.38;8.95;139.8;84.7;30.5;6.8;17.9;2.06;1.79;0.28;0.41
-3;0;0;0;0;13.5;1.81;5.06;0.62;0.66;0.142;45.7;4.52;2.23;1.35;0.23;0.77;2.46;163.1;147.5;9.2;1.5;4.9;0.33;0.18;0.06;0.09;1.01;0.98;0.16;54.3;6.03;3.15;1.66;0.32;1.04;2.6;194;171.9;14.8;2.1;5.2;0.48;0.3;0.09;0.12
-3;0;0;0;50;13.27;1.91;5.54;0.73;0.71;0.148;46.1;4.67;2.34;1.42;0.24;0.77;2.73;164.6;149.1;8.5;1.5;5.5;0.33;0.23;0.06;0.09;1.16;1.13;0.163;53.9;6.88;3.48;1.98;0.36;1.14;2.81;192.7;169.9;14.9;2.3;5.6;0.48;0.42;0.1;0.13
-3;0;0;0;100;12.99;2.18;6.16;0.79;0.76;0.156;45.6;4.78;2.42;1.36;0.25;0.78;2.97;166.4;151.7;7.2;1.6;5.9;0.34;0.27;0.06;0.08;1.38;1.42;0.171;54.4;8.26;4.27;2.34;0.4;1.4;3.18;198.6;166.8;22.6;2.8;6.4;0.51;0.63;0.12;0.16
-3;0;0;50;0;15.66;2.33;6.77;0.79;0.77;0.142;51.4;5.31;2.68;1.62;0.24;0.92;3.35;165.4;144;12.9;1.8;6.7;0.32;0.26;0.08;0.11;1.41;1.47;0.169;48.6;8.66;4.4;2.51;0.45;1.41;3.42;156.2;132.1;14.4;2.8;6.8;0.88;0.3;0.12;0.17
-3;0;0;50;50;15.3;2.75;7.79;0.82;0.82;0.149;51.2;5.35;2.71;1.58;0.26;0.93;3.74;165.4;144.6;11.5;1.9;7.5;0.32;0.32;0.08;0.1;1.96;1.92;0.173;48.8;11.12;5.7;3.17;0.55;1.82;4.05;157.8;131.6;14.4;3.6;8.1;1.16;0.4;0.15;0.21
-3;0;0;50;100;15.35;3.31;9.52;0.91;0.93;0.163;50.1;5.66;2.84;1.7;0.29;0.91;4.63;167.4;145.9;10.5;1.8;9.3;0.33;0.43;0.07;0.11;2.68;2.59;0.178;49.9;14.51;7.55;4.08;0.74;2.4;4.89;166.8;130.4;21.8;4.8;9.8;1.49;0.61;0.21;0.28
-3;0;0;100;0;17.29;2.7;7.76;0.85;0.83;0.141;59;5.78;2.86;1.75;0.29;0.98;3.73;166.3;140.9;16;2;7.5;0.31;0.33;0.08;0.11;1.83;1.83;0.173;41;10.56;5.43;3.03;0.52;1.72;4.03;115.3;89.9;14;3.4;8.1;1.19;0.28;0.15;0.21
-3;0;0;100;50;17.7;3.6;10.23;0.92;0.94;0.15;58.2;6.17;3.08;1.8;0.35;1.07;4.92;167.2;140.3;14.9;2.1;9.8;0.31;0.44;0.09;0.11;2.68;2.69;0.176;41.8;15.22;7.84;4.41;0.73;2.52;5.31;120.2;90.2;14.3;5;10.6;1.77;0.41;0.22;0.3
-3;0;0;100;100;17.69;4.07;11.79;1.1;1.13;0.166;56.5;6.76;3.45;2.01;0.31;1.16;5.72;168.1;140.3;14;2.3;11.4;0.32;0.6;0.09;0.12;3.33;3.28;0.18;43.5;18.19;9.44;5.17;0.91;2.91;6.07;129.3;90.2;21.1;5.8;12.1;2.09;0.59;0.25;0.36
-3;0;50;0;0;13.25;1.93;5.49;0.76;0.76;0.145;45.6;5.12;2.6;1.49;0.25;0.91;2.69;163;146.2;9.6;1.8;5.4;0.33;0.27;0.07;0.09;1.08;1.08;0.169;54.4;6.33;3.18;1.9;0.33;1.02;2.79;194.4;173.4;13.4;2;5.6;0.49;0.37;0.09;0.13
-3;0;50;0;50;12.96;2.07;6.01;0.88;0.88;0.157;46;5.46;2.71;1.63;0.28;0.89;2.95;164.4;148.1;8.6;1.8;5.9;0.34;0.36;0.07;0.1;1.3;1.29;0.177;54;7.27;3.75;2.06;0.35;1.18;3.06;193.3;171.2;13.7;2.4;6.1;0.49;0.55;0.11;0.14
-3;0;50;0;100;12.64;2.19;6.33;0.93;0.93;0.169;45.8;5.38;2.79;1.52;0.27;0.85;3.1;166.8;151.4;7.4;1.7;6.2;0.35;0.41;0.07;0.1;1.68;1.6;0.191;54.2;8.33;4.43;2.33;0.37;1.34;3.23;197.2;167.1;21;2.7;6.5;0.49;0.84;0.12;0.15
-3;0;50;50;0;14.94;2.53;7.09;0.89;0.9;0.146;51.2;6.09;2.96;1.89;0.3;1.02;3.46;164.1;142.5;12.7;2;6.9;0.34;0.37;0.08;0.12;1.56;1.55;0.175;48.8;8.83;4.57;2.5;0.43;1.51;3.63;156.7;133.6;12.9;3;7.3;0.89;0.35;0.13;0.18
-3;0;50;50;50;15.15;2.98;8.6;0.98;1.03;0.16;51.1;6.36;3.21;1.91;0.33;1.07;4.18;165.7;143.6;11.6;2.1;8.4;0.34;0.49;0.09;0.11;2.1;2.13;0.181;48.9;11.79;6.05;3.35;0.61;1.92;4.42;158.6;132.5;13.4;3.8;8.8;1.18;0.56;0.17;0.23
-3;0;50;50;100;14.86;3.43;9.82;1.13;1.17;0.179;50.8;6.46;3.31;1.86;0.34;1.07;4.74;171.9;144.6;15.7;2.1;9.5;0.34;0.63;0.08;0.11;2.79;2.8;0.189;49.2;14.77;7.67;4.17;0.74;2.36;5.08;166.6;131.6;20.1;4.7;10.2;1.5;0.81;0.2;0.29
-3;0;50;100;0;17.14;3.07;8.65;1.18;1.1;0.151;58.6;7.22;3.69;2.1;0.38;1.22;4.25;165.2;137.8;16.4;2.4;8.5;0.32;0.55;0.1;0.13;1.96;1.93;0.178;41.4;10.82;5.67;3.02;0.57;1.84;4.4;116.8;91.7;12.6;3.7;8.8;1.23;0.34;0.16;0.2
-3;0;50;100;50;17.22;3.82;10.77;1.3;1.3;0.168;58.9;7.65;3.93;2.17;0.42;1.26;5.34;173.2;137.2;22.8;2.5;10.7;0.31;0.73;0.1;0.16;2.8;2.84;0.183;41.1;15.5;8.1;4.41;0.77;2.57;5.42;120.8;92.1;12.7;5.1;10.8;1.79;0.52;0.24;0.3
-3;0;50;100;100;17.16;4.29;12.17;1.43;1.46;0.185;57.3;7.85;4.07;2.22;0.37;1.29;5.89;173.5;138;21.2;2.6;11.8;0.32;0.9;0.1;0.14;3.54;3.51;0.189;42.7;18.55;9.68;5.23;0.87;3;6.28;129.4;91.6;19.2;6;12.6;2.11;0.78;0.25;0.36
-3;0;100;0;0;12.96;2.06;6.14;0.95;0.95;0.155;46.1;6.06;3.04;1.83;0.31;1.01;2.95;167.5;145.2;14.4;2;5.9;0.35;0.4;0.08;0.12;1.17;1.19;0.177;53.9;6.66;3.44;1.91;0.34;1.06;3.2;195.8;174.7;12.6;2.1;6.4;0.48;0.47;0.09;0.13
-3;0;100;0;50;12.41;2.26;6.42;0.98;1.04;0.172;46.7;5.99;3.02;1.77;0.31;1.01;3.19;169;147.9;12.7;2;6.4;0.36;0.5;0.07;0.11;1.47;1.45;0.191;53.3;7.55;4.03;2.13;0.35;1.25;3.23;193;171.4;12.6;2.5;6.5;0.5;0.69;0.11;0.15
-3;0;100;0;100;12.22;2.36;6.84;1.13;1.15;0.185;46.2;6.19;3.23;1.78;0.27;0.99;3.32;169.9;150.2;11.1;2;6.6;0.37;0.59;0.08;0.11;1.79;1.79;0.208;53.8;8.62;4.65;2.35;0.45;1.36;3.52;197.7;168.6;19.3;2.7;7;0.5;1.02;0.12;0.16
-3;0;100;50;0;14.94;2.75;7.73;1.15;1.15;0.162;51.8;7.08;3.62;2.06;0.35;1.24;3.8;170.2;140.6;19.5;2.5;7.6;0.32;0.6;0.1;0.13;1.65;1.67;0.18;48.2;9.23;4.85;2.5;0.49;1.51;3.92;158.4;135.3;12.2;3;7.8;0.91;0.45;0.13;0.18
-3;0;100;50;50;14.89;3.18;9.1;1.25;1.31;0.177;51.6;7.37;3.74;2.14;0.39;1.22;4.45;170.6;141.4;17.9;2.4;8.9;0.34;0.74;0.09;0.13;2.32;2.29;0.189;48.4;12.07;6.3;3.37;0.62;1.95;4.65;160.1;134.6;12.3;3.9;9.3;1.2;0.7;0.17;0.23
-3;0;100;50;100;14.48;3.58;10.23;1.42;1.48;0.198;50.7;7.4;3.85;2.13;0.34;1.21;5.04;171.5;142.9;16.1;2.4;10.1;0.34;0.91;0.09;0.13;3.04;2.98;0.198;49.3;14.99;7.98;4.17;0.68;2.37;5.19;166.5;133.1;18.3;4.7;10.4;1.51;0.97;0.21;0.29
-3;0;100;100;0;16.93;3.25;9.16;1.38;1.38;0.163;59.3;8.42;4.34;2.38;0.4;1.47;4.51;171.9;135.1;24.8;2.9;9;0.32;0.8;0.11;0.15;2.09;2.01;0.182;40.7;11.06;5.74;3.22;0.55;1.77;4.65;118;93.4;11.7;3.5;9.3;1.23;0.42;0.15;0.21
-3;0;100;100;50;16.86;3.87;11.52;1.54;1.59;0.181;58.4;8.74;4.5;2.5;0.42;1.4;5.6;171.6;134.5;23.1;2.8;11.2;0.32;1;0.11;0.16;3.02;2.99;0.189;41.6;15.84;8.18;4.51;0.79;2.47;5.91;122;93.7;11.5;4.9;11.8;1.83;0.64;0.21;0.31
-3;0;100;100;100;16.67;4.39;12.55;1.86;1.87;0.206;57.1;9.01;4.83;2.46;0.44;1.43;6.1;171.9;135;21.9;2.9;12.2;0.32;1.27;0.12;0.16;3.72;3.66;0.195;42.9;18.72;9.82;5.26;0.91;2.96;6.45;129.3;93.4;17;5.9;12.9;2.14;0.89;0.25;0.38
-3;50;0;0;0;15.38;2.21;6.44;1.01;0.99;0.146;39.9;6.68;3.33;1.97;0.35;1.11;3.14;129.9;112.4;9;2.2;6.3;0.58;0.19;0.08;0.13;1.09;1.06;0.158;60.1;6.65;3.35;1.99;0.31;1.1;3.3;195.7;168.9;18;2.2;6.6;0.47;0.37;0.1;0.13
-3;50;0;0;50;15.32;2.46;7.01;1.05;1.04;0.151;40.5;6.78;3.4;1.99;0.34;1.13;3.4;131.9;114.7;8.1;2.3;6.8;0.59;0.22;0.1;0.13;1.36;1.31;0.161;59.5;8.07;4.07;2.33;0.4;1.33;3.61;193.5;165.2;18.4;2.7;7.2;0.48;0.53;0.12;0.17
-3;50;0;0;100;15.37;2.76;7.75;1.05;1.05;0.154;40.3;6.7;3.35;1.98;0.32;1.14;3.8;134.8;118;6.9;2.3;7.6;0.6;0.24;0.08;0.12;1.7;1.71;0.175;59.7;9.72;4.98;2.81;0.48;1.62;3.96;199.8;159.8;28.8;3.2;7.9;0.49;0.89;0.14;0.19
-3;50;0;50;0;17.61;2.71;7.98;1.04;1.06;0.145;45.8;7.23;3.63;2.2;0.33;1.23;3.93;133.3;110.4;12.6;2.5;7.9;0.57;0.25;0.1;0.13;1.6;1.54;0.166;54.2;9.21;4.7;2.71;0.46;1.49;4.05;157.9;129.2;17.7;3;8.1;0.86;0.37;0.13;0.18
-3;50;0;50;50;17.48;3.26;9.41;1.09;1.11;0.15;45.6;7.32;3.69;2.15;0.38;1.24;4.57;134.1;111.3;11.2;2.5;9.1;0.57;0.31;0.09;0.14;2.05;2.1;0.171;54.4;12.26;6.24;3.56;0.63;2.03;4.84;159.8;128.1;18;4.1;9.7;1.15;0.52;0.18;0.24
-3;50;0;50;100;17.3;3.77;10.89;1.21;1.24;0.16;44.9;7.67;3.85;2.3;0.38;1.29;5.36;137;113.6;10.1;2.6;10.7;0.59;0.41;0.11;0.14;2.86;2.81;0.18;55.1;15.6;8.07;4.48;0.74;2.49;5.52;168.4;125.3;27.1;5;11;1.43;0.86;0.22;0.3
-3;50;0;100;0;19.3;3.19;9.21;1.08;1.14;0.145;53.3;7.8;3.86;2.31;0.41;1.34;4.5;135.4;108.2;15.6;2.7;9;0.56;0.32;0.11;0.15;1.91;1.94;0.171;46.7;11.35;5.75;3.32;0.57;1.85;4.71;118.6;87.8;17.7;3.7;9.4;1.19;0.37;0.16;0.23
-3;50;0;100;50;19.49;4.02;11.55;1.33;1.3;0.152;52.9;8.53;4.28;2.55;0.42;1.46;5.72;137;107.8;14.8;2.9;11.4;0.57;0.45;0.12;0.16;2.8;2.74;0.175;47.1;15.69;8.14;4.5;0.78;2.56;5.83;121.9;88.1;17.1;5.1;11.7;1.7;0.51;0.23;0.31
-3;50;0;100;100;19.57;4.59;13.12;1.46;1.44;0.163;50.8;8.73;4.44;2.57;0.44;1.46;6.34;138.1;108.9;13.6;2.9;12.7;0.56;0.59;0.13;0.16;3.49;3.48;0.181;49.2;19.15;9.85;5.55;0.94;3.13;6.78;133.6;87.2;26.6;6.3;13.6;2;0.83;0.27;0.37
-3;50;50;0;0;15.39;2.69;7.51;1.27;1.31;0.149;40.5;8.71;4.38;2.57;0.44;1.53;3.64;132.5;113;9.2;3.1;7.3;0.77;0.26;0.12;0.16;1.25;1.19;0.167;59.5;7.1;3.67;2.03;0.33;1.16;3.86;195.1;168;17.1;2.3;7.7;0.46;0.48;0.1;0.14
-3;50;50;0;50;15.43;2.9;8.56;1.4;1.44;0.156;41.2;9.16;4.5;2.8;0.5;1.51;4.18;135;115.5;8.1;3;8.4;0.8;0.33;0.12;0.18;1.57;1.51;0.176;58.8;8.59;4.42;2.56;0.39;1.39;4.37;193.1;164;17.6;2.8;8.7;0.47;0.75;0.12;0.17
-3;50;50;0;100;15.11;3.07;9.06;1.49;1.49;0.161;41;9.18;4.63;2.76;0.45;1.51;4.37;137.4;118.9;6.8;3;8.7;0.84;0.37;0.12;0.16;1.94;1.93;0.192;59;10.01;5.22;2.84;0.46;1.56;4.7;197.8;158.4;26.9;3.1;9.4;0.47;1.13;0.13;0.2
-3;50;50;50;0;17.32;3.19;9.05;1.4;1.45;0.148;45.7;9.68;4.8;2.88;0.46;1.66;4.34;134.1;109.5;12.6;3.3;8.7;0.76;0.38;0.13;0.18;1.72;1.64;0.173;54.3;9.43;4.87;2.69;0.46;1.53;4.71;159.3;130.3;16.5;3.1;9.4;0.85;0.46;0.14;0.18
-3;50;50;50;50;17.34;3.82;10.79;1.58;1.59;0.157;46;10.03;5.11;2.91;0.52;1.72;5.24;136.5;111.1;11.4;3.4;10.5;0.78;0.48;0.13;0.19;2.28;2.29;0.18;54;12.69;6.61;3.63;0.62;2.1;5.55;160.4;128.3;16.8;4.2;11.1;1.15;0.7;0.19;0.25
-3;50;50;50;100;17.28;4.29;12.02;1.65;1.73;0.17;46.2;10.12;5.19;2.89;0.5;1.76;5.95;144.2;113.7;15;3.5;11.9;0.79;0.61;0.14;0.18;3.04;3.04;0.19;53.8;15.94;8.33;4.45;0.74;2.53;6.08;168.2;125.1;25.9;5.1;12.2;1.42;1.09;0.23;0.31
-3;50;50;100;0;19;3.69;10.72;1.6;1.63;0.152;53.5;10.71;5.38;3.2;0.51;1.85;5.32;137;107.1;15.5;3.7;10.6;0.77;0.52;0.15;0.19;2.06;2.03;0.175;46.5;11.55;5.91;3.39;0.57;1.84;5.4;119.1;88.6;16;3.7;10.8;1.19;0.45;0.16;0.23
-3;50;50;100;50;19.5;4.47;12.93;1.86;1.83;0.163;54.2;11.21;5.66;3.31;0.57;1.88;6.33;145.9;106.8;22.6;3.8;12.7;0.76;0.72;0.15;0.21;2.94;2.92;0.181;45.8;16.08;8.33;4.64;0.81;2.59;6.6;123.3;88.9;16;5.2;13.2;1.69;0.69;0.23;0.31
-3;50;50;100;100;19.38;5.05;14.25;1.96;2.01;0.175;52.4;11.48;5.86;3.27;0.62;1.94;6.91;146.6;108;21;3.9;13.8;0.76;0.9;0.15;0.21;3.77;3.67;0.19;47.6;19.33;10.2;5.4;0.96;3.12;7.34;133.2;88;24.4;6.2;14.7;2;1.01;0.28;0.37
-3;50;100;0;0;15.39;3.28;9.08;1.73;1.78;0.154;41.9;11.49;5.72;3.4;0.59;1.98;4.49;140.5;113.7;13.8;4;9;1.02;0.38;0.15;0.21;1.33;1.37;0.181;58.1;7.55;3.94;2.12;0.38;1.3;4.59;194.6;166.8;16.1;2.6;9.2;0.46;0.66;0.11;0.15
-3;50;100;0;50;15.29;3.45;9.59;1.89;1.91;0.163;41.6;11.68;5.85;3.5;0.58;2;4.79;142.2;116.4;12.2;4;9.6;1.03;0.49;0.16;0.23;1.76;1.78;0.198;58.4;8.98;4.69;2.5;0.44;1.44;4.8;200;162.5;25.1;2.9;9.6;0.46;1.02;0.13;0.17
-3;50;100;0;100;14.84;3.67;10.24;2.03;2.01;0.168;42;11.88;6.13;3.44;0.57;2.02;4.92;142.9;118.6;10.4;4;9.8;1.08;0.55;0.16;0.22;2.26;2.22;0.216;58;10.26;5.57;2.75;0.5;1.65;5.32;197.6;158.9;24.7;3.3;10.6;0.48;1.41;0.14;0.2
-3;50;100;50;0;17.25;3.72;10.62;1.94;1.98;0.158;47.2;12.48;6.19;3.66;0.65;2.12;5.22;142.8;109.5;18.6;4.2;10.4;0.99;0.58;0.18;0.23;1.79;1.82;0.183;52.8;9.93;5.12;2.87;0.47;1.6;5.4;159.8;130.2;15.6;3.2;10.8;0.86;0.63;0.14;0.19
-3;50;100;50;50;17.02;4.12;11.93;2.02;2.08;0.166;46.4;12.47;6.25;3.68;0.63;2.02;5.95;144.7;112.3;16.4;4;11.9;1;0.68;0.17;0.23;2.62;2.55;0.194;53.6;13.1;6.94;3.65;0.6;2.1;5.98;167.1;126.9;24.1;4.2;12;1.13;0.99;0.19;0.24
-3;50;100;50;100;17.17;4.83;13.5;2.22;2.29;0.177;46.4;12.87;6.6;3.73;0.63;2.17;6.61;146.2;113.5;15.1;4.3;13.2;1.03;0.86;0.17;0.23;3.41;3.38;0.205;53.6;16.43;8.87;4.44;0.8;2.66;6.89;168.6;125.4;24.2;5.3;13.8;1.44;1.39;0.25;0.3
-3;50;100;100;0;19.3;4.28;12.23;2.17;2.16;0.159;54.7;13.56;6.83;4.03;0.71;2.3;5.9;146.3;106;23.9;4.6;11.8;0.95;0.77;0.18;0.25;2.22;2.23;0.184;45.3;12.12;6.28;3.52;0.55;1.99;6.33;121.2;89.5;15.1;4;12.7;1.19;0.63;0.18;0.23
-3;50;100;100;50;19.52;5.09;14.42;2.27;2.37;0.17;52.8;13.85;7.14;4.01;0.69;2.4;7;147.8;106.5;22.5;4.8;14;0.94;0.97;0.2;0.26;3.21;3.22;0.192;47.2;16.73;8.77;4.84;0.75;2.69;7.42;132.3;89.1;23;5.4;14.8;1.71;0.95;0.24;0.33
-3;50;100;100;100;19.23;5.5;15.63;2.63;2.63;0.185;52.5;14.17;7.43;3.99;0.71;2.32;7.65;147.9;107.5;20.5;4.6;15.3;0.97;1.21;0.18;0.27;3.98;3.99;0.201;47.5;19.83;10.58;5.43;0.96;3.18;7.97;133.8;88.4;23.1;6.4;15.9;2.04;1.3;0.29;0.37
-3;100;0;0;0;17.56;2.69;7.69;1.2;1.23;0.148;32.7;8.27;4.11;2.49;0.4;1.45;3.73;95.8;76.5;9;2.9;7.5;0.78;0.19;0.12;0.15;1.23;1.18;0.155;67.3;7.51;3.79;2.2;0.36;1.24;3.96;197.4;165.4;21.5;2.5;7.9;0.48;0.45;0.1;0.14
-3;100;0;0;50;17.61;2.93;8.47;1.22;1.26;0.151;33.6;8.28;4.07;2.5;0.45;1.34;4.16;97.7;78.9;7.9;2.7;8.3;0.79;0.2;0.12;0.16;1.47;1.51;0.164;66.4;9.19;4.69;2.68;0.45;1.58;4.31;193.7;159.7;22.2;3.2;8.6;0.47;0.73;0.14;0.17
-3;100;0;0;100;17.87;3.24;9.51;1.28;1.33;0.155;33.3;8.5;4.24;2.57;0.4;1.44;4.7;100.6;81.6;6.8;2.9;9.4;0.8;0.25;0.12;0.15;2;1.95;0.173;66.7;11.19;5.67;3.32;0.58;1.8;4.81;201.3;153.2;34.9;3.6;9.6;0.45;1.13;0.15;0.22
-3;100;0;50;0;19.41;3.09;8.89;1.26;1.28;0.146;38.2;8.67;4.31;2.58;0.42;1.44;4.43;99;75.1;12.1;2.9;8.9;0.75;0.25;0.12;0.16;1.59;1.6;0.164;61.8;9.7;4.94;2.84;0.46;1.65;4.46;160.1;126.7;21.2;3.3;8.9;0.84;0.43;0.14;0.19
-3;100;0;50;50;19.52;3.69;10.84;1.33;1.37;0.151;38.5;8.99;4.49;2.63;0.46;1.56;5.26;101.1;76.4;11;3.1;10.5;0.76;0.32;0.12;0.16;2.29;2.31;0.171;61.5;13.48;6.79;4;0.64;2.13;5.58;161.3;124.3;21.6;4.3;11.2;1.13;0.73;0.18;0.27
-3;100;0;50;100;19.92;4.29;12.16;1.39;1.45;0.159;37.3;9.09;4.51;2.67;0.47;1.53;5.88;102.9;78.1;10;3.1;11.8;0.77;0.4;0.12;0.16;3;2.99;0.179;62.7;16.67;8.63;4.73;0.87;2.76;6.29;172.9;121.3;33.5;5.5;12.6;1.36;1.07;0.24;0.32
-3;100;0;100;0;21.12;3.5;10.09;1.38;1.38;0.146;45.7;9.4;4.68;2.78;0.48;1.59;4.93;102;73.4;15.6;3.2;9.9;0.74;0.33;0.13;0.18;1.93;1.94;0.168;54.3;11.51;5.84;3.38;0.58;1.91;5.16;121.2;86.4;20.6;3.8;10.3;1.12;0.43;0.17;0.22
-3;100;0;100;50;21.19;4.41;12.5;1.44;1.48;0.152;45.4;9.68;4.91;2.87;0.47;1.64;6.08;103.7;74.2;14.1;3.3;12.2;0.75;0.41;0.14;0.18;3;2.91;0.175;54.6;16.64;8.58;4.77;0.82;2.77;6.42;124.6;85.4;20.8;5.5;12.8;1.67;0.69;0.23;0.32
-3;100;0;100;100;21.38;4.95;14.26;1.57;1.63;0.161;43.5;10.06;5.14;2.9;0.53;1.72;6.91;105.6;75.4;12.9;3.4;13.8;0.75;0.56;0.14;0.19;3.79;3.67;0.181;56.5;20.29;10.59;5.77;0.98;3.24;7.35;137;84;31.8;6.5;14.7;1.95;1.03;0.29;0.4
-3;100;50;0;0;17.91;3.41;9.67;1.74;1.77;0.15;33.8;11.73;5.89;3.53;0.56;2.05;4.67;100.1;77.8;8.9;4.1;9.3;1.13;0.26;0.17;0.21;1.35;1.37;0.165;66.2;8.25;4.22;2.36;0.38;1.36;5.01;196.1;162.4;21;2.7;10;0.47;0.61;0.12;0.17
-3;100;50;0;50;17.63;3.74;10.52;1.94;1.93;0.155;33.6;12.35;6.32;3.57;0.64;2.19;5.21;102.5;79.8;7.9;4.4;10.4;1.19;0.33;0.18;0.23;1.71;1.76;0.18;66.4;9.7;4.89;2.86;0.49;1.55;5.31;202.8;157.5;31.6;3.1;10.6;0.45;0.98;0.14;0.19
-3;100;50;0;100;17.66;4;11.38;1.94;2;0.159;34.4;12.5;6.25;3.69;0.61;2.11;5.53;104.4;82.6;6.5;4.2;11.1;1.24;0.37;0.17;0.23;2.3;2.28;0.193;65.6;11.78;6.21;3.25;0.59;1.89;5.85;199.2;150.7;33.1;3.8;11.7;0.46;1.43;0.17;0.22
-3;100;50;50;0;19.45;3.87;10.96;1.84;1.87;0.15;39.1;12.4;6.25;3.63;0.63;2.18;5.34;102.8;76;11.7;4.4;10.7;1.11;0.34;0.19;0.23;1.82;1.8;0.17;60.9;10.52;5.28;3.11;0.54;1.69;5.62;160.2;125.1;20.5;3.4;11.2;0.84;0.6;0.15;0.21
-3;100;50;50;50;19.61;4.46;12.8;2;2.04;0.156;38;12.97;6.51;3.81;0.67;2.22;6.26;104.9;77.1;10.8;4.4;12.5;1.14;0.47;0.18;0.24;2.56;2.54;0.182;62;13.91;7.18;3.99;0.68;2.24;6.54;171.5;123.1;30.8;4.5;13.1;1.11;0.97;0.19;0.27
-3;100;50;50;100;19.69;4.96;14.2;2.2;2.19;0.165;39.7;13.23;6.69;3.87;0.66;2.23;7.04;112.2;79.3;14.4;4.5;14.1;1.18;0.59;0.19;0.24;3.4;3.29;0.191;60.3;17.22;9.02;4.87;0.84;2.73;7.16;170.5;119;31.7;5.5;14.3;1.35;1.38;0.24;0.32
-3;100;50;100;0;21.33;4.16;12.27;1.99;2.01;0.152;46.2;13.18;6.61;3.92;0.65;2.23;5.96;105.3;73.5;15.4;4.5;11.9;1.07;0.52;0.18;0.24;2.19;2.13;0.173;53.8;12.29;6.33;3.58;0.6;1.93;6.31;122.6;86.3;19.9;3.9;12.6;1.15;0.57;0.17;0.25
-3;100;50;100;50;21.52;5.13;14.58;2.15;2.22;0.16;45.9;13.8;6.93;4.1;0.67;2.33;7.14;114.9;74.5;21.4;4.7;14.3;1.1;0.68;0.19;0.25;3.14;3.14;0.183;54.1;17.12;8.82;4.85;0.89;2.81;7.45;135.4;85;29.9;5.6;14.9;1.63;0.95;0.24;0.32
-3;100;50;100;100;21.64;5.5;16.25;2.41;2.37;0.169;45.8;13.98;7.11;4.06;0.71;2.3;7.91;115.8;75.9;19.5;4.6;15.8;1.11;0.82;0.17;0.26;4;3.92;0.19;54.2;20.6;10.79;5.82;0.97;3.2;8.33;137.2;83.3;30.8;6.4;16.7;1.92;1.33;0.28;0.4
-3;100;100;0;0;17.68;3.87;11.16;2.13;2.2;0.153;35.5;14.3;7.09;4.26;0.74;2.4;5.42;107.2;78.7;12.9;4.8;10.8;1.39;0.36;0.19;0.26;1.69;1.62;0.181;64.5;8.94;4.72;2.44;0.41;1.47;5.74;194.7;160.3;20;2.9;11.5;0.46;0.86;0.13;0.17
-3;100;100;0;50;17.59;4.04;11.78;2.38;2.35;0.16;34.9;14.66;7.41;4.21;0.76;2.44;5.64;108.1;80.4;11.5;4.9;11.3;1.42;0.47;0.2;0.26;2.07;2.06;0.199;65.1;10.37;5.38;2.95;0.51;1.61;6.14;202.1;156;30.6;3.2;12.3;0.45;1.28;0.14;0.19
-3;100;100;0;100;17.59;4.43;12.6;2.41;2.47;0.164;35.9;14.99;7.65;4.27;0.75;2.56;6.09;110.4;83.4;9.6;5.1;12.2;1.47;0.5;0.21;0.28;2.78;2.72;0.219;64.1;12.4;6.69;3.37;0.61;1.86;6.51;197.3;148.7;31.9;3.7;13;0.46;1.86;0.17;0.23
-3;100;100;50;0;19.59;4.49;12.58;2.38;2.41;0.157;41;15.31;7.75;4.4;0.8;2.68;6.11;111.8;76.2;18;5.4;12.2;1.35;0.56;0.22;0.28;2.1;2.05;0.182;59;11.24;5.86;3.23;0.55;1.81;6.47;160.7;124.7;19.5;3.6;12.9;0.82;0.84;0.16;0.22
-3;100;100;50;50;19.35;4.87;14.25;2.48;2.53;0.163;39.9;15.48;7.84;4.54;0.77;2.6;6.95;112.9;78.2;15.6;5.2;13.9;1.38;0.65;0.21;0.28;2.88;2.87;0.195;60.1;14.66;7.61;4.18;0.74;2.27;7.3;170.1;121;29.9;4.5;14.6;1.09;1.29;0.2;0.3
-3;100;100;50;100;19.54;5.35;15.48;2.65;2.7;0.172;40;15.67;7.96;4.59;0.77;2.67;7.46;113.9;79.5;14.1;5.3;14.9;1.4;0.8;0.22;0.28;3.85;3.69;0.208;60;17.72;9.43;4.92;0.85;2.68;8.03;170.7;118.7;30.6;5.4;16.1;1.35;1.78;0.23;0.33
-3;100;100;100;0;21.2;4.96;13.92;2.53;2.57;0.158;48.5;16.26;8.23;4.79;0.82;2.81;6.81;116;73.9;22.9;5.6;13.6;1.32;0.73;0.23;0.3;2.37;2.4;0.184;51.5;13.08;6.76;3.73;0.65;2.15;7.11;123;85.8;18.7;4.3;14.2;1.14;0.8;0.2;0.26
-3;100;100;100;50;21.41;5.73;16.19;2.75;2.78;0.166;46.2;16.66;8.53;4.85;0.86;2.81;7.86;116.7;74.2;21.1;5.6;15.7;1.32;0.92;0.21;0.32;3.46;3.45;0.193;53.8;17.8;9.47;4.96;0.86;2.92;8.32;136.1;85.4;28.2;5.8;16.6;1.65;1.2;0.25;0.35
-3;100;100;100;100;21.37;6.05;17.5;2.95;3;0.178;46.4;16.8;8.55;4.85;0.82;2.73;8.62;118.1;75.9;19.5;5.5;17.2;1.34;1.13;0.22;0.3;4.32;4.3;0.204;53.6;21.04;11.22;5.87;0.99;3.32;8.88;136.7;83.3;29;6.6;17.8;1.92;1.7;0.29;0.4
-2;0;0;0;0;13.62;1.84;5.22;0.7;0.72;0.146;47.2;4.82;2.39;1.48;0.24;0.8;2.64;169;151.8;10.3;1.6;5.3;0.35;0.21;0.06;0.09;0.94;0.94;0.157;52.8;5.92;3.06;1.68;0.29;1.04;2.58;189;167.9;13.9;2.1;5.2;0.45;0.28;0.09;0.11
-2;0;0;0;50;13.18;1.98;5.67;0.8;0.78;0.154;47.4;4.98;2.49;1.46;0.23;0.81;2.77;169.5;153.2;9.1;1.6;5.5;0.38;0.25;0.07;0.09;1.05;1.1;0.16;52.6;6.79;3.48;2.02;0.33;1.17;2.91;188.4;166.4;13.9;2.3;5.8;0.46;0.39;0.11;0.14
-2;0;0;0;100;12.92;2.1;6.04;0.82;0.82;0.16;47.1;4.99;2.52;1.47;0.26;0.86;3;171.8;156;8;1.7;6;0.37;0.3;0.07;0.09;1.3;1.28;0.167;52.9;7.62;3.91;2.23;0.37;1.24;3.04;192.8;163.1;21.1;2.5;6.1;0.45;0.58;0.11;0.15
-2;0;0;50;0;15.41;2.23;6.78;0.78;0.8;0.145;52.9;5.4;2.67;1.65;0.27;0.88;3.35;170.4;148.4;13.6;1.8;6.7;0.35;0.28;0.07;0.11;1.39;1.37;0.164;47.1;8.3;4.28;2.41;0.42;1.35;3.43;151.7;128.8;13.3;2.7;6.9;0.81;0.27;0.12;0.16
-2;0;0;50;50;15.23;2.65;7.93;0.87;0.88;0.155;52.5;5.63;2.81;1.66;0.26;0.93;3.87;170.5;148.5;12.4;1.9;7.7;0.35;0.34;0.08;0.11;1.87;1.83;0.167;47.5;10.92;5.52;3.17;0.56;1.72;4.06;153.9;128.7;13.6;3.4;8.1;1.09;0.37;0.15;0.22
-2;0;0;50;100;15.28;3.33;9.39;1.02;1.03;0.168;51.7;6.08;3.1;1.76;0.31;1.02;4.72;173;150.1;11.4;2;9.4;0.37;0.46;0.08;0.12;2.49;2.41;0.173;48.3;13.94;7.2;4.01;0.72;2.31;4.67;161.7;127.3;20.5;4.6;9.3;1.36;0.58;0.21;0.27
-2;0;0;100;0;17.48;2.85;7.99;0.89;0.91;0.145;60.5;6.21;3.06;1.86;0.29;1.07;4.01;172.5;145.3;17;2.1;8;0.35;0.36;0.09;0.12;1.65;1.72;0.167;39.5;10.27;5.29;3.01;0.51;1.77;3.98;112.4;87.8;13.1;3.5;8;1.1;0.28;0.15;0.2
-2;0;0;100;50;17.48;3.54;10.09;0.99;1.02;0.154;59.4;6.53;3.25;1.96;0.31;1.08;4.95;171.4;143.5;15.9;2.2;9.9;0.33;0.48;0.09;0.12;2.48;2.48;0.17;40.6;14.52;7.44;4.27;0.71;2.46;5.14;117;88.8;13;4.9;10.3;1.63;0.36;0.2;0.28
-2;0;0;100;100;17.72;4.06;11.56;1.14;1.18;0.17;57.8;6.89;3.49;2.02;0.34;1.16;5.67;173;144.6;14.8;2.3;11.3;0.34;0.62;0.1;0.12;3.08;3.08;0.174;42.2;17.66;9.06;5.09;0.86;2.9;5.89;126;88.2;20.3;5.8;11.8;1.92;0.57;0.25;0.33
-2;0;50;0;0;13.24;1.93;5.48;0.85;0.84;0.15;46.9;5.48;2.74;1.62;0.29;0.93;2.72;168;150.2;10.5;1.9;5.4;0.37;0.29;0.07;0.11;1;0.98;0.165;53.1;5.91;3.03;1.73;0.28;1;2.76;189.9;169.7;12.7;2;5.5;0.45;0.34;0.09;0.11
-2;0;50;0;50;12.88;2.11;5.99;0.88;0.94;0.163;47.3;5.67;2.83;1.65;0.3;0.97;2.95;169.5;152.6;9;1.9;5.9;0.38;0.37;0.08;0.11;1.25;1.23;0.172;52.7;7.07;3.58;2.06;0.33;1.14;3.04;188.5;167;13.1;2.3;6.1;0.47;0.52;0.1;0.14
-2;0;50;0;100;12.42;2.18;6.34;1;0.99;0.174;47.1;5.58;2.9;1.58;0.27;0.97;3.14;171.5;155.3;8;1.9;6.3;0.37;0.44;0.08;0.1;1.54;1.5;0.188;52.9;7.96;4.16;2.29;0.39;1.21;3.2;192.4;164;19.6;2.4;6.4;0.46;0.78;0.11;0.15
-2;0;50;50;0;15.06;2.44;7.21;0.99;0.97;0.149;52.5;6.44;3.2;2;0.32;1.07;3.5;168.9;146.1;13.6;2.1;7;0.36;0.4;0.08;0.12;1.4;1.42;0.169;47.5;8.31;4.23;2.47;0.42;1.37;3.71;153;130.7;12.2;2.7;7.4;0.81;0.32;0.12;0.17
-2;0;50;50;50;14.96;2.9;8.57;1.13;1.13;0.165;52.3;6.76;3.42;1.95;0.35;1.09;4.28;169.9;146.6;12.5;2.2;8.6;0.36;0.54;0.1;0.13;2.02;1.99;0.175;47.7;11.35;5.78;3.33;0.55;1.81;4.29;154.8;130.3;12.4;3.6;8.6;1.12;0.51;0.15;0.22
-2;0;50;50;100;14.93;3.45;10;1.27;1.31;0.185;52.1;7.04;3.62;2.04;0.35;1.13;4.91;177;147.5;17.4;2.3;9.8;0.38;0.71;0.09;0.13;2.6;2.64;0.184;47.9;14.34;7.43;4.1;0.71;2.32;5.09;162.7;129.5;18.4;4.6;10.2;1.41;0.74;0.21;0.29
-2;0;50;100;0;17.22;2.97;8.53;1.14;1.17;0.155;59.9;7.53;3.72;2.24;0.38;1.28;4.16;170.1;141.9;17.3;2.6;8.3;0.35;0.57;0.11;0.14;1.8;1.79;0.171;40.1;10.4;5.33;3.04;0.49;1.69;4.37;113.9;89.7;12.1;3.4;8.7;1.11;0.33;0.15;0.2
-2;0;50;100;50;17.19;3.8;10.68;1.34;1.35;0.171;60.2;7.87;4;2.3;0.4;1.33;5.29;178.4;140.7;24.4;2.7;10.6;0.35;0.76;0.1;0.15;2.63;2.61;0.176;39.8;14.78;7.72;4.15;0.71;2.46;5.39;117.8;90.4;11.7;4.9;10.8;1.64;0.48;0.21;0.27
-2;0;50;100;100;17.07;4.16;12.29;1.58;1.58;0.189;58.4;8.35;4.38;2.33;0.45;1.3;5.94;177.9;140.5;22.8;2.6;11.9;0.36;0.96;0.11;0.15;3.35;3.29;0.182;41.6;18;9.35;5.15;0.9;2.85;6.35;126.4;90.5;17.5;5.7;12.7;1.98;0.71;0.25;0.35
-2;0;100;0;0;12.74;2.06;6.02;1.05;1.01;0.159;47.5;6.3;3.21;1.84;0.32;1.04;2.96;172.6;148.8;15.8;2.1;5.9;0.37;0.44;0.08;0.12;1.07;1.1;0.172;52.5;6.28;3.2;1.83;0.29;1.03;3.06;190.9;171.3;11.4;2.1;6.1;0.46;0.42;0.1;0.12
-2;0;100;0;50;12.41;2.14;6.15;1.19;1.15;0.177;47.9;6.41;3.27;1.84;0.34;1.02;3.11;173.6;151.2;14.1;2;6.2;0.38;0.56;0.08;0.12;1.38;1.31;0.187;52.1;6.96;3.67;1.96;0.34;1.12;3.04;188.5;168.6;11.6;2.2;6.1;0.44;0.64;0.1;0.13
-2;0;100;0;100;12.09;2.35;6.86;1.23;1.25;0.19;47.6;6.49;3.43;1.81;0.34;1.07;3.39;175.3;154.2;12.1;2.1;6.8;0.4;0.64;0.09;0.12;1.64;1.68;0.204;52.4;8.23;4.3;2.3;0.42;1.28;3.47;192.8;165.2;18.1;2.6;6.9;0.47;0.95;0.1;0.16
-2;0;100;50;0;14.9;2.69;7.68;1.26;1.24;0.165;53.1;7.49;3.77;2.21;0.37;1.23;3.8;174.9;143.9;20.9;2.5;7.6;0.37;0.65;0.1;0.13;1.57;1.5;0.174;46.9;8.58;4.5;2.46;0.43;1.47;3.89;154.5;132.6;11.2;2.9;7.8;0.81;0.41;0.12;0.16
-2;0;100;50;50;14.75;3.21;8.96;1.44;1.45;0.182;52.8;7.93;4.15;2.23;0.39;1.36;4.44;175.2;144;19.6;2.7;8.9;0.38;0.82;0.11;0.15;2.05;2.07;0.183;47.2;11.28;5.87;3.17;0.58;1.85;4.52;156.4;132.5;11.1;3.7;9;1.1;0.62;0.15;0.2
-2;0;100;50;100;14.72;3.56;10.3;1.61;1.65;0.204;51.9;8.03;4.28;2.19;0.4;1.29;5.12;176.3;145.6;17.9;2.6;10.2;0.37;1.02;0.11;0.14;2.75;2.74;0.192;48.1;14.26;7.48;4.08;0.68;2.27;5.18;163.1;131.2;17;4.5;10.4;1.38;0.9;0.19;0.28
-2;0;100;100;0;16.96;3.33;9.27;1.42;1.48;0.166;60.6;8.86;4.5;2.52;0.46;1.5;4.55;177.2;139;26.1;3;9.1;0.36;0.84;0.12;0.16;1.97;1.91;0.176;39.4;10.85;5.62;3.11;0.51;1.82;4.72;115.3;91.3;10.9;3.6;9.4;1.15;0.4;0.17;0.2
-2;0;100;100;50;17.21;3.92;11.57;1.75;1.76;0.185;59.5;9.51;4.89;2.76;0.47;1.54;5.66;176.3;136.6;25.3;3.1;11.3;0.35;1.11;0.13;0.18;2.82;2.76;0.182;40.5;15.13;7.81;4.38;0.8;2.38;5.91;119.7;92.7;10.5;4.8;11.8;1.67;0.59;0.21;0.29
-2;0;100;100;100;16.97;4.41;13;2.01;2.05;0.21;58.1;9.74;5.24;2.72;0.47;1.56;6.38;176.8;137.5;23.4;3.1;12.8;0.36;1.38;0.13;0.17;3.52;3.46;0.188;41.9;18.31;9.55;5.31;0.88;2.85;6.62;127.2;92.2;16.1;5.7;13.2;2;0.86;0.25;0.35
-2;50;0;0;0;15.54;2.22;6.51;1.06;1.06;0.152;41.4;6.94;3.51;2.03;0.36;1.15;3.2;134.6;116;9.8;2.3;6.4;0.64;0.2;0.09;0.14;0.97;1;0.154;58.6;6.41;3.2;1.91;0.32;1.07;3.31;190.9;164.7;17.4;2.1;6.6;0.42;0.35;0.1;0.13
-2;50;0;0;50;15.36;2.5;7.25;1.03;1.13;0.158;42.1;7.1;3.56;2.1;0.35;1.19;3.64;136.8;118.4;8.7;2.4;7.3;0.66;0.24;0.1;0.14;1.19;1.21;0.157;57.9;7.7;3.86;2.27;0.4;1.3;3.62;188.5;161.1;17.6;2.6;7.2;0.44;0.52;0.1;0.15
-2;50;0;0;100;15.36;2.76;7.79;1.18;1.17;0.162;41.7;7.16;3.66;2.07;0.33;1.18;3.86;139.5;121.7;7.7;2.4;7.7;0.66;0.28;0.1;0.13;1.68;1.63;0.173;58.3;9.41;4.86;2.68;0.45;1.58;3.93;194.7;156.1;27.5;3.2;7.9;0.44;0.86;0.14;0.19
-2;50;0;50;0;17.36;2.65;7.99;1.11;1.13;0.15;47.1;7.47;3.67;2.25;0.39;1.23;3.96;137.2;113.5;13.3;2.5;7.9;0.62;0.27;0.1;0.14;1.41;1.43;0.162;52.9;8.84;4.36;2.66;0.48;1.42;4.04;153.9;126.4;16.6;2.8;8.1;0.8;0.34;0.12;0.17
-2;50;0;50;50;17.49;3.33;9.43;1.15;1.22;0.157;47.2;7.71;3.81;2.27;0.42;1.32;4.61;138.8;114.9;12.1;2.6;9.2;0.63;0.34;0.11;0.14;1.97;1.98;0.165;52.8;11.96;6.17;3.43;0.57;2.01;4.82;155.6;124.8;17.1;4;9.6;1.07;0.5;0.17;0.24
-2;50;0;50;100;17.59;3.81;10.77;1.33;1.34;0.166;45.9;8.01;4.1;2.34;0.39;1.31;5.23;140.5;116.1;11.3;2.6;10.5;0.64;0.45;0.11;0.15;2.7;2.61;0.175;54.1;14.89;7.81;4.18;0.72;2.5;5.53;165.4;123.4;25.9;5;11.1;1.31;0.79;0.21;0.29
-2;50;0;100;0;19.27;3.1;9.04;1.21;1.21;0.15;54.7;8.02;4;2.4;0.41;1.35;4.42;139.4;111.4;16.5;2.7;8.8;0.6;0.34;0.11;0.16;1.74;1.78;0.164;45.3;10.75;5.48;3.12;0.54;1.75;4.63;115.4;86;16.7;3.5;9.3;1.08;0.34;0.14;0.22
-2;50;0;100;50;19.33;3.96;11.47;1.32;1.35;0.156;54;8.59;4.31;2.53;0.42;1.45;5.57;140.4;110.9;15.5;2.9;11.1;0.62;0.45;0.12;0.16;2.62;2.59;0.169;46;15.36;7.87;4.45;0.8;2.52;5.9;119.4;86.4;16.3;5;11.8;1.59;0.48;0.21;0.3
-2;50;0;100;100;19.51;4.56;12.99;1.5;1.51;0.168;52.1;8.96;4.48;2.68;0.44;1.49;6.23;141.7;111.7;14.6;3;12.5;0.62;0.61;0.11;0.16;3.26;3.23;0.176;47.9;18.39;9.52;5.28;0.91;3.08;6.76;130.3;85.7;24.9;6.2;13.5;1.85;0.77;0.26;0.35
-2;50;50;0;0;15.31;2.6;7.69;1.46;1.44;0.156;41.9;9.18;4.61;2.68;0.48;1.54;3.8;137.1;116.5;9.9;3.1;7.6;0.87;0.27;0.12;0.17;1.13;1.11;0.163;58.1;6.79;3.37;2.04;0.38;1.06;3.89;190;163.9;16.2;2.1;7.8;0.43;0.46;0.09;0.13
-2;50;50;0;50;15.03;2.99;8.49;1.58;1.58;0.163;42.6;9.66;4.99;2.75;0.48;1.66;4.24;139.3;118.8;8.7;3.3;8.5;0.9;0.36;0.13;0.19;1.42;1.41;0.172;57.4;8.16;4.15;2.41;0.39;1.33;4.25;188;160.5;16.4;2.7;8.5;0.44;0.7;0.11;0.16
-2;50;50;0;100;15.12;3.06;9.17;1.6;1.65;0.169;42.3;9.7;4.91;2.91;0.49;1.57;4.56;141.8;121.8;7.8;3.1;9.1;0.91;0.43;0.12;0.19;1.85;1.81;0.189;57.7;9.52;4.95;2.69;0.49;1.49;4.61;193.7;156;25.5;3;9.2;0.44;1.07;0.12;0.18
-2;50;50;50;0;17.39;3.18;9.43;1.54;1.55;0.154;47.1;10.01;5.04;2.98;0.49;1.67;4.57;138.7;112.9;13.3;3.3;9.1;0.84;0.39;0.14;0.19;1.55;1.57;0.168;52.9;9.3;4.72;2.78;0.47;1.51;4.85;155.5;127;15.8;3;9.7;0.82;0.44;0.13;0.18
-2;50;50;50;50;17.21;3.67;10.62;1.71;1.71;0.163;47.5;10.42;5.19;3.09;0.5;1.68;5.28;140.6;114.6;12;3.4;10.6;0.86;0.51;0.14;0.19;2.2;2.12;0.174;52.5;12.16;6.26;3.45;0.63;1.99;5.35;155.6;125.1;15.9;4;10.7;1.06;0.68;0.17;0.22
-2;50;50;50;100;17.26;4.26;12.23;1.85;1.9;0.176;47.2;10.7;5.52;3.07;0.52;1.8;5.95;147.9;115.5;16.8;3.6;11.9;0.86;0.69;0.15;0.19;2.81;2.83;0.185;52.8;15.26;7.98;4.33;0.72;2.47;6.28;165.6;124.1;24;4.9;12.6;1.32;1;0.21;0.3
-2;50;50;100;0;19.16;3.68;10.72;1.73;1.73;0.156;54.8;11.01;5.42;3.31;0.56;1.81;5.33;141.1;110.2;16.6;3.6;10.7;0.83;0.55;0.14;0.2;1.92;1.9;0.17;45.2;11.15;5.76;3.29;0.51;1.86;5.39;116.5;86.9;15.2;3.7;10.8;1.09;0.43;0.16;0.21
-2;50;50;100;50;19.22;4.55;12.85;1.89;1.94;0.168;55.6;11.47;5.9;3.33;0.57;1.97;6.37;150.2;110.2;23.3;3.9;12.7;0.83;0.74;0.16;0.21;2.72;2.74;0.175;44.4;15.61;8.03;4.49;0.78;2.58;6.48;120;86.9;15.1;5.2;13;1.58;0.65;0.22;0.29
-2;50;50;100;100;19.5;4.99;14.5;2.13;2.15;0.18;53.7;11.91;6.13;3.46;0.55;1.98;7.1;151.2;111.2;21.8;4;14.2;0.84;0.92;0.17;0.22;3.42;3.48;0.183;46.3;18.94;9.78;5.58;0.88;3.01;7.4;130.4;86.1;23.4;6;14.8;1.86;0.98;0.25;0.38
-2;50;100;0;0;15.16;3.09;9.01;1.85;1.91;0.16;43.1;11.88;5.88;3.52;0.6;1.94;4.45;144.3;116.5;15.1;3.9;8.9;1.11;0.41;0.16;0.23;1.32;1.27;0.177;56.9;7.11;3.69;2;0.37;1.16;4.56;190.4;164;14.9;2.3;9.1;0.43;0.61;0.1;0.13
-2;50;100;0;50;14.91;3.4;9.67;2.06;2.04;0.169;42.7;12.02;6.17;3.47;0.64;2;4.76;145.8;119.4;12.9;4;9.5;1.14;0.51;0.17;0.22;1.63;1.65;0.194;57.3;8.46;4.46;2.38;0.41;1.4;4.91;195.5;159.6;23.2;2.8;9.8;0.44;0.93;0.12;0.16
-2;50;100;0;100;14.97;3.65;10.35;2.04;2.19;0.176;43.4;12.37;6.25;3.66;0.6;2.07;5.07;148.3;122.3;11.7;4.1;10.1;1.17;0.62;0.17;0.23;2.16;2.15;0.214;56.6;10.03;5.41;2.74;0.46;1.59;5.28;193.1;155.3;24.1;3.2;10.6;0.44;1.36;0.15;0.2
-2;50;100;50;0;17.27;3.64;10.54;2.16;2.11;0.163;48.6;12.88;6.5;3.75;0.65;2.12;5.22;147.4;112.6;20.2;4.2;10.4;1.07;0.62;0.17;0.24;1.69;1.69;0.178;51.4;9.5;4.89;2.69;0.47;1.52;5.32;155.7;127.4;14.6;3;10.6;0.79;0.6;0.13;0.18
-2;50;100;50;50;17.17;4.14;12.19;2.33;2.33;0.173;47.6;13.47;6.87;3.9;0.68;2.16;6.13;148.9;113.9;18.4;4.3;12.3;1.11;0.78;0.18;0.26;2.34;2.34;0.188;52.4;12.39;6.37;3.56;0.61;1.97;6.06;163.9;125.9;21.9;3.9;12.1;1.06;0.88;0.17;0.23
-2;50;100;50;100;17.05;4.57;13.54;2.49;2.52;0.185;47.6;13.59;7.03;3.88;0.63;2.15;6.65;149.9;115.5;16.8;4.3;13.3;1.13;0.97;0.18;0.25;3.12;3.14;0.199;52.4;15.74;8.21;4.42;0.76;2.42;6.88;164.9;124.1;22.1;4.8;13.8;1.35;1.27;0.22;0.3
-2;50;100;100;0;19.04;4.17;12.1;2.26;2.29;0.164;55.9;13.87;6.9;4.08;0.73;2.32;5.82;150.1;108.9;25;4.6;11.6;1.04;0.8;0.2;0.25;2.08;2.06;0.178;44.1;11.53;6;3.3;0.56;1.85;6.29;118.3;87.9;14.2;3.7;12.6;1.09;0.58;0.17;0.22
-2;50;100;100;50;19.27;5;14.38;2.55;2.55;0.175;54.2;14.47;7.48;4.16;0.69;2.39;7.19;151.8;109.1;23.6;4.8;14.4;1.05;1.02;0.2;0.27;3.01;3.03;0.186;45.8;16.25;8.41;4.65;0.81;2.6;7.19;128.5;87.7;21.2;5.2;14.4;1.62;0.88;0.23;0.31
-2;50;100;100;100;19.21;5.42;15.56;2.74;2.81;0.191;53.7;14.67;7.63;4.18;0.71;2.36;7.62;151.8;109.8;22.1;4.7;15.2;1.06;1.29;0.2;0.26;3.71;3.71;0.194;46.3;19.09;9.91;5.39;0.94;3.06;7.94;130.6;87.2;21.4;6.1;15.9;1.89;1.21;0.25;0.35
-2;100;0;0;0;17.59;2.67;7.63;1.28;1.32;0.154;34;8.53;4.23;2.51;0.47;1.46;3.76;99;78.6;10;2.9;7.5;0.84;0.21;0.11;0.16;1.19;1.11;0.153;66;7.19;3.68;2.1;0.33;1.2;3.86;192.5;161.5;20.8;2.4;7.7;0.43;0.43;0.1;0.14
-2;100;0;0;50;17.37;2.99;8.65;1.35;1.43;0.158;34.8;8.97;4.43;2.73;0.46;1.48;4.17;100.7;80.9;8.6;3;8.3;0.9;0.24;0.12;0.17;1.42;1.44;0.161;65.2;8.88;4.52;2.63;0.41;1.5;4.48;189.3;156.4;21;3;9;0.42;0.7;0.14;0.18
-2;100;0;0;100;17.37;3.32;9.5;1.43;1.48;0.162;34.4;9.12;4.61;2.65;0.47;1.56;4.67;103.1;83.2;7.4;3.1;9.3;0.91;0.28;0.12;0.17;1.78;1.82;0.172;65.6;10.6;5.36;3.14;0.55;1.76;4.83;196.8;151.2;32.5;3.5;9.7;0.42;1.05;0.15;0.2
-2;100;0;50;0;19.24;3.07;8.99;1.41;1.39;0.153;39.6;9.05;4.54;2.66;0.44;1.49;4.5;102;77.2;12.8;3;9;0.85;0.26;0.12;0.17;1.57;1.53;0.159;60.4;9.58;4.89;2.79;0.46;1.59;4.49;155.8;123.5;20.1;3.2;9;0.8;0.42;0.13;0.19
-2;100;0;50;50;19.09;3.7;10.5;1.45;1.48;0.158;39.9;9.32;4.68;2.77;0.44;1.61;5.18;103.7;78.5;11.6;3.2;10.4;0.85;0.32;0.14;0.17;2.2;2.14;0.167;60.1;12.74;6.53;3.73;0.61;2.09;5.32;156.4;121.2;20.3;4.2;10.6;1.03;0.66;0.19;0.25
-2;100;0;50;100;19.37;4.11;12.28;1.57;1.59;0.165;38.6;9.59;4.81;2.83;0.5;1.54;6.01;105.7;80.1;10.4;3.1;12;0.86;0.43;0.13;0.18;2.9;2.84;0.174;61.4;16.29;8.33;4.73;0.77;2.58;6.26;167.9;118.5;31.7;5.2;12.5;1.28;1.02;0.22;0.31
-2;100;0;100;0;21.1;3.47;10.15;1.48;1.47;0.152;47.1;9.66;4.78;2.88;0.51;1.58;5.07;105.1;75.5;16.2;3.2;10.1;0.82;0.33;0.13;0.19;1.84;1.84;0.163;52.9;11.28;5.74;3.31;0.58;1.89;5.08;117.9;84.4;19.7;3.8;10.2;1.06;0.41;0.17;0.21
-2;100;0;100;50;21.42;4.32;12.39;1.51;1.58;0.157;46.7;10.03;4.95;3;0.48;1.69;6.03;106.6;75.9;15.3;3.4;12.1;0.81;0.45;0.14;0.18;2.7;2.72;0.17;53.3;16;8.14;4.69;0.82;2.63;6.36;121.8;83.9;19.9;5.3;12.7;1.52;0.65;0.23;0.31
-2;100;0;100;100;21.52;4.96;14.28;1.75;1.77;0.167;44.6;10.55;5.36;3.1;0.53;1.72;6.91;108.4;77.2;14;3.4;13.8;0.83;0.59;0.15;0.2;3.48;3.44;0.175;55.4;19.61;10.23;5.6;1;3.23;7.37;134.5;82.5;30.8;6.5;14.7;1.78;1;0.28;0.38
-2;100;50;0;0;17.63;3.35;9.6;1.94;1.93;0.157;35.1;12.25;6.17;3.69;0.57;2.07;4.71;102.9;79.8;9.6;4.1;9.4;1.27;0.27;0.17;0.23;1.28;1.28;0.162;64.9;7.82;3.91;2.32;0.43;1.28;4.89;190.9;158.8;19.8;2.6;9.8;0.42;0.57;0.12;0.16
-2;100;50;0;50;17.45;3.75;10.75;2.07;2.12;0.163;34.7;12.94;6.59;3.76;0.61;2.21;5.28;105.3;82;8.3;4.4;10.6;1.32;0.35;0.2;0.25;1.74;1.7;0.177;65.3;9.57;4.95;2.74;0.49;1.53;5.46;198.4;153.9;30.5;3.1;10.9;0.42;0.97;0.12;0.19
-2;100;50;0;100;17.68;3.94;11.61;2.12;2.18;0.167;35.5;12.98;6.58;3.88;0.65;2.12;5.77;107.5;84.5;7.2;4.2;11.5;1.34;0.41;0.17;0.25;2.13;2.15;0.19;64.5;11.29;5.87;3.21;0.53;1.82;5.84;195.2;148.2;31.7;3.6;11.7;0.43;1.36;0.16;0.21
-2;100;50;50;0;19.41;3.77;11.23;2.03;2.02;0.156;40.3;12.92;6.43;3.85;0.67;2.14;5.46;105.7;77.7;12.9;4.3;10.9;1.24;0.37;0.18;0.23;1.64;1.68;0.166;59.7;10.11;4.97;3.07;0.53;1.63;5.78;156.7;122.7;19.2;3.3;11.6;0.77;0.57;0.14;0.19
-2;100;50;50;50;19.76;4.43;12.75;2.08;2.22;0.163;39.3;13.56;6.79;3.94;0.75;2.27;6.3;108.2;78.9;12.1;4.5;12.6;1.25;0.52;0.19;0.26;2.36;2.36;0.178;60.7;13.24;6.69;3.96;0.64;2.17;6.45;167.5;120.6;29.7;4.3;12.9;0.99;0.93;0.19;0.26
-2;100;50;50;100;19.36;4.9;14.29;2.38;2.38;0.172;40.8;13.79;7.08;4;0.69;2.25;7.03;114.8;80.8;15.5;4.5;14.1;1.31;0.63;0.19;0.25;3.08;3.08;0.186;59.2;16.55;8.57;4.75;0.79;2.65;7.27;167;117.4;29.7;5.3;14.5;1.27;1.27;0.22;0.33
-2;100;50;100;0;21.27;4.28;12.32;2.18;2.21;0.158;47.7;13.96;6.99;4.14;0.72;2.32;6.09;108.9;75.7;16.4;4.6;12.2;1.21;0.54;0.2;0.27;2.05;2;0.168;52.3;11.86;6.08;3.36;0.6;1.95;6.22;119.3;84.2;18.7;3.9;12.4;1.04;0.55;0.17;0.24
-2;100;50;100;50;21.59;5.06;14.67;2.31;2.39;0.166;47.2;14.3;7.2;4.28;0.7;2.42;7.15;118.3;76.1;23.1;4.8;14.3;1.21;0.72;0.2;0.26;2.93;2.95;0.178;52.8;16.56;8.3;4.87;0.85;2.64;7.52;132.5;83.8;28.4;5.3;15;1.51;0.89;0.23;0.32
-2;100;50;100;100;21.34;5.57;16.29;2.59;2.57;0.175;46.9;14.64;7.44;4.28;0.73;2.33;7.92;118.5;77.1;20.9;4.7;15.8;1.24;0.89;0.19;0.26;3.75;3.68;0.184;53.1;19.94;10.51;5.65;0.91;3.24;8.37;134.4;82.6;28.6;6.5;16.7;1.8;1.23;0.27;0.39
-2;100;100;0;0;17.65;3.99;11.21;2.4;2.42;0.16;36.7;15.02;7.7;4.33;0.75;2.6;5.47;110.6;80.2;14.3;5.2;10.9;1.53;0.4;0.2;0.28;1.53;1.5;0.178;63.3;8.39;4.35;2.4;0.41;1.39;5.74;191.1;157.9;18.9;2.8;11.5;0.42;0.8;0.12;0.15
-2;100;100;0;50;17.52;4.19;11.88;2.62;2.61;0.168;36.3;15.5;7.95;4.45;0.77;2.64;5.8;112.2;82.3;12.9;5.3;11.6;1.58;0.53;0.22;0.29;2.01;1.95;0.196;63.7;9.92;5.19;2.81;0.47;1.56;6.08;197.2;153;28.9;3.1;12.2;0.41;1.21;0.14;0.19
-2;100;100;0;100;17.34;4.3;12.85;2.59;2.68;0.171;37.2;15.6;7.92;4.5;0.84;2.58;6.3;113.8;85.5;10.5;5.2;12.6;1.63;0.56;0.21;0.29;2.62;2.56;0.217;62.8;11.81;6.29;3.29;0.57;1.72;6.54;192.4;145.9;30.1;3.4;13.1;0.43;1.77;0.15;0.22
-2;100;100;50;0;19.38;4.49;12.74;2.58;2.61;0.163;42.3;15.96;8.13;4.7;0.77;2.69;6.34;115.1;78;19;5.4;12.7;1.49;0.59;0.22;0.31;1.94;1.92;0.178;57.7;10.74;5.62;3.01;0.55;1.79;6.41;156.9;122.2;18.3;3.6;12.8;0.77;0.79;0.15;0.2
-2;100;100;50;50;19.19;4.89;14.11;2.75;2.76;0.17;41;16.24;8.22;4.76;0.83;2.67;6.86;115.6;79.2;17.4;5.3;13.7;1.52;0.73;0.22;0.29;2.68;2.64;0.191;59;13.78;7.22;3.92;0.63;2.22;7.26;166.6;120;27.7;4.4;14.5;1;1.17;0.2;0.26
-2;100;100;50;100;19.57;5.39;15.56;2.9;2.92;0.179;41.2;16.3;8.27;4.75;0.81;2.63;7.63;117.2;81.1;15.5;5.3;15.3;1.54;0.88;0.21;0.29;3.58;3.52;0.203;58.8;17.26;9.19;4.75;0.86;2.76;7.93;167.2;116.8;29;5.5;15.9;1.27;1.7;0.23;0.31
-2;100;100;100;0;21.05;4.87;14.03;2.76;2.78;0.163;49.8;17.01;8.64;4.95;0.84;2.83;6.95;119.4;75.4;24.5;5.7;13.9;1.45;0.79;0.22;0.32;2.31;2.22;0.178;50.2;12.44;6.52;3.47;0.58;2.04;7.07;120.3;84.6;17.5;4.1;14.1;1.06;0.74;0.17;0.25
-2;100;100;100;50;21.53;5.64;16.17;2.84;2.97;0.172;47.4;17.18;8.8;4.9;0.88;2.92;7.91;120.1;75.5;22.9;5.8;15.8;1.43;0.99;0.23;0.32;3.25;3.22;0.188;52.6;17.11;9;4.83;0.83;2.73;8.26;133.3;84.3;27;5.5;16.5;1.53;1.13;0.24;0.32
-2;100;100;100;100;21.29;6.15;17.46;3.16;3.24;0.184;47.4;17.53;9.03;5;0.88;2.91;8.5;120.7;77;20.9;5.8;17;1.47;1.22;0.24;0.31;4.01;4.04;0.198;52.6;20.37;10.73;5.72;0.95;3.24;8.97;134.2;82.7;27;6.5;17.9;1.79;1.58;0.28;0.39
-1;0;0;0;0;13.61;1.87;5.17;0.76;0.78;0.147;48.5;5.16;2.64;1.49;0.26;0.92;2.51;173.8;155.8;11.1;1.8;5;0.38;0.22;0.08;0.1;0.93;0.92;0.158;51.5;5.77;2.93;1.68;0.28;0.95;2.66;184.3;164.1;13;1.9;5.3;0.45;0.27;0.09;0.11
-1;0;0;0;50;13.18;1.89;5.61;0.83;0.83;0.155;48.8;5.26;2.63;1.6;0.25;0.84;2.74;174.5;157.3;10.1;1.7;5.5;0.37;0.28;0.08;0.1;1.05;1.02;0.159;51.2;6.36;3.21;1.87;0.3;1.04;2.87;183.4;162.5;13;2.1;5.7;0.45;0.36;0.08;0.13
-1;0;0;0;100;12.81;2.08;6.02;0.87;0.86;0.162;48.5;5.23;2.67;1.54;0.25;0.85;2.98;176.8;160.3;8.8;1.7;6;0.38;0.32;0.07;0.09;1.28;1.26;0.168;51.5;7.48;3.8;2.17;0.38;1.23;3.04;187.6;159.3;19.7;2.5;6.1;0.45;0.56;0.11;0.15
-1;0;0;50;0;15.54;2.29;6.63;0.8;0.85;0.146;54.3;5.71;2.85;1.65;0.3;0.98;3.26;175.5;152.6;14.4;2;6.5;0.37;0.29;0.08;0.1;1.31;1.31;0.163;45.7;8;4.04;2.32;0.4;1.3;3.38;147.5;125.5;12.7;2.6;6.8;0.79;0.27;0.1;0.15
-1;0;0;50;50;15.27;2.81;7.82;0.97;0.94;0.155;54;5.97;3.01;1.75;0.32;1.05;3.79;175.6;152.6;13.3;2.1;7.6;0.37;0.37;0.09;0.11;1.77;1.78;0.168;46;10.58;5.45;2.95;0.5;1.75;4.03;149.6;125.5;12.5;3.5;8.1;1.07;0.36;0.14;0.21
-1;0;0;50;100;15.26;3.27;9.51;1.05;1.08;0.169;52.8;6.37;3.27;1.86;0.29;1.08;4.68;176.8;153.1;12.2;2.2;9.4;0.37;0.5;0.08;0.12;2.27;2.34;0.173;47.2;13.51;6.88;4;0.65;2.19;4.83;158.1;125.1;18.9;4.4;9.7;1.35;0.53;0.19;0.27
-1;0;0;100;0;17.49;2.75;7.79;0.9;0.93;0.145;61.9;6.3;3.14;1.86;0.33;1.1;3.92;177.2;149.4;17.8;2.2;7.8;0.34;0.37;0.09;0.13;1.67;1.65;0.167;38.1;9.83;5.07;2.86;0.47;1.65;3.87;109.1;85.5;12.6;3.3;7.7;1.07;0.25;0.14;0.19
-1;0;0;100;50;17.61;3.43;9.76;1.09;1.06;0.154;61;6.78;3.43;1.97;0.32;1.14;4.89;176.9;147.9;16.9;2.3;9.8;0.34;0.5;0.09;0.13;2.41;2.37;0.17;39;13.88;7.14;3.99;0.67;2.29;4.88;113;86.3;12.4;4.6;9.8;1.56;0.35;0.19;0.27
-1;0;0;100;100;17.34;4.07;11.48;1.25;1.27;0.171;59.2;7.37;3.75;2.14;0.35;1.23;5.62;177.2;147.8;15.6;2.5;11.2;0.36;0.67;0.11;0.13;2.95;2.98;0.174;40.8;17.1;8.73;4.94;0.83;2.85;5.87;122.1;86.3;18.3;5.7;11.7;1.89;0.52;0.24;0.33
-1;0;50;0;0;13.01;1.97;5.5;0.9;0.89;0.151;48.2;5.81;2.94;1.68;0.3;0.99;2.69;172.3;154;11;2;5.4;0.38;0.31;0.09;0.11;0.97;0.95;0.164;51.8;5.74;2.95;1.69;0.29;0.97;2.81;185.3;166;11.7;1.9;5.6;0.44;0.32;0.08;0.11
-1;0;50;0;50;12.68;2.09;6.04;0.93;0.99;0.163;48.7;5.99;2.92;1.77;0.31;0.99;3.03;174.4;156.3;10.1;2;6.1;0.38;0.41;0.08;0.11;1.12;1.16;0.173;51.3;6.69;3.38;1.94;0.37;1.1;3.01;183.5;163.6;11.7;2.2;6;0.46;0.48;0.09;0.13
-1;0;50;0;100;12.47;2.33;6.43;1.09;1.1;0.177;48.3;6.18;3.23;1.74;0.3;1.08;3.23;176.2;158.8;8.7;2.2;6.5;0.4;0.49;0.09;0.12;1.43;1.44;0.187;51.7;7.67;3.94;2.16;0.41;1.25;3.2;188.2;160.9;18.4;2.5;6.4;0.46;0.74;0.11;0.13
-1;0;50;50;0;15.3;2.5;7.27;1.05;1.03;0.15;53.8;6.83;3.39;2.02;0.36;1.15;3.57;173.8;149.6;14.8;2.3;7.1;0.38;0.43;0.09;0.13;1.36;1.38;0.169;46.2;8.1;4.07;2.45;0.4;1.35;3.7;149.5;128;11.4;2.7;7.4;0.81;0.31;0.11;0.16
-1;0;50;50;50;15.02;2.93;8.6;1.11;1.16;0.165;53.6;6.95;3.53;2.07;0.34;1.15;4.29;174.6;150.4;13.3;2.3;8.6;0.35;0.57;0.1;0.13;1.89;1.91;0.175;46.4;10.88;5.67;3.14;0.51;1.78;4.31;151;127.3;11.5;3.6;8.6;1.08;0.47;0.16;0.21
-1;0;50;50;100;15.1;3.45;9.82;1.39;1.39;0.185;53.4;7.45;3.87;2.12;0.35;1.19;4.9;182;151;18.8;2.4;9.8;0.39;0.77;0.1;0.14;2.44;2.5;0.183;46.6;13.63;7;3.92;0.65;2.26;4.92;158.6;126.8;17.4;4.5;9.8;1.36;0.7;0.19;0.25
-1;0;50;100;0;17.21;2.94;8.59;1.19;1.21;0.154;61.2;7.78;3.88;2.35;0.39;1.28;4.19;175;145.9;18.1;2.6;8.4;0.36;0.59;0.11;0.15;1.77;1.76;0.171;38.8;10.22;5.17;2.94;0.55;1.66;4.4;110.7;87.3;11.2;3.3;8.8;1.1;0.31;0.15;0.2
-1;0;50;100;50;17.34;3.75;10.76;1.49;1.49;0.172;61.4;8.61;4.44;2.46;0.42;1.43;5.34;183.1;143.6;26;2.9;10.7;0.37;0.83;0.13;0.16;2.49;2.51;0.176;38.6;14.26;7.32;4.1;0.72;2.32;5.42;114.9;88.6;10.8;4.6;10.8;1.6;0.44;0.19;0.28
-1;0;50;100;100;17.23;4.23;12.03;1.63;1.67;0.19;59.8;8.74;4.56;2.41;0.43;1.41;5.96;182.6;143.3;24.5;2.8;11.9;0.34;1.05;0.12;0.16;3.16;3.13;0.182;40.2;17.2;8.91;4.9;0.84;2.82;6.07;122.8;88.7;16.2;5.6;12.1;1.92;0.66;0.23;0.32
-1;0;100;0;0;12.79;2.07;5.95;1.07;1.07;0.16;48.9;6.64;3.3;2;0.32;1.08;2.98;177.9;152.9;16.9;2.2;6;0.38;0.46;0.09;0.13;1.11;1.05;0.172;51.1;6.01;3.11;1.69;0.32;0.99;2.97;185.8;167.3;10.7;2;5.9;0.45;0.39;0.08;0.11
-1;0;100;0;50;12.37;2.19;6.39;1.17;1.24;0.179;49;6.87;3.58;1.92;0.34;1.13;3.11;178.1;154.2;15.4;2.3;6.2;0.39;0.62;0.09;0.13;1.29;1.27;0.186;51;6.75;3.52;1.94;0.33;1.05;3.28;185.1;165.8;10.7;2.1;6.6;0.45;0.6;0.09;0.13
-1;0;100;0;100;12.12;2.38;6.68;1.31;1.35;0.194;48.7;6.96;3.65;1.99;0.32;1.13;3.32;179.4;156.7;13.8;2.3;6.6;0.4;0.73;0.1;0.13;1.6;1.58;0.203;51.3;7.78;4.13;2.09;0.41;1.26;3.36;189;163.2;16.5;2.5;6.7;0.47;0.86;0.11;0.14
-1;0;100;50;0;14.99;2.77;7.72;1.38;1.36;0.165;54.4;8.14;4.14;2.31;0.42;1.37;3.86;180;146.8;22.7;2.7;7.7;0.38;0.71;0.11;0.15;1.51;1.48;0.175;45.6;8.4;4.4;2.39;0.37;1.4;3.86;150.9;130.2;10.1;2.8;7.7;0.82;0.37;0.12;0.16
-1;0;100;50;50;14.93;3.21;9.15;1.5;1.52;0.182;54.1;8.3;4.38;2.35;0.4;1.4;4.57;180.3;147.4;20.9;2.8;9.1;0.38;0.88;0.11;0.15;2.03;2.04;0.183;45.9;11.09;5.8;3.2;0.57;1.81;4.58;152.8;129.7;10.3;3.6;9.2;1.1;0.57;0.15;0.21
-1;0;100;50;100;14.48;3.61;10.16;1.66;1.71;0.204;53.1;8.35;4.4;2.36;0.39;1.36;5.06;180.1;148.3;18.9;2.7;10.1;0.38;1.07;0.11;0.16;2.67;2.66;0.191;46.9;13.89;7.29;3.89;0.69;2.25;5.1;159.2;129;15.5;4.5;10.2;1.4;0.8;0.2;0.26
-1;0;100;100;0;17.27;3.23;9.41;1.55;1.59;0.166;61.8;9.51;4.83;2.79;0.48;1.57;4.66;182.3;141.2;28.6;3.1;9.3;0.35;0.93;0.13;0.18;1.85;1.8;0.176;38.2;10.23;5.33;2.97;0.47;1.66;4.75;112.6;89.8;10;3.3;9.5;1.1;0.36;0.15;0.2
-1;0;100;100;50;17.04;3.78;11.4;1.84;1.8;0.185;60.9;9.72;5.02;2.79;0.46;1.56;5.63;180.9;139.8;26.7;3.1;11.3;0.35;1.16;0.13;0.17;2.67;2.62;0.181;39.1;14.41;7.46;4.16;0.68;2.23;5.76;116.1;90.6;9.5;4.5;11.5;1.63;0.53;0.18;0.27
-1;0;100;100;100;16.9;4.42;12.77;2.07;2.11;0.21;59.4;10;5.37;2.79;0.46;1.62;6.33;181;140.6;24.6;3.2;12.7;0.36;1.43;0.14;0.18;3.35;3.31;0.188;40.6;17.57;9.16;4.99;0.87;2.8;6.45;123.5;90.2;14.8;5.6;12.9;1.96;0.78;0.23;0.33
-1;50;0;0;0;15.39;2.32;6.45;1.17;1.16;0.153;42.9;7.52;3.86;2.2;0.35;1.33;3.24;139.2;119.1;11;2.7;6.5;0.67;0.23;0.12;0.14;0.96;0.94;0.154;57.1;6.05;3.04;1.74;0.3;0.99;3.21;185.4;161.1;16;2;6.4;0.41;0.33;0.08;0.11
-1;50;0;0;50;15.21;2.46;7.05;1.2;1.17;0.157;43.3;7.39;3.8;2.08;0.39;1.29;3.44;140.5;121.2;9.8;2.6;6.9;0.66;0.27;0.1;0.13;1.2;1.16;0.157;56.7;7.32;3.66;2.16;0.38;1.17;3.61;184;158.1;16.3;2.3;7.2;0.43;0.48;0.1;0.14
-1;50;0;0;100;15.07;2.69;7.76;1.25;1.25;0.162;42.9;7.68;3.87;2.28;0.34;1.28;3.83;142.8;124;8.6;2.6;7.7;0.69;0.32;0.1;0.14;1.5;1.48;0.171;57.1;8.59;4.39;2.47;0.45;1.41;3.93;190.1;154.1;25.3;2.8;7.9;0.43;0.78;0.11;0.16
-1;50;0;50;0;17.3;2.68;7.72;1.19;1.18;0.151;48.7;7.74;3.86;2.25;0.41;1.35;3.88;141.7;117.1;14.1;2.7;7.8;0.65;0.28;0.1;0.14;1.36;1.35;0.161;51.3;8.35;4.15;2.51;0.39;1.33;3.84;149;122.8;15.8;2.7;7.7;0.75;0.33;0.11;0.16
-1;50;0;50;50;17.19;3.32;9.35;1.31;1.32;0.157;48.5;8.36;4.16;2.45;0.46;1.38;4.66;142.5;117.5;12.9;2.8;9.3;0.67;0.38;0.11;0.17;1.88;1.9;0.166;51.5;11.43;5.89;3.25;0.59;1.94;4.69;151.5;122.5;15.8;3.9;9.4;1.04;0.47;0.17;0.21
-1;50;0;50;100;17.38;3.8;10.96;1.4;1.41;0.166;47.4;8.42;4.28;2.5;0.39;1.38;5.43;144.8;119.4;11.8;2.8;10.9;0.66;0.48;0.11;0.16;2.52;2.56;0.175;52.6;14.63;7.42;4.25;0.74;2.43;5.53;160.8;120.4;24.5;4.9;11.1;1.31;0.77;0.2;0.28
-1;50;0;100;0;19.28;3.04;9.06;1.29;1.29;0.15;56.4;8.53;4.34;2.51;0.4;1.47;4.49;144.2;114.7;17.5;2.9;9;0.64;0.36;0.12;0.17;1.8;1.7;0.165;43.6;10.28;5.17;3.08;0.51;1.58;4.57;111.7;83.6;15.7;3.2;9.1;1.03;0.32;0.13;0.21
-1;50;0;100;50;19.48;3.88;11.52;1.42;1.41;0.156;55.5;8.98;4.56;2.63;0.47;1.5;5.7;145;114.2;16.4;3;11.4;0.63;0.48;0.12;0.17;2.54;2.49;0.168;44.5;14.76;7.43;4.39;0.75;2.38;5.81;116.1;84;15.7;4.8;11.6;1.54;0.47;0.2;0.28
-1;50;0;100;100;19.54;4.53;12.96;1.52;1.59;0.169;53.8;9.38;4.77;2.75;0.45;1.58;6.51;146.7;115.3;15.3;3.2;13;0.63;0.64;0.14;0.18;3.02;3.13;0.175;46.2;17.85;9.09;5.21;0.9;2.95;6.45;126.2;83.2;24.1;5.9;12.9;1.81;0.75;0.24;0.33
-1;50;50;0;0;15.53;2.78;7.82;1.55;1.51;0.155;43.2;9.68;4.92;2.79;0.49;1.67;3.84;141.6;119.6;11;3.3;7.7;0.89;0.31;0.13;0.18;1.12;1.09;0.163;56.8;6.63;3.4;1.93;0.32;1.1;3.98;186.1;160.4;15.5;2.2;8;0.43;0.44;0.09;0.13
-1;50;50;0;50;15.24;2.92;8.51;1.59;1.62;0.163;43.8;9.9;4.97;2.91;0.45;1.66;4.24;143.2;122;9.4;3.3;8.5;0.91;0.39;0.13;0.19;1.37;1.39;0.172;56.2;8.01;4.07;2.32;0.39;1.26;4.27;183.9;156.9;15.9;2.5;8.5;0.44;0.67;0.11;0.15
-1;50;50;0;100;14.96;3.18;9.11;1.74;1.75;0.17;43.4;10.26;5.26;2.89;0.5;1.73;4.44;145.2;124.4;8.5;3.5;8.9;0.95;0.48;0.13;0.19;1.71;1.73;0.189;56.6;9.14;4.71;2.64;0.43;1.45;4.67;189.6;153.6;23.8;2.9;9.3;0.44;1;0.12;0.18
-1;50;50;50;0;17.15;3.28;9.38;1.64;1.63;0.154;48.6;10.5;5.16;3.16;0.54;1.74;4.58;142.8;116.1;14;3.5;9.2;0.87;0.42;0.15;0.2;1.51;1.52;0.168;51.4;9.02;4.65;2.56;0.47;1.54;4.8;151.2;123.9;14.6;3.1;9.6;0.79;0.42;0.14;0.18
-1;50;50;50;50;17.43;3.59;10.77;1.82;1.77;0.163;48.8;10.79;5.55;3.09;0.55;1.78;5.32;144.9;117.4;13.3;3.6;10.6;0.87;0.56;0.14;0.2;2.08;2.05;0.174;51.2;11.74;6.05;3.38;0.6;1.82;5.45;152.1;122.5;15.1;3.6;10.9;1.02;0.65;0.15;0.23
-1;50;50;50;100;17.23;4.14;12.22;1.92;1.98;0.176;48.6;11.16;5.67;3.28;0.52;1.77;6.09;152.2;118.5;18;3.5;12.2;0.89;0.73;0.14;0.21;2.72;2.71;0.184;51.4;14.64;7.55;4.22;0.72;2.37;6.13;161;121.3;22.7;4.7;12.3;1.29;0.95;0.19;0.27
-1;50;50;100;0;19.2;3.65;10.66;1.84;1.82;0.157;55.9;11.5;5.75;3.38;0.6;1.87;5.27;144.6;112.7;17.7;3.7;10.5;0.84;0.59;0.17;0.22;1.77;1.81;0.169;44.1;10.64;5.42;3.13;0.53;1.78;5.39;113.9;85.1;14.5;3.6;10.8;1.06;0.4;0.14;0.21
-1;50;50;100;50;19.42;4.46;12.92;2.01;2.02;0.168;56.9;11.99;6.19;3.46;0.63;1.98;6.44;155.1;113.3;24.9;4;12.9;0.85;0.78;0.17;0.23;2.67;2.65;0.175;43.1;15.1;7.77;4.35;0.7;2.48;6.49;117.1;84.7;14.5;5;13;1.53;0.62;0.2;0.29
-1;50;50;100;100;19.44;4.92;14.31;2.16;2.23;0.181;55;12.32;6.35;3.58;0.63;2.02;7.04;155.2;113.3;23.7;4;14.1;0.83;1;0.17;0.24;3.28;3.32;0.183;45;18.09;9.34;5.16;0.91;2.89;7.26;126.8;84.7;21.8;5.8;14.5;1.82;0.91;0.24;0.35
-1;50;100;0;0;15.15;3.16;9.17;1.96;2.01;0.161;44.5;12.43;6.2;3.71;0.64;2.05;4.56;149.1;119.7;16.1;4.1;9.1;1.14;0.44;0.18;0.24;1.27;1.23;0.177;55.5;6.87;3.54;1.99;0.36;1.11;4.61;185.9;160.2;14.3;2.2;9.2;0.42;0.58;0.1;0.12
-1;50;100;0;50;15.05;3.42;9.72;2.08;2.15;0.17;44;12.57;6.43;3.66;0.6;2.11;4.79;150.4;122.2;14.4;4.2;9.6;1.16;0.58;0.17;0.23;1.54;1.57;0.194;56;8.07;4.19;2.28;0.4;1.31;4.93;191.1;156.7;22;2.6;9.9;0.41;0.9;0.11;0.15
-1;50;100;0;100;14.77;3.52;10.23;2.26;2.27;0.177;44.5;12.76;6.59;3.61;0.61;2.06;5.04;151.5;124.3;13.1;4.1;10.1;1.17;0.69;0.17;0.24;2.01;2;0.212;55.5;9.37;5.07;2.54;0.45;1.46;5.19;189.2;153.7;22.2;2.9;10.4;0.44;1.26;0.12;0.17
-1;50;100;50;0;17.18;3.78;10.88;2.16;2.22;0.164;50.1;13.5;6.74;4.11;0.67;2.23;5.42;152.2;115.9;21;4.5;10.8;1.12;0.65;0.18;0.26;1.65;1.65;0.178;49.9;9.24;4.81;2.63;0.44;1.55;5.46;151.9;124.1;13.7;3.1;10.9;0.78;0.56;0.13;0.18
-1;50;100;50;50;17.09;4.26;12.08;2.42;2.42;0.173;48.8;13.9;7.18;3.96;0.64;2.31;6.06;152.7;116;20;4.6;12.1;1.11;0.84;0.19;0.27;2.22;2.27;0.188;51.2;12.05;6.24;3.47;0.58;1.95;6.02;160.5;124;20.5;3.9;12;1.05;0.83;0.17;0.22
-1;50;100;50;100;17.08;4.68;13.48;2.59;2.62;0.186;48.6;13.99;7.36;3.94;0.65;2.3;6.66;153.3;117.2;18.1;4.6;13.3;1.12;1.05;0.2;0.25;3.08;2.99;0.198;51.4;15.08;8;4.25;0.71;2.38;6.82;162;122.7;20.9;4.8;13.6;1.34;1.17;0.19;0.28
-1;50;100;100;0;19.29;4.24;12.29;2.41;2.4;0.164;57.2;14.54;7.33;4.31;0.74;2.36;6.14;154.8;111.4;26.4;4.7;12.3;1.06;0.86;0.2;0.28;1.97;2;0.178;42.8;11.23;5.79;3.2;0.54;1.88;6.15;115.5;86;13.4;3.8;12.3;1.1;0.54;0.15;0.21
-1;50;100;100;50;19.39;5;14.29;2.64;2.66;0.176;55.5;15.06;7.73;4.46;0.74;2.43;7.08;156.1;111.7;25.4;4.9;14.2;1.07;1.09;0.21;0.28;2.81;2.87;0.186;44.5;15.39;7.9;4.42;0.76;2.57;7.21;125.3;85.8;19.9;5.1;14.4;1.54;0.82;0.22;0.29
-1;50;100;100;100;19.16;5.35;15.63;2.96;2.94;0.191;55.2;15.29;8;4.33;0.78;2.47;7.81;156.1;112;23.5;4.9;15.6;1.08;1.37;0.21;0.28;3.61;3.58;0.194;44.8;18.44;9.71;5.14;0.91;2.88;7.82;126.8;85.6;19.8;5.8;15.6;1.86;1.14;0.25;0.34
-1;100;0;0;0;17.75;2.72;7.78;1.36;1.41;0.154;35.4;9.11;4.47;2.77;0.51;1.51;3.83;102.7;81.1;11;3;7.7;0.9;0.22;0.12;0.18;1.13;1.06;0.152;64.6;6.87;3.54;2;0.29;1.21;3.95;187.5;157.4;19.8;2.4;7.9;0.41;0.41;0.1;0.14
-1;100;0;0;50;17.36;2.94;8.55;1.45;1.47;0.158;36;9.23;4.64;2.72;0.44;1.55;4.22;103.9;82.9;9.5;3.1;8.4;0.91;0.26;0.13;0.17;1.33;1.35;0.161;64;8.37;4.22;2.44;0.42;1.38;4.33;185;153.5;20;2.8;8.7;0.43;0.65;0.12;0.16
-1;100;0;0;100;17.36;3.23;9.33;1.58;1.55;0.162;35.7;9.48;4.86;2.69;0.47;1.61;4.66;106.5;85.4;8.6;3.2;9.3;0.93;0.32;0.13;0.18;1.78;1.74;0.172;64.3;10.13;5.13;2.95;0.51;1.62;4.66;191.6;148.2;30.9;3.2;9.3;0.42;0.99;0.14;0.2
-1;100;0;50;0;19.45;3.16;8.93;1.44;1.44;0.153;40.9;9.4;4.69;2.76;0.49;1.6;4.38;105.2;79.5;13.8;3.2;8.8;0.86;0.28;0.14;0.17;1.48;1.46;0.16;59.1;9.11;4.7;2.59;0.44;1.57;4.55;152.2;120.4;19.6;3.1;9.1;0.74;0.41;0.14;0.17
-1;100;0;50;50;19.22;3.66;10.53;1.61;1.56;0.158;41.2;9.83;4.93;2.92;0.49;1.58;5.27;106.9;80.7;12.4;3.2;10.5;0.89;0.34;0.14;0.19;2.06;2.05;0.167;58.8;12.27;6.2;3.62;0.58;2.08;5.26;152.7;118.5;19.6;4.2;10.5;1;0.64;0.18;0.22
-1;100;0;50;100;19.24;4.28;12.24;1.68;1.69;0.166;40.1;10.16;5.17;2.93;0.51;1.73;6.11;109.3;82.4;11.2;3.5;12.2;0.9;0.45;0.14;0.19;2.83;2.74;0.174;59.9;15.74;8.04;4.51;0.79;2.55;6.13;163.1;115.8;30;5.1;12.3;1.26;0.98;0.22;0.29
-1;100;0;100;0;21.1;3.54;9.94;1.53;1.55;0.151;48.6;10.15;5.08;2.98;0.52;1.74;4.91;108.3;77.8;17.2;3.5;9.8;0.86;0.36;0.14;0.19;1.79;1.76;0.163;51.4;10.74;5.48;3.06;0.56;1.8;5.03;114.7;82.1;18.9;3.6;10.1;1.01;0.39;0.16;0.21
-1;100;0;100;50;21.44;4.32;12.66;1.63;1.69;0.157;48.3;10.71;5.34;3.2;0.55;1.8;6.3;110.5;78.2;16.1;3.6;12.6;0.86;0.48;0.14;0.2;2.57;2.6;0.169;51.7;15.32;7.86;4.43;0.75;2.52;6.36;118.5;81.8;19;5;12.7;1.47;0.63;0.21;0.29
-1;100;0;100;100;21.42;4.87;14.22;1.8;1.86;0.167;46.3;11.06;5.52;3.26;0.59;1.8;7.09;111.9;79.3;14.8;3.6;14.2;0.85;0.64;0.15;0.21;3.37;3.3;0.175;53.7;18.84;9.76;5.4;0.93;3.07;7.12;130;80.5;29.1;6.1;14.2;1.74;0.94;0.26;0.35
-1;100;50;0;0;17.65;3.4;9.81;2.07;2.04;0.157;36.6;12.93;6.43;3.83;0.65;2.11;4.96;107.1;82.4;10.6;4.2;9.9;1.32;0.29;0.18;0.25;1.23;1.23;0.161;63.4;7.54;3.85;2.14;0.41;1.29;4.85;185.7;154.5;19;2.6;9.7;0.41;0.56;0.12;0.14
-1;100;50;0;50;17.71;3.69;10.55;2.2;2.16;0.162;35.8;13.26;6.74;3.87;0.68;2.19;5.19;108.2;84;9.5;4.4;10.4;1.34;0.39;0.18;0.26;1.64;1.61;0.178;64.2;9.01;4.68;2.51;0.45;1.5;5.37;194.1;151.1;29.2;3;10.7;0.4;0.91;0.13;0.17
-1;100;50;0;100;17.66;4.02;11.46;2.21;2.24;0.167;36.9;13.36;6.78;3.92;0.67;2.27;5.72;111.1;87;8.1;4.5;11.4;1.37;0.44;0.18;0.24;2.13;2.07;0.19;63.1;10.83;5.76;3;0.5;1.75;5.74;190;144.6;30.4;3.5;11.5;0.41;1.32;0.15;0.19
-1;100;50;50;0;19.61;3.94;11.12;2.16;2.11;0.156;41.8;13.43;6.84;3.93;0.66;2.32;5.53;109.6;79.9;13.9;4.6;11.1;1.26;0.4;0.19;0.26;1.59;1.61;0.165;58.2;9.7;4.9;2.85;0.47;1.62;5.6;152.6;119.8;18.4;3.2;11.2;0.75;0.55;0.13;0.18
-1;100;50;50;50;19.56;4.38;12.78;2.25;2.26;0.163;40.4;13.82;6.93;4.09;0.72;2.25;6.22;110.6;81.3;12.4;4.5;12.4;1.29;0.53;0.19;0.26;2.29;2.32;0.178;59.6;13.01;6.62;3.82;0.62;2.14;6.57;163.3;117.6;28.3;4.3;13.1;0.99;0.91;0.18;0.24
-1;100;50;50;100;19.59;5.02;14.41;2.49;2.53;0.173;42.2;14.59;7.5;4.22;0.73;2.41;7.19;119.2;82.6;17.4;4.8;14.4;1.34;0.7;0.21;0.28;2.94;2.97;0.186;57.8;15.95;8.31;4.6;0.76;2.6;7.22;163.2;115.5;28.1;5.2;14.4;1.23;1.21;0.22;0.3
-1;100;50;100;0;21.18;4.21;12.48;2.24;2.3;0.158;49;14.49;7.27;4.28;0.75;2.33;6.23;111.9;77.7;17;4.7;12.5;1.25;0.57;0.2;0.28;1.99;1.93;0.168;51;11.45;5.85;3.35;0.59;1.89;6.26;116.3;82.3;17.8;3.8;12.5;1.02;0.53;0.17;0.22
-1;100;50;100;50;21.33;5.02;14.48;2.47;2.47;0.166;48.6;14.77;7.45;4.37;0.75;2.43;7.1;121.2;78.2;24;4.9;14.2;1.24;0.74;0.2;0.29;2.91;2.87;0.178;51.4;16.07;8.37;4.55;0.73;2.59;7.38;128.4;81.8;26.7;5.2;14.8;1.48;0.85;0.23;0.31
-1;100;50;100;100;21.54;5.68;16.23;2.75;2.72;0.176;48.3;15.41;7.94;4.45;0.74;2.52;8.01;122.3;78.8;22.4;5;16;1.26;0.96;0.21;0.29;3.5;3.57;0.184;51.7;19.34;9.91;5.6;0.95;3.16;8.22;130.9;81.1;27.1;6.3;16.4;1.77;1.17;0.27;0.36
-1;100;100;0;0;17.78;3.98;11.36;2.54;2.52;0.16;38.1;15.64;7.91;4.66;0.74;2.65;5.66;114.8;82.4;15.8;5.3;11.3;1.57;0.44;0.21;0.3;1.47;1.44;0.177;61.9;8.09;4.23;2.32;0.38;1.33;5.71;186.5;154.5;18;2.7;11.4;0.42;0.76;0.11;0.15
-1;100;100;0;50;17.36;4.23;12.17;2.63;2.7;0.168;37.6;16.06;8.14;4.72;0.78;2.67;6.01;115.9;84.7;13.8;5.3;12;1.63;0.56;0.22;0.3;1.9;1.88;0.195;62.4;9.6;5.04;2.68;0.48;1.56;6.16;192.2;149.5;27.3;3.1;12.3;0.42;1.16;0.13;0.18
-1;100;100;0;100;17.32;4.45;12.77;2.76;2.83;0.173;38.3;16.3;8.28;4.76;0.82;2.74;6.29;117.3;87.2;12.1;5.5;12.6;1.67;0.64;0.23;0.3;2.37;2.41;0.217;61.7;11.12;5.96;3.06;0.51;1.71;6.48;188.9;144.4;28.1;3.4;13;0.4;1.66;0.15;0.2
-1;100;100;50;0;19.44;4.48;12.89;2.64;2.73;0.163;43.6;16.63;8.38;4.86;0.84;2.77;6.4;118.9;79.8;20.7;5.5;12.8;1.52;0.64;0.24;0.32;1.82;1.84;0.178;56.4;10.32;5.32;3.01;0.5;1.71;6.49;153.6;119.9;17.3;3.4;13;0.75;0.75;0.14;0.2
-1;100;100;50;50;19.67;4.96;14.23;2.81;2.86;0.171;42.5;16.72;8.56;4.87;0.85;2.79;7.15;120.2;81.6;18.7;5.6;14.3;1.53;0.78;0.24;0.32;2.56;2.58;0.191;57.5;13.48;7.12;3.78;0.68;2.18;7.08;162.9;117;27.3;4.4;14.2;0.98;1.15;0.19;0.26
-1;100;100;50;100;19.21;5.42;15.53;3.14;3.16;0.181;42.5;17.42;9.02;5;0.86;2.95;7.65;120.6;82.1;17.3;5.9;15.3;1.59;0.99;0.25;0.32;3.32;3.29;0.202;57.5;16.22;8.59;4.55;0.79;2.47;7.88;163.3;116.2;26.4;4.9;15.8;1.23;1.54;0.21;0.3
-1;100;100;100;0;21.25;4.89;14.19;2.84;2.9;0.164;51.1;17.64;8.89;5.21;0.88;2.91;7.08;123;77.2;25.9;5.8;14.2;1.47;0.84;0.25;0.34;2.15;2.18;0.178;48.9;12.2;6.31;3.46;0.59;1.98;7.11;117.9;82.9;16.8;4;14.2;1.04;0.73;0.18;0.23
-1;100;100;100;50;21.49;5.67;16.05;3.15;3.13;0.173;48.9;18;9.24;5.22;0.83;2.97;8.01;123.9;77.2;24.7;5.9;16;1.46;1.07;0.25;0.35;3.09;3.08;0.187;51.1;16.43;8.6;4.61;0.78;2.7;8.05;129.6;82.8;25.3;5.4;16.1;1.5;1.05;0.22;0.31
-1;100;100;100;100;21.19;6.03;17.5;3.48;3.37;0.185;48.6;18.17;9.52;5.11;0.88;2.92;8.66;123.8;78.6;22;5.8;17.3;1.51;1.29;0.24;0.33;3.86;3.89;0.197;51.4;19.67;10.27;5.53;0.97;3.11;8.85;130.7;81.3;25.5;6.2;17.7;1.78;1.49;0.26;0.36
0;0;0;0;0;13.68;1.76;5.29;0.79;0.82;0.152;50.1;5.31;2.62;1.57;0.27;0.9;2.66;179.4;160.3;12;1.8;5.3;0.4;0.25;0.07;0.1;0.82;0.84;0.151;49.9;5.47;2.7;1.62;0.3;0.86;2.63;178.8;159.7;12.1;1.7;5.3;0.4;0.26;0.07;0.11
0;0;0;0;50;13.26;1.89;5.54;0.87;0.88;0.16;50.3;5.43;2.77;1.6;0.26;0.9;2.79;180.2;161.9;10.9;1.8;5.6;0.4;0.3;0.08;0.1;0.94;0.95;0.155;49.7;6.05;3.02;1.78;0.31;0.99;2.75;177.9;158.1;12.3;2;5.5;0.41;0.34;0.08;0.12
0;0;0;0;100;12.88;2.15;6.05;0.94;0.96;0.168;49.8;5.64;2.92;1.59;0.28;0.99;3.03;181.6;163.9;9.6;2;6.1;0.42;0.35;0.08;0.11;1.16;1.18;0.163;50.2;7.18;3.56;2.12;0.35;1.17;3.01;182.9;156.1;18.5;2.3;6;0.43;0.52;0.1;0.13
0;0;0;50;0;15.6;2.35;6.71;0.88;0.91;0.151;55.6;5.98;3;1.8;0.32;1.01;3.3;180.4;156.4;15.4;2;6.6;0.4;0.31;0.08;0.12;1.28;1.23;0.158;44.4;7.73;3.94;2.25;0.38;1.34;3.41;143.9;122.7;11.7;2.7;6.8;0.73;0.25;0.11;0.14
0;0;0;50;50;15.39;2.72;7.8;0.99;0.98;0.159;55.4;6.07;3.13;1.74;0.29;1.03;3.89;181;157;14.2;2.1;7.8;0.39;0.38;0.09;0.12;1.62;1.64;0.161;44.6;10.13;5.08;2.97;0.51;1.69;3.91;145.4;122.3;11.9;3.4;7.8;0.98;0.33;0.14;0.19
0;0;0;50;100;15.39;3.24;9.22;1.2;1.16;0.173;54.3;6.65;3.45;1.93;0.3;1.08;4.63;181.9;157;13.4;2.2;9.3;0.4;0.54;0.1;0.12;2.25;2.16;0.167;45.7;12.93;6.64;3.74;0.62;2.16;4.58;153.3;122.2;17.6;4.3;9.2;1.24;0.49;0.18;0.25
0;0;0;100;0;17.69;2.78;7.73;1.02;1;0.149;63.3;6.64;3.38;1.92;0.36;1.15;3.88;182.9;154.1;18.7;2.3;7.8;0.39;0.38;0.1;0.12;1.54;1.54;0.161;36.7;9.53;4.8;2.81;0.49;1.64;3.85;105.8;83;11.9;3.3;7.7;0.97;0.25;0.14;0.19
0;0;0;100;50;17.56;3.4;9.75;1.19;1.16;0.158;62.2;7.29;3.65;2.15;0.34;1.2;4.87;181.2;151.2;17.9;2.4;9.7;0.39;0.53;0.09;0.15;2.18;2.19;0.164;37.8;13.3;6.73;3.88;0.64;2.21;4.88;109.8;84.4;11.2;4.4;9.8;1.43;0.32;0.19;0.25
0;0;0;100;100;17.65;3.94;11.52;1.36;1.37;0.174;60.8;7.82;4.03;2.22;0.41;1.24;5.88;182.8;151.7;16.9;2.5;11.8;0.4;0.71;0.1;0.15;2.76;2.72;0.167;39.2;16.2;8.23;4.73;0.8;2.7;5.64;118;84.1;17.2;5.4;11.3;1.71;0.48;0.22;0.3
0;0;50;0;0;13.13;1.95;5.61;0.97;0.99;0.155;49.8;6.31;3.15;1.89;0.33;1.01;2.89;178.1;158.2;12.1;2;5.8;0.42;0.35;0.08;0.14;0.86;0.87;0.16;50.2;5.36;2.75;1.52;0.26;0.94;2.73;179.9;161.8;10.8;1.9;5.5;0.4;0.29;0.08;0.1
0;0;50;0;50;12.95;2.09;6.08;1.07;1.08;0.168;50;6.39;3.26;1.86;0.31;1.02;3.03;179.4;160.2;11.1;2;6.1;0.43;0.45;0.09;0.12;1.12;1.09;0.168;50;6.4;3.29;1.91;0.29;1.07;3.04;179.1;159.8;11;2.1;6.1;0.42;0.45;0.09;0.13
0;0;50;0;100;12.37;2.27;6.32;1.2;1.17;0.181;49.6;6.4;3.32;1.83;0.31;1.05;3.15;180.5;162.3;9.8;2.1;6.3;0.42;0.55;0.09;0.12;1.35;1.35;0.183;50.4;7.31;3.83;2;0.37;1.22;3.16;183.1;157.7;16.6;2.4;6.3;0.43;0.68;0.1;0.14
0;0;50;50;0;15.18;2.37;7.2;1.07;1.08;0.154;55.4;6.96;3.45;2.08;0.37;1.11;3.6;179.3;154.6;15.2;2.2;7.2;0.39;0.45;0.1;0.14;1.24;1.29;0.163;44.6;7.85;3.88;2.33;0.39;1.26;3.6;144.5;124;10.8;2.5;7.2;0.73;0.3;0.1;0.15
0;0;50;50;50;15.28;2.9;8.51;1.29;1.29;0.168;54.9;7.58;3.84;2.23;0.38;1.23;4.23;179.2;153.5;14.8;2.5;8.5;0.4;0.64;0.1;0.15;1.76;1.76;0.169;45.1;10.38;5.22;3.01;0.54;1.67;4.28;147.4;124.9;10.6;3.3;8.6;0.99;0.43;0.14;0.2
0;0;50;50;100;14.89;3.37;9.86;1.51;1.49;0.19;54.7;7.79;4.06;2.2;0.38;1.25;4.93;186.4;154.1;20;2.5;9.9;0.41;0.83;0.11;0.15;2.32;2.33;0.177;45.3;13.16;6.71;3.82;0.67;2.12;4.93;154.5;124.4;16;4.2;9.9;1.26;0.65;0.17;0.25
0;0;50;100;0;17.47;3.01;8.65;1.28;1.31;0.158;62.5;8.28;4.08;2.48;0.45;1.39;4.34;179.8;149;19.3;2.8;8.7;0.39;0.65;0.11;0.17;1.59;1.6;0.165;37.5;9.66;4.87;2.91;0.46;1.62;4.31;107.8;85.5;10.4;3.2;8.6;1;0.28;0.14;0.18
0;0;50;100;50;17.55;3.69;10.63;1.54;1.55;0.175;62.9;8.84;4.55;2.56;0.42;1.46;5.42;189;147.6;27.7;2.9;10.8;0.38;0.87;0.13;0.17;2.33;2.31;0.169;37.1;13.64;6.99;3.98;0.64;2.23;5.22;111.3;86.2;10.2;4.5;10.4;1.46;0.41;0.18;0.25
0;0;50;100;100;17.5;4.3;12.07;1.79;1.77;0.192;61.2;9.14;4.76;2.58;0.46;1.49;5.99;188.4;147.2;26.2;3;12;0.38;1.1;0.12;0.17;3;2.94;0.176;38.8;16.7;8.68;4.74;0.82;2.81;6.08;119.3;86.4;15.1;5.6;12.2;1.75;0.62;0.25;0.32
0;0;100;0;0;13.05;2.16;6.03;1.14;1.16;0.163;50.2;7.03;3.52;2.08;0.36;1.16;2.96;183.2;156.1;18.8;2.3;5.9;0.41;0.52;0.1;0.13;0.97;0.96;0.168;49.8;5.65;2.94;1.56;0.28;1;3.07;182;163.9;9.9;2;6.1;0.41;0.36;0.09;0.11
0;0;100;0;50;12.43;2.26;6.45;1.36;1.35;0.183;50.4;7.32;3.77;2.11;0.36;1.2;3.2;183.4;157.7;16.8;2.4;6.4;0.44;0.67;0.1;0.14;1.18;1.19;0.182;49.6;6.48;3.37;1.87;0.33;1.06;3.25;180.6;162.3;9.7;2.1;6.5;0.43;0.54;0.09;0.13
0;0;100;0;100;12.07;2.29;6.75;1.43;1.44;0.198;50;7.24;3.78;2.06;0.35;1.11;3.33;184.3;160.4;15;2.2;6.7;0.43;0.79;0.09;0.13;1.47;1.47;0.198;50;7.36;3.92;2.04;0.34;1.18;3.41;184;159.6;15.2;2.4;6.8;0.43;0.81;0.09;0.13
0;0;100;50;0;15.07;2.7;7.76;1.47;1.43;0.169;55.7;8.45;4.28;2.47;0.41;1.38;3.91;185.1;150.3;24.2;2.8;7.8;0.4;0.75;0.12;0.16;1.4;1.36;0.169;44.3;8;4.11;2.31;0.41;1.32;3.85;147;127.3;9.3;2.6;7.7;0.75;0.35;0.11;0.15
0;0;100;50;50;15.08;3.2;9.2;1.66;1.63;0.186;55.3;8.76;4.58;2.54;0.45;1.43;4.61;184.9;150.2;22.6;2.9;9.2;0.4;0.96;0.11;0.16;1.79;1.89;0.177;44.7;10.63;5.39;3.06;0.54;1.78;4.59;149.6;127.3;9.5;3.6;9.2;1.01;0.53;0.15;0.2
0;0;100;50;100;14.83;3.59;10.25;1.9;1.89;0.209;54.2;9;4.79;2.48;0.42;1.4;5.18;184.8;150.5;21.1;2.8;10.4;0.4;1.2;0.12;0.17;2.39;2.46;0.184;45.8;13.27;6.87;3.79;0.64;2.19;5.08;155.9;127.1;14.3;4.4;10.2;1.28;0.75;0.18;0.25
0;0;100;100;0;17.12;3.28;9.37;1.62;1.65;0.169;63.1;9.73;4.94;2.84;0.49;1.59;4.64;186.9;145.3;29.2;3.2;9.3;0.4;0.92;0.14;0.19;1.64;1.69;0.169;36.9;9.94;5.08;2.88;0.49;1.69;4.73;109.2;87.3;9.1;3.4;9.5;1.03;0.33;0.13;0.19
0;0;100;100;50;17.25;4.06;11.45;1.91;1.93;0.188;62.1;10.27;5.37;2.92;0.51;1.71;5.78;186.1;143.1;28.1;3.4;11.6;0.39;1.21;0.14;0.19;2.4;2.44;0.174;37.9;13.93;7.12;4.04;0.69;2.35;5.67;113.3;88.4;8.8;4.7;11.3;1.51;0.49;0.19;0.25
0;0;100;100;100;17.17;4.43;12.73;2.23;2.26;0.213;60.6;10.57;5.63;2.95;0.49;1.6;6.34;185.2;143;26.3;3.2;12.7;0.38;1.54;0.13;0.2;3.15;3.1;0.181;39.4;17.1;8.92;4.85;0.82;2.83;6.38;120.5;88.5;13.6;5.7;12.8;1.81;0.73;0.24;0.32
0;50;0;0;0;15.65;2.27;6.56;1.2;1.21;0.158;44.3;7.61;3.83;2.27;0.39;1.32;3.29;143.4;122.3;11.9;2.6;6.6;0.72;0.24;0.11;0.14;0.88;0.89;0.15;55.7;5.85;2.89;1.72;0.32;0.95;3.27;180.7;156.9;15.4;1.9;6.5;0.39;0.31;0.08;0.11
0;50;0;0;50;15.28;2.44;7.14;1.27;1.27;0.163;44.8;7.72;3.91;2.25;0.38;1.24;3.56;145.1;124.8;10.7;2.5;7.1;0.73;0.29;0.1;0.15;1.07;1.11;0.154;55.2;7.15;3.54;2.09;0.4;1.2;3.58;178.7;153.6;15.6;2.4;7.2;0.39;0.47;0.11;0.14
0;50;0;0;100;15.03;2.76;7.84;1.39;1.37;0.169;44.4;8.05;4.11;2.32;0.41;1.31;3.95;147.4;127.5;9.4;2.6;7.9;0.75;0.35;0.11;0.15;1.42;1.44;0.169;55.6;8.48;4.39;2.42;0.42;1.45;3.89;184.6;150.1;23.9;2.9;7.8;0.4;0.75;0.12;0.17
0;50;0;50;0;17.43;2.74;7.92;1.3;1.31;0.157;49.9;8.33;4.24;2.5;0.38;1.41;3.94;145.3;119.4;15.2;2.8;7.9;0.71;0.32;0.12;0.17;1.26;1.27;0.157;50.1;8.05;4.02;2.41;0.39;1.33;3.98;146.2;120.6;15;2.7;8;0.71;0.3;0.12;0.15
0;50;0;50;50;17.22;3.26;9.45;1.38;1.41;0.163;49.9;8.6;4.32;2.45;0.46;1.42;4.74;146.8;120.7;13.7;2.8;9.5;0.73;0.39;0.13;0.16;1.75;1.77;0.16;50.1;11.03;5.58;3.25;0.56;1.84;4.71;147.3;119.3;15;3.7;9.4;0.97;0.44;0.15;0.21
0;50;0;50;100;17.2;3.64;10.85;1.57;1.54;0.173;48.7;8.88;4.54;2.59;0.46;1.39;5.41;148.4;122.1;12.6;2.8;10.8;0.73;0.52;0.12;0.17;2.37;2.39;0.169;51.3;14.08;7.16;4.07;0.71;2.24;5.44;156.3;117.9;23.1;4.5;10.9;1.2;0.72;0.19;0.27
0;50;0;100;0;19.24;3.15;9.1;1.38;1.38;0.154;57.6;8.88;4.44;2.65;0.42;1.5;4.56;148;117.4;18.4;3;9.1;0.69;0.39;0.12;0.17;1.61;1.58;0.159;42.4;9.9;5.08;2.87;0.49;1.65;4.54;108.8;81.7;14.6;3.3;9.1;0.95;0.31;0.14;0.19
0;50;0;100;50;19.57;4.02;11.25;1.52;1.52;0.162;56.9;9.37;4.92;2.65;0.45;1.65;5.56;148.9;117;17.5;3.3;11.1;0.69;0.51;0.14;0.18;2.3;2.3;0.162;43.1;14.15;7.15;4.15;0.71;2.36;5.69;112.8;82;14.7;4.7;11.4;1.4;0.44;0.2;0.27
0;50;0;100;100;19.3;4.48;12.66;1.77;1.7;0.173;54.9;9.8;5.04;2.81;0.5;1.62;6.25;149.1;116.9;16.4;3.2;12.5;0.7;0.69;0.13;0.18;2.89;2.91;0.169;45.1;17.17;8.79;4.91;0.85;2.86;6.41;122.4;82;21.9;5.7;12.8;1.68;0.68;0.25;0.31
0;50;50;0;0;15.36;2.7;7.94;1.62;1.63;0.162;44.8;10.06;5.06;2.96;0.49;1.66;4.03;146;123.2;11.5;3.3;8.1;0.99;0.32;0.14;0.19;1.02;1.02;0.159;55.2;6.32;3.18;1.87;0.34;1.04;3.91;180.1;155.8;14.4;2.1;7.8;0.39;0.41;0.09;0.12
0;50;50;0;50;15.44;2.97;8.51;1.73;1.75;0.169;45.1;10.34;5.23;3.05;0.51;1.73;4.27;147.6;125;10.7;3.5;8.5;0.98;0.44;0.14;0.2;1.28;1.28;0.168;54.9;7.55;3.82;2.16;0.36;1.24;4.24;179.4;153.4;15.1;2.5;8.5;0.39;0.65;0.1;0.14
0;50;50;0;100;14.95;3.09;9.03;1.82;1.89;0.177;44.8;10.65;5.4;3.1;0.54;1.71;4.54;149.4;127.5;9.5;3.4;9.1;1.01;0.52;0.15;0.21;1.66;1.62;0.186;55.2;8.65;4.54;2.4;0.44;1.39;4.5;184.3;150;22.6;2.8;9;0.39;0.95;0.12;0.16
0;50;50;50;0;17.27;3.38;9.33;1.75;1.78;0.161;50.1;11.03;5.52;3.3;0.54;1.91;4.69;147.3;119.1;15;3.8;9.4;0.96;0.44;0.16;0.22;1.38;1.38;0.162;49.9;8.45;4.31;2.44;0.42;1.47;4.63;146.8;120.9;13.7;2.9;9.3;0.72;0.39;0.12;0.15
0;50;50;50;50;17.19;3.73;10.7;1.94;1.92;0.169;50.1;11.27;5.82;3.26;0.54;1.89;5.38;148.7;120.2;14;3.8;10.8;0.95;0.59;0.17;0.21;1.92;1.93;0.169;49.9;11.36;5.79;3.36;0.53;1.84;5.33;148.1;119.8;13.9;3.7;10.7;0.96;0.59;0.17;0.22
0;50;50;50;100;17.24;4.27;12.17;2.13;2.15;0.183;49.9;11.71;6.12;3.3;0.56;1.9;6.14;156.4;120.9;19.4;3.8;12.3;0.96;0.81;0.15;0.22;2.58;2.55;0.179;50.1;14.23;7.4;4.05;0.71;2.37;6.03;157;119.1;21.2;4.7;12.1;1.2;0.9;0.2;0.26
0;50;50;100;0;19.46;3.64;10.69;1.93;1.93;0.161;57.3;11.94;6.07;3.5;0.6;1.98;5.25;148.9;115.6;18.8;4;10.5;0.92;0.63;0.16;0.22;1.68;1.68;0.164;42.7;10.23;5.14;2.95;0.53;1.65;5.44;110.8;82.9;13.6;3.3;10.9;0.96;0.38;0.14;0.2
0;50;50;100;50;19.56;4.42;12.81;2.11;2.16;0.172;58;12.49;6.34;3.59;0.66;2.05;6.33;158.3;114.6;26.9;4.1;12.7;0.92;0.86;0.16;0.23;2.36;2.43;0.169;42;14.33;7.28;4.16;0.72;2.37;6.48;114.7;83.6;13.4;4.7;13;1.4;0.57;0.2;0.27
0;50;50;100;100;19.38;4.92;14.19;2.39;2.36;0.185;56.5;12.74;6.47;3.75;0.63;2.02;7.17;159.4;116.3;24.8;4;14.3;0.92;1.04;0.16;0.23;3.05;3.11;0.177;43.5;17.52;9.02;5.06;0.82;2.9;7.01;122.7;82.5;20.4;5.8;14;1.68;0.85;0.25;0.33
0;50;100;0;0;15.42;3.31;9.3;2.12;2.2;0.167;45.8;13.12;6.66;3.84;0.65;2.22;4.61;153.7;122.2;17.8;4.4;9.2;1.26;0.5;0.2;0.25;1.17;1.16;0.173;54.2;6.66;3.39;1.93;0.3;1.09;4.68;181.9;157;13.3;2.2;9.4;0.4;0.55;0.1;0.12
0;50;100;0;50;15.02;3.38;9.78;2.34;2.33;0.177;45.3;13.11;6.73;3.75;0.67;2.13;4.83;154.7;124.8;15.9;4.3;9.7;1.26;0.64;0.19;0.24;1.48;1.51;0.191;54.7;7.87;4.06;2.26;0.39;1.25;4.94;186.5;153.6;20.5;2.5;9.9;0.4;0.85;0.11;0.15
0;50;100;0;100;14.71;3.64;10.44;2.45;2.49;0.184;46.1;13.45;7.06;3.78;0.69;2.28;5.29;157;127.7;14.1;4.6;10.6;1.3;0.74;0.19;0.25;1.84;1.87;0.209;53.9;8.94;4.67;2.53;0.45;1.35;5.14;183.3;149.7;20.6;2.7;10.3;0.4;1.19;0.11;0.17
0;50;100;50;0;17.37;3.77;10.83;2.4;2.37;0.169;51.2;14;7.11;4.15;0.68;2.33;5.38;156.2;117.8;23;4.7;10.8;1.2;0.72;0.19;0.26;1.49;1.51;0.172;48.8;8.71;4.48;2.51;0.43;1.45;5.45;148.7;122.2;12.7;2.9;10.9;0.72;0.5;0.12;0.17
0;50;100;50;50;17.16;4.15;12.31;2.6;2.55;0.179;50.1;14.25;7.26;4.18;0.77;2.29;6.15;157.1;119.3;21;4.6;12.3;1.22;0.88;0.18;0.27;2.08;2.16;0.183;49.9;11.78;6.05;3.42;0.56;1.87;6.16;156.2;120.7;19.5;3.7;12.3;0.98;0.79;0.16;0.22
0;50;100;50;100;16.97;4.76;13.41;2.78;2.77;0.192;50.1;14.42;7.6;3.98;0.71;2.38;6.74;157.7;120.3;19.2;4.8;13.5;1.24;1.07;0.19;0.26;2.72;2.8;0.192;49.9;14.51;7.58;4.17;0.67;2.37;6.67;157.3;119.7;19.4;4.7;13.3;1.23;1.1;0.2;0.27
0;50;100;100;0;19.32;4.19;12.22;2.61;2.56;0.169;58.6;15.08;7.71;4.38;0.78;2.48;6.03;158.9;113.5;28.5;5;12.1;1.15;0.91;0.22;0.28;1.83;1.81;0.172;41.4;10.49;5.33;3.02;0.56;1.71;6.18;112.4;84.4;12.3;3.4;12.4;0.97;0.5;0.14;0.19
0;50;100;100;50;19.55;5;14.19;2.74;2.81;0.181;56.6;15.51;7.96;4.52;0.75;2.55;7.07;159.6;113.3;27.1;5.1;14.1;1.15;1.16;0.21;0.29;2.6;2.66;0.179;43.4;14.78;7.6;4.21;0.7;2.44;7.12;122.1;84.5;18.5;4.9;14.2;1.43;0.74;0.21;0.28
0;50;100;100;100;19.37;5.48;15.75;3.07;3.12;0.197;56;15.79;8.32;4.46;0.75;2.51;7.72;159.2;113.5;25.3;5;15.4;1.15;1.48;0.2;0.29;3.31;3.37;0.187;44;17.96;9.38;5.04;0.89;2.98;8.02;125;84.4;18.6;6;16;1.72;1.06;0.25;0.34
0;100;0;0;0;17.49;2.68;7.76;1.51;1.54;0.161;36.7;9.54;4.81;2.76;0.49;1.61;3.85;105.7;83;11.8;3.2;7.7;0.98;0.24;0.14;0.19;0.97;0.98;0.148;63.3;6.53;3.23;2;0.31;1.07;3.9;182.6;154;18.6;2.1;7.8;0.38;0.38;0.09;0.12
0;100;0;0;50;17.32;3;8.6;1.54;1.59;0.165;37.4;9.62;4.87;2.81;0.51;1.61;4.3;107.4;85.3;10.3;3.2;8.6;0.99;0.28;0.12;0.19;1.33;1.3;0.157;62.6;8.2;4.23;2.37;0.4;1.38;4.3;179.9;149.4;19.2;2.8;8.6;0.4;0.64;0.11;0.16
0;100;0;0;100;17.4;3.3;9.46;1.67;1.69;0.169;36.9;9.94;5.12;2.88;0.48;1.7;4.8;109.7;87.5;9.2;3.4;9.6;1.01;0.35;0.14;0.19;1.67;1.65;0.168;63.1;9.74;4.91;2.9;0.49;1.61;4.66;187.3;145.1;29.7;3.2;9.3;0.38;0.96;0.13;0.18
0;100;0;50;0;19.4;3.12;9.01;1.54;1.56;0.159;42.4;9.77;5;2.83;0.49;1.65;4.54;108.8;81.7;14.7;3.3;9.1;0.94;0.29;0.14;0.19;1.36;1.37;0.154;57.6;8.8;4.37;2.58;0.44;1.47;4.47;148;117.4;18.7;2.9;8.9;0.7;0.38;0.12;0.17
0;100;0;50;50;19.14;3.69;10.48;1.7;1.69;0.164;42.6;10.25;5.14;3.03;0.53;1.71;5.27;110.4;82.8;13.6;3.4;10.5;0.97;0.37;0.14;0.2;1.89;1.9;0.162;57.4;11.69;5.94;3.37;0.61;1.99;5.22;148.6;115.8;18.4;4;10.4;0.91;0.6;0.17;0.22
0;100;0;50;100;19.54;4.19;12.45;1.9;1.82;0.171;41.4;10.58;5.41;3.12;0.55;1.69;6.27;112.7;84.6;12.2;3.4;12.5;0.98;0.5;0.14;0.2;2.54;2.61;0.169;58.6;15.38;7.77;4.53;0.77;2.5;6.18;159.5;113.1;29;5;12.4;1.16;0.94;0.2;0.3
0;100;0;100;0;21.17;3.53;10.14;1.61;1.66;0.158;50;10.49;5.21;3.22;0.51;1.75;5;111.8;80.2;18.1;3.5;10;0.94;0.37;0.15;0.2;1.65;1.65;0.157;50;10.44;5.25;3.09;0.55;1.77;5.14;111.7;79.8;18.1;3.5;10.3;0.92;0.38;0.15;0.2
0;100;0;100;50;21.23;4.38;12.53;1.75;1.79;0.163;49.6;10.97;5.55;3.25;0.57;1.89;6.16;113.3;80.4;16.9;3.8;12.3;0.94;0.49;0.15;0.2;2.54;2.47;0.164;50.4;15.04;7.74;4.34;0.76;2.5;6.37;115.3;79.6;18;5;12.7;1.38;0.59;0.2;0.3
0;100;0;100;100;21.38;4.94;14.17;2.01;2.03;0.172;47.7;11.76;5.97;3.44;0.61;1.9;7.12;115.3;81.3;16;3.8;14.2;0.96;0.69;0.15;0.23;3.1;3.09;0.169;52.3;18.19;9.31;5.16;0.89;3.04;7.05;126.5;78.7;27.6;6.1;14.1;1.6;0.89;0.25;0.35
0;100;50;0;0;17.66;3.48;9.92;2.21;2.2;0.164;37.6;13.4;6.83;3.92;0.65;2.25;4.89;109.8;84.1;11.4;4.5;9.8;1.44;0.32;0.19;0.25;1.22;1.17;0.159;62.4;7.3;3.74;2.14;0.37;1.23;5.03;182.2;151.8;17.9;2.5;10.1;0.39;0.53;0.11;0.14
0;100;50;0;50;17.34;3.79;10.7;2.34;2.34;0.17;37.3;13.75;7.07;3.97;0.68;2.34;5.41;111.9;86.4;9.9;4.7;10.8;1.47;0.4;0.2;0.27;1.51;1.55;0.175;62.7;8.79;4.58;2.52;0.46;1.45;5.3;188.2;147.2;27.5;2.9;10.6;0.39;0.86;0.12;0.18
0;100;50;0;100;17.47;3.94;11.41;2.43;2.43;0.175;38;13.86;7.08;4;0.69;2.29;5.72;113.7;88.8;8.9;4.6;11.4;1.49;0.49;0.2;0.26;1.88;1.98;0.188;62;10.5;5.31;3.08;0.51;1.65;5.69;185.9;142.4;28.8;3.3;11.4;0.4;1.24;0.14;0.2
0;100;50;50;0;19.51;3.93;11.25;2.26;2.32;0.163;43.3;14.25;7.18;4.22;0.7;2.41;5.71;113.2;82.3;14.7;4.8;11.4;1.41;0.43;0.2;0.28;1.5;1.51;0.161;56.7;9.31;4.7;2.72;0.45;1.52;5.54;148.2;116.6;17.5;3;11.1;0.68;0.52;0.13;0.18
0;100;50;50;50;19.33;4.41;12.83;2.49;2.47;0.169;42;14.52;7.5;4.17;0.74;2.39;6.45;114.4;83.3;13.4;4.8;12.9;1.42;0.57;0.2;0.28;2.1;2.14;0.173;58;12.35;6.35;3.5;0.64;2.02;6.39;158.2;115;26.4;4;12.8;0.91;0.83;0.17;0.24
0;100;50;50;100;19.38;4.86;14.3;2.72;2.68;0.179;43.3;14.9;7.67;4.25;0.7;2.36;7.11;121.9;84.3;18.6;4.7;14.2;1.44;0.76;0.2;0.28;2.83;2.8;0.181;56.7;15.44;7.98;4.47;0.72;2.5;7.18;159.6;113.6;26.7;5;14.4;1.15;1.15;0.2;0.3
0;100;50;100;0;21.3;4.34;12.74;2.45;2.5;0.164;50.5;15.18;7.76;4.48;0.76;2.54;6.33;115.7;79.8;18.2;5.1;12.7;1.39;0.6;0.22;0.3;1.81;1.81;0.163;49.5;11.08;5.62;3.25;0.54;1.81;6.4;113.4;80.2;16.8;3.6;12.8;0.95;0.49;0.14;0.23
0;100;50;100;50;21.47;5.17;14.69;2.72;2.7;0.173;50;15.61;8;4.51;0.78;2.55;7.32;125.2;79.9;25.5;5.1;14.6;1.36;0.81;0.22;0.31;2.65;2.69;0.173;50;15.56;7.94;4.53;0.76;2.62;7.37;125.4;80.1;25.4;5.2;14.7;1.36;0.8;0.22;0.3
0;100;50;100;100;21.37;5.66;16.23;2.94;2.88;0.182;49.7;15.82;8.15;4.53;0.77;2.57;8.16;125.9;80.6;23.9;5.1;16.3;1.36;1;0.22;0.3;3.25;3.33;0.179;50.3;18.61;9.47;5.46;0.91;3.09;8.07;127.4;79.4;25.7;6.2;16.1;1.63;1.1;0.26;0.34
0;100;100;0;0;17.53;3.96;11.58;2.76;2.75;0.168;39.4;16.37;8.32;4.8;0.81;2.69;5.77;118.4;84.4;17.1;5.4;11.5;1.72;0.48;0.23;0.32;1.27;1.37;0.174;60.6;7.83;3.93;2.31;0.39;1.28;5.81;182.2;151.2;16.9;2.6;11.6;0.39;0.72;0.11;0.16
0;100;100;0;50;17.42;4.12;12.08;2.91;2.9;0.175;38.8;16.5;8.41;4.78;0.82;2.67;6.02;119.1;86.7;15;5.3;12;1.75;0.61;0.24;0.3;1.85;1.8;0.193;61.2;9.3;4.87;2.6;0.46;1.45;6.07;188.1;146.6;26.4;2.9;12.1;0.39;1.12;0.13;0.17
0;100;100;0;100;17.04;4.46;12.68;3.05;3.06;0.18;39.4;16.9;8.79;4.81;0.86;2.79;6.39;120.3;88.8;13.1;5.6;12.8;1.8;0.69;0.22;0.33;2.31;2.3;0.214;60.6;10.74;5.78;2.96;0.5;1.67;6.29;185;142.4;26.8;3.3;12.6;0.39;1.57;0.15;0.2
0;100;100;50;0;19.36;4.52;12.89;2.96;2.93;0.169;45.1;17.24;8.84;5.04;0.86;2.88;6.5;122.6;81.9;21.9;5.8;13;1.68;0.68;0.24;0.32;1.78;1.73;0.173;54.9;9.93;5.15;2.82;0.52;1.64;6.39;149.5;117.2;16.3;3.3;12.8;0.7;0.7;0.14;0.19
0;100;100;50;50;19.24;4.86;14.14;3.1;3.12;0.177;43.8;17.59;9.03;5.11;0.83;2.81;7.13;123;83;20.1;5.6;14.3;1.7;0.83;0.23;0.35;2.41;2.37;0.185;56.2;12.78;6.62;3.62;0.6;2.05;7.01;158.2;115.5;24.6;4.1;14;0.92;1.04;0.17;0.24
0;100;100;50;100;19.24;5.32;15.69;3.37;3.34;0.187;43.7;17.79;9.21;5.11;0.9;2.86;7.82;123.8;83.9;18.6;5.7;15.6;1.7;1.07;0.24;0.33;3.18;3.14;0.197;56.3;15.88;8.33;4.57;0.73;2.46;7.88;160;114.1;25.2;4.9;15.8;1.16;1.48;0.21;0.29
0;100;100;100;0;21.32;4.91;14.17;3.11;3.09;0.169;52.6;18.21;9.26;5.3;0.86;3.05;7.16;127;79.3;27.3;6.1;14.3;1.63;0.87;0.26;0.34;2.02;1.99;0.172;47.4;11.51;5.87;3.43;0.54;1.86;7.01;114.2;80.7;15.8;3.7;14;0.94;0.68;0.16;0.21
0;100;100;100;50;21.57;5.63;16.21;3.26;3.35;0.179;50.2;18.67;9.61;5.3;0.93;3.07;8.05;127.3;78.7;26.4;6.1;16.1;1.61;1.14;0.26;0.34;2.82;2.88;0.182;49.8;15.82;8.19;4.52;0.79;2.56;8.17;126.3;81.3;23.5;5.1;16.3;1.37;1;0.22;0.3
0;100;100;100;100;21.38;6.11;17.64;3.63;3.65;0.192;49.9;18.98;9.92;5.44;0.88;2.99;8.83;127.6;79.6;24.3;6;17.7;1.62;1.42;0.25;0.36;3.56;3.63;0.191;50.1;18.93;9.85;5.43;0.89;3.12;8.82;128.2;80.4;23.9;6.2;17.6;1.64;1.4;0.25;0.35
1;0;0;0;0;13.51;1.77;5.11;0.94;0.89;0.156;51.5;5.58;2.83;1.63;0.3;0.94;2.57;184.1;164.2;12.9;1.9;5.1;0.44;0.26;0.08;0.11;0.8;0.76;0.147;48.5;5.05;2.54;1.52;0.23;0.83;2.54;173.5;155.7;11.1;1.7;5.1;0.38;0.22;0.07;0.09
1;0;0;0;50;13.13;1.88;5.5;0.9;0.92;0.164;51.6;5.54;2.82;1.61;0.28;0.9;2.73;184.6;165.4;12;1.8;5.5;0.42;0.31;0.08;0.11;0.83;0.88;0.15;48.4;5.73;2.84;1.71;0.3;0.97;2.77;173.1;154.6;11;1.9;5.5;0.38;0.31;0.08;0.11
1;0;0;0;100;12.78;2.07;6.1;1.02;1.03;0.171;51.2;5.94;2.99;1.8;0.29;0.94;3.06;186.4;167.6;10.8;1.9;6.1;0.46;0.39;0.07;0.11;1.06;1.09;0.16;48.8;6.73;3.44;1.96;0.33;1.13;3.04;177.6;152.5;16.8;2.3;6.1;0.39;0.47;0.09;0.13
1;0;0;50;0;15.63;2.33;6.61;0.98;0.96;0.154;57;6.17;3.1;1.85;0.32;1.04;3.29;185.6;160.7;16.2;2.1;6.6;0.42;0.33;0.09;0.12;1.13;1.15;0.153;43;7.47;3.75;2.2;0.4;1.29;3.33;139.6;119.4;11.1;2.6;6.7;0.67;0.23;0.11;0.14
1;0;0;50;50;15.29;2.71;7.92;1.04;1.07;0.163;56.7;6.49;3.29;1.93;0.33;1.07;3.91;185.7;160.6;15.2;2.1;7.8;0.44;0.42;0.09;0.12;1.5;1.56;0.156;43.3;9.94;4.84;3;0.51;1.64;4;141.5;119.5;10.7;3.3;8;0.91;0.31;0.15;0.19
1;0;0;50;100;15.31;3.33;9.24;1.25;1.23;0.177;55.6;6.88;3.63;1.91;0.33;1.14;4.63;186.8;161.2;14;2.3;9.3;0.43;0.57;0.09;0.13;2.11;2.05;0.161;44.4;12.7;6.47;3.69;0.63;2.18;4.61;149.2;119;16.6;4.4;9.2;1.15;0.47;0.18;0.24
1;0;0;100;0;17.53;2.68;7.66;1.05;1.05;0.152;64.6;6.8;3.4;1.99;0.35;1.14;3.87;187.3;157.8;19.5;2.3;7.7;0.41;0.4;0.1;0.13;1.33;1.39;0.154;35.4;8.99;4.52;2.65;0.46;1.54;3.79;102.4;80.9;10.8;3.1;7.6;0.88;0.22;0.12;0.17
1;0;0;100;50;17.6;3.37;9.87;1.24;1.23;0.161;63.5;7.57;3.79;2.25;0.36;1.22;4.93;186;154.8;18.9;2.4;9.9;0.42;0.56;0.1;0.14;1.98;2.01;0.157;36.5;12.77;6.38;3.8;0.66;2.15;4.94;106.8;82.3;10.4;4.3;9.9;1.31;0.28;0.17;0.25
1;0;0;100;100;17.66;3.92;11.48;1.44;1.43;0.177;62;8.04;4.12;2.35;0.4;1.3;5.87;187.2;155;17.8;2.6;11.7;0.41;0.76;0.1;0.16;2.53;2.52;0.161;38;15.65;7.96;4.7;0.74;2.62;5.61;114.6;82.2;15.9;5.2;11.2;1.56;0.45;0.21;0.3
1;0;50;0;0;13.31;1.91;5.68;1.05;1.03;0.159;51.1;6.4;3.16;1.93;0.35;1.03;2.84;183.1;162.2;13.2;2.1;5.7;0.45;0.36;0.09;0.13;0.8;0.82;0.154;48.9;5.2;2.6;1.55;0.26;0.87;2.84;175.1;157.6;10;1.7;5.7;0.38;0.27;0.07;0.1
1;0;50;0;50;12.83;2.03;5.95;1.16;1.15;0.173;51.3;6.6;3.39;1.93;0.3;1.05;3.05;183.7;163.5;12;2.1;6.1;0.45;0.48;0.1;0.13;0.92;0.97;0.163;48.7;5.89;2.97;1.73;0.29;0.98;2.9;174.2;156.4;10;2;5.8;0.39;0.41;0.08;0.1
1;0;50;0;100;12.35;2.16;6.34;1.25;1.26;0.186;50.9;6.7;3.49;1.89;0.34;1.06;3.12;184.7;165.7;10.7;2.1;6.2;0.44;0.6;0.09;0.12;1.22;1.25;0.179;49.1;6.92;3.5;2.03;0.34;1.1;3.22;178.4;154.3;15.4;2.2;6.4;0.4;0.63;0.09;0.13
1;0;50;50;0;15.24;2.47;7.04;1.15;1.16;0.157;56.5;7.37;3.7;2.18;0.37;1.21;3.52;183.4;157.4;16.5;2.4;7;0.44;0.48;0.1;0.14;1.18;1.16;0.157;43.5;7.31;3.75;2.08;0.37;1.26;3.52;140.9;121.7;9.6;2.5;7;0.66;0.26;0.1;0.14
1;0;50;50;50;15.37;2.93;8.54;1.33;1.34;0.172;56.2;7.75;3.99;2.27;0.39;1.29;4.26;184.1;157.4;15.6;2.6;8.5;0.43;0.66;0.11;0.14;1.68;1.65;0.163;43.8;10.07;5.03;2.99;0.53;1.64;4.28;143.5;121.7;9.9;3.3;8.6;0.91;0.4;0.14;0.2
1;0;50;50;100;15.05;3.41;9.89;1.58;1.6;0.195;55.9;8.22;4.28;2.34;0.4;1.33;4.98;191;156.3;22.1;2.7;10;0.42;0.91;0.12;0.16;2.06;2.15;0.17;44.1;12.6;6.39;3.67;0.63;2.08;4.91;150.7;122.5;14.3;4.2;9.8;1.17;0.57;0.17;0.24
1;0;50;100;0;17.57;2.95;8.54;1.42;1.38;0.161;64;8.56;4.29;2.5;0.43;1.44;4.28;185;153.1;20.5;2.9;8.6;0.43;0.67;0.12;0.16;1.48;1.49;0.159;36;9.32;4.69;2.76;0.5;1.51;4.26;104.2;83.1;9.6;3;8.5;0.91;0.26;0.13;0.18
1;0;50;100;50;17.61;3.7;10.77;1.62;1.63;0.178;64;9.14;4.67;2.68;0.46;1.49;5.46;193.6;150.6;29;3;10.9;0.41;0.91;0.13;0.17;2.14;2.14;0.162;36;13.16;6.73;3.85;0.68;2.21;5.31;108.7;84.2;9.5;4.4;10.6;1.34;0.38;0.18;0.25
1;0;50;100;100;17.32;4.2;12.07;1.84;1.85;0.195;62.4;9.44;4.97;2.65;0.42;1.53;6.06;192.4;150.1;27.1;3.1;12.1;0.41;1.14;0.12;0.17;2.72;2.73;0.168;37.6;16.18;8.22;4.74;0.81;2.67;6;115.6;84.5;13.8;5.3;12;1.63;0.56;0.22;0.31
1;0;100;0;0;13.15;2.09;6.11;1.27;1.25;0.167;51.6;7.45;3.86;2.14;0.34;1.24;3.05;188.3;159.6;20.1;2.5;6.1;0.45;0.56;0.11;0.14;0.89;0.87;0.162;48.4;5.28;2.66;1.55;0.27;0.85;3.06;176.9;160;9.1;1.7;6.1;0.37;0.34;0.07;0.1
1;0;100;0;50;12.31;2.2;6.34;1.37;1.4;0.187;51.6;7.47;3.85;2.17;0.35;1.17;3.1;187.5;160.9;18;2.3;6.2;0.45;0.72;0.1;0.14;1.08;1.08;0.177;48.4;6.07;3.16;1.72;0.32;1.03;3.24;176.1;158.8;8.8;2.1;6.5;0.38;0.49;0.09;0.12
1;0;100;0;100;12.05;2.45;6.83;1.51;1.62;0.203;51.3;7.93;4.24;2.21;0.37;1.32;3.47;189.1;162.8;16.7;2.6;6.9;0.47;0.88;0.12;0.15;1.33;1.34;0.192;48.7;6.93;3.66;1.95;0.34;1.13;3.35;179.3;157;13.4;2.3;6.7;0.41;0.71;0.09;0.13
1;0;100;50;0;14.94;2.73;7.75;1.53;1.53;0.172;57;8.86;4.54;2.52;0.44;1.49;3.9;189.6;153.8;25.1;3;7.8;0.44;0.79;0.13;0.18;1.25;1.26;0.163;43;7.69;3.86;2.24;0.39;1.25;3.86;142.9;124.2;8.5;2.5;7.7;0.68;0.32;0.1;0.16
1;0;100;50;50;14.84;3.2;9.08;1.74;1.72;0.189;56.3;9.11;4.77;2.56;0.44;1.46;4.47;188.3;152.9;23.6;2.9;8.9;0.44;0.99;0.12;0.17;1.75;1.77;0.17;43.7;10.32;5.28;3.01;0.5;1.73;4.61;146;124.9;8.5;3.5;9.2;0.95;0.48;0.15;0.19
1;0;100;50;100;14.91;3.48;10.32;1.95;2.01;0.213;55.5;9.44;4.97;2.69;0.45;1.47;5.24;189.2;153.2;22.5;2.9;10.5;0.44;1.28;0.12;0.18;2.22;2.22;0.176;44.5;12.55;6.34;3.6;0.63;2.01;5.08;151.5;124.6;12.7;4;10.2;1.17;0.67;0.15;0.23
1;0;100;100;0;17.48;3.31;9.4;1.77;1.79;0.171;64.3;10.37;5.28;3.05;0.54;1.69;4.68;191.8;147.6;31.4;3.4;9.4;0.43;1.01;0.14;0.2;1.56;1.54;0.162;35.7;9.41;4.77;2.77;0.45;1.62;4.71;106.6;85.7;8.3;3.2;9.4;0.92;0.31;0.13;0.17
1;0;100;100;50;17.4;4.07;11.25;2.01;2.02;0.19;63.5;10.6;5.54;2.99;0.53;1.75;5.79;191.2;146.5;29.6;3.5;11.6;0.41;1.26;0.15;0.2;2.18;2.28;0.168;36.5;13.52;6.91;3.92;0.64;2.32;5.46;109.8;86.2;8.1;4.6;10.9;1.38;0.46;0.2;0.25
1;0;100;100;100;17.52;4.35;12.78;2.46;2.43;0.217;61.8;11.18;6.02;3.11;0.52;1.75;6.45;189.6;144.5;28.7;3.5;12.9;0.4;1.68;0.14;0.2;2.78;2.81;0.173;38.2;16.23;8.19;4.74;0.85;2.6;6.33;117.1;87.1;12.2;5.2;12.7;1.65;0.65;0.21;0.31
1;50;0;0;0;15.41;2.3;6.56;1.26;1.31;0.165;45.7;7.92;4.05;2.29;0.42;1.36;3.29;147.4;125.7;12.4;2.7;6.6;0.79;0.25;0.12;0.15;0.86;0.85;0.146;54.3;5.71;2.79;1.74;0.29;0.94;3.26;175.3;152.5;14.4;1.9;6.5;0.37;0.29;0.08;0.11
1;50;0;0;50;15.16;2.47;7.15;1.38;1.38;0.169;46.2;8.1;4.14;2.39;0.4;1.31;3.57;148.9;127.9;11.3;2.6;7.1;0.81;0.31;0.11;0.15;1.08;1.03;0.15;53.8;6.8;3.46;1.98;0.36;1.16;3.58;173.8;149.7;14.6;2.3;7.2;0.36;0.44;0.1;0.13
1;50;0;0;100;14.97;2.74;7.78;1.54;1.48;0.175;45.6;8.42;4.42;2.42;0.41;1.37;3.96;151;129.9;10.4;2.7;7.9;0.82;0.38;0.12;0.16;1.21;1.32;0.166;54.4;7.93;3.91;2.42;0.42;1.36;3.83;179.8;147.1;22.3;2.7;7.7;0.37;0.69;0.12;0.15
1;50;0;50;0;17.49;2.75;7.9;1.35;1.37;0.161;51.3;8.44;4.19;2.51;0.45;1.34;3.96;149.7;123;16;2.7;7.9;0.76;0.32;0.12;0.16;1.16;1.21;0.151;48.7;7.92;4;2.31;0.42;1.41;3.94;141.8;116.9;14.2;2.8;7.9;0.65;0.29;0.12;0.15
1;50;0;50;50;17.47;3.22;9.33;1.48;1.48;0.168;51.2;8.8;4.51;2.56;0.44;1.46;4.69;150.6;123.5;14.9;2.9;9.4;0.76;0.42;0.13;0.17;1.62;1.63;0.154;48.8;10.54;5.36;3.11;0.51;1.77;4.64;143.7;116.5;14.4;3.5;9.3;0.87;0.42;0.14;0.2
1;50;0;50;100;17.28;3.83;10.63;1.64;1.65;0.177;50.2;9.25;4.74;2.67;0.46;1.56;5.42;152.7;124.9;13.9;3.1;10.8;0.79;0.56;0.13;0.17;2.17;2.19;0.164;49.8;13.28;6.74;3.87;0.65;2.27;5.21;151.4;115.2;21.2;4.5;10.4;1.09;0.66;0.19;0.25
1;50;0;100;0;19.37;3.16;9.04;1.47;1.47;0.16;59.1;9.15;4.65;2.68;0.43;1.57;4.54;152.2;120.7;19.3;3.1;9.1;0.77;0.39;0.14;0.18;1.45;1.46;0.153;40.9;9.51;4.74;2.84;0.47;1.59;4.5;105.3;79.3;13.8;3.2;9;0.87;0.28;0.13;0.18
1;50;0;100;50;19.45;3.91;11.28;1.62;1.6;0.166;58.2;9.65;4.93;2.8;0.5;1.61;5.59;152.8;120;18.4;3.2;11.2;0.75;0.53;0.13;0.19;2.14;2.13;0.156;41.8;13.6;6.87;4;0.68;2.3;5.7;109.5;79.8;13.7;4.6;11.4;1.27;0.41;0.18;0.27
1;50;0;100;100;19.51;4.48;12.95;1.9;1.84;0.178;56.2;10.31;5.42;2.94;0.49;1.7;6.47;153.3;119.6;17.4;3.4;12.9;0.75;0.75;0.15;0.2;2.71;2.73;0.163;43.8;16.71;8.49;4.95;0.84;2.78;6.49;119.4;80;20.8;5.6;13;1.54;0.65;0.23;0.32
1;50;50;0;0;15.34;2.76;7.98;1.83;1.82;0.167;45.9;10.8;5.52;3.15;0.53;1.75;4.05;149.4;125.1;12.7;3.5;8.1;1.07;0.37;0.15;0.22;0.95;0.94;0.155;54.1;6;3.02;1.79;0.29;1.01;3.93;176.3;153.2;13.2;2;7.9;0.36;0.38;0.09;0.12
1;50;50;0;50;15.07;3.06;8.57;1.9;1.91;0.175;46.5;10.87;5.56;3.17;0.56;1.82;4.44;151.6;127.6;11.5;3.6;8.9;1.08;0.46;0.16;0.22;1.18;1.17;0.165;53.5;7.05;3.65;2;0.4;1.24;4.14;174.3;150;13.5;2.5;8.3;0.37;0.57;0.1;0.13
1;50;50;0;100;14.85;3.13;9.12;2.02;2.05;0.183;45.7;11.18;5.79;3.19;0.55;1.83;4.53;152.2;129.1;10.4;3.7;9.1;1.1;0.59;0.15;0.21;1.45;1.49;0.182;54.3;8.14;4.17;2.45;0.39;1.29;4.6;180.7;148.2;20.7;2.6;9.2;0.37;0.85;0.1;0.16
1;50;50;50;0;17.34;3.2;9.27;1.87;1.88;0.165;51.4;11.3;5.7;3.29;0.62;1.84;4.65;151.1;122;16.2;3.7;9.3;1.02;0.47;0.17;0.22;1.26;1.29;0.157;48.6;8.16;3.99;2.46;0.44;1.36;4.62;142.9;117.9;13.1;2.7;9.2;0.65;0.37;0.12;0.15
1;50;50;50;50;17.03;3.65;10.7;2.08;2.06;0.174;51.3;11.77;6.11;3.36;0.59;1.91;5.37;152.2;122.9;14.7;3.8;10.7;1.05;0.62;0.16;0.22;1.81;1.76;0.163;48.7;10.77;5.41;3.13;0.54;1.74;5.33;144.3;117;13.1;3.5;10.7;0.87;0.55;0.14;0.21
1;50;50;50;100;17.32;4.2;12.08;2.35;2.32;0.189;51.2;12.27;6.4;3.56;0.56;1.97;6.14;160.5;123;21.3;3.9;12.3;1.04;0.88;0.18;0.23;2.39;2.35;0.173;48.8;13.54;6.95;3.92;0.67;2.23;5.93;152.8;116.9;19.6;4.5;11.9;1.11;0.81;0.19;0.25
1;50;50;100;0;19.22;3.81;10.51;2.02;2.06;0.167;58.8;12.31;6.31;3.53;0.59;2.13;5.2;152.8;118.7;19.5;4.3;10.4;1.01;0.64;0.18;0.22;1.57;1.57;0.158;41.2;9.91;5.02;2.91;0.49;1.68;5.31;107.2;80.6;12.6;3.4;10.6;0.89;0.35;0.14;0.2
1;50;50;100;50;19.59;4.48;12.66;2.27;2.26;0.178;59.4;12.69;6.63;3.62;0.59;2.12;6.3;162.7;117.9;28;4.2;12.6;0.98;0.87;0.18;0.23;2.23;2.28;0.163;40.6;13.96;7.02;4.05;0.73;2.36;6.37;111.3;81.1;12.7;4.7;12.7;1.29;0.54;0.19;0.27
1;50;50;100;100;19.41;4.89;14.15;2.62;2.53;0.19;57.7;13.27;6.93;3.81;0.61;2.1;7.12;163;118.4;26.2;4.2;14.2;1.01;1.1;0.18;0.25;2.92;2.9;0.171;42.3;16.97;8.58;4.93;0.9;2.8;7.03;119.5;80.8;19.1;5.6;14.1;1.55;0.81;0.24;0.31
1;50;100;0;0;15.3;3.24;9.24;2.39;2.31;0.173;47.1;13.36;6.88;3.81;0.7;2.2;4.62;157.6;125.2;18.7;4.4;9.2;1.35;0.52;0.18;0.26;1.12;1.08;0.169;52.9;6.33;3.25;1.8;0.34;1.04;4.63;176.8;153;12.4;2.1;9.3;0.36;0.51;0.09;0.12
1;50;100;0;50;15.03;3.41;9.88;2.46;2.55;0.183;46.5;13.87;7.15;4;0.66;2.24;4.88;158.3;126.5;17.5;4.5;9.8;1.39;0.7;0.19;0.27;1.33;1.35;0.186;53.5;7.22;3.76;2.08;0.36;1.17;5;182.2;151.4;18.5;2.3;10;0.37;0.75;0.09;0.14
1;50;100;0;100;14.71;3.57;10.33;2.66;2.68;0.191;47;13.97;7.32;3.97;0.67;2.25;5.16;159.7;128.9;16;4.5;10.3;1.39;0.83;0.19;0.26;1.69;1.72;0.204;53;8.4;4.41;2.4;0.39;1.32;5.18;180.3;148.4;19;2.6;10.4;0.38;1.07;0.11;0.16
1;50;100;50;0;17.45;3.81;10.86;2.53;2.52;0.175;52.7;14.38;7.34;4.17;0.74;2.38;5.5;161;120.9;24.3;4.8;11;1.29;0.76;0.2;0.27;1.41;1.43;0.167;47.3;8.53;4.35;2.5;0.44;1.44;5.37;144.6;118.9;12.1;2.9;10.7;0.65;0.5;0.12;0.16
1;50;100;50;50;17.32;4.26;12.23;2.74;2.75;0.185;51.4;14.84;7.73;4.21;0.72;2.5;6.18;161.3;121;22.9;5;12.4;1.3;0.96;0.21;0.28;2;1.99;0.176;48.6;11.25;5.73;3.3;0.55;1.77;6.05;152.5;118.9;18;3.5;12.1;0.9;0.74;0.14;0.21
1;50;100;50;100;17.07;4.72;13.37;3.03;3.02;0.199;51.2;15.18;8.09;4.26;0.71;2.46;6.74;161.2;121.8;21.1;4.9;13.5;1.32;1.2;0.22;0.29;2.62;2.59;0.186;48.8;13.91;7.28;3.92;0.69;2.26;6.63;153.6;118.1;17.7;4.5;13.3;1.13;1.02;0.19;0.25
1;50;100;100;0;19.29;4.24;12.26;2.81;2.73;0.174;60;15.65;8.1;4.48;0.78;2.55;6.24;163.8;116.4;29.8;5.1;12.5;1.26;0.96;0.21;0.3;1.69;1.68;0.165;40;10.11;5.11;2.94;0.54;1.69;6.01;108.9;82;11.5;3.4;12;0.9;0.47;0.13;0.18
1;50;100;100;50;19.55;4.9;14.32;2.99;3.01;0.186;58.1;16.14;8.36;4.6;0.79;2.57;7.35;164;115.5;28.7;5.1;14.7;1.24;1.24;0.22;0.31;2.44;2.47;0.172;41.9;14.27;7.29;4.18;0.71;2.33;6.97;118.3;82.6;17.1;4.7;13.9;1.32;0.7;0.19;0.27
1;50;100;100;100;19.38;5.37;15.56;3.45;3.37;0.203;57.4;16.58;8.78;4.69;0.79;2.59;7.82;162.9;115;27;5.2;15.6;1.24;1.59;0.23;0.3;3.1;3.07;0.18;42.6;17.05;8.87;4.89;0.82;2.78;7.74;120.9;82.9;17;5.6;15.5;1.57;0.97;0.22;0.31
1;100;0;0;0;17.31;2.71;7.76;1.6;1.61;0.167;38;9.61;4.91;2.76;0.51;1.62;3.85;108.6;85.6;12.1;3.2;7.7;1.05;0.25;0.13;0.17;0.91;0.95;0.145;62;6.42;3.11;1.98;0.34;1.09;3.91;177.1;149.2;17.9;2.2;7.8;0.36;0.37;0.09;0.14
1;100;0;0;50;17.2;2.92;8.61;1.82;1.76;0.171;38.7;10.25;5.21;2.97;0.56;1.62;4.3;110.5;87.4;11.2;3.2;8.6;1.11;0.31;0.14;0.2;1.16;1.21;0.154;61.3;7.78;3.82;2.3;0.4;1.3;4.3;175.1;145.8;18.1;2.6;8.6;0.36;0.6;0.11;0.15
1;100;0;0;100;17.02;3.2;9.27;1.82;1.81;0.175;38.2;10.27;5.25;2.93;0.53;1.66;4.72;112.2;89.8;9.7;3.3;9.4;1.12;0.35;0.14;0.2;1.52;1.57;0.166;61.8;9.35;4.75;2.68;0.49;1.54;4.55;181.6;141.3;28.1;3.1;9.1;0.36;0.89;0.14;0.17
1;100;0;50;0;19.4;3.14;9.05;1.73;1.71;0.165;43.7;10.35;5.25;3.04;0.47;1.71;4.54;111.9;83.6;15.7;3.4;9.1;1.05;0.32;0.14;0.2;1.22;1.27;0.15;56.3;8.46;4.13;2.54;0.45;1.43;4.51;144.1;114.8;17.5;2.9;9;0.64;0.36;0.12;0.15
1;100;0;50;50;19.35;3.72;10.62;1.77;1.83;0.17;44;10.76;5.51;3.1;0.53;1.79;5.37;113.9;84.9;14.6;3.6;10.7;1.06;0.41;0.16;0.2;1.74;1.78;0.157;56;11.3;5.66;3.36;0.58;1.92;5.25;144.9;112.9;17.6;3.8;10.5;0.83;0.58;0.16;0.21
1;100;0;50;100;19.31;4.21;12.12;2.03;1.96;0.178;42.7;10.99;5.68;3.18;0.53;1.79;6.19;115.4;86.2;13.2;3.6;12.4;1.06;0.54;0.15;0.21;2.42;2.41;0.164;57.3;14.62;7.36;4.3;0.72;2.42;5.93;154.9;111.2;27;4.8;11.9;1.07;0.86;0.21;0.27
1;100;0;100;0;20.88;3.63;9.99;1.75;1.79;0.163;51.7;10.93;5.61;3.13;0.53;1.89;5.11;115.3;82.5;18.8;3.8;10.2;1.03;0.39;0.16;0.21;1.55;1.54;0.152;48.3;10.09;5.02;2.97;0.51;1.74;4.88;107.8;77.5;17;3.5;9.8;0.85;0.36;0.14;0.19
1;100;0;100;50;21.46;4.34;12.37;1.96;1.92;0.168;51.1;11.34;5.84;3.25;0.55;1.87;6.29;117;82.9;17.7;3.7;12.6;1.01;0.52;0.17;0.22;2.22;2.32;0.158;48.9;14.62;7.28;4.36;0.74;2.47;6.08;111.9;77.1;17.8;4.9;12.2;1.23;0.59;0.21;0.29
1;100;0;100;100;21.21;4.97;14.06;2.11;2.18;0.178;48.9;12.21;6.25;3.46;0.65;1.98;7.04;117.4;82.6;16.8;4;14.1;1.04;0.73;0.16;0.24;2.87;2.88;0.164;51.1;17.54;8.94;5.03;0.88;2.99;7.02;122.9;77.4;25.6;6;14;1.48;0.82;0.25;0.33
1;100;50;0;0;17.69;3.51;9.96;2.34;2.35;0.17;39.1;13.78;7.09;3.98;0.72;2.31;4.98;113.4;86.5;12.3;4.6;10;1.55;0.35;0.19;0.26;1.06;1.09;0.155;60.9;6.97;3.49;2.02;0.35;1.19;4.98;176.9;147.6;17;2.4;10;0.35;0.5;0.1;0.13
1;100;50;0;50;17.21;3.67;10.8;2.57;2.56;0.176;38.6;14.53;7.46;4.31;0.69;2.32;5.5;114.9;88.3;10.9;4.6;11;1.63;0.45;0.2;0.28;1.36;1.41;0.172;61.4;8.19;4.13;2.42;0.44;1.35;5.3;183;144.1;25.6;2.7;10.6;0.35;0.8;0.11;0.15
1;100;50;0;100;17.3;4.06;11.36;2.78;2.71;0.182;39.1;14.82;7.73;4.17;0.74;2.47;5.7;116.3;90.1;9.9;4.9;11.4;1.65;0.56;0.22;0.28;1.83;1.83;0.185;60.9;9.85;5.12;2.81;0.48;1.59;5.66;181.7;140.8;26.4;3.2;11.3;0.37;1.15;0.13;0.18
1;100;50;50;0;19.38;3.93;11.31;2.53;2.49;0.169;44.5;14.73;7.57;4.21;0.72;2.44;5.72;116;84.2;15.5;4.9;11.4;1.55;0.45;0.21;0.28;1.43;1.41;0.156;55.5;8.94;4.49;2.63;0.46;1.49;5.59;144.6;114;16.4;3;11.2;0.63;0.49;0.12;0.17
1;100;50;50;50;19.32;4.38;12.91;2.71;2.67;0.175;43;15.17;7.72;4.4;0.8;2.45;6.51;116.9;84.6;14.4;4.9;13;1.53;0.63;0.21;0.3;1.94;2.01;0.168;57;11.9;5.98;3.53;0.62;1.93;6.4;154.9;113.4;24.8;3.9;12.8;0.85;0.76;0.16;0.23
1;100;50;50;100;19.26;4.94;14.42;2.89;2.85;0.185;44.8;15.35;8.07;4.33;0.8;2.52;7.33;125.5;86.8;19;5;14.7;1.58;0.77;0.21;0.28;2.65;2.66;0.176;55.2;15.12;7.69;4.42;0.78;2.42;7.1;154.8;110.3;25.4;4.8;14.2;1.07;1.11;0.2;0.29
1;100;50;100;0;21.34;4.39;12.55;2.6;2.64;0.169;51.9;15.54;7.97;4.44;0.8;2.62;6.29;118.8;81.8;19.1;5.2;12.6;1.49;0.63;0.22;0.3;1.69;1.69;0.157;48.1;10.71;5.39;3.11;0.55;1.77;6.26;110.2;78.1;16;3.5;12.5;0.85;0.48;0.15;0.21
1;100;50;100;50;21.62;5.21;14.73;2.81;2.85;0.178;51.4;15.98;8.21;4.6;0.8;2.68;7.4;129.2;81.8;27.3;5.4;14.8;1.46;0.85;0.23;0.3;2.45;2.5;0.167;48.6;14.96;7.6;4.38;0.8;2.53;7.32;122.2;78.2;24.4;5.1;14.6;1.24;0.77;0.21;0.29
1;100;50;100;100;21.3;5.57;16.14;3.12;3.09;0.187;51.1;16.44;8.61;4.62;0.76;2.64;8.12;129.1;82.5;25.1;5.3;16.2;1.5;1.05;0.22;0.31;3.13;3.14;0.173;48.9;18.09;9.22;5.28;0.92;2.93;8.03;123.6;77.5;24.2;5.9;16.1;1.49;1.06;0.26;0.34
1;100;100;0;0;17.3;4.05;11.53;2.92;2.94;0.174;40.8;16.87;8.62;4.86;0.84;2.82;5.82;121.8;86.9;17.7;5.6;11.6;1.89;0.49;0.24;0.32;1.31;1.29;0.171;59.2;7.51;3.84;2.18;0.38;1.23;5.71;176.6;146.8;16;2.5;11.4;0.36;0.68;0.11;0.14
1;100;100;0;50;17.41;4.3;12.21;3.12;3.17;0.182;40.2;17.36;8.93;5;0.88;2.81;6.24;123.2;88.4;16.7;5.6;12.5;1.92;0.67;0.24;0.33;1.62;1.65;0.19;59.8;8.66;4.5;2.47;0.42;1.5;5.97;183.2;143.9;24.3;3;11.9;0.35;1.02;0.13;0.15
1;100;100;0;100;16.98;4.4;12.7;3.38;3.31;0.188;40.8;17.59;9.22;5.03;0.82;2.84;6.42;123.9;90.9;14.6;5.7;12.8;1.97;0.77;0.25;0.32;2.16;2.14;0.211;59.2;10.14;5.4;2.78;0.48;1.56;6.28;179.9;139.3;25;3.1;12.6;0.35;1.47;0.13;0.18
1;100;100;50;0;19.52;4.58;12.81;3.08;3.13;0.176;46.4;17.79;9.18;5.1;0.89;2.94;6.48;126.2;83.9;23.5;5.9;13;1.81;0.73;0.26;0.34;1.64;1.63;0.169;53.6;9.64;4.95;2.73;0.45;1.64;6.33;146;114.4;15.7;3.3;12.7;0.64;0.67;0.14;0.18
1;100;100;50;50;19.23;4.96;14.25;3.32;3.32;0.183;45;18.09;9.35;5.11;0.9;2.95;7.2;126.4;84.7;21.5;5.9;14.4;1.83;0.9;0.25;0.34;2.24;2.26;0.18;55;12.51;6.35;3.67;0.6;2.02;7.05;154.8;113.3;23.4;4;14.1;0.86;0.99;0.17;0.24
1;100;100;50;100;19.25;5.42;15.6;3.53;3.59;0.194;44.9;18.49;9.69;5.17;0.92;2.96;7.87;127.1;85.3;20.1;5.9;15.7;1.85;1.13;0.24;0.37;2.98;2.92;0.191;55.1;15.22;8.06;4.29;0.73;2.46;7.73;156.3;112.3;23.6;4.9;15.5;1.07;1.37;0.2;0.28
1;100;100;100;0;21.28;4.89;14.27;3.38;3.3;0.175;53.6;18.82;9.69;5.46;0.91;3.06;7.12;129.7;80.3;29;6.1;14.2;1.73;0.94;0.26;0.36;1.82;1.88;0.167;46.4;11.17;5.65;3.26;0.59;1.83;7.15;112.3;79.6;14.8;3.7;14.3;0.86;0.65;0.15;0.22
1;100;100;100;50;21.31;5.6;16.2;3.53;3.56;0.184;51.6;19.28;9.97;5.55;0.96;3.06;8.28;130.5;80.7;27.1;6.1;16.6;1.75;1.17;0.26;0.38;2.7;2.68;0.175;48.4;15.21;7.89;4.34;0.73;2.53;7.91;122.2;79.2;22.1;5.1;15.8;1.27;0.93;0.2;0.28
1;100;100;100;100;21.32;6.16;17.6;3.99;3.91;0.198;51.1;19.73;10.55;5.34;0.99;3.17;8.73;130.6;80.7;26.1;6.3;17.5;1.75;1.53;0.27;0.36;3.34;3.41;0.185;48.9;18.33;9.53;5.3;0.88;3;8.87;125;79.2;22.1;6;17.7;1.5;1.3;0.25;0.36
2;0;0;0;0;13.55;1.77;5.15;0.89;0.91;0.155;52.7;5.78;2.86;1.72;0.31;0.91;2.57;188.5;167.7;13.8;1.8;5.1;0.43;0.29;0.08;0.11;0.71;0.73;0.147;47.3;4.82;2.42;1.43;0.25;0.86;2.58;168.9;152;10;1.7;5.2;0.37;0.2;0.07;0.09
2;0;0;0;50;13.42;1.93;5.67;0.98;1.02;0.165;53.1;6.13;3.09;1.83;0.3;0.97;2.92;190.3;169.7;12.9;1.9;5.8;0.46;0.35;0.08;0.13;0.82;0.85;0.15;46.9;5.57;2.78;1.68;0.26;0.95;2.76;168.2;150.2;10.5;1.9;5.5;0.37;0.3;0.08;0.11
2;0;0;0;100;12.78;2.08;6.02;1.12;1.07;0.172;52.6;6.17;3.18;1.81;0.3;0.98;3.08;191.3;171.7;11.5;2;6.2;0.45;0.42;0.09;0.12;1.03;1.04;0.159;47.4;6.43;3.26;1.91;0.3;1.09;2.94;172.4;148.5;15.8;2.2;5.9;0.38;0.45;0.09;0.12
2;0;0;50;0;15.61;2.23;6.6;0.94;1;0.154;58.5;6.43;3.19;1.94;0.31;1.08;3.26;190.6;164.7;17.2;2.2;6.5;0.44;0.35;0.09;0.12;1.11;1.09;0.152;41.5;7.11;3.51;2.13;0.35;1.15;3.34;135.1;116;10.1;2.3;6.7;0.65;0.21;0.09;0.14
2;0;0;50;50;15.51;2.68;7.7;1.14;1.13;0.162;58;6.91;3.49;1.99;0.35;1.16;3.87;189.9;163.4;16.5;2.3;7.7;0.44;0.47;0.1;0.13;1.38;1.43;0.156;42;9.1;4.55;2.73;0.45;1.51;3.83;137.4;116.9;9.8;3;7.7;0.86;0.27;0.12;0.18
2;0;0;50;100;15.36;3.09;9.26;1.33;1.3;0.177;57;7.3;3.79;2.07;0.33;1.15;4.78;191.1;164.1;15.1;2.3;9.6;0.43;0.63;0.1;0.14;1.87;1.93;0.16;43;12.01;6.01;3.52;0.62;1.94;4.48;144.2;116.4;14.9;3.9;9;1.12;0.42;0.16;0.23
2;0;0;100;0;17.59;2.63;7.57;1.11;1.09;0.153;66.1;7.06;3.53;2.08;0.34;1.17;3.89;192.7;162;20.6;2.3;7.8;0.43;0.42;0.1;0.14;1.29;1.31;0.154;33.9;8.47;4.25;2.54;0.44;1.46;3.67;98.6;78.4;9.9;2.9;7.3;0.84;0.2;0.11;0.16
2;0;0;100;50;17.63;3.42;9.93;1.26;1.3;0.162;64.9;7.96;4.07;2.36;0.37;1.34;5.13;191.3;158.7;19.7;2.7;10.3;0.42;0.6;0.12;0.16;1.94;1.95;0.157;35.1;12.41;6.28;3.61;0.65;2.07;4.8;103.3;79.8;9.7;4.1;9.6;1.28;0.28;0.16;0.23
2;0;0;100;100;17.7;3.96;11.3;1.6;1.54;0.178;63.3;8.61;4.45;2.51;0.43;1.41;5.78;191.1;157.6;19.1;2.8;11.6;0.43;0.82;0.13;0.16;2.41;2.43;0.161;36.7;15.09;7.67;4.33;0.81;2.56;5.52;110.7;80.3;14.2;5.1;11;1.53;0.4;0.21;0.29
2;0;50;0;0;13.1;1.91;5.57;1.09;1.07;0.158;52.6;6.69;3.38;1.92;0.34;1.05;2.85;188;166.4;13.8;2.1;5.7;0.46;0.39;0.09;0.13;0.81;0.81;0.156;47.4;5.08;2.56;1.45;0.26;0.86;2.72;169.4;153.1;9.1;1.7;5.4;0.38;0.25;0.08;0.1
2;0;50;0;50;12.96;2.12;6.14;1.23;1.22;0.173;52.6;7.04;3.58;2.04;0.37;1.14;3.14;188.5;167.2;12.8;2.3;6.3;0.47;0.53;0.1;0.13;0.91;0.95;0.163;47.4;5.73;2.9;1.72;0.3;0.99;3.01;169.8;152.5;9.3;2;6;0.38;0.38;0.08;0.11
2;0;50;0;100;12.25;2.2;6.27;1.36;1.34;0.187;52.1;7.11;3.69;2.04;0.38;1.13;3.18;188.5;168.4;11.5;2.3;6.4;0.45;0.64;0.11;0.13;1.15;1.15;0.178;47.9;6.39;3.35;1.84;0.32;1.07;3.09;173.6;151.4;13.9;2.1;6.2;0.39;0.55;0.1;0.12
2;0;50;50;0;15.33;2.52;7.12;1.17;1.2;0.158;58;7.57;3.76;2.27;0.41;1.32;3.61;188.7;161.6;17.3;2.6;7.2;0.45;0.5;0.11;0.14;1.13;1.11;0.157;42;6.97;3.58;2.06;0.34;1.2;3.51;136.4;118.1;8.9;2.4;7;0.65;0.23;0.1;0.13
2;0;50;50;50;15.24;2.96;8.49;1.33;1.4;0.172;57.5;8.11;4.19;2.38;0.39;1.33;4.34;188.6;160.9;16.4;2.7;8.7;0.44;0.69;0.11;0.16;1.5;1.53;0.162;42.5;9.39;4.81;2.7;0.47;1.64;4.16;139.1;118.5;8.9;3.3;8.3;0.88;0.36;0.13;0.17
2;0;50;50;100;15.22;3.38;9.71;1.74;1.67;0.194;57.3;8.55;4.49;2.41;0.42;1.34;4.96;196.1;160.2;23.3;2.7;9.9;0.44;0.95;0.12;0.16;2.05;2.09;0.17;42.7;12.26;6.27;3.57;0.63;2.05;4.75;146.2;119;13.6;4.1;9.5;1.15;0.55;0.17;0.23
2;0;50;100;0;17.52;2.91;8.39;1.47;1.41;0.161;65.3;8.74;4.43;2.56;0.47;1.45;4.28;189.2;156.7;21.1;2.9;8.6;0.43;0.69;0.13;0.17;1.4;1.38;0.158;34.7;8.7;4.48;2.54;0.44;1.46;4.11;100.7;80.7;8.8;2.9;8.2;0.87;0.23;0.12;0.16
2;0;50;100;50;17.68;3.69;10.64;1.73;1.7;0.178;65.3;9.55;4.94;2.76;0.47;1.54;5.41;198.5;153.9;30.6;3.1;10.8;0.42;0.96;0.14;0.18;2.01;2.05;0.162;34.7;12.63;6.44;3.7;0.61;2.15;5.24;105.2;81.9;8.5;4.3;10.5;1.3;0.35;0.17;0.24
2;0;50;100;100;17.63;4.12;11.89;2.06;1.98;0.196;63.8;10.06;5.37;2.78;0.5;1.58;6.08;197.3;152.4;29.5;3.2;12.2;0.42;1.24;0.14;0.18;2.52;2.55;0.167;36.2;15.19;7.71;4.45;0.77;2.53;5.82;111.9;82.6;12.6;5.1;11.6;1.56;0.5;0.2;0.28
2;0;100;0;0;13.04;2.11;6.2;1.28;1.31;0.167;52.9;7.8;3.95;2.3;0.41;1.26;3.15;193.2;163.1;21.3;2.5;6.3;0.45;0.59;0.11;0.15;0.81;0.84;0.162;47.1;5.08;2.53;1.52;0.25;0.85;3.05;171.9;156.1;8;1.7;6.1;0.37;0.3;0.07;0.09
2;0;100;0;50;12.47;2.23;6.46;1.56;1.49;0.188;52.8;7.93;4.17;2.27;0.37;1.22;3.27;192.2;163.9;19.3;2.4;6.5;0.46;0.78;0.11;0.15;1.01;1.03;0.175;47.2;5.83;3;1.72;0.27;1.01;3.19;171.8;155.4;8.1;2;6.4;0.4;0.45;0.08;0.1
2;0;100;0;100;12;2.32;6.81;1.7;1.69;0.204;52.4;8.27;4.31;2.36;0.41;1.27;3.46;192.8;165.4;17.9;2.5;6.9;0.47;0.95;0.11;0.16;1.22;1.24;0.191;47.6;6.42;3.42;1.85;0.29;1.05;3.35;174.9;154;12;2.1;6.7;0.39;0.64;0.09;0.12
2;0;100;50;0;15.23;2.69;7.95;1.6;1.6;0.172;58.5;9.26;4.79;2.68;0.46;1.52;4.09;195.3;157.2;26.9;3;8.2;0.44;0.84;0.14;0.18;1.24;1.2;0.162;41.5;7.37;3.77;2.19;0.38;1.18;3.87;138.8;121;7.7;2.4;7.7;0.67;0.29;0.1;0.14
2;0;100;50;50;14.84;3.12;9.06;1.75;1.79;0.189;57.9;9.45;4.87;2.72;0.43;1.51;4.64;194.2;157;24.8;3;9.3;0.45;1.04;0.13;0.18;1.67;1.67;0.169;42.1;9.78;5.03;2.77;0.52;1.6;4.42;140.9;121.1;7.7;3.2;8.8;0.91;0.44;0.13;0.18
2;0;100;50;100;15;3.52;10.28;2.22;2.15;0.213;56.7;10.09;5.47;2.71;0.5;1.6;5.22;193.2;155.2;24.4;3.2;10.4;0.46;1.37;0.13;0.19;2.1;2.15;0.176;43.3;12.16;6.15;3.57;0.6;1.92;5.06;147.7;122.3;11.4;3.8;10.1;1.15;0.61;0.16;0.22
2;0;100;100;0;17.57;3.25;9.41;1.9;1.85;0.172;65.5;10.72;5.57;3.09;0.5;1.75;4.78;196.6;150.8;32.8;3.5;9.6;0.42;1.06;0.15;0.21;1.48;1.49;0.162;34.5;9.15;4.62;2.68;0.48;1.51;4.63;103.3;83.3;7.7;3;9.3;0.91;0.28;0.12;0.18
2;0;100;100;50;17.65;4.03;11.3;2.14;2.17;0.19;64.6;11.34;5.95;3.16;0.54;1.88;5.85;195.4;148.5;31.5;3.8;11.7;0.44;1.35;0.16;0.22;2.13;2.14;0.167;35.4;12.79;6.56;3.7;0.6;2.15;5.46;106.8;84.3;7.3;4.3;10.9;1.33;0.4;0.17;0.23
2;0;100;100;100;17.29;4.33;12.66;2.47;2.52;0.217;63;11.62;6.19;3.18;0.57;1.76;6.41;193.1;147;29.8;3.5;12.8;0.41;1.74;0.15;0.22;2.7;2.7;0.172;37;15.66;7.96;4.59;0.79;2.57;6.25;113.5;85;10.9;5.1;12.5;1.62;0.58;0.2;0.29
2;50;0;0;0;15.38;2.36;6.59;1.45;1.38;0.165;47.2;8.36;4.35;2.37;0.43;1.42;3.39;152.1;129;13.5;2.8;6.8;0.82;0.27;0.13;0.16;0.81;0.81;0.145;52.8;5.45;2.71;1.63;0.26;0.95;3.2;169.8;148.2;13.3;1.9;6.4;0.35;0.27;0.08;0.11
2;50;0;0;50;15.1;2.47;7.12;1.41;1.43;0.169;47.4;8.41;4.23;2.57;0.4;1.33;3.57;152.6;130.6;12.3;2.7;7.1;0.81;0.33;0.12;0.17;0.97;0.99;0.15;52.6;6.52;3.21;1.98;0.31;1.15;3.55;169.4;146.3;13.7;2.3;7.1;0.37;0.4;0.1;0.13
2;50;0;0;100;14.98;2.7;7.78;1.59;1.54;0.175;47;8.77;4.56;2.5;0.43;1.45;4.01;155;132.8;11.3;2.9;8;0.83;0.42;0.13;0.16;1.3;1.27;0.165;53;7.67;3.94;2.25;0.35;1.25;3.77;174.8;143.7;21;2.5;7.5;0.38;0.66;0.1;0.14
2;50;0;50;0;17.39;2.83;7.84;1.48;1.44;0.162;53;8.87;4.52;2.57;0.44;1.49;4.04;154.3;126.6;16.7;3;8.1;0.8;0.34;0.13;0.18;1.17;1.16;0.152;47;7.57;3.89;2.18;0.39;1.34;3.8;136.9;113.3;13.4;2.7;7.6;0.63;0.27;0.12;0.14
2;50;0;50;50;17.27;3.27;9.3;1.49;1.55;0.168;52.7;9.19;4.71;2.66;0.44;1.56;4.72;154.8;126.7;15.6;3.1;9.4;0.8;0.44;0.14;0.18;1.52;1.58;0.155;47.3;10.18;5.05;3.02;0.53;1.71;4.58;139.1;113.2;13.3;3.4;9.2;0.85;0.39;0.14;0.2
2;50;0;50;100;17.35;3.63;10.82;1.69;1.67;0.177;51.5;9.39;4.8;2.81;0.46;1.48;5.53;156.4;127.8;14.5;3;11.1;0.78;0.59;0.12;0.18;2.08;2.15;0.164;48.5;13.11;6.61;3.87;0.67;2.16;5.29;147.5;112.2;20.4;4.3;10.6;1.08;0.64;0.18;0.25
2;50;0;100;0;19.28;3.16;8.99;1.53;1.52;0.16;60.6;9.46;4.75;2.83;0.47;1.6;4.6;156.7;124.3;20;3.2;9.2;0.78;0.41;0.15;0.18;1.36;1.4;0.153;39.4;9.13;4.5;2.72;0.5;1.56;4.4;101.7;76.8;13.1;3.1;8.8;0.84;0.27;0.12;0.17
2;50;0;100;50;19.39;3.84;11.16;1.66;1.66;0.165;59.5;10;5.11;2.92;0.47;1.65;5.65;156;122.3;19.2;3.3;11.3;0.76;0.57;0.14;0.19;2.05;2.05;0.156;40.5;13.1;6.55;3.88;0.68;2.19;5.52;106;77.9;12.7;4.4;11;1.26;0.37;0.17;0.24
2;50;0;100;100;19.49;4.48;12.67;1.94;1.9;0.178;57.7;10.63;5.53;3.04;0.52;1.72;6.48;157.1;122.6;18.1;3.4;13;0.76;0.78;0.15;0.21;2.63;2.63;0.163;42.3;16.07;8.21;4.75;0.76;2.76;6.19;115;77.7;19.4;5.5;12.4;1.49;0.61;0.23;0.3
2;50;50;0;0;15.3;2.83;7.98;1.81;1.84;0.168;47.4;10.96;5.61;3.15;0.55;1.85;4.09;153.8;128.7;13.2;3.7;8.2;1.09;0.37;0.16;0.22;0.86;0.9;0.155;52.6;5.75;2.86;1.72;0.32;0.98;3.89;170.7;148.5;12.5;2;7.8;0.36;0.35;0.09;0.11
2;50;50;0;50;15.06;2.88;8.54;2.01;2.02;0.175;47.6;11.49;5.88;3.37;0.56;1.85;4.34;154.7;129.6;12.7;3.7;8.7;1.1;0.52;0.17;0.23;1.04;1.08;0.164;52.4;6.51;3.24;1.93;0.32;1.03;4.2;170.3;147.4;12.4;2.1;8.4;0.35;0.52;0.08;0.12
2;50;50;0;100;14.62;3.2;9.12;2.13;2.13;0.183;47.2;11.6;6.01;3.31;0.57;1.88;4.61;156.3;132.2;11.1;3.8;9.2;1.14;0.61;0.16;0.22;1.43;1.45;0.182;52.8;7.93;4.07;2.32;0.4;1.32;4.51;175.1;144.4;19.1;2.6;9;0.38;0.81;0.12;0.14
2;50;50;50;0;17.38;3.19;9.34;1.94;1.94;0.165;52.8;11.7;5.93;3.42;0.57;1.89;4.75;155;124.9;16.9;3.8;9.5;1.05;0.49;0.17;0.23;1.19;1.23;0.156;47.2;7.78;3.95;2.29;0.37;1.3;4.59;138.8;114.8;12.2;2.6;9.2;0.64;0.34;0.1;0.14
2;50;50;50;50;17.21;3.68;10.92;2.18;2.15;0.174;52.7;12.34;6.25;3.67;0.61;1.96;5.56;156.4;125.6;15.8;3.9;11.1;1.08;0.68;0.16;0.24;1.77;1.71;0.163;47.3;10.46;5.34;3.02;0.51;1.72;5.36;140.4;114.1;12.1;3.4;10.7;0.86;0.52;0.14;0.2
2;50;50;50;100;17.29;4.19;12.22;2.38;2.42;0.189;52.5;12.77;6.58;3.71;0.62;1.99;6.29;164.5;125.7;22.3;4;12.6;1.07;0.92;0.18;0.25;2.24;2.29;0.172;47.5;13.2;6.75;3.81;0.68;2.2;5.93;148.8;114.1;18.5;4.4;11.9;1.09;0.77;0.18;0.24
2;50;50;100;0;19.38;3.69;10.82;2.15;2.15;0.167;60.1;12.86;6.54;3.8;0.61;2.11;5.53;157;121.2;20.5;4.2;11.1;1.04;0.67;0.18;0.25;1.45;1.51;0.157;39.9;9.52;4.76;2.87;0.49;1.58;5.28;104;78.5;11.7;3.2;10.6;0.87;0.33;0.12;0.18
2;50;50;100;50;19.62;4.45;12.74;2.41;2.38;0.178;60.7;13.35;6.89;3.89;0.63;2.19;6.43;167;120.1;29.6;4.4;12.9;1.01;0.93;0.18;0.26;2.29;2.19;0.163;39.3;13.44;6.81;3.98;0.64;2.26;6.32;108.1;79.2;11.8;4.5;12.6;1.26;0.5;0.18;0.25
2;50;50;100;100;19.64;4.87;14.22;2.63;2.63;0.191;59;13.77;7.18;3.97;0.66;2.19;7.25;167.4;120.6;27.9;4.4;14.5;1;1.17;0.19;0.27;2.73;2.77;0.17;41;16.24;8.28;4.75;0.83;2.68;6.97;116.2;78.9;18;5.4;13.9;1.49;0.76;0.22;0.3
2;50;100;0;0;15.09;3.28;9.48;2.41;2.41;0.173;48.6;13.9;7.16;4.04;0.69;2.3;4.92;162.4;127.9;20;4.6;9.8;1.37;0.57;0.19;0.28;0.94;1;0.168;51.4;5.9;2.97;1.74;0.3;0.98;4.57;171.8;149.4;11.3;2;9.1;0.35;0.46;0.08;0.11
2;50;100;0;50;15.02;3.51;9.94;2.6;2.63;0.184;48;14.28;7.47;4.02;0.73;2.31;5.08;163.4;129.8;18.8;4.6;10.2;1.39;0.76;0.21;0.27;1.29;1.32;0.186;52;7.07;3.69;1.97;0.34;1.2;4.85;176.8;147.2;17.5;2.4;9.7;0.36;0.73;0.1;0.13
2;50;100;0;100;14.51;3.57;10.46;2.88;2.8;0.191;48.2;14.59;7.65;4.21;0.71;2.3;5.32;163.3;131.4;16.7;4.6;10.6;1.44;0.88;0.19;0.28;1.56;1.6;0.203;51.8;7.83;4.18;2.21;0.38;1.27;5.13;175.5;145.3;17.3;2.5;10.3;0.38;0.98;0.1;0.14
2;50;100;50;0;17.28;3.82;11.05;2.66;2.68;0.175;53.9;15.27;7.88;4.44;0.8;2.52;5.56;164.7;122.5;26;5;11.1;1.34;0.82;0.23;0.3;1.32;1.33;0.166;46.1;7.97;4.03;2.34;0.4;1.29;5.48;141;116.9;10.6;2.6;11;0.65;0.43;0.1;0.15
2;50;100;50;50;17.23;4.24;12.11;2.86;2.85;0.185;52.8;15.41;7.98;4.48;0.71;2.5;6.2;165.1;123.5;24.2;5;12.4;1.34;1.01;0.21;0.3;1.86;1.85;0.175;47.2;10.49;5.45;2.97;0.51;1.74;5.91;147.8;116;16.5;3.5;11.8;0.86;0.66;0.14;0.19
2;50;100;50;100;16.91;4.63;13.34;3.19;3.12;0.199;52.3;15.63;8.25;4.42;0.75;2.46;6.69;164.5;123.7;22.6;4.9;13.4;1.33;1.28;0.22;0.29;2.43;2.45;0.184;47.7;13.24;6.87;3.78;0.63;2.17;6.65;149.9;115.9;16.4;4.3;13.3;1.1;0.93;0.17;0.24
2;50;100;100;0;19.5;4.26;12.39;2.91;2.87;0.174;61.4;16.45;8.45;4.75;0.85;2.63;6.38;168.3;118.9;31.4;5.3;12.8;1.3;1.02;0.24;0.32;1.57;1.6;0.165;38.6;9.61;4.86;2.85;0.5;1.63;6.01;105.8;79.9;10.6;3.3;12;0.86;0.43;0.13;0.18
2;50;100;100;50;19.64;5.01;14.15;3.23;3.15;0.186;59.4;16.89;8.8;4.84;0.8;2.72;7.28;167.7;117.5;30.2;5.4;14.6;1.28;1.31;0.24;0.32;2.41;2.36;0.172;40.6;13.67;7.11;3.84;0.67;2.29;6.87;114.7;80.7;15.7;4.6;13.7;1.28;0.64;0.19;0.24
2;50;100;100;100;19.46;5.31;15.55;3.54;3.49;0.204;58.6;17.1;9.07;4.8;0.78;2.66;7.94;166.3;116.4;28.6;5.3;15.9;1.24;1.69;0.24;0.32;2.86;2.95;0.178;41.4;16.45;8.35;4.81;0.82;2.65;7.61;117.4;81.4;15.5;5.3;15.2;1.56;0.88;0.22;0.29
2;100;0;0;0;17.52;2.8;7.82;1.67;1.72;0.167;39.6;10.26;5.16;2.96;0.53;1.73;3.95;112.6;87.8;13.5;3.5;7.9;1.1;0.28;0.15;0.19;0.91;0.91;0.146;60.4;6.16;3.1;1.83;0.3;1.06;3.87;172;145.2;16.9;2.1;7.7;0.34;0.35;0.09;0.12
2;100;0;0;50;17.27;3;8.58;1.82;1.79;0.171;40.1;10.44;5.31;3.01;0.55;1.69;4.35;113.7;89.8;11.8;3.4;8.7;1.12;0.33;0.14;0.19;1.17;1.18;0.154;59.9;7.57;3.84;2.22;0.38;1.31;4.23;170.1;141.7;17.2;2.6;8.5;0.35;0.57;0.1;0.15
2;100;0;0;100;17.07;3.33;9.22;1.85;1.9;0.176;39.5;10.76;5.53;3.1;0.53;1.77;4.74;115.5;91.7;10.7;3.5;9.5;1.14;0.39;0.16;0.21;1.48;1.5;0.166;60.5;8.93;4.58;2.53;0.44;1.56;4.48;176.9;138.3;26.5;3.1;9;0.36;0.84;0.14;0.16
2;100;0;50;0;19.28;3.07;8.95;1.79;1.75;0.165;45.1;10.61;5.33;3.05;0.52;1.75;4.46;114.8;85.9;16.5;3.5;8.9;1.06;0.34;0.15;0.2;1.19;1.21;0.149;54.9;8.09;3.93;2.41;0.43;1.32;4.49;139.7;111.5;16.6;2.6;9;0.61;0.34;0.1;0.15
2;100;0;50;50;19.37;3.74;10.76;1.88;1.9;0.169;45.2;11.15;5.67;3.25;0.54;1.83;5.45;116.7;86.9;15.3;3.7;10.9;1.09;0.43;0.15;0.22;1.69;1.75;0.157;54.8;11.1;5.6;3.34;0.55;1.9;5.3;141.5;110.2;16.8;3.8;10.6;0.83;0.56;0.15;0.21
2;100;0;50;100;19.06;4.3;11.99;2.05;2.08;0.178;43.9;11.66;5.97;3.35;0.6;1.89;6.06;117.9;87.7;14.3;3.8;12.1;1.1;0.59;0.17;0.23;2.3;2.28;0.164;56.1;13.85;7.05;4.01;0.65;2.41;5.93;150.8;109.1;25;4.8;11.9;1.03;0.8;0.19;0.25
2;100;0;100;0;21.05;3.52;9.95;1.84;1.83;0.163;53.1;11.14;5.67;3.29;0.54;1.84;5.12;118.5;84.9;19.6;3.7;10.2;1.05;0.39;0.16;0.22;1.46;1.46;0.152;46.9;9.56;4.8;2.81;0.48;1.68;4.83;104.5;75;16.4;3.4;9.7;0.8;0.34;0.14;0.18
2;100;0;100;50;21.26;4.26;12.43;2.02;2.03;0.168;52.3;12.02;6.12;3.51;0.62;1.95;6.28;119.5;84.1;18.9;3.9;12.6;1.06;0.56;0.17;0.24;2.21;2.19;0.158;47.7;13.84;6.91;4.14;0.7;2.31;6.15;108.8;75.8;16.1;4.6;12.3;1.21;0.53;0.19;0.26
2;100;0;100;100;21.32;4.88;14.11;2.28;2.25;0.178;50.6;12.6;6.57;3.58;0.64;2.1;7.22;121.4;85.2;17.6;4.2;14.4;1.08;0.75;0.19;0.23;2.66;2.77;0.163;49.4;16.89;8.55;4.95;0.83;2.78;6.89;118.7;74.8;24.5;5.6;13.8;1.44;0.79;0.23;0.31
2;100;50;0;0;17.66;3.55;10.06;2.53;2.49;0.17;40.3;14.56;7.44;4.25;0.72;2.4;5.02;116.5;88.4;13.2;4.8;10;1.62;0.38;0.21;0.28;1.02;1.03;0.154;59.7;6.57;3.33;1.94;0.3;1.15;5.04;172.6;144.1;16.2;2.3;10.1;0.33;0.48;0.09;0.13
2;100;50;0;50;17.26;3.7;10.71;2.64;2.61;0.176;40;14.82;7.59;4.32;0.74;2.39;5.51;118.2;90.8;11.6;4.8;11;1.64;0.47;0.21;0.29;1.39;1.39;0.171;60;8.07;4.13;2.29;0.39;1.31;5.2;177.6;139.9;24.7;2.6;10.4;0.35;0.78;0.11;0.15
2;100;50;0;100;17.16;4;11.44;2.79;2.78;0.182;40.3;15.25;7.93;4.28;0.77;2.52;5.84;119.5;92.1;10.7;5;11.7;1.67;0.61;0.21;0.3;1.78;1.74;0.185;59.7;9.37;4.9;2.61;0.49;1.48;5.6;177;137.7;25.1;3;11.2;0.35;1.09;0.13;0.17
2;100;50;50;0;19.54;3.84;11.43;2.56;2.53;0.168;45.7;15;7.63;4.38;0.75;2.41;5.73;118.8;85.9;16.6;4.8;11.5;1.53;0.49;0.21;0.3;1.35;1.36;0.157;54.3;8.65;4.32;2.6;0.47;1.44;5.71;141.4;111.5;15.6;2.9;11.4;0.61;0.46;0.12;0.17
2;100;50;50;50;19.47;4.51;12.86;2.76;2.77;0.175;44.5;15.74;8.18;4.55;0.76;2.56;6.56;120.5;87;15.3;5.1;13.1;1.59;0.65;0.22;0.31;2;1.94;0.168;55.5;11.48;5.91;3.35;0.54;1.94;6.3;150.3;110.1;23.7;3.9;12.6;0.82;0.74;0.16;0.21
2;100;50;50;100;19.06;5.02;14.39;2.97;3;0.186;46;16.08;8.34;4.61;0.82;2.61;7.37;128.9;88.1;20.9;5.2;14.7;1.6;0.86;0.23;0.31;2.57;2.56;0.175;54;14.56;7.48;4.19;0.73;2.41;7.03;151.3;108.6;23.9;4.8;14.1;1.06;1.03;0.2;0.27
2;100;50;100;0;21.3;4.27;12.44;2.69;2.69;0.169;53;15.86;8.11;4.62;0.76;2.63;6.15;121.1;83.7;19.9;5.3;12.3;1.51;0.65;0.22;0.31;1.65;1.62;0.157;47;10.23;5.17;2.98;0.52;1.65;6.29;107.2;76.1;15.2;3.3;12.6;0.83;0.45;0.14;0.2
2;100;50;100;50;21.45;5.13;14.72;2.95;2.99;0.178;52.9;16.73;8.61;4.78;0.84;2.74;7.51;132.4;83.5;28.4;5.5;15;1.53;0.9;0.24;0.33;2.37;2.37;0.166;47.1;14.21;7.25;4.15;0.72;2.39;7.21;118;76.3;22.5;4.8;14.4;1.2;0.71;0.19;0.26
2;100;50;100;100;21.5;5.61;16.2;3.19;3.18;0.187;52.5;16.92;8.83;4.77;0.83;2.72;8.22;132.8;84.3;26.7;5.4;16.4;1.52;1.12;0.23;0.31;2.9;3;0.173;47.5;17.34;8.84;5.08;0.89;2.88;7.99;120.1;75.6;22.8;5.8;16;1.45;0.98;0.25;0.33
2;100;100;0;0;17.46;4.04;11.32;3.09;3.04;0.174;42;17.47;9.05;4.93;0.84;2.9;5.74;125.2;87.9;20;5.8;11.5;1.91;0.56;0.25;0.33;1.18;1.18;0.171;58;6.85;3.54;1.96;0.34;1.15;5.58;173.2;145;14.8;2.3;11.2;0.34;0.62;0.1;0.12
2;100;100;0;50;17.26;4.19;12.18;3.21;3.24;0.182;41.3;17.71;9.11;5.17;0.84;2.82;6.19;125.9;90.3;17.6;5.6;12.4;1.94;0.71;0.25;0.33;1.52;1.57;0.188;58.7;8.31;4.35;2.34;0.4;1.38;5.99;178.8;140.9;23.2;2.8;12;0.35;0.96;0.1;0.15
2;100;100;0;100;16.96;4.36;12.97;3.43;3.46;0.188;41.8;18.35;9.43;5.37;0.92;2.83;6.52;126.8;92.2;15.9;5.7;13;2.01;0.85;0.25;0.35;1.99;2.04;0.21;58.2;9.69;5.11;2.76;0.44;1.52;6.45;176.7;137.4;23.3;3;12.9;0.36;1.38;0.13;0.17
2;100;100;50;0;19.35;4.5;13.07;3.33;3.26;0.175;47.7;18.57;9.52;5.34;0.88;3;6.72;129.7;85.5;24.9;6;13.4;1.87;0.78;0.25;0.36;1.49;1.54;0.168;52.3;9.08;4.57;2.68;0.49;1.49;6.35;142.1;112.1;14.3;3;12.7;0.62;0.62;0.13;0.17
2;100;100;50;50;19.33;5.08;14.39;3.42;3.44;0.183;46.3;18.75;9.72;5.29;0.96;3.05;7.27;130;86.4;23;6.1;14.5;1.88;0.95;0.25;0.35;2.13;2.16;0.18;53.7;11.94;6.19;3.41;0.55;2.03;7.12;151.1;110.8;22;4.1;14.2;0.84;0.93;0.17;0.22
2;100;100;50;100;19.04;5.4;15.69;3.74;3.74;0.194;46.2;19.25;10.13;5.45;0.9;3.06;7.9;130.3;87.3;21.1;6.1;15.8;1.91;1.2;0.26;0.37;2.81;2.81;0.191;53.8;14.68;7.65;4.15;0.75;2.34;7.79;151.9;109.6;22.1;4.7;15.6;1.05;1.3;0.19;0.27
2;100;100;100;0;21.31;5.01;14.29;3.41;3.41;0.175;55.1;19.48;10.07;5.62;0.94;3.2;7.22;133.7;82.5;30.4;6.4;14.4;1.8;0.97;0.27;0.37;1.75;1.8;0.167;44.9;10.73;5.42;3.15;0.57;1.81;7.07;108.7;77.2;13.8;3.6;14.1;0.84;0.6;0.15;0.21
2;100;100;100;50;21.61;5.65;16.17;3.76;3.68;0.185;52.9;19.92;10.4;5.67;0.94;3.24;8.18;134.1;82.2;29.1;6.5;16.4;1.78;1.26;0.28;0.37;2.56;2.56;0.175;47.1;14.56;7.5;4.19;0.71;2.42;7.99;119.1;77.5;20.9;4.8;16;1.22;0.88;0.19;0.27
2;100;100;100;100;21.2;6.08;17.41;4.14;4.04;0.198;52.5;20.36;10.76;5.7;0.96;3.2;8.82;133.4;82.5;26.9;6.4;17.6;1.8;1.57;0.28;0.38;3.33;3.26;0.184;47.5;17.62;9.19;4.98;0.89;2.87;8.58;120.9;77.2;20.8;5.7;17.2;1.49;1.22;0.24;0.31
3;0;0;0;0;13.74;1.85;5.22;0.99;1.02;0.16;54.3;6.31;3.19;1.86;0.3;1.05;2.69;194.3;171.8;15;2.1;5.4;0.48;0.32;0.09;0.13;0.67;0.66;0.142;45.7;4.53;2.31;1.38;0.22;0.8;2.53;163.6;147.5;9.4;1.6;5.1;0.32;0.19;0.06;0.09
3;0;0;0;50;13.41;1.98;5.67;1.07;1.08;0.168;54.4;6.33;3.25;1.84;0.31;1.06;2.89;194.8;173.1;13.8;2.1;5.8;0.49;0.38;0.09;0.12;0.73;0.78;0.146;45.6;5.25;2.6;1.61;0.28;0.92;2.78;163.5;146.5;9.5;1.8;5.6;0.35;0.27;0.07;0.09
3;0;0;0;100;12.89;2.09;6.04;1.21;1.17;0.177;53.9;6.59;3.42;1.86;0.32;1.06;3.1;195.8;175.1;12.4;2.1;6.2;0.5;0.46;0.09;0.13;0.95;0.97;0.155;46.1;6.19;3.13;1.84;0.31;1.03;2.94;167.2;144.8;14.4;2.1;5.9;0.36;0.41;0.09;0.12
3;0;0;50;0;15.82;2.3;6.67;1.08;1.11;0.159;60;6.9;3.44;2.02;0.35;1.16;3.43;195.9;168.5;18.2;2.3;6.9;0.48;0.38;0.11;0.14;0.99;1;0.146;40;6.79;3.39;2.05;0.37;1.15;3.24;130.7;112.6;9.3;2.3;6.5;0.59;0.19;0.09;0.13
3;0;0;50;50;15.46;2.69;7.71;1.14;1.19;0.167;59.6;7.06;3.59;2.07;0.34;1.18;3.89;195.5;168.4;17;2.4;7.8;0.47;0.47;0.1;0.14;1.32;1.34;0.149;40.4;8.9;4.41;2.67;0.43;1.5;3.81;132.6;112.8;9.3;3;7.6;0.78;0.26;0.12;0.18
3;0;0;50;100;15.38;3.16;9.12;1.37;1.38;0.181;58.3;7.59;3.9;2.16;0.37;1.24;4.71;195.6;167.7;15.9;2.5;9.4;0.48;0.65;0.11;0.15;1.72;1.78;0.154;41.7;11.5;5.69;3.45;0.59;1.92;4.41;139.6;113.1;13.8;3.8;8.8;1.02;0.39;0.16;0.21
3;0;0;100;0;17.83;2.57;7.46;1.17;1.17;0.156;67.4;7.44;3.78;2.15;0.38;1.27;3.79;197.7;165.6;22;2.5;7.6;0.46;0.45;0.12;0.15;1.23;1.19;0.147;32.6;8.01;3.98;2.39;0.39;1.3;3.66;95.5;76.4;9.2;2.6;7.3;0.74;0.19;0.11;0.15
3;0;0;100;50;17.96;3.38;9.49;1.31;1.33;0.164;66.3;8.01;4.06;2.29;0.41;1.34;4.88;196.5;163.2;20.8;2.7;9.8;0.45;0.6;0.12;0.16;1.77;1.8;0.15;33.7;11.92;5.9;3.43;0.63;2.04;4.61;99.9;77.4;9.2;4.1;9.2;1.15;0.26;0.17;0.21
3;0;0;100;100;17.8;3.87;11.28;1.66;1.61;0.181;64.4;8.88;4.67;2.5;0.43;1.49;5.74;195;160.7;19.9;3;11.5;0.45;0.86;0.13;0.17;2.27;2.25;0.153;35.6;14.62;7.29;4.32;0.76;2.38;5.54;107.6;78.5;13.3;4.8;11.1;1.4;0.38;0.19;0.28
3;0;50;0;0;13.3;1.94;5.7;1.12;1.16;0.162;54;7.06;3.55;2.09;0.34;1.14;2.94;193;170;14.9;2.3;5.9;0.5;0.42;0.09;0.14;0.71;0.71;0.148;46;4.63;2.31;1.42;0.21;0.79;2.77;164.4;149;8.3;1.6;5.5;0.33;0.23;0.07;0.08
3;0;50;0;50;12.98;2.12;6.11;1.32;1.3;0.176;53.9;7.35;3.75;2.09;0.41;1.21;3.08;193;170.5;13.8;2.4;6.2;0.49;0.57;0.11;0.14;0.85;0.88;0.157;46.1;5.48;2.74;1.66;0.26;0.92;3.03;165;148.6;8.5;1.8;6.1;0.35;0.35;0.07;0.1
3;0;50;0;100;12.46;2.2;6.25;1.47;1.44;0.191;53.3;7.51;3.96;2.1;0.34;1.2;3.14;192.8;171.4;12.8;2.4;6.3;0.48;0.71;0.11;0.14;1.08;1.06;0.172;46.7;6.09;3.14;1.75;0.29;1;3.11;168.7;147.9;12.6;2;6.2;0.36;0.51;0.08;0.12
3;0;50;50;0;15.26;2.51;7.14;1.29;1.29;0.161;59.5;7.95;4.05;2.32;0.4;1.32;3.66;193.8;165.7;18.2;2.6;7.3;0.48;0.53;0.11;0.17;1.07;1.05;0.151;40.5;6.9;3.45;1.99;0.36;1.19;3.48;131.9;114.4;8.1;2.4;7;0.6;0.23;0.09;0.13
3;0;50;50;50;15.14;2.99;8.48;1.48;1.47;0.175;58.7;8.36;4.33;2.42;0.43;1.38;4.29;192.4;163.8;17.2;2.8;8.6;0.46;0.73;0.11;0.17;1.42;1.46;0.156;41.3;9.3;4.67;2.77;0.45;1.61;4.18;135.1;115.6;7.9;3.2;8.4;0.83;0.32;0.13;0.17
3;0;50;50;100;15.29;3.4;9.72;1.77;1.75;0.198;58.7;8.81;4.65;2.47;0.4;1.38;5.03;200.9;163.8;24.4;2.8;10.1;0.47;0.99;0.12;0.16;1.89;1.94;0.163;41.3;11.85;6.02;3.52;0.55;2.02;4.69;141.4;115.6;12.3;4;9.4;1.05;0.51;0.17;0.22
3;0;50;100;0;17.68;3.05;8.6;1.53;1.53;0.164;66.4;9.29;4.77;2.71;0.47;1.6;4.38;193.8;159.6;22.2;3.2;8.8;0.46;0.74;0.14;0.18;1.28;1.28;0.151;33.6;8.39;4.23;2.5;0.43;1.46;4.21;98.1;78.9;7.8;2.9;8.4;0.8;0.21;0.11;0.15
3;0;50;100;50;17.71;3.72;10.37;1.82;1.77;0.18;66.6;9.78;5.09;2.79;0.44;1.61;5.42;203.2;157.1;32;3.2;10.8;0.44;1;0.14;0.19;1.8;1.87;0.154;33.4;12.04;6.01;3.52;0.61;2.1;4.96;101.8;80;7.7;4.2;9.9;1.18;0.31;0.16;0.21
3;0;50;100;100;17.83;4.16;11.99;2.14;2.12;0.199;64.9;10.62;5.59;2.94;0.54;1.66;6.25;201.4;154.6;31;3.3;12.5;0.45;1.32;0.15;0.2;2.34;2.36;0.16;35.1;14.72;7.47;4.26;0.75;2.5;5.74;108.9;81;11.4;5;11.5;1.44;0.46;0.2;0.26
3;0;100;0;0;12.91;2.06;6.18;1.38;1.39;0.171;54.4;8.08;4.09;2.44;0.38;1.27;3.21;198.5;167.3;22.3;2.5;6.4;0.5;0.62;0.11;0.16;0.71;0.74;0.155;45.6;4.67;2.34;1.39;0.23;0.79;2.97;166.1;151.3;7.3;1.6;5.9;0.33;0.27;0.07;0.08
3;0;100;0;50;12.64;2.27;6.64;1.69;1.64;0.192;54.2;8.53;4.51;2.46;0.37;1.36;3.43;197.7;167.2;20.9;2.7;6.9;0.51;0.85;0.12;0.16;0.87;0.93;0.169;45.8;5.41;2.75;1.59;0.29;0.91;3.2;166.9;151.4;7.3;1.8;6.4;0.36;0.4;0.07;0.09
3;0;100;0;100;12.1;2.34;6.74;1.88;1.83;0.208;53.5;8.79;4.7;2.41;0.43;1.34;3.39;196.5;167.4;19.7;2.7;6.8;0.51;1.05;0.12;0.16;1.09;1.1;0.184;46.5;5.92;3.08;1.72;0.28;1;3.35;170.6;151.2;10.7;2;6.7;0.36;0.56;0.07;0.11
3;0;100;50;0;15.35;2.77;7.91;1.66;1.68;0.175;59.9;9.58;4.91;2.76;0.48;1.57;4.15;200.7;161;28.3;3.1;8.3;0.48;0.88;0.13;0.19;1.11;1.1;0.156;40.1;7.01;3.52;2.07;0.35;1.2;3.76;134.4;117.3;7.2;2.4;7.5;0.61;0.26;0.1;0.12
3;0;100;50;50;15.17;3.19;9.14;1.96;1.96;0.193;59;10.14;5.25;2.9;0.5;1.62;4.74;198.2;158.5;27;3.2;9.5;0.47;1.14;0.14;0.2;1.45;1.51;0.163;41;9.21;4.64;2.76;0.47;1.57;4.39;137.6;118.8;6.9;3.1;8.8;0.82;0.39;0.13;0.17
3;0;100;50;100;15.08;3.47;10.28;2.22;2.24;0.217;58.1;10.35;5.54;2.83;0.52;1.58;5.38;198.2;158.7;25.6;3.2;10.8;0.47;1.45;0.14;0.19;1.96;2;0.168;41.9;11.79;5.97;3.39;0.61;1.89;4.9;142.7;118.7;10.4;3.8;9.8;1.07;0.55;0.16;0.22
3;0;100;100;0;17.56;3.26;9.43;1.91;1.92;0.174;66.6;11.03;5.64;3.23;0.54;1.78;4.79;200.5;153.2;34.1;3.6;9.6;0.44;1.11;0.16;0.21;1.36;1.37;0.155;33.4;8.76;4.39;2.6;0.46;1.47;4.65;100.5;81.5;6.7;2.9;9.3;0.84;0.24;0.13;0.17
3;0;100;100;50;17.72;3.85;11.21;2.28;2.25;0.193;65.8;11.61;6.12;3.24;0.53;1.83;5.79;200.1;151.7;33.1;3.7;11.6;0.45;1.41;0.17;0.21;1.92;1.99;0.16;34.2;12.38;6.08;3.65;0.67;2.02;5.42;103.7;82.2;6.7;4;10.8;1.2;0.37;0.17;0.24
3;0;100;100;100;17.71;4.36;12.78;2.78;2.73;0.219;64;12.46;6.74;3.34;0.6;1.93;6.48;196.9;147.9;32.1;3.9;13;0.46;1.88;0.16;0.22;2.51;2.46;0.164;36;14.95;7.54;4.42;0.78;2.43;6.3;110.6;83.7;9.4;4.9;12.6;1.48;0.5;0.19;0.28
3;50;0;0;0;15.49;2.28;6.62;1.44;1.47;0.169;48.5;8.63;4.39;2.52;0.44;1.39;3.39;155.8;132;14.2;2.8;6.8;0.88;0.3;0.12;0.17;0.71;0.74;0.14;51.5;5.1;2.54;1.56;0.23;0.89;3.23;165.1;144.2;12.8;1.8;6.5;0.31;0.25;0.07;0.1
3;50;0;0;50;15.28;2.5;7.18;1.49;1.53;0.175;49;8.72;4.53;2.48;0.41;1.49;3.64;157.5;134.1;13.2;3;7.3;0.88;0.36;0.13;0.17;0.92;0.93;0.145;51;6.29;3.11;1.85;0.32;1.01;3.54;164.2;141.9;13.2;2;7.1;0.33;0.39;0.08;0.12
3;50;0;0;100;14.81;2.65;7.6;1.62;1.63;0.18;48.3;9.04;4.63;2.6;0.42;1.46;3.91;158.4;135.5;12.1;2.9;7.8;0.88;0.45;0.12;0.18;1.16;1.16;0.161;51.7;7.12;3.59;2.07;0.36;1.19;3.69;169.4;140.3;19.4;2.4;7.4;0.33;0.6;0.1;0.13
3;50;0;50;0;17.2;2.75;7.83;1.56;1.52;0.166;54.4;9.12;4.65;2.67;0.43;1.55;4.02;158;129.2;17.7;3.1;8;0.85;0.36;0.13;0.18;1.03;1.06;0.145;45.6;7.2;3.56;2.13;0.4;1.2;3.81;132.5;110.4;12.1;2.4;7.6;0.58;0.25;0.09;0.14
3;50;0;50;50;17.29;3.19;9.31;1.69;1.66;0.173;54.1;9.58;4.9;2.78;0.47;1.55;4.8;159;129.7;16.6;3.1;9.6;0.88;0.46;0.13;0.19;1.39;1.45;0.148;45.9;9.71;4.81;2.86;0.5;1.65;4.51;134.6;110;12.3;3.3;9;0.77;0.37;0.13;0.18
3;50;0;50;100;17.28;3.63;10.67;1.84;1.83;0.183;52.9;10;5.17;2.86;0.48;1.6;5.52;160.1;130.3;15.6;3.2;11;0.87;0.63;0.14;0.2;1.94;1.98;0.157;47.1;12.48;6.17;3.72;0.65;2.02;5.15;142.7;109.5;18.9;4;10.3;0.99;0.59;0.17;0.23
3;50;0;100;0;19.34;3.12;9.01;1.64;1.64;0.164;61.9;9.91;5.01;2.93;0.48;1.59;4.61;160.7;127.4;21;3.2;9.2;0.87;0.44;0.14;0.19;1.33;1.29;0.147;38.1;8.73;4.34;2.65;0.44;1.54;4.41;98.9;74.7;12.3;3.1;8.8;0.76;0.25;0.13;0.16
3;50;0;100;50;19.57;3.87;10.99;1.75;1.8;0.17;61;10.54;5.45;3;0.54;1.75;5.67;160.8;125.6;20.4;3.5;11.3;0.84;0.61;0.15;0.21;1.86;1.86;0.15;39;12.36;6.12;3.67;0.63;2.12;5.32;102.5;75.7;11.9;4.2;10.6;1.11;0.35;0.18;0.23
3;50;0;100;100;19.41;4.3;12.69;2.08;2.02;0.182;59;11.09;5.73;3.19;0.55;1.74;6.42;160.6;125.1;19.2;3.5;12.8;0.85;0.81;0.15;0.21;2.4;2.41;0.157;41;15.34;7.64;4.62;0.78;2.57;6.27;111.6;76;17.9;5.1;12.5;1.35;0.56;0.21;0.29
3;50;50;0;0;15.49;2.78;8.05;1.97;1.96;0.173;48.9;11.33;5.84;3.23;0.58;1.85;4.18;158.5;132;14.4;3.7;8.4;1.17;0.41;0.17;0.22;0.85;0.83;0.15;51.1;5.48;2.75;1.59;0.3;0.93;3.87;165.5;144.2;11.7;1.9;7.7;0.33;0.33;0.07;0.1
3;50;50;0;50;15.32;2.89;8.63;2.24;2.18;0.18;49;12.03;6.27;3.44;0.55;1.89;4.43;158.9;132.6;13.7;3.8;8.9;1.2;0.57;0.16;0.25;1.04;1.03;0.16;51;6.36;3.2;1.89;0.34;1.01;4.2;165.6;143.5;11.8;2;8.4;0.32;0.51;0.08;0.12
3;50;50;0;100;14.6;3.17;8.95;2.25;2.23;0.189;48.5;11.76;6.2;3.29;0.58;1.93;4.56;159.9;135;11.9;3.9;9.1;1.19;0.66;0.16;0.22;1.35;1.33;0.177;51.5;7.45;3.81;2.17;0.37;1.24;4.38;169.7;140.9;17.6;2.5;8.8;0.35;0.75;0.1;0.13
3;50;50;50;0;17.4;3.25;9.36;2.04;2.09;0.17;54.4;12.25;6.27;3.5;0.62;2.02;4.83;159.8;128.2;17.9;4;9.7;1.14;0.53;0.17;0.24;1.11;1.12;0.151;45.6;7.35;3.76;2.13;0.37;1.23;4.53;134.1;111.2;11.3;2.5;9.1;0.57;0.31;0.1;0.14
3;50;50;50;50;17.35;3.62;10.87;2.32;2.3;0.179;54;12.81;6.51;3.73;0.67;2.01;5.57;160;128;16.8;4;11.1;1.16;0.72;0.17;0.26;1.54;1.58;0.157;46;9.99;4.96;2.97;0.47;1.61;5.29;136.5;111.4;11.3;3.2;10.6;0.78;0.49;0.13;0.18
3;50;50;50;100;17.28;4.13;12.08;2.61;2.53;0.194;53.6;13.03;6.82;3.66;0.67;2.02;6.04;167.6;127.6;23.8;4;12.1;1.13;0.97;0.18;0.25;2.04;2.11;0.166;46.4;12.63;6.45;3.71;0.58;2.11;6.03;145;111.7;17;4.2;12.1;0.99;0.71;0.17;0.24
3;50;50;100;0;19.56;3.65;10.57;2.26;2.25;0.171;61.5;13.11;6.71;3.76;0.66;2.16;5.41;161;124.1;21.7;4.3;10.8;1.09;0.71;0.19;0.26;1.35;1.36;0.151;38.5;8.97;4.46;2.71;0.45;1.5;5.16;100.8;76.5;11;3;10.3;0.77;0.31;0.12;0.17
3;50;50;100;50;19.72;4.4;12.77;2.66;2.53;0.183;62.1;13.85;7.17;4.06;0.69;2.2;6.52;171.7;123.1;31.2;4.4;13;1.1;0.96;0.19;0.27;1.99;2.03;0.156;37.9;12.9;6.5;3.9;0.64;2.2;6.25;104.9;77.1;10.9;4.4;12.5;1.13;0.48;0.18;0.24
3;50;50;100;100;19.44;4.92;13.96;2.83;2.78;0.195;60.1;14.22;7.46;3.94;0.67;2.27;7.15;170.3;122.3;29.2;4.5;14.3;1.08;1.23;0.2;0.27;2.58;2.59;0.163;39.9;15.75;8.1;4.49;0.82;2.65;6.81;112.8;77.5;16.4;5.3;13.6;1.39;0.68;0.22;0.29
3;50;100;0;0;15.34;3.28;9.5;2.5;2.55;0.178;50.2;14.28;7.31;4.12;0.7;2.33;4.99;167.9;131.6;21.7;4.7;10;1.48;0.6;0.2;0.28;0.94;0.95;0.164;49.8;5.73;2.94;1.73;0.24;0.94;4.51;166.3;144.6;10.7;1.9;9;0.32;0.44;0.08;0.1
3;50;100;0;50;14.92;3.26;9.84;2.87;2.78;0.189;49.3;14.64;7.62;4.12;0.75;2.24;5;166.7;132.2;20.1;4.5;10;1.49;0.81;0.2;0.27;1.19;1.18;0.181;50.7;6.51;3.32;1.88;0.35;1.02;4.84;171.7;144;16;2;9.7;0.33;0.65;0.08;0.12
3;50;100;0;100;14.44;3.56;10.19;3.06;2.99;0.198;49.6;15.05;7.94;4.19;0.75;2.38;5.3;167.4;133.7;18.4;4.8;10.6;1.52;0.97;0.22;0.28;1.44;1.46;0.199;50.4;7.31;3.8;2.07;0.36;1.19;4.89;170.3;142.3;15.8;2.4;9.8;0.33;0.91;0.09;0.13
3;50;100;50;0;17.38;3.75;10.83;2.77;2.77;0.18;55.4;15.36;7.94;4.35;0.76;2.49;5.51;169.1;126;27.1;5;11;1.42;0.84;0.21;0.3;1.23;1.26;0.161;44.6;7.77;3.91;2.26;0.39;1.25;5.32;136.4;113;10.3;2.5;10.6;0.59;0.42;0.11;0.15
3;50;100;50;50;17.2;4.19;12.13;3.1;3.01;0.19;54;15.81;8.24;4.48;0.73;2.49;6.23;168.7;125.8;25.5;5;12.5;1.42;1.07;0.21;0.31;1.75;1.74;0.169;46;10.23;5.21;2.96;0.48;1.7;5.9;143.8;113.2;15.4;3.4;11.8;0.8;0.62;0.13;0.19
3;50;100;50;100;17.14;4.63;13.3;3.34;3.3;0.205;53.8;16.09;8.68;4.41;0.71;2.59;6.92;169;126.1;23.9;5.2;13.8;1.42;1.36;0.23;0.3;2.28;2.27;0.177;46.2;12.72;6.47;3.71;0.63;2.04;6.38;145.1;112.9;15.4;4.1;12.8;1.02;0.88;0.15;0.22
3;50;100;100;0;19.48;4.22;12.36;3.07;3.01;0.179;62.7;16.78;8.66;4.84;0.83;2.7;6.4;172.4;121.4;32.8;5.4;12.8;1.39;1.05;0.24;0.33;1.44;1.46;0.158;37.3;9.19;4.6;2.69;0.52;1.52;5.96;102.7;78;9.7;3;11.9;0.79;0.4;0.11;0.17
3;50;100;100;50;19.74;5.09;14.3;3.26;3.32;0.191;60.5;17.35;9.09;4.9;0.82;2.83;7.32;171.9;119.9;31.7;5.7;14.6;1.36;1.37;0.26;0.33;2.12;2.19;0.165;39.5;13.19;6.72;3.85;0.65;2.26;6.98;111.9;78.9;14.6;4.5;14;1.17;0.59;0.19;0.25
3;50;100;100;100;19.59;5.36;15.54;3.73;3.69;0.208;59.9;17.69;9.38;5;0.81;2.72;8.01;170.4;118.7;30.2;5.4;16;1.35;1.76;0.25;0.33;2.66;2.72;0.171;40.1;15.81;8.08;4.63;0.74;2.63;7.53;114.1;79.5;14.3;5.3;15.1;1.42;0.8;0.21;0.28
3;100;0;0;0;17.33;2.69;7.85;1.9;1.84;0.173;40.8;10.6;5.46;3.1;0.52;1.7;3.99;115;89.7;14;3.4;8;1.19;0.29;0.14;0.22;0.82;0.84;0.141;59.2;5.85;2.85;1.81;0.3;0.98;3.86;166.9;141.2;16;2;7.7;0.31;0.33;0.08;0.12
3;100;0;0;50;17.07;2.97;8.73;1.91;1.94;0.177;41.4;10.92;5.6;3.2;0.56;1.76;4.44;116.9;91.5;12.9;3.5;8.9;1.22;0.35;0.16;0.22;1.09;1.1;0.151;58.6;7.17;3.63;2.12;0.36;1.21;4.28;165.3;138.1;16.2;2.4;8.6;0.32;0.53;0.1;0.14
3;100;0;0;100;16.91;3.18;9.33;2.08;2.02;0.182;40.9;11.07;5.82;3.13;0.52;1.76;4.83;118.4;93.7;11.4;3.5;9.7;1.24;0.41;0.15;0.22;1.41;1.42;0.163;59.1;8.67;4.36;2.56;0.44;1.42;4.5;171.4;134.5;25.1;2.8;9;0.33;0.82;0.11;0.16
3;100;0;50;0;19.26;3.12;8.93;1.93;1.87;0.17;46.7;10.92;5.65;3.12;0.56;1.79;4.58;118.2;88.2;17.3;3.6;9.2;1.15;0.35;0.16;0.21;1.13;1.13;0.145;53.3;7.79;3.86;2.28;0.41;1.32;4.35;134.9;107.7;15.9;2.6;8.7;0.55;0.33;0.11;0.15
3;100;0;50;50;19.09;3.64;10.56;2.01;2.01;0.175;46.6;11.43;5.82;3.29;0.57;1.87;5.4;119.2;88.5;16.1;3.7;10.8;1.17;0.46;0.16;0.22;1.54;1.6;0.151;53.4;10.49;5.14;3.19;0.57;1.77;5.16;136.8;107.3;15.7;3.5;10.3;0.75;0.5;0.14;0.2
3;100;0;50;100;19.12;4.32;12.23;2.28;2.25;0.184;45.3;12.22;6.48;3.43;0.59;2.06;6.25;121.2;89.6;15;4.1;12.5;1.22;0.62;0.18;0.24;2.17;2.16;0.159;54.7;13.53;6.92;3.94;0.65;2.27;5.99;146.1;106;23.6;4.5;12;0.96;0.76;0.18;0.26
3;100;0;100;0;21.16;3.51;10.16;1.97;1.98;0.169;54.3;11.69;5.97;3.4;0.59;1.91;5.23;121.4;86.3;20.8;3.8;10.5;1.15;0.42;0.17;0.24;1.29;1.36;0.146;45.7;9.29;4.6;2.82;0.48;1.6;4.94;102;73.5;15.4;3.2;9.9;0.74;0.32;0.13;0.17
3;100;0;100;50;21.27;4.32;12.3;2.14;2.16;0.173;53.8;12.45;6.37;3.58;0.63;2.05;6.38;122.7;86;19.9;4.1;12.8;1.14;0.59;0.18;0.25;1.94;2;0.152;46.2;13.15;6.55;3.96;0.63;2.27;5.92;105.3;73.8;15.2;4.5;11.8;1.08;0.5;0.18;0.25
3;100;0;100;100;21.29;4.88;13.99;2.39;2.38;0.183;51.7;12.99;6.74;3.63;0.64;2.11;7.21;123.8;86.5;18.7;4.2;14.4;1.14;0.81;0.18;0.25;2.56;2.58;0.158;48.3;16.32;8.2;4.84;0.88;2.77;6.78;115.6;73.3;23.2;5.5;13.6;1.3;0.75;0.22;0.31
3;100;50;0;0;17.45;3.52;9.89;2.64;2.62;0.177;41.7;14.83;7.64;4.2;0.73;2.43;5.08;119.4;90.5;13.9;4.9;10.2;1.74;0.39;0.21;0.28;0.97;0.96;0.15;58.3;6.33;3.2;1.86;0.29;1.09;4.82;166.8;139.8;15.2;2.2;9.6;0.31;0.45;0.09;0.12
3;100;50;0;50;17.16;3.68;10.82;2.88;2.83;0.182;40.9;15.48;8.08;4.39;0.77;2.49;5.48;120.2;91.6;12.8;5;11;1.78;0.53;0.22;0.3;1.17;1.26;0.167;59.1;7.44;3.69;2.23;0.39;1.2;5.34;173.8;138.1;22.7;2.4;10.7;0.31;0.71;0.09;0.14
3;100;50;0;100;16.98;3.99;11.42;3.03;2.97;0.189;41.7;15.75;8.22;4.39;0.78;2.5;5.87;122.3;94.1;11.4;5;11.7;1.83;0.63;0.21;0.3;1.56;1.62;0.181;58.3;8.91;4.5;2.64;0.43;1.5;5.55;171.3;133.9;23.4;3;11.1;0.33;1.01;0.12;0.16
3;100;50;50;0;19.27;3.94;11.38;2.72;2.76;0.174;47.4;15.79;8.04;4.62;0.75;2.54;5.92;122.4;88.2;17.2;5.1;11.8;1.72;0.51;0.22;0.31;1.25;1.25;0.152;52.6;8.21;4.13;2.38;0.44;1.4;5.46;135.9;107.6;14.6;2.8;10.9;0.55;0.43;0.12;0.15
3;100;50;50;50;19.23;4.44;12.91;3.03;2.93;0.181;45.9;16.16;8.45;4.59;0.81;2.62;6.55;123.1;88.6;16.1;5.2;13.1;1.72;0.69;0.22;0.31;1.78;1.8;0.163;54.1;11;5.58;3.23;0.51;1.82;6.35;145.3;107.1;21.8;3.6;12.7;0.75;0.7;0.15;0.2
3;100;50;50;100;19.34;4.92;14.29;3.23;3.2;0.192;47.2;16.59;8.68;4.7;0.82;2.64;7.31;131.8;89.2;22.7;5.3;14.6;1.71;0.93;0.24;0.31;2.3;2.37;0.17;52.8;13.89;7.12;4.06;0.69;2.28;6.97;147.5;106.5;22.5;4.6;13.9;0.96;0.96;0.18;0.26
3;100;50;100;0;21.25;4.23;12.47;2.93;2.89;0.175;54.5;16.48;8.48;4.69;0.81;2.63;6.39;124.3;85.4;20.8;5.3;12.8;1.66;0.68;0.22;0.33;1.42;1.48;0.151;45.5;9.7;4.79;2.93;0.48;1.6;6.09;103.8;74.2;14.2;3.2;12.2;0.75;0.42;0.13;0.18
3;100;50;100;50;21.55;5.09;14.57;3.2;3.16;0.183;54.1;17.22;8.92;4.91;0.82;2.76;7.47;135.1;84.8;29.9;5.5;14.9;1.64;0.95;0.23;0.34;2.14;2.2;0.16;45.9;13.69;6.92;3.99;0.69;2.33;7.09;114.8;74.7;21.2;4.7;14.2;1.11;0.65;0.19;0.26
3;100;50;100;100;21.34;5.54;16.12;3.46;3.45;0.193;53.8;17.85;9.35;5.04;0.89;2.82;8.29;135.9;85.4;28.3;5.6;16.6;1.67;1.19;0.25;0.34;2.79;2.75;0.166;46.2;16.49;8.39;4.81;0.81;2.72;7.83;116.4;74.2;21.1;5.4;15.7;1.32;0.9;0.21;0.31
3;100;100;0;0;17.37;4.14;11.61;3.31;3.26;0.18;43.4;18.05;9.43;5.11;0.89;3.02;5.92;128.8;90;20.9;6;11.8;2.06;0.58;0.26;0.36;1.13;1.14;0.167;56.6;6.79;3.45;1.98;0.35;1.12;5.69;168.3;140.6;14.1;2.2;11.4;0.32;0.61;0.09;0.13
3;100;100;0;50;17.35;4.2;12.28;3.53;3.51;0.189;42.7;18.55;9.7;5.25;0.88;2.98;6.36;129.6;91.6;19.4;6;12.7;2.11;0.79;0.26;0.35;1.47;1.45;0.185;57.3;7.83;4.06;2.25;0.4;1.22;5.92;173.9;138.1;21.6;2.4;11.8;0.32;0.9;0.09;0.14
3;100;100;0;100;17;4.41;12.63;3.65;3.62;0.195;42.8;18.53;9.71;5.14;0.92;2.91;6.37;129.3;93.6;17.1;5.8;12.7;2.13;0.9;0.25;0.34;1.87;1.92;0.206;57.2;9.31;4.9;2.58;0.45;1.5;6.26;172.6;134.7;22.3;3;12.5;0.33;1.3;0.12;0.17
3;100;100;50;0;19.61;4.52;13.08;3.4;3.46;0.181;48.9;19.06;9.73;5.49;0.99;3.05;6.65;132.9;86.9;26.7;6.1;13.3;1.99;0.83;0.27;0.37;1.4;1.42;0.163;51.1;8.64;4.42;2.49;0.43;1.48;6.43;138.8;109.3;13.7;3;12.9;0.56;0.58;0.12;0.15
3;100;100;50;50;19.18;5.03;14.32;3.78;3.72;0.189;47.6;19.63;10.27;5.53;0.95;3.11;7.4;133;87.4;24.5;6.2;14.8;2.03;1.04;0.28;0.38;1.94;1.95;0.174;52.4;11.18;5.82;3.22;0.55;1.91;6.92;146.3;108.6;20.1;3.8;13.8;0.76;0.85;0.15;0.19
3;100;100;50;100;19.13;5.41;15.65;4;3.98;0.201;47.7;19.79;10.45;5.55;0.94;3.14;8.13;134.1;88.7;22.8;6.3;16.3;2.04;1.3;0.27;0.38;2.56;2.62;0.185;52.3;14.1;7.3;4.07;0.71;2.27;7.51;147.3;107;20.7;4.5;15;0.96;1.22;0.19;0.26
3;100;100;100;0;21.46;4.99;14.47;3.69;3.67;0.18;56.4;20.35;10.59;5.77;0.99;3.3;7.49;137.3;83.4;32.2;6.6;15;1.94;1.05;0.28;0.4;1.57;1.63;0.161;43.6;10.08;5.03;3.05;0.52;1.68;6.98;106;75.9;12.9;3.4;14;0.76;0.55;0.13;0.19
3;100;100;100;50;21.43;5.71;16;3.95;3.89;0.19;54;20.41;10.72;5.65;1.03;3.35;8.12;136.4;82.9;30.6;6.7;16.2;1.9;1.3;0.3;0.38;2.34;2.37;0.168;46;14;7.19;4.07;0.7;2.36;7.88;116.1;76.3;19.3;4.7;15.8;1.13;0.8;0.19;0.26
3;100;100;100;100;21.42;6.09;17.54;4.22;4.29;0.204;54;21.02;11.13;5.85;1.02;3.31;9.13;137.8;84;28.8;6.6;18.3;1.93;1.68;0.29;0.39;2.93;3;0.178;46;16.8;8.62;4.87;0.84;2.78;8.4;117.3;75.3;19.6;5.6;16.8;1.33;1.13;0.23;0.31
4;0;0;0;0;13.68;1.72;5.21;1.05;1.06;0.164;55.8;6.39;3.21;1.85;0.37;0.98;2.69;199.4;176.5;15.6;2;5.4;0.52;0.32;0.08;0.13;0.62;0.63;0.141;44.2;4.33;2.15;1.3;0.21;0.74;2.51;157.8;142.6;8.7;1.5;5;0.32;0.17;0.06;0.08
4;0;0;0;50;13.19;1.9;5.5;1.16;1.14;0.173;55.8;6.57;3.35;1.92;0.33;1.01;2.81;199.2;177.2;14.4;2;5.6;0.53;0.39;0.09;0.13;0.73;0.73;0.144;44.2;4.95;2.46;1.47;0.25;0.88;2.68;157.9;142;8.8;1.8;5.4;0.33;0.25;0.06;0.09
4;0;0;0;100;12.85;2.08;6.08;1.25;1.27;0.181;55.4;7;3.6;2.03;0.34;1.1;3.21;200.6;178.6;13.4;2.2;6.4;0.55;0.49;0.09;0.14;0.83;0.88;0.154;44.6;5.63;2.85;1.67;0.28;0.98;2.87;161.6;141;12.9;2;5.7;0.34;0.36;0.08;0.1
4;0;0;50;0;15.71;2.21;6.4;1.17;1.15;0.161;61.4;7.05;3.62;2.01;0.34;1.16;3.3;200.4;172.2;19.3;2.3;6.6;0.5;0.4;0.1;0.15;0.93;0.94;0.146;38.6;6.34;3.09;1.93;0.31;1.04;3.11;126.1;109.5;8.3;2.1;6.2;0.56;0.17;0.09;0.12
4;0;0;50;50;15.53;2.71;7.54;1.32;1.28;0.171;60.9;7.45;3.82;2.15;0.39;1.25;3.9;200;171.7;18;2.5;7.8;0.51;0.51;0.12;0.15;1.27;1.26;0.149;39.1;8.42;4.16;2.53;0.44;1.46;3.63;128.3;109.8;8.4;2.9;7.3;0.76;0.24;0.11;0.15
4;0;0;50;100;15.46;3.16;9.05;1.45;1.44;0.184;59.6;7.81;4.05;2.25;0.38;1.25;4.69;199.5;170.7;16.9;2.5;9.4;0.5;0.69;0.1;0.16;1.65;1.69;0.153;40.4;11.01;5.44;3.31;0.61;1.91;4.36;135.4;110.3;12.5;3.8;8.7;1;0.35;0.14;0.2
4;0;0;100;0;17.61;2.58;7.38;1.26;1.23;0.159;68.8;7.67;3.92;2.23;0.36;1.28;3.86;202.5;169.7;22.5;2.6;7.7;0.49;0.47;0.12;0.15;1.15;1.12;0.147;31.2;7.6;3.81;2.23;0.38;1.3;3.52;91.9;74;8.3;2.6;7;0.72;0.17;0.1;0.14
4;0;0;100;50;17.62;3.36;9.75;1.4;1.46;0.169;67.4;8.64;4.4;2.53;0.43;1.43;4.98;200.3;166;21.5;2.9;10;0.51;0.65;0.14;0.17;1.64;1.72;0.15;32.6;11.44;5.61;3.5;0.59;1.93;4.77;96.7;75.5;7.8;3.9;9.5;1.13;0.22;0.15;0.22
4;0;0;100;100;17.75;3.75;11.18;1.74;1.71;0.184;65.8;9.27;4.79;2.74;0.42;1.49;5.73;199.1;163.7;21;3;11.5;0.5;0.9;0.13;0.18;2.09;2.12;0.153;34.2;13.84;6.87;4.15;0.74;2.25;5.45;103.5;76.3;11.7;4.5;10.9;1.35;0.33;0.17;0.26
4;0;50;0;0;13.18;1.9;5.6;1.25;1.22;0.167;55.4;7.3;3.66;2.19;0.37;1.18;2.93;197.7;173.6;15.8;2.4;5.9;0.52;0.44;0.1;0.16;0.68;0.67;0.147;44.6;4.38;2.2;1.26;0.26;0.72;2.68;158.9;144.8;7.3;1.4;5.4;0.33;0.2;0.06;0.08
4;0;50;0;50;12.86;2.06;6.03;1.45;1.4;0.181;55.3;7.71;3.98;2.22;0.35;1.21;3.14;197.4;174.1;14.6;2.4;6.3;0.53;0.6;0.11;0.15;0.78;0.81;0.156;44.7;5.11;2.6;1.49;0.24;0.85;2.9;159.5;144.5;7.6;1.7;5.8;0.35;0.31;0.06;0.09
4;0;50;0;100;12.72;2.25;6.44;1.65;1.59;0.195;54.8;8.13;4.35;2.25;0.37;1.33;3.33;197.9;174.8;13.7;2.7;6.7;0.54;0.78;0.11;0.15;0.99;0.99;0.171;45.2;5.76;2.9;1.69;0.29;0.92;3.11;163.4;143.9;11.5;1.8;6.2;0.35;0.47;0.07;0.11
4;0;50;50;0;15.65;2.56;7.22;1.38;1.39;0.163;60.6;8.45;4.31;2.46;0.41;1.42;3.68;198;168.3;19.5;2.8;7.4;0.51;0.58;0.13;0.16;1;1.01;0.151;39.4;6.62;3.33;1.93;0.33;1.14;3.54;128.5;111.7;7.4;2.3;7.1;0.58;0.21;0.09;0.12
4;0;50;50;50;15.32;2.83;8.34;1.64;1.6;0.178;60.1;8.92;4.55;2.61;0.41;1.44;4.34;196.8;166.8;18.5;2.9;8.7;0.5;0.79;0.13;0.17;1.32;1.34;0.155;39.9;8.6;4.19;2.59;0.48;1.4;4;130.5;112.6;7.1;2.8;8;0.78;0.29;0.11;0.16
4;0;50;50;100;15.27;3.32;9.62;1.85;1.88;0.201;60;9.32;4.9;2.59;0.45;1.47;5.01;205.3;166;26.4;2.9;10;0.5;1.06;0.13;0.18;1.74;1.81;0.161;40;11.15;5.55;3.29;0.6;1.85;4.62;136.8;113.1;10.8;3.7;9.2;1.02;0.44;0.14;0.2
4;0;50;100;0;17.6;2.89;8.32;1.59;1.56;0.166;67.7;9.33;4.68;2.76;0.46;1.47;4.29;198.4;164;22.9;2.9;8.6;0.49;0.75;0.13;0.19;1.15;1.24;0.151;32.3;8.12;4.08;2.34;0.43;1.43;4.03;94.4;76.2;7.3;2.9;8.1;0.77;0.2;0.11;0.16
4;0;50;100;50;17.81;3.62;10.47;1.96;1.88;0.183;67.6;10.3;5.33;2.95;0.52;1.61;5.39;207.2;159.4;33.8;3.2;10.8;0.48;1.07;0.14;0.2;1.81;1.81;0.154;32.4;11.67;5.89;3.51;0.56;2.01;5.09;99;78;6.8;4;10.2;1.16;0.28;0.16;0.22
4;0;50;100;100;17.8;4.13;11.75;2.21;2.2;0.201;66.1;10.89;5.75;3.05;0.52;1.74;5.99;205.1;157.2;32.4;3.5;12;0.48;1.36;0.14;0.21;2.22;2.26;0.159;33.9;14.14;7.08;4.15;0.78;2.39;5.77;105.2;78.8;10;4.8;11.5;1.4;0.4;0.19;0.26
4;0;100;0;0;13.35;2.15;6.4;1.52;1.55;0.174;55.6;8.88;4.5;2.6;0.46;1.39;3.3;203.2;169.1;24.7;2.8;6.6;0.54;0.7;0.12;0.19;0.67;0.7;0.154;44.4;4.4;2.23;1.29;0.22;0.76;3.1;162.4;148.3;6.4;1.5;6.2;0.33;0.23;0.05;0.08
4;0;100;0;50;12.6;2.21;6.5;1.71;1.7;0.195;55.6;8.71;4.54;2.48;0.43;1.34;3.39;202.2;170.4;22.4;2.7;6.8;0.52;0.9;0.12;0.16;0.79;0.85;0.167;44.4;5.02;2.55;1.48;0.28;0.87;3.11;161.7;147.3;6.5;1.7;6.2;0.34;0.36;0.06;0.09
4;0;100;0;100;12.13;2.38;6.65;1.87;1.91;0.211;55.1;9.03;4.74;2.58;0.41;1.41;3.43;201.8;171.6;20.6;2.8;6.9;0.53;1.08;0.13;0.17;1.05;1.06;0.183;44.9;5.66;2.97;1.61;0.27;0.97;3.22;164.6;146.4;9.9;1.9;6.4;0.34;0.53;0.08;0.1
4;0;100;50;0;15.44;2.77;7.74;1.8;1.77;0.178;61;9.91;5.13;2.81;0.48;1.62;3.93;204.2;163.5;29.6;3.2;7.9;0.51;0.92;0.15;0.19;0.98;1.03;0.155;39;6.59;3.29;1.96;0.34;1.15;3.81;130.7;114.5;6.3;2.3;7.6;0.59;0.23;0.09;0.12
4;0;100;50;50;15.61;3.22;9.15;2.02;2.09;0.195;60.2;10.69;5.59;3.02;0.51;1.7;4.68;202.8;160.9;29.1;3.4;9.4;0.51;1.22;0.15;0.21;1.4;1.41;0.161;39.8;8.73;4.43;2.58;0.44;1.52;4.47;134.2;116;6.3;3;8.9;0.8;0.35;0.11;0.16
4;0;100;50;100;15.21;3.52;10.16;2.36;2.37;0.22;59.2;10.8;5.8;2.9;0.52;1.69;5.3;201.6;160.6;27;3.4;10.6;0.51;1.52;0.15;0.19;1.85;1.86;0.166;40.8;11.13;5.6;3.25;0.58;1.83;4.86;138.7;116.2;9.1;3.7;9.7;1.04;0.48;0.14;0.2
4;0;100;100;0;17.63;3.24;9.48;2.04;2.03;0.176;68;11.5;5.92;3.37;0.57;1.85;4.9;206;156.8;35.7;3.7;9.8;0.49;1.15;0.17;0.23;1.22;1.27;0.154;32;8.18;4.08;2.41;0.42;1.4;4.59;96.8;79;5.8;2.8;9.2;0.8;0.21;0.11;0.15
4;0;100;100;50;18.05;3.91;11.34;2.45;2.4;0.195;66.8;12.31;6.4;3.5;0.63;1.88;5.81;203.8;153.1;35.3;3.8;11.6;0.5;1.51;0.16;0.23;1.82;1.86;0.158;33.2;11.69;5.94;3.4;0.62;2.03;5.53;101.3;80.4;5.8;4.1;11.1;1.17;0.32;0.15;0.22
4;0;100;100;100;17.76;4.41;12.58;2.9;2.87;0.222;65.2;12.95;7.03;3.49;0.61;1.99;6.51;200.7;150.1;33.6;4;13;0.48;1.97;0.18;0.25;2.26;2.33;0.162;34.8;14.31;7.18;4.19;0.71;2.42;6.06;106.9;81.6;8.3;4.8;12.1;1.45;0.44;0.19;0.26
4;50;0;0;0;15.46;2.22;6.51;1.58;1.52;0.175;50.1;8.69;4.49;2.54;0.4;1.39;3.37;159.9;135.2;15.1;2.8;6.7;0.93;0.3;0.12;0.17;0.67;0.7;0.141;49.9;4.87;2.4;1.48;0.24;0.83;3.14;159.5;139.6;11.9;1.7;6.3;0.31;0.24;0.07;0.09
4;50;0;0;50;15.23;2.42;7.24;1.66;1.66;0.18;50.3;9.2;4.7;2.66;0.47;1.45;3.74;161;136.4;14.2;2.9;7.5;0.96;0.4;0.13;0.18;0.81;0.85;0.144;49.7;5.78;2.83;1.76;0.3;0.98;3.49;159.2;138.3;11.9;2;7;0.32;0.35;0.07;0.11
4;50;0;0;100;14.83;2.7;7.71;1.8;1.76;0.185;49.7;9.45;4.91;2.69;0.48;1.54;3.93;162.3;138.5;12.9;3.1;7.9;0.97;0.47;0.13;0.18;1.15;1.12;0.161;50.3;6.92;3.54;2.02;0.34;1.16;3.79;164.2;136.2;18.1;2.3;7.6;0.33;0.57;0.09;0.13
4;50;0;50;0;17.32;2.7;7.82;1.7;1.65;0.172;55.8;9.54;4.96;2.71;0.48;1.53;3.99;161.9;132.4;18.5;3.1;8;0.94;0.38;0.15;0.19;0.98;1;0.144;44.2;6.86;3.34;2.05;0.37;1.18;3.83;128.4;107;11.5;2.4;7.7;0.55;0.23;0.09;0.12
4;50;0;50;50;17.3;3.08;9.22;1.86;1.75;0.177;55.4;9.89;5.1;2.93;0.47;1.54;4.71;162.3;132.1;17.7;3.1;9.4;0.92;0.5;0.14;0.2;1.37;1.38;0.149;44.6;9.22;4.57;2.79;0.46;1.54;4.51;130.5;107.1;11.3;3.1;9;0.74;0.34;0.13;0.17
4;50;0;50;100;17.32;3.71;10.68;1.98;1.97;0.188;54.2;10.48;5.44;3.04;0.53;1.7;5.58;163.8;132.8;16.5;3.4;11.2;0.94;0.67;0.15;0.2;1.78;1.86;0.157;45.8;11.81;5.91;3.46;0.62;2.02;5.09;138.3;106.6;17.5;4;10.2;0.96;0.54;0.16;0.21
4;50;0;100;0;19.29;3.03;8.73;1.77;1.69;0.169;63.2;9.98;5.08;2.92;0.49;1.61;4.39;163.9;130;21.9;3.2;8.8;0.91;0.45;0.14;0.19;1.15;1.21;0.146;36.8;8.21;3.97;2.5;0.46;1.42;4.34;95.5;72.6;11.4;2.8;8.7;0.72;0.23;0.11;0.15
4;50;0;100;50;19.56;3.93;10.86;1.98;1.94;0.175;62.3;11.04;5.73;3.11;0.56;1.86;5.59;164.1;127.8;21.4;3.7;11.2;0.91;0.64;0.18;0.21;1.69;1.78;0.149;37.7;11.85;5.91;3.52;0.61;2.07;5.26;99.3;73.7;10.9;4.1;10.5;1.08;0.32;0.15;0.22
4;50;0;100;100;19.53;4.33;12.41;2.11;2.15;0.186;60.5;11.49;5.97;3.26;0.55;1.86;6.38;164.7;127.9;20.4;3.7;12.8;0.89;0.87;0.17;0.22;2.32;2.29;0.156;39.5;14.62;7.34;4.34;0.75;2.46;6.03;107.5;73.7;16.9;4.9;12.1;1.29;0.53;0.19;0.28
4;50;50;0;0;15.33;2.73;8;2.08;2.11;0.178;50.2;11.84;6.05;3.4;0.57;1.9;4.08;161.8;134.4;15.4;3.8;8.2;1.28;0.44;0.16;0.23;0.74;0.77;0.148;49.8;5.07;2.46;1.54;0.27;0.83;3.92;160.5;140.4;10.6;1.7;7.8;0.31;0.3;0.06;0.09
4;50;50;0;50;15.07;2.91;8.53;2.3;2.27;0.186;50.3;12.19;6.41;3.5;0.56;1.92;4.44;162.5;135.5;14.2;3.8;8.9;1.28;0.58;0.16;0.25;0.9;0.95;0.159;49.7;5.92;2.95;1.78;0.3;0.99;4.09;160.3;139.2;10.9;2;8.2;0.32;0.45;0.08;0.11
4;50;50;0;100;14.76;3.17;8.99;2.53;2.45;0.195;49.8;12.53;6.66;3.47;0.6;1.98;4.62;163.6;137.3;13.2;4;9.2;1.3;0.73;0.18;0.24;1.23;1.24;0.176;50.2;6.99;3.65;1.95;0.31;1.19;4.37;164.9;137.5;16.2;2.4;8.7;0.33;0.69;0.09;0.12
4;50;50;50;0;17.49;3.21;9.34;2.25;2.21;0.175;55.8;12.64;6.5;3.7;0.61;2.04;4.9;163.7;130.8;19.1;4.1;9.8;1.23;0.55;0.17;0.26;1.07;1.05;0.15;44.2;6.92;3.51;2.03;0.35;1.17;4.44;129.7;108.2;10.3;2.3;8.9;0.55;0.28;0.09;0.13
4;50;50;50;50;17.17;3.71;10.53;2.58;2.43;0.185;55.3;13.17;6.91;3.74;0.62;2.1;5.45;163.5;130.5;17.9;4.2;10.9;1.23;0.76;0.19;0.25;1.5;1.48;0.157;44.7;9.41;4.77;2.74;0.47;1.6;5.08;132.1;108.4;10.3;3.2;10.2;0.75;0.44;0.12;0.17
4;50;50;50;100;17.32;4.16;11.92;2.81;2.75;0.199;55.3;13.81;7.28;3.78;0.69;2.19;6.24;172.5;129.8;25.8;4.4;12.5;1.25;1.05;0.19;0.26;1.92;1.96;0.165;44.7;11.83;5.97;3.46;0.58;1.97;5.68;139.5;108.9;15.3;3.9;11.4;0.97;0.64;0.14;0.21
4;50;50;100;0;19.38;3.63;10.56;2.47;2.39;0.175;62.8;13.59;6.95;3.93;0.66;2.16;5.46;164.4;126.6;22.5;4.3;10.9;1.19;0.74;0.19;0.26;1.28;1.3;0.151;37.2;8.54;4.26;2.59;0.4;1.47;5.1;97.3;74.3;9.9;2.9;10.2;0.75;0.27;0.12;0.16
4;50;50;100;50;19.9;4.45;12.74;2.73;2.7;0.187;63.2;14.42;7.54;4.08;0.7;2.35;6.54;175.5;124.6;33.1;4.7;13.1;1.16;1.05;0.21;0.28;1.91;1.93;0.155;36.8;12.39;6.17;3.76;0.62;2.1;6.2;102.1;75.4;10.2;4.2;12.4;1.11;0.44;0.15;0.23
4;50;50;100;100;19.34;4.76;13.94;3.04;2.96;0.199;61.5;14.81;7.86;4.14;0.67;2.33;7.18;173.8;123.7;31.1;4.7;14.4;1.17;1.31;0.2;0.27;2.36;2.4;0.161;38.5;14.83;7.42;4.33;0.75;2.43;6.76;108.7;75.8;14.5;4.9;13.5;1.35;0.59;0.18;0.28
4;50;100;0;0;15.29;3.34;9.39;2.77;2.75;0.184;51.2;14.92;7.82;4.16;0.7;2.43;4.83;170.3;132.9;22.9;4.9;9.7;1.6;0.65;0.22;0.28;0.86;0.88;0.162;48.8;5.33;2.74;1.57;0.26;0.91;4.56;162.5;142;9.6;1.8;9.1;0.32;0.39;0.07;0.09
4;50;100;0;50;14.99;3.44;9.86;3.03;2.98;0.195;50.5;15.26;8.06;4.25;0.75;2.46;5.02;170.4;133.7;21.7;4.9;10;1.6;0.88;0.22;0.28;1.17;1.11;0.178;49.5;6.15;3.14;1.77;0.33;0.98;4.84;167.1;141.1;14.3;2;9.7;0.33;0.59;0.07;0.11
4;50;100;0;100;14.49;3.57;10.09;3.23;3.14;0.204;50.7;15.35;8.28;4.2;0.71;2.41;5.11;170.6;136.1;19.4;4.8;10.2;1.62;1.01;0.23;0.28;1.41;1.41;0.198;49.3;7.11;3.72;2.02;0.33;1.16;4.98;166;138.6;15.1;2.3;10;0.34;0.85;0.09;0.13
4;50;100;50;0;17.5;3.78;10.89;3;2.94;0.185;56.8;15.9;8.16;4.61;0.77;2.54;5.62;173.7;128.7;28.6;5.1;11.2;1.52;0.89;0.22;0.31;1.16;1.19;0.16;43.2;7.42;3.75;2.14;0.38;1.25;5.26;132.3;109.8;9.5;2.5;10.5;0.56;0.4;0.09;0.14
4;50;100;50;50;17.35;4.29;12.21;3.26;3.26;0.196;55.4;16.68;8.77;4.68;0.81;2.73;6.28;173.1;127.5;27.6;5.5;12.6;1.53;1.16;0.25;0.32;1.6;1.62;0.168;44.6;9.62;4.82;2.82;0.49;1.56;5.92;139.4;110.7;13.7;3.1;11.8;0.77;0.56;0.12;0.17
4;50;100;50;100;17.23;4.61;13.53;3.57;3.56;0.21;55.1;16.9;9.01;4.74;0.79;2.59;7.1;172.9;128;25.6;5.2;14.2;1.54;1.46;0.24;0.33;2.1;2.16;0.176;44.9;12.23;6.14;3.65;0.6;2.02;6.43;141.2;110.3;13.9;4;12.9;1;0.8;0.15;0.22
4;50;100;100;0;19.7;4.25;12.35;3.25;3.18;0.183;63.9;17.34;9.04;5;0.83;2.78;6.38;176.4;123.5;34.6;5.6;12.8;1.49;1.11;0.24;0.34;1.44;1.4;0.158;36.1;8.81;4.44;2.58;0.46;1.47;5.97;99.7;75.9;8.9;2.9;11.9;0.76;0.37;0.12;0.15
4;50;100;100;50;19.75;4.84;14.27;3.51;3.48;0.195;61.8;17.82;9.35;5;0.86;2.79;7.36;175;121.5;33.1;5.6;14.7;1.45;1.43;0.25;0.35;2.01;2.07;0.164;38.2;12.6;6.29;3.74;0.64;2.04;6.91;108.1;77;13.2;4.1;13.8;1.14;0.54;0.16;0.23
4;50;100;100;100;19.56;5.26;15.63;4;3.91;0.213;61.2;18.34;9.79;5.11;0.89;2.74;8.07;174.3;120.9;31.8;5.5;16.1;1.44;1.88;0.24;0.34;2.59;2.61;0.17;38.8;15.26;7.76;4.44;0.79;2.52;7.55;110.6;77.3;13.2;5;15.1;1.38;0.76;0.19;0.28
4;100;0;0;0;17.28;2.83;7.96;1.92;1.98;0.18;42.4;11.03;5.76;3.18;0.5;1.92;4.11;118.8;91.9;14.8;3.8;8.2;1.3;0.3;0.17;0.21;0.78;0.8;0.14;57.6;5.58;2.71;1.72;0.32;0.91;3.85;161.3;136.8;14.9;1.8;7.7;0.31;0.31;0.08;0.1
4;100;0;0;50;17.05;3.03;8.61;2.07;2.07;0.184;42.9;11.23;5.79;3.28;0.52;1.81;4.41;119.8;94;13.4;3.6;8.8;1.32;0.36;0.17;0.22;1.05;1.07;0.15;57.1;7.02;3.53;2.1;0.33;1.22;4.2;159.9;133.5;15.5;2.4;8.4;0.32;0.52;0.09;0.14
4;100;0;0;100;17.06;3.24;9.38;2.23;2.2;0.188;41.9;11.7;6.08;3.37;0.55;1.86;4.72;120.8;95.1;12.6;3.7;9.4;1.34;0.47;0.17;0.22;1.32;1.34;0.162;58.1;8.23;4.12;2.44;0.4;1.38;4.66;167.5;131.9;23.6;2.8;9.3;0.32;0.77;0.11;0.15
4;100;0;50;0;19.29;3.07;9.05;2.03;2.01;0.176;48;11.39;5.81;3.37;0.59;1.79;4.66;121.3;90;18.4;3.6;9.3;1.24;0.38;0.16;0.24;1.03;1.08;0.144;52;7.45;3.68;2.26;0.38;1.28;4.39;131.2;104.9;14.9;2.6;8.8;0.54;0.31;0.1;0.14
4;100;0;50;50;19.28;3.64;10.56;2.18;2.18;0.181;48.1;12.04;6.16;3.46;0.61;1.91;5.48;122.7;90.8;17.2;3.8;11;1.29;0.49;0.16;0.24;1.49;1.53;0.151;51.9;10.09;5.05;2.99;0.5;1.73;5.08;132.5;103.9;14.9;3.5;10.2;0.72;0.49;0.13;0.19
4;100;0;50;100;19.17;4.23;12.02;2.39;2.36;0.189;46.7;12.46;6.63;3.49;0.58;2.03;6.23;124.1;91.8;15.8;4.1;12.5;1.31;0.64;0.18;0.24;2.04;2.06;0.158;53.3;12.99;6.53;3.83;0.66;2.2;5.79;141.4;102.7;22.7;4.4;11.6;0.93;0.73;0.17;0.24
4;100;0;100;0;21.2;3.51;10.02;2.06;2.09;0.174;55.9;12.02;6.19;3.45;0.61;2;5.24;124.7;88.5;21.7;4;10.5;1.23;0.44;0.17;0.24;1.27;1.29;0.145;44.1;8.79;4.39;2.63;0.45;1.51;4.78;98.3;71.1;14.6;3;9.6;0.7;0.3;0.12;0.16
4;100;0;100;50;21.18;4.16;12.1;2.3;2.25;0.178;55.3;12.63;6.48;3.58;0.63;2.04;6.33;125.6;88.4;20.4;4.1;12.7;1.23;0.6;0.17;0.25;2;1.94;0.151;44.7;12.79;6.49;3.73;0.65;2.11;5.77;101.5;71.2;14.6;4.2;11.5;1.05;0.49;0.17;0.23
4;100;0;100;100;21.31;4.73;13.79;2.56;2.55;0.188;53;13.57;7.01;3.88;0.64;2.15;7.12;126;87.7;19.8;4.3;14.2;1.24;0.86;0.19;0.26;2.42;2.42;0.156;47;15.43;7.71;4.52;0.8;2.59;6.68;111.9;71.7;21.7;5.2;13.4;1.26;0.69;0.19;0.28
4;100;50;0;0;17.49;3.5;10.26;2.83;2.84;0.182;43.1;15.58;8.04;4.53;0.75;2.49;5.3;122.7;92.2;15;5;10.6;1.88;0.43;0.21;0.31;0.89;0.91;0.15;56.9;6;3;1.79;0.29;1.01;4.96;162.3;136.4;14;2;9.9;0.31;0.41;0.08;0.11
4;100;50;0;50;17.11;3.78;10.76;2.9;3;0.189;42.5;15.85;8.25;4.55;0.75;2.59;5.55;123.8;93.8;13.7;5.2;11.1;1.91;0.55;0.23;0.31;1.18;1.2;0.167;57.5;7.14;3.59;2.13;0.34;1.2;5.21;167.9;133.8;21.3;2.4;10.4;0.32;0.66;0.1;0.12
4;100;50;0;100;16.97;3.88;11.31;3.2;3.16;0.195;42.9;16.19;8.43;4.63;0.78;2.5;5.87;124.8;95.7;12.3;5;11.7;1.95;0.68;0.21;0.32;1.48;1.51;0.181;57.1;8.31;4.24;2.4;0.43;1.38;5.44;166.5;130.9;22;2.8;10.9;0.3;0.95;0.11;0.15
4;100;50;50;0;19.27;3.98;11.35;2.92;2.88;0.18;48.6;16.03;8.31;4.58;0.73;2.63;5.85;125;90.1;18;5.3;11.7;1.82;0.54;0.22;0.3;1.23;1.24;0.151;51.4;8.12;4.08;2.38;0.41;1.36;5.51;132.3;104.8;13.8;2.7;11;0.56;0.42;0.11;0.15
4;100;50;50;50;19.32;4.36;12.71;3.15;3.11;0.187;47.1;16.61;8.66;4.76;0.75;2.59;6.54;125.8;90.3;17.3;5.2;13.1;1.82;0.74;0.23;0.32;1.78;1.72;0.162;52.9;10.6;5.41;3.02;0.52;1.76;6.18;141.2;104.5;20.8;3.5;12.4;0.74;0.65;0.14;0.19
4;100;50;50;100;19.31;4.99;14.25;3.46;3.42;0.198;48.4;17.24;9.12;4.84;0.82;2.75;7.23;134.7;90.5;24.3;5.5;14.5;1.85;0.99;0.24;0.34;2.19;2.26;0.169;51.6;13.31;6.81;3.94;0.62;2.24;7.02;143.6;104.3;20.8;4.5;14;0.93;0.89;0.17;0.26
4;100;50;100;0;21.23;4.44;12.51;3.17;3.11;0.18;56.1;17.21;8.91;4.88;0.85;2.81;6.58;128.2;87.7;21.7;5.6;13.2;1.79;0.72;0.24;0.35;1.47;1.43;0.151;43.9;9.37;4.76;2.8;0.47;1.63;5.93;100.2;71.7;13.4;3.3;11.9;0.72;0.4;0.13;0.18
4;100;50;100;50;21.55;4.97;14.46;3.4;3.33;0.189;55.5;17.62;9.21;4.95;0.88;2.8;7.41;138.5;86.6;31.5;5.6;14.8;1.76;0.99;0.24;0.33;2.04;2.08;0.159;44.5;12.99;6.48;3.84;0.62;2.16;7.05;110.9;72.6;19.9;4.3;14.1;1.06;0.62;0.16;0.23
4;100;50;100;100;21.61;5.58;15.94;3.72;3.66;0.199;55.2;18.36;9.75;5.09;0.9;2.89;8.3;139.3;86.9;30;5.8;16.6;1.76;1.27;0.27;0.35;2.65;2.65;0.166;44.8;15.91;8.1;4.62;0.81;2.69;7.64;113;72.3;20;5.4;15.3;1.27;0.88;0.22;0.28
4;100;100;0;0;17.33;3.98;11.81;3.59;3.52;0.187;44.9;18.84;9.83;5.31;0.92;2.94;6.14;132.6;92.3;22.1;5.9;12.3;2.27;0.62;0.27;0.37;1.02;1.08;0.164;55.1;6.46;3.22;1.93;0.32;1.04;5.67;162.6;136.1;13;2.1;11.3;0.31;0.57;0.08;0.12
4;100;100;0;50;17.07;4.38;12.21;3.81;3.78;0.196;44.1;19.28;10.26;5.43;0.9;3.14;6.28;132.8;93.3;20.7;6.3;12.6;2.28;0.84;0.29;0.36;1.37;1.39;0.184;55.9;7.5;3.9;2.12;0.38;1.24;5.93;168.7;134.6;19.7;2.5;11.9;0.32;0.84;0.1;0.13
4;100;100;0;100;16.67;4.4;12.84;3.99;3.98;0.202;44.2;19.64;10.46;5.49;0.94;3.05;6.62;132.8;94.6;18.8;6.1;13.2;2.32;1.01;0.27;0.38;1.71;1.71;0.205;55.8;8.33;4.45;2.28;0.41;1.35;6.22;167.8;132.6;20;2.7;12.4;0.31;1.16;0.1;0.14
4;100;100;50;0;19.42;4.51;13.24;3.7;3.72;0.187;50.4;19.86;10.28;5.69;1;3.1;6.82;136.4;88.6;28;6.2;13.6;2.17;0.88;0.27;0.39;1.3;1.32;0.161;49.6;8.14;4.14;2.32;0.44;1.42;6.42;134.4;106.5;12.3;2.8;12.8;0.55;0.53;0.1;0.15
4;100;100;50;50;19.34;5;14.36;3.96;3.91;0.195;48.8;20.03;10.51;5.71;0.91;3.17;7.36;136.2;89;26.2;6.3;14.7;2.16;1.09;0.28;0.38;1.88;1.89;0.173;51.2;10.88;5.61;3.15;0.54;1.82;7;142.8;106;19.1;3.6;14;0.75;0.82;0.14;0.19
4;100;100;50;100;19.12;5.34;15.71;4.24;4.22;0.207;48.8;20.42;10.83;5.66;1.03;3.13;8.13;136.7;89.8;24.4;6.3;16.3;2.19;1.38;0.27;0.39;2.49;2.49;0.183;51.2;13.52;7.06;3.82;0.7;2.21;7.58;143.6;105.1;18.9;4.4;15.2;0.96;1.12;0.18;0.23
4;100;100;100;0;21.52;4.97;14.18;3.95;3.88;0.186;57.7;20.86;10.89;5.89;1.03;3.36;7.3;140.3;85.3;33.7;6.7;14.6;2.09;1.09;0.29;0.4;1.59;1.55;0.161;42.3;9.59;4.9;2.82;0.47;1.6;6.88;102.7;73.6;12.1;3.2;13.8;0.73;0.51;0.12;0.18
4;100;100;100;50;21.6;5.61;16.07;4.22;4.19;0.195;55.7;21.45;11.28;5.98;1.02;3.45;8.25;140.5;84.5;32.7;6.9;16.5;2.08;1.4;0.29;0.42;2.29;2.25;0.168;44.3;13.33;6.75;3.87;0.66;2.16;7.82;111.9;74.2;17.7;4.3;15.6;1.08;0.75;0.17;0.25
4;100;100;100;100;21.57;6.06;17.52;4.59;4.59;0.21;54.9;21.86;11.58;6.17;1;3.42;8.99;139.8;84;31;6.8;18;2.06;1.82;0.3;0.41;2.78;2.83;0.176;45.1;16.04;8.21;4.67;0.78;2.63;8.53;114.6;74.6;17.7;5.3;17.1;1.32;1.03;0.2;0.28
5;0;0;0;0;13.53;1.88;5.24;1.11;1.14;0.17;57.3;6.7;3.4;1.95;0.33;1.13;2.72;204.5;180.4;16.4;2.3;5.4;0.57;0.33;0.1;0.14;0.61;0.59;0.134;42.7;4.19;2.06;1.28;0.22;0.75;2.52;152.3;138.2;7.6;1.5;5;0.29;0.16;0.06;0.07
5;0;0;0;50;13.28;1.91;5.35;1.25;1.2;0.177;57.3;6.74;3.56;1.89;0.3;1.1;2.74;204.3;181;15.5;2.2;5.5;0.55;0.42;0.1;0.13;0.69;0.66;0.139;42.7;4.63;2.29;1.41;0.19;0.8;2.61;152.4;137.7;7.8;1.6;5.2;0.3;0.22;0.06;0.09
5;0;0;0;100;12.7;2.03;5.8;1.39;1.31;0.185;56.6;7.07;3.7;1.97;0.31;1.14;2.98;203.9;181.4;14.3;2.3;6;0.56;0.52;0.1;0.13;0.79;0.79;0.149;43.4;5.22;2.62;1.59;0.25;0.89;2.82;156.6;137.4;11.8;1.8;5.6;0.3;0.33;0.07;0.09
5;0;0;50;0;15.66;2.19;6.34;1.18;1.19;0.166;62.9;7.11;3.54;2.1;0.34;1.18;3.27;205.7;177;19.8;2.4;6.5;0.54;0.4;0.11;0.14;0.82;0.85;0.139;37.1;6.02;2.94;1.84;0.29;1.01;3.08;121.4;105.5;7.7;2;6.2;0.5;0.16;0.07;0.11
5;0;0;50;50;15.51;2.68;7.62;1.41;1.34;0.174;62.2;7.69;3.99;2.25;0.34;1.25;3.89;204.6;175.5;18.8;2.5;7.8;0.56;0.53;0.11;0.15;1.14;1.16;0.142;37.8;8.08;4.01;2.44;0.4;1.44;3.73;124.1;106.3;7.5;2.9;7.5;0.68;0.22;0.11;0.15
5;0;0;50;100;15.54;3.13;9.03;1.58;1.56;0.188;60.8;8.25;4.29;2.35;0.39;1.29;4.66;203.5;173.5;18.1;2.6;9.3;0.54;0.73;0.13;0.16;1.53;1.56;0.146;39.2;10.6;5.26;3.13;0.58;1.83;4.36;131;107.4;11.3;3.7;8.7;0.91;0.32;0.14;0.19
5;0;0;100;0;17.67;2.61;7.48;1.33;1.3;0.163;69.9;7.96;4.04;2.34;0.39;1.29;3.86;206.8;173.1;23.3;2.6;7.7;0.54;0.48;0.12;0.16;1.01;1.06;0.141;30.1;7.43;3.73;2.22;0.37;1.32;3.62;89.1;71.7;7.5;2.6;7.2;0.66;0.15;0.1;0.14
5;0;0;100;50;17.99;3.31;9.3;1.56;1.52;0.171;68.9;8.84;4.62;2.47;0.42;1.5;4.92;205.7;170.2;22.7;3;9.8;0.54;0.66;0.14;0.18;1.46;1.53;0.142;31.1;10.66;5.18;3.25;0.55;1.81;4.38;92.6;72.8;7.4;3.6;8.8;0.98;0.21;0.14;0.19
5;0;0;100;100;17.87;3.75;10.81;1.76;1.74;0.186;67;9.33;4.82;2.73;0.41;1.44;5.54;203;167;22;2.9;11.1;0.5;0.93;0.13;0.18;1.97;1.94;0.146;33;13.26;6.67;3.93;0.66;2.31;5.26;99.8;73.9;10.8;4.6;10.5;1.21;0.3;0.17;0.25
5;0;50;0;0;13.51;2.01;5.67;1.27;1.32;0.17;56.6;7.7;3.89;2.33;0.38;1.27;2.85;201.9;176.8;16.9;2.5;5.7;0.57;0.48;0.11;0.15;0.58;0.6;0.141;43.4;4.1;2.04;1.22;0.21;0.74;2.82;154.6;140.8;6.7;1.5;5.6;0.29;0.18;0.06;0.07
5;0;50;0;50;12.78;2.1;5.92;1.55;1.47;0.184;56.6;8;4.22;2.17;0.41;1.28;3.06;201.2;177.1;15.5;2.6;6.1;0.57;0.63;0.11;0.16;0.68;0.71;0.15;43.4;4.63;2.33;1.34;0.25;0.82;2.87;154.5;140.6;6.6;1.6;5.7;0.3;0.27;0.06;0.09
5;0;50;0;100;12.65;2.2;6.32;1.74;1.7;0.199;55.9;8.54;4.58;2.31;0.47;1.38;3.31;201.2;176.9;14.9;2.8;6.6;0.58;0.83;0.13;0.17;0.82;0.85;0.163;44.1;5.11;2.53;1.49;0.26;0.82;3.01;158.4;140.7;10;1.6;6;0.31;0.4;0.06;0.09
5;0;50;50;0;15.65;2.48;7.18;1.49;1.45;0.166;61.9;8.7;4.49;2.49;0.43;1.43;3.7;202.1;171.4;20.4;2.9;7.4;0.54;0.6;0.13;0.18;0.84;0.89;0.143;38.1;6.16;3.02;1.87;0.31;1.06;3.48;124.2;108.5;6.6;2.1;7;0.53;0.17;0.08;0.11
5;0;50;50;50;15.39;2.95;8.54;1.67;1.72;0.181;61.3;9.44;4.78;2.79;0.46;1.5;4.47;201.1;169.8;19.3;3;8.9;0.55;0.84;0.13;0.19;1.24;1.25;0.148;38.7;8.4;4.17;2.53;0.43;1.45;4.07;126.9;109.4;6.5;2.9;8.1;0.72;0.26;0.11;0.16
5;0;50;50;100;15.52;3.39;9.56;2.04;2.01;0.204;61.1;9.85;5.28;2.72;0.45;1.6;4.99;209.1;168;28;3.2;10;0.53;1.15;0.13;0.19;1.65;1.65;0.154;38.9;10.65;5.31;3.17;0.53;1.79;4.57;132.8;110.4;9.7;3.6;9.1;0.93;0.39;0.14;0.19
5;0;50;100;0;17.76;2.93;8.36;1.66;1.65;0.168;69;9.75;4.94;2.86;0.49;1.61;4.37;202.8;166.7;24.2;3.2;8.7;0.52;0.8;0.14;0.2;1.04;1.09;0.143;31;7.55;3.73;2.24;0.39;1.32;4;91.1;74;6.4;2.6;8;0.68;0.18;0.1;0.13
5;0;50;100;50;18.13;3.51;10.36;2;2;0.185;68.9;10.74;5.55;3.08;0.52;1.69;5.39;212;162;35.9;3.4;10.8;0.51;1.12;0.15;0.22;1.53;1.59;0.146;31.1;10.83;5.33;3.29;0.55;1.82;4.97;95.4;75.8;6.1;3.6;9.9;1.02;0.25;0.14;0.2
5;0;50;100;100;18.16;4.12;11.79;2.35;2.34;0.204;67.4;11.48;6.1;3.26;0.54;1.81;6.14;210.3;160;34.4;3.6;12.3;0.51;1.43;0.17;0.23;1.99;2.03;0.151;32.6;13.37;6.68;4.04;0.68;2.31;5.65;101.6;76.5;9.2;4.6;11.3;1.25;0.37;0.17;0.24
5;0;100;0;0;13.19;2.14;6.21;1.54;1.56;0.177;57.1;8.82;4.57;2.52;0.44;1.44;3.21;208;173.2;25.5;2.9;6.4;0.55;0.71;0.13;0.18;0.64;0.65;0.148;42.9;4.26;2.14;1.28;0.2;0.7;3;156.5;143.4;5.7;1.4;6;0.3;0.21;0.06;0.08
5;0;100;0;50;12.9;2.22;6.48;1.93;1.84;0.198;56.7;9.26;4.85;2.58;0.43;1.41;3.31;206.3;172.6;24.3;2.8;6.6;0.56;0.98;0.14;0.17;0.79;0.79;0.16;43.3;4.79;2.47;1.41;0.25;0.81;3.17;157.5;143.8;5.8;1.6;6.3;0.32;0.32;0.06;0.08
5;0;100;0;100;12.33;2.35;6.68;2.17;2.06;0.215;56.2;9.58;5.24;2.58;0.44;1.48;3.5;205.5;173.1;22.5;3;7;0.57;1.18;0.13;0.18;0.9;0.93;0.176;43.8;5.25;2.67;1.51;0.26;0.87;3.18;160;143.5;8.5;1.7;6.4;0.32;0.45;0.07;0.09
5;0;100;50;0;15.7;2.85;8.05;1.9;1.91;0.18;62.2;10.6;5.48;3;0.57;1.71;4.24;209.2;165.5;31.9;3.4;8.5;0.55;1;0.14;0.22;0.92;0.92;0.147;37.8;6.22;3.13;1.82;0.3;1.13;3.81;126.9;111.7;5.3;2.3;7.6;0.54;0.2;0.08;0.1
5;0;100;50;50;15.35;3.13;9.18;2.16;2.15;0.197;61.5;10.9;5.7;3.09;0.54;1.65;4.75;207;164.3;30;3.3;9.5;0.55;1.25;0.13;0.22;1.19;1.28;0.153;38.5;8.32;4.19;2.45;0.42;1.49;4.43;129.5;112.4;5.3;3;8.9;0.73;0.3;0.1;0.16
5;0;100;50;100;15.34;3.54;10.04;2.62;2.51;0.223;60.2;11.27;6.08;3.07;0.53;1.7;5.22;204.3;161.7;28.7;3.4;10.4;0.51;1.64;0.15;0.21;1.7;1.7;0.158;39.8;10.65;5.46;3.03;0.55;1.85;4.82;135.2;113.8;8.1;3.7;9.6;0.95;0.42;0.15;0.19
5;0;100;100;0;17.76;3.26;9.4;2.16;2.12;0.179;69.3;11.86;6.16;3.42;0.58;1.89;4.94;211;160.2;37.1;3.8;9.9;0.53;1.18;0.16;0.25;1.12;1.17;0.147;30.7;7.89;3.88;2.37;0.4;1.37;4.46;93.3;76.4;5.2;2.7;8.9;0.72;0.2;0.1;0.15
5;0;100;100;50;18.26;3.92;11.25;2.57;2.52;0.197;67.9;12.74;6.72;3.59;0.61;2.01;5.85;207.7;155.2;36.9;4;11.7;0.5;1.59;0.18;0.25;1.73;1.7;0.15;32.1;11.24;5.68;3.28;0.53;1.91;5.4;98;78.2;5.1;3.8;10.8;1.06;0.29;0.14;0.2
5;0;100;100;100;18.23;4.4;12.71;3.02;3.02;0.224;66.4;13.47;7.31;3.67;0.63;2.04;6.63;205.2;152.3;35.6;4.1;13.3;0.49;2.1;0.18;0.25;2.03;2.13;0.155;33.6;13.71;6.79;4.11;0.67;2.36;6.08;103.6;79.3;7.5;4.7;12.2;1.29;0.39;0.19;0.26
5;50;0;0;0;15.43;2.26;6.61;1.7;1.66;0.18;51.7;9.2;4.8;2.66;0.42;1.45;3.51;164.6;138.5;16.1;2.9;7;1.02;0.32;0.13;0.19;0.65;0.65;0.135;48.3;4.68;2.34;1.36;0.25;0.81;3.09;153.7;135;10.8;1.6;6.2;0.28;0.22;0.06;0.08
5;50;0;0;50;15;2.43;7.14;1.8;1.77;0.186;51.7;9.5;4.96;2.72;0.49;1.5;3.7;164.5;139.3;14.9;3;7.4;1.03;0.41;0.14;0.19;0.78;0.78;0.141;48.3;5.48;2.69;1.66;0.28;0.93;3.44;153.9;134.3;10.9;1.9;6.9;0.3;0.32;0.07;0.1
5;50;0;0;100;14.75;2.58;7.73;1.92;1.84;0.191;51;9.65;4.99;2.79;0.43;1.47;3.98;165.6;141;13.7;2.9;8;1.04;0.49;0.12;0.19;1.03;1.04;0.156;49;6.59;3.35;1.98;0.33;1.11;3.75;159.2;132.6;16.9;2.2;7.5;0.31;0.53;0.08;0.12
5;50;0;50;0;17.44;2.69;7.86;1.76;1.72;0.177;57.2;9.69;5.03;2.85;0.49;1.52;4.07;166;135.5;19.3;3;8.1;1;0.39;0.14;0.2;0.89;0.93;0.139;42.8;6.59;3.27;2.01;0.3;1.17;3.8;124.1;103.5;10.6;2.3;7.6;0.51;0.21;0.09;0.12
5;50;0;50;50;17.34;3.19;9.14;1.91;1.88;0.182;56.9;10.3;5.29;2.95;0.47;1.65;4.8;166.5;135.1;18.6;3.3;9.6;1.02;0.52;0.15;0.2;1.18;1.25;0.142;43.1;8.76;4.29;2.7;0.43;1.55;4.34;126;103.8;10.5;3.1;8.7;0.68;0.31;0.11;0.16
5;50;0;50;100;17.03;3.69;10.49;2.08;2.08;0.192;55.4;10.78;5.65;3.05;0.47;1.71;5.42;166.3;134.8;17.2;3.4;10.8;1;0.71;0.16;0.21;1.69;1.73;0.15;44.6;11.46;5.72;3.33;0.6;1.98;5.07;133.8;104;15.7;4;10.1;0.88;0.5;0.15;0.21
5;50;0;100;0;19.47;3.07;8.83;1.86;1.83;0.173;64.7;10.55;5.37;3.04;0.5;1.7;4.62;168.5;132.8;23.1;3.4;9.2;1;0.48;0.14;0.21;1.09;1.1;0.14;35.3;7.82;3.83;2.38;0.4;1.37;4.21;92;70.3;10.6;2.7;8.4;0.64;0.21;0.1;0.14
5;50;0;100;50;19.6;3.78;10.86;2.05;2.02;0.179;63.8;11.26;5.82;3.23;0.55;1.84;5.72;168.6;131.1;22.4;3.7;11.4;0.96;0.66;0.17;0.22;1.6;1.6;0.142;36.2;11.24;5.6;3.37;0.56;1.94;5.14;95.5;71.1;10.3;3.9;10.3;0.95;0.31;0.14;0.2
5;50;0;100;100;19.54;4.2;12.54;2.33;2.29;0.19;61.7;12.06;6.31;3.44;0.57;1.89;6.56;167.4;129.1;21.4;3.8;13.1;0.95;0.94;0.17;0.23;2.01;2.08;0.149;38.3;13.94;6.81;4.27;0.7;2.31;5.98;103.7;72.1;15;4.6;12;1.19;0.46;0.18;0.26
5;50;50;0;0;15.43;2.77;7.96;2.33;2.23;0.184;51.7;12.1;6.35;3.45;0.57;1.94;4.14;166;137.7;16.1;3.9;8.3;1.37;0.45;0.17;0.24;0.72;0.72;0.143;48.3;4.89;2.43;1.46;0.25;0.83;3.81;155.2;135.8;10.1;1.7;7.6;0.28;0.29;0.07;0.09
5;50;50;0;50;15.15;2.87;8.46;2.33;2.38;0.191;51.7;12.42;6.43;3.53;0.61;1.93;4.4;166.1;138.4;15.1;3.9;8.8;1.36;0.6;0.16;0.25;0.92;0.9;0.154;48.3;5.76;2.89;1.71;0.29;0.95;4.06;155.3;135.2;10.1;1.9;8.1;0.3;0.43;0.08;0.1
5;50;50;0;100;14.62;3.13;9.07;2.67;2.63;0.201;51.1;13.07;6.94;3.71;0.57;2.04;4.7;167.2;139.7;14;4.1;9.4;1.4;0.78;0.19;0.25;1.13;1.15;0.173;48.9;6.63;3.41;1.92;0.3;1.1;4.38;159.9;133.9;15;2.2;8.8;0.3;0.64;0.08;0.13
5;50;50;50;0;17.46;3.29;9.41;2.41;2.37;0.18;57.2;13.17;6.79;3.73;0.67;2.11;4.94;167.6;133.7;19.8;4.2;9.9;1.36;0.58;0.18;0.25;0.98;0.98;0.144;42.8;6.7;3.36;2.02;0.34;1.18;4.47;125.5;104.8;9.4;2.4;8.9;0.51;0.26;0.09;0.12
5;50;50;50;50;17.52;3.83;10.7;2.64;2.6;0.189;56.4;13.72;7.24;3.81;0.63;2.22;5.55;166.8;132.3;18.9;4.4;11.1;1.32;0.81;0.2;0.26;1.38;1.37;0.15;43.6;9.07;4.59;2.63;0.47;1.61;5.14;128.9;105.8;9.6;3.2;10.3;0.69;0.4;0.11;0.16
5;50;50;50;100;17.36;4.11;12.08;2.89;2.86;0.204;56.5;14.03;7.49;3.9;0.64;2.21;6.3;176.2;132.4;26.8;4.4;12.6;1.31;1.09;0.2;0.27;1.81;1.84;0.158;43.5;11.57;5.79;3.48;0.61;1.91;5.78;135.5;105.7;14.4;3.8;11.6;0.88;0.61;0.14;0.21
5;50;50;100;0;19.69;3.69;10.69;2.58;2.54;0.18;64.3;14.1;7.42;3.97;0.67;2.28;5.63;169.4;130;23.6;4.6;11.3;1.29;0.78;0.2;0.28;1.17;1.2;0.145;35.7;8.21;4.05;2.51;0.45;1.41;5.06;94.1;71.6;9.5;2.8;10.1;0.65;0.28;0.11;0.16
5;50;50;100;50;19.84;4.29;12.6;2.93;2.84;0.191;64.8;14.84;7.8;4.17;0.76;2.35;6.69;180.1;127.7;34.3;4.7;13.4;1.27;1.07;0.21;0.29;1.72;1.73;0.148;35.2;11.58;5.74;3.47;0.58;1.94;5.92;97.8;72.8;9.3;3.9;11.8;0.98;0.39;0.14;0.21
5;50;50;100;100;19.61;4.88;13.93;3.23;3.14;0.204;62.9;15.38;8.2;4.24;0.72;2.42;7.31;178.3;126;32.8;4.8;14.6;1.25;1.38;0.21;0.3;2.19;2.23;0.155;37.1;14.3;7.17;4.27;0.73;2.46;6.62;105;73.6;13.3;4.9;13.2;1.21;0.57;0.19;0.26
5;50;100;0;0;15.45;3.26;9.53;3.02;2.92;0.189;52.7;15.47;8.19;4.3;0.7;2.44;4.98;175.4;135.7;24.9;4.9;10;1.71;0.69;0.22;0.31;0.81;0.8;0.156;47.3;5.01;2.52;1.46;0.27;0.82;4.55;157.3;137.8;8.7;1.6;9.1;0.29;0.36;0.06;0.09
5;50;100;0;50;14.95;3.35;9.89;3.25;3.15;0.201;52;15.68;8.32;4.36;0.74;2.37;5.22;174.7;136.6;22.9;4.7;10.4;1.7;0.92;0.21;0.31;1.05;1.03;0.173;48;5.87;3.04;1.72;0.28;0.98;4.67;161.6;137;13.3;2;9.3;0.3;0.54;0.08;0.11
5;50;100;0;100;14.52;3.54;10.15;3.4;3.38;0.21;51.8;16.08;8.65;4.36;0.76;2.49;5.25;173.8;137;21.3;5;10.5;1.73;1.12;0.22;0.31;1.26;1.21;0.186;48.2;6.46;3.38;1.78;0.34;1.05;4.9;161.6;136.5;13.2;2.1;9.8;0.31;0.71;0.08;0.11
5;50;100;50;0;17.51;3.79;11.01;3.24;3.14;0.19;58.2;16.55;8.72;4.66;0.81;2.65;5.71;178.1;131.2;30.2;5.3;11.4;1.66;0.93;0.23;0.32;1.09;1.08;0.154;41.8;6.94;3.48;2.04;0.35;1.15;5.3;127.9;106.6;8.4;2.3;10.6;0.5;0.35;0.09;0.13
5;50;100;50;50;17.38;4.21;12.15;3.49;3.41;0.2;56.6;17.02;9.01;4.68;0.87;2.65;6.29;176.2;129.5;28.8;5.3;12.6;1.64;1.21;0.23;0.33;1.52;1.5;0.161;43.4;9.24;4.64;2.72;0.46;1.56;5.86;135.2;107.8;12.6;3.1;11.7;0.7;0.52;0.11;0.17
5;50;100;50;100;17.38;4.6;13.46;3.7;3.74;0.215;56.1;17.38;9.33;4.75;0.85;2.68;7.07;175.8;128.8;27.5;5.4;14.1;1.61;1.56;0.23;0.34;1.91;1.93;0.166;43.9;11.6;5.87;3.42;0.62;1.92;6.4;137.5;108.3;12.5;3.8;12.8;0.91;0.67;0.14;0.2
5;50;100;100;0;19.74;4.28;12.41;3.37;3.34;0.188;65.1;17.8;9.15;5.17;0.86;2.79;6.5;180.2;125.6;36.1;5.6;13;1.58;1.16;0.24;0.35;1.28;1.29;0.152;34.9;8.44;4.26;2.53;0.41;1.49;5.91;96.7;73.8;8.1;3;11.8;0.69;0.34;0.11;0.15
5;50;100;100;50;20.02;4.9;14.22;3.79;3.69;0.2;62.9;18.51;9.81;5.18;0.87;2.89;7.33;178.2;122.4;35.3;5.8;14.7;1.54;1.54;0.26;0.36;1.84;1.88;0.156;37.1;11.96;5.91;3.66;0.6;2.01;6.89;104.9;75.3;11.8;4;13.8;1.02;0.49;0.15;0.22
5;50;100;100;100;19.64;5.29;15.59;4.11;4.05;0.217;62.3;18.63;10.02;5.09;0.89;2.86;8.07;177.2;122.6;32.7;5.7;16.1;1.53;1.91;0.26;0.35;2.32;2.38;0.16;37.7;14.81;7.43;4.44;0.8;2.43;7.51;107.2;75.2;12.2;4.9;15;1.27;0.66;0.17;0.28
5;100;0;0;0;17.39;2.73;7.84;2.12;2.08;0.185;43.7;11.27;5.89;3.23;0.54;1.79;4.07;121.3;93.9;15.7;3.6;8.1;1.37;0.32;0.16;0.22;0.75;0.73;0.136;56.3;5.27;2.61;1.57;0.28;0.94;3.77;156.7;132.8;14.4;1.9;7.5;0.27;0.29;0.07;0.1
5;100;0;0;50;17.06;2.96;8.58;2.19;2.2;0.189;44.1;11.61;6.09;3.24;0.59;1.85;4.42;122.6;95.7;14.4;3.7;8.8;1.41;0.39;0.16;0.23;0.96;0.97;0.147;55.9;6.56;3.25;1.96;0.33;1.11;4.15;155.4;130.3;14.6;2.2;8.3;0.28;0.49;0.09;0.12
5;100;0;0;100;16.84;3.29;9.22;2.28;2.34;0.194;43.4;12.03;6.28;3.42;0.54;1.95;4.83;124;97.2;13.3;3.9;9.7;1.44;0.48;0.17;0.24;1.25;1.25;0.159;56.6;7.8;3.96;2.27;0.39;1.34;4.39;161.9;128.1;22.3;2.7;8.8;0.29;0.71;0.11;0.14
5;100;0;50;0;19.24;3.08;9.12;2.18;2.15;0.182;49.6;11.83;6.12;3.46;0.55;1.87;4.76;124.6;92.4;19;3.7;9.5;1.36;0.39;0.16;0.24;1.01;1.01;0.138;50.4;7.2;3.5;2.21;0.38;1.21;4.36;126.4;101.2;14;2.4;8.7;0.48;0.29;0.1;0.13
5;100;0;50;50;19.19;3.6;10.47;2.37;2.28;0.186;49.4;12.22;6.39;3.47;0.57;1.95;5.42;125.3;92.7;17.8;3.9;10.8;1.37;0.5;0.16;0.24;1.35;1.42;0.146;50.6;9.72;4.72;2.96;0.52;1.65;5.05;128.5;100.9;14.2;3.3;10.1;0.66;0.46;0.12;0.18
5;100;0;50;100;19.18;4.15;11.94;2.52;2.48;0.194;47.9;12.76;6.68;3.57;0.63;1.98;6.22;126.5;93.1;16.9;4;12.4;1.37;0.68;0.18;0.25;1.84;1.91;0.152;52.1;12.48;6.28;3.72;0.62;2.17;5.72;137.5;100.4;21.3;4.3;11.4;0.84;0.69;0.16;0.23
5;100;0;100;0;21.02;3.36;9.97;2.36;2.24;0.179;57.3;12.5;6.48;3.56;0.65;1.99;5.25;127.4;90.4;22.5;4;10.5;1.34;0.47;0.18;0.25;1.15;1.17;0.139;42.7;8.37;4.01;2.61;0.45;1.37;4.72;94.8;68.9;13.7;2.7;9.4;0.64;0.28;0.1;0.15
5;100;0;100;50;21.23;4.19;12.11;2.46;2.43;0.183;56.4;13.29;6.81;3.88;0.64;2.1;6.26;128;89.6;21.7;4.2;12.5;1.33;0.65;0.19;0.27;1.8;1.76;0.145;43.6;12.08;6.01;3.58;0.64;2.09;5.85;98.8;69.5;13.4;4.2;11.7;0.94;0.44;0.15;0.23
5;100;0;100;100;21.46;4.65;13.81;2.73;2.68;0.193;54.6;13.88;7.29;3.99;0.65;2.21;7.28;129.6;89.8;20.9;4.4;14.6;1.32;0.88;0.2;0.27;2.2;2.24;0.15;45.4;14.81;7.26;4.54;0.78;2.44;6.53;107.7;69.4;20.4;4.9;13.1;1.13;0.65;0.18;0.27
5;100;50;0;0;17.46;3.48;10.11;3.07;3.02;0.189;44.6;15.97;8.37;4.51;0.74;2.52;5.28;125.9;94.4;15.9;5;10.6;2.03;0.45;0.22;0.32;0.84;0.84;0.145;55.4;5.66;2.85;1.69;0.27;0.96;4.82;156.8;132;13.2;1.9;9.6;0.27;0.39;0.07;0.11
5;100;50;0;50;17.14;3.7;10.65;3.25;3.15;0.195;43.8;16.15;8.58;4.5;0.77;2.52;5.59;126.7;96.1;14.4;5;11.2;2.03;0.59;0.23;0.3;1.12;1.14;0.163;56.2;6.95;3.54;1.96;0.35;1.19;5.06;162.7;129.6;20.6;2.4;10.1;0.28;0.65;0.09;0.12
5;100;50;0;100;16.96;3.99;11.41;3.48;3.41;0.202;44;16.91;9.05;4.65;0.81;2.71;5.92;127.8;97;13.5;5.4;11.8;2.08;0.75;0.25;0.33;1.36;1.43;0.177;56;8.03;4.02;2.4;0.42;1.28;5.48;162.4;128.4;20.5;2.6;11;0.29;0.89;0.1;0.15
5;100;50;50;0;19.49;4.01;11.44;3.21;3.1;0.186;50.1;16.69;8.73;4.7;0.81;2.69;5.96;128.6;92.1;19.2;5.4;11.9;1.97;0.56;0.23;0.33;1.11;1.12;0.146;49.9;7.58;3.75;2.31;0.4;1.32;5.47;128.1;101.5;13;2.6;10.9;0.48;0.39;0.1;0.14
5;100;50;50;50;19.58;4.44;12.75;3.37;3.34;0.193;48.5;17.35;9.01;4.93;0.83;2.7;6.65;129.2;91.9;18.6;5.4;13.3;1.96;0.8;0.24;0.33;1.59;1.59;0.157;51.5;10.06;5.09;2.89;0.5;1.74;6.1;137;101.8;19.6;3.5;12.2;0.65;0.62;0.14;0.18
5;100;50;50;100;19.16;4.97;14.11;3.72;3.66;0.204;50.1;17.91;9.55;4.92;0.84;2.81;7.44;138.6;92.3;25.8;5.6;14.9;2.01;1.05;0.25;0.34;2;2.04;0.163;49.9;12.48;6.35;3.66;0.6;2.15;6.67;138;101.4;19;4.3;13.3;0.84;0.82;0.15;0.22
5;100;50;100;0;21.35;4.35;12.52;3.26;3.28;0.186;57.2;17.69;9.16;5.06;0.88;2.81;6.53;130.3;88.8;22.8;5.6;13.1;1.91;0.76;0.25;0.37;1.28;1.28;0.144;42.8;8.83;4.4;2.57;0.47;1.53;5.99;97.6;70.1;12.4;3.1;12;0.66;0.36;0.11;0.15
5;100;50;100;50;21.51;4.95;14.64;3.65;3.59;0.194;57;18.54;9.67;5.28;0.91;2.85;7.6;142.3;88.2;33.2;5.7;15.2;1.92;1.07;0.25;0.36;1.91;1.9;0.153;43;12.38;6.23;3.67;0.59;2.1;7.04;107.1;70.6;18.3;4.2;14.1;0.95;0.57;0.16;0.22
5;100;50;100;100;21.67;5.43;16.02;3.94;3.85;0.204;56.4;18.89;10.06;5.28;0.94;2.95;8.25;142.2;87.8;31.9;5.9;16.5;1.88;1.34;0.26;0.36;2.36;2.39;0.158;43.6;15;7.54;4.47;0.78;2.49;7.76;109.9;70.8;18.5;5;15.5;1.15;0.79;0.17;0.27
5;100;100;0;0;17.48;4.18;11.64;3.85;3.71;0.193;46.1;19.27;10.16;5.45;0.88;3.13;6.04;135.8;93.6;23.8;6.3;12.1;2.38;0.68;0.29;0.37;0.92;1;0.162;53.9;6.12;3.05;1.86;0.3;1.06;5.6;158.7;133.2;12.2;2.1;11.2;0.28;0.52;0.08;0.12
5;100;100;0;50;16.81;4.23;11.94;4.15;3.97;0.202;45.4;19.69;10.53;5.39;0.89;3.07;6.29;135.4;95;21.7;6.1;12.6;2.45;0.87;0.28;0.38;1.28;1.26;0.18;54.6;6.97;3.62;1.97;0.35;1.16;5.64;163.1;131.2;18.4;2.3;11.3;0.29;0.77;0.09;0.12
5;100;100;0;100;16.76;4.4;12.75;4.28;4.18;0.208;45.6;20.06;10.67;5.6;0.95;3.07;6.66;136.2;96.7;20;6.1;13.3;2.47;1.06;0.27;0.38;1.62;1.59;0.196;54.4;8.07;4.21;2.32;0.39;1.33;6.09;162.5;128.8;18.9;2.7;12.2;0.28;1.07;0.1;0.14
5;100;100;50;0;19.27;4.62;13.04;3.97;3.94;0.193;51.7;20.39;10.78;5.67;1.02;3.26;6.75;139.4;90.4;29;6.5;13.5;2.34;0.9;0.29;0.4;1.18;1.21;0.156;48.3;7.69;3.91;2.21;0.4;1.36;6.29;130.1;103.4;11.4;2.7;12.6;0.49;0.48;0.1;0.14
5;100;100;50;50;19.17;4.96;14.22;4.32;4.18;0.201;50.3;20.83;11.18;5.74;1.01;3.21;7.47;139.4;90.5;27.5;6.4;14.9;2.32;1.16;0.28;0.42;1.72;1.72;0.167;49.7;10.22;5.27;2.84;0.53;1.75;6.75;137.8;103.3;17.5;3.5;13.5;0.67;0.74;0.12;0.18
5;100;100;50;100;19.35;5.47;15.54;4.59;4.54;0.213;50.2;21.27;11.47;5.87;0.98;3.3;8.24;140.3;90.8;26.4;6.6;16.5;2.32;1.5;0.3;0.41;2.24;2.25;0.174;49.8;12.86;6.63;3.77;0.6;2.18;7.3;139.4;102.9;17.6;4.4;14.6;0.86;0.99;0.17;0.22
5;100;100;100;0;21.34;4.98;14.2;4.12;4.09;0.191;59.1;21.4;11.21;6.05;1.04;3.42;7.38;143.5;87.2;34.7;6.8;14.8;2.24;1.12;0.31;0.43;1.45;1.44;0.155;40.9;9.22;4.66;2.65;0.5;1.56;6.82;99.3;71.3;11.3;3.1;13.6;0.66;0.48;0.12;0.18
5;100;100;100;50;21.73;5.67;16.21;4.47;4.39;0.2;56.9;21.9;11.58;6.16;1.06;3.43;8.44;143.7;86.3;33.7;6.9;16.9;2.22;1.45;0.3;0.42;2.03;2.09;0.162;43.1;12.85;6.48;3.8;0.67;2.23;7.77;108.8;71.9;16.9;4.5;15.5;0.97;0.72;0.17;0.23
5;100;100;100;100;21.5;6.13;17.34;4.96;4.83;0.215;56.2;22.47;12.14;6.09;1.06;3.48;9.01;142.6;85.5;32.2;7;18;2.2;1.9;0.32;0.42;2.63;2.6;0.166;43.8;15.56;7.89;4.51;0.81;2.65;8.34;111;72.5;16.6;5.3;16.7;1.2;0.94;0.19;0.27
6;0;0;0;0;13.79;1.84;5.14;1.18;1.16;0.17;58.9;6.8;3.53;1.94;0.33;1.15;2.64;209.9;185;17.3;2.3;5.3;0.57;0.35;0.11;0.13;0.51;0.55;0.132;41.1;3.95;1.94;1.18;0.21;0.69;2.5;146.7;133.1;7.2;1.4;5;0.28;0.15;0.05;0.07
6;0;0;0;50;13.37;1.9;5.45;1.31;1.27;0.176;58.7;7.14;3.68;2.06;0.36;1.15;2.86;209.1;184.5;16.6;2.3;5.7;0.56;0.46;0.11;0.14;0.61;0.62;0.137;41.3;4.35;2.17;1.32;0.2;0.75;2.59;147.1;133.5;7;1.5;5.2;0.29;0.19;0.05;0.08
6;0;0;0;100;12.83;2;5.96;1.4;1.38;0.185;58.3;7.44;3.87;2.16;0.35;1.15;3.14;209.7;186.1;15.1;2.3;6.3;0.58;0.55;0.1;0.15;0.73;0.76;0.147;41.7;5.03;2.48;1.48;0.28;0.86;2.82;150.2;132.4;10.5;1.7;5.6;0.3;0.3;0.06;0.09
6;0;0;50;0;15.7;2.19;6.4;1.26;1.24;0.166;64.3;7.41;3.79;2.11;0.37;1.21;3.3;210.6;180.9;20.7;2.4;6.6;0.57;0.42;0.11;0.15;0.84;0.82;0.138;35.7;5.82;2.89;1.79;0.29;0.97;3.09;116.8;101.8;6.8;1.9;6.2;0.5;0.14;0.08;0.11
6;0;0;50;50;15.57;2.69;7.48;1.38;1.39;0.173;63.5;7.99;4.08;2.33;0.38;1.35;3.83;208.6;178.2;20.1;2.7;7.7;0.53;0.57;0.13;0.16;1.13;1.09;0.141;36.5;7.67;3.86;2.26;0.41;1.34;3.65;119.8;103.2;6.6;2.7;7.3;0.67;0.19;0.1;0.14
6;0;0;50;100;15.67;3.09;8.98;1.7;1.66;0.189;62.3;8.79;4.67;2.48;0.42;1.43;4.76;208.2;176.5;19.3;2.9;9.5;0.55;0.79;0.14;0.18;1.4;1.45;0.145;37.7;9.93;4.8;3.07;0.51;1.66;4.22;125.8;104;10;3.3;8.4;0.87;0.28;0.13;0.17
6;0;0;100;0;17.76;2.62;7.28;1.38;1.33;0.163;71.3;8.12;4.22;2.31;0.4;1.37;3.83;212;177.2;24.4;2.7;7.7;0.54;0.5;0.13;0.17;0.96;0.99;0.14;28.7;7.01;3.43;2.12;0.4;1.25;3.45;85.4;69.2;6.8;2.5;6.9;0.63;0.14;0.1;0.12
6;0;0;100;50;18.03;3.23;9.48;1.53;1.57;0.171;70;9.15;4.67;2.63;0.47;1.51;4.99;209.6;172.7;23.9;3;10;0.52;0.71;0.15;0.19;1.42;1.45;0.141;30;10.22;5.04;3.02;0.56;1.73;4.49;89.8;70.7;6.6;3.5;9;0.96;0.18;0.12;0.19
6;0;0;100;100;17.97;3.73;10.93;1.99;1.91;0.187;68.3;10.2;5.36;2.87;0.49;1.61;5.73;207.1;169.3;23.1;3.2;11.5;0.54;1;0.16;0.21;1.8;1.82;0.144;31.7;12.57;6.21;3.76;0.66;2.12;5.19;95.9;71.9;9.4;4.2;10.4;1.18;0.26;0.15;0.22
6;0;50;0;0;13.47;1.96;5.71;1.39;1.38;0.171;58.3;8.07;4.16;2.3;0.39;1.27;3.09;207.6;181.2;17.7;2.5;6.2;0.58;0.5;0.13;0.17;0.59;0.58;0.139;41.7;4;2.02;1.15;0.21;0.69;2.62;148.4;135.7;6;1.4;5.2;0.29;0.17;0.05;0.07
6;0;50;0;50;13.02;2.07;6.08;1.6;1.57;0.184;58;8.5;4.42;2.38;0.45;1.35;3.19;206.1;180.2;16.8;2.7;6.4;0.58;0.69;0.13;0.17;0.62;0.66;0.146;42;4.31;2.09;1.35;0.24;0.71;2.88;149.3;136.4;5.8;1.4;5.8;0.29;0.24;0.05;0.08
6;0;50;0;100;12.6;2.22;6.38;1.74;1.73;0.199;57.3;8.68;4.54;2.45;0.45;1.33;3.3;205.1;180.5;15.4;2.7;6.6;0.57;0.87;0.12;0.17;0.72;0.81;0.157;42.7;5;2.49;1.51;0.24;0.89;3.08;153.1;136.2;9;1.8;6.2;0.31;0.34;0.07;0.09
6;0;50;50;0;15.68;2.43;7.21;1.46;1.5;0.166;63.5;8.97;4.46;2.69;0.45;1.43;3.74;207.2;175.7;21.2;2.9;7.5;0.56;0.63;0.13;0.18;0.86;0.84;0.141;36.5;5.82;2.87;1.77;0.31;1;3.47;119.2;104.5;5.8;2;6.9;0.51;0.16;0.07;0.1
6;0;50;50;50;15.64;2.78;8.4;1.76;1.77;0.181;62.7;9.74;4.97;2.83;0.48;1.49;4.39;205.6;173.3;20.6;3;8.8;0.56;0.88;0.14;0.19;1.15;1.14;0.146;37.3;7.77;3.84;2.28;0.39;1.28;4.01;122;105.7;5.7;2.6;8;0.69;0.23;0.09;0.14
6;0;50;50;100;15.4;3.27;9.5;2.07;2.07;0.204;62.6;10.11;5.33;2.86;0.49;1.58;5;213.8;171.2;29.4;3.2;10;0.53;1.19;0.15;0.2;1.56;1.53;0.15;37.4;10.09;5.11;2.98;0.5;1.68;4.5;127.5;106.7;8.4;3.4;9;0.89;0.33;0.13;0.17
6;0;50;100;0;17.84;2.96;8.37;1.81;1.77;0.17;70.2;10.42;5.38;3.01;0.5;1.73;4.42;207.1;169.6;25.2;3.5;8.8;0.54;0.85;0.17;0.21;1.04;1.03;0.142;29.8;7.18;3.54;2.19;0.32;1.24;3.95;87.6;71.8;5.5;2.5;7.9;0.67;0.15;0.09;0.13
6;0;50;100;50;17.86;3.59;10.32;2.1;2.09;0.186;70.2;11.19;5.81;3.21;0.52;1.77;5.42;216.6;165.8;36.4;3.5;10.8;0.54;1.15;0.17;0.23;1.55;1.55;0.145;29.8;10.63;5.29;3.16;0.53;1.82;4.9;91.8;73.1;5.3;3.6;9.8;1.01;0.22;0.13;0.19
6;0;50;100;100;18.08;3.97;11.56;2.49;2.38;0.204;68.5;11.63;6.26;3.2;0.52;1.76;6.01;213.5;162.4;35.5;3.5;12;0.5;1.49;0.17;0.22;1.89;1.92;0.148;31.5;12.96;6.45;3.82;0.67;2.21;5.55;97.8;74.2;8;4.4;11.1;1.23;0.31;0.16;0.22
6;0;100;0;0;13.44;2.2;6.22;1.74;1.68;0.177;58.4;9.46;4.88;2.72;0.48;1.51;3.29;212.8;175.7;27.4;3;6.6;0.58;0.77;0.15;0.19;0.55;0.58;0.144;41.6;3.83;1.91;1.13;0.18;0.68;2.93;151.6;139.4;4.9;1.4;5.9;0.29;0.17;0.05;0.06
6;0;100;0;50;12.79;2.34;6.44;1.91;1.93;0.199;58;9.67;5.11;2.65;0.47;1.58;3.31;210.3;175.3;25.3;3.2;6.6;0.57;1.03;0.15;0.18;0.7;0.69;0.153;42;4.38;2.21;1.31;0.23;0.76;3.13;152.4;139.7;4.9;1.5;6.3;0.3;0.26;0.05;0.08
6;0;100;0;100;12.38;2.31;6.84;2.22;2.17;0.216;57.5;10.03;5.41;2.78;0.5;1.52;3.58;209.7;175.6;23.9;3;7.2;0.57;1.27;0.14;0.18;0.83;0.83;0.166;42.5;4.86;2.46;1.44;0.24;0.79;3.27;154.8;139.5;7.2;1.6;6.5;0.32;0.36;0.06;0.08
6;0;100;50;0;15.75;2.76;7.95;1.97;1.97;0.181;63.6;10.9;5.6;3.19;0.53;1.76;4.15;213.7;168.6;33.2;3.5;8.3;0.55;1.03;0.17;0.22;0.83;0.85;0.145;36.4;5.77;2.88;1.71;0.29;1;3.8;122.2;108;4.5;2;7.6;0.51;0.17;0.07;0.1
6;0;100;50;50;15.46;3.13;9.09;2.4;2.28;0.198;62.6;11.51;6.12;3.24;0.53;1.78;4.67;210.5;165.7;31.9;3.6;9.3;0.56;1.34;0.16;0.21;1.2;1.19;0.149;37.4;7.92;3.96;2.37;0.38;1.36;4.43;125.5;109.5;4.4;2.7;8.9;0.72;0.23;0.1;0.14
6;0;100;50;100;15.46;3.47;10.17;2.71;2.66;0.223;61.6;11.88;6.46;3.23;0.56;1.78;5.34;208.7;164.2;30.3;3.6;10.7;0.53;1.72;0.18;0.23;1.59;1.58;0.154;38.4;10.21;5.09;3.05;0.53;1.69;4.83;130.1;110.3;6.7;3.4;9.7;0.93;0.34;0.13;0.18
6;0;100;100;0;18.16;3.18;9.46;2.25;2.23;0.179;70.4;12.43;6.32;3.63;0.67;1.92;4.98;215.1;161.9;39.4;3.8;10;0.53;1.26;0.18;0.25;1.02;1.06;0.145;29.6;7.22;3.6;2.14;0.41;1.26;4.48;90.2;74.4;4.4;2.5;9;0.68;0.16;0.09;0.13
6;0;100;100;50;18.36;3.88;11.41;2.67;2.64;0.198;69.1;13.33;7.01;3.74;0.66;2.03;6.02;212.1;157.7;38.3;4.1;12;0.52;1.65;0.2;0.27;1.57;1.58;0.147;30.9;10.68;5.46;3.15;0.51;1.85;5.39;94.6;75.8;4.3;3.7;10.8;1.03;0.23;0.13;0.19
6;0;100;100;100;18.43;4.36;12.58;3.18;3.13;0.225;67.7;13.93;7.59;3.77;0.65;2.09;6.64;209.1;154.7;36.9;4.2;13.3;0.51;2.17;0.2;0.26;2.01;2.01;0.151;32.3;13.2;6.63;3.89;0.66;2.27;5.94;99.8;76.8;6.6;4.5;11.9;1.26;0.34;0.17;0.23
6;50;0;0;0;15.38;2.28;6.62;1.71;1.71;0.18;53.2;9.49;4.84;2.77;0.48;1.5;3.52;168.8;141.8;16.9;3;7;1.04;0.34;0.14;0.19;0.58;0.61;0.135;46.8;4.43;2.17;1.33;0.23;0.78;3.11;148.2;130.4;10;1.6;6.2;0.27;0.21;0.06;0.07
6;50;0;0;50;15.12;2.55;7.03;1.82;1.84;0.186;53.2;9.89;5.16;2.71;0.51;1.66;3.67;168.9;142.5;15.8;3.3;7.3;1.05;0.43;0.16;0.19;0.76;0.74;0.139;46.8;5.2;2.57;1.55;0.25;0.9;3.36;148.6;129.8;10.2;1.8;6.7;0.28;0.3;0.07;0.09
6;50;0;0;100;14.75;2.72;7.49;2.02;1.95;0.191;52.5;10.16;5.38;2.76;0.5;1.69;3.9;169.4;143.6;14.6;3.4;7.8;1.05;0.54;0.15;0.2;0.92;0.95;0.154;47.5;6.08;3.02;1.77;0.31;1.02;3.59;153.5;128.8;15.4;2;7.2;0.29;0.48;0.08;0.1
6;50;0;50;0;17.75;2.74;7.77;1.82;1.81;0.178;58.9;10.18;5.26;2.94;0.47;1.66;4.11;171.1;139.1;20.6;3.3;8.2;1.03;0.41;0.17;0.2;0.86;0.87;0.137;41.1;6.27;3.09;1.86;0.34;1.07;3.67;119.3;99.6;10.2;2.1;7.3;0.47;0.22;0.08;0.1
6;50;0;50;50;17.45;3.21;9.21;1.94;1.98;0.182;58.4;10.85;5.53;3.16;0.53;1.78;4.86;170.9;137.9;19.7;3.6;9.7;1.03;0.56;0.17;0.21;1.08;1.17;0.141;41.6;8.26;4.02;2.56;0.41;1.42;4.36;121.6;100.4;9.7;2.8;8.7;0.64;0.28;0.1;0.15
6;50;0;50;100;17.22;3.64;10.46;2.06;2.14;0.192;57.1;11.12;5.84;3.16;0.54;1.81;5.53;171.1;138.1;18.3;3.6;11.1;1.01;0.75;0.16;0.22;1.61;1.61;0.149;42.9;10.78;5.42;3.12;0.56;1.83;4.93;128.5;100.2;14.7;3.7;9.9;0.84;0.46;0.14;0.18
6;50;0;100;0;19.4;3.06;8.68;1.97;1.9;0.174;66.1;10.9;5.64;3.06;0.57;1.78;4.53;172.6;135.8;24.1;3.6;9.1;1.02;0.5;0.17;0.21;1;1.04;0.139;33.9;7.39;3.63;2.27;0.37;1.28;4.16;88.3;67.9;9.5;2.6;8.3;0.61;0.19;0.1;0.13
6;50;0;100;50;19.51;3.82;10.66;2.13;2.07;0.179;65;11.52;6.01;3.24;0.57;1.88;5.59;171.6;133.5;23.1;3.8;11.2;0.97;0.68;0.18;0.23;1.6;1.55;0.141;35;10.89;5.49;3.18;0.56;1.93;5.07;92.3;69;9.3;3.9;10.1;0.94;0.28;0.14;0.18
6;50;0;100;100;19.54;4.19;12.26;2.37;2.37;0.191;63.3;12.4;6.43;3.51;0.63;1.94;6.51;171.7;132.3;22.5;3.9;13;0.99;0.95;0.19;0.25;1.99;1.96;0.148;36.7;13.25;6.61;3.97;0.68;2.25;5.75;99.5;69.5;14;4.5;11.5;1.13;0.43;0.17;0.23
6;50;50;0;0;15.37;2.84;8.12;2.3;2.3;0.183;53.2;12.54;6.47;3.67;0.64;2.08;4.28;170.3;140.6;17;4.2;8.6;1.39;0.48;0.18;0.25;0.67;0.66;0.141;46.8;4.5;2.27;1.37;0.21;0.77;3.84;149.7;131.6;9;1.5;7.7;0.27;0.25;0.06;0.08
6;50;50;0;50;14.97;2.95;8.55;2.6;2.51;0.192;53.1;13.07;6.93;3.63;0.66;2.08;4.49;170.2;141.1;15.9;4.2;9;1.41;0.65;0.19;0.26;0.83;0.83;0.152;46.9;5.32;2.64;1.61;0.27;0.88;4.06;150;131.1;9.1;1.8;8.1;0.28;0.39;0.06;0.09
6;50;50;0;100;14.74;3.02;9.01;2.72;2.66;0.2;52.2;13.24;6.91;3.75;0.7;1.95;4.65;169.8;141.6;15;3.9;9.3;1.38;0.85;0.17;0.26;1.04;1.03;0.165;47.8;6.15;3.2;1.76;0.27;1.07;4.35;155.2;130.7;13.7;2.1;8.7;0.29;0.55;0.08;0.1
6;50;50;50;0;17.57;3.33;9.43;2.53;2.45;0.18;58.4;13.6;7.14;3.81;0.67;2.2;4.92;170.8;135.8;20.8;4.4;9.8;1.35;0.62;0.2;0.28;0.92;0.92;0.144;41.6;6.37;3.19;1.9;0.32;1.12;4.5;121.9;101.8;8.8;2.2;9;0.48;0.25;0.08;0.12
6;50;50;50;50;17.39;3.74;10.54;2.71;2.69;0.19;58.1;14.19;7.5;3.94;0.68;2.25;5.57;171.2;135.4;20.1;4.5;11.1;1.35;0.85;0.22;0.28;1.23;1.26;0.149;41.9;8.41;4.24;2.42;0.41;1.49;4.97;123.5;102.1;8.5;3;9.9;0.65;0.36;0.1;0.15
6;50;50;50;100;17.5;4.15;11.91;3.05;2.98;0.204;57.8;14.61;7.74;4.06;0.71;2.25;6.19;179.7;133.9;28.9;4.5;12.4;1.31;1.18;0.2;0.29;1.72;1.71;0.154;42.2;11.04;5.62;3.18;0.52;1.9;5.72;131.3;103.1;13.1;3.8;11.4;0.86;0.52;0.14;0.19
6;50;50;100;0;19.73;3.67;10.59;2.73;2.65;0.18;65.4;14.67;7.64;4.15;0.73;2.29;5.54;172.4;132.1;24.6;4.6;11.1;1.31;0.82;0.22;0.29;1.11;1.13;0.143;34.6;7.79;3.8;2.34;0.41;1.37;5.05;91.2;69.6;8.8;2.7;10.1;0.64;0.25;0.1;0.14
6;50;50;100;50;19.85;4.28;12.66;2.96;2.92;0.191;65.8;15.25;8;4.26;0.78;2.37;6.67;183.3;129.7;35.5;4.7;13.3;1.27;1.12;0.22;0.3;1.6;1.66;0.147;34.2;11.26;5.58;3.42;0.56;1.91;5.99;94.9;70.7;8.4;3.8;12;0.97;0.36;0.14;0.19
6;50;50;100;100;19.77;4.88;14.01;3.27;3.27;0.204;64.1;16;8.54;4.39;0.75;2.58;7.28;182.1;128;34.4;5.2;14.6;1.27;1.45;0.24;0.31;2.05;2.09;0.151;35.9;13.74;6.92;4.1;0.64;2.31;6.73;101.9;71.5;12.3;4.6;13.5;1.19;0.49;0.17;0.24
6;50;100;0;0;15.52;3.26;9.56;3.09;3;0.189;53.8;15.89;8.33;4.49;0.78;2.49;4.91;178.4;137.4;26.2;5;9.8;1.73;0.73;0.22;0.32;0.71;0.73;0.154;46.2;4.62;2.32;1.38;0.22;0.77;4.65;153.1;134.4;7.9;1.5;9.3;0.28;0.31;0.06;0.08
6;50;100;0;50;14.87;3.44;9.89;3.32;3.26;0.201;53.4;16.22;8.63;4.56;0.73;2.53;5.18;178.9;139.2;24.2;5.1;10.4;1.74;0.97;0.23;0.32;0.93;0.91;0.167;46.6;5.4;2.79;1.54;0.27;0.91;4.72;155.9;132.8;11.8;1.8;9.4;0.29;0.46;0.07;0.09
6;50;100;0;100;14.7;3.51;10.3;3.65;3.53;0.211;53.3;16.73;8.93;4.67;0.79;2.52;5.5;178.3;139.6;22.7;5;11;1.74;1.22;0.25;0.33;1.18;1.15;0.185;46.7;6.2;3.23;1.78;0.29;0.99;4.8;156.3;132.5;12.3;2;9.6;0.31;0.67;0.08;0.1
6;50;100;50;0;17.64;3.9;11.27;3.35;3.29;0.19;59.5;17.34;9.02;4.97;0.86;2.74;6;182.2;132.8;31.9;5.5;12;1.68;1.01;0.24;0.36;1.01;1.03;0.151;40.5;6.72;3.37;1.99;0.33;1.16;5.28;124.2;103.8;7.5;2.3;10.6;0.52;0.31;0.09;0.12
6;50;100;50;50;17.6;4.3;12.38;3.53;3.55;0.201;58.1;17.68;9.36;4.99;0.83;2.79;6.54;181;132.1;30.3;5.6;13.1;1.66;1.28;0.27;0.35;1.44;1.43;0.157;41.9;9.04;4.55;2.65;0.45;1.5;5.83;130.5;104.3;11.5;3;11.7;0.71;0.45;0.12;0.15
6;50;100;50;100;17.41;4.82;13.14;3.96;3.89;0.216;57.4;17.96;9.73;4.75;0.84;2.88;6.88;179.2;130.7;29;5.8;13.8;1.63;1.65;0.27;0.34;1.83;1.83;0.163;42.6;11.16;5.66;3.21;0.58;1.94;6.26;133;105.3;11.3;3.9;12.5;0.89;0.61;0.14;0.2
6;50;100;100;0;19.94;4.25;12.24;3.54;3.47;0.188;66.3;18.5;9.62;5.31;0.89;2.92;6.37;184;127.2;38.3;5.8;12.7;1.59;1.24;0.27;0.37;1.16;1.17;0.149;33.7;7.75;3.9;2.28;0.38;1.32;5.87;93.5;71.8;7.3;2.6;11.7;0.64;0.29;0.09;0.13
6;50;100;100;50;19.94;5.03;14.06;3.9;3.81;0.2;64.5;19.01;10.14;5.29;0.87;3.05;7.45;182.8;125.6;36.2;6.1;14.9;1.58;1.57;0.29;0.38;1.77;1.76;0.153;35.5;11.46;5.75;3.38;0.59;1.97;6.61;100.4;72.5;10.7;3.9;13.2;1;0.42;0.15;0.19
6;50;100;100;100;19.9;5.27;15.45;4.41;4.28;0.218;63.5;19.6;10.55;5.39;0.94;2.95;8.05;180.5;123.3;35.3;5.9;16.1;1.55;2.07;0.28;0.37;2.15;2.21;0.158;36.5;13.89;6.99;4.04;0.71;2.32;7.4;103.6;73.6;10.6;4.6;14.8;1.22;0.58;0.17;0.24
6;100;0;0;0;17.2;2.71;7.99;2.33;2.18;0.186;45.4;11.73;6.09;3.32;0.61;1.8;4.29;125.1;96.5;16.4;3.6;8.6;1.43;0.33;0.17;0.24;0.71;0.7;0.134;54.6;5.12;2.51;1.57;0.28;0.9;3.7;150.3;127.7;13.5;1.8;7.4;0.27;0.28;0.06;0.09
6;100;0;0;50;17.18;3.01;8.55;2.34;2.28;0.19;45.7;12.02;6.31;3.41;0.55;1.97;4.47;126;97.6;15.5;3.9;8.9;1.45;0.41;0.18;0.23;0.88;0.89;0.144;54.3;6.06;3.02;1.82;0.31;1.05;4.07;150.1;126.2;13.6;2.1;8.1;0.27;0.44;0.08;0.1
6;100;0;0;100;16.87;3.23;9.21;2.48;2.42;0.194;44.7;12.51;6.5;3.59;0.58;2;4.87;126.6;98.5;14.4;4;9.7;1.45;0.54;0.19;0.25;1.16;1.13;0.157;55.3;7.18;3.57;2.18;0.38;1.23;4.34;156.6;125;20.5;2.5;8.7;0.28;0.66;0.08;0.12
6;100;0;50;0;19.24;3.21;9.21;2.26;2.25;0.182;51.2;12.38;6.39;3.6;0.6;2.01;4.75;127.9;94.3;20;4;9.5;1.43;0.41;0.17;0.24;0.92;0.96;0.138;48.8;6.86;3.36;2.04;0.38;1.2;4.46;122.1;97.9;12.9;2.4;8.9;0.48;0.26;0.09;0.12
6;100;0;50;50;19.19;3.61;10.33;2.38;2.36;0.187;51;12.59;6.51;3.6;0.62;2;5.42;128.6;94.9;18.8;4;10.8;1.39;0.52;0.2;0.25;1.36;1.35;0.145;49;9.26;4.59;2.74;0.51;1.62;4.91;123.7;97.3;13.4;3.2;9.8;0.63;0.43;0.12;0.16
6;100;0;50;100;19.22;4.18;12.02;2.64;2.63;0.195;49.5;13.5;7.06;3.85;0.66;2.17;6.25;129.6;94.8;18;4.3;12.5;1.43;0.74;0.2;0.26;1.82;1.8;0.151;50.5;11.83;5.88;3.56;0.59;2.01;5.77;132.6;97.4;19.6;4;11.5;0.82;0.63;0.15;0.21
6;100;0;100;0;20.97;3.4;9.87;2.29;2.32;0.18;58.8;12.89;6.54;3.74;0.66;2.04;5.19;130.4;92.7;23.2;4.1;10.4;1.39;0.48;0.19;0.25;1.05;1.1;0.138;41.2;7.92;3.86;2.43;0.36;1.36;4.68;91.3;66.4;12.8;2.7;9.4;0.6;0.26;0.1;0.14
6;100;0;100;50;21.17;4.2;12.07;2.52;2.5;0.184;58;13.59;6.96;3.95;0.66;2.19;6.3;131.5;91.9;22.6;4.4;12.6;1.37;0.66;0.21;0.26;1.65;1.69;0.144;42;11.64;5.79;3.5;0.59;2.01;5.77;95;66.9;12.5;4;11.5;0.91;0.42;0.15;0.21
6;100;0;100;100;21.09;4.71;13.66;2.9;2.81;0.193;55.9;14.5;7.64;4.06;0.69;2.28;7.18;131.7;91.2;21.6;4.6;14.4;1.37;0.92;0.22;0.29;2.06;2.16;0.149;44.1;14.37;7.08;4.3;0.75;2.43;6.49;104;67.4;18.7;4.9;13;1.12;0.61;0.19;0.24
6;100;50;0;0;17.4;3.52;10.22;3.06;3.1;0.189;46;16.37;8.4;4.7;0.82;2.6;5.38;129.2;96.8;16.5;5.2;10.8;2.07;0.46;0.24;0.33;0.77;0.8;0.145;54;5.43;2.63;1.66;0.3;0.92;4.85;151.4;127.3;12.6;1.8;9.7;0.26;0.38;0.07;0.09
6;100;50;0;50;17.09;3.81;10.86;3.34;3.28;0.195;45.1;16.82;8.93;4.74;0.77;2.71;5.66;129.6;97.5;15.4;5.4;11.3;2.08;0.63;0.25;0.33;1.03;1.06;0.162;54.9;6.5;3.3;1.93;0.3;1.11;5.2;157.8;126.3;18.9;2.2;10.4;0.28;0.59;0.08;0.11
6;100;50;0;100;16.84;4.05;11.57;3.63;3.56;0.202;45.4;17.63;9.38;4.93;0.86;2.8;6.11;130.8;98.7;14.3;5.6;12.2;2.14;0.82;0.25;0.35;1.34;1.29;0.17;54.6;7.56;3.95;2.14;0.36;1.25;5.46;157.1;124.7;19;2.5;10.9;0.28;0.78;0.1;0.12
6;100;50;50;0;19.36;3.99;11.54;3.22;3.22;0.186;51.4;17.3;8.98;4.91;0.85;2.75;5.93;131.2;93.7;20.1;5.5;11.9;2.04;0.59;0.25;0.34;1.03;1.05;0.145;48.6;7.19;3.64;2.14;0.35;1.24;5.61;124;98.5;11.8;2.5;11.2;0.48;0.35;0.1;0.12
6;100;50;50;50;19.12;4.42;12.75;3.59;3.46;0.193;50;17.94;9.36;5.11;0.84;2.81;6.67;131.6;93.6;19;5.6;13.3;2.04;0.82;0.26;0.35;1.49;1.47;0.155;50;9.46;4.78;2.77;0.48;1.62;6.08;131.7;98.6;17.7;3.2;12.2;0.64;0.55;0.12;0.16
6;100;50;50;100;19.27;4.93;13.99;3.86;3.74;0.204;51.3;18.3;9.68;5.13;0.88;2.81;7.28;141.3;93.7;27.4;5.6;14.6;2.01;1.1;0.27;0.35;1.95;1.92;0.159;48.7;12.03;6.2;3.48;0.6;2.12;6.71;134.2;98.5;18;4.2;13.4;0.82;0.73;0.17;0.2
6;100;50;100;0;21.46;4.38;12.38;3.51;3.37;0.186;58.6;18.13;9.53;5.07;0.85;2.93;6.45;133.5;90.9;23.9;5.9;12.9;1.95;0.8;0.26;0.36;1.22;1.22;0.144;41.4;8.43;4.15;2.53;0.43;1.45;5.92;94.2;67.7;11.8;2.9;11.8;0.62;0.35;0.11;0.14
6;100;50;100;50;21.53;5.01;14.47;3.69;3.68;0.194;58.5;18.93;9.9;5.35;0.95;2.96;7.63;145.7;89.9;34.6;5.9;15.3;1.93;1.09;0.28;0.38;1.8;1.83;0.152;41.5;11.96;5.92;3.56;0.6;2.06;6.85;103.3;68.3;17.2;4.1;13.7;0.93;0.54;0.16;0.2
6;100;50;100;100;21.68;5.5;15.99;4.05;3.99;0.204;57.8;19.49;10.38;5.43;0.97;3.07;8.33;145.4;89.6;33;6.1;16.7;1.94;1.38;0.28;0.38;2.31;2.27;0.154;42.2;14.64;7.32;4.31;0.77;2.43;7.66;106.2;68.5;17.5;4.9;15.3;1.13;0.71;0.17;0.25
6;100;100;0;0;17.48;4.17;11.63;3.88;3.83;0.193;47.6;19.87;10.54;5.52;0.91;3.23;6.04;139.3;95.3;25.4;6.5;12.1;2.45;0.7;0.3;0.38;0.91;0.9;0.159;52.4;5.57;2.87;1.55;0.29;0.94;5.59;153.4;129.3;11.1;1.9;11.2;0.28;0.46;0.07;0.09
6;100;100;0;50;17.02;4.18;12.31;4.19;4.11;0.202;46.7;20.34;10.77;5.63;1;3.1;6.45;138.9;96.1;23.7;6.2;12.9;2.46;0.96;0.28;0.41;1.05;1.13;0.173;53.3;6.5;3.27;1.91;0.32;1.09;5.86;158.8;128.2;16.7;2.2;11.7;0.28;0.67;0.08;0.11
6;100;100;0;100;16.46;4.33;12.81;4.38;4.35;0.209;46.8;20.76;11.06;5.7;0.98;3.15;6.74;138.9;97.6;21.5;6.3;13.5;2.51;1.14;0.29;0.4;1.47;1.46;0.192;53.2;7.59;3.94;2.16;0.36;1.18;6.07;157.8;126.2;17.1;2.4;12.1;0.29;0.95;0.09;0.13
6;100;100;50;0;19.64;4.45;13.04;4.09;4.03;0.193;53.1;20.9;10.86;5.9;0.97;3.19;6.83;142.8;91.8;31.1;6.4;13.7;2.34;0.98;0.3;0.41;1.17;1.18;0.155;46.9;7.52;3.79;2.22;0.35;1.26;6.21;126.4;100.5;11;2.5;12.4;0.49;0.47;0.09;0.12
6;100;100;50;50;19.31;4.91;14.21;4.45;4.29;0.202;51.8;21.29;11.32;5.87;1.03;3.29;7.49;142.9;92.3;29;6.6;15;2.36;1.2;0.31;0.42;1.63;1.59;0.161;48.2;9.79;4.97;2.88;0.51;1.63;6.72;132.8;100;16.1;3.3;13.4;0.66;0.66;0.11;0.17
6;100;100;50;100;19.3;5.52;15.6;4.78;4.66;0.214;51.1;21.77;11.87;5.97;1.01;3.44;8.09;142.1;91.4;27.7;6.9;16.2;2.34;1.58;0.32;0.42;2.13;2.12;0.171;48.9;12.37;6.4;3.53;0.64;2.08;7.51;136.1;100.9;16.1;4.2;15;0.86;0.9;0.16;0.2
6;100;100;100;0;21.64;4.92;14.27;4.29;4.18;0.191;60.4;21.84;11.46;6.21;1.09;3.45;7.44;146.9;88.5;36.5;6.9;14.9;2.26;1.17;0.33;0.42;1.32;1.35;0.153;39.6;8.78;4.4;2.58;0.46;1.47;6.83;96.4;69.3;10.5;2.9;13.7;0.65;0.44;0.11;0.15
6;100;100;100;50;21.8;5.62;16.16;4.65;4.55;0.201;58.2;22.67;12;6.3;1.06;3.52;8.49;146.7;86.9;35.7;7;17;2.24;1.55;0.32;0.44;1.89;1.91;0.156;41.8;12.16;6.07;3.6;0.63;2.1;7.67;105.1;70.3;15.2;4.2;15.3;0.96;0.6;0.16;0.2
6;100;100;100;100;21.42;6.01;17.3;5.08;5;0.216;57.5;23.18;12.45;6.36;1.09;3.55;8.98;145.3;86.1;34.1;7.1;18;2.22;2;0.34;0.44;2.46;2.43;0.164;42.5;14.75;7.5;4.31;0.73;2.46;8.31;107.5;70.9;15.1;4.9;16.6;1.17;0.83;0.19;0.25
7;0;0;0;0;13.73;1.82;5.09;1.31;1.26;0.177;60.2;7.02;3.69;2.02;0.34;1.15;2.63;214.2;188.3;18.3;2.3;5.3;0.63;0.37;0.11;0.15;0.47;0.49;0.126;39.8;3.69;1.82;1.11;0.19;0.67;2.46;141.2;128.9;6.1;1.3;4.9;0.25;0.13;0.05;0.06
7;0;0;0;50;13.22;1.94;5.37;1.38;1.36;0.186;60.1;7.28;3.76;2.11;0.34;1.15;2.8;213.6;188.7;17;2.3;5.6;0.65;0.45;0.11;0.15;0.56;0.58;0.132;39.9;4.2;2.07;1.27;0.22;0.79;2.58;141.5;128.6;6.2;1.6;5.2;0.27;0.18;0.06;0.07
7;0;0;0;100;12.92;2.12;6;1.6;1.56;0.194;59.4;8.05;4.2;2.32;0.34;1.27;3.17;213;187.8;16.3;2.5;6.3;0.66;0.61;0.12;0.17;0.63;0.67;0.14;40.6;4.67;2.31;1.42;0.23;0.84;2.83;145.5;129.2;9;1.7;5.7;0.28;0.25;0.06;0.08
7;0;0;50;0;15.67;2.2;6.3;1.34;1.36;0.175;65.8;7.71;3.99;2.18;0.37;1.27;3.38;215.9;185;21.7;2.5;6.8;0.64;0.43;0.12;0.16;0.65;0.7;0.131;34.2;5.24;2.55;1.6;0.28;0.93;2.92;111.9;98.2;6;1.9;5.8;0.43;0.12;0.07;0.09
7;0;0;50;50;15.75;2.65;7.4;1.58;1.52;0.181;65;8.35;4.36;2.32;0.39;1.38;3.94;213.8;182;21.1;2.8;7.9;0.62;0.6;0.13;0.17;0.96;0.98;0.134;35;7.2;3.52;2.24;0.36;1.26;3.46;114.8;99.6;5.7;2.5;6.9;0.59;0.16;0.1;0.12
7;0;0;50;100;15.71;3.08;8.8;1.75;1.75;0.195;63.6;8.96;4.73;2.47;0.45;1.47;4.57;211.9;179.7;20.1;2.9;9.1;0.61;0.82;0.14;0.18;1.31;1.3;0.137;36.4;9.41;4.61;2.85;0.46;1.62;4.23;121.2;100.7;8.8;3.2;8.5;0.78;0.25;0.12;0.16
7;0;0;100;0;17.8;2.53;7.41;1.46;1.47;0.171;72.4;8.56;4.34;2.51;0.44;1.39;3.86;216.3;180.5;25.3;2.8;7.7;0.62;0.52;0.13;0.19;0.87;0.9;0.132;27.6;6.7;3.27;2.07;0.34;1.14;3.54;82.2;66.9;5.9;2.3;7.1;0.57;0.12;0.09;0.12
7;0;0;100;50;18.06;3.24;9.25;1.66;1.7;0.177;71.2;9.55;4.91;2.81;0.47;1.55;4.81;213.5;175.8;25;3.1;9.6;0.59;0.75;0.15;0.21;1.33;1.29;0.133;28.8;9.56;4.67;2.85;0.51;1.69;4.44;86.2;68.4;5.6;3.4;8.9;0.85;0.16;0.12;0.16
7;0;0;100;100;18.23;3.79;10.65;2;2;0.193;69.6;10.37;5.42;2.92;0.52;1.66;5.62;211.4;172.6;24.2;3.3;11.2;0.59;1.04;0.16;0.21;1.62;1.64;0.137;30.4;11.95;5.9;3.56;0.6;2.13;5.02;92;69.4;8.3;4.3;10;1.05;0.24;0.15;0.2
7;0;50;0;0;13.6;1.93;5.59;1.46;1.46;0.177;59.6;8.2;4.21;2.31;0.39;1.29;2.93;211.4;184.1;18.9;2.6;5.9;0.64;0.53;0.12;0.17;0.49;0.5;0.13;40.4;3.6;1.75;1.09;0.2;0.64;2.66;143.1;131.6;4.9;1.3;5.3;0.26;0.14;0.05;0.06
7;0;50;0;50;13.01;2.08;6.05;1.65;1.69;0.192;59.3;8.79;4.54;2.55;0.42;1.35;3.18;210.2;183.6;17.5;2.7;6.4;0.64;0.72;0.14;0.19;0.62;0.61;0.141;40.7;4.12;2.08;1.24;0.21;0.73;2.87;144.1;131.8;5;1.5;5.7;0.27;0.21;0.06;0.07
7;0;50;0;100;12.72;2.2;6.34;1.92;1.91;0.206;58.6;9.23;4.98;2.54;0.44;1.45;3.32;209.2;182.9;16.7;2.9;6.6;0.64;0.94;0.14;0.19;0.74;0.7;0.15;41.4;4.57;2.33;1.33;0.22;0.74;3.02;147.4;132.3;7.6;1.5;6;0.28;0.29;0.05;0.08
7;0;50;50;0;15.71;2.51;7.1;1.54;1.61;0.174;65;9.22;4.7;2.63;0.49;1.54;3.81;212.5;179.7;22.1;3.1;7.6;0.64;0.64;0.15;0.19;0.76;0.75;0.134;35;5.49;2.65;1.68;0.3;0.96;3.28;114.2;100.7;5;1.9;6.6;0.45;0.13;0.07;0.09
7;0;50;50;50;15.69;2.9;8.26;1.89;1.91;0.189;64;10.09;5.21;2.87;0.5;1.56;4.33;209.9;176.7;21.4;3.1;8.7;0.64;0.91;0.15;0.21;0.99;1.05;0.139;36;7.44;3.67;2.15;0.4;1.34;3.93;117.8;102.2;5.1;2.7;7.9;0.61;0.2;0.1;0.13
7;0;50;50;100;15.63;3.39;9.59;2.3;2.36;0.217;63.9;10.88;5.87;3;0.5;1.73;5.1;218.2;173.3;31.2;3.5;10.2;0.62;1.35;0.16;0.23;1.36;1.38;0.142;36.1;9.65;4.72;2.85;0.52;1.67;4.49;123.2;103.8;7.2;3.3;9;0.81;0.28;0.12;0.16
7;0;50;100;0;17.89;2.83;8.2;1.85;1.82;0.175;71.6;10.38;5.34;3;0.53;1.69;4.31;211.5;173.4;26.2;3.4;8.6;0.59;0.86;0.16;0.22;0.92;0.91;0.134;28.4;6.68;3.25;2.02;0.35;1.14;3.89;84;69.2;4.7;2.3;7.8;0.58;0.13;0.09;0.11
7;0;50;100;50;18.49;3.66;10.21;2.28;2.21;0.191;71.3;11.54;6.09;3.18;0.58;1.86;5.4;221.4;167.9;39.1;3.7;10.8;0.56;1.23;0.18;0.24;1.31;1.38;0.138;28.7;9.93;4.97;3;0.48;1.8;4.82;88.8;70.9;4.7;3.6;9.6;0.88;0.19;0.14;0.17
7;0;50;100;100;18.34;4.04;11.68;2.6;2.66;0.216;69.9;12.29;6.63;3.33;0.6;1.95;6.16;218.6;164.9;37.5;3.9;12.3;0.58;1.64;0.18;0.25;1.68;1.71;0.139;30.1;12.2;5.98;3.71;0.63;2.09;5.52;94.1;71.8;7.1;4.2;11;1.09;0.27;0.15;0.21
7;0;100;0;0;13.42;2.2;6.25;1.74;1.81;0.184;59.8;9.81;4.98;2.89;0.51;1.58;3.33;217.4;178.9;28.7;3.2;6.7;0.63;0.81;0.15;0.22;0.53;0.5;0.135;40.2;3.5;1.75;1.05;0.17;0.62;2.92;146;134.8;4.1;1.2;5.8;0.25;0.15;0.05;0.06
7;0;100;0;50;12.94;2.35;6.45;2.12;2.1;0.205;59.5;10.19;5.38;2.83;0.48;1.59;3.44;215.5;178.1;27.3;3.2;6.9;0.63;1.09;0.15;0.22;0.58;0.62;0.147;40.5;4.07;2.06;1.17;0.19;0.76;3.01;146.9;135.4;4;1.5;6;0.28;0.22;0.06;0.07
7;0;100;0;100;12.51;2.44;6.85;2.31;2.41;0.228;58.7;10.57;5.7;2.93;0.47;1.65;3.63;213.3;177.2;25.5;3.3;7.3;0.63;1.41;0.15;0.22;0.74;0.73;0.157;41.3;4.48;2.31;1.29;0.21;0.8;3.22;150;135.9;6.1;1.6;6.4;0.29;0.31;0.05;0.07
7;0;100;50;0;15.93;2.77;7.98;2.16;2.13;0.186;64.9;11.44;5.98;3.23;0.57;1.81;4.26;218.3;171.1;35.1;3.6;8.5;0.62;1.1;0.17;0.25;0.76;0.77;0.137;35.1;5.53;2.74;1.62;0.25;0.96;3.72;117.9;104.8;3.7;1.9;7.4;0.47;0.14;0.07;0.09
7;0;100;50;50;15.69;3.11;8.93;2.42;2.4;0.204;64;11.78;6.27;3.26;0.57;1.85;4.64;214.7;168.5;33.2;3.7;9.3;0.59;1.39;0.18;0.24;1.05;1.05;0.141;36;7.38;3.67;2.22;0.38;1.26;4.29;120.8;106;3.7;2.5;8.6;0.63;0.2;0.09;0.13
7;0;100;50;100;15.85;3.53;10.21;3;2.96;0.235;62.6;12.59;6.88;3.34;0.62;1.84;5.43;212.1;165;32.6;3.7;10.9;0.6;1.93;0.17;0.26;1.42;1.4;0.144;37.4;9.64;4.82;2.85;0.48;1.69;4.79;126.3;107.7;5.7;3.4;9.6;0.85;0.28;0.11;0.16
7;0;100;100;0;18.18;3.29;9.24;2.38;2.33;0.183;71.6;12.66;6.59;3.62;0.59;2.05;4.83;219.6;164.9;41;4.1;9.7;0.57;1.31;0.19;0.25;0.93;0.94;0.137;28.4;6.84;3.38;2.03;0.35;1.25;4.41;86.9;71.9;3.7;2.5;8.8;0.61;0.14;0.08;0.12
7;0;100;100;50;18.36;3.85;11.18;2.91;2.78;0.202;70.3;13.7;7.3;3.82;0.65;2.1;5.87;215.6;159.6;40.1;4.2;11.7;0.57;1.74;0.21;0.27;1.4;1.4;0.138;29.7;10.07;4.97;3;0.54;1.76;5.32;91.1;73.5;3.5;3.5;10.6;0.92;0.18;0.12;0.18
7;0;100;100;100;18.67;4.33;12.51;3.33;3.43;0.236;68.6;14.54;7.88;3.97;0.63;2.15;6.46;211.6;155.1;39.2;4.3;12.9;0.56;2.39;0.2;0.28;1.76;1.78;0.142;31.4;12.41;6.13;3.69;0.62;2.18;6.04;96.7;74.9;5.3;4.4;12.1;1.13;0.27;0.17;0.21
7;50;0;0;0;15.43;2.29;6.67;1.81;1.9;0.192;54.7;9.86;5.11;2.83;0.45;1.58;3.49;172.6;144.7;17.8;3.2;7;1.19;0.36;0.15;0.2;0.57;0.56;0.128;45.3;4.2;2.04;1.26;0.21;0.71;3.18;142.8;125.9;9;1.4;6.4;0.25;0.19;0.05;0.07
7;50;0;0;50;15.34;2.43;6.96;1.97;1.99;0.196;54.4;10.12;5.35;2.85;0.43;1.59;3.58;171.9;144.5;17.1;3.2;7.2;1.16;0.47;0.15;0.2;0.64;0.66;0.134;45.6;4.84;2.32;1.48;0.25;0.84;3.38;143.9;126.1;9.4;1.7;6.8;0.26;0.27;0.06;0.08
7;50;0;0;100;14.81;2.65;7.57;2.13;2.14;0.202;53.9;10.57;5.58;2.96;0.48;1.68;3.97;172.9;145.9;15.7;3.4;7.9;1.19;0.57;0.16;0.21;0.81;0.86;0.15;46.1;5.68;2.78;1.71;0.31;0.98;3.6;148.1;124.9;14;2;7.2;0.27;0.43;0.07;0.09
7;50;0;50;0;17.36;2.81;7.82;1.93;1.97;0.188;60.4;10.45;5.48;2.97;0.49;1.72;4.12;175.1;142.3;21.1;3.4;8.2;1.16;0.43;0.16;0.22;0.77;0.81;0.131;39.6;6.06;2.94;1.85;0.32;1.09;3.69;114.6;96;9.1;2.2;7.4;0.43;0.19;0.08;0.1
7;50;0;50;50;17.48;3.03;9;2.11;2.1;0.192;59.7;10.88;5.63;3.09;0.53;1.67;4.75;174;140.6;20.5;3.3;9.5;1.14;0.57;0.16;0.23;1.05;1.07;0.134;40.3;7.88;3.86;2.4;0.42;1.36;4.25;117.3;97;9.1;2.7;8.5;0.58;0.26;0.1;0.13
7;50;0;50;100;17.39;3.57;10.36;2.31;2.36;0.202;58.4;11.64;6.14;3.26;0.57;1.82;5.52;174.2;140;19.6;3.6;11;1.13;0.81;0.18;0.24;1.51;1.47;0.142;41.6;10.24;5.09;3.04;0.53;1.76;4.84;124.1;97.5;13.4;3.5;9.7;0.75;0.42;0.13;0.18
7;50;0;100;0;19.64;3.03;8.69;1.95;2.03;0.184;67.5;11.05;5.67;3.1;0.58;1.83;4.55;176.7;138.9;25.1;3.7;9.1;1.13;0.51;0.16;0.23;0.94;0.94;0.131;32.5;7.08;3.39;2.18;0.38;1.2;4.14;85;65.4;8.9;2.4;8.3;0.55;0.18;0.08;0.13
7;50;0;100;50;19.74;3.72;10.72;2.19;2.28;0.189;66.3;12.1;6.26;3.53;0.57;1.91;5.68;175.6;136;24.4;3.8;11.4;1.11;0.72;0.19;0.26;1.33;1.37;0.134;33.7;10.1;5;3.01;0.57;1.81;5.04;89;66.7;8.7;3.6;10.1;0.82;0.25;0.13;0.17
7;50;0;100;100;19.63;4.29;12.08;2.51;2.54;0.2;64.6;12.73;6.75;3.49;0.65;2.08;6.37;175;134.6;23.4;4.2;12.7;1.09;0.99;0.19;0.26;1.76;1.81;0.141;35.4;12.82;6.23;3.98;0.63;2.21;5.71;95.7;67.2;12.6;4.4;11.4;1.02;0.4;0.17;0.22
7;50;50;0;0;15.48;2.78;7.92;2.49;2.5;0.195;54.5;12.79;6.71;3.55;0.64;2.03;4.15;173.2;142.9;18;4.1;8.3;1.53;0.51;0.19;0.27;0.62;0.6;0.136;45.5;4.3;2.08;1.33;0.22;0.74;3.77;144.8;127.5;8.3;1.5;7.5;0.25;0.23;0.05;0.07
7;50;50;0;50;15.13;2.91;8.63;2.63;2.71;0.203;54.6;13.36;7.04;3.78;0.61;2.13;4.61;174.1;143.6;17;4.3;9.2;1.56;0.69;0.19;0.28;0.67;0.74;0.145;45.4;4.94;2.36;1.53;0.26;0.78;4.02;144.7;126.8;8.3;1.6;8;0.25;0.35;0.05;0.08
7;50;50;0;100;14.66;3.09;8.94;2.93;2.92;0.212;53.7;13.75;7.35;3.82;0.63;2.11;4.73;173.3;143.8;15.9;4.2;9.5;1.55;0.88;0.2;0.28;0.94;0.94;0.159;46.3;5.8;2.94;1.73;0.28;0.97;4.21;149.6;126.7;12.5;1.9;8.4;0.27;0.49;0.07;0.1
7;50;50;50;0;17.45;3.35;9.45;2.62;2.66;0.191;60.1;13.91;7.23;4.01;0.65;2.27;5.07;175.6;139.5;21.4;4.5;10.1;1.52;0.63;0.21;0.3;0.82;0.85;0.137;39.9;6.14;2.99;1.86;0.3;1.08;4.37;116.7;97.7;8.1;2.2;8.7;0.44;0.23;0.08;0.1
7;50;50;50;50;17.64;3.8;10.69;2.92;2.89;0.199;59;14.5;7.72;4.03;0.71;2.38;5.61;173.8;136.7;21.1;4.8;11.2;1.46;0.91;0.22;0.3;1.11;1.16;0.141;41;8.16;3.96;2.49;0.47;1.42;5.08;120.4;99.5;7.9;2.8;10.2;0.6;0.33;0.09;0.14
7;50;50;50;100;17.51;4.17;12.04;3.19;3.3;0.218;59.1;15.11;8.1;4.11;0.78;2.36;6.33;183.1;135.6;30.1;4.7;12.7;1.47;1.3;0.21;0.31;1.52;1.55;0.146;40.9;10.49;5.19;3.17;0.55;1.81;5.71;126.7;100.2;11.5;3.6;11.4;0.79;0.45;0.13;0.18
7;50;50;100;0;19.51;3.46;10.4;2.83;2.82;0.19;66.9;14.81;7.71;4.25;0.74;2.31;5.51;175.8;134.7;25.4;4.6;11;1.45;0.83;0.22;0.32;0.94;0.98;0.136;33.1;7.17;3.42;2.18;0.41;1.15;4.89;86.9;67.2;7.6;2.3;9.8;0.56;0.21;0.08;0.12
7;50;50;100;50;19.92;4.24;12.55;3.13;3.15;0.201;67.1;15.67;8.23;4.45;0.77;2.4;6.62;187.2;132;37.2;4.8;13.2;1.43;1.15;0.23;0.34;1.5;1.51;0.14;32.9;10.72;5.32;3.25;0.54;1.84;5.93;91.5;68.3;7.6;3.7;11.9;0.86;0.32;0.13;0.19
7;50;50;100;100;19.8;4.9;13.8;3.43;3.59;0.218;65.4;16.45;8.83;4.56;0.78;2.59;7.37;185.4;129.7;35.8;5.2;14.7;1.4;1.6;0.25;0.34;1.84;1.89;0.143;34.6;13.07;6.47;3.85;0.71;2.31;6.42;97.8;69.3;11.1;4.6;12.8;1.06;0.44;0.16;0.22
7;50;100;0;0;15.39;3.38;9.5;3.27;3.3;0.201;55.4;16.42;8.72;4.45;0.79;2.59;5.03;182.9;140.2;27.5;5.2;10.1;1.94;0.77;0.25;0.34;0.63;0.65;0.144;44.6;4.38;2.22;1.24;0.23;0.79;4.47;147.2;129.7;7;1.6;8.9;0.26;0.26;0.06;0.07
7;50;100;0;50;15.08;3.48;9.93;3.54;3.59;0.213;54.6;16.84;9.01;4.65;0.82;2.6;5.19;182.1;140.4;26.1;5.2;10.4;1.94;1.05;0.26;0.34;0.77;0.81;0.159;45.4;5;2.48;1.51;0.24;0.88;4.73;151.2;129.5;10.4;1.8;9.5;0.26;0.4;0.06;0.09
7;50;100;0;100;14.72;3.57;10.35;3.86;3.92;0.226;54.5;17.33;9.42;4.74;0.76;2.63;5.44;181.4;140.5;24.8;5.3;10.9;1.95;1.37;0.26;0.34;0.97;1.01;0.176;45.5;5.66;2.87;1.66;0.29;0.94;4.91;151.7;129.5;10.5;1.9;9.8;0.28;0.58;0.06;0.09
7;50;100;50;0;17.77;3.83;11.01;3.56;3.54;0.2;60.7;17.68;9.34;5;0.86;2.78;5.78;185.4;134.7;33.6;5.6;11.6;1.86;1.06;0.27;0.35;0.85;0.87;0.141;39.3;6.1;3.02;1.8;0.29;1.05;5.23;120;100.8;6.7;2.1;10.5;0.45;0.24;0.07;0.1
7;50;100;50;50;17.76;4.25;12.09;3.88;3.85;0.211;59.3;18.23;9.8;4.99;0.84;2.78;6.46;184;132.9;32.6;5.6;12.9;1.82;1.37;0.28;0.37;1.22;1.24;0.15;40.7;8.22;4.16;2.42;0.39;1.47;5.63;126.1;101.9;10;2.9;11.3;0.61;0.38;0.11;0.13
7;50;100;50;100;17.3;4.63;13.29;4.2;4.27;0.23;58.8;18.53;10.13;5.02;0.84;2.86;7.11;182.9;132.6;30.4;5.7;14.2;1.83;1.8;0.26;0.38;1.68;1.67;0.156;41.2;10.66;5.35;3.11;0.56;1.78;6.18;128.1;102.1;10.1;3.6;12.4;0.81;0.55;0.14;0.18
7;50;100;100;0;20.05;4.25;12.24;3.69;3.71;0.197;67.6;18.81;9.82;5.33;0.91;2.98;6.53;188.1;129.5;39.6;6;13.1;1.76;1.28;0.28;0.39;1;1.05;0.14;32.4;7.39;3.64;2.21;0.39;1.27;5.71;89.9;69.4;6.6;2.5;11.4;0.58;0.24;0.09;0.12
7;50;100;100;50;20.21;4.91;14.06;4.07;4.11;0.209;65.6;19.65;10.39;5.49;0.91;3.05;7.37;185.8;126.2;38.7;6.1;14.7;1.74;1.68;0.28;0.41;1.61;1.56;0.145;34.4;10.68;5.33;3.2;0.57;1.86;6.69;97.3;70.8;9.4;3.7;13.4;0.88;0.37;0.14;0.18
7;50;100;100;100;20.3;5.35;15.37;4.59;4.74;0.232;64.7;20.41;11.04;5.51;0.96;3.15;8.13;183.8;123.3;37.9;6.3;16.3;1.71;2.32;0.3;0.41;1.92;1.97;0.15;35.3;13.1;6.49;3.94;0.67;2.2;7.24;100;72;9.2;4.4;14.5;1.08;0.5;0.17;0.22
7;100;0;0;0;17.42;2.74;7.9;2.36;2.41;0.198;46.9;12.18;6.37;3.43;0.57;1.94;4.14;128.2;98.2;17.8;3.9;8.3;1.61;0.36;0.19;0.25;0.57;0.64;0.129;53.1;4.81;2.29;1.43;0.26;0.8;3.76;145.3;123.7;12.5;1.6;7.5;0.24;0.26;0.05;0.09
7;100;0;0;50;16.94;2.96;8.47;2.5;2.51;0.202;47.1;12.39;6.53;3.49;0.59;1.93;4.48;128.8;99.6;16.3;3.9;9;1.63;0.44;0.19;0.25;0.81;0.83;0.141;52.9;5.82;2.89;1.68;0.31;1.03;3.99;144.5;121.9;12.5;2.1;8;0.25;0.41;0.07;0.1
7;100;0;0;100;16.66;3.13;9.02;2.62;2.64;0.206;46.1;12.81;6.71;3.58;0.59;1.96;4.74;129.2;100.6;15.2;3.9;9.5;1.64;0.55;0.19;0.26;1.1;1.07;0.154;53.9;6.9;3.51;2.02;0.32;1.17;4.27;150.9;120.7;19.3;2.3;8.5;0.26;0.61;0.09;0.11
7;100;0;50;0;19.17;3.11;9.06;2.48;2.49;0.195;52.8;12.75;6.6;3.61;0.63;1.99;4.8;131;96.7;20.8;4;9.6;1.61;0.42;0.19;0.28;0.88;0.87;0.131;47.2;6.52;3.21;2.01;0.3;1.12;4.26;117.3;94.3;12.3;2.2;8.5;0.42;0.26;0.07;0.12
7;100;0;50;50;19.13;3.65;10.39;2.61;2.63;0.199;52.5;13.27;6.95;3.83;0.62;2.11;5.49;131.7;96.6;19.9;4.2;11;1.59;0.56;0.19;0.29;1.21;1.23;0.139;47.5;8.8;4.28;2.66;0.44;1.54;4.9;119.4;94.4;12.1;3.1;9.8;0.57;0.4;0.12;0.14
7;100;0;50;100;19.2;4.04;11.84;2.88;2.85;0.206;50.7;13.85;7.28;3.91;0.63;2.11;6.19;131.8;96.3;19;4.2;12.4;1.59;0.78;0.21;0.28;1.63;1.65;0.145;49.3;11.23;5.56;3.43;0.58;1.93;5.65;128.2;94.6;18.4;3.9;11.3;0.72;0.59;0.15;0.19
7;100;0;100;0;21.11;3.42;9.9;2.63;2.54;0.191;60.5;13.29;7.01;3.7;0.66;2.09;5.34;134.1;94.8;24.4;4.2;10.7;1.56;0.5;0.19;0.28;0.98;1.02;0.133;39.5;7.58;3.7;2.37;0.36;1.33;4.55;87.6;64;11.9;2.7;9.1;0.54;0.24;0.1;0.13
7;100;0;100;50;21.27;4.28;11.97;2.7;2.72;0.195;59.3;13.97;7.32;3.94;0.72;2.27;6.27;134.1;93.8;23.2;4.5;12.5;1.55;0.68;0.21;0.28;1.5;1.55;0.138;40.7;11.21;5.5;3.3;0.61;2.01;5.69;91.9;64.7;11.9;4;11.4;0.82;0.39;0.14;0.19
7;100;0;100;100;21.37;4.79;13.49;3.01;3.05;0.204;57.3;15;7.95;4.15;0.75;2.43;7.04;134.7;93;22.8;4.9;14.1;1.54;0.98;0.23;0.3;1.93;1.97;0.143;42.7;13.68;6.73;4.08;0.68;2.36;6.45;100.4;65.1;17.6;4.7;12.9;0.98;0.58;0.17;0.24
7;100;50;0;0;17.44;3.59;10.26;3.45;3.48;0.202;47.5;17.19;9.07;4.8;0.86;2.72;5.44;132.2;98.3;17.6;5.4;10.9;2.35;0.5;0.26;0.36;0.72;0.73;0.14;52.5;5.09;2.53;1.5;0.28;0.87;4.81;146.4;123.6;11.4;1.7;9.6;0.24;0.33;0.06;0.08
7;100;50;0;50;16.9;3.71;10.66;3.66;3.65;0.209;46.5;17.52;9.27;4.79;0.89;2.7;5.58;131.9;99.2;16.2;5.4;11.2;2.38;0.66;0.26;0.36;0.95;0.91;0.152;53.5;5.91;3.01;1.75;0.28;1.01;5.08;151.7;122.5;17;2;10.2;0.24;0.49;0.08;0.1
7;100;50;0;100;16.72;3.98;11.32;3.85;3.86;0.215;46.7;17.95;9.63;4.95;0.81;2.75;6.01;132.8;100.2;15.2;5.5;12;2.36;0.87;0.26;0.36;1.21;1.19;0.165;53.3;7.14;3.74;2.01;0.36;1.23;5.31;151.9;121.3;17.5;2.5;10.6;0.26;0.72;0.09;0.12
7;100;50;50;0;19.6;4.02;11.38;3.48;3.52;0.198;53;17.78;9.42;4.95;0.83;2.84;6.04;134.7;95.7;21.2;5.7;12.1;2.27;0.63;0.26;0.37;0.92;0.93;0.138;47;6.64;3.27;2.02;0.34;1.18;5.35;119.4;95.2;11.2;2.4;10.7;0.41;0.32;0.08;0.11
7;100;50;50;50;19.36;4.56;12.63;3.75;3.79;0.206;51.4;18.47;9.92;5.04;0.87;2.96;6.7;134.7;95.2;20.1;5.9;13.4;2.27;0.85;0.28;0.39;1.32;1.31;0.145;48.6;8.95;4.5;2.63;0.46;1.59;5.93;127.1;95.6;16.5;3.2;11.9;0.57;0.48;0.11;0.15
7;100;50;50;100;19.32;4.91;14.1;4.03;4.17;0.219;52.7;18.98;10.17;5.31;0.9;2.96;7.44;144.6;94.8;29;5.9;14.9;2.25;1.24;0.28;0.4;1.72;1.73;0.151;47.3;11.37;5.72;3.4;0.53;1.96;6.66;129.9;96;16.6;3.9;13.3;0.74;0.67;0.13;0.19
7;100;50;100;0;21.53;4.43;12.47;3.78;3.7;0.198;60;18.73;10.02;5.21;0.87;2.99;6.59;136.7;92.7;24.9;6;13.2;2.2;0.82;0.28;0.4;1.09;1.13;0.139;40;8.09;4;2.47;0.42;1.44;5.88;91;65.4;11;2.9;11.8;0.56;0.32;0.11;0.14
7;100;50;100;50;21.92;5.08;14.55;4.06;4.08;0.205;59.9;19.86;10.44;5.49;1.08;3.13;7.68;149.3;90.8;36.9;6.3;15.4;2.17;1.18;0.3;0.42;1.55;1.62;0.143;40.1;11.21;5.55;3.43;0.57;1.94;6.87;99.8;66.6;15.7;3.9;13.7;0.81;0.46;0.15;0.19
7;100;50;100;100;21.47;5.47;15.77;4.26;4.42;0.219;59.4;20.2;10.85;5.49;0.95;3.1;8.47;148.7;90.7;34.8;6.2;16.9;2.15;1.55;0.3;0.42;2.09;2.07;0.148;40.6;13.93;6.96;4.19;0.69;2.37;7.3;101.7;66.6;15.8;4.7;14.6;1.01;0.65;0.18;0.24
7;100;100;0;0;17.5;4.19;11.68;4.12;4.23;0.206;49.1;20.55;10.86;5.7;0.96;3.25;6.18;142.8;97.3;26.6;6.5;12.4;2.75;0.74;0.32;0.43;0.83;0.82;0.15;50.9;5.35;2.69;1.58;0.26;0.94;5.5;148.2;124.9;10.5;1.9;11;0.24;0.42;0.07;0.09
7;100;100;0;50;17.02;4.2;12.31;4.56;4.52;0.215;48.1;21.06;11.3;5.74;0.99;3.19;6.5;142;97.6;25;6.4;13;2.77;1.02;0.3;0.43;1.03;1.04;0.168;51.9;6.14;3.1;1.81;0.32;1.01;5.81;153.5;124.5;15.4;2;11.6;0.25;0.61;0.08;0.1
7;100;100;0;100;16.7;4.4;12.61;4.67;4.77;0.225;48.3;21.2;11.43;5.79;1.01;3.23;6.78;142.5;99.5;22.9;6.5;13.6;2.77;1.27;0.3;0.43;1.46;1.37;0.188;51.7;7.18;3.82;1.97;0.36;1.17;5.83;152.3;122.1;16.3;2.3;11.7;0.25;0.91;0.09;0.12
7;100;100;50;0;19.5;4.58;13.16;4.38;4.42;0.205;54.5;21.54;11.4;6.04;1;3.39;6.97;146.2;93.4;32.1;6.8;13.9;2.65;1;0.32;0.45;1.05;1.03;0.145;45.5;6.96;3.52;2.09;0.34;1.19;6.18;121.9;97.3;9.9;2.4;12.4;0.43;0.39;0.09;0.11
7;100;100;50;50;19.34;4.96;14.26;4.6;4.69;0.213;53.1;21.98;11.74;6.03;1.08;3.4;7.59;145.6;93.3;30.4;6.8;15.2;2.64;1.27;0.32;0.47;1.48;1.44;0.155;46.9;9.24;4.7;2.64;0.48;1.57;6.67;128.8;97.5;14.9;3.1;13.3;0.59;0.59;0.11;0.15
7;100;100;50;100;19.18;5.44;15.44;5.09;5.08;0.229;52.7;22.18;12.1;5.92;1.06;3.41;8.26;145.8;93.5;28.9;6.8;16.5;2.63;1.7;0.31;0.43;1.89;1.94;0.164;47.3;11.7;5.93;3.43;0.6;2.03;7.18;130.7;97.3;15;4.1;14.4;0.76;0.84;0.15;0.18
7;100;100;100;0;21.56;4.9;14.38;4.58;4.58;0.202;61.8;22.64;11.94;6.37;1.04;3.5;7.55;150.2;90;38.1;7;15.1;2.58;1.21;0.33;0.47;1.18;1.2;0.144;38.2;8.31;4.08;2.52;0.41;1.4;6.83;92.8;67.1;9.3;2.8;13.7;0.58;0.38;0.1;0.14
7;100;100;100;50;21.79;5.6;15.95;4.89;4.93;0.212;59.7;23.28;12.45;6.48;1.06;3.62;8.42;149.9;88.5;37.3;7.2;16.8;2.49;1.61;0.34;0.48;1.75;1.76;0.151;40.3;11.62;5.83;3.36;0.64;1.98;7.53;101.1;68;14.1;4;15.1;0.84;0.57;0.16;0.19
7;100;100;100;100;21.66;6.06;17.33;5.35;5.51;0.23;58.8;23.92;12.95;6.53;1.09;3.66;9.12;148.6;87.1;35.9;7.3;18.2;2.46;2.21;0.36;0.48;2.23;2.22;0.157;41.2;14.07;7.06;4.25;0.64;2.4;8.21;104;68.9;13.8;4.8;16.4;1.04;0.77;0.17;0.23
8;0;0;0;0;13.77;1.76;5.29;1.33;1.36;0.181;61.9;7.48;3.85;2.12;0.38;1.15;2.84;219.7;192.5;19.2;2.3;5.7;0.69;0.4;0.11;0.16;0.41;0.46;0.125;38.1;3.47;1.7;1.08;0.16;0.61;2.45;135.2;123.8;5.3;1.2;4.9;0.25;0.11;0.04;0.06
8;0;0;0;50;13.24;1.92;5.44;1.44;1.47;0.189;61.7;7.74;4;2.23;0.4;1.21;2.96;218.7;192.3;18.1;2.4;5.9;0.68;0.5;0.11;0.18;0.48;0.52;0.131;38.3;3.83;1.84;1.15;0.23;0.71;2.48;135.6;124;5.3;1.4;5;0.26;0.15;0.05;0.07
8;0;0;0;100;13.04;2.06;5.8;1.62;1.6;0.197;61;8.12;4.29;2.3;0.39;1.32;3.1;217.7;191.6;17.2;2.6;6.2;0.68;0.63;0.13;0.16;0.63;0.6;0.135;39;4.28;2.11;1.33;0.2;0.73;2.7;139.2;124.4;7.9;1.5;5.4;0.27;0.2;0.05;0.07
8;0;0;50;0;15.73;2.16;6.29;1.42;1.43;0.178;67.2;8;4.16;2.26;0.39;1.29;3.36;220.5;188.7;22.5;2.6;6.7;0.66;0.46;0.12;0.18;0.67;0.68;0.131;32.8;5.13;2.48;1.56;0.3;0.87;2.93;107.5;94.6;5.3;1.7;5.9;0.42;0.11;0.06;0.1
8;0;0;50;50;15.91;2.56;7.48;1.59;1.58;0.184;66.5;8.59;4.45;2.5;0.42;1.31;3.9;219;186.5;22;2.6;7.8;0.67;0.62;0.12;0.18;0.91;0.95;0.134;33.5;6.98;3.45;2.07;0.36;1.24;3.58;110.4;95.6;5.2;2.5;7.2;0.58;0.15;0.09;0.12
8;0;0;50;100;15.94;3.09;8.81;1.9;1.91;0.203;65.2;9.37;4.91;2.67;0.46;1.46;4.77;217.1;183.2;21.4;2.9;9.5;0.64;0.93;0.14;0.19;1.25;1.23;0.135;34.8;9.05;4.57;2.65;0.43;1.63;4.04;115.9;97;7.6;3.3;8.1;0.77;0.2;0.12;0.14
8;0;0;100;0;17.99;2.6;7.22;1.53;1.55;0.174;74;8.87;4.65;2.48;0.45;1.51;3.81;222.6;185.4;26.6;3;7.6;0.68;0.54;0.14;0.19;0.85;0.82;0.132;26;6.16;3.05;1.85;0.32;1.09;3.42;78.3;64.1;5.1;2.2;6.8;0.53;0.11;0.08;0.11
8;0;0;100;50;18.16;3.11;9.05;1.82;1.75;0.18;72.6;9.69;5.04;2.79;0.46;1.49;4.81;218.5;179.7;26.2;3;9.6;0.63;0.76;0.15;0.21;1.15;1.22;0.134;27.4;9.09;4.38;2.81;0.46;1.63;4.25;82.4;65.8;4.8;3.3;8.5;0.82;0.14;0.12;0.15
8;0;0;100;100;18.24;3.73;10.56;2.13;2.17;0.202;70.9;10.75;5.75;2.95;0.51;1.72;5.62;215.9;176.1;25.1;3.4;11.2;0.64;1.13;0.17;0.23;1.59;1.54;0.134;29.1;11.37;5.66;3.36;0.58;2.02;4.95;88.2;66.9;7.4;4;9.9;1.02;0.2;0.14;0.18
8;0;50;0;0;13.55;1.96;5.6;1.63;1.54;0.181;61.2;8.49;4.39;2.46;0.43;1.35;2.99;216.5;188.2;19.7;2.7;6;0.68;0.55;0.13;0.18;0.45;0.46;0.13;38.8;3.37;1.67;1;0.17;0.61;2.61;137.1;126.4;4.3;1.2;5.2;0.25;0.11;0.04;0.05
8;0;50;0;50;13.31;2.06;5.98;1.82;1.77;0.194;60.7;9.1;4.73;2.64;0.42;1.43;3.13;214.2;186.3;18.7;2.9;6.3;0.68;0.76;0.13;0.2;0.52;0.53;0.135;39.3;3.76;1.85;1.14;0.19;0.63;2.85;138.7;127.5;4.3;1.3;5.7;0.26;0.16;0.04;0.07
8;0;50;0;100;12.71;2.2;6.26;2.05;2.05;0.215;60.2;9.53;5.09;2.66;0.47;1.47;3.36;213.3;186;17.7;2.9;6.7;0.68;1.03;0.15;0.19;0.61;0.63;0.147;39.8;4.17;2.11;1.24;0.21;0.74;2.9;141.1;127.7;6.2;1.5;5.8;0.28;0.24;0.05;0.06
8;0;50;50;0;15.84;2.49;7;1.73;1.73;0.176;66.3;9.78;5.02;2.86;0.43;1.59;3.75;216.7;182.6;23.4;3.2;7.5;0.67;0.69;0.16;0.22;0.69;0.7;0.134;33.7;5.1;2.49;1.58;0.26;0.9;3.24;109.8;97.3;4.2;1.8;6.5;0.43;0.11;0.07;0.09
8;0;50;50;50;16.02;2.93;8.26;2.05;2;0.19;65.2;10.53;5.49;3;0.51;1.66;4.3;213.2;178.4;22.9;3.3;8.6;0.64;0.98;0.16;0.22;1;0.98;0.137;34.8;7.07;3.58;2.12;0.35;1.27;3.96;113.8;99.2;4.2;2.5;7.9;0.6;0.16;0.1;0.13
8;0;50;50;100;16;3.35;9.44;2.38;2.46;0.219;65.2;11.24;6.01;3.11;0.52;1.78;5.04;222.4;175.4;33.4;3.6;10.1;0.64;1.42;0.17;0.24;1.24;1.26;0.14;34.8;8.95;4.36;2.66;0.52;1.56;4.39;118.5;100.5;6.1;3.1;8.8;0.78;0.22;0.1;0.15
8;0;50;100;0;18.09;2.81;8.34;1.89;1.93;0.177;72.8;10.88;5.57;3.19;0.53;1.73;4.42;216;176.5;27.2;3.5;8.8;0.64;0.9;0.15;0.24;0.81;0.85;0.133;27.2;6.28;3.05;1.9;0.32;1.09;3.92;80.7;66.7;4;2.2;7.8;0.56;0.1;0.07;0.11
8;0;50;100;50;18.37;3.47;10.16;2.35;2.38;0.2;72.6;11.9;6.23;3.36;0.59;1.9;5.35;225.6;170.9;40.2;3.8;10.7;0.62;1.34;0.18;0.25;1.24;1.27;0.135;27.4;9.37;4.5;2.92;0.51;1.57;4.81;85.1;68.4;3.9;3.1;9.6;0.85;0.15;0.11;0.16
8;0;50;100;100;18.46;4.03;11.35;2.81;2.77;0.218;71.2;12.7;6.86;3.47;0.56;2;6.11;222.7;167.4;39.1;4;12.2;0.61;1.72;0.2;0.25;1.62;1.61;0.138;28.8;11.58;5.69;3.5;0.59;2.03;5.24;89.7;69.4;5.7;4.1;10.5;1.06;0.21;0.15;0.19
8;0;100;0;0;13.44;2.27;6.3;1.97;1.94;0.187;61.2;10.37;5.5;2.84;0.49;1.68;3.39;221.6;181.3;30.2;3.4;6.8;0.69;0.86;0.16;0.23;0.48;0.48;0.131;38.8;3.42;1.67;1;0.17;0.59;2.92;140.6;130.5;3.1;1.2;5.8;0.27;0.11;0.05;0.06
8;0;100;0;50;13.04;2.28;6.71;2.27;2.29;0.213;60.7;10.7;5.74;2.95;0.52;1.61;3.52;219.1;180.1;28.7;3.2;7;0.69;1.23;0.14;0.23;0.52;0.56;0.142;39.3;3.76;1.9;1.12;0.19;0.67;3.18;141.9;131.1;3.1;1.3;6.4;0.28;0.16;0.05;0.07
8;0;100;0;100;12.72;2.35;6.8;2.55;2.6;0.231;59.8;11.23;6.09;3.02;0.52;1.67;3.54;216.1;178.1;27.6;3.3;7.1;0.66;1.54;0.17;0.23;0.62;0.65;0.153;40.2;4.08;2.02;1.21;0.21;0.69;3.26;145;132.3;4.8;1.4;6.5;0.28;0.25;0.05;0.07
8;0;100;50;0;15.98;2.77;7.96;2.26;2.23;0.188;66.4;11.84;6.16;3.37;0.58;1.89;4.26;223.5;174.6;36.6;3.8;8.5;0.66;1.15;0.17;0.25;0.72;0.71;0.135;33.6;5.17;2.56;1.55;0.25;0.89;3.69;113.1;100.8;3.1;1.8;7.4;0.45;0.11;0.07;0.09
8;0;100;50;50;16.27;3.21;9.12;2.65;2.7;0.212;65.4;12.72;6.8;3.56;0.64;2.04;4.96;220.5;170.7;35.8;4.1;9.9;0.66;1.58;0.19;0.27;0.94;0.97;0.139;34.6;6.88;3.42;2.06;0.35;1.17;4.16;116.3;102.6;3.1;2.3;8.3;0.61;0.16;0.08;0.12
8;0;100;50;100;15.98;3.6;10.26;3.04;3.07;0.238;64.1;12.93;7.08;3.5;0.61;1.95;5.43;216.7;167.9;34.1;3.9;10.9;0.63;2.01;0.18;0.25;1.25;1.31;0.143;35.9;9.15;4.53;2.75;0.45;1.65;4.83;121.4;103.8;4.6;3.3;9.7;0.82;0.22;0.11;0.16
8;0;100;100;0;18.71;3.25;9.14;2.55;2.5;0.186;72.8;13.48;7.01;3.77;0.65;2.12;4.9;224;166.4;43.5;4.2;9.8;0.61;1.4;0.21;0.28;0.85;0.85;0.135;27.2;6.23;3.08;1.85;0.31;1.14;4.24;83.4;69.7;3;2.3;8.5;0.57;0.1;0.08;0.1
8;0;100;100;50;18.55;3.96;11.1;2.96;3.04;0.211;71.3;14.39;7.67;3.97;0.69;2.27;5.82;219.1;161.1;41.8;4.5;11.6;0.61;1.91;0.22;0.3;1.28;1.31;0.137;28.7;9.45;4.72;2.74;0.51;1.69;5.29;88.1;71.3;2.8;3.4;10.6;0.88;0.15;0.12;0.16
8;0;100;100;100;18.89;4.35;12.51;3.54;3.66;0.238;69.9;15.39;8.39;4.14;0.71;2.34;6.71;215.3;155.9;41.3;4.7;13.4;0.59;2.53;0.22;0.32;1.51;1.64;0.139;30.1;11.68;5.63;3.56;0.61;2.01;5.8;92.5;72.8;4.1;4;11.6;1.1;0.2;0.14;0.2
8;50;0;0;0;15.55;2.34;6.72;1.99;2.02;0.197;56.4;10.28;5.4;2.9;0.52;1.64;3.64;177.1;147.7;18.8;3.3;7.3;1.26;0.39;0.16;0.22;0.52;0.53;0.126;43.6;3.97;1.94;1.22;0.19;0.7;3.09;137.1;121.2;8.4;1.4;6.2;0.24;0.17;0.05;0.07
8;50;0;0;50;15.11;2.44;7.02;2.16;2.11;0.201;56.1;10.49;5.56;2.94;0.5;1.63;3.72;176.2;147.7;17.8;3.3;7.4;1.25;0.49;0.16;0.21;0.6;0.64;0.133;43.9;4.64;2.21;1.45;0.24;0.81;3.3;137.8;121.2;8.4;1.6;6.6;0.25;0.25;0.06;0.08
8;50;0;0;100;14.77;2.63;7.64;2.31;2.31;0.207;55.4;11.15;5.95;3.07;0.52;1.72;4.08;176.9;148.6;16.7;3.4;8.2;1.29;0.61;0.17;0.24;0.79;0.79;0.143;44.6;5.4;2.65;1.65;0.27;0.9;3.55;142.1;120.5;12.7;1.8;7.1;0.26;0.37;0.06;0.1
8;50;0;50;0;17.4;2.64;7.73;2.12;2.09;0.193;62;10.8;5.67;3.08;0.55;1.71;4.13;178.8;145.1;22.1;3.4;8.3;1.24;0.45;0.16;0.24;0.67;0.74;0.131;38;5.52;2.68;1.64;0.3;0.94;3.6;109.7;92.5;8.1;1.9;7.2;0.4;0.17;0.07;0.1
8;50;0;50;50;17.42;3.08;9.01;2.24;2.24;0.198;61.4;11.34;5.99;3.15;0.59;1.77;4.82;178.4;144;21.2;3.5;9.6;1.24;0.59;0.17;0.24;1.01;1.05;0.134;38.6;7.7;3.74;2.36;0.39;1.31;4.19;112.3;93.1;8.1;2.6;8.4;0.58;0.24;0.1;0.13
8;50;0;50;100;17.64;3.66;10.47;2.45;2.54;0.211;59.8;12.06;6.41;3.42;0.56;1.93;5.5;177.9;142.4;20.6;3.9;11;1.22;0.89;0.19;0.24;1.31;1.39;0.14;40.2;9.89;4.79;3.04;0.55;1.73;4.96;119.6;94.1;12.1;3.5;9.9;0.74;0.36;0.12;0.17
8;50;0;100;0;19.51;3;8.64;2.09;2.14;0.188;68.8;11.37;5.88;3.3;0.53;1.86;4.55;180.3;141.7;25.8;3.7;9.1;1.19;0.54;0.17;0.24;0.87;0.9;0.132;31.2;6.72;3.24;2;0.37;1.14;4.09;81.7;63.1;8.1;2.3;8.2;0.54;0.16;0.09;0.11
8;50;0;100;50;19.87;3.66;10.45;2.36;2.36;0.192;67.7;12.27;6.47;3.44;0.61;1.97;5.52;179.2;138.8;25.4;3.9;11;1.17;0.74;0.19;0.26;1.34;1.3;0.134;32.3;9.67;4.72;2.95;0.47;1.68;4.93;85.4;64.2;7.9;3.4;9.9;0.79;0.23;0.12;0.16
8;50;0;100;100;19.59;4.17;12.07;2.73;2.8;0.208;66.1;13.46;7.15;3.75;0.62;2.16;6.49;178.6;136.7;24.6;4.3;13;1.18;1.12;0.21;0.29;1.66;1.67;0.138;33.9;12.02;5.87;3.65;0.63;2;5.58;91.5;65;11.4;4;11.2;0.97;0.34;0.15;0.21
8;50;50;0;0;15.51;2.77;8.04;2.72;2.69;0.2;56.2;13.44;7.06;3.8;0.65;2.09;4.36;177.9;145.7;19.3;4.2;8.7;1.66;0.54;0.19;0.3;0.5;0.56;0.135;43.8;3.97;1.91;1.21;0.21;0.69;3.67;138.8;122.8;7.3;1.4;7.3;0.24;0.2;0.05;0.06
8;50;50;0;50;15.05;2.93;8.34;2.86;2.83;0.208;55.9;13.59;7.23;3.8;0.64;2.1;4.41;176.9;146.1;17.8;4.2;8.8;1.64;0.71;0.21;0.28;0.65;0.69;0.142;44.1;4.71;2.27;1.44;0.24;0.82;3.93;139.3;122.5;7.4;1.6;7.9;0.25;0.3;0.06;0.08
8;50;50;0;100;14.77;3.13;8.93;3.12;3.15;0.221;55.2;14.29;7.74;3.96;0.67;2.25;4.75;177;145.9;17.1;4.5;9.5;1.64;1.01;0.21;0.29;0.85;0.84;0.158;44.8;5.26;2.65;1.56;0.24;0.88;4.18;143.7;122.6;11;1.8;8.4;0.26;0.44;0.06;0.08
8;50;50;50;0;17.54;3.36;9.32;2.74;2.78;0.195;61.4;14.23;7.5;3.98;0.67;2.32;4.97;178.8;141.5;22.7;4.6;9.9;1.59;0.66;0.22;0.3;0.78;0.79;0.136;38.6;5.74;2.8;1.74;0.29;1.04;4.36;112.4;94.6;7;2.1;8.7;0.43;0.2;0.07;0.1
8;50;50;50;50;17.6;3.72;10.39;3.05;3.07;0.204;60.7;15.05;8;4.15;0.7;2.41;5.56;177.7;139.8;22;4.8;11.1;1.59;0.94;0.24;0.31;1.08;1.07;0.139;39.3;7.61;3.74;2.29;0.37;1.31;4.83;115;95.6;7.1;2.6;9.7;0.57;0.28;0.1;0.12
8;50;50;50;100;17.68;4.1;11.88;3.36;3.47;0.223;60.5;15.59;8.33;4.28;0.75;2.37;6.37;187.2;138;31.7;4.7;12.7;1.56;1.36;0.23;0.32;1.49;1.49;0.146;39.5;10.1;5;3.05;0.51;1.73;5.5;122;96.6;10.9;3.5;11;0.77;0.43;0.14;0.16
8;50;50;100;0;19.9;3.64;10.33;3.02;2.97;0.194;68.1;15.31;8.02;4.32;0.74;2.43;5.45;179.4;136.9;26.8;4.9;10.9;1.54;0.88;0.24;0.31;0.95;0.93;0.136;31.9;6.76;3.39;2.01;0.34;1.21;4.89;84;65;6.8;2.4;9.8;0.54;0.19;0.08;0.11
8;50;50;100;50;20.13;4.36;12.29;3.37;3.39;0.209;68.6;16.2;8.63;4.45;0.78;2.62;6.53;191.8;134.7;38.8;5.2;13.1;1.55;1.28;0.25;0.32;1.39;1.42;0.138;31.4;10.2;4.94;3.09;0.53;1.74;5.76;87.8;65.8;7;3.5;11.5;0.83;0.28;0.14;0.17
8;50;50;100;100;20.2;4.76;13.63;3.7;3.8;0.222;66.8;17.14;9.24;4.64;0.83;2.66;7.33;189.5;131.4;38.1;5.3;14.7;1.51;1.68;0.25;0.36;1.79;1.76;0.143;33.1;12.27;6.05;3.71;0.61;2.1;6.3;93.8;67.1;9.9;4.2;12.6;1.02;0.39;0.15;0.2
8;50;100;0;0;15.79;3.41;9.56;3.45;3.44;0.205;57;16.79;8.99;4.59;0.82;2.73;5.04;187.8;142.7;29.5;5.5;10.1;2.03;0.82;0.25;0.34;0.69;0.61;0.142;43;4.14;2.11;1.2;0.23;0.68;4.52;141.9;125.1;6.4;1.4;9;0.25;0.25;0.04;0.07
8;50;100;0;50;15.29;3.42;9.99;3.77;3.84;0.221;56;17.37;9.36;4.82;0.79;2.64;5.29;185.9;142.4;27.7;5.3;10.6;2.05;1.17;0.25;0.36;0.76;0.76;0.157;44;4.69;2.36;1.39;0.26;0.78;4.7;145.8;125.4;9.5;1.6;9.4;0.26;0.36;0.05;0.08
8;50;100;0;100;14.63;3.51;10.23;4.11;4.13;0.231;55.7;17.89;9.77;4.89;0.81;2.68;5.44;184.2;141.7;26.3;5.4;10.9;2.03;1.47;0.26;0.37;0.88;0.9;0.174;44.3;5.12;2.61;1.48;0.25;0.84;4.79;146.3;125.9;9.1;1.7;9.6;0.26;0.49;0.06;0.08
8;50;100;50;0;17.94;3.92;11.05;3.64;3.76;0.205;62.3;18.32;9.7;5.14;0.93;2.92;5.97;190.4;137.6;35.1;5.8;11.9;1.98;1.09;0.29;0.4;0.82;0.82;0.141;37.7;5.75;2.86;1.69;0.29;1;5.08;115.2;96.9;6.2;2;10.2;0.42;0.24;0.07;0.09
8;50;100;50;50;17.88;4.27;12.22;4.04;4.06;0.219;60.7;18.54;10;5.1;0.91;2.89;6.45;188;135.7;33.6;5.8;12.9;1.94;1.48;0.27;0.37;1.2;1.19;0.149;39.3;7.95;3.99;2.39;0.41;1.37;5.77;121.6;98;9.3;2.7;11.5;0.6;0.36;0.11;0.13
8;50;100;50;100;17.61;4.72;13.15;4.41;4.47;0.235;59.9;19.01;10.45;5.08;0.85;2.91;7;185.3;133.2;32.3;5.8;14;1.9;1.92;0.28;0.38;1.52;1.55;0.153;40.1;10.05;5.12;2.98;0.51;1.81;6.15;124.2;99.5;8.8;3.6;12.3;0.79;0.47;0.13;0.17
8;50;100;100;0;20.15;4.24;12.15;4.03;3.95;0.202;69;19.6;10.54;5.41;0.93;3.05;6.52;192.2;131.6;41.5;6.1;13;1.9;1.32;0.31;0.42;0.92;0.97;0.139;31;6.88;3.38;2.06;0.35;1.19;5.63;86.3;67;5.6;2.4;11.3;0.55;0.22;0.08;0.11
8;50;100;100;50;20.47;4.81;14.05;4.35;4.42;0.217;66.9;20.34;10.81;5.68;0.98;3.08;7.45;189.7;128;40.6;6.2;14.9;1.86;1.84;0.3;0.42;1.48;1.47;0.145;33.1;10.09;5.06;3.02;0.5;1.74;6.6;93.5;68.4;8.4;3.5;13.2;0.84;0.33;0.13;0.17
8;50;100;100;100;20.34;5.39;15.25;4.87;4.92;0.236;65.9;20.88;11.32;5.7;0.9;3.17;8.1;186.8;125.2;39;6.3;16.2;1.81;2.39;0.3;0.42;1.89;1.89;0.149;34.1;12.66;6.34;3.77;0.63;2.22;7.15;96.6;69.5;8.3;4.4;14.3;1.07;0.45;0.17;0.21
8;100;0;0;0;17.4;2.79;7.97;2.52;2.55;0.203;48.4;12.6;6.59;3.57;0.61;2;4.24;131.2;100.2;18.5;4;8.5;1.71;0.39;0.19;0.27;0.57;0.61;0.129;51.6;4.56;2.16;1.39;0.25;0.8;3.73;139.7;119.1;11.6;1.6;7.5;0.23;0.24;0.06;0.08
8;100;0;0;50;17.01;2.95;8.44;2.61;2.66;0.208;48.5;12.84;6.82;3.61;0.59;2.02;4.5;131.5;101.1;17.4;4;9;1.73;0.47;0.19;0.27;0.74;0.76;0.14;51.5;5.36;2.64;1.61;0.26;0.92;3.94;139.4;118.1;11.6;1.8;7.9;0.25;0.37;0.07;0.08
8;100;0;0;100;16.49;3.12;9.16;2.78;2.81;0.212;47.7;13.26;7.04;3.72;0.62;2.06;4.88;132.3;102.5;16;4.1;9.8;1.75;0.59;0.19;0.28;1.02;0.98;0.147;52.3;6.56;3.27;1.94;0.36;1.07;4.29;144.8;116.4;17.7;2.1;8.6;0.25;0.53;0.08;0.11
8;100;0;50;0;19.39;3.18;9.08;2.62;2.64;0.2;54.3;13.19;7.08;3.63;0.62;2.11;4.88;134.3;98.3;22;4.2;9.8;1.7;0.45;0.21;0.28;0.8;0.82;0.13;45.7;6.15;2.97;1.91;0.32;1.06;4.2;113;91;11.5;2.1;8.4;0.4;0.24;0.07;0.1
8;100;0;50;50;19.07;3.56;10.3;2.68;2.76;0.203;53.9;13.59;7.12;3.85;0.65;2.1;5.51;134.2;98.4;20.5;4.2;11;1.68;0.59;0.2;0.29;1.18;1.18;0.138;46.1;8.45;4.21;2.47;0.41;1.46;4.79;114.9;90.9;11.5;2.9;9.6;0.55;0.38;0.1;0.15
8;100;0;50;100;19.17;4.01;11.85;2.92;3.06;0.214;52.4;14.26;7.55;3.97;0.67;2.2;6.32;134.9;98;19.9;4.4;12.6;1.69;0.86;0.21;0.3;1.51;1.53;0.141;47.6;10.74;5.27;3.22;0.57;1.81;5.53;122.7;91.3;16.7;3.6;11.1;0.72;0.5;0.13;0.18
8;100;0;100;0;21.07;3.39;9.83;2.61;2.66;0.196;61.7;13.6;7.06;3.87;0.68;2.16;5.21;136.6;96.5;25.3;4.3;10.4;1.65;0.53;0.2;0.28;0.98;0.95;0.131;38.3;7.15;3.46;2.18;0.4;1.23;4.62;84.6;61.8;11.1;2.5;9.2;0.52;0.23;0.09;0.12
8;100;0;100;50;21.38;4.12;11.74;2.91;2.89;0.199;60.8;14.55;7.73;4.12;0.71;2.29;6.22;136.8;95.1;24.7;4.6;12.4;1.62;0.73;0.23;0.31;1.41;1.44;0.137;39.2;10.41;5.02;3.14;0.55;1.83;5.52;88.3;62.7;10.9;3.7;11;0.77;0.36;0.13;0.17
8;100;0;100;100;21.42;4.7;13.23;3.15;3.25;0.212;58.9;15.36;8.29;4.15;0.74;2.46;7.1;137.8;94.7;23.9;4.9;14.2;1.62;1.08;0.23;0.32;1.84;1.81;0.14;41.1;12.82;6.39;3.79;0.65;2.24;6.13;96.2;62.9;16.6;4.5;12.3;0.94;0.5;0.16;0.21
8;100;50;0;0;17.35;3.48;10.18;3.62;3.65;0.209;49.2;17.47;9.17;4.93;0.84;2.68;5.51;135.6;100.9;18.4;5.4;11;2.51;0.51;0.26;0.37;0.67;0.68;0.139;50.8;4.79;2.38;1.4;0.26;0.8;4.67;139.9;118.3;10.7;1.6;9.3;0.23;0.32;0.06;0.08
8;100;50;0;50;17.06;3.83;10.75;3.89;3.87;0.215;48.1;18.06;9.76;4.89;0.86;2.83;5.72;135.4;101.1;17.2;5.7;11.4;2.52;0.7;0.29;0.36;0.94;0.88;0.152;51.9;5.77;3;1.63;0.28;1.01;5.03;146.2;118;16.1;2;10.1;0.25;0.48;0.07;0.09
8;100;50;0;100;16.96;4.05;11.42;4.15;4.18;0.224;48.3;18.7;10.11;5.02;0.86;2.93;6.12;136.4;102;16.3;5.9;12.2;2.56;0.96;0.28;0.37;1.11;1.14;0.165;51.7;6.84;3.4;2.07;0.36;1.12;5.3;146.1;116.9;16.4;2.2;10.6;0.25;0.69;0.09;0.12
8;100;50;50;0;19.3;3.99;11.29;3.67;3.72;0.205;54.7;18.21;9.65;5.02;0.87;2.88;6.09;137.9;97.9;22;5.8;12.2;2.44;0.62;0.27;0.4;0.87;0.88;0.138;45.3;6.31;3.11;1.89;0.3;1.1;5.2;114.2;91.4;10.2;2.2;10.4;0.4;0.3;0.07;0.11
8;100;50;50;50;19.55;4.55;12.82;3.95;4.02;0.211;52.9;19.11;10.15;5.27;0.91;2.96;6.87;137.8;97.1;21;5.9;13.7;2.44;0.9;0.29;0.4;1.22;1.27;0.145;47.1;8.69;4.3;2.66;0.4;1.59;5.95;122.6;92.1;15.4;3.2;11.9;0.56;0.46;0.11;0.14
8;100;50;50;100;19.11;4.9;13.94;4.43;4.42;0.225;54.2;19.65;10.73;5.3;0.89;2.98;7.46;147.4;96.4;30.1;6;14.9;2.43;1.29;0.29;0.41;1.67;1.66;0.151;45.8;10.98;5.49;3.26;0.52;1.93;6.48;124.5;92.7;15;3.9;13;0.73;0.62;0.13;0.18
8;100;50;100;0;21.43;4.35;12.48;3.89;3.93;0.203;61.6;19.41;10.21;5.38;0.93;3;6.71;139.8;94.6;25.8;6;13.4;2.37;0.86;0.29;0.41;0.95;1.04;0.137;38.4;7.5;3.69;2.26;0.38;1.35;5.77;87.1;62.9;9.9;2.7;11.5;0.53;0.3;0.09;0.13
8;100;50;100;50;21.55;5.02;14.38;4.14;4.27;0.214;61.3;19.98;10.61;5.58;0.95;3.11;7.64;151.7;92.9;37.3;6.2;15.3;2.31;1.24;0.3;0.42;1.47;1.55;0.142;38.7;10.86;5.38;3.24;0.56;1.91;6.74;95.7;63.9;14.4;3.8;13.5;0.81;0.43;0.14;0.18
8;100;50;100;100;21.62;5.46;15.81;4.53;4.7;0.224;60.6;20.99;11.32;5.86;0.95;3.27;8.34;151.5;91.6;36.8;6.5;16.7;2.32;1.63;0.32;0.43;1.87;1.93;0.147;39.4;13.05;6.42;3.94;0.66;2.2;7.47;98.3;64.7;14.2;4.4;14.9;0.97;0.58;0.16;0.22
8;100;100;0;0;17.05;4.03;11.7;4.49;4.45;0.212;50.6;21;11.2;5.86;0.99;3.2;6.24;145.5;99.1;27.5;6.4;12.5;2.93;0.76;0.31;0.44;0.79;0.77;0.149;49.4;5.05;2.51;1.51;0.26;0.83;5.47;142.2;120.3;9.2;1.7;10.9;0.24;0.38;0.07;0.09
8;100;100;0;50;17.08;4.24;12.26;4.64;4.81;0.223;49.6;21.54;11.54;5.91;1.05;3.27;6.5;145.3;99.4;26.3;6.5;13;2.94;1.1;0.32;0.45;1.01;0.97;0.167;50.4;5.76;2.97;1.65;0.32;0.96;5.76;147.7;120;14.2;1.9;11.5;0.24;0.57;0.07;0.09
8;100;100;0;100;16.63;4.44;12.55;5.09;5.07;0.231;49.4;21.95;11.98;5.88;1.04;3.34;6.65;144.5;99.7;24.9;6.7;13.3;2.93;1.37;0.33;0.44;1.18;1.24;0.186;50.6;6.63;3.39;1.93;0.33;1.1;5.9;148;119.7;14.3;2.2;11.8;0.25;0.81;0.08;0.11
8;100;100;50;0;19.55;4.58;13.11;4.58;4.61;0.21;55.9;21.95;11.66;6.07;1.04;3.42;6.89;149.3;94.9;33.8;6.8;13.8;2.8;1.04;0.32;0.45;0.95;0.99;0.145;44.1;6.73;3.29;2.06;0.36;1.16;6.23;117.8;94;9;2.3;12.5;0.42;0.37;0.08;0.11
8;100;100;50;50;19.43;4.91;14.34;4.96;5.03;0.222;54.6;22.7;12.24;6.27;1.07;3.42;7.62;149;94.6;32.3;6.8;15.2;2.82;1.4;0.33;0.48;1.38;1.36;0.155;45.4;8.74;4.38;2.63;0.44;1.49;6.72;124;94.3;13.3;3;13.4;0.57;0.53;0.11;0.15
8;100;100;50;100;19.42;5.38;15.56;5.31;5.45;0.234;53.9;23.26;12.64;6.32;1.08;3.53;8.3;148.5;93.7;31.2;7.1;16.6;2.77;1.86;0.35;0.48;1.82;1.82;0.163;46.1;11.1;5.64;3.35;0.56;1.86;7.26;126.8;95.1;13.4;3.7;14.5;0.74;0.75;0.13;0.19
8;100;100;100;0;21.73;5.03;14.38;4.94;4.89;0.207;63.2;23.63;12.46;6.73;1.16;3.63;7.69;153.8;91;40.2;7.3;15.4;2.73;1.3;0.34;0.51;1.06;1.11;0.143;36.8;7.68;3.88;2.31;0.34;1.4;6.69;89.7;65;8.4;2.8;13.4;0.54;0.34;0.1;0.13
8;100;100;100;50;22.04;5.47;16.05;5.18;5.27;0.22;61.2;23.97;12.83;6.58;1.18;3.6;8.56;153.3;89.8;39.1;7.2;17.1;2.67;1.76;0.35;0.5;1.61;1.65;0.149;38.8;11;5.4;3.41;0.53;1.87;7.48;97.2;65.8;12.8;3.7;15;0.81;0.52;0.13;0.19
8;100;100;100;100;21.83;5.97;17.12;5.78;5.75;0.235;60.2;24.48;13.4;6.53;1.13;3.68;9.08;151.2;88;37.7;7.4;18.2;2.62;2.29;0.35;0.49;2.05;2.1;0.155;39.8;13.43;6.71;3.98;0.68;2.29;8.04;100.1;66.8;12.6;4.6;16.1;1.02;0.7;0.15;0.23
9;0;0;0;0;13.9;1.73;5.17;1.42;1.41;0.185;63.4;7.64;3.91;2.26;0.39;1.17;2.74;224.4;196.2;20.3;2.3;5.5;0.72;0.42;0.12;0.16;0.4;0.4;0.116;36.6;3.16;1.49;1;0.16;0.56;2.42;129.5;119.1;4.5;1.1;4.8;0.22;0.09;0.04;0.05
9;0;0;0;50;13.26;1.88;5.39;1.52;1.53;0.193;63.1;7.93;4.12;2.22;0.4;1.24;2.91;222.9;195.7;18.9;2.5;5.8;0.72;0.51;0.12;0.18;0.44;0.46;0.122;36.9;3.58;1.76;1.08;0.2;0.64;2.48;130.2;119.4;4.5;1.3;5;0.23;0.12;0.04;0.06
9;0;0;0;100;12.93;2;5.82;1.71;1.72;0.205;62.6;8.37;4.45;2.37;0.39;1.28;3.15;222.9;196.1;17.9;2.6;6.3;0.73;0.69;0.13;0.18;0.53;0.54;0.13;37.4;4.04;1.99;1.22;0.22;0.72;2.66;132.8;119.1;6.9;1.4;5.3;0.23;0.19;0.05;0.07
9;0;0;50;0;15.99;2.12;6.2;1.48;1.49;0.181;68.6;8.24;4.26;2.33;0.4;1.3;3.24;224.8;191.9;23.9;2.6;6.5;0.7;0.48;0.13;0.18;0.59;0.59;0.122;31.4;4.72;2.27;1.47;0.23;0.82;2.96;103;91.1;4.4;1.6;5.9;0.37;0.09;0.06;0.08
9;0;0;50;50;15.94;2.65;7.43;1.74;1.7;0.188;68;9.06;4.77;2.56;0.45;1.48;4.03;224;189.9;23.1;3;8.1;0.72;0.65;0.14;0.19;0.86;0.84;0.126;32;6.58;3.26;1.87;0.35;1.17;3.4;105.5;91.9;4.5;2.3;6.8;0.52;0.13;0.08;0.11
9;0;0;50;100;16.1;3.07;8.72;2.01;2.03;0.206;66.5;9.86;5.23;2.74;0.47;1.55;4.72;220.7;185.5;22.6;3.1;9.4;0.69;0.99;0.15;0.21;1.06;1.1;0.128;33.5;8.53;4.12;2.61;0.42;1.51;4;111.2;93.7;6.5;3;8;0.67;0.17;0.11;0.14
9;0;0;100;0;18.02;2.43;7.16;1.6;1.57;0.176;75.2;8.89;4.56;2.62;0.44;1.41;3.79;226.9;189;27.4;2.8;7.6;0.69;0.56;0.14;0.19;0.77;0.75;0.124;24.8;5.89;2.87;1.81;0.31;1.02;3.37;74.8;61.6;4.3;2;6.7;0.48;0.09;0.08;0.1
9;0;0;100;50;18.33;3.17;8.88;1.88;1.84;0.183;74;10.04;5.24;2.83;0.51;1.62;4.87;223.6;183.6;26.9;3.2;9.7;0.68;0.79;0.16;0.22;0.97;1.08;0.125;26;8.53;4;2.68;0.43;1.54;4.01;78.5;63.1;4.3;3.1;8;0.71;0.12;0.12;0.13
9;0;0;100;100;18.41;3.57;10.49;2.24;2.29;0.204;72.2;11.24;5.91;3.17;0.56;1.71;5.55;219.2;178;26.6;3.4;11.1;0.67;1.2;0.18;0.24;1.35;1.35;0.126;27.8;10.57;5.13;3.2;0.56;1.86;4.95;84.2;64.7;5.9;3.7;9.9;0.88;0.16;0.12;0.18
9;0;50;0;0;13.63;1.96;5.63;1.61;1.61;0.185;62.7;8.72;4.5;2.49;0.4;1.38;3.02;221.1;192.1;20.3;2.8;6;0.73;0.56;0.13;0.19;0.41;0.41;0.117;37.3;3.2;1.56;0.96;0.16;0.58;2.61;131.5;121.4;3.7;1.2;5.2;0.23;0.09;0.04;0.05
9;0;50;0;50;13.38;2.09;6;1.81;1.9;0.202;62.1;9.4;4.86;2.71;0.45;1.47;3.21;218.7;189.4;19.9;2.9;6.4;0.69;0.86;0.15;0.21;0.47;0.47;0.127;37.9;3.48;1.7;1.08;0.18;0.61;2.79;133.1;122.8;3.5;1.2;5.6;0.23;0.14;0.04;0.06
9;0;50;0;100;12.68;2.21;6.23;2.1;2.13;0.218;61.4;9.77;5.18;2.72;0.43;1.5;3.26;216.1;188.1;18.4;3;6.5;0.72;1.07;0.15;0.19;0.51;0.54;0.137;38.6;3.8;1.88;1.15;0.21;0.7;2.97;135.8;123.5;5;1.4;5.9;0.25;0.19;0.05;0.06
9;0;50;50;0;15.91;2.5;7.12;1.84;1.81;0.18;67.8;10.06;5.19;2.94;0.54;1.62;3.87;221.6;186.2;24.4;3.2;7.7;0.72;0.71;0.16;0.23;0.58;0.62;0.125;32.2;4.83;2.33;1.48;0.24;0.88;3.25;105;93.4;3.4;1.8;6.5;0.39;0.09;0.06;0.09
9;0;50;50;50;15.94;2.87;8.28;2.13;2.17;0.199;66.6;10.91;5.74;3.04;0.5;1.7;4.44;217.4;181.4;23.7;3.4;8.9;0.69;1.07;0.16;0.24;0.82;0.86;0.128;33.4;6.66;3.19;2.05;0.35;1.17;3.84;108.7;95.4;3.4;2.3;7.7;0.54;0.13;0.08;0.11
9;0;50;50;100;15.95;3.23;9.4;2.51;2.56;0.221;66.6;11.54;6.23;3.15;0.54;1.77;5.04;226.2;178.2;34.4;3.5;10.1;0.66;1.48;0.18;0.23;1.11;1.13;0.131;33.4;8.5;4.12;2.6;0.42;1.46;4.36;113.3;96.7;4.9;2.9;8.7;0.69;0.19;0.1;0.14
9;0;50;100;0;18.28;2.89;8.07;2.11;2.03;0.18;74;11.26;5.84;3.22;0.56;1.85;4.28;220.1;179.3;28.5;3.7;8.6;0.67;0.94;0.18;0.24;0.71;0.73;0.124;26;5.77;2.77;1.8;0.31;1.04;3.79;77.2;64.3;3.3;2.1;7.6;0.48;0.08;0.07;0.1
9;0;50;100;50;18.7;3.6;10.13;2.46;2.52;0.202;73.8;12.45;6.58;3.53;0.61;2.04;5.49;230.6;173.4;42.1;4.1;11;0.64;1.41;0.2;0.27;1.15;1.12;0.127;26.2;8.74;4.3;2.69;0.46;1.57;4.64;81.6;65.9;3.2;3.1;9.3;0.74;0.12;0.11;0.15
9;0;50;100;100;18.88;4.05;11.41;2.87;2.96;0.22;72.2;13.44;7.18;3.73;0.65;2.12;6.05;225.5;167.5;41.6;4.2;12.1;0.62;1.85;0.21;0.28;1.41;1.41;0.13;27.8;10.81;5.29;3.29;0.56;1.93;5.36;86.7;67.5;4.6;3.9;10.7;0.92;0.17;0.13;0.18
9;0;100;0;0;13.74;2.17;6.42;2.04;2.07;0.194;62.7;10.64;5.43;3.12;0.51;1.63;3.45;226.9;184.6;32.1;3.3;6.9;0.71;0.96;0.16;0.24;0.43;0.41;0.123;37.3;3.12;1.53;0.95;0.15;0.54;2.97;135;125.5;2.5;1.1;5.9;0.23;0.09;0.04;0.06
9;0;100;0;50;13.14;2.33;6.54;2.33;2.37;0.216;62.3;10.94;5.89;3.06;0.5;1.68;3.53;224.4;184;30;3.4;7.1;0.71;1.26;0.16;0.23;0.47;0.47;0.132;37.7;3.36;1.72;0.93;0.17;0.65;3.01;135.7;125.8;2.5;1.3;6;0.24;0.13;0.05;0.05
9;0;100;0;100;12.91;2.46;6.79;2.7;2.72;0.234;61.5;11.66;6.4;3.07;0.53;1.77;3.69;221.2;181.3;29;3.5;7.4;0.71;1.6;0.17;0.24;0.54;0.56;0.141;38.5;3.74;1.87;1.09;0.21;0.69;3.1;138.6;127.3;3.8;1.4;6.2;0.26;0.19;0.05;0.06
9;0;100;50;0;16.38;2.78;7.96;2.39;2.42;0.197;67.7;12.27;6.47;3.38;0.58;1.93;4.34;227.8;176.8;38.5;3.9;8.7;0.7;1.27;0.19;0.27;0.56;0.61;0.125;32.3;4.73;2.27;1.47;0.25;0.85;3.62;108.7;97.3;2.5;1.7;7.2;0.39;0.08;0.06;0.08
9;0;100;50;50;16.12;3.18;9.1;2.72;2.75;0.214;66.6;12.85;6.93;3.51;0.63;2;4.88;223.4;173;36.6;4;9.8;0.67;1.62;0.19;0.27;0.86;0.89;0.13;33.4;6.71;3.25;2.03;0.32;1.19;4.22;112;98.8;2.4;2.4;8.4;0.56;0.13;0.09;0.11
9;0;100;50;100;16.2;3.56;10.11;3.25;3.25;0.24;65.4;13.57;7.54;3.63;0.61;2.08;5.5;220.2;168.9;36.1;4.2;11;0.64;2.14;0.2;0.28;1.15;1.13;0.133;34.6;8.42;4.14;2.54;0.43;1.48;4.61;116.2;100.5;3.5;3;9.2;0.71;0.17;0.11;0.14
9;0;100;100;0;18.59;3.27;9.19;2.65;2.7;0.194;74;13.87;7.28;3.86;0.68;2.19;4.93;227.9;169.1;44.6;4.4;9.9;0.66;1.52;0.22;0.3;0.73;0.76;0.126;26;5.91;2.9;1.8;0.31;1.08;4.25;80;67.1;2.2;2.2;8.5;0.51;0.08;0.08;0.1
9;0;100;100;50;18.91;3.94;11.18;3.04;3.12;0.213;72.4;14.68;7.91;3.94;0.67;2.32;5.89;223.1;163.2;43.5;4.6;11.8;0.64;1.97;0.22;0.29;1.21;1.19;0.128;27.6;9.18;4.51;2.81;0.46;1.61;5.29;84.7;68.7;2.2;3.2;10.6;0.8;0.12;0.12;0.16
9;0;100;100;100;19.19;4.44;12.63;3.77;3.82;0.24;70.9;15.94;8.79;4.31;0.71;2.42;6.79;218.6;157.2;43;4.8;13.6;0.62;2.63;0.24;0.33;1.38;1.48;0.13;29.1;11.23;5.46;3.43;0.58;2.02;5.84;89.4;70.4;3.3;4;11.7;0.98;0.17;0.14;0.19
9;50;0;0;0;15.7;2.37;6.75;2.12;2.13;0.2;57.7;10.65;5.62;2.99;0.53;1.72;3.59;180.4;149.9;19.9;3.4;7.2;1.32;0.42;0.16;0.23;0.4;0.47;0.12;42.3;3.69;1.72;1.16;0.2;0.65;3.16;132.4;117.2;7.6;1.3;6.3;0.21;0.15;0.05;0.06
9;50;0;0;50;15.25;2.55;7.09;2.3;2.29;0.206;57.7;11.13;5.93;3.09;0.52;1.78;3.85;180.6;150.6;18.8;3.6;7.7;1.36;0.52;0.17;0.23;0.56;0.58;0.127;42.3;4.36;2.16;1.31;0.22;0.78;3.24;132.2;116.6;7.5;1.6;6.5;0.23;0.22;0.06;0.07
9;50;0;0;100;14.69;2.66;7.53;2.4;2.43;0.215;56.9;11.32;6.05;3.13;0.58;1.78;3.93;179.8;150.9;17.5;3.6;7.9;1.35;0.68;0.17;0.23;0.72;0.71;0.137;43.1;5.03;2.47;1.54;0.28;0.89;3.6;136.4;116.4;11;1.8;7.2;0.24;0.33;0.06;0.09
9;50;0;50;0;17.55;2.68;7.66;2.19;2.18;0.197;63.4;11.03;5.85;3.09;0.52;1.75;4.12;182.6;147.7;23.1;3.5;8.2;1.3;0.47;0.16;0.25;0.65;0.67;0.124;36.6;5.28;2.54;1.62;0.29;0.93;3.55;105.5;89;7.5;1.9;7.1;0.36;0.15;0.07;0.09
9;50;0;50;50;17.49;3.04;9.02;2.3;2.34;0.201;62.7;11.63;6.11;3.24;0.57;1.76;4.83;181.7;146.3;22.3;3.5;9.7;1.29;0.62;0.18;0.25;0.91;0.94;0.127;37.3;7.32;3.54;2.28;0.36;1.28;4.18;108.2;89.8;7.4;2.6;8.4;0.51;0.22;0.09;0.12
9;50;0;50;100;17.61;3.62;10.16;2.66;2.66;0.215;61.2;12.38;6.69;3.37;0.57;1.94;5.43;180.8;144.4;21.7;3.9;10.9;1.27;0.94;0.19;0.25;1.22;1.24;0.132;38.8;9.3;4.49;2.93;0.43;1.68;4.74;114.6;90.8;10.9;3.4;9.5;0.65;0.32;0.12;0.15
9;50;0;100;0;19.52;2.95;8.55;2.23;2.29;0.193;70.3;11.84;6.22;3.36;0.56;1.89;4.51;184.6;145.1;26.8;3.8;9;1.3;0.55;0.17;0.26;0.81;0.79;0.124;29.7;6.26;3;1.93;0.32;1.06;4.05;77.9;60.4;7.3;2.1;8.1;0.46;0.15;0.07;0.11
9;50;0;100;50;19.91;3.73;10.45;2.58;2.53;0.196;69.1;12.91;6.82;3.59;0.65;2.07;5.61;183.1;141.1;26.7;4.1;11.2;1.26;0.79;0.2;0.28;1.11;1.17;0.127;30.9;9.14;4.46;2.69;0.54;1.66;4.84;81.8;61.9;6.9;3.3;9.7;0.69;0.21;0.11;0.15
9;50;0;100;100;19.84;4.13;11.81;2.73;2.85;0.211;67.5;13.49;7.1;3.8;0.68;2.1;6.42;182.6;140;25.5;4.2;12.8;1.21;1.15;0.2;0.29;1.54;1.52;0.131;32.5;11.54;5.67;3.45;0.58;2.03;5.38;87.8;62.3;10.7;4.1;10.8;0.86;0.32;0.14;0.2
9;50;50;0;0;15.47;2.77;7.8;2.81;2.78;0.205;57.6;13.54;7.3;3.65;0.65;2.13;4.14;180.9;148.6;19.7;4.3;8.3;1.73;0.55;0.21;0.28;0.49;0.49;0.125;42.4;3.71;1.81;1.13;0.18;0.64;3.66;133.3;118.1;6.7;1.3;7.3;0.21;0.17;0.04;0.06
9;50;50;0;50;15.09;2.96;8.48;3.09;3.09;0.215;57.2;14.37;7.64;3.99;0.66;2.21;4.6;180.2;147.5;19.1;4.4;9.2;1.73;0.84;0.21;0.31;0.62;0.62;0.135;42.8;4.42;2.14;1.33;0.23;0.75;3.88;134.6;118.9;6.4;1.5;7.8;0.23;0.26;0.06;0.07
9;50;50;0;100;14.86;3.18;9.01;3.27;3.36;0.225;56.6;14.92;8.1;4.11;0.71;2.35;4.81;180.3;147.8;18.1;4.7;9.6;1.77;1.06;0.22;0.31;0.79;0.77;0.149;43.4;4.98;2.5;1.46;0.24;0.83;4.2;138.3;118.7;9.6;1.7;8.4;0.24;0.38;0.06;0.08
9;50;50;50;0;17.62;3.3;9.22;2.95;2.95;0.201;62.9;14.72;7.81;4.13;0.67;2.35;4.9;182.4;144.3;23.6;4.7;9.8;1.72;0.68;0.23;0.32;0.66;0.68;0.126;37.1;5.26;2.58;1.62;0.27;0.95;4.32;107.6;90.9;6.2;1.9;8.6;0.36;0.16;0.07;0.09
9;50;50;50;50;17.69;3.71;10.62;3.26;3.29;0.212;62;15.55;8.32;4.3;0.73;2.43;5.73;180.8;141.4;23.1;4.9;11.5;1.67;1.06;0.23;0.33;0.93;0.97;0.132;38;7.29;3.58;2.23;0.37;1.28;4.89;110.9;92.4;6.1;2.6;9.8;0.51;0.25;0.1;0.12
9;50;50;50;100;17.52;4.07;11.74;3.53;3.62;0.227;62;15.95;8.56;4.34;0.76;2.42;6.31;190.4;139.9;33.1;4.8;12.6;1.65;1.4;0.24;0.34;1.26;1.31;0.138;38;9.41;4.67;2.83;0.49;1.66;5.43;116.7;93.3;9.3;3.3;10.9;0.68;0.36;0.12;0.16
9;50;50;100;0;19.69;3.57;10.5;3.19;3.17;0.199;69.5;15.92;8.36;4.54;0.75;2.45;5.67;183.7;140;27.4;4.9;11.3;1.68;0.9;0.24;0.35;0.82;0.83;0.125;30.5;6.46;3.1;2.05;0.32;1.12;4.83;80.4;62.3;6.2;2.2;9.7;0.48;0.16;0.08;0.11
9;50;50;100;50;20.09;4.38;12.3;3.47;3.57;0.213;69.8;16.78;9.01;4.69;0.81;2.69;6.63;195.3;136;40.6;5.4;13.3;1.61;1.35;0.26;0.35;1.2;1.22;0.129;30.2;9.35;4.51;2.81;0.49;1.69;5.67;84.4;63.8;5.9;3.4;11.3;0.72;0.23;0.12;0.15
9;50;50;100;100;20.33;4.79;13.55;3.97;4;0.225;68.1;17.75;9.62;4.87;0.81;2.72;7.37;193;132.7;40.1;5.4;14.7;1.56;1.79;0.27;0.37;1.58;1.59;0.135;31.9;11.64;5.65;3.62;0.59;2.07;6.18;90.3;65;8.8;4.1;12.4;0.89;0.35;0.15;0.19
9;50;100;0;0;15.74;3.46;9.56;3.64;3.72;0.213;58.4;17.5;9.3;4.89;0.81;2.75;5.1;191.7;144.7;31.3;5.5;10.2;2.16;0.94;0.27;0.35;0.56;0.54;0.133;41.6;3.79;1.91;1.09;0.2;0.7;4.47;136.6;120.9;5.3;1.4;8.9;0.22;0.2;0.05;0.07
9;50;100;0;50;15.13;3.39;9.8;3.94;4;0.226;57.5;17.72;9.47;4.92;0.84;2.65;5.27;189.4;144.4;29.1;5.3;10.5;2.14;1.23;0.25;0.38;0.67;0.66;0.15;42.5;4.27;2.16;1.26;0.18;0.74;4.52;139.8;121.2;8.1;1.5;9;0.23;0.32;0.05;0.07
9;50;100;0;100;14.92;3.68;10.31;4.33;4.39;0.236;57.2;18.58;10.3;4.92;0.85;2.89;5.49;188.7;144;27.9;5.8;11;2.19;1.54;0.28;0.38;0.82;0.82;0.167;42.8;4.79;2.47;1.39;0.25;0.8;4.83;140.9;121.4;8.2;1.6;9.7;0.24;0.45;0.06;0.08
9;50;100;50;0;18.05;3.89;10.91;3.96;4.01;0.213;63.6;18.84;10.1;5.15;0.9;2.97;5.91;193.7;139;36.9;5.9;11.8;2.09;1.23;0.29;0.4;0.72;0.72;0.132;36.4;5.3;2.55;1.65;0.24;0.92;5;110.9;93.8;5.3;1.8;10;0.37;0.2;0.07;0.08
9;50;100;50;50;17.82;4.19;12.04;4.37;4.3;0.224;62.4;19.24;10.4;5.25;0.9;2.92;6.51;191.9;137.7;35.3;5.8;13;2.08;1.54;0.28;0.39;1.04;1.04;0.14;37.6;7.37;3.64;2.25;0.35;1.27;5.53;115.7;94.5;7.6;2.5;11.1;0.53;0.3;0.09;0.12
9;50;100;50;100;17.51;4.52;13.11;4.68;4.68;0.24;61.1;19.51;10.63;5.23;0.89;2.84;6.97;188;134.6;33.7;5.7;13.9;2;2.01;0.28;0.39;1.34;1.4;0.145;38.9;9.58;4.66;2.95;0.47;1.68;6.14;119.4;96.2;7.6;3.4;12.3;0.71;0.41;0.13;0.15
9;50;100;100;0;20.36;4.19;12.22;4.15;4.21;0.209;70;20.14;10.66;5.64;0.93;3.04;6.52;195.3;133.2;43;6.1;13;2.01;1.48;0.29;0.43;0.84;0.87;0.132;30;6.54;3.18;1.93;0.38;1.15;5.7;83.6;64.8;5.1;2.3;11.4;0.49;0.19;0.08;0.11
9;50;100;100;50;20.58;4.87;13.9;4.51;4.55;0.221;68.2;20.59;11.07;5.69;0.96;3.16;7.39;192.8;129.5;42.2;6.3;14.8;1.91;1.91;0.31;0.42;1.28;1.33;0.136;31.8;9.66;4.72;2.92;0.53;1.71;6.51;90;66.1;7.4;3.4;13;0.75;0.28;0.13;0.16
9;50;100;100;100;20.59;5.3;15.12;5.14;5.16;0.24;67.1;21.51;11.88;5.64;0.96;3.27;8.09;189.6;125.5;41.4;6.5;16.2;1.87;2.53;0.33;0.43;1.56;1.66;0.14;32.9;11.81;5.78;3.66;0.6;2.03;7.03;92.9;67.6;7.1;4.1;14.1;0.93;0.39;0.15;0.2
9;100;0;0;0;17.28;2.79;7.94;2.71;2.71;0.209;50.1;12.97;6.96;3.54;0.64;2.02;4.31;134.3;102.3;19.4;4;8.6;1.84;0.4;0.2;0.28;0.56;0.56;0.125;49.9;4.33;2.13;1.33;0.22;0.77;3.63;134;114.4;10.8;1.5;7.3;0.21;0.22;0.06;0.07
9;100;0;0;50;16.85;2.97;8.57;2.79;2.86;0.213;50.1;13.44;7.21;3.63;0.65;2.08;4.59;134.6;103.1;18.2;4.2;9.2;1.86;0.51;0.2;0.29;0.7;0.69;0.13;49.9;5.16;2.53;1.55;0.25;0.89;3.98;133.9;113.5;10.7;1.8;8;0.22;0.33;0.06;0.09
9;100;0;0;100;16.66;3.28;9.12;3.08;3.06;0.22;49.3;13.95;7.61;3.83;0.63;2.2;4.95;135.5;104;17.2;4.4;9.9;1.88;0.68;0.21;0.29;0.9;0.9;0.144;50.7;6.2;3.04;1.81;0.32;1.07;4.17;139.1;112.5;16.1;2.1;8.3;0.23;0.49;0.08;0.1
9;100;0;50;0;19.27;3.06;8.99;2.79;2.75;0.205;55.8;13.43;7.1;3.8;0.61;2.06;4.83;136.7;100.1;22.8;4.1;9.7;1.78;0.47;0.2;0.29;0.73;0.74;0.125;44.2;5.84;2.8;1.83;0.3;1;4.16;108.3;87.5;10.5;2;8.3;0.36;0.21;0.07;0.1
9;100;0;50;50;19.21;3.67;10.36;2.98;2.93;0.209;55.5;14.04;7.55;3.97;0.64;2.17;5.55;137.7;100.6;21.7;4.3;11.1;1.81;0.61;0.21;0.3;1.07;1.07;0.131;44.5;8.12;4.01;2.44;0.44;1.5;4.81;110.4;87.1;10.6;3;9.6;0.48;0.34;0.11;0.14
9;100;0;50;100;19.2;4.02;11.68;3.14;3.21;0.219;53.9;14.65;7.93;3.98;0.71;2.25;6.23;137.9;99.9;21;4.5;12.5;1.79;0.91;0.21;0.3;1.43;1.41;0.136;46.1;10.29;5.09;3.12;0.5;1.77;5.45;117.8;87.7;15.6;3.5;10.9;0.62;0.48;0.13;0.18
9;100;0;100;0;21.23;3.38;9.84;2.83;2.84;0.201;63.3;14.18;7.51;4.01;0.66;2.21;5.27;139.7;98.3;26.5;4.4;10.5;1.78;0.55;0.21;0.3;0.83;0.86;0.125;36.7;6.78;3.25;2.08;0.36;1.17;4.57;81.1;59.5;10.2;2.3;9.1;0.46;0.21;0.09;0.11
9;100;0;100;50;21.5;4.06;11.48;3.12;3.02;0.204;62.3;14.84;7.93;4.02;0.69;2.32;6.08;139.9;97.2;25.9;4.6;12.2;1.75;0.75;0.22;0.3;1.28;1.26;0.128;37.7;9.79;4.76;2.99;0.53;1.74;5.4;84.5;60.1;10.2;3.5;10.8;0.67;0.31;0.11;0.17
9;100;0;100;100;21.5;4.55;13.29;3.45;3.43;0.216;60.3;15.88;8.47;4.42;0.76;2.4;7.19;140.2;96.2;24.9;4.8;14.4;1.73;1.12;0.25;0.33;1.62;1.65;0.133;39.7;12.29;5.97;3.75;0.68;2.15;6.1;92.2;60.7;15.1;4.3;12.2;0.83;0.46;0.15;0.21
9;100;50;0;0;17.5;3.52;10.24;3.78;3.82;0.214;50.3;17.9;9.47;5;0.86;2.7;5.41;137.5;101.8;19.6;5.4;10.8;2.64;0.55;0.25;0.38;0.6;0.61;0.129;49.7;4.53;2.24;1.37;0.24;0.82;4.83;135.9;115;9.6;1.6;9.7;0.21;0.26;0.06;0.08
9;100;50;0;50;17;3.76;10.93;4.06;4.13;0.223;49.7;18.58;10.03;5.16;0.88;2.84;5.89;138.6;103.1;18;5.7;11.8;2.68;0.77;0.28;0.4;0.83;0.82;0.147;50.3;5.49;2.7;1.64;0.28;0.92;5.04;140.4;113.5;14.9;1.8;10.1;0.22;0.45;0.06;0.09
9;100;50;0;100;16.47;3.92;11.2;4.2;4.32;0.229;49.5;18.85;10.16;5.13;0.86;2.85;6;137.9;103.3;16.9;5.7;12;2.67;0.98;0.28;0.38;1.03;1.01;0.159;50.5;6.29;3.13;1.85;0.32;1.06;5.2;140.4;113.3;14.6;2.1;10.4;0.23;0.61;0.07;0.1
9;100;50;50;0;19.53;3.99;11.4;3.96;3.92;0.209;55.9;18.73;10.08;5.21;0.86;2.92;6.13;140.3;99.4;22.9;5.8;12.3;2.56;0.68;0.28;0.39;0.82;0.81;0.129;44.1;6.2;3.02;1.92;0.32;1.07;5.27;110.5;88.1;9.7;2.1;10.5;0.37;0.26;0.08;0.11
9;100;50;50;50;19.48;4.46;12.67;4.29;4.29;0.218;54.2;19.65;10.63;5.34;0.89;3;6.82;139.9;97.9;22.4;6;13.6;2.55;1.02;0.3;0.41;1.12;1.15;0.139;45.8;8.22;4.11;2.39;0.42;1.46;5.86;118;89.4;14;2.9;11.7;0.51;0.4;0.11;0.13
9;100;50;50;100;19.34;4.83;13.81;4.7;4.62;0.23;55.3;20.13;11.05;5.36;0.91;3;7.28;149.5;96.8;32.2;6;14.6;2.52;1.4;0.29;0.41;1.53;1.51;0.144;44.7;10.39;5.15;3.19;0.51;1.83;6.53;120.8;90.3;13.8;3.7;13.1;0.65;0.56;0.14;0.17
9;100;50;100;0;21.57;4.21;12.26;4.11;4.09;0.208;63.1;19.71;10.52;5.36;0.94;3;6.63;142.6;96.4;27;6;13.3;2.5;0.89;0.29;0.41;0.92;0.9;0.128;36.9;6.93;3.37;2.1;0.38;1.22;5.63;83.3;60.6;9.1;2.4;11.3;0.45;0.25;0.08;0.11
9;100;50;100;50;21.99;4.97;14.4;4.42;4.54;0.218;62.7;20.85;11.15;5.79;0.99;3.21;7.72;155.3;93.6;39.8;6.4;15.4;2.45;1.35;0.3;0.45;1.32;1.37;0.135;37.3;10.1;4.91;3.05;0.57;1.76;6.68;92.3;62.1;13.3;3.5;13.4;0.7;0.39;0.12;0.16
9;100;50;100;100;21.81;5.4;15.88;4.65;4.88;0.228;62;21.39;11.47;5.94;1.01;3.23;8.45;154.7;92.9;38.4;6.5;16.9;2.43;1.69;0.31;0.45;1.69;1.75;0.14;38;12.43;6.11;3.87;0.61;2.18;7.42;94.6;62.5;13;4.4;14.8;0.86;0.53;0.15;0.21
9;100;100;0;0;17.5;4.05;11.74;4.71;4.74;0.219;52;21.64;11.72;5.88;1;3.31;6.25;149.2;100.2;29.9;6.6;12.5;3.07;0.9;0.33;0.44;0.73;0.68;0.142;48;4.61;2.31;1.33;0.24;0.74;5.49;137.6;116.7;8.5;1.5;11;0.21;0.34;0.05;0.07
9;100;100;0;50;16.97;4.28;12.26;5.04;5.05;0.229;51.1;22.05;12;5.97;1.03;3.34;6.54;148.4;100.8;27.8;6.7;13.1;3.11;1.17;0.32;0.45;0.92;0.9;0.161;48.9;5.49;2.82;1.6;0.25;0.94;5.72;142.3;116;13;1.9;11.4;0.23;0.52;0.06;0.09
9;100;100;0;100;16.6;4.38;12.67;5.24;5.36;0.237;50.9;22.64;12.35;6.08;1.07;3.4;6.83;147.5;101;26.1;6.8;13.7;3.12;1.44;0.33;0.47;1.06;1.1;0.18;49.1;6.07;3.08;1.75;0.29;0.98;5.84;142.4;115.8;12.9;2;11.7;0.23;0.72;0.06;0.09
9;100;100;50;0;19.8;4.5;13.25;4.97;4.95;0.218;57.4;22.74;12.21;6.26;1.11;3.41;7.03;152.9;96.2;35.9;6.8;14.1;2.96;1.19;0.32;0.47;0.89;0.9;0.14;42.6;6.35;3.13;1.95;0.31;1.09;6.21;113.6;90.8;8.2;2.2;12.4;0.37;0.34;0.08;0.11
9;100;100;50;50;19.61;4.99;14.26;5.08;5.27;0.227;56;23.23;12.58;6.34;1.07;3.56;7.57;152.3;95.9;34.1;7.1;15.1;2.95;1.5;0.34;0.47;1.24;1.24;0.148;44;8.31;4.16;2.42;0.41;1.43;6.69;119.7;91;12.4;2.9;13.4;0.5;0.49;0.1;0.14
9;100;100;50;100;19.37;5.21;15.44;5.59;5.7;0.24;55.2;23.78;13.04;6.34;1.13;3.49;8.21;150.6;94.2;33;7;16.4;2.93;1.95;0.34;0.48;1.59;1.6;0.154;44.8;10.32;5.13;3.09;0.55;1.72;7.23;122;92.4;11.6;3.4;14.5;0.66;0.65;0.12;0.17
9;100;100;100;0;21.98;4.97;14.09;5.05;5.15;0.215;64.4;23.99;12.81;6.59;1.15;3.67;7.6;156.5;91.9;42;7.3;15.2;2.82;1.45;0.36;0.52;1.02;0.99;0.136;35.6;7.2;3.59;2.16;0.36;1.3;6.48;86.5;63;7.9;2.6;13;0.47;0.31;0.09;0.12
9;100;100;100;50;21.98;5.58;15.83;5.47;5.53;0.225;62.5;24.63;13.36;6.8;1.12;3.79;8.49;155.8;90.4;40.9;7.6;17;2.8;1.84;0.37;0.52;1.43;1.49;0.142;37.5;10.36;5.16;3.03;0.52;1.79;7.34;93.6;63.8;11.5;3.6;14.7;0.72;0.46;0.14;0.17
9;100;100;100;100;21.94;5.89;16.93;5.99;6.02;0.24;61.7;25.12;13.74;6.69;1.15;3.75;9.12;154.4;89.3;39.4;7.5;18.2;2.74;2.4;0.37;0.51;1.89;1.92;0.149;38.3;12.8;6.28;3.83;0.68;2.14;7.81;95.9;64.5;11.5;4.3;15.6;0.89;0.66;0.15;0.22
10;0;0;0;0;13.85;1.79;5.1;1.5;1.5;0.188;64.9;7.95;4.17;2.25;0.38;1.26;2.77;229.2;200;21.1;2.5;5.5;0.77;0.44;0.13;0.17;0.36;0.36;0.114;35.1;2.95;1.49;0.87;0.15;0.53;2.33;123.7;114.2;3.8;1.1;4.7;0.21;0.07;0.03;0.05
10;0;0;0;50;13.35;1.79;5.35;1.63;1.66;0.201;64.7;8.24;4.3;2.36;0.4;1.25;2.89;227.7;199.4;20;2.5;5.8;0.77;0.58;0.12;0.18;0.4;0.4;0.116;35.3;3.2;1.53;0.99;0.18;0.55;2.46;124.2;114.5;3.7;1.1;4.9;0.22;0.1;0.04;0.05
10;0;0;0;100;13.07;2.02;5.78;1.78;1.82;0.208;63.9;8.75;4.67;2.43;0.4;1.37;3.09;225.9;197.9;19;2.7;6.2;0.76;0.75;0.13;0.19;0.49;0.51;0.128;36.1;3.78;1.86;1.13;0.21;0.65;2.69;127.6;115.3;5.6;1.3;5.4;0.24;0.15;0.05;0.07
10;0;0;50;0;15.87;2.16;6.25;1.67;1.61;0.186;70.2;8.66;4.53;2.46;0.43;1.38;3.41;230.5;196.6;24.4;2.8;6.8;0.78;0.5;0.14;0.19;0.54;0.56;0.12;29.8;4.48;2.13;1.4;0.25;0.78;2.83;97.7;86.8;3.7;1.6;5.7;0.36;0.07;0.05;0.08
10;0;0;50;50;15.99;2.64;7.49;1.75;1.84;0.196;69.2;9.36;4.86;2.65;0.5;1.51;4;227.5;192.6;23.9;3;8;0.76;0.73;0.15;0.2;0.75;0.78;0.124;30.8;6.21;2.99;1.88;0.34;1.13;3.48;101.2;88.3;3.7;2.3;7;0.51;0.09;0.08;0.1
10;0;0;50;100;15.95;3.04;8.71;2.09;2.13;0.209;67.8;10.2;5.35;2.99;0.46;1.56;4.69;224.5;188.7;23.3;3.1;9.4;0.74;1.02;0.16;0.22;0.99;1.03;0.128;32.2;8;3.89;2.49;0.4;1.48;4.02;106.2;89.8;5.4;3;8;0.65;0.14;0.11;0.13
10;0;0;100;0;18.23;2.5;7.23;1.69;1.69;0.178;76.2;9.46;4.84;2.81;0.45;1.51;3.76;230.4;191.2;28.6;3;7.5;0.75;0.6;0.14;0.2;0.61;0.66;0.121;23.8;5.34;2.52;1.68;0.29;0.98;3.47;71.7;59.3;3.6;2;6.9;0.45;0.06;0.07;0.08
10;0;0;100;50;18.51;3.1;8.85;1.98;2;0.191;75.2;10.49;5.43;3.02;0.52;1.69;4.8;227.3;186.1;28.3;3.4;9.6;0.71;0.9;0.17;0.23;0.93;1;0.124;24.8;7.98;3.8;2.47;0.45;1.41;4.05;74.9;60.6;3.4;2.8;8.1;0.68;0.09;0.1;0.13
10;0;0;100;100;18.7;3.59;10.33;2.32;2.35;0.206;73.7;11.44;6.07;3.23;0.56;1.77;5.61;224.1;181.8;27.6;3.5;11.2;0.7;1.24;0.17;0.24;1.25;1.27;0.126;26.3;9.99;4.84;3.08;0.55;1.82;4.71;80;61.7;5.2;3.6;9.4;0.85;0.14;0.13;0.16
10;0;50;0;0;13.82;2.01;5.71;1.76;1.73;0.187;64.2;9.25;4.85;2.61;0.47;1.49;3.09;225.7;194.8;21.7;3;6.2;0.78;0.61;0.15;0.2;0.39;0.37;0.117;35.8;2.87;1.43;0.9;0.15;0.52;2.61;125.8;116.9;2.7;1;5.2;0.21;0.07;0.04;0.05
10;0;50;0;50;13.38;2.15;5.94;2.03;1.99;0.205;63.6;9.72;5.16;2.73;0.48;1.55;3.15;222.7;192.7;20.6;3.1;6.3;0.75;0.88;0.15;0.21;0.43;0.43;0.123;36.4;3.21;1.57;0.96;0.18;0.6;2.78;127.5;118;2.8;1.2;5.6;0.23;0.11;0.04;0.05
10;0;50;0;100;13.07;2.24;6.27;2.32;2.3;0.22;62.9;10.46;5.69;2.86;0.47;1.63;3.4;220.5;190.7;19.8;3.3;6.8;0.74;1.18;0.16;0.22;0.48;0.49;0.134;37.1;3.45;1.73;1.02;0.16;0.61;2.88;130;119;4.1;1.2;5.8;0.23;0.16;0.04;0.05
10;0;50;50;0;15.98;2.48;7.01;1.98;1.89;0.182;69.2;10.35;5.4;2.93;0.51;1.67;3.78;225.6;189.4;25.4;3.3;7.6;0.76;0.74;0.17;0.22;0.55;0.58;0.123;30.8;4.59;2.21;1.39;0.24;0.81;3.23;100.3;89.6;2.6;1.6;6.5;0.38;0.07;0.06;0.08
10;0;50;50;50;16.27;2.88;8.28;2.25;2.29;0.201;68;11.4;5.97;3.24;0.58;1.79;4.46;221.8;184;25.3;3.6;8.9;0.73;1.13;0.18;0.25;0.78;0.78;0.126;32;6.08;2.99;1.85;0.3;1.09;3.82;104;91.6;2.6;2.2;7.6;0.51;0.1;0.08;0.1
10;0;50;50;100;16.11;3.17;9.62;2.63;2.7;0.223;67.8;12.11;6.48;3.38;0.59;1.8;5.14;229.7;179.6;36.2;3.6;10.3;0.71;1.57;0.17;0.25;1.03;1.07;0.13;32.2;8.15;3.86;2.55;0.42;1.37;4.48;108.7;93.3;3.7;2.7;9;0.69;0.15;0.1;0.14
10;0;50;100;0;18.59;2.8;8.23;2.19;2.23;0.188;75.3;11.83;6.06;3.41;0.57;1.82;4.49;224.7;182.4;29.7;3.6;9;0.72;1.06;0.18;0.27;0.63;0.69;0.124;24.7;5.48;2.64;1.73;0.27;0.98;3.74;73.5;61.5;2.6;2;7.5;0.47;0.06;0.07;0.09
10;0;50;100;50;18.84;3.54;10.04;2.48;2.62;0.204;75;12.86;6.7;3.67;0.63;2.06;5.45;234.6;175.8;43.9;4.1;10.9;0.68;1.46;0.2;0.28;1;1.05;0.126;25;8.24;4.02;2.55;0.42;1.48;4.59;77.9;63.2;2.6;3;9.2;0.72;0.1;0.1;0.14
10;0;50;100;100;18.92;3.92;11.28;3.1;3.09;0.222;73.6;13.92;7.53;3.78;0.69;2.1;6.09;230;170.6;43.1;4.2;12.2;0.68;1.92;0.21;0.29;1.27;1.33;0.129;26.4;10.22;4.94;3.12;0.53;1.82;5.19;82.2;64.5;3.6;3.6;10.4;0.89;0.14;0.13;0.17
10;0;100;0;0;13.81;2.29;6.25;2.13;2.17;0.197;64.2;11;5.85;3.05;0.53;1.78;3.4;231.3;187.3;33.6;3.6;6.8;0.75;1;0.18;0.24;0.33;0.36;0.116;35.8;2.73;1.28;0.84;0.15;0.51;2.85;129.2;120.7;1.7;1;5.7;0.22;0.06;0.04;0.04
10;0;100;0;50;13.46;2.38;6.57;2.47;2.52;0.219;63.4;11.54;6.18;3.23;0.49;1.83;3.45;227.4;184.7;32.2;3.7;6.9;0.73;1.37;0.19;0.24;0.43;0.42;0.125;36.6;3.1;1.54;0.92;0.17;0.56;3.11;131.2;122.1;1.8;1.1;6.2;0.24;0.09;0.03;0.05
10;0;100;0;100;13.02;2.32;6.83;2.8;2.85;0.236;62.8;12.1;6.48;3.36;0.57;1.76;3.67;224.3;182.6;30.9;3.5;7.3;0.73;1.71;0.16;0.25;0.47;0.46;0.134;37.2;3.19;1.6;0.92;0.15;0.56;3.15;133;123.1;2.5;1.1;6.3;0.24;0.13;0.04;0.05
10;0;100;50;0;16.25;2.79;7.87;2.43;2.47;0.199;69;12.4;6.51;3.44;0.63;1.95;4.23;231.7;179.9;39.4;3.9;8.5;0.73;1.28;0.19;0.28;0.56;0.59;0.123;31;4.58;2.23;1.42;0.26;0.84;3.64;103.8;93.2;1.6;1.7;7.3;0.39;0.05;0.06;0.08
10;0;100;50;50;16.63;3.18;9.17;3.03;2.96;0.216;67.8;13.68;7.42;3.76;0.67;2.1;4.97;227;173.5;39.4;4.2;9.9;0.71;1.74;0.21;0.3;0.78;0.8;0.128;32.2;6.13;2.95;1.93;0.33;1.08;4.2;107.8;95.6;1.6;2.2;8.4;0.53;0.09;0.08;0.1
10;0;100;50;100;16.34;3.55;10.11;3.43;3.39;0.242;66.6;14.04;7.88;3.63;0.66;2.14;5.43;222.8;170;37.7;4.3;10.9;0.68;2.22;0.21;0.28;1.05;1.06;0.129;33.4;8.1;3.91;2.45;0.46;1.41;4.67;111.5;97;2.4;2.8;9.3;0.71;0.12;0.09;0.13
10;0;100;100;0;18.93;3.2;9.37;2.73;2.82;0.196;75.3;14.38;7.41;4.13;0.76;2.25;5.02;232.8;171.9;46.4;4.5;10;0.71;1.58;0.21;0.32;0.63;0.69;0.124;24.7;5.44;2.58;1.72;0.28;0.95;4.35;76.4;64.2;1.6;1.9;8.7;0.48;0.06;0.07;0.09
10;0;100;100;50;19.2;3.89;11.03;3.26;3.29;0.214;73.8;15.36;8.26;4.25;0.69;2.38;6.02;227.5;164.8;45.9;4.8;12;0.66;2.08;0.23;0.33;1;1.05;0.127;26.2;8.23;3.97;2.51;0.46;1.51;5.01;80.5;66;1.5;3;10;0.74;0.07;0.11;0.14
10;0;100;100;100;19.27;4.35;12.42;3.82;3.92;0.241;72.3;16.24;8.92;4.39;0.76;2.48;6.69;222.1;159.5;44.2;5;13.4;0.65;2.71;0.24;0.32;1.39;1.38;0.129;27.7;10.62;5.22;3.19;0.57;1.87;5.73;84.8;67.3;2.3;3.7;11.5;0.95;0.12;0.13;0.17
10;50;0;0;0;15.58;2.38;6.54;2.25;2.23;0.206;59.4;10.84;5.84;2.96;0.51;1.75;3.52;184.5;153.2;20.7;3.5;7;1.4;0.43;0.18;0.22;0.4;0.44;0.117;40.6;3.53;1.71;1.05;0.19;0.62;3.02;126.1;112.1;6.7;1.2;6;0.21;0.12;0.05;0.06
10;50;0;0;50;15.09;2.37;6.94;2.26;2.34;0.213;59.1;10.98;5.78;3.07;0.54;1.68;3.77;183.4;153;19.6;3.4;7.5;1.36;0.57;0.16;0.24;0.52;0.53;0.122;40.9;4.13;1.98;1.27;0.23;0.69;3.17;126.7;112.3;6.7;1.4;6.3;0.23;0.18;0.05;0.07
10;50;0;0;100;14.96;2.53;7.46;2.54;2.57;0.219;58.4;11.77;6.33;3.29;0.52;1.74;4.02;183.8;153.5;18.8;3.5;8;1.41;0.74;0.17;0.26;0.63;0.64;0.137;41.6;4.54;2.28;1.32;0.21;0.79;3.43;130.8;111.9;10.4;1.6;6.9;0.21;0.3;0.05;0.08
10;50;0;50;0;17.6;2.63;7.61;2.29;2.27;0.202;65;11.27;5.94;3.2;0.5;1.76;4.07;186.6;150.8;24.2;3.5;8.1;1.37;0.49;0.17;0.24;0.59;0.62;0.122;35;4.99;2.35;1.53;0.29;0.87;3.54;100.6;85.2;6.6;1.7;7.1;0.35;0.13;0.07;0.08
10;50;0;50;50;17.61;3.1;8.74;2.56;2.54;0.209;64.2;12.17;6.51;3.36;0.59;1.9;4.73;185.3;148.5;23.6;3.8;9.5;1.37;0.72;0.18;0.27;0.82;0.84;0.125;35.8;6.61;3.26;1.97;0.33;1.2;4;103.2;86.4;6.5;2.4;8;0.47;0.17;0.08;0.11
10;50;0;50;100;17.54;3.59;10.21;2.75;2.81;0.218;62.8;12.89;6.93;3.49;0.61;1.95;5.6;184.7;147.1;22.4;3.9;11.2;1.36;0.98;0.19;0.28;1.15;1.18;0.132;37.2;8.9;4.37;2.65;0.48;1.64;4.61;109.3;87;9.8;3.3;9.2;0.64;0.29;0.11;0.15
10;50;0;100;0;19.66;2.94;8.35;2.36;2.36;0.196;71.8;12.01;6.25;3.39;0.58;1.88;4.47;188.7;148;27.9;3.8;8.9;1.36;0.57;0.18;0.25;0.7;0.72;0.122;28.2;5.77;2.79;1.77;0.3;1.06;3.88;74;57.7;6.4;2.1;7.8;0.43;0.12;0.07;0.1
10;50;0;100;50;19.82;3.52;10.32;2.72;2.67;0.205;70.6;13.04;6.87;3.64;0.65;1.99;5.53;186.9;144.7;27.2;4;11.1;1.34;0.85;0.19;0.28;1.08;1.1;0.125;29.4;8.73;4.25;2.65;0.45;1.53;4.79;77.9;58.9;6.4;3.1;9.6;0.67;0.18;0.1;0.15
10;50;0;100;100;20.02;4.08;11.66;2.98;3.03;0.214;68.7;14.13;7.54;3.95;0.61;2.18;6.29;184.6;140.8;26.9;4.4;12.6;1.29;1.22;0.22;0.31;1.38;1.39;0.13;31.3;10.64;5.28;3.12;0.58;1.9;5.37;83.9;60.2;9.1;3.8;10.7;0.82;0.27;0.13;0.17
10;50;50;0;0;15.47;2.81;8;2.97;2.96;0.21;59;14.13;7.53;3.9;0.67;2.19;4.27;184.6;150.7;21;4.4;8.5;1.86;0.59;0.21;0.3;0.45;0.45;0.122;41;3.47;1.67;1.07;0.2;0.62;3.73;128.1;113.9;5.5;1.2;7.5;0.21;0.14;0.04;0.05
10;50;50;0;50;15.29;2.97;8.55;3.09;3.25;0.221;58.8;14.73;7.79;4.14;0.69;2.27;4.62;184.4;150.5;20.2;4.5;9.2;1.84;0.87;0.22;0.32;0.56;0.56;0.133;41.2;4.05;1.98;1.24;0.19;0.7;3.94;128.9;114;5.6;1.4;7.9;0.22;0.22;0.05;0.07
10;50;50;0;100;14.64;2.98;8.74;3.52;3.48;0.23;58;15.14;8.24;4.04;0.73;2.2;4.77;182.8;150;18.9;4.4;9.5;1.84;1.11;0.21;0.32;0.68;0.69;0.149;42;4.51;2.28;1.31;0.23;0.78;3.98;132.1;114.3;8.3;1.6;8;0.23;0.33;0.06;0.07
10;50;50;50;0;17.59;3.2;9.3;3.11;3.07;0.204;64.4;15.06;7.98;4.2;0.71;2.31;5.01;186.4;147.2;24.5;4.6;10;1.81;0.72;0.22;0.32;0.65;0.66;0.126;35.6;5.07;2.52;1.5;0.28;0.89;4.28;102.7;87;5.4;1.8;8.6;0.36;0.14;0.07;0.09
10;50;50;50;50;17.81;3.73;10.59;3.38;3.48;0.217;63.5;16.08;8.61;4.45;0.76;2.54;5.7;184.9;144.4;24.1;5.1;11.4;1.8;1.09;0.26;0.34;0.9;0.91;0.131;36.5;6.88;3.37;2.09;0.35;1.2;4.89;106;88.4;5.4;2.4;9.8;0.49;0.22;0.08;0.12
10;50;50;50;100;17.73;4.02;11.4;3.87;3.82;0.231;63.5;16.54;8.99;4.5;0.76;2.46;6.16;193.9;141.4;35.2;4.9;12.3;1.72;1.51;0.26;0.34;1.19;1.21;0.137;36.5;8.79;4.3;2.62;0.46;1.56;5.24;111.4;89.9;7.9;3.1;10.5;0.65;0.31;0.11;0.14
10;50;50;100;0;19.89;3.63;10.27;3.26;3.38;0.207;71;16.32;8.67;4.57;0.73;2.56;5.5;187.5;142.8;28.6;5.1;11;1.77;1.01;0.25;0.35;0.77;0.77;0.126;29;5.96;2.91;1.81;0.28;1.07;4.76;76.6;59.5;5.4;2.1;9.5;0.44;0.14;0.08;0.1
10;50;50;100;50;20.32;4.26;12.13;3.74;3.79;0.217;71;17.5;9.42;4.76;0.8;2.69;6.49;198.4;137.6;42.5;5.4;13;1.73;1.42;0.28;0.37;1.14;1.16;0.13;29;8.85;4.28;2.74;0.48;1.57;5.65;80.8;61.3;5.1;3.1;11.3;0.69;0.2;0.12;0.15
10;50;50;100;100;20.34;4.63;13.39;4.04;4.11;0.229;69.5;17.97;9.77;4.86;0.86;2.72;7.24;196;134.4;41.7;5.4;14.5;1.63;1.84;0.27;0.37;1.42;1.47;0.133;30.5;10.94;5.28;3.35;0.58;1.9;6.14;86;62.4;7.5;3.8;12.3;0.86;0.3;0.13;0.18
10;50;100;0;0;15.56;3.29;9.56;3.81;3.87;0.218;60;17.73;9.53;4.9;0.82;2.69;5.18;195.5;147.8;31.9;5.4;10.4;2.27;0.94;0.27;0.38;0.46;0.48;0.13;40;3.4;1.68;1.07;0.17;0.6;4.38;130.5;115.8;4.7;1.2;8.8;0.21;0.17;0.04;0.06
10;50;100;0;50;15.33;3.45;10.05;4.24;4.25;0.23;59;18.48;10.07;5.03;0.89;2.79;5.43;193.6;146.4;30.7;5.6;10.9;2.27;1.33;0.27;0.38;0.61;0.59;0.146;41;3.91;2;1.15;0.19;0.67;4.63;134.2;116.8;6.9;1.3;9.3;0.22;0.27;0.05;0.06
10;50;100;0;100;14.86;3.52;10.01;4.57;4.54;0.241;58.7;18.84;10.42;5.02;0.8;2.83;5.45;191.3;145.4;29.3;5.7;10.9;2.26;1.61;0.29;0.39;0.73;0.72;0.161;41.3;4.34;2.14;1.3;0.23;0.69;4.56;134.6;117.4;6.7;1.4;9.1;0.23;0.37;0.05;0.07
10;50;100;50;0;18.09;3.79;10.98;4.06;4.16;0.217;64.9;19.17;10.28;5.32;0.89;2.94;5.88;197;141;38.4;5.9;11.8;2.18;1.27;0.3;0.41;0.68;0.68;0.131;35.1;5.05;2.49;1.5;0.25;0.85;5.1;106.6;90.2;4.5;1.7;10.2;0.37;0.17;0.06;0.08
10;50;100;50;50;18.13;4.17;11.99;4.48;4.47;0.227;63.6;19.68;10.71;5.35;0.88;2.97;6.48;195;138.7;37.4;5.9;13;2.14;1.63;0.29;0.41;0.94;0.97;0.138;36.4;6.95;3.36;2.07;0.38;1.2;5.51;111.5;91.3;6.7;2.4;11;0.51;0.26;0.08;0.12
10;50;100;50;100;18.01;4.64;13.15;4.93;4.98;0.244;62.7;20.43;11.33;5.38;0.97;3.09;7.18;192.6;135.8;36.2;6.2;14.4;2.11;2.14;0.3;0.43;1.15;1.26;0.142;37.3;8.77;4.3;2.71;0.45;1.55;5.97;114.3;92.8;6.4;3.1;11.9;0.67;0.34;0.11;0.14
10;50;100;100;0;20.52;4.33;12.15;4.44;4.39;0.213;71.5;20.61;11.15;5.64;1;3.21;6.68;200;135.5;44.7;6.4;13.4;2.09;1.52;0.33;0.45;0.82;0.82;0.131;28.5;6.18;3.06;1.9;0.34;1.11;5.47;79.5;62;4.3;2.2;10.9;0.47;0.17;0.08;0.1
10;50;100;100;50;20.97;4.87;13.85;4.75;4.82;0.225;69.6;21.46;11.62;5.78;1;3.27;7.51;196.7;130.6;44.6;6.5;15;2.01;2.03;0.33;0.45;1.2;1.21;0.134;30.4;8.93;4.43;2.64;0.47;1.59;6.34;85.8;63.7;6.3;3.2;12.7;0.72;0.25;0.1;0.14
10;50;100;100;100;20.91;5.16;15.11;5.3;5.38;0.243;68.4;22.13;12.12;5.94;1.03;3.27;8.13;192.8;126.6;43.4;6.5;16.3;1.95;2.67;0.33;0.44;1.56;1.54;0.137;31.6;11.13;5.43;3.37;0.61;1.89;6.98;88.8;65;6;3.8;14;0.9;0.33;0.13;0.18
10;100;0;0;0;17.25;2.83;8.01;2.87;2.89;0.215;51.8;13.45;7.24;3.74;0.64;2.13;4.37;137.7;104.5;20.3;4.3;8.7;1.97;0.42;0.21;0.29;0.5;0.5;0.119;48.2;4.04;1.93;1.27;0.21;0.71;3.64;128.3;109.8;9.8;1.4;7.3;0.2;0.18;0.05;0.07
10;100;0;0;50;16.93;3.02;8.32;2.94;3;0.221;51.8;13.55;7.33;3.69;0.62;2.11;4.52;137.7;105.4;19;4.2;9;1.95;0.55;0.22;0.28;0.68;0.66;0.131;48.2;4.92;2.48;1.45;0.24;0.91;3.8;128.2;108.8;10;1.8;7.6;0.21;0.31;0.07;0.07
10;100;0;0;100;16.53;3.22;9.03;3.11;3.22;0.225;50.7;14.3;7.65;3.84;0.71;2.17;4.87;137.6;105.5;18.1;4.3;9.7;2;0.71;0.22;0.29;0.81;0.81;0.143;49.3;5.59;2.86;1.63;0.29;1.05;4.16;133.7;108.7;14.6;2.1;8.3;0.22;0.44;0.07;0.08
10;100;0;50;0;19.43;3.16;8.93;3.04;2.94;0.21;57.6;14.02;7.55;3.9;0.64;2.2;4.89;140.5;102.5;23.9;4.4;9.8;1.93;0.49;0.22;0.3;0.66;0.68;0.122;42.4;5.44;2.62;1.67;0.29;0.96;4.04;103.4;83.7;9.7;1.9;8.1;0.34;0.18;0.07;0.09
10;100;0;50;50;19.11;3.52;10.04;3.03;3.07;0.217;57.1;14.18;7.65;3.84;0.64;2.12;5.38;140.2;102.6;22.6;4.2;10.8;1.89;0.68;0.22;0.28;0.95;1;0.13;42.9;7.61;3.73;2.27;0.41;1.4;4.66;105.4;83.6;9.6;2.8;9.3;0.47;0.3;0.1;0.13
10;100;0;50;100;19.05;4.07;11.55;3.4;3.37;0.224;55.4;15.07;8.16;4.11;0.72;2.31;6.21;140.2;101.3;21.8;4.6;12.4;1.89;0.95;0.22;0.31;1.27;1.33;0.135;44.6;9.77;4.77;2.96;0.52;1.77;5.34;112.9;84.6;14.1;3.5;10.7;0.62;0.42;0.12;0.17
10;100;0;100;0;21.16;3.35;9.68;3.01;2.98;0.207;64.9;14.4;7.72;4;0.67;2.22;5.26;143.1;100.9;27.2;4.4;10.5;1.89;0.55;0.22;0.31;0.72;0.79;0.122;35.1;6.39;2.99;1.99;0.34;1.13;4.42;77.3;56.6;9.6;2.3;8.8;0.43;0.18;0.08;0.11
10;100;0;100;50;21.39;4.06;11.57;3.25;3.25;0.212;63.9;15.33;8.15;4.25;0.79;2.35;6.26;143.2;99.3;26.7;4.7;12.5;1.86;0.83;0.23;0.33;1.18;1.21;0.128;36.1;9.36;4.61;2.8;0.44;1.71;5.31;80.9;57.4;9.4;3.4;10.6;0.65;0.29;0.11;0.16
10;100;0;100;100;21.54;4.51;13.16;3.64;3.62;0.22;61.8;16.48;8.92;4.48;0.79;2.47;7.09;142.6;97.2;26.2;4.9;14.2;1.83;1.2;0.24;0.35;1.51;1.56;0.133;38.2;11.66;5.65;3.59;0.6;2.05;6.07;88.3;58.5;13.6;4.1;12.1;0.8;0.42;0.15;0.19
10;100;50;0;0;17.27;3.63;10.18;4.02;4.05;0.22;52.3;18.38;9.9;4.98;0.87;2.85;5.61;141.6;104.7;20;5.7;11.2;2.82;0.56;0.28;0.39;0.56;0.58;0.129;47.7;4.33;2.1;1.36;0.22;0.78;4.58;129.2;109.6;8.9;1.6;9.2;0.2;0.25;0.06;0.07
10;100;50;0;50;16.94;3.7;10.74;4.36;4.35;0.228;51.2;19.11;10.39;5.23;0.85;2.85;5.85;141.1;104.4;19.2;5.7;11.7;2.83;0.83;0.29;0.4;0.75;0.75;0.144;48.8;5.02;2.46;1.52;0.27;0.85;4.89;134.5;109.8;13.2;1.7;9.8;0.21;0.39;0.06;0.08
10;100;50;0;100;16.77;4.01;11.15;4.59;4.57;0.235;51;19.48;10.74;5.14;0.88;3;6.04;140.9;104.7;18.2;6;12.1;2.83;1.07;0.28;0.39;0.96;0.95;0.159;49;5.91;2.95;1.7;0.3;1.01;5.11;135.2;109.5;13.5;2;10.2;0.23;0.55;0.07;0.09
10;100;50;50;0;19.53;3.92;11.41;4.17;4.16;0.215;57.6;19.41;10.4;5.27;0.99;2.92;6.25;143.6;101.2;24.1;5.8;12.5;2.73;0.71;0.29;0.43;0.75;0.75;0.127;42.4;5.72;2.8;1.74;0.31;1;5.16;105.6;84.7;8.7;2;10.3;0.35;0.23;0.07;0.1
10;100;50;50;50;19.6;4.5;12.61;4.35;4.45;0.223;55.9;19.94;10.74;5.53;0.93;3.13;6.8;143.3;100.2;23.2;6.3;13.6;2.68;1.06;0.31;0.4;1.04;1.08;0.138;44.1;7.74;3.81;2.32;0.4;1.37;5.82;112.8;85.4;13;2.7;11.6;0.48;0.39;0.09;0.12
10;100;50;50;100;19.35;4.81;13.72;4.82;4.87;0.235;57.3;20.74;11.24;5.6;0.98;3.09;7.44;153.9;99;33.8;6.2;14.9;2.68;1.45;0.32;0.42;1.39;1.4;0.143;42.7;9.7;4.82;2.88;0.52;1.72;6.28;114.7;86.3;12.4;3.4;12.6;0.62;0.51;0.12;0.16
10;100;50;100;0;21.78;4.25;12.26;4.26;4.37;0.216;64.5;20.28;10.89;5.58;0.96;3.09;6.66;145.6;97.9;28.1;6.2;13.3;2.64;0.99;0.31;0.44;0.81;0.85;0.128;35.5;6.52;3.18;1.98;0.36;1.15;5.6;80.1;58.1;8.4;2.3;11.2;0.43;0.22;0.08;0.11
10;100;50;100;50;21.78;4.92;14.16;4.67;4.69;0.223;64.4;21.02;11.29;5.86;0.94;3.17;7.69;158.7;96.3;40.6;6.3;15.4;2.59;1.34;0.31;0.44;1.32;1.33;0.135;35.6;9.75;4.74;3.01;0.49;1.75;6.48;87.7;58.9;12.3;3.5;13;0.68;0.37;0.12;0.16
10;100;50;100;100;21.94;5.36;15.46;5.08;5.12;0.233;63.5;22.02;11.98;5.88;1;3.25;8.36;157.4;93.8;40.4;6.5;16.7;2.55;1.8;0.32;0.46;1.55;1.66;0.139;36.5;11.8;5.78;3.63;0.61;2.1;7.09;90.4;60.2;11.8;4.2;14.2;0.83;0.48;0.15;0.2
10;100;100;0;0;17.25;4.15;11.59;5.05;4.98;0.225;53.6;22.11;12.12;5.88;0.98;3.4;6.21;152.1;102.4;30.5;6.8;12.4;3.28;0.91;0.33;0.45;0.68;0.66;0.142;46.4;4.46;2.24;1.3;0.21;0.76;5.38;131.9;111.8;7.8;1.5;10.8;0.2;0.32;0.05;0.08
10;100;100;0;50;17;4.32;12.19;5.24;5.33;0.235;52.6;22.7;12.49;6.08;1.04;3.48;6.55;151.7;102.4;29.2;7;13.1;3.28;1.23;0.36;0.46;0.8;0.83;0.16;47.4;5.1;2.54;1.5;0.24;0.83;5.63;136.5;111.9;11.6;1.7;11.3;0.22;0.47;0.06;0.09
10;100;100;0;100;16.77;4.42;12.7;5.68;5.66;0.242;52.2;23.38;13.02;6.13;1.05;3.45;6.84;150.6;101.6;28.4;6.9;13.7;3.27;1.58;0.34;0.48;1;1.04;0.178;47.8;5.8;3.01;1.64;0.3;0.97;5.86;138;112.6;11.7;1.9;11.7;0.23;0.65;0.06;0.1
10;100;100;50;0;19.93;4.61;13.09;5.16;5.23;0.224;58.9;23.41;12.61;6.42;1.08;3.52;7;156.1;97.7;37.4;7;14;3.15;1.23;0.35;0.5;0.82;0.82;0.138;41.1;5.86;2.94;1.69;0.34;1.08;6.09;109;87.3;7.3;2.2;12.2;0.35;0.3;0.07;0.1
10;100;100;50;50;19.68;4.95;14.06;5.6;5.52;0.232;57.3;23.85;13.2;6.26;1.11;3.61;7.57;154.7;96.5;35.8;7.2;15.1;3.08;1.59;0.36;0.49;1.13;1.17;0.146;42.7;7.9;3.88;2.33;0.44;1.33;6.49;115.1;88.2;11.2;2.7;13;0.5;0.44;0.09;0.13
10;100;100;50;100;19.63;5.25;15.21;5.92;5.94;0.245;57;24.27;13.42;6.48;1.1;3.56;8.33;154.8;96.4;34.6;7.1;16.7;3.07;2.02;0.35;0.49;1.53;1.54;0.154;43;9.92;4.97;2.96;0.49;1.68;6.87;116.7;88.3;11.3;3.4;13.7;0.63;0.63;0.12;0.16
10;100;100;100;0;22.02;5.04;14.23;5.31;5.42;0.22;66;24.67;13.28;6.77;1.2;3.85;7.7;160.3;93.7;43.5;7.7;15.4;3.03;1.49;0.39;0.52;0.9;0.93;0.135;34;6.79;3.35;2.04;0.36;1.19;6.53;82.7;60.3;7;2.4;13.1;0.46;0.28;0.08;0.11
10;100;100;100;50;22.25;5.51;15.78;5.63;5.75;0.229;63.7;25.16;13.63;6.81;1.18;3.83;8.4;158.2;90.8;43;7.7;16.8;2.91;1.96;0.37;0.51;1.35;1.38;0.14;36.3;9.73;4.73;2.99;0.52;1.68;7.38;90;61.8;10.1;3.4;14.8;0.7;0.4;0.11;0.16
10;100;100;100;100;22.3;6.08;17.1;6.18;6.32;0.244;63;25.87;14.45;6.81;1.15;3.96;9.2;157.5;89.7;41.4;7.9;18.4;2.87;2.53;0.39;0.52;1.76;1.8;0.147;37;12.18;5.99;3.68;0.65;2.12;7.9;92.6;62.3;10.2;4.2;15.8;0.87;0.58;0.15;0.2
11;0;0;0;0;13.94;1.73;4.93;1.59;1.6;0.197;66.5;8.15;4.29;2.3;0.39;1.28;2.67;233.9;203.9;22;2.6;5.3;0.81;0.48;0.13;0.18;0.3;0.31;0.101;33.5;2.63;1.24;0.79;0.13;0.46;2.26;117.5;109.1;3;0.9;4.5;0.18;0.05;0.03;0.04
11;0;0;0;50;13.61;1.88;5.36;1.74;1.73;0.203;66.1;8.5;4.51;2.38;0.41;1.33;2.92;232.2;202.7;21;2.7;5.8;0.79;0.62;0.14;0.18;0.4;0.36;0.109;33.9;3.04;1.5;0.92;0.16;0.54;2.45;118.7;109.7;3.1;1.1;4.9;0.2;0.08;0.04;0.05
11;0;0;0;100;13.12;1.98;5.79;1.9;1.93;0.21;65.4;9.18;4.89;2.58;0.43;1.38;3.11;230;201;20.1;2.8;6.2;0.79;0.79;0.15;0.2;0.39;0.41;0.116;34.6;3.27;1.57;1.01;0.16;0.6;2.67;121.5;110.5;4.5;1.2;5.3;0.2;0.12;0.04;0.05
11;0;0;50;0;16.21;2.18;6.25;1.63;1.7;0.191;71.5;8.9;4.59;2.54;0.45;1.37;3.39;235.1;199.8;25.8;2.7;6.8;0.8;0.58;0.13;0.19;0.5;0.5;0.112;28.5;4.25;2.08;1.27;0.23;0.81;2.87;93.5;83.2;3;1.6;5.7;0.31;0.06;0.06;0.07
11;0;0;50;50;16.04;2.53;7.31;1.87;1.9;0.198;70.7;9.6;5.11;2.67;0.47;1.54;3.95;231.9;196;24.9;3.1;7.9;0.77;0.76;0.16;0.21;0.65;0.68;0.115;29.3;5.74;2.69;1.83;0.27;0.99;3.35;96.1;84.5;3;2;6.7;0.43;0.08;0.07;0.09
11;0;0;50;100;16.12;2.93;8.47;2.2;2.22;0.211;69.4;10.47;5.57;2.92;0.48;1.62;4.61;228.5;191.6;24.4;3.2;9.2;0.77;1.05;0.16;0.23;0.96;0.89;0.118;30.6;7.43;3.62;2.26;0.42;1.31;3.86;100.5;86.1;4;2.6;7.7;0.57;0.11;0.09;0.13
11;0;0;100;0;18.18;2.49;6.95;1.77;1.8;0.188;77.8;9.55;5.03;2.72;0.44;1.59;3.79;236.5;196.5;29.3;3.2;7.6;0.79;0.65;0.15;0.2;0.54;0.59;0.114;22.2;5.02;2.4;1.59;0.24;0.91;3.16;67.3;56.3;2.9;1.8;6.3;0.39;0.05;0.07;0.08
11;0;0;100;50;18.56;2.97;8.74;2.1;2.08;0.193;76.4;10.74;5.59;3.07;0.56;1.62;4.76;231.8;190;29.1;3.2;9.5;0.75;0.92;0.17;0.24;0.86;0.88;0.116;23.6;7.45;3.61;2.26;0.39;1.35;3.98;71.4;57.8;2.9;2.7;8;0.58;0.07;0.1;0.12
11;0;0;100;100;18.81;3.45;10.23;2.47;2.46;0.208;74.9;11.81;6.34;3.3;0.54;1.84;5.58;227.5;183.9;28.7;3.7;11.2;0.72;1.3;0.19;0.25;1.07;1.11;0.117;25.1;9.4;4.48;2.96;0.49;1.61;4.64;75.9;59.3;4.1;3.2;9.3;0.74;0.11;0.11;0.16
11;0;50;0;0;14.06;1.97;5.69;1.82;1.89;0.194;65.7;9.71;5.01;2.77;0.48;1.51;3.11;230.1;197.9;23;3;6.2;0.82;0.7;0.15;0.21;0.3;0.31;0.104;34.3;2.56;1.23;0.75;0.14;0.46;2.58;119.9;111.9;1.9;0.9;5.2;0.19;0.05;0.03;0.04
11;0;50;0;50;13.64;2.13;6.04;2.16;2.16;0.208;65.1;10.38;5.51;2.88;0.54;1.62;3.28;227.1;195.4;21.9;3.2;6.6;0.82;0.95;0.17;0.23;0.33;0.35;0.112;34.9;2.84;1.34;0.88;0.16;0.5;2.76;121.6;113.1;2;1;5.5;0.2;0.08;0.03;0.04
11;0;50;0;100;13.28;2.19;6.26;2.43;2.42;0.222;64.3;10.87;5.77;3.04;0.48;1.62;3.39;223.9;192.8;21;3.2;6.8;0.78;1.23;0.17;0.23;0.41;0.42;0.12;35.7;3.19;1.56;0.95;0.17;0.57;2.87;124.3;114.3;3.1;1.1;5.7;0.21;0.11;0.04;0.06
11;0;50;50;0;16.06;2.38;6.92;1.98;2;0.189;70.7;10.56;5.5;2.97;0.53;1.67;3.81;229.9;192.6;26.3;3.3;7.6;0.78;0.82;0.16;0.23;0.44;0.49;0.112;29.3;4.14;1.96;1.27;0.23;0.71;3.1;95.2;85.7;1.9;1.4;6.2;0.32;0.05;0.05;0.07
11;0;50;50;50;16.37;2.97;8.36;2.42;2.41;0.203;69.4;11.85;6.28;3.33;0.55;1.91;4.55;225.7;186.7;26.1;3.8;9.1;0.78;1.19;0.19;0.25;0.62;0.69;0.117;30.6;5.75;2.72;1.81;0.33;1.06;3.8;99.4;87.8;1.8;2.1;7.6;0.45;0.07;0.07;0.09
11;0;50;50;100;16.43;3.26;9.33;2.86;2.85;0.225;69.3;12.65;6.95;3.36;0.58;1.93;5.08;234;181.9;38.1;3.9;10.2;0.75;1.65;0.19;0.27;0.89;0.92;0.12;30.7;7.56;3.58;2.31;0.41;1.33;4.24;103.6;89.5;2.9;2.7;8.5;0.6;0.11;0.09;0.12
11;0;50;100;0;18.6;2.76;7.97;2.34;2.29;0.19;76.5;12.05;6.33;3.33;0.61;1.86;4.3;228.5;185.5;30.7;3.7;8.6;0.75;1.09;0.18;0.26;0.58;0.58;0.114;23.5;4.95;2.37;1.54;0.24;0.9;3.67;69.9;58.9;1.9;1.8;7.3;0.39;0.05;0.06;0.08
11;0;50;100;50;18.91;3.34;9.82;2.72;2.68;0.205;76.3;13.04;6.95;3.59;0.63;1.97;5.42;239;178.8;45.5;3.9;10.8;0.69;1.5;0.2;0.28;0.91;0.93;0.117;23.7;7.8;3.76;2.42;0.41;1.37;4.4;73.9;60.5;1.8;2.7;8.8;0.63;0.06;0.1;0.13
11;0;50;100;100;19.26;3.91;11.15;3.3;3.24;0.224;75;14.48;7.89;3.89;0.69;2.21;6.15;234.3;172.4;45.2;4.4;12.3;0.71;2;0.22;0.31;1.06;1.14;0.118;25;9.48;4.55;2.91;0.48;1.71;5;78;62;2.6;3.4;10;0.77;0.1;0.11;0.16
11;0;100;0;0;14.25;2.28;6.38;2.19;2.24;0.199;65.5;11.28;5.98;3.17;0.55;1.82;3.44;236;190.6;34.8;3.6;6.9;0.77;1.04;0.18;0.25;0.33;0.32;0.107;34.5;2.63;1.24;0.79;0.15;0.46;2.95;124;115.4;1.8;0.9;5.9;0.19;0.06;0.03;0.04
11;0;100;0;50;13.9;2.36;6.74;2.54;2.62;0.221;64.9;11.89;6.38;3.27;0.57;1.82;3.65;232.5;188.2;33.4;3.6;7.3;0.77;1.43;0.18;0.25;0.37;0.38;0.116;35.1;3;1.46;0.92;0.15;0.55;3.09;125.5;116.5;1.7;1.1;6.2;0.21;0.09;0.04;0.05
11;0;100;0;100;13.76;2.43;6.98;2.98;2.98;0.238;64.2;12.52;6.94;3.35;0.54;1.85;3.82;229.7;185.8;32.6;3.7;7.6;0.75;1.78;0.18;0.27;0.41;0.44;0.128;35.8;3.22;1.55;1.01;0.15;0.59;3.16;127.9;117.7;2.7;1.2;6.3;0.22;0.14;0.04;0.05
11;0;100;50;0;16.92;2.8;7.96;2.64;2.6;0.2;70.3;12.99;6.93;3.62;0.63;2.01;4.34;236.4;182.4;41.4;4;8.7;0.73;1.37;0.21;0.29;0.5;0.52;0.116;29.7;4.33;2.12;1.31;0.22;0.79;3.63;99.8;89.4;1.6;1.6;7.3;0.34;0.05;0.06;0.07
11;0;100;50;50;16.8;3.18;9.13;2.94;3;0.218;69.3;13.74;7.33;3.84;0.64;2.15;4.9;232.3;178.3;40;4.3;9.8;0.74;1.76;0.22;0.28;0.66;0.73;0.12;30.7;5.98;2.82;1.88;0.32;1.03;4.24;103;90.8;1.6;2.1;8.5;0.47;0.09;0.07;0.1
11;0;100;50;100;17.06;3.61;10.11;3.45;3.54;0.243;68;14.55;8.01;3.85;0.66;2.18;5.56;227.9;172.8;39.6;4.4;11.1;0.69;2.34;0.22;0.29;0.91;0.96;0.123;32;7.74;3.74;2.39;0.41;1.43;4.55;107;92.7;2.3;2.9;9.1;0.61;0.12;0.1;0.13
11;0;100;100;0;19.48;3.34;9.39;2.76;2.92;0.197;76.4;14.81;7.69;4.18;0.7;2.38;5.17;237.7;174.5;48;4.8;10.3;0.71;1.65;0.24;0.32;0.6;0.63;0.116;23.6;5.25;2.53;1.65;0.29;0.95;4.22;73.4;61.5;1.6;1.9;8.4;0.42;0.05;0.07;0.09
11;0;100;100;50;19.9;3.91;11.18;3.46;3.48;0.216;74.7;16.13;8.74;4.38;0.7;2.52;6.05;231;166;47.8;5;12.1;0.69;2.19;0.26;0.34;0.94;0.96;0.119;25.3;8.01;3.77;2.51;0.43;1.39;5.12;78;63.5;1.5;2.8;10.2;0.65;0.08;0.1;0.13
11;0;100;100;100;20.27;4.36;12.4;4.08;4.18;0.243;73.3;17.24;9.56;4.58;0.76;2.62;6.74;226.4;160.2;47.5;5.2;13.5;0.66;2.91;0.26;0.35;1.2;1.2;0.121;26.7;9.86;4.8;2.96;0.52;1.74;5.66;82;64.9;2.3;3.5;11.3;0.8;0.12;0.12;0.16
11;50;0;0;0;15.4;2.32;6.44;2.48;2.41;0.215;61.2;11.21;6.09;3.02;0.51;1.71;3.51;188.8;157.1;21.4;3.4;7;1.54;0.47;0.18;0.23;0.45;0.39;0.11;38.8;3.28;1.65;0.95;0.17;0.62;2.93;119.5;106.6;5.8;1.2;5.9;0.18;0.11;0.04;0.05
11;50;0;0;50;15.22;2.48;6.94;2.47;2.53;0.22;60.9;11.55;6.13;3.21;0.56;1.78;3.71;188;156.5;20.6;3.6;7.4;1.52;0.59;0.18;0.24;0.5;0.47;0.116;39.1;3.82;1.88;1.15;0.2;0.7;3.23;120.7;106.9;5.9;1.4;6.5;0.2;0.16;0.05;0.06
11;50;0;0;100;14.71;2.64;7.47;2.76;2.73;0.224;60.1;12.22;6.67;3.34;0.56;1.85;4.08;187.1;155.9;19.3;3.7;8.2;1.54;0.76;0.18;0.26;0.61;0.57;0.13;39.9;4.24;2.17;1.23;0.21;0.79;3.39;124.2;107.3;8.5;1.6;6.8;0.21;0.25;0.05;0.06
11;50;0;50;0;17.69;2.67;7.67;2.41;2.47;0.209;66.6;11.82;6.26;3.33;0.59;1.86;4.19;191.1;153.9;25.1;3.7;8.4;1.46;0.56;0.19;0.26;0.56;0.54;0.114;33.4;4.58;2.23;1.39;0.22;0.81;3.48;95.8;81.3;5.9;1.6;7;0.29;0.11;0.06;0.08
11;50;0;50;50;17.7;3.14;8.76;2.56;2.61;0.213;65.7;12.27;6.58;3.41;0.54;1.95;4.74;189.2;151.3;24.5;3.9;9.5;1.43;0.74;0.19;0.25;0.76;0.76;0.118;34.3;6.35;3.08;1.95;0.34;1.19;4.02;98.6;82.5;5.7;2.4;8;0.43;0.15;0.08;0.1
11;50;0;50;100;17.58;3.44;10.03;3.03;2.93;0.222;64.2;13.18;7.25;3.52;0.6;1.96;5.46;187.4;148.7;23.8;3.9;10.9;1.42;1.03;0.2;0.28;0.99;1.04;0.123;35.8;8.34;4.05;2.56;0.43;1.48;4.57;104.2;83.7;8.3;3;9.1;0.56;0.24;0.1;0.14
11;50;0;100;0;19.88;2.89;8.39;2.56;2.54;0.205;73;12.4;6.56;3.46;0.59;1.88;4.54;192.2;150.4;28.9;3.8;9.1;1.44;0.65;0.19;0.26;0.62;0.65;0.115;27;5.56;2.64;1.75;0.28;1;3.85;71;55.4;6;2;7.7;0.38;0.11;0.07;0.09
11;50;0;100;50;20.02;3.48;10.25;2.85;2.81;0.207;71.8;13.55;7.13;3.8;0.66;2.06;5.54;189.8;146.1;28.5;4.1;11.1;1.4;0.91;0.2;0.29;0.87;0.96;0.117;28.2;8.09;3.82;2.49;0.46;1.43;4.71;74.4;56.7;5.4;2.9;9.4;0.58;0.15;0.09;0.14
11;50;0;100;100;20.11;4.09;11.62;3.14;3.16;0.218;70.1;14.48;7.79;4;0.66;2.25;6.3;188.1;143.3;27.7;4.5;12.6;1.38;1.26;0.22;0.3;1.2;1.25;0.122;29.9;10.13;4.88;3.1;0.57;1.84;5.31;80.1;57.6;8.2;3.7;10.6;0.72;0.23;0.13;0.17
11;50;50;0;0;15.63;2.75;7.9;3.12;3.15;0.217;60.7;14.52;7.81;4.03;0.66;2.23;4.29;188.6;153.5;22.1;4.5;8.6;1.95;0.67;0.22;0.31;0.39;0.39;0.113;39.3;3.12;1.49;0.98;0.14;0.53;3.61;121.9;108.8;4.8;1.1;7.2;0.18;0.12;0.04;0.05
11;50;50;0;50;15.47;3.05;8.46;3.4;3.44;0.225;60.1;15.34;8.36;4.14;0.7;2.38;4.5;186.9;151.9;21.3;4.8;9;1.95;0.94;0.23;0.32;0.48;0.51;0.128;39.9;3.79;1.85;1.16;0.19;0.68;3.96;124;109.8;4.9;1.4;7.9;0.2;0.19;0.05;0.07
11;50;50;0;100;14.86;3.1;8.79;3.71;3.7;0.235;59.7;15.78;8.7;4.18;0.71;2.39;4.83;186.8;152.4;20;4.8;9.7;1.97;1.16;0.25;0.32;0.59;0.61;0.14;40.3;4.15;2.04;1.26;0.2;0.71;3.96;126.2;109.5;7.3;1.4;7.9;0.2;0.3;0.04;0.07
11;50;50;50;0;17.88;3.3;9.27;3.27;3.27;0.212;65.9;15.46;8.32;4.23;0.72;2.37;5.09;190.1;149.5;25.7;4.7;10.2;1.9;0.81;0.23;0.33;0.56;0.58;0.118;34.1;4.74;2.35;1.39;0.27;0.93;4.18;98.3;83.4;4.7;1.9;8.4;0.32;0.12;0.07;0.07
11;50;50;50;50;17.97;3.65;10.45;3.53;3.6;0.219;64.8;16.43;8.85;4.52;0.79;2.5;5.62;187.2;145.5;25.4;5;11.2;1.84;1.16;0.24;0.35;0.8;0.81;0.123;35.2;6.42;3.16;1.91;0.33;1.15;4.83;101.7;85.3;4.5;2.3;9.7;0.43;0.18;0.08;0.11
11;50;50;50;100;17.81;4.12;11.67;3.97;4.04;0.235;65;17.2;9.43;4.65;0.76;2.6;6.42;198.2;143.7;36.5;5.2;12.8;1.85;1.56;0.25;0.37;1.06;1.09;0.129;35;8.4;4.08;2.58;0.46;1.52;5.25;106.5;86.1;6.8;3;10.5;0.57;0.28;0.11;0.14
11;50;50;100;0;20.28;3.55;10.44;3.47;3.53;0.211;72.2;16.77;8.91;4.69;0.82;2.57;5.62;191.3;145.1;29.8;5.1;11.2;1.87;1.05;0.26;0.35;0.64;0.69;0.118;27.8;5.67;2.7;1.74;0.32;0.98;4.82;73.5;57;4.8;2;9.6;0.39;0.13;0.07;0.1
11;50;50;100;50;20.42;4.23;11.99;3.9;3.87;0.22;72.4;17.61;9.54;4.8;0.8;2.7;6.52;202.5;140.1;44;5.4;13;1.76;1.47;0.27;0.37;1;1.04;0.122;27.6;8.45;4.09;2.56;0.44;1.53;5.47;77.2;58.6;4.6;3.1;10.9;0.6;0.19;0.1;0.15
11;50;50;100;100;20.56;4.48;13.45;4.26;4.31;0.232;70.7;18.57;9.99;5.18;0.87;2.7;7.24;199.2;136.1;43.3;5.4;14.5;1.74;1.92;0.27;0.38;1.3;1.3;0.125;29.3;10.33;5.03;3.11;0.54;1.78;6.2;82.4;59.9;6.5;3.6;12.4;0.76;0.25;0.12;0.17
11;50;100;0;0;15.8;3.4;9.56;4.06;4.06;0.222;61.4;18.31;9.94;5.03;0.86;2.83;5.17;199.2;149.5;33.8;5.7;10.3;2.4;1.01;0.28;0.38;0.44;0.42;0.123;38.6;3.19;1.61;0.94;0.14;0.58;4.39;125.1;111.3;3.9;1.2;8.8;0.19;0.15;0.04;0.05
11;50;100;0;50;15.26;3.3;9.97;4.4;4.4;0.235;60.6;18.77;10.21;5.12;0.87;2.7;5.48;196.6;148.1;32.1;5.4;11;2.36;1.38;0.27;0.38;0.47;0.51;0.136;39.4;3.53;1.71;1.07;0.2;0.6;4.49;128;112.2;5.6;1.2;9;0.2;0.22;0.04;0.05
11;50;100;0;100;15.08;3.62;10.06;4.65;4.76;0.245;60;19.41;10.68;5.24;0.82;2.95;5.49;194.4;146.3;31.2;5.9;11;2.33;1.72;0.3;0.4;0.61;0.63;0.15;40;4.06;2.02;1.21;0.21;0.67;4.57;129.4;113.3;5.6;1.3;9.1;0.22;0.3;0.05;0.07
11;50;100;50;0;18.38;3.89;10.98;4.32;4.34;0.221;66.3;19.65;10.68;5.37;0.95;3.02;5.93;201;142.9;40.2;6;11.9;2.28;1.33;0.31;0.42;0.57;0.61;0.123;33.7;4.83;2.28;1.53;0.24;0.87;5.05;102.2;86.5;3.8;1.7;10.1;0.33;0.15;0.06;0.08
11;50;100;50;50;18.28;4.23;11.99;4.73;4.71;0.231;64.9;20.38;11.15;5.43;0.95;3.04;6.47;198.2;139.9;39.2;6.1;12.9;2.27;1.72;0.3;0.42;0.83;0.85;0.129;35.1;6.49;3.26;1.91;0.33;1.18;5.52;106.9;87.9;5.6;2.4;11;0.45;0.21;0.08;0.11
11;50;100;50;100;17.99;4.51;13.04;5.12;5.19;0.248;64;20.97;11.67;5.5;0.92;3.05;7.1;194.9;136.6;37.9;6.1;14.2;2.22;2.26;0.3;0.42;1.06;1.1;0.131;36;8.31;4.01;2.54;0.44;1.45;5.94;109.2;89.5;5;2.9;11.9;0.6;0.27;0.1;0.14
11;50;100;100;0;20.54;4.16;11.96;4.63;4.59;0.217;72.7;21.16;11.31;5.85;0.97;3.16;6.54;203;137.1;46.5;6.3;13.1;2.23;1.59;0.33;0.45;0.72;0.71;0.122;27.3;5.68;2.74;1.75;0.3;1;5.42;76;59.6;3.6;2;10.8;0.41;0.14;0.07;0.09
11;50;100;100;50;21.04;4.91;13.82;5.02;5.06;0.228;70.8;22.2;12.1;6.04;1.02;3.43;7.51;199.4;131.5;46.1;6.9;15;2.13;2.12;0.35;0.47;1.06;1.07;0.125;29.2;8.46;4.09;2.6;0.44;1.48;6.31;82;61.3;5;3;12.6;0.63;0.19;0.11;0.14
11;50;100;100;100;21.19;5.21;15.13;5.61;5.66;0.247;69.7;22.95;12.64;6.12;1.08;3.33;8.26;196.4;128.1;45.1;6.7;16.5;2.08;2.78;0.33;0.47;1.33;1.37;0.129;30.3;10.52;5.09;3.26;0.52;1.88;6.88;85;62.4;5.1;3.8;13.8;0.79;0.28;0.13;0.17
11;100;0;0;0;17.35;2.78;7.92;3.02;3.05;0.222;53.4;13.73;7.38;3.8;0.65;2.11;4.34;140.6;106.5;21.3;4.2;8.7;2.06;0.48;0.22;0.29;0.47;0.46;0.113;46.6;3.86;1.85;1.19;0.21;0.67;3.58;122.5;104.8;9.2;1.3;7.2;0.18;0.17;0.05;0.06
11;100;0;0;50;17.11;3.06;8.44;3.11;3.18;0.227;53.4;14.05;7.72;3.77;0.62;2.22;4.51;140.7;107;20.2;4.4;9;2.08;0.58;0.23;0.28;0.61;0.6;0.125;46.6;4.65;2.3;1.41;0.25;0.84;3.93;122.9;104.3;9;1.7;7.9;0.19;0.28;0.06;0.08
11;100;0;0;100;16.63;3.08;8.95;3.41;3.35;0.23;52.3;14.61;7.91;3.99;0.66;2.13;4.84;140.3;107.2;19.1;4.3;9.7;2.1;0.75;0.21;0.3;0.73;0.75;0.138;47.7;5.29;2.69;1.56;0.25;0.95;4.11;127.8;104.1;13.6;1.9;8.2;0.19;0.41;0.07;0.08
11;100;0;50;0;19.19;3.11;8.98;3.17;3.11;0.219;59.2;14.25;7.74;3.85;0.69;2.17;4.89;143.2;104.7;24.4;4.3;9.8;2.06;0.54;0.21;0.3;0.64;0.62;0.116;40.8;5.26;2.6;1.59;0.26;0.95;4.09;98.7;79.8;8.8;1.9;8.2;0.3;0.17;0.06;0.09
11;100;0;50;50;19.14;3.43;10.22;3.25;3.3;0.221;58.6;14.94;7.91;4.16;0.71;2.19;5.51;142.9;103.8;23.8;4.4;11;2.03;0.72;0.22;0.33;0.85;0.89;0.122;41.4;7.2;3.44;2.24;0.36;1.25;4.71;101;80.4;8.7;2.5;9.4;0.41;0.28;0.08;0.12
11;100;0;50;100;19.09;4.07;11.48;3.62;3.59;0.229;57;15.71;8.59;4.26;0.69;2.39;6.26;142.8;102.8;22.8;4.8;12.5;2.04;0.99;0.24;0.33;1.19;1.2;0.128;43;9.27;4.49;2.81;0.5;1.68;5.22;107.8;81.1;12.9;3.4;10.4;0.55;0.39;0.12;0.14
11;100;0;100;0;21.09;3.35;9.41;3.08;3.16;0.214;66.5;14.73;7.88;4.04;0.63;2.28;5.14;145.9;102.8;28.3;4.6;10.3;2;0.62;0.22;0.31;0.67;0.7;0.116;33.5;5.89;2.84;1.76;0.31;1.07;4.27;73.5;54.2;8.7;2.1;8.5;0.36;0.16;0.08;0.09
11;100;0;100;50;21.41;4.08;11.54;3.38;3.42;0.216;65.2;15.82;8.46;4.36;0.72;2.46;6.2;145.2;100.3;27.6;4.9;12.4;1.97;0.87;0.24;0.34;1.05;1.07;0.121;34.8;8.8;4.24;2.69;0.46;1.63;5.34;77.7;55.3;8.4;3.3;10.7;0.57;0.25;0.11;0.14
11;100;0;100;100;21.73;4.4;12.97;3.68;3.74;0.224;63.2;16.75;8.99;4.61;0.84;2.47;7.02;145.1;98.8;27.3;4.9;14;1.91;1.23;0.24;0.36;1.33;1.38;0.126;36.8;10.82;5.21;3.33;0.55;1.93;5.95;84.5;56;12.7;3.9;11.9;0.69;0.38;0.13;0.17
11;100;50;0;0;17.44;3.49;10.25;4.35;4.3;0.227;53.6;18.96;10.27;5.14;0.91;2.8;5.55;143.7;105.6;21.3;5.6;11.1;2.98;0.65;0.27;0.41;0.48;0.51;0.122;46.4;4.01;1.92;1.25;0.21;0.69;4.69;124.2;105.6;7.8;1.4;9.4;0.18;0.21;0.05;0.07
11;100;50;0;50;17.26;3.71;10.64;4.53;4.53;0.232;52.5;19.52;10.63;5.17;0.93;2.9;5.79;143.2;105;20.8;5.8;11.6;2.93;0.9;0.29;0.42;0.65;0.66;0.139;47.5;4.6;2.28;1.41;0.23;0.81;4.85;129.3;106.2;11.8;1.6;9.7;0.19;0.35;0.05;0.07
11;100;50;0;100;16.74;3.91;11.17;4.83;4.81;0.24;52.6;20.04;11.09;5.27;0.92;2.98;6.08;143.4;106.2;19.1;6;12.2;2.99;1.11;0.29;0.41;0.85;0.84;0.152;47.4;5.4;2.74;1.58;0.26;0.93;5.09;129.1;105.1;12;1.9;10.2;0.2;0.49;0.07;0.09
11;100;50;50;0;19.68;4.01;11.29;4.39;4.39;0.222;59;19.8;10.66;5.36;0.96;3.01;6.12;146.1;102.8;25;6;12.2;2.87;0.81;0.31;0.41;0.71;0.68;0.122;41;5.43;2.67;1.62;0.3;1;5.17;101.4;81.1;7.9;2;10.3;0.3;0.22;0.07;0.09
11;100;50;50;50;19.57;4.39;12.57;4.71;4.7;0.228;57.5;20.62;11.28;5.5;0.94;3.14;6.87;145.3;100.9;24.4;6.3;13.7;2.84;1.12;0.3;0.43;0.9;0.95;0.13;42.5;7.22;3.49;2.23;0.39;1.26;5.7;107.6;82.5;11.2;2.5;11.4;0.42;0.33;0.08;0.12
11;100;50;50;100;19.59;4.86;13.83;4.96;5.1;0.24;58.7;21.3;11.71;5.76;0.98;3.19;7.53;156.7;99.9;35.3;6.4;15.1;2.81;1.52;0.33;0.45;1.25;1.28;0.136;41.3;9.32;4.59;2.76;0.49;1.67;6.3;110.3;83.1;11.2;3.3;12.6;0.56;0.45;0.12;0.15
11;100;50;100;0;21.53;4.1;12.1;4.62;4.56;0.221;65.9;20.65;11.03;5.62;0.95;3.05;6.52;147.7;99.7;28.9;6.1;13;2.81;1.01;0.32;0.42;0.72;0.76;0.121;34.1;6.16;2.88;1.96;0.33;1.04;5.58;76.4;55.6;7.5;2.1;11.2;0.38;0.2;0.07;0.11
11;100;50;100;50;21.89;4.95;13.97;4.94;4.92;0.228;65.9;21.59;11.82;5.79;1;3.3;7.54;161.8;97.7;42.4;6.6;15.1;2.74;1.4;0.33;0.45;1.16;1.2;0.128;34.1;9.2;4.44;2.79;0.51;1.65;6.42;83.8;56.6;11.1;3.3;12.8;0.58;0.34;0.13;0.15
11;100;50;100;100;21.98;5.38;15.17;5.35;5.34;0.237;65.1;22.53;12.45;6;1;3.41;8.35;160.6;95.2;41.9;6.8;16.7;2.69;1.85;0.34;0.47;1.51;1.47;0.132;34.9;11.06;5.51;3.33;0.56;1.97;6.81;85.9;57.7;10.6;3.9;13.6;0.72;0.43;0.14;0.18
11;100;100;0;0;17.78;4.09;11.83;5.24;5.25;0.23;55.2;22.91;12.47;6.2;1.08;3.42;6.47;156.3;103.3;33.2;6.8;12.9;3.44;0.99;0.34;0.49;0.53;0.57;0.135;44.8;4.01;1.91;1.24;0.21;0.67;5.36;126.8;107.8;6.9;1.3;10.7;0.18;0.28;0.05;0.07
11;100;100;0;50;17.08;4.4;12.1;5.56;5.61;0.24;54.2;23.35;12.92;6.21;1.06;3.58;6.58;154.6;103.4;30.8;7.2;13.2;3.47;1.3;0.37;0.47;0.67;0.72;0.153;45.8;4.6;2.28;1.4;0.22;0.81;5.52;130.6;107.7;10.3;1.6;11;0.19;0.41;0.06;0.07
11;100;100;0;100;16.8;4.27;12.5;5.96;5.93;0.248;53.8;23.94;13.37;6.31;1.06;3.47;6.83;153.1;102.6;29.9;6.9;13.7;3.43;1.66;0.35;0.49;0.96;0.91;0.171;46.2;5.21;2.66;1.5;0.26;0.8;5.67;131.6;108.4;10.2;1.6;11.3;0.2;0.57;0.05;0.08
11;100;100;50;0;19.61;4.57;13.19;5.37;5.43;0.229;60.5;23.75;12.95;6.43;1.05;3.56;7.12;159.3;99.9;38.1;7.1;14.2;3.33;1.25;0.35;0.49;0.71;0.75;0.131;39.5;5.61;2.73;1.68;0.32;1;6.07;104;83.2;6.6;2;12.1;0.32;0.27;0.07;0.1
11;100;100;50;50;19.75;4.95;14.08;5.73;5.8;0.237;59;24.54;13.47;6.53;1.11;3.65;7.73;158;97.9;37.3;7.3;15.5;3.26;1.65;0.37;0.52;1.04;1.04;0.139;41;7.39;3.66;2.21;0.38;1.3;6.36;109.8;84.6;9.9;2.6;12.7;0.44;0.39;0.09;0.12
11;100;100;50;100;19.59;5.25;15.37;6.29;6.28;0.249;58;25.21;14.02;6.69;1.09;3.63;8.34;155.9;95.4;36.6;7.3;16.7;3.21;2.2;0.36;0.53;1.33;1.36;0.143;42;9.4;4.61;2.86;0.53;1.61;7.03;112.8;86.4;9.2;3.2;14.1;0.58;0.52;0.11;0.15
11;100;100;100;0;21.87;4.92;14.11;5.62;5.6;0.224;67.4;25;13.55;6.78;1.15;3.78;7.76;163.4;95.5;44.8;7.6;15.5;3.17;1.54;0.37;0.52;0.82;0.83;0.128;32.6;6.39;3.12;1.95;0.34;1.14;6.35;78.9;57.6;6.3;2.3;12.7;0.4;0.25;0.08;0.11
11;100;100;100;50;22.35;5.55;15.87;6.05;6.06;0.233;65.6;25.98;14.26;7.05;1.16;3.95;8.8;162.8;93;44.3;7.9;17.6;3.1;2.02;0.38;0.55;1.22;1.23;0.133;34.4;9.13;4.47;2.77;0.47;1.6;7.06;85.5;58.8;9.4;3.2;14.1;0.6;0.38;0.11;0.14
11;100;100;100;100;22.42;5.81;16.98;6.45;6.56;0.249;64.3;26.42;14.69;6.9;1.2;3.88;9.21;159.9;90.3;43.4;7.8;18.4;2.99;2.64;0.39;0.53;1.56;1.6;0.138;35.7;11.45;5.65;3.48;0.56;1.93;7.77;88.6;60;9.1;3.9;15.5;0.76;0.51;0.14;0.19
12;0;0;0;0;13.95;1.73;5.02;1.66;1.68;0.199;68.2;8.4;4.38;2.41;0.38;1.3;2.76;239.1;208;23;2.6;5.5;0.86;0.51;0.13;0.18;0.27;0.3;0.104;31.8;2.54;1.16;0.81;0.15;0.43;2.27;111.3;103.8;2.1;0.9;4.5;0.18;0.04;0.03;0.05
12;0;0;0;50;13.68;1.9;5.3;1.75;1.8;0.206;67.8;8.73;4.65;2.51;0.39;1.41;2.92;237.3;206.6;22;2.8;5.8;0.82;0.64;0.15;0.19;0.3;0.32;0.107;32.2;2.71;1.32;0.82;0.14;0.5;2.38;112.4;104.4;2.3;1;4.8;0.19;0.06;0.03;0.04
12;0;0;0;100;13.27;1.92;5.68;2.02;2.01;0.214;67.1;9.41;5.07;2.55;0.45;1.39;3.06;234.2;204.1;21.2;2.8;6.1;0.86;0.81;0.13;0.21;0.4;0.38;0.111;32.9;3.04;1.49;0.91;0.14;0.53;2.63;115;105.5;3.2;1.1;5.3;0.2;0.09;0.04;0.05
12;0;0;50;0;16.09;2.1;6.06;1.76;1.77;0.195;73;9.09;4.7;2.62;0.42;1.42;3.25;239.2;203.3;26.5;2.8;6.5;0.84;0.59;0.14;0.2;0.4;0.45;0.11;27;3.83;1.81;1.16;0.22;0.68;2.8;88.5;79.3;2.3;1.4;5.6;0.29;0.04;0.05;0.06
12;0;0;50;50;16.11;2.56;7.19;2.01;2;0.201;72.1;9.94;5.2;2.82;0.48;1.54;3.96;236;199.2;25.9;3.1;7.9;0.83;0.79;0.16;0.22;0.63;0.63;0.114;27.9;5.4;2.66;1.63;0.3;1.03;3.23;91.3;80.7;2.1;2.1;6.5;0.42;0.05;0.07;0.09
12;0;0;50;100;16.27;3.01;8.44;2.3;2.33;0.214;70.9;10.88;5.88;3;0.48;1.71;4.67;233;194.8;25.5;3.4;9.3;0.82;1.11;0.16;0.24;0.81;0.84;0.117;29.1;7.04;3.38;2.24;0.33;1.3;3.76;95.4;82.1;3.2;2.6;7.5;0.55;0.08;0.09;0.11
12;0;0;100;0;18.19;2.42;6.88;1.91;1.91;0.191;79.1;9.99;5.26;2.78;0.51;1.62;3.77;240.7;199.7;30.2;3.2;7.5;0.83;0.68;0.17;0.22;0.53;0.53;0.112;20.9;4.59;2.16;1.48;0.25;0.8;3.1;63.5;53.6;2.1;1.6;6.2;0.36;0.04;0.05;0.08
12;0;0;100;50;18.75;3.02;8.56;2.15;2.15;0.195;77.7;10.99;5.79;3.07;0.54;1.75;4.64;236.1;192.9;30.4;3.5;9.3;0.78;0.96;0.17;0.24;0.76;0.8;0.115;22.3;6.89;3.28;2.17;0.37;1.27;3.92;67.5;55.1;2;2.5;7.8;0.55;0.05;0.08;0.12
12;0;0;100;100;18.94;3.44;10.1;2.56;2.61;0.21;76.3;12.46;6.54;3.52;0.62;1.89;5.59;231.2;186.5;29.7;3.8;11.2;0.78;1.37;0.19;0.27;1.07;1.03;0.116;23.7;8.81;4.19;2.73;0.49;1.55;4.51;71.6;56.5;3;3.1;9;0.72;0.08;0.11;0.14
12;0;50;0;0;14.24;2;5.59;1.83;1.9;0.196;67.3;9.69;5.07;2.72;0.45;1.55;3.08;235;202.2;23.6;3.1;6.2;0.82;0.72;0.15;0.21;0.32;0.3;0.104;32.7;2.48;1.21;0.76;0.14;0.45;2.51;114;106.3;1.8;0.9;5;0.18;0.05;0.03;0.04
12;0;50;0;50;13.92;2.12;6.05;2.29;2.26;0.21;66.6;10.77;5.79;2.91;0.5;1.64;3.37;231.5;198.6;22.9;3.3;6.7;0.84;1;0.17;0.24;0.33;0.35;0.111;33.4;2.79;1.3;0.88;0.15;0.48;2.68;115.9;107.9;1.7;1;5.4;0.2;0.07;0.03;0.05
12;0;50;0;100;13.38;2.25;6.25;2.45;2.48;0.225;66;11.03;5.96;3.01;0.51;1.71;3.42;229;197;21.7;3.4;6.8;0.81;1.27;0.18;0.22;0.37;0.39;0.119;34;2.98;1.48;0.9;0.15;0.55;2.83;117.9;108.6;2.6;1.1;5.7;0.2;0.1;0.04;0.05
12;0;50;50;0;16.51;2.4;6.99;2.05;2.11;0.191;72;11.09;5.73;3.23;0.54;1.72;3.88;234.5;195.6;27.6;3.4;7.8;0.8;0.88;0.17;0.26;0.43;0.45;0.111;28;3.78;1.8;1.17;0.19;0.68;3.12;91.1;81.8;1.6;1.4;6.2;0.3;0.04;0.05;0.06
12;0;50;50;50;16.79;2.91;8.08;2.46;2.47;0.205;70.8;12.07;6.33;3.38;0.58;1.91;4.43;230.1;190.2;27.3;3.8;8.9;0.79;1.24;0.19;0.25;0.64;0.64;0.117;29.2;5.39;2.65;1.57;0.28;1;3.65;94.7;83.6;1.7;2;7.3;0.43;0.07;0.07;0.08
12;0;50;50;100;16.82;3.33;9.23;2.99;2.94;0.228;70.7;12.93;7.15;3.46;0.54;2.06;5.01;238.4;184.5;39.8;4.1;10;0.76;1.71;0.21;0.26;0.9;0.87;0.119;29.3;7.19;3.44;2.2;0.4;1.27;4.21;98.8;85.5;2.3;2.5;8.4;0.57;0.09;0.09;0.12
12;0;50;100;0;19.07;2.81;8;2.3;2.35;0.192;77.9;12.26;6.37;3.51;0.59;1.93;4.46;234;189.5;31.8;3.9;8.9;0.77;1.12;0.19;0.28;0.51;0.55;0.114;22.1;4.66;2.25;1.43;0.26;0.87;3.54;66.3;55.8;1.7;1.7;7.1;0.38;0.04;0.06;0.07
12;0;50;100;50;19.49;3.4;9.84;2.78;2.84;0.208;77.7;13.66;7.3;3.71;0.68;2.13;5.46;245;182.5;47.3;4.3;10.9;0.76;1.56;0.22;0.3;0.79;0.85;0.117;22.3;7.2;3.44;2.23;0.38;1.27;4.38;70.3;57.4;1.7;2.5;8.8;0.58;0.07;0.08;0.12
12;0;50;100;100;19.65;3.87;11.15;3.32;3.35;0.225;76.2;14.88;8.02;4.13;0.68;2.28;6.12;238.8;175.2;46.8;4.6;12.2;0.74;2.07;0.23;0.32;1.06;1.09;0.119;23.8;9.04;4.32;2.82;0.47;1.59;5.03;74.5;58.9;2.3;3.2;10.1;0.73;0.09;0.11;0.15
12;0;100;0;0;14.85;2.29;6.51;2.35;2.31;0.2;67.1;11.54;6.15;3.16;0.56;1.79;3.55;241.7;194.5;36.5;3.6;7.1;0.79;1.09;0.18;0.25;0.32;0.34;0.11;32.9;2.71;1.31;0.85;0.15;0.49;2.95;118.4;109.7;1.8;1;5.9;0.19;0.06;0.04;0.05
12;0;100;0;50;14.48;2.41;6.88;2.8;2.75;0.222;66.5;12.39;6.74;3.34;0.59;1.9;3.8;238;191.3;35.2;3.8;7.6;0.8;1.51;0.18;0.27;0.38;0.39;0.117;33.5;2.98;1.42;0.91;0.17;0.52;3.07;120;111.1;1.7;1;6.1;0.21;0.09;0.03;0.05
12;0;100;0;100;14;2.55;7.08;3.12;3.13;0.24;65.8;13.03;7.13;3.54;0.57;1.96;3.92;234.7;189.2;33.8;3.9;7.8;0.81;1.86;0.2;0.27;0.41;0.43;0.125;34.2;3.19;1.56;0.98;0.14;0.59;3.16;122;112;2.4;1.2;6.3;0.22;0.12;0.04;0.05
12;0;100;50;0;17.34;2.71;8.05;2.53;2.63;0.202;71.8;13.03;6.83;3.7;0.59;1.98;4.44;242.4;186.8;42.7;4;8.9;0.74;1.4;0.2;0.29;0.5;0.5;0.115;28.2;4.19;1.95;1.33;0.22;0.73;3.6;95.2;84.7;1.8;1.5;7.2;0.32;0.06;0.04;0.07
12;0;100;50;50;17.37;3.27;9.12;3.21;3.14;0.22;70.6;14.29;7.75;3.87;0.67;2.16;5.05;237.2;180.8;42;4.3;10.1;0.76;1.85;0.22;0.3;0.72;0.71;0.119;29.4;5.84;2.87;1.74;0.31;1.11;4.08;98.7;86.7;1.6;2.2;8.2;0.46;0.08;0.08;0.09
12;0;100;50;100;17.49;3.51;10.26;3.76;3.7;0.245;69.3;15.1;8.31;4.05;0.68;2.18;5.66;232.6;175.7;41.2;4.4;11.3;0.73;2.44;0.21;0.32;0.94;0.93;0.122;30.7;7.48;3.62;2.35;0.37;1.33;4.6;102.8;88.4;2.5;2.7;9.2;0.59;0.13;0.09;0.12
12;0;100;100;0;20.2;3.29;9.34;3.02;3.05;0.198;77.4;15.4;8.12;4.25;0.76;2.42;5.11;241.9;176.4;50.4;4.8;10.2;0.73;1.74;0.24;0.34;0.57;0.57;0.114;22.6;4.85;2.31;1.51;0.26;0.87;4.24;70.5;58.7;1.6;1.7;8.5;0.39;0.06;0.05;0.08
12;0;100;100;50;20.45;3.88;11.08;3.58;3.56;0.217;76.1;16.42;8.87;4.44;0.81;2.54;6.05;237;170.3;49.5;5.1;12.1;0.71;2.25;0.26;0.35;0.92;0.9;0.118;23.9;7.51;3.64;2.35;0.39;1.35;5.04;74.3;60;1.5;2.7;10.1;0.6;0.08;0.09;0.13
12;0;100;100;100;20.64;4.34;12.31;4.33;4.32;0.244;74.4;17.7;9.92;4.58;0.82;2.62;6.65;229.7;162.2;49;5.2;13.3;0.69;2.99;0.27;0.36;1.14;1.16;0.121;25.6;9.48;4.58;2.92;0.51;1.72;5.66;78.7;61.8;2.2;3.4;11.3;0.77;0.11;0.12;0.16
12;50;0;0;0;15.6;2.33;6.44;2.57;2.51;0.219;62.8;11.47;6.21;3.17;0.52;1.76;3.54;192.6;159.6;22.4;3.5;7.1;1.58;0.5;0.18;0.24;0.36;0.36;0.11;37.2;3.02;1.5;0.88;0.17;0.57;2.9;113.8;101.7;5.2;1.1;5.8;0.17;0.09;0.04;0.05
12;50;0;0;50;15.16;2.48;6.78;2.63;2.61;0.223;62.6;11.75;6.34;3.18;0.53;1.82;3.81;191.8;159.1;21.5;3.6;7.6;1.56;0.63;0.18;0.25;0.42;0.43;0.114;37.4;3.51;1.74;0.98;0.19;0.67;2.97;114.4;102;5.1;1.3;5.9;0.19;0.14;0.05;0.05
12;50;0;0;100;14.84;2.6;7.37;2.81;2.82;0.227;61.6;12.45;6.74;3.38;0.58;1.88;4.02;190.4;157.9;20.7;3.8;8;1.56;0.81;0.19;0.27;0.49;0.52;0.127;38.4;3.91;1.9;1.18;0.2;0.72;3.35;118.3;102.7;7.5;1.4;6.7;0.19;0.22;0.05;0.06
12;50;0;50;0;17.59;2.58;7.47;2.54;2.6;0.215;68.2;12.07;6.43;3.37;0.57;1.86;4.1;194.6;156.7;26;3.7;8.2;1.59;0.56;0.19;0.26;0.51;0.49;0.112;31.8;4.21;2.02;1.29;0.24;0.72;3.37;90.7;77.5;5;1.4;6.7;0.29;0.09;0.05;0.07
12;50;0;50;50;17.69;3;8.49;2.76;2.74;0.217;67.2;12.61;6.81;3.35;0.58;1.91;4.58;192.4;153.9;25.5;3.8;9.2;1.53;0.75;0.19;0.27;0.67;0.71;0.118;32.8;5.95;2.78;1.81;0.35;1.09;3.91;93.6;78.7;4.9;2.2;7.8;0.41;0.13;0.08;0.1
12;50;0;50;100;17.7;3.5;9.87;3.07;3.08;0.226;65.9;13.64;7.44;3.69;0.63;2.1;5.45;191.2;151.4;24.6;4.2;10.9;1.5;1.08;0.21;0.29;0.96;0.97;0.123;34.1;7.76;3.8;2.33;0.41;1.4;4.42;98.8;79.8;7.4;2.8;8.8;0.53;0.21;0.09;0.13
12;50;0;100;0;19.83;2.94;8.21;2.66;2.67;0.209;74.6;12.78;6.82;3.48;0.62;2.03;4.54;196.7;153.6;29.9;4.1;9.1;1.52;0.67;0.2;0.27;0.56;0.58;0.113;25.4;5.01;2.4;1.53;0.27;0.92;3.67;66.7;52.5;5.1;1.8;7.3;0.35;0.09;0.06;0.08
12;50;0;100;50;19.95;3.52;10.08;2.84;2.93;0.212;73.3;13.88;7.4;3.84;0.65;2.16;5.51;193.7;149.2;29.2;4.3;11;1.48;0.93;0.22;0.3;0.81;0.88;0.116;26.7;7.5;3.52;2.35;0.4;1.36;4.57;70.4;53.8;4.7;2.7;9.1;0.55;0.12;0.09;0.12
12;50;0;100;100;20.05;3.97;11.46;3.35;3.3;0.222;71.7;14.88;8.2;3.94;0.7;2.25;6.29;191.6;145.8;28.7;4.5;12.6;1.45;1.3;0.24;0.32;1.11;1.18;0.121;28.3;9.64;4.54;3.04;0.53;1.72;5.17;75.6;54.8;7;3.4;10.3;0.7;0.21;0.11;0.17
12;50;50;0;0;15.57;2.76;7.83;3.34;3.29;0.222;62.4;14.83;8.02;4.04;0.69;2.23;4.24;192.5;156.5;23;4.5;8.5;2.07;0.69;0.23;0.32;0.36;0.36;0.11;37.6;2.91;1.39;0.87;0.16;0.52;3.59;115.7;103.5;3.9;1;7.2;0.17;0.1;0.04;0.05
12;50;50;0;50;15.28;2.89;8.46;3.55;3.54;0.228;61.8;15.55;8.43;4.18;0.76;2.31;4.67;190.2;154.2;22.1;4.6;9.3;1.99;0.98;0.23;0.33;0.43;0.45;0.123;38.2;3.45;1.68;1.07;0.15;0.58;3.79;117.6;104.9;4;1.2;7.6;0.19;0.16;0.04;0.06
12;50;50;0;100;14.97;3;8.65;3.91;3.83;0.238;61;16.12;8.98;4.2;0.69;2.4;4.7;188.4;152.9;21.2;4.8;9.4;2.01;1.25;0.24;0.34;0.53;0.54;0.136;39;3.76;1.84;1.14;0.2;0.6;3.94;120.5;105.6;5.9;1.2;7.9;0.2;0.24;0.04;0.06
12;50;50;50;0;17.9;3.15;9.26;3.45;3.44;0.216;67.4;16;8.51;4.51;0.73;2.42;5.08;193.5;151.6;26.9;4.8;10.2;2;0.85;0.24;0.35;0.49;0.53;0.117;32.6;4.37;1.99;1.39;0.25;0.73;4.18;93.5;79.7;4;1.5;8.4;0.3;0.1;0.05;0.07
12;50;50;50;50;18.03;3.52;10.54;3.81;3.76;0.223;66.2;16.86;9.05;4.63;0.8;2.48;5.71;190.4;147.6;26.4;5;11.4;1.96;1.2;0.24;0.36;0.73;0.75;0.121;33.8;6.07;2.85;1.97;0.32;1.05;4.83;97;81.5;3.8;2.1;9.7;0.43;0.15;0.07;0.1
12;50;50;50;100;18.02;3.96;11.31;4.12;4.2;0.239;66.4;17.59;9.69;4.61;0.84;2.63;6.14;200.7;144.7;38.5;5.3;12.3;1.92;1.64;0.27;0.37;1;0.99;0.126;33.6;7.76;3.76;2.37;0.39;1.33;5.17;101.5;82.8;5.7;2.7;10.3;0.55;0.23;0.09;0.13
12;50;50;100;0;20.3;3.55;10.24;3.63;3.69;0.213;73.5;17.31;9.25;4.77;0.8;2.64;5.58;193.8;146.3;31.1;5.3;11.2;1.93;1.12;0.26;0.38;0.56;0.62;0.118;26.5;5.14;2.45;1.61;0.26;0.91;4.65;69.6;54.6;3.9;1.8;9.3;0.36;0.1;0.06;0.09
12;50;50;100;50;20.69;4.2;11.97;4.07;4.06;0.223;73.7;18.21;9.82;4.97;0.9;2.75;6.58;206.2;141.6;45.9;5.5;13.2;1.86;1.54;0.27;0.38;0.88;0.95;0.12;26.3;7.77;3.73;2.4;0.4;1.45;5.39;73.4;56;3.8;2.9;10.8;0.58;0.15;0.1;0.12
12;50;50;100;100;20.77;4.61;12.89;4.47;4.52;0.235;72.2;19.23;10.53;5.08;0.85;2.88;7.11;202.7;137.3;45.4;5.8;14.2;1.81;2.01;0.29;0.41;1.26;1.2;0.124;27.8;9.59;4.75;2.86;0.49;1.72;5.79;77.8;57.2;5.5;3.4;11.6;0.71;0.22;0.12;0.16
12;50;100;0;0;15.86;3.3;9.7;4.21;4.29;0.227;63.2;18.91;10.13;5.23;0.91;2.81;5.4;203.8;152.1;35.3;5.6;10.8;2.54;1.05;0.28;0.41;0.4;0.38;0.118;36.8;2.95;1.44;0.9;0.16;0.49;4.29;118.8;106.1;3.1;1;8.6;0.18;0.12;0.03;0.05
12;50;100;0;50;15.91;3.53;9.97;4.78;4.7;0.239;62;19.68;10.93;5.25;0.88;2.98;5.46;200.5;148.9;34.8;6;10.9;2.51;1.47;0.3;0.42;0.45;0.46;0.13;38;3.26;1.57;1.01;0.18;0.56;4.51;122.7;108;4.6;1.1;9;0.19;0.18;0.04;0.05
12;50;100;0;100;15.18;3.6;9.99;5.05;4.96;0.25;61.4;19.86;11.16;5.2;0.88;2.93;5.43;197;147.7;32.6;5.9;10.9;2.46;1.8;0.3;0.4;0.52;0.54;0.143;38.6;3.57;1.78;1.09;0.17;0.67;4.56;123.6;108.6;4.5;1.3;9.1;0.2;0.24;0.04;0.05
12;50;100;50;0;18.42;3.84;11.01;4.64;4.58;0.225;67.9;20.38;11.08;5.54;0.94;3.06;6.02;205.2;144.8;42.2;6.1;12;2.45;1.39;0.32;0.43;0.49;0.53;0.12;32.1;4.24;2.04;1.28;0.23;0.78;4.99;97.1;82.7;2.8;1.6;10;0.3;0.1;0.05;0.07
12;50;100;50;50;18.57;4.19;11.99;4.97;4.97;0.235;66.4;21.18;11.48;5.67;0.96;3.13;6.63;201.5;140.8;41.2;6.3;13.3;2.37;1.83;0.32;0.45;0.73;0.75;0.125;33.6;5.88;2.85;1.82;0.35;1.06;5.36;101.7;84.5;4.4;2.1;10.7;0.43;0.17;0.07;0.09
12;50;100;50;100;18.44;4.46;12.99;5.5;5.43;0.252;65.5;21.6;12.1;5.67;0.93;3.14;7.14;198.5;138;40;6.3;14.3;2.31;2.36;0.32;0.44;1;1.03;0.13;34.5;7.81;3.78;2.39;0.44;1.32;5.85;104.3;85.7;4.3;2.6;11.7;0.57;0.24;0.09;0.13
12;50;100;100;0;20.96;4.22;12.23;4.64;4.77;0.22;74;21.67;11.56;6.02;1.04;3.28;6.68;207;138.8;48.3;6.6;13.4;2.32;1.65;0.33;0.47;0.61;0.65;0.12;26;5.24;2.52;1.6;0.3;0.94;5.55;72.6;56.8;2.8;1.9;11.1;0.39;0.1;0.07;0.08
12;50;100;100;50;21.12;4.77;13.79;5.25;5.28;0.231;72.3;22.85;12.4;6.19;1.02;3.37;7.64;203;133.1;48;6.7;15.3;2.24;2.2;0.35;0.49;0.93;0.98;0.123;27.7;7.85;3.83;2.37;0.41;1.4;6.15;77.6;58.5;4;2.8;12.3;0.6;0.16;0.09;0.12
12;50;100;100;100;21.12;5.15;14.84;5.88;5.87;0.25;71.2;23.5;13.05;6.28;1.04;3.43;8.13;199.1;128.8;47.2;6.9;16.3;2.15;2.89;0.36;0.48;1.26;1.25;0.126;28.8;9.81;4.77;2.96;0.52;1.72;6.7;80.5;59.7;3.9;3.4;13.4;0.76;0.22;0.11;0.16
12;100;0;0;0;17.32;2.76;7.9;3.17;3.21;0.228;55.3;14.1;7.55;3.94;0.64;2.13;4.38;144;108.8;22.1;4.3;8.8;2.21;0.49;0.22;0.29;0.4;0.42;0.112;44.7;3.53;1.68;1.1;0.18;0.64;3.52;116.2;99.6;8.2;1.3;7;0.17;0.15;0.05;0.05
12;100;0;0;50;17.07;2.98;8.46;3.39;3.39;0.231;55.2;14.69;8.07;3.92;0.71;2.21;4.73;144.1;109.1;21.1;4.4;9.5;2.23;0.62;0.22;0.32;0.54;0.55;0.124;44.8;4.27;2.03;1.34;0.21;0.76;3.73;116.7;99.4;8.3;1.5;7.5;0.18;0.25;0.05;0.07
12;100;0;0;100;16.48;3.14;8.84;3.52;3.54;0.235;54.1;15.06;8.31;3.9;0.7;2.28;4.81;142.9;108.9;19.8;4.6;9.6;2.21;0.78;0.24;0.31;0.7;0.71;0.137;45.9;5.11;2.45;1.57;0.25;0.86;4.02;121.5;99.6;12.1;1.7;8;0.19;0.37;0.06;0.09
12;100;0;50;0;19.49;3.13;8.83;3.3;3.27;0.224;60.9;14.67;8.01;3.94;0.64;2.28;4.79;146.5;106.3;26;4.6;9.6;2.16;0.57;0.23;0.31;0.6;0.58;0.115;39.1;4.86;2.35;1.54;0.24;0.84;4.05;94.1;76.3;7.9;1.7;8.1;0.28;0.15;0.06;0.08
12;100;0;50;50;19.33;3.49;10.07;3.48;3.45;0.226;60.5;15.26;8.36;4.16;0.69;2.3;5.56;146.7;106.1;24.9;4.6;11.1;2.15;0.74;0.23;0.33;0.85;0.83;0.122;39.5;6.7;3.29;2.04;0.33;1.19;4.51;95.8;76.5;8;2.4;9;0.39;0.25;0.08;0.11
12;100;0;50;100;19.11;3.91;11.3;3.74;3.75;0.233;58.7;16.08;8.86;4.32;0.71;2.36;6.16;145.5;104.7;23.8;4.7;12.3;2.14;1.02;0.24;0.35;1.15;1.13;0.128;41.3;8.73;4.25;2.63;0.46;1.56;5.13;102.4;77.4;11.6;3.1;10.3;0.52;0.36;0.12;0.14
12;100;0;100;0;21.27;3.24;9.67;3.36;3.35;0.219;68;15.33;8.21;4.29;0.74;2.24;5.32;149.1;104.9;29.1;4.5;10.6;2.14;0.66;0.23;0.33;0.64;0.66;0.115;32;5.63;2.7;1.72;0.29;1;4.35;70.1;51.4;8;2;8.7;0.35;0.15;0.06;0.09
12;100;0;100;50;21.36;3.88;11.29;3.59;3.58;0.221;66.9;16.23;8.71;4.49;0.75;2.39;6.18;148.1;102.4;28.6;4.8;12.4;2.08;0.91;0.25;0.35;0.98;1.01;0.121;33.1;8.23;4;2.54;0.39;1.49;5.11;73.3;52.5;7.6;3;10.2;0.54;0.23;0.1;0.14
12;100;0;100;100;21.68;4.55;12.74;3.93;3.96;0.229;64.8;17.35;9.49;4.67;0.77;2.68;6.88;147.5;100.2;28.2;5.4;13.8;2.06;1.27;0.27;0.36;1.26;1.31;0.125;35.2;10.36;4.99;3.19;0.52;1.87;5.87;80.2;53.5;11.2;3.7;11.7;0.67;0.34;0.12;0.18
12;100;50;0;0;17.42;3.56;10.17;4.55;4.54;0.233;55.5;19.49;10.64;5.22;0.92;2.9;5.59;147.1;107.9;22.2;5.8;11.2;3.16;0.68;0.3;0.41;0.47;0.47;0.121;44.5;3.71;1.76;1.18;0.22;0.66;4.58;118;100.4;7.1;1.3;9.2;0.17;0.19;0.05;0.06
12;100;50;0;50;17.29;3.81;10.7;4.77;4.79;0.239;54.3;20.12;11.09;5.39;0.85;3.03;5.77;146.3;107.3;21.4;6.1;11.5;3.15;0.92;0.3;0.41;0.58;0.63;0.137;45.7;4.41;2.18;1.34;0.23;0.78;4.92;123;101;10.6;1.6;9.8;0.19;0.31;0.05;0.08
12;100;50;0;100;16.75;3.95;11.21;5.1;5.08;0.245;54.2;20.75;11.6;5.47;0.9;3.07;6.14;145.9;107.4;20.1;6.1;12.3;3.16;1.19;0.31;0.43;0.78;0.77;0.15;45.8;5.01;2.54;1.48;0.25;0.88;5.07;123.4;100.9;10.6;1.8;10.1;0.19;0.44;0.06;0.08
12;100;50;50;0;19.51;3.92;11.19;4.71;4.65;0.228;60.7;20.41;11.09;5.5;0.92;3.05;6.1;148.9;104.7;25.9;6.1;12.2;3.08;0.82;0.32;0.43;0.59;0.61;0.12;39.3;4.95;2.38;1.51;0.26;0.87;5.09;96.3;77.4;7;1.7;10.2;0.28;0.19;0.05;0.09
12;100;50;50;50;19.74;4.45;12.52;4.84;4.91;0.233;59;21.06;11.51;5.61;1;3.21;6.82;148.3;102.9;25.3;6.4;13.6;2.98;1.15;0.33;0.44;0.9;0.91;0.13;41;6.9;3.37;2.13;0.36;1.24;5.7;102.9;78.5;10.4;2.5;11.4;0.41;0.31;0.08;0.11
12;100;50;50;100;19.63;4.81;13.41;5.4;5.3;0.245;60.3;21.67;12.13;5.63;0.92;3.23;7.36;159.6;101.4;37;6.5;14.7;2.96;1.58;0.31;0.45;1.13;1.19;0.135;39.7;8.72;4.31;2.63;0.42;1.58;6.05;105.1;79.6;10.2;3.2;12.1;0.52;0.43;0.1;0.14
12;100;50;100;0;21.61;4.31;12.18;4.85;4.79;0.225;67.5;21.29;11.59;5.78;0.96;3.2;6.75;151.4;101.7;29.8;6.4;13.5;2.96;1.06;0.31;0.46;0.7;0.73;0.121;32.5;5.91;2.89;1.79;0.31;1.1;5.44;72.8;52.8;6.9;2.2;10.9;0.36;0.19;0.08;0.1
12;100;50;100;50;22.08;4.82;13.75;5.14;5.16;0.232;67.4;22.25;12.17;6;1.02;3.4;7.5;164.7;98.2;44.7;6.8;15;2.85;1.49;0.35;0.47;1.02;1.07;0.126;32.6;8.36;3.97;2.65;0.43;1.42;6.25;79.5;54.4;9.8;2.8;12.5;0.55;0.29;0.09;0.14
12;100;50;100;100;22.16;5.29;15.25;5.58;5.6;0.241;66.5;23.23;12.77;6.26;1.04;3.41;8.35;163.4;96.1;43.8;6.8;16.7;2.83;1.94;0.34;0.49;1.31;1.37;0.13;33.5;10.42;5.12;3.17;0.53;1.88;6.89;82.1;55.3;9.3;3.8;13.8;0.7;0.38;0.12;0.17
12;100;100;0;0;17.64;4.1;11.88;5.46;5.49;0.236;56.7;23.34;12.81;6.29;1.05;3.42;6.45;158.9;105.1;34.1;6.8;12.9;3.64;1.01;0.36;0.49;0.51;0.53;0.133;43.3;3.78;1.88;1.15;0.18;0.68;5.43;121.2;102.9;6.1;1.4;10.9;0.18;0.24;0.05;0.06
12;100;100;0;50;17.26;4.29;12.23;5.88;5.92;0.245;55.8;24.23;13.47;6.32;1.13;3.55;6.78;157.9;104;33.2;7.1;13.6;3.63;1.42;0.37;0.52;0.65;0.66;0.148;44.2;4.27;2.1;1.31;0.22;0.74;5.45;125.1;103.9;8.9;1.5;10.9;0.18;0.36;0.05;0.07
12;100;100;0;100;16.82;4.43;12.22;6.2;6.15;0.254;55.3;24.29;13.74;6.16;1.05;3.62;6.64;155.8;104.2;31.1;7.2;13.3;3.61;1.69;0.37;0.48;0.85;0.83;0.169;44.7;4.83;2.52;1.33;0.24;0.81;5.58;125.7;103.7;9.2;1.6;11.2;0.19;0.51;0.05;0.07
12;100;100;50;0;19.94;4.67;13.07;5.69;5.71;0.233;62;24.55;13.54;6.57;1.12;3.8;7.15;162.7;100.4;40.4;7.6;14.3;3.47;1.35;0.38;0.51;0.63;0.66;0.128;38;5.05;2.44;1.56;0.24;0.86;5.92;99.5;80.2;5.8;1.7;11.8;0.3;0.23;0.05;0.08
12;100;100;50;50;19.7;4.78;14;6.08;6.08;0.242;60.7;25.19;13.79;6.74;1.13;3.61;7.7;161;99.2;39.2;7.2;15.4;3.46;1.71;0.38;0.53;0.94;0.95;0.136;39.3;6.87;3.34;2.09;0.33;1.18;6.3;104.3;81;8.4;2.4;12.6;0.42;0.33;0.08;0.11
12;100;100;50;100;20.02;5.32;15.04;6.49;6.54;0.254;59.7;25.73;14.47;6.63;1.15;3.81;8.23;159.4;96.6;38.7;7.6;16.5;3.33;2.3;0.38;0.52;1.2;1.27;0.143;40.3;8.82;4.33;2.64;0.47;1.51;6.82;107.7;82.7;8.4;3;13.6;0.55;0.47;0.1;0.15
12;100;100;100;0;22.46;4.95;14.04;5.9;5.85;0.228;68.7;25.68;14.07;6.85;1.23;3.9;7.67;166.6;96.3;47.2;7.8;15.3;3.3;1.62;0.39;0.55;0.8;0.77;0.127;31.3;5.95;2.89;1.85;0.31;1.05;6.37;75.7;55.2;5.7;2.1;12.7;0.38;0.23;0.07;0.1
12;100;100;100;50;22.4;5.54;15.55;6.31;6.3;0.238;67;26.53;14.72;6.99;1.19;4.04;8.58;165.1;93.7;46.2;8.1;17.2;3.23;2.1;0.42;0.55;1.11;1.14;0.132;33;8.57;4.13;2.69;0.42;1.5;6.97;81.4;56.3;8.1;3;13.9;0.57;0.33;0.1;0.14
12;100;100;100;100;22.45;5.79;16.67;6.89;6.87;0.253;65.8;27.22;15.19;7.07;1.28;3.96;9.1;162.1;90.4;45.6;7.9;18.2;3.13;2.78;0.41;0.55;1.38;1.45;0.135;34.2;10.58;5.07;3.31;0.54;1.83;7.57;84.1;57.8;7.5;3.7;15.1;0.73;0.42;0.13;0.18
13;0;0;0;0;14.17;1.73;5.03;1.69;1.72;0.203;69.8;8.48;4.47;2.34;0.41;1.33;2.71;244.2;212.3;23.8;2.7;5.4;0.89;0.52;0.13;0.18;0.26;0.26;0.093;30.2;2.38;1.13;0.74;0.13;0.4;2.32;105.4;98.2;1.8;0.8;4.6;0.16;0.04;0.03;0.04
13;0;0;0;50;13.84;1.87;5.27;1.91;1.88;0.209;69.4;9.02;4.88;2.48;0.44;1.42;2.88;241.9;210.4;22.9;2.8;5.8;0.88;0.67;0.14;0.19;0.29;0.28;0.095;30.6;2.5;1.19;0.79;0.13;0.46;2.39;106.5;99;1.9;0.9;4.8;0.16;0.05;0.03;0.04
13;0;0;0;100;13.41;2;5.51;2.15;2.09;0.217;68.8;9.65;5.27;2.57;0.47;1.48;3.07;239.1;208;22;3;6.1;0.87;0.85;0.16;0.2;0.32;0.31;0.102;31.2;2.73;1.33;0.85;0.13;0.52;2.44;108.4;99.9;2.6;1;4.9;0.17;0.07;0.03;0.04
13;0;0;50;0;16.46;2.14;6.05;1.9;1.84;0.197;74.5;9.32;4.91;2.61;0.45;1.47;3.37;244.8;207.6;27.5;2.9;6.7;0.87;0.61;0.15;0.21;0.37;0.39;0.1;25.5;3.6;1.72;1.15;0.18;0.67;2.69;83.8;75.2;1.9;1.3;5.4;0.25;0.04;0.04;0.05
13;0;0;50;50;16.39;2.43;7.17;2.01;2.08;0.204;73.7;10.19;5.28;2.9;0.48;1.52;4.01;242.2;204.3;26.9;3;8;0.88;0.81;0.16;0.22;0.53;0.53;0.104;26.3;4.92;2.29;1.61;0.26;0.91;3.16;86.2;76.2;1.8;1.8;6.3;0.35;0.05;0.05;0.08
13;0;0;50;100;16.52;2.91;8.33;2.37;2.42;0.216;72.4;11.18;6.01;3.07;0.52;1.73;4.64;237.6;198.2;26.6;3.5;9.3;0.86;1.14;0.17;0.25;0.72;0.72;0.106;27.6;6.58;3.09;2.08;0.31;1.18;3.69;90.3;78.1;2.5;2.4;7.4;0.48;0.07;0.07;0.1
13;0;0;100;0;18.23;2.42;6.83;1.96;1.95;0.194;80.3;10.05;5.28;2.88;0.51;1.59;3.73;245.9;204.4;30.9;3.2;7.5;0.87;0.69;0.16;0.23;0.46;0.47;0.103;19.7;4.31;2.1;1.27;0.25;0.83;3.1;60.3;50.8;1.7;1.7;6.2;0.31;0.03;0.06;0.07
13;0;0;100;50;19.02;3;8.51;2.22;2.26;0.198;78.8;11.41;5.97;3.26;0.52;1.8;4.61;240.2;196.2;31.2;3.6;9.2;0.83;1;0.19;0.25;0.7;0.71;0.106;21.2;6.58;3.08;2.1;0.33;1.2;3.89;64.3;52.4;1.7;2.4;7.8;0.48;0.04;0.07;0.11
13;0;0;100;100;19.23;3.47;10;2.58;2.69;0.212;77.6;12.69;6.74;3.54;0.6;1.97;5.49;236.2;190.4;30.9;3.9;11;0.82;1.4;0.2;0.27;0.9;0.9;0.107;22.4;8.23;3.93;2.55;0.45;1.5;4.51;68.1;53.6;2.5;3;9;0.6;0.06;0.1;0.13
13;0;50;0;0;14.8;2.01;5.67;2.05;2;0.198;68.9;10.07;5.36;2.77;0.47;1.57;3.17;240.4;206.1;24.8;3.1;6.3;0.86;0.75;0.16;0.23;0.23;0.26;0.094;31.1;2.33;1.11;0.72;0.12;0.43;2.5;108.4;100.7;1.8;0.9;5;0.15;0.05;0.03;0.04
13;0;50;0;50;14.38;2.07;6.13;2.31;2.32;0.212;68.3;10.91;5.75;3.07;0.51;1.62;3.41;237.1;203.4;23.7;3.2;6.8;0.87;1.03;0.18;0.24;0.31;0.3;0.1;31.7;2.59;1.19;0.82;0.15;0.45;2.72;109.9;101.8;1.8;0.9;5.4;0.16;0.07;0.03;0.04
13;0;50;0;100;14.09;2.22;6.45;2.71;2.64;0.227;67.5;11.62;6.33;3.19;0.55;1.71;3.58;233.5;200;22.9;3.4;7.2;0.86;1.34;0.17;0.26;0.33;0.34;0.111;32.5;2.81;1.35;0.83;0.15;0.52;2.86;112.5;103.1;2.6;1;5.7;0.17;0.1;0.03;0.04
13;0;50;50;0;17.22;2.38;7.12;2.08;2.17;0.191;73.2;11.37;5.73;3.34;0.57;1.69;3.94;238.8;198.7;28.8;3.4;7.9;0.81;0.93;0.17;0.26;0.37;0.4;0.102;26.8;3.72;1.76;1.14;0.2;0.69;3.19;87.3;77.9;1.7;1.4;6.4;0.26;0.04;0.04;0.06
13;0;50;50;50;17.3;2.85;8.22;2.59;2.55;0.207;72.1;12.35;6.6;3.46;0.53;1.93;4.53;234.3;193.3;28.1;3.9;9.1;0.81;1.28;0.2;0.26;0.55;0.59;0.107;27.9;5.31;2.45;1.67;0.31;0.91;3.7;90.6;79.5;1.8;1.8;7.4;0.38;0.07;0.05;0.09
13;0;50;50;100;17.38;3.25;9.3;3.07;3.05;0.229;71.9;13.35;7.33;3.58;0.59;2.01;5.07;243.1;187.1;41.8;4;10.1;0.77;1.8;0.21;0.28;0.78;0.78;0.111;28.1;6.9;3.29;2.15;0.36;1.24;4.23;94.8;81.4;2.4;2.5;8.5;0.49;0.09;0.09;0.11
13;0;50;100;0;19.29;2.8;8.07;2.44;2.44;0.194;78.9;12.54;6.57;3.6;0.6;1.96;4.42;238.6;193.5;32.3;3.9;8.8;0.82;1.14;0.2;0.28;0.45;0.5;0.105;21.1;4.57;2.14;1.49;0.24;0.84;3.65;63.7;53;1.7;1.7;7.3;0.33;0.04;0.05;0.08
13;0;50;100;50;19.91;3.44;9.69;2.88;2.94;0.209;78.6;14.08;7.54;3.94;0.6;2.22;5.38;248.9;184.9;48.8;4.4;10.8;0.77;1.63;0.24;0.31;0.74;0.75;0.108;21.4;6.8;3.2;2.08;0.39;1.22;4.3;67.4;54.7;1.7;2.4;8.6;0.5;0.06;0.08;0.1
13;0;50;100;100;20.15;3.84;11.01;3.4;3.38;0.226;77.2;14.95;8.13;4.07;0.73;2.22;6.06;243.3;178.4;48.3;4.4;12.1;0.72;2.12;0.22;0.32;0.97;0.96;0.109;22.8;8.64;4.22;2.65;0.44;1.62;4.95;71.4;56;2.3;3.2;9.9;0.64;0.09;0.1;0.14
13;0;100;0;0;15.34;2.32;6.55;2.46;2.44;0.203;68.7;12.05;6.38;3.35;0.56;1.88;3.59;247.1;198.2;38;3.8;7.2;0.86;1.13;0.19;0.26;0.27;0.28;0.1;31.3;2.43;1.16;0.73;0.14;0.44;2.96;112.4;103.9;1.7;0.9;5.9;0.16;0.06;0.03;0.04
13;0;100;0;50;15.16;2.48;6.88;2.8;2.86;0.224;68.1;12.78;6.95;3.41;0.59;2;3.85;243.8;194.8;37.2;4;7.7;0.81;1.58;0.2;0.28;0.33;0.34;0.11;31.9;2.73;1.28;0.86;0.16;0.47;3.02;114;105.2;1.7;0.9;6;0.17;0.09;0.03;0.05
13;0;100;0;100;14.79;2.59;7.18;3.31;3.29;0.242;67.1;13.62;7.6;3.63;0.6;2.05;3.97;238.7;190.6;36;4.1;7.9;0.81;1.99;0.2;0.29;0.39;0.39;0.118;32.9;3.06;1.45;0.94;0.15;0.54;3.21;116.8;106.9;2.4;1.1;6.4;0.19;0.12;0.04;0.05
13;0;100;50;0;17.84;2.88;7.94;2.72;2.76;0.203;73;13.57;7.17;3.79;0.66;2.14;4.38;246.5;189.1;44.4;4.3;8.8;0.78;1.46;0.23;0.29;0.42;0.44;0.106;27;3.92;1.9;1.19;0.2;0.75;3.56;91.1;80.8;1.6;1.5;7.1;0.28;0.05;0.04;0.06
13;0;100;50;50;18.05;3.23;9.2;3.23;3.23;0.22;71.8;14.66;7.93;3.94;0.65;2.23;5.08;241.1;182.7;43.8;4.5;10.2;0.75;1.95;0.22;0.32;0.54;0.62;0.111;28.2;5.48;2.52;1.78;0.28;1;4.12;94.6;82.7;1.6;2;8.2;0.39;0.09;0.06;0.09
13;0;100;50;100;18.18;3.62;10.34;3.86;3.83;0.247;70.5;15.55;8.69;4.08;0.7;2.3;5.68;236.3;177.3;43;4.6;11.4;0.75;2.54;0.23;0.32;0.81;0.84;0.113;29.5;7.3;3.5;2.24;0.39;1.32;4.66;98.7;84.4;2.4;2.6;9.3;0.52;0.12;0.08;0.12
13;0;100;100;0;20.15;3.17;9.36;3.05;3.08;0.2;78.7;15.38;8.14;4.36;0.68;2.35;5.22;247.4;181.9;50.3;4.7;10.4;0.76;1.73;0.24;0.35;0.54;0.54;0.107;21.3;4.83;2.29;1.48;0.25;0.82;4.14;66.9;55.3;1.6;1.6;8.3;0.34;0.06;0.05;0.09
13;0;100;100;50;21.09;3.83;11.09;3.63;3.67;0.218;77;16.86;9.01;4.69;0.74;2.56;6.05;240.6;172;51.4;5.1;12.1;0.71;2.35;0.26;0.36;0.78;0.79;0.11;23;7.09;3.41;2.17;0.35;1.27;5.03;71.5;57.3;1.5;2.5;10.1;0.52;0.08;0.08;0.11
13;0;100;100;100;21.1;4.37;12.19;4.5;4.44;0.245;75.6;18.09;10.12;4.65;0.81;2.69;6.69;233.6;164.2;50.7;5.4;13.4;0.7;3.08;0.28;0.37;0.95;1.02;0.111;24.4;9.04;4.27;2.86;0.46;1.68;5.51;75.3;58.9;2;3.4;11;0.66;0.11;0.11;0.14
13;50;0;0;0;15.86;2.27;6.6;2.66;2.66;0.224;64.6;11.89;6.37;3.3;0.55;1.75;3.62;197;162.6;23.6;3.5;7.2;1.71;0.51;0.18;0.26;0.34;0.32;0.101;35.4;2.82;1.38;0.84;0.13;0.52;2.99;107.8;96.3;4.5;1;6;0.15;0.08;0.04;0.04
13;50;0;0;50;15.52;2.44;6.97;2.83;2.78;0.227;64.3;12.3;6.65;3.36;0.58;1.85;3.91;196;161.9;22.6;3.7;7.8;1.67;0.67;0.19;0.26;0.37;0.38;0.107;35.7;3.28;1.57;0.99;0.17;0.6;3.06;108.5;96.7;4.5;1.2;6.1;0.16;0.12;0.04;0.05
13;50;0;0;100;14.95;2.54;7.31;3;2.99;0.231;63.3;12.93;6.96;3.52;0.61;1.91;3.99;193.4;160;21.6;3.8;8;1.67;0.85;0.2;0.26;0.43;0.45;0.117;36.7;3.53;1.71;1.11;0.17;0.62;3.32;111.9;97.7;6.3;1.2;6.6;0.17;0.18;0.04;0.06
13;50;0;50;0;18;2.68;7.49;2.61;2.66;0.217;69.8;12.28;6.65;3.34;0.54;1.95;4.19;199.2;159.5;27.4;3.9;8.4;1.61;0.6;0.19;0.27;0.41;0.43;0.104;30.2;3.95;1.85;1.27;0.22;0.73;3.3;86.1;73.6;4.4;1.5;6.6;0.24;0.08;0.04;0.07
13;50;0;50;50;17.9;3.05;8.52;2.9;2.9;0.222;69;13.09;7.07;3.56;0.62;2.04;4.7;197;156.8;26.7;4.1;9.4;1.62;0.79;0.2;0.28;0.59;0.61;0.109;31;5.52;2.63;1.76;0.27;1.01;3.82;88.5;74.7;4.1;2;7.6;0.35;0.12;0.06;0.09
13;50;0;50;100;17.76;3.4;9.78;3.24;3.22;0.229;67.2;14.07;7.73;3.71;0.66;2.07;5.35;193.4;152.7;25.9;4.1;10.7;1.58;1.12;0.22;0.3;0.83;0.84;0.114;32.8;7.27;3.48;2.25;0.38;1.33;4.42;94.1;76.4;6.2;2.7;8.8;0.46;0.17;0.09;0.12
13;50;0;100;0;19.59;2.85;8.22;2.74;2.78;0.212;75.9;13.08;6.97;3.65;0.6;2;4.47;199.4;155.9;30.6;4;8.9;1.59;0.69;0.21;0.29;0.49;0.52;0.105;24.1;4.76;2.23;1.49;0.25;0.85;3.74;63.3;50.1;4.1;1.7;7.5;0.31;0.08;0.06;0.08
13;50;0;100;50;20.09;3.53;9.94;3.07;3.07;0.215;74.6;14.35;7.73;3.88;0.68;2.18;5.5;197;151.2;30.5;4.4;11;1.56;0.98;0.23;0.31;0.76;0.79;0.109;25.4;7.14;3.43;2.2;0.38;1.34;4.44;66.9;51.3;4;2.7;8.9;0.47;0.11;0.08;0.12
13;50;0;100;100;20.41;3.9;11.21;3.54;3.45;0.224;73;15.37;8.38;4.13;0.71;2.29;6.18;194.2;147.1;30.2;4.6;12.4;1.53;1.36;0.23;0.32;0.99;1.01;0.112;27;8.88;4.28;2.74;0.44;1.61;5.03;71.7;52.4;5.9;3.2;10.1;0.6;0.17;0.1;0.15
13;50;50;0;0;15.8;2.82;8.04;3.54;3.52;0.227;64.2;15.52;8.44;4.18;0.74;2.34;4.46;196.9;159.2;24.1;4.7;8.9;2.21;0.73;0.25;0.33;0.31;0.31;0.101;35.8;2.66;1.24;0.84;0.16;0.48;3.58;109.5;98.1;3.3;1;7.2;0.15;0.08;0.03;0.04
13;50;50;0;50;15.6;2.89;8.43;3.76;3.75;0.233;63.4;16.13;8.77;4.38;0.76;2.32;4.61;193.9;156.6;23.5;4.6;9.2;2.15;1.02;0.23;0.34;0.37;0.37;0.112;36.6;3.01;1.46;0.92;0.17;0.56;3.81;111.6;99.6;3.3;1.1;7.6;0.16;0.13;0.04;0.05
13;50;50;0;100;15.11;3.05;8.73;4.12;4.07;0.243;62.9;16.77;9.35;4.39;0.77;2.49;4.93;192.7;155.6;22.3;5;9.9;2.15;1.29;0.27;0.36;0.43;0.45;0.125;37.1;3.39;1.61;1.05;0.18;0.56;3.8;113.7;100.1;4.9;1.1;7.6;0.17;0.19;0.04;0.05
13;50;50;50;0;18.04;3.25;9.2;3.66;3.62;0.22;68.9;16.5;8.96;4.52;0.76;2.47;5.07;197.2;154.2;27.9;4.9;10.1;2.13;0.88;0.25;0.36;0.45;0.46;0.108;31.1;4.04;1.97;1.22;0.21;0.78;4.13;88.8;75.8;3.2;1.6;8.3;0.25;0.08;0.05;0.07
13;50;50;50;50;18.05;3.65;10.27;3.87;3.92;0.228;68;17.21;9.33;4.71;0.78;2.62;5.72;194.7;150.9;27;5.2;11.4;2.07;1.22;0.26;0.37;0.6;0.65;0.113;32;5.62;2.66;1.71;0.31;1.03;4.55;91.4;77.1;3.2;2.1;9.1;0.36;0.13;0.06;0.09
13;50;50;50;100;18.04;4.02;11.58;4.36;4.39;0.242;67.9;18.13;10.08;4.77;0.8;2.69;6.43;204.5;146.3;39.9;5.4;12.9;2.01;1.71;0.28;0.39;0.85;0.88;0.116;32.1;7.43;3.54;2.31;0.41;1.33;5.15;96.4;79;4.5;2.7;10.3;0.49;0.18;0.08;0.12
13;50;50;100;0;20.45;3.64;10.17;3.71;3.85;0.218;74.9;17.69;9.57;4.83;0.82;2.78;5.58;197.5;148.9;32;5.6;11.2;2.04;1.14;0.29;0.38;0.53;0.52;0.108;25.1;4.68;2.26;1.44;0.25;0.86;4.59;66.1;52;3.2;1.7;9.2;0.31;0.08;0.05;0.08
13;50;50;100;50;20.88;4.03;11.84;4.24;4.21;0.226;75.1;18.63;10.1;5.15;0.86;2.75;6.57;209.9;143.4;47.9;5.5;13.1;1.93;1.6;0.28;0.4;0.75;0.79;0.11;24.9;7.04;3.34;2.18;0.39;1.28;5.27;69.5;53.4;3;2.6;10.5;0.48;0.12;0.08;0.11
13;50;50;100;100;20.97;4.59;12.98;4.77;4.7;0.238;73.6;19.73;10.98;5.26;0.86;2.97;7.16;206.2;138.6;47.3;5.9;14.3;1.89;2.09;0.31;0.41;1.02;1.03;0.114;26.4;8.92;4.25;2.79;0.47;1.61;5.83;74;54.7;4.4;3.2;11.7;0.61;0.17;0.1;0.14
13;50;100;0;0;16.07;3.36;9.73;4.54;4.49;0.231;64.6;19.5;10.6;5.34;0.89;2.89;5.37;206.8;153.2;37.1;5.8;10.7;2.66;1.12;0.29;0.42;0.31;0.32;0.106;35.4;2.69;1.29;0.85;0.14;0.48;4.36;113.3;101.4;2.3;1;8.7;0.16;0.09;0.03;0.04
13;50;100;0;50;15.72;3.46;9.89;4.98;4.89;0.244;63.8;20.1;11.21;5.28;0.96;2.93;5.43;203.8;151.2;35.8;5.9;10.9;2.66;1.52;0.3;0.42;0.35;0.38;0.118;36.2;2.94;1.42;0.89;0.15;0.53;4.46;115.7;102.4;3.3;1.1;8.9;0.17;0.13;0.04;0.05
13;50;100;0;100;15.35;3.57;10.12;5.28;5.26;0.254;63.1;20.73;11.58;5.45;0.92;2.99;5.63;200.7;148.9;34.6;6;11.3;2.61;1.91;0.31;0.42;0.41;0.43;0.125;36.9;3.12;1.52;0.97;0.14;0.58;4.49;117.1;103.7;3.3;1.2;9;0.18;0.18;0.03;0.04
13;50;100;50;0;18.65;3.88;11;4.63;4.72;0.229;69.4;20.67;11.31;5.59;0.93;3.14;6.13;209.4;147.3;43.5;6.3;12.3;2.52;1.44;0.32;0.44;0.47;0.46;0.11;30.6;4.01;1.91;1.28;0.21;0.73;4.87;92.1;78.6;2.3;1.5;9.7;0.27;0.09;0.05;0.06
13;50;100;50;50;18.58;4.16;11.83;5.07;5.08;0.239;68.1;21.3;11.77;5.58;0.98;3.17;6.56;205.1;143;42.6;6.3;13.1;2.45;1.87;0.32;0.44;0.61;0.63;0.114;31.9;5.42;2.58;1.71;0.26;0.98;5.27;95.9;80.3;3.2;2;10.5;0.37;0.12;0.06;0.08
13;50;100;50;100;18.77;4.43;12.99;5.68;5.64;0.255;66.9;22.11;12.29;5.88;0.96;3.11;7.19;201.6;138.9;42;6.2;14.4;2.39;2.47;0.31;0.46;0.9;0.89;0.119;33.1;7.36;3.54;2.27;0.39;1.32;5.81;99.6;81.9;3.4;2.6;11.6;0.5;0.19;0.09;0.11
13;50;100;100;0;20.77;4.18;12.18;4.95;4.98;0.225;75.4;22.18;11.98;6.13;1.01;3.31;6.78;211;141.5;49.3;6.6;13.6;2.48;1.68;0.34;0.48;0.59;0.57;0.111;24.6;4.99;2.37;1.57;0.29;0.87;5.4;68.6;53.9;2.2;1.7;10.8;0.34;0.08;0.06;0.08
13;50;100;100;50;21.57;4.74;13.64;5.52;5.43;0.235;73.6;23.18;12.85;6.15;1.04;3.48;7.51;206.1;134.1;49.9;7;15;2.32;2.28;0.34;0.49;0.83;0.84;0.113;26.4;7.31;3.42;2.36;0.37;1.26;6.13;73.8;55.9;3.1;2.5;12.3;0.52;0.12;0.08;0.12
13;50;100;100;100;21.61;5.12;14.67;6.24;6.09;0.253;72.4;24.08;13.53;6.27;1.06;3.43;8.14;201.6;129.2;49.2;6.9;16.3;2.23;3.01;0.36;0.49;1.07;1.07;0.115;27.6;9.18;4.38;2.82;0.51;1.69;6.53;76.7;57.2;3;3.4;13.1;0.65;0.17;0.11;0.14
13;100;0;0;0;17.56;2.71;7.75;3.31;3.33;0.233;57;14.34;7.79;3.88;0.62;2.13;4.22;146.4;110.3;23.5;4.3;8.4;2.3;0.52;0.22;0.29;0.37;0.38;0.106;43;3.3;1.6;0.99;0.17;0.58;3.53;110.4;94.8;7.4;1.2;7.1;0.15;0.14;0.04;0.05
13;100;0;0;50;17.11;2.92;8.28;3.52;3.51;0.237;56.9;14.86;8.27;3.86;0.68;2.23;4.54;146.3;110.7;22;4.5;9.1;2.33;0.64;0.23;0.31;0.51;0.49;0.118;43.1;4.01;1.94;1.18;0.22;0.68;3.73;110.8;94.4;7.5;1.4;7.5;0.15;0.24;0.04;0.06
13;100;0;0;100;16.66;3.07;8.79;3.71;3.67;0.239;55.8;15.37;8.46;4.11;0.69;2.27;4.83;145.6;110.4;21;4.5;9.7;2.29;0.83;0.24;0.32;0.6;0.62;0.131;44.2;4.63;2.23;1.43;0.24;0.8;3.96;115.2;94.7;11;1.6;7.9;0.16;0.34;0.05;0.07
13;100;0;50;0;19.53;3.06;8.85;3.46;3.43;0.229;62.6;15.02;8.13;4.16;0.66;2.23;4.91;149.5;108.5;26.7;4.5;9.8;2.29;0.59;0.23;0.33;0.47;0.51;0.108;37.4;4.54;2.13;1.48;0.22;0.83;3.93;89.1;72.3;7.3;1.7;7.9;0.24;0.14;0.05;0.08
13;100;0;50;50;19.33;3.45;10.1;3.54;3.6;0.231;61.9;15.62;8.45;4.25;0.75;2.33;5.52;148.9;107.7;25.5;4.7;11;2.25;0.78;0.24;0.33;0.72;0.75;0.115;38.1;6.37;3.01;2;0.37;1.12;4.58;91.6;72.8;7.4;2.2;9.2;0.34;0.23;0.07;0.1
13;100;0;50;100;19.06;3.79;11.21;3.86;3.89;0.238;60.5;16.39;8.91;4.4;0.76;2.36;6.29;148.1;106.1;24.7;4.7;12.6;2.25;1.06;0.24;0.35;0.96;0.99;0.119;39.5;8.19;3.85;2.62;0.42;1.42;4.92;96.9;73.8;10.4;2.8;9.8;0.46;0.32;0.09;0.13
13;100;0;100;0;20.95;3.35;9.36;3.52;3.46;0.225;69.6;15.45;8.36;4.2;0.74;2.36;5.17;151.5;106.9;29.6;4.7;10.3;2.24;0.66;0.23;0.32;0.57;0.61;0.11;30.4;5.45;2.57;1.7;0.28;0.99;4.19;66.3;48.9;7.1;2;8.4;0.31;0.14;0.07;0.1
13;100;0;100;50;21.61;3.91;11.21;3.75;3.77;0.226;68.5;16.73;9.05;4.55;0.79;2.53;6.21;151.5;104.2;29.8;5.1;12.4;2.22;0.93;0.26;0.36;0.88;0.88;0.113;31.5;7.67;3.69;2.32;0.43;1.38;5;69.6;50;6.9;2.8;10;0.45;0.21;0.09;0.12
13;100;0;100;100;21.8;4.38;12.73;4.04;4.07;0.232;66.3;17.61;9.58;4.78;0.81;2.63;7.08;150.4;101.8;29.3;5.3;14.2;2.09;1.33;0.26;0.38;1.15;1.17;0.118;33.7;9.83;4.71;3.12;0.52;1.75;5.65;76.3;50.9;10.5;3.5;11.3;0.58;0.32;0.12;0.16
13;100;50;0;0;17.59;3.54;10.32;4.73;4.76;0.238;57.1;20.01;11.03;5.35;0.91;2.92;5.68;149.9;109.4;23.2;5.8;11.4;3.31;0.71;0.3;0.43;0.41;0.43;0.114;42.9;3.5;1.66;1.14;0.18;0.62;4.63;112.5;95.5;6.5;1.2;9.3;0.15;0.18;0.04;0.06
13;100;50;0;50;17.4;3.88;10.68;5.03;5.05;0.243;56.1;20.81;11.6;5.46;0.96;3.16;5.85;149.1;108.4;22.7;6.3;11.7;3.29;0.99;0.34;0.43;0.52;0.54;0.13;43.9;4;1.91;1.24;0.23;0.72;4.83;116.8;96.3;9.3;1.4;9.7;0.16;0.28;0.05;0.06
13;100;50;0;100;17.02;3.88;11.25;5.4;5.35;0.25;55.7;21.46;12.02;5.66;0.96;3.15;6.19;148.1;107.6;21.8;6.3;12.4;3.29;1.3;0.31;0.44;0.66;0.66;0.143;44.3;4.47;2.21;1.32;0.24;0.74;5.06;117.8;96.9;9.3;1.5;10.1;0.16;0.38;0.05;0.07
13;100;50;50;0;19.88;4.03;11.41;4.73;4.81;0.232;62.2;20.76;11.27;5.56;0.98;3.11;6.28;151.9;106.1;27.1;6.2;12.6;3.19;0.86;0.31;0.45;0.56;0.56;0.112;37.8;4.77;2.33;1.45;0.27;0.92;5.13;92.2;73.8;6.3;1.8;10.3;0.26;0.17;0.05;0.08
13;100;50;50;50;19.9;4.36;12.53;5.11;5.14;0.238;60.8;21.66;11.93;5.72;1.02;3.28;6.89;151.2;104.2;26.7;6.6;13.8;3.16;1.22;0.33;0.44;0.74;0.77;0.121;39.2;6.24;2.94;1.95;0.36;1.08;5.64;97.4;74.9;9;2.2;11.3;0.35;0.26;0.07;0.1
13;100;50;50;100;19.6;4.75;13.51;5.55;5.55;0.249;61.8;22.3;12.45;5.83;1;3.32;7.38;162.1;102.4;38.3;6.6;14.8;3.09;1.67;0.34;0.45;1.06;1.08;0.127;38.2;8.38;4.03;2.54;0.46;1.43;6.13;100.1;76;8.9;2.9;12.3;0.46;0.38;0.09;0.14
13;100;50;100;0;21.74;4.28;12.05;4.99;4.99;0.23;68.8;21.73;11.9;5.76;0.99;3.3;6.54;153;102.4;30.9;6.6;13.1;3.11;1.1;0.33;0.45;0.6;0.63;0.113;31.2;5.45;2.59;1.73;0.27;0.98;5.51;69.4;50.7;5.8;2;11;0.31;0.16;0.07;0.09
13;100;50;100;50;22.14;4.81;13.96;5.26;5.37;0.237;68.9;22.72;12.3;6.27;1.06;3.35;7.68;168.2;100.3;45.8;6.7;15.4;3.05;1.5;0.33;0.49;0.94;0.95;0.118;31.1;7.89;3.83;2.43;0.41;1.45;6.29;75.7;51.5;8.7;2.9;12.6;0.48;0.26;0.09;0.12
13;100;50;100;100;22.29;5.38;14.92;5.85;5.82;0.246;67.9;23.73;13.22;6.17;1.14;3.53;8.2;165.9;97.1;45.4;7.1;16.4;2.95;2.02;0.36;0.49;1.2;1.24;0.123;32.1;9.98;4.87;3;0.49;1.84;6.72;78.4;52.8;8.4;3.7;13.4;0.6;0.35;0.13;0.16
13;100;100;0;0;17.69;4.12;11.97;5.61;5.7;0.24;58.5;23.75;12.98;6.41;1.12;3.52;6.62;162.5;106.8;35.4;7;13.2;3.79;1.06;0.34;0.5;0.48;0.47;0.125;41.5;3.53;1.69;1.11;0.19;0.6;5.36;115;97.6;5.5;1.2;10.7;0.16;0.22;0.04;0.05
13;100;100;0;50;17.51;4.27;12.09;6.18;6.12;0.25;57.4;24.48;13.62;6.56;1.07;3.56;6.59;160.2;105.3;34.6;7.1;13.2;3.8;1.45;0.37;0.5;0.57;0.58;0.143;42.6;3.94;2;1.14;0.2;0.7;5.5;119;98.8;7.8;1.4;11;0.16;0.32;0.04;0.06
13;100;100;0;100;17.18;4.43;12.43;6.56;6.47;0.258;57.1;25.12;14.22;6.39;1.12;3.71;6.88;159.3;104.6;33.5;7.4;13.8;3.75;1.85;0.36;0.51;0.71;0.71;0.159;42.9;4.33;2.21;1.2;0.23;0.72;5.56;119.8;99.4;7.8;1.4;11.1;0.16;0.44;0.04;0.06
13;100;100;50;0;20.26;4.56;13.11;6.03;5.98;0.237;63.4;25.23;13.89;6.73;1.15;3.71;7.14;165.5;101;42.8;7.4;14.3;3.64;1.42;0.37;0.54;0.59;0.59;0.12;36.6;4.76;2.33;1.5;0.21;0.85;5.97;95.5;76.9;4.9;1.7;11.9;0.26;0.2;0.05;0.08
13;100;100;50;50;20;4.97;13.79;6.39;6.3;0.246;62.1;25.69;14.36;6.62;1.16;3.79;7.64;163.7;99.6;41.2;7.6;15.3;3.57;1.81;0.39;0.53;0.85;0.84;0.127;37.9;6.43;3.17;1.89;0.32;1.18;6.16;99.7;77.7;7.3;2.4;12.3;0.37;0.29;0.08;0.1
13;100;100;50;100;20;5.18;15.12;6.99;6.82;0.259;61.3;26.36;14.91;6.86;1.2;3.76;8.34;161.9;97.5;40.1;7.5;16.7;3.53;2.36;0.38;0.55;1.11;1.1;0.132;38.7;8.2;3.97;2.54;0.42;1.42;6.77;102.3;79;6.9;2.8;13.5;0.48;0.39;0.09;0.13
13;100;100;100;0;22.11;5.06;14.09;6.27;6.16;0.234;70.2;26.41;14.77;6.92;1.18;4.01;7.82;169.4;98.2;47.5;8;15.6;3.55;1.65;0.42;0.55;0.68;0.69;0.119;29.8;5.69;2.77;1.73;0.29;1.05;6.28;71.9;52.4;4.8;2.1;12.6;0.33;0.2;0.07;0.09
13;100;100;100;50;22.65;5.57;15.53;6.58;6.54;0.242;68.3;27.08;15.09;7.14;1.21;4.12;8.6;167.6;94.3;47.9;8.2;17.2;3.38;2.19;0.41;0.56;0.98;1.01;0.123;31.7;8.13;3.98;2.45;0.44;1.46;6.93;77.8;54;7;2.9;13.9;0.5;0.28;0.1;0.13
13;100;100;100;100;22.9;5.85;16.72;7.32;7.18;0.256;67.3;28.05;15.84;7.34;1.26;4.07;9.36;165.7;91.3;47.6;8.1;18.7;3.27;2.92;0.41;0.59;1.25;1.29;0.127;32.7;10;4.84;3.05;0.51;1.78;7.36;80.5;55.2;7;3.6;14.7;0.63;0.39;0.11;0.16
14;0;0;0;0;14.7;1.85;5.01;1.81;1.85;0.208;71.3;8.9;4.79;2.48;0.38;1.43;2.8;249.2;215.8;24.9;2.9;5.6;0.93;0.57;0.16;0.19;0.23;0.23;0.084;28.7;2.21;1.02;0.69;0.12;0.42;2.21;100.1;93;1.9;0.8;4.4;0.13;0.03;0.03;0.03
14;0;0;0;50;14.44;1.95;5.38;1.91;2.02;0.216;70.9;9.35;4.98;2.57;0.43;1.47;2.96;247.2;214.2;24.1;2.9;5.9;0.95;0.7;0.16;0.2;0.27;0.25;0.089;29.1;2.45;1.19;0.75;0.13;0.48;2.42;101.1;93.6;1.8;1;4.8;0.14;0.05;0.03;0.04
14;0;0;0;100;14.16;1.98;5.72;2.19;2.19;0.221;70.2;9.93;5.29;2.75;0.45;1.47;3.17;243.7;211.1;23.3;2.9;6.3;0.9;0.92;0.16;0.21;0.32;0.3;0.096;29.8;2.79;1.33;0.87;0.15;0.51;2.56;103.6;94.7;2.7;1;5.1;0.16;0.07;0.03;0.05
14;0;0;50;0;16.95;2.12;5.89;1.86;1.91;0.204;76;9.41;5.02;2.57;0.45;1.51;3.22;250.4;212.1;28.9;3;6.4;0.92;0.63;0.15;0.2;0.36;0.34;0.093;24;3.38;1.63;1.02;0.19;0.61;2.68;79.1;70.8;1.8;1.2;5.4;0.21;0.03;0.04;0.06
14;0;0;50;50;16.96;2.47;7.02;2.2;2.17;0.209;75.1;10.38;5.56;2.89;0.47;1.62;3.94;246.8;207.7;28;3.2;7.9;0.92;0.85;0.18;0.23;0.52;0.47;0.096;24.9;4.74;2.23;1.49;0.24;0.86;3.08;81.6;72;1.8;1.7;6.2;0.3;0.05;0.05;0.07
14;0;0;50;100;17.05;2.96;8.33;2.49;2.53;0.221;73.7;11.43;6.2;3.07;0.54;1.79;4.59;241.8;201.4;27.6;3.6;9.2;0.89;1.2;0.19;0.24;0.66;0.65;0.1;26.3;6.38;3.01;1.99;0.37;1.17;3.74;86.1;73.7;2.5;2.3;7.5;0.41;0.06;0.08;0.1
14;0;0;100;0;18.21;2.37;6.73;1.91;1.99;0.201;81.5;9.97;5.19;2.8;0.5;1.54;3.78;251.2;209.7;30.9;3.1;7.6;0.92;0.69;0.17;0.22;0.43;0.44;0.096;18.5;4.37;2.06;1.4;0.22;0.82;2.95;56.9;47.6;1.7;1.6;5.9;0.28;0.03;0.06;0.07
14;0;0;100;50;19.16;3.01;8.32;2.27;2.32;0.203;80.2;11.43;6;3.2;0.56;1.77;4.67;246.5;201.9;31.8;3.5;9.3;0.88;1;0.19;0.26;0.63;0.63;0.098;19.8;6.24;2.98;1.91;0.33;1.24;3.65;60.5;49.1;1.7;2.5;7.3;0.4;0.04;0.08;0.1
14;0;0;100;100;19.64;3.38;9.91;2.74;2.78;0.216;78.8;12.85;6.78;3.7;0.59;1.95;5.54;241;194.3;31.7;3.9;11.1;0.86;1.44;0.2;0.28;0.82;0.8;0.1;21.2;7.89;3.73;2.5;0.42;1.43;4.37;64.7;50.5;2.6;2.9;8.7;0.51;0.07;0.09;0.13
14;0;50;0;0;15.12;1.98;5.75;1.98;2.07;0.203;70.4;10.17;5.26;2.92;0.51;1.58;3.21;245.1;210.1;25.3;3.2;6.4;0.9;0.78;0.17;0.23;0.25;0.24;0.088;29.6;2.27;1.07;0.71;0.14;0.4;2.54;102.8;95.1;1.8;0.8;5.1;0.13;0.04;0.03;0.04
14;0;50;0;50;14.93;2.19;6.11;2.4;2.39;0.217;69.8;11.03;6;3.02;0.5;1.72;3.41;241.7;206.7;24.7;3.4;6.8;0.9;1.07;0.19;0.24;0.31;0.28;0.095;30.2;2.59;1.25;0.83;0.12;0.47;2.7;104.4;96.3;1.8;0.9;5.4;0.14;0.07;0.02;0.04
14;0;50;0;100;14.63;2.29;6.4;2.65;2.71;0.232;69;11.72;6.39;3.11;0.57;1.78;3.57;238.2;203.5;23.9;3.6;7.1;0.88;1.39;0.19;0.25;0.36;0.34;0.106;31;2.86;1.41;0.82;0.15;0.51;2.83;106.8;97.5;2.6;1;5.7;0.15;0.1;0.04;0.04
14;0;50;50;0;17.62;2.45;7.08;2.23;2.31;0.198;74.7;11.65;6.12;3.36;0.54;1.84;3.91;244.6;203.4;29.7;3.7;7.8;0.89;0.94;0.2;0.27;0.39;0.36;0.095;25.3;3.53;1.68;1.11;0.17;0.61;3.17;82.5;73.2;1.8;1.2;6.3;0.22;0.05;0.04;0.06
14;0;50;50;50;17.6;2.82;8.22;2.73;2.7;0.212;73.6;12.75;6.83;3.57;0.59;1.92;4.53;239;197.2;28.9;3.8;9.1;0.89;1.31;0.21;0.28;0.52;0.52;0.099;26.4;5.02;2.36;1.62;0.26;0.9;3.69;85.7;74.9;1.6;1.8;7.4;0.32;0.06;0.05;0.09
14;0;50;50;100;18;3.37;9.47;3.17;3.22;0.233;73.4;13.81;7.57;3.68;0.64;2.13;5.2;248.6;190.7;43.3;4.3;10.4;0.84;1.86;0.23;0.29;0.71;0.71;0.104;26.6;6.7;3.23;2.08;0.37;1.24;4.27;90.1;76.7;2.4;2.5;8.5;0.42;0.09;0.08;0.11
14;0;50;100;0;19.17;2.8;7.93;2.38;2.48;0.2;80.2;12.42;6.55;3.49;0.58;1.97;4.42;243.7;198.8;32.1;3.9;8.8;0.87;1.13;0.21;0.28;0.47;0.47;0.097;19.8;4.63;2.13;1.44;0.27;0.83;3.51;60.1;49.6;1.7;1.7;7;0.29;0.05;0.06;0.07
14;0;50;100;50;20.16;3.47;9.78;3.1;3.06;0.213;79.8;14.34;7.86;3.88;0.69;2.28;5.36;254.2;188.9;50;4.6;10.7;0.85;1.66;0.24;0.31;0.68;0.68;0.1;20.2;6.65;3.09;2.13;0.36;1.19;4.42;64.3;51.5;1.6;2.4;8.8;0.43;0.06;0.08;0.12
14;0;50;100;100;20.64;3.9;11.06;3.6;3.6;0.23;78.4;15.64;8.56;4.2;0.75;2.38;6.2;248.2;181.1;49.9;4.8;12.4;0.8;2.21;0.26;0.34;0.89;0.85;0.101;21.6;8.24;3.9;2.61;0.46;1.51;4.86;68;52.9;2.3;3;9.7;0.53;0.09;0.09;0.13
14;0;100;0;0;15.8;2.32;6.7;2.52;2.55;0.207;70.1;12.32;6.51;3.47;0.6;1.88;3.65;251.7;201.2;39.4;3.8;7.3;0.89;1.18;0.2;0.28;0.29;0.27;0.094;29.9;2.43;1.18;0.75;0.13;0.44;3.05;107.1;98.4;1.7;0.9;6.1;0.13;0.06;0.03;0.04
14;0;100;0;50;15.49;2.4;7.01;2.97;2.98;0.229;69.5;13.03;7.1;3.54;0.61;1.91;3.89;247.5;197.5;38.4;3.8;7.8;0.87;1.62;0.21;0.28;0.31;0.3;0.1;30.5;2.66;1.29;0.82;0.14;0.49;3.12;108.6;99.7;1.7;1;6.2;0.15;0.08;0.03;0.04
14;0;100;0;100;15.13;2.5;7.34;3.33;3.38;0.246;68.8;13.76;7.57;3.67;0.65;1.98;4.1;244.2;195;37;4;8.2;0.85;2.03;0.21;0.29;0.36;0.37;0.113;31.2;3;1.43;0.93;0.16;0.52;3.24;110.7;100.7;2.6;1;6.5;0.16;0.13;0.04;0.05
14;0;100;50;0;18.57;2.91;8.27;2.83;2.97;0.207;74.3;14.33;7.57;4;0.71;2.25;4.62;251.7;191.3;46.7;4.5;9.2;0.85;1.56;0.24;0.32;0.4;0.39;0.097;25.7;3.72;1.76;1.18;0.21;0.66;3.65;86.7;76.5;1.6;1.3;7.3;0.23;0.05;0.04;0.06
14;0;100;50;50;18.47;3.17;9.19;3.4;3.39;0.225;73.3;15.1;8.14;4.2;0.67;2.21;5.09;246.3;186.5;45.2;4.4;10.2;0.83;2;0.24;0.32;0.57;0.55;0.103;26.7;5.19;2.44;1.59;0.28;0.95;4.1;89.6;77.9;1.6;1.9;8.2;0.33;0.09;0.06;0.08
14;0;100;50;100;18.58;3.58;10.36;4;4.02;0.25;71.9;16.11;8.99;4.3;0.68;2.35;5.75;240.5;179.5;44.9;4.7;11.5;0.77;2.66;0.26;0.34;0.76;0.73;0.104;28.1;6.87;3.26;2.19;0.35;1.22;4.61;93.6;79.8;2.1;2.4;9.2;0.44;0.11;0.08;0.11
14;0;100;100;0;20.22;3.22;9.24;3.05;3.13;0.205;79.8;15.28;8.06;4.33;0.72;2.37;5.15;251.7;186.2;50.5;4.7;10.3;0.81;1.72;0.26;0.34;0.53;0.51;0.1;20.2;4.94;2.29;1.55;0.25;0.86;4.08;63.6;52;1.7;1.7;8.2;0.31;0.06;0.07;0.08
14;0;100;100;50;21.4;3.83;10.99;3.87;3.82;0.221;78.3;17.26;9.29;4.73;0.81;2.6;6.13;245.1;175;52.6;5.2;12.3;0.76;2.4;0.29;0.37;0.76;0.7;0.102;21.7;6.76;3.21;2.12;0.38;1.23;4.86;67.8;54;1.5;2.5;9.7;0.44;0.08;0.07;0.11
14;0;100;100;100;21.79;4.35;12.31;4.61;4.6;0.248;76.9;18.55;10.3;4.96;0.81;2.74;6.89;239.2;167.7;52.2;5.5;13.8;0.74;3.18;0.29;0.39;0.92;0.91;0.103;23.1;8.6;4.06;2.72;0.46;1.61;5.42;71.7;55.4;2.3;3.2;10.8;0.56;0.12;0.1;0.13
14;50;0;0;0;15.9;2.34;6.57;2.74;2.83;0.232;66.3;12.2;6.62;3.32;0.55;1.88;3.67;200.7;164.9;24.6;3.8;7.3;1.81;0.55;0.21;0.26;0.28;0.26;0.089;33.7;2.52;1.22;0.79;0.13;0.45;2.9;101.7;91.5;3.5;0.9;5.8;0.13;0.07;0.02;0.04
14;50;0;0;50;15.51;2.35;6.97;2.87;2.95;0.236;66;12.53;6.8;3.45;0.6;1.85;3.87;199.3;164.2;23.7;3.7;7.7;1.78;0.69;0.19;0.28;0.37;0.32;0.096;34;2.91;1.44;0.89;0.14;0.5;3.1;102.5;91.8;3.5;1;6.2;0.14;0.1;0.03;0.05
14;50;0;0;100;15.18;2.62;7.17;3.15;3.2;0.24;65.1;13.39;7.35;3.5;0.63;2.02;3.98;196.9;162;23;4;8;1.79;0.91;0.22;0.29;0.35;0.37;0.109;34.9;3.11;1.49;0.93;0.17;0.6;3.19;105.7;92.9;5.2;1.2;6.4;0.14;0.14;0.04;0.05
14;50;0;50;0;17.98;2.67;7.4;2.82;2.89;0.227;71.4;12.74;6.95;3.41;0.55;2.01;4.07;202.4;161.9;28.3;4;8.1;1.79;0.63;0.21;0.27;0.38;0.38;0.096;28.6;3.73;1.7;1.2;0.21;0.66;3.33;81.1;69.7;3.5;1.3;6.7;0.21;0.07;0.04;0.06
14;50;0;50;50;17.72;2.9;8.4;3.05;3.07;0.23;70.5;13.4;7.25;3.69;0.63;1.98;4.66;199.9;159.2;27.4;4;9.3;1.75;0.82;0.21;0.3;0.56;0.52;0.1;29.5;5.09;2.47;1.53;0.25;0.92;3.74;83.4;70.7;3.4;1.8;7.5;0.3;0.09;0.06;0.08
14;50;0;50;100;17.99;3.4;9.8;3.32;3.41;0.238;69.1;14.37;7.89;3.83;0.7;2.17;5.41;197.6;155.5;27;4.3;10.8;1.71;1.16;0.23;0.3;0.74;0.72;0.104;30.9;6.8;3.23;2.12;0.38;1.23;4.39;88.3;72.1;5;2.5;8.8;0.4;0.15;0.07;0.1
14;50;0;100;0;19.2;2.88;8.11;2.99;2.95;0.223;77.3;13.24;7.19;3.56;0.6;2.01;4.5;202.7;159.2;30.5;4;9;1.74;0.69;0.23;0.29;0.49;0.48;0.097;22.7;4.76;2.25;1.5;0.25;0.87;3.62;59.5;47.2;3.4;1.7;7.2;0.29;0.06;0.05;0.08
14;50;0;100;50;20.38;3.49;9.76;3.16;3.25;0.222;76;14.71;7.93;4.01;0.68;2.31;5.35;200.3;153.2;31.8;4.6;10.7;1.66;1.02;0.24;0.33;0.71;0.66;0.1;24;6.5;3.1;2.04;0.31;1.18;4.41;63.1;48.6;3.3;2.4;8.8;0.39;0.09;0.07;0.11
14;50;0;100;100;20.55;3.9;11.23;3.57;3.67;0.231;74.5;15.95;8.65;4.4;0.74;2.39;6.29;197.6;148.8;31.5;4.8;12.6;1.62;1.44;0.25;0.36;0.9;0.87;0.104;25.5;8.22;3.88;2.56;0.45;1.51;4.95;67.5;49.7;4.8;3;9.9;0.5;0.14;0.1;0.13
14;50;50;0;0;15.56;2.79;7.94;3.69;3.74;0.238;66;15.75;8.67;4.25;0.73;2.36;4.45;200.4;162.3;24.5;4.7;8.9;2.4;0.74;0.26;0.35;0.28;0.27;0.093;34;2.51;1.16;0.78;0.14;0.43;3.49;103.2;92.8;2.6;0.9;7;0.13;0.07;0.03;0.04
14;50;50;0;50;15.57;2.88;8.32;3.9;3.95;0.242;65.2;16.34;8.86;4.36;0.84;2.37;4.67;197.6;159.2;24.3;4.7;9.3;2.3;1.04;0.25;0.36;0.34;0.33;0.103;34.8;2.87;1.37;0.86;0.17;0.51;3.65;105.2;94.3;2.6;1;7.3;0.14;0.1;0.04;0.05
14;50;50;0;100;15.36;3.06;8.75;4.34;4.34;0.251;64.3;17.3;9.7;4.45;0.79;2.55;4.84;194.8;156.3;23.7;5.1;9.7;2.31;1.4;0.27;0.36;0.39;0.36;0.113;35.7;2.97;1.47;0.9;0.16;0.51;3.91;108.2;95.7;3.7;1;7.8;0.15;0.14;0.03;0.05
14;50;50;50;0;18.2;3.2;9.2;3.78;3.83;0.229;70.6;16.77;9.06;4.63;0.82;2.49;5.15;200.9;156.8;28.9;5;10.3;2.28;0.91;0.26;0.38;0.38;0.39;0.098;29.4;3.71;1.78;1.16;0.2;0.7;4.04;83.7;71.6;2.6;1.4;8.1;0.22;0.07;0.05;0.06
14;50;50;50;50;18.3;3.56;10.3;4.18;4.18;0.235;69.4;17.81;9.81;4.78;0.78;2.66;5.72;197.2;152;28.5;5.3;11.4;2.21;1.31;0.28;0.38;0.61;0.55;0.102;30.6;5.19;2.46;1.59;0.28;0.9;4.58;86.9;73.4;2.5;1.8;9.2;0.31;0.1;0.06;0.08
14;50;50;50;100;18.36;3.95;11.32;4.62;4.66;0.25;69.5;18.65;10.35;4.91;0.85;2.74;6.24;208;147.8;42.3;5.5;12.5;2.18;1.79;0.29;0.4;0.74;0.74;0.106;30.5;6.81;3.19;2.16;0.35;1.21;5.08;91.1;75;3.5;2.4;10.2;0.41;0.14;0.08;0.11
14;50;50;100;0;19.59;3.51;9.89;3.9;3.96;0.228;76.4;17.41;9.46;4.68;0.84;2.63;5.49;200.4;152.8;31.4;5.3;11;2.21;1.1;0.28;0.38;0.51;0.48;0.098;23.6;4.71;2.26;1.42;0.24;0.88;4.4;61.7;48.7;2.4;1.8;8.8;0.29;0.06;0.05;0.07
14;50;50;100;50;20.73;4.16;11.6;4.47;4.47;0.234;76.3;19.1;10.57;5.04;0.86;2.88;6.39;212.7;145.2;49;5.8;12.8;2.13;1.64;0.3;0.4;0.68;0.7;0.101;23.7;6.75;3.2;2.06;0.36;1.29;5.21;65.8;50.6;2.2;2.6;10.4;0.42;0.09;0.08;0.11
14;50;50;100;100;21.12;4.44;12.87;4.96;4.95;0.246;75;20.18;11.21;5.32;0.91;2.92;7.15;209.6;140.7;48.8;5.8;14.3;2.04;2.16;0.32;0.42;0.92;0.9;0.105;25;8.39;3.96;2.69;0.45;1.51;5.72;69.7;51.7;3.5;3;11.4;0.52;0.14;0.1;0.14
14;50;100;0;0;16.25;3.43;9.5;4.66;4.73;0.24;66.3;19.72;10.83;5.28;0.85;2.98;5.29;211.1;155.9;38.7;6;10.6;2.85;1.15;0.32;0.41;0.28;0.27;0.095;33.7;2.44;1.17;0.76;0.12;0.45;4.21;107;95.9;1.8;0.9;8.4;0.14;0.07;0.03;0.04
14;50;100;0;50;15.93;3.44;9.81;5.12;5.15;0.252;65.5;20.46;11.43;5.28;0.96;2.95;5.62;207.8;153.3;37.3;5.9;11.2;2.79;1.6;0.32;0.44;0.34;0.33;0.106;34.5;2.74;1.34;0.82;0.13;0.49;4.19;109.4;97.2;2.9;1;8.4;0.15;0.1;0.03;0.05
14;50;100;0;100;15.73;3.39;10.07;5.46;5.47;0.262;64.6;20.88;11.61;5.5;0.96;2.89;5.53;203.4;150.1;36.5;5.8;11.1;2.75;1.99;0.3;0.44;0.42;0.39;0.118;35.4;3.03;1.49;0.89;0.15;0.51;4.55;111.5;98.8;2.7;1;9.1;0.16;0.14;0.03;0.05
14;50;100;50;0;18.94;3.86;10.82;4.93;5;0.237;70.7;21.18;11.57;5.64;1;3.22;5.94;211.7;147.8;45.6;6.4;11.9;2.69;1.52;0.34;0.45;0.39;0.39;0.1;29.3;3.69;1.7;1.17;0.21;0.64;4.88;87.6;74.9;1.7;1.3;9.8;0.22;0.06;0.04;0.06
14;50;100;50;50;18.96;4.16;12.07;5.33;5.47;0.247;69.5;22.2;12.2;5.97;1.03;3.22;6.71;208.5;143.9;44.7;6.4;13.4;2.65;1.99;0.36;0.47;0.56;0.56;0.104;30.5;5.21;2.45;1.62;0.29;0.94;5.35;91.4;76.4;2.4;1.9;10.7;0.32;0.09;0.06;0.08
14;50;100;50;100;18.91;4.53;12.84;5.88;5.94;0.263;68.4;22.59;12.77;5.83;0.98;3.28;7.14;204.1;139.6;43.6;6.6;14.3;2.54;2.57;0.35;0.46;0.75;0.75;0.107;31.6;6.88;3.29;2.16;0.4;1.25;5.7;94.2;78;2.4;2.5;11.4;0.43;0.13;0.07;0.12
14;50;100;100;0;20.65;4.24;12;5.12;5.19;0.233;76.5;22.38;12.15;6.03;1.04;3.42;6.63;212.7;143;49.6;6.8;13.3;2.63;1.72;0.36;0.48;0.54;0.49;0.099;23.5;4.82;2.21;1.54;0.26;0.82;5.37;65.1;51.1;1.6;1.6;10.7;0.31;0.06;0.05;0.08
14;50;100;100;50;21.5;4.75;13.47;5.8;5.7;0.242;75.2;23.57;13.17;6.18;1.08;3.52;7.6;210.1;137.2;50.6;7;15.2;2.52;2.31;0.37;0.5;0.77;0.72;0.102;24.8;6.87;3.24;2.16;0.41;1.23;5.87;69.2;52.6;2.5;2.5;11.7;0.44;0.09;0.08;0.11
14;50;100;100;100;21.97;5.17;14.55;6.44;6.41;0.26;73.7;24.7;14.04;6.33;1.12;3.62;8.11;204.2;129.4;51.3;7.2;16.2;2.36;3.15;0.38;0.51;0.98;0.91;0.105;26.3;8.55;4.08;2.72;0.43;1.55;6.45;72.7;54.5;2.2;3.1;12.9;0.55;0.12;0.11;0.14
14;100;0;0;0;17.33;2.72;7.81;3.67;3.62;0.245;58.9;14.85;8.13;4.06;0.64;2.16;4.33;149.4;112.4;24.1;4.3;8.7;2.54;0.54;0.23;0.31;0.32;0.33;0.097;41.1;3.07;1.41;1.02;0.14;0.56;3.48;104.1;89.7;6.4;1.1;7;0.13;0.12;0.04;0.05
14;100;0;0;50;17.19;2.96;8.3;3.68;3.73;0.247;58.7;15.13;8.4;4.03;0.68;2.28;4.58;149.4;112.5;23.2;4.6;9.2;2.49;0.68;0.25;0.31;0.49;0.45;0.111;41.3;3.78;1.85;1.14;0.21;0.68;3.72;105;89.6;6.6;1.4;7.4;0.14;0.2;0.04;0.06
14;100;0;0;100;16.7;3.13;8.86;4;4.01;0.25;57.5;16.09;9.01;4.23;0.68;2.32;4.88;148;111.5;22.1;4.6;9.8;2.54;0.88;0.25;0.34;0.57;0.55;0.125;42.5;4.3;2.18;1.28;0.2;0.81;3.98;109.4;90.3;9.5;1.6;8;0.15;0.28;0.05;0.07
14;100;0;50;0;19.49;3.11;8.67;3.59;3.71;0.24;64.6;15.48;8.49;4.13;0.72;2.33;4.84;153;110.9;27.7;4.7;9.7;2.52;0.61;0.25;0.32;0.45;0.45;0.102;35.4;4.24;2;1.33;0.2;0.78;3.83;83.8;68;6.6;1.6;7.7;0.2;0.13;0.06;0.07
14;100;0;50;50;19.41;3.46;9.76;3.82;3.88;0.242;63.8;16.09;8.85;4.33;0.71;2.44;5.41;151.8;109.1;27;4.9;10.8;2.48;0.8;0.26;0.34;0.66;0.63;0.107;36.2;5.76;2.76;1.77;0.29;1.02;4.36;86.1;69.1;6.3;2;8.7;0.29;0.19;0.07;0.09
14;100;0;50;100;19.55;3.94;11.08;4.16;4.16;0.246;61.9;16.92;9.42;4.47;0.72;2.49;6.18;150.6;107;26.3;5;12.4;2.39;1.15;0.27;0.35;0.9;0.88;0.113;38.1;7.72;3.78;2.36;0.38;1.46;4.9;92.5;70.2;9.6;2.9;9.8;0.38;0.29;0.09;0.12
14;100;0;100;0;20.7;3.33;9.37;3.64;3.7;0.236;71;15.77;8.6;4.14;0.79;2.36;5.22;153.8;109;29.6;4.7;10.4;2.44;0.67;0.25;0.34;0.56;0.54;0.1;29;5.21;2.5;1.6;0.28;0.97;4.16;62.8;46.1;6.5;1.9;8.3;0.27;0.13;0.06;0.09
14;100;0;100;50;21.56;3.9;11.15;3.82;3.97;0.234;70;16.99;9.21;4.59;0.83;2.58;6.21;154;105.9;30.5;5.2;12.4;2.37;0.97;0.28;0.36;0.77;0.78;0.105;30;7.26;3.43;2.27;0.39;1.32;4.94;66;47.2;6.2;2.6;9.9;0.39;0.19;0.09;0.12
14;100;0;100;100;21.79;4.31;12.56;4.27;4.39;0.24;67.9;18.32;9.91;4.96;0.85;2.65;6.91;152.2;102.6;30.4;5.3;13.8;2.33;1.39;0.27;0.4;1.02;1.01;0.109;32.1;9.07;4.35;2.8;0.48;1.66;5.65;71.9;48.5;8.8;3.3;11.3;0.49;0.27;0.11;0.15
14;100;50;0;0;17.75;3.58;9.99;5.07;5.1;0.25;59;20.47;11.31;5.38;0.89;3.01;5.59;152.7;111.2;24.4;6;11.2;3.6;0.74;0.31;0.45;0.38;0.36;0.105;41;3.11;1.49;0.96;0.15;0.57;4.41;106.2;90.6;5.7;1.1;8.8;0.12;0.16;0.03;0.05
14;100;50;0;50;17.15;3.73;10.74;5.31;5.43;0.255;58.1;21.3;11.8;5.67;0.96;3.07;6.05;152.2;110.7;23.2;6.1;12.1;3.64;1.01;0.33;0.45;0.52;0.48;0.121;41.9;3.69;1.84;1.07;0.21;0.66;4.68;109.6;90.9;8.1;1.3;9.4;0.14;0.24;0.04;0.05
14;100;50;0;100;16.95;3.84;11.04;5.62;5.65;0.261;57.4;21.65;12.12;5.66;0.97;3.13;6.08;150.3;109.3;22.5;6.3;12.2;3.55;1.31;0.34;0.45;0.6;0.59;0.136;42.6;4.19;2.07;1.27;0.22;0.71;4.96;111.4;91.9;8.1;1.4;9.9;0.15;0.33;0.05;0.06
14;100;50;50;0;19.82;3.9;11.24;5.1;5.22;0.244;64.3;21.43;11.72;5.73;1.03;3.12;6.27;155.5;108.4;28.3;6.2;12.5;3.54;0.89;0.34;0.45;0.47;0.47;0.106;35.7;4.26;2.04;1.29;0.21;0.78;4.96;86.3;69.5;5.4;1.6;9.9;0.21;0.15;0.05;0.06
14;100;50;50;50;19.74;4.3;12.36;5.46;5.49;0.249;62.4;22.14;12.3;5.79;1;3.25;6.83;153.3;105.7;27.4;6.5;13.7;3.44;1.24;0.35;0.46;0.68;0.7;0.113;37.6;5.97;2.84;1.88;0.28;1.05;5.53;92.1;71;8;2.1;11.1;0.3;0.23;0.06;0.1
14;100;50;50;100;19.89;4.73;13.47;5.85;5.91;0.259;63.5;22.88;12.81;6.01;1.03;3.31;7.48;165.3;103.3;40.4;6.6;15;3.35;1.74;0.35;0.47;0.95;0.92;0.118;36.5;7.73;3.72;2.35;0.41;1.42;5.99;94.8;72.3;7.7;2.8;12;0.4;0.32;0.09;0.12
14;100;50;100;0;21.22;4.16;12.04;5.26;5.33;0.243;70.4;22.05;12.07;5.89;1.06;3.18;6.66;155.8;105.4;30.7;6.4;13.3;3.44;1.08;0.33;0.48;0.59;0.57;0.106;29.6;5.27;2.57;1.61;0.25;0.98;5.38;65.3;47.4;5.2;2;10.8;0.28;0.14;0.06;0.09
14;100;50;100;50;22.13;4.65;13.54;5.66;5.69;0.246;70.6;23.18;12.83;6.18;1.06;3.37;7.59;170.5;101.2;47.4;6.7;15.2;3.25;1.57;0.35;0.51;0.85;0.83;0.111;29.4;7.35;3.42;2.33;0.4;1.28;5.95;71.1;49;7.7;2.6;11.9;0.4;0.23;0.08;0.11
14;100;50;100;100;22.54;5.13;14.77;6.15;6.14;0.254;69.6;24.19;13.54;6.33;1.07;3.54;8.11;168.8;97.9;47.7;7.1;16.2;3.17;2.11;0.36;0.5;1.08;1.04;0.113;30.4;9.04;4.37;2.73;0.51;1.59;6.66;73.9;50.2;7.2;3.2;13.3;0.5;0.29;0.09;0.15
14;100;100;0;0;18.03;4.21;11.91;6.06;6.15;0.251;60.3;24.56;13.74;6.43;1.11;3.64;6.66;166;107.6;37.8;7.3;13.3;4.11;1.14;0.38;0.52;0.4;0.41;0.117;39.7;3.25;1.59;0.99;0.17;0.57;5.25;109.4;93.2;4.6;1.1;10.5;0.13;0.19;0.04;0.05
14;100;100;0;50;17.49;4.21;12.04;6.45;6.52;0.261;59.1;25.04;14.15;6.46;1.13;3.59;6.65;163;106.4;36.1;7.2;13.3;4.08;1.54;0.39;0.51;0.53;0.49;0.129;40.9;3.53;1.8;1.02;0.17;0.63;5.39;112.7;94.1;6.6;1.3;10.8;0.14;0.26;0.04;0.05
14;100;100;0;100;17.33;4.4;12.5;6.84;6.9;0.268;58.4;25.72;14.5;6.68;1.15;3.73;6.84;161.3;104.9;35.3;7.5;13.7;4.01;1.97;0.4;0.52;0.65;0.63;0.15;41.6;4.06;2.02;1.25;0.21;0.67;5.65;114.7;95.2;6.8;1.3;11.3;0.15;0.38;0.04;0.06
14;100;100;50;0;20.16;4.61;13.04;6.25;6.36;0.248;65.3;25.66;14.11;6.87;1.19;3.81;7.22;169.2;103.2;43.9;7.6;14.4;3.96;1.45;0.42;0.53;0.52;0.51;0.112;34.7;4.39;2.12;1.35;0.22;0.8;5.82;89.8;72.3;4.2;1.6;11.6;0.22;0.17;0.06;0.07
14;100;100;50;50;20.18;4.91;13.81;6.73;6.72;0.256;63.9;26.33;14.75;6.84;1.14;3.8;7.72;167;100.8;43.1;7.6;15.4;3.88;1.89;0.4;0.55;0.72;0.71;0.119;36.1;5.88;2.85;1.74;0.33;1.11;6.08;94.2;73.7;6.1;2.2;12.2;0.31;0.25;0.07;0.09
14;100;100;50;100;20.07;5.13;14.91;7.12;7.2;0.269;62.9;26.83;15.26;6.83;1.24;3.82;8.32;164.5;98.5;41.7;7.6;16.6;3.79;2.46;0.4;0.55;0.99;0.96;0.123;37.1;7.67;3.72;2.36;0.42;1.31;6.59;96.8;74.9;6.1;2.6;13.2;0.41;0.34;0.09;0.12
14;100;100;100;0;21.82;4.84;13.75;6.41;6.39;0.245;71.5;26.19;14.53;6.87;1.18;3.89;7.54;170.8;100.1;47.8;7.8;15.1;3.82;1.61;0.42;0.55;0.63;0.62;0.11;28.5;5.46;2.6;1.73;0.28;0.95;6.21;67.8;49.4;4.1;1.9;12.4;0.29;0.17;0.06;0.1
14;100;100;100;50;22.7;5.33;15.23;6.96;6.92;0.251;69.8;27.67;15.44;7.24;1.14;3.99;8.48;169.6;95;49.6;8;17;3.65;2.27;0.44;0.57;0.9;0.85;0.113;30.2;7.46;3.58;2.3;0.36;1.34;6.76;73.2;51.3;5.8;2.7;13.5;0.43;0.24;0.08;0.11
14;100;100;100;100;22.89;5.65;16.42;7.66;7.57;0.265;68.8;28.61;16.14;7.36;1.31;4.03;9.17;167.4;91.4;49.6;8.1;18.3;3.51;3.03;0.43;0.59;1.15;1.1;0.117;31.2;9.25;4.42;2.86;0.5;1.62;7.25;76;52.6;5.6;3.2;14.5;0.53;0.31;0.11;0.15
15;0;0;0;0;15.24;1.72;5.08;1.91;1.93;0.215;73.1;9.01;4.86;2.43;0.44;1.35;2.91;255.3;220.8;26;2.7;5.8;1.02;0.57;0.14;0.2;0.23;0.21;0.082;26.9;2.13;0.99;0.7;0.11;0.37;2.17;93.9;87;1.8;0.7;4.3;0.13;0.03;0.02;0.03
15;0;0;0;50;15;1.89;5.35;2.11;2.08;0.221;72.6;9.44;5.17;2.57;0.41;1.46;3;252.4;218.4;25.1;2.9;6;1;0.73;0.15;0.2;0.24;0.25;0.088;27.4;2.38;1.12;0.74;0.14;0.43;2.34;95.3;87.8;1.9;0.9;4.7;0.13;0.05;0.02;0.04
15;0;0;0;100;14.55;2.06;5.82;2.38;2.34;0.226;71.7;10.37;5.61;2.84;0.49;1.54;3.26;248.6;214.7;24.3;3.1;6.5;0.97;0.96;0.17;0.23;0.27;0.29;0.095;28.3;2.73;1.29;0.84;0.15;0.52;2.56;97.8;89.1;2.6;1;5.1;0.15;0.07;0.03;0.05
15;0;0;50;0;17.5;2.06;6.18;2;2.05;0.208;77.3;9.85;5.14;2.8;0.49;1.49;3.4;255.4;215.9;29.7;3;6.8;1.02;0.67;0.15;0.22;0.32;0.32;0.091;22.7;3.21;1.47;1.04;0.17;0.57;2.78;75;66.5;1.8;1.1;5.6;0.2;0.03;0.04;0.05
15;0;0;50;50;17.27;2.46;6.86;2.27;2.23;0.213;76.5;10.44;5.68;2.8;0.47;1.65;3.81;251.5;211.8;28.8;3.3;7.6;0.96;0.87;0.18;0.22;0.5;0.46;0.097;23.5;4.61;2.13;1.45;0.26;0.81;3.06;77.1;67.5;1.8;1.6;6.1;0.29;0.05;0.05;0.08
15;0;0;50;100;17.36;2.83;8.22;2.53;2.61;0.227;75.4;11.51;6.21;3.19;0.5;1.71;4.63;247.9;206.9;28.2;3.4;9.3;0.96;1.2;0.2;0.25;0.62;0.61;0.099;24.6;6.05;2.85;1.94;0.3;1.12;3.59;80.8;68.8;2.6;2.2;7.2;0.39;0.07;0.06;0.09
15;0;0;100;0;18.26;2.3;6.66;2.03;2.01;0.205;82.5;9.83;5.21;2.73;0.47;1.47;3.73;255.5;214.1;31;2.9;7.5;0.94;0.69;0.16;0.21;0.43;0.44;0.094;17.5;4.41;2.06;1.36;0.25;0.83;2.93;53.9;44.6;1.8;1.7;5.9;0.28;0.03;0.05;0.07
15;0;0;100;50;19.27;2.95;8.44;2.38;2.41;0.208;81.3;11.6;6.21;3.2;0.56;1.8;4.73;250.4;205.4;31.9;3.6;9.5;0.94;1.02;0.19;0.26;0.66;0.63;0.097;18.7;6.32;3;1.98;0.34;1.15;3.71;57.6;46.1;1.8;2.3;7.4;0.41;0.04;0.07;0.11
15;0;0;100;100;20.05;3.35;9.72;2.92;2.92;0.22;80.1;13.29;7.12;3.67;0.67;1.98;5.56;246.1;198.2;32.8;4;11.1;0.92;1.49;0.21;0.3;0.73;0.74;0.099;19.9;7.35;3.42;2.31;0.43;1.37;4.16;60.8;47.3;2.4;2.7;8.3;0.48;0.06;0.08;0.12
15;0;50;0;0;15.47;1.97;5.59;2.21;2.18;0.21;72.2;10.39;5.58;2.85;0.49;1.57;3.18;250.7;215;26.3;3.1;6.4;0.98;0.79;0.17;0.24;0.22;0.22;0.086;27.8;2.13;1.04;0.62;0.11;0.4;2.41;96.3;89;1.7;0.8;4.8;0.12;0.04;0.03;0.03
15;0;50;0;50;15.25;2.19;6.13;2.52;2.51;0.222;71.5;11.34;6.14;3.06;0.53;1.73;3.46;247;211;25.6;3.5;6.9;0.97;1.11;0.18;0.24;0.3;0.27;0.094;28.5;2.45;1.19;0.76;0.11;0.46;2.67;98.4;90.3;1.8;0.9;5.3;0.14;0.07;0.03;0.04
15;0;50;0;100;15.17;2.32;6.57;2.93;2.89;0.236;70.5;12.25;6.76;3.23;0.56;1.81;3.68;242.4;206.4;25;3.6;7.4;0.97;1.47;0.19;0.26;0.35;0.32;0.105;29.5;2.76;1.4;0.82;0.14;0.51;2.9;101.4;91.9;2.7;1;5.8;0.15;0.1;0.03;0.04
15;0;50;50;0;17.96;2.48;6.97;2.28;2.38;0.203;76.3;11.79;6.21;3.3;0.59;1.85;3.92;250.2;208.1;30.6;3.7;7.8;0.96;0.96;0.2;0.27;0.36;0.35;0.095;23.7;3.39;1.61;1.04;0.18;0.64;3.04;77.5;68.5;1.6;1.3;6.1;0.21;0.04;0.04;0.06
15;0;50;50;50;18.19;2.78;8.1;2.79;2.76;0.214;74.9;12.91;6.93;3.51;0.6;1.95;4.46;243;200;30.2;3.9;8.9;0.89;1.37;0.21;0.28;0.51;0.49;0.099;25.1;4.78;2.21;1.52;0.27;0.83;3.63;81.1;70.5;1.6;1.7;7.3;0.3;0.06;0.05;0.08
15;0;50;50;100;18.42;3.3;9.28;3.32;3.32;0.237;74.8;14.02;7.68;3.77;0.68;2.15;5.1;253.3;194;44.8;4.3;10.2;0.9;1.9;0.22;0.3;0.71;0.67;0.103;25.2;6.36;2.97;2.06;0.33;1.16;4.18;85.2;72;2.4;2.3;8.4;0.4;0.09;0.07;0.11
15;0;50;100;0;19.13;2.82;7.8;2.58;2.55;0.205;81.3;12.48;6.64;3.44;0.58;1.99;4.35;247.5;202.7;32.1;4;8.7;0.93;1.13;0.22;0.27;0.46;0.46;0.096;18.7;4.58;2.14;1.41;0.28;0.83;3.45;56.8;46.6;1.7;1.7;6.9;0.29;0.04;0.05;0.07
15;0;50;100;50;20.32;3.48;9.67;3.16;3.14;0.217;80.9;14.44;7.86;3.92;0.68;2.27;5.44;258.6;192.8;50.3;4.5;10.9;0.9;1.67;0.25;0.32;0.68;0.66;0.099;19.1;6.5;3.09;2.04;0.37;1.21;4.23;60.7;48.2;1.6;2.4;8.5;0.42;0.06;0.07;0.1
15;0;50;100;100;21.05;3.71;10.84;3.84;3.73;0.233;79.7;16.01;8.86;4.27;0.72;2.35;6.1;253.1;184.7;51.6;4.7;12.2;0.85;2.29;0.26;0.34;0.83;0.8;0.102;20.3;7.74;3.64;2.46;0.4;1.36;4.74;64.1;49.6;2.3;2.7;9.5;0.5;0.09;0.09;0.12
15;0;100;0;0;16.28;2.46;6.71;2.69;2.68;0.21;71.8;12.73;6.86;3.46;0.6;2.03;3.76;257;204.4;41;4.1;7.5;0.95;1.23;0.21;0.28;0.26;0.25;0.092;28.2;2.32;1.09;0.73;0.15;0.43;2.96;101;92.5;1.7;0.9;5.9;0.13;0.06;0.03;0.03
15;0;100;0;50;15.97;2.51;7.02;3.23;3.16;0.232;71;13.63;7.48;3.59;0.64;2.05;3.96;251.8;199.9;39.9;4.1;7.9;0.93;1.71;0.23;0.3;0.3;0.3;0.101;29;2.62;1.27;0.8;0.12;0.45;3.06;102.7;94.1;1.6;0.9;6.1;0.15;0.08;0.03;0.04
15;0;100;0;100;15.78;2.66;7.48;3.66;3.61;0.25;70.1;14.45;8.1;3.76;0.66;2.12;4.21;247.8;196.4;38.8;4.2;8.4;0.93;2.14;0.22;0.31;0.37;0.36;0.112;29.9;2.91;1.42;0.9;0.17;0.54;3.28;105.4;95.3;2.5;1.1;6.6;0.16;0.12;0.03;0.05
15;0;100;50;0;19.07;2.84;8.06;3.02;3.02;0.211;75.8;14.35;7.68;3.93;0.67;2.21;4.48;257;195.6;48.1;4.4;9;0.9;1.57;0.24;0.32;0.34;0.37;0.097;24.2;3.52;1.59;1.14;0.2;0.63;3.58;81.7;71.7;1.7;1.3;7.2;0.21;0.06;0.04;0.06
15;0;100;50;50;19.12;3.3;9.25;3.46;3.56;0.227;74.6;15.68;8.47;4.26;0.74;2.38;5.13;250.3;188;47.3;4.8;10.3;0.85;2.1;0.26;0.34;0.56;0.52;0.103;25.4;4.92;2.31;1.57;0.26;0.91;4.12;85.2;73.6;1.6;1.8;8.2;0.31;0.08;0.06;0.07
15;0;100;50;100;19.28;3.63;10.4;4.24;4.22;0.253;73.3;16.7;9.36;4.39;0.75;2.39;5.77;245.1;182.2;46.6;4.8;11.5;0.85;2.76;0.25;0.35;0.7;0.73;0.106;26.7;6.74;3.24;2.03;0.33;1.24;4.63;89.1;75;2.3;2.5;9.3;0.42;0.12;0.08;0.11
15;0;100;100;0;20.16;3.24;9.14;3.24;3.19;0.208;80.9;15.33;8.2;4.26;0.73;2.34;5.16;255.7;190.2;50.5;4.7;10.3;0.86;1.72;0.26;0.35;0.52;0.48;0.099;19.1;4.76;2.27;1.51;0.23;0.9;3.99;60;48.7;1.6;1.8;8;0.31;0.05;0.05;0.07
15;0;100;100;50;21.16;3.83;10.99;3.83;3.82;0.225;79.4;17.01;9.19;4.64;0.77;2.56;6.14;248.9;179.7;51.9;5.1;12.3;0.81;2.36;0.28;0.37;0.71;0.73;0.101;20.6;7.03;3.3;2.23;0.38;1.28;4.85;64.1;50.5;1.4;2.6;9.7;0.46;0.08;0.08;0.12
15;0;100;100;100;22.48;4.4;12.31;4.88;4.83;0.25;77.8;19.31;10.81;5.13;0.85;2.86;6.87;241.6;167.5;54.7;5.7;13.7;0.76;3.35;0.31;0.41;0.85;0.85;0.103;22.2;8.13;3.87;2.56;0.41;1.54;5.44;68.6;52.5;2.1;3.1;10.9;0.53;0.1;0.09;0.13
15;50;0;0;0;15.91;2.18;6.56;2.96;2.99;0.241;68.1;12.47;6.78;3.38;0.57;1.77;3.67;204.3;167.9;25.6;3.5;7.3;1.97;0.58;0.18;0.27;0.24;0.24;0.088;31.9;2.32;1.12;0.72;0.11;0.41;2.89;95.5;86;2.9;0.8;5.8;0.12;0.05;0.03;0.04
15;50;0;0;50;15.53;2.4;6.77;3.09;3.18;0.245;67.8;12.98;7.17;3.44;0.59;1.93;3.77;202.8;166.9;24.6;3.9;7.5;1.97;0.72;0.21;0.28;0.29;0.27;0.092;32.2;2.5;1.22;0.77;0.13;0.47;3;96.2;86.4;2.8;0.9;6;0.13;0.07;0.03;0.04
15;50;0;0;100;15.35;2.55;7.27;3.31;3.39;0.249;66.9;13.67;7.55;3.62;0.62;2.03;4.05;200.7;164.6;24;4.1;8.1;1.94;0.93;0.22;0.29;0.33;0.34;0.104;33.1;2.92;1.35;0.95;0.15;0.52;3.23;99.1;87.5;4.1;1;6.5;0.14;0.12;0.03;0.05
15;50;0;50;0;17.86;2.6;7.32;3.03;3.06;0.237;72.9;12.98;7.04;3.48;0.62;1.92;4.04;205.7;164.7;29.1;3.8;8.1;1.92;0.64;0.22;0.28;0.33;0.35;0.093;27.1;3.44;1.66;1.06;0.19;0.68;3.27;76.2;65.6;2.7;1.4;6.5;0.2;0.05;0.04;0.05
15;50;0;50;50;17.87;2.91;8.22;3.25;3.28;0.238;72.3;13.81;7.6;3.67;0.63;2.04;4.66;204.1;162.1;28.6;4.1;9.3;1.9;0.85;0.22;0.3;0.5;0.48;0.099;27.7;4.7;2.19;1.49;0.23;0.87;3.56;77.9;66.4;2.6;1.7;7.1;0.28;0.07;0.06;0.08
15;50;0;50;100;17.96;3.29;9.72;3.63;3.63;0.245;70.8;14.86;8.24;3.97;0.67;2.13;5.42;200.7;157.7;27.9;4.3;10.8;1.87;1.21;0.23;0.33;0.71;0.69;0.104;29.2;6.45;3.03;2.03;0.36;1.16;4.3;82.6;67.9;3.8;2.3;8.6;0.39;0.11;0.08;0.11
15;50;0;100;0;18.88;2.84;8;3.05;3.1;0.234;78.8;13.34;7.28;3.54;0.63;1.97;4.53;207;163.5;30.6;3.9;9.1;1.92;0.69;0.22;0.28;0.48;0.45;0.096;21.2;4.45;2.17;1.36;0.22;0.87;3.47;55.5;44;2.8;1.7;6.9;0.27;0.05;0.06;0.07
15;50;0;100;50;19.81;3.35;9.71;3.41;3.42;0.232;77.7;14.77;7.95;4.04;0.67;2.18;5.51;204.5;157.7;31.4;4.4;11;1.88;0.99;0.23;0.32;0.66;0.65;0.099;22.3;6.45;3.02;1.99;0.39;1.17;4.2;58.7;45.3;2.7;2.3;8.4;0.4;0.07;0.07;0.1
15;50;0;100;100;20.47;3.82;10.93;3.79;3.86;0.238;76.2;16.3;8.85;4.36;0.73;2.46;6.12;200.9;151.4;32.4;4.9;12.2;1.78;1.48;0.26;0.34;0.83;0.78;0.102;23.8;7.58;3.62;2.34;0.4;1.36;4.81;62.7;46.7;3.7;2.7;9.6;0.47;0.11;0.08;0.12
15;50;50;0;0;16.08;2.77;7.86;3.84;3.93;0.246;67.6;16.04;8.86;4.28;0.74;2.35;4.38;203.5;163.9;26.1;4.7;8.8;2.55;0.78;0.25;0.35;0.24;0.23;0.086;32.4;2.25;1.08;0.68;0.12;0.42;3.48;97.5;87.8;1.9;0.8;7;0.13;0.05;0.02;0.03
15;50;50;0;50;15.73;2.9;8.15;4.21;4.2;0.251;66.9;16.81;9.28;4.45;0.75;2.45;4.58;200.5;161;25.4;4.9;9.2;2.48;1.1;0.27;0.35;0.28;0.27;0.096;33.1;2.46;1.17;0.77;0.13;0.44;3.57;98.9;89.1;1.8;0.9;7.1;0.13;0.07;0.03;0.04
15;50;50;0;100;15.54;3;8.67;4.56;4.57;0.259;66;17.71;9.85;4.73;0.74;2.52;4.88;197.5;158;24.7;5;9.8;2.47;1.46;0.27;0.38;0.34;0.33;0.105;34;2.79;1.34;0.85;0.14;0.48;3.79;101.7;90.4;2.7;1;7.6;0.15;0.11;0.03;0.04
15;50;50;50;0;18.28;3.21;8.97;4.14;4.06;0.238;72.2;17.15;9.5;4.56;0.81;2.56;5;204.2;159;30.1;5.1;10;2.47;0.95;0.27;0.36;0.32;0.34;0.094;27.8;3.31;1.55;1.07;0.16;0.65;3.96;78.5;67.5;1.8;1.3;7.9;0.2;0.05;0.04;0.05
15;50;50;50;50;18.57;3.57;10.09;4.36;4.4;0.243;71.1;18.18;9.99;4.85;0.84;2.71;5.68;200.8;154.1;29.9;5.4;11.4;2.37;1.35;0.29;0.39;0.53;0.5;0.101;28.9;4.81;2.28;1.52;0.25;0.86;4.41;81.4;69.1;1.7;1.7;8.8;0.3;0.07;0.05;0.08
15;50;50;50;100;18.59;3.94;11.04;4.97;4.88;0.257;71.2;19.01;10.79;4.97;0.81;2.76;6.17;211.3;149.5;43.9;5.5;12.3;2.32;1.87;0.3;0.39;0.68;0.66;0.104;28.8;6.24;2.98;1.92;0.35;1.18;4.87;85.3;70.7;2.5;2.4;9.7;0.39;0.1;0.07;0.1
15;50;50;100;0;19.48;3.36;9.92;4.22;4.19;0.237;77.9;17.77;9.73;4.81;0.78;2.55;5.61;203.8;155.9;31.6;5.1;11.2;2.41;1.13;0.28;0.38;0.48;0.46;0.097;22.1;4.57;2.15;1.41;0.26;0.81;4.31;57.8;45.7;1.8;1.6;8.6;0.29;0.05;0.05;0.07
15;50;50;100;50;20.59;4.02;11.46;4.74;4.71;0.242;77.7;19.48;10.77;5.16;0.89;2.83;6.45;215.5;147.6;49.4;5.7;12.9;2.32;1.65;0.32;0.42;0.68;0.66;0.099;22.3;6.47;3.12;1.99;0.33;1.19;5.01;61.7;47.6;1.7;2.4;10;0.42;0.07;0.08;0.1
15;50;50;100;100;21.39;4.46;12.61;5.19;5.23;0.251;76.4;20.85;11.65;5.47;0.96;3.02;7.04;212.6;141.3;51.2;6;14.1;2.19;2.26;0.33;0.45;0.84;0.79;0.102;23.6;7.58;3.66;2.33;0.41;1.44;5.57;65.5;49;2.5;2.9;11.1;0.49;0.09;0.09;0.12
15;50;100;0;0;16.46;3.37;9.42;4.91;4.96;0.25;68.1;19.95;11.07;5.31;0.85;2.94;5.32;215.5;159.3;39.7;5.9;10.6;3.04;1.18;0.32;0.42;0.28;0.26;0.095;31.9;2.3;1.13;0.7;0.1;0.43;4.11;100.8;89.9;1.8;0.9;8.2;0.13;0.07;0.03;0.04
15;50;100;0;50;16.34;3.52;9.8;5.37;5.42;0.261;67.3;20.79;11.76;5.36;0.9;3.04;5.58;212.2;156.3;38.7;6.1;11.2;3.03;1.64;0.32;0.44;0.34;0.31;0.104;32.7;2.63;1.3;0.81;0.13;0.48;4.22;103.1;91.2;2.5;1;8.4;0.14;0.1;0.03;0.04
15;50;100;0;100;16.27;3.48;10.21;5.85;5.81;0.27;66.1;21.56;12.25;5.56;0.92;2.98;5.63;206.8;151.5;38.1;6;11.3;2.91;2.14;0.32;0.44;0.35;0.37;0.114;33.9;2.84;1.39;0.87;0.12;0.49;4.58;106.2;93.4;2.7;1;9.2;0.15;0.14;0.03;0.05
15;50;100;50;0;19.28;3.8;10.82;5.22;5.24;0.245;72.4;21.43;11.87;5.7;0.95;3.13;6.11;216.7;151.7;46.6;6.3;12.2;2.91;1.54;0.33;0.46;0.4;0.37;0.098;27.6;3.53;1.7;1.11;0.17;0.67;4.71;82.4;70;1.7;1.3;9.4;0.22;0.06;0.04;0.05
15;50;100;50;50;19.62;4.13;11.93;5.63;5.7;0.253;70.8;22.57;12.56;5.91;1.01;3.25;6.64;211.7;145.3;46.6;6.5;13.3;2.8;2.07;0.34;0.49;0.57;0.54;0.105;29.2;5;2.38;1.53;0.28;0.88;5.29;87;72.1;2.5;1.8;10.6;0.31;0.1;0.06;0.08
15;50;100;50;100;19.5;4.42;12.87;6.25;6.26;0.27;70;23.22;13.09;6.07;1.06;3.25;7.31;208.8;142.2;45.5;6.5;14.6;2.74;2.69;0.35;0.48;0.7;0.72;0.108;30;6.53;3.11;2.03;0.36;1.17;5.56;89.1;73.2;2.5;2.3;11.1;0.41;0.14;0.07;0.1
15;50;100;100;0;20.44;4.07;11.82;5.32;5.37;0.241;77.9;22.34;12.28;5.95;1.02;3.21;6.73;216.5;147.3;49.3;6.4;13.5;2.82;1.7;0.35;0.49;0.53;0.5;0.1;22.1;4.78;2.25;1.49;0.24;0.85;5.09;61.2;47.6;1.7;1.7;10.2;0.3;0.06;0.05;0.08
15;50;100;100;50;21.46;4.66;13.41;5.74;5.87;0.249;76.4;23.6;13.11;6.27;1.03;3.47;7.53;213.4;140.5;50.9;6.9;15.1;2.68;2.31;0.37;0.51;0.73;0.72;0.104;23.6;6.81;3.19;2.15;0.33;1.19;5.87;65.8;49.2;2.5;2.4;11.7;0.43;0.1;0.08;0.11
15;50;100;100;100;22.59;5.07;14.5;6.67;6.69;0.265;74.9;25.24;14.3;6.46;1.16;3.61;8.1;207.7;130.8;53.4;7.2;16.2;2.53;3.26;0.38;0.53;0.84;0.83;0.104;25.1;7.92;3.77;2.44;0.41;1.46;6.4;69.2;51.3;2.1;2.9;12.8;0.52;0.11;0.08;0.12
15;100;0;0;0;17.23;2.72;7.76;3.85;3.88;0.257;60.9;15.2;8.55;3.95;0.7;2.21;4.38;152.4;114.7;24.6;4.4;8.8;2.77;0.54;0.25;0.32;0.3;0.3;0.095;39.1;2.87;1.35;0.9;0.15;0.51;3.38;97.7;84.1;5.7;1;6.8;0.12;0.11;0.03;0.04
15;100;0;0;50;17.21;2.88;8.12;4.02;4.01;0.258;60.6;15.57;8.81;4.01;0.67;2.27;4.52;151.8;114.3;24;4.5;9;2.75;0.7;0.25;0.31;0.41;0.41;0.108;39.4;3.49;1.68;1.06;0.17;0.61;3.6;98.7;84.4;5.9;1.2;7.2;0.13;0.18;0.04;0.05
15;100;0;0;100;16.8;3.04;8.71;4.18;4.22;0.26;59.5;16.32;9.09;4.29;0.75;2.36;4.89;151;113.4;23.1;4.7;9.8;2.71;0.91;0.26;0.35;0.51;0.5;0.121;40.5;3.91;1.87;1.21;0.21;0.68;3.82;102.7;85;8.7;1.4;7.6;0.14;0.26;0.04;0.06
15;100;0;50;0;19.48;3.12;8.53;3.87;3.94;0.251;66.4;15.8;8.86;4.04;0.7;2.38;4.76;155.5;112.4;28.7;4.8;9.5;2.73;0.63;0.26;0.32;0.44;0.41;0.098;33.6;3.95;1.91;1.2;0.2;0.74;3.77;78.7;64.2;5.4;1.5;7.5;0.2;0.11;0.04;0.06
15;100;0;50;50;19.45;3.36;9.57;4;4.09;0.25;65.6;16.4;9.01;4.31;0.76;2.37;5.34;154.4;111;28;4.7;10.7;2.63;0.85;0.26;0.35;0.61;0.6;0.107;34.4;5.41;2.6;1.68;0.27;0.99;4.23;81.1;65;5.6;2;8.5;0.27;0.17;0.07;0.09
15;100;0;50;100;19.44;3.77;10.98;4.34;4.42;0.256;64;17.3;9.62;4.59;0.8;2.5;6.17;153.5;109;27.1;5;12.3;2.63;1.17;0.26;0.36;0.82;0.81;0.11;36;7.17;3.42;2.22;0.36;1.27;4.81;86.4;66;8.3;2.5;9.6;0.37;0.25;0.08;0.11
15;100;0;100;0;20.18;3.28;9.22;3.96;3.94;0.247;72.6;16;8.92;4.24;0.71;2.4;5.09;155.8;110.9;29.9;4.8;10.2;2.66;0.67;0.28;0.33;0.5;0.5;0.098;27.4;4.9;2.32;1.52;0.25;0.88;4.13;58.7;43.3;5.4;1.8;8.3;0.27;0.11;0.05;0.08
15;100;0;100;50;21.32;3.86;11;4.16;4.21;0.244;71.4;17.28;9.57;4.57;0.76;2.56;6.08;155.6;107.4;30.9;5.1;12.2;2.59;0.97;0.27;0.38;0.77;0.75;0.104;28.6;7.06;3.37;2.17;0.4;1.3;4.92;62.4;44.5;5.4;2.6;9.8;0.39;0.17;0.08;0.11
15;100;0;100;100;21.93;4.21;12.33;4.71;4.66;0.249;69.7;18.78;10.46;4.96;0.83;2.68;6.9;155.2;104.5;31.6;5.4;13.8;2.53;1.44;0.3;0.4;0.98;0.93;0.109;30.3;8.46;3.99;2.63;0.49;1.54;5.43;67.4;45.5;8;3.1;10.9;0.46;0.24;0.09;0.14
15;100;50;0;0;17.64;3.47;10.03;5.47;5.47;0.262;60.9;21;11.73;5.51;0.96;2.96;5.67;155.7;113;25.3;5.9;11.3;3.95;0.77;0.31;0.45;0.35;0.33;0.103;39.1;2.86;1.4;0.87;0.13;0.51;4.36;99.7;85.2;4.7;1;8.7;0.12;0.13;0.03;0.04
15;100;50;0;50;17.24;3.78;10.48;5.78;5.75;0.265;59.8;21.72;12.41;5.53;0.96;3.21;5.91;154.2;111.5;24.4;6.4;11.8;3.88;1.07;0.34;0.45;0.42;0.42;0.117;40.2;3.31;1.61;0.98;0.19;0.57;4.58;103.4;86.3;6.9;1.1;9.2;0.13;0.2;0.04;0.05
15;100;50;0;100;16.97;3.82;10.87;5.89;6;0.271;59.2;22.21;12.51;5.69;1.03;3.12;6.1;152.4;110.4;23.6;6.2;12.2;3.79;1.39;0.34;0.48;0.55;0.53;0.131;40.8;3.79;1.94;1.12;0.17;0.69;4.77;105.1;87;7.1;1.4;9.5;0.14;0.29;0.05;0.06
15;100;50;50;0;19.83;3.89;11.17;5.44;5.56;0.254;66.1;21.93;12.14;5.76;1.03;3.17;6.38;158.3;110;29.2;6.3;12.8;3.82;0.93;0.34;0.47;0.42;0.43;0.103;33.9;3.95;1.82;1.26;0.21;0.72;4.79;81.1;65.4;4.6;1.4;9.6;0.2;0.13;0.04;0.06
15;100;50;50;50;19.82;4.28;12.23;5.83;5.86;0.258;64.3;22.76;12.79;5.82;1.05;3.29;6.84;155.6;106.6;28.7;6.6;13.7;3.72;1.3;0.35;0.49;0.66;0.62;0.111;35.7;5.47;2.67;1.65;0.3;0.98;5.39;86.3;67.2;6.4;2;10.8;0.29;0.19;0.06;0.08
15;100;50;50;100;20.03;4.6;13.17;6.2;6.25;0.268;65.5;23.38;13.16;6.09;1.06;3.35;7.42;168.5;104.4;42.6;6.7;14.8;3.59;1.82;0.36;0.49;0.86;0.83;0.116;34.5;7.03;3.39;2.2;0.38;1.25;5.75;88.9;68.3;6.6;2.5;11.5;0.37;0.27;0.08;0.11
15;100;50;100;0;20.89;4.2;11.9;5.52;5.59;0.253;72;22.15;12.31;5.84;1.01;3.24;6.66;157.7;107.3;30.7;6.5;13.3;3.71;1.09;0.33;0.46;0.54;0.55;0.103;28;5.21;2.42;1.65;0.25;0.96;5.24;61.4;44.6;4.4;1.9;10.5;0.29;0.12;0.06;0.08
15;100;50;100;50;21.74;4.79;13.26;6.04;6.06;0.257;72.3;23.7;13.23;6.12;1.07;3.47;7.59;173.1;103.2;47.8;6.9;15.2;3.59;1.59;0.38;0.49;0.8;0.78;0.108;27.7;7.07;3.41;2.17;0.33;1.32;5.67;66.3;45.9;6.4;2.6;11.3;0.4;0.19;0.09;0.1
15;100;50;100;100;22.73;5.07;14.41;6.57;6.52;0.262;71.1;24.9;14.13;6.41;1.07;3.55;8.06;171.3;98.5;49.6;7.1;16.1;3.4;2.2;0.4;0.51;0.97;0.94;0.111;28.9;8.32;3.95;2.64;0.41;1.51;6.34;69.5;47.5;6.2;3;12.7;0.47;0.25;0.09;0.13
15;100;100;0;0;17.94;4.14;11.72;6.44;6.56;0.262;62.1;25.06;14.09;6.53;1.09;3.63;6.57;168.6;109.3;38.9;7.3;13.1;4.47;1.16;0.41;0.52;0.33;0.35;0.111;37.9;2.85;1.38;0.88;0.14;0.51;5.16;102.9;87.8;3.8;1;10.3;0.12;0.15;0.03;0.04
15;100;100;0;50;17.45;4.15;11.97;6.89;6.93;0.271;60.9;25.61;14.58;6.6;1.14;3.56;6.68;165.4;107.5;37.5;7.1;13.4;4.4;1.62;0.4;0.52;0.43;0.44;0.127;39.1;3.26;1.61;0.99;0.16;0.59;5.29;106.2;89;5.4;1.2;10.6;0.14;0.21;0.04;0.05
15;100;100;0;100;17.34;4.28;12.16;7.32;7.26;0.279;60.2;26.12;14.94;6.7;1.13;3.63;6.73;163.5;105.8;37;7.3;13.5;4.3;2.03;0.41;0.52;0.55;0.55;0.143;39.8;3.68;1.84;1.07;0.21;0.65;5.43;107.8;90.1;5.5;1.3;10.9;0.15;0.31;0.04;0.06
15;100;100;50;0;20.34;4.57;12.73;6.61;6.72;0.258;67;26.18;14.65;6.74;1.22;3.84;7.14;171.9;104.2;45.7;7.7;14.3;4.23;1.51;0.42;0.56;0.47;0.47;0.11;33;4.03;1.94;1.22;0.23;0.74;5.59;84.7;68.4;3.6;1.5;11.2;0.21;0.15;0.05;0.06
15;100;100;50;50;20.5;4.81;13.84;7.1;7.12;0.264;65.6;27;15.24;6.99;1.19;3.85;7.68;169.6;101.1;45.4;7.7;15.4;4.17;2;0.4;0.55;0.62;0.63;0.115;34.4;5.38;2.53;1.65;0.29;0.96;6.15;89.1;70;4.9;1.9;12.3;0.29;0.2;0.06;0.08
15;100;100;50;100;20.39;5.17;14.63;7.54;7.57;0.278;64.5;27.3;15.62;6.86;1.2;3.86;8.14;166.8;99;43.7;7.7;16.3;4.04;2.57;0.41;0.54;0.88;0.89;0.121;35.5;7.25;3.5;2.23;0.38;1.31;6.49;91.8;71;5.2;2.6;13;0.4;0.29;0.09;0.11
15;100;100;100;0;21.5;4.89;13.6;6.76;6.79;0.254;73;26.77;15.01;6.93;1.17;3.94;7.6;172.9;101.5;48.3;7.9;15.2;4.16;1.65;0.43;0.55;0.57;0.57;0.106;27;5.2;2.45;1.63;0.27;0.95;5.99;63.8;46.5;3.4;1.9;12;0.29;0.13;0.06;0.08
15;100;100;100;50;22.38;5.28;15.19;7.25;7.23;0.26;71.3;27.85;15.64;7.27;1.28;3.96;8.43;171.6;97;49.8;7.9;16.9;3.96;2.25;0.44;0.58;0.8;0.82;0.111;28.7;7.27;3.46;2.27;0.34;1.31;6.77;69.1;48;4.9;2.6;13.5;0.42;0.2;0.08;0.12
15;100;100;100;100;23.09;5.63;16.09;8.01;7.93;0.273;70.3;29.12;16.59;7.4;1.29;4.05;9.03;169.6;91.8;51.7;8.1;18.1;3.76;3.14;0.44;0.59;0.98;1;0.114;29.7;8.6;4.14;2.61;0.46;1.57;7.06;71.6;49.8;4.6;3.1;14.1;0.51;0.25;0.1;0.14
16;0;0;0;0;15.66;1.82;5.13;2.01;2.02;0.217;74.7;9.33;5.03;2.56;0.41;1.43;2.92;260.3;224.9;26.7;2.9;5.8;1.05;0.6;0.16;0.21;0.19;0.2;0.077;25.3;2.1;0.96;0.69;0.11;0.39;2.22;88.2;81.2;1.8;0.8;4.4;0.11;0.04;0.02;0.03
16;0;0;0;50;15.3;1.9;5.38;2.11;2.17;0.223;74.2;9.74;5.19;2.68;0.48;1.48;3;257.7;223;25.8;3;6;1.04;0.76;0.16;0.21;0.22;0.23;0.083;25.8;2.35;1.07;0.76;0.14;0.41;2.38;89.2;81.7;1.9;0.8;4.8;0.11;0.05;0.03;0.04
16;0;0;0;100;14.95;1.94;5.8;2.45;2.37;0.227;73.5;10.46;5.67;2.86;0.51;1.5;3.26;253.7;219.2;25;3;6.5;0.99;0.99;0.17;0.23;0.27;0.26;0.087;26.5;2.54;1.2;0.8;0.13;0.44;2.54;91.5;82.9;2.6;0.9;5.1;0.12;0.07;0.03;0.04
16;0;0;50;0;17.8;2.06;5.9;2.13;2.07;0.21;78.8;9.87;5.28;2.7;0.47;1.48;3.36;261;220.7;30.7;3;6.7;1;0.68;0.17;0.22;0.27;0.28;0.082;21.2;3.04;1.38;0.98;0.18;0.58;2.54;70;62;1.8;1.2;5.1;0.17;0.03;0.03;0.04
16;0;0;50;50;17.9;2.42;7.03;2.28;2.28;0.214;77.9;10.62;5.66;2.95;0.52;1.62;3.93;257.3;216.3;29.9;3.2;7.9;0.98;0.9;0.17;0.23;0.44;0.41;0.088;22.1;4.38;2.03;1.43;0.22;0.8;3.1;72.7;63;1.9;1.6;6.2;0.24;0.05;0.05;0.07
16;0;0;50;100;17.98;2.9;8.2;2.65;2.72;0.226;76.7;12.04;6.55;3.3;0.55;1.86;4.64;251.8;209;29.8;3.7;9.3;0.96;1.29;0.2;0.27;0.52;0.53;0.09;23.3;5.65;2.57;1.87;0.3;1.04;3.55;76.2;64.7;2.3;2.1;7.1;0.32;0.06;0.07;0.08
16;0;0;100;0;18.39;2.34;6.77;2.07;2.12;0.21;83.7;10.16;5.39;2.82;0.47;1.55;3.9;261.5;219.5;31.1;3.1;7.8;1.01;0.7;0.17;0.23;0.41;0.39;0.086;16.3;4.32;1.99;1.36;0.23;0.79;2.86;50.7;41.5;1.8;1.6;5.7;0.24;0.03;0.05;0.07
16;0;0;100;50;19.24;2.93;8.37;2.45;2.42;0.21;82.4;11.49;6.14;3.21;0.53;1.73;4.72;255.6;210.8;31.9;3.5;9.4;0.96;1;0.19;0.27;0.59;0.59;0.089;17.6;6.36;2.93;2.08;0.31;1.19;3.65;54.3;42.8;1.8;2.4;7.3;0.36;0.05;0.08;0.11
16;0;0;100;100;20.04;3.25;9.55;2.97;2.92;0.223;81.3;13.12;7.11;3.54;0.58;1.96;5.39;249.8;202.2;32.9;3.9;10.8;0.94;1.47;0.22;0.29;0.69;0.67;0.089;18.7;7.29;3.31;2.4;0.38;1.29;4.16;57.4;44.2;2.4;2.6;8.3;0.42;0.06;0.08;0.11
16;0;50;0;0;16.3;2.17;5.86;2.28;2.3;0.21;73.6;10.96;5.83;3.06;0.52;1.77;3.29;255.2;217.4;27.7;3.5;6.6;1.01;0.85;0.2;0.25;0.22;0.21;0.079;26.4;2.11;1.01;0.64;0.13;0.4;2.56;91.2;83.5;1.8;0.8;5.1;0.11;0.04;0.02;0.03
16;0;50;0;50;15.93;2.25;6.26;2.62;2.63;0.223;73.1;11.83;6.45;3.19;0.51;1.79;3.57;251.6;214;26.9;3.6;7.1;0.99;1.18;0.19;0.26;0.27;0.25;0.088;26.9;2.36;1.13;0.72;0.14;0.46;2.7;92.5;84.5;1.7;0.9;5.4;0.11;0.07;0.03;0.04
16;0;50;0;100;15.67;2.33;6.68;2.95;2.99;0.237;72.1;12.65;6.92;3.4;0.6;1.87;3.78;246.9;209.5;26.1;3.7;7.6;0.96;1.54;0.22;0.28;0.28;0.28;0.095;27.9;2.57;1.21;0.8;0.14;0.46;2.9;95.1;85.9;2.5;0.9;5.8;0.12;0.09;0.03;0.04
16;0;50;50;0;18.4;2.39;7.05;2.4;2.41;0.203;77.7;11.86;6.21;3.39;0.61;1.8;3.97;255;212.1;31.4;3.6;7.9;0.96;0.99;0.2;0.26;0.3;0.3;0.085;22.3;3.23;1.5;1.01;0.2;0.59;3.08;73;64;1.6;1.2;6.2;0.18;0.04;0.03;0.05
16;0;50;50;50;18.72;2.9;8.23;2.89;2.92;0.217;76.6;13.47;7.24;3.76;0.6;2.05;4.69;249.8;205.1;31.2;4.1;9.4;0.98;1.41;0.23;0.3;0.44;0.43;0.092;23.4;4.5;2.13;1.45;0.23;0.84;3.54;76;65.6;1.6;1.7;7.1;0.24;0.06;0.05;0.07
16;0;50;50;100;18.88;3.28;9.36;3.54;3.48;0.238;76.3;14.65;8.12;3.94;0.66;2.14;5.28;258.4;197.4;46.1;4.3;10.6;0.92;2;0.24;0.32;0.64;0.6;0.096;23.7;6.12;2.93;1.94;0.32;1.14;4.08;80.1;67.3;2.3;2.3;8.2;0.34;0.09;0.07;0.1
16;0;50;100;0;19.21;2.8;7.88;2.6;2.61;0.207;82.4;12.62;6.68;3.49;0.61;1.94;4.46;252.6;207.5;32.4;3.9;8.9;0.95;1.14;0.23;0.28;0.39;0.42;0.088;17.6;4.57;2.1;1.46;0.26;0.86;3.43;53.6;43.4;1.7;1.7;6.9;0.26;0.04;0.05;0.07
16;0;50;100;50;20.32;3.44;9.72;3.14;3.16;0.219;82;14.43;7.8;3.84;0.71;2.17;5.47;262.7;197.2;50.2;4.3;10.9;0.92;1.68;0.24;0.32;0.65;0.62;0.091;18;6.62;3.18;2.08;0.34;1.27;4.26;57.6;44.9;1.6;2.5;8.5;0.38;0.06;0.08;0.11
16;0;50;100;100;21.25;3.83;10.86;3.86;3.8;0.234;80.7;16.23;8.89;4.37;0.72;2.37;6.09;256.5;187.2;52.4;4.7;12.2;0.86;2.33;0.26;0.35;0.78;0.73;0.093;19.3;7.64;3.61;2.38;0.37;1.46;4.76;61;46.5;2.1;2.9;9.5;0.44;0.08;0.09;0.12
16;0;100;0;0;16.86;2.4;6.86;2.78;2.75;0.212;73.5;12.97;6.97;3.61;0.6;1.96;3.82;262.7;208.6;42.6;3.9;7.6;0.98;1.26;0.21;0.29;0.24;0.24;0.084;26.5;2.31;1.11;0.73;0.11;0.43;3.04;94.8;86.1;1.7;0.9;6.1;0.11;0.06;0.03;0.04
16;0;100;0;50;16.65;2.57;7.26;3.21;3.25;0.233;72.7;13.92;7.6;3.71;0.68;2.1;4.09;257.7;203.7;41.6;4.2;8.2;0.94;1.77;0.23;0.3;0.28;0.28;0.097;27.3;2.55;1.24;0.75;0.14;0.47;3.18;96.7;87.6;1.7;0.9;6.4;0.12;0.09;0.03;0.04
16;0;100;0;100;16.27;2.59;7.55;3.69;3.67;0.25;71.9;14.67;8.22;3.84;0.67;2.11;4.33;253.1;199.8;40.4;4.2;8.7;0.91;2.22;0.21;0.32;0.32;0.32;0.106;28.1;2.79;1.32;0.86;0.13;0.48;3.22;98.6;88.8;2.3;1;6.4;0.13;0.12;0.03;0.04
16;0;100;50;0;19.54;2.82;8.16;3.14;3.12;0.211;77.3;14.73;7.92;4.02;0.68;2.25;4.63;262.7;199.1;49.8;4.5;9.3;0.91;1.63;0.25;0.32;0.34;0.32;0.088;22.7;3.31;1.5;1.07;0.19;0.57;3.53;76.9;67;1.7;1.1;7.1;0.18;0.06;0.04;0.05
16;0;100;50;50;19.67;3.24;9.25;3.74;3.68;0.228;76;16.11;8.83;4.27;0.75;2.33;5.16;255.1;191;49.1;4.7;10.3;0.89;2.17;0.26;0.35;0.5;0.47;0.096;24;4.74;2.27;1.43;0.26;0.91;4.09;80.4;68.8;1.6;1.8;8.2;0.26;0.08;0.05;0.08
16;0;100;50;100;19.83;3.62;10.46;4.41;4.33;0.254;74.7;17.09;9.57;4.53;0.77;2.48;5.85;249.1;184.2;48.2;5;11.7;0.84;2.87;0.27;0.36;0.68;0.65;0.098;25.3;6.5;3.03;2.07;0.34;1.14;4.61;84.2;70.4;2.3;2.3;9.2;0.36;0.12;0.07;0.11
16;0;100;100;0;20.03;3.35;9.26;3.31;3.25;0.211;82;15.47;8.37;4.15;0.77;2.43;5.26;259.8;194.2;50.2;4.9;10.5;0.91;1.73;0.26;0.35;0.47;0.46;0.09;18;4.93;2.32;1.53;0.26;0.92;3.99;56.7;45.4;1.5;1.8;8;0.28;0.05;0.06;0.08
16;0;100;100;50;21.56;3.84;10.98;3.95;3.9;0.226;80.7;17.23;9.38;4.67;0.8;2.6;6.2;254.6;184.3;52.8;5.2;12.4;0.87;2.38;0.28;0.37;0.61;0.64;0.093;19.3;6.74;3.08;2.15;0.37;1.24;4.79;60.5;46.9;1.5;2.5;9.6;0.38;0.08;0.07;0.1
16;0;100;100;100;22.33;4.24;12.24;4.85;4.83;0.251;79.2;19.23;10.67;5.02;0.85;2.77;6.9;246.2;172.4;54.5;5.5;13.8;0.79;3.34;0.3;0.4;0.81;0.79;0.096;20.8;8.14;3.83;2.56;0.44;1.47;5.33;64.5;48.7;2.1;2.9;10.7;0.46;0.11;0.09;0.13
16;50;0;0;0;15.96;2.31;6.38;3.08;3.11;0.245;70.1;12.72;7.05;3.35;0.56;1.91;3.59;208.4;170.9;26.5;3.8;7.2;2.05;0.59;0.2;0.28;0.19;0.2;0.078;29.9;2.08;1.01;0.61;0.12;0.4;2.79;88.6;80.2;2.1;0.8;5.6;0.1;0.04;0.03;0.03
16;50;0;0;50;15.68;2.34;6.66;3.29;3.27;0.249;69.7;13.2;7.29;3.5;0.59;1.9;3.77;206.2;169.1;25.8;3.8;7.5;2.03;0.75;0.21;0.28;0.22;0.22;0.078;30.3;2.27;1.08;0.7;0.12;0.44;2.89;89.6;80.9;2;0.9;5.8;0.11;0.05;0.02;0.03
16;50;0;0;100;15.31;2.5;7.22;3.56;3.53;0.252;68.9;14.09;7.89;3.63;0.7;2.04;4.03;203.8;166.7;25;4.1;8.1;2.04;0.98;0.22;0.3;0.28;0.27;0.09;31.1;2.54;1.23;0.77;0.14;0.46;3.19;92.1;81.9;2.9;0.9;6.4;0.12;0.08;0.03;0.04
16;50;0;50;0;18.02;2.6;7.33;3.22;3.27;0.24;74.8;13.7;7.58;3.66;0.61;2.06;4.16;210.3;167.6;30.2;4.1;8.3;2.06;0.69;0.23;0.3;0.3;0.28;0.083;25.2;3.06;1.42;0.94;0.17;0.54;3.18;70.7;61.3;2;1.1;6.4;0.16;0.04;0.04;0.04
16;50;0;50;50;18.18;2.99;8.21;3.42;3.43;0.242;74;14.25;7.95;3.72;0.66;2.15;4.66;207.9;164.4;29.9;4.3;9.3;2;0.89;0.22;0.32;0.42;0.4;0.09;26;4.29;2.07;1.32;0.23;0.83;3.55;73;62.3;1.9;1.7;7.1;0.23;0.05;0.06;0.06
16;50;0;50;100;17.96;3.35;9.33;3.7;3.72;0.249;72.7;15.01;8.33;3.92;0.73;2.24;5.29;204.5;160.5;28.9;4.5;10.6;1.94;1.23;0.24;0.32;0.56;0.55;0.093;27.3;5.75;2.7;1.85;0.31;1.1;4.03;76.5;63.5;2.7;2.2;8.1;0.31;0.08;0.07;0.09
16;50;0;100;0;18.6;2.79;8.09;3.1;3.19;0.238;80.1;13.44;7.26;3.61;0.63;1.93;4.49;209.9;166.3;30.8;3.9;9;2;0.69;0.21;0.3;0.41;0.41;0.086;19.9;4.46;2.08;1.4;0.25;0.86;3.6;52.1;41.1;2;1.7;7.2;0.25;0.04;0.05;0.07
16;50;0;100;50;19.59;3.36;9.66;3.49;3.51;0.236;78.8;14.95;8.22;4;0.7;2.19;5.38;206.6;159.8;31.7;4.4;10.8;1.93;1.01;0.25;0.32;0.59;0.57;0.089;21.2;6.21;2.91;1.96;0.35;1.17;4.28;55.3;42.5;2;2.3;8.6;0.35;0.05;0.07;0.1
16;50;0;100;100;20.14;3.71;10.77;4.05;3.91;0.242;77.6;16.21;9.09;4.18;0.69;2.34;6.11;203.2;153.9;32.3;4.7;12.2;1.85;1.47;0.25;0.33;0.74;0.69;0.092;22.4;7.44;3.5;2.33;0.39;1.37;4.66;58.5;43.7;2.8;2.7;9.3;0.42;0.08;0.08;0.12
16;50;50;0;0;16.51;2.74;7.94;3.99;4.06;0.249;69.5;16.38;9.05;4.41;0.7;2.36;4.53;208.2;167.2;27.2;4.7;9.1;2.61;0.82;0.27;0.36;0.21;0.2;0.078;30.5;2.08;0.95;0.68;0.13;0.38;3.41;91.1;81.7;1.8;0.8;6.8;0.1;0.05;0.02;0.03
16;50;50;0;50;16.32;2.92;8.36;4.32;4.32;0.254;68.7;17.05;9.6;4.49;0.77;2.46;4.7;204.6;163.8;26.5;4.9;9.4;2.55;1.14;0.26;0.37;0.25;0.24;0.085;31.3;2.37;1.14;0.72;0.14;0.46;3.66;93.1;83.1;1.8;0.9;7.3;0.11;0.07;0.03;0.03
16;50;50;0;100;15.94;3.05;8.71;4.5;4.65;0.262;67.8;17.78;9.93;4.69;0.79;2.55;4.92;201.6;161.2;25.5;5.1;9.8;2.49;1.51;0.27;0.37;0.33;0.31;0.099;32.2;2.73;1.33;0.81;0.14;0.5;3.79;95.4;84.2;2.7;1;7.6;0.13;0.11;0.03;0.04
16;50;50;50;0;18.79;3.19;8.98;4.18;4.18;0.241;73.9;17.4;9.68;4.58;0.81;2.58;5.1;209.1;162.7;31;5.2;10.2;2.55;0.97;0.28;0.37;0.29;0.29;0.086;26.1;3.1;1.43;0.95;0.17;0.6;3.88;73.6;62.8;1.8;1.2;7.8;0.16;0.05;0.04;0.05
16;50;50;50;50;19.1;3.53;10.33;4.49;4.58;0.245;72.5;18.74;10.24;5.03;0.89;2.69;5.87;204.1;156.1;30.9;5.4;11.7;2.46;1.43;0.28;0.41;0.46;0.43;0.09;27.5;4.54;2.15;1.4;0.23;0.84;4.46;77.1;64.9;1.7;1.7;8.9;0.25;0.07;0.05;0.07
16;50;50;50;100;18.94;3.93;10.86;5;5.02;0.26;72.9;19.34;10.93;4.98;0.84;2.85;6.13;215.7;152.1;45.6;5.7;12.3;2.37;1.93;0.31;0.4;0.6;0.58;0.096;27.1;5.91;2.81;1.78;0.31;1.08;4.73;80.2;66.1;2.4;2.2;9.5;0.32;0.1;0.07;0.09
16;50;50;100;0;19.3;3.44;9.98;4.25;4.26;0.242;79;17.71;9.77;4.75;0.77;2.54;5.62;206.8;159;31.4;5.1;11.2;2.49;1.11;0.27;0.39;0.42;0.44;0.089;21;4.68;2.23;1.46;0.23;0.9;4.36;54.9;42.6;1.8;1.8;8.7;0.26;0.05;0.06;0.07
16;50;50;100;50;20.34;3.88;11.49;4.73;4.7;0.246;79;19.16;10.56;5.11;0.84;2.69;6.48;219.4;151.8;49.3;5.4;13;2.37;1.63;0.28;0.42;0.61;0.6;0.09;21;6.47;3;2.04;0.35;1.18;5.01;58.2;44.1;1.6;2.4;10;0.37;0.07;0.07;0.1
16;50;50;100;100;21.35;4.36;12.74;5.35;5.29;0.255;77.7;20.77;11.65;5.33;0.92;2.96;7.26;216;144.8;50.8;5.9;14.5;2.29;2.25;0.32;0.44;0.75;0.73;0.093;22.3;7.66;3.57;2.47;0.44;1.4;5.48;61.8;45.6;2.4;2.8;11;0.43;0.1;0.08;0.12
16;50;100;0;0;17.29;3.37;9.48;5.06;5.07;0.251;69.7;20.26;11.37;5.24;0.93;2.95;5.36;219.4;160.8;41.9;5.9;10.7;3.07;1.26;0.32;0.42;0.22;0.23;0.088;30.3;2.17;1.03;0.67;0.12;0.42;4.12;95.1;84.3;1.7;0.8;8.2;0.11;0.06;0.03;0.03
16;50;100;0;50;17.02;3.45;9.69;5.51;5.53;0.264;68.7;21.01;11.74;5.42;0.91;3;5.39;214.9;157.2;40.9;6;10.8;3.04;1.74;0.33;0.43;0.27;0.29;0.1;31.3;2.51;1.19;0.74;0.14;0.45;4.3;98;85.8;2.7;0.9;8.6;0.12;0.1;0.03;0.04
16;50;100;0;100;16.51;3.49;10.03;6.05;5.94;0.274;67.9;21.73;12.39;5.55;0.96;3;5.6;210.7;154.1;39.4;6;11.2;2.99;2.18;0.33;0.44;0.32;0.33;0.105;32.1;2.73;1.36;0.8;0.14;0.49;4.43;99.4;87.1;2.5;1;8.9;0.12;0.13;0.03;0.04
16;50;100;50;0;19.78;3.79;10.74;5.35;5.39;0.248;73.8;21.76;12.06;5.67;1;3.15;6;220.4;153.7;48.4;6.3;12;2.98;1.59;0.36;0.46;0.36;0.33;0.09;26.2;3.39;1.6;1.09;0.19;0.64;4.74;78;65.6;1.6;1.3;9.5;0.18;0.06;0.04;0.05
16;50;100;50;50;19.91;4.12;11.82;5.83;5.85;0.256;72.5;22.9;12.81;5.97;0.97;3.26;6.69;215.7;147.9;47.9;6.5;13.4;2.87;2.13;0.35;0.5;0.45;0.45;0.096;27.5;4.55;2.16;1.42;0.25;0.85;5.13;81.7;67.4;2.4;1.7;10.3;0.25;0.09;0.04;0.07
16;50;100;50;100;20.14;4.37;12.92;6.37;6.42;0.273;71.3;23.6;13.29;6.17;1.04;3.21;7.28;211.5;143.4;47.1;6.4;14.6;2.79;2.79;0.35;0.5;0.64;0.64;0.098;28.7;6.28;2.97;1.94;0.36;1.16;5.64;84.8;68.7;2.4;2.3;11.3;0.34;0.13;0.07;0.1
16;50;100;100;0;20.48;4.21;11.69;5.46;5.42;0.245;78.9;22.2;12.32;5.78;1.01;3.25;6.51;219;149.9;49.7;6.5;13;2.89;1.71;0.35;0.47;0.44;0.45;0.092;21.1;4.72;2.26;1.47;0.26;0.95;5.18;58.3;44.5;1.5;1.9;10.4;0.26;0.06;0.06;0.07
16;50;100;100;50;21.5;4.75;13.23;5.99;5.91;0.252;77.5;23.46;13.21;6.09;1.06;3.49;7.45;215.5;142.5;51.1;7;14.9;2.71;2.33;0.38;0.49;0.7;0.66;0.094;22.5;6.8;3.2;2.13;0.36;1.26;5.79;62.4;46;2.3;2.5;11.6;0.38;0.09;0.08;0.1
16;50;100;100;100;22.47;5.06;14.37;6.76;6.76;0.269;76.1;25.19;14.22;6.37;1.12;3.6;8.02;209.9;133.3;53.3;7.2;16;2.59;3.26;0.39;0.51;0.82;0.79;0.095;23.9;8.12;3.79;2.55;0.43;1.46;6.35;65.6;47.9;2.1;2.9;12.7;0.46;0.11;0.09;0.13
16;100;0;0;0;17.47;2.8;7.79;4.03;4.04;0.26;63;15.6;8.79;4.16;0.67;2.27;4.4;155.8;116.6;25.9;4.5;8.8;2.88;0.58;0.25;0.34;0.27;0.27;0.09;37;2.67;1.26;0.8;0.15;0.53;3.39;91.3;78.5;4.9;1.1;6.8;0.1;0.1;0.04;0.04
16;100;0;0;50;17.09;2.91;8.11;4.17;4.24;0.263;62.7;16.21;9.1;4.19;0.73;2.36;4.61;154.8;115.7;25.2;4.7;9.2;2.89;0.74;0.26;0.35;0.37;0.34;0.101;37.3;3.1;1.47;0.97;0.15;0.56;3.5;92;79.1;4.8;1.1;7;0.11;0.15;0.03;0.05
16;100;0;0;100;16.63;3.1;8.62;4.42;4.42;0.266;61.8;16.72;9.62;4.21;0.74;2.46;4.92;154.3;115.6;23.9;4.9;9.8;2.89;0.92;0.27;0.35;0.46;0.43;0.115;38.2;3.59;1.75;1.11;0.19;0.64;3.71;95.1;79.1;7.3;1.3;7.4;0.11;0.23;0.04;0.05
16;100;0;50;0;19.58;3.06;8.56;4.07;4.15;0.255;68.2;16.32;9.11;4.25;0.79;2.37;4.82;158.5;114.5;29.6;4.7;9.6;2.88;0.66;0.27;0.35;0.37;0.35;0.09;31.8;3.59;1.74;1.08;0.18;0.69;3.74;73.8;60;4.9;1.4;7.5;0.16;0.09;0.05;0.05
16;100;0;50;50;19.6;3.29;9.5;4.23;4.26;0.255;67.5;16.77;9.25;4.41;0.79;2.31;5.4;157.3;112.9;29.1;4.6;10.8;2.79;0.87;0.25;0.36;0.51;0.51;0.098;32.5;4.98;2.35;1.57;0.25;0.98;4.1;75.8;60.8;4.9;2;8.2;0.22;0.15;0.06;0.07
16;100;0;50;100;19.65;3.76;10.88;4.66;4.65;0.26;65.8;17.91;10.1;4.68;0.8;2.54;6.14;156.1;110.5;28.3;5.1;12.3;2.76;1.22;0.28;0.38;0.76;0.71;0.103;34.2;6.75;3.2;2.13;0.35;1.22;4.74;81.2;61.9;7.4;2.4;9.5;0.31;0.23;0.07;0.11
16;100;0;100;0;20.03;3.17;9.19;4.05;4.05;0.254;74.2;16.04;8.98;4.18;0.73;2.3;5.07;158.4;113.5;30.1;4.6;10.1;2.8;0.67;0.25;0.34;0.48;0.45;0.091;25.8;4.75;2.2;1.51;0.23;0.87;4.12;55.1;40.3;4.8;1.7;8.2;0.23;0.09;0.05;0.08
16;100;0;100;50;20.86;3.79;10.93;4.3;4.34;0.25;73.2;17.41;9.74;4.61;0.78;2.5;6.28;158.4;110.2;30.7;5;12.6;2.72;0.96;0.27;0.39;0.63;0.66;0.095;26.8;6.76;3.21;2.13;0.37;1.28;4.65;58.1;41.4;4.8;2.6;9.3;0.34;0.15;0.07;0.1
16;100;0;100;100;21.48;4.27;12.03;4.69;4.69;0.254;71.3;18.53;10.36;4.84;0.87;2.69;6.79;157;106.7;31.3;5.4;13.6;2.61;1.41;0.29;0.39;0.93;0.86;0.101;28.7;8.4;4;2.62;0.46;1.58;5.24;63.1;42.4;7;3.2;10.5;0.41;0.21;0.1;0.13
16;100;50;0;0;17.77;3.48;10.12;5.77;5.69;0.266;62.9;21.48;12.19;5.59;0.92;3.03;5.75;158.6;114.7;26.3;6.1;11.5;4.08;0.81;0.34;0.46;0.3;0.28;0.094;37.1;2.63;1.22;0.86;0.14;0.46;4.37;93.4;79.7;4;0.9;8.7;0.1;0.11;0.03;0.04
16;100;50;0;50;17.28;3.67;10.37;5.9;5.96;0.27;61.7;22.13;12.53;5.67;0.94;3.15;5.77;156.1;112.7;25.5;6.3;11.5;4.04;1.11;0.35;0.46;0.38;0.36;0.109;38.3;2.99;1.47;0.91;0.15;0.52;4.6;96.8;80.9;5.7;1;9.2;0.11;0.17;0.03;0.05
16;100;50;0;100;17.09;3.76;10.61;6.34;6.23;0.276;61.3;22.62;13;5.67;0.95;3.15;6.03;155;111.9;24.7;6.3;12.1;3.98;1.45;0.36;0.45;0.52;0.45;0.12;38.7;3.41;1.7;1;0.19;0.6;4.58;97.8;81.4;6;1.2;9.2;0.12;0.24;0.04;0.05
16;100;50;50;0;19.97;3.87;10.94;5.64;5.71;0.258;67.5;22.24;12.31;5.85;0.99;3.16;6.11;159.6;110.6;30.4;6.3;12.2;3.92;0.98;0.35;0.46;0.36;0.36;0.094;32.5;3.57;1.72;1.11;0.19;0.71;4.83;76.7;61.8;3.8;1.4;9.7;0.16;0.1;0.04;0.05
16;100;50;50;50;19.88;4.27;12.11;6.17;6.1;0.263;66.2;23.3;13.27;5.89;1.1;3.38;6.82;158.3;108.2;29.7;6.8;13.6;3.88;1.36;0.38;0.48;0.55;0.53;0.102;33.8;5.04;2.43;1.54;0.27;0.89;5.29;80.7;62.9;5.4;1.8;10.6;0.24;0.16;0.05;0.08
16;100;50;50;100;20.12;4.59;13.04;6.5;6.47;0.272;67.2;23.83;13.66;6;1.04;3.4;7.37;171.1;105.4;44.2;6.8;14.7;3.74;1.88;0.37;0.49;0.73;0.71;0.106;32.8;6.54;3.1;2.06;0.33;1.2;5.66;83.4;64.2;5.5;2.4;11.3;0.31;0.22;0.08;0.1
16;100;50;100;0;20.45;4.17;11.96;5.74;5.81;0.259;73.5;22.55;12.6;5.81;1.05;3.23;6.72;160;109.2;30.8;6.5;13.4;3.89;1.1;0.34;0.48;0.5;0.5;0.095;26.5;5.05;2.34;1.59;0.28;0.94;5.23;57.7;41.6;3.8;1.9;10.5;0.25;0.11;0.06;0.08
16;100;50;100;50;21.48;4.63;13.3;6.3;6.2;0.261;73.6;23.86;13.47;6.23;1.07;3.36;7.5;174.3;104.3;48.2;6.7;15;3.71;1.61;0.37;0.51;0.73;0.68;0.098;26.4;6.82;3.21;2.1;0.37;1.27;5.8;62.6;43.2;5.3;2.5;11.6;0.35;0.15;0.07;0.1
16;100;50;100;100;22.34;5.08;14.3;6.7;6.63;0.267;72.7;24.87;14.18;6.37;1.07;3.62;8.02;173.5;100.6;49.6;7.2;16;3.56;2.19;0.38;0.5;0.91;0.85;0.102;27.3;8.15;3.86;2.53;0.43;1.46;6.28;65.2;44.3;5.4;2.9;12.6;0.42;0.22;0.09;0.12
16;100;100;0;0;17.95;4.18;11.52;6.89;6.8;0.267;64.1;25.58;14.67;6.42;1.11;3.72;6.51;171.7;110.2;41;7.4;13;4.65;1.22;0.41;0.52;0.32;0.28;0.098;35.9;2.48;1.23;0.75;0.13;0.46;5.01;96.2;82.5;2.8;0.9;10;0.1;0.11;0.03;0.03
16;100;100;0;50;17.77;4.2;11.95;7.13;7.19;0.275;62.9;26.18;14.98;6.6;1.13;3.68;6.71;168.8;108.2;39.9;7.4;13.4;4.54;1.7;0.41;0.54;0.35;0.37;0.111;37.1;2.96;1.42;0.92;0.16;0.52;5.25;99.6;83.7;4.3;1;10.5;0.12;0.17;0.03;0.05
16;100;100;0;100;17.38;4.33;12.1;7.7;7.59;0.283;62.3;26.86;15.61;6.68;1.18;3.78;6.81;166.4;106.6;38.6;7.6;13.6;4.5;2.12;0.42;0.54;0.43;0.43;0.121;37.7;3.2;1.58;0.94;0.18;0.55;5.29;100.5;84.7;4.1;1.1;10.6;0.12;0.22;0.03;0.05
16;100;100;50;0;20.58;4.63;12.71;6.93;7;0.262;68.8;26.79;15.18;6.83;1.16;3.95;7.14;175.2;105.5;47.5;7.9;14.3;4.45;1.57;0.43;0.55;0.38;0.38;0.099;31.2;3.59;1.71;1.1;0.2;0.67;5.57;79.5;64.2;2.8;1.3;11.1;0.17;0.12;0.04;0.06
16;100;100;50;50;20.64;4.9;13.77;7.3;7.43;0.268;67.4;27.79;15.79;7.03;1.25;4;7.79;172.6;101.8;47.2;8;15.6;4.3;2.09;0.45;0.59;0.56;0.53;0.103;32.6;4.94;2.36;1.55;0.27;0.9;5.97;83.5;65.9;3.9;1.8;11.9;0.25;0.16;0.06;0.07
16;100;100;50;100;20.79;5.08;14.67;7.93;7.89;0.281;66;28.2;16.27;7.09;1.21;3.9;8.21;168.9;98.2;46.5;7.8;16.4;4.12;2.78;0.43;0.57;0.67;0.72;0.107;34;6.55;3.11;2.11;0.35;1.19;6.46;86.7;67.6;3.9;2.4;12.9;0.33;0.2;0.07;0.11
16;100;100;100;0;20.99;4.89;13.83;6.98;7.06;0.26;74.4;27.26;15.31;7.21;1.17;3.96;7.73;175.2;103.5;48.4;7.9;15.5;4.39;1.66;0.44;0.58;0.54;0.52;0.098;25.6;5.13;2.41;1.63;0.24;0.93;6.1;60.1;43.4;2.6;1.9;12.2;0.26;0.11;0.06;0.09
16;100;100;100;50;21.95;5.31;15.22;7.53;7.46;0.265;72.9;28.21;15.98;7.22;1.28;4;8.62;173.8;98.7;49.8;8;17.2;4.18;2.26;0.43;0.59;0.72;0.73;0.1;27.1;7.17;3.39;2.23;0.39;1.31;6.6;64.5;44.9;3.8;2.6;13.2;0.38;0.15;0.08;0.12
16;100;100;100;100;23.18;5.76;16.04;8.18;8.17;0.276;71.6;29.62;17.01;7.4;1.31;4.18;9;171.3;92.2;52.7;8.4;18;3.89;3.23;0.45;0.6;0.9;0.87;0.102;28.4;8.34;4.02;2.51;0.42;1.58;7.04;67.7;46.9;3.6;3.2;14.1;0.44;0.19;0.1;0.13
17;0;0;0;0;16.18;1.76;4.97;2.01;2.02;0.218;76.3;9.29;4.97;2.53;0.42;1.39;2.81;265.6;229.2;28;2.8;5.6;1.04;0.61;0.16;0.21;0.2;0.18;0.073;23.7;1.97;0.93;0.62;0.09;0.37;2.16;82.2;75.3;1.8;0.7;4.3;0.1;0.03;0.02;0.03
17;0;0;0;50;15.91;1.82;5.44;2.27;2.24;0.226;75.9;9.96;5.4;2.74;0.46;1.41;3.05;263.2;227.3;27.1;2.8;6.1;1.09;0.78;0.15;0.21;0.22;0.21;0.08;24.1;2.13;1.02;0.67;0.11;0.41;2.39;83.3;75.9;1.8;0.8;4.8;0.1;0.05;0.03;0.03
17;0;0;0;100;15.61;2.09;5.85;2.47;2.49;0.229;75.1;10.89;5.91;2.96;0.48;1.61;3.32;258.9;222.8;26.3;3.2;6.6;1.03;1.04;0.18;0.24;0.22;0.25;0.087;24.9;2.44;1.12;0.78;0.15;0.48;2.54;85.9;77.1;2.7;1;5.1;0.12;0.07;0.03;0.03
17;0;0;50;0;17.94;2;5.84;2.09;2.08;0.213;80.3;9.77;5.21;2.72;0.46;1.44;3.29;266.5;226.2;30.8;2.9;6.6;1.03;0.67;0.16;0.22;0.3;0.27;0.08;19.7;2.94;1.4;0.85;0.18;0.56;2.55;65.1;57.1;1.8;1.1;5.1;0.16;0.03;0.03;0.04
17;0;0;50;50;18.22;2.44;7.05;2.37;2.41;0.217;79.5;11.13;5.97;3.06;0.51;1.71;4.05;262.9;220.5;30.9;3.4;8.1;1.04;0.94;0.18;0.25;0.38;0.38;0.088;20.5;4.07;1.81;1.34;0.23;0.73;3;67.4;58.3;1.7;1.5;6;0.22;0.05;0.04;0.06
17;0;0;50;100;18.2;2.85;8.11;2.78;2.77;0.229;78.3;12.17;6.65;3.2;0.57;1.82;4.72;257.2;213.8;30.3;3.6;9.4;0.99;1.31;0.2;0.27;0.56;0.52;0.09;21.7;5.62;2.62;1.78;0.29;1.03;3.39;70.9;59.6;2.4;2.1;6.8;0.31;0.06;0.06;0.09
17;0;0;100;0;18.29;2.34;6.7;2.12;2.11;0.212;84.8;9.94;5.3;2.82;0.42;1.51;3.74;265.7;224.4;30.8;3;7.5;1.03;0.69;0.17;0.22;0.4;0.41;0.087;15.2;4.47;2.06;1.43;0.22;0.83;2.96;47.7;38.2;1.9;1.7;5.9;0.25;0.04;0.05;0.08
17;0;0;100;50;19.12;2.88;8.33;2.41;2.45;0.213;83.8;11.51;6.14;3.22;0.56;1.73;4.82;260.9;216;31.8;3.5;9.6;0.98;1.01;0.2;0.26;0.58;0.56;0.088;16.2;6.16;2.86;1.94;0.34;1.15;3.52;50.4;39.4;1.7;2.3;7;0.35;0.04;0.06;0.1
17;0;0;100;100;20.02;3.36;9.6;2.96;3.01;0.225;82.5;13.38;7.18;3.69;0.62;2.02;5.5;255.1;207.2;32.9;4;11;0.99;1.49;0.23;0.3;0.72;0.67;0.09;17.5;7.32;3.38;2.33;0.39;1.34;4.11;54;40.6;2.5;2.7;8.2;0.42;0.07;0.08;0.11
17;0;50;0;0;16.66;2.05;5.89;2.35;2.33;0.212;75.4;11.01;5.85;3.02;0.53;1.65;3.39;261.1;222.6;28.4;3.3;6.8;1.04;0.86;0.18;0.26;0.18;0.21;0.079;24.6;2.14;0.98;0.7;0.12;0.4;2.5;84.8;77.1;1.8;0.8;5;0.1;0.05;0.03;0.03
17;0;50;0;50;16.33;2.22;6.38;2.71;2.68;0.225;74.8;11.93;6.51;3.22;0.56;1.8;3.65;256.9;218.3;27.7;3.6;7.3;1.02;1.19;0.2;0.27;0.26;0.25;0.088;25.2;2.39;1.1;0.77;0.13;0.42;2.73;86.4;78.3;1.8;0.8;5.5;0.11;0.07;0.03;0.04
17;0;50;0;100;16.01;2.38;6.7;3.14;3.06;0.238;73.8;12.89;7.19;3.4;0.57;1.9;3.79;251.3;212.9;27;3.8;7.6;0.97;1.6;0.21;0.28;0.31;0.28;0.096;26.2;2.55;1.23;0.78;0.14;0.48;2.91;89.1;79.8;2.5;1;5.8;0.12;0.09;0.03;0.04
17;0;50;50;0;18.5;2.44;7.03;2.46;2.45;0.205;79.2;11.99;6.25;3.41;0.61;1.8;4.01;260;216.9;31.5;3.6;8;0.99;1;0.2;0.27;0.32;0.31;0.087;20.8;3.28;1.57;1;0.16;0.63;3.02;68.1;59;1.8;1.3;6;0.17;0.05;0.04;0.05
17;0;50;50;50;19.47;2.92;8.16;3.02;2.98;0.216;77.8;13.81;7.49;3.68;0.62;2.12;4.55;252.6;206.5;32.8;4.2;9.1;0.95;1.49;0.23;0.31;0.4;0.4;0.091;22.2;4.21;1.97;1.31;0.23;0.8;3.61;71.7;61.1;1.7;1.6;7.2;0.23;0.07;0.05;0.06
17;0;50;50;100;19.37;3.23;9.38;3.67;3.57;0.239;77.8;14.93;8.29;4.02;0.67;2.14;5.41;263.5;200.6;47.8;4.3;10.8;0.95;2.05;0.23;0.34;0.55;0.56;0.095;22.2;5.78;2.71;1.89;0.3;1.09;3.97;74.9;62.4;2.4;2.2;7.9;0.32;0.09;0.06;0.09
17;0;50;100;0;19.19;2.83;7.99;2.66;2.63;0.209;83.6;12.61;6.8;3.44;0.59;1.99;4.53;257;211.7;32.2;4;9.1;0.98;1.15;0.22;0.28;0.41;0.43;0.088;16.4;4.67;2.09;1.55;0.23;0.84;3.46;50.3;40;1.8;1.7;6.9;0.26;0.04;0.05;0.07
17;0;50;100;50;20.15;3.34;9.64;3.06;3.13;0.221;83.2;14.21;7.57;3.92;0.67;2.13;5.47;267.6;202.4;49.9;4.3;10.9;0.92;1.65;0.23;0.33;0.6;0.6;0.09;16.8;6.53;3.06;2.05;0.33;1.21;4.18;53.6;41.2;1.6;2.4;8.4;0.37;0.06;0.07;0.1
17;0;50;100;100;21.2;3.78;10.84;3.95;3.85;0.236;82;16.35;9.14;4.28;0.74;2.36;6.2;261.1;191.8;52.2;4.7;12.4;0.88;2.32;0.27;0.38;0.76;0.72;0.092;18;7.6;3.59;2.37;0.38;1.41;4.64;57.1;42.7;2.3;2.8;9.3;0.43;0.09;0.08;0.12
17;0;100;0;0;17.33;2.44;6.93;2.77;2.82;0.213;75.1;13.27;7.12;3.64;0.64;2.07;3.93;267.5;211.6;44;4.1;7.9;0.97;1.31;0.24;0.3;0.22;0.22;0.083;24.9;2.19;1.03;0.69;0.12;0.37;3;88.6;80.2;1.7;0.7;6;0.11;0.06;0.02;0.03
17;0;100;0;50;17.17;2.52;7.19;3.33;3.33;0.235;74.4;14.2;7.8;3.69;0.68;2.1;4.06;263.2;207.2;43.6;4.2;8.1;0.96;1.83;0.23;0.3;0.24;0.26;0.093;25.6;2.38;1.11;0.74;0.12;0.42;3.13;90.2;81.4;1.7;0.8;6.3;0.11;0.09;0.02;0.04
17;0;100;0;100;17.07;2.76;7.65;3.99;3.92;0.252;73.3;15.59;8.68;4.06;0.68;2.27;4.36;256.8;200.8;42.7;4.5;8.7;0.95;2.38;0.25;0.34;0.34;0.31;0.104;26.7;2.66;1.28;0.82;0.14;0.49;3.29;93.3;83.2;2.6;1;6.6;0.12;0.12;0.03;0.04
17;0;100;50;0;19.62;2.87;8.24;3.24;3.21;0.213;78.7;15.06;8.09;4.14;0.73;2.3;4.71;266.4;202.4;49.9;4.6;9.4;0.95;1.67;0.25;0.34;0.35;0.32;0.088;21.3;3.32;1.52;1.1;0.17;0.57;3.53;71.8;62;1.6;1.1;7.1;0.18;0.05;0.04;0.05
17;0;100;50;50;20;3.24;9.39;3.79;3.79;0.23;77.7;16.5;8.98;4.42;0.79;2.4;5.41;261;194.9;50.4;4.8;10.8;0.92;2.23;0.26;0.36;0.42;0.44;0.093;22.3;4.49;2.05;1.46;0.23;0.84;3.97;74.6;63.5;1.5;1.7;7.9;0.25;0.07;0.05;0.07
17;0;100;50;100;20.31;3.61;10.26;4.55;4.59;0.262;76.3;17.54;9.79;4.54;0.82;2.51;5.82;253.5;186.9;50;5;11.6;0.86;3.08;0.29;0.37;0.62;0.6;0.098;23.7;6.03;2.8;1.9;0.34;1.1;4.44;78.6;65.2;2.3;2.2;8.9;0.33;0.11;0.07;0.09
17;0;100;100;0;20.3;3.33;9.1;3.31;3.27;0.211;83.2;15.49;8.39;4.24;0.71;2.41;5.16;264.5;198.5;50.9;4.8;10.3;0.91;1.74;0.27;0.35;0.49;0.44;0.089;16.8;4.74;2.27;1.44;0.24;0.92;3.94;53;41.8;1.5;1.8;7.9;0.27;0.05;0.05;0.07
17;0;100;100;50;21.42;3.79;11.02;3.9;3.93;0.228;81.9;17.29;9.33;4.72;0.79;2.56;6.26;258.4;188.2;52.6;5.1;12.5;0.88;2.39;0.28;0.38;0.71;0.65;0.093;18.1;6.82;3.21;2.13;0.39;1.24;4.76;56.7;43.2;1.5;2.5;9.5;0.39;0.08;0.08;0.1
17;0;100;100;100;22.4;4.31;12.19;4.97;5;0.26;80.5;19.26;10.85;4.95;0.86;2.79;6.97;250.3;176.3;54.5;5.6;13.9;0.8;3.5;0.31;0.39;0.78;0.78;0.094;19.5;8.11;3.89;2.57;0.39;1.52;5.22;60.5;44.9;2.2;3;10.4;0.46;0.1;0.09;0.12
17;50;0;0;0;16.32;2.3;6.44;3.16;3.22;0.25;72;12.94;7.19;3.44;0.56;1.93;3.69;213.1;174.6;27.3;3.9;7.4;2.12;0.6;0.21;0.28;0.18;0.19;0.075;28;2.04;0.93;0.64;0.14;0.37;2.75;82.6;74.4;2;0.7;5.5;0.1;0.04;0.02;0.03
17;50;0;0;50;16.07;2.33;6.66;3.37;3.39;0.252;71.7;13.51;7.6;3.51;0.59;1.97;3.84;211.2;172.8;26.7;3.9;7.7;2.1;0.78;0.21;0.3;0.22;0.21;0.08;28.3;2.19;0.98;0.72;0.11;0.36;2.82;83.3;75;1.9;0.7;5.6;0.1;0.05;0.02;0.03
17;50;0;0;100;15.72;2.56;7.17;3.62;3.63;0.255;70.7;14.32;8.04;3.69;0.69;2.07;4.07;208;169.9;25.8;4.1;8.1;2.08;1.01;0.23;0.32;0.27;0.26;0.092;29.3;2.5;1.19;0.77;0.13;0.5;3.1;86.1;76.1;2.8;1;6.2;0.11;0.08;0.03;0.04
17;50;0;50;0;18.09;2.51;7.17;3.23;3.25;0.244;76.4;13.4;7.43;3.52;0.61;1.98;4;213.9;171.3;30.6;4;8;2.08;0.68;0.21;0.29;0.25;0.27;0.082;23.6;2.9;1.33;0.93;0.16;0.53;3.17;65.8;56.6;1.8;1.1;6.3;0.16;0.03;0.03;0.05
17;50;0;50;50;18.38;2.88;8.2;3.51;3.54;0.246;75.7;14.49;8.08;3.83;0.66;2.14;4.64;211.8;167.7;30.6;4.3;9.3;2.08;0.91;0.23;0.32;0.41;0.37;0.087;24.3;4.02;1.92;1.23;0.21;0.74;3.56;68;57.6;1.8;1.5;7.1;0.22;0.05;0.04;0.06
17;50;0;50;100;18.49;3.35;9.33;3.83;3.87;0.25;74.2;15.53;8.59;4.1;0.71;2.27;5.33;207.3;162;30.1;4.5;10.7;1.96;1.31;0.26;0.34;0.53;0.53;0.092;25.8;5.61;2.61;1.79;0.3;1.08;4;71.8;59.2;2.5;2.2;8;0.31;0.07;0.06;0.09
17;50;0;100;0;18.4;2.8;7.96;3.2;3.26;0.243;81.6;13.45;7.38;3.6;0.62;1.98;4.52;214;170.4;30.6;4;9;2.07;0.68;0.22;0.29;0.43;0.4;0.086;18.4;4.39;2.04;1.38;0.26;0.81;3.44;48.1;37.8;1.8;1.6;6.9;0.25;0.03;0.05;0.07
17;50;0;100;50;19.32;3.29;9.42;3.63;3.57;0.24;80.5;14.87;8.22;3.95;0.65;2.17;5.41;210.6;163.8;31.6;4.3;10.8;2.01;0.99;0.24;0.32;0.55;0.55;0.089;19.5;6.09;2.82;1.92;0.33;1.13;4.01;51;39;1.7;2.3;8;0.35;0.04;0.07;0.09
17;50;0;100;100;20.13;3.79;10.77;4.05;4.01;0.246;79.1;16.34;9.05;4.43;0.71;2.42;6.16;207.5;157.9;32.4;4.8;12.3;1.93;1.46;0.27;0.35;0.73;0.68;0.091;20.9;7.32;3.44;2.3;0.38;1.37;4.61;54.7;40.1;2.6;2.7;9.2;0.42;0.07;0.08;0.11
17;50;50;0;0;16.96;2.83;7.85;4.16;4.16;0.252;71.3;16.56;9.32;4.27;0.77;2.47;4.48;212.4;170.4;28.1;4.9;9;2.69;0.85;0.28;0.34;0.21;0.19;0.078;28.7;1.98;0.95;0.64;0.1;0.36;3.38;85.2;75.9;1.8;0.7;6.8;0.1;0.05;0.02;0.03
17;50;50;0;50;16.64;2.92;8.26;4.41;4.47;0.257;70.5;17.4;9.76;4.53;0.77;2.48;4.64;208.2;166.7;27.3;5;9.3;2.63;1.19;0.29;0.36;0.24;0.24;0.089;29.5;2.28;1.06;0.72;0.13;0.43;3.62;87.2;77.3;1.8;0.9;7.2;0.11;0.07;0.03;0.04
17;50;50;0;100;16.53;3.09;8.71;4.79;4.82;0.265;69.6;18.22;10.3;4.71;0.8;2.6;4.95;205.5;163.7;26.7;5.2;9.9;2.58;1.58;0.28;0.38;0.27;0.29;0.1;30.4;2.53;1.24;0.76;0.15;0.49;3.76;89.5;78.4;2.6;1;7.5;0.11;0.11;0.03;0.04
17;50;50;50;0;18.83;3.15;8.85;4.16;4.22;0.244;75.4;17.39;9.56;4.59;0.78;2.58;5.05;211.9;165.3;31.3;5.2;10.1;2.56;0.99;0.29;0.38;0.34;0.31;0.086;24.6;3.26;1.51;1.05;0.18;0.56;3.8;68.8;58.3;1.8;1.1;7.6;0.17;0.05;0.04;0.05
17;50;50;50;50;19.39;3.48;10.11;4.75;4.68;0.249;74.2;18.88;10.55;4.98;0.83;2.72;5.73;207.8;159.3;31.6;5.4;11.5;2.53;1.45;0.29;0.41;0.44;0.41;0.092;25.8;4.3;2.02;1.35;0.24;0.76;4.38;72;59.9;1.7;1.5;8.8;0.23;0.07;0.05;0.07
17;50;50;50;100;19.45;3.86;11;5.35;5.24;0.263;74.4;19.97;11.39;5.05;0.89;2.82;6.25;219.1;154.1;46.9;5.6;12.5;2.48;2.02;0.32;0.42;0.54;0.55;0.095;25.6;5.59;2.61;1.72;0.32;1.04;4.75;75.3;61.4;2.4;2.1;9.5;0.31;0.1;0.06;0.09
17;50;50;100;0;19.33;3.42;9.73;4.52;4.41;0.245;80.4;18.07;10.14;4.64;0.82;2.62;5.55;209.9;161.7;31.9;5.2;11.1;2.57;1.14;0.3;0.4;0.42;0.41;0.087;19.6;4.44;2.05;1.44;0.25;0.8;4.18;51.1;39.4;1.7;1.6;8.4;0.25;0.04;0.04;0.07
17;50;50;100;50;20.33;3.94;11.45;4.76;4.81;0.251;80.4;19.21;10.72;5.09;0.83;2.78;6.5;224;156.4;49;5.6;13;2.47;1.61;0.32;0.41;0.61;0.61;0.092;19.6;6.47;2.98;2.08;0.38;1.16;4.95;54.3;40.4;1.7;2.3;9.9;0.36;0.07;0.07;0.1
17;50;50;100;100;21.26;4.4;12.56;5.38;5.34;0.259;79.1;20.72;11.65;5.43;0.86;2.99;7.19;219.8;148.5;50.9;6;14.4;2.34;2.24;0.33;0.44;0.75;0.73;0.093;20.9;7.63;3.56;2.44;0.42;1.41;5.37;57.8;41.9;2.4;2.8;10.7;0.43;0.09;0.09;0.12
17;50;100;0;0;17.73;3.46;9.46;5.24;5.23;0.255;71.4;20.6;11.56;5.38;0.88;3.08;5.35;223.5;163.4;43.3;6.2;10.7;3.16;1.29;0.34;0.44;0.23;0.23;0.086;28.6;2.19;1.03;0.68;0.12;0.37;4.11;89.2;78.5;1.7;0.7;8.2;0.1;0.07;0.02;0.03
17;50;100;0;50;17.6;3.5;9.82;5.67;5.67;0.266;70.5;21.37;12.18;5.46;0.96;3.08;5.6;219.8;159.6;42.8;6.2;11.2;3.07;1.81;0.34;0.45;0.26;0.27;0.098;29.5;2.43;1.12;0.8;0.11;0.42;4.22;91.7;79.9;2.5;0.8;8.4;0.11;0.1;0.03;0.03
17;50;100;0;100;17.23;3.66;10.27;6.24;6.19;0.276;69.9;22.44;12.88;5.83;0.93;3.21;5.93;216.3;156.6;41.5;6.4;11.9;3.07;2.3;0.34;0.48;0.31;0.32;0.106;30.1;2.62;1.23;0.83;0.14;0.45;4.34;93;81;2.4;0.9;8.7;0.12;0.13;0.03;0.04
17;50;100;50;0;19.95;3.87;10.85;5.59;5.53;0.251;75.5;22.08;12.37;5.8;0.94;3.28;6.14;224.5;156.5;49.1;6.6;12.3;3.06;1.63;0.37;0.47;0.35;0.33;0.09;24.5;3.35;1.58;1.09;0.18;0.58;4.71;72.9;60.7;1.6;1.2;9.4;0.18;0.06;0.03;0.06
17;50;100;50;50;20.39;4.2;11.72;6.03;5.96;0.259;74.1;23.11;13.05;6.01;1.02;3.37;6.63;219.8;150;49.8;6.7;13.3;2.89;2.2;0.38;0.5;0.44;0.45;0.096;25.9;4.49;2.06;1.44;0.25;0.83;5.09;76.6;62.5;2.3;1.7;10.2;0.24;0.09;0.04;0.07
17;50;100;50;100;20.59;4.42;12.66;6.47;6.66;0.28;72.9;23.81;13.51;6.09;1.04;3.29;7.14;214.5;144.4;49.2;6.6;14.3;2.79;3.01;0.36;0.5;0.65;0.6;0.098;27.1;5.99;2.84;1.89;0.33;1.13;5.52;79.6;64;2.2;2.3;11;0.33;0.11;0.07;0.09
17;50;100;100;0;20.11;4;11.7;5.54;5.48;0.25;80.4;22.02;12.23;5.89;0.99;3.13;6.66;223;154.6;48.8;6.3;13.3;2.99;1.67;0.35;0.47;0.49;0.46;0.091;19.6;4.86;2.32;1.49;0.27;0.88;5.04;54.3;40.8;1.7;1.8;10.1;0.27;0.06;0.05;0.07
17;50;100;100;50;21.41;4.51;13.45;6.09;6.05;0.256;78.8;23.67;13.31;6.23;1.06;3.32;7.65;219.1;146.1;51.1;6.6;15.3;2.85;2.33;0.37;0.51;0.68;0.67;0.094;21.2;6.92;3.14;2.27;0.37;1.19;5.8;58.7;42.3;2.4;2.4;11.6;0.39;0.09;0.08;0.11
17;50;100;100;100;22.47;4.99;14.32;6.95;6.93;0.277;77.6;25.09;14.37;6.4;1.06;3.45;8.15;213.6;137;53.4;6.9;16.3;2.63;3.41;0.37;0.53;0.77;0.79;0.096;22.4;8.07;3.77;2.57;0.42;1.54;6.17;61.6;44;2.2;3.1;12.3;0.46;0.11;0.09;0.13
17;100;0;0;0;17.61;2.65;7.82;4.31;4.27;0.266;65.4;16.08;9.18;4.15;0.7;2.22;4.47;159.6;119.1;27.1;4.4;8.9;3.09;0.6;0.25;0.33;0.23;0.23;0.083;34.6;2.3;1.08;0.73;0.13;0.43;3.34;84.5;72.9;4.1;0.9;6.7;0.09;0.08;0.02;0.03
17;100;0;0;50;17.31;2.85;8.18;4.38;4.41;0.266;64.8;16.66;9.46;4.32;0.73;2.33;4.69;158;117.5;26.4;4.7;9.4;3;0.79;0.26;0.36;0.28;0.3;0.095;35.2;2.75;1.28;0.86;0.15;0.52;3.49;85.9;73.8;4.1;1;7;0.1;0.12;0.03;0.04
17;100;0;0;100;16.79;3.11;8.46;4.57;4.6;0.269;63.9;17.14;9.79;4.36;0.76;2.51;4.87;156.7;117.1;24.9;5;9.7;2.99;0.98;0.28;0.35;0.38;0.38;0.108;36.1;3.17;1.53;0.95;0.16;0.6;3.6;88.6;74;6.2;1.2;7.2;0.11;0.19;0.03;0.04
17;100;0;50;0;19.25;3.06;8.28;4.2;4.21;0.261;70.3;16.18;9.06;4.25;0.77;2.43;4.71;161.1;116.9;29.9;4.9;9.4;2.96;0.65;0.26;0.34;0.34;0.32;0.088;29.7;3.36;1.59;1.05;0.16;0.63;3.57;68;55.5;4.1;1.3;7.1;0.16;0.08;0.04;0.05
17;100;0;50;50;19.6;3.29;9.34;4.5;4.46;0.26;69.5;17.22;9.73;4.38;0.81;2.47;5.29;160.1;114.5;30.1;4.9;10.6;2.94;0.9;0.27;0.36;0.47;0.44;0.095;30.5;4.47;2.12;1.35;0.24;0.82;4.05;70.3;56.5;4;1.6;8.1;0.21;0.12;0.05;0.06
17;100;0;50;100;19.57;3.71;10.52;4.98;4.81;0.264;67.8;18.3;10.39;4.69;0.77;2.56;6.02;158.1;111.6;29.3;5.1;12;2.88;1.28;0.27;0.39;0.66;0.64;0.101;32.2;6.19;2.99;1.85;0.33;1.15;4.51;75.1;57.7;6.1;2.3;9;0.3;0.18;0.07;0.09
17;100;0;100;0;19.57;3.17;9.11;4.3;4.24;0.26;76;16.39;9.24;4.26;0.72;2.31;5.18;161;115.9;30.1;4.6;10.4;2.96;0.67;0.26;0.34;0.46;0.44;0.09;24;4.63;2.17;1.46;0.24;0.86;3.93;50.9;37.2;4.1;1.7;7.9;0.24;0.08;0.06;0.07
17;100;0;100;50;20.44;3.74;10.74;4.44;4.44;0.257;74.8;17.38;9.67;4.6;0.77;2.47;6.08;160.5;112.7;30.7;4.9;12.2;2.85;0.95;0.27;0.37;0.67;0.65;0.094;25.2;6.75;3.17;2.14;0.35;1.27;4.66;54.1;38.1;4.1;2.5;9.3;0.35;0.13;0.07;0.1
17;100;0;100;100;21.13;4.15;11.95;4.87;4.9;0.259;73.1;19;10.61;4.92;0.89;2.67;6.78;159;108.4;31.7;5.3;13.6;2.77;1.43;0.3;0.4;0.8;0.79;0.098;26.9;7.95;3.73;2.5;0.43;1.48;5.17;58.3;39.3;5.8;3;10.3;0.41;0.17;0.09;0.12
17;100;50;0;0;17.83;3.58;9.84;5.94;5.94;0.273;65.1;21.88;12.59;5.47;0.94;3.14;5.6;161.8;116.8;27.5;6.3;11.2;4.3;0.82;0.36;0.46;0.27;0.25;0.089;34.9;2.35;1.11;0.73;0.14;0.44;4.24;86.7;74.1;3.2;0.9;8.5;0.1;0.09;0.02;0.04
17;100;50;0;50;17.45;3.54;10.46;6.17;6.17;0.275;64.1;22.52;12.78;5.79;0.98;3.07;6.04;160;115.2;26.5;6.1;12.1;4.21;1.14;0.33;0.48;0.35;0.33;0.103;35.9;2.79;1.31;0.89;0.15;0.47;4.41;89.4;75;4.6;0.9;8.8;0.11;0.14;0.03;0.04
17;100;50;0;100;17.37;3.88;10.71;6.46;6.51;0.28;63.2;23.35;13.43;5.87;0.99;3.32;6.1;157.6;112.6;26.2;6.6;12.2;4.12;1.54;0.36;0.49;0.36;0.37;0.115;36.8;2.94;1.42;0.89;0.15;0.56;4.62;91.7;76.5;4.8;1.1;9.2;0.1;0.2;0.03;0.04
17;100;50;50;0;19.57;3.88;10.98;5.94;5.97;0.265;69.7;22.65;12.79;5.91;0.94;3.26;6.25;162.9;113.3;30.6;6.5;12.5;4.16;0.97;0.36;0.48;0.36;0.34;0.091;30.3;3.49;1.6;1.13;0.2;0.62;4.74;70.7;57;3;1.2;9.5;0.17;0.08;0.04;0.05
17;100;50;50;50;20.13;4.32;11.89;6.36;6.3;0.267;68.1;23.7;13.49;6;1.02;3.45;6.66;160.7;109.5;31;6.9;13.3;4.02;1.41;0.39;0.48;0.48;0.49;0.1;31.9;4.73;2.25;1.46;0.25;0.87;5.23;75.3;58.6;4.5;1.7;10.5;0.23;0.14;0.05;0.07
17;100;50;50;100;20.38;4.56;13;6.86;6.79;0.276;69.1;24.7;14.23;6.32;1.02;3.47;7.35;173.9;106;46.2;6.9;14.7;3.88;1.99;0.4;0.52;0.66;0.64;0.102;30.9;6.08;2.91;1.88;0.31;1.09;5.65;77.8;60.1;4.3;2.2;11.3;0.3;0.18;0.07;0.09
17;100;50;100;0;20.14;4.18;11.7;6.1;6.01;0.264;75.3;22.83;12.99;5.8;1.02;3.3;6.73;162.4;111.3;31;6.6;13.5;4.06;1.12;0.36;0.46;0.45;0.44;0.091;24.7;4.69;2.17;1.48;0.26;0.88;4.97;53.2;38.5;3;1.8;9.9;0.25;0.08;0.05;0.07
17;100;50;100;50;21.03;4.7;13.29;6.43;6.4;0.266;75.2;24.13;13.61;6.24;1.06;3.45;7.53;176.4;106.3;48.2;6.9;15.1;3.87;1.62;0.39;0.51;0.68;0.67;0.097;24.8;6.83;3.23;2.1;0.38;1.25;5.76;58.2;39.9;4.3;2.5;11.5;0.36;0.13;0.07;0.11
17;100;50;100;100;21.95;5.05;14.48;7.06;6.92;0.272;74.4;25.54;14.56;6.53;1.13;3.55;8.31;175.9;102.4;49.8;7.1;16.6;3.77;2.22;0.38;0.55;0.85;0.82;0.1;25.6;8.02;3.8;2.5;0.43;1.5;6.17;60.5;41;4.2;3;12.3;0.42;0.17;0.09;0.13
17;100;100;0;0;17.98;4.13;11.53;7.15;7.08;0.272;66;26.15;14.97;6.64;1.13;3.72;6.5;174.6;111.8;42.4;7.4;13;4.87;1.26;0.41;0.54;0.26;0.25;0.093;34;2.25;1.06;0.71;0.14;0.4;5.02;89.8;76.9;2;0.8;10;0.1;0.08;0.03;0.04
17;100;100;0;50;17.78;4.29;11.7;7.58;7.51;0.28;65.1;26.88;15.54;6.74;1.13;3.81;6.75;172;109.5;41.4;7.6;13.5;4.76;1.76;0.43;0.56;0.3;0.3;0.101;34.9;2.56;1.25;0.77;0.14;0.47;4.95;92.2;78.2;3.1;0.9;9.9;0.11;0.12;0.03;0.04
17;100;100;0;100;17.55;4.29;12.18;7.95;7.87;0.287;64.2;27.47;15.83;6.99;1.16;3.79;6.96;169;107.2;40.2;7.6;13.9;4.65;2.24;0.42;0.57;0.36;0.36;0.116;35.8;2.85;1.34;0.9;0.15;0.5;5.21;94;79.5;3.1;1;10.4;0.12;0.17;0.03;0.04
17;100;100;50;0;20.34;4.46;12.75;7.31;7.23;0.267;70.4;27.21;15.45;7.07;1.14;3.82;7.14;176.9;106.8;48.2;7.6;14.3;4.63;1.6;0.42;0.58;0.35;0.35;0.095;29.6;3.48;1.65;1.05;0.19;0.64;5.61;74.3;59.7;2.1;1.3;11.2;0.18;0.09;0.04;0.05
17;100;100;50;50;20.72;4.89;13.63;7.68;7.68;0.272;69.2;28.27;16.25;7.07;1.3;4.06;7.67;175.2;103;48.8;8.1;15.3;4.48;2.16;0.45;0.58;0.49;0.47;0.101;30.8;4.55;2.15;1.43;0.24;0.83;5.96;77.8;61.3;2.9;1.7;11.9;0.24;0.12;0.05;0.07
17;100;100;50;100;20.94;5.08;14.4;8.11;8.29;0.289;67.9;28.78;16.53;7.2;1.25;3.94;8.08;171.2;98.9;48.3;7.9;16.2;4.28;2.99;0.44;0.58;0.64;0.62;0.101;32.1;5.99;2.88;1.82;0.32;1.14;6.32;80.7;63;2.8;2.3;12.6;0.32;0.15;0.06;0.09
17;100;100;100;0;20.67;4.89;13.48;7.27;7.25;0.265;76.1;27.45;15.5;7.14;1.14;3.96;7.69;177.5;105.6;48.6;7.9;15.4;4.58;1.65;0.44;0.59;0.5;0.48;0.094;23.9;4.85;2.36;1.44;0.26;0.93;5.79;55.5;40.1;2;1.9;11.6;0.26;0.08;0.06;0.08
17;100;100;100;50;21.88;5.33;14.98;7.66;7.66;0.269;74.5;28.52;16.17;7.27;1.25;4.05;8.48;175.7;100.2;50.5;8.1;17;4.33;2.29;0.44;0.6;0.68;0.67;0.097;25.5;6.81;3.25;2.04;0.36;1.28;6.5;60.2;41.6;3;2.6;13;0.37;0.12;0.08;0.1
17;100;100;100;100;22.75;5.69;16;8.42;8.53;0.285;73.3;29.95;17.27;7.59;1.3;4.15;9.08;173;94.1;52.5;8.3;18.2;4.08;3.35;0.47;0.63;0.87;0.8;0.098;26.7;8.04;3.85;2.45;0.45;1.54;6.92;62.8;43.3;2.7;3.1;13.8;0.45;0.14;0.09;0.12
18;0;0;0;0;16.58;1.77;4.93;2.12;2.09;0.225;78.1;9.33;5.12;2.49;0.42;1.41;2.81;271.2;234.1;28.6;2.8;5.6;1.11;0.62;0.16;0.2;0.17;0.17;0.073;21.9;1.84;0.85;0.61;0.1;0.35;2.13;75.9;69.1;1.8;0.7;4.3;0.09;0.03;0.02;0.02
18;0;0;0;50;16.26;1.91;5.3;2.43;2.33;0.231;77.7;10.11;5.62;2.62;0.47;1.52;3;268.4;231.4;27.9;3;6;1.14;0.81;0.17;0.22;0.2;0.2;0.078;22.3;2.08;0.99;0.66;0.12;0.39;2.3;77;69.8;1.8;0.8;4.6;0.1;0.04;0.03;0.03
18;0;0;0;100;16.04;2.06;5.8;2.67;2.58;0.235;76.9;11.02;6.15;2.85;0.5;1.61;3.24;264.4;227.5;27.2;3.2;6.5;1.11;1.05;0.18;0.24;0.24;0.25;0.086;23.1;2.38;1.16;0.72;0.12;0.45;2.56;79.4;70.8;2.6;0.9;5.1;0.11;0.07;0.03;0.04
18;0;0;50;0;17.92;2.12;5.82;2.24;2.17;0.22;81.8;9.92;5.4;2.67;0.47;1.54;3.35;272;231.4;30.8;3.1;6.7;1.1;0.68;0.17;0.23;0.28;0.28;0.081;18.2;3.04;1.42;0.96;0.16;0.57;2.46;60.2;52.2;1.8;1.1;4.9;0.16;0.04;0.03;0.05
18;0;0;50;50;18.56;2.46;6.92;2.53;2.49;0.222;81;11.28;6.16;3.05;0.54;1.74;4;267.6;224.6;31.5;3.5;8;1.07;0.96;0.2;0.26;0.37;0.37;0.087;19;3.93;1.82;1.25;0.21;0.72;2.92;62.5;53.5;1.7;1.4;5.8;0.21;0.04;0.05;0.06
18;0;0;50;100;19.05;2.87;8.07;2.87;2.88;0.232;79.7;12.48;6.82;3.35;0.59;1.89;4.58;261.8;217.2;31.7;3.8;9.2;1.03;1.37;0.21;0.28;0.52;0.49;0.091;20.3;5.2;2.5;1.63;0.26;0.99;3.49;66.4;54.9;2.6;2;7;0.28;0.07;0.06;0.08
18;0;0;100;0;18.42;2.27;6.73;2.21;2.25;0.22;85.9;10.28;5.49;2.84;0.48;1.49;3.81;271.4;229.5;31.3;3;7.6;1.15;0.71;0.17;0.23;0.37;0.38;0.086;14.1;4.17;1.91;1.29;0.21;0.78;2.92;44.3;35.1;1.7;1.6;5.8;0.23;0.04;0.04;0.06
18;0;0;100;50;19.24;2.75;8.22;2.6;2.5;0.219;84.9;11.44;6.17;3.15;0.54;1.65;4.71;265.1;220.4;32;3.3;9.4;1.05;1;0.2;0.26;0.59;0.55;0.087;15.1;6.12;2.85;1.97;0.28;1.1;3.51;47.2;36.3;1.7;2.2;7;0.35;0.04;0.06;0.09
18;0;0;100;100;20.21;3.34;9.52;3.1;3.08;0.229;83.5;13.48;7.31;3.67;0.63;1.99;5.44;259;210.8;33.3;4;10.9;1.04;1.52;0.23;0.3;0.71;0.66;0.09;16.5;7.17;3.34;2.25;0.4;1.35;4.08;50.9;37.5;2.6;2.7;8.2;0.41;0.06;0.08;0.11
18;0;50;0;0;17.14;2.06;5.84;2.42;2.4;0.216;77.2;11.12;5.98;3.06;0.54;1.7;3.36;266.3;226.7;29.5;3.4;6.7;1.08;0.89;0.19;0.25;0.18;0.19;0.077;22.8;1.95;0.89;0.63;0.11;0.36;2.48;78.4;71;1.8;0.7;5;0.1;0.04;0.02;0.03
18;0;50;0;50;16.8;2.23;6.19;2.87;2.75;0.227;76.4;12.14;6.72;3.24;0.52;1.81;3.57;260.6;221.1;28.7;3.6;7.1;1.05;1.24;0.2;0.27;0.23;0.23;0.084;23.6;2.2;1.05;0.71;0.13;0.42;2.62;80.2;72.4;1.8;0.8;5.2;0.11;0.07;0.02;0.03
18;0;50;0;100;16.82;2.36;6.8;3.19;3.17;0.242;75.5;13.12;7.24;3.48;0.58;1.92;3.84;256.8;217.1;28.3;3.8;7.7;1.04;1.65;0.22;0.27;0.28;0.28;0.098;24.5;2.54;1.17;0.83;0.11;0.45;2.95;82.9;73.4;2.7;0.9;5.9;0.12;0.1;0.03;0.03
18;0;50;50;0;18.67;2.49;6.93;2.54;2.51;0.21;80.8;11.97;6.39;3.31;0.59;1.91;3.96;265.3;221.8;31.8;3.8;7.9;1.05;1;0.2;0.27;0.3;0.31;0.086;19.2;3.23;1.46;1.04;0.18;0.58;2.96;62.9;54;1.8;1.2;5.9;0.17;0.05;0.03;0.05
18;0;50;50;50;19.44;2.96;8.18;3.12;3.11;0.222;79.6;14.05;7.71;3.71;0.66;2.19;4.74;258.5;211.8;32.8;4.4;9.5;1.05;1.5;0.24;0.31;0.43;0.4;0.09;20.4;4.2;1.96;1.31;0.23;0.77;3.44;65.9;55.9;1.6;1.5;6.9;0.23;0.06;0.05;0.06
18;0;50;50;100;19.83;3.24;9.24;3.73;3.63;0.241;79.3;15.08;8.31;4;0.68;2.18;5.31;268.3;204;49.3;4.4;10.6;0.94;2.11;0.25;0.33;0.54;0.56;0.096;20.7;5.64;2.69;1.76;0.29;1.06;3.93;69.8;57.3;2.5;2.1;7.9;0.31;0.1;0.06;0.09
18;0;50;100;0;19.17;2.82;7.9;2.65;2.7;0.214;84.8;12.64;6.82;3.47;0.54;1.96;4.51;262.1;216.9;32.3;3.9;9;1.04;1.15;0.22;0.29;0.45;0.43;0.088;15.2;4.67;2.17;1.47;0.26;0.86;3.39;46.9;36.7;1.7;1.7;6.8;0.26;0.04;0.05;0.07
18;0;50;100;50;20.11;3.37;9.58;3.27;3.22;0.225;84.4;14.33;7.77;3.95;0.63;2.13;5.51;272.4;207.3;49.8;4.3;11;1;1.66;0.24;0.31;0.6;0.6;0.091;15.6;6.5;3.06;2.06;0.35;1.24;4.07;50.1;37.9;1.6;2.5;8.1;0.37;0.06;0.07;0.1
18;0;50;100;100;21.03;3.81;10.82;3.99;3.83;0.24;83.3;15.97;8.95;4.12;0.71;2.39;6.24;266.4;197.8;51.4;4.8;12.5;0.95;2.27;0.26;0.35;0.74;0.73;0.092;16.7;7.76;3.62;2.46;0.43;1.42;4.58;53.3;39.1;2.2;2.8;9.2;0.44;0.09;0.08;0.11
18;0;100;0;0;17.98;2.54;6.93;2.98;2.95;0.216;76.8;13.75;7.42;3.73;0.63;2.12;3.98;273.2;215;46.1;4.2;8;1.02;1.38;0.24;0.31;0.2;0.21;0.082;23.2;2;0.97;0.63;0.1;0.41;2.95;82.3;73.9;1.7;0.8;5.9;0.1;0.06;0.03;0.02
18;0;100;0;50;17.82;2.6;7.34;3.58;3.52;0.237;76;14.88;8.26;3.9;0.67;2.2;4.22;267;208.8;45.4;4.4;8.4;1;1.94;0.25;0.33;0.23;0.25;0.092;24;2.25;1.05;0.71;0.12;0.4;3.12;84;75.4;1.6;0.8;6.2;0.11;0.08;0.02;0.03
18;0;100;0;100;17.53;2.75;7.75;4.14;4.14;0.261;75;15.89;9.01;4.07;0.7;2.3;4.45;261.3;203.5;44.3;4.6;8.9;0.96;2.56;0.26;0.35;0.31;0.3;0.103;25;2.6;1.23;0.81;0.15;0.45;3.3;86.7;76.7;2.5;0.9;6.6;0.12;0.12;0.03;0.04
18;0;100;50;0;19.52;2.91;8.03;3.26;3.22;0.218;80.3;14.8;8.02;3.99;0.69;2.29;4.57;271.1;207.7;49.7;4.6;9.1;1;1.63;0.25;0.33;0.32;0.32;0.088;19.7;3.36;1.57;1.03;0.2;0.62;3.46;66.4;56.6;1.6;1.2;6.9;0.18;0.06;0.04;0.05
18;0;100;50;50;20.47;3.26;9.31;4;3.87;0.232;79.1;16.69;9.25;4.44;0.77;2.44;5.37;265;197.6;51.8;4.9;10.7;0.95;2.28;0.27;0.36;0.42;0.43;0.094;20.9;4.38;2.02;1.4;0.23;0.82;3.94;69.6;58.5;1.6;1.6;7.9;0.24;0.08;0.05;0.06
18;0;100;50;100;21;3.67;10.4;4.73;4.79;0.264;77.7;18.19;10.28;4.61;0.81;2.62;5.95;257.4;188;52.3;5.2;11.9;0.9;3.22;0.28;0.39;0.63;0.58;0.096;22.3;5.77;2.71;1.83;0.33;1.05;4.45;73.5;60.3;2.2;2.1;8.9;0.32;0.11;0.06;0.09
18;0;100;100;0;20.25;3.21;9.09;3.33;3.33;0.216;84.3;15.47;8.32;4.18;0.71;2.33;5.14;268.6;202.9;50.8;4.7;10.3;0.98;1.73;0.27;0.35;0.42;0.44;0.09;15.7;4.7;2.19;1.45;0.28;0.88;3.95;49.7;38.4;1.6;1.8;7.9;0.26;0.05;0.05;0.07
18;0;100;100;50;21.27;3.86;10.98;4.15;4.01;0.231;83;17.37;9.62;4.67;0.77;2.58;6.22;261.9;191.8;52.4;5.2;12.4;0.95;2.39;0.29;0.38;0.66;0.64;0.092;17;6.81;3.19;2.18;0.35;1.28;4.76;53.3;39.8;1.5;2.6;9.5;0.39;0.08;0.08;0.1
18;0;100;100;100;22.32;4.21;12.35;5.05;5.1;0.263;81.7;19.44;10.91;5.15;0.89;2.73;7.13;255.2;181.2;54.3;5.5;14.3;0.89;3.47;0.31;0.43;0.76;0.78;0.095;18.3;8.14;3.74;2.56;0.45;1.47;5.22;56.7;41.1;2.2;2.9;10.4;0.46;0.11;0.09;0.13
18;50;0;0;0;16.81;2.24;6.37;3.38;3.35;0.256;73.9;13.13;7.35;3.45;0.57;1.89;3.63;217.1;177.6;28.5;3.8;7.3;2.23;0.64;0.2;0.28;0.18;0.18;0.074;26.1;1.9;0.9;0.6;0.11;0.35;2.74;76.6;68.5;1.9;0.7;5.5;0.09;0.04;0.02;0.03
18;50;0;0;50;16.4;2.35;6.47;3.56;3.49;0.26;73.4;13.46;7.64;3.39;0.61;1.96;3.64;214.4;175.7;27.5;3.9;7.3;2.19;0.79;0.22;0.28;0.21;0.21;0.081;26.6;2.13;0.95;0.7;0.12;0.4;2.83;77.5;69.1;1.9;0.8;5.7;0.1;0.05;0.02;0.03
18;50;0;0;100;16.12;2.49;7.17;3.65;3.79;0.261;72.7;14.54;8.1;3.79;0.64;2.08;4.12;212.1;172.9;26.9;4.2;8.2;2.19;1.05;0.24;0.31;0.25;0.25;0.087;27.3;2.35;1.11;0.75;0.14;0.4;3.05;79.6;70.1;2.6;0.8;6.1;0.11;0.08;0.03;0.04
18;50;0;50;0;17.89;2.5;7.1;3.47;3.41;0.255;78.2;13.4;7.53;3.49;0.61;1.91;4.05;218.3;176;30.4;3.8;8.1;2.25;0.66;0.21;0.29;0.3;0.28;0.082;21.8;3.03;1.45;0.94;0.15;0.59;3.05;60.7;51.7;1.8;1.2;6.1;0.16;0.03;0.03;0.05
18;50;0;50;50;18.57;2.76;7.98;3.71;3.64;0.253;77.4;14.45;8.04;3.81;0.67;2.05;4.59;215.6;171.3;31;4.1;9.2;2.17;0.93;0.23;0.31;0.38;0.36;0.086;22.6;3.93;1.88;1.22;0.2;0.71;3.39;62.8;52.8;1.8;1.4;6.8;0.21;0.05;0.04;0.06
18;50;0;50;100;18.92;3.21;9.25;4.04;4.05;0.258;76.1;15.73;8.78;4.15;0.69;2.22;5.33;212.4;166.3;31;4.4;10.7;2.13;1.33;0.25;0.34;0.52;0.51;0.092;23.9;5.3;2.44;1.73;0.28;0.99;3.91;66.6;54.1;2.7;2;7.8;0.29;0.08;0.06;0.08
18;50;0;100;0;18.35;2.81;7.84;3.44;3.39;0.252;82.9;13.48;7.62;3.47;0.59;1.95;4.55;217.9;174.2;30.7;3.9;9.1;2.19;0.69;0.22;0.29;0.4;0.39;0.085;17.1;4.32;2.03;1.36;0.21;0.86;3.29;44.9;34.8;1.8;1.7;6.6;0.25;0.03;0.05;0.06
18;50;0;100;50;19.27;3.35;9.5;3.73;3.69;0.248;81.6;14.93;8.34;3.97;0.65;2.19;5.4;214;167.5;31.3;4.4;10.8;2.12;1;0.25;0.33;0.61;0.58;0.089;18.4;6.33;2.97;1.97;0.33;1.17;4.1;48.2;35.9;1.8;2.3;8.2;0.36;0.05;0.07;0.1
18;50;0;100;100;20.02;3.65;10.63;4.17;4.15;0.253;80.4;16.46;9.16;4.36;0.69;2.31;6.11;210.1;160.7;32.6;4.6;12.2;2.05;1.47;0.26;0.37;0.68;0.67;0.09;19.6;7.3;3.39;2.26;0.39;1.34;4.53;51.1;37;2.4;2.7;9.1;0.42;0.07;0.08;0.11
18;50;50;0;0;17.37;2.68;7.67;4.31;4.29;0.26;73;16.58;9.3;4.28;0.73;2.32;4.34;215.2;173;28.9;4.6;8.7;2.81;0.87;0.26;0.36;0.2;0.2;0.079;27;1.98;0.94;0.6;0.11;0.36;3.33;79.4;70;2;0.7;6.7;0.09;0.05;0.03;0.03
18;50;50;0;50;17.17;2.94;8.34;4.71;4.67;0.264;72.3;17.77;10.07;4.7;0.71;2.55;4.73;212;169;28.5;5.1;9.5;2.75;1.25;0.29;0.38;0.22;0.23;0.086;27.7;2.21;1.02;0.71;0.11;0.39;3.61;81.1;71.3;1.7;0.8;7.2;0.1;0.07;0.02;0.03
18;50;50;0;100;16.79;2.98;8.61;5.14;5.02;0.272;71.6;18.51;10.57;4.7;0.83;2.54;4.97;209;166.3;27.6;5.1;9.9;2.72;1.62;0.28;0.4;0.29;0.27;0.097;28.4;2.45;1.17;0.77;0.12;0.44;3.63;82.8;72.2;2.5;0.9;7.3;0.11;0.1;0.03;0.04
18;50;50;50;0;18.83;3.15;8.84;4.48;4.43;0.253;77;17.54;9.79;4.56;0.81;2.53;5.05;215.4;168.9;31.3;5.1;10.1;2.78;1;0.28;0.37;0.33;0.31;0.087;23;3.26;1.51;1.04;0.17;0.62;3.79;64;53.4;1.8;1.2;7.6;0.18;0.05;0.03;0.05
18;50;50;50;50;19.8;3.52;10.03;4.8;4.84;0.256;75.9;19.01;10.54;5.04;0.89;2.76;5.67;211.6;162.3;32.4;5.5;11.3;2.66;1.48;0.3;0.4;0.41;0.41;0.091;24.1;4.21;1.94;1.33;0.25;0.77;4.36;67.1;55.1;1.8;1.5;8.7;0.22;0.07;0.05;0.06
18;50;50;50;100;19.81;3.87;10.83;5.56;5.38;0.27;76.1;19.99;11.42;5.1;0.86;2.83;6.22;223.6;157.2;48.3;5.7;12.4;2.61;2.04;0.32;0.42;0.54;0.55;0.096;23.9;5.58;2.6;1.75;0.32;1.04;4.61;70.1;56.3;2.5;2.1;9.2;0.3;0.1;0.07;0.08
18;50;50;100;0;19.42;3.34;9.69;4.56;4.53;0.254;81.6;17.94;9.97;4.71;0.81;2.53;5.47;213.6;165.7;31.9;5.1;10.9;2.73;1.14;0.27;0.39;0.46;0.42;0.088;18.4;4.49;2.1;1.39;0.24;0.81;4.22;48;36.2;1.7;1.6;8.4;0.25;0.04;0.05;0.07
18;50;50;100;50;20.44;3.86;11.41;5.05;4.97;0.257;81.6;19.4;10.89;5.13;0.85;2.72;6.6;226.8;158.8;49.4;5.4;13.2;2.59;1.65;0.3;0.43;0.61;0.59;0.09;18.4;6.41;2.97;2.06;0.32;1.14;4.81;50.9;37.4;1.7;2.3;9.6;0.36;0.07;0.07;0.09
18;50;50;100;100;21.2;4.44;12.57;5.65;5.6;0.266;80.3;21.11;12.03;5.39;0.92;2.98;7.22;223.1;151.9;50.9;6;14.4;2.55;2.25;0.34;0.45;0.77;0.73;0.093;19.7;7.65;3.64;2.33;0.39;1.46;5.35;54.5;38.5;2.4;2.9;10.7;0.43;0.1;0.09;0.11
18;50;100;0;0;18.24;3.37;9.47;5.48;5.47;0.263;73.2;20.86;11.8;5.39;0.93;2.95;5.32;227.9;166.2;45.2;5.9;10.6;3.37;1.34;0.33;0.43;0.24;0.21;0.084;26.8;2.06;1;0.63;0.09;0.42;4.15;83.1;72.3;1.7;0.8;8.3;0.1;0.07;0.02;0.03
18;50;100;0;50;18.15;3.47;9.77;5.93;5.96;0.274;72.3;21.81;12.41;5.53;0.98;3.07;5.53;223.5;161.6;44.7;6.1;11.1;3.27;1.88;0.35;0.45;0.24;0.26;0.094;27.7;2.25;1.06;0.72;0.12;0.4;4.24;85.5;73.8;2.4;0.8;8.5;0.1;0.09;0.03;0.03
18;50;100;0;100;17.75;3.63;10.08;6.51;6.49;0.288;71.6;22.58;13.22;5.54;0.92;3.21;5.79;219.1;158;43.1;6.4;11.6;3.19;2.49;0.36;0.45;0.29;0.31;0.103;28.4;2.56;1.24;0.8;0.14;0.42;4.29;86.9;75;2.4;0.8;8.6;0.12;0.12;0.03;0.04
18;50;100;50;0;19.87;3.72;10.56;5.67;5.66;0.26;77.1;21.87;12.3;5.61;0.99;3.12;6.06;227.8;160.4;49;6.2;12.1;3.22;1.62;0.35;0.47;0.35;0.32;0.091;22.9;3.23;1.55;1;0.17;0.6;4.5;67.4;55.5;1.7;1.2;9;0.17;0.06;0.03;0.05
18;50;100;50;50;20.49;4.21;11.49;6.27;6.18;0.266;75.9;23.29;13.29;5.92;0.98;3.37;6.65;223.5;153.4;50.1;6.7;13.3;3.09;2.22;0.37;0.5;0.45;0.44;0.095;24.1;4.39;2.07;1.37;0.25;0.83;4.84;70.9;57.3;2.3;1.7;9.7;0.24;0.09;0.05;0.07
18;50;100;50;100;21.13;4.42;12.56;6.91;6.94;0.286;74.5;24.34;14.02;6.1;1.07;3.39;7.13;217.9;145.8;51;6.8;14.3;2.9;3.15;0.37;0.51;0.59;0.57;0.099;25.5;5.66;2.63;1.72;0.34;1.03;5.43;74.4;59.1;2.3;2.1;10.9;0.31;0.12;0.06;0.09
18;50;100;100;0;20.45;4.02;11.52;5.71;5.68;0.257;81.7;22.16;12.4;5.82;1.05;3.19;6.59;227;157.7;49.8;6.4;13.2;3.17;1.69;0.33;0.49;0.44;0.43;0.091;18.3;4.6;2.13;1.43;0.25;0.83;4.94;50.7;37.5;1.6;1.7;9.9;0.26;0.06;0.05;0.07
18;50;100;100;50;21.38;4.64;13;6.36;6.19;0.263;80.1;23.57;13.47;6.01;1.02;3.34;7.47;222.2;148.9;51.6;6.7;14.9;2.99;2.33;0.36;0.51;0.64;0.65;0.093;19.9;6.74;3.19;2.11;0.34;1.3;5.54;54.9;39;2.2;2.6;11.1;0.38;0.09;0.08;0.1
18;50;100;100;100;22.43;5.04;14.24;7;7.09;0.283;78.8;25.12;14.41;6.38;1.03;3.52;8.14;216.1;139.5;53.2;7;16.3;2.78;3.41;0.38;0.52;0.81;0.77;0.095;21.2;8.06;3.79;2.55;0.42;1.52;6.1;58;40.5;2.2;3;12.2;0.46;0.11;0.09;0.11
18;100;0;0;0;17.59;2.74;7.57;4.44;4.46;0.277;67.5;16.19;9.2;4.16;0.7;2.35;4.31;162.1;120.9;27.9;4.7;8.6;3.26;0.61;0.26;0.33;0.21;0.21;0.08;32.5;2.13;0.99;0.69;0.11;0.4;3.25;77.9;67.2;3.3;0.8;6.5;0.09;0.07;0.02;0.03
18;100;0;0;50;17.34;2.86;7.92;4.7;4.67;0.278;67;16.87;9.73;4.23;0.72;2.41;4.49;160.6;119.5;27.3;4.8;9;3.27;0.79;0.28;0.34;0.26;0.26;0.092;33;2.46;1.15;0.81;0.12;0.45;3.44;79;67.9;3.4;0.9;6.9;0.1;0.1;0.03;0.04
18;100;0;0;100;16.92;2.94;8.44;4.87;4.83;0.277;65.9;17.51;10.08;4.4;0.71;2.43;4.85;158.6;117.8;26.3;4.9;9.7;3.16;1.02;0.27;0.38;0.34;0.33;0.104;34.1;2.9;1.37;0.91;0.17;0.52;3.59;82;68.8;5;1;7.2;0.11;0.15;0.03;0.04
18;100;0;50;0;18.9;2.91;8.34;4.47;4.47;0.272;72.2;16.5;9.43;4.14;0.71;2.31;4.79;163;118.9;30;4.6;9.6;3.21;0.66;0.24;0.35;0.33;0.31;0.087;27.8;3.27;1.6;1;0.17;0.6;3.54;62.7;51.1;3.4;1.2;7.1;0.16;0.06;0.03;0.05
18;100;0;50;50;19.42;3.37;9.27;4.84;4.8;0.269;71.4;17.93;10.22;4.52;0.77;2.57;5.36;162.4;115.8;30.7;5.1;10.7;3.17;0.95;0.3;0.38;0.48;0.43;0.093;28.6;4.33;2.07;1.32;0.26;0.8;3.91;64.9;52.2;3.3;1.6;7.8;0.21;0.1;0.05;0.06
18;100;0;50;100;19.48;3.66;10.32;5.04;5.01;0.274;70.1;18.38;10.5;4.67;0.81;2.63;5.93;161.1;113.7;30.2;5.3;11.9;3.08;1.27;0.28;0.39;0.59;0.58;0.098;29.9;5.72;2.69;1.81;0.28;1.03;4.38;68.6;53;4.8;2.1;8.8;0.28;0.14;0.07;0.09
18;100;0;100;0;19.08;3.16;9.01;4.58;4.45;0.271;77.7;16.5;9.53;4.1;0.71;2.33;5.2;163.2;118.1;30;4.7;10.4;3.19;0.68;0.25;0.34;0.45;0.42;0.088;22.3;4.53;2.12;1.44;0.23;0.83;3.81;46.9;34.3;3.3;1.7;7.6;0.24;0.06;0.05;0.07
18;100;0;100;50;20.05;3.76;10.83;4.77;4.77;0.266;76.3;18.02;10.16;4.64;0.85;2.55;6.15;162.2;113.7;31.1;5.1;12.3;3.12;0.99;0.27;0.39;0.65;0.6;0.091;23.7;6.41;3.04;1.98;0.35;1.21;4.68;50.2;35.4;3.1;2.4;9.4;0.35;0.09;0.06;0.1
18;100;0;100;100;20.98;4.09;11.85;5.16;5.12;0.267;74.8;19.26;10.96;4.92;0.83;2.71;6.78;160.6;109.5;32.1;5.4;13.6;2.96;1.47;0.28;0.41;0.77;0.75;0.095;25.2;7.68;3.62;2.39;0.44;1.39;5.07;54;36.4;4.7;2.8;10.1;0.41;0.14;0.08;0.12
18;100;50;0;0;17.78;3.48;9.87;6.29;6.29;0.282;67.2;22.39;12.85;5.67;0.96;3.09;5.64;164.2;118.3;28.4;6.2;11.3;4.6;0.87;0.35;0.47;0.2;0.21;0.084;32.8;2.05;0.96;0.63;0.11;0.39;4.23;80.1;68.5;2.4;0.8;8.5;0.09;0.07;0.02;0.03
18;100;50;0;50;17.52;3.63;10.29;6.66;6.6;0.285;66.2;23.27;13.48;5.8;0.97;3.21;5.93;161.8;115.8;27.7;6.4;11.9;4.54;1.21;0.36;0.49;0.26;0.26;0.095;33.8;2.36;1.11;0.74;0.12;0.42;4.36;82.7;69.8;3.4;0.8;8.7;0.1;0.1;0.02;0.03
18;100;50;0;100;17.55;3.75;10.5;7.01;6.89;0.289;65.4;23.91;13.87;6.02;1.04;3.25;6.01;159.4;113.3;27.5;6.5;12;4.39;1.62;0.39;0.49;0.33;0.32;0.104;34.6;2.67;1.27;0.83;0.14;0.5;4.49;84.4;71;3.5;1;9;0.11;0.14;0.03;0.04
18;100;50;50;0;19.34;3.79;10.91;6.36;6.31;0.276;71.6;22.96;13.03;6.01;0.99;3.18;6.19;164.6;115.1;30.8;6.4;12.4;4.49;0.99;0.35;0.48;0.31;0.32;0.087;28.4;3.29;1.52;1.02;0.2;0.6;4.72;65.3;52.5;2.2;1.2;9.4;0.17;0.06;0.04;0.05
18;100;50;50;50;20.09;4.19;11.73;6.7;6.65;0.276;70.3;24.17;13.9;6.08;1.03;3.38;6.77;163.1;110.9;31.9;6.8;13.5;4.31;1.45;0.38;0.5;0.45;0.42;0.096;29.7;4.19;1.98;1.35;0.22;0.81;4.96;68.9;54;3.3;1.6;9.9;0.22;0.1;0.05;0.06
18;100;50;50;100;20.43;4.55;12.8;7.07;7.13;0.284;71;25.16;14.51;6.24;1.06;3.52;7.29;176.3;106.8;47.8;7;14.6;4.16;2.06;0.39;0.52;0.56;0.58;0.1;29;5.61;2.69;1.72;0.31;1.03;5.51;72;55.5;3.4;2.1;11;0.29;0.14;0.06;0.09
18;100;50;100;0;19.87;4.12;11.55;6.41;6.37;0.276;76.9;23.18;13.37;5.78;1.02;3.26;6.63;164.4;113.5;31.2;6.5;13.3;4.4;1.11;0.38;0.48;0.42;0.43;0.09;23.1;4.57;2.16;1.38;0.26;0.87;4.93;49.4;35.5;2.4;1.7;9.9;0.25;0.06;0.05;0.07
18;100;50;100;50;20.63;4.56;13.2;6.72;6.69;0.278;76.8;24.15;13.79;6.08;1.1;3.31;7.5;178.5;109;47.8;6.6;15;4.24;1.58;0.37;0.5;0.67;0.64;0.094;23.2;6.65;3.14;2.11;0.36;1.25;5.7;53.8;36.6;3.4;2.5;11.4;0.37;0.1;0.07;0.11
18;100;50;100;100;21.63;4.96;14.13;7.27;7.15;0.281;75.9;25.58;14.76;6.32;1.08;3.55;8.11;176.8;103.3;50.2;7.1;16.2;3.99;2.23;0.4;0.54;0.79;0.77;0.097;24.1;7.8;3.7;2.47;0.4;1.41;6.02;56;38;3.2;2.8;12;0.42;0.13;0.09;0.12
18;100;100;0;0;18.31;4.02;11.46;7.43;7.42;0.282;68.2;26.41;15.25;6.67;1.12;3.64;6.6;178.2;113.9;43.7;7.3;13.2;5.17;1.3;0.41;0.54;0.24;0.23;0.09;31.8;2.13;0.99;0.69;0.11;0.38;4.86;83;70.7;1.9;0.8;9.7;0.1;0.08;0.03;0.03
18;100;100;0;50;18.45;4.2;11.73;7.87;7.81;0.288;66.9;27.2;15.82;6.69;1.19;3.75;6.72;174.7;109.8;44;7.5;13.4;4.96;1.87;0.41;0.56;0.27;0.27;0.098;33.1;2.32;1.11;0.72;0.13;0.45;5.02;86.3;72.7;2.6;0.9;10;0.11;0.1;0.03;0.03
18;100;100;0;100;17.95;4.15;11.94;8.62;8.32;0.299;66.2;27.86;16.48;6.78;1.19;3.7;6.87;171.4;107.7;42.5;7.4;13.7;4.9;2.45;0.4;0.57;0.32;0.31;0.106;33.8;2.59;1.21;0.81;0.13;0.45;5.08;87.3;73.8;2.4;0.9;10.2;0.12;0.13;0.02;0.04
18;100;100;50;0;20.11;4.39;12.48;7.65;7.55;0.278;72.5;27.3;15.64;6.89;1.22;3.8;7.2;179.7;109.4;48.4;7.6;14.4;4.96;1.59;0.43;0.57;0.32;0.33;0.091;27.5;3.27;1.53;1.08;0.16;0.59;5.29;68.1;54.6;1.7;1.2;10.6;0.17;0.07;0.04;0.05
18;100;100;50;50;21.04;4.76;13.42;8.06;8;0.281;71.2;28.59;16.52;7.12;1.24;3.99;7.68;177.9;104.2;50.3;8;15.4;4.74;2.21;0.45;0.6;0.46;0.43;0.097;28.8;4.22;2.02;1.32;0.24;0.77;5.74;71.9;56.5;2.3;1.5;11.5;0.22;0.1;0.05;0.06
18;100;100;50;100;21.29;4.99;14.2;8.59;8.65;0.296;70;29.27;17.05;7.26;1.23;3.96;8.12;174.5;100;50.4;7.9;16.2;4.5;3.09;0.45;0.61;0.58;0.57;0.101;30;5.47;2.61;1.73;0.26;1.03;6.08;74.8;58.1;2.5;2.1;12.2;0.29;0.13;0.05;0.09
18;100;100;100;0;20.62;4.78;13.39;7.47;7.56;0.275;77.6;27.61;15.63;7.15;1.19;3.94;7.66;179.5;107.3;49;7.9;15.3;4.85;1.68;0.45;0.57;0.48;0.45;0.092;22.4;4.7;2.21;1.5;0.26;0.84;5.73;51.8;37;1.7;1.7;11.5;0.26;0.07;0.05;0.07
18;100;100;100;50;21.48;5.19;14.88;8.01;7.94;0.279;76;28.56;16.28;7.26;1.22;3.94;8.54;177.4;102.2;50.3;7.9;17.1;4.64;2.28;0.43;0.6;0.74;0.66;0.095;24;6.84;3.25;2.15;0.36;1.26;6.34;55.8;38.3;2.3;2.5;12.7;0.38;0.1;0.08;0.11
18;100;100;100;100;22.68;5.67;15.75;8.8;8.78;0.294;74.9;29.95;17.55;7.29;1.28;4.13;9.04;174.9;95.8;52.7;8.3;18.1;4.36;3.35;0.45;0.61;0.78;0.78;0.096;25.1;7.97;3.75;2.47;0.43;1.53;6.71;58.6;39.8;2.3;3.1;13.4;0.45;0.12;0.09;0.12
19;0;0;0;0;17.05;1.76;5.06;2.23;2.24;0.232;79.9;9.7;5.32;2.63;0.41;1.43;2.92;277;238.9;29.4;2.9;5.8;1.2;0.65;0.17;0.22;0.16;0.16;0.067;20.1;1.84;0.81;0.62;0.11;0.33;2.14;69.7;62.8;1.9;0.7;4.3;0.08;0.04;0.02;0.03
19;0;0;0;50;16.7;1.92;5.37;2.49;2.44;0.238;79.4;10.31;5.62;2.78;0.48;1.52;3.08;273.4;235.4;28.8;3;6.2;1.2;0.84;0.17;0.22;0.17;0.18;0.07;20.6;2.04;0.93;0.67;0.11;0.4;2.29;70.7;63.5;1.8;0.8;4.6;0.09;0.05;0.02;0.03
19;0;0;0;100;16.42;2.04;5.84;2.77;2.73;0.242;78.7;11.34;6.35;2.95;0.5;1.65;3.33;269.3;231.2;28.1;3.3;6.7;1.2;1.1;0.19;0.24;0.24;0.21;0.08;21.3;2.25;1.02;0.77;0.11;0.38;2.51;72.9;64.4;2.6;0.8;5;0.09;0.07;0.02;0.03
19;0;0;50;0;17.95;2.13;5.82;2.3;2.32;0.23;83.2;10.14;5.61;2.65;0.46;1.58;3.26;276.3;235.4;31.2;3.2;6.5;1.23;0.7;0.18;0.22;0.29;0.25;0.074;16.8;2.92;1.35;0.97;0.16;0.56;2.56;55.6;47.6;1.7;1.1;5.1;0.14;0.03;0.03;0.05
19;0;0;50;50;18.64;2.33;6.84;2.53;2.51;0.229;82.5;11.02;5.95;3;0.52;1.56;3.91;272.5;229.9;31.7;3.1;7.8;1.14;0.95;0.17;0.24;0.36;0.33;0.079;17.5;3.96;1.86;1.26;0.22;0.76;2.94;57.8;48.6;1.8;1.5;5.9;0.18;0.05;0.05;0.06
19;0;0;50;100;19.09;2.87;7.97;3.02;3.01;0.239;81.3;12.65;7.04;3.3;0.57;1.87;4.63;267.2;222.2;32;3.7;9.3;1.13;1.38;0.21;0.28;0.44;0.43;0.082;18.7;5.06;2.36;1.59;0.25;1;3.34;61.1;49.8;2.6;2;6.7;0.24;0.07;0.05;0.08
19;0;0;100;0;18.26;2.4;6.44;2.34;2.28;0.227;87.1;10.04;5.53;2.69;0.46;1.57;3.69;275.8;234.1;31.2;3.1;7.4;1.2;0.69;0.17;0.22;0.39;0.35;0.077;12.9;4.25;2.01;1.27;0.26;0.83;2.75;40.8;31.9;1.7;1.7;5.5;0.21;0.03;0.05;0.06
19;0;0;100;50;19.42;2.87;8.42;2.67;2.64;0.225;85.9;11.76;6.47;3.15;0.56;1.75;4.83;270.1;224.7;32.2;3.5;9.7;1.13;1.04;0.2;0.27;0.51;0.5;0.079;14.1;6.12;2.76;2.05;0.32;1.12;3.6;44.1;32.9;1.8;2.2;7.2;0.3;0.05;0.07;0.09
19;0;0;100;100;20.06;3.34;9.63;3.09;3.07;0.235;84.8;13.12;7.24;3.48;0.6;1.97;5.53;264;216.2;32.8;3.9;11.1;1.07;1.49;0.22;0.29;0.66;0.61;0.081;15.2;7.39;3.36;2.36;0.44;1.37;4.11;47.3;33.9;2.4;2.7;8.2;0.36;0.06;0.08;0.11
19;0;50;0;0;17.58;2.11;5.86;2.48;2.54;0.222;78.9;11.45;6.14;3.12;0.54;1.75;3.37;271.1;230.4;30.5;3.5;6.7;1.16;0.92;0.19;0.26;0.17;0.17;0.071;21.1;1.88;0.87;0.59;0.11;0.35;2.48;72.1;64.6;1.8;0.7;5;0.08;0.05;0.02;0.03
19;0;50;0;50;17.41;2.37;6.53;2.84;2.96;0.233;78.2;12.71;6.83;3.47;0.59;1.96;3.75;266;224.7;29.8;3.9;7.5;1.16;1.3;0.21;0.29;0.21;0.22;0.08;21.8;2.23;1.04;0.71;0.13;0.41;2.78;74;65.9;1.7;0.8;5.6;0.09;0.07;0.03;0.03
19;0;50;0;100;17.39;2.52;6.89;3.49;3.44;0.247;77.4;13.97;7.83;3.69;0.64;2.09;4.07;261;219.1;29.7;4.2;8.1;1.14;1.76;0.24;0.31;0.25;0.24;0.09;22.6;2.33;1.12;0.74;0.11;0.43;2.82;76.1;67.1;2.4;0.9;5.6;0.09;0.09;0.03;0.03
19;0;50;50;0;18.7;2.48;6.99;2.62;2.65;0.217;82.1;12.29;6.62;3.38;0.59;1.85;3.98;268.7;225.1;31.9;3.7;8;1.14;1.02;0.21;0.29;0.28;0.27;0.077;17.9;3.16;1.48;1.02;0.17;0.63;3.01;58.4;49.3;1.7;1.3;6;0.15;0.05;0.03;0.05
19;0;50;50;50;19.44;2.86;8.16;3.18;3.18;0.228;81.1;14.03;7.64;3.82;0.63;2.07;4.62;262.5;216.2;33;4.1;9.2;1.13;1.51;0.24;0.31;0.4;0.36;0.082;18.9;4.13;1.95;1.27;0.23;0.79;3.54;61;50.8;1.5;1.6;7.1;0.19;0.06;0.04;0.06
19;0;50;50;100;20.28;3.26;9.25;3.93;3.85;0.247;80.8;15.61;8.75;4.05;0.66;2.28;5.34;272.5;206.6;50.7;4.6;10.7;1.06;2.19;0.27;0.33;0.47;0.48;0.085;19.2;5.39;2.47;1.71;0.33;0.98;3.92;64.6;52.4;2.4;2;7.8;0.25;0.09;0.05;0.08
19;0;50;100;0;19.18;2.79;7.98;2.72;2.79;0.221;86;12.68;6.92;3.46;0.59;1.94;4.63;267.6;222.3;32.2;3.9;9.3;1.14;1.15;0.22;0.29;0.41;0.38;0.079;14;4.56;2.08;1.48;0.27;0.84;3.35;43.3;33.2;1.7;1.7;6.7;0.22;0.04;0.05;0.06
19;0;50;100;50;20.15;3.28;9.53;3.29;3.28;0.23;85.5;14.29;7.74;3.88;0.69;2.1;5.46;276.3;211.1;50.1;4.2;10.9;1.05;1.67;0.23;0.33;0.56;0.54;0.081;14.5;6.47;2.97;2.08;0.3;1.18;4.07;46.6;34.4;1.6;2.4;8.1;0.32;0.06;0.07;0.1
19;0;50;100;100;21.29;3.77;10.84;4.01;3.97;0.244;84.4;16.28;9.13;4.23;0.7;2.4;6.29;270.5;200.9;52.1;4.8;12.6;1.01;2.33;0.28;0.35;0.69;0.64;0.083;15.6;7.57;3.47;2.47;0.41;1.37;4.56;49.7;35.5;2.3;2.7;9.1;0.37;0.09;0.08;0.11
19;0;100;0;0;18.51;2.47;7.07;3.12;3.08;0.22;78.5;14.02;7.58;3.82;0.64;2.1;4.05;278.1;218;47.8;4.2;8.1;1.1;1.43;0.23;0.32;0.2;0.19;0.076;21.5;2;0.94;0.64;0.12;0.37;3.02;75.8;67.3;1.7;0.7;6;0.08;0.06;0.02;0.03
19;0;100;0;50;18.33;2.6;7.34;3.75;3.64;0.24;77.7;15.15;8.46;3.99;0.63;2.17;4.22;271.1;211.3;47.1;4.3;8.4;1.04;2.02;0.25;0.33;0.24;0.23;0.087;22.3;2.24;1.07;0.69;0.14;0.43;3.12;77.5;68.8;1.6;0.9;6.2;0.09;0.09;0.03;0.03
19;0;100;0;100;18.09;2.73;7.91;4.24;4.32;0.266;76.9;16.3;9.22;4.2;0.74;2.32;4.55;266.2;206.4;46.1;4.6;9.1;1.05;2.64;0.27;0.36;0.31;0.27;0.097;23.1;2.52;1.18;0.8;0.14;0.41;3.37;79.8;69.9;2.4;0.8;6.7;0.1;0.11;0.02;0.04
19;0;100;50;0;19.64;2.92;8.21;3.35;3.33;0.223;81.8;14.97;8.09;4.13;0.7;2.25;4.74;276.6;212.7;49.9;4.5;9.5;1.09;1.65;0.25;0.35;0.29;0.3;0.081;18.2;3.4;1.65;1.03;0.16;0.67;3.47;61.3;51.4;1.7;1.3;6.9;0.16;0.06;0.04;0.05
19;0;100;50;50;20.55;3.21;9.4;4.07;3.97;0.236;80.6;16.86;9.32;4.51;0.79;2.41;5.39;268.3;200.6;52.1;4.8;10.8;1;2.31;0.27;0.39;0.41;0.4;0.085;19.4;4.41;2.1;1.35;0.23;0.81;4.01;64.5;53.4;1.5;1.6;8;0.21;0.08;0.05;0.06
19;0;100;50;100;21.36;3.7;10.39;4.85;4.94;0.267;79.3;18.52;10.54;4.76;0.77;2.67;5.95;261.4;190.7;53.5;5.3;11.9;0.93;3.31;0.31;0.39;0.52;0.5;0.088;20.7;5.46;2.55;1.71;0.3;1.03;4.44;68.1;55;2.2;2.1;8.9;0.26;0.1;0.06;0.08
19;0;100;100;0;20.2;3.22;9.29;3.38;3.39;0.22;85.4;15.44;8.29;4.22;0.72;2.27;5.26;273.3;207.8;50.4;4.5;10.5;1.04;1.74;0.27;0.34;0.43;0.43;0.081;14.6;5;2.35;1.58;0.27;0.95;4.02;46.4;34.8;1.6;1.9;8;0.24;0.06;0.05;0.08
19;0;100;100;50;21.37;3.97;10.98;4.06;4.04;0.234;84.2;17.27;9.56;4.6;0.78;2.6;6.27;266.4;196.2;52.5;5.2;12.5;0.97;2.4;0.29;0.38;0.61;0.58;0.083;15.8;6.81;3.25;2.11;0.37;1.37;4.71;49.8;36.1;1.5;2.7;9.4;0.33;0.08;0.07;0.1
19;0;100;100;100;22.14;4.13;12.18;5.12;5.15;0.267;83;19.34;10.91;5.02;0.84;2.67;6.98;258.9;185;54.6;5.3;14;0.96;3.48;0.31;0.41;0.74;0.69;0.084;17;7.98;3.67;2.56;0.44;1.46;5.2;52.6;37.3;2;2.9;10.4;0.39;0.1;0.08;0.12
19;50;0;0;0;17.2;2.18;5.96;3.54;3.5;0.27;76;13.02;7.43;3.29;0.54;1.85;3.42;221.1;181;29.5;3.7;6.8;2.37;0.64;0.21;0.27;0.18;0.15;0.066;24;1.75;0.82;0.53;0.09;0.33;2.54;69.8;62.2;1.8;0.7;5.1;0.07;0.04;0.02;0.03
19;50;0;0;50;17.02;2.29;6.62;3.63;3.65;0.269;75.4;13.6;7.71;3.49;0.6;1.91;3.77;218.9;178.7;28.8;3.8;7.5;2.31;0.84;0.2;0.3;0.21;0.18;0.072;24.6;1.99;0.95;0.64;0.1;0.38;2.84;71.2;62.9;1.9;0.8;5.7;0.08;0.05;0.02;0.03
19;50;0;0;100;16.73;2.41;6.98;3.97;3.96;0.272;74.6;14.61;8.32;3.71;0.63;2.02;3.95;215.7;175.9;27.9;4;7.9;2.35;1.09;0.22;0.31;0.22;0.22;0.083;25.4;2.25;1.04;0.7;0.13;0.39;3.03;73.5;63.7;2.9;0.8;6.1;0.09;0.08;0.02;0.03
19;50;0;50;0;17.99;2.46;6.96;3.62;3.58;0.268;80;13.46;7.65;3.51;0.56;1.9;4.1;222.3;179.8;30.5;3.8;8.2;2.4;0.67;0.21;0.3;0.28;0.24;0.074;20;2.91;1.4;0.9;0.15;0.57;2.86;55.6;46.9;1.8;1.1;5.7;0.14;0.03;0.03;0.04
19;50;0;50;50;18.51;2.75;7.89;3.82;3.81;0.267;79.1;14.37;8.15;3.68;0.61;1.96;4.55;219.5;175.3;31.1;3.9;9.1;2.35;0.91;0.23;0.31;0.33;0.34;0.08;20.9;3.98;1.87;1.25;0.19;0.79;3.34;57.9;47.9;1.8;1.6;6.7;0.18;0.05;0.05;0.06
19;50;0;50;100;19.47;3.08;9.04;4.25;4.21;0.265;77.7;15.94;9.03;4.1;0.7;2.19;5.18;214.9;167.9;32.4;4.4;10.4;2.21;1.41;0.25;0.34;0.47;0.42;0.084;22.3;4.82;2.27;1.46;0.27;0.89;3.86;61.5;49.6;2.5;1.8;7.7;0.23;0.08;0.05;0.07
19;50;0;100;0;18.38;2.64;7.75;3.59;3.59;0.266;84.2;13.57;7.63;3.52;0.6;1.87;4.52;221.4;178;30.7;3.7;9;2.38;0.69;0.21;0.3;0.36;0.35;0.076;15.8;4.27;1.93;1.39;0.23;0.77;3.23;41.4;31.6;1.8;1.5;6.5;0.21;0.04;0.04;0.06
19;50;0;100;50;19.37;3.25;9.47;3.77;3.85;0.26;83;14.9;8.35;3.85;0.68;2.13;5.49;218.2;171.2;31.7;4.3;11;2.28;1.01;0.24;0.32;0.52;0.5;0.079;17;6.13;2.79;2.03;0.33;1.12;3.98;44.4;32.5;1.7;2.2;8;0.3;0.04;0.07;0.09
19;50;0;100;100;20.12;3.71;10.57;4.38;4.31;0.263;81.7;16.48;9.38;4.22;0.71;2.33;6.05;213.6;164.3;32.5;4.7;12.1;2.21;1.48;0.27;0.36;0.71;0.62;0.082;18.3;7.39;3.45;2.27;0.43;1.38;4.51;47.8;33.6;2.5;2.8;9;0.36;0.07;0.08;0.11
19;50;50;0;0;17.76;2.77;7.67;4.62;4.61;0.273;75.2;16.97;9.73;4.26;0.75;2.42;4.42;219.9;176.2;29.9;4.8;8.8;3.07;0.91;0.28;0.35;0.17;0.17;0.07;24.8;1.87;0.83;0.61;0.12;0.35;3.24;72.5;63.6;1.7;0.7;6.5;0.08;0.04;0.02;0.03
19;50;50;0;50;17.56;2.93;8.22;4.9;4.94;0.277;74.4;17.91;10.22;4.5;0.8;2.52;4.72;216.3;172.5;29.3;5;9.4;3.02;1.27;0.28;0.37;0.2;0.21;0.08;25.6;2.11;1;0.64;0.14;0.41;3.5;74.3;64.7;1.8;0.8;7;0.08;0.07;0.02;0.03
19;50;50;0;100;17.52;3.03;8.41;5.4;5.26;0.282;73.3;18.72;10.82;4.65;0.82;2.58;4.85;211.7;167.8;29.1;5.2;9.7;2.87;1.7;0.3;0.39;0.26;0.26;0.093;26.7;2.35;1.09;0.8;0.11;0.45;3.56;76.9;66.1;2.7;0.9;7.1;0.09;0.11;0.03;0.03
19;50;50;50;0;18.97;3.09;8.68;4.57;4.6;0.266;78.8;17.39;9.96;4.37;0.77;2.48;4.97;219.3;172.9;31.6;5;9.9;2.96;1;0.28;0.36;0.27;0.27;0.078;21.2;3.16;1.48;1;0.15;0.61;3.71;58.9;48.5;1.8;1.2;7.4;0.14;0.05;0.03;0.05
19;50;50;50;50;19.68;3.51;9.73;5.1;5.05;0.267;77.7;18.99;10.8;4.81;0.85;2.72;5.63;214.8;165.4;32.7;5.4;11.3;2.86;1.48;0.31;0.4;0.4;0.36;0.083;22.3;4.1;1.94;1.3;0.2;0.79;4.1;61.5;50.1;1.6;1.6;8.2;0.19;0.06;0.05;0.05
19;50;50;50;100;20.39;3.8;10.78;5.64;5.61;0.278;77.7;20.24;11.73;5;0.93;2.83;6.22;226.9;158.8;50.1;5.7;12.4;2.73;2.14;0.32;0.42;0.49;0.46;0.087;22.3;5.17;2.42;1.63;0.25;0.97;4.56;65;51.5;2.4;1.9;9.1;0.24;0.09;0.06;0.07
19;50;50;100;0;19.21;3.38;9.54;4.79;4.75;0.268;83.1;17.82;10.07;4.54;0.77;2.52;5.52;217.9;170.2;31.5;5;11;2.97;1.12;0.28;0.37;0.38;0.38;0.08;16.9;4.52;2.06;1.49;0.25;0.86;4.02;44.2;32.7;1.7;1.7;8;0.22;0.05;0.05;0.06
19;50;50;100;50;20.4;3.97;11.18;5.15;5.12;0.268;82.8;19.19;10.9;4.91;0.84;2.74;6.46;230;162;49.5;5.5;12.9;2.75;1.65;0.3;0.42;0.59;0.56;0.082;17.2;6.55;2.97;2.1;0.3;1.23;4.72;47.5;33.9;1.7;2.5;9.4;0.32;0.07;0.08;0.09
19;50;50;100;100;21.35;4.37;12.41;5.69;5.67;0.275;81.6;20.73;11.93;5.23;0.89;2.92;7.15;225.9;154.7;51.1;5.8;14.3;2.65;2.26;0.33;0.44;0.67;0.66;0.085;18.4;7.61;3.56;2.42;0.43;1.45;5.26;50.8;35;2.4;2.9;10.5;0.37;0.1;0.09;0.11
19;50;100;0;0;18.74;3.23;9.46;5.68;5.72;0.273;75;21.05;11.92;5.45;0.9;2.88;5.33;231.2;168;46.7;5.8;10.7;3.54;1.4;0.34;0.44;0.21;0.2;0.081;25;1.97;0.92;0.63;0.1;0.35;4.12;76.7;66;1.8;0.7;8.2;0.08;0.07;0.02;0.03
19;50;100;0;50;18.61;3.49;9.86;6.21;6.27;0.283;74.1;22.21;12.85;5.59;0.93;3.1;5.67;227.2;163.4;46.2;6.2;11.3;3.47;1.99;0.35;0.47;0.23;0.23;0.088;25.9;2.19;1.04;0.66;0.13;0.39;4.19;79.1;67.4;2.5;0.8;8.4;0.08;0.09;0.02;0.04
19;50;100;0;100;18.1;3.58;9.89;6.8;6.79;0.299;73.5;22.8;13.36;5.53;0.98;3.1;5.72;222.4;160.1;44.6;6.2;11.4;3.41;2.56;0.36;0.46;0.29;0.28;0.098;26.5;2.43;1.21;0.74;0.11;0.48;4.17;80.1;68.3;2.5;1;8.3;0.09;0.13;0.02;0.03
19;50;100;50;0;19.94;3.73;10.56;5.98;6;0.273;78.8;22.09;12.65;5.63;0.97;3.1;6.14;232;164.3;49.3;6.2;12.3;3.54;1.62;0.36;0.48;0.29;0.29;0.081;21.2;3.26;1.54;1.04;0.16;0.63;4.42;62.2;50.3;1.7;1.3;8.8;0.15;0.06;0.03;0.05
19;50;100;50;50;20.78;4.01;11.5;6.48;6.37;0.276;77.4;23.13;13.3;5.87;1.01;3.22;6.56;226.4;155.9;50.9;6.4;13.1;3.28;2.25;0.36;0.48;0.36;0.39;0.086;22.6;4.3;1.98;1.4;0.23;0.8;4.95;66.1;52.2;2.4;1.6;9.9;0.2;0.08;0.04;0.06
19;50;100;50;100;21.45;4.42;12.5;7.26;7.32;0.295;76.2;24.93;14.52;6.24;1.06;3.39;7.21;220.9;147.2;52.5;6.8;14.4;3.14;3.26;0.39;0.54;0.53;0.5;0.09;23.8;5.4;2.58;1.67;0.25;1.03;5.29;68.9;54.1;2.2;2.1;10.6;0.25;0.12;0.06;0.08
19;50;100;100;0;20.32;4.02;11.48;5.91;5.94;0.269;82.8;22.19;12.58;5.67;0.97;3.13;6.55;229.3;160.5;49.6;6.3;13.1;3.42;1.71;0.34;0.47;0.42;0.41;0.083;17.2;4.72;2.19;1.5;0.26;0.89;4.94;47.4;34.1;1.6;1.8;9.9;0.22;0.06;0.06;0.07
19;50;100;100;50;21.6;4.5;13.04;6.53;6.46;0.274;81.4;23.65;13.51;5.98;1.06;3.26;7.52;225.5;152.3;51.6;6.5;15;3.26;2.34;0.37;0.5;0.59;0.58;0.084;18.6;6.75;3.16;2.11;0.37;1.24;5.52;51.3;35.3;2.4;2.5;11;0.33;0.09;0.07;0.1
19;50;100;100;100;22.42;4.94;14.23;7.42;7.35;0.291;80;25.27;14.73;6.29;1.04;3.42;8.09;218.2;141.4;53.7;6.8;16.2;2.97;3.45;0.38;0.54;0.7;0.72;0.087;20;8.15;3.82;2.58;0.42;1.51;6.14;54.4;36.9;2.2;3;12.3;0.39;0.11;0.09;0.12
19;100;0;0;0;17.54;2.63;7.42;4.8;4.8;0.292;69.8;16.52;9.63;4.07;0.69;2.29;4.25;164.5;122.5;28.9;4.6;8.5;3.57;0.64;0.25;0.34;0.2;0.17;0.07;30.2;1.93;0.9;0.63;0.1;0.34;3.17;71;61.4;2.6;0.7;6.3;0.08;0.05;0.02;0.03
19;100;0;0;50;17.21;2.82;7.71;5.01;5.01;0.293;69.3;17.2;9.98;4.21;0.75;2.42;4.39;162.6;121;28;4.8;8.8;3.56;0.82;0.28;0.35;0.24;0.22;0.08;30.7;2.24;1.05;0.73;0.11;0.41;3.32;72;62.1;2.5;0.8;6.6;0.08;0.08;0.03;0.03
19;100;0;0;100;17.29;2.9;8.43;5.15;5.21;0.291;68.2;17.98;10.4;4.53;0.74;2.41;4.83;161.3;119.3;27.5;4.8;9.7;3.5;1.09;0.26;0.37;0.3;0.27;0.09;31.8;2.55;1.24;0.77;0.15;0.49;3.6;75.1;62.8;4.1;1;7.2;0.09;0.12;0.03;0.03
19;100;0;50;0;18.43;2.94;8.28;4.67;4.79;0.289;74.2;16.68;9.65;4.17;0.71;2.31;4.74;165.2;121.1;30;4.6;9.5;3.53;0.67;0.24;0.35;0.23;0.27;0.076;25.8;3.17;1.46;0.98;0.17;0.63;3.55;57.4;46.5;2.5;1.3;7.1;0.14;0.05;0.03;0.05
19;100;0;50;50;18.94;3.19;9.03;5.08;5.03;0.286;73.5;17.72;10.22;4.42;0.71;2.44;5.17;164.2;118.2;30.8;4.9;10.3;3.47;0.93;0.28;0.36;0.38;0.35;0.083;26.5;4.06;1.85;1.31;0.21;0.74;3.86;59.1;47.5;2.4;1.5;7.7;0.18;0.07;0.04;0.06
19;100;0;50;100;19.66;3.65;10.18;5.46;5.42;0.285;72.1;19.08;11.03;4.75;0.79;2.66;5.92;162.8;114.2;31.4;5.3;11.8;3.36;1.36;0.29;0.4;0.5;0.48;0.087;27.9;5.31;2.49;1.65;0.28;0.98;4.26;62.9;48.8;3.6;2;8.5;0.24;0.11;0.06;0.08
19;100;0;100;0;18.86;3.12;8.91;4.88;4.83;0.288;79.3;16.86;9.79;4.22;0.73;2.27;5.09;165.3;120.1;30.4;4.5;10.2;3.54;0.68;0.25;0.36;0.38;0.37;0.079;20.7;4.37;2.03;1.37;0.24;0.86;3.81;43.2;31.2;2.6;1.7;7.6;0.2;0.05;0.05;0.06
19;100;0;100;50;19.66;3.68;10.47;5.11;5.07;0.281;78.2;18.11;10.44;4.53;0.79;2.52;6.04;164.1;115.9;31.2;5;12.1;3.4;0.99;0.3;0.37;0.56;0.53;0.081;21.8;6.29;2.88;2;0.34;1.17;4.44;45.8;32.2;2.4;2.3;8.9;0.3;0.07;0.07;0.09
19;100;0;100;100;20.57;4.15;11.78;5.44;5.48;0.282;76.6;19.55;11.17;5;0.85;2.69;6.81;162.7;111.6;32.1;5.4;13.6;3.31;1.46;0.3;0.41;0.64;0.65;0.085;23.4;7.5;3.48;2.4;0.38;1.46;4.97;49.5;33.1;3.6;2.9;9.9;0.35;0.11;0.09;0.1
19;100;50;0;0;18.05;3.41;9.63;6.58;6.65;0.298;69.5;22.42;12.96;5.58;1;3.07;5.61;166.7;119.8;29.6;6.1;11.2;4.96;0.9;0.33;0.47;0.19;0.17;0.07;30.5;1.88;0.86;0.59;0.11;0.34;4.03;73.2;62.6;1.8;0.7;8.1;0.08;0.05;0.02;0.03
19;100;50;0;50;17.78;3.6;10.15;7.02;7.05;0.301;68.5;23.56;13.89;5.79;0.95;3.19;5.88;164.6;117.6;28.8;6.4;11.8;4.96;1.24;0.37;0.49;0.2;0.21;0.083;31.5;2.12;1;0.64;0.14;0.4;4.28;75.6;63.6;2.7;0.8;8.6;0.08;0.08;0.02;0.03
19;100;50;0;100;17.75;3.65;10.37;7.29;7.3;0.302;67.5;24.22;14.15;5.95;1.03;3.21;5.94;160.9;114;28.6;6.4;11.9;4.73;1.7;0.38;0.49;0.22;0.25;0.092;32.5;2.3;1.09;0.72;0.13;0.44;4.43;77.5;65.2;2.6;0.9;8.9;0.09;0.1;0.03;0.03
19;100;50;50;0;18.91;3.65;10.64;6.74;6.73;0.294;73.6;22.97;13.32;5.68;0.96;3.06;6.06;166.8;117.8;30.7;6.1;12.1;4.95;0.97;0.35;0.47;0.29;0.28;0.08;26.4;3.25;1.49;1.04;0.19;0.6;4.58;59.8;47.6;1.9;1.2;9.2;0.15;0.05;0.03;0.05
19;100;50;50;50;19.59;4.05;11.56;6.94;7.02;0.293;72.3;24.09;13.91;5.98;1.06;3.28;6.64;164.9;113.4;31.6;6.6;13.3;4.73;1.43;0.38;0.48;0.38;0.38;0.085;27.7;4.21;1.93;1.35;0.24;0.77;4.92;63;49.1;2.5;1.5;9.8;0.19;0.08;0.05;0.06
19;100;50;50;100;20.42;4.37;12.63;7.53;7.58;0.298;73;25.55;14.86;6.38;1.11;3.43;7.19;178.4;107.9;49.2;6.9;14.4;4.54;2.13;0.4;0.52;0.46;0.46;0.087;27;5.07;2.34;1.6;0.29;0.93;5.44;66;50.9;2.4;1.9;10.9;0.23;0.1;0.05;0.08
19;100;50;100;0;19.49;4.08;11.49;6.85;6.8;0.293;78.5;23.29;13.56;5.78;1.01;3.17;6.63;166.9;116.1;31.2;6.3;13.3;4.85;1.11;0.36;0.48;0.4;0.38;0.08;21.5;4.48;2.12;1.41;0.24;0.9;4.86;45.5;32.1;1.8;1.8;9.7;0.21;0.05;0.05;0.06
19;100;50;100;50;20.51;4.54;13.03;7.18;7.12;0.291;78.6;24.52;14.4;5.99;1.03;3.37;7.5;180.5;110.2;48.6;6.7;15;4.61;1.63;0.38;0.5;0.54;0.53;0.082;21.4;6.31;2.88;2.02;0.36;1.17;5.52;49.2;33.4;2.4;2.3;11;0.31;0.07;0.06;0.09
19;100;50;100;100;21.29;4.8;13.98;7.59;7.52;0.295;77.6;25.56;14.79;6.3;1.14;3.35;8.04;178.6;105.7;50;6.7;16.1;4.41;2.2;0.39;0.52;0.69;0.66;0.085;22.4;7.6;3.58;2.41;0.41;1.46;5.94;51.6;34.4;2.4;2.9;11.9;0.37;0.1;0.09;0.11
19;100;100;0;0;18.85;4.06;11.14;7.9;7.84;0.297;70.3;26.55;15.56;6.59;1.06;3.71;6.39;181.1;115.3;45.6;7.4;12.8;5.54;1.35;0.42;0.53;0.2;0.19;0.08;29.7;1.91;0.89;0.6;0.11;0.35;4.75;76.5;64.6;1.7;0.7;9.5;0.07;0.07;0.02;0.03
19;100;100;0;50;18.84;4.09;11.53;8.29;8.22;0.302;69.1;27.3;16.14;6.68;1.12;3.69;6.65;177.8;111.7;45.3;7.4;13.3;5.33;1.93;0.4;0.55;0.23;0.23;0.088;30.9;2.19;1.06;0.65;0.11;0.4;4.88;79.3;66.1;2.6;0.8;9.8;0.08;0.1;0.02;0.03
19;100;100;0;100;18.51;4.17;11.96;8.63;8.79;0.313;68.4;28.15;16.54;6.87;1.21;3.73;6.9;174.7;109.3;44.2;7.5;13.8;5.28;2.53;0.42;0.57;0.29;0.28;0.099;31.6;2.44;1.17;0.75;0.12;0.45;5.07;80.6;67.2;2.4;0.9;10.1;0.09;0.13;0.02;0.04
19;100;100;50;0;19.8;4.25;12.1;7.96;7.92;0.294;74.3;27.07;15.85;6.63;1.15;3.69;7.03;181.4;111.9;48;7.4;14.1;5.37;1.57;0.42;0.56;0.29;0.29;0.083;25.7;3.19;1.45;1.07;0.18;0.56;5.07;62.5;49.5;1.7;1.1;10.1;0.14;0.07;0.03;0.04
19;100;100;50;50;20.8;4.62;13.22;8.33;8.32;0.295;72.9;28.3;16.52;6.98;1.19;3.78;7.6;179.4;106.7;49.9;7.6;15.2;5.1;2.19;0.44;0.59;0.41;0.41;0.089;27.1;4.38;2.05;1.38;0.23;0.84;5.61;66.7;51.3;2.6;1.7;11.2;0.2;0.1;0.05;0.06
19;100;100;50;100;21.73;4.95;14.06;9.07;9.11;0.308;72;29.68;17.61;7.11;1.26;4.01;8.23;177.3;100.7;52.1;8;16.5;4.81;3.21;0.47;0.62;0.51;0.5;0.091;28;5.35;2.45;1.73;0.31;0.94;5.84;69;53.2;2.2;1.9;11.7;0.25;0.12;0.06;0.07
19;100;100;100;0;20.49;4.59;13.24;7.86;7.92;0.29;79;27.41;15.79;6.86;1.22;3.72;7.63;181.2;109.6;48.9;7.4;15.3;5.26;1.67;0.43;0.56;0.38;0.41;0.083;21;4.67;2.1;1.51;0.26;0.87;5.61;48.2;33.5;1.7;1.7;11.2;0.22;0.07;0.05;0.07
19;100;100;100;50;21.64;5.09;14.71;8.33;8.3;0.292;77.3;28.53;16.61;7.07;1.17;3.82;8.39;179;103.7;50.8;7.6;16.8;4.99;2.3;0.42;0.6;0.6;0.58;0.085;22.7;6.69;3.08;2.15;0.37;1.26;6.31;52.4;34.8;2.4;2.5;12.6;0.32;0.09;0.08;0.09
19;100;100;100;100;22.72;5.53;15.64;8.99;9.04;0.306;76.2;29.65;17.37;7.3;1.22;4.04;8.96;176.4;97.6;52.9;8.1;17.9;4.65;3.36;0.44;0.59;0.71;0.7;0.086;23.8;7.88;3.61;2.54;0.45;1.49;6.68;54.9;36.2;2.4;3;13.4;0.38;0.12;0.08;0.11
20;0;0;0;0;17.32;1.74;4.92;2.33;2.27;0.233;81.8;9.78;5.35;2.63;0.44;1.4;2.9;282.6;243.6;30.4;2.8;5.8;1.21;0.67;0.16;0.23;0.16;0.15;0.066;18.2;1.7;0.83;0.51;0.08;0.34;2.03;62.9;56.4;1.8;0.7;4.1;0.07;0.03;0.02;0.02
20;0;0;0;50;17.12;1.87;5.37;2.56;2.49;0.238;81.3;10.48;5.78;2.81;0.48;1.5;3.14;279.3;240.4;29.6;3;6.3;1.21;0.86;0.18;0.25;0.17;0.17;0.07;18.7;1.95;0.88;0.63;0.12;0.36;2.23;64;57;1.8;0.7;4.5;0.08;0.05;0.02;0.03
20;0;0;0;100;16.82;2.07;5.88;2.83;2.81;0.244;80.6;11.57;6.33;3.12;0.53;1.69;3.46;275.5;236.2;29;3.4;6.9;1.22;1.13;0.18;0.28;0.22;0.21;0.079;19.4;2.13;1.01;0.64;0.11;0.38;2.42;66;57.8;2.6;0.8;4.8;0.08;0.07;0.02;0.03
20;0;0;50;0;17.79;2.06;5.84;2.37;2.35;0.234;84.8;10.09;5.57;2.68;0.46;1.48;3.46;281.6;241.1;30.6;3;6.9;1.23;0.69;0.18;0.24;0.3;0.26;0.074;15.2;3.12;1.44;0.99;0.18;0.58;2.38;50.2;42.5;1.8;1.2;4.8;0.15;0.03;0.03;0.04
20;0;0;50;50;18.55;2.41;6.92;2.59;2.63;0.236;84.1;11.2;6.13;3;0.53;1.67;3.99;278.4;235.6;31.5;3.3;8;1.24;0.94;0.18;0.27;0.36;0.33;0.079;15.9;3.96;1.84;1.31;0.2;0.74;2.93;52.5;43.3;1.8;1.5;5.9;0.19;0.05;0.04;0.06
20;0;0;50;100;19.23;2.77;8.03;3.1;3.06;0.242;82.9;12.69;6.95;3.4;0.62;1.79;4.67;272.1;226.9;32.3;3.6;9.3;1.16;1.39;0.21;0.3;0.45;0.43;0.082;17.1;5.02;2.33;1.63;0.27;0.97;3.37;55.8;44.6;2.6;1.9;6.7;0.24;0.07;0.05;0.08
20;0;0;100;0;18.41;2.29;6.69;2.23;2.31;0.23;88.2;10.07;5.39;2.78;0.47;1.5;3.86;281.6;239.5;31.3;3;7.7;1.2;0.7;0.17;0.25;0.38;0.35;0.077;11.8;4.32;1.95;1.42;0.24;0.79;2.83;37.6;28.6;1.8;1.6;5.7;0.21;0.03;0.05;0.06
20;0;0;100;50;19.25;2.89;8.24;2.7;2.63;0.229;87.2;11.52;6.33;3.09;0.52;1.69;4.82;275.6;230.8;31.8;3.4;9.6;1.15;1.01;0.2;0.27;0.56;0.51;0.079;12.8;6.23;2.87;2.04;0.35;1.2;3.42;40.4;29.4;1.7;2.4;6.8;0.31;0.05;0.07;0.09
20;0;0;100;100;20.13;3.34;9.38;3.22;3.13;0.237;86;13.22;7.36;3.42;0.59;1.95;5.5;269;221.1;33;3.9;11;1.11;1.5;0.21;0.31;0.6;0.61;0.081;14;7.32;3.38;2.35;0.37;1.39;3.88;43.4;30.3;2.5;2.8;7.8;0.36;0.07;0.08;0.1
20;0;50;0;0;18.05;2.02;5.83;2.63;2.58;0.223;80.9;11.56;6.31;3.13;0.51;1.69;3.42;276.8;235;31.5;3.4;6.8;1.16;0.95;0.19;0.28;0.16;0.16;0.067;19.1;1.73;0.84;0.54;0.08;0.33;2.41;65.2;58;1.7;0.7;4.8;0.07;0.04;0.02;0.02
20;0;50;0;50;18;2.25;6.42;2.96;3.01;0.235;80.1;12.86;7.02;3.43;0.6;1.89;3.69;270.7;228.5;31.1;3.8;7.4;1.16;1.34;0.21;0.3;0.2;0.19;0.076;19.9;1.97;0.9;0.64;0.12;0.36;2.73;67.1;59.3;1.7;0.7;5.5;0.08;0.06;0.02;0.03
20;0;50;0;100;17.62;2.5;6.84;3.51;3.55;0.255;79.3;13.93;7.84;3.63;0.62;2.05;4.01;265.9;223.6;30.1;4.1;8;1.14;1.85;0.24;0.32;0.26;0.24;0.086;20.7;2.32;1.12;0.74;0.11;0.45;2.82;69.3;60.2;2.5;0.9;5.6;0.09;0.09;0.02;0.03
20;0;50;50;0;18.58;2.42;6.86;2.6;2.67;0.222;83.9;12.05;6.52;3.27;0.59;1.82;3.91;275.1;231.9;31.7;3.6;7.8;1.18;0.99;0.21;0.29;0.3;0.27;0.078;16.1;3.17;1.42;0.99;0.19;0.6;2.96;52.7;43.8;1.7;1.2;5.9;0.15;0.05;0.04;0.04
20;0;50;50;50;19.53;2.96;8.06;3.17;3.21;0.23;82.8;14;7.68;3.71;0.65;2.21;4.68;267.9;221.1;33.1;4.4;9.4;1.13;1.5;0.25;0.33;0.39;0.36;0.082;17.2;4.15;1.88;1.33;0.24;0.74;3.39;55.4;45.4;1.7;1.5;6.8;0.19;0.07;0.04;0.06
20;0;50;50;100;20.29;3.24;9.09;3.88;3.95;0.257;82.4;15.4;8.6;4.06;0.64;2.24;5.19;278.2;212.4;50.9;4.5;10.4;1.09;2.27;0.25;0.34;0.51;0.47;0.087;17.6;5.26;2.48;1.65;0.26;1;3.9;59;46.7;2.6;2;7.8;0.24;0.09;0.06;0.08
20;0;50;100;0;19.16;2.75;7.83;2.75;2.82;0.225;87.2;12.54;6.83;3.47;0.59;1.91;4.53;273.2;228.1;32.2;3.8;9.1;1.16;1.13;0.23;0.3;0.38;0.38;0.079;12.8;4.57;2.06;1.46;0.26;0.84;3.31;39.8;29.7;1.9;1.7;6.6;0.22;0.05;0.05;0.06
20;0;50;100;50;20.3;3.31;9.66;3.42;3.4;0.234;86.8;14.51;7.98;4;0.64;2.14;5.57;282.3;216.5;50.4;4.3;11.1;1.14;1.67;0.24;0.35;0.56;0.53;0.081;13.2;6.35;2.89;2.11;0.35;1.18;4.08;42.9;30.8;1.5;2.4;8.2;0.31;0.06;0.07;0.09
20;0;50;100;100;21.06;3.76;10.58;4.07;4.07;0.254;85.7;16.03;9.04;4.19;0.69;2.31;6.1;275.4;206.5;52.1;4.6;12.2;1.05;2.38;0.26;0.37;0.66;0.63;0.083;14.3;7.52;3.55;2.32;0.37;1.44;4.48;45.7;31.8;2.1;2.9;9;0.37;0.08;0.08;0.1
20;0;100;0;0;19.19;2.55;6.99;3.25;3.18;0.222;80.4;14.38;7.83;3.86;0.69;2.23;3.98;283.4;221.2;49.8;4.5;8;1.13;1.48;0.24;0.34;0.18;0.17;0.072;19.6;1.8;0.83;0.59;0.11;0.32;3.01;69;60.7;1.7;0.6;6;0.07;0.06;0.02;0.03
20;0;100;0;50;18.81;2.63;7.39;3.8;3.88;0.25;79.7;15.55;8.61;4.05;0.71;2.25;4.32;276.6;214.8;48.6;4.5;8.6;1.09;2.17;0.25;0.36;0.23;0.21;0.082;20.3;2.09;0.99;0.65;0.12;0.38;3.08;70.4;61.9;1.6;0.8;6.2;0.08;0.08;0.02;0.03
20;0;100;0;100;18.66;2.81;7.83;4.42;4.47;0.267;78.7;16.75;9.41;4.33;0.75;2.37;4.53;270.4;208.9;47.8;4.7;9.1;1.07;2.74;0.28;0.38;0.26;0.25;0.094;21.3;2.32;1.14;0.7;0.11;0.44;3.3;72.9;63;2.4;0.9;6.6;0.09;0.11;0.02;0.03
20;0;100;50;0;19.56;2.93;8.01;3.45;3.34;0.225;83.3;14.89;8.16;4.01;0.66;2.29;4.57;280.2;216.3;50.2;4.6;9.1;1.07;1.66;0.27;0.34;0.33;0.3;0.08;16.7;3.36;1.55;1.09;0.2;0.64;3.43;55.9;46.1;1.6;1.3;6.9;0.15;0.06;0.04;0.05
20;0;100;50;50;20.29;3.26;9.41;4;4.11;0.246;82.4;16.7;9.17;4.52;0.79;2.45;5.45;274.4;207.1;51.4;4.9;10.9;1.04;2.38;0.28;0.4;0.42;0.4;0.085;17.6;4.45;2.05;1.47;0.25;0.81;3.96;58.5;47.4;1.5;1.6;7.9;0.21;0.08;0.05;0.07
20;0;100;50;100;21.3;3.58;10.43;4.95;5.05;0.271;81;18.71;10.61;4.83;0.79;2.61;6.06;265.9;195.1;53.5;5.2;12.1;1.02;3.31;0.29;0.42;0.56;0.49;0.087;19;5.4;2.53;1.66;0.29;0.97;4.37;62;49.1;2.2;1.9;8.7;0.26;0.1;0.06;0.07
20;0;100;100;0;20.3;3.23;9.14;3.52;3.5;0.222;86.7;15.77;8.54;4.34;0.68;2.35;5.31;277.8;211.2;51.3;4.7;10.6;1.06;1.78;0.27;0.39;0.42;0.4;0.081;13.3;4.66;2.14;1.51;0.25;0.88;3.83;42.3;31.3;1.6;1.8;7.7;0.22;0.06;0.05;0.07
20;0;100;100;50;21.11;3.79;10.93;3.97;4.2;0.245;85.7;17.18;9.36;4.62;0.82;2.52;6.37;272.5;202.7;52;5;12.7;1.02;2.47;0.3;0.41;0.62;0.58;0.083;14.3;6.87;3.18;2.16;0.4;1.27;4.57;45.3;32.1;1.5;2.5;9.1;0.34;0.08;0.08;0.1
20;0;100;100;100;22.43;4.28;12.04;5.09;5.2;0.268;84.3;19.43;11.02;4.93;0.86;2.81;7.07;262.4;187.7;54.9;5.6;14.1;0.93;3.51;0.32;0.45;0.69;0.69;0.084;15.7;7.99;3.63;2.6;0.43;1.47;4.98;48.6;33.6;2.1;2.9;10;0.39;0.1;0.09;0.11
20;50;0;0;0;17.73;2.26;6.25;3.64;3.67;0.275;78;13.48;7.7;3.46;0.6;1.94;3.63;226.4;184.8;30.5;3.9;7.3;2.47;0.67;0.23;0.3;0.14;0.15;0.065;22;1.68;0.79;0.55;0.09;0.32;2.62;63.6;55.9;1.9;0.6;5.2;0.07;0.04;0.02;0.03
20;50;0;0;50;17.36;2.4;6.51;3.79;3.86;0.277;77.5;14.05;8;3.5;0.67;2.02;3.72;223.3;182.4;29.5;4;7.4;2.46;0.86;0.24;0.3;0.2;0.17;0.07;22.5;1.93;0.9;0.6;0.11;0.38;2.79;64.6;56.5;1.8;0.8;5.6;0.08;0.05;0.02;0.03
20;50;0;0;100;17.06;2.45;7.12;4.17;4.12;0.275;76.8;15.04;8.64;3.85;0.64;2.11;4.17;220.4;179;28.8;4.2;8.3;2.4;1.13;0.25;0.34;0.2;0.21;0.081;23.2;2.14;0.95;0.71;0.13;0.34;2.96;66.5;57.3;2.6;0.7;5.9;0.08;0.07;0.02;0.03
20;50;0;50;0;17.89;2.4;6.99;3.66;3.66;0.274;81.7;13.43;7.63;3.43;0.6;1.87;4.09;226.3;184;30.3;3.7;8.2;2.47;0.67;0.21;0.31;0.25;0.26;0.075;18.3;3.06;1.38;1.01;0.17;0.53;2.9;50.6;41.9;1.9;1.1;5.8;0.14;0.04;0.04;0.05
20;50;0;50;50;18.67;2.81;7.97;3.84;3.9;0.269;80.8;14.55;8.25;3.68;0.65;2.1;4.6;223;178.4;31.2;4.2;9.2;2.4;0.95;0.24;0.32;0.34;0.33;0.079;19.2;4.01;1.79;1.32;0.22;0.7;3.37;52.9;43;1.7;1.4;6.7;0.19;0.05;0.04;0.06
20;50;0;50;100;19.38;3.28;8.95;4.42;4.34;0.271;79.5;16.05;9.3;3.99;0.67;2.31;5.18;218.9;171.7;32.2;4.6;10.4;2.31;1.39;0.28;0.36;0.42;0.43;0.084;20.5;4.97;2.31;1.56;0.29;0.97;3.77;56.3;44.3;2.5;1.9;7.5;0.23;0.07;0.05;0.07
20;50;0;100;0;18.29;2.62;7.75;3.64;3.61;0.272;85.4;13.37;7.61;3.43;0.57;1.83;4.43;225;181.8;30.6;3.7;8.9;2.42;0.69;0.21;0.29;0.35;0.35;0.076;14.6;4.31;1.97;1.39;0.22;0.79;3.32;38.2;28.3;1.7;1.6;6.6;0.21;0.03;0.04;0.06
20;50;0;100;50;19.14;3.26;9.28;3.94;3.89;0.267;84.4;14.65;8.31;3.77;0.64;2.07;5.37;221.9;175.7;31.3;4.1;10.7;2.35;0.97;0.23;0.34;0.54;0.52;0.08;15.6;6.33;2.9;2.01;0.35;1.18;3.91;41;29.1;1.7;2.4;7.8;0.31;0.05;0.07;0.09
20;50;0;100;100;20.25;3.71;10.57;4.54;4.39;0.267;83;16.54;9.53;4.2;0.74;2.34;6;217;167.3;33;4.7;12;2.25;1.5;0.26;0.38;0.66;0.6;0.081;17;7.23;3.38;2.27;0.4;1.37;4.56;44.4;30.2;2.4;2.7;9.1;0.35;0.07;0.07;0.11
20;50;50;0;0;18.23;2.62;7.93;4.72;4.7;0.276;77.2;17.11;9.78;4.42;0.76;2.28;4.66;224.7;180;30.8;4.6;9.3;3.11;0.93;0.26;0.41;0.16;0.18;0.072;22.8;1.9;0.84;0.65;0.1;0.34;3.27;66.3;57.1;2;0.7;6.5;0.08;0.05;0.02;0.03
20;50;50;0;50;18.09;2.95;8.14;5.08;5.02;0.28;76.4;18.03;10.49;4.44;0.81;2.57;4.64;220.1;175.3;30.4;5.1;9.3;3.02;1.31;0.3;0.38;0.2;0.2;0.081;23.6;2.06;0.99;0.65;0.1;0.38;3.5;67.8;58.3;1.8;0.8;7;0.08;0.07;0.02;0.03
20;50;50;0;100;17.99;2.97;8.7;5.36;5.52;0.289;75.5;19.14;11.01;4.79;0.87;2.55;5.08;216.2;170.8;30.1;5.1;10.2;2.94;1.86;0.29;0.43;0.27;0.24;0.087;24.5;2.25;1.08;0.71;0.11;0.42;3.63;70;59.4;2.5;0.8;7.3;0.09;0.09;0.03;0.03
20;50;50;50;0;18.76;2.96;8.57;4.86;4.71;0.272;80.6;17.42;10.01;4.4;0.78;2.39;4.92;222.6;176.5;31.5;4.8;9.8;3.06;0.99;0.27;0.39;0.26;0.26;0.077;19.4;3.09;1.39;0.99;0.19;0.56;3.65;53.5;43.4;1.7;1.1;7.3;0.14;0.05;0.03;0.04
20;50;50;50;50;19.68;3.42;9.74;5.14;5.1;0.272;79.5;18.87;10.81;4.76;0.78;2.65;5.63;218.6;169.5;32.5;5.3;11.3;2.9;1.48;0.3;0.41;0.34;0.35;0.081;20.5;4.08;1.84;1.33;0.24;0.76;4.1;56.1;44.7;1.6;1.5;8.2;0.19;0.07;0.04;0.06
20;50;50;50;100;20.28;3.92;10.62;5.83;5.86;0.288;79.4;20.4;11.94;4.99;0.84;2.88;6.14;230.4;162.5;49.9;5.8;12.3;2.85;2.22;0.33;0.45;0.53;0.47;0.086;20.6;5.3;2.54;1.6;0.28;1.03;4.48;59.6;46.1;2.5;2.1;9;0.25;0.09;0.06;0.08
20;50;50;100;0;19.52;3.34;9.53;4.73;4.8;0.271;84.4;17.79;10.05;4.55;0.79;2.51;5.54;221.7;173.6;32;5;11.1;2.98;1.14;0.28;0.4;0.38;0.36;0.078;15.6;4.42;2.01;1.44;0.23;0.83;3.99;40.8;29.4;1.8;1.7;8;0.21;0.05;0.04;0.06
20;50;50;100;50;20.43;3.93;11.27;5.27;5.29;0.274;84.1;19.36;11.04;4.95;0.81;2.72;6.51;233.7;166;49.3;5.4;13;2.92;1.63;0.31;0.44;0.58;0.56;0.082;15.9;6.57;3.02;2.14;0.35;1.21;4.76;44;30.3;1.8;2.4;9.5;0.32;0.07;0.07;0.1
20;50;50;100;100;21.07;4.27;12.28;5.91;5.91;0.285;83.1;20.82;12.08;5.22;0.85;2.89;7.22;229.6;158.5;50.9;5.8;14.4;2.77;2.35;0.33;0.46;0.71;0.64;0.082;16.9;7.59;3.46;2.49;0.41;1.38;5.06;46.5;31.3;2.3;2.8;10.1;0.37;0.08;0.08;0.11
20;50;100;0;0;19.35;3.41;9.46;5.88;5.92;0.276;77.2;21.52;12.39;5.42;0.94;3.08;5.5;236.5;170.7;48.6;6.2;11;3.63;1.46;0.35;0.46;0.18;0.17;0.076;22.8;1.79;0.84;0.56;0.11;0.33;3.96;69.7;59.5;1.7;0.7;7.9;0.07;0.06;0.02;0.02
20;50;100;0;50;19.04;3.46;9.86;6.46;6.52;0.292;76.2;22.42;13.12;5.53;0.93;3.06;5.75;231.6;166.5;47.5;6.1;11.5;3.56;2.12;0.35;0.5;0.25;0.23;0.088;23.8;2.19;1.04;0.67;0.12;0.4;4.12;72.1;60.5;2.6;0.8;8.2;0.09;0.09;0.02;0.03
20;50;100;0;100;18.78;3.53;10.26;6.88;7.01;0.302;75.5;23.32;13.52;5.9;0.97;3.11;5.98;226.7;162;46.5;6.2;12;3.47;2.69;0.35;0.49;0.24;0.27;0.096;24.5;2.36;1.11;0.74;0.13;0.42;4.29;73.4;61.7;2.3;0.8;8.6;0.09;0.12;0.02;0.03
20;50;100;50;0;19.7;3.74;10.27;6.09;6.04;0.278;80.4;21.83;12.6;5.46;0.91;3.12;5.93;233.9;167;48.9;6.2;11.9;3.6;1.62;0.35;0.47;0.32;0.29;0.083;19.6;3.3;1.52;1.05;0.2;0.63;4.34;56.8;45.2;1.6;1.3;8.7;0.15;0.06;0.04;0.05
20;50;100;50;50;20.73;3.91;11.47;6.59;6.63;0.286;79.2;23.27;13.41;5.88;1.01;3.15;6.67;229.9;159.5;50.8;6.3;13.3;3.4;2.35;0.35;0.53;0.41;0.39;0.086;20.8;4.27;1.94;1.4;0.23;0.75;4.8;60.1;46.6;2.4;1.5;9.6;0.2;0.09;0.04;0.06
20;50;100;50;100;21.27;4.22;12.26;7.36;7.32;0.3;78.2;24.47;14.33;5.97;1.03;3.23;7.17;225.2;152.2;52.2;6.5;14.3;3.24;3.19;0.37;0.53;0.51;0.5;0.089;21.8;5.45;2.52;1.69;0.3;0.98;5.09;62.4;48;2.2;2;10.2;0.26;0.11;0.06;0.07
20;50;100;100;0;20.48;4.03;11.26;6.04;6.07;0.274;84.1;22.21;12.77;5.51;0.99;3.18;6.42;232.9;163.8;49.9;6.4;12.8;3.52;1.7;0.36;0.48;0.44;0.4;0.082;15.9;4.67;2.18;1.5;0.26;0.85;4.83;43.7;30.6;1.7;1.7;9.7;0.22;0.06;0.05;0.06
20;50;100;100;50;21.6;4.63;12.9;6.63;6.7;0.282;82.7;23.82;13.73;5.9;0.96;3.35;7.52;228;154.5;51.8;6.7;15;3.29;2.5;0.38;0.53;0.63;0.59;0.084;17.3;6.81;3.13;2.2;0.36;1.28;5.38;47.5;31.8;2.3;2.6;10.8;0.33;0.08;0.07;0.1
20;50;100;100;100;22.44;4.85;13.99;7.5;7.46;0.296;81.8;25.25;14.71;6.26;1.04;3.42;8.15;223.2;146.3;53.7;6.8;16.3;3.09;3.42;0.39;0.56;0.71;0.7;0.086;18.2;7.92;3.58;2.59;0.41;1.43;5.83;49.6;32.9;2.2;2.9;11.7;0.38;0.12;0.09;0.11
20;100;0;0;0;17.69;2.65;7.52;5.02;5.1;0.298;72.4;17.21;9.96;4.32;0.74;2.32;4.4;167.9;124.5;30;4.6;8.8;3.78;0.67;0.26;0.38;0.15;0.15;0.065;27.6;1.67;0.8;0.51;0.09;0.33;3.13;64.1;55.3;1.8;0.7;6.3;0.07;0.03;0.02;0.02
20;100;0;0;50;17.59;2.83;7.85;5.13;5.23;0.298;71.8;17.61;10.31;4.29;0.75;2.48;4.46;166.1;122.9;29.3;5;8.9;3.72;0.85;0.28;0.37;0.2;0.19;0.074;28.2;2.04;0.94;0.65;0.11;0.35;3.39;65.3;55.9;1.9;0.7;6.8;0.08;0.06;0.02;0.03
20;100;0;0;100;17.39;2.91;8.28;5.4;5.44;0.296;70.8;18.48;10.76;4.67;0.75;2.49;4.76;164;120.6;28.9;5;9.5;3.62;1.13;0.29;0.4;0.23;0.22;0.084;29.2;2.2;1.05;0.7;0.12;0.41;3.52;67.5;56.8;2.8;0.8;7;0.08;0.08;0.03;0.03
20;100;0;50;0;18.08;2.83;7.99;5.06;4.95;0.297;76.5;16.77;9.84;4.14;0.69;2.26;4.64;167.7;123.7;30.1;4.5;9.3;3.66;0.66;0.26;0.37;0.26;0.25;0.074;23.5;2.94;1.37;0.96;0.15;0.57;3.35;51.4;41.6;1.9;1.1;6.7;0.14;0.04;0.03;0.04
20;100;0;50;50;18.79;3.26;8.97;5.22;5.24;0.293;75.6;18.03;10.53;4.43;0.7;2.51;5.11;166.3;120.2;30.9;5;10.2;3.64;0.93;0.28;0.39;0.35;0.33;0.079;24.4;3.84;1.84;1.21;0.19;0.75;3.86;53.6;42.6;1.8;1.5;7.7;0.18;0.05;0.04;0.05
20;100;0;50;100;19.43;3.53;9.97;5.58;5.53;0.292;74.5;18.99;11.1;4.71;0.79;2.61;5.76;165.3;116.8;31.7;5.2;11.5;3.49;1.34;0.3;0.4;0.44;0.43;0.085;25.5;4.97;2.25;1.58;0.28;0.92;4.21;56.6;43.6;2.7;1.8;8.4;0.23;0.08;0.05;0.08
20;100;0;100;0;18.57;3.21;8.84;4.92;5;0.296;81.2;17;9.93;4.19;0.75;2.41;5.12;168.2;122.5;30.6;4.8;10.2;3.67;0.68;0.28;0.37;0.38;0.35;0.078;18.8;4.32;1.97;1.39;0.23;0.79;3.72;39;28;1.9;1.6;7.4;0.21;0.04;0.05;0.06
20;100;0;100;50;19.3;3.68;10.46;5.21;5.21;0.288;79.8;18.2;10.55;4.61;0.79;2.54;5.99;166.3;118;31.2;5.1;12;3.52;0.99;0.3;0.4;0.51;0.52;0.08;20.2;6.22;2.79;2.01;0.36;1.13;4.47;41.9;28.9;1.8;2.3;8.9;0.3;0.06;0.07;0.09
20;100;0;100;100;20.32;4.15;11.56;5.64;5.63;0.286;78.6;19.81;11.49;4.97;0.84;2.74;6.75;164.4;112.9;32.5;5.5;13.5;3.38;1.49;0.31;0.45;0.6;0.61;0.082;21.4;7.23;3.32;2.29;0.36;1.41;4.81;44.8;29.9;2.4;2.8;9.6;0.35;0.07;0.08;0.1
20;100;50;0;0;18.32;3.26;9.59;6.87;6.88;0.306;71.9;22.63;13.26;5.62;0.97;2.96;5.57;170.2;122.7;30.5;5.9;11.1;5.15;0.89;0.34;0.5;0.15;0.15;0.067;28.1;1.67;0.76;0.55;0.09;0.3;4.01;66.5;56;1.8;0.6;8;0.07;0.05;0.02;0.02
20;100;50;0;50;18.57;3.58;10.01;7.17;7.17;0.304;70.7;23.66;13.92;5.74;0.99;3.23;5.8;167.6;119.2;30.4;6.5;11.6;4.99;1.31;0.38;0.49;0.19;0.21;0.082;29.3;2.05;0.93;0.7;0.1;0.36;4.21;69.3;57.4;2.7;0.7;8.4;0.08;0.08;0.02;0.03
20;100;50;0;100;18.14;3.7;10.29;7.44;7.55;0.312;69.9;24.32;14.44;5.87;0.98;3.28;5.9;164.1;116.4;29.4;6.6;11.8;4.86;1.8;0.38;0.51;0.24;0.24;0.09;30.1;2.24;1.09;0.71;0.12;0.41;4.39;70.7;58.5;2.6;0.8;8.8;0.08;0.1;0.03;0.03
20;100;50;50;0;19;3.78;10.42;6.8;6.91;0.3;75.7;23.14;13.57;5.59;0.99;3.22;6.04;169.8;120.3;30.9;6.4;12.1;5.07;0.97;0.36;0.51;0.3;0.26;0.077;24.3;3.02;1.4;0.95;0.16;0.56;4.38;54.3;42.6;1.8;1.1;8.8;0.14;0.05;0.03;0.04
20;100;50;50;50;19.64;3.99;11.61;7.11;7.18;0.298;74.4;24.18;14.1;5.99;1.04;3.19;6.77;167.8;116.2;31.7;6.4;13.5;4.86;1.43;0.36;0.53;0.38;0.36;0.083;25.6;4.12;1.96;1.25;0.24;0.8;4.84;57.7;43.8;2.6;1.6;9.7;0.19;0.08;0.04;0.06
20;100;50;50;100;20.37;4.43;12.42;7.71;7.8;0.309;75.2;25.39;14.96;6.17;1.06;3.46;7.2;181.6;111.3;49;6.9;14.4;4.7;2.18;0.39;0.53;0.46;0.46;0.086;24.8;5.13;2.33;1.66;0.29;0.97;5.21;60;45.2;2.4;1.9;10.4;0.24;0.1;0.06;0.07
20;100;50;100;0;19.58;3.95;11.34;6.88;6.92;0.299;80.1;23.24;13.55;5.74;0.94;3.13;6.59;168.8;118;31.4;6.3;13.2;4.96;1.11;0.35;0.51;0.39;0.37;0.079;19.9;4.48;2.06;1.45;0.25;0.83;4.75;41.8;28.9;1.8;1.7;9.5;0.21;0.05;0.05;0.06
20;100;50;100;50;20.33;4.42;12.87;7.25;7.28;0.299;80.2;24.45;14.15;6.1;1.05;3.2;7.59;183.4;113.7;48.2;6.4;15.2;4.8;1.58;0.37;0.54;0.58;0.55;0.083;19.8;6.46;2.98;2.06;0.34;1.21;5.29;45.3;29.7;2.6;2.4;10.6;0.31;0.08;0.07;0.09
20;100;50;100;100;21.2;4.81;13.87;7.75;7.81;0.304;79.2;25.75;15.04;6.34;1.09;3.41;8.14;181.2;107.9;50.3;6.8;16.3;4.54;2.34;0.38;0.56;0.68;0.64;0.083;20.8;7.47;3.52;2.34;0.4;1.4;5.73;47.5;30.9;2.3;2.8;11.5;0.36;0.09;0.08;0.1
20;100;100;0;0;19.48;3.95;11.23;8.07;8.01;0.3;72.4;26.81;15.8;6.66;1.09;3.61;6.5;184.7;116.7;47.7;7.2;13;5.63;1.4;0.41;0.58;0.17;0.18;0.076;27.6;1.82;0.83;0.57;0.09;0.34;4.73;70.2;58.3;1.7;0.7;9.5;0.07;0.07;0.02;0.02
20;100;100;0;50;19.3;4.15;11.51;8.51;8.56;0.31;71.4;27.7;16.51;6.63;1.16;3.77;6.75;181.3;113.4;46.9;7.5;13.5;5.44;2.08;0.44;0.6;0.26;0.23;0.089;28.6;2.17;1.04;0.67;0.11;0.38;4.76;72.5;59.6;2.6;0.8;9.5;0.08;0.1;0.02;0.03
20;100;100;0;100;18.82;4.17;11.65;8.95;8.96;0.317;70.7;28.34;16.78;6.87;1.08;3.75;6.88;177.6;110.6;45.8;7.5;13.8;5.32;2.61;0.42;0.61;0.27;0.28;0.1;29.3;2.37;1.13;0.71;0.13;0.42;4.77;73.6;60.7;2.5;0.8;9.5;0.09;0.13;0.02;0.03
20;100;100;50;0;19.97;4.28;12.01;8.23;8.09;0.299;76.1;27.2;16.02;6.6;1.08;3.66;6.98;183.4;113.6;48.5;7.3;14;5.47;1.61;0.42;0.59;0.28;0.3;0.083;23.9;3.27;1.51;1.03;0.19;0.62;5.03;57.6;44.5;1.8;1.2;10.1;0.15;0.07;0.03;0.04
20;100;100;50;50;20.71;4.53;13.04;8.57;8.61;0.305;74.9;28.32;16.57;7.02;1.14;3.74;7.59;181.7;109.2;49.8;7.5;15.2;5.28;2.3;0.42;0.61;0.39;0.4;0.088;25.1;4.28;1.98;1.38;0.23;0.79;5.44;60.7;45.8;2.4;1.6;10.9;0.19;0.09;0.05;0.06
20;100;100;50;100;21.6;4.82;14.09;9.15;9.24;0.314;73.7;29.55;17.43;7.2;1.22;3.81;8.13;178.8;103.2;51.7;7.6;16.3;4.98;3.2;0.44;0.62;0.55;0.51;0.091;26.3;5.43;2.57;1.73;0.3;1.01;5.97;63.8;47.5;2.3;2;11.9;0.25;0.13;0.06;0.08
20;100;100;100;0;20.19;4.51;13.07;8.05;8.08;0.297;80.4;27.35;15.82;6.88;1.16;3.62;7.54;183.1;112.4;48.5;7.2;15.1;5.41;1.65;0.43;0.59;0.43;0.41;0.083;19.6;4.72;2.14;1.51;0.25;0.89;5.52;44.5;30;1.6;1.8;11;0.23;0.07;0.05;0.07
20;100;100;100;50;21.51;5.18;14.47;8.63;8.58;0.302;79;28.52;16.91;6.87;1.26;3.92;8.43;181.6;106.4;50.5;7.8;16.9;5.11;2.41;0.45;0.6;0.63;0.58;0.085;21;6.74;3.11;2.12;0.38;1.26;6.04;48.2;31.1;2.5;2.5;12.1;0.33;0.09;0.07;0.09
20;100;100;100;100;22.56;5.4;15.61;9.19;9.2;0.311;77.7;29.71;17.5;7.21;1.3;3.89;8.95;177.9;99.4;52.8;7.8;17.9;4.77;3.35;0.44;0.64;0.74;0.69;0.086;22.3;7.91;3.72;2.51;0.42;1.51;6.66;51.1;32.5;2.2;3;13.3;0.39;0.12;0.08;0.11
21;0;0;0;0;17.34;1.75;4.96;2.37;2.4;0.243;83.7;9.93;5.5;2.64;0.43;1.48;2.9;288.3;249;30.5;3;5.8;1.32;0.67;0.17;0.24;0.15;0.14;0.062;16.3;1.65;0.74;0.54;0.1;0.28;2.06;56.1;49.6;1.8;0.6;4.1;0.07;0.03;0.01;0.03
21;0;0;0;50;17.76;1.9;5.44;2.61;2.6;0.242;83.2;10.82;6;2.89;0.48;1.56;3.19;285;244.4;31.1;3.1;6.4;1.26;0.91;0.18;0.26;0.17;0.16;0.068;16.8;1.77;0.85;0.55;0.09;0.34;2.25;57.3;50.4;1.8;0.7;4.5;0.07;0.05;0.02;0.02
21;0;0;0;100;17.51;2.16;5.95;3.03;2.94;0.247;82.3;11.95;6.68;3.1;0.55;1.76;3.42;279.7;239.1;30.2;3.5;6.8;1.28;1.19;0.2;0.27;0.23;0.2;0.078;17.7;2.11;0.97;0.69;0.1;0.4;2.53;59.9;51.3;2.8;0.8;5.1;0.08;0.07;0.02;0.03
21;0;0;50;0;17.84;1.97;5.83;2.4;2.38;0.239;86.4;10.02;5.41;2.75;0.5;1.42;3.39;287.2;246.8;30.9;2.8;6.8;1.28;0.69;0.16;0.25;0.27;0.25;0.074;13.6;3.03;1.38;0.95;0.17;0.55;2.44;45.2;37.4;1.8;1.1;4.9;0.14;0.03;0.03;0.04
21;0;0;50;50;18.4;2.37;6.94;2.67;2.69;0.241;85.6;11.26;6.13;3.04;0.51;1.64;4.07;282.8;240;31.4;3.3;8.1;1.28;0.95;0.19;0.27;0.32;0.33;0.077;14.4;4;1.84;1.3;0.19;0.73;2.87;47.2;38.3;1.7;1.5;5.7;0.19;0.05;0.04;0.05
21;0;0;50;100;19.38;2.77;8.08;3.12;3.15;0.246;84.4;12.84;7.1;3.42;0.58;1.83;4.68;276.5;231;32.4;3.7;9.4;1.22;1.41;0.21;0.3;0.43;0.43;0.082;15.6;5;2.33;1.63;0.26;0.93;3.4;50.8;39.4;2.8;1.9;6.8;0.23;0.07;0.05;0.07
21;0;0;100;0;18.16;2.4;6.53;2.37;2.41;0.239;89.3;10.1;5.52;2.68;0.45;1.54;3.75;286.3;244.7;31;3.1;7.5;1.3;0.69;0.17;0.24;0.37;0.37;0.078;10.7;4.45;2.07;1.43;0.23;0.86;2.77;34.1;25.1;1.8;1.7;5.5;0.21;0.04;0.05;0.06
21;0;0;100;50;19.34;2.8;8.31;2.75;2.74;0.235;88.4;11.68;6.38;3.15;0.54;1.66;4.83;281;235.8;32.2;3.3;9.7;1.25;1.02;0.2;0.27;0.5;0.49;0.079;11.6;6.05;2.78;1.99;0.31;1.15;3.48;36.8;25.8;1.8;2.3;7;0.3;0.05;0.07;0.08
21;0;0;100;100;20.14;3.26;9.41;3.25;3.24;0.243;87.3;13.38;7.4;3.51;0.64;1.96;5.46;273.7;225.6;33.2;3.9;10.9;1.2;1.51;0.22;0.31;0.61;0.59;0.08;12.7;7.15;3.25;2.24;0.39;1.3;3.95;39.6;26.6;2.4;2.6;7.9;0.35;0.06;0.08;0.1
21;0;50;0;0;18.2;2.08;5.86;2.75;2.69;0.23;82.7;11.76;6.44;3.11;0.56;1.72;3.4;281.5;239.5;31.7;3.4;6.8;1.27;0.96;0.19;0.27;0.18;0.17;0.069;17.3;1.8;0.85;0.59;0.1;0.36;2.47;58.6;51.2;1.8;0.7;4.9;0.07;0.05;0.02;0.03
21;0;50;0;50;18.46;2.27;6.54;3.09;3.11;0.238;82;13.13;7.17;3.56;0.56;1.89;3.79;276.4;233;32;3.8;7.6;1.21;1.38;0.21;0.31;0.17;0.19;0.078;18;1.95;0.93;0.61;0.11;0.37;2.75;60.3;52.3;1.8;0.7;5.5;0.07;0.07;0.02;0.03
21;0;50;0;100;18.34;2.39;6.91;3.65;3.68;0.257;81.1;14.33;7.94;3.75;0.64;1.99;4.02;269.7;226.2;31.5;4;8;1.17;1.96;0.23;0.33;0.26;0.22;0.084;18.9;2.07;1.05;0.59;0.1;0.4;2.89;62.6;53.4;2.6;0.8;5.8;0.08;0.09;0.02;0.03
21;0;50;50;0;18.79;2.43;6.83;2.73;2.75;0.226;85.4;12.22;6.65;3.26;0.58;1.84;3.94;279.7;235.9;32.2;3.7;7.9;1.23;1.02;0.2;0.3;0.25;0.26;0.077;14.6;3.07;1.43;0.95;0.18;0.59;2.9;47.5;38.8;1.7;1.2;5.8;0.14;0.05;0.03;0.05
21;0;50;50;50;19.45;2.86;8.02;3.31;3.24;0.233;84.4;13.96;7.73;3.63;0.64;2.08;4.67;271.5;225.1;32.9;4.2;9.3;1.16;1.51;0.24;0.34;0.4;0.36;0.081;15.6;4.22;1.94;1.36;0.24;0.78;3.35;50;40.1;1.6;1.6;6.7;0.2;0.06;0.04;0.06
21;0;50;50;100;20.42;3.12;8.99;3.95;4;0.258;84.1;15.55;8.66;4.13;0.67;2.22;5.2;281.9;215.4;51.7;4.4;10.4;1.07;2.31;0.26;0.36;0.44;0.43;0.084;15.9;4.93;2.24;1.62;0.26;0.9;3.79;52.9;41.3;2.2;1.8;7.6;0.24;0.07;0.05;0.07
21;0;50;100;0;19.11;2.72;7.69;2.75;2.85;0.229;88.5;12.48;6.74;3.4;0.62;1.89;4.49;277.9;232.8;32.4;3.8;9;1.2;1.13;0.21;0.3;0.39;0.36;0.078;11.5;4.46;2.04;1.44;0.24;0.83;3.2;35.8;26;1.7;1.7;6.4;0.22;0.04;0.04;0.06
21;0;50;100;50;20.33;3.29;9.47;3.48;3.47;0.238;88;14.6;8;3.88;0.7;2.1;5.55;286.3;220.5;50.5;4.2;11.1;1.18;1.69;0.25;0.35;0.56;0.52;0.08;12;6.36;2.95;1.99;0.34;1.19;3.92;38.8;27.1;1.6;2.4;7.8;0.32;0.06;0.07;0.09
21;0;50;100;100;20.99;3.72;10.68;4.12;4.09;0.257;86.8;15.93;8.9;4.1;0.74;2.23;6.18;279.4;210.9;51.6;4.5;12.4;1.09;2.39;0.25;0.36;0.75;0.66;0.083;13.2;7.77;3.65;2.42;0.42;1.49;4.5;42.2;27.8;2.4;3;9;0.38;0.09;0.09;0.11
21;0;100;0;0;18.98;2.51;7.07;3.22;3.24;0.225;82.4;14.43;7.79;3.91;0.69;2.18;4.12;288.6;226.7;49.4;4.4;8.2;1.17;1.48;0.25;0.34;0.18;0.18;0.075;17.6;1.89;0.86;0.59;0.09;0.33;2.94;61.5;53.3;1.6;0.7;5.9;0.08;0.06;0.02;0.03
21;0;100;0;50;19.29;2.77;7.49;4.02;4.03;0.253;81.6;15.99;8.98;4.21;0.7;2.37;4.35;281.5;218;50.1;4.7;8.7;1.15;2.24;0.28;0.37;0.2;0.21;0.084;18.4;2.03;0.95;0.64;0.11;0.4;3.14;63.4;54.8;1.6;0.8;6.3;0.08;0.08;0.02;0.03
21;0;100;0;100;19.21;2.81;7.91;4.69;4.61;0.268;80.7;17.22;9.8;4.44;0.73;2.41;4.69;274.2;210.4;49.6;4.8;9.4;1.07;2.87;0.28;0.39;0.22;0.24;0.093;19.3;2.23;1.04;0.69;0.12;0.4;3.22;65.5;56;2.2;0.8;6.4;0.09;0.11;0.02;0.03
21;0;100;50;0;19.5;2.87;8.03;3.46;3.45;0.229;85;15.06;8.19;4.01;0.69;2.24;4.65;284.8;220.9;50.1;4.5;9.3;1.16;1.67;0.26;0.36;0.31;0.28;0.079;15;3.28;1.54;1.05;0.18;0.63;3.38;50.2;40.7;1.6;1.3;6.8;0.15;0.05;0.04;0.04
21;0;100;50;50;20.48;3.25;9.18;4.08;4.16;0.249;84;16.7;9.24;4.41;0.77;2.46;5.32;278.7;211.2;52;4.9;10.6;1.1;2.39;0.27;0.39;0.39;0.38;0.084;16;4.3;1.97;1.38;0.22;0.79;3.87;52.7;41.9;1.5;1.6;7.7;0.2;0.07;0.04;0.06
21;0;100;50;100;21.2;3.55;10.3;4.88;5.03;0.273;82.8;18.46;10.26;4.79;0.87;2.52;6.09;271;200.6;53.2;5;12.2;1.03;3.27;0.3;0.42;0.51;0.5;0.087;17.2;5.5;2.56;1.75;0.31;1.02;4.22;55.8;43.2;2.2;2;8.4;0.26;0.1;0.06;0.07
21;0;100;100;0;20.15;3.1;9.12;3.63;3.52;0.227;88.1;15.56;8.52;4.13;0.73;2.25;5.38;283.5;217.3;50.9;4.5;10.8;1.15;1.75;0.25;0.38;0.4;0.4;0.08;11.9;4.72;2.15;1.49;0.27;0.84;3.74;38;27.3;1.5;1.7;7.5;0.23;0.05;0.05;0.06
21;0;100;100;50;21.27;3.84;10.84;4.33;4.3;0.247;86.9;17.43;9.79;4.49;0.8;2.56;6.37;275.8;205.4;52.6;5.1;12.7;1.07;2.52;0.29;0.42;0.6;0.57;0.082;13.1;6.76;3.17;2.18;0.36;1.28;4.48;41.3;28.3;1.5;2.6;9;0.33;0.07;0.07;0.1
21;0;100;100;100;22.45;4.15;12.13;5.37;5.29;0.271;85.7;19.56;11.11;5.04;0.89;2.66;7.13;267.5;192.9;55;5.3;14.3;1.02;3.5;0.32;0.46;0.74;0.69;0.084;14.3;7.92;3.72;2.49;0.41;1.49;5;44.5;29.3;2.2;3;10;0.39;0.1;0.09;0.11
21;50;0;0;0;17.43;2.21;6.13;3.77;3.79;0.283;80.2;13.46;7.83;3.37;0.59;1.92;3.59;230;188.7;30.3;3.8;7.2;2.59;0.67;0.23;0.3;0.15;0.14;0.062;19.8;1.64;0.77;0.53;0.09;0.29;2.54;56.6;49.2;1.7;0.6;5.1;0.07;0.03;0.02;0.02
21;50;0;0;50;17.97;2.35;6.69;3.95;4.04;0.282;79.6;14.41;8.23;3.65;0.68;2.01;3.88;227.9;185.4;30.7;4;7.8;2.57;0.9;0.23;0.33;0.16;0.17;0.069;20.4;1.81;0.85;0.57;0.1;0.34;2.81;58.1;49.9;1.9;0.7;5.6;0.07;0.05;0.02;0.02
21;50;0;0;100;17.59;2.49;6.99;4.28;4.24;0.282;78.8;15.13;8.71;3.77;0.67;2.13;4.02;223.8;181.6;29.8;4.3;8;2.51;1.17;0.23;0.33;0.2;0.21;0.081;21.2;2.07;0.96;0.66;0.11;0.36;2.97;60;50.8;2.6;0.7;5.9;0.08;0.08;0.02;0.03
21;50;0;50;0;17.99;2.44;6.95;3.8;3.76;0.282;83.3;13.46;7.79;3.36;0.57;1.84;4.05;229.4;187;30.6;3.7;8.1;2.57;0.69;0.21;0.3;0.26;0.25;0.075;16.7;3.03;1.4;1.02;0.17;0.6;2.9;45.9;37.1;1.8;1.2;5.8;0.14;0.03;0.04;0.04
21;50;0;50;50;18.69;2.74;7.87;4.04;4;0.278;82.6;14.52;8.29;3.68;0.65;1.99;4.59;226.8;182.4;31.3;4;9.2;2.5;0.95;0.24;0.31;0.35;0.33;0.079;17.4;3.92;1.84;1.27;0.22;0.75;3.28;47.8;37.9;1.8;1.5;6.6;0.18;0.05;0.04;0.05
21;50;0;50;100;19.07;3.23;8.78;4.42;4.37;0.279;81.6;15.71;9.12;3.88;0.68;2.26;5.22;223.5;176.9;31.6;4.5;10.4;2.4;1.36;0.26;0.34;0.48;0.43;0.082;18.4;4.99;2.37;1.53;0.25;0.97;3.56;50.4;38.8;2.5;1.9;7.1;0.24;0.07;0.06;0.06
21;50;0;100;0;18.46;2.67;7.61;3.84;3.77;0.282;86.9;13.47;7.71;3.4;0.6;1.86;4.45;229.5;186;30.9;3.7;8.9;2.58;0.69;0.2;0.3;0.35;0.34;0.075;13.1;4.21;1.92;1.34;0.27;0.81;3.16;34.5;24.8;1.8;1.6;6.3;0.2;0.04;0.04;0.06
21;50;0;100;50;19.3;3.27;9.13;4;4.02;0.274;85.8;14.77;8.46;3.69;0.63;2.1;5.34;225.5;179;31.6;4.2;10.7;2.44;0.99;0.25;0.33;0.57;0.51;0.078;14.2;6.23;2.88;1.98;0.37;1.17;3.79;37.3;25.6;1.8;2.3;7.6;0.31;0.05;0.06;0.09
21;50;0;100;100;20.19;3.63;10.54;4.5;4.47;0.272;84.5;16.49;9.39;4.21;0.74;2.26;6.18;220.3;170.7;32.7;4.5;12.4;2.32;1.5;0.27;0.38;0.62;0.61;0.081;15.5;7.33;3.33;2.35;0.43;1.37;4.35;40.4;26.5;2.5;2.7;8.7;0.36;0.07;0.08;0.1
21;50;50;0;0;18.11;2.59;7.61;4.89;4.86;0.287;79.4;17.02;9.84;4.26;0.76;2.28;4.43;228;183.8;30.7;4.6;8.9;3.31;0.93;0.25;0.37;0.13;0.15;0.068;20.6;1.71;0.75;0.56;0.09;0.32;3.19;59.1;50.3;1.8;0.6;6.4;0.07;0.05;0.01;0.02
21;50;50;0;50;18.73;2.86;8.21;5.38;5.26;0.285;78.4;18.56;10.81;4.53;0.79;2.52;4.72;223.1;176.7;31.9;5;9.4;3.18;1.39;0.29;0.41;0.19;0.19;0.076;21.6;1.94;0.88;0.63;0.09;0.34;3.5;61.1;51.8;1.6;0.7;7;0.08;0.06;0.02;0.03
21;50;50;0;100;18.57;3.12;8.73;5.62;5.8;0.295;77.6;19.7;11.44;4.88;0.82;2.74;5.16;220;173;31.2;5.5;10.3;3.09;1.95;0.32;0.44;0.25;0.24;0.093;22.4;2.27;1.06;0.7;0.12;0.38;3.57;63.3;52.7;2.7;0.8;7.1;0.08;0.1;0.03;0.03
21;50;50;50;0;18.85;3.11;8.48;4.95;4.94;0.282;82.3;17.67;10.18;4.39;0.74;2.5;4.95;226.6;180.3;31.4;5;9.9;3.25;1;0.29;0.4;0.28;0.27;0.077;17.7;3.15;1.49;0.99;0.17;0.61;3.53;48.4;38.2;1.9;1.2;7.1;0.14;0.05;0.04;0.04
21;50;50;50;50;19.59;3.43;9.61;5.42;5.32;0.28;81.4;19.09;10.96;4.8;0.84;2.63;5.63;222.1;173.1;32.5;5.3;11.3;3.1;1.49;0.3;0.43;0.4;0.36;0.083;18.6;4.15;1.99;1.28;0.23;0.8;3.98;50.6;39.4;1.6;1.6;8;0.19;0.07;0.05;0.05
21;50;50;50;100;20.25;3.7;10.46;5.92;5.91;0.294;81.3;20.14;11.77;4.94;0.82;2.77;6.13;234;166.3;49.9;5.5;12.3;2.93;2.23;0.31;0.44;0.47;0.46;0.085;18.7;5.16;2.42;1.62;0.28;0.93;4.34;53.5;40.6;2.4;1.9;8.7;0.24;0.09;0.05;0.07
21;50;50;100;0;19.24;3.31;9.39;4.97;4.91;0.279;85.8;17.69;10.09;4.52;0.76;2.43;5.47;224.7;177;31.9;4.9;10.9;3.1;1.14;0.28;0.39;0.34;0.37;0.077;14.2;4.5;2;1.49;0.23;0.88;3.92;37.1;25.8;1.7;1.8;7.8;0.22;0.04;0.05;0.06
21;50;50;100;50;20.42;3.91;10.93;5.47;5.39;0.281;85.5;19.31;11.16;4.81;0.81;2.69;6.32;236.8;168.9;49.9;5.4;12.6;2.99;1.66;0.32;0.42;0.56;0.53;0.081;14.5;6.31;2.91;2.05;0.34;1.22;4.61;40;26.7;1.7;2.4;9.2;0.31;0.06;0.07;0.09
21;50;50;100;100;21.2;4.29;12.31;6.12;6.08;0.292;84.4;20.94;12.2;5.17;0.9;2.88;7.21;232.2;161.1;51;5.8;14.4;2.92;2.37;0.33;0.47;0.62;0.66;0.084;15.6;7.73;3.58;2.49;0.43;1.41;5.1;42.9;27.5;2.3;2.8;10.2;0.38;0.09;0.09;0.11
21;50;100;0;0;19.17;3.25;9.37;6.12;6.1;0.286;79.3;21.49;12.4;5.44;0.91;2.9;5.46;239.8;174.8;48.2;5.8;10.9;3.84;1.45;0.34;0.48;0.21;0.19;0.076;20.7;1.88;0.87;0.6;0.1;0.35;3.91;62.5;52.3;1.7;0.7;7.8;0.07;0.07;0.02;0.03
21;50;100;0;50;19.6;3.54;9.66;6.66;6.72;0.297;78.3;22.72;13.36;5.56;0.91;3.16;5.67;234.8;167.6;49.5;6.3;11.3;3.63;2.22;0.37;0.5;0.22;0.21;0.084;21.7;2.02;0.98;0.62;0.1;0.38;3.99;65;53.9;2.4;0.8;8;0.08;0.09;0.02;0.03
21;50;100;0;100;19.6;3.61;10.14;7.21;7.29;0.306;77.6;23.86;14.01;5.88;1.03;3.23;5.93;230.5;163;49.1;6.5;11.9;3.57;2.84;0.38;0.5;0.28;0.26;0.096;22.4;2.18;1.06;0.66;0.11;0.39;4.21;66.4;54.9;2.4;0.8;8.4;0.08;0.13;0.02;0.03
21;50;100;50;0;19.91;3.69;10.24;6.16;6.22;0.283;82.2;22.05;12.73;5.47;0.97;3.09;5.95;237.4;169.5;49.8;6.2;11.9;3.69;1.67;0.36;0.49;0.28;0.28;0.081;17.8;3.19;1.47;1.04;0.17;0.6;4.29;51.4;40;1.6;1.2;8.6;0.15;0.06;0.03;0.04
21;50;100;50;50;20.7;4.08;11.26;6.82;6.84;0.293;81;23.42;13.78;5.75;0.99;3.26;6.6;233.2;162.4;51.1;6.5;13.2;3.56;2.37;0.38;0.52;0.42;0.39;0.087;19;4.28;2.02;1.37;0.2;0.82;4.66;54.5;41.2;2.3;1.6;9.3;0.2;0.09;0.05;0.06
21;50;100;50;100;21.41;4.42;12.2;7.35;7.47;0.306;79.9;24.52;14.39;6.02;0.99;3.39;7.1;227.7;154.4;52.3;6.8;14.2;3.34;3.23;0.38;0.52;0.53;0.51;0.09;20.1;5.46;2.58;1.72;0.28;1.03;5.1;57.1;42.5;2.4;2.1;10.2;0.26;0.12;0.06;0.07
21;50;100;100;0;20.23;4.02;11.03;6.31;6.17;0.282;85.7;21.99;12.88;5.37;0.91;3.12;6.46;236.5;167.9;49.5;6.2;12.9;3.65;1.69;0.34;0.49;0.4;0.4;0.081;14.3;4.69;2.15;1.49;0.28;0.9;4.57;39.3;26.8;1.6;1.8;9.1;0.23;0.06;0.05;0.06
21;50;100;100;50;21.06;4.42;12.74;6.71;6.77;0.293;84.3;23.23;13.38;5.87;0.99;3.09;7.39;232.6;160.9;50.8;6.2;14.8;3.53;2.37;0.35;0.52;0.6;0.59;0.084;15.7;6.85;3.22;2.14;0.37;1.33;5.35;43.2;27.5;2.3;2.7;10.7;0.33;0.08;0.08;0.1
21;50;100;100;100;22.47;4.85;13.9;7.63;7.58;0.303;83.2;25.1;14.85;6.12;1.06;3.38;8.13;226.3;149.6;53.6;6.8;16.3;3.24;3.41;0.39;0.55;0.7;0.69;0.085;16.8;7.87;3.61;2.53;0.42;1.47;5.77;45.5;28.8;2.2;2.9;11.5;0.39;0.11;0.08;0.11
21;100;0;0;0;17.79;2.55;7.33;5.28;5.25;0.309;74.9;17.11;10.12;4.11;0.72;2.25;4.34;170.7;127.3;30.3;4.5;8.7;3.94;0.67;0.26;0.37;0.14;0.15;0.064;25.1;1.68;0.74;0.56;0.1;0.3;3;57.1;48.7;1.8;0.6;6;0.07;0.03;0.02;0.03
21;100;0;0;50;17.9;2.69;7.63;5.5;5.4;0.306;74.3;17.73;10.48;4.26;0.74;2.34;4.45;169.1;125.3;30.2;4.7;8.9;3.86;0.89;0.26;0.39;0.17;0.18;0.073;25.7;1.84;0.88;0.56;0.11;0.35;3.18;58.4;49.4;1.9;0.7;6.4;0.07;0.06;0.02;0.03
21;100;0;0;100;17.63;2.92;8.21;5.7;5.71;0.305;73.5;18.83;11.17;4.57;0.78;2.52;4.9;167.8;123.4;29.5;5;9.8;3.83;1.16;0.3;0.42;0.21;0.22;0.085;26.5;2.17;1.02;0.68;0.12;0.4;3.31;60.3;50;2.9;0.8;6.6;0.08;0.09;0.02;0.03
21;100;0;50;0;18.09;2.83;7.86;5.14;5.15;0.307;78.6;16.86;9.96;4.03;0.72;2.26;4.56;170.3;126.3;30.4;4.5;9.1;3.86;0.67;0.26;0.35;0.23;0.24;0.074;21.4;2.87;1.36;0.9;0.14;0.56;3.3;46.3;36.8;1.8;1.1;6.6;0.13;0.03;0.03;0.04
21;100;0;50;50;18.86;3.08;9.09;5.56;5.44;0.301;77.7;18.16;10.6;4.46;0.79;2.33;5.34;169.2;122.7;31.1;4.7;10.7;3.81;0.95;0.27;0.4;0.35;0.33;0.08;22.3;3.94;1.82;1.27;0.21;0.74;3.74;48.5;37.6;1.9;1.5;7.5;0.18;0.05;0.04;0.05
21;100;0;50;100;19.32;3.49;10.05;5.82;5.74;0.3;76.6;19.19;11.34;4.74;0.81;2.55;5.88;167.6;119;31.8;5.1;11.8;3.66;1.36;0.29;0.43;0.44;0.43;0.084;23.4;4.95;2.27;1.6;0.25;0.94;4.17;51.3;38.5;2.5;1.9;8.3;0.23;0.08;0.06;0.07
21;100;0;100;0;18.42;3.06;8.77;5.12;5.16;0.306;82.9;16.96;9.91;4.11;0.72;2.24;5.12;170.7;125.5;30.5;4.5;10.2;3.85;0.69;0.26;0.36;0.36;0.35;0.076;17.1;4.27;2;1.36;0.23;0.81;3.65;35.3;24.6;1.8;1.6;7.3;0.21;0.03;0.05;0.06
21;100;0;100;50;19.44;3.63;10.37;5.5;5.43;0.297;81.6;18.43;10.91;4.47;0.8;2.53;5.99;168.8;120.2;31.6;5.1;12;3.72;1.01;0.29;0.4;0.49;0.49;0.08;18.4;6.01;2.72;1.96;0.32;1.11;4.38;38.1;25.4;1.7;2.2;8.8;0.3;0.05;0.07;0.08
21;100;0;100;100;20.37;4.07;11.49;5.92;5.79;0.294;80.1;19.76;11.64;4.76;0.82;2.7;6.66;166.4;115.1;32.5;5.4;13.3;3.56;1.5;0.31;0.42;0.62;0.6;0.081;19.9;7.19;3.33;2.3;0.41;1.37;4.83;41.2;26.3;2.5;2.7;9.7;0.35;0.07;0.07;0.1
21;100;50;0;0;18.37;3.33;9.34;7.22;7.09;0.314;74.2;22.68;13.64;5.3;0.98;3.01;5.49;172.2;124.7;30.5;6;11;5.33;0.93;0.34;0.49;0.17;0.16;0.07;25.8;1.73;0.81;0.55;0.09;0.32;3.85;59.8;49.6;1.9;0.6;7.7;0.07;0.05;0.02;0.02
21;100;50;0;50;18.84;3.54;9.78;7.49;7.39;0.313;73.1;23.74;14.23;5.65;0.98;3.19;5.66;169.8;120.9;31.3;6.4;11.3;5.17;1.35;0.36;0.5;0.22;0.2;0.082;26.9;1.94;0.94;0.57;0.11;0.35;4.12;62.4;50.9;2.6;0.7;8.2;0.07;0.08;0.02;0.03
21;100;50;0;100;18.6;3.63;10.24;7.93;7.87;0.319;72.3;24.75;14.84;5.85;1.01;3.2;6;166.6;117.5;30.6;6.4;12;5.08;1.89;0.35;0.54;0.26;0.23;0.089;27.7;2.18;1.09;0.63;0.13;0.43;4.24;63.8;52;2.5;0.9;8.5;0.08;0.1;0.03;0.03
21;100;50;50;0;18.97;3.59;10.37;7.05;7.09;0.31;77.7;22.95;13.55;5.62;0.95;3.03;6;172.1;123;31;6.1;12;5.27;0.98;0.35;0.49;0.27;0.26;0.078;22.3;3.04;1.4;0.95;0.16;0.56;4.36;49.2;37.6;1.8;1.1;8.7;0.14;0.05;0.03;0.04
21;100;50;50;50;19.57;3.99;11.26;7.49;7.42;0.308;76.3;24.17;14.26;5.88;0.99;3.22;6.5;169.4;118.2;31.7;6.4;13;5.1;1.44;0.37;0.51;0.38;0.37;0.085;23.7;4.12;1.91;1.26;0.24;0.77;4.76;52.5;38.7;2.7;1.5;9.5;0.19;0.08;0.05;0.06
21;100;50;50;100;20.5;4.39;12.38;8.01;8.04;0.316;77.1;25.52;15.26;6.13;1.07;3.42;7.27;183.9;113;49.4;6.8;14.5;4.89;2.23;0.38;0.55;0.48;0.46;0.086;22.9;5.18;2.44;1.64;0.28;0.97;5.1;54.6;40;2.5;1.9;10.2;0.24;0.09;0.06;0.07
21;100;50;100;0;19.3;3.87;10.94;7.24;7.11;0.311;81.8;22.97;13.54;5.62;0.98;3.02;6.34;171;121.1;31.2;6;12.7;5.19;1.09;0.34;0.49;0.42;0.37;0.079;18.2;4.45;2.15;1.34;0.25;0.85;4.6;37.9;25.3;1.7;1.7;9.2;0.21;0.05;0.05;0.06
21;100;50;100;50;20.55;4.46;12.77;7.52;7.46;0.306;81.5;24.52;14.42;6.03;0.96;3.24;7.5;184.9;114.5;48.9;6.5;15;4.89;1.64;0.39;0.54;0.57;0.54;0.082;18.5;6.46;2.97;2.11;0.36;1.22;5.27;41.8;26.4;2.5;2.4;10.5;0.32;0.07;0.07;0.09
21;100;50;100;100;21.13;4.83;13.75;7.94;8;0.313;80.8;25.67;15.26;6.11;1.09;3.4;8.11;183.4;110.2;50.2;6.8;16.2;4.72;2.32;0.39;0.57;0.66;0.65;0.084;19.2;7.59;3.45;2.45;0.44;1.43;5.64;43.5;27.1;2.3;2.9;11.3;0.37;0.09;0.09;0.11
21;100;100;0;0;19.38;3.91;11.12;8.2;8.26;0.309;74.5;26.83;15.79;6.52;1.18;3.54;6.4;186.1;118.6;47.6;7.1;12.8;5.85;1.43;0.4;0.58;0.2;0.19;0.081;25.5;1.86;0.88;0.58;0.11;0.36;4.72;63.5;51.6;1.7;0.7;9.4;0.07;0.07;0.02;0.03
21;100;100;0;50;19.66;4.13;11.52;8.68;8.9;0.318;73.7;28.08;16.59;6.88;1.17;3.75;6.76;184.2;114.8;48.4;7.5;13.5;5.69;2.16;0.44;0.61;0.23;0.22;0.088;26.3;2.06;0.97;0.66;0.1;0.39;4.75;65.6;52.9;2.5;0.8;9.5;0.08;0.1;0.02;0.03
21;100;100;0;100;19.81;4.17;11.83;9.29;9.3;0.323;72.7;28.9;17.33;6.88;1.2;3.74;6.84;180.3;110.5;48.6;7.5;13.7;5.45;2.8;0.43;0.62;0.26;0.26;0.098;27.3;2.22;1.07;0.69;0.12;0.44;4.99;67.6;54.3;2.4;0.9;10;0.08;0.13;0.02;0.03
21;100;100;50;0;19.73;4.18;11.77;8.46;8.35;0.31;78.2;27.08;16.04;6.55;1.1;3.57;6.89;185.7;116.6;48.2;7.1;13.8;5.76;1.58;0.42;0.58;0.32;0.29;0.082;21.8;3.27;1.49;1.06;0.17;0.61;4.87;51.8;39.2;1.6;1.2;9.7;0.15;0.06;0.04;0.04
21;100;100;50;50;20.73;4.64;12.92;8.75;8.9;0.314;77;28.45;16.97;6.81;1.2;3.86;7.6;184.9;111.7;50.3;7.7;15.2;5.53;2.32;0.45;0.6;0.41;0.38;0.087;23;4.16;1.9;1.35;0.22;0.77;5.33;55;40.4;2.5;1.5;10.7;0.19;0.09;0.04;0.06
21;100;100;50;100;21.55;4.89;13.77;9.45;9.43;0.323;75.7;29.31;17.7;6.89;1.18;3.87;7.99;180.9;105.7;51.5;7.7;16;5.22;3.16;0.43;0.61;0.53;0.52;0.092;24.3;5.48;2.54;1.79;0.29;1.02;5.78;57.9;41.9;2.4;2;11.6;0.25;0.13;0.06;0.07
21;100;100;100;0;20.42;4.49;12.74;8.58;8.33;0.306;82.1;27.35;16.38;6.47;1.15;3.61;7.4;185.5;114.4;49;7.2;14.8;5.65;1.67;0.42;0.58;0.42;0.39;0.081;17.9;4.57;2.15;1.44;0.24;0.87;5.34;40.5;26.4;1.7;1.7;10.7;0.22;0.07;0.04;0.06
21;100;100;100;50;21.42;5.11;14.42;8.86;8.84;0.31;80.6;28.58;16.93;6.99;1.11;3.81;8.47;183.7;108.5;50.6;7.6;16.9;5.35;2.43;0.44;0.61;0.56;0.58;0.084;19.4;6.71;3.14;2.13;0.36;1.3;5.95;44.1;27.4;2.2;2.6;11.9;0.33;0.09;0.07;0.09
21;100;100;100;100;22.5;5.38;15.32;9.54;9.44;0.319;79.5;29.69;17.74;7.19;1.2;3.87;8.92;180.7;102;53.1;7.7;17.8;5.02;3.36;0.45;0.62;0.71;0.69;0.086;20.5;7.85;3.66;2.46;0.41;1.51;6.4;46.5;28.4;2.2;3;12.8;0.38;0.12;0.08;0.1
22;0;0;0;0;17.66;1.71;5;2.5;2.48;0.25;85.5;9.97;5.59;2.58;0.47;1.4;2.94;293.9;254.4;30.8;2.8;5.9;1.39;0.68;0.17;0.23;0.13;0.14;0.058;14.5;1.71;0.79;0.55;0.08;0.31;2.06;49.5;42.9;1.9;0.6;4.1;0.06;0.04;0.02;0.02
22;0;0;0;50;17.68;1.91;5.33;2.72;2.69;0.25;85.2;10.8;6.03;2.82;0.49;1.55;3.19;290.5;250;31;3.1;6.4;1.34;0.9;0.19;0.26;0.14;0.15;0.063;14.8;1.8;0.81;0.6;0.09;0.36;2.14;50.2;43.5;1.7;0.7;4.3;0.06;0.05;0.02;0.02
22;0;0;0;100;18.08;2.22;6;3.06;3.11;0.253;84.3;12.33;6.88;3.28;0.51;1.88;3.46;285.5;243.4;31.4;3.8;6.9;1.37;1.24;0.21;0.28;0.16;0.18;0.072;15.7;1.91;0.88;0.6;0.12;0.34;2.54;52.8;44.4;2.6;0.7;5.1;0.06;0.07;0.02;0.03
22;0;0;50;0;17.94;2.03;5.85;2.45;2.47;0.248;87.8;10.05;5.56;2.65;0.45;1.43;3.39;292.2;251.6;31;2.9;6.8;1.37;0.7;0.17;0.24;0.25;0.22;0.064;12.2;3.05;1.42;0.96;0.17;0.59;2.46;40.3;32.5;1.8;1.2;4.9;0.12;0.03;0.03;0.04
22;0;0;50;50;18.58;2.35;6.83;2.82;2.81;0.249;87.3;11.32;6.35;2.92;0.55;1.62;4.01;288.6;245.8;31.6;3.2;8;1.4;0.96;0.19;0.27;0.35;0.3;0.069;12.7;3.96;1.79;1.31;0.21;0.73;2.82;41.9;33.1;1.7;1.5;5.6;0.16;0.04;0.04;0.05
22;0;0;50;100;19.2;2.8;7.88;3.24;3.16;0.253;86.2;12.56;7.03;3.32;0.56;1.79;4.59;282.1;237.1;32.2;3.6;9.2;1.27;1.39;0.22;0.29;0.39;0.39;0.075;13.8;5.05;2.34;1.6;0.29;1.01;3.29;45.1;34;2.5;2;6.6;0.2;0.07;0.06;0.07
22;0;0;100;0;18.13;2.25;6.43;2.4;2.44;0.248;90.6;9.93;5.55;2.57;0.46;1.43;3.79;292.4;251;30.9;2.9;7.6;1.34;0.69;0.17;0.24;0.34;0.31;0.068;9.4;4.28;1.96;1.38;0.23;0.82;2.64;30.3;21.7;1.7;1.6;5.3;0.17;0.03;0.05;0.06
22;0;0;100;50;19.28;2.83;8.19;2.83;2.8;0.242;89.5;11.64;6.4;3.06;0.56;1.67;4.8;285.1;240;32.2;3.3;9.6;1.31;1.02;0.19;0.28;0.4;0.44;0.07;10.5;6.11;2.76;1.99;0.29;1.16;3.39;33.1;22.4;1.6;2.3;6.8;0.25;0.04;0.06;0.08
22;0;0;100;100;20.19;3.3;9.46;3.33;3.27;0.248;88.5;13.26;7.44;3.48;0.64;1.9;5.56;278.6;230.5;33.1;3.8;11.1;1.23;1.5;0.23;0.32;0.51;0.53;0.072;11.5;7.26;3.29;2.33;0.41;1.4;3.9;36.1;23.1;2.4;2.8;7.8;0.3;0.06;0.07;0.09
22;0;50;0;0;17.91;2.03;5.77;2.78;2.72;0.238;84.8;11.51;6.35;3.1;0.56;1.69;3.33;286.7;245.4;31.3;3.4;6.7;1.31;0.94;0.19;0.27;0.15;0.15;0.064;15.2;1.78;0.83;0.59;0.1;0.34;2.44;51.4;44.1;1.6;0.7;4.9;0.06;0.04;0.02;0.02
22;0;50;0;50;18.58;2.27;6.32;3.17;3.19;0.244;84.2;13.12;7.25;3.44;0.58;1.91;3.78;281.8;238;32.3;3.8;7.6;1.28;1.39;0.22;0.3;0.17;0.17;0.071;15.8;1.87;0.88;0.59;0.12;0.36;2.53;52.6;45.2;1.7;0.7;5.1;0.06;0.07;0.02;0.02
22;0;50;0;100;18.97;2.5;7.08;3.83;3.91;0.262;83.2;14.96;8.42;3.86;0.68;2.14;4.16;274.3;228.8;32.9;4.3;8.3;1.27;2.03;0.25;0.36;0.16;0.19;0.076;16.8;1.99;0.91;0.65;0.11;0.36;2.92;55.3;46.5;2.3;0.7;5.8;0.06;0.08;0.02;0.03
22;0;50;50;0;18.62;2.42;6.82;2.8;2.85;0.234;87.1;12.23;6.66;3.4;0.51;1.85;4.02;285.2;241.5;31.9;3.7;8;1.33;1.01;0.22;0.29;0.22;0.23;0.069;12.9;3.04;1.37;1;0.16;0.57;2.8;42;33.5;1.7;1.1;5.6;0.12;0.04;0.03;0.04
22;0;50;50;50;19.41;2.87;8.02;3.36;3.36;0.241;86.1;13.99;7.67;3.75;0.64;2.05;4.69;277.9;231.5;32.9;4.1;9.4;1.28;1.49;0.24;0.34;0.33;0.32;0.074;13.9;4.09;1.9;1.28;0.22;0.82;3.33;44.5;34.6;1.6;1.6;6.7;0.16;0.06;0.04;0.06
22;0;50;50;100;20.19;3.28;9.16;4.05;4.13;0.265;85.7;15.63;8.83;4.04;0.7;2.27;5.36;286.7;220.7;50.8;4.5;10.7;1.22;2.28;0.26;0.38;0.43;0.41;0.076;14.3;5.24;2.41;1.68;0.28;1;3.8;47.5;35.7;2.2;2;7.6;0.21;0.08;0.05;0.07
22;0;50;100;0;19.15;2.73;7.66;2.97;2.96;0.235;89.7;12.64;6.96;3.37;0.58;1.87;4.51;282.4;237.2;32.4;3.7;9;1.28;1.15;0.22;0.31;0.34;0.33;0.07;10.3;4.48;2.04;1.39;0.27;0.85;3.15;32.4;22.6;1.7;1.7;6.3;0.18;0.04;0.05;0.06
22;0;50;100;50;20.23;3.31;9.42;3.57;3.51;0.244;89.2;14.45;8.08;3.75;0.65;2.13;5.51;290.9;225;50.6;4.3;11;1.25;1.67;0.24;0.35;0.5;0.47;0.071;10.8;6.32;2.86;2.02;0.36;1.18;3.91;35.2;23.5;1.5;2.4;7.8;0.26;0.06;0.07;0.08
22;0;50;100;100;21.08;3.75;10.66;4.17;4.22;0.263;88.1;16.07;9.04;4.22;0.69;2.29;6.25;284.2;215.5;51.6;4.6;12.5;1.2;2.39;0.26;0.38;0.6;0.58;0.074;11.9;7.68;3.5;2.47;0.39;1.46;4.41;38.2;24.2;2.3;2.9;8.8;0.32;0.09;0.08;0.1
22;0;100;0;0;19.01;2.48;7.06;3.35;3.35;0.232;84.3;14.52;7.91;3.91;0.68;2.12;4.13;292.5;230.5;49.5;4.2;8.3;1.27;1.49;0.25;0.35;0.17;0.16;0.066;15.7;1.88;0.87;0.58;0.12;0.36;2.92;54.3;46.2;1.5;0.7;5.8;0.07;0.05;0.02;0.02
22;0;100;0;50;19.56;2.64;7.65;4.07;4.13;0.258;83.6;16.09;8.91;4.28;0.74;2.25;4.46;286.7;222.6;50.7;4.5;8.9;1.23;2.26;0.26;0.38;0.19;0.2;0.078;16.4;2.09;0.96;0.67;0.12;0.39;3.19;56.1;47.3;1.6;0.8;6.4;0.07;0.08;0.02;0.03
22;0;100;0;100;19.71;2.87;8.13;4.8;4.83;0.273;82.7;17.74;10.07;4.53;0.78;2.48;4.87;279.9;214.1;51.1;5;9.7;1.19;2.94;0.29;0.42;0.24;0.23;0.086;17.3;2.18;1.02;0.68;0.11;0.39;3.25;58.1;48.5;2.3;0.8;6.5;0.07;0.11;0.02;0.03
22;0;100;50;0;19.42;2.83;8.13;3.54;3.52;0.234;86.6;15.07;8.24;4.05;0.7;2.19;4.82;290;226.2;49.7;4.4;9.6;1.23;1.66;0.26;0.38;0.28;0.27;0.071;13.4;3.39;1.55;1.09;0.21;0.64;3.31;44.6;35.1;1.6;1.3;6.6;0.13;0.06;0.03;0.04
22;0;100;50;50;20.6;3.28;9.2;4.22;4.22;0.253;85.6;16.75;9.35;4.4;0.8;2.41;5.38;282.8;215.1;52.1;4.8;10.8;1.13;2.42;0.28;0.39;0.36;0.35;0.077;14.4;4.37;2.04;1.41;0.23;0.87;3.82;47.2;36.3;1.6;1.7;7.6;0.17;0.08;0.05;0.06
22;0;100;50;100;21.16;3.65;10.29;5.11;5.12;0.278;84.6;18.49;10.58;4.79;0.78;2.58;6.11;276.4;206;53;5.2;12.2;1.15;3.25;0.29;0.44;0.45;0.45;0.08;15.4;5.46;2.55;1.73;0.29;1.06;4.18;49.9;37.2;2.2;2.1;8.4;0.22;0.11;0.07;0.07
22;0;100;100;0;20.27;3.17;8.96;3.73;3.61;0.232;89.2;15.63;8.56;4.14;0.76;2.29;5.28;288.1;221.8;51.1;4.6;10.6;1.21;1.76;0.27;0.38;0.37;0.36;0.073;10.8;4.66;2.11;1.48;0.26;0.89;3.68;34.6;23.7;1.7;1.8;7.4;0.19;0.06;0.05;0.06
22;0;100;100;50;21.28;3.87;10.87;4.29;4.39;0.252;88.2;17.46;9.66;4.59;0.81;2.57;6.44;280.9;210.1;52.8;5.1;12.9;1.16;2.53;0.29;0.41;0.54;0.51;0.073;11.8;6.69;3.09;2.11;0.38;1.3;4.43;37.5;24.5;1.5;2.6;8.9;0.27;0.07;0.07;0.09
22;0;100;100;100;22.26;4.19;12.08;5.35;5.32;0.276;86.9;19.32;11.05;4.91;0.81;2.63;7.09;270.8;197.1;54.3;5.3;14.2;1.11;3.47;0.31;0.43;0.66;0.63;0.075;13.1;8.1;3.69;2.62;0.44;1.56;4.99;40.6;25.4;2;3.1;10;0.33;0.1;0.09;0.1
22;50;0;0;0;17.62;2.12;6.08;3.9;3.96;0.298;82.3;13.45;7.82;3.4;0.55;1.81;3.59;233.8;192.6;30.4;3.6;7.2;2.77;0.67;0.21;0.31;0.14;0.13;0.058;17.7;1.64;0.78;0.53;0.09;0.31;2.49;50;42.5;1.9;0.6;5;0.06;0.03;0.02;0.02
22;50;0;0;50;17.91;2.3;6.45;4.17;4.14;0.293;81.8;14.21;8.33;3.41;0.64;1.95;3.75;231;188.9;30.8;3.9;7.5;2.7;0.91;0.21;0.32;0.17;0.15;0.064;18.2;1.81;0.87;0.58;0.08;0.35;2.71;51.2;43.2;1.9;0.7;5.4;0.06;0.05;0.02;0.02
22;50;0;0;100;18.04;2.42;6.99;4.43;4.46;0.292;81.1;15.39;8.95;3.83;0.69;2.05;4.08;228.2;185;31;4.1;8.2;2.67;1.2;0.24;0.36;0.18;0.18;0.075;18.9;1.94;0.92;0.61;0.09;0.37;2.92;53.2;44;2.7;0.7;5.8;0.06;0.08;0.02;0.03
22;50;0;50;0;17.83;2.38;6.68;3.96;3.93;0.296;85.2;13.36;7.84;3.26;0.59;1.81;3.99;233.8;191.6;30.5;3.6;8;2.74;0.68;0.21;0.3;0.24;0.22;0.066;14.8;2.93;1.33;0.94;0.18;0.56;2.69;40.3;32;1.8;1.1;5.4;0.11;0.03;0.03;0.04
22;50;0;50;50;18.55;2.77;7.58;4.1;4.12;0.289;84.4;14.35;8.3;3.61;0.62;1.96;4.46;230.3;186.2;31.3;3.9;8.9;2.62;0.94;0.23;0.33;0.32;0.3;0.072;15.6;3.91;1.86;1.23;0.19;0.81;3.12;42.4;32.8;1.7;1.6;6.2;0.15;0.05;0.05;0.05
22;50;0;50;100;19.08;3.19;8.96;4.6;4.61;0.29;83.3;15.97;9.22;4.01;0.7;2.17;5.31;226.6;179.7;31.9;4.3;10.6;2.61;1.38;0.26;0.37;0.45;0.4;0.075;16.7;5.13;2.4;1.61;0.27;1.01;3.64;45.4;33.7;2.3;2;7.3;0.2;0.07;0.06;0.07
22;50;0;100;0;18.3;2.54;7.53;3.92;3.9;0.297;88.2;13.25;7.67;3.23;0.64;1.75;4.4;233.2;190.3;30.6;3.5;8.8;2.73;0.68;0.2;0.29;0.33;0.31;0.068;11.8;4.3;1.96;1.37;0.22;0.8;3.13;31.2;21.5;1.9;1.6;6.3;0.18;0.03;0.05;0.05
22;50;0;100;50;19.07;3.24;9.02;4.26;4.21;0.287;87.2;14.77;8.66;3.66;0.6;2.06;5.31;229.9;183.7;31.5;4.1;10.6;2.65;0.98;0.24;0.34;0.5;0.46;0.072;12.8;6.23;2.79;2.03;0.34;1.17;3.71;33.6;22.1;1.7;2.3;7.4;0.25;0.05;0.07;0.09
22;50;0;100;100;20.02;3.57;10.64;4.61;4.69;0.287;85.9;16.47;9.5;4.21;0.7;2.2;6.22;225.2;175.9;32.4;4.4;12.4;2.6;1.46;0.25;0.38;0.56;0.56;0.074;14.1;7.35;3.29;2.4;0.42;1.38;4.42;36.8;22.8;2.4;2.8;8.8;0.3;0.07;0.08;0.1
22;50;50;0;0;18.07;2.65;7.22;5.06;5.03;0.3;81.6;16.9;9.94;4.15;0.68;2.32;4.2;231.2;187.2;31;4.6;8.4;3.46;0.93;0.28;0.37;0.14;0.14;0.061;18.4;1.68;0.82;0.5;0.09;0.33;3.02;52;43.6;1.7;0.7;6;0.06;0.05;0.02;0.02
22;50;50;0;50;18.87;2.85;8.06;5.44;5.45;0.296;80.8;18.54;10.91;4.49;0.78;2.52;4.76;227.4;180.7;32.2;5;9.5;3.33;1.4;0.3;0.42;0.17;0.17;0.072;19.2;1.86;0.85;0.62;0.09;0.34;3.3;53.8;44.8;1.8;0.7;6.6;0.06;0.07;0.02;0.03
22;50;50;0;100;19.17;3.03;8.57;6;6.01;0.306;79.7;19.74;11.56;4.8;0.84;2.61;4.95;222.4;174.9;32.4;5.2;9.9;3.28;2;0.31;0.42;0.23;0.21;0.081;20.3;2.1;1.03;0.64;0.11;0.42;3.63;56.5;45.8;2.6;0.8;7.3;0.07;0.1;0.02;0.03
22;50;50;50;0;18.66;3;8.44;5.05;5.13;0.294;84.2;17.57;10.06;4.47;0.69;2.38;4.96;230.3;184.1;31.5;4.8;9.9;3.46;1.01;0.28;0.38;0.24;0.26;0.071;15.8;3.23;1.44;1.07;0.18;0.62;3.48;43;33.1;1.7;1.2;7;0.12;0.04;0.04;0.05
22;50;50;50;50;19.5;3.29;9.57;5.56;5.55;0.294;83.3;19;11.03;4.67;0.8;2.49;5.6;225.7;177;32.5;5;11.2;3.38;1.47;0.28;0.42;0.34;0.32;0.073;16.7;4.14;1.9;1.37;0.2;0.79;3.97;45.2;34.1;1.6;1.6;7.9;0.16;0.06;0.05;0.05
22;50;50;50;100;20.44;3.8;10.73;6.17;6.25;0.305;83.1;20.57;12.1;5.03;0.89;2.81;6.36;238;169.2;50.5;5.6;12.7;3.2;2.27;0.32;0.45;0.45;0.4;0.076;16.9;5.11;2.33;1.66;0.28;0.99;4.38;48.3;35.2;2.4;2;8.8;0.2;0.09;0.05;0.07
22;50;50;100;0;19.13;3.22;9.33;5.18;5.19;0.294;87.3;17.75;10.3;4.45;0.73;2.37;5.48;229.2;181.6;31.9;4.7;11;3.39;1.12;0.27;0.4;0.35;0.34;0.071;12.7;4.51;2.05;1.53;0.22;0.85;3.85;33.3;22.3;1.6;1.7;7.7;0.18;0.04;0.05;0.07
22;50;50;100;50;20.31;3.86;10.99;5.52;5.57;0.291;86.8;19.21;11.11;4.79;0.85;2.59;6.48;240.5;172.9;49.5;5.2;13;3.19;1.65;0.3;0.43;0.48;0.49;0.073;13.2;6.5;3.02;2.08;0.34;1.27;4.51;36.3;23.1;1.6;2.5;9;0.26;0.06;0.07;0.09
22;50;50;100;100;21.2;4.36;12.22;6.13;6.26;0.301;85.7;20.91;12.26;5.07;0.9;2.89;7.19;235.4;164.1;51.2;5.8;14.4;3.06;2.38;0.35;0.46;0.63;0.58;0.074;14.3;7.66;3.51;2.49;0.43;1.48;5.03;39.3;23.9;2.3;3;10.1;0.31;0.09;0.08;0.1
22;50;100;0;0;19.17;3.26;9.29;6.29;6.32;0.297;81.4;21.35;12.47;5.29;0.91;2.89;5.43;243.1;178.2;48.2;5.8;10.9;4.06;1.45;0.33;0.47;0.18;0.17;0.072;18.6;1.94;0.9;0.64;0.11;0.38;3.86;55.5;45.2;1.8;0.8;7.7;0.06;0.07;0.02;0.02
22;50;100;0;50;19.68;3.34;9.6;6.98;7.03;0.31;80.5;22.81;13.43;5.58;0.96;2.97;5.66;238.4;171.4;49.7;5.9;11.3;3.96;2.22;0.34;0.5;0.2;0.2;0.082;19.5;1.97;0.9;0.61;0.12;0.37;3.94;57.6;46.5;2.5;0.7;7.9;0.06;0.09;0.02;0.02
22;50;100;0;100;19.94;3.61;9.98;7.53;7.52;0.316;79.7;23.88;14.27;5.68;0.99;3.17;5.81;233.2;164.9;50.3;6.3;11.6;3.76;2.88;0.37;0.5;0.26;0.25;0.094;20.3;2.23;1.08;0.67;0.12;0.43;4.18;59.4;47.7;2.5;0.9;8.4;0.07;0.13;0.03;0.03
22;50;100;50;0;19.54;3.62;10.13;6.43;6.49;0.298;84.1;21.92;12.81;5.33;0.96;3;6;241.3;174.4;48.9;6;12;4.01;1.63;0.36;0.49;0.3;0.26;0.073;15.9;3.3;1.54;1.05;0.17;0.62;4.13;45.6;34.5;1.6;1.2;8.3;0.13;0.06;0.03;0.04
22;50;100;50;50;20.79;3.98;11.37;7.02;7.14;0.303;82.8;23.67;13.82;5.86;1.06;3.15;6.71;236.1;165;51.4;6.3;13.4;3.81;2.42;0.37;0.53;0.37;0.35;0.077;17.2;4.3;2.03;1.32;0.22;0.83;4.66;49;35.8;2.3;1.7;9.3;0.17;0.08;0.05;0.06
22;50;100;50;100;21.45;4.39;12.13;7.62;7.78;0.316;81.8;24.69;14.6;6.02;1.02;3.32;7.1;231;157.6;52.6;6.6;14.2;3.62;3.24;0.39;0.52;0.46;0.45;0.082;18.2;5.36;2.54;1.7;0.27;1.07;5.03;51.2;36.8;2.3;2.1;10.1;0.21;0.11;0.06;0.07
22;50;100;100;0;20.17;3.86;10.88;6.46;6.45;0.294;87;22.02;12.81;5.44;0.94;2.96;6.36;240;171.7;49.6;5.9;12.7;3.94;1.69;0.34;0.48;0.38;0.36;0.073;13;4.67;2.11;1.51;0.23;0.9;4.52;35.7;23.2;1.7;1.8;9;0.19;0.06;0.05;0.06
22;50;100;100;50;21.4;4.55;12.74;6.99;7.09;0.301;85.6;23.66;13.78;5.86;1.02;3.19;7.55;235.6;162.8;51.4;6.4;15.1;3.73;2.47;0.37;0.52;0.56;0.53;0.076;14.4;6.78;3.17;2.1;0.38;1.36;5.19;39.5;24.1;2.4;2.7;10.4;0.27;0.09;0.08;0.09
22;50;100;100;100;22.52;4.89;13.78;7.91;7.89;0.312;84.5;25.42;15.12;6.02;1.02;3.37;8.1;228.2;150.9;54.3;6.7;16.2;3.49;3.45;0.4;0.56;0.65;0.61;0.076;15.5;7.78;3.65;2.46;0.42;1.52;5.67;41.6;25.2;2.1;3;11.3;0.32;0.1;0.08;0.1
22;100;0;0;0;17.77;2.52;7.19;5.51;5.52;0.325;77.3;17.07;10.18;4.14;0.7;2.19;4.2;172.9;129.9;30.2;4.4;8.4;4.21;0.67;0.27;0.37;0.17;0.14;0.06;22.7;1.75;0.8;0.58;0.08;0.32;2.99;50.6;42.1;1.9;0.6;6;0.06;0.04;0.02;0.03
22;100;0;0;50;17.89;2.67;7.59;5.57;5.66;0.32;76.9;17.77;10.55;4.25;0.72;2.35;4.46;171.8;127.7;30.5;4.7;8.9;4.12;0.91;0.26;0.38;0.16;0.15;0.064;23.1;1.76;0.78;0.59;0.11;0.32;3.13;51.4;42.7;1.8;0.6;6.3;0.06;0.05;0.02;0.02
22;100;0;0;100;18.16;2.8;8.23;5.92;5.97;0.317;76;18.96;11.3;4.58;0.81;2.46;4.84;170.1;124.8;30.8;4.9;9.7;4.06;1.2;0.29;0.42;0.2;0.18;0.075;24;1.95;0.9;0.64;0.12;0.34;3.38;53.6;43.6;2.5;0.7;6.8;0.06;0.08;0.02;0.03
22;100;0;50;0;18.02;2.84;7.82;5.45;5.48;0.326;80.8;16.95;10.21;3.98;0.67;2.23;4.65;173.2;129.2;30.3;4.5;9.3;4.2;0.66;0.26;0.36;0.24;0.22;0.066;19.2;2.99;1.41;0.94;0.15;0.61;3.17;41.1;31.8;1.8;1.2;6.3;0.12;0.03;0.03;0.04
22;100;0;50;50;18.51;3.04;8.77;5.57;5.64;0.32;80.1;17.73;10.45;4.33;0.72;2.31;5.16;172.2;126.5;30.8;4.6;10.3;4.1;0.9;0.26;0.38;0.31;0.31;0.072;19.9;3.91;1.82;1.23;0.22;0.73;3.62;42.8;32.3;1.8;1.5;7.2;0.15;0.05;0.04;0.06
22;100;0;50;100;19.37;3.39;9.94;6.03;6.01;0.315;78.8;19.21;11.43;4.68;0.78;2.48;5.89;170.2;121.6;31.9;5;11.8;3.93;1.37;0.3;0.42;0.37;0.38;0.075;21.2;4.88;2.16;1.57;0.29;0.91;4.05;45.8;33.3;2.6;1.8;8.1;0.19;0.07;0.05;0.06
22;100;0;100;0;18.34;3;8.72;5.31;5.4;0.323;84.4;16.81;10.06;4.06;0.65;2.18;5.14;173.3;128.4;30.3;4.4;10.3;4.1;0.68;0.26;0.36;0.34;0.31;0.068;15.6;4.34;1.99;1.42;0.21;0.82;3.58;31.9;21.3;1.9;1.6;7.2;0.18;0.04;0.04;0.06
22;100;0;100;50;19.23;3.5;10.24;5.61;5.64;0.314;83.2;18.08;10.72;4.31;0.73;2.37;6;171.4;123.6;31.1;4.7;12;4;0.98;0.27;0.39;0.45;0.46;0.071;16.8;6.15;2.76;2.03;0.36;1.14;4.24;34.4;21.9;1.7;2.3;8.5;0.25;0.05;0.07;0.09
22;100;0;100;100;20.29;3.98;11.38;6.12;6.04;0.31;81.9;19.64;11.61;4.72;0.86;2.63;6.66;169.4;118.4;32.4;5.3;13.3;3.85;1.46;0.31;0.42;0.58;0.54;0.073;18.1;7.24;3.3;2.33;0.42;1.35;4.72;37.3;22.7;2.5;2.7;9.4;0.29;0.08;0.07;0.1
22;100;50;0;0;18.31;3.31;9.28;7.27;7.46;0.332;76.6;22.61;13.57;5.4;0.85;2.95;5.46;174.3;127.1;30.4;5.9;10.9;5.71;0.92;0.33;0.49;0.15;0.16;0.067;23.4;1.88;0.87;0.61;0.1;0.36;3.83;53.2;42.9;1.9;0.7;7.7;0.06;0.05;0.02;0.03
22;100;50;0;50;18.82;3.31;9.65;7.63;7.69;0.328;75.6;23.56;14.06;5.63;0.96;2.94;5.63;171.8;123.3;31.4;5.9;11.3;5.51;1.35;0.34;0.49;0.17;0.18;0.073;24.4;1.89;0.88;0.59;0.1;0.37;4.02;55.4;44;2.7;0.7;8;0.06;0.07;0.02;0.02
22;100;50;0;100;19.1;3.59;10.22;8.1;8.18;0.331;74.7;24.8;14.93;5.83;1;3.2;6;168.9;119;31.6;6.4;12;5.32;1.97;0.37;0.52;0.22;0.22;0.083;25.3;2.19;1.01;0.73;0.11;0.39;4.22;57.1;45.2;2.7;0.8;8.4;0.07;0.1;0.02;0.03
22;100;50;50;0;18.82;3.5;10.02;7.38;7.4;0.327;79.8;22.73;13.59;5.39;0.92;2.92;5.87;173.6;125;31.1;5.8;11.7;5.6;0.98;0.35;0.47;0.24;0.24;0.07;20.2;3.1;1.44;1.04;0.15;0.58;4.15;43.8;32.6;1.8;1.2;8.3;0.12;0.05;0.03;0.04
22;100;50;50;50;19.65;3.96;11;7.9;7.75;0.322;78.6;24.17;14.65;5.59;0.97;3.2;6.54;171.6;120.2;31.9;6.4;13.1;5.39;1.46;0.37;0.53;0.37;0.34;0.076;21.4;4.19;1.93;1.35;0.23;0.76;4.46;46.7;33.6;2.7;1.5;8.9;0.16;0.07;0.04;0.06
22;100;50;50;100;20.46;4.17;12.12;8.05;8.25;0.329;79.1;25.17;14.97;6.03;1.04;3.18;7.22;185.8;115.4;49.6;6.4;14.4;5.13;2.21;0.36;0.55;0.47;0.42;0.079;20.9;5.17;2.43;1.61;0.3;0.99;4.91;49;34.6;2.6;2;9.8;0.2;0.1;0.06;0.07
22;100;50;100;0;19.32;3.86;11.04;7.49;7.54;0.326;83.4;23.23;13.94;5.55;0.92;3.04;6.47;173.6;123.2;31.3;6.1;12.9;5.58;1.11;0.35;0.49;0.33;0.33;0.07;16.6;4.38;1.94;1.46;0.25;0.82;4.56;34.6;22;1.8;1.6;9.1;0.18;0.05;0.04;0.06
22;100;50;100;50;20.43;4.44;12.48;7.78;7.81;0.323;83;24.33;14.56;5.76;1.03;3.17;7.26;187.3;117.8;48.7;6.3;14.5;5.31;1.61;0.37;0.51;0.53;0.49;0.073;17;6.42;2.97;2;0.37;1.27;5.22;38.3;22.8;2.6;2.5;10.4;0.26;0.07;0.07;0.09
22;100;50;100;100;21.43;4.78;13.48;8.26;8.3;0.326;82.3;25.61;15.36;6.17;1.03;3.35;7.91;185.2;111.8;50.9;6.7;15.8;5.02;2.37;0.38;0.53;0.59;0.56;0.074;17.7;7.37;3.39;2.35;0.39;1.43;5.57;39.8;23.6;2.2;2.9;11.1;0.3;0.08;0.08;0.1
22;100;100;0;0;19.12;3.87;10.79;8.56;8.7;0.328;77.3;26.7;16.05;6.32;1.07;3.52;6.42;189.2;122.2;47.1;7;12.8;6.33;1.39;0.4;0.57;0.19;0.18;0.071;22.7;1.93;0.91;0.61;0.11;0.35;4.37;55.5;44.3;1.8;0.7;8.7;0.06;0.07;0.02;0.02
22;100;100;0;50;19.71;4;11.25;9.3;9.32;0.332;76.1;28.22;16.98;6.7;1.14;3.63;6.71;185.9;116.2;49;7.3;13.4;6.08;2.21;0.43;0.61;0.2;0.2;0.082;23.9;1.97;0.93;0.65;0.11;0.37;4.54;58.2;45.9;2.5;0.7;9.1;0.06;0.09;0.02;0.03
22;100;100;0;100;20.13;4.11;11.65;9.7;9.73;0.336;75.4;29.09;17.66;6.79;1.18;3.72;6.93;183.3;112.2;49.8;7.4;13.9;5.81;2.86;0.44;0.62;0.24;0.24;0.091;24.6;2.19;1.05;0.67;0.13;0.39;4.72;59.6;47.1;2.3;0.8;9.4;0.07;0.13;0.02;0.03
22;100;100;50;0;19.79;4.2;11.72;8.61;8.76;0.324;80.1;27.16;16.27;6.42;1.12;3.56;6.9;188.1;118.9;48.3;7.1;13.8;6.14;1.61;0.43;0.58;0.28;0.28;0.075;19.9;3.34;1.54;1.04;0.19;0.64;4.83;46.6;33.9;1.7;1.3;9.7;0.12;0.07;0.04;0.05
22;100;100;50;50;20.77;4.51;12.73;9.18;9.25;0.329;78.9;28.29;17.03;6.7;1.23;3.69;7.48;186.4;113.8;50.2;7.4;15;5.92;2.3;0.42;0.61;0.38;0.37;0.081;21.1;4.31;1.98;1.39;0.24;0.82;5.25;49.6;35;2.5;1.6;10.5;0.16;0.09;0.05;0.06
22;100;100;50;100;21.54;4.8;13.53;9.9;9.85;0.335;77.8;29.53;17.96;6.89;1.12;3.83;7.91;182.2;106.7;52;7.7;15.8;5.57;3.22;0.45;0.61;0.46;0.45;0.081;22.2;5.38;2.45;1.73;0.29;0.97;5.62;51.8;36.5;2.2;1.9;11.2;0.21;0.12;0.05;0.07
22;100;100;100;0;20.53;4.51;12.77;8.76;8.74;0.319;83.5;27.51;16.38;6.69;1.15;3.62;7.44;187.8;116.2;49.4;7.2;14.9;6.04;1.71;0.41;0.58;0.38;0.36;0.072;16.5;4.64;2.12;1.48;0.27;0.9;5.33;37;23;1.6;1.8;10.7;0.18;0.06;0.05;0.06
22;100;100;100;50;21.26;4.9;14.04;9.15;9.19;0.326;82.2;28.34;16.95;6.72;1.15;3.64;8.27;185.5;111.2;50.4;7.3;16.5;5.79;2.38;0.41;0.6;0.57;0.52;0.075;17.8;6.66;3.04;2.15;0.37;1.26;5.76;40.1;23.7;2.3;2.5;11.5;0.27;0.09;0.07;0.1
22;100;100;100;100;22.36;5.37;15.13;9.74;9.85;0.331;81.2;29.9;17.98;7.03;1.13;3.88;8.97;182.4;103.8;52.9;7.8;17.9;5.37;3.38;0.47;0.64;0.63;0.63;0.077;18.8;7.91;3.59;2.59;0.4;1.49;6.16;42.2;24.7;2.2;3;12.3;0.32;0.12;0.08;0.11
23;0;0;0;0;17.35;1.71;4.89;2.57;2.53;0.259;87.7;9.86;5.62;2.53;0.46;1.4;2.93;300.3;261.2;30.4;2.8;5.9;1.45;0.67;0.18;0.23;0.13;0.13;0.059;12.3;1.68;0.75;0.57;0.09;0.3;1.97;42;35.6;1.9;0.6;3.9;0.06;0.03;0.02;0.02
23;0;0;0;50;17.74;1.93;5.29;2.73;2.77;0.258;87.3;10.78;5.98;2.84;0.49;1.6;3.11;296.6;256;31.1;3.2;6.2;1.42;0.9;0.2;0.25;0.17;0.15;0.062;12.7;1.78;0.82;0.57;0.1;0.33;2.18;43;36.2;1.8;0.7;4.4;0.06;0.05;0.02;0.02
23;0;0;0;100;18.03;2.09;5.99;3.26;3.18;0.259;86.5;12.37;7;3.23;0.55;1.75;3.53;290.4;248.2;31.6;3.5;7.1;1.43;1.24;0.21;0.29;0.17;0.17;0.067;13.5;1.88;0.83;0.62;0.1;0.34;2.46;45.1;37;2.5;0.7;4.9;0.06;0.06;0.02;0.03
23;0;0;50;0;17.97;2.04;5.67;2.57;2.54;0.255;89.6;10.04;5.66;2.63;0.44;1.49;3.39;298.8;258;31;3;6.8;1.43;0.69;0.18;0.24;0.23;0.22;0.065;10.4;2.97;1.32;0.96;0.17;0.55;2.28;34.6;27.1;1.9;1.1;4.6;0.12;0.04;0.03;0.04
23;0;0;50;50;18.44;2.37;6.73;2.91;2.88;0.253;89;11.43;6.44;2.99;0.51;1.63;3.98;293.5;250.6;31.7;3.3;8;1.44;0.97;0.2;0.28;0.31;0.28;0.069;11;3.81;1.77;1.2;0.2;0.74;2.75;36.3;27.8;1.6;1.5;5.5;0.15;0.04;0.04;0.05
23;0;0;50;100;19.22;2.74;7.84;3.26;3.34;0.265;88;12.66;7.15;3.24;0.56;1.83;4.61;288.3;242.9;32.5;3.7;9.2;1.37;1.47;0.2;0.3;0.38;0.37;0.072;12;4.84;2.2;1.55;0.27;0.91;3.23;39.1;28.4;2.4;1.8;6.5;0.19;0.06;0.04;0.07
23;0;0;100;0;18.31;2.25;6.54;2.51;2.53;0.254;91.7;10;5.5;2.72;0.44;1.43;3.85;298;256.2;31.2;2.9;7.7;1.42;0.69;0.17;0.24;0.34;0.31;0.068;8.3;4.31;1.97;1.4;0.25;0.82;2.68;27;18.2;1.8;1.6;5.4;0.18;0.03;0.04;0.06
23;0;0;100;50;19.2;2.93;8.03;2.89;2.89;0.251;90.8;11.62;6.54;3;0.5;1.74;4.74;292.2;247.4;31.9;3.5;9.5;1.4;1;0.21;0.28;0.49;0.45;0.071;9.2;6.16;2.87;1.93;0.32;1.19;3.29;29.5;18.7;1.8;2.4;6.6;0.25;0.05;0.07;0.08
23;0;0;100;100;20.02;3.26;9.3;3.48;3.43;0.26;89.9;13.24;7.51;3.48;0.53;1.87;5.57;285;237.1;33;3.7;11.1;1.31;1.58;0.23;0.31;0.52;0.52;0.071;10.1;7.16;3.21;2.32;0.39;1.39;3.73;32;19.3;2.5;2.8;7.5;0.3;0.06;0.07;0.09
23;0;50;0;0;18.04;1.99;5.78;2.88;2.85;0.244;86.9;11.76;6.52;3.11;0.55;1.66;3.41;292.8;251.1;31.5;3.3;6.8;1.42;0.95;0.2;0.29;0.17;0.15;0.064;13.1;1.76;0.81;0.58;0.09;0.33;2.37;43.8;36.7;1.7;0.7;4.7;0.06;0.05;0.02;0.02
23;0;50;0;50;18.45;2.27;6.42;3.4;3.36;0.252;86.3;13.41;7.47;3.58;0.59;1.93;3.8;286.8;243.2;32.2;3.9;7.6;1.41;1.4;0.24;0.32;0.2;0.18;0.071;13.7;1.95;0.9;0.62;0.1;0.35;2.62;45.3;37.6;1.7;0.7;5.2;0.06;0.06;0.02;0.03
23;0;50;0;100;19.26;2.54;7.04;4.04;4.02;0.265;85.3;15.21;8.66;3.9;0.64;2.16;4.14;278.9;232.7;33.5;4.3;8.3;1.31;2.09;0.26;0.35;0.21;0.19;0.081;14.7;1.98;0.93;0.61;0.11;0.38;2.9;47.7;38.8;2.4;0.8;5.8;0.06;0.08;0.02;0.03
23;0;50;50;0;18.75;2.41;6.88;2.89;2.93;0.238;88.7;12.37;6.75;3.35;0.6;1.8;4.06;289.7;245.8;32.2;3.6;8.1;1.39;1.03;0.2;0.3;0.24;0.23;0.067;11.3;3.08;1.42;0.99;0.18;0.61;2.83;36.8;28.2;1.7;1.2;5.7;0.12;0.04;0.03;0.04
23;0;50;50;50;19.64;2.8;8.09;3.53;3.39;0.244;87.9;13.96;7.77;3.79;0.59;1.97;4.8;282.7;236;33.2;3.9;9.6;1.31;1.51;0.23;0.35;0.33;0.33;0.074;12.1;4.21;1.93;1.34;0.25;0.83;3.29;38.9;29;1.7;1.7;6.6;0.16;0.06;0.05;0.06
23;0;50;50;100;20.18;3.21;8.93;4.18;4.14;0.268;87.5;15.49;8.81;3.91;0.68;2.21;5.26;292.3;226.3;51.1;4.4;10.5;1.24;2.28;0.27;0.35;0.46;0.42;0.076;12.5;5.22;2.45;1.65;0.27;1;3.67;41.5;29.8;2.3;2;7.3;0.21;0.08;0.05;0.08
23;0;50;100;0;19.03;2.69;7.7;2.98;2.97;0.239;90.9;12.46;6.81;3.39;0.54;1.81;4.55;288.4;243.5;32.2;3.6;9.1;1.31;1.14;0.22;0.3;0.36;0.33;0.07;9.1;4.54;2.09;1.45;0.24;0.88;3.15;28.7;18.9;1.7;1.8;6.3;0.18;0.05;0.05;0.06
23;0;50;100;50;20.17;3.31;9.46;3.61;3.66;0.254;90.4;14.44;8.05;3.86;0.65;2.06;5.61;296.5;231;50.1;4.1;11.2;1.3;1.76;0.25;0.35;0.5;0.48;0.072;9.6;6.51;2.94;2.04;0.38;1.25;3.85;31.4;19.6;1.6;2.5;7.7;0.27;0.06;0.07;0.08
23;0;50;100;100;20.86;3.71;10.76;4.13;4.24;0.267;89.4;15.95;8.96;4.21;0.74;2.24;6.35;289.7;221.2;51.3;4.5;12.7;1.21;2.37;0.28;0.37;0.62;0.58;0.073;10.6;7.74;3.57;2.45;0.45;1.47;4.41;34.1;20.2;2.2;2.9;8.8;0.32;0.08;0.08;0.11
23;0;100;0;0;19.12;2.46;6.92;3.48;3.4;0.235;86.4;14.52;7.97;3.83;0.66;2.11;4;297.5;235.4;50;4.2;8;1.31;1.5;0.26;0.34;0.17;0.16;0.067;13.6;1.87;0.89;0.6;0.1;0.35;2.93;46.7;38.5;1.7;0.7;5.9;0.06;0.05;0.02;0.03
23;0;100;0;50;19.47;2.66;7.52;4.19;4.19;0.262;86;16.08;9.07;4.18;0.69;2.31;4.52;293;228.8;50.5;4.6;9;1.27;2.26;0.28;0.38;0.2;0.19;0.077;14;1.95;0.9;0.63;0.12;0.34;3;47.6;39.3;1.7;0.7;6;0.06;0.08;0.02;0.03
23;0;100;0;100;20.05;2.9;8.15;4.87;4.93;0.276;84.8;17.91;10.27;4.54;0.77;2.5;4.74;283.6;217.2;51.9;5;9.5;1.23;2.99;0.3;0.41;0.22;0.23;0.088;15.2;2.17;0.99;0.73;0.12;0.4;3.41;50.5;40.6;2.4;0.8;6.8;0.07;0.11;0.02;0.03
23;0;100;50;0;19.41;2.86;7.93;3.6;3.57;0.241;88.5;14.88;8.21;3.93;0.71;2.23;4.76;297.1;233.3;49.8;4.5;9.5;1.32;1.64;0.27;0.35;0.27;0.27;0.073;11.5;3.34;1.51;1.11;0.17;0.63;3.18;38.5;29.2;1.6;1.3;6.4;0.13;0.06;0.03;0.05
23;0;100;50;50;20.23;3.19;8.97;4.29;4.31;0.259;87.5;16.72;9.36;4.32;0.75;2.36;5.29;288.1;221.3;51.5;4.7;10.6;1.25;2.38;0.29;0.4;0.37;0.35;0.076;12.5;4.3;2.02;1.32;0.24;0.83;3.69;40.8;30.3;1.5;1.7;7.4;0.17;0.07;0.05;0.06
23;0;100;50;100;21.29;3.62;10.24;5.18;5.21;0.28;86.4;18.67;10.74;4.68;0.8;2.59;6.13;279.6;208.6;53.5;5.2;12.3;1.16;3.31;0.32;0.43;0.48;0.44;0.078;13.6;5.42;2.5;1.74;0.29;1.04;4.11;43.8;31.3;2.1;2.1;8.2;0.22;0.1;0.06;0.06
23;0;100;100;0;20.05;3.24;8.97;3.73;3.69;0.237;90.6;15.6;8.6;4.15;0.69;2.34;5.34;293.9;227.7;50.8;4.7;10.7;1.29;1.74;0.29;0.37;0.4;0.37;0.072;9.4;4.82;2.22;1.53;0.25;0.9;3.63;30.4;19.8;1.6;1.8;7.3;0.19;0.06;0.05;0.07
23;0;100;100;50;21.23;3.78;10.75;4.42;4.48;0.257;89.6;17.47;9.79;4.58;0.83;2.53;6.42;286.2;215.8;52.5;5.1;12.8;1.25;2.51;0.3;0.42;0.57;0.51;0.074;10.4;6.69;3.05;2.13;0.38;1.25;4.32;33;20.5;1.4;2.5;8.6;0.27;0.08;0.07;0.09
23;0;100;100;100;22.32;4.25;12.2;5.34;5.39;0.277;88.4;19.45;11.11;5;0.82;2.73;7.3;276.9;202.1;54.7;5.5;14.6;1.12;3.48;0.33;0.45;0.67;0.63;0.075;11.6;8.09;3.7;2.63;0.44;1.51;4.89;36.2;21.3;2.1;3;9.8;0.33;0.1;0.08;0.11
23;50;0;0;0;17.54;2.11;5.86;4.1;4.05;0.308;84.7;13.23;7.85;3.18;0.55;1.77;3.45;237.9;197.1;30.3;3.5;6.9;2.89;0.67;0.21;0.28;0.16;0.14;0.058;15.3;1.7;0.83;0.51;0.1;0.33;2.42;42.8;35.4;1.9;0.7;4.8;0.06;0.04;0.02;0.02
23;50;0;0;50;17.85;2.21;6.32;4.32;4.29;0.303;84.3;14.26;8.37;3.46;0.57;1.88;3.71;235.2;193.1;30.9;3.8;7.4;2.84;0.91;0.24;0.3;0.14;0.15;0.064;15.7;1.81;0.81;0.61;0.09;0.33;2.61;43.7;36;1.8;0.7;5.2;0.06;0.05;0.02;0.02
23;50;0;0;100;18.42;2.4;6.95;4.65;4.58;0.297;83.5;15.57;9.02;3.9;0.61;2.05;4.16;232.1;187.9;31.8;4.1;8.3;2.74;1.25;0.25;0.35;0.18;0.18;0.072;16.5;1.88;0.88;0.59;0.1;0.35;2.79;45.7;36.8;2.6;0.7;5.6;0.06;0.07;0.02;0.02
23;50;0;50;0;17.84;2.3;6.71;3.98;4.02;0.306;87.1;13.24;7.72;3.32;0.56;1.74;3.95;237.8;195.9;30.6;3.5;7.9;2.85;0.67;0.2;0.29;0.23;0.22;0.065;12.9;2.97;1.37;0.95;0.16;0.57;2.75;35.2;26.8;1.7;1.1;5.5;0.12;0.03;0.03;0.04
23;50;0;50;50;18.49;2.67;7.67;4.29;4.26;0.3;86.4;14.33;8.29;3.6;0.62;1.92;4.51;234.8;190.8;31.2;3.8;9;2.78;0.93;0.23;0.32;0.3;0.29;0.069;13.6;3.92;1.75;1.29;0.23;0.75;3.16;36.9;27.4;1.7;1.5;6.3;0.15;0.05;0.04;0.05
23;50;0;50;100;19.35;3.07;8.96;4.68;4.76;0.302;85.1;15.91;9.22;3.98;0.67;2.09;5.26;230.2;183.3;32.1;4.2;10.5;2.67;1.47;0.26;0.36;0.4;0.4;0.076;14.9;5.1;2.38;1.66;0.26;0.99;3.7;40.2;28.3;2.5;2;7.4;0.2;0.08;0.05;0.07
23;50;0;100;0;18.31;2.65;7.41;4.14;4.07;0.304;89.6;13.48;7.98;3.19;0.6;1.82;4.46;237.4;194;30.9;3.6;8.9;2.85;0.69;0.22;0.31;0.33;0.31;0.068;10.4;4.31;1.96;1.4;0.23;0.83;2.95;27.4;18;1.8;1.7;5.9;0.17;0.03;0.05;0.06
23;50;0;100;50;19.25;3.2;9.14;4.3;4.3;0.295;88.6;14.71;8.56;3.63;0.61;2;5.45;234.1;187.7;31.6;4;10.9;2.74;0.99;0.24;0.34;0.48;0.46;0.071;11.4;6.23;2.88;2.04;0.33;1.21;3.7;30.1;18.5;1.8;2.4;7.4;0.25;0.05;0.07;0.09
23;50;0;100;100;20.14;3.62;10.23;4.74;4.78;0.297;87.4;16.17;9.49;3.97;0.68;2.22;5.97;228.5;179.3;32.8;4.4;11.9;2.62;1.53;0.26;0.37;0.59;0.54;0.072;12.6;7.23;3.32;2.35;0.42;1.4;4.26;32.9;19.1;2.4;2.8;8.5;0.3;0.07;0.07;0.1
23;50;50;0;0;18.29;2.62;7.32;5.22;5.22;0.308;84;17.08;10.03;4.21;0.68;2.26;4.33;235.5;190.8;31.5;4.5;8.7;3.62;0.95;0.27;0.38;0.11;0.14;0.062;16;1.69;0.76;0.56;0.09;0.35;2.98;44.7;36.3;1.7;0.7;6;0.06;0.05;0.01;0.02
23;50;50;0;50;18.68;2.83;7.96;5.69;5.69;0.306;83.3;18.7;10.99;4.63;0.76;2.46;4.72;231.1;184.9;31.8;4.9;9.4;3.57;1.39;0.31;0.42;0.23;0.18;0.072;16.7;1.96;0.93;0.58;0.11;0.37;3.24;46.2;37.2;1.7;0.7;6.5;0.06;0.07;0.02;0.03
23;50;50;0;100;19.22;2.94;8.46;6.15;6.16;0.312;82.4;19.88;11.68;4.78;0.88;2.57;5.05;226.5;178.4;32.9;5.1;10.1;3.38;2.04;0.31;0.43;0.2;0.19;0.077;17.6;1.97;0.94;0.6;0.11;0.38;3.41;48.2;38.2;2.4;0.8;6.8;0.06;0.09;0.02;0.03
23;50;50;50;0;18.84;2.98;8.28;5.37;5.3;0.301;86.2;17.73;10.44;4.3;0.77;2.4;4.93;233.8;187.3;31.9;4.8;9.9;3.58;1.03;0.29;0.39;0.24;0.23;0.069;13.8;3.06;1.4;0.97;0.18;0.58;3.35;37.3;27.8;1.7;1.2;6.7;0.12;0.05;0.03;0.04
23;50;50;50;50;19.58;3.4;9.42;5.84;5.72;0.299;85.3;19.2;11.35;4.7;0.83;2.6;5.6;229.3;180.1;32.7;5.2;11.2;3.46;1.5;0.34;0.42;0.35;0.32;0.073;14.7;4.05;1.88;1.32;0.21;0.8;3.82;39.5;28.6;1.6;1.6;7.6;0.16;0.07;0.04;0.05
23;50;50;50;100;20.35;3.67;10.36;6.34;6.33;0.312;85.2;20.39;12.04;5.01;0.86;2.72;6.26;241.1;172.6;50.5;5.4;12.5;3.29;2.25;0.34;0.46;0.41;0.39;0.075;14.8;4.98;2.29;1.61;0.27;0.95;4.1;41.8;29.5;2.2;1.9;8.2;0.2;0.08;0.05;0.06
23;50;50;100;0;19.25;3.17;9.19;5.34;5.34;0.303;88.7;17.71;10.38;4.31;0.77;2.34;5.45;233.2;185.7;32;4.7;10.9;3.54;1.13;0.28;0.39;0.34;0.33;0.07;11.3;4.44;1.98;1.45;0.24;0.84;3.75;29.5;18.7;1.7;1.7;7.5;0.18;0.04;0.05;0.06
23;50;50;100;50;20.21;3.79;10.93;5.7;5.84;0.306;88.3;19.19;11.23;4.77;0.78;2.56;6.52;244.8;177.5;49.1;5.1;13;3.38;1.72;0.31;0.43;0.49;0.48;0.072;11.7;6.46;2.96;2.08;0.33;1.23;4.4;32.2;19.3;1.7;2.5;8.8;0.26;0.07;0.06;0.09
23;50;50;100;100;21.11;4.22;12.15;6.4;6.36;0.308;87.1;20.72;12.3;4.96;0.89;2.76;7.2;239.1;168.3;50.8;5.5;14.4;3.2;2.37;0.35;0.45;0.61;0.59;0.074;12.9;7.8;3.52;2.58;0.43;1.46;4.95;35.2;20;2.4;2.9;9.9;0.32;0.09;0.08;0.1
23;50;100;0;0;19.25;3.13;8.98;6.61;6.54;0.307;83.8;21.45;12.71;5.17;0.9;2.8;5.34;246.6;181.5;48.9;5.6;10.7;4.27;1.46;0.34;0.47;0.18;0.16;0.07;16.2;1.8;0.86;0.61;0.07;0.34;3.64;47.4;37.7;1.7;0.7;7.3;0.06;0.06;0.02;0.02
23;50;100;0;50;19.72;3.37;9.43;7.24;7.24;0.318;82.9;22.86;13.63;5.46;0.93;3.01;5.52;242.1;174.9;50.1;6;11;4.15;2.22;0.38;0.49;0.2;0.19;0.079;17.1;1.96;0.94;0.62;0.1;0.37;3.91;49.7;38.7;2.4;0.7;7.8;0.06;0.09;0.02;0.03
23;50;100;0;100;20.27;3.59;9.87;7.83;7.79;0.321;82.1;24.35;14.69;5.73;1;3.23;5.83;235.9;166.2;51.6;6.5;11.7;3.88;2.98;0.4;0.53;0.24;0.23;0.09;17.9;2.05;0.97;0.64;0.11;0.36;4.04;51.1;40.1;2.2;0.7;8.1;0.06;0.12;0.02;0.03
23;50;100;50;0;19.84;3.56;9.9;6.68;6.67;0.306;85.9;21.89;12.92;5.37;0.88;2.93;5.85;245.1;177.9;49.6;5.9;11.7;4.2;1.64;0.35;0.48;0.28;0.25;0.072;14.1;3.16;1.48;0.98;0.16;0.64;4.05;39.9;28.9;1.7;1.3;8.1;0.12;0.06;0.03;0.04
23;50;100;50;50;20.48;3.9;10.98;7.21;7.22;0.313;84.9;23.2;13.76;5.58;0.99;3.06;6.57;240.5;170.6;50.7;6.1;13.1;3.98;2.36;0.38;0.5;0.39;0.36;0.077;15.1;4.36;2.04;1.38;0.24;0.84;4.41;42.6;29.7;2.4;1.7;8.8;0.17;0.09;0.04;0.06
23;50;100;50;100;21.33;4.27;12.03;7.73;7.89;0.323;83.9;24.56;14.6;5.87;1.02;3.21;7.11;234;161;52.4;6.4;14.2;3.73;3.23;0.41;0.53;0.48;0.47;0.081;16.1;5.6;2.56;1.83;0.3;1.06;4.92;44.9;30.8;2.1;2.1;9.8;0.22;0.12;0.06;0.08
23;50;100;100;0;20.11;3.79;10.87;6.79;6.67;0.303;88.5;22.15;13;5.38;0.92;2.9;6.47;243.5;175;49.8;5.8;12.9;4.12;1.69;0.36;0.5;0.39;0.36;0.072;11.5;4.77;2.2;1.53;0.27;0.88;4.4;31.6;19.5;1.6;1.8;8.8;0.19;0.06;0.04;0.07
23;50;100;100;50;21.41;4.45;12.59;7.11;7.21;0.308;87;23.53;13.8;5.78;0.98;3.2;7.38;238.3;165.2;51.9;6.4;14.8;3.83;2.48;0.38;0.51;0.55;0.52;0.075;13;6.75;3.02;2.17;0.4;1.25;5.21;35.5;20.2;2.3;2.5;10.4;0.27;0.09;0.07;0.09
23;50;100;100;100;22.27;4.78;13.89;8.05;8.01;0.32;86;25.11;15.09;5.98;1.05;3.29;8.14;232.1;155.9;53.3;6.6;16.3;3.69;3.39;0.39;0.53;0.65;0.63;0.076;14;8.05;3.65;2.6;0.47;1.49;5.75;37.5;20.9;2.1;3;11.5;0.33;0.11;0.08;0.11
23;100;0;0;0;17.48;2.45;6.93;5.66;5.64;0.337;80.2;16.85;10.24;3.95;0.68;2.14;4.11;175.2;132.7;30;4.3;8.2;4.35;0.66;0.27;0.36;0.12;0.12;0.058;19.8;1.6;0.74;0.5;0.1;0.31;2.82;43.1;35.1;1.8;0.6;5.6;0.06;0.03;0.01;0.02
23;100;0;0;50;17.92;2.68;7.39;5.81;5.85;0.334;79.8;17.64;10.65;4.14;0.73;2.33;4.32;174.7;130.9;30.5;4.7;8.6;4.32;0.89;0.28;0.36;0.16;0.16;0.067;20.2;1.81;0.85;0.6;0.08;0.35;3.07;44.2;35.5;1.8;0.7;6.1;0.06;0.06;0.02;0.03
23;100;0;0;100;18.36;2.76;7.97;6.13;6.12;0.325;78.8;18.93;11.27;4.51;0.82;2.42;4.69;172.3;126.9;31.3;4.8;9.4;4.2;1.23;0.29;0.41;0.17;0.18;0.075;21.2;1.99;0.88;0.64;0.13;0.35;3.28;46.3;36.4;2.6;0.7;6.6;0.06;0.08;0.02;0.03
23;100;0;50;0;17.83;2.77;7.68;5.5;5.62;0.338;83;16.77;10.19;3.83;0.72;2.2;4.52;175.6;132.1;30.1;4.4;9;4.34;0.66;0.27;0.35;0.22;0.21;0.065;17;2.93;1.32;0.96;0.16;0.57;3.17;35.9;26.6;1.8;1.1;6.3;0.12;0.03;0.02;0.04
23;100;0;50;50;18.64;3.05;8.64;5.83;5.84;0.328;82.3;17.93;10.8;4.2;0.72;2.28;5.15;174.1;128.2;31;4.6;10.3;4.25;0.94;0.28;0.39;0.31;0.29;0.07;17.7;3.87;1.82;1.24;0.19;0.78;3.5;37.5;27.2;1.7;1.6;7;0.15;0.05;0.04;0.05
23;100;0;50;100;19.3;3.49;9.75;6.28;6.28;0.329;81;19.24;11.57;4.61;0.8;2.55;5.76;172.1;123.7;31.8;5.1;11.5;4.12;1.45;0.31;0.41;0.4;0.39;0.074;19;5.01;2.28;1.61;0.26;0.94;3.98;40.2;28;2.4;1.9;8;0.2;0.07;0.05;0.07
23;100;0;100;0;18.47;2.99;8.55;5.65;5.66;0.336;86.1;16.97;10.37;3.9;0.69;2.17;5.02;175.7;130.8;30.5;4.3;10;4.37;0.68;0.26;0.35;0.32;0.31;0.068;13.9;4.35;1.99;1.48;0.22;0.82;3.52;28.4;17.9;1.8;1.6;7;0.18;0.04;0.04;0.06
23;100;0;100;50;19.27;3.52;9.91;5.78;5.77;0.325;85;17.87;10.75;4.21;0.74;2.35;5.9;174.1;126.6;31.1;4.7;11.8;4.14;0.96;0.27;0.39;0.49;0.45;0.07;15;6.13;2.8;1.95;0.35;1.17;4.02;30.6;18.3;1.9;2.3;8;0.25;0.05;0.06;0.08
23;100;0;100;100;20.17;3.84;11.17;6.29;6.22;0.322;83.6;19.41;11.61;4.64;0.8;2.48;6.55;171.2;120.9;32.3;5;13.1;3.96;1.54;0.32;0.41;0.59;0.55;0.073;16.4;7.35;3.33;2.42;0.41;1.36;4.62;33.5;19;2.5;2.7;9.2;0.3;0.08;0.07;0.1
23;100;50;0;0;18.29;3.16;8.91;7.77;7.71;0.344;79.5;22.57;13.88;5.15;0.87;2.83;5.25;176.5;129.7;30.6;5.7;10.5;5.97;0.93;0.35;0.47;0.16;0.15;0.062;20.5;1.75;0.82;0.57;0.09;0.33;3.66;45.5;35.7;1.8;0.7;7.3;0.06;0.05;0.02;0.02
23;100;50;0;50;18.88;3.54;9.46;8.03;8.02;0.339;78.4;23.79;14.62;5.5;0.89;3.14;5.58;174.4;125.5;31.5;6.3;11.2;5.78;1.37;0.38;0.49;0.19;0.19;0.074;21.6;2;0.96;0.62;0.1;0.39;3.88;47.9;36.7;2.6;0.8;7.8;0.06;0.08;0.02;0.03
23;100;50;0;100;19.45;3.53;10.07;8.47;8.46;0.34;77.5;25;15.22;5.87;0.98;3.18;5.83;171;120.4;32.6;6.4;11.7;5.55;2.02;0.36;0.53;0.22;0.21;0.082;22.5;2.02;0.96;0.65;0.11;0.35;4.25;49.6;37.9;2.5;0.7;8.5;0.06;0.1;0.02;0.03
23;100;50;50;0;18.86;3.49;10.03;7.7;7.69;0.338;82.1;22.92;13.87;5.41;0.98;2.92;5.97;176.7;128;30.9;5.8;11.9;5.86;0.99;0.35;0.49;0.26;0.24;0.071;17.9;3.07;1.45;0.96;0.17;0.57;4.05;38.4;27.3;1.9;1.1;8.1;0.12;0.05;0.03;0.04
23;100;50;50;50;19.53;3.9;10.86;8.01;8;0.334;81;24.07;14.61;5.55;0.97;3.14;6.48;174.4;123.3;31.9;6.3;13;5.66;1.44;0.4;0.5;0.34;0.32;0.074;19;4.08;1.87;1.32;0.21;0.75;4.38;40.9;28.1;2.5;1.5;8.8;0.16;0.07;0.04;0.05
23;100;50;50;100;20.37;4.12;11.86;8.55;8.52;0.34;81.2;25.2;15.36;5.75;1.03;3.15;7;187.1;117.2;49.6;6.3;14;5.4;2.23;0.37;0.53;0.41;0.41;0.077;18.8;5.12;2.3;1.68;0.27;0.96;4.86;43.1;29.1;2.4;1.9;9.7;0.2;0.09;0.05;0.07
23;100;50;100;0;19.31;3.8;10.76;7.79;7.74;0.337;85;23.1;14;5.39;0.98;2.96;6.31;175.4;125.4;31.4;5.9;12.6;5.76;1.11;0.37;0.48;0.35;0.32;0.07;15;4.38;2;1.4;0.27;0.84;4.45;30.8;18.5;1.7;1.7;8.9;0.18;0.05;0.04;0.06
23;100;50;100;50;20.37;4.35;12.16;8.13;8.13;0.336;84.9;24.32;14.8;5.62;0.98;3.19;7.2;189.8;120;49;6.4;14.4;5.52;1.71;0.39;0.51;0.5;0.48;0.073;15.1;6.32;2.84;2.01;0.38;1.17;4.96;33.8;19.1;2.5;2.3;9.9;0.26;0.07;0.06;0.09
23;100;50;100;100;21.37;4.76;13.37;8.55;8.54;0.336;83.8;25.59;15.55;6.01;0.98;3.28;7.83;187.2;114;50.9;6.6;15.7;5.26;2.34;0.4;0.54;0.59;0.57;0.074;16.2;7.5;3.44;2.39;0.41;1.48;5.54;36.1;19.8;2.3;3;11.1;0.3;0.09;0.08;0.1
23;100;100;0;0;19.09;3.77;10.51;8.92;8.96;0.337;79.9;26.75;16.25;6.18;1.08;3.44;6.27;190.8;123.8;47.6;6.9;12.5;6.56;1.42;0.42;0.57;0.18;0.17;0.071;20.1;1.91;0.83;0.62;0.12;0.34;4.24;48;37.1;1.7;0.7;8.5;0.06;0.07;0.02;0.02
23;100;100;0;50;19.56;3.84;11.01;9.45;9.49;0.343;78.8;27.79;16.99;6.49;1.11;3.48;6.49;187.9;119.2;48.8;7;13;6.32;2.17;0.42;0.59;0.23;0.21;0.081;21.2;2.05;0.96;0.66;0.11;0.37;4.52;50.4;38.2;2.5;0.7;9;0.06;0.1;0.02;0.03
23;100;100;0;100;20.2;4.06;11.45;10.03;10.02;0.344;78.1;29.24;17.92;6.71;1.16;3.7;6.83;185.3;113.6;50.6;7.4;13.7;6.04;2.91;0.45;0.61;0.22;0.23;0.09;21.9;2.06;0.97;0.61;0.14;0.36;4.62;51.7;39.4;2.3;0.7;9.2;0.06;0.12;0.02;0.02
23;100;100;50;0;20.04;4.07;11.53;8.96;8.95;0.334;82.4;26.91;16.4;6.21;1.1;3.46;6.84;191;121.4;49;6.9;13.7;6.37;1.62;0.41;0.55;0.29;0.26;0.074;17.6;3.27;1.5;1.06;0.18;0.61;4.68;40.8;28.4;1.8;1.2;9.4;0.12;0.07;0.03;0.04
23;100;100;50;50;20.55;4.47;12.65;9.28;9.53;0.338;81.1;28.35;17.13;6.67;1.14;3.63;7.54;188;115.7;49.9;7.3;15.1;6.15;2.33;0.44;0.61;0.36;0.36;0.078;18.9;4.3;1.96;1.41;0.24;0.84;5.11;43.8;29.4;2.5;1.7;10.2;0.17;0.09;0.05;0.06
23;100;100;50;100;21.41;4.71;13.33;9.95;10.03;0.343;80.3;29.35;17.9;6.78;1.13;3.71;8.02;185;109.6;52;7.4;16;5.75;3.2;0.45;0.63;0.46;0.46;0.082;19.7;5.42;2.42;1.79;0.3;1.01;5.31;45.4;30.4;2.4;2;10.6;0.21;0.13;0.05;0.07
23;100;100;100;0;20.49;4.44;12.41;9.09;8.95;0.33;85.2;27.32;16.6;6.4;1.07;3.56;7.33;189.9;118.4;49.6;7.1;14.7;6.25;1.71;0.42;0.57;0.38;0.36;0.074;14.8;4.61;2.12;1.49;0.25;0.88;5.08;32.8;19.3;1.6;1.8;10.2;0.18;0.06;0.05;0.06
23;100;100;100;50;21.56;5;14.13;9.29;9.44;0.333;83.7;28.51;17.19;6.69;1.17;3.69;8.35;187.5;112.4;51.1;7.4;16.7;5.95;2.45;0.43;0.61;0.56;0.51;0.075;16.3;6.68;3.06;2.13;0.39;1.3;5.79;36.5;20;2.3;2.6;11.6;0.27;0.09;0.06;0.09
23;100;100;100;100;22.29;5.28;14.89;10.02;10.04;0.34;82.8;29.65;18.06;6.87;1.17;3.75;8.79;184.1;106.2;52.9;7.5;17.6;5.61;3.35;0.45;0.62;0.7;0.63;0.077;17.2;7.91;3.69;2.49;0.43;1.53;6.1;38.2;20.7;2.2;3.1;12.2;0.32;0.13;0.07;0.11
24;0;0;0;0;17.48;1.67;4.75;2.62;2.6;0.267;88.1;9.81;5.55;2.53;0.44;1.37;2.84;305.3;266.1;30.9;2.7;5.7;1.54;0.67;0.17;0.23;0.13;0.13;0.057;11.9;1.67;0.73;0.55;0.09;0.3;1.9;41.2;35;1.7;0.6;3.8;0.06;0.03;0.01;0.02
24;0;0;0;50;17.64;1.92;5.23;2.85;2.87;0.266;87.7;10.82;6.15;2.8;0.45;1.6;3.08;301.7;261.3;31.1;3.2;6.2;1.51;0.9;0.2;0.25;0.17;0.14;0.062;12.3;1.74;0.81;0.56;0.09;0.31;2.15;42.2;35.5;1.7;0.6;4.3;0.06;0.04;0.02;0.03
24;0;0;0;100;18.05;2.05;5.89;3.27;3.32;0.272;87;12.32;6.9;3.19;0.57;1.69;3.58;296.7;254.5;31.7;3.4;7.2;1.51;1.31;0.21;0.29;0.17;0.17;0.07;13;1.88;0.89;0.58;0.09;0.36;2.31;44.1;36.3;2.5;0.7;4.6;0.06;0.06;0.02;0.02
24;0;0;50;0;17.82;1.91;5.68;2.66;2.63;0.266;89.9;9.97;5.65;2.56;0.47;1.36;3.34;304.2;263.8;30.9;2.7;6.7;1.54;0.69;0.17;0.24;0.23;0.22;0.066;10.1;3.01;1.33;1.01;0.15;0.55;2.34;34.1;26.4;1.8;1.1;4.7;0.12;0.04;0.03;0.04
24;0;0;50;50;18.32;2.42;6.74;2.9;2.96;0.262;89.3;11.35;6.4;2.97;0.48;1.66;4.03;299.2;256.5;31.3;3.3;8.1;1.52;0.96;0.2;0.27;0.32;0.3;0.07;10.7;4.02;1.85;1.28;0.22;0.76;2.71;35.7;27;1.7;1.5;5.4;0.16;0.04;0.04;0.05
24;0;0;50;100;19.15;2.69;7.93;3.41;3.44;0.273;88.2;12.73;7.17;3.29;0.56;1.71;4.72;292.2;247.1;32.2;3.4;9.4;1.46;1.48;0.21;0.29;0.39;0.38;0.072;11.8;5.07;2.32;1.65;0.25;0.98;3.2;38.8;27.8;2.6;2;6.4;0.2;0.07;0.05;0.06
24;0;0;100;0;18.26;2.2;6.48;2.74;2.72;0.267;92.1;10.29;5.84;2.63;0.47;1.44;3.9;304;262;31.3;2.9;7.8;1.59;0.71;0.17;0.24;0.33;0.3;0.068;7.9;4.22;1.91;1.35;0.25;0.75;2.57;26.1;17.7;1.7;1.5;5.1;0.17;0.03;0.04;0.06
24;0;0;100;50;19.29;2.85;8.06;3.02;2.98;0.258;91.1;11.61;6.57;2.97;0.52;1.63;4.82;297.1;252.1;32.1;3.3;9.6;1.5;1.01;0.2;0.27;0.45;0.43;0.069;8.9;6.07;2.86;1.91;0.33;1.21;3.24;28.9;18.3;1.8;2.4;6.5;0.25;0.05;0.06;0.08
24;0;0;100;100;20.1;3.3;9.37;3.57;3.57;0.267;90;13.4;7.64;3.39;0.6;1.89;5.54;289.5;241.4;33.2;3.8;11.1;1.43;1.58;0.23;0.32;0.58;0.53;0.072;10;7.21;3.27;2.33;0.4;1.41;3.83;31.9;18.9;2.5;2.8;7.7;0.29;0.07;0.08;0.1
24;0;50;0;0;18.06;2.06;5.61;3.02;2.93;0.25;87.3;11.75;6.54;3.06;0.5;1.69;3.36;297.8;256.1;31.6;3.4;6.7;1.49;0.96;0.2;0.28;0.15;0.15;0.063;12.7;1.78;0.82;0.57;0.1;0.37;2.25;43.2;36.1;1.8;0.7;4.5;0.06;0.05;0.02;0.02
24;0;50;0;50;18.69;2.28;6.44;3.44;3.51;0.262;86.6;13.46;7.49;3.58;0.6;1.91;3.82;291.1;247.2;32.4;3.8;7.6;1.45;1.51;0.23;0.32;0.17;0.17;0.069;13.4;1.89;0.91;0.59;0.09;0.37;2.62;44.8;37.1;1.8;0.7;5.2;0.06;0.06;0.02;0.02
24;0;50;0;100;19.2;2.52;6.87;4.07;4.07;0.272;85.8;15.02;8.55;3.81;0.66;2.13;4.07;284.5;238.8;33.3;4.3;8.1;1.41;2.05;0.27;0.35;0.22;0.2;0.08;14.2;2.05;0.97;0.65;0.12;0.4;2.8;47;38;2.6;0.8;5.6;0.06;0.09;0.02;0.03
24;0;50;50;0;18.51;2.37;6.66;3.02;2.97;0.246;89.2;12.17;6.82;3.21;0.51;1.78;3.96;295.7;252.2;32;3.6;7.9;1.45;1.01;0.21;0.3;0.25;0.23;0.067;10.8;3.02;1.43;0.96;0.16;0.59;2.71;35.6;27.4;1.6;1.2;5.4;0.12;0.04;0.03;0.04
24;0;50;50;50;19.44;2.74;7.91;3.66;3.61;0.26;88.3;13.97;7.86;3.67;0.57;1.92;4.73;288.7;242.5;32.9;3.8;9.5;1.47;1.58;0.24;0.32;0.33;0.32;0.072;11.7;4.18;1.93;1.35;0.22;0.82;3.18;37.9;28.2;1.7;1.6;6.4;0.16;0.06;0.04;0.05
24;0;50;50;100;20.35;3.08;8.96;4.22;4.28;0.274;87.9;15.67;8.94;3.94;0.67;2.16;5.31;297.7;231.2;51.6;4.3;10.6;1.35;2.31;0.26;0.35;0.37;0.4;0.076;12.1;5.02;2.23;1.59;0.3;0.92;3.65;40.7;29.1;2.4;1.8;7.3;0.2;0.09;0.05;0.07
24;0;50;100;0;19.13;2.76;7.65;3.15;3.11;0.246;91.2;12.7;7.1;3.35;0.56;1.9;4.55;292.8;247.4;32.5;3.8;9.1;1.42;1.16;0.23;0.31;0.34;0.33;0.069;8.8;4.49;2;1.49;0.23;0.87;3.1;28.2;18.5;1.7;1.7;6.2;0.18;0.04;0.04;0.06
24;0;50;100;50;20.28;3.26;9.36;3.66;3.73;0.262;90.8;14.3;8.01;3.77;0.61;2.03;5.65;303.1;237.5;50.3;4.1;11.3;1.41;1.75;0.24;0.33;0.47;0.46;0.07;9.2;6.33;2.9;1.97;0.38;1.23;3.72;30.7;19.1;1.7;2.5;7.4;0.26;0.06;0.06;0.07
24;0;50;100;100;20.84;3.8;10.51;4.47;4.38;0.273;89.8;16.12;9.35;4.08;0.7;2.33;6.28;294.7;226;51.5;4.7;12.6;1.33;2.38;0.29;0.37;0.62;0.57;0.073;10.2;7.63;3.51;2.4;0.44;1.48;4.24;33.3;19.7;2.2;3;8.5;0.31;0.08;0.08;0.1
24;0;100;0;0;19.09;2.46;6.9;3.53;3.53;0.242;86.9;14.59;8;3.9;0.67;2.12;4.11;303.5;241.4;49.6;4.2;8.2;1.43;1.49;0.25;0.36;0.18;0.16;0.066;13.1;1.84;0.84;0.61;0.11;0.34;2.79;45.7;37.7;1.7;0.7;5.6;0.06;0.05;0.02;0.02
24;0;100;0;50;19.45;2.72;7.37;4.14;4.26;0.265;86.2;16.12;9.13;4.07;0.7;2.37;4.36;296.1;231.8;50.8;4.7;8.7;1.32;2.27;0.3;0.37;0.19;0.19;0.075;13.8;1.97;0.89;0.65;0.1;0.35;3.02;47;38.8;1.6;0.7;6;0.07;0.08;0.02;0.02
24;0;100;0;100;20.02;2.84;8.13;4.98;4.99;0.279;85.3;17.96;10.32;4.58;0.78;2.46;4.88;288.7;221.8;52.2;4.9;9.8;1.25;3;0.31;0.43;0.22;0.22;0.085;14.7;2.11;0.98;0.66;0.11;0.38;3.25;49.4;39.8;2.3;0.8;6.5;0.07;0.11;0.02;0.03
24;0;100;50;0;19.47;2.75;7.96;3.66;3.71;0.251;88.8;14.81;8.21;4;0.63;2.15;4.72;301.3;237.7;49.9;4.3;9.4;1.36;1.74;0.26;0.35;0.27;0.25;0.07;11.2;3.31;1.48;1.1;0.2;0.6;3.23;37.9;28.6;1.7;1.2;6.5;0.13;0.05;0.03;0.04
24;0;100;50;50;20.37;3.1;9.09;4.33;4.39;0.263;87.9;16.77;9.24;4.44;0.78;2.31;5.4;293;225.8;51.9;4.6;10.8;1.31;2.41;0.29;0.39;0.39;0.34;0.075;12.1;4.29;1.93;1.4;0.24;0.8;3.69;40.1;29.6;1.5;1.6;7.4;0.17;0.07;0.04;0.06
24;0;100;50;100;21.43;3.59;10.18;5.36;5.31;0.284;86.7;18.77;10.79;4.74;0.82;2.58;6.08;283.8;212.7;53.8;5.2;12.2;1.23;3.33;0.33;0.42;0.48;0.44;0.078;13.3;5.42;2.49;1.73;0.27;1.02;4.1;43.1;30.6;2.3;2;8.2;0.22;0.1;0.05;0.07
24;0;100;100;0;20.2;3.11;9.01;3.83;3.85;0.248;90.9;15.59;8.61;4.14;0.71;2.25;5.38;299.2;232.9;51;4.5;10.8;1.34;1.86;0.28;0.37;0.35;0.35;0.071;9.1;4.68;2.07;1.54;0.25;0.86;3.63;29.9;19.3;1.6;1.7;7.3;0.19;0.05;0.05;0.06
24;0;100;100;50;21.39;3.79;10.67;4.56;4.5;0.259;89.7;17.41;9.89;4.51;0.75;2.54;6.28;289.4;218.8;52.9;5.1;12.6;1.24;2.54;0.32;0.4;0.53;0.5;0.074;10.3;6.68;3.01;2.19;0.41;1.25;4.39;33;20.1;1.6;2.5;8.8;0.27;0.08;0.06;0.09
24;0;100;100;100;22.11;4.1;12.17;5.43;5.47;0.283;88.7;19.39;11.13;4.97;0.85;2.63;7.34;281.5;207.5;54.1;5.3;14.7;1.24;3.44;0.32;0.46;0.61;0.61;0.074;11.3;8.03;3.6;2.67;0.41;1.48;4.83;35.5;20.7;2.1;3;9.7;0.33;0.1;0.07;0.1
24;50;0;0;0;17.75;2.08;5.86;4.46;4.33;0.321;85.2;13.65;8.2;3.21;0.54;1.75;3.55;241.7;200.3;30.9;3.5;7.1;3.12;0.69;0.21;0.31;0.12;0.13;0.056;14.8;1.7;0.76;0.56;0.1;0.34;2.31;42.1;34.9;1.8;0.7;4.6;0.06;0.03;0.02;0.02
24;50;0;0;50;17.71;2.11;6.16;4.63;4.48;0.319;84.8;14.15;8.54;3.35;0.57;1.77;3.62;239.4;197.9;30.8;3.5;7.2;3.07;0.89;0.22;0.3;0.17;0.15;0.062;15.2;1.83;0.85;0.58;0.1;0.34;2.54;42.8;35.3;1.7;0.7;5.1;0.06;0.05;0.02;0.02
24;50;0;0;100;18.31;2.37;6.69;4.87;4.83;0.314;84;15.51;9.25;3.7;0.65;2.03;3.99;235.9;192.2;31.7;4.1;8;2.93;1.32;0.25;0.34;0.16;0.17;0.072;16;1.84;0.83;0.58;0.12;0.34;2.69;44.8;36.1;2.6;0.7;5.4;0.06;0.07;0.02;0.02
24;50;0;50;0;17.78;2.32;6.44;4.33;4.26;0.322;87.5;13.34;8.05;3.08;0.53;1.75;3.87;241.9;200.3;30.4;3.5;7.7;3.09;0.67;0.22;0.28;0.23;0.23;0.066;12.5;3.01;1.39;0.97;0.15;0.57;2.57;34.3;26.2;1.9;1.1;5.1;0.12;0.04;0.03;0.04
24;50;0;50;50;18.58;2.65;7.66;4.45;4.5;0.311;86.8;14.61;8.6;3.58;0.59;1.88;4.6;238.4;194;31.4;3.8;9.2;2.97;0.96;0.23;0.34;0.29;0.3;0.069;13.2;3.96;1.8;1.28;0.21;0.77;3.06;36.2;26.9;1.7;1.5;6.1;0.15;0.05;0.04;0.06
24;50;0;50;100;19.23;3.03;8.54;4.99;4.91;0.314;85.8;15.77;9.39;3.74;0.69;2.07;5.13;234.9;188.4;32.1;4.1;10.3;2.85;1.46;0.25;0.34;0.4;0.38;0.073;14.2;4.89;2.27;1.58;0.25;0.96;3.4;38.9;27.5;2.6;1.9;6.8;0.19;0.07;0.05;0.06
24;50;0;100;0;18.27;2.56;7.28;4.24;4.22;0.318;89.9;13.39;7.99;3.21;0.53;1.73;4.34;241;197.8;31;3.5;8.7;3.02;0.69;0.21;0.3;0.3;0.3;0.068;10.1;4.2;1.93;1.37;0.24;0.83;2.95;26.9;17.6;1.7;1.7;5.9;0.17;0.03;0.05;0.05
24;50;0;100;50;19.21;3.27;9.05;4.55;4.56;0.307;88.9;14.96;8.83;3.66;0.58;2.05;5.37;237.4;191;31.6;4.1;10.7;2.98;1.01;0.25;0.33;0.46;0.45;0.069;11.1;6.22;2.83;2.03;0.34;1.22;3.67;29.6;18.1;1.7;2.4;7.3;0.26;0.05;0.06;0.08
24;50;0;100;100;20.04;3.58;10.29;5.05;5;0.308;87.8;16.33;9.68;3.93;0.7;2.21;6.16;232.9;183.7;32.4;4.4;12.3;2.81;1.56;0.27;0.36;0.55;0.55;0.072;12.2;7.48;3.38;2.41;0.45;1.37;4.13;32.2;18.7;2.6;2.7;8.3;0.31;0.07;0.07;0.1
24;50;50;0;0;18.12;2.52;7.11;5.52;5.47;0.324;84.5;17.05;10.21;4;0.65;2.19;4.2;239.2;195.4;31.1;4.4;8.4;3.9;0.94;0.26;0.37;0.14;0.15;0.062;15.5;1.77;0.8;0.58;0.09;0.33;2.9;43.9;35.6;1.8;0.7;5.8;0.06;0.05;0.02;0.03
24;50;50;0;50;18.8;2.79;7.8;5.91;5.9;0.321;83.8;18.48;11.07;4.39;0.79;2.44;4.63;234.8;188.4;32.3;4.9;9.3;3.71;1.48;0.3;0.41;0.17;0.17;0.07;16.2;1.87;0.86;0.61;0.1;0.35;3.17;45.4;36.7;1.7;0.7;6.3;0.06;0.06;0.02;0.03
24;50;50;0;100;19.07;3;8.31;6.26;6.39;0.323;82.9;19.9;11.89;4.75;0.84;2.63;5;230.1;182.1;32.7;5.3;10;3.59;2.03;0.32;0.44;0.23;0.19;0.077;17.1;1.97;0.97;0.58;0.12;0.36;3.31;47.3;37.6;2.4;0.7;6.6;0.06;0.09;0.02;0.02
24;50;50;50;0;18.8;2.85;8.12;5.57;5.45;0.316;86.6;17.41;10.49;4.11;0.74;2.26;4.84;237.9;191.8;31.9;4.5;9.7;3.79;1.01;0.27;0.38;0.23;0.23;0.068;13.4;3.05;1.39;0.98;0.17;0.59;3.27;36.6;27.1;1.7;1.2;6.5;0.12;0.04;0.03;0.04
24;50;50;50;50;19.57;3.28;9.28;5.85;5.95;0.316;85.7;18.91;11.24;4.57;0.73;2.53;5.48;232.9;184.2;32.7;5.1;11;3.65;1.57;0.31;0.41;0.33;0.32;0.072;14.3;4.11;1.89;1.34;0.22;0.75;3.8;38.8;27.9;1.7;1.5;7.6;0.16;0.07;0.04;0.05
24;50;50;50;100;20.2;3.74;10.37;6.59;6.58;0.323;85.5;20.47;12.28;4.89;0.81;2.68;6.25;244.8;176.9;50;5.4;12.5;3.54;2.27;0.32;0.45;0.44;0.42;0.077;14.5;5.29;2.49;1.66;0.28;1.06;4.12;41.5;28.7;2.4;2.1;8.2;0.21;0.09;0.06;0.07
24;50;50;100;0;19.29;3.28;9.18;5.51;5.55;0.314;88.9;17.8;10.62;4.33;0.71;2.4;5.43;236.3;188.6;32;4.8;10.9;3.73;1.15;0.29;0.39;0.34;0.33;0.069;11.1;4.5;2.1;1.41;0.24;0.88;3.75;29.3;18.3;1.7;1.8;7.5;0.18;0.05;0.04;0.06
24;50;50;100;50;20.31;3.71;10.65;6.11;6.09;0.317;88.6;19.33;11.59;4.61;0.77;2.54;6.32;247.5;180;49.8;5.1;12.6;3.62;1.75;0.3;0.42;0.5;0.46;0.07;11.4;6.29;2.81;2.02;0.38;1.18;4.33;31.6;18.9;1.6;2.4;8.7;0.26;0.06;0.06;0.08
24;50;50;100;100;21.01;4.11;11.79;6.53;6.51;0.317;87.6;20.63;12.27;4.99;0.85;2.67;7.01;242.4;171.8;51.2;5.3;14;3.34;2.38;0.33;0.45;0.63;0.58;0.073;12.4;7.62;3.45;2.46;0.44;1.44;4.78;34.2;19.5;2.3;2.9;9.6;0.31;0.09;0.08;0.1
24;50;100;0;0;19.15;3.13;8.73;7;6.83;0.32;84.3;21.49;12.89;5.12;0.92;2.79;5.21;250.2;185.2;49;5.6;10.4;4.54;1.46;0.35;0.47;0.14;0.17;0.071;15.7;1.85;0.82;0.61;0.1;0.34;3.52;46.5;37.1;1.7;0.7;7;0.06;0.06;0.02;0.02
24;50;100;0;50;19.53;3.34;9.3;7.48;7.47;0.33;83.4;22.74;13.68;5.38;0.92;2.95;5.54;246;179.2;49.8;5.9;11.1;4.4;2.22;0.36;0.48;0.18;0.2;0.084;16.6;2.01;0.96;0.65;0.09;0.38;3.75;48.7;38;2.5;0.8;7.5;0.06;0.09;0.02;0.03
24;50;100;0;100;20.28;3.53;9.8;8.15;8.06;0.333;82.5;24.32;14.74;5.66;1.01;3.1;5.84;239.8;170.5;51.4;6.2;11.7;4.2;2.96;0.38;0.52;0.23;0.25;0.095;17.5;2.21;1.06;0.69;0.11;0.42;3.96;50.5;39.2;2.5;0.8;7.9;0.07;0.13;0.02;0.03
24;50;100;50;0;19.56;3.47;9.6;6.96;6.98;0.324;86.5;21.66;13.01;5.15;0.87;2.89;5.72;248.6;182.4;49;5.8;11.4;4.44;1.71;0.37;0.46;0.29;0.26;0.073;13.5;3.26;1.47;1.05;0.18;0.58;3.88;38.8;28.1;1.7;1.2;7.8;0.12;0.06;0.03;0.05
24;50;100;50;50;20.59;3.89;10.7;7.48;7.46;0.323;85.2;23.22;13.98;5.46;0.93;3.05;6.28;242.9;172.8;51.4;6.1;12.6;4.21;2.39;0.37;0.49;0.36;0.34;0.077;14.8;4.21;1.97;1.3;0.24;0.84;4.42;42;29.2;2.3;1.7;8.8;0.16;0.08;0.04;0.05
24;50;100;50;100;21.21;4.18;11.93;8.21;8.13;0.333;84.3;24.53;14.95;5.7;1.01;3.11;7.08;237.3;164.6;52.4;6.2;14.2;4;3.24;0.37;0.53;0.48;0.45;0.08;15.7;5.46;2.54;1.75;0.3;1.07;4.85;44.1;30.1;2.2;2.1;9.7;0.22;0.11;0.06;0.07
24;50;100;100;0;20.25;3.8;10.78;7.08;7;0.318;88.7;22.18;13.36;5.29;0.88;2.9;6.44;246.7;177.9;50.1;5.8;12.9;4.33;1.83;0.36;0.49;0.37;0.35;0.072;11.3;4.71;2.17;1.5;0.25;0.91;4.34;31.2;19.1;1.6;1.8;8.7;0.19;0.06;0.05;0.06
24;50;100;100;50;21.32;4.33;12.17;7.55;7.43;0.318;87.5;23.44;14.06;5.51;0.96;3.08;7.28;241.3;168.7;51.9;6.2;14.6;4.07;2.48;0.38;0.5;0.54;0.49;0.073;12.5;6.56;3;2.1;0.35;1.25;4.89;34.3;19.8;2.3;2.5;9.8;0.27;0.08;0.06;0.08
24;50;100;100;100;22.33;4.75;13.48;8.27;8.25;0.329;86.6;25.2;15.2;5.95;1.05;3.25;8.05;236.2;159.7;53.9;6.5;16.1;3.9;3.41;0.4;0.54;0.66;0.63;0.077;13.4;7.88;3.54;2.61;0.43;1.5;5.43;36.5;20.4;2.2;3;10.9;0.32;0.12;0.08;0.1
24;100;0;0;0;17.79;2.44;6.81;5.97;5.91;0.351;80.7;16.98;10.51;3.85;0.67;2.09;4.14;178.2;135.2;30.5;4.2;8.3;4.61;0.69;0.26;0.36;0.15;0.13;0.056;19.3;1.61;0.79;0.49;0.09;0.35;2.67;42.5;34.6;1.8;0.7;5.3;0.06;0.03;0.02;0.02
24;100;0;0;50;17.91;2.5;7.23;6.09;6.06;0.347;80.2;17.59;10.79;4.09;0.66;2.16;4.29;176.8;133.2;30.7;4.3;8.6;4.53;0.89;0.27;0.38;0.16;0.16;0.068;19.8;1.86;0.83;0.6;0.09;0.34;2.94;43.5;35;1.9;0.7;5.9;0.06;0.06;0.01;0.03
24;100;0;0;100;18.26;2.79;7.72;6.38;6.43;0.343;79.3;18.83;11.54;4.35;0.75;2.42;4.56;174.7;129.6;31.1;4.8;9.1;4.44;1.29;0.3;0.4;0.18;0.18;0.07;20.7;1.96;0.91;0.61;0.09;0.37;3.17;45.5;35.8;2.6;0.7;6.3;0.06;0.07;0.02;0.02
24;100;0;50;0;17.95;2.58;7.34;5.96;5.89;0.356;83.6;16.64;10.28;3.73;0.68;2.04;4.36;178.2;135.1;30.3;4.1;8.7;4.66;0.65;0.25;0.34;0.2;0.21;0.065;16.4;2.88;1.3;0.95;0.16;0.54;2.98;34.9;25.9;1.9;1.1;6;0.11;0.04;0.03;0.04
24;100;0;50;50;18.74;2.88;8.4;6.04;6;0.342;82.7;17.66;10.76;4.07;0.7;2.15;4.98;176.5;131.1;31.1;4.3;10;4.42;0.94;0.28;0.37;0.31;0.29;0.07;17.3;3.91;1.81;1.23;0.21;0.73;3.42;36.8;26.6;1.9;1.5;6.8;0.15;0.06;0.03;0.05
24;100;0;50;100;19.3;3.49;9.58;6.5;6.5;0.342;81.4;19.16;11.75;4.43;0.72;2.47;5.65;174.6;126.5;31.8;4.9;11.3;4.34;1.45;0.3;0.41;0.43;0.4;0.075;18.6;5.04;2.35;1.57;0.28;1.02;3.92;39.9;27.3;2.7;2;7.8;0.19;0.08;0.05;0.07
24;100;0;100;0;18.43;2.92;8.27;5.92;5.86;0.351;86.5;16.84;10.32;3.87;0.67;2.1;4.89;177.8;133.1;30.7;4.2;9.8;4.57;0.69;0.25;0.35;0.28;0.31;0.068;13.5;4.23;1.91;1.42;0.27;0.82;3.38;27.6;17.5;1.7;1.6;6.8;0.17;0.03;0.05;0.06
24;100;0;100;50;19.36;3.46;9.93;6.17;6.1;0.335;85.4;18.33;11.23;4.25;0.71;2.32;5.95;176.4;128.1;31.8;4.6;11.9;4.39;1.02;0.3;0.4;0.46;0.44;0.07;14.6;6.04;2.7;2;0.32;1.14;3.98;30;18.1;1.7;2.3;8;0.25;0.05;0.06;0.08
24;100;0;100;100;20.17;3.98;11.07;6.44;6.54;0.336;84.1;19.59;11.82;4.56;0.75;2.62;6.57;173.8;123.1;32.3;5.2;13.1;4.26;1.55;0.32;0.41;0.58;0.54;0.072;15.9;7.33;3.28;2.43;0.41;1.37;4.5;32.9;18.6;2.5;2.7;9;0.3;0.07;0.07;0.09
24;100;50;0;0;18.26;3.15;8.6;8.28;8.12;0.362;80;22.58;14.19;5.03;0.84;2.79;5.12;179;132.5;30.7;5.6;10.2;6.39;0.92;0.36;0.45;0.16;0.15;0.065;20;1.81;0.85;0.57;0.11;0.36;3.48;44.6;35.1;1.8;0.7;7;0.06;0.05;0.02;0.02
24;100;50;0;50;18.74;3.32;9.25;8.31;8.38;0.356;78.9;23.64;14.59;5.37;0.89;2.94;5.47;176.2;127.8;31.6;5.9;10.9;6.08;1.46;0.36;0.49;0.2;0.18;0.072;21.1;1.96;0.94;0.59;0.1;0.38;3.78;47;36.2;2.5;0.8;7.6;0.06;0.07;0.02;0.02
24;100;50;0;100;19.28;3.52;9.74;8.85;8.86;0.356;78.3;25.03;15.47;5.72;0.85;3.15;5.86;174.2;123.7;32.4;6.3;11.7;5.96;2;0.38;0.52;0.2;0.21;0.081;21.7;2.08;0.96;0.67;0.12;0.37;3.88;48.1;37.1;2.5;0.7;7.8;0.06;0.09;0.02;0.02
24;100;50;50;0;18.73;3.39;9.55;8.21;8.07;0.357;82.7;22.75;14.2;5.08;0.83;2.81;5.71;178.9;130.8;31.1;5.6;11.4;6.31;0.98;0.33;0.45;0.25;0.23;0.066;17.3;3.04;1.44;0.95;0.16;0.58;3.84;37.2;26.7;1.7;1.2;7.7;0.12;0.05;0.03;0.04
24;100;50;50;50;19.63;3.81;10.67;8.45;8.42;0.353;81.4;24;14.91;5.36;0.98;3.03;6.37;176.7;125.7;32.2;6.1;12.7;6.03;1.54;0.37;0.49;0.35;0.32;0.074;18.6;4.08;1.91;1.3;0.23;0.77;4.29;40.3;27.5;2.7;1.5;8.6;0.16;0.08;0.04;0.05
24;100;50;50;100;20.33;4.23;11.6;8.99;8.97;0.355;81.9;25.41;15.76;5.72;0.96;3.24;6.97;190.2;120.1;49.7;6.5;13.9;5.83;2.23;0.39;0.51;0.42;0.41;0.077;18.1;5.12;2.39;1.58;0.28;0.99;4.63;41.9;28.4;2.3;2;9.3;0.2;0.09;0.06;0.06
24;100;50;100;0;19.42;3.83;10.39;8.26;8.13;0.353;85.6;23.23;14.45;5.25;0.88;2.98;6.18;177.9;127.8;31.8;6;12.4;6.15;1.13;0.37;0.48;0.32;0.32;0.069;14.4;4.36;1.99;1.41;0.26;0.84;4.21;29.9;18.1;1.7;1.7;8.4;0.17;0.05;0.04;0.06
24;100;50;100;50;20.31;4.23;12.04;8.35;8.44;0.351;85.2;24.16;14.81;5.53;0.93;3.01;7.22;192.1;122.7;49;6;14.4;5.87;1.71;0.37;0.5;0.46;0.46;0.071;14.8;6.26;2.83;2.08;0.34;1.22;4.82;33.2;18.6;2.5;2.4;9.6;0.26;0.07;0.06;0.07
24;100;50;100;100;21.02;4.59;13.27;8.97;8.86;0.35;84.3;25.43;15.66;5.86;1.03;3.1;7.9;189.6;117.3;50.2;6.2;15.8;5.63;2.31;0.38;0.53;0.62;0.57;0.073;15.7;7.56;3.54;2.44;0.36;1.49;5.37;35.3;19.2;2.3;3;10.7;0.31;0.09;0.07;0.1
24;100;100;0;0;19.23;3.69;10.2;9.5;9.33;0.352;80.3;26.7;16.53;6.02;1.07;3.34;6.12;193.1;125.8;48.4;6.7;12.2;6.92;1.44;0.41;0.56;0.17;0.17;0.07;19.7;1.85;0.87;0.59;0.09;0.35;4.08;47.1;36.6;1.7;0.7;8.2;0.06;0.06;0.02;0.02
24;100;100;0;50;19.72;3.67;10.74;9.87;9.8;0.356;79.2;27.7;17.11;6.4;1.03;3.32;6.36;189.7;120.9;49.5;6.6;12.7;6.6;2.22;0.41;0.58;0.23;0.21;0.083;20.8;2.08;0.98;0.66;0.11;0.35;4.39;49.7;37.7;2.5;0.7;8.8;0.07;0.1;0.02;0.03
24;100;100;0;100;20.64;4.01;11.29;10.43;10.37;0.355;78.4;29.34;18.17;6.62;1.11;3.6;6.67;187;114.7;51.8;7.2;13.3;6.31;3.01;0.45;0.6;0.24;0.24;0.095;21.6;2.15;1.01;0.7;0.1;0.41;4.61;51.5;39;2.5;0.8;9.2;0.06;0.13;0.02;0.03
24;100;100;50;0;19.67;3.92;11.14;9.4;9.42;0.355;82.8;26.73;16.55;6.04;1.05;3.3;6.57;191.8;123.8;48.3;6.6;13.1;6.78;1.69;0.41;0.54;0.27;0.26;0.073;17.2;3.27;1.5;1.05;0.18;0.62;4.58;39.8;27.8;1.6;1.2;9.2;0.13;0.06;0.04;0.04
24;100;100;50;50;20.53;4.34;12.17;9.8;9.81;0.353;81.6;27.94;17.25;6.38;1.1;3.57;7.21;190.3;118.8;50;7.1;14.4;6.51;2.29;0.44;0.57;0.37;0.36;0.08;18.4;4.32;1.97;1.39;0.25;0.77;4.95;42.7;28.6;2.7;1.5;9.9;0.16;0.1;0.04;0.06
24;100;100;50;100;21.29;4.54;13.1;10.47;10.41;0.357;80.8;29.31;18.09;6.72;1.1;3.57;7.89;187.3;112.3;52.1;7.1;15.8;6.16;3.19;0.44;0.61;0.45;0.44;0.081;19.2;5.25;2.46;1.65;0.29;0.97;5.21;44.3;29.7;2.3;1.9;10.4;0.2;0.12;0.05;0.07
24;100;100;100;0;20.32;4.31;12.21;9.44;9.45;0.349;85.7;27.22;16.75;6.27;1.03;3.38;7.32;192.2;121.4;49.4;6.8;14.6;6.68;1.79;0.4;0.58;0.37;0.37;0.074;14.3;4.71;2.15;1.53;0.27;0.93;4.89;32.1;18.8;1.6;1.9;9.8;0.19;0.06;0.05;0.07
24;100;100;100;50;21.45;4.84;13.59;9.9;9.76;0.347;84.2;28.28;17.42;6.36;1.07;3.52;8.11;188.9;114.4;51.2;7;16.2;6.3;2.45;0.44;0.58;0.52;0.51;0.074;15.8;6.69;3.1;2.13;0.38;1.32;5.48;35.4;19.5;2.3;2.6;11;0.27;0.09;0.07;0.08
24;100;100;100;100;22.25;5.29;14.76;10.39;10.36;0.352;83.2;29.58;18.32;6.71;1.11;3.76;8.8;185.7;107.7;52.8;7.5;17.6;5.93;3.38;0.45;0.61;0.69;0.62;0.076;16.8;8;3.69;2.6;0.42;1.52;5.96;37.4;20.3;2.1;3;11.9;0.33;0.11;0.08;0.1
25;0;0;0;0;17.5;1.67;4.94;2.79;2.78;0.277;88.2;10.07;5.76;2.58;0.42;1.36;2.93;310.8;271.3;30.9;2.7;5.9;1.7;0.69;0.16;0.24;0.11;0.13;0.056;11.8;1.68;0.76;0.54;0.09;0.31;2;41.5;35.1;1.7;0.6;4;0.06;0.03;0.01;0.02
25;0;0;0;50;17.75;1.86;5.21;3.05;2.98;0.275;87.8;10.9;6.32;2.67;0.48;1.5;3.11;306.9;266.5;31.1;3;6.2;1.63;0.91;0.19;0.25;0.14;0.14;0.061;12.2;1.78;0.84;0.56;0.09;0.36;2.1;42.4;35.6;1.8;0.7;4.2;0.06;0.05;0.01;0.02
25;0;0;0;100;18.05;2.04;5.79;3.33;3.35;0.279;87.2;12.1;6.9;3.08;0.54;1.67;3.47;302.2;260.3;31.6;3.3;6.9;1.56;1.3;0.21;0.28;0.18;0.18;0.071;12.8;1.99;0.91;0.64;0.11;0.38;2.31;44.2;36.3;2.5;0.8;4.6;0.06;0.07;0.02;0.03
25;0;0;50;0;17.8;2.03;5.59;2.64;2.72;0.274;90.1;9.95;5.7;2.52;0.45;1.41;3.34;310.3;269.9;30.9;2.8;6.7;1.62;0.68;0.17;0.24;0.23;0.22;0.066;9.9;3;1.41;0.95;0.15;0.62;2.25;34;26.4;1.8;1.2;4.5;0.12;0.03;0.03;0.04
25;0;0;50;50;18.59;2.36;6.67;3.05;2.99;0.27;89.5;11.17;6.36;2.81;0.54;1.59;3.99;305.1;262.3;31.6;3.2;8;1.58;0.96;0.19;0.26;0.28;0.3;0.07;10.5;3.98;1.82;1.29;0.22;0.77;2.68;35.8;27.1;1.8;1.5;5.4;0.16;0.05;0.04;0.05
25;0;0;50;100;19.14;2.77;7.68;3.47;3.49;0.276;88.6;12.71;7.28;3.27;0.54;1.8;4.68;298.4;252.9;32.5;3.6;9.4;1.48;1.48;0.23;0.3;0.34;0.37;0.072;11.4;4.83;2.28;1.53;0.26;0.97;2.99;38.2;27.8;2.5;1.9;6;0.19;0.07;0.05;0.06
25;0;0;100;0;18.25;2.18;6.4;2.7;2.68;0.269;92.1;10.05;5.68;2.65;0.44;1.36;3.84;309.1;267.4;31.3;2.7;7.7;1.56;0.71;0.17;0.24;0.3;0.3;0.067;7.9;4.24;1.91;1.37;0.25;0.82;2.56;26.3;17.8;1.8;1.6;5.1;0.17;0.03;0.04;0.06
25;0;0;100;50;19.11;2.85;8;3.1;3.03;0.266;91.3;11.49;6.57;2.93;0.53;1.66;4.8;302.9;258.2;31.9;3.3;9.6;1.55;1;0.21;0.27;0.39;0.44;0.069;8.7;6.18;2.79;2;0.34;1.2;3.2;28.8;18.3;1.7;2.4;6.4;0.26;0.04;0.06;0.08
25;0;0;100;100;19.97;3.26;9.52;3.6;3.61;0.276;90.2;13.2;7.52;3.46;0.56;1.86;5.63;294.9;247.2;32.7;3.7;11.3;1.52;1.55;0.23;0.31;0.52;0.54;0.071;9.8;7.42;3.33;2.42;0.44;1.4;3.89;31.8;18.8;2.4;2.8;7.8;0.31;0.06;0.07;0.1
25;0;50;0;0;18.04;2.01;5.54;3.1;3.03;0.26;87.6;11.75;6.67;3.01;0.5;1.7;3.32;303.7;262;31.7;3.4;6.6;1.6;0.95;0.21;0.28;0.14;0.14;0.063;12.4;1.74;0.74;0.57;0.1;0.32;2.22;42.9;36.1;1.8;0.6;4.4;0.06;0.05;0.02;0.02
25;0;50;0;50;18.41;2.37;6.31;3.51;3.63;0.272;87;13.45;7.71;3.43;0.59;2.04;3.82;298.3;254.4;32.2;4.1;7.6;1.59;1.49;0.24;0.31;0.16;0.16;0.066;13;1.84;0.84;0.59;0.09;0.32;2.49;44.2;36.9;1.7;0.6;5;0.06;0.06;0.02;0.02
25;0;50;0;100;19.03;2.48;6.91;4.01;4.1;0.276;86;14.94;8.51;3.81;0.67;2.11;4.15;289.5;243.8;33.3;4.2;8.3;1.43;2.06;0.25;0.35;0.18;0.19;0.078;14;2;0.9;0.64;0.11;0.37;2.76;46.7;38.1;2.4;0.7;5.5;0.06;0.09;0.02;0.03
25;0;50;50;0;18.6;2.38;6.6;3.15;3.08;0.254;89.4;12.22;6.93;3.14;0.58;1.8;3.93;301.3;257.7;32.1;3.6;7.9;1.55;1.02;0.22;0.28;0.22;0.22;0.066;10.6;2.97;1.34;0.96;0.17;0.58;2.67;35.6;27.4;1.7;1.2;5.3;0.12;0.04;0.03;0.03
25;0;50;50;50;19.41;2.81;7.92;3.75;3.72;0.266;88.5;14.07;8;3.6;0.65;2;4.79;294.1;247.6;33;4;9.6;1.54;1.59;0.25;0.34;0.32;0.32;0.073;11.5;4.19;1.91;1.4;0.22;0.81;3.13;37.8;28.2;1.7;1.6;6.3;0.16;0.06;0.04;0.05
25;0;50;50;100;20.35;3.17;9.03;4.33;4.35;0.28;88.1;15.64;8.99;3.98;0.71;2.16;5.42;303;236.6;51.2;4.3;10.8;1.42;2.3;0.27;0.36;0.38;0.41;0.075;11.9;5.16;2.33;1.68;0.28;1.01;3.61;40.8;29.1;2.4;2;7.2;0.2;0.09;0.05;0.06
25;0;50;100;0;19.16;2.58;7.62;3.17;3.09;0.251;91.3;12.35;6.95;3.18;0.58;1.71;4.54;298.3;253.5;32.4;3.4;9.1;1.44;1.14;0.21;0.3;0.31;0.33;0.069;8.7;4.55;2.07;1.49;0.24;0.88;3.08;28.2;18.5;1.8;1.8;6.2;0.19;0.04;0.04;0.06
25;0;50;100;50;20.13;3.3;9.15;3.73;3.74;0.268;90.9;14.07;8.04;3.5;0.63;2.05;5.43;307;242.1;49.9;4.1;10.9;1.45;1.72;0.25;0.32;0.45;0.46;0.07;9.1;6.43;2.88;2.11;0.35;1.24;3.72;30.7;19.1;1.7;2.5;7.4;0.27;0.06;0.06;0.08
25;0;50;100;100;21;3.63;10.56;4.46;4.45;0.277;89.9;16.14;9.18;4.18;0.7;2.22;6.28;299.1;230.2;52;4.4;12.6;1.41;2.4;0.27;0.38;0.55;0.57;0.073;10.1;7.59;3.37;2.53;0.39;1.41;4.28;33.3;19.7;2.2;2.8;8.6;0.31;0.07;0.08;0.1
25;0;100;0;0;18.97;2.44;6.93;3.52;3.66;0.254;87.2;14.47;8.03;3.81;0.67;2.1;4.17;309.8;247.6;49.7;4.2;8.3;1.49;1.57;0.25;0.35;0.15;0.16;0.067;12.8;1.83;0.83;0.57;0.11;0.34;2.76;45.5;37.6;1.6;0.7;5.5;0.06;0.05;0.02;0.02
25;0;100;0;50;19.48;2.66;7.45;4.38;4.41;0.273;86.5;16.22;9.16;4.23;0.7;2.28;4.48;301.8;237.5;50.8;4.6;9;1.48;2.26;0.28;0.39;0.19;0.2;0.076;13.5;2.05;0.97;0.63;0.11;0.38;2.97;47;38.7;1.6;0.8;5.9;0.07;0.08;0.02;0.03
25;0;100;0;100;20.18;2.92;8.09;5.06;5.12;0.284;85.5;18.07;10.47;4.46;0.81;2.5;4.83;293.5;226.3;52.6;5;9.7;1.36;3.02;0.31;0.42;0.21;0.23;0.088;14.5;2.21;1.02;0.71;0.12;0.42;3.26;49.6;39.9;2.3;0.8;6.5;0.07;0.11;0.02;0.03
25;0;100;50;0;19.22;2.73;7.64;3.85;3.85;0.26;89.1;14.88;8.26;3.9;0.65;2.1;4.61;306.4;243.5;49.5;4.2;9.2;1.5;1.72;0.26;0.36;0.22;0.25;0.069;10.9;3.26;1.46;1.03;0.18;0.63;3.03;37.5;28.6;1.6;1.3;6.1;0.13;0.05;0.03;0.04
25;0;100;50;50;20.64;3.29;9.09;4.43;4.48;0.267;88;16.88;9.65;4.26;0.75;2.41;5.38;297.7;229.8;52.3;4.8;10.8;1.37;2.43;0.3;0.4;0.33;0.35;0.076;12;4.34;2.04;1.34;0.25;0.87;3.71;40.4;29.7;1.6;1.7;7.4;0.17;0.08;0.04;0.06
25;0;100;50;100;21.21;3.61;10.07;5.36;5.34;0.289;86.9;18.57;10.76;4.6;0.75;2.55;5.95;289;218.6;53.3;5.1;11.9;1.32;3.29;0.32;0.41;0.44;0.45;0.079;13.1;5.48;2.5;1.75;0.29;1.06;4.12;43.1;30.5;2.2;2.1;8.2;0.22;0.11;0.05;0.07
25;0;100;100;0;20.12;3.06;8.89;3.99;3.92;0.253;91.1;15.52;8.67;4.1;0.7;2.21;5.43;304.1;238;50.8;4.4;10.9;1.43;1.84;0.27;0.38;0.35;0.35;0.07;8.9;4.75;2.08;1.56;0.27;0.85;3.47;29.6;19.3;1.6;1.7;6.9;0.19;0.05;0.05;0.06
25;0;100;100;50;21.13;3.74;10.77;4.59;4.55;0.264;89.8;17.27;9.82;4.47;0.73;2.42;6.38;293.5;223.7;52.2;4.8;12.8;1.34;2.51;0.3;0.41;0.47;0.52;0.073;10.2;6.92;3.1;2.25;0.41;1.32;4.4;33;20.1;1.4;2.6;8.8;0.29;0.07;0.07;0.1
25;0;100;100;100;22.36;4.15;11.9;5.67;5.5;0.284;88.8;19.4;11.22;4.84;0.86;2.6;7.18;284.7;210.3;54.8;5.2;14.4;1.23;3.5;0.32;0.45;0.57;0.62;0.076;11.2;8.02;3.65;2.57;0.46;1.55;4.73;35.6;20.8;2.2;3.1;9.5;0.33;0.11;0.08;0.1
25;50;0;0;0;17.64;2.09;5.62;4.55;4.52;0.339;85.4;13.47;8.25;3.05;0.53;1.78;3.34;246.1;205.1;30.8;3.6;6.7;3.34;0.67;0.22;0.28;0.11;0.12;0.055;14.6;1.61;0.73;0.51;0.09;0.31;2.28;41.9;34.9;1.8;0.6;4.6;0.06;0.03;0.01;0.02
25;50;0;0;50;17.71;2.12;5.97;4.64;4.54;0.33;85.2;13.87;8.39;3.24;0.55;1.77;3.65;244.3;202.6;30.8;3.5;7.3;3.14;0.88;0.22;0.3;0.14;0.16;0.064;14.8;1.86;0.84;0.61;0.11;0.35;2.33;42.4;35.2;1.9;0.7;4.7;0.06;0.05;0.02;0.03
25;50;0;0;100;18.35;2.48;6.73;5;5.05;0.325;84.2;15.62;9.47;3.66;0.64;2.1;4.01;240;196;31.7;4.2;8;3.13;1.32;0.26;0.34;0.16;0.18;0.07;15.8;1.98;0.89;0.64;0.11;0.38;2.72;45;36.2;2.6;0.8;5.4;0.06;0.07;0.02;0.03
25;50;0;50;0;17.88;2.27;6.53;4.48;4.43;0.334;87.6;13.4;8.07;3.16;0.56;1.67;3.88;245.7;204;30.6;3.3;7.8;3.25;0.69;0.22;0.28;0.2;0.22;0.065;12.4;3;1.33;1;0.17;0.6;2.65;34.6;26.3;1.8;1.2;5.3;0.12;0.03;0.03;0.04
25;50;0;50;50;18.54;2.66;7.49;4.66;4.68;0.326;87.1;14.45;8.72;3.41;0.57;1.9;4.54;243.6;199.7;31.1;3.8;9.1;3.19;0.94;0.23;0.32;0.3;0.3;0.07;12.9;3.97;1.79;1.29;0.24;0.77;2.95;36.1;26.7;1.9;1.5;5.9;0.16;0.05;0.04;0.05
25;50;0;50;100;19.2;2.97;8.62;5.06;5.07;0.323;86;15.78;9.45;3.83;0.61;2.02;5.21;238.8;192.2;32.2;4;10.4;3;1.47;0.25;0.35;0.39;0.37;0.072;14;4.92;2.23;1.59;0.3;0.95;3.41;38.8;27.5;2.6;1.9;6.8;0.19;0.07;0.05;0.06
25;50;0;100;0;18.37;2.61;7.27;4.32;4.41;0.332;90.1;13.4;8.07;3.17;0.55;1.77;4.38;246;202.8;30.9;3.5;8.8;3.2;0.69;0.23;0.29;0.28;0.3;0.068;9.9;4.22;1.92;1.36;0.23;0.84;2.89;26.9;17.6;1.9;1.7;5.8;0.17;0.04;0.04;0.05
25;50;0;100;50;19.34;3.1;8.97;4.58;4.64;0.317;89.1;14.74;8.79;3.56;0.63;1.94;5.35;241.6;195.1;31.9;3.9;10.7;3.07;1.01;0.25;0.31;0.4;0.44;0.069;10.9;6.05;2.73;1.97;0.34;1.17;3.62;29.4;18.2;1.7;2.3;7.2;0.25;0.05;0.06;0.08
25;50;0;100;100;20.21;3.53;10.12;5.31;5.25;0.32;88;16.54;9.89;3.98;0.68;2.13;6.15;236.7;187.2;32.8;4.3;12.3;3.05;1.57;0.26;0.37;0.51;0.52;0.071;12;7.14;3.26;2.3;0.4;1.4;3.97;32.1;18.7;2.7;2.8;7.9;0.29;0.07;0.07;0.09
25;50;50;0;0;17.97;2.48;6.88;5.71;5.66;0.338;84.8;16.84;10.22;3.92;0.66;2.18;4.12;243.7;200.1;31;4.4;8.2;4.11;0.93;0.28;0.34;0.13;0.14;0.063;15.2;1.68;0.74;0.57;0.1;0.3;2.76;43.5;35.6;1.8;0.6;5.5;0.06;0.05;0.01;0.02
25;50;50;0;50;18.62;2.75;7.62;6.05;6.13;0.336;84;18.39;11.13;4.32;0.7;2.39;4.5;238.6;193;31.9;4.8;9;3.98;1.47;0.3;0.39;0.18;0.17;0.07;16;1.89;0.92;0.58;0.11;0.36;3.12;45.3;36.6;1.7;0.7;6.2;0.06;0.06;0.02;0.02
25;50;50;0;100;19.06;2.94;8.06;6.68;6.6;0.334;83.1;19.86;12.08;4.59;0.8;2.57;4.86;233.6;185.9;32.8;5.1;9.7;3.82;2.03;0.33;0.43;0.15;0.2;0.08;16.9;1.95;0.9;0.59;0.11;0.38;3.2;47.2;37.6;2.4;0.8;6.4;0.06;0.09;0.02;0.02
25;50;50;50;0;18.66;2.79;7.95;5.74;5.61;0.33;86.9;17.17;10.41;4.03;0.69;2.19;4.77;242.1;196.7;31.5;4.4;9.5;3.98;0.99;0.27;0.37;0.21;0.24;0.069;13.1;3.14;1.36;1.04;0.19;0.59;3.18;36.4;27.1;1.8;1.2;6.4;0.12;0.05;0.03;0.04
25;50;50;50;50;19.4;3.28;9.01;6.17;6.13;0.33;86;18.77;11.4;4.31;0.78;2.48;5.43;237.2;188.9;32.5;5;10.9;3.87;1.56;0.31;0.4;0.3;0.32;0.074;14;4.12;1.87;1.34;0.24;0.8;3.58;38.3;27.9;1.7;1.6;7.2;0.16;0.07;0.05;0.05
25;50;50;50;100;20.27;3.7;10.19;6.74;6.79;0.334;85.7;20.43;12.37;4.77;0.84;2.62;6.22;248.7;180.7;50.3;5.2;12.4;3.75;2.25;0.33;0.45;0.4;0.42;0.076;14.3;5.26;2.5;1.59;0.32;1.09;3.98;41.4;28.8;2.5;2.2;8;0.21;0.09;0.06;0.06
25;50;50;100;0;19.4;3.12;9.07;5.83;5.82;0.327;89.2;17.93;10.77;4.24;0.74;2.28;5.46;240.7;192.8;32.4;4.6;10.9;3.98;1.15;0.28;0.4;0.31;0.32;0.069;10.8;4.41;1.98;1.46;0.24;0.84;3.61;28.9;18.3;1.7;1.7;7.2;0.18;0.04;0.04;0.06
25;50;50;100;50;20.4;3.75;10.66;6.28;6.34;0.328;88.8;19.48;11.71;4.63;0.73;2.52;6.37;251.4;183.6;50;5;12.7;3.83;1.77;0.31;0.42;0.47;0.47;0.071;11.2;6.33;2.89;2.04;0.36;1.23;4.29;31.7;19;1.7;2.5;8.6;0.26;0.06;0.06;0.08
25;50;50;100;100;20.88;4.21;11.8;6.66;6.73;0.329;87.7;20.55;12.37;4.86;0.83;2.68;7.06;246.6;176.5;50.6;5.4;14.1;3.6;2.33;0.34;0.45;0.56;0.59;0.074;12.3;7.74;3.52;2.5;0.43;1.53;4.74;34.5;19.5;2.5;3.1;9.5;0.32;0.09;0.08;0.1
25;50;100;0;0;18.89;3.02;8.49;7.09;7.1;0.338;84.6;21.16;12.9;4.89;0.85;2.69;5.14;254.3;190;48.6;5.4;10.3;4.78;1.52;0.33;0.47;0.16;0.16;0.07;15.4;1.81;0.83;0.58;0.11;0.33;3.35;46;37;1.6;0.7;6.7;0.06;0.06;0.02;0.03
25;50;100;0;50;19.67;3.28;9.14;7.48;7.68;0.341;83.6;22.66;13.72;5.27;0.87;2.89;5.48;249.1;182.2;50.2;5.8;11;4.61;2.22;0.35;0.5;0.19;0.2;0.081;16.4;2.04;0.94;0.62;0.11;0.39;3.66;48.7;38.1;2.5;0.8;7.3;0.07;0.09;0.02;0.03
25;50;100;0;100;20.31;3.49;9.69;8.28;8.25;0.342;82.8;24.26;14.8;5.61;0.97;3.08;5.8;243.1;173.5;51.9;6.2;11.6;4.37;2.99;0.39;0.51;0.2;0.23;0.09;17.2;2.15;1.01;0.66;0.12;0.41;3.89;50.3;39.4;2.3;0.8;7.8;0.07;0.12;0.02;0.02
25;50;100;50;0;19.71;3.41;9.62;7.25;7.29;0.335;86.6;21.9;13.31;5.05;0.87;2.83;5.77;252;185.1;49.8;5.7;11.5;4.72;1.75;0.35;0.47;0.24;0.25;0.072;13.4;3.17;1.47;1.01;0.2;0.58;3.85;38.8;28.3;1.6;1.2;7.7;0.12;0.06;0.03;0.04
25;50;100;50;50;20.33;3.71;10.75;7.58;7.68;0.335;85.6;23.03;13.88;5.47;0.91;2.89;6.55;247.8;178.4;50.5;5.8;13.1;4.48;2.33;0.35;0.51;0.38;0.36;0.079;14.4;4.38;2;1.44;0.22;0.82;4.19;41.6;29;2.5;1.6;8.4;0.17;0.1;0.04;0.06
25;50;100;50;100;21.28;4.17;11.65;8.34;8.36;0.342;84.6;24.54;15.03;5.58;0.99;3.15;7.04;240.6;167.5;52.7;6.3;14.1;4.2;3.25;0.38;0.52;0.43;0.44;0.079;15.4;5.33;2.46;1.75;0.27;1.02;4.61;43.7;30.2;2.3;2;9.2;0.21;0.12;0.05;0.07
25;50;100;100;0;20.1;3.74;10.66;7.11;7.23;0.332;89;21.94;13.2;5.15;0.89;2.83;6.43;251.8;183.6;49.7;5.7;12.9;4.61;1.79;0.36;0.47;0.32;0.35;0.072;11;4.72;2.1;1.51;0.29;0.91;4.24;30.9;19;1.7;1.8;8.5;0.19;0.06;0.04;0.06
25;50;100;100;50;21.31;4.35;12.41;7.72;7.73;0.329;87.5;23.62;14.18;5.59;0.96;3.03;7.36;244.5;171.6;52.1;6.1;14.7;4.35;2.5;0.36;0.51;0.5;0.52;0.075;12.5;6.75;3.1;2.18;0.4;1.32;5.05;34.8;19.8;2.2;2.6;10.1;0.28;0.08;0.07;0.09
25;50;100;100;100;22.33;4.71;13.4;8.41;8.44;0.337;86.6;25.13;15.31;5.78;0.98;3.16;7.99;237.8;161.5;53.9;6.3;16;4.07;3.43;0.4;0.54;0.6;0.62;0.075;13.4;7.93;3.59;2.63;0.42;1.54;5.41;36.6;20.5;2.1;3.1;10.8;0.33;0.11;0.08;0.1
25;100;0;0;0;17.55;2.39;6.64;6.29;6.26;0.371;81;17.03;10.64;3.78;0.64;2.07;4.03;180.6;138.3;30.2;4.1;8.1;4.98;0.68;0.26;0.35;0.12;0.13;0.057;19;1.66;0.74;0.53;0.09;0.32;2.61;42.3;34.6;1.9;0.6;5.2;0.06;0.03;0.02;0.02
25;100;0;0;50;17.84;2.4;7.11;6.28;6.29;0.364;80.6;17.4;10.82;3.93;0.68;2.09;4.21;179.4;136.4;30.5;4.2;8.4;4.79;0.88;0.26;0.37;0.16;0.16;0.067;19.4;1.88;0.82;0.64;0.1;0.31;2.9;43.3;35;1.9;0.6;5.8;0.06;0.06;0.01;0.03
25;100;0;0;100;18.37;2.72;7.59;6.63;6.66;0.358;79.7;18.74;11.64;4.26;0.73;2.34;4.59;178;132.8;31.3;4.7;9.2;4.69;1.3;0.28;0.39;0.17;0.18;0.074;20.3;2.02;0.94;0.61;0.11;0.38;3.01;45.3;35.7;2.8;0.8;6;0.06;0.08;0.02;0.03
25;100;0;50;0;18.07;2.73;7.39;6.1;6.19;0.37;83.7;16.88;10.57;3.76;0.63;2.13;4.39;180.9;137.3;30.6;4.3;8.8;4.88;0.67;0.28;0.36;0.19;0.21;0.065;16.3;2.94;1.35;0.96;0.14;0.6;3;35.1;26.1;1.8;1.2;6;0.12;0.03;0.03;0.04
25;100;0;50;50;18.64;2.86;8.44;6.3;6.32;0.358;83;17.8;10.93;4.06;0.71;2.14;5.09;179.2;133.8;31;4.3;10.2;4.74;0.95;0.27;0.37;0.28;0.3;0.07;17;3.95;1.75;1.32;0.24;0.73;3.35;36.7;26.7;1.9;1.5;6.7;0.15;0.06;0.04;0.05
25;100;0;50;100;19.24;3.18;9.36;6.64;6.67;0.355;81.9;18.92;11.54;4.37;0.78;2.25;5.67;177.2;129.5;31.8;4.5;11.3;4.54;1.44;0.29;0.4;0.36;0.38;0.073;18.1;4.99;2.25;1.59;0.3;0.94;3.68;39.2;27.3;2.6;1.9;7.4;0.2;0.07;0.05;0.07
25;100;0;100;0;18.37;2.94;8.21;5.9;6.06;0.366;86.8;16.7;10.38;3.72;0.69;2.12;4.95;181;136.3;30.6;4.2;9.9;4.77;0.69;0.26;0.34;0.32;0.31;0.066;13.2;4.35;1.96;1.39;0.26;0.82;3.27;27.5;17.5;1.8;1.6;6.5;0.18;0.03;0.04;0.06
25;100;0;100;50;19.29;3.41;9.75;6.42;6.39;0.356;85.8;18.08;11.13;4.12;0.69;2.25;5.93;180;132.2;31.4;4.5;11.9;4.77;0.98;0.27;0.38;0.4;0.45;0.071;14.2;6.08;2.7;2.02;0.35;1.16;3.82;29.7;17.9;1.8;2.3;7.6;0.25;0.05;0.06;0.08
25;100;0;100;100;20.09;3.94;10.96;6.61;6.74;0.349;84.4;19.42;11.87;4.5;0.75;2.46;6.61;176.9;126.4;32.4;4.9;13.2;4.48;1.54;0.31;0.41;0.49;0.55;0.073;15.6;7.31;3.35;2.39;0.42;1.48;4.35;32.7;18.6;2.4;3;8.7;0.3;0.07;0.08;0.1
25;100;50;0;0;18.24;3.05;8.48;8.37;8.37;0.377;80.3;22.38;14.16;4.86;0.84;2.7;5.11;181.5;135.1;30.7;5.4;10.2;6.65;0.95;0.33;0.45;0.15;0.15;0.064;19.7;1.81;0.87;0.56;0.1;0.35;3.37;44.6;35.2;1.9;0.7;6.7;0.06;0.05;0.02;0.02
25;100;50;0;50;18.9;3.21;9.09;8.65;8.76;0.372;79.2;23.7;14.81;5.28;0.91;2.83;5.47;179.2;130.6;31.9;5.7;10.9;6.44;1.46;0.36;0.5;0.17;0.17;0.07;20.8;1.88;0.88;0.59;0.1;0.38;3.62;46.8;36.2;2.6;0.8;7.2;0.06;0.07;0.02;0.02
25;100;50;0;100;19.13;3.44;9.39;9.13;9.11;0.371;78.5;24.75;15.46;5.48;0.95;3.05;5.63;176.2;126.5;32.3;6.1;11.3;6.25;1.99;0.38;0.5;0.23;0.22;0.085;21.5;2.13;1;0.63;0.12;0.39;3.76;48.1;37.1;2.7;0.8;7.5;0.06;0.11;0.02;0.03
25;100;50;50;0;18.79;3.2;9.51;8.41;8.45;0.374;82.9;22.7;14.19;5.1;0.86;2.64;5.66;181.5;133.8;31.1;5.3;11.3;6.69;0.97;0.32;0.47;0.21;0.23;0.068;17.1;3.05;1.36;0.97;0.2;0.56;3.85;37.2;26.6;1.8;1.1;7.7;0.12;0.05;0.03;0.04
25;100;50;50;50;19.58;3.69;10.38;8.8;8.74;0.367;81.7;24.01;15.04;5.28;0.96;2.9;6.27;178.5;127.9;32.3;5.8;12.5;6.32;1.56;0.37;0.49;0.33;0.33;0.075;18.3;4.12;1.91;1.28;0.26;0.78;4.11;39.9;27.6;2.5;1.6;8.2;0.16;0.07;0.04;0.06
25;100;50;50;100;20.32;4.06;11.41;9.13;9.21;0.367;82;25.22;15.71;5.62;0.98;3.02;6.83;192;122.4;50;6;13.7;6.07;2.24;0.38;0.52;0.38;0.41;0.079;18;5.04;2.36;1.54;0.29;1.04;4.59;42.2;28.5;2.4;2.1;9.2;0.2;0.09;0.05;0.07
25;100;50;100;0;19.34;3.66;10.28;8.41;8.39;0.368;85.8;22.95;14.31;5.18;0.86;2.8;6.16;180.4;130.9;31.6;5.6;12.3;6.44;1.13;0.34;0.48;0.31;0.33;0.071;14.2;4.43;2.06;1.39;0.22;0.86;4.12;29.8;18.1;1.8;1.7;8.2;0.18;0.05;0.04;0.06
25;100;50;100;50;20.38;4.09;11.99;8.71;8.76;0.365;85.4;24.14;14.98;5.39;1;2.89;7.18;194;124.8;49;5.8;14.4;6.19;1.72;0.35;0.5;0.43;0.46;0.07;14.6;6.37;2.82;2.12;0.35;1.21;4.81;33.2;18.7;2.4;2.4;9.6;0.26;0.07;0.05;0.08
25;100;50;100;100;21.21;4.47;13.1;9.21;9.17;0.363;84.7;25.42;15.86;5.76;0.97;3.09;7.9;192.5;119.7;50.7;6.2;15.8;5.93;2.36;0.37;0.51;0.52;0.56;0.073;15.3;7.42;3.3;2.44;0.39;1.38;5.19;34.8;19.3;2.4;2.8;10.4;0.31;0.09;0.07;0.1
25;100;100;0;0;19.1;3.54;10.07;9.88;9.84;0.372;80.6;26.61;16.68;5.88;1.05;3.19;6.1;195.5;128.9;48;6.4;12.2;7.38;1.53;0.4;0.53;0.15;0.17;0.07;19.4;1.91;0.86;0.63;0.11;0.35;3.97;46.9;36.6;1.7;0.7;7.9;0.07;0.06;0.02;0.02
25;100;100;0;50;19.68;3.66;10.4;10.17;10.19;0.372;79.6;27.51;17.25;6.16;1.02;3.26;6.21;192.6;124.3;49.4;6.5;12.4;7.04;2.18;0.41;0.56;0.2;0.2;0.082;20.4;2.03;0.97;0.62;0.11;0.4;4.19;49.3;37.6;2.5;0.8;8.4;0.06;0.1;0.02;0.02
25;100;100;0;100;20.1;3.94;10.94;10.76;10.69;0.37;78.9;29.05;18.4;6.35;1.08;3.58;6.6;189.1;118;50.7;7.2;13.2;6.71;2.93;0.45;0.61;0.2;0.23;0.091;21.1;2.11;0.95;0.68;0.14;0.36;4.34;50.6;38.9;2.3;0.7;8.7;0.07;0.13;0.02;0.02
25;100;100;50;0;19.7;3.79;11.15;9.71;9.86;0.369;83;26.87;16.79;6;1.04;3.18;6.62;194.6;126.3;48.7;6.4;13.2;7.19;1.7;0.42;0.55;0.26;0.27;0.073;17;3.34;1.53;1.1;0.17;0.61;4.52;39.8;27.8;1.7;1.2;9;0.13;0.07;0.03;0.05
25;100;100;50;50;20.48;4.24;12.06;10.08;10.18;0.367;82;27.9;17.39;6.32;1.01;3.44;7.27;192.6;121.1;50.1;6.9;14.5;6.89;2.3;0.41;0.57;0.33;0.35;0.078;18;4.32;1.98;1.33;0.25;0.8;4.79;42.3;28.7;2.5;1.6;9.6;0.17;0.09;0.04;0.05
25;100;100;50;100;21.28;4.59;13.01;10.75;10.75;0.369;80.9;29.25;18.35;6.45;1.14;3.58;7.88;188.7;113.9;51.9;7.2;15.8;6.5;3.2;0.44;0.61;0.43;0.46;0.081;19.1;5.47;2.44;1.83;0.32;1.01;5.13;44.4;29.8;2.3;2;10.3;0.21;0.12;0.05;0.07
25;100;100;100;0;20.09;4.17;11.85;9.82;9.8;0.363;86;27.14;16.86;5.98;1.07;3.3;7.18;194.2;123.8;49.4;6.6;14.4;7.03;1.81;0.4;0.55;0.33;0.35;0.072;14;4.61;2.05;1.52;0.24;0.87;4.66;31.5;18.8;1.6;1.7;9.3;0.18;0.06;0.05;0.06
25;100;100;100;50;21.38;4.8;13.56;10.05;10.15;0.361;84.4;28.26;17.51;6.38;1.08;3.49;8.12;192.1;117.6;51.2;7;16.2;6.71;2.44;0.42;0.58;0.48;0.51;0.075;15.6;6.62;3.01;2.12;0.34;1.31;5.45;35.3;19.5;2.3;2.6;10.9;0.27;0.09;0.07;0.08
25;100;100;100;100;22.38;5.13;14.55;10.74;10.7;0.364;83.5;29.53;18.38;6.65;1.09;3.61;8.71;187.9;110;53.3;7.2;17.4;6.27;3.38;0.45;0.6;0.55;0.63;0.077;16.5;7.96;3.61;2.62;0.46;1.52;5.83;37.2;20.3;2.2;3;11.7;0.33;0.12;0.08;0.1