StrengthRatio;AttackA_Verticality;DefenseA_DefensiveLine;AttackB_Verticality;DefenseB_DefensiveLine;Seq_CountersCount;Seq_CornersCount;Seq_LooseBallsCount;TeamA_Goals;TeamA_TotalXG;TeamA_XGPerShot;TeamA_PossessionShare;TeamA_ShotsTotal;TeamA_ShotsOnTarget;TeamA_ShotsBlocked;TeamA_ShotsWoodwork;TeamA_CornersWon;TeamA_LooseBallsWon;TeamA_PassesTotal;TeamA_PassesOpenPlay;TeamA_PassesCounterAttack;TeamA_PassesCorner;TeamA_PassesLooseBall;TeamA_XGOpenPlay;TeamA_XGCounterAttack;TeamA_XGCorner;TeamA_XGLooseBall;TeamB_Goals;TeamB_TotalXG;TeamB_XGPerShot;TeamB_PossessionShare;TeamB_ShotsTotal;TeamB_ShotsOnTarget;TeamB_ShotsBlocked;TeamB_ShotsWoodwork;TeamB_CornersWon;TeamB_LooseBallsWon;TeamB_PassesTotal;TeamB_PassesOpenPlay;TeamB_PassesCounterAttack;TeamB_PassesCorner;TeamB_PassesLooseBall;TeamB_XGOpenPlay;TeamB_XGCounterAttack;TeamB_XGCorner;TeamB_XGLooseBall
-3;0;0;0;0;13.55;1.84;5.26;0.55;0.54;0.113;45.5;4.63;2.21;1.41;0.24;0.77;2.54;162.9;146.8;9.5;1.5;5.1;0.26;0.16;0.05;0.07;0.83;0.8;0.129;54.5;6.13;2.99;1.81;0.32;1.07;2.73;194.8;172.7;14.5;2.1;5.5;0.38;0.25;0.07;0.1
-3;0;0;0;50;13.42;2.03;5.78;0.62;0.56;0.118;46.1;4.66;2.33;1.44;0.25;0.81;2.84;165.1;149.4;8.4;1.6;5.7;0.26;0.17;0.05;0.07;0.92;0.89;0.126;53.9;6.97;3.42;2.13;0.34;1.22;2.94;193;169.6;15.1;2.4;5.9;0.37;0.32;0.08;0.11
-3;0;0;0;100;13.11;2.21;6.4;0.65;0.61;0.124;45.7;4.77;2.33;1.47;0.27;0.81;3.13;167;151.9;7.3;1.6;6.3;0.26;0.22;0.05;0.07;1.14;1.12;0.135;54.3;8.25;4.06;2.47;0.44;1.4;3.27;198.6;166.6;22.6;2.8;6.5;0.38;0.51;0.09;0.13
-3;0;0;50;0;15.74;2.39;6.84;0.63;0.61;0.113;51.4;5.25;2.55;1.58;0.28;0.95;3.37;165.4;144.1;12.7;1.9;6.7;0.26;0.22;0.06;0.08;1.18;1.17;0.134;48.6;8.68;4.28;2.62;0.46;1.44;3.47;156.4;132;14.5;2.9;6.9;0.68;0.25;0.1;0.15
-3;0;0;50;50;15.58;2.92;8.26;0.64;0.65;0.118;51.2;5.37;2.55;1.67;0.28;0.96;3.94;166.2;144.8;11.6;1.9;7.9;0.25;0.26;0.06;0.08;1.6;1.57;0.135;48.8;11.6;5.67;3.47;0.61;1.97;4.32;158.5;131.4;14.5;3.9;8.6;0.91;0.32;0.14;0.2
-3;0;0;50;100;15.56;3.4;9.82;0.82;0.76;0.131;49.9;5.67;2.83;1.68;0.28;0.98;4.77;167.3;145;10.7;2;9.5;0.26;0.36;0.05;0.09;2.05;2.04;0.14;50.1;14.49;7.01;4.44;0.73;2.42;5.05;167.9;131.2;21.7;4.8;10.1;1.16;0.48;0.17;0.23
-3;0;0;100;0;17.47;2.93;8.07;0.73;0.68;0.113;59;5.82;2.88;1.75;0.28;1.07;3.91;166.9;140.9;16;2.1;7.8;0.24;0.27;0.07;0.09;1.5;1.47;0.137;41;10.7;5.35;3.17;0.54;1.86;4.16;115.9;89.8;14;3.7;8.3;0.93;0.24;0.13;0.18
-3;0;0;100;50;17.66;3.65;10.43;0.75;0.77;0.119;58;6.36;3.13;1.86;0.36;1.15;5.07;166.6;138.8;15.4;2.3;10.1;0.23;0.36;0.07;0.1;2.15;2.06;0.138;42;14.87;7.37;4.49;0.73;2.5;5.36;120.6;91.1;13.7;5;10.7;1.36;0.29;0.17;0.24
-3;0;0;100;100;17.77;4.25;12.33;0.88;0.92;0.135;56.5;6.78;3.3;2.07;0.38;1.19;6.12;168.6;140;14;2.4;12.2;0.24;0.5;0.08;0.11;2.57;2.6;0.142;43.5;18.32;9.04;5.55;0.97;3.06;6.21;130;90.4;21;6.1;12.4;1.63;0.47;0.21;0.3
-3;0;50;0;0;13.07;1.95;5.71;0.62;0.61;0.114;45.7;5.21;2.52;1.57;0.26;0.89;2.82;163.3;146.6;9.2;1.8;5.6;0.28;0.2;0.05;0.08;0.87;0.85;0.133;54.3;6.33;3.13;1.87;0.32;1.06;2.89;194.3;172.9;13.5;2.1;5.8;0.38;0.29;0.08;0.1
-3;0;50;0;50;12.92;2.26;6.16;0.69;0.7;0.126;46;5.43;2.55;1.66;0.3;0.96;3.06;164.9;148.4;8.4;1.9;6.1;0.27;0.28;0.06;0.09;1.08;1.06;0.141;54;7.48;3.68;2.28;0.36;1.3;3.11;193.5;170.8;13.9;2.6;6.2;0.39;0.46;0.1;0.11
-3;0;50;0;100;12.68;2.41;6.69;0.74;0.75;0.135;45.6;5.47;2.74;1.6;0.29;0.98;3.26;166.7;150.8;7.4;2;6.5;0.27;0.33;0.07;0.08;1.34;1.28;0.151;54.4;8.46;4.32;2.46;0.43;1.43;3.43;198.5;167.9;20.9;2.9;6.9;0.38;0.66;0.1;0.14
-3;0;50;50;0;15.31;2.6;7.28;0.77;0.71;0.114;51.1;6.17;3.02;1.9;0.33;1.13;3.56;164.4;142.1;12.9;2.3;7.1;0.26;0.29;0.07;0.09;1.22;1.19;0.137;48.9;8.65;4.3;2.58;0.42;1.47;3.72;157.4;133.9;13.2;2.9;7.4;0.67;0.28;0.1;0.14
-3;0;50;50;50;15.16;3.13;8.86;0.83;0.84;0.128;51.1;6.5;3.16;1.98;0.34;1.12;4.46;166.1;143.1;11.8;2.2;8.9;0.27;0.4;0.07;0.1;1.72;1.69;0.143;48.9;11.78;5.84;3.54;0.57;2.01;4.4;159;132.9;13.2;4;8.8;0.92;0.44;0.14;0.18
-3;0;50;50;100;15.41;3.62;10.39;1.02;1;0.144;50.7;6.86;3.47;2.05;0.31;1.21;5.13;172.9;143.8;16.4;2.4;10.3;0.27;0.55;0.08;0.1;2.23;2.2;0.149;49.3;14.74;7.36;4.35;0.78;2.41;5.26;167.8;132.3;20.1;4.8;10.5;1.15;0.65;0.16;0.23
-3;0;50;100;0;17.08;3.13;8.88;0.9;0.86;0.119;58.5;7.14;3.47;2.15;0.4;1.26;4.27;165.4;138.2;16.1;2.5;8.5;0.25;0.42;0.08;0.11;1.55;1.54;0.139;41.5;11.02;5.42;3.26;0.61;1.87;4.61;117.2;91.5;12.8;3.7;9.2;0.94;0.28;0.13;0.18
-3;0;50;100;50;17.38;3.84;11.38;1.02;1.05;0.136;58.8;7.66;3.71;2.34;0.39;1.26;5.53;173.8;137.1;23.2;2.5;11.1;0.25;0.59;0.08;0.12;2.31;2.23;0.144;41.2;15.5;7.77;4.57;0.8;2.58;5.85;121.7;92.2;12.6;5.2;11.7;1.39;0.42;0.17;0.25
-3;0;50;100;100;17.5;4.59;12.85;1.15;1.17;0.148;57.1;7.88;3.87;2.39;0.4;1.36;6.27;174.7;138.2;21.2;2.7;12.5;0.25;0.72;0.08;0.11;2.81;2.8;0.148;42.9;18.85;9.5;5.54;0.94;3.22;6.58;131;91.5;19.9;6.4;13.2;1.64;0.63;0.22;0.3
-3;0;100;0;0;12.86;2.19;6.32;0.72;0.75;0.123;46.2;6.05;3.01;1.81;0.31;1.07;3.07;167.8;145.2;14.4;2.1;6.1;0.28;0.32;0.07;0.09;0.95;0.94;0.14;53.8;6.63;3.27;2.07;0.33;1.12;3.24;195.8;174.7;12.3;2.2;6.5;0.39;0.37;0.07;0.11
-3;0;100;0;50;12.46;2.31;6.8;0.87;0.84;0.135;46.6;6.13;3.05;1.88;0.3;1.02;3.38;169;147.6;12.6;2;6.8;0.28;0.4;0.06;0.1;1.21;1.17;0.15;53.4;7.75;3.9;2.24;0.41;1.29;3.42;193.7;171.8;12.5;2.6;6.8;0.4;0.56;0.09;0.12
-3;0;100;0;100;12.3;2.41;7.11;0.93;0.91;0.148;46.3;6.08;3.08;1.76;0.32;1.05;3.46;170.3;150.3;10.9;2.1;6.9;0.29;0.47;0.06;0.09;1.42;1.45;0.167;53.7;8.65;4.38;2.49;0.47;1.36;3.65;197.8;168.5;19.3;2.7;7.3;0.39;0.83;0.09;0.13
-3;0;100;50;0;15.32;2.93;8.23;0.94;0.97;0.129;51.6;7.42;3.63;2.26;0.36;1.3;4.05;170.4;140;19.8;2.6;8.1;0.27;0.51;0.08;0.12;1.3;1.33;0.142;48.4;9.3;4.62;2.81;0.46;1.62;4.18;159.8;135.8;12.3;3.2;8.4;0.71;0.37;0.1;0.15
-3;0;100;50;50;14.69;3.21;9.4;1.05;1.03;0.141;51.3;7.3;3.63;2.14;0.38;1.22;4.58;169.7;140.4;17.7;2.4;9.2;0.25;0.59;0.08;0.11;1.87;1.79;0.148;48.7;12.05;6.1;3.55;0.64;1.99;4.83;160.9;135.4;11.9;4;9.7;0.95;0.52;0.13;0.19
-3;0;100;50;100;14.79;3.77;10.86;1.2;1.18;0.157;50.3;7.5;3.74;2.25;0.39;1.23;5.21;171;141.8;16.3;2.5;10.4;0.27;0.72;0.07;0.12;2.43;2.4;0.158;49.7;15.23;7.68;4.51;0.78;2.54;5.65;169;134.1;18.4;5.1;11.3;1.19;0.8;0.18;0.24
-3;0;100;100;0;16.95;3.37;9.54;1.15;1.14;0.132;59.1;8.6;4.15;2.63;0.47;1.42;4.65;171.7;134.4;25.2;2.8;9.3;0.25;0.66;0.1;0.13;1.61;1.61;0.144;40.9;11.15;5.62;3.24;0.58;1.95;4.89;118.9;93.8;11.5;3.9;9.8;0.96;0.33;0.14;0.17
-3;0;100;100;50;17.28;4.13;11.94;1.3;1.3;0.144;58.3;9.02;4.46;2.71;0.45;1.54;5.78;172.4;133.7;24.1;3.1;11.6;0.25;0.81;0.1;0.14;2.39;2.35;0.148;41.7;15.87;7.9;4.71;0.77;2.59;6.16;123.3;94.2;11.6;5.2;12.3;1.41;0.51;0.18;0.26
-3;0;100;100;100;16.92;4.53;13.57;1.51;1.47;0.162;56.9;9.06;4.57;2.71;0.46;1.43;6.68;172.8;135;21.6;2.9;13.4;0.25;0.99;0.09;0.13;3.02;2.95;0.154;43.1;19.09;9.57;5.67;0.98;3.1;6.88;130.6;93.4;17.2;6.2;13.8;1.69;0.75;0.21;0.3
-3;50;0;0;0;15.51;2.31;6.73;0.79;0.8;0.117;40;6.74;3.25;2.09;0.37;1.19;3.29;130.6;112.4;9.3;2.4;6.6;0.45;0.16;0.08;0.11;0.89;0.86;0.127;60;6.72;3.24;2.09;0.36;1.12;3.44;195.9;169;17.7;2.2;6.9;0.37;0.3;0.07;0.12
-3;50;0;0;50;15.45;2.57;7.34;0.8;0.82;0.119;40.6;6.8;3.31;2.08;0.32;1.25;3.62;132.5;114.6;8.2;2.5;7.2;0.46;0.18;0.08;0.11;1.05;1.01;0.125;59.4;8.05;3.84;2.48;0.41;1.33;3.72;193.7;165.3;18.3;2.7;7.4;0.37;0.42;0.09;0.13
-3;50;0;0;100;15.29;2.83;8.14;0.81;0.87;0.123;40.3;7.01;3.35;2.17;0.33;1.18;4.03;135.1;117.8;6.9;2.4;8.1;0.49;0.2;0.07;0.11;1.3;1.34;0.14;59.7;9.52;4.7;2.82;0.52;1.64;4.11;199.8;160.3;28.1;3.3;8.2;0.37;0.7;0.11;0.16
-3;50;0;50;0;17.36;2.83;8.13;0.86;0.85;0.116;45.8;7.24;3.46;2.21;0.4;1.27;4.05;133.3;110.4;12.3;2.5;8.1;0.45;0.2;0.08;0.12;1.25;1.23;0.133;54.2;9.21;4.5;2.79;0.51;1.56;4.08;158.1;129.2;17.6;3.1;8.2;0.67;0.3;0.11;0.15
-3;50;0;50;50;17.57;3.34;9.7;0.85;0.89;0.119;45.6;7.42;3.52;2.28;0.4;1.28;4.68;134.5;111.3;11.3;2.6;9.4;0.45;0.25;0.08;0.11;1.72;1.63;0.133;54.4;12.25;5.99;3.75;0.65;2.06;5.02;160.3;128;18.1;4.1;10;0.88;0.41;0.14;0.2
-3;50;0;50;100;17.66;3.96;11.31;1;1.01;0.129;44.6;7.79;3.82;2.33;0.39;1.34;5.56;136.9;112.8;10.3;2.7;11.1;0.46;0.35;0.09;0.11;2.3;2.22;0.143;55.4;15.53;7.72;4.67;0.77;2.62;5.75;170.3;126.3;27.3;5.2;11.5;1.1;0.69;0.19;0.25
-3;50;0;100;0;19.33;3.25;9.48;0.94;0.92;0.116;53.4;7.88;3.75;2.49;0.4;1.34;4.7;135.9;107.9;15.9;2.7;9.4;0.44;0.27;0.08;0.13;1.56;1.51;0.135;46.6;11.12;5.57;3.35;0.52;1.91;4.78;118.4;88;17.1;3.8;9.6;0.91;0.29;0.13;0.18
-3;50;0;100;50;19.5;4.13;11.88;1.04;0.99;0.119;52.6;8.26;3.9;2.55;0.51;1.42;5.77;136.7;107.9;14.5;2.8;11.5;0.44;0.34;0.09;0.12;2.17;2.17;0.136;47.4;15.93;7.81;4.86;0.78;2.72;6.11;123.1;88;17.4;5.4;12.2;1.33;0.39;0.18;0.27
-3;50;0;100;100;19.66;4.66;13.58;1.07;1.12;0.131;51;8.51;4.07;2.64;0.45;1.44;6.67;139;109.3;13.5;2.9;13.3;0.43;0.47;0.09;0.14;2.84;2.77;0.143;49;19.29;9.58;5.76;0.98;3.22;6.91;133.7;86.9;26.5;6.4;13.8;1.56;0.68;0.22;0.3
-3;50;50;0;0;15.59;2.79;8.04;1.02;1.06;0.117;40.5;8.97;4.33;2.75;0.47;1.56;3.93;133;112.8;9.2;3.1;7.9;0.62;0.2;0.09;0.14;0.96;0.95;0.131;59.5;7.18;3.46;2.2;0.37;1.24;4.11;195.9;168.2;17;2.5;8.2;0.37;0.38;0.08;0.11
-3;50;50;0;50;15.44;3.03;8.79;1.17;1.15;0.124;41.3;9.24;4.45;2.87;0.47;1.58;4.32;135.5;115.6;8;3.2;8.6;0.64;0.27;0.1;0.15;1.19;1.21;0.14;58.7;8.57;4.25;2.49;0.48;1.45;4.47;193;163.7;17.4;2.9;8.9;0.36;0.61;0.1;0.14
-3;50;50;0;100;15.19;3.21;9.34;1.19;1.2;0.128;40.7;9.27;4.5;2.81;0.5;1.56;4.43;136.8;117.9;6.9;3.1;8.9;0.64;0.31;0.1;0.15;1.53;1.54;0.152;59.3;10.12;5;3.06;0.5;1.65;4.91;199.8;160.1;26.6;3.3;9.8;0.38;0.88;0.12;0.17
-3;50;50;50;0;17.32;3.37;9.62;1.17;1.16;0.117;46;9.88;4.75;3.1;0.52;1.75;4.69;135.4;110.3;12.3;3.5;9.4;0.62;0.27;0.11;0.15;1.36;1.3;0.135;54;9.6;4.72;2.85;0.5;1.62;4.93;158.9;129.3;16.5;3.2;9.9;0.67;0.37;0.11;0.15
-3;50;50;50;50;17.43;3.88;11.09;1.27;1.25;0.125;46;9.91;4.82;3.01;0.47;1.71;5.36;136.8;111.4;11.3;3.4;10.7;0.6;0.39;0.11;0.15;1.85;1.83;0.142;54;12.82;6.37;3.81;0.66;2.18;5.73;160.9;128;17.1;4.4;11.5;0.88;0.6;0.15;0.2
-3;50;50;50;100;17.41;4.39;12.63;1.42;1.38;0.134;46;10.18;5;3.05;0.52;1.72;6.19;144.4;113.4;15.2;3.4;12.4;0.62;0.49;0.11;0.15;2.54;2.41;0.149;54;16.09;8.14;4.77;0.81;2.66;6.44;169.4;125.5;25.7;5.3;12.9;1.11;0.85;0.19;0.26
-3;50;50;100;0;19.36;3.89;10.97;1.31;1.28;0.119;53.2;10.64;5.14;3.28;0.55;1.9;5.34;136.9;106.6;15.8;3.8;10.7;0.58;0.42;0.12;0.16;1.65;1.6;0.137;46.8;11.65;5.82;3.52;0.55;1.99;5.63;120.5;89;16.2;4;11.3;0.93;0.36;0.14;0.18
-3;50;50;100;50;19.68;4.72;13.43;1.49;1.48;0.131;54.3;11.25;5.42;3.5;0.65;1.96;6.66;147.1;107.5;22.4;3.9;13.3;0.6;0.58;0.12;0.17;2.33;2.32;0.143;45.7;16.18;8.02;4.86;0.81;2.77;6.78;123.7;88.3;16.3;5.5;13.6;1.31;0.57;0.19;0.25
-3;50;50;100;100;19.23;5.28;14.91;1.6;1.56;0.138;52.4;11.26;5.66;3.33;0.56;1.95;7.28;147.3;108.8;20;3.9;14.6;0.6;0.67;0.13;0.16;2.98;2.95;0.149;47.6;19.77;9.81;5.88;1.03;3.33;7.63;133.7;87.2;24.5;6.7;15.3;1.57;0.82;0.24;0.31
-3;50;100;0;0;15.47;3.32;9.44;1.37;1.4;0.122;42;11.45;5.57;3.4;0.63;2.04;4.71;141;113.8;13.7;4.1;9.4;0.8;0.3;0.13;0.17;1.14;1.12;0.145;58;7.68;3.79;2.32;0.38;1.28;4.73;194.7;166.6;16.1;2.6;9.5;0.37;0.55;0.09;0.11
-3;50;100;0;50;15.27;3.41;10.15;1.51;1.49;0.128;41.4;11.6;5.62;3.54;0.6;1.93;4.94;141.8;116.3;11.8;3.9;9.9;0.82;0.38;0.12;0.18;1.4;1.42;0.157;58.6;9.01;4.57;2.62;0.45;1.48;5.21;200.9;162.7;24.8;3;10.4;0.37;0.81;0.1;0.15
-3;50;100;0;100;15.23;3.78;10.8;1.55;1.58;0.134;42.1;11.68;5.76;3.53;0.59;2.03;5.28;144;119.1;10.3;4.1;10.6;0.83;0.44;0.13;0.18;1.85;1.81;0.17;57.9;10.68;5.46;3.17;0.55;1.75;5.52;198.2;158.1;25.6;3.5;11;0.38;1.14;0.12;0.17
-3;50;100;50;0;17.53;3.92;11.12;1.58;1.58;0.126;47.2;12.53;6.07;3.88;0.63;2.18;5.37;143.6;109.5;19;4.4;10.7;0.77;0.48;0.14;0.19;1.46;1.5;0.146;52.8;10.21;5.12;3;0.53;1.74;5.75;160.7;130.2;15.6;3.5;11.5;0.68;0.53;0.13;0.16
-3;50;100;50;50;17.48;4.33;12.51;1.69;1.67;0.131;46.1;12.68;6.19;3.83;0.66;2.15;6.14;144.9;111.3;17.1;4.3;12.3;0.78;0.57;0.14;0.18;2.02;2.02;0.153;53.9;13.13;6.57;3.82;0.63;2.17;6.37;169.2;128.1;24;4.3;12.7;0.89;0.77;0.15;0.21
-3;50;100;50;100;17.37;4.93;14.07;1.8;1.82;0.14;46.3;12.91;6.39;3.87;0.63;2.26;6.86;146.4;112.9;15.2;4.5;13.7;0.8;0.68;0.15;0.19;2.66;2.61;0.16;53.7;16.29;8.22;4.79;0.8;2.67;7.21;170;126.1;24.1;5.3;14.4;1.12;1.06;0.18;0.26
-3;50;100;100;0;19.22;4.37;12.63;1.73;1.75;0.127;54.5;13.7;6.61;4.19;0.74;2.38;6.09;146.3;105.6;23.8;4.8;12.2;0.75;0.63;0.16;0.21;1.83;1.79;0.146;45.5;12.25;6.12;3.67;0.6;1.99;6.54;121.9;89.9;15;4;13.1;0.95;0.5;0.14;0.21
-3;50;100;100;50;19.59;5.21;14.92;1.93;1.88;0.135;52.6;13.91;6.89;4.17;0.74;2.44;7.24;147.7;105.9;22.5;4.9;14.5;0.74;0.78;0.16;0.21;2.58;2.55;0.151;47.4;16.84;8.47;4.99;0.88;2.78;7.67;133.2;89.6;22.7;5.6;15.3;1.35;0.75;0.19;0.27
-3;50;100;100;100;19.33;5.74;16.48;2.06;2.05;0.145;52.3;14.1;6.95;4.26;0.71;2.37;7.97;148.3;107.3;20.3;4.7;15.9;0.77;0.93;0.14;0.21;3.13;3.14;0.157;47.7;19.99;10.07;5.97;0.97;3.36;8.51;135;88.5;22.8;6.7;17;1.59;1.01;0.22;0.32
-3;100;0;0;0;17.61;2.77;7.86;0.97;0.98;0.118;32.6;8.22;3.96;2.52;0.46;1.47;3.81;95.9;76.4;8.9;2.9;7.6;0.61;0.14;0.09;0.13;0.92;0.94;0.125;67.4;7.41;3.63;2.3;0.38;1.29;4.05;198;165.6;21.6;2.6;8.1;0.36;0.37;0.09;0.12
-3;100;0;0;50;17.72;3.07;8.8;0.94;1;0.119;33.7;8.32;3.92;2.59;0.42;1.45;4.29;98.3;79;7.8;2.9;8.6;0.62;0.17;0.09;0.12;1.19;1.21;0.128;66.3;9.38;4.5;2.91;0.47;1.62;4.51;193.9;159.4;22.3;3.2;9;0.36;0.59;0.11;0.15
-3;100;0;0;100;17.7;3.38;9.91;1.09;1.07;0.123;33.3;8.64;4.1;2.67;0.48;1.43;4.86;100.6;81.4;6.5;2.9;9.7;0.64;0.2;0.09;0.14;1.58;1.6;0.14;66.7;11.44;5.61;3.5;0.57;1.95;5.05;201.8;153.5;34.4;3.9;10.1;0.37;0.91;0.13;0.19
-3;100;0;50;0;19.41;3.26;9.23;1.02;1.04;0.117;38.2;8.83;4.19;2.77;0.45;1.55;4.54;99.4;74.9;12.3;3.1;9.1;0.6;0.21;0.1;0.13;1.21;1.28;0.131;61.8;9.71;4.72;2.98;0.48;1.71;4.69;160.7;127;20.9;3.4;9.4;0.65;0.36;0.11;0.16
-3;100;0;50;50;19.74;3.78;10.91;1.13;1.08;0.119;38.7;8.97;4.28;2.78;0.47;1.55;5.38;101.6;76.7;11.1;3.1;10.8;0.6;0.25;0.09;0.14;1.9;1.8;0.134;61.3;13.36;6.57;4;0.67;2.23;5.53;161.2;123.8;21.8;4.5;11.1;0.85;0.57;0.16;0.22
-3;100;0;50;100;19.66;4.5;12.95;1.23;1.21;0.127;37.5;9.46;4.64;2.85;0.48;1.69;6.37;103.8;78;9.8;3.4;12.7;0.62;0.33;0.11;0.15;2.4;2.42;0.142;62.5;17.01;8.39;5.11;0.86;2.81;6.59;173.3;121.5;33;5.6;13.2;1.09;0.87;0.2;0.27
-3;100;0;100;0;21.09;3.68;10.3;1.04;1.07;0.117;45.7;9.13;4.36;2.77;0.49;1.6;5.11;102.2;73.6;15.2;3.2;10.2;0.57;0.26;0.1;0.14;1.55;1.57;0.134;54.3;11.72;5.76;3.59;0.58;2.08;5.19;121.5;86.2;20.8;4.2;10.4;0.89;0.36;0.14;0.19
-3;100;0;100;50;21.56;4.4;13.02;1.12;1.14;0.119;45.5;9.52;4.52;3.03;0.51;1.64;6.4;104.5;74.3;14.2;3.3;12.8;0.57;0.33;0.1;0.15;2.4;2.3;0.137;54.5;16.73;8.13;5.11;0.88;2.76;6.61;125.2;85.3;21.1;5.5;13.2;1.29;0.55;0.19;0.27
-3;100;0;100;100;21.64;5.18;14.78;1.36;1.34;0.13;43.5;10.3;5.07;3.02;0.57;1.78;7.21;106.2;74.9;13.3;3.6;14.4;0.59;0.48;0.11;0.16;2.86;2.87;0.143;56.5;20.12;10.05;5.98;1;3.4;7.57;138.2;84.6;31.7;6.8;15.1;1.51;0.83;0.22;0.32
-3;100;50;0;0;17.99;3.38;9.96;1.43;1.4;0.118;33.9;11.78;5.61;3.66;0.64;1.98;4.84;100.4;77.9;8.8;4;9.7;0.9;0.18;0.13;0.18;1.1;1.06;0.129;66.1;8.19;3.94;2.53;0.44;1.39;5.12;196.1;162;21.1;2.8;10.2;0.35;0.49;0.09;0.13
-3;100;50;0;50;17.79;3.73;10.79;1.5;1.5;0.123;33.6;12.13;5.86;3.67;0.63;2.12;5.32;102.6;80;7.7;4.2;10.6;0.93;0.25;0.13;0.19;1.42;1.44;0.146;66.4;9.82;4.77;2.95;0.54;1.61;5.46;203.1;157.1;31.8;3.2;10.9;0.36;0.81;0.11;0.15
-3;100;50;0;100;17.77;4.09;11.74;1.6;1.57;0.126;34.3;12.41;6.05;3.84;0.64;2.16;5.66;104.4;82.2;6.6;4.3;11.3;0.95;0.29;0.14;0.19;1.75;1.78;0.152;65.7;11.66;5.77;3.46;0.59;1.94;6.08;200.6;151.7;32.8;3.9;12.2;0.35;1.11;0.14;0.18
-3;100;50;50;0;19.63;3.84;11.44;1.48;1.48;0.118;39.1;12.54;6.01;3.86;0.66;2.11;5.64;103.3;75.7;12.1;4.2;11.3;0.88;0.27;0.14;0.2;1.45;1.41;0.134;60.9;10.54;5.15;3.17;0.54;1.74;5.8;160.9;125.6;20.3;3.5;11.6;0.66;0.46;0.12;0.18
-3;100;50;50;50;19.83;4.61;13.06;1.59;1.58;0.124;38.1;12.76;6.13;3.9;0.67;2.16;6.39;105.5;77.5;10.8;4.3;12.8;0.89;0.38;0.13;0.18;2.05;2.04;0.146;61.9;13.96;7.05;4.1;0.7;2.45;6.67;171.7;122.3;31.2;4.9;13.3;0.83;0.82;0.17;0.22
-3;100;50;50;100;19.96;5.2;14.89;1.7;1.73;0.131;39.5;13.13;6.36;4.04;0.75;2.25;7.27;112.5;78.9;14.5;4.5;14.5;0.91;0.47;0.14;0.2;2.66;2.64;0.15;60.5;17.53;8.81;5.14;0.89;2.95;7.63;172.8;119.8;31.8;5.9;15.3;1.07;1.08;0.21;0.28
-3;100;50;100;0;21.51;4.46;12.7;1.65;1.6;0.12;46.1;13.31;6.45;4.09;0.66;2.33;6.1;105.8;73.4;15.5;4.7;12.2;0.85;0.41;0.15;0.2;1.75;1.7;0.136;53.9;12.44;6.22;3.72;0.64;2.12;6.6;123.5;86.3;19.7;4.2;13.2;0.89;0.46;0.15;0.2
-3;100;50;100;50;21.73;5.2;15.3;1.75;1.79;0.128;45.8;13.86;6.71;4.26;0.73;2.39;7.45;115.4;74.1;21.5;4.8;14.9;0.87;0.56;0.16;0.21;2.46;2.51;0.146;54.2;17.18;8.41;5.22;0.83;2.82;7.85;136.4;85.5;29.6;5.6;15.7;1.28;0.77;0.19;0.27
-3;100;50;100;100;21.66;5.85;16.85;1.97;1.94;0.135;45.8;14.37;7.01;4.34;0.73;2.47;8.3;116.8;75.3;20;4.9;16.6;0.88;0.68;0.16;0.22;3.17;3.07;0.149;54.2;20.55;10.37;6.09;1.02;3.38;8.55;138;84.1;30.1;6.8;17.1;1.49;1.02;0.24;0.32
-3;100;100;0;0;17.95;4.04;11.73;1.81;1.8;0.122;35.7;14.74;7.11;4.56;0.8;2.58;5.75;108.5;78.2;13.6;5.2;11.5;1.1;0.31;0.16;0.23;1.3;1.3;0.146;64.3;8.91;4.43;2.61;0.47;1.46;5.99;195.9;161.3;19.8;2.9;12;0.36;0.69;0.1;0.14
-3;100;100;0;50;17.59;4.38;12.38;1.92;1.9;0.127;35.1;14.97;7.38;4.53;0.76;2.67;6.01;109.2;80.2;11.6;5.3;12;1.13;0.38;0.17;0.22;1.66;1.64;0.158;64.9;10.4;5.25;3.03;0.51;1.7;6.37;202.6;156.4;30.1;3.4;12.7;0.36;1;0.12;0.17
-3;100;100;0;100;17.87;4.6;13.33;1.92;1.96;0.13;36;14.97;7.22;4.6;0.77;2.58;6.55;111.2;83.4;9.5;5.2;13.1;1.15;0.41;0.16;0.23;2.15;2.14;0.172;64;12.46;6.42;3.64;0.57;2.02;6.79;198.3;148.7;32;4;13.6;0.35;1.46;0.13;0.2
-3;100;100;50;0;19.55;4.53;13.05;1.98;1.94;0.124;41.1;15.52;7.49;4.77;0.81;2.7;6.41;112.3;76;18.1;5.4;12.8;1.07;0.46;0.17;0.24;1.61;1.62;0.146;58.9;11.09;5.42;3.29;0.59;1.83;6.63;161.1;125.1;19.1;3.7;13.3;0.64;0.67;0.13;0.18
-3;100;100;50;50;19.5;5.07;14.65;2.07;2.04;0.129;39.7;15.73;7.66;4.78;0.84;2.68;7.15;113.1;77.2;16.2;5.4;14.3;1.08;0.54;0.17;0.25;2.23;2.23;0.154;60.3;14.42;7.25;4.25;0.72;2.38;7.5;171.9;122.8;29.3;4.8;15;0.85;0.99;0.15;0.24
-3;100;100;50;100;19.84;5.67;16.2;2.21;2.16;0.135;40.1;15.9;7.86;4.73;0.82;2.72;7.89;114.9;79.3;14.4;5.4;15.8;1.11;0.64;0.17;0.24;2.94;2.9;0.163;59.9;17.74;8.98;5.25;0.86;2.95;8.32;171.7;119.1;30.1;5.9;16.6;1.04;1.39;0.2;0.28
-3;100;100;100;0;21.18;5.03;14.39;2.02;2.07;0.125;48.5;16.41;7.98;5.02;0.83;2.89;7.09;116.4;73.7;22.7;5.8;14.2;1.04;0.59;0.18;0.26;1.96;1.91;0.146;51.5;13.03;6.41;3.89;0.66;2.13;7.3;123.5;86;18.6;4.3;14.6;0.89;0.66;0.16;0.2
-3;100;100;100;50;21.51;5.76;16.55;2.25;2.21;0.132;46.2;16.68;8.26;4.97;0.85;2.91;8.08;117.3;73.6;21.7;5.8;16.2;1.02;0.74;0.2;0.25;2.68;2.66;0.152;53.8;17.46;8.72;5.2;0.85;2.85;8.47;136.8;86.1;28.1;5.7;16.9;1.28;0.93;0.18;0.27
-3;100;100;100;100;21.59;6.42;18.1;2.47;2.4;0.14;46.3;17.04;8.49;5.03;0.9;2.89;8.87;118.7;75.5;19.7;5.8;17.7;1.05;0.9;0.2;0.25;3.51;3.38;0.16;53.7;21.14;10.74;6.21;1.03;3.52;9.23;138;83.8;28.7;7;18.5;1.5;1.31;0.24;0.33
-2;0;0;0;0;13.64;1.8;5.23;0.6;0.58;0.119;47.3;4.79;2.33;1.44;0.28;0.85;2.67;169.2;152;10.2;1.7;5.3;0.28;0.17;0.06;0.08;0.73;0.75;0.128;52.7;5.78;2.72;1.86;0.27;0.96;2.56;188.7;167.7;13.9;1.9;5.1;0.35;0.24;0.07;0.09
-2;0;0;0;50;13.32;2.06;5.71;0.61;0.61;0.122;47.4;4.86;2.29;1.5;0.27;0.8;2.78;169.7;153.4;9.2;1.6;5.6;0.29;0.2;0.05;0.08;0.89;0.88;0.127;52.6;6.88;3.44;1.99;0.36;1.26;2.93;188.5;166.1;14;2.5;5.9;0.38;0.31;0.08;0.11
-2;0;0;0;100;12.87;2.24;6.24;0.68;0.66;0.13;47;5;2.44;1.45;0.29;0.83;3.1;171.7;155.8;8.1;1.7;6.2;0.29;0.23;0.05;0.08;1.05;1.07;0.136;53;7.85;3.96;2.37;0.37;1.41;3.14;193.5;163.4;21;2.8;6.3;0.38;0.47;0.1;0.13
-2;0;0;50;0;15.5;2.38;6.82;0.63;0.65;0.118;52.9;5.42;2.6;1.67;0.28;0.98;3.37;170.5;148.2;13.6;2;6.7;0.28;0.23;0.06;0.08;1.02;1.11;0.134;47.1;8.21;3.99;2.52;0.44;1.4;3.45;151.9;128.9;13.3;2.8;6.9;0.66;0.23;0.1;0.13
-2;0;0;50;50;15.31;2.9;8.16;0.71;0.7;0.123;52.6;5.64;2.76;1.72;0.31;1.03;4.03;171.1;148.8;12.2;2.1;8.1;0.28;0.27;0.07;0.09;1.56;1.5;0.135;47.4;11.07;5.49;3.29;0.53;1.87;4.13;153.9;128.4;13.5;3.7;8.3;0.91;0.29;0.12;0.18
-2;0;0;50;100;15.34;3.44;9.79;0.81;0.82;0.136;51.5;5.97;2.92;1.87;0.3;1.02;4.81;172.7;149.8;11.3;2;9.6;0.29;0.38;0.06;0.09;1.94;1.99;0.141;48.5;14.16;6.95;4.35;0.66;2.42;4.97;162.6;127.6;20.3;4.8;9.9;1.14;0.46;0.17;0.23
-2;0;0;100;0;17.53;2.83;8.25;0.73;0.75;0.118;60.3;6.27;3.01;1.89;0.36;1.12;4.06;172.2;144.7;17.1;2.2;8.1;0.28;0.3;0.08;0.1;1.31;1.4;0.137;39.7;10.18;4.94;3.17;0.51;1.71;4.18;113.1;88.1;13.2;3.4;8.4;0.9;0.22;0.11;0.17
-2;0;0;100;50;17.87;3.67;10.51;0.81;0.84;0.123;59.4;6.79;3.25;2.14;0.37;1.2;5.17;172.4;143.5;16.2;2.4;10.3;0.28;0.38;0.08;0.11;2.03;2.03;0.138;40.6;14.63;7.19;4.4;0.78;2.48;5.34;117.5;88.8;13.1;5;10.7;1.34;0.28;0.17;0.24
-2;0;0;100;100;17.46;4.26;12.13;0.89;0.97;0.139;57.8;6.95;3.42;2.09;0.35;1.26;5.91;173.2;144.1;14.8;2.5;11.8;0.27;0.51;0.08;0.1;2.43;2.54;0.142;42.2;17.88;8.71;5.39;0.99;3;6.22;126.5;88.4;19.6;6;12.4;1.6;0.44;0.2;0.3
-2;0;50;0;0;13.32;2.06;5.73;0.65;0.66;0.119;46.9;5.48;2.69;1.66;0.27;1.02;2.83;168.4;150.3;10.4;2;5.7;0.29;0.23;0.06;0.08;0.77;0.82;0.133;53.1;6.09;2.96;1.89;0.32;1.04;2.9;190.3;169.6;12.8;2.1;5.8;0.38;0.27;0.07;0.1
-2;0;50;0;50;12.75;2.15;6.16;0.77;0.74;0.131;47.4;5.57;2.7;1.69;0.29;0.96;2.99;169.5;152.6;9;1.9;6;0.3;0.3;0.06;0.08;0.98;0.99;0.14;52.6;7.02;3.45;2.1;0.38;1.19;3.16;188.5;167;12.8;2.4;6.3;0.38;0.43;0.08;0.11
-2;0;50;0;100;12.49;2.35;6.61;0.81;0.8;0.139;47;5.66;2.81;1.69;0.27;0.97;3.22;171.2;154.8;8.1;1.9;6.4;0.31;0.35;0.06;0.08;1.24;1.21;0.15;53;8.03;4.02;2.41;0.39;1.38;3.39;193.2;164.5;19.1;2.8;6.8;0.39;0.6;0.09;0.13
-2;0;50;50;0;14.93;2.58;7.49;0.75;0.77;0.119;52.5;6.42;3.07;2;0.36;1.15;3.68;169.3;146.3;13.4;2.3;7.4;0.29;0.3;0.08;0.1;1.09;1.18;0.137;47.5;8.53;4.16;2.6;0.47;1.43;3.81;153.2;130.6;12.1;2.9;7.6;0.68;0.26;0.09;0.14
-2;0;50;50;50;15.23;3.16;8.93;0.94;0.93;0.133;52.2;6.92;3.39;2.08;0.35;1.2;4.35;170.2;146.4;12.7;2.4;8.7;0.29;0.45;0.08;0.11;1.59;1.64;0.143;47.8;11.44;5.7;3.43;0.53;1.96;4.58;155.9;130.5;12.3;3.9;9.2;0.91;0.41;0.13;0.19
-2;0;50;50;100;15.07;3.55;10.23;1.03;1.02;0.148;52.1;6.81;3.42;2.06;0.33;1.15;5.04;177.8;148.2;17.2;2.3;10.1;0.28;0.55;0.08;0.1;2.17;2.15;0.149;47.9;14.42;7.19;4.26;0.73;2.4;5.19;163.3;129;19.1;4.8;10.4;1.15;0.61;0.16;0.23
-2;0;50;100;0;17.37;3.19;9.02;0.98;0.95;0.122;59.6;7.69;3.77;2.36;0.42;1.37;4.34;169.9;141.1;17.4;2.7;8.7;0.28;0.46;0.09;0.12;1.43;1.49;0.139;40.4;10.64;5.28;3.15;0.53;1.82;4.68;115;90.1;11.9;3.6;9.4;0.93;0.25;0.12;0.18
-2;0;50;100;50;17.43;3.87;11.17;1.08;1.1;0.139;60.1;7.9;3.95;2.36;0.42;1.37;5.52;179;141.1;24.2;2.7;11;0.28;0.62;0.08;0.12;2.12;2.16;0.144;39.9;14.98;7.36;4.47;0.84;2.51;5.65;118.5;90.2;12;5;11.3;1.35;0.39;0.17;0.24
-2;0;50;100;100;17.45;4.44;12.7;1.26;1.27;0.151;58.4;8.39;4.13;2.5;0.44;1.39;6.18;178.7;140.6;23;2.8;12.4;0.28;0.78;0.09;0.13;2.62;2.68;0.148;41.6;18.09;8.89;5.51;0.89;3.05;6.51;127.4;90.4;17.9;6.1;13;1.61;0.57;0.21;0.29
-2;0;100;0;0;12.87;2.12;6.4;0.82;0.85;0.128;47.5;6.58;3.17;2.02;0.34;1.1;3.15;173;148.8;15.7;2.2;6.3;0.31;0.36;0.07;0.11;0.89;0.89;0.14;52.5;6.3;3.1;1.93;0.34;1.02;3.25;191.4;171.4;11.4;2;6.5;0.38;0.34;0.07;0.1
-2;0;100;0;50;12.54;2.34;6.8;0.94;0.94;0.141;47.7;6.58;3.21;2.05;0.31;1.1;3.29;173.7;150.7;14.2;2.2;6.6;0.31;0.45;0.07;0.11;1.14;1.11;0.15;52.3;7.33;3.67;2.19;0.38;1.25;3.51;190.3;169.1;11.7;2.5;7;0.39;0.52;0.08;0.12
-2;0;100;0;100;12.03;2.45;7.11;0.97;1;0.154;47.5;6.45;3.22;1.93;0.35;1.11;3.45;174.9;153.7;12;2.2;6.9;0.32;0.53;0.06;0.1;1.32;1.38;0.166;52.5;8.26;4.17;2.45;0.44;1.34;3.66;193.3;165.7;17.6;2.7;7.3;0.39;0.76;0.09;0.13
-2;0;100;50;0;15.07;2.85;8.07;1;1.02;0.133;53.1;7.62;3.76;2.29;0.41;1.33;4.02;175.5;143.7;21.1;2.7;8;0.29;0.54;0.08;0.11;1.21;1.25;0.143;46.9;8.71;4.32;2.65;0.42;1.51;4.05;155.1;132.8;11.2;3;8.1;0.68;0.33;0.1;0.14
-2;0;100;50;50;14.55;3.23;9.38;1.1;1.13;0.144;52.7;7.82;3.83;2.35;0.39;1.3;4.53;174.9;144.1;19.2;2.6;9.1;0.31;0.62;0.08;0.12;1.73;1.69;0.148;47.3;11.38;5.78;3.26;0.59;1.93;4.84;156.9;132.5;10.9;3.9;9.7;0.92;0.47;0.12;0.19
-2;0;100;50;100;14.73;3.77;10.87;1.27;1.25;0.16;51.8;7.79;4.02;2.23;0.36;1.26;5.39;176.4;146;17.1;2.5;10.8;0.29;0.76;0.08;0.12;2.16;2.33;0.157;48.2;14.8;7.37;4.42;0.73;2.51;5.47;164;130.9;17.2;5;10.9;1.18;0.75;0.17;0.24
-2;0;100;100;0;17.11;3.44;9.77;1.18;1.21;0.134;60.5;9;4.44;2.73;0.47;1.6;4.75;177.7;138.9;26.2;3.2;9.5;0.29;0.69;0.11;0.13;1.57;1.58;0.143;39.5;10.99;5.34;3.38;0.53;1.84;5.02;116;91.4;10.8;3.7;10;0.95;0.33;0.12;0.18
-2;0;100;100;50;17.22;4.12;12;1.36;1.36;0.146;59.5;9.25;4.58;2.77;0.47;1.6;5.88;176.8;136.9;24.9;3.2;11.8;0.27;0.86;0.1;0.14;2.26;2.27;0.148;40.5;15.33;7.59;4.67;0.75;2.52;6.11;120.4;92.5;10.6;5;12.2;1.39;0.46;0.18;0.24
-2;0;100;100;100;17.03;4.76;13.24;1.62;1.6;0.165;58.1;9.7;4.96;2.77;0.48;1.64;6.59;177.1;137.5;23.2;3.3;13.2;0.28;1.07;0.1;0.14;2.88;2.84;0.154;41.9;18.36;9.31;5.33;0.92;3.13;6.65;127.6;92.2;15.9;6.3;13.3;1.66;0.68;0.22;0.27
-2;50;0;0;0;15.53;2.38;6.79;0.85;0.9;0.123;41.5;7.24;3.44;2.2;0.4;1.27;3.34;135.2;115.8;10.2;2.5;6.7;0.53;0.18;0.08;0.11;0.81;0.83;0.127;58.5;6.44;3.09;2.02;0.32;1.11;3.45;191;165.1;16.8;2.2;6.9;0.36;0.29;0.07;0.11
-2;50;0;0;50;15.3;2.51;7.38;0.93;0.91;0.126;41.9;7.16;3.51;2.15;0.39;1.26;3.59;136.4;117.8;8.9;2.5;7.2;0.52;0.19;0.08;0.11;0.95;0.96;0.125;58.1;7.62;3.63;2.38;0.43;1.26;3.79;189.4;162;17.3;2.5;7.6;0.36;0.39;0.09;0.12
-2;50;0;0;100;15.2;2.84;8.35;0.92;0.97;0.13;41.6;7.39;3.59;2.27;0.39;1.25;4.14;139.5;121;7.7;2.5;8.3;0.54;0.23;0.08;0.12;1.26;1.3;0.14;58.4;9.25;4.53;2.85;0.47;1.59;4.21;195.5;157.2;26.7;3.2;8.4;0.38;0.67;0.1;0.15
-2;50;0;50;0;17.34;2.74;8.12;0.93;0.94;0.122;47.1;7.59;3.6;2.33;0.4;1.29;4;137.2;113.4;13.2;2.6;8;0.51;0.22;0.09;0.12;1.15;1.18;0.133;52.9;8.88;4.22;2.76;0.47;1.45;4.12;154.1;126.4;16.6;2.9;8.2;0.65;0.28;0.1;0.15
-2;50;0;50;50;17.32;3.35;9.63;0.96;0.96;0.124;46.9;7.68;3.67;2.34;0.41;1.33;4.72;138.2;114;12.1;2.7;9.4;0.5;0.27;0.08;0.12;1.64;1.59;0.133;53.1;11.92;5.87;3.57;0.65;2.02;4.91;156.3;125.7;16.7;4;9.8;0.89;0.37;0.14;0.19
-2;50;0;50;100;17.37;3.91;11.41;1.09;1.1;0.134;46;8.1;4.04;2.4;0.43;1.43;5.62;141.2;116.3;10.8;2.9;11.2;0.52;0.36;0.09;0.13;2.09;2.17;0.143;54;15.2;7.42;4.68;0.74;2.48;5.8;165.6;123.2;25.8;5;11.6;1.1;0.65;0.18;0.25
-2;50;0;100;0;19.28;3.28;9.32;0.96;0.99;0.121;54.7;8.12;3.87;2.51;0.46;1.43;4.56;139.7;111.3;16.5;2.9;9.1;0.49;0.29;0.1;0.12;1.48;1.47;0.135;45.3;10.8;5.3;3.28;0.54;1.85;4.77;115.7;86;16.5;3.7;9.5;0.89;0.28;0.12;0.18
-2;50;0;100;50;19.79;4.11;11.72;1.07;1.07;0.124;53.9;8.5;4.1;2.62;0.43;1.47;5.79;140.9;110.8;15.6;2.9;11.6;0.47;0.36;0.1;0.13;2.12;2.09;0.136;46.1;15.38;7.59;4.59;0.82;2.64;5.93;120.5;86.4;17;5.3;11.9;1.3;0.38;0.18;0.24
-2;50;0;100;100;19.52;4.86;13.51;1.19;1.26;0.136;52.3;9.16;4.56;2.73;0.45;1.62;6.59;142.8;111.9;14.5;3.2;13.2;0.5;0.51;0.11;0.13;2.55;2.69;0.143;47.7;18.68;9.25;5.55;0.97;3.24;6.91;130.4;85.6;24.5;6.5;13.8;1.54;0.62;0.22;0.3
-2;50;50;0;0;15.6;2.79;8.05;1.19;1.18;0.124;41.9;9.47;4.6;2.85;0.52;1.65;3.94;137.5;116.2;10.1;3.3;7.9;0.71;0.22;0.11;0.14;0.93;0.89;0.131;58.1;6.78;3.31;2.1;0.33;1.15;4.11;191.2;164.4;16.2;2.3;8.2;0.36;0.35;0.08;0.11
-2;50;50;0;50;15.36;3.03;8.92;1.24;1.29;0.131;42.6;9.78;4.73;2.96;0.53;1.66;4.42;140;118.9;9;3.3;8.8;0.72;0.3;0.11;0.16;1.13;1.16;0.14;57.4;8.2;4.02;2.52;0.44;1.37;4.5;188.5;160.4;16.4;2.7;9;0.35;0.57;0.09;0.14
-2;50;50;0;100;15.04;3.23;9.31;1.34;1.32;0.135;42.3;9.7;4.72;2.9;0.48;1.62;4.61;141.9;121.7;7.8;3.2;9.2;0.73;0.34;0.11;0.14;1.51;1.47;0.152;57.7;9.65;4.88;2.86;0.47;1.61;4.7;193.8;156.2;25;3.2;9.4;0.36;0.83;0.12;0.15
-2;50;50;50;0;17.39;3.36;9.73;1.3;1.27;0.122;47.3;10.31;4.94;3.14;0.56;1.8;4.83;139.5;112.8;13.5;3.6;9.7;0.68;0.31;0.12;0.16;1.22;1.25;0.135;52.7;9.18;4.44;2.79;0.49;1.56;4.9;155.5;127.2;15.4;3.1;9.8;0.66;0.34;0.1;0.15
-2;50;50;50;50;17.2;3.81;11.22;1.4;1.4;0.131;47.2;10.6;5.15;3.27;0.54;1.76;5.48;140.4;113.7;12.2;3.5;11;0.68;0.44;0.11;0.17;1.76;1.75;0.143;52.8;12.24;6.04;3.67;0.61;2.05;5.74;157.2;126.1;15.6;4.1;11.5;0.88;0.53;0.14;0.19
-2;50;50;50;100;17.36;4.45;12.65;1.49;1.51;0.141;47.1;10.67;5.22;3.31;0.54;1.82;6.16;148.2;115.7;16.5;3.6;12.3;0.69;0.54;0.12;0.17;2.32;2.33;0.15;52.9;15.55;7.77;4.6;0.8;2.62;6.49;166.3;123.9;24.2;5.2;13;1.1;0.8;0.19;0.24
-2;50;50;100;0;19.27;3.78;11.13;1.44;1.4;0.125;54.6;11.19;5.47;3.44;0.59;1.87;5.48;141.1;109.7;16.8;3.7;11;0.67;0.44;0.12;0.17;1.54;1.53;0.138;45.4;11.07;5.49;3.32;0.61;1.9;5.66;117.4;87.3;15;3.8;11.3;0.9;0.32;0.12;0.18
-2;50;50;100;50;19.66;4.67;13.39;1.6;1.61;0.136;55.3;11.76;5.74;3.56;0.59;1.92;6.6;150.5;109.1;24.4;3.8;13.2;0.66;0.64;0.13;0.19;2.12;2.24;0.143;44.7;15.6;7.74;4.57;0.84;2.75;6.79;121.8;87.7;15;5.5;13.6;1.3;0.52;0.18;0.25
-2;50;50;100;100;19.66;5.22;15.19;1.72;1.72;0.144;53.5;11.9;5.85;3.62;0.62;2.01;7.37;151.8;110.8;22.2;4;14.7;0.66;0.75;0.12;0.18;2.7;2.84;0.149;46.5;19.07;9.37;5.82;0.99;3.21;7.82;131.7;86.4;23.2;6.4;15.6;1.54;0.78;0.21;0.31
-2;50;100;0;0;15.42;3.32;9.52;1.63;1.56;0.129;43.2;12.08;5.98;3.69;0.61;2.12;4.69;145.4;116.4;15.3;4.2;9.4;0.89;0.34;0.14;0.19;0.99;1.05;0.145;56.8;7.23;3.47;2.2;0.39;1.2;4.83;191.1;164.1;15;2.4;9.7;0.36;0.5;0.08;0.12
-2;50;100;0;50;15.15;3.46;10;1.63;1.66;0.136;42.7;12.18;5.92;3.72;0.62;2.06;4.96;146.3;119;13.3;4.1;9.9;0.9;0.42;0.14;0.2;1.34;1.34;0.157;57.3;8.52;4.23;2.54;0.45;1.41;5.04;196.2;160.2;23.1;2.8;10.1;0.36;0.75;0.1;0.13
-2;50;100;0;100;15.01;3.69;10.75;1.71;1.75;0.141;43.5;12.33;6.02;3.69;0.69;2.06;5.21;148.3;122.4;11.4;4.1;10.4;0.94;0.49;0.14;0.18;1.73;1.71;0.169;56.5;10.11;5.11;3;0.46;1.63;5.55;193.1;155.1;23.7;3.3;11.1;0.37;1.07;0.11;0.16
-2;50;100;50;0;17.24;3.94;11.04;1.71;1.74;0.132;48.6;13.15;6.35;3.95;0.72;2.28;5.47;147.9;112.5;19.9;4.6;10.9;0.87;0.51;0.14;0.21;1.31;1.42;0.146;51.4;9.66;4.77;2.84;0.47;1.66;5.56;156.4;127.5;14.4;3.3;11.1;0.66;0.48;0.12;0.16
-2;50;100;50;50;17.47;4.44;12.63;1.84;1.83;0.138;47.5;13.28;6.51;3.97;0.71;2.26;6.23;149.5;114.1;18.4;4.5;12.5;0.88;0.61;0.15;0.2;1.9;1.96;0.153;52.5;12.8;6.35;3.79;0.69;2.18;6.41;165.3;125.7;22.5;4.4;12.8;0.88;0.73;0.15;0.2
-2;50;100;50;100;17.22;4.89;13.9;1.97;1.93;0.146;47.8;13.17;6.62;3.91;0.66;2.29;6.92;151.2;116.4;16.4;4.6;13.8;0.88;0.71;0.15;0.2;2.52;2.54;0.16;52.2;15.81;7.93;4.64;0.82;2.6;6.98;165.3;123;23.1;5.2;14;1.09;1.03;0.18;0.24
-2;50;100;100;0;19.37;4.29;12.58;1.9;1.85;0.132;56.1;13.99;6.9;4.12;0.74;2.33;6.17;151.4;109.1;25.3;4.7;12.3;0.84;0.66;0.15;0.21;1.69;1.71;0.146;43.9;11.71;5.79;3.56;0.55;1.96;6.41;118.6;87.7;14.2;3.9;12.8;0.91;0.48;0.13;0.19
-2;50;100;100;50;19.55;5.23;15.02;2.02;2.04;0.139;53.8;14.57;7.18;4.4;0.76;2.47;7.32;152;108.6;23.8;4.9;14.6;0.84;0.81;0.16;0.23;2.41;2.47;0.151;46.2;16.29;8.18;4.85;0.79;2.76;7.69;130.3;88.1;21.3;5.5;15.4;1.33;0.69;0.19;0.26
-2;50;100;100;100;19.41;5.63;16.35;2.22;2.23;0.151;53.5;14.68;7.3;4.45;0.76;2.4;7.98;152.4;109.6;22;4.8;16;0.83;1.01;0.16;0.23;3.02;3.06;0.157;46.5;19.48;9.75;5.76;0.96;3.23;8.37;132.2;87.3;21.6;6.5;16.7;1.56;0.96;0.22;0.32
-2;100;0;0;0;17.72;2.73;7.92;1.12;1.08;0.124;33.9;8.6;4.22;2.63;0.46;1.49;3.84;98.9;78.4;9.9;3;7.7;0.67;0.17;0.09;0.14;0.86;0.92;0.126;66.1;7.26;3.49;2.23;0.36;1.24;4.08;193.4;162;20.7;2.5;8.2;0.36;0.36;0.09;0.11
-2;100;0;0;50;17.57;3.08;8.81;1.09;1.11;0.126;34.8;8.75;4.17;2.65;0.5;1.49;4.28;101.1;80.9;8.7;3;8.6;0.69;0.19;0.1;0.13;1.13;1.17;0.129;65.2;9.05;4.42;2.77;0.46;1.59;4.54;189.8;156.4;21.1;3.2;9.1;0.36;0.56;0.11;0.15
-2;100;0;0;100;17.65;3.43;9.89;1.16;1.2;0.13;34.5;9.17;4.43;2.81;0.48;1.57;4.84;103.7;83.3;7.6;3.1;9.7;0.74;0.22;0.1;0.14;1.52;1.52;0.14;65.5;10.83;5.36;3.25;0.54;1.86;5.05;197.1;150.8;32.5;3.7;10.1;0.36;0.86;0.13;0.17
-2;100;0;50;0;19.33;3.29;9.41;1.13;1.14;0.123;39.5;9.21;4.5;2.77;0.48;1.61;4.56;102.3;76.9;13;3.2;9.1;0.68;0.23;0.1;0.13;1.2;1.26;0.131;60.5;9.55;4.61;2.96;0.51;1.68;4.85;157;124;19.9;3.4;9.7;0.64;0.35;0.11;0.15
-2;100;0;50;50;19.57;3.87;10.81;1.17;1.17;0.126;39.9;9.26;4.5;2.83;0.45;1.65;5.38;104.4;78.6;11.7;3.3;10.8;0.67;0.26;0.1;0.14;1.69;1.72;0.134;60.1;12.8;6.26;3.85;0.64;2.21;5.43;157.2;121.1;20.8;4.4;10.9;0.84;0.54;0.15;0.2
-2;100;0;50;100;19.62;4.45;12.87;1.27;1.33;0.134;38.5;9.92;4.82;2.99;0.51;1.71;6.32;106.1;79.4;10.6;3.4;12.6;0.7;0.37;0.11;0.16;2.2;2.32;0.142;61.5;16.28;7.98;4.99;0.85;2.75;6.54;169.5;119.8;31.1;5.5;13.1;1.06;0.81;0.19;0.26
-2;100;0;100;0;21.46;3.62;10.36;1.15;1.17;0.122;47.2;9.55;4.66;2.95;0.49;1.72;5.1;105.9;75.7;16.5;3.4;10.2;0.65;0.28;0.1;0.15;1.46;1.5;0.133;52.8;11.24;5.48;3.42;0.6;1.9;5.26;118.5;84.1;20;3.8;10.5;0.84;0.35;0.13;0.18
-2;100;0;100;50;21.37;4.47;13.11;1.26;1.27;0.125;46.6;10.09;4.76;3.27;0.51;1.69;6.38;107;75.7;15.1;3.4;12.8;0.65;0.35;0.11;0.16;2.2;2.23;0.137;53.4;16.21;8.1;4.77;0.84;2.78;6.73;122.9;84.1;19.8;5.6;13.5;1.27;0.51;0.18;0.26
-2;100;0;100;100;21.53;5.12;14.89;1.48;1.45;0.135;44.9;10.75;5.24;3.28;0.58;1.78;7.39;109.4;77;14;3.6;14.8;0.68;0.5;0.11;0.17;2.71;2.78;0.143;55.1;19.46;9.64;5.84;1;3.33;7.5;134.3;82.7;29.9;6.7;15;1.48;0.78;0.21;0.31
-2;100;50;0;0;18.02;3.62;10.12;1.52;1.56;0.125;35.4;12.45;6.13;3.77;0.64;2.25;5.09;104.7;80.1;9.9;4.5;10.2;1.01;0.22;0.14;0.2;0.97;1.03;0.129;64.6;7.9;3.79;2.43;0.41;1.37;5.03;191;158.3;19.9;2.7;10.1;0.35;0.46;0.09;0.13
-2;100;50;0;50;17.67;3.8;10.91;1.66;1.66;0.13;34.6;12.69;6.22;3.81;0.64;2.21;5.36;105.4;81.7;8.5;4.4;10.7;1.04;0.28;0.14;0.2;1.31;1.38;0.145;65.4;9.46;4.63;2.87;0.48;1.59;5.55;199.2;154.4;30.5;3.2;11.1;0.35;0.78;0.1;0.15
-2;100;50;0;100;17.57;4.29;11.89;1.71;1.76;0.133;35.7;13.17;6.47;4.03;0.66;2.36;5.86;108.1;84.4;7.3;4.7;11.7;1.09;0.33;0.15;0.2;1.7;1.71;0.152;64.3;11.23;5.65;3.3;0.57;1.93;6.03;195.4;148.5;31;3.9;12.1;0.35;1.06;0.13;0.17
-2;100;50;50;0;19.38;4;11.51;1.62;1.65;0.124;40.4;13.24;6.34;4.11;0.68;2.27;5.68;106.4;77.7;12.7;4.5;11.4;1.01;0.29;0.14;0.21;1.41;1.37;0.134;59.6;10.14;5.05;3.05;0.49;1.73;5.83;156.7;122.6;19.1;3.5;11.7;0.64;0.44;0.13;0.16
-2;100;50;50;50;19.78;4.56;13.23;1.79;1.77;0.131;39.4;13.51;6.61;4.15;0.73;2.32;6.53;108.9;79.4;11.8;4.6;13.1;1.01;0.41;0.16;0.21;1.94;1.97;0.146;60.6;13.45;6.65;4.04;0.67;2.24;6.7;167.4;119.8;29.8;4.5;13.4;0.83;0.77;0.16;0.21
-2;100;50;50;100;19.7;5.22;14.73;1.83;1.87;0.137;40.7;13.58;6.64;4.16;0.7;2.36;7.24;115.4;80.7;15.5;4.7;14.5;1.01;0.51;0.14;0.2;2.61;2.53;0.15;59.3;16.83;8.51;4.99;0.82;2.85;7.49;168.4;117.6;30.1;5.7;15;1.05;1.01;0.2;0.27
-2;100;50;100;0;21.27;4.49;12.96;1.74;1.75;0.126;47.7;13.91;6.74;4.28;0.7;2.39;6.44;109.6;75.8;16.1;4.8;12.9;0.97;0.42;0.15;0.22;1.58;1.65;0.136;52.3;12.09;5.97;3.67;0.62;2.1;6.52;119.9;84;18.7;4.2;13;0.87;0.44;0.14;0.2
-2;100;50;100;50;21.76;5.3;15.17;1.88;1.91;0.134;46.9;14.19;7.03;4.2;0.73;2.48;7.39;118.4;75.7;22.9;5;14.8;0.95;0.58;0.15;0.22;2.33;2.45;0.146;53.1;16.73;8.19;5.09;0.85;2.82;7.78;134;84.1;28.6;5.6;15.6;1.26;0.73;0.19;0.26
-2;100;50;100;100;21.86;6;16.83;2.14;2.1;0.14;47.1;14.93;7.39;4.57;0.73;2.53;8.28;120.2;77.2;21.3;5.1;16.6;0.99;0.72;0.16;0.24;2.99;2.99;0.149;52.9;20;10.11;5.81;1.02;3.47;8.55;135.2;82.4;28.7;6.9;17.1;1.46;0.98;0.23;0.31
-2;100;100;0;0;17.65;4.07;11.68;1.96;1.97;0.129;36.9;15.21;7.45;4.66;0.77;2.66;5.76;111.5;80.4;14.3;5.3;11.5;1.23;0.32;0.18;0.24;1.16;1.24;0.145;63.1;8.49;4.19;2.55;0.46;1.41;5.92;191.1;157.5;18.9;2.8;11.8;0.33;0.67;0.1;0.14
-2;100;100;0;50;17.82;4.3;12.53;2.11;2.07;0.134;36.5;15.44;7.66;4.62;0.82;2.65;6.26;113.3;82.9;12.6;5.3;12.5;1.26;0.4;0.17;0.24;1.61;1.61;0.158;63.5;10.2;5.09;3.02;0.56;1.65;6.28;197.2;151.9;29.5;3.3;12.6;0.35;0.99;0.12;0.16
-2;100;100;0;100;17.58;4.62;13.42;2.17;2.22;0.138;37.1;15.96;7.84;4.78;0.85;2.75;6.57;114.5;84.9;11;5.5;13.1;1.31;0.48;0.17;0.25;2.1;2.02;0.171;62.9;11.76;6.03;3.35;0.59;1.86;6.85;194.4;147.3;29.6;3.7;13.7;0.35;1.36;0.12;0.19
-2;100;100;50;0;19.61;4.54;13.15;2.17;2.1;0.131;42.3;15.98;7.75;4.9;0.82;2.74;6.43;115.5;77.8;19.3;5.5;12.9;1.18;0.49;0.17;0.25;1.52;1.58;0.146;57.7;10.85;5.31;3.29;0.55;1.8;6.72;157.8;122.4;18.4;3.6;13.4;0.64;0.65;0.12;0.18
-2;100;100;50;50;19.59;5.17;14.52;2.3;2.23;0.136;41.1;16.37;8.08;4.87;0.84;2.83;7.15;116.8;78.8;18;5.7;14.3;1.2;0.6;0.18;0.25;2.13;2.13;0.154;58.9;13.77;6.97;4.04;0.69;2.34;7.37;167.8;120.7;27.7;4.7;14.7;0.82;0.93;0.16;0.22
-2;100;100;50;100;19.55;5.55;16.34;2.38;2.37;0.142;41.5;16.64;8.15;5.05;0.86;2.75;8.08;118.4;81.3;15.4;5.5;16.2;1.25;0.68;0.18;0.26;2.82;2.81;0.163;58.5;17.23;8.77;5.05;0.84;2.81;8.25;167;116.5;28.3;5.6;16.5;1.02;1.31;0.2;0.28
-2;100;100;100;0;21.46;5.08;14.62;2.19;2.24;0.131;49.7;17.04;8.34;5.22;0.85;2.98;7.21;120.1;74.9;24.7;6;14.4;1.15;0.66;0.18;0.26;1.76;1.83;0.146;50.3;12.48;6.13;3.78;0.66;2.1;7.41;121.7;85;17.6;4.2;14.8;0.86;0.62;0.15;0.19
-2;100;100;100;50;21.45;5.89;16.88;2.41;2.39;0.137;47.5;17.37;8.52;5.28;0.92;2.97;8.3;121;75.9;22.6;5.9;16.6;1.16;0.78;0.19;0.26;2.53;2.64;0.152;52.5;17.26;8.53;5.15;0.9;2.92;8.58;133.6;84;26.6;5.8;17.2;1.26;0.9;0.2;0.28
-2;100;100;100;100;21.38;6.46;18.36;2.62;2.63;0.147;47.4;17.87;8.81;5.3;0.93;3.03;9.04;121.8;76.4;21.3;6.1;18.1;1.18;0.98;0.2;0.27;3.16;3.24;0.159;52.6;20.37;10.22;5.94;1.07;3.43;9.32;135.4;83.3;26.6;6.9;18.6;1.49;1.2;0.23;0.32
-1;0;0;0;0;13.69;1.89;5.41;0.63;0.63;0.12;48.5;5.19;2.51;1.62;0.27;0.92;2.68;174.1;155.8;11.1;1.8;5.4;0.3;0.19;0.06;0.08;0.74;0.75;0.129;51.5;5.71;2.7;1.81;0.32;0.97;2.72;184.6;164.2;13;1.9;5.4;0.36;0.22;0.07;0.09
-1;0;0;0;50;13.43;1.99;5.82;0.64;0.66;0.123;48.8;5.23;2.51;1.61;0.27;0.88;2.91;175.1;157.3;10.2;1.8;5.8;0.29;0.22;0.06;0.08;0.84;0.84;0.128;51.2;6.5;3.19;1.98;0.34;1.11;2.91;183.7;162.5;13.2;2.2;5.8;0.37;0.28;0.08;0.1
-1;0;0;0;100;13.11;2.28;6.44;0.72;0.72;0.13;48.4;5.43;2.64;1.67;0.27;0.95;3.17;177.1;159.9;9;1.9;6.3;0.31;0.27;0.06;0.08;1;1.04;0.135;51.6;7.61;3.74;2.25;0.41;1.32;3.27;188.8;159.8;19.9;2.6;6.5;0.38;0.45;0.08;0.12
-1;0;0;50;0;15.65;2.46;6.95;0.68;0.71;0.119;54.3;5.9;2.82;1.85;0.31;1.06;3.47;175.9;152.4;14.4;2.1;6.9;0.3;0.25;0.07;0.1;1.02;1.1;0.135;45.7;8.13;3.97;2.47;0.43;1.41;3.48;148.2;125.7;12.7;2.8;7;0.65;0.22;0.09;0.13
-1;0;0;50;50;15.46;2.95;8.2;0.67;0.75;0.123;53.9;6;2.84;1.84;0.31;1.05;4.07;175.9;152.2;13.5;2.1;8.1;0.29;0.3;0.06;0.1;1.34;1.44;0.136;46.1;10.58;5.18;3.24;0.55;1.9;4.13;150.6;125.9;12.6;3.8;8.3;0.88;0.27;0.13;0.17
-1;0;0;50;100;15.59;3.29;9.74;0.85;0.86;0.137;52.8;6.21;3.03;1.9;0.31;1.05;4.91;177.6;153.3;12.4;2.1;9.8;0.28;0.42;0.07;0.1;1.82;1.9;0.14;47.2;13.53;6.49;4.16;0.71;2.24;4.83;158.5;125;19.3;4.5;9.7;1.1;0.43;0.15;0.22
-1;0;0;100;0;17.61;2.71;8.2;0.71;0.75;0.117;61.8;6.25;2.9;2;0.36;1.04;4;177.3;149.6;17.7;2.1;8;0.28;0.3;0.07;0.1;1.36;1.38;0.137;38.2;10.04;4.91;3.08;0.52;1.67;4.19;109.6;85.4;12.5;3.3;8.4;0.89;0.22;0.11;0.16
-1;0;0;100;50;17.62;3.53;10.33;0.86;0.85;0.123;60.9;6.87;3.28;2.12;0.35;1.2;5.12;177.2;147.5;17;2.4;10.2;0.28;0.39;0.08;0.1;1.83;1.92;0.138;39.1;13.88;6.71;4.28;0.73;2.33;5.21;113.7;86.5;12.1;4.7;10.4;1.28;0.26;0.15;0.22
-1;0;0;100;100;17.63;4.19;12.08;0.96;1.02;0.139;59.1;7.3;3.59;2.25;0.38;1.25;6;177.4;147.1;15.8;2.5;12;0.27;0.56;0.08;0.11;2.31;2.44;0.142;40.9;17.12;8.36;5.21;0.9;2.94;6.08;122.7;86.7;18;5.9;12.2;1.57;0.4;0.2;0.27
-1;0;50;0;0;13.29;2;5.73;0.71;0.7;0.119;48.5;5.81;2.78;1.78;0.33;1;2.83;173.9;155.1;11.1;2;5.7;0.31;0.24;0.07;0.09;0.79;0.78;0.132;51.5;5.83;2.84;1.74;0.31;1;2.9;184.5;164.8;11.9;2;5.8;0.36;0.26;0.06;0.09
-1;0;50;0;50;12.92;2.08;6.29;0.82;0.78;0.131;48.6;5.88;2.87;1.8;0.29;0.96;3.1;174.2;156.1;10;1.9;6.2;0.3;0.33;0.06;0.09;0.91;0.97;0.141;51.4;6.86;3.32;2.12;0.35;1.12;3.19;184.6;163.8;12.2;2.2;6.4;0.38;0.4;0.09;0.11
-1;0;50;0;100;12.41;2.36;6.63;0.87;0.86;0.14;48.2;6.07;3;1.85;0.32;1.04;3.26;175.9;158.5;8.8;2.1;6.5;0.31;0.39;0.07;0.09;1.15;1.15;0.15;51.8;7.64;3.85;2.24;0.35;1.32;3.37;188.8;161.3;18.1;2.6;6.7;0.38;0.56;0.09;0.12
-1;0;50;50;0;15.11;2.59;7.3;0.8;0.8;0.118;53.7;6.74;3.28;2.04;0.35;1.2;3.59;173.7;149.7;14.5;2.4;7.2;0.29;0.33;0.08;0.11;1.13;1.14;0.138;46.3;8.25;4.03;2.47;0.41;1.39;3.71;149.5;127.9;11.4;2.8;7.4;0.67;0.24;0.1;0.13
-1;0;50;50;50;15.17;3.18;8.84;0.95;0.96;0.133;53.5;7.17;3.57;2.15;0.37;1.27;4.39;174.9;149.8;13.7;2.5;8.8;0.3;0.47;0.08;0.11;1.54;1.56;0.143;46.5;10.85;5.41;3.19;0.58;1.91;4.44;151.8;127.8;11.3;3.8;8.9;0.89;0.37;0.12;0.17
-1;0;50;50;100;15.22;3.58;10.26;1.12;1.1;0.149;53.4;7.38;3.67;2.16;0.39;1.24;5.16;182.4;150.6;19;2.5;10.3;0.3;0.62;0.08;0.11;1.98;2.03;0.148;46.6;13.69;6.74;4.1;0.74;2.34;5.11;159.1;127.2;17.1;4.7;10.2;1.13;0.55;0.15;0.21
-1;0;50;100;0;17.16;3.04;8.85;0.99;0.96;0.122;61.3;7.75;3.73;2.42;0.41;1.32;4.4;175.2;145.8;18;2.6;8.8;0.29;0.46;0.09;0.12;1.34;1.41;0.139;38.7;10.07;4.86;3.07;0.51;1.71;4.45;110.6;87.4;10.9;3.4;8.9;0.91;0.23;0.11;0.16
-1;0;50;100;50;17.39;3.93;11.03;1.16;1.17;0.14;61.4;8.33;4.16;2.44;0.43;1.45;5.5;183.5;143.8;25.7;2.9;11;0.28;0.67;0.1;0.13;2;2.08;0.144;38.6;14.43;7.07;4.37;0.81;2.48;5.53;115.4;88.4;10.9;5;11.1;1.33;0.36;0.17;0.23
-1;0;50;100;100;17.46;4.32;12.62;1.35;1.3;0.151;59.8;8.56;4.22;2.57;0.43;1.39;6.21;183.9;144.3;24.4;2.8;12.4;0.28;0.81;0.08;0.13;2.56;2.59;0.148;40.2;17.5;8.58;5.31;0.91;2.93;6.41;123.5;88.2;16.6;5.9;12.8;1.58;0.53;0.19;0.28
-1;0;100;0;0;13.14;2.2;6.35;0.86;0.86;0.127;48.8;6.7;3.27;2.1;0.31;1.17;3.12;178.3;152.4;17.3;2.3;6.2;0.3;0.38;0.07;0.1;0.87;0.87;0.141;51.2;6.11;3.05;1.78;0.33;1.03;3.23;187;167.7;10.8;2.1;6.5;0.38;0.32;0.06;0.1
-1;0;100;0;50;12.45;2.29;6.65;1.01;0.98;0.142;49.2;6.86;3.36;2.06;0.34;1.13;3.34;179;155;15.1;2.3;6.7;0.32;0.48;0.07;0.11;1.02;1.05;0.15;50.8;6.93;3.44;2.05;0.38;1.17;3.31;184.7;165;10.8;2.3;6.6;0.37;0.49;0.08;0.11
-1;0;100;0;100;12.08;2.39;6.96;1.04;1.07;0.156;48.8;6.84;3.4;1.97;0.38;1.15;3.39;179.8;157.3;13.5;2.3;6.8;0.32;0.58;0.07;0.1;1.34;1.32;0.166;51.2;7.92;3.97;2.35;0.4;1.25;3.57;188.9;162.6;16.6;2.5;7.1;0.38;0.72;0.09;0.12
-1;0;100;50;0;15.07;2.86;8.02;1.06;1.09;0.134;54.5;8.06;3.98;2.38;0.41;1.43;4.04;180.8;147.3;22.6;2.9;8.1;0.3;0.57;0.09;0.13;1.24;1.22;0.143;45.5;8.53;4.21;2.54;0.44;1.43;3.98;151;129.8;10.3;2.9;8;0.68;0.31;0.1;0.13
-1;0;100;50;50;14.98;3.23;9.53;1.19;1.2;0.145;54;8.26;4.08;2.49;0.4;1.4;4.71;180.3;147.5;20.7;2.8;9.4;0.3;0.69;0.09;0.12;1.64;1.67;0.148;46;11.21;5.6;3.32;0.55;1.84;4.83;153.3;129.7;10.3;3.7;9.7;0.92;0.45;0.12;0.17
-1;0;100;50;100;14.77;3.69;10.7;1.42;1.37;0.161;53.1;8.47;4.28;2.53;0.45;1.39;5.42;181;148.4;19;2.8;10.8;0.31;0.84;0.1;0.13;2.15;2.18;0.156;46.9;13.93;6.96;4.14;0.71;2.3;5.29;159.7;129;15.5;4.6;10.6;1.14;0.67;0.16;0.21
-1;0;100;100;0;17.24;3.43;9.81;1.22;1.28;0.134;61.7;9.48;4.62;2.87;0.48;1.64;4.85;182.2;141.3;27.9;3.3;9.7;0.29;0.74;0.11;0.14;1.44;1.51;0.144;38.3;10.5;5.18;3.17;0.52;1.79;4.96;113.2;89.8;9.9;3.6;9.9;0.94;0.29;0.12;0.17
-1;0;100;100;50;17.28;4.09;11.85;1.52;1.44;0.147;60.8;9.75;4.86;2.9;0.47;1.63;5.93;181.6;140;26.5;3.3;11.9;0.28;0.91;0.1;0.15;2.1;2.18;0.148;39.2;14.72;7.21;4.43;0.81;2.46;5.92;116.9;90.5;9.7;4.9;11.8;1.36;0.42;0.16;0.23
-1;0;100;100;100;17.28;4.54;13.48;1.78;1.72;0.165;59.3;10.37;5.33;3.02;0.51;1.67;6.76;181.6;139.5;25.2;3.3;13.5;0.29;1.16;0.11;0.16;2.71;2.69;0.153;40.7;17.5;8.77;5.22;0.89;2.87;6.72;124.4;90.7;14.5;5.7;13.4;1.61;0.62;0.19;0.27
-1;50;0;0;0;15.73;2.28;6.78;0.92;0.91;0.122;42.9;7.33;3.49;2.31;0.37;1.25;3.45;139.7;119.1;11.2;2.5;6.9;0.52;0.19;0.08;0.12;0.77;0.8;0.127;57.1;6.21;2.99;1.91;0.33;1.03;3.32;185.9;161;16.2;2.1;6.6;0.36;0.27;0.07;0.1
-1;50;0;0;50;15.32;2.59;7.3;0.93;0.95;0.125;43.2;7.5;3.61;2.29;0.4;1.34;3.52;140.6;121;9.9;2.7;7;0.54;0.21;0.09;0.11;0.95;0.91;0.125;56.8;7.26;3.56;2.21;0.34;1.25;3.77;184.7;158.4;16.2;2.5;7.5;0.36;0.36;0.08;0.11
-1;50;0;0;100;15.19;2.82;8.22;1.02;1.02;0.131;43;7.78;3.8;2.45;0.38;1.33;4.08;143.6;124.2;8.6;2.7;8.2;0.56;0.26;0.09;0.13;1.29;1.27;0.14;57;9.02;4.45;2.72;0.44;1.49;4.14;190.1;153.8;25;3;8.3;0.38;0.64;0.11;0.14
-1;50;0;50;0;17.4;2.87;8.37;0.95;1;0.123;48.5;8.1;3.94;2.47;0.41;1.36;4.12;141.8;116.7;14.2;2.7;8.2;0.53;0.24;0.09;0.13;1.12;1.15;0.133;51.5;8.63;4.32;2.51;0.44;1.51;4.25;150.5;123.3;15.6;3;8.5;0.65;0.27;0.09;0.14
-1;50;0;50;50;17.63;3.43;9.77;1.04;1.05;0.125;48.3;8.34;4.02;2.56;0.44;1.44;4.78;142.9;117.4;13.1;2.9;9.6;0.53;0.29;0.09;0.13;1.49;1.53;0.133;51.7;11.48;5.63;3.45;0.57;1.99;4.99;152.7;122.6;16.2;4;10;0.86;0.36;0.13;0.18
-1;50;0;50;100;17.48;3.88;11.25;1.14;1.14;0.135;47.2;8.39;4.08;2.55;0.42;1.41;5.59;144.8;119;11.8;2.8;11.2;0.52;0.4;0.09;0.13;2.05;2.1;0.143;52.8;14.73;7.23;4.49;0.73;2.48;5.65;161.8;120.8;24.8;5;11.3;1.08;0.62;0.17;0.23
-1;50;0;100;0;19.45;3.29;9.47;1.04;1.05;0.121;56.2;8.64;4.2;2.63;0.43;1.57;4.68;144.4;114.4;17.6;3.1;9.4;0.51;0.31;0.1;0.13;1.38;1.41;0.136;43.8;10.37;5.01;3.2;0.56;1.73;4.8;112.5;83.9;15.5;3.5;9.6;0.85;0.27;0.12;0.17
-1;50;0;100;50;19.47;4.1;11.57;1.13;1.14;0.124;55.3;9.12;4.4;2.79;0.45;1.58;5.69;144.6;113.4;16.6;3.2;11.4;0.51;0.39;0.1;0.14;1.99;2;0.137;44.7;14.62;7.23;4.39;0.73;2.52;5.88;116.7;84.6;15.3;5;11.8;1.26;0.34;0.17;0.23
-1;50;0;100;100;19.41;4.58;13.47;1.31;1.3;0.136;53.6;9.49;4.53;2.97;0.49;1.51;6.65;146.3;114.7;15.3;3;13.3;0.51;0.54;0.1;0.15;2.5;2.59;0.143;46.4;18.04;8.88;5.42;0.94;3.07;6.82;126.8;83.6;23.4;6.1;13.6;1.5;0.59;0.21;0.29
-1;50;50;0;0;15.48;2.77;8.08;1.25;1.2;0.124;43.3;9.68;4.72;2.94;0.49;1.64;4.01;141.8;119.6;10.9;3.3;8;0.72;0.23;0.1;0.15;0.84;0.86;0.131;56.7;6.49;3.19;1.98;0.35;1.13;4.07;185.8;160.3;15;2.3;8.1;0.34;0.33;0.07;0.11
-1;50;50;0;50;15.24;3.05;8.85;1.29;1.31;0.131;43.8;9.96;4.91;2.98;0.55;1.72;4.42;143.7;121.8;9.6;3.4;8.8;0.72;0.32;0.11;0.16;1.04;1.12;0.14;56.2;7.94;3.79;2.45;0.43;1.33;4.43;184.4;157.2;15.6;2.7;8.9;0.36;0.54;0.09;0.12
-1;50;50;0;100;14.86;3.3;9.43;1.35;1.38;0.135;43.5;10.13;4.93;3.05;0.52;1.74;4.67;145.8;124.6;8.4;3.5;9.3;0.75;0.36;0.11;0.16;1.36;1.4;0.151;56.5;9.23;4.59;2.71;0.48;1.55;4.76;189.5;153.3;23.6;3.1;9.5;0.36;0.79;0.1;0.14
-1;50;50;50;0;17.41;3.39;9.62;1.28;1.34;0.123;48.7;10.88;5.21;3.32;0.57;1.88;4.8;143.5;115.8;14.3;3.8;9.6;0.7;0.33;0.13;0.18;1.21;1.21;0.136;51.3;8.85;4.34;2.66;0.45;1.51;4.82;151.5;124.2;14.6;3;9.6;0.64;0.32;0.1;0.14
-1;50;50;50;50;17.41;3.94;11.2;1.41;1.46;0.132;48.6;11.02;5.32;3.38;0.58;1.91;5.54;145;117.1;13;3.8;11.1;0.7;0.45;0.13;0.18;1.69;1.7;0.143;51.4;11.9;5.93;3.54;0.6;2.03;5.66;153.2;122.8;15;4.1;11.3;0.85;0.52;0.14;0.19
-1;50;50;50;100;17.35;4.41;12.66;1.61;1.61;0.142;48.6;11.34;5.66;3.38;0.56;1.96;6.35;153;118.1;18.2;3.9;12.7;0.71;0.6;0.13;0.18;2.22;2.23;0.149;51.4;14.91;7.37;4.47;0.81;2.44;6.31;161.6;121.8;22.3;4.9;12.6;1.08;0.74;0.17;0.23
-1;50;50;100;0;19.32;3.75;11.05;1.5;1.47;0.125;56.1;11.74;5.58;3.62;0.64;1.93;5.54;145.6;112.9;17.7;3.9;11.1;0.68;0.47;0.13;0.18;1.49;1.49;0.138;43.9;10.77;5.32;3.22;0.57;1.83;5.51;114;84.9;14.4;3.7;11;0.87;0.31;0.13;0.17
-1;50;50;100;50;19.79;4.64;13.42;1.68;1.64;0.136;56.6;12.06;5.92;3.65;0.62;2.05;6.6;155.1;112.6;25.3;4.1;13.2;0.67;0.66;0.13;0.19;2.19;2.2;0.143;43.4;15.34;7.54;4.62;0.8;2.59;6.82;118.7;85.2;14.7;5.2;13.6;1.28;0.51;0.17;0.24
-1;50;50;100;100;19.52;5.21;14.76;1.87;1.79;0.144;55;12.32;6.17;3.55;0.62;2.13;7.27;155.5;113.2;23.6;4.3;14.5;0.68;0.79;0.15;0.17;2.6;2.72;0.148;45;18.27;8.96;5.48;1;3.08;7.48;127.5;84.8;21.6;6.2;15;1.51;0.71;0.21;0.29
-1;50;100;0;0;15.58;3.33;9.74;1.65;1.63;0.129;44.6;12.64;6.16;3.85;0.69;2.11;4.87;150.1;119.8;16.3;4.2;9.7;0.92;0.37;0.14;0.2;0.98;1.04;0.145;55.4;7.09;3.49;2.18;0.33;1.22;4.86;186.5;160.1;14.2;2.4;9.7;0.35;0.48;0.09;0.12
-1;50;100;0;50;15.18;3.56;10.11;1.71;1.71;0.136;44;12.58;6.16;3.82;0.64;2.18;5;150.8;122.3;14.2;4.4;10;0.92;0.45;0.14;0.2;1.29;1.31;0.156;56;8.34;4.14;2.5;0.44;1.38;5.11;191.7;156.6;22.1;2.8;10.2;0.36;0.73;0.09;0.13
-1;50;100;0;100;14.94;3.82;10.79;1.88;1.86;0.143;44.5;13.01;6.55;3.73;0.72;2.25;5.35;152.3;124.2;13;4.5;10.7;0.96;0.56;0.15;0.2;1.56;1.59;0.169;55.5;9.43;4.8;2.81;0.46;1.57;5.44;190;153.9;22.1;3.1;10.9;0.37;0.98;0.11;0.14
-1;50;100;50;0;17.54;3.9;11.28;1.82;1.82;0.132;50.1;13.74;6.66;4.19;0.71;2.31;5.67;153.1;115.4;21.8;4.6;11.3;0.88;0.56;0.15;0.22;1.37;1.36;0.146;49.9;9.32;4.69;2.69;0.48;1.6;5.61;152.8;124.6;13.7;3.2;11.2;0.64;0.46;0.11;0.15
-1;50;100;50;50;17.31;4.35;12.59;1.87;1.91;0.138;48.8;13.8;6.71;4.25;0.71;2.34;6.24;153.5;116.5;19.8;4.7;12.5;0.89;0.66;0.16;0.21;1.86;1.84;0.153;51.2;12.03;6.08;3.5;0.65;2.01;6.34;160.9;123.5;20.7;4;12.7;0.84;0.68;0.14;0.18
-1;50;100;50;100;17.25;4.94;14.13;2.07;2.06;0.148;48.7;13.92;6.93;4.22;0.67;2.38;7;154.4;117.8;17.9;4.8;14;0.89;0.81;0.15;0.21;2.45;2.45;0.159;51.3;15.35;7.79;4.58;0.75;2.56;7.13;162.4;122.1;20.9;5.1;14.3;1.1;0.94;0.18;0.24
-1;50;100;100;0;19.41;4.58;12.66;1.98;1.97;0.132;57.4;14.86;7.21;4.53;0.76;2.58;6.39;156;111.3;26.8;5.2;12.8;0.86;0.71;0.17;0.24;1.52;1.63;0.146;42.6;11.11;5.51;3.32;0.6;2;6.28;115.8;86.1;13.2;4;12.6;0.88;0.44;0.13;0.18
-1;50;100;100;50;19.75;5.17;14.88;2.17;2.12;0.14;55.3;15.12;7.36;4.6;0.78;2.52;7.4;156.6;110.8;26;5;14.8;0.84;0.89;0.16;0.24;2.29;2.33;0.151;44.7;15.41;7.77;4.6;0.74;2.65;7.48;126.6;86.4;19.9;5.3;15;1.27;0.65;0.18;0.24
-1;50;100;100;100;19.3;5.69;16.35;2.41;2.35;0.152;55.1;15.44;7.83;4.51;0.82;2.64;8.1;157.1;111.8;23.8;5.3;16.2;0.86;1.08;0.18;0.23;2.99;2.89;0.156;44.9;18.48;9.33;5.49;0.89;3.05;8.26;127.9;85.7;19.5;6.1;16.5;1.53;0.88;0.2;0.28
-1;100;0;0;0;17.57;2.79;7.92;1.15;1.14;0.124;35.3;9.12;4.42;2.77;0.45;1.56;3.98;102.6;80.8;10.8;3.1;8;0.7;0.19;0.1;0.14;0.83;0.87;0.126;64.7;6.84;3.35;2.06;0.36;1.23;3.94;187.9;158;19.5;2.5;7.9;0.35;0.33;0.08;0.1
-1;100;0;0;50;17.52;3.02;8.63;1.2;1.16;0.126;36;9.12;4.45;2.73;0.49;1.58;4.3;104.2;83.1;9.3;3.2;8.6;0.71;0.2;0.1;0.15;1.09;1.1;0.128;64;8.5;4.1;2.57;0.45;1.44;4.33;185;153.1;20.4;2.9;8.7;0.34;0.53;0.1;0.13
-1;100;0;0;100;17.5;3.32;9.6;1.23;1.23;0.13;35.8;9.42;4.6;2.83;0.5;1.61;4.79;106.9;85.7;8.3;3.2;9.6;0.74;0.24;0.11;0.14;1.47;1.45;0.139;64.2;10.36;5.07;3.13;0.49;1.71;4.81;191.9;147.4;31.4;3.4;9.6;0.34;0.83;0.12;0.16
-1;100;0;50;0;19.32;3.28;9.38;1.17;1.18;0.124;40.9;9.46;4.68;2.83;0.49;1.68;4.65;105.7;79.4;13.6;3.4;9.3;0.68;0.23;0.11;0.15;1.22;1.22;0.131;59.1;9.3;4.58;2.77;0.48;1.6;4.73;152.7;120.6;19.4;3.2;9.5;0.64;0.34;0.1;0.15
-1;100;0;50;50;19.46;3.8;10.97;1.24;1.25;0.126;41.3;9.85;4.74;3.08;0.53;1.69;5.48;107.7;80.7;12.6;3.4;11;0.7;0.28;0.11;0.15;1.65;1.67;0.135;58.7;12.37;6.08;3.75;0.64;2.11;5.49;153.4;118.5;19.7;4.2;11;0.82;0.51;0.14;0.2
-1;100;0;50;100;19.4;4.43;12.67;1.37;1.37;0.134;40;10.2;4.93;3.13;0.55;1.8;6.23;109.5;82;11.4;3.6;12.5;0.72;0.38;0.12;0.15;2.23;2.24;0.142;60;15.74;7.78;4.72;0.82;2.63;6.44;164.5;116.4;29.9;5.3;12.9;1.03;0.78;0.18;0.25
-1;100;0;100;0;21.1;3.62;10.49;1.2;1.26;0.123;48.7;10.18;4.86;3.14;0.59;1.79;5.18;109.1;78;17.2;3.6;10.4;0.69;0.29;0.12;0.16;1.39;1.45;0.134;51.3;10.8;5.28;3.24;0.57;1.83;5.31;115.1;82;18.8;3.7;10.6;0.83;0.32;0.12;0.18
-1;100;0;100;50;21.65;4.42;12.81;1.36;1.33;0.125;48.3;10.59;5.08;3.24;0.58;1.81;6.36;110.9;78.4;16.1;3.6;12.7;0.68;0.37;0.11;0.17;2.1;2.13;0.137;51.7;15.53;7.68;4.63;0.83;2.62;6.45;118.9;81.5;19.3;5.2;12.9;1.2;0.5;0.18;0.25
-1;100;0;100;100;21.53;5.13;14.71;1.49;1.51;0.135;46.2;11.12;5.42;3.36;0.57;1.9;7.32;112.4;79.1;14.9;3.8;14.6;0.68;0.53;0.13;0.17;2.71;2.71;0.143;53.8;18.92;9.35;5.71;0.99;3.23;7.39;130.8;80.8;28.7;6.5;14.8;1.44;0.76;0.21;0.3
-1;100;50;0;0;17.81;3.45;10.2;1.62;1.61;0.125;36.4;12.88;6.22;3.93;0.71;2.15;5.08;107;82.1;10.5;4.3;10.2;1.04;0.23;0.14;0.21;0.97;0.98;0.129;63.6;7.5;3.66;2.28;0.36;1.3;5.12;187.1;155.2;19;2.6;10.2;0.33;0.44;0.09;0.12
-1;100;50;0;50;17.58;3.84;10.93;1.73;1.74;0.13;36.1;13.32;6.44;4.06;0.72;2.27;5.47;109;84.3;9.2;4.5;10.9;1.08;0.31;0.15;0.21;1.29;1.34;0.146;63.9;9.14;4.57;2.69;0.46;1.57;5.47;193.5;150.4;29;3.1;10.9;0.34;0.75;0.1;0.14
-1;100;50;0;100;17.54;4.18;11.87;1.83;1.82;0.134;36.9;13.56;6.71;4.06;0.72;2.35;5.9;111.3;86.8;8;4.7;11.8;1.11;0.35;0.15;0.21;1.62;1.67;0.152;63.1;10.98;5.47;3.22;0.51;1.84;5.97;190.6;145.2;29.8;3.7;11.9;0.35;1.02;0.12;0.18
-1;100;50;50;0;19.59;4.06;11.35;1.73;1.69;0.124;41.8;13.59;6.57;4.13;0.68;2.35;5.71;109.8;79.8;13.8;4.7;11.4;1.01;0.31;0.15;0.21;1.26;1.3;0.134;58.2;9.64;4.61;2.96;0.51;1.71;5.64;153;119.9;18.4;3.4;11.3;0.62;0.42;0.11;0.15
-1;100;50;50;50;19.6;4.54;13.32;1.76;1.82;0.131;40.6;13.86;6.71;4.25;0.73;2.37;6.56;111.6;81.2;12.5;4.7;13.1;1.02;0.43;0.16;0.21;1.8;1.91;0.146;59.4;13.05;6.33;3.99;0.68;2.17;6.75;163.6;117.7;28.1;4.3;13.5;0.82;0.73;0.15;0.21
-1;100;50;50;100;19.69;5.34;15.03;2.04;2.03;0.138;42.2;14.61;7.22;4.39;0.74;2.5;7.6;120.1;82.7;17.2;5;15.2;1.06;0.57;0.17;0.24;2.42;2.46;0.15;57.8;16.4;8.19;4.97;0.82;2.84;7.43;164.3;115.3;28.5;5.7;14.9;1.03;0.99;0.19;0.26
-1;100;50;100;0;21.3;4.47;12.87;1.83;1.83;0.126;49.2;14.45;7.06;4.36;0.79;2.48;6.41;112.9;78.1;17;5;12.8;1;0.43;0.17;0.23;1.55;1.57;0.136;50.8;11.5;5.69;3.51;0.53;1.99;6.46;116.7;81.8;18;4;12.9;0.83;0.42;0.13;0.19
-1;100;50;100;50;21.59;5.16;15.22;2.01;2.03;0.135;48.6;15.07;7.36;4.54;0.77;2.58;7.51;122.5;78;24.4;5.2;15;1;0.63;0.17;0.24;2.31;2.33;0.146;51.4;16;7.83;4.84;0.84;2.58;7.72;129.5;82;27;5.2;15.4;1.21;0.7;0.17;0.25
-1;100;50;100;100;21.5;5.79;16.86;2.19;2.16;0.14;48.3;15.32;7.51;4.62;0.8;2.6;8.25;122.8;78.9;22.3;5.2;16.5;1.01;0.76;0.16;0.23;2.91;2.9;0.149;51.7;19.41;9.66;5.82;0.96;3.19;8.61;131.6;81;26.9;6.4;17.2;1.45;0.92;0.21;0.31
-1;100;100;0;0;17.68;4.08;11.94;2.08;2.07;0.129;38.2;15.98;7.87;4.89;0.82;2.77;5.92;115.7;82.3;16;5.5;11.8;1.26;0.36;0.18;0.26;1.18;1.18;0.145;61.8;8.07;3.94;2.51;0.4;1.31;6.02;187;154.8;17.6;2.6;12;0.34;0.62;0.08;0.13
-1;100;100;0;50;17.58;4.33;12.61;2.18;2.19;0.134;37.6;16.25;7.87;5;0.86;2.74;6.23;116.4;84.3;14.1;5.5;12.5;1.31;0.44;0.18;0.25;1.43;1.49;0.158;62.4;9.4;4.71;2.72;0.52;1.58;6.38;193.5;150.4;27.2;3.2;12.8;0.33;0.91;0.11;0.14
-1;100;100;0;100;17.45;4.5;13.31;2.17;2.29;0.139;38.4;16.42;8;4.96;0.84;2.8;6.67;118.1;87.2;11.9;5.6;13.3;1.33;0.51;0.19;0.26;2;1.9;0.171;61.6;11.11;5.67;3.25;0.57;1.71;6.64;189.3;144.3;28.4;3.4;13.3;0.33;1.29;0.11;0.17
-1;100;100;50;0;19.49;4.59;13.14;2.17;2.19;0.131;43.8;16.64;8.11;4.99;0.84;2.91;6.62;119.5;79.9;20.5;5.8;13.2;1.22;0.52;0.19;0.26;1.52;1.49;0.145;56.2;10.23;5.13;3.06;0.56;1.68;6.52;153.5;119.8;17.3;3.4;13;0.61;0.61;0.11;0.16
-1;100;100;50;50;19.51;5.21;15.01;2.29;2.33;0.136;42.4;17.1;8.33;5.27;0.89;2.93;7.39;120.5;81.1;18.7;5.9;14.8;1.25;0.62;0.19;0.27;2.03;2.09;0.154;57.6;13.53;6.79;3.98;0.65;2.28;7.62;163.9;117.8;26.2;4.6;15.2;0.82;0.9;0.15;0.21
-1;100;100;50;100;19.51;5.7;16.23;2.56;2.49;0.143;42.5;17.32;8.72;5.05;0.88;2.92;7.98;121.3;82.5;16.9;5.8;16;1.27;0.76;0.19;0.27;2.7;2.7;0.162;57.5;16.64;8.43;4.85;0.85;2.77;8.24;164.6;115.6;26.9;5.5;16.5;1.02;1.23;0.18;0.26
-1;100;100;100;0;21.68;5.14;14.72;2.33;2.33;0.131;51.2;17.69;8.71;5.33;0.93;3.07;7.32;124.2;77.3;26.2;6.1;14.6;1.19;0.68;0.19;0.28;1.68;1.77;0.146;48.8;12.11;5.97;3.7;0.62;2.07;7.39;118.5;82.7;16.8;4.1;14.8;0.84;0.6;0.14;0.19
-1;100;100;100;50;21.58;5.91;16.91;2.61;2.51;0.138;49;18.2;8.99;5.46;0.96;3.12;8.42;125;77.6;24.4;6.2;16.8;1.2;0.83;0.2;0.28;2.53;2.53;0.152;51;16.6;8.26;5.02;0.8;2.79;8.49;130;82.4;25;5.6;17;1.23;0.84;0.2;0.26
-1;100;100;100;100;21.61;6.43;18.2;2.66;2.7;0.147;48.7;18.32;8.99;5.57;0.96;3.08;9.01;125.3;78.6;22.5;6.2;18;1.19;1.03;0.21;0.27;3.16;3.15;0.159;51.3;19.76;10.08;5.71;0.98;3.34;9.2;132.1;81.3;25.7;6.7;18.4;1.44;1.16;0.23;0.31
0;0;0;0;0;13.62;1.98;5.39;0.67;0.68;0.124;50.1;5.35;2.67;1.62;0.29;0.99;2.71;179.7;160.3;12;2;5.4;0.33;0.2;0.06;0.09;0.68;0.68;0.124;49.9;5.41;2.67;1.6;0.27;0.99;2.68;179;159.7;12;2;5.4;0.33;0.21;0.06;0.08
0;0;0;0;50;13.39;1.99;5.86;0.67;0.73;0.128;50.4;5.58;2.71;1.72;0.28;0.95;2.96;180.8;162.1;10.9;1.9;5.9;0.34;0.24;0.07;0.09;0.77;0.76;0.123;49.6;6.14;2.94;1.93;0.34;1.04;2.9;178.1;157.9;12.3;2.1;5.8;0.33;0.27;0.07;0.1
0;0;0;0;100;13.05;2.26;6.47;0.73;0.79;0.136;49.9;5.72;2.88;1.67;0.28;1.02;3.25;182.5;164.3;9.6;2;6.5;0.34;0.29;0.07;0.09;0.96;0.97;0.131;50.1;7.3;3.58;2.22;0.41;1.24;3.21;183.4;155.7;18.8;2.5;6.4;0.34;0.43;0.08;0.12
0;0;0;50;0;15.55;2.36;6.69;0.78;0.76;0.123;55.7;6.07;2.99;1.83;0.32;1.09;3.32;180.6;156.3;15.5;2.2;6.6;0.33;0.26;0.07;0.1;0.98;0.97;0.129;44.3;7.5;3.69;2.25;0.38;1.27;3.37;143.7;122.8;11.7;2.5;6.7;0.58;0.2;0.09;0.11
0;0;0;50;50;15.47;2.76;8.15;0.76;0.79;0.127;55.4;6.2;2.98;1.91;0.32;1.06;4.17;181.3;156.7;14.2;2.1;8.3;0.32;0.32;0.07;0.1;1.34;1.33;0.13;44.6;10.2;4.91;3.15;0.52;1.7;3.98;145.6;122.5;11.8;3.4;8;0.8;0.25;0.12;0.16
0;0;0;50;100;15.44;3.35;9.75;0.9;0.96;0.141;54;6.74;3.28;2.04;0.33;1.12;4.87;181.6;156.2;13.4;2.2;9.7;0.32;0.46;0.08;0.11;1.8;1.78;0.135;46;13.2;6.4;4.09;0.64;2.22;4.89;154.5;122.9;17.4;4.4;9.8;1.03;0.39;0.15;0.21
0;0;0;100;0;17.45;2.88;7.96;0.79;0.82;0.121;63.2;6.64;3.31;1.95;0.34;1.23;3.97;182.1;153;18.7;2.5;7.9;0.31;0.32;0.08;0.11;1.28;1.25;0.131;36.8;9.45;4.71;2.77;0.47;1.66;3.98;106.1;83.5;11.3;3.3;8;0.8;0.18;0.11;0.15
0;0;0;100;50;17.8;3.58;10.28;0.96;0.95;0.126;62.2;7.46;3.65;2.27;0.41;1.27;5.13;181.9;151;18.1;2.5;10.3;0.32;0.43;0.08;0.13;1.76;1.77;0.132;37.8;13.4;6.6;3.99;0.66;2.3;5.14;110.6;84.5;11.2;4.6;10.3;1.16;0.25;0.15;0.21
0;0;0;100;100;17.65;4.09;12;1.09;1.11;0.142;60.3;7.78;3.87;2.37;0.4;1.36;5.92;181.9;150.5;16.9;2.7;11.8;0.31;0.59;0.09;0.12;2.25;2.23;0.135;39.7;16.45;7.96;5.12;0.87;2.73;6.08;119.5;84.8;17.2;5.5;12.2;1.41;0.37;0.18;0.27
0;0;50;0;0;13.12;1.91;5.73;0.77;0.77;0.123;49.8;6.16;2.96;1.92;0.3;1.02;2.91;178.2;158.1;12.3;2;5.8;0.33;0.26;0.07;0.1;0.69;0.7;0.127;50.2;5.37;2.59;1.66;0.27;0.89;2.82;180;161.9;10.6;1.8;5.6;0.33;0.23;0.06;0.08
0;0;50;0;50;12.89;2.26;6.31;0.88;0.87;0.136;49.9;6.33;3.1;1.91;0.33;1.12;3.12;179.4;159.9;11;2.2;6.2;0.34;0.37;0.07;0.09;0.84;0.88;0.136;50.1;6.43;3.13;1.96;0.34;1.14;3.2;179.8;160.1;11;2.3;6.4;0.35;0.36;0.07;0.1
0;0;50;0;100;12.49;2.3;6.75;0.94;0.95;0.145;49.7;6.54;3.21;2;0.36;1.09;3.39;181.3;162.4;9.9;2.2;6.8;0.35;0.44;0.07;0.1;1.09;1.07;0.146;50.3;7.25;3.58;2.16;0.38;1.21;3.35;183.3;157.6;16.6;2.4;6.7;0.34;0.53;0.08;0.11
0;0;50;50;0;15.41;2.69;7.46;0.89;0.88;0.122;55.2;7.15;3.49;2.22;0.34;1.29;3.7;179.3;153.8;15.6;2.6;7.4;0.32;0.36;0.09;0.11;1.02;1.06;0.132;44.8;8.01;3.94;2.36;0.42;1.4;3.76;145.8;124.7;10.7;2.8;7.5;0.61;0.23;0.1;0.13
0;0;50;50;50;15.3;3.08;8.99;1.05;1.04;0.136;54.8;7.55;3.66;2.33;0.38;1.25;4.48;179.6;153.7;14.5;2.5;9;0.33;0.51;0.08;0.12;1.45;1.47;0.137;45.2;10.64;5.25;3.26;0.55;1.83;4.51;148.1;124.7;10.7;3.7;9;0.82;0.35;0.12;0.17
0;0;50;50;100;15.14;3.49;10.22;1.22;1.19;0.152;54.7;7.79;3.88;2.3;0.41;1.28;5.13;187;153.7;20.5;2.6;10.3;0.33;0.66;0.08;0.12;1.85;1.88;0.142;45.3;13.19;6.44;3.96;0.73;2.2;5.09;155;124.7;15.7;4.4;10.2;1.03;0.5;0.15;0.2
0;0;50;100;0;17.34;2.96;8.84;1.05;1.02;0.126;62.7;8.11;3.92;2.49;0.44;1.37;4.5;180.4;149.4;19.2;2.7;9;0.31;0.49;0.09;0.13;1.25;1.28;0.133;37.3;9.62;4.58;3;0.5;1.59;4.34;107.3;85.3;10.2;3.2;8.7;0.81;0.22;0.11;0.15
0;0;50;100;50;17.71;3.88;11.21;1.28;1.25;0.143;62.5;8.74;4.39;2.54;0.46;1.55;5.49;188.3;146.6;27.6;3.1;11;0.3;0.72;0.1;0.13;1.94;1.92;0.137;37.5;13.97;6.86;4.3;0.71;2.33;5.72;113.1;86.7;10.3;4.7;11.4;1.2;0.34;0.15;0.23
0;0;50;100;100;17.57;4.41;12.76;1.41;1.46;0.155;61;9.4;4.72;2.76;0.5;1.59;6.37;188.1;146;26.2;3.2;12.7;0.31;0.89;0.1;0.15;2.29;2.37;0.141;39;16.74;8.2;5.1;0.87;2.81;6.38;120.3;87;14.9;5.6;12.8;1.44;0.47;0.19;0.26
0;0;100;0;0;12.98;2.28;6.4;0.93;0.95;0.132;50.2;7.17;3.5;2.19;0.4;1.29;3.15;183.6;156.2;18.5;2.6;6.3;0.34;0.41;0.08;0.12;0.77;0.8;0.136;49.8;5.8;2.87;1.74;0.27;0.99;3.25;182;163.8;9.8;2;6.5;0.34;0.3;0.07;0.09
0;0;100;0;50;12.41;2.31;6.73;1.05;1.08;0.146;50.3;7.35;3.63;2.18;0.4;1.24;3.35;183.3;157.5;16.6;2.5;6.7;0.35;0.53;0.08;0.11;0.93;0.93;0.145;49.7;6.36;3.15;1.94;0.32;1.07;3.38;181.1;162.5;9.7;2.1;6.8;0.34;0.42;0.07;0.1
0;0;100;0;100;12.22;2.37;7.21;1.18;1.21;0.161;50;7.51;3.72;2.28;0.39;1.21;3.62;184.6;159.4;15.4;2.4;7.2;0.36;0.67;0.08;0.12;1.13;1.17;0.161;50;7.25;3.56;2.22;0.4;1.16;3.59;184.6;160.6;14.6;2.3;7.2;0.35;0.63;0.08;0.11
0;0;100;50;0;14.94;2.79;8.04;1.16;1.14;0.137;55.8;8.27;4.09;2.5;0.42;1.42;4.05;185.6;151.1;23.5;2.8;8.1;0.33;0.59;0.09;0.13;1.11;1.11;0.137;44.2;8.05;3.93;2.35;0.48;1.37;3.98;146.8;126.7;9.5;2.7;8;0.61;0.28;0.09;0.13
0;0;100;50;50;14.84;3.31;9.35;1.32;1.29;0.148;55.2;8.65;4.29;2.61;0.42;1.47;4.59;184.5;150.2;22.2;2.9;9.2;0.32;0.73;0.1;0.14;1.55;1.53;0.142;44.8;10.74;5.38;3.14;0.57;1.85;4.76;149.9;127.3;9.3;3.7;9.5;0.83;0.41;0.12;0.17
0;0;100;50;100;15.17;3.84;10.85;1.5;1.51;0.165;54.2;9.13;4.59;2.71;0.45;1.49;5.54;185.6;150.4;21.2;3;11.1;0.33;0.94;0.09;0.14;1.92;2;0.15;45.8;13.34;6.58;4.05;0.66;2.35;5.3;156.7;127.2;14.1;4.7;10.6;1.04;0.61;0.15;0.2
0;0;100;100;0;17.13;3.42;9.79;1.33;1.34;0.137;63.1;9.76;4.77;3;0.49;1.67;4.94;187.6;145.7;28.7;3.3;9.9;0.32;0.76;0.11;0.14;1.36;1.4;0.137;36.9;10.15;4.97;3.1;0.51;1.75;4.85;109.5;87.2;9.1;3.5;9.7;0.85;0.27;0.11;0.16
0;0;100;100;50;17.48;4.12;12.03;1.56;1.53;0.149;62;10.24;5.16;3.03;0.51;1.7;6;186.8;143.2;28.2;3.4;12;0.31;0.96;0.11;0.15;1.93;2.01;0.141;38;14.2;6.92;4.33;0.73;2.42;6.03;114.3;88.4;8.9;4.8;12.1;1.23;0.4;0.16;0.22
0;0;100;100;100;17.25;4.63;13.31;1.77;1.79;0.168;60.5;10.59;5.36;3.13;0.56;1.77;6.59;185.6;142.5;26.4;3.5;13.2;0.31;1.21;0.11;0.16;2.56;2.51;0.146;39.5;17.11;8.51;5.06;0.86;2.86;6.71;121.2;88.7;13.3;5.7;13.4;1.48;0.58;0.18;0.27
0;50;0;0;0;15.58;2.35;6.73;0.96;1;0.129;44.2;7.67;3.68;2.31;0.41;1.32;3.35;143.5;122.6;11.6;2.6;6.7;0.59;0.19;0.09;0.12;0.73;0.75;0.123;55.8;6.02;2.85;1.91;0.31;1.03;3.38;180.9;156.6;15.5;2.1;6.8;0.32;0.26;0.07;0.09
0;50;0;0;50;15.34;2.51;7.36;1.05;1.02;0.131;44.6;7.73;3.73;2.34;0.41;1.26;3.66;144.9;124.5;10.5;2.5;7.3;0.59;0.23;0.08;0.12;0.88;0.86;0.121;55.4;7.08;3.46;2.13;0.35;1.25;3.7;179.7;154;15.8;2.5;7.4;0.32;0.36;0.07;0.11
0;50;0;0;100;15.13;2.86;8.18;1.07;1.09;0.137;44.3;7.9;3.86;2.4;0.4;1.37;4.07;147.6;127.4;9.3;2.7;8.1;0.61;0.27;0.09;0.12;1.16;1.18;0.137;55.7;8.58;4.27;2.58;0.44;1.49;4.11;185.4;150.1;24;3;8.2;0.34;0.62;0.09;0.13
0;50;0;50;0;17.58;2.88;8.21;1.05;1.08;0.128;50.1;8.39;4.09;2.53;0.47;1.47;4.1;146.4;120.2;15.1;2.9;8.2;0.59;0.25;0.1;0.14;1.04;1.06;0.128;49.9;8.26;4.07;2.51;0.41;1.42;4.11;146;119.8;15.1;2.8;8.2;0.57;0.26;0.09;0.13
0;50;0;50;50;17.25;3.33;9.79;1.12;1.14;0.13;49.9;8.71;4.21;2.7;0.43;1.45;4.92;147.1;120.6;13.8;2.9;9.8;0.6;0.31;0.09;0.14;1.41;1.39;0.127;50.1;10.89;5.31;3.29;0.62;1.88;4.87;147.7;119.4;14.8;3.8;9.7;0.78;0.33;0.11;0.17
0;50;0;50;100;17.45;3.85;11.28;1.27;1.26;0.14;48.9;8.94;4.31;2.74;0.47;1.46;5.79;149.6;122.5;12.6;2.9;11.6;0.59;0.43;0.09;0.14;1.89;1.93;0.137;51.1;14.06;6.84;4.31;0.75;2.39;5.49;156.5;117.5;23.2;4.8;11;0.97;0.59;0.16;0.22
0;50;0;100;0;19.4;3.29;9.39;1.16;1.12;0.126;57.5;8.86;4.29;2.79;0.44;1.54;4.66;148.2;117.4;18.4;3.1;9.3;0.56;0.32;0.1;0.14;1.31;1.31;0.13;42.5;10.06;4.91;3.08;0.49;1.75;4.73;109.4;81.7;14.7;3.5;9.5;0.79;0.25;0.11;0.16
0;50;0;100;50;19.41;4.04;11.61;1.23;1.21;0.129;56.7;9.35;4.52;2.89;0.48;1.59;5.72;148.6;116.7;17.3;3.2;11.4;0.56;0.4;0.11;0.14;1.85;1.86;0.13;43.3;14.2;6.93;4.3;0.74;2.45;5.89;113.3;82.2;14.4;4.9;11.8;1.14;0.33;0.16;0.23
0;50;0;100;100;19.63;4.54;13.32;1.4;1.41;0.141;55;9.96;4.91;2.98;0.54;1.7;6.63;150.4;117.2;16.5;3.4;13.3;0.56;0.58;0.11;0.15;2.34;2.36;0.137;45;17.18;8.43;5.18;0.88;2.84;6.7;123.1;81.9;22.2;5.7;13.4;1.35;0.55;0.19;0.27
0;50;50;0;0;15.45;2.86;8.11;1.22;1.3;0.13;44.9;9.99;4.82;3.08;0.51;1.74;4.07;146.7;123.6;11.5;3.5;8.1;0.79;0.24;0.12;0.16;0.81;0.83;0.127;55.1;6.47;3.11;1.95;0.36;1.12;4.03;180.3;155.2;14.7;2.2;8.1;0.32;0.33;0.08;0.11
0;50;50;0;50;15.1;3.05;8.79;1.46;1.45;0.137;45.1;10.51;5.13;3.23;0.52;1.77;4.4;147.4;124.7;10.4;3.5;8.8;0.81;0.35;0.12;0.16;1.04;1.02;0.136;54.9;7.41;3.7;2.18;0.37;1.28;4.38;179.6;153.8;14.5;2.6;8.8;0.32;0.5;0.08;0.11
0;50;50;0;100;14.83;3.26;9.43;1.51;1.52;0.142;44.6;10.64;5.25;3.17;0.56;1.79;4.71;149.3;126.9;9.4;3.6;9.4;0.82;0.41;0.12;0.18;1.35;1.3;0.148;55.4;8.78;4.34;2.6;0.48;1.47;4.72;185.4;150.8;22.3;2.9;9.4;0.34;0.74;0.09;0.14
0;50;50;50;0;17.52;3.31;9.75;1.48;1.4;0.128;50.1;10.94;5.29;3.4;0.59;1.86;4.83;147.9;119.5;15.1;3.7;9.7;0.77;0.34;0.12;0.17;1.12;1.12;0.13;49.9;8.54;4.18;2.55;0.49;1.44;4.92;147.2;120.5;13.9;2.9;9.8;0.58;0.31;0.09;0.14
0;50;50;50;50;17.41;3.85;11.16;1.56;1.58;0.137;50.1;11.48;5.61;3.42;0.6;1.94;5.7;149.3;119.9;14.1;3.9;11.4;0.78;0.49;0.13;0.18;1.56;1.55;0.137;49.9;11.29;5.55;3.4;0.6;1.91;5.46;148.6;120.1;13.8;3.8;10.9;0.77;0.48;0.13;0.17
0;50;50;50;100;17.27;4.39;12.45;1.72;1.72;0.147;49.8;11.65;5.79;3.44;0.59;1.97;6.22;156.6;120.8;19.4;3.9;12.4;0.79;0.62;0.13;0.18;2.05;2.02;0.144;50.2;14.07;7.01;4.19;0.71;2.42;6.23;157.6;119.2;21.1;4.8;12.5;0.97;0.69;0.16;0.21
0;50;50;100;0;19.38;3.9;10.91;1.57;1.57;0.13;57.5;12.01;5.85;3.63;0.61;2.08;5.49;149.8;116;18.7;4.2;11;0.75;0.48;0.14;0.19;1.35;1.37;0.132;42.5;10.35;5.05;3.15;0.5;1.83;5.42;110.8;82.6;13.7;3.7;10.8;0.78;0.31;0.12;0.16
0;50;50;100;50;19.74;4.62;13.21;1.85;1.79;0.141;58;12.61;6.27;3.78;0.66;2.13;6.54;159.2;115;26.8;4.3;13.1;0.74;0.69;0.15;0.2;2.02;2;0.137;42;14.54;7.17;4.34;0.74;2.49;6.67;115.3;83.3;13.7;5;13.3;1.14;0.48;0.16;0.23
0;50;50;100;100;19.5;5.16;14.89;1.91;1.92;0.149;56.3;12.85;6.47;3.86;0.61;2.26;7.35;159.8;115.6;25;4.5;14.7;0.75;0.83;0.15;0.19;2.49;2.51;0.142;43.7;17.58;8.63;5.34;0.92;2.9;7.54;123.9;82.9;20.1;5.8;15.1;1.36;0.67;0.19;0.29
0;50;100;0;0;15.39;3.39;9.65;1.79;1.76;0.135;46;12.99;6.32;3.96;0.69;2.24;4.79;154.4;122.8;17.5;4.5;9.6;1.02;0.39;0.15;0.2;0.93;0.97;0.142;54;6.81;3.29;2.13;0.34;1.15;4.86;181.7;156.3;13.4;2.3;9.7;0.33;0.45;0.08;0.11
0;50;100;0;50;14.99;3.58;10.05;1.85;1.91;0.142;45.4;13.4;6.65;3.95;0.7;2.33;5.06;155.1;124.6;15.8;4.7;10.1;1.05;0.5;0.16;0.21;1.15;1.17;0.153;54.6;7.62;3.7;2.31;0.39;1.25;5;186.4;153.9;20.1;2.5;10;0.32;0.65;0.09;0.12
0;50;100;0;100;14.96;3.68;10.68;1.95;2.02;0.15;45.7;13.43;6.64;4.09;0.69;2.23;5.31;156.2;126.7;14.5;4.5;10.6;1.04;0.63;0.15;0.2;1.54;1.46;0.165;54.3;8.82;4.54;2.55;0.45;1.45;5.37;185.4;151.1;20.7;2.9;10.7;0.33;0.91;0.1;0.13
0;50;100;50;0;17.05;3.83;11.18;1.87;1.91;0.137;51.3;13.88;6.83;4.15;0.69;2.38;5.57;156.5;118.5;22.2;4.8;11.1;0.98;0.56;0.15;0.22;1.25;1.24;0.14;48.7;8.79;4.25;2.7;0.47;1.45;5.61;148.3;121.5;12.7;2.9;11.2;0.58;0.43;0.1;0.14
0;50;100;50;50;17.36;4.43;12.57;2.1;2.09;0.144;50.1;14.52;7.24;4.27;0.7;2.49;6.24;157.6;118.4;21.8;5;12.5;0.98;0.72;0.16;0.23;1.79;1.71;0.147;49.9;11.58;5.82;3.44;0.59;1.95;6.34;157.3;121.6;19.2;3.9;12.7;0.78;0.62;0.13;0.18
0;50;100;50;100;17.33;4.8;14.14;2.18;2.23;0.153;50.2;14.52;7.21;4.35;0.76;2.38;7.09;158.9;120.7;19.3;4.8;14.2;1;0.85;0.15;0.23;2.23;2.27;0.154;49.8;14.71;7.27;4.4;0.74;2.42;7.05;158;119.3;19.7;4.8;14.1;1;0.88;0.16;0.23
0;50;100;100;0;19.8;4.46;12.78;2.06;2.11;0.137;58.5;15.3;7.51;4.72;0.72;2.62;6.33;160.1;113.5;28.7;5.2;12.7;0.92;0.76;0.17;0.25;1.5;1.52;0.14;41.5;10.85;5.4;3.23;0.56;1.84;6.45;113.6;84.4;12.7;3.7;12.9;0.8;0.42;0.12;0.18
0;50;100;100;50;19.54;5.2;14.86;2.2;2.27;0.145;56.7;15.61;7.72;4.64;0.77;2.67;7.43;160.6;113.6;26.8;5.3;14.9;0.94;0.91;0.18;0.24;2.13;2.18;0.145;43.3;15.02;7.47;4.5;0.75;2.53;7.42;122.5;84.2;18.4;5.1;14.8;1.17;0.61;0.16;0.24
0;50;100;100;100;19.42;5.54;16.33;2.45;2.52;0.157;56.3;15.99;7.91;4.7;0.83;2.59;8.19;160.6;113.9;25.1;5.2;16.4;0.94;1.15;0.17;0.25;2.7;2.7;0.15;43.7;17.97;8.98;5.31;0.94;2.95;8.14;124.8;84.1;18.6;5.9;16.3;1.39;0.83;0.2;0.29
0;100;0;0;0;17.46;2.83;8.04;1.24;1.25;0.131;36.8;9.48;4.64;2.79;0.51;1.66;4.01;106;83.3;11.4;3.3;8;0.8;0.19;0.11;0.14;0.77;0.83;0.122;63.2;6.76;3.26;2.06;0.36;1.18;4.03;182.5;153.3;18.7;2.4;8.1;0.32;0.33;0.08;0.11
0;100;0;0;50;17.48;3;8.82;1.32;1.3;0.133;37.3;9.72;4.76;2.98;0.52;1.65;4.38;107.5;85.1;10.3;3.3;8.8;0.81;0.22;0.11;0.15;1.03;1.03;0.126;62.7;8.17;3.95;2.49;0.41;1.35;4.45;180.6;149.7;19.3;2.7;8.9;0.32;0.49;0.09;0.13
0;100;0;0;100;17.39;3.35;9.87;1.35;1.39;0.137;36.9;10.09;4.9;3.08;0.55;1.7;4.9;109.9;87.5;9.2;3.4;9.8;0.84;0.28;0.11;0.16;1.36;1.36;0.137;63.1;9.9;4.84;2.98;0.51;1.65;4.97;187.7;145;29.5;3.3;9.9;0.31;0.78;0.11;0.16
0;100;0;50;0;19.38;3.24;9.34;1.21;1.28;0.129;42.4;9.83;4.76;3.03;0.51;1.72;4.68;109.1;81.7;14.7;3.4;9.4;0.76;0.25;0.11;0.15;1.12;1.12;0.126;57.6;8.86;4.29;2.77;0.43;1.52;4.66;148.3;117.5;18.4;3;9.3;0.56;0.32;0.1;0.14
0;100;0;50;50;19.48;3.75;10.95;1.41;1.35;0.131;42.8;10.21;5;3.07;0.52;1.7;5.56;111.2;83.1;13.5;3.4;11.1;0.79;0.3;0.11;0.16;1.5;1.55;0.13;57.2;11.9;5.72;3.64;0.64;2.05;5.39;149;115.3;18.8;4.1;10.8;0.73;0.49;0.14;0.19
0;100;0;50;100;19.46;4.43;12.74;1.45;1.51;0.14;41.5;10.73;5.25;3.24;0.55;1.84;6.45;113.1;84.3;12.3;3.7;12.9;0.8;0.42;0.12;0.17;2.08;2.1;0.137;58.5;15.24;7.56;4.54;0.83;2.59;6.29;159.8;113.6;28.5;5.2;12.6;0.93;0.75;0.18;0.24
0;100;0;100;0;21.14;3.7;10.62;1.31;1.35;0.129;49.9;10.45;5.03;3.22;0.52;1.82;5.29;112.1;80.1;17.7;3.6;10.6;0.76;0.3;0.12;0.17;1.31;1.39;0.128;50.1;10.82;5.24;3.34;0.55;1.87;5.33;112.4;79.9;18.1;3.7;10.7;0.78;0.32;0.11;0.18
0;100;0;100;50;21.29;4.43;12.92;1.41;1.44;0.13;49.4;11.03;5.26;3.44;0.61;1.84;6.4;113.5;80.1;16.9;3.7;12.8;0.76;0.39;0.12;0.18;2.02;1.99;0.132;50.6;15.06;7.33;4.58;0.82;2.58;6.52;116.1;79.9;18;5.2;13;1.11;0.47;0.17;0.24
0;100;0;100;100;21.37;5.16;14.59;1.63;1.62;0.141;47.6;11.47;5.73;3.46;0.54;1.99;7.34;115.4;81.1;15.6;4;14.7;0.76;0.54;0.14;0.18;2.5;2.53;0.137;52.4;18.4;9;5.56;0.97;3.17;7.25;127.1;78.9;27.4;6.3;14.5;1.32;0.71;0.2;0.29
0;100;50;0;0;17.67;3.63;10.35;1.79;1.79;0.132;37.9;13.58;6.59;4.13;0.72;2.32;5.24;110.9;84.5;11.2;4.6;10.5;1.18;0.25;0.15;0.22;0.94;0.94;0.126;62.1;7.37;3.61;2.25;0.37;1.31;5.1;181.8;151;18;2.6;10.2;0.31;0.43;0.08;0.12
0;100;50;0;50;17.66;3.89;11.26;1.92;1.89;0.137;37.3;13.75;6.73;4.22;0.73;2.31;5.62;112.5;86.7;9.9;4.6;11.2;1.19;0.33;0.15;0.21;1.24;1.29;0.143;62.7;9.01;4.42;2.73;0.47;1.57;5.63;189.1;146.7;28;3.1;11.3;0.32;0.73;0.1;0.14
0;100;50;0;100;17.42;4.25;11.94;1.99;2.02;0.141;37.9;14.25;7.07;4.26;0.68;2.48;5.92;114.1;88.2;9.1;5;11.8;1.22;0.41;0.17;0.22;1.56;1.57;0.149;62.1;10.45;5.25;3.08;0.53;1.76;6.02;187.1;143.6;27.9;3.5;12;0.32;0.96;0.11;0.17
0;100;50;50;0;19.5;4.1;11.7;1.85;1.86;0.131;43.3;14.18;6.97;4.24;0.76;2.47;5.91;113.6;82.4;14.5;4.9;11.8;1.15;0.32;0.17;0.22;1.19;1.22;0.129;56.7;9.4;4.57;2.87;0.5;1.64;5.79;148.8;116.5;17.5;3.3;11.6;0.56;0.41;0.11;0.15
0;100;50;50;50;19.68;4.65;13.32;2.02;2.02;0.137;41.9;14.63;7.24;4.46;0.74;2.52;6.65;114.9;83.1;13.5;5;13.3;1.15;0.47;0.17;0.24;1.7;1.76;0.141;58.1;12.45;6.11;3.76;0.65;2.13;6.68;159.7;115.4;26.7;4.3;13.4;0.74;0.69;0.14;0.19
0;100;50;50;100;19.67;5.1;15.02;2.15;2.14;0.144;43.3;14.77;7.32;4.37;0.81;2.46;7.49;122.8;84.7;18.2;4.9;15;1.16;0.59;0.16;0.22;2.25;2.29;0.145;56.7;15.79;7.77;4.82;0.82;2.64;7.53;160.6;112.9;27.4;5.3;15.1;0.94;0.94;0.17;0.24
0;100;50;100;0;21.4;4.39;12.82;1.95;1.97;0.131;50.6;15;7.31;4.38;0.84;2.55;6.48;116;79.8;18.1;5.1;13;1.1;0.48;0.17;0.23;1.47;1.44;0.131;49.4;10.98;5.3;3.39;0.56;1.84;6.33;113.4;80.2;16.8;3.7;12.7;0.76;0.39;0.12;0.17
0;100;50;100;50;21.92;5.31;15.36;2.21;2.18;0.14;49.9;15.52;7.62;4.78;0.82;2.63;7.64;126.2;79.9;25.8;5.3;15.3;1.1;0.66;0.17;0.25;2.17;2.2;0.14;50.1;15.63;7.73;4.66;0.84;2.68;7.72;126.7;80.1;25.9;5.4;15.4;1.11;0.67;0.17;0.25
0;100;50;100;100;21.55;5.78;16.95;2.34;2.37;0.147;49.7;16.09;7.94;4.86;0.86;2.65;8.52;126.9;80.9;23.6;5.3;17;1.12;0.81;0.19;0.25;2.73;2.69;0.143;50.3;18.75;9.2;5.68;0.95;3.13;8.42;128.2;79.1;25.9;6.3;16.8;1.31;0.89;0.21;0.29
0;100;100;0;0;17.53;4.04;11.82;2.2;2.22;0.136;39.3;16.36;7.98;4.9;0.89;2.74;5.8;118.2;84.4;16.7;5.5;11.6;1.4;0.38;0.19;0.26;1.13;1.1;0.142;60.7;7.71;3.84;2.28;0.4;1.3;6.02;182.7;151.2;16.9;2.6;12;0.31;0.59;0.08;0.12
0;100;100;0;50;17.35;4.34;12.61;2.39;2.36;0.141;39;16.69;8.21;5.03;0.85;2.81;6.35;120.1;86.8;14.9;5.6;12.7;1.44;0.47;0.19;0.26;1.37;1.42;0.155;61;9.15;4.55;2.71;0.48;1.53;6.25;187.8;146.4;25.9;3.1;12.5;0.31;0.88;0.1;0.14
0;100;100;0;100;17.09;4.63;13.27;2.44;2.51;0.146;39.3;17.1;8.5;5.08;0.86;2.93;6.46;120.4;88.4;13.2;5.9;12.9;1.48;0.57;0.19;0.26;1.84;1.79;0.169;60.7;10.63;5.39;3.12;0.56;1.7;6.8;186.5;143.2;26.2;3.4;13.6;0.31;1.2;0.12;0.16
0;100;100;50;0;19.58;4.61;13.48;2.34;2.36;0.137;45.1;17.17;8.52;5.1;0.92;2.9;6.76;123.3;82.1;21.9;5.8;13.5;1.35;0.55;0.19;0.26;1.41;1.43;0.141;54.9;10.08;5.05;3;0.49;1.72;6.72;150.2;116.8;16.5;3.4;13.4;0.56;0.59;0.12;0.16
0;100;100;50;50;19.39;5.28;14.9;2.5;2.51;0.142;43.8;17.62;8.74;5.22;0.96;3.02;7.51;124.1;83.4;19.7;6;15;1.38;0.65;0.2;0.28;2.01;1.97;0.149;56.2;13.18;6.69;3.87;0.69;2.26;7.39;159.3;115;25;4.5;14.8;0.76;0.85;0.15;0.2
0;100;100;50;100;19.5;5.74;16.31;2.65;2.71;0.15;43.6;18.04;9.02;5.32;0.92;3.06;8.03;124.6;83.6;18.8;6.1;16.1;1.39;0.84;0.2;0.28;2.54;2.53;0.157;56.4;16.1;8.11;4.71;0.83;2.69;8.29;161.4;114.6;24.9;5.4;16.6;0.96;1.14;0.18;0.25
0;100;100;100;0;21.42;4.96;14.57;2.52;2.51;0.137;52.3;18.2;8.84;5.54;0.89;3.03;7.19;126.6;78.9;27.3;6.1;14.4;1.3;0.71;0.21;0.28;1.61;1.65;0.141;47.7;11.67;5.76;3.51;0.63;1.93;7.38;115.7;81.1;15.9;3.9;14.8;0.76;0.57;0.13;0.18
0;100;100;100;50;21.56;5.84;17.15;2.7;2.69;0.143;50.4;18.74;9.2;5.72;0.97;3.13;8.71;128.8;79.3;25.7;6.3;17.4;1.31;0.88;0.2;0.3;2.25;2.37;0.147;49.6;16.11;7.96;4.9;0.79;2.71;8.44;126.5;80.7;23.6;5.4;16.9;1.12;0.82;0.18;0.25
0;100;100;100;100;21.56;6.33;18.31;2.94;2.94;0.153;49.9;19.15;9.58;5.67;0.96;3.17;9.1;128.5;79.6;24.4;6.3;18.2;1.32;1.12;0.21;0.3;2.96;2.91;0.153;50.1;19;9.43;5.72;0.96;3.16;9.21;128.9;80.4;23.8;6.3;18.4;1.32;1.09;0.21;0.29
1;0;0;0;0;13.59;1.82;5.37;0.7;0.72;0.129;51.5;5.53;2.6;1.74;0.33;0.92;2.7;184.6;164.4;12.9;1.8;5.4;0.35;0.22;0.06;0.09;0.65;0.63;0.12;48.5;5.19;2.5;1.61;0.29;0.91;2.67;173.8;155.5;11.1;1.8;5.3;0.3;0.19;0.06;0.09
1;0;0;0;50;13.16;2.07;5.89;0.79;0.79;0.133;51.7;5.84;2.92;1.72;0.32;1.01;2.98;185.5;165.9;11.6;2;6;0.37;0.25;0.07;0.1;0.7;0.73;0.12;48.3;6.03;2.88;1.87;0.33;1.06;2.9;173.3;154.1;11.2;2.1;5.8;0.31;0.25;0.07;0.1
1;0;0;0;100;12.91;2.33;6.39;0.82;0.85;0.14;51.1;6.02;3;1.75;0.31;1.07;3.22;186.6;167.4;10.6;2.1;6.4;0.37;0.32;0.07;0.09;0.89;0.9;0.128;48.9;6.93;3.46;2.1;0.37;1.26;3.17;178.7;152.7;17.2;2.5;6.3;0.32;0.38;0.08;0.11
1;0;0;50;0;15.82;2.38;6.88;0.77;0.8;0.127;57.1;6.22;3.02;1.88;0.36;1.1;3.47;186.1;160.6;16.3;2.2;6.9;0.35;0.28;0.07;0.1;0.81;0.91;0.123;42.9;7.36;3.51;2.31;0.39;1.28;3.41;139.9;119.4;11.1;2.6;6.8;0.53;0.19;0.08;0.11
1;0;0;50;50;15.45;2.82;8.12;0.86;0.85;0.131;56.7;6.41;3.11;1.98;0.35;1.08;4.06;186;160.7;15;2.2;8.1;0.35;0.32;0.07;0.1;1.24;1.23;0.123;43.3;9.92;4.82;2.96;0.54;1.74;4.06;141.9;119.4;10.9;3.5;8.1;0.73;0.24;0.11;0.15
1;0;0;50;100;15.31;3.29;9.49;0.96;1.01;0.145;55.6;6.91;3.35;2.09;0.39;1.15;4.83;186.7;160.7;14.1;2.3;9.7;0.36;0.47;0.07;0.11;1.66;1.6;0.128;44.4;12.41;6.03;3.74;0.68;2.14;4.66;149.3;119.4;16.3;4.3;9.3;0.91;0.36;0.14;0.19
1;0;0;100;0;17.5;2.7;8;0.87;0.89;0.126;64.7;6.97;3.36;2.1;0.38;1.2;4.04;187.9;157.8;19.6;2.4;8.1;0.36;0.33;0.08;0.12;1.14;1.13;0.124;35.3;9.03;4.33;2.77;0.5;1.5;3.96;102.5;80.9;10.7;3;7.9;0.71;0.18;0.09;0.15
1;0;0;100;50;17.84;3.56;10.19;1;0.98;0.129;63.6;7.54;3.76;2.26;0.37;1.31;5.17;187.2;155.2;19;2.6;10.3;0.34;0.44;0.08;0.12;1.58;1.6;0.125;36.4;12.8;6.12;3.94;0.67;2.25;5.02;107.1;82.1;10.5;4.5;10;1.04;0.23;0.14;0.19
1;0;0;100;100;17.82;4.03;11.81;1.15;1.18;0.145;61.8;8.1;4.02;2.41;0.42;1.35;5.93;186.9;154.3;18;2.7;11.9;0.34;0.63;0.09;0.12;2.04;2.02;0.128;38.2;15.72;7.62;4.79;0.85;2.68;5.88;115.4;82.5;15.8;5.4;11.8;1.26;0.35;0.17;0.25
1;0;50;0;0;13.28;2;5.86;0.81;0.83;0.128;51.3;6.47;3.18;1.98;0.32;1.1;2.96;183.9;162.7;13;2.2;5.9;0.37;0.28;0.08;0.1;0.68;0.66;0.123;48.7;5.29;2.53;1.64;0.28;0.89;2.9;174.8;157.1;10.1;1.8;5.8;0.3;0.22;0.05;0.09
1;0;50;0;50;12.88;2.2;6.22;0.89;0.93;0.141;51.4;6.58;3.18;2.03;0.33;1.11;3.12;184.4;164.1;11.8;2.2;6.2;0.36;0.39;0.07;0.1;0.8;0.8;0.132;48.6;6;2.98;1.83;0.3;1.09;3.09;174.4;155.9;10.2;2.2;6.2;0.3;0.33;0.07;0.1
1;0;50;0;100;12.45;2.31;6.59;1.05;1.03;0.15;50.8;6.8;3.4;2.05;0.35;1.13;3.28;184.8;165.1;10.9;2.3;6.6;0.36;0.48;0.08;0.11;1.01;0.97;0.142;49.2;6.83;3.47;2.03;0.31;1.18;3.31;179;154.9;15.1;2.4;6.6;0.32;0.48;0.07;0.11
1;0;50;50;0;15.29;2.6;7.39;0.91;0.92;0.125;56.7;7.28;3.56;2.23;0.4;1.27;3.75;184.5;158.1;16.4;2.5;7.5;0.35;0.36;0.08;0.12;0.95;0.96;0.125;43.3;7.59;3.75;2.26;0.38;1.33;3.65;140.9;121.2;9.7;2.7;7.3;0.55;0.21;0.08;0.12
1;0;50;50;50;15.21;3.02;8.93;1.12;1.12;0.14;56;7.95;3.88;2.46;0.41;1.31;4.49;183.6;156.6;15.4;2.6;9;0.36;0.54;0.09;0.13;1.32;1.32;0.131;44;10.04;4.96;3.05;0.51;1.71;4.44;144;122.2;9.5;3.4;8.9;0.74;0.31;0.12;0.16
1;0;50;50;100;15.03;3.46;10.06;1.29;1.3;0.156;56;8.27;4.18;2.39;0.43;1.38;5.04;191.5;156.9;21.8;2.8;10.1;0.36;0.71;0.09;0.13;1.7;1.7;0.136;44;12.48;6.09;3.83;0.61;2.08;5.02;150.6;122;14.4;4.2;10;0.91;0.45;0.14;0.2
1;0;50;100;0;17.46;3.07;8.88;1.1;1.1;0.129;63.9;8.47;4.12;2.58;0.46;1.43;4.46;185.2;153.6;19.8;2.9;8.9;0.36;0.51;0.09;0.14;1.23;1.19;0.126;36.1;9.35;4.58;2.85;0.49;1.64;4.42;104.6;82.8;9.7;3.3;8.8;0.73;0.21;0.1;0.15
1;0;50;100;50;17.64;3.93;11.19;1.31;1.35;0.146;64.1;9.21;4.59;2.83;0.46;1.62;5.76;194.5;151.2;28.5;3.2;11.5;0.35;0.74;0.11;0.15;1.75;1.75;0.13;35.9;13.42;6.56;4.1;0.7;2.31;5.43;108.8;84;9.4;4.6;10.9;1.09;0.31;0.14;0.21
1;0;50;100;100;17.8;4.43;12.54;1.62;1.56;0.158;62.2;9.87;5.06;2.82;0.47;1.67;6.32;192.6;148.7;28;3.3;12.6;0.34;0.96;0.11;0.15;2.2;2.15;0.134;37.8;15.99;7.92;4.82;0.85;2.77;6.22;116.9;85.1;13.8;5.5;12.4;1.29;0.44;0.18;0.24
1;0;100;0;0;13.25;2.23;6.42;1.03;1.03;0.135;51.6;7.53;3.67;2.25;0.4;1.25;3.21;188.8;159.8;20.1;2.5;6.4;0.37;0.45;0.08;0.12;0.77;0.73;0.131;48.4;5.53;2.76;1.69;0.25;0.97;3.21;177.4;159.9;9.1;1.9;6.4;0.31;0.28;0.06;0.08
1;0;100;0;50;12.41;2.33;6.67;1.18;1.16;0.15;51.6;7.66;3.92;2.22;0.39;1.28;3.39;188.2;160.9;17.9;2.6;6.8;0.38;0.57;0.08;0.12;0.86;0.85;0.14;48.4;6.03;2.98;1.84;0.28;1.05;3.28;176.3;158.8;8.8;2.1;6.6;0.31;0.39;0.07;0.09
1;0;100;0;100;12.15;2.44;7.08;1.25;1.32;0.166;51.2;7.94;4.02;2.3;0.4;1.32;3.53;189;162.6;16.7;2.6;7.1;0.38;0.73;0.1;0.12;1.09;1.1;0.156;48.8;7;3.5;2.04;0.36;1.12;3.54;180.1;157.2;13.5;2.2;7.1;0.33;0.59;0.07;0.1
1;0;100;50;0;15.01;2.84;8.17;1.25;1.25;0.14;57;8.91;4.41;2.68;0.48;1.5;4.11;190;153.6;25.2;3;8.2;0.37;0.64;0.1;0.14;0.97;1;0.13;43;7.65;3.67;2.36;0.37;1.34;4.06;143.5;124.3;8.3;2.7;8.1;0.56;0.25;0.08;0.12
1;0;100;50;50;15.02;3.24;9.46;1.47;1.4;0.151;56.4;9.26;4.6;2.71;0.49;1.45;4.69;189;153;23.7;2.9;9.4;0.36;0.8;0.1;0.15;1.43;1.41;0.136;43.6;10.31;5.06;3.18;0.53;1.79;4.77;146.4;124.8;8.5;3.6;9.5;0.74;0.38;0.12;0.17
1;0;100;50;100;14.89;3.78;10.71;1.63;1.6;0.169;55.5;9.47;4.95;2.63;0.51;1.61;5.45;189.7;153.7;21.9;3.2;10.9;0.37;0.99;0.11;0.14;1.82;1.84;0.143;44.5;12.83;6.27;3.86;0.68;2.17;5.26;152;124.3;12.8;4.3;10.5;0.95;0.55;0.15;0.19
1;0;100;100;0;17.49;3.32;9.72;1.47;1.45;0.14;64.3;10.38;5.12;3.11;0.53;1.75;4.93;192.3;147.7;31.2;3.5;9.9;0.34;0.83;0.13;0.16;1.27;1.25;0.13;35.7;9.55;4.65;2.96;0.47;1.57;4.79;106.6;85.6;8.3;3.1;9.6;0.75;0.24;0.1;0.15
1;0;100;100;50;17.67;4.11;11.79;1.65;1.64;0.152;63.2;10.74;5.35;3.2;0.57;1.82;5.94;191;145.3;30.2;3.6;11.9;0.33;1.02;0.12;0.16;1.79;1.79;0.134;36.8;13.38;6.51;4.1;0.66;2.3;5.86;111.1;86.7;8.1;4.6;11.7;1.09;0.35;0.15;0.19
1;0;100;100;100;17.43;4.6;13.31;1.94;1.94;0.171;61.7;11.33;5.81;3.38;0.55;1.84;6.76;189.7;144.3;28.2;3.7;13.5;0.34;1.3;0.12;0.18;2.35;2.28;0.139;38.3;16.31;8.05;4.97;0.8;2.76;6.55;117.9;87.2;12;5.5;13.1;1.33;0.52;0.19;0.24
1;50;0;0;0;15.4;2.42;6.95;1.02;1.09;0.135;45.9;8;3.93;2.47;0.42;1.4;3.51;148.3;126.3;12.2;2.8;7;0.67;0.2;0.09;0.13;0.68;0.71;0.119;54.1;5.88;2.81;1.82;0.31;1.02;3.44;174.9;151.7;14.3;2;6.9;0.3;0.25;0.07;0.09
1;50;0;0;50;15.14;2.54;7.43;1.11;1.13;0.137;46.1;8.18;4.06;2.51;0.4;1.41;3.71;149.1;127.5;11.4;2.8;7.4;0.67;0.24;0.09;0.13;0.82;0.8;0.118;53.9;6.7;3.18;2.12;0.33;1.13;3.72;174.2;150.1;14.4;2.3;7.4;0.3;0.32;0.07;0.11
1;50;0;0;100;15.08;2.69;8.01;1.25;1.2;0.143;45.6;8.42;4.08;2.61;0.4;1.32;4.05;151;129.9;10.4;2.6;8.1;0.66;0.31;0.09;0.14;1.1;1.08;0.134;54.4;8.04;4;2.38;0.42;1.37;3.95;180.4;147.2;22.5;2.7;7.9;0.3;0.57;0.1;0.12
1;50;0;50;0;17.52;2.79;8.11;1.08;1.13;0.133;51.5;8.45;4.06;2.6;0.43;1.45;4.09;150.4;123.3;16;2.9;8.2;0.62;0.27;0.1;0.14;0.96;0.96;0.122;48.5;7.81;3.77;2.39;0.42;1.34;4.02;141.5;116.6;14.2;2.7;8;0.51;0.24;0.08;0.13
1;50;0;50;50;17.57;3.35;9.59;1.21;1.21;0.135;51.3;8.95;4.35;2.71;0.52;1.55;4.8;151.2;123.5;15;3.1;9.6;0.64;0.33;0.09;0.14;1.31;1.29;0.122;48.7;10.52;5.07;3.19;0.53;1.79;4.78;143.8;116.4;14.2;3.6;9.6;0.69;0.32;0.12;0.17
1;50;0;50;100;17.41;3.87;11.33;1.34;1.37;0.146;49.9;9.35;4.66;2.83;0.47;1.53;5.73;152.5;124.3;13.6;3.1;11.5;0.64;0.46;0.11;0.15;1.77;1.79;0.131;50.1;13.58;6.61;4.2;0.71;2.34;5.6;153.3;115.7;21.7;4.7;11.2;0.89;0.54;0.15;0.21
1;50;0;100;0;19.38;3.16;9.35;1.17;1.2;0.131;59.2;9.13;4.38;2.82;0.49;1.51;4.77;152.9;121.3;19.1;3;9.5;0.63;0.33;0.1;0.15;1.22;1.21;0.124;40.8;9.73;4.7;3.02;0.51;1.65;4.58;105.5;79;14;3.3;9.2;0.7;0.24;0.11;0.16
1;50;0;100;50;19.63;4.07;11.55;1.24;1.3;0.134;58.2;9.68;4.71;2.93;0.51;1.7;5.82;153;119.6;18.4;3.4;11.6;0.61;0.43;0.11;0.15;1.64;1.68;0.124;41.8;13.5;6.58;4.12;0.73;2.38;5.73;110;80;13.7;4.8;11.5;1.01;0.3;0.15;0.21
1;50;0;100;100;19.63;4.59;13.36;1.49;1.52;0.146;56.5;10.4;5.17;3.06;0.57;1.82;6.8;154.8;120.3;17.3;3.6;13.6;0.63;0.61;0.12;0.16;2.12;2.19;0.131;43.5;16.64;8.01;5.14;0.87;2.78;6.56;119.1;79.6;20.9;5.6;13.1;1.22;0.53;0.18;0.26
1;50;50;0;0;15.68;2.9;8.11;1.39;1.44;0.136;46;10.62;5.25;3.09;0.57;1.84;4.05;150.1;125.5;12.8;3.7;8.1;0.87;0.27;0.13;0.17;0.74;0.74;0.122;54;5.96;2.88;1.84;0.32;1.05;4.05;176.5;152.7;13.6;2.1;8.1;0.28;0.3;0.07;0.1
1;50;50;0;50;15.07;3;8.76;1.54;1.57;0.143;46.6;10.92;5.32;3.25;0.6;1.82;4.47;151.7;127.7;11.4;3.6;8.9;0.9;0.37;0.12;0.18;0.94;0.95;0.133;53.4;7.14;3.46;2.17;0.35;1.18;4.29;174.2;149.9;13.4;2.4;8.6;0.3;0.46;0.07;0.11
1;50;50;0;100;14.86;3.31;9.49;1.69;1.67;0.148;45.9;11.21;5.64;3.29;0.56;1.85;4.76;153.3;129.7;10.4;3.7;9.5;0.9;0.47;0.12;0.18;1.2;1.22;0.145;54.1;8.38;4.2;2.49;0.35;1.46;4.72;180.5;147.5;20.6;2.9;9.4;0.3;0.69;0.09;0.13
1;50;50;50;0;17.45;3.37;9.62;1.53;1.56;0.133;51.6;11.67;5.7;3.58;0.6;2.01;4.88;152;122.2;16.1;4;9.8;0.86;0.37;0.14;0.19;1.06;1.02;0.125;48.4;8.06;3.91;2.42;0.43;1.36;4.74;142.8;117.7;12.9;2.7;9.5;0.51;0.28;0.1;0.12
1;50;50;50;50;17.57;3.88;11.44;1.69;1.72;0.142;51.3;12.02;5.89;3.6;0.67;2.03;5.73;153.2;122.5;15.1;4.1;11.5;0.86;0.53;0.14;0.19;1.42;1.46;0.132;48.7;11.05;5.34;3.42;0.62;1.85;5.71;145.7;117.4;13.2;3.7;11.4;0.7;0.46;0.13;0.17
1;50;50;50;100;17.2;4.34;12.68;1.76;1.86;0.153;51.3;12.18;6.03;3.68;0.61;2.02;6.42;161.1;123.4;20.8;4;12.8;0.86;0.67;0.14;0.19;1.96;1.89;0.138;48.7;13.7;6.75;4.06;0.74;2.32;6.26;153.2;116.5;19.5;4.6;12.5;0.89;0.64;0.15;0.21
1;50;50;100;0;19.55;3.83;11.05;1.68;1.67;0.135;58.7;12.38;6.02;3.78;0.64;2.08;5.58;153.4;118.5;19.6;4.2;11.2;0.82;0.51;0.14;0.19;1.25;1.26;0.126;41.3;9.98;4.82;3.08;0.52;1.76;5.47;107.7;80.7;12.6;3.5;10.9;0.72;0.28;0.11;0.15
1;50;50;100;50;19.7;4.58;13.43;1.84;1.9;0.146;59.4;12.98;6.38;3.92;0.74;2.23;6.77;163.9;117.7;28.1;4.5;13.5;0.82;0.73;0.15;0.2;1.79;1.83;0.131;40.6;13.98;6.78;4.2;0.79;2.35;6.66;111.7;81.2;12.5;4.7;13.3;1.03;0.44;0.15;0.22
1;50;50;100;100;19.68;5.21;14.76;2.08;2.06;0.154;57.7;13.32;6.68;3.91;0.71;2.25;7.56;164.4;118.3;26.4;4.5;15.1;0.81;0.89;0.14;0.21;2.31;2.31;0.136;42.3;16.94;8.32;5.12;0.87;2.96;7.2;120.3;80.8;19.2;5.9;14.4;1.23;0.63;0.19;0.26
1;50;100;0;0;15.55;3.38;9.84;1.83;1.91;0.14;47.3;13.57;6.63;4.09;0.75;2.28;4.97;159.1;125.3;19.2;4.6;9.9;1.11;0.43;0.15;0.22;0.84;0.88;0.138;52.7;6.33;3.1;1.89;0.35;1.1;4.87;177.3;152.9;12.5;2.2;9.7;0.28;0.43;0.08;0.1
1;50;100;0;50;15.34;3.53;10.4;2.08;2.07;0.148;46.8;13.92;6.94;4.19;0.67;2.31;5.25;160.2;127.7;17.3;4.6;10.5;1.15;0.55;0.16;0.22;1.14;1.13;0.149;53.2;7.51;3.69;2.31;0.36;1.22;5.16;181.9;149.9;19.2;2.4;10.3;0.29;0.64;0.08;0.11
1;50;100;0;100;14.56;3.8;10.64;2.14;2.19;0.156;47;13.97;6.97;4.21;0.72;2.35;5.37;160;129.2;15.4;4.7;10.7;1.15;0.67;0.15;0.22;1.43;1.37;0.162;53;8.44;4.33;2.43;0.38;1.45;5.27;180.4;148.1;18.9;2.9;10.5;0.3;0.84;0.1;0.12
1;50;100;50;0;17.44;3.93;11.3;1.98;2.07;0.142;52.6;14.49;7.15;4.3;0.72;2.43;5.71;161;120.6;24.1;4.9;11.4;1.07;0.61;0.16;0.23;1.15;1.15;0.135;47.4;8.48;4.15;2.63;0.43;1.5;5.59;145.2;119.2;11.8;3;11.2;0.53;0.4;0.1;0.13
1;50;100;50;50;17.17;4.49;12.7;2.13;2.22;0.149;51.4;14.84;7.39;4.38;0.76;2.56;6.34;161.5;121.3;22.4;5.1;12.7;1.07;0.75;0.17;0.23;1.53;1.6;0.142;48.6;11.22;5.53;3.42;0.61;1.93;6.36;152.8;118.6;17.7;3.9;12.7;0.71;0.58;0.13;0.18
1;50;100;50;100;17.47;4.87;13.97;2.43;2.43;0.16;51.2;15.19;7.63;4.47;0.78;2.52;7.09;162.3;121.8;21.2;5;14.2;1.07;0.95;0.17;0.24;2.06;2.05;0.147;48.8;13.86;6.85;4.14;0.75;2.34;6.88;154.7;118.1;18.2;4.7;13.8;0.89;0.81;0.15;0.21
1;50;100;100;0;19.36;4.46;12.79;2.18;2.25;0.142;60.1;15.88;7.78;4.79;0.84;2.65;6.56;164.7;116.4;29.9;5.3;13.1;1.04;0.79;0.17;0.25;1.37;1.38;0.134;39.9;10.23;5.07;3.02;0.54;1.8;6.23;109.3;82;11.2;3.6;12.5;0.72;0.37;0.12;0.15
1;50;100;100;50;19.64;5.22;14.99;2.44;2.44;0.15;58.1;16.28;8.13;4.83;0.83;2.78;7.61;165;115.8;28.4;5.6;15.2;1.03;0.97;0.19;0.26;2.02;2.01;0.138;41.9;14.46;7.14;4.41;0.75;2.44;7.38;119.2;82.4;17.1;4.9;14.8;1.05;0.56;0.16;0.23
1;50;100;100;100;19.53;5.61;16.2;2.65;2.66;0.162;57.3;16.38;8.35;4.71;0.84;2.73;8.13;163.8;115.2;26.9;5.5;16.3;1;1.23;0.18;0.25;2.42;2.47;0.143;42.7;17.25;8.45;5.25;0.85;2.87;8.07;121.8;82.8;17.1;5.7;16.1;1.26;0.75;0.2;0.27
1;100;0;0;0;17.7;2.83;8.04;1.32;1.36;0.137;38.2;9.87;4.8;3;0.51;1.65;4.03;109.6;85.7;12.5;3.3;8.1;0.88;0.21;0.11;0.15;0.78;0.78;0.118;61.8;6.5;3.11;2;0.33;1.18;4.02;177.5;149;18.1;2.4;8;0.28;0.32;0.08;0.1
1;100;0;0;50;17.27;2.98;8.81;1.42;1.39;0.139;38.8;9.99;4.9;3.02;0.53;1.61;4.39;110.7;87.7;10.9;3.2;8.8;0.9;0.23;0.11;0.16;1.03;0.97;0.122;61.2;7.86;3.78;2.38;0.43;1.37;4.41;175;145.2;18.2;2.7;8.8;0.29;0.48;0.09;0.12
1;100;0;0;100;16.99;3.42;9.74;1.48;1.49;0.144;38.2;10.36;5.13;3.1;0.55;1.76;4.91;112.7;89.8;9.6;3.5;9.8;0.92;0.29;0.12;0.16;1.24;1.28;0.134;61.8;9.49;4.68;2.86;0.49;1.66;4.83;182.2;141.4;27.9;3.3;9.7;0.29;0.74;0.11;0.15
1;100;0;50;0;19.29;3.33;9.35;1.32;1.41;0.136;43.9;10.34;5.03;3.12;0.58;1.83;4.74;112.6;84;15.4;3.7;9.5;0.86;0.26;0.12;0.17;1.04;1.05;0.121;56.1;8.57;4.19;2.56;0.46;1.5;4.61;144;114.2;17.5;3;9.2;0.51;0.3;0.1;0.14
1;100;0;50;50;19.25;3.82;11.01;1.44;1.49;0.138;44;10.78;5.3;3.26;0.57;1.88;5.49;114.1;85;14.4;3.8;11;0.88;0.32;0.13;0.17;1.45;1.44;0.125;56;11.53;5.53;3.52;0.62;1.95;5.52;145.4;112.9;17.6;3.9;11;0.68;0.46;0.13;0.18
1;100;0;50;100;19.45;4.4;12.6;1.61;1.63;0.146;42.7;11.18;5.52;3.37;0.56;1.93;6.36;115.9;85.9;13.4;3.9;12.7;0.88;0.45;0.13;0.17;1.93;1.93;0.132;57.3;14.53;7.02;4.45;0.78;2.46;6.25;155.7;111.5;26.8;4.9;12.5;0.84;0.7;0.16;0.23
1;100;0;100;0;21.23;3.66;10.34;1.4;1.46;0.134;51.5;10.85;5.33;3.23;0.56;1.88;5.29;115.4;82.2;18.9;3.8;10.6;0.83;0.32;0.13;0.17;1.22;1.24;0.123;48.5;10.07;4.84;3.12;0.52;1.79;5.05;108.6;77.8;17.1;3.6;10.1;0.68;0.29;0.12;0.15
1;100;0;100;50;21.59;4.57;13.01;1.53;1.59;0.136;50.9;11.7;5.76;3.54;0.61;2.07;6.52;117.4;82;18.2;4.1;13;0.85;0.43;0.13;0.18;1.83;1.83;0.126;49.1;14.5;7.01;4.44;0.78;2.5;6.49;113;78;17.1;5;13;0.99;0.44;0.16;0.24
1;100;0;100;100;21.45;5.03;14.51;1.73;1.78;0.146;49.1;12.19;6.07;3.63;0.61;2.12;7.32;118.7;82.9;16.9;4.2;14.6;0.85;0.6;0.14;0.19;2.32;2.32;0.131;50.9;17.61;8.54;5.36;0.86;2.91;7.19;123.2;77.1;25.9;5.8;14.4;1.18;0.68;0.19;0.28
1;100;50;0;0;17.67;3.57;10.36;1.88;1.93;0.139;39.1;13.89;6.77;4.24;0.78;2.37;5.14;113.7;86.7;12;4.7;10.3;1.3;0.25;0.16;0.22;0.88;0.87;0.122;60.9;6.99;3.4;2.09;0.38;1.2;5.23;177.2;147.2;17.1;2.4;10.5;0.28;0.4;0.08;0.11
1;100;50;0;50;17.7;3.99;11.19;2.05;2.08;0.144;38.7;14.4;7.2;4.24;0.75;2.52;5.66;116.2;88.7;11.1;5;11.3;1.31;0.38;0.17;0.22;1.22;1.22;0.14;61.3;8.66;4.32;2.6;0.42;1.48;5.53;183.8;143.4;26.4;3;11.1;0.28;0.7;0.1;0.13
1;100;50;0;100;17.52;4.16;11.92;2.11;2.19;0.148;39.2;14.77;7.32;4.37;0.76;2.5;5.96;117.2;90.2;10;5;11.9;1.35;0.44;0.17;0.22;1.48;1.45;0.146;60.8;9.85;4.92;2.95;0.5;1.66;5.96;182.2;140.5;26.5;3.3;11.9;0.29;0.9;0.1;0.15
1;100;50;50;0;19.46;3.99;11.69;2.01;2;0.137;44.7;14.65;7.15;4.46;0.8;2.5;5.83;116.6;84.5;15.4;5;11.7;1.27;0.34;0.17;0.23;1.14;1.11;0.124;55.3;8.89;4.26;2.78;0.46;1.48;5.85;144.6;113.5;16.4;3;11.7;0.5;0.38;0.09;0.14
1;100;50;50;50;19.55;4.61;13.4;2.13;2.17;0.143;43.2;15.16;7.48;4.58;0.79;2.54;6.77;117.9;85;14.3;5.1;13.5;1.26;0.5;0.17;0.24;1.6;1.65;0.136;56.8;12.1;5.9;3.66;0.64;2.07;6.63;155.3;112.8;25.1;4.1;13.3;0.68;0.64;0.14;0.18
1;100;50;50;100;19.64;5.26;14.98;2.34;2.4;0.151;44.6;15.82;7.9;4.73;0.85;2.68;7.54;126.4;85.7;20.3;5.4;15.1;1.29;0.68;0.18;0.25;2.07;2.09;0.14;55.4;14.88;7.3;4.51;0.71;2.58;7.44;156.9;111.9;25;5.2;14.9;0.85;0.85;0.17;0.22
1;100;50;100;0;21.5;4.5;12.82;2.04;2.13;0.137;51.8;15.51;7.56;4.66;0.77;2.73;6.45;119;81.8;18.9;5.5;12.9;1.22;0.49;0.18;0.24;1.33;1.34;0.125;48.2;10.64;5.11;3.25;0.59;1.78;6.37;110.8;78.2;16.3;3.6;12.7;0.68;0.37;0.12;0.17
1;100;50;100;50;21.57;5.23;15.35;2.26;2.36;0.146;51.4;16.14;7.99;4.91;0.78;2.77;7.67;129.7;82.1;26.7;5.5;15.3;1.23;0.69;0.19;0.25;2;2.04;0.135;48.6;15.09;7.3;4.66;0.79;2.47;7.68;122.5;77.9;24.3;4.9;15.4;1;0.63;0.16;0.25
1;100;50;100;100;21.34;5.87;16.81;2.46;2.52;0.152;51;16.54;8.22;4.94;0.84;2.74;8.45;129.6;82.2;25;5.5;16.9;1.24;0.84;0.19;0.26;2.43;2.48;0.138;49;18.01;8.82;5.41;0.98;3.13;8.36;124.7;77.8;23.9;6.3;16.7;1.2;0.8;0.21;0.28
1;100;100;0;0;17.59;4.17;11.92;2.32;2.42;0.142;40.9;17.02;8.43;5.07;0.89;2.9;6.02;122.7;86.7;18.2;5.8;12;1.55;0.41;0.2;0.27;1.03;1.05;0.139;59.1;7.51;3.68;2.23;0.39;1.27;5.9;177.3;147.1;15.9;2.5;11.8;0.29;0.57;0.09;0.11
1;100;100;0;50;17.45;4.36;12.52;2.6;2.58;0.148;40.2;17.39;8.62;5.2;0.91;2.9;6.3;123.3;88.2;16.6;5.8;12.6;1.58;0.53;0.2;0.27;1.3;1.34;0.152;59.8;8.78;4.36;2.65;0.42;1.45;6.22;183.8;144.2;24.3;2.9;12.4;0.29;0.82;0.1;0.13
1;100;100;0;100;17.09;4.64;13.28;2.64;2.73;0.154;40.6;17.76;8.84;5.3;0.91;2.94;6.63;124.2;90.3;14.8;5.9;13.3;1.63;0.63;0.2;0.27;1.69;1.68;0.166;59.4;10.13;5.14;2.95;0.49;1.7;6.66;181.6;140.5;24.4;3.4;13.3;0.29;1.12;0.12;0.15
1;100;100;50;0;19.46;4.67;13.43;2.47;2.57;0.143;46.3;17.91;8.79;5.49;0.92;3.07;6.72;126.7;83.7;23.5;6.1;13.4;1.49;0.6;0.21;0.27;1.29;1.31;0.136;53.7;9.56;4.69;2.86;0.49;1.6;6.71;146.8;114.7;15.4;3.2;13.4;0.52;0.54;0.11;0.15
1;100;100;50;50;19.32;5.29;14.93;2.74;2.75;0.148;45.3;18.53;9.29;5.45;0.93;3.18;7.66;128;84.9;21.4;6.4;15.3;1.54;0.71;0.21;0.3;1.75;1.78;0.144;54.7;12.33;6.13;3.63;0.65;2.11;7.27;154.8;113;23;4.2;14.5;0.68;0.78;0.14;0.19
1;100;100;50;100;19.52;5.7;16.49;2.86;2.91;0.156;45;18.59;9.38;5.58;0.88;3.08;8.27;128.5;85.7;20;6.2;16.5;1.52;0.89;0.21;0.29;2.41;2.37;0.152;55;15.56;7.77;4.69;0.76;2.63;8.21;157.3;111.8;23.8;5.3;16.4;0.86;1.09;0.17;0.25
1;100;100;100;0;21.37;5.05;14.55;2.7;2.71;0.143;53.6;18.97;9.36;5.64;0.99;3.18;7.33;130;80.3;28.8;6.4;14.7;1.43;0.76;0.21;0.31;1.51;1.5;0.135;46.4;11.1;5.46;3.34;0.6;1.87;7.23;112.5;79.6;14.8;3.7;14.5;0.69;0.52;0.12;0.17
1;100;100;100;50;21.37;5.97;16.75;2.75;2.88;0.149;51.5;19.32;9.58;5.83;0.9;3.3;8.49;131.1;80.6;26.9;6.6;17;1.44;0.92;0.22;0.31;2.13;2.17;0.141;48.5;15.39;7.62;4.65;0.76;2.67;8.26;123.3;79.2;22.2;5.3;16.5;1.02;0.75;0.17;0.23
1;100;100;100;100;21.6;6.43;18.45;3.08;3.16;0.159;51.1;19.85;9.96;5.85;1.03;3.26;9.33;131.8;81;25.6;6.5;18.7;1.45;1.18;0.22;0.31;2.69;2.72;0.147;48.9;18.48;9.21;5.46;0.97;3.16;9.12;125.8;78.9;22.4;6.3;18.2;1.22;1.02;0.21;0.28
2;0;0;0;0;13.69;1.93;5.46;0.75;0.78;0.129;52.8;5.97;2.9;1.81;0.34;1.05;2.76;189.3;168;13.7;2.1;5.5;0.37;0.24;0.07;0.1;0.6;0.6;0.118;47.2;4.9;2.39;1.55;0.25;0.88;2.71;169.2;151.8;10.3;1.8;5.4;0.29;0.17;0.06;0.08
2;0;0;0;50;13.2;1.98;5.76;0.76;0.8;0.132;53;5.96;2.91;1.83;0.31;1.04;2.91;189.9;169.4;12.6;2.1;5.8;0.36;0.27;0.07;0.1;0.62;0.66;0.118;47;5.45;2.54;1.7;0.28;0.94;2.85;168.4;150.5;10.3;1.9;5.7;0.29;0.22;0.06;0.08
2;0;0;0;100;12.77;2.17;6.19;0.83;0.89;0.14;52.5;6.27;3.06;1.92;0.32;1.06;3.17;191.3;171.4;11.4;2.1;6.3;0.37;0.35;0.07;0.1;0.83;0.82;0.127;47.5;6.38;3.07;1.95;0.33;1.11;3.02;172.8;148.8;15.7;2.2;6;0.3;0.35;0.07;0.1
2;0;0;50;0;15.87;2.46;6.68;0.8;0.83;0.127;58.5;6.47;3.16;1.88;0.35;1.18;3.37;191.1;164.7;17.4;2.4;6.7;0.36;0.29;0.08;0.1;0.83;0.87;0.123;41.5;7.02;3.41;2.14;0.39;1.28;3.31;135.4;116.1;10.2;2.6;6.6;0.51;0.17;0.08;0.11
2;0;0;50;50;15.58;2.87;8.08;0.94;0.93;0.131;58;7.01;3.43;2.13;0.35;1.19;4.08;190.7;163.9;16.2;2.4;8.2;0.37;0.36;0.08;0.11;1.22;1.17;0.124;42;9.43;4.6;2.87;0.5;1.68;4;137.9;116.6;10;3.4;8;0.71;0.22;0.1;0.15
2;0;0;50;100;15.37;3.3;9.58;1.06;1.07;0.145;56.6;7.35;3.64;2.19;0.38;1.23;4.8;190.3;163.2;15;2.5;9.6;0.36;0.51;0.09;0.12;1.56;1.58;0.129;43.4;12.26;5.93;3.74;0.67;2.07;4.78;145.6;117;14.8;4.1;9.6;0.91;0.34;0.14;0.19
2;0;0;100;0;17.64;2.85;7.78;0.94;0.94;0.125;66;7.39;3.62;2.21;0.39;1.31;3.96;192.7;161.3;20.9;2.6;7.9;0.36;0.37;0.09;0.12;1.09;1.07;0.124;34;8.57;4.18;2.59;0.44;1.53;3.81;99.1;78.7;9.7;3.1;7.6;0.68;0.17;0.1;0.13
2;0;0;100;50;18;3.41;10.08;1.05;1.02;0.129;64.8;7.86;3.82;2.42;0.43;1.34;5.1;191.6;158.7;20;2.7;10.2;0.34;0.47;0.1;0.12;1.53;1.54;0.125;35.2;12.31;5.94;3.83;0.62;2.08;4.98;103.8;79.9;9.8;4.2;10;1.01;0.21;0.13;0.2
2;0;0;100;100;17.82;4.14;11.79;1.25;1.26;0.146;63.1;8.62;4.28;2.57;0.43;1.45;6.06;191.1;157.1;19;2.9;12.1;0.34;0.67;0.1;0.14;1.92;1.96;0.129;36.9;15.16;7.39;4.62;0.82;2.69;5.73;111.8;80.6;14.4;5.4;11.5;1.23;0.32;0.17;0.24
2;0;50;0;0;13.2;2;5.83;0.88;0.85;0.127;52.5;6.66;3.26;2.06;0.32;1.14;2.93;187.9;165.9;13.9;2.3;5.9;0.37;0.3;0.08;0.1;0.63;0.62;0.122;47.5;4.98;2.38;1.58;0.24;0.86;2.9;170.1;153.6;9;1.7;5.8;0.3;0.19;0.06;0.08
2;0;50;0;50;12.8;2.16;6.28;1.02;1.02;0.141;52.7;7.23;3.6;2.22;0.37;1.21;3.28;188.9;167.1;12.8;2.4;6.6;0.39;0.43;0.08;0.12;0.74;0.74;0.131;47.3;5.59;2.71;1.74;0.27;0.95;3;169.5;152.5;9.1;1.9;6;0.3;0.29;0.06;0.09
2;0;50;0;100;12.35;2.35;6.58;1.11;1.1;0.15;52.1;7.27;3.67;2.15;0.36;1.23;3.33;189.2;168.3;11.7;2.5;6.7;0.39;0.51;0.08;0.11;0.96;0.91;0.141;47.9;6.42;3.19;1.88;0.33;1.12;3.25;173.8;151.4;13.6;2.2;6.5;0.32;0.43;0.08;0.09
2;0;50;50;0;15.25;2.57;7.37;0.97;0.97;0.125;58.1;7.74;3.7;2.39;0.39;1.36;3.79;189.1;161.6;17.3;2.7;7.6;0.37;0.39;0.09;0.13;0.89;0.89;0.125;41.9;7.03;3.46;2.12;0.37;1.21;3.58;136.5;118.1;8.8;2.4;7.2;0.52;0.18;0.08;0.11
2;0;50;50;50;15.29;3;8.77;1.11;1.16;0.14;57.6;8.25;4.03;2.51;0.45;1.36;4.52;188.9;160.6;16.5;2.7;9;0.37;0.57;0.09;0.13;1.23;1.23;0.13;42.4;9.42;4.58;2.89;0.52;1.64;4.25;139.3;118.7;8.8;3.3;8.5;0.7;0.29;0.1;0.14
2;0;50;50;100;15.39;3.44;10.2;1.42;1.36;0.157;57.2;8.64;4.37;2.55;0.43;1.37;5.22;196.2;159.3;23.7;2.7;10.4;0.35;0.77;0.09;0.14;1.64;1.65;0.135;42.8;12.2;5.98;3.67;0.65;2.08;4.99;146.9;119.6;13.2;4.2;10;0.92;0.42;0.13;0.19
2;0;50;100;0;17.53;3.03;8.91;1.18;1.16;0.129;65.1;8.95;4.42;2.69;0.47;1.51;4.54;189.3;155.9;21.3;3;9.1;0.35;0.56;0.1;0.15;1.06;1.11;0.127;34.9;8.71;4.24;2.64;0.47;1.52;4.38;101.3;81.1;8.4;3;8.8;0.7;0.17;0.1;0.14
2;0;50;100;50;17.71;3.85;10.8;1.36;1.39;0.146;65.4;9.47;4.68;2.84;0.49;1.6;5.54;199;154.3;30.5;3.2;11.1;0.34;0.78;0.11;0.15;1.62;1.65;0.13;34.6;12.6;6.2;3.77;0.67;2.25;5.26;105.4;81.8;8.5;4.5;10.5;1.03;0.28;0.14;0.19
2;0;50;100;100;17.54;4.43;12.27;1.66;1.58;0.158;63.7;9.98;5.14;2.86;0.51;1.69;6.25;197.4;152.8;28.7;3.4;12.5;0.34;0.97;0.11;0.16;2.1;2.1;0.134;36.3;15.63;7.71;4.71;0.79;2.75;6.02;112.5;82.5;12.5;5.5;12;1.27;0.4;0.19;0.24
2;0;100;0;0;12.91;2.26;6.26;1.08;1.07;0.135;52.8;7.83;3.8;2.4;0.4;1.36;3.18;192.8;162.7;21;2.7;6.4;0.37;0.48;0.1;0.12;0.69;0.67;0.13;47.2;5.01;2.52;1.48;0.26;0.9;3.08;172.4;156.4;8;1.8;6.2;0.3;0.23;0.06;0.07
2;0;100;0;50;12.65;2.37;6.6;1.18;1.23;0.151;52.9;8.09;4;2.45;0.4;1.41;3.31;193;163.6;20;2.8;6.6;0.37;0.64;0.1;0.12;0.8;0.8;0.139;47.1;5.67;2.78;1.69;0.29;0.96;3.28;172.1;155.6;8;1.9;6.6;0.3;0.36;0.06;0.08
2;0;100;0;100;12.14;2.49;7.15;1.35;1.41;0.166;52.3;8.47;4.3;2.49;0.43;1.4;3.61;192.9;164.8;18.1;2.8;7.2;0.39;0.79;0.09;0.14;1.04;1.01;0.154;47.7;6.48;3.28;1.91;0.34;1.09;3.55;175.7;154.6;11.9;2.2;7.1;0.32;0.52;0.07;0.1
2;0;100;50;0;15.38;2.84;8.28;1.28;1.33;0.14;58.4;9.48;4.6;2.96;0.48;1.6;4.19;195.8;156.6;27.6;3.2;8.4;0.37;0.69;0.11;0.15;0.95;0.94;0.13;41.6;7.15;3.56;2.16;0.34;1.24;4.08;139.6;121.4;7.5;2.5;8.2;0.53;0.22;0.08;0.11
2;0;100;50;50;15.1;3.26;9.33;1.39;1.43;0.151;57.9;9.41;4.64;2.83;0.47;1.57;4.74;194.5;156.9;25;3.1;9.5;0.36;0.82;0.11;0.14;1.36;1.33;0.135;42.1;9.79;4.83;2.98;0.46;1.69;4.59;141.6;121.2;7.8;3.4;9.2;0.73;0.34;0.11;0.15
2;0;100;50;100;14.94;3.79;10.69;1.73;1.66;0.169;56.6;9.77;5.04;2.79;0.5;1.57;5.47;193.4;156;23.3;3.1;10.9;0.36;1.04;0.11;0.15;1.65;1.79;0.142;43.4;12.54;6.19;3.75;0.67;2.22;5.21;148.2;121.8;11.6;4.4;10.4;0.95;0.5;0.15;0.19
2;0;100;100;0;17.51;3.31;9.69;1.42;1.49;0.139;65.5;10.67;5.14;3.26;0.57;1.81;4.9;196.9;150.8;32.7;3.6;9.8;0.35;0.87;0.11;0.16;1.17;1.16;0.13;34.5;8.91;4.29;2.72;0.48;1.51;4.79;103.4;83.3;7.4;3;9.6;0.71;0.22;0.09;0.13
2;0;100;100;50;17.8;4.13;11.98;1.65;1.73;0.152;64.4;11.35;5.66;3.39;0.6;1.88;6.04;195.6;148.1;31.7;3.8;12.1;0.34;1.08;0.13;0.18;1.76;1.75;0.133;35.6;13.07;6.4;3.97;0.67;2.24;5.94;108.2;84.5;7.3;4.5;11.9;1.08;0.32;0.15;0.2
2;0;100;100;100;17.57;4.65;13.25;2.07;2.02;0.172;62.8;11.76;6.03;3.37;0.59;1.88;6.71;193.6;146.7;29.7;3.8;13.4;0.34;1.36;0.13;0.18;2.21;2.19;0.138;37.2;15.79;7.88;4.72;0.82;2.77;6.54;114.7;85.1;11;5.5;13.1;1.31;0.47;0.17;0.24
2;50;0;0;0;15.51;2.38;6.82;1.11;1.15;0.135;47.2;8.48;4.15;2.5;0.46;1.45;3.46;152.1;129;13.3;2.9;6.9;0.68;0.23;0.1;0.14;0.67;0.66;0.118;52.8;5.47;2.6;1.69;0.31;0.93;3.35;170.4;148.2;13.6;1.9;6.7;0.28;0.24;0.06;0.09
2;50;0;0;50;15.26;2.55;7.35;1.2;1.16;0.137;47.4;8.42;4.14;2.57;0.45;1.41;3.68;152.9;130.5;12.3;2.8;7.4;0.66;0.26;0.09;0.14;0.81;0.78;0.119;52.6;6.5;3.17;2.03;0.33;1.14;3.67;170;146.5;13.9;2.3;7.3;0.29;0.31;0.08;0.1
2;50;0;0;100;14.92;2.79;8.1;1.26;1.27;0.143;47;8.84;4.33;2.66;0.46;1.48;4.14;155.3;133;11;3;8.3;0.7;0.33;0.1;0.14;0.99;1.04;0.134;53;7.72;3.74;2.35;0.4;1.32;3.95;175.1;143.4;21.1;2.6;7.9;0.3;0.54;0.09;0.12
2;50;0;50;0;17.6;2.81;8.17;1.12;1.19;0.133;53.1;8.86;4.27;2.69;0.49;1.5;4.21;155.1;127;16.6;3;8.4;0.66;0.28;0.11;0.14;0.92;0.92;0.122;46.9;7.54;3.67;2.27;0.4;1.31;3.96;137;112.9;13.5;2.6;7.9;0.49;0.23;0.08;0.11
2;50;0;50;50;17.49;3.37;9.87;1.25;1.28;0.135;52.6;9.39;4.62;2.84;0.47;1.62;4.95;155.3;126.4;15.7;3.2;9.9;0.66;0.35;0.11;0.15;1.24;1.28;0.123;47.4;10.38;4.97;3.19;0.59;1.76;4.92;140.1;113.4;13.3;3.5;9.8;0.69;0.3;0.11;0.17
2;50;0;50;100;17.39;3.88;11.26;1.43;1.41;0.146;51.3;9.68;4.83;2.88;0.5;1.63;5.71;156.6;127.3;14.6;3.3;11.4;0.66;0.49;0.11;0.16;1.7;1.75;0.132;48.7;13.2;6.48;4;0.71;2.26;5.55;148.6;112.7;20.3;4.5;11.1;0.87;0.52;0.15;0.21
2;50;0;100;0;19.39;3.26;9.24;1.26;1.26;0.131;60.4;9.59;4.76;2.84;0.46;1.68;4.63;156.2;123.4;20.1;3.4;9.3;0.64;0.35;0.12;0.15;1.14;1.13;0.123;39.6;9.13;4.37;2.86;0.47;1.58;4.6;102.6;77.2;12.9;3.2;9.2;0.67;0.22;0.1;0.14
2;50;0;100;50;19.56;4.03;11.43;1.35;1.36;0.134;59.6;10.11;4.97;3;0.52;1.75;5.81;157;122.6;19.4;3.5;11.6;0.64;0.44;0.12;0.16;1.64;1.61;0.124;40.4;12.93;6.31;4.02;0.67;2.28;5.62;106.3;77.8;12.8;4.6;11.2;0.98;0.28;0.15;0.2
2;50;0;100;100;19.81;4.72;13.19;1.55;1.59;0.146;57.6;10.9;5.43;3.24;0.53;1.9;6.64;158;122.5;18.4;3.8;13.3;0.64;0.66;0.12;0.18;2.12;2.1;0.131;42.4;15.97;7.92;4.66;0.86;2.82;6.55;116.1;77.8;19.6;5.6;13.1;1.18;0.5;0.17;0.25
2;50;50;0;0;15.5;2.87;8.26;1.43;1.49;0.135;47.5;10.95;5.33;3.33;0.61;1.88;4.18;154.5;128.9;13.4;3.8;8.4;0.89;0.29;0.12;0.18;0.66;0.72;0.123;52.5;5.78;2.75;1.74;0.32;0.99;4.08;171.1;148.2;12.7;2;8.2;0.28;0.28;0.07;0.09
2;50;50;0;50;15.11;3.09;8.86;1.65;1.64;0.143;47.7;11.46;5.68;3.38;0.61;1.96;4.52;155.4;130;12.4;3.9;9;0.91;0.41;0.13;0.18;0.84;0.92;0.133;52.3;6.84;3.23;2.09;0.37;1.13;4.34;170.3;146.9;12.4;2.3;8.7;0.3;0.44;0.08;0.11
2;50;50;0;100;14.83;3.32;9.46;1.63;1.73;0.148;47.3;11.66;5.79;3.46;0.59;1.99;4.78;157.2;132.6;11.1;4;9.6;0.94;0.49;0.13;0.18;1.09;1.14;0.144;52.7;7.83;3.81;2.37;0.41;1.33;4.69;175.1;143.9;19.2;2.7;9.4;0.29;0.63;0.08;0.12
2;50;50;50;0;17.49;3.36;9.89;1.52;1.58;0.133;53;11.81;5.73;3.63;0.63;1.98;5.04;156.5;125.6;16.8;4;10.1;0.88;0.37;0.14;0.19;0.98;1;0.125;47;7.99;3.88;2.44;0.41;1.38;4.85;138.8;114.2;12.2;2.8;9.7;0.51;0.28;0.09;0.12
2;50;50;50;50;17.44;3.86;11.28;1.73;1.78;0.142;52.5;12.46;6.13;3.75;0.67;2.07;5.72;156.3;124.6;16.2;4.1;11.4;0.87;0.56;0.14;0.21;1.36;1.37;0.131;47.5;10.4;5.07;3.19;0.57;1.79;5.55;141.7;115.1;11.9;3.6;11.1;0.69;0.41;0.12;0.16
2;50;50;50;100;17.38;4.48;12.65;1.84;1.94;0.153;52.4;12.67;6.3;3.8;0.69;2.21;6.34;164.7;125.1;22.5;4.4;12.7;0.87;0.73;0.14;0.2;1.8;1.81;0.137;47.6;13.11;6.56;3.95;0.65;2.27;6.32;149.7;114.6;18;4.5;12.6;0.87;0.59;0.14;0.2
2;50;50;100;0;19.6;3.8;10.95;1.73;1.74;0.134;60;12.9;6.23;3.97;0.69;2.11;5.54;157.1;121.3;20.5;4.2;11.1;0.84;0.54;0.15;0.21;1.16;1.19;0.126;40;9.42;4.63;2.8;0.5;1.69;5.41;104.6;78.5;11.9;3.4;10.8;0.67;0.26;0.11;0.15
2;50;50;100;50;19.71;4.48;13.25;1.89;1.96;0.146;60.9;13.42;6.57;4.06;0.69;2.25;6.81;168.1;120.4;29.6;4.5;13.6;0.83;0.76;0.15;0.22;1.73;1.76;0.131;39.1;13.43;6.38;4.16;0.73;2.22;6.44;108.1;79;11.7;4.4;12.9;1;0.4;0.15;0.21
2;50;50;100;100;19.54;5.07;14.71;2.2;2.2;0.154;59;14.2;7.2;4.15;0.69;2.38;7.54;167.4;119.5;28.1;4.8;15.1;0.85;0.96;0.17;0.23;2.21;2.19;0.135;41;16.16;7.84;5.02;0.85;2.69;7.16;116.4;79.6;17.1;5.4;14.3;1.21;0.56;0.18;0.25
2;50;100;0;0;15.2;3.42;9.71;1.94;1.98;0.141;48.7;14.02;6.97;4.17;0.68;2.42;4.97;163.1;128.2;20.1;4.8;9.9;1.14;0.45;0.17;0.22;0.81;0.82;0.136;51.3;5.97;2.93;1.8;0.33;1;4.74;171.9;149.1;11.4;2;9.5;0.29;0.37;0.06;0.09
2;50;100;0;50;14.94;3.59;10.03;2.19;2.11;0.148;47.9;14.19;7.11;4.16;0.69;2.4;5.06;162.8;129.7;18.3;4.8;10.1;1.15;0.58;0.16;0.22;0.98;1.02;0.148;52.1;6.81;3.39;2;0.34;1.19;4.96;177;147.4;17.3;2.4;9.9;0.28;0.56;0.08;0.1
2;50;100;0;100;14.78;3.73;10.86;2.26;2.3;0.157;48.4;14.66;7.28;4.41;0.74;2.41;5.56;164.6;131.9;16.8;4.8;11.1;1.18;0.73;0.16;0.23;1.3;1.28;0.161;51.6;7.96;4.06;2.36;0.37;1.32;5.3;175.7;144.8;17.6;2.6;10.6;0.3;0.79;0.08;0.12
2;50;100;50;0;17.64;3.9;11.32;2.12;2.14;0.142;54;14.99;7.38;4.5;0.8;2.53;5.74;165.7;123.6;25.6;5.1;11.5;1.09;0.65;0.17;0.23;1.16;1.11;0.134;46;8.25;3.98;2.46;0.44;1.37;5.58;141.1;115.9;11.2;2.7;11.2;0.53;0.38;0.09;0.12
2;50;100;50;50;17.4;4.37;12.68;2.37;2.31;0.149;52.8;15.47;7.78;4.52;0.83;2.54;6.48;165.9;123.7;24.1;5.1;13;1.1;0.8;0.18;0.24;1.5;1.52;0.141;47.2;10.74;5.3;3.28;0.55;1.83;6.2;148.3;115.8;16.5;3.7;12.4;0.69;0.55;0.11;0.16
2;50;100;50;100;17.17;4.89;13.94;2.45;2.5;0.16;52.4;15.6;7.91;4.54;0.78;2.63;7.02;165.7;124;22.4;5.3;14;1.1;0.99;0.17;0.24;2.03;1.98;0.146;47.6;13.48;6.67;4.03;0.69;2.26;6.92;150.4;115.6;16.4;4.5;13.8;0.9;0.73;0.15;0.2
2;50;100;100;0;19.68;4.47;12.77;2.32;2.33;0.142;61.3;16.38;8.01;4.99;0.85;2.75;6.54;168.9;118.6;31.7;5.5;13.1;1.06;0.83;0.18;0.26;1.28;1.3;0.134;38.7;9.67;4.82;2.9;0.48;1.73;6.23;106.5;80.1;10.5;3.5;12.5;0.69;0.35;0.11;0.15
2;50;100;100;50;19.8;5.26;14.87;2.46;2.47;0.15;59.2;16.47;8.32;4.77;0.85;2.85;7.57;168.1;117.6;29.8;5.7;15.1;1.02;1.01;0.18;0.26;1.9;1.91;0.137;40.8;13.86;6.85;4.21;0.7;2.41;7.3;116;80.7;15.9;4.8;14.6;1.04;0.52;0.14;0.21
2;50;100;100;100;19.5;5.67;16.15;2.75;2.8;0.163;58.6;17.16;8.63;5.05;0.85;2.88;8.15;167.3;116.6;28.7;5.8;16.3;1.02;1.31;0.2;0.27;2.36;2.34;0.142;41.4;16.46;8.12;4.85;0.89;2.79;8.01;118.2;81.2;15.4;5.6;16;1.24;0.68;0.18;0.25
2;100;0;0;0;17.17;2.82;8.05;1.39;1.41;0.137;39.5;10.23;4.92;3.12;0.55;1.72;4.09;112.4;87.8;13;3.4;8.2;0.91;0.22;0.12;0.16;0.74;0.72;0.118;60.5;6.02;2.92;1.83;0.3;1.1;3.96;172.1;145.3;16.6;2.2;7.9;0.27;0.28;0.07;0.09
2;100;0;0;50;17.38;3.11;9.08;1.39;1.46;0.139;40.3;10.49;5.03;3.26;0.57;1.75;4.64;114.6;90.1;11.7;3.5;9.3;0.93;0.25;0.11;0.17;0.96;0.96;0.123;59.7;7.73;3.75;2.4;0.39;1.36;4.44;170.2;141.2;17.4;2.7;8.9;0.28;0.46;0.09;0.12
2;100;0;0;100;17.04;3.32;9.56;1.5;1.53;0.143;39.4;10.67;5.29;3.17;0.52;1.8;4.86;115.6;91.5;10.7;3.6;9.7;0.92;0.32;0.12;0.17;1.16;1.2;0.134;60.6;8.92;4.39;2.71;0.44;1.52;4.71;177.7;138.7;26.6;3;9.4;0.28;0.69;0.1;0.14
2;100;0;50;0;19.35;3.23;9.47;1.44;1.48;0.136;45.2;10.86;5.29;3.33;0.57;1.85;4.83;115.6;85.8;16.4;3.7;9.7;0.89;0.28;0.13;0.18;0.91;0.99;0.121;54.8;8.11;3.88;2.48;0.42;1.39;4.64;140.2;111.5;16.6;2.8;9.3;0.5;0.28;0.08;0.13
2;100;0;50;50;19.36;3.8;10.9;1.52;1.53;0.138;45.4;11.07;5.46;3.34;0.58;1.85;5.58;117.3;87.2;15.3;3.7;11.2;0.89;0.33;0.12;0.18;1.35;1.38;0.124;54.6;10.99;5.3;3.39;0.56;1.95;5.33;141.3;109.8;16.9;3.9;10.7;0.65;0.44;0.12;0.17
2;100;0;50;100;19.28;4.31;12.62;1.56;1.68;0.146;44;11.47;5.66;3.44;0.6;1.95;6.38;118.7;88;14;3.9;12.8;0.9;0.47;0.13;0.18;1.8;1.87;0.132;56;14.09;6.79;4.32;0.79;2.36;6.24;151.3;108.8;25.3;4.7;12.5;0.83;0.66;0.16;0.22
2;100;0;100;0;21.02;3.71;10.4;1.5;1.51;0.134;52.9;11.23;5.44;3.37;0.58;1.95;5.26;118.5;84.4;19.6;3.9;10.5;0.87;0.34;0.13;0.17;1.2;1.21;0.122;47.1;9.82;4.77;2.97;0.51;1.76;5.14;105.5;75.5;16.2;3.5;10.3;0.66;0.29;0.11;0.15
2;100;0;100;50;21.33;4.46;12.86;1.58;1.63;0.136;52.4;11.95;5.82;3.69;0.61;2.02;6.56;120.2;84.4;18.7;4;13.1;0.87;0.43;0.13;0.2;1.74;1.76;0.126;47.6;13.98;6.73;4.22;0.74;2.44;6.3;109.3;75.5;16.3;4.9;12.6;0.97;0.42;0.16;0.21
2;100;0;100;100;21.45;5.13;14.59;1.78;1.88;0.146;50.4;12.83;6.39;3.86;0.67;2.23;7.39;121.6;84.6;17.8;4.5;14.8;0.88;0.64;0.15;0.21;2.26;2.23;0.132;49.6;16.93;8.36;5.04;0.87;2.9;7.2;120;75.3;24.4;5.8;14.4;1.14;0.64;0.19;0.26
2;100;50;0;0;17.53;3.61;10.39;1.91;2;0.138;40.6;14.38;6.98;4.31;0.76;2.46;5.27;117.4;89;12.9;4.9;10.5;1.34;0.27;0.16;0.23;0.8;0.83;0.123;59.4;6.68;3.19;2.1;0.34;1.15;5.12;171.7;143.2;16;2.3;10.2;0.28;0.36;0.07;0.11
2;100;50;0;50;17.57;3.88;11.31;2.08;2.16;0.144;40;15.03;7.35;4.61;0.73;2.49;5.78;119.1;90.4;12.1;5;11.6;1.36;0.4;0.16;0.23;1.08;1.12;0.139;60;7.97;3.94;2.34;0.41;1.4;5.54;178.9;140.6;24.5;2.8;11.1;0.28;0.63;0.09;0.12
2;100;50;0;100;17.17;4.16;11.94;2.22;2.28;0.148;40.5;15.36;7.63;4.59;0.79;2.61;6.04;120.3;92.3;10.7;5.2;12.1;1.39;0.46;0.19;0.24;1.45;1.38;0.146;59.5;9.36;4.75;2.75;0.47;1.55;5.89;177.2;137.3;25.1;3.1;11.8;0.28;0.85;0.1;0.14
2;100;50;50;0;19.46;4.12;11.91;2.02;2.08;0.136;45.9;15.22;7.49;4.64;0.79;2.59;6.04;119.8;86.3;16.2;5.2;12.1;1.28;0.37;0.17;0.25;1.08;1.09;0.124;54.1;8.74;4.2;2.74;0.45;1.52;5.86;141.4;111;15.6;3;11.7;0.5;0.37;0.1;0.13
2;100;50;50;50;19.48;4.77;13.18;2.2;2.29;0.144;44.6;15.91;7.91;4.7;0.79;2.76;6.68;121.2;87;15.3;5.5;13.4;1.31;0.53;0.2;0.25;1.54;1.56;0.136;55.4;11.44;5.62;3.46;0.58;2.01;6.5;150.4;110;23.4;4;13;0.65;0.6;0.13;0.18
2;100;50;50;100;19.52;5.11;14.75;2.4;2.43;0.151;46.1;16.03;7.96;4.79;0.82;2.68;7.54;129.8;88.2;21.2;5.4;15.1;1.31;0.68;0.18;0.25;2.04;2.01;0.14;53.9;14.34;7.09;4.3;0.78;2.43;7.21;151.6;108.5;23.8;4.9;14.4;0.82;0.81;0.16;0.22
2;100;50;100;0;21.39;4.51;13.13;2.14;2.18;0.137;53.3;15.88;7.83;4.78;0.86;2.71;6.6;122.5;84.3;19.7;5.4;13.2;1.24;0.51;0.18;0.25;1.28;1.3;0.125;46.7;10.37;4.98;3.18;0.57;1.79;6.54;107.6;75.6;15.3;3.6;13.1;0.66;0.36;0.11;0.17
2;100;50;100;50;21.69;5.32;15.19;2.42;2.47;0.146;53;16.87;8.4;5.11;0.85;2.92;7.76;133.8;83.7;28.8;5.8;15.5;1.25;0.74;0.21;0.27;1.85;1.91;0.134;47;14.15;6.95;4.28;0.76;2.4;7.42;118.4;76.1;22.6;4.8;14.8;0.95;0.59;0.16;0.22
2;100;50;100;100;21.65;5.91;16.83;2.65;2.66;0.152;52.6;17.41;8.66;5.2;0.86;2.92;8.55;133.9;84.1;26.8;5.8;17.1;1.28;0.91;0.2;0.27;2.34;2.37;0.137;47.4;17.19;8.43;5.18;0.92;2.99;8.28;120.8;75.8;22.6;6;16.6;1.15;0.76;0.19;0.27
2;100;100;0;0;17.49;4.2;11.95;2.41;2.5;0.142;42.3;17.56;8.59;5.25;0.92;2.97;6.1;126.3;88.8;19.3;5.9;12.2;1.58;0.44;0.21;0.28;0.97;1;0.139;57.7;7.19;3.56;2.17;0.36;1.22;5.85;172.8;143.5;15.1;2.4;11.7;0.28;0.53;0.08;0.11
2;100;100;0;50;17.29;4.45;12.68;2.68;2.69;0.148;41.6;18.12;9.02;5.46;0.89;3.11;6.41;127.3;90.2;18;6.2;12.8;1.62;0.57;0.21;0.29;1.29;1.26;0.151;58.4;8.26;4.12;2.46;0.42;1.34;6.26;178.7;141;22.5;2.7;12.5;0.27;0.77;0.09;0.12
2;100;100;0;100;17.01;4.65;13.33;2.79;2.85;0.154;41.9;18.45;9.29;5.49;0.88;3.02;6.81;127.7;92.1;15.9;6;13.6;1.66;0.68;0.21;0.3;1.59;1.6;0.165;58.1;9.65;4.89;2.81;0.48;1.62;6.52;177.2;137.6;23.3;3.2;13;0.28;1.06;0.11;0.14
2;100;100;50;0;19.27;4.7;13.53;2.7;2.69;0.143;47.6;18.7;9.26;5.66;0.91;3.13;6.82;129.9;85.4;24.5;6.3;13.6;1.54;0.63;0.21;0.3;1.23;1.25;0.136;52.4;9.14;4.43;2.79;0.44;1.57;6.71;142.8;112.1;14.2;3.1;13.4;0.5;0.51;0.1;0.15
2;100;100;50;50;19.3;5.08;14.97;2.77;2.82;0.148;46.2;18.98;9.43;5.63;0.93;3.13;7.58;130.4;85.9;23;6.3;15.2;1.54;0.78;0.21;0.3;1.75;1.7;0.143;53.8;11.81;5.85;3.53;0.59;1.95;7.39;151.6;111.4;21.5;3.9;14.8;0.67;0.72;0.12;0.18
2;100;100;50;100;19.51;5.67;16.47;3.06;3.04;0.157;46.3;19.39;9.72;5.78;0.96;3.18;8.41;132;87.1;21.7;6.4;16.8;1.56;0.96;0.21;0.31;2.23;2.24;0.151;53.7;14.75;7.49;4.36;0.75;2.49;8.06;153.1;109.8;22.1;5;16.1;0.84;1.02;0.16;0.22
2;100;100;100;0;21.58;5.15;14.87;2.71;2.8;0.143;55.1;19.55;9.58;5.94;0.99;3.31;7.56;134.5;82.7;30.1;6.6;15.1;1.47;0.79;0.23;0.31;1.44;1.46;0.135;44.9;10.82;5.25;3.35;0.53;1.84;7.31;109.5;77;14.1;3.7;14.6;0.68;0.5;0.12;0.16
2;100;100;100;50;21.71;5.79;17.03;2.95;3;0.149;53.1;20.11;10;6.1;1;3.33;8.7;135.5;82.5;28.9;6.7;17.4;1.47;0.99;0.22;0.32;2.03;2.06;0.14;46.9;14.64;7.13;4.49;0.71;2.46;8.33;119.7;77.1;21;4.9;16.7;0.97;0.71;0.16;0.23
2;100;100;100;100;21.64;6.44;18.42;3.21;3.28;0.159;52.6;20.57;10.35;6.18;1.02;3.42;9.3;135.5;83.1;27;6.8;18.6;1.49;1.24;0.23;0.32;2.63;2.61;0.147;47.4;17.74;8.82;5.35;0.88;3.02;9.12;122.2;76.7;21.2;6;18.2;1.17;0.97;0.2;0.27
3;0;0;0;0;13.58;1.84;5.19;0.81;0.8;0.129;54.3;6.15;3.04;1.84;0.3;1.05;2.68;194.3;172.3;14.6;2.1;5.4;0.37;0.25;0.08;0.1;0.5;0.51;0.112;45.7;4.39;2.1;1.36;0.24;0.79;2.51;163.2;147.2;9.4;1.6;5;0.24;0.15;0.05;0.06
3;0;0;0;50;13.19;2;5.73;0.83;0.85;0.132;54.4;6.36;3.1;1.95;0.33;1.09;2.92;194.9;173.3;13.5;2.2;5.8;0.38;0.29;0.07;0.11;0.64;0.61;0.114;45.6;5.23;2.56;1.54;0.25;0.91;2.81;163.1;146.3;9.4;1.8;5.6;0.27;0.2;0.06;0.08
3;0;0;0;100;12.88;2.17;6.26;0.9;0.92;0.141;53.9;6.48;3.22;1.96;0.33;1.08;3.17;195.8;175;12.3;2.2;6.3;0.37;0.37;0.08;0.1;0.76;0.77;0.123;46.1;6.16;3.01;1.86;0.34;1.08;3.09;167.8;144.9;14.5;2.2;6.2;0.28;0.32;0.06;0.1
3;0;0;50;0;15.56;2.41;6.72;0.87;0.86;0.127;60.1;6.7;3.26;2;0.36;1.19;3.44;196.3;169;18;2.4;6.9;0.37;0.31;0.08;0.1;0.76;0.79;0.117;39.9;6.72;3.22;2.13;0.38;1.22;3.28;130.4;112.3;9.1;2.4;6.6;0.45;0.16;0.08;0.1
3;0;0;50;50;15.56;2.74;8.04;0.94;0.92;0.13;59.6;7.01;3.38;2.15;0.36;1.17;4.12;196.1;168.4;17.1;2.3;8.2;0.36;0.37;0.07;0.11;1.12;1.07;0.117;40.4;9.05;4.38;2.78;0.49;1.57;3.91;132.8;112.7;9.2;3.1;7.8;0.63;0.2;0.1;0.14
3;0;0;50;100;15.65;3.37;9.64;1.08;1.12;0.145;58.2;7.69;3.83;2.29;0.38;1.33;4.97;196;167.3;16.1;2.7;9.9;0.37;0.55;0.08;0.12;1.45;1.42;0.122;41.8;11.63;5.63;3.57;0.64;2.04;4.67;140.7;113.4;13.9;4.1;9.3;0.81;0.31;0.13;0.18
3;0;0;100;0;17.69;2.72;7.87;0.91;0.95;0.125;67.3;7.48;3.63;2.21;0.43;1.3;4.02;197.7;165.6;21.5;2.6;8;0.36;0.37;0.09;0.12;1.01;0.98;0.117;32.7;8.27;3.92;2.58;0.45;1.43;3.85;96.1;76.5;9.1;2.9;7.7;0.61;0.16;0.09;0.13
3;0;0;100;50;18.1;3.4;9.89;1.08;1.06;0.129;66.3;8.13;3.94;2.47;0.46;1.39;5.22;197.3;163.2;20.9;2.8;10.4;0.34;0.49;0.09;0.13;1.45;1.38;0.118;33.7;11.7;5.65;3.61;0.56;2.01;4.67;99.9;77.5;9.1;4;9.3;0.89;0.2;0.12;0.17
3;0;0;100;100;17.86;3.99;11.52;1.25;1.28;0.146;64.3;8.77;4.3;2.63;0.44;1.46;5.91;195.1;160.6;19.8;2.9;11.8;0.35;0.69;0.1;0.14;1.74;1.77;0.121;35.7;14.49;6.99;4.46;0.79;2.53;5.61;108;78.5;13.2;5.1;11.2;1.1;0.29;0.15;0.22
3;0;50;0;0;13.3;1.99;5.72;0.89;0.9;0.127;53.8;7.05;3.41;2.17;0.36;1.21;2.87;192.5;169.5;14.9;2.4;5.7;0.37;0.33;0.09;0.11;0.52;0.54;0.116;46.2;4.48;2.18;1.39;0.21;0.78;2.86;165.1;149.5;8.3;1.6;5.7;0.25;0.17;0.05;0.07
3;0;50;0;50;13.08;2.17;6.13;1.05;1.04;0.141;53.9;7.37;3.58;2.24;0.36;1.23;3.08;193.3;170.6;14.1;2.5;6.2;0.38;0.47;0.09;0.11;0.73;0.69;0.127;46.1;5.38;2.63;1.64;0.28;0.95;3.06;164.9;148.6;8.3;1.9;6.1;0.26;0.28;0.06;0.08
3;0;50;0;100;12.38;2.28;6.48;1.15;1.15;0.15;53.5;7.58;3.79;2.21;0.39;1.28;3.33;193.9;172.1;12.5;2.6;6.7;0.39;0.55;0.09;0.12;0.85;0.83;0.136;46.5;6.05;2.96;1.82;0.29;1;3.16;168.3;147.3;12.7;2;6.3;0.28;0.4;0.07;0.09
3;0;50;50;0;15.32;2.6;7.32;1.02;1.01;0.125;59.4;7.97;3.9;2.41;0.43;1.43;3.67;193.9;165.6;18.1;2.9;7.3;0.38;0.4;0.1;0.12;0.86;0.81;0.119;40.6;6.75;3.29;2.03;0.35;1.17;3.65;132.3;114.4;8.2;2.3;7.3;0.46;0.17;0.07;0.11
3;0;50;50;50;15.65;3.03;8.9;1.25;1.23;0.14;58.9;8.76;4.37;2.58;0.45;1.46;4.65;193.9;163.8;17.9;2.9;9.3;0.37;0.61;0.09;0.15;1.16;1.14;0.124;41.1;9.13;4.45;2.79;0.51;1.57;4.25;135.3;115.6;8;3.1;8.5;0.63;0.27;0.1;0.14
3;0;50;50;100;15.14;3.46;10.06;1.39;1.42;0.157;58.6;8.99;4.55;2.64;0.47;1.51;5.13;201;163;24.6;3;10.3;0.36;0.8;0.1;0.15;1.55;1.5;0.128;41.4;11.67;5.59;3.55;0.63;1.94;4.93;141.6;116;11.8;3.9;9.9;0.82;0.38;0.12;0.19
3;0;50;100;0;17.91;3.07;8.8;1.22;1.21;0.128;66.3;9.4;4.56;2.87;0.5;1.61;4.43;193.9;159.4;22.5;3.2;8.9;0.36;0.6;0.11;0.15;1.01;1.01;0.12;33.7;8.39;3.98;2.59;0.44;1.46;4.37;98.6;79;8;2.9;8.7;0.62;0.17;0.09;0.14
3;0;50;100;50;17.76;3.95;10.85;1.42;1.48;0.146;66.5;10.1;5.03;2.96;0.51;1.77;5.57;203.8;156.9;32.2;3.5;11.1;0.36;0.83;0.13;0.15;1.51;1.5;0.123;33.5;12.1;5.87;3.65;0.67;2.17;5.28;102.5;80;7.6;4.3;10.6;0.92;0.25;0.14;0.19
3;0;50;100;100;17.8;4.3;12.5;1.65;1.66;0.158;64.8;10.48;5.22;3.15;0.55;1.74;6.3;201.8;155;30.6;3.5;12.6;0.35;1.02;0.12;0.17;1.89;1.89;0.126;35.2;14.89;7.29;4.52;0.77;2.57;6.2;109.6;80.8;11.2;5.1;12.4;1.13;0.37;0.17;0.23
3;0;100;0;0;13.18;2.3;6.39;1.12;1.12;0.135;54.5;8.23;4.13;2.42;0.41;1.45;3.34;199.3;167.1;22.7;2.9;6.7;0.39;0.51;0.1;0.13;0.62;0.62;0.124;45.5;4.86;2.35;1.48;0.25;0.85;3.05;166.6;151.4;7.4;1.7;6.1;0.27;0.23;0.05;0.07
3;0;100;0;50;12.62;2.37;6.81;1.28;1.29;0.151;54.4;8.56;4.31;2.55;0.4;1.46;3.57;198.8;167.7;21.1;2.9;7.1;0.39;0.67;0.09;0.14;0.74;0.73;0.133;45.6;5.41;2.63;1.64;0.3;0.91;3.24;166.5;150.9;7.3;1.8;6.5;0.28;0.32;0.06;0.09
3;0;100;0;100;12.37;2.47;7.29;1.42;1.46;0.167;53.8;8.76;4.47;2.54;0.45;1.47;3.71;198.4;168.9;19.1;2.9;7.4;0.4;0.82;0.1;0.14;0.91;0.94;0.15;46.2;6.22;3;1.94;0.32;1;3.57;170.4;149.9;11.3;2;7.1;0.29;0.49;0.06;0.1
3;0;100;50;0;15.44;2.83;8.21;1.33;1.37;0.14;59.7;9.74;4.79;2.94;0.51;1.64;4.21;200.2;159.9;28.6;3.3;8.4;0.37;0.73;0.11;0.17;0.9;0.86;0.124;40.3;6.9;3.33;2.07;0.36;1.19;3.99;135.3;118;7;2.4;8;0.48;0.2;0.08;0.11
3;0;100;50;50;15.24;3.31;9.48;1.56;1.53;0.151;59.1;10.06;5.16;2.92;0.52;1.7;4.9;199.3;159.4;26.7;3.4;9.8;0.37;0.89;0.11;0.16;1.28;1.21;0.128;40.9;9.39;4.58;2.81;0.48;1.61;4.58;137.7;118.3;7;3.2;9.2;0.66;0.31;0.11;0.14
3;0;100;50;100;15.14;3.83;10.69;1.74;1.79;0.17;58.1;10.52;5.35;3.06;0.53;1.8;5.58;198.7;158.6;25.3;3.6;11.2;0.38;1.12;0.12;0.16;1.53;1.57;0.134;41.9;11.67;5.67;3.52;0.61;2.03;5.12;143.3;118.8;10.3;4.1;10.2;0.83;0.44;0.13;0.17
3;0;100;100;0;17.73;3.43;9.66;1.49;1.55;0.14;66.8;11.05;5.42;3.29;0.58;1.92;4.94;201.9;153.4;34.7;3.8;9.9;0.35;0.9;0.13;0.18;1.08;1.06;0.123;33.2;8.59;4.13;2.64;0.43;1.51;4.72;100.4;81.5;6.5;3;9.4;0.65;0.19;0.1;0.13
3;0;100;100;50;17.68;4.15;11.92;1.85;1.81;0.152;65.6;11.9;5.99;3.54;0.6;2.01;6.1;199.9;150.7;32.9;4;12.2;0.36;1.13;0.14;0.18;1.56;1.57;0.126;34.4;12.44;6.01;3.87;0.62;2.13;5.83;104.9;82.6;6.4;4.3;11.7;0.96;0.28;0.14;0.19
3;0;100;100;100;17.72;4.6;13.28;2.14;2.12;0.172;63.9;12.31;6.35;3.48;0.6;1.99;6.74;197.3;148.2;31.7;4;13.5;0.34;1.46;0.13;0.19;2.02;1.99;0.13;36.1;15.21;7.39;4.66;0.81;2.61;6.54;111.4;83.6;9.4;5.2;13.1;1.18;0.41;0.17;0.23
3;50;0;0;0;15.57;2.28;6.78;1.2;1.16;0.134;48.8;8.62;4.13;2.59;0.47;1.39;3.51;156.7;132.4;14.5;2.8;7;0.69;0.24;0.1;0.13;0.63;0.6;0.114;51.2;5.2;2.48;1.63;0.31;0.89;3.27;164.6;143.7;12.6;1.8;6.5;0.25;0.22;0.06;0.08
3;50;0;0;50;15.14;2.46;7.19;1.28;1.21;0.137;48.9;8.8;4.36;2.61;0.45;1.47;3.69;157;133.4;13.3;2.9;7.4;0.69;0.28;0.1;0.15;0.69;0.69;0.114;51.1;5.92;2.85;1.79;0.32;1;3.5;164.3;142.7;12.6;2;7;0.25;0.27;0.07;0.09
3;50;0;0;100;14.96;2.81;7.94;1.3;1.32;0.143;48.5;9.21;4.54;2.76;0.47;1.56;4.13;159.4;136;12;3.1;8.3;0.71;0.36;0.1;0.15;0.94;0.92;0.129;51.5;7.06;3.46;2.11;0.39;1.26;3.81;169.5;139.8;19.5;2.5;7.6;0.26;0.48;0.08;0.11
3;50;0;50;0;17.59;2.84;8.17;1.26;1.22;0.132;54.4;9.17;4.48;2.78;0.5;1.57;4.22;158.7;129.3;17.8;3.1;8.4;0.66;0.31;0.1;0.16;0.86;0.85;0.116;45.6;7.22;3.51;2.19;0.37;1.27;3.96;133.1;110.3;12.4;2.5;7.9;0.45;0.21;0.08;0.11
3;50;0;50;50;17.42;3.35;9.6;1.28;1.3;0.136;54.3;9.54;4.66;2.85;0.5;1.57;5.02;159.9;130.2;16.5;3.1;10;0.67;0.36;0.11;0.16;1.15;1.15;0.117;45.7;9.8;4.74;3.02;0.49;1.78;4.57;134.8;109.5;12.5;3.6;9.1;0.61;0.29;0.11;0.14
3;50;0;50;100;17.36;3.95;11.15;1.51;1.49;0.146;52.8;10.19;5.1;3.03;0.51;1.77;5.67;160.6;130.1;15.6;3.5;11.3;0.68;0.52;0.12;0.16;1.63;1.58;0.125;47.2;12.54;6.07;3.85;0.66;2.18;5.48;143.8;109.6;18.8;4.4;11;0.77;0.48;0.13;0.2
3;50;0;100;0;19.45;3.21;9.22;1.34;1.31;0.131;61.9;9.96;4.9;2.98;0.52;1.73;4.71;161;126.9;21.2;3.5;9.4;0.67;0.36;0.12;0.16;1.07;1.01;0.117;38.1;8.6;4.13;2.7;0.44;1.48;4.51;99;75;12;3;9;0.59;0.2;0.09;0.14
3;50;0;100;50;19.66;3.91;11.41;1.42;1.38;0.133;60.8;10.35;5.03;3.09;0.58;1.71;5.8;160.7;125.5;20.2;3.4;11.6;0.64;0.46;0.11;0.17;1.55;1.49;0.118;39.2;12.57;6.05;3.9;0.62;2.2;5.61;103.4;75.7;12;4.4;11.2;0.89;0.27;0.14;0.2
3;50;0;100;100;19.7;4.62;12.96;1.6;1.64;0.146;59.2;11.21;5.61;3.36;0.54;1.95;6.66;162.4;125.5;19.6;3.9;13.3;0.66;0.68;0.13;0.18;1.93;1.89;0.125;40.8;15.12;7.4;4.57;0.81;2.67;6.3;111.6;75.7;17.9;5.3;12.6;1.04;0.45;0.18;0.23
3;50;50;0;0;15.56;2.88;8.21;1.63;1.55;0.135;48.9;11.42;5.63;3.46;0.56;1.91;4.22;158.7;132.2;14.3;3.8;8.4;0.92;0.31;0.14;0.18;0.67;0.65;0.118;51.1;5.38;2.6;1.69;0.28;0.97;3.99;165.8;144;11.9;1.9;8;0.25;0.26;0.06;0.08
3;50;50;0;50;15.02;3.11;8.82;1.78;1.71;0.143;49.1;11.88;5.91;3.57;0.59;1.98;4.53;159.5;133.4;13;4;9.1;0.94;0.43;0.14;0.19;0.82;0.84;0.129;50.9;6.42;3.1;1.95;0.33;1.13;4.29;165.2;142.6;11.7;2.3;8.6;0.26;0.41;0.07;0.1
3;50;50;0;100;14.79;3.36;9.5;1.83;1.82;0.149;48.6;12.22;6.12;3.63;0.61;2.1;4.89;161.2;135.3;11.9;4.2;9.8;0.95;0.54;0.15;0.19;1.06;1.06;0.14;51.4;7.48;3.69;2.21;0.4;1.26;4.6;170.4;140.6;18.1;2.5;9.2;0.27;0.6;0.08;0.11
3;50;50;50;0;17.58;3.36;9.6;1.66;1.62;0.133;54.3;12.21;5.94;3.72;0.6;2.06;4.84;160.1;128.1;18.2;4.1;9.7;0.88;0.41;0.15;0.19;0.93;0.91;0.119;45.7;7.53;3.62;2.27;0.44;1.3;4.76;134.6;111.3;11.2;2.6;9.5;0.46;0.25;0.09;0.12
3;50;50;50;50;17.37;3.97;11.39;1.79;1.84;0.142;53.9;12.86;6.41;3.77;0.69;2.19;5.83;160.8;128.2;16.5;4.4;11.7;0.91;0.57;0.14;0.21;1.28;1.29;0.126;46.1;10.23;4.9;3.23;0.5;1.77;5.56;137.2;111.2;11.4;3.5;11.1;0.63;0.4;0.12;0.15
3;50;50;50;100;17.35;4.45;12.4;2.02;2.03;0.153;53.8;13.2;6.63;3.89;0.67;2.22;6.41;168.7;127.8;23.7;4.4;12.8;0.88;0.78;0.15;0.21;1.73;1.67;0.131;46.2;12.66;6.21;3.8;0.63;2.23;5.99;144.8;111.5;16.8;4.5;12;0.79;0.56;0.14;0.18
3;50;50;100;0;19.56;3.81;11.03;1.89;1.8;0.135;61.5;13.36;6.59;4.01;0.68;2.22;5.63;161.6;124.6;21.3;4.4;11.3;0.88;0.56;0.16;0.21;1.09;1.09;0.119;38.5;9.1;4.37;2.8;0.47;1.59;5.39;101.3;76.3;11.1;3.2;10.8;0.61;0.25;0.1;0.14
3;50;50;100;50;19.66;4.58;13.06;2.06;2.04;0.146;62.2;13.92;6.88;4.13;0.74;2.36;6.8;172.5;123.4;30.8;4.7;13.6;0.86;0.79;0.16;0.22;1.65;1.62;0.124;37.8;13.01;6.23;4.04;0.66;2.23;6.26;104.9;76.9;11;4.5;12.5;0.89;0.39;0.14;0.2
3;50;50;100;100;19.49;5.04;14.75;2.3;2.24;0.154;59.9;14.5;7.36;4.15;0.73;2.36;7.34;170.2;121.4;29.4;4.7;14.7;0.86;1;0.16;0.23;2.06;2.04;0.128;40.1;15.81;7.69;4.8;0.82;2.68;7.41;114.1;78;15.9;5.4;14.8;1.1;0.52;0.17;0.25
3;50;100;0;0;15.38;3.47;9.9;2.04;2.07;0.14;50;14.68;7.21;4.37;0.75;2.51;5.03;167.4;130.8;21.6;5;10.1;1.18;0.48;0.17;0.24;0.79;0.76;0.131;50;5.68;2.76;1.74;0.32;0.96;4.87;167.6;145.5;10.4;1.9;9.7;0.26;0.35;0.06;0.09
3;50;100;0;50;15.16;3.6;10.39;2.31;2.26;0.149;49.5;15.14;7.5;4.52;0.81;2.48;5.42;168.3;132.1;20.5;5;10.8;1.18;0.65;0.17;0.25;0.97;0.95;0.144;50.5;6.55;3.27;1.89;0.32;1.12;4.97;172.1;144.1;15.8;2.2;9.9;0.26;0.52;0.07;0.09
3;50;100;0;100;14.54;3.74;10.75;2.33;2.38;0.157;49.6;15.06;7.58;4.38;0.81;2.52;5.61;168.2;134;18;5;11.2;1.18;0.78;0.18;0.24;1.17;1.17;0.156;50.4;7.46;3.78;2.19;0.34;1.22;5.14;170.8;142;16.1;2.4;10.3;0.28;0.71;0.08;0.1
3;50;100;50;0;17.54;4.04;11.46;2.26;2.24;0.142;55.5;15.71;7.76;4.71;0.77;2.7;5.88;170.5;126;27.3;5.4;11.8;1.13;0.69;0.18;0.24;0.95;1;0.128;44.5;7.75;3.7;2.38;0.44;1.34;5.58;136.8;113;10;2.7;11.2;0.47;0.34;0.08;0.12
3;50;100;50;50;17.55;4.44;12.88;2.5;2.42;0.15;54.2;16.12;8.13;4.78;0.78;2.69;6.73;170.6;126;25.8;5.4;13.5;1.1;0.86;0.19;0.26;1.39;1.41;0.134;45.8;10.42;5.13;3.11;0.56;1.75;6.15;144.3;113;15.5;3.5;12.3;0.64;0.5;0.12;0.15
3;50;100;50;100;17.19;4.89;14.03;2.59;2.61;0.16;53.7;16.24;8.21;4.74;0.84;2.68;7.2;169.9;126.4;23.7;5.4;14.4;1.12;1.04;0.19;0.26;1.88;1.83;0.14;46.3;12.98;6.45;3.94;0.67;2.21;6.83;146.1;112.7;15.4;4.4;13.7;0.8;0.69;0.15;0.19
3;50;100;100;0;19.72;4.35;12.74;2.32;2.38;0.142;62.4;16.77;8.24;5.05;0.83;2.75;6.45;172.4;120.9;33.1;5.5;12.9;1.06;0.87;0.19;0.26;1.18;1.18;0.127;37.6;9.25;4.49;2.84;0.52;1.6;6.28;103.9;78.3;9.8;3.2;12.6;0.62;0.32;0.1;0.14
3;50;100;100;50;19.8;5.08;14.85;2.66;2.61;0.15;60.7;17.39;8.66;5.2;0.86;2.8;7.76;173;120.4;31.5;5.6;15.5;1.06;1.07;0.2;0.29;1.69;1.73;0.131;39.3;13.17;6.4;3.97;0.71;2.28;7.09;111.9;78.6;14.6;4.6;14.2;0.91;0.47;0.15;0.2
3;50;100;100;100;19.78;5.57;16.26;2.94;2.91;0.163;60;17.81;9.01;5.29;0.88;2.92;8.4;171.9;119;30.3;5.8;16.8;1.04;1.39;0.2;0.28;2.17;2.15;0.135;40;15.86;7.69;4.79;0.84;2.65;7.87;114.6;79.4;14.3;5.3;15.7;1.11;0.63;0.17;0.24
3;100;0;0;0;17.37;2.88;8.15;1.53;1.48;0.137;41;10.77;5.31;3.25;0.57;1.84;4.2;116;89.9;14;3.7;8.4;0.95;0.24;0.13;0.17;0.6;0.67;0.113;59;5.77;2.72;1.81;0.32;1.04;3.96;166.6;140.9;15.8;2.1;7.9;0.25;0.27;0.06;0.09
3;100;0;0;50;17.19;3.19;8.77;1.61;1.54;0.139;41.5;11.05;5.56;3.22;0.55;1.91;4.49;117.3;91.7;12.8;3.8;9;0.95;0.28;0.14;0.18;0.87;0.87;0.119;58.5;7.19;3.49;2.12;0.38;1.27;4.28;165.2;137.8;16.3;2.5;8.6;0.25;0.43;0.09;0.11
3;100;0;0;100;17.06;3.34;9.66;1.61;1.64;0.144;40.8;11.37;5.55;3.48;0.57;1.87;4.91;118.5;93.4;11.6;3.7;9.8;0.98;0.35;0.14;0.18;1.12;1.12;0.131;59.2;8.48;4.14;2.63;0.4;1.47;4.76;172.4;135.1;24.8;2.9;9.5;0.25;0.65;0.09;0.13
3;100;0;50;0;19.4;3.28;9.5;1.57;1.53;0.135;46.6;11.32;5.55;3.46;0.57;1.9;4.79;118.6;87.6;17.6;3.8;9.6;0.91;0.31;0.13;0.18;0.91;0.91;0.116;53.4;7.73;3.7;2.44;0.41;1.38;4.71;136.1;108.4;15.6;2.8;9.4;0.43;0.26;0.09;0.12
3;100;0;50;50;19.36;3.93;11.11;1.64;1.63;0.137;46.7;11.81;5.82;3.52;0.62;2.01;5.69;120.5;88.9;16.2;4;11.4;0.93;0.37;0.14;0.19;1.35;1.29;0.12;53.3;10.72;5.24;3.27;0.54;1.92;5.42;137.4;106.8;15.9;3.8;10.8;0.59;0.41;0.12;0.17
3;100;0;50;100;19.25;4.46;12.79;1.77;1.76;0.146;45.3;12.08;6;3.56;0.63;2.08;6.5;121.7;89.6;14.9;4.2;13;0.94;0.51;0.13;0.19;1.76;1.76;0.127;54.7;13.83;6.68;4.24;0.73;2.38;6.29;147;105.9;23.8;4.8;12.6;0.76;0.63;0.15;0.21
3;100;0;100;0;21.15;3.58;10.45;1.61;1.59;0.134;54.3;11.88;5.8;3.54;0.66;1.98;5.31;121.5;86.3;20.6;4;10.6;0.9;0.36;0.14;0.19;1.16;1.1;0.117;45.7;9.34;4.52;2.86;0.48;1.6;5.14;102.4;73.4;15.4;3.2;10.3;0.58;0.27;0.11;0.15
3;100;0;100;50;21.38;4.48;12.73;1.78;1.73;0.136;54;12.64;6.21;3.83;0.63;2.17;6.63;123.7;86.2;19.9;4.3;13.3;0.91;0.46;0.16;0.2;1.61;1.59;0.12;46;13.25;6.4;4.05;0.73;2.31;6.1;105.5;73.5;15.2;4.6;12.2;0.85;0.4;0.15;0.2
3;100;0;100;100;21.45;5;14.46;1.92;1.94;0.146;51.7;13.25;6.55;4.01;0.67;2.22;7.38;124.3;86.3;18.8;4.4;14.8;0.9;0.67;0.15;0.21;2.08;2.02;0.125;48.3;16.09;7.8;4.91;0.86;2.78;7.07;116.1;73.5;22.9;5.6;14.1;1.01;0.59;0.17;0.25
3;100;50;0;0;17.41;3.66;10.46;2.15;2.07;0.138;42.1;14.97;7.43;4.4;0.81;2.55;5.4;120.7;91;13.7;5.1;10.8;1.37;0.29;0.17;0.24;0.78;0.77;0.119;57.9;6.4;3.03;2.03;0.34;1.1;5.06;166.2;138.9;14.9;2.2;10.1;0.25;0.35;0.07;0.1
3;100;50;0;50;17.39;3.83;11.23;2.24;2.24;0.144;41.2;15.52;7.66;4.72;0.8;2.58;5.75;121.4;92.1;12.7;5.2;11.5;1.38;0.42;0.18;0.26;1.03;1.03;0.136;58.8;7.51;3.68;2.3;0.37;1.25;5.49;173.7;137.2;23.1;2.5;11;0.24;0.59;0.08;0.11
3;100;50;0;100;17.12;4.12;12.09;2.4;2.36;0.148;41.6;15.94;7.98;4.83;0.79;2.66;6.09;122.9;93.8;11.7;5.3;12.2;1.42;0.51;0.18;0.25;1.3;1.28;0.143;58.4;8.88;4.42;2.58;0.46;1.47;6;172.6;134.4;23.2;2.9;12;0.26;0.79;0.09;0.13
3;100;50;50;0;19.48;3.99;11.87;2.2;2.16;0.136;47.3;15.8;7.65;4.81;0.82;2.59;6.09;122.8;88.3;17.1;5.2;12.2;1.33;0.38;0.19;0.26;1.01;1.01;0.119;52.7;8.37;3.99;2.65;0.44;1.4;5.78;136.6;107.5;14.7;2.8;11.6;0.44;0.34;0.09;0.13
3;100;50;50;50;19.41;4.72;13.62;2.4;2.37;0.143;46.1;16.49;8.21;4.95;0.82;2.79;7.02;124.6;88.9;16.1;5.6;14;1.35;0.56;0.19;0.27;1.42;1.46;0.131;53.9;11.1;5.42;3.4;0.57;1.93;6.59;145.8;106.8;21.9;3.9;13.2;0.59;0.57;0.12;0.17
3;100;50;50;100;19.47;5.12;14.72;2.54;2.5;0.151;47.5;16.48;8.25;4.88;0.81;2.73;7.58;132.9;90.1;22.2;5.5;15.2;1.33;0.71;0.18;0.27;1.91;1.88;0.134;52.5;13.9;6.84;4.22;0.68;2.39;7.14;147.1;105.3;22.8;4.8;14.3;0.74;0.78;0.15;0.21
3;100;50;100;0;21.36;4.56;12.86;2.26;2.27;0.137;54.6;16.56;8.18;4.87;0.89;2.8;6.59;125.3;85.7;20.8;5.6;13.2;1.28;0.54;0.19;0.27;1.15;1.18;0.12;45.4;9.74;4.69;3.01;0.49;1.76;6.26;104.3;74;14.3;3.5;12.5;0.58;0.33;0.11;0.15
3;100;50;100;50;21.57;5.33;14.87;2.52;2.51;0.146;54.3;17.16;8.54;5.12;0.89;2.99;7.57;136.4;85.3;30;6;15.1;1.27;0.77;0.2;0.26;1.8;1.75;0.128;45.7;13.57;6.63;4;0.72;2.34;7.3;114.8;74.3;21.2;4.7;14.6;0.85;0.54;0.15;0.2
3;100;50;100;100;21.44;5.98;16.87;2.83;2.77;0.153;53.8;18.08;9.15;5.28;0.93;3.09;8.67;137;85.3;28.2;6.2;17.3;1.3;0.96;0.22;0.29;2.23;2.2;0.131;46.2;16.68;8.13;5.08;0.85;2.88;8.2;117.5;74.3;21;5.8;16.4;1.04;0.72;0.17;0.26
3;100;100;0;0;17.61;4.27;12.05;2.63;2.59;0.142;43.5;18.26;9.08;5.4;0.99;3.07;6.16;129.4;90.2;20.8;6.1;12.3;1.61;0.47;0.21;0.3;0.89;0.92;0.134;56.5;6.77;3.28;2.03;0.37;1.2;5.89;168.6;140.3;14.1;2.4;11.8;0.25;0.49;0.07;0.1
3;100;100;0;50;17.16;4.49;12.57;2.91;2.77;0.148;42.8;18.66;9.39;5.42;0.93;3.13;6.44;129.9;91.8;19;6.3;12.9;1.66;0.61;0.22;0.29;1.14;1.16;0.148;57.2;7.83;3.95;2.25;0.41;1.36;6.13;173.8;137.7;21.1;2.7;12.3;0.25;0.71;0.09;0.12
3;100;100;0;100;16.87;4.62;13.48;2.94;2.92;0.154;43.3;18.92;9.45;5.64;0.99;3.07;6.91;131;94.4;16.7;6.1;13.8;1.69;0.72;0.21;0.31;1.57;1.51;0.163;56.7;9.29;4.79;2.6;0.47;1.55;6.57;171.7;133.4;22;3.1;13.1;0.25;1.02;0.1;0.14
3;100;100;50;0;19.43;4.76;13.48;2.82;2.74;0.143;49.1;19.11;9.51;5.71;0.92;3.22;6.9;133.7;87.3;26.2;6.4;13.8;1.56;0.66;0.22;0.3;1.11;1.14;0.131;50.9;8.62;4.23;2.62;0.45;1.54;6.58;138.5;108.8;13.5;3.1;13.2;0.43;0.47;0.1;0.13
3;100;100;50;50;19.29;5.19;14.98;2.94;2.92;0.149;47.7;19.61;9.84;5.8;1;3.29;7.62;133.9;87.7;24.4;6.6;15.2;1.58;0.8;0.22;0.31;1.62;1.58;0.138;52.3;11.33;5.57;3.45;0.58;1.9;7.36;147;108.3;20.2;3.8;14.7;0.6;0.67;0.13;0.17
3;100;100;50;100;19.31;5.67;16.37;3.15;3.16;0.157;47.6;20.05;10.07;5.97;0.99;3.26;8.46;134.9;88.5;23;6.5;16.9;1.59;1.01;0.23;0.32;2.04;2.06;0.145;52.4;14.08;7;4.22;0.71;2.41;7.91;148.3;107.3;20.4;4.8;15.8;0.75;0.94;0.15;0.21
3;100;100;100;0;21.52;5.15;14.79;2.86;2.88;0.143;56.4;20.16;9.86;6.15;1.01;3.39;7.57;137.7;84.3;31.4;6.8;15.1;1.51;0.83;0.23;0.32;1.33;1.33;0.129;43.6;10.22;4.92;3.13;0.49;1.76;7.21;106.2;75.1;13.2;3.5;14.4;0.6;0.47;0.11;0.15
3;100;100;100;50;21.73;5.87;16.96;3.18;3.11;0.149;54.1;20.83;10.42;6.23;1.01;3.44;8.61;137.9;83.3;30.5;6.9;17.2;1.5;1.04;0.23;0.34;1.9;1.91;0.134;45.9;14.21;6.89;4.29;0.71;2.43;8.35;117;75.9;19.5;4.9;16.7;0.88;0.66;0.16;0.22
3;100;100;100;100;21.54;6.45;18.43;3.38;3.39;0.16;53.8;21.19;10.67;6.29;1.01;3.58;9.4;138.3;83.9;28.5;7.2;18.8;1.5;1.3;0.25;0.33;2.44;2.4;0.14;46.2;17.06;8.42;5.17;0.84;2.86;9.02;118.7;75.5;19.5;5.7;18;1.06;0.9;0.18;0.25
4;0;0;0;0;13.68;1.89;5.34;0.85;0.87;0.133;55.9;6.45;3.15;1.95;0.36;1.15;2.76;200;176.5;15.7;2.3;5.5;0.42;0.26;0.07;0.11;0.49;0.51;0.112;44.1;4.33;2.04;1.36;0.24;0.74;2.58;157.7;142.6;8.5;1.5;5.2;0.25;0.14;0.05;0.07
4;0;0;0;50;13.32;1.92;5.8;0.96;0.92;0.137;55.9;6.72;3.27;2.09;0.35;1.07;3.05;200.2;177.5;14.4;2.1;6.1;0.42;0.32;0.07;0.12;0.55;0.57;0.113;44.1;4.95;2.3;1.59;0.25;0.85;2.75;157.7;141.8;8.7;1.7;5.5;0.26;0.19;0.05;0.08
4;0;0;0;100;12.77;2.15;6.11;1.02;0.99;0.145;55.3;6.77;3.43;2;0.34;1.17;3.15;200.4;178.7;13;2.3;6.3;0.42;0.38;0.08;0.11;0.71;0.71;0.122;44.7;5.72;2.73;1.75;0.29;0.99;2.96;161.8;140.9;13;2;5.9;0.28;0.29;0.06;0.08
4;0;0;50;0;15.73;2.29;6.67;0.94;0.93;0.13;61.4;7.07;3.37;2.19;0.38;1.16;3.42;200.8;172.7;19;2.3;6.8;0.41;0.32;0.08;0.12;0.77;0.75;0.117;38.6;6.38;3.09;1.93;0.35;1.13;3.26;126.3;109.2;8.4;2.3;6.5;0.45;0.14;0.07;0.09
4;0;0;50;50;15.84;2.75;8.12;1.01;1.03;0.134;60.8;7.65;3.71;2.35;0.39;1.28;4.21;200.7;171.5;18.3;2.6;8.4;0.41;0.42;0.09;0.12;1.01;1.01;0.117;39.2;8.53;4.03;2.67;0.44;1.47;3.91;129.1;109.9;8.5;2.9;7.8;0.61;0.18;0.09;0.13
4;0;0;50;100;15.56;3.25;9.2;1.15;1.17;0.149;59.7;7.83;3.89;2.35;0.4;1.34;4.75;200.6;171.5;16.9;2.7;9.5;0.4;0.56;0.09;0.12;1.37;1.34;0.122;40.3;10.96;5.35;3.25;0.58;1.91;4.45;135.3;109.9;12.7;3.8;8.9;0.78;0.28;0.12;0.17
4;0;0;100;0;17.77;2.72;7.64;0.97;1;0.13;68.7;7.67;3.77;2.31;0.39;1.35;3.94;202.9;169.9;22.4;2.7;7.9;0.4;0.38;0.1;0.13;0.96;0.92;0.117;31.3;7.76;3.75;2.36;0.44;1.37;3.71;92.4;73.9;8.4;2.7;7.4;0.58;0.14;0.08;0.12
4;0;0;100;50;17.89;3.32;9.93;1.11;1.13;0.132;67.3;8.5;4.12;2.58;0.47;1.36;5.1;200.2;165.5;21.7;2.7;10.2;0.38;0.51;0.09;0.14;1.4;1.33;0.118;32.7;11.27;5.42;3.49;0.55;1.97;4.83;97.2;75.6;8;3.9;9.7;0.88;0.17;0.12;0.17
4;0;0;100;100;18.01;3.88;11.45;1.41;1.39;0.149;65.8;9.34;4.6;2.82;0.47;1.51;5.96;200.5;164.5;21;3;11.9;0.39;0.74;0.11;0.15;1.7;1.67;0.121;34.2;13.74;6.61;4.24;0.75;2.37;5.49;103.8;76;12.1;4.7;11;1.05;0.27;0.15;0.21
4;0;50;0;0;13.27;2.04;5.94;0.93;0.96;0.13;55.6;7.28;3.54;2.23;0.37;1.25;3.13;198.7;174.5;15.5;2.5;6.3;0.42;0.34;0.09;0.11;0.56;0.55;0.116;44.4;4.6;2.21;1.4;0.23;0.78;2.81;158.8;144.1;7.6;1.6;5.6;0.27;0.17;0.05;0.07
4;0;50;0;50;12.88;2.16;6.27;1.1;1.13;0.144;55.3;7.78;3.75;2.39;0.41;1.28;3.23;197.9;174.3;14.6;2.6;6.5;0.42;0.49;0.09;0.13;0.66;0.65;0.125;44.7;5.08;2.46;1.54;0.27;0.88;3.05;159.6;144.3;7.5;1.8;6.1;0.26;0.26;0.05;0.08
4;0;50;0;100;12.54;2.29;6.62;1.25;1.24;0.154;54.8;8.05;4.03;2.4;0.4;1.31;3.38;198.1;175;13.7;2.6;6.8;0.43;0.6;0.09;0.13;0.74;0.77;0.136;45.2;5.61;2.76;1.69;0.3;0.98;3.23;163.2;143.7;11.1;2;6.5;0.27;0.35;0.06;0.09
4;0;50;50;0;15.66;2.62;7.38;1.13;1.11;0.129;60.7;8.56;4.25;2.52;0.42;1.47;3.82;198.7;168.6;19.4;2.9;7.6;0.41;0.44;0.1;0.15;0.79;0.78;0.119;39.3;6.51;3.12;1.99;0.32;1.15;3.56;128.3;111.5;7.4;2.3;7.1;0.45;0.16;0.07;0.1
4;0;50;50;50;15.56;3.04;8.88;1.31;1.32;0.143;60.1;9.16;4.53;2.74;0.49;1.54;4.59;198;166.9;18.8;3.1;9.2;0.41;0.65;0.11;0.15;1.11;1.09;0.123;39.9;8.73;4.28;2.7;0.46;1.5;4.29;131.3;112.5;7.2;3;8.6;0.62;0.24;0.09;0.13
4;0;50;50;100;15.44;3.48;10.08;1.47;1.5;0.16;60;9.38;4.71;2.76;0.47;1.51;5.21;206;166.4;26.2;3;10.4;0.41;0.84;0.11;0.15;1.47;1.44;0.128;40;11.24;5.46;3.48;0.57;1.97;4.87;137.3;112.8;10.8;3.9;9.7;0.8;0.35;0.12;0.17
4;0;50;100;0;17.99;3.1;8.76;1.27;1.29;0.132;67.8;9.76;4.76;2.96;0.52;1.71;4.54;199.5;163.7;23.3;3.4;9.1;0.4;0.61;0.11;0.17;0.95;0.96;0.119;32.2;8;3.84;2.47;0.39;1.39;4.22;94.8;76.3;7.2;2.8;8.4;0.59;0.16;0.08;0.12
4;0;50;100;50;18.08;3.77;11.05;1.56;1.56;0.148;67.7;10.47;5.26;3.15;0.55;1.78;5.67;208.7;160;33.8;3.6;11.3;0.39;0.87;0.12;0.17;1.46;1.42;0.122;32.3;11.57;5.62;3.53;0.61;1.98;5.37;99.5;77.8;7.1;4;10.7;0.89;0.24;0.11;0.18
4;0;50;100;100;18.07;4.39;12.53;1.78;1.8;0.161;66;11.19;5.66;3.3;0.56;1.86;6.54;206.4;157.4;32.2;3.7;13.1;0.38;1.1;0.14;0.19;1.81;1.82;0.126;34;14.46;6.99;4.51;0.72;2.53;5.99;106.3;78.8;10.5;5.1;12;1.12;0.33;0.16;0.21
4;0;100;0;0;12.99;2.28;6.46;1.22;1.2;0.138;55.7;8.59;4.26;2.58;0.43;1.43;3.36;203.5;170.1;23.9;2.9;6.7;0.42;0.54;0.1;0.14;0.57;0.58;0.124;44.3;4.57;2.26;1.4;0.24;0.85;3.1;161.8;147.5;6.4;1.7;6.2;0.27;0.19;0.05;0.07
4;0;100;0;50;12.5;2.28;6.72;1.37;1.37;0.154;55.6;8.84;4.47;2.58;0.45;1.47;3.48;202.3;170.4;22;2.9;7;0.42;0.7;0.1;0.14;0.69;0.68;0.132;44.4;5.03;2.46;1.54;0.26;0.82;3.25;161.8;147.2;6.4;1.6;6.5;0.27;0.28;0.05;0.08
4;0;100;0;100;12.21;2.48;7.12;1.53;1.58;0.17;55.2;9.24;4.63;2.72;0.47;1.49;3.8;202.6;171.4;20.6;3;7.6;0.43;0.89;0.11;0.15;0.8;0.85;0.147;44.8;5.74;2.81;1.75;0.29;0.98;3.31;164.6;146.5;9.5;2;6.6;0.29;0.42;0.06;0.08
4;0;100;50;0;15.47;2.88;8.27;1.45;1.45;0.143;60.9;10.14;4.98;3.07;0.51;1.69;4.21;204.9;163.4;29.7;3.4;8.4;0.41;0.76;0.12;0.17;0.83;0.84;0.123;39.1;6.78;3.25;2.08;0.38;1.19;4.06;131.3;114.6;6.2;2.4;8.1;0.48;0.19;0.07;0.1
4;0;100;50;50;15.38;3.2;9.56;1.64;1.64;0.154;60.2;10.59;5.29;3.17;0.52;1.72;4.83;203.2;161.5;28.5;3.4;9.7;0.41;0.94;0.12;0.17;1.14;1.13;0.127;39.8;8.83;4.29;2.72;0.52;1.48;4.73;134.1;115.6;6;3;9.5;0.63;0.27;0.1;0.13
4;0;100;50;100;15.27;3.65;10.78;1.86;1.89;0.173;59.2;10.94;5.63;3.16;0.55;1.75;5.57;202;160.4;26.9;3.5;11.1;0.4;1.19;0.12;0.17;1.49;1.51;0.133;40.8;11.33;5.44;3.47;0.61;1.91;5.2;139.4;116.3;8.9;3.8;10.4;0.83;0.39;0.12;0.17
4;0;100;100;0;18.01;3.36;9.78;1.69;1.67;0.142;67.9;11.73;5.86;3.51;0.59;1.95;5.04;206.4;156;36.4;3.9;10.1;0.39;0.95;0.14;0.19;1.01;0.99;0.122;32.1;8.1;3.96;2.44;0.42;1.41;4.74;97.4;79.3;5.8;2.8;9.5;0.62;0.17;0.08;0.12
4;0;100;100;50;18.36;4.13;11.9;1.9;1.91;0.154;66.6;12.37;6.11;3.71;0.69;2.03;6.11;204.3;152.7;35.2;4.1;12.2;0.36;1.21;0.13;0.21;1.52;1.49;0.125;33.4;11.85;5.78;3.58;0.61;2.1;5.79;102.3;80.6;5.9;4.2;11.6;0.92;0.27;0.12;0.17
4;0;100;100;100;17.86;4.57;13.16;2.39;2.27;0.174;65.1;12.99;6.78;3.71;0.63;2.07;6.76;201.2;149.9;33.7;4.1;13.5;0.36;1.55;0.15;0.21;1.83;1.86;0.129;34.9;14.37;6.97;4.32;0.77;2.5;6.4;107.8;81.7;8.4;5;12.8;1.14;0.35;0.16;0.22
4;50;0;0;0;15.5;2.48;7.01;1.23;1.27;0.14;50.2;9.05;4.52;2.69;0.5;1.58;3.58;160.9;135.3;15.2;3.2;7.2;0.76;0.26;0.11;0.15;0.6;0.59;0.113;49.8;5.1;2.44;1.59;0.27;0.9;3.43;159.7;139.5;11.6;1.8;6.9;0.26;0.2;0.05;0.08
4;50;0;0;50;15.23;2.6;7.41;1.3;1.33;0.142;50.2;9.3;4.61;2.79;0.5;1.58;3.79;161.2;136.3;14.1;3.2;7.6;0.75;0.31;0.11;0.15;0.69;0.67;0.114;49.8;5.83;2.79;1.75;0.31;1.02;3.62;159.6;138.5;11.9;2;7.2;0.26;0.27;0.07;0.08
4;50;0;0;100;14.91;2.81;7.94;1.45;1.43;0.148;49.7;9.64;4.8;2.82;0.49;1.62;4.11;162.6;138.1;13;3.2;8.2;0.77;0.39;0.12;0.15;0.87;0.88;0.129;50.3;6.75;3.29;2.08;0.33;1.18;3.83;164.6;136.6;18;2.4;7.7;0.26;0.45;0.07;0.1
4;50;0;50;0;17.65;2.78;8.27;1.29;1.32;0.137;55.8;9.61;4.69;2.97;0.47;1.59;4.25;162.6;132.1;18.8;3.2;8.5;0.73;0.33;0.11;0.16;0.77;0.81;0.116;44.2;6.9;3.22;2.23;0.36;1.19;4.02;129;107.1;11.5;2.4;8;0.44;0.19;0.08;0.1
4;50;0;50;50;17.33;3.24;9.52;1.4;1.39;0.14;55.5;9.87;4.83;2.97;0.5;1.64;4.9;163.2;132.7;17.5;3.3;9.8;0.73;0.38;0.11;0.16;1.09;1.09;0.116;44.5;9.27;4.42;2.88;0.51;1.6;4.62;130.6;106.7;11.5;3.2;9.2;0.59;0.26;0.1;0.14
4;50;0;50;100;17.37;3.85;11.02;1.59;1.6;0.151;54.3;10.57;5.28;3.14;0.54;1.82;5.71;164.5;133;16.5;3.6;11.4;0.75;0.55;0.13;0.17;1.52;1.48;0.125;45.7;11.84;5.7;3.62;0.6;2.03;5.31;138.4;106.5;17.3;4.1;10.6;0.75;0.44;0.12;0.18
4;50;0;100;0;19.3;3.19;9.35;1.4;1.4;0.136;63.2;10.25;5.11;3.11;0.52;1.79;4.79;164.7;129.9;21.7;3.6;9.6;0.74;0.37;0.13;0.16;0.98;0.98;0.116;36.8;8.31;3.9;2.64;0.45;1.4;4.56;95.8;72.6;11.2;2.8;9.1;0.58;0.18;0.08;0.12
4;50;0;100;50;19.66;3.92;11.12;1.57;1.48;0.138;62.3;10.73;5.35;3.19;0.51;1.84;5.71;164.5;128.2;21.2;3.7;11.4;0.7;0.48;0.13;0.17;1.46;1.4;0.117;37.7;11.9;5.74;3.67;0.62;2.08;5.41;99.6;73.5;11.2;4.2;10.8;0.85;0.25;0.12;0.18
4;50;0;100;100;19.83;4.41;13.13;1.75;1.77;0.15;60.3;11.76;5.86;3.52;0.57;1.91;6.75;165.1;127.4;20.4;3.8;13.5;0.71;0.73;0.13;0.19;1.81;1.83;0.124;39.7;14.72;7.01;4.53;0.81;2.5;6.38;108.6;73.9;16.9;5;12.8;1.02;0.44;0.15;0.23
4;50;50;0;0;15.67;2.91;8.24;1.7;1.66;0.14;50.2;11.83;5.94;3.51;0.58;2.03;4.21;162.5;134.6;15.4;4.1;8.4;0.99;0.34;0.14;0.19;0.62;0.61;0.118;49.8;5.06;2.43;1.6;0.25;0.88;4.03;161;140.2;10.9;1.8;8.1;0.23;0.25;0.06;0.07
4;50;50;0;50;15.23;3.05;8.99;1.82;1.84;0.149;50.5;12.35;6.11;3.74;0.6;2;4.69;163.5;135.9;14.3;4;9.4;1.01;0.47;0.14;0.21;0.8;0.8;0.128;49.5;6.14;2.99;1.93;0.29;1.05;4.31;160.4;138.9;10.8;2.1;8.6;0.26;0.38;0.07;0.1
4;50;50;0;100;14.61;3.21;9.32;1.93;1.91;0.154;49.8;12.37;6.23;3.63;0.65;2.01;4.81;164;137.5;12.8;4;9.6;1.02;0.56;0.14;0.2;1.02;0.99;0.14;50.2;7.05;3.52;2.12;0.32;1.21;4.51;165;137.2;16.4;2.4;9;0.27;0.55;0.08;0.1
4;50;50;50;0;17.66;3.38;9.64;1.77;1.74;0.138;55.6;12.58;6.3;3.68;0.65;2.16;4.93;163.9;130.8;18.9;4.3;9.9;0.95;0.42;0.16;0.2;0.87;0.86;0.119;44.4;7.14;3.42;2.25;0.35;1.23;4.71;130.7;108.1;10.6;2.5;9.4;0.44;0.23;0.08;0.11
4;50;50;50;50;17.5;3.89;11.13;1.96;1.97;0.148;55.4;13.34;6.59;4.08;0.67;2.21;5.79;164.8;130.8;18;4.4;11.6;0.97;0.62;0.16;0.22;1.22;1.21;0.125;44.6;9.63;4.68;2.94;0.49;1.68;5.34;132.6;108.1;10.5;3.4;10.7;0.6;0.37;0.11;0.14
4;50;50;50;100;17.35;4.4;12.55;2.14;2.16;0.158;55.1;13.65;6.88;4.03;0.69;2.28;6.47;172.6;130;25.2;4.6;12.9;0.96;0.83;0.16;0.22;1.56;1.58;0.131;44.9;12.04;5.88;3.71;0.6;2.12;6.08;140.8;108.8;15.6;4.2;12.2;0.76;0.51;0.13;0.18
4;50;50;100;0;19.65;3.75;10.76;1.92;1.87;0.139;62.8;13.46;6.71;3.99;0.71;2.26;5.52;165.3;127.1;22.7;4.5;11;0.92;0.57;0.16;0.22;1.06;1.03;0.119;37.2;8.59;4.13;2.64;0.44;1.49;5.24;97.7;74.1;10.2;3;10.5;0.58;0.22;0.09;0.13
4;50;50;100;50;19.82;4.49;13.04;2.13;2.16;0.15;63.3;14.39;7.18;4.22;0.66;2.41;6.7;176;125.2;32.6;4.8;13.4;0.93;0.85;0.16;0.23;1.5;1.53;0.124;36.7;12.3;5.9;3.77;0.66;2.09;6.33;102;75.1;10.1;4.2;12.7;0.86;0.35;0.12;0.19
4;50;50;100;100;19.77;5.02;14.58;2.41;2.4;0.159;61.4;15.11;7.6;4.46;0.8;2.46;7.44;175.2;124.1;31.3;4.9;14.9;0.94;1.05;0.18;0.23;1.91;1.91;0.128;38.6;14.86;7.27;4.53;0.71;2.56;7.14;109.9;75.6;14.9;5.1;14.3;1.05;0.48;0.16;0.23
4;50;100;0;0;15.3;3.47;10.03;2.24;2.2;0.146;51.4;15.06;7.52;4.54;0.81;2.57;5.08;171.7;133.5;22.9;5.1;10.2;1.27;0.51;0.18;0.24;0.69;0.71;0.131;48.6;5.34;2.56;1.66;0.29;0.9;4.95;162.6;141.3;9.5;1.8;9.9;0.25;0.32;0.06;0.08
4;50;100;0;50;14.91;3.53;10.28;2.35;2.36;0.154;50.7;15.24;7.58;4.56;0.72;2.46;5.34;171.6;134.9;21.1;4.9;10.7;1.27;0.67;0.18;0.24;0.92;0.89;0.143;49.3;6.17;3.08;1.85;0.31;1.07;4.94;166.6;139.9;14.6;2.1;9.9;0.26;0.48;0.06;0.09
4;50;100;0;100;14.62;3.76;10.8;2.56;2.58;0.164;50.8;15.78;7.93;4.68;0.79;2.55;5.55;171.9;135.9;19.8;5.1;11.1;1.29;0.86;0.19;0.25;1.1;1.1;0.156;49.2;7.06;3.53;2.09;0.35;1.21;5.25;166.4;138.9;14.6;2.4;10.5;0.27;0.66;0.08;0.1
4;50;100;50;0;17.65;3.92;11.42;2.41;2.4;0.147;56.6;16.25;8.08;4.76;0.87;2.67;5.8;173.9;128.2;28.7;5.3;11.6;1.21;0.74;0.19;0.26;0.97;0.98;0.129;43.4;7.52;3.62;2.28;0.36;1.25;5.62;133.2;110.1;9.3;2.5;11.2;0.45;0.33;0.08;0.12
4;50;100;50;50;17.68;4.44;12.72;2.58;2.57;0.154;55.3;16.63;8.3;4.88;0.86;2.71;6.59;173.8;127.6;27.6;5.4;13.2;1.19;0.92;0.19;0.27;1.33;1.31;0.134;44.7;9.72;4.81;2.92;0.53;1.74;6.13;140.3;110.7;13.9;3.5;12.3;0.61;0.45;0.1;0.14
4;50;100;50;100;17.43;4.81;14.05;2.79;2.82;0.166;55;16.98;8.62;4.97;0.86;2.78;7.34;173.8;128;25.6;5.6;14.7;1.21;1.14;0.19;0.28;1.76;1.72;0.139;45;12.28;5.96;3.73;0.66;2.03;6.72;141.9;110.3;14;4.1;13.4;0.78;0.63;0.13;0.18
4;50;100;100;0;19.77;4.47;12.62;2.55;2.54;0.146;63.7;17.35;8.57;5.13;0.91;2.89;6.45;176.3;123.2;34.5;5.8;12.9;1.16;0.9;0.2;0.28;1.11;1.12;0.127;36.3;8.82;4.25;2.66;0.44;1.58;6.17;100.5;76.1;8.9;3.2;12.3;0.6;0.3;0.09;0.13
4;50;100;100;50;20.07;5.36;14.89;2.69;2.78;0.155;62;17.99;9.06;5.29;0.92;3.1;7.81;177.3;122.1;33.3;6.2;15.6;1.14;1.14;0.21;0.29;1.64;1.66;0.13;38;12.63;6.21;3.78;0.66;2.26;7.08;108.7;76.6;13.4;4.5;14.2;0.89;0.44;0.14;0.19
4;50;100;100;100;19.87;5.57;16.17;3.14;3.08;0.167;61.1;18.38;9.41;5.38;0.86;3;8.34;175.1;120.4;32;6;16.7;1.14;1.46;0.2;0.29;2.13;2.04;0.134;38.9;15.2;7.39;4.6;0.85;2.57;7.82;111.3;77.5;13;5.1;15.6;1.09;0.57;0.16;0.23
4;100;0;0;0;17.35;2.83;8.23;1.58;1.58;0.143;42.5;11.03;5.46;3.24;0.61;1.82;4.26;119.2;92.2;14.9;3.6;8.5;1.02;0.25;0.13;0.18;0.62;0.64;0.113;57.5;5.58;2.71;1.7;0.32;1.01;3.97;161.3;136.3;15;2;7.9;0.24;0.26;0.06;0.09
4;100;0;0;50;17.11;2.97;8.82;1.67;1.62;0.145;42.8;11.13;5.52;3.34;0.57;1.81;4.47;119.8;93.8;13.5;3.6;8.9;1.03;0.29;0.13;0.17;0.83;0.83;0.119;57.2;6.88;3.27;2.21;0.35;1.17;4.35;160.3;133.9;15.4;2.3;8.7;0.24;0.4;0.08;0.11
4;100;0;0;100;16.95;3.28;9.74;1.77;1.76;0.149;42.2;11.77;5.88;3.52;0.62;1.93;5.08;121.8;95.3;12.6;3.9;10.2;1.05;0.38;0.13;0.19;1.11;1.06;0.13;57.8;8.07;3.96;2.47;0.39;1.35;4.66;167;131.6;23.4;2.7;9.3;0.25;0.61;0.08;0.12
4;100;0;50;0;19.17;3.27;9.29;1.65;1.65;0.141;48.3;11.63;5.71;3.5;0.6;1.95;4.87;122;90.2;18.2;3.9;9.7;1;0.31;0.14;0.2;0.84;0.87;0.116;51.7;7.47;3.53;2.31;0.39;1.32;4.42;130.8;104.6;14.7;2.6;8.8;0.42;0.26;0.08;0.11
4;100;0;50;50;19.2;3.75;10.96;1.71;1.7;0.143;48.1;11.88;5.87;3.6;0.59;1.98;5.59;123;90.9;16.9;4;11.2;1.01;0.37;0.13;0.19;1.25;1.23;0.12;51.9;10.23;4.92;3.19;0.55;1.76;5.37;132.9;103.7;14.9;3.5;10.7;0.57;0.38;0.11;0.16
4;100;0;50;100;19.15;4.33;12.53;1.93;1.9;0.151;46.6;12.54;6.29;3.74;0.63;2.05;6.42;124.3;91.3;16.1;4.1;12.8;1.02;0.54;0.13;0.2;1.7;1.66;0.127;53.4;13.02;6.35;4.03;0.63;2.29;6.1;142.4;103.4;22.2;4.6;12.2;0.73;0.59;0.14;0.2
4;100;0;100;0;21.32;3.63;10.32;1.67;1.69;0.139;55.9;12.14;5.89;3.63;0.65;2.04;5.29;125.1;88.6;21.8;4.1;10.6;0.99;0.37;0.14;0.2;1;1.04;0.117;44.1;8.81;4.25;2.71;0.43;1.59;5.03;98.9;71;14.6;3.2;10.1;0.54;0.26;0.1;0.13
4;100;0;100;50;21.51;4.42;12.7;1.91;1.82;0.141;55;12.93;6.41;3.86;0.66;2.15;6.53;126;87.9;20.8;4.3;13.1;0.98;0.48;0.15;0.21;1.52;1.53;0.12;45;12.76;6.07;4.01;0.71;2.27;6.17;102.9;71.6;14.4;4.5;12.3;0.82;0.38;0.14;0.19
4;100;0;100;100;21.39;4.95;14.32;2.06;2.04;0.151;52.9;13.54;6.77;4.02;0.67;2.28;7.32;126.6;87.8;19.6;4.6;14.6;0.97;0.69;0.15;0.23;2.02;1.96;0.125;47.1;15.64;7.49;4.86;0.8;2.67;7;112.8;71.7;21.8;5.3;14;1;0.57;0.16;0.24
4;100;50;0;0;17.61;3.73;10.57;2.24;2.26;0.144;43.3;15.66;7.73;4.69;0.8;2.63;5.43;123.6;92.7;14.7;5.3;10.9;1.5;0.33;0.19;0.24;0.73;0.75;0.119;56.7;6.2;3;1.89;0.34;1.11;5.14;162.2;135.5;14.2;2.2;10.3;0.25;0.34;0.07;0.09
4;100;50;0;50;17.29;3.9;11.22;2.46;2.42;0.15;42.6;16.05;8.03;4.72;0.83;2.63;5.77;124.6;94.3;13.5;5.3;11.5;1.52;0.45;0.19;0.26;0.93;0.99;0.136;57.4;7.25;3.54;2.21;0.37;1.27;5.45;168.3;133.1;21.7;2.5;10.9;0.24;0.56;0.08;0.11
4;100;50;0;100;16.99;4.19;11.77;2.52;2.51;0.154;42.9;16.23;8.16;4.73;0.79;2.73;6.08;125.5;95.7;12.2;5.5;12.2;1.54;0.53;0.18;0.26;1.2;1.21;0.143;57.1;8.45;4.23;2.49;0.42;1.46;5.68;167.2;130.9;22.1;2.9;11.4;0.25;0.75;0.09;0.13
4;100;50;50;0;19.47;4.07;11.92;2.37;2.35;0.142;48.9;16.49;8.11;5.05;0.81;2.71;6.29;126.4;90.1;18.3;5.4;12.6;1.46;0.42;0.2;0.28;0.94;0.94;0.119;51.1;7.86;3.78;2.46;0.38;1.36;5.63;132.4;104.7;13.6;2.7;11.3;0.42;0.32;0.08;0.12
4;100;50;50;50;19.76;4.55;13.48;2.53;2.54;0.149;47.4;17.04;8.46;5.14;0.87;2.84;7.02;127.7;90.6;17.3;5.7;14;1.46;0.61;0.19;0.28;1.4;1.37;0.13;52.6;10.51;5.03;3.21;0.56;1.71;6.46;141.5;104.1;21;3.4;12.9;0.57;0.55;0.1;0.16
4;100;50;50;100;19.55;5.2;14.86;2.67;2.74;0.157;48.8;17.41;8.67;5.12;0.96;2.87;7.78;136.6;91.2;24.1;5.7;15.6;1.47;0.79;0.19;0.29;1.76;1.79;0.134;51.2;13.32;6.49;4.04;0.73;2.33;7.08;143.2;103.4;21;4.7;14.2;0.72;0.72;0.15;0.2
4;100;50;100;0;21.48;4.51;13.01;2.51;2.47;0.143;55.8;17.29;8.61;5.22;0.87;2.95;6.67;128.2;87;22;5.9;13.3;1.4;0.57;0.2;0.29;1.11;1.11;0.119;44.2;9.24;4.44;2.83;0.47;1.56;6.34;101.3;72.3;13.2;3.1;12.7;0.57;0.31;0.1;0.14
4;100;50;100;50;21.63;5.23;14.96;2.65;2.68;0.151;55.6;17.68;8.83;5.24;0.86;2.99;7.67;139.6;86.7;31.5;6;15.3;1.39;0.8;0.2;0.28;1.7;1.68;0.128;44.4;13.08;6.33;4.01;0.7;2.24;7.29;111.4;72.5;19.9;4.5;14.6;0.83;0.51;0.14;0.2
4;100;50;100;100;21.67;5.76;16.67;2.87;2.89;0.158;55;18.26;9.21;5.4;0.93;3;8.52;139.8;86.9;29.8;6;17;1.38;1.01;0.22;0.28;2.16;2.11;0.131;45;16.02;7.9;4.81;0.82;2.76;8.16;114.5;72.3;20.3;5.5;16.3;1.01;0.68;0.17;0.25
4;100;100;0;0;17.5;4.32;12.27;2.77;2.79;0.148;45.1;18.86;9.51;5.58;0.99;3.22;6.34;133.6;92.4;22.1;6.4;12.7;1.77;0.5;0.22;0.31;0.85;0.88;0.134;54.9;6.5;3.17;2.02;0.28;1.11;5.92;163.1;135.9;13.1;2.2;11.8;0.24;0.47;0.07;0.1
4;100;100;0;50;17.34;4.44;12.79;3.1;3.01;0.155;44.2;19.45;9.84;5.83;0.94;3.21;6.62;133.9;93.3;20.9;6.4;13.2;1.8;0.66;0.23;0.32;1.08;1.1;0.147;55.8;7.41;3.61;2.25;0.4;1.24;6.17;169.1;134.6;19.7;2.5;12.3;0.24;0.67;0.08;0.11
4;100;100;0;100;16.65;4.64;13.38;3.21;3.16;0.161;44.5;19.61;10.03;5.52;1.04;3.19;6.92;133.8;95.3;18.3;6.4;13.8;1.84;0.79;0.23;0.3;1.39;1.39;0.161;55.5;8.62;4.3;2.58;0.45;1.44;6.46;167.3;131.5;20;2.9;12.9;0.25;0.92;0.09;0.12
4;100;100;50;0;19.75;4.72;13.58;3.01;2.93;0.149;50.5;19.64;9.77;5.88;0.98;3.29;7.04;137.3;89;27.7;6.6;14.1;1.69;0.7;0.22;0.32;1.05;1.08;0.13;49.5;8.25;4.04;2.52;0.43;1.43;6.54;134.8;106;12.8;2.9;13.1;0.43;0.44;0.09;0.12
4;100;100;50;50;19.63;5.25;14.94;3.16;3.14;0.155;49.2;20.31;10.12;6.06;1.06;3.39;7.77;138;89.5;26.1;6.8;15.5;1.72;0.86;0.24;0.33;1.54;1.51;0.138;50.8;10.9;5.37;3.28;0.56;1.86;7.17;142.8;105.4;19.4;3.7;14.3;0.58;0.65;0.12;0.16
4;100;100;50;100;19.17;5.67;16.32;3.35;3.39;0.163;48.8;20.74;10.4;6.17;1.05;3.37;8.39;137.5;89.9;24.1;6.7;16.8;1.74;1.08;0.24;0.33;2.09;1.97;0.144;51.2;13.58;6.87;3.99;0.68;2.31;7.93;144.3;105;18.9;4.6;15.9;0.75;0.87;0.15;0.2
4;100;100;100;0;21.73;5.11;14.95;3.04;3.08;0.148;57.8;20.75;10.22;6.29;1.08;3.45;7.66;141.6;86;33.3;6.9;15.3;1.64;0.87;0.24;0.32;1.22;1.26;0.129;42.2;9.7;4.65;3.04;0.56;1.66;7.3;103.3;73;12.4;3.3;14.6;0.57;0.44;0.11;0.15
4;100;100;100;50;21.67;5.88;16.86;3.33;3.31;0.155;55.7;21.38;10.82;6.35;1.05;3.55;8.71;141.6;85.3;31.8;7.1;17.4;1.64;1.07;0.25;0.35;1.87;1.82;0.134;44.3;13.55;6.61;4.12;0.71;2.33;8.15;112.7;73.6;18.2;4.7;16.3;0.86;0.61;0.15;0.2
4;100;100;100;100;21.84;6.4;18.21;3.71;3.61;0.165;55;21.87;11.18;6.34;1.04;3.59;9.36;141.4;84.7;30.8;7.2;18.7;1.62;1.41;0.24;0.35;2.21;2.28;0.139;45;16.24;7.99;4.93;0.83;2.81;8.85;115.6;74.1;18.3;5.6;17.7;1.02;0.83;0.18;0.24
5;0;0;0;0;13.65;1.79;5.36;0.85;0.91;0.137;57.4;6.61;3.18;1.99;0.38;1.08;2.82;205;180.9;16.3;2.2;5.6;0.45;0.28;0.07;0.11;0.47;0.46;0.107;42.6;4.14;1.99;1.3;0.2;0.7;2.54;152.1;137.8;7.8;1.4;5.1;0.22;0.13;0.05;0.06
5;0;0;0;50;13.18;2.02;5.61;0.96;0.98;0.141;57.2;6.94;3.46;2.01;0.35;1.22;2.92;204.3;180.8;15.2;2.4;5.8;0.45;0.33;0.09;0.12;0.54;0.53;0.107;42.8;4.72;2.24;1.48;0.25;0.79;2.7;152.7;137.9;7.8;1.6;5.4;0.24;0.16;0.05;0.07
5;0;0;0;100;12.99;2.14;6.12;1.1;1.09;0.149;56.5;7.25;3.64;2.17;0.34;1.22;3.14;204.5;181.3;14.5;2.4;6.3;0.45;0.43;0.09;0.12;0.64;0.63;0.117;43.5;5.29;2.5;1.69;0.25;0.92;2.98;157.1;137.5;11.8;1.8;6;0.24;0.26;0.05;0.08
5;0;0;50;0;15.79;2.36;6.61;0.98;1.01;0.135;62.9;7.49;3.63;2.34;0.37;1.28;3.47;206.3;176.8;20;2.6;6.9;0.45;0.35;0.09;0.13;0.65;0.66;0.11;37.1;5.91;2.89;1.75;0.29;1.08;3.13;121.5;105.6;7.5;2.2;6.3;0.38;0.13;0.07;0.09
5;0;0;50;50;15.7;2.81;7.73;1.12;1.07;0.138;62.1;7.69;3.88;2.26;0.41;1.34;4;204.6;174.8;19.1;2.7;8;0.43;0.42;0.1;0.13;0.93;0.89;0.11;37.9;8;3.84;2.49;0.4;1.46;3.73;124.6;106.7;7.5;2.9;7.5;0.53;0.16;0.09;0.11
5;0;0;50;100;15.67;3.19;9.39;1.21;1.27;0.153;60.9;8.3;4.08;2.5;0.42;1.39;4.88;204.6;174.1;18;2.8;9.8;0.43;0.61;0.1;0.13;1.25;1.22;0.115;39.1;10.57;5.04;3.28;0.59;1.8;4.51;131;107;11.3;3.6;9;0.69;0.26;0.1;0.17
5;0;0;100;0;17.59;2.71;7.67;1.03;1.05;0.132;70;7.88;3.82;2.36;0.41;1.34;4.03;207.7;173.9;23.1;2.7;8.1;0.42;0.4;0.09;0.13;0.83;0.85;0.111;30;7.62;3.66;2.34;0.41;1.37;3.64;89;71.4;7.5;2.7;7.3;0.52;0.13;0.08;0.12
5;0;0;100;50;18.03;3.38;9.75;1.21;1.18;0.135;68.6;8.7;4.29;2.58;0.47;1.46;5.02;205.2;169.5;22.8;2.9;10;0.42;0.52;0.1;0.14;1.21;1.21;0.111;31.4;10.88;5.18;3.38;0.57;1.92;4.73;93.7;73;7.4;3.8;9.5;0.77;0.17;0.12;0.16
5;0;0;100;100;18.11;3.98;11.34;1.4;1.47;0.152;67;9.65;4.82;2.9;0.48;1.65;5.88;203.8;166.6;22.1;3.3;11.8;0.42;0.78;0.12;0.16;1.54;1.51;0.114;33;13.2;6.26;4.12;0.71;2.33;5.46;100.4;74.1;10.7;4.7;10.9;0.93;0.24;0.15;0.19
5;0;50;0;0;13.35;2.12;5.79;1.06;1.04;0.134;56.7;7.7;3.88;2.26;0.38;1.41;2.92;202.3;177;16.7;2.8;5.8;0.45;0.37;0.1;0.12;0.46;0.47;0.11;43.3;4.13;1.97;1.26;0.24;0.71;2.86;154.4;140.6;6.6;1.4;5.7;0.23;0.14;0.04;0.06
5;0;50;0;50;13.17;2.16;6.28;1.18;1.21;0.148;56.6;8.13;4.01;2.41;0.4;1.35;3.25;202;176.9;15.9;2.7;6.5;0.45;0.53;0.09;0.13;0.56;0.58;0.119;43.4;4.74;2.28;1.45;0.28;0.81;3.03;155.1;140.7;6.7;1.6;6.1;0.24;0.22;0.05;0.07
5;0;50;0;100;12.63;2.29;6.65;1.4;1.35;0.158;55.9;8.53;4.3;2.51;0.41;1.41;3.39;201.4;177.2;14.6;2.8;6.8;0.47;0.65;0.1;0.13;0.68;0.69;0.129;44.1;5.27;2.54;1.6;0.27;0.88;3.26;158.8;140.5;10;1.8;6.5;0.24;0.31;0.05;0.08
5;0;50;50;0;15.54;2.52;7.25;1.2;1.14;0.131;62.2;8.63;4.23;2.58;0.42;1.45;3.76;203.3;172.6;20.2;2.9;7.5;0.44;0.45;0.1;0.14;0.71;0.7;0.112;37.8;6.13;2.92;1.89;0.33;1.07;3.48;123.5;107.9;6.5;2.1;7;0.39;0.14;0.07;0.09
5;0;50;50;50;15.49;2.97;8.45;1.43;1.37;0.146;61.3;9.33;4.67;2.69;0.49;1.52;4.4;201.2;169.8;19.6;3;8.8;0.43;0.68;0.11;0.15;0.98;0.95;0.116;38.7;8.1;3.85;2.47;0.47;1.45;4.05;126.7;109.4;6.3;2.9;8.1;0.54;0.21;0.09;0.11
5;0;50;50;100;15.6;3.48;9.92;1.68;1.64;0.163;61.2;10.03;5.06;2.9;0.5;1.65;5.16;210.1;168.4;28.1;3.3;10.3;0.45;0.91;0.11;0.16;1.27;1.26;0.12;38.8;10.41;5.08;3.19;0.52;1.83;4.76;132.9;110.2;9.5;3.7;9.5;0.69;0.31;0.11;0.15
5;0;50;100;0;17.98;3.05;8.68;1.33;1.35;0.134;69.1;9.99;4.91;3.01;0.53;1.72;4.5;204;167.3;24.3;3.4;9;0.43;0.63;0.13;0.16;0.93;0.86;0.112;30.9;7.63;3.68;2.35;0.41;1.34;4.17;91.3;73.8;6.4;2.7;8.3;0.52;0.15;0.08;0.12
5;0;50;100;50;18.18;3.67;10.69;1.62;1.62;0.151;69;10.74;5.32;3.21;0.53;1.73;5.51;213;163.1;35.4;3.5;11;0.42;0.91;0.12;0.17;1.38;1.28;0.115;31;11.08;5.34;3.36;0.61;1.94;5.17;95.7;75.3;6.2;3.9;10.3;0.79;0.21;0.12;0.17
5;0;50;100;100;18.21;4.27;12.35;1.88;1.88;0.163;67.3;11.51;5.93;3.33;0.59;1.9;6.36;210.6;159.9;34.2;3.8;12.7;0.41;1.15;0.14;0.18;1.64;1.61;0.118;32.7;13.57;6.54;4.18;0.72;2.37;5.99;102.4;76.5;9.1;4.7;12;0.97;0.29;0.14;0.2
5;0;100;0;0;13.15;2.25;6.54;1.28;1.29;0.142;57;9.09;4.47;2.79;0.46;1.51;3.38;208.2;173.3;25.1;3;6.8;0.47;0.57;0.1;0.16;0.52;0.51;0.117;43;4.23;2.03;1.3;0.23;0.74;3.15;156.8;143.3;5.7;1.5;6.3;0.23;0.17;0.04;0.07
5;0;100;0;50;12.75;2.4;6.78;1.44;1.47;0.157;56.9;9.34;4.72;2.75;0.47;1.58;3.5;207.2;173.1;23.9;3.2;7;0.45;0.77;0.1;0.15;0.64;0.61;0.126;43.1;4.74;2.33;1.41;0.23;0.82;3.28;157.2;143.4;5.5;1.6;6.6;0.24;0.25;0.06;0.07
5;0;100;0;100;12.21;2.44;6.99;1.67;1.66;0.174;56.3;9.51;4.91;2.75;0.43;1.55;3.65;206.1;173.6;22.1;3.1;7.3;0.45;0.96;0.11;0.14;0.77;0.75;0.139;43.7;5.25;2.6;1.59;0.25;0.88;3.34;160;143.1;8.5;1.8;6.7;0.25;0.37;0.05;0.08
5;0;100;50;0;15.6;2.82;8.09;1.58;1.51;0.145;62.2;10.39;5.21;3.07;0.53;1.71;4.15;209.2;166.1;31.4;3.4;8.3;0.43;0.79;0.12;0.17;0.75;0.75;0.117;37.8;6.34;3.04;1.95;0.34;1.11;3.94;127;111.4;5.5;2.2;7.9;0.41;0.16;0.07;0.1
5;0;100;50;50;15.62;3.23;9.46;1.77;1.74;0.157;61.4;11.09;5.58;3.32;0.55;1.84;4.91;207.3;163.6;30.2;3.7;9.8;0.44;1;0.13;0.17;1.01;1;0.119;38.6;8.34;3.94;2.6;0.46;1.39;4.55;130;112.7;5.4;2.8;9.1;0.56;0.23;0.08;0.12
5;0;100;50;100;15.31;3.71;10.7;2.01;2;0.175;60.3;11.43;5.9;3.26;0.56;1.84;5.59;205.5;162.2;28.4;3.7;11.2;0.44;1.27;0.12;0.18;1.38;1.33;0.124;39.7;10.62;5.17;3.21;0.57;1.87;5.11;135.1;113.5;7.7;3.7;10.2;0.73;0.33;0.11;0.15
5;0;100;100;0;17.97;3.44;9.88;1.76;1.76;0.144;69.2;12.15;6.09;3.61;0.64;2.07;5.14;211.4;159.6;37.3;4.1;10.3;0.43;0.98;0.15;0.2;0.93;0.91;0.115;30.8;7.86;3.71;2.46;0.43;1.37;4.73;94;76.6;5.2;2.7;9.5;0.55;0.16;0.08;0.12
5;0;100;100;50;18.19;4.14;11.69;2.01;1.98;0.157;67.9;12.64;6.43;3.71;0.62;2.08;6.03;208.4;155.9;36.3;4.2;12.1;0.41;1.22;0.15;0.2;1.38;1.35;0.117;32.1;11.38;5.51;3.44;0.62;2.06;5.66;98.5;77.9;5.1;4.1;11.3;0.82;0.23;0.13;0.17
5;0;100;100;100;18.31;4.49;13.29;2.4;2.4;0.176;66.3;13.57;6.88;4.01;0.65;2.12;6.96;205.3;151.6;35.6;4.2;13.9;0.39;1.63;0.15;0.22;1.69;1.66;0.121;33.7;13.67;6.56;4.27;0.73;2.36;6.33;104.3;79.5;7.4;4.7;12.7;1;0.32;0.14;0.2
5;50;0;0;0;15.48;2.33;6.82;1.38;1.35;0.146;51.5;9.26;4.54;2.81;0.46;1.53;3.53;164.3;138.2;15.9;3.1;7.1;0.82;0.27;0.1;0.16;0.51;0.52;0.108;48.5;4.7;2.24;1.4;0.28;0.81;3.3;154.5;135.3;11;1.6;6.6;0.22;0.18;0.05;0.07
5;50;0;0;50;15.18;2.63;7.47;1.39;1.43;0.148;51.8;9.66;4.77;2.9;0.47;1.63;3.96;165.7;139.7;14.9;3.3;7.9;0.83;0.32;0.11;0.16;0.64;0.62;0.109;48.2;5.57;2.74;1.69;0.29;1;3.51;154;134;11;2;7;0.23;0.25;0.06;0.08
5;50;0;0;100;14.78;2.91;7.99;1.49;1.55;0.154;51.2;10.04;5.07;2.95;0.5;1.68;4.22;166.9;141.6;13.5;3.4;8.4;0.84;0.41;0.13;0.17;0.83;0.85;0.125;48.8;6.68;3.28;1.99;0.36;1.23;3.78;159;132.1;17;2.5;7.6;0.24;0.43;0.08;0.1
5;50;0;50;0;17.6;2.9;8.24;1.39;1.43;0.143;57.5;9.96;5.01;2.96;0.52;1.76;4.27;167.6;136;19.5;3.5;8.5;0.82;0.33;0.12;0.16;0.68;0.73;0.11;42.5;6.53;3.05;2.06;0.33;1.14;3.97;124;103.1;10.7;2.3;7.9;0.38;0.19;0.07;0.1
5;50;0;50;50;17.45;3.29;9.43;1.51;1.49;0.145;56.9;10.26;5.08;3.13;0.51;1.71;4.9;167.2;135.5;18.5;3.4;9.8;0.79;0.41;0.12;0.17;1.01;0.99;0.111;43.1;8.84;4.2;2.75;0.48;1.58;4.53;126.5;103.5;10.8;3.2;9.1;0.52;0.24;0.1;0.13
5;50;0;50;100;17.49;3.83;11.11;1.71;1.69;0.155;55.4;10.85;5.4;3.25;0.52;1.76;5.78;167.9;135.5;17.3;3.5;11.6;0.8;0.58;0.13;0.18;1.39;1.41;0.119;44.6;11.78;5.62;3.67;0.63;2.07;5.33;134.8;103.5;16.5;4.1;10.7;0.68;0.43;0.13;0.17
5;50;0;100;0;19.56;3.16;9.19;1.51;1.5;0.14;64.8;10.65;5.2;3.25;0.56;1.79;4.83;169.7;133.3;23.1;3.6;9.7;0.79;0.4;0.13;0.18;0.9;0.87;0.11;35.2;7.82;3.73;2.38;0.45;1.38;4.35;92;70;10.5;2.8;8.7;0.49;0.19;0.08;0.11
5;50;0;100;50;19.75;3.83;11.32;1.61;1.63;0.143;63.6;11.42;5.63;3.41;0.58;1.87;5.89;168.8;130.9;22.3;3.7;11.8;0.79;0.51;0.13;0.2;1.33;1.26;0.111;36.4;11.36;5.4;3.58;0.57;1.96;5.43;96.3;71.2;10.4;3.9;10.9;0.74;0.23;0.12;0.17
5;50;0;100;100;19.68;4.55;12.59;1.78;1.84;0.154;61.8;11.96;5.98;3.52;0.61;2.04;6.49;168.4;129.7;21.6;4.1;13;0.76;0.74;0.14;0.2;1.65;1.63;0.117;38.2;13.79;6.62;4.23;0.72;2.51;6.1;104;71.8;15;5;12.2;0.89;0.38;0.15;0.2
5;50;50;0;0;15.53;3;8.35;1.78;1.79;0.146;51.7;12.28;6.14;3.66;0.6;2.1;4.33;166.6;137.6;16.2;4.2;8.7;1.09;0.35;0.14;0.2;0.49;0.58;0.112;48.3;4.97;2.29;1.58;0.25;0.9;4.02;155.8;136;10;1.8;8;0.22;0.22;0.06;0.07
5;50;50;0;50;15.27;3.13;8.96;1.98;1.95;0.154;51.8;12.67;6.41;3.71;0.63;2.11;4.7;167.4;138.6;15.2;4.2;9.4;1.09;0.51;0.14;0.2;0.74;0.73;0.124;48.2;5.81;2.84;1.76;0.3;1.02;4.26;155.5;135;10;2;8.5;0.23;0.35;0.06;0.08
5;50;50;0;100;14.73;3.2;9.48;2.14;2.11;0.16;51.1;13.22;6.67;3.92;0.67;2.13;5;167.5;139.1;14.1;4.3;10;1.12;0.63;0.15;0.22;0.9;0.87;0.134;48.9;6.42;3.08;2.06;0.29;1.07;4.48;160.2;134.5;14.6;2.1;9;0.24;0.47;0.06;0.1
5;50;50;50;0;17.58;3.42;9.72;1.82;1.85;0.142;56.9;13.03;6.4;3.98;0.62;2.18;5.06;167.4;133.1;19.8;4.4;10.1;1.04;0.45;0.15;0.22;0.8;0.78;0.113;43.1;6.77;3.28;2.11;0.36;1.23;4.66;126.7;105.2;9.7;2.5;9.3;0.39;0.21;0.08;0.1
5;50;50;50;50;17.63;3.96;11.04;2.08;2.11;0.152;56.4;13.85;6.91;4.04;0.71;2.35;5.71;167.4;132.2;19.1;4.7;11.4;1.05;0.67;0.17;0.22;1.11;1.09;0.119;43.6;9.07;4.44;2.77;0.47;1.6;5.33;129.3;105.9;9.6;3.2;10.7;0.52;0.33;0.1;0.13
5;50;50;50;100;17.3;4.22;12.49;2.33;2.33;0.163;56.5;14.29;7.2;4.19;0.73;2.27;6.57;176.5;132.1;26.8;4.5;13.1;1.05;0.88;0.16;0.23;1.53;1.43;0.124;43.5;11.49;5.6;3.49;0.61;1.95;5.92;135.7;106;14;3.9;11.8;0.68;0.46;0.12;0.17
5;50;50;100;0;19.66;3.82;10.98;2.04;2.03;0.143;64.2;14.18;7.12;4.24;0.66;2.36;5.8;169.6;129.8;23.5;4.7;11.6;1.03;0.61;0.16;0.24;0.92;0.92;0.113;35.8;8.07;3.83;2.53;0.42;1.46;5.18;94.4;71.7;9.4;2.9;10.4;0.5;0.21;0.09;0.12
5;50;50;100;50;19.91;4.59;13.03;2.22;2.29;0.155;64.4;14.79;7.37;4.35;0.75;2.47;6.75;179.7;127.5;33.8;4.9;13.5;1;0.87;0.17;0.24;1.44;1.41;0.117;35.6;11.96;5.82;3.72;0.57;2.12;6.28;99.1;72.8;9.4;4.2;12.6;0.77;0.33;0.13;0.18
5;50;50;100;100;19.93;5.02;14.54;2.57;2.56;0.163;62.6;15.68;8.04;4.55;0.76;2.57;7.46;178.8;125.3;33.4;5.1;14.9;0.98;1.14;0.19;0.25;1.87;1.74;0.121;37.4;14.3;6.95;4.37;0.79;2.45;7.08;106.6;73.9;13.7;4.9;14.2;0.92;0.45;0.15;0.22
5;50;100;0;0;15.43;3.33;9.9;2.42;2.36;0.151;52.7;15.61;7.85;4.57;0.79;2.55;5.09;175.6;135.8;24.6;5.1;10.2;1.38;0.55;0.18;0.25;0.69;0.64;0.126;47.3;4.99;2.42;1.56;0.25;0.79;4.81;157.5;137.7;8.7;1.6;9.6;0.22;0.29;0.05;0.08
5;50;100;0;50;15.23;3.56;10.47;2.56;2.54;0.16;52.1;15.9;7.97;4.71;0.82;2.58;5.49;176.2;137.3;22.8;5.2;11;1.39;0.72;0.17;0.26;0.82;0.81;0.137;47.9;5.82;2.84;1.79;0.3;0.98;4.98;161.8;136.2;13.6;2;10;0.23;0.44;0.06;0.08
5;50;100;0;100;14.83;3.79;10.99;2.73;2.77;0.169;52;16.36;8.3;4.8;0.86;2.63;5.69;175.7;138;21.1;5.3;11.4;1.41;0.91;0.18;0.27;1.05;1.01;0.15;48;6.67;3.44;1.92;0.35;1.16;5.3;162.1;135.6;13.6;2.3;10.6;0.24;0.6;0.07;0.1
5;50;100;50;0;17.74;3.93;11.53;2.5;2.54;0.152;58.1;16.66;8.32;4.93;0.87;2.71;6.01;178.8;131.2;30.2;5.4;12;1.32;0.76;0.19;0.27;0.89;0.87;0.122;41.9;7.05;3.43;2.11;0.4;1.22;5.51;128.7;106.6;8.6;2.4;11;0.39;0.29;0.08;0.11
5;50;100;50;50;17.67;4.42;12.75;2.74;2.73;0.159;56.6;17.09;8.55;5.04;0.86;2.77;6.55;177.2;129.7;28.9;5.5;13.1;1.3;0.96;0.2;0.27;1.19;1.2;0.127;43.4;9.33;4.55;2.86;0.53;1.65;6.2;136;107.7;12.6;3.3;12.4;0.54;0.42;0.1;0.14
5;50;100;50;100;17.49;4.86;13.94;2.98;2.97;0.171;56.3;17.41;8.96;5.02;0.86;2.83;7.41;177.5;129.8;27.2;5.7;14.8;1.29;1.2;0.2;0.28;1.61;1.56;0.132;43.7;11.73;5.78;3.48;0.66;2.03;6.53;137.6;107.6;12.9;4.1;13.1;0.7;0.57;0.12;0.17
5;50;100;100;0;19.99;4.51;12.74;2.7;2.7;0.151;64.9;17.9;8.96;5.31;0.92;3;6.55;180.4;125.2;36.1;6;13.1;1.24;0.95;0.21;0.29;1.02;1.02;0.12;35.1;8.43;4.08;2.59;0.44;1.51;6.19;97.5;74;8.1;3;12.4;0.53;0.27;0.1;0.13
5;50;100;100;50;20.27;5.21;14.88;2.96;2.97;0.159;63;18.68;9.42;5.59;0.9;3.11;7.72;180.1;123.1;35.3;6.2;15.4;1.23;1.21;0.23;0.3;1.47;1.47;0.123;37;11.9;5.79;3.64;0.64;2.1;7.16;105.6;75;12.1;4.2;14.3;0.78;0.39;0.13;0.18
5;50;100;100;100;19.93;5.56;16.17;3.36;3.26;0.172;62.2;18.98;9.64;5.53;0.95;3;8.39;178;122;33.2;6;16.8;1.23;1.53;0.21;0.29;1.96;1.88;0.127;37.8;14.77;7.2;4.51;0.74;2.56;7.79;108;75.5;11.9;5.1;15.6;0.97;0.53;0.16;0.22
5;100;0;0;0;17.41;2.87;8.15;1.66;1.71;0.149;43.9;11.44;5.71;3.41;0.59;1.92;4.25;122.4;94.2;15.8;3.8;8.5;1.11;0.27;0.14;0.19;0.56;0.59;0.109;56.1;5.26;2.47;1.67;0.26;0.95;3.91;156.2;132.4;14.1;1.9;7.8;0.21;0.25;0.06;0.08
5;100;0;0;50;17.26;3.05;8.96;1.84;1.77;0.151;44.4;11.69;5.89;3.46;0.62;1.89;4.73;123.8;96;14.6;3.8;9.5;1.13;0.31;0.14;0.19;0.78;0.76;0.115;55.6;6.48;3.17;1.97;0.37;1.17;4.22;155;129.7;14.5;2.3;8.4;0.21;0.38;0.07;0.09
5;100;0;0;100;17.02;3.32;9.7;1.9;1.9;0.155;43.5;12.2;6.24;3.6;0.6;2;5.11;124.7;97;13.5;4;10.2;1.14;0.41;0.14;0.21;1.01;0.99;0.128;56.5;7.71;3.68;2.39;0.46;1.32;4.59;162.2;128.4;22;2.6;9.2;0.22;0.57;0.08;0.11
5;100;0;50;0;19.4;3.3;9.26;1.72;1.75;0.147;49.7;11.89;5.98;3.47;0.57;2.04;4.86;125.3;92.3;19.2;4.1;9.7;1.09;0.32;0.14;0.2;0.78;0.8;0.111;50.3;7.17;3.43;2.19;0.37;1.26;4.41;126.7;101.4;14;2.5;8.8;0.38;0.23;0.08;0.11
5;100;0;50;50;19.27;3.74;11.03;1.91;1.84;0.148;49.6;12.42;6.13;3.77;0.62;1.98;5.79;126.4;93;17.9;4;11.6;1.11;0.39;0.14;0.21;1.1;1.12;0.114;50.4;9.77;4.64;3.03;0.56;1.76;5.25;128.5;100.6;13.9;3.5;10.5;0.51;0.36;0.1;0.15
5;100;0;50;100;19.51;4.38;12.6;2;2.05;0.157;48.2;13.07;6.52;3.93;0.66;2.17;6.6;128;93.2;17.3;4.3;13.2;1.1;0.58;0.15;0.22;1.55;1.52;0.121;51.8;12.51;6;3.86;0.64;2.21;6;137.7;100.4;21;4.4;12;0.65;0.55;0.13;0.19
5;100;0;100;0;21.27;3.55;10.36;1.74;1.84;0.145;57.4;12.68;6.27;3.83;0.61;2.11;5.4;128.4;90.8;22.6;4.2;10.8;1.09;0.39;0.15;0.21;0.92;0.93;0.11;42.6;8.39;3.91;2.6;0.47;1.44;4.96;95.1;68.7;13.6;2.9;9.9;0.48;0.24;0.09;0.13
5;100;0;100;50;21.57;4.3;12.58;1.88;1.91;0.146;56.4;13.11;6.45;3.94;0.66;2.16;6.45;128.7;89.8;21.7;4.3;12.9;1.05;0.5;0.15;0.21;1.47;1.39;0.113;43.6;12.21;5.87;3.83;0.66;2.14;6.13;99.7;69.4;13.7;4.3;12.3;0.72;0.35;0.13;0.19
5;100;0;100;100;21.46;5;14.17;2.15;2.22;0.156;54.5;14.21;7.01;4.27;0.7;2.34;7.41;130.2;90;20.7;4.7;14.8;1.07;0.73;0.18;0.24;1.9;1.82;0.12;45.5;15.17;7.35;4.61;0.79;2.66;6.76;108.6;69.2;20.6;5.3;13.5;0.87;0.55;0.17;0.23
5;100;50;0;0;17.46;3.62;10.55;2.46;2.4;0.151;44.5;15.95;7.95;4.78;0.8;2.61;5.43;126.2;94.7;15.4;5.2;10.9;1.62;0.34;0.19;0.26;0.72;0.67;0.115;55.5;5.79;2.81;1.78;0.31;1.01;5.12;157.3;131.6;13.4;2;10.2;0.22;0.31;0.06;0.09
5;100;50;0;50;17.45;4;11.28;2.51;2.58;0.156;43.7;16.49;8.27;4.95;0.83;2.79;5.76;127.3;95.8;14.4;5.6;11.5;1.65;0.48;0.2;0.26;0.86;0.91;0.132;56.3;6.84;3.31;2.09;0.38;1.21;5.52;163.9;130.1;20.4;2.4;11;0.22;0.52;0.07;0.1
5;100;50;0;100;16.79;4.13;11.91;2.7;2.72;0.161;44.2;16.91;8.55;4.99;0.86;2.78;6.18;128.6;97.6;13.1;5.6;12.4;1.69;0.56;0.2;0.27;1.12;1.12;0.139;55.8;8.01;3.89;2.45;0.39;1.35;5.73;162.1;127.5;20.4;2.7;11.5;0.23;0.7;0.08;0.12
5;100;50;50;0;19.61;4.19;11.85;2.56;2.48;0.147;50.2;16.79;8.41;4.87;0.93;2.79;6.2;129.4;92.3;19.2;5.6;12.4;1.59;0.44;0.19;0.27;0.93;0.88;0.114;49.8;7.61;3.68;2.33;0.42;1.4;5.66;128.4;101.3;12.9;2.8;11.3;0.38;0.3;0.08;0.11
5;100;50;50;50;19.53;4.63;13.43;2.62;2.71;0.155;48.8;17.5;8.61;5.26;0.89;2.9;7.06;130.4;92.5;18;5.8;14.1;1.58;0.63;0.21;0.29;1.24;1.27;0.125;51.2;10.13;4.87;3.13;0.52;1.74;6.37;137.1;101.1;19.8;3.5;12.7;0.5;0.52;0.1;0.15
5;100;50;50;100;19.47;5.06;14.65;3.06;2.93;0.163;50;17.98;9.17;5.25;0.88;2.92;7.66;139;92.3;25.6;5.8;15.3;1.6;0.84;0.21;0.29;1.68;1.62;0.128;50;12.62;6.07;3.88;0.66;2.14;6.99;139.3;101.4;19.7;4.3;14;0.65;0.66;0.13;0.18
5;100;50;100;0;21.53;4.6;12.92;2.72;2.64;0.148;57.3;17.81;8.97;5.25;0.91;3.05;6.68;131.6;89.3;22.8;6.1;13.4;1.54;0.59;0.22;0.29;1.06;1.02;0.114;42.7;8.87;4.28;2.75;0.47;1.55;6.24;98;69.7;12.7;3.1;12.5;0.49;0.29;0.1;0.14
5;100;50;100;50;21.7;5.26;15.14;2.82;2.91;0.157;57;18.56;9.22;5.61;0.91;3.01;7.88;143.2;88.6;32.8;6;15.8;1.52;0.85;0.22;0.31;1.53;1.55;0.122;43;12.64;6.08;3.92;0.68;2.25;7.25;108;70.3;18.8;4.5;14.5;0.74;0.48;0.14;0.19
5;100;50;100;100;21.73;5.69;16.52;3.07;3.05;0.163;56.4;18.72;9.43;5.51;0.93;3.03;8.54;142.7;88.5;31.1;6.1;17.1;1.51;1.03;0.21;0.3;1.93;1.92;0.124;43.6;15.38;7.36;4.82;0.82;2.66;7.99;110.4;70.3;18.8;5.3;16;0.9;0.64;0.16;0.23
5;100;100;0;0;17.78;4.32;12.42;2.93;3;0.154;46.4;19.45;9.71;5.84;0.98;3.27;6.38;137.3;94.2;23.8;6.5;12.8;1.93;0.53;0.22;0.31;0.82;0.81;0.13;53.6;6.13;3.05;1.8;0.34;1.04;6.04;158.9;132.4;12.3;2.1;12.1;0.22;0.44;0.06;0.09
5;100;100;0;50;17.38;4.47;12.79;3.19;3.22;0.161;45.6;20;10.02;5.89;1.05;3.26;6.71;137.2;95.3;22;6.5;13.4;1.95;0.7;0.23;0.33;1.06;1.03;0.144;54.4;7.15;3.56;2.05;0.37;1.22;6.08;164;130.8;18.6;2.4;12.2;0.22;0.63;0.08;0.11
5;100;100;0;100;16.94;4.64;13.52;3.37;3.41;0.168;45.6;20.35;10.3;5.98;1.03;3.29;6.98;137.1;96.5;20.1;6.6;14;2;0.86;0.23;0.33;1.3;1.28;0.157;54.4;8.09;4.09;2.39;0.4;1.35;6.54;163.5;129.1;18.7;2.7;13.1;0.22;0.85;0.08;0.12
5;100;100;50;0;19.61;4.74;13.68;3.11;3.17;0.155;51.8;20.49;10.22;6.15;1.01;3.38;7.13;140.8;90.5;29.2;6.8;14.3;1.85;0.75;0.24;0.33;1;1;0.126;48.2;7.88;3.81;2.41;0.42;1.36;6.55;130.8;103.2;11.7;2.7;13.1;0.38;0.41;0.09;0.12
5;100;100;50;50;19.44;5.17;15.02;3.41;3.38;0.16;50.5;21.11;10.45;6.24;1.06;3.39;7.88;141.1;90.7;27.8;6.8;15.8;1.89;0.91;0.24;0.34;1.32;1.37;0.132;49.5;10.29;4.98;3.14;0.55;1.77;7.14;138.3;103;17.4;3.5;14.3;0.52;0.59;0.11;0.15
5;100;100;50;100;19.38;5.57;16.43;3.6;3.63;0.169;50.3;21.49;10.89;6.32;1.07;3.46;8.62;141.3;91.2;26;6.9;17.2;1.88;1.15;0.24;0.36;1.8;1.79;0.138;49.7;12.84;6.19;3.95;0.69;2.11;7.81;140;102.6;17.5;4.2;15.6;0.66;0.81;0.13;0.19
5;100;100;100;0;21.41;4.99;14.88;3.35;3.31;0.153;59.2;21.58;10.69;6.43;1.11;3.4;7.8;144.5;87.6;34.5;6.8;15.6;1.82;0.9;0.24;0.35;1.19;1.14;0.123;40.8;9.2;4.47;2.81;0.5;1.59;7.08;99.4;71;11.1;3.2;14.2;0.51;0.38;0.1;0.14
5;100;100;100;50;21.9;5.95;16.85;3.54;3.5;0.16;56.8;21.92;11.18;6.37;1.1;3.73;8.56;144.1;86;33.6;7.5;17.1;1.76;1.15;0.26;0.33;1.66;1.64;0.127;43.2;12.87;6.24;3.99;0.65;2.21;8.29;109.8;72.2;16.6;4.4;16.6;0.76;0.56;0.13;0.19
5;100;100;100;100;21.93;6.38;18.28;3.95;3.88;0.17;56.5;22.76;11.72;6.61;1.15;3.71;9.6;145;85.7;32.7;7.4;19.2;1.76;1.5;0.26;0.36;2.06;2.03;0.132;43.5;15.3;7.56;4.62;0.74;2.67;8.68;111.6;72.4;16.6;5.3;17.4;0.9;0.75;0.16;0.23
6;0;0;0;0;13.64;1.86;5.3;0.95;0.95;0.137;58.8;6.9;3.4;2.06;0.38;1.17;2.77;209.6;184.6;17.1;2.3;5.5;0.46;0.29;0.08;0.12;0.46;0.43;0.107;41.2;3.87;1.86;1.15;0.22;0.69;2.52;146.8;133.4;7;1.4;5;0.21;0.12;0.05;0.06
6;0;0;0;50;13.43;1.93;5.68;1.03;1.01;0.14;58.7;7.16;3.52;2.17;0.35;1.17;2.98;209.5;184.9;16.3;2.3;6;0.45;0.35;0.09;0.12;0.53;0.5;0.107;41.3;4.5;2.13;1.38;0.24;0.76;2.69;147.2;133.2;7.1;1.5;5.4;0.23;0.15;0.05;0.07
6;0;0;0;100;13.07;2.16;6.13;1.18;1.12;0.149;58.1;7.54;3.81;2.24;0.39;1.3;3.24;209.6;185.2;15.4;2.6;6.5;0.46;0.46;0.09;0.12;0.57;0.59;0.116;41.9;4.94;2.33;1.54;0.28;0.86;2.89;150.9;133;10.4;1.7;5.8;0.23;0.23;0.05;0.07
6;0;0;50;0;15.95;2.41;6.61;1;1.02;0.134;64.3;7.58;3.76;2.26;0.36;1.34;3.44;211.3;180.9;20.9;2.7;6.9;0.45;0.36;0.09;0.12;0.63;0.65;0.11;35.7;5.82;2.78;1.77;0.32;1.07;3.17;117.3;101.8;7;2.1;6.3;0.38;0.12;0.06;0.09
6;0;0;50;50;15.79;2.78;7.85;1.07;1.09;0.137;63.9;7.92;3.88;2.42;0.4;1.37;4.22;211.3;180.3;19.8;2.7;8.4;0.44;0.44;0.09;0.13;0.93;0.87;0.11;36.1;7.82;3.77;2.42;0.4;1.42;3.63;119.2;102.1;7;2.8;7.3;0.52;0.16;0.08;0.11
6;0;0;50;100;15.64;3.14;9.32;1.33;1.34;0.152;62.3;8.8;4.37;2.62;0.44;1.43;4.91;208.8;177;19.1;2.9;9.8;0.45;0.64;0.1;0.15;1.19;1.15;0.114;37.7;9.97;4.72;3.12;0.58;1.71;4.41;126;103.8;10;3.4;8.8;0.67;0.22;0.1;0.15
6;0;0;100;0;17.75;2.59;7.48;1.1;1.06;0.131;71.3;8.05;3.93;2.44;0.42;1.35;3.87;212.2;177.2;24.5;2.7;7.7;0.43;0.42;0.09;0.13;0.81;0.76;0.109;28.7;6.84;3.28;2.12;0.36;1.24;3.61;85.5;69.2;6.6;2.5;7.2;0.48;0.11;0.07;0.1
6;0;0;100;50;18.26;3.38;9.56;1.32;1.27;0.136;70.1;9.36;4.63;2.77;0.5;1.61;5.01;210.5;173.1;24.2;3.2;10;0.44;0.56;0.11;0.16;1.18;1.13;0.111;29.9;10.11;4.82;3.15;0.52;1.78;4.56;89.8;70.6;6.6;3.6;9.1;0.72;0.14;0.11;0.16
6;0;0;100;100;18.23;3.84;11.45;1.49;1.52;0.151;68.2;10.05;5.02;3.03;0.51;1.64;5.92;208.4;170.3;23;3.3;11.8;0.44;0.81;0.12;0.16;1.41;1.46;0.114;31.8;12.72;6.05;3.98;0.7;2.2;5.53;96.8;71.5;9.8;4.4;11.1;0.9;0.22;0.14;0.2
6;0;50;0;0;13.28;2.04;5.75;1.07;1.07;0.134;58.2;7.96;3.86;2.44;0.4;1.33;3.03;207.1;181;17.4;2.7;6.1;0.46;0.38;0.1;0.14;0.45;0.44;0.109;41.8;3.88;1.9;1.17;0.21;0.71;2.71;148.5;135.9;5.7;1.4;5.4;0.22;0.12;0.04;0.06
6;0;50;0;50;13.15;2.18;6.25;1.25;1.24;0.147;58.1;8.37;4.14;2.48;0.46;1.39;3.28;206.8;180.9;16.6;2.8;6.6;0.46;0.55;0.09;0.13;0.57;0.54;0.119;41.9;4.44;2.13;1.36;0.26;0.79;2.97;149.3;135.9;5.9;1.6;5.9;0.23;0.19;0.05;0.07
6;0;50;0;100;12.65;2.3;6.59;1.4;1.38;0.158;57.6;8.73;4.39;2.63;0.45;1.44;3.49;206.8;181.5;15.4;2.9;7;0.46;0.67;0.1;0.14;0.6;0.64;0.128;42.4;4.92;2.38;1.49;0.26;0.86;3.1;152.3;135.5;8.9;1.7;6.2;0.23;0.29;0.05;0.07
6;0;50;50;0;15.78;2.45;7.34;1.2;1.19;0.131;63.6;9.06;4.42;2.74;0.44;1.51;3.85;207.7;175.4;21.6;3;7.7;0.45;0.48;0.11;0.15;0.62;0.64;0.111;36.4;5.67;2.66;1.78;0.32;0.94;3.49;119;104.6;5.5;1.9;7;0.38;0.12;0.05;0.08
6;0;50;50;50;15.8;3.07;8.81;1.46;1.45;0.146;62.6;9.88;4.92;2.96;0.5;1.63;4.58;205.9;172.7;20.8;3.3;9.2;0.45;0.72;0.11;0.16;0.92;0.92;0.115;37.4;7.9;3.79;2.45;0.4;1.44;4.24;122.9;106;5.5;2.9;8.5;0.53;0.19;0.08;0.11
6;0;50;50;100;15.45;3.45;10.01;1.66;1.68;0.163;62.5;10.29;5.15;3.03;0.51;1.63;5.26;213.9;170.9;29.2;3.3;10.5;0.43;0.96;0.12;0.17;1.29;1.23;0.119;37.5;10.29;4.99;3.1;0.56;1.82;4.75;128.2;106.9;8.2;3.6;9.5;0.71;0.27;0.11;0.16
6;0;50;100;0;17.89;3.06;8.7;1.4;1.39;0.134;70.1;10.32;4.96;3.2;0.52;1.73;4.51;207.6;170.1;25;3.5;9;0.43;0.66;0.12;0.17;0.86;0.84;0.112;29.9;7.39;3.55;2.25;0.4;1.33;4.19;88.2;71.6;5.6;2.7;8.4;0.52;0.13;0.09;0.11
6;0;50;100;50;18.27;3.78;10.59;1.65;1.68;0.15;70.2;11.14;5.45;3.34;0.55;1.84;5.5;217.7;166.1;37;3.7;11;0.43;0.95;0.12;0.18;1.26;1.21;0.115;29.8;10.46;5.08;3.19;0.55;1.94;5.09;92.4;73;5.3;3.9;10.2;0.76;0.18;0.12;0.16
6;0;50;100;100;18.14;4.21;12.02;1.92;1.93;0.163;68.8;11.83;6.02;3.36;0.63;1.92;6.37;215.3;163.1;35.6;3.8;12.7;0.41;1.19;0.13;0.19;1.55;1.51;0.117;31.2;12.81;6.18;3.92;0.66;2.29;5.65;97.6;74;7.7;4.6;11.3;0.94;0.25;0.14;0.18
6;0;100;0;0;13.32;2.28;6.52;1.33;1.34;0.141;58.5;9.47;4.73;2.83;0.47;1.59;3.45;213.6;176.3;27.2;3.2;6.9;0.46;0.6;0.11;0.16;0.47;0.47;0.114;41.5;3.94;1.91;1.18;0.2;0.69;3.07;151.3;139;4.7;1.4;6.1;0.23;0.15;0.04;0.06
6;0;100;0;50;12.97;2.38;6.91;1.56;1.56;0.157;58.1;9.9;4.94;2.94;0.5;1.61;3.59;211.5;175.2;25.9;3.2;7.2;0.47;0.82;0.11;0.16;0.56;0.55;0.122;41.9;4.32;2.15;1.28;0.23;0.77;3.31;152.6;139.8;4.7;1.5;6.6;0.23;0.21;0.05;0.06
6;0;100;0;100;12.38;2.47;7.09;1.75;1.76;0.174;57.6;10.1;5.2;2.9;0.5;1.64;3.69;210.3;175.9;23.7;3.3;7.4;0.47;1.02;0.12;0.16;0.64;0.67;0.137;42.4;4.8;2.33;1.43;0.25;0.83;3.4;155;139.3;7.3;1.7;6.8;0.24;0.31;0.05;0.07
6;0;100;50;0;15.74;2.84;8.14;1.6;1.58;0.145;63.7;10.88;5.38;3.22;0.59;1.81;4.25;214.5;169.1;33.2;3.6;8.5;0.44;0.84;0.12;0.18;0.68;0.69;0.115;36.3;5.87;2.83;1.76;0.33;1.03;3.9;122.2;107.8;4.6;2.1;7.8;0.4;0.14;0.06;0.09
6;0;100;50;50;15.6;3.35;9.38;1.85;1.82;0.157;62.9;11.6;5.86;3.37;0.6;1.92;4.95;212.3;166.6;31.9;3.8;9.9;0.44;1.05;0.14;0.19;1.04;0.96;0.119;37.1;7.98;3.9;2.43;0.41;1.43;4.43;125.3;109.1;4.5;2.9;8.9;0.55;0.2;0.09;0.12
6;0;100;50;100;15.52;3.66;10.69;2.13;2.1;0.175;61.6;11.96;6.16;3.43;0.6;1.95;5.57;209.6;164.5;30;3.9;11.1;0.43;1.34;0.13;0.19;1.25;1.26;0.123;38.4;10.2;4.83;3.16;0.54;1.71;5.12;130.5;110.1;6.7;3.4;10.2;0.72;0.29;0.11;0.15
6;0;100;100;0;18.37;3.45;9.74;1.78;1.84;0.144;70.4;12.76;6.3;3.83;0.7;2.2;5.19;216;161.5;39.8;4.4;10.4;0.42;1.05;0.15;0.21;0.83;0.82;0.114;29.6;7.1;3.38;2.21;0.4;1.25;4.55;90.5;74.5;4.4;2.5;9.1;0.51;0.13;0.08;0.1
6;0;100;100;50;18.52;4.13;11.72;2.1;2.09;0.156;69;13.37;6.66;3.98;0.69;2.18;6.13;212.4;157.4;38.4;4.4;12.3;0.42;1.3;0.15;0.22;1.26;1.24;0.116;31;10.6;5.16;3.18;0.58;1.96;5.6;95.4;75.9;4.3;3.9;11.2;0.79;0.19;0.12;0.15
6;0;100;100;100;18.45;4.54;13.14;2.64;2.48;0.176;67.5;14.08;7.29;3.98;0.7;2.23;6.89;209.3;154.1;37;4.5;13.8;0.42;1.69;0.16;0.22;1.56;1.58;0.12;32.5;13.09;6.31;4.02;0.72;2.31;6.25;100.4;77;6.2;4.6;12.5;0.98;0.27;0.14;0.19
6;50;0;0;0;15.58;2.33;6.83;1.44;1.39;0.145;53;9.62;4.78;2.86;0.49;1.54;3.54;168.4;140.9;17.3;3.1;7.1;0.82;0.3;0.12;0.16;0.51;0.5;0.107;47;4.44;2.11;1.39;0.24;0.79;3.29;149.3;131.3;9.9;1.6;6.6;0.21;0.17;0.05;0.07
6;50;0;0;50;15.24;2.49;7.38;1.4;1.46;0.147;53.2;9.88;4.84;2.97;0.51;1.6;3.88;169.3;142.5;15.8;3.2;7.8;0.83;0.34;0.12;0.17;0.6;0.59;0.109;46.8;5.26;2.49;1.65;0.25;0.88;3.51;148.7;129.8;10.2;1.8;7;0.22;0.23;0.05;0.08
6;50;0;0;100;14.64;2.77;7.81;1.6;1.56;0.154;52.7;10.1;5.1;3.01;0.51;1.67;4.08;170.6;144.7;14.4;3.3;8.2;0.86;0.41;0.12;0.16;0.79;0.78;0.124;47.3;6.13;3.03;1.85;0.32;1.1;3.72;152.9;127.8;15.4;2.2;7.4;0.22;0.39;0.07;0.09
6;50;0;50;0;17.58;2.87;8.04;1.39;1.45;0.142;58.8;10.18;5.08;2.95;0.55;1.78;4.2;171;138.5;20.4;3.6;8.4;0.81;0.35;0.13;0.16;0.71;0.69;0.11;41.2;6.22;2.97;1.94;0.31;1.08;3.83;119.7;100;9.9;2.2;7.7;0.37;0.16;0.06;0.1
6;50;0;50;50;17.31;3.23;9.33;1.59;1.56;0.145;58.4;10.73;5.34;3.19;0.53;1.72;4.91;171.1;138.4;19.4;3.4;9.8;0.82;0.42;0.13;0.18;1;0.93;0.11;41.6;8.37;4.03;2.6;0.44;1.51;4.41;121.6;100;9.8;3;8.8;0.5;0.22;0.09;0.12
6;50;0;50;100;17.59;3.82;10.88;1.8;1.76;0.155;56.8;11.33;5.71;3.34;0.57;1.92;5.7;171.1;137.1;18.7;3.8;11.4;0.8;0.64;0.13;0.19;1.32;1.31;0.119;43.2;11;5.34;3.33;0.57;1.9;5.19;129.9;100.9;14.8;3.8;10.4;0.65;0.38;0.12;0.16
6;50;0;100;0;19.58;3.16;9.09;1.45;1.52;0.14;66.2;10.82;5.3;3.31;0.53;1.81;4.75;173.5;136.5;23.9;3.6;9.5;0.8;0.41;0.13;0.18;0.86;0.85;0.111;33.8;7.62;3.68;2.32;0.41;1.35;4.34;88.7;67.6;9.7;2.7;8.7;0.48;0.17;0.08;0.12
6;50;0;100;50;19.82;3.9;11.17;1.69;1.65;0.142;65;11.59;5.81;3.46;0.6;1.95;5.79;172.6;134;23.1;3.9;11.6;0.78;0.53;0.15;0.19;1.23;1.21;0.11;35;10.88;5.2;3.38;0.57;1.95;5.39;93;68.7;9.6;3.9;10.8;0.72;0.22;0.11;0.16
6;50;0;100;100;19.73;4.39;12.67;1.86;1.91;0.154;63.2;12.4;6.19;3.65;0.65;2.06;6.73;172.5;132.6;22.3;4.1;13.5;0.77;0.78;0.15;0.21;1.62;1.57;0.117;36.8;13.36;6.46;4.11;0.7;2.33;5.94;100.2;69.4;14.3;4.7;11.9;0.87;0.36;0.14;0.2
6;50;50;0;0;15.55;2.93;8.44;1.77;1.81;0.145;53.3;12.43;6.13;3.8;0.65;2.1;4.41;171;141;17;4.2;8.8;1.09;0.37;0.15;0.2;0.52;0.54;0.112;46.7;4.71;2.27;1.49;0.22;0.83;4.03;150.1;131.2;9.1;1.7;8.1;0.22;0.21;0.05;0.07
6;50;50;0;50;15.22;3.16;8.84;1.97;1.99;0.154;53.1;12.97;6.53;3.82;0.67;2.2;4.6;170.7;141.1;16;4.4;9.2;1.1;0.53;0.15;0.21;0.67;0.67;0.123;46.9;5.33;2.61;1.59;0.26;0.95;4.24;150.7;131.1;9.2;1.9;8.5;0.22;0.31;0.06;0.08
6;50;50;0;100;14.68;3.34;9.52;2.22;2.18;0.16;52.4;13.63;6.93;3.98;0.66;2.25;4.91;171.2;142.2;14.7;4.5;9.8;1.14;0.66;0.16;0.22;0.84;0.84;0.135;47.6;6.18;3.04;1.91;0.32;1.09;4.61;155.2;130.1;13.7;2.2;9.2;0.23;0.46;0.06;0.1
6;50;50;50;0;17.9;3.42;9.65;1.91;1.92;0.142;58.5;13.49;6.61;4.07;0.68;2.26;5.07;172;136.5;20.9;4.5;10.1;1.07;0.47;0.16;0.22;0.73;0.73;0.113;41.5;6.4;3.05;1.96;0.34;1.16;4.58;121.9;101.4;9;2.3;9.2;0.37;0.19;0.07;0.09
6;50;50;50;50;17.67;3.81;11.19;2.2;2.16;0.152;57.9;14.25;7.2;4.16;0.71;2.37;5.81;171.4;135;20;4.7;11.6;1.06;0.7;0.17;0.23;1.06;1.04;0.118;42.1;8.68;4.15;2.7;0.45;1.44;5.37;124.7;102.3;8.8;2.9;10.7;0.51;0.3;0.09;0.13
6;50;50;50;100;17.46;4.24;12.5;2.35;2.35;0.163;57.8;14.43;7.26;4.25;0.73;2.31;6.51;180.2;134.6;28;4.6;13;1.05;0.91;0.15;0.23;1.49;1.39;0.123;42.2;11.18;5.52;3.38;0.58;1.93;5.99;131.4;102.6;12.9;3.9;12;0.68;0.43;0.11;0.16
6;50;50;100;0;19.73;3.78;10.71;2.11;2.07;0.143;65.4;14.43;7.17;4.34;0.73;2.41;5.57;172.7;132.4;24.4;4.8;11.1;1.04;0.63;0.18;0.23;0.9;0.86;0.112;34.6;7.6;3.68;2.29;0.41;1.37;5.13;91.1;69.5;8.6;2.7;10.3;0.49;0.18;0.08;0.11
6;50;50;100;50;20;4.47;12.81;2.29;2.39;0.155;66.2;15.43;7.62;4.65;0.76;2.59;6.79;185.2;130.4;36;5.2;13.6;1.03;0.92;0.19;0.26;1.37;1.29;0.117;33.8;10.98;5.28;3.36;0.56;1.87;6.02;94.5;70.4;8.3;3.7;12;0.72;0.29;0.12;0.17
6;50;50;100;100;19.97;5;14.38;2.64;2.63;0.163;64.2;16.09;8.11;4.75;0.83;2.56;7.64;183.2;128.4;34.3;5.1;15.3;1.01;1.16;0.19;0.27;1.7;1.65;0.12;35.8;13.64;6.67;4.17;0.71;2.44;6.74;102;71.3;12.4;4.9;13.5;0.9;0.41;0.14;0.2
6;50;100;0;0;15.45;3.53;10.08;2.41;2.44;0.151;54.2;16.11;8.19;4.74;0.82;2.66;5.27;180.5;139;25.6;5.3;10.5;1.4;0.58;0.19;0.27;0.64;0.63;0.125;45.8;4.91;2.45;1.43;0.23;0.87;4.81;152.4;133;8.1;1.7;9.6;0.22;0.27;0.05;0.07
6;50;100;0;50;15.23;3.63;10.42;2.64;2.62;0.16;53.5;16.38;8.24;4.84;0.84;2.72;5.5;179.9;139;24.4;5.4;11;1.38;0.78;0.19;0.27;0.73;0.77;0.135;46.5;5.55;2.63;1.74;0.29;0.91;4.91;156.7;133;12;1.8;9.8;0.23;0.39;0.06;0.08
6;50;100;0;100;14.75;3.7;10.81;2.77;2.81;0.169;53.4;16.61;8.4;4.86;0.83;2.65;5.61;179.3;140.2;22.6;5.3;11.2;1.4;0.97;0.18;0.27;0.97;0.93;0.149;46.6;6.17;3.05;1.89;0.29;1.05;5.21;156.6;131.9;12.2;2.1;10.4;0.23;0.54;0.06;0.09
6;50;100;50;0;17.65;4.1;11.52;2.57;2.63;0.153;59.4;17.2;8.67;5.07;0.89;2.92;6.02;182.5;133.3;31.4;5.8;12;1.33;0.8;0.21;0.28;0.86;0.84;0.121;40.6;6.84;3.35;2.04;0.38;1.18;5.5;124.5;103.5;7.6;2.4;11;0.4;0.26;0.07;0.1
6;50;100;50;50;17.69;4.46;12.75;2.81;2.8;0.159;58.2;17.55;8.88;5.12;0.93;2.9;6.71;182.1;132.6;30.2;5.8;13.4;1.31;1;0.2;0.28;1.13;1.14;0.127;41.8;8.92;4.34;2.74;0.48;1.56;6.04;130.7;104;11.6;3.1;12.1;0.52;0.39;0.1;0.13
6;50;100;50;100;17.71;4.92;13.93;3.2;3.12;0.171;57.5;18.21;9.41;5.18;0.93;2.98;7.29;180.8;131;29.3;6;14.6;1.31;1.31;0.22;0.28;1.58;1.49;0.13;42.5;11.31;5.59;3.38;0.62;1.95;6.63;133.6;105.1;11.4;3.9;13.3;0.69;0.51;0.12;0.17
6;50;100;100;0;20.23;4.5;12.83;2.81;2.82;0.151;66.2;18.7;9.3;5.49;1;3.12;6.67;185;127;38.4;6.2;13.3;1.26;1.02;0.22;0.31;1.01;0.95;0.119;33.8;7.92;3.8;2.49;0.39;1.37;6.16;94.3;71.9;7.3;2.7;12.3;0.5;0.25;0.08;0.12
6;50;100;100;50;20.16;5.1;14.84;3.11;3.07;0.159;64.4;19.35;9.78;5.6;1.04;3.09;7.77;183.8;125.2;36.9;6.2;15.5;1.28;1.26;0.21;0.32;1.44;1.39;0.122;35.6;11.31;5.54;3.46;0.57;2.01;7.08;101.5;72.7;10.6;4;14.2;0.75;0.35;0.12;0.17
6;50;100;100;100;20.26;5.59;16.04;3.45;3.43;0.172;63.4;19.87;10.23;5.7;0.99;3.2;8.3;181.5;122.6;35.9;6.4;16.6;1.23;1.65;0.23;0.32;1.82;1.75;0.125;36.6;13.84;6.75;4.19;0.72;2.39;7.74;104.7;73.9;10.6;4.8;15.5;0.93;0.46;0.14;0.21
6;100;0;0;0;17.21;2.86;8.19;1.75;1.77;0.149;45.5;11.82;5.83;3.57;0.61;1.95;4.3;125.7;96.7;16.5;3.9;8.6;1.16;0.27;0.14;0.2;0.58;0.56;0.108;54.5;5.06;2.45;1.53;0.27;0.91;3.88;150.3;127.5;13.3;1.8;7.8;0.2;0.23;0.05;0.07
6;100;0;0;50;17.28;3.06;8.99;1.82;1.84;0.151;45.8;12.15;6.02;3.69;0.64;1.99;4.66;126.8;98.1;15.4;4;9.3;1.17;0.33;0.14;0.2;0.77;0.73;0.115;54.2;6.23;2.98;1.94;0.32;1.08;4.34;150.2;125.5;13.9;2.2;8.7;0.21;0.36;0.07;0.09
6;100;0;0;100;16.87;3.39;9.6;1.99;1.96;0.155;44.9;12.63;6.43;3.72;0.61;2.11;5.08;127.7;99;14.3;4.2;10.2;1.17;0.43;0.16;0.21;0.96;0.93;0.127;55.1;7.27;3.61;2.14;0.41;1.29;4.53;156.5;124.3;20.5;2.6;9.1;0.22;0.54;0.07;0.1
6;100;0;50;0;19.27;3.22;9.44;1.77;1.83;0.147;51.3;12.48;6.09;3.8;0.64;2.04;4.87;128.5;94.6;20.1;4.1;9.7;1.14;0.34;0.15;0.2;0.75;0.76;0.11;48.7;6.8;3.16;2.13;0.37;1.18;4.57;122.1;97.6;12.9;2.4;9.1;0.36;0.22;0.07;0.11
6;100;0;50;50;19.21;3.8;10.85;1.93;1.92;0.149;51.2;12.9;6.49;3.79;0.67;2.18;5.75;129.8;95.1;18.9;4.4;11.5;1.13;0.41;0.16;0.22;1.1;1.07;0.114;48.8;9.27;4.47;2.85;0.49;1.62;5.1;123.9;97.1;13.4;3.2;10.2;0.48;0.34;0.1;0.14
6;100;0;50;100;19.36;4.38;12.5;2.03;2.08;0.157;49.6;13.28;6.66;3.92;0.64;2.21;6.58;130.7;95.4;17.7;4.4;13.2;1.11;0.6;0.15;0.22;1.46;1.49;0.121;50.4;12.22;5.87;3.77;0.68;2.17;5.92;133;96.8;20.1;4.3;11.8;0.64;0.53;0.13;0.19
6;100;0;100;0;21.12;3.56;10.24;1.89;1.86;0.145;58.9;12.85;6.41;3.83;0.64;2.15;5.37;131.2;92.9;23.3;4.3;10.7;1.11;0.39;0.15;0.21;0.9;0.9;0.11;41.1;8.06;3.79;2.54;0.44;1.41;4.87;91.6;66.3;12.8;2.8;9.7;0.47;0.22;0.09;0.12
6;100;0;100;50;21.58;4.25;12.54;2.02;1.99;0.145;58;13.67;6.8;4.14;0.66;2.25;6.6;132.3;91.9;22.7;4.5;13.2;1.08;0.53;0.16;0.22;1.37;1.32;0.113;42;11.6;5.51;3.58;0.65;2;5.94;95.7;67;12.9;4;11.9;0.69;0.33;0.12;0.17
6;100;0;100;100;21.32;4.94;14.15;2.2;2.27;0.156;56;14.59;7.26;4.33;0.7;2.41;7.41;132.9;91.6;21.6;4.8;14.8;1.11;0.75;0.17;0.24;1.77;1.72;0.119;44;14.4;6.88;4.45;0.73;2.53;6.74;104.6;67.2;18.9;5.1;13.5;0.86;0.49;0.16;0.21
6;100;50;0;0;17.5;3.59;10.69;2.59;2.51;0.15;46;16.72;8.39;4.92;0.86;2.68;5.5;129.4;96.4;16.7;5.4;11;1.68;0.36;0.2;0.27;0.62;0.62;0.113;54;5.33;2.55;1.64;0.27;0.91;5.19;152.2;127.9;12.2;1.8;10.4;0.21;0.27;0.05;0.08
6;100;50;0;50;17.27;3.92;11.29;2.67;2.66;0.156;45.4;17.03;8.55;5.08;0.84;2.81;5.99;130.8;97.8;15.4;5.6;12;1.68;0.51;0.19;0.28;0.86;0.85;0.13;54.6;6.46;3.14;1.91;0.36;1.11;5.3;157.5;125.9;18.8;2.2;10.6;0.21;0.48;0.06;0.09
6;100;50;0;100;16.88;4.15;12.02;2.93;2.87;0.161;45.6;17.87;9.06;5.26;0.83;2.89;6.33;131.6;98.7;14.4;5.8;12.7;1.74;0.64;0.21;0.29;1.07;1.03;0.139;54.4;7.38;3.66;2.23;0.38;1.26;5.69;157.2;124.7;18.6;2.5;11.4;0.22;0.63;0.07;0.11
6;100;50;50;0;19.74;4.15;12.07;2.61;2.6;0.148;51.6;17.6;8.67;5.36;0.9;2.86;6.28;132.6;94;20.3;5.7;12.6;1.64;0.46;0.2;0.29;0.86;0.83;0.113;48.4;7.22;3.51;2.18;0.39;1.28;5.79;124.4;98.2;12;2.6;11.6;0.36;0.28;0.08;0.11
6;100;50;50;50;19.52;4.59;13.36;2.74;2.78;0.155;50.3;17.99;8.83;5.39;0.96;2.87;7.08;133.4;94.6;18.9;5.7;14.2;1.62;0.66;0.21;0.3;1.23;1.2;0.124;49.7;9.6;4.69;2.9;0.51;1.72;6.28;132;97.6;18.3;3.4;12.6;0.49;0.48;0.1;0.13
6;100;50;50;100;19.34;5.09;14.62;3.02;3;0.163;51.6;18.39;9.33;5.39;0.87;2.96;7.75;142.7;94.4;26.8;5.9;15.5;1.61;0.88;0.21;0.3;1.61;1.56;0.127;48.4;12.19;5.99;3.64;0.6;2.12;6.87;134;97.8;18.2;4.2;13.7;0.64;0.61;0.13;0.18
6;100;50;100;0;21.58;4.56;13.17;2.73;2.73;0.148;58.9;18.43;9.14;5.58;0.93;3.08;6.94;135.3;91.7;23.6;6.2;13.9;1.59;0.61;0.22;0.3;0.95;0.96;0.113;41.1;8.42;4.01;2.65;0.43;1.48;6.23;94.3;67.1;11.8;3;12.5;0.48;0.27;0.09;0.12
6;100;50;100;50;21.64;5.2;15.07;2.91;3.01;0.157;58.7;19.18;9.55;5.8;0.98;3.18;7.94;147.1;90.4;34.5;6.4;15.9;1.56;0.89;0.24;0.32;1.5;1.44;0.121;41.3;11.8;5.69;3.62;0.62;2.01;7.13;103.4;68;17.1;4;14.3;0.7;0.45;0.11;0.18
6;100;50;100;100;21.61;5.77;16.57;3.27;3.23;0.163;58;19.8;10.17;5.69;0.95;3.25;8.79;146.8;89.8;33;6.5;17.6;1.55;1.11;0.24;0.33;1.84;1.83;0.124;42;14.66;7.1;4.47;0.83;2.52;7.78;106.4;68.4;17.3;5;15.6;0.87;0.59;0.16;0.21
6;100;100;0;0;17.41;4.27;12.37;3.06;3.08;0.154;47.6;19.99;9.87;6.06;1.01;3.28;6.39;139.9;95.6;24.9;6.6;12.8;1.95;0.56;0.24;0.33;0.72;0.75;0.13;52.4;5.7;2.73;1.79;0.31;0.99;5.98;154;128.9;11.1;2;12;0.21;0.39;0.06;0.09
6;100;100;0;50;17.21;4.48;12.87;3.34;3.32;0.161;46.9;20.65;10.51;5.98;1.05;3.31;6.7;140.3;96.5;23.8;6.6;13.4;1.99;0.75;0.24;0.34;0.89;0.94;0.142;53.1;6.53;3.19;1.97;0.32;1.17;6.17;159.2;127.8;16.7;2.3;12.3;0.21;0.56;0.07;0.09
6;100;100;0;100;16.64;4.83;13.38;3.42;3.53;0.168;46.9;21;10.72;6.07;1.02;3.51;6.95;140;97.9;21.2;7;13.9;2.02;0.93;0.25;0.33;1.22;1.2;0.156;53.1;7.63;3.85;2.16;0.44;1.32;6.42;158.4;125.8;17.1;2.6;12.8;0.22;0.79;0.08;0.11
6;100;100;50;0;19.75;4.89;13.73;3.29;3.3;0.155;53.3;21.38;10.81;6.26;1.08;3.57;7.21;144.6;92;31;7.1;14.4;1.9;0.8;0.25;0.35;0.97;0.94;0.125;46.7;7.42;3.59;2.29;0.36;1.32;6.52;126.6;100.3;10.6;2.6;13;0.37;0.38;0.09;0.1
6;100;100;50;50;19.59;5.14;15.06;3.49;3.44;0.16;51.8;21.43;10.84;6.35;1.03;3.41;7.89;144.1;92.4;29.1;6.8;15.8;1.87;0.95;0.25;0.36;1.32;1.32;0.132;48.2;9.99;4.86;3.05;0.52;1.73;7.17;134.2;99.8;16.6;3.5;14.3;0.51;0.56;0.1;0.15
6;100;100;50;100;19.43;5.66;16.35;3.8;3.73;0.169;51.3;22.02;11.23;6.48;1.04;3.54;8.52;143.6;92.1;27.4;7.1;17;1.9;1.22;0.25;0.36;1.77;1.7;0.137;48.7;12.32;6.15;3.7;0.62;2.12;7.82;136.3;100.2;16.3;4.2;15.6;0.65;0.74;0.12;0.18
6;100;100;100;0;21.62;5.22;14.96;3.36;3.4;0.154;60.4;22.14;11.13;6.56;1.17;3.67;7.77;148;89.1;36;7.3;15.5;1.82;0.94;0.28;0.36;1.08;1.1;0.123;39.6;8.87;4.27;2.71;0.47;1.55;7.18;96.9;68.9;10.5;3.1;14.4;0.49;0.37;0.1;0.14
6;100;100;100;50;21.79;5.94;16.71;3.62;3.62;0.16;58.3;22.68;11.56;6.58;1.15;3.78;8.68;147.6;87.8;34.9;7.6;17.4;1.8;1.19;0.27;0.36;1.64;1.56;0.126;41.7;12.33;6.11;3.7;0.61;2.16;8.04;105.6;69.7;15.5;4.3;16.1;0.74;0.51;0.13;0.19
6;100;100;100;100;21.77;6.36;18.25;4.06;4;0.17;57.5;23.43;12;6.77;1.12;3.78;9.43;146.9;86.7;33.8;7.6;18.9;1.8;1.56;0.28;0.36;2;1.98;0.131;42.5;14.97;7.32;4.56;0.75;2.58;8.82;108.6;70.5;15.3;5.2;17.6;0.9;0.7;0.16;0.22
7;0;0;0;0;13.75;1.95;5.31;1.03;1.03;0.141;60.4;7.29;3.64;2.21;0.35;1.29;2.8;214.9;188.4;18.4;2.6;5.6;0.5;0.32;0.09;0.12;0.38;0.4;0.104;39.6;3.62;1.73;1.1;0.18;0.66;2.51;141.1;128.8;6;1.3;5;0.21;0.1;0.04;0.05
7;0;0;0;50;13.32;2;5.63;1.1;1.08;0.144;60;7.46;3.74;2.21;0.37;1.26;2.95;213.5;187.9;17.2;2.5;5.9;0.48;0.38;0.09;0.12;0.45;0.47;0.107;40;4.18;2;1.3;0.24;0.74;2.68;142;129.1;6.1;1.5;5.4;0.22;0.13;0.05;0.07
7;0;0;0;100;12.85;2.03;6.13;1.25;1.21;0.153;59.4;7.92;3.98;2.43;0.39;1.25;3.23;213.4;188.4;16.1;2.5;6.5;0.5;0.48;0.09;0.14;0.53;0.54;0.115;40.6;4.56;2.16;1.42;0.24;0.78;2.91;145.5;128.8;9.3;1.6;5.8;0.22;0.2;0.05;0.07
7;0;0;50;0;15.82;2.28;6.49;1.08;1.08;0.138;65.7;7.82;3.91;2.32;0.37;1.31;3.42;215.7;184.4;21.9;2.6;6.8;0.48;0.37;0.1;0.14;0.61;0.6;0.109;34.3;5.44;2.61;1.67;0.28;0.98;3.07;112.6;98.5;6;2;6.1;0.37;0.1;0.06;0.08
7;0;0;50;50;15.72;2.71;7.84;1.19;1.19;0.141;65;8.42;4.18;2.53;0.44;1.4;4.15;214.5;182.6;20.8;2.8;8.3;0.48;0.47;0.1;0.14;0.82;0.82;0.11;35;7.36;3.52;2.26;0.39;1.31;3.69;115.4;99.4;6;2.6;7.4;0.51;0.13;0.08;0.11
7;0;0;50;100;16.01;3.14;9.29;1.35;1.43;0.155;63.6;9.22;4.58;2.76;0.48;1.53;4.89;213.2;179.9;20.4;3.1;9.8;0.48;0.7;0.11;0.15;1.06;1.09;0.114;36.4;9.46;4.49;2.9;0.53;1.61;4.41;121.6;100.6;8.9;3.2;8.8;0.65;0.2;0.1;0.14
7;0;0;100;0;17.79;2.67;7.52;1.16;1.16;0.136;72.6;8.53;4.24;2.54;0.44;1.48;3.99;217.2;181;25.2;3;8;0.47;0.44;0.1;0.15;0.73;0.75;0.11;27.4;6.69;3.14;2.07;0.37;1.19;3.54;82.1;66.7;5.9;2.4;7.1;0.47;0.1;0.07;0.1
7;0;0;100;50;18.37;3.33;9.6;1.34;1.33;0.138;71.1;9.63;4.74;2.88;0.5;1.59;5.04;214;175.7;25.1;3.2;10.1;0.46;0.59;0.12;0.17;1.07;1.07;0.11;28.9;9.61;4.55;3.08;0.51;1.74;4.56;86.7;68.4;5.7;3.5;9.1;0.71;0.12;0.1;0.14
7;0;0;100;100;18.4;3.86;11.29;1.56;1.62;0.154;69.6;10.5;5.26;3.07;0.57;1.74;5.97;212.2;172.5;24.3;3.5;11.9;0.45;0.87;0.13;0.17;1.25;1.36;0.113;30.4;11.99;5.63;3.84;0.62;2.12;5.32;92.7;69.4;8.4;4.2;10.6;0.87;0.19;0.12;0.18
7;0;50;0;0;13.44;2.08;5.8;1.13;1.13;0.138;59.8;8.18;4.07;2.43;0.4;1.43;3.02;212.6;185.2;18.5;2.9;6;0.5;0.4;0.1;0.13;0.42;0.41;0.108;40.2;3.62;1.75;1.11;0.16;0.65;2.77;142.7;130.9;5;1.3;5.5;0.21;0.11;0.04;0.05
7;0;50;0;50;13.17;2.21;6.13;1.32;1.31;0.151;59.3;8.67;4.3;2.57;0.44;1.44;3.2;210.7;183.9;17.5;2.9;6.4;0.48;0.58;0.1;0.14;0.48;0.49;0.117;40.7;4.07;2;1.23;0.21;0.77;2.93;144.2;131.7;5.2;1.5;5.9;0.22;0.17;0.05;0.06
7;0;50;0;100;12.94;2.33;6.75;1.48;1.48;0.161;58.8;9.19;4.61;2.77;0.48;1.49;3.56;210.7;184.1;16.6;3;7.1;0.5;0.72;0.1;0.15;0.57;0.61;0.126;41.2;4.75;2.31;1.42;0.27;0.84;3.18;147.4;131.5;7.8;1.7;6.4;0.24;0.26;0.05;0.07
7;0;50;50;0;15.91;2.58;7.3;1.33;1.26;0.134;64.8;9.41;4.69;2.8;0.46;1.59;3.78;212.1;178.9;22.4;3.2;7.6;0.48;0.51;0.11;0.16;0.6;0.63;0.111;35.2;5.55;2.62;1.76;0.29;0.98;3.52;115.1;101.1;5;2;7;0.38;0.11;0.06;0.09
7;0;50;50;50;15.77;3.06;8.78;1.47;1.53;0.149;64;10.22;5.15;3.04;0.55;1.73;4.6;210.3;176.3;21.3;3.5;9.2;0.48;0.74;0.13;0.17;0.83;0.89;0.115;36;7.62;3.59;2.39;0.39;1.33;4.18;118.4;102.3;5;2.7;8.4;0.53;0.17;0.08;0.12
7;0;50;50;100;15.85;3.39;9.89;1.84;1.8;0.166;63.8;10.86;5.56;3.13;0.55;1.75;5.19;218.4;173.2;31.3;3.5;10.4;0.47;1.02;0.13;0.18;1.13;1.13;0.118;36.2;9.49;4.5;2.94;0.53;1.64;4.7;123.7;103.8;7.2;3.3;9.4;0.67;0.22;0.1;0.14
7;0;50;100;0;17.94;3.06;8.63;1.49;1.46;0.136;71.4;10.7;5.29;3.19;0.56;1.86;4.48;211.6;172.8;26.1;3.7;9;0.47;0.69;0.13;0.18;0.71;0.76;0.112;28.6;6.79;3.18;2.11;0.38;1.2;4.16;84.8;69.3;4.7;2.4;8.3;0.49;0.1;0.07;0.1
7;0;50;100;50;18.55;3.73;10.63;1.72;1.8;0.153;71.4;11.76;5.89;3.51;0.55;2;5.65;222.5;168.4;38.8;4;11.3;0.45;1.01;0.15;0.19;1.09;1.14;0.114;28.6;9.89;4.66;3.12;0.53;1.73;4.98;89;70.7;4.8;3.5;10;0.73;0.16;0.1;0.15
7;0;50;100;100;18.31;4.21;12.26;2.05;2.07;0.165;69.9;12.53;6.33;3.72;0.6;2.06;6.52;219.2;164.7;37.3;4.1;13;0.45;1.27;0.14;0.21;1.36;1.43;0.116;30.1;12.24;5.88;3.77;0.67;2.15;5.74;94.3;71.9;6.6;4.3;11.5;0.91;0.21;0.13;0.18
7;0;100;0;0;13.5;2.26;6.61;1.4;1.42;0.144;59.9;9.84;4.86;3.02;0.48;1.63;3.47;218.4;179.6;28.6;3.3;6.9;0.51;0.64;0.11;0.16;0.42;0.43;0.113;40.1;3.64;1.71;1.14;0.21;0.63;3.14;145.9;134.4;4;1.3;6.3;0.22;0.12;0.04;0.05
7;0;100;0;50;13.17;2.42;6.9;1.64;1.66;0.16;59.5;10.32;5.22;3.04;0.52;1.74;3.69;216.4;178.2;27.3;3.5;7.4;0.49;0.87;0.12;0.17;0.5;0.51;0.121;40.5;4.08;1.9;1.26;0.26;0.68;3.21;147.1;135.2;4;1.4;6.4;0.24;0.18;0.04;0.05
7;0;100;0;100;12.73;2.47;7.12;1.89;1.9;0.177;58.8;10.69;5.51;3.02;0.55;1.74;3.74;214.1;177.2;25.9;3.5;7.5;0.49;1.12;0.12;0.17;0.6;0.6;0.133;41.2;4.41;2.15;1.35;0.23;0.72;3.38;150.1;135.9;6;1.4;6.8;0.24;0.26;0.05;0.06
7;0;100;50;0;15.9;2.91;8.15;1.67;1.69;0.148;64.9;11.39;5.71;3.39;0.53;1.91;4.29;218.7;171.4;34.9;3.8;8.6;0.47;0.88;0.15;0.19;0.62;0.64;0.114;35.1;5.49;2.63;1.64;0.33;1;3.86;118.1;104.7;3.7;2;7.7;0.39;0.11;0.06;0.08
7;0;100;50;50;15.79;3.28;9.35;1.84;1.88;0.159;64.2;11.78;5.92;3.46;0.63;1.97;4.89;216.6;169.7;33.2;3.9;9.8;0.46;1.09;0.15;0.19;0.88;0.9;0.118;35.8;7.57;3.59;2.35;0.39;1.31;4.45;120.9;105.5;3.9;2.6;8.9;0.53;0.17;0.08;0.11
7;0;100;50;100;15.72;3.79;10.63;2.26;2.26;0.178;62.9;12.68;6.56;3.65;0.6;2.04;5.68;213.9;166.5;31.9;4.1;11.4;0.47;1.42;0.16;0.21;1.18;1.19;0.122;37.1;9.7;4.69;2.97;0.51;1.75;4.95;126.1;107;5.7;3.5;9.9;0.7;0.24;0.11;0.15
7;0;100;100;0;18.43;3.4;9.79;1.91;1.9;0.146;71.5;13;6.46;3.86;0.73;2.17;5.18;220.1;164.4;40.9;4.3;10.4;0.45;1.07;0.15;0.22;0.75;0.79;0.113;28.5;6.89;3.25;2.16;0.38;1.23;4.61;87.4;72;3.7;2.5;9.2;0.51;0.11;0.07;0.1
7;0;100;100;50;18.81;4.11;11.92;2.22;2.24;0.158;70;14.14;7.17;4.12;0.73;2.33;6.14;215.9;158.4;40.6;4.7;12.3;0.45;1.4;0.16;0.23;1.11;1.17;0.115;30;10.1;4.77;3.13;0.57;1.78;5.78;92.5;73.9;3.5;3.6;11.6;0.76;0.15;0.1;0.16
7;0;100;100;100;18.84;4.5;13.15;2.63;2.65;0.178;68.6;14.85;7.55;4.29;0.82;2.33;6.86;212.7;155.1;39.2;4.7;13.7;0.43;1.81;0.17;0.24;1.47;1.5;0.119;31.4;12.56;5.92;3.97;0.64;2.18;6.29;97.1;74.9;5.2;4.4;12.6;0.95;0.23;0.14;0.19
7;50;0;0;0;15.5;2.4;6.92;1.41;1.5;0.15;54.7;9.99;4.87;3.03;0.53;1.64;3.66;172.9;144.4;17.9;3.3;7.3;0.9;0.31;0.12;0.17;0.43;0.47;0.107;45.3;4.2;1.95;1.37;0.22;0.76;3.26;143.3;126.2;9.1;1.5;6.5;0.21;0.16;0.05;0.06
7;50;0;0;50;15.04;2.5;7.33;1.58;1.55;0.152;54.7;10.22;5.02;3.02;0.55;1.65;3.83;173.1;145.4;16.8;3.3;7.7;0.91;0.37;0.11;0.16;0.52;0.54;0.108;45.3;4.84;2.25;1.5;0.26;0.85;3.5;143.2;125.4;9.1;1.7;7;0.21;0.21;0.05;0.07
7;50;0;0;100;14.9;2.84;8.06;1.71;1.7;0.158;54;10.8;5.53;3.15;0.53;1.83;4.29;174;146;15.7;3.7;8.6;0.92;0.48;0.12;0.18;0.72;0.73;0.123;46;5.81;2.81;1.8;0.3;1.01;3.77;148.2;124.8;13.9;2;7.5;0.23;0.36;0.06;0.08
7;50;0;50;0;17.61;2.86;8.13;1.52;1.56;0.148;60.3;10.53;5.24;3.14;0.52;1.75;4.31;175.4;141.9;21.4;3.5;8.6;0.91;0.36;0.12;0.17;0.65;0.66;0.109;39.7;5.91;2.92;1.78;0.29;1.11;3.82;115.2;96.2;9.1;2.2;7.6;0.36;0.15;0.07;0.08
7;50;0;50;50;17.39;3.27;9.29;1.63;1.63;0.149;59.8;10.94;5.45;3.22;0.59;1.82;4.97;174.9;140.9;20.4;3.6;9.9;0.87;0.45;0.13;0.18;0.85;0.89;0.11;40.2;7.99;3.82;2.4;0.42;1.45;4.32;117.3;96.9;8.8;2.9;8.6;0.49;0.2;0.09;0.12
7;50;0;50;100;17.38;3.88;10.77;1.83;1.87;0.16;58.4;11.71;5.87;3.45;0.6;1.96;5.74;174.8;140.1;19.3;3.9;11.5;0.89;0.65;0.14;0.19;1.26;1.24;0.118;41.6;10.44;5.01;3.25;0.56;1.92;5.04;124.6;97.3;13.4;3.8;10.1;0.64;0.34;0.11;0.14
7;50;0;100;0;19.55;3.11;9.19;1.63;1.64;0.145;67.5;11.3;5.65;3.36;0.56;1.87;4.86;177.3;138.8;25.1;3.7;9.7;0.87;0.44;0.14;0.19;0.76;0.8;0.11;32.5;7.17;3.35;2.32;0.38;1.24;4.33;85.5;65.5;8.9;2.5;8.7;0.46;0.15;0.07;0.11
7;50;0;100;50;19.79;3.94;11.18;1.72;1.75;0.146;66.3;12.02;5.89;3.68;0.61;2.01;5.97;176.2;136.1;24.1;4;11.9;0.83;0.57;0.14;0.21;1.13;1.16;0.111;33.7;10.41;5.08;3.2;0.54;1.93;5.21;89.6;66.6;8.8;3.9;10.4;0.7;0.19;0.12;0.15
7;50;0;100;100;19.84;4.46;12.61;1.99;2.05;0.158;64.6;12.96;6.51;3.82;0.67;2.15;6.62;175.9;134.9;23.5;4.3;13.2;0.86;0.82;0.16;0.21;1.57;1.5;0.117;35.4;12.77;6.14;3.94;0.66;2.31;5.99;96.5;67.1;12.8;4.6;12;0.85;0.32;0.14;0.19
7;50;50;0;0;15.32;2.87;8.26;1.91;1.92;0.151;54.7;12.77;6.36;3.77;0.68;2.1;4.33;174.2;143.7;17.7;4.2;8.7;1.19;0.38;0.15;0.21;0.52;0.5;0.111;45.3;4.33;2.06;1.33;0.24;0.77;3.93;144.4;126.8;8.2;1.5;7.9;0.21;0.18;0.05;0.07
7;50;50;0;50;15.1;3.1;8.99;2.1;2.16;0.159;54.4;13.62;6.86;4.04;0.66;2.23;4.72;174;143.2;16.9;4.5;9.4;1.22;0.57;0.16;0.22;0.64;0.62;0.121;45.6;5.02;2.41;1.54;0.27;0.87;4.27;145.6;127.2;8.1;1.7;8.5;0.22;0.27;0.05;0.08
7;50;50;0;100;14.73;3.35;9.51;2.27;2.31;0.165;53.8;13.99;7.08;4.2;0.68;2.3;4.99;174.7;144.2;15.8;4.6;10;1.22;0.68;0.17;0.23;0.76;0.77;0.132;46.2;5.75;2.86;1.72;0.3;1.05;4.51;149.7;126.3;12.2;2.1;9;0.23;0.4;0.06;0.09
7;50;50;50;0;17.75;3.42;9.64;1.97;2.06;0.147;60;13.96;6.86;4.18;0.69;2.37;5.07;175.8;139.1;21.8;4.7;10.1;1.17;0.49;0.17;0.23;0.66;0.68;0.111;40;5.97;2.76;1.89;0.31;1.04;4.57;117.2;98;8;2.1;9.1;0.36;0.17;0.06;0.08
7;50;50;50;50;17.66;3.9;11.25;2.28;2.3;0.157;59.3;14.71;7.38;4.39;0.75;2.41;5.99;175.3;137.7;20.8;4.8;12;1.16;0.72;0.17;0.26;0.95;0.98;0.117;40.7;8.29;3.95;2.59;0.41;1.49;5.26;120.3;98.9;7.9;3;10.5;0.51;0.28;0.08;0.11
7;50;50;50;100;17.72;4.34;12.25;2.55;2.55;0.168;59.2;15.18;7.77;4.37;0.74;2.54;6.45;184;136;30.1;5.1;12.9;1.13;0.98;0.19;0.24;1.24;1.28;0.122;40.8;10.42;4.99;3.22;0.56;1.8;5.8;126.9;99.9;11.7;3.6;11.6;0.64;0.38;0.11;0.15
7;50;50;100;0;19.82;3.73;10.82;2.16;2.21;0.148;66.8;14.99;7.45;4.51;0.75;2.47;5.7;176.8;134.9;25.5;4.9;11.4;1.13;0.66;0.18;0.25;0.8;0.82;0.112;33.2;7.18;3.35;2.22;0.4;1.26;5.12;87.6;67.1;7.8;2.5;10.2;0.47;0.17;0.08;0.1
7;50;50;100;50;19.91;4.42;12.99;2.56;2.53;0.159;67.2;15.96;7.99;4.75;0.78;2.55;6.87;188.3;132.2;37.3;5.1;13.7;1.13;0.96;0.18;0.26;1.19;1.24;0.116;32.8;10.57;5.09;3.3;0.61;1.88;6.12;91.6;68.2;7.4;3.8;12.2;0.7;0.26;0.11;0.17
7;50;50;100;100;20.11;4.93;14.45;2.66;2.75;0.167;65.5;16.47;8.16;4.95;0.85;2.65;7.66;187.1;130.7;35.8;5.3;15.3;1.09;1.2;0.18;0.27;1.56;1.58;0.12;34.5;13.09;6.26;4.04;0.71;2.28;6.79;98.3;68.9;11.3;4.6;13.6;0.88;0.38;0.14;0.19
7;50;100;0;0;15.57;3.57;10.09;2.62;2.61;0.156;55.5;16.71;8.31;5.06;0.81;2.78;5.29;184.4;140.6;27.7;5.6;10.6;1.5;0.63;0.2;0.28;0.54;0.56;0.123;44.5;4.42;2.17;1.34;0.22;0.8;4.79;147.6;129.4;7;1.6;9.6;0.21;0.24;0.04;0.07
7;50;100;0;50;15.2;3.67;10.45;2.79;2.8;0.165;54.7;16.98;8.58;5;0.83;2.77;5.45;183.3;140.7;26.1;5.5;10.9;1.49;0.83;0.2;0.28;0.69;0.7;0.135;45.3;5.11;2.57;1.53;0.26;0.9;5;151.8;129.3;10.7;1.8;10;0.22;0.36;0.05;0.07
7;50;100;0;100;14.77;3.82;10.7;2.98;3.03;0.175;54.6;17.34;8.87;5.03;0.88;2.81;5.62;182.4;141.3;24.3;5.6;11.2;1.49;1.05;0.21;0.28;0.86;0.84;0.147;45.4;5.64;2.88;1.64;0.29;1.01;5.09;151.7;128.8;10.7;2;10.2;0.22;0.47;0.06;0.08
7;50;100;50;0;18.04;3.96;11.54;2.76;2.79;0.157;60.9;17.8;8.9;5.26;0.92;2.91;6.08;187.2;135.5;33.7;5.8;12.2;1.43;0.86;0.21;0.29;0.71;0.75;0.121;39.1;6.11;2.94;1.91;0.29;1.05;5.46;120.2;100.3;6.9;2.1;10.9;0.36;0.24;0.06;0.09
7;50;100;50;50;17.56;4.5;12.75;3.01;3;0.164;59.5;18.28;9.36;5.38;0.89;3.02;6.78;185.5;134.4;31.5;6;13.6;1.44;1.04;0.22;0.3;1.07;1.05;0.125;40.5;8.33;4.03;2.53;0.44;1.48;5.97;126;100.9;10.1;3;11.9;0.51;0.34;0.08;0.12
7;50;100;50;100;17.77;4.85;14;3.29;3.29;0.176;58.8;18.74;9.55;5.52;0.91;3.01;7.42;184.4;132.9;30.7;6;14.8;1.41;1.37;0.21;0.3;1.4;1.38;0.129;41.2;10.6;5.19;3.23;0.54;1.83;6.58;129.1;101.9;10.4;3.7;13.2;0.66;0.46;0.11;0.15
7;50;100;100;0;20.23;4.55;12.72;3.03;2.95;0.155;67.6;19.02;9.72;5.42;1.02;3.19;6.73;189.2;129.9;39.5;6.4;13.5;1.37;1.03;0.24;0.31;0.9;0.91;0.118;32.4;7.63;3.63;2.38;0.42;1.36;6;90.6;69.2;6.6;2.7;12;0.5;0.22;0.07;0.12
7;50;100;100;50;20.38;5.23;14.76;3.23;3.22;0.163;65.8;19.79;10.01;5.86;0.95;3.24;7.84;188.1;127.7;38.3;6.5;15.7;1.37;1.3;0.23;0.33;1.29;1.33;0.122;34.2;10.84;5.27;3.32;0.56;1.99;6.92;97.7;70.2;9.7;4;13.8;0.73;0.32;0.12;0.15
7;50;100;100;100;20.39;5.56;16.14;3.66;3.64;0.176;64.7;20.66;10.58;6.01;0.98;3.31;8.54;184.9;123.6;37.6;6.6;17.1;1.33;1.74;0.24;0.33;1.57;1.63;0.124;35.3;13.09;6.23;4.09;0.68;2.24;7.6;100.7;71.9;9.2;4.5;15.2;0.91;0.41;0.13;0.19
7;100;0;0;0;17.4;2.85;8.33;1.78;1.89;0.155;47.1;12.22;6.05;3.57;0.67;2;4.44;129;98.9;17.3;4;8.9;1.25;0.3;0.15;0.2;0.54;0.55;0.109;52.9;4.95;2.34;1.54;0.24;0.86;3.89;144.9;122.9;12.5;1.7;7.8;0.2;0.22;0.05;0.08
7;100;0;0;50;17.05;3.06;9.01;1.94;1.96;0.156;47.2;12.54;6.28;3.76;0.61;2;4.81;129.6;99.9;16.1;4;9.6;1.25;0.35;0.15;0.21;0.65;0.69;0.114;52.8;5.92;2.8;1.86;0.32;1.06;4.2;144.8;121.6;12.7;2.1;8.4;0.21;0.33;0.06;0.09
7;100;0;0;100;16.6;3.47;9.65;2.15;2.16;0.161;46.4;13.38;6.73;4.01;0.63;2.22;5.09;130.4;100.6;15.2;4.4;10.2;1.31;0.46;0.16;0.23;0.85;0.88;0.127;53.6;6.86;3.34;2.03;0.35;1.25;4.55;151;120.8;18.6;2.5;9.1;0.21;0.49;0.08;0.09
7;100;0;50;0;19.39;3.29;9.46;1.96;1.96;0.152;52.9;12.86;6.47;3.79;0.67;2.1;5.07;131.9;96.5;21.1;4.2;10.1;1.23;0.36;0.15;0.22;0.71;0.72;0.11;47.1;6.44;3.11;2.02;0.37;1.19;4.39;117.7;94.4;12.1;2.4;8.8;0.34;0.21;0.07;0.09
7;100;0;50;50;19.28;3.83;10.98;2.03;2.08;0.153;52.5;13.57;6.69;4.08;0.72;2.26;5.85;132.7;96.6;19.9;4.5;11.7;1.24;0.45;0.16;0.23;0.97;1.01;0.114;47.5;8.8;4.13;2.8;0.43;1.56;5.13;119.8;94.3;12.1;3.1;10.3;0.47;0.31;0.1;0.13
7;100;0;50;100;19.15;4.3;12.32;2.27;2.25;0.162;50.9;13.89;7.04;4.06;0.72;2.28;6.46;132.9;96.6;18.7;4.6;12.9;1.23;0.63;0.17;0.22;1.4;1.39;0.12;49.1;11.51;5.54;3.55;0.57;2.02;5.86;128.2;94.3;18.2;4;11.7;0.62;0.48;0.12;0.17
7;100;0;100;0;21.47;3.61;10.26;1.97;2.01;0.149;60.3;13.44;6.63;4.07;0.66;2.23;5.38;134.6;94.7;24.6;4.5;10.8;1.19;0.43;0.17;0.23;0.84;0.85;0.111;39.7;7.61;3.63;2.3;0.45;1.38;4.88;88.7;64.1;12.1;2.8;9.8;0.44;0.21;0.09;0.12
7;100;0;100;50;21.52;4.29;12.48;2.15;2.13;0.15;59.3;14.14;6.98;4.23;0.77;2.34;6.54;134.7;93.3;23.7;4.7;13.1;1.18;0.55;0.17;0.23;1.23;1.27;0.113;40.7;11.09;5.25;3.56;0.6;1.95;5.95;92.5;65;11.7;3.9;11.9;0.68;0.3;0.12;0.17
7;100;0;100;100;21.38;4.76;14.1;2.46;2.4;0.16;57.4;15;7.58;4.46;0.74;2.35;7.43;135.6;93.4;22.6;4.7;14.9;1.2;0.78;0.17;0.26;1.61;1.65;0.119;42.6;13.8;6.58;4.29;0.7;2.4;6.67;100.8;64.9;17.8;4.8;13.3;0.82;0.47;0.14;0.21
7;100;50;0;0;17.48;3.83;10.6;2.6;2.66;0.157;47.8;17.01;8.6;4.97;0.82;2.91;5.68;133.6;99.2;17.2;5.8;11.4;1.81;0.37;0.2;0.28;0.64;0.61;0.114;52.2;5.29;2.5;1.68;0.28;0.92;4.92;145.7;122.5;11.6;1.8;9.8;0.2;0.27;0.06;0.08
7;100;50;0;50;17.2;3.98;11.4;2.89;2.9;0.162;46.8;17.85;8.94;5.3;0.92;2.91;5.98;133.7;99.5;16.4;5.8;12;1.86;0.54;0.21;0.29;0.77;0.8;0.13;53.2;6.07;3.01;1.86;0.3;1.08;5.42;151.9;122.1;16.9;2.2;10.8;0.21;0.44;0.06;0.09
7;100;50;0;100;17.01;4.22;12.05;2.93;3.02;0.167;46.9;18.11;9.24;5.21;0.96;2.97;6.37;134.4;100.5;15.2;5.9;12.7;1.83;0.68;0.22;0.29;0.95;1;0.139;53.1;7.16;3.47;2.2;0.38;1.25;5.68;152.4;120.8;17.7;2.5;11.4;0.21;0.61;0.08;0.1
7;100;50;50;0;19.53;4.18;11.89;2.79;2.75;0.153;53.2;17.94;9.01;5.21;0.89;2.92;6.33;135.8;96.4;20.8;5.8;12.7;1.77;0.47;0.21;0.3;0.77;0.79;0.114;46.8;6.85;3.3;2.1;0.37;1.26;5.57;119.4;94.5;11.3;2.5;11.1;0.34;0.27;0.08;0.1
7;100;50;50;50;19.59;4.76;13.31;2.94;2.97;0.16;51.4;18.57;9.46;5.4;0.92;3.14;6.98;135.4;95.1;20.1;6.3;14;1.73;0.71;0.22;0.31;1.08;1.14;0.124;48.6;9.17;4.41;2.85;0.47;1.63;6.33;128.3;95.8;16.6;3.3;12.7;0.48;0.43;0.1;0.13
7;100;50;50;100;19.39;5.12;14.52;3.21;3.2;0.169;52.9;19;9.65;5.47;0.92;3.05;7.68;145.5;95.5;28.6;6.1;15.4;1.76;0.93;0.22;0.3;1.42;1.47;0.127;47.1;11.5;5.55;3.53;0.57;2.06;6.84;129.7;95.4;16.5;4.1;13.7;0.62;0.56;0.13;0.16
7;100;50;100;0;21.96;4.48;13.1;2.9;2.87;0.153;60;18.79;9.36;5.62;1.03;3.05;6.85;137.7;92.9;25.1;6.1;13.7;1.68;0.65;0.22;0.31;0.88;0.91;0.113;40;7.98;3.84;2.48;0.45;1.43;6.25;91.7;65.2;11.1;2.9;12.5;0.45;0.26;0.09;0.12
7;100;50;100;50;21.62;5.26;15.11;3.18;3.2;0.162;59.8;19.82;10.01;5.84;1.02;3.21;7.9;149.4;91.2;36;6.4;15.8;1.7;0.93;0.23;0.34;1.32;1.38;0.121;40.2;11.36;5.46;3.49;0.62;2.05;7.21;100.3;66.3;15.5;4.1;14.4;0.69;0.4;0.12;0.16
7;100;50;100;100;21.8;5.82;16.73;3.42;3.44;0.168;59.2;20.48;10.47;6.03;1.04;3.35;8.78;149.7;91.1;34.3;6.7;17.6;1.69;1.17;0.25;0.34;1.71;1.75;0.123;40.8;14.07;6.82;4.26;0.75;2.46;7.95;103.3;66.3;16.1;4.9;15.9;0.84;0.55;0.15;0.21
7;100;100;0;0;17.49;4.39;12.42;3.24;3.32;0.16;49.4;20.75;10.41;6.07;1.05;3.47;6.58;144.3;97.9;26.3;6.9;13.2;2.15;0.59;0.25;0.33;0.71;0.71;0.128;50.6;5.42;2.65;1.62;0.29;0.92;5.83;147.9;124.1;10.3;1.8;11.7;0.2;0.37;0.05;0.08
7;100;100;0;50;17.09;4.59;12.87;3.63;3.55;0.167;48.3;21.3;10.97;6.12;1.05;3.49;6.75;143.4;98.2;24.7;7;13.5;2.16;0.79;0.26;0.35;0.86;0.9;0.141;51.7;6.27;3.08;1.86;0.3;1.1;6.13;153.7;123.7;15.5;2.2;12.3;0.21;0.53;0.07;0.09
7;100;100;0;100;16.89;4.68;13.41;3.78;3.77;0.174;48.2;21.62;11.16;6.29;1.07;3.48;7.02;143;98.8;23.2;7;14;2.14;1.01;0.25;0.36;1.17;1.11;0.154;51.8;7.13;3.62;2.1;0.35;1.21;6.4;154;123;15.8;2.4;12.8;0.22;0.72;0.07;0.1
7;100;100;50;0;19.7;4.82;13.89;3.44;3.49;0.16;54.7;21.82;10.86;6.56;1.16;3.58;7.25;147.9;93.8;32.4;7.2;14.5;2.06;0.82;0.25;0.36;0.89;0.89;0.125;45.3;7.05;3.42;2.16;0.35;1.24;6.64;122.7;96.9;10;2.5;13.3;0.35;0.35;0.08;0.1
7;100;100;50;50;19.96;5.28;15.13;3.68;3.71;0.166;53.3;22.4;11.4;6.53;1.14;3.67;8.05;148.2;93.6;31.2;7.3;16.1;2.04;1.03;0.26;0.37;1.19;1.22;0.131;46.7;9.27;4.49;2.86;0.49;1.61;7.08;129.6;97.2;15.1;3.2;14.2;0.48;0.51;0.1;0.13
7;100;100;50;100;19.55;5.71;16.25;3.97;3.96;0.175;52.8;22.64;11.74;6.49;1.15;3.7;8.52;147.1;93.3;29.3;7.4;17;2.03;1.3;0.26;0.36;1.6;1.59;0.136;47.2;11.65;5.72;3.51;0.61;2.01;7.73;131.7;97.5;14.7;4;15.5;0.63;0.68;0.12;0.17
7;100;100;100;0;21.78;5.34;14.97;3.51;3.61;0.158;61.9;22.8;11.47;6.74;1.15;3.79;7.98;151.8;90.6;37.7;7.6;16;1.98;0.98;0.27;0.38;0.96;1.03;0.122;38.1;8.37;4.08;2.55;0.45;1.54;6.99;93.4;66.7;9.7;3.1;14;0.48;0.34;0.09;0.12
7;100;100;100;50;21.89;5.79;16.78;4.02;3.87;0.164;59.7;23.53;11.91;6.85;1.21;3.79;8.86;150.8;88.4;37.1;7.6;17.7;1.94;1.26;0.27;0.39;1.44;1.46;0.125;40.3;11.59;5.56;3.59;0.64;2;7.92;101.7;68.1;13.8;4;15.8;0.71;0.45;0.13;0.17
7;100;100;100;100;21.97;6.28;18.09;4.38;4.25;0.175;59;24.22;12.51;6.96;1.2;3.88;9.54;150.3;87.2;36.3;7.8;19.1;1.91;1.67;0.29;0.38;1.84;1.83;0.13;41;13.94;6.74;4.32;0.71;2.4;8.55;104.4;68.8;13.7;4.8;17.1;0.86;0.62;0.14;0.2
8;0;0;0;0;13.91;1.84;5.24;0.96;1.06;0.144;62;7.31;3.55;2.22;0.38;1.23;2.81;220.3;193;19.2;2.5;5.6;0.52;0.32;0.09;0.12;0.4;0.37;0.103;38;3.35;1.59;1.07;0.2;0.61;2.43;135.1;123.6;5.5;1.2;4.9;0.2;0.09;0.03;0.05
8;0;0;0;50;13.29;1.95;5.62;1.13;1.15;0.148;61.7;7.77;3.82;2.35;0.41;1.28;3.03;218.9;192.1;18.1;2.6;6.1;0.53;0.39;0.1;0.13;0.41;0.41;0.106;38.3;3.72;1.74;1.18;0.18;0.67;2.59;135.9;124.1;5.3;1.3;5.2;0.21;0.11;0.04;0.05
8;0;0;0;100;13.13;2.15;6.19;1.25;1.3;0.156;60.9;8.31;4.1;2.51;0.42;1.35;3.26;218.2;191.8;17.1;2.7;6.5;0.54;0.52;0.09;0.14;0.53;0.52;0.115;39.1;4.39;2.1;1.37;0.21;0.81;2.93;140;124.2;8.3;1.6;5.9;0.22;0.18;0.05;0.06
8;0;0;50;0;15.89;2.23;6.51;1.13;1.12;0.141;67.2;7.91;3.91;2.4;0.38;1.32;3.47;221.1;188.9;22.6;2.6;6.9;0.52;0.38;0.09;0.13;0.56;0.57;0.108;32.8;5.19;2.4;1.67;0.28;0.91;3.04;107.8;94.5;5.4;1.8;6.1;0.36;0.09;0.05;0.08
8;0;0;50;50;15.96;2.75;7.81;1.24;1.25;0.145;66.4;8.65;4.33;2.53;0.46;1.46;4.11;219.6;186.6;21.9;2.9;8.2;0.52;0.48;0.11;0.14;0.73;0.79;0.11;33.6;7.09;3.38;2.23;0.38;1.28;3.7;110.9;95.6;5.3;2.6;7.4;0.49;0.12;0.08;0.1
8;0;0;50;100;15.89;3.08;8.96;1.41;1.45;0.158;65.1;9.18;4.64;2.72;0.46;1.52;4.79;217.4;183.8;21;3;9.6;0.49;0.7;0.11;0.15;1.01;1.02;0.113;34.9;8.94;4.25;2.81;0.45;1.56;4.17;116.1;96.8;7.9;3.1;8.3;0.63;0.18;0.09;0.13
8;0;0;100;0;18.13;2.59;7.38;1.17;1.22;0.138;73.9;8.81;4.38;2.63;0.43;1.53;3.89;222.5;185.1;26.6;3.1;7.8;0.5;0.46;0.11;0.15;0.64;0.68;0.109;26.1;6.09;2.82;1.95;0.35;1.06;3.49;78.5;64.2;5.2;2.1;7;0.44;0.09;0.06;0.09
8;0;0;100;50;18.18;3.29;9.45;1.38;1.38;0.141;72.7;9.77;4.85;2.97;0.49;1.66;5.05;219.8;180.6;25.7;3.3;10.1;0.5;0.59;0.12;0.17;0.97;1.03;0.111;27.3;9.24;4.35;2.89;0.49;1.63;4.4;82.5;65.5;4.9;3.3;8.8;0.68;0.11;0.1;0.14
8;0;0;100;100;18.36;3.81;10.89;1.68;1.68;0.156;70.8;10.74;5.29;3.17;0.58;1.7;5.76;216;175.8;25.3;3.4;11.5;0.47;0.9;0.12;0.18;1.27;1.31;0.113;29.2;11.48;5.52;3.5;0.59;2.11;5.13;88.7;66.9;7.3;4.2;10.3;0.85;0.16;0.13;0.17
8;0;50;0;0;13.59;2.06;5.88;1.15;1.21;0.141;61.4;8.56;4.19;2.64;0.43;1.42;3.18;217.6;189;19.4;2.8;6.4;0.54;0.41;0.11;0.16;0.4;0.4;0.106;38.6;3.53;1.67;1.06;0.2;0.64;2.7;137;125.9;4.4;1.3;5.4;0.21;0.1;0.04;0.05
8;0;50;0;50;13.37;2.26;6.26;1.34;1.41;0.154;60.9;9.17;4.59;2.69;0.47;1.58;3.39;215.7;187;18.8;3.2;6.8;0.52;0.62;0.11;0.16;0.4;0.45;0.113;39.1;3.78;1.78;1.19;0.19;0.68;2.88;138.5;127.1;4.3;1.4;5.8;0.22;0.14;0.04;0.05
8;0;50;0;100;12.79;2.35;6.52;1.63;1.6;0.164;60.2;9.76;5;2.74;0.49;1.61;3.54;214.1;186.2;17.6;3.2;7.1;0.53;0.79;0.12;0.16;0.5;0.53;0.123;39.8;4.14;2.04;1.23;0.23;0.75;2.99;141.4;127.6;6.4;1.5;6;0.22;0.2;0.05;0.06
8;0;50;50;0;15.91;2.61;7.28;1.28;1.32;0.136;66.3;9.65;4.77;2.85;0.48;1.7;3.89;217;182.5;23.3;3.4;7.8;0.51;0.52;0.12;0.17;0.58;0.59;0.111;33.7;5.21;2.45;1.6;0.26;0.91;3.38;110.1;97.3;4.2;1.8;6.8;0.37;0.09;0.05;0.08
8;0;50;50;50;15.93;2.95;8.59;1.64;1.61;0.151;65.4;10.58;5.33;3.09;0.53;1.73;4.52;214.4;179.2;22.6;3.5;9;0.53;0.78;0.12;0.18;0.8;0.81;0.114;34.6;7.04;3.32;2.2;0.36;1.22;4.07;113.5;98.8;4.1;2.4;8.1;0.5;0.14;0.07;0.1
8;0;50;50;100;15.79;3.53;9.96;1.86;1.88;0.168;65.4;11.16;5.66;3.29;0.58;1.84;5.36;223.8;177;32.5;3.7;10.7;0.51;1.05;0.13;0.19;1.03;1.09;0.117;34.6;9.2;4.39;2.86;0.51;1.69;4.6;118.3;99.8;5.9;3.4;9.2;0.66;0.19;0.1;0.13
8;0;50;100;0;18.4;2.96;8.61;1.5;1.54;0.139;72.8;11.07;5.36;3.43;0.57;1.83;4.53;217.3;177.1;27.5;3.7;9.1;0.51;0.71;0.13;0.19;0.7;0.71;0.111;27.2;6.33;3.02;1.96;0.34;1.13;4.08;81;66.6;4;2.3;8.2;0.46;0.09;0.07;0.09
8;0;50;100;50;18.5;3.67;10.42;1.78;1.86;0.155;72.7;11.94;6.03;3.49;0.56;2.02;5.58;227;171.6;40.2;4;11.2;0.47;1.04;0.15;0.2;1.09;1.07;0.113;27.3;9.37;4.48;2.89;0.51;1.65;4.84;85;68.2;3.8;3.3;9.7;0.71;0.13;0.1;0.14
8;0;50;100;100;18.58;4.18;11.8;2.19;2.16;0.167;71.1;12.89;6.54;3.76;0.63;2.09;6.17;222.9;167;39.4;4.2;12.3;0.48;1.32;0.15;0.2;1.39;1.34;0.116;28.9;11.54;5.6;3.57;0.57;2.09;5.63;90.6;69.5;5.6;4.2;11.3;0.87;0.18;0.12;0.17
8;0;100;0;0;13.71;2.29;6.55;1.49;1.52;0.147;61.4;10.33;5.13;3.05;0.54;1.71;3.52;223.4;182.2;30.6;3.4;7;0.54;0.68;0.12;0.18;0.36;0.38;0.109;38.6;3.23;1.5;1.05;0.17;0.57;3.03;140.3;129.9;3.3;1.1;6.1;0.2;0.1;0.04;0.05
8;0;100;0;50;13.16;2.37;6.89;1.74;1.75;0.163;60.8;10.76;5.42;3.13;0.54;1.74;3.65;220.2;180.5;28.9;3.5;7.3;0.53;0.93;0.12;0.17;0.45;0.45;0.116;39.2;3.65;1.74;1.11;0.21;0.63;3.24;141.8;130.9;3.1;1.3;6.5;0.22;0.14;0.03;0.05
8;0;100;0;100;12.73;2.49;7.04;2;1.99;0.18;60.2;11.03;5.73;3.19;0.54;1.77;3.73;218.3;180.4;26.9;3.5;7.5;0.52;1.16;0.13;0.18;0.53;0.55;0.129;39.8;4.09;1.95;1.25;0.2;0.71;3.31;144;131;5;1.4;6.6;0.23;0.22;0.04;0.06
8;0;100;50;0;16;2.96;8.16;1.71;1.77;0.15;66.4;11.78;5.92;3.47;0.57;2.03;4.38;224;175.2;36;4.1;8.8;0.52;0.91;0.15;0.2;0.57;0.6;0.112;33.6;5.21;2.51;1.6;0.28;0.93;3.77;113.1;100.6;3.1;1.9;7.5;0.38;0.09;0.05;0.08
8;0;100;50;50;15.98;3.34;9.56;2.02;2.04;0.162;65.2;12.62;6.42;3.68;0.68;2.11;4.99;220;170.6;35.2;4.2;10;0.51;1.17;0.16;0.21;0.83;0.83;0.116;34.8;7.09;3.4;2.21;0.37;1.24;4.56;117.2;102.6;3;2.5;9.1;0.52;0.13;0.07;0.1
8;0;100;50;100;16.06;3.7;10.76;2.39;2.38;0.18;64.1;13.24;6.79;3.83;0.69;2.08;5.71;217.5;167.7;34.2;4.2;11.4;0.49;1.52;0.15;0.22;1.08;1.11;0.12;35.9;9.15;4.38;2.83;0.5;1.62;5.05;121.7;103.9;4.4;3.2;10.1;0.68;0.19;0.1;0.14
8;0;100;100;0;18.57;3.34;9.84;1.96;2.01;0.148;72.9;13.54;6.72;3.99;0.78;2.23;5.26;225.3;167.5;42.8;4.5;10.5;0.48;1.12;0.16;0.24;0.71;0.74;0.113;27.1;6.47;3.02;2.03;0.36;1.11;4.58;83.7;69.4;2.9;2.2;9.2;0.48;0.09;0.07;0.1
8;0;100;100;50;18.85;4.08;11.5;2.38;2.31;0.16;71.4;14.38;7.37;4.11;0.72;2.37;6.12;220.8;162;41.9;4.7;12.2;0.48;1.42;0.18;0.24;1.06;1.1;0.115;28.6;9.53;4.57;2.94;0.48;1.71;5.38;88.1;71;2.9;3.4;10.8;0.74;0.13;0.1;0.14
8;0;100;100;100;18.87;4.53;13.04;2.79;2.75;0.18;69.9;15.27;7.91;4.37;0.74;2.45;6.91;216.6;157.1;40.8;4.9;13.8;0.45;1.87;0.18;0.25;1.38;1.4;0.117;30.1;11.83;5.72;3.62;0.62;2.08;6.13;93.1;72.5;4.2;4.2;12.3;0.92;0.18;0.12;0.18
8;50;0;0;0;15.57;2.45;6.96;1.58;1.59;0.155;56.4;10.25;5.2;3.01;0.52;1.72;3.72;177.5;148;18.6;3.4;7.4;0.98;0.32;0.12;0.17;0.45;0.45;0.106;43.6;4.07;1.97;1.21;0.23;0.74;3.24;137.5;120.9;8.6;1.5;6.5;0.2;0.15;0.04;0.06
8;50;0;0;50;15.14;2.52;7.43;1.69;1.69;0.157;56.3;10.74;5.39;3.18;0.54;1.73;3.95;177.3;148.2;17.8;3.5;7.9;1;0.38;0.13;0.18;0.49;0.51;0.107;43.7;4.6;2.17;1.45;0.24;0.8;3.48;137.6;120.8;8.2;1.6;7;0.21;0.19;0.05;0.07
8;50;0;0;100;14.74;2.81;7.8;1.78;1.8;0.163;55.5;11.03;5.62;3.16;0.57;1.85;4.15;177.3;148.9;16.4;3.7;8.3;0.99;0.49;0.14;0.18;0.63;0.67;0.123;44.5;5.36;2.62;1.65;0.29;0.96;3.65;142.3;120.3;12.8;1.9;7.3;0.22;0.32;0.06;0.07
8;50;0;50;0;17.68;2.8;8.08;1.62;1.66;0.152;61.9;10.94;5.45;3.28;0.57;1.82;4.34;179.4;144.8;22.3;3.6;8.7;0.96;0.39;0.13;0.18;0.6;0.62;0.109;38.1;5.59;2.6;1.77;0.3;0.98;3.75;110.3;92.7;8.2;2;7.5;0.34;0.14;0.06;0.08
8;50;0;50;50;17.57;3.29;9.17;1.73;1.75;0.154;61.4;11.38;5.63;3.39;0.59;1.9;4.88;179;144;21.5;3.8;9.8;0.94;0.48;0.14;0.18;0.84;0.84;0.11;38.6;7.55;3.62;2.28;0.44;1.39;4.29;112.6;93.1;8.1;2.8;8.6;0.47;0.18;0.08;0.11
8;50;0;50;100;17.57;3.72;10.71;2.01;2;0.164;59.8;12.21;6.12;3.6;0.61;1.93;5.76;178.4;142.3;20.7;3.9;11.5;0.95;0.7;0.14;0.2;1.13;1.17;0.118;40.2;9.87;4.76;3.04;0.48;1.79;4.95;119.6;94.1;12;3.6;9.9;0.61;0.31;0.11;0.14
8;50;0;100;0;19.77;3.16;8.91;1.65;1.75;0.15;69;11.68;5.75;3.48;0.62;1.94;4.78;181.9;142.5;25.9;3.9;9.6;0.96;0.44;0.15;0.2;0.76;0.74;0.11;31;6.62;3.21;2.02;0.37;1.22;4.13;81.7;62.7;8.3;2.4;8.3;0.43;0.14;0.07;0.1
8;50;0;100;50;19.94;3.85;10.91;1.81;1.83;0.15;67.7;12.18;6.13;3.55;0.63;2.06;5.76;180.4;139.7;25;4.1;11.5;0.92;0.57;0.14;0.2;1.09;1.11;0.111;32.3;9.96;4.74;3.07;0.54;1.79;5.15;86;63.8;8.3;3.6;10.3;0.67;0.19;0.11;0.14
8;50;0;100;100;19.84;4.44;12.49;2.08;2.14;0.162;65.9;13.25;6.76;3.92;0.64;2.22;6.59;179.1;137.2;24.3;4.4;13.2;0.92;0.85;0.15;0.22;1.37;1.42;0.116;34.1;12.14;5.77;3.71;0.66;2.22;5.9;92.7;64.8;11.7;4.4;11.8;0.82;0.29;0.13;0.17
8;50;50;0;0;15.67;2.88;8.55;2.04;2.08;0.155;56.2;13.38;6.61;3.98;0.69;2.16;4.53;178.6;146.2;19.1;4.3;9.1;1.29;0.41;0.15;0.23;0.47;0.49;0.11;43.8;4.25;1.98;1.34;0.24;0.72;4.02;139.3;122.4;7.5;1.4;8;0.21;0.17;0.04;0.06
8;50;50;0;50;15.09;3.03;8.83;2.32;2.27;0.164;56;13.87;7.03;4.05;0.7;2.24;4.65;177.8;146.1;17.9;4.5;9.3;1.3;0.59;0.16;0.22;0.56;0.58;0.12;44;4.7;2.21;1.46;0.25;0.79;4.18;139.6;122.4;7.3;1.6;8.4;0.21;0.25;0.05;0.07
8;50;50;0;100;14.73;3.29;9.29;2.4;2.45;0.17;55.2;14.4;7.34;4.14;0.74;2.37;4.88;177.6;146.2;16.9;4.7;9.8;1.3;0.74;0.17;0.24;0.68;0.71;0.131;44.8;5.3;2.55;1.64;0.27;0.93;4.41;144;122.3;10.9;1.9;8.8;0.22;0.36;0.05;0.08
8;50;50;50;0;17.74;3.31;9.77;2.24;2.18;0.152;61.5;14.4;7.3;4.33;0.69;2.31;5.21;180;142.1;22.9;4.6;10.4;1.26;0.51;0.17;0.25;0.58;0.64;0.112;38.5;5.62;2.65;1.74;0.32;1;4.56;112.4;94.3;7.1;2;9.1;0.34;0.16;0.06;0.09
8;50;50;50;50;17.64;3.87;11.09;2.4;2.45;0.161;60.8;15.24;7.59;4.47;0.81;2.55;5.97;178.9;139.7;22.1;5.1;11.9;1.23;0.77;0.2;0.25;0.88;0.91;0.117;39.2;7.7;3.7;2.43;0.4;1.32;5.11;115.4;95.7;6.9;2.6;10.2;0.48;0.24;0.08;0.11
8;50;50;50;100;17.85;4.25;12.38;2.67;2.71;0.172;60.4;15.81;7.88;4.72;0.81;2.49;6.43;187.6;137.9;31.8;5;12.9;1.23;1.05;0.17;0.26;1.2;1.24;0.122;39.6;10.06;4.77;3.16;0.52;1.76;5.95;122.7;96.7;10.6;3.5;11.9;0.63;0.36;0.11;0.15
8;50;50;100;0;19.84;3.71;10.9;2.32;2.35;0.151;68.1;15.52;7.74;4.59;0.8;2.51;5.82;180.5;137.3;26.5;5;11.6;1.21;0.7;0.18;0.27;0.73;0.78;0.112;31.9;6.84;3.22;2.14;0.37;1.2;5.09;84.3;64.8;6.9;2.4;10.2;0.45;0.15;0.07;0.1
8;50;50;100;50;20.09;4.46;12.92;2.62;2.68;0.163;68.6;16.47;8.16;4.99;0.82;2.67;6.93;192.5;134.5;38.8;5.3;13.9;1.2;1.01;0.19;0.27;1.15;1.17;0.116;31.4;10.07;4.73;3.12;0.59;1.79;5.99;88.1;65.9;6.6;3.6;12;0.69;0.23;0.11;0.15
8;50;50;100;100;20.19;4.84;14.15;2.86;2.93;0.171;67;17.16;8.69;4.95;0.85;2.76;7.67;191.4;132.7;37.8;5.5;15.3;1.19;1.26;0.2;0.28;1.48;1.48;0.119;33;12.35;5.85;3.89;0.64;2.08;6.48;94;66.6;10.2;4.2;13;0.84;0.34;0.12;0.18
8;50;100;0;0;15.69;3.4;10.02;2.68;2.74;0.161;57;17.01;8.45;5.09;0.87;2.72;5.25;188.1;143;29.1;5.4;10.5;1.6;0.65;0.2;0.29;0.49;0.5;0.119;43;3.99;1.89;1.25;0.21;0.69;4.77;142;124.8;6.2;1.4;9.5;0.2;0.21;0.04;0.06
8;50;100;0;50;15.2;3.71;10.47;2.94;2.98;0.17;56.4;17.49;8.89;5.05;0.9;2.89;5.58;187.8;143.7;27.2;5.8;11.2;1.62;0.86;0.2;0.29;0.59;0.63;0.132;43.6;4.7;2.25;1.48;0.26;0.82;4.89;145.1;124.4;9.3;1.6;9.8;0.22;0.31;0.05;0.07
8;50;100;0;100;14.8;3.83;10.73;3.1;3.21;0.18;56;17.84;9.22;4.98;0.91;2.96;5.63;185.9;143;25.7;5.9;11.3;1.6;1.12;0.22;0.28;0.71;0.77;0.143;44;5.28;2.6;1.56;0.3;0.88;5.1;146.3;124.9;9.4;1.8;10.2;0.22;0.42;0.05;0.08
8;50;100;50;0;17.98;4.03;11.6;2.9;2.95;0.162;62.3;18.26;9.29;5.37;0.91;3.01;6.2;191.2;138.1;34.8;6;12.4;1.55;0.88;0.21;0.31;0.66;0.7;0.119;37.7;5.77;2.73;1.83;0.31;1.02;5.4;115.6;96.6;6.1;2;10.8;0.35;0.2;0.06;0.08
8;50;100;50;50;18.02;4.41;12.72;3.15;3.19;0.168;60.9;18.95;9.6;5.55;0.96;3.04;6.78;189.3;135.8;33.9;6.1;13.6;1.51;1.13;0.23;0.31;0.97;0.97;0.124;39.1;7.78;3.81;2.35;0.39;1.37;5.94;121.7;98;9.1;2.7;11.9;0.49;0.29;0.08;0.11
8;50;100;50;100;17.71;4.83;13.95;3.57;3.5;0.18;60;19.41;10.11;5.52;0.97;3.06;7.35;186.8;133.7;32.3;6.1;14.7;1.5;1.45;0.23;0.32;1.24;1.3;0.127;40;10.12;4.85;3.17;0.54;1.78;6.6;124.7;99.2;8.7;3.6;13.2;0.65;0.39;0.1;0.15
8;50;100;100;0;20.24;4.54;12.81;3.03;3.12;0.159;68.9;19.61;9.94;5.69;1;3.3;6.76;193.2;131.9;41.2;6.6;13.5;1.5;1.07;0.23;0.33;0.84;0.84;0.118;31.1;7.02;3.38;2.17;0.34;1.25;6.06;87.2;66.9;5.7;2.5;12.1;0.47;0.19;0.08;0.1
8;50;100;100;50;20.38;5.08;14.61;3.39;3.42;0.167;67.2;20.55;10.33;6.04;1.1;3.27;7.88;191.1;128.7;40.1;6.5;15.8;1.46;1.38;0.24;0.35;1.22;1.21;0.12;32.8;10.02;4.86;3.06;0.49;1.81;6.73;93.3;68.2;8.1;3.6;13.5;0.7;0.26;0.11;0.14
8;50;100;100;100;20.71;5.61;15.96;3.81;3.82;0.18;66;21.22;10.93;6.08;1.03;3.41;8.51;188.6;125.6;39.2;6.8;17;1.42;1.8;0.25;0.35;1.59;1.56;0.124;34;12.53;6.03;3.91;0.64;2.19;7.45;97.1;69.4;8.4;4.4;14.9;0.87;0.37;0.13;0.18
8;100;0;0;0;17.37;2.9;8.28;2;2.01;0.16;48.5;12.59;6.37;3.69;0.6;2.08;4.4;131.8;100.5;18.3;4.2;8.8;1.34;0.32;0.15;0.2;0.53;0.51;0.108;51.5;4.62;2.24;1.44;0.24;0.81;3.88;139.7;118.7;11.7;1.6;7.8;0.2;0.2;0.05;0.07
8;100;0;0;50;17.16;3.12;9.04;1.98;2.09;0.162;48.7;12.89;6.43;3.85;0.66;2.09;4.82;132.7;101.8;17.1;4.2;9.6;1.36;0.37;0.15;0.21;0.64;0.65;0.113;51.3;5.62;2.71;1.74;0.32;1.03;4.22;139.6;117.2;11.9;2.1;8.4;0.21;0.31;0.06;0.08
8;100;0;0;100;16.76;3.35;9.79;2.15;2.26;0.166;47.9;13.6;6.81;4.09;0.66;2.18;5.22;133.4;102.6;16.1;4.4;10.4;1.39;0.49;0.15;0.23;0.83;0.83;0.125;52.1;6.51;3.17;2.01;0.31;1.17;4.57;145.4;116.3;17.6;2.3;9.1;0.21;0.46;0.06;0.09
8;100;0;50;0;19.38;3.25;9.37;2.03;2.06;0.157;54.4;13.07;6.54;3.84;0.65;2.11;4.99;134.8;98.8;21.8;4.2;10;1.32;0.37;0.16;0.22;0.67;0.69;0.109;45.6;6.24;2.99;1.9;0.34;1.15;4.38;113.1;90.6;11.4;2.3;8.8;0.34;0.2;0.06;0.09
8;100;0;50;50;19.23;3.72;10.66;2.14;2.17;0.159;54.1;13.65;6.87;4.02;0.71;2.21;5.73;135.5;98.8;20.8;4.4;11.5;1.32;0.46;0.17;0.23;0.89;0.95;0.113;45.9;8.35;3.87;2.63;0.45;1.51;4.93;114.8;90.6;11.3;3;9.9;0.45;0.3;0.09;0.11
8;100;0;50;100;19.27;4.21;12.31;2.31;2.41;0.167;52.6;14.44;7.22;4.26;0.72;2.35;6.65;136.4;98.5;19.9;4.7;13.3;1.33;0.67;0.16;0.24;1.23;1.29;0.12;47.4;10.73;5.18;3.3;0.56;1.87;5.66;122.8;90.9;16.8;3.7;11.3;0.59;0.44;0.12;0.15
8;100;0;100;0;21.13;3.62;10.31;2.2;2.18;0.155;61.9;14.03;7.04;4.19;0.73;2.3;5.5;137.7;96.7;25.4;4.6;11;1.33;0.44;0.18;0.24;0.77;0.8;0.11;38.1;7.18;3.4;2.23;0.4;1.31;4.82;84.8;61.7;10.8;2.6;9.6;0.43;0.19;0.08;0.1
8;100;0;100;50;21.5;4.32;12.42;2.25;2.3;0.155;60.9;14.84;7.37;4.48;0.75;2.39;6.69;138.3;95.4;24.7;4.8;13.4;1.29;0.58;0.18;0.25;1.11;1.19;0.113;39.1;10.45;5.03;3.25;0.52;1.93;5.73;88.6;62.5;10.8;3.9;11.5;0.64;0.29;0.11;0.15
8;100;0;100;100;21.52;4.78;13.82;2.54;2.56;0.165;58.9;15.55;7.87;4.55;0.73;2.5;7.46;138.5;94.9;23.7;5;14.9;1.28;0.83;0.19;0.26;1.54;1.54;0.118;41.1;12.98;6.22;4.05;0.68;2.28;6.36;96.5;62.8;16.4;4.6;12.7;0.79;0.43;0.13;0.18
8;100;50;0;0;17.64;3.79;10.87;2.85;2.88;0.162;49.3;17.76;8.99;5.24;0.93;2.91;5.8;136.7;100.9;18.4;5.8;11.6;1.97;0.4;0.21;0.3;0.58;0.57;0.112;50.7;4.94;2.37;1.54;0.23;0.88;5.07;140.7;118.3;10.5;1.8;10.1;0.2;0.25;0.05;0.07
8;100;50;0;50;17.17;4.02;11.34;3.04;3.05;0.168;48.2;18.14;9.29;5.25;0.89;2.97;6.04;136.4;101.3;17.1;5.9;12.1;1.97;0.57;0.21;0.3;0.76;0.75;0.129;51.8;5.75;2.84;1.71;0.28;1.04;5.3;146.5;117.8;16;2.1;10.6;0.21;0.41;0.06;0.08
8;100;50;0;100;16.94;4.13;12.02;3.26;3.25;0.173;48.3;18.84;9.68;5.45;0.98;3.01;6.37;136.9;101.8;16.4;6;12.7;2;0.72;0.22;0.31;0.9;0.9;0.136;51.7;6.57;3.22;2;0.34;1.13;5.65;146.5;117.2;15.7;2.3;11.3;0.21;0.54;0.06;0.09
8;100;50;50;0;19.76;4.24;11.97;2.84;2.92;0.159;54.7;18.36;9.21;5.48;0.91;3.04;6.36;139;98.3;21.9;6.1;12.7;1.91;0.48;0.22;0.3;0.75;0.74;0.113;45.3;6.44;3.1;1.98;0.35;1.19;5.61;115.2;91;10.6;2.4;11.2;0.33;0.24;0.07;0.09
8;100;50;50;50;19.46;4.57;13.31;3;3.14;0.165;52.9;19.01;9.53;5.63;0.95;3.07;7.08;138.3;96.9;21;6.1;14.2;1.87;0.73;0.23;0.32;1.02;1.07;0.123;47.1;8.63;4.12;2.73;0.47;1.5;6.23;123.1;92.2;15.4;3;12.5;0.47;0.39;0.09;0.12
8;100;50;50;100;19.68;5.14;14.68;3.33;3.42;0.174;54.2;19.66;9.89;5.87;0.97;3.15;7.77;148.9;96.9;30.2;6.3;15.5;1.85;1;0.23;0.33;1.41;1.4;0.127;45.8;11.01;5.34;3.35;0.57;1.99;6.91;125.8;92.3;15.7;4;13.8;0.59;0.54;0.12;0.15
8;100;50;100;0;21.42;4.5;12.87;3.06;3.06;0.158;61.8;19.34;9.61;5.71;0.98;3.13;7.04;141.2;95.2;25.6;6.3;14.1;1.84;0.66;0.23;0.33;0.86;0.87;0.113;38.2;7.64;3.69;2.34;0.41;1.38;5.83;87.1;62.6;10.1;2.8;11.7;0.44;0.24;0.08;0.11
8;100;50;100;50;21.7;5.16;15.03;3.2;3.37;0.167;61.5;20.21;10.13;6.01;1.02;3.27;8.01;153.6;93.7;37.3;6.5;16;1.83;0.95;0.24;0.34;1.24;1.32;0.12;38.5;10.88;5.15;3.4;0.57;1.89;7.01;96.1;63.5;14.8;3.8;14;0.66;0.38;0.12;0.16
8;100;50;100;100;21.75;5.74;16.54;3.59;3.63;0.173;60.7;21.01;10.79;6.06;1.04;3.33;8.77;153;92.3;36.5;6.7;17.5;1.82;1.23;0.25;0.34;1.5;1.63;0.123;39.3;13.19;6.29;4.13;0.69;2.4;7.77;99;64.3;14.4;4.8;15.5;0.81;0.49;0.14;0.19
8;100;100;0;0;17.73;4.35;12.36;3.48;3.51;0.166;50.9;21.19;10.81;6.21;1.04;3.48;6.64;147.7;99.6;27.9;7;13.3;2.28;0.62;0.25;0.36;0.65;0.65;0.127;49.1;5.04;2.41;1.57;0.25;0.88;5.72;142.7;119.8;9.7;1.8;11.4;0.19;0.34;0.05;0.07
8;100;100;0;50;17.37;4.46;13.01;3.68;3.77;0.172;49.6;21.88;11.05;6.43;1.16;3.46;6.82;146.4;99.3;26.6;6.9;13.6;2.3;0.85;0.26;0.36;0.76;0.81;0.139;50.4;5.76;2.83;1.7;0.32;1;6.18;148.7;120.2;14.1;2;12.4;0.21;0.47;0.06;0.08
8;100;100;0;100;16.72;4.71;13.31;3.95;3.99;0.18;49.6;22.15;11.42;6.38;1.02;3.55;7.02;145.9;100.1;24.7;7.1;14;2.31;1.06;0.26;0.36;1.03;1.02;0.153;50.4;6.65;3.38;1.93;0.33;1.16;6.28;148.2;119.2;14.1;2.3;12.6;0.22;0.64;0.07;0.1
8;100;100;50;0;19.56;4.93;13.68;3.69;3.72;0.166;56.3;22.45;11.48;6.45;1.08;3.75;7.26;151.2;95.5;33.7;7.5;14.5;2.23;0.85;0.28;0.37;0.78;0.82;0.123;43.7;6.58;3.22;2.01;0.36;1.18;6.41;117.6;93.5;8.8;2.4;12.8;0.35;0.31;0.07;0.1
8;100;100;50;50;19.62;5.3;15.22;3.84;3.91;0.171;54.7;22.92;11.68;6.81;1.11;3.71;8.11;150.9;95.1;32.1;7.4;16.2;2.2;1.07;0.27;0.38;1.14;1.17;0.129;45.3;8.94;4.36;2.71;0.49;1.59;7.12;125;93.9;13.7;3.2;14.2;0.48;0.46;0.09;0.14
8;100;100;50;100;19.44;5.54;16.18;4.24;4.22;0.18;54.3;23.46;12;6.79;1.12;3.64;8.65;150.1;94.3;31.3;7.3;17.3;2.19;1.39;0.26;0.38;1.48;1.48;0.134;45.7;10.97;5.39;3.27;0.56;1.89;7.53;126.6;94.6;13.2;3.8;15.1;0.61;0.6;0.11;0.15
8;100;100;100;0;21.98;5.14;14.93;3.8;3.84;0.163;63.3;23.56;11.86;6.95;1.21;3.71;7.98;155.4;92.1;39.9;7.4;16;2.13;1.04;0.27;0.39;0.94;0.95;0.122;36.7;7.74;3.72;2.33;0.42;1.43;6.95;90.1;64.4;8.9;2.9;13.9;0.45;0.31;0.09;0.11
8;100;100;100;50;22.1;5.77;16.84;4.04;4.07;0.169;61.1;24.09;12.1;7.22;1.21;3.85;8.94;154.5;90.4;38.5;7.7;17.9;2.07;1.31;0.28;0.41;1.39;1.4;0.125;38.9;11.12;5.36;3.38;0.61;1.92;7.89;98.2;65.4;13.2;3.8;15.8;0.68;0.44;0.11;0.17
8;100;100;100;100;22;6.18;18.13;4.45;4.45;0.18;60.4;24.69;12.68;7.14;1.19;3.86;9.59;153.4;89;37.5;7.7;19.2;2.05;1.72;0.29;0.39;1.74;1.75;0.129;39.6;13.45;6.49;4.12;0.68;2.32;8.53;100.7;66.2;12.8;4.6;17.1;0.84;0.59;0.13;0.19
9;0;0;0;0;13.92;1.82;5.35;1.12;1.11;0.144;63.5;7.7;3.77;2.37;0.4;1.22;2.91;225.5;197.1;20.1;2.4;5.8;0.55;0.34;0.09;0.13;0.34;0.34;0.096;36.5;3.22;1.52;0.98;0.17;0.6;2.44;129.3;118.6;4.6;1.2;4.9;0.18;0.08;0.03;0.04
9;0;0;0;50;13.37;1.93;5.46;1.18;1.17;0.148;63.2;7.89;3.94;2.31;0.4;1.29;2.92;223.6;196.1;19.1;2.6;5.8;0.54;0.4;0.1;0.13;0.37;0.37;0.099;36.8;3.48;1.67;1.08;0.17;0.64;2.54;129.9;119.1;4.4;1.3;5.1;0.18;0.09;0.04;0.05
9;0;0;0;100;13.03;2.13;6.01;1.29;1.32;0.156;62.6;8.49;4.28;2.52;0.42;1.44;3.23;223.1;195.6;18.1;2.9;6.5;0.54;0.53;0.11;0.14;0.44;0.44;0.107;37.4;3.92;1.87;1.23;0.2;0.69;2.77;133.2;119.4;6.9;1.4;5.5;0.19;0.15;0.04;0.06
9;0;0;50;0;16.05;2.26;6.49;1.17;1.17;0.141;68.6;8.25;4.07;2.46;0.44;1.36;3.45;225.7;192.5;23.6;2.7;6.9;0.52;0.4;0.1;0.14;0.48;0.51;0.101;31.4;4.92;2.29;1.56;0.25;0.9;3.05;103.3;90.8;4.6;1.8;6.1;0.31;0.08;0.05;0.07
9;0;0;50;50;15.95;2.71;7.58;1.39;1.29;0.144;67.8;8.93;4.49;2.65;0.45;1.52;4.02;223.4;189.5;22.9;3;8;0.52;0.51;0.12;0.15;0.69;0.69;0.102;32.2;6.58;3.13;2.08;0.35;1.2;3.57;106;92;4.4;2.4;7.1;0.42;0.1;0.07;0.1
9;0;0;50;100;15.96;3.15;8.98;1.49;1.53;0.158;66.6;9.65;4.89;2.9;0.48;1.6;4.83;221.8;186.7;22.3;3.2;9.7;0.5;0.74;0.12;0.17;0.95;0.91;0.105;33.4;8.51;4.01;2.64;0.48;1.55;4.16;111.1;93.2;6.5;3.1;8.3;0.55;0.15;0.09;0.12
9;0;0;100;0;18.02;2.58;7.49;1.26;1.26;0.138;75.1;9.11;4.44;2.78;0.48;1.49;4.04;227.2;188.9;27.3;3;8.1;0.52;0.47;0.11;0.16;0.61;0.61;0.102;24.9;5.9;2.75;1.93;0.28;1.09;3.45;75.2;61.7;4.4;2.2;6.9;0.39;0.08;0.07;0.08
9;0;0;100;50;18.52;3.23;9.2;1.48;1.43;0.141;73.9;10.09;5.04;3.04;0.51;1.69;4.97;224.2;184;26.9;3.4;9.9;0.52;0.61;0.13;0.17;0.84;0.89;0.103;26.1;8.59;4;2.73;0.46;1.54;4.23;79;63;4.4;3.1;8.5;0.58;0.1;0.09;0.12
9;0;0;100;100;18.77;3.77;10.94;1.78;1.77;0.156;72.2;11.31;5.65;3.39;0.59;1.84;5.8;220.8;179.1;26.4;3.7;11.6;0.52;0.93;0.13;0.19;1.14;1.14;0.105;27.8;10.74;4.96;3.42;0.65;1.93;5.14;84.9;64.4;6.4;3.9;10.3;0.72;0.14;0.11;0.16
9;0;50;0;0;13.71;2;5.74;1.25;1.24;0.14;62.7;8.84;4.32;2.67;0.45;1.44;3.08;221.5;191.9;20.5;2.9;6.2;0.54;0.44;0.11;0.15;0.33;0.34;0.098;37.3;3.14;1.49;0.93;0.2;0.57;2.66;131.5;121.4;3.6;1.1;5.3;0.18;0.07;0.03;0.05
9;0;50;0;50;13.59;2.25;6.36;1.5;1.5;0.154;62.1;9.75;4.93;2.89;0.48;1.62;3.33;219.2;189.4;19.9;3.2;6.7;0.55;0.67;0.12;0.17;0.38;0.4;0.107;37.9;3.5;1.68;1.1;0.19;0.63;3.02;133.6;122.9;3.4;1.3;6;0.19;0.12;0.04;0.05
9;0;50;0;100;13.1;2.41;6.66;1.67;1.68;0.164;61.4;10.24;5.22;2.96;0.48;1.74;3.53;217.3;188;18.7;3.5;7.1;0.54;0.84;0.13;0.16;0.5;0.47;0.115;38.6;3.96;1.91;1.19;0.2;0.67;3.13;136.6;123.6;5.4;1.3;6.3;0.2;0.17;0.04;0.06
9;0;50;50;0;15.95;2.58;7.27;1.47;1.39;0.136;67.7;10.13;5.05;2.98;0.53;1.7;3.92;221.4;185.8;24.4;3.4;7.8;0.54;0.55;0.12;0.18;0.49;0.49;0.102;32.3;4.7;2.24;1.48;0.25;0.88;3.35;105.4;93.6;3.3;1.8;6.7;0.31;0.07;0.04;0.07
9;0;50;50;50;16.29;3.08;8.77;1.68;1.7;0.151;66.5;11.26;5.57;3.35;0.6;1.89;4.63;217.7;180.7;24;3.8;9.3;0.52;0.85;0.14;0.19;0.69;0.72;0.106;33.5;6.67;3.15;2.1;0.36;1.2;4.14;109.7;95.7;3.3;2.4;8.3;0.44;0.11;0.07;0.09
9;0;50;50;100;16.24;3.38;9.87;1.96;1.94;0.168;66.6;11.57;5.9;3.36;0.59;1.86;5.29;227.5;178.4;34.9;3.7;10.6;0.49;1.12;0.14;0.19;0.95;0.94;0.109;33.4;8.59;4.09;2.67;0.46;1.52;4.58;113.7;96.6;4.9;3;9.2;0.57;0.16;0.09;0.12
9;0;50;100;0;18.3;2.94;8.47;1.57;1.57;0.139;74;11.26;5.57;3.35;0.57;1.9;4.51;221;179.9;28.2;3.8;9;0.51;0.73;0.14;0.19;0.56;0.62;0.102;26;6;2.77;1.91;0.31;1.04;3.97;77.4;64.1;3.3;2.1;7.9;0.41;0.07;0.06;0.09
9;0;50;100;50;18.68;3.63;10.44;1.91;1.95;0.155;74;12.55;6.26;3.75;0.62;2.02;5.67;232.3;174.9;42;4;11.3;0.52;1.07;0.14;0.22;0.92;0.93;0.105;26;8.72;4.18;2.7;0.47;1.61;4.78;81.4;65.5;3.1;3.2;9.6;0.6;0.11;0.1;0.13
9;0;50;100;100;18.88;4.04;11.78;2.28;2.25;0.167;72.5;13.45;6.84;3.87;0.69;2.2;6.3;227.7;169.5;41.3;4.4;12.6;0.49;1.38;0.16;0.22;1.18;1.15;0.107;27.5;10.7;4.98;3.38;0.57;1.84;5.48;86.3;67;4.7;3.7;11;0.75;0.15;0.1;0.16
9;0;100;0;0;13.7;2.35;6.74;1.61;1.6;0.146;62.7;10.89;5.45;3.23;0.56;1.81;3.69;227.4;184.5;31.9;3.6;7.4;0.54;0.73;0.13;0.19;0.32;0.33;0.099;37.3;3;1.42;0.97;0.18;0.54;3.05;135.1;125.5;2.4;1.1;6.1;0.18;0.07;0.03;0.04
9;0;100;0;50;13.39;2.38;6.96;1.87;1.83;0.163;62.2;11.24;5.69;3.25;0.57;1.79;3.77;224.8;183;30.7;3.6;7.5;0.53;0.97;0.13;0.2;0.4;0.39;0.107;37.8;3.4;1.63;1.07;0.2;0.59;3.19;136.3;126.3;2.4;1.2;6.4;0.2;0.11;0.03;0.05
9;0;100;0;100;12.78;2.51;7.19;2.01;2.09;0.18;61.5;11.61;5.95;3.35;0.57;1.85;3.88;221.8;181.9;28.5;3.7;7.8;0.53;1.24;0.12;0.19;0.46;0.46;0.118;38.5;3.69;1.77;1.1;0.19;0.66;3.31;138.6;127;3.7;1.3;6.6;0.21;0.16;0.04;0.05
9;0;100;50;0;16.03;2.93;8.2;1.91;1.85;0.15;67.7;12.29;6.18;3.67;0.61;2.06;4.4;228;177.3;37.7;4.1;8.8;0.52;0.96;0.15;0.21;0.53;0.52;0.105;32.3;4.87;2.37;1.46;0.26;0.87;3.8;108.7;97.1;2.3;1.7;7.6;0.33;0.07;0.05;0.07
9;0;100;50;50;16.44;3.31;9.55;2.11;2.13;0.161;66.8;13.17;6.65;3.83;0.64;2.12;5.17;225.6;173.5;37.5;4.2;10.3;0.52;1.23;0.16;0.22;0.7;0.72;0.107;33.2;6.62;3.06;2.13;0.34;1.19;4.37;112.1;98.6;2.4;2.4;8.7;0.45;0.1;0.07;0.1
9;0;100;50;100;16.39;3.72;10.7;2.53;2.51;0.18;65.4;13.94;7.21;4.04;0.67;2.21;5.76;220.9;168.7;36.3;4.4;11.5;0.5;1.62;0.17;0.23;0.98;0.94;0.11;34.6;8.44;3.97;2.64;0.48;1.5;4.94;116.9;100.6;3.4;3;9.9;0.58;0.14;0.09;0.12
9;0;100;100;0;18.86;3.34;9.73;2.06;2.07;0.148;74;14.01;6.94;4.14;0.72;2.3;5.24;229.5;169.7;44.7;4.6;10.5;0.49;1.18;0.17;0.23;0.63;0.63;0.105;26;5.96;2.81;1.93;0.31;1.04;4.49;80.3;66.9;2.3;2.1;9;0.41;0.07;0.06;0.09
9;0;100;100;50;19.32;4.08;11.61;2.38;2.41;0.16;72.6;15.06;7.57;4.5;0.76;2.46;6.25;225.4;163.8;44.2;4.9;12.5;0.47;1.5;0.18;0.26;0.94;0.96;0.106;27.4;8.91;4.29;2.8;0.46;1.62;5.36;84.9;68.6;2.3;3.2;10.7;0.63;0.1;0.1;0.13
9;0;100;100;100;19.24;4.54;12.97;2.86;2.9;0.18;71.1;16.08;8.2;4.66;0.82;2.54;6.93;220.2;158.4;42.9;5.1;13.9;0.47;1.97;0.19;0.27;1.18;1.2;0.108;28.9;11.02;5.23;3.39;0.6;2;6.04;89.4;70.1;3.3;4;12.1;0.79;0.14;0.11;0.16
9;50;0;0;0;15.53;2.35;6.95;1.65;1.63;0.154;58;10.56;5.21;3.19;0.54;1.69;3.72;181.6;151.2;19.6;3.4;7.4;1;0.34;0.12;0.18;0.39;0.4;0.101;42;3.72;1.75;1.16;0.22;0.66;3.23;131.6;116.2;7.6;1.3;6.5;0.17;0.13;0.04;0.06
9;50;0;0;50;15.18;2.58;7.32;1.77;1.73;0.157;58;11.03;5.56;3.21;0.55;1.81;4;181.6;151.4;18.6;3.6;8;1.01;0.4;0.13;0.18;0.43;0.46;0.103;42;4.28;1.96;1.38;0.23;0.77;3.33;131.6;116.1;7.4;1.5;6.7;0.18;0.17;0.05;0.06
9;50;0;0;100;14.97;2.69;7.84;1.8;1.83;0.163;57.1;11.23;5.63;3.29;0.56;1.8;4.24;181.7;152.1;17.5;3.6;8.5;1;0.51;0.13;0.19;0.6;0.61;0.118;42.9;5.12;2.44;1.65;0.24;0.89;3.6;136.3;115.5;11.8;1.8;7.2;0.19;0.3;0.05;0.07
9;50;0;50;0;17.7;2.79;8.2;1.71;1.7;0.152;63.5;11.24;5.56;3.46;0.56;1.81;4.38;183.7;148;23.3;3.6;8.8;0.98;0.4;0.13;0.19;0.55;0.55;0.102;36.5;5.28;2.46;1.69;0.29;0.97;3.82;105.7;88.8;7.3;1.9;7.6;0.3;0.13;0.05;0.07
9;50;0;50;50;17.65;3.12;9.19;1.82;1.8;0.153;62.8;11.74;5.79;3.51;0.62;1.87;4.92;182.8;146.7;22.4;3.7;9.8;0.97;0.49;0.14;0.2;0.77;0.75;0.103;37.2;7.14;3.39;2.24;0.37;1.25;4.27;108;89.5;7.4;2.5;8.5;0.41;0.16;0.07;0.11
9;50;0;50;100;17.64;3.79;10.72;2.06;2.06;0.164;61.3;12.61;6.48;3.64;0.61;2.11;5.72;182.1;144.7;21.7;4.2;11.4;0.97;0.73;0.16;0.21;0.99;1.05;0.111;38.7;9.37;4.4;2.96;0.52;1.67;4.99;114.9;90.7;10.9;3.3;10;0.54;0.28;0.1;0.13
9;50;0;100;0;19.48;3.07;8.91;1.69;1.78;0.15;70.4;11.89;5.79;3.61;0.61;1.9;4.82;185.6;145.5;26.7;3.8;9.6;0.98;0.45;0.15;0.2;0.6;0.66;0.103;29.6;6.29;2.97;1.99;0.34;1.17;4.09;78;60.3;7.2;2.3;8.2;0.38;0.12;0.07;0.09
9;50;0;100;50;20.04;3.73;10.98;1.91;1.91;0.149;69;12.79;6.38;3.76;0.69;2.09;5.88;183.7;141.4;26.4;4.2;11.8;0.92;0.61;0.15;0.23;0.93;0.97;0.103;31;9.32;4.33;3.02;0.49;1.64;5.1;82.5;61.8;7.2;3.3;10.2;0.57;0.16;0.09;0.14
9;50;0;100;100;20.04;4.32;12.5;2.13;2.22;0.162;67.4;13.75;6.91;4.02;0.75;2.24;6.72;183.3;140;25.4;4.5;13.4;0.93;0.89;0.16;0.24;1.26;1.28;0.109;32.6;11.63;5.52;3.6;0.63;2.08;5.77;88.7;62.3;10.7;4.2;11.5;0.71;0.28;0.12;0.17
9;50;50;0;0;15.6;2.91;8.41;2.17;2.17;0.156;57.9;13.95;7.06;4.08;0.7;2.31;4.53;183.1;149.5;20;4.6;9.1;1.34;0.43;0.17;0.23;0.4;0.4;0.103;42.1;3.65;1.7;1.14;0.2;0.6;3.88;132.9;117.5;6.5;1.2;7.8;0.17;0.14;0.03;0.06
9;50;50;0;50;15.03;3.02;8.86;2.42;2.36;0.164;57.5;14.45;7.22;4.23;0.75;2.24;4.74;181.5;148.8;18.7;4.5;9.5;1.34;0.61;0.17;0.24;0.47;0.51;0.113;42.5;4.3;2.05;1.33;0.22;0.78;4.12;134;117.9;6.3;1.6;8.2;0.19;0.21;0.04;0.06
9;50;50;0;100;14.98;3.22;9.43;2.56;2.53;0.169;56.6;14.95;7.5;4.46;0.75;2.33;5.05;181;148.2;18.1;4.7;10.1;1.31;0.8;0.17;0.25;0.65;0.65;0.126;43.4;5.02;2.42;1.55;0.28;0.89;4.38;138.8;118.4;9.8;1.8;8.8;0.19;0.33;0.05;0.07
9;50;50;50;0;17.77;3.3;9.77;2.27;2.24;0.151;63;14.79;7.43;4.38;0.71;2.38;5.29;183.6;144.8;23.5;4.8;10.6;1.28;0.53;0.17;0.26;0.6;0.59;0.104;37;5.52;2.51;1.77;0.28;0.92;4.48;107.8;90.6;6.5;1.8;9;0.31;0.15;0.05;0.08
9;50;50;50;50;17.96;3.99;11.17;2.45;2.53;0.161;62.1;15.74;8.04;4.61;0.76;2.67;5.97;182.7;142.5;23;5.3;11.9;1.27;0.81;0.19;0.26;0.82;0.82;0.11;37.9;7.37;3.52;2.32;0.36;1.32;5.2;111.2;91.9;6.3;2.6;10.4;0.42;0.22;0.08;0.11
9;50;50;50;100;17.6;4.32;12.33;2.78;2.78;0.172;62.1;16.21;8.34;4.63;0.8;2.63;6.6;191.8;140.4;33;5.3;13.2;1.24;1.08;0.19;0.27;1.13;1.11;0.115;37.9;9.6;4.56;3.01;0.54;1.69;5.73;117.1;93;9.2;3.4;11.5;0.56;0.31;0.1;0.14
9;50;50;100;0;19.94;3.76;10.92;2.43;2.42;0.152;69.3;15.93;7.89;4.76;0.8;2.61;5.75;183.9;139.7;27.5;5.2;11.5;1.24;0.71;0.2;0.27;0.7;0.68;0.104;30.7;6.45;3.06;2.02;0.36;1.15;5.17;81.2;62.4;6.1;2.3;10.3;0.39;0.13;0.07;0.09
9;50;50;100;50;20.48;4.48;12.7;2.74;2.76;0.162;69.8;16.97;8.55;4.96;0.86;2.75;6.8;196.4;136.4;41;5.5;13.6;1.21;1.06;0.21;0.27;1;1.03;0.109;30.2;9.39;4.55;2.89;0.49;1.73;5.9;84.9;63.6;6;3.5;11.8;0.58;0.21;0.1;0.14
9;50;50;100;100;20.2;5.02;14.08;2.96;3.02;0.171;68.3;17.66;8.97;5.2;0.85;2.85;7.62;194.5;134.2;39.4;5.7;15.2;1.19;1.32;0.22;0.29;1.32;1.31;0.112;31.7;11.64;5.57;3.56;0.63;2.17;6.46;90.3;64.4;8.6;4.3;12.9;0.73;0.28;0.13;0.17
9;50;100;0;0;15.79;3.55;10.09;2.83;2.8;0.16;58.6;17.48;8.73;5.16;0.89;2.85;5.48;193;145.8;30.6;5.7;11;1.61;0.69;0.21;0.3;0.45;0.46;0.115;41.4;3.81;1.83;1.19;0.19;0.7;4.6;136.4;120.1;5.7;1.4;9.2;0.18;0.19;0.04;0.05
9;50;100;0;50;15.17;3.61;10.48;3.1;3.09;0.17;58;18.18;9.22;5.3;0.94;2.86;5.73;191.9;145.8;28.9;5.7;11.5;1.65;0.91;0.22;0.31;0.59;0.55;0.123;42;4.29;2.1;1.33;0.19;0.75;4.74;139.1;120.1;8;1.5;9.5;0.19;0.26;0.04;0.06
9;50;100;0;100;14.8;3.75;10.73;3.27;3.29;0.18;57.5;18.29;9.35;5.3;0.89;2.88;5.82;189.9;145.1;27.4;5.8;11.6;1.6;1.17;0.21;0.3;0.73;0.68;0.135;42.5;4.86;2.46;1.43;0.27;0.88;4.91;140.4;120.6;8.2;1.8;9.8;0.2;0.37;0.05;0.07
9;50;100;50;0;17.94;4.1;11.5;3.05;3.05;0.161;63.8;18.91;9.54;5.48;0.96;3.12;6.26;195.4;140.2;36.4;6.2;12.5;1.56;0.93;0.24;0.32;0.63;0.63;0.112;36.2;5.47;2.6;1.72;0.29;0.97;5.24;110.7;93.1;5.2;1.9;10.5;0.31;0.18;0.06;0.08
9;50;100;50;50;18.19;4.45;12.8;3.26;3.27;0.168;62.4;19.51;9.88;5.68;1.01;3.15;6.92;193.3;137.6;35.6;6.3;13.8;1.54;1.18;0.22;0.33;0.86;0.87;0.115;37.6;7.42;3.51;2.33;0.41;1.3;5.87;116.6;94.6;7.7;2.6;11.7;0.43;0.25;0.08;0.11
9;50;100;50;100;18;4.84;13.77;3.65;3.59;0.18;61.4;19.93;10.35;5.73;0.97;3.23;7.39;190.6;135.1;34.3;6.5;14.8;1.5;1.53;0.24;0.32;1.13;1.1;0.118;38.6;9.24;4.38;2.8;0.54;1.61;6.38;119.5;95.9;7.5;3.2;12.8;0.56;0.33;0.09;0.12
9;50;100;100;0;20.5;4.47;12.7;3.19;3.18;0.159;70.3;20.05;10.08;5.91;1.01;3.28;6.87;197.8;134.7;42.8;6.6;13.7;1.49;1.11;0.25;0.34;0.76;0.75;0.111;29.7;6.64;3.17;2.08;0.38;1.18;5.83;83.5;64.2;5.2;2.4;11.7;0.4;0.18;0.07;0.1
9;50;100;100;50;20.71;5.03;14.7;3.54;3.49;0.166;68.3;21;10.68;6.12;1.06;3.38;7.83;194.8;130.4;42;6.8;15.7;1.47;1.43;0.24;0.35;1.05;1.08;0.112;31.7;9.54;4.5;3;0.52;1.65;6.87;90.2;65.8;7.3;3.3;13.7;0.61;0.24;0.1;0.14
9;50;100;100;100;20.85;5.58;15.79;4.03;3.95;0.18;67.4;21.92;11.39;6.27;1.03;3.5;8.56;192.3;126.7;41.5;7;17.1;1.42;1.91;0.26;0.35;1.37;1.35;0.115;32.6;11.68;5.66;3.53;0.62;2.08;7.24;92.9;67.2;7.1;4.2;14.5;0.75;0.32;0.12;0.16
9;100;0;0;0;17.3;2.95;8.3;2.14;2.12;0.16;50.3;13.21;6.78;3.86;0.61;2.15;4.48;135.2;102.7;19.2;4.3;9;1.4;0.33;0.16;0.23;0.45;0.46;0.103;49.7;4.27;2.02;1.33;0.23;0.79;3.82;133.7;113.9;10.6;1.6;7.6;0.16;0.18;0.05;0.06
9;100;0;0;50;17.18;3.1;8.81;2.28;2.17;0.162;50.3;13.39;6.86;3.77;0.66;2.17;4.67;135.5;103.6;18.1;4.3;9.3;1.41;0.38;0.16;0.22;0.57;0.59;0.11;49.7;5.28;2.52;1.63;0.27;0.93;4.14;134;112.9;11;1.9;8.3;0.17;0.29;0.06;0.08
9;100;0;0;100;16.77;3.39;9.54;2.37;2.32;0.166;49.3;13.99;7.12;3.99;0.7;2.27;5.12;136.2;104.3;17.1;4.5;10.2;1.41;0.51;0.17;0.24;0.74;0.79;0.123;50.7;6.37;3;2.02;0.35;1.11;4.42;139.8;112.2;16.6;2.2;8.8;0.19;0.44;0.07;0.09
9;100;0;50;0;19.29;3.3;9.5;2.13;2.17;0.158;56.1;13.73;6.91;4.06;0.69;2.26;5.12;138.3;101;22.5;4.5;10.2;1.39;0.38;0.17;0.23;0.6;0.62;0.103;43.9;5.88;2.75;1.8;0.34;1.05;4.39;108.2;86.8;10.5;2.1;8.8;0.29;0.19;0.06;0.08
9;100;0;50;50;19.16;3.79;10.72;2.29;2.25;0.159;55.6;14.15;7.13;4.18;0.72;2.3;5.79;138.4;100.7;21.6;4.6;11.6;1.37;0.47;0.17;0.24;0.87;0.88;0.107;44.4;8.07;3.84;2.51;0.44;1.49;4.93;110.3;87.1;10.4;3;9.9;0.4;0.27;0.08;0.11
9;100;0;50;100;19.35;4.11;12.16;2.47;2.45;0.167;53.9;14.73;7.46;4.28;0.8;2.32;6.48;138.4;99.9;20.9;4.6;13;1.34;0.7;0.17;0.25;1.22;1.19;0.114;46.1;10.37;4.88;3.24;0.56;1.8;5.68;118.4;87.7;15.7;3.6;11.4;0.52;0.41;0.11;0.15
9;100;0;100;0;21.3;3.63;10.16;2.16;2.2;0.155;63.4;14.21;7.15;4.23;0.71;2.41;5.36;140.9;99;26.3;4.8;10.7;1.34;0.45;0.17;0.23;0.74;0.71;0.104;36.6;6.76;3.23;2.11;0.33;1.22;4.8;81.4;59.1;10.3;2.4;9.6;0.36;0.18;0.08;0.1
9;100;0;100;50;21.48;4.22;12.33;2.43;2.36;0.155;62.3;15.22;7.69;4.52;0.72;2.43;6.66;141;97.3;25.6;4.9;13.3;1.32;0.6;0.18;0.26;1.09;1.08;0.107;37.7;10.05;4.71;3.17;0.54;1.79;5.67;85.1;60.1;10.1;3.6;11.3;0.56;0.26;0.11;0.14
9;100;0;100;100;21.45;4.82;13.87;2.7;2.62;0.165;60.2;15.93;8.19;4.58;0.8;2.6;7.43;140.9;96.1;24.8;5.2;14.9;1.29;0.87;0.19;0.26;1.31;1.39;0.112;39.8;12.4;5.87;3.95;0.64;2.22;6.44;93.1;60.7;15;4.4;12.9;0.69;0.39;0.13;0.18
9;100;50;0;0;17.48;3.79;10.85;2.97;2.94;0.162;50.8;18.19;9.24;5.32;0.94;2.96;5.89;139.7;103;19;5.9;11.8;2;0.42;0.21;0.31;0.51;0.52;0.108;49.2;4.69;2.26;1.42;0.24;0.83;4.96;135.1;113.6;9.9;1.7;9.9;0.17;0.23;0.05;0.07
9;100;50;0;50;17.37;4.07;11.37;3.15;3.12;0.168;49.7;18.64;9.51;5.37;0.94;3.05;6.09;139.4;102.9;18.2;6.1;12.2;1.99;0.6;0.22;0.31;0.66;0.71;0.125;50.3;5.53;2.72;1.69;0.28;1.02;5.28;141.2;113.7;14.9;2;10.6;0.18;0.38;0.07;0.08
9;100;50;0;100;16.83;4.26;11.96;3.34;3.36;0.172;49.6;19.51;10.02;5.62;0.97;3.2;6.4;139.3;102.8;17.3;6.4;12.8;2.01;0.78;0.23;0.33;0.84;0.83;0.132;50.4;6.17;3.05;1.81;0.33;1.06;5.56;141.4;113.9;14.3;2.1;11.1;0.19;0.49;0.07;0.08
9;100;50;50;0;19.68;4.09;12.04;3.14;3.01;0.158;56.1;19;9.59;5.58;0.99;3.04;6.49;141.5;99.4;23.1;6.1;13;1.95;0.52;0.22;0.32;0.69;0.66;0.106;43.9;6.08;2.9;1.93;0.31;1.05;5.54;110.8;88.1;9.4;2.1;11.1;0.3;0.21;0.06;0.08
9;100;50;50;50;19.69;4.69;13.43;3.36;3.29;0.165;54.6;19.91;10.19;5.81;1;3.25;7.28;142;98.7;22.2;6.5;14.6;1.92;0.78;0.25;0.34;1.01;0.98;0.117;45.4;8.29;3.91;2.6;0.46;1.44;6.15;118.1;88.7;14.2;2.9;12.3;0.41;0.37;0.08;0.12
9;100;50;50;100;19.72;5.05;14.65;3.57;3.54;0.174;55.7;20.39;10.4;5.92;1;3.23;7.84;152;97.4;32.5;6.5;15.7;1.89;1.07;0.24;0.34;1.2;1.26;0.119;44.3;10.45;5;3.19;0.56;1.82;6.81;120.8;89.8;13.7;3.6;13.6;0.53;0.47;0.11;0.15
9;100;50;100;0;21.64;4.55;12.88;3.27;3.16;0.158;63;20.04;10.23;5.87;0.98;3.29;6.91;143.3;96.2;26.7;6.6;13.8;1.88;0.7;0.24;0.34;0.74;0.76;0.106;37;7.02;3.29;2.23;0.34;1.26;5.97;84.2;60.7;9;2.5;11.9;0.38;0.2;0.08;0.1
9;100;50;100;50;21.97;5.25;14.85;3.55;3.48;0.166;63;20.91;10.73;6.05;1.02;3.39;7.93;157;94.8;39.5;6.8;15.9;1.86;1.02;0.25;0.35;1.14;1.16;0.114;37;10.1;4.88;3.12;0.52;1.86;6.92;92.3;61.4;13.4;3.7;13.8;0.56;0.34;0.11;0.15
9;100;50;100;100;21.86;5.69;16.38;3.62;3.7;0.173;62.1;21.47;10.89;6.19;1.15;3.44;8.78;156;93.7;37.9;6.9;17.6;1.82;1.27;0.24;0.37;1.47;1.48;0.116;37.9;12.65;6.13;3.9;0.67;2.25;7.6;95.1;62.1;13.3;4.5;15.2;0.71;0.46;0.14;0.18
9;100;100;0;0;17.36;4.45;12.62;3.58;3.61;0.165;52;21.88;11.22;6.32;1.1;3.59;6.67;150.1;100.6;28.9;7.2;13.3;2.32;0.66;0.26;0.37;0.58;0.6;0.121;48;4.81;2.32;1.5;0.26;0.86;5.94;138.4;116.3;8.5;1.7;11.9;0.18;0.3;0.05;0.07
9;100;100;0;50;17.39;4.51;13.05;3.9;3.87;0.172;51.2;22.49;11.36;6.66;1.15;3.59;6.94;149.9;100.6;28.2;7.2;13.9;2.33;0.9;0.26;0.38;0.71;0.73;0.134;48.8;5.36;2.63;1.61;0.3;0.92;6.11;143.1;116.2;12.9;1.8;12.2;0.18;0.43;0.06;0.07
9;100;100;0;100;16.88;4.71;13.4;4.18;4.1;0.18;51.1;22.77;11.85;6.51;1.05;3.59;7.18;149.3;101.5;26.3;7.2;14.4;2.34;1.13;0.26;0.37;0.94;0.94;0.148;48.9;6.26;3.16;1.83;0.3;1.12;6.22;143;115.3;13.1;2.2;12.4;0.19;0.6;0.06;0.09
9;100;100;50;0;19.85;4.9;13.78;3.83;3.81;0.165;57.8;23.04;11.71;6.74;1.18;3.73;7.5;155;97.1;35.4;7.5;15;2.24;0.89;0.29;0.39;0.72;0.75;0.117;42.2;6.33;3.1;1.92;0.34;1.17;6.28;113.3;90;8.4;2.3;12.6;0.3;0.29;0.07;0.09
9;100;100;50;50;19.65;5.4;15.05;4.17;4.01;0.171;56.4;23.54;12.2;6.79;1.09;3.88;8.14;154.4;96.6;33.8;7.8;16.3;2.25;1.11;0.27;0.38;1.05;1.05;0.123;43.6;8.43;4.12;2.54;0.43;1.52;6.91;119.5;90.4;12.2;3;13.8;0.42;0.42;0.09;0.12
9;100;100;50;100;19.87;5.62;16.18;4.45;4.32;0.18;55.5;24;12.38;6.85;1.22;3.78;8.69;153;94.7;33.3;7.6;17.4;2.18;1.48;0.28;0.39;1.32;1.35;0.128;44.5;10.46;5.11;3.19;0.56;1.84;7.49;122.9;92;12.3;3.7;15;0.54;0.55;0.11;0.15
9;100;100;100;0;22.19;5.16;14.84;3.98;3.93;0.163;64.3;24.18;12.16;7.15;1.16;3.85;7.87;157.6;92.3;41.8;7.7;15.7;2.13;1.1;0.28;0.42;0.85;0.85;0.115;35.7;7.34;3.49;2.29;0.39;1.31;6.96;87.3;62.8;7.9;2.6;13.9;0.39;0.27;0.08;0.11
9;100;100;100;50;22.26;5.86;16.77;4.11;4.21;0.169;62.6;24.94;12.59;7.25;1.28;4.04;9.07;158;91.2;40.5;8.1;18.1;2.11;1.38;0.3;0.42;1.28;1.25;0.118;37.4;10.49;5.08;3.21;0.58;1.82;7.7;94.2;63.4;11.7;3.6;15.4;0.59;0.4;0.11;0.15
9;100;100;100;100;22.41;6.26;18.01;4.67;4.59;0.18;61.4;25.5;13.29;7.12;1.31;4.04;9.48;155.6;88.4;40.1;8.1;19;2.04;1.84;0.3;0.42;1.53;1.55;0.121;38.6;12.66;6.07;3.93;0.67;2.21;8.53;97.7;65;11.3;4.4;17.1;0.73;0.51;0.13;0.18
10;0;0;0;0;13.96;1.87;5.22;1.12;1.17;0.147;65;7.89;3.81;2.37;0.44;1.32;2.82;229.9;200.6;21;2.6;5.6;0.58;0.36;0.1;0.13;0.33;0.31;0.095;35;2.97;1.39;0.96;0.17;0.54;2.4;123.6;113.9;3.8;1.1;4.8;0.17;0.07;0.03;0.04
10;0;0;0;50;13.8;1.97;5.56;1.31;1.27;0.151;64.8;8.41;4.28;2.43;0.41;1.4;3.04;228.9;199.5;20.6;2.8;6.1;0.59;0.43;0.11;0.14;0.36;0.34;0.097;35.2;3.25;1.53;1;0.18;0.57;2.51;124.4;114.5;3.8;1.1;5;0.18;0.08;0.03;0.05
10;0;0;0;100;13.06;2.07;5.89;1.39;1.39;0.159;63.9;8.77;4.4;2.54;0.45;1.39;3.2;226.4;198.1;19.1;2.8;6.4;0.56;0.57;0.11;0.15;0.38;0.39;0.104;36.1;3.57;1.71;1.09;0.2;0.68;2.69;127.6;115.2;5.6;1.4;5.4;0.19;0.12;0.04;0.05
10;0;0;50;0;15.91;2.24;6.38;1.25;1.26;0.145;70.3;8.67;4.22;2.62;0.42;1.43;3.48;231.2;196.8;24.6;2.9;7;0.58;0.42;0.1;0.15;0.44;0.47;0.101;29.7;4.46;2.13;1.36;0.25;0.81;2.9;97.8;86.7;3.6;1.6;5.8;0.29;0.06;0.05;0.07
10;0;0;50;50;15.99;2.62;7.44;1.38;1.36;0.146;69.3;9.27;4.57;2.82;0.44;1.52;4.08;228.2;192.9;24.1;3;8.2;0.53;0.54;0.12;0.16;0.64;0.63;0.102;30.7;6.03;2.84;1.9;0.35;1.1;3.36;100.8;88.2;3.6;2.2;6.7;0.4;0.08;0.06;0.09
10;0;0;50;100;15.94;3.13;8.77;1.58;1.62;0.161;68;10.05;5.05;2.92;0.51;1.67;4.73;225.3;189.3;23.2;3.3;9.5;0.55;0.77;0.12;0.18;0.84;0.86;0.105;32;8.07;3.81;2.48;0.43;1.46;4.04;105.8;89.6;5.2;2.9;8.1;0.54;0.12;0.09;0.11
10;0;0;100;0;18.18;2.57;7.26;1.3;1.34;0.141;76.5;9.46;4.62;2.91;0.45;1.57;3.94;231.7;192.3;28.3;3.1;7.9;0.57;0.49;0.11;0.16;0.54;0.55;0.1;23.5;5.3;2.57;1.6;0.27;0.99;3.31;71.2;59;3.6;2;6.6;0.36;0.06;0.05;0.07
10;0;0;100;50;18.37;3.2;9.07;1.57;1.5;0.144;75.3;10.42;5.26;3.1;0.52;1.76;4.91;228.6;187.3;28;3.5;9.8;0.55;0.64;0.13;0.18;0.81;0.83;0.103;24.7;8.02;3.77;2.53;0.41;1.44;4.17;74.9;60.2;3.5;2.9;8.3;0.55;0.07;0.09;0.12
10;0;0;100;100;18.41;3.77;10.7;1.79;1.84;0.159;73.7;11.55;5.8;3.45;0.59;1.9;5.81;225.2;182.7;27.1;3.8;11.6;0.55;0.95;0.14;0.2;1.07;1.09;0.105;26.3;10.27;4.82;3.19;0.54;1.88;4.89;80;61.4;5;3.8;9.8;0.71;0.12;0.11;0.15
10;0;50;0;0;13.85;2.05;5.93;1.36;1.33;0.142;64.1;9.33;4.59;2.81;0.5;1.54;3.19;225.7;194.7;21.5;3.1;6.4;0.58;0.47;0.11;0.17;0.29;0.3;0.094;35.9;2.85;1.32;0.91;0.14;0.51;2.73;126.1;116.9;2.7;1;5.5;0.18;0.06;0.03;0.04
10;0;50;0;50;13.64;2.2;6.46;1.5;1.57;0.156;63.7;10.02;4.99;2.96;0.5;1.61;3.49;224;192.9;20.9;3.2;7;0.58;0.69;0.12;0.17;0.33;0.36;0.103;36.3;3.27;1.54;1.04;0.17;0.59;2.97;127.7;117.9;2.8;1.2;5.9;0.19;0.09;0.03;0.05
10;0;50;0;100;13.05;2.39;6.62;1.76;1.73;0.167;63.1;10.41;5.35;3.03;0.49;1.73;3.61;222.2;191.8;19.6;3.5;7.2;0.58;0.86;0.13;0.17;0.41;0.42;0.11;36.9;3.61;1.74;1.12;0.16;0.66;3.01;129.9;118.4;4.1;1.3;6;0.2;0.13;0.04;0.05
10;0;50;50;0;16.34;2.48;7.37;1.52;1.45;0.139;69;10.48;5.13;3.18;0.59;1.68;3.93;225.7;188.7;25.8;3.4;7.9;0.56;0.58;0.13;0.18;0.49;0.46;0.101;31;4.46;2.09;1.44;0.22;0.79;3.44;101;89.8;2.7;1.6;6.9;0.3;0.06;0.04;0.06
10;0;50;50;50;16.36;3;8.57;1.86;1.77;0.153;68.1;11.56;5.82;3.37;0.61;1.91;4.66;222.8;184.6;25.1;3.8;9.3;0.56;0.87;0.14;0.2;0.62;0.65;0.105;31.9;6.09;2.86;1.93;0.32;1.09;3.92;104.1;91.4;2.6;2.2;7.8;0.41;0.09;0.06;0.09
10;0;50;50;100;16.23;3.5;9.6;2.08;2.06;0.17;67.8;12.09;6.19;3.46;0.59;2;5.2;230.3;179.6;36.3;4;10.4;0.52;1.19;0.15;0.2;0.84;0.87;0.107;32.2;8.04;3.77;2.5;0.42;1.49;4.4;109;93.3;3.9;3;8.8;0.56;0.12;0.09;0.1
10;0;50;100;0;18.48;2.98;8.46;1.74;1.67;0.141;75.3;11.82;5.93;3.5;0.58;1.94;4.59;225.5;183.1;29.4;3.9;9.2;0.55;0.77;0.15;0.2;0.55;0.57;0.101;24.7;5.51;2.57;1.74;0.31;1.04;3.87;73.8;61.3;2.6;2.1;7.7;0.38;0.06;0.05;0.08
10;0;50;100;50;19.01;3.7;10.27;2.05;2.05;0.157;75.1;13.04;6.55;3.88;0.65;2.19;5.58;235.7;175.9;44.3;4.4;11.2;0.51;1.15;0.16;0.22;0.88;0.86;0.104;24.9;8.13;3.87;2.53;0.45;1.51;4.7;78;63.2;2.5;3;9.4;0.58;0.08;0.08;0.12
10;0;50;100;100;19.11;4.11;11.7;2.39;2.37;0.169;73.7;13.99;7.29;3.95;0.68;2.34;6.33;231.4;171;43.1;4.7;12.7;0.5;1.46;0.17;0.22;1.04;1.08;0.106;26.3;10.16;4.73;3.24;0.56;1.77;5.37;82.3;64.4;3.6;3.5;10.7;0.72;0.11;0.1;0.15
10;0;100;0;0;13.99;2.38;6.68;1.66;1.66;0.149;64.2;11.12;5.55;3.33;0.55;1.85;3.6;232.4;188;33.5;3.7;7.2;0.59;0.75;0.14;0.19;0.3;0.31;0.098;35.8;2.83;1.36;0.87;0.15;0.53;3.09;129.4;120.4;1.8;1.1;6.2;0.18;0.06;0.03;0.04
10;0;100;0;50;13.52;2.39;7.06;2.02;1.94;0.165;63.5;11.76;6.05;3.45;0.59;1.88;3.81;228.4;185;32;3.8;7.6;0.57;1.03;0.14;0.21;0.34;0.34;0.102;36.5;3.04;1.47;0.9;0.17;0.51;3.25;131.1;121.9;1.7;1;6.5;0.19;0.07;0.03;0.04
10;0;100;0;100;13.26;2.58;7.39;2.26;2.27;0.182;62.8;12.44;6.47;3.56;0.6;1.97;3.99;225.8;182.9;30.9;3.9;8;0.58;1.35;0.14;0.21;0.4;0.4;0.112;37.2;3.36;1.65;1.03;0.17;0.6;3.4;133.5;123;2.6;1.2;6.8;0.21;0.11;0.04;0.05
10;0;100;50;0;16.44;3.02;8.31;1.89;1.94;0.152;69.1;12.71;6.39;3.79;0.64;2.16;4.49;233.1;180.2;39.6;4.3;9;0.56;0.99;0.16;0.22;0.45;0.47;0.102;30.9;4.45;2.15;1.39;0.24;0.86;3.81;104.1;93.1;1.7;1.7;7.6;0.31;0.05;0.05;0.06
10;0;100;50;50;16.48;3.19;9.42;2.22;2.21;0.163;67.9;13.58;6.79;3.97;0.71;2.14;5.08;227.9;174.6;38.8;4.3;10.2;0.52;1.3;0.16;0.24;0.67;0.65;0.105;32.1;6.13;2.84;1.94;0.32;1.04;4.33;107.6;95.2;1.6;2.1;8.7;0.43;0.07;0.06;0.09
10;0;100;50;100;16.64;3.76;10.71;2.63;2.64;0.182;66.6;14.48;7.51;4.17;0.73;2.32;5.78;224.1;170.1;37.9;4.6;11.6;0.52;1.7;0.17;0.24;0.86;0.87;0.108;33.4;7.96;3.83;2.49;0.4;1.45;4.93;112.1;97;2.4;2.9;9.9;0.57;0.11;0.09;0.11
10;0;100;100;0;19.09;3.37;9.85;2.19;2.2;0.15;75.3;14.69;7.29;4.43;0.73;2.4;5.36;234;172.1;46.4;4.8;10.7;0.55;1.22;0.18;0.25;0.57;0.57;0.102;24.7;5.42;2.55;1.71;0.29;0.97;4.49;76.6;64.1;1.6;1.9;9;0.39;0.05;0.06;0.07
10;0;100;100;50;19.27;3.99;11.61;2.55;2.52;0.162;73.9;15.57;7.94;4.61;0.79;2.47;6.34;229.1;166;45.4;4.9;12.7;0.51;1.55;0.19;0.27;0.83;0.87;0.104;26.1;8.29;3.92;2.58;0.44;1.52;5.27;80.7;65.7;1.4;3;10.5;0.61;0.06;0.09;0.12
10;0;100;100;100;19.46;4.43;13;3.05;2.99;0.182;72.3;16.45;8.45;4.8;0.79;2.56;6.96;223.1;159.4;44.7;5.1;13.9;0.48;2.05;0.2;0.27;1.05;1.12;0.106;27.7;10.47;4.89;3.3;0.55;1.87;6.04;85.5;67.4;2.3;3.7;12.1;0.77;0.1;0.11;0.15
10;50;0;0;0;15.68;2.51;6.84;1.7;1.73;0.16;59.6;10.82;5.51;3.13;0.56;1.85;3.7;185.7;154.2;20.4;3.7;7.4;1.08;0.34;0.13;0.19;0.35;0.37;0.098;40.4;3.54;1.64;1.13;0.19;0.66;3.15;126;111.5;6.9;1.3;6.3;0.17;0.12;0.04;0.05
10;50;0;0;50;15.15;2.52;7.28;1.79;1.81;0.161;59.4;11.21;5.64;3.26;0.61;1.84;3.93;185;154;19.5;3.7;7.9;1.07;0.42;0.13;0.19;0.39;0.42;0.1;40.6;3.95;1.84;1.27;0.19;0.68;3.34;126.5;111.6;6.8;1.4;6.7;0.17;0.15;0.04;0.06
10;50;0;0;100;14.99;2.71;7.91;1.92;1.96;0.167;58.6;11.74;5.95;3.42;0.59;1.92;4.27;185.2;154.3;18.5;3.8;8.5;1.07;0.55;0.14;0.2;0.57;0.56;0.115;41.4;4.71;2.18;1.49;0.27;0.79;3.63;130.7;111.4;10.4;1.6;7.3;0.19;0.26;0.04;0.06
10;50;0;50;0;17.74;2.83;7.99;1.8;1.79;0.156;65.1;11.44;5.71;3.4;0.59;1.92;4.36;187.9;151.3;24;3.8;8.7;1.05;0.41;0.14;0.19;0.53;0.53;0.102;34.9;5.06;2.38;1.6;0.27;0.91;3.63;100.8;84.9;6.8;1.8;7.3;0.29;0.12;0.05;0.07
10;50;0;50;50;17.53;3.19;9.22;1.92;1.94;0.158;64.4;12.27;6.17;3.68;0.65;1.97;5.03;187;149.7;23.3;3.9;10.1;1.05;0.51;0.15;0.22;0.68;0.7;0.102;35.6;6.7;3.16;2.04;0.36;1.22;4.19;103.1;85.7;6.5;2.4;8.4;0.39;0.15;0.07;0.09
10;50;0;50;100;17.62;3.6;10.46;2.19;2.14;0.168;62.9;12.8;6.45;3.75;0.67;2.05;5.61;185.1;147.1;22.7;4.1;11.2;1.03;0.76;0.15;0.21;0.97;0.97;0.109;37.1;8.77;4.12;2.77;0.43;1.54;4.85;109.3;87.1;9.4;3.1;9.7;0.52;0.24;0.09;0.12
10;50;0;100;0;19.64;3.06;8.69;1.84;1.85;0.154;71.9;12.05;6;3.51;0.57;2.03;4.78;189.8;148.6;27.6;4.1;9.6;1.03;0.47;0.15;0.2;0.58;0.61;0.102;28.1;5.91;2.71;1.94;0.34;1.03;3.92;74.1;57.5;6.6;2.1;7.8;0.36;0.11;0.05;0.09
10;50;0;100;50;19.93;3.71;10.75;2.04;2.04;0.154;70.5;13.31;6.64;3.97;0.69;2.14;5.76;187.5;144.4;27.2;4.3;11.5;1.01;0.64;0.16;0.23;0.93;0.91;0.103;29.5;8.7;4.03;2.76;0.45;1.56;4.99;78.4;58.9;6.3;3.1;10;0.54;0.15;0.09;0.13
10;50;0;100;100;20.04;4.13;12.23;2.42;2.33;0.165;68.7;14.11;7.24;4.08;0.69;2.16;6.66;185.7;141.8;26.3;4.3;13.3;1;0.93;0.16;0.25;1.24;1.2;0.108;31.3;11.02;5.3;3.42;0.55;1.97;5.57;84.5;59.9;9.6;3.9;11.1;0.69;0.24;0.11;0.16
10;50;50;0;0;15.68;2.94;8.42;2.33;2.28;0.16;59.3;14.28;7.21;4.14;0.71;2.3;4.56;186.6;151.9;21;4.6;9.1;1.42;0.46;0.17;0.23;0.4;0.38;0.102;40.7;3.54;1.67;1.14;0.2;0.64;3.86;127.8;113;5.8;1.3;7.7;0.17;0.13;0.03;0.05
10;50;50;0;50;15.4;3.09;8.96;2.49;2.52;0.168;59;15.02;7.64;4.3;0.78;2.39;4.92;185.7;151.1;20;4.8;9.8;1.42;0.67;0.17;0.26;0.46;0.47;0.112;41;4.04;1.9;1.29;0.22;0.7;4.04;128.9;113.6;5.8;1.4;8.1;0.18;0.2;0.04;0.06
10;50;50;0;100;15.04;3.22;9.38;2.76;2.7;0.174;58.2;15.53;7.99;4.47;0.77;2.44;5.12;185;150.7;19.1;4.9;10.2;1.41;0.85;0.19;0.26;0.57;0.59;0.125;41.8;4.6;2.24;1.39;0.26;0.78;4.26;132.5;113.8;8.6;1.6;8.5;0.18;0.29;0.05;0.07
10;50;50;50;0;17.83;3.48;9.73;2.46;2.41;0.155;64.3;15.52;7.86;4.56;0.8;2.58;5.25;186.9;146.4;24.8;5.2;10.5;1.37;0.57;0.21;0.26;0.56;0.54;0.104;35.7;5.03;2.41;1.55;0.24;0.91;4.48;103.5;87.4;5.3;1.8;9;0.3;0.11;0.05;0.07
10;50;50;50;50;17.84;3.83;10.92;2.57;2.63;0.165;63.6;15.94;8.07;4.66;0.79;2.59;5.91;185.8;145.2;23.6;5.2;11.8;1.34;0.82;0.2;0.26;0.78;0.78;0.11;36.4;7.04;3.32;2.17;0.39;1.24;5.01;106.2;88;5.7;2.5;10;0.41;0.19;0.08;0.1
10;50;50;50;100;18.05;4.32;12.26;3.05;2.96;0.176;63.6;16.85;8.69;4.9;0.86;2.72;6.66;195.9;142;35.1;5.4;13.3;1.34;1.14;0.2;0.29;0.99;1.02;0.113;36.4;8.91;4.19;2.79;0.5;1.6;5.6;112.2;89.7;8.1;3.2;11.2;0.54;0.27;0.09;0.12
10;50;50;100;0;20.03;3.76;10.68;2.62;2.54;0.156;71;16.3;8.27;4.74;0.86;2.71;5.77;188.2;142.9;28.4;5.4;11.5;1.33;0.73;0.2;0.27;0.63;0.63;0.104;29;5.97;2.83;1.85;0.34;1.05;4.91;76.7;59.5;5.3;2.1;9.8;0.37;0.12;0.06;0.09
10;50;50;100;50;20.49;4.35;12.68;2.84;2.91;0.166;71.2;17.54;8.79;5.19;0.87;2.8;6.85;200.5;138.7;42.5;5.6;13.7;1.31;1.1;0.21;0.3;0.92;0.96;0.108;28.8;8.82;4.15;2.83;0.46;1.55;5.83;81;60.9;5.3;3.1;11.7;0.56;0.18;0.1;0.13
10;50;50;100;100;20.52;4.79;14.1;3.19;3.2;0.174;69.6;18.37;9.45;5.32;0.92;2.91;7.63;197.6;134.8;41.7;5.8;15.3;1.26;1.41;0.22;0.31;1.17;1.18;0.11;30.4;10.73;5.05;3.38;0.58;1.88;6.48;86.3;62.2;7.3;3.8;13;0.7;0.23;0.1;0.15
10;50;100;0;0;15.89;3.46;10.15;2.94;3;0.165;60.2;18.14;9.1;5.39;0.92;2.86;5.58;197.4;148.5;32.1;5.7;11.2;1.75;0.72;0.21;0.31;0.42;0.41;0.111;39.8;3.46;1.67;1.05;0.2;0.6;4.57;130.5;115.4;4.8;1.2;9.1;0.17;0.16;0.03;0.05
10;50;100;0;50;15.38;3.66;10.41;3.19;3.21;0.174;59.3;18.41;9.5;5.27;0.88;2.96;5.66;195;147.2;30.6;5.9;11.3;1.72;0.97;0.21;0.31;0.48;0.5;0.122;40.7;3.92;1.89;1.22;0.19;0.7;4.75;134;116.3;6.9;1.4;9.5;0.18;0.22;0.04;0.05
10;50;100;0;100;15.26;3.82;10.98;3.46;3.52;0.185;58.7;19.06;9.89;5.47;0.91;3.01;5.87;193.1;146.1;29.2;6;11.7;1.73;1.26;0.21;0.32;0.6;0.62;0.134;41.3;4.52;2.23;1.41;0.21;0.81;5.11;136;116.9;7.2;1.6;10.2;0.19;0.32;0.05;0.06
10;50;100;50;0;18.08;4.02;11.65;3.23;3.22;0.166;65.1;19.47;9.79;5.73;1;3.15;6.25;198.8;141.9;38.1;6.3;12.5;1.7;0.97;0.23;0.32;0.55;0.57;0.11;34.9;5.05;2.37;1.55;0.27;0.88;5.4;106.6;89.7;4.3;1.8;10.8;0.3;0.14;0.05;0.07
10;50;100;50;50;18.31;4.43;12.66;3.45;3.4;0.172;63.7;19.78;10.11;5.73;0.95;3.16;6.86;196.8;139.6;37.2;6.3;13.7;1.62;1.22;0.23;0.32;0.78;0.81;0.115;36.3;6.97;3.31;2.16;0.41;1.27;5.8;111.8;90.9;6.8;2.5;11.6;0.42;0.22;0.08;0.1
10;50;100;50;100;18.29;4.79;13.97;3.76;3.79;0.184;62.8;20.59;10.61;5.98;1.01;3.23;7.47;194.3;136.9;36;6.5;14.9;1.61;1.6;0.24;0.34;1.08;1.06;0.118;37.2;8.95;4.3;2.78;0.47;1.56;6.5;114.9;92.3;6.5;3.1;13;0.55;0.3;0.09;0.13
10;50;100;100;0;20.56;4.41;12.87;3.32;3.41;0.163;71.6;20.96;10.47;6.27;1.03;3.38;7.03;201.6;136.2;44.6;6.8;14.1;1.63;1.17;0.25;0.37;0.64;0.66;0.108;28.4;6.03;2.81;1.92;0.32;1.03;5.83;79.7;61.8;4.2;2.1;11.7;0.38;0.14;0.06;0.09
10;50;100;100;50;20.98;5.13;14.42;3.67;3.67;0.17;69.6;21.59;11.02;6.28;1.05;3.52;7.74;198.1;131.5;44.1;7;15.5;1.55;1.5;0.26;0.36;0.98;1;0.111;30.4;8.93;4.19;2.81;0.45;1.61;6.68;86.2;63.3;6.3;3.2;13.4;0.58;0.2;0.09;0.12
10;50;100;100;100;21.17;5.49;15.98;4.21;4.12;0.184;68.5;22.47;11.66;6.48;1.12;3.57;8.59;195.2;127.4;43.5;7.1;17.2;1.5;1.99;0.25;0.37;1.24;1.25;0.113;31.5;10.99;5.18;3.48;0.55;1.92;7.39;89.4;64.7;6;3.8;14.8;0.72;0.27;0.11;0.16
10;100;0;0;0;17.49;2.9;8.3;2.28;2.23;0.165;52;13.51;6.86;3.94;0.63;2.15;4.58;138.6;104.9;20.2;4.3;9.2;1.5;0.35;0.16;0.23;0.45;0.44;0.102;48;4.11;1.94;1.31;0.2;0.75;3.71;128.2;109.3;9.9;1.5;7.4;0.17;0.17;0.04;0.06
10;100;0;0;50;17.05;3.18;8.99;2.32;2.31;0.167;52;13.85;7.02;4.13;0.64;2.25;4.89;139.1;106;18.9;4.5;9.8;1.51;0.41;0.16;0.23;0.54;0.56;0.11;48;5.02;2.39;1.53;0.28;0.93;4.1;128.3;108.2;10;1.9;8.2;0.17;0.27;0.05;0.07
10;100;0;0;100;16.71;3.34;9.52;2.39;2.46;0.171;50.9;14.36;7.26;4.13;0.74;2.29;5.14;138.8;106.2;17.7;4.6;10.3;1.52;0.54;0.16;0.24;0.72;0.72;0.122;49.1;5.8;2.81;1.75;0.32;1.05;4.38;134.1;108;15.2;2.1;8.8;0.18;0.39;0.06;0.08
10;100;0;50;0;19.27;3.25;9.42;2.27;2.29;0.162;57.6;14.15;7.2;4.08;0.71;2.3;5.1;141.2;102.7;23.7;4.6;10.2;1.47;0.41;0.17;0.24;0.6;0.58;0.103;42.4;5.52;2.6;1.72;0.32;0.96;4.32;103.8;83.6;9.7;1.9;8.6;0.28;0.16;0.05;0.08
10;100;0;50;50;19.5;3.81;10.76;2.39;2.41;0.163;57.2;14.73;7.51;4.28;0.69;2.46;5.77;141.9;102.4;23;4.9;11.5;1.46;0.51;0.19;0.25;0.87;0.82;0.107;42.8;7.6;3.67;2.36;0.41;1.35;5;106.1;83.8;9.7;2.7;10;0.38;0.25;0.08;0.11
10;100;0;50;100;19.18;4.16;12.21;2.64;2.61;0.172;55.6;15.21;7.7;4.43;0.78;2.38;6.6;141.7;102.1;21.6;4.8;13.2;1.45;0.72;0.18;0.26;1.06;1.13;0.113;44.4;9.94;4.66;3.18;0.53;1.77;5.61;113.3;83.9;14.6;3.5;11.2;0.5;0.39;0.1;0.15
10;100;0;100;0;21.45;3.55;10;2.27;2.31;0.16;65;14.46;7.29;4.16;0.72;2.36;5.45;144.4;101.6;27.2;4.7;10.9;1.44;0.46;0.17;0.25;0.69;0.67;0.103;35;6.38;3.01;1.97;0.35;1.19;4.55;77.6;56.3;9.9;2.4;9.1;0.34;0.17;0.07;0.09
10;100;0;100;50;21.62;4.25;12.07;2.56;2.48;0.16;63.9;15.57;7.96;4.47;0.74;2.56;6.5;144;99.1;26.8;5.1;13;1.42;0.62;0.19;0.26;0.98;1.01;0.106;36.1;9.39;4.41;2.96;0.53;1.69;5.57;81.4;57.5;9.3;3.4;11.1;0.53;0.25;0.09;0.14
10;100;0;100;100;21.56;4.74;13.67;2.77;2.77;0.169;61.9;16.43;8.45;4.69;0.81;2.68;7.36;143.8;98;25.8;5.4;14.7;1.4;0.9;0.2;0.28;1.26;1.31;0.111;38.1;11.69;5.57;3.67;0.61;2.06;6.32;88.6;58.1;13.7;4.1;12.6;0.66;0.36;0.12;0.17
10;100;50;0;0;17.68;3.81;10.96;3.18;3.16;0.168;52.3;18.88;9.64;5.53;0.96;3.05;5.96;142.9;104.7;20.2;6.1;11.9;2.16;0.44;0.23;0.32;0.48;0.48;0.106;47.7;4.33;2.04;1.39;0.27;0.76;5;130.1;109.6;9;1.5;10;0.17;0.21;0.04;0.06
10;100;50;0;50;17.16;3.96;11.52;3.34;3.36;0.174;51.5;19.37;9.9;5.65;0.95;3.07;6.26;142.8;105.2;19;6.1;12.5;2.18;0.63;0.22;0.33;0.59;0.64;0.124;48.5;5.08;2.42;1.57;0.28;0.89;5.26;134.7;109;13.4;1.8;10.5;0.17;0.34;0.05;0.08
10;100;50;0;100;16.91;4.17;11.96;3.54;3.54;0.178;51.3;19.88;10.2;5.76;1;3.17;6.51;142.8;105.2;18.2;6.3;13;2.16;0.8;0.25;0.32;0.73;0.77;0.131;48.7;5.74;2.81;1.76;0.3;1;5.45;135.3;109;13.3;2;10.9;0.18;0.45;0.06;0.08
10;100;50;50;0;19.54;4.21;11.9;3.28;3.18;0.164;57.7;19.38;9.86;5.7;0.95;3.15;6.35;144.6;102;23.7;6.3;12.7;2.09;0.53;0.24;0.32;0.62;0.64;0.107;42.3;5.88;2.79;1.82;0.3;1.05;5.55;106;84.1;8.7;2.1;11.1;0.29;0.2;0.06;0.09
10;100;50;50;50;19.71;4.66;13.37;3.41;3.45;0.17;56.1;20.3;10.45;5.73;1.05;3.29;7.23;144.8;100.6;23.2;6.6;14.5;2.06;0.81;0.24;0.34;0.87;0.91;0.116;43.9;7.76;3.69;2.43;0.39;1.37;6.13;113.1;85.2;12.9;2.7;12.3;0.39;0.34;0.08;0.11
10;100;50;50;100;19.69;5.16;14.54;3.76;3.74;0.179;57.3;20.93;10.86;6.01;0.99;3.38;7.83;155.3;99.4;33.5;6.8;15.7;2.04;1.1;0.26;0.34;1.19;1.2;0.119;42.7;10.02;4.8;3.05;0.59;1.78;6.7;115.8;86;12.8;3.6;13.4;0.52;0.44;0.1;0.14
10;100;50;100;0;21.79;4.58;12.99;3.47;3.36;0.163;64.7;20.63;10.71;5.93;1.02;3.39;7.05;147.4;98.7;27.8;6.8;14.1;2.03;0.72;0.26;0.36;0.69;0.72;0.106;35.3;6.7;3.14;2.11;0.34;1.19;5.94;80.4;57.7;8.5;2.4;11.9;0.36;0.2;0.07;0.1
10;100;50;100;50;22.03;5.28;14.77;3.66;3.66;0.171;64.5;21.4;10.99;6.25;1.04;3.54;7.91;160.3;96.4;41.1;7.1;15.8;1.99;1.05;0.27;0.35;1.03;1.09;0.113;35.5;9.56;4.55;3.01;0.47;1.74;6.86;88.4;58.9;12.3;3.5;13.7;0.54;0.31;0.1;0.13
10;100;50;100;100;21.95;5.56;16.22;3.92;3.89;0.177;63.7;21.99;11.31;6.31;1.11;3.48;8.8;159.1;95.3;39.3;7;17.6;1.94;1.33;0.25;0.37;1.36;1.4;0.115;36.3;12.03;5.57;3.81;0.63;2.08;7.42;90.7;59.5;12.3;4.2;14.8;0.68;0.42;0.12;0.17
10;100;100;0;0;17.65;4.25;12.53;3.81;3.82;0.171;53.8;22.4;11.26;6.63;1.13;3.5;6.73;154.3;102.8;31.1;7;13.5;2.5;0.69;0.27;0.37;0.54;0.54;0.12;46.2;4.31;2.09;1.34;0.2;0.75;5.8;132.4;111.5;7.9;1.5;11.6;0.16;0.27;0.05;0.06
10;100;100;0;50;17.55;4.51;13.02;4.12;4.1;0.178;52.8;23.12;11.9;6.63;1.19;3.65;7.1;153.7;102.4;29.8;7.3;14.2;2.49;0.95;0.28;0.39;0.67;0.68;0.133;47.2;5.02;2.42;1.52;0.27;0.86;5.92;137.2;111.8;11.8;1.7;11.8;0.17;0.4;0.05;0.06
10;100;100;0;100;16.77;4.68;13.54;4.36;4.38;0.186;52.8;23.58;12.23;6.73;1.19;3.71;7.35;152.9;103.2;27.6;7.4;14.7;2.53;1.19;0.27;0.39;0.89;0.86;0.147;47.2;5.78;2.87;1.69;0.31;0.97;6.19;136.9;111.1;11.5;1.9;12.4;0.19;0.53;0.06;0.08
10;100;100;50;0;19.89;4.73;13.88;3.99;4.01;0.17;58.8;23.54;11.84;6.99;1.11;3.62;7.33;156.9;98.1;36.8;7.2;14.7;2.39;0.93;0.28;0.4;0.68;0.7;0.117;41.2;5.92;2.88;1.81;0.31;1.11;6.55;109.8;87;7.4;2.2;13.1;0.29;0.25;0.07;0.09
10;100;100;50;50;20.01;5.25;15.18;4.26;4.25;0.175;57.6;24.21;12.48;6.95;1.19;3.9;8.14;157.1;97.3;35.8;7.8;16.3;2.37;1.18;0.28;0.41;0.92;0.97;0.122;42.4;7.85;3.72;2.5;0.41;1.35;7.04;115.5;87.7;11.1;2.7;14.1;0.4;0.37;0.08;0.12
10;100;100;50;100;19.76;5.59;16.17;4.59;4.59;0.185;57;24.82;12.96;6.98;1.21;3.92;8.77;156.1;96;34.7;7.8;17.5;2.34;1.55;0.29;0.41;1.26;1.26;0.126;43;9.91;4.75;3.05;0.5;1.67;7.39;117.5;88.6;10.7;3.3;14.8;0.53;0.49;0.1;0.14
10;100;100;100;0;21.93;5.18;15.08;4.18;4.13;0.168;66;24.63;12.6;7.24;1.18;3.93;8.13;161.8;95.2;42.5;7.9;16.3;2.32;1.11;0.29;0.41;0.78;0.82;0.114;34;7.09;3.35;2.23;0.4;1.25;6.95;83.1;59.5;7.2;2.5;13.9;0.38;0.26;0.08;0.1
10;100;100;100;50;22.32;5.89;16.55;4.51;4.41;0.174;64.1;25.44;13.01;7.35;1.27;4.11;8.96;160.6;92.3;42.1;8.2;17.9;2.26;1.44;0.3;0.42;1.11;1.15;0.117;35.9;9.79;4.66;3.06;0.55;1.77;7.59;90.1;61;10.4;3.5;15.2;0.57;0.35;0.1;0.13
10;100;100;100;100;22.47;6.17;17.89;4.86;4.85;0.185;63.2;26.3;13.69;7.44;1.31;4.11;9.7;159.4;90.1;41.6;8.2;19.4;2.21;1.91;0.31;0.43;1.42;1.43;0.12;36.8;11.8;5.58;3.7;0.63;2.06;8.19;92.8;62.1;10.2;4.1;16.4;0.69;0.46;0.11;0.17
11;0;0;0;0;14.07;1.85;5.31;1.17;1.26;0.15;66.5;8.35;4.13;2.5;0.45;1.41;2.89;234.2;203.5;22.1;2.8;5.8;0.61;0.39;0.11;0.15;0.26;0.26;0.087;33.5;2.68;1.2;0.88;0.15;0.44;2.42;118;109.3;3.1;0.9;4.8;0.14;0.05;0.03;0.04
11;0;0;0;50;13.47;1.98;5.53;1.29;1.3;0.154;66.2;8.46;4.26;2.51;0.42;1.41;2.96;233;203.4;20.9;2.8;5.9;0.61;0.44;0.11;0.14;0.3;0.3;0.091;33.8;3.04;1.45;0.92;0.18;0.57;2.57;118.6;109.3;3;1.1;5.1;0.16;0.06;0.03;0.05
11;0;0;0;100;13.37;2.01;5.94;1.49;1.49;0.161;65.5;9.24;4.64;2.73;0.46;1.43;3.23;230.7;200.8;20.5;2.9;6.5;0.6;0.61;0.11;0.17;0.37;0.34;0.096;34.5;3.26;1.54;1.03;0.17;0.58;2.71;121.6;110.5;4.4;1.2;5.4;0.16;0.1;0.04;0.05
11;0;0;50;0;16.16;2.23;6.38;1.35;1.34;0.148;71.6;9.06;4.5;2.69;0.45;1.49;3.47;235.8;200.1;25.7;3;6.9;0.62;0.44;0.12;0.16;0.42;0.4;0.092;28.4;4.16;1.94;1.28;0.23;0.75;2.91;93.4;83.1;3;1.5;5.8;0.24;0.05;0.05;0.06
11;0;0;50;50;16.21;2.59;7.61;1.44;1.45;0.15;70.8;9.67;4.73;2.94;0.54;1.55;4.22;233.1;196.6;24.9;3.1;8.4;0.6;0.55;0.12;0.18;0.58;0.55;0.094;29.2;5.73;2.7;1.83;0.3;1.04;3.39;96.1;84.3;2.9;2.1;6.8;0.35;0.06;0.06;0.08
11;0;0;50;100;16.05;3.08;8.84;1.58;1.67;0.163;69.4;10.21;5.04;3.09;0.52;1.7;4.74;229.7;192.8;24.1;3.4;9.5;0.56;0.8;0.13;0.18;0.73;0.75;0.096;30.6;7.67;3.48;2.49;0.43;1.38;4.1;100.9;85.7;4.3;2.8;8.2;0.46;0.1;0.07;0.11
11;0;0;100;0;18.16;2.55;7.26;1.37;1.38;0.144;77.7;9.61;4.75;2.83;0.51;1.63;3.97;236.2;195.9;29.1;3.3;7.9;0.59;0.51;0.12;0.17;0.49;0.49;0.092;22.3;5.12;2.39;1.61;0.31;0.92;3.29;67.7;56.4;2.8;1.8;6.6;0.32;0.05;0.05;0.07
11;0;0;100;50;18.69;3.25;9;1.57;1.57;0.145;76.4;10.74;5.39;3.15;0.54;1.81;4.87;233;190.6;29.1;3.6;9.7;0.58;0.67;0.13;0.18;0.75;0.72;0.094;23.6;7.54;3.56;2.34;0.43;1.44;4.13;71.7;57.7;2.9;2.9;8.3;0.47;0.06;0.08;0.11
11;0;0;100;100;18.91;3.68;10.58;1.87;1.9;0.161;74.8;11.85;6.07;3.34;0.65;1.96;5.71;228.1;184.4;28.4;3.9;11.4;0.56;1;0.14;0.2;0.97;0.93;0.095;25.2;9.58;4.52;3.04;0.52;1.72;4.87;76.5;59.2;4.2;3.4;9.7;0.6;0.1;0.09;0.14
11;0;50;0;0;13.81;2.04;5.87;1.44;1.37;0.146;65.8;9.42;4.63;2.86;0.48;1.55;3.19;230.9;199.1;22.3;3.1;6.4;0.62;0.48;0.11;0.16;0.23;0.27;0.087;34.2;2.76;1.26;0.89;0.13;0.49;2.68;119.7;111.4;2;1;5.4;0.16;0.04;0.03;0.04
11;0;50;0;50;13.71;2.18;6.34;1.65;1.65;0.159;65.2;10.39;5.15;3.13;0.56;1.66;3.42;228;195.9;22;3.3;6.8;0.63;0.73;0.13;0.17;0.31;0.3;0.092;34.8;2.89;1.41;0.85;0.17;0.52;2.92;121.8;112.9;2;1;5.8;0.16;0.07;0.03;0.04
11;0;50;0;100;13.31;2.32;6.71;1.91;1.86;0.169;64.5;11.03;5.63;3.24;0.52;1.75;3.65;225.6;193.9;20.9;3.5;7.3;0.63;0.92;0.13;0.19;0.36;0.34;0.099;35.5;3.2;1.55;0.97;0.17;0.57;3.06;124.1;113.8;3;1.1;6.1;0.17;0.09;0.03;0.05
11;0;50;50;0;16.35;2.53;7.26;1.55;1.52;0.141;70.6;10.77;5.32;3.24;0.53;1.79;3.95;230.4;192.4;26.5;3.6;7.9;0.61;0.6;0.13;0.19;0.36;0.39;0.091;29.4;4.09;1.86;1.33;0.22;0.74;3.31;95.9;85.8;2;1.5;6.6;0.25;0.04;0.04;0.05
11;0;50;50;50;16.43;3;8.54;1.89;1.84;0.156;69.5;11.81;5.99;3.45;0.59;1.93;4.6;226.8;187.8;25.9;3.9;9.2;0.59;0.9;0.15;0.2;0.58;0.57;0.096;30.5;5.8;2.73;1.79;0.34;1.07;3.94;99.5;87.4;2;2.1;7.9;0.36;0.07;0.06;0.09
11;0;50;50;100;16.4;3.46;9.65;2.19;2.2;0.172;69.5;12.73;6.54;3.7;0.63;2.06;5.34;235.6;182.9;37.9;4.1;10.7;0.58;1.24;0.16;0.22;0.77;0.75;0.098;30.5;7.56;3.58;2.29;0.42;1.4;4.31;103.4;89.1;2.8;2.8;8.6;0.48;0.09;0.08;0.1
11;0;50;100;0;18.89;2.99;8.58;1.74;1.77;0.143;76.4;12.42;6.13;3.76;0.59;2.08;4.67;229.6;185.1;31;4.2;9.3;0.57;0.82;0.16;0.22;0.48;0.48;0.093;23.6;5.03;2.37;1.59;0.27;0.91;3.92;70.5;59;1.9;1.8;7.8;0.32;0.04;0.05;0.07
11;0;50;100;50;19.09;3.5;10.19;2.09;2.13;0.159;76.5;13.36;6.69;3.91;0.69;2.14;5.61;240.9;180;45.4;4.3;11.2;0.57;1.17;0.16;0.23;0.75;0.72;0.095;23.5;7.53;3.55;2.33;0.39;1.36;4.58;74;60.2;1.9;2.7;9.2;0.49;0.06;0.07;0.1
11;0;50;100;100;19.22;4.05;11.66;2.44;2.49;0.171;75;14.56;7.43;4.16;0.74;2.31;6.35;235.9;173.6;44.9;4.6;12.7;0.56;1.5;0.18;0.25;0.9;0.94;0.097;25;9.55;4.5;3.02;0.5;1.74;5.31;78.4;61.7;2.6;3.5;10.6;0.61;0.08;0.1;0.14
11;0;100;0;0;14.35;2.47;6.8;1.76;1.73;0.151;65.7;11.44;5.76;3.37;0.56;1.97;3.69;237.5;191.3;34.9;3.9;7.4;0.61;0.78;0.14;0.2;0.28;0.28;0.09;34.3;2.75;1.32;0.86;0.17;0.51;3.11;124;115.1;1.7;1;6.2;0.16;0.05;0.03;0.04
11;0;100;0;50;14.08;2.47;7.1;2.01;2;0.167;65;11.96;6.14;3.39;0.61;1.93;3.81;233.5;188.3;33.7;3.9;7.6;0.58;1.07;0.14;0.2;0.33;0.32;0.096;35;3.08;1.45;0.98;0.18;0.54;3.28;125.8;116.5;1.7;1.1;6.6;0.17;0.07;0.03;0.05
11;0;100;0;100;13.66;2.57;7.24;2.25;2.32;0.185;64.3;12.55;6.49;3.58;0.59;2.02;3.91;230.2;186;32.4;4;7.8;0.57;1.4;0.15;0.2;0.36;0.35;0.103;35.7;3.13;1.48;1;0.14;0.55;3.33;127.8;117.6;2.5;1.1;6.7;0.17;0.11;0.03;0.04
11;0;100;50;0;16.97;2.96;8.28;2.04;2.02;0.154;70.4;13.14;6.65;3.83;0.63;2.16;4.51;238;183.2;41.4;4.3;9;0.58;1.05;0.17;0.22;0.41;0.42;0.094;29.6;4.29;2.01;1.32;0.23;0.8;3.77;99.9;89.1;1.8;1.6;7.5;0.26;0.05;0.04;0.06
11;0;100;50;50;16.96;3.29;9.61;2.32;2.32;0.165;69.3;14.04;7.1;4.05;0.73;2.24;5.23;233.5;178.2;40.4;4.5;10.5;0.57;1.34;0.17;0.24;0.6;0.59;0.097;30.7;5.94;2.77;1.84;0.33;1.05;4.38;103.3;90.8;1.6;2.1;8.8;0.38;0.07;0.06;0.08
11;0;100;50;100;17.16;3.8;10.65;2.65;2.7;0.184;68;14.7;7.55;4.21;0.72;2.37;5.72;228.9;173.2;39.5;4.7;11.4;0.54;1.74;0.18;0.24;0.82;0.79;0.1;32;7.78;3.71;2.46;0.4;1.44;4.92;107.7;92.6;2.4;2.9;9.8;0.49;0.11;0.08;0.11
11;0;100;100;0;19.59;3.38;9.67;2.22;2.25;0.151;76.4;14.84;7.32;4.48;0.76;2.43;5.25;238.9;175.7;47.9;4.9;10.5;0.56;1.25;0.18;0.25;0.49;0.51;0.095;23.6;5.17;2.43;1.62;0.26;0.95;4.41;73.6;61.2;1.7;1.9;8.8;0.32;0.05;0.05;0.08
11;0;100;100;50;20;4.01;11.61;2.69;2.62;0.163;74.8;16.07;8.17;4.71;0.79;2.54;6.3;232.8;167.8;47.4;5.1;12.6;0.52;1.62;0.21;0.27;0.81;0.79;0.097;25.2;8.01;3.77;2.54;0.44;1.47;5.31;78.2;63.1;1.6;2.9;10.6;0.51;0.07;0.08;0.12
11;0;100;100;100;20.2;4.54;12.88;3.23;3.09;0.183;73.2;16.88;8.82;4.83;0.79;2.64;6.88;227;161.4;46.6;5.3;13.8;0.49;2.12;0.2;0.27;1.03;1.02;0.099;26.8;10.23;4.89;3.21;0.54;1.9;6;82.7;64.6;2.3;3.8;12;0.66;0.1;0.11;0.15
11;50;0;0;0;15.67;2.43;6.92;1.86;1.87;0.165;61.3;11.33;5.82;3.24;0.58;1.87;3.76;189.8;156.9;21.6;3.7;7.5;1.17;0.37;0.14;0.19;0.33;0.32;0.091;38.7;3.2;1.49;1.01;0.18;0.56;3.17;120;106.6;5.9;1.1;6.3;0.14;0.1;0.03;0.05
11;50;0;0;50;15.22;2.58;7.45;1.93;1.95;0.167;61;11.7;5.99;3.42;0.54;1.89;4.07;189.2;156.9;20.3;3.8;8.1;1.16;0.43;0.15;0.21;0.38;0.39;0.095;39;3.87;1.79;1.22;0.22;0.69;3.38;120.8;106.6;6;1.4;6.8;0.16;0.14;0.04;0.05
11;50;0;0;100;14.96;2.85;7.76;2.12;2.1;0.172;60.2;12.24;6.22;3.58;0.62;2.03;4.2;188.7;156.7;19.5;4.1;8.4;1.16;0.58;0.16;0.2;0.5;0.5;0.11;39.8;4.35;2.12;1.32;0.23;0.81;3.56;124.5;106.8;9;1.6;7.1;0.16;0.23;0.05;0.06
11;50;0;50;0;17.82;2.74;8.01;1.91;1.91;0.16;66.6;11.91;5.95;3.54;0.62;1.9;4.36;191.8;154.1;25.1;3.8;8.7;1.13;0.44;0.14;0.2;0.44;0.46;0.095;33.4;4.64;2.18;1.45;0.26;0.84;3.65;96.1;81.2;5.9;1.7;7.3;0.24;0.1;0.05;0.07
11;50;0;50;50;17.75;3.16;9.09;1.98;2;0.161;65.9;12.39;6.24;3.63;0.64;2;4.97;190.5;152.3;24.3;4;9.9;1.1;0.54;0.15;0.21;0.63;0.62;0.095;34.1;6.39;2.99;1.99;0.34;1.16;4.12;98.5;82.1;5.9;2.3;8.2;0.34;0.13;0.07;0.09
11;50;0;50;100;17.8;3.67;10.48;2.28;2.29;0.172;64.5;13.33;6.82;3.84;0.64;2.16;5.73;189.4;149.9;23.7;4.3;11.5;1.12;0.79;0.16;0.22;0.85;0.86;0.102;35.5;8.3;3.94;2.57;0.44;1.51;4.75;104.1;83.2;8.4;3;9.5;0.44;0.21;0.08;0.12
11;50;0;100;0;19.86;3.07;8.7;1.95;1.96;0.157;73.2;12.47;6.28;3.69;0.61;2.06;4.73;193.6;151;28.9;4.1;9.5;1.09;0.49;0.16;0.22;0.53;0.53;0.095;26.8;5.47;2.52;1.78;0.29;1.01;3.98;70.9;55.2;5.8;2;8;0.3;0.1;0.05;0.08
11;50;0;100;50;19.87;3.68;10.62;2.17;2.11;0.157;71.8;13.46;6.81;3.95;0.67;2.23;5.69;190.8;146.9;28.1;4.5;11.4;1.07;0.65;0.16;0.23;0.8;0.8;0.095;28.2;8.28;3.83;2.68;0.42;1.45;4.93;74.7;56.5;5.5;2.9;9.9;0.47;0.12;0.09;0.12
11;50;0;100;100;20.14;4.19;12.08;2.42;2.47;0.168;69.9;14.69;7.37;4.31;0.76;2.33;6.48;188.7;143.4;27.7;4.7;13;1.06;0.98;0.18;0.26;1.05;1.06;0.101;30.1;10.41;4.88;3.27;0.55;1.87;5.6;81;57.6;8.4;3.7;11.2;0.59;0.21;0.11;0.15
11;50;50;0;0;15.77;2.98;8.36;2.45;2.41;0.165;60.9;14.62;7.42;4.34;0.71;2.4;4.53;190.3;154.4;22.1;4.8;9.1;1.51;0.47;0.17;0.25;0.34;0.32;0.094;39.1;3.12;1.51;0.94;0.17;0.58;3.83;121.9;108.2;4.8;1.2;7.7;0.14;0.1;0.03;0.04
11;50;50;0;50;15.29;3.04;9;2.61;2.64;0.173;60.4;15.32;7.72;4.49;0.78;2.4;4.84;188.6;153.4;20.7;4.8;9.7;1.51;0.7;0.17;0.26;0.42;0.42;0.105;39.6;3.76;1.79;1.11;0.21;0.64;4.17;123.4;108.9;4.9;1.3;8.3;0.15;0.17;0.03;0.06
11;50;50;0;100;15.11;3.25;9.24;2.83;2.83;0.179;59.7;15.88;8.21;4.55;0.78;2.55;5.06;187.9;152.6;20.1;5.1;10.1;1.49;0.88;0.19;0.27;0.52;0.49;0.117;40.3;4.1;1.95;1.33;0.22;0.7;4.18;126.5;109.4;7.3;1.4;8.4;0.16;0.24;0.04;0.06
11;50;50;50;0;18.12;3.37;9.81;2.66;2.52;0.16;65.9;15.82;8.04;4.69;0.81;2.49;5.34;191.1;149.4;26;5;10.7;1.47;0.59;0.18;0.28;0.51;0.48;0.097;34.1;4.77;2.27;1.5;0.25;0.88;4.47;98.9;83.4;4.8;1.8;8.9;0.25;0.11;0.05;0.06
11;50;50;50;50;18.05;3.81;10.95;2.86;2.78;0.169;65.1;16.49;8.52;4.77;0.81;2.65;6.02;189.7;147.4;25;5.3;12;1.43;0.86;0.2;0.28;0.67;0.68;0.103;34.9;6.51;3.06;2.04;0.36;1.16;4.93;101.4;84.4;4.8;2.3;9.9;0.34;0.17;0.07;0.1
11;50;50;50;100;18.12;4.23;12.11;3.07;3.09;0.18;65;17.19;8.85;4.99;0.76;2.71;6.57;199.3;144.2;36.6;5.4;13.1;1.4;1.18;0.21;0.29;0.88;0.9;0.106;35;8.41;4.03;2.52;0.46;1.52;5.54;107.2;85.9;7.2;3;11.1;0.45;0.24;0.09;0.12
11;50;50;100;0;20.19;3.71;10.84;2.56;2.68;0.16;72.4;16.82;8.43;5.06;0.84;2.75;5.95;192.7;145.5;29.8;5.5;11.9;1.42;0.77;0.21;0.29;0.53;0.54;0.096;27.6;5.47;2.5;1.8;0.3;0.97;4.89;73.3;56.9;4.6;1.9;9.8;0.3;0.1;0.06;0.08
11;50;50;100;50;20.46;4.31;12.6;2.95;3.04;0.17;72.4;17.85;8.99;5.19;0.92;2.82;6.76;203.7;140.8;43.7;5.6;13.5;1.41;1.12;0.22;0.3;0.8;0.83;0.099;27.6;8.23;3.88;2.57;0.43;1.49;5.83;77.4;58.4;4.4;3;11.7;0.48;0.15;0.09;0.12
11;50;50;100;100;20.59;4.94;13.94;3.38;3.33;0.178;70.8;18.72;9.61;5.39;0.93;2.98;7.58;201;137.2;42.7;6;15.2;1.36;1.43;0.22;0.32;1.05;1.09;0.103;29.2;10.5;4.96;3.3;0.59;1.96;6.36;82.9;59.5;6.7;3.9;12.7;0.61;0.22;0.11;0.15
11;50;100;0;0;15.95;3.62;10.26;3.17;3.17;0.17;61.6;18.65;9.59;5.37;0.98;3.05;5.48;200.9;150.4;33.5;6.1;11;1.88;0.75;0.24;0.3;0.37;0.37;0.102;38.4;3.3;1.56;1.02;0.19;0.57;4.78;125.4;110.8;3.9;1.1;9.6;0.15;0.14;0.04;0.05
11;50;100;0;50;15.6;3.65;10.57;3.29;3.44;0.179;60.8;19.23;9.84;5.57;0.95;3.01;5.81;199.3;149.2;32.5;6;11.6;1.83;1.03;0.24;0.33;0.45;0.44;0.114;39.2;3.67;1.83;1.07;0.18;0.65;4.76;128.2;111.5;5.8;1.3;9.5;0.16;0.2;0.04;0.05
11;50;100;0;100;15.2;3.84;10.93;3.7;3.74;0.19;60.2;19.74;10.24;5.72;0.95;3.09;5.88;196.2;147.6;30.7;6.2;11.8;1.84;1.33;0.23;0.33;0.56;0.52;0.123;39.8;4.1;2.06;1.2;0.19;0.74;5.05;129.8;112.5;5.7;1.5;10.1;0.17;0.26;0.04;0.05
11;50;100;50;0;18.49;3.91;11.62;3.32;3.36;0.17;66.4;19.83;10.04;5.77;0.97;3.09;6.2;202.6;143.9;40.1;6.2;12.4;1.79;1;0.23;0.34;0.48;0.49;0.102;33.6;4.68;2.14;1.53;0.27;0.81;5.42;102.2;86;3.7;1.6;10.8;0.25;0.13;0.04;0.07
11;50;100;50;50;18.36;4.33;12.7;3.77;3.64;0.176;65.2;20.67;10.76;5.89;1.03;3.22;6.96;200.2;141;38.9;6.4;13.9;1.75;1.3;0.24;0.35;0.69;0.67;0.105;34.8;6.29;2.95;1.95;0.35;1.11;5.74;106.6;87.4;5.5;2.2;11.5;0.35;0.17;0.07;0.08
11;50;100;50;100;18.36;4.86;13.98;4.16;4.03;0.188;64.2;21.44;11.19;6.16;1.09;3.31;7.7;197.4;137.2;38.1;6.6;15.4;1.71;1.7;0.24;0.37;0.86;0.9;0.107;35.8;8.31;3.98;2.59;0.45;1.55;6.29;110;89.2;5.2;3.1;12.6;0.47;0.23;0.08;0.12
11;50;100;100;0;20.92;4.49;12.8;3.54;3.57;0.166;72.7;21.52;10.85;6.39;1.04;3.46;6.92;204.9;137.3;46.8;6.9;13.8;1.7;1.23;0.26;0.37;0.6;0.57;0.1;27.3;5.58;2.68;1.74;0.28;1.03;5.88;76.7;59.5;3.4;2.1;11.8;0.32;0.12;0.06;0.08
11;50;100;100;50;21.14;4.98;14.45;3.93;3.86;0.174;71.1;22.23;11.52;6.38;1.1;3.5;7.87;201.7;133;46;7;15.7;1.65;1.56;0.27;0.38;0.82;0.85;0.101;28.9;8.25;3.83;2.65;0.45;1.48;6.57;82;60.9;5;3;13.1;0.49;0.16;0.08;0.12
11;50;100;100;100;20.97;5.36;15.81;4.33;4.28;0.187;70;22.93;11.95;6.51;1.1;3.53;8.73;198.1;129.1;44.5;7.1;17.5;1.59;2.04;0.26;0.39;1.08;1.1;0.104;30;10.51;4.87;3.41;0.58;1.83;7.08;84.9;62.1;5;3.7;14.2;0.63;0.22;0.11;0.15
11;100;0;0;0;17.28;2.93;8.33;2.35;2.36;0.171;53.5;13.81;7.07;3.99;0.74;2.23;4.54;141.2;106.7;21;4.5;9.1;1.6;0.36;0.17;0.23;0.36;0.38;0.096;46.5;3.79;1.84;1.15;0.22;0.7;3.79;122.6;104.6;8.9;1.4;7.6;0.14;0.15;0.04;0.05
11;100;0;0;50;17.25;3.1;8.94;2.44;2.46;0.172;53.5;14.29;7.26;4.2;0.7;2.28;4.77;141.7;107.4;20.2;4.6;9.5;1.61;0.43;0.17;0.24;0.51;0.51;0.104;46.5;4.72;2.23;1.49;0.24;0.83;4.17;123.1;103.9;9.2;1.7;8.3;0.15;0.24;0.05;0.07
11;100;0;0;100;16.96;3.39;9.57;2.56;2.61;0.176;52.7;14.83;7.67;4.27;0.69;2.38;5.26;142.4;108.1;19;4.8;10.5;1.61;0.57;0.19;0.25;0.64;0.66;0.117;47.3;5.55;2.68;1.7;0.28;1.01;4.3;127.9;103.3;14;2;8.6;0.16;0.37;0.05;0.08
11;100;0;50;0;19.38;3.31;9.45;2.49;2.41;0.168;59.1;14.38;7.41;4.19;0.72;2.34;5.11;143.9;104.5;24.5;4.7;10.2;1.58;0.42;0.17;0.25;0.53;0.52;0.096;40.9;5.32;2.52;1.67;0.28;0.97;4.34;99.5;79.9;9;1.9;8.7;0.25;0.15;0.05;0.07
11;100;0;50;50;19.38;3.73;10.51;2.58;2.51;0.168;58.6;14.96;7.75;4.24;0.75;2.42;5.68;143.8;103.8;23.8;4.8;11.4;1.54;0.53;0.19;0.25;0.71;0.72;0.1;41.4;7.1;3.39;2.17;0.37;1.3;4.84;101.4;80.4;8.7;2.6;9.7;0.33;0.22;0.07;0.1
11;100;0;50;100;19.16;4.18;11.98;2.71;2.77;0.176;57.1;15.73;8.11;4.53;0.76;2.48;6.54;144;103.3;22.6;5;13.1;1.56;0.76;0.19;0.27;0.94;0.99;0.106;42.9;9.27;4.39;2.87;0.51;1.71;5.45;108.1;80.8;13;3.4;10.9;0.43;0.34;0.09;0.13
11;100;0;100;0;21.34;3.39;10.16;2.44;2.48;0.165;66.5;15.04;7.51;4.45;0.77;2.36;5.54;146.9;103.1;28.1;4.7;11.1;1.56;0.48;0.17;0.26;0.56;0.6;0.097;33.5;6.05;2.72;1.96;0.33;1.03;4.62;74.1;54;8.7;2.1;9.2;0.29;0.16;0.06;0.09
11;100;0;100;50;21.44;4.22;11.82;2.51;2.59;0.165;65.5;15.79;8.01;4.55;0.76;2.6;6.44;146.7;100.9;27.6;5.2;12.9;1.52;0.63;0.19;0.26;0.88;0.87;0.099;34.5;8.67;4.08;2.76;0.47;1.61;5.38;77.4;55;8.4;3.2;10.8;0.45;0.21;0.09;0.12
11;100;0;100;100;21.66;4.68;13.63;2.85;2.93;0.173;63.4;16.88;8.5;5.08;0.8;2.69;7.41;146.7;99.8;26.6;5.4;14.8;1.51;0.93;0.21;0.28;1.22;1.17;0.104;36.6;11.18;5.29;3.49;0.59;1.99;6.22;84.6;55.6;12.7;4;12.4;0.57;0.34;0.11;0.16
11;100;50;0;0;17.7;3.74;10.88;3.33;3.32;0.173;54;19.18;9.69;5.64;0.98;3.06;5.93;145.9;106.5;21.4;6.1;11.9;2.31;0.46;0.23;0.32;0.42;0.41;0.1;46;3.91;1.84;1.23;0.2;0.68;4.95;124;104.8;8;1.4;9.9;0.14;0.18;0.03;0.05
11;100;50;0;50;17.34;3.91;11.49;3.52;3.57;0.178;52.9;20.02;10.23;5.92;0.97;3.16;6.22;145.1;105.8;20.5;6.3;12.4;2.3;0.69;0.23;0.34;0.54;0.55;0.116;47.1;4.53;2.12;1.42;0.23;0.75;5.27;129.3;105.5;11.8;1.5;10.5;0.14;0.3;0.04;0.06
11;100;50;0;100;17.18;4.18;12.11;3.75;3.72;0.183;52.7;20.34;10.55;5.84;1.01;3.17;6.59;145.1;106.3;19.3;6.3;13.2;2.29;0.86;0.23;0.34;0.68;0.71;0.126;47.3;5.51;2.64;1.75;0.3;1;5.52;130.3;105;12.3;2;11;0.16;0.42;0.06;0.08
11;100;50;50;0;19.71;4.24;11.84;3.46;3.37;0.169;59.1;19.95;10.2;5.71;0.96;3.22;6.38;147.3;103.2;25;6.4;12.8;2.24;0.56;0.24;0.33;0.53;0.55;0.099;40.9;5.38;2.49;1.74;0.27;1.02;5.46;101.7;80.9;7.9;2;10.9;0.25;0.18;0.05;0.08
11;100;50;50;50;19.68;4.57;13.25;3.62;3.64;0.176;57.7;20.71;10.54;6.01;1.09;3.27;7.18;147.4;102.6;23.9;6.5;14.4;2.22;0.82;0.25;0.35;0.84;0.81;0.11;42.3;7.31;3.5;2.24;0.38;1.3;6.07;107.9;81.3;11.9;2.6;12.1;0.33;0.31;0.07;0.1
11;100;50;50;100;19.57;5.01;14.49;4.04;3.98;0.184;58.9;21.66;11.3;6.16;1.05;3.39;7.87;158;100.4;35.1;6.8;15.7;2.2;1.15;0.27;0.36;1.04;1.05;0.111;41.1;9.31;4.39;2.91;0.48;1.62;6.62;110.5;82.8;11.1;3.2;13.2;0.44;0.38;0.09;0.13
11;100;50;100;0;21.89;4.54;13;3.46;3.53;0.168;66;21.05;10.66;6.25;1.06;3.4;7.07;150;100.2;28.9;6.8;14.1;2.17;0.75;0.25;0.36;0.62;0.63;0.099;34;6.24;2.96;1.95;0.31;1.15;5.93;77;55.4;7.5;2.3;11.9;0.31;0.18;0.07;0.08
11;100;50;100;50;22.08;5.08;14.77;3.81;3.85;0.175;65.9;22.01;11.28;6.42;1.05;3.49;7.97;163;97.5;42.6;7;15.9;2.11;1.11;0.25;0.38;0.95;0.95;0.106;34.1;8.96;4.16;2.78;0.47;1.59;6.8;84.5;56.7;11;3.2;13.6;0.46;0.28;0.09;0.12
11;100;50;100;100;22.14;5.69;15.96;4.07;4.11;0.182;65.1;22.64;11.64;6.48;1.13;3.62;8.75;162.2;96.2;41.3;7.2;17.5;2.08;1.39;0.27;0.37;1.26;1.22;0.108;34.9;11.2;5.44;3.41;0.57;2.07;7.21;86.8;57.3;11;4.1;14.4;0.58;0.37;0.11;0.15
11;100;100;0;0;17.82;4.47;12.54;4.09;4.08;0.176;55.4;23.21;12.02;6.58;1.14;3.74;6.79;157.6;104;32.5;7.5;13.6;2.68;0.74;0.29;0.38;0.48;0.49;0.115;44.6;4.08;1.99;1.23;0.23;0.73;5.75;127;107.1;6.9;1.5;11.5;0.14;0.25;0.04;0.06
11;100;100;0;50;17.33;4.45;12.97;4.41;4.32;0.183;54.3;23.62;12.29;6.73;1.15;3.64;7.03;156;103.5;31.2;7.3;14.1;2.66;0.99;0.27;0.39;0.59;0.59;0.127;45.7;4.56;2.23;1.36;0.23;0.81;5.94;131.2;107.6;10.1;1.6;11.9;0.15;0.34;0.05;0.06
11;100;100;0;100;16.94;4.69;13.41;4.61;4.63;0.191;54.1;24.23;12.56;6.86;1.24;3.76;7.3;155.4;103.7;29.6;7.5;14.6;2.68;1.26;0.29;0.4;0.72;0.74;0.139;45.9;5.19;2.51;1.58;0.26;0.93;6.11;131.6;107.5;10.1;1.9;12.2;0.16;0.46;0.05;0.07
11;100;100;50;0;20.05;4.82;13.92;4.22;4.26;0.175;60.8;24.34;12.46;7.1;1.19;3.87;7.59;161.8;100.1;38.7;7.7;15.2;2.58;0.98;0.29;0.41;0.61;0.6;0.109;39.2;5.38;2.59;1.64;0.29;0.95;6.33;104.3;83;6.7;1.9;12.7;0.24;0.23;0.05;0.07
11;100;100;50;50;19.95;5.23;15.13;4.46;4.5;0.181;59.3;24.97;12.84;7.21;1.2;3.94;8.28;160.3;98.4;37.5;7.9;16.6;2.53;1.24;0.3;0.42;0.83;0.85;0.114;40.7;7.31;3.44;2.31;0.4;1.29;6.85;110.2;84.3;9.6;2.6;13.7;0.35;0.33;0.08;0.1
11;100;100;50;100;19.8;5.62;16.03;4.83;4.81;0.19;58.3;25.34;13.3;7.01;1.32;4.01;8.64;158.1;96.6;36.1;8;17.3;2.49;1.61;0.31;0.41;1.07;1.1;0.117;41.7;9.26;4.33;2.92;0.53;1.61;7.4;113;85.5;9.5;3.2;14.8;0.45;0.43;0.09;0.13
11;100;100;100;0;22.29;5.25;14.89;4.29;4.4;0.172;67.5;25.54;13.04;7.48;1.24;4.08;8.12;165.5;96.1;45;8.2;16.2;2.48;1.17;0.32;0.43;0.66;0.68;0.107;32.5;6.28;2.99;1.93;0.34;1.17;6.78;79.5;57.3;6.3;2.3;13.6;0.31;0.22;0.06;0.09
11;100;100;100;50;22.52;5.94;16.57;4.79;4.67;0.178;65.5;26.26;13.61;7.55;1.29;4.23;9.01;164.1;93.4;44.2;8.5;18;2.41;1.51;0.31;0.44;1.01;1.02;0.11;34.5;9.18;4.38;2.82;0.47;1.71;7.55;86.3;58.6;9.2;3.4;15.1;0.48;0.31;0.1;0.13
11;100;100;100;100;22.36;6.24;17.85;5.12;5.06;0.189;64.6;26.75;14.07;7.45;1.34;4.17;9.81;162.1;91.5;42.5;8.3;19.6;2.35;1.94;0.33;0.44;1.26;1.3;0.113;35.4;11.45;5.45;3.58;0.62;2.07;8.04;88.6;59.5;9;4.1;16.1;0.61;0.42;0.12;0.15
12;0;0;0;0;13.95;1.8;5.32;1.29;1.32;0.154;68.2;8.57;4.29;2.54;0.44;1.39;2.98;239.5;208.2;22.6;2.8;6;0.67;0.39;0.1;0.16;0.25;0.24;0.083;31.8;2.46;1.16;0.8;0.13;0.42;2.34;111.4;103.7;2.2;0.8;4.7;0.14;0.04;0.02;0.04
12;0;0;0;50;13.8;2.02;5.55;1.37;1.4;0.157;67.7;8.95;4.48;2.66;0.44;1.51;3.01;237.3;206.1;22.2;3;6;0.66;0.48;0.12;0.16;0.26;0.27;0.085;32.3;2.76;1.27;0.92;0.12;0.51;2.54;113;104.6;2.2;1;5.1;0.15;0.05;0.03;0.04
12;0;0;0;100;13.37;2.07;5.91;1.51;1.54;0.163;67.1;9.42;4.74;2.75;0.45;1.53;3.26;234.9;204.1;21.3;3.1;6.5;0.63;0.64;0.11;0.16;0.31;0.3;0.093;32.9;2.99;1.41;0.93;0.16;0.55;2.65;115.1;105.5;3.2;1.1;5.3;0.16;0.07;0.03;0.04
12;0;0;50;0;16.26;2.24;6.3;1.36;1.38;0.151;73.1;9.12;4.53;2.75;0.47;1.53;3.41;240.5;204.1;26.5;3.1;6.8;0.65;0.45;0.12;0.16;0.38;0.37;0.091;26.9;3.87;1.84;1.21;0.18;0.7;2.89;88.5;79.1;2.3;1.4;5.8;0.24;0.04;0.04;0.06
12;0;0;50;50;16.11;2.52;7.5;1.51;1.52;0.153;72.1;9.94;4.88;3;0.58;1.57;4.04;237;200;25.8;3.1;8.1;0.65;0.57;0.12;0.18;0.49;0.5;0.093;27.9;5.29;2.47;1.67;0.32;0.95;3.46;91.3;80.4;2.1;1.9;6.9;0.33;0.05;0.05;0.08
12;0;0;50;100;16.24;3.09;8.79;1.81;1.8;0.166;70.9;10.86;5.5;3.21;0.53;1.77;4.81;233.5;195;25.3;3.5;9.6;0.63;0.85;0.13;0.19;0.73;0.7;0.095;29.1;7.19;3.39;2.36;0.33;1.32;3.98;95.7;82.1;3.1;2.6;8;0.45;0.07;0.08;0.1
12;0;0;100;0;18.28;2.49;7.1;1.47;1.47;0.148;79.1;9.96;4.99;3.02;0.46;1.64;3.88;242.2;200.8;30.3;3.3;7.8;0.66;0.52;0.13;0.17;0.47;0.44;0.092;20.9;4.59;2.17;1.44;0.25;0.84;3.22;63.7;53.4;2.2;1.7;6.4;0.29;0.04;0.05;0.06
12;0;0;100;50;18.96;3.09;9.05;1.72;1.65;0.147;77.7;11.17;5.5;3.43;0.59;1.83;4.92;237.1;193.2;30.4;3.7;9.8;0.61;0.71;0.13;0.19;0.63;0.65;0.093;22.3;6.91;3.13;2.25;0.4;1.26;4.14;68;55;2.1;2.5;8.3;0.44;0.05;0.06;0.1
12;0;0;100;100;18.69;3.71;10.47;1.99;2.02;0.163;76.2;12.39;6.33;3.59;0.62;2.04;5.66;232.2;187.5;29.3;4.1;11.3;0.61;1.04;0.16;0.22;0.92;0.88;0.095;23.8;9.13;4.3;2.86;0.52;1.67;4.81;72.3;56.3;3.1;3.3;9.6;0.58;0.07;0.1;0.13
12;0;50;0;0;14.2;2.06;5.81;1.48;1.45;0.148;67.3;9.81;4.86;2.92;0.52;1.64;3.19;235.4;202.2;23.5;3.3;6.4;0.64;0.51;0.12;0.17;0.25;0.24;0.084;32.7;2.44;1.12;0.78;0.13;0.42;2.62;114.2;106.3;1.8;0.8;5.2;0.14;0.04;0.02;0.03
12;0;50;0;50;14.09;2.26;6.37;1.72;1.72;0.162;66.7;10.64;5.39;3.11;0.52;1.75;3.43;232.7;199.6;22.7;3.5;6.9;0.66;0.75;0.13;0.18;0.26;0.28;0.09;33.3;2.75;1.26;0.87;0.16;0.51;2.94;116.2;107.5;1.9;1;5.9;0.15;0.06;0.03;0.04
12;0;50;0;100;13.93;2.45;6.71;1.92;1.96;0.171;65.8;11.44;5.86;3.28;0.58;1.93;3.6;229.6;196.4;22.1;3.9;7.2;0.63;0.98;0.15;0.19;0.33;0.32;0.097;34.2;2.98;1.43;0.94;0.16;0.53;3.1;118.9;108.9;2.8;1.1;6.2;0.16;0.09;0.03;0.04
12;0;50;50;0;16.65;2.53;7.21;1.65;1.59;0.143;72;11.09;5.49;3.28;0.57;1.78;3.97;235.3;196.3;27.5;3.6;7.9;0.63;0.62;0.14;0.19;0.37;0.37;0.091;28;3.9;1.85;1.21;0.2;0.75;3.23;91.4;81.6;1.8;1.5;6.5;0.24;0.04;0.04;0.06
12;0;50;50;50;16.82;3.03;8.41;1.95;1.92;0.158;70.9;12.21;6.16;3.56;0.61;2.01;4.62;231;190.7;27.1;4;9.2;0.62;0.94;0.15;0.21;0.53;0.54;0.095;29.1;5.5;2.6;1.7;0.29;1.02;3.79;94.7;83.5;1.7;2;7.6;0.35;0.05;0.06;0.08
12;0;50;50;100;16.79;3.43;9.88;2.23;2.27;0.174;70.8;12.99;6.57;3.89;0.62;2.06;5.46;240.1;186;39;4.1;10.9;0.6;1.29;0.16;0.22;0.78;0.73;0.097;29.2;7.42;3.54;2.32;0.41;1.37;4.42;99.1;85;2.5;2.7;8.8;0.47;0.07;0.08;0.11
12;0;50;100;0;19.12;2.87;8.32;1.84;1.82;0.145;77.8;12.55;6.21;3.75;0.66;2.04;4.58;234.9;189.9;31.7;4.1;9.2;0.61;0.83;0.17;0.21;0.45;0.46;0.093;22.2;4.77;2.14;1.53;0.26;0.83;3.75;66.7;55.7;1.8;1.7;7.5;0.3;0.04;0.05;0.07
12;0;50;100;50;19.64;3.57;10.15;2.07;2.21;0.161;77.5;13.76;6.97;4;0.73;2.3;5.53;245.2;182.1;47.4;4.6;11.1;0.58;1.22;0.17;0.24;0.66;0.68;0.095;22.5;7.11;3.24;2.24;0.4;1.27;4.63;70.9;57.4;1.6;2.5;9.3;0.46;0.05;0.07;0.1
12;0;50;100;100;19.71;4.01;11.44;2.51;2.54;0.172;76.2;14.72;7.56;4.17;0.74;2.32;6.27;240.2;176.6;46.4;4.6;12.5;0.56;1.56;0.18;0.24;0.9;0.88;0.096;23.8;9.07;4.28;2.77;0.51;1.69;5.17;74.8;58.6;2.4;3.4;10.3;0.59;0.08;0.09;0.13
12;0;100;0;0;14.77;2.36;6.86;1.88;1.8;0.153;67.2;11.77;5.82;3.58;0.62;1.89;3.75;242.7;195.1;36.3;3.8;7.5;0.63;0.82;0.15;0.2;0.25;0.26;0.088;32.8;2.6;1.22;0.8;0.14;0.48;3.1;118.3;109.4;1.7;1;6.2;0.15;0.05;0.03;0.04
12;0;100;0;50;14.58;2.48;7.26;2.13;2.11;0.169;66.6;12.46;6.36;3.67;0.61;1.94;4.01;239.6;192.5;35.2;3.9;8;0.62;1.12;0.14;0.22;0.31;0.31;0.096;33.4;2.86;1.4;0.9;0.16;0.54;3.25;119.9;110.6;1.7;1.1;6.5;0.16;0.08;0.03;0.04
12;0;100;0;100;14.35;2.6;7.49;2.47;2.47;0.187;65.8;13.26;6.94;3.79;0.61;2.09;4.17;235.8;188.9;34.5;4.2;8.3;0.6;1.48;0.16;0.23;0.35;0.34;0.104;34.2;3.03;1.45;0.94;0.16;0.51;3.33;122.3;112.2;2.4;1;6.7;0.16;0.11;0.03;0.04
12;0;100;50;0;17.36;2.86;8.43;2.04;2.06;0.155;71.7;13.3;6.63;4.03;0.67;2.11;4.62;242.7;186.6;42.7;4.2;9.2;0.59;1.08;0.16;0.23;0.42;0.4;0.094;28.3;4.12;1.95;1.27;0.25;0.75;3.81;95.5;84.8;1.6;1.5;7.6;0.26;0.05;0.04;0.06
12;0;100;50;50;17.38;3.27;9.59;2.39;2.38;0.167;70.6;14.29;7.23;4.17;0.71;2.23;5.21;238;181.5;41.6;4.5;10.4;0.58;1.38;0.17;0.25;0.59;0.58;0.097;29.4;5.82;2.73;1.85;0.31;1.05;4.37;98.9;86.5;1.6;2.1;8.7;0.36;0.07;0.06;0.08
12;0;100;50;100;17.76;3.72;10.77;2.88;2.83;0.185;69.3;15.28;7.94;4.34;0.75;2.38;5.85;233.3;175.5;41.4;4.8;11.7;0.55;1.84;0.18;0.26;0.77;0.75;0.1;30.7;7.49;3.52;2.33;0.4;1.34;4.92;103.3;88.5;2.3;2.7;9.8;0.47;0.1;0.07;0.11
12;0;100;100;0;20.08;3.39;9.72;2.25;2.32;0.152;77.5;15.21;7.54;4.5;0.77;2.48;5.38;243.6;178.2;49.7;5;10.8;0.56;1.3;0.19;0.27;0.45;0.48;0.093;22.5;4.94;2.31;1.56;0.28;0.91;4.34;70.4;58.3;1.6;1.8;8.7;0.31;0.05;0.05;0.07
12;0;100;100;50;20.48;4.01;11.6;2.73;2.69;0.164;76.1;16.39;8.31;4.82;0.83;2.66;6.36;238.2;171.2;49;5.3;12.7;0.54;1.67;0.2;0.28;0.75;0.75;0.096;23.9;7.63;3.49;2.45;0.41;1.35;5.25;74.6;59.8;1.6;2.7;10.5;0.49;0.07;0.08;0.11
12;0;100;100;100;20.72;4.48;12.98;3.26;3.23;0.184;74.6;17.55;9.04;5.02;0.89;2.73;7.12;232.3;164.6;48.1;5.5;14.2;0.53;2.21;0.2;0.3;0.95;0.96;0.098;25.4;9.66;4.58;3.02;0.51;1.75;5.86;78.8;61.3;2.3;3.5;11.7;0.62;0.1;0.1;0.14
12;50;0;0;0;15.69;2.32;6.85;1.95;1.95;0.169;62.9;11.6;5.93;3.4;0.6;1.8;3.74;193.2;159.5;22.6;3.6;7.5;1.22;0.39;0.14;0.2;0.31;0.29;0.091;37.1;2.92;1.37;0.92;0.16;0.51;3.11;114.1;101.8;5.1;1;6.2;0.14;0.08;0.03;0.04
12;50;0;0;50;15.36;2.57;7.3;2.05;2.08;0.171;62.7;12.15;6.24;3.51;0.58;1.97;4;192.9;159.4;21.6;3.9;8;1.25;0.46;0.15;0.21;0.36;0.34;0.093;37.3;3.37;1.58;1.08;0.17;0.61;3.3;114.7;101.8;5.1;1.2;6.6;0.14;0.11;0.04;0.05
12;50;0;0;100;15.04;2.85;7.79;2.27;2.23;0.176;61.7;12.72;6.59;3.65;0.62;2.11;4.23;191.5;158.1;20.7;4.2;8.5;1.23;0.62;0.16;0.22;0.45;0.44;0.107;38.3;3.95;1.86;1.26;0.19;0.74;3.55;118.7;102.6;7.6;1.5;7.1;0.16;0.19;0.04;0.05
12;50;0;50;0;17.68;2.77;8.03;1.98;2.04;0.165;67.9;12.42;6.25;3.67;0.63;1.97;4.35;194.5;155.8;26.1;3.9;8.7;1.21;0.46;0.15;0.22;0.42;0.42;0.093;32.1;4.34;2.03;1.41;0.23;0.81;3.68;91.8;77.9;4.9;1.6;7.4;0.24;0.08;0.05;0.06
12;50;0;50;50;17.63;3.18;9.09;2.16;2.17;0.167;67.5;13.09;6.62;3.85;0.69;2.11;5.06;194.4;154.9;25.2;4.2;10.1;1.22;0.56;0.16;0.23;0.57;0.57;0.095;32.5;5.89;2.78;1.85;0.3;1.07;4.03;93.4;78.3;5;2.1;8.1;0.32;0.11;0.06;0.08
12;50;0;50;100;17.66;3.66;10.29;2.33;2.38;0.175;65.8;13.59;6.98;3.9;0.65;2.23;5.55;191.5;151.4;24.6;4.5;11.1;1.17;0.81;0.17;0.23;0.84;0.81;0.101;34.2;7.92;3.73;2.52;0.39;1.43;4.74;99.5;79.8;7.3;2.9;9.5;0.44;0.18;0.07;0.12
12;50;0;100;0;20.13;3.11;8.53;2;2.09;0.161;74.6;12.94;6.52;3.84;0.64;2.18;4.65;197.6;153.9;30.1;4.4;9.3;1.18;0.52;0.16;0.22;0.47;0.48;0.094;25.4;4.92;2.26;1.59;0.24;0.93;3.88;67.2;52.4;5.2;1.9;7.8;0.27;0.09;0.05;0.07
12;50;0;100;50;20.2;3.77;10.37;2.3;2.25;0.161;73.5;13.97;7.12;4.07;0.72;2.35;5.69;195.7;150.3;29.3;4.7;11.4;1.17;0.68;0.18;0.23;0.75;0.74;0.095;26.5;7.6;3.57;2.4;0.37;1.42;4.69;70.5;53.5;4.9;2.8;9.4;0.44;0.11;0.08;0.11
12;50;0;100;100;20.31;4.2;11.84;2.6;2.56;0.171;71.5;15.02;7.67;4.36;0.74;2.4;6.53;191.7;144.8;29;4.8;13.1;1.08;1.04;0.19;0.25;0.97;0.96;0.099;28.5;9.56;4.59;2.96;0.48;1.8;5.31;76.3;55;7.1;3.6;10.6;0.56;0.18;0.1;0.13
12;50;50;0;0;15.88;2.96;8.52;2.62;2.56;0.17;62.6;15.08;7.65;4.49;0.74;2.4;4.65;194.4;157.4;22.8;4.8;9.3;1.63;0.49;0.18;0.25;0.27;0.3;0.092;37.4;2.97;1.4;0.91;0.18;0.56;3.87;116;103;4.1;1.1;7.7;0.14;0.09;0.03;0.04
12;50;50;0;50;15.52;3.14;8.91;2.71;2.77;0.177;62.1;15.68;8.04;4.42;0.81;2.5;4.94;192.6;155.6;22.1;5;9.9;1.58;0.72;0.2;0.27;0.36;0.38;0.103;37.9;3.48;1.67;1.12;0.16;0.64;3.96;117.4;104.1;4.1;1.3;7.9;0.15;0.14;0.04;0.04
12;50;50;0;100;15.11;3.27;9.24;2.93;2.96;0.183;61.1;16.23;8.47;4.59;0.8;2.59;5.07;190.5;154.1;21;5.2;10.1;1.56;0.93;0.2;0.28;0.46;0.46;0.113;38.9;3.85;1.84;1.17;0.21;0.68;4.17;120.9;104.9;6.3;1.4;8.3;0.16;0.21;0.04;0.05
12;50;50;50;0;17.94;3.34;9.83;2.64;2.65;0.164;67.5;16.18;8.22;4.7;0.82;2.56;5.42;194.9;152.3;26.6;5.1;10.8;1.57;0.6;0.19;0.29;0.42;0.43;0.094;32.5;4.38;2;1.44;0.22;0.79;4.41;93.8;79.4;4;1.6;8.8;0.24;0.09;0.04;0.06
12;50;50;50;50;17.97;3.77;10.77;2.86;2.95;0.173;66.5;17.1;8.52;5.05;0.87;2.72;5.89;192.1;148.8;26.1;5.4;11.8;1.55;0.91;0.2;0.29;0.64;0.61;0.1;33.5;5.95;2.8;1.85;0.31;1.05;4.88;96.6;80.9;3.8;2.1;9.8;0.33;0.13;0.06;0.08
12;50;50;50;100;18.29;4.25;12.19;3.15;3.27;0.183;66.5;17.83;9.05;5.25;0.88;2.82;6.66;203;145.5;38.5;5.6;13.3;1.5;1.25;0.21;0.31;0.81;0.82;0.104;33.5;7.82;3.63;2.52;0.4;1.43;5.53;102.1;82.4;5.7;2.9;11.1;0.44;0.19;0.08;0.11
12;50;50;100;0;20.31;3.72;10.58;2.94;2.83;0.164;73.8;17.29;8.8;5.02;0.92;2.77;5.85;195.9;147.9;30.7;5.5;11.7;1.52;0.79;0.22;0.29;0.5;0.51;0.095;26.2;5.18;2.38;1.67;0.29;0.94;4.73;69.4;54.1;3.9;1.9;9.5;0.29;0.09;0.05;0.07
12;50;50;100;50;20.73;4.49;12.57;3.16;3.2;0.173;73.9;18.49;9.52;5.33;0.91;3.04;6.95;208.5;142.8;45.7;6.1;13.9;1.47;1.18;0.22;0.32;0.75;0.77;0.099;26.1;7.7;3.66;2.4;0.39;1.45;5.63;73.6;55.6;3.8;2.9;11.3;0.45;0.13;0.07;0.11
12;50;50;100;100;21.03;4.8;13.95;3.48;3.53;0.181;72.2;19.52;9.9;5.75;0.96;3.04;7.68;204.9;138.2;45.3;6.1;15.4;1.42;1.52;0.24;0.34;1;0.99;0.102;27.8;9.68;4.54;3.06;0.53;1.76;6.28;78.8;57;5.7;3.5;12.6;0.57;0.19;0.1;0.14
12;50;100;0;0;16.02;3.63;10.17;3.29;3.32;0.175;63.2;19.03;9.8;5.47;1;3.12;5.61;205;152.5;35.1;6.2;11.2;1.97;0.78;0.24;0.32;0.32;0.31;0.097;36.8;2.92;1.39;0.94;0.15;0.52;4.56;119.2;105.9;3.2;1;9.1;0.14;0.1;0.03;0.04
12;50;100;0;50;15.61;3.76;10.4;3.52;3.61;0.184;62.4;19.7;10.21;5.62;0.96;3.18;5.71;202.4;150.6;34;6.4;11.4;1.94;1.08;0.25;0.34;0.39;0.38;0.108;37.6;3.27;1.54;1.01;0.16;0.58;4.7;121.9;107;4.4;1.2;9.4;0.15;0.15;0.03;0.04
12;50;100;0;100;15.32;3.65;10.87;3.91;3.92;0.194;61.9;20.25;10.6;5.7;1.02;3.06;6.02;200.1;149.2;32.6;6.1;12;1.95;1.4;0.23;0.34;0.45;0.44;0.116;38.1;3.57;1.66;1.11;0.21;0.58;4.85;123.1;107.8;4.4;1.2;9.7;0.16;0.19;0.04;0.04
12;50;100;50;0;18.41;4.05;11.55;3.47;3.55;0.174;68;20.43;10.35;6.02;0.98;3.22;6.31;206.6;146.2;41.3;6.4;12.6;1.9;1.05;0.25;0.35;0.48;0.45;0.1;32;4.4;2.11;1.34;0.23;0.82;5.24;97.2;82.1;3;1.6;10.5;0.25;0.1;0.05;0.06
12;50;100;50;50;18.42;4.47;12.48;3.81;3.79;0.18;66.7;21.05;10.87;6.06;1.02;3.37;6.93;203.3;142.6;40.1;6.7;13.9;1.82;1.33;0.28;0.36;0.64;0.65;0.104;33.3;6.11;2.88;1.92;0.33;1.1;5.55;101.6;83.7;4.6;2.2;11.1;0.35;0.15;0.06;0.09
12;50;100;50;100;18.86;4.81;13.9;4.3;4.25;0.192;65.5;22.22;11.59;6.4;1.05;3.44;7.62;200.3;137.4;40.8;6.9;15.2;1.79;1.83;0.26;0.38;0.81;0.81;0.106;34.5;7.6;3.58;2.39;0.43;1.38;6.29;105.4;85.9;4.1;2.8;12.6;0.44;0.19;0.08;0.11
12;50;100;100;0;21.15;4.54;12.9;3.74;3.74;0.17;74;22.04;11.18;6.52;1.09;3.57;7.04;208.9;139.5;48.2;7.1;14.1;1.82;1.28;0.27;0.37;0.54;0.53;0.099;26;5.26;2.52;1.61;0.27;0.97;5.87;73.2;56.6;2.9;1.9;11.7;0.31;0.1;0.05;0.07
12;50;100;100;50;21.31;5.23;14.32;4.07;4.02;0.177;72.5;22.73;11.9;6.36;1.14;3.73;7.93;205.4;134.8;47.3;7.5;15.9;1.74;1.61;0.29;0.39;0.85;0.81;0.1;27.5;7.96;3.86;2.46;0.41;1.5;6.39;77.8;58;4.1;3;12.8;0.49;0.13;0.08;0.11
12;50;100;100;100;21.43;5.46;15.7;4.42;4.48;0.19;71.3;23.52;12.22;6.69;1.16;3.7;8.57;201.7;130.2;47;7.4;17.1;1.68;2.13;0.27;0.39;0.98;1;0.102;28.7;9.68;4.53;3.12;0.5;1.76;7.13;81;59.3;3.9;3.5;14.3;0.6;0.17;0.1;0.13
12;100;0;0;0;17.34;2.89;8.45;2.55;2.53;0.177;55.4;14.34;7.29;4.16;0.69;2.24;4.66;144.6;109.1;21.7;4.5;9.3;1.75;0.38;0.17;0.23;0.38;0.37;0.095;44.6;3.7;1.75;1.18;0.19;0.66;3.78;116.5;99.4;8.2;1.3;7.6;0.14;0.14;0.04;0.05
12;100;0;0;50;17.09;3.12;8.89;2.62;2.61;0.178;55.4;14.67;7.54;4.27;0.74;2.32;4.87;145.1;109.8;20.9;4.6;9.7;1.74;0.44;0.18;0.24;0.47;0.47;0.103;44.6;4.37;2.11;1.31;0.23;0.8;4.02;116.8;98.8;8.4;1.6;8;0.14;0.22;0.04;0.06
12;100;0;0;100;16.74;3.32;9.61;2.75;2.82;0.181;54.4;15.56;7.99;4.48;0.8;2.42;5.32;144.9;109.3;20.1;4.8;10.6;1.75;0.61;0.19;0.27;0.54;0.59;0.116;45.6;4.94;2.35;1.53;0.26;0.9;4.28;121.6;99.2;12;1.8;8.6;0.15;0.32;0.05;0.07
12;100;0;50;0;19.35;3.25;9.48;2.52;2.58;0.174;61.1;14.9;7.64;4.39;0.71;2.33;5.22;147.9;107.3;25.5;4.7;10.4;1.72;0.43;0.17;0.26;0.49;0.48;0.096;38.9;4.85;2.31;1.52;0.26;0.92;4.26;94;75.7;8;1.8;8.5;0.23;0.13;0.05;0.06
12;100;0;50;50;19.47;3.65;10.68;2.74;2.7;0.173;60.4;15.64;8.06;4.54;0.72;2.46;5.87;147.3;105.7;24.9;4.9;11.7;1.68;0.56;0.18;0.28;0.66;0.68;0.1;39.6;6.71;3.14;2.15;0.35;1.2;4.82;96.7;76.7;7.9;2.4;9.6;0.32;0.21;0.07;0.09
12;100;0;50;100;19.58;4.23;11.78;2.78;2.92;0.181;58.8;16.19;8.28;4.66;0.8;2.65;6.46;147.2;104.9;24.2;5.3;12.9;1.64;0.8;0.2;0.28;0.9;0.92;0.106;41.2;8.6;4.11;2.69;0.45;1.58;5.32;103;77.3;11.9;3.2;10.6;0.41;0.31;0.09;0.12
12;100;0;100;0;21.37;3.62;9.86;2.59;2.6;0.17;68.2;15.31;7.98;4.36;0.73;2.61;5.41;150.6;105.5;29.1;5.2;10.8;1.65;0.49;0.2;0.26;0.57;0.55;0.097;31.8;5.6;2.64;1.72;0.32;1.01;4.45;70.2;51.2;8.1;2;8.9;0.27;0.14;0.06;0.08
12;100;0;100;50;21.61;4.12;11.86;2.78;2.8;0.169;67.1;16.6;8.39;4.84;0.84;2.67;6.52;149.9;102.8;28.7;5.3;13;1.64;0.67;0.21;0.28;0.86;0.81;0.098;32.9;8.13;3.78;2.56;0.45;1.46;5.33;73.5;52.4;7.6;2.9;10.7;0.43;0.19;0.08;0.11
12;100;0;100;100;21.66;4.73;13.48;3.04;3.11;0.177;65;17.6;9.02;5.02;0.89;2.83;7.39;149.2;100.7;28.1;5.7;14.8;1.6;1;0.22;0.3;1.07;1.08;0.103;35;10.36;4.93;3.22;0.58;1.91;6.09;80.4;53.3;11.2;3.8;12.2;0.54;0.3;0.1;0.15
12;100;50;0;0;17.77;3.85;10.86;3.57;3.51;0.179;55.7;19.64;10.24;5.62;0.95;3.17;5.96;149;108.5;22.2;6.3;11.9;2.45;0.48;0.24;0.34;0.4;0.4;0.1;44.3;3.8;1.8;1.22;0.19;0.69;4.9;118.4;99.9;7.3;1.4;9.8;0.14;0.17;0.04;0.05
12;100;50;0;50;17.32;4;11.59;3.63;3.77;0.184;54.7;20.54;10.46;5.98;1.05;3.21;6.44;148.8;108.1;21.3;6.4;12.9;2.45;0.71;0.25;0.36;0.52;0.54;0.117;45.3;4.49;2.14;1.42;0.24;0.78;5.15;123.1;100.3;11;1.6;10.3;0.15;0.29;0.05;0.06
12;100;50;0;100;16.98;4.24;11.9;3.86;3.92;0.189;54.3;20.84;10.88;5.99;1.01;3.39;6.51;147.3;107.5;20.1;6.8;13;2.43;0.89;0.26;0.35;0.61;0.64;0.123;45.7;5.08;2.42;1.57;0.28;0.84;5.39;124.1;100.8;10.8;1.7;10.8;0.16;0.36;0.05;0.07
12;100;50;50;0;19.79;4.25;11.83;3.64;3.57;0.175;60.9;20.52;10.57;5.9;0.98;3.29;6.41;150.6;105.4;25.9;6.6;12.8;2.4;0.58;0.25;0.34;0.55;0.53;0.101;39.1;5.14;2.5;1.54;0.27;0.96;5.42;96.8;77;7.1;1.9;10.8;0.23;0.17;0.06;0.07
12;100;50;50;50;19.87;4.67;13.26;3.83;3.88;0.18;59.3;21.61;11.12;6.15;1.09;3.45;7.28;150.3;103.5;25.3;6.9;14.6;2.35;0.89;0.26;0.37;0.78;0.77;0.109;40.7;6.94;3.29;2.22;0.34;1.22;5.97;103.1;78.2;10.5;2.4;11.9;0.32;0.28;0.07;0.1
12;100;50;50;100;19.62;4.91;14.41;4.13;4.15;0.189;60.4;22.01;11.38;6.28;1.1;3.36;7.87;161;101.9;36.6;6.7;15.7;2.32;1.19;0.27;0.36;0.98;0.98;0.11;39.6;8.79;4.15;2.79;0.47;1.55;6.54;105.6;79.3;10.2;3.1;13.1;0.43;0.34;0.09;0.12
12;100;50;100;0;22.06;4.5;12.82;3.66;3.72;0.173;67.6;21.62;11;6.32;1.08;3.42;7.04;152.9;101.6;30.4;6.8;14.1;2.31;0.78;0.26;0.37;0.55;0.57;0.099;32.4;5.63;2.6;1.82;0.28;1.08;5.79;73.2;52.9;6.6;2.2;11.6;0.28;0.15;0.06;0.07
12;100;50;100;50;22.11;5.08;14.55;3.98;4.01;0.18;67.5;22.32;11.53;6.39;1.12;3.59;7.96;166.5;99.3;44.1;7.2;15.9;2.23;1.14;0.27;0.38;0.89;0.9;0.105;32.5;8.48;3.93;2.72;0.46;1.49;6.6;80;53.9;9.9;3;13.2;0.44;0.26;0.08;0.12
12;100;50;100;100;22.11;5.55;16.01;4.24;4.33;0.186;66.7;23.27;11.95;6.67;1.12;3.67;8.8;165.6;97.8;42.9;7.3;17.6;2.22;1.44;0.28;0.38;1.07;1.14;0.107;33.3;10.56;4.89;3.36;0.58;1.89;7.21;82.6;54.5;9.9;3.8;14.4;0.55;0.34;0.1;0.14
12;100;100;0;0;17.88;4.45;12.65;4.21;4.27;0.182;57;23.6;12.15;6.89;1.13;3.76;6.84;161.1;105.8;34.1;7.5;13.7;2.84;0.77;0.28;0.39;0.43;0.44;0.112;43;3.72;1.79;1.13;0.2;0.68;5.81;121.3;102.3;6.1;1.4;11.6;0.14;0.21;0.04;0.05
12;100;100;0;50;17.45;4.56;12.98;4.65;4.57;0.188;55.9;24.29;12.78;6.89;1.11;3.82;7.03;159.4;104.6;33.1;7.6;14.1;2.83;1.05;0.29;0.39;0.53;0.54;0.124;44.1;4.22;2.04;1.31;0.23;0.74;5.95;125.7;103.4;8.9;1.5;11.9;0.15;0.29;0.04;0.06
12;100;100;0;100;16.97;4.68;13.45;4.77;4.86;0.197;55.8;24.75;12.97;7.05;1.16;3.84;7.39;158.6;105.3;30.9;7.7;14.8;2.82;1.32;0.3;0.41;0.7;0.69;0.138;44.2;4.89;2.43;1.47;0.25;0.84;6.06;125.8;102.7;9.2;1.7;12.1;0.15;0.42;0.05;0.06
12;100;100;50;0;20.3;4.82;14.03;4.38;4.47;0.18;62.1;24.92;12.78;7.26;1.2;3.91;7.65;164.5;100.7;40.7;7.8;15.3;2.69;1.04;0.31;0.43;0.52;0.57;0.108;37.9;5.16;2.41;1.67;0.28;0.91;6.38;100.4;80;5.8;1.8;12.8;0.24;0.21;0.05;0.07
12;100;100;50;50;19.93;5.22;14.89;4.71;4.71;0.186;60.9;25.42;13.32;7.18;1.23;3.97;8.19;163.5;100.3;38.9;7.9;16.4;2.69;1.28;0.32;0.43;0.81;0.81;0.114;39.1;7;3.37;2.19;0.35;1.25;6.7;104.9;80.3;8.8;2.5;13.4;0.33;0.3;0.08;0.1
12;100;100;50;100;20.02;5.67;16.13;4.97;5.06;0.195;60.1;25.99;13.67;7.26;1.25;4.07;8.87;162.1;98.3;37.9;8.1;17.7;2.65;1.69;0.31;0.42;1.07;1.04;0.117;39.9;8.85;4.29;2.72;0.45;1.6;7.26;107.8;81.6;8.4;3.2;14.5;0.44;0.39;0.09;0.12
12;100;100;100;0;22.47;5.23;15.04;4.59;4.66;0.176;68.7;26.48;13.52;7.7;1.33;4.16;8.15;167.9;96.1;47.2;8.3;16.3;2.62;1.25;0.33;0.47;0.6;0.63;0.105;31.3;5.86;2.75;1.87;0.33;1.07;6.9;76.6;55.3;5.4;2.1;13.8;0.3;0.19;0.06;0.08
12;100;100;100;50;22.82;5.75;16.59;4.77;4.85;0.182;67;26.62;13.64;7.73;1.3;4.23;9.03;167;94.6;45.9;8.5;18.1;2.54;1.56;0.31;0.44;0.92;0.93;0.108;33;8.57;4.02;2.74;0.47;1.52;7.56;82.2;55.9;8.1;3;15.1;0.46;0.27;0.08;0.12
12;100;100;100;100;22.9;6.32;17.79;5.38;5.36;0.193;65.8;27.79;14.74;7.67;1.41;4.45;9.72;164.6;90.6;45.6;8.9;19.4;2.45;2.1;0.35;0.46;1.19;1.18;0.11;34.2;10.63;5.04;3.35;0.57;1.87;8.06;85.3;57.7;7.7;3.7;16.1;0.59;0.35;0.11;0.14
13;0;0;0;0;14.43;1.89;5.21;1.34;1.37;0.157;69.8;8.73;4.44;2.53;0.44;1.48;2.87;244.9;212;24.2;3;5.7;0.69;0.41;0.11;0.16;0.2;0.2;0.072;30.2;2.25;1.04;0.72;0.14;0.41;2.33;105.6;98.3;1.8;0.8;4.7;0.11;0.03;0.02;0.03
13;0;0;0;50;14.06;2.01;5.56;1.44;1.46;0.159;69.4;9.21;4.68;2.65;0.47;1.56;3.06;242.8;210.5;23.1;3.1;6.1;0.68;0.5;0.12;0.16;0.24;0.23;0.077;30.6;2.53;1.18;0.79;0.13;0.45;2.5;106.8;98.9;1.9;0.9;5;0.12;0.04;0.03;0.03
13;0;0;0;100;13.69;2.09;6.14;1.61;1.64;0.167;68.6;9.88;5;2.94;0.54;1.57;3.31;239.8;207.7;22.3;3.1;6.6;0.69;0.67;0.12;0.17;0.29;0.27;0.082;31.4;2.84;1.34;0.89;0.17;0.52;2.83;109.4;100;2.7;1;5.7;0.14;0.06;0.03;0.04
13;0;0;50;0;16.32;2.23;6.19;1.41;1.44;0.155;74.6;9.29;4.67;2.78;0.48;1.53;3.39;245.9;208.8;27.3;3.1;6.8;0.69;0.45;0.13;0.17;0.31;0.32;0.082;25.4;3.67;1.69;1.14;0.19;0.7;2.8;83.7;74.9;1.9;1.4;5.6;0.2;0.03;0.04;0.05
13;0;0;50;50;16.55;2.62;7.52;1.53;1.58;0.155;73.5;10.22;5.04;3.1;0.52;1.65;4.09;241.7;203.2;27;3.3;8.2;0.68;0.6;0.13;0.18;0.44;0.45;0.084;26.5;5.13;2.39;1.62;0.28;0.97;3.43;87.2;76.6;1.8;1.9;6.9;0.28;0.04;0.06;0.07
13;0;0;50;100;16.55;2.97;8.65;1.82;1.86;0.168;72.4;11.08;5.59;3.22;0.6;1.72;4.72;238.1;198.8;26.4;3.4;9.4;0.66;0.88;0.13;0.19;0.59;0.59;0.086;27.6;6.63;3.11;2.07;0.37;1.25;3.94;90.8;77.9;2.5;2.5;7.9;0.37;0.06;0.07;0.09
13;0;0;100;0;18.34;2.5;7.14;1.54;1.54;0.151;80.2;10.25;5.13;3.05;0.52;1.67;3.91;246.2;204.2;30.9;3.3;7.8;0.69;0.54;0.13;0.18;0.39;0.39;0.083;19.8;4.46;2.07;1.37;0.24;0.83;3.23;60.7;50.8;1.8;1.7;6.5;0.25;0.03;0.05;0.06
13;0;0;100;50;19.12;3.02;8.97;1.71;1.71;0.15;78.9;11.38;5.61;3.49;0.56;1.83;4.95;242;197.3;31.2;3.7;9.9;0.65;0.72;0.14;0.2;0.58;0.57;0.085;21.1;6.63;3.07;2.1;0.4;1.19;4.02;64.4;52.2;1.8;2.4;8;0.37;0.04;0.07;0.09
13;0;0;100;100;19.18;3.59;10.23;2;2.08;0.165;77.6;12.62;6.28;3.8;0.63;2.03;5.6;237.1;191.2;30.6;4.1;11.2;0.63;1.08;0.16;0.21;0.78;0.73;0.086;22.4;8.32;3.89;2.63;0.43;1.57;4.63;68.4;53.4;2.5;3.1;9.3;0.47;0.06;0.09;0.12
13;0;50;0;0;14.75;2.14;6.06;1.56;1.54;0.152;69;10.15;5.07;3.08;0.47;1.67;3.33;241.8;207.4;24.4;3.3;6.7;0.71;0.53;0.13;0.17;0.22;0.22;0.077;31;2.45;1.16;0.78;0.14;0.48;2.72;108.3;100.2;1.7;1;5.4;0.12;0.04;0.03;0.03
13;0;50;0;50;14.41;2.29;6.45;1.83;1.8;0.164;68.3;11.03;5.59;3.24;0.53;1.78;3.6;237.8;203.3;23.7;3.6;7.2;0.68;0.79;0.14;0.19;0.26;0.26;0.085;31.7;2.73;1.25;0.9;0.14;0.51;2.85;110.2;101.8;1.7;1;5.7;0.13;0.06;0.03;0.04
13;0;50;0;100;14.24;2.36;6.85;1.99;2.01;0.173;67.4;11.65;5.99;3.34;0.56;1.8;3.77;234.5;200.5;22.9;3.6;7.5;0.66;1.01;0.14;0.2;0.32;0.31;0.092;32.6;3.07;1.43;0.95;0.16;0.56;3.09;113;103;2.7;1.1;6.2;0.15;0.09;0.03;0.04
13;0;50;50;0;17.29;2.5;7.36;1.6;1.62;0.144;73.2;11.23;5.51;3.41;0.57;1.81;3.98;240.1;199.9;28.6;3.6;8;0.64;0.65;0.14;0.2;0.32;0.33;0.082;26.8;3.73;1.74;1.2;0.2;0.69;3.38;87.5;77.6;1.8;1.4;6.8;0.2;0.03;0.04;0.05
13;0;50;50;50;17.29;3;8.61;2.05;1.99;0.16;72.3;12.48;6.39;3.63;0.63;2.05;4.83;236.6;194.8;28;4.1;9.7;0.65;0.97;0.16;0.21;0.45;0.46;0.086;27.7;5.15;2.36;1.67;0.29;0.95;3.78;90.3;79.1;1.7;1.9;7.6;0.29;0.05;0.05;0.07
13;0;50;50;100;17.27;3.35;9.71;2.35;2.34;0.176;72.2;13.28;6.79;3.79;0.7;2.1;5.37;245.6;189.9;40.8;4.2;10.7;0.62;1.34;0.16;0.22;0.67;0.64;0.09;27.8;7;3.22;2.26;0.39;1.25;4.34;94.4;80.6;2.6;2.5;8.7;0.38;0.08;0.07;0.1
13;0;50;100;0;19.28;2.98;8.44;1.93;1.88;0.146;78.9;12.82;6.44;3.77;0.67;2.14;4.71;239.3;193.3;32.3;4.3;9.4;0.63;0.86;0.17;0.22;0.42;0.41;0.084;21.1;4.65;2.12;1.51;0.28;0.85;3.73;63.8;53;1.6;1.7;7.5;0.26;0.04;0.05;0.06
13;0;50;100;50;20.01;3.59;10.26;2.18;2.29;0.163;78.6;14.06;7.05;4.17;0.7;2.28;5.68;250.7;186.1;48.7;4.6;11.4;0.61;1.25;0.18;0.24;0.59;0.61;0.086;21.4;6.92;3.19;2.23;0.35;1.31;4.57;67.9;54.5;1.7;2.6;9.1;0.39;0.06;0.07;0.09
13;0;50;100;100;20.19;3.94;11.5;2.69;2.65;0.174;77.3;15.28;7.86;4.38;0.72;2.39;6.37;244.5;178.9;48.1;4.8;12.7;0.58;1.63;0.19;0.26;0.83;0.77;0.087;22.7;8.64;4.07;2.74;0.46;1.55;5.13;71.6;55.9;2.3;3.1;10.3;0.49;0.07;0.08;0.12
13;0;100;0;0;15.57;2.51;7.02;1.82;1.88;0.155;68.7;12.18;6.19;3.55;0.6;2.04;3.82;247.9;197.9;38.2;4.1;7.6;0.64;0.87;0.16;0.21;0.23;0.24;0.08;31.3;2.52;1.19;0.79;0.13;0.47;3.2;113;104;1.7;0.9;6.4;0.13;0.05;0.03;0.04
13;0;100;0;50;14.96;2.62;7.2;2.22;2.19;0.171;68.1;12.81;6.55;3.69;0.63;2.06;4.01;244.1;195.4;36.6;4.1;8;0.65;1.17;0.16;0.22;0.26;0.27;0.086;31.9;2.77;1.34;0.88;0.13;0.56;3.2;114.1;105;1.6;1.1;6.4;0.14;0.07;0.03;0.04
13;0;100;0;100;14.59;2.76;7.68;2.51;2.55;0.189;67.3;13.53;7.05;3.84;0.7;2.22;4.24;240.7;192.7;35.1;4.4;8.5;0.64;1.51;0.17;0.24;0.33;0.33;0.098;32.7;3.09;1.46;1;0.15;0.54;3.44;116.6;106.1;2.6;1.1;6.9;0.14;0.11;0.03;0.05
13;0;100;50;0;17.94;2.97;8.45;2.13;2.16;0.157;73;13.78;6.94;4.1;0.64;2.25;4.66;247.7;189.4;44.4;4.5;9.3;0.62;1.13;0.16;0.24;0.35;0.35;0.085;27;3.9;1.82;1.22;0.21;0.73;3.79;91.3;80.7;1.6;1.5;7.6;0.21;0.04;0.04;0.05
13;0;100;50;50;18.33;3.46;9.74;2.6;2.56;0.168;71.8;15.23;7.79;4.38;0.78;2.43;5.34;242.7;183;44.2;4.9;10.7;0.61;1.49;0.19;0.26;0.51;0.51;0.09;28.2;5.49;2.55;1.8;0.25;1.03;4.39;95.2;82.7;1.7;2.1;8.8;0.3;0.08;0.05;0.08
13;0;100;50;100;18.09;3.75;10.88;2.96;2.94;0.187;70.6;15.74;8.12;4.54;0.77;2.43;5.92;237.7;178.4;42.6;4.9;11.8;0.6;1.88;0.19;0.27;0.66;0.69;0.092;29.4;7.29;3.37;2.35;0.42;1.32;4.96;98.9;84;2.3;2.6;9.9;0.4;0.1;0.08;0.11
13;0;100;100;0;20.28;3.31;9.79;2.26;2.38;0.154;78.7;15.41;7.54;4.71;0.81;2.44;5.44;248.8;182.6;50.4;4.9;10.9;0.6;1.31;0.19;0.28;0.45;0.43;0.086;21.3;4.78;2.23;1.52;0.24;0.87;4.35;67.2;55.2;1.6;1.7;8.7;0.26;0.05;0.05;0.07
13;0;100;100;50;21.19;4.02;11.45;2.77;2.8;0.166;77.3;16.87;8.54;4.92;0.85;2.75;6.33;243.1;173.9;51.1;5.5;12.7;0.57;1.72;0.21;0.29;0.64;0.63;0.087;22.7;7.07;3.26;2.24;0.36;1.27;5.12;71.2;56.9;1.5;2.5;10.2;0.4;0.07;0.07;0.09
13;0;100;100;100;21.29;4.48;12.94;3.46;3.4;0.186;75.7;18.31;9.53;5.26;0.86;2.85;7.11;236.5;166.1;50.5;5.7;14.2;0.54;2.32;0.23;0.31;0.85;0.83;0.09;24.3;9.09;4.17;2.96;0.48;1.63;5.83;75.6;58.5;2.1;3.3;11.7;0.51;0.1;0.09;0.14
13;50;0;0;0;15.66;2.41;6.88;1.92;2.04;0.174;64.6;11.78;5.95;3.44;0.61;1.9;3.79;197.2;162.7;23.1;3.8;7.6;1.29;0.4;0.15;0.2;0.24;0.26;0.081;35.4;2.8;1.27;0.93;0.13;0.51;3.09;107.9;96.3;4.4;1;6.2;0.12;0.07;0.03;0.04
13;50;0;0;50;15.39;2.57;7.26;2.15;2.16;0.175;64.3;12.36;6.34;3.6;0.58;1.99;3.93;196.1;162;22.3;4;7.9;1.31;0.48;0.15;0.21;0.31;0.3;0.085;35.7;3.14;1.48;0.98;0.19;0.58;3.33;108.9;96.6;4.4;1.2;6.7;0.12;0.1;0.03;0.05
13;50;0;0;100;15.15;2.71;7.73;2.33;2.34;0.18;63.5;13.01;6.63;3.81;0.62;2.06;4.23;195.2;160.9;21.7;4.1;8.5;1.32;0.64;0.15;0.22;0.39;0.37;0.099;36.5;3.55;1.69;1.08;0.2;0.65;3.5;111.8;97.2;6.3;1.3;7;0.13;0.16;0.04;0.05
13;50;0;50;0;17.8;2.68;7.92;2.15;2.14;0.17;69.8;12.62;6.4;3.7;0.63;1.98;4.39;199.4;159.6;27.1;4;8.8;1.31;0.46;0.16;0.22;0.35;0.36;0.084;30.2;4;1.83;1.32;0.2;0.71;3.54;86.2;73.6;4.1;1.4;7.1;0.2;0.07;0.04;0.05
13;50;0;50;50;17.83;3.08;8.97;2.22;2.23;0.17;69;13.1;6.63;3.84;0.65;2.1;4.92;197.8;157.5;26.3;4.2;9.8;1.27;0.58;0.16;0.22;0.52;0.5;0.087;31;5.55;2.55;1.76;0.33;0.98;4.05;88.7;74.5;4.2;2;8.1;0.27;0.1;0.05;0.08
13;50;0;50;100;17.79;3.57;10.25;2.42;2.51;0.18;67.5;14.01;7.12;4.07;0.75;2.21;5.58;195.6;154.5;25.5;4.4;11.2;1.26;0.84;0.17;0.24;0.72;0.69;0.094;32.5;7.3;3.43;2.33;0.37;1.37;4.67;93.9;75.6;6.2;2.7;9.3;0.36;0.16;0.08;0.1
13;50;0;100;0;19.77;3;8.59;2.14;2.16;0.165;75.9;13.07;6.66;3.85;0.65;2.1;4.78;200.9;156.9;30.3;4.2;9.6;1.23;0.52;0.15;0.24;0.42;0.44;0.086;24.1;4.86;2.24;1.58;0.26;0.9;3.8;63.6;49.8;4.4;1.8;7.6;0.24;0.07;0.05;0.07
13;50;0;100;50;20.34;3.64;10.43;2.39;2.4;0.165;74.8;14.57;7.53;4.12;0.74;2.4;5.8;199.1;152.2;30.5;4.8;11.6;1.25;0.71;0.18;0.26;0.65;0.62;0.087;25.2;7.01;3.26;2.25;0.36;1.24;4.63;66.9;51.1;4.1;2.5;9.3;0.36;0.09;0.07;0.1
13;50;0;100;100;20.52;4.18;11.85;2.62;2.71;0.175;73;15.56;7.99;4.42;0.81;2.53;6.48;195.7;147.6;30.1;5.1;13;1.19;1.07;0.19;0.27;0.8;0.82;0.091;27;8.89;4.08;2.85;0.48;1.65;5.37;72.2;52.3;5.9;3.3;10.7;0.46;0.15;0.08;0.13
13;50;50;0;0;15.82;2.85;8.42;2.55;2.63;0.174;64.3;15.16;7.67;4.4;0.78;2.34;4.64;197.9;160.4;23.6;4.7;9.3;1.69;0.51;0.17;0.26;0.3;0.27;0.084;35.7;2.81;1.32;0.87;0.17;0.51;3.78;109.6;97.5;3.5;1;7.6;0.12;0.08;0.03;0.04
13;50;50;0;50;15.63;3.16;8.78;2.96;2.95;0.182;63.7;16.27;8.45;4.63;0.78;2.6;4.82;195.8;157.8;23.1;5.2;9.6;1.72;0.76;0.21;0.27;0.3;0.31;0.092;36.3;3.05;1.47;0.9;0.17;0.56;3.97;111.2;98.9;3.3;1.1;7.9;0.12;0.11;0.03;0.04
13;50;50;0;100;15.47;3.33;9.48;3.02;3.17;0.187;62.8;17.01;8.78;4.84;0.86;2.69;5.18;193.7;155.5;22.5;5.4;10.4;1.69;0.99;0.21;0.29;0.36;0.38;0.102;37.2;3.45;1.64;1.01;0.2;0.64;4.3;114.8;100.1;4.8;1.3;8.6;0.14;0.16;0.03;0.05
13;50;50;50;0;18.34;3.39;9.62;2.67;2.77;0.168;69;16.46;8.36;4.78;0.83;2.66;5.28;198.6;154.7;28;5.3;10.6;1.65;0.62;0.21;0.28;0.39;0.37;0.086;31;4.05;1.9;1.25;0.24;0.73;4.34;89.1;75.6;3.4;1.5;8.7;0.2;0.07;0.04;0.06
13;50;50;50;50;18.44;3.92;10.82;3.15;3.11;0.177;68;17.66;9.16;4.97;0.91;2.88;5.99;196.4;151;27.6;5.8;12;1.64;0.96;0.23;0.29;0.51;0.52;0.092;32;5.5;2.55;1.73;0.31;1.04;4.84;92.1;77.1;3.3;2.1;9.7;0.27;0.11;0.06;0.07
13;50;50;50;100;18.13;4.25;11.88;3.5;3.42;0.187;68;18.3;9.59;5.27;0.85;2.93;6.47;205.7;146.9;39.9;5.9;12.9;1.59;1.31;0.22;0.31;0.72;0.69;0.094;32;7.21;3.4;2.26;0.39;1.32;5.42;96.7;78.7;4.5;2.6;10.8;0.37;0.15;0.08;0.1
13;50;50;100;0;20.37;3.79;10.72;2.89;2.94;0.167;74.6;17.68;9.04;5.05;0.87;2.85;5.71;197.4;148.9;31.4;5.7;11.4;1.6;0.83;0.21;0.29;0.47;0.45;0.087;25.4;4.99;2.3;1.59;0.27;0.94;5.01;67;52;3.1;1.9;10;0.26;0.07;0.05;0.07
13;50;50;100;50;20.8;4.28;12.26;3.38;3.37;0.177;75.1;19.05;9.78;5.44;0.93;2.99;6.75;211.5;144.5;47.5;6;13.5;1.58;1.23;0.23;0.32;0.68;0.65;0.09;24.9;7.06;3.29;2.2;0.41;1.29;5.51;69.8;53.1;3.1;2.6;11;0.37;0.11;0.07;0.1
13;50;50;100;100;21.05;4.76;13.79;3.6;3.66;0.184;73.6;19.9;10.4;5.72;0.96;3.15;7.58;207.9;139.4;47;6.3;15.2;1.48;1.59;0.25;0.34;0.88;0.83;0.092;26.4;8.97;4.21;2.75;0.53;1.6;6.21;74.5;54.5;4.4;3.2;12.4;0.48;0.15;0.09;0.12
13;50;100;0;0;16.06;3.62;10.13;3.53;3.47;0.179;64.8;19.43;9.97;5.62;0.99;3.12;5.57;208.5;154.6;36.5;6.2;11.1;2.09;0.81;0.24;0.33;0.25;0.26;0.089;35.2;2.64;1.25;0.82;0.13;0.51;4.56;113.1;100.6;2.4;1;9.1;0.12;0.07;0.03;0.03
13;50;100;0;50;15.95;3.75;10.52;3.65;3.79;0.188;63.8;20.2;10.32;5.85;0.99;3.2;5.72;205.5;152.1;35.6;6.4;11.4;2.07;1.13;0.25;0.34;0.35;0.33;0.099;36.2;3.07;1.45;0.96;0.18;0.56;4.8;116.3;101.9;3.6;1.1;9.6;0.13;0.12;0.03;0.04
13;50;100;0;100;15.58;3.86;10.91;3.96;4.13;0.198;63.4;20.85;10.88;5.92;1.01;3.29;6.01;203.2;150.2;34.4;6.6;12;2.04;1.48;0.25;0.35;0.39;0.38;0.106;36.6;3.35;1.57;1.05;0.21;0.57;4.9;117.4;103;3.5;1.1;9.8;0.14;0.16;0.03;0.05
13;50;100;50;0;18.48;4.06;11.56;3.61;3.71;0.178;69.5;20.89;10.74;6.03;1.04;3.33;6.36;210.7;148.3;43;6.7;12.7;2.02;1.09;0.26;0.35;0.37;0.37;0.089;30.5;3.99;1.86;1.26;0.21;0.73;5.2;92.2;78.1;2.2;1.5;10.4;0.21;0.07;0.04;0.06
13;50;100;50;50;18.74;4.29;12.85;3.98;4.02;0.184;68.2;21.91;11.25;6.39;1.09;3.35;7.09;207.5;144.1;42.5;6.7;14.2;1.97;1.42;0.26;0.37;0.55;0.51;0.092;31.8;5.36;2.41;1.78;0.29;0.94;5.76;96.5;79.9;3.3;1.9;11.5;0.28;0.11;0.04;0.07
13;50;100;50;100;18.92;4.87;13.77;4.38;4.45;0.196;67.1;22.78;12;6.45;1.04;3.59;7.59;203.8;139.5;42;7.2;15.2;1.93;1.87;0.28;0.38;0.67;0.69;0.095;32.9;7.11;3.3;2.26;0.39;1.29;6.18;99.9;81.7;3.2;2.6;12.4;0.38;0.14;0.08;0.1
13;50;100;100;0;21.06;4.45;12.82;3.76;3.89;0.174;75.3;22.4;11.36;6.54;1.16;3.55;7;212.4;141.9;49.5;7.1;14;1.94;1.3;0.28;0.38;0.43;0.45;0.09;24.7;4.84;2.29;1.49;0.26;0.9;5.81;69.5;53.8;2.2;1.8;11.6;0.26;0.08;0.05;0.07
13;50;100;100;50;21.44;5.12;14.42;4.14;4.22;0.18;73.7;23.42;12.07;6.71;1.19;3.77;7.92;208.4;135.8;49.3;7.5;15.8;1.84;1.69;0.29;0.4;0.7;0.68;0.091;26.3;7.34;3.44;2.27;0.42;1.36;6.5;74.3;55.5;3.1;2.7;13;0.4;0.1;0.07;0.1
13;50;100;100;100;21.84;5.52;15.72;4.66;4.73;0.193;72.3;24.5;12.78;6.96;1.18;3.84;8.59;203.8;129.8;49.2;7.7;17.2;1.76;2.26;0.31;0.41;0.93;0.85;0.092;27.7;9.12;4.33;2.86;0.53;1.68;7.13;77.8;57.1;3.1;3.4;14.3;0.5;0.14;0.09;0.12
13;100;0;0;0;17.46;2.97;8.26;2.67;2.67;0.182;57.3;14.68;7.53;4.33;0.67;2.33;4.65;148;111.1;22.9;4.7;9.3;1.84;0.39;0.19;0.25;0.33;0.32;0.088;42.7;3.3;1.59;1;0.17;0.63;3.6;110;94.2;7.4;1.3;7.2;0.11;0.12;0.03;0.04
13;100;0;0;50;17.02;3.15;8.78;2.65;2.74;0.184;57.1;14.95;7.75;4.28;0.71;2.39;4.81;147.5;111.4;21.7;4.8;9.6;1.84;0.46;0.19;0.26;0.45;0.42;0.097;42.9;4.1;1.94;1.23;0.2;0.77;3.97;110.9;93.9;7.6;1.5;7.9;0.12;0.2;0.05;0.05
13;100;0;0;100;17;3.24;9.42;2.94;2.95;0.186;56;15.87;8.19;4.49;0.8;2.43;5.28;147.4;110.8;21.2;4.9;10.6;1.84;0.64;0.2;0.27;0.53;0.52;0.109;44;4.61;2.22;1.41;0.26;0.81;4.14;115.6;94.4;11.3;1.6;8.3;0.12;0.29;0.04;0.06
13;100;0;50;0;19.43;3.31;9.28;2.7;2.71;0.179;62.9;15.23;7.85;4.43;0.76;2.48;5.18;150.9;109;26.6;5;10.4;1.81;0.45;0.2;0.26;0.4;0.42;0.088;37.1;4.57;2.14;1.44;0.27;0.83;4.11;88.9;72;7;1.7;8.2;0.19;0.12;0.05;0.06
13;100;0;50;50;19.37;3.63;10.75;2.71;2.82;0.178;62.1;15.89;8.03;4.73;0.8;2.46;5.93;150.4;107.9;25.7;4.9;11.9;1.78;0.58;0.18;0.28;0.61;0.61;0.093;37.9;6.4;2.99;2.05;0.35;1.16;4.81;91.8;72.7;7.2;2.3;9.6;0.27;0.19;0.06;0.09
13;100;0;50;100;19.62;4.07;11.64;3.12;3.09;0.185;60.4;16.74;8.64;4.76;0.76;2.59;6.47;149.4;106.1;25.3;5.2;12.9;1.76;0.84;0.2;0.29;0.82;0.83;0.099;39.6;8.22;3.76;2.63;0.48;1.48;5.17;97.9;73.8;10.8;3;10.3;0.35;0.28;0.09;0.11
13;100;0;100;0;21.08;3.46;9.92;2.85;2.78;0.176;69.6;15.87;8.13;4.64;0.73;2.5;5.47;152.5;107.1;29.5;5;10.9;1.8;0.5;0.21;0.27;0.46;0.48;0.088;30.4;5.27;2.41;1.72;0.3;0.96;4.44;66.7;48.8;7.1;1.9;8.9;0.24;0.12;0.06;0.07
13;100;0;100;50;21.73;4.14;11.86;3.06;2.96;0.173;68.4;17.19;8.82;5.02;0.8;2.74;6.56;152.5;104.1;29.7;5.5;13.1;1.75;0.71;0.21;0.3;0.72;0.72;0.092;31.6;7.72;3.56;2.42;0.43;1.4;5.3;70.4;50;7;2.8;10.6;0.36;0.18;0.08;0.11
13;100;0;100;100;21.58;4.55;13.14;3.13;3.21;0.181;66.4;17.73;9.05;5.05;0.93;2.76;7.24;150.9;102.1;28.9;5.5;14.5;1.67;1.02;0.21;0.3;1.01;0.95;0.095;33.6;9.84;4.62;3.06;0.54;1.79;5.9;76.3;50.8;10.1;3.6;11.8;0.46;0.26;0.1;0.13
13;100;50;0;0;17.64;3.73;10.97;3.71;3.71;0.184;57.3;20.22;10.36;5.88;1;3.08;6.01;151.3;109.9;23.2;6.2;12;2.62;0.51;0.24;0.34;0.35;0.36;0.094;42.7;3.56;1.67;1.11;0.17;0.65;4.95;112.6;95.1;6.3;1.3;9.9;0.12;0.16;0.04;0.05
13;100;50;0;50;17.48;4.09;11.38;3.89;3.95;0.19;56.4;20.88;10.92;5.97;1;3.34;6.28;151;109.6;22.1;6.7;12.6;2.6;0.73;0.27;0.35;0.45;0.47;0.108;43.6;4.1;1.93;1.27;0.22;0.75;5.1;116.8;95.4;9.8;1.5;10.2;0.13;0.25;0.04;0.05
13;100;50;0;100;16.88;4.14;11.8;4.14;4.18;0.194;56.2;21.63;11.2;6.15;1.09;3.3;6.57;150.2;109.1;21.3;6.6;13.1;2.61;0.94;0.26;0.37;0.56;0.56;0.119;43.8;4.52;2.21;1.33;0.25;0.84;5.23;117.1;95.7;9.3;1.7;10.5;0.12;0.32;0.05;0.06
13;100;50;50;0;19.76;4.2;12.01;3.75;3.78;0.18;62.6;21.03;10.8;6.14;0.95;3.32;6.61;153.7;107.3;26.6;6.6;13.2;2.57;0.59;0.26;0.36;0.44;0.46;0.092;37.4;4.79;2.22;1.52;0.26;0.88;5.41;91.7;73;6.1;1.8;10.8;0.2;0.15;0.05;0.07
13;100;50;50;50;19.79;4.5;13.22;4.04;4.07;0.186;60.9;21.96;11.28;6.33;1.09;3.35;7.2;152.5;105.3;26.1;6.7;14.4;2.54;0.9;0.25;0.37;0.67;0.66;0.102;39.1;6.35;2.96;2.02;0.34;1.14;6.01;97.7;74.3;9.2;2.3;12;0.26;0.24;0.07;0.1
13;100;50;50;100;19.71;4.94;14.28;4.38;4.34;0.193;61.9;22.5;11.76;6.38;1.09;3.46;7.89;163.8;102.9;38.1;6.9;15.8;2.44;1.25;0.27;0.39;0.88;0.87;0.104;38.1;8.35;3.91;2.63;0.46;1.48;6.39;100.5;75.7;9.1;3;12.8;0.36;0.31;0.08;0.12
13;100;50;100;0;21.78;4.5;12.91;3.85;3.91;0.179;69.1;21.93;11.23;6.38;1.1;3.5;7.12;155.8;104.1;30.5;7;14.2;2.48;0.78;0.27;0.37;0.43;0.52;0.091;30.9;5.52;2.46;1.81;0.32;1;5.79;69.5;50;5.9;2;11.6;0.25;0.14;0.05;0.07
13;100;50;100;50;22.21;5.08;14.53;4.22;4.27;0.185;69.3;23.14;11.98;6.73;1.11;3.63;8.09;170.3;101;45.9;7.3;16.2;2.43;1.17;0.28;0.4;0.76;0.77;0.097;30.7;7.8;3.69;2.4;0.46;1.45;6.45;75.5;51.3;8.4;2.9;12.9;0.36;0.22;0.08;0.11
13;100;50;100;100;22.3;5.53;15.94;4.46;4.58;0.19;68;24.11;12.5;6.83;1.23;3.73;8.78;167.8;97.9;44.9;7.5;17.6;2.36;1.52;0.29;0.41;0.98;0.98;0.099;32;9.84;4.67;3.03;0.53;1.8;7.17;78.9;52.5;8.5;3.6;14.3;0.46;0.29;0.1;0.13
13;100;100;0;0;17.9;4.38;12.57;4.51;4.5;0.187;58.7;24.18;12.49;6.87;1.21;3.76;6.9;164.1;107;35.8;7.5;13.8;3;0.8;0.29;0.41;0.41;0.39;0.105;41.3;3.49;1.66;1.14;0.17;0.62;5.66;115.3;97.5;5.3;1.2;11.3;0.12;0.19;0.03;0.05
13;100;100;0;50;17.48;4.61;12.91;4.74;4.8;0.194;57.8;24.8;12.99;6.92;1.21;3.92;7.1;162.6;106.3;34.2;7.8;14.2;2.99;1.09;0.31;0.41;0.47;0.48;0.116;42.2;3.93;1.84;1.24;0.18;0.69;5.81;118.9;98;7.9;1.4;11.6;0.12;0.26;0.03;0.05
13;100;100;0;100;17.01;4.69;13.28;5.12;5.14;0.202;57.4;25.5;13.41;7.11;1.28;3.91;7.39;160.8;105.6;32.6;7.8;14.8;2.99;1.41;0.3;0.43;0.61;0.58;0.13;42.6;4.36;2.19;1.28;0.21;0.78;5.89;119.5;98.6;7.6;1.6;11.8;0.13;0.35;0.05;0.06
13;100;100;50;0;20.32;4.88;13.85;4.59;4.69;0.185;63.8;25.39;13.12;7.31;1.24;4.03;7.58;167.7;102.4;42;8.1;15.2;2.89;1.06;0.31;0.43;0.45;0.48;0.099;36.2;4.72;2.2;1.5;0.25;0.85;6.26;95.2;76;5;1.7;12.5;0.2;0.18;0.04;0.06
13;100;100;50;50;20.04;5.27;14.95;4.95;4.95;0.19;62.3;26.11;13.7;7.35;1.28;4.08;8.21;165.6;100.5;40.5;8.2;16.4;2.84;1.35;0.32;0.44;0.66;0.68;0.104;37.7;6.42;3.06;2.04;0.3;1.19;6.74;100.4;77.2;7.3;2.4;13.5;0.28;0.25;0.06;0.09
13;100;100;50;100;20.17;5.59;15.9;5.42;5.32;0.199;61.5;26.71;14.13;7.44;1.29;4.14;8.77;164.1;98.1;40.2;8.3;17.5;2.77;1.79;0.32;0.44;0.9;0.89;0.107;38.5;8.15;3.86;2.54;0.42;1.46;7.13;102.9;78.6;7.1;2.9;14.3;0.37;0.33;0.08;0.12
13;100;100;100;0;22.24;5.24;15;4.63;4.84;0.182;70.3;26.72;13.66;7.78;1.27;4.25;8.25;171.3;98.6;47.7;8.5;16.5;2.81;1.25;0.32;0.45;0.5;0.54;0.096;29.7;5.45;2.5;1.76;0.27;0.99;6.75;72.4;52.2;4.7;2;13.5;0.25;0.16;0.05;0.08
13;100;100;100;50;22.79;5.74;16.5;5.17;5.14;0.186;68.5;27.66;14.53;7.73;1.37;4.33;9.19;169.9;95;47.8;8.7;18.4;2.69;1.63;0.34;0.49;0.83;0.81;0.1;31.5;8.01;3.7;2.57;0.45;1.4;7.31;78;53.6;7;2.8;14.6;0.38;0.24;0.08;0.11
13;100;100;100;100;23.17;6.2;17.78;5.67;5.63;0.197;67.4;28.65;15.06;8.07;1.46;4.45;9.78;167.8;91.6;47.8;8.9;19.6;2.61;2.2;0.33;0.49;1.05;1.02;0.102;32.6;9.79;4.64;3.06;0.51;1.75;8;81.3;55.1;6.7;3.5;16;0.47;0.31;0.1;0.13
14;0;0;0;0;14.73;1.82;5.26;1.41;1.39;0.156;71.4;8.91;4.51;2.59;0.46;1.41;2.98;250;216.5;24.7;2.8;6;0.69;0.42;0.11;0.16;0.21;0.2;0.073;28.6;2.22;1.05;0.69;0.14;0.41;2.28;100;92.7;1.9;0.8;4.6;0.11;0.03;0.02;0.03
14;0;0;0;50;14.45;1.9;5.65;1.49;1.47;0.158;71;9.29;4.67;2.73;0.47;1.48;3.15;248;214.7;24.1;3;6.3;0.68;0.51;0.11;0.16;0.25;0.21;0.077;29;2.41;1.09;0.82;0.14;0.42;2.5;101;93.4;1.8;0.8;5;0.12;0.04;0.02;0.03
14;0;0;0;100;13.99;2.14;5.97;1.75;1.69;0.168;70.3;10.09;5.17;2.92;0.47;1.62;3.32;245.2;212.4;22.9;3.2;6.6;0.7;0.68;0.13;0.17;0.26;0.26;0.083;29.7;2.78;1.32;0.83;0.19;0.52;2.65;103.2;94.3;2.6;1;5.3;0.13;0.06;0.03;0.04
14;0;0;50;0;17.06;2.16;6.41;1.42;1.47;0.153;75.9;9.62;4.75;2.94;0.48;1.56;3.55;251.2;212.4;28.6;3.1;7.1;0.69;0.49;0.12;0.17;0.31;0.29;0.079;24.1;3.38;1.53;1.09;0.2;0.59;2.86;79.5;70.7;1.9;1.2;5.7;0.19;0.03;0.03;0.04
14;0;0;50;50;16.86;2.57;7.41;1.53;1.63;0.155;75.1;10.51;5.18;3.16;0.54;1.7;4.15;247.8;208.3;27.8;3.4;8.3;0.69;0.61;0.14;0.19;0.44;0.41;0.083;24.9;4.76;2.21;1.54;0.27;0.87;3.26;81.8;71.8;1.7;1.7;6.5;0.26;0.04;0.04;0.07
14;0;0;50;100;17.24;2.96;8.63;1.96;1.94;0.168;73.8;11.56;5.99;3.27;0.52;1.86;4.74;243.2;202.3;27.7;3.7;9.5;0.67;0.93;0.15;0.2;0.57;0.56;0.086;26.2;6.32;2.92;2.03;0.35;1.1;3.89;86.1;73.5;2.7;2.2;7.8;0.35;0.06;0.06;0.09
14;0;0;100;0;18.48;2.37;7.08;1.47;1.52;0.15;81.4;10.21;5.07;3.04;0.49;1.58;3.97;251.1;208.7;31.2;3.2;7.9;0.67;0.54;0.12;0.18;0.35;0.37;0.082;18.6;4.29;2.01;1.32;0.25;0.79;3.11;57.4;47.8;1.8;1.6;6.2;0.24;0.03;0.04;0.06
14;0;0;100;50;19.16;3.05;8.79;1.75;1.75;0.151;80.3;11.6;5.83;3.42;0.59;1.91;4.92;247.5;202.1;31.7;3.8;9.8;0.66;0.73;0.16;0.21;0.54;0.54;0.084;19.7;6.29;2.87;2.05;0.35;1.15;3.88;60.7;49;1.6;2.3;7.8;0.36;0.04;0.06;0.09
14;0;0;100;100;19.5;3.54;10.16;2.14;2.13;0.164;78.8;12.96;6.54;3.86;0.65;2.04;5.64;241.5;194.6;31.6;4.1;11.3;0.62;1.11;0.16;0.23;0.7;0.7;0.087;21.2;7.93;3.73;2.45;0.46;1.5;4.52;64.9;50.4;2.5;3;9;0.45;0.06;0.09;0.11
14;0;50;0;0;15.34;2.16;6.05;1.6;1.55;0.149;70.4;10.38;5.16;3.13;0.49;1.7;3.34;245.6;209.9;25.6;3.4;6.7;0.67;0.56;0.14;0.18;0.23;0.22;0.077;29.6;2.41;1.14;0.77;0.13;0.46;2.71;103.2;95.2;1.7;0.9;5.4;0.12;0.04;0.03;0.03
14;0;50;0;50;15.03;2.32;6.41;1.75;1.82;0.162;69.8;11.22;5.65;3.26;0.53;1.82;3.54;242.3;206.7;24.9;3.6;7.1;0.66;0.83;0.14;0.19;0.24;0.24;0.084;30.2;2.56;1.18;0.81;0.14;0.5;2.87;104.8;96.4;1.7;1;5.7;0.12;0.06;0.03;0.04
14;0;50;0;100;14.81;2.47;6.95;2.16;2.1;0.173;69;12.18;6.24;3.59;0.57;1.94;3.87;239.2;203.4;24.2;3.9;7.7;0.66;1.07;0.16;0.21;0.29;0.28;0.09;31;2.81;1.32;0.89;0.15;0.53;3.07;107.3;97.6;2.6;1.1;6.1;0.13;0.09;0.03;0.04
14;0;50;50;0;17.75;2.58;7.31;1.76;1.71;0.144;74.7;11.83;5.91;3.51;0.59;1.94;4.05;245;203.2;29.9;3.9;8.1;0.67;0.68;0.15;0.21;0.31;0.3;0.083;25.3;3.42;1.61;1.09;0.2;0.64;3.27;82.7;73.2;1.6;1.3;6.5;0.19;0.03;0.03;0.05
14;0;50;50;50;17.88;2.93;8.52;2.04;2.02;0.159;73.6;12.73;6.43;3.75;0.64;2.04;4.64;240;197.5;29.2;4.1;9.3;0.63;1.01;0.16;0.22;0.46;0.44;0.086;26.4;4.95;2.25;1.6;0.28;0.89;3.88;86;74.8;1.7;1.8;7.8;0.27;0.05;0.05;0.07
14;0;50;50;100;17.84;3.43;9.79;2.42;2.4;0.176;73.6;13.68;7.1;3.87;0.65;2.21;5.55;250.7;192.7;42.5;4.4;11.1;0.61;1.38;0.17;0.24;0.58;0.6;0.088;26.4;6.67;3.06;2.15;0.36;1.22;4.24;89.6;76.2;2.5;2.4;8.5;0.37;0.08;0.06;0.09
14;0;50;100;0;19.33;2.84;8.28;1.91;1.84;0.147;80.1;12.51;6.2;3.79;0.64;1.98;4.59;244.3;198.9;32.3;4;9.2;0.63;0.83;0.16;0.22;0.39;0.39;0.084;19.9;4.52;2.03;1.48;0.26;0.85;3.69;60.4;49.6;1.7;1.7;7.4;0.25;0.04;0.05;0.06
14;0;50;100;50;20.41;3.6;10.17;2.39;2.37;0.163;79.9;14.57;7.48;4.23;0.71;2.39;5.68;256;189.7;50.2;4.8;11.4;0.63;1.29;0.19;0.26;0.6;0.58;0.087;20.1;6.52;3.04;2.07;0.37;1.21;4.49;64.3;51.3;1.6;2.4;9;0.37;0.06;0.06;0.09
14;0;50;100;100;20.77;4.1;11.47;2.64;2.73;0.173;78.5;15.76;8.06;4.56;0.75;2.58;6.45;250.2;182.4;49.8;5.2;12.9;0.57;1.68;0.2;0.28;0.75;0.73;0.088;21.5;8.19;3.76;2.6;0.46;1.52;5.02;68.1;52.7;2.4;3;10;0.46;0.07;0.08;0.11
14;0;100;0;0;15.97;2.46;7.14;1.97;1.94;0.154;70.4;12.55;6.28;3.83;0.62;2.05;4.04;254.1;202.4;39.5;4.1;8.1;0.66;0.89;0.16;0.22;0.23;0.23;0.082;29.6;2.39;1.09;0.78;0.13;0.42;3.1;106.8;97.9;1.8;0.8;6.2;0.12;0.06;0.02;0.03
14;0;100;0;50;15.61;2.68;7.49;2.26;2.25;0.171;69.6;13.19;6.82;3.8;0.63;2.17;4.15;249.6;198.8;38.2;4.3;8.3;0.65;1.22;0.16;0.22;0.27;0.27;0.088;30.4;2.75;1.26;0.88;0.16;0.52;3.34;108.7;99.3;1.7;1;6.7;0.13;0.08;0.03;0.03
14;0;100;0;100;15.14;2.77;7.7;2.56;2.61;0.188;68.7;13.89;7.14;4;0.69;2.21;4.25;244.8;195.2;36.7;4.4;8.5;0.62;1.59;0.17;0.24;0.31;0.31;0.096;31.3;2.94;1.43;0.88;0.15;0.56;3.45;111.2;100.6;2.5;1.1;6.9;0.14;0.11;0.03;0.04
14;0;100;50;0;18.56;2.98;8.59;2.27;2.21;0.156;74.4;14.15;7.13;4.14;0.72;2.28;4.69;252.8;192.6;46.3;4.6;9.4;0.62;1.17;0.18;0.25;0.35;0.35;0.085;25.6;3.83;1.78;1.22;0.22;0.69;3.9;87;76.2;1.6;1.4;7.8;0.21;0.05;0.04;0.05
14;0;100;50;50;18.52;3.38;9.62;2.57;2.53;0.168;73.4;15.07;7.67;4.37;0.73;2.44;5.38;248.2;187.5;45;4.9;10.8;0.59;1.48;0.19;0.26;0.49;0.48;0.089;26.6;5.28;2.46;1.7;0.3;0.94;4.24;89.6;77.6;1.6;1.9;8.5;0.29;0.07;0.05;0.07
14;0;100;50;100;18.74;3.81;10.94;3.07;3.05;0.187;72.2;16.31;8.58;4.61;0.8;2.53;6.11;243.4;181.7;44.4;5.1;12.2;0.6;1.98;0.21;0.27;0.66;0.64;0.091;27.8;6.87;3.22;2.13;0.38;1.28;4.83;93.6;79.2;2.2;2.6;9.7;0.38;0.09;0.07;0.09
14;0;100;100;0;20.14;3.36;9.78;2.41;2.39;0.154;79.7;15.47;7.74;4.61;0.78;2.48;5.41;252.4;186.4;50.2;5;10.8;0.59;1.32;0.2;0.27;0.42;0.43;0.087;20.3;4.85;2.2;1.61;0.25;0.88;4.36;64.1;51.9;1.6;1.8;8.7;0.27;0.05;0.05;0.07
14;0;100;100;50;21.54;4.09;11.7;2.88;2.88;0.165;78.3;17.44;8.84;5.08;0.93;2.83;6.48;247.3;176.3;52.4;5.7;13;0.57;1.8;0.21;0.3;0.62;0.62;0.088;21.7;6.88;3.23;2.08;0.42;1.26;5.21;68.3;53.8;1.5;2.5;10.4;0.39;0.07;0.07;0.09
14;0;100;100;100;21.9;4.6;12.81;3.43;3.49;0.185;77;18.82;9.73;5.41;0.94;3;7.14;241;168.2;52.5;6;14.3;0.54;2.4;0.23;0.32;0.78;0.77;0.09;23;8.42;3.93;2.67;0.45;1.6;5.67;71.9;55.3;2;3.2;11.3;0.48;0.08;0.09;0.11
14;50;0;0;0;15.84;2.34;6.84;2.08;2.09;0.174;66.7;12.06;6.09;3.55;0.6;1.89;3.83;202.5;166.8;24.3;3.8;7.7;1.34;0.4;0.15;0.21;0.22;0.23;0.079;33.3;2.47;1.17;0.76;0.15;0.45;3.01;101.2;90.5;3.8;0.9;6;0.11;0.06;0.02;0.04
14;50;0;0;50;15.76;2.64;7.43;2.3;2.25;0.174;66;12.96;6.81;3.63;0.63;2.09;4.08;200.3;164.2;23.7;4.2;8.2;1.35;0.52;0.15;0.22;0.28;0.27;0.084;34;2.95;1.38;0.96;0.14;0.55;3.35;103.2;91.8;3.6;1.1;6.7;0.12;0.08;0.03;0.04
14;50;0;0;100;15.25;2.76;7.75;2.43;2.41;0.18;65.3;13.46;6.94;3.92;0.62;2.15;4.24;199.2;163.8;22.6;4.3;8.5;1.36;0.67;0.16;0.22;0.31;0.33;0.096;34.7;3.23;1.52;0.99;0.18;0.61;3.51;105.6;92;5.4;1.2;7;0.12;0.14;0.03;0.04
14;50;0;50;0;18.04;2.73;7.93;2.12;2.2;0.169;71.4;13.02;6.59;3.82;0.67;2.1;4.3;203.4;162.3;28.2;4.2;8.6;1.32;0.49;0.16;0.23;0.31;0.32;0.082;28.6;3.62;1.64;1.14;0.19;0.64;3.62;81.6;69.6;3.5;1.3;7.2;0.18;0.06;0.03;0.05
14;50;0;50;50;17.96;3.14;8.92;2.27;2.29;0.17;70.7;13.54;6.91;3.98;0.64;2.19;4.99;201.9;160.2;27.3;4.4;10;1.29;0.6;0.17;0.24;0.46;0.46;0.086;29.3;5.18;2.41;1.67;0.28;0.95;3.92;83.5;70.3;3.4;1.9;7.8;0.26;0.08;0.06;0.07
14;50;0;50;100;18.05;3.53;10.17;2.55;2.62;0.179;69.4;14.7;7.45;4.3;0.75;2.29;5.76;200;157;26.9;4.6;11.5;1.28;0.9;0.19;0.26;0.68;0.64;0.092;30.6;6.83;3.18;2.21;0.33;1.24;4.41;88.1;71.5;5.3;2.5;8.8;0.34;0.14;0.07;0.1
14;50;0;100;0;19.11;2.96;8.52;2.13;2.2;0.167;77.5;13.19;6.71;3.89;0.6;2.11;4.76;204.5;160.7;30.1;4.2;9.5;1.29;0.52;0.16;0.23;0.38;0.4;0.084;22.5;4.6;2.14;1.46;0.25;0.85;3.76;59.3;46.8;3.4;1.7;7.5;0.24;0.06;0.04;0.06
14;50;0;100;50;20.15;3.6;10.13;2.5;2.41;0.164;76.2;14.72;7.55;4.3;0.74;2.38;5.65;201.8;154.6;31.1;4.8;11.3;1.24;0.73;0.19;0.25;0.59;0.58;0.087;23.8;6.56;3.09;2.06;0.32;1.22;4.48;63;48.3;3.3;2.4;9;0.35;0.07;0.07;0.09
14;50;0;100;100;20.72;4.05;11.46;2.89;2.78;0.174;74.6;16;8.17;4.62;0.81;2.48;6.44;199.5;150.3;31.4;5;12.9;1.21;1.1;0.19;0.28;0.77;0.76;0.091;25.4;8.22;3.9;2.56;0.41;1.57;5.02;67.6;49.3;5.1;3.1;10;0.43;0.13;0.09;0.11
14;50;50;0;0;16;2.98;8.46;2.8;2.75;0.173;65.9;15.9;8.2;4.63;0.78;2.5;4.67;201.3;162.1;24.9;5;9.3;1.73;0.54;0.2;0.28;0.23;0.24;0.081;34.1;2.53;1.17;0.81;0.14;0.48;3.79;104.1;92.9;2.7;1;7.6;0.11;0.06;0.03;0.04
14;50;50;0;50;15.99;3.21;8.94;3.03;3.03;0.18;65.2;16.81;8.74;4.74;0.82;2.71;4.9;198.8;159.2;24.5;5.4;9.8;1.71;0.82;0.21;0.29;0.31;0.28;0.088;34.8;2.82;1.37;0.85;0.15;0.51;4.04;106.1;94.3;2.7;1;8.1;0.12;0.09;0.03;0.04
14;50;50;0;100;15.18;3.28;9.18;3.19;3.21;0.187;64.5;17.2;8.97;4.85;0.85;2.71;5.04;196.7;158.2;22.9;5.4;10.1;1.69;1;0.23;0.29;0.36;0.34;0.098;35.5;3.18;1.52;0.98;0.17;0.57;4.13;108;94.8;3.8;1.1;8.3;0.13;0.13;0.03;0.05
14;50;50;50;0;18.29;3.43;9.8;2.86;2.85;0.167;70.5;17.08;8.69;4.92;0.84;2.73;5.42;201.7;156.7;28.7;5.5;10.8;1.68;0.66;0.21;0.3;0.34;0.34;0.084;29.5;3.78;1.76;1.25;0.19;0.7;4.38;84.3;71.6;2.5;1.4;8.8;0.2;0.05;0.04;0.05
14;50;50;50;50;18.23;3.75;10.77;3.11;3.14;0.177;69.6;17.84;9.1;5.14;0.92;2.81;6;199.2;153.5;28.1;5.6;12;1.65;0.97;0.23;0.3;0.42;0.47;0.088;30.4;5.12;2.35;1.67;0.27;0.95;4.77;86.7;72.8;2.4;1.9;9.5;0.27;0.08;0.05;0.07
14;50;50;50;100;18.78;4.31;12.2;3.53;3.55;0.187;69.6;19.07;10.07;5.42;0.97;3.06;6.77;210.4;148.4;42.3;6.1;13.5;1.6;1.39;0.24;0.32;0.61;0.63;0.091;30.4;6.71;3.11;2.16;0.38;1.25;5.43;91.6;74.7;3.5;2.5;10.9;0.36;0.12;0.07;0.09
14;50;50;100;0;20.03;3.7;10.6;3.01;3.01;0.168;76.4;18.01;9.12;5.27;0.91;2.85;5.9;202;152.7;31.8;5.7;11.8;1.63;0.83;0.23;0.32;0.44;0.41;0.085;23.6;4.58;2.15;1.44;0.23;0.85;4.7;62.3;48.7;2.4;1.7;9.4;0.25;0.05;0.05;0.06
14;50;50;100;50;20.93;4.27;12.24;3.5;3.43;0.176;76.5;19.5;10.13;5.52;0.97;3.05;6.82;215;146.2;49;6.1;13.6;1.57;1.27;0.24;0.35;0.59;0.6;0.089;23.5;6.62;3.07;2.13;0.34;1.23;5.42;66;50.3;2.4;2.5;10.8;0.36;0.08;0.06;0.1
14;50;50;100;100;21.08;4.69;13.79;3.75;3.77;0.184;75.1;20.48;10.56;5.93;1.1;3.17;7.62;212;142.3;48.1;6.3;15.2;1.56;1.62;0.25;0.35;0.75;0.77;0.09;24.9;8.4;3.88;2.65;0.47;1.52;6.17;70.2;51.3;3.5;3;12.3;0.46;0.11;0.08;0.11
14;50;100;0;0;16.33;3.57;10.21;3.55;3.53;0.178;66.5;19.88;10.26;5.79;0.97;3.11;5.72;213.1;157;38.4;6.2;11.4;2.1;0.85;0.24;0.35;0.24;0.23;0.081;33.5;2.37;1.1;0.78;0.12;0.46;4.49;107;95.4;1.8;0.9;9;0.12;0.06;0.02;0.03
14;50;100;0;50;15.88;3.66;10.65;3.9;3.88;0.187;65.7;20.77;10.85;5.86;1.05;3.18;6.02;210.1;154.7;37;6.4;12;2.08;1.19;0.25;0.36;0.25;0.27;0.091;34.3;2.63;1.2;0.88;0.15;0.48;4.63;109.3;96.5;2.6;1;9.3;0.12;0.09;0.03;0.04
14;50;100;0;100;15.86;3.82;10.87;4.34;4.26;0.198;64.8;21.55;11.33;6.03;1.02;3.25;6.04;206.1;150.8;36.7;6.5;12.1;2.06;1.57;0.26;0.36;0.34;0.32;0.095;35.2;2.98;1.44;0.93;0.16;0.56;4.83;111.6;98.4;2.4;1.1;9.7;0.14;0.11;0.03;0.04
14;50;100;50;0;18.9;4.04;11.61;3.7;3.79;0.177;71;21.43;10.84;6.16;1.12;3.36;6.45;214.6;150;45;6.7;12.9;2.01;1.14;0.26;0.37;0.31;0.35;0.087;29;3.74;1.7;1.24;0.19;0.68;5.16;87.5;74.1;1.6;1.4;10.3;0.2;0.06;0.04;0.05
14;50;100;50;50;19.11;4.43;12.64;4.15;4.1;0.183;69.7;22.4;11.63;6.45;1.05;3.56;7;210.8;144.9;44.8;7.1;14;1.95;1.48;0.28;0.38;0.46;0.46;0.09;30.3;4.99;2.29;1.63;0.25;0.87;5.63;91.3;76;2.3;1.7;11.3;0.27;0.08;0.05;0.06
14;50;100;50;100;19.19;4.84;13.76;4.49;4.52;0.195;68.7;23.18;12.15;6.59;1.11;3.59;7.72;207.5;141.3;43.6;7.2;15.4;1.9;1.94;0.29;0.39;0.65;0.63;0.093;31.3;6.67;3.14;2.1;0.34;1.25;6.04;94.4;77.3;2.5;2.5;12.1;0.36;0.11;0.07;0.09
14;50;100;100;0;20.67;4.49;12.72;3.96;3.93;0.174;76.7;22.6;11.62;6.63;1.08;3.62;7.08;215.7;144.7;49.6;7.2;14.2;1.96;1.3;0.28;0.39;0.44;0.41;0.086;23.3;4.61;2.17;1.46;0.25;0.86;5.64;65.4;50.7;1.6;1.7;11.3;0.26;0.05;0.04;0.06
14;50;100;100;50;21.84;5.06;14.11;4.3;4.27;0.18;75.1;23.79;12.38;6.65;1.15;3.79;7.81;211.7;137.1;51.4;7.6;15.6;1.82;1.74;0.3;0.4;0.62;0.61;0.089;24.9;6.71;3.16;2.09;0.38;1.27;6.29;70.1;52.6;2.4;2.5;12.6;0.38;0.08;0.07;0.09
14;50;100;100;100;22.01;5.44;15.55;4.95;4.86;0.193;73.9;25.17;13.17;7.2;1.15;3.89;8.69;207.2;131.2;50.9;7.8;17.4;1.76;2.35;0.32;0.42;0.73;0.79;0.091;26.1;8.54;3.91;2.76;0.46;1.55;6.87;73.1;54;2.2;3.1;13.7;0.48;0.1;0.09;0.12
14;100;0;0;0;17.56;2.88;8.25;2.77;2.72;0.182;59.3;15.01;7.75;4.32;0.71;2.36;4.64;151.2;113.3;23.9;4.7;9.3;1.88;0.4;0.19;0.26;0.3;0.29;0.086;40.7;3.02;1.39;0.96;0.16;0.53;3.6;103.9;89;6.6;1.1;7.2;0.11;0.11;0.03;0.04
14;100;0;0;50;17.11;3.13;8.78;2.75;2.8;0.182;59.1;15.45;7.96;4.45;0.71;2.46;4.93;151;113.2;23;4.9;9.9;1.86;0.49;0.19;0.27;0.35;0.37;0.096;40.9;3.64;1.75;1.13;0.18;0.68;3.85;104.6;89;6.5;1.4;7.7;0.11;0.17;0.04;0.05
14;100;0;0;100;17.16;3.29;9.53;2.96;3.01;0.186;57.8;16.28;8.46;4.69;0.81;2.52;5.29;150.2;112.3;22.3;5;10.6;1.85;0.67;0.21;0.28;0.49;0.48;0.108;42.2;4.29;2.05;1.34;0.23;0.77;4.24;109.8;89.7;10.1;1.5;8.5;0.12;0.26;0.04;0.06
14;100;0;50;0;19.48;3.25;9.12;2.73;2.76;0.178;64.7;15.55;7.93;4.46;0.75;2.47;5.15;153.7;111;27.5;4.9;10.3;1.83;0.46;0.19;0.27;0.37;0.38;0.088;35.3;4.18;1.96;1.32;0.22;0.78;3.97;84;68;6.5;1.6;7.9;0.18;0.11;0.04;0.06
14;100;0;50;50;19.49;3.69;10.23;2.9;2.91;0.178;64.1;16.36;8.41;4.63;0.79;2.61;5.79;153.7;110;26.9;5.2;11.6;1.83;0.59;0.21;0.28;0.57;0.55;0.093;35.9;5.79;2.72;1.79;0.3;1.08;4.44;85.9;68.6;6.3;2.2;8.9;0.25;0.16;0.06;0.08
14;100;0;50;100;19.52;4.06;11.7;3.11;3.18;0.185;62.4;17.23;8.82;4.92;0.86;2.64;6.56;152.6;108.2;26;5.3;13.1;1.8;0.87;0.21;0.29;0.75;0.76;0.098;37.6;7.66;3.55;2.48;0.4;1.42;5.13;92.1;69.6;9.4;2.8;10.3;0.34;0.24;0.07;0.1
14;100;0;100;0;20.84;3.44;10.05;2.85;2.82;0.175;71;16.12;8.25;4.73;0.77;2.48;5.59;155.2;109.3;29.7;5;11.2;1.82;0.52;0.19;0.29;0.46;0.46;0.088;29;5.07;2.37;1.59;0.28;0.97;4.46;63.2;46;6.4;1.9;8.9;0.23;0.11;0.05;0.07
14;100;0;100;50;22.01;4.09;11.68;3.16;3.02;0.172;70.2;17.56;9.19;4.98;0.88;2.82;6.52;155.9;106.2;31.1;5.6;13;1.77;0.72;0.21;0.31;0.64;0.65;0.091;29.8;7.02;3.16;2.25;0.43;1.28;5.16;66.1;47.1;6.1;2.6;10.3;0.32;0.16;0.07;0.1
14;100;0;100;100;22.01;4.62;13.1;3.23;3.31;0.181;68.2;18.35;9.49;5.19;0.96;2.94;7.24;154.6;104;30.2;5.9;14.5;1.72;1.06;0.22;0.31;0.93;0.88;0.096;31.8;9.09;4.31;2.81;0.51;1.67;5.87;72.2;47.9;9.3;3.3;11.7;0.42;0.24;0.09;0.12
14;100;50;0;0;17.52;3.72;10.71;3.87;3.77;0.185;59.2;20.48;10.63;5.82;0.99;3.13;5.91;154.2;112.4;23.7;6.3;11.8;2.68;0.5;0.24;0.35;0.32;0.31;0.091;40.8;3.14;1.49;0.97;0.18;0.59;4.79;106;89.7;5.6;1.2;9.6;0.11;0.13;0.03;0.04
14;100;50;0;50;17.72;3.93;11.31;4.11;4.03;0.189;58.1;21.42;11.22;6.1;1;3.33;6.23;153.5;110.7;23.7;6.7;12.5;2.63;0.79;0.26;0.35;0.41;0.39;0.106;41.9;3.49;1.64;1.09;0.2;0.61;5.08;110.6;90.9;8.2;1.2;10.2;0.11;0.21;0.03;0.04
14;100;50;0;100;17.09;4.21;11.77;4.37;4.29;0.193;57.6;22.27;11.88;6.05;1.09;3.48;6.46;152;109.5;22.6;7;12.9;2.63;1.01;0.28;0.37;0.49;0.48;0.115;42.4;4.03;1.92;1.27;0.22;0.73;5.32;111.9;91.8;8.1;1.5;10.6;0.12;0.27;0.04;0.06
14;100;50;50;0;19.89;4.14;11.97;3.94;3.89;0.179;64.3;21.82;11.18;6.32;1.05;3.34;6.67;156.8;108.7;28.1;6.7;13.3;2.6;0.64;0.26;0.38;0.4;0.41;0.091;35.7;4.27;1.99;1.35;0.21;0.8;5.3;86.9;69.3;5.4;1.6;10.6;0.18;0.12;0.05;0.06
14;100;50;50;50;19.83;4.63;13.16;4.23;4.16;0.185;62.9;22.5;11.8;6.44;1.04;3.53;7.37;156.2;107.2;27.2;7.1;14.7;2.56;0.93;0.28;0.38;0.65;0.63;0.099;37.1;6.13;2.85;1.97;0.31;1.1;5.78;92;70.1;8.1;2.2;11.6;0.27;0.21;0.06;0.09
14;100;50;50;100;19.93;4.98;14.27;4.6;4.48;0.193;63.9;23.26;12.24;6.52;1.11;3.57;8.04;167.7;104.4;40.1;7.1;16.1;2.5;1.3;0.28;0.4;0.76;0.79;0.1;36.1;7.74;3.61;2.45;0.42;1.41;6.23;94.7;71.7;7.7;2.8;12.5;0.35;0.26;0.08;0.1
14;100;50;100;0;21.31;4.5;12.67;4.08;3.96;0.178;70.5;22.22;11.53;6.34;1.07;3.51;6.97;157.4;106;30.5;7;13.9;2.52;0.79;0.28;0.37;0.51;0.48;0.09;29.5;5.18;2.44;1.63;0.29;0.99;5.7;65.9;47.2;5.3;2;11.4;0.24;0.12;0.05;0.07
14;100;50;100;50;22.34;4.99;14.48;4.33;4.37;0.184;70.7;23.76;12.21;6.87;1.18;3.65;8.02;172.9;101.9;47.6;7.3;16;2.43;1.24;0.29;0.41;0.71;0.71;0.096;29.3;7.24;3.38;2.27;0.39;1.33;6.47;71.7;48.7;7.4;2.7;12.9;0.34;0.19;0.07;0.1
14;100;50;100;100;22.56;5.42;15.68;4.72;4.66;0.19;69.6;24.59;12.8;6.98;1.17;3.75;8.71;170.8;98.9;47.1;7.5;17.4;2.36;1.59;0.29;0.42;0.93;0.91;0.098;30.4;9.17;4.26;2.94;0.49;1.68;6.97;74.4;49.8;7.3;3.4;13.9;0.44;0.25;0.09;0.12
14;100;100;0;0;17.97;4.46;12.65;4.71;4.6;0.186;60.5;24.8;13.05;7.01;1.15;3.9;7.02;167.5;108.4;37.2;7.8;14;3.03;0.84;0.3;0.42;0.36;0.36;0.102;39.5;3.24;1.5;1.05;0.17;0.56;5.63;109.5;92.6;4.6;1.1;11.3;0.11;0.16;0.03;0.05
14;100;100;0;50;17.6;4.54;13.12;5;4.92;0.193;59.7;25.51;13.35;7.21;1.24;3.92;7.37;166.3;107.9;35.8;7.8;14.7;3.05;1.14;0.3;0.43;0.44;0.43;0.113;40.3;3.64;1.7;1.16;0.23;0.62;5.75;112.4;93;6.6;1.2;11.5;0.12;0.23;0.04;0.05
14;100;100;0;100;17.34;4.6;13.35;5.27;5.23;0.201;58.9;26.03;13.68;7.38;1.23;3.94;7.38;163.4;106.1;34.7;7.9;14.8;2.99;1.5;0.3;0.44;0.52;0.51;0.125;41.1;3.96;1.89;1.22;0.21;0.66;5.96;114.1;94.3;6.6;1.3;11.9;0.13;0.3;0.03;0.06
14;100;100;50;0;20.44;4.93;13.98;4.85;4.82;0.184;65.5;26.16;13.71;7.41;1.25;4.15;7.75;171.6;103.9;43.9;8.3;15.5;2.94;1.11;0.32;0.45;0.45;0.44;0.097;34.5;4.37;2.02;1.39;0.25;0.78;6.23;90.2;72;4.2;1.6;12.5;0.19;0.15;0.03;0.06
14;100;100;50;50;20.23;5.28;14.87;5.14;5.08;0.19;64.1;26.86;14.11;7.58;1.32;4.16;8.26;169.2;101.8;42.6;8.3;16.5;2.88;1.41;0.34;0.46;0.65;0.62;0.102;35.9;5.93;2.85;1.86;0.32;1.11;6.61;94.7;73.1;6.1;2.2;13.2;0.27;0.21;0.06;0.08
14;100;100;50;100;20.36;5.52;15.96;5.53;5.43;0.199;63;27.34;14.52;7.55;1.39;4.13;8.85;166.7;99;41.8;8.3;17.7;2.78;1.85;0.33;0.46;0.82;0.82;0.105;37;7.69;3.65;2.44;0.4;1.39;7.12;97.8;74.7;6.1;2.8;14.2;0.36;0.28;0.07;0.1
14;100;100;100;0;22.07;5.24;14.83;4.92;4.89;0.181;71.7;27;13.99;7.7;1.32;4.28;8.26;173.6;100.6;47.9;8.6;16.5;2.84;1.27;0.32;0.46;0.52;0.53;0.096;28.3;5.33;2.48;1.7;0.3;0.96;6.58;68.5;49.2;4.3;1.9;13.2;0.25;0.15;0.05;0.07
14;100;100;100;50;23.02;5.87;16.37;5.28;5.24;0.186;69.9;28.25;14.78;8.01;1.34;4.51;9.07;172.5;95.9;49.5;9;18.1;2.71;1.7;0.36;0.47;0.69;0.74;0.097;30.1;7.44;3.45;2.37;0.37;1.36;7.3;74.2;50.9;6;2.7;14.6;0.37;0.2;0.07;0.1
14;100;100;100;100;23.19;6.24;17.6;5.78;5.69;0.197;68.8;28.97;15.28;8.05;1.4;4.48;9.73;170.3;92.7;49.1;9;19.5;2.61;2.25;0.35;0.48;0.95;0.95;0.101;31.2;9.34;4.52;2.88;0.48;1.76;7.87;77.1;52.1;5.7;3.5;15.7;0.47;0.26;0.1;0.13
15;0;0;0;0;15.28;1.89;5.27;1.42;1.45;0.161;73;9.02;4.52;2.69;0.46;1.49;2.88;255.4;220.9;25.8;3;5.8;0.73;0.45;0.12;0.16;0.19;0.19;0.073;27;2.15;0.99;0.68;0.11;0.4;2.39;94.5;87;1.9;0.8;4.8;0.11;0.03;0.02;0.03
15;0;0;0;50;14.9;2;5.58;1.57;1.57;0.165;72.7;9.53;4.86;2.84;0.44;1.57;3.12;253.7;219.4;24.9;3.1;6.2;0.75;0.53;0.12;0.17;0.2;0.21;0.077;27.3;2.33;1.06;0.76;0.13;0.42;2.46;95.1;87.5;1.8;0.8;4.9;0.11;0.04;0.02;0.04
15;0;0;0;100;14.59;2.08;5.98;1.79;1.75;0.172;72;10.2;5.17;2.95;0.52;1.6;3.34;250.5;216.6;24;3.2;6.7;0.74;0.71;0.12;0.17;0.24;0.24;0.081;28;2.61;1.22;0.8;0.15;0.48;2.64;97.4;88.4;2.7;1;5.3;0.13;0.06;0.02;0.03
15;0;0;50;0;17.49;2.19;6.3;1.51;1.54;0.158;77.3;9.73;4.97;2.82;0.48;1.58;3.45;256.2;216.6;29.6;3.2;6.9;0.74;0.5;0.13;0.17;0.27;0.29;0.081;22.7;3.35;1.52;1.07;0.2;0.61;2.85;75.1;66.3;1.9;1.2;5.7;0.18;0.03;0.03;0.05
15;0;0;50;50;17.44;2.47;7.38;1.67;1.68;0.159;76.6;10.55;5.21;3.23;0.51;1.66;4.12;253.3;212.7;29;3.3;8.2;0.73;0.63;0.13;0.19;0.4;0.39;0.083;23.4;4.53;2.06;1.47;0.27;0.81;3.26;77.1;67.3;1.7;1.6;6.5;0.25;0.04;0.04;0.06
15;0;0;50;100;17.56;2.99;8.66;1.98;2.02;0.173;75.3;11.72;5.98;3.48;0.56;1.86;4.86;248.6;206.8;28.4;3.7;9.7;0.71;0.95;0.15;0.21;0.53;0.54;0.086;24.7;6.12;2.82;2;0.34;1.13;3.8;81.3;68.8;2.6;2.3;7.6;0.34;0.06;0.06;0.08
15;0;0;100;0;18.31;2.48;7.08;1.43;1.56;0.156;82.5;10.04;4.98;3.01;0.51;1.65;3.95;256.4;214.3;30.9;3.3;7.9;0.72;0.53;0.13;0.19;0.39;0.37;0.081;17.5;4.32;2.02;1.39;0.23;0.82;3.12;54.2;44.6;1.7;1.6;6.2;0.25;0.03;0.04;0.06
15;0;0;100;50;19.37;3.04;8.73;1.74;1.79;0.155;81.3;11.54;5.75;3.41;0.63;1.86;4.77;252.1;206.8;32;3.7;9.5;0.7;0.73;0.15;0.2;0.52;0.54;0.084;18.7;6.2;2.85;1.98;0.33;1.18;3.96;57.9;45.9;1.7;2.4;7.9;0.35;0.04;0.06;0.08
15;0;0;100;100;20.17;3.54;9.98;2.23;2.23;0.168;79.9;13.32;6.85;3.78;0.69;2.19;5.52;245.9;197.6;32.9;4.4;11;0.67;1.16;0.18;0.23;0.7;0.65;0.086;20.1;7.38;3.4;2.36;0.43;1.35;4.46;61.5;47.4;2.4;2.7;8.9;0.42;0.06;0.07;0.1
15;0;50;0;0;15.67;2.12;6.03;1.65;1.62;0.154;72.2;10.5;5.28;3.12;0.54;1.71;3.35;251.6;215.2;26.3;3.4;6.7;0.74;0.56;0.14;0.19;0.18;0.2;0.075;27.8;2.21;1;0.71;0.11;0.41;2.68;96.9;88.9;1.8;0.8;5.4;0.11;0.04;0.02;0.03
15;0;50;0;50;15.54;2.29;6.5;1.92;1.93;0.167;71.3;11.55;5.91;3.33;0.6;1.83;3.56;246.7;210;25.9;3.7;7.1;0.71;0.86;0.15;0.2;0.22;0.23;0.08;28.7;2.38;1.14;0.74;0.12;0.45;2.95;99.2;90.7;1.7;0.9;5.9;0.12;0.05;0.02;0.03
15;0;50;0;100;15.2;2.48;7.06;2.18;2.18;0.177;70.6;12.36;6.29;3.6;0.63;1.96;3.96;243.8;207;25;3.9;7.9;0.7;1.11;0.16;0.21;0.28;0.28;0.089;29.4;2.8;1.3;0.91;0.15;0.51;3.09;101.4;91.7;2.5;1;6.2;0.13;0.08;0.03;0.04
15;0;50;50;0;17.99;2.55;7.26;1.81;1.74;0.149;76.2;11.71;5.88;3.42;0.6;1.89;4;250.2;208.1;30.4;3.8;8;0.71;0.68;0.14;0.21;0.34;0.31;0.082;23.8;3.54;1.68;1.09;0.2;0.67;3.25;78;68.5;1.7;1.3;6.5;0.19;0.04;0.04;0.05
15;0;50;50;50;18.3;3.05;8.48;2.13;2.16;0.163;75.1;13.32;6.69;3.96;0.64;2.17;4.75;244.9;200.7;30.4;4.3;9.5;0.69;1.06;0.18;0.24;0.42;0.42;0.086;24.9;4.68;2.22;1.44;0.25;0.88;3.73;81.2;70.4;1.6;1.8;7.5;0.26;0.05;0.05;0.07
15;0;50;50;100;18.34;3.42;9.74;2.58;2.53;0.179;74.9;14.13;7.39;4.06;0.68;2.25;5.46;255;195.4;44.2;4.5;10.9;0.67;1.45;0.18;0.24;0.57;0.57;0.089;25.1;6.36;2.91;2.05;0.34;1.17;4.28;85;71.7;2.4;2.3;8.6;0.36;0.08;0.06;0.08
15;0;50;100;0;19.33;3.03;8.32;1.95;1.95;0.152;81.2;12.83;6.41;3.82;0.68;2.14;4.62;248.9;203.1;32.2;4.3;9.2;0.7;0.84;0.18;0.23;0.44;0.41;0.085;18.8;4.66;2.17;1.56;0.21;0.89;3.7;57.3;46.5;1.7;1.8;7.4;0.26;0.04;0.05;0.07
15;0;50;100;50;20.35;3.56;10;2.38;2.38;0.166;81;14.33;7.36;4.16;0.69;2.37;5.63;259.9;194;50;4.7;11.3;0.65;1.29;0.18;0.26;0.58;0.57;0.086;19;6.48;2.96;2.08;0.36;1.19;4.36;60.8;48;1.6;2.4;8.7;0.37;0.05;0.06;0.09
15;0;50;100;100;21.19;3.91;11.52;2.89;2.85;0.176;79.6;16.17;8.31;4.74;0.77;2.5;6.41;254;184.9;51.3;5;12.8;0.63;1.74;0.2;0.29;0.76;0.69;0.087;20.4;7.77;3.56;2.53;0.42;1.4;5.11;65;49.6;2.4;2.8;10.2;0.44;0.07;0.07;0.1
15;0;100;0;0;16.7;2.6;7.09;2.01;2.03;0.157;71.7;12.93;6.53;3.76;0.64;2.16;3.92;257.9;204.2;41.6;4.3;7.8;0.7;0.94;0.17;0.23;0.22;0.22;0.08;28.3;2.36;1.07;0.76;0.13;0.43;3.18;101.6;92.6;1.7;0.9;6.4;0.12;0.05;0.02;0.03
15;0;100;0;50;16.2;2.63;7.48;2.42;2.4;0.174;71.1;13.76;7.05;3.98;0.66;2.18;4.19;253.7;200.7;40.2;4.4;8.4;0.7;1.28;0.17;0.24;0.26;0.25;0.086;28.9;2.52;1.19;0.79;0.13;0.46;3.29;102.9;93.8;1.6;0.9;6.6;0.12;0.07;0.03;0.03
15;0;100;0;100;15.95;2.81;7.91;2.74;2.78;0.192;70.3;14.5;7.52;4.12;0.72;2.28;4.38;249.9;197.5;39.1;4.6;8.8;0.67;1.68;0.18;0.24;0.3;0.31;0.099;29.7;2.87;1.38;0.91;0.14;0.53;3.52;105.5;94.9;2.5;1.1;7;0.13;0.11;0.03;0.04
15;0;100;50;0;19.07;3.02;8.65;2.28;2.33;0.16;75.9;14.55;7.42;4.25;0.72;2.35;4.86;258.5;196.5;47.6;4.7;9.7;0.67;1.2;0.19;0.26;0.35;0.33;0.085;24.1;3.65;1.68;1.16;0.22;0.67;3.79;82.1;71.4;1.7;1.3;7.6;0.2;0.05;0.03;0.05
15;0;100;50;50;19.05;3.34;9.88;2.71;2.68;0.17;74.7;15.74;7.94;4.64;0.75;2.42;5.52;252.2;189.4;46.9;4.8;11;0.63;1.57;0.2;0.28;0.47;0.47;0.089;25.3;5.09;2.35;1.66;0.26;0.92;4.36;85.3;73.2;1.5;1.8;8.7;0.28;0.07;0.05;0.07
15;0;100;50;100;19.48;3.94;10.96;3.2;3.2;0.189;73.5;16.9;8.89;4.75;0.8;2.68;6.2;247.7;183.3;46.7;5.4;12.4;0.62;2.08;0.21;0.29;0.65;0.62;0.092;26.5;6.59;3.11;2.06;0.35;1.26;4.76;89.1;74.8;2.3;2.5;9.5;0.36;0.1;0.07;0.09
15;0;100;100;0;20.42;3.44;9.73;2.47;2.47;0.158;80.9;15.63;7.85;4.56;0.81;2.55;5.45;256.9;190.2;50.6;5.1;10.9;0.66;1.33;0.2;0.28;0.4;0.43;0.086;19.1;4.89;2.19;1.63;0.27;0.89;4.28;60.6;48.7;1.6;1.8;8.6;0.27;0.05;0.05;0.07
15;0;100;100;50;21.44;3.99;11.5;2.96;2.91;0.168;79.4;17.32;8.85;5.04;0.85;2.71;6.4;250.6;179.9;52.5;5.4;12.8;0.6;1.79;0.21;0.31;0.61;0.61;0.087;20.6;6.85;3.23;2.16;0.37;1.28;5.1;64.6;50.4;1.4;2.6;10.2;0.39;0.06;0.07;0.1
15;0;100;100;100;22.45;4.58;12.88;3.67;3.63;0.188;78;19.34;10.09;5.47;0.94;3.06;7.17;244.9;170.5;53.9;6.1;14.3;0.58;2.48;0.25;0.32;0.77;0.74;0.09;22;8.17;3.85;2.55;0.45;1.52;5.72;68.7;52;2.2;3;11.4;0.46;0.1;0.07;0.11
15;50;0;0;0;15.94;2.44;6.92;2.33;2.34;0.184;68.3;12.8;6.64;3.64;0.65;2.02;3.9;205.9;168.8;25.3;4;7.8;1.52;0.43;0.17;0.22;0.21;0.21;0.077;31.7;2.36;1.1;0.75;0.14;0.43;3.02;95.4;85.6;2.9;0.9;6;0.11;0.05;0.02;0.03
15;50;0;0;50;15.56;2.54;7.08;2.46;2.4;0.183;67.9;13.14;6.88;3.7;0.65;2.08;4;204.1;167.2;24.7;4.2;8;1.47;0.53;0.17;0.23;0.26;0.24;0.08;32.1;2.62;1.2;0.83;0.15;0.46;3.08;96.2;86.3;2.8;0.9;6.2;0.12;0.06;0.03;0.04
15;50;0;0;100;15.26;2.7;7.62;2.47;2.55;0.188;67.2;13.66;7.08;3.92;0.69;2.19;4.26;202.3;165.8;23.7;4.4;8.5;1.45;0.7;0.17;0.24;0.28;0.29;0.089;32.8;2.92;1.31;0.93;0.18;0.52;3.36;98.8;86.9;4.2;1;6.7;0.12;0.1;0.03;0.04
15;50;0;50;0;17.98;2.78;7.81;2.31;2.37;0.179;73.3;13.26;6.75;3.86;0.67;2.11;4.44;208.4;166.3;28.9;4.2;8.9;1.48;0.49;0.17;0.23;0.28;0.31;0.082;26.7;3.5;1.66;1.06;0.18;0.67;3.37;75.9;65;2.8;1.3;6.7;0.18;0.05;0.03;0.05
15;50;0;50;50;18;3;8.53;2.5;2.44;0.178;72.3;13.79;7.16;3.87;0.69;2.15;4.74;204.5;162.2;28.5;4.3;9.5;1.41;0.62;0.18;0.24;0.45;0.41;0.084;27.7;4.69;2.22;1.43;0.25;0.85;3.79;78.4;66.4;2.7;1.7;7.6;0.24;0.06;0.04;0.07
15;50;0;50;100;18.05;3.53;10.14;2.69;2.8;0.186;70.9;15.03;7.75;4.34;0.74;2.36;5.66;202;158.2;27.8;4.7;11.3;1.42;0.93;0.2;0.26;0.6;0.59;0.089;29.1;6.43;2.95;2.09;0.34;1.17;4.49;83;67.8;3.9;2.3;9;0.34;0.1;0.07;0.08
15;50;0;100;0;18.9;2.91;8.51;2.42;2.38;0.176;78.7;13.6;7;3.95;0.64;2.09;4.73;207.4;163.3;30.5;4.2;9.5;1.45;0.53;0.16;0.25;0.4;0.4;0.084;21.3;4.52;2.06;1.43;0.27;0.82;3.79;55.9;44;2.7;1.6;7.6;0.24;0.05;0.04;0.06
15;50;0;100;50;19.93;3.59;10.12;2.51;2.56;0.173;77.6;14.88;7.58;4.31;0.78;2.35;5.71;205.7;158.2;31.3;4.7;11.4;1.38;0.73;0.19;0.27;0.53;0.56;0.085;22.4;6.4;2.97;2.03;0.35;1.24;4.41;59.2;45.2;2.7;2.5;8.8;0.35;0.06;0.07;0.08
15;50;0;100;100;20.85;4.03;11.44;3.04;3.01;0.181;76.2;16.67;8.72;4.78;0.82;2.65;6.47;202.4;151.5;32.6;5.3;12.9;1.34;1.16;0.22;0.29;0.64;0.67;0.089;23.8;7.44;3.43;2.37;0.44;1.38;4.97;63.2;46.7;3.8;2.8;9.9;0.4;0.09;0.07;0.1
15;50;50;0;0;15.92;2.93;8.28;3.03;2.96;0.183;67.7;16.28;8.49;4.6;0.79;2.5;4.69;204.6;164.5;25.7;5;9.4;1.91;0.56;0.2;0.29;0.21;0.21;0.077;32.3;2.29;1.07;0.73;0.12;0.43;3.59;97.4;87.5;1.8;0.9;7.2;0.11;0.04;0.03;0.03
15;50;50;0;50;15.96;3.05;8.83;3.21;3.2;0.189;67.1;17;8.82;4.84;0.85;2.61;4.99;202.2;161.8;25.2;5.2;10;1.86;0.84;0.2;0.3;0.24;0.24;0.083;32.9;2.49;1.16;0.78;0.14;0.45;3.84;99.2;88.7;1.9;0.9;7.7;0.12;0.06;0.02;0.03
15;50;50;0;100;15.5;3.29;9.14;3.52;3.45;0.195;66.2;17.74;9.36;5.02;0.84;2.77;5.06;199.4;159.3;24.4;5.5;10.1;1.86;1.07;0.22;0.3;0.29;0.28;0.09;33.8;2.79;1.33;0.88;0.14;0.51;4.08;101.7;89.8;2.7;1;8.2;0.13;0.09;0.03;0.04
15;50;50;50;0;18.19;3.38;9.42;3.1;3.04;0.177;72.5;17.23;8.91;4.97;0.86;2.79;5.32;206.4;160.5;29.6;5.6;10.6;1.86;0.67;0.22;0.29;0.33;0.29;0.082;27.5;3.32;1.54;1.03;0.18;0.59;4.1;78.2;67;1.8;1.2;8.2;0.18;0.04;0.03;0.05
15;50;50;50;50;18.55;3.72;10.71;3.37;3.34;0.183;71.1;18.27;9.45;5.24;0.88;2.85;5.99;201.9;154.7;29.5;5.7;12;1.78;1.03;0.22;0.31;0.43;0.42;0.086;28.9;4.75;2.16;1.54;0.25;0.87;4.73;81.9;69;1.8;1.7;9.5;0.26;0.06;0.04;0.06
15;50;50;50;100;18.64;4.19;11.73;3.71;3.73;0.194;71.4;19.26;10.11;5.44;0.94;3.02;6.58;213.6;150.8;43.6;6;13.2;1.75;1.42;0.24;0.32;0.53;0.56;0.09;28.6;6.16;2.86;1.94;0.33;1.17;5.15;85.3;70.3;2.5;2.3;10.3;0.34;0.08;0.06;0.08
15;50;50;100;0;19.68;3.66;10.53;3.17;3.22;0.177;77.9;18.22;9.37;5.25;0.91;2.86;5.92;205.8;156.3;31.9;5.7;11.8;1.85;0.83;0.22;0.32;0.39;0.38;0.082;22.1;4.42;2.01;1.42;0.23;0.8;4.6;58.1;45.6;1.7;1.6;9.2;0.25;0.04;0.04;0.06
15;50;50;100;50;20.43;4.28;12.19;3.55;3.59;0.185;77.9;19.44;10.05;5.58;0.93;3.03;6.85;218.5;150;48.7;6.1;13.7;1.77;1.25;0.24;0.33;0.55;0.57;0.086;22.1;6.47;3.04;2.02;0.39;1.25;5.33;61.8;47;1.6;2.5;10.7;0.37;0.05;0.06;0.09
15;50;50;100;100;21.2;4.8;13.36;3.88;3.95;0.19;76.6;20.81;10.87;5.85;0.99;3.31;7.56;215.2;143.5;49.9;6.6;15.1;1.66;1.68;0.26;0.36;0.72;0.71;0.088;23.4;7.91;3.68;2.53;0.43;1.49;5.79;65.4;48.5;2.4;3;11.6;0.44;0.08;0.08;0.11
15;50;100;0;0;16.84;3.6;10.23;3.76;3.77;0.187;68.2;20.21;10.54;5.82;1;3.19;5.7;217.4;159.5;40;6.4;11.4;2.28;0.89;0.25;0.35;0.21;0.22;0.082;31.8;2.31;1.04;0.75;0.14;0.41;4.53;101.4;89.7;1.8;0.8;9.1;0.11;0.06;0.02;0.03
15;50;100;0;50;16.53;3.74;10.46;4.1;4.11;0.196;67.3;21.03;10.98;5.92;0.98;3.28;5.85;213.7;156.6;38.9;6.6;11.7;2.26;1.24;0.25;0.35;0.29;0.27;0.09;32.7;2.59;1.23;0.79;0.15;0.45;4.61;103.9;91.1;2.7;0.9;9.2;0.12;0.09;0.02;0.04
15;50;100;0;100;16.41;3.91;10.9;4.39;4.5;0.206;66.5;21.93;11.54;6.17;1.11;3.42;6.12;210.3;153;38.2;6.8;12.2;2.21;1.65;0.27;0.37;0.31;0.3;0.096;33.5;2.81;1.33;0.86;0.16;0.49;4.78;105.7;92.7;2.5;1;9.6;0.13;0.11;0.02;0.03
15;50;100;50;0;19.35;4.04;11.57;3.97;4.02;0.185;72.5;21.77;11.3;6.36;1;3.38;6.5;218.8;152.7;46.3;6.8;13;2.2;1.17;0.27;0.38;0.34;0.33;0.086;27.5;3.54;1.68;1.09;0.22;0.66;5.07;82.8;69.6;1.7;1.3;10.1;0.19;0.06;0.03;0.05
15;50;100;50;50;19.42;4.46;12.6;4.31;4.3;0.191;71.1;22.64;11.84;6.52;1.07;3.58;6.96;214.3;147.3;45.9;7.2;13.9;2.12;1.52;0.28;0.38;0.5;0.46;0.089;28.9;4.91;2.32;1.52;0.28;0.87;5.64;86.8;71.5;2.4;1.7;11.3;0.27;0.08;0.04;0.06
15;50;100;50;100;19.37;4.72;13.45;4.88;4.68;0.203;70.2;23.12;12.3;6.42;1.06;3.52;7.53;210.5;143.8;44.6;7;15.1;2.05;1.98;0.27;0.38;0.62;0.63;0.093;29.8;6.64;3.07;2.11;0.38;1.2;5.92;89.3;72.6;2.4;2.4;11.8;0.36;0.11;0.07;0.09
15;50;100;100;0;20.68;4.41;12.64;3.99;4.1;0.182;77.9;22.59;11.57;6.5;1.15;3.53;7.08;218.8;148.3;49.3;7.1;14.2;2.14;1.29;0.27;0.4;0.43;0.42;0.086;22.1;4.64;2.19;1.46;0.27;0.89;5.56;61.9;47.4;1.6;1.8;11.1;0.26;0.05;0.05;0.06
15;50;100;100;50;21.6;5.06;14.11;4.48;4.45;0.187;76.3;23.82;12.47;6.66;1.11;3.79;7.87;214.7;140.4;50.9;7.6;15.7;2.01;1.73;0.31;0.4;0.61;0.63;0.089;23.7;6.89;3.21;2.19;0.39;1.26;6.24;66.5;49.2;2.3;2.5;12.5;0.39;0.08;0.07;0.09
15;50;100;100;100;22.45;5.36;15.53;5.13;5.11;0.199;75.3;25.67;13.52;7.16;1.29;3.94;8.84;211.5;133.3;52.6;7.9;17.7;1.93;2.43;0.31;0.44;0.74;0.73;0.089;24.7;8.03;3.68;2.61;0.43;1.42;6.69;69.2;50.8;2.2;2.8;13.4;0.45;0.1;0.07;0.11
15;100;0;0;0;17.49;2.99;8.11;3.02;2.96;0.193;61.2;15.4;8.18;4.3;0.73;2.49;4.57;154.1;115.1;24.9;5;9.1;2.07;0.42;0.2;0.27;0.25;0.27;0.083;38.8;2.83;1.28;0.91;0.16;0.5;3.54;97.7;83.9;5.7;1;7.1;0.1;0.1;0.03;0.04
15;100;0;0;50;17.21;3.13;8.72;3.16;3.04;0.193;60.7;15.83;8.43;4.39;0.74;2.45;4.85;153.2;114.7;24;4.9;9.7;2.05;0.52;0.2;0.27;0.32;0.35;0.093;39.3;3.44;1.65;1.04;0.19;0.68;3.87;99.1;84.1;5.9;1.4;7.7;0.11;0.15;0.04;0.05
15;100;0;0;100;16.9;3.21;9.28;3.23;3.22;0.195;59.7;16.51;8.64;4.7;0.76;2.53;5.19;152.4;114;22.9;5.1;10.4;2.04;0.69;0.2;0.28;0.44;0.44;0.105;40.3;3.95;1.83;1.28;0.2;0.68;4.09;102.9;84.6;8.8;1.4;8.2;0.12;0.23;0.04;0.05
15;100;0;50;0;19.51;3.28;9.21;2.92;3.02;0.189;66.4;16.05;8.37;4.58;0.77;2.57;5.13;156.7;112.8;28.5;5.1;10.3;2.05;0.49;0.21;0.27;0.34;0.36;0.086;33.6;3.92;1.78;1.29;0.18;0.72;4.08;79.1;64;5.5;1.4;8.2;0.17;0.09;0.04;0.05
15;100;0;50;50;19.69;3.68;10.27;3.1;3.12;0.187;65.7;16.69;8.66;4.77;0.8;2.66;5.78;156.3;111.6;27.9;5.3;11.6;2;0.61;0.21;0.29;0.54;0.51;0.092;34.3;5.47;2.58;1.71;0.3;1.02;4.49;81.6;64.7;5.9;2;9;0.24;0.15;0.05;0.07
15;100;0;50;100;19.5;4;11.47;3.33;3.41;0.194;64.1;17.63;9.18;4.96;0.86;2.7;6.45;154.7;109.3;27.1;5.4;12.9;1.97;0.91;0.22;0.3;0.67;0.7;0.096;35.9;7.15;3.37;2.2;0.38;1.3;5.03;86.6;65.8;8.1;2.6;10.1;0.32;0.21;0.07;0.09
15;100;0;100;0;20.3;3.46;9.85;3.01;3.02;0.187;72.8;16.22;8.41;4.63;0.76;2.53;5.61;157.9;112;29.6;5.1;11.2;2.04;0.51;0.2;0.28;0.45;0.45;0.087;27.2;5;2.32;1.6;0.27;0.93;4.24;59;43;5.7;1.9;8.5;0.24;0.1;0.05;0.07
15;100;0;100;50;21.33;4.03;11.39;3.2;3.18;0.183;71.7;17.39;9.02;4.96;0.83;2.76;6.39;157.6;108.6;30.7;5.5;12.8;1.96;0.7;0.22;0.29;0.69;0.64;0.09;28.3;6.97;3.29;2.22;0.36;1.26;5;62.1;44.1;5.5;2.5;10;0.34;0.14;0.07;0.09
15;100;0;100;100;21.91;4.53;12.76;3.6;3.56;0.19;69.9;18.83;9.88;5.32;0.89;3.02;7.1;156.6;105.2;31.2;6;14.2;1.92;1.09;0.23;0.31;0.84;0.81;0.094;30.1;8.45;3.87;2.76;0.43;1.51;5.66;67.5;45.3;7.9;3;11.3;0.4;0.21;0.08;0.11
15;100;50;0;0;17.77;3.82;10.82;4.12;4.13;0.195;61.2;21.27;11.13;6.01;1.03;3.3;6.04;157.7;114;25.1;6.6;12.1;2.96;0.55;0.26;0.36;0.28;0.29;0.089;38.8;2.9;1.35;0.92;0.16;0.52;4.79;100.1;84.6;4.9;1;9.6;0.1;0.12;0.03;0.04
15;100;50;0;50;17.24;3.89;11.33;4.44;4.38;0.2;60.2;21.94;11.5;6.23;1.08;3.3;6.44;156.4;112.8;24.1;6.6;12.9;2.94;0.8;0.27;0.37;0.36;0.37;0.103;39.8;3.31;1.58;1;0.19;0.59;4.89;103.3;85.4;7;1.2;9.8;0.11;0.18;0.03;0.04
15;100;50;0;100;17.11;4.05;11.62;4.61;4.59;0.203;59.5;22.62;12;6.28;1.04;3.43;6.52;154.5;110.9;23.7;6.9;13;2.88;1.04;0.28;0.39;0.42;0.44;0.111;40.5;3.78;1.76;1.18;0.2;0.63;5.11;104.9;86.7;6.8;1.3;10.2;0.12;0.24;0.03;0.05
15;100;50;50;0;19.94;4.15;11.98;4.23;4.25;0.19;66.3;22.46;11.61;6.42;1.13;3.44;6.82;160.4;110.7;29.2;6.9;13.6;2.92;0.65;0.28;0.4;0.37;0.37;0.09;33.7;3.97;1.8;1.28;0.2;0.72;5.16;81.4;65.1;4.5;1.4;10.3;0.18;0.1;0.04;0.05
15;100;50;50;50;20.26;4.6;12.99;4.42;4.5;0.194;64.4;23.23;12.11;6.56;1.17;3.57;7.26;157.8;107.4;28.8;7.1;14.5;2.79;1.01;0.29;0.4;0.55;0.55;0.099;35.6;5.46;2.58;1.7;0.3;1.03;5.73;87.2;66.8;6.9;2.1;11.5;0.24;0.18;0.06;0.07
15;100;50;50;100;19.87;5;14.25;4.76;4.83;0.202;65.4;23.95;12.55;6.71;1.19;3.65;7.96;169.8;105;41.6;7.3;15.9;2.75;1.37;0.3;0.42;0.77;0.72;0.099;34.6;7.2;3.44;2.21;0.4;1.34;6.3;89.7;68;6.5;2.7;12.6;0.34;0.22;0.07;0.1
15;100;50;100;0;20.96;4.49;12.75;4.28;4.25;0.19;72.2;22.48;11.72;6.47;1.08;3.5;7.16;160.4;108.6;30.5;7;14.3;2.82;0.78;0.27;0.39;0.5;0.47;0.088;27.8;5.2;2.43;1.63;0.3;0.99;5.59;61.8;44.1;4.5;2;11.2;0.25;0.11;0.05;0.06
15;100;50;100;50;22.07;4.98;14.38;4.62;4.63;0.194;72.1;23.9;12.46;6.73;1.22;3.65;8.06;175;103.9;47.7;7.3;16.1;2.69;1.23;0.29;0.41;0.66;0.68;0.094;27.9;7.09;3.33;2.26;0.39;1.33;6.32;67.7;45.7;6.7;2.7;12.6;0.35;0.17;0.07;0.1
15;100;50;100;100;22.88;5.41;15.46;4.92;5;0.198;71.2;25.34;13.23;7.19;1.25;3.9;8.63;174;99.6;49.3;7.8;17.3;2.58;1.67;0.31;0.44;0.82;0.83;0.097;28.8;8.4;3.81;2.75;0.45;1.5;6.82;70.3;47.2;6.5;3;13.6;0.41;0.22;0.09;0.11
15;100;100;0;0;18.08;4.51;12.57;5.03;5.01;0.197;62.4;25.55;13.52;7.1;1.22;3.99;7.07;171.4;110.1;39.1;8;14.1;3.39;0.88;0.32;0.43;0.3;0.31;0.097;37.6;2.83;1.33;0.9;0.16;0.52;5.5;103;87.2;3.7;1;11;0.11;0.14;0.03;0.03
15;100;100;0;50;17.81;4.58;12.84;5.22;5.26;0.203;61.2;25.94;13.77;7.22;1.23;4;7.05;168.1;108.2;37.8;8;14.1;3.31;1.2;0.31;0.43;0.4;0.37;0.107;38.8;3.22;1.61;0.95;0.16;0.57;5.79;106.6;88.5;5.4;1.1;11.6;0.12;0.18;0.03;0.05
15;100;100;0;100;17.33;4.63;13.36;5.59;5.65;0.211;60.6;26.84;14.25;7.43;1.28;3.99;7.48;165.9;106.5;36.4;8;15;3.28;1.6;0.32;0.46;0.42;0.44;0.117;39.4;3.53;1.69;1.1;0.18;0.64;5.88;107.9;89.6;5.2;1.3;11.8;0.12;0.24;0.04;0.05
15;100;100;50;0;20.53;4.89;13.69;5.17;5.17;0.194;67.3;26.67;13.98;7.55;1.26;4.13;7.71;174.6;105.4;45.5;8.3;15.4;3.24;1.15;0.32;0.46;0.43;0.4;0.095;32.7;3.97;1.91;1.23;0.21;0.76;5.97;84.8;67.8;3.5;1.5;11.9;0.18;0.12;0.04;0.05
15;100;100;50;50;20.59;5.13;14.92;5.5;5.45;0.198;65.6;27.57;14.43;7.87;1.26;4.18;8.26;171.6;101.8;44.9;8.4;16.5;3.14;1.5;0.33;0.48;0.6;0.55;0.099;34.4;5.44;2.53;1.78;0.28;0.95;6.66;89.9;69.6;5.1;1.9;13.3;0.26;0.17;0.05;0.07
15;100;100;50;100;20.46;5.52;15.8;5.83;5.81;0.208;64.8;28.02;14.87;7.76;1.32;4.23;8.84;169.7;99.7;43.9;8.5;17.7;3.07;1.95;0.33;0.46;0.69;0.72;0.101;35.2;7.03;3.34;2.15;0.38;1.29;6.95;92;70.7;4.8;2.6;13.9;0.34;0.22;0.06;0.1
15;100;100;100;0;21.58;5.19;14.8;5.12;5.2;0.192;73.1;27.22;14.16;7.68;1.37;4.23;8.32;175.5;102.5;47.9;8.5;16.6;3.13;1.26;0.33;0.48;0.51;0.5;0.093;26.9;5.21;2.44;1.61;0.31;0.95;6.48;64.5;46.2;3.5;1.9;13;0.26;0.12;0.05;0.08
15;100;100;100;50;22.63;5.75;16.3;5.57;5.56;0.195;71.4;28.59;14.97;8.15;1.37;4.44;9.15;174.3;97.5;49.7;8.9;18.3;3.01;1.7;0.35;0.5;0.73;0.7;0.095;28.6;7.22;3.3;2.33;0.41;1.31;7.15;69.6;47.9;4.8;2.6;14.3;0.37;0.17;0.07;0.09
15;100;100;100;100;23.38;6.06;17.17;6.1;6.03;0.205;70.3;29.54;15.65;8.17;1.4;4.48;9.54;172.2;93;51.1;9;19.1;2.85;2.33;0.36;0.49;0.91;0.86;0.098;29.7;8.63;4.03;2.71;0.47;1.58;7.63;72.5;49.4;4.7;3.2;15.3;0.44;0.22;0.09;0.12
16;0;0;0;0;15.69;1.78;5.28;1.53;1.52;0.165;74.8;9.19;4.68;2.66;0.47;1.43;3;261.6;225.9;26.8;2.9;6;0.79;0.45;0.12;0.17;0.17;0.17;0.066;25.2;2.08;0.92;0.68;0.13;0.35;2.27;88;80.8;1.9;0.7;4.5;0.09;0.03;0.02;0.03
16;0;0;0;50;15.49;2.04;5.66;1.67;1.66;0.167;74.3;9.95;5.11;2.87;0.49;1.63;3.17;258.6;223;26;3.3;6.3;0.79;0.56;0.13;0.17;0.22;0.19;0.068;25.7;2.28;1.06;0.72;0.13;0.41;2.48;89.4;81.7;1.9;0.8;5;0.1;0.04;0.02;0.03
16;0;0;0;100;14.95;2.13;6.01;1.8;1.82;0.173;73.6;10.53;5.37;3.07;0.54;1.69;3.41;255.5;220.3;25;3.4;6.8;0.76;0.74;0.14;0.19;0.22;0.21;0.075;26.4;2.43;1.14;0.79;0.14;0.45;2.6;91.3;82.6;2.7;0.9;5.2;0.1;0.06;0.03;0.03
16;0;0;50;0;17.79;2.14;6.34;1.53;1.6;0.161;78.9;9.99;4.87;3.04;0.53;1.55;3.57;263.1;222.4;30.4;3.1;7.1;0.78;0.51;0.12;0.18;0.29;0.25;0.072;21.1;3.12;1.46;0.97;0.17;0.59;2.77;70.1;61.6;1.8;1.2;5.5;0.14;0.03;0.03;0.04
16;0;0;50;50;17.71;2.65;7.3;1.75;1.75;0.161;78;10.89;5.57;3.16;0.52;1.8;4.14;258;216.4;29.8;3.6;8.3;0.74;0.66;0.14;0.2;0.35;0.34;0.074;22;4.36;2.03;1.4;0.22;0.85;3.17;72.7;63;1.7;1.7;6.3;0.21;0.04;0.04;0.06
16;0;0;50;100;18.16;3.09;8.62;2.01;2.15;0.174;76.7;12.32;6.22;3.67;0.6;2.03;4.86;253.5;210.1;29.6;4.1;9.7;0.76;1.01;0.17;0.21;0.52;0.45;0.078;23.3;5.67;2.68;1.77;0.28;1.06;3.76;76.7;64.4;2.7;2.1;7.5;0.27;0.06;0.05;0.07
16;0;0;100;0;18.33;2.52;6.94;1.6;1.61;0.159;83.6;10.1;5.1;2.95;0.52;1.66;3.9;261.3;219.2;31;3.3;7.8;0.76;0.53;0.14;0.18;0.35;0.34;0.074;16.4;4.36;1.99;1.39;0.22;0.86;3.05;51.1;41.6;1.8;1.7;6.1;0.21;0.03;0.04;0.06
16;0;0;100;50;19.17;2.99;8.64;1.88;1.82;0.158;82.4;11.53;5.8;3.39;0.59;1.84;4.84;256.4;211.3;31.8;3.7;9.7;0.73;0.73;0.15;0.21;0.5;0.48;0.075;17.6;6.22;2.78;2.06;0.33;1.15;3.8;54.4;42.8;1.7;2.3;7.6;0.31;0.04;0.05;0.09
16;0;0;100;100;20.11;3.59;10.11;2.1;2.28;0.17;81.3;13.39;6.84;3.9;0.65;2.19;5.74;252.1;203.5;32.8;4.4;11.5;0.71;1.16;0.17;0.24;0.64;0.58;0.077;18.7;7.38;3.4;2.35;0.41;1.4;4.37;57.9;44;2.4;2.8;8.7;0.36;0.06;0.08;0.09
16;0;50;0;0;16.37;2.18;6.08;1.67;1.69;0.156;73.8;10.82;5.46;3.2;0.55;1.77;3.43;257.2;219.2;27.6;3.5;6.9;0.76;0.59;0.14;0.19;0.18;0.18;0.068;26.2;2.14;0.98;0.64;0.12;0.41;2.65;91;82.9;1.9;0.8;5.3;0.09;0.04;0.02;0.03
16;0;50;0;50;15.83;2.29;6.58;1.89;1.98;0.17;73.2;11.67;5.84;3.46;0.6;1.86;3.74;253.2;215.6;26.4;3.7;7.5;0.75;0.86;0.14;0.22;0.2;0.21;0.074;26.8;2.35;1.1;0.76;0.11;0.43;2.84;92.4;84;1.8;0.9;5.7;0.1;0.06;0.02;0.03
16;0;50;0;100;15.75;2.48;7.17;2.27;2.27;0.178;72.3;12.74;6.52;3.74;0.66;1.97;4.08;249.2;211;26.1;3.9;8.2;0.73;1.15;0.16;0.22;0.31;0.26;0.084;27.7;2.73;1.3;0.9;0.1;0.52;3.09;95.2;85.4;2.6;1;6.2;0.11;0.09;0.03;0.03
16;0;50;50;0;18.47;2.59;7.44;1.9;1.84;0.151;77.6;12.24;6.16;3.59;0.6;1.96;4.23;255.4;211.8;31.3;3.9;8.5;0.75;0.71;0.16;0.22;0.26;0.26;0.072;22.4;3.25;1.53;1.03;0.17;0.63;3.21;73.4;64;1.7;1.3;6.4;0.15;0.04;0.03;0.04
16;0;50;50;50;18.8;2.97;8.58;2.16;2.2;0.164;76.6;13.44;6.69;4.02;0.69;2.11;4.87;250.4;205.3;31.1;4.2;9.7;0.7;1.08;0.17;0.25;0.41;0.37;0.078;23.4;4.53;2.09;1.47;0.23;0.85;3.71;76.4;65.5;1.7;1.7;7.4;0.21;0.06;0.04;0.06
16;0;50;50;100;18.93;3.48;9.84;2.6;2.64;0.181;76.4;14.65;7.64;4.18;0.68;2.36;5.59;260.9;198.7;46.3;4.7;11.2;0.69;1.51;0.18;0.25;0.5;0.51;0.082;23.6;6.02;2.77;1.96;0.34;1.11;4.25;80.3;67.1;2.5;2.2;8.5;0.28;0.08;0.06;0.08
16;0;50;100;0;19.2;3.02;8.23;1.95;1.95;0.155;82.4;12.59;6.42;3.61;0.63;2.18;4.55;253.5;207.9;32.1;4.4;9.1;0.72;0.83;0.17;0.22;0.37;0.36;0.075;17.6;4.53;2.1;1.46;0.24;0.84;3.68;53.9;43.3;1.6;1.7;7.4;0.22;0.04;0.04;0.06
16;0;50;100;50;20.34;3.51;9.97;2.37;2.42;0.168;82.1;14.41;7.23;4.23;0.69;2.3;5.62;264.3;198.5;50;4.6;11.2;0.69;1.3;0.18;0.25;0.56;0.52;0.078;17.9;6.49;2.99;2.08;0.35;1.21;4.35;57.4;44.7;1.6;2.4;8.7;0.32;0.05;0.06;0.09
16;0;50;100;100;21.05;4.13;11.39;2.87;2.84;0.178;80.8;15.95;8.34;4.55;0.74;2.61;6.44;259;190;50.9;5.2;12.9;0.64;1.71;0.21;0.28;0.67;0.64;0.08;19.2;7.93;3.65;2.6;0.42;1.52;4.96;61.4;46;2.4;3;9.9;0.39;0.08;0.08;0.1
16;0;100;0;0;16.94;2.57;7.03;2.07;2.09;0.16;73.5;13.09;6.75;3.79;0.64;2.17;3.92;263.8;208.9;42.8;4.3;7.8;0.73;0.95;0.18;0.24;0.2;0.19;0.071;26.5;2.19;1;0.7;0.12;0.4;3.12;94.7;86.1;1.6;0.8;6.2;0.09;0.05;0.02;0.03
16;0;100;0;50;16.65;2.66;7.49;2.54;2.44;0.175;72.8;13.96;7.17;4.02;0.65;2.19;4.22;259;204.6;41.5;4.4;8.4;0.7;1.33;0.18;0.25;0.23;0.23;0.081;27.2;2.51;1.19;0.78;0.13;0.47;3.27;96.5;87.4;1.7;0.9;6.5;0.1;0.07;0.02;0.04
16;0;100;0;100;16.48;2.79;8.18;2.85;2.9;0.193;71.9;15.01;7.87;4.27;0.73;2.3;4.65;254.5;200.1;40.6;4.6;9.3;0.69;1.75;0.18;0.27;0.27;0.28;0.089;28.1;2.8;1.28;0.94;0.16;0.49;3.53;99.2;88.8;2.4;1;7.1;0.11;0.1;0.02;0.04
16;0;100;50;0;19.56;2.99;8.57;2.29;2.37;0.161;77.3;14.72;7.31;4.36;0.77;2.36;4.81;263.7;200.2;49.2;4.7;9.6;0.69;1.24;0.19;0.25;0.27;0.28;0.076;22.7;3.41;1.53;1.09;0.2;0.64;3.77;77.2;66.7;1.6;1.3;7.5;0.16;0.05;0.03;0.04
16;0;100;50;50;19.65;3.49;9.81;2.74;2.77;0.172;76.1;16.11;8.22;4.67;0.79;2.58;5.5;257.5;192.5;48.8;5.2;11;0.68;1.61;0.19;0.28;0.42;0.39;0.08;23.9;4.71;2.22;1.52;0.25;0.92;4.31;80.4;68.5;1.5;1.8;8.6;0.22;0.06;0.05;0.06
16;0;100;50;100;19.8;3.78;10.95;3.35;3.31;0.191;75;17.31;8.95;4.9;0.9;2.63;6.24;252.4;186.6;48;5.3;12.5;0.68;2.13;0.2;0.3;0.57;0.53;0.083;25;6.23;2.86;1.99;0.33;1.15;4.71;83.8;69.8;2.2;2.3;9.4;0.3;0.1;0.06;0.08
16;0;100;100;0;20.28;3.38;9.67;2.44;2.49;0.16;82.1;15.59;7.77;4.64;0.84;2.53;5.47;262.3;195.6;50.7;5.1;10.9;0.68;1.33;0.2;0.28;0.4;0.38;0.077;17.9;4.68;2.1;1.53;0.26;0.85;4.21;56.8;45.2;1.5;1.7;8.4;0.22;0.05;0.04;0.06
16;0;100;100;50;21.44;3.98;11.5;2.99;2.94;0.17;80.7;17.32;8.86;4.92;0.91;2.76;6.47;255.3;184.7;52.2;5.5;12.9;0.64;1.78;0.21;0.3;0.6;0.55;0.079;19.3;6.85;3.13;2.22;0.36;1.22;5.03;60.9;46.9;1.5;2.4;10.1;0.33;0.07;0.06;0.09
16;0;100;100;100;22.54;4.37;12.95;3.71;3.63;0.189;79.3;19.22;10.03;5.43;0.91;2.93;7.3;249.2;174.5;54.1;5.9;14.6;0.6;2.47;0.22;0.33;0.7;0.67;0.081;20.7;8.13;3.71;2.66;0.44;1.44;5.65;64.7;48.4;2.1;2.9;11.3;0.39;0.09;0.08;0.11
16;50;0;0;0;16.08;2.36;6.83;2.42;2.38;0.186;70.1;12.83;6.71;3.66;0.6;1.96;3.77;209.2;171.2;26.5;3.9;7.5;1.54;0.46;0.15;0.22;0.19;0.17;0.068;29.9;2.06;1;0.66;0.1;0.4;3.05;89;80.1;2.1;0.8;6.1;0.08;0.04;0.02;0.03
16;50;0;0;50;15.71;2.48;7.16;2.49;2.48;0.187;69.9;13.29;6.94;3.77;0.67;2.04;4.04;208.4;170.6;25.6;4.1;8.1;1.55;0.55;0.17;0.22;0.2;0.2;0.071;30.1;2.37;1.11;0.72;0.14;0.44;3.12;89.5;80.3;2;0.9;6.2;0.1;0.05;0.02;0.03
16;50;0;0;100;15.23;2.63;7.56;2.68;2.67;0.191;69.1;14.05;7.38;3.89;0.72;2.18;4.3;205.7;168.1;24.6;4.4;8.6;1.51;0.73;0.17;0.25;0.24;0.24;0.079;30.9;2.6;1.17;0.89;0.12;0.45;3.27;91.7;81.3;3;0.9;6.5;0.1;0.08;0.02;0.04
16;50;0;50;0;18.07;2.62;7.45;2.38;2.4;0.182;74.8;13.22;6.78;3.83;0.64;2.07;4.16;210.9;168.4;30;4.1;8.3;1.5;0.5;0.16;0.23;0.26;0.24;0.072;25.2;2.99;1.35;0.97;0.16;0.55;3.28;70.8;61.1;2.1;1.1;6.6;0.14;0.03;0.03;0.04
16;50;0;50;50;17.95;3.09;8.65;2.6;2.57;0.181;74;14.25;7.36;4.06;0.69;2.3;4.88;208.9;165.1;29.4;4.6;9.8;1.48;0.65;0.19;0.24;0.38;0.34;0.075;26;4.36;2;1.4;0.25;0.8;3.77;73.1;62.1;1.9;1.6;7.5;0.2;0.05;0.04;0.06
16;50;0;50;100;18.23;3.41;9.76;2.81;2.88;0.188;72.6;15.31;7.92;4.32;0.73;2.35;5.46;204.7;159.8;29.3;4.7;10.9;1.44;0.98;0.19;0.27;0.5;0.47;0.079;27.4;5.74;2.65;1.8;0.33;1.06;4.3;77.1;63.7;2.7;2.1;8.6;0.27;0.07;0.06;0.08
16;50;0;100;0;18.48;3.04;8.44;2.45;2.5;0.183;80.3;13.69;7.09;3.9;0.67;2.2;4.73;212;167.8;30.3;4.4;9.5;1.58;0.51;0.17;0.23;0.35;0.34;0.075;19.7;4.35;1.97;1.4;0.25;0.83;3.71;51.9;40.8;2;1.7;7.4;0.21;0.03;0.04;0.06
16;50;0;100;50;19.49;3.48;10.09;2.58;2.62;0.177;79.1;14.85;7.63;4.31;0.74;2.33;5.73;208.7;161.3;31.3;4.7;11.5;1.44;0.72;0.18;0.27;0.49;0.48;0.076;21;6.17;2.83;1.99;0.33;1.15;4.36;55.2;42.2;2;2.3;8.7;0.3;0.04;0.06;0.08
16;50;0;100;100;20.25;4;11.54;3;3.06;0.185;77.4;16.57;8.54;4.74;0.83;2.54;6.46;204.6;154.6;32.1;5.1;12.9;1.43;1.13;0.21;0.29;0.63;0.61;0.079;22.6;7.59;3.49;2.43;0.44;1.46;5.08;59.4;43.5;2.8;2.9;10.2;0.36;0.07;0.07;0.1
16;50;50;0;0;16.49;3.06;8.41;3.08;3.06;0.186;69.6;16.5;8.72;4.5;0.79;2.65;4.71;209.3;167.8;26.8;5.3;9.4;1.99;0.59;0.2;0.28;0.18;0.19;0.07;30.4;2.19;1.03;0.67;0.12;0.41;3.7;91.4;81.4;1.8;0.8;7.4;0.09;0.04;0.02;0.03
16;50;50;0;50;16.26;3.19;8.92;3.37;3.34;0.193;68.9;17.37;9.13;4.88;0.82;2.75;5.01;206.5;164.9;26;5.5;10;1.96;0.87;0.22;0.3;0.22;0.23;0.078;31.1;2.54;1.12;0.83;0.14;0.44;3.91;93.2;82.6;1.9;0.9;7.8;0.1;0.07;0.02;0.03
16;50;50;0;100;16.08;3.17;9.31;3.5;3.55;0.198;68;18.02;9.35;5.17;0.88;2.73;5.2;203.3;161.8;25.7;5.5;10.4;1.9;1.13;0.22;0.31;0.25;0.24;0.081;32;2.57;1.19;0.82;0.14;0.45;4.11;95.6;83.9;2.6;0.9;8.2;0.1;0.09;0.02;0.03
16;50;50;50;0;18.91;3.41;9.69;3.16;3.2;0.18;73.9;17.86;9.3;5.04;0.89;2.83;5.53;210.3;162.8;30.8;5.7;11.1;1.96;0.7;0.22;0.32;0.27;0.25;0.073;26.1;3.16;1.47;1;0.2;0.59;4.16;74.1;62.8;1.8;1.2;8.3;0.14;0.04;0.03;0.04
16;50;50;50;50;19;3.75;10.72;3.59;3.53;0.187;72.7;18.91;9.84;5.38;0.92;2.89;6.01;206.1;157.7;30.6;5.8;12;1.91;1.06;0.24;0.33;0.39;0.38;0.079;27.3;4.49;2.09;1.45;0.25;0.86;4.71;77.2;64.4;1.7;1.7;9.4;0.21;0.06;0.05;0.06
16;50;50;50;100;19;4.12;11.87;3.79;3.85;0.197;72.8;19.57;10.31;5.52;0.91;2.96;6.68;217.4;153.2;44.9;5.9;13.4;1.8;1.46;0.24;0.34;0.54;0.5;0.082;27.2;6.03;2.84;1.88;0.34;1.16;5.19;80.9;65.7;2.5;2.3;10.4;0.28;0.08;0.06;0.08
16;50;50;100;0;19.53;3.66;10.46;3.31;3.26;0.182;79.1;18;9.28;5.17;0.88;2.85;5.86;209;160;31.6;5.7;11.7;1.91;0.82;0.22;0.31;0.4;0.35;0.075;20.9;4.49;2.06;1.4;0.27;0.81;4.61;55;42.4;1.7;1.6;9.2;0.22;0.04;0.04;0.06
16;50;50;100;50;20.66;4.32;12.24;3.6;3.7;0.188;79;19.75;10.27;5.63;0.98;3.09;6.89;221.6;152.4;49.3;6.2;13.8;1.82;1.29;0.25;0.34;0.51;0.51;0.078;21;6.41;2.93;2.06;0.35;1.23;5.34;58.8;44;1.6;2.5;10.7;0.31;0.06;0.06;0.09
16;50;50;100;100;21.32;4.71;13.45;4.04;4.07;0.194;77.8;21.04;10.94;6;1.04;3.25;7.63;219;147.1;50.1;6.5;15.3;1.76;1.7;0.26;0.35;0.66;0.64;0.081;22.2;7.72;3.59;2.47;0.41;1.46;5.82;62.2;45.1;2.6;2.9;11.6;0.37;0.09;0.08;0.1
16;50;100;0;0;17.32;3.67;10.27;3.82;3.92;0.19;69.9;20.67;10.73;5.89;1;3.25;5.85;221.7;162.1;41.5;6.5;11.7;2.36;0.93;0.27;0.35;0.19;0.2;0.076;30.1;2.28;1.02;0.78;0.12;0.41;4.42;95.3;83.8;1.8;0.8;8.8;0.1;0.06;0.02;0.03
16;50;100;0;50;17.2;3.76;10.67;4.2;4.22;0.199;68.9;21.33;11.25;5.99;1.08;3.27;5.96;217.5;158.3;40.7;6.5;11.9;2.29;1.29;0.27;0.37;0.26;0.24;0.084;31.1;2.55;1.22;0.81;0.13;0.49;4.71;98.3;85.3;2.5;1;9.4;0.1;0.08;0.03;0.03
16;50;100;0;100;16.84;3.87;10.95;4.53;4.62;0.21;68.3;22.12;11.74;6.16;1.04;3.38;6.19;214.5;155.9;39.5;6.8;12.4;2.29;1.69;0.27;0.38;0.27;0.27;0.089;31.7;2.66;1.28;0.83;0.13;0.49;4.76;99.3;86.3;2.5;1;9.5;0.1;0.11;0.02;0.04
16;50;100;50;0;19.89;3.95;11.57;4.06;4.12;0.188;74.1;21.97;11.28;6.36;1.06;3.34;6.61;223.5;155.4;48.3;6.7;13.2;2.26;1.21;0.27;0.39;0.28;0.29;0.079;25.9;3.33;1.5;1.09;0.19;0.61;4.97;78;65.1;1.8;1.2;9.9;0.15;0.06;0.03;0.05
16;50;100;50;50;19.93;4.51;12.61;4.34;4.43;0.194;72.7;22.93;11.96;6.55;1.14;3.62;7.06;218.8;150;47.4;7.2;14.1;2.19;1.56;0.29;0.39;0.42;0.4;0.082;27.3;4.72;2.19;1.52;0.24;0.89;5.55;82;66.7;2.4;1.8;11.1;0.22;0.07;0.05;0.06
16;50;100;50;100;20.1;4.79;13.53;4.92;4.88;0.205;71.7;23.82;12.71;6.54;1.18;3.62;7.69;214.7;145.1;47;7.2;15.4;2.11;2.07;0.29;0.41;0.53;0.53;0.084;28.3;6.14;2.84;1.93;0.34;1.17;5.84;84.6;68.2;2.3;2.3;11.7;0.29;0.1;0.06;0.08
16;50;100;100;0;20.68;4.44;12.46;4.13;4.17;0.186;79.2;22.5;11.75;6.31;1.1;3.59;7.04;222.7;151.8;49.7;7.2;14.1;2.2;1.3;0.29;0.38;0.4;0.38;0.078;20.8;4.67;2.13;1.56;0.25;0.85;5.42;58.3;44.1;1.7;1.7;10.8;0.22;0.06;0.04;0.06
16;50;100;100;50;21.46;5.05;14.25;4.49;4.59;0.191;77.6;24.09;12.62;6.79;1.24;3.8;8.03;218.6;144.1;50.8;7.6;16.1;2.12;1.74;0.32;0.42;0.6;0.56;0.08;22.4;6.83;3.1;2.22;0.35;1.25;6.22;62.9;45.7;2.3;2.5;12.4;0.33;0.07;0.07;0.09
16;50;100;100;100;22.78;5.44;15.43;5.2;5.19;0.202;76.2;25.74;13.59;7.12;1.28;3.95;8.66;213.5;134.9;53.3;7.9;17.3;1.98;2.46;0.32;0.43;0.72;0.67;0.082;23.8;7.99;3.69;2.54;0.5;1.49;6.76;66.3;47.6;2.2;3;13.5;0.39;0.1;0.08;0.11
16;100;0;0;0;17.56;2.98;8.36;2.97;3.11;0.198;63.2;15.81;8.24;4.48;0.75;2.47;4.74;157.2;117.1;25.7;4.9;9.5;2.2;0.44;0.2;0.27;0.24;0.24;0.077;36.8;2.71;1.25;0.91;0.12;0.51;3.62;91.5;78.3;5;1;7.2;0.09;0.09;0.03;0.03
16;100;0;0;50;17.22;3.03;8.81;3.25;3.23;0.198;63;16.34;8.58;4.62;0.8;2.5;4.97;156.6;116.8;24.9;5;9.9;2.22;0.53;0.2;0.28;0.29;0.29;0.085;37;3.04;1.43;0.96;0.17;0.53;3.84;92.1;78.4;4.9;1.1;7.7;0.09;0.12;0.03;0.04
16;100;0;0;100;16.83;3.29;9.14;3.39;3.4;0.201;61.9;16.97;8.99;4.67;0.84;2.62;5.2;155.6;116.1;23.9;5.2;10.4;2.19;0.71;0.21;0.29;0.37;0.37;0.098;38.1;3.54;1.69;1.08;0.19;0.68;3.94;95.6;78.9;7.5;1.4;7.9;0.09;0.2;0.04;0.04
16;100;0;50;0;19.45;3.26;9.2;3.11;3.17;0.194;68.4;16.4;8.56;4.64;0.79;2.57;5.2;160;115.2;29.3;5.1;10.4;2.19;0.49;0.21;0.28;0.29;0.31;0.078;31.6;3.64;1.62;1.19;0.24;0.69;4;73.9;59.7;4.8;1.4;8;0.14;0.08;0.03;0.05
16;100;0;50;50;19.59;3.56;10.15;3.24;3.27;0.192;67.6;17.08;8.97;4.83;0.81;2.67;5.68;158.9;113.3;29;5.3;11.4;2.13;0.64;0.22;0.29;0.44;0.43;0.084;32.4;4.98;2.26;1.63;0.27;0.89;4.47;76;60.6;4.6;1.8;8.9;0.19;0.13;0.05;0.07
16;100;0;50;100;19.64;4.05;11.52;3.41;3.57;0.198;66.1;18.07;9.42;5.08;0.92;2.81;6.53;158.1;111.2;28.2;5.6;13.1;2.08;0.95;0.23;0.31;0.61;0.6;0.089;33.9;6.63;3.06;2.05;0.38;1.25;4.99;81.1;61.6;7.1;2.5;10;0.26;0.19;0.06;0.09
16;100;0;100;0;20.25;3.42;9.79;3.21;3.17;0.193;74.2;16.52;8.69;4.65;0.81;2.58;5.43;159.9;113.8;30.2;5.2;10.9;2.17;0.51;0.21;0.28;0.41;0.38;0.078;25.8;4.73;2.17;1.51;0.25;0.84;4.37;55.5;40.2;4.8;1.7;8.7;0.2;0.08;0.04;0.06
16;100;0;100;50;20.84;4.06;11.61;3.37;3.36;0.189;73.3;17.86;9.25;5.06;0.88;2.78;6.66;160.1;110.7;30.5;5.6;13.3;2.1;0.71;0.23;0.32;0.58;0.57;0.081;26.7;6.88;3.18;2.25;0.4;1.28;4.95;58.4;41.2;4.7;2.6;9.9;0.3;0.12;0.06;0.09
16;100;0;100;100;21.62;4.48;12.99;3.67;3.69;0.194;71.4;19.1;9.97;5.46;0.97;2.94;7.3;158.9;107.1;31.3;5.9;14.6;2.03;1.09;0.23;0.34;0.75;0.73;0.085;28.6;8.34;3.86;2.7;0.46;1.54;5.68;63.6;42.3;6.9;3.1;11.4;0.35;0.18;0.08;0.11
16;100;50;0;0;17.94;3.87;10.92;4.34;4.34;0.2;63.2;21.78;11.44;6.19;1.07;3.4;6.15;160.9;115.4;26.4;6.8;12.3;3.13;0.57;0.26;0.37;0.26;0.24;0.079;36.8;2.6;1.27;0.8;0.14;0.47;4.77;93.7;79.3;3.9;0.9;9.5;0.09;0.09;0.03;0.04
16;100;50;0;50;17.68;3.96;11.13;4.54;4.55;0.204;62.1;22.3;11.77;6.29;1.08;3.41;6.28;158.8;113.7;25.7;6.8;12.6;3.04;0.84;0.28;0.38;0.3;0.31;0.093;37.9;3;1.4;0.94;0.19;0.55;4.85;97;80.3;5.9;1.1;9.7;0.09;0.15;0.03;0.04
16;100;50;0;100;17.26;4.13;11.75;4.73;4.8;0.208;61.5;23.17;12.36;6.42;1.11;3.52;6.64;157.4;112.5;24.6;7;13.3;3.03;1.08;0.28;0.41;0.36;0.38;0.103;38.5;3.48;1.64;1.09;0.2;0.6;5.12;98.5;81.1;5.9;1.2;10.2;0.1;0.21;0.03;0.05
16;100;50;50;0;20.06;4.09;11.77;4.48;4.38;0.194;67.8;22.62;11.87;6.31;1.11;3.39;6.6;162.1;112;30.1;6.8;13.2;3.04;0.68;0.27;0.4;0.32;0.32;0.08;32.2;3.68;1.73;1.16;0.19;0.7;5.17;76.8;61.2;3.9;1.4;10.3;0.14;0.09;0.04;0.05
16;100;50;50;50;20.13;4.46;12.81;4.71;4.64;0.199;66.4;23.34;12.34;6.46;1.13;3.56;7.22;160.6;109.4;29.6;7.1;14.4;2.95;1.01;0.29;0.39;0.49;0.46;0.089;33.6;5.02;2.33;1.62;0.28;0.91;5.58;81;62.4;5.6;1.8;11.2;0.2;0.15;0.05;0.06
16;100;50;50;100;20.22;4.89;14.17;5.01;5.03;0.206;67.5;24.46;13.01;6.82;1.19;3.72;8.07;173.8;106.4;43.8;7.4;16.1;2.88;1.44;0.3;0.41;0.65;0.61;0.09;32.5;6.59;3.06;2.13;0.36;1.17;6.1;83.7;63.8;5.4;2.3;12.2;0.27;0.18;0.06;0.09
16;100;50;100;0;20.59;4.46;12.7;4.47;4.47;0.195;73.7;22.97;11.97;6.49;1.14;3.58;7.15;162.5;110.5;30.6;7.2;14.3;3;0.79;0.28;0.4;0.47;0.41;0.08;26.3;4.92;2.3;1.59;0.25;0.88;5.55;57.9;41.3;3.8;1.8;11.1;0.21;0.09;0.05;0.07
16;100;50;100;50;21.6;5.05;14.54;4.69;4.82;0.199;73.7;24.3;12.8;6.89;1.16;3.75;8.27;177.4;105.5;47.8;7.5;16.5;2.86;1.23;0.3;0.43;0.59;0.6;0.084;26.3;6.98;3.22;2.33;0.36;1.3;6.28;63.2;42.8;5.3;2.6;12.6;0.31;0.13;0.06;0.09
16;100;50;100;100;22.31;5.54;15.43;5.18;5.16;0.203;72.8;25.51;13.59;7.01;1.21;3.98;8.69;176.1;101.6;49.1;8;17.4;2.76;1.65;0.31;0.43;0.7;0.72;0.086;27.2;8.2;3.73;2.57;0.47;1.56;6.74;65.7;44;5.2;3.1;13.5;0.36;0.17;0.08;0.11
16;100;100;0;0;18.05;4.47;12.62;5.16;5.25;0.202;64.4;26.05;13.76;7.24;1.25;4.01;7.15;174.3;111.8;40.1;8;14.3;3.59;0.89;0.31;0.46;0.26;0.25;0.084;35.6;2.56;1.21;0.84;0.13;0.46;5.47;96.2;81.5;2.9;0.9;10.9;0.09;0.1;0.02;0.03
16;100;100;0;50;17.71;4.52;12.84;5.53;5.52;0.209;63.3;26.53;14.08;7.38;1.32;4;7.19;171.2;109.8;39;8;14.4;3.51;1.24;0.33;0.44;0.32;0.3;0.095;36.7;2.85;1.31;0.9;0.15;0.52;5.65;99.2;82.7;4.2;1;11.3;0.1;0.14;0.03;0.04
16;100;100;0;100;17.54;4.62;13.15;5.88;5.88;0.216;62.6;27.34;14.65;7.52;1.23;4.05;7.45;168.9;107.4;38.5;8.1;14.9;3.43;1.67;0.32;0.46;0.35;0.35;0.105;37.4;3.11;1.49;0.95;0.15;0.57;5.7;100.8;84.2;4.1;1.1;11.4;0.1;0.18;0.03;0.04
16;100;100;50;0;20.68;4.85;13.72;5.29;5.38;0.199;69;27.16;14.31;7.56;1.29;4.2;7.8;177.7;106.5;47.2;8.4;15.6;3.4;1.19;0.32;0.46;0.35;0.32;0.083;31;3.59;1.66;1.13;0.21;0.65;5.92;79.6;63.7;2.8;1.3;11.8;0.15;0.09;0.03;0.05
16;100;100;50;50;20.69;5.27;14.84;5.64;5.66;0.203;67.5;27.96;14.92;7.7;1.36;4.32;8.29;174.8;103.4;46.1;8.6;16.6;3.32;1.53;0.35;0.47;0.47;0.47;0.089;32.5;5.06;2.37;1.59;0.27;0.95;6.55;84.1;65.1;4;1.9;13.1;0.21;0.14;0.05;0.07
16;100;100;50;100;20.52;5.6;15.8;6.05;6.07;0.212;66.8;28.68;15.38;7.89;1.4;4.37;8.97;173.2;101.4;45.2;8.7;17.9;3.23;2;0.35;0.49;0.65;0.62;0.092;33.2;6.61;3.13;2.05;0.36;1.23;6.83;86.2;66.1;4;2.5;13.7;0.28;0.19;0.06;0.09
16;100;100;100;0;21.21;5.12;14.62;5.3;5.37;0.197;74.5;27.3;14.36;7.64;1.35;4.21;8.17;177.3;104.7;47.9;8.4;16.3;3.33;1.24;0.33;0.46;0.43;0.42;0.082;25.5;4.97;2.27;1.59;0.28;0.91;6.45;60.5;43;2.7;1.8;12.9;0.22;0.09;0.05;0.07
16;100;100;100;50;22.43;5.62;16.05;5.72;5.7;0.199;73;28.63;15.09;8.01;1.35;4.38;9.05;176.6;99.5;50.2;8.8;18.1;3.15;1.71;0.35;0.49;0.61;0.6;0.086;27;6.79;3.13;2.18;0.35;1.24;7;65.2;44.6;4.1;2.5;14;0.3;0.14;0.07;0.09
16;100;100;100;100;23.15;6.12;17.45;6.25;6.25;0.208;71.8;30.05;16.07;8.28;1.4;4.54;9.85;174.2;93.9;51.5;9.1;19.7;2.99;2.37;0.37;0.52;0.73;0.74;0.087;28.2;8.37;3.92;2.64;0.44;1.58;7.6;68.4;46.4;3.7;3.2;15.2;0.38;0.17;0.08;0.11
17;0;0;0;0;16.04;1.94;5.21;1.53;1.56;0.168;76.5;9.32;4.75;2.67;0.45;1.55;2.93;267.3;230.8;27.5;3.1;5.9;0.81;0.46;0.12;0.16;0.18;0.16;0.063;23.5;1.97;0.93;0.59;0.11;0.38;2.27;82;74.9;1.8;0.8;4.5;0.09;0.03;0.02;0.03
17;0;0;0;50;15.77;2.12;5.78;1.65;1.72;0.169;76;10.16;5.19;2.92;0.5;1.68;3.29;264.4;227.7;26.7;3.4;6.6;0.82;0.58;0.13;0.18;0.17;0.18;0.068;24;2.2;1.02;0.7;0.12;0.43;2.48;83.4;75.7;1.9;0.9;5;0.09;0.04;0.02;0.03
17;0;0;0;100;15.69;2.21;6.36;1.83;1.92;0.175;75.1;11.02;5.63;3.23;0.54;1.74;3.63;260.6;223.6;26.3;3.5;7.3;0.78;0.8;0.15;0.19;0.22;0.21;0.075;24.9;2.46;1.16;0.76;0.13;0.47;2.74;86;76.9;2.7;0.9;5.5;0.1;0.06;0.02;0.03
17;0;0;50;0;17.91;2.2;6.2;1.56;1.64;0.163;80.4;10.1;5.1;2.93;0.57;1.64;3.56;267.8;226.7;30.6;3.3;7.1;0.79;0.52;0.13;0.19;0.24;0.24;0.071;19.6;2.98;1.36;0.94;0.17;0.55;2.63;65.3;57;1.9;1.1;5.3;0.14;0.03;0.03;0.04
17;0;0;50;50;18.37;2.44;7.37;1.84;1.81;0.162;79.4;11.19;5.63;3.27;0.58;1.71;4.11;262.7;220;31;3.4;8.2;0.77;0.69;0.14;0.2;0.33;0.32;0.075;20.6;4.1;1.86;1.35;0.22;0.73;3.26;68.1;58.4;1.7;1.5;6.5;0.19;0.04;0.04;0.05
17;0;0;50;100;18.45;3.03;8.62;2.09;2.15;0.175;78.2;12.31;6.31;3.57;0.61;2.01;4.86;258.2;214.2;30.3;4;9.7;0.74;1.02;0.16;0.22;0.46;0.44;0.077;21.8;5.48;2.53;1.79;0.31;1.02;3.76;71.6;59.6;2.5;2;7.5;0.26;0.06;0.05;0.07
17;0;0;100;0;18.31;2.47;6.98;1.58;1.65;0.163;84.8;10.13;5.13;2.95;0.52;1.66;3.98;267.1;225;30.8;3.3;8;0.8;0.53;0.13;0.18;0.34;0.34;0.075;15.2;4.39;2.01;1.38;0.23;0.81;3;47.6;38.1;1.9;1.6;6;0.21;0.03;0.04;0.06
17;0;0;100;50;19.38;3.01;8.81;1.86;1.87;0.159;83.5;11.8;5.81;3.58;0.61;1.82;4.94;260.2;214.6;32.1;3.6;9.9;0.75;0.76;0.14;0.22;0.46;0.48;0.075;16.5;6.19;2.77;1.99;0.36;1.19;3.87;51.4;39.6;1.7;2.4;7.7;0.3;0.03;0.06;0.08
17;0;0;100;100;20.04;3.55;10.12;2.28;2.32;0.173;82.3;13.44;6.89;3.83;0.71;2.15;5.74;255.6;207.2;32.5;4.3;11.5;0.75;1.16;0.18;0.24;0.61;0.59;0.077;17.7;7.53;3.35;2.47;0.38;1.4;4.38;54.6;40.6;2.5;2.8;8.8;0.37;0.05;0.07;0.1
17;0;50;0;0;16.64;2.19;6.12;1.78;1.75;0.158;75.5;11.09;5.6;3.25;0.56;1.83;3.46;262.4;223.4;28.4;3.7;6.9;0.8;0.61;0.16;0.19;0.17;0.17;0.068;24.5;2.07;0.89;0.71;0.12;0.36;2.66;84.8;76.9;1.8;0.7;5.3;0.09;0.04;0.02;0.03
17;0;50;0;50;16.55;2.3;6.65;2.02;2.06;0.171;74.8;12.13;6.15;3.5;0.63;1.92;3.8;257.5;218;28;3.8;7.6;0.77;0.92;0.15;0.22;0.22;0.19;0.072;25.2;2.2;0.99;0.72;0.12;0.38;2.86;86.6;78.4;1.7;0.8;5.7;0.09;0.05;0.02;0.03
17;0;50;0;100;16.16;2.44;7.09;2.33;2.32;0.18;74;12.87;6.68;3.71;0.6;2;4.03;253.9;215.1;26.8;4;8.1;0.76;1.17;0.16;0.22;0.26;0.24;0.08;26;2.57;1.22;0.79;0.15;0.45;3.06;88.8;79.2;2.6;0.9;6.1;0.1;0.08;0.02;0.03
17;0;50;50;0;18.72;2.65;7.42;1.87;1.87;0.152;79.1;12.33;6.33;3.54;0.6;2.08;4.17;260.3;216;31.8;4.2;8.3;0.76;0.73;0.16;0.22;0.27;0.26;0.074;20.9;3.23;1.5;1.04;0.17;0.58;3.25;68.7;59.2;1.8;1.2;6.5;0.15;0.04;0.03;0.05
17;0;50;50;50;19.27;2.98;8.46;2.24;2.27;0.166;78.2;13.7;6.93;3.98;0.7;2.2;4.91;255.6;209.2;32.2;4.4;9.8;0.73;1.1;0.17;0.26;0.4;0.35;0.078;21.8;4.23;1.93;1.4;0.25;0.78;3.56;70.9;60.6;1.6;1.6;7.1;0.2;0.05;0.04;0.06
17;0;50;50;100;19.39;3.38;9.95;2.62;2.69;0.182;77.8;14.81;7.61;4.28;0.71;2.28;5.62;265;201.8;47.4;4.6;11.2;0.7;1.54;0.18;0.26;0.5;0.48;0.08;22.2;5.86;2.69;1.92;0.32;1.1;4.33;75.4;62.1;2.4;2.2;8.7;0.28;0.08;0.05;0.08
17;0;50;100;0;19.25;2.95;8.19;2.05;1.98;0.157;83.7;12.64;6.43;3.67;0.65;2.09;4.62;258.7;212.9;32.3;4.2;9.2;0.76;0.83;0.16;0.23;0.36;0.35;0.075;16.3;4.48;2.05;1.45;0.25;0.86;3.56;50.3;39.8;1.7;1.7;7.1;0.22;0.03;0.05;0.06
17;0;50;100;50;20.19;3.52;10.14;2.38;2.44;0.171;83.3;14.34;7.36;4.18;0.71;2.31;5.79;270;204.2;49.6;4.6;11.6;0.72;1.27;0.19;0.26;0.53;0.53;0.078;16.7;6.6;3;2.16;0.37;1.21;4.35;53.7;41;1.6;2.4;8.7;0.32;0.05;0.07;0.08
17;0;50;100;100;21.17;4.02;11.4;2.82;2.95;0.181;82.1;16.34;8.36;4.63;0.77;2.59;6.52;263.8;194;51.6;5.2;13;0.71;1.73;0.21;0.29;0.66;0.63;0.08;17.9;7.75;3.62;2.48;0.39;1.43;4.88;57.4;42.4;2.4;2.9;9.8;0.38;0.08;0.08;0.1
17;0;100;0;0;17.38;2.54;7.37;2.13;2.19;0.161;75.1;13.58;6.78;4.03;0.69;2.13;4.18;269;212.4;44;4.3;8.4;0.76;0.99;0.18;0.25;0.21;0.19;0.072;24.9;2.19;1.02;0.75;0.09;0.41;3.19;88.8;80;1.6;0.8;6.4;0.09;0.05;0.02;0.03
17;0;100;0;50;17.28;2.76;7.76;2.48;2.56;0.177;74.4;14.5;7.45;4.19;0.69;2.3;4.38;264.2;207.5;43.3;4.6;8.8;0.74;1.38;0.19;0.26;0.23;0.22;0.082;25.6;2.39;1.15;0.73;0.14;0.46;3.38;90.7;81.3;1.7;0.9;6.8;0.1;0.07;0.02;0.03
17;0;100;0;100;17.08;3;8.31;2.9;3.04;0.195;73.4;15.67;8.17;4.41;0.8;2.47;4.7;258.7;202;42.4;4.9;9.4;0.72;1.85;0.2;0.28;0.28;0.27;0.087;26.6;2.73;1.35;0.83;0.13;0.54;3.61;93.5;82.9;2.4;1.1;7.2;0.11;0.1;0.03;0.04
17;0;100;50;0;19.64;3.04;8.6;2.38;2.47;0.164;78.9;15.12;7.63;4.42;0.77;2.47;4.92;269.1;204.5;49.8;4.9;9.8;0.75;1.25;0.2;0.28;0.3;0.27;0.076;21.1;3.28;1.47;1.04;0.19;0.56;3.68;71.6;61.6;1.6;1.1;7.4;0.15;0.05;0.03;0.04
17;0;100;50;50;20.39;3.52;10.02;2.89;2.89;0.172;77.6;16.8;8.68;4.88;0.86;2.7;5.71;262;194.5;50.8;5.4;11.4;0.68;1.71;0.21;0.3;0.38;0.37;0.08;22.4;4.45;1.99;1.5;0.24;0.82;4.3;75.4;63.7;1.5;1.6;8.6;0.21;0.07;0.04;0.06
17;0;100;50;100;20.16;3.77;10.75;3.43;3.37;0.192;76.5;17.61;9.21;4.99;0.81;2.71;6.14;255.5;188.5;49.4;5.4;12.3;0.65;2.19;0.22;0.31;0.51;0.49;0.083;23.5;5.8;2.69;1.78;0.35;1.06;4.61;78.4;64.9;2.2;2.1;9.2;0.28;0.09;0.05;0.07
17;0;100;100;0;20.1;3.32;9.63;2.46;2.5;0.162;83.4;15.46;7.83;4.49;0.78;2.48;5.52;267.5;201.2;50.3;5;11;0.72;1.31;0.2;0.28;0.46;0.38;0.077;16.6;4.77;2.17;1.56;0.26;0.84;4.11;52.9;41.4;1.6;1.7;8.2;0.23;0.05;0.04;0.06
17;0;100;100;50;21.32;4.07;11.38;2.9;2.96;0.172;82.1;17.23;8.92;5.01;0.8;2.79;6.54;261.7;190.8;52.2;5.6;13.1;0.66;1.75;0.22;0.31;0.56;0.55;0.08;17.9;6.73;3.13;2.11;0.36;1.29;4.83;56.7;42.9;1.6;2.6;9.7;0.33;0.07;0.07;0.08
17;0;100;100;100;22.42;4.61;12.74;3.7;3.69;0.19;80.5;19.41;10.15;5.5;0.9;3.12;7.2;253;177.8;54.5;6.2;14.4;0.62;2.5;0.25;0.32;0.7;0.66;0.081;19.5;7.99;3.71;2.5;0.46;1.49;5.55;60.8;44.6;2.1;3;11.1;0.39;0.09;0.08;0.11
17;50;0;0;0;16.47;2.39;6.82;2.44;2.49;0.191;72.1;13.15;6.82;3.71;0.67;2.02;3.83;214.2;174.9;27.6;4;7.7;1.63;0.47;0.16;0.23;0.17;0.16;0.064;27.9;1.94;0.88;0.63;0.12;0.36;3;82.8;74.2;1.9;0.7;6;0.08;0.03;0.02;0.03
17;50;0;0;50;16.05;2.5;7.12;2.49;2.55;0.19;71.7;13.49;6.95;3.85;0.67;2.09;4.04;212.1;173.3;26.6;4.2;8.1;1.58;0.57;0.17;0.23;0.19;0.18;0.069;28.3;2.2;1.03;0.7;0.12;0.41;3.09;83.7;74.8;1.9;0.8;6.2;0.09;0.05;0.02;0.03
17;50;0;0;100;15.71;2.67;7.64;2.79;2.81;0.194;70.8;14.51;7.61;4.11;0.68;2.23;4.36;209.1;170.2;25.7;4.5;8.7;1.6;0.77;0.17;0.26;0.21;0.22;0.077;29.2;2.49;1.14;0.8;0.13;0.44;3.28;86;76;2.6;0.9;6.6;0.1;0.07;0.02;0.03
17;50;0;50;0;18.13;2.67;7.68;2.45;2.54;0.188;76.5;13.58;6.92;3.94;0.73;2.1;4.34;215.5;172.4;30.2;4.2;8.7;1.61;0.51;0.17;0.25;0.23;0.24;0.072;23.5;3.06;1.39;1;0.15;0.57;3.34;66;56.3;1.8;1.1;6.7;0.14;0.03;0.03;0.04
17;50;0;50;50;18.53;3.03;8.58;2.62;2.66;0.184;75.7;14.48;7.52;4.12;0.69;2.28;4.85;213.2;168.3;30.7;4.6;9.7;1.56;0.67;0.18;0.26;0.32;0.32;0.074;24.3;4;1.85;1.28;0.18;0.76;3.73;68.2;57.5;1.8;1.5;7.5;0.19;0.04;0.04;0.05
17;50;0;50;100;18.92;3.45;9.99;2.88;3.04;0.191;74.2;15.95;8.25;4.6;0.8;2.44;5.63;208.8;162.2;30.5;4.9;11.3;1.51;1.04;0.21;0.28;0.46;0.44;0.079;25.8;5.4;2.46;1.74;0.31;1.01;4.36;72.5;59.1;2.6;2;8.7;0.26;0.06;0.05;0.07
17;50;0;100;0;18.43;2.9;8.45;2.48;2.5;0.185;81.6;13.61;7.02;3.9;0.67;2.12;4.88;215.1;170.6;30.5;4.2;9.8;1.55;0.53;0.17;0.25;0.36;0.34;0.073;18.4;4.37;2;1.41;0.24;0.78;3.56;48.4;37.8;1.9;1.6;7.1;0.21;0.03;0.04;0.06
17;50;0;100;50;19.61;3.57;10.09;2.8;2.76;0.181;80.3;15.33;7.88;4.44;0.76;2.36;5.81;212.1;164.2;31.6;4.7;11.6;1.55;0.75;0.19;0.28;0.48;0.48;0.076;19.7;6.15;2.82;1.95;0.34;1.21;4.28;51.8;39;1.8;2.4;8.6;0.3;0.04;0.06;0.08
17;50;0;100;100;20.27;3.98;11.22;3.15;3.09;0.188;79;16.49;8.6;4.71;0.81;2.58;6.36;207.9;157.5;32.6;5.2;12.7;1.44;1.15;0.21;0.29;0.58;0.58;0.078;21;7.24;3.36;2.36;0.35;1.4;4.87;55.2;40.2;2.4;2.8;9.7;0.35;0.06;0.07;0.09
17;50;50;0;0;16.93;2.94;8.42;3.07;3.17;0.192;71.6;16.61;8.61;4.74;0.81;2.56;4.8;214.7;172.3;27.7;5.1;9.6;2.09;0.58;0.2;0.3;0.17;0.17;0.067;28.4;2.03;0.92;0.64;0.09;0.39;3.62;85.1;75.2;1.9;0.8;7.2;0.08;0.04;0.02;0.03
17;50;50;0;50;16.76;3.13;8.89;3.22;3.42;0.197;70.7;17.45;9.04;5;0.87;2.71;5;210.6;168.1;27.1;5.4;10;2;0.89;0.22;0.31;0.23;0.21;0.075;29.3;2.32;1.11;0.72;0.13;0.43;3.89;87.2;76.8;1.8;0.9;7.8;0.09;0.06;0.02;0.03
17;50;50;0;100;16.44;3.35;9.38;3.67;3.69;0.201;69.8;18.45;9.84;5.12;0.87;2.87;5.35;207.1;164.2;26.5;5.7;10.7;1.96;1.18;0.23;0.32;0.23;0.24;0.082;30.2;2.56;1.22;0.78;0.15;0.47;4.03;89.6;78.2;2.4;0.9;8.1;0.1;0.08;0.02;0.03
17;50;50;50;0;19.01;3.39;9.57;3.19;3.25;0.184;75.4;17.81;9.24;5.05;0.89;2.83;5.32;213.2;165.7;31.3;5.7;10.6;2;0.71;0.23;0.31;0.26;0.25;0.073;24.6;3.06;1.42;0.96;0.17;0.56;4.25;69.6;58.2;1.8;1.1;8.5;0.14;0.04;0.03;0.04
17;50;50;50;50;19.43;3.85;10.78;3.55;3.64;0.191;74.5;19.14;10.03;5.34;0.98;3.06;6.06;210.9;161.1;31.5;6.1;12.1;1.98;1.09;0.25;0.32;0.38;0.35;0.078;25.5;4.25;1.96;1.36;0.24;0.8;4.72;72.2;59.4;1.7;1.6;9.4;0.2;0.06;0.04;0.06
17;50;50;50;100;19.49;4.11;11.78;4;3.98;0.2;74.5;19.98;10.53;5.62;0.93;3.03;6.71;221.5;155.5;46.5;6.1;13.4;1.86;1.52;0.25;0.35;0.5;0.48;0.081;25.5;5.76;2.68;1.85;0.31;1.08;5.08;75.8;61;2.5;2.2;10.2;0.27;0.08;0.05;0.08
17;50;50;100;0;19.47;3.69;10.54;3.23;3.36;0.185;80.5;18.21;9.4;5.17;0.87;2.87;6.02;213.3;163.8;31.7;5.7;12;1.98;0.83;0.24;0.32;0.38;0.36;0.076;19.5;4.49;2.04;1.48;0.24;0.82;4.51;51.5;39;1.8;1.6;9;0.21;0.04;0.04;0.06
17;50;50;100;50;20.57;4.26;12.07;3.72;3.77;0.192;80.4;19.7;10.34;5.55;0.94;3.09;6.87;225.5;156.2;49.3;6.2;13.7;1.9;1.28;0.25;0.34;0.54;0.51;0.077;19.6;6.38;2.85;2.08;0.36;1.17;5.2;54.8;40.4;1.6;2.3;10.4;0.31;0.06;0.06;0.08
17;50;50;100;100;21.32;4.56;13.32;4.03;4.13;0.197;79.1;21;10.94;6.01;0.95;3.18;7.57;221.7;149.8;50.4;6.4;15.1;1.81;1.69;0.26;0.36;0.63;0.62;0.08;20.9;7.65;3.46;2.5;0.43;1.38;5.75;58.3;41.6;2.4;2.8;11.5;0.37;0.08;0.07;0.1
17;50;100;0;0;17.91;3.78;10.27;4.04;4.06;0.193;71.8;21.11;11.11;5.95;1;3.36;5.96;226.9;164.7;43.5;6.7;11.9;2.45;0.98;0.27;0.38;0.19;0.19;0.075;28.2;2.06;0.99;0.65;0.1;0.43;4.3;89.2;78;1.7;0.9;8.6;0.08;0.06;0.02;0.02
17;50;100;0;50;17.69;3.82;10.69;4.35;4.4;0.201;70.6;21.89;11.6;6.1;1.05;3.36;6.1;221.8;160.3;42.6;6.7;12.2;2.37;1.37;0.27;0.39;0.23;0.23;0.083;29.4;2.35;1.15;0.7;0.12;0.46;4.58;92.2;79.6;2.5;0.9;9.2;0.09;0.08;0.02;0.03
17;50;100;0;100;17.22;3.94;11.06;4.72;4.82;0.213;69.9;22.74;12.11;6.28;1.12;3.42;6.29;217.9;157.7;40.8;6.8;12.6;2.37;1.78;0.29;0.39;0.29;0.28;0.092;30.1;2.69;1.31;0.79;0.14;0.53;4.78;93.7;80.6;2.5;1.1;9.6;0.1;0.11;0.02;0.04
17;50;100;50;0;20.04;4.17;11.48;4.1;4.23;0.192;75.5;22.08;11.44;6.26;1.06;3.5;6.42;226.6;158.4;48.4;7;12.8;2.36;1.22;0.27;0.38;0.31;0.29;0.079;24.5;3.4;1.61;1.07;0.18;0.67;5.07;73.4;60.2;1.7;1.3;10.1;0.15;0.06;0.03;0.05
17;50;100;50;50;20.62;4.47;12.58;4.6;4.58;0.196;74.2;23.44;12.32;6.63;1.15;3.65;7.16;222.6;151.6;49.4;7.3;14.3;2.24;1.64;0.29;0.41;0.38;0.39;0.084;25.8;4.49;2.06;1.46;0.27;0.83;5.42;77;62.1;2.5;1.7;10.8;0.2;0.08;0.04;0.06
17;50;100;50;100;20.57;4.76;13.67;4.98;5.05;0.208;73.3;24.3;12.84;6.81;1.2;3.65;7.74;218.7;147.5;48.4;7.3;15.5;2.21;2.13;0.29;0.42;0.57;0.52;0.085;26.7;5.92;2.79;1.88;0.3;1.11;5.93;79.6;63.2;2.3;2.2;11.9;0.27;0.1;0.06;0.08
17;50;100;100;0;20.6;4.46;12.35;4.22;4.3;0.19;80.5;22.68;11.82;6.32;1.1;3.57;7.07;225.9;155.1;49.4;7.1;14.1;2.31;1.3;0.29;0.39;0.45;0.39;0.078;19.5;4.79;2.22;1.54;0.24;0.88;5.28;54.7;40.6;1.7;1.8;10.6;0.23;0.06;0.05;0.06
17;50;100;100;50;21.67;5.04;14.12;4.64;4.64;0.194;78.8;24;12.59;6.83;1.16;3.73;8;221.3;146.8;51;7.5;16;2.18;1.75;0.3;0.41;0.57;0.55;0.079;21.2;6.76;3.13;2.15;0.37;1.31;6.12;59.4;42.2;2.3;2.6;12.2;0.33;0.07;0.06;0.08
17;50;100;100;100;22.52;5.52;15.24;5.19;5.21;0.205;77.7;25.45;13.61;7.04;1.23;4.03;8.59;216.8;138.7;52.9;8.1;17.2;2.03;2.43;0.32;0.43;0.67;0.66;0.081;22.3;7.99;3.72;2.52;0.44;1.5;6.65;62.1;43.7;2.2;3;13.3;0.39;0.1;0.08;0.1
17;100;0;0;0;17.67;2.91;8.33;3.22;3.26;0.203;65.4;16.18;8.51;4.6;0.76;2.46;4.78;160.8;119.5;26.9;4.9;9.6;2.33;0.46;0.2;0.28;0.21;0.21;0.074;34.6;2.42;1.1;0.77;0.15;0.45;3.55;84.9;72.7;4.3;0.9;7.1;0.08;0.07;0.03;0.03
17;100;0;0;50;17.41;3.17;8.72;3.36;3.39;0.202;65;16.81;8.89;4.73;0.82;2.65;4.93;159.6;118.3;26.1;5.3;9.9;2.32;0.56;0.21;0.29;0.25;0.26;0.084;35;2.74;1.25;0.86;0.17;0.52;3.79;86;73.3;4.1;1;7.6;0.08;0.11;0.02;0.04
17;100;0;0;100;16.81;3.15;9.08;3.5;3.51;0.206;64;17.12;9.06;4.78;0.8;2.58;5.13;157.9;117.8;24.7;5.2;10.3;2.29;0.72;0.21;0.28;0.31;0.32;0.094;36;3.13;1.45;1.03;0.19;0.56;3.95;88.9;73.6;6.2;1.1;7.9;0.09;0.16;0.03;0.04
17;100;0;50;0;19.23;3.2;9.02;3.19;3.27;0.199;70.5;16.49;8.67;4.65;0.79;2.58;5.22;162.9;117.7;29.6;5.2;10.4;2.27;0.5;0.21;0.29;0.31;0.28;0.077;29.5;3.43;1.61;1.06;0.19;0.62;3.8;68.2;55.2;4.1;1.2;7.6;0.14;0.07;0.03;0.04
17;100;0;50;50;19.74;3.61;10.14;3.4;3.44;0.197;69.7;17.52;9.24;5.01;0.87;2.73;5.75;162.5;115.6;30;5.5;11.5;2.27;0.65;0.23;0.3;0.36;0.39;0.082;30.3;4.5;2.1;1.44;0.24;0.88;4.39;70.7;56.1;4.1;1.8;8.8;0.18;0.1;0.05;0.06
17;100;0;50;100;19.72;3.99;11.42;3.72;3.76;0.202;68.1;18.68;9.92;5.25;0.88;2.88;6.57;160.9;112.7;29.3;5.8;13.1;2.22;0.99;0.23;0.33;0.59;0.55;0.087;31.9;6.17;2.87;1.98;0.31;1.11;4.85;75.2;57.3;6.1;2.2;9.7;0.25;0.16;0.06;0.08
17;100;0;100;0;19.67;3.5;9.85;3.17;3.33;0.199;76;16.83;8.78;4.78;0.83;2.58;5.61;162.9;116.5;30;5.2;11.2;2.3;0.51;0.21;0.3;0.38;0.38;0.078;24;4.64;2.15;1.44;0.26;0.92;4.25;51.4;37;4;1.8;8.5;0.2;0.06;0.05;0.06
17;100;0;100;50;20.78;4;11.46;3.52;3.46;0.193;74.7;18.05;9.48;5.17;0.84;2.79;6.4;161.8;112.3;31.2;5.6;12.8;2.19;0.72;0.22;0.32;0.57;0.54;0.08;25.3;6.52;3.01;2.11;0.35;1.21;5.06;54.7;38.2;3.9;2.4;10.1;0.28;0.11;0.06;0.09
17;100;0;100;100;21.28;4.42;12.66;3.82;3.83;0.198;73.2;19.36;10.27;5.39;0.84;2.96;7.17;160.8;108.9;31.7;5.9;14.3;2.13;1.12;0.25;0.33;0.68;0.68;0.084;26.8;7.96;3.62;2.59;0.43;1.46;5.49;58.8;39.2;5.7;2.9;11;0.35;0.15;0.08;0.1
17;100;50;0;0;17.89;3.79;10.82;4.52;4.58;0.205;65.3;22.38;11.87;6.27;1.03;3.39;6.11;163.8;117.5;27.3;6.8;12.2;3.33;0.6;0.27;0.38;0.21;0.2;0.074;34.7;2.24;1.03;0.7;0.11;0.4;4.71;87;73.8;3;0.8;9.4;0.08;0.07;0.02;0.03
17;100;50;0;50;17.52;3.96;11.25;4.7;4.81;0.21;64.3;22.96;12.16;6.37;1.12;3.49;6.39;162;115.9;26.4;7;12.8;3.26;0.86;0.28;0.4;0.27;0.27;0.089;35.7;2.7;1.26;0.84;0.15;0.47;4.86;89.9;74.7;4.6;0.9;9.7;0.09;0.12;0.03;0.04
17;100;50;0;100;17.34;4.11;11.63;5.06;5.03;0.213;63.6;23.66;12.68;6.46;1.13;3.54;6.59;160.1;114.2;25.7;7.1;13.2;3.22;1.12;0.29;0.4;0.33;0.33;0.098;36.4;3.09;1.47;0.96;0.16;0.57;5.04;91.5;75.6;4.7;1.1;10.1;0.1;0.16;0.03;0.04
17;100;50;50;0;19.7;4.23;11.63;4.6;4.58;0.2;70;22.96;12.15;6.38;1.13;3.59;6.63;165.4;114.6;30.4;7.2;13.3;3.23;0.68;0.29;0.39;0.3;0.28;0.078;30;3.33;1.53;1.04;0.19;0.64;5;70.9;56.5;3.1;1.3;10;0.14;0.07;0.03;0.04
17;100;50;50;50;20.4;4.55;12.88;4.75;4.86;0.204;68.5;23.98;12.71;6.66;1.07;3.67;7.33;164;111.1;30.8;7.3;14.7;3.1;1.07;0.3;0.4;0.44;0.42;0.087;31.5;4.68;2.22;1.48;0.26;0.88;5.55;75.4;57.9;4.6;1.8;11.1;0.19;0.12;0.05;0.06
17;100;50;50;100;20.51;5.04;13.92;5.17;5.27;0.21;69.4;25.15;13.46;6.97;1.17;3.9;7.94;177.1;107.6;45.9;7.8;15.9;3.02;1.5;0.31;0.44;0.56;0.55;0.089;30.6;6;2.8;1.93;0.32;1.14;5.98;78.1;59.4;4.5;2.3;12;0.25;0.16;0.06;0.08
17;100;50;100;0;20.29;4.37;12.64;4.55;4.64;0.201;75.4;23.19;12.19;6.43;1.12;3.52;7.18;164.9;112.6;30.9;7;14.4;3.16;0.8;0.29;0.4;0.44;0.38;0.077;24.6;4.73;2.21;1.51;0.27;0.85;5.45;53.8;38.1;3.1;1.7;10.9;0.21;0.07;0.04;0.06
17;100;50;100;50;21.27;4.99;14.22;4.95;4.99;0.204;75.3;24.49;12.98;6.82;1.19;3.76;8.02;179.2;107.8;47.8;7.5;16;3.03;1.23;0.31;0.43;0.62;0.57;0.082;24.7;6.72;3.11;2.13;0.37;1.23;6.21;58.8;39.5;4.5;2.5;12.4;0.3;0.11;0.06;0.09
17;100;50;100;100;22.14;5.5;15.29;5.24;5.35;0.207;74.5;25.91;13.84;7.1;1.19;4.06;8.7;178.2;102.9;49.8;8.1;17.4;2.89;1.68;0.34;0.45;0.67;0.66;0.084;25.5;7.8;3.6;2.41;0.47;1.44;6.59;60.9;40.8;4;2.9;13.2;0.36;0.14;0.07;0.1
17;100;100;0;0;18.23;4.51;12.63;5.41;5.49;0.206;66.3;26.68;14.21;7.38;1.29;4.05;7.22;177.8;113.1;42.1;8.1;14.4;3.75;0.94;0.33;0.47;0.22;0.21;0.079;33.7;2.24;1.07;0.66;0.13;0.46;5.41;90.1;76.2;2.2;0.9;10.8;0.09;0.08;0.02;0.03
17;100;100;0;50;18.17;4.61;13.14;5.73;5.8;0.212;65.4;27.47;14.69;7.56;1.36;4.18;7.55;175.4;110.5;41.4;8.4;15.1;3.65;1.34;0.33;0.48;0.24;0.26;0.089;34.6;2.51;1.19;0.76;0.17;0.43;5.59;92.9;77.6;3.3;0.9;11.2;0.09;0.12;0.02;0.03
17;100;100;0;100;17.84;4.82;13.29;6.04;6.16;0.22;64.6;28;15.07;7.63;1.28;4.3;7.54;172.3;108.4;40.2;8.6;15.1;3.61;1.73;0.35;0.46;0.32;0.3;0.096;35.4;2.78;1.34;0.86;0.15;0.52;5.75;94.4;78.8;3;1;11.5;0.1;0.14;0.02;0.03
17;100;100;50;0;20.33;4.82;13.59;5.54;5.6;0.204;70.9;27.5;14.54;7.59;1.34;4.21;7.7;180.1;108.8;47.5;8.4;15.4;3.59;1.2;0.35;0.46;0.32;0.3;0.08;29.1;3.4;1.59;1.06;0.17;0.62;5.89;74;58.9;2.1;1.2;11.8;0.15;0.07;0.03;0.04
17;100;100;50;50;20.97;5.27;14.81;5.86;5.9;0.206;69.3;28.69;15.25;7.93;1.47;4.4;8.29;177.6;103.8;48.4;8.8;16.6;3.44;1.61;0.36;0.5;0.41;0.39;0.084;30.7;4.45;2.1;1.4;0.25;0.87;6.52;78.7;60.9;2.9;1.7;13;0.2;0.1;0.04;0.06
17;100;100;50;100;20.83;5.55;15.64;6.38;6.3;0.216;68.4;29.28;15.74;8.11;1.33;4.41;8.92;175.1;101;47.5;8.8;17.8;3.35;2.12;0.35;0.49;0.61;0.54;0.087;31.6;6;2.85;1.87;0.34;1.14;6.72;80.8;62.1;2.9;2.3;13.4;0.27;0.13;0.06;0.07
17;100;100;100;0;20.87;5.25;14.59;5.43;5.63;0.203;76.3;27.87;14.66;7.83;1.34;4.37;8.25;180.5;106.8;48.4;8.7;16.5;3.55;1.25;0.35;0.48;0.41;0.38;0.08;23.7;4.62;2.12;1.5;0.24;0.88;6.33;56.1;39.7;2;1.8;12.7;0.21;0.07;0.04;0.06
17;100;100;100;50;21.99;5.79;16.19;5.84;5.94;0.204;74.7;29.14;15.57;8.01;1.38;4.56;9.21;179;101.4;50.1;9.1;18.4;3.36;1.71;0.37;0.5;0.57;0.57;0.083;25.3;6.76;3.1;2.2;0.35;1.24;6.98;60.6;41.2;3;2.5;14;0.32;0.1;0.06;0.09
17;100;100;100;100;22.91;6.11;17.28;6.43;6.44;0.213;73.5;30.35;16.32;8.38;1.4;4.6;9.85;176.5;95.7;51.9;9.2;19.7;3.16;2.38;0.37;0.52;0.7;0.68;0.084;26.5;7.97;3.66;2.56;0.47;1.51;7.43;63.4;42.8;2.7;3;14.9;0.38;0.12;0.08;0.1
18;0;0;0;0;16.47;1.77;5.39;1.55;1.59;0.17;78.2;9.42;4.72;2.84;0.46;1.42;3.08;272.9;235.6;28.3;2.8;6.2;0.83;0.48;0.12;0.17;0.14;0.15;0.063;21.8;1.88;0.82;0.64;0.11;0.34;2.3;75.9;68.8;1.9;0.7;4.6;0.08;0.03;0.01;0.02
18;0;0;0;50;16.15;1.99;5.67;1.76;1.77;0.171;77.8;10.36;5.36;2.94;0.5;1.64;3.3;269.9;232.3;27.7;3.3;6.6;0.84;0.6;0.14;0.19;0.17;0.16;0.066;22.2;2;0.92;0.64;0.12;0.36;2.38;76.7;69.6;1.7;0.7;4.8;0.08;0.04;0.02;0.03
18;0;0;0;100;16.09;2.27;6.16;1.96;1.99;0.177;76.9;11.33;5.9;3.22;0.57;1.85;3.56;265.4;227.3;27.3;3.7;7.1;0.8;0.82;0.16;0.21;0.21;0.2;0.071;23.1;2.25;1.06;0.69;0.12;0.42;2.6;79.4;70.8;2.6;0.8;5.2;0.09;0.06;0.02;0.03
18;0;0;50;0;17.94;2.2;6.23;1.66;1.71;0.167;81.8;10.23;5.15;2.99;0.52;1.61;3.63;272.2;231.2;30.6;3.2;7.3;0.85;0.53;0.13;0.19;0.25;0.24;0.07;18.2;3.04;1.41;0.96;0.18;0.59;2.6;60.5;52.3;1.9;1.2;5.2;0.14;0.03;0.03;0.04
18;0;0;50;50;18.4;2.55;7.23;1.82;1.84;0.166;81.1;11.13;5.66;3.23;0.57;1.78;4.15;269.3;226.3;31.1;3.6;8.3;0.81;0.68;0.15;0.2;0.34;0.31;0.074;18.9;3.98;1.84;1.24;0.23;0.77;3.08;62.7;53.2;1.8;1.5;6.2;0.19;0.04;0.04;0.05
18;0;0;50;100;18.87;2.89;8.47;2.18;2.24;0.177;79.8;12.68;6.51;3.66;0.6;1.98;4.8;263.4;218.3;31.5;4;9.6;0.79;1.07;0.16;0.22;0.48;0.41;0.078;20.2;5.11;2.38;1.62;0.28;0.91;3.67;66.3;54.7;2.4;1.8;7.3;0.24;0.05;0.04;0.07
18;0;0;100;0;18.44;2.44;6.91;1.62;1.66;0.164;85.8;10.11;5.04;2.97;0.5;1.61;3.91;271.5;229.3;31.2;3.2;7.8;0.81;0.54;0.13;0.18;0.38;0.33;0.074;14.2;4.31;2.01;1.36;0.22;0.84;3;44.6;35.2;1.8;1.7;6;0.21;0.03;0.04;0.05
18;0;0;100;50;19.15;3;8.65;1.98;1.89;0.163;84.8;11.6;5.89;3.37;0.57;1.85;4.96;266.5;221.2;31.7;3.7;9.9;0.8;0.73;0.15;0.21;0.52;0.48;0.075;15.2;6.25;2.85;2.03;0.35;1.15;3.69;47.5;36.2;1.7;2.3;7.4;0.31;0.04;0.06;0.08
18;0;0;100;100;20.09;3.5;9.94;2.27;2.31;0.175;83.6;13.28;6.84;3.79;0.69;2.1;5.67;260.8;212.4;32.8;4.2;11.3;0.75;1.15;0.17;0.24;0.59;0.58;0.077;16.4;7.35;3.36;2.37;0.38;1.4;4.27;51.1;37.3;2.5;2.8;8.5;0.36;0.05;0.07;0.09
18;0;50;0;0;17.16;2.21;6.13;1.82;1.78;0.159;77.2;11.23;5.68;3.26;0.55;1.83;3.52;267.5;227.5;29.3;3.7;7;0.81;0.63;0.15;0.2;0.18;0.17;0.066;22.8;2.03;0.92;0.68;0.1;0.38;2.61;78.6;70.8;1.9;0.8;5.2;0.08;0.04;0.02;0.03
18;0;50;0;50;17.18;2.36;6.9;2.15;2.15;0.172;76.4;12.5;6.39;3.61;0.63;1.96;3.96;262.5;221.7;29;3.9;7.9;0.8;0.96;0.15;0.23;0.19;0.19;0.073;23.6;2.22;1;0.73;0.13;0.4;2.93;80.7;72.2;1.9;0.8;5.9;0.09;0.06;0.02;0.03
18;0;50;0;100;16.58;2.48;7.15;2.46;2.41;0.182;75.8;13.27;6.89;3.85;0.62;2.04;4.12;258.9;218.7;28;4.1;8.2;0.79;1.21;0.17;0.24;0.24;0.23;0.082;24.2;2.48;1.15;0.77;0.15;0.44;3.02;82.5;73;2.6;0.9;6;0.1;0.08;0.02;0.03
18;0;50;50;0;18.71;2.6;7.42;1.93;1.94;0.155;80.6;12.47;6.29;3.67;0.63;2;4.2;265.1;220.8;31.8;4;8.4;0.82;0.73;0.16;0.23;0.26;0.25;0.073;19.4;3.15;1.46;1.05;0.16;0.6;3.21;63.6;54.2;1.7;1.2;6.4;0.14;0.04;0.03;0.04
18;0;50;50;50;19.61;3;8.53;2.33;2.33;0.167;79.7;13.95;7.02;4.12;0.71;2.19;4.91;260.3;213.3;32.8;4.4;9.8;0.76;1.14;0.17;0.26;0.37;0.35;0.079;20.3;4.24;1.98;1.34;0.22;0.81;3.62;66.2;55.6;1.7;1.6;7.2;0.19;0.06;0.05;0.05
18;0;50;50;100;19.85;3.44;9.87;2.79;2.82;0.184;79.4;15.35;7.94;4.47;0.7;2.38;5.57;270.4;205.5;49;4.8;11.1;0.76;1.59;0.2;0.27;0.45;0.46;0.081;20.6;5.53;2.57;1.74;0.31;1.06;4.29;70.1;57;2.4;2.1;8.6;0.26;0.07;0.05;0.07
18;0;50;100;0;19.38;2.96;8.13;2.1;2.04;0.159;84.8;12.87;6.56;3.73;0.65;2.1;4.66;263.4;217.4;32.5;4.2;9.3;0.79;0.85;0.18;0.23;0.37;0.34;0.075;15.2;4.41;2.04;1.44;0.26;0.87;3.47;47;36.6;1.6;1.7;6.9;0.21;0.03;0.04;0.06
18;0;50;100;50;20.06;3.51;10.04;2.46;2.49;0.173;84.4;14.46;7.38;4.25;0.69;2.28;5.71;273.5;208;49.5;4.6;11.4;0.77;1.28;0.19;0.26;0.57;0.52;0.077;15.6;6.6;3.05;2.08;0.37;1.22;4.33;50.5;37.8;1.6;2.4;8.7;0.32;0.05;0.06;0.08
18;0;50;100;100;21.29;3.92;11.44;2.91;2.94;0.181;83.2;16.28;8.31;4.74;0.8;2.52;6.55;267.9;198.1;51.8;5;13.1;0.7;1.76;0.2;0.29;0.64;0.61;0.079;16.8;7.57;3.48;2.45;0.39;1.4;4.89;53.9;39;2.3;2.8;9.8;0.37;0.07;0.07;0.1
18;0;100;0;0;17.87;2.48;7.32;2.25;2.22;0.162;77;13.71;6.93;4.08;0.66;2.12;4.26;275.1;216.9;45.4;4.2;8.5;0.77;1.02;0.18;0.25;0.2;0.18;0.071;23;2.04;0.95;0.65;0.1;0.36;3.06;82;73.4;1.7;0.7;6.1;0.08;0.05;0.02;0.03
18;0;100;0;50;17.89;2.79;7.86;2.72;2.67;0.178;76.1;15;7.74;4.29;0.75;2.37;4.44;269;210.1;45.2;4.7;8.9;0.76;1.45;0.2;0.26;0.22;0.21;0.078;23.9;2.29;1.06;0.72;0.12;0.43;3.42;84.4;75.1;1.6;0.9;6.8;0.09;0.07;0.02;0.03
18;0;100;0;100;17.62;2.93;8.35;3.08;3.13;0.196;75.2;15.98;8.37;4.57;0.78;2.47;4.75;264.1;205.7;43.9;4.9;9.5;0.76;1.9;0.2;0.28;0.23;0.26;0.089;24.8;2.58;1.2;0.77;0.16;0.46;3.6;86.7;76.2;2.4;0.9;7.2;0.1;0.1;0.03;0.03
18;0;100;50;0;19.88;3.08;8.53;2.44;2.49;0.164;80.4;15.19;7.66;4.41;0.78;2.53;4.94;273.1;207.7;50.4;5.1;9.9;0.73;1.27;0.21;0.28;0.25;0.27;0.076;19.6;3.25;1.44;1.09;0.17;0.55;3.59;66.5;56.6;1.6;1.1;7.2;0.15;0.05;0.03;0.04
18;0;100;50;50;20.51;3.43;9.88;3.01;2.96;0.174;79.3;17.01;8.7;4.9;0.84;2.63;5.75;267.2;199.1;51.3;5.3;11.5;0.72;1.71;0.22;0.31;0.43;0.37;0.081;20.7;4.36;2.02;1.43;0.22;0.8;4.13;69.7;58.2;1.6;1.6;8.3;0.2;0.07;0.04;0.06
18;0;100;50;100;20.8;3.9;10.98;3.56;3.51;0.193;77.8;18.17;9.49;5.17;0.87;2.77;6.18;260.4;191.2;51.3;5.5;12.4;0.71;2.25;0.23;0.32;0.52;0.51;0.085;22.2;5.78;2.73;1.78;0.31;1.14;4.79;73.8;59.7;2.3;2.3;9.6;0.27;0.1;0.06;0.07
18;0;100;100;0;20.19;3.36;9.82;2.54;2.58;0.165;84.5;15.71;7.85;4.59;0.84;2.47;5.72;271.7;205.3;50;4.9;11.4;0.78;1.31;0.2;0.29;0.39;0.38;0.076;15.5;4.84;2.22;1.56;0.27;0.89;4.1;49.7;38.1;1.6;1.8;8.2;0.23;0.05;0.04;0.06
18;0;100;100;50;21.44;4.07;11.56;2.99;3.03;0.173;83.1;17.5;8.99;5.08;0.84;2.83;6.63;264.6;193.5;52.2;5.7;13.3;0.7;1.79;0.23;0.31;0.58;0.55;0.079;16.9;6.81;3.07;2.23;0.39;1.24;4.93;53.5;39.6;1.5;2.5;9.9;0.33;0.07;0.06;0.09
18;0;100;100;100;22.36;4.44;12.8;3.86;3.74;0.192;81.7;19.56;10.27;5.46;0.95;2.95;7.34;256.3;181.6;54.1;5.9;14.7;0.66;2.48;0.25;0.35;0.72;0.67;0.081;18.3;8.13;3.71;2.6;0.47;1.49;5.47;57.1;41.1;2.1;3;10.9;0.4;0.09;0.08;0.11
18;50;0;0;0;16.81;2.44;6.89;2.54;2.62;0.195;74.1;13.53;7.04;3.88;0.67;2.1;3.96;219.1;178.6;28.4;4.2;7.9;1.72;0.49;0.17;0.24;0.16;0.15;0.061;25.9;1.82;0.84;0.57;0.09;0.35;2.93;76.5;68.2;1.8;0.7;5.9;0.08;0.03;0.02;0.02
18;50;0;0;50;16.5;2.58;7.23;2.69;2.71;0.194;73.6;13.99;7.37;3.97;0.64;2.17;4.16;216.8;176.6;27.5;4.3;8.3;1.69;0.59;0.18;0.25;0.17;0.18;0.068;26.4;2.11;0.99;0.7;0.11;0.41;3.07;77.5;68.8;1.7;0.8;6.1;0.09;0.04;0.02;0.03
18;50;0;0;100;16.32;2.73;7.47;2.9;2.86;0.196;72.7;14.63;7.82;4;0.67;2.31;4.29;213.4;173.3;26.9;4.6;8.6;1.61;0.81;0.19;0.26;0.21;0.21;0.076;27.3;2.35;1.03;0.75;0.15;0.42;3.18;79.9;69.9;2.8;0.8;6.4;0.09;0.07;0.02;0.03
18;50;0;50;0;18.09;2.7;7.65;2.6;2.63;0.192;78.3;13.73;7.21;3.89;0.65;2.14;4.39;219.8;176.4;30.4;4.3;8.8;1.7;0.51;0.18;0.24;0.23;0.24;0.071;21.7;3.04;1.37;1;0.17;0.56;3.27;61;51.6;1.7;1.1;6.5;0.14;0.03;0.03;0.04
18;50;0;50;50;18.67;3.05;8.55;2.73;2.73;0.187;77.4;14.64;7.74;4.07;0.7;2.34;4.91;217.1;171.7;30.9;4.7;9.8;1.59;0.69;0.18;0.26;0.29;0.31;0.074;22.6;3.87;1.75;1.28;0.2;0.71;3.64;63.2;52.7;1.8;1.4;7.3;0.18;0.04;0.04;0.05
18;50;0;50;100;19.21;3.57;9.79;3.1;3.15;0.194;76.1;16.26;8.58;4.59;0.76;2.6;5.66;213.6;165.7;31.4;5.2;11.3;1.57;1.07;0.21;0.29;0.45;0.42;0.079;23.9;5.11;2.38;1.62;0.26;0.97;4.13;66.9;54.2;2.5;1.9;8.3;0.24;0.07;0.05;0.07
18;50;0;100;0;18.45;2.85;8.19;2.51;2.55;0.191;82.9;13.42;6.98;3.78;0.65;2.08;4.7;218.8;174.7;30.5;4.2;9.4;1.63;0.52;0.17;0.23;0.31;0.32;0.072;17.1;4.17;1.86;1.39;0.25;0.76;3.49;45;34.7;1.8;1.5;7;0.21;0.03;0.04;0.05
18;50;0;100;50;19.21;3.47;10.04;2.81;2.79;0.186;81.7;15.1;7.8;4.35;0.7;2.33;5.76;216.3;168.9;31.2;4.7;11.5;1.61;0.73;0.19;0.27;0.52;0.49;0.076;18.3;6.24;2.85;2;0.32;1.15;4.28;48.3;35.7;1.8;2.3;8.6;0.3;0.04;0.06;0.09
18;50;0;100;100;20.27;4.01;11.33;3.22;3.22;0.192;80.5;16.86;8.92;4.69;0.82;2.68;6.59;212.6;161.5;32.6;5.4;13.2;1.53;1.16;0.22;0.3;0.58;0.57;0.078;19.5;7.24;3.34;2.34;0.39;1.33;4.74;51.4;36.9;2.3;2.7;9.5;0.35;0.06;0.07;0.1
18;50;50;0;0;17.4;2.95;8.35;3.32;3.27;0.195;73.4;16.93;8.86;4.73;0.8;2.6;4.79;218.6;175;28.8;5.2;9.6;2.16;0.62;0.21;0.29;0.17;0.17;0.067;26.6;1.99;0.89;0.62;0.13;0.34;3.56;79;69.3;1.9;0.7;7.1;0.08;0.04;0.02;0.03
18;50;50;0;50;16.99;3.14;8.79;3.51;3.54;0.201;72.6;17.73;9.31;5.02;0.84;2.71;4.99;214.8;171.5;27.9;5.4;10;2.09;0.91;0.23;0.31;0.22;0.2;0.076;27.4;2.24;1.08;0.67;0.13;0.43;3.8;80.7;70.5;1.7;0.9;7.6;0.09;0.06;0.02;0.03
18;50;50;0;100;16.96;3.33;9.36;3.92;3.85;0.204;71.8;18.9;10.12;5.25;0.91;2.87;5.46;212;167.6;27.7;5.7;10.9;2.06;1.21;0.23;0.34;0.21;0.23;0.084;28.2;2.41;1.12;0.73;0.13;0.46;3.9;83.1;71.8;2.6;0.9;7.8;0.09;0.09;0.02;0.03
18;50;50;50;0;19.05;3.34;9.53;3.23;3.31;0.188;77.2;17.76;9.2;5.13;0.85;2.77;5.45;217.8;170.1;31.3;5.5;10.9;2.06;0.71;0.22;0.32;0.25;0.24;0.072;22.8;3.04;1.41;0.99;0.14;0.58;4.08;64.2;53.1;1.8;1.2;8.2;0.14;0.04;0.03;0.04
18;50;50;50;50;19.67;3.67;10.69;3.65;3.7;0.193;76.1;19.25;10;5.59;0.91;2.93;6.13;214;163.7;32.2;5.9;12.3;1.99;1.12;0.24;0.34;0.36;0.34;0.078;23.9;4.14;1.88;1.33;0.24;0.75;4.56;66.9;54.7;1.6;1.5;9.1;0.19;0.06;0.04;0.05
18;50;50;50;100;20.3;4.24;11.74;4.09;4.15;0.202;75.8;20.61;10.91;5.71;1.01;3.19;6.57;224.7;156;49.1;6.4;13.1;1.91;1.62;0.26;0.35;0.48;0.45;0.081;24.2;5.36;2.56;1.65;0.3;1.04;5.17;71.4;56.6;2.4;2.1;10.3;0.25;0.08;0.05;0.07
18;50;50;100;0;19.34;3.69;10.46;3.31;3.4;0.19;81.7;17.96;9.25;5.19;0.91;2.77;5.95;216.9;167.9;31.5;5.5;11.9;2.05;0.81;0.24;0.31;0.35;0.36;0.075;18.3;4.61;2.18;1.43;0.26;0.92;4.51;48.4;35.8;1.7;1.8;9;0.22;0.04;0.04;0.06
18;50;50;100;50;20.65;4.29;12.12;3.79;3.84;0.195;81.5;19.77;10.28;5.62;0.99;3.08;6.95;228.6;159.2;49.3;6.2;13.9;1.95;1.28;0.25;0.36;0.54;0.52;0.079;18.5;6.48;2.98;2.08;0.39;1.21;5.17;51.7;37.3;1.7;2.4;10.3;0.31;0.06;0.06;0.09
18;50;50;100;100;21.41;4.66;13.39;4.19;4.22;0.2;80.3;21.18;11.17;5.96;1.03;3.3;7.65;225.3;152.5;50.9;6.6;15.3;1.88;1.71;0.26;0.38;0.64;0.62;0.079;19.7;7.62;3.44;2.53;0.41;1.36;5.75;55;38.4;2.4;2.7;11.5;0.37;0.08;0.07;0.1
18;50;100;0;0;18.32;3.72;10.21;4.09;4.16;0.197;73.5;21.2;11.17;5.97;1.02;3.34;5.88;230.8;167.6;44.8;6.7;11.8;2.51;0.99;0.27;0.39;0.21;0.19;0.073;26.5;2.04;0.99;0.63;0.1;0.38;4.33;82.9;71.8;1.7;0.8;8.7;0.08;0.06;0.02;0.02
18;50;100;0;50;17.86;3.72;10.58;4.6;4.54;0.206;72.6;22.1;11.79;6.15;1.04;3.28;6.12;226.5;164.4;43.3;6.6;12.2;2.5;1.37;0.28;0.38;0.25;0.23;0.08;27.4;2.35;1.1;0.71;0.12;0.44;4.45;85.2;72.9;2.5;0.9;8.9;0.09;0.08;0.02;0.03
18;50;100;0;100;17.6;3.93;10.81;4.89;4.9;0.216;71.7;22.82;12.28;6.22;1.07;3.43;6.25;221.1;159.4;42.4;6.9;12.5;2.38;1.84;0.29;0.39;0.26;0.26;0.089;28.3;2.53;1.23;0.77;0.15;0.5;4.56;87;74.5;2.3;1;9.1;0.1;0.1;0.03;0.03
18;50;100;50;0;20;4.12;11.42;4.43;4.37;0.196;77.2;22.36;11.93;6.15;1.13;3.5;6.48;230.3;161.5;48.9;7;13;2.45;1.24;0.29;0.39;0.27;0.27;0.077;22.8;3.22;1.48;1.03;0.17;0.62;4.94;68;55.2;1.6;1.2;9.9;0.14;0.06;0.03;0.04
18;50;100;50;50;20.71;4.46;12.47;4.73;4.7;0.199;75.9;23.63;12.49;6.6;1.2;3.68;7.12;226.2;154.4;50.2;7.4;14.2;2.32;1.65;0.31;0.42;0.39;0.36;0.081;24.1;4.2;1.94;1.36;0.23;0.78;5.35;71.7;57;2.4;1.6;10.7;0.19;0.08;0.04;0.05
18;50;100;50;100;21;4.82;13.59;5.29;5.16;0.211;74.8;24.56;13.21;6.74;1.14;3.7;7.84;222;148.9;50;7.4;15.7;2.22;2.22;0.3;0.43;0.55;0.51;0.085;25.2;5.81;2.69;1.85;0.34;1.11;5.75;74.5;58.4;2.4;2.2;11.5;0.27;0.11;0.05;0.08
18;50;100;100;0;20.62;4.26;12.54;4.3;4.39;0.194;81.7;22.66;11.78;6.55;1.12;3.39;7.18;229.8;159.3;49.3;6.8;14.4;2.41;1.28;0.29;0.4;0.37;0.37;0.078;18.3;4.61;2.13;1.5;0.26;0.86;5.36;51.4;37.3;1.7;1.7;10.7;0.22;0.05;0.04;0.06
18;50;100;100;50;21.55;4.88;14.01;4.83;4.73;0.198;80.2;23.98;12.66;6.83;1.12;3.63;8.01;225.2;151;50.9;7.3;16;2.28;1.74;0.29;0.42;0.56;0.55;0.08;19.8;6.71;3.07;2.13;0.4;1.26;6;55.6;38.6;2.4;2.5;12;0.32;0.08;0.06;0.09
18;50;100;100;100;22.48;5.43;15.21;5.41;5.32;0.209;78.9;25.55;13.56;7.14;1.22;3.85;8.67;220;142.2;52.7;7.7;17.3;2.15;2.42;0.31;0.43;0.72;0.67;0.081;21.1;8.01;3.81;2.44;0.44;1.58;6.55;58.6;40.1;2.3;3.2;13.1;0.39;0.1;0.07;0.1
18;100;0;0;0;17.61;2.85;8.08;3.37;3.38;0.208;67.6;16.36;8.72;4.5;0.83;2.48;4.65;163.2;121.1;27.9;5;9.3;2.42;0.47;0.21;0.29;0.17;0.18;0.071;32.4;2.12;0.94;0.69;0.13;0.38;3.43;78.1;67.1;3.4;0.8;6.9;0.08;0.06;0.02;0.03
18;100;0;0;50;17.2;3.03;8.52;3.52;3.52;0.208;67.2;16.99;8.94;4.74;0.82;2.56;4.86;162.1;120.4;26.8;5.1;9.7;2.45;0.56;0.21;0.3;0.25;0.23;0.078;32.8;2.54;1.19;0.82;0.14;0.47;3.66;79;67.5;3.3;0.9;7.3;0.09;0.08;0.03;0.03
18;100;0;0;100;17.12;3.27;9.18;3.71;3.75;0.209;66.2;17.98;9.54;5.01;0.88;2.75;5.29;161;118.9;26.1;5.5;10.6;2.43;0.78;0.23;0.31;0.3;0.29;0.09;33.8;2.92;1.41;0.9;0.14;0.52;3.89;82.1;68.2;5.1;1;7.8;0.09;0.13;0.03;0.04
18;100;0;50;0;19;3.27;9.06;3.52;3.46;0.205;72.4;16.97;9.04;4.75;0.82;2.63;5.24;165.3;119.9;29.7;5.3;10.5;2.44;0.51;0.22;0.3;0.29;0.27;0.074;27.6;3.28;1.54;1.02;0.18;0.64;3.82;63;50.7;3.4;1.3;7.6;0.14;0.06;0.03;0.04
18;100;0;50;50;19.56;3.6;10.13;3.64;3.61;0.202;71.6;17.95;9.59;4.94;0.86;2.77;5.77;164.6;117.2;30.3;5.5;11.5;2.42;0.67;0.22;0.31;0.37;0.37;0.079;28.4;4.37;1.94;1.42;0.25;0.83;4.36;65.3;51.7;3.3;1.7;8.7;0.18;0.09;0.04;0.05
18;100;0;50;100;19.81;3.94;11.2;3.84;3.89;0.206;70.1;18.93;10.06;5.28;0.91;2.89;6.45;162.6;113.6;30.3;5.8;12.9;2.31;1.02;0.23;0.33;0.49;0.48;0.084;29.9;5.62;2.56;1.86;0.3;1.04;4.75;69.3;53;4.7;2.1;9.5;0.24;0.12;0.05;0.07
18;100;0;100;0;19.22;3.57;9.76;3.35;3.44;0.204;77.6;16.93;8.98;4.73;0.83;2.68;5.55;165.2;118.9;29.9;5.4;11.1;2.4;0.52;0.22;0.3;0.35;0.37;0.077;22.4;4.6;2.08;1.5;0.23;0.89;4.21;47.7;34.1;3.4;1.8;8.4;0.21;0.06;0.05;0.06
18;100;0;100;50;20.24;4.07;11.28;3.53;3.56;0.198;76.4;18.06;9.51;5.03;0.87;2.85;6.37;164;114.4;31.1;5.7;12.7;2.3;0.72;0.23;0.31;0.55;0.53;0.079;23.6;6.53;2.99;2.13;0.35;1.23;4.9;50.6;35.2;3.2;2.5;9.8;0.3;0.08;0.06;0.09
18;100;0;100;100;21.09;4.39;12.51;3.94;3.94;0.203;74.9;19.47;10.33;5.4;0.91;2.97;7.15;162.8;110.8;31.8;5.9;14.3;2.25;1.12;0.24;0.33;0.69;0.65;0.083;25.1;7.75;3.6;2.5;0.43;1.42;5.36;54.6;36.1;4.9;2.8;10.7;0.35;0.13;0.07;0.1
18;100;50;0;0;17.91;3.98;10.88;4.73;4.78;0.21;67.4;22.8;12.23;6.21;1.1;3.58;6.25;167;119.3;28;7.2;12.5;3.48;0.61;0.29;0.39;0.19;0.18;0.071;32.6;2.14;0.97;0.71;0.12;0.39;4.63;80.5;68;2.5;0.8;9.3;0.08;0.06;0.02;0.03
18;100;50;0;50;17.82;3.9;11.12;5.05;5;0.214;66.4;23.44;12.51;6.45;1.1;3.45;6.43;164.2;116.7;27.8;6.9;12.9;3.4;0.92;0.28;0.4;0.2;0.23;0.08;33.6;2.4;1.08;0.77;0.12;0.45;4.69;83.1;69.3;3.5;0.9;9.4;0.09;0.09;0.02;0.03
18;100;50;0;100;17.6;4.03;11.73;5.14;5.23;0.218;65.7;24.11;12.88;6.61;1.14;3.58;6.61;162.4;115.1;26.9;7.2;13.2;3.36;1.18;0.29;0.4;0.29;0.27;0.09;34.3;2.66;1.22;0.88;0.14;0.44;5.12;84.8;70.1;3.6;0.9;10.2;0.09;0.12;0.02;0.03
18;100;50;50;0;19.49;4.08;11.68;4.88;4.76;0.205;71.7;23.26;12.44;6.36;1.13;3.46;6.64;167.1;116.4;30.6;6.9;13.3;3.38;0.69;0.28;0.41;0.27;0.28;0.076;28.3;3.3;1.52;1.05;0.19;0.63;5.04;65.8;52;2.4;1.3;10.1;0.14;0.06;0.03;0.05
18;100;50;50;50;20.02;4.58;12.74;5.09;5.09;0.208;70.4;24.56;13.07;6.8;1.18;3.73;7.32;165.3;112;31.2;7.5;14.6;3.26;1.09;0.31;0.43;0.38;0.37;0.082;29.6;4.35;2.04;1.35;0.23;0.85;5.42;69.5;53.6;3.3;1.7;10.8;0.19;0.09;0.04;0.05
18;100;50;50;100;20.56;4.85;13.89;5.44;5.44;0.214;71.2;25.48;13.64;6.96;1.25;3.79;7.87;179;108.2;47.5;7.6;15.7;3.15;1.55;0.31;0.43;0.51;0.49;0.084;28.8;5.58;2.61;1.76;0.31;1.06;6.02;72.5;55;3.3;2.1;12;0.25;0.11;0.06;0.07
18;100;50;100;0;19.83;4.38;12.73;4.8;4.86;0.206;76.9;23.61;12.42;6.65;1.11;3.49;7.27;167;114.6;30.9;7;14.5;3.36;0.81;0.28;0.41;0.36;0.37;0.077;23.1;4.59;2.11;1.48;0.26;0.89;5.46;50.1;35.2;2.3;1.8;10.9;0.21;0.05;0.05;0.06
18;100;50;100;50;20.89;4.9;14.09;5.11;5.2;0.21;77;24.88;13.21;6.89;1.21;3.71;8.12;181.7;109.9;48.1;7.4;16.2;3.21;1.24;0.31;0.43;0.55;0.53;0.08;23;6.46;2.99;2.02;0.4;1.19;5.97;54.1;36.3;3.4;2.4;11.9;0.3;0.09;0.05;0.09
18;100;50;100;100;21.7;5.33;15.05;5.44;5.44;0.212;76.1;25.75;13.7;7.11;1.19;3.9;8.63;179.8;105.4;49.3;7.8;17.3;3.04;1.66;0.32;0.43;0.63;0.64;0.081;23.9;7.7;3.47;2.54;0.41;1.43;6.42;56.4;37.5;3.2;2.9;12.8;0.36;0.11;0.07;0.1
18;100;100;0;0;18.55;4.44;12.61;5.56;5.64;0.212;68.2;26.76;14.18;7.38;1.31;4.05;7.08;180.4;114.7;43.4;8.1;14.2;3.91;0.97;0.32;0.44;0.19;0.19;0.075;31.8;2.12;0.96;0.71;0.12;0.39;5.54;83.9;70.3;1.7;0.8;11.1;0.09;0.06;0.02;0.03
18;100;100;0;50;18.19;4.6;12.75;6.06;5.99;0.217;67.3;27.66;14.93;7.53;1.26;4.18;7.24;177.5;112.1;42.6;8.4;14.5;3.82;1.36;0.35;0.45;0.24;0.23;0.084;32.7;2.3;1.08;0.71;0.1;0.42;5.51;86;71.6;2.6;0.8;11;0.09;0.09;0.02;0.03
18;100;100;0;100;18;4.78;13.21;6.36;6.37;0.225;66.5;28.43;15.48;7.69;1.37;4.27;7.52;174.6;109.4;41.6;8.5;15;3.74;1.81;0.34;0.48;0.28;0.27;0.091;33.5;2.62;1.25;0.8;0.13;0.51;5.69;87.8;72.9;2.5;1;11.4;0.1;0.12;0.03;0.03
18;100;100;50;0;20.14;4.77;13.7;5.82;5.8;0.21;72.7;27.79;14.81;7.66;1.42;4.14;7.86;182.7;111.1;47.6;8.3;15.7;3.79;1.21;0.33;0.47;0.26;0.27;0.077;27.3;3.2;1.46;1.05;0.17;0.63;5.84;68.6;54;1.7;1.3;11.7;0.15;0.05;0.03;0.04
18;100;100;50;50;20.7;5.06;14.71;6.16;6.11;0.211;71.6;29;15.45;8.01;1.41;4.27;8.54;181.2;106.7;48.8;8.5;17.1;3.65;1.62;0.34;0.51;0.4;0.38;0.083;28.4;4.34;2;1.38;0.25;0.79;6.17;71.9;55.6;2.4;1.6;12.3;0.2;0.08;0.04;0.06
18;100;100;50;100;21.53;5.38;15.56;6.55;6.5;0.219;70.2;29.79;15.96;8.26;1.34;4.39;8.88;177.5;101;50;8.8;17.8;3.43;2.21;0.34;0.51;0.49;0.48;0.084;29.8;5.52;2.49;1.77;0.33;0.99;6.67;75.4;57.7;2.4;2;13.3;0.26;0.11;0.05;0.07
18;100;100;100;0;20.67;5.15;14.68;5.72;5.81;0.207;77.6;28.14;14.93;7.91;1.36;4.25;8.41;182.4;108.5;48.6;8.5;16.8;3.7;1.27;0.35;0.5;0.4;0.38;0.078;22.4;4.61;2.21;1.4;0.23;0.9;6.28;52.7;36.7;1.6;1.8;12.6;0.22;0.05;0.05;0.06
18;100;100;100;50;21.66;5.74;15.88;6.28;6.1;0.209;76.1;29.24;15.75;7.98;1.38;4.47;9.06;180.3;103.1;50.2;8.9;18.1;3.53;1.7;0.36;0.51;0.56;0.55;0.081;23.9;6.68;3.07;2.1;0.34;1.27;6.82;56.7;38;2.5;2.5;13.6;0.32;0.08;0.06;0.09
18;100;100;100;100;22.75;6.03;17.1;6.8;6.62;0.217;75;30.58;16.58;8.32;1.42;4.49;9.82;177.9;97;52.2;9;19.6;3.32;2.39;0.38;0.52;0.66;0.66;0.081;25;7.92;3.72;2.49;0.44;1.54;7.28;59.3;39.5;2.1;3.1;14.6;0.38;0.1;0.07;0.1
19;0;0;0;0;16.99;1.8;5.25;1.67;1.66;0.174;80;9.58;4.85;2.84;0.49;1.47;3.02;278.5;240;29.5;2.9;6;0.87;0.49;0.12;0.17;0.14;0.14;0.062;20;1.75;0.82;0.54;0.1;0.33;2.23;69.4;62.5;1.8;0.7;4.5;0.07;0.03;0.01;0.02
19;0;0;0;50;16.93;2;5.79;1.98;1.86;0.176;79.5;10.58;5.52;3.01;0.54;1.65;3.33;275.4;236.5;28.9;3.3;6.7;0.9;0.62;0.15;0.19;0.17;0.16;0.065;20.5;2;0.89;0.66;0.12;0.35;2.46;70.8;63.3;1.9;0.7;4.9;0.08;0.04;0.01;0.02
19;0;0;0;100;16.45;2.27;6.21;2.1;2.08;0.182;78.7;11.47;5.99;3.3;0.55;1.85;3.55;270.5;231.8;28;3.7;7.1;0.88;0.83;0.17;0.2;0.18;0.2;0.072;21.3;2.3;1.05;0.74;0.12;0.42;2.66;73.1;64.3;2.6;0.8;5.3;0.09;0.06;0.02;0.03
19;0;0;50;0;17.94;2.19;6.18;1.67;1.71;0.172;83.3;9.97;5.06;2.92;0.51;1.6;3.53;277.9;236.8;30.8;3.2;7.1;0.87;0.52;0.13;0.18;0.25;0.24;0.07;16.7;3.02;1.42;0.97;0.15;0.59;2.65;55.7;47.4;1.8;1.2;5.3;0.14;0.03;0.03;0.04
19;0;0;50;50;18.46;2.58;7.16;1.95;1.93;0.171;82.6;11.29;5.88;3.22;0.49;1.84;4.19;274.2;230.8;31.3;3.7;8.4;0.87;0.69;0.16;0.2;0.32;0.31;0.073;17.4;3.93;1.76;1.35;0.22;0.74;2.98;57.5;48.4;1.7;1.5;6;0.19;0.04;0.03;0.05
19;0;0;50;100;19.37;2.92;8.45;2.25;2.31;0.181;81.3;12.77;6.53;3.74;0.61;1.99;4.83;268.6;222.6;32.4;4;9.7;0.83;1.08;0.16;0.23;0.38;0.41;0.078;18.7;5.05;2.27;1.65;0.27;0.93;3.62;61.4;49.8;2.5;1.9;7.2;0.24;0.06;0.05;0.07
19;0;0;100;0;18.37;2.5;6.97;1.74;1.77;0.172;87.1;10.33;5.3;2.98;0.51;1.68;4.08;277.6;235.1;31;3.4;8.2;0.9;0.54;0.14;0.19;0.32;0.33;0.074;12.9;4.28;1.95;1.38;0.26;0.82;2.89;41;31.8;1.8;1.6;5.8;0.21;0.03;0.04;0.06
19;0;0;100;50;19.41;3.03;8.7;2.04;1.99;0.167;85.9;11.93;6.08;3.52;0.56;1.86;5.02;271.1;225.2;32.2;3.7;10;0.86;0.76;0.16;0.22;0.41;0.46;0.075;14.1;6.01;2.73;1.94;0.38;1.17;3.68;44.3;32.9;1.7;2.3;7.4;0.3;0.04;0.06;0.08
19;0;0;100;100;20.16;3.65;10.15;2.26;2.44;0.18;84.8;13.61;7.03;3.88;0.74;2.23;5.84;266.2;217.2;32.8;4.5;11.7;0.85;1.16;0.18;0.25;0.55;0.59;0.078;15.2;7.41;3.41;2.36;0.39;1.41;4.31;47.7;33.8;2.5;2.8;8.6;0.36;0.05;0.08;0.1
19;0;50;0;0;17.55;2.18;6.19;1.9;1.88;0.164;79.1;11.52;5.83;3.43;0.57;1.82;3.56;272.9;231.7;30.4;3.6;7.1;0.87;0.65;0.15;0.21;0.15;0.15;0.064;20.9;1.8;0.84;0.56;0.1;0.36;2.63;72;64.3;1.7;0.7;5.3;0.08;0.04;0.02;0.02
19;0;50;0;50;17.45;2.42;6.73;2.19;2.22;0.176;78.3;12.65;6.53;3.56;0.6;2.05;3.85;267.7;226.1;29.8;4.1;7.7;0.85;0.98;0.17;0.22;0.18;0.2;0.074;21.7;2.17;0.98;0.72;0.1;0.37;2.88;73.9;65.6;1.8;0.7;5.8;0.09;0.06;0.02;0.03
19;0;50;0;100;17.23;2.56;7.47;2.58;2.57;0.186;77.5;13.87;7.15;4.04;0.72;2.05;4.38;263.9;222;29;4.1;8.8;0.86;1.28;0.17;0.25;0.22;0.23;0.081;22.5;2.43;1.18;0.74;0.13;0.51;3.09;76.2;66.5;2.6;1;6.2;0.1;0.08;0.03;0.03
19;0;50;50;0;18.57;2.5;7.21;1.97;1.96;0.16;82.3;12.28;6.13;3.65;0.62;1.93;4.15;270.2;226.3;31.7;3.9;8.3;0.85;0.72;0.17;0.23;0.21;0.24;0.072;17.7;3.06;1.41;0.99;0.16;0.57;3.06;58;49.1;1.6;1.1;6.1;0.14;0.03;0.02;0.04
19;0;50;50;50;19.54;3.01;8.64;2.32;2.41;0.171;81.1;14.11;7.07;4.19;0.68;2.21;4.93;264.3;217.2;32.8;4.4;9.9;0.82;1.14;0.18;0.26;0.33;0.33;0.076;18.9;4.13;1.9;1.29;0.26;0.8;3.71;61.3;50.6;1.6;1.6;7.4;0.19;0.05;0.04;0.05
19;0;50;50;100;20.27;3.3;9.68;2.9;2.88;0.186;81.1;15.49;8.05;4.43;0.76;2.35;5.63;276.1;209.5;50.6;4.7;11.3;0.78;1.63;0.2;0.27;0.41;0.43;0.081;18.9;5.21;2.37;1.71;0.28;0.95;4.04;64.2;51.9;2.3;1.9;8.1;0.24;0.08;0.04;0.07
19;0;50;100;0;19.38;2.93;8.4;2.15;2.1;0.163;85.9;12.92;6.61;3.7;0.67;2.06;4.82;268.2;221.9;32.6;4.1;9.6;0.84;0.86;0.17;0.23;0.36;0.36;0.075;14.1;4.58;2.09;1.48;0.27;0.87;3.59;43.8;33.2;1.6;1.7;7.2;0.22;0.04;0.05;0.06
19;0;50;100;50;20.41;3.6;10.04;2.42;2.56;0.176;85.6;14.55;7.46;4.26;0.73;2.33;5.86;279.5;212.9;50.3;4.7;11.7;0.81;1.29;0.19;0.27;0.47;0.5;0.077;14.4;6.39;2.92;2.01;0.35;1.27;4.18;46.8;34.2;1.7;2.5;8.4;0.31;0.06;0.06;0.07
19;0;50;100;100;20.92;3.93;11.45;2.92;2.96;0.185;84.4;16.03;8.27;4.59;0.84;2.48;6.51;272.8;203.6;51.2;5;13;0.77;1.7;0.2;0.3;0.62;0.63;0.079;15.6;7.79;3.54;2.56;0.42;1.45;4.94;50.3;35.2;2.3;2.9;9.9;0.38;0.07;0.07;0.1
19;0;100;0;0;18.43;2.65;7.39;2.35;2.36;0.165;78.7;14.29;7.26;4.07;0.74;2.3;4.31;279.9;219.4;47.3;4.6;8.6;0.85;1.06;0.18;0.27;0.16;0.17;0.069;21.3;1.93;0.9;0.62;0.11;0.35;3.09;75.5;67;1.6;0.7;6.2;0.08;0.05;0.02;0.03
19;0;100;0;50;18.35;2.77;7.91;2.77;2.77;0.182;78;15.3;7.92;4.33;0.76;2.38;4.6;274.4;213.8;46.7;4.8;9.2;0.83;1.48;0.19;0.27;0.21;0.21;0.079;22;2.2;1.02;0.74;0.1;0.39;3.31;77.3;68.3;1.6;0.8;6.6;0.09;0.07;0.02;0.03
19;0;100;0;100;18.4;3.08;8.46;3.25;3.32;0.199;76.9;16.73;8.82;4.7;0.77;2.6;4.91;268.3;207.2;46.1;5.2;9.8;0.8;1.99;0.22;0.3;0.23;0.26;0.092;23.1;2.52;1.17;0.77;0.15;0.48;3.55;80.3;69.7;2.5;1;7.1;0.1;0.11;0.02;0.03
19;0;100;50;0;19.52;2.91;8.61;2.56;2.52;0.168;81.8;15.03;7.68;4.36;0.73;2.27;4.95;277.1;213.1;49.6;4.5;9.9;0.8;1.26;0.18;0.29;0.24;0.28;0.076;18.2;3.32;1.49;1.09;0.2;0.64;3.66;61.5;51.3;1.6;1.3;7.3;0.15;0.05;0.03;0.04
19;0;100;50;50;20.6;3.41;9.91;3.02;3.03;0.177;80.7;17.08;8.76;4.85;0.82;2.63;5.75;271.1;202.5;51.8;5.3;11.5;0.78;1.72;0.22;0.31;0.34;0.37;0.08;19.3;4.39;1.95;1.47;0.24;0.78;4.16;64.4;53.1;1.5;1.6;8.3;0.2;0.07;0.04;0.05
19;0;100;50;100;21.62;3.86;11.22;3.75;3.66;0.195;79.3;18.8;9.86;5.29;0.91;2.8;6.41;264.6;192.8;53.4;5.6;12.8;0.73;2.37;0.23;0.33;0.43;0.48;0.085;20.7;5.52;2.55;1.75;0.29;1.06;4.81;68.8;54.7;2.4;2.1;9.6;0.26;0.1;0.05;0.07
19;0;100;100;0;20.17;3.32;9.56;2.64;2.6;0.167;85.6;15.6;7.86;4.56;0.8;2.43;5.51;275.4;208.8;50.7;4.9;11;0.79;1.32;0.2;0.28;0.34;0.37;0.076;14.4;4.64;2.06;1.53;0.28;0.89;4.05;46.1;34.7;1.5;1.8;8.1;0.23;0.04;0.04;0.06
19;0;100;100;50;21.32;4;11.57;3.14;3.08;0.177;84.3;17.44;8.98;4.99;0.86;2.71;6.59;268.6;197.9;52.1;5.4;13.2;0.76;1.78;0.23;0.3;0.57;0.56;0.079;15.7;6.94;3.17;2.3;0.38;1.29;4.97;49.9;35.9;1.5;2.6;9.9;0.34;0.07;0.07;0.09
19;0;100;100;100;22.16;4.4;12.91;3.71;3.69;0.194;83.1;19.02;9.97;5.38;0.94;2.86;7.47;262.6;188.5;53.4;5.7;14.9;0.7;2.42;0.23;0.34;0.65;0.67;0.081;16.9;8.17;3.72;2.63;0.49;1.54;5.44;53;36.9;2.2;3.1;10.9;0.4;0.09;0.08;0.11
19;50;0;0;0;17.35;2.4;6.83;2.63;2.71;0.203;76;13.46;7.06;3.75;0.68;2.09;3.9;223.5;182;29.5;4.2;7.8;1.81;0.5;0.16;0.24;0.15;0.14;0.062;24;1.75;0.76;0.6;0.1;0.31;2.93;70.3;61.9;1.9;0.6;5.9;0.07;0.03;0.01;0.02
19;50;0;0;50;16.95;2.47;7.15;2.79;2.78;0.202;75.5;13.9;7.35;3.94;0.65;2.06;4.1;220.6;179.8;28.4;4.1;8.2;1.76;0.61;0.17;0.24;0.16;0.17;0.066;24.5;2.07;0.94;0.69;0.09;0.4;3.06;71.3;62.6;1.8;0.8;6.1;0.09;0.04;0.02;0.03
19;50;0;0;100;16.61;2.61;7.67;3.02;3.03;0.203;74.8;14.95;7.92;4.23;0.69;2.25;4.46;217.9;176.7;27.8;4.5;8.9;1.75;0.84;0.19;0.26;0.2;0.2;0.076;25.2;2.26;0.98;0.75;0.15;0.37;3.21;73.2;63.5;2.6;0.7;6.4;0.09;0.06;0.02;0.03
19;50;0;50;0;18.05;2.63;7.62;2.69;2.7;0.2;79.8;13.58;7.18;3.81;0.6;2.05;4.37;223;180;30.2;4.1;8.7;1.78;0.52;0.17;0.24;0.2;0.25;0.072;20.2;3.11;1.41;1.03;0.17;0.57;3.25;56.4;46.9;1.9;1.1;6.5;0.14;0.03;0.03;0.04
19;50;0;50;50;18.64;2.97;8.48;2.88;2.88;0.197;79;14.69;7.75;4.11;0.69;2.24;4.86;220.7;175.5;31;4.5;9.7;1.74;0.68;0.19;0.26;0.29;0.31;0.074;21;3.9;1.78;1.27;0.19;0.73;3.63;58.3;47.9;1.7;1.5;7.3;0.18;0.04;0.04;0.05
19;50;0;50;100;19.44;3.48;9.64;3.15;3.26;0.202;77.8;16.2;8.53;4.59;0.76;2.5;5.55;217.9;169.8;31.9;5;11.1;1.7;1.07;0.21;0.28;0.38;0.41;0.079;22.2;4.95;2.24;1.57;0.27;0.97;4.09;61.9;49.1;2.6;1.9;8.2;0.23;0.07;0.05;0.06
19;50;0;100;0;18.39;2.85;8.19;2.69;2.69;0.2;84.2;13.51;7.12;3.73;0.67;2.01;4.7;223.2;179.1;30.6;4;9.4;1.77;0.52;0.17;0.24;0.33;0.34;0.074;15.8;4.34;1.99;1.36;0.24;0.84;3.49;41.8;31.4;1.8;1.7;7;0.21;0.03;0.04;0.05
19;50;0;100;50;19.51;3.55;9.96;2.99;2.91;0.192;82.9;15.18;7.99;4.27;0.76;2.36;5.71;219.1;171.2;31.7;4.7;11.4;1.7;0.74;0.2;0.27;0.44;0.47;0.075;17.1;6.14;2.82;1.96;0.36;1.19;4.24;45.1;32.5;1.7;2.4;8.5;0.3;0.04;0.06;0.07
19;50;0;100;100;20.21;3.96;11.3;3.23;3.31;0.199;81.7;16.71;8.76;4.69;0.82;2.55;6.51;216.2;165.8;32.3;5.1;13;1.66;1.14;0.22;0.3;0.56;0.59;0.078;18.3;7.4;3.39;2.35;0.42;1.41;4.79;48.3;33.3;2.6;2.8;9.6;0.36;0.07;0.07;0.09
19;50;50;0;0;18;3.03;8.35;3.45;3.45;0.202;75.1;17.23;9.13;4.81;0.82;2.69;4.74;221.9;177.2;29.9;5.4;9.5;2.28;0.65;0.22;0.3;0.13;0.15;0.064;24.9;1.81;0.82;0.61;0.08;0.34;3.61;73.2;63.3;1.9;0.7;7.2;0.07;0.04;0.02;0.02
19;50;50;0;50;17.72;3.22;8.93;3.73;3.76;0.206;74.5;18.29;9.72;5.04;0.89;2.8;5.26;218.5;173.2;29.1;5.6;10.5;2.22;0.99;0.22;0.33;0.19;0.19;0.074;25.5;2.15;1;0.69;0.1;0.42;3.68;74.5;64.5;1.8;0.8;7.4;0.08;0.06;0.02;0.03
19;50;50;0;100;17.35;3.31;9.27;4;4.01;0.211;73.5;19.03;10.24;5.3;0.85;2.85;5.27;214.4;169.9;28.3;5.7;10.5;2.18;1.25;0.25;0.33;0.23;0.23;0.081;26.5;2.37;1.12;0.75;0.12;0.46;4;77;65.5;2.6;0.9;8;0.09;0.08;0.02;0.03
19;50;50;50;0;18.9;3.31;9.37;3.59;3.54;0.198;78.9;18;9.43;5.1;0.88;2.74;5.42;221.6;174;31.3;5.5;10.8;2.28;0.71;0.23;0.32;0.23;0.25;0.072;21.1;3.11;1.4;0.97;0.18;0.58;3.94;59.1;48.2;1.8;1.2;7.9;0.14;0.04;0.03;0.04
19;50;50;50;50;19.74;3.72;10.69;3.78;3.85;0.201;77.8;19.25;10.2;5.33;0.97;2.96;6.2;218.1;167.6;32.2;5.9;12.4;2.15;1.12;0.25;0.34;0.31;0.35;0.078;22.2;4.23;1.88;1.37;0.24;0.76;4.49;61.9;49.6;1.7;1.5;9;0.2;0.06;0.04;0.05
19;50;50;50;100;20.43;4.15;11.49;4.29;4.28;0.209;77.9;20.52;10.94;5.66;1;3.1;6.63;230.1;161.1;49.5;6.2;13.3;2.07;1.6;0.26;0.35;0.47;0.44;0.082;22.1;5.24;2.46;1.59;0.31;1.05;4.86;65.3;51;2.4;2.1;9.7;0.24;0.08;0.05;0.07
19;50;50;100;0;19.18;3.59;10.14;3.62;3.55;0.198;83.1;17.96;9.42;5.12;0.87;2.71;5.88;220.3;171.6;31.5;5.4;11.8;2.19;0.81;0.22;0.32;0.36;0.36;0.076;16.9;4.49;2.09;1.38;0.24;0.89;4.26;44.6;32.5;1.8;1.8;8.5;0.21;0.04;0.05;0.06
19;50;50;100;50;20.28;4.16;12;3.88;3.97;0.204;82.9;19.53;10.26;5.51;0.92;2.92;6.9;232.7;164.1;48.9;5.8;13.8;2.14;1.25;0.24;0.34;0.49;0.51;0.077;17.1;6.41;2.91;2.07;0.35;1.24;5.09;47.9;33.6;1.6;2.5;10.2;0.31;0.05;0.06;0.08
19;50;50;100;100;21.47;4.73;13.34;4.35;4.38;0.207;81.6;21.3;11.4;5.8;1.07;3.29;7.7;228.5;155.6;51;6.6;15.4;2.01;1.73;0.27;0.37;0.59;0.62;0.079;18.4;7.63;3.51;2.43;0.42;1.44;5.64;51.5;34.8;2.5;2.9;11.3;0.37;0.08;0.07;0.1
19;50;100;0;0;18.69;3.67;10.18;4.27;4.35;0.205;75.3;21.37;11.31;5.97;0.99;3.3;5.79;234.1;169.9;46;6.6;11.6;2.68;1.03;0.28;0.37;0.18;0.18;0.074;24.7;1.98;0.94;0.63;0.11;0.37;4.39;76.7;65.5;1.7;0.7;8.8;0.08;0.06;0.02;0.03
19;50;100;0;50;18.6;3.71;10.67;4.75;4.74;0.212;74.5;22.43;11.88;6.28;1.11;3.32;6.2;230.7;166;45.6;6.6;12.4;2.62;1.45;0.28;0.39;0.22;0.22;0.081;25.5;2.25;1.05;0.71;0.12;0.39;4.47;78.9;66.6;2.5;0.8;8.9;0.09;0.08;0.02;0.03
19;50;100;0;100;18.36;3.87;10.99;5.07;5.16;0.222;73.6;23.25;12.49;6.36;1.09;3.45;6.31;225.6;161.5;44.6;6.9;12.6;2.55;1.92;0.29;0.39;0.26;0.25;0.088;26.4;2.4;1.11;0.78;0.11;0.42;4.68;80.6;67.9;2.5;0.8;9.4;0.09;0.11;0.02;0.03
19;50;100;50;0;19.94;4.04;11.44;4.46;4.54;0.204;78.8;22.32;11.77;6.29;1.07;3.36;6.69;234.1;165.4;48.6;6.7;13.4;2.63;1.23;0.28;0.4;0.28;0.28;0.078;21.2;3.33;1.57;1.08;0.17;0.68;4.75;62.7;50.1;1.7;1.4;9.5;0.15;0.06;0.03;0.04
19;50;100;50;50;20.83;4.39;12.4;4.86;4.86;0.207;77.6;23.59;12.52;6.59;1.14;3.6;7.15;229.8;157.9;50.4;7.2;14.3;2.49;1.66;0.3;0.41;0.33;0.36;0.082;22.4;4.26;1.94;1.38;0.22;0.8;5.26;66.2;51.7;2.4;1.6;10.5;0.2;0.08;0.03;0.05
19;50;100;50;100;21.82;4.82;13.49;5.49;5.45;0.216;76.4;25.34;13.67;6.96;1.17;3.81;7.86;225.1;149.1;52.7;7.6;15.7;2.34;2.35;0.31;0.45;0.46;0.47;0.085;23.6;5.33;2.48;1.7;0.31;1.01;5.63;69.3;53.7;2.4;2;11.3;0.25;0.11;0.05;0.07
19;50;100;100;0;20.47;4.39;12.34;4.68;4.61;0.202;83;22.87;12.17;6.35;1.08;3.5;7.19;233.4;162.5;49.6;7;14.4;2.61;1.31;0.29;0.4;0.37;0.39;0.079;17;4.69;2.1;1.56;0.26;0.89;5.15;47.5;33.8;1.6;1.8;10.3;0.22;0.06;0.05;0.06
19;50;100;100;50;21.55;4.88;13.89;4.81;4.86;0.205;81.4;23.84;12.64;6.6;1.08;3.6;7.94;227.7;153.8;50.9;7.2;15.9;2.41;1.74;0.3;0.41;0.53;0.55;0.08;18.6;6.77;3.08;2.17;0.39;1.28;5.95;52;35.1;2.4;2.6;11.9;0.33;0.08;0.06;0.09
19;50;100;100;100;22.36;5.25;15.2;5.52;5.46;0.215;80.3;25.48;13.63;7.09;1.2;3.77;8.75;223.4;145.7;52.7;7.5;17.5;2.29;2.42;0.31;0.44;0.66;0.67;0.082;19.7;8.03;3.64;2.61;0.43;1.48;6.45;54.4;36.3;2.3;3;12.9;0.39;0.1;0.07;0.1
19;100;0;0;0;17.94;2.94;8.25;3.64;3.69;0.218;70;17.01;9.11;4.78;0.8;2.57;4.7;166.9;123.3;29;5.1;9.4;2.7;0.5;0.21;0.29;0.17;0.16;0.066;30;1.91;0.9;0.59;0.1;0.37;3.56;71.5;61.1;2.6;0.7;7.1;0.07;0.05;0.02;0.03
19;100;0;0;50;17.51;3.03;8.61;3.76;3.78;0.216;69.6;17.54;9.41;4.81;0.83;2.61;5.03;165.4;122;28.2;5.2;10.1;2.65;0.6;0.21;0.31;0.2;0.19;0.072;30.4;2.23;1.05;0.69;0.12;0.42;3.58;72.2;61.7;2.6;0.8;7.2;0.08;0.07;0.02;0.03
19;100;0;0;100;17.3;3.18;9.13;3.94;3.99;0.218;68.5;18.37;9.79;5.09;0.86;2.69;5.28;163.6;120.2;27.4;5.4;10.6;2.62;0.82;0.23;0.31;0.23;0.25;0.084;31.5;2.59;1.24;0.82;0.15;0.49;3.84;75;62.4;3.9;1;7.7;0.09;0.1;0.02;0.03
19;100;0;50;0;18.55;3.14;8.92;3.64;3.64;0.217;74.4;16.89;9.18;4.55;0.82;2.57;5.09;167.4;122.2;29.8;5.1;10.2;2.64;0.51;0.21;0.28;0.23;0.25;0.073;25.6;3.13;1.4;1.01;0.17;0.57;3.83;57.6;46.2;2.6;1.1;7.7;0.14;0.05;0.03;0.04
19;100;0;50;50;19.13;3.49;9.99;3.87;3.82;0.212;73.5;18.12;9.65;5.05;0.89;2.71;5.63;166.2;118.8;30.7;5.4;11.3;2.61;0.68;0.23;0.31;0.31;0.33;0.076;26.5;4.09;1.87;1.34;0.22;0.78;4.37;60;47.3;2.4;1.6;8.7;0.18;0.06;0.03;0.06
19;100;0;50;100;19.91;3.89;11.04;4.15;4.18;0.215;72.4;19.52;10.48;5.35;0.92;2.96;6.41;165.6;115.5;31.4;5.9;12.8;2.55;1.05;0.24;0.34;0.41;0.44;0.082;27.6;5.13;2.31;1.67;0.3;0.93;4.63;63.2;48.4;3.7;1.9;9.3;0.22;0.1;0.05;0.06
19;100;0;100;0;18.99;3.39;9.54;3.58;3.67;0.215;79.4;17.14;9.14;4.75;0.78;2.61;5.44;167.3;120.8;30.4;5.2;10.9;2.63;0.52;0.22;0.29;0.29;0.33;0.074;20.6;4.28;1.89;1.38;0.24;0.78;4.1;43.3;31.1;2.5;1.6;8.2;0.2;0.04;0.04;0.05
19;100;0;100;50;20.03;4.05;11.49;3.75;3.77;0.208;78;18.23;9.7;5.15;0.84;2.85;6.54;166.5;116.7;31;5.7;13.1;2.51;0.73;0.22;0.31;0.5;0.51;0.078;22;6.38;2.92;2.12;0.34;1.2;4.94;46.8;32;2.5;2.4;9.9;0.3;0.07;0.06;0.08
19;100;0;100;100;20.74;4.44;12.57;4.08;4.19;0.212;76.7;19.86;10.56;5.53;0.93;3.05;7.25;165.5;112.8;32.1;6.1;14.5;2.46;1.13;0.25;0.34;0.58;0.62;0.081;23.3;7.47;3.44;2.42;0.4;1.39;5.31;50;32.8;3.8;2.8;10.6;0.34;0.1;0.07;0.1
19;100;50;0;0;18.1;3.72;10.7;5.14;5.1;0.22;69.8;23.25;12.47;6.44;1.06;3.4;6.28;169.6;120.9;29.4;6.8;12.6;3.76;0.65;0.28;0.41;0.14;0.16;0.066;30.2;1.82;0.82;0.6;0.11;0.32;4.43;73.4;62.1;1.8;0.6;8.9;0.07;0.04;0.02;0.03
19;100;50;0;50;17.99;4.01;10.99;5.28;5.32;0.224;68.7;23.87;12.85;6.55;1.17;3.62;6.33;167;118.1;28.9;7.2;12.7;3.64;0.96;0.31;0.4;0.17;0.2;0.076;31.3;2.1;0.94;0.7;0.11;0.39;4.66;76;63.3;2.6;0.8;9.3;0.08;0.07;0.02;0.03
19;100;50;0;100;17.83;4.06;11.38;5.61;5.55;0.226;68;24.63;13.38;6.61;1.14;3.64;6.62;164.6;115.8;28.3;7.3;13.2;3.59;1.24;0.29;0.42;0.24;0.22;0.083;32;2.34;1.08;0.73;0.12;0.42;4.75;77.3;64.4;2.6;0.8;9.5;0.09;0.09;0.02;0.03
19;100;50;50;0;19.22;4.05;11.46;5.13;5.03;0.215;73.8;23.48;12.62;6.45;1.1;3.48;6.64;169.6;118.3;31;7;13.3;3.62;0.71;0.29;0.41;0.25;0.24;0.074;26.2;3.01;1.39;0.97;0.17;0.58;4.82;60.1;47.4;1.8;1.2;9.6;0.13;0.04;0.03;0.04
19;100;50;50;50;19.74;4.45;12.7;5.25;5.38;0.219;72.5;24.69;13.19;6.83;1.13;3.65;7.36;167.9;114.6;31.3;7.3;14.7;3.57;1.09;0.3;0.42;0.34;0.35;0.079;27.5;4.12;1.9;1.32;0.22;0.8;5.35;63.5;48.7;2.6;1.6;10.7;0.19;0.07;0.04;0.05
19;100;50;50;100;20.74;4.83;13.64;5.73;5.78;0.223;73.3;25.99;14.06;7.08;1.23;3.88;7.8;182.2;109.7;49;7.8;15.6;3.43;1.6;0.32;0.43;0.44;0.42;0.081;26.7;5.02;2.32;1.57;0.28;0.94;5.84;66.3;50.3;2.4;1.9;11.7;0.23;0.08;0.05;0.06
19;100;50;100;0;19.64;4.37;12.46;5.09;5.15;0.218;78.7;23.76;12.7;6.57;1.15;3.55;7.2;169.7;117.1;31.1;7.1;14.4;3.65;0.81;0.29;0.4;0.32;0.34;0.075;21.3;4.32;1.95;1.42;0.21;0.82;5.26;45.8;31.9;1.8;1.6;10.5;0.21;0.04;0.04;0.05
19;100;50;100;50;20.9;4.98;13.92;5.3;5.43;0.219;78.4;24.83;13.3;6.82;1.17;3.77;7.83;183.3;111.5;48.6;7.5;15.7;3.45;1.25;0.31;0.41;0.48;0.51;0.079;21.6;6.26;2.94;1.97;0.34;1.22;6.09;50.3;33.1;2.6;2.4;12.2;0.3;0.07;0.06;0.08
19;100;50;100;100;21.66;5.24;15.19;5.84;5.79;0.22;77.6;26.41;14.2;7.31;1.24;3.91;8.77;181.7;105.7;50.6;7.8;17.5;3.28;1.71;0.32;0.47;0.56;0.6;0.079;22.4;7.43;3.32;2.45;0.42;1.34;6.42;52.3;34.4;2.4;2.7;12.8;0.36;0.08;0.07;0.09
19;100;100;0;0;19.04;4.39;12.47;5.89;5.96;0.22;70.5;27.15;14.58;7.35;1.28;4.03;7.23;184.4;116.4;45.5;8.1;14.5;4.15;1.01;0.33;0.47;0.2;0.19;0.073;29.5;2.06;0.93;0.68;0.12;0.36;5.24;77.1;64.1;1.9;0.7;10.5;0.08;0.07;0.02;0.02
19;100;100;0;50;18.75;4.57;12.92;6.19;6.31;0.226;69.6;28.05;15.12;7.61;1.31;4.12;7.57;181.8;114;44.4;8.2;15.1;4.08;1.41;0.33;0.49;0.22;0.23;0.086;30.4;2.31;1.09;0.71;0.11;0.45;5.35;79.4;65.2;2.7;0.9;10.7;0.09;0.09;0.02;0.03
19;100;100;0;100;18.35;4.63;13.05;6.59;6.68;0.233;68.7;28.74;15.64;7.73;1.37;4.18;7.58;177.6;110.7;43.3;8.4;15.2;3.96;1.87;0.36;0.49;0.25;0.25;0.09;31.3;2.4;1.15;0.73;0.13;0.45;5.47;80.9;66.6;2.5;0.9;10.9;0.09;0.11;0.02;0.03
19;100;100;50;0;20.16;4.76;13.32;6.03;6.05;0.219;74.5;27.7;14.87;7.53;1.31;4.12;7.81;185;113.4;47.8;8.2;15.6;4.03;1.21;0.34;0.48;0.27;0.28;0.079;25.5;3.29;1.57;1;0.2;0.65;5.51;63.2;49.1;1.8;1.3;11;0.14;0.07;0.03;0.04
19;100;100;50;50;20.85;5.24;14.46;6.28;6.38;0.22;73.1;29.02;15.69;7.92;1.35;4.4;8.3;182.9;108.2;49.3;8.8;16.6;3.88;1.61;0.37;0.51;0.37;0.38;0.083;26.9;4.36;2.03;1.4;0.22;0.84;6.16;67.2;50.8;2.4;1.7;12.3;0.2;0.08;0.04;0.06
19;100;100;50;100;21.64;5.45;15.32;6.83;6.79;0.228;72.1;29.91;16.25;8.02;1.42;4.43;8.84;180.7;103.5;50.7;8.9;17.7;3.69;2.24;0.36;0.49;0.44;0.49;0.087;27.9;5.48;2.5;1.8;0.31;1.02;6.48;69.8;52.3;2.4;2;13;0.25;0.11;0.05;0.07
19;100;100;100;0;20.71;5.17;14.35;5.93;6.05;0.217;79;27.96;15.18;7.54;1.34;4.33;8.27;184.7;111.1;48.4;8.7;16.5;3.95;1.27;0.35;0.48;0.37;0.38;0.078;21;4.58;2.05;1.56;0.25;0.84;6.08;48.9;33.2;1.8;1.7;12.2;0.21;0.07;0.04;0.05
19;100;100;100;50;21.59;5.5;15.85;6.31;6.31;0.218;77.6;29.04;15.65;7.93;1.33;4.27;9.21;182.7;105.6;50.1;8.5;18.4;3.75;1.7;0.36;0.5;0.47;0.54;0.08;22.4;6.58;3.03;2.11;0.38;1.24;6.64;52.6;34.4;2.4;2.5;13.3;0.32;0.08;0.06;0.08
19;100;100;100;100;22.86;6.07;17.02;6.89;6.84;0.225;76.3;30.48;16.62;8.2;1.41;4.57;9.72;180.3;99.3;52.4;9.1;19.4;3.54;2.41;0.38;0.5;0.65;0.66;0.082;23.7;7.92;3.6;2.61;0.45;1.49;7.3;55.8;35.8;2.4;3;14.6;0.38;0.11;0.07;0.1
20;0;0;0;0;17.6;1.97;5.48;1.65;1.77;0.175;81.7;10.14;5.14;2.95;0.52;1.62;3.18;284.1;243.9;30.6;3.2;6.4;0.92;0.53;0.13;0.18;0.13;0.14;0.06;18.3;1.68;0.77;0.54;0.09;0.35;2.3;63.4;56.3;1.8;0.7;4.6;0.07;0.03;0.02;0.02
20;0;0;0;50;17.23;2.06;5.77;1.89;1.91;0.177;81.4;10.81;5.55;3.12;0.54;1.7;3.4;281.1;241;29.8;3.4;6.8;0.92;0.64;0.14;0.2;0.15;0.16;0.064;18.6;1.86;0.86;0.58;0.11;0.36;2.37;64.2;56.9;1.8;0.7;4.7;0.07;0.04;0.02;0.02
20;0;0;0;100;17;2.2;6.33;2.08;2.11;0.183;80.5;11.57;5.92;3.35;0.59;1.77;3.64;276;236.1;29.1;3.5;7.3;0.89;0.87;0.14;0.2;0.19;0.19;0.074;19.5;2.19;1.03;0.69;0.12;0.42;2.7;66.6;57.8;2.6;0.8;5.4;0.09;0.06;0.03;0.02
20;0;0;50;0;17.81;2.2;6.15;1.73;1.79;0.178;84.9;10.16;5.2;2.92;0.53;1.62;3.67;284.1;243;30.5;3.2;7.3;0.94;0.52;0.15;0.19;0.23;0.24;0.07;15.1;3.05;1.38;1.01;0.16;0.58;2.48;50.3;42.2;2;1.2;5;0.14;0.03;0.03;0.04
20;0;0;50;50;18.6;2.56;7.27;1.98;1.96;0.174;84.1;11.32;5.79;3.3;0.54;1.75;4.25;280;236.5;31.5;3.5;8.5;0.92;0.69;0.14;0.21;0.27;0.31;0.073;15.9;3.89;1.8;1.21;0.23;0.81;3.02;52.6;43.2;1.8;1.6;6;0.18;0.04;0.04;0.05
20;0;0;50;100;19.15;2.96;8.36;2.41;2.39;0.185;83;12.96;6.75;3.68;0.63;2.03;4.84;273.6;227.6;32.2;4.1;9.7;0.9;1.08;0.17;0.23;0.38;0.39;0.076;17;4.88;2.21;1.58;0.27;0.93;3.52;55.8;44.5;2.4;1.9;7;0.23;0.05;0.04;0.06
20;0;0;100;0;18.41;2.46;6.89;1.7;1.77;0.176;88.2;10.08;5.14;2.92;0.52;1.63;4;283.6;241.3;31;3.3;8;0.92;0.53;0.14;0.18;0.3;0.33;0.074;11.8;4.28;1.92;1.41;0.23;0.83;2.88;37.7;28.4;1.9;1.7;5.8;0.21;0.03;0.04;0.05
20;0;0;100;50;19.13;2.99;8.56;2;1.96;0.172;87.3;11.49;5.85;3.3;0.63;1.82;5.01;277.9;232.5;31.7;3.6;10;0.88;0.72;0.15;0.21;0.48;0.47;0.075;12.7;6.18;2.85;1.99;0.34;1.17;3.55;40.4;29.2;1.7;2.3;7.1;0.31;0.04;0.05;0.08
20;0;0;100;100;20;3.57;9.87;2.41;2.42;0.182;86;13.36;6.99;3.87;0.59;2.15;5.68;270.7;222.4;32.6;4.3;11.4;0.86;1.14;0.18;0.24;0.52;0.58;0.077;14;7.4;3.33;2.35;0.41;1.42;4.19;43.9;30.2;2.5;2.8;8.4;0.36;0.06;0.07;0.09
20;0;50;0;0;18.04;2.1;6.33;1.98;1.96;0.166;80.9;11.9;6.01;3.49;0.61;1.79;3.7;278.1;235.8;31.3;3.6;7.4;0.91;0.68;0.15;0.23;0.15;0.15;0.064;19.1;1.79;0.84;0.56;0.09;0.31;2.63;65.5;57.9;1.7;0.6;5.3;0.08;0.04;0.02;0.02
20;0;50;0;50;18.09;2.38;6.81;2.26;2.32;0.177;80.2;13.12;6.73;3.77;0.62;2.07;3.95;272.7;229.5;31.1;4.1;7.9;0.88;1.03;0.18;0.24;0.16;0.18;0.072;19.8;1.96;0.84;0.66;0.13;0.32;2.86;67.2;59.1;1.8;0.6;5.7;0.08;0.06;0.02;0.02
20;0;50;0;100;17.8;2.6;7.54;2.67;2.64;0.186;79.3;14.25;7.37;4.1;0.72;2.17;4.4;267.8;224.5;30.1;4.3;8.8;0.86;1.33;0.19;0.26;0.21;0.22;0.08;20.7;2.32;1.1;0.74;0.13;0.43;3.14;69.7;60;2.5;0.9;6.3;0.09;0.08;0.02;0.02
20;0;50;50;0;18.67;2.58;7.38;2.01;2.02;0.163;83.9;12.45;6.3;3.75;0.61;1.95;4.3;276.3;231.9;31.9;3.9;8.6;0.89;0.73;0.16;0.23;0.24;0.26;0.074;16.1;3.19;1.52;0.97;0.17;0.63;3.07;53;43.8;1.8;1.3;6.1;0.14;0.04;0.04;0.04
20;0;50;50;50;19.32;3.04;8.39;2.44;2.42;0.174;82.9;13.93;7.14;3.96;0.73;2.24;4.82;269.9;223.2;32.6;4.5;9.6;0.86;1.12;0.19;0.25;0.31;0.34;0.077;17.1;4.14;1.93;1.3;0.21;0.8;3.57;55.5;45.1;1.6;1.6;7.1;0.19;0.05;0.04;0.05
20;0;50;50;100;20.51;3.53;9.88;2.92;2.97;0.188;82.3;15.88;8.31;4.51;0.74;2.52;5.69;279;211.8;50.8;5;11.4;0.8;1.68;0.21;0.28;0.4;0.44;0.08;17.7;5.35;2.45;1.76;0.27;1;4.19;59.6;46.7;2.5;2;8.4;0.25;0.08;0.05;0.07
20;0;50;100;0;19.11;2.85;8.26;2.12;2.12;0.167;87.3;12.79;6.43;3.75;0.66;2.03;4.83;274.4;228.5;32.2;4.1;9.7;0.87;0.84;0.17;0.23;0.3;0.35;0.074;12.7;4.47;1.92;1.5;0.25;0.83;3.43;39.8;29.6;1.6;1.7;6.9;0.22;0.04;0.04;0.06
20;0;50;100;50;20.35;3.47;10.23;2.5;2.58;0.178;86.7;14.53;7.49;4.26;0.7;2.25;5.92;284;217.8;49.9;4.5;11.8;0.83;1.3;0.18;0.27;0.5;0.52;0.077;13.3;6.55;3.03;2.1;0.36;1.22;4.31;43.4;30.7;1.7;2.4;8.6;0.32;0.06;0.06;0.09
20;0;50;100;100;21.12;4.05;11.27;2.94;3.04;0.187;85.6;16.34;8.44;4.68;0.79;2.59;6.52;277;207.3;51.5;5.2;13;0.8;1.74;0.22;0.29;0.61;0.61;0.078;14.4;7.62;3.46;2.44;0.41;1.47;4.75;46.3;31.7;2.2;2.9;9.5;0.38;0.07;0.07;0.09
20;0;100;0;0;19.11;2.68;7.65;2.42;2.44;0.165;80.4;14.8;7.5;4.35;0.76;2.32;4.47;284.7;221.6;49.5;4.6;8.9;0.84;1.13;0.2;0.27;0.17;0.16;0.068;19.6;1.79;0.85;0.55;0.09;0.36;3.18;69.2;60.6;1.5;0.7;6.4;0.07;0.04;0.02;0.02
20;0;100;0;50;18.91;2.83;7.97;2.88;2.83;0.181;79.7;15.65;8.09;4.45;0.76;2.43;4.6;278.7;216.2;48.5;4.9;9.2;0.8;1.55;0.2;0.28;0.17;0.2;0.08;20.3;2.14;0.98;0.7;0.12;0.4;3.38;70.8;61.6;1.6;0.8;6.8;0.08;0.07;0.02;0.03
20;0;100;0;100;18.78;3.05;8.56;3.33;3.39;0.2;78.8;16.99;8.83;4.88;0.83;2.58;5.03;273.4;210.7;47.5;5.2;10.1;0.82;2.05;0.22;0.3;0.24;0.25;0.089;21.2;2.43;1.14;0.8;0.12;0.47;3.52;73.1;62.7;2.4;0.9;7;0.09;0.1;0.03;0.03
20;0;100;50;0;19.7;2.99;8.55;2.65;2.6;0.171;83.4;15.3;7.79;4.45;0.8;2.37;5.03;282.4;217.6;50.1;4.7;10.1;0.84;1.28;0.2;0.28;0.24;0.27;0.075;16.6;3.24;1.44;1.05;0.19;0.62;3.53;55.8;45.9;1.6;1.2;7.1;0.15;0.05;0.03;0.04
20;0;100;50;50;20.45;3.44;9.76;3.08;2.99;0.179;82.3;16.75;8.59;4.84;0.85;2.56;5.6;275.4;207.9;51.2;5.1;11.2;0.79;1.69;0.2;0.31;0.35;0.37;0.08;17.7;4.37;2.08;1.34;0.24;0.89;4.16;59;47.3;1.6;1.8;8.3;0.2;0.07;0.04;0.05
20;0;100;50;100;21.27;3.86;11.09;3.69;3.7;0.197;81.2;18.86;9.88;5.32;0.94;2.84;6.49;269.9;198.3;52.9;5.7;13;0.76;2.35;0.24;0.34;0.47;0.47;0.084;18.8;5.44;2.46;1.73;0.33;1.02;4.61;62.2;48.7;2.3;2;9.2;0.25;0.1;0.05;0.07
20;0;100;100;0;20.14;3.49;9.74;2.52;2.64;0.169;86.7;15.68;7.93;4.54;0.81;2.55;5.64;280.6;214;50.3;5.1;11.3;0.82;1.33;0.2;0.29;0.41;0.4;0.078;13.3;4.97;2.29;1.57;0.29;0.94;4.1;42.7;31;1.6;1.9;8.2;0.24;0.05;0.05;0.07
20;0;100;100;50;21.43;3.89;11.42;3.13;3.1;0.178;85.7;17.46;9.02;4.96;0.84;2.68;6.7;274.3;203.1;52.4;5.4;13.4;0.78;1.78;0.22;0.32;0.5;0.54;0.078;14.3;6.75;3.01;2.18;0.37;1.21;4.72;45.5;32.1;1.5;2.4;9.4;0.33;0.07;0.06;0.08
20;0;100;100;100;22.29;4.56;12.8;3.79;3.81;0.195;84.4;19.51;10.32;5.39;0.96;3.06;7.49;266.4;191.2;54.1;6.1;15;0.73;2.48;0.27;0.34;0.62;0.64;0.079;15.6;7.95;3.71;2.5;0.41;1.51;5.32;48.9;33.2;2;3;10.6;0.4;0.08;0.07;0.09
20;50;0;0;0;17.72;2.38;6.77;2.73;2.82;0.206;78.1;13.75;7.25;3.85;0.67;2.07;3.95;227.7;185.4;30.3;4.1;7.9;1.88;0.51;0.17;0.25;0.14;0.14;0.062;21.9;1.73;0.76;0.58;0.09;0.31;2.82;63.8;55.7;1.8;0.6;5.6;0.07;0.03;0.02;0.02
20;50;0;0;50;17.35;2.52;7.07;2.92;2.88;0.204;77.7;14.16;7.51;3.97;0.67;2.17;4.15;225.4;183.3;29.5;4.3;8.3;1.83;0.63;0.18;0.24;0.16;0.16;0.065;22.3;1.91;0.91;0.6;0.11;0.35;2.92;64.6;56.2;1.8;0.7;5.8;0.08;0.04;0.02;0.02
20;50;0;0;100;17.28;2.72;7.47;3.17;3.14;0.207;76.8;15.27;8.02;4.23;0.73;2.31;4.38;222;179.7;28.9;4.6;8.8;1.81;0.87;0.2;0.26;0.16;0.19;0.076;23.2;2.1;0.97;0.67;0.12;0.41;3.09;66.9;57.2;2.7;0.8;6.2;0.08;0.07;0.02;0.03
20;50;0;50;0;18.04;2.6;7.51;2.72;2.78;0.205;81.6;13.63;7.2;3.83;0.66;2.07;4.3;227.3;184.3;30.3;4.1;8.6;1.86;0.52;0.17;0.24;0.24;0.23;0.071;18.4;2.96;1.31;0.95;0.18;0.53;3.21;51.2;41.9;1.8;1.1;6.4;0.14;0.03;0.03;0.04
20;50;0;50;50;18.54;2.95;8.46;2.86;2.9;0.2;80.8;14.59;7.58;4.14;0.69;2.2;4.88;224.3;179.3;30.8;4.4;9.8;1.77;0.68;0.19;0.26;0.32;0.32;0.076;19.2;4.1;1.9;1.29;0.21;0.75;3.57;53.3;42.8;1.8;1.5;7.1;0.19;0.04;0.04;0.05
20;50;0;50;100;19.53;3.39;9.83;3.23;3.29;0.204;79.5;16.17;8.6;4.54;0.77;2.46;5.69;221.1;172.7;32.1;4.9;11.4;1.73;1.08;0.2;0.29;0.36;0.4;0.079;20.5;4.98;2.25;1.62;0.29;0.93;4.13;56.7;44.1;2.5;1.9;8.3;0.23;0.06;0.04;0.06
20;50;0;100;0;18.37;2.86;8.27;2.7;2.76;0.205;85.5;13.57;7.14;3.86;0.64;2.03;4.84;227.5;183.4;30.4;4.1;9.7;1.82;0.52;0.17;0.25;0.31;0.33;0.074;14.5;4.33;1.92;1.44;0.24;0.82;3.42;38.5;28.1;1.9;1.6;6.8;0.21;0.03;0.04;0.06
20;50;0;100;50;19.29;3.34;9.84;2.91;2.94;0.196;84.3;15.05;7.82;4.28;0.74;2.21;5.7;222.9;175.7;31.4;4.4;11.4;1.75;0.73;0.19;0.27;0.41;0.47;0.075;15.7;6.06;2.69;1.99;0.33;1.14;4.14;41.3;29.1;1.6;2.3;8.3;0.3;0.04;0.06;0.08
20;50;0;100;100;20.21;4.06;11.27;3.38;3.39;0.202;83;16.85;8.97;4.71;0.78;2.63;6.5;219.6;168.9;32.5;5.3;13;1.72;1.15;0.22;0.3;0.57;0.58;0.078;17;7.32;3.39;2.32;0.39;1.43;4.77;44.9;30;2.5;2.9;9.5;0.36;0.06;0.07;0.09
20;50;50;0;0;18.44;2.96;8.59;3.5;3.59;0.204;77.2;17.69;9.3;5;0.87;2.64;5.01;226.7;180.5;30.9;5.3;10;2.37;0.67;0.23;0.32;0.15;0.16;0.065;22.8;1.84;0.82;0.6;0.12;0.33;3.58;66.6;57;1.8;0.7;7.2;0.07;0.04;0.02;0.02
20;50;50;0;50;18.27;3.18;8.95;3.82;3.86;0.21;76.5;18.47;9.86;5.17;0.86;2.79;5.1;222.5;176.4;30.3;5.6;10.2;2.3;1;0.24;0.32;0.17;0.19;0.074;23.5;2.04;0.94;0.66;0.11;0.39;3.85;68.3;58;1.8;0.8;7.7;0.08;0.06;0.02;0.03
20;50;50;0;100;18.2;3.31;9.62;4.04;4.17;0.213;75.5;19.65;10.42;5.51;1.02;2.89;5.55;218.5;171.5;30.1;5.8;11.1;2.24;1.33;0.24;0.36;0.23;0.22;0.081;24.5;2.29;1.08;0.75;0.11;0.42;4.07;70.8;59.3;2.5;0.8;8.1;0.09;0.09;0.02;0.03
20;50;50;50;0;18.85;3.27;9.37;3.51;3.55;0.201;80.7;17.74;9.41;5.04;0.82;2.72;5.49;225.5;177.8;31.3;5.4;11;2.3;0.7;0.22;0.32;0.22;0.24;0.073;19.3;3.06;1.37;1.02;0.18;0.55;3.88;53.7;43.1;1.7;1.1;7.8;0.14;0.04;0.03;0.04
20;50;50;50;50;19.68;3.82;10.47;3.82;3.95;0.206;79.7;19.21;10.27;5.33;0.92;3.04;6.02;222;171.8;32.1;6.1;12;2.26;1.09;0.25;0.34;0.32;0.34;0.078;20.3;4.1;1.89;1.32;0.24;0.79;4.45;56.5;44.3;1.8;1.6;8.9;0.19;0.06;0.04;0.05
20;50;50;50;100;20.41;4;11.54;4.35;4.37;0.213;79.6;20.56;10.9;5.72;0.98;3.03;6.72;233.9;164.8;49.6;6.1;13.4;2.15;1.6;0.26;0.35;0.41;0.43;0.081;20.4;5.17;2.35;1.67;0.3;0.97;4.82;59.7;45.6;2.5;1.9;9.6;0.24;0.08;0.05;0.06
20;50;50;100;0;19.28;3.64;10.11;3.68;3.69;0.203;84.4;18.23;9.69;5.06;0.84;2.78;5.83;223.8;174.9;31.7;5.6;11.7;2.3;0.82;0.24;0.33;0.36;0.35;0.075;15.6;4.43;2.06;1.4;0.26;0.86;4.27;41.2;29.2;1.7;1.7;8.5;0.21;0.04;0.05;0.06
20;50;50;100;50;20.41;4.2;12.01;4.14;4.09;0.207;84.2;19.8;10.5;5.47;0.97;2.96;7;236.4;167.4;49.1;5.9;14;2.21;1.28;0.25;0.34;0.46;0.51;0.078;15.8;6.37;2.89;2.05;0.36;1.23;5.01;44.3;30.2;1.7;2.5;10;0.31;0.06;0.06;0.08
20;50;50;100;100;21.3;4.66;13.18;4.4;4.41;0.21;82.9;21.13;11.34;5.73;0.99;3.17;7.68;231.7;159.3;50.7;6.3;15.4;2.06;1.71;0.26;0.38;0.57;0.62;0.079;17.1;7.64;3.5;2.45;0.43;1.48;5.5;47.6;31.2;2.4;3;11;0.37;0.08;0.07;0.1
20;50;100;0;0;19.26;3.6;10.37;4.37;4.5;0.207;77.2;21.88;11.52;6.05;1.07;3.25;5.92;238.5;172;48.1;6.5;11.8;2.77;1.08;0.27;0.38;0.17;0.17;0.072;22.8;1.9;0.88;0.64;0.09;0.35;4.44;70.4;59.1;1.6;0.7;8.9;0.08;0.06;0.02;0.03
20;50;100;0;50;19.2;3.85;10.67;4.87;4.85;0.215;76.3;22.7;12.3;6.18;1.06;3.47;6.17;234.2;167.8;47.2;6.9;12.3;2.66;1.51;0.29;0.39;0.2;0.21;0.083;23.7;2.16;0.97;0.71;0.11;0.38;4.5;72.5;60.2;2.6;0.8;9;0.08;0.08;0.02;0.03
20;50;100;0;100;19.13;3.96;11.04;5.24;5.27;0.224;75.4;23.59;12.79;6.31;1.14;3.52;6.3;228.6;162.3;46.6;7;12.6;2.54;2.02;0.3;0.4;0.26;0.25;0.092;24.6;2.38;1.14;0.77;0.13;0.44;4.74;74.5;61.6;2.5;0.9;9.5;0.09;0.11;0.02;0.03
20;50;100;50;0;19.77;3.87;11.12;4.57;4.59;0.209;80.7;22.01;11.69;6.16;1.05;3.27;6.42;238;170;48.6;6.5;12.8;2.72;1.21;0.28;0.38;0.26;0.27;0.078;19.3;3.22;1.46;1.06;0.18;0.6;4.71;56.9;44.6;1.6;1.2;9.4;0.15;0.06;0.03;0.04
20;50;100;50;50;20.74;4.32;12.41;5.01;4.95;0.211;79.2;23.58;12.52;6.44;1.17;3.48;7.14;233.1;161.7;50.2;7;14.3;2.59;1.67;0.29;0.4;0.34;0.37;0.082;20.8;4.27;1.97;1.37;0.24;0.84;5.27;60.9;46.2;2.5;1.7;10.5;0.2;0.08;0.04;0.05
20;50;100;50;100;21.53;4.74;13.5;5.64;5.51;0.22;78.2;25.09;13.71;6.81;1.17;3.69;7.78;228.8;154.1;51.8;7.4;15.6;2.48;2.29;0.31;0.43;0.47;0.49;0.085;21.8;5.52;2.54;1.8;0.28;1.06;5.72;63.5;47.7;2.3;2.1;11.4;0.25;0.1;0.05;0.08
20;50;100;100;0;20.42;4.27;12.15;4.5;4.61;0.206;84.3;22.49;11.73;6.39;1.09;3.41;7.07;236.7;166.4;49.3;6.8;14.1;2.65;1.29;0.27;0.4;0.36;0.37;0.078;15.7;4.61;2.1;1.46;0.27;0.86;5.08;43.8;30.3;1.6;1.7;10.2;0.22;0.05;0.05;0.05
20;50;100;100;50;21.59;4.95;14.04;4.87;5.01;0.208;82.9;24.12;12.85;6.79;1.12;3.71;8.16;233.1;158.1;51.2;7.4;16.3;2.53;1.74;0.32;0.43;0.54;0.55;0.079;17.1;6.68;3.02;2.21;0.33;1.24;5.88;47.9;31.3;2.3;2.5;11.8;0.32;0.08;0.06;0.09
20;50;100;100;100;22.33;5.28;15.11;5.75;5.55;0.217;81.8;25.6;13.88;6.97;1.22;3.75;8.89;226.9;148.8;52.8;7.5;17.8;2.36;2.43;0.31;0.45;0.66;0.66;0.081;18.2;8.01;3.71;2.55;0.42;1.53;6.22;50.2;32.5;2.1;3.1;12.4;0.39;0.09;0.07;0.1
20;100;0;0;0;17.79;2.92;8.14;3.72;3.84;0.223;72.7;17.32;9.29;4.71;0.83;2.61;4.83;170.4;125.7;29.8;5.2;9.7;2.82;0.5;0.22;0.3;0.12;0.13;0.059;27.3;1.63;0.72;0.56;0.09;0.31;3.31;63.9;54.9;1.8;0.6;6.6;0.07;0.03;0.01;0.02
20;100;0;0;50;17.56;2.96;8.66;3.88;3.99;0.222;72;18.11;9.61;5.08;0.86;2.59;5.01;168.5;124;29.3;5.2;10;2.82;0.62;0.22;0.33;0.16;0.16;0.066;28;1.85;0.87;0.6;0.09;0.37;3.65;65.3;55.5;1.8;0.7;7.3;0.07;0.05;0.02;0.02
20;100;0;0;100;17.34;3.15;8.96;4.04;4.11;0.221;71;18.66;10.03;5.11;0.84;2.73;5.17;166;121.6;28.6;5.5;10.3;2.69;0.86;0.24;0.32;0.18;0.21;0.076;29;2.21;1.02;0.71;0.11;0.43;3.79;67.7;56.5;2.8;0.9;7.6;0.08;0.07;0.02;0.03
20;100;0;50;0;18.31;3.13;8.84;3.85;3.84;0.223;76.6;17.33;9.34;4.8;0.77;2.57;5.12;170.1;124.7;30.1;5.1;10.2;2.82;0.51;0.22;0.3;0.23;0.24;0.071;23.4;2.97;1.36;0.96;0.14;0.56;3.72;51.8;41.3;1.9;1.1;7.4;0.14;0.03;0.03;0.04
20;100;0;50;50;18.87;3.48;9.77;3.89;3.93;0.217;76;18.19;9.75;4.97;0.91;2.7;5.77;169.6;121.8;30.8;5.4;11.5;2.71;0.67;0.23;0.32;0.31;0.31;0.075;24;3.91;1.82;1.24;0.19;0.78;4;53.6;42.2;1.8;1.6;8;0.18;0.05;0.04;0.05
20;100;0;50;100;19.41;3.78;10.98;4.23;4.28;0.219;74.5;19.61;10.5;5.45;0.95;2.86;6.36;167.2;117.4;31.4;5.7;12.7;2.63;1.06;0.25;0.33;0.39;0.4;0.079;25.5;4.9;2.17;1.62;0.26;0.92;4.63;57.2;43.4;2.6;1.8;9.3;0.23;0.07;0.05;0.06
20;100;0;100;0;18.52;3.38;9.52;3.83;3.84;0.221;81.1;17.42;9.4;4.71;0.83;2.56;5.53;169.7;123.3;30.2;5.1;11.1;2.8;0.52;0.22;0.3;0.31;0.33;0.074;18.9;4.18;1.95;1.35;0.23;0.83;4;39.4;27.9;1.8;1.7;8;0.2;0.03;0.04;0.05
20;100;0;100;50;19.41;3.88;11.22;3.98;4;0.215;80;18.7;9.96;5.12;0.93;2.78;6.52;168.6;119;31;5.6;13;2.72;0.72;0.24;0.32;0.44;0.47;0.075;20;6.07;2.72;1.99;0.34;1.11;4.7;42;28.7;1.6;2.2;9.4;0.3;0.04;0.05;0.08
20;100;0;100;100;20.46;4.41;12.53;4.16;4.29;0.215;78.5;20.04;10.65;5.58;0.97;3.02;7.24;167;114.1;32.4;6;14.5;2.54;1.16;0.25;0.35;0.54;0.57;0.078;21.5;7.16;3.31;2.31;0.36;1.39;5.29;45.6;29.7;2.5;2.8;10.6;0.35;0.06;0.07;0.09
20;100;50;0;0;18.67;3.75;10.62;5.25;5.21;0.225;71.9;23.25;12.55;6.34;1.1;3.42;6.1;172.5;123;30.4;6.8;12.2;3.87;0.66;0.29;0.4;0.16;0.16;0.066;28.1;1.82;0.83;0.58;0.1;0.33;4.52;67.5;55.9;1.8;0.7;9;0.07;0.04;0.02;0.02
20;100;50;0;50;18.43;3.92;11.05;5.42;5.46;0.228;70.9;24.05;13.14;6.52;1.08;3.54;6.38;170;120.4;29.7;7.1;12.8;3.77;0.98;0.3;0.41;0.19;0.19;0.075;29.1;1.99;0.97;0.63;0.09;0.38;4.66;69.7;56.9;2.7;0.8;9.3;0.08;0.07;0.02;0.03
20;100;50;0;100;18.13;4.24;11.57;5.75;5.75;0.23;70.3;25.1;13.7;6.69;1.21;3.75;6.82;168;117.8;29;7.5;13.6;3.72;1.29;0.3;0.44;0.23;0.23;0.082;29.7;2.36;1.15;0.72;0.11;0.48;4.75;71;57.9;2.6;1;9.5;0.09;0.09;0.02;0.03
20;100;50;50;0;19.08;4.05;11.35;5.27;5.18;0.222;75.8;23.42;12.71;6.3;1.11;3.46;6.6;172.2;121.3;30.7;6.9;13.2;3.8;0.69;0.28;0.41;0.23;0.24;0.072;24.2;3.02;1.39;0.94;0.16;0.59;4.75;54.8;42.3;1.8;1.2;9.5;0.14;0.04;0.03;0.04
20;100;50;50;50;19.81;4.42;12.6;5.48;5.51;0.223;74.4;24.84;13.37;6.8;1.22;3.65;7.29;170.2;116.6;31.7;7.3;14.6;3.66;1.11;0.31;0.44;0.31;0.34;0.08;25.6;4;1.81;1.29;0.23;0.76;5.31;58.4;43.7;2.6;1.5;10.6;0.18;0.06;0.04;0.05
20;100;50;50;100;20.52;4.85;13.49;5.83;5.86;0.227;75.1;25.85;14.09;7;1.13;3.88;7.81;184.2;112;48.9;7.8;15.6;3.5;1.6;0.32;0.43;0.4;0.43;0.081;24.9;5.08;2.32;1.67;0.26;0.97;5.68;60.9;45;2.6;1.9;11.4;0.24;0.08;0.05;0.06
20;100;50;100;0;19.59;4.41;12.27;5.16;5.2;0.223;80.1;23.47;12.71;6.41;1.12;3.58;7;171.5;119.3;31;7.2;14;3.71;0.81;0.29;0.39;0.33;0.36;0.076;19.9;4.52;2;1.5;0.23;0.83;5.26;42.6;28.7;1.8;1.7;10.5;0.22;0.04;0.04;0.06
20;100;50;100;50;20.57;4.82;13.78;5.56;5.62;0.224;80.2;25.17;13.59;6.83;1.18;3.69;8.08;186.3;114.3;48.4;7.4;16.2;3.6;1.25;0.32;0.44;0.51;0.5;0.079;19.8;6.23;2.82;1.99;0.35;1.13;5.69;45.8;29.6;2.5;2.3;11.4;0.3;0.06;0.05;0.08
20;100;50;100;100;21.35;5.27;15;5.81;5.88;0.225;79.2;26.21;14.21;7.09;1.21;3.87;8.71;184.1;109.3;49.7;7.7;17.4;3.42;1.68;0.33;0.45;0.6;0.6;0.078;20.8;7.48;3.4;2.4;0.4;1.4;6.29;48.4;30.6;2.4;2.8;12.6;0.36;0.08;0.07;0.09
20;100;100;0;0;19.66;4.37;12.4;6.09;6.13;0.224;72.6;27.52;14.89;7.44;1.28;4.06;7.22;187.9;118;47.4;8.1;14.4;4.26;1.06;0.34;0.48;0.17;0.17;0.075;27.4;1.8;0.85;0.58;0.09;0.31;5.19;70.7;57.8;1.8;0.6;10.4;0.07;0.07;0.01;0.02
20;100;100;0;50;19.43;4.51;12.81;6.38;6.44;0.229;71.5;28.26;15.3;7.74;1.32;4.14;7.45;184.2;114.6;46.4;8.3;14.9;4.12;1.49;0.34;0.49;0.2;0.21;0.084;28.5;2.11;0.96;0.68;0.13;0.37;5.36;73.2;59.1;2.6;0.7;10.7;0.08;0.09;0.02;0.03
20;100;100;0;100;19.08;4.66;13.14;6.91;6.9;0.236;70.8;29.32;16.11;7.75;1.35;4.22;7.7;181;111.6;45.6;8.4;15.4;4.06;1.98;0.36;0.51;0.24;0.25;0.091;29.2;2.36;1.08;0.76;0.13;0.44;5.43;74.5;60.3;2.4;0.9;10.9;0.09;0.12;0.02;0.03
20;100;100;50;0;19.93;4.79;13.24;6.11;6.22;0.225;76.3;27.8;15.07;7.48;1.26;4.14;7.73;187.2;115.8;47.7;8.3;15.5;4.18;1.2;0.36;0.48;0.26;0.28;0.079;23.7;3.32;1.54;1.03;0.19;0.65;5.51;58;43.9;1.7;1.3;11;0.15;0.06;0.03;0.04
20;100;100;50;50;21.03;5.08;14.32;6.5;6.48;0.225;75;28.95;15.7;7.77;1.42;4.3;8.21;185.3;110.4;49.8;8.6;16.4;4;1.64;0.35;0.49;0.34;0.36;0.083;25;4.19;1.9;1.37;0.21;0.78;6.11;61.7;45.4;2.4;1.6;12.2;0.19;0.08;0.04;0.05
20;100;100;50;100;21.66;5.34;15.33;6.89;6.91;0.231;73.9;30;16.31;7.97;1.43;4.33;8.87;182.3;104.9;51;8.7;17.7;3.77;2.27;0.36;0.51;0.43;0.48;0.085;26.1;5.47;2.48;1.74;0.32;1;6.46;64.4;47;2.4;2;12.9;0.25;0.11;0.05;0.07
20;100;100;100;0;20.83;5.07;14.32;6.15;6.2;0.221;80.4;28.21;15.27;7.6;1.35;4.21;8.26;186.6;112.5;49.2;8.4;16.5;4.05;1.3;0.36;0.49;0.36;0.37;0.077;19.6;4.63;2.08;1.54;0.26;0.85;6.06;45.4;30;1.6;1.7;12.1;0.22;0.06;0.04;0.06
20;100;100;100;50;21.67;5.65;15.76;6.33;6.48;0.222;79.1;29.24;15.81;8.03;1.35;4.43;9.19;185.5;108;50.3;8.9;18.4;3.88;1.71;0.38;0.51;0.49;0.54;0.08;20.9;6.53;2.93;2.1;0.37;1.22;6.57;48.9;30.8;2.5;2.4;13.1;0.31;0.08;0.06;0.08
20;100;100;100;100;22.41;5.88;16.98;6.86;6.93;0.229;78;30.37;16.58;8.12;1.4;4.41;9.86;182;101.9;51.6;8.8;19.7;3.67;2.38;0.36;0.53;0.65;0.66;0.082;22;7.99;3.62;2.58;0.46;1.47;7.12;51.4;32;2.2;2.9;14.2;0.39;0.1;0.08;0.1