StrengthRatio;AttackA_Verticality;DefenseA_DefensiveLine;AttackB_Verticality;DefenseB_DefensiveLine;Seq_CountersCount;Seq_CornersCount;Seq_LooseBallsCount;TeamA_Goals;TeamA_TotalXG;TeamA_XGPerShot;TeamA_PossessionShare;TeamA_ShotsTotal;TeamA_ShotsOnTarget;TeamA_ShotsBlocked;TeamA_ShotsWoodwork;TeamA_CornersWon;TeamA_LooseBallsWon;TeamA_PassesTotal;TeamA_PassesOpenPlay;TeamA_PassesCounterAttack;TeamA_PassesCorner;TeamA_PassesLooseBall;TeamA_XGOpenPlay;TeamA_XGCounterAttack;TeamA_XGCorner;TeamA_XGLooseBall;TeamB_Goals;TeamB_TotalXG;TeamB_XGPerShot;TeamB_PossessionShare;TeamB_ShotsTotal;TeamB_ShotsOnTarget;TeamB_ShotsBlocked;TeamB_ShotsWoodwork;TeamB_CornersWon;TeamB_LooseBallsWon;TeamB_PassesTotal;TeamB_PassesOpenPlay;TeamB_PassesCounterAttack;TeamB_PassesCorner;TeamB_PassesLooseBall;TeamB_XGOpenPlay;TeamB_XGCounterAttack;TeamB_XGCorner;TeamB_XGLooseBall
-3;0;0;0;0;13.56;1.91;5.46;0.43;0.41;0.083;45.6;4.73;2.21;1.43;0.3;0.88;2.64;163.3;146.8;9.5;1.8;5.3;0.2;0.11;0.05;0.06;0.63;0.61;0.097;54.4;6.15;2.84;1.97;0.34;1.04;2.83;194.9;172.7;14.4;2.1;5.7;0.3;0.17;0.06;0.08
-3;0;0;0;50;13.28;2.07;6.08;0.42;0.41;0.086;46;4.61;2.17;1.46;0.23;0.81;2.95;164.9;149.3;8.1;1.6;5.9;0.19;0.12;0.04;0.05;0.73;0.72;0.1;54;7.15;3.33;2.33;0.37;1.27;3.13;193.5;169.7;14.9;2.5;6.3;0.3;0.26;0.06;0.09
-3;0;0;0;100;13.21;2.38;6.6;0.49;0.48;0.094;45.7;4.97;2.35;1.55;0.26;0.92;3.26;167.5;151.6;7.5;1.8;6.5;0.2;0.17;0.05;0.06;0.9;0.87;0.104;54.3;8.3;3.92;2.52;0.49;1.46;3.34;199;166.9;22.6;2.9;6.7;0.31;0.37;0.08;0.11
-3;0;0;50;0;15.88;2.47;7.05;0.48;0.44;0.082;51.4;5.22;2.45;1.64;0.27;0.97;3.48;165.7;143.9;13;1.9;7;0.18;0.16;0.05;0.06;0.93;0.88;0.102;48.6;8.64;4.11;2.7;0.44;1.5;3.57;156.8;132.3;14.5;3;7.1;0.53;0.18;0.08;0.1
-3;0;0;50;50;15.54;2.92;8.43;0.47;0.47;0.087;51;5.29;2.45;1.66;0.3;0.94;4.05;165.6;143.9;11.7;1.9;8.1;0.17;0.19;0.05;0.06;1.22;1.22;0.106;49;11.47;5.37;3.6;0.58;1.98;4.38;159.4;132.2;14.4;4;8.8;0.72;0.25;0.1;0.15
-3;0;0;50;100;15.5;3.59;10.31;0.55;0.55;0.096;49.9;5.68;2.67;1.83;0.3;1.02;4.97;167.8;145.4;10.4;2;9.9;0.19;0.25;0.05;0.07;1.67;1.6;0.108;50.1;14.71;6.99;4.61;0.79;2.57;5.33;168.3;130.9;21.7;5.1;10.7;0.92;0.37;0.13;0.18
-3;0;0;100;0;17.64;2.97;8.44;0.49;0.5;0.083;59;5.91;2.71;1.91;0.32;1.05;4.12;167.3;141.2;15.8;2.1;8.2;0.18;0.19;0.05;0.07;1.14;1.14;0.105;41;10.79;5.12;3.35;0.57;1.92;4.32;116.4;89.7;14.3;3.8;8.6;0.73;0.17;0.1;0.14
-3;0;0;100;50;17.73;3.76;10.92;0.58;0.56;0.087;58;6.38;2.94;2.06;0.34;1.1;5.33;167.3;139.3;15.1;2.2;10.7;0.18;0.26;0.06;0.07;1.69;1.66;0.108;42;15.26;7.27;4.83;0.77;2.65;5.58;121.1;90.8;13.9;5.3;11.2;1.08;0.24;0.15;0.19
-3;0;0;100;100;17.68;4.49;12.68;0.66;0.67;0.098;56.1;6.79;3.18;2.14;0.36;1.25;6.07;167.9;139.1;14.1;2.5;12.1;0.18;0.36;0.06;0.08;2.07;2.03;0.11;43.9;18.46;8.75;5.8;0.99;3.24;6.61;131.4;90.9;20.8;6.5;13.2;1.28;0.35;0.16;0.23
-3;0;50;0;0;13.24;2.08;6.01;0.49;0.47;0.087;45.5;5.35;2.49;1.73;0.26;0.99;2.87;163.1;146.1;9.4;2;5.7;0.2;0.16;0.05;0.06;0.66;0.68;0.105;54.5;6.41;2.98;2.04;0.35;1.09;3.14;195.5;173.6;13.4;2.2;6.3;0.3;0.24;0.06;0.08
-3;0;50;0;50;13.01;2.21;6.51;0.52;0.53;0.095;45.9;5.47;2.59;1.67;0.29;0.98;3.16;164.6;148.1;8.3;2;6.3;0.2;0.22;0.05;0.06;0.83;0.81;0.109;54.1;7.41;3.53;2.29;0.41;1.23;3.35;194.2;171.2;13.9;2.5;6.7;0.31;0.34;0.07;0.09
-3;0;50;0;100;12.89;2.46;7.02;0.61;0.55;0.099;45.8;5.48;2.59;1.7;0.29;0.99;3.46;167.6;151.3;7.4;2;6.9;0.2;0.24;0.05;0.06;1.05;1.03;0.119;54.2;8.63;4.14;2.67;0.46;1.47;3.55;198.5;167.2;21.2;2.9;7.1;0.31;0.55;0.08;0.1
-3;0;50;50;0;15.31;2.7;7.58;0.57;0.55;0.087;51.1;6.25;2.93;1.99;0.31;1.15;3.66;164.6;142.1;12.9;2.3;7.3;0.19;0.23;0.06;0.07;0.97;0.96;0.108;48.9;8.81;4.2;2.71;0.45;1.55;3.92;157.8;133.9;13;3.1;7.8;0.54;0.23;0.08;0.11
-3;0;50;50;50;15.14;3.15;9.13;0.62;0.62;0.096;50.7;6.33;2.99;1.96;0.35;1.13;4.39;164.8;142.2;11.6;2.3;8.8;0.18;0.31;0.05;0.07;1.3;1.32;0.111;49.3;11.82;5.62;3.66;0.62;2.02;4.74;160.5;133.8;13.2;4;9.5;0.73;0.33;0.11;0.15
-3;0;50;50;100;14.98;3.67;10.6;0.73;0.71;0.107;50.5;6.57;3.09;2.04;0.33;1.09;5.23;171.9;143.4;15.8;2.2;10.5;0.19;0.39;0.05;0.08;1.77;1.74;0.117;49.5;14.9;7.2;4.57;0.73;2.58;5.37;168.4;132.7;19.9;5.2;10.7;0.92;0.51;0.13;0.18
-3;0;50;100;0;17.19;3.19;9.07;0.71;0.66;0.088;58.5;7.44;3.41;2.36;0.38;1.29;4.46;165.7;137.6;16.6;2.6;8.9;0.19;0.32;0.07;0.09;1.19;1.18;0.11;41.5;10.73;5.17;3.32;0.57;1.9;4.61;117.3;91.9;12.4;3.8;9.2;0.72;0.22;0.11;0.14
-3;0;50;100;50;17.44;4.04;11.66;0.77;0.76;0.099;58.8;7.67;3.6;2.39;0.44;1.39;5.73;174.1;137.1;22.8;2.8;11.5;0.19;0.42;0.07;0.09;1.81;1.75;0.112;41.2;15.62;7.45;4.88;0.8;2.65;5.93;122;92.2;12.6;5.3;11.9;1.09;0.32;0.14;0.19
-3;0;50;100;100;17.46;4.66;13.32;0.89;0.9;0.11;57;8.12;3.9;2.5;0.4;1.44;6.49;174;136.7;21.5;2.9;13;0.19;0.55;0.07;0.1;2.21;2.18;0.116;43;18.73;9.08;5.68;1.02;3.23;6.83;131.3;92.4;18.8;6.5;13.7;1.31;0.47;0.17;0.23
-3;0;100;0;0;12.88;2.3;6.52;0.54;0.56;0.091;46.1;6.07;2.77;1.94;0.37;1.06;3.13;167.7;145.1;14.2;2.1;6.3;0.2;0.24;0.05;0.07;0.75;0.74;0.109;53.9;6.73;3.29;2.05;0.39;1.23;3.4;196.4;174.8;12.3;2.5;6.8;0.31;0.28;0.07;0.08
-3;0;100;0;50;12.62;2.42;6.89;0.64;0.62;0.1;46.5;6.09;2.82;1.94;0.33;1.06;3.33;168.9;147.7;12.4;2.1;6.7;0.2;0.29;0.05;0.07;0.92;0.92;0.119;53.5;7.75;3.65;2.44;0.4;1.36;3.56;194.2;171.7;12.6;2.7;7.1;0.31;0.45;0.07;0.1
-3;0;100;0;100;12.31;2.61;7.35;0.65;0.66;0.109;46.3;6.02;2.8;1.9;0.32;1.02;3.57;170.8;150.8;10.8;2;7.1;0.21;0.33;0.05;0.07;1.13;1.16;0.13;53.7;8.9;4.4;2.66;0.47;1.59;3.78;198.1;167.9;19.4;3.2;7.6;0.3;0.66;0.08;0.11
-3;0;100;50;0;15.01;2.97;8.43;0.66;0.72;0.098;51.7;7.26;3.42;2.26;0.39;1.34;4.12;170.5;140.4;19.2;2.7;8.2;0.2;0.38;0.06;0.08;1.08;1.05;0.111;48.3;9.39;4.5;2.96;0.51;1.63;4.31;159.3;135.4;12.1;3.3;8.6;0.56;0.28;0.09;0.12
-3;0;100;50;50;14.87;3.35;9.63;0.84;0.77;0.103;51.4;7.33;3.49;2.31;0.38;1.28;4.67;170.5;141;17.6;2.6;9.3;0.19;0.43;0.07;0.08;1.4;1.43;0.117;48.6;12.2;5.78;3.82;0.63;2.07;4.97;161;134.9;12.1;4.1;9.9;0.74;0.43;0.12;0.15
-3;0;100;50;100;14.95;3.87;11.27;0.94;0.9;0.119;50.4;7.54;3.65;2.29;0.41;1.28;5.46;171.9;142.2;16.2;2.6;10.9;0.2;0.56;0.06;0.08;1.89;1.88;0.123;49.6;15.27;7.26;4.77;0.77;2.58;5.81;169.1;133.8;18.5;5.2;11.6;0.93;0.62;0.14;0.19
-3;0;100;100;0;17.32;3.56;10.2;0.86;0.88;0.1;59.2;8.77;4.18;2.74;0.49;1.6;5.07;173.3;135;24.9;3.2;10.1;0.19;0.51;0.08;0.11;1.24;1.27;0.112;40.8;11.39;5.46;3.49;0.56;1.95;5.14;119.2;93.4;11.7;3.9;10.3;0.77;0.27;0.1;0.14
-3;0;100;100;50;17.44;4.33;12.45;1.03;0.95;0.106;58.4;8.98;4.28;2.79;0.47;1.6;6.11;173.3;134.3;23.6;3.2;12.2;0.18;0.59;0.08;0.1;1.84;1.85;0.116;41.6;15.92;7.64;4.96;0.81;2.72;6.34;123.5;93.8;11.6;5.4;12.7;1.1;0.41;0.14;0.2
-3;0;100;100;100;17.18;4.81;14.09;1.07;1.14;0.124;56.8;9.16;4.43;2.75;0.5;1.59;6.9;173.3;134.6;21.8;3.2;13.8;0.18;0.77;0.08;0.11;2.31;2.32;0.121;43.2;19.24;9.21;5.93;1.06;3.21;7.19;131.9;93.7;17.4;6.4;14.4;1.33;0.59;0.17;0.23
-3;50;0;0;0;15.63;2.44;7.05;0.61;0.59;0.085;39.9;6.83;3.15;2.19;0.36;1.22;3.49;130.8;112.3;9.1;2.4;7;0.34;0.11;0.06;0.09;0.66;0.66;0.096;60.1;6.82;3.19;2.18;0.36;1.22;3.56;196.7;169.1;18;2.4;7.1;0.3;0.21;0.06;0.08
-3;50;0;0;50;15.58;2.58;7.63;0.61;0.6;0.087;40.6;6.8;3.12;2.17;0.38;1.22;3.72;132.8;114.7;8.2;2.4;7.4;0.34;0.13;0.06;0.08;0.86;0.81;0.098;59.4;8.16;3.77;2.66;0.43;1.37;3.91;194.2;165.2;18.5;2.7;7.8;0.29;0.34;0.08;0.1
-3;50;0;0;100;15.38;2.96;8.35;0.64;0.65;0.092;40.3;6.91;3.25;2.16;0.36;1.29;4.09;135.3;117.4;7.2;2.6;8.2;0.34;0.16;0.06;0.08;1.01;1.04;0.108;59.7;9.59;4.6;2.98;0.5;1.67;4.26;200.8;160.9;28;3.3;8.5;0.29;0.54;0.09;0.12
-3;50;0;50;0;17.62;2.86;8.46;0.62;0.62;0.085;45.5;7.25;3.28;2.41;0.41;1.25;4.07;133.2;110.1;12.4;2.5;8.1;0.32;0.15;0.06;0.09;0.93;0.94;0.101;54.5;9.26;4.33;2.93;0.5;1.62;4.39;159.3;129.5;17.8;3.2;8.8;0.52;0.21;0.08;0.12
-3;50;0;50;50;17.53;3.46;10.04;0.71;0.66;0.088;45.5;7.51;3.42;2.49;0.39;1.3;4.96;134.4;110.6;11.2;2.6;9.9;0.33;0.18;0.06;0.09;1.26;1.28;0.104;54.5;12.22;5.78;3.72;0.67;2.16;5.07;161.1;128.9;17.7;4.3;10.1;0.71;0.32;0.11;0.14
-3;50;0;50;100;17.64;4.17;11.89;0.76;0.74;0.094;44.4;7.78;3.73;2.45;0.41;1.42;5.76;137;112.3;10.3;2.8;11.5;0.33;0.25;0.07;0.09;1.79;1.75;0.111;55.6;15.78;7.52;4.95;0.86;2.75;6.13;171.4;126.9;26.8;5.5;12.3;0.89;0.52;0.14;0.2
-3;50;0;100;0;19.54;3.44;9.68;0.7;0.67;0.084;53.2;7.84;3.61;2.47;0.42;1.4;4.72;136;108;15.7;2.8;9.4;0.32;0.19;0.07;0.09;1.16;1.19;0.104;46.8;11.42;5.32;3.63;0.63;2.04;4.96;119.4;87.9;17.5;4.1;9.9;0.72;0.21;0.11;0.15
-3;50;0;100;50;19.8;4.34;12.27;0.76;0.73;0.088;52.6;8.31;3.81;2.67;0.49;1.52;5.94;137.6;107.9;14.7;3;11.9;0.32;0.25;0.07;0.1;1.75;1.71;0.107;47.4;15.99;7.58;5.01;0.85;2.82;6.33;123.7;88;17.5;5.6;12.7;1.04;0.32;0.15;0.21
-3;50;0;100;100;19.6;4.93;14.05;0.89;0.84;0.096;50.9;8.73;4.09;2.79;0.45;1.54;6.82;139.2;109;13.5;3.1;13.6;0.32;0.34;0.08;0.1;2.17;2.17;0.112;49.1;19.44;9.2;6.1;1.05;3.39;7.23;134.4;87.1;26.1;6.8;14.5;1.23;0.51;0.18;0.25
-3;50;50;0;0;15.61;2.87;8.19;0.79;0.79;0.088;40.5;8.96;4.09;2.89;0.5;1.61;4.03;133.5;113;9.2;3.2;8.1;0.45;0.16;0.08;0.11;0.73;0.74;0.104;59.5;7.03;3.35;2.15;0.38;1.26;4.16;195.9;168;17;2.5;8.3;0.28;0.3;0.06;0.09
-3;50;50;0;50;15.48;3.14;9.11;0.82;0.85;0.092;41.3;9.14;4.25;2.87;0.49;1.62;4.43;135.8;115.7;8;3.2;8.9;0.46;0.2;0.08;0.11;0.94;0.96;0.109;58.7;8.83;4.14;2.77;0.51;1.52;4.68;193.4;163.6;17.4;3;9.4;0.3;0.47;0.08;0.11
-3;50;50;0;100;15.26;3.42;9.71;0.98;0.89;0.094;41.1;9.35;4.45;2.88;0.46;1.67;4.74;138.4;118.8;6.8;3.3;9.5;0.48;0.22;0.09;0.1;1.17;1.22;0.12;58.9;10.14;4.82;3.16;0.5;1.75;4.96;198.8;158.5;26.8;3.5;9.9;0.28;0.72;0.09;0.13
-3;50;50;50;0;17.39;3.53;9.9;0.88;0.88;0.088;45.9;9.93;4.6;3.14;0.55;1.78;4.88;135.4;109.9;12.3;3.6;9.8;0.45;0.22;0.09;0.12;1.1;1.04;0.107;54.1;9.68;4.65;3.01;0.48;1.75;5.03;159.9;129.8;16.5;3.5;10.1;0.53;0.29;0.1;0.12
-3;50;50;50;50;17.41;4.03;11.42;0.92;0.95;0.094;45.8;10.04;4.61;3.22;0.51;1.77;5.49;136.6;111;11.1;3.5;11;0.45;0.3;0.09;0.12;1.38;1.41;0.111;54.2;12.74;6.05;3.86;0.68;2.26;5.94;161.6;128.5;16.8;4.5;11.9;0.7;0.44;0.12;0.16
-3;50;50;50;100;17.63;4.58;13.15;1.13;1.03;0.1;45.8;10.3;4.99;3.13;0.55;1.86;6.4;144.4;112.6;15.3;3.7;12.8;0.46;0.37;0.09;0.12;1.88;1.9;0.118;54.2;16.14;7.6;5.04;0.88;2.72;6.75;171.1;126.5;25.6;5.4;13.5;0.88;0.67;0.15;0.2
-3;50;50;100;0;19.23;3.89;11.44;0.97;0.96;0.088;53.5;10.87;5.03;3.43;0.61;1.95;5.71;138.2;107.1;15.8;3.9;11.4;0.43;0.3;0.1;0.13;1.24;1.26;0.108;46.5;11.57;5.42;3.64;0.63;1.94;5.73;120;88.6;16.1;3.9;11.5;0.72;0.29;0.1;0.15
-3;50;50;100;50;19.45;4.72;13.76;1.05;1.05;0.095;53.8;10.99;5.04;3.5;0.64;1.92;6.57;145.7;106.7;22;3.8;13.1;0.42;0.41;0.1;0.13;1.88;1.84;0.112;46.2;16.47;7.77;5.14;0.9;2.81;7.19;125.1;88.9;16.2;5.6;14.4;1.05;0.43;0.15;0.21
-3;50;50;100;100;19.66;5.38;15.52;1.24;1.17;0.103;52.2;11.32;5.43;3.47;0.61;2.01;7.57;147.4;107.8;20.5;4;15.1;0.43;0.51;0.1;0.13;2.3;2.3;0.117;47.8;19.67;9.43;6.14;1.05;3.37;7.95;135.1;88.1;24.4;6.7;15.9;1.24;0.63;0.17;0.25
-3;50;100;0;0;15.59;3.37;9.74;1.08;1.04;0.09;41.8;11.45;5.32;3.61;0.63;2.04;4.71;140.7;113.5;13.7;4.1;9.4;0.58;0.23;0.1;0.13;0.89;0.89;0.114;58.2;7.75;3.69;2.4;0.42;1.33;5.04;196;167.1;16.1;2.7;10.1;0.29;0.43;0.07;0.1
-3;50;100;0;50;15.51;3.69;10.41;1.2;1.11;0.094;41.5;11.66;5.51;3.65;0.64;2.1;5.17;142.7;116.3;11.8;4.2;10.3;0.59;0.28;0.11;0.13;1.09;1.09;0.119;58.5;9.09;4.33;2.81;0.49;1.59;5.24;201.1;162.6;24.9;3.2;10.5;0.29;0.61;0.08;0.11
-3;50;100;0;100;15.21;3.84;11.16;1.12;1.18;0.099;42.1;11.95;5.56;3.75;0.65;2.11;5.48;144.3;118.9;10.3;4.2;11;0.61;0.32;0.11;0.14;1.38;1.37;0.132;57.9;10.38;5.05;3.25;0.55;1.74;5.68;198.4;158.5;25.1;3.5;11.4;0.29;0.86;0.09;0.13
-3;50;100;50;0;17.48;3.97;11.54;1.22;1.2;0.094;47.2;12.74;5.99;4.05;0.67;2.26;5.64;143.9;109.2;19;4.5;11.3;0.57;0.37;0.11;0.15;1.12;1.13;0.114;52.8;9.86;4.72;3;0.54;1.71;5.9;161.1;130.7;15.2;3.4;11.8;0.53;0.39;0.09;0.12
-3;50;100;50;50;17.51;4.51;13;1.23;1.24;0.097;46;12.79;6.05;4;0.66;2.27;6.31;145;110.8;17;4.5;12.6;0.57;0.42;0.11;0.15;1.6;1.54;0.117;54;13.12;6.37;4.02;0.64;2.24;6.7;170;128.7;23.4;4.5;13.4;0.7;0.57;0.12;0.17
-3;50;100;50;100;17.42;4.97;14.59;1.41;1.36;0.105;46.1;12.86;6.1;4.02;0.67;2.22;7.07;146.4;112.4;15.4;4.4;14.1;0.57;0.53;0.11;0.15;2.1;2.05;0.125;53.9;16.41;7.91;5.08;0.86;2.75;7.52;171.2;126.7;24;5.5;15;0.88;0.82;0.15;0.2
-3;50;100;100;0;19.44;4.56;13.04;1.31;1.29;0.095;54.6;13.54;6.27;4.39;0.68;2.43;6.37;147.4;106.1;23.7;4.9;12.7;0.53;0.48;0.12;0.16;1.49;1.4;0.114;45.4;12.28;5.93;3.78;0.67;2.13;6.66;122.4;89.5;15.3;4.3;13.3;0.73;0.41;0.11;0.15
-3;50;100;100;50;19.54;5.21;15.5;1.4;1.38;0.099;52.6;13.84;6.45;4.41;0.78;2.4;7.59;148.2;105.8;22.4;4.8;15.2;0.54;0.55;0.12;0.17;2.05;1.95;0.117;47.4;16.71;8.04;5.14;0.91;2.81;7.92;133.6;89.7;22.4;5.6;15.8;1.06;0.54;0.15;0.2
-3;50;100;100;100;19.83;5.96;17.1;1.6;1.57;0.11;52.4;14.23;6.8;4.45;0.68;2.54;8.35;149.9;107.4;20.7;5.1;16.7;0.55;0.74;0.12;0.16;2.45;2.47;0.122;47.6;20.15;9.64;6.22;1.06;3.42;8.76;135.9;88.4;23.2;6.8;17.5;1.24;0.8;0.18;0.25
-3;100;0;0;0;17.82;2.87;8.21;0.71;0.72;0.086;32.8;8.3;3.82;2.7;0.49;1.5;3.93;96.4;76.6;9;3;7.9;0.44;0.11;0.08;0.09;0.76;0.73;0.094;67.2;7.68;3.63;2.44;0.4;1.36;4.28;198.1;165.3;21.5;2.7;8.6;0.29;0.26;0.07;0.1
-3;100;0;0;50;17.87;3.16;9.15;0.82;0.77;0.088;33.7;8.68;4.07;2.71;0.48;1.55;4.45;98.7;78.8;7.9;3.1;8.9;0.47;0.12;0.08;0.1;0.93;0.96;0.102;66.3;9.28;4.34;3.02;0.49;1.6;4.7;194.7;159.9;22.2;3.2;9.4;0.27;0.48;0.09;0.12
-3;100;0;0;100;17.83;3.54;9.89;0.8;0.79;0.091;33.4;8.57;4.09;2.63;0.47;1.59;4.89;101;81.5;6.5;3.2;9.8;0.46;0.15;0.08;0.1;1.29;1.22;0.108;66.6;11.31;5.31;3.43;0.62;1.95;5;201.8;153.4;34.5;3.9;10;0.29;0.7;0.1;0.13
-3;100;0;50;0;19.26;3.24;9.47;0.81;0.76;0.086;38.1;8.81;4.12;2.82;0.47;1.59;4.58;99.1;74.7;12.1;3.2;9.2;0.43;0.14;0.08;0.11;1.04;0.97;0.099;61.9;9.76;4.5;3.07;0.57;1.66;4.89;161.4;127.4;20.9;3.3;9.8;0.52;0.25;0.08;0.12
-3;100;0;50;50;19.54;4.01;11.46;0.82;0.81;0.088;38.4;9.18;4.3;2.86;0.52;1.66;5.5;101.4;76.2;10.9;3.3;11;0.45;0.18;0.08;0.11;1.44;1.44;0.107;61.6;13.45;6.38;4.21;0.74;2.35;5.96;162.7;124.7;21.3;4.7;11.9;0.69;0.45;0.12;0.17
-3;100;0;50;100;19.8;4.51;13.15;0.86;0.86;0.093;37.4;9.17;4.21;2.98;0.48;1.58;6.4;103.7;77.9;9.8;3.2;12.8;0.44;0.23;0.08;0.11;1.89;1.87;0.11;62.6;16.96;8.05;5.28;0.93;2.93;6.75;174;121.5;33.1;5.9;13.5;0.84;0.66;0.16;0.21
-3;100;0;100;0;21.4;3.78;10.75;0.82;0.8;0.085;45.7;9.4;4.3;3;0.56;1.67;5.24;102.8;73.4;15.6;3.3;10.5;0.43;0.19;0.08;0.11;1.24;1.2;0.102;54.3;11.71;5.6;3.65;0.61;2.11;5.51;122.2;86.4;20.6;4.2;11;0.69;0.24;0.11;0.15
-3;100;0;100;50;21.63;4.67;13.5;0.89;0.89;0.088;45.5;10.01;4.54;3.31;0.55;1.74;6.63;105.1;73.9;14.5;3.5;13.3;0.43;0.25;0.09;0.12;1.79;1.8;0.108;54.5;16.64;7.91;5.2;0.94;2.93;6.88;126.1;85.8;20.6;5.9;13.8;1;0.44;0.15;0.21
-3;100;0;100;100;21.68;5.37;15.29;1.04;0.97;0.094;43.4;10.19;4.75;3.27;0.56;1.81;7.34;106.4;75.1;13;3.6;14.7;0.43;0.32;0.09;0.12;2.29;2.27;0.111;56.6;20.43;9.73;6.42;1.02;3.55;7.94;139.1;84.3;31.8;7.1;15.9;1.19;0.64;0.19;0.25
-3;100;50;0;0;17.98;3.57;10.4;1.05;1.05;0.088;34.2;11.86;5.49;3.81;0.67;2.13;5.13;101.5;78.3;8.7;4.3;10.3;0.66;0.15;0.1;0.14;0.91;0.87;0.103;65.8;8.37;3.93;2.62;0.46;1.44;5.27;195.6;161.2;21;2.9;10.5;0.28;0.4;0.08;0.11
-3;100;50;0;50;18.14;3.96;11.21;1.16;1.12;0.091;33.6;12.2;5.79;3.82;0.63;2.27;5.42;103.1;80;7.6;4.5;10.8;0.67;0.2;0.11;0.14;1.15;1.13;0.114;66.4;9.93;4.67;3.11;0.55;1.7;5.79;204.3;156.9;32.4;3.4;11.6;0.27;0.66;0.09;0.12
-3;100;50;0;100;17.82;4.25;12.26;1.21;1.18;0.093;34.5;12.64;5.86;4.02;0.66;2.28;6.03;105.5;82.3;6.5;4.6;12.1;0.71;0.21;0.11;0.15;1.43;1.39;0.12;65.5;11.59;5.52;3.57;0.64;1.97;6.23;200.2;151.3;32.5;3.9;12.5;0.28;0.88;0.1;0.14
-3;100;50;50;0;19.64;4.17;11.8;1.13;1.11;0.088;39.1;12.55;5.9;3.97;0.64;2.29;5.71;103.7;75.8;11.8;4.6;11.4;0.64;0.21;0.12;0.15;1.14;1.14;0.106;60.9;10.7;5.09;3.34;0.58;1.88;6.09;161.6;125.4;20.3;3.8;12.2;0.52;0.38;0.1;0.14
-3;100;50;50;50;19.79;4.81;13.65;1.2;1.21;0.093;38.2;13.02;6.12;4.17;0.67;2.36;6.65;106.2;77.4;10.7;4.7;13.3;0.66;0.28;0.12;0.16;1.54;1.6;0.114;61.8;14.02;6.68;4.34;0.71;2.44;7;172.2;122.4;30.9;4.9;14;0.66;0.64;0.13;0.17
-3;100;50;50;100;19.75;5.39;15.52;1.35;1.32;0.097;39.5;13.52;6.4;4.29;0.71;2.39;7.54;113;78.4;14.6;4.8;15.1;0.68;0.36;0.12;0.16;2.05;2.05;0.118;60.5;17.3;8.37;5.26;0.91;3;7.99;173.4;120.6;30.8;6;16;0.84;0.84;0.16;0.21
-3;100;50;100;0;21.43;4.58;13.08;1.26;1.18;0.088;46.3;13.31;6.23;4.23;0.71;2.39;6.41;106.5;73.7;15.2;4.8;12.8;0.62;0.29;0.11;0.16;1.36;1.35;0.107;53.7;12.5;5.95;3.85;0.67;2.2;6.67;123.6;86;19.9;4.4;13.3;0.69;0.38;0.12;0.16
-3;100;50;100;50;21.67;5.43;15.69;1.37;1.3;0.094;45.8;13.8;6.53;4.35;0.72;2.45;7.62;115.5;74.4;21;4.9;15.2;0.63;0.38;0.12;0.16;1.96;1.99;0.114;54.2;17.41;8.27;5.44;0.93;2.98;8.07;136.9;85.2;29.6;6;16.1;1.01;0.6;0.16;0.21
-3;100;50;100;100;21.76;6;17.61;1.42;1.41;0.099;45.7;14.12;6.51;4.47;0.8;2.42;8.55;117;75.6;19.5;4.8;17.1;0.64;0.49;0.12;0.16;2.48;2.46;0.117;54.3;20.9;10;6.52;1.09;3.58;9.07;139.2;83.8;30.2;7.2;18.1;1.18;0.83;0.19;0.26
-3;100;100;0;0;17.92;4.25;11.86;1.44;1.32;0.09;35.6;14.64;6.89;4.6;0.81;2.62;5.81;108.3;78.2;13.2;5.2;11.6;0.79;0.22;0.12;0.18;1.02;1.02;0.114;64.4;8.88;4.33;2.71;0.44;1.64;6.05;196.5;161.3;19.9;3.3;12.1;0.28;0.55;0.09;0.11
-3;100;100;0;50;18.01;4.43;12.85;1.42;1.39;0.093;35.1;14.83;6.95;4.62;0.82;2.65;6.22;109.8;80.6;11.4;5.3;12.4;0.82;0.27;0.13;0.17;1.25;1.27;0.12;64.9;10.53;5.01;3.26;0.56;1.78;6.63;203.1;155.5;30.7;3.6;13.3;0.27;0.77;0.09;0.13
-3;100;100;0;100;18.09;4.89;13.68;1.61;1.46;0.096;36.2;15.2;7.2;4.69;0.85;2.7;6.76;112.3;83.5;9.9;5.4;13.5;0.85;0.31;0.14;0.17;1.69;1.67;0.134;63.8;12.51;6.2;3.66;0.67;2.19;6.92;198.5;148.5;31.8;4.4;13.8;0.27;1.14;0.12;0.15
-3;100;100;50;0;19.58;4.67;13.61;1.47;1.44;0.093;41;15.44;7.26;4.87;0.81;2.77;6.66;112.6;76;17.7;5.5;13.3;0.78;0.34;0.13;0.18;1.25;1.28;0.114;59;11.24;5.31;3.57;0.58;1.9;6.95;162;125;19.2;3.8;13.9;0.52;0.52;0.1;0.15
-3;100;100;50;50;19.85;5.29;15.09;1.59;1.49;0.095;39.8;15.65;7.31;4.92;0.83;2.77;7.36;114;77.6;16.1;5.5;14.7;0.78;0.39;0.14;0.18;1.78;1.74;0.118;60.2;14.64;7.12;4.46;0.76;2.53;7.73;172.3;122.1;29.7;5.1;15.5;0.67;0.75;0.14;0.18
-3;100;100;50;100;19.89;5.85;17.08;1.65;1.62;0.101;40;15.9;7.39;5.09;0.86;2.76;8.29;115.4;79.2;14.1;5.5;16.6;0.8;0.5;0.13;0.19;2.38;2.3;0.127;60;18.13;8.86;5.51;0.93;3.09;8.78;173.1;119.2;30.1;6.2;17.6;0.83;1.08;0.17;0.22
-3;100;100;100;0;21.54;5.27;15.03;1.58;1.57;0.094;48.7;16.66;7.87;5.16;0.95;3.08;7.42;117.8;73.6;23.2;6.2;14.8;0.76;0.47;0.15;0.2;1.5;1.48;0.114;51.3;12.94;6.13;4.04;0.68;2.19;7.61;124.3;86.1;18.6;4.4;15.2;0.68;0.52;0.11;0.16
-3;100;100;100;50;21.77;6.11;17.32;1.67;1.61;0.097;46.2;16.58;7.82;5.19;0.88;3.05;8.39;118.3;74;21.4;6.1;16.8;0.75;0.53;0.14;0.19;2.18;2.11;0.117;53.8;17.99;8.68;5.45;1.01;3.06;8.93;137.7;85.7;28.1;6.1;17.9;1.02;0.72;0.16;0.22
-3;100;100;100;100;21.63;6.57;18.95;1.9;1.8;0.106;46.1;17.01;8.13;5.33;0.86;3.05;9.17;119.2;75.2;19.6;6.1;18.3;0.76;0.7;0.15;0.2;2.67;2.63;0.124;53.9;21.2;10.16;6.54;1.11;3.53;9.78;139.4;84.3;28.5;7.1;19.6;1.18;1;0.19;0.26
-2;0;0;0;0;13.65;1.97;5.73;0.45;0.45;0.088;47.1;5.03;2.33;1.63;0.26;0.88;2.83;169.1;151.6;10.1;1.8;5.7;0.23;0.12;0.04;0.06;0.57;0.57;0.093;52.9;6;2.86;1.87;0.36;1.08;2.9;189.8;168.1;13.7;2.2;5.8;0.26;0.17;0.06;0.08
-2;0;0;0;50;13.25;2.05;5.96;0.48;0.46;0.092;47.4;4.9;2.31;1.52;0.28;0.86;2.9;169.9;153.3;9.1;1.7;5.8;0.22;0.14;0.04;0.06;0.67;0.66;0.097;52.6;6.79;3.21;2.15;0.33;1.18;3.05;188.5;166.2;13.8;2.4;6.1;0.27;0.24;0.06;0.09
-2;0;0;0;100;13.12;2.29;6.63;0.49;0.5;0.098;47.2;5.01;2.39;1.59;0.25;0.92;3.33;173;156.5;8;1.8;6.7;0.22;0.18;0.04;0.06;0.88;0.81;0.1;52.8;8.01;3.71;2.54;0.45;1.37;3.29;193.5;162.6;21.5;2.7;6.6;0.28;0.36;0.07;0.1
-2;0;0;50;0;15.5;2.62;7.08;0.51;0.5;0.088;52.9;5.63;2.7;1.77;0.28;1.08;3.56;170.8;148.1;13.5;2.2;7.1;0.21;0.16;0.05;0.07;0.87;0.82;0.097;47.1;8.41;4.03;2.61;0.44;1.54;3.52;152.3;129.1;13.1;3.1;7;0.48;0.16;0.08;0.11
-2;0;0;50;50;15.61;3.01;8.62;0.54;0.54;0.091;52.4;5.87;2.72;1.89;0.33;1.04;4.17;171.1;148;12.6;2.1;8.3;0.22;0.21;0.05;0.07;1.17;1.13;0.1;47.6;11.19;5.3;3.5;0.58;1.97;4.45;155.4;129.1;13.4;3.9;8.9;0.65;0.24;0.1;0.14
-2;0;0;50;100;15.4;3.54;10.15;0.63;0.61;0.1;51.3;5.97;2.87;1.81;0.29;1.09;4.96;172.4;148.9;11.4;2.2;9.9;0.21;0.27;0.05;0.07;1.55;1.47;0.103;48.7;14.24;6.71;4.43;0.81;2.45;5.19;163.8;128.4;20.2;4.9;10.4;0.82;0.34;0.13;0.18
-2;0;0;100;0;17.54;2.85;8.43;0.52;0.54;0.086;60.3;6.13;2.77;1.95;0.36;1.04;4.13;172.1;144.9;16.9;2.1;8.3;0.21;0.21;0.05;0.07;1.05;1.02;0.099;39.7;10.28;4.88;3.18;0.56;1.82;4.3;113.4;88;13.2;3.6;8.6;0.64;0.15;0.1;0.13
-2;0;0;100;50;17.74;3.72;10.82;0.62;0.61;0.09;59.4;6.65;3.11;2.09;0.34;1.21;5.34;172.2;143;16.1;2.4;10.7;0.21;0.27;0.06;0.07;1.48;1.49;0.102;40.6;14.58;6.8;4.59;0.84;2.51;5.48;117.9;89.1;12.8;5;11;0.96;0.22;0.13;0.18
-2;0;0;100;100;17.98;4.36;12.48;0.84;0.73;0.102;57.5;7.15;3.44;2.22;0.38;1.27;6.12;172.9;142.8;15.3;2.5;12.2;0.2;0.39;0.07;0.08;1.91;1.84;0.104;42.5;17.69;8.44;5.5;0.93;3.09;6.36;127.6;89.2;19.5;6.2;12.7;1.13;0.33;0.16;0.22
-2;0;50;0;0;13.23;2.04;5.96;0.53;0.53;0.091;47;5.64;2.63;1.77;0.33;0.98;2.97;168.6;150.4;10.3;2;5.9;0.22;0.18;0.05;0.07;0.62;0.62;0.101;53;6.11;2.88;1.9;0.31;1.06;2.99;190.3;169.5;12.6;2.1;6;0.26;0.22;0.06;0.08
-2;0;50;0;50;13.02;2.27;6.48;0.55;0.58;0.1;47.4;5.7;2.77;1.75;0.32;1.06;3.23;170.5;152.7;9.1;2.1;6.5;0.22;0.23;0.05;0.07;0.77;0.75;0.105;52.6;7.11;3.29;2.26;0.4;1.21;3.25;188.8;166.9;13.1;2.4;6.5;0.27;0.33;0.07;0.09
-2;0;50;0;100;12.73;2.46;7.01;0.6;0.6;0.104;47.1;5.7;2.72;1.81;0.29;1.02;3.43;172.1;155.2;8.1;2;6.9;0.23;0.26;0.05;0.06;0.92;0.95;0.115;52.9;8.17;3.97;2.52;0.4;1.44;3.58;193.7;164.1;19.5;2.9;7.2;0.28;0.5;0.07;0.1
-2;0;50;50;0;15.21;2.72;7.61;0.62;0.61;0.091;52.4;6.54;3.02;2.09;0.33;1.18;3.78;169.4;145.9;13.5;2.4;7.6;0.22;0.25;0.06;0.08;0.88;0.87;0.102;47.6;8.5;4.06;2.61;0.44;1.54;3.83;153.8;130.9;12.2;3.1;7.7;0.49;0.22;0.08;0.09
-2;0;50;50;50;15.14;3.1;9.19;0.69;0.7;0.101;52.2;6.91;3.19;2.25;0.37;1.18;4.54;170.4;146.2;12.8;2.4;9.1;0.22;0.34;0.05;0.08;1.24;1.2;0.106;47.8;11.37;5.31;3.57;0.62;1.92;4.66;155.8;130.7;12;3.8;9.3;0.65;0.3;0.11;0.14
-2;0;50;50;100;15.18;3.79;10.7;0.82;0.79;0.111;51.9;7.02;3.41;2.14;0.35;1.24;5.19;177.5;147.3;17.3;2.5;10.4;0.22;0.43;0.06;0.08;1.63;1.62;0.111;48.1;14.59;6.96;4.5;0.8;2.54;5.51;164.5;129.8;18.6;5.1;11;0.82;0.49;0.13;0.19
-2;0;50;100;0;17.44;3.21;9.18;0.68;0.69;0.091;60;7.55;3.48;2.36;0.44;1.38;4.57;171.5;142.3;17.3;2.8;9.1;0.21;0.32;0.07;0.09;1.1;1.09;0.103;40;10.56;4.94;3.34;0.61;1.83;4.61;114.3;89.5;12;3.7;9.2;0.65;0.21;0.09;0.14
-2;0;50;100;50;17.61;4.12;11.56;0.82;0.83;0.102;60;8.04;3.83;2.48;0.42;1.46;5.68;179.2;140.5;24.5;2.9;11.4;0.21;0.45;0.07;0.1;1.64;1.59;0.106;40;15.03;7.16;4.73;0.76;2.67;5.88;119.4;90.5;11.8;5.3;11.8;0.97;0.3;0.14;0.18
-2;0;50;100;100;17.51;4.67;13.1;0.96;0.95;0.114;58.5;8.32;4.05;2.55;0.42;1.49;6.45;179.8;141.1;22.8;3;12.9;0.21;0.57;0.08;0.09;2.04;1.99;0.11;41.5;18.1;8.59;5.59;1;3.18;6.65;127.5;90.1;17.7;6.4;13.3;1.15;0.45;0.17;0.22
-2;0;100;0;0;12.86;2.29;6.63;0.65;0.64;0.096;47.6;6.6;3.06;2.06;0.36;1.18;3.33;173.6;148.8;15.8;2.4;6.7;0.23;0.27;0.05;0.08;0.64;0.68;0.105;52.4;6.41;3.07;1.96;0.33;1.11;3.3;191.4;171.3;11.3;2.2;6.6;0.28;0.26;0.06;0.08
-2;0;100;0;50;12.7;2.43;6.86;0.71;0.69;0.105;47.9;6.45;3.1;1.98;0.35;1.13;3.38;174.5;151.3;14.2;2.3;6.8;0.23;0.33;0.06;0.07;0.85;0.85;0.115;52.1;7.34;3.51;2.29;0.39;1.3;3.47;189.9;168.5;11.8;2.6;6.9;0.27;0.42;0.07;0.09
-2;0;100;0;100;12.2;2.55;7.35;0.82;0.75;0.114;47.7;6.5;3.13;2;0.36;1.12;3.69;176.1;154.6;11.9;2.2;7.4;0.24;0.37;0.06;0.08;1.05;1.06;0.126;52.3;8.42;4.03;2.65;0.41;1.43;3.67;193;164.8;18.1;2.9;7.3;0.28;0.61;0.07;0.1
-2;0;100;50;0;15.21;2.94;8.33;0.77;0.78;0.102;53;7.65;3.62;2.37;0.41;1.36;4.08;175.6;143.7;21.1;2.7;8.2;0.22;0.41;0.07;0.09;0.95;0.93;0.105;47;8.82;4.2;2.74;0.47;1.58;4.25;155.8;132.8;11.3;3.2;8.5;0.49;0.26;0.08;0.11
-2;0;100;50;50;15.03;3.37;9.78;0.88;0.85;0.107;52.6;7.89;3.77;2.45;0.4;1.4;4.82;175.3;143.6;19.2;2.8;9.6;0.22;0.47;0.07;0.1;1.34;1.29;0.111;47.4;11.58;5.45;3.67;0.64;1.97;4.97;158;132.9;11.3;3.9;9.9;0.65;0.39;0.1;0.14
-2;0;100;50;100;14.8;3.86;11.27;0.95;0.99;0.124;51.7;7.99;3.81;2.53;0.4;1.39;5.5;176.7;145.4;17.6;2.8;11;0.23;0.61;0.07;0.09;1.77;1.7;0.116;48.3;14.6;7.01;4.53;0.74;2.47;5.76;164.8;131.4;17;4.9;11.5;0.83;0.57;0.12;0.18
-2;0;100;100;0;17.28;3.53;9.96;0.85;0.93;0.102;60.4;9.03;4.22;2.83;0.49;1.64;4.84;177.8;138.3;26.5;3.3;9.7;0.21;0.53;0.08;0.1;1.16;1.14;0.105;39.6;10.78;5.1;3.42;0.55;1.89;5.13;116.6;91.7;10.8;3.8;10.3;0.66;0.25;0.1;0.13
-2;0;100;100;50;17.42;4.48;12.41;1.07;1.03;0.109;59.3;9.43;4.5;2.94;0.5;1.67;6.12;177.3;137;24.8;3.3;12.2;0.21;0.63;0.08;0.11;1.75;1.7;0.11;40.7;15.48;7.45;4.77;0.86;2.81;6.29;121.5;92.5;10.8;5.6;12.6;0.99;0.38;0.15;0.19
-2;0;100;100;100;17.41;4.89;13.96;1.22;1.23;0.128;58.1;9.63;4.75;2.91;0.44;1.71;6.99;178.3;137.7;23.2;3.4;14;0.2;0.83;0.09;0.11;2.21;2.14;0.114;41.9;18.72;8.97;5.9;0.96;3.18;6.97;128.7;92.1;16.3;6.4;13.9;1.19;0.55;0.18;0.23
-2;50;0;0;0;15.72;2.4;7.01;0.65;0.65;0.091;41.5;7.03;3.26;2.24;0.4;1.27;3.44;135.6;116.1;10.1;2.5;6.9;0.39;0.12;0.06;0.08;0.64;0.61;0.091;58.5;6.6;3.04;2.13;0.34;1.13;3.57;191.1;164.5;17.2;2.3;7.1;0.26;0.21;0.06;0.09
-2;50;0;0;50;15.49;2.61;7.43;0.68;0.67;0.094;41.9;7.07;3.34;2.22;0.36;1.28;3.6;136.6;117.9;8.9;2.6;7.2;0.38;0.14;0.06;0.08;0.78;0.74;0.095;58.1;7.73;3.6;2.44;0.44;1.34;3.84;189.8;161.9;17.6;2.7;7.7;0.26;0.31;0.07;0.1
-2;50;0;0;100;15.31;2.89;8.45;0.73;0.73;0.098;41.7;7.39;3.45;2.34;0.4;1.29;4.13;139.6;121;7.8;2.6;8.3;0.41;0.18;0.06;0.09;0.98;0.98;0.105;58.3;9.22;4.36;2.88;0.52;1.6;4.32;195.5;157.2;26.5;3.2;8.6;0.26;0.52;0.08;0.11
-2;50;0;50;0;17.63;2.88;8.54;0.73;0.7;0.09;47.1;7.7;3.54;2.49;0.41;1.35;4.21;138;113.5;13.4;2.7;8.4;0.38;0.16;0.07;0.09;0.89;0.85;0.095;52.9;8.88;4.1;2.88;0.46;1.52;4.33;154.9;126.4;16.8;3;8.7;0.46;0.2;0.08;0.11
-2;50;0;50;50;17.3;3.56;10.06;0.76;0.74;0.094;46.9;7.9;3.7;2.56;0.41;1.41;4.84;138.7;114.2;12;2.8;9.7;0.38;0.19;0.08;0.09;1.2;1.2;0.099;53.1;11.99;5.57;3.83;0.65;2.15;5.22;156.9;125.6;16.6;4.3;10.4;0.63;0.3;0.11;0.15
-2;50;0;50;100;17.52;4.08;11.77;0.81;0.83;0.1;45.9;8.24;3.82;2.59;0.44;1.41;5.72;141.3;116.1;11;2.8;11.4;0.39;0.26;0.07;0.1;1.63;1.62;0.105;54.1;15.27;7.17;4.81;0.8;2.68;6.05;166.5;123.4;25.7;5.4;12.1;0.78;0.5;0.14;0.19
-2;50;0;100;0;19.48;3.33;9.65;0.76;0.73;0.089;54.8;8.13;3.75;2.59;0.45;1.45;4.8;140.6;111.8;16.3;2.9;9.6;0.37;0.2;0.07;0.1;1.13;1.06;0.097;45.2;10.88;5.03;3.46;0.56;1.88;4.85;115.9;85.7;16.7;3.8;9.7;0.63;0.2;0.09;0.13
-2;50;0;100;50;19.55;4.27;12.19;0.83;0.83;0.093;54.1;8.85;4.13;2.77;0.53;1.58;6.03;141.6;110.7;15.7;3.2;12.1;0.38;0.27;0.08;0.1;1.59;1.54;0.101;45.9;15.22;7.17;4.79;0.85;2.69;6.16;120.2;86.5;16;5.4;12.3;0.92;0.29;0.14;0.18
-2;50;0;100;100;19.65;4.83;13.89;0.9;0.91;0.1;52.2;9.03;4.23;2.8;0.51;1.56;6.85;143.2;111.9;14.5;3.1;13.7;0.37;0.36;0.08;0.1;2.04;1.97;0.105;47.8;18.66;8.86;5.74;0.97;3.27;7.05;131;85.6;24.7;6.5;14.1;1.09;0.49;0.17;0.23
-2;50;50;0;0;15.65;2.9;8.37;0.92;0.9;0.094;42;9.55;4.43;3;0.53;1.69;4.09;138.1;116.4;10.1;3.4;8.2;0.53;0.18;0.08;0.11;0.7;0.7;0.101;58;6.9;3.2;2.23;0.37;1.2;4.28;191.2;164.2;16;2.4;8.6;0.26;0.29;0.07;0.09
-2;50;50;0;50;15.53;3.21;9.11;0.94;0.95;0.099;42.6;9.54;4.5;2.95;0.53;1.72;4.42;140.1;119;8.8;3.4;8.8;0.53;0.22;0.08;0.11;0.93;0.88;0.105;57.4;8.36;4;2.57;0.45;1.5;4.68;189.2;160.2;16.6;3;9.4;0.26;0.45;0.07;0.1
-2;50;50;0;100;15.29;3.42;9.93;0.98;1.01;0.101;42.3;9.92;4.56;3.22;0.54;1.77;4.84;142.8;121.9;7.7;3.5;9.7;0.55;0.25;0.09;0.11;1.09;1.14;0.117;57.7;9.73;4.59;3.03;0.54;1.65;5.09;194.8;155.8;25.6;3.3;10.2;0.25;0.68;0.09;0.12
-2;50;50;50;0;17.57;3.46;10.19;0.92;0.97;0.094;47.4;10.29;4.77;3.27;0.56;1.81;5.07;140.2;113.3;13.2;3.6;10.1;0.52;0.24;0.09;0.12;1.01;0.97;0.102;52.6;9.46;4.46;2.98;0.51;1.65;5.12;155.8;126.6;15.6;3.3;10.2;0.48;0.28;0.09;0.12
-2;50;50;50;50;17.74;3.98;11.59;1.02;1.03;0.099;47.5;10.32;4.87;3.22;0.55;1.86;5.65;142;114.8;12.2;3.7;11.3;0.51;0.31;0.09;0.12;1.33;1.32;0.105;52.5;12.48;5.9;3.96;0.64;2.12;5.93;157.2;124.9;16.2;4.2;11.9;0.62;0.44;0.11;0.16
-2;50;50;50;100;17.62;4.53;13.22;1.14;1.13;0.106;47.1;10.64;5.02;3.43;0.55;1.84;6.45;148.8;115.6;16.6;3.7;12.9;0.51;0.42;0.09;0.12;1.79;1.76;0.112;52.9;15.59;7.54;4.74;0.85;2.7;6.77;167.3;124;24.4;5.4;13.5;0.78;0.64;0.14;0.19
-2;50;50;100;0;19.35;3.93;11.36;1.07;1.04;0.093;54.8;11.11;5.22;3.51;0.59;2;5.57;142.2;110.2;16.8;4;11.1;0.49;0.32;0.1;0.13;1.19;1.16;0.103;45.2;11.21;5.33;3.52;0.62;1.93;5.79;117.5;86.9;15.2;3.9;11.6;0.63;0.28;0.1;0.14
-2;50;50;100;50;19.88;4.88;13.75;1.15;1.18;0.101;55.3;11.63;5.42;3.71;0.64;2.07;6.72;151.4;109.6;24.2;4.1;13.4;0.48;0.45;0.11;0.13;1.71;1.67;0.106;44.7;15.78;7.54;4.89;0.86;2.81;7.03;122.4;87.3;15.4;5.6;14.1;0.92;0.4;0.15;0.19
-2;50;50;100;100;19.55;5.43;15.44;1.31;1.29;0.108;53.4;11.91;5.67;3.69;0.6;2.16;7.56;151.6;110.4;21.7;4.3;15.1;0.5;0.56;0.1;0.14;2.15;2.13;0.111;46.6;19.15;9.09;5.95;1.03;3.27;7.88;132;86.7;23;6.5;15.8;1.11;0.6;0.17;0.24
-2;50;100;0;0;15.51;3.44;9.7;1.23;1.17;0.097;43;12.07;5.64;3.71;0.67;2.13;4.69;145;116.3;15;4.3;9.4;0.67;0.25;0.11;0.14;0.77;0.77;0.105;57;7.23;3.49;2.29;0.34;1.3;5.01;192;164.3;15.1;2.6;10;0.25;0.36;0.07;0.09
-2;50;100;0;50;15.34;3.71;10.44;1.27;1.23;0.101;42.9;12.14;5.81;3.68;0.7;2.22;5.15;147.4;119.6;13.1;4.4;10.3;0.68;0.31;0.1;0.14;1.04;1.03;0.116;57.1;8.86;4.24;2.74;0.44;1.49;5.29;196.1;159.3;23.2;3;10.6;0.27;0.58;0.08;0.11
-2;50;100;0;100;15.33;3.91;11.24;1.3;1.33;0.106;43.4;12.57;5.94;3.88;0.7;2.22;5.54;149.1;122;11.5;4.4;11.1;0.71;0.36;0.11;0.15;1.31;1.29;0.129;56.6;9.95;4.86;3.05;0.5;1.69;5.7;194.4;155.6;23.9;3.4;11.4;0.25;0.83;0.09;0.12
-2;50;100;50;0;17.52;3.96;11.55;1.28;1.29;0.099;48.7;12.9;6.03;4.05;0.7;2.27;5.73;148.9;112.9;20;4.5;11.5;0.64;0.39;0.11;0.15;1.09;1.04;0.105;51.3;9.83;4.68;3.07;0.5;1.69;5.82;156.7;127;14.7;3.4;11.6;0.48;0.35;0.09;0.12
-2;50;100;50;50;17.51;4.55;13.07;1.38;1.37;0.103;47.5;13.29;6.28;4.15;0.71;2.34;6.42;149.9;114.1;18.2;4.7;12.8;0.66;0.44;0.12;0.16;1.5;1.45;0.113;52.5;12.84;6.19;4;0.63;2.21;6.65;165.5;125.6;22.2;4.4;13.3;0.63;0.54;0.12;0.16
-2;50;100;50;100;17.48;5.1;14.66;1.55;1.54;0.112;47.6;13.7;6.62;4.22;0.74;2.39;7.3;151.5;115.5;16.7;4.8;14.6;0.67;0.58;0.12;0.16;1.89;1.9;0.12;52.4;15.87;7.57;4.89;0.83;2.71;7.36;166.8;124.1;22.5;5.4;14.7;0.79;0.78;0.15;0.19
-2;50;100;100;0;19.59;4.52;13.07;1.41;1.44;0.1;56.2;14.31;6.73;4.48;0.74;2.55;6.48;152.7;108.8;25.8;5.1;13;0.63;0.52;0.12;0.17;1.29;1.22;0.106;43.8;11.56;5.49;3.59;0.65;1.97;6.6;119.1;87.9;14.1;3.9;13.2;0.64;0.33;0.11;0.14
-2;50;100;100;50;19.83;5.35;15.62;1.51;1.53;0.104;53.9;14.66;6.91;4.67;0.77;2.55;7.63;153;108.5;24.1;5.1;15.3;0.62;0.61;0.12;0.18;1.79;1.8;0.111;46.1;16.18;7.75;4.98;0.87;2.8;7.99;130.8;88.2;21.1;5.6;16;0.93;0.52;0.15;0.2
-2;50;100;100;100;19.66;5.93;16.99;1.74;1.73;0.116;53.6;14.93;7.22;4.55;0.79;2.61;8.39;153.3;109.1;22.2;5.2;16.8;0.63;0.8;0.13;0.18;2.36;2.25;0.116;46.4;19.32;9.38;5.88;1.03;3.32;8.6;132.7;87.7;21.1;6.6;17.2;1.12;0.73;0.18;0.23
-2;100;0;0;0;17.73;2.77;8.21;0.82;0.81;0.093;34;8.7;4.06;2.79;0.47;1.51;3.98;99.4;78.5;10;3;8;0.51;0.12;0.07;0.11;0.69;0.66;0.09;66;7.31;3.43;2.29;0.38;1.26;4.22;193.4;161.8;20.6;2.5;8.4;0.26;0.25;0.06;0.09
-2;100;0;0;50;17.75;3.12;8.98;0.84;0.84;0.095;34.9;8.79;4.06;2.78;0.44;1.53;4.41;101.5;80.9;8.7;3.1;8.8;0.52;0.13;0.08;0.11;0.89;0.89;0.099;65.1;8.93;4.21;2.74;0.49;1.59;4.58;189.9;156.3;21.3;3.2;9.2;0.25;0.45;0.08;0.12
-2;100;0;0;100;17.65;3.49;9.85;0.89;0.88;0.099;34.3;8.88;4.18;2.7;0.49;1.59;4.8;103.3;82.9;7.6;3.2;9.6;0.52;0.18;0.08;0.1;1.14;1.13;0.105;65.7;10.7;5.12;3.3;0.58;1.9;5.05;198.4;151.9;32.7;3.8;10.1;0.25;0.66;0.1;0.13
-2;100;0;50;0;19.36;3.2;9.6;0.87;0.85;0.092;39.5;9.2;4.24;2.94;0.51;1.56;4.76;102.4;76.9;12.9;3.1;9.5;0.5;0.15;0.08;0.11;0.9;0.91;0.095;60.5;9.53;4.46;3.01;0.51;1.64;4.83;156.9;124;20;3.3;9.7;0.46;0.24;0.09;0.12
-2;100;0;50;50;19.73;3.91;11.37;0.91;0.9;0.094;39.9;9.55;4.41;3.02;0.52;1.66;5.62;105;78.6;11.9;3.3;11.2;0.51;0.19;0.08;0.12;1.38;1.33;0.102;60.1;13.01;6.14;4.09;0.69;2.25;5.75;158;121.2;20.8;4.5;11.5;0.6;0.44;0.12;0.17
-2;100;0;50;100;19.73;4.54;13.16;0.97;0.96;0.099;38.7;9.64;4.48;3.02;0.55;1.71;6.46;106.9;80.1;10.4;3.4;12.9;0.52;0.24;0.08;0.11;1.77;1.74;0.105;61.3;16.47;7.8;5.13;0.85;2.83;6.69;169.3;118.5;31.7;5.7;13.4;0.75;0.64;0.15;0.2
-2;100;0;100;0;21.13;3.81;10.8;0.91;0.9;0.091;47;9.83;4.57;3.14;0.52;1.8;5.33;105.8;75.2;16.3;3.6;10.7;0.49;0.2;0.09;0.12;1.15;1.11;0.097;53;11.39;5.38;3.6;0.63;2;5.47;119.1;84.7;19.5;4;10.9;0.62;0.23;0.11;0.14
-2;100;0;100;50;21.84;4.71;13.5;0.98;0.96;0.094;46.7;10.25;4.77;3.28;0.56;1.83;6.65;108.2;76.1;15.1;3.7;13.3;0.49;0.26;0.09;0.13;1.69;1.69;0.103;53.3;16.36;7.77;5.12;0.86;2.88;6.85;123.5;83.7;20.3;5.8;13.7;0.9;0.43;0.15;0.21
-2;100;0;100;100;21.62;5.38;15.21;1.06;1.07;0.1;44.9;10.7;5.08;3.26;0.59;1.93;7.46;110.1;77.2;14.1;3.9;14.9;0.5;0.35;0.09;0.12;2.17;2.09;0.106;55.1;19.72;9.46;6.05;1.03;3.45;7.75;135.1;82.5;30.3;6.9;15.5;1.05;0.61;0.18;0.25
-2;100;50;0;0;18.03;3.58;10.45;1.19;1.2;0.095;35.3;12.54;5.9;3.88;0.71;2.21;5.19;104.6;80;9.8;4.4;10.4;0.76;0.17;0.11;0.15;0.74;0.81;0.1;64.7;8.07;3.69;2.61;0.42;1.38;5.26;191.5;158.4;19.9;2.8;10.5;0.25;0.39;0.07;0.1
-2;100;50;0;50;17.86;4;11.2;1.29;1.28;0.099;34.6;12.88;6.09;3.99;0.68;2.32;5.47;105.8;81.5;8.7;4.6;10.9;0.78;0.22;0.12;0.16;1;1;0.105;65.4;9.45;4.46;2.98;0.51;1.68;5.74;200;155;30.2;3.4;11.5;0.24;0.56;0.09;0.11
-2;100;50;0;100;17.83;4.27;12.28;1.31;1.31;0.1;35.6;13.05;6.24;4.03;0.73;2.4;6;108.6;84.3;7.4;4.8;12;0.8;0.24;0.12;0.15;1.35;1.33;0.118;64.4;11.26;5.33;3.54;0.58;1.87;6.27;196.3;148.5;31.5;3.7;12.5;0.24;0.85;0.1;0.14
-2;100;50;50;0;19.66;4.06;11.82;1.29;1.23;0.094;40.5;13.01;6.03;4.13;0.71;2.23;5.84;106.8;78;12.7;4.5;11.7;0.74;0.22;0.11;0.16;1.06;1.05;0.102;59.5;10.28;4.88;3.18;0.56;1.83;5.99;157.3;122.2;19.5;3.7;12;0.46;0.36;0.1;0.13
-2;100;50;50;50;19.82;4.78;13.61;1.31;1.34;0.099;39.4;13.48;6.3;4.27;0.72;2.38;6.79;109.3;79.3;11.7;4.8;13.6;0.75;0.32;0.11;0.16;1.51;1.43;0.106;60.6;13.51;6.52;4.12;0.72;2.4;6.82;168.1;120;29.7;4.8;13.6;0.59;0.55;0.13;0.16
-2;100;50;50;100;19.78;5.49;15.57;1.51;1.45;0.103;40.8;13.99;6.59;4.38;0.77;2.45;7.75;116.5;80.7;15.5;4.9;15.5;0.78;0.39;0.12;0.16;1.88;1.94;0.114;59.2;16.99;8.12;5.24;0.89;3.04;7.83;169.1;117.6;29.8;6.1;15.7;0.75;0.82;0.16;0.21
-2;100;50;100;0;21.42;4.5;13.09;1.35;1.32;0.094;47.7;13.96;6.5;4.42;0.75;2.43;6.45;109.8;75.6;16.4;4.9;12.9;0.72;0.3;0.13;0.17;1.26;1.22;0.102;52.3;11.87;5.62;3.7;0.63;2.07;6.64;120.3;84.2;18.7;4.1;13.3;0.61;0.36;0.11;0.14
-2;100;50;100;50;21.7;5.48;15.62;1.41;1.44;0.1;47.1;14.41;6.7;4.53;0.75;2.55;7.69;119.1;76.1;22.5;5.1;15.4;0.72;0.42;0.12;0.17;1.84;1.76;0.105;52.9;16.69;7.91;5.23;0.88;2.93;7.93;133.9;83.7;28.5;5.9;15.9;0.89;0.53;0.15;0.2
-2;100;50;100;100;21.91;6.09;17.6;1.61;1.57;0.106;47;14.85;7.16;4.53;0.83;2.63;8.59;120.7;77.2;21.1;5.3;17.2;0.74;0.53;0.13;0.17;2.27;2.27;0.112;53;20.22;9.59;6.35;1.08;3.46;9.01;136.2;82.4;28.8;6.9;18;1.05;0.78;0.19;0.25
-2;100;100;0;0;17.97;4.1;12.17;1.46;1.5;0.097;37;15.45;7.04;4.99;0.83;2.66;5.99;112.3;80.4;14.5;5.3;12;0.94;0.25;0.13;0.19;0.97;0.89;0.105;63;8.46;4.01;2.65;0.45;1.44;6.18;191.4;157.4;18.8;2.9;12.4;0.24;0.47;0.07;0.1
-2;100;100;0;50;17.64;4.62;12.96;1.58;1.58;0.1;36.4;15.67;7.34;4.96;0.8;2.87;6.36;113.5;82.4;12.7;5.7;12.7;0.96;0.29;0.14;0.19;1.19;1.19;0.117;63.6;10.14;4.88;3.13;0.56;1.75;6.6;198.4;153;28.8;3.5;13.2;0.26;0.72;0.09;0.12
-2;100;100;0;100;18.03;4.89;13.91;1.68;1.64;0.103;37.3;15.78;7.52;5;0.85;2.8;6.88;115.8;85.5;10.9;5.6;13.8;0.97;0.34;0.13;0.19;1.62;1.59;0.132;62.7;12.04;5.95;3.58;0.61;2.09;7.03;194.6;145.7;30.6;4.2;14.1;0.24;1.09;0.11;0.14
-2;100;100;50;0;19.63;4.74;13.76;1.6;1.6;0.099;42.4;16.07;7.54;5.09;0.84;2.89;6.75;116.2;78.1;18.9;5.8;13.5;0.9;0.37;0.15;0.19;1.17;1.15;0.105;57.6;10.89;5.16;3.47;0.6;1.85;7.01;158;121.9;18.4;3.7;14;0.45;0.47;0.1;0.14
-2;100;100;50;50;19.7;5.28;15.17;1.68;1.68;0.102;41.2;16.47;7.74;5.16;0.87;2.95;7.5;117.6;79.1;17.6;5.9;15;0.91;0.42;0.15;0.19;1.64;1.57;0.114;58.8;13.73;6.53;4.29;0.72;2.33;7.67;168.1;120.3;27.9;4.7;15.3;0.58;0.7;0.12;0.16
-2;100;100;50;100;19.94;5.83;16.88;1.81;1.8;0.108;41.4;16.52;7.79;5.11;0.9;2.9;8.32;119.2;81.2;15.6;5.8;16.6;0.92;0.55;0.14;0.19;2.22;2.15;0.122;58.6;17.54;8.44;5.47;0.93;2.93;8.56;168.8;116.7;29.1;5.9;17.1;0.74;1.04;0.16;0.22
-2;100;100;100;0;21.51;5.13;14.92;1.68;1.69;0.1;49.5;16.85;7.92;5.32;0.92;3.01;7.26;120;75;24.4;6;14.5;0.85;0.49;0.15;0.2;1.39;1.34;0.105;50.5;12.68;5.9;4.03;0.67;2.12;7.66;122.2;84.9;17.7;4.2;15.3;0.63;0.44;0.12;0.16
-2;100;100;100;50;21.77;6.03;17.42;1.8;1.79;0.103;47.5;17.39;8.08;5.53;0.91;3.04;8.61;121.7;75.7;22.7;6.1;17.2;0.87;0.57;0.15;0.21;1.98;1.94;0.112;52.5;17.3;8.33;5.27;0.97;2.99;8.81;134.5;84.2;26.7;6;17.6;0.9;0.67;0.15;0.21
-2;100;100;100;100;22.03;6.68;19.19;2.02;1.98;0.111;47.5;17.7;8.5;5.5;0.92;3.12;9.53;123.3;77.1;20.9;6.2;19.1;0.88;0.75;0.15;0.21;2.5;2.45;0.119;52.5;20.63;9.89;6.38;1.07;3.57;9.66;136.4;82.6;27.4;7.1;19.3;1.06;0.97;0.18;0.25
-1;0;0;0;0;13.58;1.95;5.55;0.47;0.47;0.088;48.7;5.25;2.41;1.65;0.31;0.96;2.8;174.8;156;11.2;1.9;5.6;0.23;0.13;0.04;0.07;0.51;0.53;0.092;51.3;5.58;2.56;1.82;0.3;0.99;2.75;184.1;163.9;12.7;2;5.5;0.25;0.15;0.05;0.07
-1;0;0;0;50;13.11;2.03;5.92;0.52;0.49;0.092;48.7;5.24;2.43;1.67;0.29;0.89;2.91;174.6;157.3;9.7;1.8;5.8;0.22;0.16;0.05;0.06;0.62;0.63;0.096;51.3;6.49;3.01;2.08;0.33;1.14;3.01;183.8;162.5;13;2.3;6;0.26;0.23;0.06;0.08
-1;0;0;0;100;13.24;2.27;6.68;0.56;0.55;0.099;48.3;5.47;2.53;1.79;0.29;0.94;3.33;177.2;159.8;8.9;1.9;6.7;0.23;0.21;0.05;0.06;0.82;0.76;0.1;51.7;7.58;3.65;2.32;0.41;1.33;3.35;189.4;159.8;20.2;2.7;6.7;0.27;0.34;0.07;0.09
-1;0;0;50;0;15.79;2.44;7.18;0.49;0.53;0.087;54.3;5.95;2.73;1.92;0.36;1.05;3.61;176.2;152.2;14.7;2.1;7.2;0.23;0.17;0.05;0.08;0.78;0.78;0.097;45.7;7.95;3.68;2.53;0.43;1.39;3.57;148.4;125.9;12.6;2.8;7.1;0.46;0.15;0.07;0.1
-1;0;0;50;50;15.55;3.03;8.48;0.62;0.55;0.091;53.8;5.97;2.87;1.78;0.35;1.06;4.15;176;152.2;13.3;2.1;8.3;0.22;0.21;0.06;0.07;1.16;1.09;0.101;46.2;10.86;5.24;3.4;0.53;1.97;4.33;151.2;125.9;12.8;3.9;8.7;0.64;0.22;0.1;0.14
-1;0;0;50;100;15.77;3.46;9.99;0.71;0.66;0.101;52.7;6.44;3.1;1.95;0.36;1.08;4.99;177.6;152.9;12.5;2.2;10;0.22;0.3;0.06;0.08;1.43;1.39;0.103;47.3;13.52;6.39;4.2;0.72;2.38;5;159.3;125.3;19.2;4.8;10;0.78;0.32;0.13;0.16
-1;0;0;100;0;17.61;2.8;8.24;0.59;0.56;0.086;61.9;6.36;2.94;2.01;0.33;1.11;4.05;178.2;150.1;17.8;2.2;8.1;0.22;0.21;0.05;0.08;1.04;0.99;0.099;38.1;9.98;4.61;3.23;0.49;1.68;4.19;109.4;85.1;12.6;3.4;8.4;0.62;0.16;0.09;0.13
-1;0;0;100;50;17.66;3.75;10.62;0.68;0.65;0.092;60.7;7.07;3.33;2.17;0.41;1.29;5.25;177;147;16.9;2.6;10.5;0.21;0.29;0.07;0.08;1.51;1.43;0.102;39.3;14.05;6.76;4.3;0.79;2.46;5.36;114.4;86.8;12;4.9;10.7;0.92;0.21;0.13;0.17
-1;0;0;100;100;17.89;4.3;12.47;0.82;0.78;0.102;59.1;7.62;3.6;2.37;0.42;1.29;6.25;178.4;147.2;16.1;2.6;12.5;0.22;0.41;0.07;0.09;1.83;1.77;0.103;40.9;17.04;8.08;5.24;0.94;3.01;6.22;123.3;86.7;18.2;6;12.4;1.1;0.31;0.15;0.2
-1;0;50;0;0;13.39;2.04;5.83;0.53;0.54;0.092;48.4;5.81;2.7;1.81;0.32;1.07;2.96;173.7;154.5;11.2;2.1;5.9;0.22;0.19;0.06;0.07;0.58;0.58;0.1;51.6;5.73;2.63;1.82;0.35;0.97;2.87;185.2;165.6;11.9;1.9;5.7;0.25;0.21;0.05;0.07
-1;0;50;0;50;13.05;2.26;6.52;0.65;0.62;0.1;48.7;6.14;2.85;2;0.31;1.1;3.22;175;156.1;10.3;2.2;6.4;0.23;0.26;0.06;0.07;0.71;0.71;0.105;51.3;6.7;3.19;2.08;0.37;1.16;3.3;184.7;163.8;11.9;2.3;6.6;0.26;0.31;0.06;0.08
-1;0;50;0;100;12.56;2.49;6.88;0.68;0.67;0.109;48.2;6.12;2.93;1.87;0.34;1.09;3.38;176.3;158.4;9;2.2;6.8;0.23;0.32;0.05;0.08;0.92;0.9;0.115;51.8;7.77;3.77;2.34;0.42;1.4;3.5;189.1;161.4;18;2.8;7;0.27;0.46;0.07;0.1
-1;0;50;50;0;15.4;2.61;7.62;0.6;0.61;0.091;54;6.62;3.05;2.16;0.35;1.21;3.79;175.1;150.5;14.5;2.4;7.6;0.21;0.26;0.06;0.08;0.84;0.85;0.102;46;8.23;3.84;2.61;0.46;1.4;3.84;149.2;127.2;11.5;2.8;7.7;0.47;0.21;0.07;0.1
-1;0;50;50;50;15.25;3.21;9.12;0.68;0.74;0.101;53.5;7.25;3.41;2.26;0.37;1.3;4.5;175;149.8;13.6;2.6;9;0.22;0.36;0.07;0.09;1.17;1.15;0.105;46.5;10.91;5.18;3.4;0.58;1.91;4.62;152.3;127.8;11.4;3.8;9.2;0.63;0.29;0.1;0.13
-1;0;50;50;100;15.38;3.76;10.62;0.84;0.85;0.112;53.2;7.54;3.57;2.29;0.43;1.33;5.26;182.5;150.4;19;2.7;10.5;0.23;0.47;0.07;0.08;1.61;1.54;0.111;46.8;13.89;6.67;4.31;0.74;2.44;5.36;160.2;127.3;17.3;4.9;10.7;0.81;0.44;0.13;0.16
-1;0;50;100;0;17.45;3.23;9.41;0.74;0.74;0.091;61.1;8.09;3.77;2.56;0.45;1.45;4.61;175.8;145.4;18.3;2.9;9.2;0.22;0.35;0.07;0.1;1.07;1.06;0.104;38.9;10.24;4.86;3.19;0.56;1.78;4.8;111.9;87.6;11.1;3.6;9.6;0.64;0.2;0.09;0.13
-1;0;50;100;50;17.47;4.01;11.48;0.89;0.86;0.102;61.5;8.38;3.94;2.66;0.43;1.46;5.76;184.5;144.3;25.8;2.9;11.5;0.21;0.48;0.07;0.1;1.59;1.53;0.105;38.5;14.46;6.9;4.48;0.74;2.55;5.72;115.6;88.2;10.8;5.1;11.4;0.94;0.28;0.13;0.17
-1;0;50;100;100;17.56;4.63;13.11;1.01;1.02;0.114;59.6;8.9;4.24;2.73;0.45;1.52;6.46;183.9;143.5;24.4;3;12.9;0.21;0.62;0.08;0.11;1.98;1.93;0.11;40.4;17.58;8.38;5.46;0.94;3.11;6.65;124.8;88.6;16.6;6.2;13.3;1.13;0.42;0.17;0.21
-1;0;100;0;0;12.83;2.25;6.43;0.68;0.65;0.096;48.9;6.7;3.18;2.09;0.35;1.24;3.2;178.4;152.6;16.9;2.5;6.4;0.23;0.28;0.06;0.08;0.67;0.63;0.104;51.1;6;2.83;1.85;0.34;1.01;3.22;186.6;167.6;10.6;2;6.4;0.26;0.24;0.05;0.08
-1;0;100;0;50;12.55;2.38;6.88;0.75;0.76;0.11;49.1;6.86;3.25;2.16;0.35;1.17;3.41;179.1;154.6;15.2;2.3;6.8;0.23;0.39;0.06;0.08;0.79;0.8;0.114;50.9;6.93;3.27;2.15;0.37;1.21;3.46;185.5;165.4;10.8;2.4;6.9;0.27;0.38;0.06;0.08
-1;0;100;0;100;12.33;2.63;7.43;0.83;0.8;0.115;48.7;6.95;3.35;2.11;0.38;1.25;3.65;180.4;157.1;13.5;2.5;7.3;0.24;0.42;0.06;0.08;1.02;0.97;0.12;51.3;8.05;3.94;2.47;0.4;1.38;3.78;189.7;162.7;16.6;2.8;7.6;0.28;0.52;0.07;0.1
-1;0;100;50;0;15.13;2.91;8.42;0.86;0.83;0.102;54.3;8.11;3.81;2.58;0.43;1.42;4.15;180.2;147;22.1;2.8;8.3;0.23;0.43;0.07;0.1;0.93;0.91;0.105;45.7;8.63;4.03;2.72;0.48;1.49;4.27;151.9;130.1;10.3;3;8.5;0.49;0.23;0.08;0.11
-1;0;100;50;50;15.11;3.41;9.73;1;0.97;0.113;54;8.56;4.12;2.61;0.47;1.48;4.86;180.7;146.8;21.2;3;9.7;0.23;0.56;0.08;0.1;1.23;1.22;0.111;46;11.03;5.22;3.36;0.61;1.92;4.87;153.9;130.2;10.1;3.8;9.7;0.64;0.35;0.1;0.13
-1;0;100;50;100;14.99;3.92;11.13;1.1;1.09;0.124;52.9;8.7;4.23;2.66;0.44;1.49;5.54;181.1;147.7;19.4;3;11.1;0.23;0.67;0.08;0.1;1.67;1.58;0.113;47.1;13.88;6.75;4.17;0.73;2.44;5.59;161;129.5;15.4;4.9;11.2;0.81;0.48;0.12;0.17
-1;0;100;100;0;17.29;3.45;9.86;0.93;0.96;0.102;61.8;9.34;4.39;2.92;0.47;1.7;4.83;183;141.9;28.1;3.4;9.7;0.21;0.56;0.08;0.11;1.14;1.09;0.105;38.1;10.29;4.86;3.29;0.53;1.76;5.03;112.8;89.5;9.8;3.5;10.1;0.64;0.23;0.09;0.13
-1;0;100;100;50;17.33;4.3;12.25;1.09;1.11;0.115;60.7;9.65;4.61;2.97;0.52;1.7;6.04;182.2;140.5;26.2;3.4;12.1;0.21;0.71;0.08;0.11;1.64;1.64;0.109;39.3;14.91;7.12;4.65;0.76;2.6;6.2;117.7;90.2;9.8;5.2;12.4;0.97;0.34;0.14;0.18
-1;0;100;100;100;17.4;4.83;13.87;1.32;1.31;0.127;59.2;10.26;4.98;3.12;0.55;1.76;6.88;182.1;139.9;24.9;3.5;13.8;0.22;0.88;0.09;0.12;2.05;1.98;0.111;40.8;17.73;8.47;5.5;0.9;3.07;6.99;125.4;90.5;14.7;6.1;14;1.16;0.46;0.15;0.21
-1;50;0;0;0;15.59;2.47;7.02;0.69;0.7;0.092;42.9;7.6;3.5;2.42;0.43;1.4;3.4;139.9;119.2;11.1;2.8;6.8;0.41;0.13;0.07;0.09;0.65;0.58;0.091;57.1;6.22;2.95;1.95;0.34;1.06;3.62;186.2;160.9;16;2.1;7.2;0.25;0.19;0.05;0.08
-1;50;0;0;50;15.3;2.68;7.71;0.7;0.72;0.094;43.3;7.57;3.52;2.43;0.39;1.38;3.8;141.3;121.3;9.7;2.8;7.6;0.41;0.15;0.07;0.09;0.7;0.7;0.095;56.7;7.36;3.42;2.36;0.41;1.3;3.91;184.7;158;16.3;2.6;7.8;0.25;0.29;0.07;0.09
-1;50;0;0;100;15.44;2.86;8.39;0.78;0.76;0.099;43.1;7.64;3.63;2.35;0.38;1.35;4.26;144.2;124.3;8.7;2.7;8.5;0.41;0.19;0.07;0.09;0.99;0.94;0.105;56.9;8.93;4.21;2.83;0.47;1.5;4.14;190.6;153.6;25.7;3;8.3;0.26;0.49;0.08;0.11
-1;50;0;50;0;17.6;2.98;8.5;0.74;0.72;0.09;48.6;7.98;3.72;2.51;0.47;1.44;4.21;142.2;117;13.9;2.9;8.4;0.4;0.17;0.06;0.09;0.86;0.83;0.096;51.4;8.6;4.08;2.65;0.5;1.54;4.29;150.7;123;16.1;3.1;8.6;0.45;0.19;0.08;0.1
-1;50;0;50;50;17.68;3.45;9.92;0.77;0.78;0.093;48.4;8.25;3.86;2.6;0.44;1.47;4.87;143.1;117.2;13.2;2.9;9.7;0.38;0.22;0.08;0.1;1.16;1.12;0.099;51.6;11.31;5.29;3.56;0.6;1.99;5.05;152.7;122.7;16;4;10.1;0.6;0.28;0.1;0.14
-1;50;0;50;100;17.67;4.18;11.74;0.89;0.87;0.1;47.2;8.63;4.07;2.78;0.43;1.53;5.76;145.4;118.7;12.1;3.1;11.5;0.4;0.28;0.08;0.11;1.57;1.55;0.105;52.8;14.68;7.03;4.52;0.77;2.65;5.98;162.7;121.1;24.3;5.3;12;0.77;0.47;0.13;0.18
-1;50;0;100;0;19.56;3.48;9.66;0.73;0.76;0.09;56.1;8.38;3.89;2.67;0.43;1.56;4.71;144.5;114.6;17.4;3.1;9.4;0.38;0.2;0.08;0.1;1.06;1.04;0.098;43.9;10.59;5.02;3.32;0.58;1.92;4.95;113.2;83.8;15.7;3.8;9.9;0.62;0.19;0.09;0.13
-1;50;0;100;50;19.75;4.14;12.06;0.89;0.84;0.093;55.5;9.06;4.22;2.83;0.47;1.55;6.05;145.6;113.8;16.7;3.1;12.1;0.37;0.28;0.08;0.11;1.5;1.48;0.101;44.5;14.63;6.89;4.64;0.75;2.58;6.01;117;84.3;15.4;5.2;12;0.89;0.28;0.13;0.18
-1;50;0;100;100;19.72;4.81;14.09;0.97;0.97;0.1;53.6;9.6;4.54;3.01;0.53;1.71;7.04;147.2;114.5;15.3;3.4;14.1;0.38;0.39;0.08;0.12;1.97;1.91;0.105;46.4;18.1;8.49;5.69;0.95;3.1;7.05;127.6;83.8;23.5;6.2;14.1;1.08;0.46;0.16;0.21
-1;50;50;0;0;15.76;2.91;8.43;0.92;0.93;0.094;43.4;9.77;4.7;3.06;0.53;1.79;4.13;142.8;120;11;3.6;8.3;0.54;0.19;0.09;0.12;0.71;0.68;0.1;56.6;6.68;3.1;2.1;0.35;1.12;4.29;186;159.8;15.4;2.2;8.6;0.25;0.28;0.06;0.09
-1;50;50;0;50;15.42;3.22;9.19;0.97;0.99;0.099;43.9;9.98;4.63;3.16;0.55;1.76;4.55;144.2;122.3;9.3;3.5;9.1;0.54;0.24;0.09;0.12;0.81;0.85;0.105;56.1;8.08;3.85;2.54;0.39;1.45;4.64;184.6;156.6;15.9;2.9;9.3;0.26;0.43;0.07;0.1
-1;50;50;0;100;15.46;3.5;9.86;1.06;1.08;0.104;43.5;10.28;4.83;3.25;0.56;1.84;4.84;146.8;124.8;8.7;3.7;9.7;0.56;0.31;0.09;0.12;1.12;1.1;0.117;56.5;9.4;4.55;2.91;0.49;1.67;5.02;190.5;153;24.1;3.3;10;0.25;0.65;0.09;0.11
-1;50;50;50;0;17.53;3.54;10.03;1.01;1.01;0.094;48.8;10.74;5;3.39;0.55;1.9;5.1;144.5;116.4;14.2;3.8;10.2;0.52;0.26;0.09;0.13;0.91;0.92;0.102;51.2;8.95;4.23;2.8;0.46;1.64;4.93;151.6;123.6;14.8;3.3;9.9;0.46;0.27;0.08;0.1
-1;50;50;50;50;17.54;4.02;11.69;1.13;1.12;0.1;48.6;11.14;5.24;3.57;0.61;1.96;5.68;145.5;117;13.2;3.9;11.4;0.53;0.36;0.1;0.14;1.36;1.28;0.106;51.4;12.04;5.77;3.75;0.69;2.06;6.01;153.9;122.9;14.8;4.1;12;0.61;0.4;0.11;0.15
-1;50;50;50;100;17.61;4.66;13.18;1.28;1.22;0.107;48.5;11.38;5.45;3.54;0.59;2.03;6.47;153.6;118.3;18.3;4.1;12.9;0.53;0.45;0.11;0.13;1.69;1.7;0.112;51.5;15.09;7.18;4.66;0.83;2.63;6.71;163;121.5;22.8;5.3;13.4;0.76;0.61;0.14;0.19
-1;50;50;100;0;19.52;3.92;11.45;1.09;1.08;0.093;56.1;11.56;5.39;3.64;0.66;2.05;5.75;146.3;113.1;17.6;4.1;11.5;0.5;0.33;0.1;0.14;1.12;1.11;0.102;43.9;10.77;5;3.47;0.56;1.87;5.7;114.5;84.8;14.5;3.7;11.4;0.62;0.27;0.09;0.13
-1;50;50;100;50;19.72;4.77;13.65;1.25;1.2;0.1;56.8;11.91;5.63;3.71;0.65;2.06;6.86;155.9;112.9;25.2;4.1;13.7;0.5;0.47;0.09;0.14;1.64;1.6;0.105;43.2;15.11;7.2;4.7;0.77;2.71;6.79;118.3;85;14.3;5.4;13.6;0.9;0.38;0.14;0.18
-1;50;50;100;100;19.7;5.4;15.38;1.41;1.36;0.109;54.9;12.44;5.92;3.84;0.66;2.2;7.66;156.3;113.2;23.3;4.4;15.3;0.51;0.59;0.11;0.14;2.08;2.03;0.111;45.1;18.34;8.89;5.55;0.96;3.2;7.73;128.3;84.7;21.8;6.4;15.5;1.08;0.57;0.16;0.22
-1;50;100;0;0;15.52;3.54;9.88;1.25;1.22;0.097;44.4;12.54;5.92;3.92;0.68;2.24;4.78;149.6;119.3;16.4;4.5;9.6;0.68;0.27;0.12;0.15;0.79;0.76;0.105;55.6;7.14;3.42;2.24;0.36;1.3;5.1;187.8;160.8;14.1;2.6;10.2;0.26;0.34;0.07;0.09
-1;50;100;0;50;15.26;3.67;10.46;1.32;1.35;0.104;44.1;12.99;6.12;4.03;0.67;2.27;5.24;151.7;121.9;14.7;4.5;10.5;0.71;0.38;0.11;0.16;0.97;0.94;0.116;55.9;8.06;3.85;2.46;0.43;1.4;5.22;191.9;157;21.7;2.8;10.4;0.25;0.52;0.07;0.1
-1;50;100;0;100;14.97;3.83;11.21;1.39;1.38;0.106;44.6;12.96;6.12;4.06;0.72;2.25;5.58;152.9;124.5;12.7;4.5;11.2;0.71;0.4;0.12;0.15;1.3;1.22;0.128;55.4;9.47;4.59;2.87;0.53;1.58;5.63;189.8;153.3;22.1;3.2;11.3;0.26;0.76;0.08;0.11
-1;50;100;50;0;17.63;4.04;11.54;1.37;1.36;0.1;49.9;13.51;6.33;4.23;0.75;2.38;5.65;153;115.5;21.5;4.8;11.3;0.65;0.42;0.12;0.17;1.02;1;0.105;50.1;9.42;4.51;2.94;0.47;1.66;5.88;153.6;124.6;13.9;3.3;11.8;0.46;0.34;0.09;0.12
-1;50;100;50;50;17.6;4.57;13.29;1.51;1.48;0.106;48.7;13.91;6.54;4.35;0.78;2.42;6.55;153.9;116.2;19.7;4.8;13.1;0.67;0.53;0.12;0.16;1.43;1.39;0.112;51.3;12.37;5.94;3.91;0.64;2.15;6.74;162.5;123.8;20.9;4.3;13.5;0.62;0.51;0.11;0.15
-1;50;100;50;100;17.22;5.02;14.52;1.61;1.57;0.112;48.7;13.91;6.58;4.36;0.76;2.41;7.12;154.9;117.9;17.9;4.8;14.2;0.67;0.61;0.12;0.16;1.94;1.83;0.119;51.3;15.31;7.42;4.74;0.73;2.61;7.4;163.1;122;21;5.2;14.8;0.78;0.72;0.14;0.19
-1;50;100;100;0;19.58;4.59;13.19;1.52;1.52;0.101;57.2;14.99;7.02;4.74;0.84;2.58;6.51;156.3;111;27.1;5.2;13;0.64;0.56;0.14;0.18;1.16;1.18;0.105;42.8;11.14;5.34;3.43;0.58;2.01;6.69;116.8;86.3;13.1;4;13.4;0.63;0.31;0.1;0.13
-1;50;100;100;50;19.66;5.33;15.41;1.61;1.63;0.108;55.4;15.03;7.08;4.75;0.78;2.65;7.59;157.2;111.6;25.1;5.3;15.2;0.64;0.68;0.13;0.17;1.78;1.74;0.111;44.6;15.71;7.44;4.89;0.8;2.68;7.82;126.6;85.9;19.7;5.4;15.6;0.92;0.48;0.14;0.19
-1;50;100;100;100;19.52;5.93;16.96;1.82;1.81;0.116;54.9;15.57;7.48;4.81;0.79;2.72;8.39;157.4;111.5;23.7;5.4;16.8;0.65;0.84;0.13;0.18;2.23;2.15;0.116;45.1;18.48;8.93;5.64;1.01;3.21;8.57;129.1;86;19.6;6.4;17.1;1.09;0.68;0.16;0.22
-1;100;0;0;0;17.7;2.92;8.22;0.79;0.85;0.092;35.4;9.08;4.11;2.94;0.52;1.63;4.11;103.1;81.1;10.6;3.3;8.2;0.53;0.13;0.08;0.11;0.67;0.64;0.09;64.6;6.97;3.26;2.23;0.37;1.29;4.11;188;157.4;19.8;2.6;8.2;0.24;0.24;0.07;0.09
-1;100;0;0;50;17.5;3.14;9.1;0.88;0.88;0.095;36.1;9.24;4.3;2.91;0.56;1.61;4.47;104.5;83.1;9.3;3.2;8.9;0.54;0.14;0.08;0.11;0.87;0.86;0.099;63.9;8.57;4.08;2.65;0.48;1.53;4.64;185.6;153.1;20.2;3.1;9.3;0.25;0.43;0.08;0.1
-1;100;0;0;100;17.79;3.62;10.21;0.89;0.94;0.098;35.5;9.48;4.42;3.01;0.51;1.75;4.98;107;85.1;8.4;3.5;10;0.55;0.2;0.08;0.11;1.08;1.12;0.105;64.5;10.57;4.99;3.3;0.57;1.87;5.23;194.2;148.7;31.3;3.7;10.5;0.26;0.63;0.09;0.14
-1;100;0;50;0;19.5;3.39;9.66;0.91;0.89;0.092;41.1;9.7;4.56;3.01;0.53;1.77;4.86;106.5;79.4;13.9;3.5;9.7;0.53;0.17;0.09;0.12;0.89;0.87;0.094;58.9;9.15;4.25;2.92;0.49;1.63;4.8;152.7;120.6;19.3;3.3;9.6;0.44;0.23;0.08;0.11
-1;100;0;50;50;19.45;3.91;11.2;0.97;0.93;0.094;41.4;9.8;4.56;3.1;0.53;1.74;5.57;108.1;80.9;12.6;3.5;11.1;0.53;0.2;0.09;0.11;1.32;1.27;0.102;58.6;12.49;5.93;3.85;0.65;2.17;5.63;153.4;118.2;19.6;4.3;11.3;0.59;0.42;0.11;0.15
-1;100;0;50;100;19.52;4.41;12.94;1.05;1;0.099;39.9;10.08;4.69;3.13;0.53;1.74;6.4;109.5;81.8;11.5;3.5;12.8;0.53;0.27;0.09;0.12;1.74;1.65;0.105;60.1;15.61;7.44;4.84;0.88;2.68;6.53;164.8;116.8;29.6;5.4;13.1;0.73;0.59;0.13;0.19
-1;100;0;100;0;21.29;3.68;10.79;0.93;0.94;0.091;48.5;10.25;4.75;3.28;0.57;1.85;5.31;109.2;77.7;17.2;3.7;10.6;0.5;0.21;0.1;0.13;1.11;1.06;0.096;51.5;10.9;5.07;3.49;0.56;1.84;5.48;115.9;82.3;18.9;3.7;11;0.6;0.23;0.09;0.14
-1;100;0;100;50;21.34;4.65;13.4;1.08;1.01;0.093;48.2;10.81;5.05;3.44;0.58;1.92;6.7;111.3;78;16;3.8;13.4;0.51;0.28;0.09;0.13;1.66;1.61;0.103;51.8;15.66;7.4;4.89;0.81;2.73;6.7;119.4;81.9;18.6;5.5;13.4;0.88;0.4;0.14;0.19
-1;100;0;100;100;21.68;5.44;15.42;1.12;1.12;0.1;46.1;11.12;5.29;3.44;0.59;2;7.69;113.1;79.1;14.7;4;15.4;0.51;0.38;0.1;0.14;2.03;2.05;0.106;53.9;19.34;9.22;6.14;0.98;3.44;7.74;132.1;80.8;29;6.9;15.5;1.04;0.59;0.18;0.24
-1;100;50;0;0;17.77;3.7;10.37;1.2;1.24;0.095;36.5;12.94;6.02;4.13;0.68;2.34;5.14;107.4;82;10.4;4.7;10.3;0.78;0.18;0.12;0.16;0.8;0.77;0.1;63.5;7.62;3.6;2.4;0.39;1.36;5.22;187.3;155.3;18.8;2.7;10.4;0.25;0.36;0.07;0.09
-1;100;50;0;50;17.94;3.94;11.49;1.27;1.32;0.099;36.1;13.34;6.15;4.29;0.73;2.36;5.73;109.9;84.2;9.5;4.7;11.5;0.8;0.24;0.12;0.16;0.97;0.97;0.105;63.9;9.21;4.33;2.92;0.49;1.58;5.76;194.4;150.6;29.1;3.2;11.5;0.24;0.54;0.08;0.11
-1;100;50;0;100;17.58;4.2;12.44;1.26;1.4;0.102;36.8;13.68;6.29;4.4;0.73;2.34;6.13;111.6;86.6;8;4.7;12.3;0.83;0.28;0.12;0.17;1.3;1.28;0.118;63.2;10.85;5.25;3.35;0.55;1.86;6.3;191.4;145.6;29.5;3.7;12.6;0.25;0.81;0.09;0.14
-1;100;50;50;0;19.89;4.05;11.95;1.3;1.28;0.095;41.9;13.54;6.19;4.37;0.75;2.35;5.95;110.5;80.3;13.6;4.7;11.9;0.76;0.24;0.12;0.16;0.98;1;0.101;58.1;9.85;4.58;3.13;0.53;1.7;5.99;153.3;119.2;18.7;3.4;12;0.44;0.36;0.09;0.12
-1;100;50;50;50;19.7;4.72;13.71;1.39;1.42;0.099;40.6;14.23;6.61;4.45;0.82;2.48;6.79;112.2;80.9;12.7;5;13.6;0.78;0.34;0.13;0.17;1.45;1.37;0.105;59.4;12.94;6.14;4.02;0.74;2.24;6.92;164.3;118.2;27.9;4.5;13.8;0.58;0.51;0.12;0.16
-1;100;50;50;100;19.79;5.24;15.44;1.5;1.5;0.104;42.1;14.36;6.75;4.55;0.77;2.5;7.65;120.1;82.6;17.1;5;15.3;0.79;0.42;0.12;0.17;1.81;1.85;0.113;57.9;16.25;7.63;5.1;0.86;2.73;7.79;164.9;115.4;28.4;5.5;15.6;0.73;0.78;0.14;0.2
-1;100;50;100;0;21.47;4.61;13.21;1.41;1.37;0.094;49.2;14.56;6.81;4.6;0.78;2.63;6.54;113.5;77.7;17.4;5.3;13.1;0.75;0.32;0.13;0.18;1.18;1.17;0.102;50.8;11.37;5.3;3.61;0.6;1.98;6.67;117.3;82.3;17.7;4;13.3;0.59;0.33;0.1;0.14
-1;100;50;100;50;21.72;5.43;15.64;1.52;1.53;0.1;48.6;15.26;7.12;4.84;0.79;2.65;7.78;123.2;77.8;24.5;5.3;15.6;0.75;0.46;0.14;0.18;1.77;1.69;0.106;51.4;16;7.58;4.95;0.84;2.78;7.87;130.1;82.2;26.6;5.6;15.7;0.86;0.49;0.15;0.19
-1;100;50;100;100;21.86;6.04;17.61;1.69;1.66;0.106;48.4;15.56;7.41;4.82;0.88;2.72;8.69;124.2;78.8;22.6;5.4;17.4;0.76;0.57;0.14;0.18;2.22;2.17;0.112;51.6;19.39;9.28;6.02;1;3.32;8.92;132.6;81.1;27.1;6.6;17.8;1.03;0.74;0.17;0.23
-1;100;100;0;0;17.75;4.28;12.11;1.53;1.52;0.097;38.2;15.65;7.39;4.92;0.82;2.84;6;115.6;82.5;15.5;5.7;12;0.94;0.25;0.14;0.19;0.91;0.87;0.105;61.8;8.24;3.95;2.58;0.42;1.44;6.11;187.4;154.4;17.8;2.9;12.2;0.25;0.45;0.07;0.1
-1;100;100;0;50;17.63;4.54;13.17;1.63;1.67;0.102;37.8;16.3;7.65;5.15;0.92;2.91;6.56;117.4;84.8;13.7;5.8;13.1;0.98;0.35;0.14;0.2;1.22;1.15;0.117;62.2;9.75;4.63;3.09;0.5;1.62;6.61;193.1;149.4;27.2;3.2;13.2;0.25;0.69;0.08;0.12
-1;100;100;0;100;17.64;4.79;13.96;1.66;1.7;0.103;38.4;16.4;7.65;5.22;0.9;2.86;6.94;118.7;87.2;11.9;5.7;13.9;1;0.37;0.14;0.2;1.45;1.47;0.131;61.6;11.25;5.47;3.43;0.55;1.94;7.02;190.5;144.3;28.3;3.9;14;0.24;1.01;0.09;0.13
-1;100;100;50;0;19.68;4.75;13.74;1.69;1.69;0.099;43.9;16.93;7.99;5.32;0.83;3;6.89;120.6;79.9;20.9;6;13.8;0.93;0.41;0.15;0.2;1.12;1.07;0.105;56.1;10.18;4.84;3.17;0.53;1.75;6.85;154.1;119.7;17.1;3.5;13.7;0.43;0.43;0.08;0.12
-1;100;100;50;50;19.9;5.26;15.38;1.84;1.81;0.104;42.5;17.26;8.19;5.4;0.93;3;7.71;121.7;81;19.3;6;15.4;0.93;0.52;0.15;0.21;1.64;1.53;0.114;57.5;13.46;6.49;4.09;0.72;2.27;7.68;164.5;118.1;26.5;4.5;15.4;0.59;0.67;0.12;0.16
-1;100;100;50;100;19.83;5.96;16.86;1.87;1.86;0.108;42.8;17.13;8.17;5.26;0.9;3.06;8.46;123;83.3;16.7;6.1;16.9;0.95;0.56;0.15;0.21;2.12;2.07;0.122;57.2;16.88;8.15;5.14;0.9;2.91;8.39;164.6;114.4;27.5;5.8;16.8;0.73;0.99;0.15;0.2
-1;100;100;100;0;21.44;5.31;15.3;1.79;1.78;0.1;51.1;17.72;8.29;5.65;0.97;3.11;7.63;124.5;77.4;25.6;6.2;15.3;0.89;0.51;0.16;0.22;1.3;1.3;0.105;48.9;12.34;5.9;3.83;0.67;2.19;7.67;119;82.6;16.7;4.4;15.3;0.61;0.43;0.11;0.15
-1;100;100;100;50;21.87;5.98;17.45;1.91;1.93;0.106;48.8;18.1;8.5;5.71;0.98;3.13;8.64;125.2;77.3;24.3;6.3;17.3;0.88;0.67;0.16;0.22;1.87;1.86;0.112;51.2;16.6;7.98;5.1;0.84;2.85;8.81;131.1;82.7;25.1;5.7;17.6;0.87;0.64;0.14;0.2
-1;100;100;100;100;21.73;6.54;19.3;2.06;2.08;0.112;48.5;18.48;8.76;5.83;0.92;3.15;9.51;126;78.2;22.4;6.3;19;0.9;0.8;0.15;0.23;2.35;2.37;0.118;51.5;19.99;9.47;6.26;1.05;3.38;9.79;133.6;81.7;25.5;6.8;19.6;1.05;0.91;0.17;0.24
0;0;0;0;0;13.56;1.93;5.45;0.49;0.5;0.092;50;5.36;2.48;1.69;0.28;0.95;2.74;179.2;159.8;12;1.9;5.5;0.25;0.14;0.05;0.06;0.49;0.5;0.093;50;5.33;2.54;1.68;0.27;0.98;2.71;179.4;160.2;11.8;2;5.4;0.25;0.14;0.05;0.07
0;0;0;0;50;13.37;1.98;5.94;0.52;0.56;0.1;50.2;5.49;2.57;1.74;0.33;0.94;2.92;180.2;161.5;10.9;1.9;5.8;0.25;0.19;0.05;0.06;0.59;0.6;0.096;49.8;6.19;2.87;2.01;0.33;1.04;3.02;178.7;158.5;12.1;2.1;6;0.26;0.21;0.06;0.08
0;0;0;0;100;12.88;2.26;6.5;0.57;0.59;0.105;49.9;5.57;2.64;1.8;0.27;0.97;3.26;182.3;164.2;9.6;1.9;6.5;0.25;0.22;0.05;0.07;0.75;0.73;0.1;50.1;7.23;3.47;2.25;0.35;1.29;3.24;183.2;155.8;18.3;2.6;6.5;0.27;0.31;0.07;0.09
0;0;0;50;0;15.85;2.38;6.98;0.58;0.56;0.091;55.6;6.06;2.79;1.95;0.31;1.06;3.42;180.9;156.1;15.8;2.1;6.8;0.24;0.19;0.05;0.07;0.76;0.74;0.097;44.4;7.61;3.52;2.44;0.42;1.31;3.56;144.4;122.9;11.8;2.6;7.1;0.45;0.14;0.06;0.1
0;0;0;50;50;15.46;2.85;8.43;0.6;0.64;0.1;55.3;6.29;2.88;2.07;0.33;1.09;4.24;181.3;156.4;14.2;2.2;8.5;0.25;0.26;0.05;0.08;1.07;1.02;0.1;44.7;10.15;4.72;3.28;0.53;1.76;4.19;146.3;122.7;11.7;3.5;8.4;0.61;0.2;0.09;0.12
0;0;0;50;100;15.58;3.44;10;0.69;0.7;0.105;54.1;6.62;3.17;2.04;0.35;1.2;5.02;182.3;156.4;13.5;2.4;10;0.24;0.32;0.06;0.08;1.3;1.34;0.103;45.9;12.98;6.14;4.01;0.74;2.24;4.98;154.6;122.7;17.4;4.5;10;0.77;0.3;0.12;0.15
0;0;0;100;0;17.77;2.85;8.38;0.64;0.61;0.09;62.9;6.73;3.09;2.17;0.36;1.15;4.13;182;152.4;19;2.3;8.3;0.23;0.24;0.06;0.08;0.89;0.94;0.099;37.1;9.45;4.46;2.9;0.55;1.7;4.26;107.1;83.8;11.4;3.4;8.5;0.61;0.14;0.08;0.11
0;0;0;100;50;18.07;3.67;10.7;0.74;0.74;0.1;62.2;7.31;3.4;2.37;0.4;1.28;5.38;182.8;151.6;17.9;2.6;10.8;0.24;0.34;0.06;0.09;1.34;1.4;0.102;37.8;13.66;6.35;4.38;0.76;2.4;5.32;111.2;84.2;11.6;4.8;10.6;0.9;0.2;0.13;0.17
0;0;0;100;100;17.8;4.19;12.38;0.88;0.83;0.105;60.3;7.88;3.7;2.47;0.41;1.32;6.09;182;150.3;16.8;2.6;12.2;0.25;0.43;0.07;0.09;1.66;1.72;0.104;39.7;16.6;7.72;5.28;0.86;2.87;6.29;119.9;84.8;16.8;5.7;12.6;1.09;0.28;0.15;0.2
0;0;50;0;0;13.41;2.04;5.94;0.57;0.6;0.096;49.7;6.16;2.84;1.96;0.34;1.08;2.92;178.4;158.2;12.2;2.2;5.8;0.26;0.21;0.05;0.07;0.57;0.56;0.101;50.3;5.5;2.6;1.71;0.3;0.95;3.02;180.6;161.8;10.9;1.9;6;0.26;0.19;0.05;0.07
0;0;50;0;50;12.82;2.22;6.33;0.69;0.67;0.104;49.9;6.34;3.02;2.01;0.32;1.12;3.17;179;159.4;11;2.2;6.3;0.26;0.28;0.05;0.08;0.64;0.66;0.105;50.1;6.2;2.94;1.95;0.33;1.09;3.16;179.8;160.6;10.7;2.2;6.3;0.26;0.26;0.06;0.08
0;0;50;0;100;12.6;2.47;7;0.75;0.75;0.113;49.6;6.52;3.12;2.03;0.34;1.13;3.48;181.3;162.2;9.9;2.3;7;0.27;0.35;0.06;0.08;0.83;0.86;0.115;50.4;7.44;3.57;2.29;0.36;1.34;3.51;184.3;157.8;16.8;2.7;7;0.27;0.43;0.07;0.09
0;0;50;50;0;15.21;2.65;7.44;0.69;0.68;0.095;55.2;7.08;3.36;2.21;0.37;1.28;3.73;179;153.6;15.4;2.6;7.5;0.25;0.28;0.07;0.09;0.81;0.81;0.103;44.8;7.87;3.71;2.43;0.43;1.36;3.71;145.4;124.8;10.4;2.7;7.4;0.47;0.18;0.07;0.09
0;0;50;50;50;15.29;3.14;9.07;0.77;0.8;0.105;54.7;7.55;3.56;2.36;0.4;1.37;4.44;179.5;153.3;14.5;2.7;8.9;0.25;0.39;0.07;0.09;1.14;1.11;0.105;45.3;10.53;4.95;3.25;0.6;1.77;4.63;148.3;125;10.5;3.5;9.3;0.62;0.27;0.09;0.13
0;0;50;50;100;15.34;3.67;10.57;0.88;0.9;0.115;54.8;7.72;3.67;2.36;0.47;1.33;5.36;188.1;154.6;20.1;2.7;10.7;0.25;0.48;0.07;0.09;1.49;1.47;0.111;45.2;13.24;6.36;4.16;0.68;2.35;5.22;155.3;124;16.1;4.7;10.4;0.78;0.41;0.12;0.16
0;0;50;100;0;17.48;3.12;9.19;0.82;0.83;0.099;62.5;8.26;3.9;2.59;0.47;1.46;4.55;180.6;149.2;19.3;2.9;9.1;0.24;0.41;0.07;0.1;1.05;1.02;0.103;37.5;9.82;4.59;3.11;0.53;1.66;4.64;108.2;85.4;10.2;3.3;9.3;0.63;0.18;0.09;0.12
0;0;50;100;50;17.62;3.97;11.44;0.98;0.92;0.105;62.7;8.7;4.13;2.76;0.45;1.47;5.7;189.4;147.6;27.5;2.9;11.4;0.23;0.5;0.07;0.11;1.42;1.47;0.105;37.3;13.87;6.55;4.39;0.74;2.5;5.73;112.8;86.2;10.1;5;11.5;0.91;0.26;0.12;0.17
0;0;50;100;100;17.71;4.55;13.19;1.11;1.09;0.117;60.9;9.28;4.39;2.95;0.48;1.58;6.64;188.7;146.2;26.1;3.2;13.3;0.24;0.65;0.08;0.12;1.73;1.85;0.109;39.1;16.91;7.97;5.36;0.9;2.97;6.55;121;86.9;15.1;5.9;13.1;1.11;0.38;0.15;0.2
0;0;100;0;0;13.17;2.25;6.63;0.78;0.74;0.1;50.1;7.3;3.43;2.33;0.38;1.29;3.26;183.4;155.4;18.9;2.6;6.5;0.26;0.32;0.07;0.08;0.59;0.6;0.104;49.9;5.69;2.6;1.83;0.3;0.95;3.37;183;164.6;9.7;1.9;6.7;0.26;0.22;0.05;0.07
0;0;100;0;50;12.64;2.4;7.02;0.8;0.84;0.115;50.3;7.29;3.45;2.23;0.39;1.29;3.46;183.8;157.5;16.8;2.6;6.9;0.26;0.43;0.06;0.09;0.75;0.75;0.113;49.7;6.53;3.14;2.06;0.33;1.11;3.57;181.7;162.5;9.9;2.2;7.1;0.27;0.35;0.06;0.07
0;0;100;0;100;12.31;2.57;7.41;0.92;0.89;0.119;50;7.4;3.61;2.27;0.39;1.28;3.65;185;160.2;15;2.6;7.3;0.27;0.47;0.06;0.09;0.91;0.92;0.12;50;7.63;3.66;2.31;0.42;1.29;3.75;185.2;159.8;15.3;2.6;7.5;0.27;0.48;0.07;0.09
0;0;100;50;0;15;2.91;8.36;0.88;0.88;0.105;55.7;8.35;3.88;2.63;0.45;1.45;4.2;185.8;150.8;23.7;2.9;8.4;0.25;0.46;0.07;0.1;0.79;0.86;0.105;44.3;8.11;3.81;2.6;0.41;1.46;4.16;147.5;126.9;9.4;2.9;8.3;0.47;0.22;0.07;0.1
0;0;100;50;50;15.05;3.35;9.83;0.92;1.01;0.116;55.3;8.68;4.04;2.74;0.47;1.44;4.87;185.7;151;22.1;2.9;9.7;0.26;0.58;0.08;0.1;1.16;1.21;0.111;44.7;10.87;5.15;3.34;0.6;1.9;4.96;150;126.7;9.6;3.8;9.9;0.64;0.34;0.1;0.13
0;0;100;50;100;14.93;3.9;11.27;1.15;1.14;0.127;54.1;8.92;4.26;2.76;0.44;1.49;5.64;185.1;150.5;20.3;3;11.3;0.26;0.7;0.08;0.1;1.45;1.54;0.113;45.9;13.64;6.53;4.25;0.74;2.41;5.63;157.3;127.1;14.1;4.8;11.3;0.82;0.44;0.12;0.16
0;0;100;100;0;17.35;3.46;10.08;1.09;1.06;0.105;63.2;10.01;4.75;3.14;0.55;1.74;5.11;188.4;145.1;29.7;3.5;10.2;0.25;0.6;0.09;0.12;1.06;1.05;0.105;36.8;9.88;4.72;3.06;0.54;1.72;4.97;109.8;87.5;8.9;3.4;9.9;0.63;0.2;0.09;0.12
0;0;100;100;50;17.63;4.32;12.43;1.22;1.25;0.118;61.9;10.57;5.07;3.24;0.56;1.83;6.26;186.9;142.5;28.2;3.7;12.5;0.24;0.78;0.09;0.13;1.46;1.54;0.109;38.1;14.07;6.67;4.43;0.75;2.48;6.18;114.9;88.8;8.8;5;12.4;0.94;0.31;0.13;0.16
0;0;100;100;100;17.69;4.74;13.91;1.39;1.41;0.131;60.4;10.74;5.23;3.25;0.57;1.82;6.96;186.4;142;26.9;3.6;13.9;0.23;0.96;0.09;0.13;1.91;1.91;0.111;39.6;17.16;8.14;5.38;0.91;2.92;6.95;122.3;89;13.6;5.8;13.9;1.13;0.42;0.15;0.21
0;50;0;0;0;15.56;2.4;6.96;0.76;0.76;0.097;44.3;7.77;3.52;2.47;0.43;1.35;3.45;143.7;122.5;11.6;2.7;6.9;0.47;0.14;0.07;0.09;0.55;0.55;0.092;55.7;5.91;2.7;1.87;0.34;1.05;3.51;180.9;156.6;15.2;2.1;7;0.24;0.18;0.05;0.07
0;50;0;0;50;15.26;2.57;7.58;0.74;0.8;0.102;44.7;7.79;3.57;2.52;0.42;1.32;3.77;145.2;124.5;10.5;2.6;7.5;0.46;0.18;0.06;0.1;0.66;0.68;0.096;55.3;7.08;3.28;2.31;0.39;1.25;3.8;179.5;154;15.5;2.5;7.6;0.25;0.28;0.07;0.09
0;50;0;0;100;15.21;2.92;8.35;0.79;0.85;0.105;44.4;8.06;3.81;2.47;0.45;1.45;4.18;148.1;127.5;9.4;2.9;8.4;0.47;0.21;0.08;0.1;0.93;0.9;0.105;55.6;8.53;4.16;2.57;0.43;1.48;4.17;185.2;150.1;23.8;3;8.3;0.25;0.47;0.07;0.1
0;50;0;50;0;17.46;2.9;8.36;0.86;0.81;0.096;50;8.42;3.96;2.58;0.46;1.47;4.22;146.2;119.8;15.1;2.9;8.4;0.45;0.18;0.07;0.1;0.76;0.78;0.096;50;8.08;3.76;2.57;0.41;1.44;4.14;146;120.2;14.7;2.9;8.3;0.44;0.17;0.07;0.1
0;50;0;50;50;17.51;3.43;9.96;0.88;0.87;0.102;49.8;8.47;4.04;2.58;0.45;1.52;4.97;147.3;120.5;13.9;3;9.9;0.44;0.25;0.07;0.11;1.09;1.1;0.099;50.2;11.06;5.15;3.56;0.61;1.91;5;148.3;119.5;15;3.8;10;0.6;0.27;0.1;0.14
0;50;0;50;100;17.55;4.07;11.64;0.95;0.94;0.105;48.4;8.91;4.2;2.74;0.52;1.56;5.69;148.8;121.5;12.8;3.1;11.4;0.45;0.31;0.07;0.11;1.45;1.5;0.106;51.6;14.16;6.7;4.46;0.75;2.51;5.95;158.3;118.5;22.9;5;11.9;0.75;0.45;0.13;0.17
0;50;0;100;0;19.37;3.43;9.68;0.84;0.84;0.095;57.5;8.87;4.15;2.75;0.48;1.57;4.88;148.5;117.6;18.1;3.1;9.8;0.43;0.22;0.08;0.11;0.98;0.99;0.098;42.5;10.09;4.81;3.06;0.54;1.85;4.8;109.8;81.6;14.8;3.7;9.6;0.6;0.18;0.09;0.11
0;50;0;100;50;19.59;4.19;12.05;0.95;0.97;0.101;56.8;9.54;4.42;3.05;0.52;1.65;6.08;149.4;116.6;17.3;3.3;12.2;0.44;0.33;0.08;0.12;1.38;1.44;0.101;43.2;14.2;6.65;4.44;0.8;2.54;5.97;113.7;82.3;14.4;5.1;11.9;0.88;0.26;0.12;0.17
0;50;0;100;100;19.56;4.83;13.87;1.09;1.07;0.105;55;10.16;4.84;3.11;0.55;1.8;6.96;151.1;117.2;16.3;3.6;13.9;0.44;0.42;0.09;0.13;1.87;1.85;0.105;45;17.46;8.23;5.45;0.93;3.03;6.9;123.7;81.8;21.9;6.1;13.8;1.05;0.43;0.15;0.22
0;50;50;0;0;15.52;2.81;8.37;1;1.02;0.101;44.8;10.13;4.63;3.24;0.57;1.71;4.19;146.5;123.1;11.6;3.4;8.4;0.62;0.19;0.09;0.12;0.62;0.64;0.1;55.2;6.28;2.91;2.01;0.36;1.1;4.18;180.7;155.9;14.3;2.2;8.4;0.24;0.26;0.06;0.07
0;50;50;0;50;15.18;3.2;9.19;1.11;1.12;0.105;45.2;10.61;5.08;3.24;0.59;1.93;4.58;148.2;124.6;10.6;3.9;9.2;0.63;0.27;0.1;0.13;0.74;0.78;0.105;54.8;7.42;3.39;2.45;0.4;1.26;4.61;179.9;153.9;14.3;2.5;9.2;0.25;0.38;0.06;0.09
0;50;50;0;100;15.15;3.44;9.85;1.13;1.2;0.11;44.8;10.8;5.13;3.35;0.59;1.93;4.92;150.5;127.3;9.5;3.9;9.8;0.64;0.33;0.1;0.13;1;1.02;0.117;55.2;8.77;4.24;2.67;0.46;1.51;4.93;185.5;150.3;22.3;3;9.9;0.25;0.59;0.08;0.11
0;50;50;50;0;17.6;3.48;9.95;1.06;1.09;0.099;50.2;10.96;5.14;3.47;0.61;1.96;5;148.6;119.6;15.1;3.9;10;0.59;0.27;0.1;0.13;0.89;0.88;0.102;49.8;8.57;4.08;2.66;0.43;1.52;4.95;147.3;120.4;14;3;9.9;0.45;0.25;0.08;0.1
0;50;50;50;50;17.53;3.81;11.59;1.17;1.2;0.105;49.9;11.36;5.38;3.56;0.61;1.94;5.72;149;119.6;14.1;3.9;11.4;0.59;0.37;0.1;0.14;1.19;1.2;0.105;50.1;11.39;5.33;3.66;0.55;1.87;5.87;149.7;120.4;13.9;3.7;11.7;0.6;0.37;0.09;0.14
0;50;50;50;100;17.57;4.53;13.16;1.26;1.31;0.112;50;11.63;5.42;3.71;0.64;2.06;6.58;157.8;121.2;19.3;4.1;13.2;0.6;0.47;0.1;0.14;1.61;1.62;0.112;50;14.45;6.87;4.55;0.76;2.47;6.59;158.1;118.8;21.2;4.9;13.2;0.75;0.57;0.13;0.17
0;50;50;100;0;19.5;3.97;11.16;1.21;1.22;0.102;57.4;11.99;5.64;3.71;0.66;2.13;5.57;150;115.9;18.6;4.3;11.1;0.58;0.39;0.11;0.14;1.03;1.07;0.103;42.6;10.34;4.81;3.17;0.57;1.84;5.59;111.1;82.7;13.5;3.7;11.2;0.6;0.24;0.1;0.12
0;50;50;100;50;19.77;4.83;13.78;1.35;1.34;0.105;58.1;12.64;6.03;3.88;0.69;2.24;6.97;160.1;115.2;26.5;4.5;13.9;0.58;0.49;0.11;0.16;1.48;1.56;0.105;41.9;14.75;7.02;4.55;0.79;2.59;6.82;115.5;83.2;13.5;5.2;13.6;0.89;0.36;0.13;0.18
0;50;50;100;100;19.69;5.42;15.39;1.49;1.46;0.113;56.3;12.88;6.16;4.09;0.61;2.25;7.78;160.9;116.1;24.7;4.5;15.6;0.58;0.62;0.11;0.15;1.88;1.97;0.111;43.7;17.81;8.51;5.49;0.95;3.17;7.62;124.6;82.6;20.4;6.3;15.2;1.06;0.54;0.16;0.21
0;50;100;0;0;15.66;3.49;10.04;1.35;1.36;0.103;46;13.19;6.28;4.09;0.75;2.35;5.07;155.2;122.7;17.7;4.7;10.1;0.78;0.3;0.12;0.16;0.69;0.7;0.105;54;6.61;3.12;2.09;0.36;1.14;4.98;182.3;156.5;13.6;2.3;10;0.24;0.32;0.06;0.08
0;50;100;0;50;15.35;3.73;10.57;1.45;1.47;0.111;45.5;13.3;6.35;4.13;0.73;2.38;5.32;156;124.7;15.9;4.8;10.6;0.79;0.41;0.12;0.16;0.94;0.9;0.115;54.5;7.74;3.74;2.41;0.43;1.35;5.26;187.2;153.8;20.3;2.7;10.5;0.25;0.49;0.07;0.09
0;50;100;0;100;15.12;3.92;11.31;1.54;1.55;0.113;46;13.63;6.51;4.22;0.72;2.36;5.76;157.9;127;14.6;4.7;11.5;0.8;0.46;0.13;0.16;1.12;1.16;0.128;54;9.01;4.44;2.71;0.49;1.56;5.54;185.6;150.7;20.7;3.1;11.1;0.25;0.72;0.09;0.11
0;50;100;50;0;17.44;3.97;11.58;1.47;1.5;0.105;51.3;14.22;6.67;4.42;0.8;2.44;5.8;157.2;117.7;23;4.9;11.6;0.75;0.46;0.13;0.17;0.92;0.94;0.105;48.7;8.84;4.13;2.83;0.48;1.53;5.78;149.5;122.3;12.6;3.1;11.6;0.45;0.3;0.08;0.11
0;50;100;50;50;17.53;4.55;13.15;1.61;1.62;0.112;50.2;14.49;6.85;4.61;0.75;2.5;6.59;158.7;119.4;21.2;5;13.2;0.76;0.56;0.13;0.17;1.35;1.33;0.112;49.8;11.81;5.63;3.62;0.63;2.06;6.56;157.2;120.6;19.3;4.1;13.1;0.6;0.48;0.11;0.14
0;50;100;50;100;17.25;5.04;14.55;1.76;1.72;0.118;50.1;14.49;6.93;4.46;0.8;2.5;7.25;159.1;120.5;19;5;14.5;0.77;0.65;0.13;0.17;1.77;1.75;0.118;49.9;14.72;7.13;4.45;0.78;2.53;7.3;158.6;119.5;19.4;5.1;14.6;0.77;0.67;0.13;0.18
0;50;100;100;0;19.46;4.57;13.23;1.56;1.61;0.105;58.7;15.27;7.04;4.95;0.84;2.66;6.65;160.8;113.7;28.5;5.3;13.3;0.72;0.57;0.13;0.19;1.16;1.13;0.105;41.3;10.66;5.11;3.34;0.58;1.91;6.58;113.2;84.2;12;3.8;13.2;0.61;0.29;0.1;0.13
0;50;100;100;50;19.71;5.31;15.53;1.77;1.78;0.113;56.6;15.66;7.4;4.95;0.85;2.71;7.74;161;113.6;26.5;5.4;15.5;0.72;0.74;0.14;0.18;1.65;1.68;0.11;43.4;15.18;7.07;4.73;0.83;2.6;7.79;123.7;84.3;18.6;5.2;15.6;0.91;0.45;0.13;0.18
0;50;100;100;100;19.59;5.91;17.17;1.97;1.95;0.121;56.3;16.02;7.75;5;0.83;2.77;8.68;161.9;114;25;5.5;17.4;0.72;0.89;0.14;0.19;2.08;2.09;0.115;43.7;18.08;8.64;5.7;0.88;3.14;8.5;125.7;84;18.4;6.3;17;1.08;0.64;0.16;0.21
0;100;0;0;0;17.56;2.81;8.2;0.93;0.94;0.099;36.8;9.46;4.39;3.12;0.46;1.65;4.11;106.4;83.5;11.3;3.3;8.2;0.6;0.13;0.09;0.12;0.66;0.61;0.09;63.2;6.72;3.08;2.16;0.35;1.17;4.09;182.5;153;18.9;2.3;8.2;0.24;0.23;0.06;0.08
0;100;0;0;50;17.5;3.19;9.16;0.96;1.02;0.103;37.5;9.81;4.65;3.04;0.55;1.74;4.58;108.2;85.3;10.3;3.5;9.2;0.63;0.18;0.08;0.12;0.79;0.82;0.1;62.5;8.15;3.78;2.61;0.42;1.45;4.58;180.7;149.4;19.2;2.9;9.2;0.24;0.4;0.07;0.1
0;100;0;0;100;17.25;3.55;10;1.07;1.07;0.105;36.8;10.07;4.72;3.2;0.51;1.8;4.95;109.8;87.2;9;3.6;9.9;0.64;0.21;0.09;0.12;1.06;1.05;0.106;63.2;9.89;4.65;3.11;0.59;1.75;5.04;188.4;145.6;29.3;3.5;10.1;0.25;0.59;0.1;0.12
0;100;0;50;0;19.4;3.34;9.47;1;0.97;0.098;42.5;9.88;4.63;3.18;0.47;1.72;4.75;109.4;81.8;14.7;3.4;9.5;0.59;0.17;0.09;0.12;0.84;0.84;0.094;57.5;8.82;4.14;2.82;0.46;1.63;4.72;148.4;117.3;18.3;3.3;9.4;0.43;0.22;0.08;0.11
0;100;0;50;50;19.61;3.91;11.45;1.03;1.08;0.103;42.8;10.48;4.95;3.29;0.56;1.82;5.77;111.8;82.9;13.8;3.6;11.5;0.61;0.25;0.09;0.13;1.19;1.23;0.102;57.2;11.99;5.6;3.77;0.66;2.08;5.69;149.7;115.7;18.5;4.2;11.4;0.57;0.39;0.11;0.14
0;100;0;50;100;19.58;4.59;13.05;1.13;1.11;0.105;41.5;10.54;5.01;3.3;0.56;1.84;6.64;113.6;84.5;12.1;3.7;13.3;0.61;0.28;0.09;0.13;1.6;1.63;0.105;58.5;15.4;7.3;4.73;0.88;2.76;6.41;160.4;113.2;28.9;5.5;12.8;0.72;0.58;0.14;0.19
0;100;0;100;0;21.37;3.66;10.53;1.06;1.01;0.096;49.9;10.41;4.85;3.28;0.51;1.86;5.26;112.1;79.9;18.1;3.7;10.5;0.57;0.22;0.09;0.13;1.03;1.02;0.096;50.1;10.54;4.85;3.32;0.54;1.8;5.28;112.4;80.1;18.1;3.6;10.6;0.59;0.22;0.09;0.13
0;100;0;100;50;21.51;4.55;13.24;1.11;1.14;0.102;49.6;11.12;5.27;3.48;0.57;2.02;6.6;114.3;79.9;17.1;4;13.2;0.58;0.33;0.1;0.13;1.49;1.54;0.103;50.4;14.92;6.99;4.71;0.8;2.53;6.63;116.3;80.1;17.9;5.1;13.3;0.84;0.38;0.14;0.18
0;100;0;100;100;21.54;5.28;15.18;1.24;1.22;0.105;47.6;11.5;5.47;3.59;0.6;2.04;7.58;116.2;81.5;15.5;4.1;15.2;0.58;0.39;0.1;0.14;2;1.98;0.105;52.4;18.74;8.85;5.85;0.98;3.24;7.6;128.1;78.5;27.9;6.5;15.2;1.01;0.57;0.17;0.23
0;100;50;0;0;17.82;3.65;10.55;1.4;1.39;0.102;37.9;13.61;6.37;4.25;0.76;2.38;5.26;111.1;84.3;11.5;4.8;10.5;0.91;0.2;0.12;0.16;0.65;0.72;0.1;62.1;7.11;3.34;2.27;0.37;1.27;5.29;182.2;151.4;17.6;2.5;10.6;0.23;0.33;0.07;0.09
0;100;50;0;50;17.46;4.02;11.4;1.45;1.48;0.105;37.3;14;6.48;4.42;0.79;2.44;5.7;112.5;86.1;10.1;4.9;11.4;0.92;0.26;0.13;0.17;0.96;0.93;0.105;62.7;8.73;4.16;2.73;0.47;1.58;5.7;189.5;147.8;27.1;3.2;11.4;0.24;0.5;0.08;0.11
0;100;50;0;100;17.61;4.39;12.41;1.52;1.56;0.109;38.1;14.25;6.76;4.43;0.79;2.53;6.17;115.1;88.7;9;5.1;12.3;0.94;0.32;0.13;0.17;1.2;1.25;0.118;61.9;10.55;5.02;3.28;0.56;1.86;6.23;187;142.6;28.2;3.7;12.5;0.24;0.77;0.1;0.13
0;100;50;50;0;19.74;4.13;11.94;1.43;1.44;0.101;43.2;14.2;6.67;4.49;0.73;2.52;6.02;113.7;82.1;14.6;5;12;0.87;0.27;0.13;0.17;0.91;0.95;0.101;56.8;9.32;4.26;3.06;0.47;1.61;5.92;149.5;116.9;17.5;3.2;11.8;0.43;0.33;0.08;0.11
0;100;50;50;50;19.78;4.87;13.78;1.55;1.55;0.105;41.8;14.72;6.88;4.59;0.77;2.61;6.91;115.5;82.9;13.5;5.2;13.8;0.88;0.37;0.13;0.18;1.33;1.33;0.105;58.2;12.63;6.06;3.83;0.69;2.26;6.87;160.6;115.6;26.7;4.5;13.7;0.58;0.49;0.11;0.15
0;100;50;50;100;19.87;5.34;15.18;1.71;1.65;0.11;43.2;14.86;7.07;4.56;0.74;2.58;7.57;122.9;84;18.6;5.2;15.1;0.88;0.46;0.13;0.17;1.74;1.77;0.113;56.8;15.63;7.35;4.93;0.87;2.76;7.61;161.7;114;27;5.5;15.2;0.72;0.72;0.14;0.19
0;100;50;100;0;21.52;4.64;13.26;1.55;1.55;0.103;50.2;15.05;7.09;4.76;0.84;2.63;6.57;115.9;79.5;18.1;5.3;13.1;0.84;0.39;0.14;0.18;1.1;1.13;0.102;49.8;11.03;5.22;3.44;0.56;2.01;6.69;114.8;80.5;16.9;4;13.4;0.59;0.31;0.1;0.13
0;100;50;100;50;21.63;5.48;15.75;1.64;1.66;0.105;49.9;15.73;7.43;4.93;0.83;2.72;7.83;126.6;79.8;25.7;5.4;15.7;0.85;0.48;0.14;0.19;1.62;1.65;0.106;50.1;15.56;7.35;4.88;0.8;2.75;7.92;126.8;80.2;25.2;5.5;15.8;0.85;0.46;0.14;0.2
0;100;50;100;100;21.87;5.96;17.53;1.8;1.79;0.111;49.9;15.99;7.56;4.97;0.87;2.71;8.85;128.2;81.3;23.8;5.4;17.7;0.86;0.6;0.14;0.19;2;2.1;0.112;50.1;18.73;8.85;5.85;1;3.25;8.67;128.7;78.7;26.1;6.5;17.3;0.99;0.71;0.17;0.22
0;100;100;0;0;17.78;4.34;12.31;1.65;1.7;0.104;39.6;16.35;7.77;5.09;0.88;2.93;6.1;119.6;84.9;16.6;5.9;12.2;1.07;0.28;0.15;0.2;0.85;0.84;0.105;60.4;7.95;3.8;2.48;0.43;1.41;6.21;182.5;150.2;17.1;2.8;12.4;0.24;0.43;0.08;0.1
0;100;100;0;50;17.76;4.54;13.07;1.86;1.85;0.109;38.9;16.85;7.99;5.28;0.89;2.93;6.47;120.7;86.6;15.3;5.9;12.9;1.1;0.39;0.15;0.2;1.09;1.08;0.117;61.1;9.23;4.38;2.88;0.49;1.61;6.59;189.4;146.9;26.1;3.2;13.2;0.23;0.66;0.08;0.12
0;100;100;0;100;17.35;4.84;13.84;1.95;1.93;0.111;39.6;17.3;8.24;5.37;0.91;3.06;6.93;122;88.6;13.4;6.1;13.9;1.14;0.42;0.16;0.21;1.43;1.41;0.13;60.4;10.78;5.26;3.28;0.58;1.78;6.91;186.5;142.8;26.3;3.6;13.8;0.25;0.93;0.1;0.13
0;100;100;50;0;19.84;4.72;13.85;1.81;1.82;0.105;45.1;17.23;8.16;5.4;0.91;3.01;6.89;123.9;82.2;22;6;13.8;1.04;0.42;0.15;0.2;1.09;1.06;0.105;54.9;10.05;4.74;3.15;0.52;1.71;6.95;150.7;116.8;16.6;3.4;13.9;0.43;0.42;0.09;0.12
0;100;100;50;50;19.82;5.41;15.35;1.94;1.96;0.11;43.7;17.68;8.37;5.5;0.98;3.12;7.75;124.8;82.8;20.3;6.2;15.5;1.05;0.54;0.15;0.22;1.5;1.48;0.114;56.3;13.02;6.2;4;0.72;2.29;7.6;160.9;115.8;25.3;4.6;15.2;0.57;0.63;0.12;0.15
0;100;100;50;100;19.93;5.97;17.11;2.03;2.09;0.115;43.8;18.03;8.58;5.65;0.94;3.1;8.5;126.1;84.2;18.6;6.2;17;1.07;0.64;0.15;0.22;1.95;1.98;0.122;56.2;16.22;7.87;4.94;0.89;2.88;8.6;162.1;113.6;25.5;5.8;17.2;0.72;0.91;0.15;0.19
0;100;100;100;0;21.74;5.31;15.12;1.92;1.94;0.106;52.5;18.34;8.74;5.63;1.01;3.27;7.59;128.1;79;27.4;6.5;15.2;1;0.55;0.17;0.22;1.2;1.22;0.105;47.5;11.56;5.41;3.63;0.58;2.04;7.53;116;81;15.9;4.1;15.1;0.59;0.4;0.1;0.13
0;100;100;100;50;21.98;6.1;17.65;2.12;2.1;0.111;50.2;18.85;8.97;5.89;0.99;3.27;8.78;129.2;79.3;25.8;6.5;17.6;1.02;0.71;0.16;0.22;1.81;1.8;0.112;49.8;16.09;7.74;4.91;0.85;2.83;8.87;128;80.7;24;5.7;17.7;0.85;0.62;0.14;0.19
0;100;100;100;100;21.8;6.71;19.25;2.2;2.26;0.118;50;19.14;9.12;5.92;1.07;3.29;9.59;129.8;80.1;23.9;6.6;19.2;1.02;0.85;0.16;0.23;2.26;2.29;0.118;50;19.32;9.27;6.08;1;3.42;9.66;130.1;79.9;24.1;6.8;19.3;1.02;0.86;0.18;0.23
1;0;0;0;0;13.66;1.88;5.59;0.55;0.53;0.093;51.5;5.67;2.64;1.82;0.28;0.97;2.83;184.8;164.5;12.7;1.9;5.7;0.26;0.15;0.05;0.07;0.43;0.46;0.088;48.5;5.1;2.32;1.64;0.3;0.91;2.76;174.1;155.5;11.3;1.8;5.5;0.22;0.13;0.04;0.06
1;0;0;0;50;13.18;2.08;5.86;0.63;0.6;0.101;51.7;5.89;2.83;1.77;0.32;1.05;2.99;185.3;165.6;11.7;2.1;6;0.27;0.2;0.06;0.08;0.51;0.54;0.092;48.3;5.77;2.68;1.83;0.32;1.03;2.87;173.4;154.5;11.1;2.1;5.7;0.23;0.19;0.05;0.07
1;0;0;0;100;12.78;2.21;6.51;0.6;0.63;0.104;51.2;5.93;2.73;1.9;0.33;1.02;3.24;186.7;167.8;10.3;2;6.5;0.27;0.24;0.05;0.07;0.69;0.66;0.096;48.8;6.81;3.19;2.13;0.37;1.19;3.27;178.2;152.3;16.9;2.4;6.5;0.24;0.28;0.06;0.08
1;0;0;50;0;15.76;2.4;6.88;0.6;0.58;0.091;57.2;6.28;2.95;1.97;0.34;1.12;3.47;186.4;160.8;16.4;2.2;6.9;0.25;0.2;0.06;0.08;0.64;0.66;0.091;42.8;7.17;3.32;2.28;0.36;1.28;3.41;139.6;119.3;10.9;2.6;6.8;0.38;0.13;0.06;0.09
1;0;0;50;50;15.59;2.97;8.44;0.62;0.67;0.1;56.7;6.66;3.11;2.08;0.35;1.2;4.24;186.6;160.6;15.2;2.4;8.5;0.26;0.28;0.06;0.08;1.02;0.95;0.095;43.3;9.96;4.7;3.11;0.55;1.77;4.2;142.3;119.4;10.9;3.5;8.4;0.54;0.19;0.09;0.12
1;0;0;50;100;15.41;3.47;10.02;0.72;0.73;0.105;55.5;6.91;3.24;2.21;0.38;1.2;5.07;187.3;160.8;14;2.4;10.1;0.26;0.32;0.06;0.09;1.24;1.23;0.097;44.5;12.67;5.97;3.99;0.69;2.27;4.95;150.1;119.3;16.4;4.5;9.9;0.69;0.27;0.12;0.15
1;0;0;100;0;17.8;2.79;8.26;0.65;0.64;0.09;64.7;6.96;3.23;2.25;0.39;1.18;4.21;188.4;157.9;19.8;2.4;8.4;0.25;0.24;0.06;0.09;0.82;0.83;0.092;35.3;8.98;4.17;2.83;0.5;1.61;4.06;102.9;80.8;10.7;3.2;8.1;0.52;0.13;0.08;0.1
1;0;0;100;50;17.91;3.63;10.49;0.76;0.77;0.1;63.6;7.65;3.63;2.39;0.43;1.34;5.39;188;155.6;18.9;2.7;10.8;0.24;0.36;0.07;0.1;1.26;1.23;0.095;36.4;12.9;6;4.04;0.73;2.29;5.11;107.2;81.9;10.5;4.6;10.2;0.78;0.18;0.11;0.16
1;0;0;100;100;18.21;4.39;12.14;0.9;0.89;0.105;61.8;8.38;3.91;2.62;0.47;1.46;6.26;188.1;154.5;18.1;2.9;12.5;0.25;0.46;0.07;0.1;1.55;1.54;0.097;38.2;15.81;7.47;4.91;0.86;2.93;5.88;116;82.4;15.9;5.9;11.8;0.93;0.27;0.15;0.18
1;0;50;0;0;13.34;2.12;5.82;0.63;0.63;0.096;51.2;6.47;3.02;1.99;0.34;1.17;2.94;183.7;162.4;13.1;2.3;5.9;0.26;0.23;0.06;0.08;0.5;0.48;0.091;48.8;5.12;2.41;1.59;0.27;0.95;2.87;175.1;157.4;10;1.9;5.7;0.22;0.16;0.04;0.06
1;0;50;0;50;12.96;2.27;6.37;0.73;0.71;0.105;51.2;6.7;3.14;2.13;0.35;1.14;3.18;184;163.5;11.9;2.3;6.4;0.26;0.31;0.06;0.08;0.64;0.61;0.1;48.8;5.99;2.91;1.85;0.28;1.12;3.19;175.1;156.4;10;2.2;6.4;0.23;0.25;0.06;0.07
1;0;50;0;100;12.54;2.46;7.06;0.81;0.8;0.114;50.9;6.99;3.37;2.17;0.36;1.23;3.57;185.9;165.7;10.6;2.5;7.1;0.28;0.37;0.06;0.09;0.76;0.79;0.11;49.1;7.07;3.34;2.25;0.4;1.23;3.49;179.1;154.4;15.3;2.5;7;0.24;0.39;0.06;0.09
1;0;50;50;0;15.49;2.64;7.63;0.72;0.73;0.095;56.5;7.55;3.47;2.4;0.41;1.33;3.88;184.3;157.2;16.7;2.7;7.8;0.26;0.3;0.07;0.09;0.74;0.71;0.094;43.5;7.53;3.49;2.41;0.41;1.31;3.75;141.6;121.8;9.7;2.6;7.5;0.41;0.15;0.07;0.09
1;0;50;50;50;15.44;3.18;8.95;0.87;0.83;0.105;56.2;7.84;3.76;2.37;0.41;1.41;4.55;184.8;157.4;15.5;2.8;9.1;0.25;0.41;0.07;0.1;0.99;1;0.099;43.8;10.07;4.75;3.17;0.5;1.77;4.4;143.9;121.7;9.9;3.5;8.8;0.54;0.25;0.09;0.12
1;0;50;50;100;15.4;3.69;10.63;1.01;0.96;0.116;55.9;8.22;4;2.48;0.47;1.43;5.34;192.3;157.3;21.5;2.9;10.7;0.26;0.53;0.08;0.1;1.33;1.35;0.104;44.1;12.92;6.06;4.12;0.67;2.26;5.29;151.9;121.8;15;4.5;10.6;0.7;0.38;0.12;0.15
1;0;50;100;0;17.42;3.17;9.01;0.92;0.86;0.1;63.9;8.59;4.08;2.64;0.42;1.5;4.5;185.3;153;20.2;3;9;0.25;0.43;0.08;0.1;0.8;0.89;0.095;36.1;9.35;4.33;2.94;0.52;1.67;4.5;104.8;83.1;9.3;3.3;9;0.54;0.14;0.09;0.12
1;0;50;100;50;17.93;3.96;11.41;1;0.98;0.105;63.9;9.3;4.36;2.95;0.52;1.65;5.72;194.2;150.1;29.4;3.3;11.4;0.24;0.55;0.09;0.11;1.35;1.32;0.099;36.1;13.32;6.22;4.18;0.72;2.31;5.7;109.8;84.5;9.3;4.6;11.4;0.8;0.23;0.12;0.16
1;0;50;100;100;17.66;4.5;13.1;1.15;1.13;0.117;62.3;9.62;4.62;2.96;0.48;1.67;6.68;193.7;149.5;27.4;3.3;13.4;0.24;0.69;0.09;0.12;1.58;1.65;0.102;37.7;16.13;7.51;5.18;0.87;2.83;6.42;117;84.7;13.7;5.7;12.8;0.97;0.35;0.14;0.19
1;0;100;0;0;13.03;2.29;6.75;0.74;0.77;0.101;51.6;7.62;3.59;2.42;0.44;1.32;3.39;189.1;160.2;19.5;2.6;6.8;0.28;0.33;0.07;0.09;0.56;0.56;0.099;48.4;5.54;2.6;1.7;0.34;0.97;3.37;177.2;159.5;9;1.9;6.7;0.24;0.21;0.05;0.07
1;0;100;0;50;12.65;2.41;6.88;0.87;0.89;0.115;51.7;7.66;3.67;2.34;0.42;1.36;3.41;188.8;160.8;18.5;2.7;6.8;0.26;0.47;0.07;0.08;0.61;0.66;0.109;48.3;6.02;2.8;1.91;0.32;1.05;3.46;176.7;158.9;8.8;2.1;6.9;0.23;0.31;0.05;0.07
1;0;100;0;100;12.21;2.58;7.41;0.96;0.96;0.12;51.3;7.93;3.83;2.41;0.4;1.34;3.8;190;163.4;16.2;2.7;7.6;0.28;0.51;0.07;0.1;0.86;0.82;0.115;48.7;7.09;3.4;2.19;0.36;1.23;3.61;180;156.4;13.9;2.5;7.2;0.24;0.43;0.06;0.08
1;0;100;50;0;15.34;2.91;8.38;0.94;0.93;0.105;57.1;8.83;4.22;2.75;0.47;1.53;4.21;191;154.2;25.3;3.1;8.4;0.26;0.49;0.08;0.11;0.78;0.79;0.099;42.9;7.89;3.7;2.49;0.39;1.38;4.17;143.7;123.9;8.7;2.8;8.3;0.42;0.2;0.07;0.1
1;0;100;50;50;15.22;3.34;9.75;1.05;1.08;0.117;56.5;9.19;4.36;2.89;0.5;1.52;4.89;190.4;153.6;24;3;9.8;0.25;0.63;0.08;0.12;1.09;1.07;0.104;43.5;10.16;4.79;3.25;0.52;1.82;4.86;146.3;124.4;8.6;3.6;9.7;0.54;0.31;0.09;0.12
1;0;100;50;100;15.16;3.86;11.12;1.23;1.21;0.129;55.4;9.38;4.64;2.79;0.51;1.63;5.58;190.3;153.6;22.3;3.3;11.2;0.25;0.77;0.08;0.11;1.41;1.38;0.106;44.6;12.94;6.11;4.11;0.64;2.23;5.55;152.9;124.3;13;4.5;11.1;0.71;0.4;0.11;0.16
1;0;100;100;0;17.56;3.46;10.14;1.05;1.1;0.105;64.4;10.38;4.82;3.36;0.55;1.8;5.19;193.1;148;31.1;3.6;10.4;0.25;0.63;0.09;0.13;0.94;0.95;0.099;35.6;9.55;4.41;3.02;0.53;1.66;4.95;106.9;85.4;8.2;3.3;9.9;0.56;0.19;0.09;0.11
1;0;100;100;50;17.74;4.35;12.35;1.21;1.32;0.118;63;11.15;5.26;3.45;0.6;1.94;6.24;191.3;144.8;30.2;3.9;12.5;0.25;0.83;0.1;0.14;1.36;1.37;0.102;37;13.39;6.4;4.11;0.78;2.41;6.11;112;87;7.9;4.8;12.2;0.82;0.28;0.11;0.16
1;0;100;100;100;17.66;4.66;13.89;1.48;1.47;0.131;61.6;11.18;5.45;3.42;0.64;1.87;6.98;190.7;144.8;28.2;3.7;14;0.24;1;0.1;0.14;1.77;1.71;0.104;38.4;16.41;7.75;5.13;0.88;2.79;6.91;118.5;87;12.1;5.6;13.8;0.99;0.38;0.14;0.2
1;50;0;0;0;15.47;2.46;7.03;0.83;0.79;0.097;45.8;8.06;3.71;2.63;0.43;1.4;3.58;148.1;125.8;12.4;2.8;7.2;0.47;0.15;0.07;0.1;0.54;0.51;0.088;54.2;5.69;2.71;1.79;0.28;1.05;3.45;175.7;152.4;14.3;2.1;6.9;0.22;0.17;0.05;0.07
1;50;0;0;50;15.33;2.53;7.44;0.89;0.83;0.102;46;8.11;3.81;2.55;0.44;1.38;3.77;149;127;11.6;2.8;7.5;0.46;0.21;0.07;0.1;0.58;0.6;0.091;54;6.55;3;2.06;0.39;1.15;3.67;174.9;150.7;14.5;2.3;7.3;0.21;0.26;0.06;0.07
1;50;0;0;100;14.96;2.91;8.29;0.95;0.9;0.106;45.6;8.46;4.03;2.67;0.42;1.49;4.14;151.2;129.7;10.3;3;8.3;0.48;0.24;0.08;0.1;0.79;0.83;0.102;54.4;8.13;3.73;2.62;0.41;1.42;4.15;180.6;147.4;22;2.8;8.3;0.23;0.44;0.08;0.1
1;50;0;50;0;17.5;2.93;8.44;0.85;0.82;0.096;51.4;8.54;4.05;2.63;0.48;1.5;4.26;150.5;123.3;15.7;3;8.5;0.46;0.19;0.07;0.11;0.76;0.73;0.09;48.6;7.97;3.72;2.51;0.45;1.43;4.18;142.3;116.7;14.4;2.9;8.4;0.39;0.17;0.07;0.09
1;50;0;50;50;17.58;3.5;9.99;0.9;0.91;0.102;51.4;8.88;4.23;2.81;0.45;1.63;5.06;152.1;123.9;14.9;3.3;10.1;0.46;0.26;0.08;0.11;0.97;0.99;0.094;48.6;10.57;4.99;3.36;0.58;1.87;4.93;143.9;116.1;14.2;3.7;9.9;0.52;0.26;0.09;0.13
1;50;0;50;100;17.5;3.94;11.6;1;0.98;0.105;49.9;9.31;4.41;2.92;0.54;1.58;5.78;152.7;124.2;13.7;3.2;11.6;0.45;0.33;0.08;0.11;1.4;1.36;0.1;50.1;13.6;6.45;4.21;0.71;2.36;5.83;153.6;115.8;21.4;4.7;11.7;0.66;0.42;0.12;0.16
1;50;0;100;0;19.52;3.26;9.61;0.93;0.87;0.095;59;9.14;4.3;2.87;0.49;1.6;4.87;152.8;120.6;19.3;3.2;9.7;0.45;0.23;0.08;0.11;0.87;0.87;0.092;41;9.5;4.38;3.08;0.53;1.66;4.75;106.2;79.4;13.9;3.3;9.5;0.52;0.16;0.08;0.11
1;50;0;100;50;19.63;4.12;11.91;0.99;0.99;0.101;58.1;9.74;4.6;3.06;0.51;1.68;6.04;153.4;119.6;18.4;3.4;12.1;0.44;0.35;0.08;0.12;1.3;1.3;0.095;41.9;13.65;6.36;4.3;0.73;2.43;5.87;110.4;80.1;13.7;4.9;11.7;0.77;0.24;0.12;0.16
1;50;0;100;100;19.42;4.82;13.66;1.17;1.1;0.105;56.3;10.38;4.92;3.25;0.56;1.84;6.85;154.2;119.5;17.3;3.7;13.7;0.44;0.43;0.09;0.13;1.59;1.67;0.099;43.7;16.77;7.83;5.29;0.94;2.98;6.81;119.7;80.1;20;6;13.6;0.92;0.39;0.15;0.21
1;50;50;0;0;15.36;2.99;8.38;1.14;1.08;0.1;46;10.7;5.15;3.3;0.59;1.88;4.17;150.3;125.7;12.5;3.8;8.3;0.63;0.22;0.1;0.13;0.56;0.56;0.092;54;5.99;2.83;1.81;0.33;1.11;4.2;176.4;152.4;13.3;2.2;8.4;0.22;0.21;0.06;0.07
1;50;50;0;50;15.22;3.15;9.21;1.2;1.17;0.105;46.4;11.13;5.22;3.52;0.59;1.9;4.61;151.9;127.2;11.7;3.8;9.2;0.64;0.31;0.09;0.14;0.71;0.72;0.101;53.6;7.05;3.31;2.21;0.38;1.25;4.61;175.6;150.6;13.3;2.5;9.2;0.22;0.36;0.06;0.08
1;50;50;0;100;15.04;3.46;9.78;1.23;1.25;0.111;46;11.25;5.32;3.51;0.6;1.99;4.94;154;129.8;10.4;4;9.9;0.64;0.37;0.1;0.14;0.92;0.95;0.113;54;8.37;3.94;2.67;0.43;1.48;4.84;180.7;147.3;20.7;3;9.7;0.23;0.55;0.08;0.1
1;50;50;50;0;17.58;3.47;10.01;1.13;1.14;0.099;51.3;11.45;5.32;3.66;0.59;1.95;5;152;122.1;16;3.9;10;0.6;0.29;0.1;0.14;0.81;0.79;0.093;48.7;8.36;3.94;2.61;0.45;1.53;5.01;144;117.8;13.1;3.1;10;0.4;0.21;0.08;0.1
1;50;50;50;50;17.6;4.12;11.82;1.26;1.29;0.105;51.3;12.17;5.77;3.77;0.66;2.13;5.98;153.7;122.5;15;4.3;12;0.62;0.41;0.11;0.15;1.07;1.11;0.1;48.7;11.11;5.21;3.48;0.59;1.99;5.84;146.2;117.4;13.1;4;11.7;0.53;0.35;0.1;0.14
1;50;50;50;100;17.53;4.57;13.03;1.42;1.35;0.112;50.9;12.02;5.74;3.72;0.63;2.08;6.47;160.9;123;20.8;4.2;12.9;0.6;0.51;0.1;0.14;1.52;1.48;0.106;49.1;13.92;6.67;4.28;0.76;2.49;6.56;154.9;117;19.8;5;13.1;0.67;0.52;0.13;0.16
1;50;50;100;0;19.43;3.87;11.38;1.26;1.27;0.102;58.8;12.43;5.81;3.91;0.65;2.17;5.76;153.9;118.5;19.5;4.3;11.5;0.59;0.41;0.11;0.16;0.92;0.93;0.094;41.2;9.84;4.57;3.07;0.57;1.7;5.62;107.9;80.7;12.5;3.4;11.2;0.53;0.2;0.08;0.12
1;50;50;100;50;19.8;4.67;13.61;1.49;1.38;0.105;59.4;13.09;6.26;4.03;0.69;2.27;6.91;164.1;117.3;28.4;4.5;13.8;0.59;0.52;0.12;0.16;1.35;1.39;0.099;40.6;13.94;6.51;4.45;0.75;2.41;6.7;112.1;81.5;12.4;4.8;13.4;0.77;0.32;0.13;0.17
1;50;50;100;100;19.74;5.38;15.21;1.56;1.53;0.114;57.6;13.41;6.44;4.14;0.67;2.36;7.69;164.4;118.1;26.3;4.7;15.4;0.59;0.66;0.12;0.16;1.72;1.79;0.104;42.4;17.09;7.99;5.37;0.92;3.02;7.52;121.1;81;19;6;15;0.93;0.51;0.16;0.2
1;50;100;0;0;15.61;3.43;9.98;1.48;1.39;0.103;47.2;13.48;6.47;4.21;0.68;2.36;4.99;158.9;124.9;19.3;4.7;10;0.78;0.32;0.12;0.16;0.7;0.64;0.1;52.8;6.27;2.96;1.96;0.34;1.07;5;177.9;153.4;12.3;2.1;10;0.22;0.29;0.05;0.07
1;50;100;0;50;15.22;3.63;10.48;1.54;1.53;0.111;46.8;13.76;6.58;4.24;0.76;2.41;5.28;160;127.3;17.3;4.8;10.6;0.8;0.44;0.12;0.17;0.81;0.82;0.112;53.2;7.28;3.41;2.29;0.39;1.22;5.21;182.2;150.5;18.8;2.4;10.4;0.21;0.46;0.07;0.09
1;50;100;0;100;14.69;3.8;11.1;1.67;1.61;0.113;47;14.19;6.73;4.38;0.72;2.37;5.62;160.6;129.1;15.5;4.7;11.2;0.83;0.49;0.12;0.17;1.03;1.04;0.124;53;8.38;4.02;2.52;0.44;1.43;5.48;180.8;148.2;18.8;2.9;11;0.23;0.64;0.07;0.1
1;50;100;50;0;17.53;4.05;11.6;1.49;1.54;0.105;52.7;14.59;6.8;4.6;0.77;2.54;5.89;161.9;121;24.1;5.1;11.8;0.77;0.47;0.13;0.18;0.86;0.85;0.1;47.3;8.43;3.96;2.62;0.46;1.51;5.71;145.2;118.8;11.9;3;11.4;0.39;0.28;0.08;0.1
1;50;100;50;50;17.75;4.55;13.29;1.71;1.71;0.112;51.4;15.2;7.22;4.76;0.82;2.63;6.68;162.7;121;23.1;5.3;13.4;0.77;0.61;0.14;0.18;1.27;1.21;0.106;48.6;11.33;5.38;3.57;0.63;1.92;6.61;154;118.8;18.1;3.8;13.2;0.53;0.44;0.1;0.14
1;50;100;50;100;17.39;5.08;14.58;1.82;1.79;0.119;51.3;15.07;7.29;4.62;0.8;2.56;7.37;163;122.8;20.4;5.1;14.7;0.77;0.7;0.14;0.18;1.64;1.61;0.113;48.7;14.2;6.81;4.38;0.76;2.51;7.21;154.9;117.2;18.3;5;14.4;0.68;0.64;0.12;0.17
1;50;100;100;0;19.73;4.62;13.21;1.71;1.66;0.106;59.8;15.66;7.46;4.91;0.85;2.8;6.62;165;116.3;29.8;5.6;13.2;0.72;0.6;0.14;0.19;1.07;1.03;0.099;40.2;10.37;4.9;3.27;0.56;1.82;6.58;110.6;82.1;11.7;3.6;13.2;0.54;0.28;0.08;0.13
1;50;100;100;50;19.94;5.44;15.33;1.85;1.87;0.114;58;16.4;7.91;5.04;0.82;2.91;7.74;165.6;115.7;28.7;5.8;15.5;0.74;0.78;0.16;0.19;1.49;1.48;0.104;42;14.22;6.73;4.44;0.79;2.53;7.59;119.9;82.5;17.1;5.1;15.2;0.77;0.42;0.12;0.17
1;50;100;100;100;19.73;5.82;16.86;2.19;2.03;0.122;57.5;16.67;8.13;5.1;0.87;2.78;8.54;165.1;115.7;26.7;5.6;17.1;0.74;0.95;0.15;0.19;1.98;1.89;0.109;42.5;17.33;8.36;5.35;0.9;3.04;8.31;122;82.5;16.8;6.1;16.6;0.95;0.58;0.15;0.2
1;100;0;0;0;17.53;2.88;8.24;0.97;0.99;0.099;38.2;9.9;4.6;3.12;0.56;1.73;4.09;109.6;85.5;12.4;3.5;8.2;0.63;0.14;0.09;0.12;0.59;0.55;0.086;61.8;6.34;3.03;1.98;0.33;1.15;4.15;177.5;149.3;17.7;2.3;8.3;0.21;0.21;0.05;0.08
1;100;0;0;50;17.29;3.16;9.06;1.08;1.07;0.103;38.9;10.28;4.83;3.2;0.53;1.76;4.69;111.5;87.5;11.1;3.5;9.4;0.64;0.2;0.09;0.13;0.75;0.71;0.091;61.1;7.74;3.65;2.39;0.45;1.4;4.37;175.3;145.6;18.2;2.8;8.7;0.21;0.34;0.07;0.09
1;100;0;0;100;17.32;3.53;10.09;1.13;1.11;0.105;38.3;10.47;4.91;3.32;0.59;1.87;5.05;113.3;89.6;9.8;3.7;10.1;0.66;0.23;0.09;0.12;0.96;0.97;0.102;61.7;9.45;4.36;3.04;0.51;1.66;5.03;182.9;141.6;27.9;3.3;10.1;0.22;0.56;0.08;0.11
1;100;0;50;0;19.36;3.41;9.54;1.04;1.02;0.098;44;10.34;4.87;3.21;0.57;1.89;4.87;113;84;15.5;3.8;9.7;0.61;0.18;0.09;0.13;0.76;0.77;0.09;56;8.47;4;2.67;0.45;1.52;4.67;144.2;114.2;17.6;3;9.3;0.37;0.21;0.08;0.1
1;100;0;50;50;19.56;3.9;11.31;1.14;1.1;0.103;43.9;10.7;4.98;3.43;0.57;1.83;5.74;114.4;84.9;14.4;3.7;11.5;0.61;0.26;0.1;0.13;1.06;1.08;0.093;56.1;11.53;5.34;3.65;0.64;2.07;5.57;146.1;113;17.8;4.1;11.1;0.5;0.33;0.11;0.13
1;100;0;50;100;19.31;4.57;13.08;1.22;1.19;0.105;42.9;11.27;5.34;3.53;0.58;1.92;6.71;116.7;86.4;13;3.8;13.4;0.64;0.31;0.1;0.14;1.45;1.48;0.101;57.1;14.7;6.97;4.56;0.74;2.65;6.37;155.6;110.9;26.7;5.3;12.7;0.64;0.54;0.13;0.18
1;100;0;100;0;21.2;3.8;10.78;1.14;1.05;0.097;51.4;10.79;5.14;3.37;0.58;1.88;5.41;115.6;82.4;18.6;3.8;10.8;0.6;0.22;0.1;0.13;0.96;0.94;0.091;48.6;10.32;4.83;3.27;0.56;1.92;5.37;109.4;77.6;17.2;3.8;10.7;0.52;0.21;0.09;0.13
1;100;0;100;50;21.55;4.54;13.45;1.27;1.21;0.102;51;11.79;5.5;3.69;0.67;2;6.81;117.8;82.4;17.8;4;13.6;0.62;0.34;0.11;0.15;1.42;1.39;0.094;49;14.67;6.88;4.67;0.81;2.54;6.64;113.3;77.6;17.3;5.1;13.3;0.75;0.33;0.13;0.18
1;100;0;100;100;21.53;5.19;15.11;1.32;1.28;0.105;49;12.14;5.79;3.71;0.68;2.08;7.68;119.1;82.8;16.8;4.2;15.4;0.6;0.42;0.11;0.15;1.8;1.78;0.1;51;17.73;8.34;5.57;1;3.1;7.42;124.1;77.2;25.8;6.2;14.8;0.89;0.52;0.17;0.21
1;100;50;0;0;17.72;3.68;10.5;1.48;1.44;0.102;39.3;14.12;6.74;4.33;0.78;2.48;5.36;114.4;86.5;12.3;5;10.7;0.92;0.22;0.13;0.17;0.62;0.63;0.091;60.7;6.81;3.24;2.03;0.38;1.2;5.14;177;147.5;16.8;2.4;10.3;0.21;0.28;0.06;0.08
1;100;50;0;50;17.89;3.99;11.55;1.58;1.52;0.105;38.8;14.37;6.74;4.57;0.73;2.46;5.88;116.5;88.8;11.1;4.9;11.8;0.94;0.28;0.13;0.18;0.92;0.87;0.102;61.2;8.5;4.08;2.59;0.48;1.53;5.67;184.1;143.2;26.5;3.1;11.3;0.21;0.49;0.07;0.1
1;100;50;0;100;17.36;4.33;12.3;1.64;1.63;0.109;39.5;14.85;7.05;4.57;0.8;2.56;6.33;118.4;90.9;9.7;5.1;12.7;0.97;0.33;0.14;0.18;1.15;1.15;0.115;60.5;9.91;4.75;3.08;0.55;1.76;5.97;181.4;139.3;26.7;3.5;11.9;0.21;0.73;0.09;0.11
1;100;50;50;0;19.66;4.07;12.17;1.58;1.5;0.101;44.6;14.88;6.99;4.75;0.78;2.51;6.2;117.1;84.2;15.5;5;12.4;0.91;0.28;0.12;0.19;0.88;0.84;0.093;55.4;9.02;4.17;2.83;0.5;1.56;5.97;145.5;113.9;16.5;3.1;11.9;0.38;0.27;0.08;0.11
1;100;50;50;50;19.81;4.78;13.72;1.63;1.59;0.105;43.2;15.03;7.06;4.67;0.8;2.61;6.83;118.6;85.2;14.5;5.2;13.7;0.9;0.38;0.13;0.18;1.21;1.24;0.101;56.8;12.22;5.75;3.8;0.68;2.17;6.9;156;112.5;25.4;4.3;13.8;0.5;0.48;0.11;0.15
1;100;50;50;100;19.81;5.46;15.43;1.81;1.76;0.111;44.8;15.86;7.56;4.98;0.83;2.76;7.79;127.5;86.3;20.1;5.5;15.6;0.93;0.5;0.15;0.19;1.62;1.65;0.108;55.2;15.16;7.17;4.75;0.8;2.7;7.64;157.1;111;25.4;5.4;15.3;0.63;0.7;0.14;0.18
1;100;50;100;0;21.48;4.64;13.28;1.61;1.6;0.103;51.8;15.54;7.33;4.79;0.86;2.75;6.65;119.5;81.8;18.9;5.5;13.3;0.87;0.4;0.14;0.19;1.02;1.01;0.094;48.2;10.69;5;3.38;0.6;1.9;6.63;111.3;78.2;16;3.8;13.3;0.51;0.27;0.1;0.13
1;100;50;100;50;21.69;5.46;15.91;1.76;1.71;0.105;51.4;16.14;7.69;5.05;0.86;2.86;8;130.4;82;26.6;5.7;16;0.88;0.49;0.14;0.2;1.57;1.52;0.1;48.6;15.19;7.09;4.83;0.86;2.6;7.91;123.1;77.9;24.2;5.2;15.8;0.75;0.45;0.13;0.19
1;100;50;100;100;21.75;6.06;17.5;1.95;1.89;0.112;51.1;16.86;8.02;5.24;0.91;2.91;8.79;131.3;82.2;25.6;5.8;17.6;0.88;0.65;0.15;0.21;1.91;1.92;0.106;48.9;18.08;8.59;5.64;0.98;3.15;8.71;125.4;77.7;23.9;6.3;17.4;0.88;0.65;0.16;0.22
1;100;100;0;0;17.82;4.29;12.39;1.83;1.77;0.103;41;17.07;8.08;5.33;0.94;2.97;6.28;123.5;86.8;18.2;5.9;12.6;1.1;0.31;0.15;0.21;0.78;0.77;0.102;59;7.5;3.49;2.35;0.41;1.32;6.11;177.8;146.9;16.1;2.6;12.2;0.21;0.41;0.07;0.08
1;100;100;0;50;17.85;4.61;13.25;1.99;1.93;0.11;40.4;17.61;8.38;5.57;0.92;3.07;6.76;124.9;88.6;16.6;6.1;13.5;1.13;0.43;0.16;0.22;0.98;1.01;0.114;59.6;8.83;4.21;2.71;0.46;1.54;6.49;184.3;143.6;24.6;3.1;13;0.21;0.62;0.07;0.1
1;100;100;0;100;17.28;4.87;13.93;2.03;2;0.111;40.6;17.89;8.48;5.55;0.96;3.09;7;125;90;14.9;6.2;14;1.15;0.47;0.15;0.23;1.24;1.3;0.127;59.4;10.16;4.88;3.13;0.53;1.78;6.92;183.1;141;24.7;3.6;13.8;0.22;0.87;0.09;0.12
1;100;100;50;0;19.65;4.95;13.83;1.91;1.9;0.105;46.4;17.98;8.51;5.61;0.95;3.15;7.02;127.4;83.7;23.3;6.3;14;1.07;0.45;0.16;0.22;1;0.97;0.101;53.6;9.59;4.65;2.9;0.5;1.8;6.81;147.3;114.6;15.5;3.6;13.6;0.39;0.38;0.1;0.11
1;100;100;50;50;19.72;5.39;15.35;2.07;2.06;0.111;45.3;18.55;8.84;5.81;0.94;3.24;7.81;128.9;85.1;21.8;6.5;15.6;1.09;0.57;0.18;0.22;1.35;1.34;0.109;54.7;12.29;5.82;3.8;0.66;2.15;7.53;155.6;112.7;23.5;4.3;15.1;0.49;0.6;0.11;0.14
1;100;100;50;100;19.52;5.89;17.1;2.17;2.19;0.116;45.2;18.83;8.96;5.85;1;3.21;8.69;129.5;86;19.7;6.4;17.4;1.1;0.68;0.17;0.23;1.81;1.8;0.116;54.8;15.39;7.48;4.73;0.79;2.68;8.41;157.1;111.4;23.5;5.4;16.8;0.63;0.85;0.13;0.18
1;100;100;100;0;21.85;5.26;15.25;2.07;2;0.106;53.6;18.89;9;5.82;1.05;3.32;7.59;131.4;80.4;29.2;6.6;15.2;1;0.59;0.17;0.23;1.17;1.13;0.1;46.4;11.25;5.35;3.47;0.61;1.95;7.67;113.8;79.4;15.1;3.9;15.3;0.52;0.38;0.09;0.14
1;100;100;100;50;21.66;6.14;17.62;2.34;2.21;0.112;51.8;19.73;9.51;6.12;1;3.45;8.96;132.9;80.9;27.1;6.9;17.9;1.05;0.74;0.19;0.24;1.72;1.63;0.106;48.2;15.31;7.26;4.75;0.85;2.69;8.66;123.5;79;21.9;5.4;17.3;0.75;0.56;0.13;0.18
1;100;100;100;100;21.87;6.59;19.04;2.43;2.4;0.119;51.1;20.16;9.67;6.15;1.12;3.42;9.48;132.7;80.6;26.2;6.8;19;1.04;0.93;0.18;0.25;2.09;2.07;0.112;48.9;18.41;8.71;5.72;0.97;3.17;9.56;126.8;79.2;22.1;6.3;19.1;0.9;0.79;0.16;0.22
2;0;0;0;0;13.84;1.88;5.48;0.59;0.56;0.092;53;5.95;2.73;1.95;0.29;1;2.86;190.2;168.5;14;2;5.7;0.26;0.17;0.05;0.07;0.48;0.44;0.089;47;4.89;2.33;1.51;0.26;0.88;2.62;168.7;151.3;10.4;1.8;5.2;0.22;0.12;0.04;0.06
2;0;0;0;50;13.26;2.13;6;0.62;0.61;0.101;52.9;6.02;2.88;1.86;0.29;1.08;2.95;189.8;169.1;12.6;2.2;5.9;0.26;0.23;0.05;0.08;0.54;0.54;0.092;47.1;5.77;2.7;1.87;0.28;1.05;3.04;169.3;150.7;10.4;2.1;6.1;0.23;0.18;0.05;0.07
2;0;0;0;100;12.94;2.25;6.42;0.64;0.66;0.105;52.5;6.25;2.93;1.92;0.36;1.08;3.24;191.4;171.2;11.5;2.2;6.5;0.27;0.26;0.05;0.08;0.64;0.63;0.096;47.5;6.48;3.08;2;0.35;1.17;3.19;173.4;148.9;15.8;2.3;6.4;0.23;0.27;0.06;0.07
2;0;0;50;0;15.8;2.41;6.82;0.63;0.6;0.091;58.5;6.48;3.05;2.02;0.34;1.17;3.44;191.2;164.6;17.4;2.3;6.9;0.25;0.21;0.06;0.08;0.63;0.64;0.091;41.5;6.97;3.23;2.22;0.36;1.25;3.38;135.3;116.1;10;2.5;6.8;0.38;0.12;0.06;0.08
2;0;0;50;50;15.59;2.83;8.43;0.73;0.71;0.1;58.1;7;3.29;2.25;0.34;1.17;4.33;191.1;163.9;16.2;2.3;8.7;0.26;0.3;0.07;0.09;0.88;0.89;0.094;41.9;9.37;4.3;3.05;0.55;1.65;4.1;138;116.5;10;3.3;8.2;0.52;0.17;0.08;0.11
2;0;0;50;100;15.48;3.39;9.85;0.81;0.77;0.105;56.9;7.28;3.49;2.31;0.37;1.25;5.07;191.8;164.2;14.9;2.5;10.1;0.25;0.36;0.06;0.1;1.23;1.18;0.097;43.1;12.21;5.68;3.85;0.67;2.14;4.78;145.4;116.4;15.2;4.3;9.6;0.68;0.26;0.1;0.15
2;0;0;100;0;17.48;2.77;8.19;0.71;0.66;0.09;66;7.25;3.45;2.28;0.37;1.26;4.13;192.9;161.7;20.4;2.5;8.3;0.26;0.25;0.06;0.09;0.81;0.82;0.093;34;8.73;4;2.86;0.42;1.51;4.06;99.4;78.5;9.8;3;8.1;0.52;0.11;0.07;0.11
2;0;0;100;50;18.11;3.68;10.52;0.79;0.81;0.1;64.8;8.07;3.81;2.54;0.42;1.41;5.4;192.4;158.7;20;2.8;10.8;0.26;0.38;0.07;0.1;1.19;1.19;0.095;35.2;12.42;5.83;3.96;0.69;2.26;5.11;104.3;79.8;9.7;4.5;10.2;0.76;0.17;0.12;0.15
2;0;0;100;100;17.96;4.2;12.15;0.93;0.91;0.105;63;8.57;4.1;2.7;0.41;1.47;6.23;191.6;157.6;18.6;2.9;12.5;0.25;0.47;0.08;0.1;1.57;1.5;0.097;37;15.43;7.32;4.83;0.86;2.73;5.93;112.3;80.3;14.6;5.5;11.9;0.93;0.24;0.14;0.18
2;0;50;0;0;13.43;2.14;6.05;0.67;0.67;0.096;52.6;6.89;3.19;2.21;0.39;1.23;3.11;188.8;166.1;14.1;2.5;6.2;0.27;0.24;0.07;0.09;0.45;0.47;0.091;47.4;4.98;2.33;1.58;0.26;0.91;2.94;170.2;153.4;9.1;1.8;5.9;0.22;0.14;0.05;0.06
2;0;50;0;50;13.03;2.26;6.44;0.77;0.75;0.105;52.8;7.09;3.4;2.22;0.37;1.23;3.34;189.5;167.8;12.6;2.5;6.7;0.27;0.32;0.07;0.09;0.58;0.58;0.1;47.2;5.74;2.72;1.8;0.27;1.03;3.1;169.7;151.9;9.5;2.1;6.2;0.22;0.24;0.05;0.07
2;0;50;0;100;12.69;2.41;6.97;0.84;0.85;0.114;52.1;7.35;3.5;2.3;0.38;1.24;3.54;189.8;168.3;11.9;2.5;7.1;0.28;0.42;0.06;0.09;0.67;0.68;0.105;47.9;6.42;3;2.02;0.34;1.17;3.43;174.6;151.4;14;2.3;6.9;0.23;0.32;0.05;0.07
2;0;50;50;0;15.43;2.71;7.58;0.78;0.75;0.095;58;7.83;3.72;2.43;0.41;1.42;3.85;189.3;161.3;17.5;2.8;7.7;0.26;0.32;0.08;0.1;0.66;0.68;0.094;42;7.18;3.34;2.26;0.42;1.29;3.73;137;118.3;8.7;2.6;7.5;0.39;0.14;0.06;0.09
2;0;50;50;50;15.31;3.17;9.07;0.91;0.87;0.105;57.4;8.25;3.98;2.53;0.45;1.47;4.6;188.8;160.4;16.3;2.9;9.2;0.26;0.44;0.08;0.1;0.95;0.95;0.099;42.6;9.54;4.43;3.1;0.49;1.71;4.47;140;118.9;8.8;3.4;8.9;0.53;0.22;0.08;0.11
2;0;50;50;100;15.33;3.58;10.52;1.03;1;0.116;57.1;8.58;4.07;2.68;0.43;1.45;5.26;196.5;159.8;23.3;2.9;10.5;0.26;0.56;0.08;0.1;1.29;1.24;0.101;42.9;12.22;5.74;3.86;0.64;2.13;5.26;147.3;119.3;13.3;4.3;10.5;0.68;0.31;0.1;0.15
2;0;50;100;0;17.78;3.25;9.12;0.95;0.92;0.1;65;9.18;4.35;2.86;0.48;1.66;4.64;189.8;155.8;21.4;3.3;9.3;0.26;0.46;0.09;0.12;0.81;0.85;0.095;35;8.85;4.17;2.73;0.52;1.59;4.48;101.9;81.1;8.6;3.2;9;0.53;0.13;0.08;0.11
2;0;50;100;50;17.73;3.92;11.43;1.02;1.01;0.105;65.1;9.56;4.46;3.03;0.51;1.63;5.75;198.9;153.6;30.5;3.3;11.5;0.25;0.56;0.09;0.12;1.27;1.26;0.098;34.9;12.73;6.08;3.96;0.69;2.29;5.68;106.4;82.1;8.4;4.6;11.4;0.78;0.21;0.11;0.15
2;0;50;100;100;18;4.43;13.04;1.29;1.21;0.117;63.4;10.28;4.94;3.16;0.53;1.73;6.6;197.8;151.6;29.5;3.5;13.2;0.25;0.75;0.09;0.12;1.65;1.56;0.1;36.6;15.5;7.36;4.92;0.82;2.7;6.45;114;83;12.7;5.4;12.9;0.95;0.3;0.13;0.18
2;0;100;0;0;12.99;2.31;6.57;0.83;0.8;0.1;53;7.91;3.63;2.57;0.41;1.35;3.35;193.9;163.6;21;2.7;6.7;0.27;0.35;0.07;0.1;0.51;0.53;0.099;47;5.2;2.48;1.62;0.26;0.96;3.21;172;155.6;8.1;1.9;6.4;0.23;0.19;0.05;0.06
2;0;100;0;50;12.85;2.51;7.03;0.94;0.96;0.116;52.8;8.28;3.95;2.54;0.47;1.45;3.54;193.4;163.5;20;2.9;7.1;0.27;0.51;0.08;0.1;0.55;0.6;0.104;47.2;5.73;2.7;1.81;0.3;1.06;3.49;172.9;155.7;8.1;2.1;7;0.23;0.26;0.05;0.07
2;0;100;0;100;12.11;2.57;7.37;1.03;1.06;0.126;52.3;8.37;4.1;2.49;0.45;1.46;3.68;193.1;165;17.8;2.9;7.4;0.28;0.6;0.08;0.1;0.77;0.74;0.114;47.7;6.5;3.11;2.05;0.34;1.11;3.69;175.9;154.4;11.9;2.2;7.4;0.24;0.37;0.05;0.08
2;0;100;50;0;15.39;2.91;8.48;0.95;0.99;0.105;58.4;9.36;4.36;2.99;0.53;1.64;4.33;196.1;157.2;27;3.3;8.7;0.26;0.52;0.09;0.12;0.74;0.73;0.099;41.6;7.33;3.46;2.31;0.39;1.27;4.15;139.5;121;7.7;2.5;8.3;0.4;0.18;0.07;0.09
2;0;100;50;50;15.33;3.43;10.02;1.08;1.13;0.117;57.9;9.66;4.58;3;0.52;1.65;5.1;195.6;157;25.1;3.3;10.2;0.27;0.66;0.08;0.12;0.98;1.01;0.101;42.1;9.9;4.69;3.15;0.52;1.78;4.92;142.4;121.1;7.9;3.6;9.8;0.55;0.26;0.09;0.12
2;0;100;50;100;14.97;3.72;11.05;1.3;1.29;0.129;56.7;10.04;4.87;3.08;0.52;1.69;5.57;194.2;155.9;23.9;3.4;11.1;0.27;0.82;0.09;0.12;1.34;1.3;0.105;43.3;12.31;5.72;3.88;0.64;2.03;5.48;148;121.9;11.2;4.1;11;0.7;0.35;0.1;0.15
2;0;100;100;0;17.52;3.46;10.03;1.12;1.14;0.105;65.6;10.72;4.97;3.38;0.57;1.84;5.06;197.6;151.5;32.3;3.7;10.1;0.26;0.65;0.1;0.13;0.91;0.9;0.099;34.4;9.13;4.23;2.92;0.51;1.62;4.97;103.7;83;7.5;3.2;9.9;0.54;0.18;0.08;0.11
2;0;100;100;50;17.67;4.34;12.49;1.33;1.35;0.118;64.3;11.43;5.56;3.55;0.58;1.99;6.31;196.3;148.4;31.3;4;12.6;0.25;0.85;0.11;0.14;1.3;1.32;0.1;35.7;13.12;6.15;4.16;0.72;2.35;6.18;108.6;84.4;7.2;4.7;12.4;0.81;0.23;0.11;0.16
2;0;100;100;100;17.95;4.76;13.95;1.6;1.59;0.131;62.6;12.13;5.96;3.67;0.61;2.03;7.04;194.5;146;30.3;4.1;14.1;0.25;1.08;0.11;0.15;1.69;1.64;0.103;37.4;15.82;7.45;5;0.85;2.73;6.91;115.8;85.4;11.1;5.5;13.8;0.98;0.34;0.13;0.19
2;50;0;0;0;15.57;2.39;7.06;0.83;0.81;0.097;47.3;8.26;3.84;2.6;0.49;1.41;3.6;152.8;129.3;13.4;2.8;7.2;0.48;0.15;0.07;0.1;0.46;0.49;0.087;52.7;5.51;2.54;1.79;0.28;0.98;3.46;170.2;147.8;13.5;2;6.9;0.21;0.16;0.05;0.07
2;50;0;0;50;15.31;2.6;7.69;0.87;0.87;0.102;47.5;8.49;3.95;2.7;0.47;1.45;3.86;153.7;130.7;12.4;2.9;7.7;0.48;0.21;0.08;0.11;0.6;0.61;0.092;52.5;6.54;3.04;2.1;0.37;1.16;3.83;169.8;146.2;13.7;2.3;7.7;0.22;0.25;0.06;0.08
2;50;0;0;100;15.16;2.86;8.34;0.98;0.93;0.105;47.1;8.81;4.15;2.77;0.46;1.49;4.28;155.9;133.2;11.2;3;8.6;0.49;0.26;0.08;0.11;0.75;0.79;0.102;52.9;7.74;3.65;2.41;0.44;1.37;4.06;175.2;143.3;21.1;2.7;8.1;0.22;0.41;0.07;0.09
2;50;0;50;0;17.5;3;8.6;0.9;0.87;0.096;53;9.05;4.28;2.85;0.51;1.61;4.43;155.3;126.5;16.7;3.2;8.9;0.48;0.2;0.08;0.11;0.74;0.7;0.09;47;7.67;3.6;2.43;0.44;1.38;4.17;137.5;113.4;13.1;2.8;8.3;0.38;0.16;0.07;0.09
2;50;0;50;50;17.68;3.53;9.94;0.95;0.96;0.102;52.7;9.35;4.46;2.92;0.5;1.69;4.98;156.2;127;15.8;3.4;10;0.47;0.29;0.09;0.12;1.01;0.97;0.094;47.3;10.3;4.81;3.26;0.55;1.83;4.96;140.1;113;13.6;3.7;9.9;0.51;0.25;0.09;0.13
2;50;0;50;100;17.42;3.99;11.43;1.13;1.04;0.105;51.3;9.8;4.62;3.07;0.51;1.63;5.82;156.7;127.1;14.8;3.3;11.6;0.47;0.35;0.08;0.13;1.28;1.3;0.1;48.7;12.99;6.12;4.08;0.71;2.36;5.61;148.7;112.9;19.9;4.7;11.2;0.64;0.39;0.12;0.15
2;50;0;100;0;19.64;3.35;9.64;0.99;0.92;0.094;60.7;9.66;4.54;3.1;0.51;1.7;5.03;157.9;124.2;20.3;3.4;10.1;0.46;0.25;0.09;0.12;0.86;0.83;0.091;39.3;9.06;4.26;2.86;0.53;1.65;4.6;102.3;76.8;13;3.3;9.2;0.49;0.16;0.08;0.1
2;50;0;100;50;19.79;4.15;11.92;1.06;1.06;0.101;59.5;10.37;4.86;3.29;0.57;1.81;6.09;157.6;122.5;19.3;3.6;12.2;0.46;0.37;0.09;0.13;1.25;1.25;0.095;40.5;13.12;6.13;4.13;0.72;2.34;5.83;107.1;77.8;12.9;4.7;11.7;0.74;0.23;0.12;0.15
2;50;0;100;100;19.67;4.63;13.74;1.23;1.14;0.105;57.7;10.79;5.15;3.31;0.61;1.89;6.94;158.5;122.5;18.3;3.8;13.9;0.45;0.46;0.1;0.13;1.6;1.6;0.099;42.3;16.08;7.42;5.22;0.9;2.74;6.79;116.3;77.8;19.5;5.5;13.6;0.89;0.38;0.13;0.2
2;50;50;0;0;15.78;2.98;8.64;1.19;1.12;0.1;47.5;11.19;5.28;3.54;0.6;1.91;4.49;155.3;128.9;13.5;3.8;9;0.64;0.24;0.1;0.14;0.53;0.54;0.091;52.5;5.83;2.76;1.8;0.32;1.06;4.16;171.5;148.2;12.8;2.1;8.3;0.22;0.21;0.05;0.07
2;50;50;0;50;15.23;3.22;9.14;1.25;1.2;0.105;47.9;11.35;5.36;3.6;0.57;2;4.73;156.4;130.8;12.2;4;9.5;0.65;0.31;0.1;0.14;0.71;0.7;0.101;52.1;6.83;3.23;2.16;0.35;1.23;4.41;170.1;146.1;12.7;2.5;8.8;0.22;0.34;0.07;0.08
2;50;50;0;100;15.01;3.41;9.91;1.3;1.32;0.111;47.2;11.81;5.56;3.71;0.66;2.03;5.05;157.5;131.9;11.5;4.1;10.1;0.66;0.41;0.1;0.15;0.81;0.84;0.107;52.8;7.78;3.68;2.44;0.42;1.38;4.86;176.3;144.8;19.1;2.8;9.7;0.22;0.46;0.07;0.09
2;50;50;50;0;17.6;3.56;10.07;1.16;1.19;0.099;52.9;11.95;5.66;3.73;0.61;2.14;5.15;156.7;125.2;17;4.3;10.3;0.62;0.31;0.11;0.15;0.76;0.75;0.094;47.1;7.95;3.73;2.52;0.46;1.43;4.92;139.4;114.6;12.1;2.9;9.8;0.38;0.2;0.07;0.1
2;50;50;50;50;17.5;4.03;11.51;1.38;1.32;0.105;52.5;12.49;5.92;3.83;0.72;2.12;5.83;157;125.2;15.9;4.2;11.7;0.62;0.43;0.11;0.16;1.03;1.07;0.1;47.5;10.68;5;3.33;0.56;1.91;5.68;141.8;114.5;12.2;3.8;11.4;0.52;0.32;0.1;0.13
2;50;50;50;100;17.55;4.5;13.04;1.51;1.44;0.113;52.6;12.78;6.11;3.97;0.65;2.19;6.64;166;126.1;22.3;4.4;13.3;0.63;0.55;0.12;0.15;1.35;1.37;0.103;47.4;13.26;6.2;4.16;0.76;2.3;6.41;149.6;113.7;18.4;4.6;12.8;0.65;0.45;0.12;0.15
2;50;50;100;0;19.69;3.99;11.41;1.33;1.33;0.102;60;13.03;6.12;4.09;0.71;2.28;5.7;158;121.5;20.5;4.6;11.4;0.61;0.44;0.12;0.16;0.91;0.9;0.094;40;9.52;4.42;2.97;0.54;1.7;5.71;105.1;78.4;11.9;3.4;11.4;0.51;0.19;0.09;0.12
2;50;50;100;50;19.9;4.68;13.72;1.53;1.44;0.105;60.7;13.68;6.45;4.31;0.72;2.29;6.98;168.7;120.1;30;4.6;14;0.61;0.55;0.12;0.17;1.26;1.33;0.099;39.3;13.32;6.19;4.28;0.7;2.39;6.74;109;79.2;11.6;4.8;13.5;0.74;0.31;0.12;0.16
2;50;50;100;100;19.87;5.29;15.28;1.73;1.6;0.114;58.8;14.01;6.76;4.24;0.76;2.4;7.76;168.2;119.9;28;4.8;15.5;0.59;0.71;0.13;0.17;1.7;1.68;0.101;41.2;16.5;7.76;5.17;0.9;2.9;7.51;118;79.3;17.8;5.8;15;0.91;0.43;0.14;0.2
2;50;100;0;0;15.56;3.52;10.13;1.44;1.44;0.103;48.6;14.01;6.57;4.44;0.73;2.39;5.09;163.5;128.3;20.2;4.8;10.2;0.81;0.34;0.12;0.17;0.62;0.63;0.101;51.4;6.16;2.97;1.9;0.3;1.13;5.04;172.8;148.9;11.5;2.3;10.1;0.22;0.28;0.05;0.08
2;50;100;0;50;15.28;3.62;10.69;1.67;1.58;0.111;48;14.26;6.83;4.49;0.74;2.41;5.44;164.3;129.9;18.7;4.8;10.9;0.81;0.48;0.12;0.18;0.8;0.79;0.111;52;7.02;3.37;2.18;0.36;1.21;5.25;177.6;147.1;17.6;2.4;10.5;0.22;0.43;0.06;0.09
2;50;100;0;100;14.98;3.78;11.35;1.72;1.71;0.117;48.3;14.64;6.96;4.59;0.82;2.47;5.78;165;131.6;16.9;4.9;11.6;0.83;0.57;0.13;0.18;0.92;0.99;0.123;51.7;7.98;3.72;2.57;0.41;1.31;5.57;176.5;145.1;17.6;2.6;11.1;0.22;0.61;0.07;0.09
2;50;100;50;0;17.63;4.17;11.68;1.64;1.61;0.106;53.9;15.22;7.26;4.71;0.79;2.7;5.8;166.1;123.2;25.9;5.4;11.6;0.78;0.5;0.15;0.18;0.8;0.83;0.1;46.1;8.25;3.85;2.56;0.45;1.47;5.87;142;116.3;11;2.9;11.7;0.39;0.26;0.08;0.1
2;50;100;50;50;17.61;4.52;13.27;1.84;1.74;0.112;52.6;15.49;7.47;4.83;0.79;2.67;6.63;166.1;123.4;24.2;5.3;13.3;0.78;0.64;0.13;0.19;1.1;1.14;0.106;47.4;10.73;5.02;3.44;0.54;1.84;6.63;149.8;116.1;16.7;3.7;13.3;0.52;0.4;0.09;0.13
2;50;100;50;100;17.39;5.09;14.63;1.93;1.92;0.12;52.4;15.98;7.68;4.9;0.83;2.73;7.47;166.5;123.1;23;5.5;14.9;0.78;0.8;0.14;0.2;1.47;1.5;0.111;47.6;13.41;6.4;4.19;0.72;2.36;7.16;151.5;116.4;16.1;4.7;14.3;0.67;0.55;0.12;0.16
2;50;100;100;0;19.91;4.65;13.19;1.81;1.73;0.106;61.1;16.36;7.84;5.04;0.86;2.89;6.6;169.1;118.5;31.6;5.8;13.2;0.74;0.64;0.15;0.2;0.99;0.99;0.099;38.9;9.94;4.66;3.13;0.52;1.75;6.59;107.7;80.1;10.8;3.5;13.2;0.52;0.26;0.09;0.12
2;50;100;100;50;20.07;5.31;15.44;2;1.93;0.114;59.2;16.94;8.12;5.32;0.93;2.94;7.83;169.3;117.5;30.3;5.9;15.7;0.74;0.83;0.15;0.21;1.47;1.43;0.104;40.8;13.74;6.53;4.36;0.7;2.37;7.62;116.6;80.7;15.8;4.7;15.2;0.76;0.39;0.12;0.16
2;50;100;100;100;19.7;5.84;17.03;2.18;2.11;0.122;58.5;17.25;8.31;5.33;0.9;2.96;8.64;168.3;116.7;28.3;5.9;17.3;0.73;1.01;0.16;0.21;1.82;1.82;0.108;41.5;16.8;7.97;5.22;0.91;2.88;8.39;119.4;81.2;15.7;5.8;16.8;0.94;0.54;0.14;0.2
2;100;0;0;0;17.46;2.94;8.22;1.1;1.02;0.099;39.5;10.32;4.92;3.18;0.56;1.86;4.14;112.8;87.7;13.1;3.7;8.3;0.65;0.16;0.1;0.12;0.55;0.53;0.086;60.5;6.06;2.82;1.91;0.3;1.08;4.08;172.6;145.3;16.9;2.2;8.2;0.21;0.2;0.05;0.08
2;100;0;0;50;17.4;3.16;9.22;1.15;1.09;0.103;40;10.52;4.96;3.25;0.56;1.86;4.58;114.2;89.5;11.8;3.7;9.2;0.65;0.21;0.1;0.13;0.73;0.71;0.091;60;7.68;3.51;2.55;0.42;1.3;4.63;171.5;142.3;17.4;2.6;9.3;0.22;0.32;0.07;0.1
2;100;0;0;100;17.13;3.6;10.18;1.25;1.17;0.106;39.6;11.1;5.29;3.43;0.61;1.94;5.22;116.6;91.6;10.7;3.9;10.4;0.68;0.25;0.1;0.14;0.91;0.94;0.103;60.4;9.14;4.26;2.99;0.44;1.66;4.96;178.2;138.6;26.4;3.3;9.9;0.21;0.54;0.08;0.1
2;100;0;50;0;19.48;3.36;9.93;1.12;1.07;0.098;45.4;10.89;5.08;3.44;0.6;1.88;5.06;116.5;86.3;16.3;3.8;10.1;0.64;0.2;0.1;0.13;0.75;0.76;0.089;54.6;8.39;3.85;2.74;0.45;1.48;4.87;140.3;110.9;16.7;3;9.7;0.38;0.2;0.07;0.1
2;100;0;50;50;19.32;3.77;11.23;1.15;1.14;0.103;45.3;11.05;5.14;3.49;0.57;1.85;5.67;117.4;87.2;15.1;3.7;11.3;0.64;0.27;0.1;0.13;1.06;1.04;0.093;54.7;11.07;5.16;3.53;0.55;1.93;5.56;141.6;109.7;16.9;3.9;11.1;0.49;0.32;0.1;0.13
2;100;0;50;100;19.4;4.59;13.08;1.3;1.24;0.106;44;11.7;5.69;3.5;0.64;2.06;6.68;119.4;88;14;4.1;13.4;0.65;0.34;0.11;0.14;1.44;1.44;0.1;56;14.35;6.77;4.45;0.78;2.53;6.4;152;108.7;25.4;5.1;12.8;0.64;0.51;0.13;0.17
2;100;0;100;0;21.35;3.65;10.79;1.15;1.11;0.096;52.9;11.44;5.38;3.59;0.64;1.97;5.51;118.9;84.1;19.9;3.9;11;0.62;0.24;0.1;0.14;0.86;0.88;0.091;47.1;9.62;4.45;3.12;0.53;1.68;5.28;105.9;75.7;16.2;3.4;10.6;0.49;0.19;0.08;0.11
2;100;0;100;50;21.48;4.56;13.16;1.25;1.24;0.102;52.5;12.12;5.66;3.88;0.62;2.09;6.74;120.9;84.3;18.9;4.2;13.5;0.62;0.36;0.11;0.15;1.41;1.31;0.094;47.5;13.88;6.55;4.36;0.73;2.47;6.42;109.5;75.6;16.2;4.9;12.8;0.71;0.3;0.12;0.17
2;100;0;100;100;21.64;5.09;15.05;1.34;1.32;0.106;50.4;12.48;5.95;3.94;0.64;2.14;7.7;122.2;85;17.5;4.3;15.4;0.61;0.44;0.12;0.16;1.65;1.71;0.1;49.6;17.07;7.84;5.43;0.95;2.95;7.35;120.4;74.9;24.9;5.9;14.7;0.86;0.5;0.14;0.2
2;100;50;0;0;17.61;3.73;10.7;1.52;1.47;0.102;40.5;14.47;6.87;4.54;0.74;2.55;5.4;117.4;88.8;12.8;5.1;10.8;0.95;0.22;0.13;0.18;0.61;0.61;0.091;59.5;6.64;3.07;2.16;0.38;1.18;5.29;172.5;143.5;16;2.4;10.6;0.21;0.27;0.06;0.08
2;100;50;0;50;17.5;4.07;11.55;1.66;1.59;0.106;40;15.06;7.17;4.62;0.85;2.65;5.92;119.5;90.5;11.8;5.3;11.8;0.97;0.3;0.14;0.18;0.82;0.82;0.102;60;8.01;3.8;2.53;0.42;1.42;5.63;179.3;140.4;24.8;2.8;11.3;0.2;0.45;0.07;0.09
2;100;50;0;100;17.46;4.32;12.45;1.77;1.7;0.109;40.5;15.46;7.36;4.73;0.81;2.67;6.31;120.9;92.4;10.6;5.3;12.6;0.99;0.38;0.14;0.19;1.04;1.03;0.108;59.5;9.45;4.44;2.95;0.51;1.66;6.14;177.8;137.1;25;3.3;12.3;0.21;0.63;0.08;0.11
2;100;50;50;0;19.68;4.22;12.24;1.66;1.54;0.101;46.1;15.29;7.3;4.71;0.8;2.64;6.24;120.8;86.6;16.4;5.3;12.5;0.93;0.29;0.14;0.19;0.83;0.83;0.092;53.9;8.87;4.14;2.85;0.48;1.59;6;141.4;110.5;15.7;3.2;12;0.37;0.27;0.08;0.1
2;100;50;50;50;19.89;4.8;14;1.77;1.68;0.105;44.5;15.93;7.6;4.96;0.84;2.75;7.07;121.8;86.9;15.3;5.5;14.1;0.93;0.42;0.14;0.2;1.17;1.18;0.1;55.5;11.69;5.46;3.75;0.59;2.05;6.93;152;110.2;23.8;4.1;13.9;0.5;0.44;0.1;0.14
2;100;50;50;100;19.74;5.37;15.51;1.86;1.81;0.111;46.1;16.28;7.84;5.04;0.84;2.82;7.93;130.6;88.1;21;5.6;15.9;0.94;0.51;0.15;0.2;1.65;1.53;0.104;53.9;14.6;6.9;4.61;0.8;2.54;7.58;152.9;108.6;24;5.1;15.2;0.63;0.6;0.13;0.17
2;100;50;100;0;21.56;4.65;13.38;1.7;1.67;0.103;53.5;16.22;7.61;5.06;0.89;2.88;6.82;123.5;84.1;20.1;5.8;13.6;0.9;0.42;0.14;0.2;0.95;0.95;0.093;46.5;10.07;4.66;3.24;0.57;1.77;6.56;107.5;75.8;15;3.5;13.1;0.48;0.26;0.09;0.12
2;100;50;100;50;21.71;5.51;15.71;1.89;1.76;0.105;52.7;16.65;7.93;5.13;0.89;2.89;7.85;133.6;83.8;28.3;5.8;15.7;0.89;0.52;0.15;0.2;1.52;1.46;0.1;47.3;14.63;6.93;4.62;0.78;2.62;7.86;119.8;76;22.8;5.2;15.7;0.73;0.42;0.13;0.18
2;100;50;100;100;21.68;6.03;17.47;1.99;1.96;0.112;52.6;17.47;8.25;5.49;0.89;3.03;8.86;134.9;84.1;26.9;6.1;17.7;0.91;0.69;0.16;0.21;1.73;1.77;0.103;47.4;17.21;7.96;5.46;0.94;3;8.61;121.4;75.7;22.4;6;17.2;0.85;0.56;0.15;0.2
2;100;100;0;0;17.84;4.43;12.52;1.85;1.84;0.103;42.6;17.77;8.33;5.56;0.91;3.13;6.46;127.9;89.2;19.5;6.3;12.9;1.13;0.33;0.16;0.22;0.77;0.75;0.102;57.4;7.28;3.45;2.25;0.41;1.29;6.06;172.7;142.8;15.3;2.6;12.1;0.2;0.39;0.07;0.08
2;100;100;0;50;17.57;4.53;13.25;2.04;1.98;0.11;41.6;18.01;8.55;5.58;0.96;3.03;6.7;127.8;90.8;17.6;6.1;13.4;1.15;0.45;0.16;0.22;1;0.98;0.114;58.4;8.52;4.04;2.64;0.44;1.5;6.55;179.4;139.9;23.4;3;13.1;0.21;0.59;0.08;0.1
2;100;100;0;100;17.4;4.88;13.91;2.11;2.1;0.114;42.2;18.46;8.75;5.66;0.95;3.18;7.09;129.2;92.7;16;6.4;14.2;1.18;0.53;0.17;0.22;1.25;1.25;0.127;57.8;9.81;4.7;3.05;0.51;1.71;6.82;177.3;136.6;23.6;3.4;13.6;0.21;0.85;0.08;0.11
2;100;100;50;0;19.72;4.86;13.88;1.94;1.97;0.106;47.7;18.61;8.78;5.87;0.97;3.22;7.06;130.8;85.8;24.5;6.4;14.1;1.08;0.48;0.17;0.24;0.93;0.92;0.101;52.3;9.13;4.35;2.78;0.49;1.64;6.81;143.3;111.7;14.7;3.3;13.6;0.37;0.37;0.08;0.11
2;100;100;50;50;19.73;5.31;15.54;2.14;2.11;0.111;46.3;19.03;9.01;5.94;1;3.24;7.76;131.5;86.4;23.1;6.5;15.5;1.1;0.62;0.17;0.22;1.35;1.31;0.108;53.7;12.07;5.69;3.83;0.59;2.07;7.78;152.5;110.8;21.9;4.1;15.6;0.5;0.56;0.11;0.15
2;100;100;50;100;19.69;5.84;16.89;2.37;2.27;0.116;46.5;19.44;9.31;6;1.01;3.32;8.64;133;87.5;21.5;6.6;17.3;1.12;0.74;0.17;0.24;1.78;1.71;0.116;53.5;14.73;7.08;4.58;0.75;2.52;8.25;153;109.4;22.1;5;16.5;0.62;0.79;0.13;0.17
2;100;100;100;0;21.53;5.24;15.33;2.17;2.09;0.106;55.1;19.71;9.35;6.18;1.04;3.4;7.67;134.8;82.7;30;6.8;15.3;1.05;0.61;0.19;0.24;1.09;1.08;0.1;44.9;10.71;4.97;3.42;0.62;1.84;7.66;110;77;14;3.7;15.3;0.49;0.36;0.09;0.13
2;100;100;100;50;21.98;6.2;17.53;2.31;2.3;0.112;53;20.44;9.69;6.27;1.19;3.55;8.87;136;81.9;29.3;7.1;17.7;1.05;0.81;0.19;0.25;1.61;1.55;0.106;47;14.67;7.04;4.57;0.76;2.65;8.67;120.9;77.7;20.5;5.3;17.3;0.73;0.52;0.13;0.17
2;100;100;100;100;21.89;6.65;19.23;2.48;2.47;0.119;52.6;20.74;9.95;6.42;1.06;3.48;9.74;136.7;83;27.3;7;19.5;1.07;0.96;0.18;0.25;1.99;1.99;0.112;47.4;17.71;8.55;5.38;0.93;3.18;9.49;123;76.8;20.9;6.4;19;0.88;0.75;0.16;0.2
3;0;0;0;0;13.77;1.99;5.58;0.69;0.63;0.098;54.4;6.37;3.03;1.98;0.34;1.15;2.89;195.2;172.5;14.6;2.3;5.8;0.31;0.18;0.06;0.08;0.41;0.39;0.083;45.6;4.64;2.16;1.46;0.27;0.84;2.69;163.6;147;9.6;1.7;5.4;0.19;0.11;0.04;0.05
3;0;0;0;50;13.34;2.04;5.96;0.66;0.68;0.105;54.4;6.36;3;1.98;0.34;1.11;3;195.3;173.5;13.6;2.2;6;0.3;0.24;0.06;0.08;0.49;0.46;0.087;45.6;5.26;2.44;1.7;0.27;0.93;2.97;163.4;146.2;9.4;1.9;5.9;0.19;0.17;0.04;0.06
3;0;0;0;100;12.95;2.19;6.33;0.7;0.72;0.11;54.1;6.57;3.07;2.12;0.33;1.1;3.3;197.1;175.9;12.4;2.2;6.6;0.3;0.28;0.06;0.08;0.59;0.55;0.091;45.9;5.96;2.76;1.92;0.3;1.09;3.03;167.1;144.2;14.6;2.2;6.1;0.19;0.25;0.05;0.07
3;0;0;50;0;15.75;2.38;7.02;0.67;0.65;0.095;60.1;6.76;3.16;2.2;0.35;1.18;3.58;197;169.5;18;2.4;7.2;0.29;0.21;0.06;0.09;0.63;0.59;0.085;39.9;6.84;3.14;2.2;0.39;1.2;3.44;130.7;112;9.4;2.4;6.9;0.33;0.11;0.06;0.08
3;0;0;50;50;15.74;2.8;8.27;0.74;0.76;0.104;59.4;7.28;3.37;2.35;0.38;1.23;4.24;195.8;167.5;17.3;2.5;8.5;0.29;0.31;0.07;0.09;0.79;0.79;0.088;40.6;8.89;4.17;2.77;0.51;1.57;4.03;133.6;113.3;9.1;3.1;8.1;0.45;0.16;0.08;0.11
3;0;0;50;100;15.57;3.33;9.74;0.8;0.86;0.114;58.3;7.53;3.54;2.32;0.41;1.3;4.99;196.5;168.1;15.9;2.6;10;0.29;0.42;0.07;0.09;1.14;1.06;0.09;41.7;11.64;5.46;3.71;0.63;2.03;4.75;140.3;112.9;13.9;4.1;9.5;0.58;0.24;0.11;0.14
3;0;0;100;0;17.77;2.85;7.97;0.71;0.71;0.094;67.2;7.53;3.51;2.36;0.41;1.35;4.04;197.8;165.3;21.7;2.7;8.1;0.29;0.26;0.07;0.09;0.7;0.7;0.086;32.8;8.08;3.76;2.57;0.45;1.5;3.93;96.4;76.6;8.9;3;7.9;0.43;0.1;0.07;0.1
3;0;0;100;50;17.79;3.7;10.28;0.85;0.86;0.104;66.1;8.27;4.01;2.53;0.44;1.54;5.27;196.8;162.6;20.6;3.1;10.5;0.29;0.39;0.09;0.1;1.05;1.07;0.088;33.9;12.03;5.53;3.9;0.64;2.15;5.01;100.9;77.7;8.9;4.3;10;0.66;0.15;0.11;0.15
3;0;0;100;100;17.81;4.05;12;1.03;1.02;0.114;64.4;8.94;4.23;2.77;0.48;1.5;6.16;195.8;160.7;19.8;3;12.3;0.28;0.55;0.08;0.11;1.31;1.32;0.09;35.6;14.59;6.7;4.67;0.82;2.54;5.84;108.1;78.5;12.8;5.1;11.7;0.8;0.22;0.13;0.18
3;0;50;0;0;13.4;2.11;5.95;0.7;0.69;0.1;53.9;6.86;3.26;2.16;0.33;1.25;3.03;193.3;170;14.8;2.5;6.1;0.29;0.25;0.06;0.09;0.4;0.42;0.086;46;4.75;2.19;1.49;0.29;0.86;2.92;165;149;8.4;1.7;5.8;0.19;0.13;0.04;0.06
3;0;50;0;50;12.92;2.24;6.36;0.84;0.79;0.109;54;7.25;3.46;2.2;0.39;1.27;3.21;193.7;171;13.7;2.5;6.4;0.3;0.35;0.07;0.08;0.53;0.53;0.095;46;5.49;2.52;1.77;0.31;0.96;3.15;164.8;148.2;8.3;1.9;6.3;0.2;0.22;0.05;0.06
3;0;50;0;100;12.42;2.4;6.85;0.94;0.91;0.119;53.5;7.62;3.69;2.46;0.38;1.36;3.48;194;171.8;12.5;2.7;7;0.3;0.44;0.07;0.1;0.58;0.6;0.1;46.5;5.96;2.79;1.87;0.32;1.04;3.37;168.7;147.6;12.3;2.1;6.7;0.2;0.29;0.05;0.07
3;0;50;50;0;15.44;2.68;7.59;0.84;0.8;0.099;59.3;8.02;3.83;2.47;0.42;1.43;3.9;193.8;165;18.1;2.9;7.8;0.3;0.32;0.08;0.1;0.59;0.61;0.087;40.7;6.87;3.18;2.16;0.4;1.25;3.69;132.8;114.8;8.1;2.5;7.4;0.35;0.12;0.06;0.08
3;0;50;50;50;15.46;3.16;9.23;0.93;0.95;0.108;58.6;8.76;4.16;2.75;0.46;1.54;4.68;193.2;163.4;17.4;3.1;9.4;0.29;0.47;0.08;0.11;0.91;0.86;0.092;41.4;9.29;4.33;2.93;0.51;1.61;4.55;136.1;115.8;8;3.2;9.1;0.47;0.21;0.08;0.11
3;0;50;50;100;15.49;3.7;10.43;1.05;1.05;0.12;58.6;8.8;4.27;2.64;0.49;1.54;5.28;201.9;163.8;24.4;3.1;10.6;0.28;0.59;0.08;0.11;1.15;1.15;0.095;41.4;12.04;5.64;3.78;0.65;2.16;5.15;142.8;115.6;12.6;4.3;10.3;0.6;0.3;0.11;0.14
3;0;50;100;0;17.8;3.21;9.09;0.94;0.96;0.103;66.3;9.32;4.37;2.89;0.56;1.66;4.64;194.4;159.7;22.1;3.3;9.3;0.28;0.48;0.09;0.12;0.72;0.75;0.088;33.7;8.45;3.88;2.72;0.46;1.55;4.44;98.8;78.9;7.9;3.1;8.9;0.45;0.12;0.07;0.11
3;0;50;100;50;17.87;3.95;11.26;1.11;1.14;0.114;66.4;10;4.73;3.08;0.55;1.79;5.74;204;156.8;32.1;3.6;11.5;0.27;0.65;0.1;0.13;1.15;1.13;0.091;33.6;12.33;5.67;3.91;0.68;2.16;5.52;103.2;80.1;7.7;4.3;11;0.68;0.2;0.1;0.15
3;0;50;100;100;18.09;4.49;12.7;1.36;1.29;0.12;64.9;10.71;5.19;3.24;0.59;1.84;6.56;203.3;155.4;31.2;3.7;13.1;0.27;0.79;0.09;0.13;1.45;1.38;0.093;35.1;14.72;6.93;4.55;0.82;2.65;6.14;109.6;80.7;11.4;5.3;12.3;0.81;0.26;0.13;0.18
3;0;100;0;0;13.2;2.38;6.63;0.91;0.87;0.103;54.3;8.35;3.94;2.57;0.47;1.5;3.4;198.9;166.2;22.9;3;6.8;0.3;0.39;0.08;0.1;0.45;0.45;0.093;45.7;4.76;2.26;1.5;0.25;0.88;3.23;167.5;152.2;7.1;1.8;6.5;0.19;0.16;0.04;0.05
3;0;100;0;50;12.66;2.37;7;0.96;1.01;0.119;54.4;8.5;4.06;2.63;0.45;1.43;3.61;198.9;167.9;20.9;2.9;7.2;0.31;0.53;0.08;0.1;0.57;0.54;0.098;45.6;5.39;2.51;1.71;0.29;0.94;3.39;166.7;150.8;7.3;1.9;6.8;0.2;0.23;0.05;0.06
3;0;100;0;100;12.33;2.66;7.43;1.18;1.18;0.13;53.6;9.07;4.41;2.75;0.46;1.55;3.83;197.8;167.3;19.7;3.1;7.7;0.31;0.67;0.08;0.11;0.7;0.67;0.108;46.4;6.09;3;1.81;0.32;1.1;3.6;171.3;151.3;10.6;2.2;7.2;0.21;0.33;0.05;0.07
3;0;100;50;0;15.58;2.96;8.38;1.04;1.06;0.108;59.8;9.8;4.66;3.03;0.5;1.76;4.32;201.1;160.2;28.7;3.5;8.6;0.29;0.56;0.09;0.12;0.67;0.64;0.092;40.2;6.89;3.21;2.17;0.39;1.21;4.06;135.3;117.8;7;2.4;8.1;0.34;0.16;0.06;0.08
3;0;100;50;50;15.28;3.37;9.79;1.14;1.21;0.12;59.1;10.05;4.74;3.16;0.55;1.7;5.07;199.5;159.6;26.4;3.4;10.1;0.29;0.7;0.09;0.13;0.89;0.89;0.094;40.9;9.35;4.38;2.9;0.54;1.68;4.72;137.9;118.2;6.9;3.4;9.4;0.47;0.22;0.08;0.11
3;0;100;50;100;15.2;3.86;11.03;1.44;1.38;0.132;57.9;10.47;5.03;3.23;0.57;1.77;5.68;198.5;158.2;25.3;3.5;11.4;0.29;0.87;0.09;0.13;1.22;1.17;0.099;42.1;11.77;5.51;3.69;0.64;2.09;5.35;144.2;119;10.3;4.2;10.7;0.6;0.32;0.11;0.13
3;0;100;100;0;17.86;3.49;10;1.3;1.22;0.108;66.8;11.25;5.33;3.49;0.59;1.93;5.12;202.6;154;34.5;3.9;10.2;0.28;0.69;0.1;0.14;0.85;0.79;0.091;33.2;8.6;4.04;2.68;0.47;1.56;4.88;100.8;81.3;6.6;3.1;9.8;0.46;0.15;0.07;0.1
3;0;100;100;50;18.12;4.15;12.26;1.42;1.43;0.12;65.6;11.88;5.66;3.7;0.66;1.96;6.29;201.1;150.9;33.7;3.9;12.6;0.27;0.91;0.1;0.15;1.2;1.15;0.093;34.4;12.32;5.73;3.95;0.68;2.19;5.98;105.3;82.5;6.5;4.4;12;0.68;0.21;0.11;0.15
3;0;100;100;100;17.9;4.79;13.86;1.68;1.66;0.133;64;12.46;6.07;3.76;0.68;2.04;7.16;199.1;149.2;31.5;4.1;14.3;0.28;1.12;0.11;0.16;1.46;1.47;0.096;36;15.24;7.13;4.86;0.8;2.75;6.7;112;83.2;9.9;5.5;13.4;0.85;0.3;0.14;0.18
3;50;0;0;0;15.54;2.39;7.07;0.88;0.89;0.103;48.8;8.65;4.04;2.74;0.47;1.48;3.7;157.1;132.5;14.2;3;7.4;0.54;0.17;0.08;0.11;0.45;0.44;0.082;51.2;5.17;2.33;1.69;0.31;0.91;3.37;164.8;143.6;12.7;1.8;6.7;0.18;0.15;0.05;0.06
3;50;0;0;50;15.11;2.69;7.53;0.93;0.96;0.108;49;8.82;4.19;2.78;0.47;1.58;3.88;157.8;133.8;13.1;3.2;7.8;0.53;0.23;0.09;0.11;0.54;0.54;0.087;51;6.04;2.83;1.9;0.32;1.11;3.65;164.4;142.2;12.7;2.2;7.3;0.19;0.22;0.06;0.07
3;50;0;0;100;15.06;2.87;8.36;1.02;1.03;0.111;48.3;9.26;4.43;2.86;0.5;1.57;4.22;159.3;135.6;12.1;3.1;8.4;0.54;0.28;0.08;0.12;0.72;0.73;0.098;51.7;7.35;3.39;2.33;0.38;1.3;4.14;170.7;140.2;19.6;2.6;8.3;0.19;0.38;0.07;0.09
3;50;0;50;0;17.64;2.94;8.46;1.01;0.94;0.101;54.5;9.27;4.42;2.88;0.51;1.64;4.33;159.5;129.7;17.9;3.3;8.7;0.53;0.21;0.08;0.11;0.59;0.62;0.085;45.5;7.19;3.27;2.34;0.41;1.3;4.13;133.2;110;12.3;2.6;8.3;0.32;0.15;0.06;0.08
3;50;0;50;50;17.43;3.43;9.79;1.02;1.04;0.107;54.1;9.67;4.58;3.04;0.5;1.68;4.97;159.7;129.8;16.5;3.4;9.9;0.53;0.3;0.09;0.12;0.95;0.87;0.088;45.9;9.79;4.58;3.07;0.53;1.75;4.81;135.2;109.8;12.3;3.5;9.6;0.44;0.22;0.09;0.12
3;50;0;50;100;17.64;3.89;11.59;1.16;1.16;0.114;52.9;10.14;4.8;3.18;0.51;1.66;6;161.2;130.2;15.7;3.3;12;0.54;0.41;0.09;0.12;1.14;1.17;0.094;47.1;12.5;5.73;4.04;0.67;2.24;5.59;143.7;109.5;18.5;4.5;11.2;0.56;0.37;0.1;0.15
3;50;0;100;0;19.42;3.33;9.61;1.05;0.98;0.1;61.8;9.86;4.61;3.12;0.57;1.74;4.92;161.1;126.9;20.8;3.5;9.8;0.52;0.25;0.09;0.12;0.74;0.77;0.085;38.2;8.91;4.11;2.84;0.51;1.59;4.68;99.7;75;12.1;3.2;9.4;0.44;0.15;0.08;0.1
3;50;0;100;50;19.64;4.05;11.79;1.09;1.13;0.106;60.9;10.65;5.02;3.29;0.56;1.9;6.1;161.3;124.9;20.4;3.8;12.2;0.51;0.39;0.1;0.14;1.14;1.1;0.088;39.1;12.45;5.82;3.99;0.63;2.16;5.68;103.5;76.1;11.8;4.3;11.4;0.64;0.21;0.11;0.14
3;50;0;100;100;19.77;4.8;13.48;1.35;1.29;0.114;58.9;11.28;5.45;3.49;0.6;1.93;6.89;162;125.1;19.2;3.9;13.8;0.51;0.54;0.1;0.14;1.47;1.45;0.093;41.1;15.57;7.25;4.84;0.87;2.87;6.59;112.9;76;18.1;5.7;13.2;0.78;0.35;0.14;0.18
3;50;50;0;0;15.37;2.88;8.51;1.26;1.21;0.106;48.9;11.45;5.41;3.62;0.59;1.95;4.33;158.8;131.9;14.4;3.9;8.7;0.72;0.25;0.11;0.14;0.53;0.47;0.086;51.1;5.35;2.49;1.74;0.29;0.93;4.18;165.9;144.3;11.4;1.9;8.4;0.18;0.18;0.05;0.06
3;50;50;0;50;15.27;3.16;9.22;1.29;1.33;0.111;49.2;11.95;5.65;3.68;0.63;2.06;4.78;160.4;133.6;13.2;4.1;9.6;0.73;0.34;0.11;0.15;0.63;0.64;0.097;50.8;6.52;3.03;2.08;0.34;1.1;4.44;165.4;142.4;11.9;2.2;8.9;0.19;0.32;0.06;0.07
3;50;50;0;100;14.92;3.32;9.85;1.41;1.42;0.117;48.6;12.1;5.69;3.81;0.65;2.05;5.04;161.3;135.1;12;4.1;10.1;0.73;0.43;0.11;0.15;0.8;0.78;0.104;51.4;7.48;3.56;2.37;0.37;1.28;4.81;170.8;140.7;17.9;2.6;9.6;0.19;0.43;0.07;0.09
3;50;50;50;0;17.49;3.5;9.99;1.32;1.3;0.104;54.4;12.45;5.85;3.95;0.66;2.16;5.16;160.7;128.3;17.7;4.3;10.3;0.7;0.32;0.12;0.16;0.72;0.67;0.088;45.6;7.52;3.52;2.33;0.42;1.34;4.83;134.7;111.1;11.2;2.7;9.7;0.33;0.18;0.07;0.09
3;50;50;50;50;17.72;4.07;11.7;1.46;1.45;0.111;53.9;13.06;6.29;4.03;0.7;2.28;6.01;161.1;127.5;17;4.6;12;0.7;0.46;0.12;0.17;0.92;0.95;0.094;46.1;10.07;4.67;3.23;0.54;1.79;5.69;138;111.8;11.3;3.6;11.4;0.45;0.3;0.09;0.12
3;50;50;50;100;17.72;4.47;12.97;1.52;1.53;0.118;53.8;13.01;6.3;3.88;0.7;2.28;6.62;169.8;127.9;24.1;4.6;13.2;0.68;0.58;0.12;0.16;1.27;1.24;0.097;46.2;12.7;5.89;4.04;0.7;2.19;6.35;145.8;111.5;17.2;4.4;12.7;0.57;0.41;0.11;0.15
3;50;50;100;0;19.76;3.91;11.38;1.4;1.4;0.106;61.6;13.17;6.24;4.21;0.68;2.3;5.8;162.8;125.1;21.5;4.6;11.6;0.68;0.45;0.12;0.16;0.85;0.81;0.088;38.4;9.11;4.21;2.94;0.47;1.61;5.57;101.6;76;11.2;3.2;11.1;0.44;0.18;0.08;0.11
3;50;50;100;50;19.95;4.68;13.61;1.59;1.62;0.114;61.9;14.13;6.73;4.35;0.74;2.4;6.97;172.8;122.4;31.6;4.8;13.9;0.66;0.64;0.13;0.18;1.22;1.19;0.093;38.1;12.85;5.99;4.1;0.68;2.29;6.64;106;77.4;10.7;4.6;13.3;0.64;0.28;0.11;0.15
3;50;50;100;100;19.87;5.28;15.31;1.73;1.73;0.118;60;14.63;6.98;4.48;0.81;2.5;7.75;171.9;121.7;29.7;5;15.5;0.67;0.76;0.13;0.18;1.54;1.5;0.095;40;15.71;7.32;5.05;0.83;2.78;7.56;114.5;77.8;16;5.6;15.1;0.78;0.39;0.14;0.19
3;50;100;0;0;15.52;3.52;10.12;1.58;1.58;0.108;50;14.6;6.89;4.54;0.79;2.49;5.15;168;130.8;21.9;5;10.3;0.91;0.37;0.13;0.18;0.59;0.54;0.095;50;5.61;2.63;1.79;0.28;1.03;4.97;167.9;145.5;10.4;2.1;9.9;0.18;0.25;0.05;0.07
3;50;100;0;50;15.01;3.67;10.66;1.71;1.74;0.117;49.4;14.87;7.19;4.54;0.79;2.56;5.47;168;132.4;19.6;5.1;10.9;0.92;0.5;0.14;0.18;0.72;0.71;0.107;50.6;6.56;3.13;2.02;0.38;1.11;5.2;172.2;143.8;15.8;2.2;10.4;0.19;0.39;0.06;0.07
3;50;100;0;100;14.85;3.95;11.21;1.96;1.89;0.123;49.4;15.36;7.48;4.64;0.81;2.63;5.74;168.6;133.4;18.5;5.3;11.5;0.93;0.63;0.14;0.19;0.87;0.9;0.119;50.6;7.49;3.61;2.31;0.39;1.33;5.47;172.4;142.6;16.2;2.7;10.9;0.2;0.55;0.07;0.08
3;50;100;50;0;17.63;4.15;11.86;1.74;1.76;0.111;55.5;15.88;7.5;4.95;0.87;2.73;6.08;171.2;126.5;27.1;5.5;12.2;0.89;0.53;0.15;0.2;0.81;0.75;0.094;44.5;7.91;3.73;2.47;0.43;1.43;5.78;137.2;112.6;10.2;2.9;11.6;0.34;0.25;0.07;0.09
3;50;100;50;50;17.71;4.61;13.24;1.91;1.91;0.118;54;16.23;7.85;4.9;0.87;2.75;6.78;170.7;125.8;25.9;5.5;13.6;0.87;0.69;0.15;0.2;0.99;1.03;0.1;46;10.25;4.77;3.29;0.55;1.86;6.46;145.3;113.2;15.4;3.7;12.9;0.45;0.38;0.09;0.12
3;50;100;50;100;17.34;5;14.45;2.12;2.07;0.125;53.7;16.56;8.08;5.01;0.85;2.79;7.33;170.1;125.6;24.3;5.6;14.7;0.88;0.84;0.15;0.2;1.39;1.34;0.105;46.3;12.68;5.95;3.93;0.74;2.22;7.12;146.8;113.4;14.8;4.4;14.2;0.57;0.5;0.11;0.15
3;50;100;100;0;19.91;4.57;13.22;1.9;1.88;0.11;62.6;17;8.13;5.22;0.9;2.94;6.82;174.1;121.5;33.2;5.9;13.6;0.85;0.66;0.16;0.21;0.85;0.86;0.093;37.4;9.24;4.28;3;0.51;1.63;6.41;103.8;78;9.7;3.3;12.8;0.45;0.23;0.08;0.11
3;50;100;100;50;20.2;5.47;15.4;2.07;2.09;0.118;60.5;17.62;8.48;5.37;0.92;3.08;7.92;173.8;119.8;32;6.2;15.8;0.82;0.89;0.16;0.22;1.32;1.29;0.097;39.5;13.21;6.22;4.16;0.68;2.38;7.48;113.2;78.9;14.5;4.8;15;0.66;0.36;0.12;0.15
3;50;100;100;100;20.1;5.91;17.08;2.39;2.32;0.127;60;18.26;8.89;5.57;0.96;3.13;8.82;173.7;119.7;30.2;6.3;17.6;0.85;1.08;0.17;0.22;1.62;1.64;0.102;40;16.07;7.53;5.02;0.9;2.79;8.25;115.8;79;14.8;5.6;16.5;0.8;0.51;0.14;0.19
3;100;0;0;0;17.51;2.96;8.5;1.18;1.13;0.105;41.2;10.75;5.16;3.3;0.6;1.91;4.39;116.6;90.2;13.8;3.8;8.8;0.73;0.17;0.1;0.13;0.5;0.51;0.082;58.8;6.06;2.71;1.94;0.38;1.06;4.11;166.8;140.2;16.2;2.1;8.2;0.18;0.2;0.05;0.08
3;100;0;0;50;17.2;3.22;9.27;1.22;1.2;0.11;41.5;10.91;5.21;3.42;0.57;1.91;4.64;117.5;91.7;12.6;3.8;9.3;0.74;0.22;0.1;0.13;0.72;0.65;0.088;58.5;7.31;3.44;2.32;0.4;1.31;4.62;166;137.8;16.4;2.6;9.2;0.18;0.31;0.06;0.09
3;100;0;0;100;17.17;3.44;10.19;1.29;1.29;0.112;40.9;11.56;5.48;3.61;0.64;1.96;5.22;119.5;93.6;11.6;3.9;10.4;0.78;0.27;0.1;0.14;0.86;0.86;0.099;59.1;8.55;3.94;2.78;0.43;1.48;4.97;172.7;134.8;25;3;9.9;0.18;0.5;0.07;0.1
3;100;0;50;0;19.34;3.39;9.85;1.18;1.18;0.104;46.8;11.29;5.29;3.6;0.58;1.95;5.04;119.4;88.2;17.3;3.9;10.1;0.72;0.21;0.11;0.14;0.71;0.68;0.084;53.2;8.01;3.76;2.57;0.44;1.44;4.81;135.9;107.7;15.7;2.9;9.6;0.32;0.19;0.07;0.1
3;100;0;50;50;19.45;3.87;11.47;1.27;1.26;0.108;46.9;11.58;5.46;3.62;0.66;1.94;5.95;121.1;89.2;16;3.9;11.9;0.72;0.29;0.1;0.15;0.98;0.96;0.088;53.1;10.8;4.95;3.53;0.56;1.93;5.52;137.3;106.4;16;3.9;11;0.42;0.31;0.1;0.13
3;100;0;50;100;19.61;4.58;13.12;1.41;1.41;0.114;45.4;12.34;5.88;3.89;0.67;2.12;6.75;122.6;89.8;15.1;4.2;13.5;0.73;0.41;0.12;0.16;1.3;1.31;0.095;54.6;13.66;6.32;4.32;0.71;2.46;6.37;147.4;105.7;24.1;4.9;12.7;0.54;0.49;0.12;0.15
3;100;0;100;0;21.21;3.78;10.85;1.2;1.21;0.102;54.2;11.8;5.58;3.68;0.63;2.11;5.49;122.1;86.1;20.8;4.2;11;0.7;0.25;0.11;0.15;0.8;0.8;0.085;45.8;9.34;4.31;2.99;0.52;1.67;5.35;103;73.7;15.2;3.3;10.7;0.42;0.19;0.08;0.11
3;100;0;100;50;21.5;4.65;13.36;1.32;1.36;0.108;53.8;12.6;5.92;3.95;0.69;2.26;6.92;124;86.1;19.6;4.5;13.8;0.71;0.37;0.12;0.16;1.26;1.19;0.088;46.2;13.41;6.28;4.28;0.74;2.38;6.44;106.5;73.6;15.3;4.8;12.9;0.63;0.29;0.12;0.16
3;100;0;100;100;21.34;5;14.93;1.55;1.49;0.114;51.5;13.04;6.18;3.99;0.69;2.17;7.57;124.1;86.4;18.3;4.3;15.1;0.7;0.51;0.12;0.16;1.56;1.56;0.094;48.5;16.55;7.63;5.31;0.89;2.83;7.36;116.9;73.4;23.1;5.7;14.7;0.75;0.47;0.14;0.2
3;100;50;0;0;17.86;3.82;10.69;1.61;1.61;0.108;42.1;14.87;6.96;4.66;0.83;2.63;5.54;121.3;91.1;13.9;5.3;11.1;1.05;0.24;0.14;0.19;0.66;0.57;0.087;57.9;6.45;3.02;2.04;0.34;1.19;5.15;166.9;138.8;15.5;2.4;10.3;0.17;0.26;0.06;0.07
3;100;50;0;50;17.36;3.93;11.68;1.68;1.74;0.112;41.3;15.53;7.35;4.89;0.84;2.65;5.96;122.1;92.3;12.6;5.3;11.9;1.09;0.32;0.14;0.19;0.77;0.75;0.099;58.7;7.53;3.49;2.42;0.4;1.28;5.72;173.6;136.9;22.8;2.6;11.4;0.18;0.42;0.06;0.09
3;100;50;0;100;17.25;4.31;12.46;1.87;1.85;0.116;41.8;15.94;7.57;4.94;0.85;2.7;6.41;123.9;94.2;11.5;5.4;12.8;1.11;0.41;0.14;0.19;0.98;0.96;0.106;58.2;9;4.26;2.8;0.49;1.6;6.05;172.5;133.7;23.5;3.2;12.1;0.18;0.59;0.08;0.11
3;100;50;50;0;19.52;4.19;12.17;1.73;1.71;0.107;47.4;15.93;7.5;4.98;0.84;2.71;6.24;123.5;88.4;17.2;5.4;12.5;1.05;0.31;0.15;0.2;0.79;0.74;0.088;52.6;8.32;3.91;2.6;0.44;1.48;5.93;136.8;107.4;14.6;3;11.9;0.32;0.25;0.07;0.1
3;100;50;50;50;19.8;4.84;14;1.8;1.83;0.112;46;16.43;7.76;5.1;0.9;2.84;7.08;125.2;89;16.3;5.7;14.2;1.04;0.43;0.15;0.2;1.14;1.08;0.096;54;11.22;5.29;3.54;0.63;2;6.92;147.1;106.6;22.7;4;13.8;0.42;0.43;0.1;0.14
3;100;50;50;100;19.59;5.24;15.32;2.02;1.96;0.117;47.3;16.76;8.06;5.16;0.87;2.83;7.87;133.3;89.3;22.6;5.7;15.7;1.05;0.55;0.15;0.2;1.39;1.37;0.099;52.7;13.79;6.48;4.28;0.71;2.42;7.45;148.3;106.3;22.3;4.8;14.9;0.54;0.55;0.11;0.16
3;100;50;100;0;21.74;4.67;13.38;1.9;1.83;0.108;54.7;16.9;8.09;5.15;0.95;2.93;6.95;126.4;85.6;21.1;5.9;13.9;1.02;0.45;0.16;0.21;0.91;0.87;0.088;45.3;9.77;4.53;3.08;0.55;1.74;6.44;104.6;74.1;14.2;3.5;12.9;0.43;0.24;0.09;0.11
3;100;50;100;50;21.68;5.41;15.77;1.98;2;0.114;54.3;17.52;8.39;5.43;0.93;3;8.09;137.6;85.7;29.8;6;16.2;1.01;0.61;0.16;0.22;1.33;1.3;0.094;45.7;13.81;6.39;4.39;0.75;2.41;7.68;115.7;74;21.5;4.8;15.4;0.62;0.4;0.12;0.17
3;100;50;100;100;21.71;5.9;17.32;2.15;2.1;0.117;53.7;17.91;8.61;5.48;0.92;3;8.91;137.4;85.4;28.2;6;17.8;1.01;0.71;0.16;0.23;1.66;1.61;0.096;46.3;16.6;7.65;5.29;0.88;2.91;8.41;118.3;74.3;21.4;5.8;16.8;0.75;0.53;0.14;0.19
3;100;100;0;0;17.75;4.43;12.62;2.08;2.03;0.11;43.7;18.41;8.82;5.72;1.02;3.2;6.45;130.6;90.6;20.8;6.4;12.9;1.28;0.35;0.17;0.22;0.63;0.66;0.098;56.3;6.63;3.08;2.12;0.36;1.23;6.17;168.6;139.7;14.1;2.5;12.3;0.18;0.35;0.06;0.07
3;100;100;0;50;17.55;4.58;13.18;2.23;2.19;0.116;42.9;18.76;8.98;5.75;0.95;3.21;6.78;131.1;91.8;19.3;6.4;13.6;1.29;0.49;0.18;0.23;0.89;0.88;0.11;57.1;7.91;3.76;2.44;0.44;1.37;6.4;174.5;137.6;21.4;2.7;12.8;0.19;0.53;0.07;0.09
3;100;100;0;100;17.15;4.86;13.96;2.31;2.32;0.121;43.3;19.24;9.26;5.84;1.05;3.31;7.14;131.9;93.5;17.5;6.6;14.3;1.33;0.58;0.18;0.24;1.12;1.12;0.124;56.7;9.02;4.3;2.81;0.47;1.54;6.82;173.3;134.8;21.7;3.1;13.6;0.18;0.76;0.07;0.1
3;100;100;50;0;19.78;4.89;14;2.07;2.14;0.111;49.1;19.22;9.07;5.99;1.07;3.35;7.17;134.4;87.2;26.1;6.7;14.3;1.22;0.51;0.17;0.24;0.84;0.85;0.096;50.9;8.77;4.07;2.8;0.47;1.54;6.84;139.3;108.8;13.7;3.1;13.7;0.32;0.34;0.08;0.1
3;100;100;50;50;19.56;5.32;15.53;2.3;2.31;0.117;48;19.77;9.46;6.14;1.03;3.38;8.07;135.6;88.3;24.4;6.8;16.1;1.24;0.64;0.18;0.25;1.2;1.18;0.103;52;11.39;5.25;3.65;0.64;1.95;7.45;146.9;107.6;20.6;3.9;14.9;0.43;0.52;0.1;0.13
3;100;100;50;100;19.65;5.9;17.16;2.5;2.46;0.122;47.5;20.1;9.64;6.24;1.07;3.36;8.69;135.5;88.4;23;6.7;17.4;1.24;0.79;0.18;0.25;1.58;1.59;0.11;52.5;14.34;6.79;4.47;0.78;2.53;8.47;150.1;107.4;20.7;5.1;16.9;0.55;0.74;0.12;0.17
3;100;100;100;0;21.62;5.31;15.32;2.3;2.27;0.111;56.4;20.41;9.68;6.44;1.01;3.48;7.87;138.3;83.9;31.7;7;15.7;1.18;0.65;0.18;0.25;0.97;0.97;0.094;43.6;10.2;4.76;3.21;0.54;1.84;7.45;107;75.5;13;3.7;14.9;0.44;0.32;0.09;0.12
3;100;100;100;50;21.86;6.09;17.59;2.48;2.47;0.117;54.4;21;10.07;6.44;1.12;3.58;9.06;139.4;83.8;30.4;7.2;18.1;1.19;0.83;0.18;0.26;1.41;1.4;0.099;45.6;14.04;6.61;4.38;0.74;2.52;8.53;116.9;75.6;19.3;5;17.1;0.63;0.49;0.12;0.16
3;100;100;100;100;21.96;6.59;19.14;2.67;2.67;0.124;53.8;21.41;10.3;6.53;1.15;3.63;9.76;139.6;84;28.9;7.3;19.5;1.18;1.02;0.19;0.27;1.79;1.83;0.106;46.2;17.17;8.04;5.39;0.91;2.96;9.38;119.8;75.4;19.8;5.9;18.8;0.76;0.71;0.15;0.2
4;0;0;0;0;13.63;1.93;5.52;0.65;0.66;0.102;56;6.46;3.04;2.07;0.35;1.16;2.92;200.3;176.7;15.4;2.3;5.8;0.33;0.19;0.06;0.08;0.38;0.37;0.082;44;4.35;2.04;1.37;0.24;0.77;2.6;157.6;142.4;8.5;1.5;5.2;0.18;0.1;0.04;0.05
4;0;0;0;50;13.24;2.06;5.93;0.7;0.73;0.109;55.9;6.62;3.13;2.06;0.37;1.14;3.05;200.4;177.6;14.4;2.3;6.1;0.33;0.26;0.06;0.08;0.42;0.44;0.086;44.1;4.96;2.3;1.57;0.27;0.92;2.88;157.8;141.7;8.5;1.8;5.8;0.19;0.15;0.04;0.06
4;0;0;0;100;13.09;2.09;6.46;0.78;0.78;0.113;55.4;6.82;3.29;2.07;0.34;1.14;3.37;201.4;179;13.3;2.3;6.7;0.33;0.3;0.06;0.09;0.55;0.53;0.091;44.6;5.75;2.62;1.89;0.34;0.95;3.09;162.1;140.6;13.4;1.9;6.2;0.2;0.22;0.04;0.07
4;0;0;50;0;15.82;2.34;7.06;0.67;0.71;0.099;61.4;7.14;3.35;2.29;0.38;1.25;3.58;201.5;172.7;19.1;2.5;7.2;0.33;0.23;0.06;0.09;0.57;0.56;0.085;38.6;6.42;2.98;2.07;0.35;1.09;3.48;126.6;109.2;8.3;2.2;7;0.32;0.1;0.06;0.08
4;0;0;50;50;15.64;2.81;8.12;0.78;0.8;0.107;60.9;7.43;3.56;2.28;0.4;1.29;4.2;200.6;171.6;18.1;2.6;8.4;0.31;0.33;0.07;0.09;0.74;0.75;0.088;39.1;8.49;3.9;2.73;0.46;1.52;3.92;128.9;109.8;8.2;3;7.8;0.44;0.14;0.07;0.1
4;0;0;50;100;15.59;3.35;9.72;0.95;0.95;0.117;59.7;8.08;3.87;2.52;0.44;1.4;5.06;201;171.2;17;2.8;10.1;0.33;0.45;0.08;0.1;1.02;0.99;0.09;40.3;10.96;5.13;3.44;0.6;1.95;4.66;135.7;110.1;12.4;3.9;9.3;0.56;0.21;0.09;0.13
4;0;0;100;0;17.63;2.76;7.95;0.77;0.75;0.097;68.6;7.7;3.73;2.39;0.43;1.41;4.08;202.4;169.1;22.4;2.8;8.2;0.31;0.27;0.07;0.1;0.7;0.69;0.086;31.4;7.93;3.65;2.5;0.43;1.36;3.87;92.7;74.3;8;2.7;7.7;0.43;0.09;0.07;0.09
4;0;0;100;50;18.2;3.64;10.25;0.9;0.94;0.106;67.1;8.86;4.18;2.81;0.45;1.55;5.21;200.7;165.1;22.1;3.1;10.4;0.31;0.43;0.08;0.12;1.07;1.01;0.088;32.9;11.35;5.29;3.56;0.58;2.09;5.04;98.1;75.8;8.1;4.2;10.1;0.63;0.14;0.1;0.14
4;0;0;100;100;18.05;4.17;11.83;1.06;1.08;0.117;65.4;9.22;4.4;2.82;0.5;1.62;5.94;199.4;163.4;20.9;3.2;11.9;0.31;0.58;0.09;0.11;1.32;1.26;0.09;34.6;14.03;6.62;4.43;0.73;2.56;5.89;105.3;76.5;12;5.1;11.8;0.78;0.2;0.12;0.16
4;0;50;0;0;13.35;2.05;5.86;0.76;0.76;0.104;55.6;7.3;3.44;2.27;0.41;1.25;3.01;198.8;174.7;15.6;2.5;6;0.34;0.27;0.07;0.09;0.43;0.4;0.086;44.4;4.47;2.07;1.42;0.23;0.8;2.85;158.9;144;7.6;1.6;5.7;0.18;0.12;0.04;0.05
4;0;50;0;50;13.19;2.21;6.46;0.84;0.88;0.113;55.5;7.77;3.65;2.46;0.39;1.34;3.38;198.9;174.7;14.8;2.7;6.8;0.34;0.37;0.07;0.1;0.49;0.49;0.094;44.5;5.07;2.34;1.59;0.28;0.87;3.08;159.5;144;7.6;1.7;6.2;0.19;0.19;0.04;0.06
4;0;50;0;100;12.87;2.37;6.97;1.02;0.99;0.122;54.7;8.09;3.92;2.51;0.42;1.39;3.54;198.3;174.5;14;2.8;7.1;0.33;0.49;0.08;0.1;0.62;0.59;0.099;45.3;5.81;2.72;1.85;0.32;0.97;3.43;164.2;144.1;11.3;1.9;6.9;0.2;0.27;0.05;0.07
4;0;50;50;0;15.67;2.61;7.68;0.84;0.87;0.101;60.8;8.53;3.92;2.69;0.51;1.41;3.97;199;168.7;19.6;2.8;7.9;0.33;0.36;0.07;0.11;0.59;0.58;0.087;39.2;6.53;3.05;2.08;0.34;1.2;3.72;128.5;111.5;7.1;2.4;7.4;0.33;0.11;0.06;0.08
4;0;50;50;50;15.45;3.13;9.05;0.99;1.01;0.111;60.1;9.01;4.32;2.77;0.45;1.59;4.74;197.8;166.7;18.4;3.2;9.5;0.31;0.5;0.09;0.11;0.79;0.82;0.092;39.9;8.82;4.05;2.81;0.47;1.54;4.31;131.4;112.6;7;3.1;8.6;0.46;0.18;0.08;0.1
4;0;50;50;100;15.58;3.62;10.49;1.15;1.18;0.123;59.8;9.58;4.65;2.9;0.48;1.61;5.41;206.3;166.2;26.1;3.2;10.8;0.33;0.64;0.09;0.12;1.19;1.09;0.094;40.2;11.44;5.39;3.67;0.58;2.01;5.09;138.4;113;11.2;4;10.2;0.59;0.27;0.1;0.13
4;0;50;100;0;17.86;3.1;9;1.01;1.02;0.106;67.8;9.61;4.5;3.01;0.53;1.64;4.67;199.9;164.1;23.2;3.3;9.3;0.32;0.48;0.09;0.12;0.72;0.71;0.088;32.2;8.04;3.75;2.52;0.46;1.46;4.33;94.9;76.2;7.1;2.9;8.7;0.43;0.11;0.07;0.09
4;0;50;100;50;17.95;3.91;11.28;1.19;1.22;0.117;67.6;10.43;4.95;3.27;0.53;1.83;5.77;208.6;159.9;33.5;3.7;11.5;0.32;0.67;0.1;0.13;1.13;1.07;0.091;32.4;11.7;5.47;3.71;0.66;2.08;5.51;99.8;77.8;6.8;4.2;11;0.66;0.18;0.1;0.13
4;0;50;100;100;18.14;4.52;12.91;1.41;1.37;0.123;66;11.17;5.41;3.41;0.58;1.88;6.71;207;157.4;32.4;3.8;13.4;0.3;0.83;0.1;0.14;1.39;1.33;0.093;34;14.3;6.76;4.53;0.78;2.64;6.2;106.7;78.8;10.2;5.3;12.4;0.8;0.24;0.12;0.17
4;0;100;0;0;13.18;2.31;6.55;0.94;0.93;0.107;55.7;8.73;4.16;2.6;0.5;1.53;3.43;203.7;169.5;24.3;3.1;6.9;0.33;0.41;0.08;0.11;0.41;0.41;0.091;44.3;4.36;2;1.43;0.22;0.78;3.13;162;148;6.2;1.6;6.3;0.19;0.14;0.04;0.05
4;0;100;0;50;12.97;2.48;7.09;1.15;1.13;0.122;55.5;9.19;4.42;2.85;0.49;1.55;3.64;203.2;170;22.9;3.1;7.3;0.34;0.58;0.08;0.12;0.55;0.52;0.098;44.5;5.16;2.46;1.57;0.3;0.93;3.46;162.9;147.6;6.5;1.9;6.9;0.19;0.22;0.05;0.06
4;0;100;0;100;12.28;2.54;7.41;1.27;1.23;0.133;55;9.24;4.46;2.84;0.5;1.52;3.86;202.6;171.1;20.7;3;7.7;0.34;0.7;0.08;0.12;0.63;0.62;0.107;45;5.74;2.73;1.79;0.29;1.01;3.55;165.5;146.7;9.6;2;7.1;0.21;0.3;0.04;0.07
4;0;100;50;0;15.41;2.91;8.44;1.16;1.12;0.111;61;10.04;4.86;3.12;0.52;1.74;4.35;205.4;163.7;29.6;3.5;8.7;0.32;0.57;0.09;0.13;0.56;0.61;0.092;39;6.56;3.02;2.14;0.33;1.17;4.09;131;114.4;6.1;2.3;8.2;0.33;0.14;0.05;0.08
4;0;100;50;50;15.56;3.36;9.68;1.31;1.31;0.123;60.2;10.64;5.06;3.25;0.58;1.78;4.88;203.6;161.5;28.8;3.6;9.8;0.32;0.76;0.1;0.13;0.9;0.84;0.094;39.8;8.91;4.17;2.8;0.5;1.57;4.8;134.5;115.7;6.1;3.1;9.6;0.46;0.2;0.07;0.11
4;0;100;50;100;15.47;3.95;11.29;1.44;1.49;0.135;59;11.04;5.39;3.36;0.59;1.87;5.73;202.7;160.5;27;3.7;11.5;0.33;0.93;0.09;0.13;1.19;1.13;0.098;41;11.52;5.42;3.68;0.58;2.08;5.56;140.7;116.2;9.2;4.2;11.1;0.61;0.29;0.1;0.14
4;0;100;100;0;17.89;3.49;10.03;1.29;1.28;0.11;68.2;11.64;5.5;3.7;0.61;2.02;5.34;207.9;157.6;35.7;4;10.7;0.31;0.71;0.1;0.15;0.76;0.74;0.091;31.8;8.15;3.83;2.57;0.42;1.48;4.69;96.9;78.7;5.9;3;9.4;0.45;0.14;0.07;0.09
4;0;100;100;50;18.29;4.13;12.2;1.54;1.52;0.123;66.8;12.38;6.01;3.79;0.66;2.15;6.31;205.3;153.4;34.9;4.3;12.6;0.3;0.96;0.11;0.15;1.17;1.1;0.092;33.2;11.87;5.46;3.79;0.65;1.98;5.89;101.9;80.3;5.9;4;11.8;0.67;0.19;0.09;0.15
4;0;100;100;100;18.08;4.69;13.6;1.8;1.74;0.136;65.3;12.82;6.43;3.83;0.61;2.18;6.99;203.3;151.4;33.5;4.4;14;0.29;1.18;0.12;0.15;1.38;1.37;0.095;34.7;14.38;6.65;4.63;0.79;2.52;6.61;107.7;81.1;8.4;5;13.2;0.82;0.26;0.12;0.17
4;50;0;0;0;15.61;2.54;7.04;0.98;1;0.108;50.4;9.15;4.29;2.87;0.5;1.61;3.72;161.8;135.9;15.2;3.2;7.4;0.61;0.18;0.09;0.12;0.43;0.41;0.081;49.6;4.92;2.34;1.53;0.26;0.92;3.33;159.2;138.8;11.8;1.8;6.7;0.17;0.14;0.04;0.06
4;50;0;0;50;15.39;2.7;7.5;1.03;1.03;0.114;50.3;9.07;4.37;2.82;0.46;1.61;3.81;161.6;136.8;14;3.2;7.6;0.6;0.24;0.09;0.11;0.51;0.52;0.087;49.7;5.87;2.7;1.88;0.31;1.09;3.69;159.7;137.9;12.2;2.2;7.4;0.18;0.22;0.05;0.07
4;50;0;0;100;14.84;2.88;8.24;1;1.1;0.116;49.8;9.41;4.49;2.91;0.46;1.64;4.15;163.1;138.9;12.7;3.3;8.3;0.61;0.29;0.09;0.11;0.67;0.69;0.098;50.2;6.95;3.25;2.24;0.37;1.25;4.09;164.5;135.8;18;2.5;8.2;0.19;0.36;0.07;0.08
4;50;0;50;0;17.64;2.98;8.4;1.03;1.02;0.106;55.9;9.65;4.58;2.98;0.55;1.68;4.39;163.3;132.6;18.6;3.4;8.8;0.58;0.23;0.09;0.12;0.64;0.6;0.085;44.1;7.02;3.26;2.21;0.35;1.29;4.01;129;106.8;11.6;2.6;8;0.32;0.14;0.07;0.08
4;50;0;50;50;17.55;3.45;9.76;1.11;1.11;0.112;55.4;9.97;4.76;3.04;0.52;1.69;4.99;163.3;132.3;17.7;3.4;10;0.58;0.32;0.09;0.12;0.82;0.84;0.088;44.6;9.42;4.35;3;0.51;1.76;4.77;131.7;107;11.6;3.5;9.5;0.43;0.21;0.09;0.11
4;50;0;50;100;17.36;3.87;11.47;1.22;1.26;0.119;54.2;10.56;5;3.33;0.58;1.81;5.98;164.7;132.7;16.4;3.6;12;0.6;0.43;0.09;0.14;1.14;1.12;0.094;45.8;11.88;5.44;3.94;0.68;2.07;5.49;139;106.7;17.2;4.1;11;0.54;0.33;0.1;0.14
4;50;0;100;0;19.34;3.26;9.4;1.03;1.04;0.104;63.3;9.98;4.67;3.14;0.53;1.75;4.86;165.3;130.4;21.6;3.5;9.7;0.57;0.26;0.09;0.12;0.73;0.72;0.085;36.7;8.41;3.86;2.63;0.46;1.51;4.54;95.9;72.4;11.4;3;9.1;0.42;0.13;0.07;0.1
4;50;0;100;50;19.87;4.05;11.69;1.17;1.22;0.11;62.4;11.05;5.14;3.54;0.61;1.89;6.05;166.1;128.8;21.4;3.8;12.1;0.58;0.4;0.1;0.14;1.06;1.05;0.088;37.6;11.82;5.53;3.78;0.62;2.17;5.64;100;73.2;11.2;4.3;11.3;0.6;0.2;0.1;0.14
4;50;0;100;100;19.7;4.61;13.46;1.31;1.39;0.118;60.5;11.71;5.54;3.71;0.6;2.01;6.97;165.8;127.5;20.4;4;13.9;0.56;0.56;0.11;0.15;1.43;1.36;0.092;39.5;14.71;6.85;4.68;0.82;2.6;6.49;108.4;73.9;16.3;5.2;13;0.75;0.32;0.12;0.17
4;50;50;0;0;15.47;2.93;8.52;1.35;1.34;0.111;50.3;12;5.72;3.76;0.63;2.06;4.46;162.9;134.4;15.4;4.1;8.9;0.8;0.27;0.11;0.16;0.5;0.45;0.087;49.7;5.03;2.31;1.61;0.28;0.87;4.06;160.8;140.4;10.5;1.7;8.1;0.18;0.16;0.04;0.06
4;50;50;0;50;15.16;3.17;9.1;1.47;1.44;0.117;50.4;12.32;5.98;3.73;0.63;2.12;4.61;163.4;135.8;14.2;4.2;9.2;0.81;0.36;0.11;0.15;0.61;0.59;0.097;49.6;6.08;2.82;1.85;0.33;1.06;4.49;161;139;10.9;2.1;9;0.18;0.29;0.05;0.07
4;50;50;0;100;14.93;3.32;9.7;1.58;1.54;0.123;49.9;12.53;6.11;3.78;0.62;2.07;5.03;164.9;137.8;12.9;4.1;10.1;0.81;0.46;0.11;0.16;0.72;0.75;0.104;50.1;7.17;3.38;2.29;0.35;1.25;4.67;165.6;137;16.8;2.5;9.3;0.19;0.41;0.06;0.09
4;50;50;50;0;17.49;3.58;10.13;1.39;1.43;0.11;55.8;13.03;6.19;4.15;0.66;2.29;5.21;164.8;130.9;18.9;4.6;10.4;0.79;0.34;0.13;0.17;0.66;0.63;0.088;44.2;7.11;3.29;2.29;0.35;1.29;4.92;130.6;108.1;10.1;2.6;9.8;0.32;0.16;0.06;0.09
4;50;50;50;50;17.45;4.05;11.57;1.55;1.55;0.116;55.3;13.38;6.5;4.11;0.7;2.35;5.88;165;131;17.5;4.7;11.8;0.8;0.46;0.12;0.16;0.98;0.92;0.094;44.7;9.7;4.58;3.05;0.47;1.71;5.68;133.1;108;10.3;3.4;11.4;0.44;0.28;0.09;0.12
4;50;50;50;100;17.19;4.56;13.16;1.72;1.72;0.123;55.3;13.97;6.78;4.35;0.71;2.41;6.82;173.7;130.7;24.5;4.8;13.6;0.8;0.61;0.13;0.18;1.22;1.19;0.096;44.7;12.3;5.75;3.89;0.66;2.15;6.35;140.5;108.2;15.3;4.3;12.7;0.56;0.38;0.11;0.14
4;50;50;100;0;19.67;3.91;11.27;1.56;1.53;0.111;62.7;13.78;6.6;4.26;0.77;2.37;5.74;165.4;126.7;22.4;4.7;11.5;0.76;0.47;0.13;0.17;0.73;0.75;0.088;37.3;8.49;3.92;2.71;0.46;1.54;5.53;98.4;74.3;10;3.1;11.1;0.43;0.15;0.07;0.1
4;50;50;100;50;19.8;4.75;13.53;1.76;1.72;0.118;63.3;14.46;6.96;4.48;0.73;2.5;7.05;176.7;125.1;32.5;5;14.1;0.74;0.66;0.14;0.18;1.13;1.15;0.092;36.7;12.38;5.79;3.91;0.67;2.25;6.48;102.4;75.1;9.9;4.5;13;0.63;0.26;0.11;0.14
4;50;50;100;100;19.91;5.25;15.12;1.85;1.85;0.123;61.5;15.04;7.3;4.62;0.76;2.6;7.73;176.5;124.8;31.1;5.2;15.5;0.74;0.78;0.14;0.18;1.54;1.43;0.095;38.5;15.05;7.04;4.75;0.82;2.65;7.4;110.4;75.3;15;5.3;14.8;0.76;0.37;0.14;0.17
4;50;100;0;0;15.75;3.54;10.16;1.7;1.71;0.114;51.5;15.02;7.1;4.62;0.8;2.57;5.27;172.8;133.8;23.3;5.1;10.5;1;0.39;0.14;0.19;0.53;0.52;0.095;48.5;5.38;2.54;1.66;0.28;0.97;4.9;162.6;141;9.9;1.9;9.8;0.18;0.24;0.05;0.06
4;50;100;0;50;15.36;3.69;10.71;1.85;1.86;0.122;50.7;15.17;7.32;4.71;0.8;2.54;5.47;172.2;134.5;21.7;5.1;10.9;0.99;0.55;0.13;0.18;0.73;0.68;0.106;49.3;6.31;3.04;1.92;0.33;1.15;5.24;167.8;140.3;14.7;2.3;10.5;0.19;0.36;0.06;0.07
4;50;100;0;100;14.47;3.92;11.12;1.99;2.05;0.129;50.8;15.93;7.66;4.85;0.86;2.71;5.67;171.9;135.6;19.5;5.4;11.3;1.05;0.65;0.16;0.19;0.88;0.81;0.118;49.2;6.87;3.38;2.06;0.36;1.21;5.45;166.6;139.2;14.1;2.4;10.9;0.19;0.49;0.06;0.08
4;50;100;50;0;17.64;4.03;11.74;1.87;1.89;0.116;56.8;16.24;7.7;5.11;0.87;2.76;5.99;174.8;128.7;28.6;5.5;12;0.98;0.55;0.16;0.2;0.73;0.69;0.093;43.2;7.33;3.36;2.33;0.41;1.27;5.75;133.1;109.8;9.2;2.5;11.5;0.33;0.22;0.06;0.09
4;50;100;50;50;17.61;4.61;13.23;2.01;2.03;0.123;55.4;16.55;7.87;5.16;0.87;2.83;6.8;174.6;128.3;27;5.7;13.6;0.96;0.72;0.15;0.2;1.04;0.99;0.099;44.6;9.96;4.77;3.12;0.51;1.78;6.43;140.5;110.1;14;3.6;12.9;0.45;0.34;0.08;0.11
4;50;100;50;100;17.47;5.11;14.51;2.21;2.2;0.13;55.1;16.93;8.28;5.13;0.89;2.83;7.58;174.7;128.6;25.4;5.7;15.2;0.96;0.88;0.15;0.21;1.34;1.32;0.105;44.9;12.54;6.06;3.84;0.63;2.28;6.93;142.3;109.9;14;4.6;13.9;0.58;0.49;0.11;0.14
4;50;100;100;0;20;4.66;13.3;1.99;2;0.115;63.8;17.46;8.24;5.42;0.92;3.04;6.87;178.2;123.8;34.5;6.1;13.7;0.93;0.7;0.16;0.21;0.81;0.83;0.093;36.2;8.93;4.19;2.82;0.51;1.62;6.43;100.9;75.8;9;3.2;12.9;0.43;0.22;0.08;0.1
4;50;100;100;50;20.11;5.36;15.39;2.16;2.23;0.123;62;18.21;8.71;5.71;0.92;3.11;8.02;178;122.7;33;6.2;16;0.94;0.9;0.16;0.23;1.24;1.23;0.097;38;12.67;5.9;3.93;0.69;2.25;7.37;109;76.3;13.4;4.5;14.7;0.64;0.33;0.11;0.14
4;50;100;100;100;20.1;5.84;16.92;2.39;2.45;0.131;61.2;18.68;9.04;5.65;0.95;3.14;8.82;176.8;120.8;32.1;6.3;17.6;0.92;1.14;0.17;0.23;1.56;1.55;0.101;38.8;15.28;7.21;4.9;0.8;2.7;8.1;112.1;77.3;13.2;5.4;16.2;0.78;0.46;0.14;0.17
4;100;0;0;0;17.46;2.91;8.51;1.28;1.23;0.111;42.5;11.01;5.32;3.39;0.56;1.89;4.41;119.6;92.3;14.7;3.8;8.8;0.82;0.17;0.1;0.13;0.48;0.48;0.082;57.5;5.73;2.58;1.91;0.34;1.01;4.1;161.6;136.2;15.1;2;8.2;0.18;0.18;0.05;0.06
4;100;0;0;50;17.06;3.13;9.33;1.33;1.35;0.116;43;11.63;5.51;3.67;0.62;1.95;4.83;120.8;93.8;13.4;3.9;9.7;0.86;0.24;0.11;0.15;0.65;0.6;0.087;57;6.79;3.11;2.17;0.39;1.18;4.5;160.5;133.8;15.3;2.4;9;0.18;0.28;0.05;0.08
4;100;0;0;100;17.1;3.49;10.18;1.39;1.39;0.118;42.2;11.8;5.59;3.71;0.63;1.98;5.25;122.4;95.7;12.3;4;10.5;0.85;0.28;0.11;0.15;0.76;0.83;0.099;57.8;8.35;3.88;2.67;0.42;1.51;4.93;167.5;130.9;23.7;3;9.9;0.18;0.48;0.07;0.1
4;100;0;50;0;19.38;3.46;9.58;1.35;1.28;0.109;48.3;11.66;5.66;3.57;0.61;2.12;4.93;122.5;90.3;18.1;4.2;9.9;0.81;0.22;0.11;0.14;0.7;0.64;0.084;51.7;7.5;3.52;2.33;0.39;1.34;4.66;131.4;104.4;14.9;2.7;9.3;0.31;0.18;0.06;0.09
4;100;0;50;50;19.58;3.88;11.27;1.4;1.4;0.114;48.3;12.25;5.88;3.76;0.66;2.09;5.88;124.4;91.2;17.3;4.2;11.8;0.82;0.31;0.11;0.16;0.95;0.89;0.088;51.7;10.13;4.74;3.16;0.55;1.8;5.39;133;103.5;15.1;3.6;10.8;0.41;0.28;0.09;0.12
4;100;0;50;100;19.31;4.53;12.87;1.51;1.51;0.12;46.7;12.6;6.05;3.87;0.68;2.16;6.59;124.9;91.5;15.9;4.3;13.2;0.82;0.42;0.12;0.16;1.24;1.25;0.095;53.3;13.1;6.13;4.17;0.65;2.37;6.28;142.6;103.1;22.2;4.7;12.6;0.53;0.45;0.11;0.16
4;100;0;100;0;21.19;3.76;10.63;1.32;1.31;0.107;55.6;12.18;5.75;3.79;0.66;2.15;5.39;124.8;88.2;21.5;4.3;10.8;0.79;0.26;0.11;0.15;0.79;0.76;0.085;44.4;8.85;4.09;2.9;0.43;1.61;5.23;99.4;71.4;14.4;3.2;10.5;0.41;0.17;0.08;0.1
4;100;0;100;50;21.52;4.62;12.95;1.45;1.46;0.112;55.1;12.95;6.13;4.06;0.68;2.21;6.74;126.7;88;20.8;4.4;13.5;0.78;0.39;0.12;0.17;1.15;1.14;0.089;44.9;12.78;6.07;3.94;0.72;2.41;6.21;103.1;71.5;14.3;4.8;12.4;0.6;0.27;0.13;0.15
4;100;0;100;100;21.64;5.18;15.01;1.51;1.62;0.119;52.9;13.6;6.43;4.22;0.73;2.33;7.64;127.7;88.1;19.6;4.7;15.3;0.78;0.54;0.12;0.17;1.55;1.5;0.094;47.1;15.96;7.47;4.97;0.95;2.85;7.36;113.6;71.4;21.7;5.7;14.7;0.73;0.45;0.14;0.19
4;100;50;0;0;17.57;3.83;10.85;1.79;1.8;0.115;43.5;15.74;7.53;4.87;0.8;2.72;5.59;124.4;93;14.8;5.4;11.2;1.21;0.25;0.14;0.2;0.54;0.54;0.087;56.5;6.1;2.85;1.92;0.33;1.11;5.26;161.8;135;14.1;2.2;10.5;0.17;0.24;0.05;0.07
4;100;50;0;50;17.59;4.03;11.78;1.95;1.89;0.118;42.6;16.02;7.68;5.01;0.85;2.71;6.11;125.5;94.4;13.4;5.4;12.2;1.2;0.35;0.14;0.21;0.74;0.73;0.098;57.4;7.37;3.48;2.33;0.4;1.32;5.67;169;132.9;22;2.6;11.3;0.18;0.41;0.06;0.08
4;100;50;0;100;17.12;4.28;12.28;2.05;2.02;0.123;43;16.49;8.01;5.01;0.86;2.85;6.35;126.4;95.6;12.3;5.7;12.7;1.23;0.44;0.15;0.2;0.92;0.88;0.105;57;8.3;3.9;2.61;0.45;1.43;5.93;167.7;131;22;2.9;11.9;0.17;0.55;0.07;0.1
4;100;50;50;0;19.69;4.22;12.28;1.86;1.86;0.113;48.9;16.47;7.81;5.13;0.86;2.77;6.41;127;90.5;18.2;5.5;12.8;1.16;0.33;0.16;0.21;0.71;0.71;0.088;51.1;8.03;3.7;2.57;0.45;1.45;5.87;132.8;104.3;13.9;2.9;11.7;0.31;0.24;0.07;0.09
4;100;50;50;50;19.59;4.89;13.62;1.97;1.99;0.117;47.4;16.96;8.09;5.18;0.98;2.99;7;127.8;90.7;17.1;6;14;1.17;0.45;0.16;0.22;1.06;1.02;0.095;52.6;10.62;5.02;3.31;0.58;1.9;6.62;141.8;104.1;20.7;3.8;13.2;0.42;0.38;0.09;0.13
4;100;50;50;100;19.47;5.23;15.32;2.15;2.14;0.123;48.7;17.42;8.32;5.38;0.9;2.87;7.87;136.6;91.2;24;5.7;15.7;1.18;0.59;0.15;0.22;1.39;1.32;0.099;51.3;13.32;6.26;4.17;0.72;2.37;7.46;143.9;103.5;20.8;4.7;14.9;0.53;0.52;0.12;0.15
4;100;50;100;0;21.77;4.71;13.55;1.98;1.99;0.114;55.9;17.5;8.34;5.33;0.96;3.02;6.96;129.4;87.5;22;6;13.9;1.14;0.47;0.16;0.22;0.8;0.83;0.088;44.1;9.37;4.31;3.01;0.5;1.69;6.6;101.9;71.9;13.4;3.4;13.2;0.41;0.23;0.08;0.11
4;100;50;100;50;21.79;5.45;15.54;2.11;2.12;0.119;55.7;17.76;8.53;5.5;0.94;3.02;8.07;140.9;87.5;31.2;6;16.1;1.11;0.62;0.16;0.22;1.24;1.25;0.094;44.3;13.25;6.22;4.14;0.7;2.44;7.46;111.9;71.9;20.3;4.9;14.9;0.6;0.38;0.12;0.15
4;100;50;100;100;21.79;6.06;17.32;2.24;2.26;0.123;55.1;18.46;8.93;5.68;0.92;3.19;8.95;141;87.3;29.4;6.4;17.9;1.12;0.75;0.17;0.23;1.61;1.56;0.096;44.9;16.13;7.54;5.04;0.87;2.87;8.37;114.7;72;20.2;5.7;16.7;0.74;0.51;0.14;0.18
4;100;100;0;0;17.78;4.46;12.63;2.25;2.21;0.116;45.1;19.04;9.2;5.85;1;3.29;6.47;134.4;92.4;22.4;6.6;12.9;1.42;0.38;0.18;0.23;0.66;0.64;0.097;54.9;6.44;3.08;1.96;0.35;1.17;6.17;163.9;136;13.2;2.3;12.3;0.17;0.33;0.06;0.08
4;100;100;0;50;17.3;4.67;13.16;2.44;2.37;0.123;44.3;19.34;9.38;5.96;0.98;3.34;6.85;134.6;93.8;20.4;6.7;13.7;1.44;0.52;0.18;0.24;0.81;0.83;0.11;55.7;7.45;3.55;2.3;0.41;1.33;6.32;169;133.8;19.9;2.7;12.6;0.18;0.5;0.07;0.09
4;100;100;0;100;17.31;4.89;14.11;2.51;2.49;0.127;44.7;19.63;9.36;6.13;1.04;3.28;7.41;135.6;95.9;18.3;6.6;14.8;1.46;0.62;0.17;0.24;1.08;1.09;0.123;55.3;8.83;4.29;2.67;0.47;1.61;6.69;168;130.6;20.8;3.2;13.4;0.18;0.74;0.07;0.1
4;100;100;50;0;19.63;5.04;14.09;2.3;2.35;0.118;50.6;19.99;9.66;6.07;1.09;3.52;7.21;138.4;89.4;27.5;7;14.4;1.38;0.53;0.2;0.25;0.83;0.82;0.096;49.4;8.51;3.95;2.72;0.46;1.52;6.88;135.1;105.5;12.7;3;13.8;0.31;0.33;0.08;0.1
4;100;100;50;50;19.67;5.42;15.7;2.53;2.5;0.123;49.3;20.34;9.92;6.28;1.07;3.46;8.2;139;90;25.7;6.9;16.4;1.38;0.69;0.18;0.25;1.16;1.13;0.103;50.7;10.94;5.22;3.42;0.56;1.96;7.5;143.1;104.9;19.3;3.9;15;0.42;0.49;0.1;0.12
4;100;100;50;100;19.78;5.87;17.17;2.68;2.66;0.128;48.8;20.68;10.01;6.36;1.16;3.45;8.76;138.8;90;24.4;6.9;17.5;1.37;0.84;0.19;0.26;1.47;1.52;0.109;51.2;13.8;6.54;4.33;0.74;2.41;8.41;145.9;104.8;19.5;4.8;16.8;0.55;0.69;0.11;0.17
4;100;100;100;0;21.72;5.37;15.23;2.43;2.44;0.116;57.7;20.93;10.09;6.36;1.15;3.63;7.79;141.5;85.6;33;7.3;15.6;1.31;0.67;0.2;0.26;0.94;0.91;0.094;42.3;9.6;4.47;3.03;0.57;1.74;7.44;103.9;73.3;12.2;3.5;14.9;0.42;0.3;0.08;0.11
4;100;100;100;50;21.81;6.03;17.43;2.72;2.65;0.123;55.5;21.64;10.4;6.65;1.13;3.6;8.98;142;84.7;32.1;7.2;18;1.31;0.88;0.19;0.28;1.36;1.34;0.099;44.5;13.46;6.3;4.25;0.71;2.42;8.45;113.7;74;17.9;4.8;16.9;0.62;0.45;0.12;0.15
4;100;100;100;100;21.7;6.55;19.05;2.85;2.83;0.129;55.1;21.82;10.61;6.64;1.11;3.64;9.89;142.2;85.4;29.8;7.3;19.8;1.31;1.06;0.19;0.27;1.73;1.73;0.105;44.9;16.5;7.78;5.16;0.91;2.91;9.16;115.8;73.5;18.2;5.8;18.3;0.76;0.65;0.14;0.19
5;0;0;0;0;13.79;1.95;5.43;0.69;0.68;0.101;57.2;6.72;3.16;2.1;0.35;1.2;2.75;204.6;180;16.7;2.4;5.5;0.33;0.2;0.07;0.08;0.31;0.35;0.081;42.8;4.1;1.84;1.29;0.25;0.75;2.68;153;138.4;7.7;1.5;5.4;0.18;0.09;0.03;0.05
5;0;0;0;50;13.27;2.08;5.75;0.78;0.74;0.109;57.4;6.77;3.26;2.06;0.35;1.21;3.05;205.3;181.5;15.3;2.4;6.1;0.33;0.26;0.06;0.09;0.43;0.42;0.086;42.6;4.76;2.21;1.52;0.24;0.87;2.7;152.4;137.4;7.9;1.7;5.4;0.19;0.14;0.04;0.06
5;0;0;0;100;12.95;2.26;6.29;0.85;0.82;0.113;56.7;7.23;3.47;2.2;0.36;1.25;3.34;205.5;182.1;14.2;2.5;6.7;0.34;0.33;0.07;0.09;0.5;0.5;0.091;43.3;5.39;2.56;1.7;0.27;1.01;2.95;156.6;136.9;11.7;2;5.9;0.19;0.2;0.05;0.06
5;0;0;50;0;15.78;2.31;6.82;0.76;0.72;0.099;62.9;7.27;3.43;2.3;0.36;1.25;3.53;206.4;176.9;20;2.5;7.1;0.33;0.23;0.07;0.09;0.52;0.51;0.084;37.1;5.95;2.69;1.98;0.33;1.05;3.29;121.7;105.5;7.5;2.1;6.6;0.31;0.09;0.05;0.07
5;0;0;50;50;15.81;2.91;8.14;0.86;0.83;0.107;62.3;7.73;3.7;2.4;0.37;1.37;4.21;205.9;175.7;19;2.7;8.4;0.33;0.34;0.07;0.1;0.73;0.73;0.088;37.7;8.29;3.86;2.66;0.44;1.54;3.94;124.7;106.2;7.6;3.1;7.9;0.43;0.13;0.07;0.1
5;0;0;50;100;15.66;3.38;9.54;0.99;0.99;0.117;60.9;8.38;4.06;2.52;0.47;1.47;4.93;204.9;174.1;18;2.9;9.9;0.32;0.47;0.09;0.11;0.9;0.95;0.09;39.1;10.54;4.85;3.38;0.54;1.92;4.61;131.3;107;11.2;3.8;9.2;0.55;0.19;0.09;0.13
5;0;0;100;0;17.69;2.8;7.91;0.84;0.79;0.098;70;8.04;3.84;2.44;0.46;1.41;4.13;208.3;174;23.2;2.8;8.3;0.34;0.28;0.08;0.1;0.62;0.64;0.086;30;7.36;3.47;2.33;0.38;1.39;3.77;89;71.4;7.3;2.8;7.5;0.4;0.09;0.07;0.08
5;0;0;100;50;18.22;3.53;10.04;0.88;0.94;0.106;68.6;8.83;4.16;2.81;0.47;1.54;5.17;206;169.6;23;3.1;10.3;0.31;0.43;0.09;0.11;0.92;0.96;0.088;31.4;10.83;5.07;3.42;0.58;1.99;4.87;94;73;7.3;4;9.7;0.61;0.13;0.09;0.13
5;0;0;100;100;18.21;4.05;11.77;1.11;1.15;0.117;66.9;9.84;4.71;3.09;0.53;1.67;6.21;204.3;166.4;22.1;3.3;12.4;0.31;0.62;0.09;0.13;1.21;1.19;0.089;33.1;13.25;6.06;4.32;0.72;2.38;5.57;100.9;74.1;10.8;4.8;11.1;0.75;0.18;0.11;0.15
5;0;50;0;0;13.73;2.14;6.07;0.85;0.83;0.104;56.8;7.99;3.81;2.48;0.38;1.43;3.2;203.4;177;17.1;2.9;6.4;0.35;0.3;0.08;0.1;0.36;0.36;0.084;43.2;4.09;1.87;1.32;0.2;0.72;2.87;154.5;140.6;6.7;1.4;5.7;0.18;0.1;0.03;0.04
5;0;50;0;50;13.11;2.23;6.4;0.95;0.91;0.113;56.6;8.09;3.86;2.44;0.46;1.37;3.29;202.2;177.2;15.7;2.7;6.6;0.34;0.4;0.08;0.1;0.44;0.45;0.093;43.4;4.7;2.21;1.48;0.26;0.85;3.11;155.1;140.5;6.6;1.7;6.2;0.19;0.16;0.04;0.06
5;0;50;0;100;12.55;2.33;6.83;1;1.03;0.123;56.2;8.4;3.96;2.65;0.43;1.35;3.61;202.9;178.6;14.4;2.7;7.2;0.34;0.5;0.08;0.11;0.49;0.54;0.099;43.8;5.39;2.48;1.68;0.31;0.98;3.22;158;139.5;10.1;2;6.4;0.19;0.24;0.05;0.06
5;0;50;50;0;15.81;2.67;7.47;0.93;0.9;0.102;62.1;8.83;4.2;2.73;0.45;1.58;3.88;203.7;172.4;20.4;3.2;7.8;0.33;0.37;0.09;0.11;0.56;0.56;0.088;37.9;6.28;2.93;1.98;0.34;1.1;3.59;124;108;6.7;2.2;7.2;0.32;0.11;0.06;0.08
5;0;50;50;50;15.78;3.16;9.01;1.1;1.05;0.111;61.2;9.38;4.5;2.94;0.48;1.61;4.73;201.6;169.5;19.4;3.2;9.5;0.31;0.52;0.09;0.12;0.75;0.77;0.091;38.8;8.41;3.85;2.7;0.49;1.54;4.28;127.7;109.5;6.5;3.1;8.6;0.44;0.16;0.07;0.09
5;0;50;50;100;15.59;3.58;10.45;1.24;1.22;0.123;61.3;9.97;4.85;3.1;0.49;1.67;5.52;211;168.7;27.9;3.3;11;0.33;0.68;0.09;0.13;1;1;0.093;38.7;10.6;4.93;3.4;0.57;1.91;4.93;133.2;110;9.5;3.8;9.9;0.56;0.22;0.09;0.12
5;0;50;100;0;17.82;3.15;8.85;1.03;1.04;0.106;69;9.83;4.63;3.08;0.54;1.73;4.6;204;167.5;23.9;3.5;9.2;0.33;0.49;0.09;0.13;0.73;0.69;0.088;31;7.76;3.71;2.41;0.42;1.43;4.24;91.5;73.8;6.3;2.9;8.5;0.43;0.1;0.07;0.09
5;0;50;100;50;18.19;3.85;11.14;1.3;1.26;0.117;68.9;10.79;5.27;3.33;0.55;1.9;5.79;213.5;162.9;35.2;3.8;11.6;0.31;0.71;0.1;0.14;0.97;1.02;0.091;31.1;11.21;5.18;3.54;0.62;1.95;5.35;96.3;75.4;6.3;3.9;10.7;0.63;0.17;0.1;0.13
5;0;50;100;100;18.38;4.33;12.67;1.46;1.43;0.123;67.2;11.66;5.6;3.57;0.58;1.91;6.6;211.1;159.7;34.4;3.8;13.2;0.31;0.87;0.11;0.14;1.2;1.25;0.092;32.8;13.47;6.16;4.38;0.77;2.42;6.07;102.8;76.6;9.2;4.8;12.1;0.77;0.21;0.11;0.16
5;0;100;0;0;13.36;2.29;6.64;0.98;0.97;0.107;57.1;9.1;4.33;2.81;0.49;1.55;3.44;208.7;173;25.7;3.1;6.9;0.34;0.43;0.09;0.11;0.37;0.39;0.091;42.9;4.09;1.9;1.3;0.2;0.73;3.2;156.9;143.5;5.5;1.5;6.4;0.18;0.13;0.04;0.04
5;0;100;0;50;12.84;2.45;7.09;1.18;1.17;0.122;56.8;9.5;4.62;2.9;0.53;1.62;3.67;207.2;172.6;24;3.2;7.3;0.34;0.62;0.09;0.12;0.45;0.47;0.096;43.2;4.73;2.21;1.44;0.26;0.83;3.42;157.7;143.8;5.5;1.7;6.8;0.19;0.18;0.04;0.05
5;0;100;0;100;12.34;2.59;7.42;1.26;1.31;0.133;56.1;9.82;4.77;2.97;0.52;1.64;3.83;205.9;172.7;22.3;3.3;7.7;0.35;0.75;0.09;0.13;0.55;0.56;0.105;43.9;5.22;2.49;1.64;0.28;0.95;3.6;160.9;143.7;8.1;1.9;7.2;0.2;0.25;0.05;0.06
5;0;100;50;0;15.67;2.94;8.55;1.19;1.18;0.111;62.4;10.58;5.07;3.3;0.58;1.85;4.41;210.4;166.8;31.1;3.7;8.8;0.33;0.61;0.1;0.13;0.59;0.59;0.091;37.6;6.37;2.94;2.02;0.35;1.09;4.14;127;111;5.5;2.2;8.3;0.33;0.13;0.06;0.07
5;0;100;50;50;15.62;3.4;9.78;1.38;1.37;0.123;61.6;11.18;5.38;3.37;0.62;1.91;5.11;208.4;164.2;30.2;3.8;10.2;0.33;0.8;0.1;0.14;0.79;0.8;0.093;38.4;8.48;3.87;2.75;0.48;1.49;4.67;130;112.4;5.3;3;9.3;0.45;0.17;0.07;0.1
5;0;100;50;100;15.45;3.83;11.04;1.59;1.55;0.135;60.4;11.48;5.6;3.47;0.59;1.94;5.76;206.9;163;28.5;3.9;11.5;0.32;0.99;0.1;0.14;1.06;1.04;0.097;39.6;10.7;4.94;3.42;0.59;1.89;5.27;135.4;113.1;8.1;3.8;10.5;0.58;0.25;0.09;0.12
5;0;100;100;0;18.27;3.48;10.13;1.4;1.33;0.11;69.1;12.12;5.83;3.81;0.63;2.09;5.19;211.6;159.4;37.6;4.2;10.4;0.31;0.76;0.11;0.15;0.76;0.72;0.09;30.9;7.91;3.62;2.56;0.38;1.39;4.94;94.6;76.7;5.3;2.8;9.9;0.44;0.12;0.06;0.09
5;0;100;100;50;18.29;4.2;12.02;1.6;1.57;0.123;67.9;12.77;6.18;3.87;0.67;2.17;6.24;209.2;155.7;36.6;4.3;12.5;0.3;0.99;0.12;0.15;1.05;1.04;0.092;32.1;11.27;5.29;3.51;0.61;2.03;5.78;98.7;78;5;4.1;11.6;0.65;0.16;0.1;0.13
5;0;100;100;100;18.35;4.73;13.68;1.99;1.86;0.136;66.3;13.68;6.74;4.1;0.74;2.21;7.11;206;152.2;35.2;4.4;14.2;0.31;1.26;0.12;0.17;1.27;1.31;0.094;33.7;13.88;6.46;4.34;0.75;2.52;6.56;104.7;79.3;7.2;5;13.1;0.81;0.23;0.12;0.16
5;50;0;0;0;15.52;2.46;7.09;1.06;1.01;0.108;51.7;9.32;4.47;2.88;0.5;1.6;3.7;165.2;138.7;15.9;3.2;7.4;0.62;0.19;0.09;0.12;0.4;0.4;0.082;48.3;4.71;2.18;1.53;0.25;0.86;3.38;154.4;134.9;11.1;1.7;6.8;0.17;0.13;0.04;0.05
5;50;0;0;50;15.43;2.77;7.5;1.12;1.09;0.113;51.7;9.57;4.66;2.92;0.48;1.74;3.87;165.7;139.5;15;3.5;7.7;0.61;0.26;0.09;0.12;0.46;0.49;0.087;48.3;5.51;2.56;1.76;0.28;1.03;3.64;154.6;134.2;11.1;2.1;7.3;0.17;0.2;0.05;0.06
5;50;0;0;100;14.94;2.93;8.25;1.22;1.17;0.116;51.1;10;4.88;3.06;0.5;1.76;4.25;167;141.2;13.7;3.5;8.5;0.63;0.31;0.1;0.13;0.63;0.65;0.097;48.9;6.57;3.06;2.03;0.34;1.17;4;159.6;132.4;16.9;2.3;8;0.19;0.33;0.06;0.08
5;50;0;50;0;17.65;2.88;8.35;1.07;1.03;0.105;57.4;9.7;4.55;3.04;0.54;1.69;4.36;167.5;135.9;19.4;3.4;8.7;0.58;0.23;0.09;0.12;0.58;0.57;0.084;42.6;6.69;3.04;2.18;0.38;1.19;3.99;124.4;103.2;10.9;2.4;8;0.3;0.13;0.05;0.08
5;50;0;50;50;17.55;3.38;9.72;1.19;1.17;0.112;56.9;10.44;5.04;3.21;0.52;1.85;5.05;167.4;134.8;18.8;3.7;10.1;0.59;0.34;0.1;0.14;0.73;0.77;0.087;43.1;8.79;3.98;2.86;0.48;1.53;4.67;127;104;10.6;3.1;9.3;0.41;0.19;0.06;0.11
5;50;0;50;100;17.48;3.91;11.33;1.3;1.32;0.119;55.6;11.09;5.25;3.47;0.59;1.9;5.97;168.5;135.4;17.4;3.8;11.9;0.6;0.46;0.11;0.15;1.04;1.08;0.093;44.4;11.49;5.26;3.65;0.63;2.02;5.36;134.5;103.6;16.1;4;10.7;0.53;0.31;0.09;0.14
5;50;0;100;0;19.56;3.19;9.45;1.13;1.1;0.103;64.7;10.56;4.97;3.31;0.52;1.8;4.96;169.7;133.3;22.9;3.6;9.9;0.59;0.28;0.1;0.13;0.66;0.67;0.085;35.3;7.82;3.54;2.57;0.41;1.39;4.49;92.5;70.1;10.6;2.8;9;0.39;0.13;0.06;0.09
5;50;0;100;50;19.84;4.06;11.63;1.26;1.26;0.11;63.5;11.46;5.44;3.54;0.6;2;6.03;169.1;130.6;22.4;4;12.1;0.58;0.43;0.11;0.15;1;1.01;0.088;36.5;11.48;5.33;3.66;0.59;2.06;5.6;97;71.3;10.4;4.1;11.2;0.6;0.19;0.09;0.14
5;50;0;100;100;19.89;4.68;13.44;1.42;1.45;0.118;61.7;12.29;5.83;3.83;0.66;2.07;7.02;169.5;129.8;21.4;4.1;14;0.58;0.6;0.11;0.16;1.28;1.31;0.092;38.3;14.11;6.57;4.47;0.78;2.61;6.42;105.2;71.7;15.4;5.2;12.8;0.72;0.3;0.12;0.16
5;50;50;0;0;15.68;2.92;8.74;1.46;1.38;0.111;51.8;12.43;5.89;3.89;0.65;2.05;4.6;167.2;137.7;16.2;4.1;9.2;0.83;0.28;0.1;0.16;0.44;0.43;0.086;48.2;4.87;2.24;1.55;0.26;0.87;4.14;155.9;135.9;10;1.7;8.3;0.17;0.16;0.04;0.06
5;50;50;0;50;15.29;3.17;9.24;1.5;1.46;0.116;51.8;12.57;6.03;3.89;0.66;2.15;4.81;167.8;138.8;15.1;4.3;9.6;0.81;0.38;0.11;0.16;0.53;0.56;0.096;48.2;5.77;2.63;1.85;0.36;1.02;4.43;155.8;134.8;10.1;2;8.9;0.18;0.27;0.05;0.06
5;50;50;0;100;14.77;3.34;9.72;1.65;1.59;0.123;51.1;12.99;6.28;4.03;0.68;2.2;5.04;167.9;139.7;13.7;4.4;10.1;0.83;0.48;0.12;0.16;0.68;0.68;0.102;48.9;6.57;3.1;2.1;0.34;1.14;4.68;160.7;133.9;15.1;2.3;9.4;0.19;0.36;0.05;0.07
5;50;50;50;0;17.6;3.52;10.1;1.49;1.44;0.109;57.2;13.19;6.26;4.06;0.75;2.28;5.25;168.8;134.3;19.5;4.6;10.5;0.8;0.35;0.13;0.16;0.61;0.61;0.087;42.8;6.93;3.11;2.26;0.39;1.24;4.85;126.2;104.4;9.7;2.5;9.7;0.31;0.16;0.06;0.08
5;50;50;50;50;17.51;4.02;11.57;1.67;1.58;0.115;56.6;13.73;6.6;4.27;0.7;2.33;6;168.5;132.9;18.9;4.7;12;0.79;0.5;0.12;0.17;0.81;0.85;0.093;43.4;9.06;4.23;2.92;0.51;1.69;5.57;129.2;105.4;9.4;3.4;11.1;0.42;0.24;0.08;0.11
5;50;50;50;100;17.62;4.55;13.02;1.82;1.75;0.123;56.4;14.26;6.95;4.33;0.77;2.46;6.66;177.3;132.6;26.4;4.9;13.3;0.79;0.65;0.13;0.18;1.11;1.14;0.096;43.6;11.78;5.52;3.69;0.63;2.09;6.36;136.8;105.6;14.4;4.2;12.7;0.55;0.35;0.1;0.14
5;50;50;100;0;19.88;3.98;11.37;1.58;1.59;0.111;64.1;14.28;6.76;4.49;0.75;2.46;5.9;170;129.6;23.7;4.9;11.8;0.77;0.5;0.13;0.18;0.72;0.73;0.088;35.9;8.3;3.87;2.62;0.47;1.53;5.47;95;71.8;9.2;3.1;10.9;0.42;0.15;0.07;0.09
5;50;50;100;50;20.01;4.75;13.46;1.79;1.77;0.118;64.6;14.93;7.27;4.55;0.78;2.62;7.02;181.1;127.8;34;5.2;14;0.75;0.69;0.14;0.19;1.06;1.11;0.092;35.4;11.95;5.51;3.8;0.66;2.13;6.44;99;72.7;9.2;4.3;12.9;0.62;0.25;0.1;0.14
5;50;50;100;100;19.98;5.12;14.95;2.05;1.92;0.123;62.8;15.68;7.67;4.75;0.82;2.62;7.71;179.8;125.9;33.2;5.2;15.4;0.75;0.84;0.14;0.2;1.38;1.34;0.094;37.2;14.18;6.6;4.45;0.78;2.5;7.24;106.4;73.6;13.3;5;14.5;0.74;0.32;0.12;0.16
5;50;100;0;0;15.81;3.54;10.3;1.84;1.78;0.114;52.6;15.6;7.48;4.84;0.84;2.66;5.28;176.5;135.5;25.1;5.3;10.6;1.01;0.42;0.15;0.2;0.45;0.49;0.095;47.4;5.04;2.34;1.63;0.27;0.88;5.02;158.7;138;9;1.8;10;0.17;0.21;0.04;0.06
5;50;100;0;50;15.14;3.73;10.62;2.04;1.95;0.123;52.2;15.85;7.74;4.77;0.84;2.71;5.5;176.5;137.4;22.7;5.4;11;1.03;0.57;0.16;0.19;0.63;0.62;0.105;47.8;5.77;2.75;1.82;0.31;1.02;5.12;161.6;136.1;13.3;2;10.2;0.18;0.32;0.05;0.07
5;50;100;0;100;14.8;3.94;11.03;2.17;2.09;0.129;52.1;16.21;7.98;4.81;0.81;2.81;5.67;176.2;137.9;21.2;5.6;11.3;1.05;0.71;0.15;0.19;0.79;0.77;0.118;47.9;6.46;3.08;2.03;0.33;1.13;5.36;161.9;135.6;13.3;2.3;10.7;0.18;0.46;0.06;0.07
5;50;100;50;0;17.7;4.13;11.76;1.92;1.93;0.116;58.1;16.63;7.89;5.18;0.83;2.85;6.14;178.9;131.2;29.8;5.7;12.3;0.98;0.58;0.16;0.21;0.7;0.67;0.093;41.9;7.15;3.3;2.29;0.38;1.28;5.62;129;106.6;8.6;2.6;11.2;0.33;0.2;0.06;0.08
5;50;100;50;50;17.56;4.63;13.16;2.27;2.14;0.123;56.9;17.42;8.56;5.2;0.92;3.02;6.9;178.8;130.2;28.7;6;13.8;0.99;0.77;0.17;0.21;0.91;0.91;0.098;43.1;9.18;4.31;2.91;0.5;1.62;6.25;135.3;107.3;12.3;3.2;12.5;0.43;0.3;0.08;0.11
5;50;100;50;100;17.57;5.07;14.55;2.42;2.32;0.13;56.1;17.83;8.71;5.43;0.91;2.96;7.56;177.3;128.9;27.4;5.9;15.1;0.98;0.95;0.16;0.22;1.24;1.21;0.103;43.9;11.69;5.62;3.63;0.61;2.11;7;138.9;108.3;12.4;4.2;14;0.56;0.42;0.1;0.13
5;50;100;100;0;20.01;4.58;13.26;2.1;2.07;0.115;65.2;18.07;8.67;5.66;0.94;3.09;6.9;182.3;126.3;36;6.2;13.8;0.96;0.72;0.17;0.23;0.79;0.78;0.092;34.8;8.36;3.89;2.66;0.43;1.49;6.36;97.3;73.4;8.1;3;12.7;0.42;0.2;0.07;0.09
5;50;100;100;50;20.2;5.21;15.36;2.31;2.28;0.123;63.2;18.62;8.9;5.81;1.01;3.05;8.04;181.7;124.8;34.7;6.1;16.1;0.94;0.94;0.17;0.23;1.15;1.17;0.096;36.8;12.04;5.54;3.82;0.66;2.16;7.33;105.4;74.1;12.3;4.3;14.7;0.62;0.31;0.1;0.14
5;50;100;100;100;20.14;5.83;16.79;2.67;2.51;0.132;62.1;19.07;9.39;5.78;0.95;3.23;8.73;178.8;121.4;33.5;6.5;17.5;0.9;1.2;0.17;0.24;1.44;1.47;0.099;37.9;14.74;6.87;4.67;0.83;2.59;8.06;108.9;75.8;11.8;5.2;16.1;0.78;0.4;0.13;0.17
5;100;0;0;0;17.34;2.99;8.37;1.37;1.28;0.111;43.9;11.52;5.56;3.54;0.6;1.99;4.36;122.4;94.1;15.6;4;8.7;0.84;0.19;0.11;0.14;0.43;0.45;0.082;56.1;5.4;2.52;1.65;0.3;1;4.01;156.6;132.5;14.1;2;8;0.18;0.17;0.05;0.06
5;100;0;0;50;17.21;3.29;9.21;1.37;1.36;0.115;44.3;11.8;5.67;3.58;0.65;2.06;4.86;124;95.8;14.4;4.1;9.7;0.85;0.26;0.11;0.15;0.58;0.58;0.087;55.7;6.59;3.09;2.09;0.35;1.23;4.36;155.8;130.1;14.6;2.5;8.7;0.18;0.27;0.06;0.07
5;100;0;0;100;16.89;3.4;9.99;1.57;1.46;0.118;43.5;12.42;5.94;3.79;0.61;2.06;5.22;125;97;13.4;4.1;10.4;0.88;0.31;0.11;0.15;0.67;0.75;0.099;56.5;7.57;3.47;2.46;0.38;1.34;4.76;162.2;128.4;21.6;2.7;9.5;0.17;0.43;0.06;0.09
5;100;0;50;0;19.32;3.36;9.66;1.41;1.32;0.109;49.7;12.07;5.72;3.76;0.67;2.09;5.04;125.6;92.3;19.1;4.2;10.1;0.82;0.23;0.11;0.16;0.58;0.61;0.084;50.3;7.2;3.28;2.28;0.42;1.27;4.63;127;101.4;13.9;2.5;9.3;0.3;0.17;0.06;0.08
5;100;0;50;50;19.43;3.81;11.23;1.47;1.42;0.114;49.5;12.49;5.86;3.92;0.67;2.07;5.77;126.8;92.8;18.3;4.1;11.5;0.82;0.33;0.11;0.16;0.86;0.86;0.088;50.5;9.72;4.52;3.09;0.52;1.74;5.46;129.1;100.8;14;3.5;10.9;0.39;0.26;0.08;0.12
5;100;0;50;100;19.46;4.47;12.82;1.56;1.57;0.12;48.2;13.08;6.34;3.94;0.69;2.28;6.67;128.3;93.3;17.1;4.6;13.3;0.83;0.45;0.13;0.16;1.14;1.18;0.095;51.8;12.39;5.73;3.94;0.69;2.19;6.15;138;100.3;21;4.4;12.3;0.51;0.43;0.1;0.14
5;100;0;100;0;21.38;3.69;10.64;1.42;1.36;0.107;57.1;12.69;5.99;3.97;0.65;2.11;5.48;128.1;90.5;22.4;4.2;11;0.81;0.27;0.12;0.16;0.7;0.73;0.085;42.9;8.51;3.9;2.69;0.47;1.58;5.16;96.2;68.8;13.9;3.2;10.3;0.39;0.17;0.07;0.1
5;100;0;100;50;21.53;4.59;13.03;1.5;1.51;0.112;56.6;13.37;6.37;4.13;0.74;2.32;6.79;130.1;90.2;21.6;4.6;13.6;0.81;0.41;0.12;0.16;1.08;1.09;0.088;43.4;12.3;5.81;3.85;0.69;2.27;6.24;99.7;69.1;13.6;4.5;12.5;0.58;0.26;0.11;0.14
5;100;0;100;100;21.47;5.11;14.8;1.7;1.68;0.119;54.4;14.1;6.74;4.34;0.77;2.39;7.71;130.4;89.6;20.6;4.8;15.4;0.8;0.58;0.13;0.18;1.4;1.42;0.093;45.6;15.19;7.05;4.8;0.81;2.72;7.09;109.3;69.5;20.1;5.4;14.2;0.72;0.4;0.13;0.18
5;100;50;0;0;17.9;3.89;10.97;1.92;1.85;0.115;44.8;16.18;7.8;5.03;0.82;2.85;5.62;127.7;94.8;15.9;5.7;11.2;1.23;0.27;0.16;0.2;0.51;0.51;0.087;55.2;5.73;2.66;1.86;0.31;1.04;5.35;157.5;131.5;13.3;2.1;10.7;0.17;0.22;0.05;0.07
5;100;50;0;50;17.57;4.07;11.68;1.98;1.97;0.118;43.9;16.64;8.07;5.13;0.82;2.87;6.05;128.4;96.1;14.5;5.7;12.1;1.23;0.37;0.16;0.21;0.67;0.68;0.098;56.1;6.87;3.2;2.16;0.37;1.2;5.63;163.9;129.7;20.5;2.4;11.3;0.17;0.37;0.06;0.08
5;100;50;0;100;17.14;4.32;12.43;2.1;2.07;0.123;44.1;16.91;8.12;5.28;0.89;2.84;6.42;129;97.5;13;5.7;12.8;1.25;0.46;0.15;0.22;0.84;0.86;0.105;55.9;8.07;3.85;2.45;0.45;1.48;6.01;163.4;127.6;20.8;3;12;0.18;0.51;0.07;0.09
5;100;50;50;0;19.66;4.37;12.2;1.97;1.9;0.112;50.1;16.9;8.06;5.24;0.88;2.94;6.34;129.7;92;19.1;5.9;12.7;1.18;0.35;0.16;0.22;0.68;0.7;0.088;49.9;7.83;3.59;2.48;0.42;1.43;5.86;129.2;101.7;12.9;2.9;11.7;0.31;0.22;0.08;0.09
5;100;50;50;50;19.62;4.99;13.83;2.09;2.09;0.117;48.9;17.79;8.63;5.45;0.89;3.16;7.29;131.4;92.5;18;6.3;14.6;1.21;0.49;0.17;0.22;0.95;0.96;0.095;51.1;10.06;4.68;3.16;0.56;1.83;6.54;137.2;101.1;19.3;3.7;13.1;0.4;0.36;0.09;0.11
5;100;50;50;100;19.69;5.34;15.56;2.32;2.24;0.123;50.2;18.22;8.91;5.56;1.01;3.05;8.09;140.9;92.8;25.8;6.1;16.2;1.21;0.62;0.17;0.23;1.22;1.27;0.098;49.8;12.84;5.95;4.08;0.71;2.28;7.48;140;100.8;19.7;4.6;15;0.52;0.49;0.11;0.15
5;100;50;100;0;21.55;4.75;13.44;2.12;2.05;0.114;57.4;17.99;8.63;5.58;0.94;3.13;6.99;132.5;89.4;22.8;6.3;14;1.17;0.48;0.16;0.23;0.72;0.78;0.088;42.6;8.78;3.97;2.86;0.45;1.63;6.45;98.1;69.7;12.3;3.3;12.9;0.39;0.21;0.08;0.1
5;100;50;100;50;21.93;5.51;15.65;2.28;2.23;0.119;57.2;18.68;9.01;5.68;1;3.24;8.25;144.3;88.2;33.1;6.5;16.5;1.14;0.67;0.18;0.24;1.11;1.17;0.093;42.8;12.57;5.83;4.02;0.73;2.27;7.4;108.1;70.5;18.3;4.5;14.8;0.6;0.33;0.1;0.14
5;100;50;100;100;21.78;6;17.18;2.38;2.33;0.123;56.4;18.95;9.17;5.9;1.02;3.27;8.78;144.1;88.6;31.4;6.5;17.6;1.13;0.79;0.17;0.23;1.52;1.49;0.096;43.6;15.43;7.22;4.84;0.87;2.73;8.41;111.2;70.3;18.7;5.5;16.8;0.71;0.46;0.13;0.19
5;100;100;0;0;17.57;4.39;12.69;2.39;2.27;0.116;46.3;19.62;9.3;6.14;1.05;3.27;6.58;137.3;94.2;23.3;6.5;13.2;1.45;0.4;0.18;0.25;0.62;0.59;0.097;53.7;6.03;2.89;1.82;0.35;1.11;6.11;159;132.4;12.2;2.2;12.2;0.17;0.3;0.05;0.07
5;100;100;0;50;17.33;4.65;13.16;2.58;2.46;0.123;45.5;20.02;9.74;6.03;1.06;3.36;6.83;137.3;95;22;6.7;13.7;1.46;0.56;0.19;0.25;0.78;0.78;0.109;54.5;7.1;3.4;2.19;0.38;1.29;6.32;164.9;131.2;18.4;2.6;12.6;0.18;0.46;0.06;0.08
5;100;100;0;100;17.04;4.85;14.04;2.71;2.61;0.127;45.9;20.5;9.83;6.42;1.08;3.41;7.28;138.4;97;20.1;6.8;14.6;1.5;0.67;0.18;0.26;1.01;1.01;0.123;54.1;8.18;3.94;2.52;0.43;1.44;6.76;163.3;128.4;18.5;2.9;13.5;0.18;0.67;0.07;0.09
5;100;100;50;0;19.79;4.79;14.2;2.47;2.4;0.117;52.1;20.46;9.78;6.31;1.07;3.39;7.42;142.1;91.3;29.1;6.8;14.8;1.4;0.56;0.18;0.25;0.73;0.76;0.095;47.9;7.89;3.69;2.57;0.42;1.4;6.77;130.7;102.4;11.9;2.8;13.5;0.3;0.3;0.07;0.09
5;100;100;50;50;19.77;5.5;15.56;2.72;2.59;0.123;50.4;21.11;10.23;6.43;1.09;3.6;8.09;141.7;90.6;27.8;7.2;16.2;1.4;0.74;0.2;0.26;0.97;1.07;0.102;49.6;10.42;4.83;3.35;0.55;1.9;7.47;139.5;103.2;17.6;3.8;14.9;0.42;0.44;0.09;0.12
5;100;100;50;100;19.74;5.91;17;2.94;2.78;0.128;50.1;21.6;10.54;6.64;1.14;3.64;8.89;142.1;90.7;26.3;7.3;17.8;1.4;0.91;0.19;0.28;1.35;1.38;0.108;49.9;12.73;6.08;3.92;0.68;2.27;8.11;141.3;103.1;17.4;4.5;16.2;0.53;0.61;0.1;0.14
5;100;100;100;0;21.75;5.37;15.55;2.62;2.54;0.116;59.3;21.84;10.52;6.77;1.15;3.77;8.19;146.1;87.5;34.7;7.5;16.4;1.36;0.7;0.2;0.28;0.86;0.87;0.093;40.7;9.23;4.33;2.92;0.53;1.6;7.37;100.2;71.1;11.2;3.2;14.7;0.41;0.28;0.07;0.11
5;100;100;100;50;21.92;6.04;17.43;2.8;2.73;0.123;57;22.23;10.65;6.83;1.16;3.71;9.12;145.6;86.3;33.6;7.4;18.2;1.32;0.92;0.2;0.28;1.3;1.29;0.099;43;12.95;6.09;4.09;0.72;2.33;8.3;109.8;71.9;16.7;4.7;16.6;0.6;0.42;0.11;0.15
5;100;100;100;100;22;6.7;19.08;3.08;2.97;0.13;56.3;22.83;11.14;7.01;1.17;3.9;9.78;145.6;86.1;32.1;7.8;19.6;1.33;1.15;0.22;0.27;1.55;1.64;0.104;43.7;15.69;7.35;4.94;0.88;2.8;9.3;112.9;72.1;16.6;5.6;18.6;0.73;0.59;0.14;0.18
6;0;0;0;0;13.94;2;5.53;0.75;0.8;0.111;58.9;7.1;3.36;2.22;0.37;1.24;2.89;210.6;184.9;17.5;2.5;5.8;0.38;0.24;0.07;0.1;0.33;0.34;0.082;41.1;3.95;1.84;1.24;0.21;0.77;2.63;147.1;133.2;7.1;1.5;5.3;0.17;0.09;0.04;0.05
6;0;0;0;50;13.48;2.05;5.87;0.85;0.84;0.114;58.8;7.3;3.48;2.31;0.38;1.25;3.09;210.3;185;16.6;2.5;6.2;0.37;0.29;0.07;0.1;0.4;0.39;0.085;41.2;4.41;2.03;1.36;0.24;0.8;2.78;147.2;133.1;7;1.6;5.6;0.18;0.12;0.04;0.05
6;0;0;0;100;13.04;2.21;6.38;0.85;0.91;0.118;58.1;7.64;3.61;2.33;0.41;1.29;3.37;209.7;185.1;15.2;2.6;6.7;0.38;0.35;0.07;0.1;0.49;0.46;0.089;41.9;5.04;2.38;1.59;0.26;0.92;3.01;151.4;133;10.5;1.8;6;0.19;0.17;0.04;0.06
6;0;0;50;0;16.03;2.37;6.89;0.78;0.83;0.109;64.3;7.55;3.48;2.44;0.4;1.28;3.58;211.7;181.1;21;2.6;7.2;0.37;0.28;0.07;0.1;0.51;0.49;0.084;35.7;5.74;2.71;1.85;0.3;1.09;3.31;117.5;101.7;7;2.2;6.6;0.3;0.08;0.05;0.06
6;0;0;50;50;15.76;2.74;8;0.86;0.9;0.112;63.7;7.98;3.82;2.51;0.41;1.36;4.19;210.2;179.3;19.8;2.7;8.4;0.35;0.36;0.08;0.11;0.65;0.68;0.087;36.4;7.74;3.57;2.34;0.44;1.38;3.81;119.9;102.6;6.9;2.8;7.6;0.41;0.12;0.06;0.09
6;0;0;50;100;15.74;3.32;9.44;1.04;1.08;0.122;62.2;8.82;4.3;2.66;0.46;1.52;4.99;208.6;176.5;19.1;3;10;0.36;0.5;0.09;0.13;0.86;0.91;0.089;37.8;10.05;4.58;3.27;0.55;1.8;4.45;126.5;104.1;9.9;3.6;8.9;0.54;0.16;0.09;0.11
6;0;0;100;0;17.92;2.7;7.77;0.87;0.88;0.106;71.2;8.18;3.87;2.55;0.43;1.41;3.98;212.4;177.2;24.5;2.8;8;0.36;0.33;0.08;0.11;0.58;0.6;0.086;28.8;6.97;3.2;2.16;0.4;1.29;3.78;85.9;69.2;6.5;2.6;7.6;0.39;0.08;0.06;0.08
6;0;0;100;50;18.14;3.38;9.99;0.99;1.03;0.111;69.9;9.27;4.31;2.94;0.52;1.55;5.22;210.1;172.6;23.9;3.1;10.4;0.35;0.45;0.09;0.13;0.84;0.89;0.087;30.1;10.18;4.6;3.27;0.56;1.83;4.77;90.3;70.7;6.4;3.7;9.5;0.59;0.11;0.08;0.12
6;0;0;100;100;18.38;4.07;11.73;1.18;1.23;0.121;68.2;10.19;4.9;3.15;0.58;1.74;6.16;208.9;169.9;23.2;3.5;12.3;0.35;0.64;0.1;0.15;1.06;1.14;0.089;31.8;12.73;5.87;4.1;0.7;2.33;5.57;97.1;71.7;9.6;4.7;11.1;0.72;0.16;0.11;0.14
6;0;50;0;0;13.57;2.09;5.96;0.92;0.86;0.109;58.4;7.93;3.79;2.47;0.43;1.38;3.16;208.6;181.8;17.7;2.8;6.3;0.37;0.3;0.08;0.11;0.31;0.35;0.084;41.6;3.91;1.78;1.25;0.22;0.71;2.8;148.3;135.3;6;1.4;5.6;0.17;0.09;0.03;0.05
6;0;50;0;50;13.08;2.21;6.48;0.98;0.99;0.117;58.2;8.43;3.97;2.71;0.45;1.41;3.44;207.6;181.3;16.6;2.8;6.9;0.37;0.42;0.08;0.12;0.39;0.41;0.089;41.8;4.44;2.04;1.39;0.25;0.8;3.04;149.2;135.6;5.8;1.6;6.1;0.18;0.14;0.04;0.05
6;0;50;0;100;12.73;2.35;6.82;1.12;1.13;0.127;57.4;8.87;4.29;2.71;0.48;1.47;3.55;206.4;180.7;15.7;2.9;7.1;0.37;0.55;0.09;0.12;0.49;0.49;0.097;42.6;4.95;2.31;1.56;0.27;0.88;3.27;153;136;8.7;1.8;6.5;0.19;0.2;0.04;0.06
6;0;50;50;0;15.84;2.63;7.56;0.97;0.95;0.105;63.6;9.02;4.27;2.78;0.49;1.54;3.94;208.5;176.1;21.4;3.1;7.9;0.36;0.39;0.09;0.12;0.49;0.51;0.087;36.4;5.75;2.67;1.8;0.34;1.09;3.62;119.4;104.3;5.7;2.2;7.2;0.3;0.09;0.05;0.06
6;0;50;50;50;15.7;3.14;8.88;1.08;1.12;0.116;62.7;9.62;4.58;2.99;0.54;1.66;4.53;206.3;173.7;20.3;3.3;9.1;0.36;0.54;0.09;0.12;0.72;0.71;0.09;37.3;7.88;3.73;2.43;0.43;1.48;4.36;122.8;105.5;5.7;3;8.7;0.42;0.13;0.07;0.09
6;0;50;50;100;15.73;3.62;10.37;1.42;1.42;0.133;62.5;10.71;5.19;3.21;0.59;1.78;5.45;214.6;170.2;29.9;3.6;10.9;0.37;0.8;0.1;0.15;0.91;0.93;0.093;37.5;10.01;4.65;3.19;0.54;1.84;4.92;128.7;107.2;7.9;3.7;9.8;0.55;0.19;0.09;0.11
6;0;50;100;0;18.09;2.97;8.81;1.14;1.13;0.109;70.2;10.27;4.82;3.17;0.57;1.69;4.53;207.9;170.2;25.3;3.4;9.1;0.35;0.53;0.1;0.14;0.6;0.63;0.087;29.8;7.18;3.23;2.29;0.4;1.28;4.28;88.3;71.6;5.6;2.6;8.6;0.4;0.09;0.06;0.08
6;0;50;100;50;18.38;3.84;11.17;1.35;1.37;0.12;70.1;11.35;5.48;3.52;0.57;1.94;5.89;218.5;166;36.9;3.9;11.8;0.34;0.75;0.11;0.16;0.93;0.95;0.089;29.9;10.54;4.84;3.37;0.6;1.9;5.28;92.9;73;5.5;3.8;10.6;0.61;0.13;0.09;0.12
6;0;50;100;100;18.37;4.34;12.7;1.57;1.6;0.133;68.5;12.03;5.87;3.74;0.59;1.97;6.68;215.5;162.7;35.6;3.9;13.4;0.33;0.98;0.11;0.17;1.14;1.19;0.092;31.5;12.95;5.95;4.19;0.72;2.37;6.02;98.7;74.1;7.8;4.7;12;0.75;0.18;0.11;0.15
6;0;100;0;0;13.43;2.39;6.66;1.06;1.07;0.111;58.4;9.6;4.62;2.9;0.49;1.68;3.43;213.2;175.8;27.2;3.4;6.9;0.38;0.47;0.1;0.13;0.31;0.35;0.087;41.6;3.87;1.75;1.24;0.22;0.71;3.23;152;139.4;4.7;1.4;6.5;0.17;0.1;0.03;0.04
6;0;100;0;50;12.92;2.55;7.05;1.25;1.26;0.127;58.2;9.84;4.84;3.01;0.5;1.74;3.69;212.1;176.1;25.2;3.5;7.4;0.38;0.64;0.11;0.13;0.4;0.44;0.095;41.8;4.49;2.05;1.45;0.26;0.82;3.37;152.3;139.2;4.8;1.6;6.7;0.19;0.15;0.04;0.05
6;0;100;0;100;12.53;2.48;7.29;1.36;1.4;0.138;57.7;10.09;4.93;3.05;0.52;1.66;3.83;210.9;176.2;23.8;3.3;7.7;0.37;0.79;0.1;0.14;0.52;0.51;0.103;42.3;4.84;2.27;1.5;0.28;0.83;3.46;154.7;139.1;7;1.7;6.9;0.2;0.22;0.04;0.06
6;0;100;50;0;15.89;3.01;8.61;1.29;1.31;0.115;63.5;11.31;5.41;3.46;0.64;1.96;4.51;214.3;168.1;33.3;3.9;9;0.37;0.66;0.12;0.16;0.53;0.54;0.088;36.5;5.96;2.74;1.91;0.32;1.05;4.09;123;108.3;4.5;2.1;8.2;0.32;0.09;0.05;0.07
6;0;100;50;50;15.66;3.35;9.81;1.45;1.45;0.126;62.8;11.46;5.51;3.53;0.62;1.94;5.1;212.1;166.6;31.4;3.9;10.2;0.35;0.83;0.11;0.16;0.72;0.75;0.093;37.2;8.08;3.67;2.64;0.42;1.41;4.71;125.7;109.1;4.4;2.8;9.4;0.45;0.14;0.07;0.1
6;0;100;50;100;15.64;3.79;11.14;1.59;1.65;0.139;61.6;11.87;5.78;3.6;0.61;1.96;5.87;210.4;164.8;30;3.9;11.7;0.35;1.03;0.12;0.15;0.94;0.99;0.096;38.4;10.27;4.72;3.32;0.54;1.83;5.28;130.9;110;6.7;3.7;10.6;0.58;0.21;0.09;0.11
6;0;100;100;0;18.31;3.54;10.2;1.38;1.43;0.114;70.4;12.54;5.98;3.87;0.7;2.19;5.3;216.8;162.8;39;4.4;10.6;0.35;0.78;0.13;0.17;0.62;0.67;0.089;29.6;7.43;3.42;2.44;0.43;1.35;4.9;91.1;74.1;4.5;2.7;9.8;0.42;0.1;0.06;0.08
6;0;100;100;50;18.57;4.12;12.2;1.69;1.69;0.126;69.2;13.38;6.46;4.07;0.74;2.21;6.51;214.1;158.5;38.2;4.4;13;0.34;1.04;0.12;0.18;0.94;0.98;0.091;30.8;10.67;4.79;3.45;0.63;1.91;5.69;95;75.5;4.3;3.8;11.4;0.63;0.14;0.09;0.11
6;0;100;100;100;18.44;4.81;13.63;2.06;1.97;0.139;67.5;14.13;7.03;4.25;0.76;2.4;7.07;210.4;154.7;36.7;4.8;14.1;0.33;1.31;0.15;0.19;1.19;1.25;0.094;32.5;13.31;6.17;4.2;0.73;2.42;6.56;101.2;76.8;6.4;4.8;13.1;0.78;0.2;0.11;0.16
6;50;0;0;0;15.54;2.55;7.2;1.1;1.14;0.117;53.1;9.72;4.62;3.01;0.54;1.71;3.7;169.1;141.6;16.8;3.4;7.4;0.69;0.23;0.09;0.13;0.38;0.39;0.082;46.9;4.56;2.12;1.42;0.27;0.83;3.5;149.4;130.7;10.1;1.7;7;0.17;0.12;0.04;0.05
6;50;0;0;50;15.18;2.68;7.63;1.22;1.22;0.12;53.3;10.15;4.91;3.16;0.5;1.75;4.03;170;142.4;16;3.5;8.1;0.69;0.28;0.1;0.14;0.45;0.46;0.087;46.7;5.18;2.4;1.66;0.26;0.94;3.6;148.9;129.9;9.9;1.9;7.2;0.17;0.18;0.05;0.06
6;50;0;0;100;14.92;2.83;8.37;1.25;1.29;0.123;52.6;10.51;5.04;3.29;0.54;1.73;4.33;170.8;144.1;14.7;3.5;8.7;0.71;0.34;0.1;0.14;0.57;0.58;0.092;47.4;6.18;2.85;1.97;0.35;1.1;4.05;154.1;128.4;15.4;2.2;8.1;0.18;0.27;0.05;0.07
6;50;0;50;0;17.69;2.92;8.29;1.16;1.18;0.115;58.9;10.22;4.85;3.17;0.56;1.74;4.37;171.8;139.1;20.5;3.5;8.7;0.66;0.28;0.1;0.14;0.57;0.53;0.085;41.1;6.21;2.96;1.94;0.36;1.17;3.92;119.7;99.6;10;2.3;7.8;0.29;0.12;0.06;0.07
6;50;0;50;50;17.4;3.42;9.74;1.2;1.27;0.118;58.4;10.68;5.09;3.31;0.54;1.87;5.04;171.5;138.6;19.1;3.7;10.1;0.66;0.35;0.11;0.14;0.73;0.76;0.088;41.6;8.63;3.96;2.74;0.52;1.55;4.69;122.3;99.9;9.8;3.1;9.4;0.41;0.18;0.07;0.11
6;50;0;50;100;17.73;3.88;11.3;1.4;1.4;0.124;56.9;11.24;5.41;3.46;0.6;1.86;5.9;171.9;137.6;18.8;3.7;11.8;0.65;0.49;0.11;0.15;0.98;0.99;0.09;43.1;10.9;5.09;3.47;0.59;2.02;5.4;130.3;100.6;14.9;4;10.8;0.51;0.26;0.09;0.12
6;50;0;100;0;19.65;3.17;9.32;1.2;1.24;0.113;66.3;10.91;5.16;3.42;0.6;1.85;4.96;174.2;136.5;24.1;3.7;9.9;0.65;0.33;0.11;0.15;0.65;0.65;0.085;33.7;7.52;3.41;2.42;0.42;1.32;4.36;88.6;67.6;9.6;2.6;8.7;0.38;0.11;0.07;0.09
6;50;0;100;50;19.79;4;11.54;1.35;1.38;0.116;65.1;11.82;5.65;3.65;0.66;2.02;6.13;173.6;134;23.2;4;12.3;0.65;0.44;0.12;0.17;0.83;0.96;0.088;34.9;10.88;4.96;3.52;0.58;1.98;5.41;93;68.7;9.5;4;10.8;0.57;0.18;0.09;0.12
6;50;0;100;100;19.77;4.54;13.13;1.51;1.55;0.124;63;12.53;6.07;3.9;0.65;2.14;6.86;172.2;131.8;22.5;4.3;13.7;0.62;0.62;0.12;0.18;1.24;1.21;0.09;37;13.39;6.22;4.27;0.72;2.41;6.28;100.9;69.8;13.8;4.8;12.6;0.7;0.24;0.11;0.16
6;50;50;0;0;15.49;2.98;8.63;1.44;1.49;0.118;53.2;12.59;5.95;3.9;0.69;2.15;4.51;171.1;141;16.8;4.3;9;0.9;0.29;0.13;0.17;0.43;0.41;0.086;46.8;4.7;2.18;1.53;0.27;0.83;4.12;150.3;131.2;9.2;1.7;8.2;0.17;0.15;0.04;0.06
6;50;50;0;50;14.93;3.22;9.21;1.59;1.6;0.123;53.3;12.96;6.28;4;0.67;2.25;4.8;171.4;141.6;15.6;4.5;9.6;0.9;0.4;0.13;0.17;0.5;0.52;0.091;46.7;5.58;2.51;1.8;0.32;0.97;4.4;150.2;130.6;8.9;1.9;8.8;0.18;0.22;0.04;0.07
6;50;50;0;100;14.65;3.42;9.74;1.78;1.76;0.13;52.7;13.58;6.62;4.16;0.7;2.32;5.17;172.4;142.9;14.6;4.6;10.3;0.93;0.51;0.14;0.19;0.64;0.64;0.102;47.3;6.19;2.93;1.93;0.33;1.09;4.58;154.4;129.5;13.6;2.2;9.2;0.18;0.33;0.05;0.07
6;50;50;50;0;17.68;3.42;10.11;1.48;1.56;0.115;58.6;13.54;6.5;4.2;0.72;2.29;5.28;172.5;136.7;20.6;4.6;10.6;0.87;0.37;0.13;0.19;0.57;0.56;0.087;41.4;6.36;2.89;2.09;0.34;1.12;4.83;121.8;101.2;8.7;2.2;9.7;0.3;0.13;0.05;0.07
6;50;50;50;50;17.81;4.09;11.54;1.7;1.76;0.122;57.9;14.45;6.98;4.42;0.73;2.45;6.04;172.3;135.3;20;4.9;12.1;0.87;0.54;0.15;0.21;0.77;0.79;0.09;42.1;8.74;4.07;2.75;0.47;1.64;5.5;125.1;102.1;8.7;3.3;11;0.41;0.21;0.07;0.1
6;50;50;50;100;17.79;4.5;13.01;1.89;1.97;0.132;58;14.84;7.23;4.55;0.76;2.5;6.85;182.1;134.8;28.6;5;13.7;0.87;0.75;0.14;0.21;1.07;1.05;0.095;42;10.94;5.11;3.47;0.59;2;6.16;131.9;102.5;13.1;4;12.3;0.52;0.32;0.09;0.12
6;50;50;100;0;19.76;3.95;11.43;1.63;1.73;0.117;65.6;14.72;6.98;4.6;0.79;2.56;6.04;174.4;132.8;24.3;5.1;12.1;0.86;0.52;0.15;0.2;0.66;0.68;0.087;34.4;7.77;3.58;2.49;0.41;1.39;5.38;91.2;69.3;8.4;2.8;10.8;0.4;0.14;0.06;0.09
6;50;50;100;50;20.1;4.57;13.44;1.88;1.94;0.124;66.1;15.61;7.41;4.92;0.82;2.56;7.14;185.8;130.9;35.5;5.1;14.3;0.86;0.71;0.15;0.22;1;1;0.09;33.9;11.11;5.12;3.58;0.62;2.01;6.29;95.2;70.1;8.4;4;12.6;0.58;0.2;0.09;0.13
6;50;50;100;100;20.2;5.15;14.88;2.07;2.14;0.133;64.2;16.11;7.81;4.96;0.78;2.68;7.79;184;128.5;34.6;5.4;15.6;0.83;0.93;0.16;0.22;1.23;1.28;0.094;35.8;13.6;6.26;4.34;0.76;2.47;7.09;102.6;71.2;12.3;4.9;14.2;0.72;0.3;0.11;0.15
6;50;100;0;0;15.8;3.53;10.22;1.94;1.95;0.121;54.2;16.14;7.66;4.92;0.93;2.67;5.33;181;138.6;26.3;5.3;10.7;1.13;0.44;0.17;0.22;0.46;0.45;0.094;45.8;4.69;2.21;1.5;0.25;0.86;4.89;152.9;133.3;8.1;1.7;9.8;0.17;0.19;0.04;0.05
6;50;100;0;50;15.35;3.77;10.77;2.1;2.16;0.129;53.3;16.66;8.04;5.03;0.9;2.81;5.54;180.1;138.7;24.7;5.6;11.1;1.13;0.63;0.17;0.23;0.59;0.58;0.105;46.7;5.45;2.58;1.69;0.28;0.97;5.23;157.6;133.3;12;1.9;10.5;0.17;0.3;0.05;0.06
6;50;100;0;100;14.91;3.91;11.31;2.17;2.3;0.136;53.6;16.91;8.31;5.11;0.87;2.84;5.97;180.9;140.3;22.9;5.7;11.9;1.14;0.77;0.17;0.23;0.73;0.73;0.117;46.4;6.21;2.94;1.94;0.33;1.07;5.35;156.9;131.8;12.2;2.1;10.7;0.18;0.43;0.05;0.07
6;50;100;50;0;17.94;4.03;11.95;2.06;2.1;0.122;59.5;17.21;8.15;5.34;0.92;2.81;6.29;183.3;133.6;31.5;5.6;12.6;1.08;0.61;0.17;0.24;0.6;0.62;0.093;40.5;6.66;3.13;2.11;0.35;1.22;5.66;124.9;103.3;7.9;2.4;11.3;0.31;0.19;0.06;0.07
6;50;100;50;50;18.06;4.6;13.3;2.21;2.32;0.129;58.2;18.01;8.53;5.62;0.96;3.04;6.98;182.8;132.1;30.7;6.1;14;1.08;0.82;0.17;0.25;0.84;0.86;0.098;41.8;8.76;4.05;2.81;0.44;1.55;6.33;131.5;104.3;11.5;3.1;12.7;0.42;0.28;0.07;0.1
6;50;100;50;100;17.58;5.02;14.54;2.38;2.48;0.136;57.5;18.2;8.81;5.63;0.97;3.03;7.66;181.3;131.2;28.7;6.1;15.3;1.06;1;0.17;0.25;1.14;1.14;0.102;42.5;11.13;5.21;3.46;0.6;1.99;6.89;133.7;104.9;11;4;13.8;0.55;0.38;0.1;0.12
6;50;100;100;0;20.23;4.62;13.22;2.18;2.23;0.12;66.4;18.52;8.86;5.63;1.04;3.19;6.89;186.2;128.3;37.7;6.4;13.8;1.03;0.76;0.18;0.26;0.71;0.74;0.092;33.6;7.99;3.75;2.44;0.46;1.44;6.33;94.3;71.3;7.4;2.9;12.7;0.4;0.18;0.06;0.09
6;50;100;100;50;20.26;5.15;15.45;2.44;2.48;0.128;64.5;19.36;9.33;5.93;1.07;3.17;8.12;185.1;126;36.5;6.3;16.2;1.03;1;0.18;0.27;1.09;1.1;0.095;35.5;11.45;5.34;3.67;0.6;1.98;7.33;101.6;72.4;10.6;4;14.7;0.61;0.26;0.09;0.14
6;50;100;100;100;20.61;5.71;16.82;2.87;2.74;0.137;63.6;20;9.88;6.07;1.04;3.29;8.86;184;123.9;35.8;6.6;17.7;1.01;1.28;0.18;0.27;1.33;1.37;0.099;36.4;13.79;6.34;4.36;0.75;2.43;7.96;105;73.3;11;4.9;15.9;0.74;0.38;0.11;0.15
6;100;0;0;0;17.36;2.85;8.65;1.43;1.42;0.121;45.5;11.73;5.55;3.66;0.67;1.89;4.51;125.8;96.7;16.3;3.8;9;0.93;0.22;0.11;0.17;0.45;0.44;0.082;54.5;5.26;2.47;1.67;0.29;0.96;4.14;151;127.4;13.4;1.9;8.3;0.17;0.16;0.04;0.06
6;100;0;0;50;17.27;3.14;9.31;1.47;1.49;0.123;45.8;12.17;5.79;3.83;0.6;2.02;4.88;127.1;97.8;15.5;4;9.8;0.94;0.27;0.11;0.17;0.53;0.55;0.087;54.2;6.21;2.84;2.04;0.34;1.12;4.43;150.6;126;13.5;2.2;8.9;0.17;0.26;0.05;0.07
6;100;0;0;100;16.83;3.41;10;1.57;1.58;0.125;45;12.67;6.13;3.89;0.68;2.09;5.29;128.2;99.2;14.2;4.2;10.6;0.96;0.33;0.12;0.18;0.72;0.69;0.093;55;7.38;3.42;2.33;0.4;1.32;4.72;156.6;124;20.5;2.6;9.4;0.18;0.37;0.06;0.08
6;100;0;50;0;19.41;3.38;9.62;1.41;1.48;0.119;51.3;12.46;5.95;3.86;0.68;2.1;5.02;128.9;94.6;20;4.2;10;0.91;0.27;0.13;0.17;0.56;0.57;0.084;48.7;6.73;3.17;2.08;0.36;1.28;4.6;122.4;97.6;13.1;2.6;9.2;0.28;0.16;0.06;0.08
6;100;0;50;50;19.32;3.9;11.21;1.44;1.56;0.121;51;12.91;6.14;4.02;0.67;2.2;5.84;129.7;94.8;18.8;4.4;11.7;0.9;0.35;0.13;0.18;0.81;0.83;0.088;49;9.39;4.34;2.99;0.52;1.7;5.36;124.7;97.4;13.2;3.4;10.7;0.39;0.25;0.08;0.11
6;100;0;50;100;19.28;4.52;12.94;1.71;1.71;0.126;49.5;13.54;6.61;4.07;0.7;2.32;6.77;130.9;95;17.7;4.6;13.5;0.92;0.47;0.13;0.18;1.13;1.11;0.091;50.5;12.1;5.7;3.8;0.65;2.2;6.18;133.6;97.2;19.6;4.4;12.4;0.51;0.35;0.1;0.14
6;100;0;100;0;21.22;3.65;10.68;1.49;1.54;0.117;58.7;13.1;6.18;4.13;0.7;2.19;5.48;131.6;92.9;23.3;4.4;11;0.91;0.32;0.13;0.18;0.68;0.68;0.085;41.3;7.95;3.66;2.56;0.43;1.47;5.2;92.4;66.3;12.7;2.9;10.4;0.36;0.15;0.07;0.09
6;100;0;100;50;21.54;4.53;12.95;1.6;1.66;0.119;57.8;13.93;6.66;4.36;0.71;2.39;6.72;132.3;91.6;22.5;4.8;13.4;0.88;0.44;0.14;0.2;1.05;1.03;0.088;42.2;11.7;5.43;3.77;0.6;2.13;6.24;96.6;67.2;12.6;4.3;12.5;0.56;0.24;0.1;0.13
6;100;0;100;100;21.67;5.11;14.66;1.91;1.85;0.125;55.9;14.78;7.24;4.49;0.71;2.54;7.72;133.6;91.1;22;5.1;15.4;0.88;0.62;0.15;0.2;1.3;1.3;0.09;44.1;14.32;6.64;4.54;0.81;2.58;6.94;105.4;67.5;18.9;5.2;13.9;0.68;0.34;0.12;0.16
6;100;50;0;0;17.62;3.9;10.96;2.05;2.05;0.122;46.3;16.79;8.1;5.13;0.88;2.91;5.76;130.9;97.1;16.5;5.8;11.5;1.36;0.28;0.18;0.23;0.46;0.49;0.087;53.7;5.59;2.53;1.84;0.28;0.99;5.21;151.7;126.9;12.4;2;10.4;0.17;0.21;0.05;0.07
6;100;50;0;50;17.53;4.17;11.69;2.13;2.18;0.126;45.4;17.32;8.49;5.22;0.92;3.04;6.16;131.7;97.5;15.7;6.1;12.3;1.36;0.4;0.17;0.25;0.62;0.63;0.098;54.6;6.37;2.98;2.02;0.36;1.14;5.54;158.2;126.3;18.5;2.3;11.1;0.16;0.34;0.05;0.07
6;100;50;0;100;17.2;4.34;12.57;2.23;2.32;0.13;45.7;17.78;8.55;5.53;0.95;2.99;6.57;132.7;99.3;14.3;6;13.1;1.39;0.5;0.18;0.24;0.79;0.81;0.105;54.3;7.63;3.59;2.37;0.41;1.35;6;157.8;124;19.2;2.7;12;0.17;0.48;0.07;0.08
6;100;50;50;0;19.62;4.31;12.46;2.03;2.1;0.12;51.6;17.55;8.39;5.47;0.95;3.02;6.46;133;94;20;6;12.9;1.31;0.36;0.17;0.25;0.6;0.63;0.088;48.4;7.16;3.3;2.33;0.38;1.3;5.99;124.8;98.2;12;2.6;12;0.29;0.2;0.06;0.09
6;100;50;50;50;19.69;4.87;13.98;2.2;2.26;0.124;50.2;18.15;8.75;5.62;0.97;3.1;7.33;134;94.1;19.1;6.2;14.7;1.31;0.51;0.18;0.26;0.92;0.93;0.094;49.8;9.79;4.55;3.12;0.51;1.77;6.65;133.2;98.1;18.3;3.5;13.3;0.4;0.34;0.08;0.11
6;100;50;50;100;19.75;5.36;15.42;2.33;2.49;0.133;51.5;18.77;9.05;5.73;0.99;3.17;8.05;144;94.2;27.3;6.3;16.1;1.32;0.72;0.19;0.26;1.11;1.22;0.098;48.5;12.34;5.7;3.96;0.69;2.19;7.38;135.4;98;18.3;4.4;14.8;0.51;0.46;0.1;0.14
6;100;50;100;0;21.57;4.68;13.48;2.18;2.23;0.121;59;18.45;8.83;5.74;1;3.14;7.13;135.9;91.8;23.5;6.3;14.3;1.29;0.5;0.18;0.26;0.74;0.76;0.088;41;8.55;3.89;2.76;0.47;1.55;6.35;94.5;67;11.7;3.1;12.7;0.38;0.2;0.07;0.1
6;100;50;100;50;21.87;5.53;15.65;2.32;2.42;0.126;58.6;19.21;9.3;5.87;0.99;3.36;8.21;148;90.8;34.1;6.7;16.4;1.28;0.69;0.19;0.26;1.15;1.13;0.093;41.4;12.12;5.6;3.88;0.64;2.17;7.44;104.5;67.7;17.5;4.3;14.9;0.57;0.32;0.1;0.14
6;100;50;100;100;21.9;5.97;17.44;2.52;2.63;0.133;57.8;19.8;9.56;6.14;1.07;3.29;9.11;147.7;90.2;32.6;6.6;18.2;1.26;0.9;0.2;0.27;1.39;1.44;0.096;42.2;14.93;6.97;4.78;0.77;2.68;8.34;107.9;68.1;17.7;5.4;16.7;0.7;0.44;0.12;0.18
6;100;100;0;0;17.73;4.47;12.85;2.44;2.5;0.124;48;20.26;9.7;6.21;1.11;3.46;6.76;141.8;96.2;25.1;6.9;13.5;1.6;0.42;0.21;0.27;0.55;0.56;0.096;52;5.75;2.67;1.8;0.33;1.01;6.1;153.6;128.1;11.3;2;12.2;0.17;0.29;0.05;0.06
6;100;100;0;50;17.21;4.65;13.44;2.61;2.72;0.13;47.1;20.88;10.1;6.37;1.11;3.48;7.06;141.2;96.9;23.3;7;14.1;1.63;0.59;0.21;0.29;0.72;0.72;0.108;52.9;6.61;3.08;2.07;0.38;1.17;6.38;159;127.2;16.7;2.3;12.8;0.17;0.42;0.05;0.08
6;100;100;0;100;17.04;4.72;13.91;2.85;2.86;0.135;47;21.18;10.27;6.4;1.09;3.43;7.27;140.8;97.7;21.7;6.9;14.5;1.63;0.74;0.2;0.29;0.91;0.93;0.122;53;7.57;3.61;2.39;0.38;1.29;6.64;159;126;17.1;2.6;13.3;0.17;0.61;0.06;0.09
6;100;100;50;0;19.62;5.07;14.3;2.51;2.66;0.124;53.6;21.4;10.31;6.61;1.09;3.73;7.61;145.7;92.8;30.3;7.5;15.2;1.56;0.59;0.22;0.3;0.71;0.72;0.094;46.4;7.52;3.52;2.37;0.41;1.34;6.7;126.3;99.4;10.8;2.7;13.4;0.3;0.27;0.06;0.09
6;100;100;50;50;19.8;5.45;15.63;2.67;2.8;0.13;51.9;21.6;10.39;6.63;1.12;3.66;8.15;145.1;92.5;29;7.3;16.3;1.54;0.77;0.21;0.28;1.02;1.01;0.101;48.1;9.95;4.74;3.06;0.53;1.8;7.48;134.6;99.7;16.3;3.6;15;0.41;0.41;0.08;0.11
6;100;100;50;100;19.81;5.94;17.2;2.91;3.02;0.136;51.7;22.24;10.91;6.8;1.17;3.74;9.08;146.1;92.9;27.6;7.5;18.2;1.54;0.96;0.21;0.31;1.35;1.35;0.108;48.3;12.46;5.92;3.86;0.68;2.2;8.12;136.5;99.4;16.5;4.4;16.2;0.52;0.59;0.1;0.14
6;100;100;100;0;21.97;5.4;15.58;2.71;2.75;0.123;60.5;22.36;10.79;6.88;1.16;3.76;8.11;149.3;89.3;36.3;7.5;16.2;1.48;0.74;0.22;0.3;0.8;0.84;0.094;39.5;8.87;4.13;2.84;0.47;1.64;7.47;97.5;68.7;10.6;3.3;14.9;0.39;0.27;0.08;0.1
6;100;100;100;50;22.05;6.06;17.61;2.9;2.96;0.129;58.4;22.92;11.12;7.09;1.16;3.95;9.18;149.3;87.8;35.3;7.9;18.4;1.47;0.96;0.21;0.31;1.19;1.21;0.098;41.6;12.23;5.64;3.92;0.7;2.11;8.44;106.1;69.8;15.3;4.2;16.9;0.58;0.39;0.1;0.14
6;100;100;100;100;22.19;6.63;18.81;3.23;3.24;0.136;57.8;23.73;11.68;7.13;1.25;3.98;9.83;148.8;86.7;34.4;8;19.7;1.46;1.22;0.24;0.32;1.49;1.52;0.103;42.2;14.68;6.92;4.58;0.79;2.65;8.99;108.8;70.5;15.1;5.3;18;0.7;0.53;0.12;0.16
7;0;0;0;0;13.87;1.96;5.5;0.78;0.81;0.111;60.3;7.3;3.53;2.24;0.39;1.29;2.88;214.8;188.1;18.4;2.6;5.8;0.38;0.25;0.08;0.1;0.29;0.29;0.074;39.7;3.62;1.69;1.17;0.18;0.67;2.63;141.6;129;6;1.3;5.3;0.15;0.07;0.03;0.04
7;0;0;0;50;13.5;2.07;5.89;0.87;0.86;0.114;60.2;7.53;3.65;2.37;0.39;1.29;3.12;214.8;188.5;17.5;2.6;6.2;0.38;0.3;0.07;0.11;0.35;0.34;0.079;39.8;4.11;1.97;1.29;0.2;0.79;2.77;142.1;128.7;6.2;1.6;5.5;0.15;0.11;0.04;0.05
7;0;0;0;100;12.89;2.24;6.22;0.93;0.93;0.119;59.6;7.78;3.76;2.39;0.4;1.39;3.33;214.2;188.7;16.1;2.8;6.7;0.37;0.37;0.08;0.11;0.39;0.4;0.084;40.4;4.67;2.18;1.48;0.27;0.85;2.89;145.1;128.6;9;1.7;5.8;0.16;0.15;0.04;0.05
7;0;0;50;0;15.83;2.36;6.71;0.79;0.85;0.109;65.7;7.76;3.66;2.43;0.42;1.34;3.5;216.3;184.9;21.7;2.7;7;0.36;0.29;0.08;0.11;0.44;0.44;0.078;34.3;5.52;2.58;1.72;0.31;1.02;3.21;112.8;98.3;6;2;6.4;0.26;0.07;0.05;0.06
7;0;0;50;50;15.77;2.77;7.93;0.95;0.94;0.112;65;8.3;3.91;2.58;0.44;1.43;4.14;214.6;182.7;20.8;2.9;8.3;0.37;0.37;0.08;0.11;0.56;0.59;0.08;35;7.31;3.29;2.43;0.39;1.35;3.79;115.7;99.3;6.1;2.7;7.6;0.35;0.1;0.06;0.08
7;0;0;50;100;15.92;3.36;9.53;1.12;1.11;0.122;63.5;9.08;4.39;2.78;0.48;1.59;4.97;212.8;179.7;19.9;3.2;9.9;0.36;0.54;0.09;0.12;0.77;0.8;0.082;36.5;9.74;4.45;3.06;0.58;1.77;4.55;122.2;100.7;8.9;3.5;9.1;0.47;0.15;0.08;0.11
7;0;0;100;0;18.02;2.69;7.76;0.87;0.91;0.106;72.5;8.54;3.99;2.65;0.47;1.51;4.12;217.6;180.8;25.5;3;8.2;0.35;0.35;0.08;0.12;0.52;0.52;0.078;27.5;6.64;3.01;2.14;0.38;1.18;3.64;82.4;66.8;6;2.4;7.3;0.33;0.07;0.05;0.07
7;0;0;100;50;18.21;3.39;9.88;1.07;1.07;0.11;71.1;9.63;4.66;2.96;0.49;1.65;5.18;214.5;176.2;24.7;3.3;10.4;0.35;0.48;0.1;0.14;0.79;0.79;0.08;28.9;9.75;4.46;3.14;0.53;1.74;4.71;87;68.3;5.8;3.5;9.4;0.5;0.1;0.08;0.11
7;0;0;100;100;18.4;3.92;11.53;1.26;1.26;0.121;69.6;10.44;5;3.26;0.54;1.72;6.16;213.1;173.1;24.2;3.4;12.3;0.34;0.67;0.1;0.15;0.95;0.99;0.081;30.4;12.06;5.56;3.91;0.63;2.2;5.38;92.9;69.2;8.5;4.4;10.8;0.61;0.14;0.09;0.14
7;0;50;0;0;13.78;2.08;6.13;0.95;0.92;0.108;59.7;8.43;3.96;2.72;0.43;1.41;3.24;212.8;184.8;18.8;2.8;6.5;0.39;0.33;0.08;0.12;0.31;0.31;0.078;40.3;3.76;1.7;1.24;0.22;0.68;2.89;143.5;131.1;5.2;1.4;5.8;0.15;0.08;0.03;0.04
7;0;50;0;50;13.24;2.34;6.34;1.04;1.05;0.118;59.3;8.89;4.3;2.68;0.47;1.57;3.31;211;183.5;17.8;3.1;6.6;0.37;0.45;0.1;0.12;0.37;0.35;0.081;40.7;4.06;1.85;1.31;0.22;0.76;3.03;144.6;131.9;5.1;1.5;6.1;0.16;0.11;0.04;0.04
7;0;50;0;100;12.78;2.37;6.89;1.2;1.19;0.127;58.8;9.32;4.42;2.95;0.47;1.53;3.66;210.5;183.6;16.6;3.1;7.3;0.38;0.59;0.09;0.13;0.41;0.42;0.09;41.2;4.53;2.09;1.47;0.24;0.84;3.22;147.6;131.9;7.6;1.7;6.4;0.16;0.18;0.04;0.05
7;0;50;50;0;15.97;2.64;7.52;1;0.99;0.105;64.8;9.38;4.44;2.91;0.5;1.64;3.94;212.4;178.9;22.3;3.3;7.9;0.36;0.4;0.1;0.13;0.43;0.44;0.079;35.2;5.5;2.52;1.77;0.3;1;3.58;115.3;101.1;5;2;7.2;0.26;0.08;0.04;0.06
7;0;50;50;50;15.72;3.04;8.93;1.22;1.18;0.116;64.1;10.19;4.88;3.17;0.57;1.72;4.79;211.1;176.7;21.4;3.4;9.6;0.36;0.58;0.1;0.15;0.6;0.62;0.082;35.9;7.49;3.32;2.46;0.42;1.32;4.14;118;102.2;5;2.6;8.3;0.36;0.11;0.06;0.08
7;0;50;50;100;15.96;3.65;10.34;1.41;1.46;0.133;63.9;10.98;5.32;3.36;0.6;1.84;5.5;219.6;173.5;31.5;3.7;11;0.36;0.84;0.11;0.15;0.85;0.83;0.085;36.1;9.65;4.48;3.1;0.52;1.8;4.84;124.2;103.7;7.2;3.6;9.7;0.47;0.17;0.08;0.11
7;0;50;100;0;18.21;3.16;8.91;1.2;1.19;0.109;71.4;10.89;5.15;3.46;0.59;1.88;4.69;212.5;173.2;26.2;3.8;9.4;0.36;0.57;0.11;0.15;0.53;0.55;0.08;28.6;6.8;3.13;2.16;0.4;1.28;4.22;85.1;69.2;4.9;2.6;8.4;0.34;0.08;0.06;0.08
7;0;50;100;50;18.85;3.94;11.12;1.42;1.44;0.12;71.2;11.95;5.85;3.63;0.65;2.12;5.86;222.4;167.1;39.4;4.2;11.7;0.34;0.81;0.13;0.17;0.82;0.81;0.081;28.8;9.91;4.57;3.2;0.55;1.82;5.26;90;71.1;4.7;3.6;10.5;0.51;0.11;0.08;0.11
7;0;50;100;100;18.57;4.37;12.42;1.59;1.68;0.133;69.7;12.66;6.08;3.91;0.65;2.17;6.55;219.3;163.9;38;4.3;13.1;0.33;1.05;0.13;0.18;1.11;1.02;0.083;30.3;12.2;5.57;3.91;0.66;2.2;5.88;95;72.1;6.7;4.4;11.8;0.63;0.16;0.1;0.14
7;0;100;0;0;13.7;2.35;6.77;1.15;1.11;0.111;59.8;10;4.72;3.1;0.53;1.71;3.51;218.3;178.7;29.2;3.4;7;0.38;0.49;0.1;0.13;0.28;0.3;0.079;40.2;3.59;1.62;1.16;0.21;0.64;3.26;146.8;135;4;1.3;6.5;0.15;0.08;0.03;0.04
7;0;100;0;50;13.09;2.45;7.12;1.33;1.31;0.127;59.4;10.29;4.98;3.1;0.55;1.69;3.68;215.9;178.2;26.9;3.4;7.4;0.38;0.68;0.1;0.14;0.41;0.38;0.087;40.6;4.17;1.93;1.35;0.24;0.76;3.44;147.7;135.3;4;1.5;6.9;0.17;0.13;0.03;0.05
7;0;100;0;100;12.61;2.65;7.37;1.53;1.49;0.138;58.8;10.78;5.33;3.25;0.56;1.84;3.89;214.5;177.6;25.4;3.7;7.8;0.38;0.86;0.11;0.15;0.44;0.43;0.095;41.2;4.36;2.04;1.4;0.24;0.81;3.48;150.1;135.6;5.9;1.6;7;0.17;0.18;0.03;0.05
7;0;100;50;0;15.93;2.96;8.47;1.28;1.3;0.115;65;11.28;5.33;3.45;0.64;1.93;4.48;219.8;172.5;34.5;3.9;9;0.35;0.67;0.12;0.16;0.48;0.46;0.081;35;5.62;2.55;1.82;0.32;1.03;3.99;118.1;104.2;3.9;2.1;8;0.27;0.08;0.05;0.06
7;0;100;50;50;15.96;3.44;9.79;1.51;1.52;0.126;64;12.01;5.89;3.7;0.6;2.05;5.13;216.8;169.3;33.1;4.1;10.3;0.36;0.88;0.12;0.17;0.64;0.64;0.084;36;7.52;3.48;2.4;0.41;1.38;4.66;121.7;105.7;3.9;2.8;9.3;0.37;0.13;0.06;0.08
7;0;100;50;100;15.95;3.78;11.08;1.8;1.84;0.145;62.9;12.7;6.29;3.77;0.68;2.11;5.96;214.6;166.1;32.4;4.2;11.9;0.35;1.19;0.12;0.18;0.83;0.84;0.086;37.1;9.6;4.38;3.12;0.54;1.67;5.12;126.4;107.2;5.6;3.3;10.2;0.48;0.17;0.07;0.11
7;0;100;100;0;18.33;3.46;10.14;1.44;1.47;0.114;71.6;12.89;6.08;4.09;0.71;2.15;5.33;221.1;165.7;40.4;4.3;10.7;0.35;0.81;0.12;0.18;0.55;0.58;0.081;28.4;7.05;3.22;2.27;0.37;1.31;4.81;87.5;71.6;3.7;2.6;9.6;0.36;0.08;0.06;0.08
7;0;100;100;50;19.01;4.26;12.12;1.76;1.79;0.126;70.2;14.22;6.8;4.43;0.74;2.39;6.41;217.6;159.2;40.8;4.8;12.8;0.34;1.11;0.14;0.2;0.81;0.83;0.083;29.8;9.93;4.61;3.12;0.55;1.87;5.71;92.4;73.6;3.6;3.7;11.4;0.52;0.12;0.08;0.11
7;0;100;100;100;18.86;4.73;13.56;2.1;2.15;0.146;68.7;14.7;7.28;4.41;0.73;2.43;7.18;214.3;156.2;38.9;4.9;14.4;0.32;1.49;0.14;0.2;1.03;1.08;0.085;31.3;12.63;5.73;4.1;0.7;2.3;6.38;97.4;74.6;5.4;4.6;12.8;0.66;0.17;0.11;0.14
7;50;0;0;0;15.7;2.5;7.19;1.2;1.2;0.117;54.8;10.18;4.84;3.21;0.56;1.74;3.8;173.9;144.8;18;3.5;7.6;0.7;0.25;0.11;0.14;0.34;0.33;0.076;45.2;4.18;1.91;1.34;0.22;0.76;3.38;143.4;125.9;9.3;1.5;6.8;0.14;0.11;0.03;0.05
7;50;0;0;50;15.38;2.65;7.75;1.24;1.25;0.12;54.8;10.4;4.87;3.3;0.57;1.73;4.15;174.3;145.6;16.8;3.5;8.3;0.7;0.29;0.11;0.15;0.38;0.42;0.081;45.2;4.98;2.25;1.65;0.29;0.92;3.6;143.6;125.1;9.4;1.8;7.2;0.15;0.17;0.04;0.06
7;50;0;0;100;15.01;2.87;8.29;1.27;1.3;0.122;54;10.6;5.01;3.37;0.56;1.79;4.37;174.6;146.4;15.8;3.6;8.7;0.69;0.36;0.1;0.15;0.49;0.52;0.087;46;5.83;2.72;1.83;0.32;1.07;3.93;148.6;124.5;14.1;2.1;7.9;0.16;0.25;0.05;0.07
7;50;0;50;0;17.64;2.77;8.31;1.27;1.23;0.116;60.4;10.6;5.1;3.26;0.54;1.76;4.38;175.7;141.9;21.5;3.5;8.8;0.68;0.29;0.11;0.15;0.48;0.47;0.078;39.6;5.95;2.65;1.95;0.37;1;3.93;115.1;96.2;9;2;7.9;0.24;0.11;0.04;0.07
7;50;0;50;50;17.62;3.34;9.68;1.36;1.33;0.118;59.9;11.29;5.39;3.45;0.62;1.91;5.16;175.6;141;20.4;3.8;10.3;0.68;0.37;0.12;0.16;0.67;0.66;0.081;40.1;8.1;3.68;2.59;0.47;1.44;4.52;117.7;96.8;9;2.9;9;0.34;0.17;0.06;0.09
7;50;0;50;100;17.52;3.81;11.18;1.44;1.47;0.125;58.2;11.75;5.67;3.59;0.62;1.99;5.83;174.8;139.9;19.3;4;11.7;0.68;0.51;0.12;0.16;0.91;0.87;0.083;41.8;10.39;4.75;3.35;0.6;1.82;5.35;125.3;97.5;13.4;3.6;10.7;0.44;0.23;0.08;0.12
7;50;0;100;0;19.76;3.14;9.57;1.26;1.31;0.114;67.5;11.51;5.37;3.69;0.64;1.89;5.07;178.2;139.3;24.9;3.8;10.1;0.69;0.34;0.11;0.17;0.53;0.56;0.078;32.5;7.07;3.17;2.34;0.39;1.25;4.5;85.6;65.2;8.9;2.5;9;0.32;0.11;0.05;0.08
7;50;0;100;50;20.01;4.01;11.47;1.38;1.4;0.116;66.4;12.06;5.73;3.8;0.63;2.09;6.11;177.2;136.5;24.4;4.2;12.2;0.64;0.46;0.12;0.17;0.78;0.84;0.081;33.6;10.37;4.77;3.34;0.61;1.93;5.37;89.7;66.4;8.7;3.9;10.7;0.48;0.16;0.09;0.12
7;50;0;100;100;19.99;4.55;13;1.65;1.6;0.124;64.6;12.97;6.32;3.92;0.71;2.24;6.87;176.6;134.9;23.5;4.5;13.7;0.64;0.65;0.13;0.18;1.07;1.07;0.083;35.4;12.82;5.89;4.08;0.7;2.31;6.13;96.8;67.1;12.7;4.6;12.3;0.59;0.22;0.11;0.15
7;50;50;0;0;15.49;3.03;8.71;1.56;1.56;0.118;54.8;13.17;6.41;4.06;0.71;2.29;4.65;175.5;143.7;17.9;4.6;9.3;0.92;0.31;0.14;0.19;0.34;0.35;0.079;45.2;4.22;1.9;1.38;0.23;0.75;4.06;144.5;126.8;8.1;1.5;8.1;0.14;0.13;0.03;0.05
7;50;50;0;50;15.24;3.29;9.36;1.75;1.7;0.123;54.7;13.8;6.78;4.3;0.69;2.38;5;175.7;144;16.9;4.8;10;0.93;0.44;0.14;0.2;0.47;0.45;0.086;45.3;5.16;2.38;1.62;0.3;0.91;4.36;145.3;126.5;8.3;1.8;8.7;0.15;0.2;0.04;0.06
7;50;50;0;100;14.97;3.45;9.71;1.83;1.82;0.129;53.9;14.08;6.82;4.33;0.71;2.34;5.19;175.3;144.1;16.1;4.7;10.4;0.92;0.57;0.14;0.2;0.56;0.56;0.097;46.1;5.75;2.77;1.74;0.3;1.11;4.52;150;126.4;12.3;2.2;9;0.16;0.3;0.05;0.06
7;50;50;50;0;17.71;3.55;9.94;1.65;1.61;0.116;60.1;13.91;6.78;4.25;0.71;2.46;5.16;176.5;139.7;21.5;4.9;10.3;0.9;0.38;0.14;0.19;0.49;0.5;0.08;39.9;6.07;2.78;1.91;0.34;1.09;4.78;117.3;97.6;8;2.2;9.6;0.25;0.13;0.05;0.07
7;50;50;50;50;17.67;4.09;11.53;1.82;1.81;0.121;59.3;14.89;7.22;4.49;0.81;2.55;6.07;175.8;137.9;20.7;5.1;12.1;0.9;0.56;0.15;0.2;0.74;0.69;0.083;40.7;8.26;3.88;2.6;0.42;1.54;5.46;120.6;98.8;7.8;3.1;10.9;0.35;0.19;0.06;0.1
7;50;50;50;100;17.56;4.53;12.97;2.01;2.03;0.133;59.4;15.27;7.45;4.68;0.79;2.6;6.93;185.6;137.2;29.4;5.2;13.9;0.87;0.78;0.16;0.22;0.94;0.95;0.088;40.6;10.68;4.93;3.44;0.59;1.93;6.04;126.9;99.2;11.8;3.9;12.1;0.46;0.29;0.08;0.12
7;50;50;100;0;19.8;3.96;11.23;1.75;1.76;0.117;66.9;15.06;7.19;4.65;0.79;2.6;6.04;177.6;135;25.3;5.2;12.1;0.85;0.54;0.15;0.21;0.56;0.6;0.08;33.1;7.4;3.32;2.42;0.43;1.37;5.19;88;67;7.8;2.7;10.4;0.33;0.13;0.06;0.08
7;50;50;100;50;20.2;4.67;13.44;2.02;1.98;0.124;67.1;16;7.78;4.92;0.83;2.68;7.07;189.1;132.3;37.3;5.4;14.1;0.85;0.76;0.15;0.22;0.89;0.87;0.082;32.9;10.55;4.91;3.34;0.59;1.99;6.37;92.5;68.2;7.5;4;12.7;0.49;0.18;0.08;0.12
7;50;50;100;100;20.15;5.14;15.01;2.18;2.24;0.133;65.6;16.84;8.2;5.12;0.92;2.83;7.96;187.9;130.4;36;5.7;15.9;0.85;0.99;0.17;0.23;1.15;1.12;0.086;34.4;12.95;5.94;4.14;0.76;2.31;7.05;98.6;69;10.9;4.6;14.1;0.61;0.26;0.1;0.14
7;50;100;0;0;15.76;3.63;10.33;2.03;2;0.12;55.7;16.6;8.04;5.11;0.86;2.84;5.5;185.3;141;27.5;5.7;11;1.13;0.47;0.17;0.23;0.37;0.4;0.087;44.3;4.36;1.98;1.39;0.25;0.79;4.83;147.5;129;7.2;1.6;9.7;0.14;0.17;0.03;0.05
7;50;100;0;50;15.34;3.76;10.99;2.21;2.25;0.129;54.9;17.33;8.41;5.3;0.96;2.89;5.84;184.7;141.1;26.2;5.8;11.7;1.16;0.67;0.18;0.24;0.5;0.5;0.097;45.1;5.03;2.31;1.57;0.3;0.87;5.15;151.5;129;10.4;1.7;10.3;0.16;0.25;0.04;0.06
7;50;100;0;100;14.93;3.96;11.31;2.33;2.38;0.136;54.7;17.48;8.66;5.19;0.88;2.96;5.95;183.5;141.4;24.3;5.9;11.9;1.15;0.82;0.17;0.24;0.63;0.63;0.109;45.3;5.72;2.73;1.82;0.29;1;5.36;151.9;128.7;10.5;2;10.7;0.16;0.36;0.04;0.06
7;50;100;50;0;17.8;4.09;11.95;2.09;2.17;0.122;61;17.79;8.49;5.44;0.96;2.96;6.3;187.8;136.4;32.9;5.9;12.6;1.11;0.64;0.18;0.25;0.55;0.55;0.086;39;6.3;2.88;1.97;0.37;1.13;5.65;120.2;99.7;6.9;2.3;11.3;0.26;0.17;0.05;0.07
7;50;100;50;50;17.87;4.61;13.15;2.38;2.36;0.129;59.5;18.3;8.92;5.58;0.94;3.1;6.9;186.2;134.4;31.8;6.2;13.8;1.09;0.83;0.19;0.26;0.82;0.77;0.09;40.5;8.43;3.95;2.67;0.43;1.51;6.25;126.9;101;10.4;3;12.5;0.36;0.25;0.07;0.09
7;50;100;50;100;17.77;5.1;14.56;2.6;2.67;0.141;58.8;18.94;9.32;5.7;0.93;3.19;7.7;184.8;132.5;30.6;6.4;15.4;1.08;1.13;0.19;0.26;0.92;1.01;0.095;41.2;10.57;4.87;3.39;0.57;1.91;6.87;129.7;102.2;10;3.8;13.7;0.46;0.34;0.08;0.12
7;50;100;100;0;20.32;4.56;13.21;2.31;2.31;0.12;67.7;19.24;9.24;5.98;0.96;3.26;7.07;190.3;130.1;39.5;6.5;14.1;1.05;0.8;0.19;0.27;0.67;0.63;0.084;32.3;7.41;3.41;2.4;0.39;1.3;6.14;90.7;69.1;6.7;2.6;12.3;0.34;0.16;0.06;0.08
7;50;100;100;50;20.54;5.36;15;2.61;2.58;0.129;65.8;20.04;9.78;6.04;1.07;3.42;7.96;188.8;127.4;38.7;6.8;15.9;1.04;1.04;0.21;0.28;0.95;0.94;0.087;34.2;10.64;4.95;3.33;0.58;1.95;7.04;97.8;70.3;9.6;3.9;14.1;0.5;0.24;0.08;0.12
7;50;100;100;100;20.86;5.83;16.81;2.92;2.93;0.142;64.6;20.65;10.13;6.22;1.05;3.35;8.93;186.5;124.3;37.6;6.7;17.9;1;1.45;0.2;0.28;1.23;1.22;0.091;35.4;13.32;6.26;4.24;0.76;2.48;7.88;102.2;71.6;9.8;5;15.8;0.63;0.34;0.11;0.15
7;100;0;0;0;17.64;3.03;8.58;1.45;1.49;0.12;47.1;12.35;5.94;3.82;0.66;2.13;4.58;129.6;98.5;17.7;4.3;9.2;0.94;0.24;0.13;0.17;0.39;0.38;0.076;52.9;4.83;2.25;1.53;0.25;0.89;4;145.7;123.3;12.5;1.8;8;0.14;0.15;0.04;0.05
7;100;0;0;50;17.11;3.18;9.37;1.55;1.54;0.123;47.3;12.59;5.98;3.88;0.72;2.11;4.95;130.3;100.1;16.1;4.2;9.9;0.97;0.29;0.12;0.17;0.51;0.52;0.083;52.7;6.11;2.78;1.97;0.32;1.07;4.42;145;121.3;12.7;2.1;8.8;0.15;0.24;0.05;0.07
7;100;0;0;100;16.81;3.47;10.03;1.69;1.65;0.125;46.5;13.2;6.5;4.05;0.68;2.26;5.32;131.3;101;15.1;4.5;10.6;0.97;0.35;0.14;0.18;0.65;0.62;0.089;53.5;6.88;3.17;2.21;0.38;1.21;4.72;151.1;120.2;19;2.4;9.4;0.15;0.34;0.05;0.08
7;100;0;50;0;19.45;3.39;9.85;1.52;1.52;0.119;52.9;12.74;6.16;3.93;0.68;2.16;5.2;132.5;97;20.8;4.3;10.4;0.94;0.28;0.12;0.17;0.49;0.52;0.078;47.1;6.53;2.96;2.17;0.35;1.23;4.65;117.9;94;12.2;2.5;9.3;0.24;0.15;0.05;0.07
7;100;0;50;50;19.49;3.89;11.3;1.65;1.63;0.12;52.4;13.51;6.54;4.11;0.72;2.26;6;132.8;96.2;20.1;4.5;12;0.93;0.38;0.14;0.19;0.76;0.74;0.082;47.6;8.92;4.07;2.92;0.51;1.63;5.29;120.7;94.7;12.1;3.3;10.6;0.34;0.23;0.07;0.1
7;100;0;50;100;19.41;4.48;12.91;1.67;1.75;0.126;50.9;13.86;6.63;4.3;0.74;2.37;6.71;134.1;97.2;18.7;4.7;13.4;0.94;0.49;0.13;0.19;1.04;1.01;0.085;49.1;11.74;5.43;3.71;0.61;2.11;6.2;129.5;93.8;19.1;4.2;12.4;0.43;0.35;0.09;0.14
7;100;0;100;0;21.41;3.7;10.62;1.57;1.58;0.117;60.4;13.46;6.46;4.11;0.74;2.3;5.65;135.5;95;24.5;4.6;11.3;0.92;0.34;0.14;0.19;0.62;0.61;0.078;39.6;7.72;3.56;2.46;0.41;1.4;4.96;88.8;63.9;12.1;2.8;9.9;0.31;0.15;0.06;0.09
7;100;0;100;50;21.47;4.44;12.76;1.73;1.7;0.119;59.5;14.3;6.95;4.32;0.76;2.43;6.76;135.9;94;23.6;4.9;13.5;0.91;0.45;0.15;0.2;0.89;0.9;0.081;40.5;11.06;5.09;3.48;0.66;2.01;6;92.4;64.6;11.8;4;12;0.47;0.22;0.09;0.12
7;100;0;100;100;21.66;5.01;14.39;1.92;1.89;0.125;57.4;15.07;7.29;4.64;0.77;2.56;7.57;136.1;93.1;22.8;5.1;15.1;0.9;0.62;0.15;0.21;1.19;1.15;0.084;42.6;13.64;6.26;4.32;0.77;2.45;6.83;101.2;65.1;17.5;4.9;13.7;0.57;0.32;0.1;0.15
7;100;50;0;0;17.75;3.98;11.07;2.18;2.13;0.122;48.1;17.41;8.64;5.14;0.95;3.06;5.91;134.9;99.5;17.5;6.1;11.8;1.41;0.3;0.18;0.24;0.47;0.44;0.082;51.9;5.21;2.4;1.68;0.28;0.92;5.17;145.8;122.1;11.5;1.8;10.3;0.14;0.2;0.04;0.06
7;100;50;0;50;17.53;4.08;11.86;2.29;2.22;0.126;46.9;17.71;8.6;5.45;0.95;2.93;6.22;134.7;100;16.3;5.9;12.4;1.4;0.41;0.16;0.25;0.61;0.59;0.093;53.1;6.27;2.94;1.98;0.31;1.16;5.63;152.7;121.5;17.7;2.3;11.3;0.15;0.33;0.05;0.07
7;100;50;0;100;17.03;4.3;12.41;2.37;2.36;0.13;46.9;18.09;8.76;5.47;0.99;2.96;6.49;134.7;100.8;15;5.9;13;1.4;0.53;0.17;0.25;0.7;0.74;0.101;53.1;7.25;3.45;2.23;0.39;1.34;5.93;152.8;120.5;17.8;2.7;11.9;0.15;0.45;0.06;0.08
7;100;50;50;0;19.65;4.23;12.39;2.2;2.16;0.12;53.2;18.05;8.63;5.57;0.97;2.99;6.53;136.4;96.4;21;6;13.1;1.35;0.38;0.18;0.25;0.58;0.57;0.082;46.8;6.83;3.13;2.22;0.36;1.24;5.86;119.9;94.5;11.2;2.5;11.7;0.24;0.19;0.05;0.08
7;100;50;50;50;19.78;4.83;13.92;2.3;2.33;0.124;51.6;18.7;8.97;5.78;0.99;3.19;7.33;136.8;95.8;20;6.4;14.7;1.35;0.52;0.19;0.26;0.8;0.82;0.088;48.4;9.24;4.22;3.03;0.54;1.64;6.59;128.4;95.1;16.8;3.3;13.2;0.34;0.31;0.07;0.11
7;100;50;50;100;19.73;5.33;15.36;2.61;2.55;0.133;53;19.2;9.45;5.84;0.99;3.27;8.12;147.3;96;28.6;6.5;16.2;1.35;0.75;0.19;0.26;1.05;1.07;0.092;47;11.59;5.34;3.73;0.67;2.07;7.24;130.5;94.9;17;4.1;14.5;0.43;0.43;0.09;0.13
7;100;50;100;0;21.78;4.66;13.45;2.35;2.31;0.121;60.5;19.18;9.27;5.92;1.02;3.22;7.17;139.2;93.7;24.8;6.4;14.3;1.33;0.53;0.19;0.27;0.64;0.65;0.081;39.5;7.93;3.63;2.52;0.45;1.44;6.28;91;64.7;10.9;2.9;12.6;0.31;0.18;0.07;0.09
7;100;50;100;50;21.93;5.41;15.54;2.47;2.48;0.126;59.9;19.65;9.51;6.08;0.97;3.29;8.2;150.5;91.9;35.6;6.6;16.4;1.28;0.73;0.19;0.27;1.04;1;0.086;40.1;11.53;5.37;3.66;0.64;2.12;7.34;100.9;65.8;16.1;4.2;14.7;0.49;0.29;0.09;0.13
7;100;50;100;100;21.74;5.97;16.96;2.69;2.71;0.133;59.3;20.39;10.1;6.03;1.01;3.44;8.92;150.5;91.3;34.5;6.9;17.8;1.29;0.94;0.21;0.28;1.32;1.26;0.089;40.7;14.05;6.62;4.39;0.76;2.52;8.04;103.3;66.3;15.8;5;16.1;0.58;0.4;0.11;0.16
7;100;100;0;0;17.8;4.5;13;2.63;2.57;0.123;49.5;20.89;10.09;6.5;1.11;3.54;6.93;145.8;98.1;26.8;7.1;13.9;1.63;0.45;0.2;0.29;0.54;0.5;0.092;50.5;5.37;2.47;1.7;0.31;0.97;6.07;148.5;123.9;10.5;1.9;12.1;0.14;0.26;0.04;0.06
7;100;100;0;50;17.45;4.64;13.33;2.71;2.76;0.13;48.5;21.21;10.19;6.49;1.15;3.52;7;144.7;98.7;25;7;14;1.65;0.62;0.2;0.3;0.66;0.66;0.104;51.5;6.29;2.93;1.98;0.36;1.11;6.33;153.6;123.2;15.6;2.2;12.7;0.15;0.39;0.05;0.07
7;100;100;0;100;16.98;5.02;14.19;2.87;2.95;0.135;48.6;21.78;10.67;6.66;1.13;3.68;7.55;145;99.7;22.9;7.4;15.1;1.66;0.77;0.22;0.3;0.76;0.86;0.117;51.4;7.29;3.45;2.29;0.4;1.34;6.64;153.7;121.8;15.9;2.7;13.3;0.16;0.56;0.06;0.08
7;100;100;50;0;19.68;5.01;14.2;2.74;2.7;0.124;54.8;21.69;10.44;6.68;1.13;3.66;7.51;148.5;94.6;31.5;7.3;15;1.58;0.6;0.21;0.3;0.66;0.65;0.089;45.2;7.24;3.4;2.26;0.39;1.35;6.69;122.3;96.2;10;2.7;13.4;0.26;0.25;0.06;0.08
7;100;100;50;50;19.61;5.48;15.81;2.88;2.88;0.13;53.3;22.25;10.85;6.84;1.14;3.76;8.36;148.6;94;30.4;7.5;16.7;1.57;0.8;0.21;0.31;0.88;0.9;0.095;46.7;9.45;4.37;3.03;0.52;1.72;7.45;130;96.8;14.9;3.4;14.9;0.35;0.38;0.07;0.1
7;100;100;50;100;19.54;5.92;17.04;3.13;3.17;0.139;52.9;22.8;11.25;6.83;1.17;3.8;9;148.2;93.7;29;7.6;18;1.57;1.07;0.22;0.31;1.15;1.19;0.101;47.1;11.74;5.46;3.73;0.67;2.12;8.04;132.3;97.1;14.8;4.2;16.1;0.44;0.53;0.09;0.13
7;100;100;100;0;22.02;5.36;15.4;2.81;2.8;0.123;61.8;22.86;10.93;7.07;1.22;3.85;8.02;152.2;90.5;38;7.7;16;1.5;0.77;0.23;0.31;0.74;0.73;0.087;38.2;8.33;3.88;2.65;0.47;1.51;7.38;94.2;66.8;9.7;3;14.8;0.33;0.24;0.07;0.1
7;100;100;100;50;22.31;6.18;17.61;2.99;3.07;0.129;59.8;23.77;11.58;7.23;1.21;4.1;9.24;152.8;89;37.1;8.2;18.5;1.49;1.01;0.24;0.33;1.02;1.08;0.091;40.2;11.74;5.41;3.71;0.62;2.08;8.38;102.7;67.7;14.1;4.2;16.8;0.5;0.36;0.09;0.13
7;100;100;100;100;22.24;6.62;18.82;3.35;3.42;0.14;59.1;24.36;11.97;7.31;1.31;4.08;9.96;152.1;88.1;35.9;8.2;19.9;1.47;1.36;0.24;0.34;1.36;1.36;0.096;40.9;14.12;6.53;4.48;0.79;2.54;8.86;105.1;68.3;14;5.1;17.7;0.6;0.5;0.11;0.16
8;0;0;0;0;13.86;1.99;5.53;0.83;0.88;0.115;61.8;7.6;3.61;2.34;0.42;1.31;2.89;219.8;192.3;19.1;2.6;5.8;0.43;0.26;0.08;0.1;0.27;0.27;0.073;38.2;3.47;1.58;1.13;0.19;0.68;2.64;135.9;123.9;5.3;1.4;5.3;0.15;0.06;0.03;0.04
8;0;0;0;50;13.49;2.04;5.81;0.94;0.94;0.118;61.7;7.94;3.73;2.46;0.46;1.35;3.12;219.5;192.3;18.3;2.7;6.2;0.42;0.33;0.08;0.11;0.31;0.3;0.078;38.3;3.67;1.73;1.15;0.17;0.69;2.7;136.2;124;5.4;1.4;5.4;0.14;0.09;0.03;0.04
8;0;0;0;100;13.15;2.18;6.18;1.03;1;0.121;61.1;8.24;3.92;2.61;0.43;1.38;3.32;218.8;192.2;17.2;2.8;6.6;0.41;0.4;0.09;0.11;0.38;0.37;0.083;38.9;4.28;2.01;1.32;0.24;0.79;2.87;139.3;124;8;1.6;5.7;0.15;0.14;0.03;0.05
8;0;0;50;0;15.97;2.25;6.66;0.92;0.9;0.112;67.2;8.03;3.82;2.51;0.41;1.35;3.52;221.2;188.6;22.9;2.7;7;0.4;0.31;0.08;0.11;0.39;0.4;0.076;32.8;5.02;2.26;1.63;0.29;0.9;3.14;107.9;94.7;5.2;1.8;6.3;0.24;0.06;0.04;0.06
8;0;0;50;50;16.12;2.8;7.98;1;1.03;0.115;66.4;8.88;4.2;2.78;0.44;1.5;4.26;219.8;186.1;22.1;3;8.5;0.4;0.41;0.09;0.13;0.56;0.56;0.08;33.6;6.94;3.29;2.14;0.39;1.3;3.72;111.1;95.7;5.3;2.6;7.4;0.33;0.09;0.06;0.08
8;0;0;50;100;15.9;3.31;9.3;1.13;1.18;0.125;65.2;9.4;4.58;2.93;0.49;1.62;4.96;218.7;184.7;20.8;3.2;9.9;0.4;0.55;0.1;0.13;0.76;0.75;0.082;34.8;9.04;4.16;2.83;0.5;1.69;4.34;116.3;96.4;7.9;3.4;8.7;0.44;0.13;0.07;0.1
8;0;0;100;0;17.93;2.72;7.68;0.98;0.98;0.111;74;8.86;4.32;2.71;0.43;1.59;4.13;223.7;186.1;26.2;3.2;8.3;0.4;0.36;0.1;0.13;0.52;0.51;0.078;26;6.39;2.94;2.07;0.33;1.12;3.55;78.4;63.9;5.1;2.2;7.1;0.32;0.06;0.05;0.08
8;0;0;100;50;18.4;3.35;9.75;1.07;1.13;0.114;72.5;9.9;4.71;3.06;0.51;1.68;5.15;219.8;180.3;25.9;3.4;10.3;0.4;0.49;0.1;0.14;0.71;0.73;0.079;27.5;9.17;4.22;2.98;0.48;1.66;4.6;83.1;65.6;5;3.3;9.2;0.48;0.09;0.07;0.1
8;0;0;100;100;18.53;4.01;11.35;1.29;1.34;0.124;70.8;10.85;5.3;3.26;0.57;1.89;6;216.8;175.8;25.2;3.8;12;0.38;0.7;0.11;0.15;0.95;0.94;0.081;29.2;11.52;5.3;3.68;0.63;2.13;5.36;89.2;66.9;7.3;4.3;10.7;0.6;0.12;0.09;0.12
8;0;50;0;0;13.76;2.16;6.05;1.01;0.97;0.111;61.3;8.67;4.18;2.67;0.48;1.52;3.23;217.7;188.5;19.7;3;6.5;0.42;0.34;0.08;0.12;0.28;0.27;0.076;38.7;3.38;1.57;1.09;0.18;0.64;2.82;137.4;126.2;4.2;1.3;5.6;0.14;0.07;0.03;0.04
8;0;50;0;50;13.46;2.33;6.54;1.11;1.14;0.12;60.8;9.48;4.61;2.92;0.52;1.61;3.43;215.6;186.6;18.9;3.2;6.9;0.42;0.49;0.1;0.13;0.31;0.3;0.08;39.2;3.57;1.71;1.13;0.2;0.71;3.11;139.1;127.3;4.1;1.4;6.2;0.14;0.09;0.03;0.04
8;0;50;0;100;12.99;2.36;6.79;1.28;1.25;0.13;60.2;9.57;4.6;2.92;0.52;1.6;3.61;214.5;186.5;17.6;3.2;7.2;0.4;0.61;0.1;0.13;0.39;0.39;0.089;39.8;4.22;1.93;1.33;0.24;0.76;3.18;141.8;127.4;6.5;1.5;6.4;0.16;0.15;0.03;0.05
8;0;50;50;0;16.01;2.63;7.6;1.1;1.08;0.109;66.4;9.88;4.73;3.04;0.53;1.65;4.06;218.2;183.5;23.3;3.3;8.1;0.42;0.42;0.1;0.14;0.43;0.42;0.079;33.6;5.24;2.42;1.69;0.29;0.98;3.54;110.2;96.9;4.2;2;7.1;0.25;0.07;0.04;0.06
8;0;50;50;50;15.89;3.14;8.77;1.26;1.26;0.118;65.3;10.65;5.15;3.24;0.53;1.86;4.67;214.7;179.1;22.6;3.7;9.3;0.4;0.6;0.11;0.15;0.56;0.57;0.081;34.7;6.96;3.18;2.23;0.38;1.28;4.09;113.7;98.8;4.1;2.6;8.2;0.34;0.09;0.06;0.08
8;0;50;50;100;15.88;3.51;10.39;1.47;1.52;0.135;65.2;11.23;5.46;3.5;0.59;1.8;5.53;223.8;176.6;32.5;3.6;11.1;0.39;0.86;0.11;0.16;0.78;0.77;0.084;34.8;9.13;4.27;2.93;0.5;1.71;4.86;119.2;100;6.1;3.4;9.7;0.46;0.14;0.07;0.1
8;0;50;100;0;18.25;3.09;8.82;1.23;1.26;0.112;72.8;11.23;5.36;3.5;0.58;1.94;4.71;217.3;176.6;27.4;3.9;9.4;0.39;0.59;0.12;0.16;0.49;0.51;0.079;27.2;6.29;2.84;2.08;0.35;1.14;4.11;81.2;66.7;3.9;2.3;8.2;0.32;0.06;0.05;0.07
8;0;50;100;50;18.7;3.8;11.06;1.53;1.51;0.122;72.5;12.32;6.04;3.74;0.64;2.05;5.91;227.5;171.2;40.3;4.1;11.8;0.38;0.83;0.12;0.18;0.74;0.76;0.08;27.5;9.36;4.3;2.97;0.51;1.75;5.14;86;68.3;3.9;3.5;10.3;0.5;0.09;0.07;0.1
8;0;50;100;100;18.69;4.42;12.5;1.67;1.75;0.135;71;12.97;6.35;3.98;0.67;2.24;6.64;224.3;167.7;38.8;4.5;13.3;0.37;1.06;0.13;0.18;0.95;0.99;0.083;29;11.79;5.46;3.75;0.67;2.18;5.85;91.2;69.3;5.8;4.4;11.7;0.62;0.14;0.1;0.13
8;0;100;0;0;13.48;2.27;6.61;1.22;1.21;0.119;61.4;10.15;4.85;3.07;0.55;1.69;3.56;223.1;182.8;29.9;3.4;7.1;0.41;0.55;0.11;0.14;0.29;0.28;0.077;38.6;3.35;1.51;1.08;0.18;0.58;3.05;140.1;129.6;3.3;1.2;6.1;0.15;0.07;0.03;0.04
8;0;100;0;50;13.2;2.39;7.06;1.44;1.39;0.13;61;10.72;5.22;3.28;0.56;1.74;3.77;221.2;181.5;28.6;3.5;7.5;0.41;0.72;0.11;0.15;0.33;0.33;0.084;39;3.68;1.71;1.16;0.19;0.65;3.29;141.4;130.3;3.2;1.3;6.6;0.16;0.1;0.03;0.04
8;0;100;0;100;12.93;2.69;7.56;1.57;1.61;0.141;60.1;11.39;5.64;3.43;0.58;1.92;3.99;218.6;179.5;27.3;3.8;8;0.41;0.93;0.11;0.16;0.39;0.4;0.093;39.9;4.14;1.89;1.31;0.23;0.77;3.56;145.1;131.5;4.9;1.5;7.1;0.17;0.15;0.03;0.05
8;0;100;50;0;16.17;2.95;8.44;1.36;1.38;0.117;66.4;11.73;5.68;3.66;0.59;2.01;4.46;224.4;175.1;36.3;4;8.9;0.39;0.7;0.13;0.16;0.43;0.43;0.08;33.6;5.21;2.38;1.65;0.29;0.94;3.98;113.6;100.6;3.1;1.9;8;0.26;0.07;0.04;0.06
8;0;100;50;50;16.02;3.35;9.69;1.63;1.59;0.129;65.4;12.33;5.94;3.79;0.67;2.03;5.18;221.1;171.8;34.9;4.1;10.4;0.37;0.92;0.12;0.17;0.6;0.59;0.083;34.6;7.07;3.26;2.26;0.4;1.32;4.51;116.8;102.1;3.1;2.6;9;0.36;0.1;0.06;0.08
8;0;100;50;100;16.28;3.87;11.15;1.94;1.99;0.148;64;13.49;6.69;4.03;0.69;2.23;5.88;217.6;167.1;34.3;4.5;11.8;0.39;1.29;0.14;0.18;0.72;0.78;0.085;36;9.09;4.14;2.9;0.49;1.64;5.28;122.5;104.2;4.5;3.3;10.6;0.47;0.14;0.07;0.1
8;0;100;100;0;18.51;3.48;10.05;1.6;1.58;0.116;73;13.6;6.49;4.26;0.73;2.3;5.42;226.4;168.7;42.3;4.6;10.8;0.39;0.86;0.14;0.19;0.53;0.52;0.08;27;6.47;2.93;2.07;0.35;1.18;4.63;83.7;69;3;2.4;9.3;0.34;0.06;0.05;0.07
8;0;100;100;50;18.9;4.27;11.99;1.83;1.85;0.128;71.5;14.44;7.09;4.36;0.77;2.53;6.41;221.9;162.4;41.6;5.1;12.8;0.37;1.13;0.15;0.2;0.74;0.79;0.082;28.5;9.58;4.31;3.06;0.57;1.74;5.58;88.4;70.9;2.9;3.5;11.2;0.52;0.09;0.08;0.11
8;0;100;100;100;19.17;4.63;13.62;2.29;2.3;0.148;69.8;15.58;7.76;4.68;0.83;2.53;7.18;217;156.2;41.4;5.1;14.4;0.35;1.59;0.15;0.21;1.02;0.99;0.084;30.2;11.8;5.44;3.78;0.65;2.1;6.44;93.8;72.7;4;4.2;12.9;0.64;0.13;0.09;0.14
8;50;0;0;0;15.51;2.43;7.15;1.3;1.27;0.123;56.5;10.31;4.93;3.28;0.53;1.73;3.86;178;148.2;18.6;3.5;7.7;0.77;0.25;0.1;0.15;0.32;0.31;0.075;43.5;3.99;1.83;1.32;0.22;0.7;3.29;137.2;120.8;8.4;1.4;6.6;0.14;0.1;0.03;0.04
8;50;0;0;50;15.28;2.55;7.39;1.37;1.32;0.125;56.4;10.6;5.1;3.21;0.53;1.75;4.04;177.8;148.5;17.7;3.5;8.1;0.76;0.31;0.1;0.15;0.37;0.37;0.08;43.6;4.51;2.08;1.47;0.24;0.81;3.36;137.3;120.5;8.4;1.6;6.7;0.14;0.15;0.03;0.05
8;50;0;0;100;14.92;2.89;8.04;1.44;1.4;0.127;55.4;10.97;5.39;3.32;0.6;1.89;4.22;177.4;148.7;16.6;3.8;8.4;0.75;0.38;0.11;0.15;0.47;0.46;0.086;44.6;5.27;2.46;1.66;0.28;1;3.82;142.8;120.4;12.7;2;7.6;0.15;0.22;0.04;0.06
8;50;0;50;0;17.54;2.87;8.34;1.32;1.34;0.12;61.9;11.07;5.33;3.37;0.58;1.88;4.43;179.7;144.9;22.2;3.8;8.9;0.76;0.3;0.11;0.16;0.43;0.44;0.077;38.1;5.6;2.48;1.85;0.29;0.99;3.91;110.4;92.6;8;2;7.8;0.24;0.09;0.04;0.06
8;50;0;50;50;17.6;3.38;9.62;1.36;1.39;0.122;61.3;11.38;5.51;3.42;0.67;1.95;5.1;179.5;144;21.4;3.9;10.2;0.74;0.38;0.11;0.16;0.6;0.63;0.081;38.7;7.71;3.55;2.44;0.45;1.44;4.52;113.1;93.2;8;2.9;9;0.33;0.15;0.06;0.09
8;50;0;50;100;17.65;3.83;10.93;1.55;1.55;0.129;59.8;12;5.88;3.6;0.6;2.03;5.77;178.6;142.3;20.7;4.1;11.5;0.72;0.54;0.12;0.17;0.91;0.83;0.083;40.2;9.89;4.65;3.15;0.53;1.79;5.16;120.1;94.1;12.1;3.6;10.3;0.43;0.21;0.08;0.11
8;50;0;100;0;19.64;3.13;9.41;1.41;1.39;0.118;69;11.79;5.61;3.71;0.6;1.96;5.14;182;142.3;25.6;3.9;10.3;0.74;0.36;0.11;0.17;0.51;0.54;0.078;31;6.82;3.04;2.2;0.4;1.18;4.27;81.8;62.8;8.1;2.4;8.5;0.31;0.1;0.05;0.08
8;50;0;100;50;19.83;3.9;11.37;1.46;1.52;0.12;67.9;12.61;6.01;3.97;0.64;2.17;6.11;181.5;139.8;25.1;4.3;12.2;0.73;0.48;0.13;0.18;0.82;0.79;0.08;32.1;9.77;4.39;3.25;0.52;1.73;5.26;85.6;63.8;7.9;3.5;10.5;0.46;0.15;0.07;0.11
8;50;0;100;100;20.06;4.48;12.84;1.72;1.7;0.127;65.9;13.34;6.42;4.13;0.7;2.21;6.9;179.8;137.2;24.4;4.4;13.8;0.71;0.67;0.13;0.19;1;1.01;0.082;34.1;12.19;5.62;3.89;0.69;2.27;5.94;92.9;64.8;11.6;4.5;11.9;0.57;0.21;0.1;0.13
8;50;50;0;0;15.68;3.01;8.73;1.71;1.67;0.123;56.2;13.56;6.56;4.15;0.68;2.26;4.58;179;146.4;18.9;4.5;9.2;1.02;0.33;0.13;0.19;0.35;0.34;0.079;43.8;4.13;1.9;1.35;0.21;0.75;4.16;139.4;122.2;7.4;1.5;8.3;0.14;0.12;0.03;0.05
8;50;50;0;50;15.27;3.25;9.29;1.85;1.85;0.128;56;14.39;6.95;4.42;0.72;2.4;4.95;178.5;145.9;17.9;4.8;9.9;1.02;0.47;0.15;0.21;0.4;0.4;0.085;44;4.58;2.15;1.42;0.25;0.86;4.34;140.3;122.6;7.3;1.7;8.7;0.14;0.17;0.04;0.05
8;50;50;0;100;14.93;3.4;9.69;1.98;1.96;0.134;55.3;14.6;7.17;4.36;0.76;2.45;5.2;178.4;146.3;16.8;4.9;10.4;1.02;0.6;0.14;0.2;0.53;0.52;0.095;44.7;5.4;2.56;1.72;0.28;0.95;4.49;144.2;122.3;11;1.9;9;0.16;0.26;0.04;0.06
8;50;50;50;0;17.84;3.47;10.11;1.75;1.75;0.12;61.5;14.57;6.98;4.48;0.77;2.44;5.37;180.6;142.4;22.6;4.9;10.7;0.99;0.41;0.15;0.2;0.46;0.48;0.08;38.5;5.81;2.66;1.86;0.32;1.03;4.74;112.8;94.1;7.2;2.1;9.5;0.25;0.12;0.05;0.07
8;50;50;50;50;17.94;3.94;11.37;1.91;1.89;0.125;60.8;15.1;7.25;4.57;0.81;2.52;6.15;179.6;140.4;21.9;5;12.3;0.94;0.59;0.15;0.21;0.66;0.65;0.083;39.2;7.77;3.59;2.45;0.41;1.41;5.22;115.8;95.3;7.3;2.8;10.4;0.34;0.17;0.06;0.09
8;50;50;50;100;17.88;4.57;12.99;2.19;2.18;0.137;60.6;15.9;7.86;4.74;0.78;2.7;6.92;189.2;138.6;31.4;5.4;13.8;0.96;0.84;0.16;0.22;0.89;0.9;0.087;39.4;10.25;4.75;3.28;0.57;1.87;6.06;122.9;96.3;10.7;3.7;12.1;0.45;0.26;0.08;0.11
8;50;50;100;0;20.01;3.95;11.32;1.91;1.91;0.121;68.3;15.74;7.64;4.82;0.8;2.66;6.12;182;137.9;26.5;5.3;12.2;0.96;0.56;0.16;0.23;0.57;0.57;0.08;31.7;6.96;3.23;2.29;0.36;1.28;5.2;84.5;64.6;7;2.6;10.4;0.32;0.11;0.06;0.08
8;50;50;100;50;20.36;4.63;13.28;2.15;2.12;0.128;68.6;16.56;7.97;5.08;0.87;2.75;7.16;193.5;134.8;38.8;5.5;14.3;0.94;0.79;0.16;0.23;0.86;0.83;0.082;31.4;10.07;4.67;3.2;0.57;1.88;6.12;88.7;65.8;6.9;3.8;12.2;0.48;0.17;0.08;0.11
8;50;50;100;100;20.26;5.18;14.62;2.23;2.36;0.137;67.1;17.28;8.43;5.15;0.9;2.97;7.91;192.4;132.9;37.7;5.9;15.8;0.93;1.02;0.17;0.24;1.02;1.06;0.085;32.9;12.28;5.62;3.92;0.66;2.21;6.71;94.2;66.5;9.9;4.4;13.4;0.59;0.24;0.09;0.14
8;50;100;0;0;15.72;3.63;10.33;2.2;2.18;0.129;57.2;16.98;8.24;5.24;0.88;2.87;5.52;189.6;144.1;28.8;5.7;11;1.25;0.53;0.17;0.23;0.37;0.37;0.087;42.8;4.15;1.92;1.3;0.21;0.77;4.81;141.7;124.1;6.4;1.5;9.6;0.15;0.15;0.04;0.04
8;50;100;0;50;15.35;3.91;10.94;2.41;2.4;0.135;56.4;17.83;8.79;5.37;0.92;3.06;5.82;188.7;143.6;27.4;6.1;11.6;1.27;0.7;0.18;0.25;0.46;0.46;0.097;43.6;4.65;2.19;1.48;0.26;0.85;5.12;145.6;124.4;9.3;1.7;10.2;0.14;0.23;0.04;0.05
8;50;100;0;100;14.9;3.93;11.25;2.57;2.57;0.141;56.1;18.19;8.98;5.43;0.93;3.03;5.91;187;143.1;26;6.1;11.8;1.27;0.87;0.18;0.25;0.57;0.55;0.103;43.9;5.25;2.44;1.63;0.29;0.9;5.34;146.4;124.8;9.1;1.8;10.7;0.16;0.29;0.04;0.06
8;50;100;50;0;18.15;4.18;11.98;2.38;2.33;0.126;62.2;18.47;8.96;5.59;0.98;3.09;6.47;191.6;137.5;35.1;6.2;12.9;1.19;0.69;0.18;0.26;0.49;0.51;0.085;37.8;5.94;2.74;1.92;0.33;1.09;5.51;116.3;97;6.1;2.2;11;0.26;0.15;0.05;0.06
8;50;100;50;50;18.06;4.51;13.17;2.54;2.53;0.133;61;19;9.3;5.72;1.01;3.1;6.97;190.3;136.7;33.5;6.2;13.9;1.2;0.89;0.19;0.26;0.71;0.72;0.09;39;7.87;3.58;2.51;0.43;1.41;6.2;121.6;97.4;9;2.8;12.4;0.34;0.22;0.06;0.09
8;50;100;50;100;17.74;5.07;14.4;2.8;2.82;0.145;60.2;19.41;9.54;5.82;1.02;3.23;7.7;188.3;134.5;31.9;6.5;15.4;1.18;1.19;0.19;0.26;0.92;0.93;0.091;39.8;10.11;4.7;3.17;0.53;1.83;6.71;124.6;98.7;8.8;3.7;13.4;0.46;0.28;0.08;0.11
8;50;100;100;0;20.34;4.61;13.36;2.41;2.49;0.125;69;19.97;9.55;6.21;1.04;3.38;7.11;194.5;132.7;40.9;6.8;14.2;1.18;0.83;0.21;0.27;0.59;0.59;0.084;31;6.95;3.16;2.27;0.4;1.23;6.25;87.4;66.6;5.8;2.5;12.5;0.32;0.14;0.05;0.08
8;50;100;100;50;20.66;5.14;15.12;2.68;2.7;0.132;67.2;20.42;9.94;6.14;1.06;3.31;8.14;192.5;129.6;40.1;6.6;16.3;1.13;1.08;0.19;0.29;0.87;0.89;0.086;32.8;10.16;4.61;3.27;0.56;1.83;6.98;94;67.8;8.5;3.7;14;0.49;0.21;0.07;0.11
8;50;100;100;100;20.68;5.92;16.51;3.01;3.08;0.146;65.9;21.06;10.52;6.2;1.06;3.6;8.69;189.7;126.3;38.7;7.2;17.4;1.09;1.48;0.23;0.28;1.13;1.14;0.089;34.1;12.8;5.88;4;0.76;2.33;7.81;97.9;69.1;8.6;4.7;15.6;0.62;0.28;0.1;0.15
8;100;0;0;0;17.38;2.99;8.58;1.56;1.61;0.126;48.6;12.73;6.18;3.88;0.67;2.16;4.55;132.4;100.7;18.4;4.3;9.1;1.05;0.25;0.12;0.18;0.36;0.36;0.077;51.4;4.57;2.08;1.47;0.26;0.83;4.03;139.9;118.5;11.6;1.7;8.1;0.14;0.14;0.04;0.05
8;100;0;0;50;17.19;3.2;9.25;1.66;1.67;0.128;48.8;13.01;6.25;4.02;0.67;2.15;4.9;133.1;101.7;17.3;4.3;9.8;1.05;0.3;0.13;0.18;0.49;0.47;0.082;51.2;5.6;2.61;1.76;0.32;1.05;4.34;139.9;117.3;11.8;2.1;8.7;0.14;0.22;0.04;0.06
8;100;0;0;100;16.86;3.43;9.86;1.73;1.77;0.13;47.8;13.59;6.58;4.12;0.7;2.24;5.26;133.6;102.3;16.3;4.5;10.5;1.07;0.38;0.14;0.19;0.59;0.57;0.088;52.2;6.41;2.96;2.04;0.36;1.19;4.6;145.7;116.6;17.5;2.4;9.2;0.15;0.31;0.05;0.07
8;100;0;50;0;19.52;3.29;9.82;1.62;1.65;0.124;54.5;13.28;6.37;4.13;0.72;2.18;5.23;135.6;98.9;21.9;4.4;10.5;1.04;0.3;0.13;0.18;0.48;0.48;0.077;45.5;6.07;2.77;1.96;0.3;1.11;4.59;113.3;90.5;11.4;2.2;9.2;0.23;0.13;0.05;0.06
8;100;0;50;50;19.55;3.98;11.23;1.65;1.75;0.126;53.9;13.9;6.7;4.25;0.73;2.37;5.97;136;98.3;21;4.7;11.9;1.02;0.38;0.14;0.2;0.74;0.7;0.081;46.1;8.56;3.98;2.73;0.48;1.61;5.26;116.2;91;11.4;3.2;10.5;0.33;0.21;0.07;0.1
8;100;0;50;100;19.41;4.47;12.69;1.89;1.91;0.131;52.5;14.57;7.15;4.38;0.77;2.46;6.77;136.6;98.1;20;4.9;13.5;1.03;0.53;0.15;0.21;0.94;0.93;0.085;47.5;10.86;5.07;3.45;0.61;2;5.92;123.8;91.2;16.7;4;11.8;0.42;0.3;0.09;0.12
8;100;0;100;0;21.4;3.79;10.66;1.65;1.74;0.123;62;14.18;6.83;4.3;0.78;2.46;5.71;138.7;96.9;25.5;4.9;11.4;1.04;0.35;0.15;0.2;0.56;0.57;0.078;38;7.25;3.32;2.32;0.43;1.33;4.95;85.1;61.6;11;2.7;9.9;0.3;0.13;0.06;0.08
8;100;0;100;50;21.44;4.49;12.87;1.77;1.81;0.124;60.7;14.62;7.11;4.54;0.74;2.5;6.79;138.4;95.5;24.3;5;13.6;0.99;0.46;0.16;0.2;0.8;0.87;0.081;39.3;10.68;4.86;3.47;0.6;1.99;6.08;89.5;62.4;10.9;4;12.2;0.46;0.21;0.08;0.12
8;100;0;100;100;21.64;4.93;14.31;2;2.01;0.13;58.8;15.53;7.54;4.7;0.8;2.61;7.62;138.9;94.7;23.7;5.2;15.2;0.99;0.65;0.15;0.22;1.13;1.09;0.083;41.2;13.04;5.94;4.21;0.7;2.33;6.69;97.2;62.9;16.3;4.7;13.4;0.56;0.29;0.1;0.14
8;100;50;0;0;17.73;3.86;11.06;2.29;2.29;0.128;49.3;17.91;8.76;5.37;0.91;2.99;5.91;137.1;100.9;18.5;6;11.8;1.54;0.32;0.19;0.25;0.38;0.41;0.082;50.7;4.84;2.19;1.57;0.27;0.87;5.16;141;118.3;10.7;1.7;10.3;0.13;0.18;0.04;0.05
8;100;50;0;50;17.26;4.12;11.76;2.36;2.4;0.131;48.2;18.27;8.94;5.52;0.94;3.05;6.22;136.8;101.2;17.1;6.1;12.4;1.51;0.45;0.18;0.25;0.56;0.54;0.092;51.8;5.76;2.75;1.76;0.31;1.07;5.54;147.1;117.9;16;2.1;11.1;0.14;0.3;0.04;0.06
8;100;50;0;100;17.02;4.37;12.41;2.51;2.58;0.136;48.4;18.93;9.21;5.79;0.96;3.22;6.57;137.9;102.2;16.1;6.4;13.1;1.55;0.57;0.2;0.26;0.64;0.67;0.1;51.6;6.63;3.05;2.11;0.36;1.15;5.84;146.9;116.7;16.2;2.3;11.7;0.14;0.4;0.05;0.07
8;100;50;50;0;19.64;4.29;12.33;2.34;2.32;0.125;54.9;18.52;8.96;5.7;0.95;3.13;6.6;139.8;98.5;21.9;6.3;13.2;1.49;0.39;0.18;0.25;0.54;0.53;0.081;45.1;6.46;2.94;2.09;0.37;1.16;5.73;114.9;90.9;10.2;2.3;11.5;0.23;0.17;0.05;0.07
8;100;50;50;50;19.84;4.78;13.75;2.55;2.49;0.129;53.1;19.27;9.32;5.89;0.97;3.21;7.33;139.7;97.5;21.2;6.4;14.7;1.47;0.57;0.19;0.27;0.75;0.77;0.088;46.9;8.61;3.97;2.77;0.45;1.57;6.41;123.2;91.8;15.5;3.1;12.8;0.32;0.28;0.07;0.09
8;100;50;50;100;19.73;5.32;15.18;2.74;2.77;0.138;54.3;20.1;9.88;6.04;1.03;3.4;8.05;150;96.4;30.7;6.8;16.1;1.46;0.83;0.2;0.28;1.03;1.01;0.091;45.7;10.98;5.09;3.52;0.61;1.92;7.13;126;92.7;15.2;3.8;14.3;0.42;0.38;0.09;0.12
8;100;50;100;0;21.49;4.7;13.33;2.53;2.45;0.126;61.7;19.5;9.45;5.93;1.01;3.26;7.16;141.6;95.3;25.4;6.5;14.3;1.44;0.54;0.2;0.28;0.58;0.62;0.081;38.3;7.62;3.48;2.45;0.42;1.43;6.17;87.7;62.5;9.9;2.9;12.3;0.31;0.17;0.06;0.08
8;100;50;100;50;21.88;5.39;15.51;2.59;2.65;0.131;61.3;20.27;9.81;6.17;1.06;3.41;8.13;154;93.5;37.3;6.8;16.3;1.41;0.77;0.2;0.27;0.92;0.95;0.086;38.7;11;5.08;3.48;0.63;1.98;7.37;97.1;63.6;14.8;4;14.7;0.47;0.27;0.09;0.13
8;100;50;100;100;22.18;5.98;16.96;2.87;2.88;0.137;60.7;20.98;10.42;6.22;1.11;3.59;9.05;154.2;92.6;36.4;7.2;18.1;1.39;1;0.2;0.29;1.22;1.18;0.088;39.3;13.28;6.12;4.23;0.74;2.39;7.91;99.7;64.2;14.9;4.8;15.8;0.56;0.37;0.1;0.15
8;100;100;0;0;17.66;4.45;13.12;2.72;2.81;0.132;51.1;21.37;10.33;6.5;1.15;3.5;7.07;148.8;100.5;27.1;7;14.1;1.81;0.5;0.2;0.3;0.47;0.48;0.092;48.9;5.13;2.47;1.63;0.26;0.95;6.05;142.3;118.7;9.6;1.9;12.1;0.13;0.25;0.04;0.06
8;100;100;0;50;17.43;4.7;13.72;2.94;3;0.136;50.1;22.06;10.83;6.62;1.18;3.65;7.35;148.6;100.1;26.5;7.3;14.7;1.81;0.68;0.21;0.3;0.59;0.62;0.103;49.9;5.99;2.79;1.92;0.29;1.05;6.37;148.3;119.2;14.3;2.1;12.7;0.15;0.36;0.04;0.07
8;100;100;0;100;16.99;4.85;14.12;3.15;3.16;0.141;49.9;22.36;11.05;6.72;1.16;3.67;7.53;147.6;101;24.2;7.3;15.1;1.82;0.81;0.22;0.3;0.76;0.75;0.11;50.1;6.77;3.23;2.11;0.33;1.18;6.6;148.2;118.2;14.5;2.4;13.2;0.15;0.48;0.05;0.07
8;100;100;50;0;19.73;4.95;14.28;2.97;2.92;0.13;56.3;22.5;10.96;6.89;1.11;3.77;7.62;151.9;95.8;33.3;7.5;15.2;1.72;0.65;0.23;0.31;0.63;0.61;0.088;43.7;6.8;3.12;2.23;0.35;1.18;6.66;118.1;93.2;9.2;2.4;13.3;0.25;0.23;0.06;0.07
8;100;100;50;50;20.03;5.44;15.57;3.22;3.12;0.135;54.8;23.13;11.44;6.86;1.14;3.87;8.28;152;95.1;32.6;7.7;16.6;1.71;0.87;0.23;0.31;0.81;0.84;0.095;45.2;8.8;4.04;2.79;0.53;1.57;7.3;125.3;93.9;13.7;3.1;14.6;0.33;0.35;0.07;0.09
8;100;100;50;100;19.81;5.94;16.98;3.37;3.36;0.144;54.2;23.26;11.55;6.98;1.16;3.9;8.99;151.2;95;30.4;7.8;18;1.69;1.12;0.23;0.31;1.16;1.11;0.097;45.8;11.43;5.36;3.65;0.61;2.03;7.99;127.9;93.9;14;4.1;16;0.44;0.46;0.08;0.13
8;100;100;100;0;21.91;5.34;15.26;2.93;2.98;0.128;63.3;23.3;11.2;7.04;1.26;3.93;8.09;155.9;92.7;39.1;7.9;16.2;1.65;0.78;0.22;0.33;0.69;0.69;0.087;36.7;7.83;3.57;2.5;0.44;1.41;7.17;90.3;64.1;9;2.8;14.3;0.31;0.23;0.06;0.09
8;100;100;100;50;22.22;5.92;17.41;3.34;3.25;0.134;61.2;24.3;11.93;7.23;1.26;3.93;9.25;155.6;90.5;38.8;7.9;18.5;1.63;1.06;0.23;0.33;0.99;1.02;0.091;38.8;11.13;5.09;3.54;0.62;1.99;8.16;98.7;65.4;13;4;16.3;0.47;0.33;0.09;0.13
8;100;100;100;100;22.23;6.64;18.84;3.56;3.63;0.145;60.4;25.04;12.36;7.39;1.39;4.17;10.07;154.9;88.8;37.6;8.3;20.1;1.6;1.44;0.25;0.34;1.25;1.26;0.093;39.6;13.53;6.32;4.27;0.72;2.47;8.78;101.6;66.4;12.8;4.9;17.6;0.59;0.42;0.11;0.15
9;0;0;0;0;14.02;1.93;5.41;0.88;0.92;0.118;63.5;7.78;3.73;2.38;0.42;1.36;2.92;225.4;196.5;20.3;2.7;5.8;0.45;0.28;0.09;0.11;0.25;0.23;0.066;36.5;3.12;1.44;0.97;0.19;0.57;2.49;129.6;118.9;4.6;1.1;5;0.12;0.05;0.02;0.03
9;0;0;0;50;13.55;2.01;5.69;0.92;0.97;0.121;63.2;7.95;3.82;2.43;0.41;1.4;3.03;223.8;195.9;19;2.8;6.1;0.44;0.34;0.08;0.11;0.31;0.27;0.071;36.8;3.55;1.61;1.12;0.2;0.61;2.66;130.4;119.3;4.6;1.2;5.3;0.12;0.08;0.03;0.04
9;0;0;0;100;13.26;2.13;6.14;1.1;1.07;0.125;62.4;8.57;4.11;2.63;0.41;1.4;3.25;222.7;195.1;18.3;2.8;6.5;0.45;0.42;0.09;0.12;0.32;0.32;0.076;37.6;3.97;1.85;1.23;0.21;0.73;2.88;133.8;119.7;6.9;1.5;5.8;0.13;0.12;0.03;0.04
9;0;0;50;0;16.03;2.34;6.64;0.99;0.98;0.116;68.7;8.4;4.05;2.58;0.44;1.47;3.57;226.1;192.3;23.7;2.9;7.1;0.44;0.32;0.09;0.12;0.33;0.34;0.069;31.3;4.74;2.13;1.58;0.28;0.87;3.07;103.1;90.9;4.4;1.7;6.1;0.2;0.05;0.03;0.06
9;0;0;50;50;16.14;2.75;8.03;1.01;1.07;0.119;67.8;9.01;4.33;2.8;0.49;1.52;4.31;224.5;190;22.8;3;8.6;0.44;0.41;0.09;0.13;0.48;0.49;0.072;32.2;6.63;3.03;2.12;0.39;1.24;3.72;106.3;91.8;4.6;2.5;7.4;0.28;0.08;0.05;0.07
9;0;0;50;100;16.07;3.21;9.21;1.23;1.25;0.128;66.5;9.76;4.74;2.97;0.49;1.65;4.88;221.8;186.4;22.3;3.3;9.8;0.43;0.59;0.1;0.13;0.69;0.64;0.074;33.5;8.57;3.85;2.8;0.48;1.56;4.32;111.7;93.3;6.7;3.1;8.6;0.37;0.11;0.07;0.09
9;0;0;100;0;18.32;2.71;7.63;1.02;1.05;0.113;75.1;9.27;4.43;2.85;0.49;1.6;4.1;227.6;188.6;27.6;3.2;8.2;0.44;0.38;0.1;0.14;0.44;0.42;0.07;24.9;5.82;2.67;1.84;0.35;1.11;3.54;75.5;61.7;4.4;2.2;7.1;0.25;0.05;0.05;0.06
9;0;0;100;50;18.45;3.37;9.65;1.16;1.17;0.116;73.7;10.07;4.87;3.11;0.53;1.77;5.09;224.2;183.6;26.8;3.5;10.2;0.42;0.5;0.11;0.14;0.65;0.64;0.072;26.3;8.74;4.04;2.76;0.53;1.6;4.55;79.7;63.1;4.3;3.2;9.1;0.39;0.07;0.07;0.1
9;0;0;100;100;18.66;3.92;11.06;1.39;1.4;0.126;72.2;11.13;5.38;3.44;0.57;1.9;5.95;221.1;179.1;26.3;3.8;11.9;0.4;0.73;0.12;0.15;0.81;0.79;0.073;27.8;10.75;4.88;3.48;0.6;2.01;5.1;84.8;64.4;6.2;4;10.2;0.49;0.11;0.08;0.12
9;0;50;0;0;13.78;2.1;6.05;0.97;1.03;0.115;62.7;8.96;4.17;2.78;0.49;1.49;3.25;222.1;192.1;20.6;3;6.5;0.45;0.36;0.1;0.12;0.24;0.24;0.069;37.3;3.16;1.49;1;0.17;0.6;2.8;131.8;121.4;3.6;1.2;5.6;0.12;0.06;0.03;0.03
9;0;50;0;50;13.69;2.25;6.64;1.14;1.19;0.123;62.2;9.66;4.66;3;0.48;1.61;3.58;220.3;190;19.9;3.2;7.2;0.44;0.51;0.1;0.14;0.29;0.28;0.074;37.8;3.65;1.62;1.23;0.19;0.64;3.05;133.6;122.5;3.7;1.3;6.1;0.13;0.09;0.03;0.04
9;0;50;0;100;12.91;2.35;6.84;1.31;1.33;0.133;61.6;10;4.86;3;0.52;1.68;3.67;218.2;188.9;18.6;3.4;7.3;0.44;0.65;0.1;0.14;0.32;0.32;0.08;38.4;3.85;1.75;1.25;0.22;0.68;3.17;135.9;123.1;5.1;1.4;6.3;0.13;0.12;0.03;0.04
9;0;50;50;0;16.12;2.6;7.26;1.14;1.11;0.111;67.7;9.97;4.78;3.05;0.5;1.73;3.84;221.5;185.9;24.5;3.5;7.7;0.43;0.43;0.11;0.15;0.36;0.35;0.07;32.3;4.72;2.13;1.55;0.24;0.87;3.42;105.5;93.5;3.4;1.7;6.8;0.2;0.05;0.04;0.05
9;0;50;50;50;16.18;3.1;8.92;1.42;1.36;0.121;66.7;11.26;5.41;3.46;0.59;1.89;4.83;219.2;181.8;23.9;3.8;9.7;0.44;0.64;0.11;0.17;0.5;0.49;0.073;33.3;6.62;3.03;2.12;0.39;1.21;4.09;109.2;95.2;3.4;2.4;8.2;0.29;0.08;0.05;0.08
9;0;50;50;100;16.15;3.63;10.27;1.61;1.62;0.138;66.5;11.77;5.83;3.49;0.64;1.94;5.49;227.7;178.5;34.3;3.9;11;0.43;0.91;0.12;0.16;0.66;0.67;0.075;33.5;8.73;4.07;2.76;0.5;1.69;4.77;114.3;96.6;4.9;3.4;9.5;0.39;0.11;0.07;0.1
9;0;50;100;0;18.35;3.04;8.73;1.29;1.31;0.114;73.9;11.43;5.43;3.52;0.65;1.93;4.67;221.2;179.8;28.2;3.9;9.3;0.42;0.6;0.12;0.17;0.47;0.43;0.071;26.1;5.95;2.73;1.94;0.35;1.11;4.07;77.9;64.2;3.4;2.2;8.1;0.27;0.05;0.05;0.07
9;0;50;100;50;18.87;3.71;10.81;1.63;1.58;0.125;73.8;12.63;6.17;3.82;0.66;2.11;5.75;231.9;174.2;42;4.2;11.5;0.43;0.85;0.13;0.18;0.66;0.65;0.073;26.2;8.9;4;2.94;0.49;1.59;5.06;82.2;65.7;3.2;3.2;10.1;0.41;0.07;0.07;0.1
9;0;50;100;100;18.96;4.32;12.41;1.85;1.88;0.137;72.2;13.72;6.81;4.14;0.72;2.26;6.62;228;169.2;41.1;4.5;13.2;0.41;1.14;0.14;0.19;0.87;0.83;0.074;27.8;11.01;5.11;3.48;0.62;2.06;5.8;87.5;67.1;4.7;4.1;11.6;0.51;0.11;0.09;0.13
9;0;100;0;0;13.69;2.39;6.76;1.23;1.3;0.122;62.7;10.68;5.13;3.27;0.56;1.81;3.65;227.5;185.1;31.5;3.6;7.3;0.45;0.59;0.11;0.16;0.23;0.23;0.069;37.3;3.03;1.38;0.99;0.16;0.58;3.11;135;125.2;2.5;1.2;6.2;0.12;0.05;0.02;0.03
9;0;100;0;50;13.52;2.61;7.23;1.46;1.52;0.132;62.2;11.49;5.61;3.5;0.62;1.98;3.87;225.1;182.7;30.7;4;7.7;0.45;0.78;0.12;0.17;0.27;0.27;0.075;37.8;3.27;1.52;1.02;0.19;0.63;3.36;136.9;126.5;2.4;1.3;6.7;0.13;0.08;0.03;0.03
9;0;100;0;100;12.81;2.59;7.45;1.68;1.69;0.144;61.7;11.79;5.93;3.54;0.57;1.93;4.03;223;182.7;28.4;3.9;8.1;0.45;0.95;0.12;0.17;0.33;0.32;0.082;38.3;3.63;1.68;1.13;0.19;0.67;3.43;138.4;126.5;3.7;1.3;6.9;0.13;0.12;0.03;0.04
9;0;100;50;0;16.47;3.02;8.49;1.47;1.47;0.119;67.6;12.29;6.01;3.74;0.62;2.13;4.49;228.6;177.3;38.1;4.3;9;0.43;0.74;0.13;0.18;0.4;0.35;0.071;32.4;4.79;2.21;1.56;0.25;0.89;4;109.3;97.1;2.5;1.8;8;0.21;0.05;0.04;0.05
9;0;100;50;50;16.18;3.42;9.69;1.7;1.69;0.131;66.6;12.94;6.29;3.96;0.67;2.15;5.15;224.8;173.8;36.4;4.3;10.3;0.42;0.96;0.13;0.19;0.53;0.51;0.074;33.4;6.71;3.1;2.1;0.38;1.28;4.53;112.5;98.5;2.3;2.6;9.1;0.3;0.07;0.05;0.08
9;0;100;50;100;16.43;3.76;11.21;2.04;2.09;0.15;65.5;14;6.87;4.25;0.76;2.27;6.04;222.1;169.5;36;4.5;12.1;0.42;1.33;0.14;0.2;0.65;0.65;0.076;34.5;8.46;3.72;2.86;0.47;1.49;5.18;117;100.2;3.4;3;10.4;0.39;0.11;0.06;0.09
9;0;100;100;0;18.8;3.56;9.97;1.66;1.66;0.118;74.1;14.05;6.85;4.37;0.72;2.48;5.39;230.8;170.4;44.6;5;10.8;0.41;0.89;0.15;0.2;0.45;0.43;0.072;25.9;5.93;2.69;1.91;0.33;1.08;4.59;80.3;66.7;2.3;2.2;9.2;0.28;0.04;0.05;0.07
9;0;100;100;50;19.31;4.21;11.82;2.05;1.95;0.13;72.5;15.03;7.42;4.43;0.78;2.55;6.32;225.2;163.4;44.1;5.1;12.6;0.39;1.2;0.16;0.21;0.68;0.67;0.073;27.5;8.97;4.13;2.86;0.52;1.66;5.5;85.2;68.7;2.2;3.3;11;0.42;0.07;0.07;0.1
9;0;100;100;100;19.17;4.53;13.38;2.37;2.38;0.149;71.3;15.95;7.86;4.75;0.83;2.56;7.31;221.4;159.2;42.5;5.1;14.6;0.38;1.63;0.15;0.22;0.9;0.85;0.075;28.7;11.25;5.04;3.67;0.62;1.97;6.07;89.1;69.8;3.2;3.9;12.1;0.53;0.1;0.09;0.13
9;50;0;0;0;15.75;2.48;7.29;1.25;1.36;0.127;57.8;10.68;5.11;3.37;0.55;1.8;3.83;181.7;150.7;19.8;3.6;7.7;0.84;0.27;0.1;0.15;0.29;0.28;0.069;42.2;3.78;1.72;1.23;0.21;0.68;3.47;132.4;116.6;7.5;1.4;6.9;0.12;0.09;0.03;0.04
9;50;0;0;50;15.28;2.72;7.62;1.38;1.42;0.13;58;10.93;5.29;3.37;0.57;1.86;4.16;182.6;152.1;18.5;3.7;8.3;0.83;0.32;0.12;0.16;0.32;0.35;0.076;42;4.43;2.05;1.41;0.26;0.86;3.46;131.9;115.5;7.7;1.7;6.9;0.12;0.14;0.04;0.05
9;50;0;0;100;14.92;2.88;8.14;1.52;1.53;0.132;57.1;11.57;5.67;3.51;0.58;1.93;4.4;182;151.6;17.7;3.9;8.8;0.85;0.4;0.11;0.17;0.44;0.41;0.082;42.9;4.95;2.31;1.58;0.27;0.95;3.75;136.4;115.9;11.2;1.9;7.5;0.12;0.2;0.04;0.05
9;50;0;50;0;17.85;2.91;8.29;1.36;1.41;0.125;63.4;11.3;5.44;3.5;0.61;1.91;4.42;184;148.1;23.2;3.8;8.8;0.82;0.32;0.11;0.16;0.38;0.39;0.071;36.6;5.29;2.37;1.72;0.28;0.99;3.88;106.1;88.8;7.6;2;7.8;0.2;0.09;0.04;0.06
9;50;0;50;50;17.56;3.27;9.53;1.46;1.5;0.127;62.8;11.82;5.81;3.57;0.59;1.96;5.15;183;146.6;22.2;3.9;10.3;0.81;0.4;0.12;0.17;0.57;0.53;0.073;37.2;7.15;3.22;2.31;0.4;1.31;4.38;108.3;89.6;7.3;2.6;8.8;0.27;0.13;0.05;0.07
9;50;0;50;100;17.73;3.79;11.08;1.63;1.69;0.133;61.3;12.66;6.17;3.91;0.65;2.13;5.95;182.6;145;21.5;4.3;11.9;0.81;0.57;0.13;0.18;0.76;0.72;0.076;38.7;9.36;4.28;2.98;0.55;1.66;5.13;114.9;90.5;10.9;3.3;10.3;0.36;0.19;0.07;0.1
9;50;0;100;0;19.83;3.25;9.1;1.4;1.47;0.122;70.2;11.98;5.81;3.65;0.57;2.08;4.86;185.6;144.8;27;4.2;9.7;0.8;0.37;0.12;0.18;0.46;0.45;0.071;29.8;6.26;2.89;1.97;0.34;1.18;4.25;78.8;60.5;7.4;2.4;8.5;0.25;0.09;0.05;0.07
9;50;0;100;50;20;3.84;11.27;1.55;1.59;0.124;69.1;12.81;6.18;4;0.67;2.14;6.08;184.4;141.9;26.1;4.3;12.2;0.78;0.49;0.13;0.18;0.7;0.68;0.073;30.9;9.25;4.16;3.08;0.5;1.7;5.19;82.5;61.6;7.2;3.4;10.4;0.38;0.13;0.07;0.1
9;50;0;100;100;20.34;4.42;12.84;1.81;1.84;0.131;67.3;14.03;6.87;4.26;0.73;2.4;6.91;183.4;138.9;25.9;4.8;13.8;0.78;0.72;0.14;0.2;0.9;0.85;0.075;32.7;11.34;5.1;3.72;0.65;2.02;5.94;89;62.7;10.4;4;11.9;0.47;0.18;0.08;0.13
9;50;50;0;0;15.52;3.06;8.68;1.83;1.8;0.128;57.9;14.06;6.84;4.27;0.72;2.39;4.64;183.3;149.3;19.9;4.8;9.3;1.12;0.34;0.14;0.2;0.35;0.29;0.073;42.1;3.79;1.73;1.2;0.24;0.67;4.04;133.3;117.6;6.4;1.3;8.1;0.12;0.1;0.03;0.04
9;50;50;0;50;15.21;3.24;9.21;1.94;1.94;0.133;57.7;14.52;7.09;4.4;0.79;2.45;4.93;183;149.3;18.9;4.9;9.9;1.11;0.48;0.15;0.2;0.38;0.36;0.079;42.3;4.35;2.01;1.37;0.24;0.79;4.28;134.1;117.6;6.4;1.6;8.6;0.12;0.15;0.03;0.05
9;50;50;0;100;15.05;3.38;9.9;2.08;2.11;0.139;56.9;15.18;7.37;4.67;0.81;2.45;5.29;182.6;149.3;17.9;4.9;10.6;1.12;0.63;0.15;0.21;0.51;0.47;0.09;43.1;5.1;2.39;1.59;0.29;0.92;4.61;138.4;117.6;9.7;1.8;9.2;0.13;0.24;0.04;0.06
9;50;50;50;0;17.84;3.53;10;1.82;1.84;0.124;63;14.82;7.16;4.59;0.7;2.51;5.35;184.2;144.9;23.6;5;10.7;1.06;0.43;0.15;0.2;0.43;0.4;0.073;37;5.32;2.47;1.69;0.3;1.02;4.65;108.2;90.6;6.3;2;9.3;0.2;0.1;0.04;0.06
9;50;50;50;50;17.84;4.12;11.46;2.07;2.05;0.13;62;15.76;7.78;4.71;0.86;2.71;6.08;182.7;142.4;22.7;5.4;12.2;1.05;0.62;0.17;0.22;0.61;0.58;0.076;38;7.51;3.53;2.38;0.39;1.41;5.38;111.7;91.9;6.2;2.8;10.8;0.29;0.15;0.06;0.09
9;50;50;50;100;17.9;4.39;12.51;2.25;2.27;0.141;62.2;16.05;7.91;4.87;0.84;2.68;6.69;192.9;141.2;32.9;5.4;13.4;1.02;0.87;0.16;0.22;0.84;0.77;0.081;37.8;9.45;4.36;2.96;0.51;1.71;5.82;117.2;92.6;9.5;3.4;11.6;0.36;0.23;0.08;0.1
9;50;50;100;0;20.03;3.91;11.1;2.02;2;0.125;69.4;15.97;7.75;4.85;0.8;2.71;5.95;184.7;140;27.4;5.4;11.9;1.03;0.58;0.16;0.23;0.49;0.48;0.072;30.6;6.48;2.92;2.12;0.34;1.21;5.15;81.2;62.3;6.2;2.4;10.3;0.26;0.1;0.05;0.07
9;50;50;100;50;20.39;4.58;13.04;2.19;2.24;0.132;69.8;17.04;8.27;5.2;0.88;2.86;7;196.7;136.2;40.8;5.7;14;0.99;0.84;0.17;0.24;0.76;0.72;0.075;30.2;9.5;4.28;3.08;0.51;1.72;6.03;85.1;63.7;5.9;3.4;12.1;0.4;0.14;0.07;0.11
9;50;50;100;100;20.6;5.07;14.7;2.47;2.53;0.14;68.1;18.03;8.9;5.47;0.93;2.95;7.86;195.1;133.3;40.1;5.9;15.7;0.99;1.11;0.18;0.25;0.98;0.91;0.078;31.9;11.54;5.29;3.62;0.64;2.12;6.84;91.4;64.7;8.8;4.2;13.7;0.48;0.21;0.09;0.13
9;50;100;0;0;16.05;3.68;10.45;2.35;2.37;0.133;58.6;17.78;8.7;5.4;0.94;2.96;5.57;194.1;146.1;30.9;5.9;11.1;1.36;0.58;0.18;0.25;0.32;0.33;0.08;41.4;3.85;1.8;1.16;0.22;0.72;4.88;136.8;119.9;5.6;1.4;9.8;0.12;0.14;0.03;0.04
9;50;100;0;50;15.48;3.89;10.82;2.55;2.55;0.139;57.8;18.28;9.02;5.49;0.92;3.1;5.81;192.2;145.3;29.1;6.2;11.6;1.36;0.75;0.19;0.26;0.41;0.41;0.09;42.2;4.38;2.05;1.38;0.25;0.78;5.01;140.3;120.5;8.2;1.6;10;0.12;0.2;0.03;0.05
9;50;100;0;100;15.14;4.02;11.37;2.65;2.75;0.146;57.5;18.82;9.34;5.62;0.97;3.13;6.14;191;144.8;27.7;6.3;12.3;1.35;0.93;0.19;0.27;0.5;0.48;0.097;42.5;4.89;2.28;1.55;0.27;0.89;5.22;141.1;120.9;8;1.8;10.4;0.13;0.26;0.04;0.05
9;50;100;50;0;18.35;4.14;11.96;2.41;2.48;0.131;63.8;18.95;9.13;5.81;1;3.18;6.42;196.4;140.5;36.7;6.4;12.8;1.31;0.71;0.2;0.26;0.46;0.43;0.078;36.2;5.47;2.49;1.76;0.31;0.96;5.54;111.2;92.9;5.3;1.9;11.1;0.21;0.13;0.04;0.06
9;50;100;50;50;18.24;4.73;13.1;2.75;2.71;0.138;62.2;19.67;9.7;5.96;0.95;3.31;6.99;193.5;137.6;35.3;6.6;14;1.29;0.94;0.2;0.28;0.61;0.62;0.082;37.8;7.44;3.42;2.44;0.38;1.42;6.11;117.5;94.5;7.9;2.8;12.2;0.29;0.19;0.06;0.08
9;50;100;50;100;18.16;5.03;14.5;3.04;3.03;0.149;61.6;20.26;10.11;6.06;1.04;3.33;7.88;192.6;135.8;34.3;6.7;15.8;1.28;1.28;0.19;0.28;0.81;0.79;0.083;38.4;9.37;4.27;3.04;0.53;1.71;6.62;119.8;95.5;7.7;3.4;13.2;0.37;0.24;0.07;0.1
9;50;100;100;0;20.46;4.55;13.13;2.56;2.6;0.129;70.4;20.22;9.73;6.29;1.01;3.33;7.1;198.8;135.3;42.7;6.7;14.2;1.26;0.85;0.21;0.28;0.54;0.51;0.077;29.6;6.52;3.01;2.1;0.34;1.22;6.03;83.6;64;5;2.4;12.1;0.26;0.12;0.05;0.07
9;50;100;100;50;20.79;5.28;15.26;2.92;2.89;0.136;68.3;21.25;10.53;6.36;1.08;3.56;8.06;195.6;130.5;41.9;7.1;16.1;1.25;1.14;0.22;0.29;0.76;0.77;0.079;31.7;9.61;4.4;3.1;0.56;1.71;7.2;90.8;65.8;7.3;3.4;14.4;0.4;0.18;0.07;0.11
9;50;100;100;100;20.75;5.8;16.58;3.16;3.25;0.15;67.3;21.75;10.81;6.58;1.11;3.61;8.85;193.4;128;40.5;7.2;17.7;1.19;1.54;0.22;0.31;0.97;0.97;0.08;32.7;11.96;5.48;3.83;0.66;2.19;7.73;93.8;66.7;7.3;4.4;15.5;0.51;0.23;0.09;0.14
9;100;0;0;0;17.45;3.09;8.64;1.68;1.74;0.132;50.4;13.16;6.42;3.97;0.71;2.23;4.65;136.1;103.1;19.2;4.5;9.3;1.16;0.26;0.13;0.18;0.34;0.33;0.072;49.6;4.37;2.04;1.37;0.24;0.86;3.99;134.1;113.5;10.8;1.7;8;0.11;0.13;0.03;0.05
9;100;0;0;50;17.32;3.17;9.22;1.79;1.8;0.134;50.4;13.45;6.58;4.01;0.67;2.19;4.99;136.2;103.8;18.1;4.4;10;1.16;0.32;0.13;0.18;0.42;0.43;0.078;49.6;5.36;2.48;1.68;0.3;0.99;4.24;134.3;112.8;11.1;2;8.5;0.12;0.21;0.04;0.06
9;100;0;0;100;16.98;3.41;10.05;1.9;1.9;0.136;49.4;13.98;6.86;4.21;0.73;2.29;5.38;137;104.7;16.9;4.6;10.8;1.17;0.39;0.14;0.2;0.58;0.55;0.085;50.6;6.37;2.95;2.09;0.32;1.12;4.67;140.2;111.7;16.9;2.2;9.3;0.12;0.31;0.05;0.07
9;100;0;50;0;19.51;3.41;9.6;1.71;1.77;0.13;56.1;13.65;6.59;4.19;0.71;2.35;5.14;138.7;100.9;22.8;4.7;10.3;1.12;0.31;0.15;0.19;0.48;0.43;0.072;43.9;5.89;2.67;1.89;0.32;1.05;4.46;108.6;86.9;10.7;2.1;8.9;0.19;0.13;0.05;0.06
9;100;0;50;50;19.57;3.95;11.07;1.88;1.88;0.131;55.6;14.35;6.94;4.44;0.74;2.38;5.96;139.1;100.5;21.9;4.8;11.9;1.13;0.4;0.14;0.21;0.65;0.62;0.076;44.4;8.02;3.76;2.57;0.42;1.57;5.12;111.2;87.3;10.5;3.1;10.2;0.26;0.2;0.07;0.09
9;100;0;50;100;19.55;4.28;12.76;2.07;2.05;0.136;54.1;15.05;7.31;4.63;0.79;2.42;6.9;139.8;100.2;20.9;4.8;13.8;1.14;0.55;0.14;0.22;0.83;0.82;0.079;45.9;10.29;4.67;3.35;0.59;1.86;5.86;118.5;87.5;15.6;3.7;11.7;0.34;0.29;0.08;0.11
9;100;0;100;0;21.17;3.67;10.39;1.72;1.79;0.128;63.5;14.07;6.84;4.29;0.73;2.44;5.63;141.5;99.3;26.1;4.9;11.3;1.1;0.35;0.15;0.2;0.52;0.49;0.072;36.5;6.78;3.1;2.19;0.36;1.22;4.76;81.2;59;10.3;2.4;9.5;0.24;0.13;0.05;0.08
9;100;0;100;50;21.4;4.43;12.66;2.01;1.98;0.129;62.4;15.39;7.5;4.7;0.82;2.58;6.79;141.7;97.5;25.4;5.2;13.6;1.12;0.48;0.16;0.22;0.79;0.76;0.075;37.6;10.07;4.52;3.29;0.54;1.85;5.88;85.4;59.9;10.1;3.7;11.8;0.37;0.19;0.08;0.12
9;100;0;100;100;21.74;5;14.36;2.06;2.18;0.134;60.2;16.29;7.99;4.95;0.84;2.78;7.64;141.5;95.6;25.1;5.6;15.3;1.08;0.7;0.17;0.23;0.93;0.94;0.077;39.8;12.2;5.44;4.01;0.68;2.21;6.72;93.5;61;14.6;4.4;13.4;0.46;0.26;0.09;0.14
9;100;50;0;0;17.64;3.89;11.33;2.36;2.45;0.134;50.9;18.34;8.98;5.64;0.93;3.08;6.11;140.5;103;19.2;6.2;12.2;1.67;0.33;0.19;0.26;0.39;0.36;0.076;49.1;4.58;2.07;1.49;0.26;0.81;5.22;135.5;113.6;9.8;1.6;10.4;0.12;0.17;0.03;0.05
9;100;50;0;50;17.43;4.07;11.83;2.66;2.58;0.137;50;18.85;9.24;5.68;0.97;3.06;6.4;140.7;103.5;18.2;6.1;12.8;1.67;0.47;0.18;0.27;0.52;0.5;0.09;50;5.54;2.66;1.69;0.31;1;5.43;140.9;113.1;15;2;10.9;0.12;0.28;0.05;0.06
9;100;50;0;100;17;4.32;12.47;2.73;2.75;0.142;49.9;19.37;9.46;5.85;0.99;3.17;6.64;140.7;104;17.2;6.3;13.3;1.68;0.61;0.2;0.26;0.65;0.61;0.097;50.1;6.3;2.99;1.97;0.33;1.15;5.83;141.4;112.5;14.9;2.3;11.7;0.12;0.38;0.05;0.07
9;100;50;50;0;19.8;4.33;12.36;2.52;2.51;0.131;56.2;19.24;9.39;5.83;0.98;3.19;6.66;142.5;99.8;23;6.4;13.3;1.63;0.41;0.19;0.27;0.48;0.46;0.075;43.8;6.03;2.8;1.89;0.35;1.14;5.7;110.9;87.8;9.5;2.3;11.4;0.19;0.16;0.05;0.06
9;100;50;50;50;19.58;4.93;13.86;2.58;2.69;0.135;54.7;19.96;9.72;6.05;1.07;3.38;7.48;142.8;99.4;21.7;6.8;15;1.62;0.58;0.21;0.28;0.69;0.7;0.082;45.3;8.38;3.88;2.64;0.47;1.55;6.38;118.2;88.1;14.1;3.1;12.8;0.27;0.26;0.07;0.1
9;100;50;50;100;19.75;5.34;15.03;2.78;2.91;0.143;55.9;20.3;9.91;6.06;1.07;3.41;8.18;153.3;98.9;31.3;6.8;16.4;1.58;0.84;0.21;0.28;0.98;0.92;0.086;44.1;10.69;4.98;3.38;0.56;1.94;6.85;120.7;88.5;14.6;3.9;13.7;0.35;0.37;0.08;0.12
9;100;50;100;0;21.94;4.68;13.61;2.64;2.66;0.131;63.2;20.36;9.88;6.2;1.11;3.4;7.32;145.2;96.8;27;6.8;14.6;1.58;0.58;0.21;0.29;0.57;0.54;0.075;36.8;7.09;3.32;2.27;0.4;1.28;6.29;84.6;60.3;9.1;2.6;12.6;0.25;0.16;0.05;0.08
9;100;50;100;50;22.17;5.32;15.52;2.8;2.84;0.135;62.8;20.99;10.3;6.37;1.1;3.44;8.32;157.6;94.6;39.5;6.9;16.6;1.53;0.81;0.2;0.3;0.81;0.82;0.079;37.2;10.27;4.7;3.27;0.61;1.88;7.2;93.3;61.6;13.6;3.8;14.4;0.38;0.25;0.08;0.11
9;100;50;100;100;21.97;5.91;17.02;2.99;3.09;0.142;62.3;21.75;10.7;6.69;1.09;3.57;9.22;157.3;94.2;37.5;7.1;18.4;1.54;1.03;0.22;0.31;1.12;1.03;0.082;37.7;12.57;5.85;4;0.67;2.34;7.8;95.2;61.8;13.1;4.7;15.6;0.47;0.33;0.1;0.14
9;100;100;0;0;17.61;4.62;12.98;2.96;3.05;0.138;52.5;22.22;10.91;6.76;1.15;3.76;7.01;152;101.3;29.2;7.5;14;1.97;0.54;0.23;0.31;0.39;0.41;0.086;47.5;4.64;2.13;1.48;0.26;0.86;5.97;137.7;115.5;8.5;1.7;11.9;0.11;0.21;0.03;0.05
9;100;100;0;50;17.38;4.75;13.71;3.09;3.22;0.142;51.3;22.72;11.19;6.78;1.23;3.74;7.34;151.1;101.3;27.6;7.5;14.7;1.95;0.72;0.23;0.32;0.59;0.56;0.098;48.7;5.61;2.64;1.77;0.3;1.01;6.37;143.3;115.5;13.1;2;12.7;0.12;0.33;0.04;0.06
9;100;100;0;100;16.99;5.06;14.12;3.36;3.41;0.147;51.4;23.24;11.55;6.97;1.17;3.92;7.65;151;101.8;26.1;7.8;15.3;1.97;0.89;0.23;0.33;0.71;0.67;0.106;48.6;6.31;3.01;1.95;0.37;1.14;6.47;143.1;115;12.9;2.3;12.9;0.13;0.43;0.05;0.07
9;100;100;50;0;19.88;5.05;14.32;3.07;3.11;0.135;57.9;23.06;11.34;6.86;1.27;3.9;7.7;155.9;97.6;35.1;7.8;15.4;1.88;0.68;0.24;0.32;0.53;0.52;0.082;42.1;6.29;2.89;2.03;0.34;1.15;6.63;113.5;89.6;8.3;2.3;13.3;0.2;0.21;0.05;0.07
9;100;100;50;50;19.81;5.49;15.58;3.24;3.34;0.14;56.4;23.83;11.62;7.2;1.19;3.98;8.43;155.1;96.6;33.8;8;16.9;1.88;0.89;0.24;0.34;0.69;0.73;0.088;43.6;8.24;3.84;2.62;0.45;1.51;7.15;119.9;90.5;12.1;3;14.3;0.27;0.31;0.06;0.09
9;100;100;50;100;19.55;5.96;16.87;3.59;3.61;0.15;55.7;24.11;12.16;7.22;1.18;4.06;9.07;154;95.8;32;8.1;18.1;1.85;1.18;0.24;0.33;0.98;0.95;0.09;44.3;10.48;4.88;3.37;0.57;1.91;7.8;122.5;91.1;12;3.8;15.6;0.36;0.4;0.08;0.11
9;100;100;100;0;22.12;5.38;15.47;3.28;3.23;0.133;64.7;24.4;11.88;7.4;1.29;3.98;8.41;159.7;93.6;41.3;8;16.8;1.82;0.83;0.24;0.34;0.61;0.59;0.08;35.3;7.31;3.43;2.33;0.39;1.4;7.06;86.9;62.1;7.9;2.8;14.1;0.26;0.2;0.06;0.08
9;100;100;100;50;22.43;6.12;17.52;3.33;3.46;0.139;62.6;25.02;12.17;7.69;1.29;4.16;9.49;159.5;91.9;40.4;8.3;19;1.75;1.1;0.25;0.36;0.85;0.89;0.084;37.4;10.46;4.75;3.42;0.53;1.95;8.03;95.1;63;12.1;3.9;16.1;0.39;0.31;0.08;0.11
9;100;100;100;100;22.55;6.56;18.9;3.75;3.83;0.149;61.5;25.63;12.81;7.55;1.3;4.18;10.08;157.2;88.9;39.8;8.4;20.2;1.71;1.52;0.24;0.36;1.11;1.11;0.085;38.5;12.86;5.97;4.13;0.69;2.38;8.82;98.4;64.7;11.4;4.8;17.6;0.49;0.37;0.1;0.14
10;0;0;0;0;13.98;1.95;5.39;0.97;0.96;0.118;64.9;8.11;3.92;2.46;0.42;1.36;2.92;229.7;200;21.2;2.7;5.8;0.47;0.29;0.08;0.12;0.2;0.21;0.065;35.1;2.91;1.35;0.88;0.18;0.59;2.47;124;114.2;3.7;1.2;4.9;0.11;0.04;0.03;0.03
10;0;0;0;50;13.58;2.01;5.77;1.05;1.02;0.121;64.6;8.4;4.04;2.55;0.45;1.38;3.13;228.3;199.3;20.1;2.8;6.3;0.45;0.35;0.08;0.13;0.24;0.25;0.07;35.4;3.32;1.53;1.06;0.19;0.64;2.64;125.1;114.6;3.9;1.3;5.3;0.12;0.07;0.03;0.04
10;0;0;0;100;13.16;2.14;6.22;1.14;1.1;0.124;64;8.84;4.29;2.77;0.45;1.5;3.36;227;198.3;19.1;3;6.7;0.45;0.44;0.08;0.12;0.3;0.29;0.074;36;3.66;1.64;1.19;0.2;0.65;2.86;127.6;115.1;5.5;1.3;5.7;0.13;0.09;0.03;0.04
10;0;0;50;0;15.88;2.36;6.62;0.97;1;0.115;70;8.65;4.18;2.64;0.44;1.48;3.52;230.5;196.2;24.3;3;7;0.45;0.33;0.1;0.13;0.32;0.33;0.069;30;4.57;2.09;1.51;0.23;0.88;3.1;98.5;87;3.6;1.8;6.2;0.2;0.04;0.04;0.05
10;0;0;50;50;15.98;2.63;7.86;1.04;1.08;0.118;69.3;9.14;4.36;2.87;0.47;1.52;4.26;228.8;193.6;23.6;3;8.5;0.44;0.42;0.09;0.13;0.46;0.45;0.071;30.7;6.19;2.77;2.01;0.34;1.11;3.59;101;88;3.6;2.2;7.2;0.27;0.06;0.04;0.07
10;0;0;50;100;16.21;3.12;9.26;1.34;1.31;0.127;67.9;10.27;4.95;3.18;0.54;1.66;4.98;225.6;189;23.3;3.3;10;0.43;0.62;0.1;0.15;0.66;0.6;0.073;32.1;8.12;3.69;2.65;0.44;1.46;4.28;106.5;89.7;5.3;2.9;8.6;0.36;0.09;0.06;0.09
10;0;0;100;0;18.12;2.63;7.52;1.08;1.07;0.113;76.4;9.43;4.52;2.88;0.52;1.54;4.05;232.6;193.2;28.2;3.1;8.1;0.45;0.39;0.09;0.14;0.42;0.39;0.07;23.6;5.46;2.54;1.77;0.29;1.09;3.47;71.5;58.8;3.7;2.2;6.9;0.24;0.05;0.04;0.06
10;0;0;100;50;18.63;3.15;9.5;1.22;1.22;0.116;75.2;10.53;5.09;3.22;0.57;1.76;5.16;228.8;186.9;28.1;3.5;10.3;0.43;0.53;0.11;0.15;0.57;0.56;0.07;24.8;7.91;3.52;2.6;0.42;1.39;4.34;75.3;60.4;3.5;2.8;8.7;0.37;0.06;0.05;0.08
10;0;0;100;100;18.82;3.9;11.12;1.49;1.48;0.126;73.4;11.78;5.71;3.64;0.59;2.05;5.92;224.9;181.4;27.5;4.1;11.8;0.43;0.77;0.13;0.16;0.75;0.74;0.072;26.6;10.13;4.58;3.27;0.57;1.84;5.19;81.1;61.7;5.3;3.7;10.4;0.46;0.09;0.08;0.11
10;0;50;0;0;13.87;2.12;6.12;1.05;1.08;0.115;64.3;9.37;4.44;2.97;0.49;1.59;3.33;226.8;195.6;21.4;3.2;6.7;0.47;0.37;0.1;0.14;0.26;0.21;0.065;35.7;2.91;1.36;0.92;0.17;0.52;2.79;125.8;116.5;2.7;1;5.6;0.12;0.04;0.02;0.03
10;0;50;0;50;13.41;2.19;6.5;1.2;1.2;0.123;63.7;9.76;4.68;3;0.54;1.64;3.46;224;193.2;20.6;3.3;6.9;0.45;0.52;0.1;0.14;0.27;0.25;0.07;36.3;3.23;1.44;1.09;0.17;0.56;3.04;127.6;117.7;2.7;1.1;6.1;0.13;0.06;0.02;0.04
10;0;50;0;100;13.16;2.41;6.92;1.44;1.43;0.133;63.1;10.7;5.2;3.29;0.55;1.77;3.72;222.5;191.8;19.8;3.5;7.4;0.46;0.69;0.11;0.15;0.31;0.29;0.077;36.9;3.51;1.63;1.12;0.2;0.64;3.19;130;118.4;3.9;1.3;6.4;0.13;0.09;0.03;0.04
10;0;50;50;0;16.26;2.58;7.59;1.21;1.17;0.111;69.2;10.54;5.1;3.23;0.56;1.75;4.14;226.8;189.5;25.5;3.5;8.3;0.45;0.46;0.1;0.16;0.32;0.33;0.07;30.8;4.52;2.08;1.45;0.23;0.83;3.45;100.8;89.5;2.7;1.7;6.9;0.2;0.04;0.04;0.05
10;0;50;50;50;16.32;3.08;8.99;1.39;1.39;0.12;68.1;11.54;5.6;3.45;0.61;1.95;4.9;223.1;184.5;24.8;3.9;9.8;0.44;0.67;0.12;0.17;0.45;0.45;0.072;31.9;6.19;2.78;2.09;0.35;1.13;4.09;104.5;91.4;2.7;2.3;8.2;0.28;0.06;0.05;0.07
10;0;50;50;100;16.23;3.52;10.18;1.69;1.71;0.138;68;12.39;6.07;3.78;0.63;2.04;5.54;231.9;180.7;36;4.1;11.1;0.44;0.96;0.13;0.18;0.62;0.6;0.074;32;8.03;3.65;2.58;0.44;1.48;4.63;108.9;92.9;3.8;3;9.3;0.37;0.09;0.06;0.09
10;0;50;100;0;18.59;2.96;8.85;1.33;1.34;0.114;75.3;11.75;5.55;3.76;0.62;1.95;4.75;226.5;183.7;29.4;3.9;9.5;0.43;0.62;0.12;0.17;0.37;0.4;0.07;24.7;5.55;2.5;1.81;0.3;1.01;4.11;74;61.2;2.6;2;8.2;0.25;0.04;0.04;0.06
10;0;50;100;50;19.05;3.73;10.8;1.66;1.63;0.124;74.9;13.07;6.36;3.93;0.7;2.2;5.71;236.2;176.3;44.1;4.4;11.4;0.42;0.9;0.13;0.18;0.6;0.6;0.072;25.1;8.23;3.73;2.67;0.48;1.54;5.09;78.8;63.1;2.5;3.1;10.2;0.38;0.06;0.06;0.09
10;0;50;100;100;19.2;4.37;12.17;1.88;1.92;0.137;73.6;14.05;6.89;4.17;0.72;2.4;6.55;232.4;171.6;42.8;4.8;13.1;0.41;1.18;0.14;0.19;0.8;0.77;0.073;26.4;10.37;4.82;3.25;0.58;1.97;5.62;83;64.2;3.6;3.9;11.2;0.49;0.08;0.08;0.11
10;0;100;0;0;13.91;2.47;6.81;1.39;1.36;0.121;64.2;11.17;5.4;3.44;0.62;1.92;3.66;232.8;188;33.6;3.8;7.3;0.45;0.63;0.12;0.16;0.23;0.21;0.066;35.8;2.78;1.32;0.86;0.13;0.55;3.16;129.5;120.4;1.7;1.1;6.3;0.12;0.04;0.02;0.03
10;0;100;0;50;13.55;2.53;7.32;1.55;1.56;0.132;63.8;11.78;5.77;3.64;0.57;1.96;4.03;230.5;186.7;31.8;3.9;8.1;0.47;0.8;0.12;0.17;0.22;0.24;0.071;36.2;3.08;1.4;1.02;0.17;0.57;3.29;130.5;121;1.8;1.1;6.6;0.13;0.06;0.02;0.03
10;0;100;0;100;13.27;2.68;7.62;1.82;1.79;0.144;63;12.46;6.3;3.69;0.62;2.05;4.15;227.2;184;30.8;4.1;8.3;0.46;1.03;0.13;0.17;0.27;0.28;0.079;37;3.36;1.57;1.03;0.2;0.63;3.46;133.1;122.4;2.6;1.3;6.9;0.14;0.08;0.03;0.04
10;0;100;50;0;16.61;2.95;8.48;1.6;1.53;0.119;69.1;12.81;6.13;3.9;0.69;2.1;4.59;233.2;179.8;40;4.2;9.2;0.44;0.78;0.13;0.18;0.33;0.33;0.07;30.9;4.47;2.02;1.48;0.26;0.85;3.89;104.3;93.2;1.6;1.7;7.8;0.21;0.03;0.03;0.05
10;0;100;50;50;16.74;3.37;9.86;1.79;1.8;0.131;68.1;13.76;6.62;4.21;0.68;2.25;5.33;230.1;175.9;39;4.5;10.7;0.44;1.04;0.13;0.19;0.48;0.46;0.074;31.9;6.07;2.79;1.97;0.35;1.12;4.53;107.7;94.7;1.7;2.2;9.1;0.28;0.06;0.05;0.07
10;0;100;50;100;16.58;3.91;11.04;2.04;2.16;0.149;66.7;14.44;7.13;4.29;0.75;2.4;6;225.3;170.8;37.7;4.8;12;0.4;1.4;0.15;0.21;0.63;0.62;0.075;33.3;8.16;3.73;2.59;0.47;1.51;5.04;112.2;96.7;2.4;3;10.1;0.38;0.08;0.06;0.09
10;0;100;100;0;18.97;3.49;10.05;1.77;1.72;0.117;75.2;14.6;7.03;4.55;0.75;2.44;5.43;234;172.2;46.1;4.9;10.9;0.42;0.93;0.15;0.21;0.43;0.41;0.071;24.8;5.68;2.58;1.87;0.3;1.05;4.63;77;64.1;1.6;2.1;9.3;0.27;0.03;0.05;0.07
10;0;100;100;50;19.71;4.25;12.05;2.06;2.04;0.129;73.6;15.73;7.61;4.85;0.81;2.69;6.37;229.4;165.4;45.9;5.4;12.7;0.4;1.26;0.16;0.22;0.66;0.62;0.073;26.4;8.4;3.84;2.71;0.45;1.55;5.69;82;65.8;1.7;3.1;11.4;0.4;0.05;0.06;0.1
10;0;100;100;100;19.7;4.68;13.34;2.5;2.51;0.15;72.2;16.77;8.35;4.88;0.89;2.75;7.16;223.8;158.9;45;5.5;14.3;0.39;1.73;0.16;0.23;0.77;0.78;0.073;27.8;10.48;4.76;3.33;0.59;1.93;6.18;85.9;67.5;2.3;3.9;12.4;0.51;0.07;0.09;0.11
10;50;0;0;0;15.75;2.54;7.03;1.48;1.39;0.127;59.6;10.94;5.36;3.25;0.6;1.86;3.83;186.2;154.2;20.7;3.7;7.7;0.84;0.28;0.11;0.16;0.28;0.26;0.07;40.4;3.55;1.62;1.16;0.21;0.68;3.19;126.1;111.5;6.9;1.4;6.4;0.11;0.08;0.03;0.04
10;50;0;0;50;15.28;2.73;7.6;1.46;1.47;0.13;59.5;11.34;5.62;3.43;0.59;2.01;4.1;186.1;154.4;19.5;4;8.2;0.85;0.34;0.12;0.15;0.33;0.31;0.074;40.5;4.03;1.83;1.31;0.22;0.72;3.5;126.5;111.3;6.7;1.4;7;0.12;0.12;0.03;0.04
10;50;0;0;100;14.83;2.84;8.06;1.57;1.57;0.132;58.5;11.93;5.76;3.59;0.64;1.96;4.32;184.9;154;18.3;3.9;8.6;0.86;0.42;0.12;0.17;0.41;0.39;0.08;41.5;4.67;2.14;1.48;0.26;0.88;3.74;131;111.6;10.1;1.8;7.5;0.12;0.18;0.04;0.05
10;50;0;50;0;17.93;2.88;8.44;1.46;1.47;0.125;65.1;11.78;5.67;3.68;0.63;1.95;4.55;188.6;151.3;24.3;3.9;9.1;0.85;0.33;0.13;0.17;0.35;0.37;0.07;34.9;5.04;2.27;1.67;0.28;0.93;3.89;101.2;84.9;6.7;1.9;7.8;0.19;0.08;0.04;0.06
10;50;0;50;50;17.74;3.34;9.55;1.67;1.58;0.127;64.2;12.43;6.09;3.79;0.66;2.1;5.11;186.7;148.8;23.5;4.2;10.2;0.84;0.43;0.13;0.18;0.52;0.5;0.073;35.8;6.71;3.04;2.19;0.37;1.24;4.44;104;86.2;6.4;2.5;8.9;0.26;0.11;0.05;0.07
10;50;0;50;100;17.83;3.79;11.05;1.69;1.74;0.133;62.7;13.09;6.35;4.05;0.66;2.18;5.91;185.8;147;22.7;4.4;11.8;0.82;0.6;0.14;0.19;0.67;0.68;0.076;37.3;8.86;4.04;2.87;0.49;1.62;5.14;110.3;87.1;9.7;3.2;10.3;0.35;0.17;0.07;0.1
10;50;0;100;0;19.7;3.22;8.87;1.47;1.49;0.123;71.9;12.14;5.9;3.69;0.64;2.13;4.83;190.1;148.6;27.5;4.3;9.7;0.81;0.37;0.14;0.17;0.45;0.42;0.07;28.1;5.79;2.66;1.88;0.28;1.09;4.04;74.3;57.5;6.6;2.2;8.1;0.23;0.08;0.05;0.06
10;50;0;100;50;20.11;3.83;11.25;1.66;1.63;0.123;70.4;13.24;6.39;4.1;0.73;2.18;6.05;188.5;145;27;4.4;12.1;0.79;0.51;0.13;0.2;0.67;0.65;0.073;29.6;8.8;4.03;2.81;0.5;1.65;5.2;79.1;58.8;6.6;3.3;10.4;0.37;0.12;0.06;0.1
10;50;0;100;100;20.26;4.43;12.55;1.81;1.85;0.13;68.7;14.16;6.9;4.29;0.74;2.39;6.74;186.7;141.8;26.7;4.8;13.5;0.78;0.74;0.14;0.2;0.84;0.82;0.075;31.3;10.82;4.92;3.51;0.57;2.04;5.81;85.1;59.8;9.5;4.1;11.6;0.45;0.16;0.09;0.12
10;50;50;0;0;15.74;3.05;8.66;1.88;1.85;0.128;59.6;14.41;7.02;4.36;0.76;2.41;4.73;187.9;152.7;21;4.8;9.5;1.14;0.35;0.15;0.2;0.26;0.26;0.072;40.4;3.45;1.54;1.1;0.21;0.64;3.94;127.4;112.5;5.7;1.3;7.9;0.11;0.09;0.03;0.04
10;50;50;0;50;15.36;3.27;9.33;2.03;1.99;0.133;59.1;15.03;7.33;4.59;0.81;2.51;5.12;186.7;151.5;19.9;5;10.2;1.12;0.51;0.15;0.21;0.34;0.33;0.078;40.9;4.08;1.89;1.3;0.23;0.76;4.21;128.9;113.3;5.7;1.5;8.4;0.12;0.13;0.03;0.05
10;50;50;0;100;14.83;3.31;9.72;2.15;2.14;0.139;58.2;15.42;7.53;4.67;0.82;2.49;5.33;185.2;150.7;18.8;5;10.7;1.09;0.67;0.15;0.22;0.43;0.41;0.087;41.8;4.59;2.14;1.47;0.25;0.82;4.39;132.6;113.8;8.4;1.6;8.8;0.13;0.2;0.03;0.05
10;50;50;50;0;17.87;3.51;10.1;1.91;1.9;0.124;64.4;15.32;7.4;4.71;0.8;2.6;5.38;187.9;147.4;24.6;5.2;10.8;1.08;0.45;0.16;0.22;0.42;0.38;0.072;35.6;5.11;2.29;1.64;0.29;0.91;4.72;103.7;86.9;5.5;1.8;9.4;0.2;0.09;0.03;0.06
10;50;50;50;50;17.82;4.06;11.37;2.19;2.09;0.13;63.5;16.09;7.92;4.87;0.85;2.76;6.12;186.2;144.8;23.6;5.5;12.2;1.06;0.63;0.17;0.23;0.56;0.53;0.075;36.5;7;3.23;2.21;0.4;1.3;5.25;106.7;88.2;5.4;2.6;10.5;0.28;0.13;0.05;0.08
10;50;50;50;100;17.98;4.46;12.61;2.46;2.38;0.141;63.5;16.87;8.42;5.01;0.84;2.77;6.83;196.2;142.2;34.8;5.5;13.7;1.04;0.93;0.16;0.24;0.77;0.72;0.079;36.5;8.94;4.16;2.83;0.51;1.69;5.78;112.6;89.5;8.1;3.4;11.6;0.36;0.2;0.07;0.09
10;50;50;100;0;20.25;3.94;11.2;2.09;2.07;0.125;71;16.58;8.06;5.06;0.87;2.81;6.13;189.9;143.2;28.8;5.6;12.3;1.05;0.61;0.17;0.24;0.45;0.45;0.073;29;6.06;2.81;1.92;0.32;1.13;5.07;77.2;59.4;5.5;2.3;10.1;0.24;0.09;0.05;0.07
10;50;50;100;50;20.54;4.57;13.09;2.36;2.31;0.132;71.1;17.56;8.57;5.33;0.9;2.94;7.09;200.9;138.6;42.3;5.9;14.2;1.02;0.86;0.18;0.25;0.68;0.67;0.074;28.9;8.9;4.06;2.88;0.5;1.63;6.01;81.5;60.9;5.3;3.3;12;0.37;0.13;0.07;0.1
10;50;50;100;100;20.72;5.05;14.6;2.55;2.57;0.14;69.3;18.36;9.03;5.49;0.97;3.04;7.81;198.2;134.9;41.6;6.1;15.6;0.98;1.14;0.19;0.26;0.88;0.86;0.077;30.7;11.05;4.98;3.62;0.64;2.01;6.79;87.5;62.2;7.8;4;13.6;0.47;0.19;0.08;0.12
10;50;100;0;0;16.12;3.64;10.49;2.46;2.43;0.133;60;18.28;8.95;5.52;0.92;3.03;5.62;197.5;147.6;32.6;6.1;11.2;1.38;0.61;0.18;0.25;0.3;0.29;0.078;40;3.48;1.56;1.16;0.2;0.61;4.87;131.6;115.9;4.7;1.2;9.7;0.11;0.11;0.03;0.04
10;50;100;0;50;15.5;3.88;11.04;2.62;2.6;0.139;59.5;18.7;9.22;5.72;0.97;3.13;6;196.8;148.3;30.3;6.3;12;1.38;0.77;0.19;0.26;0.37;0.38;0.089;40.5;4.09;1.9;1.31;0.21;0.76;5.04;134;115.5;7;1.5;10.1;0.12;0.18;0.03;0.04
10;50;100;0;100;15.09;3.9;11.31;2.85;2.8;0.146;59;19.16;9.47;5.71;0.98;3.11;6.14;194.3;147;28.8;6.2;12.3;1.38;0.96;0.19;0.26;0.44;0.44;0.094;41;4.5;2.1;1.46;0.24;0.79;5.17;135.2;116.4;6.9;1.6;10.3;0.13;0.22;0.03;0.05
10;50;100;50;0;18.16;4.21;11.83;2.65;2.54;0.131;65.1;19.45;9.64;5.84;0.95;3.29;6.28;199.4;142.4;37.9;6.6;12.6;1.33;0.74;0.21;0.27;0.41;0.4;0.077;34.9;5.09;2.27;1.65;0.28;0.92;5.55;106.9;89.5;4.5;1.8;11.1;0.2;0.11;0.04;0.06
10;50;100;50;50;18.44;4.66;13.1;2.8;2.77;0.137;63.6;20.15;9.96;6.01;1;3.35;7;197;139;37.2;6.7;14;1.28;0.99;0.21;0.28;0.56;0.58;0.081;36.4;7.06;3.23;2.25;0.37;1.31;6.1;112.7;91.2;6.7;2.6;12.2;0.28;0.17;0.06;0.08
10;50;100;50;100;18.28;4.96;14.33;3.21;3.1;0.15;62.9;20.73;10.4;6.15;1.04;3.39;7.66;195.1;136.9;36.1;6.8;15.3;1.27;1.35;0.2;0.28;0.76;0.74;0.082;37.1;8.86;4.02;2.8;0.51;1.57;6.67;115.1;92.3;6.3;3.1;13.3;0.36;0.21;0.07;0.1
10;50;100;100;0;20.78;4.59;13.08;2.8;2.69;0.128;71.6;21.01;10.2;6.41;1.09;3.5;7.14;202.3;136.4;44.7;7;14.3;1.27;0.91;0.22;0.3;0.5;0.46;0.075;28.4;6.04;2.78;1.92;0.32;1.09;5.95;80.2;61.7;4.4;2.2;11.9;0.25;0.1;0.05;0.06
10;50;100;100;50;21.06;5.16;15.14;2.97;2.96;0.136;69.8;21.8;10.72;6.64;1.1;3.6;8.19;199.8;132.2;44;7.2;16.4;1.23;1.2;0.21;0.31;0.72;0.69;0.078;30.2;8.84;3.95;2.87;0.52;1.56;6.95;86.3;63.1;6.2;3.1;13.9;0.38;0.15;0.06;0.09
10;50;100;100;100;21;5.8;16.39;3.31;3.35;0.15;68.7;22.39;11.15;6.69;1.14;3.73;8.88;196.9;128.9;42.8;7.5;17.8;1.19;1.62;0.23;0.31;0.93;0.89;0.079;31.3;11.15;5.17;3.56;0.64;2.07;7.51;89.4;64.2;6;4.1;15;0.48;0.2;0.08;0.12
10;100;0;0;0;17.51;3.13;8.52;1.79;1.79;0.132;51.9;13.53;6.7;4.03;0.69;2.36;4.55;139;105.1;20.1;4.7;9.1;1.18;0.27;0.14;0.19;0.32;0.31;0.071;48.1;4.09;1.89;1.29;0.21;0.77;3.97;128.6;109.1;10;1.5;7.9;0.11;0.12;0.03;0.04
10;100;0;0;50;17.11;3.21;9.22;1.92;1.85;0.133;52;13.88;6.85;4.18;0.73;2.29;5.03;139.4;105.8;19;4.6;10.1;1.18;0.33;0.14;0.2;0.4;0.4;0.077;48;4.95;2.26;1.6;0.3;0.92;4.18;128.6;108.4;10;1.8;8.4;0.11;0.19;0.04;0.05
10;100;0;0;100;16.85;3.48;9.84;2.03;1.95;0.135;51;14.39;7.18;4.34;0.73;2.42;5.34;139.7;106.2;18;4.8;10.7;1.19;0.41;0.14;0.2;0.51;0.49;0.084;49;5.73;2.67;1.78;0.32;1.07;4.5;134.1;108;14.9;2.1;9;0.12;0.27;0.05;0.06
10;100;0;50;0;19.39;3.53;9.68;1.85;1.83;0.13;57.6;14.11;6.87;4.24;0.73;2.4;5.2;141.7;103;23.6;4.8;10.4;1.16;0.32;0.15;0.19;0.41;0.42;0.071;42.4;5.73;2.68;1.77;0.33;1.13;4.49;104.2;83.3;9.6;2.3;9;0.19;0.12;0.04;0.06
10;100;0;50;50;19.44;3.83;11.08;1.96;1.92;0.131;57.3;14.69;7.17;4.44;0.74;2.44;6.01;142.3;102.8;22.6;4.9;12;1.16;0.41;0.14;0.2;0.6;0.58;0.075;42.7;7.63;3.44;2.48;0.42;1.39;5.07;106.1;83.4;9.7;2.8;10.1;0.26;0.19;0.06;0.08
10;100;0;50;100;19.46;4.31;12.73;2.13;2.13;0.136;55.5;15.71;7.59;4.77;0.86;2.57;6.84;142.2;101.3;22;5.1;13.7;1.16;0.59;0.15;0.23;0.76;0.77;0.078;44.5;9.73;4.45;3.15;0.54;1.74;5.89;113.9;84.6;14.1;3.5;11.8;0.33;0.25;0.07;0.11
10;100;0;100;0;21.11;3.58;10.31;1.85;1.86;0.128;65;14.61;7.05;4.52;0.72;2.44;5.54;144.1;101.1;27.1;4.9;11.1;1.14;0.37;0.15;0.2;0.48;0.45;0.071;35;6.23;2.88;1.96;0.34;1.15;4.77;77.6;56.5;9.3;2.3;9.5;0.23;0.11;0.05;0.07
10;100;0;100;50;21.62;4.4;12.48;2.01;1.99;0.128;63.8;15.55;7.62;4.64;0.85;2.65;6.68;144.4;99.3;26.4;5.3;13.4;1.12;0.5;0.16;0.21;0.74;0.7;0.074;36.2;9.41;4.32;3;0.51;1.75;5.81;81.8;57.4;9.3;3.5;11.6;0.36;0.17;0.07;0.1
10;100;0;100;100;21.65;4.94;14.16;2.14;2.2;0.134;61.9;16.42;8.06;4.96;0.84;2.73;7.74;145;98.5;25.5;5.5;15.5;1.09;0.7;0.16;0.24;0.93;0.93;0.077;38.1;11.9;5.45;3.85;0.61;2.21;6.42;89.3;57.8;14.2;4.4;12.8;0.44;0.26;0.1;0.13
10;100;50;0;0;17.57;3.84;11.26;2.58;2.53;0.133;52.4;18.98;9.25;5.88;0.96;3.08;6.12;143.4;104.9;20.1;6.2;12.2;1.71;0.35;0.2;0.27;0.36;0.34;0.076;47.6;4.28;1.96;1.35;0.26;0.77;5.14;130;109.3;8.9;1.5;10.3;0.11;0.15;0.03;0.05
10;100;50;0;50;17.32;4.06;11.76;2.78;2.64;0.137;51.5;19.28;9.59;5.79;0.95;3.15;6.33;143.3;105.3;19;6.3;12.7;1.7;0.48;0.19;0.27;0.48;0.46;0.088;48.5;5.1;2.34;1.64;0.26;0.91;5.42;135.1;108.9;13.5;1.8;10.8;0.11;0.25;0.04;0.05
10;100;50;0;100;16.88;4.36;12.36;2.85;2.82;0.142;51.5;19.94;9.87;5.96;1.01;3.27;6.73;143.6;105.7;17.9;6.5;13.5;1.71;0.63;0.2;0.28;0.55;0.56;0.095;48.5;5.84;2.73;1.82;0.34;1.09;5.63;135.3;108.5;13.3;2.2;11.3;0.12;0.33;0.05;0.06
10;100;50;50;0;19.74;4.35;12.31;2.56;2.58;0.131;58;19.78;9.56;6.04;1.02;3.3;6.71;146.2;102.1;24;6.6;13.4;1.67;0.43;0.2;0.28;0.41;0.43;0.075;42;5.6;2.56;1.75;0.32;1.05;5.6;105.9;84;8.6;2.1;11.2;0.18;0.15;0.05;0.06
10;100;50;50;50;19.7;4.83;13.79;2.87;2.76;0.135;56.3;20.58;10.11;6.17;1.13;3.39;7.47;145.7;100.8;23.2;6.8;14.9;1.65;0.62;0.2;0.29;0.66;0.63;0.081;43.7;7.67;3.51;2.45;0.41;1.44;6.32;113;85;12.5;2.9;12.6;0.26;0.23;0.06;0.08
10;100;50;50;100;19.68;5.31;15.12;3.05;3.04;0.143;57.3;21.24;10.46;6.31;1.13;3.47;8.1;156;99.3;33.6;6.9;16.2;1.63;0.89;0.21;0.3;0.81;0.83;0.084;42.7;9.85;4.49;3.14;0.55;1.84;7.02;116.2;86.1;12.4;3.7;14;0.34;0.31;0.08;0.1
10;100;50;100;0;21.95;4.65;13.44;2.75;2.7;0.131;64.6;20.67;10.03;6.28;1.11;3.4;7.21;148.1;99.1;27.8;6.8;14.4;1.61;0.59;0.2;0.29;0.5;0.5;0.074;35.4;6.64;3.06;2.1;0.34;1.25;6.23;81;57.5;8.5;2.5;12.5;0.24;0.14;0.05;0.08
10;100;50;100;50;22.15;5.35;15.24;2.92;2.92;0.136;64.7;21.53;10.59;6.55;1.07;3.56;8.32;161.5;97;40.8;7.1;16.6;1.57;0.83;0.22;0.3;0.79;0.76;0.079;35.3;9.54;4.42;3;0.52;1.79;6.92;88.2;58.6;12.2;3.6;13.8;0.36;0.23;0.07;0.1
10;100;50;100;100;22.14;5.71;16.83;3.19;3.14;0.142;63.7;22.11;10.84;6.71;1.24;3.55;9.1;160.2;95.3;39.6;7.1;18.2;1.53;1.07;0.22;0.31;0.95;0.96;0.081;36.3;11.82;5.35;3.81;0.62;2.17;7.73;91.4;59.5;12.1;4.3;15.5;0.45;0.3;0.08;0.13
10;100;100;0;0;17.73;4.46;13.09;3.11;3.1;0.137;54;22.62;11.15;6.8;1.17;3.67;7.04;155.5;103.3;30.8;7.3;14.1;1.99;0.57;0.22;0.31;0.38;0.39;0.085;46;4.41;2.02;1.35;0.27;0.79;6.05;132.4;110.9;7.8;1.6;12.1;0.11;0.2;0.03;0.05
10;100;100;0;50;17.36;4.75;13.44;3.31;3.28;0.142;52.8;23.21;11.43;6.88;1.19;3.83;7.19;153.9;102.6;29.2;7.7;14.4;1.98;0.74;0.24;0.33;0.47;0.5;0.096;47.2;5.12;2.32;1.64;0.28;0.92;6.25;137.4;111.6;11.4;1.8;12.5;0.12;0.29;0.04;0.05
10;100;100;0;100;17.05;4.98;13.98;3.62;3.51;0.147;52.8;23.9;11.95;7.18;1.16;3.98;7.6;154.1;103;27.9;8;15.2;1.99;0.94;0.24;0.33;0.63;0.61;0.105;47.2;5.71;2.68;1.82;0.28;1;6.38;137.6;111.2;11.6;2;12.8;0.12;0.38;0.04;0.06
10;100;100;50;0;19.95;5.07;14.38;3.16;3.2;0.135;59.3;23.72;11.67;7.17;1.23;4.04;7.71;159.1;99.1;36.5;8.1;15.4;1.91;0.71;0.25;0.33;0.49;0.49;0.082;40.7;5.9;2.67;1.91;0.33;1.03;6.67;109.2;86.2;7.6;2.1;13.3;0.19;0.19;0.04;0.06
10;100;100;50;50;19.95;5.51;15.7;3.53;3.43;0.14;57.7;24.51;12.12;7.34;1.32;4.02;8.49;158.3;97.4;35.9;8;17;1.88;0.95;0.26;0.35;0.66;0.7;0.087;42.3;7.93;3.66;2.56;0.42;1.49;7.21;115.9;87.6;10.9;3;14.4;0.27;0.27;0.07;0.09
10;100;100;50;100;20.03;5.88;16.93;3.76;3.72;0.15;57.1;24.89;12.51;7.36;1.24;4.12;9.16;157.3;96.5;34.3;8.2;18.3;1.86;1.27;0.25;0.34;0.91;0.89;0.088;42.9;9.99;4.58;3.21;0.57;1.76;7.77;118.3;88.3;11;3.5;15.5;0.36;0.36;0.07;0.11
10;100;100;100;0;22.22;5.47;15.51;3.3;3.32;0.133;66.1;25.1;12.21;7.71;1.28;4.26;8.29;163.1;94.9;43;8.5;16.6;1.84;0.87;0.27;0.34;0.54;0.54;0.079;33.9;6.75;3.05;2.21;0.4;1.2;7.22;83.5;59.7;7;2.4;14.4;0.24;0.17;0.05;0.08
10;100;100;100;50;22.56;5.97;17.26;3.5;3.57;0.138;64.1;25.87;12.72;7.77;1.33;4.2;9.36;161.9;92.4;42.4;8.4;18.7;1.78;1.17;0.26;0.37;0.86;0.82;0.083;35.9;9.73;4.44;3.13;0.52;1.77;7.9;90.7;60.9;10.5;3.5;15.8;0.37;0.27;0.08;0.1
10;100;100;100;100;22.73;6.46;18.78;4.03;3.97;0.15;63.3;26.58;13.29;7.96;1.35;4.3;10.17;161.2;90.6;41.7;8.6;20.3;1.75;1.59;0.26;0.37;1.02;1.01;0.084;36.7;11.86;5.52;3.79;0.67;2.15;8.61;93.5;61.9;10.1;4.3;17.2;0.46;0.34;0.09;0.13
11;0;0;0;0;14.1;1.86;5.48;1.06;1.02;0.122;66.6;8.39;4.07;2.58;0.45;1.37;3;235.3;204.5;22.1;2.7;6;0.51;0.3;0.09;0.12;0.18;0.19;0.062;33.4;2.67;1.17;0.89;0.15;0.49;2.48;117.8;108.8;3;1;5;0.11;0.04;0.02;0.03
11;0;0;0;50;13.84;1.91;5.83;1.07;1.08;0.123;66.1;8.74;4.16;2.71;0.46;1.41;3.16;233;202.5;21.3;2.8;6.3;0.48;0.38;0.09;0.13;0.21;0.21;0.065;33.9;2.96;1.29;1;0.16;0.5;2.67;119.1;109.7;3.1;1;5.3;0.11;0.05;0.02;0.03
11;0;0;0;100;13.32;2.13;6.15;1.17;1.17;0.128;65.5;9.18;4.44;2.81;0.46;1.52;3.3;231.3;201.4;20.2;3;6.6;0.48;0.46;0.1;0.13;0.23;0.26;0.072;34.5;3.37;1.5;1.05;0.2;0.61;2.85;121.8;110.3;4.6;1.2;5.7;0.12;0.08;0.02;0.04
11;0;0;50;0;16.1;2.24;6.53;1.1;1.05;0.119;71.6;8.85;4.25;2.71;0.5;1.46;3.53;235.9;200.3;25.6;2.9;7.1;0.49;0.34;0.09;0.13;0.26;0.3;0.068;28.4;4.17;1.85;1.42;0.23;0.78;3;93.5;83;3;1.6;6;0.18;0.04;0.03;0.05
11;0;0;50;50;16.07;2.62;7.71;1.2;1.16;0.121;70.8;9.57;4.61;2.96;0.47;1.58;4.2;233.3;196.9;24.8;3.2;8.4;0.48;0.45;0.1;0.14;0.38;0.41;0.069;29.2;5.75;2.57;1.87;0.33;1.04;3.52;96.1;84.2;2.8;2.1;7;0.26;0.04;0.04;0.06
11;0;0;50;100;16.23;3.12;9.04;1.33;1.37;0.13;69.4;10.5;5.12;3.23;0.53;1.75;4.89;229.9;192.5;24.2;3.5;9.8;0.46;0.64;0.11;0.15;0.55;0.56;0.072;30.6;7.6;3.35;2.46;0.46;1.38;4.16;101.1;85.8;4.3;2.8;8.3;0.34;0.07;0.06;0.08
11;0;0;100;0;18.15;2.62;7.29;1.14;1.12;0.116;77.8;9.61;4.66;2.91;0.5;1.69;3.98;237.3;196.9;29.1;3.4;8;0.48;0.4;0.1;0.14;0.35;0.36;0.069;22.2;5.13;2.27;1.62;0.32;0.93;3.31;67.6;56.2;2.9;1.9;6.6;0.23;0.04;0.04;0.06
11;0;0;100;50;18.63;3.29;9.55;1.32;1.29;0.119;76.4;10.84;5.16;3.44;0.59;1.87;5.22;233.8;190.8;28.8;3.7;10.4;0.47;0.55;0.11;0.16;0.5;0.55;0.07;23.6;7.69;3.45;2.52;0.47;1.42;4.33;72;57.6;2.9;2.8;8.7;0.36;0.04;0.06;0.09
11;0;0;100;100;19.06;3.78;11.15;1.5;1.55;0.128;74.8;12.16;5.81;3.75;0.68;1.99;6.07;229.1;184.3;28.6;4;12.1;0.45;0.8;0.12;0.18;0.66;0.69;0.072;25.2;9.51;4.31;3.12;0.54;1.79;5.08;77.1;59.2;4.2;3.6;10.2;0.44;0.07;0.07;0.1
11;0;50;0;0;14.12;2.13;6.06;1.13;1.15;0.117;65.9;9.76;4.62;3.06;0.48;1.68;3.32;231.6;198.8;22.8;3.4;6.6;0.51;0.39;0.1;0.14;0.17;0.18;0.063;34.1;2.54;1.13;0.82;0.14;0.45;2.74;120;111.5;2.1;0.9;5.5;0.11;0.03;0.02;0.03
11;0;50;0;50;13.71;2.32;6.48;1.32;1.3;0.125;65.1;10.34;5.07;3.11;0.53;1.81;3.44;227.8;195.5;21.8;3.6;6.9;0.49;0.56;0.11;0.14;0.23;0.21;0.067;34.9;2.86;1.3;0.98;0.16;0.51;3.04;122.1;113.1;1.9;1;6.1;0.12;0.04;0.02;0.03
11;0;50;0;100;13.25;2.4;6.76;1.48;1.47;0.136;64.6;10.85;5.36;3.26;0.59;1.82;3.69;226.1;194.4;20.7;3.6;7.4;0.48;0.72;0.11;0.15;0.23;0.25;0.073;35.4;3.11;1.42;0.99;0.16;0.58;3.07;123.9;113.6;3;1.2;6.1;0.13;0.07;0.03;0.03
11;0;50;50;0;16.33;2.71;7.51;1.23;1.24;0.114;70.7;10.89;5.3;3.37;0.55;1.91;4.11;231.8;193.3;26.4;3.8;8.2;0.49;0.48;0.12;0.16;0.3;0.3;0.069;29.3;4.13;1.9;1.32;0.24;0.8;3.4;95.8;85.5;1.9;1.6;6.8;0.19;0.03;0.03;0.05
11;0;50;50;50;16.44;3.06;8.85;1.42;1.48;0.123;69.6;11.99;5.79;3.7;0.61;1.98;4.9;227.7;188.2;25.7;4;9.8;0.48;0.69;0.13;0.18;0.4;0.42;0.071;30.4;5.8;2.63;1.89;0.31;1.08;3.94;99.3;87.3;1.9;2.2;7.9;0.27;0.05;0.04;0.06
11;0;50;50;100;16.8;3.58;10.19;1.76;1.82;0.14;69.3;13.01;6.39;3.95;0.65;2.18;5.54;236;182;38.6;4.4;11.1;0.46;1.03;0.14;0.18;0.57;0.57;0.073;30.7;7.62;3.46;2.5;0.4;1.4;4.65;104.4;89.5;2.8;2.8;9.3;0.36;0.07;0.06;0.08
11;0;50;100;0;18.83;3.08;8.64;1.43;1.42;0.116;76.5;12.24;5.96;3.71;0.63;2.11;4.65;230.6;186.3;30.7;4.2;9.3;0.47;0.65;0.13;0.17;0.34;0.37;0.07;23.5;5.09;2.31;1.63;0.29;0.97;3.99;70.5;58.7;1.9;1.9;8;0.24;0.03;0.04;0.06
11;0;50;100;50;19.25;3.71;10.63;1.7;1.69;0.127;76.3;13.33;6.5;4.1;0.66;2.26;5.74;241.5;180;45.5;4.5;11.5;0.46;0.91;0.14;0.19;0.54;0.56;0.071;23.7;7.77;3.5;2.56;0.45;1.45;4.89;74.8;60.2;2;2.9;9.8;0.37;0.05;0.06;0.09
11;0;50;100;100;19.41;4.33;12.02;2.01;2.02;0.139;75;14.55;7.26;4.33;0.73;2.55;6.58;236.3;173.3;44.7;5.1;13.2;0.43;1.23;0.16;0.2;0.71;0.69;0.072;25;9.55;4.37;3.14;0.53;1.78;5.44;78.7;61.8;2.5;3.6;10.9;0.46;0.06;0.07;0.1
11;0;100;0;0;14.38;2.33;6.97;1.33;1.41;0.124;65.9;11.37;5.35;3.56;0.62;1.83;3.87;238.8;192.6;34.8;3.7;7.7;0.47;0.64;0.12;0.17;0.19;0.2;0.067;34.1;2.73;1.26;0.89;0.14;0.5;3.11;123.4;114.4;1.8;1;6.2;0.12;0.04;0.02;0.03
11;0;100;0;50;14.25;2.69;7.51;1.65;1.66;0.134;65.1;12.36;6.07;3.75;0.64;2.14;4.11;235.3;189;33.7;4.3;8.2;0.49;0.87;0.13;0.18;0.22;0.24;0.071;34.9;3;1.38;0.98;0.16;0.55;3.4;125.9;116.1;1.8;1.1;6.8;0.12;0.06;0.02;0.03
11;0;100;0;100;13.82;2.68;7.71;1.87;1.85;0.146;64.3;12.69;6.35;3.73;0.65;2.09;4.15;231.4;186.7;32.3;4.2;8.3;0.46;1.09;0.12;0.17;0.27;0.28;0.078;35.7;3.3;1.47;1.08;0.2;0.59;3.56;128.2;117.2;2.7;1.2;7.1;0.13;0.09;0.03;0.03
11;0;100;50;0;17.14;3.09;8.46;1.61;1.59;0.121;70.3;13.07;6.35;3.99;0.69;2.29;4.5;238.2;183.3;41.3;4.6;9;0.46;0.79;0.14;0.19;0.32;0.31;0.07;29.7;4.3;2.01;1.35;0.23;0.8;3.96;100.3;89;1.8;1.6;7.9;0.2;0.04;0.03;0.05
11;0;100;50;50;17.1;3.46;9.82;1.89;1.86;0.132;69.2;14.03;6.84;4.23;0.72;2.3;5.34;233.7;178.1;40.3;4.6;10.7;0.44;1.07;0.14;0.2;0.45;0.45;0.073;30.8;6.01;2.79;1.95;0.34;1.16;4.48;103.7;90.9;1.6;2.3;9;0.28;0.05;0.05;0.07
11;0;100;50;100;17.07;3.81;11.06;2.2;2.25;0.151;68;14.84;7.39;4.47;0.72;2.38;5.97;229.6;173.8;39.1;4.8;11.9;0.44;1.43;0.16;0.22;0.57;0.59;0.074;32;7.8;3.55;2.52;0.43;1.43;5.09;107.8;92.4;2.4;2.9;10.2;0.37;0.07;0.06;0.08
11;0;100;100;0;19.7;3.47;9.95;1.76;1.75;0.118;76.3;14.8;7.09;4.55;0.75;2.5;5.4;239.1;175.2;48.1;5;10.8;0.42;0.97;0.15;0.22;0.36;0.38;0.07;23.7;5.24;2.35;1.74;0.28;0.97;4.55;74;61.3;1.7;1.9;9.1;0.25;0.04;0.04;0.06
11;0;100;100;50;20.11;4.16;11.98;2.13;2.11;0.131;74.8;16.13;7.94;4.83;0.81;2.69;6.49;233.7;167.9;47.5;5.4;13;0.42;1.3;0.16;0.23;0.58;0.59;0.072;25.2;8.1;3.59;2.66;0.46;1.47;5.49;78.6;63.1;1.6;2.9;11;0.39;0.05;0.06;0.09
11;0;100;100;100;20.2;4.68;13.5;2.57;2.64;0.151;73.4;17.48;8.6;5.27;0.91;2.86;7.3;229;162;46.6;5.7;14.6;0.43;1.79;0.19;0.24;0.7;0.74;0.073;26.6;10.04;4.51;3.23;0.52;1.82;6.2;82.6;64.5;2.1;3.6;12.4;0.49;0.07;0.08;0.11
11;50;0;0;0;15.64;2.5;7.13;1.51;1.51;0.133;61.3;11.41;5.62;3.46;0.56;1.91;3.9;190.2;157;21.5;3.8;7.8;0.94;0.29;0.12;0.16;0.24;0.24;0.068;38.7;3.24;1.48;1.04;0.19;0.59;3.23;120.1;106.6;5.9;1.2;6.5;0.11;0.07;0.02;0.04
11;50;0;0;50;15.45;2.67;7.52;1.56;1.56;0.133;61;11.69;5.71;3.56;0.61;1.91;4.04;189.4;156.9;20.6;3.8;8.1;0.91;0.37;0.12;0.17;0.33;0.29;0.07;39;3.84;1.83;1.2;0.2;0.76;3.48;121.3;106.6;6.2;1.5;7;0.11;0.1;0.03;0.04
11;50;0;0;100;15.08;2.91;8;1.69;1.67;0.136;60.3;12.29;6.11;3.69;0.59;2.14;4.33;189.1;156.5;19.6;4.3;8.7;0.93;0.45;0.13;0.17;0.36;0.35;0.078;39.7;4.26;1.96;1.35;0.24;0.77;3.67;124.6;106.9;8.9;1.5;7.3;0.12;0.15;0.03;0.05
11;50;0;50;0;17.81;2.85;8.22;1.58;1.55;0.129;66.6;11.98;5.84;3.71;0.59;2.01;4.45;191.9;154;25;4;8.9;0.91;0.34;0.12;0.17;0.31;0.34;0.07;33.4;4.67;2.03;1.53;0.27;0.84;3.78;96.4;81.3;5.9;1.7;7.6;0.18;0.07;0.04;0.05
11;50;0;50;50;17.91;3.23;9.61;1.6;1.65;0.131;65.9;12.66;6.07;3.95;0.67;2.07;5.19;191.3;152.4;24.4;4.1;10.4;0.9;0.45;0.12;0.18;0.42;0.46;0.071;34.1;6.4;2.81;2.14;0.33;1.16;4.42;99.1;82;5.9;2.3;8.8;0.25;0.1;0.05;0.07
11;50;0;50;100;17.92;3.79;10.88;1.82;1.83;0.137;64.4;13.39;6.63;4.03;0.69;2.26;5.91;189.5;149.4;23.8;4.5;11.8;0.87;0.63;0.14;0.19;0.58;0.63;0.075;35.6;8.28;3.71;2.73;0.46;1.52;4.97;104.9;83.4;8.5;3;9.9;0.33;0.15;0.06;0.09
11;50;0;100;0;19.8;3.21;9;1.62;1.59;0.127;73.3;12.52;6.09;3.86;0.63;2.16;4.92;194.6;151.9;28.6;4.3;9.8;0.9;0.38;0.13;0.18;0.39;0.4;0.07;26.7;5.53;2.55;1.8;0.29;1.05;4.08;71;54.9;5.8;2.1;8.2;0.23;0.07;0.04;0.06
11;50;0;100;50;20.05;3.76;10.9;1.74;1.74;0.128;71.8;13.66;6.55;4.22;0.72;2.22;5.87;191.5;147;28.3;4.4;11.7;0.87;0.54;0.14;0.19;0.58;0.58;0.071;28.2;8.12;3.73;2.56;0.46;1.54;5.03;75;56.5;5.4;3.1;10.1;0.35;0.09;0.07;0.09
11;50;0;100;100;20.44;4.33;12.37;1.98;1.99;0.134;70.1;14.89;7.29;4.45;0.77;2.52;6.78;189.7;143.2;27.9;5;13.6;0.84;0.79;0.16;0.21;0.71;0.76;0.074;29.9;10.13;4.55;3.28;0.58;1.81;5.59;80.6;57.7;8.2;3.6;11.2;0.43;0.14;0.08;0.11
11;50;50;0;0;15.66;3.11;8.56;2;1.94;0.133;61.1;14.64;7.14;4.39;0.78;2.46;4.7;191.2;155.3;21.6;4.9;9.4;1.21;0.37;0.15;0.21;0.22;0.25;0.071;38.9;3.22;1.48;1.05;0.18;0.64;3.86;121.6;107.7;4.9;1.3;7.7;0.11;0.08;0.03;0.03
11;50;50;0;50;15.45;3.24;9.3;2.12;2.13;0.137;60.7;15.54;7.65;4.65;0.8;2.56;5.13;190.1;153.6;21.1;5.1;10.3;1.21;0.53;0.16;0.23;0.27;0.29;0.075;39.3;3.7;1.7;1.21;0.2;0.68;4.17;123.1;108.7;4.7;1.4;8.3;0.12;0.11;0.02;0.04
11;50;50;0;100;15.17;3.45;9.71;2.3;2.28;0.143;59.6;15.95;7.93;4.74;0.81;2.64;5.26;188;152;20.2;5.3;10.5;1.18;0.71;0.16;0.23;0.36;0.37;0.086;40.4;4.2;1.96;1.34;0.24;0.81;4.45;127.4;109.7;7.2;1.6;8.9;0.12;0.17;0.03;0.04
11;50;50;50;0;18.11;3.52;10.17;2.09;2.03;0.129;66;15.8;7.66;4.87;0.85;2.59;5.56;192.1;150.4;25.5;5.2;11.1;1.18;0.46;0.16;0.23;0.32;0.35;0.072;34;4.74;2.19;1.51;0.26;0.94;4.62;99;83;4.9;1.9;9.2;0.19;0.08;0.03;0.05
11;50;50;50;50;18.07;3.95;11.34;2.25;2.21;0.134;65;16.52;8.05;5.02;0.88;2.69;6.22;190;147.3;24.9;5.4;12.4;1.14;0.66;0.17;0.24;0.49;0.5;0.075;35;6.59;3.01;2.11;0.34;1.25;5.12;101.9;84.4;4.8;2.5;10.2;0.26;0.12;0.06;0.07
11;50;50;50;100;17.98;4.45;12.7;2.51;2.53;0.146;65.1;17.43;8.68;5.2;0.93;2.89;6.88;200.2;144.7;36;5.8;13.8;1.15;0.95;0.19;0.24;0.63;0.67;0.078;34.9;8.44;3.84;2.73;0.47;1.56;5.82;107.4;85.7;6.9;3.1;11.6;0.35;0.17;0.06;0.09
11;50;50;100;0;20.07;3.98;11.1;2.2;2.2;0.129;72.1;16.98;8.28;5.15;0.86;2.89;5.99;192.2;145.1;29.4;5.8;12;1.14;0.62;0.18;0.25;0.43;0.43;0.072;27.9;5.81;2.62;1.91;0.32;1.09;5.11;74.1;57.1;4.6;2.2;10.2;0.24;0.08;0.04;0.06
11;50;50;100;50;20.73;4.53;12.99;2.46;2.45;0.135;72.4;18.16;8.86;5.46;0.99;3.01;7.08;204.6;140.1;44.3;6;14.2;1.1;0.9;0.19;0.27;0.62;0.61;0.073;27.6;8.23;3.81;2.64;0.46;1.52;5.91;77.8;58.6;4.3;3;11.8;0.36;0.1;0.06;0.09
11;50;50;100;100;20.91;4.86;14.55;2.74;2.73;0.144;70.8;19.02;9.32;5.73;1.03;3;7.92;202;136.9;43.3;6;15.8;1.09;1.19;0.19;0.27;0.76;0.78;0.075;29.2;10.25;4.58;3.36;0.57;1.86;6.63;83.2;59.6;6.5;3.7;13.3;0.45;0.16;0.07;0.1
11;50;100;0;0;16.02;3.68;10.63;2.66;2.59;0.138;61.6;18.85;9.29;5.67;1.02;3.08;5.82;201.7;150.4;33.6;6.2;11.6;1.49;0.64;0.19;0.27;0.26;0.27;0.075;38.4;3.27;1.55;0.99;0.2;0.61;4.81;125.5;110.8;3.9;1.2;9.6;0.11;0.1;0.03;0.04
11;50;100;0;50;15.75;3.89;10.98;2.82;2.79;0.144;60.7;19.4;9.56;5.81;1.06;3.24;5.91;199.5;148.7;32.5;6.5;11.8;1.48;0.83;0.2;0.27;0.31;0.33;0.084;39.3;3.71;1.7;1.15;0.25;0.65;5.07;129;111.8;5.7;1.3;10.1;0.12;0.14;0.03;0.04
11;50;100;0;100;15.14;3.97;11.4;2.93;2.97;0.151;60.4;19.75;9.88;5.89;0.99;3.24;6.15;197.8;148.7;30.3;6.5;12.3;1.48;1.02;0.19;0.28;0.41;0.39;0.092;39.6;4.14;1.98;1.27;0.21;0.73;5.25;129.6;111.8;5.8;1.5;10.5;0.13;0.19;0.03;0.05
11;50;100;50;0;18.46;4.25;12.12;2.71;2.7;0.135;66.5;20.12;9.92;6.11;1.04;3.38;6.52;203.6;143.9;39.8;6.8;13;1.43;0.78;0.2;0.29;0.34;0.37;0.075;33.5;4.79;2.13;1.56;0.29;0.88;5.59;102.7;86;3.7;1.8;11.2;0.19;0.09;0.04;0.05
11;50;100;50;50;18.38;4.58;13.24;2.99;2.94;0.142;65.2;20.77;10.25;6.29;1.02;3.36;7.24;200.9;141.4;38.4;6.7;14.5;1.41;1.02;0.21;0.3;0.5;0.52;0.078;34.8;6.52;2.99;2.12;0.35;1.22;6;107;87.2;5.3;2.4;12;0.27;0.13;0.05;0.07
11;50;100;50;100;18.5;5.06;14.39;3.31;3.31;0.154;64.3;21.54;10.62;6.38;1.09;3.52;7.89;198.7;137.7;38.2;7;15.8;1.37;1.42;0.22;0.3;0.66;0.68;0.08;35.7;8.37;3.86;2.71;0.45;1.55;6.49;110.1;89;5.1;3.1;13;0.35;0.17;0.06;0.1
11;50;100;100;0;20.9;4.67;13.15;2.83;2.84;0.132;72.8;21.54;10.5;6.63;1.08;3.62;7.14;206.2;138.4;46.3;7.2;14.3;1.38;0.93;0.22;0.31;0.42;0.43;0.075;27.2;5.64;2.53;1.84;0.3;1.05;6.01;76.9;59.2;3.6;2.1;12;0.24;0.09;0.05;0.06
11;50;100;100;50;21.14;5.25;15.08;3.19;3.11;0.139;71;22.37;11.12;6.65;1.16;3.65;8.26;202.7;133.3;45.6;7.3;16.5;1.32;1.25;0.22;0.33;0.61;0.65;0.076;29;8.4;3.83;2.73;0.47;1.6;6.83;82.5;60.8;4.9;3.2;13.7;0.38;0.12;0.06;0.09
11;50;100;100;100;21.51;5.64;16.49;3.5;3.57;0.153;69.9;23.31;11.53;6.97;1.23;3.71;8.96;200.2;129.8;45.1;7.4;17.9;1.29;1.72;0.23;0.32;0.81;0.81;0.078;30.1;10.32;4.79;3.29;0.54;1.93;7.53;85.8;61.9;5;3.9;15.1;0.46;0.16;0.08;0.11
11;100;0;0;0;17.51;3.12;8.67;1.92;1.93;0.138;53.7;14.05;6.96;4.17;0.72;2.39;4.71;142.3;106.9;21.2;4.8;9.4;1.3;0.29;0.14;0.2;0.28;0.29;0.07;46.3;3.86;1.72;1.27;0.23;0.73;3.97;122.9;104.4;9.1;1.5;7.9;0.1;0.11;0.03;0.04
11;100;0;0;50;17.09;3.15;9.28;1.98;2;0.139;53.6;14.41;7;4.41;0.75;2.32;5.07;142.2;107.5;20;4.6;10.1;1.29;0.35;0.14;0.21;0.38;0.37;0.077;46.4;4.67;2.12;1.54;0.25;0.83;4.21;123;103.8;9.1;1.7;8.4;0.11;0.17;0.04;0.05
11;100;0;0;100;16.85;3.33;9.96;2.17;2.11;0.141;52.7;15.05;7.38;4.68;0.79;2.39;5.45;142.5;107.9;18.9;4.8;10.9;1.31;0.44;0.15;0.22;0.48;0.45;0.084;47.3;5.3;2.39;1.69;0.33;0.93;4.51;128.1;103.4;13.8;1.9;9;0.11;0.25;0.04;0.06
11;100;0;50;0;19.57;3.33;9.63;1.95;1.96;0.135;59.4;14.55;6.96;4.48;0.74;2.36;5.28;145;105;24.7;4.7;10.6;1.27;0.34;0.15;0.2;0.37;0.38;0.071;40.6;5.14;2.38;1.63;0.28;0.97;4.35;99.2;79.5;9;1.9;8.7;0.17;0.11;0.04;0.06
11;100;0;50;50;19.58;3.8;11.1;2.09;2.04;0.136;58.8;15.06;7.45;4.55;0.78;2.48;6.04;145.2;104.4;23.8;5;12.1;1.25;0.43;0.15;0.21;0.56;0.55;0.075;41.2;7.29;3.26;2.41;0.43;1.31;5.06;101.7;80;9;2.6;10.1;0.25;0.17;0.05;0.08
11;100;0;50;100;19.7;4.34;12.37;2.26;2.2;0.141;57;15.66;7.76;4.71;0.8;2.61;6.62;144.9;103.5;23;5.2;13.2;1.22;0.6;0.16;0.22;0.73;0.74;0.078;43;9.38;4.31;3.01;0.52;1.73;5.75;109.2;80.6;13.6;3.5;11.5;0.32;0.25;0.07;0.1
11;100;0;100;0;21.43;3.6;10.39;2.01;2;0.132;66.6;15.13;7.38;4.66;0.77;2.47;5.75;147.9;103.3;28.2;4.9;11.5;1.23;0.39;0.16;0.22;0.43;0.44;0.071;33.4;6.03;2.79;1.91;0.33;1.14;4.65;74.2;53.9;8.7;2.3;9.3;0.22;0.11;0.05;0.07
11;100;0;100;50;21.59;4.22;12.41;2.09;2.12;0.133;65.5;16.04;7.74;4.92;0.88;2.64;6.76;147.5;101.3;27.4;5.3;13.5;1.21;0.52;0.16;0.24;0.65;0.66;0.074;34.5;8.85;3.91;2.91;0.49;1.58;5.66;77.8;54.9;8.5;3.2;11.3;0.34;0.16;0.07;0.1
11;100;0;100;100;21.73;4.89;14.08;2.37;2.37;0.138;63.2;17.17;8.44;5.16;0.95;2.86;7.62;146.7;99.1;26.6;5.7;15.2;1.19;0.75;0.19;0.25;0.84;0.86;0.076;36.8;11.18;5.03;3.67;0.63;2.03;6.46;85.4;55.9;12.5;4.1;12.9;0.43;0.23;0.08;0.12
11;100;50;0;0;17.87;3.89;11.16;2.65;2.63;0.139;53.9;18.97;9.33;5.73;0.98;3.12;6;146;106.6;21.2;6.2;12;1.8;0.37;0.19;0.27;0.34;0.32;0.074;46.1;4.07;1.87;1.33;0.23;0.77;5.16;124.9;104.7;8.4;1.5;10.3;0.1;0.14;0.03;0.05
11;100;50;0;50;17.31;4.28;11.69;2.91;2.87;0.143;53.1;20.07;10.02;5.94;1.05;3.37;6.39;146.2;106.6;20.1;6.7;12.8;1.86;0.51;0.22;0.28;0.38;0.42;0.087;46.9;4.7;2.18;1.46;0.26;0.91;5.29;129.2;104.7;12.1;1.8;10.6;0.11;0.22;0.04;0.05
11;100;50;0;100;17.15;4.36;12.23;3.11;3;0.147;53;20.45;10.2;6.12;0.99;3.38;6.72;146.2;106.7;19.3;6.8;13.4;1.83;0.68;0.2;0.29;0.52;0.51;0.094;47;5.36;2.51;1.71;0.31;0.98;5.52;129.8;104.6;12.2;2;11;0.11;0.31;0.04;0.06
11;100;50;50;0;19.83;4.39;12.29;2.78;2.75;0.136;59.4;20.22;9.93;6.09;1.03;3.37;6.62;148.6;103.8;24.9;6.7;13.2;1.8;0.45;0.22;0.28;0.4;0.41;0.075;40.6;5.41;2.49;1.73;0.32;1.02;5.67;101.7;80.4;8;2;11.3;0.18;0.14;0.04;0.06
11;100;50;50;50;19.96;4.85;13.61;2.94;2.91;0.14;57.8;20.87;10.28;6.26;1.05;3.48;7.42;148.3;102.3;24.2;7;14.8;1.75;0.65;0.22;0.29;0.59;0.6;0.08;42.2;7.28;3.36;2.28;0.4;1.37;6.2;108.4;81.4;11.8;2.7;12.4;0.25;0.22;0.05;0.07
11;100;50;50;100;19.75;5.19;14.91;3.27;3.2;0.148;59.1;21.63;10.67;6.43;1.13;3.44;8.14;159.4;101.2;35;6.9;16.3;1.76;0.92;0.22;0.3;0.78;0.78;0.083;40.9;9.31;4.32;2.89;0.5;1.75;6.77;110.5;82.3;11.2;3.5;13.5;0.33;0.28;0.07;0.1
11;100;50;100;0;22.03;4.64;13.29;2.83;2.84;0.136;65.9;21;10.18;6.38;1.09;3.45;7.13;150.4;100.5;28.7;6.9;14.3;1.73;0.61;0.21;0.29;0.47;0.48;0.074;34.1;6.31;2.87;1.99;0.34;1.19;6.16;77.7;55.2;7.8;2.4;12.3;0.23;0.13;0.05;0.07
11;100;50;100;50;22.35;5.39;15.19;3.13;3.11;0.14;65.8;22.19;11;6.62;1.14;3.68;8.25;163.9;97.5;42.6;7.4;16.5;1.68;0.88;0.23;0.32;0.72;0.73;0.079;34.2;9.15;4.15;3.02;0.49;1.71;6.94;85;56.7;11;3.4;13.9;0.35;0.21;0.07;0.1
11;100;50;100;100;22.37;5.79;16.86;3.35;3.35;0.146;65;22.94;11.35;6.87;1.15;3.74;9.16;163.4;96.1;41.5;7.5;18.3;1.66;1.14;0.22;0.33;0.87;0.91;0.08;35;11.25;5.06;3.69;0.61;2.05;7.7;87.8;57.3;11;4.1;15.4;0.43;0.28;0.08;0.13
11;100;100;0;0;17.95;4.57;13.25;3.3;3.35;0.142;55.6;23.58;11.66;7.11;1.17;3.86;7.2;159.3;104.3;32.9;7.7;14.4;2.16;0.61;0.24;0.34;0.34;0.35;0.083;44.4;4.03;1.79;1.33;0.25;0.71;6.06;127.2;106.9;6.8;1.4;12.1;0.11;0.17;0.03;0.05
11;100;100;0;50;17.58;4.74;13.46;3.62;3.49;0.147;54.5;23.77;11.9;7.04;1.17;3.89;7.29;157.4;104.3;30.8;7.8;14.6;2.14;0.79;0.24;0.32;0.46;0.47;0.096;45.5;4.77;2.27;1.46;0.29;0.85;6.18;131.6;106.9;10.6;1.7;12.4;0.11;0.27;0.04;0.05
11;100;100;0;100;16.97;4.95;13.99;3.68;3.7;0.152;54.4;24.29;12.16;7.17;1.25;4;7.63;157;104.3;29.5;8;15.3;2.14;0.98;0.24;0.34;0.56;0.54;0.102;45.6;5.19;2.48;1.61;0.28;0.94;6.37;131.6;106.8;10.1;1.9;12.7;0.11;0.33;0.04;0.06
11;100;100;50;0;20.16;5.1;14.36;3.31;3.39;0.14;60.7;24.34;11.9;7.35;1.26;4.02;7.75;162.1;100.1;38.5;8;15.5;2.05;0.75;0.25;0.34;0.46;0.46;0.08;39.3;5.57;2.59;1.81;0.27;1.07;6.62;105.1;83;6.7;2.1;13.2;0.19;0.17;0.04;0.06
11;100;100;50;50;20.14;5.43;15.6;3.7;3.65;0.145;59.5;25.19;12.54;7.49;1.25;4.11;8.57;162;99.4;37.3;8.2;17.1;2.05;0.99;0.26;0.35;0.58;0.64;0.086;40.5;7.38;3.3;2.41;0.43;1.32;7.03;110.2;83.6;9.9;2.6;14.1;0.26;0.25;0.06;0.08
11;100;100;50;100;20.16;5.84;17.04;3.93;3.97;0.155;58.6;25.71;12.82;7.74;1.3;4.2;9.18;160.7;97.5;36.4;8.4;18.4;2.01;1.35;0.26;0.35;0.83;0.82;0.088;41.4;9.3;4.25;3.03;0.55;1.64;7.86;113.4;84.9;9.6;3.3;15.7;0.33;0.32;0.06;0.1
11;100;100;100;0;22.52;5.41;15.59;3.55;3.52;0.137;67.6;25.73;12.64;7.8;1.37;4.26;8.48;167.1;96.6;44.9;8.5;17;2;0.9;0.27;0.35;0.47;0.51;0.079;32.4;6.29;2.9;2.03;0.34;1.15;7.1;80;57.1;6.4;2.3;14.2;0.23;0.16;0.05;0.07
11;100;100;100;50;22.78;6.04;17.19;3.81;3.77;0.143;65.3;26.47;13;7.93;1.41;4.34;9.27;164.5;93;44.3;8.7;18.5;1.91;1.21;0.27;0.38;0.75;0.75;0.081;34.7;9.05;4.15;2.9;0.48;1.7;7.91;87.2;58.8;9.2;3.4;15.8;0.36;0.22;0.07;0.09
11;100;100;100;100;22.66;6.58;18.77;4.17;4.17;0.154;64.5;27.1;13.66;7.99;1.43;4.45;10.22;163.6;91.7;42.6;8.9;20.4;1.87;1.64;0.28;0.38;0.95;0.98;0.084;35.5;11.58;5.31;3.72;0.67;2.13;8.55;89.9;59.4;9.2;4.3;17.1;0.45;0.31;0.09;0.13
12;0;0;0;0;14.2;1.92;5.32;1.03;1.05;0.125;68.2;8.46;4.08;2.58;0.44;1.46;2.92;240.1;208;23.3;2.9;5.8;0.52;0.31;0.1;0.12;0.17;0.17;0.06;31.8;2.46;1.08;0.81;0.14;0.45;2.41;111.7;103.8;2.2;0.9;4.8;0.1;0.03;0.02;0.02
12;0;0;0;50;13.72;1.97;5.74;1.16;1.14;0.127;67.8;8.96;4.4;2.73;0.47;1.48;3.17;238.1;206.8;22;3;6.3;0.52;0.39;0.1;0.13;0.18;0.19;0.063;32.2;2.73;1.25;0.86;0.15;0.5;2.57;112.7;104.3;2.3;1;5.1;0.11;0.03;0.02;0.03
12;0;0;0;100;13.5;2.12;6.08;1.27;1.24;0.13;67.2;9.54;4.65;2.89;0.5;1.57;3.31;235.8;204.6;21.5;3.1;6.6;0.52;0.49;0.1;0.13;0.24;0.22;0.067;32.8;2.92;1.35;0.94;0.13;0.55;2.77;115.1;105.3;3.2;1.1;5.5;0.12;0.05;0.02;0.03
12;0;0;50;0;16.23;2.29;6.43;1.16;1.1;0.121;73.1;9.07;4.43;2.73;0.49;1.57;3.53;240.6;203.9;26.4;3.1;7.1;0.51;0.36;0.09;0.13;0.26;0.27;0.066;26.9;3.88;1.73;1.3;0.19;0.72;2.89;88.5;79.1;2.1;1.4;5.8;0.18;0.03;0.03;0.04
12;0;0;50;50;16.41;2.71;7.71;1.22;1.24;0.124;72.2;9.96;4.83;3.09;0.49;1.7;4.19;238.1;200.4;26;3.4;8.4;0.52;0.47;0.11;0.14;0.38;0.38;0.068;27.8;5.39;2.44;1.75;0.29;1.01;3.51;91.6;80.3;2.3;2;7;0.25;0.04;0.04;0.05
12;0;0;50;100;16.37;3.22;9.05;1.41;1.47;0.133;70.9;11.05;5.45;3.31;0.58;1.92;4.92;234.4;195.3;25.5;3.8;9.8;0.51;0.68;0.12;0.15;0.51;0.52;0.071;29.1;7.15;3.19;2.35;0.41;1.31;4.14;96;82;3.1;2.6;8.3;0.33;0.05;0.06;0.07
12;0;0;100;0;18.25;2.59;7.3;1.19;1.19;0.119;79.1;10.01;4.82;3.1;0.46;1.75;4.03;242.4;200.6;30.2;3.5;8.1;0.51;0.42;0.11;0.15;0.32;0.33;0.068;20.9;4.73;2.11;1.56;0.28;0.84;3.27;63.7;53.4;2.1;1.7;6.5;0.22;0.03;0.03;0.05
12;0;0;100;50;18.88;3.18;9.07;1.35;1.36;0.121;77.8;11.24;5.42;3.43;0.6;1.91;4.93;237.8;193.7;30.3;3.8;9.9;0.5;0.57;0.13;0.16;0.48;0.48;0.069;22.2;6.82;3.15;2.21;0.36;1.27;4.13;67.7;54.9;2;2.5;8.3;0.33;0.03;0.05;0.07
12;0;0;100;100;18.97;3.73;10.74;1.65;1.59;0.13;76.3;12.29;6.01;3.68;0.62;2.03;5.96;233.1;187.8;29.3;4.1;11.9;0.48;0.82;0.12;0.17;0.61;0.64;0.07;23.7;9.01;4;2.97;0.52;1.7;4.79;72.3;56.2;3.1;3.4;9.6;0.43;0.05;0.07;0.09
12;0;50;0;0;14.48;2.17;6;1.25;1.19;0.12;67.3;9.91;4.92;2.95;0.49;1.71;3.25;236.2;202.6;23.7;3.4;6.5;0.53;0.41;0.11;0.14;0.2;0.19;0.063;32.7;2.6;1.2;0.81;0.15;0.46;2.76;114.5;106.2;1.9;0.9;5.5;0.11;0.03;0.02;0.03
12;0;50;0;50;14.29;2.35;6.6;1.41;1.38;0.128;66.6;10.75;5.25;3.29;0.56;1.85;3.63;233;199.1;23;3.7;7.3;0.52;0.59;0.11;0.16;0.2;0.2;0.065;33.4;2.74;1.26;0.86;0.16;0.5;2.97;116.5;107.7;1.9;1;5.9;0.12;0.04;0.02;0.02
12;0;50;0;100;13.6;2.45;6.85;1.53;1.53;0.138;66;11.11;5.46;3.39;0.55;1.83;3.73;230.5;197.8;21.5;3.7;7.5;0.51;0.76;0.11;0.16;0.27;0.24;0.073;34;3.04;1.46;0.95;0.15;0.61;3.13;118.5;108.2;2.8;1.2;6.3;0.12;0.07;0.02;0.03
12;0;50;50;0;16.62;2.59;7.48;1.27;1.3;0.116;72.1;11.16;5.27;3.5;0.59;1.85;4.12;236.4;197.1;27.4;3.7;8.2;0.52;0.49;0.12;0.17;0.28;0.28;0.068;27.9;3.94;1.75;1.26;0.22;0.74;3.37;91.3;81.4;1.7;1.5;6.7;0.18;0.03;0.03;0.04
12;0;50;50;50;16.78;3.04;8.89;1.5;1.53;0.125;70.9;12.25;5.95;3.72;0.65;1.97;4.9;232;191.3;26.9;3.9;9.8;0.5;0.72;0.13;0.18;0.34;0.4;0.07;29.1;5.55;2.48;1.81;0.32;1.07;3.99;95;83.3;1.6;2.1;8;0.26;0.04;0.05;0.05
12;0;50;50;100;16.98;3.47;10.03;1.86;1.85;0.141;70.7;13.1;6.42;3.91;0.7;2.13;5.51;240.4;185.4;39.7;4.3;11;0.47;1.05;0.14;0.19;0.52;0.53;0.072;29.3;7.26;3.31;2.4;0.37;1.34;4.51;99.5;85.2;2.6;2.7;9;0.34;0.06;0.05;0.07
12;0;50;100;0;19.1;3.06;8.59;1.45;1.47;0.118;77.8;12.4;5.97;3.79;0.64;2.16;4.73;235.3;190;31.5;4.3;9.5;0.5;0.66;0.13;0.18;0.32;0.34;0.068;22.2;4.86;2.13;1.62;0.27;0.89;3.85;66.9;55.7;1.7;1.8;7.7;0.23;0.03;0.04;0.05
12;0;50;100;50;19.75;3.74;10.48;1.78;1.78;0.128;77.4;13.89;6.83;4.13;0.7;2.4;5.71;245.6;182;47.4;4.8;11.4;0.47;0.97;0.15;0.2;0.51;0.52;0.07;22.6;7.28;3.21;2.44;0.41;1.35;4.78;71.4;57.5;1.7;2.7;9.6;0.35;0.04;0.06;0.07
12;0;50;100;100;19.63;4.26;11.91;2.08;2.1;0.14;76.1;14.96;7.38;4.49;0.77;2.51;6.45;240.4;176.4;46.1;5;12.9;0.46;1.27;0.16;0.21;0.64;0.67;0.071;23.9;9.24;4.27;2.91;0.52;1.75;5.46;75.4;58.7;2.2;3.5;10.9;0.45;0.05;0.07;0.09
12;0;100;0;0;14.96;2.51;7.06;1.49;1.5;0.126;67.3;11.9;5.82;3.65;0.62;2.03;3.86;243.7;195.6;36.3;4.1;7.7;0.52;0.68;0.14;0.17;0.22;0.19;0.065;32.7;2.64;1.22;0.85;0.14;0.48;3.2;118.4;109.2;1.9;1;6.4;0.11;0.04;0.02;0.03
12;0;100;0;50;14.49;2.61;7.41;1.73;1.72;0.137;66.6;12.64;6.2;3.81;0.69;2.09;4.12;239.4;192.1;34.9;4.2;8.2;0.51;0.9;0.13;0.19;0.23;0.22;0.069;33.4;2.82;1.28;0.9;0.15;0.53;3.29;120.1;110.7;1.7;1.1;6.6;0.12;0.05;0.02;0.03
12;0;100;0;100;14.13;2.74;7.67;2;1.94;0.148;65.7;13.15;6.62;3.9;0.62;2.13;4.2;235.6;189.5;33.4;4.3;8.4;0.49;1.13;0.13;0.19;0.23;0.27;0.078;34.3;3.17;1.45;0.97;0.2;0.61;3.48;122.6;111.9;2.6;1.2;7;0.13;0.08;0.03;0.03
12;0;100;50;0;17.66;3.08;8.7;1.73;1.67;0.123;71.6;13.61;6.67;4.15;0.69;2.25;4.72;243.2;186.3;43;4.5;9.4;0.49;0.84;0.15;0.19;0.27;0.3;0.07;28.4;4.16;1.88;1.37;0.26;0.82;3.98;96.2;84.9;1.7;1.6;8;0.19;0.04;0.04;0.04
12;0;100;50;50;17.56;3.55;9.83;1.99;1.91;0.134;70.6;14.29;7.09;4.29;0.7;2.4;5.37;238.8;181.7;41.5;4.8;10.7;0.46;1.11;0.15;0.2;0.45;0.43;0.072;29.4;5.85;2.71;1.87;0.29;1.15;4.46;99.3;86.4;1.7;2.3;8.9;0.27;0.06;0.05;0.06
12;0;100;50;100;17.65;3.92;11.19;2.42;2.36;0.153;69.3;15.42;7.76;4.54;0.79;2.53;6.13;234.2;176.1;40.8;5.1;12.3;0.47;1.51;0.15;0.23;0.55;0.56;0.073;30.7;7.53;3.41;2.44;0.42;1.4;5.06;103.5;88.2;2.4;2.8;10.1;0.36;0.07;0.05;0.07
12;0;100;100;0;20.16;3.48;9.91;1.89;1.84;0.121;77.5;15.26;7.38;4.55;0.83;2.54;5.42;244.3;178.7;49.7;5.1;10.8;0.46;1;0.17;0.22;0.34;0.36;0.07;22.5;5.04;2.3;1.64;0.29;0.94;4.49;70.7;58.2;1.6;1.9;9;0.23;0.04;0.04;0.05
12;0;100;100;50;20.57;4.22;11.93;2.18;2.19;0.132;76;16.5;8.06;5.05;0.84;2.81;6.45;238.4;170.9;48.9;5.6;12.9;0.44;1.33;0.18;0.23;0.55;0.55;0.071;24;7.66;3.47;2.51;0.43;1.41;5.48;75.2;59.9;1.5;2.8;11;0.37;0.05;0.05;0.08
12;0;100;100;100;20.93;4.79;13.42;2.75;2.75;0.152;74.5;18.04;9.09;5.33;0.9;2.99;7.26;232.8;163.4;48.9;6;14.5;0.43;1.87;0.19;0.25;0.7;0.7;0.072;25.5;9.54;4.32;3.03;0.54;1.8;6.16;79.6;61.5;2.1;3.6;12.3;0.46;0.07;0.07;0.1
12;50;0;0;0;15.77;2.46;6.94;1.58;1.57;0.137;63;11.5;5.7;3.43;0.59;1.89;3.83;194.2;160.4;22.4;3.8;7.7;0.99;0.3;0.12;0.17;0.21;0.21;0.065;37;2.95;1.36;0.94;0.15;0.57;3.11;113.8;101.2;5.2;1.1;6.2;0.1;0.06;0.02;0.03
12;50;0;0;50;15.41;2.62;7.58;1.68;1.68;0.139;62.7;12.16;5.91;3.75;0.65;1.98;4.13;193.2;159.4;21.6;4;8.3;1;0.38;0.13;0.18;0.24;0.25;0.068;37.3;3.4;1.53;1.11;0.19;0.64;3.45;115;101.8;5;1.3;6.9;0.11;0.08;0.03;0.03
12;50;0;0;100;15.18;2.93;8.21;1.82;1.81;0.14;61.7;12.96;6.47;3.88;0.64;2.18;4.49;192.1;158;20.8;4.4;9;1;0.49;0.14;0.18;0.31;0.32;0.076;38.3;3.95;1.81;1.28;0.21;0.75;3.73;119.2;102.6;7.6;1.5;7.5;0.12;0.13;0.03;0.03
12;50;0;50;0;17.96;2.89;8.21;1.64;1.65;0.134;68.1;12.33;6.04;3.78;0.63;2.09;4.46;196.1;156.9;26.1;4.2;8.9;0.99;0.36;0.13;0.18;0.3;0.31;0.068;31.9;4.35;1.91;1.46;0.22;0.8;3.75;91.6;77.4;5.1;1.6;7.5;0.17;0.06;0.03;0.04
12;50;0;50;50;17.92;3.38;9.22;1.71;1.73;0.135;67.4;12.89;6.35;3.89;0.58;2.24;5.05;194.8;154.8;25.4;4.5;10.1;0.96;0.46;0.14;0.18;0.44;0.43;0.07;32.6;6.06;2.77;1.96;0.33;1.15;4.18;94;78.3;5;2.3;8.4;0.24;0.08;0.05;0.06
12;50;0;50;100;17.73;3.63;10.61;1.99;1.93;0.141;66;13.72;6.74;4.21;0.7;2.22;5.76;192.7;152.3;24.5;4.4;11.5;0.96;0.64;0.14;0.2;0.59;0.58;0.074;34;7.82;3.55;2.5;0.45;1.42;4.85;99.1;79.4;7.1;2.8;9.7;0.32;0.13;0.06;0.08
12;50;0;100;0;19.89;2.99;8.66;1.66;1.67;0.132;74.8;12.7;6.06;3.91;0.71;2.1;4.77;198.4;154.9;29.8;4.2;9.5;0.96;0.39;0.13;0.18;0.38;0.34;0.069;25.2;4.87;2.17;1.62;0.28;0.89;3.89;66.9;52.1;5.2;1.8;7.8;0.2;0.06;0.04;0.05
12;50;0;100;50;20.3;3.93;10.86;1.9;1.89;0.131;73.2;14.41;7.16;4.32;0.76;2.5;5.94;195.4;149;29.5;5;11.9;0.95;0.57;0.16;0.21;0.53;0.54;0.07;26.8;7.61;3.48;2.45;0.42;1.44;4.92;71.4;53.8;4.8;2.9;9.8;0.33;0.08;0.06;0.07
12;50;0;100;100;20.4;4.41;12.33;2;2.1;0.138;71.6;15.25;7.45;4.65;0.81;2.6;6.73;193.3;145.8;28.9;5.2;13.5;0.91;0.8;0.16;0.23;0.71;0.7;0.073;28.4;9.57;4.37;3.1;0.52;1.81;5.6;76.6;54.8;7;3.6;11.2;0.41;0.12;0.07;0.1
12;50;50;0;0;15.77;3.09;8.7;2.07;2.08;0.137;62.6;15.2;7.48;4.56;0.76;2.53;4.76;194.5;157.1;22.8;5.1;9.5;1.31;0.39;0.16;0.22;0.24;0.23;0.068;37.4;3.02;1.43;0.96;0.15;0.56;3.94;116.3;103.2;4.1;1.1;7.9;0.11;0.06;0.02;0.03
12;50;50;0;50;15.53;3.15;9.24;2.25;2.25;0.142;62.2;15.92;7.88;4.73;0.88;2.57;5.06;193.3;156.1;21.9;5.1;10.1;1.3;0.56;0.17;0.23;0.26;0.26;0.073;37.8;3.37;1.49;1.08;0.2;0.58;4.18;117.4;103.8;4.1;1.2;8.4;0.11;0.1;0.02;0.03
12;50;50;0;100;15.16;3.32;9.66;2.45;2.41;0.148;61.3;16.33;8.06;4.91;0.86;2.62;5.25;191.7;155;21;5.2;10.5;1.29;0.73;0.16;0.23;0.32;0.33;0.082;38.7;3.81;1.77;1.22;0.17;0.7;4.41;120.6;104.4;6;1.4;8.8;0.12;0.15;0.03;0.04
12;50;50;50;0;18.21;3.51;10.09;2.15;2.13;0.133;67.5;16.12;7.9;4.93;0.81;2.71;5.52;195.7;152.6;26.7;5.4;11;1.24;0.49;0.18;0.23;0.28;0.32;0.069;32.5;4.43;2.01;1.44;0.24;0.8;4.57;94.2;79.3;4.2;1.6;9.1;0.18;0.07;0.03;0.04
12;50;50;50;50;18.24;4;11.21;2.41;2.36;0.138;66.4;17.14;8.33;5.19;0.87;2.81;6.13;193;148.9;26.1;5.6;12.3;1.23;0.7;0.19;0.24;0.43;0.46;0.073;33.6;6.12;2.83;1.98;0.33;1.19;5.09;97.3;80.9;3.9;2.4;10.2;0.25;0.09;0.05;0.06
12;50;50;50;100;18.39;4.32;12.61;2.63;2.69;0.149;66.6;18.06;8.95;5.48;0.84;2.88;6.92;204;145.8;38.6;5.8;13.8;1.22;1.02;0.19;0.26;0.56;0.61;0.076;33.4;7.85;3.54;2.53;0.44;1.44;5.68;102.3;82.3;5.8;2.9;11.4;0.33;0.14;0.06;0.08
12;50;50;100;0;20.27;3.85;10.95;2.36;2.31;0.133;73.8;17.4;8.56;5.27;0.89;2.92;6.01;196.8;148.2;30.7;5.8;12;1.23;0.65;0.18;0.25;0.37;0.37;0.071;26.2;5.1;2.31;1.65;0.28;0.93;4.94;69.7;54.1;3.9;1.9;9.9;0.22;0.06;0.04;0.05
12;50;50;100;50;20.77;4.4;12.93;2.61;2.58;0.139;73.8;18.56;9.14;5.59;0.96;2.97;7.08;208.5;142.8;45.6;5.9;14.2;1.2;0.93;0.18;0.27;0.57;0.56;0.072;26.2;7.69;3.52;2.43;0.41;1.43;5.85;74;55.7;3.8;2.9;11.7;0.34;0.09;0.06;0.08
12;50;50;100;100;21.11;4.88;14.52;2.86;2.86;0.147;72.3;19.51;9.65;5.84;1.03;3.15;7.94;206.3;139.2;44.9;6.3;15.9;1.16;1.24;0.19;0.28;0.71;0.73;0.075;27.7;9.68;4.31;3.2;0.53;1.73;6.58;79;56.7;5.7;3.5;13.2;0.42;0.14;0.07;0.1
12;50;100;0;0;16.16;3.84;10.73;2.6;2.76;0.143;63.3;19.39;9.53;5.92;1.03;3.25;5.84;206.4;153.1;35.1;6.5;11.7;1.62;0.66;0.21;0.28;0.26;0.24;0.072;36.7;3.01;1.43;0.94;0.17;0.58;4.89;119.6;105.5;3.2;1.2;9.8;0.11;0.08;0.02;0.03
12;50;100;0;50;15.74;3.79;10.72;3.04;2.93;0.148;62.3;19.79;9.83;5.88;1.04;3.22;5.79;202.6;150.7;33.9;6.4;11.6;1.59;0.86;0.2;0.28;0.29;0.27;0.076;37.7;3.2;1.45;1.01;0.17;0.57;4.92;122.4;106.9;4.6;1.1;9.8;0.11;0.1;0.02;0.03
12;50;100;0;100;15.39;3.95;11.38;3.16;3.16;0.155;62;20.39;10.22;6.03;1.04;3.29;6.23;201.4;150.1;32.3;6.6;12.5;1.57;1.09;0.21;0.28;0.31;0.33;0.087;38;3.62;1.67;1.19;0.19;0.66;5.15;123.5;107.3;4.7;1.3;10.3;0.12;0.15;0.03;0.04
12;50;100;50;0;18.51;4.2;12.04;2.88;2.86;0.139;68;20.65;10.13;6.13;1.12;3.38;6.6;207.7;146.4;41.4;6.8;13.2;1.55;0.81;0.21;0.29;0.3;0.33;0.073;32;4.38;1.98;1.45;0.23;0.82;5.44;97.5;82;3;1.6;10.9;0.18;0.07;0.03;0.04
12;50;100;50;50;18.66;4.67;13.24;3.04;3.11;0.146;66.8;21.41;10.67;6.45;1.04;3.54;7.25;205.3;143.3;40.4;7.1;14.5;1.52;1.06;0.22;0.31;0.45;0.46;0.075;33.2;6.05;2.77;1.97;0.32;1.12;5.99;102.1;83.4;4.5;2.2;12;0.26;0.09;0.05;0.07
12;50;100;50;100;18.74;5;14.4;3.45;3.49;0.157;65.6;22.17;11.14;6.57;1.07;3.63;7.89;201.5;138.7;39.8;7.3;15.8;1.48;1.47;0.22;0.32;0.58;0.61;0.077;34.4;7.79;3.49;2.54;0.43;1.37;6.5;105.3;85.4;4.2;2.7;13;0.34;0.13;0.06;0.07
12;50;100;100;0;20.88;4.71;13.13;3.03;2.99;0.136;74.3;22;10.76;6.62;1.17;3.72;7.23;210.5;140.9;47.7;7.4;14.5;1.5;0.94;0.23;0.32;0.39;0.39;0.073;25.7;5.25;2.41;1.71;0.3;0.99;5.9;72.8;56.2;2.8;2;11.8;0.23;0.07;0.04;0.05
12;50;100;100;50;21.36;5.32;14.91;3.38;3.31;0.143;72.4;23.15;11.51;6.88;1.22;3.81;8.15;206.5;135.1;47.5;7.6;16.3;1.45;1.3;0.25;0.32;0.57;0.58;0.074;27.6;7.83;3.62;2.49;0.42;1.5;6.76;78.5;57.9;4;3;13.5;0.36;0.09;0.06;0.08
12;50;100;100;100;21.44;5.78;16.29;3.8;3.78;0.156;71.3;24.2;12.17;7.21;1.19;3.92;8.99;203;130.1;47.1;7.8;18;1.38;1.8;0.25;0.35;0.7;0.74;0.075;28.7;9.75;4.38;3.2;0.52;1.86;7.3;81.4;59.3;3.8;3.7;14.6;0.45;0.12;0.08;0.1
12;100;0;0;0;17.42;2.98;8.71;2.02;2.06;0.143;55.5;14.48;7.09;4.35;0.73;2.31;4.81;145.5;109.2;22.1;4.6;9.6;1.4;0.3;0.15;0.21;0.26;0.27;0.069;44.5;3.67;1.62;1.19;0.21;0.67;3.9;116.6;99.4;8.1;1.3;7.8;0.1;0.1;0.02;0.04
12;100;0;0;50;17.22;3.25;9.13;2.13;2.13;0.145;55.5;14.73;7.32;4.38;0.75;2.44;4.98;145.6;109.9;20.9;4.9;10;1.41;0.36;0.15;0.2;0.34;0.34;0.075;44.5;4.3;1.96;1.38;0.24;0.82;4.14;117;98.7;8.3;1.6;8.3;0.1;0.16;0.03;0.04
12;100;0;0;100;16.88;3.48;9.78;2.23;2.23;0.146;54.3;15.34;7.6;4.63;0.79;2.54;5.3;145.1;109.5;20;5.1;10.6;1.39;0.46;0.16;0.22;0.45;0.42;0.082;45.7;4.97;2.31;1.57;0.26;0.93;4.48;122.3;99.1;12.4;1.9;9;0.11;0.22;0.03;0.05
12;100;0;50;0;19.44;3.42;9.66;2.01;2.11;0.14;61.1;15.05;7.36;4.55;0.85;2.5;5.28;148.2;107.3;25.4;5;10.6;1.38;0.35;0.17;0.22;0.34;0.35;0.07;38.9;4.84;2.22;1.56;0.27;0.92;4.38;94.4;75.7;8.1;1.8;8.8;0.17;0.1;0.04;0.05
12;100;0;50;50;19.3;3.8;10.9;2.19;2.17;0.141;60.5;15.4;7.66;4.57;0.8;2.54;5.91;148;106.6;24.5;5.1;11.8;1.37;0.44;0.16;0.21;0.51;0.51;0.074;39.5;6.83;3.05;2.23;0.36;1.26;4.98;96.5;76.1;7.9;2.5;10;0.24;0.15;0.05;0.07
12;100;0;50;100;19.53;4.28;12.3;2.25;2.35;0.146;59;16.17;7.89;4.9;0.78;2.61;6.79;148.5;106;23.7;5.2;13.6;1.34;0.61;0.16;0.24;0.68;0.69;0.077;41;8.87;4.06;2.88;0.48;1.67;5.51;103.2;76.6;12.3;3.3;11;0.31;0.23;0.07;0.09
12;100;0;100;0;21.58;3.62;10.3;2.12;2.13;0.137;68.1;15.6;7.72;4.6;0.81;2.6;5.66;150.9;105;29.3;5.2;11.3;1.35;0.41;0.16;0.22;0.39;0.39;0.07;31.9;5.47;2.46;1.76;0.31;1.01;4.64;70.6;51.4;7.9;2;9.3;0.2;0.09;0.04;0.05
12;100;0;100;50;21.85;4.41;12.47;2.24;2.31;0.137;66.8;16.86;8.23;5.11;0.92;2.84;6.78;150.5;102.6;28.7;5.7;13.6;1.33;0.56;0.17;0.24;0.6;0.61;0.073;33.2;8.26;3.82;2.65;0.46;1.57;5.69;74.7;52.5;7.7;3.1;11.4;0.32;0.14;0.06;0.08
12;100;0;100;100;21.91;4.8;13.94;2.49;2.48;0.142;64.9;17.46;8.59;5.28;0.87;2.86;7.63;150;101.1;27.9;5.7;15.3;1.29;0.78;0.17;0.25;0.79;0.79;0.075;35.1;10.47;4.78;3.4;0.59;1.94;6.31;81.1;53.1;11.5;3.9;12.6;0.4;0.21;0.08;0.1
12;100;50;0;0;17.82;3.91;11.19;2.91;2.88;0.145;56;19.89;9.92;5.91;1;3.21;6.24;150.4;109.3;22.2;6.4;12.5;2;0.38;0.21;0.29;0.31;0.29;0.074;44;3.73;1.66;1.21;0.21;0.7;4.95;117.9;99.2;7.4;1.4;9.9;0.1;0.12;0.03;0.04
12;100;50;0;50;17.27;4.19;11.8;3.07;3.05;0.148;55;20.62;10.36;6.11;1.09;3.38;6.53;149.8;108.8;21.1;6.8;13.1;2.01;0.53;0.22;0.3;0.45;0.39;0.085;45;4.43;2.14;1.35;0.24;0.81;5.27;122.5;99.7;10.6;1.6;10.5;0.11;0.2;0.03;0.04
12;100;50;0;100;17.14;4.51;12.5;3.19;3.23;0.152;54.7;21.25;10.65;6.25;1.08;3.55;6.94;149.5;108.4;20.2;7.1;13.9;2;0.71;0.22;0.3;0.49;0.47;0.092;45.3;5.05;2.4;1.56;0.27;0.96;5.56;124.1;100;11;1.9;11.1;0.11;0.27;0.04;0.05
12;100;50;50;0;19.93;4.28;12.51;2.88;2.94;0.142;61;20.83;10.29;6.2;1.12;3.38;6.78;151.8;105.5;25.9;6.8;13.6;1.96;0.47;0.22;0.29;0.4;0.38;0.073;39;5.03;2.26;1.68;0.28;0.9;5.73;97.1;76.8;7;1.8;11.5;0.17;0.12;0.04;0.05
12;100;50;50;50;19.97;4.89;13.63;3.12;3.12;0.145;59.4;21.61;10.82;6.43;1.06;3.6;7.49;151.1;103.8;25.1;7.2;15;1.91;0.67;0.22;0.32;0.55;0.55;0.079;40.6;6.85;3.17;2.16;0.37;1.29;6.13;103.3;78;10.5;2.6;12.3;0.24;0.19;0.06;0.06
12;100;50;50;100;19.84;5.33;15.09;3.35;3.41;0.153;60.6;22.34;11.18;6.71;1.12;3.69;8.31;163;102.5;36.5;7.4;16.6;1.88;0.97;0.24;0.32;0.69;0.73;0.081;39.4;8.86;4.05;2.78;0.52;1.64;6.78;105.8;78.8;10.1;3.3;13.6;0.32;0.26;0.06;0.08
12;100;50;100;0;22.17;4.72;13.32;3.12;3.08;0.14;67.6;21.97;10.9;6.54;1.09;3.67;7.25;153.8;101.9;30.1;7.3;14.5;1.89;0.64;0.23;0.32;0.43;0.43;0.073;32.4;5.82;2.62;1.88;0.35;1.05;6.07;73.8;52.8;6.8;2.1;12.1;0.21;0.12;0.04;0.06
12;100;50;100;50;22.06;5.42;15.2;3.33;3.32;0.145;67.7;22.93;11.51;6.86;1.15;3.89;8.33;167.9;99.7;43.8;7.8;16.7;1.85;0.9;0.26;0.32;0.64;0.66;0.077;32.3;8.55;3.87;2.76;0.45;1.53;6.87;80;53.7;9.5;3.1;13.7;0.34;0.18;0.06;0.09
12;100;50;100;100;22.27;5.85;16.56;3.58;3.57;0.151;66.7;23.7;11.82;7.03;1.23;3.89;9.16;166.7;97.4;43.2;7.8;18.3;1.78;1.19;0.25;0.35;0.84;0.85;0.079;33.3;10.64;4.87;3.42;0.58;1.96;7.4;83.1;54.7;9.7;3.9;14.8;0.42;0.24;0.08;0.11
12;100;100;0;0;17.93;4.69;13.21;3.51;3.55;0.148;57.2;24.04;12.01;7.14;1.19;4;7.3;162.5;106.2;33.8;8;14.6;2.32;0.64;0.25;0.34;0.29;0.33;0.082;42.8;3.84;1.77;1.25;0.2;0.69;5.91;121.4;102;6.2;1.4;11.8;0.11;0.15;0.03;0.04
12;100;100;0;50;17.56;4.81;13.44;3.73;3.73;0.152;56.2;24.55;12.42;7.17;1.26;4.06;7.4;160.7;105.2;32.6;8.1;14.8;2.3;0.83;0.25;0.35;0.4;0.38;0.087;43.8;4.21;1.96;1.35;0.22;0.74;6.04;125.2;102.8;8.8;1.5;12.1;0.11;0.2;0.03;0.04
12;100;100;0;100;17.17;4.78;14.12;3.95;3.92;0.157;55.8;24.9;12.54;7.39;1.23;3.95;7.72;159.5;105;31.1;7.9;15.4;2.28;1.04;0.24;0.35;0.49;0.49;0.099;44.2;4.79;2.21;1.54;0.26;0.82;6.39;126.4;103;9;1.6;12.8;0.11;0.3;0.03;0.04
12;100;100;50;0;20.15;5.06;14.35;3.58;3.61;0.145;62.4;25.02;12.32;7.56;1.29;4.16;7.86;166;101.9;40.1;8.3;15.7;2.21;0.78;0.26;0.36;0.41;0.41;0.079;37.6;5.11;2.31;1.63;0.3;0.9;6.49;100;79.2;6;1.8;13;0.17;0.15;0.04;0.05
12;100;100;50;50;20.2;5.5;15.68;3.85;3.85;0.15;60.9;25.77;12.99;7.62;1.28;4.19;8.69;164.8;100.1;39;8.4;17.4;2.18;1.04;0.26;0.37;0.54;0.57;0.081;39.1;6.87;3.15;2.24;0.38;1.31;7;105.7;80.4;8.7;2.6;14;0.25;0.2;0.05;0.07
12;100;100;50;100;20.13;5.79;16.78;4.08;4.17;0.159;60.1;26.19;13.08;7.75;1.35;4.21;9.15;163;98.5;37.7;8.4;18.3;2.15;1.4;0.26;0.36;0.77;0.77;0.085;39.9;8.9;4.06;2.9;0.51;1.59;7.63;108.4;81.4;8.5;3.2;15.3;0.33;0.28;0.06;0.09
12;100;100;100;0;22.68;5.45;15.4;3.7;3.71;0.141;68.9;26.31;13.06;7.82;1.4;4.35;8.43;169.9;97.6;46.7;8.7;16.9;2.12;0.94;0.28;0.38;0.46;0.47;0.078;31.1;5.97;2.73;1.91;0.34;1.1;6.97;76.6;54.6;5.9;2.2;13.9;0.22;0.15;0.04;0.06
12;100;100;100;50;22.76;6.04;17.26;3.95;3.99;0.147;67.1;27.09;13.45;8.08;1.45;4.46;9.48;168.5;95;45.7;8.9;19;2.08;1.24;0.28;0.39;0.65;0.69;0.078;32.9;8.7;3.93;2.83;0.46;1.58;7.77;82.6;55.8;8.2;3.2;15.5;0.35;0.19;0.06;0.09
12;100;100;100;100;22.93;6.4;18.43;4.46;4.43;0.158;66.1;28.04;14.09;8.27;1.4;4.43;10.29;166.7;91.9;45.3;8.9;20.6;2;1.74;0.28;0.4;0.86;0.86;0.081;33.9;10.51;4.8;3.33;0.58;1.97;8.14;85.2;57.1;7.9;3.9;16.3;0.43;0.26;0.08;0.1
13;0;0;0;0;14.37;1.9;5.54;1.14;1.13;0.127;69.9;8.85;4.26;2.71;0.49;1.45;3.08;245.4;212.4;23.9;2.9;6.2;0.58;0.33;0.09;0.13;0.17;0.15;0.054;30.1;2.37;1.12;0.73;0.15;0.45;2.46;105.8;98.1;1.8;0.9;4.9;0.09;0.02;0.02;0.02
13;0;0;0;50;13.99;2;5.72;1.11;1.18;0.131;69.5;9;4.39;2.7;0.48;1.53;3.09;243.1;210.8;23;3.1;6.2;0.56;0.4;0.09;0.13;0.18;0.16;0.055;30.5;2.58;1.17;0.85;0.13;0.47;2.63;106.7;98.8;1.8;0.9;5.3;0.09;0.03;0.02;0.02
13;0;0;0;100;13.88;2.18;6.27;1.35;1.35;0.134;68.8;10.09;4.86;3.07;0.56;1.65;3.48;241.1;208.6;22.3;3.3;7;0.57;0.51;0.11;0.15;0.21;0.2;0.061;31.2;2.89;1.29;0.9;0.16;0.53;2.79;109.2;99.7;2.9;1.1;5.6;0.1;0.05;0.02;0.03
13;0;0;50;0;16.39;2.19;6.43;1.16;1.16;0.124;74.6;9.34;4.47;2.88;0.51;1.54;3.53;246.1;208.5;27.4;3.1;7.1;0.55;0.37;0.1;0.14;0.25;0.23;0.059;25.4;3.63;1.63;1.19;0.18;0.65;2.9;83.8;74.9;1.8;1.3;5.8;0.14;0.02;0.03;0.04
13;0;0;50;50;16.67;2.69;7.6;1.29;1.3;0.126;73.6;10.29;5.01;3.19;0.49;1.75;4.19;243;204.1;27;3.5;8.4;0.55;0.49;0.1;0.16;0.34;0.31;0.06;26.4;5.05;2.27;1.67;0.28;0.94;3.41;86.9;76.3;1.9;1.9;6.8;0.2;0.03;0.04;0.05
13;0;0;50;100;16.66;3.15;8.94;1.5;1.5;0.135;72.4;11.13;5.49;3.41;0.57;1.86;4.94;239.1;199.1;26.4;3.7;9.9;0.53;0.7;0.12;0.16;0.45;0.43;0.062;27.6;6.72;3.04;2.16;0.4;1.29;3.99;90.9;77.8;2.6;2.6;8;0.27;0.04;0.05;0.07
13;0;0;100;0;18.42;2.57;7.17;1.2;1.24;0.122;80.3;10.15;4.96;3.04;0.54;1.75;3.97;247.1;204.8;30.9;3.5;7.9;0.56;0.42;0.11;0.15;0.27;0.26;0.059;19.7;4.3;1.93;1.37;0.23;0.82;3.2;60.4;50.7;1.6;1.6;6.4;0.17;0.02;0.03;0.04
13;0;0;100;50;19.13;3.17;9.17;1.4;1.44;0.123;79;11.67;5.64;3.56;0.62;1.97;5.13;243.1;197.8;31.1;3.9;10.3;0.54;0.6;0.13;0.17;0.41;0.41;0.06;21;6.59;2.91;2.24;0.37;1.21;4.04;64.4;52.1;1.8;2.4;8.1;0.27;0.03;0.05;0.07
13;0;0;100;100;19.34;3.7;10.52;1.58;1.66;0.132;77.5;12.56;6.13;3.72;0.63;2.12;5.78;237.3;190.9;30.6;4.2;11.6;0.5;0.85;0.13;0.17;0.53;0.52;0.061;22.5;8.31;3.71;2.75;0.49;1.58;4.74;68.6;53.5;2.4;3.2;9.5;0.34;0.04;0.06;0.08
13;0;50;0;0;14.69;2.12;5.93;1.21;1.21;0.122;69.1;9.86;4.84;2.97;0.53;1.69;3.29;241.6;207.4;24.3;3.4;6.6;0.54;0.41;0.11;0.15;0.16;0.15;0.053;30.9;2.36;1.04;0.78;0.14;0.44;2.65;108.1;100.2;1.8;0.9;5.3;0.09;0.03;0.02;0.02
13;0;50;0;50;14.49;2.29;6.61;1.44;1.43;0.131;68.5;10.9;5.26;3.37;0.58;1.81;3.67;239.5;204.9;23.6;3.6;7.3;0.56;0.59;0.11;0.16;0.19;0.18;0.059;31.5;2.64;1.2;0.84;0.13;0.48;2.93;109.8;101.2;1.8;1;5.9;0.09;0.04;0.02;0.02
13;0;50;0;100;14.49;2.57;7.22;1.63;1.66;0.14;67.5;11.88;5.76;3.68;0.66;1.97;3.99;235.4;200.3;23.3;3.9;8;0.53;0.82;0.13;0.18;0.2;0.21;0.064;32.5;2.98;1.39;0.94;0.17;0.6;3.23;113.3;103;2.6;1.2;6.5;0.1;0.06;0.02;0.03
13;0;50;50;0;17.16;2.57;7.52;1.33;1.33;0.118;73.3;11.3;5.33;3.53;0.59;1.86;4.11;240.8;200.4;28.4;3.7;8.2;0.54;0.51;0.12;0.17;0.23;0.24;0.059;26.7;3.79;1.65;1.28;0.22;0.71;3.41;87.3;77.4;1.7;1.4;6.8;0.15;0.03;0.03;0.04
13;0;50;50;50;17.35;3.08;8.65;1.63;1.57;0.127;72.3;12.38;5.98;3.75;0.65;2.1;4.78;237;195.3;27.9;4.2;9.6;0.52;0.74;0.13;0.18;0.35;0.34;0.062;27.7;5.28;2.39;1.7;0.29;0.98;3.87;90.4;79;1.7;2;7.7;0.2;0.04;0.04;0.06
13;0;50;50;100;17.63;3.61;9.98;1.93;1.93;0.143;72.2;13.45;6.77;4;0.66;2.32;5.52;246.2;188.9;41.5;4.6;11;0.5;1.09;0.14;0.19;0.47;0.44;0.063;27.8;6.8;3.07;2.23;0.38;1.29;4.47;94.8;80.9;2.4;2.6;8.9;0.27;0.06;0.05;0.07
13;0;50;100;0;19.43;2.95;8.57;1.51;1.54;0.12;78.9;12.8;6.11;3.99;0.69;2.12;4.72;240;193.8;32.5;4.2;9.4;0.52;0.69;0.14;0.19;0.28;0.28;0.06;21.1;4.48;1.97;1.46;0.23;0.84;3.86;63.9;52.9;1.6;1.7;7.7;0.18;0.02;0.03;0.04
13;0;50;100;50;20.12;3.65;10.63;1.81;1.87;0.13;78.6;14.32;6.84;4.44;0.77;2.36;5.82;251.2;185.9;48.9;4.7;11.6;0.51;0.99;0.15;0.21;0.43;0.43;0.062;21.4;6.86;3.05;2.29;0.41;1.29;4.82;68.4;54.5;1.6;2.6;9.6;0.28;0.04;0.05;0.07
13;0;50;100;100;20.3;4.15;11.85;2.25;2.19;0.142;77.3;15.5;7.67;4.67;0.81;2.56;6.62;245.8;179.3;48.2;5.1;13.2;0.48;1.32;0.16;0.23;0.55;0.56;0.063;22.7;8.69;3.81;2.92;0.45;1.59;5.23;71.9;55.9;2.4;3.2;10.5;0.35;0.06;0.07;0.08
13;0;100;0;0;15.33;2.52;7.07;1.49;1.54;0.128;68.8;12.04;5.86;3.61;0.67;2.02;3.87;248.2;198.8;37.7;4;7.7;0.54;0.7;0.13;0.18;0.17;0.17;0.059;31.2;2.54;1.18;0.84;0.15;0.5;3.19;112.7;103.6;1.7;1;6.4;0.09;0.03;0.02;0.02
13;0;100;0;50;15.32;2.73;7.62;1.84;1.82;0.138;68;13.17;6.45;3.92;0.71;2.16;4.22;244.5;194.6;37.1;4.3;8.4;0.53;0.95;0.14;0.19;0.2;0.2;0.064;32;2.86;1.33;0.92;0.13;0.57;3.4;115;105.3;1.7;1.1;6.8;0.1;0.06;0.02;0.03
13;0;100;0;100;15;2.86;8.18;2.08;2.09;0.149;67;13.99;6.94;4.19;0.69;2.3;4.47;240.1;190.8;35.8;4.6;8.9;0.52;1.23;0.13;0.2;0.23;0.23;0.068;33;3.07;1.44;0.97;0.18;0.56;3.71;117.9;106.9;2.5;1.1;7.4;0.1;0.08;0.02;0.03
13;0;100;50;0;17.82;3.13;8.53;1.75;1.71;0.125;73.2;13.73;6.74;4.07;0.75;2.4;4.71;248.6;190.4;44;4.8;9.4;0.51;0.86;0.16;0.19;0.25;0.25;0.06;26.8;3.97;1.74;1.31;0.2;0.73;3.83;91;80.4;1.5;1.5;7.7;0.16;0.03;0.03;0.04
13;0;100;50;50;18.18;3.53;10.11;2.1;2.07;0.136;72;15.22;7.5;4.65;0.77;2.53;5.63;244.2;184.4;43.6;5.1;11.3;0.51;1.18;0.16;0.22;0.37;0.35;0.064;28;5.43;2.39;1.79;0.29;0.99;4.48;94.8;82.3;1.6;2;9;0.21;0.05;0.04;0.05
13;0;100;50;100;18.22;3.89;11.25;2.36;2.44;0.155;70.6;15.77;7.89;4.67;0.78;2.54;6.12;239.3;179.3;42.6;5.1;12.2;0.48;1.58;0.16;0.22;0.49;0.49;0.066;29.4;7.29;3.27;2.35;0.43;1.35;5.13;99.2;83.8;2.5;2.7;10.3;0.28;0.08;0.05;0.08
13;0;100;100;0;20.24;3.49;9.98;1.92;1.89;0.122;78.7;15.46;7.46;4.74;0.81;2.57;5.61;249.5;183;50.1;5.1;11.2;0.49;1.01;0.16;0.23;0.32;0.31;0.061;21.3;4.91;2.18;1.63;0.27;0.92;4.38;67.3;55.1;1.6;1.8;8.8;0.19;0.03;0.04;0.05
13;0;100;100;50;21.13;4.19;11.96;2.31;2.29;0.134;77.2;17.12;8.4;5.19;0.88;2.85;6.56;243.9;174.2;50.9;5.7;13.1;0.48;1.39;0.18;0.24;0.46;0.47;0.064;22.8;7.2;3.21;2.32;0.46;1.34;5.39;71.9;56.9;1.6;2.7;10.8;0.28;0.05;0.06;0.07
13;0;100;100;100;21.5;4.75;13.32;2.79;2.8;0.154;75.7;18.2;9.15;5.29;0.94;2.99;7.32;238;167.2;50.1;6;14.6;0.45;1.91;0.19;0.25;0.6;0.6;0.064;24.3;9.16;4.14;2.98;0.52;1.76;6.01;76.1;58.3;2.3;3.5;12;0.37;0.07;0.07;0.09
13;50;0;0;0;15.73;2.49;7.11;1.67;1.7;0.142;64.6;12.04;5.89;3.65;0.61;1.95;3.91;197.7;162.7;23.4;3.9;7.8;1.09;0.32;0.12;0.18;0.18;0.18;0.058;35.4;2.8;1.27;0.89;0.17;0.54;3.2;108.1;96.3;4.3;1.1;6.4;0.09;0.05;0.02;0.03
13;50;0;0;50;15.43;2.64;7.46;1.82;1.77;0.143;64.3;12.41;6.16;3.71;0.62;2.01;4.09;196.7;162;22.5;4;8.2;1.07;0.4;0.13;0.17;0.22;0.21;0.061;35.7;3.15;1.46;1.06;0.17;0.63;3.36;108.9;96.6;4.3;1.3;6.7;0.09;0.07;0.03;0.03
13;50;0;0;100;15.14;2.78;8.08;1.83;1.87;0.144;63.6;12.96;6.38;3.96;0.67;2.1;4.49;196.2;161.6;21.4;4.2;9;1.06;0.49;0.13;0.19;0.27;0.27;0.071;36.4;3.6;1.66;1.19;0.19;0.69;3.59;112.2;96.8;6.8;1.4;7.2;0.09;0.12;0.03;0.03
13;50;0;50;0;17.97;2.92;8.1;1.69;1.74;0.138;69.8;12.63;6.18;3.84;0.63;2.12;4.51;200.3;159.9;27.1;4.2;9;1.05;0.37;0.13;0.19;0.27;0.26;0.061;30.2;4.03;1.87;1.27;0.23;0.79;3.58;86.6;73.5;4.3;1.6;7.2;0.14;0.05;0.03;0.04
13;50;0;50;50;18.05;3.23;9.25;1.87;1.85;0.139;69.1;13.32;6.63;3.94;0.71;2.23;5.21;199.1;157.7;26.5;4.5;10.4;1.04;0.47;0.14;0.19;0.39;0.35;0.062;30.9;5.52;2.52;1.79;0.29;0.99;4.04;88.7;74.4;4.3;2;8.1;0.19;0.07;0.04;0.05
13;50;0;50;100;17.93;3.75;10.73;1.99;2.04;0.145;67.4;14.13;7;4.21;0.75;2.33;5.84;196;154.3;25.4;4.7;11.7;1.03;0.67;0.14;0.2;0.48;0.5;0.066;32.6;7.5;3.35;2.48;0.41;1.42;4.89;94.5;75.8;6.1;2.8;9.8;0.26;0.11;0.06;0.07
13;50;0;100;0;19.79;3.11;8.83;1.68;1.78;0.136;76;13.13;6.42;4;0.65;2.23;4.83;201.9;157.7;30.1;4.5;9.7;1.04;0.41;0.13;0.19;0.33;0.31;0.062;24;4.84;2.15;1.57;0.3;0.88;3.99;63.7;49.6;4.4;1.8;8;0.17;0.05;0.03;0.05
13;50;0;100;50;20.28;3.63;10.57;1.87;1.93;0.135;74.7;14.38;6.95;4.34;0.74;2.34;5.8;198.6;151.9;30.4;4.7;11.6;1;0.57;0.15;0.21;0.47;0.44;0.062;25.3;6.99;3.11;2.31;0.39;1.29;4.77;67.3;51.1;4.1;2.6;9.5;0.26;0.06;0.05;0.07
13;50;0;100;100;20.36;4.29;12.14;2.08;2.17;0.141;73.2;15.41;7.54;4.61;0.8;2.55;6.77;197.4;149.1;29.7;5.1;13.5;0.98;0.81;0.16;0.22;0.62;0.6;0.065;26.8;9.03;4.13;2.93;0.5;1.74;5.37;72.1;51.9;5.9;3.5;10.7;0.33;0.11;0.07;0.09
13;50;50;0;0;15.84;3.07;8.7;2.2;2.21;0.142;64.3;15.56;7.64;4.71;0.81;2.55;4.71;198.3;160;23.8;5.1;9.4;1.42;0.4;0.16;0.22;0.2;0.18;0.059;35.7;2.73;1.26;0.86;0.15;0.52;3.98;110;97.7;3.3;1;8;0.08;0.05;0.02;0.03
13;50;50;0;50;15.7;3.16;9.35;2.4;2.38;0.146;63.8;16.32;8.09;4.95;0.89;2.59;5.18;196.8;158.5;22.8;5.2;10.4;1.38;0.58;0.17;0.24;0.25;0.23;0.066;36.2;3.17;1.42;1.01;0.2;0.57;4.17;111.4;98.5;3.4;1.1;8.3;0.09;0.08;0.02;0.03
13;50;50;0;100;15.35;3.48;9.59;2.55;2.58;0.152;63;17.01;8.67;4.95;0.86;2.82;5.31;194.9;156.7;22;5.6;10.6;1.38;0.77;0.18;0.25;0.3;0.28;0.074;37;3.47;1.64;1.08;0.17;0.67;4.28;114.4;99.5;5;1.3;8.6;0.09;0.12;0.03;0.03
13;50;50;50;0;18.31;3.51;9.97;2.26;2.26;0.137;69.1;16.49;8.11;4.94;0.86;2.72;5.49;199.5;155.4;27.7;5.4;11;1.36;0.5;0.17;0.24;0.29;0.27;0.062;30.9;4.12;1.88;1.32;0.25;0.79;4.48;89.2;75.3;3.3;1.6;9;0.14;0.05;0.03;0.04
13;50;50;50;50;18.34;3.86;11.29;2.45;2.48;0.141;68;17.55;8.62;5.31;0.93;2.88;6.22;196.6;151.3;27.1;5.8;12.4;1.31;0.73;0.18;0.26;0.41;0.37;0.065;32;5.57;2.49;1.81;0.31;0.98;5.07;92.3;76.9;3.2;2;10.1;0.2;0.08;0.04;0.05
13;50;50;50;100;18.45;4.29;12.51;2.76;2.78;0.153;68;18.27;9.09;5.4;0.96;2.92;6.86;207.1;147.8;39.8;5.8;13.7;1.29;1.05;0.18;0.26;0.52;0.51;0.068;32;7.41;3.34;2.44;0.41;1.37;5.65;97.1;78.4;4.7;2.7;11.3;0.27;0.12;0.05;0.07
13;50;50;100;0;20.39;3.72;10.99;2.4;2.43;0.136;74.9;17.84;8.62;5.47;0.94;2.87;6.03;199.1;149.6;31.7;5.7;12.1;1.31;0.68;0.18;0.26;0.29;0.3;0.061;25.1;4.68;2.03;1.56;0.26;0.85;4.96;66.5;51.8;3.1;1.7;9.9;0.17;0.05;0.03;0.05
13;50;50;100;50;20.96;4.46;12.88;2.67;2.73;0.143;75.1;19.16;9.4;5.82;0.98;3.15;7.06;212.9;145.1;47.4;6.3;14.1;1.3;0.97;0.19;0.27;0.49;0.46;0.064;24.9;7.08;3.18;2.32;0.37;1.31;5.82;70.3;53;3;2.6;11.6;0.27;0.07;0.05;0.07
13;50;50;100;100;21.03;5.05;14.36;2.89;3.04;0.15;73.6;20.23;10.14;5.97;1.02;3.36;7.93;209.4;140.1;46.7;6.7;15.9;1.25;1.29;0.22;0.29;0.64;0.6;0.066;26.4;9.07;4.07;2.94;0.5;1.69;6.43;75;54.3;4.5;3.4;12.9;0.34;0.11;0.06;0.09
13;50;100;0;0;16.33;3.84;10.64;2.74;2.88;0.147;64.9;19.57;9.66;5.83;0.96;3.27;5.85;209.9;155.3;36.4;6.5;11.7;1.72;0.67;0.2;0.28;0.2;0.2;0.064;35.1;2.87;1.3;0.95;0.17;0.56;4.79;113.4;100.2;2.4;1.1;9.6;0.09;0.06;0.02;0.03
13;50;100;0;50;15.88;3.81;10.86;3.05;3.08;0.153;64;20.19;10.01;6.05;1.01;3.25;5.93;206.4;152.6;35.4;6.5;11.9;1.69;0.9;0.21;0.28;0.24;0.22;0.066;36;2.96;1.33;0.96;0.15;0.56;4.93;116.2;101.7;3.5;1.1;9.9;0.09;0.08;0.02;0.03
13;50;100;0;100;15.67;3.92;11.22;3.37;3.33;0.159;63.5;21;10.59;6.15;1.01;3.31;6.24;204.2;150.5;34.6;6.6;12.5;1.66;1.16;0.21;0.3;0.29;0.27;0.075;36.5;3.28;1.56;1.04;0.15;0.61;4.98;117.5;102.8;3.5;1.2;10;0.1;0.11;0.03;0.03
13;50;100;50;0;18.48;4.12;12.09;3.01;3.03;0.143;69.7;21.22;10.46;6.43;1.13;3.38;6.77;211.9;149.1;42.5;6.8;13.5;1.67;0.83;0.22;0.32;0.29;0.27;0.064;30.3;4.01;1.79;1.29;0.21;0.74;5.31;92.2;77.8;2.2;1.5;10.6;0.15;0.05;0.03;0.04
13;50;100;50;50;18.98;4.58;13.2;3.24;3.26;0.149;68.2;21.87;10.89;6.45;1.1;3.5;7.21;208.5;144.5;42.6;7;14.4;1.6;1.12;0.22;0.31;0.41;0.39;0.067;31.8;5.62;2.58;1.83;0.3;1.07;6;97.2;79.7;3.4;2.1;12;0.21;0.08;0.04;0.06
13;50;100;50;100;18.66;4.91;14.15;3.59;3.6;0.161;67.3;22.36;11.22;6.6;1.11;3.55;7.84;205.1;141.5;40.9;7.1;15.7;1.57;1.5;0.22;0.32;0.52;0.5;0.068;32.7;7.28;3.34;2.36;0.37;1.36;6.31;99.4;80.9;3.1;2.7;12.6;0.28;0.1;0.06;0.07
13;50;100;100;0;21.18;4.67;13;3.2;3.13;0.139;75.4;22.49;11.18;6.64;1.14;3.77;7.2;213.5;142.2;49.4;7.5;14.4;1.57;1;0.24;0.32;0.34;0.32;0.064;24.6;4.88;2.21;1.59;0.28;0.9;5.79;69.3;53.8;2.2;1.8;11.6;0.18;0.05;0.04;0.05
13;50;100;100;50;21.6;5.25;14.8;3.47;3.44;0.146;73.9;23.59;11.84;6.9;1.21;3.93;8.22;210;136.4;49.3;7.9;16.4;1.51;1.34;0.25;0.34;0.5;0.47;0.064;26.1;7.21;3.21;2.45;0.38;1.32;6.57;74.2;55.3;3.1;2.6;13.1;0.28;0.07;0.05;0.07
13;50;100;100;100;21.76;5.74;16.24;3.78;3.92;0.16;72.4;24.56;12.39;7.15;1.27;4.04;8.8;204.8;130.8;48.4;8.1;17.6;1.47;1.85;0.25;0.34;0.66;0.62;0.066;27.6;9.29;4.19;3.04;0.5;1.7;7.44;78;56.8;2.9;3.4;14.9;0.36;0.09;0.07;0.09
13;100;0;0;0;17.65;3.04;8.61;2.14;2.19;0.149;57.3;14.74;7.27;4.39;0.76;2.35;4.78;148.6;111.2;23.1;4.7;9.6;1.52;0.31;0.14;0.22;0.24;0.23;0.064;42.7;3.41;1.61;1.08;0.19;0.69;3.83;110.6;94;7.6;1.4;7.7;0.08;0.09;0.03;0.03
13;100;0;0;50;17.13;3.15;9.13;2.24;2.25;0.15;57.1;15.03;7.44;4.5;0.76;2.43;4.96;147.8;111.2;21.8;4.9;9.9;1.5;0.38;0.15;0.22;0.26;0.29;0.07;42.9;3.91;1.78;1.31;0.21;0.72;4.17;111.2;94;7.4;1.4;8.3;0.08;0.14;0.03;0.04
13;100;0;0;100;16.88;3.44;9.98;2.47;2.43;0.151;56.1;16.18;8.11;4.78;0.82;2.61;5.54;148.2;111;21;5.2;11.1;1.54;0.49;0.17;0.23;0.38;0.37;0.077;43.9;4.68;2.15;1.49;0.25;0.83;4.44;115.9;94.2;11.2;1.7;8.9;0.09;0.2;0.04;0.05
13;100;0;50;0;19.57;3.29;9.56;2.2;2.2;0.145;62.7;15.25;7.57;4.51;0.81;2.45;5.23;150.8;108.9;26.5;4.9;10.5;1.47;0.36;0.15;0.22;0.3;0.3;0.063;37.3;4.52;2;1.46;0.27;0.83;4.33;89.7;72.1;7.2;1.7;8.7;0.13;0.09;0.03;0.04
13;100;0;50;50;19.42;3.82;10.9;2.33;2.34;0.146;62.2;16.04;8.04;4.75;0.84;2.65;6.04;151.2;108.2;25.6;5.3;12.1;1.49;0.46;0.17;0.23;0.41;0.44;0.067;37.8;6.35;2.82;2.12;0.36;1.17;4.86;91.7;72.5;7.1;2.3;9.7;0.19;0.14;0.05;0.06
13;100;0;50;100;19.45;4.26;12.15;2.48;2.52;0.15;60.5;16.82;8.39;4.96;0.83;2.75;6.67;150.2;106.3;25;5.5;13.3;1.44;0.66;0.18;0.24;0.6;0.58;0.069;39.5;8.18;3.65;2.69;0.46;1.51;5.47;98.1;73.7;10.5;3;10.9;0.25;0.19;0.06;0.08
13;100;0;100;0;21.24;3.6;10.25;2.22;2.24;0.143;69.7;15.77;7.8;4.78;0.81;2.57;5.71;153.9;107.6;29.7;5.1;11.4;1.44;0.41;0.17;0.23;0.34;0.34;0.064;30.3;5.24;2.4;1.68;0.3;1.03;4.54;66.8;48.6;7.1;2.1;9.1;0.16;0.09;0.04;0.05
13;100;0;100;50;21.76;4.28;12.17;2.35;2.41;0.142;68.5;17.01;8.4;5.15;0.85;2.81;6.64;153.3;104.8;29.6;5.6;13.3;1.43;0.56;0.19;0.24;0.53;0.52;0.066;31.5;7.76;3.54;2.5;0.41;1.48;5.52;70.6;49.7;6.9;3;11;0.25;0.13;0.06;0.08
13;100;0;100;100;21.9;4.86;13.76;2.63;2.67;0.146;66.4;18.26;9.13;5.4;0.93;3.04;7.52;152.2;101.9;29.2;6.1;15;1.39;0.82;0.19;0.27;0.7;0.67;0.068;33.6;9.75;4.4;3.13;0.57;1.82;6.24;77;50.9;10;3.6;12.5;0.32;0.18;0.07;0.09
13;100;50;0;0;17.74;3.92;11.21;3.04;3.03;0.15;57.5;20.21;10.11;6;1.03;3.27;6.12;152.1;110.4;22.9;6.5;12.2;2.14;0.4;0.21;0.29;0.27;0.25;0.068;42.5;3.46;1.61;1.11;0.19;0.65;5.08;112.6;94.7;6.4;1.3;10.2;0.08;0.11;0.03;0.03
13;100;50;0;50;17.46;4.25;11.83;3.18;3.21;0.153;56.5;20.96;10.48;6.26;1.09;3.45;6.5;151.9;109.8;22.2;6.9;13;2.12;0.56;0.21;0.3;0.34;0.34;0.079;43.5;4.12;1.93;1.29;0.21;0.8;5.33;117.1;95.2;9.7;1.6;10.7;0.09;0.17;0.03;0.05
13;100;50;0;100;17.36;4.42;12.45;3.41;3.44;0.157;56;21.9;11.06;6.41;1.11;3.56;6.81;151;108.6;21.6;7.1;13.6;2.12;0.77;0.24;0.31;0.43;0.41;0.086;44;4.6;2.16;1.43;0.26;0.86;5.64;118.6;96.2;9.5;1.7;11.3;0.09;0.24;0.04;0.04
13;100;50;50;0;19.88;4.4;12.38;3.06;3.09;0.146;62.5;21.18;10.49;6.42;1.03;3.44;6.84;154.5;107.4;26.6;6.9;13.7;2.08;0.48;0.22;0.31;0.37;0.33;0.067;37.5;4.78;2.21;1.55;0.26;0.96;5.54;92.4;73;6.4;1.9;11.1;0.14;0.11;0.04;0.04
13;100;50;50;50;19.98;4.85;13.67;3.3;3.31;0.15;61.2;22.22;11.07;6.55;1.13;3.65;7.58;154.2;105.4;26.3;7.3;15.2;2.06;0.7;0.23;0.32;0.51;0.48;0.072;38.8;6.51;2.92;2.09;0.37;1.2;6.09;97.8;74.2;9.1;2.4;12.2;0.2;0.17;0.05;0.06
13;100;50;50;100;20.01;5.29;14.9;3.5;3.6;0.158;62.4;22.83;11.53;6.56;1.18;3.78;8.31;166.4;103.8;38.5;7.6;16.6;2.02;1.02;0.24;0.31;0.64;0.62;0.074;37.6;8.25;3.73;2.66;0.46;1.52;6.59;100.4;75.2;9;3;13.2;0.26;0.22;0.06;0.08
13;100;50;100;0;22.02;4.72;13.46;3.14;3.24;0.145;69;22.29;11.01;6.79;1.15;3.67;7.41;156.7;104;30.6;7.3;14.8;2.03;0.65;0.23;0.33;0.39;0.37;0.066;31;5.53;2.55;1.73;0.32;1.06;6.05;70.3;50;6.1;2.1;12.1;0.18;0.1;0.04;0.05
13;100;50;100;50;22.22;5.29;15.12;3.43;3.48;0.15;69.2;23.28;11.59;6.88;1.14;3.79;8.38;171.1;101.4;45.4;7.6;16.8;2;0.92;0.24;0.33;0.54;0.56;0.069;30.8;7.97;3.6;2.61;0.43;1.5;6.74;76.2;51.1;8.6;3;13.5;0.26;0.16;0.06;0.08
13;100;50;100;100;22.39;5.79;16.49;3.75;3.8;0.155;68.1;24.57;12.38;7.2;1.24;3.94;9.16;169.4;98;45.2;7.9;18.3;1.93;1.25;0.25;0.36;0.75;0.71;0.071;31.9;9.79;4.47;3.13;0.53;1.85;7.33;79.3;52.5;8.4;3.7;14.7;0.33;0.21;0.07;0.09
13;100;100;0;0;18.1;4.66;13.32;3.65;3.77;0.153;58.9;24.72;12.21;7.44;1.27;4.03;7.36;166.1;107.3;36;8.1;14.7;2.49;0.68;0.25;0.36;0.28;0.28;0.074;41.1;3.44;1.61;1.1;0.18;0.64;5.96;115.6;97.2;5.3;1.3;11.9;0.08;0.13;0.03;0.04
13;100;100;0;50;17.5;4.88;13.57;3.89;3.94;0.158;57.8;25.02;12.66;7.29;1.27;4.13;7.45;163.7;106.6;33.9;8.3;14.9;2.46;0.87;0.26;0.34;0.33;0.35;0.081;42.2;4.07;1.9;1.24;0.22;0.75;6.11;119.3;97.7;7.9;1.5;12.2;0.09;0.18;0.03;0.04
13;100;100;0;100;17.37;4.97;14;4.09;4.17;0.163;57.6;25.67;12.99;7.44;1.3;4.16;7.86;163.3;106.2;33;8.3;15.7;2.44;1.1;0.27;0.36;0.45;0.43;0.094;42.4;4.51;2.08;1.46;0.25;0.81;6.15;120;98.1;8;1.6;12.3;0.09;0.26;0.03;0.04
13;100;100;50;0;20.38;5.05;14.52;3.68;3.81;0.149;64;25.56;12.64;7.72;1.29;4.19;8.1;169.6;103.4;41.6;8.4;16.2;2.37;0.81;0.26;0.37;0.36;0.35;0.071;36;4.8;2.15;1.56;0.28;0.86;6.42;95.1;75.4;5.2;1.7;12.8;0.15;0.13;0.03;0.04
13;100;100;50;50;20.19;5.45;15.66;4.05;4.1;0.154;62.5;26.59;13.24;8.05;1.34;4.31;8.67;167.5;100.8;40.7;8.6;17.3;2.35;1.08;0.28;0.39;0.49;0.48;0.073;37.5;6.38;2.87;2.06;0.38;1.14;6.99;100.5;77;7.3;2.3;14;0.2;0.17;0.05;0.06
13;100;100;50;100;20.33;5.86;16.73;4.45;4.45;0.164;61.5;27.21;13.89;7.9;1.34;4.28;9.27;165.5;98.1;40.3;8.6;18.5;2.27;1.5;0.28;0.4;0.6;0.64;0.077;38.5;8.18;3.77;2.65;0.45;1.57;7.46;103.7;78.6;7.1;3.1;14.9;0.26;0.23;0.06;0.08
13;100;100;100;0;22.37;5.4;15.66;3.83;3.94;0.146;70.4;27.02;13.35;8.13;1.34;4.36;8.71;172.9;99.2;47.5;8.7;17.4;2.31;0.96;0.27;0.4;0.4;0.39;0.069;29.6;5.53;2.51;1.78;0.31;1.04;6.95;72.7;52;4.7;2.1;13.9;0.18;0.12;0.04;0.05
13;100;100;100;50;22.98;6.08;17.05;4.2;4.18;0.151;68.5;27.65;13.81;8.22;1.42;4.54;9.47;171.5;95.8;47.7;9.1;18.9;2.21;1.3;0.28;0.39;0.62;0.57;0.07;31.5;7.95;3.73;2.51;0.43;1.54;7.58;78.6;53.3;7.1;3.1;15.2;0.27;0.16;0.06;0.07
13;100;100;100;100;23.23;6.48;18.45;4.48;4.61;0.162;67.2;28.47;14.24;8.44;1.47;4.59;10.15;168.7;92.2;47;9.2;20.3;2.11;1.82;0.29;0.4;0.76;0.75;0.073;32.8;10.03;4.57;3.28;0.55;1.89;8.3;82.1;54.8;6.9;3.8;16.6;0.35;0.23;0.08;0.1
14;0;0;0;0;14.82;2.02;5.5;1.19;1.16;0.127;71.3;9.13;4.48;2.76;0.48;1.57;3.04;250.2;216.1;24.8;3.1;6.1;0.57;0.35;0.1;0.14;0.14;0.15;0.052;28.7;2.29;0.99;0.78;0.12;0.45;2.46;100.4;92.9;1.8;0.9;4.9;0.08;0.02;0.02;0.02
14;0;0;0;50;14.44;2.02;5.77;1.19;1.22;0.13;71.1;9.39;4.48;2.88;0.53;1.53;3.23;249;215.6;23.9;3.1;6.5;0.57;0.41;0.1;0.14;0.15;0.16;0.054;28.9;2.46;1.09;0.8;0.15;0.49;2.54;101;93.1;1.9;1;5.1;0.09;0.03;0.02;0.02
14;0;0;0;100;14.18;2.15;6.15;1.43;1.35;0.133;70.3;10.17;5.1;3.02;0.52;1.67;3.43;245.7;212.5;23;3.3;6.9;0.56;0.53;0.11;0.15;0.19;0.18;0.06;29.7;2.65;1.18;0.87;0.15;0.48;2.72;103.5;94.2;2.9;1;5.4;0.09;0.05;0.02;0.02
14;0;0;50;0;16.95;2.18;6.5;1.18;1.2;0.124;76.1;9.63;4.56;3.01;0.55;1.54;3.62;252.3;213.4;28.6;3.1;7.2;0.57;0.38;0.1;0.14;0.22;0.21;0.057;23.9;3.42;1.55;1.15;0.19;0.63;2.88;79.3;70.4;1.8;1.3;5.8;0.13;0.02;0.02;0.04
14;0;0;50;50;16.99;2.69;7.65;1.33;1.32;0.125;75;10.55;5.1;3.19;0.58;1.76;4.29;247.7;207.7;27.9;3.5;8.6;0.54;0.52;0.1;0.16;0.29;0.29;0.059;25;4.75;2.15;1.55;0.26;0.92;3.36;82.4;72;1.8;1.8;6.7;0.19;0.03;0.03;0.05
14;0;0;50;100;17.32;3.11;8.88;1.62;1.57;0.135;73.9;11.65;5.73;3.53;0.62;1.94;4.96;244.6;203.2;27.5;3.9;9.9;0.54;0.73;0.14;0.17;0.38;0.4;0.062;26.1;6.31;2.81;2.06;0.37;1.18;3.92;86.2;73.2;2.8;2.4;7.8;0.25;0.05;0.04;0.06
14;0;0;100;0;18.45;2.62;7.39;1.27;1.26;0.121;81.2;10.35;5.05;3.17;0.53;1.79;4.07;251.5;208.9;30.9;3.6;8.1;0.55;0.44;0.12;0.15;0.26;0.27;0.059;18.8;4.45;1.94;1.49;0.27;0.83;3.32;57.9;47.8;1.9;1.7;6.6;0.18;0.02;0.03;0.04
14;0;0;100;50;19.21;3.21;8.94;1.49;1.46;0.124;80.1;11.81;5.74;3.58;0.61;2.01;4.97;247.4;201.9;31.6;4;9.9;0.55;0.6;0.13;0.18;0.43;0.39;0.06;19.9;6.28;2.85;2;0.35;1.2;3.97;61.2;49.1;1.8;2.4;7.9;0.25;0.03;0.04;0.06
14;0;0;100;100;19.84;3.69;10.44;1.74;1.71;0.131;78.8;13.02;6.4;3.93;0.68;2.17;5.8;242.7;194.9;31.8;4.3;11.6;0.5;0.88;0.14;0.19;0.46;0.49;0.062;21.2;7.84;3.51;2.55;0.44;1.52;4.63;65.1;50.4;2.4;3;9.3;0.31;0.04;0.06;0.08
14;0;50;0;0;15.35;2.15;6.32;1.31;1.27;0.121;70.4;10.5;4.97;3.29;0.58;1.7;3.5;246.5;210.7;25.4;3.4;7;0.56;0.45;0.1;0.15;0.17;0.15;0.055;29.6;2.34;1.06;0.75;0.13;0.45;2.81;103.3;94.9;1.9;0.9;5.6;0.08;0.03;0.02;0.02
14;0;50;0;50;15.07;2.24;6.8;1.49;1.44;0.129;69.9;11.18;5.38;3.48;0.59;1.79;3.77;243.5;207.7;24.7;3.6;7.5;0.53;0.64;0.11;0.16;0.17;0.17;0.058;30.1;2.56;1.14;0.82;0.15;0.45;3.02;104.8;96;1.8;0.9;6;0.09;0.04;0.02;0.02
14;0;50;0;100;14.85;2.56;7.22;1.74;1.7;0.139;69;12.19;6.05;3.68;0.61;2.05;3.99;239.6;203.6;24;4.1;8;0.54;0.86;0.12;0.18;0.21;0.21;0.065;31;2.91;1.31;0.96;0.14;0.52;3.23;107.5;97.5;2.5;1;6.5;0.1;0.06;0.02;0.03
14;0;50;50;0;17.81;2.69;7.5;1.4;1.38;0.117;74.9;11.71;5.59;3.61;0.63;1.99;4.19;246.8;204.8;29.7;4;8.4;0.54;0.53;0.13;0.17;0.21;0.23;0.06;25.1;3.64;1.63;1.19;0.22;0.7;3.31;82.6;72.8;1.8;1.4;6.6;0.14;0.03;0.03;0.03
14;0;50;50;50;17.85;3.03;8.92;1.66;1.63;0.126;73.8;12.9;6.2;3.96;0.69;2.09;5.1;242.4;199;29.1;4.2;10.2;0.52;0.78;0.14;0.19;0.3;0.32;0.062;26.2;5.06;2.19;1.71;0.26;0.93;3.82;85.7;74.4;1.8;1.9;7.6;0.2;0.04;0.03;0.05
14;0;50;50;100;17.95;3.54;10.03;1.93;1.95;0.143;73.5;13.64;6.75;4.05;0.7;2.25;5.59;250.6;192.5;42.4;4.5;11.2;0.48;1.13;0.15;0.19;0.41;0.44;0.064;26.5;6.8;3.03;2.23;0.4;1.29;4.44;90.3;76.2;2.6;2.6;8.9;0.27;0.06;0.05;0.07
14;0;50;100;0;19.31;3.05;8.66;1.59;1.55;0.121;80.1;12.79;6.21;3.95;0.64;2.17;4.81;244.9;198.8;32.1;4.3;9.6;0.53;0.69;0.14;0.19;0.3;0.29;0.06;19.9;4.68;2.1;1.55;0.27;0.88;3.85;60.8;49.6;1.7;1.8;7.7;0.19;0.03;0.04;0.05
14;0;50;100;50;20.33;3.63;10.28;1.99;1.88;0.13;79.7;14.5;7.09;4.38;0.74;2.35;5.63;255.4;189.6;49.8;4.7;11.3;0.51;1.01;0.15;0.21;0.41;0.41;0.062;20.3;6.52;2.95;2.08;0.37;1.27;4.65;64.8;51.3;1.6;2.5;9.3;0.26;0.04;0.05;0.06
14;0;50;100;100;21;4.08;11.88;2.35;2.27;0.141;78.4;16.1;8.02;4.8;0.81;2.63;6.59;250.3;181.7;50.2;5.3;13.2;0.48;1.39;0.18;0.23;0.52;0.52;0.063;21.6;8.18;3.55;2.79;0.44;1.46;5.29;68.7;52.8;2.4;2.9;10.6;0.33;0.06;0.06;0.08
14;0;100;0;0;16.02;2.58;7.37;1.59;1.62;0.128;70.4;12.7;6.19;3.83;0.69;2.12;4.12;254.6;202.7;39.4;4.2;8.2;0.56;0.74;0.14;0.19;0.15;0.17;0.058;29.6;2.45;1.12;0.8;0.14;0.46;3.25;107;97.8;1.7;0.9;6.5;0.08;0.04;0.02;0.03
14;0;100;0;50;15.79;2.78;7.54;1.96;1.85;0.137;69.5;13.46;6.74;4;0.68;2.28;4.17;249;197.4;38.6;4.6;8.3;0.51;1;0.15;0.2;0.2;0.19;0.064;30.5;2.63;1.22;0.84;0.14;0.5;3.37;109.2;99.8;1.7;1;6.7;0.09;0.05;0.02;0.02
14;0;100;0;100;15.34;2.9;7.95;2.19;2.1;0.15;68.9;14.08;7.08;4.08;0.73;2.34;4.45;246.1;195.4;37.1;4.7;8.9;0.51;1.24;0.16;0.2;0.21;0.22;0.068;31.1;2.97;1.37;0.95;0.16;0.56;3.51;111.2;100.5;2.5;1.1;7;0.1;0.07;0.02;0.03
14;0;100;50;0;18.6;3.02;8.75;1.77;1.74;0.124;74.4;14.08;6.8;4.27;0.76;2.3;4.87;253.6;193.3;46;4.6;9.7;0.5;0.89;0.14;0.21;0.25;0.24;0.061;25.6;3.83;1.76;1.2;0.24;0.71;3.88;86.9;76;1.8;1.4;7.8;0.15;0.04;0.03;0.04
14;0;100;50;50;18.73;3.53;9.89;2.1;2.09;0.136;73.5;15.44;7.58;4.57;0.82;2.56;5.53;249.4;187.7;45.6;5.1;11.1;0.5;1.2;0.17;0.22;0.35;0.34;0.064;26.5;5.15;2.32;1.63;0.29;0.97;4.36;89.8;77.5;1.6;1.9;8.7;0.2;0.05;0.04;0.05
14;0;100;50;100;18.76;3.98;11.31;2.58;2.53;0.155;72.2;16.37;8.27;4.85;0.82;2.64;6.33;244.6;182.4;44.2;5.3;12.7;0.5;1.63;0.17;0.23;0.45;0.46;0.065;27.8;6.97;3.16;2.28;0.39;1.34;4.98;94;79;2.3;2.7;10;0.27;0.07;0.06;0.07
14;0;100;100;0;20.37;3.48;9.95;2.04;1.89;0.121;79.6;15.6;7.66;4.7;0.8;2.6;5.51;252.3;185.5;50.6;5.2;11;0.47;1.03;0.16;0.23;0.3;0.31;0.061;20.4;4.83;2.14;1.56;0.28;0.87;4.45;64.3;52.1;1.6;1.7;8.9;0.19;0.03;0.04;0.05
14;0;100;100;50;21.47;4.17;11.92;2.39;2.32;0.133;78.4;17.38;8.53;5.27;0.9;2.86;6.68;248.2;177;52.2;5.7;13.4;0.47;1.41;0.18;0.26;0.49;0.43;0.062;21.6;6.84;3.08;2.22;0.38;1.31;5.24;68.3;53.7;1.5;2.6;10.5;0.28;0.05;0.05;0.06
14;0;100;100;100;21.8;4.71;13.29;2.9;2.88;0.154;77;18.78;9.44;5.58;0.9;3.07;7.43;242.2;169.4;51.8;6.1;14.9;0.44;1.97;0.21;0.27;0.56;0.56;0.064;23;8.68;3.9;2.84;0.5;1.64;5.87;72.2;55.1;2.1;3.3;11.7;0.35;0.06;0.07;0.08
14;50;0;0;0;15.9;2.5;6.99;1.78;1.74;0.141;66.6;12.35;6.1;3.65;0.69;2.05;3.88;202.4;166.1;24.4;4.1;7.8;1.1;0.33;0.13;0.18;0.15;0.16;0.055;33.4;2.44;1.09;0.8;0.14;0.45;3.11;101.6;90.9;3.6;0.9;6.2;0.08;0.04;0.02;0.02
14;50;0;0;50;15.41;2.57;7.39;1.89;1.8;0.142;66.1;12.68;6.32;3.73;0.62;2.05;4.15;200.4;164.6;23.4;4.1;8.3;1.07;0.41;0.13;0.19;0.22;0.19;0.059;33.9;2.91;1.26;0.97;0.17;0.52;3.24;102.7;91.6;3.6;1;6.5;0.09;0.06;0.02;0.03
14;50;0;0;100;15.29;2.88;8.02;2.02;1.97;0.144;65.4;13.71;6.95;3.97;0.7;2.29;4.47;200;163.8;22.7;4.6;8.9;1.1;0.52;0.15;0.2;0.25;0.24;0.068;34.6;3.3;1.45;1.11;0.19;0.59;3.55;105.6;92;5.3;1.2;7.1;0.09;0.1;0.02;0.03
14;50;0;50;0;18.07;2.89;8.08;1.84;1.79;0.138;71.5;12.96;6.48;3.86;0.68;2.18;4.5;204.6;163.2;28;4.4;9;1.08;0.38;0.14;0.19;0.25;0.24;0.06;28.5;3.71;1.68;1.23;0.19;0.71;3.58;81.5;69.2;3.7;1.4;7.2;0.13;0.04;0.03;0.04
14;50;0;50;50;17.98;3.27;9.27;1.95;1.91;0.139;70.6;13.78;6.82;4.16;0.69;2.25;5.17;202.2;160.2;27.2;4.5;10.3;1.06;0.49;0.15;0.21;0.36;0.34;0.062;29.4;5.3;2.35;1.71;0.33;1.02;4.11;84.2;70.4;3.5;2;8.2;0.19;0.06;0.04;0.05
14;50;0;50;100;18.24;3.68;10.49;2.17;2.12;0.144;69.1;14.75;7.29;4.42;0.76;2.41;5.81;199.2;155.7;27.1;4.8;11.6;1.04;0.72;0.15;0.21;0.44;0.44;0.064;30.9;6.66;2.99;2.15;0.38;1.27;4.69;88.8;72;4.9;2.5;9.4;0.24;0.08;0.05;0.06
14;50;0;100;0;19.26;3.1;8.84;1.84;1.82;0.136;77.4;13.4;6.57;4.13;0.67;2.23;4.92;205.4;161;30.1;4.5;9.8;1.07;0.41;0.14;0.2;0.29;0.3;0.061;22.6;4.73;2.07;1.61;0.27;0.87;3.92;59.8;46.7;3.5;1.7;7.8;0.17;0.04;0.04;0.05
14;50;0;100;50;20.32;3.69;10.48;2.01;1.99;0.135;76.3;14.83;7.26;4.42;0.8;2.46;5.92;203.3;155.3;31.2;4.9;11.8;1.02;0.59;0.16;0.22;0.43;0.41;0.061;23.7;6.58;2.93;2.16;0.39;1.22;4.56;63.1;48.1;3.4;2.4;9.1;0.25;0.06;0.05;0.06
14;50;0;100;100;20.59;4.02;11.96;2.31;2.25;0.14;74.7;16.04;7.89;4.84;0.85;2.49;6.69;200;150.5;31.2;5;13.4;0.99;0.86;0.16;0.24;0.56;0.53;0.064;25.3;8.13;3.63;2.65;0.43;1.53;5.27;67.7;49.3;4.8;3.1;10.5;0.31;0.08;0.06;0.08
14;50;50;0;0;16.07;3.08;8.9;2.25;2.27;0.141;66.1;16.11;7.86;4.92;0.83;2.57;5.02;202.9;162.8;24.9;5.1;10;1.43;0.43;0.17;0.24;0.17;0.17;0.057;33.9;2.53;1.17;0.83;0.14;0.51;3.88;103.9;92.5;2.6;1;7.8;0.08;0.04;0.02;0.02
14;50;50;0;50;15.72;3.17;9.13;2.41;2.4;0.146;65.5;16.5;8.13;4.95;0.82;2.66;5.07;200;160.6;23.9;5.3;10.1;1.39;0.61;0.17;0.23;0.19;0.2;0.062;34.5;2.8;1.23;0.92;0.17;0.52;4.06;105.3;93.6;2.6;1;8.1;0.09;0.06;0.02;0.03
14;50;50;0;100;15.48;3.39;9.71;2.66;2.63;0.151;64.6;17.42;8.77;5.16;0.86;2.8;5.36;198;158.4;23.2;5.6;10.7;1.38;0.82;0.19;0.24;0.23;0.24;0.07;35.4;3.16;1.42;1.01;0.18;0.58;4.35;108.4;94.7;3.8;1.2;8.7;0.09;0.1;0.02;0.03
14;50;50;50;0;18.58;3.69;9.86;2.45;2.35;0.137;70.7;17.23;8.65;5;0.87;2.98;5.5;203.4;157.4;29;6;11;1.38;0.53;0.19;0.25;0.23;0.24;0.06;29.3;3.73;1.7;1.2;0.17;0.72;4.35;84.1;71.4;2.6;1.4;8.7;0.14;0.04;0.03;0.03
14;50;50;50;50;18.44;3.97;11.21;2.68;2.57;0.142;69.6;18.19;9.06;5.39;0.95;3;6.22;200.4;153.6;28.3;6;12.4;1.36;0.75;0.19;0.27;0.39;0.35;0.064;30.4;5.23;2.37;1.65;0.31;0.97;4.99;87.2;72.8;2.5;1.9;10;0.19;0.06;0.04;0.05
14;50;50;50;100;18.56;4.32;12.35;2.97;2.88;0.152;69.8;18.93;9.53;5.63;0.94;3.06;6.89;211.3;149.8;41.7;6.1;13.8;1.32;1.1;0.2;0.27;0.47;0.45;0.066;30.2;6.69;3.04;2.22;0.38;1.27;5.46;91.2;74.2;3.6;2.5;10.9;0.25;0.09;0.05;0.06
14;50;50;100;0;19.81;3.8;10.99;2.49;2.47;0.137;76.4;18.03;8.84;5.36;1;2.89;6.14;202.7;153.4;31.3;5.8;12.3;1.34;0.67;0.18;0.27;0.33;0.3;0.062;23.6;4.77;2.17;1.57;0.27;0.91;4.84;62.4;48.6;2.3;1.8;9.7;0.18;0.04;0.04;0.05
14;50;50;100;50;21.08;4.52;12.69;2.78;2.78;0.143;76.5;19.57;9.68;5.97;1;3.25;7.1;216.5;147.1;48.7;6.5;14.2;1.3;0.99;0.21;0.29;0.42;0.43;0.063;23.5;6.72;2.95;2.28;0.39;1.27;5.59;66.3;50.1;2.4;2.5;11.2;0.26;0.06;0.05;0.06
14;50;50;100;100;21.28;4.98;13.95;3.12;3.07;0.15;75;20.55;10.16;6.1;1.08;3.36;7.72;212;141.2;48.6;6.7;15.4;1.23;1.33;0.21;0.29;0.55;0.55;0.064;25;8.36;3.75;2.75;0.44;1.62;6.23;70.6;51.6;3.3;3.2;12.5;0.33;0.08;0.06;0.08
14;50;100;0;0;16.37;3.72;10.63;3.01;2.95;0.147;66.6;20.18;10.04;6.06;1.01;3.29;5.92;214.2;157.7;38;6.6;11.8;1.74;0.71;0.21;0.3;0.17;0.17;0.059;33.4;2.4;1.07;0.79;0.14;0.43;4.71;107.1;95;1.8;0.9;9.4;0.08;0.04;0.02;0.02
14;50;100;0;50;16.21;3.8;11.03;3.27;3.19;0.152;65.8;21;10.45;6.24;1.12;3.33;6.21;211.1;154.5;37.5;6.7;12.4;1.7;0.96;0.22;0.3;0.21;0.19;0.063;34.2;2.66;1.22;0.86;0.14;0.46;4.82;109.8;96.6;2.6;0.9;9.6;0.09;0.06;0.02;0.03
14;50;100;0;100;15.73;4.03;11.35;3.38;3.4;0.159;65;21.46;10.78;6.38;1.02;3.46;6.26;207.5;152.3;35.8;6.9;12.5;1.67;1.21;0.23;0.3;0.22;0.23;0.071;35;2.95;1.33;0.97;0.15;0.56;5.09;111.6;97.7;2.6;1.1;10.2;0.1;0.08;0.02;0.03
14;50;100;50;0;19.03;4.18;11.84;3.08;3.04;0.142;71.1;21.35;10.73;6.29;1.03;3.48;6.57;215.8;150.9;44.8;7;13.1;1.65;0.86;0.22;0.3;0.23;0.24;0.062;28.9;3.68;1.66;1.22;0.18;0.7;5.27;87.4;73.8;1.6;1.4;10.5;0.14;0.04;0.03;0.04
14;50;100;50;50;19.09;4.64;12.99;3.36;3.32;0.149;69.8;22.36;11.03;6.72;1.14;3.63;7.19;212;146.2;44.2;7.3;14.4;1.6;1.17;0.24;0.31;0.37;0.34;0.065;30.2;5.17;2.38;1.65;0.29;1.01;5.8;91.7;75.5;2.6;2;11.6;0.2;0.06;0.04;0.05
14;50;100;50;100;18.93;5.1;14.24;3.71;3.74;0.161;68.8;23.22;11.74;6.81;1.13;3.8;7.94;208.5;142.2;42.8;7.6;15.9;1.59;1.59;0.24;0.32;0.45;0.46;0.066;31.2;6.87;3.06;2.27;0.37;1.3;6.3;94.5;77;2.3;2.6;12.6;0.27;0.08;0.05;0.07
14;50;100;100;0;20.75;4.74;13.21;3.21;3.19;0.14;76.7;22.84;11.27;6.8;1.19;3.82;7.39;216.8;145.3;49.1;7.6;14.8;1.61;1;0.24;0.33;0.32;0.31;0.062;23.3;4.77;2.2;1.49;0.26;0.92;5.82;65.7;50.6;1.7;1.8;11.6;0.19;0.04;0.04;0.04
14;50;100;100;50;22.04;5.23;14.83;3.55;3.53;0.145;75.2;24.31;12.1;7.16;1.26;3.99;8.37;214;137.8;51.5;8;16.7;1.51;1.41;0.25;0.36;0.43;0.43;0.063;24.8;6.66;3;2.19;0.36;1.24;6.46;70.2;52.4;2.4;2.5;12.9;0.26;0.05;0.05;0.06
14;50;100;100;100;22.11;5.63;16.21;3.95;3.98;0.159;73.8;25.01;12.48;7.47;1.26;3.95;8.94;208.6;132.3;50.4;7.9;17.9;1.45;1.92;0.26;0.35;0.58;0.57;0.065;26.2;8.64;3.94;2.82;0.46;1.68;7.27;74;53.8;2.3;3.4;14.5;0.35;0.07;0.06;0.08
14;100;0;0;0;17.55;2.93;8.65;2.34;2.23;0.148;59.2;15.09;7.55;4.45;0.79;2.36;4.86;151.6;113.3;23.9;4.7;9.7;1.53;0.32;0.16;0.22;0.2;0.2;0.061;40.8;3.06;1.35;1.04;0.15;0.57;3.8;104.4;89;6.7;1.1;7.6;0.08;0.08;0.02;0.03
14;100;0;0;50;17.15;3.32;9.24;2.32;2.34;0.149;59;15.69;7.82;4.71;0.81;2.58;5.11;151.4;113.3;22.7;5.2;10.2;1.54;0.4;0.17;0.23;0.33;0.27;0.068;41;3.75;1.77;1.17;0.22;0.74;4.13;105.3;89;6.5;1.5;8.3;0.09;0.12;0.03;0.04
14;100;0;0;100;16.87;3.5;9.77;2.48;2.46;0.151;58;16.37;8.21;4.76;0.88;2.69;5.41;151;112.9;21.8;5.4;10.8;1.55;0.5;0.17;0.23;0.34;0.34;0.075;42;4.31;1.98;1.35;0.24;0.81;4.37;109.4;89.3;9.8;1.6;8.7;0.09;0.18;0.03;0.04
14;100;0;50;0;19.56;3.36;9.46;2.31;2.27;0.145;64.6;15.66;7.76;4.71;0.77;2.56;5.2;154.2;111.1;27.6;5.1;10.4;1.51;0.37;0.16;0.23;0.27;0.27;0.062;35.4;4.17;1.9;1.34;0.24;0.8;4.26;84.5;68;6.4;1.6;8.5;0.12;0.08;0.03;0.04
14;100;0;50;50;19.44;3.8;10.84;2.41;2.4;0.146;64.1;16.47;8.17;4.98;0.88;2.68;6.08;154.4;110.4;26.5;5.4;12.2;1.51;0.47;0.17;0.24;0.41;0.41;0.066;35.9;5.98;2.66;1.93;0.31;1.12;4.76;86.6;68.4;6.4;2.2;9.5;0.18;0.12;0.04;0.06
14;100;0;50;100;19.66;4.21;12.07;2.65;2.57;0.15;62.3;17.25;8.64;5.08;0.88;2.76;6.7;153;108.1;26;5.5;13.4;1.46;0.69;0.17;0.25;0.56;0.54;0.069;37.7;7.74;3.52;2.45;0.45;1.45;5.37;92.7;69.6;9.4;2.9;10.7;0.24;0.17;0.06;0.07
14;100;0;100;0;21.01;3.66;10.23;2.43;2.33;0.143;71.1;16.31;8.07;4.83;0.85;2.67;5.64;156;109.4;30;5.3;11.3;1.5;0.42;0.17;0.23;0.33;0.33;0.063;28.9;5.12;2.26;1.67;0.29;0.99;4.59;63.3;45.9;6.2;2;9.2;0.17;0.08;0.04;0.05
14;100;0;100;50;21.81;4.32;12.15;2.5;2.48;0.142;70.1;17.55;8.73;5.25;0.87;2.94;6.75;156.6;106.7;30.5;5.9;13.5;1.46;0.58;0.19;0.25;0.47;0.49;0.065;29.9;7.31;3.27;2.43;0.43;1.38;5.4;66.6;46.9;6.2;2.8;10.8;0.24;0.12;0.06;0.07
14;100;0;100;100;21.94;4.74;13.59;2.75;2.71;0.146;68.2;18.6;9.25;5.58;0.91;3;7.61;155.3;104;30.1;6;15.2;1.4;0.84;0.19;0.27;0.65;0.62;0.067;31.8;9.16;4.22;2.92;0.54;1.73;5.98;72.5;47.9;9.1;3.5;12;0.3;0.17;0.06;0.09
14;100;50;0;0;17.74;3.9;11.26;3.26;3.12;0.15;59.3;20.86;10.36;6.27;1.02;3.3;6.16;155.2;112.3;24;6.6;12.3;2.19;0.42;0.22;0.29;0.23;0.23;0.065;40.7;3.21;1.44;1.03;0.17;0.6;5.1;106.7;89.7;5.6;1.2;10.2;0.08;0.09;0.02;0.03
14;100;50;0;50;17.64;4.12;11.91;3.42;3.31;0.153;58.3;21.71;10.88;6.38;1.15;3.43;6.66;154.8;111.1;23.5;6.9;13.3;2.17;0.6;0.22;0.31;0.31;0.3;0.075;41.7;3.69;1.66;1.19;0.23;0.69;5.24;110.7;90.6;8.3;1.4;10.5;0.09;0.15;0.03;0.03
14;100;50;0;100;17.03;4.34;12.38;3.5;3.48;0.157;57.9;22.2;11.16;6.52;1.1;3.55;6.9;153.8;110.9;22;7.1;13.8;2.15;0.78;0.22;0.32;0.37;0.37;0.084;42.1;4.27;1.99;1.34;0.24;0.8;5.48;111.7;90.7;8.4;1.6;11;0.09;0.21;0.03;0.04
14;100;50;50;0;19.91;4.47;12.32;3.34;3.19;0.146;64.6;21.87;11.01;6.36;1.14;3.65;6.93;158.1;109.1;27.9;7.3;13.9;2.14;0.5;0.23;0.31;0.31;0.29;0.065;35.4;4.31;1.98;1.35;0.26;0.82;5.39;86.7;69.1;5.2;1.6;10.8;0.13;0.09;0.03;0.04
14;100;50;50;50;20;4.84;13.75;3.34;3.38;0.149;62.9;22.7;11.33;6.75;1.19;3.72;7.64;157.2;107.2;27.3;7.4;15.3;2.09;0.73;0.24;0.32;0.43;0.43;0.071;37.1;5.98;2.73;1.92;0.33;1.12;6.11;92.5;70.1;7.9;2.2;12.2;0.19;0.15;0.04;0.06
14;100;50;50;100;20;5.17;14.95;3.7;3.67;0.158;63.9;23.33;11.72;6.9;1.17;3.68;8.3;169;105.3;39.7;7.4;16.6;2.06;1.05;0.24;0.32;0.58;0.58;0.073;36.1;7.78;3.56;2.54;0.41;1.49;6.65;95.3;71.2;7.9;3;13.3;0.25;0.2;0.06;0.07
14;100;50;100;0;21.45;4.65;13.24;3.25;3.29;0.146;70.7;22.56;11.15;6.78;1.16;3.7;7.38;159.2;106.6;30.5;7.4;14.8;2.08;0.64;0.25;0.32;0.35;0.35;0.064;29.3;5.26;2.33;1.71;0.31;0.95;5.86;65.9;47;5.3;1.9;11.7;0.17;0.09;0.04;0.05
14;100;50;100;50;22.46;5.17;15.12;3.63;3.55;0.149;70.6;23.83;11.84;7.11;1.25;3.82;8.36;173.9;102.4;47.1;7.6;16.7;2.01;0.96;0.25;0.34;0.5;0.51;0.068;29.4;7.34;3.27;2.43;0.44;1.35;6.76;72.2;48.5;7.5;2.7;13.5;0.25;0.14;0.05;0.07
14;100;50;100;100;22.82;5.85;16.46;3.79;3.88;0.155;69.7;25.12;12.55;7.52;1.29;4.08;9.12;172.7;99.3;47.1;8.2;18.2;1.95;1.3;0.27;0.37;0.66;0.65;0.07;30.3;9.12;4.19;2.87;0.49;1.78;7.34;75.2;49.7;7.3;3.6;14.7;0.31;0.18;0.07;0.09
14;100;100;0;0;18.08;4.72;13.28;3.78;3.82;0.153;60.7;25.11;12.42;7.54;1.28;4.13;7.39;169.3;109.2;37.1;8.3;14.8;2.51;0.7;0.26;0.35;0.25;0.24;0.072;39.3;3.14;1.45;1;0.17;0.59;5.89;109.5;92.1;4.5;1.2;11.8;0.08;0.11;0.02;0.03
14;100;100;0;50;17.57;4.71;13.77;4.09;4.06;0.157;59.6;25.95;13.12;7.64;1.31;4.08;7.64;167;107.7;35.9;8.2;15.3;2.5;0.92;0.26;0.39;0.31;0.29;0.079;40.4;3.53;1.62;1.11;0.2;0.63;6.13;113;93.1;6.4;1.3;12.3;0.09;0.15;0.02;0.04
14;100;100;0;100;17.43;5;13.93;4.24;4.25;0.162;59.2;26.21;13.25;7.72;1.28;4.24;7.77;165.5;107.1;34.3;8.5;15.5;2.44;1.15;0.28;0.37;0.4;0.38;0.091;40.8;4.07;1.9;1.27;0.22;0.76;6.16;114.2;93.6;6.8;1.5;12.3;0.09;0.22;0.03;0.04
14;100;100;50;0;20.17;5.09;14.26;4;3.92;0.15;65.8;26.3;13.15;7.8;1.32;4.29;7.96;172.7;105.2;43;8.6;15.9;2.43;0.83;0.28;0.38;0.32;0.32;0.069;34.2;4.35;1.99;1.34;0.25;0.8;6.3;89.7;71.3;4.3;1.6;12.6;0.13;0.11;0.03;0.04
14;100;100;50;50;20.54;5.58;15.52;4.22;4.14;0.154;64.2;27.02;13.65;7.95;1.32;4.43;8.71;170.8;102;42.5;8.9;17.4;2.33;1.13;0.29;0.4;0.43;0.44;0.072;35.8;6.04;2.77;1.99;0.34;1.15;6.81;95.3;73;6.4;2.3;13.6;0.19;0.15;0.04;0.06
14;100;100;50;100;20.39;5.9;16.56;4.58;4.52;0.164;63.2;27.66;14.06;8.01;1.38;4.48;9.21;168.4;99.6;41.3;9;18.4;2.31;1.54;0.29;0.39;0.57;0.59;0.075;36.8;7.7;3.52;2.47;0.46;1.42;7.35;98;74.3;6.1;2.8;14.7;0.26;0.2;0.05;0.07
14;100;100;100;0;22.02;5.4;15.29;3.99;3.97;0.147;72;27.08;13.39;8.04;1.44;4.44;8.61;175.3;101.8;47.4;8.9;17.2;2.34;0.94;0.28;0.4;0.4;0.37;0.068;28;5.32;2.39;1.73;0.31;0.96;6.68;68.2;48.7;4.2;1.9;13.4;0.18;0.11;0.04;0.05
14;100;100;100;50;22.99;5.92;17.09;4.36;4.28;0.151;69.9;28.4;14.14;8.5;1.43;4.56;9.43;173.2;96.2;49;9.1;18.9;2.23;1.35;0.3;0.4;0.52;0.53;0.069;30.1;7.51;3.33;2.45;0.44;1.36;7.66;74.6;50.8;5.8;2.7;15.3;0.27;0.13;0.06;0.07
14;100;100;100;100;23.32;6.41;18.26;4.79;4.73;0.162;69;29.24;14.78;8.59;1.5;4.69;10.18;172;93.4;48.9;9.4;20.4;2.16;1.87;0.3;0.41;0.69;0.67;0.072;31;9.21;4.17;3.02;0.5;1.72;8.08;77.1;51.9;5.6;3.4;16.2;0.33;0.19;0.07;0.09
15;0;0;0;0;15.37;1.94;5.51;1.22;1.23;0.133;73.1;9.24;4.53;2.77;0.48;1.55;3.11;256.6;221.3;25.9;3.1;6.2;0.64;0.36;0.1;0.14;0.15;0.14;0.051;26.9;2.17;0.96;0.72;0.12;0.39;2.4;94.3;86.8;1.9;0.8;4.8;0.08;0.02;0.02;0.02
15;0;0;0;50;14.97;2.04;5.84;1.32;1.3;0.135;72.5;9.63;4.73;2.93;0.49;1.57;3.2;253.4;219;24.8;3.1;6.4;0.62;0.44;0.1;0.14;0.17;0.16;0.055;27.5;2.48;1.12;0.81;0.13;0.47;2.64;95.7;87.6;1.9;0.9;5.3;0.09;0.03;0.02;0.02
15;0;0;0;100;14.53;2.16;6.14;1.52;1.41;0.138;72;10.24;5.1;3.11;0.5;1.67;3.42;250.8;216.7;23.9;3.3;6.8;0.6;0.54;0.11;0.15;0.2;0.17;0.058;28;2.63;1.24;0.79;0.13;0.5;2.72;97.6;88.4;2.8;1;5.4;0.09;0.04;0.02;0.02
15;0;0;50;0;17.38;2.21;6.41;1.22;1.26;0.129;77.3;9.74;4.68;2.98;0.51;1.58;3.49;256.3;216.7;29.4;3.2;7;0.62;0.4;0.1;0.14;0.22;0.2;0.057;22.7;3.23;1.5;1.05;0.18;0.63;2.92;75.1;66.3;1.8;1.3;5.8;0.12;0.02;0.03;0.03
15;0;0;50;50;17.35;2.56;7.6;1.41;1.41;0.131;76.6;10.76;5.21;3.33;0.6;1.75;4.31;253.6;212.7;28.7;3.5;8.6;0.61;0.52;0.11;0.16;0.3;0.28;0.059;23.4;4.51;1.98;1.5;0.21;0.82;3.29;77.3;67.3;1.8;1.6;6.6;0.18;0.02;0.03;0.04
15;0;0;50;100;17.56;3.01;8.86;1.7;1.62;0.139;75.2;11.71;5.72;3.57;0.61;1.84;4.97;248.4;206.6;28.2;3.7;9.9;0.58;0.75;0.12;0.17;0.39;0.38;0.061;24.8;6.17;2.77;2.01;0.35;1.17;3.88;81.6;68.9;2.6;2.3;7.8;0.25;0.04;0.04;0.06
15;0;0;100;0;18.24;2.49;7.21;1.27;1.32;0.129;82.6;10.22;4.93;3.12;0.53;1.7;4.08;257.2;215;30.6;3.4;8.2;0.63;0.42;0.11;0.15;0.25;0.27;0.058;17.4;4.36;1.88;1.46;0.26;0.79;3.14;54.1;44.5;1.7;1.6;6.3;0.18;0.02;0.03;0.04
15;0;0;100;50;19.3;3.13;9.02;1.5;1.51;0.128;81.4;11.79;5.71;3.58;0.64;1.92;5.19;253;207.1;31.8;3.8;10.4;0.59;0.6;0.13;0.18;0.35;0.38;0.06;18.6;6.25;2.76;2.03;0.37;1.2;3.83;57.6;45.8;1.7;2.4;7.7;0.25;0.03;0.05;0.06
15;0;0;100;100;20.17;3.54;10.39;1.8;1.8;0.135;80.1;13.34;6.53;4.07;0.71;2.16;5.84;247.9;199.2;32.7;4.3;11.7;0.56;0.9;0.13;0.2;0.49;0.47;0.061;19.9;7.51;3.33;2.49;0.38;1.38;4.54;61.5;47.2;2.5;2.8;9.1;0.3;0.04;0.05;0.07
15;0;50;0;0;15.65;2.11;6.31;1.37;1.41;0.133;72.3;10.69;5.16;3.26;0.59;1.67;3.62;252.8;215.9;26.3;3.3;7.2;0.63;0.51;0.11;0.17;0.17;0.15;0.054;27.7;2.29;1.03;0.74;0.13;0.44;2.69;96.7;88.7;1.8;0.9;5.4;0.08;0.03;0.02;0.02
15;0;50;0;50;15.54;2.39;6.78;1.54;1.56;0.134;71.4;11.62;5.66;3.56;0.64;1.97;3.71;247.7;210.8;25.6;3.9;7.4;0.6;0.66;0.13;0.17;0.17;0.16;0.058;28.6;2.41;1.06;0.77;0.15;0.42;3.07;99.1;90.4;1.7;0.8;6.1;0.08;0.04;0.02;0.02
15;0;50;0;100;15.24;2.51;7.16;1.77;1.79;0.144;70.7;12.43;6.1;3.71;0.64;2.01;4.04;244.8;207.9;24.8;4;8.1;0.6;0.88;0.13;0.18;0.21;0.19;0.063;29.3;2.7;1.24;0.87;0.14;0.5;3.12;101.2;91.4;2.6;1;6.2;0.09;0.06;0.02;0.03
15;0;50;50;0;18.1;2.69;7.49;1.55;1.53;0.128;76.2;12.02;5.96;3.61;0.6;2.01;4.21;250.9;208.1;30.4;4;8.4;0.6;0.62;0.14;0.18;0.23;0.22;0.059;23.8;3.46;1.58;1.09;0.19;0.68;3.29;78.2;68.5;1.7;1.4;6.6;0.13;0.03;0.03;0.03
15;0;50;50;50;18.46;3.18;8.87;1.77;1.74;0.13;75.1;13.41;6.57;4.11;0.68;2.22;5.02;246.6;201.8;30.3;4.4;10;0.58;0.81;0.14;0.2;0.33;0.31;0.062;24.9;4.75;2.23;1.49;0.25;0.96;3.84;81.4;70.1;1.7;1.9;7.7;0.18;0.04;0.04;0.04
15;0;50;50;100;18.5;3.6;10.09;2.1;2.1;0.147;74.9;14.3;7.09;4.23;0.76;2.37;5.58;256.1;196.1;44.2;4.7;11.2;0.56;1.18;0.15;0.2;0.43;0.42;0.064;25.1;6.42;2.84;2.05;0.38;1.24;4.5;85.6;71.5;2.6;2.5;9;0.25;0.06;0.04;0.06
15;0;50;100;0;19.36;2.92;8.53;1.62;1.59;0.125;81.2;12.71;6.1;3.84;0.69;2.09;4.75;249.3;203.5;32.1;4.2;9.5;0.58;0.68;0.14;0.19;0.28;0.29;0.06;18.8;4.59;2.02;1.52;0.25;0.83;3.78;57.5;46.4;1.9;1.7;7.6;0.18;0.03;0.03;0.04
15;0;50;100;50;20.34;3.66;10.5;1.94;1.94;0.134;80.9;14.52;7.19;4.42;0.75;2.45;5.88;260.8;194.3;49.8;4.9;11.8;0.55;1.01;0.16;0.22;0.41;0.41;0.061;19.1;6.57;2.94;2.14;0.37;1.21;4.62;61.2;48;1.5;2.4;9.2;0.27;0.03;0.05;0.06
15;0;50;100;100;21.01;4.06;11.53;2.31;2.29;0.145;79.8;15.82;7.76;4.74;0.83;2.55;6.48;255.8;187.2;50.5;5.1;13;0.53;1.37;0.16;0.23;0.52;0.51;0.063;20.2;7.93;3.58;2.5;0.43;1.51;5.05;64.7;49.2;2.4;3;10.1;0.32;0.05;0.06;0.07
15;0;100;0;0;16.56;2.55;7.21;1.69;1.66;0.131;71.9;12.69;6.25;3.91;0.59;2.12;4.02;259.1;205.8;41.1;4.2;8;0.57;0.77;0.14;0.18;0.17;0.16;0.056;28.1;2.34;1.06;0.77;0.13;0.43;3.19;101.1;92.1;1.8;0.9;6.4;0.08;0.04;0.01;0.02
15;0;100;0;50;16.19;2.79;7.78;1.97;1.94;0.141;71.2;13.72;6.85;4.06;0.72;2.31;4.4;255;201.8;39.8;4.6;8.8;0.57;1.01;0.15;0.21;0.19;0.18;0.064;28.8;2.54;1.21;0.78;0.16;0.49;3.38;102.8;93.4;1.6;1;6.8;0.09;0.05;0.02;0.02
15;0;100;0;100;15.96;2.93;8.07;2.25;2.21;0.153;70.3;14.45;7.39;4.15;0.69;2.4;4.48;250.6;198;38.8;4.8;9;0.56;1.3;0.16;0.2;0.23;0.21;0.067;29.7;2.8;1.25;0.92;0.16;0.53;3.59;105.5;94.7;2.5;1.1;7.2;0.09;0.07;0.02;0.02
15;0;100;50;0;19.09;3.16;8.84;1.93;1.88;0.128;75.9;14.7;7.2;4.42;0.75;2.49;4.97;259.4;196.8;47.7;5;9.9;0.57;0.93;0.16;0.22;0.23;0.23;0.06;24.1;3.54;1.56;1.17;0.23;0.68;3.87;82;71.3;1.6;1.4;7.7;0.13;0.03;0.03;0.03
15;0;100;50;50;19.2;3.56;10.08;2.24;2.18;0.139;74.7;15.77;7.91;4.61;0.81;2.6;5.6;253.4;190.2;46.8;5.2;11.2;0.55;1.24;0.17;0.23;0.34;0.34;0.064;25.3;5.1;2.29;1.65;0.29;0.96;4.49;85.5;73;1.6;1.9;9;0.2;0.05;0.04;0.05
15;0;100;50;100;19.47;3.95;11.24;2.68;2.66;0.157;73.5;16.93;8.44;5.01;0.88;2.72;6.33;248.5;183.8;46.5;5.4;12.7;0.51;1.72;0.17;0.25;0.47;0.44;0.065;26.5;6.57;2.96;2.15;0.36;1.22;4.91;89.3;74.6;2.4;2.4;9.8;0.26;0.07;0.05;0.06
15;0;100;100;0;20.28;3.47;9.9;2.02;1.98;0.126;81;15.71;7.66;4.73;0.79;2.55;5.61;258.3;191.5;50.5;5.1;11.2;0.56;1.02;0.17;0.24;0.34;0.31;0.061;19;4.83;2.25;1.53;0.26;0.91;4.29;60.4;48.5;1.6;1.8;8.6;0.19;0.03;0.04;0.05
15;0;100;100;50;21.51;4.16;11.92;2.49;2.36;0.137;79.5;17.3;8.5;5.2;0.91;2.81;6.68;252.4;181.5;51.9;5.6;13.4;0.52;1.41;0.18;0.25;0.43;0.45;0.063;20.5;7;3.17;2.29;0.38;1.36;5.24;65;50.1;1.6;2.7;10.5;0.28;0.05;0.05;0.07
15;0;100;100;100;22.41;4.64;13.47;3.02;2.99;0.156;78.1;19.18;9.68;5.64;0.93;3.06;7.52;246.8;172.4;53.3;6.1;15;0.5;2.03;0.19;0.27;0.54;0.55;0.065;21.9;8.41;3.79;2.81;0.49;1.59;5.95;68.9;51.7;2.2;3.2;11.9;0.33;0.06;0.06;0.09
15;50;0;0;0;15.98;2.42;7.08;1.91;1.9;0.151;68.3;12.7;6.22;3.81;0.67;1.99;3.99;206.3;169;25.3;4;8;1.24;0.35;0.13;0.19;0.15;0.15;0.053;31.7;2.35;1.03;0.77;0.14;0.43;3.09;95.4;85.5;2.9;0.9;6.2;0.08;0.04;0.01;0.02
15;50;0;0;50;15.76;2.67;7.46;1.97;2.01;0.152;68;13.27;6.6;3.9;0.71;2.17;4.18;205.2;167.9;24.6;4.3;8.4;1.25;0.43;0.14;0.19;0.17;0.16;0.057;32;2.52;1.14;0.81;0.15;0.51;3.28;96.4;86;2.8;1;6.6;0.08;0.04;0.02;0.02
15;50;0;0;100;15.5;2.76;8.07;2.09;2.1;0.152;67.3;13.9;6.84;4.2;0.7;2.22;4.58;203.7;166.2;23.9;4.4;9.2;1.21;0.55;0.14;0.21;0.23;0.21;0.065;32.7;2.98;1.38;0.94;0.16;0.54;3.49;99.1;86.7;4.3;1.1;7;0.09;0.08;0.02;0.03
15;50;0;50;0;18.16;2.83;8.09;1.91;1.97;0.148;73.3;13.37;6.69;3.95;0.74;2.23;4.56;209.4;166.8;29;4.5;9.1;1.24;0.39;0.14;0.2;0.22;0.21;0.058;26.7;3.28;1.51;1.07;0.17;0.61;3.54;76.1;64.8;2.9;1.2;7.1;0.12;0.04;0.02;0.03
15;50;0;50;50;18.09;3.29;9.02;2.06;2.06;0.147;72.3;14.05;7.11;4.09;0.71;2.38;4.99;205.9;162.6;28.6;4.8;10;1.2;0.51;0.15;0.2;0.28;0.3;0.06;27.7;4.71;2.14;1.55;0.23;0.92;4.03;78.8;66.3;2.6;1.8;8.1;0.17;0.04;0.04;0.05
15;50;0;50;100;18.06;3.71;10.41;2.26;2.28;0.152;71;15.05;7.45;4.45;0.8;2.47;5.87;203.3;159;27.7;4.9;11.7;1.17;0.73;0.17;0.22;0.46;0.42;0.064;29;6.43;2.95;2.06;0.38;1.24;4.54;82.9;67.5;3.8;2.5;9.1;0.24;0.07;0.05;0.06
15;50;0;100;0;18.69;3.02;8.77;1.91;1.96;0.146;78.9;13.47;6.67;4.03;0.72;2.19;4.96;209;164.8;29.9;4.4;9.9;1.21;0.41;0.14;0.2;0.28;0.28;0.059;21.1;4.46;1.98;1.46;0.26;0.83;3.81;55.6;43.7;2.7;1.7;7.6;0.17;0.03;0.03;0.04
15;50;0;100;50;20.06;3.64;10.36;2.18;2.13;0.143;77.7;14.96;7.39;4.45;0.77;2.44;5.84;206.4;158.4;31.4;4.9;11.7;1.17;0.59;0.16;0.22;0.4;0.39;0.06;22.3;6.29;2.83;2.09;0.34;1.2;4.52;59.3;45.1;2.7;2.4;9;0.24;0.04;0.05;0.06
15;50;0;100;100;20.77;4.13;11.92;2.42;2.41;0.147;75.9;16.48;8.15;4.96;0.83;2.67;6.58;202.7;152;32.2;5.3;13.2;1.11;0.89;0.16;0.25;0.54;0.5;0.063;24.1;7.74;3.54;2.46;0.45;1.46;5.34;64.1;46.6;3.9;2.9;10.7;0.3;0.07;0.06;0.07
15;50;50;0;0;16.11;3.09;8.78;2.49;2.53;0.154;67.9;16.45;8.29;4.92;0.81;2.67;4.96;206.6;165.5;25.8;5.3;9.9;1.61;0.5;0.18;0.24;0.14;0.14;0.054;32.1;2.24;0.98;0.76;0.11;0.42;3.82;97.4;87.1;1.8;0.8;7.6;0.08;0.03;0.01;0.02
15;50;50;0;50;16.05;3.28;9.27;2.62;2.67;0.154;67.1;17.39;8.67;5.12;0.87;2.83;5.14;203.4;162;25.5;5.7;10.3;1.59;0.65;0.18;0.25;0.15;0.16;0.058;32.9;2.42;1.06;0.81;0.14;0.46;4.13;99.6;88.6;1.8;0.9;8.3;0.08;0.04;0.01;0.02
15;50;50;0;100;15.71;3.41;9.71;2.87;2.89;0.159;66.3;18.22;9.18;5.28;0.99;2.92;5.44;200.7;159.4;24.6;5.8;10.9;1.56;0.88;0.19;0.26;0.18;0.2;0.065;33.7;2.76;1.22;0.93;0.14;0.48;4.26;101.9;89.8;2.7;1;8.5;0.09;0.07;0.02;0.03
15;50;50;50;0;18.43;3.41;9.96;2.56;2.62;0.149;72.3;17.64;8.7;5.29;0.92;2.75;5.56;206.8;160.1;30;5.5;11.1;1.56;0.61;0.18;0.26;0.18;0.2;0.058;27.7;3.22;1.52;0.99;0.17;0.66;4.39;79;67.1;1.8;1.3;8.8;0.12;0.03;0.02;0.03
15;50;50;50;50;18.66;3.9;11.19;2.81;2.77;0.149;71.1;18.66;9.43;5.43;0.96;2.98;6.23;203;155.1;29.5;6;12.5;1.51;0.8;0.19;0.27;0.3;0.3;0.062;28.9;4.73;2.11;1.6;0.26;0.92;4.95;82.3;68.8;1.8;1.8;9.9;0.18;0.04;0.03;0.05
15;50;50;50;100;18.72;4.4;12.2;3.05;3.07;0.16;71.3;19.3;9.68;5.74;0.96;3.14;6.79;214;150.7;43.4;6.3;13.6;1.45;1.15;0.2;0.27;0.44;0.42;0.064;28.7;6.37;2.87;2.08;0.35;1.26;5.41;86.1;70.3;2.5;2.5;10.8;0.25;0.06;0.05;0.06
15;50;50;100;0;19.5;3.78;10.8;2.69;2.64;0.146;77.9;18.09;8.95;5.37;0.97;2.94;6.06;206.2;156.8;31.4;5.9;12.1;1.52;0.66;0.19;0.27;0.32;0.28;0.06;22.1;4.55;2.07;1.47;0.25;0.84;4.74;58.4;45.5;1.7;1.7;9.5;0.18;0.03;0.03;0.04
15;50;50;100;50;20.66;4.38;12.69;2.92;2.95;0.15;77.8;19.71;9.88;5.83;1;3.17;7.08;219.3;149.8;49;6.3;14.2;1.45;1;0.21;0.29;0.39;0.41;0.062;22.2;6.56;2.9;2.23;0.35;1.21;5.6;62.4;47.1;1.7;2.4;11.2;0.26;0.04;0.05;0.07
15;50;50;100;100;21.4;4.83;13.97;3.27;3.31;0.156;76.6;21.25;10.53;6.38;1.07;3.35;7.87;216.5;143.4;50.7;6.7;15.7;1.4;1.38;0.22;0.31;0.49;0.5;0.064;23.4;7.67;3.41;2.56;0.4;1.49;6.1;66;48.5;2.3;3;12.2;0.31;0.06;0.06;0.07
15;50;100;0;0;16.82;3.73;10.66;3.14;3.18;0.156;68.3;20.55;10.25;6.15;1.04;3.29;6.03;218.8;160.5;39.7;6.6;12.1;1.93;0.74;0.21;0.3;0.14;0.16;0.058;31.7;2.32;1.03;0.74;0.16;0.44;4.63;101.3;89.3;1.8;0.9;9.3;0.08;0.04;0.02;0.02
15;50;100;0;50;16.86;3.86;11.05;3.31;3.41;0.16;67.3;21.3;10.56;6.3;1.13;3.4;6.16;215.2;156.9;39.2;6.8;12.3;1.88;1;0.23;0.3;0.19;0.18;0.064;32.7;2.54;1.12;0.86;0.14;0.46;4.9;104.4;90.9;2.7;0.9;9.8;0.08;0.06;0.02;0.02
15;50;100;0;100;16.47;4.16;11.32;3.6;3.66;0.167;66.7;22;11.26;6.33;1.09;3.63;6.4;212.1;154.1;37.9;7.3;12.8;1.84;1.28;0.23;0.31;0.23;0.21;0.071;33.3;2.75;1.26;0.9;0.15;0.53;4.93;105.7;92.2;2.6;1.1;9.9;0.09;0.08;0.02;0.02
15;50;100;50;0;19.44;4.18;12.04;3.19;3.27;0.15;72.5;21.94;10.88;6.55;1.16;3.51;6.8;219.6;152.5;46.5;7;13.6;1.81;0.91;0.22;0.33;0.23;0.23;0.061;27.5;3.53;1.6;1.13;0.2;0.67;5.24;83.2;69.7;1.7;1.3;10.5;0.13;0.04;0.03;0.03
15;50;100;50;50;19.77;4.67;13.2;3.55;3.6;0.156;71.3;23.16;11.63;6.91;1.13;3.75;7.43;216.4;147.8;46.2;7.5;14.9;1.78;1.23;0.24;0.35;0.32;0.33;0.064;28.7;4.92;2.21;1.59;0.28;0.92;5.76;87;71.3;2.4;1.8;11.5;0.19;0.06;0.04;0.05
15;50;100;50;100;19.71;5;14.03;3.94;3.94;0.168;70.1;23.48;11.83;6.8;1.24;3.74;7.84;211.9;143.7;45;7.5;15.7;1.71;1.67;0.24;0.33;0.43;0.44;0.066;29.9;6.56;3.01;2.05;0.36;1.26;6.19;90.1;72.7;2.5;2.5;12.4;0.25;0.08;0.05;0.06
15;50;100;100;0;20.67;4.61;12.96;3.31;3.35;0.148;77.9;22.71;11.31;6.63;1.23;3.71;7.29;219.5;148.6;48.9;7.4;14.6;1.78;0.99;0.24;0.33;0.34;0.31;0.062;22.1;4.8;2.14;1.57;0.28;0.9;5.67;62.2;47.3;1.7;1.8;11.3;0.19;0.04;0.03;0.04
15;50;100;100;50;21.74;5.12;14.73;3.75;3.68;0.153;76.3;24.12;12.1;7.06;1.24;3.88;8.22;216.3;141.1;51;7.8;16.4;1.7;1.39;0.24;0.35;0.46;0.43;0.062;23.7;6.7;3;2.21;0.38;1.24;6.51;66.8;49;2.3;2.5;13;0.27;0.05;0.04;0.06
15;50;100;100;100;22.64;5.69;15.95;4.27;4.27;0.166;75.3;25.81;13.05;7.51;1.3;4.14;9.06;213.2;134.3;52.5;8.3;18.1;1.63;2;0.27;0.37;0.51;0.52;0.064;24.7;7.99;3.61;2.59;0.42;1.54;6.89;69.5;50.5;2.1;3.1;13.8;0.32;0.07;0.06;0.07
15;100;0;0;0;17.86;3.04;8.71;2.52;2.49;0.159;61.2;15.72;8.03;4.57;0.86;2.55;4.86;155.2;115.1;25.3;5.1;9.7;1.76;0.34;0.16;0.23;0.18;0.18;0.059;38.8;2.76;1.22;0.91;0.17;0.48;3.85;98.2;83.9;5.7;1;7.7;0.07;0.07;0.02;0.02
15;100;0;0;50;17.33;3.21;9.2;2.55;2.59;0.16;61.1;16.28;8.13;4.86;0.8;2.59;5.22;155;115.2;24.1;5.2;10.4;1.76;0.43;0.17;0.24;0.24;0.24;0.066;38.9;3.29;1.48;1.06;0.16;0.61;3.98;98.6;83.8;5.6;1.2;8;0.08;0.11;0.02;0.03
15;100;0;0;100;17.07;3.43;9.78;2.68;2.66;0.16;59.8;16.7;8.38;5.05;0.8;2.67;5.5;153.6;114.5;22.8;5.3;11;1.71;0.53;0.17;0.24;0.31;0.31;0.074;40.2;3.99;1.85;1.28;0.22;0.76;4.29;103.1;84.3;8.8;1.5;8.6;0.08;0.16;0.03;0.04
15;100;0;50;0;19.71;3.37;9.54;2.49;2.49;0.155;66.3;16.16;8.18;4.72;0.81;2.65;5.27;157.1;112.8;28.5;5.3;10.5;1.69;0.39;0.17;0.24;0.26;0.25;0.062;33.7;3.87;1.73;1.28;0.2;0.72;4.27;79.7;64;5.7;1.4;8.5;0.12;0.07;0.03;0.04
15;100;0;50;50;19.43;3.75;10.61;2.61;2.57;0.155;65.6;16.63;8.35;4.87;0.85;2.66;5.92;156.3;111.5;27.6;5.3;11.8;1.66;0.49;0.17;0.25;0.37;0.37;0.066;34.4;5.46;2.52;1.76;0.32;1.09;4.69;81.7;64.7;5.5;2.2;9.4;0.17;0.1;0.04;0.05
15;100;0;50;100;19.72;4.13;12.14;2.74;2.82;0.158;64.2;17.86;8.88;5.39;0.91;2.85;6.88;156.2;109.7;27;5.7;13.8;1.66;0.72;0.18;0.27;0.52;0.5;0.068;35.8;7.22;3.25;2.31;0.43;1.28;5.27;87.1;65.6;8.4;2.6;10.5;0.23;0.15;0.05;0.07
15;100;0;100;0;20.41;3.51;10.15;2.51;2.49;0.154;72.8;16.22;8.12;4.77;0.77;2.59;5.72;158.4;112.1;29.7;5.2;11.4;1.68;0.41;0.16;0.24;0.3;0.32;0.061;27.2;4.97;2.18;1.72;0.24;0.92;4.43;59.2;42.9;5.6;1.8;8.9;0.17;0.06;0.03;0.05
15;100;0;100;50;21.39;4.2;11.85;2.67;2.68;0.152;71.5;17.73;8.83;5.17;0.94;2.87;6.53;157.9;108.3;30.8;5.7;13.1;1.65;0.58;0.19;0.25;0.43;0.45;0.064;28.5;6.95;3.14;2.24;0.41;1.33;5.32;62.8;44.2;5.3;2.7;10.6;0.24;0.1;0.05;0.07
15;100;0;100;100;22.13;4.61;13.21;2.96;2.94;0.154;70.1;19.16;9.52;5.72;0.97;3.07;7.48;158.1;105.5;31.5;6.1;15;1.59;0.87;0.2;0.28;0.56;0.56;0.067;29.9;8.23;3.73;2.68;0.42;1.53;5.73;67.5;45.2;7.8;3.1;11.5;0.28;0.14;0.06;0.08
15;100;50;0;0;18.06;4.03;11.33;3.41;3.49;0.163;61.3;21.45;10.74;6.43;1.1;3.48;6.32;159.1;114.1;25.4;7;12.6;2.46;0.5;0.22;0.31;0.2;0.2;0.063;38.7;2.89;1.32;0.88;0.18;0.55;5;100.4;84.5;4.8;1.1;10;0.08;0.08;0.02;0.03
15;100;50;0;50;17.77;4.14;11.77;3.58;3.58;0.163;60;22.04;11.16;6.44;1.11;3.52;6.54;157.3;112.7;24.4;7;13.1;2.4;0.63;0.23;0.32;0.28;0.28;0.075;40;3.43;1.58;1.1;0.19;0.62;5.23;104.6;85.4;7.5;1.2;10.5;0.08;0.14;0.02;0.03
15;100;50;0;100;17.31;4.38;12.38;3.74;3.8;0.168;59.8;22.69;11.39;6.69;1.19;3.63;6.94;156.6;112.1;23.5;7.3;13.9;2.43;0.81;0.23;0.32;0.33;0.32;0.079;40.2;3.83;1.75;1.23;0.2;0.75;5.44;105.1;85.9;6.8;1.5;10.9;0.09;0.17;0.03;0.03
15;100;50;50;0;20.05;4.4;12.32;3.54;3.55;0.16;66.2;22.3;11.38;6.51;1.11;3.66;6.89;160.9;111;28.8;7.3;13.8;2.41;0.59;0.23;0.31;0.25;0.27;0.064;33.8;3.98;1.78;1.32;0.21;0.74;5.44;82;65;4.7;1.5;10.9;0.12;0.08;0.03;0.04
15;100;50;50;50;20.11;4.72;13.49;3.7;3.67;0.159;64.7;23.19;11.59;6.86;1.18;3.73;7.54;159.1;108.1;28.5;7.5;15.1;2.35;0.76;0.23;0.33;0.39;0.38;0.069;35.3;5.33;2.36;1.75;0.31;0.99;5.95;86.8;66.4;6.5;2;11.9;0.17;0.12;0.04;0.05
15;100;50;50;100;20.18;5.08;14.9;3.88;3.97;0.167;65.7;23.84;12.11;7.03;1.22;3.75;8.34;172.1;106.5;41.4;7.5;16.7;2.31;1.08;0.24;0.34;0.49;0.52;0.071;34.3;7.2;3.21;2.38;0.42;1.34;6.55;89.8;67.3;6.8;2.7;13.1;0.24;0.17;0.05;0.07
15;100;50;100;0;20.85;4.68;13.13;3.43;3.55;0.158;72.3;22.58;11.37;6.7;1.08;3.76;7.36;161.6;109.2;30.2;7.5;14.7;2.35;0.63;0.25;0.33;0.33;0.33;0.063;27.7;5.09;2.27;1.69;0.29;0.92;5.77;61.8;43.9;4.5;1.8;11.5;0.18;0.08;0.03;0.05
15;100;50;100;50;22.06;5.25;14.83;3.9;3.85;0.159;72.3;24.24;12.28;7.12;1.19;3.85;8.38;176.6;104.7;47.5;7.7;16.8;2.28;0.96;0.26;0.35;0.48;0.5;0.068;27.7;7.17;3.23;2.32;0.4;1.41;6.45;67.6;45.4;6.5;2.8;12.9;0.25;0.12;0.06;0.07
15;100;50;100;100;22.76;5.66;16.12;4.08;4.14;0.163;71.3;25.44;12.86;7.39;1.35;4.13;9.04;175.3;100.1;48.8;8.3;18.1;2.16;1.35;0.27;0.36;0.6;0.6;0.069;28.7;8.51;3.81;2.78;0.46;1.53;7.08;70.5;47;6.3;3.1;14.2;0.3;0.16;0.06;0.08
15;100;100;0;0;18.38;4.75;13.28;4.12;4.21;0.163;62.4;25.88;13;7.72;1.33;4.18;7.4;172.3;110.2;39;8.4;14.8;2.82;0.74;0.27;0.37;0.23;0.22;0.07;37.6;2.83;1.36;0.89;0.15;0.57;5.88;103.9;87.2;3.8;1.1;11.8;0.08;0.1;0.02;0.02
15;100;100;0;50;17.77;4.68;13.59;4.42;4.42;0.167;61.5;26.51;13.47;7.78;1.29;4.11;7.62;170;109;37.6;8.2;15.2;2.8;0.96;0.28;0.38;0.26;0.26;0.075;38.5;3.23;1.49;1.02;0.18;0.58;5.97;106.4;88;5.4;1.2;11.9;0.08;0.12;0.02;0.03
15;100;100;0;100;17.49;4.94;13.98;4.53;4.65;0.172;61;27.03;13.64;7.95;1.36;4.27;7.86;168.6;107.9;36.4;8.5;15.7;2.77;1.21;0.28;0.38;0.34;0.33;0.085;39;3.63;1.7;1.14;0.17;0.66;6.12;107.7;88.7;5.5;1.3;12.2;0.09;0.18;0.02;0.04
15;100;100;50;0;20.47;5.08;14.37;4.23;4.27;0.159;67.3;26.96;13.47;8.04;1.37;4.34;8.06;175.7;105.9;45;8.7;16.1;2.72;0.88;0.28;0.39;0.27;0.28;0.067;32.7;3.97;1.76;1.3;0.23;0.75;6.31;85.1;67.5;3.5;1.5;12.6;0.13;0.09;0.03;0.04
15;100;100;50;50;20.68;5.51;15.58;4.56;4.51;0.163;65.9;27.76;14.2;8.19;1.36;4.49;8.73;174.1;103;44.6;9;17.5;2.64;1.18;0.28;0.4;0.4;0.39;0.07;34.1;5.45;2.42;1.78;0.31;1.02;6.84;89.9;69;5.2;2;13.7;0.18;0.12;0.04;0.05
15;100;100;50;100;20.78;5.89;16.41;4.72;4.87;0.173;64.8;28.26;14.38;8.25;1.4;4.57;9.07;171;100.2;43.6;9.1;18.1;2.57;1.6;0.3;0.4;0.57;0.52;0.073;35.2;7.04;3.23;2.26;0.41;1.33;7.34;92.8;70.4;5.1;2.7;14.7;0.24;0.17;0.05;0.07
15;100;100;100;0;21.61;5.36;15.25;4.29;4.29;0.157;73.2;27.5;13.88;8.12;1.32;4.46;8.51;176.8;103;47.9;8.9;17;2.64;0.96;0.3;0.4;0.35;0.35;0.066;26.8;5.07;2.26;1.68;0.27;0.91;6.74;64.5;46;3.2;1.8;13.5;0.18;0.08;0.04;0.05
15;100;100;100;50;22.65;5.89;16.86;4.71;4.55;0.16;71.4;28.5;14.44;8.29;1.42;4.59;9.36;175.6;98.3;49.3;9.2;18.7;2.51;1.35;0.29;0.41;0.52;0.5;0.068;28.6;7.3;3.31;2.38;0.39;1.3;7.5;70.2;47.6;5;2.6;15;0.26;0.12;0.05;0.07
15;100;100;100;100;23.45;6.34;18.14;5.07;5.07;0.17;70.3;29.94;15.23;8.6;1.56;4.71;10.07;173.7;93;51.1;9.4;20.1;2.38;1.95;0.31;0.43;0.61;0.62;0.07;29.7;8.66;3.95;2.81;0.48;1.63;8.07;73.4;49.4;4.6;3.3;16.1;0.32;0.15;0.06;0.08
16;0;0;0;0;15.69;1.9;5.49;1.24;1.23;0.134;74.9;9.24;4.46;2.89;0.48;1.52;3.15;262.7;226.6;26.7;3;6.3;0.63;0.36;0.1;0.14;0.11;0.12;0.045;25.1;2.09;0.89;0.75;0.14;0.38;2.34;87.9;80.6;1.8;0.8;4.7;0.06;0.02;0.02;0.02
16;0;0;0;50;15.46;1.99;5.79;1.41;1.33;0.135;74.4;9.85;4.94;2.87;0.51;1.59;3.24;259.2;223.5;26;3.2;6.5;0.63;0.45;0.11;0.15;0.13;0.12;0.046;25.6;2.18;0.97;0.7;0.12;0.4;2.55;89.2;81.6;1.8;0.8;5.1;0.06;0.03;0.01;0.02
16;0;0;0;100;15.1;2.26;6.33;1.52;1.52;0.142;73.6;10.67;5.28;3.21;0.54;1.78;3.52;256.1;220.5;25;3.6;7;0.61;0.64;0.12;0.15;0.18;0.15;0.052;26.4;2.52;1.15;0.84;0.15;0.48;2.82;91.8;82.5;2.7;1;5.6;0.07;0.04;0.02;0.02
16;0;0;50;0;17.97;2.28;6.42;1.35;1.29;0.128;78.8;10.07;4.86;3.1;0.55;1.68;3.58;262.3;221.2;30.6;3.4;7.2;0.61;0.42;0.11;0.15;0.15;0.16;0.048;21.2;3;1.33;0.99;0.17;0.6;2.84;70.5;61.9;1.8;1.2;5.7;0.09;0.02;0.02;0.03
16;0;0;50;50;17.92;2.6;7.67;1.47;1.44;0.13;78;11.04;5.38;3.37;0.59;1.79;4.32;259;217;29.8;3.6;8.6;0.61;0.54;0.11;0.17;0.24;0.24;0.052;22;4.39;1.92;1.45;0.27;0.81;3.34;73;62.9;1.8;1.6;6.7;0.14;0.03;0.03;0.04
16;0;0;50;100;17.98;3.13;8.66;1.69;1.67;0.138;76.8;12.11;5.98;3.56;0.64;2.02;4.99;253.7;210.3;29.4;4;10;0.58;0.78;0.13;0.19;0.32;0.31;0.053;23.2;5.76;2.56;1.83;0.35;1.11;3.67;76.4;64.4;2.4;2.2;7.3;0.18;0.04;0.04;0.05
16;0;0;100;0;18.6;2.54;7.17;1.38;1.32;0.128;83.6;10.36;5.1;3.15;0.52;1.76;3.96;261.8;219;31.4;3.5;7.9;0.62;0.44;0.12;0.15;0.24;0.23;0.051;16.4;4.26;1.85;1.41;0.24;0.78;3.22;51.4;41.6;1.8;1.6;6.4;0.13;0.02;0.03;0.04
16;0;0;100;50;19.28;3.17;9.02;1.48;1.48;0.128;82.4;11.59;5.63;3.54;0.64;2.01;5.02;257;211.4;31.6;4;10;0.57;0.6;0.13;0.17;0.36;0.34;0.052;17.6;6.37;2.82;2.18;0.34;1.17;4.01;54.8;42.8;1.7;2.3;8;0.2;0.03;0.05;0.07
16;0;0;100;100;20.09;3.59;10.37;1.82;1.81;0.136;81.2;13.38;6.53;4.07;0.67;2.22;5.84;252.4;203.7;32.6;4.4;11.7;0.56;0.9;0.15;0.2;0.42;0.41;0.053;18.8;7.49;3.29;2.5;0.43;1.37;4.52;58.2;43.9;2.5;2.7;9;0.24;0.04;0.05;0.08
16;0;50;0;0;16.1;2.17;6.34;1.47;1.43;0.131;73.9;10.87;5.26;3.31;0.58;1.75;3.57;257.5;219.8;27.1;3.5;7.1;0.62;0.53;0.11;0.17;0.16;0.13;0.047;26.1;2.24;1;0.72;0.13;0.42;2.77;90.9;82.7;1.8;0.8;5.5;0.06;0.03;0.01;0.02
16;0;50;0;50;15.96;2.39;6.79;1.57;1.63;0.139;73.3;11.73;5.81;3.46;0.61;1.94;3.88;254;215.7;26.7;3.9;7.8;0.58;0.74;0.12;0.18;0.14;0.14;0.051;26.7;2.4;1.1;0.78;0.12;0.45;2.91;92.5;84;1.8;0.9;5.8;0.07;0.04;0.01;0.02
16;0;50;0;100;15.9;2.58;7.34;1.98;1.94;0.149;72.2;13.01;6.45;3.84;0.65;2.09;4.2;249;210.3;26.2;4.2;8.4;0.6;1.01;0.14;0.19;0.17;0.17;0.057;27.8;2.64;1.18;0.86;0.16;0.49;3.13;95.5;85.6;2.6;1;6.3;0.07;0.06;0.02;0.02
16;0;50;50;0;18.65;2.63;7.58;1.55;1.56;0.127;77.7;12.32;5.95;3.73;0.63;2.03;4.26;256.2;212;31.6;4.1;8.5;0.6;0.64;0.13;0.18;0.19;0.18;0.05;22.3;3.24;1.42;1.06;0.17;0.6;3.32;73.5;64;1.7;1.2;6.6;0.1;0.03;0.02;0.03
16;0;50;50;50;18.57;3.03;8.79;1.79;1.8;0.136;76.6;13.28;6.51;4.04;0.67;2.2;4.92;250.7;205.8;30.7;4.4;9.8;0.56;0.89;0.14;0.2;0.26;0.25;0.053;23.4;4.61;2.02;1.55;0.24;0.84;3.87;76.5;65.4;1.6;1.7;7.7;0.15;0.04;0.03;0.04
16;0;50;50;100;18.96;3.55;10.11;2.28;2.17;0.146;76.3;14.87;7.44;4.36;0.77;2.44;5.67;260.4;198.3;45.9;4.9;11.3;0.56;1.24;0.16;0.21;0.42;0.35;0.056;23.7;6.08;2.71;1.99;0.32;1.11;4.44;80.7;67.2;2.5;2.2;8.9;0.19;0.06;0.05;0.06
16;0;50;100;0;19.22;2.96;8.44;1.57;1.58;0.125;82.5;12.6;6.14;3.76;0.66;2.07;4.76;254.7;209;32;4.1;9.5;0.58;0.68;0.14;0.19;0.27;0.25;0.051;17.5;4.6;2.04;1.5;0.28;0.89;3.68;54;43.1;1.7;1.8;7.4;0.15;0.03;0.03;0.04
16;0;50;100;50;20.46;3.63;10.57;1.9;1.96;0.134;82;14.66;7.17;4.41;0.79;2.37;5.93;265.4;198.6;50.2;4.7;11.9;0.56;1.02;0.16;0.22;0.41;0.35;0.053;18;6.5;2.95;2.14;0.34;1.26;4.64;58.2;44.7;1.6;2.5;9.3;0.21;0.04;0.05;0.06
16;0;50;100;100;21.18;4.09;11.73;2.36;2.35;0.145;80.8;16.26;8.03;4.84;0.86;2.62;6.61;260.3;190.6;51.3;5.2;13.2;0.53;1.41;0.18;0.23;0.45;0.44;0.055;19.2;7.77;3.37;2.61;0.46;1.47;5.13;61.5;46;2.4;2.9;10.3;0.25;0.06;0.06;0.07
16;0;100;0;0;16.98;2.58;7.5;1.68;1.72;0.13;73.6;13.25;6.35;4.06;0.73;2.16;4.25;265.1;209.5;42.7;4.3;8.5;0.59;0.8;0.13;0.2;0.13;0.13;0.05;26.4;2.2;0.96;0.74;0.11;0.41;3.25;94.9;85.9;1.7;0.8;6.5;0.06;0.04;0.01;0.02
16;0;100;0;50;16.69;2.68;7.76;2.08;2.07;0.147;72.9;14.09;6.9;4.21;0.73;2.22;4.41;260.2;205.3;41.6;4.4;8.8;0.57;1.15;0.14;0.21;0.16;0.16;0.056;27.1;2.38;1.08;0.77;0.13;0.46;3.34;96.4;87.1;1.7;0.9;6.7;0.06;0.05;0.02;0.02
16;0;100;0;100;16.48;3.02;8.24;2.4;2.29;0.153;72;15.04;7.65;4.4;0.74;2.46;4.63;255.7;201.1;40.4;4.9;9.3;0.56;1.36;0.16;0.21;0.22;0.19;0.061;28;2.76;1.29;0.87;0.15;0.55;3.61;99.3;88.4;2.5;1.1;7.2;0.07;0.07;0.02;0.03
16;0;100;50;0;19.45;3.15;8.83;2.02;2;0.134;77.4;14.96;7.36;4.49;0.78;2.49;5.04;264.6;200.7;48.8;5;10.1;0.57;1.04;0.16;0.22;0.19;0.19;0.052;22.6;3.43;1.5;1.15;0.2;0.66;3.79;77.1;66.6;1.6;1.3;7.6;0.1;0.04;0.02;0.03
16;0;100;50;50;19.84;3.66;10.24;2.34;2.37;0.145;76.2;16.43;8.18;4.91;0.83;2.73;5.81;258.9;193;48.9;5.5;11.6;0.55;1.41;0.17;0.25;0.3;0.28;0.056;23.8;4.83;2.23;1.53;0.25;0.94;4.43;80.7;68.4;1.6;1.9;8.9;0.15;0.05;0.04;0.04
16;0;100;50;100;19.67;4.08;11.33;2.77;2.72;0.158;75.1;17.27;8.74;5.05;0.9;2.84;6.39;254.1;188.2;47.5;5.7;12.8;0.54;1.74;0.18;0.25;0.41;0.38;0.058;24.9;6.37;2.86;2.12;0.36;1.24;4.94;84;69.5;2.2;2.5;9.9;0.2;0.06;0.05;0.06
16;0;100;100;0;20.38;3.51;10.05;2.07;2.08;0.132;82;15.68;7.68;4.72;0.84;2.61;5.67;262.5;195.7;50.3;5.2;11.3;0.55;1.12;0.18;0.23;0.3;0.27;0.053;18;4.89;2.17;1.67;0.26;0.9;4.38;57.3;45.2;1.6;1.8;8.8;0.16;0.03;0.03;0.05
16;0;100;100;50;21.43;4.11;11.94;2.47;2.53;0.144;80.9;17.61;8.65;5.33;0.96;2.9;6.8;257.9;186.3;52.2;5.8;13.6;0.54;1.54;0.19;0.26;0.43;0.38;0.054;19.1;6.75;2.95;2.27;0.4;1.21;5.14;60.8;46.6;1.5;2.4;10.3;0.22;0.05;0.05;0.06
16;0;100;100;100;22.43;4.71;13.28;3.08;3.02;0.156;79.2;19.38;9.75;5.71;0.93;3.12;7.47;250.6;175.7;53.7;6.2;14.9;0.5;2.03;0.2;0.28;0.51;0.47;0.056;20.8;8.26;3.67;2.75;0.45;1.59;5.81;65.3;48.2;2.3;3.2;11.6;0.26;0.07;0.06;0.08
16;50;0;0;0;16.04;2.5;6.9;1.99;1.94;0.151;70.4;12.94;6.49;3.89;0.63;2.09;3.92;210.8;172.4;26.3;4.2;7.8;1.26;0.35;0.14;0.19;0.13;0.11;0.045;29.6;2.01;0.93;0.65;0.09;0.4;2.98;88.3;79.6;2;0.8;6;0.06;0.02;0.02;0.02
16;50;0;0;50;15.77;2.62;7.41;2.14;2;0.15;69.8;13.36;6.71;4;0.67;2.14;4.17;208.3;170.2;25.5;4.3;8.3;1.22;0.45;0.14;0.2;0.15;0.14;0.048;30.2;2.38;1.09;0.78;0.12;0.48;3.24;90.1;80.5;2.1;1;6.5;0.06;0.04;0.02;0.02
16;50;0;0;100;15.58;2.91;8.01;2.21;2.24;0.156;69.2;14.4;7.37;4.17;0.74;2.42;4.54;207;168.3;24.9;4.8;9.1;1.25;0.62;0.16;0.21;0.17;0.16;0.055;30.8;2.58;1.16;0.88;0.13;0.49;3.47;92.2;81.3;3;1;6.9;0.07;0.05;0.02;0.02
16;50;0;50;0;18;2.7;7.98;1.99;2;0.147;75;13.63;6.75;4.06;0.67;2.16;4.52;212.4;169.3;29.8;4.3;9;1.25;0.4;0.14;0.21;0.18;0.17;0.049;25;3.06;1.38;1.01;0.16;0.55;3.46;70.8;60.8;2;1.1;6.9;0.09;0.02;0.02;0.03
16;50;0;50;50;18.13;3.18;8.99;2.11;2.1;0.146;74.1;14.38;7.05;4.37;0.69;2.3;5.12;209.9;165.7;29.3;4.6;10.2;1.21;0.53;0.15;0.22;0.26;0.24;0.052;25.9;4.35;1.98;1.42;0.25;0.87;3.87;73.3;61.9;1.9;1.7;7.7;0.13;0.03;0.03;0.04
16;50;0;50;100;18.46;3.59;10.36;2.45;2.35;0.151;72.6;15.58;7.72;4.63;0.84;2.48;5.77;206.3;160.7;29.1;5;11.5;1.19;0.77;0.16;0.23;0.4;0.33;0.055;27.4;5.93;2.72;1.83;0.35;1.11;4.58;77.9;63.4;3;2.2;9.2;0.18;0.05;0.04;0.06
16;50;0;100;0;18.59;3.12;8.88;2.03;2;0.146;80.2;13.82;6.89;4.16;0.7;2.27;5.03;212.5;167.6;30.4;4.5;10.1;1.23;0.42;0.15;0.2;0.28;0.24;0.051;19.8;4.41;2;1.45;0.24;0.84;3.85;52.2;40.9;1.9;1.7;7.7;0.14;0.02;0.03;0.04
16;50;0;100;50;19.58;3.65;10.67;2.27;2.2;0.143;79;15.41;7.61;4.63;0.82;2.49;6.1;209.8;161.3;31.3;5;12.2;1.2;0.61;0.17;0.23;0.39;0.34;0.052;21;6.39;2.75;2.22;0.37;1.16;4.57;55.5;42.2;1.9;2.3;9.1;0.2;0.03;0.04;0.06
16;50;0;100;100;20.44;4.13;11.81;2.51;2.47;0.147;77.6;16.84;8.39;5.03;0.82;2.77;6.63;205.7;154.5;32.4;5.5;13.3;1.14;0.9;0.18;0.25;0.47;0.41;0.054;22.4;7.47;3.32;2.46;0.43;1.35;5.18;59.3;43.6;2.7;2.7;10.4;0.24;0.05;0.05;0.07
16;50;50;0;0;16.49;3.1;8.68;2.57;2.55;0.153;69.7;16.67;8.46;4.78;0.84;2.71;4.91;210.7;168.8;26.7;5.4;9.8;1.61;0.52;0.18;0.24;0.14;0.13;0.048;30.3;2.17;0.96;0.72;0.12;0.39;3.77;91.4;81.1;2;0.8;7.5;0.06;0.03;0.01;0.02
16;50;50;0;50;16.49;3.34;9.4;2.77;2.77;0.157;69;17.67;8.91;5.2;0.87;2.88;5.31;208.3;165.5;26.4;5.8;10.6;1.59;0.74;0.17;0.26;0.16;0.15;0.052;31;2.39;1.08;0.76;0.14;0.46;4.09;93.2;82.4;1.8;0.9;8.2;0.06;0.04;0.02;0.02
16;50;50;0;100;16.13;3.52;9.76;3.02;2.99;0.163;68.1;18.35;9.31;5.34;0.96;2.99;5.5;205;162.7;25.3;6;11;1.56;0.97;0.2;0.26;0.19;0.19;0.059;31.9;2.76;1.27;0.92;0.14;0.53;4.26;95.9;83.5;2.7;1.1;8.5;0.07;0.07;0.02;0.03
16;50;50;50;0;18.8;3.56;10;2.63;2.64;0.149;73.9;17.8;8.95;5.29;0.85;2.92;5.66;211.4;163.7;30.5;5.8;11.3;1.57;0.62;0.19;0.26;0.2;0.19;0.051;26.1;3.31;1.48;1.12;0.17;0.65;4.34;74.3;62.5;1.9;1.3;8.7;0.1;0.03;0.02;0.03
16;50;50;50;50;18.93;3.9;11.01;2.94;2.88;0.152;72.8;18.93;9.45;5.7;0.94;3.03;6.25;207.4;158.4;30.4;6.1;12.5;1.5;0.9;0.21;0.28;0.26;0.26;0.054;27.2;4.55;1.97;1.47;0.27;0.86;4.76;77.2;64.1;1.8;1.7;9.5;0.14;0.04;0.04;0.04
16;50;50;50;100;19.21;4.46;12.25;3.18;3.15;0.159;72.9;19.87;10.04;5.71;1.06;3.24;6.95;218.8;153.5;45;6.5;13.9;1.45;1.2;0.21;0.29;0.44;0.36;0.057;27.1;6.14;2.86;1.91;0.33;1.22;5.3;81.4;65.7;2.6;2.4;10.6;0.19;0.07;0.05;0.05
16;50;50;100;0;19.61;3.92;10.86;2.75;2.68;0.147;79.2;18.26;9.15;5.48;0.9;3.03;6.16;210.8;161;31.4;6.1;12.3;1.55;0.66;0.21;0.26;0.25;0.25;0.052;20.8;4.63;2.06;1.52;0.28;0.9;4.7;55.2;42.2;1.8;1.8;9.4;0.15;0.03;0.03;0.05
16;50;50;100;50;20.72;4.39;12.49;2.97;2.94;0.15;79;19.64;9.8;5.87;0.92;3.16;6.96;222.3;152.8;49.2;6.3;13.9;1.46;0.99;0.2;0.28;0.39;0.34;0.053;21;6.31;2.91;2.03;0.33;1.24;5.53;59.1;43.9;1.6;2.5;11.1;0.2;0.04;0.04;0.06
16;50;50;100;100;21.47;4.93;13.95;3.23;3.3;0.156;77.8;21.18;10.52;6.29;1.16;3.44;7.87;219.8;147;50.2;6.9;15.7;1.39;1.38;0.22;0.3;0.48;0.43;0.055;22.2;7.69;3.45;2.44;0.45;1.49;6.09;62.7;45.1;2.5;3;12.2;0.25;0.06;0.06;0.07
16;50;100;0;0;17.41;3.77;10.75;3.29;3.22;0.154;70;20.92;10.57;6.23;1;3.37;6.08;223.1;162.8;41.4;6.7;12.2;1.91;0.78;0.22;0.31;0.17;0.14;0.053;30;2.26;1.01;0.73;0.13;0.4;4.67;95.5;83.5;1.8;0.8;9.3;0.06;0.04;0.02;0.02
16;50;100;0;50;17.18;3.85;11.07;3.56;3.52;0.164;69.3;21.56;10.91;6.36;1.09;3.4;6.32;220.2;160.5;40.3;6.8;12.6;1.88;1.1;0.23;0.31;0.17;0.17;0.058;30.7;2.49;1.08;0.83;0.15;0.45;4.75;97.6;84.5;2.8;0.9;9.5;0.06;0.06;0.02;0.02
16;50;100;0;100;16.8;4.05;11.36;3.8;3.69;0.166;68.4;22.23;11.43;6.42;1.08;3.5;6.41;215.4;156.5;39;7;12.8;1.83;1.31;0.23;0.32;0.2;0.19;0.062;31.6;2.7;1.25;0.85;0.15;0.54;4.95;99.5;86.1;2.5;1.1;9.9;0.07;0.08;0.02;0.02
16;50;100;50;0;20.16;4.21;11.93;3.56;3.41;0.153;73.9;22.3;11.24;6.57;1.11;3.58;6.63;223.6;154.6;48.5;7.2;13.3;1.81;1.04;0.24;0.32;0.22;0.2;0.054;26.1;3.35;1.5;1.11;0.19;0.63;5.3;78.8;65.3;1.6;1.3;10.6;0.1;0.04;0.02;0.04
16;50;100;50;50;20.17;4.64;13.09;3.67;3.71;0.16;72.8;23.27;11.71;6.84;1.18;3.74;7.37;220.1;150.3;47.6;7.5;14.7;1.77;1.37;0.25;0.33;0.32;0.27;0.056;27.2;4.68;2.12;1.53;0.24;0.91;5.72;82.3;66.6;2.4;1.8;11.4;0.14;0.05;0.04;0.04
16;50;100;50;100;20.23;4.99;14.27;4.03;4.02;0.167;71.7;24.1;12.24;7.04;1.24;3.83;8.08;215.9;145.3;46.8;7.7;16.2;1.69;1.74;0.25;0.35;0.4;0.37;0.058;28.3;6.16;2.74;2.06;0.35;1.16;6.19;85.2;68.2;2.4;2.3;12.4;0.19;0.08;0.04;0.06
16;50;100;100;0;20.7;4.6;12.83;3.47;3.44;0.152;79.2;22.62;11.39;6.64;1.12;3.71;7.25;223.5;152.1;49.4;7.4;14.5;1.78;1.08;0.24;0.33;0.26;0.26;0.053;20.8;4.65;2.07;1.52;0.25;0.89;5.58;58.6;44;1.6;1.8;11.2;0.15;0.04;0.03;0.04
16;50;100;100;50;21.69;5.1;14.77;3.85;3.83;0.158;77.6;24.32;12.23;7.09;1.25;3.79;8.36;219.8;144.7;50.8;7.6;16.7;1.7;1.51;0.26;0.36;0.4;0.39;0.055;22.4;6.81;3.11;2.23;0.34;1.31;6.41;63.5;45.6;2.5;2.6;12.8;0.22;0.06;0.05;0.07
16;50;100;100;100;22.72;5.61;16.07;4.32;4.26;0.165;76.3;25.83;13.05;7.58;1.33;4.09;9.07;214.8;135.8;52.7;8.2;18.1;1.59;2.03;0.27;0.37;0.53;0.46;0.056;23.7;8.03;3.59;2.69;0.43;1.52;7;66.5;47.4;2.1;3;14;0.26;0.07;0.06;0.07
16;100;0;0;0;17.76;3.11;8.65;2.51;2.5;0.158;63.1;15.87;7.96;4.71;0.79;2.57;4.79;157.7;117;26;5.1;9.6;1.75;0.36;0.17;0.23;0.17;0.16;0.054;36.9;2.65;1.24;0.85;0.15;0.54;3.86;92.1;78.3;5;1.1;7.7;0.06;0.06;0.02;0.02
16;100;0;0;50;17.22;3.19;9;2.69;2.61;0.159;63.2;16.41;8.36;4.74;0.83;2.64;5.15;157.7;117.2;24.9;5.3;10.3;1.76;0.43;0.18;0.24;0.18;0.2;0.061;36.8;2.98;1.3;1.01;0.16;0.55;3.85;91.8;78.2;4.9;1.1;7.7;0.06;0.09;0.02;0.03
16;100;0;0;100;16.93;3.47;9.63;2.9;2.81;0.162;62;17.38;8.83;5.16;0.81;2.8;5.5;156.6;115.8;24.1;5.6;11;1.75;0.62;0.19;0.25;0.27;0.26;0.067;38;3.53;1.62;1.12;0.19;0.66;4.13;95.9;79;7.3;1.3;8.3;0.06;0.13;0.02;0.03
16;100;0;50;0;19.66;3.36;9.48;2.6;2.58;0.156;68.6;16.56;8.38;4.82;0.88;2.68;5.39;161.6;116.2;29.3;5.4;10.8;1.77;0.39;0.18;0.23;0.22;0.21;0.054;31.4;3.56;1.6;1.15;0.22;0.68;4.09;73.9;59.3;5;1.4;8.2;0.09;0.06;0.03;0.03
16;100;0;50;50;19.71;3.71;10.78;2.76;2.68;0.154;67.4;17.48;8.72;5.22;0.89;2.72;6.06;159.3;112.7;29;5.4;12.1;1.7;0.54;0.18;0.26;0.3;0.31;0.058;32.6;5.16;2.34;1.69;0.29;0.99;4.71;77;60.9;4.7;2;9.4;0.13;0.09;0.03;0.05
16;100;0;50;100;19.8;4.2;11.87;2.9;2.86;0.158;66;18.18;9.21;5.32;0.9;2.92;6.67;158.4;110.9;28.3;5.8;13.3;1.67;0.75;0.19;0.26;0.43;0.41;0.061;34;6.6;3.01;2.19;0.34;1.28;5.21;81.6;61.7;7;2.6;10.4;0.17;0.13;0.05;0.06
16;100;0;100;0;20.16;3.43;10.2;2.5;2.5;0.154;74.4;16.25;8.02;4.88;0.85;2.55;5.72;161.3;114.9;29.9;5.1;11.4;1.7;0.4;0.16;0.24;0.3;0.28;0.055;25.6;4.84;2.13;1.58;0.28;0.89;4.47;55.5;39.9;4.9;1.8;8.9;0.13;0.06;0.03;0.05
16;100;0;100;50;20.94;4.11;12;2.74;2.68;0.152;73.1;17.72;8.79;5.38;0.89;2.79;6.78;160.6;111;30.5;5.6;13.6;1.66;0.57;0.17;0.27;0.43;0.4;0.057;26.9;6.89;3.05;2.28;0.39;1.33;5.22;58.9;41.1;4.8;2.7;10.4;0.2;0.09;0.05;0.07
16;100;0;100;100;21.86;4.69;13.25;3.05;2.97;0.154;71.4;19.38;9.85;5.67;0.94;3.14;7.46;159.4;106.5;31.7;6.3;14.9;1.6;0.89;0.2;0.28;0.53;0.48;0.058;28.6;8.09;3.69;2.65;0.45;1.54;5.79;63.8;42.5;6.6;3.1;11.6;0.23;0.12;0.06;0.07
16;100;50;0;0;17.89;4;11.3;3.63;3.57;0.164;63.3;21.92;11.17;6.38;1.07;3.48;6.41;161.9;116.2;25.9;7;12.8;2.52;0.51;0.23;0.31;0.18;0.17;0.056;36.7;2.63;1.21;0.86;0.13;0.52;4.88;93.6;78.8;4;1;9.8;0.06;0.07;0.02;0.02
16;100;50;0;50;17.58;4.18;11.87;3.84;3.76;0.166;62.3;22.73;11.51;6.63;1.12;3.6;6.74;160.4;114.5;25.2;7.2;13.5;2.5;0.71;0.23;0.33;0.22;0.23;0.067;37.7;3.14;1.43;1.03;0.18;0.58;5.13;97.2;79.8;5.9;1.2;10.3;0.07;0.11;0.02;0.03
16;100;50;0;100;17.26;4.36;12.34;3.94;3.98;0.17;61.7;23.5;11.94;6.84;1.22;3.73;7.05;159;113;24.5;7.5;14.1;2.45;0.95;0.24;0.35;0.26;0.26;0.072;38.3;3.32;1.54;1.07;0.17;0.63;5.29;98.4;80.7;5.8;1.3;10.6;0.06;0.14;0.02;0.03
16;100;50;50;0;19.96;4.28;12.18;3.65;3.61;0.16;68.2;22.68;11.41;6.64;1.15;3.59;6.96;163.9;113.1;29.7;7.2;13.9;2.45;0.6;0.23;0.33;0.23;0.22;0.055;31.8;3.65;1.64;1.22;0.21;0.69;5.21;76.4;60.7;3.9;1.4;10.4;0.1;0.06;0.03;0.03
16;100;50;50;50;20.08;4.74;13.57;3.74;3.85;0.162;66.7;23.86;11.99;7.02;1.23;3.81;7.78;162.5;110;29.4;7.6;15.6;2.39;0.86;0.24;0.35;0.34;0.32;0.061;33.3;5;2.24;1.61;0.32;0.93;5.8;81.1;62.1;5.5;1.9;11.6;0.13;0.1;0.03;0.05
16;100;50;50;100;20.27;5.12;14.61;4.16;4.05;0.166;67.4;24.44;12.48;7.04;1.25;3.83;8.22;174.4;106.7;43.6;7.7;16.4;2.3;1.14;0.25;0.36;0.41;0.43;0.063;32.6;6.65;2.99;2.23;0.33;1.29;6.39;84.5;63.6;5.5;2.6;12.8;0.18;0.14;0.05;0.06
16;100;50;100;0;20.51;4.67;12.99;3.73;3.61;0.158;73.8;22.92;11.67;6.66;1.13;3.71;7.37;163.7;111.3;30.2;7.4;14.7;2.41;0.63;0.24;0.33;0.31;0.28;0.055;26.2;4.9;2.23;1.56;0.28;0.96;5.63;58;41;3.8;1.9;11.3;0.14;0.06;0.03;0.04
16;100;50;100;50;21.7;5.1;14.84;3.95;3.88;0.159;73.7;24.45;12.31;7.17;1.25;3.83;8.37;178.4;106.3;47.7;7.7;16.7;2.3;0.97;0.25;0.35;0.42;0.41;0.059;26.3;6.88;3.01;2.33;0.37;1.27;6.47;63.5;42.6;5.5;2.5;12.9;0.2;0.1;0.05;0.07
16;100;50;100;100;22.41;5.58;16.16;4.2;4.2;0.163;72.8;25.73;12.94;7.51;1.32;4.06;9.11;177.6;102.4;48.9;8.1;18.2;2.22;1.34;0.27;0.37;0.51;0.51;0.06;27.2;8.22;3.64;2.65;0.5;1.52;7.05;66.3;43.8;5.4;3;14.1;0.24;0.14;0.06;0.07
16;100;100;0;0;18.16;4.68;13.1;4.31;4.28;0.163;64.5;26.32;13.3;7.66;1.31;4.21;7.42;175.6;112.2;40.2;8.4;14.8;2.87;0.74;0.29;0.38;0.17;0.17;0.058;35.5;2.54;1.14;0.85;0.11;0.47;5.68;96.6;81.3;3;0.9;11.4;0.06;0.07;0.01;0.02
16;100;100;0;50;17.85;4.88;13.41;4.63;4.54;0.17;63.6;26.74;13.79;7.8;1.28;4.33;7.58;173.7;110.8;39.1;8.7;15.2;2.81;1.08;0.29;0.36;0.19;0.21;0.067;36.4;2.84;1.29;0.93;0.15;0.55;5.83;99.2;82.1;4.3;1.1;11.7;0.06;0.1;0.02;0.03
16;100;100;0;100;17.73;4.87;13.93;4.9;4.74;0.172;62.8;27.71;14.19;8;1.34;4.31;7.86;171.1;108.1;38.6;8.6;15.7;2.78;1.29;0.28;0.4;0.28;0.26;0.074;37.2;3.17;1.46;0.98;0.19;0.56;6.07;101.1;83.7;4.1;1.1;12.1;0.07;0.14;0.02;0.03
16;100;100;50;0;20.7;5.01;14.48;4.44;4.44;0.162;69.1;27.5;13.79;8.25;1.4;4.33;8.17;179.4;107.6;46.7;8.7;16.3;2.76;0.99;0.28;0.41;0.23;0.22;0.059;30.9;3.53;1.56;1.18;0.19;0.68;6.31;80;63.2;2.8;1.4;12.6;0.09;0.07;0.02;0.03
16;100;100;50;50;20.79;5.47;15.3;4.78;4.68;0.166;67.8;28.23;14.39;8.17;1.48;4.53;8.73;177;104.4;46;9.1;17.5;2.66;1.33;0.3;0.4;0.33;0.32;0.061;32.2;5.06;2.24;1.69;0.28;0.94;6.57;83.9;64.7;4.2;1.9;13.1;0.14;0.09;0.04;0.05
16;100;100;50;100;20.77;5.78;16.51;5.08;4.97;0.172;66.6;28.9;14.81;8.35;1.48;4.53;9.28;174.2;101.2;45.3;9.1;18.6;2.59;1.67;0.3;0.4;0.46;0.43;0.064;33.4;6.59;3.02;2.13;0.38;1.25;7.23;87.1;66.2;4;2.5;14.5;0.19;0.13;0.05;0.06
16;100;100;100;0;21.42;5.45;15.35;4.42;4.41;0.16;74.4;27.6;13.94;8.14;1.37;4.46;8.55;178.8;105.1;47.7;8.9;17.1;2.68;1.05;0.29;0.4;0.33;0.3;0.057;25.6;5.06;2.25;1.66;0.28;0.99;6.8;61.4;42.9;2.9;2;13.6;0.15;0.08;0.03;0.04
16;100;100;100;50;22.45;6;16.79;4.75;4.75;0.164;72.9;29.03;14.73;8.47;1.44;4.66;9.49;177.8;99.7;49.8;9.3;19;2.54;1.47;0.3;0.43;0.43;0.42;0.058;27.1;7.02;3.12;2.32;0.41;1.34;7.3;65.9;44.6;4.1;2.7;14.6;0.21;0.09;0.05;0.07
16;100;100;100;100;23.29;6.45;17.9;5.23;5.17;0.17;72.1;30.52;15.63;8.69;1.51;4.89;10.24;176.8;94.6;51.9;9.8;20.5;2.41;2;0.33;0.43;0.52;0.51;0.061;27.9;8.23;3.66;2.73;0.46;1.56;7.67;68.3;46.1;3.7;3.1;15.3;0.25;0.12;0.06;0.08
17;0;0;0;0;16.28;1.93;5.59;1.24;1.31;0.136;76.4;9.64;4.74;2.96;0.47;1.56;3.17;267.4;230.2;27.8;3.1;6.3;0.67;0.38;0.11;0.15;0.1;0.11;0.044;23.6;1.94;0.86;0.64;0.11;0.37;2.42;82.5;75.1;1.9;0.7;4.8;0.06;0.02;0.01;0.02
17;0;0;0;50;15.99;2.15;5.99;1.38;1.41;0.139;76;10.21;5.05;3.12;0.51;1.73;3.37;265;227.9;26.9;3.5;6.7;0.66;0.47;0.12;0.15;0.13;0.12;0.047;24;2.21;0.99;0.71;0.14;0.41;2.62;83.6;75.7;1.8;0.8;5.2;0.06;0.03;0.01;0.02
17;0;0;0;100;15.7;2.2;6.33;1.54;1.57;0.145;75.2;10.88;5.35;3.31;0.58;1.77;3.59;261.1;224.3;26.2;3.5;7.2;0.63;0.66;0.13;0.16;0.16;0.14;0.05;24.8;2.39;1.09;0.78;0.14;0.43;2.75;85.7;76.7;2.7;0.9;5.5;0.06;0.04;0.02;0.02
17;0;0;50;0;18.09;2.23;6.36;1.37;1.33;0.132;80.3;10.07;4.89;3.03;0.52;1.62;3.58;267.5;226.2;30.9;3.2;7.2;0.64;0.42;0.11;0.15;0.16;0.16;0.049;19.7;3;1.38;0.98;0.15;0.61;2.79;65.6;57.1;1.8;1.2;5.6;0.09;0.02;0.02;0.03
17;0;0;50;50;18.32;2.63;7.36;1.48;1.48;0.134;79.6;11.07;5.44;3.32;0.58;1.82;4.18;264.5;221.7;30.9;3.6;8.4;0.64;0.55;0.12;0.17;0.23;0.22;0.052;20.4;4.1;1.83;1.33;0.2;0.81;3.18;67.7;58;1.8;1.6;6.4;0.13;0.02;0.03;0.04
17;0;0;50;100;18.59;3.18;8.72;1.75;1.77;0.141;78.3;12.58;6.29;3.75;0.64;2.12;4.96;259.1;214.3;30.7;4.2;9.9;0.62;0.81;0.15;0.19;0.33;0.3;0.053;21.7;5.38;2.4;1.74;0.3;1.06;3.76;71.7;59.5;2.5;2.1;7.5;0.17;0.04;0.04;0.05
17;0;0;100;0;18.44;2.46;7.05;1.29;1.33;0.131;84.9;10.08;4.89;3.09;0.53;1.67;4;267.8;225.4;31;3.3;8;0.64;0.42;0.11;0.15;0.24;0.23;0.051;15.1;4.21;1.86;1.38;0.24;0.8;3.06;47.6;38.1;1.8;1.6;6.1;0.13;0.02;0.03;0.04
17;0;0;100;50;19.28;3.08;8.87;1.53;1.5;0.131;83.6;11.46;5.52;3.49;0.64;1.88;4.98;261.9;216.5;31.7;3.8;10;0.6;0.59;0.14;0.17;0.38;0.33;0.051;16.4;6.31;2.79;2.13;0.34;1.2;3.89;51.2;39.3;1.7;2.4;7.8;0.21;0.03;0.04;0.06
17;0;0;100;100;20.09;3.55;10.42;1.84;1.86;0.139;82.4;13.38;6.53;4.05;0.7;2.15;5.94;257.6;208.8;32.6;4.3;11.9;0.61;0.9;0.15;0.2;0.42;0.4;0.053;17.6;7.45;3.29;2.49;0.42;1.41;4.48;54.6;40.4;2.5;2.8;9;0.24;0.04;0.05;0.07
17;0;50;0;0;16.7;2.17;6.28;1.44;1.48;0.134;75.6;11.09;5.38;3.37;0.63;1.79;3.56;262.8;223.8;28.2;3.6;7.1;0.64;0.54;0.13;0.17;0.1;0.12;0.047;24.4;2.05;0.91;0.66;0.11;0.38;2.72;84.8;76.8;1.8;0.8;5.4;0.06;0.03;0.01;0.02
17;0;50;0;50;16.3;2.44;6.97;1.68;1.73;0.143;74.9;12.14;6.02;3.64;0.63;1.99;3.93;258.7;219.6;27.3;4;7.9;0.65;0.76;0.14;0.19;0.15;0.14;0.051;25.1;2.38;1.1;0.75;0.13;0.45;3.03;86.7;78;1.7;0.9;6.1;0.07;0.04;0.01;0.02
17;0;50;0;100;16.23;2.6;7.38;1.95;1.98;0.152;73.9;13.03;6.53;3.92;0.6;2.13;4.14;253.9;214.6;26.8;4.3;8.3;0.62;1.02;0.15;0.19;0.18;0.17;0.056;26.1;2.64;1.17;0.9;0.16;0.47;3.23;89.3;79.4;2.5;0.9;6.5;0.07;0.06;0.02;0.03
17;0;50;50;0;18.65;2.6;7.51;1.59;1.57;0.13;79.1;12.13;5.94;3.66;0.67;2;4.21;260.8;217;31.4;4;8.4;0.62;0.64;0.14;0.18;0.18;0.18;0.05;20.9;3.21;1.42;1.07;0.17;0.6;3.3;68.6;59;1.8;1.2;6.6;0.1;0.03;0.02;0.03
17;0;50;50;50;19.43;3.09;8.84;1.83;1.91;0.137;78.1;13.93;6.76;4.21;0.75;2.25;5.05;256;209;32.4;4.5;10.1;0.59;0.95;0.16;0.21;0.24;0.24;0.054;21.9;4.26;1.92;1.41;0.22;0.84;3.78;71.6;60.6;1.7;1.7;7.6;0.13;0.04;0.03;0.04
17;0;50;50;100;19.46;3.56;10.08;2.21;2.22;0.148;77.9;14.99;7.44;4.44;0.83;2.45;5.77;266.4;202.1;47.8;4.9;11.5;0.56;1.26;0.17;0.23;0.34;0.33;0.056;22.1;5.75;2.6;1.89;0.33;1.11;4.3;75.2;62.1;2.3;2.2;8.6;0.18;0.05;0.04;0.05
17;0;50;100;0;19.24;2.95;8.52;1.63;1.63;0.128;83.6;12.81;6.26;3.83;0.67;2.08;4.86;258.7;212.7;32.1;4.2;9.7;0.6;0.69;0.15;0.2;0.25;0.25;0.051;16.4;4.64;2.03;1.54;0.26;0.88;3.66;50.6;39.8;1.6;1.8;7.3;0.15;0.02;0.03;0.04
17;0;50;100;50;20.39;3.63;10.38;2.02;1.98;0.137;83.1;14.55;7.15;4.38;0.73;2.34;5.85;269.3;203.1;49.8;4.7;11.7;0.59;1.01;0.16;0.22;0.37;0.36;0.053;16.9;6.59;2.94;2.2;0.39;1.29;4.54;54.4;41.2;1.6;2.6;9.1;0.21;0.04;0.05;0.06
17;0;50;100;100;21.38;4.14;11.82;2.35;2.39;0.147;81.9;16.24;7.98;4.96;0.83;2.61;6.66;264.8;194.8;51.5;5.2;13.3;0.57;1.39;0.19;0.24;0.47;0.44;0.055;18.1;7.79;3.47;2.62;0.42;1.53;5.17;58.1;42.3;2.4;3.1;10.3;0.25;0.06;0.06;0.07
17;0;100;0;0;17.67;2.64;7.5;1.78;1.8;0.132;75.1;13.59;6.64;4.16;0.7;2.24;4.21;269.4;212;44.5;4.5;8.4;0.6;0.83;0.16;0.2;0.13;0.13;0.05;24.9;2.19;0.97;0.73;0.13;0.4;3.29;89.1;80.1;1.7;0.8;6.6;0.06;0.03;0.01;0.02
17;0;100;0;50;17.29;2.81;8.02;2.1;2.16;0.15;74.4;14.48;7.2;4.31;0.73;2.36;4.49;264.6;208.1;42.8;4.7;9;0.6;1.18;0.16;0.22;0.14;0.17;0.058;25.6;2.54;1.07;0.88;0.14;0.45;3.53;90.9;81.2;1.8;0.9;7.1;0.07;0.06;0.02;0.02
17;0;100;0;100;17.06;3;8.57;2.42;2.49;0.161;73.6;15.46;7.75;4.65;0.79;2.47;4.85;260.8;204.2;42;4.9;9.7;0.59;1.5;0.17;0.23;0.19;0.19;0.06;26.4;2.73;1.24;0.9;0.14;0.52;3.73;93.3;82.3;2.6;1;7.5;0.07;0.07;0.02;0.02
17;0;100;50;0;19.73;3.11;9.01;2.07;2.07;0.136;78.8;15.26;7.5;4.52;0.81;2.46;5.14;268.9;204;49.8;4.9;10.3;0.6;1.07;0.17;0.24;0.2;0.2;0.053;21.2;3.47;1.52;1.16;0.2;0.65;3.86;72.3;61.7;1.6;1.3;7.7;0.11;0.03;0.03;0.03
17;0;100;50;50;20.4;3.54;10.25;2.35;2.44;0.146;77.8;16.72;8.21;5.07;0.89;2.73;5.89;263.9;196.1;50.6;5.5;11.8;0.54;1.46;0.2;0.25;0.3;0.26;0.055;22.2;4.46;1.99;1.47;0.26;0.81;4.36;75.2;63.3;1.6;1.6;8.7;0.14;0.05;0.03;0.04
17;0;100;50;100;20.37;3.99;11.39;2.85;2.84;0.159;76.4;17.88;9.12;5.23;0.92;2.86;6.41;256.9;188.8;49.5;5.7;12.8;0.54;1.83;0.2;0.27;0.36;0.35;0.057;23.6;5.98;2.64;2.01;0.33;1.13;4.98;79.2;64.8;2.2;2.3;10;0.19;0.06;0.04;0.06
17;0;100;100;0;20.22;3.57;9.77;2.06;2.11;0.135;83.3;15.69;7.57;4.77;0.83;2.61;5.6;267.4;200.3;50.7;5.2;11.2;0.57;1.12;0.19;0.24;0.29;0.26;0.052;16.7;4.69;2.15;1.52;0.24;0.96;4.16;53.4;41.5;1.6;1.9;8.3;0.15;0.03;0.03;0.04
17;0;100;100;50;21.25;4.11;11.66;2.48;2.52;0.146;82;17.34;8.57;5.16;0.9;2.83;6.64;261.1;190.3;51.9;5.7;13.3;0.54;1.52;0.2;0.26;0.43;0.38;0.054;18;6.87;3.02;2.3;0.38;1.28;5.01;57;42.9;1.5;2.6;10;0.22;0.05;0.05;0.06
17;0;100;100;100;22.49;4.59;13.34;3.1;3.08;0.158;80.5;19.51;9.74;5.84;0.97;3;7.57;254.6;179.4;54.1;6;15.1;0.51;2.07;0.22;0.28;0.5;0.46;0.055;19.5;8.08;3.72;2.57;0.45;1.6;5.77;61.4;44.4;2.2;3.2;11.5;0.26;0.06;0.06;0.08
17;50;0;0;0;16.48;2.5;7.21;2.05;2.04;0.154;72.1;13.28;6.6;3.99;0.67;2.12;4.06;214.8;175;27.4;4.2;8.1;1.31;0.38;0.15;0.2;0.1;0.11;0.044;27.9;1.95;0.86;0.68;0.1;0.38;3.16;83.1;74.2;1.9;0.8;6.3;0.06;0.02;0.01;0.02
17;50;0;0;50;16.07;2.67;7.47;2.12;2.15;0.156;71.9;13.83;6.91;4.1;0.71;2.27;4.27;213.7;174.1;26.5;4.5;8.5;1.33;0.46;0.15;0.21;0.15;0.13;0.046;28.1;2.22;0.99;0.72;0.12;0.41;3.2;83.5;74.5;1.8;0.8;6.4;0.06;0.03;0.02;0.02
17;50;0;0;100;15.8;2.82;7.82;2.26;2.29;0.16;71.1;14.38;7.35;4.13;0.71;2.39;4.48;211.1;171.6;25.8;4.8;9;1.28;0.64;0.16;0.21;0.17;0.15;0.053;28.9;2.43;1.06;0.81;0.14;0.43;3.33;85.7;75.5;2.7;0.9;6.7;0.06;0.05;0.02;0.02
17;50;0;50;0;18.1;2.78;7.85;2.06;2.08;0.152;76.7;13.71;6.89;4.05;0.66;2.24;4.48;216.5;172.8;30.3;4.5;9;1.31;0.41;0.16;0.2;0.18;0.16;0.049;23.3;3.01;1.28;1.03;0.19;0.54;3.37;65.8;56.2;1.8;1.1;6.7;0.09;0.02;0.02;0.03
17;50;0;50;50;18.59;3.2;8.89;2.18;2.2;0.151;75.7;14.63;7.22;4.29;0.77;2.38;5.01;213.8;168.6;30.5;4.8;10;1.27;0.54;0.17;0.21;0.24;0.22;0.05;24.3;4.13;1.83;1.36;0.23;0.82;3.88;68.6;57.4;1.8;1.6;7.8;0.13;0.03;0.03;0.03
17;50;0;50;100;18.59;3.46;10.32;2.49;2.43;0.154;74.5;15.74;7.93;4.7;0.76;2.44;5.89;210.6;164;30;4.9;11.8;1.25;0.79;0.16;0.23;0.32;0.3;0.054;25.5;5.48;2.45;1.78;0.29;1.01;4.43;72.1;58.6;2.6;2;8.9;0.17;0.04;0.04;0.05
17;50;0;100;0;18.41;3;8.73;2.13;2.07;0.151;81.5;13.78;6.95;4.13;0.68;2.18;4.88;215.6;171.2;30.3;4.4;9.8;1.3;0.42;0.15;0.2;0.23;0.23;0.05;18.5;4.28;1.89;1.4;0.26;0.82;3.85;48.7;37.7;1.7;1.6;7.7;0.14;0.02;0.03;0.04
17;50;0;100;50;19.41;3.6;10.42;2.25;2.25;0.148;80.4;15.22;7.53;4.59;0.75;2.44;5.91;213.5;165.4;31.4;4.9;11.8;1.26;0.59;0.18;0.22;0.38;0.33;0.052;19.6;6.18;2.74;2.06;0.37;1.17;4.51;51.9;38.8;1.8;2.3;9;0.2;0.03;0.04;0.06
17;50;0;100;100;20.46;4.1;11.79;2.48;2.52;0.151;79;16.72;8.35;5.03;0.83;2.69;6.65;209.8;158.7;32.4;5.4;13.3;1.19;0.9;0.19;0.25;0.42;0.41;0.054;21;7.38;3.24;2.45;0.41;1.41;5.14;55.8;40;2.7;2.8;10.3;0.24;0.05;0.05;0.07
17;50;50;0;0;17;2.98;8.62;2.59;2.6;0.158;71.5;16.54;8.17;4.91;0.89;2.57;4.86;214.7;172.2;27.6;5.1;9.7;1.66;0.53;0.18;0.24;0.12;0.12;0.047;28.5;2.08;0.95;0.66;0.11;0.41;3.76;85.5;75.2;1.9;0.8;7.5;0.06;0.03;0.01;0.02
17;50;50;0;50;16.89;3.29;9.37;2.81;2.86;0.161;70.6;17.82;8.95;5.32;0.88;2.85;5.26;211.4;168;27.2;5.7;10.5;1.64;0.76;0.2;0.26;0.14;0.14;0.051;29.4;2.3;1.03;0.77;0.12;0.44;4.1;87.6;76.8;1.8;0.9;8.2;0.06;0.04;0.01;0.02
17;50;50;0;100;16.56;3.37;9.93;3.03;3.1;0.167;69.9;18.65;9.4;5.47;0.98;2.91;5.65;208.8;165.3;26.4;5.8;11.3;1.62;1.01;0.2;0.28;0.18;0.17;0.058;30.1;2.58;1.16;0.85;0.14;0.46;4.29;89.9;77.8;2.6;0.9;8.6;0.07;0.06;0.02;0.02
17;50;50;50;0;18.88;3.49;9.72;2.7;2.71;0.153;75.5;17.74;8.92;5.17;0.89;2.87;5.46;214.4;166.7;31.1;5.7;10.9;1.63;0.62;0.2;0.26;0.17;0.17;0.05;24.5;3.14;1.35;1.04;0.18;0.62;4.26;69.3;57.9;1.6;1.2;8.5;0.1;0.03;0.02;0.03
17;50;50;50;50;19.59;3.79;11.06;2.99;3;0.157;74.4;19.23;9.56;5.66;0.98;3.05;6.23;211.1;160.8;31.7;6.1;12.5;1.58;0.92;0.21;0.28;0.27;0.24;0.053;25.6;4.29;1.82;1.49;0.25;0.74;4.83;72.4;59.5;1.7;1.5;9.7;0.13;0.04;0.03;0.04
17;50;50;50;100;19.49;4.35;12.2;3.33;3.28;0.163;74.6;20.2;10.23;5.92;0.98;3.23;6.96;222.9;156.3;46.1;6.5;13.9;1.54;1.22;0.23;0.29;0.32;0.33;0.056;25.4;5.79;2.57;1.9;0.33;1.11;5.24;75.8;60.8;2.3;2.2;10.5;0.18;0.06;0.04;0.05
17;50;50;100;0;19.57;3.82;10.73;2.73;2.73;0.151;80.3;18.09;9.1;5.38;0.92;2.96;5.95;213.4;164;31.6;5.9;11.9;1.59;0.66;0.21;0.26;0.25;0.24;0.051;19.7;4.45;1.96;1.48;0.26;0.86;4.78;52;39;1.7;1.7;9.6;0.14;0.03;0.03;0.04
17;50;50;100;50;20.63;4.4;12.37;3.02;3.03;0.154;80.4;19.68;9.8;5.92;0.95;3.18;7.05;226.7;157.1;49.1;6.4;14.1;1.52;1;0.23;0.29;0.37;0.35;0.053;19.6;6.34;2.8;2.09;0.34;1.22;5.31;55;40.3;1.7;2.4;10.6;0.2;0.04;0.04;0.06
17;50;50;100;100;21.45;4.9;13.76;3.48;3.39;0.16;79.2;21.22;10.8;6.17;1.08;3.48;7.85;223.5;150.3;50.6;7;15.7;1.47;1.39;0.24;0.3;0.46;0.43;0.055;20.8;7.62;3.37;2.51;0.45;1.43;5.91;58.5;41.5;2.3;2.9;11.8;0.24;0.06;0.06;0.07
17;50;100;0;0;17.74;3.7;10.79;3.31;3.35;0.159;71.8;21.14;10.42;6.35;1.07;3.28;6.18;227.6;166;42.6;6.6;12.4;2.01;0.8;0.23;0.31;0.13;0.13;0.051;28.2;2.13;0.94;0.7;0.13;0.42;4.62;89.4;77.5;1.8;0.8;9.2;0.06;0.04;0.02;0.02
17;50;100;0;50;17.85;3.98;11.06;3.66;3.66;0.168;70.5;21.92;11.22;6.34;1.08;3.51;6.13;222.5;160.8;42.5;7;12.3;1.93;1.17;0.25;0.32;0.17;0.16;0.055;29.5;2.38;1.1;0.76;0.13;0.47;4.93;92.8;79.5;2.6;0.9;9.9;0.06;0.05;0.02;0.02
17;50;100;0;100;17.51;4.06;11.68;3.85;3.94;0.174;70;22.62;11.57;6.62;1.12;3.55;6.6;220.1;158.9;40.9;7.1;13.2;1.89;1.47;0.25;0.32;0.2;0.2;0.065;30;2.76;1.24;0.91;0.14;0.51;5.08;94;80.1;2.6;1;10.2;0.07;0.08;0.02;0.03
17;50;100;50;0;20.08;4.21;11.88;3.43;3.52;0.158;75.6;22.33;11.13;6.62;1.16;3.58;6.71;227.7;158.5;48.6;7.2;13.4;1.9;1.04;0.25;0.33;0.2;0.19;0.053;24.4;3.26;1.47;1.08;0.18;0.63;5.17;73.4;60.2;1.7;1.3;10.3;0.1;0.04;0.02;0.03
17;50;100;50;50;20.7;4.61;13.1;3.83;3.85;0.163;74.3;23.64;11.97;7;1.11;3.78;7.4;224.2;152.5;49.4;7.6;14.8;1.82;1.42;0.27;0.34;0.31;0.26;0.056;25.7;4.47;2;1.45;0.26;0.83;5.7;77.3;61.8;2.4;1.7;11.4;0.14;0.05;0.03;0.04
17;50;100;50;100;20.63;5.03;14.2;4.19;4.17;0.171;73.2;24.43;12.53;7.03;1.25;3.84;8.02;219.5;147.6;48.3;7.7;16;1.77;1.78;0.27;0.35;0.4;0.36;0.058;26.8;6.03;2.72;1.89;0.34;1.19;6.18;80.4;63.2;2.5;2.4;12.4;0.19;0.08;0.05;0.05
17;50;100;100;0;20.47;4.58;12.87;3.58;3.57;0.157;80.5;22.79;11.46;6.67;1.15;3.68;7.34;226.9;155.9;49;7.4;14.7;1.89;1.09;0.26;0.33;0.3;0.27;0.054;19.5;4.76;2.12;1.59;0.24;0.9;5.53;54.9;40.5;1.6;1.8;11.1;0.15;0.04;0.03;0.04
17;50;100;100;50;21.68;5.14;14.68;3.87;3.92;0.162;78.9;24.28;12.34;7.09;1.24;3.9;8.3;223;147.6;51;7.8;16.6;1.76;1.52;0.28;0.36;0.43;0.38;0.055;21.1;6.75;2.98;2.24;0.34;1.24;6.38;59.6;42;2.3;2.5;12.8;0.22;0.05;0.05;0.06
17;50;100;100;100;22.6;5.55;15.9;4.36;4.3;0.169;77.6;25.49;12.98;7.48;1.24;3.95;9.04;218.5;140.3;52.2;7.9;18.1;1.66;1.99;0.27;0.37;0.49;0.48;0.057;22.4;8.23;3.68;2.74;0.49;1.61;6.87;62.7;43.4;2.4;3.2;13.7;0.26;0.08;0.06;0.08
17;100;0;0;0;17.81;3;8.64;2.67;2.66;0.164;65.3;16.27;8.27;4.71;0.82;2.54;4.87;161.1;119.4;26.9;5.1;9.7;1.88;0.37;0.18;0.24;0.14;0.14;0.051;34.7;2.39;1.08;0.76;0.13;0.46;3.76;85.5;72.7;4.3;0.9;7.5;0.05;0.05;0.01;0.02
17;100;0;0;50;17.44;3.22;9.17;2.79;2.79;0.165;65.1;17.01;8.58;5.09;0.81;2.68;5.22;160.7;119;25.9;5.4;10.4;1.9;0.46;0.19;0.25;0.15;0.18;0.058;34.9;2.82;1.23;0.94;0.15;0.54;3.96;86.1;72.9;4.2;1.1;7.9;0.06;0.08;0.02;0.02
17;100;0;0;100;17.07;3.38;9.48;3.01;2.94;0.168;64.1;17.55;8.98;5.09;0.9;2.79;5.38;159.1;117.6;25.1;5.6;10.8;1.86;0.62;0.2;0.26;0.26;0.23;0.065;35.9;3.22;1.47;1.06;0.16;0.59;4.1;89.1;73.7;6;1.2;8.2;0.06;0.11;0.02;0.03
17;100;0;50;0;19.24;3.23;9.44;2.74;2.69;0.161;70.4;16.68;8.39;4.91;0.84;2.59;5.34;163.4;118.1;29.5;5.2;10.7;1.86;0.4;0.18;0.24;0.2;0.2;0.053;29.6;3.4;1.52;1.13;0.19;0.64;4.1;68.6;55;4.1;1.3;8.2;0.09;0.05;0.02;0.03
17;100;0;50;50;19.75;3.77;10.47;2.81;2.81;0.16;69.5;17.65;8.89;5.18;0.87;2.85;5.88;162.4;115.1;29.9;5.7;11.8;1.82;0.54;0.2;0.25;0.3;0.28;0.057;30.5;4.65;2.11;1.51;0.26;0.91;4.58;71.3;56.3;4;1.8;9.2;0.12;0.07;0.03;0.04
17;100;0;50;100;20;4.08;11.64;3.11;3.03;0.163;68.1;18.7;9.47;5.43;0.95;2.92;6.59;161.4;112.6;29.7;5.8;13.2;1.78;0.78;0.21;0.27;0.39;0.37;0.059;31.9;6.08;2.75;1.99;0.32;1.16;5.05;75.6;57.3;5.9;2.3;10.1;0.16;0.1;0.05;0.06
17;100;0;100;0;19.87;3.64;10.12;2.69;2.66;0.16;75.8;16.63;8.44;4.81;0.86;2.72;5.64;163.2;116.5;30;5.4;11.3;1.82;0.41;0.19;0.23;0.28;0.27;0.053;24.2;4.79;2.15;1.57;0.26;0.91;4.48;52;37;4.1;1.8;9;0.14;0.05;0.03;0.05
17;100;0;100;50;20.64;4.17;12.01;2.87;2.87;0.157;74.7;18.31;9.2;5.43;0.94;2.89;6.71;163;113;30.8;5.8;13.4;1.8;0.59;0.21;0.26;0.42;0.39;0.056;25.3;6.75;3.02;2.26;0.36;1.28;5.31;55.2;38;4.1;2.6;10.6;0.19;0.08;0.05;0.07
17;100;0;100;100;21.41;4.53;13.14;3.11;3.12;0.16;73.4;19.52;9.79;5.77;1.02;3.08;7.47;162.7;109.9;31.7;6.2;14.9;1.75;0.86;0.22;0.28;0.47;0.45;0.058;26.6;7.68;3.4;2.52;0.45;1.45;5.67;58.8;38.9;5.7;2.9;11.3;0.22;0.1;0.06;0.07
17;100;50;0;0;18.1;4.01;11.21;3.73;3.76;0.17;65.3;22.27;11.36;6.48;1.08;3.54;6.28;164.8;118.1;27.1;7.1;12.6;2.68;0.52;0.25;0.31;0.13;0.15;0.053;34.7;2.35;1.08;0.74;0.14;0.47;4.94;87.5;73.4;3.3;0.9;9.9;0.05;0.06;0.02;0.02
17;100;50;0;50;17.67;4.2;11.83;3.87;3.97;0.172;64.3;23.18;11.72;6.77;1.17;3.67;6.63;163.2;116.3;26.3;7.3;13.3;2.65;0.74;0.25;0.33;0.19;0.19;0.062;35.7;2.72;1.25;0.88;0.16;0.52;5.2;90.5;74.5;4.6;1;10.4;0.06;0.08;0.02;0.03
17;100;50;0;100;17.2;4.29;12.29;4.02;4.18;0.175;63.8;23.89;12.13;7.07;1.17;3.73;7.02;161.3;114.5;25.3;7.5;14;2.6;0.96;0.26;0.35;0.23;0.22;0.068;36.2;3.02;1.36;0.98;0.18;0.56;5.27;91.5;75.4;4.4;1.1;10.5;0.07;0.11;0.02;0.03
17;100;50;50;0;20.07;4.23;12.18;3.85;3.79;0.164;69.8;23.16;11.66;6.83;1.19;3.56;6.89;166;114.3;30.8;7.1;13.8;2.57;0.62;0.26;0.34;0.21;0.21;0.055;30.2;3.49;1.56;1.13;0.2;0.67;5.29;71.7;56.6;3.2;1.3;10.6;0.09;0.06;0.02;0.03
17;100;50;50;50;20.63;4.78;13.41;4.08;4.04;0.166;68.3;24.4;12.48;7.08;1.23;3.89;7.51;164.3;110.5;31.1;7.8;15;2.5;0.91;0.27;0.36;0.28;0.28;0.06;31.7;4.58;2.02;1.48;0.27;0.88;5.9;76.2;58.2;4.4;1.8;11.8;0.13;0.08;0.03;0.04
17;100;50;50;100;20.25;5.01;14.48;4.39;4.27;0.171;69.4;24.98;12.78;7.26;1.24;3.87;8.18;177.7;108.5;45.1;7.7;16.4;2.46;1.18;0.27;0.36;0.41;0.38;0.061;30.6;6.09;2.78;2;0.3;1.14;6.3;78.2;59;4.3;2.3;12.6;0.17;0.11;0.04;0.06
17;100;50;100;0;20.41;4.57;13.09;3.82;3.8;0.163;75.2;23.36;11.82;6.96;1.12;3.69;7.29;165.2;112.3;30.9;7.4;14.6;2.54;0.66;0.26;0.34;0.27;0.27;0.054;24.8;4.7;2.06;1.56;0.27;0.88;5.8;54.5;38.2;2.9;1.8;11.6;0.14;0.05;0.04;0.04
17;100;50;100;50;21.32;5.24;14.79;4.06;4.05;0.164;75.3;24.7;12.65;7.17;1.19;3.93;8.43;180.6;108.1;47.8;7.9;16.9;2.44;0.97;0.28;0.36;0.42;0.39;0.057;24.7;6.74;3.06;2.18;0.41;1.31;6.35;59.1;39.4;4.4;2.6;12.7;0.2;0.08;0.05;0.06
17;100;50;100;100;22.22;5.7;16.23;4.36;4.41;0.168;74.5;26.24;13.41;7.72;1.27;4.19;9.27;180.1;103.9;49.3;8.4;18.5;2.37;1.35;0.3;0.39;0.54;0.47;0.058;25.5;7.89;3.62;2.59;0.43;1.52;6.95;61.7;40.5;4.2;3;13.9;0.24;0.1;0.06;0.07
17;100;100;0;0;18.38;4.69;13.23;4.5;4.5;0.168;66.4;26.85;13.6;7.94;1.34;4.26;7.52;178.9;113.4;41.9;8.5;15;3.02;0.78;0.3;0.4;0.15;0.15;0.054;33.6;2.27;1.04;0.76;0.14;0.43;5.72;90.4;76;2.1;0.9;11.4;0.06;0.05;0.01;0.02
17;100;100;0;50;18.09;4.86;13.6;4.8;4.85;0.175;65.8;27.72;14.26;8.02;1.34;4.38;7.86;177.6;112.1;41;8.8;15.7;3.01;1.12;0.32;0.4;0.18;0.18;0.06;34.2;2.52;1.15;0.78;0.14;0.48;5.73;92.4;76.7;3.2;1;11.5;0.06;0.08;0.02;0.02
17;100;100;0;100;17.83;4.96;13.94;5.06;5.07;0.18;64.7;28.22;14.54;8.07;1.37;4.44;7.87;173.6;109;40;8.9;15.7;2.92;1.44;0.31;0.41;0.2;0.21;0.069;35.3;2.73;1.25;0.9;0.13;0.53;6.07;94.8;78.5;3.1;1.1;12.1;0.07;0.1;0.02;0.02
17;100;100;50;0;20.46;4.99;14.32;4.67;4.65;0.167;71;27.88;14.17;8.16;1.38;4.35;8.21;182.1;109.6;47.4;8.7;16.4;2.92;1.01;0.31;0.41;0.19;0.2;0.055;29;3.31;1.48;1.1;0.18;0.63;6.11;74.2;58.6;2.1;1.3;12.2;0.09;0.05;0.02;0.03
17;100;100;50;50;21.04;5.43;15.41;4.81;4.93;0.171;69.7;28.97;14.67;8.55;1.42;4.54;8.84;180.3;105.4;48.1;9.1;17.7;2.81;1.38;0.32;0.43;0.31;0.28;0.059;30.3;4.56;2.09;1.44;0.25;0.89;6.57;78.5;60.3;3.3;1.8;13.1;0.13;0.08;0.03;0.04
17;100;100;50;100;21.06;5.77;16.53;5.3;5.25;0.177;68.6;29.71;15.25;8.64;1.46;4.63;9.42;177.3;102;47.2;9.3;18.8;2.75;1.75;0.33;0.42;0.38;0.38;0.061;31.4;6.1;2.63;2.07;0.34;1.14;7.11;81.1;61.7;2.9;2.3;14.2;0.18;0.1;0.04;0.05
17;100;100;100;0;20.97;5.41;15.17;4.63;4.67;0.166;76.4;28.21;14.26;8.26;1.46;4.52;8.7;182.4;107.8;48.2;9;17.4;2.88;1.06;0.32;0.41;0.31;0.27;0.055;23.6;4.61;2.07;1.49;0.29;0.89;6.47;56.3;39.5;2.1;1.8;12.9;0.14;0.05;0.03;0.04
17;100;100;100;50;22.03;5.93;16.83;4.95;4.96;0.169;74.6;29.35;14.97;8.58;1.49;4.63;9.55;180;101.9;49.8;9.3;19.1;2.73;1.47;0.32;0.43;0.41;0.39;0.056;25.4;6.75;3.03;2.22;0.37;1.31;7.28;61.1;41.1;2.9;2.6;14.6;0.21;0.07;0.05;0.06
17;100;100;100;100;22.88;6.27;17.6;5.5;5.3;0.175;73.7;30.4;15.72;8.61;1.51;4.77;10.06;177.9;96.8;51.5;9.5;20.1;2.58;1.96;0.33;0.43;0.53;0.47;0.058;26.3;8.02;3.55;2.62;0.43;1.5;7.54;63.4;42.5;2.8;3;15.1;0.25;0.09;0.06;0.07
18;0;0;0;0;16.73;1.93;5.57;1.38;1.39;0.142;78.2;9.88;4.8;3;0.52;1.57;3.21;273.3;235;28.7;3.1;6.4;0.73;0.4;0.11;0.15;0.1;0.1;0.043;21.8;1.85;0.79;0.63;0.11;0.36;2.35;76.2;68.9;1.8;0.7;4.7;0.05;0.02;0.01;0.02
18;0;0;0;50;16.29;2.05;5.85;1.44;1.47;0.143;77.8;10.27;5.05;3.05;0.52;1.66;3.35;270.4;232.7;27.7;3.3;6.7;0.71;0.48;0.12;0.15;0.13;0.12;0.046;22.2;2.12;0.93;0.7;0.14;0.4;2.5;77.1;69.5;1.9;0.8;5;0.06;0.03;0.02;0.02
18;0;0;0;100;16.04;2.21;6.41;1.64;1.67;0.15;77;11.19;5.55;3.34;0.55;1.75;3.72;266.9;229;27;3.5;7.4;0.69;0.68;0.13;0.17;0.16;0.14;0.051;23;2.39;1.08;0.77;0.14;0.45;2.69;79.4;70.4;2.7;0.9;5.4;0.06;0.04;0.02;0.02
18;0;0;50;0;17.89;2.29;6.41;1.39;1.41;0.139;81.7;10.23;4.98;3.15;0.53;1.69;3.67;272.4;231.2;30.4;3.4;7.3;0.72;0.42;0.11;0.16;0.2;0.16;0.048;18.3;3.08;1.38;0.95;0.17;0.6;2.75;60.8;52.3;1.8;1.2;5.5;0.1;0.02;0.02;0.02
18;0;0;50;50;18.5;2.61;7.3;1.64;1.57;0.139;81;11.36;5.68;3.33;0.58;1.88;4.17;269;225.6;31.3;3.8;8.3;0.69;0.57;0.14;0.17;0.22;0.22;0.051;19;3.98;1.7;1.32;0.23;0.72;3.13;62.7;53.3;1.7;1.4;6.3;0.12;0.03;0.03;0.04
18;0;0;50;100;19.07;3.16;8.86;1.85;1.85;0.145;79.6;12.79;6.39;3.77;0.66;2.13;5.05;263.4;217.5;31.6;4.3;10.1;0.67;0.84;0.15;0.2;0.27;0.29;0.053;20.4;5.28;2.34;1.82;0.29;1.03;3.82;67.1;54.8;2.6;2.1;7.6;0.17;0.04;0.03;0.05
18;0;0;100;0;18.3;2.42;7.19;1.35;1.39;0.137;85.9;10.1;4.91;3.18;0.51;1.62;4.14;272.8;230.6;30.7;3.2;8.3;0.69;0.42;0.12;0.16;0.27;0.24;0.051;14.1;4.47;1.94;1.5;0.28;0.8;3.05;44.5;35;1.8;1.6;6.1;0.14;0.02;0.03;0.04
18;0;0;100;50;19.32;3.12;8.84;1.6;1.6;0.136;84.9;11.73;5.8;3.45;0.64;1.95;5.12;267.8;221.8;31.9;3.9;10.2;0.68;0.6;0.13;0.18;0.34;0.32;0.052;15.1;6.12;2.71;2;0.35;1.16;3.72;47.5;36.1;1.7;2.3;7.4;0.2;0.03;0.04;0.05
18;0;0;100;100;20.12;3.57;10.26;1.96;1.92;0.143;83.5;13.46;6.66;4.04;0.71;2.17;5.87;261.6;212.7;32.7;4.3;11.7;0.65;0.9;0.16;0.2;0.43;0.39;0.052;16.5;7.34;3.26;2.41;0.43;1.4;4.39;51.3;37.2;2.5;2.8;8.8;0.24;0.04;0.05;0.06
18;0;50;0;0;17.14;2.13;6.36;1.54;1.57;0.139;77.3;11.35;5.51;3.47;0.6;1.77;3.58;268;228;29.3;3.5;7.2;0.71;0.56;0.12;0.18;0.13;0.12;0.045;22.7;1.96;0.88;0.66;0.1;0.36;2.78;78.7;70.6;1.8;0.7;5.6;0.05;0.03;0.02;0.02
18;0;50;0;50;16.92;2.43;6.91;1.78;1.81;0.146;76.6;12.43;6.17;3.74;0.69;2.02;3.97;263.4;222.8;28.6;4;7.9;0.68;0.79;0.14;0.19;0.15;0.13;0.05;23.4;2.2;0.98;0.76;0.11;0.41;2.95;80.3;71.9;1.7;0.8;5.9;0.06;0.04;0.02;0.02
18;0;50;0;100;16.83;2.64;7.61;2.09;2.1;0.155;75.6;13.54;6.87;4.03;0.69;2.2;4.28;258.5;217.4;28.1;4.4;8.6;0.66;1.07;0.16;0.2;0.16;0.17;0.056;24.4;2.5;1.09;0.84;0.14;0.44;3.33;83.4;73.3;2.6;0.9;6.7;0.07;0.06;0.02;0.02
18;0;50;50;0;18.65;2.62;7.55;1.63;1.66;0.135;80.8;12.38;6.05;3.74;0.65;2.03;4.37;266.7;222.1;31.7;4.1;8.7;0.69;0.65;0.14;0.19;0.17;0.17;0.05;19.2;3.07;1.35;1.05;0.15;0.58;3.19;63.3;54;1.8;1.2;6.4;0.09;0.03;0.02;0.03
18;0;50;50;50;19.65;3;8.8;1.93;1.98;0.142;79.6;14.03;6.79;4.36;0.69;2.23;5.04;260.2;212.8;32.9;4.5;10.1;0.65;0.96;0.16;0.21;0.24;0.24;0.054;20.4;4.16;1.82;1.39;0.24;0.77;3.76;66.5;55.7;1.7;1.5;7.5;0.13;0.04;0.03;0.04
18;0;50;50;100;19.92;3.55;10.11;2.38;2.33;0.151;79.4;15.39;7.74;4.55;0.77;2.52;5.78;271.6;205.8;49.2;5;11.6;0.63;1.3;0.17;0.23;0.33;0.31;0.056;20.6;5.47;2.45;1.81;0.31;1.03;4.33;70.1;57;2.4;2.1;8.7;0.17;0.06;0.04;0.05
18;0;50;100;0;19.22;2.96;8.53;1.76;1.7;0.133;84.7;12.79;6.23;3.88;0.63;2.08;4.86;263.9;217.9;32.1;4.2;9.7;0.68;0.68;0.14;0.2;0.27;0.25;0.052;15.3;4.59;2.07;1.51;0.24;0.88;3.67;47.4;36.6;1.7;1.8;7.3;0.15;0.03;0.03;0.04
18;0;50;100;50;20.4;3.57;10.4;2.05;2.06;0.141;84.3;14.62;7.15;4.46;0.76;2.34;5.88;274.9;208.6;49.9;4.7;11.8;0.66;1.01;0.16;0.22;0.33;0.35;0.053;15.7;6.41;2.83;2.1;0.39;1.23;4.52;50.8;37.7;1.6;2.5;9;0.21;0.04;0.04;0.06
18;0;50;100;100;21.28;4.04;11.61;2.48;2.43;0.15;83.2;16.22;8.04;4.83;0.86;2.58;6.63;269.2;199.2;51.6;5.2;13.3;0.61;1.4;0.18;0.24;0.43;0.42;0.055;16.8;7.62;3.35;2.48;0.43;1.46;4.98;54.1;38.9;2.3;2.9;10;0.25;0.05;0.06;0.07
18;0;100;0;0;17.89;2.64;7.54;1.85;1.86;0.136;76.9;13.72;6.75;4.14;0.7;2.24;4.31;275;216.4;45.5;4.5;8.6;0.65;0.85;0.16;0.2;0.13;0.12;0.047;23.1;2.02;0.91;0.68;0.12;0.4;3.23;82.4;73.5;1.6;0.8;6.5;0.06;0.03;0.01;0.02
18;0;100;0;50;17.65;2.79;8.01;2.23;2.25;0.153;76.3;14.76;7.38;4.41;0.74;2.36;4.63;270.6;212.2;44.5;4.7;9.3;0.64;1.22;0.17;0.22;0.14;0.15;0.054;23.7;2.25;1.02;0.73;0.12;0.42;3.38;83.8;74.6;1.6;0.8;6.8;0.06;0.05;0.02;0.02
18;0;100;0;100;17.77;3.1;8.66;2.62;2.67;0.164;75.1;16.33;8.16;4.8;0.87;2.65;4.94;264.1;204.5;44.4;5.3;9.9;0.63;1.62;0.19;0.23;0.17;0.17;0.06;24.9;2.54;1.13;0.83;0.14;0.46;3.72;87.1;76.5;2.3;0.9;7.4;0.07;0.07;0.02;0.02
18;0;100;50;0;19.8;3.18;8.86;2.11;2.15;0.139;80.2;15.49;7.53;4.65;0.79;2.57;5.03;272.6;207.3;50.1;5.1;10.1;0.65;1.09;0.18;0.23;0.2;0.18;0.051;19.8;3.24;1.44;1.09;0.15;0.61;3.83;67.1;56.7;1.6;1.2;7.7;0.1;0.03;0.02;0.03
18;0;100;50;50;20.51;3.6;10.15;2.47;2.51;0.15;79.2;16.8;8.32;5.01;0.88;2.69;5.79;268;200;51;5.4;11.6;0.61;1.46;0.19;0.25;0.28;0.26;0.056;20.8;4.43;2.04;1.41;0.25;0.9;4.37;70.1;58.1;1.6;1.8;8.7;0.14;0.05;0.03;0.04
18;0;100;50;100;21.08;4.12;11.58;3;2.96;0.161;77.8;18.44;9.5;5.31;0.88;3.02;6.61;260.9;190;51.6;6;13.2;0.57;1.93;0.2;0.27;0.34;0.34;0.057;22.2;5.81;2.56;1.95;0.33;1.09;4.98;74.3;59.9;2.2;2.2;10;0.18;0.06;0.04;0.05
18;0;100;100;0;20.42;3.45;9.9;2.04;2.14;0.138;84.3;15.58;7.64;4.7;0.8;2.54;5.6;271.6;204.5;50.8;5.1;11.2;0.61;1.12;0.18;0.23;0.31;0.26;0.053;15.7;4.8;2.17;1.55;0.25;0.91;4.3;50.3;38.2;1.6;1.8;8.6;0.15;0.03;0.04;0.04
18;0;100;100;50;21.35;4.09;11.86;2.54;2.6;0.149;83.2;17.46;8.57;5.29;0.94;2.81;6.8;266.8;195.6;52;5.6;13.6;0.61;1.53;0.2;0.26;0.4;0.38;0.055;16.8;6.83;2.98;2.27;0.4;1.29;5.06;53.6;39.3;1.6;2.6;10.1;0.22;0.05;0.05;0.06
18;0;100;100;100;22.45;4.54;13.35;3.16;3.12;0.16;81.6;19.5;9.83;5.7;1;2.96;7.6;258.3;183.2;54;5.9;15.2;0.56;2.06;0.22;0.29;0.52;0.46;0.056;18.4;8.13;3.7;2.65;0.44;1.58;5.74;57.8;40.9;2.3;3.2;11.5;0.26;0.07;0.06;0.07
18;50;0;0;0;16.84;2.5;7.15;2.18;2.2;0.163;74.2;13.55;6.85;3.99;0.69;2.15;4.19;220.1;179.3;28.2;4.3;8.4;1.46;0.39;0.16;0.2;0.1;0.11;0.044;25.8;1.95;0.82;0.64;0.14;0.35;2.95;76.5;67.9;2;0.7;5.9;0.06;0.02;0.01;0.02
18;50;0;0;50;16.55;2.64;7.42;2.24;2.27;0.163;73.6;13.91;7.01;4.19;0.64;2.24;4.18;217.3;177;27.4;4.5;8.4;1.42;0.48;0.16;0.2;0.12;0.12;0.047;26.4;2.1;0.93;0.7;0.11;0.4;3.24;77.8;68.7;1.8;0.8;6.5;0.06;0.03;0.01;0.02
18;50;0;0;100;16.08;2.74;7.83;2.38;2.45;0.168;73;14.63;7.36;4.33;0.69;2.29;4.49;215;174.9;26.5;4.6;9;1.41;0.66;0.16;0.22;0.15;0.15;0.053;27;2.37;1.04;0.77;0.13;0.45;3.34;79.6;69.4;2.6;0.9;6.7;0.06;0.04;0.02;0.02
18;50;0;50;0;18.19;2.7;7.81;2.16;2.16;0.16;78.2;13.57;6.78;4.08;0.68;2.17;4.47;220.1;176.4;30.4;4.3;8.9;1.38;0.42;0.16;0.2;0.19;0.16;0.049;21.8;3.03;1.33;1.04;0.18;0.53;3.34;61.2;51.6;1.9;1.1;6.7;0.09;0.02;0.02;0.03
18;50;0;50;50;18.63;3.19;8.83;2.33;2.33;0.159;77.5;14.74;7.44;4.29;0.76;2.4;5.09;218.4;172.7;30.7;4.8;10.2;1.4;0.55;0.17;0.21;0.21;0.22;0.051;22.5;4.03;1.76;1.35;0.22;0.79;3.73;63.4;52.5;1.8;1.6;7.5;0.12;0.03;0.03;0.03
18;50;0;50;100;19.25;3.51;10.06;2.64;2.58;0.161;76;16.11;8.11;4.74;0.84;2.53;5.72;213.7;165.8;31.4;5.1;11.4;1.34;0.83;0.18;0.24;0.3;0.29;0.055;24;5.14;2.27;1.74;0.29;0.97;4.34;67.3;54.2;2.5;1.9;8.7;0.16;0.04;0.04;0.05
18;50;0;100;0;18.41;3.06;8.4;2.17;2.17;0.16;83;13.66;6.98;3.94;0.66;2.25;4.87;220.2;175.5;30.4;4.5;9.7;1.4;0.42;0.16;0.2;0.23;0.23;0.05;17;4.26;1.89;1.37;0.25;0.81;3.52;45.1;34.6;1.9;1.6;7;0.14;0.02;0.03;0.04
18;50;0;100;50;19.4;3.66;10.38;2.31;2.36;0.156;81.6;15.2;7.57;4.59;0.77;2.47;5.92;216.9;168.9;31.2;4.9;11.8;1.36;0.59;0.18;0.23;0.35;0.33;0.051;18.4;6.25;2.77;2.05;0.37;1.19;4.47;48.8;35.7;1.8;2.4;8.9;0.2;0.03;0.04;0.06
18;50;0;100;100;20.33;4.1;11.88;2.58;2.68;0.158;80.2;17.03;8.44;5.08;0.89;2.7;6.84;213.2;161.8;32.4;5.4;13.7;1.32;0.91;0.19;0.26;0.38;0.4;0.053;19.8;7.34;3.2;2.43;0.46;1.4;5.04;52.4;36.9;2.6;2.8;10.1;0.24;0.04;0.05;0.07
18;50;50;0;0;17.59;3.06;8.65;2.81;2.82;0.166;73.3;17.04;8.54;5.04;0.85;2.67;4.9;218.9;174.7;29;5.3;9.8;1.83;0.56;0.19;0.25;0.11;0.12;0.046;26.7;1.96;0.87;0.65;0.12;0.39;3.75;79.5;69.4;1.8;0.8;7.5;0.05;0.03;0.02;0.02
18;50;50;0;50;17.12;3.14;9.31;2.93;3.01;0.17;72.7;17.77;8.92;5.28;0.91;2.74;5.28;215.9;172;27.9;5.5;10.6;1.78;0.77;0.19;0.26;0.13;0.14;0.051;27.3;2.25;1;0.74;0.13;0.4;4.04;81;70.3;1.8;0.8;8.1;0.06;0.04;0.02;0.02
18;50;50;0;100;17.03;3.39;9.86;3.19;3.31;0.174;71.8;19.01;9.54;5.7;0.98;2.89;5.71;213;168.3;27.5;5.8;11.4;1.77;1.05;0.2;0.28;0.17;0.16;0.058;28.2;2.37;1.14;0.72;0.13;0.51;4.15;83.5;71.6;2.6;1;8.3;0.06;0.06;0.02;0.02
18;50;50;50;0;19.08;3.42;9.81;2.78;2.86;0.162;77.2;17.76;8.86;5.29;0.9;2.8;5.59;218.8;170.8;31.2;5.6;11.2;1.78;0.63;0.19;0.26;0.19;0.18;0.051;22.8;3.22;1.43;1.06;0.2;0.61;4.22;64.4;52.9;1.8;1.2;8.4;0.1;0.03;0.02;0.03
18;50;50;50;50;19.82;3.86;11.05;3.09;3.16;0.163;76.1;19.38;9.68;5.81;0.95;3.07;6.31;215.1;164.1;32.2;6.1;12.6;1.71;0.95;0.21;0.29;0.23;0.23;0.053;23.9;4.09;1.82;1.37;0.23;0.79;4.74;67.4;54.6;1.7;1.6;9.5;0.13;0.04;0.03;0.04
18;50;50;50;100;20.39;4.33;12.04;3.42;3.49;0.169;76.2;20.74;10.53;6.06;1.03;3.33;6.91;227.2;157.8;48.9;6.7;13.8;1.66;1.3;0.24;0.3;0.29;0.3;0.056;23.8;5.23;2.35;1.7;0.28;1;5.13;70.9;56.2;2.5;2;10.3;0.16;0.06;0.04;0.05
18;50;50;100;0;19.41;3.73;10.86;2.88;2.92;0.16;81.8;18.25;9.15;5.5;0.93;2.85;6.27;218.3;168.6;31.5;5.7;12.5;1.78;0.66;0.2;0.27;0.24;0.24;0.051;18.2;4.45;1.98;1.46;0.26;0.88;4.59;48.4;35.7;1.7;1.8;9.2;0.14;0.03;0.03;0.04
18;50;50;100;50;20.6;4.38;12.37;3.13;3.16;0.162;81.5;19.58;9.9;5.61;1.05;3.08;7.06;229.8;160.4;49.1;6.2;14.1;1.67;0.99;0.22;0.29;0.34;0.35;0.053;18.5;6.44;2.91;2.14;0.32;1.29;5.31;52;37.1;1.7;2.6;10.6;0.21;0.04;0.05;0.06
18;50;50;100;100;21.56;4.89;13.91;3.59;3.59;0.167;80.2;21.62;11.06;6.26;1.11;3.45;7.92;226.5;152.8;50.9;6.9;15.8;1.62;1.4;0.25;0.32;0.45;0.43;0.055;19.8;7.63;3.37;2.54;0.46;1.44;5.98;55.6;38.3;2.4;2.9;12;0.24;0.06;0.05;0.07
18;50;100;0;0;18.36;3.76;10.54;3.44;3.47;0.166;73.5;20.98;10.6;6.15;1.06;3.38;6.04;231.7;168.2;44.7;6.8;12.1;2.1;0.83;0.24;0.3;0.13;0.13;0.049;26.5;2.11;0.89;0.72;0.13;0.37;4.5;83.2;71.6;1.9;0.7;9;0.06;0.04;0.01;0.02
18;50;100;0;50;17.97;3.86;11.15;3.79;3.89;0.176;72.7;22.2;11.29;6.6;1.1;3.4;6.46;228;165.2;43.1;6.8;12.9;2.12;1.19;0.24;0.33;0.17;0.15;0.056;27.3;2.29;1.09;0.72;0.13;0.47;4.69;85.4;72.6;2.5;0.9;9.4;0.06;0.06;0.02;0.02
18;50;100;0;100;17.95;4.11;11.5;4.06;4.18;0.181;71.8;23.13;11.91;6.67;1.12;3.68;6.63;223.3;159.8;42.8;7.4;13.3;2.03;1.55;0.26;0.34;0.22;0.18;0.062;28.2;2.5;1.12;0.81;0.14;0.43;4.87;87.4;74.4;2.4;0.9;9.7;0.07;0.08;0.02;0.02
18;50;100;50;0;20.07;4.17;11.93;3.63;3.69;0.166;77.2;22.31;11.33;6.54;1.07;3.52;6.79;231.4;162.1;48.7;7;13.6;2.07;1.04;0.24;0.33;0.22;0.19;0.051;22.8;3.34;1.51;1.07;0.19;0.64;5.14;68.3;55.1;1.7;1.3;10.3;0.1;0.04;0.02;0.03
18;50;100;50;50;20.91;4.58;13.02;3.98;4.04;0.17;76;23.79;12.05;7.05;1.15;3.76;7.5;228.3;155.7;50.2;7.5;15;1.98;1.44;0.27;0.35;0.23;0.25;0.056;24;4.28;1.87;1.43;0.24;0.83;5.52;71.8;56.7;2.4;1.7;11;0.13;0.05;0.03;0.04
18;50;100;50;100;21.23;4.93;14.15;4.39;4.41;0.177;74.9;25;12.76;7.21;1.25;3.88;8.14;223.2;148.7;50.4;7.8;16.3;1.91;1.87;0.27;0.37;0.34;0.33;0.058;25.1;5.6;2.38;1.95;0.32;1.05;6.01;74.7;58.4;2.2;2.1;12;0.17;0.07;0.03;0.05
18;50;100;100;0;20.72;4.57;12.82;3.65;3.72;0.165;81.5;22.67;11.48;6.67;1.14;3.69;7.21;230.4;159.2;49.5;7.4;14.4;2.04;1.09;0.26;0.32;0.28;0.26;0.052;18.5;4.65;2.06;1.53;0.29;0.88;5.61;52;37.3;1.7;1.8;11.2;0.15;0.03;0.03;0.04
18;50;100;100;50;21.81;5.06;14.5;4.1;4.08;0.169;80.2;24.2;12.35;7.05;1.15;3.79;8.3;227;151.6;51.2;7.6;16.6;1.94;1.51;0.27;0.35;0.37;0.37;0.055;19.8;6.66;2.96;2.16;0.39;1.27;6.2;56;38.5;2.5;2.5;12.4;0.21;0.06;0.04;0.06
18;50;100;100;100;22.66;5.57;15.9;4.41;4.5;0.175;78.9;25.83;13.11;7.69;1.25;4.05;9.11;221.6;142.5;52.8;8.1;18.2;1.81;2.03;0.28;0.38;0.46;0.45;0.056;21.1;7.96;3.5;2.61;0.49;1.51;6.79;58.9;40;2.2;3;13.6;0.26;0.07;0.05;0.07
18;100;0;0;0;17.68;3.06;8.69;2.9;2.94;0.175;67.7;16.91;8.65;4.92;0.84;2.67;5;164.6;121.5;27.7;5.3;10;2.13;0.38;0.19;0.25;0.13;0.12;0.048;32.3;2.13;0.97;0.69;0.11;0.4;3.69;78.4;66.9;3.3;0.8;7.4;0.05;0.04;0.01;0.02
18;100;0;0;50;17.45;3.16;8.97;2.94;2.96;0.175;67.2;17.05;8.7;5;0.81;2.67;5.11;163.1;120.6;27;5.3;10.2;2.06;0.47;0.18;0.25;0.16;0.16;0.055;32.8;2.5;1.11;0.84;0.13;0.48;3.86;79.5;67.4;3.4;1;7.7;0.06;0.06;0.02;0.02
18;100;0;0;100;17.08;3.38;9.24;3.19;3.15;0.177;66.2;17.85;9.33;5.05;0.83;2.85;5.27;161.1;118.8;26.1;5.7;10.5;2.03;0.66;0.2;0.26;0.21;0.19;0.061;33.8;2.82;1.28;0.9;0.17;0.52;3.97;82.3;68.3;5;1;7.9;0.06;0.09;0.02;0.03
18;100;0;50;0;19.05;3.3;9.3;2.94;2.93;0.173;72.5;16.99;8.69;4.93;0.82;2.69;5.36;166.3;120.3;29.9;5.4;10.7;2.09;0.4;0.2;0.25;0.2;0.18;0.051;27.5;3.27;1.45;1.07;0.18;0.61;3.94;63.1;50.5;3.4;1.2;7.9;0.09;0.04;0.02;0.03
18;100;0;50;50;19.55;3.66;10.39;3.07;3.05;0.17;71.6;18.04;9.07;5.3;0.95;2.8;6;165.2;117.3;30.3;5.6;12;2.03;0.55;0.2;0.27;0.27;0.25;0.055;28.4;4.36;1.93;1.43;0.25;0.86;4.39;65.4;51.6;3.3;1.7;8.8;0.12;0.06;0.03;0.04
18;100;0;50;100;20;4.13;11.55;3.19;3.26;0.172;70.3;19.06;9.63;5.54;0.98;3.07;6.62;164.4;114.6;30.4;6.1;13.2;1.98;0.8;0.22;0.27;0.35;0.34;0.058;29.7;5.57;2.44;1.89;0.31;1.06;4.93;69.5;52.6;4.9;2.1;9.9;0.15;0.09;0.04;0.05
18;100;0;100;0;19.1;3.56;10.17;2.94;2.94;0.173;77.7;17.1;8.72;5.06;0.81;2.66;5.83;166.1;119.5;29.6;5.3;11.7;2.09;0.41;0.19;0.25;0.26;0.26;0.053;22.3;4.64;2.02;1.54;0.27;0.9;4.33;47.7;34;3.3;1.8;8.7;0.14;0.04;0.04;0.04
18;100;0;100;50;20.16;4.13;11.82;2.99;3.04;0.167;76.5;18.28;9.24;5.36;0.94;2.91;6.77;165.4;115.3;30.8;5.8;13.5;1.97;0.59;0.2;0.27;0.41;0.36;0.055;23.5;6.49;2.82;2.18;0.37;1.23;5.05;50.8;35;3.3;2.5;10.1;0.19;0.07;0.05;0.06
18;100;0;100;100;20.99;4.53;13.06;3.34;3.31;0.168;74.9;19.75;10.04;5.79;0.98;3.08;7.47;163.6;110.8;31.7;6.2;14.9;1.93;0.88;0.22;0.29;0.48;0.43;0.055;25.1;7.69;3.39;2.54;0.43;1.45;5.59;54.7;36.1;4.5;2.9;11.2;0.23;0.08;0.05;0.07
18;100;50;0;0;18.09;4.07;11.22;4.1;4.13;0.18;67.7;23.02;11.89;6.67;1.1;3.66;6.5;168.5;120;28.1;7.3;13;3;0.55;0.25;0.34;0.13;0.13;0.05;32.3;2.13;0.95;0.68;0.11;0.41;4.72;80.4;67.6;2.5;0.8;9.4;0.05;0.04;0.02;0.02
18;100;50;0;50;17.79;4.15;11.68;4.21;4.29;0.182;66.5;23.67;12.17;6.8;1.18;3.69;6.65;165.7;117.5;27.5;7.4;13.3;2.91;0.77;0.26;0.35;0.18;0.16;0.056;33.5;2.4;1.1;0.78;0.13;0.46;5.03;83.5;68.9;3.7;0.9;10.1;0.06;0.06;0.02;0.02
18;100;50;0;100;17.5;4.34;12;4.36;4.51;0.185;65.9;24.39;12.58;6.93;1.16;3.86;6.85;163.7;115.8;26.5;7.7;13.7;2.88;1.01;0.28;0.34;0.22;0.19;0.063;34.1;2.67;1.19;0.89;0.16;0.48;5.16;84.6;69.8;3.6;1;10.3;0.06;0.09;0.02;0.02
18;100;50;50;0;19.56;4.38;12.24;4;4.12;0.176;71.7;23.46;12.01;6.88;1.09;3.71;6.86;168.3;116.7;30.5;7.4;13.7;2.9;0.62;0.27;0.34;0.19;0.19;0.052;28.3;3.27;1.49;1.06;0.17;0.66;5.38;66.4;51.9;2.4;1.3;10.8;0.09;0.04;0.02;0.03
18;100;50;50;50;20.05;4.73;13.09;4.29;4.32;0.177;70.6;24.54;12.69;6.98;1.19;3.88;7.56;167;113.1;31.1;7.8;15.1;2.78;0.91;0.26;0.36;0.27;0.25;0.055;29.4;4.33;1.91;1.38;0.27;0.86;5.53;69.5;53.2;3.6;1.7;11.1;0.12;0.06;0.03;0.04
18;100;50;50;100;20.72;5.13;14.38;4.57;4.61;0.18;71.3;25.72;13.21;7.51;1.25;4.05;8.14;180.5;108.9;47.3;8.1;16.3;2.7;1.25;0.3;0.36;0.36;0.33;0.058;28.7;5.49;2.48;1.82;0.28;1.08;6.24;72.7;54.8;3.3;2.2;12.5;0.16;0.08;0.04;0.05
18;100;50;100;0;20.01;4.71;12.99;4.19;4.14;0.174;77;23.83;12.3;6.84;1.15;3.82;7.45;168.5;115.1;30.9;7.6;14.9;2.87;0.66;0.28;0.33;0.27;0.25;0.052;23;4.57;2.03;1.51;0.24;0.88;5.54;50.2;35;2.3;1.8;11.1;0.14;0.04;0.03;0.04
18;100;50;100;50;21.07;5.2;14.58;4.35;4.34;0.174;77;24.94;12.8;7.16;1.25;3.93;8.37;182.9;110.5;47.9;7.9;16.7;2.72;0.97;0.27;0.37;0.38;0.37;0.055;23;6.55;2.9;2.14;0.34;1.27;6.21;54.7;36.2;3.5;2.5;12.4;0.2;0.06;0.04;0.06
18;100;50;100;100;21.8;5.51;15.84;4.7;4.65;0.177;76;26.35;13.68;7.55;1.28;4.08;9.12;181.2;105.1;49.6;8.2;18.2;2.6;1.36;0.29;0.39;0.46;0.44;0.056;24;7.74;3.36;2.55;0.43;1.43;6.72;57;37.5;3.2;2.9;13.4;0.24;0.08;0.05;0.07
18;100;100;0;0;18.57;4.61;13.15;4.76;4.88;0.178;68.5;27.45;14.01;7.98;1.35;4.22;7.57;182.3;114.9;43.7;8.4;15.1;3.34;0.81;0.31;0.41;0.14;0.13;0.05;31.5;2.06;0.94;0.66;0.11;0.4;5.58;83.9;70.2;1.7;0.8;11.2;0.05;0.04;0.01;0.02
18;100;100;0;50;18.53;4.84;13.46;5.05;5.14;0.185;67.4;27.95;14.49;8.05;1.33;4.37;7.66;179.2;112.3;42.9;8.7;15.3;3.25;1.18;0.31;0.4;0.15;0.16;0.058;32.6;2.33;1.08;0.73;0.13;0.47;5.81;86.8;71.5;2.7;0.9;11.6;0.06;0.06;0.02;0.02
18;100;100;0;100;18.27;4.9;13.87;5.42;5.37;0.189;66.5;28.44;14.94;8.02;1.37;4.41;7.76;175.9;109.9;41.6;8.8;15.5;3.18;1.5;0.3;0.4;0.2;0.19;0.065;33.5;2.61;1.16;0.89;0.15;0.49;6.11;88.5;72.7;2.7;1;12.2;0.06;0.09;0.02;0.02
18;100;100;50;0;20.32;5.09;14.08;4.87;4.94;0.177;72.7;27.97;14.45;7.92;1.46;4.48;8.08;184;111.2;47.7;9;16.2;3.2;1.02;0.31;0.41;0.21;0.19;0.053;27.3;3.26;1.49;1.07;0.18;0.61;6;69;53.9;1.8;1.2;12;0.1;0.04;0.02;0.03
18;100;100;50;50;21.11;5.43;15.1;5.2;5.24;0.18;71.4;29.18;15.12;8.32;1.4;4.6;8.62;182.3;106.6;49.2;9.2;17.2;3.09;1.4;0.33;0.42;0.29;0.26;0.057;28.6;4.29;1.94;1.42;0.25;0.83;6.48;72.7;55.6;2.5;1.7;13;0.13;0.06;0.03;0.04
18;100;100;50;100;21.63;5.75;16.24;5.53;5.57;0.185;70.3;30.24;15.76;8.59;1.47;4.68;9.22;179.7;102.1;49.9;9.4;18.4;2.97;1.84;0.33;0.43;0.36;0.34;0.058;29.7;5.54;2.53;1.78;0.3;1.07;7.03;75.8;57.3;2.3;2.1;14.1;0.17;0.08;0.04;0.05
18;100;100;100;0;20.71;5.27;14.96;4.95;4.92;0.176;77.5;28.04;14.45;8.07;1.35;4.38;8.48;182.9;109.2;48;8.8;17;3.16;1.05;0.31;0.41;0.26;0.26;0.053;22.5;4.68;2.08;1.53;0.29;0.9;6.47;53;36.5;1.7;1.8;12.9;0.15;0.04;0.03;0.04
18;100;100;100;50;22.05;5.97;16.62;5.15;5.26;0.178;76.1;29.61;15.3;8.48;1.45;4.76;9.5;182.3;103.4;50.3;9.5;19;3;1.49;0.34;0.43;0.4;0.37;0.055;23.9;6.54;2.88;2.19;0.37;1.22;7.12;57;37.9;2.3;2.4;14.2;0.21;0.06;0.05;0.06
18;100;100;100;100;22.83;6.4;17.79;5.59;5.64;0.182;75.2;30.99;16.13;8.88;1.51;4.85;10.37;180.5;98;52.1;9.7;20.7;2.83;2;0.35;0.46;0.46;0.45;0.057;24.8;7.81;3.5;2.55;0.4;1.56;7.42;59.5;39.3;2.3;3.1;14.8;0.25;0.07;0.06;0.07
19;0;0;0;0;17.02;1.97;5.54;1.45;1.43;0.144;80;9.96;4.97;2.98;0.5;1.62;3.23;278.7;239.6;29.4;3.2;6.5;0.76;0.4;0.11;0.16;0.1;0.1;0.043;20;1.78;0.77;0.61;0.1;0.34;2.31;69.7;62.6;1.8;0.7;4.6;0.05;0.02;0.01;0.01
19;0;0;0;50;16.81;2.21;5.92;1.52;1.53;0.145;79.5;10.62;5.29;3.07;0.58;1.79;3.44;275.5;236.3;28.7;3.6;6.9;0.74;0.51;0.13;0.16;0.12;0.11;0.045;20.5;1.98;0.93;0.64;0.1;0.42;2.48;71;63.3;1.9;0.8;5;0.06;0.03;0.01;0.02
19;0;0;0;100;16.52;2.27;6.37;1.7;1.72;0.152;78.8;11.37;5.71;3.34;0.57;1.84;3.68;272;233.1;27.9;3.7;7.4;0.71;0.7;0.13;0.18;0.14;0.13;0.048;21.2;2.24;1.03;0.74;0.11;0.43;2.69;73;64;2.7;0.9;5.4;0.06;0.04;0.01;0.02
19;0;0;50;0;17.85;2.23;6.09;1.46;1.41;0.143;83.4;9.89;4.9;2.93;0.52;1.62;3.45;278.6;237.9;30.6;3.2;6.9;0.74;0.4;0.12;0.15;0.17;0.16;0.048;16.6;3.02;1.35;0.97;0.16;0.6;2.64;55.5;47.2;1.8;1.2;5.3;0.09;0.02;0.02;0.03
19;0;0;50;50;18.57;2.68;7.5;1.65;1.63;0.141;82.4;11.58;5.75;3.45;0.62;1.91;4.29;273.2;229.4;31.4;3.8;8.6;0.73;0.58;0.14;0.18;0.22;0.22;0.05;17.6;4.06;1.78;1.32;0.26;0.78;3.21;58.3;48.6;1.7;1.6;6.4;0.13;0.03;0.03;0.04
19;0;0;50;100;19.28;3.04;8.75;1.96;1.89;0.146;81.2;12.96;6.45;3.89;0.69;2.06;4.97;268.3;222.1;32.2;4.1;9.9;0.69;0.85;0.15;0.2;0.27;0.28;0.052;18.8;5.09;2.21;1.71;0.3;0.98;3.79;61.9;49.8;2.6;2;7.6;0.16;0.04;0.03;0.05
19;0;0;100;0;18.33;2.4;7.08;1.46;1.42;0.141;87.1;10.11;4.95;3.08;0.53;1.58;4.11;277.9;235.7;30.8;3.2;8.2;0.73;0.42;0.12;0.15;0.22;0.22;0.049;12.9;4.3;1.87;1.42;0.26;0.82;2.98;41.2;31.7;1.8;1.6;6;0.14;0.02;0.03;0.04
19;0;0;100;50;19.48;3.13;8.88;1.62;1.64;0.138;85.9;11.88;5.89;3.52;0.62;1.92;5.14;272.6;226.4;32.1;3.8;10.3;0.7;0.62;0.14;0.18;0.34;0.32;0.051;14.1;6.1;2.77;1.96;0.34;1.2;3.74;44.4;32.8;1.7;2.4;7.5;0.2;0.03;0.04;0.05
19;0;0;100;100;20.13;3.63;10.26;1.92;1.94;0.145;84.7;13.4;6.62;4.09;0.7;2.23;5.85;266.7;217.9;32.7;4.5;11.7;0.67;0.9;0.16;0.2;0.4;0.39;0.052;15.3;7.4;3.25;2.45;0.4;1.4;4.41;47.8;33.7;2.5;2.8;8.8;0.24;0.04;0.05;0.06
19;0;50;0;0;17.72;2.27;6.38;1.54;1.62;0.14;79.1;11.59;5.6;3.53;0.64;1.9;3.65;273.4;231.9;30.4;3.8;7.3;0.72;0.59;0.13;0.18;0.12;0.11;0.044;20.9;1.85;0.82;0.58;0.1;0.37;2.73;72.2;64.3;1.7;0.7;5.5;0.05;0.03;0.01;0.02
19;0;50;0;50;17.49;2.5;7.08;1.88;1.91;0.147;78.2;12.99;6.39;3.97;0.65;2.07;4.04;267.5;225.4;29.9;4.1;8.1;0.71;0.85;0.15;0.2;0.13;0.13;0.049;21.8;2.13;0.96;0.68;0.13;0.43;3.04;74.3;65.7;1.6;0.9;6.1;0.06;0.04;0.02;0.02
19;0;50;0;100;17.19;2.65;7.45;2.19;2.17;0.157;77.5;13.87;6.99;4.03;0.7;2.22;4.28;263.1;221;29.1;4.4;8.6;0.7;1.11;0.15;0.21;0.14;0.15;0.055;22.5;2.31;1.04;0.73;0.14;0.43;3.17;76.2;66.7;2.3;0.9;6.3;0.06;0.05;0.02;0.02
19;0;50;50;0;18.57;2.6;7.35;1.67;1.68;0.138;82.4;12.19;5.97;3.72;0.63;2.01;4.26;272.3;228.2;31.5;4;8.5;0.71;0.63;0.15;0.19;0.2;0.17;0.05;17.6;3.17;1.45;1.01;0.19;0.59;3.09;57.9;48.8;1.7;1.2;6.2;0.1;0.03;0.02;0.03
19;0;50;50;50;19.63;3.23;8.63;2.04;2.05;0.144;81.2;14.24;7.16;4.15;0.68;2.44;4.95;265;217.5;32.8;4.9;9.9;0.69;0.97;0.18;0.21;0.24;0.23;0.053;18.8;4.11;1.83;1.33;0.25;0.79;3.68;61.2;50.6;1.7;1.6;7.4;0.13;0.04;0.03;0.04
19;0;50;50;100;20.19;3.46;10.03;2.39;2.38;0.153;81.1;15.54;7.68;4.73;0.83;2.47;5.86;277.4;210.7;50.1;4.9;11.7;0.65;1.31;0.18;0.24;0.28;0.3;0.055;18.9;5.23;2.28;1.75;0.28;0.99;4.17;64.4;51.7;2.3;2;8.3;0.16;0.05;0.04;0.04
19;0;50;100;0;19.19;2.95;8.35;1.76;1.71;0.136;86;12.65;6.22;3.78;0.63;2.06;4.79;269.3;223.5;32.1;4.1;9.6;0.7;0.68;0.15;0.19;0.26;0.24;0.051;14;4.58;2.03;1.5;0.3;0.89;3.56;43.7;33.1;1.7;1.8;7.1;0.15;0.03;0.03;0.04
19;0;50;100;50;20.41;3.75;10.42;2.04;2.09;0.142;85.4;14.7;7.34;4.33;0.78;2.48;5.96;279.4;212.5;50;5;11.9;0.67;1.02;0.18;0.22;0.36;0.36;0.052;14.6;6.62;2.91;2.18;0.4;1.27;4.46;47.4;34.3;1.6;2.5;8.9;0.21;0.04;0.04;0.06
19;0;50;100;100;21.37;4.15;11.66;2.54;2.5;0.151;84.4;16.5;8.28;4.86;0.83;2.67;6.75;273;202.3;51.9;5.3;13.5;0.64;1.42;0.19;0.25;0.44;0.42;0.054;15.6;7.65;3.4;2.52;0.46;1.47;4.91;50.4;35.4;2.2;2.9;9.8;0.25;0.05;0.05;0.07
19;0;100;0;0;18.63;2.69;7.51;2.06;1.93;0.136;78.6;14.18;6.98;4.25;0.73;2.29;4.41;280.2;219.1;47.6;4.6;8.8;0.65;0.89;0.17;0.22;0.12;0.12;0.049;21.4;1.97;0.87;0.66;0.13;0.4;3.1;75.8;67.1;1.8;0.8;6.2;0.05;0.04;0.01;0.02
19;0;100;0;50;18.51;2.83;8.36;2.34;2.4;0.154;77.9;15.64;7.82;4.67;0.84;2.44;4.82;275.1;213.8;46.8;4.9;9.6;0.68;1.3;0.18;0.24;0.14;0.14;0.054;22.1;2.15;0.95;0.71;0.14;0.39;3.54;77.8;68.3;1.7;0.8;7.1;0.06;0.05;0.01;0.02
19;0;100;0;100;18.12;3.05;8.68;2.73;2.72;0.165;77.1;16.49;8.39;4.76;0.86;2.6;5.03;269.8;209;45.6;5.2;10.1;0.66;1.63;0.19;0.25;0.16;0.17;0.058;22.9;2.45;1.11;0.82;0.14;0.45;3.65;79.9;69.3;2.4;0.9;7.3;0.06;0.07;0.01;0.02
19;0;100;50;0;19.81;3.14;8.83;2.08;2.13;0.141;81.9;15.08;7.45;4.53;0.76;2.52;5.09;278.9;213.9;49.9;5;10.2;0.67;1.06;0.17;0.23;0.19;0.19;0.052;18.1;3.41;1.46;1.13;0.23;0.62;3.74;61.6;51.2;1.6;1.2;7.5;0.1;0.04;0.02;0.03
19;0;100;50;50;20.69;3.53;10.04;2.53;2.56;0.151;80.7;17.02;8.5;4.98;0.87;2.72;5.75;271.9;203.3;51.7;5.4;11.5;0.62;1.48;0.2;0.26;0.25;0.25;0.055;19.3;4.25;1.87;1.43;0.22;0.81;4.29;64.7;52.9;1.6;1.6;8.6;0.13;0.05;0.03;0.04
19;0;100;50;100;21.42;4.09;11.38;3.11;3.05;0.163;79.5;18.8;9.62;5.43;0.96;3.05;6.57;266.9;194.8;52.8;6.1;13.1;0.61;1.95;0.22;0.28;0.34;0.32;0.057;20.5;5.41;2.41;1.78;0.28;1.05;4.8;68.4;54.3;2.4;2.1;9.6;0.17;0.07;0.03;0.05
19;0;100;100;0;20.23;3.32;9.82;2.1;2.14;0.14;85.5;15.38;7.44;4.69;0.8;2.41;5.57;276.2;209.7;50.5;4.8;11.1;0.63;1.11;0.18;0.23;0.24;0.26;0.052;14.5;4.76;2.12;1.53;0.29;0.91;4.25;46.5;34.6;1.6;1.8;8.5;0.15;0.03;0.03;0.04
19;0;100;100;50;21.12;4.21;11.88;2.55;2.61;0.15;84.3;17.43;8.76;5.16;0.9;2.9;6.83;270;199;51.6;5.8;13.7;0.62;1.53;0.2;0.27;0.37;0.38;0.054;15.7;6.97;3.06;2.29;0.38;1.31;5.06;49.9;35.8;1.4;2.6;10.1;0.23;0.05;0.05;0.07
19;0;100;100;100;22.43;4.58;13.26;3.21;3.14;0.162;83;19.46;9.78;5.72;1;3.06;7.63;262.6;187.3;53.9;6.1;15.3;0.59;2.05;0.22;0.28;0.46;0.45;0.054;17;8.12;3.59;2.68;0.46;1.52;5.63;53.5;37;2.2;3;11.3;0.27;0.06;0.05;0.07
19;50;0;0;0;17.34;2.51;7.06;2.2;2.26;0.166;75.9;13.67;6.89;3.99;0.69;2.15;4.04;223.3;181.5;29.4;4.3;8.1;1.49;0.4;0.16;0.2;0.09;0.1;0.042;24.1;1.77;0.79;0.56;0.12;0.36;3.02;70.6;62.1;1.8;0.7;6;0.05;0.02;0.01;0.01
19;50;0;0;50;16.75;2.59;7.42;2.34;2.34;0.168;75.8;14.03;7.13;4.07;0.68;2.22;4.35;222.8;181.6;28;4.4;8.7;1.49;0.49;0.15;0.21;0.12;0.12;0.046;24.2;2.03;0.86;0.73;0.1;0.37;3.07;70.9;62;2;0.7;6.1;0.05;0.03;0.01;0.02
19;50;0;0;100;16.67;2.76;7.95;2.58;2.56;0.171;74.8;15.04;7.75;4.31;0.73;2.32;4.54;218.8;177.6;27.5;4.6;9.1;1.48;0.69;0.16;0.23;0.15;0.15;0.053;25.2;2.34;1.08;0.71;0.14;0.44;3.41;73.7;63.2;2.8;0.9;6.8;0.06;0.05;0.02;0.02
19;50;0;50;0;18.11;2.75;7.67;2.21;2.23;0.166;79.9;13.56;6.85;3.95;0.68;2.19;4.42;224.1;180.6;30.3;4.4;8.8;1.47;0.41;0.16;0.2;0.15;0.16;0.048;20.1;2.99;1.33;0.96;0.18;0.57;3.25;56.3;46.8;1.9;1.1;6.5;0.09;0.02;0.02;0.03
19;50;0;50;50;18.79;3.09;8.8;2.38;2.42;0.162;79;14.99;7.62;4.38;0.74;2.36;5.03;221.6;175.6;31.3;4.7;10.1;1.46;0.56;0.17;0.22;0.2;0.2;0.049;21;3.81;1.72;1.2;0.21;0.73;3.77;58.7;47.9;1.8;1.5;7.5;0.12;0.03;0.02;0.03
19;50;0;50;100;19.36;3.56;9.99;2.79;2.69;0.165;77.9;16.4;8.41;4.75;0.86;2.6;5.86;218.6;170.1;31.6;5.2;11.7;1.42;0.84;0.19;0.24;0.28;0.28;0.053;22.1;5.02;2.23;1.64;0.3;0.96;4.13;61.8;49.1;2.5;1.9;8.3;0.16;0.05;0.04;0.04
19;50;0;100;0;18.66;3.07;8.64;2.32;2.28;0.164;84.1;13.96;7.05;4.13;0.7;2.25;4.97;224.4;179.2;30.8;4.5;9.9;1.49;0.43;0.16;0.2;0.21;0.22;0.05;15.9;4.19;1.85;1.4;0.23;0.82;3.67;42.2;31.4;1.9;1.6;7.3;0.13;0.02;0.03;0.04
19;50;0;100;50;19.61;3.54;10.29;2.5;2.43;0.159;83;15.3;7.68;4.52;0.75;2.39;5.99;220.7;172.1;31.8;4.8;12;1.43;0.6;0.17;0.23;0.26;0.31;0.051;17;6;2.58;2.07;0.35;1.15;4.29;45;32.4;1.7;2.3;8.6;0.2;0.03;0.04;0.05
19;50;0;100;100;20.27;3.99;11.55;2.76;2.68;0.162;81.7;16.63;8.46;4.79;0.83;2.6;6.67;216.9;166.1;32.3;5.2;13.3;1.36;0.89;0.19;0.25;0.41;0.39;0.053;18.3;7.33;3.29;2.42;0.4;1.39;4.88;48.4;33.3;2.6;2.8;9.8;0.24;0.05;0.05;0.07
19;50;50;0;0;17.97;3.06;8.78;2.96;2.95;0.17;75.3;17.41;8.92;5.05;0.84;2.71;5.01;223.4;178.1;29.8;5.4;10;1.93;0.57;0.2;0.26;0.1;0.11;0.046;24.7;1.93;0.85;0.65;0.11;0.36;3.76;73.1;63.1;1.8;0.7;7.5;0.05;0.03;0.01;0.02
19;50;50;0;50;17.75;3.27;9.42;3.08;3.17;0.173;74.6;18.46;9.4;5.35;0.94;2.9;5.48;220.1;174.2;29.1;5.8;11;1.87;0.82;0.2;0.28;0.13;0.13;0.049;25.4;2.1;0.92;0.73;0.12;0.38;3.93;74.7;64.2;1.8;0.8;7.9;0.05;0.04;0.01;0.02
19;50;50;0;100;17.68;3.54;9.97;3.36;3.44;0.177;73.6;19.46;9.93;5.68;0.94;3.01;5.81;216.8;170.5;28.7;6;11.6;1.83;1.1;0.22;0.29;0.14;0.16;0.057;26.4;2.43;1.14;0.81;0.11;0.53;4.16;77.4;65.3;2.7;1.1;8.3;0.06;0.06;0.01;0.02
19;50;50;50;0;18.88;3.41;9.71;2.95;2.97;0.167;79;17.91;9.03;5.25;0.94;2.86;5.61;223.3;175.1;31.2;5.7;11.2;1.88;0.63;0.2;0.27;0.16;0.17;0.049;21;3.04;1.35;1.01;0.17;0.55;4.1;59.1;48;1.8;1.1;8.2;0.09;0.03;0.02;0.03
19;50;50;50;50;19.84;3.92;11.06;3.18;3.25;0.167;77.8;19.48;9.85;5.83;0.96;3.13;6.31;218.8;167.5;32.4;6.3;12.6;1.79;0.95;0.23;0.28;0.2;0.23;0.053;22.2;4.07;1.77;1.35;0.24;0.79;4.74;62.3;49.6;1.6;1.6;9.5;0.13;0.04;0.03;0.04
19;50;50;50;100;20.26;4.17;11.98;3.54;3.53;0.173;78;20.54;10.4;6.05;1.04;3.11;6.97;232.1;162.9;49.1;6.2;13.9;1.73;1.28;0.22;0.3;0.32;0.3;0.057;22;5.19;2.44;1.63;0.27;1.05;5.01;65.3;50.7;2.5;2.1;10;0.16;0.06;0.04;0.05
19;50;50;100;0;19.41;3.71;10.65;3.04;2.99;0.165;83;18.18;9.27;5.28;0.89;2.83;6.05;221.3;172.2;31.3;5.7;12.1;1.87;0.66;0.2;0.27;0.25;0.25;0.051;17;4.6;2;1.53;0.28;0.87;4.61;45.1;32.4;1.8;1.7;9.2;0.15;0.03;0.03;0.04
19;50;50;100;50;20.52;4.35;12.52;3.29;3.29;0.166;82.9;19.93;10.08;5.89;0.97;3.15;7.31;234.2;164.3;49;6.3;14.6;1.77;1;0.22;0.3;0.32;0.34;0.053;17.1;6.39;2.81;2.13;0.36;1.2;5.21;48;33.6;1.7;2.4;10.4;0.21;0.04;0.04;0.06
19;50;50;100;100;21.24;4.75;13.78;3.62;3.61;0.171;81.6;21.22;10.83;6.18;1.05;3.26;7.91;230.1;157.7;50.1;6.5;15.8;1.7;1.36;0.24;0.31;0.4;0.43;0.054;18.4;7.69;3.42;2.49;0.47;1.49;5.87;51.7;34.5;2.5;3;11.7;0.25;0.06;0.05;0.07
19;50;100;0;0;18.85;3.75;10.71;3.65;3.63;0.169;75.4;21.58;10.99;6.29;1.05;3.38;6.23;236;170.4;46.4;6.8;12.5;2.2;0.87;0.24;0.32;0.12;0.12;0.049;24.6;2;0.9;0.65;0.11;0.37;4.48;76.7;65.3;1.7;0.7;9;0.05;0.04;0.01;0.02
19;50;100;0;50;18.69;4.04;11.1;3.96;4.03;0.178;74.5;22.66;11.56;6.57;1.17;3.6;6.45;232.1;166.7;45.3;7.2;12.9;2.18;1.26;0.26;0.33;0.15;0.15;0.057;25.5;2.16;1;0.7;0.11;0.44;4.65;79.3;66.4;2.7;0.9;9.3;0.05;0.06;0.01;0.02
19;50;100;0;100;18.4;4.04;11.59;4.22;4.34;0.185;73.7;23.56;12.05;6.73;1.21;3.6;6.72;227.4;162.3;44.4;7.2;13.4;2.14;1.59;0.26;0.35;0.16;0.18;0.063;26.3;2.47;1.09;0.85;0.14;0.45;4.87;80.8;67.7;2.5;0.9;9.7;0.06;0.08;0.02;0.02
19;50;100;50;0;20.06;4.19;11.79;3.77;3.82;0.17;78.9;22.51;11.51;6.54;1.13;3.57;6.88;235.6;166;48.7;7.1;13.8;2.18;1.05;0.26;0.33;0.16;0.19;0.053;21.1;3.29;1.45;1.08;0.19;0.63;4.91;62.8;50;1.8;1.3;9.8;0.1;0.04;0.02;0.03
19;50;100;50;50;20.7;4.58;12.97;4.03;4.11;0.174;77.7;23.65;12.01;6.95;1.19;3.74;7.47;231.9;159.7;49.8;7.5;14.9;2.07;1.44;0.27;0.33;0.27;0.25;0.055;22.3;4.29;1.97;1.41;0.22;0.84;5.5;66.4;51.3;2.3;1.7;11;0.13;0.06;0.02;0.04
19;50;100;50;100;21.75;5;14.06;4.6;4.53;0.18;76.5;25.3;13.22;7.25;1.24;4;8.08;227;150.9;51.9;8;16.2;1.96;1.92;0.28;0.37;0.3;0.32;0.057;23.5;5.33;2.33;1.78;0.3;0.99;5.98;69.6;53.3;2.3;2;12;0.17;0.07;0.03;0.04
19;50;100;100;0;20.43;4.56;12.81;3.75;3.83;0.169;82.9;22.76;11.57;6.6;1.15;3.63;7.43;234.1;163.2;48.7;7.3;14.9;2.15;1.08;0.25;0.34;0.28;0.26;0.052;17.1;4.84;2.12;1.6;0.27;0.93;5.38;48;33.7;1.7;1.9;10.8;0.15;0.04;0.03;0.04
19;50;100;100;50;21.63;5.04;14.42;4.19;4.14;0.172;81.4;24.11;12.27;7.07;1.23;3.72;8.3;229.9;154.9;51;7.4;16.6;2.02;1.5;0.27;0.36;0.39;0.37;0.054;18.6;6.73;2.98;2.23;0.39;1.32;6.12;52.1;34.9;2.3;2.6;12.2;0.22;0.05;0.04;0.06
19;50;100;100;100;22.66;5.55;15.68;4.75;4.61;0.179;80.4;25.85;13.36;7.36;1.27;3.99;9.07;225.3;146.4;52.8;8;18.1;1.94;2;0.28;0.38;0.44;0.45;0.056;19.6;7.99;3.52;2.65;0.44;1.57;6.61;54.7;36.2;2.2;3.1;13.2;0.26;0.07;0.05;0.07
19;100;0;0;0;17.9;3.04;8.55;3.06;3.07;0.181;70.2;17.05;8.94;4.91;0.84;2.71;4.93;168.2;124.1;28.8;5.4;9.9;2.24;0.38;0.2;0.25;0.1;0.11;0.046;29.8;1.92;0.83;0.68;0.1;0.34;3.62;71.4;60.7;2.8;0.7;7.2;0.05;0.04;0.01;0.02
19;100;0;0;50;17.46;3.22;8.94;3.19;3.16;0.18;69.5;17.69;9.12;5.07;0.91;2.79;5.12;166;122.4;27.7;5.6;10.2;2.22;0.49;0.2;0.25;0.13;0.14;0.051;30.5;2.21;0.98;0.73;0.13;0.43;3.82;72.6;61.4;2.6;0.9;7.6;0.05;0.05;0.02;0.02
19;100;0;0;100;17.09;3.32;9.51;3.4;3.4;0.182;68.9;18.8;9.75;5.32;0.89;2.87;5.63;164.9;120.7;27.2;5.7;11.3;2.22;0.69;0.2;0.28;0.15;0.16;0.057;31.1;2.48;1.07;0.83;0.14;0.45;3.88;74.5;62.2;3.6;0.9;7.8;0.06;0.07;0.02;0.02
19;100;0;50;0;18.59;3.22;9.26;3.08;3.06;0.179;74.5;17.16;8.9;4.82;0.88;2.64;5.35;168.5;122.9;29.7;5.3;10.7;2.22;0.4;0.19;0.25;0.17;0.17;0.049;25.5;3.12;1.37;1.03;0.18;0.59;3.91;57.7;45.9;2.8;1.2;7.8;0.09;0.03;0.02;0.03
19;100;0;50;50;19.21;3.6;10.37;3.07;3.2;0.175;73.8;18.3;9.32;5.39;0.9;2.85;5.99;168.4;120.2;30.5;5.7;12;2.17;0.55;0.21;0.26;0.22;0.22;0.053;26.2;3.98;1.75;1.31;0.22;0.76;4.38;59.6;46.8;2.5;1.5;8.8;0.12;0.05;0.03;0.03
19;100;0;50;100;20.05;4.12;11.62;3.39;3.43;0.175;72.2;19.7;10.01;5.77;1;3.06;6.72;166.5;115.4;31.5;6.1;13.4;2.07;0.84;0.23;0.29;0.29;0.3;0.056;27.8;5.22;2.36;1.71;0.3;1.05;4.89;64;48.4;3.8;2.1;9.8;0.15;0.07;0.04;0.05
19;100;0;100;0;19.07;3.56;10.13;2.97;3.04;0.177;79.3;17.24;8.77;5.07;0.89;2.71;5.84;168.6;121.4;30.1;5.4;11.7;2.17;0.42;0.19;0.26;0.2;0.24;0.051;20.7;4.42;1.93;1.48;0.25;0.85;4.29;43.9;30.9;2.7;1.7;8.6;0.14;0.03;0.03;0.04
19;100;0;100;50;19.96;4.16;11.69;3.19;3.2;0.173;78.3;18.59;9.5;5.42;0.93;2.96;6.77;167.8;117.2;31.1;5.9;13.5;2.13;0.59;0.21;0.27;0.3;0.33;0.052;21.7;6.13;2.7;2.06;0.36;1.2;4.92;46.5;31.9;2.4;2.4;9.8;0.19;0.04;0.04;0.05
19;100;0;100;100;20.63;4.49;12.95;3.49;3.41;0.173;76.9;19.84;10.21;5.72;0.99;3.08;7.58;166.5;113.4;31.8;6.2;15.2;2.02;0.88;0.22;0.29;0.36;0.41;0.054;23.1;7.38;3.2;2.44;0.41;1.41;5.37;49.9;32.7;3.7;2.8;10.7;0.23;0.07;0.05;0.06
19;100;50;0;0;18.23;3.9;11.01;4.18;4.27;0.184;69.8;23.29;11.94;6.68;1.12;3.57;6.42;170.8;121.4;29.4;7.1;12.8;3.1;0.58;0.26;0.34;0.11;0.11;0.045;30.2;1.83;0.79;0.59;0.11;0.33;4.59;73.6;61.9;1.9;0.7;9.2;0.05;0.03;0.01;0.02
19;100;50;0;50;18;4.11;11.66;4.33;4.46;0.187;68.8;24.03;12.28;7.06;1.19;3.68;6.75;168.5;119.2;28.5;7.4;13.5;3.06;0.79;0.26;0.36;0.12;0.13;0.052;31.2;2.15;0.97;0.71;0.11;0.43;4.91;76.3;62.9;2.8;0.9;9.8;0.05;0.04;0.01;0.02
19;100;50;0;100;17.82;4.29;12.14;4.74;4.71;0.189;68.2;24.98;12.93;7.18;1.28;3.82;7.04;166.7;117;28;7.6;14.1;3.01;1.07;0.27;0.37;0.18;0.17;0.059;31.8;2.4;1.08;0.74;0.14;0.47;5.09;77.8;63.8;2.8;0.9;10.2;0.06;0.07;0.02;0.02
19;100;50;50;0;19.22;4.32;12.09;4.23;4.28;0.182;73.9;23.61;12.18;6.83;1.12;3.7;6.97;171.6;119.6;30.6;7.4;13.9;3.07;0.62;0.26;0.34;0.18;0.17;0.05;26.1;3.08;1.42;0.96;0.17;0.61;5.12;60.3;47;1.9;1.2;10.2;0.09;0.03;0.02;0.03
19;100;50;50;50;19.95;4.72;13.06;4.52;4.5;0.182;72.5;24.83;12.94;7.06;1.21;3.94;7.43;169.3;115;31.6;7.9;14.9;2.94;0.92;0.28;0.35;0.24;0.23;0.053;27.5;4.05;1.81;1.31;0.24;0.79;5.63;64;48.5;2.6;1.6;11.3;0.12;0.04;0.03;0.04
19;100;50;50;100;20.91;5.19;14.28;4.7;4.8;0.183;73.3;26.29;13.55;7.64;1.25;4.19;8.21;183.6;109.8;49.1;8.4;16.4;2.82;1.32;0.29;0.38;0.28;0.3;0.057;26.7;5.15;2.31;1.67;0.31;1.01;6.07;66.8;50.3;2.4;2;12.1;0.16;0.06;0.03;0.05
19;100;50;100;0;19.75;4.66;12.94;4.28;4.29;0.18;78.7;23.97;12.41;6.86;1.21;3.79;7.48;171.1;117.5;31;7.6;15;3.01;0.65;0.27;0.36;0.25;0.24;0.051;21.3;4.44;2.02;1.45;0.25;0.87;5.46;46.2;31.8;1.8;1.7;10.9;0.14;0.03;0.03;0.04
19;100;50;100;50;20.75;5.05;14.65;4.52;4.51;0.18;78.5;25.19;12.95;7.29;1.27;3.83;8.38;184.5;112.2;47.9;7.7;16.8;2.89;0.97;0.29;0.36;0.34;0.35;0.053;21.5;6.4;2.83;2.09;0.38;1.23;6.28;50.5;33;2.5;2.5;12.6;0.2;0.04;0.04;0.06
19;100;50;100;100;21.68;5.59;15.78;4.93;4.81;0.182;77.5;26.5;13.79;7.52;1.28;4.1;8.99;183.4;107.3;49.9;8.2;18;2.77;1.37;0.29;0.38;0.41;0.42;0.055;22.5;7.5;3.35;2.47;0.42;1.49;6.79;53.1;34.1;2.4;3;13.6;0.24;0.06;0.05;0.07
19;100;100;0;0;19;4.53;12.96;5.07;4.97;0.183;70.7;27.34;14.2;7.7;1.38;4.17;7.61;186.2;117.4;45.2;8.3;15.2;3.44;0.84;0.29;0.4;0.13;0.12;0.05;29.3;1.98;0.91;0.64;0.1;0.36;5.35;76.9;63.6;1.9;0.7;10.7;0.05;0.05;0.01;0.02
19;100;100;0;50;18.99;4.79;13.62;5.15;5.33;0.189;69.4;28.32;14.68;8.09;1.43;4.4;7.73;182.5;113.8;44.4;8.8;15.5;3.37;1.22;0.32;0.41;0.12;0.15;0.056;30.6;2.24;0.98;0.74;0.12;0.4;5.89;80.4;65.2;2.6;0.8;11.8;0.06;0.06;0.01;0.02
19;100;100;0;100;18.87;4.86;13.8;5.61;5.6;0.193;68.8;29.11;15.28;8.1;1.48;4.44;7.97;179.8;111.2;43.9;8.9;15.9;3.28;1.58;0.32;0.42;0.19;0.19;0.064;31.2;2.48;1.11;0.81;0.15;0.42;5.83;81.5;66.4;2.6;0.8;11.7;0.06;0.09;0.01;0.02
19;100;100;50;0;20.43;5.04;14.06;5.07;5.12;0.182;74.5;28.21;14.44;8.22;1.35;4.44;8.13;186.7;113.5;48.1;8.9;16.3;3.35;1.04;0.32;0.41;0.17;0.18;0.052;25.5;3.21;1.38;1.05;0.2;0.6;5.93;63.9;49;1.8;1.2;11.9;0.09;0.04;0.02;0.03
19;100;100;50;50;21.06;5.37;15.03;5.26;5.38;0.185;73.2;29.2;15.1;8.37;1.43;4.53;8.67;184.8;109.2;49.2;9.1;17.3;3.22;1.4;0.33;0.42;0.26;0.25;0.056;26.8;4.27;1.92;1.42;0.23;0.84;6.36;67.4;50.5;2.5;1.7;12.7;0.13;0.06;0.03;0.04
19;100;100;50;100;21.96;5.76;16.02;5.72;5.73;0.188;71.9;30.58;16;8.56;1.52;4.72;9.16;181.6;102.4;51.4;9.4;18.3;3.03;1.91;0.35;0.44;0.32;0.32;0.058;28.1;5.34;2.36;1.75;0.26;1.04;6.87;70.8;52.7;2.3;2.1;13.7;0.16;0.07;0.03;0.05
19;100;100;100;0;20.49;5.27;14.93;4.98;5.08;0.181;79.1;28.13;14.54;8;1.39;4.34;8.65;186.2;112.3;47.9;8.7;17.3;3.3;1.05;0.32;0.41;0.27;0.26;0.053;20.9;4.71;2.15;1.5;0.24;0.93;6.28;49;32.9;1.7;1.9;12.6;0.15;0.04;0.03;0.04
19;100;100;100;50;21.68;6.05;16.61;5.26;5.39;0.183;77.7;29.57;15.42;8.34;1.46;4.75;9.77;185.4;106.7;49.7;9.5;19.5;3.14;1.47;0.34;0.44;0.39;0.37;0.054;22.3;6.65;2.94;2.24;0.35;1.3;6.85;53;34.2;2.5;2.6;13.7;0.21;0.06;0.04;0.06
19;100;100;100;100;22.81;6.28;17.81;5.77;5.71;0.186;76.5;30.74;16.07;8.73;1.47;4.78;10.32;182.3;100;52.1;9.6;20.6;2.94;1.98;0.34;0.45;0.44;0.44;0.055;23.5;7.84;3.42;2.67;0.47;1.51;7.48;55.9;35.6;2.2;3;15;0.25;0.07;0.05;0.07
20;0;0;0;0;17.45;1.98;5.54;1.51;1.48;0.146;81.8;10.19;5.06;3.04;0.54;1.66;3.28;284.8;244.6;30.3;3.3;6.6;0.78;0.42;0.12;0.16;0.09;0.09;0.041;18.2;1.69;0.72;0.55;0.1;0.31;2.26;63.2;56.2;1.8;0.6;4.5;0.05;0.02;0.01;0.01
20;0;0;0;50;17.26;2.11;5.89;1.61;1.58;0.146;81.3;10.89;5.46;3.27;0.52;1.77;3.38;280.6;240.4;30;3.5;6.8;0.75;0.53;0.13;0.17;0.1;0.1;0.042;18.7;1.8;0.79;0.59;0.11;0.35;2.52;64.5;57;1.7;0.7;5;0.05;0.03;0.01;0.02
20;0;0;0;100;17.17;2.31;6.46;1.8;1.8;0.154;80.7;11.79;5.88;3.51;0.57;1.94;3.77;277.9;237.3;29.3;3.9;7.5;0.75;0.73;0.14;0.18;0.12;0.13;0.049;19.3;2.14;0.91;0.76;0.13;0.38;2.69;66.4;57.6;2.7;0.8;5.4;0.05;0.04;0.01;0.02
20;0;0;50;0;17.97;2.23;6.29;1.48;1.49;0.145;84.8;10.3;5.08;3.06;0.53;1.65;3.64;283.1;241.7;30.8;3.3;7.3;0.78;0.42;0.13;0.16;0.16;0.16;0.048;15.2;2.99;1.37;0.97;0.16;0.58;2.64;50.6;42.4;1.7;1.2;5.3;0.09;0.02;0.02;0.03
20;0;0;50;50;18.53;2.49;7.26;1.63;1.6;0.144;84.2;11.16;5.47;3.41;0.56;1.74;4.26;280.2;236.8;31.4;3.5;8.5;0.75;0.56;0.13;0.17;0.21;0.2;0.05;15.8;3.87;1.72;1.28;0.21;0.74;3.01;52.4;43.1;1.7;1.5;6;0.12;0.03;0.02;0.03
20;0;0;50;100;19.34;3.05;8.65;1.97;1.91;0.149;82.8;12.91;6.38;3.88;0.63;2.05;5;273.7;227.5;32.1;4.1;10;0.71;0.85;0.15;0.19;0.25;0.27;0.052;17.2;5.04;2.24;1.63;0.3;1;3.65;56.4;44.5;2.7;2;7.3;0.16;0.04;0.03;0.04
20;0;0;100;0;18.31;2.53;7.14;1.5;1.46;0.145;88.1;10.17;5.08;2.96;0.53;1.66;4.09;282.5;240.1;31;3.3;8.2;0.76;0.42;0.12;0.15;0.21;0.23;0.05;11.9;4.46;1.92;1.52;0.28;0.87;3.05;38.1;28.5;1.8;1.7;6.1;0.14;0.02;0.03;0.04
20;0;0;100;50;19.38;3.01;8.83;1.71;1.67;0.141;87.1;11.88;5.84;3.57;0.63;1.9;5.12;277.2;231.1;32.1;3.8;10.2;0.74;0.61;0.13;0.18;0.33;0.32;0.051;12.9;6.09;2.69;1.97;0.35;1.11;3.71;40.8;29.4;1.7;2.2;7.4;0.2;0.02;0.04;0.05
20;0;0;100;100;20.24;3.71;10.28;2.08;1.98;0.146;85.8;13.54;6.83;3.96;0.66;2.24;5.93;270.3;221;32.9;4.5;11.9;0.69;0.92;0.16;0.2;0.38;0.39;0.052;14.2;7.4;3.23;2.55;0.41;1.47;4.34;44.4;30.4;2.4;2.9;8.7;0.24;0.04;0.05;0.07
20;0;50;0;0;18.2;2.27;6.43;1.66;1.68;0.141;80.9;11.98;5.89;3.66;0.59;1.96;3.76;278.5;235.5;31.5;3.9;7.5;0.74;0.62;0.14;0.18;0.1;0.1;0.044;19.1;1.75;0.76;0.61;0.1;0.31;2.67;65.6;57.9;1.7;0.6;5.3;0.05;0.03;0.01;0.02
20;0;50;0;50;18.13;2.46;7.03;1.99;1.93;0.148;80.2;13.12;6.5;3.97;0.62;2.07;4.16;273.4;229.8;31.1;4.1;8.3;0.71;0.88;0.14;0.2;0.11;0.12;0.048;19.8;1.96;0.85;0.66;0.12;0.38;2.87;67.2;59;1.7;0.8;5.7;0.05;0.04;0.01;0.02
20;0;50;0;100;17.84;2.78;7.59;2.29;2.25;0.158;79.3;14.29;7.32;4.12;0.71;2.35;4.43;268.5;224.7;30.2;4.7;8.9;0.71;1.15;0.17;0.22;0.15;0.15;0.054;20.7;2.31;1.04;0.78;0.12;0.43;3.15;69.7;60;2.5;0.9;6.3;0.06;0.06;0.01;0.02
20;0;50;50;0;18.84;2.63;7.54;1.72;1.75;0.138;83.7;12.66;6.16;3.84;0.67;2.03;4.38;275.5;230.6;32;4.1;8.8;0.73;0.67;0.15;0.2;0.16;0.17;0.049;16.3;3.09;1.35;1.03;0.18;0.6;3.16;53.4;44;1.8;1.2;6.3;0.09;0.03;0.02;0.03
20;0;50;50;50;19.56;3.1;8.82;2.06;2.08;0.146;82.8;14.29;7.02;4.31;0.76;2.29;5.12;270.4;222.9;32.6;4.6;10.2;0.73;0.97;0.16;0.23;0.23;0.23;0.053;17.2;4.18;1.86;1.39;0.24;0.81;3.7;55.9;45.1;1.8;1.6;7.4;0.13;0.04;0.03;0.04
20;0;50;50;100;20.24;3.58;10;2.41;2.45;0.155;82.5;15.83;7.94;4.66;0.75;2.56;5.79;281.1;214.2;50.2;5.1;11.6;0.7;1.34;0.19;0.23;0.31;0.3;0.054;17.5;5.28;2.34;1.71;0.27;1.03;4.21;59.3;46.4;2.5;2.1;8.4;0.16;0.05;0.03;0.04
20;0;50;100;0;19.29;3.05;8.39;1.77;1.77;0.138;87.2;12.8;6.38;3.8;0.64;2.17;4.84;274.5;228.3;32.2;4.3;9.7;0.74;0.68;0.15;0.2;0.23;0.24;0.05;12.8;4.5;1.95;1.52;0.21;0.87;3.54;40.2;29.7;1.7;1.7;7.1;0.15;0.03;0.03;0.04
20;0;50;100;50;20.33;3.54;10.32;2.09;2.08;0.144;86.8;14.48;7.19;4.29;0.75;2.31;6.01;285.1;218.6;49.9;4.6;12;0.69;1.01;0.16;0.22;0.36;0.35;0.053;13.2;6.47;2.86;2.16;0.36;1.23;4.31;43.2;30.6;1.6;2.5;8.6;0.21;0.04;0.04;0.06
20;0;50;100;100;21.21;4.11;11.79;2.44;2.51;0.153;85.6;16.43;8.2;4.91;0.83;2.63;6.84;279;208.5;51.5;5.3;13.7;0.65;1.41;0.19;0.25;0.42;0.41;0.053;14.4;7.66;3.42;2.49;0.44;1.48;4.95;46.8;31.6;2.3;3;9.9;0.25;0.05;0.05;0.07
20;0;100;0;0;19.25;2.74;7.82;2.09;2.04;0.138;80.4;14.84;7.29;4.48;0.75;2.37;4.58;285.2;221.6;49.7;4.7;9.2;0.7;0.94;0.17;0.24;0.11;0.12;0.048;19.6;1.89;0.84;0.61;0.11;0.37;3.24;69.5;60.6;1.7;0.7;6.5;0.05;0.04;0.01;0.02
20;0;100;0;50;18.77;2.95;8.43;2.49;2.47;0.155;79.7;15.92;8.01;4.78;0.81;2.54;4.88;280;217.4;47.7;5.1;9.8;0.71;1.33;0.19;0.24;0.13;0.13;0.052;20.3;2.14;0.95;0.69;0.12;0.4;3.55;70.9;61.4;1.6;0.8;7.1;0.06;0.05;0.01;0.02
20;0;100;0;100;18.59;3.18;8.77;2.75;2.79;0.166;79;16.8;8.5;4.92;0.84;2.71;5.11;274.9;212.2;47;5.4;10.2;0.67;1.69;0.19;0.25;0.16;0.17;0.059;21;2.4;1.08;0.76;0.12;0.47;3.66;73;62.4;2.3;0.9;7.3;0.06;0.07;0.02;0.02
20;0;100;50;0;19.73;3.17;8.8;2.09;2.18;0.143;83.4;15.28;7.5;4.53;0.83;2.55;5.06;282.9;217.6;50.1;5.1;10.1;0.69;1.08;0.18;0.23;0.19;0.19;0.05;16.6;3.33;1.45;1.09;0.2;0.62;3.74;56.2;45.9;1.6;1.2;7.5;0.1;0.03;0.02;0.03
20;0;100;50;50;20.46;3.58;10.16;2.54;2.58;0.152;82.2;16.97;8.33;5.14;0.86;2.7;5.79;276;207.7;51.3;5.4;11.6;0.65;1.48;0.19;0.25;0.25;0.25;0.054;17.8;4.37;1.98;1.41;0.23;0.88;4.38;59.4;47.3;1.5;1.8;8.8;0.14;0.04;0.03;0.04
20;0;100;50;100;21.38;4.05;11.43;3.13;3.09;0.164;81.1;18.93;9.62;5.5;0.97;2.98;6.66;269.9;197.6;53;6;13.3;0.62;1.96;0.21;0.29;0.31;0.3;0.055;18.9;5.33;2.42;1.74;0.29;1.07;4.77;62.6;48.8;2.1;2.1;9.5;0.17;0.06;0.03;0.05
20;0;100;100;0;20.36;3.5;9.9;2.2;2.23;0.142;86.7;15.76;7.76;4.77;0.83;2.53;5.75;281.8;214.6;50.6;5.1;11.5;0.68;1.12;0.18;0.25;0.24;0.26;0.053;13.3;4.79;2.17;1.53;0.26;0.96;4.16;42.9;31;1.7;1.9;8.3;0.15;0.04;0.03;0.04
20;0;100;100;50;21.6;4.1;11.82;2.56;2.68;0.151;85.6;17.73;8.7;5.44;0.88;2.84;6.86;275.4;203.3;52.7;5.7;13.7;0.65;1.56;0.2;0.26;0.32;0.36;0.053;14.4;6.59;2.88;2.21;0.35;1.26;4.97;46.1;32.1;1.6;2.5;9.9;0.21;0.04;0.04;0.06
20;0;100;100;100;22.44;4.57;13.35;3.14;3.17;0.163;84.2;19.51;9.87;5.68;1.04;3.09;7.64;267;191.6;53.9;6.2;15.3;0.6;2.06;0.22;0.29;0.46;0.45;0.054;15.8;8.09;3.51;2.69;0.48;1.48;5.71;49.9;33.2;2.3;3;11.4;0.26;0.07;0.05;0.07
20;50;0;0;0;17.91;2.52;7.01;2.39;2.34;0.17;78;13.87;7.11;4.02;0.67;2.18;4.08;228.3;185.4;30.4;4.4;8.2;1.56;0.42;0.15;0.21;0.1;0.09;0.042;22;1.69;0.78;0.55;0.09;0.34;2.93;64.1;55.7;1.9;0.7;5.9;0.05;0.02;0.01;0.02
20;50;0;0;50;17.36;2.66;7.4;2.47;2.45;0.17;77.6;14.47;7.41;4.15;0.73;2.28;4.25;225.9;183.5;29.3;4.6;8.5;1.57;0.52;0.16;0.21;0.11;0.11;0.044;22.4;1.88;0.82;0.61;0.11;0.38;3.15;65;56.2;1.7;0.8;6.3;0.05;0.03;0.01;0.02
20;50;0;0;100;17.22;2.77;7.76;2.61;2.6;0.173;76.9;15.11;7.77;4.27;0.79;2.37;4.5;223.1;180.6;28.7;4.7;9;1.49;0.72;0.17;0.22;0.15;0.14;0.053;23.1;2.15;0.98;0.69;0.13;0.4;3.27;67;56.9;2.7;0.8;6.5;0.05;0.05;0.02;0.02
20;50;0;50;0;18.06;2.69;7.73;2.33;2.3;0.17;81.7;13.56;6.94;3.92;0.65;2.12;4.49;228.7;185.2;30.3;4.2;9;1.54;0.4;0.16;0.2;0.16;0.16;0.048;18.3;3.07;1.3;1.07;0.17;0.57;3.24;51.3;41.7;1.9;1.1;6.5;0.1;0.02;0.02;0.03
20;50;0;50;50;18.67;3.11;8.7;2.5;2.43;0.166;80.8;14.72;7.52;4.29;0.71;2.38;4.96;225.4;179.6;31.1;4.8;9.9;1.5;0.56;0.17;0.21;0.2;0.21;0.05;19.2;3.95;1.72;1.32;0.23;0.74;3.74;53.5;42.8;1.8;1.5;7.5;0.12;0.03;0.03;0.03
20;50;0;50;100;19.3;3.54;9.99;2.71;2.69;0.168;79.6;16.11;8.23;4.74;0.78;2.57;5.79;222.5;174.3;31.5;5.1;11.6;1.44;0.83;0.19;0.24;0.26;0.28;0.053;20.4;4.98;2.17;1.67;0.28;0.98;4.21;56.7;43.8;2.5;2;8.4;0.16;0.04;0.03;0.04
20;50;0;100;0;18.58;3.1;8.55;2.37;2.33;0.169;85.3;13.81;7.08;4.05;0.66;2.24;4.86;228;183.3;30.5;4.5;9.7;1.55;0.42;0.16;0.2;0.22;0.23;0.05;14.7;4.42;1.98;1.42;0.27;0.86;3.68;39.1;28.1;1.9;1.7;7.4;0.14;0.02;0.03;0.04
20;50;0;100;50;19.54;3.57;10.21;2.52;2.46;0.163;84.2;15.13;7.66;4.43;0.72;2.32;5.88;224.2;176.2;31.6;4.6;11.8;1.47;0.6;0.17;0.23;0.28;0.32;0.051;15.8;6.17;2.75;2.02;0.34;1.25;4.33;41.9;29;1.8;2.5;8.7;0.2;0.03;0.04;0.06
20;50;0;100;100;20.38;4.05;11.57;2.77;2.75;0.164;82.9;16.88;8.46;5.01;0.83;2.62;6.69;219.7;168.3;32.7;5.2;13.4;1.38;0.92;0.19;0.26;0.39;0.39;0.053;17.1;7.27;3.2;2.46;0.42;1.44;4.88;45.2;30;2.5;2.9;9.8;0.24;0.04;0.05;0.06
20;50;50;0;0;18.35;3.13;8.71;3.04;3.03;0.173;77.3;17.59;9.13;5.04;0.87;2.79;5.01;227.2;180.9;30.7;5.6;10;1.97;0.6;0.2;0.26;0.1;0.1;0.045;22.7;1.77;0.77;0.63;0.1;0.33;3.7;66.7;56.9;1.8;0.7;7.4;0.05;0.03;0.01;0.02
20;50;50;0;50;18.22;3.32;9.19;3.23;3.25;0.175;76.7;18.62;9.6;5.39;0.92;2.92;5.4;224;177.1;30.3;5.8;10.8;1.91;0.85;0.21;0.28;0.14;0.12;0.05;23.3;1.99;0.92;0.63;0.1;0.4;3.79;68;57.8;1.7;0.8;7.6;0.05;0.04;0.02;0.02
20;50;50;0;100;18.1;3.55;9.87;3.53;3.55;0.18;75.6;19.79;10.19;5.64;1.06;3.12;5.7;219.7;172.3;29.8;6.2;11.4;1.89;1.14;0.23;0.29;0.16;0.15;0.054;24.4;2.33;1.05;0.74;0.14;0.43;4.17;70.7;59;2.5;0.9;8.3;0.06;0.06;0.02;0.02
20;50;50;50;0;19.07;3.48;9.61;3.11;3.04;0.171;80.6;17.94;9.23;5.15;0.92;2.87;5.55;226.4;178.2;31.3;5.7;11.1;1.94;0.64;0.21;0.26;0.15;0.17;0.049;19.4;3.02;1.33;1.03;0.18;0.61;4.06;54.3;43;1.9;1.2;8.1;0.09;0.03;0.02;0.02
20;50;50;50;50;19.72;3.89;10.83;3.22;3.33;0.171;79.6;19.5;9.89;5.6;0.99;3.11;6.3;222.3;171.3;32.1;6.2;12.6;1.87;0.95;0.22;0.29;0.22;0.22;0.052;20.4;4.06;1.79;1.34;0.24;0.77;4.53;56.7;44.4;1.7;1.5;9.1;0.13;0.04;0.02;0.04
20;50;50;50;100;20.7;4.16;12.01;3.8;3.67;0.174;79.3;21.14;10.81;6.03;1.07;3.21;6.9;233.1;162.5;50.4;6.4;13.8;1.77;1.35;0.24;0.32;0.27;0.28;0.054;20.7;5.06;2.23;1.66;0.29;0.95;5.11;60.6;46.1;2.4;1.9;10.2;0.16;0.05;0.03;0.04
20;50;50;100;0;19.31;3.86;10.51;3.09;3.05;0.169;84.4;18.16;9.36;5.3;0.89;2.96;6.12;225.4;176.1;31.2;5.9;12.2;1.91;0.66;0.22;0.27;0.23;0.24;0.051;15.6;4.54;2;1.51;0.24;0.9;4.39;41.4;29;1.8;1.8;8.8;0.15;0.03;0.03;0.04
20;50;50;100;50;20.46;4.44;12.47;3.3;3.33;0.169;84;19.77;10.09;5.81;1.01;3.17;7.17;237;167.4;49;6.3;14.3;1.8;1;0.23;0.3;0.34;0.35;0.053;16;6.5;2.9;2.16;0.34;1.27;5.3;44.9;30.2;1.6;2.5;10.6;0.21;0.04;0.04;0.06
20;50;50;100;100;21.39;4.7;13.58;3.71;3.65;0.173;83;21.11;10.79;6.14;1.07;3.23;7.94;233.7;161;50.3;6.5;15.9;1.73;1.37;0.23;0.31;0.41;0.41;0.053;17;7.61;3.33;2.53;0.42;1.46;5.64;47.7;31;2.5;2.9;11.3;0.25;0.05;0.05;0.07
20;50;100;0;0;19.33;3.72;10.68;3.77;3.75;0.173;77.3;21.77;11.12;6.35;1.09;3.35;6.1;239.9;173.4;47.6;6.7;12.2;2.3;0.88;0.24;0.32;0.13;0.12;0.048;22.7;1.92;0.88;0.61;0.11;0.36;4.58;70.4;58.8;1.7;0.7;9.2;0.05;0.04;0.01;0.02
20;50;100;0;50;19.23;4.03;11.1;4.15;4.16;0.181;76.4;23.05;11.98;6.56;1.11;3.64;6.44;235.5;168.2;47.1;7.3;12.9;2.24;1.3;0.27;0.34;0.15;0.14;0.055;23.6;2.15;0.94;0.7;0.14;0.39;4.66;72.7;60.1;2.5;0.8;9.3;0.05;0.06;0.01;0.02
20;50;100;0;100;18.85;4.19;11.66;4.45;4.46;0.187;75.6;23.91;12.43;6.83;1.16;3.71;6.78;231.1;164.3;45.8;7.4;13.6;2.18;1.67;0.28;0.34;0.18;0.18;0.063;24.4;2.51;1.15;0.83;0.14;0.48;4.88;74.3;61.1;2.4;1;9.8;0.06;0.08;0.02;0.02
20;50;100;50;0;19.91;4.11;11.62;3.86;3.89;0.175;80.6;22.31;11.34;6.44;1.17;3.47;6.73;239.4;170.8;48.1;6.9;13.5;2.28;1.03;0.27;0.32;0.21;0.19;0.052;19.4;3.36;1.52;1.07;0.19;0.64;4.89;57.3;44.5;1.8;1.3;9.8;0.1;0.04;0.02;0.03
20;50;100;50;50;20.56;4.44;12.9;4.21;4.22;0.179;79.4;23.7;12.1;6.99;1.16;3.56;7.49;235.4;163.7;49.6;7.1;15;2.2;1.41;0.27;0.34;0.23;0.26;0.056;20.6;4.37;1.94;1.42;0.26;0.88;5.42;60.9;45.8;2.4;1.8;10.8;0.13;0.06;0.03;0.04
20;50;100;50;100;21.68;4.97;13.97;4.64;4.64;0.183;78.4;25.37;13.15;7.21;1.23;3.94;8.18;231;155;51.8;7.9;16.4;2.07;1.92;0.29;0.36;0.32;0.32;0.058;21.6;5.33;2.4;1.78;0.29;1.02;5.79;63.6;47.5;2.4;2;11.6;0.16;0.07;0.04;0.05
20;50;100;100;0;20.37;4.46;12.67;3.85;3.91;0.173;84.3;22.73;11.64;6.6;1.11;3.56;7.41;238.2;167.2;49.1;7.1;14.8;2.23;1.09;0.26;0.34;0.25;0.26;0.053;15.7;4.72;2.08;1.55;0.26;0.9;5.26;44;30.2;1.5;1.8;10.5;0.15;0.04;0.03;0.04
20;50;100;100;50;21.61;5.06;14.3;4.24;4.18;0.176;82.6;23.83;12.23;6.85;1.19;3.72;8.21;233;158.5;50.7;7.4;16.4;2.08;1.49;0.27;0.34;0.35;0.38;0.054;17.4;6.85;3.02;2.3;0.38;1.33;6.09;48.8;31.3;2.7;2.7;12.2;0.22;0.06;0.04;0.06
20;50;100;100;100;22.33;5.51;15.84;4.77;4.66;0.182;81.5;25.75;13.45;7.43;1.27;3.94;9.14;227.9;149.6;52.1;7.9;18.3;2;1.99;0.29;0.38;0.47;0.47;0.056;18.5;8.2;3.65;2.73;0.46;1.57;6.7;51.3;32.4;2.3;3.1;13.4;0.26;0.07;0.05;0.07
20;100;0;0;0;17.77;2.97;8.34;3.15;3.19;0.185;72.7;17.27;9.01;4.87;0.84;2.66;4.87;170.9;126.1;29.7;5.3;9.7;2.35;0.4;0.19;0.25;0.08;0.09;0.04;27.3;1.61;0.69;0.51;0.1;0.31;3.47;64.1;54.7;1.8;0.6;6.9;0.04;0.02;0.01;0.01
20;100;0;0;50;17.47;3.26;8.7;3.41;3.3;0.185;72.1;17.96;9.41;5;0.84;2.87;5.07;168.9;124.3;28.7;5.7;10.1;2.33;0.5;0.21;0.27;0.12;0.12;0.047;27.9;2.02;0.9;0.68;0.11;0.4;3.64;65.4;55.4;1.9;0.8;7.3;0.05;0.03;0.01;0.02
20;100;0;0;100;17.23;3.39;9.38;3.43;3.47;0.185;71.1;18.8;9.67;5.39;0.95;2.93;5.39;166.7;121.8;28.3;5.9;10.8;2.26;0.72;0.21;0.27;0.14;0.14;0.051;28.9;2.24;1.01;0.72;0.12;0.47;3.98;67.8;56.4;2.5;0.9;8;0.06;0.05;0.02;0.02
20;100;0;50;0;18.26;3.29;9.18;3.24;3.2;0.185;76.6;17.41;9.07;4.93;0.85;2.7;5.26;170.7;124.8;29.9;5.4;10.5;2.35;0.4;0.2;0.25;0.17;0.16;0.048;23.4;3.02;1.32;1.02;0.18;0.58;3.91;52.1;41.3;1.9;1.2;7.8;0.09;0.02;0.02;0.03
20;100;0;50;50;18.88;3.6;10.35;3.31;3.32;0.18;75.7;18.54;9.54;5.31;0.95;2.86;5.91;169.6;121.4;30.6;5.7;11.8;2.27;0.56;0.21;0.27;0.2;0.21;0.051;24.3;3.9;1.74;1.3;0.21;0.74;4.44;54.4;42.3;1.8;1.5;8.9;0.12;0.03;0.02;0.03
20;100;0;50;100;19.53;4.03;11.36;3.57;3.54;0.18;74.5;19.77;10.2;5.74;0.96;3.07;6.61;168.3;117.6;31.4;6.1;13.2;2.19;0.84;0.23;0.29;0.28;0.27;0.053;25.5;4.91;2.15;1.63;0.31;0.96;4.75;57.4;43.4;2.6;1.9;9.5;0.15;0.05;0.03;0.04
20;100;0;100;0;18.55;3.5;9.9;3.19;3.19;0.184;81.3;17.44;9.03;4.89;0.89;2.67;5.84;171.6;124.4;30.1;5.3;11.7;2.34;0.41;0.19;0.26;0.26;0.22;0.05;18.7;4.22;1.9;1.36;0.23;0.82;4.05;39.3;27.7;1.9;1.6;8.1;0.14;0.02;0.03;0.03
20;100;0;100;50;19.53;4.23;11.6;3.36;3.3;0.179;79.9;18.61;9.74;5.21;0.94;3;6.66;169.8;119.6;30.9;6;13.3;2.24;0.58;0.21;0.27;0.3;0.33;0.052;20.1;6.24;2.71;2.11;0.34;1.23;4.94;42.8;28.6;1.8;2.5;9.9;0.2;0.03;0.04;0.06
20;100;0;100;100;20.38;4.62;12.89;3.63;3.61;0.178;78.7;20.39;10.57;5.84;0.96;3.21;7.59;168.6;115;32;6.4;15.2;2.17;0.89;0.24;0.31;0.41;0.4;0.053;21.3;7.27;3.27;2.41;0.38;1.42;5.3;45.6;29.5;2.7;2.8;10.6;0.23;0.05;0.05;0.06
20;100;50;0;0;18.71;4.01;11.06;4.37;4.4;0.189;72.1;23.36;12.32;6.49;1.2;3.68;6.41;174.2;123.7;30.3;7.4;12.8;3.21;0.59;0.26;0.34;0.11;0.1;0.044;27.9;1.7;0.78;0.58;0.09;0.34;4.64;67.4;55.6;1.9;0.7;9.3;0.04;0.03;0.01;0.01
20;100;50;0;50;18.42;4.15;11.55;4.68;4.64;0.191;71.2;24.41;12.87;6.77;1.22;3.76;6.77;172;121.2;29.7;7.5;13.5;3.19;0.83;0.27;0.36;0.11;0.12;0.049;28.8;1.96;0.85;0.65;0.13;0.39;4.78;69.5;56.6;2.5;0.8;9.6;0.05;0.04;0.01;0.02
20;100;50;0;100;18.45;4.33;11.89;4.88;4.82;0.193;70.2;25.02;13.21;6.97;1.27;3.89;6.79;168.8;118.3;29.2;7.8;13.6;3.08;1.1;0.29;0.35;0.16;0.16;0.056;29.8;2.31;1.05;0.76;0.14;0.45;5.11;71.6;57.7;2.8;0.9;10.2;0.06;0.06;0.02;0.02
20;100;50;50;0;19.28;4.37;12.2;4.34;4.43;0.186;75.8;23.9;12.5;6.79;1.19;3.76;7.11;174.1;121.7;30.6;7.5;14.2;3.18;0.64;0.27;0.35;0.19;0.17;0.05;24.2;3.15;1.4;1.03;0.18;0.62;5.08;55.4;42.2;1.8;1.2;10.2;0.09;0.03;0.02;0.03
20;100;50;50;50;19.98;4.66;13.38;4.68;4.69;0.186;74.6;25.24;13.02;7.36;1.23;3.84;7.83;172.5;117.7;31.4;7.7;15.7;3.1;0.94;0.28;0.37;0.19;0.23;0.054;25.4;4.12;1.83;1.36;0.23;0.83;5.54;58.8;43.3;2.7;1.7;11.1;0.12;0.05;0.03;0.03
20;100;50;50;100;20.63;5.05;14.24;4.92;4.91;0.188;75.3;26.24;13.82;7.43;1.3;4.08;8.3;186.3;112.9;48.6;8.2;16.6;2.94;1.3;0.29;0.39;0.31;0.29;0.055;24.7;5.14;2.3;1.69;0.28;0.97;5.95;61.1;44.7;2.5;1.9;11.9;0.16;0.06;0.03;0.05
20;100;50;100;0;19.73;4.61;12.95;4.43;4.44;0.185;80.2;24.11;12.53;6.89;1.17;3.71;7.57;173.8;120.2;31;7.4;15.1;3.16;0.66;0.27;0.35;0.22;0.24;0.051;19.8;4.49;1.98;1.47;0.26;0.9;5.38;42.9;28.5;1.9;1.8;10.8;0.14;0.03;0.03;0.04
20;100;50;100;50;20.72;5.11;14.37;4.63;4.62;0.184;80;25.2;13.12;7.13;1.19;3.93;8.32;187.3;114.5;48.3;7.9;16.6;2.99;0.98;0.29;0.37;0.32;0.34;0.053;20;6.23;2.75;2.1;0.36;1.18;6.05;46.7;29.6;2.7;2.4;12.1;0.2;0.04;0.04;0.06
20;100;50;100;100;21.72;5.61;15.72;4.97;4.91;0.185;79;26.56;13.85;7.47;1.39;4.1;9.08;185.7;109.2;50.2;8.2;18.2;2.84;1.39;0.29;0.39;0.44;0.41;0.054;21;7.42;3.35;2.38;0.41;1.51;6.64;49.3;30.6;2.4;3;13.3;0.24;0.06;0.05;0.06
20;100;100;0;0;19.46;4.66;12.96;5.18;5.14;0.187;72.8;27.56;14.49;7.74;1.35;4.26;7.54;189.4;119.3;46.5;8.5;15.1;3.59;0.85;0.3;0.41;0.11;0.12;0.051;27.2;1.95;0.88;0.64;0.13;0.4;5.42;70.8;57.3;1.8;0.8;10.8;0.05;0.04;0.01;0.02
20;100;100;0;50;19.39;4.72;13.43;5.48;5.46;0.193;71.7;28.43;14.89;8.09;1.39;4.3;7.82;186.1;115.9;45.9;8.6;15.6;3.48;1.26;0.3;0.42;0.15;0.14;0.057;28.3;2.11;0.97;0.72;0.1;0.42;5.61;73.3;58.6;2.6;0.8;11.2;0.05;0.06;0.01;0.02
20;100;100;0;100;19.32;4.74;13.84;5.77;5.75;0.197;71;29.34;15.3;8.26;1.44;4.32;8.11;183.3;112.8;45.7;8.6;16.2;3.38;1.64;0.31;0.42;0.17;0.18;0.064;29;2.38;1.06;0.81;0.14;0.42;5.73;74.7;59.8;2.5;0.8;11.5;0.06;0.08;0.02;0.02
20;100;100;50;0;20.33;4.96;13.89;5.23;5.24;0.188;76.2;28.07;14.59;7.97;1.36;4.34;7.96;188.4;115.9;47.9;8.7;15.9;3.5;1.02;0.32;0.4;0.18;0.18;0.052;23.8;3.19;1.43;1.06;0.18;0.62;5.93;58.8;43.9;1.8;1.2;11.9;0.09;0.04;0.02;0.03
20;100;100;50;50;20.99;5.21;14.99;5.56;5.54;0.189;75.1;29.38;15.31;8.29;1.46;4.46;8.71;186.7;111;49.3;8.9;17.4;3.37;1.42;0.32;0.43;0.25;0.25;0.057;24.9;4.17;1.83;1.41;0.24;0.75;6.28;61.7;45.3;2.4;1.5;12.6;0.13;0.06;0.03;0.04
20;100;100;50;100;21.7;5.46;15.95;5.79;5.84;0.193;74.1;30.36;15.73;8.59;1.46;4.46;9.26;184.6;106.6;50.6;8.9;18.5;3.21;1.87;0.33;0.44;0.34;0.32;0.058;25.9;5.32;2.38;1.72;0.32;0.99;6.69;64.3;46.5;2.4;2;13.4;0.16;0.08;0.03;0.05
20;100;100;100;0;20.74;5.21;14.88;5.13;5.21;0.186;80.4;28.17;14.62;7.93;1.45;4.33;8.63;188.1;113.8;48.4;8.7;17.3;3.42;1.07;0.31;0.41;0.22;0.25;0.052;19.6;4.63;2.07;1.57;0.23;0.89;6.25;45.7;29.7;1.7;1.8;12.5;0.15;0.04;0.03;0.04
20;100;100;100;50;21.86;5.8;16.68;5.53;5.53;0.187;79;29.68;15.4;8.53;1.39;4.57;9.69;187;108.1;50.4;9.1;19.4;3.28;1.49;0.32;0.45;0.37;0.37;0.054;21;6.58;2.88;2.22;0.38;1.23;6.99;49.7;30.8;2.5;2.5;14;0.21;0.06;0.04;0.06
20;100;100;100;100;22.81;6.14;17.52;6.04;5.85;0.191;78.1;30.8;16.25;8.65;1.49;4.68;10.18;184.3;102.3;52.3;9.4;20.4;3.08;2;0.34;0.44;0.42;0.44;0.056;21.9;7.67;3.39;2.56;0.43;1.46;7.34;51.7;31.9;2.2;2.9;14.7;0.25;0.07;0.05;0.07