StrengthRatio;AttackA_Verticality;DefenseA_DefensiveLine;AttackB_Verticality;DefenseB_DefensiveLine;Seq_CountersCount;Seq_CornersCount;Seq_LooseBallsCount;TeamA_Goals;TeamA_TotalXG;TeamA_XGPerShot;TeamA_PossessionShare;TeamA_ShotsTotal;TeamA_ShotsOnTarget;TeamA_ShotsBlocked;TeamA_ShotsWoodwork;TeamA_CornersWon;TeamA_LooseBallsWon;TeamA_PassesTotal;TeamA_PassesOpenPlay;TeamA_PassesCounterAttack;TeamA_PassesCorner;TeamA_PassesLooseBall;TeamA_XGOpenPlay;TeamA_XGCounterAttack;TeamA_XGCorner;TeamA_XGLooseBall;TeamB_Goals;TeamB_TotalXG;TeamB_XGPerShot;TeamB_PossessionShare;TeamB_ShotsTotal;TeamB_ShotsOnTarget;TeamB_ShotsBlocked;TeamB_ShotsWoodwork;TeamB_CornersWon;TeamB_LooseBallsWon;TeamB_PassesTotal;TeamB_PassesOpenPlay;TeamB_PassesCounterAttack;TeamB_PassesCorner;TeamB_PassesLooseBall;TeamB_XGOpenPlay;TeamB_XGCounterAttack;TeamB_XGCorner;TeamB_XGLooseBall
-3;0;0;0;0;13.51;1.9;5.37;0.54;0.54;0.114;45.7;4.58;2.18;1.45;0.26;0.81;2.67;163.5;147.3;9.3;1.6;5.3;0.26;0.15;0.05;0.08;0.81;0.83;0.133;54.3;6.14;3.02;1.85;0.32;1.09;2.7;194.2;172.1;14.5;2.2;5.4;0.41;0.25;0.07;0.09
-3;0;0;0;50;13.43;2.04;5.78;0.59;0.58;0.118;46.1;4.78;2.37;1.42;0.24;0.83;2.88;165;149.2;8.4;1.7;5.8;0.27;0.18;0.06;0.07;0.93;0.96;0.136;53.9;6.97;3.36;2.18;0.34;1.2;2.89;192.9;169.9;14.9;2.4;5.8;0.41;0.35;0.09;0.11
-3;0;0;0;100;13.01;2.25;6.37;0.6;0.62;0.125;45.7;4.84;2.33;1.48;0.26;0.85;3.09;167;152;7.1;1.7;6.2;0.27;0.22;0.06;0.08;1.17;1.16;0.139;54.3;8.26;4.06;2.43;0.46;1.39;3.28;198.4;166.5;22.6;2.8;6.6;0.41;0.51;0.11;0.14
-3;0;0;50;0;15.61;2.37;6.79;0.63;0.61;0.114;51.3;5.23;2.53;1.59;0.27;0.91;3.31;164.9;143.6;12.9;1.8;6.6;0.25;0.22;0.06;0.08;1.21;1.2;0.141;48.7;8.54;4.23;2.58;0.45;1.46;3.47;156.6;132.6;14.2;2.9;6.9;0.72;0.24;0.1;0.13
-3;0;0;50;50;15.38;2.8;8.25;0.7;0.66;0.119;51.1;5.43;2.6;1.67;0.28;0.88;4.08;165.6;144;11.7;1.8;8.2;0.24;0.26;0.06;0.08;1.6;1.64;0.144;48.9;11.38;5.61;3.4;0.58;1.92;4.17;158.6;132.2;14.2;3.8;8.3;0.99;0.34;0.13;0.18
-3;0;0;50;100;15.36;3.48;9.98;0.78;0.78;0.133;49.9;5.8;2.9;1.71;0.32;0.99;4.91;167.4;145;10.5;2;9.8;0.26;0.36;0.07;0.1;2.15;2.16;0.147;50.1;14.68;7.35;4.45;0.73;2.5;5.07;168;131.2;21.6;5;10.1;1.26;0.48;0.18;0.23
-3;0;0;100;0;17.39;2.78;8.04;0.72;0.68;0.115;59.1;5.8;2.81;1.76;0.29;1.03;3.93;166.8;141.1;15.9;2.1;7.9;0.25;0.27;0.07;0.09;1.5;1.54;0.144;40.9;10.7;5.23;3.27;0.53;1.75;4.11;115.6;89.7;14.1;3.5;8.2;0.99;0.24;0.12;0.18
-3;0;0;100;50;17.85;3.61;10.41;0.81;0.76;0.119;58.2;6.33;3.12;1.9;0.33;1.14;5.08;167.5;139.8;15.2;2.3;10.2;0.24;0.35;0.07;0.1;2.14;2.2;0.146;41.8;15.02;7.38;4.53;0.73;2.47;5.33;120.2;90.5;14.1;4.9;10.7;1.45;0.34;0.17;0.24
-3;0;0;100;100;17.62;4.22;12.08;0.96;0.9;0.135;56.4;6.63;3.27;2;0.34;1.15;5.85;168.1;140.1;14;2.3;11.7;0.25;0.49;0.08;0.09;2.63;2.71;0.149;43.6;18.18;8.96;5.48;0.92;3.07;6.24;129.9;90.3;20.9;6.1;12.5;1.73;0.47;0.22;0.29
-3;0;50;0;0;13.23;1.96;5.76;0.6;0.63;0.118;45.5;5.22;2.46;1.63;0.27;0.88;2.85;163;146.2;9.4;1.8;5.7;0.27;0.22;0.06;0.08;0.86;0.87;0.137;54.5;6.31;3.09;1.92;0.34;1.08;2.91;195;173.5;13.5;2.2;5.8;0.41;0.29;0.07;0.1
-3;0;50;0;50;12.8;2.19;6.2;0.69;0.69;0.126;46;5.33;2.65;1.63;0.26;0.95;3.04;164.7;148.4;8.3;1.9;6.1;0.27;0.28;0.06;0.08;1.06;1.08;0.145;54;7.38;3.65;2.15;0.39;1.24;3.16;193.2;170.8;13.7;2.5;6.3;0.41;0.45;0.09;0.12
-3;0;50;0;100;12.55;2.37;6.76;0.76;0.75;0.134;45.8;5.53;2.72;1.68;0.3;0.92;3.27;167;151.4;7.3;1.8;6.5;0.29;0.32;0.06;0.08;1.32;1.33;0.155;54.2;8.58;4.29;2.52;0.44;1.44;3.5;197.9;167.2;20.8;2.9;7;0.41;0.67;0.11;0.14
-3;0;50;50;0;15.19;2.52;7.33;0.76;0.75;0.119;51;6.24;2.96;1.95;0.34;1.02;3.59;164;141.8;12.9;2;7.2;0.26;0.32;0.07;0.1;1.27;1.24;0.143;49;8.66;4.42;2.53;0.42;1.49;3.74;157.5;134.1;12.9;3;7.5;0.72;0.28;0.11;0.13
-3;0;50;50;50;15.41;2.94;8.97;0.81;0.84;0.129;50.9;6.45;3.08;2.05;0.35;1.06;4.33;165.7;142.7;12.2;2.1;8.7;0.25;0.42;0.07;0.1;1.72;1.75;0.149;49.1;11.71;5.82;3.54;0.58;1.88;4.65;159.8;133.3;13.4;3.8;9.3;0.97;0.44;0.14;0.19
-3;0;50;50;100;14.99;3.62;10.3;1.01;0.96;0.144;50.5;6.58;3.31;1.94;0.34;1.13;4.99;171.7;143.5;16;2.3;10;0.26;0.52;0.08;0.1;2.28;2.3;0.155;49.5;14.84;7.44;4.38;0.77;2.49;5.31;168;132.6;19.8;5;10.6;1.26;0.63;0.17;0.24
-3;0;50;100;0;17.05;3.15;8.91;0.91;0.86;0.12;58.3;7.14;3.47;2.18;0.39;1.25;4.29;164.7;137.4;16.2;2.5;8.6;0.25;0.42;0.08;0.11;1.59;1.61;0.146;41.7;11;5.46;3.27;0.58;1.89;4.61;117.6;92;12.6;3.8;9.2;1.03;0.27;0.13;0.18
-3;0;50;100;50;17.25;3.89;11.18;1.03;1.04;0.136;58.9;7.55;3.72;2.27;0.37;1.3;5.44;173.7;137.4;22.8;2.6;10.9;0.25;0.59;0.09;0.11;2.39;2.36;0.151;41.1;15.61;7.85;4.64;0.78;2.59;5.74;121.3;92;12.7;5.2;11.5;1.49;0.42;0.19;0.26
-3;0;50;100;100;17.32;4.41;12.69;1.21;1.2;0.148;57.2;8.08;3.95;2.4;0.4;1.3;6.24;174.1;137.2;21.8;2.6;12.5;0.26;0.74;0.09;0.12;2.88;2.86;0.155;42.8;18.46;9.3;5.37;0.96;3.11;6.45;130.3;92.1;19.1;6.2;12.9;1.75;0.6;0.21;0.29
-3;0;100;0;0;12.88;2.14;6.26;0.77;0.76;0.123;46.2;6.07;2.9;1.9;0.31;1.04;3.07;167.8;145.3;14.3;2.1;6.1;0.27;0.33;0.06;0.1;0.97;0.97;0.146;53.8;6.63;3.34;1.94;0.35;1.11;3.19;195.8;174.6;12.6;2.2;6.4;0.39;0.38;0.09;0.11
-3;0;100;0;50;12.45;2.35;6.57;0.87;0.85;0.137;46.4;6.11;2.99;1.81;0.35;1.03;3.18;168.1;147.2;12.4;2.1;6.4;0.28;0.4;0.07;0.09;1.19;1.18;0.154;53.6;7.62;3.88;2.21;0.36;1.32;3.39;194.3;172.2;12.7;2.6;6.8;0.42;0.55;0.1;0.12
-3;0;100;0;100;12.19;2.5;7.12;0.93;0.92;0.149;46.3;6.07;3.1;1.74;0.33;1.04;3.51;170.4;150.4;10.9;2.1;7;0.28;0.48;0.07;0.09;1.46;1.5;0.171;53.7;8.79;4.5;2.5;0.48;1.46;3.61;197.7;168.3;19.2;2.9;7.2;0.42;0.83;0.1;0.14
-3;0;100;50;0;14.82;2.79;7.97;0.91;0.94;0.131;51.6;7.14;3.47;2.18;0.37;1.23;3.88;169.7;140.4;19.1;2.5;7.8;0.26;0.48;0.09;0.11;1.38;1.38;0.149;48.4;9.25;4.64;2.77;0.46;1.57;4.1;159;135.5;12.2;3.1;8.2;0.76;0.36;0.12;0.14
-3;0;100;50;50;14.87;3.31;9.56;1.09;1.06;0.14;51.6;7.51;3.75;2.22;0.4;1.32;4.69;171;141;17.9;2.6;9.4;0.28;0.59;0.09;0.11;1.88;1.88;0.155;48.4;12.12;6.05;3.68;0.64;1.99;4.87;160.5;134.8;11.9;4;9.7;1.01;0.53;0.14;0.2
-3;0;100;50;100;14.86;3.74;10.88;1.25;1.26;0.163;50.5;7.67;3.88;2.22;0.37;1.23;5.43;171.5;141.6;16.6;2.5;10.9;0.27;0.79;0.09;0.11;2.44;2.46;0.163;49.5;15.02;7.59;4.46;0.74;2.51;5.45;168.3;134.3;18.1;5;10.9;1.28;0.77;0.17;0.24
-3;0;100;100;0;17.02;3.38;9.66;1.18;1.14;0.132;59.3;8.62;4.22;2.59;0.45;1.48;4.76;172.6;135.3;24.9;3;9.5;0.26;0.65;0.1;0.13;1.67;1.72;0.15;40.7;11.39;5.62;3.4;0.59;1.9;4.9;118.5;93.3;11.7;3.8;9.8;1.04;0.35;0.14;0.18
-3;0;100;100;50;17.14;4.17;11.87;1.29;1.25;0.144;58.4;8.7;4.4;2.57;0.43;1.52;5.78;172.4;134.6;23.2;3;11.6;0.25;0.78;0.1;0.13;2.51;2.47;0.155;41.6;15.94;7.96;4.73;0.79;2.65;6.09;122.7;93.6;11.6;5.3;12.2;1.52;0.51;0.18;0.25
-3;0;100;100;100;17.15;4.72;13.32;1.54;1.51;0.169;56.7;8.92;4.58;2.58;0.42;1.5;6.44;172.3;134.8;21.6;3;12.9;0.24;1.05;0.1;0.12;3.11;3.11;0.162;43.3;19.23;9.72;5.61;0.96;3.22;6.88;131.4;93.5;17.7;6.4;13.8;1.81;0.77;0.23;0.3
-3;50;0;0;0;15.6;2.33;6.84;0.89;0.82;0.117;39.9;6.89;3.33;2.12;0.36;1.18;3.35;130.5;112.2;9.3;2.4;6.7;0.46;0.16;0.08;0.11;0.85;0.9;0.131;60.1;6.81;3.28;2.11;0.36;1.15;3.5;196.4;169.2;17.9;2.3;7;0.39;0.31;0.08;0.12
-3;50;0;0;50;15.7;2.62;7.56;0.84;0.83;0.119;40.5;6.92;3.33;2.1;0.37;1.19;3.64;132.5;114.5;8.3;2.4;7.3;0.47;0.18;0.08;0.1;1.08;1.1;0.134;59.5;8.13;3.98;2.46;0.45;1.42;3.92;194.6;165.5;18.5;2.8;7.8;0.4;0.46;0.1;0.14
-3;50;0;0;100;15.25;2.88;8.06;0.94;0.87;0.124;40.3;6.92;3.42;2.04;0.37;1.22;3.95;135;118;6.7;2.4;7.9;0.48;0.19;0.08;0.11;1.36;1.39;0.143;59.7;9.65;4.83;2.81;0.49;1.67;4.11;200;159.9;28.5;3.3;8.2;0.39;0.73;0.12;0.15
-3;50;0;50;0;17.62;2.85;8.27;0.87;0.86;0.116;45.5;7.29;3.47;2.28;0.38;1.23;4.06;133;109.9;12.5;2.5;8.1;0.44;0.22;0.08;0.12;1.25;1.3;0.138;54.5;9.34;4.6;2.79;0.5;1.61;4.21;159.1;129.8;17.6;3.2;8.4;0.72;0.31;0.11;0.15
-3;50;0;50;50;17.44;3.35;9.94;0.9;0.91;0.119;45.7;7.55;3.65;2.32;0.36;1.29;4.8;134.7;111.2;11.3;2.6;9.6;0.46;0.25;0.08;0.11;1.73;1.76;0.142;54.3;12.42;6.15;3.74;0.62;2.06;5.14;160.3;128.2;17.8;4.1;10.3;0.97;0.45;0.15;0.2
-3;50;0;50;100;17.56;3.97;11.35;1;0.99;0.129;44.8;7.61;3.69;2.32;0.39;1.33;5.52;137.5;113.7;10.1;2.7;11;0.46;0.33;0.09;0.11;2.37;2.33;0.148;55.2;15.71;7.84;4.76;0.73;2.64;5.83;169.5;125.2;27.3;5.3;11.7;1.18;0.7;0.18;0.26
-3;50;0;100;0;19.13;3.24;9.34;0.95;0.92;0.116;53.1;7.82;3.81;2.4;0.41;1.39;4.48;134.8;107.4;15.7;2.8;9;0.43;0.27;0.1;0.12;1.5;1.58;0.142;46.9;11.08;5.36;3.39;0.6;1.85;4.86;119.1;88.4;17.3;3.7;9.7;0.97;0.29;0.14;0.18
-3;50;0;100;50;19.58;4.16;11.96;1.07;1.01;0.12;52.5;8.4;4.13;2.58;0.43;1.45;5.77;136.5;107.4;14.7;2.9;11.5;0.44;0.35;0.09;0.13;2.22;2.31;0.145;47.5;15.88;7.89;4.75;0.83;2.71;6.19;123.5;88.4;17.3;5.4;12.4;1.43;0.43;0.2;0.26
-3;50;0;100;100;19.55;4.74;13.6;1.17;1.15;0.131;51;8.72;4.32;2.6;0.46;1.51;6.69;138.9;109;13.5;3;13.4;0.45;0.47;0.1;0.13;2.77;2.87;0.15;49;19.13;9.41;5.74;1;3.23;6.91;133.5;87.1;26.1;6.5;13.8;1.68;0.65;0.23;0.31
-3;50;50;0;0;15.61;2.76;7.96;1.12;1.09;0.12;40.4;9;4.31;2.77;0.47;1.59;3.85;132.8;112.7;9.2;3.2;7.7;0.62;0.22;0.11;0.14;0.96;0.98;0.135;59.6;7.22;3.47;2.19;0.37;1.17;4.11;196.3;168.5;17.2;2.3;8.2;0.39;0.38;0.09;0.12
-3;50;50;0;50;15.48;3.07;8.77;1.2;1.13;0.124;41.3;9.05;4.46;2.83;0.46;1.6;4.27;135.6;115.9;8;3.2;8.5;0.63;0.26;0.11;0.14;1.3;1.26;0.144;58.7;8.72;4.38;2.62;0.46;1.47;4.5;192.9;163.3;17.7;2.9;9;0.4;0.6;0.11;0.14
-3;50;50;0;100;15.18;3.37;9.46;1.21;1.19;0.128;41.1;9.22;4.57;2.76;0.49;1.68;4.66;138.3;118.9;6.7;3.4;9.3;0.65;0.29;0.11;0.14;1.53;1.57;0.155;58.9;10.12;5.06;3.02;0.49;1.69;4.81;198.4;158.4;27;3.4;9.6;0.4;0.89;0.12;0.16
-3;50;50;50;0;17.39;3.29;9.62;1.18;1.17;0.12;46;9.73;4.66;3.02;0.5;1.7;4.66;135.4;110.2;12.5;3.4;9.3;0.61;0.31;0.11;0.14;1.32;1.36;0.141;54;9.61;4.77;2.9;0.48;1.59;4.96;159.2;129.4;16.6;3.2;9.9;0.71;0.37;0.11;0.16
-3;50;50;50;50;17.33;3.97;11.26;1.27;1.28;0.126;45.9;10.1;4.88;3.12;0.57;1.75;5.42;136.7;111;11.3;3.5;10.8;0.61;0.4;0.12;0.16;1.9;1.91;0.148;54.1;12.88;6.4;3.82;0.65;2.21;5.84;161.1;128.5;16.6;4.4;11.7;0.97;0.58;0.15;0.21
-3;50;50;50;100;17.56;4.47;12.73;1.43;1.4;0.135;46;10.29;5.06;3.19;0.5;1.79;6.25;144.6;113.4;15.2;3.6;12.5;0.63;0.5;0.12;0.15;2.4;2.49;0.155;54;16.04;7.88;4.82;0.82;2.68;6.48;169.6;125.6;25.7;5.4;13;1.19;0.85;0.19;0.26
-3;50;50;100;0;19.25;3.75;10.82;1.29;1.27;0.12;53.4;10.49;5.06;3.18;0.54;1.81;5.33;137.4;107.6;15.5;3.6;10.7;0.59;0.4;0.12;0.16;1.67;1.68;0.144;46.6;11.65;5.81;3.46;0.56;1.95;5.49;119.6;88.2;16.5;3.9;11;0.97;0.37;0.15;0.19
-3;50;50;100;50;19.44;4.63;13.17;1.52;1.46;0.131;54.2;11.07;5.48;3.31;0.55;1.92;6.48;146.1;107;22.3;3.8;13;0.59;0.58;0.12;0.17;2.38;2.42;0.15;45.8;16.13;8.01;4.81;0.81;2.72;6.69;123.5;88.7;16;5.4;13.4;1.41;0.56;0.19;0.25
-3;50;50;100;100;19.38;5.18;14.94;1.67;1.59;0.139;52.3;11.41;5.65;3.42;0.58;1.9;7.32;147;108.2;20.4;3.8;14.6;0.6;0.69;0.13;0.17;3;3.03;0.155;47.7;19.53;9.78;5.77;1;3.28;7.61;133.9;87.8;24.3;6.6;15.2;1.69;0.8;0.24;0.31
-3;50;100;0;0;15.46;3.28;9.4;1.46;1.43;0.122;41.9;11.59;5.66;3.48;0.61;2.05;4.57;140.6;113.6;13.7;4.1;9.1;0.81;0.3;0.14;0.18;1.16;1.13;0.149;58.1;7.53;3.73;2.23;0.38;1.23;4.82;195.2;167;16;2.5;9.6;0.38;0.54;0.09;0.12
-3;50;100;0;50;15.39;3.56;10.25;1.54;1.54;0.129;41.5;11.94;5.78;3.65;0.61;2.06;4.98;142.3;116;12.2;4.1;10;0.84;0.39;0.13;0.18;1.44;1.45;0.16;58.5;9;4.58;2.61;0.47;1.49;5.27;201.1;163;24.5;3;10.5;0.39;0.81;0.11;0.14
-3;50;100;0;100;15.14;3.75;10.71;1.58;1.59;0.135;42.1;11.72;5.79;3.5;0.61;2.04;5.24;143.9;119.1;10.3;4.1;10.5;0.83;0.45;0.14;0.18;1.77;1.85;0.179;57.9;10.35;5.31;2.94;0.54;1.72;5.46;198;158.1;25.5;3.4;10.9;0.39;1.2;0.12;0.15
-3;50;100;50;0;17.32;3.91;11.04;1.57;1.59;0.126;47.2;12.56;6.06;3.81;0.67;2.18;5.43;143.4;109.7;18.5;4.4;10.9;0.78;0.48;0.15;0.18;1.48;1.53;0.151;52.8;10.06;5.05;3;0.49;1.73;5.61;160.3;130.1;15.6;3.5;11.2;0.72;0.52;0.13;0.16
-3;50;100;50;50;17.42;4.4;12.61;1.77;1.67;0.131;46;12.69;6.19;3.89;0.68;2.11;6.12;144.6;111.1;17;4.2;12.2;0.79;0.56;0.13;0.19;2.08;2.11;0.159;54;13.28;6.73;3.89;0.64;2.29;6.49;169.5;128.3;23.7;4.6;13;0.97;0.77;0.16;0.21
-3;50;100;50;100;17.29;4.77;13.77;1.86;1.84;0.143;46.3;12.78;6.41;3.77;0.61;2.15;6.79;146.2;112.8;15.5;4.3;13.6;0.79;0.72;0.14;0.2;2.77;2.76;0.169;53.7;16.28;8.34;4.63;0.86;2.63;6.97;169.4;126.2;24;5.3;13.9;1.19;1.12;0.19;0.26
-3;50;100;100;0;19.35;4.31;12.63;1.78;1.74;0.127;54.6;13.65;6.68;4.13;0.72;2.32;6.13;146.5;105.5;24.1;4.6;12.3;0.75;0.64;0.15;0.21;1.78;1.83;0.152;45.4;12.02;6.04;3.51;0.64;1.99;6.5;121.9;89.9;14.9;4;13;1;0.49;0.15;0.2
-3;50;100;100;50;19.58;5.05;14.82;1.87;1.87;0.135;52.8;13.88;6.73;4.24;0.73;2.31;7.36;148.3;106.6;22.3;4.6;14.7;0.74;0.76;0.14;0.22;2.58;2.65;0.158;47.2;16.79;8.31;4.96;0.86;2.74;7.46;132.8;89;23.3;5.5;14.9;1.43;0.76;0.2;0.26
-3;50;100;100;100;19.35;5.65;16.36;2.13;2.11;0.15;52.3;14;6.99;4.16;0.71;2.33;7.99;148.1;107.1;20.4;4.7;16;0.74;1;0.15;0.22;3.43;3.37;0.166;47.7;20.24;10.43;5.88;1.01;3.31;8.37;135.2;88.6;23.2;6.6;16.7;1.71;1.09;0.24;0.32
-3;100;0;0;0;17.68;2.67;7.75;0.95;0.97;0.118;32.8;8.15;3.88;2.53;0.44;1.41;3.85;96.2;76.7;9;2.8;7.7;0.6;0.15;0.09;0.12;0.98;0.97;0.129;67.2;7.42;3.61;2.26;0.37;1.26;3.9;197;165;21.7;2.5;7.8;0.38;0.37;0.1;0.12
-3;100;0;0;50;17.58;3.05;8.8;1.02;1.02;0.12;33.5;8.46;4.13;2.56;0.42;1.48;4.25;97.9;78.7;7.7;3;8.5;0.63;0.16;0.1;0.13;1.25;1.24;0.132;66.5;9.32;4.51;2.83;0.51;1.57;4.54;194.6;160.1;22.2;3.1;9.1;0.4;0.57;0.11;0.16
-3;100;0;0;100;17.65;3.38;9.73;1.04;1.06;0.123;33.1;8.51;4.03;2.67;0.45;1.47;4.71;100.1;81.2;6.5;2.9;9.4;0.64;0.2;0.1;0.13;1.57;1.59;0.142;66.9;11.16;5.5;3.29;0.62;1.91;5.02;202.4;154.1;34.5;3.8;10;0.39;0.9;0.13;0.18
-3;100;0;50;0;19.27;3.16;9.15;1.07;1.02;0.118;38;8.64;4.22;2.67;0.42;1.52;4.47;98.8;74.8;12;3;8.9;0.59;0.2;0.1;0.14;1.33;1.35;0.137;62;9.84;4.78;3.02;0.5;1.64;4.68;161;127.3;21.1;3.3;9.4;0.71;0.36;0.12;0.16
-3;100;0;50;50;19.38;3.81;11;1.04;1.1;0.12;38.5;9.06;4.27;2.72;0.53;1.58;5.38;101;76.4;10.8;3.2;10.8;0.61;0.24;0.11;0.13;1.88;1.89;0.14;61.5;13.48;6.61;4.06;0.67;2.23;5.62;161.5;124.4;21.4;4.5;11.2;0.95;0.55;0.17;0.22
-3;100;0;50;100;19.68;4.44;12.81;1.2;1.19;0.128;37.5;9.29;4.55;2.86;0.47;1.59;6.29;103.6;78.1;9.7;3.2;12.6;0.61;0.33;0.11;0.15;2.51;2.5;0.147;62.5;16.96;8.52;4.98;0.91;2.85;6.53;173.1;121.3;33.1;5.7;13.1;1.15;0.87;0.22;0.27
-3;100;0;100;0;21.19;3.65;10.5;1.12;1.11;0.117;45.6;9.38;4.52;2.95;0.46;1.63;5.07;102.2;73.5;15.4;3.3;10.1;0.58;0.27;0.11;0.14;1.58;1.65;0.14;54.4;11.77;5.78;3.52;0.6;2.02;5.42;121.9;86.3;20.7;4;10.8;0.95;0.36;0.14;0.19
-3;100;0;100;50;21.5;4.41;12.93;1.27;1.17;0.12;45.4;9.66;4.73;2.89;0.51;1.69;6.24;104.1;73.9;14.4;3.4;12.5;0.57;0.33;0.11;0.15;2.4;2.38;0.143;54.6;16.66;8.14;5.06;0.84;2.72;6.68;125.4;85.8;20.8;5.4;13.4;1.38;0.54;0.19;0.28
-3;100;0;100;100;21.55;5.16;14.98;1.36;1.34;0.129;43.5;10.27;5.01;3.13;0.51;1.75;7.28;106.3;75.2;13;3.5;14.6;0.6;0.46;0.11;0.16;2.94;3.03;0.149;56.5;20.37;10.05;6.07;1.07;3.41;7.7;138.2;84.2;31.8;6.8;15.4;1.63;0.84;0.24;0.33
-3;100;50;0;0;17.87;3.41;9.9;1.45;1.42;0.12;33.9;11.81;5.66;3.63;0.62;2.02;4.84;100.4;77.8;8.8;4;9.7;0.9;0.21;0.13;0.18;1.13;1.1;0.133;66.1;8.21;4.09;2.44;0.42;1.39;5.06;196;162.2;20.9;2.8;10.1;0.38;0.48;0.1;0.13
-3;100;50;0;50;18.05;3.81;10.9;1.53;1.51;0.123;33.5;12.14;5.98;3.7;0.61;2.14;5.26;102.7;80.1;7.7;4.3;10.5;0.92;0.25;0.14;0.19;1.51;1.5;0.149;66.5;10.08;5;2.99;0.53;1.67;5.65;203.6;156.7;32.3;3.3;11.3;0.38;0.84;0.11;0.17
-3;100;50;0;100;18.08;4.05;11.87;1.73;1.58;0.126;34.5;12.43;6.08;3.8;0.66;2.08;5.78;105;82.6;6.7;4.2;11.6;0.95;0.29;0.13;0.2;1.91;1.85;0.155;65.5;11.93;6.06;3.53;0.57;1.98;6.08;200.1;150.6;33.3;4;12.2;0.37;1.14;0.14;0.19
-3;100;50;50;0;19.7;3.86;11.22;1.56;1.5;0.12;39.2;12.4;5.95;3.78;0.65;2.09;5.57;103.3;75.9;12.1;4.2;11.1;0.87;0.3;0.14;0.19;1.48;1.45;0.138;60.8;10.45;5.21;3.14;0.52;1.76;5.66;160.6;125.3;20.4;3.5;11.3;0.68;0.47;0.13;0.16
-3;100;50;50;50;19.71;4.55;13.19;1.65;1.6;0.124;38;12.8;6.15;3.89;0.72;2.15;6.36;105.2;77.3;10.9;4.3;12.7;0.89;0.38;0.14;0.19;2.06;2.14;0.151;62;14.13;7.09;4.16;0.75;2.4;6.82;172.2;122.7;31;4.8;13.6;0.91;0.81;0.18;0.23
-3;100;50;50;100;19.82;5.31;14.82;1.76;1.75;0.132;39.3;13.23;6.47;4;0.67;2.33;7.19;112.1;78.7;14.4;4.7;14.4;0.91;0.48;0.16;0.2;2.75;2.72;0.155;60.7;17.54;8.88;5.11;0.9;2.98;7.63;173;120.1;31.6;6;15.3;1.15;1.07;0.22;0.28
-3;100;50;100;0;21.43;4.45;12.56;1.57;1.6;0.121;46;13.24;6.34;4;0.7;2.36;5.99;105.3;73.2;15.4;4.7;12;0.84;0.4;0.17;0.19;1.67;1.76;0.142;54;12.37;6.07;3.73;0.61;2.09;6.58;123.4;86.6;19.5;4.2;13.2;0.96;0.45;0.15;0.2
-3;100;50;100;50;21.54;5.22;15.19;1.79;1.77;0.129;45.6;13.66;6.69;4.1;0.71;2.38;7.24;114.6;74.2;21.1;4.8;14.5;0.86;0.54;0.16;0.21;2.56;2.63;0.152;54.4;17.34;8.6;5.27;0.86;2.84;7.95;136.8;85.4;29.9;5.7;15.9;1.38;0.77;0.2;0.29
-3;100;50;100;100;21.59;5.95;16.96;1.97;1.91;0.134;45.6;14.12;7.01;4.2;0.7;2.45;8.18;116.2;75.6;19.3;4.9;16.4;0.88;0.66;0.16;0.21;3.24;3.26;0.155;54.4;20.97;10.51;6.17;1.08;3.5;8.78;138.6;83.7;30.4;7;17.6;1.62;1.04;0.26;0.34
-3;100;100;0;0;17.92;3.91;11.61;1.78;1.79;0.122;35.7;14.62;7.05;4.51;0.78;2.48;5.68;108;78.5;13.2;5;11.4;1.1;0.29;0.16;0.23;1.29;1.32;0.149;64.3;8.83;4.29;2.7;0.43;1.42;5.93;195.2;160.5;20;2.8;11.9;0.37;0.7;0.11;0.14
-3;100;100;0;50;17.93;4.28;12.38;1.92;1.89;0.127;35.1;14.83;7.18;4.52;0.78;2.54;5.98;109.2;80.8;11.4;5.1;12;1.12;0.36;0.17;0.23;1.74;1.7;0.161;64.9;10.57;5.39;3.05;0.53;1.75;6.4;202.3;155.1;30.9;3.5;12.8;0.37;1.05;0.12;0.17
-3;100;100;0;100;17.95;4.73;13.31;1.99;2.01;0.131;36.2;15.29;7.55;4.57;0.79;2.69;6.51;111.9;83.6;9.8;5.4;13;1.18;0.42;0.18;0.23;2.14;2.24;0.181;63.8;12.34;6.36;3.53;0.61;2.04;6.8;197.6;148.3;31.7;4.1;13.6;0.36;1.54;0.14;0.19
-3;100;100;50;0;19.58;4.53;13.06;1.92;1.92;0.125;41;15.34;7.42;4.78;0.77;2.68;6.32;111.9;76.2;17.7;5.4;12.6;1.07;0.45;0.17;0.23;1.68;1.7;0.151;59;11.29;5.63;3.34;0.59;1.85;6.74;161.2;124.8;19.3;3.7;13.5;0.69;0.69;0.14;0.19
-3;100;100;50;50;19.74;5.12;14.88;2.02;2.02;0.13;39.8;15.54;7.55;4.75;0.85;2.73;7.25;113.5;77.6;16;5.5;14.5;1.07;0.54;0.18;0.23;2.42;2.35;0.159;60.2;14.77;7.56;4.32;0.71;2.39;7.62;172;122.1;29.8;4.8;15.2;0.93;1.01;0.16;0.24
-3;100;100;50;100;19.84;5.65;16.08;2.22;2.2;0.138;40;15.87;7.75;4.87;0.77;2.67;7.82;114.8;79.1;14.7;5.3;15.6;1.1;0.68;0.17;0.25;3.02;3.06;0.172;60;17.77;9.07;5.17;0.9;2.98;8.27;172.1;119.3;30.3;6;16.5;1.12;1.46;0.21;0.27
-3;100;100;100;0;21.31;5.09;14.53;2.03;2.06;0.126;48.4;16.34;7.88;5.02;0.88;2.89;7.09;116.5;73.7;22.8;5.8;14.2;1.04;0.6;0.18;0.25;1.96;1.98;0.151;51.6;13.06;6.51;3.86;0.68;2.19;7.45;123.9;86;18.6;4.4;14.9;0.96;0.66;0.15;0.21
-3;100;100;100;50;21.54;5.73;16.69;2.27;2.19;0.132;46.1;16.59;8.17;4.94;0.84;2.88;8.04;117.2;74.1;21.3;5.8;16.1;1.03;0.73;0.19;0.24;2.85;2.84;0.158;53.9;17.95;9.01;5.3;0.91;2.85;8.65;136.9;85.6;28.3;5.7;17.3;1.39;0.96;0.21;0.29
-3;100;100;100;100;21.61;6.41;18.41;2.46;2.44;0.144;46.1;16.95;8.45;5.03;0.87;2.88;8.9;118.6;75.6;19.4;5.8;17.8;1.05;0.94;0.2;0.25;3.5;3.61;0.169;53.9;21.37;10.84;6.31;1.06;3.54;9.5;138.8;83.7;29;7.1;19;1.61;1.4;0.25;0.34
-2;0;0;0;0;13.64;1.88;5.41;0.6;0.62;0.12;47.2;5.02;2.45;1.53;0.26;0.89;2.68;169;151.5;10.3;1.8;5.4;0.29;0.19;0.07;0.07;0.74;0.78;0.129;52.8;5.98;2.91;1.77;0.34;0.99;2.72;189.4;168.2;13.8;2;5.4;0.37;0.24;0.07;0.1
-2;0;0;0;50;13.34;2.07;5.8;0.6;0.62;0.122;47.5;4.93;2.41;1.54;0.27;0.89;2.86;170.2;153.5;9.2;1.8;5.7;0.29;0.19;0.05;0.08;0.88;0.9;0.132;52.5;6.71;3.29;2.05;0.34;1.18;2.94;188.1;166;13.8;2.4;5.9;0.38;0.33;0.08;0.11
-2;0;0;0;100;13.05;2.21;6.39;0.65;0.68;0.13;47.1;5.1;2.43;1.56;0.27;0.87;3.2;172.3;155.9;8.3;1.7;6.4;0.3;0.25;0.06;0.08;1.12;1.09;0.136;52.9;7.99;3.91;2.41;0.4;1.34;3.19;193.3;163.2;21;2.7;6.4;0.39;0.47;0.1;0.13
-2;0;0;50;0;15.49;2.4;6.81;0.62;0.66;0.119;52.9;5.48;2.63;1.71;0.28;0.99;3.35;170.6;148.3;13.6;2;6.7;0.28;0.23;0.06;0.09;1.11;1.12;0.135;47.1;8.24;4.04;2.49;0.43;1.41;3.46;152;128.9;13.3;2.8;6.9;0.66;0.22;0.1;0.14
-2;0;0;50;50;15.48;2.89;8.35;0.71;0.73;0.123;52.7;5.79;2.78;1.77;0.3;0.99;4.17;171.5;148.6;12.6;2;8.3;0.28;0.28;0.07;0.09;1.47;1.53;0.138;47.3;11.04;5.45;3.34;0.6;1.9;4.18;154.2;128.6;13.4;3.8;8.4;0.89;0.33;0.13;0.18
-2;0;0;50;100;15.55;3.44;9.84;0.84;0.84;0.137;51.4;6.09;3.01;1.84;0.32;1.06;4.89;172.5;148.9;11.7;2.1;9.8;0.29;0.39;0.07;0.09;1.89;1.97;0.141;48.6;13.92;6.85;4.22;0.75;2.38;4.95;163.1;128.3;20.1;4.8;9.9;1.13;0.45;0.17;0.22
-2;0;0;100;0;17.63;2.82;8.01;0.75;0.73;0.118;60.5;6.1;2.89;1.89;0.34;1.08;3.89;172.7;145.7;17;2.2;7.8;0.28;0.29;0.07;0.09;1.42;1.41;0.137;39.5;10.26;5.09;2.97;0.52;1.74;4.12;112.6;87.5;13.4;3.5;8.2;0.89;0.23;0.12;0.17
-2;0;0;100;50;17.64;3.65;10.44;0.84;0.84;0.124;59.5;6.68;3.32;2.03;0.35;1.16;5.2;172.4;143.7;15.9;2.3;10.4;0.27;0.37;0.08;0.11;2.05;2.04;0.14;40.5;14.54;7.22;4.32;0.78;2.49;5.24;117.3;88.7;13.2;5;10.5;1.34;0.31;0.17;0.23
-2;0;0;100;100;17.58;4.25;12.16;0.96;1;0.139;57.6;7.15;3.47;2.16;0.38;1.22;5.88;172.7;143.6;14.9;2.4;11.8;0.28;0.53;0.09;0.11;2.48;2.54;0.143;42.4;17.83;8.84;5.26;0.93;3.04;6.28;127;88.7;19.6;6.1;12.6;1.6;0.44;0.22;0.29
-2;0;50;0;0;13.12;1.96;5.72;0.69;0.7;0.123;46.9;5.58;2.71;1.71;0.29;0.97;2.81;168;150.1;10.3;1.9;5.6;0.3;0.24;0.07;0.09;0.78;0.79;0.133;53.1;5.91;2.86;1.81;0.32;0.99;2.9;190.1;169.8;12.5;2;5.8;0.37;0.26;0.06;0.09
-2;0;50;0;50;13.12;2.18;6.26;0.79;0.78;0.132;47.4;5.8;2.81;1.73;0.33;1.01;3.1;170.1;152.5;9.4;2;6.2;0.3;0.31;0.07;0.09;1.03;0.99;0.141;52.6;7;3.5;2.09;0.37;1.17;3.16;188.8;167.2;12.9;2.3;6.3;0.37;0.43;0.08;0.11
-2;0;50;0;100;12.5;2.26;6.61;0.87;0.82;0.14;47.1;5.79;2.9;1.76;0.28;1.01;3.24;171.5;154.9;8.2;2;6.5;0.31;0.36;0.07;0.09;1.21;1.2;0.151;52.9;7.93;3.87;2.43;0.41;1.25;3.37;192.9;164.5;19.2;2.5;6.7;0.37;0.62;0.08;0.12
-2;0;50;50;0;15.1;2.6;7.3;0.8;0.81;0.124;52.6;6.43;3.08;1.98;0.35;1.15;3.63;169.6;146.4;13.6;2.3;7.3;0.28;0.34;0.08;0.1;1.17;1.18;0.138;47.4;8.55;4.14;2.62;0.45;1.44;3.67;152.9;130.5;12.2;2.9;7.3;0.67;0.27;0.11;0.14
-2;0;50;50;50;15.27;3.09;8.83;0.88;0.91;0.133;52.2;6.75;3.37;2;0.34;1.2;4.29;170.2;146.5;12.8;2.4;8.6;0.29;0.44;0.08;0.1;1.61;1.62;0.143;47.8;11.29;5.63;3.33;0.58;1.89;4.54;155.7;130.4;12.5;3.8;9.1;0.9;0.41;0.13;0.18
-2;0;50;50;100;15.18;3.54;10.19;1.08;1.03;0.149;52;6.92;3.5;2;0.35;1.14;5.01;177.3;147.7;17.4;2.3;10;0.29;0.57;0.08;0.1;2.16;2.17;0.149;48;14.51;7.2;4.22;0.79;2.4;5.18;163.4;129.4;18.8;4.8;10.4;1.16;0.6;0.18;0.23
-2;0;50;100;0;17.14;2.94;8.87;0.96;0.92;0.122;59.8;7.47;3.53;2.33;0.4;1.25;4.3;169.9;141.5;17.3;2.5;8.6;0.28;0.45;0.08;0.11;1.51;1.46;0.139;40.2;10.43;5.08;3.2;0.54;1.69;4.57;114.2;89.9;11.7;3.4;9.1;0.92;0.26;0.12;0.16
-2;0;50;100;50;17.32;3.83;11.25;1.09;1.11;0.139;60.1;7.91;3.82;2.44;0.42;1.28;5.57;178.8;141;24.1;2.6;11.1;0.28;0.62;0.08;0.12;2.2;2.17;0.144;39.9;15.04;7.44;4.56;0.76;2.54;5.68;118.6;90.2;11.9;5.1;11.4;1.36;0.4;0.17;0.24
-2;0;50;100;100;17.57;4.36;12.87;1.25;1.27;0.152;58.4;8.32;4.11;2.51;0.42;1.36;6.25;179.1;140.3;23.5;2.7;12.5;0.27;0.79;0.08;0.12;2.58;2.66;0.148;41.6;17.9;8.87;5.4;0.91;2.99;6.62;127.7;90.6;17.9;6;13.2;1.6;0.57;0.2;0.29
-2;0;100;0;0;12.89;2.23;6.26;0.85;0.83;0.128;47.4;6.44;3.23;1.9;0.31;1.12;3.03;172.6;148.6;15.7;2.2;6.1;0.31;0.35;0.07;0.1;0.91;0.91;0.141;52.6;6.36;3.16;1.92;0.34;1.1;3.23;191.6;171.6;11.4;2.2;6.5;0.38;0.34;0.08;0.1
-2;0;100;0;50;12.54;2.35;6.75;0.88;0.93;0.142;48;6.49;3.19;1.95;0.34;1.11;3.4;174.5;151.5;13.9;2.2;6.8;0.31;0.44;0.08;0.1;1.07;1.11;0.151;52;7.33;3.68;2.18;0.37;1.23;3.35;189.1;168.2;11.7;2.5;6.7;0.39;0.52;0.08;0.12
-2;0;100;0;100;12.09;2.51;6.88;1.03;1.02;0.155;47.5;6.53;3.28;1.95;0.34;1.13;3.38;175;153.6;12.4;2.3;6.8;0.32;0.53;0.08;0.09;1.35;1.36;0.167;52.5;8.15;4.15;2.35;0.42;1.38;3.5;193.2;165.8;17.6;2.8;7;0.38;0.76;0.1;0.13
-2;0;100;50;0;14.89;2.83;7.85;1.06;1.01;0.134;53;7.48;3.7;2.26;0.37;1.29;3.87;174.9;143.7;20.9;2.6;7.7;0.29;0.52;0.09;0.11;1.31;1.26;0.143;47;8.76;4.43;2.59;0.45;1.54;3.98;154.9;132.8;11.1;3.1;8;0.68;0.33;0.11;0.14
-2;0;100;50;50;14.92;3.26;9.58;1.19;1.15;0.144;52.7;7.88;3.92;2.34;0.42;1.35;4.61;175.3;144.3;19.1;2.7;9.2;0.3;0.64;0.09;0.11;1.69;1.74;0.149;47.3;11.69;5.75;3.53;0.6;1.91;4.97;157.4;132.3;11.3;3.8;9.9;0.92;0.5;0.13;0.19
-2;0;100;50;100;14.86;3.72;10.9;1.29;1.32;0.167;51.8;7.92;4;2.34;0.4;1.28;5.44;176.6;145.6;17.6;2.6;10.9;0.3;0.82;0.09;0.12;2.31;2.32;0.157;48.2;14.71;7.37;4.46;0.71;2.44;5.46;164.1;131.2;17.1;4.9;10.9;1.18;0.74;0.17;0.23
-2;0;100;100;0;17.17;3.43;9.83;1.17;1.23;0.134;60.5;9.1;4.47;2.73;0.51;1.58;4.85;177.8;138.3;26.7;3.2;9.7;0.29;0.7;0.1;0.14;1.55;1.56;0.144;39.5;10.82;5.39;3.18;0.58;1.85;4.98;116;91.7;10.5;3.7;10;0.95;0.31;0.13;0.17
-2;0;100;100;50;16.98;4.1;11.81;1.41;1.38;0.146;59.6;9.37;4.66;2.73;0.51;1.6;5.8;176.7;137.1;24.7;3.2;11.6;0.29;0.85;0.11;0.14;2.28;2.26;0.148;40.4;15.19;7.54;4.55;0.79;2.5;6.01;119.8;92.4;10.4;5;12;1.38;0.46;0.18;0.24
-2;0;100;100;100;17.18;4.69;13.2;1.64;1.65;0.172;57.9;9.56;4.94;2.72;0.44;1.6;6.43;176.6;137.1;23.5;3.2;12.9;0.28;1.13;0.11;0.13;2.92;2.85;0.155;42.1;18.38;9.28;5.39;0.94;3.09;6.77;128.1;92.4;15.9;6.2;13.5;1.65;0.69;0.23;0.28
-2;50;0;0;0;15.52;2.36;6.7;0.91;0.88;0.123;41.4;7.08;3.45;2.17;0.38;1.26;3.26;135;116;9.9;2.5;6.5;0.52;0.17;0.08;0.11;0.84;0.84;0.127;58.6;6.53;3.19;1.94;0.33;1.11;3.44;190.9;164.7;17.1;2.2;6.9;0.37;0.29;0.08;0.11
-2;50;0;0;50;15.43;2.58;7.31;0.95;0.89;0.125;41.9;7.05;3.46;2.11;0.35;1.22;3.58;136.6;118;9;2.4;7.2;0.52;0.19;0.08;0.11;1.02;1.02;0.13;58.1;7.76;3.77;2.38;0.4;1.36;3.73;189.2;161.7;17.3;2.7;7.5;0.37;0.43;0.09;0.12
-2;50;0;0;100;15.37;2.73;8.24;0.95;0.97;0.131;41.8;7.33;3.55;2.24;0.36;1.21;4.11;140;121.5;7.9;2.4;8.2;0.53;0.23;0.08;0.11;1.31;1.31;0.14;58.2;9.34;4.5;2.88;0.46;1.52;4.13;194.8;156.5;27;3;8.3;0.36;0.69;0.1;0.15
-2;50;0;50;0;17.57;2.91;8.16;0.93;0.94;0.122;47;7.59;3.66;2.31;0.41;1.34;3.96;137.3;113.4;13.3;2.7;7.9;0.5;0.23;0.09;0.12;1.18;1.2;0.133;53;8.93;4.41;2.66;0.46;1.57;4.2;154.9;126.5;16.8;3.1;8.4;0.65;0.29;0.12;0.14
-2;50;0;50;50;17.34;3.31;9.86;0.97;1;0.125;47.1;7.91;3.82;2.43;0.45;1.34;4.82;138.9;114.5;12.1;2.7;9.6;0.52;0.27;0.09;0.12;1.55;1.61;0.137;52.9;11.75;5.67;3.64;0.63;1.97;5.03;156.1;125.3;16.8;3.9;10.1;0.87;0.41;0.14;0.19
-2;50;0;50;100;17.49;3.92;11.3;1.08;1.11;0.135;46;8.21;4.01;2.48;0.4;1.43;5.61;141;115.8;11.2;2.9;11.2;0.52;0.37;0.09;0.12;2.2;2.15;0.143;54;15;7.42;4.49;0.77;2.48;5.69;165.6;123.8;25.4;5;11.4;1.11;0.63;0.18;0.23
-2;50;0;100;0;19.31;3.29;9.4;0.94;0.99;0.121;54.7;8.11;3.92;2.4;0.44;1.4;4.62;139.8;111.4;16.4;2.8;9.2;0.49;0.28;0.09;0.13;1.41;1.48;0.136;45.3;10.84;5.33;3.27;0.6;1.88;4.78;115.8;86;16.5;3.8;9.6;0.88;0.29;0.13;0.18
-2;50;0;100;50;19.42;4.11;11.69;1.12;1.09;0.125;54.1;8.66;4.25;2.63;0.45;1.54;5.79;141;110.8;15.5;3.1;11.6;0.49;0.36;0.1;0.14;2.11;2.13;0.139;45.9;15.25;7.5;4.61;0.82;2.57;5.9;119.6;86.4;16.3;5.1;11.8;1.3;0.4;0.19;0.24
-2;50;0;100;100;19.4;4.76;13.37;1.27;1.24;0.136;52.3;9.03;4.45;2.75;0.43;1.53;6.54;142.6;112.1;14.3;3.1;13.1;0.5;0.51;0.1;0.13;2.66;2.7;0.144;47.7;18.71;9.36;5.55;0.93;3.24;6.83;130.1;85.4;24.6;6.5;13.7;1.54;0.63;0.23;0.3
-2;50;50;0;0;15.53;2.85;8.11;1.16;1.2;0.127;41.8;9.39;4.58;2.94;0.43;1.68;3.9;137.4;116.2;10.1;3.4;7.8;0.7;0.24;0.11;0.14;0.92;0.9;0.131;58.2;6.78;3.29;2.14;0.33;1.17;4.21;191.4;164.5;16.1;2.3;8.4;0.35;0.36;0.08;0.11
-2;50;50;0;50;15.31;3.13;8.8;1.28;1.27;0.131;42.5;9.61;4.73;2.93;0.49;1.7;4.27;139.6;119;8.7;3.4;8.5;0.71;0.3;0.11;0.15;1.15;1.18;0.141;57.5;8.3;4.04;2.56;0.39;1.43;4.53;188.7;160.2;16.6;2.9;9.1;0.36;0.58;0.11;0.13
-2;50;50;0;100;15.23;3.34;9.48;1.37;1.34;0.135;42.2;9.87;4.87;2.95;0.56;1.69;4.7;142.1;121.4;7.9;3.4;9.4;0.74;0.35;0.11;0.15;1.48;1.46;0.152;57.8;9.56;4.82;2.83;0.48;1.65;4.77;194.6;156.6;25.2;3.3;9.5;0.36;0.83;0.12;0.14
-2;50;50;50;0;17.41;3.33;9.56;1.32;1.3;0.126;47.3;10.29;5.01;3.12;0.51;1.76;4.72;139.2;112.9;13.3;3.5;9.4;0.68;0.34;0.12;0.16;1.25;1.25;0.136;52.7;9.14;4.48;2.79;0.44;1.56;4.84;155.3;127;15.6;3.1;9.7;0.65;0.34;0.11;0.15
-2;50;50;50;50;17.48;3.95;11.14;1.37;1.39;0.132;47.2;10.48;5.15;3.16;0.55;1.82;5.49;140.9;113.9;12.3;3.6;11;0.67;0.43;0.13;0.17;1.74;1.76;0.143;52.8;12.3;6.07;3.69;0.64;2.13;5.65;157.3;125.9;15.9;4.3;11.3;0.87;0.54;0.15;0.19
-2;50;50;50;100;17.34;4.44;12.77;1.57;1.51;0.141;47.3;10.68;5.3;3.22;0.53;1.82;6.26;148.7;116;16.6;3.6;12.5;0.69;0.53;0.12;0.17;2.36;2.34;0.15;52.7;15.61;7.8;4.67;0.79;2.61;6.51;165.9;123.6;24.1;5.2;13;1.1;0.81;0.18;0.25
-2;50;50;100;0;19.34;3.72;11.05;1.44;1.41;0.125;54.7;11.22;5.41;3.44;0.59;1.91;5.44;141.5;110;16.9;3.8;10.9;0.66;0.44;0.13;0.18;1.56;1.55;0.138;45.3;11.19;5.42;3.44;0.6;1.81;5.62;117.2;87;15.3;3.6;11.2;0.89;0.34;0.13;0.18
-2;50;50;100;50;19.61;4.55;13.36;1.52;1.55;0.136;55.5;11.34;5.53;3.47;0.63;1.94;6.56;150.8;110.2;23.6;3.9;13.1;0.65;0.61;0.12;0.17;2.28;2.27;0.144;44.5;15.82;7.85;4.7;0.81;2.62;6.8;121;86.9;15.3;5.2;13.6;1.31;0.54;0.17;0.26
-2;50;50;100;100;19.66;5.27;14.93;1.75;1.7;0.145;53.6;11.74;5.88;3.48;0.62;1.98;7.3;151.8;111.1;22.1;4;14.6;0.65;0.74;0.14;0.18;2.83;2.84;0.149;46.4;19.02;9.57;5.66;0.95;3.29;7.63;131.4;86.2;23.4;6.6;15.3;1.53;0.79;0.22;0.31
-2;50;100;0;0;15.59;3.25;9.34;1.61;1.52;0.129;43.1;11.78;5.75;3.53;0.61;2.04;4.56;144.9;116.5;15.2;4.1;9.1;0.87;0.34;0.14;0.18;1.05;1.06;0.145;56.9;7.27;3.58;2.21;0.35;1.22;4.78;191.4;164;15.3;2.4;9.6;0.36;0.51;0.08;0.12
-2;50;100;0;50;15.11;3.43;10.16;1.71;1.67;0.136;42.7;12.27;5.99;3.73;0.67;2.06;5;146.4;119;13.3;4.1;10;0.91;0.43;0.14;0.19;1.29;1.34;0.157;57.3;8.49;4.2;2.52;0.46;1.37;5.16;196.4;160.2;23.1;2.7;10.3;0.36;0.74;0.1;0.14
-2;50;100;0;100;14.96;3.71;10.68;1.82;1.76;0.143;43.3;12.28;6.13;3.66;0.62;2.08;5.3;148.1;121.7;11.7;4.2;10.6;0.92;0.51;0.14;0.19;1.69;1.73;0.175;56.7;9.86;5.07;2.84;0.51;1.62;5.38;193.8;156.2;23.6;3.2;10.8;0.37;1.1;0.11;0.15
-2;50;100;50;0;17.34;3.89;11.09;1.7;1.73;0.132;48.6;13.05;6.4;3.92;0.66;2.31;5.48;148.1;112.4;20.1;4.6;11;0.86;0.51;0.16;0.2;1.48;1.41;0.146;51.4;9.65;4.91;2.77;0.52;1.58;5.61;156.5;127.6;14.5;3.2;11.2;0.67;0.49;0.11;0.15
-2;50;100;50;50;17.28;4.37;12.64;1.81;1.84;0.138;47.5;13.27;6.46;3.95;0.71;2.25;6.25;149.2;113.7;18.5;4.5;12.5;0.87;0.61;0.15;0.2;1.97;1.95;0.153;52.5;12.69;6.33;3.84;0.59;2.12;6.39;165.2;126.2;22;4.2;12.8;0.89;0.71;0.15;0.2
-2;50;100;50;100;17.17;4.89;14.08;2.01;2.01;0.15;47.3;13.32;6.71;3.91;0.68;2.29;6.87;149.8;114.8;16.6;4.6;13.7;0.88;0.78;0.16;0.2;2.5;2.58;0.163;52.7;15.78;7.99;4.66;0.82;2.61;7.21;166.7;124.9;22.2;5.2;14.4;1.12;1.03;0.19;0.25
-2;50;100;100;0;19.41;4.46;12.78;1.86;1.88;0.132;56.1;14.14;6.92;4.36;0.71;2.43;6.36;151.8;108.8;25.4;4.9;12.7;0.84;0.66;0.16;0.22;1.62;1.71;0.146;43.9;11.7;5.73;3.52;0.6;2.03;6.42;118.9;87.9;14.1;4.1;12.8;0.92;0.48;0.14;0.18
-2;50;100;100;50;19.61;5.22;14.95;2.15;2.07;0.14;54;14.7;7.26;4.38;0.79;2.49;7.36;152.5;108.6;24.2;5;14.7;0.84;0.84;0.17;0.23;2.34;2.45;0.152;46;16.14;8.05;4.79;0.81;2.73;7.58;130;88.1;21.2;5.5;15.2;1.3;0.7;0.19;0.26
-2;50;100;100;100;19.51;5.54;16.33;2.28;2.29;0.155;53.8;14.72;7.34;4.41;0.7;2.44;8.07;153.3;110.1;22.2;4.9;16.1;0.84;1.06;0.17;0.22;3.03;3.11;0.16;46.2;19.4;9.67;5.75;0.98;3.1;8.26;131.4;86.9;21.7;6.2;16.5;1.56;1.02;0.23;0.31
-2;100;0;0;0;17.82;2.7;7.91;1.07;1.07;0.124;34;8.57;4.17;2.61;0.45;1.5;3.86;99.4;78.7;10;3;7.7;0.67;0.17;0.1;0.13;0.86;0.91;0.126;66;7.17;3.4;2.28;0.37;1.2;4.05;192.8;161.4;20.9;2.4;8.1;0.34;0.36;0.09;0.12
-2;100;0;0;50;17.45;3.08;8.79;1.15;1.12;0.127;34.8;8.81;4.36;2.64;0.45;1.5;4.38;101.2;80.9;8.5;3;8.8;0.7;0.18;0.1;0.14;1.1;1.16;0.129;65.2;8.91;4.27;2.78;0.47;1.58;4.4;189.4;156.3;21.2;3.2;8.8;0.35;0.55;0.11;0.14
-2;100;0;0;100;17.85;3.39;9.82;1.2;1.19;0.13;34.5;9.06;4.34;2.84;0.47;1.52;4.82;103.7;83.5;7.5;3;9.6;0.72;0.23;0.1;0.14;1.56;1.54;0.14;65.5;10.94;5.39;3.28;0.57;1.87;5;197.3;150.4;33.1;3.7;10;0.35;0.88;0.14;0.17
-2;100;0;50;0;19.36;3.33;9.3;1.12;1.16;0.124;39.5;9.28;4.44;2.86;0.5;1.62;4.57;102.3;76.9;13.1;3.2;9.1;0.68;0.22;0.11;0.15;1.18;1.26;0.132;60.5;9.55;4.7;2.88;0.49;1.71;4.73;156.8;124.1;19.9;3.4;9.5;0.65;0.34;0.12;0.16
-2;100;0;50;50;19.49;3.72;10.94;1.18;1.19;0.126;39.7;9.39;4.53;2.92;0.47;1.59;5.33;103.9;78.3;11.7;3.2;10.7;0.68;0.26;0.11;0.14;1.73;1.71;0.135;60.3;12.67;6.12;3.82;0.69;2.13;5.61;157.7;121.6;20.6;4.3;11.2;0.84;0.52;0.14;0.21
-2;100;0;50;100;19.64;4.43;12.79;1.34;1.32;0.134;38.8;9.77;4.92;2.89;0.51;1.69;6.33;106.7;80.1;10.6;3.4;12.7;0.7;0.35;0.11;0.15;2.27;2.34;0.143;61.2;16.38;7.97;4.95;0.86;2.73;6.46;168.7;118.6;31.7;5.5;12.9;1.06;0.82;0.2;0.27
-2;100;0;100;0;21.27;3.61;10.38;1.23;1.2;0.123;47.1;9.74;4.72;3;0.47;1.67;5.11;105.5;75.6;16.4;3.3;10.2;0.66;0.28;0.11;0.15;1.47;1.51;0.134;52.9;11.24;5.47;3.46;0.59;1.94;5.27;118.5;84.3;19.8;3.9;10.5;0.85;0.34;0.14;0.18
-2;100;0;100;50;21.19;4.42;12.97;1.35;1.29;0.125;46.5;10.19;4.97;3.09;0.52;1.75;6.32;106.7;75.5;15.1;3.5;12.6;0.66;0.35;0.12;0.16;2.27;2.22;0.138;53.5;16.06;7.91;4.89;0.86;2.67;6.65;122.7;84.4;19.6;5.3;13.3;1.27;0.5;0.19;0.25
-2;100;0;100;100;21.5;5.13;14.91;1.5;1.47;0.135;45;10.77;5.29;3.25;0.56;1.84;7.47;109.9;77.4;13.9;3.7;14.9;0.67;0.5;0.13;0.17;2.81;2.83;0.143;55;19.72;9.72;5.93;1.07;3.3;7.43;134.1;82.3;30.4;6.6;14.9;1.48;0.8;0.23;0.31
-2;100;50;0;0;17.89;3.43;10.09;1.49;1.58;0.127;35.2;12.37;5.96;3.82;0.64;2.11;5.01;103.9;80;9.6;4.2;10;1.02;0.23;0.14;0.19;1;1.01;0.13;64.8;7.74;3.72;2.38;0.39;1.31;5.08;191.2;158.5;19.9;2.6;10.2;0.34;0.45;0.1;0.12
-2;100;50;0;50;17.69;3.79;10.98;1.6;1.68;0.131;34.7;12.79;6.12;4.01;0.65;2.19;5.41;105.5;81.9;8.4;4.4;10.8;1.04;0.29;0.15;0.21;1.45;1.41;0.146;65.3;9.64;4.86;2.87;0.47;1.6;5.58;199;154.1;30.6;3.2;11.2;0.36;0.78;0.12;0.16
-2;100;50;0;100;17.57;4.06;11.85;1.71;1.75;0.134;35.4;13.01;6.36;3.96;0.67;2.24;5.78;107.4;83.9;7.4;4.5;11.6;1.07;0.33;0.15;0.2;1.72;1.7;0.152;64.6;11.14;5.56;3.32;0.58;1.82;6.07;196.4;149.4;31.2;3.6;12.1;0.35;1.04;0.12;0.18
-2;100;50;50;0;19.63;4.02;11.4;1.62;1.64;0.127;40.4;12.89;6.31;3.92;0.65;2.33;5.58;106.4;77.8;12.8;4.7;11.2;0.97;0.32;0.15;0.2;1.44;1.38;0.134;59.6;10.25;5.06;3.05;0.56;1.69;5.83;157.2;122.5;19.7;3.4;11.7;0.64;0.45;0.12;0.17
-2;100;50;50;50;19.77;4.57;13.14;1.79;1.76;0.131;39.4;13.36;6.54;4.03;0.76;2.35;6.42;108.7;79.4;11.8;4.7;12.8;1;0.4;0.16;0.2;1.98;1.97;0.146;60.6;13.41;6.69;3.97;0.73;2.21;6.72;167.6;119.8;29.9;4.4;13.4;0.83;0.77;0.16;0.22
-2;100;50;50;100;19.77;5.2;14.86;1.83;1.9;0.138;40.9;13.71;6.67;4.18;0.69;2.33;7.36;116;81;15.6;4.7;14.7;1.03;0.51;0.17;0.2;2.53;2.53;0.15;59.1;16.79;8.45;5.03;0.84;2.87;7.5;167.9;117;30.1;5.7;15;1.03;1.04;0.2;0.26
-2;100;50;100;0;21.56;4.46;12.81;1.73;1.77;0.126;47.5;13.94;6.77;4.28;0.72;2.44;6.31;109.2;75.4;16.3;4.9;12.6;0.96;0.43;0.16;0.22;1.63;1.64;0.137;52.5;11.96;5.81;3.66;0.65;2.02;6.51;120.5;84.5;19;4;13;0.86;0.43;0.15;0.19
-2;100;50;100;50;21.63;5.25;15.16;2.01;1.94;0.135;47.1;14.31;7.13;4.36;0.72;2.46;7.43;118.7;76;23;4.9;14.9;0.96;0.59;0.17;0.22;2.38;2.45;0.146;52.9;16.67;8.15;5.13;0.8;2.79;7.73;133.3;83.8;28.4;5.6;15.5;1.25;0.73;0.2;0.27
-2;100;50;100;100;21.53;5.82;16.9;2.12;2.08;0.141;47.1;14.75;7.34;4.42;0.78;2.52;8.34;119.9;77.3;20.9;5;16.7;0.99;0.7;0.17;0.23;3.04;3;0.149;52.9;20;9.99;5.97;1.02;3.3;8.56;134.6;82.3;28.6;6.6;17.1;1.47;0.97;0.23;0.32
-2;100;100;0;0;17.89;4.07;11.61;1.95;1.94;0.129;36.8;14.97;7.17;4.69;0.77;2.61;5.66;111.5;80.3;14.6;5.2;11.3;1.21;0.33;0.17;0.22;1.25;1.25;0.146;63.2;8.5;4.3;2.47;0.47;1.46;5.96;191.4;157.6;18.9;2.9;11.9;0.34;0.67;0.1;0.14
-2;100;100;0;50;17.56;4.44;12.38;2.05;2.07;0.134;36.4;15.39;7.57;4.66;0.79;2.73;6.09;112.8;82.8;12.4;5.5;12.2;1.26;0.39;0.18;0.23;1.58;1.61;0.158;63.6;10.14;5.03;2.98;0.49;1.71;6.29;197.1;151.9;29.2;3.4;12.6;0.35;0.99;0.12;0.16
-2;100;100;0;100;17.76;4.61;13.24;2.12;2.17;0.139;37.2;15.6;7.52;4.77;0.77;2.65;6.46;114.4;85.5;10.7;5.3;12.9;1.29;0.46;0.18;0.23;2.05;2.14;0.179;62.8;11.98;6.15;3.47;0.57;1.96;6.78;193.8;145.9;30.4;3.9;13.6;0.34;1.48;0.13;0.19
-2;100;100;50;0;19.41;4.49;13.24;2.16;2.11;0.131;42;16.03;7.88;4.79;0.88;2.7;6.38;114.9;77.4;19.4;5.4;12.8;1.2;0.49;0.18;0.25;1.54;1.57;0.146;58;10.71;5.23;3.25;0.55;1.79;6.87;158.6;123.2;18.1;3.6;13.7;0.64;0.63;0.12;0.18
-2;100;100;50;50;19.57;5.09;14.53;2.24;2.2;0.136;41;16.17;7.93;4.85;0.85;2.71;7.19;116.3;79.1;17.4;5.4;14.4;1.2;0.58;0.18;0.24;2.14;2.16;0.155;59;13.91;6.97;4.19;0.7;2.39;7.35;167.8;120.3;28;4.8;14.7;0.83;0.94;0.18;0.21
-2;100;100;50;100;19.65;5.69;16.13;2.46;2.42;0.145;41.4;16.57;8.33;4.94;0.8;2.81;7.94;118.4;81;15.9;5.6;15.9;1.22;0.75;0.19;0.26;2.78;2.9;0.167;58.6;17.28;8.73;4.96;0.84;2.88;8.19;167.9;117;28.7;5.8;16.4;1.03;1.4;0.19;0.28
-2;100;100;100;0;21.32;5.03;14.41;2.38;2.26;0.132;49.6;17.09;8.42;5.09;0.93;2.88;7.13;119.4;75.1;24.2;5.8;14.3;1.16;0.64;0.2;0.27;1.78;1.83;0.146;50.4;12.46;6.14;3.76;0.6;2.14;7.28;121.3;84.9;17.6;4.3;14.6;0.86;0.62;0.15;0.2
-2;100;100;100;50;21.38;5.83;16.99;2.34;2.38;0.138;47.3;17.25;8.34;5.37;0.93;2.89;8.23;120.4;75.6;22.5;5.8;16.5;1.16;0.77;0.19;0.26;2.58;2.66;0.153;52.7;17.34;8.72;5.21;0.81;2.94;8.76;134.2;84.3;26.4;5.9;17.5;1.28;0.89;0.21;0.27
-2;100;100;100;100;21.8;6.4;18.52;2.61;2.68;0.15;47.3;17.77;8.86;5.3;0.88;3.04;9.03;122.2;76.6;21.5;6.1;18.1;1.16;1.05;0.2;0.26;3.22;3.34;0.163;52.7;20.43;10.26;6.07;1.01;3.36;9.49;136.1;83.2;27.2;6.7;19;1.47;1.31;0.23;0.33
-1;0;0;0;0;13.46;1.81;5.32;0.64;0.63;0.12;48.4;5.09;2.51;1.55;0.26;0.87;2.6;173.2;155.2;11;1.7;5.2;0.29;0.19;0.06;0.08;0.68;0.72;0.128;51.6;5.49;2.6;1.73;0.29;0.94;2.71;184.8;164.8;12.7;1.9;5.4;0.36;0.21;0.06;0.08
-1;0;0;0;50;13.21;2.02;5.92;0.68;0.67;0.123;48.7;5.32;2.56;1.62;0.28;0.93;3;174.6;156.8;10;1.9;6;0.3;0.23;0.06;0.08;0.86;0.86;0.132;51.3;6.43;3.15;2.01;0.32;1.09;2.92;183.9;163;12.9;2.2;5.8;0.38;0.3;0.07;0.1
-1;0;0;0;100;12.95;2.25;6.4;0.67;0.72;0.131;48.5;5.41;2.64;1.66;0.25;1;3.18;177.2;160;8.9;2;6.4;0.31;0.27;0.06;0.08;1;1.02;0.136;51.5;7.45;3.66;2.29;0.37;1.25;3.21;188.4;159.7;19.8;2.5;6.4;0.37;0.44;0.09;0.12
-1;0;0;50;0;15.6;2.37;6.86;0.67;0.69;0.119;54.2;5.75;2.79;1.74;0.32;0.99;3.42;175.5;152.1;14.6;2;6.8;0.28;0.25;0.07;0.09;1.09;1.09;0.136;45.8;8.01;3.94;2.45;0.42;1.39;3.44;148.1;126;12.5;2.8;6.9;0.65;0.21;0.1;0.13
-1;0;0;50;50;15.59;2.84;8.06;0.75;0.74;0.123;54;5.92;2.85;1.83;0.33;1.01;3.96;176.3;152.8;13.6;2;7.9;0.29;0.29;0.07;0.09;1.44;1.45;0.139;46;10.46;5.15;3.2;0.49;1.83;4.1;150;125.4;12.7;3.7;8.2;0.86;0.3;0.13;0.17
-1;0;0;50;100;15.51;3.31;9.66;0.81;0.87;0.137;52.8;6.3;3.08;1.88;0.31;1.1;4.79;177.3;152.9;12.6;2.2;9.6;0.29;0.42;0.07;0.1;1.92;1.91;0.141;47.2;13.48;6.57;4.12;0.71;2.21;4.87;158.5;125.3;19;4.4;9.7;1.11;0.42;0.16;0.22
-1;0;0;100;0;17.51;2.75;7.97;0.76;0.77;0.119;62;6.37;3.13;1.92;0.34;1.08;3.98;177.8;149.7;18;2.2;8;0.28;0.31;0.08;0.1;1.3;1.34;0.138;38;9.73;4.75;2.97;0.5;1.67;3.99;109.1;85.3;12.5;3.3;8;0.86;0.21;0.12;0.16
-1;0;0;100;50;17.65;3.6;10.29;0.82;0.88;0.124;60.9;7.09;3.44;2.19;0.36;1.26;5.14;177.4;147.7;16.9;2.5;10.3;0.28;0.4;0.09;0.11;1.92;1.94;0.14;39.1;13.78;6.78;4.1;0.71;2.35;5.14;113.6;86.4;12.2;4.7;10.3;1.27;0.29;0.15;0.22
-1;0;0;100;100;17.76;4.11;12.08;1.03;1.05;0.139;59;7.49;3.68;2.29;0.36;1.29;5.95;177.2;146.7;16.1;2.6;11.9;0.27;0.58;0.08;0.11;2.43;2.43;0.142;41;17.07;8.41;5.17;0.88;2.82;6.13;123.2;86.9;18.4;5.6;12.3;1.55;0.42;0.19;0.27
-1;0;50;0;0;13.13;1.97;5.62;0.74;0.73;0.124;48.4;5.8;2.81;1.79;0.28;1.04;2.79;173.2;154.4;11.2;2.1;5.6;0.3;0.26;0.07;0.09;0.77;0.76;0.133;51.6;5.63;2.72;1.75;0.28;0.94;2.83;184.9;165.6;11.8;1.9;5.7;0.36;0.25;0.06;0.09
-1;0;50;0;50;12.71;2.13;6.29;0.74;0.8;0.132;48.7;5.95;2.88;1.84;0.31;1.04;3.15;174.7;156.4;10;2.1;6.3;0.31;0.33;0.07;0.09;0.98;0.94;0.141;51.3;6.66;3.29;2.02;0.34;1.1;3.15;183.8;163.5;11.8;2.2;6.3;0.38;0.38;0.07;0.11
-1;0;50;0;100;12.57;2.32;6.75;0.95;0.9;0.141;48.3;6.33;3.14;1.87;0.33;1.02;3.33;176.1;158.3;9.1;2;6.7;0.32;0.41;0.07;0.1;1.21;1.17;0.151;51.7;7.74;3.89;2.28;0.4;1.3;3.41;188.8;161.5;17.9;2.6;6.8;0.38;0.58;0.09;0.12
-1;0;50;50;0;15.08;2.5;7.22;0.81;0.83;0.123;53.9;6.6;3.23;2.02;0.3;1.18;3.64;174.1;150.1;14.3;2.4;7.3;0.29;0.35;0.08;0.1;1.14;1.12;0.138;46.1;8.06;3.94;2.49;0.39;1.33;3.58;148.8;127.5;11.4;2.7;7.2;0.66;0.24;0.09;0.12
-1;0;50;50;50;15.13;3.07;8.54;0.91;0.95;0.134;53.6;7.03;3.45;2.06;0.34;1.25;4.26;174.6;150;13.6;2.5;8.5;0.28;0.47;0.08;0.11;1.61;1.56;0.144;46.4;10.81;5.35;3.28;0.55;1.82;4.28;151.2;127.7;11.3;3.6;8.6;0.88;0.38;0.13;0.17
-1;0;50;50;100;15;3.5;10.15;1.1;1.12;0.149;53.4;7.44;3.68;2.23;0.39;1.23;5.08;182.2;150.8;18.8;2.5;10.2;0.3;0.62;0.09;0.11;2.11;2.04;0.149;46.6;13.69;6.82;4.05;0.7;2.27;5.07;158.7;127;17;4.5;10.1;1.12;0.54;0.16;0.21
-1;0;50;100;0;17.45;3.06;8.84;0.93;0.95;0.123;61.4;7.66;3.7;2.38;0.39;1.35;4.37;176;146.2;18.4;2.7;8.7;0.27;0.47;0.09;0.12;1.35;1.42;0.139;38.6;10.14;4.98;3.04;0.51;1.71;4.48;110.8;87.2;11.2;3.4;9;0.89;0.25;0.12;0.16
-1;0;50;100;50;17.58;3.86;11.14;1.22;1.18;0.14;61.3;8.37;4.15;2.53;0.42;1.43;5.44;183.5;143.6;26.2;2.9;10.9;0.28;0.68;0.09;0.12;2.03;2.1;0.144;38.7;14.49;7.2;4.31;0.78;2.43;5.7;115.8;88.6;10.9;4.9;11.4;1.32;0.37;0.17;0.24
-1;0;50;100;100;17.4;4.42;12.59;1.3;1.32;0.152;59.8;8.65;4.31;2.65;0.41;1.53;6.22;183.6;143.5;24.6;3.1;12.4;0.27;0.83;0.1;0.13;2.47;2.56;0.148;40.2;17.23;8.54;5.16;0.9;2.89;6.37;123.5;88.6;16.3;5.8;12.7;1.57;0.51;0.21;0.28
-1;0;100;0;0;12.91;2.23;6.33;0.89;0.89;0.128;48.9;6.85;3.34;2.06;0.36;1.21;3.2;178.5;152.6;17.1;2.4;6.4;0.31;0.39;0.08;0.11;0.85;0.86;0.141;51.1;6.07;2.98;1.86;0.31;1.02;3.13;186.4;167.6;10.6;2;6.3;0.37;0.32;0.07;0.1
-1;0;100;0;50;12.39;2.36;6.7;1.05;0.99;0.143;49.3;6.92;3.49;2.05;0.37;1.19;3.41;179.5;155.2;15.1;2.4;6.8;0.32;0.48;0.08;0.11;1.09;1.05;0.15;50.7;6.93;3.47;2.02;0.37;1.18;3.29;184.5;164.8;10.8;2.4;6.6;0.38;0.48;0.08;0.1
-1;0;100;0;100;12.05;2.45;7.12;1.08;1.11;0.156;48.8;7.02;3.5;2.09;0.33;1.13;3.56;180.2;157.2;13.6;2.3;7.1;0.32;0.59;0.08;0.11;1.36;1.32;0.166;51.2;7.9;4.03;2.33;0.4;1.32;3.56;188.9;162.6;16.5;2.6;7.1;0.38;0.72;0.09;0.12
-1;0;100;50;0;15.05;2.79;8.03;1.06;1.09;0.134;54.3;8.07;3.9;2.44;0.42;1.4;3.92;179.9;146.5;22.7;2.8;7.8;0.3;0.57;0.09;0.12;1.19;1.18;0.143;45.7;8.24;4.11;2.44;0.44;1.39;4.11;151.5;130.5;10.1;2.8;8.2;0.66;0.3;0.09;0.13
-1;0;100;50;50;15.02;3.37;9.46;1.16;1.21;0.145;54.1;8.32;4.14;2.49;0.43;1.47;4.67;180.9;147.7;20.9;2.9;9.3;0.3;0.69;0.1;0.13;1.68;1.69;0.149;45.9;11.29;5.61;3.39;0.57;1.9;4.79;153.2;129.5;10.3;3.8;9.6;0.91;0.46;0.13;0.18
-1;0;100;50;100;14.53;3.65;10.45;1.43;1.42;0.167;53;8.43;4.28;2.42;0.42;1.39;5.11;180;147.9;19.2;2.8;10.2;0.3;0.89;0.09;0.13;2.18;2.18;0.157;47;13.9;6.92;4.12;0.66;2.26;5.34;159.9;129.4;15.3;4.5;10.7;1.14;0.66;0.17;0.22
-1;0;100;100;0;17.05;3.3;9.52;1.28;1.25;0.134;61.8;9.25;4.55;2.73;0.55;1.57;4.71;182;141.6;27.8;3.1;9.4;0.28;0.73;0.1;0.14;1.53;1.51;0.144;38.2;10.44;5.16;3.07;0.55;1.73;4.81;112.4;89.6;9.7;3.5;9.6;0.93;0.29;0.12;0.16
-1;0;100;100;50;17.32;4.12;11.9;1.47;1.45;0.147;60.8;9.82;4.94;2.88;0.48;1.63;5.9;181.9;140.1;26.7;3.3;11.8;0.28;0.91;0.11;0.15;2.15;2.17;0.148;39.2;14.64;7.33;4.39;0.77;2.48;6.01;117.2;90.4;9.8;5;12;1.35;0.42;0.17;0.24
-1;0;100;100;100;17.03;4.58;13.18;1.7;1.74;0.172;59.3;10.12;5.12;2.97;0.5;1.64;6.57;181;139.8;24.7;3.3;13.1;0.29;1.19;0.11;0.15;2.68;2.71;0.154;40.7;17.56;8.82;5.16;0.89;2.94;6.61;123.9;90.6;14.2;5.9;13.2;1.62;0.61;0.21;0.27
-1;50;0;0;0;15.56;2.35;6.74;0.91;0.91;0.123;42.9;7.32;3.51;2.28;0.39;1.25;3.35;139.5;119.5;10.8;2.5;6.7;0.53;0.18;0.08;0.12;0.75;0.81;0.128;57.1;6.28;3.05;1.88;0.35;1.1;3.39;185.8;160.6;16.3;2.2;6.8;0.35;0.28;0.08;0.1
-1;50;0;0;50;15.36;2.55;7.42;0.98;0.96;0.126;43.4;7.52;3.66;2.35;0.4;1.28;3.67;141.2;121.7;9.6;2.6;7.3;0.54;0.2;0.09;0.12;1;0.99;0.131;56.6;7.51;3.64;2.24;0.41;1.26;3.75;184.1;157.4;16.7;2.5;7.5;0.36;0.42;0.09;0.12
-1;50;0;0;100;15.05;2.81;8.11;1.02;1.01;0.131;42.9;7.63;3.73;2.3;0.41;1.33;4.05;143.1;124;8.3;2.7;8.1;0.55;0.26;0.09;0.11;1.24;1.25;0.14;57.1;8.86;4.33;2.69;0.43;1.48;4.07;190.5;154.1;25.3;3;8.1;0.37;0.64;0.1;0.13
-1;50;0;50;0;17.55;2.91;8.12;0.95;0.97;0.123;48.7;7.86;3.72;2.46;0.43;1.35;4.13;142.2;117.2;14;2.7;8.3;0.51;0.24;0.1;0.13;1.18;1.14;0.133;51.3;8.55;4.25;2.57;0.45;1.56;3.99;150;122.7;16.2;3.1;8;0.63;0.28;0.1;0.13
-1;50;0;50;50;17.44;3.25;9.73;1.07;1.02;0.125;48.5;8.1;3.83;2.54;0.44;1.31;4.87;143.1;117.8;13;2.6;9.7;0.51;0.29;0.09;0.13;1.54;1.57;0.137;51.5;11.48;5.61;3.55;0.59;1.94;4.87;151.8;122.1;16.1;3.9;9.7;0.85;0.4;0.14;0.18
-1;50;0;50;100;17.41;3.89;11.18;1.13;1.17;0.136;47.4;8.56;4.2;2.64;0.42;1.48;5.54;145;119.1;11.9;3;11.1;0.53;0.4;0.1;0.13;2.05;2.06;0.143;52.6;14.37;7.11;4.22;0.77;2.42;5.64;161.1;120.7;24.3;4.8;11.3;1.06;0.61;0.16;0.22
-1;50;0;100;0;19.31;3.25;9.21;1.07;1.04;0.122;56.2;8.5;4.18;2.56;0.41;1.52;4.54;144.1;114.4;17.6;3;9.1;0.51;0.3;0.1;0.13;1.41;1.39;0.136;43.8;10.2;4.93;3.06;0.57;1.72;4.67;112.2;83.9;15.5;3.4;9.3;0.85;0.26;0.12;0.16
-1;50;0;100;50;19.61;4.03;11.71;1.12;1.15;0.125;55.6;9.12;4.37;2.85;0.46;1.53;5.87;145.8;114.3;16.7;3.1;11.7;0.51;0.38;0.11;0.15;2.06;2.03;0.139;44.4;14.6;7.16;4.45;0.74;2.5;5.84;116.2;84;15.5;5;11.7;1.24;0.39;0.17;0.23
-1;50;0;100;100;19.36;4.66;13.32;1.32;1.3;0.137;53.7;9.43;4.69;2.86;0.47;1.62;6.55;146.5;115;15.1;3.2;13.1;0.51;0.52;0.12;0.15;2.57;2.59;0.144;46.3;17.96;8.88;5.38;0.92;3.04;6.77;126.3;83.5;23.2;6.1;13.5;1.5;0.59;0.21;0.28
-1;50;50;0;0;15.21;2.78;8.18;1.28;1.26;0.126;43.5;9.88;4.75;3.09;0.54;1.65;4.11;142.2;120;10.7;3.3;8.2;0.73;0.25;0.11;0.16;0.91;0.87;0.131;56.5;6.57;3.22;1.98;0.33;1.13;4.07;185.1;159.9;14.9;2.3;8.1;0.35;0.33;0.08;0.11
-1;50;50;0;50;15.29;3.07;8.82;1.33;1.33;0.131;43.8;10.07;4.93;3.06;0.53;1.75;4.35;143.6;121.7;9.7;3.5;8.7;0.73;0.32;0.12;0.16;1.13;1.12;0.141;56.2;7.91;3.97;2.36;0.42;1.32;4.48;184.5;157.4;15.5;2.6;9;0.36;0.54;0.09;0.12
-1;50;50;0;100;15.04;3.31;9.4;1.4;1.4;0.136;43.4;10.24;4.98;3.09;0.53;1.75;4.69;145.8;124.6;8.3;3.5;9.4;0.75;0.37;0.12;0.16;1.42;1.4;0.151;56.6;9.22;4.61;2.73;0.46;1.57;4.71;189.9;153.3;24.1;3.1;9.4;0.36;0.8;0.11;0.14
-1;50;50;50;0;17.37;3.33;9.58;1.34;1.33;0.126;48.8;10.51;5.15;3.14;0.56;1.84;4.73;143.8;116.6;14;3.7;9.5;0.7;0.35;0.12;0.16;1.18;1.21;0.136;51.2;8.86;4.33;2.64;0.46;1.5;4.85;150.9;123.4;14.9;3;9.7;0.63;0.33;0.1;0.14
-1;50;50;50;50;17.34;3.77;11.28;1.48;1.46;0.132;48.7;11.01;5.43;3.28;0.58;1.89;5.56;145.1;117.2;13;3.8;11.1;0.71;0.45;0.13;0.17;1.67;1.69;0.143;51.3;11.82;5.69;3.64;0.61;1.89;5.71;152.8;122.7;14.8;3.8;11.4;0.85;0.52;0.13;0.19
-1;50;50;50;100;17.25;4.37;12.57;1.64;1.61;0.142;48.6;11.31;5.62;3.37;0.57;1.96;6.22;152.8;118.2;18.1;3.9;12.4;0.71;0.59;0.14;0.18;2.27;2.23;0.149;51.4;14.91;7.42;4.41;0.77;2.41;6.34;161.6;121.6;22.4;4.8;12.7;1.09;0.74;0.17;0.24
-1;50;50;100;0;19.33;3.85;10.98;1.45;1.45;0.125;56.1;11.52;5.56;3.58;0.61;2.02;5.39;145.6;113.2;17.6;4;10.8;0.68;0.45;0.14;0.18;1.52;1.48;0.138;43.9;10.69;5.33;3.13;0.54;1.83;5.59;113.9;84.7;14.3;3.7;11.2;0.86;0.33;0.13;0.17
-1;50;50;100;50;19.76;4.7;13.29;1.66;1.67;0.137;56.9;12.1;5.95;3.71;0.65;2.13;6.54;155.9;113.2;25.4;4.3;13.1;0.68;0.65;0.16;0.18;2.16;2.18;0.144;43.1;15.14;7.43;4.57;0.8;2.56;6.75;118;84.8;14.6;5.1;13.5;1.25;0.5;0.18;0.25
-1;50;50;100;100;19.42;5.09;14.84;1.85;1.78;0.145;54.9;12.24;6.2;3.6;0.64;2.04;7.3;155.2;113.3;23.1;4.1;14.6;0.67;0.79;0.14;0.18;2.74;2.75;0.149;45.1;18.41;9.18;5.55;0.91;3.05;7.54;127.5;84.6;21.7;6.1;15.1;1.52;0.71;0.22;0.29
-1;50;100;0;0;15.52;3.35;9.53;1.72;1.64;0.129;44.4;12.64;6.26;3.76;0.66;2.2;4.66;149.5;119.3;16.5;4.4;9.3;0.92;0.37;0.15;0.19;0.98;1;0.146;55.6;6.8;3.35;2.06;0.36;1.15;4.88;187;160.8;14.1;2.3;9.8;0.34;0.47;0.07;0.11
-1;50;100;0;50;15.09;3.47;10.15;1.76;1.74;0.136;44.1;12.72;6.26;3.88;0.7;2.13;5.1;151.1;122.1;14.5;4.3;10.2;0.93;0.46;0.15;0.21;1.23;1.27;0.157;55.9;8.07;4.09;2.35;0.39;1.34;5.06;191.2;156.8;21.7;2.7;10.1;0.34;0.7;0.1;0.13
-1;50;100;0;100;14.93;3.77;10.72;1.92;1.87;0.143;44.5;12.98;6.55;3.84;0.62;2.2;5.33;152.3;124.4;12.8;4.4;10.7;0.95;0.56;0.16;0.2;1.6;1.64;0.175;55.5;9.38;4.8;2.71;0.47;1.56;5.39;189.6;153.5;22.2;3.1;10.8;0.36;1.04;0.11;0.14
-1;50;100;50;0;17.27;3.92;11.12;1.77;1.77;0.132;50;13.36;6.53;4.03;0.74;2.28;5.58;152.4;115.7;21;4.6;11.2;0.87;0.53;0.15;0.21;1.32;1.38;0.146;50;9.38;4.61;2.87;0.46;1.64;5.54;152.5;124.3;13.9;3.3;11.1;0.65;0.47;0.12;0.14
-1;50;100;50;50;17.15;4.36;12.62;1.97;1.92;0.138;48.9;13.81;6.79;4.09;0.73;2.37;6.3;153.6;116.8;19.5;4.7;12.6;0.9;0.65;0.16;0.21;1.81;1.86;0.153;51.1;12.13;5.96;3.68;0.66;1.99;6.31;160.6;123.2;20.8;4;12.6;0.85;0.68;0.14;0.19
-1;50;100;50;100;17.26;4.86;13.88;2.09;2.12;0.151;48.7;13.96;7.02;4.1;0.7;2.31;6.83;154.3;117.8;18.2;4.6;13.7;0.9;0.85;0.16;0.21;2.47;2.48;0.163;51.3;15.15;7.69;4.43;0.75;2.55;7.05;162.4;122.1;21.1;5.1;14.1;1.08;0.99;0.18;0.24
-1;50;100;100;0;19.28;4.42;12.63;1.93;1.95;0.133;57.3;14.67;7.19;4.42;0.76;2.55;6.19;155.6;111.4;26.7;5.1;12.4;0.86;0.69;0.18;0.22;1.62;1.62;0.146;42.7;11.07;5.47;3.33;0.57;1.87;6.44;115.8;86;13.2;3.7;12.9;0.88;0.44;0.13;0.17
-1;50;100;100;50;19.48;5.13;14.81;2.12;2.1;0.14;55.3;14.91;7.36;4.5;0.76;2.52;7.34;156.1;111.1;25.3;5;14.7;0.84;0.87;0.17;0.23;2.32;2.35;0.152;44.7;15.48;7.75;4.64;0.81;2.6;7.46;126.3;86.2;19.9;5.2;14.9;1.28;0.65;0.18;0.24
-1;50;100;100;100;19.58;5.81;16.27;2.47;2.42;0.157;54.7;15.39;7.9;4.5;0.71;2.65;8.02;156.2;111.1;23.8;5.3;16;0.85;1.15;0.19;0.23;2.94;2.97;0.159;45.3;18.63;9.44;5.45;0.93;3.16;8.25;129.1;86.2;20;6.3;16.5;1.55;0.92;0.21;0.29
-1;100;0;0;0;17.7;2.79;8.09;1.14;1.12;0.124;35.5;8.91;4.33;2.71;0.48;1.53;4;103;81.4;10.6;3.1;8;0.71;0.17;0.1;0.13;0.91;0.9;0.126;64.5;7.13;3.51;2.15;0.38;1.25;4.09;187.3;156.8;19.9;2.5;8.2;0.35;0.35;0.09;0.11
-1;100;0;0;50;17.47;3.16;8.82;1.2;1.19;0.127;36.1;9.32;4.53;2.85;0.47;1.63;4.42;104.5;83.1;9.4;3.3;8.8;0.72;0.21;0.11;0.14;1.1;1.12;0.129;63.9;8.6;4.21;2.57;0.45;1.54;4.41;185.2;153.1;20.2;3.1;8.8;0.35;0.53;0.11;0.13
-1;100;0;0;100;17.41;3.33;9.72;1.28;1.26;0.131;35.8;9.56;4.67;2.87;0.52;1.61;4.89;107;85.8;8.2;3.2;9.8;0.75;0.24;0.11;0.15;1.49;1.45;0.14;64.2;10.32;5.12;3.1;0.52;1.72;4.83;191.7;147.3;31.2;3.4;9.7;0.34;0.83;0.12;0.16
-1;100;0;50;0;19.46;3.25;9.26;1.15;1.16;0.124;41.1;9.31;4.55;2.89;0.45;1.63;4.63;106;79.7;13.8;3.3;9.3;0.68;0.23;0.11;0.15;1.22;1.23;0.132;58.9;9.29;4.54;2.78;0.55;1.61;4.62;152.2;120.1;19.6;3.2;9.2;0.62;0.34;0.12;0.15
-1;100;0;50;50;19.3;3.78;11.1;1.25;1.28;0.126;41.1;10.09;4.88;3.11;0.5;1.69;5.49;107.4;80.2;12.8;3.4;11;0.71;0.29;0.11;0.16;1.67;1.65;0.135;58.9;12.18;6.02;3.69;0.63;2.09;5.62;153.9;119.3;19.2;4.2;11.2;0.82;0.49;0.15;0.19
-1;100;0;50;100;19.4;4.41;12.73;1.42;1.41;0.135;40;10.4;5.11;3.1;0.55;1.79;6.32;109.5;81.8;11.5;3.6;12.6;0.72;0.39;0.14;0.16;2.16;2.24;0.143;60;15.7;7.6;4.85;0.8;2.62;6.41;164.5;116.8;29.6;5.2;12.8;1.04;0.77;0.19;0.24
-1;100;0;100;0;20.92;3.52;10.38;1.23;1.24;0.123;48.4;10.06;4.74;3.21;0.52;1.67;5.13;108.1;77.6;16.9;3.3;10.3;0.68;0.29;0.11;0.16;1.54;1.47;0.135;51.6;10.89;5.38;3.26;0.55;1.84;5.25;115.3;82.4;18.7;3.7;10.5;0.85;0.32;0.13;0.17
-1;100;0;100;50;21.32;4.48;12.95;1.37;1.35;0.126;48.2;10.68;5.24;3.26;0.56;1.85;6.43;110.7;78.2;16;3.7;12.9;0.69;0.37;0.13;0.17;2.11;2.15;0.138;51.8;15.55;7.57;4.77;0.79;2.63;6.52;118.9;81.7;18.9;5.3;13;1.22;0.49;0.19;0.25
-1;100;0;100;100;21.47;5.13;14.68;1.52;1.5;0.135;46.2;11.07;5.39;3.37;0.59;1.92;7.3;112.4;79.2;14.8;3.8;14.6;0.69;0.53;0.12;0.17;2.66;2.72;0.143;53.8;18.99;9.29;5.69;0.98;3.21;7.38;130.7;80.6;28.9;6.4;14.8;1.45;0.76;0.22;0.3
-1;100;50;0;0;17.76;3.6;10.06;1.66;1.64;0.127;36.7;12.84;6.29;3.84;0.67;2.26;5.05;107.6;82.7;10.3;4.5;10.1;1.05;0.25;0.16;0.19;0.99;1.01;0.13;63.3;7.7;3.77;2.35;0.39;1.34;5.01;185.8;154;19.1;2.7;10;0.34;0.44;0.1;0.13
-1;100;50;0;50;17.62;3.86;11.02;1.72;1.77;0.131;36.3;13.44;6.57;4.08;0.68;2.32;5.64;109.8;84.6;9.2;4.6;11.3;1.09;0.31;0.16;0.21;1.32;1.34;0.146;63.7;9.15;4.57;2.71;0.46;1.54;5.38;192.6;149.8;28.9;3.1;10.8;0.34;0.75;0.11;0.14
-1;100;50;0;100;17.65;4.12;11.95;1.74;1.79;0.134;36.9;13.34;6.45;4.09;0.7;2.3;5.99;111.4;86.8;8;4.6;12;1.09;0.36;0.15;0.2;1.75;1.67;0.152;63.1;10.95;5.54;3.19;0.55;1.82;5.96;190.6;145.1;30;3.6;11.9;0.35;1.03;0.12;0.17
-1;100;50;50;0;19.55;4.08;11.57;1.74;1.74;0.127;42;13.67;6.64;4.17;0.69;2.37;5.81;110.4;80.2;13.8;4.7;11.6;1.03;0.34;0.16;0.22;1.4;1.33;0.134;58;9.9;4.92;2.95;0.51;1.71;5.76;152.6;119.3;18.4;3.4;11.5;0.62;0.43;0.12;0.16
-1;100;50;50;50;19.7;4.67;13.24;1.81;1.83;0.131;40.5;13.92;6.77;4.21;0.76;2.44;6.55;111.6;81.2;12.4;4.9;13.1;1.03;0.43;0.16;0.22;1.85;1.9;0.146;59.5;12.94;6.43;3.9;0.67;2.23;6.69;163.8;117.7;28.2;4.5;13.4;0.81;0.73;0.15;0.2
-1;100;50;50;100;19.64;5.08;14.9;2.02;1.98;0.138;41.9;14.27;7.03;4.3;0.72;2.44;7.27;118.7;82.3;17.1;4.9;14.5;1.05;0.55;0.16;0.22;2.45;2.45;0.15;58.1;16.3;8.03;4.97;0.83;2.64;7.63;164.9;116;28.4;5.3;15.3;1.05;0.96;0.18;0.26
-1;100;50;100;0;21.53;4.43;12.79;1.78;1.81;0.126;48.9;14.32;6.88;4.44;0.75;2.47;6.28;112.4;77.7;17.2;4.9;12.6;0.98;0.44;0.17;0.22;1.6;1.59;0.136;51.1;11.6;5.69;3.5;0.61;1.96;6.51;117.3;82.3;18.1;3.9;13;0.84;0.42;0.14;0.19
-1;100;50;100;50;21.68;5.3;15.2;2.06;2.02;0.135;48.6;14.92;7.39;4.47;0.76;2.62;7.56;122.4;77.8;24.3;5.2;15.1;1;0.62;0.17;0.23;2.23;2.33;0.146;51.4;15.9;7.8;4.87;0.81;2.68;7.64;129.5;82.2;26.6;5.4;15.3;1.23;0.67;0.18;0.24
-1;100;50;100;100;21.69;5.87;17;2.13;2.17;0.141;48.4;15.35;7.52;4.71;0.78;2.57;8.49;123.7;79.4;22.2;5.1;17;1.01;0.75;0.17;0.24;2.84;2.93;0.15;51.6;19.53;9.78;5.73;1.02;3.3;8.51;131.7;80.4;27.6;6.6;17;1.43;0.95;0.24;0.31
-1;100;100;0;0;17.72;4.06;11.88;2;2.04;0.129;38.2;15.8;7.57;4.84;0.89;2.64;5.89;115.3;82.6;15.7;5.3;11.8;1.26;0.36;0.18;0.25;1.16;1.21;0.146;61.8;8.22;4.07;2.46;0.38;1.43;5.99;186.9;154.2;17.9;2.9;12;0.34;0.63;0.1;0.13
-1;100;100;0;50;17.8;4.29;12.5;2.25;2.19;0.135;37.7;16.2;7.92;4.88;0.84;2.69;6.26;116.9;84.7;14.3;5.4;12.5;1.29;0.46;0.18;0.25;1.57;1.53;0.158;62.3;9.64;4.8;2.84;0.48;1.6;6.25;193.1;149.6;27.8;3.2;12.5;0.33;0.94;0.11;0.14
-1;100;100;0;100;17.46;4.61;13.22;2.31;2.27;0.139;38.3;16.25;8.03;4.84;0.87;2.73;6.57;117.7;87.3;11.8;5.5;13.1;1.33;0.51;0.19;0.25;1.93;2.03;0.178;61.7;11.35;5.86;3.25;0.57;1.89;6.65;189.8;144.1;28.7;3.8;13.3;0.34;1.38;0.13;0.17
-1;100;100;50;0;19.63;4.57;13.24;2.21;2.2;0.132;43.7;16.66;8.13;5.09;0.89;2.83;6.55;119.3;80;20.6;5.7;13.1;1.22;0.51;0.2;0.26;1.5;1.52;0.146;56.3;10.34;5.13;3.08;0.53;1.74;6.69;153.9;119.7;17.4;3.5;13.4;0.62;0.61;0.12;0.17
-1;100;100;50;50;19.63;5.11;14.77;2.45;2.31;0.136;42.6;16.88;8.39;5.04;0.86;2.89;7.38;120.9;81.8;18.6;5.8;14.8;1.25;0.61;0.2;0.25;2.11;2.1;0.154;57.4;13.54;6.76;4.04;0.7;2.22;7.39;162.7;116.8;26.7;4.4;14.8;0.82;0.91;0.15;0.21
-1;100;100;50;100;19.59;5.63;16.17;2.57;2.54;0.146;42.7;17.36;8.74;5.12;0.88;2.96;8.04;121.8;82.7;17.1;5.9;16.1;1.27;0.81;0.2;0.27;2.75;2.76;0.167;57.3;16.48;8.38;4.77;0.84;2.67;8.13;163.8;115.3;26.9;5.3;16.3;1.01;1.3;0.19;0.26
-1;100;100;100;0;21.47;5.27;14.51;2.41;2.36;0.132;51.3;17.83;8.84;5.36;0.93;3.1;7.33;124.3;77.5;26;6.2;14.7;1.19;0.68;0.21;0.28;1.77;1.78;0.147;48.7;12.13;6.13;3.47;0.61;2.17;7.18;118.1;82.5;16.9;4.3;14.4;0.84;0.6;0.16;0.19
-1;100;100;100;50;21.49;5.78;16.82;2.49;2.48;0.138;48.8;17.91;8.81;5.38;0.92;2.99;8.29;124.3;77.8;24;6;16.6;1.18;0.81;0.21;0.28;2.52;2.57;0.153;51.2;16.8;8.33;5.02;0.88;2.79;8.53;130.4;82.2;25.5;5.6;17.1;1.23;0.87;0.19;0.28
-1;100;100;100;100;21.69;6.46;18.41;2.77;2.78;0.151;48.8;18.36;9.18;5.46;0.98;3.15;9.2;125.9;78.8;22.4;6.3;18.4;1.2;1.08;0.21;0.28;3.14;3.23;0.163;51.2;19.79;9.98;5.88;0.99;3.31;9.21;131.9;81.1;25.7;6.6;18.4;1.44;1.25;0.22;0.31
0;0;0;0;0;13.76;1.83;5.32;0.68;0.68;0.124;50;5.42;2.61;1.68;0.29;0.92;2.68;179.1;159.7;12.3;1.8;5.4;0.32;0.21;0.06;0.09;0.65;0.66;0.124;50;5.25;2.5;1.63;0.27;0.91;2.64;179.3;160.3;11.9;1.8;5.3;0.32;0.2;0.06;0.08
0;0;0;0;50;13.27;1.98;5.84;0.72;0.72;0.128;50.2;5.52;2.69;1.72;0.29;0.94;2.92;180.2;161.6;10.9;1.9;5.8;0.34;0.23;0.06;0.09;0.79;0.79;0.128;49.8;6.12;3.04;1.82;0.3;1.04;2.92;178.4;158.4;12.1;2.1;5.8;0.34;0.29;0.07;0.1
0;0;0;0;100;12.87;2.21;6.26;0.76;0.78;0.136;49.8;5.62;2.87;1.63;0.25;1.01;3.17;181.8;163.7;9.7;2;6.3;0.34;0.29;0.07;0.09;0.95;0.95;0.132;50.2;7.13;3.54;2.1;0.37;1.2;3.09;183.2;156.3;18.3;2.4;6.2;0.35;0.4;0.09;0.11
0;0;0;50;0;15.6;2.34;6.77;0.77;0.75;0.123;55.7;5.94;2.87;1.82;0.31;1.03;3.35;180.7;156.7;15.3;2.1;6.7;0.32;0.26;0.08;0.1;0.97;1.01;0.129;44.3;7.77;3.68;2.45;0.41;1.31;3.42;143.9;122.5;11.9;2.6;6.8;0.6;0.2;0.09;0.13
0;0;0;50;50;15.65;2.88;8.04;0.84;0.82;0.128;55.3;6.33;3.12;1.88;0.35;1.1;4;180.9;156.2;14.5;2.2;8;0.32;0.32;0.08;0.1;1.32;1.36;0.133;44.7;10.2;4.99;3.07;0.48;1.77;4.05;146.2;122.8;11.7;3.5;8.1;0.79;0.28;0.12;0.17
0;0;0;50;100;15.34;3.41;9.77;0.96;0.94;0.141;54.1;6.58;3.29;2;0.32;1.13;4.85;181.8;156.8;13;2.3;9.7;0.32;0.44;0.08;0.1;1.74;1.8;0.135;45.9;13.21;6.42;4.02;0.74;2.28;4.92;154.3;122.4;17.5;4.6;9.8;1.03;0.39;0.16;0.21
0;0;0;100;0;17.57;2.79;7.99;0.82;0.82;0.122;63.3;6.62;3.17;1.99;0.36;1.16;4;182.8;153.7;18.7;2.3;8;0.31;0.32;0.08;0.1;1.25;1.24;0.131;36.7;9.41;4.67;2.84;0.49;1.63;4;106;83.1;11.6;3.3;8;0.78;0.2;0.1;0.16
0;0;0;100;50;17.74;3.55;10.32;0.97;0.95;0.127;62.1;7.39;3.65;2.26;0.38;1.26;5.13;181.5;150.7;18.1;2.5;10.3;0.32;0.42;0.09;0.12;1.78;1.81;0.134;37.9;13.42;6.51;4.15;0.67;2.29;5.2;110.8;84.7;11.2;4.6;10.4;1.17;0.26;0.16;0.21
0;0;0;100;100;17.68;4.06;11.85;1.11;1.11;0.142;60.5;7.79;3.84;2.29;0.41;1.28;5.89;182.2;150.9;16.9;2.6;11.8;0.32;0.59;0.08;0.12;2.29;2.23;0.136;39.5;16.42;8;4.9;0.88;2.78;5.96;118.9;84.5;16.9;5.6;11.9;1.41;0.39;0.18;0.25
0;0;50;0;0;13.09;2.06;5.73;0.79;0.8;0.128;49.8;6.17;2.99;1.91;0.3;1.08;2.85;178.5;158.7;11.9;2.2;5.7;0.35;0.28;0.07;0.1;0.72;0.72;0.129;50.2;5.45;2.68;1.61;0.28;0.98;2.87;179.8;161.3;10.8;2;5.7;0.32;0.23;0.08;0.08
0;0;50;0;50;12.79;2.16;6.16;0.89;0.87;0.136;50;6.3;3.08;1.84;0.36;1.08;3.04;179.2;159.9;11.1;2.2;6.1;0.34;0.36;0.08;0.1;0.89;0.88;0.137;50;6.34;3.17;1.9;0.32;1.08;3.11;179.3;160.1;10.9;2.2;6.2;0.34;0.36;0.08;0.11
0;0;50;0;100;12.53;2.4;6.63;0.94;0.96;0.146;49.5;6.52;3.32;1.87;0.35;1.15;3.28;180.5;161.7;9.9;2.3;6.6;0.34;0.44;0.08;0.1;1.08;1.08;0.146;50.5;7.27;3.67;2.11;0.36;1.25;3.35;184.3;158.3;16.7;2.5;6.7;0.35;0.53;0.09;0.11
0;0;50;50;0;15.36;2.52;7.36;0.96;0.92;0.127;55.1;7.18;3.42;2.21;0.39;1.2;3.64;178.6;153.1;15.8;2.4;7.3;0.34;0.39;0.08;0.11;1.04;1.03;0.133;44.9;7.71;3.74;2.4;0.4;1.32;3.73;145.7;125.2;10.4;2.6;7.5;0.6;0.21;0.09;0.12
0;0;50;50;50;15.21;3.11;8.81;1.04;1.04;0.137;54.8;7.56;3.73;2.24;0.42;1.29;4.33;179.4;153.5;14.7;2.6;8.7;0.33;0.51;0.09;0.11;1.5;1.46;0.138;45.2;10.52;5.25;3.16;0.5;1.82;4.48;147.9;124.9;10.4;3.6;9;0.81;0.34;0.13;0.17
0;0;50;50;100;15.1;3.53;10.15;1.15;1.17;0.153;54.6;7.63;3.81;2.29;0.41;1.27;5.01;186.6;153.9;20.1;2.5;10;0.32;0.65;0.09;0.11;1.98;1.91;0.143;45.4;13.35;6.7;3.93;0.7;2.25;5.14;155.3;124.5;15.9;4.5;10.3;1.03;0.51;0.16;0.21
0;0;50;100;0;17.34;3.04;8.89;1.1;1.06;0.126;62.4;8.34;4.07;2.48;0.46;1.41;4.4;179.5;148.6;19.3;2.8;8.8;0.32;0.51;0.1;0.13;1.29;1.3;0.133;37.6;9.72;4.76;2.96;0.48;1.64;4.49;108;85.7;10.1;3.3;9;0.82;0.22;0.12;0.15
0;0;50;100;50;17.55;3.83;11.18;1.28;1.28;0.143;62.7;8.89;4.41;2.67;0.47;1.52;5.58;188.9;147;27.7;3;11.2;0.31;0.72;0.1;0.14;1.92;1.9;0.138;37.3;13.77;6.75;4.22;0.69;2.31;5.6;112.4;86.5;10.1;4.6;11.2;1.19;0.33;0.16;0.22
0;0;50;100;100;17.32;4.32;12.66;1.45;1.44;0.155;61;9.27;4.66;2.78;0.45;1.53;6.23;188;146.7;25.8;3.1;12.5;0.32;0.88;0.11;0.14;2.45;2.38;0.141;39;16.83;8.26;5.06;0.86;2.79;6.43;120.1;86.7;15;5.6;12.9;1.45;0.48;0.19;0.27
0;0;100;0;0;13.1;2.16;6.35;0.97;0.95;0.132;50.2;7.13;3.44;2.16;0.39;1.2;3.14;183.3;156.1;18.6;2.4;6.3;0.34;0.42;0.08;0.11;0.79;0.79;0.136;49.8;5.72;2.78;1.75;0.32;0.96;3.21;182.2;163.9;9.9;1.9;6.4;0.34;0.3;0.06;0.09
0;0;100;0;50;12.29;2.28;6.7;1.06;1.08;0.146;50.4;7.31;3.55;2.23;0.38;1.23;3.4;183.6;157.9;16.4;2.5;6.8;0.36;0.52;0.08;0.12;0.96;0.94;0.145;49.6;6.45;3.16;1.93;0.36;1.06;3.3;180.5;162.1;9.7;2.1;6.6;0.35;0.42;0.07;0.1
0;0;100;0;100;12.16;2.49;7.08;1.17;1.19;0.162;49.9;7.34;3.72;2.15;0.37;1.25;3.51;184.1;159.7;14.9;2.5;7;0.35;0.64;0.09;0.11;1.14;1.2;0.161;50.1;7.41;3.7;2.26;0.38;1.24;3.57;185.1;160.3;15.2;2.5;7.1;0.36;0.65;0.09;0.11
0;0;100;50;0;15.16;2.77;8.25;1.15;1.16;0.137;55.7;8.4;4.09;2.52;0.46;1.41;4.16;185.3;150.5;23.7;2.8;8.3;0.33;0.61;0.09;0.13;1.11;1.12;0.137;44.3;8.15;4.03;2.47;0.42;1.37;4.08;147.6;127.1;9.6;2.7;8.2;0.62;0.28;0.1;0.12
0;0;100;50;50;15.01;3.25;9.41;1.29;1.3;0.149;55.3;8.73;4.29;2.6;0.45;1.48;4.7;185;150.2;22.4;3;9.4;0.32;0.74;0.1;0.14;1.59;1.53;0.142;44.7;10.7;5.31;3.2;0.56;1.77;4.71;149.7;127.3;9.4;3.5;9.4;0.83;0.41;0.12;0.17
0;0;100;50;100;14.78;3.7;10.71;1.51;1.54;0.172;54.1;8.93;4.6;2.54;0.45;1.46;5.36;184.7;150.4;20.7;2.9;10.7;0.33;0.97;0.1;0.13;2.03;2.01;0.15;45.9;13.36;6.67;4;0.64;2.24;5.35;156.5;127.2;14.1;4.5;10.7;1.05;0.6;0.15;0.2
0;0;100;100;0;17.27;3.4;9.68;1.36;1.35;0.137;63.1;9.75;4.84;2.88;0.5;1.65;4.85;187.5;145;29.5;3.3;9.7;0.31;0.77;0.12;0.15;1.37;1.39;0.138;36.9;10.04;4.95;3.07;0.52;1.75;4.83;109.8;87.5;9.1;3.5;9.7;0.83;0.27;0.12;0.16
0;0;100;100;50;17.45;4.1;11.85;1.53;1.54;0.15;62.2;10.26;5.16;3;0.52;1.74;6;187.2;143.9;27.9;3.5;12;0.32;0.95;0.12;0.16;2.11;2.01;0.141;37.8;14.17;7.03;4.23;0.71;2.36;5.86;113.5;88.1;9;4.7;11.7;1.22;0.41;0.16;0.22
0;0;100;100;100;17.4;4.7;13.36;1.84;1.87;0.175;60.4;10.7;5.45;3.12;0.55;1.68;6.67;185.6;142.5;26.4;3.4;13.3;0.32;1.27;0.12;0.16;2.53;2.53;0.147;39.6;17.15;8.66;5.08;0.84;3.02;6.68;121.7;88.8;13.5;6;13.4;1.48;0.58;0.21;0.25
0;50;0;0;0;15.55;2.45;6.69;1;1;0.13;44.4;7.66;3.84;2.26;0.4;1.37;3.33;143.9;122.8;11.7;2.7;6.7;0.59;0.19;0.1;0.12;0.75;0.75;0.124;55.6;6;2.95;1.79;0.31;1.08;3.36;180.5;156.2;15.4;2.2;6.7;0.32;0.26;0.08;0.1
0;50;0;0;50;15.36;2.55;7.22;1.06;1.02;0.132;44.7;7.71;3.72;2.31;0.38;1.31;3.61;144.9;124.4;10.6;2.6;7.2;0.59;0.23;0.09;0.12;0.89;0.9;0.126;55.3;7.09;3.42;2.15;0.36;1.24;3.61;179.5;154.1;15.7;2.5;7.2;0.33;0.39;0.08;0.11
0;50;0;0;100;14.95;2.82;8;1.1;1.11;0.137;44.2;8.04;3.99;2.39;0.42;1.41;4.01;146.9;126.6;9.5;2.8;8;0.6;0.29;0.1;0.13;1.08;1.14;0.137;55.8;8.26;4.03;2.5;0.43;1.41;3.99;185.6;151.2;23.6;2.8;8;0.33;0.59;0.09;0.13
0;50;0;50;0;17.4;2.75;8.01;1.01;1.03;0.128;50.1;8.02;3.89;2.43;0.4;1.34;4.05;146.1;120.4;14.9;2.7;8.1;0.56;0.25;0.09;0.13;1.03;1.05;0.128;49.9;8.15;3.93;2.52;0.44;1.41;3.96;145.5;119.6;15.2;2.8;7.9;0.56;0.26;0.1;0.13
0;50;0;50;50;17.55;3.37;9.61;1.17;1.13;0.131;49.8;8.6;4.19;2.6;0.46;1.47;4.82;147.1;120.4;14.1;2.9;9.6;0.57;0.32;0.1;0.14;1.41;1.43;0.131;50.2;10.86;5.34;3.28;0.54;1.91;4.79;148.1;119.6;15.1;3.8;9.6;0.76;0.38;0.12;0.16
0;50;0;50;100;17.32;3.9;11.39;1.32;1.29;0.141;48.6;9.08;4.5;2.71;0.51;1.55;5.72;148.5;121.2;12.8;3.1;11.4;0.59;0.44;0.1;0.15;1.95;1.93;0.138;51.4;13.95;6.85;4.32;0.71;2.35;5.67;157.3;118.8;22.5;4.7;11.3;0.97;0.57;0.16;0.22
0;50;0;100;0;19.43;3.33;9.32;1.09;1.11;0.126;57.6;8.71;4.22;2.68;0.47;1.57;4.59;148.4;117.8;18.3;3.1;9.2;0.56;0.31;0.1;0.13;1.26;1.3;0.13;42.4;9.98;4.94;2.98;0.52;1.76;4.73;109.2;81.5;14.7;3.5;9.5;0.77;0.26;0.12;0.16
0;50;0;100;50;19.55;4.08;11.6;1.19;1.2;0.13;56.9;9.23;4.5;2.8;0.51;1.64;5.83;149.4;117.4;17.1;3.3;11.7;0.56;0.39;0.11;0.14;1.96;1.9;0.133;43.1;14.27;7.07;4.3;0.68;2.44;5.77;113;81.8;14.9;4.9;11.5;1.15;0.37;0.17;0.22
0;50;0;100;100;19.5;4.62;13.21;1.43;1.4;0.141;55.1;9.9;4.86;2.98;0.5;1.64;6.61;150.6;117.9;16.3;3.3;13.2;0.57;0.57;0.11;0.15;2.38;2.39;0.138;44.9;17.28;8.49;5.11;0.93;2.98;6.6;122.5;81.4;22;6;13.2;1.35;0.56;0.21;0.27
0;50;50;0;0;15.51;2.82;8.06;1.36;1.36;0.132;44.7;10.21;5.06;3.07;0.48;1.78;4.08;146;122.6;11.7;3.6;8.2;0.79;0.28;0.12;0.16;0.88;0.81;0.128;55.3;6.26;3.08;1.88;0.32;1.04;3.97;181;156.6;14.4;2.1;7.9;0.32;0.32;0.07;0.09
0;50;50;0;50;15.1;3.03;9.02;1.46;1.48;0.138;45.2;10.69;5.28;3.29;0.56;1.81;4.55;148;124.8;10.5;3.6;9.1;0.82;0.35;0.13;0.17;0.98;1.02;0.137;54.8;7.38;3.58;2.25;0.4;1.22;4.46;179.3;153.6;14.3;2.4;8.9;0.32;0.5;0.08;0.11
0;50;50;0;100;15.16;3.34;9.52;1.52;1.54;0.143;44.8;10.79;5.4;3.18;0.54;1.87;4.7;150.1;127.4;9.5;3.7;9.4;0.84;0.42;0.13;0.17;1.32;1.33;0.149;55.2;8.87;4.4;2.66;0.44;1.47;4.81;185;150.1;22.3;2.9;9.6;0.33;0.75;0.11;0.14
0;50;50;50;0;17.39;3.37;9.63;1.39;1.45;0.131;50.1;10.97;5.31;3.3;0.6;1.93;4.84;147.7;119;15.1;3.9;9.7;0.77;0.38;0.13;0.17;1.11;1.13;0.131;49.9;8.58;4.13;2.6;0.42;1.44;4.8;147.3;121;13.9;2.9;9.6;0.59;0.31;0.1;0.13
0;50;50;50;50;17.45;3.89;11.2;1.56;1.58;0.138;49.9;11.41;5.53;3.58;0.56;1.92;5.55;148.9;119.9;14;3.8;11.1;0.78;0.48;0.13;0.18;1.53;1.57;0.138;50.1;11.34;5.55;3.43;0.59;1.97;5.65;149.4;120.1;14;3.9;11.3;0.77;0.49;0.14;0.17
0;50;50;50;100;17.15;4.43;12.67;1.69;1.75;0.148;49.8;11.83;5.81;3.6;0.63;1.98;6.37;156.6;120.5;19.4;4;12.7;0.79;0.64;0.14;0.19;2.03;2.04;0.144;50.2;14.16;7.03;4.22;0.76;2.45;6.3;157.7;119.5;20.7;4.9;12.6;0.99;0.68;0.16;0.22
0;50;50;100;0;19.24;3.81;11.02;1.52;1.57;0.13;57.6;12;5.78;3.67;0.66;2.09;5.51;149.9;116.1;18.6;4.2;11;0.76;0.48;0.14;0.19;1.4;1.35;0.132;42.4;10.19;4.93;3.13;0.59;1.72;5.51;110.3;82.6;13.2;3.4;11;0.78;0.3;0.12;0.16
0;50;50;100;50;19.64;4.63;13.35;1.78;1.79;0.142;58.1;12.62;6.18;3.78;0.68;2.13;6.73;159.6;115.2;26.7;4.3;13.5;0.75;0.69;0.15;0.2;2;2.01;0.138;41.9;14.59;7.2;4.43;0.75;2.51;6.62;114.8;83.2;13.3;5;13.2;1.15;0.47;0.17;0.23
0;50;50;100;100;19.62;5.14;14.79;1.99;1.96;0.15;56.1;13.07;6.55;3.82;0.7;2.17;7.33;159.3;115.1;25.3;4.3;14.7;0.75;0.86;0.15;0.2;2.57;2.51;0.142;43.9;17.61;8.7;5.27;0.85;2.97;7.46;124.4;83.3;20.3;5.9;14.9;1.38;0.67;0.2;0.27
0;50;100;0;0;15.38;3.28;9.67;1.81;1.75;0.135;46.2;12.95;6.35;3.96;0.69;2.18;4.91;154.9;123.2;17.4;4.4;9.8;1.02;0.38;0.14;0.21;0.96;0.95;0.141;53.8;6.67;3.27;1.97;0.34;1.09;4.76;180.6;155.7;13.3;2.2;9.5;0.32;0.45;0.08;0.11
0;50;100;0;50;15.25;3.38;10.18;1.83;1.88;0.143;45.5;13.14;6.44;3.94;0.72;2.17;5.11;155.6;124.7;16.3;4.3;10.2;1.02;0.51;0.15;0.2;1.21;1.19;0.153;54.5;7.74;3.81;2.31;0.42;1.22;5.07;186.7;153.7;20.4;2.4;10.1;0.32;0.66;0.08;0.12
0;50;100;0;100;14.75;3.76;10.66;2.05;2.01;0.15;46;13.39;6.85;3.86;0.65;2.29;5.42;156.6;127.3;13.9;4.6;10.8;1.05;0.6;0.15;0.21;1.54;1.55;0.171;54;9;4.61;2.57;0.46;1.47;5.24;184.1;150.2;20.5;2.9;10.5;0.34;0.97;0.1;0.13
0;50;100;50;0;17.25;3.88;11.2;1.95;1.93;0.138;51.4;13.99;6.87;4.24;0.69;2.43;5.63;157.2;118.4;22.7;4.9;11.3;0.98;0.57;0.16;0.21;1.3;1.24;0.14;48.6;8.81;4.41;2.66;0.41;1.45;5.57;148.4;121.6;12.7;2.9;11.1;0.59;0.42;0.1;0.14
0;50;100;50;50;17.29;4.41;12.7;2.1;2.08;0.144;50.3;14.35;7.11;4.25;0.74;2.45;6.43;158.2;119.5;21;4.9;12.9;0.98;0.69;0.17;0.23;1.74;1.75;0.148;49.7;11.84;5.84;3.48;0.63;1.96;6.28;156.4;120.5;19.5;3.9;12.6;0.79;0.65;0.13;0.18
0;50;100;50;100;17.31;4.89;14.05;2.21;2.29;0.157;50;14.52;7.22;4.34;0.75;2.44;7.04;158.6;120.3;19.4;4.9;14.1;0.99;0.91;0.17;0.23;2.26;2.31;0.157;50;14.64;7.3;4.29;0.75;2.45;7.01;158.4;119.7;19.8;4.9;14;0.99;0.93;0.17;0.22
0;50;100;100;0;19.44;4.41;12.69;2.13;2.09;0.137;58.6;15.13;7.41;4.68;0.77;2.58;6.33;159.9;113.7;28.4;5.2;12.7;0.93;0.74;0.17;0.24;1.47;1.5;0.14;41.4;10.66;5.18;3.21;0.57;1.83;6.36;112.8;84.2;12.2;3.7;12.7;0.8;0.41;0.12;0.16
0;50;100;100;50;19.38;5.25;14.87;2.25;2.26;0.145;56.6;15.54;7.7;4.65;0.79;2.65;7.39;160.2;113.6;26.5;5.3;14.8;0.94;0.91;0.18;0.23;2.16;2.21;0.145;43.4;15.16;7.49;4.57;0.75;2.59;7.48;122.8;84.3;18.4;5.2;15;1.18;0.61;0.17;0.24
0;50;100;100;100;19.5;5.63;16.17;2.51;2.59;0.162;56.2;15.96;7.99;4.73;0.83;2.65;8.07;160.1;113.6;25.1;5.3;16.1;0.94;1.22;0.19;0.24;2.71;2.73;0.153;43.8;17.84;8.82;5.33;0.91;2.98;8.1;124.9;84.3;18.4;6;16.2;1.4;0.85;0.21;0.27
0;100;0;0;0;17.57;2.78;8;1.21;1.25;0.131;36.9;9.5;4.67;2.88;0.49;1.66;4.05;106.3;83.4;11.5;3.3;8.1;0.79;0.2;0.11;0.15;0.78;0.8;0.122;63.1;6.51;3.07;2.04;0.33;1.12;3.95;182.2;153.3;18.8;2.2;7.9;0.31;0.32;0.07;0.11
0;100;0;0;50;17.28;3.01;8.77;1.32;1.3;0.133;37.5;9.68;4.78;2.92;0.5;1.67;4.42;107.7;85.2;10.3;3.3;8.8;0.81;0.22;0.11;0.15;1.06;1.02;0.126;62.5;8.05;3.88;2.53;0.42;1.34;4.35;179.9;149.6;18.9;2.7;8.7;0.32;0.49;0.09;0.13
0;100;0;0;100;17.14;3.29;9.61;1.36;1.38;0.138;37;9.95;4.9;3;0.54;1.68;4.87;109.7;87.5;9.1;3.4;9.7;0.83;0.27;0.12;0.16;1.36;1.33;0.137;63;9.68;4.75;2.87;0.5;1.61;4.74;186.9;145;29.2;3.2;9.5;0.31;0.76;0.11;0.15
0;100;0;50;0;19.29;3.32;9.19;1.29;1.28;0.13;42.3;9.82;4.86;2.87;0.48;1.75;4.57;108.7;81.5;14.5;3.5;9.1;0.76;0.25;0.12;0.15;1.08;1.13;0.127;57.7;8.92;4.33;2.73;0.43;1.58;4.62;148.5;117.7;18.5;3.2;9.2;0.57;0.33;0.11;0.14
0;100;0;50;50;19.36;3.79;11.07;1.36;1.35;0.132;42.6;10.16;4.92;3.12;0.51;1.66;5.57;110.8;83.1;13.3;3.3;11.1;0.78;0.3;0.11;0.16;1.56;1.6;0.131;57.4;12.23;5.97;3.73;0.63;2.13;5.5;149.4;115.4;18.8;4.3;11;0.77;0.49;0.15;0.19
0;100;0;50;100;19.29;4.32;12.67;1.52;1.5;0.14;41.4;10.65;5.25;3.27;0.55;1.74;6.44;112.7;84.2;12.2;3.5;12.9;0.79;0.41;0.12;0.17;2.11;2.1;0.138;58.6;15.24;7.56;4.49;0.78;2.58;6.22;159.7;113.7;28.4;5.2;12.4;0.95;0.74;0.18;0.23
0;100;0;100;0;21.21;3.67;10.61;1.32;1.38;0.129;49.8;10.64;5.12;3.3;0.55;1.86;5.26;111.9;79.7;18;3.7;10.5;0.76;0.32;0.13;0.18;1.38;1.37;0.129;50.2;10.61;5.21;3.21;0.55;1.81;5.35;112.6;80.3;18;3.6;10.7;0.77;0.31;0.13;0.16
0;100;0;100;50;21.66;4.51;12.98;1.39;1.45;0.131;49.7;10.99;5.24;3.4;0.64;1.85;6.48;114.4;80.6;17.1;3.7;13;0.76;0.38;0.13;0.17;1.89;1.98;0.132;50.3;14.95;7.25;4.53;0.83;2.65;6.5;116;79.4;18.3;5.3;13;1.09;0.48;0.18;0.23
0;100;0;100;100;21.39;5.04;14.59;1.61;1.63;0.141;47.6;11.56;5.65;3.56;0.62;1.92;7.33;115.1;80.9;15.7;3.8;14.7;0.77;0.55;0.13;0.18;2.56;2.52;0.138;52.4;18.23;9.02;5.48;0.92;3.12;7.26;127;79.1;27.1;6.2;14.5;1.32;0.7;0.22;0.28
0;100;50;0;0;17.68;3.6;10.26;1.83;1.82;0.134;37.9;13.51;6.63;4.04;0.72;2.31;5.18;110.6;84.4;11.3;4.6;10.4;1.17;0.27;0.16;0.22;0.94;0.95;0.126;62.1;7.4;3.59;2.29;0.39;1.3;5.08;181.8;151.2;17.9;2.6;10.2;0.32;0.42;0.09;0.12
0;100;50;0;50;17.77;3.82;11.01;1.93;1.91;0.138;37.3;13.83;6.76;4.16;0.72;2.3;5.54;112.4;86.3;10.4;4.6;11.1;1.19;0.34;0.16;0.21;1.26;1.27;0.143;62.7;8.84;4.38;2.62;0.48;1.52;5.47;189;147.3;27.7;3;10.9;0.31;0.72;0.11;0.14
0;100;50;0;100;17.59;4.22;11.86;2.01;2.01;0.142;37.9;14.16;6.97;4.25;0.74;2.42;5.92;114.1;88.6;8.9;4.8;11.8;1.22;0.4;0.18;0.22;1.62;1.58;0.15;62.1;10.49;5.36;3.07;0.51;1.81;5.93;187;142.8;28.6;3.6;11.9;0.32;0.97;0.13;0.16
0;100;50;50;0;19.59;4.08;11.61;1.89;1.9;0.133;43.2;14.23;6.88;4.45;0.71;2.47;5.92;113.3;82;14.5;4.9;11.8;1.13;0.37;0.17;0.23;1.2;1.21;0.13;56.8;9.31;4.53;2.83;0.47;1.6;5.69;149.1;117;17.6;3.2;11.4;0.56;0.4;0.11;0.14
0;100;50;50;50;19.42;4.61;13.05;1.94;2.01;0.138;41.8;14.56;7.05;4.47;0.72;2.45;6.51;114.4;83.2;13.3;4.9;13;1.16;0.46;0.17;0.23;1.75;1.75;0.142;58.2;12.34;6.25;3.51;0.63;2.16;6.54;159.1;115.3;26.4;4.3;13.1;0.74;0.67;0.15;0.19
0;100;50;50;100;19.43;5.12;14.89;2.1;2.17;0.145;43.3;14.9;7.35;4.44;0.72;2.45;7.44;122.4;84.5;18.2;4.9;14.9;1.17;0.59;0.18;0.23;2.3;2.3;0.145;56.7;15.76;7.8;4.76;0.82;2.67;7.45;160.3;113.3;26.7;5.3;14.9;0.95;0.92;0.18;0.25
0;100;50;100;0;21.13;4.42;12.87;2.04;2.01;0.132;50.5;15.17;7.46;4.59;0.78;2.58;6.42;115.8;79.7;18;5.2;12.8;1.12;0.46;0.18;0.24;1.46;1.45;0.131;49.5;11.03;5.33;3.4;0.59;1.84;6.45;113.5;80.3;16.7;3.7;12.9;0.76;0.38;0.13;0.17
0;100;50;100;50;21.64;5.25;15.15;2.12;2.16;0.141;49.9;15.35;7.56;4.59;0.81;2.65;7.46;125.7;79.9;25.7;5.3;14.9;1.09;0.65;0.18;0.24;2.21;2.19;0.14;50.1;15.52;7.67;4.64;0.82;2.61;7.7;126.3;80.1;25.6;5.2;15.4;1.11;0.66;0.17;0.25
0;100;50;100;100;21.66;5.91;16.87;2.4;2.39;0.147;49.7;16.18;8.02;4.93;0.81;2.75;8.38;126.8;80.6;24;5.5;16.8;1.13;0.82;0.19;0.26;2.67;2.68;0.144;50.3;18.61;9.25;5.59;0.91;3.16;8.49;128.4;79.4;25.7;6.3;17;1.31;0.87;0.22;0.29
0;100;100;0;0;17.93;4.12;11.92;2.31;2.25;0.136;39.5;16.51;8.24;4.97;0.84;2.83;5.96;119.2;84.4;17.3;5.7;11.9;1.4;0.39;0.2;0.27;1.07;1.1;0.143;60.5;7.69;3.73;2.36;0.38;1.29;5.97;182.9;151.3;17.1;2.6;11.9;0.3;0.59;0.09;0.11
0;100;100;0;50;17.42;4.34;12.48;2.38;2.37;0.141;38.8;16.7;8.3;4.93;0.87;2.81;6.15;119.3;86.6;14.8;5.6;12.3;1.44;0.47;0.19;0.26;1.49;1.45;0.155;61.2;9.29;4.62;2.75;0.47;1.53;6.33;188.6;146.8;26;3.1;12.7;0.31;0.88;0.11;0.14
0;100;100;0;100;17.26;4.54;13.17;2.48;2.5;0.147;39.5;16.93;8.4;5.03;0.87;2.83;6.53;120.8;88.8;13.3;5.7;13.1;1.47;0.57;0.2;0.26;1.9;1.88;0.175;60.5;10.68;5.53;3.1;0.51;1.72;6.65;185.6;142.3;26.5;3.4;13.3;0.31;1.28;0.12;0.16
0;100;100;50;0;19.35;4.69;13.33;2.4;2.4;0.138;44.9;17.34;8.58;5.2;0.9;3.02;6.6;122.8;81.8;21.8;6;13.2;1.36;0.55;0.21;0.28;1.39;1.43;0.141;55.1;10.05;4.86;3.06;0.55;1.68;6.74;150.5;117.3;16.3;3.4;13.5;0.57;0.58;0.11;0.17
0;100;100;50;50;19.42;5.11;14.68;2.5;2.51;0.143;43.7;17.54;8.64;5.23;0.9;2.95;7.26;123.6;83;20.2;5.9;14.5;1.38;0.66;0.21;0.26;1.99;1.94;0.15;56.3;12.93;6.49;3.79;0.65;2.17;7.42;159.5;115.5;24.8;4.3;14.8;0.75;0.84;0.15;0.2
0;100;100;50;100;19.59;5.53;16.38;2.74;2.74;0.153;43.8;17.91;8.94;5.33;0.91;2.83;8.22;125;84.7;18.3;5.7;16.4;1.4;0.86;0.2;0.28;2.58;2.62;0.162;56.2;16.12;8.15;4.71;0.81;2.7;8.16;160.5;113;25.8;5.4;16.3;0.93;1.25;0.18;0.25
0;100;100;100;0;21.32;4.96;14.75;2.53;2.51;0.138;52.2;18.19;8.93;5.47;0.91;3.04;7.33;126.5;78.7;27.1;6.1;14.7;1.3;0.7;0.21;0.29;1.55;1.65;0.141;47.8;11.66;5.62;3.65;0.61;1.92;7.42;115.7;81.3;15.7;3.8;14.8;0.78;0.56;0.13;0.19
0;100;100;100;50;21.59;5.84;17.03;2.74;2.68;0.144;50.2;18.61;9.21;5.69;0.98;3.13;8.48;127.9;79.3;25.4;6.3;17;1.32;0.86;0.21;0.3;2.35;2.37;0.147;49.8;16.07;8.08;4.74;0.82;2.7;8.55;127.1;80.7;23.9;5.4;17.1;1.13;0.81;0.18;0.24
0;100;100;100;100;21.47;6.38;18.4;2.91;2.97;0.156;50.1;18.99;9.4;5.8;0.98;3.12;9.23;128.8;80.8;23.3;6.2;18.5;1.34;1.11;0.21;0.3;3.02;3.03;0.157;49.9;19.26;9.71;5.72;0.97;3.26;9.17;128.4;79.2;24.4;6.5;18.3;1.32;1.19;0.22;0.3
1;0;0;0;0;13.51;1.87;5.38;0.73;0.75;0.13;51.5;5.68;2.76;1.77;0.29;0.98;2.7;184.6;164.2;13;2;5.4;0.37;0.22;0.07;0.09;0.62;0.63;0.12;48.5;5.11;2.51;1.55;0.26;0.9;2.68;173.7;155.8;10.8;1.8;5.4;0.3;0.18;0.06;0.08
1;0;0;0;50;13.3;2.08;5.7;0.78;0.79;0.134;51.7;5.84;2.86;1.78;0.28;1.01;2.88;185.3;165.7;11.8;2;5.8;0.36;0.26;0.07;0.1;0.73;0.75;0.124;48.3;5.92;2.88;1.78;0.3;1.06;2.81;173.4;154.3;11.3;2.1;5.6;0.31;0.27;0.08;0.1
1;0;0;0;100;12.86;2.26;6.29;0.84;0.88;0.142;51.2;6.18;3.06;1.82;0.31;1.09;3.19;186.6;167.3;10.7;2.2;6.4;0.38;0.33;0.08;0.1;0.93;0.88;0.128;48.8;6.81;3.32;2.07;0.35;1.18;3.09;178;152.8;16.6;2.4;6.2;0.32;0.38;0.08;0.11
1;0;0;50;0;15.49;2.35;6.61;0.79;0.8;0.128;57.3;6.19;3.07;1.86;0.3;1.07;3.39;186.5;161.4;16.2;2.1;6.8;0.35;0.28;0.07;0.1;0.99;0.92;0.123;42.7;7.42;3.59;2.21;0.37;1.28;3.22;138.7;118.9;10.8;2.6;6.4;0.53;0.19;0.09;0.11
1;0;0;50;50;15.47;2.88;8.03;0.84;0.86;0.132;56.7;6.49;3.12;2.01;0.32;1.12;4.05;186;160.6;15.1;2.2;8.1;0.36;0.33;0.08;0.1;1.29;1.25;0.126;43.3;9.8;4.74;3.02;0.51;1.76;3.98;141.9;119.4;10.9;3.5;8;0.72;0.26;0.12;0.15
1;0;0;50;100;15.36;3.37;9.53;1.01;1.03;0.146;55.4;7.01;3.49;2.08;0.37;1.17;4.8;186.2;160.2;14.1;2.3;9.6;0.35;0.48;0.08;0.11;1.66;1.62;0.129;44.6;12.51;6.15;3.79;0.63;2.19;4.73;149.9;119.7;16.3;4.4;9.5;0.91;0.37;0.15;0.19
1;0;0;100;0;17.77;2.75;8.16;0.85;0.89;0.126;64.6;6.97;3.39;2.15;0.38;1.19;4.09;187.9;157.4;19.9;2.4;8.2;0.35;0.34;0.09;0.11;1.14;1.15;0.125;35.4;9.14;4.43;2.84;0.47;1.57;4.07;103;81;10.7;3.1;8.1;0.71;0.19;0.1;0.14
1;0;0;100;50;17.75;3.58;10.21;1.01;1;0.13;63.5;7.62;3.74;2.3;0.4;1.31;5.19;186.8;155;18.9;2.6;10.4;0.34;0.44;0.09;0.13;1.63;1.65;0.127;36.5;12.94;6.36;3.88;0.69;2.27;5.02;107.1;82.2;10.4;4.5;10;1.05;0.25;0.15;0.2
1;0;0;100;100;17.74;4.2;11.65;1.21;1.19;0.146;61.8;8.12;4.11;2.39;0.42;1.42;5.89;186.7;154.1;18;2.8;11.8;0.33;0.63;0.1;0.12;2.09;2.05;0.129;38.2;15.8;7.77;4.78;0.78;2.78;5.76;115.3;82.6;15.6;5.6;11.5;1.26;0.35;0.19;0.24
1;0;50;0;0;13.24;2.04;5.85;0.85;0.87;0.133;51.2;6.52;3.24;1.94;0.33;1.16;2.94;183.7;162.6;12.8;2.3;5.9;0.37;0.32;0.09;0.1;0.68;0.66;0.123;48.8;5.29;2.56;1.64;0.25;0.87;2.92;175;157.2;10.2;1.7;5.8;0.3;0.22;0.06;0.09
1;0;50;0;50;13.01;2.22;6.25;0.92;0.95;0.141;51.3;6.7;3.33;2;0.34;1.16;3.14;184.4;163.8;12;2.3;6.3;0.37;0.4;0.08;0.11;0.86;0.81;0.132;48.7;6.08;3.07;1.81;0.3;1.06;3.12;174.7;156.1;10.2;2.1;6.2;0.3;0.34;0.07;0.1
1;0;50;0;100;12.35;2.27;6.55;1.02;1.02;0.15;50.9;6.76;3.32;2.05;0.32;1.06;3.31;185;165.5;10.7;2.1;6.6;0.36;0.47;0.07;0.11;1;0.98;0.142;49.1;6.85;3.44;2;0.35;1.21;3.24;178.6;154.5;15.2;2.4;6.5;0.31;0.49;0.08;0.11
1;0;50;50;0;15.32;2.49;7.34;0.99;0.96;0.13;56.6;7.29;3.52;2.25;0.38;1.2;3.64;184.2;158;16.5;2.4;7.3;0.36;0.4;0.08;0.11;1;0.96;0.126;43.4;7.54;3.66;2.26;0.41;1.29;3.7;141;121.3;9.7;2.6;7.4;0.54;0.21;0.08;0.12
1;0;50;50;50;15.26;3.13;8.7;1.09;1.12;0.141;56.2;7.91;3.88;2.41;0.37;1.37;4.41;184.2;157.3;15.4;2.7;8.8;0.37;0.53;0.1;0.13;1.41;1.33;0.132;43.8;10.06;4.96;3.03;0.52;1.75;4.3;143.6;121.8;9.7;3.5;8.6;0.73;0.32;0.13;0.15
1;0;50;50;100;15.31;3.53;10.23;1.27;1.28;0.156;56;8.15;4.08;2.37;0.46;1.37;5.16;192.1;157.3;21.7;2.7;10.3;0.36;0.7;0.09;0.13;1.77;1.75;0.136;44;12.81;6.34;3.83;0.66;2.16;5.07;150.8;121.7;14.6;4.3;10.1;0.94;0.47;0.15;0.19
1;0;50;100;0;17.48;3.11;8.93;1.08;1.1;0.129;63.9;8.47;4.15;2.58;0.45;1.53;4.49;185.3;152.9;20.3;3.1;9;0.34;0.52;0.1;0.14;1.16;1.19;0.127;36.1;9.32;4.5;2.92;0.47;1.58;4.44;104.6;83.2;9.4;3.2;8.9;0.72;0.2;0.11;0.15
1;0;50;100;50;17.77;3.71;10.91;1.34;1.34;0.146;64;9.17;4.48;2.76;0.48;1.52;5.49;194;150.8;29.2;3;11;0.34;0.75;0.11;0.14;1.79;1.74;0.131;36;13.25;6.37;4.05;0.68;2.19;5.42;108.8;84.1;9.5;4.4;10.8;1.06;0.32;0.15;0.21
1;0;50;100;100;17.84;4.41;12.49;1.54;1.53;0.158;62.4;9.65;4.84;2.84;0.45;1.62;6.26;193.5;150;27.8;3.2;12.5;0.34;0.94;0.11;0.14;2.16;2.17;0.135;37.6;16.04;7.92;4.88;0.77;2.78;6.23;116.6;84.5;14.1;5.6;12.5;1.28;0.46;0.18;0.25
1;0;100;0;0;13;2.27;6.27;1.05;1.02;0.136;51.6;7.48;3.7;2.19;0.39;1.31;3.13;188.6;159.7;19.9;2.6;6.3;0.37;0.44;0.09;0.12;0.72;0.73;0.131;48.4;5.43;2.73;1.62;0.23;0.96;3.14;177.1;159.9;9;1.9;6.3;0.3;0.27;0.06;0.09
1;0;100;0;50;12.71;2.36;6.6;1.2;1.17;0.151;51.6;7.7;3.86;2.23;0.41;1.29;3.33;188.4;160.8;18.4;2.6;6.7;0.37;0.59;0.09;0.12;0.86;0.86;0.14;48.4;6.03;3.01;1.77;0.32;1.07;3.27;176.8;158.9;9.1;2.1;6.5;0.3;0.4;0.07;0.09
1;0;100;0;100;12.13;2.42;7.1;1.32;1.29;0.166;51.4;7.77;3.92;2.28;0.46;1.22;3.65;189.6;163.6;16.2;2.4;7.3;0.38;0.7;0.08;0.13;1.09;1.11;0.157;48.6;7.04;3.51;2.06;0.38;1.2;3.45;179.5;156.3;13.9;2.4;6.9;0.32;0.61;0.08;0.11
1;0;100;50;0;15.15;2.85;8;1.17;1.22;0.14;57.2;8.68;4.3;2.57;0.45;1.53;4.02;190.8;154.3;25.4;3.1;8;0.35;0.63;0.1;0.13;1.02;1.02;0.131;42.8;7.72;3.79;2.31;0.4;1.31;3.98;143;123.9;8.5;2.6;8;0.55;0.26;0.09;0.12
1;0;100;50;50;15.19;3.2;9.57;1.37;1.4;0.152;56.6;9.22;4.6;2.77;0.47;1.49;4.86;190;153.4;23.9;3;9.7;0.36;0.79;0.11;0.15;1.38;1.4;0.136;43.4;10.23;4.98;3.14;0.54;1.71;4.71;145.9;124.5;8.6;3.4;9.4;0.75;0.38;0.11;0.16
1;0;100;50;100;14.86;3.76;10.71;1.57;1.66;0.175;55.4;9.47;4.78;2.75;0.49;1.55;5.44;189.1;153.2;22;3.1;10.9;0.36;1.04;0.12;0.15;1.93;1.85;0.143;44.6;12.95;6.42;3.92;0.64;2.21;5.27;152.4;124.7;12.8;4.4;10.5;0.97;0.55;0.14;0.2
1;0;100;100;0;17.38;3.34;9.75;1.43;1.43;0.14;64.3;10.18;5.03;3.12;0.51;1.74;4.92;192.1;147.9;30.9;3.5;9.8;0.33;0.82;0.12;0.16;1.3;1.25;0.13;35.7;9.53;4.69;2.87;0.48;1.6;4.83;106.6;85.5;8.2;3.2;9.7;0.76;0.24;0.11;0.14
1;0;100;100;50;17.44;4.11;11.85;1.63;1.65;0.153;63.3;10.78;5.42;3.24;0.53;1.82;5.98;191;145.6;29.7;3.6;12;0.34;1.01;0.13;0.17;1.78;1.8;0.134;36.7;13.4;6.48;4.14;0.69;2.28;5.87;110.7;86.6;7.9;4.6;11.7;1.1;0.35;0.15;0.21
1;0;100;100;100;17.4;4.69;13.4;1.92;1.96;0.178;61.6;11.01;5.67;3.25;0.52;1.83;6.69;189.5;144.6;27.8;3.7;13.4;0.33;1.34;0.12;0.17;2.26;2.32;0.139;38.4;16.6;8.09;5.04;0.85;2.86;6.71;118.3;87;12.1;5.7;13.4;1.35;0.52;0.2;0.26
1;50;0;0;0;15.61;2.36;6.72;1.03;1.07;0.135;45.7;7.87;3.78;2.37;0.44;1.37;3.38;147.8;125.7;12.7;2.7;6.8;0.64;0.22;0.09;0.12;0.65;0.7;0.119;54.3;5.73;2.73;1.77;0.31;0.99;3.34;175.6;152.5;14.5;2;6.7;0.29;0.24;0.07;0.09
1;50;0;0;50;15.23;2.69;7.35;1.11;1.14;0.138;46.2;8.19;4.13;2.45;0.4;1.49;3.7;149.5;127.8;11.4;3;7.4;0.66;0.24;0.1;0.13;0.8;0.84;0.123;53.8;6.75;3.29;2;0.34;1.2;3.65;174.2;149.9;14.6;2.4;7.3;0.29;0.36;0.08;0.1
1;50;0;0;100;14.94;2.85;8.15;1.22;1.25;0.144;45.7;8.67;4.3;2.65;0.43;1.46;4.16;151.5;129.9;10.3;2.9;8.3;0.69;0.3;0.11;0.14;1.07;1.07;0.133;54.3;7.94;3.92;2.37;0.38;1.38;3.99;179.9;147.1;22;2.8;8;0.3;0.56;0.09;0.12
1;50;0;50;0;17.44;2.78;8.18;1.12;1.15;0.133;51.4;8.61;4.17;2.64;0.44;1.44;4.08;149.8;122.9;15.9;2.9;8.2;0.64;0.28;0.1;0.13;0.94;0.96;0.122;48.6;7.75;3.71;2.36;0.42;1.33;4.1;141.9;117;14;2.7;8.2;0.51;0.23;0.09;0.12
1;50;0;50;50;17.47;3.45;9.72;1.27;1.25;0.136;51.2;9.12;4.6;2.68;0.45;1.59;4.96;151.1;123.1;14.9;3.2;9.9;0.65;0.34;0.11;0.15;1.3;1.35;0.126;48.8;10.67;5.29;3.18;0.54;1.86;4.76;144.2;116.9;14.1;3.7;9.5;0.71;0.35;0.12;0.17
1;50;0;50;100;17.5;3.8;11.31;1.32;1.37;0.146;49.9;9.35;4.61;2.81;0.5;1.56;5.64;152.4;124;14;3.1;11.3;0.65;0.47;0.11;0.15;1.8;1.78;0.132;50.1;13.47;6.52;4.12;0.73;2.25;5.67;153.3;116;21.4;4.5;11.3;0.87;0.55;0.15;0.21
1;50;0;100;0;19.41;3.33;9.22;1.15;1.19;0.131;59;9.05;4.38;2.76;0.45;1.62;4.66;152.6;120.8;19.3;3.2;9.3;0.62;0.33;0.11;0.14;1.17;1.19;0.124;41;9.54;4.63;2.91;0.53;1.71;4.56;105.8;79.3;14;3.4;9.1;0.7;0.23;0.12;0.14
1;50;0;100;50;19.57;4.1;11.59;1.36;1.34;0.134;58.1;9.95;4.87;3.04;0.52;1.71;5.81;153;119.3;18.6;3.4;11.6;0.63;0.44;0.12;0.15;1.74;1.73;0.127;41.9;13.55;6.64;4.14;0.69;2.4;5.78;110.1;80.2;13.5;4.8;11.6;1.01;0.33;0.17;0.21
1;50;0;100;100;19.57;4.58;13.37;1.51;1.57;0.146;56.5;10.67;5.17;3.29;0.56;1.72;6.87;154.8;120.3;17.4;3.4;13.7;0.64;0.62;0.12;0.18;2.24;2.18;0.131;43.5;16.56;8.13;4.93;0.91;2.86;6.51;119;79.6;20.7;5.7;13;1.21;0.52;0.18;0.26
1;50;50;0;0;15.29;2.82;8.02;1.46;1.47;0.138;46;10.57;5.17;3.12;0.54;1.81;4.06;149.8;125.7;12.4;3.6;8.1;0.88;0.3;0.12;0.17;0.79;0.74;0.123;54;5.89;2.88;1.82;0.33;1.01;3.96;175.8;152.5;13.3;2;7.9;0.28;0.3;0.07;0.09
1;50;50;0;50;15.16;3.11;8.77;1.52;1.56;0.144;46.5;10.81;5.33;3.16;0.53;1.86;4.43;151.7;127.9;11.2;3.7;8.9;0.89;0.37;0.13;0.16;0.95;0.98;0.134;53.5;7.23;3.54;2.22;0.36;1.25;4.34;174.5;149.7;13.7;2.5;8.7;0.3;0.48;0.09;0.11
1;50;50;0;100;14.6;3.21;9.3;1.65;1.64;0.149;46;10.97;5.49;3.25;0.55;1.81;4.66;153.1;130.3;9.9;3.6;9.3;0.9;0.43;0.13;0.17;1.3;1.22;0.145;54;8.34;4.17;2.48;0.44;1.39;4.65;179.4;146.7;20.7;2.8;9.3;0.3;0.69;0.1;0.13
1;50;50;50;0;17.38;3.32;9.74;1.59;1.57;0.137;51.4;11.46;5.64;3.39;0.63;1.94;4.86;151.5;122.1;15.8;3.9;9.7;0.86;0.4;0.14;0.18;1.02;1.04;0.125;48.6;8.24;3.91;2.57;0.44;1.38;4.88;143.3;117.8;13;2.8;9.8;0.52;0.3;0.09;0.13
1;50;50;50;50;17.24;3.85;11.23;1.75;1.69;0.143;51.3;11.79;5.93;3.48;0.6;1.97;5.64;152.8;122.8;14.7;3.9;11.3;0.86;0.5;0.14;0.19;1.49;1.47;0.132;48.7;11.08;5.42;3.39;0.6;1.87;5.59;145.1;117.1;13.1;3.7;11.2;0.71;0.45;0.13;0.18
1;50;50;50;100;17.3;4.4;12.51;1.84;1.85;0.153;51.2;12.03;6.05;3.55;0.58;2;6.4;161;123.6;20.7;4;12.8;0.84;0.67;0.14;0.19;2;1.93;0.138;48.8;13.86;6.97;4.11;0.71;2.4;6.1;153.4;116.4;20;4.8;12.2;0.89;0.65;0.16;0.22
1;50;50;100;0;19.38;3.82;11;1.66;1.69;0.135;58.8;12.47;6.03;3.88;0.64;2.15;5.51;153.5;118.6;19.6;4.3;11;0.84;0.51;0.14;0.2;1.28;1.24;0.126;41.2;9.75;4.74;2.95;0.53;1.67;5.49;107.5;80.7;12.5;3.3;11;0.7;0.27;0.11;0.16
1;50;50;100;50;19.69;4.66;13.25;1.86;1.88;0.146;59.5;12.84;6.4;3.84;0.67;2.16;6.73;163.8;118.3;27.7;4.3;13.5;0.81;0.72;0.15;0.2;1.87;1.87;0.132;40.5;14.17;6.97;4.22;0.75;2.5;6.52;111.6;80.8;12.8;5;13;1.04;0.45;0.17;0.22
1;50;50;100;100;19.45;5.16;14.74;2.08;2.09;0.154;57.6;13.52;6.77;3.97;0.72;2.24;7.45;163.4;117.7;26.2;4.5;14.9;0.82;0.9;0.16;0.21;2.31;2.33;0.136;42.4;17.03;8.31;5.16;0.88;2.92;7.29;120.3;81.2;18.7;5.8;14.6;1.25;0.61;0.2;0.27
1;50;100;0;0;15.56;3.29;9.67;1.91;1.92;0.141;47.1;13.57;6.71;4.11;0.67;2.24;4.85;158.1;124.8;19.1;4.5;9.7;1.11;0.43;0.16;0.22;0.89;0.86;0.137;52.9;6.2;3.1;1.84;0.33;1.05;4.82;177.8;153.6;12.4;2.1;9.6;0.29;0.41;0.07;0.1
1;50;100;0;50;15.07;3.52;10.02;2.02;2.02;0.149;46.5;13.52;6.75;4.01;0.68;2.27;5;158.5;126.6;17.4;4.5;10;1.1;0.55;0.17;0.2;1.1;1.08;0.149;53.5;7.2;3.62;2.16;0.35;1.24;5.02;182.6;151.3;18.8;2.5;10;0.29;0.6;0.08;0.11
1;50;100;0;100;14.78;3.72;10.62;2.11;2.17;0.157;47;13.81;7.04;4.04;0.69;2.4;5.33;160.1;129.3;15.4;4.8;10.7;1.13;0.67;0.17;0.21;1.39;1.42;0.168;53;8.45;4.22;2.52;0.45;1.32;5.29;180.4;147.9;19.2;2.6;10.6;0.3;0.9;0.09;0.13
1;50;100;50;0;17.2;3.98;11.27;2.05;2.1;0.143;52.6;14.68;7.22;4.48;0.74;2.49;5.64;161;120.5;24.2;5;11.3;1.09;0.61;0.17;0.23;1.17;1.15;0.135;47.4;8.49;4.19;2.52;0.41;1.49;5.63;145.1;119.3;11.5;3;11.3;0.54;0.39;0.1;0.13
1;50;100;50;50;17.31;4.29;12.63;2.22;2.23;0.149;51.5;14.87;7.38;4.53;0.72;2.39;6.41;161.9;121.7;22.6;4.8;12.8;1.07;0.74;0.17;0.24;1.67;1.59;0.142;48.5;11.19;5.62;3.32;0.55;1.9;6.22;152.5;118.2;18.1;3.8;12.4;0.71;0.59;0.13;0.17
1;50;100;50;100;17.22;4.78;14.01;2.45;2.46;0.163;51.2;15.09;7.58;4.47;0.75;2.5;7.12;162;121.8;20.9;5;14.2;1.09;0.98;0.17;0.23;2.12;2.1;0.15;48.8;13.89;6.94;4.1;0.73;2.29;6.89;154.2;118;17.8;4.6;13.8;0.91;0.83;0.15;0.21
1;50;100;100;0;19.52;4.45;12.84;2.07;2.24;0.143;60;15.65;7.63;4.78;0.81;2.7;6.49;164.8;116.7;29.7;5.4;13;1.03;0.77;0.19;0.26;1.44;1.39;0.134;40;10.33;5.04;3.18;0.53;1.75;6.35;109.6;81.8;11.6;3.5;12.7;0.72;0.39;0.12;0.16
1;50;100;100;50;19.76;5.18;14.88;2.38;2.38;0.15;58;15.88;7.98;4.74;0.81;2.68;7.56;164.9;116.4;28;5.4;15.1;1.03;0.94;0.17;0.24;2.01;2;0.139;42;14.38;7.17;4.26;0.74;2.5;7.32;119.3;82;17.6;5;14.6;1.05;0.57;0.16;0.22
1;50;100;100;100;19.44;5.65;16.18;2.65;2.77;0.166;57.4;16.62;8.36;4.89;0.83;2.67;8.19;163.9;115.3;26.8;5.3;16.4;1.03;1.3;0.18;0.26;2.46;2.53;0.146;42.6;17.26;8.6;5.06;0.88;2.98;7.99;121.5;82.7;16.9;6;16;1.26;0.8;0.21;0.26
1;100;0;0;0;17.5;2.83;7.86;1.37;1.34;0.137;38;9.72;4.85;2.93;0.48;1.72;3.92;108.9;85.3;12.3;3.4;7.8;0.86;0.21;0.12;0.15;0.74;0.75;0.119;62;6.25;2.99;1.91;0.36;1.11;3.94;177.6;149.8;17.8;2.2;7.9;0.28;0.3;0.08;0.09
1;100;0;0;50;17.4;3.08;8.87;1.43;1.4;0.14;38.8;9.98;4.92;2.98;0.51;1.68;4.47;111;87.8;11;3.4;8.9;0.9;0.23;0.12;0.15;1.05;1;0.123;61.2;8.03;3.94;2.46;0.41;1.4;4.4;175.2;145.1;18.5;2.8;8.8;0.29;0.49;0.1;0.12
1;100;0;0;100;17.2;3.3;9.68;1.45;1.51;0.144;38.4;10.43;5.17;3.16;0.57;1.81;4.88;113.1;89.8;9.9;3.6;9.8;0.93;0.29;0.13;0.17;1.29;1.24;0.134;61.6;9.17;4.36;2.87;0.47;1.49;4.8;181.8;141.3;27.9;3;9.6;0.28;0.72;0.1;0.14
1;100;0;50;0;19.34;3.22;9.34;1.41;1.4;0.135;43.8;10.31;5.11;3.13;0.52;1.76;4.7;112.3;83.8;15.6;3.5;9.4;0.85;0.27;0.12;0.16;1.05;1.03;0.121;56.2;8.43;4.11;2.59;0.47;1.46;4.63;144.1;114.6;17.4;2.9;9.3;0.5;0.3;0.1;0.14
1;100;0;50;50;19.4;3.8;10.97;1.52;1.49;0.138;44;10.78;5.26;3.22;0.56;1.8;5.59;114.1;84.7;14.6;3.6;11.2;0.86;0.33;0.13;0.18;1.46;1.45;0.125;56;11.49;5.58;3.47;0.65;2;5.38;145.5;113.2;17.5;4;10.8;0.68;0.45;0.13;0.18
1;100;0;50;100;19.33;4.39;12.59;1.66;1.65;0.146;42.5;11.22;5.6;3.3;0.59;1.9;6.27;115.2;85.6;13.2;3.8;12.5;0.89;0.44;0.14;0.18;1.98;1.94;0.133;57.5;14.58;7.22;4.37;0.77;2.49;6.32;156;111.9;26.5;5;12.6;0.85;0.69;0.17;0.23
1;100;0;100;0;21.18;3.62;10.39;1.46;1.47;0.135;51.4;10.9;5.36;3.29;0.53;1.93;5.16;115.1;81.9;19;3.9;10.3;0.84;0.32;0.13;0.17;1.2;1.24;0.123;48.6;10.02;4.8;3.12;0.55;1.7;5.24;108.9;78;17;3.4;10.5;0.68;0.29;0.12;0.16
1;100;0;100;50;21.51;4.46;12.79;1.55;1.57;0.136;51;11.49;5.67;3.44;0.58;1.98;6.49;117.2;82.1;18.1;4;13;0.84;0.42;0.13;0.18;1.87;1.81;0.126;49;14.29;6.9;4.4;0.76;2.47;6.31;112.5;77.8;17.1;4.9;12.6;0.98;0.44;0.17;0.22
1;100;0;100;100;21.44;5.15;14.69;1.71;1.78;0.146;49;12.13;6.06;3.69;0.58;2.06;7.42;118.9;83.1;16.8;4.1;14.8;0.84;0.59;0.15;0.2;2.38;2.35;0.132;51;17.71;8.69;5.36;0.92;3.09;7.26;123.6;77;25.9;6.2;14.5;1.18;0.69;0.21;0.27
1;100;50;0;0;17.84;3.56;10.31;1.95;1.98;0.141;39.2;14.06;6.96;4.16;0.75;2.38;5.17;114.1;86.7;12.3;4.8;10.3;1.3;0.29;0.18;0.22;0.89;0.88;0.124;60.8;7.05;3.42;2.11;0.39;1.19;5.13;176.9;147.1;17.2;2.4;10.3;0.28;0.4;0.08;0.12
1;100;50;0;50;17.57;3.81;11.21;2.11;2.07;0.144;38.5;14.35;7.11;4.37;0.75;2.35;5.59;115.2;88.3;11.1;4.7;11.2;1.31;0.38;0.17;0.22;1.15;1.19;0.14;61.5;8.45;4.21;2.53;0.4;1.45;5.63;184.3;144.2;26;2.9;11.3;0.28;0.67;0.1;0.14
1;100;50;0;100;17.39;4.19;12.01;2.15;2.18;0.148;39.1;14.68;7.34;4.33;0.78;2.47;5.95;116.9;90.3;9.7;4.9;11.9;1.35;0.43;0.17;0.22;1.49;1.48;0.147;60.9;10.01;5.01;2.96;0.53;1.72;6.06;182.6;140.3;26.8;3.4;12.1;0.29;0.91;0.12;0.16
1;100;50;50;0;19.52;4.03;11.6;1.97;2.04;0.139;44.5;14.62;7.13;4.41;0.73;2.44;5.86;116.2;84.1;15.5;4.9;11.7;1.24;0.38;0.17;0.24;1.15;1.16;0.125;55.5;9.19;4.45;2.79;0.5;1.59;5.74;145.3;114.1;16.5;3.2;11.5;0.52;0.38;0.11;0.15
1;100;50;50;50;19.26;4.59;13.22;2.13;2.2;0.144;43.5;15.23;7.54;4.58;0.77;2.6;6.74;118.3;85.6;14.1;5.2;13.5;1.29;0.48;0.18;0.25;1.62;1.63;0.137;56.5;11.89;5.83;3.59;0.6;1.99;6.48;154;112;25;4;13;0.66;0.64;0.13;0.19
1;100;50;50;100;19.75;5.19;14.87;2.37;2.38;0.151;44.8;15.69;7.82;4.63;0.83;2.64;7.57;126.8;86.3;20;5.3;15.1;1.3;0.65;0.19;0.25;2.11;2.13;0.14;55.2;15.11;7.49;4.52;0.75;2.55;7.3;156.2;111;25.6;5.1;14.6;0.85;0.88;0.17;0.23
1;100;50;100;0;21.41;4.43;12.95;2.21;2.17;0.138;51.9;15.7;7.75;4.71;0.85;2.64;6.63;119.3;81.6;19.1;5.3;13.3;1.22;0.5;0.19;0.26;1.34;1.33;0.126;48.1;10.49;5.07;3.18;0.56;1.79;6.32;110.6;78.3;16;3.6;12.6;0.68;0.36;0.13;0.16
1;100;50;100;50;21.41;5.32;15.36;2.31;2.36;0.146;51.3;16.14;8.08;4.82;0.84;2.73;7.71;129.1;81.6;26.7;5.5;15.4;1.23;0.69;0.18;0.26;2.07;2.04;0.135;48.7;15.08;7.43;4.55;0.77;2.59;7.66;122.7;78.3;23.8;5.2;15.3;1.02;0.62;0.17;0.23
1;100;50;100;100;21.61;5.84;16.87;2.4;2.53;0.152;51.1;16.53;8.15;4.96;0.88;2.74;8.45;130.3;82.7;25.2;5.5;16.9;1.24;0.84;0.19;0.26;2.48;2.5;0.138;48.9;18.05;8.96;5.38;0.94;3.1;8.42;124.8;77.3;24.4;6.2;16.8;1.18;0.83;0.21;0.29
1;100;100;0;0;17.84;4.22;12.06;2.4;2.44;0.142;40.9;17.12;8.49;5.06;0.98;2.95;6.09;123;86.5;18.4;5.9;12.2;1.54;0.42;0.21;0.27;1.05;1.06;0.139;59.1;7.57;3.65;2.29;0.41;1.27;5.97;177.9;147.4;15.9;2.5;11.9;0.29;0.56;0.09;0.12
1;100;100;0;50;17.28;4.49;12.62;2.56;2.58;0.148;40.2;17.36;8.69;5.18;0.87;3.02;6.32;123.3;88.4;16.2;6;12.6;1.58;0.53;0.2;0.27;1.31;1.33;0.152;59.8;8.72;4.36;2.56;0.43;1.48;6.29;183.8;143.9;24.3;3;12.6;0.28;0.82;0.1;0.13
1;100;100;0;100;17.18;4.57;13.24;2.76;2.77;0.154;40.7;17.91;8.96;5.29;0.91;2.97;6.62;124.3;90.2;15;5.9;13.2;1.63;0.66;0.21;0.28;1.78;1.73;0.172;59.3;10.04;5.16;2.87;0.5;1.6;6.63;181.6;140.6;24.6;3.2;13.3;0.28;1.19;0.11;0.15
1;100;100;50;0;19.59;4.75;13.33;2.49;2.58;0.144;46.4;17.89;8.9;5.31;0.91;3.1;6.73;126.6;83.8;23.2;6.2;13.5;1.49;0.58;0.22;0.29;1.31;1.32;0.137;53.6;9.61;4.71;2.9;0.47;1.65;6.6;146.6;114.5;15.6;3.3;13.2;0.51;0.55;0.11;0.15
1;100;100;50;50;19.43;5.07;14.96;2.69;2.72;0.149;45.1;18.23;9.05;5.51;0.91;3.02;7.58;127.5;85.1;21.2;6;15.2;1.52;0.7;0.22;0.29;1.81;1.82;0.145;54.9;12.48;6.08;3.81;0.66;2.04;7.38;155.2;112.6;23.8;4.1;14.8;0.67;0.81;0.14;0.19
1;100;100;50;100;19.53;5.64;16.27;2.95;2.95;0.159;44.9;18.49;9.32;5.42;0.94;3.12;8.18;128;85.4;20;6.2;16.4;1.52;0.93;0.22;0.28;2.37;2.41;0.156;55.1;15.43;7.63;4.58;0.78;2.52;8.09;157.2;112.2;23.7;5;16.2;0.87;1.14;0.17;0.23
1;100;100;100;0;21.5;5.17;14.7;2.62;2.69;0.143;53.5;18.8;9.29;5.56;0.98;3.29;7.23;130.3;80.4;28.9;6.6;14.5;1.43;0.75;0.21;0.3;1.54;1.52;0.135;46.5;11.19;5.5;3.45;0.57;1.88;7.47;113;79.5;14.8;3.8;14.9;0.69;0.52;0.12;0.18
1;100;100;100;50;21.62;6;16.7;2.92;2.92;0.15;51.7;19.52;9.78;5.83;0.95;3.38;8.48;131.8;80.5;27.5;6.8;17;1.44;0.94;0.23;0.31;2.09;2.14;0.141;48.3;15.12;7.43;4.49;0.78;2.62;8.21;123;79.4;22;5.2;16.4;1;0.73;0.18;0.23
1;100;100;100;100;21.61;6.32;18.48;3.21;3.25;0.162;51.5;19.97;10.17;5.84;0.99;3.25;9.46;132.7;81.5;25.8;6.5;18.9;1.46;1.24;0.23;0.32;2.78;2.77;0.15;48.5;18.33;9.19;5.41;0.95;3.07;9.02;125.2;78.4;22.5;6.1;18;1.2;1.09;0.21;0.28
2;0;0;0;0;13.72;1.91;5.27;0.77;0.75;0.129;52.9;5.76;2.82;1.75;0.31;1.01;2.7;189.5;168.4;13.7;2;5.4;0.36;0.23;0.07;0.09;0.59;0.61;0.119;47.1;4.97;2.4;1.52;0.25;0.9;2.57;168.7;151.4;10.3;1.8;5.1;0.3;0.18;0.06;0.07
2;0;0;0;50;13.15;2;5.69;0.83;0.8;0.132;53.1;5.98;2.98;1.78;0.31;1.04;2.88;190.1;169.6;12.7;2.1;5.8;0.36;0.27;0.07;0.09;0.72;0.71;0.123;46.9;5.61;2.72;1.74;0.3;0.96;2.81;168;150.3;10.2;1.9;5.6;0.3;0.24;0.07;0.09
2;0;0;0;100;12.96;2.21;6.29;0.9;0.89;0.141;52.6;6.27;3.09;1.9;0.33;1.05;3.18;192;172;11.5;2.1;6.4;0.38;0.34;0.07;0.1;0.86;0.85;0.129;47.4;6.57;3.22;1.99;0.35;1.17;3.11;172.9;148.2;16.1;2.3;6.2;0.3;0.36;0.08;0.11
2;0;0;50;0;15.53;2.32;6.67;0.84;0.84;0.127;58.5;6.52;3.18;2.03;0.32;1.09;3.37;190.4;164.5;17;2.2;6.7;0.37;0.29;0.08;0.1;0.91;0.86;0.124;41.5;6.93;3.36;2.13;0.35;1.24;3.3;135.1;116.2;9.9;2.5;6.6;0.51;0.17;0.08;0.1
2;0;0;50;50;15.46;2.81;8.05;0.89;0.9;0.131;58.1;6.79;3.34;2.02;0.36;1.21;4.05;191;164.4;16.1;2.4;8.1;0.36;0.35;0.08;0.1;1.16;1.19;0.126;41.9;9.32;4.5;2.9;0.48;1.6;4;137.4;116.2;10;3.2;8;0.69;0.24;0.11;0.14
2;0;0;50;100;15.71;3.28;9.46;1.09;1.08;0.146;56.7;7.33;3.68;2.17;0.37;1.29;4.78;190.7;163.2;15.4;2.6;9.6;0.35;0.52;0.09;0.11;1.55;1.55;0.129;43.3;11.95;5.83;3.64;0.6;2;4.68;145.5;117;15.1;4;9.4;0.89;0.33;0.14;0.18
2;0;0;100;0;17.8;2.75;7.95;0.91;0.92;0.126;66;7.26;3.47;2.26;0.39;1.26;3.99;193.3;162.1;20.6;2.5;8;0.36;0.36;0.08;0.12;1.11;1.09;0.124;34;8.68;4.24;2.64;0.46;1.5;3.95;99.3;78.4;10.1;3;7.9;0.67;0.18;0.1;0.14
2;0;0;100;50;17.77;3.47;10.1;0.98;1.03;0.129;64.9;7.88;3.88;2.39;0.41;1.35;5.14;191.8;159.2;19.7;2.7;10.3;0.35;0.46;0.09;0.12;1.58;1.58;0.127;35.1;12.36;6.05;3.72;0.61;2.12;4.96;103.5;79.6;9.7;4.2;9.9;1.01;0.23;0.14;0.19
2;0;0;100;100;17.91;4.06;11.68;1.22;1.26;0.146;63.1;8.6;4.23;2.61;0.46;1.41;5.95;191.3;157.4;19.2;2.8;11.9;0.34;0.68;0.09;0.14;1.91;1.94;0.129;36.9;15.01;7.39;4.5;0.72;2.65;5.73;111.6;80.4;14.4;5.3;11.5;1.21;0.32;0.18;0.24
2;0;50;0;0;13.25;1.98;5.83;0.89;0.91;0.132;52.7;6.84;3.27;2.15;0.35;1.11;2.99;188.6;166.4;14;2.2;6;0.38;0.34;0.08;0.11;0.63;0.6;0.122;47.3;4.82;2.38;1.42;0.27;0.88;2.84;169.6;153.2;9;1.8;5.7;0.28;0.2;0.05;0.07
2;0;50;0;50;13.04;2.21;6.33;0.98;1.02;0.141;52.6;7.2;3.55;2.13;0.38;1.23;3.16;188.8;167;13;2.5;6.3;0.39;0.43;0.09;0.11;0.77;0.77;0.132;47.4;5.75;2.77;1.75;0.32;0.97;3.17;170.3;152.6;9.4;1.9;6.3;0.3;0.31;0.06;0.09
2;0;50;0;100;12.67;2.35;6.61;1.1;1.08;0.15;52.2;7.14;3.58;2.13;0.34;1.21;3.29;189.8;169.1;11.7;2.4;6.6;0.38;0.51;0.08;0.11;0.94;0.94;0.142;47.8;6.58;3.23;2.01;0.3;1.14;3.33;174.1;150.8;14.3;2.3;6.7;0.31;0.45;0.08;0.1
2;0;50;50;0;15.45;2.56;7.41;0.96;1.03;0.13;58.2;7.81;3.8;2.37;0.41;1.32;3.83;189.7;161.9;17.5;2.6;7.7;0.37;0.44;0.09;0.13;0.97;0.91;0.126;41.8;7.13;3.49;2.14;0.39;1.24;3.58;136.4;117.9;8.8;2.5;7.2;0.52;0.19;0.08;0.11
2;0;50;50;50;15.32;3;8.71;1.1;1.13;0.141;57.4;8.03;3.95;2.4;0.43;1.33;4.4;188.5;160.6;16.4;2.7;8.8;0.35;0.56;0.09;0.13;1.19;1.26;0.131;42.6;9.55;4.61;2.93;0.5;1.67;4.31;139.7;118.7;9;3.3;8.6;0.7;0.3;0.11;0.15
2;0;50;50;100;14.91;3.56;10.1;1.39;1.36;0.157;57.3;8.6;4.39;2.41;0.46;1.47;5.14;196.1;160.3;22.6;2.9;10.3;0.37;0.74;0.11;0.14;1.71;1.69;0.136;42.7;12.38;6.12;3.68;0.64;2.09;4.95;146.2;119;13.2;4.2;9.9;0.93;0.42;0.14;0.2
2;0;50;100;0;17.36;3.05;8.6;1.18;1.16;0.129;65.4;8.87;4.34;2.67;0.47;1.57;4.42;190;156.9;21.1;3.1;8.8;0.36;0.54;0.11;0.14;1.14;1.1;0.126;34.6;8.67;4.21;2.63;0.45;1.48;4.18;100.4;80.6;8.4;3;8.4;0.69;0.18;0.1;0.13
2;0;50;100;50;17.92;3.82;10.94;1.34;1.42;0.146;65.4;9.67;4.7;2.97;0.52;1.63;5.58;199.3;154.1;30.9;3.3;11.2;0.35;0.79;0.11;0.16;1.7;1.65;0.131;34.6;12.61;6.17;3.84;0.6;2.2;5.36;105.5;81.9;8.5;4.4;10.7;1.03;0.29;0.15;0.19
2;0;50;100;100;17.73;4.3;12.61;1.58;1.6;0.158;63.7;10.1;5.09;2.93;0.54;1.68;6.45;198.1;153;28.9;3.4;12.9;0.36;0.97;0.11;0.16;2.05;2.09;0.134;36.3;15.52;7.47;4.83;0.83;2.63;6.16;112.7;82.4;12.7;5.3;12.3;1.26;0.4;0.18;0.24
2;0;100;0;0;13.05;2.27;6.45;1.05;1.09;0.136;52.9;7.98;3.88;2.41;0.41;1.36;3.25;193.7;163.4;21.1;2.7;6.5;0.39;0.48;0.1;0.12;0.67;0.69;0.13;47.1;5.16;2.54;1.56;0.28;0.92;3.19;172.2;155.8;8.2;1.8;6.4;0.3;0.25;0.06;0.08
2;0;100;0;50;12.54;2.37;6.66;1.25;1.22;0.151;52.9;8.08;4.04;2.4;0.41;1.35;3.38;193.1;163.9;19.7;2.7;6.8;0.38;0.63;0.09;0.13;0.77;0.81;0.139;47.1;5.69;2.81;1.74;0.27;1.03;3.28;171.9;155.3;7.9;2.1;6.6;0.3;0.35;0.07;0.09
2;0;100;0;100;12.14;2.46;6.97;1.38;1.39;0.167;52.4;8.3;4.19;2.45;0.42;1.34;3.58;193.1;165.4;17.9;2.7;7.2;0.39;0.78;0.1;0.13;0.99;1;0.155;47.6;6.38;3.23;1.86;0.31;1.11;3.4;175.2;154;12.1;2.2;6.8;0.31;0.52;0.08;0.09
2;0;100;50;0;15.21;2.8;8.18;1.28;1.3;0.14;58.5;9.25;4.56;2.77;0.47;1.54;4.22;195.8;157.6;26.7;3.1;8.4;0.37;0.67;0.11;0.15;0.97;0.96;0.131;41.5;7.31;3.59;2.27;0.35;1.26;3.96;139;120.7;7.8;2.5;7.9;0.53;0.24;0.08;0.11
2;0;100;50;50;15.05;3.15;9.38;1.49;1.48;0.152;57.7;9.73;4.89;2.86;0.51;1.62;4.69;193.6;155.6;25.3;3.2;9.4;0.37;0.85;0.11;0.15;1.4;1.31;0.135;42.3;9.61;4.6;2.97;0.52;1.53;4.69;142;122;7.5;3.1;9.4;0.73;0.33;0.1;0.15
2;0;100;50;100;14.99;3.75;10.47;1.71;1.74;0.176;56.7;9.85;5.05;2.8;0.52;1.65;5.29;193.7;155.9;24;3.3;10.6;0.36;1.11;0.12;0.15;1.81;1.76;0.142;43.3;12.3;6.13;3.62;0.57;2.1;5.18;147.9;121.9;11.5;4.2;10.4;0.93;0.5;0.14;0.19
2;0;100;100;0;17.51;3.4;9.56;1.53;1.49;0.14;65.6;10.62;5.35;3.1;0.52;1.84;4.91;196.9;150.8;32.6;3.7;9.8;0.35;0.85;0.12;0.17;1.14;1.18;0.131;34.4;8.95;4.36;2.71;0.47;1.55;4.66;103.2;83.3;7.5;3.1;9.3;0.72;0.22;0.11;0.13
2;0;100;100;50;17.83;4.12;11.88;1.82;1.76;0.152;64.4;11.52;5.79;3.39;0.59;1.87;6.07;195.5;147.9;31.7;3.7;12.1;0.35;1.09;0.13;0.18;1.67;1.73;0.134;35.6;12.86;6.31;3.86;0.68;2.25;5.81;108;84.6;7.3;4.5;11.6;1.07;0.32;0.15;0.19
2;0;100;100;100;17.52;4.6;13.26;2.07;2.12;0.178;62.7;11.87;6.06;3.46;0.58;1.92;6.64;193.1;145.9;30.1;3.8;13.3;0.34;1.46;0.13;0.18;2.2;2.19;0.138;37.3;15.74;7.76;4.65;0.83;2.68;6.62;114.6;85.5;10.5;5.4;13.2;1.31;0.45;0.18;0.25
2;50;0;0;0;15.33;2.39;6.61;1.14;1.12;0.135;47.2;8.26;4.12;2.47;0.39;1.43;3.39;151.9;129.1;13.2;2.9;6.8;0.67;0.22;0.1;0.13;0.67;0.64;0.118;52.8;5.31;2.62;1.58;0.28;0.95;3.22;169.8;148.1;13.4;1.9;6.4;0.27;0.23;0.06;0.08
2;50;0;0;50;15.2;2.52;7.53;1.19;1.18;0.137;47.6;8.55;4.22;2.58;0.46;1.41;3.89;153.6;130.8;12.1;2.8;7.8;0.67;0.27;0.1;0.15;0.79;0.81;0.123;52.4;6.48;3.12;1.99;0.37;1.12;3.64;169.2;146;13.7;2.2;7.3;0.29;0.34;0.08;0.1
2;50;0;0;100;14.91;2.81;8.07;1.22;1.27;0.143;47;8.85;4.3;2.71;0.45;1.48;4.15;155.1;132.8;11;3;8.3;0.7;0.33;0.1;0.15;1.08;1.04;0.134;53;7.7;3.82;2.36;0.39;1.33;3.92;174.7;143.7;20.5;2.7;7.8;0.3;0.52;0.09;0.12
2;50;0;50;0;17.59;2.75;8.19;1.16;1.18;0.133;52.7;8.84;4.25;2.72;0.47;1.48;4.09;154;126;16.9;3;8.2;0.65;0.29;0.1;0.14;0.94;0.93;0.122;47.3;7.54;3.59;2.37;0.37;1.26;4.1;138;113.8;13.4;2.5;8.2;0.5;0.23;0.08;0.12
2;50;0;50;50;17.57;3.36;9.54;1.25;1.24;0.136;52.9;9.12;4.46;2.75;0.48;1.56;4.87;156.1;127.5;15.8;3.1;9.7;0.65;0.34;0.11;0.15;1.28;1.3;0.126;47.1;10.24;4.94;3.17;0.53;1.8;4.68;139.1;112.5;13.6;3.6;9.4;0.67;0.34;0.12;0.16
2;50;0;50;100;17.41;3.87;11.15;1.39;1.41;0.146;51.3;9.61;4.74;2.82;0.49;1.57;5.7;156.4;127.2;14.6;3.1;11.4;0.65;0.49;0.12;0.15;1.68;1.71;0.132;48.7;12.94;6.36;3.97;0.66;2.3;5.45;148.3;112.8;20;4.6;10.9;0.86;0.5;0.14;0.2
2;50;0;100;0;19.43;3.08;9.25;1.28;1.27;0.132;60.6;9.54;4.74;2.82;0.53;1.62;4.69;156.9;124.1;20.2;3.2;9.4;0.65;0.34;0.12;0.16;1.15;1.13;0.124;39.4;9.08;4.39;2.83;0.46;1.46;4.56;102;76.9;13.1;2.9;9.1;0.66;0.22;0.1;0.15
2;50;0;100;50;19.55;3.99;11.41;1.41;1.36;0.134;59.6;10.12;5;2.95;0.54;1.7;5.79;156.9;122.6;19.3;3.4;11.6;0.63;0.45;0.12;0.16;1.63;1.66;0.127;40.4;13.05;6.33;3.98;0.68;2.28;5.62;106.4;77.8;12.8;4.6;11.2;0.98;0.32;0.15;0.2
2;50;0;100;100;19.65;4.57;13.13;1.64;1.58;0.146;57.6;10.79;5.36;3.19;0.58;1.81;6.59;157.6;122.4;18.4;3.6;13.2;0.63;0.65;0.13;0.17;2.12;2.11;0.131;42.4;16.03;7.8;4.91;0.82;2.77;6.54;115.9;77.9;19.5;5.5;13.1;1.18;0.49;0.18;0.25
2;50;50;0;0;15.56;2.87;8.3;1.52;1.53;0.138;47.4;11.05;5.43;3.42;0.56;1.88;4.22;154.4;128.5;13.7;3.8;8.4;0.9;0.32;0.14;0.17;0.73;0.71;0.123;52.6;5.7;2.77;1.72;0.3;0.99;4.08;171.3;148.7;12.5;2;8.2;0.29;0.27;0.07;0.08
2;50;50;0;50;15.11;3.12;8.61;1.62;1.64;0.144;47.8;11.38;5.66;3.37;0.58;1.96;4.39;155.6;130.3;12.6;3.9;8.8;0.91;0.41;0.14;0.18;0.9;0.88;0.133;52.2;6.51;3.27;1.9;0.34;1.15;4.22;169.9;146.7;12.5;2.3;8.4;0.28;0.42;0.08;0.1
2;50;50;0;100;14.63;3.35;9.29;1.71;1.73;0.149;47.4;11.56;5.84;3.36;0.63;1.99;4.74;157.2;132.8;10.9;4;9.5;0.93;0.48;0.14;0.18;1.14;1.13;0.145;52.6;7.76;3.88;2.26;0.41;1.35;4.55;174.7;143.7;19.2;2.7;9.1;0.29;0.64;0.09;0.12
2;50;50;50;0;17.32;3.33;9.85;1.56;1.62;0.136;52.9;11.86;5.73;3.65;0.61;1.96;5.03;156.1;125.5;16.6;3.9;10.1;0.88;0.42;0.13;0.2;1;1;0.125;47.1;7.88;3.81;2.43;0.41;1.37;4.81;138.8;114.3;12.2;2.7;9.6;0.51;0.27;0.09;0.13
2;50;50;50;50;17.33;3.77;11.29;1.77;1.76;0.143;52.5;12.3;6.03;3.76;0.62;2.05;5.7;156.5;125.3;15.7;4.1;11.4;0.88;0.55;0.14;0.19;1.41;1.38;0.131;47.5;10.41;5.05;3.21;0.55;1.73;5.59;141.3;114.4;12.2;3.5;11.2;0.68;0.43;0.12;0.15
2;50;50;50;100;17.31;4.37;12.62;1.86;1.92;0.153;52.6;12.54;6.23;3.73;0.63;2.08;6.39;165.1;126.3;21.9;4.2;12.8;0.88;0.71;0.14;0.19;1.91;1.85;0.138;47.4;13.36;6.65;4.03;0.67;2.3;6.22;149.1;113.5;18.5;4.6;12.4;0.88;0.61;0.16;0.21
2;50;50;100;0;19.41;3.94;10.99;1.77;1.77;0.135;60.1;13.06;6.49;3.9;0.68;2.26;5.56;157.4;121.1;20.6;4.5;11.1;0.86;0.54;0.16;0.21;1.18;1.19;0.126;39.9;9.39;4.56;2.83;0.51;1.68;5.43;104.4;78.6;11.6;3.4;10.9;0.68;0.25;0.11;0.15
2;50;50;100;50;19.69;4.47;13.2;1.98;2;0.146;60.8;13.66;6.68;4.12;0.73;2.26;6.7;167.7;120;29.8;4.5;13.4;0.85;0.77;0.16;0.22;1.77;1.75;0.131;39.2;13.31;6.4;4.15;0.74;2.21;6.5;108.2;79.3;11.5;4.4;13;1;0.39;0.15;0.21
2;50;50;100;100;19.72;5;14.89;2.22;2.16;0.155;58.8;13.95;7.16;4.08;0.7;2.36;7.47;167.1;119.5;27.9;4.7;14.9;0.84;0.95;0.17;0.21;2.23;2.21;0.135;41.2;16.25;7.92;4.96;0.86;2.65;7.41;117.2;79.6;17.5;5.3;14.8;1.22;0.57;0.16;0.25
2;50;100;0;0;15.32;3.4;9.66;2;1.98;0.141;48.5;13.99;6.88;4.21;0.7;2.34;4.85;162.4;127.9;20.2;4.7;9.7;1.13;0.45;0.17;0.23;0.82;0.83;0.137;51.5;6;2.94;1.84;0.31;1.06;4.81;172.7;149.5;11.5;2.1;9.6;0.28;0.38;0.07;0.1
2;50;100;0;50;15.22;3.57;10.31;2.16;2.16;0.149;48;14.44;7.24;4.28;0.74;2.44;5.26;163.7;129.4;18.9;4.9;10.5;1.15;0.61;0.17;0.23;0.97;1.03;0.148;52;6.91;3.36;2.09;0.36;1.13;5.05;177.5;147.7;17.5;2.3;10.1;0.29;0.57;0.08;0.1
2;50;100;0;100;14.71;3.77;10.84;2.22;2.31;0.157;48.2;14.62;7.41;4.27;0.72;2.5;5.43;164.2;131.3;17.1;5;10.9;1.17;0.74;0.17;0.23;1.31;1.32;0.166;51.8;7.91;3.97;2.31;0.39;1.27;5.41;176.4;145.5;17.6;2.5;10.8;0.3;0.83;0.09;0.11
2;50;100;50;0;17.54;3.92;11.33;2.11;2.18;0.143;54.2;15.16;7.43;4.59;0.8;2.55;5.8;166.3;124;25.7;5.1;11.6;1.11;0.64;0.19;0.24;1.08;1.09;0.135;45.8;8;3.89;2.45;0.42;1.37;5.53;140.5;115.6;11.1;2.7;11.1;0.5;0.37;0.09;0.12
2;50;100;50;50;17.31;4.52;12.82;2.45;2.35;0.15;52.7;15.67;7.89;4.66;0.81;2.66;6.5;165.9;123.7;23.9;5.3;13;1.12;0.79;0.19;0.25;1.58;1.52;0.141;47.3;10.72;5.32;3.23;0.57;1.86;6.32;148.8;115.9;16.6;3.7;12.6;0.7;0.54;0.11;0.17
2;50;100;50;100;17.1;4.86;13.92;2.51;2.59;0.164;52.5;15.78;7.97;4.66;0.78;2.67;7.12;166;124.1;22.4;5.3;14.2;1.1;1.05;0.19;0.25;2.04;1.99;0.15;47.5;13.26;6.57;3.99;0.68;2.19;6.8;149.9;115.5;16.5;4.4;13.6;0.88;0.77;0.14;0.2
2;50;100;100;0;19.65;4.42;12.88;2.42;2.37;0.142;61.4;16.65;8.24;5.04;0.82;2.8;6.59;169.1;118.6;31.7;5.6;13.2;1.08;0.84;0.19;0.27;1.32;1.29;0.134;38.6;9.61;4.71;2.9;0.5;1.62;6.29;106.4;80.1;10.5;3.2;12.6;0.68;0.35;0.11;0.15
2;50;100;100;50;19.75;5.2;14.81;2.62;2.56;0.15;59.4;16.99;8.57;5.03;0.85;2.9;7.57;168.6;117.5;30.1;5.8;15.1;1.06;1.03;0.2;0.28;1.89;1.89;0.138;40.6;13.66;6.68;4.06;0.74;2.31;7.24;115.3;80.7;15.5;4.6;14.5;1.02;0.52;0.15;0.2
2;50;100;100;100;19.79;5.63;16.05;2.82;2.9;0.168;58.7;17.24;8.71;5.01;0.85;2.84;8.21;167.9;116.6;29.2;5.7;16.4;1.02;1.42;0.2;0.27;2.33;2.4;0.145;41.3;16.46;8.11;4.86;0.81;2.79;7.84;118.2;81.3;15.7;5.6;15.7;1.23;0.73;0.19;0.25
2;100;0;0;0;17.51;2.87;8.11;1.44;1.42;0.138;39.5;10.31;5.11;3.11;0.52;1.76;4.07;112.6;87.6;13.3;3.5;8.1;0.91;0.22;0.13;0.16;0.74;0.75;0.119;60.5;6.2;3.01;1.93;0.31;1.1;4.04;172.7;145.5;16.8;2.2;8.1;0.28;0.29;0.07;0.1
2;100;0;0;50;17.31;3.1;8.89;1.5;1.48;0.14;40.3;10.55;5.19;3.16;0.56;1.76;4.52;114.6;90;12.1;3.5;9;0.94;0.25;0.13;0.16;0.95;0.93;0.123;59.7;7.52;3.62;2.32;0.41;1.34;4.38;170;141.4;17.1;2.7;8.8;0.28;0.45;0.09;0.11
2;100;0;0;100;17.01;3.33;9.61;1.6;1.55;0.144;39.5;10.74;5.33;3.2;0.53;1.77;4.89;115.6;91.6;10.7;3.5;9.8;0.93;0.32;0.12;0.18;1.23;1.23;0.134;60.5;9.11;4.41;2.77;0.46;1.55;4.72;177.5;138.5;26.4;3.1;9.4;0.29;0.7;0.11;0.14
2;100;0;50;0;19.32;3.21;9.45;1.39;1.46;0.136;45.1;10.75;5.2;3.32;0.52;1.83;4.69;115.3;86;16.3;3.7;9.4;0.88;0.28;0.13;0.17;1;1;0.121;54.9;8.2;3.94;2.56;0.41;1.37;4.76;140.4;111.4;16.8;2.7;9.5;0.49;0.29;0.09;0.13
2;100;0;50;50;19.23;3.8;10.9;1.59;1.55;0.138;45.3;11.2;5.51;3.36;0.56;1.92;5.53;116.9;86.8;15.3;3.8;11.1;0.9;0.34;0.14;0.18;1.43;1.39;0.125;54.7;11.05;5.34;3.46;0.58;1.88;5.38;141.4;110.3;16.6;3.8;10.8;0.67;0.43;0.13;0.16
2;100;0;50;100;19.26;4.49;12.69;1.66;1.72;0.147;43.8;11.69;5.77;3.5;0.58;2.02;6.42;118.5;87.5;14.1;4;12.8;0.91;0.47;0.15;0.19;1.86;1.9;0.133;56.2;14.24;7;4.39;0.72;2.47;6.27;151.9;109.4;25.1;4.9;12.5;0.86;0.65;0.17;0.22
2;100;0;100;0;21.06;3.47;10.3;1.57;1.5;0.134;52.9;11.14;5.42;3.33;0.58;1.81;5.27;118.2;84.6;19.4;3.6;10.5;0.86;0.34;0.13;0.18;1.2;1.2;0.123;47.1;9.72;4.62;3.02;0.51;1.66;5.03;105.2;75.3;16.6;3.3;10.1;0.66;0.28;0.11;0.15
2;100;0;100;50;21.39;4.46;12.64;1.68;1.63;0.136;52.3;11.92;5.88;3.61;0.62;2.03;6.4;119.8;84.1;18.9;4.1;12.8;0.85;0.44;0.14;0.19;1.71;1.75;0.126;47.7;13.78;6.69;4.23;0.7;2.44;6.25;109.3;75.8;16.1;4.9;12.5;0.96;0.42;0.16;0.21
2;100;0;100;100;21.33;5.06;14.5;1.79;1.85;0.146;50.3;12.64;6.2;3.83;0.62;2.13;7.33;121.4;84.7;17.7;4.3;14.7;0.87;0.63;0.15;0.2;2.29;2.26;0.132;49.7;17.04;8.29;5.2;0.88;2.93;7.17;119.8;75.2;24.4;5.9;14.3;1.15;0.64;0.2;0.27
2;100;50;0;0;17.61;3.52;10.45;2.02;2.04;0.14;40.5;14.53;7.11;4.43;0.76;2.39;5.26;117.1;88.6;13.2;4.8;10.5;1.33;0.32;0.17;0.23;0.86;0.81;0.122;59.5;6.53;3.13;2.02;0.36;1.12;5.19;172.2;143.8;15.8;2.2;10.4;0.27;0.37;0.08;0.1
2;100;50;0;50;17.36;3.95;11.07;2.07;2.15;0.144;39.7;14.86;7.29;4.4;0.76;2.56;5.59;118.2;90.2;11.7;5.1;11.2;1.35;0.39;0.18;0.24;1.1;1.13;0.14;60.3;8.06;3.98;2.46;0.41;1.4;5.48;179.3;141;24.5;2.8;11;0.28;0.63;0.09;0.12
2;100;50;0;100;17.36;4.24;12.01;2.27;2.3;0.148;40.7;15.46;7.7;4.64;0.81;2.66;6.21;121.1;92.4;10.9;5.3;12.4;1.38;0.49;0.18;0.25;1.39;1.38;0.147;59.3;9.37;4.61;2.81;0.49;1.58;5.8;176.8;137.1;25;3.2;11.6;0.28;0.86;0.11;0.14
2;100;50;50;0;19.54;4.16;11.78;2.06;2.13;0.139;46.1;15.27;7.49;4.63;0.78;2.64;6.06;120.4;86.7;16.3;5.3;12.1;1.29;0.4;0.19;0.24;1.09;1.1;0.124;53.9;8.8;4.21;2.68;0.47;1.51;5.72;140.7;110.4;15.8;3;11.4;0.49;0.38;0.1;0.14
2;100;50;50;50;19.7;4.6;13.33;2.21;2.27;0.144;44.7;15.75;7.71;4.77;0.83;2.68;6.81;121.4;87.1;15.3;5.4;13.6;1.31;0.52;0.19;0.25;1.53;1.56;0.136;55.3;11.39;5.47;3.52;0.59;1.92;6.53;150.5;109.9;23.7;3.8;13.1;0.66;0.61;0.12;0.17
2;100;50;50;100;19.57;5.25;14.97;2.44;2.45;0.152;46.1;16.15;8.11;4.82;0.85;2.74;7.57;130;88.3;21;5.5;15.1;1.32;0.68;0.19;0.26;2.11;2.06;0.14;53.9;14.62;7.26;4.35;0.75;2.51;7.4;152.2;108.3;24.1;5;14.8;0.83;0.83;0.17;0.23
2;100;50;100;0;21.37;4.42;13.01;2.23;2.21;0.137;53.3;16.03;7.91;4.85;0.85;2.7;6.62;122.5;84;19.8;5.4;13.2;1.25;0.51;0.18;0.26;1.29;1.3;0.126;46.7;10.27;4.95;3.16;0.56;1.73;6.39;107.1;75.8;15.1;3.5;12.8;0.66;0.35;0.12;0.16
2;100;50;100;50;21.67;5.38;15.05;2.48;2.45;0.146;53;16.73;8.38;4.92;0.87;2.89;7.68;133.5;83.6;28.7;5.8;15.4;1.24;0.74;0.2;0.27;1.95;1.95;0.135;47;14.38;7.09;4.26;0.77;2.48;7.37;118.6;76.2;22.7;5;14.7;0.96;0.6;0.18;0.22
2;100;50;100;100;21.42;5.96;16.86;2.6;2.66;0.153;52.6;17.4;8.76;5.24;0.87;2.92;8.68;133.6;84.3;26.1;5.8;17.4;1.28;0.9;0.21;0.28;2.5;2.4;0.138;47.4;17.36;8.6;5.17;0.9;3.05;8.18;120.6;75.6;22.5;6.1;16.4;1.17;0.77;0.2;0.25
2;100;100;0;0;17.61;4.19;12;2.6;2.54;0.142;42.4;17.77;8.82;5.28;0.91;2.98;6.13;126.8;88.9;19.7;6;12.3;1.6;0.44;0.22;0.28;1.05;1;0.139;57.6;7.14;3.53;2.13;0.37;1.22;5.87;172.4;143.3;14.9;2.4;11.7;0.27;0.54;0.08;0.11
2;100;100;0;50;17.29;4.34;12.71;2.68;2.68;0.148;41.5;18.03;8.83;5.46;0.92;2.92;6.48;126.6;90.5;17.3;5.8;13;1.63;0.55;0.21;0.29;1.24;1.26;0.152;58.5;8.28;4.12;2.46;0.4;1.43;6.22;178.7;140.5;22.9;2.9;12.4;0.27;0.77;0.1;0.12
2;100;100;0;100;17.16;4.53;13.41;2.8;2.83;0.154;42;18.27;9.07;5.48;0.96;2.98;6.82;127.8;92.5;15.7;6;13.6;1.64;0.69;0.21;0.29;1.64;1.66;0.173;58;9.62;4.94;2.72;0.48;1.55;6.6;177;137;23.7;3.1;13.2;0.27;1.16;0.1;0.14
2;100;100;50;0;19.53;4.67;13.46;2.69;2.69;0.144;47.5;18.64;9.21;5.56;1.01;3.11;6.76;129.6;85;24.9;6.2;13.5;1.52;0.64;0.22;0.31;1.22;1.25;0.136;52.5;9.09;4.5;2.68;0.47;1.56;6.7;143.5;112.7;14.3;3.1;13.4;0.5;0.5;0.1;0.15
2;100;100;50;50;19.6;5.19;14.88;2.76;2.83;0.149;46.4;18.94;9.48;5.63;0.97;3.21;7.6;131;86.2;23.2;6.4;15.2;1.53;0.77;0.23;0.3;1.8;1.72;0.144;53.6;11.85;5.92;3.56;0.58;1.99;7.28;151.6;111.1;22;4;14.6;0.67;0.73;0.14;0.18
2;100;100;50;100;19.53;5.55;16.32;3.02;3.04;0.16;46.2;18.97;9.55;5.61;0.93;3.11;8.23;131.3;87.4;21.2;6.2;16.5;1.54;0.99;0.22;0.29;2.31;2.34;0.156;53.8;15.01;7.52;4.49;0.77;2.44;8.09;153.3;109.5;22.7;4.9;16.2;0.85;1.09;0.17;0.23
2;100;100;100;0;21.59;5.2;14.64;2.78;2.8;0.143;55.1;19.51;9.63;5.78;0.98;3.36;7.39;134.4;82.4;30.5;6.7;14.8;1.48;0.79;0.23;0.3;1.47;1.44;0.135;44.9;10.58;5.23;3.19;0.59;1.84;7.25;109.4;77.2;14;3.7;14.5;0.67;0.49;0.12;0.16
2;100;100;100;50;21.81;5.89;16.72;2.98;3;0.15;53;20.02;10.07;5.85;0.99;3.4;8.56;135.2;82.3;28.9;6.8;17.1;1.47;0.98;0.24;0.31;2.06;2.07;0.141;47;14.67;7.28;4.38;0.74;2.49;8.16;119.8;77.3;21.2;5;16.3;0.98;0.71;0.17;0.22
2;100;100;100;100;21.68;6.48;18.27;3.37;3.37;0.163;52.5;20.58;10.45;5.97;1.07;3.49;9.24;135;81.9;27.6;7;18.5;1.47;1.34;0.24;0.32;2.65;2.63;0.149;47.5;17.54;8.84;5.18;0.87;2.99;9.04;122.4;77.7;20.7;6;18.1;1.18;0.99;0.2;0.26
3;0;0;0;0;13.61;1.88;5.33;0.75;0.82;0.133;54.4;6.05;2.96;1.83;0.32;1.04;2.7;194.8;172.6;14.7;2.1;5.4;0.39;0.25;0.08;0.1;0.51;0.54;0.114;45.6;4.58;2.2;1.4;0.25;0.84;2.64;163.1;146.9;9.3;1.7;5.3;0.26;0.16;0.05;0.07
3;0;0;0;50;13.12;2.01;5.7;0.84;0.88;0.137;54.4;6.35;3.08;1.91;0.35;1.07;2.92;194.9;173.3;13.6;2.1;5.8;0.4;0.3;0.08;0.1;0.63;0.63;0.119;45.6;5.22;2.58;1.6;0.24;0.93;2.79;163.1;146.3;9.3;1.9;5.6;0.26;0.22;0.07;0.08
3;0;0;0;100;12.82;2.18;6.21;0.96;0.95;0.145;53.8;6.53;3.23;1.95;0.34;1.11;3.12;195.3;174.4;12.5;2.2;6.2;0.4;0.37;0.07;0.11;0.78;0.75;0.123;46.2;5.99;2.95;1.83;0.32;1.07;3.08;168;145.4;14.3;2.1;6.2;0.27;0.32;0.07;0.09
3;0;0;50;0;15.76;2.32;6.77;0.88;0.89;0.131;59.9;6.7;3.31;2.01;0.35;1.13;3.44;195.9;168.8;18;2.3;6.9;0.38;0.31;0.08;0.11;0.84;0.81;0.117;40.1;6.85;3.27;2.13;0.39;1.19;3.32;131;112.5;9.4;2.4;6.6;0.47;0.16;0.08;0.1
3;0;0;50;50;15.43;2.7;8.02;0.98;0.98;0.135;59.4;7.22;3.5;2.18;0.37;1.15;4.13;195;167.4;17;2.3;8.3;0.39;0.38;0.08;0.12;1.12;1.08;0.12;40.6;8.96;4.35;2.73;0.46;1.55;3.89;133.3;113.3;9.1;3.1;7.8;0.63;0.21;0.11;0.14
3;0;0;50;100;15.51;3.26;9.45;1.19;1.15;0.149;58;7.65;3.87;2.24;0.39;1.31;4.79;194.6;166.2;16.2;2.6;9.6;0.38;0.55;0.09;0.12;1.41;1.39;0.122;42;11.33;5.49;3.53;0.58;1.95;4.66;140.9;114.1;13.6;3.9;9.3;0.8;0.3;0.12;0.17
3;0;0;100;0;17.55;2.72;7.95;0.93;0.98;0.129;67.3;7.53;3.66;2.28;0.4;1.28;4.12;197.6;165.3;21.5;2.6;8.2;0.39;0.37;0.09;0.13;0.96;0.99;0.118;32.7;8.27;3.94;2.57;0.43;1.44;3.83;96.1;76.6;9;2.9;7.7;0.61;0.15;0.09;0.13
3;0;0;100;50;17.82;3.57;10.01;1.08;1.09;0.133;65.9;8.14;4;2.42;0.44;1.44;5.05;195.5;161.9;20.6;2.9;10.1;0.38;0.48;0.1;0.13;1.49;1.45;0.12;34.1;12;5.8;3.74;0.64;2.13;4.96;101.1;78;8.9;4.3;9.9;0.91;0.21;0.14;0.19
3;0;0;100;100;17.81;3.96;11.63;1.33;1.35;0.149;64.3;9.02;4.42;2.75;0.43;1.46;5.96;194.6;159.9;19.9;2.9;11.9;0.38;0.71;0.1;0.15;1.79;1.76;0.122;35.7;14.43;6.89;4.47;0.8;2.5;5.67;108.1;78.8;12.9;5;11.3;1.1;0.28;0.16;0.22
3;0;50;0;0;13.48;2.02;5.82;0.95;0.97;0.136;54;7.08;3.43;2.17;0.38;1.2;3.01;193.4;170.1;15;2.4;6;0.41;0.35;0.09;0.12;0.58;0.57;0.118;46;4.74;2.29;1.45;0.23;0.83;2.81;164.8;149;8.5;1.7;5.6;0.26;0.18;0.06;0.07
3;0;50;0;50;12.95;2.19;6.08;1.07;1.06;0.145;53.9;7.31;3.61;2.2;0.36;1.27;3.15;192.7;170.1;13.7;2.5;6.3;0.4;0.46;0.08;0.12;0.68;0.67;0.126;46.1;5.23;2.55;1.59;0.29;0.92;2.93;165;149;8.4;1.8;5.9;0.27;0.27;0.06;0.07
3;0;50;0;100;12.52;2.36;6.62;1.21;1.2;0.155;53.6;7.74;3.9;2.27;0.37;1.3;3.47;194.6;172.5;12.6;2.6;6.9;0.43;0.55;0.1;0.12;0.82;0.84;0.137;46.4;6.06;2.94;1.81;0.31;1.05;3.14;168.1;147;12.7;2.1;6.3;0.28;0.4;0.07;0.09
3;0;50;50;0;15.74;2.57;7.49;1.06;1.1;0.134;59.4;8.21;4;2.5;0.42;1.42;3.81;194;164.9;18.6;2.8;7.6;0.41;0.47;0.1;0.13;0.83;0.82;0.119;40.6;6.77;3.24;2.11;0.36;1.16;3.68;132.7;114.9;8.2;2.3;7.4;0.46;0.18;0.08;0.1
3;0;50;50;50;15.38;3.07;8.91;1.19;1.26;0.144;58.9;8.69;4.29;2.62;0.45;1.49;4.58;193.7;164.1;17.4;3;9.2;0.41;0.6;0.11;0.14;1.14;1.17;0.125;41.1;9.29;4.42;2.91;0.5;1.58;4.33;135.2;115.4;8;3.2;8.7;0.65;0.26;0.11;0.15
3;0;50;50;100;15.57;3.54;10.09;1.53;1.47;0.16;58.5;9.16;4.64;2.64;0.46;1.51;5.19;200.8;162.2;25.2;3;10.4;0.39;0.83;0.11;0.15;1.64;1.52;0.129;41.5;11.71;5.81;3.53;0.65;2.04;4.89;142.7;116.5;12.3;4.1;9.8;0.82;0.39;0.14;0.17
3;0;50;100;0;17.45;2.99;8.62;1.21;1.21;0.133;66.6;9.08;4.47;2.74;0.49;1.54;4.37;194.4;160.6;22;3.1;8.7;0.39;0.56;0.12;0.14;1.04;1.02;0.12;33.4;8.39;4.03;2.58;0.42;1.44;4.25;97.5;78.5;7.6;2.9;8.5;0.62;0.16;0.1;0.13
3;0;50;100;50;17.98;3.76;10.96;1.53;1.51;0.149;66.5;10.09;5.07;3;0.51;1.7;5.66;203.8;156.8;32.3;3.4;11.3;0.37;0.84;0.13;0.16;1.55;1.5;0.123;33.5;12.15;5.84;3.76;0.63;2.06;5.3;102.6;80.1;7.8;4.1;10.6;0.93;0.26;0.13;0.19
3;0;50;100;100;17.71;4.41;12.45;1.69;1.71;0.161;64.8;10.59;5.4;3.14;0.55;1.74;6.42;202;155.1;30.6;3.5;12.8;0.37;1.03;0.13;0.18;1.92;1.88;0.127;35.2;14.78;7.37;4.46;0.76;2.67;6.04;109.4;80.8;11.2;5.3;12.1;1.13;0.36;0.17;0.23
3;0;100;0;0;13.06;2.16;6.44;1.17;1.14;0.139;54.4;8.17;4.04;2.48;0.43;1.32;3.33;198.7;167.2;22.2;2.6;6.7;0.42;0.49;0.09;0.14;0.62;0.62;0.125;45.6;4.86;2.33;1.51;0.27;0.84;3.11;166.7;151.4;7.4;1.7;6.2;0.27;0.22;0.05;0.07
3;0;100;0;50;12.71;2.34;6.7;1.3;1.33;0.155;54.3;8.55;4.27;2.56;0.46;1.48;3.39;198;167.4;20.9;3;6.8;0.42;0.67;0.11;0.13;0.76;0.73;0.134;45.7;5.32;2.6;1.6;0.29;0.87;3.31;166.9;151.2;7.3;1.7;6.6;0.27;0.32;0.06;0.08
3;0;100;0;100;12.1;2.35;6.97;1.45;1.48;0.171;53.6;8.63;4.41;2.5;0.42;1.36;3.53;196.8;167.7;19.4;2.7;7.1;0.41;0.83;0.1;0.14;0.87;0.88;0.149;46.4;5.88;2.9;1.8;0.3;0.99;3.44;170.3;151;10.5;2;6.9;0.28;0.45;0.07;0.09
3;0;100;50;0;15.39;2.93;8.21;1.31;1.39;0.143;59.5;9.65;4.78;2.87;0.5;1.68;4.17;199.8;159.8;28.2;3.4;8.3;0.4;0.72;0.12;0.16;0.9;0.89;0.124;40.5;7.06;3.47;2.17;0.38;1.25;4.03;135.6;118;7;2.5;8.1;0.49;0.2;0.08;0.11
3;0;100;50;50;15.19;3.18;9.28;1.57;1.56;0.155;59.2;10.04;5.03;2.97;0.5;1.62;4.85;199;159.4;26.6;3.2;9.7;0.39;0.88;0.12;0.16;1.28;1.19;0.128;40.8;9.22;4.46;2.78;0.49;1.56;4.42;137.2;118.3;6.9;3.1;8.8;0.65;0.3;0.1;0.14
3;0;100;50;100;14.97;3.7;10.64;1.84;1.85;0.179;57.9;10.35;5.33;3.01;0.48;1.7;5.42;197.6;158;25.3;3.4;10.8;0.4;1.17;0.12;0.16;1.65;1.6;0.134;42.1;11.87;5.76;3.7;0.59;2.01;5.23;143.7;119.1;10;4;10.5;0.85;0.44;0.13;0.18
3;0;100;100;0;17.82;3.4;9.59;1.64;1.63;0.142;66.7;11.38;5.72;3.33;0.59;1.92;4.87;201.6;153.5;34.6;3.8;9.7;0.39;0.91;0.14;0.18;1.12;1.05;0.124;33.3;8.44;4.14;2.52;0.45;1.48;4.73;100.5;81.5;6.6;3;9.5;0.63;0.19;0.1;0.13
3;0;100;100;50;17.82;4.14;11.64;1.89;1.82;0.155;65.5;11.75;5.87;3.54;0.55;1.91;5.94;199.8;151;33;3.8;11.9;0.37;1.12;0.14;0.18;1.62;1.57;0.126;34.5;12.36;6.09;3.72;0.63;2.23;5.7;104.9;82.5;6.6;4.5;11.4;0.95;0.29;0.15;0.18
3;0;100;100;100;17.93;4.59;13.34;2.2;2.3;0.181;63.9;12.68;6.48;3.69;0.63;2.03;6.84;197.7;147.4;32.6;4.1;13.7;0.36;1.59;0.14;0.2;2.04;1.96;0.131;36.1;14.89;7.33;4.53;0.76;2.56;6.51;111.5;84;9.4;5.1;13;1.15;0.41;0.17;0.23
3;50;0;0;0;15.54;2.45;6.85;1.19;1.23;0.141;48.7;8.69;4.31;2.53;0.47;1.52;3.46;156.6;132.4;14.3;3;6.9;0.74;0.24;0.11;0.14;0.68;0.64;0.115;51.3;5.44;2.65;1.65;0.27;0.94;3.4;165.1;143.7;12.7;1.9;6.8;0.26;0.22;0.07;0.09
3;50;0;0;50;15.29;2.52;7.38;1.24;1.27;0.143;48.9;8.86;4.33;2.7;0.47;1.47;3.74;157.4;133.8;13.2;2.9;7.5;0.74;0.28;0.11;0.14;0.71;0.74;0.119;51.1;6.11;2.9;1.88;0.31;1.05;3.64;164.6;142.2;13;2.1;7.3;0.26;0.32;0.07;0.09
3;50;0;0;100;14.84;2.74;8.02;1.36;1.38;0.149;48.4;9.23;4.59;2.72;0.5;1.53;4.12;159.2;135.8;12;3.1;8.2;0.77;0.35;0.11;0.15;0.95;0.94;0.13;51.6;7.17;3.52;2.11;0.38;1.21;3.9;169.4;140;19.2;2.4;7.8;0.27;0.48;0.08;0.1
3;50;0;50;0;17.55;2.83;8.15;1.27;1.29;0.139;54.3;9.25;4.52;2.85;0.42;1.53;4.22;158.5;129.4;17.6;3.1;8.4;0.72;0.3;0.11;0.16;0.84;0.87;0.117;45.7;7.34;3.48;2.29;0.4;1.3;3.93;133.2;110.2;12.5;2.6;7.9;0.45;0.21;0.09;0.11
3;50;0;50;50;17.44;3.35;9.63;1.34;1.37;0.141;54.1;9.69;4.72;2.93;0.51;1.62;4.92;159.6;129.8;16.7;3.2;9.8;0.73;0.37;0.11;0.16;1.19;1.18;0.12;45.9;9.79;4.72;3.06;0.49;1.73;4.71;135.2;109.8;12.5;3.5;9.4;0.61;0.32;0.11;0.15
3;50;0;50;100;17.41;3.81;11.09;1.52;1.54;0.151;52.8;10.15;5.02;3.04;0.54;1.68;5.65;160.4;129.9;15.8;3.4;11.3;0.73;0.53;0.12;0.16;1.59;1.56;0.126;47.2;12.36;6;3.82;0.64;2.13;5.44;143.2;109.8;18.3;4.3;10.9;0.77;0.47;0.14;0.19
3;50;0;100;0;19.22;3.27;9.35;1.32;1.37;0.136;61.9;10.03;4.95;3.06;0.53;1.74;4.8;161.1;126.9;21.1;3.5;9.6;0.72;0.37;0.12;0.17;1.04;1.03;0.118;38.1;8.68;4.16;2.68;0.46;1.53;4.55;99;75;11.8;3.1;9.1;0.59;0.2;0.11;0.14
3;50;0;100;50;19.53;3.89;11.41;1.45;1.46;0.138;60.9;10.51;5.12;3.15;0.57;1.78;5.8;160.9;125.5;20.2;3.6;11.6;0.7;0.47;0.12;0.17;1.61;1.52;0.12;39.1;12.56;6.07;3.87;0.63;2.11;5.61;103.2;75.7;12;4.2;11.2;0.88;0.3;0.14;0.2
3;50;0;100;100;19.54;4.6;12.88;1.62;1.67;0.151;59.3;11.05;5.51;3.26;0.56;1.88;6.74;162.2;125.8;19.1;3.8;13.5;0.69;0.66;0.14;0.18;1.96;1.93;0.125;40.7;15.37;7.54;4.62;0.78;2.72;6.14;111.4;75.6;18.1;5.4;12.3;1.06;0.46;0.18;0.23
3;50;50;0;0;15.35;2.83;8.31;1.61;1.63;0.144;49;11.32;5.55;3.43;0.62;1.88;4.29;158.9;132.4;14.2;3.8;8.6;0.99;0.33;0.13;0.19;0.68;0.67;0.119;51;5.51;2.71;1.67;0.29;0.95;4.02;165.3;143.7;11.6;1.9;8;0.26;0.26;0.07;0.08
3;50;50;0;50;15.03;3.03;8.81;1.73;1.75;0.149;49.1;11.71;5.79;3.51;0.6;1.91;4.49;159.3;133.2;13.3;3.8;9;0.98;0.43;0.14;0.2;0.87;0.84;0.129;50.9;6.46;3.18;1.97;0.33;1.13;4.32;165.4;142.8;11.7;2.3;8.6;0.26;0.41;0.08;0.1
3;50;50;0;100;14.99;3.31;9.4;1.82;1.9;0.155;48.5;12.22;6.08;3.59;0.6;2;4.76;160.7;135;12.2;4;9.5;1.02;0.54;0.14;0.2;1.06;1.06;0.141;51.5;7.46;3.64;2.26;0.38;1.31;4.64;170.8;140.9;18;2.6;9.3;0.26;0.6;0.09;0.11
3;50;50;50;0;17.56;3.3;9.9;1.69;1.74;0.141;54.3;12.29;6.02;3.81;0.64;2.02;5.07;160.1;127.9;18;4;10.1;0.94;0.46;0.15;0.2;0.91;0.91;0.12;45.7;7.51;3.59;2.34;0.39;1.28;4.83;134.8;111.4;11.2;2.6;9.7;0.45;0.25;0.09;0.11
3;50;50;50;50;17.48;3.99;11.15;1.85;1.89;0.148;53.9;12.73;6.38;3.75;0.68;2.18;5.68;160.5;128;16.8;4.4;11.4;0.94;0.59;0.16;0.2;1.3;1.29;0.126;46.1;10.16;4.91;3.1;0.52;1.81;5.47;137.4;111.4;11.4;3.6;10.9;0.62;0.4;0.11;0.15
3;50;50;50;100;17.41;4.33;12.52;2.11;2.09;0.158;53.8;13.17;6.67;3.86;0.66;2.18;6.37;168.9;128.1;23.7;4.4;12.7;0.96;0.77;0.15;0.21;1.74;1.67;0.132;46.2;12.65;6.22;3.79;0.64;2.14;6.15;145;111.3;17.1;4.3;12.3;0.78;0.56;0.14;0.19
3;50;50;100;0;19.52;3.9;11.02;1.84;1.88;0.14;61.6;13.44;6.68;3.97;0.72;2.35;5.63;162;124.6;21.5;4.7;11.3;0.93;0.56;0.17;0.22;1.08;1.1;0.12;38.4;9.06;4.32;2.85;0.45;1.55;5.39;101.1;76.3;10.9;3.1;10.8;0.6;0.25;0.1;0.15
3;50;50;100;50;19.57;4.48;13.16;2.08;2.09;0.151;61.9;13.86;6.86;4.15;0.68;2.3;6.63;171.5;122.9;30.7;4.6;13.3;0.92;0.79;0.16;0.22;1.67;1.63;0.125;38.1;13.04;6.23;4.02;0.68;2.18;6.53;105.4;77.2;10.8;4.4;13.1;0.91;0.38;0.15;0.2
3;50;50;100;100;19.79;5.09;14.54;2.26;2.29;0.159;60.2;14.35;7.18;4.23;0.74;2.38;7.39;171.7;122.6;29.6;4.8;14.8;0.9;0.99;0.17;0.22;2.06;2.03;0.129;39.8;15.62;7.62;4.72;0.78;2.71;7.14;113.5;77.4;16.5;5.4;14.3;1.07;0.55;0.18;0.24
3;50;100;0;0;15.54;3.42;9.81;2.13;2.14;0.146;50;14.61;7.14;4.42;0.73;2.44;5.02;167.7;130.8;22;4.9;10;1.24;0.49;0.17;0.24;0.78;0.76;0.133;50;5.62;2.79;1.69;0.32;0.98;4.79;167.7;145.5;10.7;2;9.6;0.24;0.37;0.06;0.09
3;50;100;0;50;15.1;3.56;10.24;2.33;2.32;0.155;49.5;14.95;7.52;4.35;0.8;2.5;5.33;168.3;132.2;20.5;5;10.7;1.25;0.64;0.18;0.25;0.96;0.93;0.144;50.5;6.41;3.15;1.88;0.36;1.07;4.91;171.7;144;15.8;2.1;9.8;0.25;0.52;0.07;0.09
3;50;100;0;100;14.75;3.78;10.68;2.42;2.46;0.163;49.5;15.04;7.6;4.36;0.77;2.51;5.49;168.2;133.9;18.3;5;11;1.26;0.78;0.17;0.24;1.23;1.23;0.162;50.5;7.54;3.81;2.26;0.36;1.27;5.19;171.3;142.1;16.3;2.5;10.4;0.27;0.76;0.09;0.11
3;50;100;50;0;17.37;3.89;11.38;2.25;2.32;0.148;55.5;15.63;7.7;4.74;0.78;2.58;5.8;170.1;126.3;27;5.2;11.6;1.21;0.68;0.19;0.25;0.98;1.01;0.129;44.5;7.79;3.76;2.31;0.43;1.32;5.57;136.6;112.7;10.1;2.6;11.1;0.47;0.33;0.09;0.13
3;50;100;50;50;17.4;4.46;12.78;2.42;2.5;0.155;54.2;16.13;8.03;4.74;0.87;2.66;6.7;170.2;125.8;25.7;5.3;13.4;1.19;0.86;0.19;0.27;1.42;1.4;0.135;45.8;10.34;5.1;3.07;0.54;1.8;6.08;144.1;113.2;15.2;3.6;12.2;0.64;0.49;0.12;0.16
3;50;100;50;100;17.19;4.85;13.99;2.69;2.77;0.169;53.6;16.35;8.35;4.72;0.79;2.65;7.08;169.4;126.1;23.9;5.3;14.2;1.2;1.13;0.19;0.25;1.85;1.84;0.143;46.4;12.84;6.34;3.81;0.65;2.19;6.9;146.3;113;15.2;4.4;13.8;0.8;0.7;0.15;0.2
3;50;100;100;0;19.59;4.41;12.71;2.47;2.46;0.147;62.5;16.69;8.26;4.99;0.91;2.8;6.42;172.6;121.2;32.9;5.6;12.8;1.15;0.85;0.2;0.26;1.19;1.2;0.127;37.5;9.33;4.52;2.83;0.49;1.61;6.29;103.6;78.1;9.6;3.2;12.6;0.62;0.32;0.11;0.14
3;50;100;100;50;19.95;5.16;14.97;2.64;2.69;0.155;60.3;17.32;8.65;5.22;0.91;2.84;7.65;172.2;119.6;31.6;5.7;15.3;1.12;1.08;0.2;0.28;1.8;1.75;0.131;39.7;13.23;6.51;3.98;0.72;2.32;7.33;113;79;14.7;4.6;14.7;0.92;0.48;0.15;0.2
3;50;100;100;100;19.58;5.57;16.07;3.03;3.08;0.172;60.1;17.88;9.17;5.08;0.87;2.94;8.34;171.8;119.3;29.9;5.9;16.7;1.13;1.44;0.21;0.29;2.26;2.2;0.138;39.9;15.89;7.78;4.78;0.79;2.63;7.74;114.1;79.1;14.2;5.3;15.5;1.11;0.67;0.17;0.24
3;100;0;0;0;17.59;2.82;8.11;1.4;1.52;0.144;41;10.54;5.14;3.13;0.58;1.76;4.09;115.8;89.9;14.2;3.5;8.2;0.99;0.23;0.13;0.16;0.69;0.69;0.115;59;5.91;2.82;1.83;0.31;1.06;4.02;167.1;140.7;16.2;2.1;8;0.25;0.27;0.08;0.09
3;100;0;0;50;17.2;3.13;8.84;1.63;1.6;0.145;41.4;10.94;5.43;3.24;0.59;1.85;4.47;116.9;91.5;12.8;3.7;8.9;1.01;0.28;0.13;0.18;0.9;0.86;0.12;58.6;7.16;3.48;2.17;0.36;1.28;4.37;165.8;138.2;16.4;2.6;8.7;0.25;0.43;0.08;0.1
3;100;0;0;100;16.92;3.43;9.6;1.67;1.71;0.15;40.9;11.37;5.67;3.35;0.58;1.94;5.02;119;93.5;11.6;3.9;10;1.04;0.35;0.14;0.18;1.07;1.11;0.132;59.1;8.38;4.07;2.55;0.43;1.49;4.58;171.8;134.9;24.8;3;9.2;0.24;0.64;0.1;0.13
3;100;0;50;0;19.46;3.22;9.45;1.5;1.57;0.142;46.8;11.03;5.42;3.43;0.56;1.87;4.86;119.2;88.2;17.6;3.7;9.7;0.96;0.29;0.14;0.18;0.92;0.91;0.116;53.2;7.79;3.7;2.43;0.41;1.35;4.59;135.3;107.6;15.8;2.7;9.2;0.43;0.27;0.09;0.12
3;100;0;50;50;19.31;3.62;11.01;1.58;1.65;0.144;46.9;11.49;5.58;3.49;0.62;1.85;5.69;120.5;89.3;16.1;3.7;11.4;0.98;0.35;0.13;0.19;1.32;1.27;0.12;53.1;10.56;5.08;3.21;0.58;1.76;5.32;136.4;106.4;15.9;3.5;10.6;0.59;0.41;0.11;0.16
3;100;0;50;100;19.32;4.45;12.64;1.88;1.85;0.152;45.1;12.2;6.09;3.61;0.61;2.02;6.43;121.3;89.2;15.2;4;12.9;1;0.52;0.14;0.19;1.78;1.73;0.127;54.9;13.58;6.73;4.13;0.65;2.43;6.21;147.6;106.4;23.8;4.9;12.4;0.75;0.61;0.15;0.22
3;100;0;100;0;21.23;3.56;10.44;1.64;1.64;0.14;54.5;11.66;5.77;3.52;0.6;1.93;5.44;122;86.7;20.6;3.9;10.9;0.96;0.35;0.14;0.18;1.07;1.09;0.117;45.5;9.29;4.4;2.96;0.47;1.63;5;101.8;73.1;15.4;3.3;10;0.58;0.27;0.11;0.14
3;100;0;100;50;21.17;4.45;12.63;1.71;1.76;0.142;53.7;12.41;6.1;3.71;0.64;2.1;6.49;122.8;86;19.6;4.2;13;0.95;0.46;0.16;0.2;1.73;1.6;0.12;46.3;13.28;6.52;3.97;0.71;2.35;6.14;105.9;73.7;15.3;4.7;12.3;0.86;0.4;0.15;0.2
3;100;0;100;100;21.32;5.09;14.32;2;1.97;0.151;51.5;13;6.53;3.8;0.66;2.21;7.27;123.5;85.9;18.6;4.4;14.5;0.95;0.66;0.16;0.21;2.1;2.08;0.126;48.5;16.47;7.89;5.11;0.86;2.89;7.05;116.5;73.8;22.9;5.8;14.1;1.04;0.6;0.2;0.25
3;100;50;0;0;17.62;3.69;10.45;2.17;2.21;0.147;41.9;15.01;7.46;4.55;0.79;2.58;5.34;120.4;90.8;13.8;5.2;10.7;1.46;0.33;0.18;0.25;0.8;0.77;0.119;58.1;6.38;3.08;1.96;0.36;1.11;5.12;166.8;139.3;15;2.2;10.2;0.24;0.36;0.08;0.1
3;100;50;0;50;17.49;3.9;11.24;2.35;2.33;0.151;41.2;15.45;7.66;4.66;0.79;2.53;5.83;121.8;92.5;12.6;5.1;11.7;1.48;0.42;0.17;0.26;1.05;1.07;0.137;58.8;7.75;3.84;2.31;0.34;1.37;5.41;173.6;136.6;23.5;2.7;10.8;0.25;0.61;0.09;0.11
3;100;50;0;100;17.16;4.08;11.85;2.38;2.44;0.155;41.7;15.72;7.81;4.69;0.78;2.61;6.14;122.9;94.2;11.2;5.2;12.3;1.51;0.5;0.18;0.25;1.33;1.26;0.143;58.3;8.78;4.33;2.68;0.43;1.47;5.71;171.7;133.7;23.6;2.9;11.4;0.26;0.8;0.09;0.13
3;100;50;50;0;19.35;4.13;11.83;2.23;2.27;0.145;47.2;15.7;7.77;4.63;0.82;2.66;6.04;122.5;87.9;17.2;5.3;12.1;1.41;0.44;0.18;0.25;1.05;1.01;0.12;52.8;8.32;4.05;2.54;0.45;1.48;5.79;137.1;108;14.6;3;11.6;0.44;0.34;0.1;0.12
3;100;50;50;50;19.53;4.61;13.37;2.43;2.46;0.15;45.8;16.42;8.14;4.92;0.83;2.7;6.85;123.9;88.4;16.4;5.4;13.7;1.42;0.58;0.2;0.27;1.53;1.46;0.131;54.2;11.09;5.44;3.36;0.59;1.91;6.52;146.6;107.4;22.3;3.8;13;0.59;0.57;0.13;0.17
3;100;50;50;100;19.54;5.26;14.59;2.69;2.65;0.158;47.5;16.76;8.57;4.87;0.84;2.82;7.56;133.2;89.6;22.9;5.6;15.1;1.44;0.74;0.2;0.26;1.92;1.87;0.135;52.5;13.83;6.84;4.12;0.69;2.44;7.03;147;106;22.1;4.9;14.1;0.75;0.76;0.17;0.2
3;100;50;100;0;21.68;4.71;13.01;2.37;2.42;0.143;54.6;16.86;8.44;5;0.88;2.97;6.61;125.7;85.4;21.2;5.9;13.2;1.38;0.56;0.21;0.27;1.21;1.17;0.12;45.4;9.66;4.74;2.94;0.5;1.74;6.4;104.7;74.2;14.1;3.5;12.8;0.57;0.33;0.11;0.15
3;100;50;100;50;21.53;5.32;15.23;2.56;2.63;0.152;54.2;17.31;8.56;5.14;0.89;2.88;7.81;136.2;84.9;29.9;5.8;15.6;1.38;0.77;0.2;0.28;1.72;1.78;0.128;45.8;13.78;6.69;4.21;0.73;2.44;7.42;115.3;74.6;21;4.9;14.8;0.88;0.54;0.16;0.2
3;100;50;100;100;21.79;5.82;16.88;2.8;2.84;0.158;53.9;17.96;8.99;5.3;0.94;2.97;8.72;137.6;85.8;28.4;5.9;17.4;1.39;0.96;0.21;0.29;2.19;2.21;0.132;46.1;16.68;8.14;5.03;0.87;2.86;8.16;117.5;73.9;21.6;5.7;16.3;1.02;0.74;0.2;0.25
3;100;100;0;0;17.62;4.19;12.02;2.6;2.69;0.148;43.4;18.1;8.91;5.4;0.95;3.01;6.08;129.3;90.2;20.9;6;12.2;1.72;0.47;0.21;0.29;0.97;0.93;0.135;56.6;6.81;3.38;1.99;0.34;1.18;5.94;168.7;140.3;14.2;2.4;11.9;0.25;0.49;0.08;0.1
3;100;100;0;50;17.27;4.41;12.7;2.95;2.93;0.155;42.8;18.9;9.41;5.63;0.94;3.08;6.5;130.2;91.4;19.7;6.2;13;1.77;0.63;0.23;0.31;1.25;1.14;0.148;57.2;7.68;3.94;2.24;0.36;1.33;6.2;174.4;138.4;20.9;2.7;12.4;0.24;0.71;0.08;0.12
3;100;100;0;100;17.09;4.68;13.37;2.97;3.07;0.161;43.3;19;9.55;5.66;0.95;3.16;6.87;131.2;93.9;17.3;6.3;13.7;1.8;0.74;0.23;0.3;1.54;1.53;0.169;56.7;9.04;4.66;2.56;0.48;1.52;6.5;172.1;134.3;21.8;3;13;0.25;1.05;0.1;0.12
3;100;100;50;0;19.37;4.72;13.47;2.74;2.86;0.15;49;19.08;9.52;5.65;0.95;3.24;6.87;133;87.1;25.7;6.5;13.7;1.66;0.66;0.24;0.31;1.23;1.16;0.131;51;8.77;4.31;2.63;0.47;1.48;6.6;138.8;109;13.6;3;13.2;0.45;0.47;0.09;0.14
3;100;100;50;50;19.34;5.24;15.01;3.11;3.09;0.155;48;19.89;10.04;5.95;1;3.33;7.84;134.9;88;24.6;6.7;15.7;1.7;0.82;0.24;0.33;1.65;1.58;0.139;52;11.3;5.57;3.44;0.53;1.91;7.17;146.3;108;20.2;3.8;14.3;0.59;0.68;0.13;0.17
3;100;100;50;100;19.6;5.72;16.28;3.28;3.34;0.166;47.6;20.03;10.13;5.87;1.09;3.33;8.3;135;88.2;23.5;6.7;16.6;1.68;1.12;0.23;0.31;2.16;2.13;0.15;52.4;14.14;7.11;4.08;0.73;2.38;7.98;149;107.6;20.7;4.8;16;0.75;1;0.16;0.22
3;100;100;100;0;21.6;5.18;14.72;3;3;0.149;56.4;20.18;10.06;6;1.06;3.47;7.46;137.7;84;31.8;6.9;14.9;1.61;0.83;0.25;0.31;1.36;1.31;0.13;43.6;10.04;4.93;3.05;0.52;1.7;7.25;106.4;75.4;13.1;3.4;14.5;0.59;0.46;0.11;0.15
3;100;100;100;50;21.73;5.88;16.78;3.25;3.25;0.155;54.1;20.92;10.49;6.19;1.03;3.49;8.54;137.8;83;30.8;7;17.1;1.61;1.05;0.25;0.34;1.97;1.89;0.134;45.9;14.06;6.89;4.29;0.68;2.4;8.25;116.7;76.2;19.2;4.8;16.5;0.88;0.64;0.15;0.21
3;100;100;100;100;21.83;6.46;18.4;3.45;3.62;0.169;53.8;21.41;10.93;6.19;1.03;3.58;9.41;138.5;83.2;29.4;7.2;18.8;1.61;1.42;0.25;0.34;2.43;2.41;0.143;46.2;16.76;8.28;5.1;0.81;2.88;8.99;119.2;76;19.4;5.8;18;1.05;0.93;0.18;0.25
4;0;0;0;0;13.59;1.87;5.25;0.84;0.85;0.133;55.8;6.33;3.07;1.97;0.32;1.12;2.69;199.6;176.3;15.7;2.2;5.4;0.4;0.27;0.08;0.1;0.5;0.49;0.112;44.2;4.22;2.04;1.31;0.2;0.75;2.55;157.8;142.7;8.4;1.5;5.1;0.24;0.14;0.05;0.06
4;0;0;0;50;13.13;1.95;5.71;0.95;0.91;0.137;55.8;6.6;3.26;1.97;0.36;1.11;2.97;199.6;177;14.4;2.2;5.9;0.41;0.31;0.08;0.11;0.59;0.6;0.118;44.2;4.99;2.39;1.55;0.25;0.84;2.73;157.7;142.2;8.4;1.7;5.5;0.27;0.2;0.06;0.08
4;0;0;0;100;12.8;2.15;6.16;1.02;1.01;0.145;55.3;6.87;3.45;2.05;0.36;1.17;3.15;200.4;178.5;13.3;2.3;6.3;0.42;0.39;0.08;0.12;0.77;0.72;0.123;44.7;5.74;2.77;1.72;0.32;0.98;3.01;162;141;12.9;2;6;0.28;0.29;0.06;0.09
4;0;0;50;0;15.82;2.31;6.62;0.92;0.93;0.131;61.7;7;3.36;2.13;0.37;1.2;3.49;202.2;173.7;19.1;2.4;7;0.41;0.32;0.09;0.11;0.73;0.76;0.117;38.3;6.41;3.04;1.98;0.34;1.11;3.13;125.6;108.6;8.5;2.2;6.3;0.44;0.15;0.07;0.1
4;0;0;50;50;15.46;2.59;7.94;1.02;1;0.135;61;7.4;3.56;2.27;0.36;1.17;4.18;200.6;172.2;17.7;2.3;8.4;0.4;0.39;0.08;0.13;1.07;1.03;0.12;39;8.55;4.07;2.63;0.47;1.42;3.76;128.3;109.5;8.5;2.8;7.5;0.61;0.2;0.1;0.12
4;0;0;50;100;15.55;3.19;9.28;1.27;1.21;0.149;59.4;8.09;3.98;2.42;0.44;1.29;4.75;199.4;169.9;17.4;2.6;9.5;0.39;0.59;0.1;0.13;1.38;1.34;0.122;40.6;10.93;5.28;3.34;0.59;1.89;4.52;136;110.8;12.4;3.8;9;0.77;0.28;0.12;0.17
4;0;0;100;0;17.82;2.75;7.64;0.95;1.01;0.129;68.6;7.74;3.71;2.42;0.39;1.32;3.95;202.7;169.5;22.7;2.6;7.9;0.39;0.39;0.1;0.13;0.9;0.92;0.118;31.4;7.74;3.75;2.32;0.41;1.43;3.7;92.6;74.1;8.3;2.9;7.4;0.58;0.14;0.09;0.11
4;0;0;100;50;17.81;3.39;9.79;1.18;1.14;0.133;67.5;8.49;4.19;2.57;0.44;1.46;5.02;201;166.1;21.9;2.9;10;0.4;0.5;0.1;0.13;1.38;1.34;0.12;32.5;11.16;5.31;3.47;0.58;1.94;4.77;96.7;75.4;7.8;3.9;9.5;0.87;0.19;0.12;0.17
4;0;0;100;100;17.91;3.85;11.21;1.4;1.37;0.149;65.8;9.15;4.47;2.75;0.46;1.5;5.75;199.6;164.1;20.9;3;11.5;0.39;0.73;0.1;0.15;1.81;1.69;0.122;34.2;13.82;6.75;4.15;0.73;2.35;5.47;103.8;76.2;12;4.7;10.9;1.06;0.27;0.16;0.2
4;0;50;0;0;13.28;2.04;5.73;0.96;1;0.136;55.6;7.25;3.61;2.19;0.36;1.27;2.98;198.7;174.7;15.5;2.5;6;0.42;0.36;0.09;0.12;0.56;0.54;0.116;44.4;4.45;2.13;1.33;0.26;0.76;2.75;158.6;144;7.6;1.5;5.5;0.25;0.17;0.05;0.07
4;0;50;0;50;12.94;2.18;6.2;1.09;1.1;0.145;55.2;7.57;3.73;2.28;0.38;1.27;3.14;197.5;174;14.6;2.5;6.3;0.41;0.48;0.09;0.12;0.64;0.66;0.125;44.8;5.09;2.53;1.58;0.24;0.91;3.06;159.9;144.5;7.4;1.8;6.1;0.27;0.25;0.06;0.08
4;0;50;0;100;12.6;2.3;6.67;1.28;1.27;0.155;54.8;8.16;4.07;2.4;0.41;1.33;3.5;198.4;175.3;13.5;2.7;7;0.43;0.6;0.1;0.13;0.81;0.78;0.135;45.2;5.69;2.79;1.71;0.3;0.97;3.17;163.3;143.5;11.5;1.9;6.3;0.27;0.37;0.06;0.08
4;0;50;50;0;15.61;2.44;7.26;1.13;1.11;0.133;60.7;8.32;4.03;2.56;0.42;1.35;3.79;198.3;168.3;19.7;2.7;7.6;0.38;0.49;0.1;0.14;0.82;0.77;0.119;39.3;6.42;3.07;1.96;0.33;1.08;3.48;128;111.7;7.2;2.2;7;0.45;0.15;0.07;0.09
4;0;50;50;50;15.51;3.04;8.66;1.3;1.32;0.143;60;9.15;4.57;2.71;0.46;1.57;4.45;196.9;166.1;18.8;3.1;8.9;0.4;0.66;0.11;0.15;1.09;1.06;0.124;40;8.53;4.13;2.61;0.44;1.47;4.21;131.4;113;7.1;2.9;8.4;0.61;0.23;0.1;0.13
4;0;50;50;100;15.44;3.65;10.02;1.59;1.56;0.161;59.8;9.66;4.96;2.82;0.47;1.68;5.15;205.3;165.3;26.4;3.4;10.3;0.41;0.87;0.12;0.15;1.48;1.44;0.128;40.2;11.18;5.47;3.38;0.58;1.97;4.87;137.7;113.5;10.6;3.9;9.7;0.8;0.34;0.13;0.17
4;0;50;100;0;17.54;2.96;8.65;1.26;1.25;0.132;67.8;9.4;4.5;2.94;0.52;1.51;4.55;199.1;164;23;3;9.1;0.39;0.59;0.11;0.16;1.03;0.96;0.119;32.2;7.97;3.95;2.36;0.44;1.45;4.1;94.3;76.2;7;2.9;8.2;0.61;0.14;0.1;0.11
4;0;50;100;50;17.93;3.84;10.89;1.52;1.55;0.149;67.6;10.38;5.22;3.09;0.52;1.75;5.57;208.1;159.9;33.5;3.5;11.1;0.38;0.88;0.13;0.17;1.47;1.45;0.123;32.4;11.71;5.76;3.59;0.57;2.09;5.32;99.6;77.8;7;4.2;10.6;0.9;0.23;0.14;0.18
4;0;50;100;100;18.21;4.27;12.47;1.77;1.79;0.161;66.1;11.09;5.55;3.24;0.61;1.78;6.45;207;158;32.6;3.6;12.9;0.39;1.1;0.12;0.17;1.81;1.8;0.126;33.9;14.16;6.85;4.37;0.7;2.49;6.02;106.2;78.6;10.6;5;12;1.09;0.34;0.16;0.21
4;0;100;0;0;12.98;2.2;6.46;1.2;1.21;0.139;55.8;8.66;4.21;2.68;0.44;1.44;3.39;203.7;170;24.1;2.9;6.8;0.42;0.54;0.1;0.15;0.57;0.56;0.123;44.2;4.43;2.13;1.34;0.26;0.76;3.07;161.4;147.6;6.2;1.5;6.1;0.26;0.18;0.05;0.07
4;0;100;0;50;12.83;2.33;6.93;1.44;1.41;0.155;55.5;9.07;4.57;2.69;0.45;1.47;3.56;202.6;170;22.6;2.9;7.1;0.42;0.72;0.11;0.15;0.7;0.7;0.133;44.5;5.18;2.54;1.57;0.28;0.86;3.37;162.6;147.6;6.6;1.7;6.7;0.27;0.29;0.06;0.08
4;0;100;0;100;12.21;2.35;7.12;1.63;1.58;0.171;55;9.22;4.7;2.67;0.46;1.45;3.71;202;170.8;20.9;2.9;7.4;0.43;0.9;0.1;0.15;0.81;0.83;0.146;45;5.62;2.77;1.69;0.31;0.9;3.41;165.1;147;9.5;1.8;6.8;0.28;0.4;0.06;0.09
4;0;100;50;0;15.56;2.89;8.2;1.49;1.44;0.143;61.1;10.07;5;2.97;0.54;1.69;4.32;205.6;163.7;30;3.4;8.6;0.4;0.76;0.11;0.17;0.87;0.83;0.123;38.9;6.67;3.23;2.04;0.34;1.2;3.88;130.9;114.4;6.3;2.4;7.8;0.47;0.19;0.08;0.09
4;0;100;50;50;15.33;3.37;9.6;1.69;1.66;0.155;60.3;10.74;5.39;3.19;0.53;1.76;5.03;203.7;161.8;28.3;3.5;10.1;0.42;0.94;0.12;0.18;1.17;1.16;0.128;39.7;9.01;4.39;2.73;0.46;1.61;4.56;133.9;115.5;6;3.2;9.1;0.65;0.27;0.1;0.14
4;0;100;50;100;15.35;3.5;10.68;1.95;1.95;0.179;59.1;10.88;5.47;3.28;0.54;1.63;5.49;201.8;160.3;27.3;3.3;11;0.39;1.27;0.12;0.18;1.55;1.5;0.133;40.9;11.23;5.51;3.37;0.59;1.87;5.19;139.6;116.4;9.1;3.7;10.4;0.82;0.4;0.12;0.17
4;0;100;100;0;17.8;3.44;9.83;1.61;1.66;0.142;68;11.66;5.73;3.55;0.58;1.98;5.08;206.8;157.1;35.5;4;10.2;0.4;0.94;0.13;0.19;1.07;1.01;0.122;32;8.2;4.04;2.37;0.47;1.46;4.75;97.3;78.9;6;2.9;9.5;0.62;0.18;0.08;0.12
4;0;100;100;50;17.95;4.1;11.64;1.93;1.9;0.155;66.9;12.27;6.2;3.58;0.62;2.06;6.05;204.4;153.3;34.9;4.1;12.1;0.38;1.19;0.14;0.19;1.5;1.47;0.126;33.1;11.65;5.7;3.5;0.61;2.04;5.59;101.1;80.3;5.5;4.1;11.2;0.92;0.24;0.13;0.17
4;0;100;100;100;18.11;4.57;13.24;2.33;2.35;0.181;65.2;12.98;6.63;3.71;0.66;2;6.86;202.1;150.9;33.4;4;13.7;0.38;1.62;0.15;0.21;1.86;1.89;0.13;34.8;14.46;7.11;4.37;0.74;2.56;6.38;107.9;81.3;8.7;5.1;12.8;1.13;0.38;0.16;0.22
4;50;0;0;0;15.43;2.39;6.88;1.27;1.27;0.14;50.1;9.01;4.41;2.74;0.43;1.5;3.54;160.6;135.4;15.1;3;7.1;0.75;0.26;0.11;0.14;0.61;0.59;0.114;49.9;5.05;2.43;1.54;0.26;0.89;3.34;159.6;139.4;11.8;1.8;6.7;0.25;0.2;0.06;0.08
4;50;0;0;50;15.19;2.58;7.41;1.33;1.3;0.143;50.4;9.06;4.51;2.66;0.49;1.57;3.85;161.7;137.1;13.8;3.1;7.7;0.74;0.3;0.11;0.15;0.71;0.72;0.118;49.6;5.97;2.85;1.86;0.32;1.01;3.56;158.9;137.7;12.1;2;7.1;0.26;0.3;0.06;0.09
4;50;0;0;100;14.79;2.75;7.87;1.49;1.4;0.149;49.6;9.43;4.72;2.79;0.46;1.55;3.97;162;138.1;12.8;3.1;7.9;0.75;0.39;0.12;0.15;0.89;0.9;0.13;50.4;6.83;3.33;2.08;0.34;1.2;3.9;164.7;136.6;18;2.4;7.8;0.25;0.45;0.08;0.1
4;50;0;50;0;17.46;2.86;8.07;1.33;1.31;0.138;55.8;9.48;4.68;2.85;0.53;1.64;4.1;162.4;132.4;18.5;3.3;8.2;0.73;0.32;0.12;0.15;0.79;0.8;0.116;44.2;6.85;3.23;2.15;0.32;1.21;3.98;128.8;106.9;11.5;2.4;8;0.43;0.2;0.07;0.1
4;50;0;50;50;17.54;3.36;9.65;1.52;1.45;0.141;55.6;10.24;5.1;3.04;0.53;1.74;5.02;163.7;132.5;17.7;3.5;10;0.76;0.39;0.13;0.17;1.16;1.13;0.12;44.4;9.36;4.49;2.85;0.53;1.62;4.63;130.9;106.8;11.5;3.2;9.3;0.6;0.29;0.11;0.13
4;50;0;50;100;17.41;3.82;10.98;1.6;1.59;0.151;54.2;10.5;5.27;3.04;0.54;1.76;5.6;164.2;132.9;16.6;3.5;11.2;0.74;0.55;0.13;0.17;1.47;1.52;0.126;45.8;12.02;5.84;3.65;0.65;2.06;5.38;138.8;106.5;17.4;4.1;10.8;0.75;0.44;0.13;0.2
4;50;0;100;0;19.41;3.18;9.21;1.38;1.38;0.136;63.3;10.13;4.99;3.02;0.52;1.71;4.77;165.2;130.3;21.9;3.4;9.5;0.72;0.37;0.12;0.17;0.99;1;0.118;36.7;8.44;4.08;2.55;0.47;1.47;4.44;95.7;72.4;11.5;2.9;8.9;0.57;0.2;0.1;0.13
4;50;0;100;50;19.66;3.87;11.21;1.51;1.51;0.139;62.2;10.86;5.35;3.26;0.53;1.82;5.7;164.5;128.2;21.2;3.6;11.4;0.71;0.49;0.14;0.17;1.43;1.44;0.12;37.8;11.93;5.68;3.66;0.65;2.04;5.51;99.8;73.5;11.2;4.1;11;0.84;0.28;0.13;0.19
4;50;0;100;100;19.75;4.58;12.93;1.77;1.76;0.15;60.3;11.67;5.82;3.44;0.64;1.95;6.6;165.1;127.5;20.4;3.9;13.2;0.71;0.72;0.14;0.19;1.92;1.86;0.125;39.7;14.84;7.25;4.47;0.78;2.63;6.33;108.4;73.9;16.7;5.3;12.7;1.03;0.42;0.18;0.23
4;50;50;0;0;15.38;2.86;8.24;1.66;1.7;0.144;50.4;11.78;5.86;3.5;0.62;1.96;4.26;162.8;135.3;15;3.9;8.5;1.01;0.35;0.14;0.2;0.66;0.64;0.117;49.6;5.29;2.57;1.59;0.3;0.9;3.98;160.1;139.5;10.8;1.8;8;0.26;0.24;0.05;0.09
4;50;50;0;50;15.13;3.13;8.72;1.86;1.82;0.149;50.5;12.14;6.11;3.55;0.59;2.02;4.52;163.5;136.3;14.1;4;9;1.01;0.46;0.16;0.19;0.84;0.8;0.129;49.5;6.11;3.08;1.75;0.33;1.11;4.2;160;138.5;11;2.2;8.4;0.25;0.38;0.08;0.09
4;50;50;0;100;14.8;3.26;9.46;2.02;1.95;0.155;49.9;12.55;6.3;3.7;0.66;2.01;4.91;164.4;137.5;13;4;9.8;1.02;0.58;0.14;0.2;1;0.99;0.141;50.1;7.01;3.48;2.14;0.35;1.26;4.55;165.3;137.2;16.5;2.5;9.1;0.26;0.55;0.08;0.1
4;50;50;50;0;17.48;3.43;9.64;1.85;1.81;0.142;55.8;12.73;6.37;3.82;0.63;2.19;5.02;164.2;131;18.8;4.4;10;0.98;0.47;0.16;0.21;0.9;0.86;0.119;44.2;7.12;3.38;2.18;0.37;1.24;4.63;130.1;108;10.4;2.5;9.3;0.44;0.23;0.08;0.1
4;50;50;50;50;17.69;3.93;11.18;1.99;1.98;0.148;55.2;13.41;6.7;3.98;0.66;2.25;5.72;164.4;130.3;18.2;4.5;11.4;0.98;0.63;0.16;0.21;1.24;1.2;0.126;44.8;9.51;4.7;2.92;0.48;1.68;5.46;133.1;108.6;10.3;3.4;10.9;0.59;0.36;0.11;0.14
4;50;50;50;100;17.17;4.22;12.32;2.24;2.15;0.159;55.3;13.53;6.81;3.96;0.67;2.2;6.34;172.8;130.7;25;4.4;12.7;0.97;0.81;0.16;0.21;1.64;1.59;0.131;44.7;12.04;5.89;3.64;0.61;2.02;5.98;139.7;108.2;15.5;4;12;0.76;0.52;0.14;0.18
4;50;50;100;0;19.63;3.85;10.9;1.98;1.91;0.139;62.9;13.69;6.82;4.07;0.69;2.33;5.62;165.8;127.2;22.7;4.7;11.2;0.95;0.58;0.16;0.22;1.05;1.02;0.119;37.1;8.48;4.16;2.56;0.41;1.52;5.28;97.6;74;9.9;3;10.6;0.58;0.22;0.09;0.13
4;50;50;100;50;19.65;4.46;13.03;2.18;2.19;0.151;63.3;14.48;7.25;4.31;0.7;2.39;6.71;175.9;125.1;32.6;4.8;13.4;0.93;0.85;0.18;0.23;1.58;1.53;0.124;36.7;12.27;5.95;3.73;0.63;2.07;6.32;101.7;75.1;9.8;4.1;12.6;0.87;0.33;0.14;0.19
4;50;50;100;100;19.56;5.06;14.55;2.44;2.4;0.159;61.6;15.03;7.63;4.32;0.77;2.49;7.6;175.6;124.2;31.1;5;15.2;0.93;1.05;0.18;0.24;2;1.93;0.128;38.4;14.95;7.33;4.58;0.75;2.57;6.95;109.2;75.5;14.6;5.1;13.9;1.06;0.48;0.16;0.22
4;50;100;0;0;15.29;3.4;9.9;2.19;2.2;0.147;51.5;15;7.39;4.47;0.83;2.5;5.11;172.1;134;22.9;5;10.2;1.27;0.5;0.18;0.24;0.73;0.72;0.132;48.5;5.41;2.61;1.65;0.29;0.91;4.79;161.8;140.8;9.6;1.8;9.6;0.25;0.33;0.06;0.08
4;50;100;0;50;15.15;3.64;10.43;2.41;2.42;0.155;50.7;15.55;7.81;4.58;0.8;2.54;5.39;172.1;134.7;21.6;5.1;10.8;1.28;0.69;0.19;0.25;0.91;0.91;0.143;49.3;6.29;3.13;1.88;0.3;1.1;5.04;167.2;140.2;14.7;2.2;10.1;0.26;0.49;0.07;0.1
4;50;100;0;100;14.71;3.79;10.79;2.6;2.59;0.164;50.8;15.76;8.05;4.62;0.77;2.63;5.58;172;135.9;19.7;5.3;11.2;1.29;0.85;0.19;0.25;1.09;1.13;0.161;49.2;6.97;3.51;2.08;0.33;1.16;5.22;166.4;138.9;14.8;2.3;10.4;0.26;0.7;0.08;0.1
4;50;100;50;0;17.51;4.04;11.36;2.51;2.42;0.148;56.7;16.3;8.17;4.78;0.86;2.75;5.88;174.2;128.2;28.7;5.5;11.8;1.22;0.74;0.2;0.26;1.01;0.97;0.129;43.3;7.46;3.66;2.3;0.34;1.29;5.48;132.9;110.1;9.2;2.6;11;0.45;0.31;0.09;0.12
4;50;100;50;50;17.42;4.4;12.52;2.69;2.55;0.155;55.5;16.46;8.34;4.81;0.81;2.75;6.5;173.8;128.2;27.1;5.5;13;1.2;0.89;0.2;0.26;1.33;1.31;0.134;44.5;9.74;4.74;3.01;0.49;1.66;6.02;139.5;110.2;13.9;3.3;12;0.61;0.46;0.1;0.14
4;50;100;50;100;17.21;4.84;13.9;2.92;2.89;0.17;55.1;16.99;8.67;4.97;0.85;2.78;7.18;173.5;128.3;25.3;5.6;14.4;1.23;1.19;0.2;0.26;1.79;1.75;0.142;44.9;12.23;6.14;3.57;0.63;2.06;6.72;141.5;110.1;13.9;4.1;13.4;0.77;0.65;0.14;0.18
4;50;100;100;0;19.69;4.41;12.78;2.6;2.56;0.147;63.9;17.4;8.62;5.25;0.9;2.9;6.67;177.4;123.9;34.4;5.8;13.3;1.18;0.89;0.21;0.29;1.14;1.13;0.127;36.1;8.83;4.24;2.77;0.47;1.51;6.12;99.9;75.7;8.9;3;12.2;0.6;0.29;0.1;0.14
4;50;100;100;50;20;5.24;14.77;2.9;2.79;0.155;61.7;17.97;9.08;5.28;0.93;2.98;7.63;176.1;121.4;33.4;6;15.3;1.14;1.14;0.21;0.3;1.71;1.68;0.131;38.3;12.72;6.34;3.79;0.68;2.26;7.14;109.2;77;13.4;4.5;14.3;0.89;0.44;0.16;0.19
4;50;100;100;100;20;5.68;16.11;3.15;3.16;0.172;61;18.29;9.34;5.3;0.87;3.02;8.25;174.9;120.2;32.1;6;16.5;1.12;1.54;0.21;0.29;2.06;2.1;0.137;39;15.23;7.43;4.65;0.82;2.65;7.86;111.8;77.6;13.2;5.3;15.7;1.08;0.62;0.17;0.23
4;100;0;0;0;17.46;2.88;8.22;1.6;1.58;0.143;42.4;10.99;5.41;3.35;0.58;1.82;4.28;119;91.9;14.9;3.6;8.6;1.01;0.26;0.14;0.18;0.63;0.66;0.114;57.6;5.67;2.74;1.71;0.32;1.05;3.94;162;136.8;15.2;2.1;7.9;0.25;0.26;0.07;0.09
4;100;0;0;50;17.15;3.06;8.86;1.7;1.63;0.145;42.9;11.22;5.56;3.33;0.57;1.84;4.63;120.3;93.9;13.4;3.7;9.3;1.02;0.3;0.14;0.18;0.86;0.84;0.119;57.1;6.94;3.37;2.13;0.36;1.22;4.23;160.2;133.7;15.7;2.4;8.5;0.24;0.41;0.07;0.11
4;100;0;0;100;16.93;3.36;9.76;1.76;1.77;0.15;42.1;11.81;5.84;3.6;0.62;1.98;5.04;121.7;95.1;12.6;4;10.1;1.06;0.38;0.14;0.19;1.1;1.07;0.131;57.9;8.11;3.97;2.46;0.43;1.39;4.72;167.2;131.8;23.2;2.8;9.4;0.26;0.6;0.1;0.12
4;100;0;50;0;19.54;3.23;9.31;1.59;1.62;0.141;48.2;11.44;5.6;3.44;0.61;1.94;4.79;122.1;90.2;18.4;3.9;9.6;1;0.31;0.14;0.18;0.84;0.87;0.116;51.8;7.44;3.53;2.28;0.39;1.29;4.52;131.1;104.6;14.9;2.6;9;0.43;0.25;0.08;0.11
4;100;0;50;50;19.31;3.74;11.03;1.74;1.71;0.143;48.2;11.91;5.85;3.63;0.59;1.95;5.73;123.5;91.1;17;3.9;11.5;1;0.38;0.14;0.19;1.26;1.25;0.12;51.8;10.34;5.03;3.17;0.54;1.78;5.3;132.8;103.5;15.1;3.6;10.6;0.58;0.4;0.12;0.15
4;100;0;50;100;19.13;4.34;12.51;1.9;1.9;0.152;46.7;12.49;6.2;3.68;0.66;2.07;6.45;124.6;91.7;15.8;4.1;12.9;1.02;0.53;0.15;0.2;1.69;1.67;0.127;53.3;13.08;6.37;3.98;0.68;2.27;6.06;142;102.8;22.5;4.5;12.1;0.73;0.59;0.15;0.2
4;100;0;100;0;21.05;3.61;10.3;1.7;1.72;0.14;55.9;12.25;5.97;3.67;0.62;2.03;5.31;124.9;88.6;21.6;4.1;10.6;0.99;0.37;0.16;0.2;1.07;1.06;0.117;44.1;8.98;4.28;2.74;0.49;1.58;4.99;98.6;71;14.4;3.2;10;0.56;0.26;0.11;0.14
4;100;0;100;50;21.38;4.41;12.61;1.84;1.85;0.142;55.1;13.06;6.43;3.94;0.67;2.17;6.47;126.1;87.9;20.9;4.3;12.9;0.99;0.48;0.16;0.22;1.54;1.53;0.12;44.9;12.64;6.06;3.94;0.61;2.25;6.14;102.6;71.6;14.3;4.5;12.3;0.82;0.37;0.15;0.19
4;100;0;100;100;21.42;5;14.43;2.12;2.03;0.151;52.9;13.4;6.72;3.98;0.69;2.23;7.41;126.8;87.9;19.5;4.5;14.8;0.97;0.69;0.16;0.21;1.97;1.98;0.125;47.1;15.75;7.73;4.9;0.77;2.77;7.03;112.9;71.5;21.7;5.5;14.1;1;0.57;0.17;0.24
4;100;50;0;0;17.76;3.68;10.55;2.33;2.29;0.147;43.3;15.6;7.76;4.67;0.79;2.6;5.4;123.8;92.7;15.1;5.2;10.8;1.5;0.35;0.19;0.25;0.8;0.75;0.119;56.7;6.21;3.05;1.88;0.31;1.08;5.15;162.2;135.6;14.2;2.2;10.3;0.25;0.33;0.07;0.1
4;100;50;0;50;17.27;4.01;11.44;2.38;2.43;0.151;42.8;16.08;8.04;4.77;0.84;2.75;5.95;125.4;94.6;13.5;5.5;11.9;1.54;0.44;0.19;0.26;0.98;1.01;0.136;57.2;7.36;3.63;2.18;0.4;1.26;5.49;167.7;132.7;21.5;2.5;11;0.26;0.56;0.09;0.11
4;100;50;0;100;16.99;4.11;11.97;2.58;2.55;0.155;42.9;16.46;8.27;4.92;0.81;2.68;6.15;125.7;95.6;12.4;5.4;12.3;1.55;0.54;0.2;0.26;1.22;1.2;0.143;57.1;8.36;4.1;2.54;0.42;1.42;5.82;167.3;131;21.8;2.8;11.6;0.25;0.74;0.09;0.12
4;100;50;50;0;19.54;4.04;11.69;2.38;2.36;0.145;48.7;16.21;7.94;4.81;0.89;2.66;6;125.8;90.4;18.1;5.3;12;1.46;0.44;0.2;0.26;1.01;0.96;0.119;51.3;8;3.78;2.42;0.44;1.38;5.69;132.4;104.3;13.9;2.8;11.4;0.43;0.33;0.09;0.12
4;100;50;50;50;19.64;4.68;13.34;2.54;2.52;0.15;47.5;16.84;8.38;4.98;0.83;2.77;6.96;127.6;91;17.2;5.5;13.9;1.46;0.59;0.21;0.27;1.42;1.41;0.131;52.5;10.7;5.26;3.26;0.55;1.91;6.38;141.4;103.7;21.1;3.8;12.8;0.57;0.56;0.12;0.16
4;100;50;50;100;19.29;5.07;14.68;2.86;2.72;0.158;48.5;17.25;8.79;5.04;0.86;2.88;7.47;135.4;90.6;24.1;5.8;14.9;1.46;0.8;0.2;0.27;1.86;1.79;0.134;51.5;13.29;6.46;4.05;0.68;2.2;7.21;143.7;104.1;20.7;4.4;14.4;0.74;0.7;0.15;0.2
4;100;50;100;0;21.42;4.44;12.87;2.59;2.49;0.143;56.1;17.39;8.69;5.19;0.9;2.89;6.68;128.6;87.4;22;5.8;13.4;1.42;0.57;0.21;0.29;1.15;1.1;0.12;43.9;9.1;4.35;2.82;0.47;1.55;6.19;100.6;71.9;13.2;3.1;12.4;0.55;0.3;0.11;0.14
4;100;50;100;50;21.7;5.23;15.06;2.75;2.71;0.152;55.8;17.83;8.97;5.19;0.92;2.97;7.93;140.2;87.1;31.2;5.9;15.9;1.4;0.8;0.22;0.29;1.73;1.7;0.128;44.2;13.18;6.42;4.03;0.67;2.27;7.13;111;72.2;20.1;4.5;14.3;0.84;0.52;0.15;0.2
4;100;50;100;100;21.37;5.81;16.72;2.94;2.93;0.158;55.3;18.48;9.28;5.35;0.93;3;8.73;140.4;87.6;29.4;6;17.5;1.42;0.99;0.22;0.31;2.18;2.13;0.131;44.7;16.11;7.93;4.79;0.89;2.81;7.99;113.5;71.8;20;5.6;16;1.01;0.7;0.18;0.24
4;100;100;0;0;17.85;4.37;12.24;2.8;2.81;0.148;45;18.93;9.44;5.58;0.98;3.19;6.29;133.9;92.2;22.7;6.4;12.6;1.77;0.51;0.22;0.3;0.88;0.88;0.135;55;6.46;3.21;1.97;0.33;1.19;5.94;163.6;136.3;13.1;2.4;11.9;0.24;0.46;0.08;0.1
4;100;100;0;50;17.27;4.48;12.69;3.08;3;0.155;44.1;19.33;9.81;5.63;0.96;3.24;6.5;133.4;93.5;20.5;6.5;13;1.81;0.65;0.25;0.3;1.15;1.11;0.148;55.9;7.46;3.79;2.18;0.38;1.24;6.19;169.1;134.3;19.9;2.5;12.4;0.24;0.67;0.09;0.11
4;100;100;0;100;16.89;4.75;13.35;3.21;3.19;0.162;44.5;19.7;10.02;5.78;0.98;3.29;6.95;134.3;95.2;18.6;6.6;13.9;1.83;0.8;0.24;0.32;1.42;1.45;0.167;55.5;8.67;4.42;2.5;0.47;1.46;6.4;167.6;131.6;20.3;2.9;12.8;0.25;0.98;0.09;0.13
4;100;100;50;0;19.53;4.73;13.52;3.02;2.95;0.15;50.7;19.7;9.91;5.78;1;3.32;7.01;137.8;89.4;27.7;6.6;14;1.71;0.69;0.23;0.32;1.1;1.1;0.131;49.3;8.31;4.02;2.56;0.4;1.42;6.51;134.1;105.5;12.8;2.8;13;0.42;0.46;0.09;0.13
4;100;100;50;50;19.56;5.15;15.07;3.18;3.15;0.155;49.1;20.29;10.14;5.98;1.03;3.31;7.72;137.6;89.3;26.2;6.6;15.4;1.72;0.87;0.24;0.32;1.5;1.51;0.138;50.9;10.88;5.31;3.33;0.56;1.84;7.34;142.9;105.6;18.9;3.7;14.7;0.58;0.64;0.12;0.17
4;100;100;50;100;19.36;5.69;16.15;3.44;3.43;0.166;48.8;20.59;10.43;6;1.06;3.41;8.28;137.5;89.7;24.4;6.8;16.6;1.73;1.13;0.24;0.32;2;2;0.148;51.2;13.39;6.69;3.99;0.7;2.28;7.87;144.6;105.2;19.1;4.6;15.7;0.73;0.92;0.15;0.2
4;100;100;100;0;21.61;5.08;14.95;3.23;3.12;0.149;57.7;20.96;10.55;6.18;1.07;3.44;7.72;141.2;85.3;33.5;6.9;15.4;1.65;0.88;0.24;0.34;1.29;1.25;0.129;42.3;9.61;4.64;2.95;0.54;1.63;7.23;103.3;73.6;12;3.3;14.5;0.58;0.42;0.11;0.14
4;100;100;100;50;21.77;5.74;16.93;3.41;3.33;0.155;55.7;21.5;10.78;6.43;1.07;3.48;8.78;141.7;85;32.2;7;17.6;1.63;1.1;0.25;0.35;1.83;1.82;0.134;44.3;13.47;6.55;4.08;0.72;2.25;8.15;112.7;73.9;18.1;4.5;16.3;0.85;0.61;0.15;0.21
4;100;100;100;100;21.63;6.51;18.1;3.75;3.71;0.169;54.8;21.87;11.31;6.33;1;3.65;9.21;140.5;84.3;30.5;7.3;18.4;1.61;1.49;0.27;0.34;2.43;2.34;0.142;45.2;16.34;8.18;4.8;0.89;2.87;8.89;115.9;74.4;17.9;5.7;17.8;1.04;0.87;0.19;0.23
5;0;0;0;0;13.64;1.78;5.35;0.89;0.91;0.138;57.4;6.56;3.19;2.01;0.36;1.07;2.82;204.9;180.9;16.2;2.1;5.6;0.45;0.27;0.08;0.11;0.44;0.48;0.112;42.6;4.07;1.92;1.3;0.23;0.71;2.53;152.1;137.8;7.8;1.4;5.1;0.25;0.12;0.04;0.06
5;0;0;0;50;13.45;2;5.9;1;1;0.141;57.4;7.08;3.49;2.16;0.38;1.19;3.12;205.6;181.5;15.5;2.4;6.2;0.46;0.34;0.09;0.11;0.49;0.56;0.118;42.6;4.67;2.16;1.51;0.24;0.81;2.78;152.4;137.4;7.9;1.6;5.6;0.25;0.19;0.05;0.07
5;0;0;0;100;12.95;2.06;6.23;1.13;1.1;0.149;56.5;7.3;3.61;2.21;0.37;1.15;3.24;204.5;181.5;14.3;2.3;6.5;0.46;0.42;0.09;0.12;0.67;0.67;0.122;43.5;5.43;2.56;1.69;0.3;0.91;3;157.1;137.4;11.9;1.8;6;0.27;0.27;0.05;0.08
5;0;0;50;0;15.68;2.3;6.51;0.99;0.98;0.135;63;7.21;3.58;2.14;0.37;1.21;3.45;206.6;177.4;19.9;2.4;6.9;0.44;0.33;0.09;0.12;0.69;0.7;0.116;37;5.94;2.87;1.79;0.33;1.09;3.06;121.3;105.3;7.8;2.2;6.1;0.42;0.13;0.07;0.08
5;0;0;50;50;15.67;2.76;7.88;1.13;1.09;0.138;62.3;7.84;3.9;2.38;0.37;1.32;4.18;205.6;175.6;19;2.6;8.4;0.44;0.43;0.1;0.13;0.9;0.96;0.119;37.7;7.98;3.72;2.52;0.46;1.44;3.69;124.1;106.3;7.5;2.9;7.4;0.57;0.18;0.09;0.11
5;0;0;50;100;15.69;3.29;9.27;1.23;1.27;0.152;60.9;8.29;4.1;2.5;0.43;1.39;4.76;204.3;173.8;18.2;2.8;9.5;0.43;0.62;0.09;0.13;1.22;1.29;0.122;39.1;10.46;5.11;3.21;0.55;1.89;4.51;131.2;107.2;11.2;3.8;9;0.74;0.26;0.12;0.16
5;0;0;100;0;17.87;2.65;7.66;1.05;1.05;0.133;70;7.86;3.9;2.39;0.38;1.35;3.98;207.9;173.9;23.3;2.7;8;0.43;0.39;0.1;0.13;0.91;0.89;0.117;30;7.51;3.62;2.3;0.4;1.31;3.68;89.1;71.4;7.7;2.6;7.4;0.56;0.13;0.08;0.11
5;0;0;100;50;17.92;3.33;9.6;1.28;1.2;0.135;68.8;8.83;4.34;2.64;0.46;1.48;5.03;205.5;169.7;22.8;3;10.1;0.42;0.53;0.11;0.15;1.25;1.29;0.12;31.2;10.71;5.13;3.38;0.54;1.85;4.58;93;73;7.2;3.7;9.2;0.83;0.17;0.12;0.17
5;0;0;100;100;18.1;3.89;11.22;1.53;1.48;0.152;67;9.7;4.95;2.81;0.46;1.63;5.79;203.8;166.8;22.2;3.3;11.6;0.42;0.78;0.12;0.15;1.57;1.61;0.122;33;13.17;6.21;4.1;0.69;2.26;5.43;100.1;74;10.8;4.5;10.9;1.02;0.24;0.15;0.2
5;0;50;0;0;13.52;2.06;5.84;1.06;1.08;0.139;56.8;7.7;3.79;2.34;0.39;1.31;3.03;202.8;177.3;16.8;2.6;6.1;0.45;0.4;0.1;0.13;0.51;0.51;0.116;43.2;4.22;2;1.35;0.23;0.75;2.81;154.2;140.4;6.7;1.5;5.6;0.25;0.15;0.05;0.07
5;0;50;0;50;13.15;2.25;6.17;1.18;1.2;0.148;56.5;8.06;4.1;2.31;0.38;1.43;3.17;201.7;176.6;15.9;2.9;6.3;0.44;0.53;0.1;0.13;0.6;0.6;0.124;43.5;4.7;2.26;1.42;0.26;0.82;3;155.1;140.9;6.6;1.6;6;0.26;0.22;0.05;0.07
5;0;50;0;100;12.85;2.25;6.7;1.39;1.32;0.158;56;8.35;4.24;2.4;0.45;1.37;3.43;202;177.6;14.8;2.7;6.9;0.44;0.65;0.1;0.13;0.74;0.74;0.134;44;5.4;2.62;1.68;0.26;0.88;3.27;158.7;140.2;10.3;1.8;6.5;0.27;0.33;0.05;0.08
5;0;50;50;0;15.8;2.53;7.32;1.15;1.19;0.137;62.2;8.67;4.25;2.62;0.45;1.44;3.81;203.6;172.6;20.5;2.9;7.6;0.43;0.5;0.11;0.14;0.7;0.74;0.119;37.8;6.15;2.89;1.91;0.32;1.09;3.51;123.8;107.9;6.7;2.2;7;0.43;0.15;0.07;0.09
5;0;50;50;50;15.68;3.05;8.57;1.43;1.4;0.147;61.6;9.49;4.71;2.81;0.49;1.62;4.55;202.5;170.5;19.6;3.2;9.1;0.45;0.68;0.12;0.16;0.97;1.01;0.124;38.4;8.12;3.9;2.53;0.4;1.43;4.02;126.3;109;6.4;2.9;8;0.59;0.21;0.09;0.12
5;0;50;50;100;15.59;3.48;9.96;1.69;1.64;0.164;61.1;9.99;5.09;2.89;0.5;1.68;5.14;209.5;167.7;28.1;3.4;10.3;0.44;0.92;0.12;0.15;1.38;1.35;0.127;38.9;10.59;5.14;3.23;0.55;1.8;4.82;133.2;110.5;9.5;3.6;9.6;0.79;0.29;0.11;0.16
5;0;50;100;0;17.81;3.08;8.62;1.46;1.35;0.135;69;10.01;4.96;3.02;0.5;1.66;4.51;203.5;167;24.2;3.3;9;0.43;0.63;0.13;0.16;0.92;0.91;0.12;31;7.55;3.66;2.35;0.36;1.42;4.11;91.3;73.9;6.3;2.8;8.2;0.58;0.13;0.09;0.11
5;0;50;100;50;18.12;3.75;10.77;1.6;1.67;0.151;68.8;11;5.35;3.35;0.57;1.71;5.62;212.2;162.2;35.4;3.4;11.2;0.43;0.92;0.12;0.19;1.32;1.35;0.123;31.2;10.96;5.41;3.22;0.58;2.04;5.16;96.2;75.7;6.1;4.1;10.3;0.87;0.2;0.13;0.16
5;0;50;100;100;18.16;4.23;12.04;1.89;1.89;0.164;67.5;11.51;5.88;3.31;0.54;1.95;6.3;210.9;160;34.4;3.9;12.6;0.41;1.15;0.14;0.18;1.74;1.7;0.126;32.5;13.46;6.53;4.14;0.71;2.28;5.73;101.4;76.5;9;4.6;11.5;1.06;0.29;0.15;0.19
5;0;100;0;0;13.48;2.27;6.58;1.29;1.29;0.142;57;9.07;4.5;2.73;0.47;1.52;3.46;208.7;172.6;26.2;3;6.9;0.45;0.58;0.11;0.15;0.5;0.54;0.123;43;4.26;2.06;1.3;0.2;0.75;3.11;157.1;143.8;5.6;1.5;6.2;0.26;0.16;0.05;0.06
5;0;100;0;50;12.77;2.35;6.76;1.54;1.48;0.158;56.8;9.36;4.77;2.74;0.47;1.52;3.5;206.7;172.9;23.7;3;7;0.46;0.76;0.12;0.14;0.57;0.63;0.132;43.2;4.67;2.32;1.4;0.26;0.83;3.26;157.3;143.6;5.6;1.7;6.5;0.26;0.24;0.06;0.07
5;0;100;0;100;12.44;2.54;7.09;1.7;1.7;0.174;56.2;9.74;5.08;2.7;0.45;1.62;3.71;206.3;173;22.6;3.2;7.4;0.45;0.98;0.11;0.16;0.79;0.79;0.145;43.8;5.33;2.67;1.6;0.26;0.93;3.38;160.6;143.5;8.5;1.9;6.8;0.28;0.37;0.06;0.08
5;0;100;50;0;15.73;2.88;8.27;1.56;1.54;0.146;62.3;10.56;5.3;3.17;0.55;1.79;4.34;209.9;166;31.6;3.6;8.7;0.43;0.8;0.13;0.18;0.79;0.78;0.123;37.7;6.26;3.04;1.91;0.33;1.09;3.93;126.9;111.4;5.5;2.2;7.9;0.45;0.16;0.07;0.09
5;0;100;50;50;15.48;3.28;9.33;1.73;1.73;0.157;61.5;10.98;5.52;3.27;0.57;1.8;4.76;207.8;164.4;30.3;3.6;9.5;0.43;0.98;0.14;0.18;1.05;1.07;0.128;38.5;8.35;4.07;2.52;0.45;1.48;4.58;129.8;112.3;5.3;3;9.2;0.61;0.24;0.1;0.13
5;0;100;50;100;15.36;3.7;10.79;2.03;2.06;0.182;60.4;11.35;5.81;3.33;0.55;1.77;5.68;206.4;163.3;28.2;3.5;11.4;0.43;1.32;0.13;0.18;1.33;1.45;0.133;39.6;10.88;5.28;3.35;0.58;1.93;5.12;135.2;112.9;8.2;3.9;10.2;0.81;0.36;0.13;0.16
5;0;100;100;0;18.13;3.37;9.68;1.72;1.76;0.145;69.4;12.14;6.01;3.68;0.6;2.05;5.11;212;159.8;37.9;4.1;10.2;0.42;1;0.15;0.19;0.98;0.95;0.122;30.6;7.7;3.7;2.34;0.41;1.31;4.56;93.4;76.5;5.1;2.6;9.1;0.6;0.15;0.09;0.11
5;0;100;100;50;18.1;4.13;11.64;2;2;0.157;68;12.73;6.38;3.75;0.64;2.12;6.09;208.6;156;36.3;4.2;12.2;0.41;1.23;0.16;0.21;1.39;1.41;0.125;32;11.23;5.42;3.45;0.58;2.01;5.55;98;77.9;5;4;11.1;0.9;0.22;0.12;0.17
5;0;100;100;100;18.25;4.58;13.22;2.38;2.48;0.183;66.3;13.53;6.96;3.88;0.67;2.18;6.8;205.5;152.2;35.3;4.4;13.6;0.41;1.7;0.15;0.22;1.77;1.78;0.129;33.7;13.74;6.66;4.26;0.69;2.4;6.42;104.2;79.3;7.3;4.8;12.8;1.1;0.31;0.16;0.21
5;50;0;0;0;15.44;2.42;6.85;1.43;1.37;0.146;51.5;9.38;4.69;2.77;0.49;1.58;3.55;164.2;137.9;16;3.2;7.1;0.82;0.28;0.12;0.16;0.47;0.54;0.113;48.5;4.65;2.23;1.46;0.24;0.85;3.31;154.7;135.6;10.8;1.7;6.6;0.24;0.18;0.05;0.07
5;50;0;0;50;15.08;2.57;7.36;1.46;1.42;0.148;51.8;9.58;4.81;2.86;0.51;1.59;3.83;165.5;139.9;14.8;3.2;7.7;0.83;0.32;0.12;0.16;0.64;0.67;0.118;48.2;5.52;2.64;1.69;0.27;0.98;3.52;153.8;133.7;11.1;2;7;0.24;0.28;0.06;0.08
5;50;0;0;100;14.91;2.71;7.98;1.59;1.54;0.154;51;10.01;4.97;3;0.5;1.63;4.15;166.1;140.7;13.8;3.3;8.3;0.83;0.42;0.13;0.16;0.78;0.84;0.129;49;6.48;3.11;1.97;0.35;1.08;3.83;159.5;132.9;16.8;2.2;7.7;0.26;0.42;0.07;0.1
5;50;0;50;0;17.35;2.78;8.09;1.38;1.42;0.143;57.3;9.9;4.86;2.95;0.5;1.66;4.19;166.6;135.6;19.3;3.3;8.4;0.81;0.33;0.12;0.16;0.75;0.78;0.117;42.7;6.58;3.09;2.05;0.36;1.11;3.89;124;103.4;10.6;2.2;7.8;0.43;0.17;0.07;0.11
5;50;0;50;50;17.45;3.17;9.44;1.54;1.48;0.145;56.9;10.15;5.07;2.97;0.55;1.68;4.94;167;135.3;18.5;3.4;9.9;0.78;0.4;0.12;0.17;1.09;1.09;0.12;43.1;9;4.25;2.85;0.5;1.49;4.5;126.4;103.7;10.8;3;9;0.58;0.26;0.1;0.14
5;50;0;50;100;17.35;3.79;10.88;1.64;1.7;0.156;55.7;10.88;5.43;3.2;0.59;1.79;5.7;168;135.6;17.4;3.6;11.4;0.81;0.57;0.13;0.19;1.4;1.44;0.125;44.3;11.45;5.5;3.47;0.63;2;5.18;133.7;103.4;16;4;10.4;0.74;0.4;0.12;0.18
5;50;0;100;0;19.63;3.18;9.25;1.46;1.5;0.141;64.7;10.62;5.28;3.18;0.58;1.82;4.79;169.1;132.8;23.2;3.6;9.6;0.78;0.41;0.14;0.17;0.9;0.94;0.117;35.3;7.92;3.7;2.49;0.44;1.36;4.46;92.4;70.3;10.4;2.7;8.9;0.55;0.18;0.09;0.12
5;50;0;100;50;19.61;3.89;11.11;1.63;1.63;0.143;63.6;11.41;5.58;3.47;0.62;1.86;5.77;168.5;130.8;22.5;3.7;11.5;0.78;0.52;0.14;0.19;1.32;1.36;0.12;36.4;11.28;5.44;3.49;0.6;2.03;5.35;96.1;71.3;10.1;4.1;10.7;0.81;0.25;0.14;0.17
5;50;0;100;100;19.84;4.48;13.03;1.88;1.9;0.154;61.6;12.28;6.12;3.66;0.63;1.98;6.74;168.2;129.1;21.6;4;13.5;0.78;0.77;0.14;0.21;1.62;1.74;0.124;38.4;13.99;6.74;4.27;0.77;2.5;6.29;104.9;72.1;15.2;5;12.6;0.99;0.39;0.16;0.2
5;50;50;0;0;15.43;2.85;8.2;1.81;1.8;0.149;51.6;12.06;5.96;3.56;0.63;2.01;4.21;165.9;137.4;16;4;8.4;1.08;0.38;0.16;0.19;0.58;0.59;0.118;48.4;4.87;2.34;1.55;0.25;0.85;3.99;155.7;136.2;9.9;1.7;8;0.24;0.21;0.05;0.08
5;50;50;0;50;15.28;3.08;8.87;1.98;1.96;0.155;51.8;12.64;6.34;3.79;0.65;2.08;4.59;167;138.7;15;4.2;9.2;1.11;0.49;0.16;0.2;0.72;0.75;0.129;48.2;5.73;2.79;1.77;0.31;1.01;4.27;155.5;134.9;10.1;2;8.5;0.24;0.35;0.07;0.08
5;50;50;0;100;14.73;3.09;9.4;2.1;2.06;0.16;51;12.85;6.47;3.76;0.65;1.97;4.86;167.2;139.7;13.8;3.9;9.7;1.1;0.61;0.14;0.2;0.93;0.92;0.14;49;6.58;3.29;1.91;0.38;1.12;4.54;160.4;133.9;15.2;2.2;9.1;0.26;0.49;0.07;0.1
5;50;50;50;0;17.8;3.38;9.94;1.95;1.94;0.146;56.9;13.27;6.5;4.01;0.72;2.19;5.19;167.8;133;20;4.4;10.4;1.05;0.51;0.16;0.22;0.77;0.81;0.119;43.1;6.75;3.21;2.13;0.35;1.19;4.75;126.8;105.3;9.7;2.4;9.5;0.43;0.21;0.07;0.1
5;50;50;50;50;17.42;3.96;11.07;2.09;2.09;0.153;56.5;13.65;6.93;3.96;0.71;2.33;5.67;167.7;133.1;18.6;4.7;11.3;1.07;0.64;0.16;0.22;1.13;1.15;0.125;43.5;9.13;4.42;2.76;0.48;1.63;5.4;128.9;105.2;9.6;3.3;10.8;0.58;0.33;0.11;0.13
5;50;50;50;100;17.52;4.33;12.67;2.31;2.31;0.163;56.3;14.12;7.11;4.17;0.7;2.25;6.55;176.3;131.8;26.8;4.5;13.1;1.04;0.89;0.16;0.22;1.42;1.53;0.131;43.7;11.68;5.64;3.67;0.63;2.07;6.12;136.8;106.1;14.2;4.1;12.2;0.76;0.47;0.13;0.18
5;50;50;100;0;19.69;3.79;10.81;2.06;2.02;0.144;64.2;13.95;6.89;4.2;0.68;2.33;5.66;169.5;130.2;23.4;4.7;11.3;1.03;0.59;0.17;0.23;0.96;0.99;0.119;35.8;8.21;3.92;2.54;0.43;1.46;5.15;94.2;71.5;9.5;2.9;10.3;0.56;0.21;0.09;0.12
5;50;50;100;50;20.08;4.54;13.16;2.38;2.36;0.155;64.6;15.21;7.66;4.56;0.75;2.54;6.89;180.3;126.8;34.7;5.1;13.8;1.01;0.92;0.19;0.25;1.46;1.46;0.124;35.4;11.72;5.64;3.6;0.61;2;6.27;98.8;73.2;9.1;4;12.5;0.84;0.32;0.14;0.17
5;50;50;100;100;20.03;4.97;14.52;2.6;2.54;0.163;62.9;15.52;7.79;4.59;0.81;2.46;7.58;179.7;126.4;33.2;4.9;15.2;1;1.11;0.18;0.25;1.76;1.84;0.128;37.1;14.24;6.94;4.37;0.76;2.51;6.95;106;73.4;13.7;5;13.9;1.01;0.46;0.16;0.22
5;50;100;0;0;15.66;3.42;9.92;2.38;2.37;0.152;52.7;15.62;7.82;4.64;0.76;2.57;5.19;176.1;135.9;24.6;5.1;10.4;1.37;0.55;0.2;0.26;0.69;0.68;0.131;47.3;5.08;2.47;1.58;0.26;0.85;4.73;157.8;137.6;9;1.7;9.5;0.25;0.3;0.06;0.08
5;50;100;0;50;15.22;3.52;10.23;2.57;2.55;0.16;52;15.89;7.92;4.65;0.85;2.56;5.31;175.6;136.6;23.2;5.1;10.6;1.37;0.74;0.19;0.25;0.79;0.82;0.142;48;5.71;2.78;1.76;0.3;0.96;4.92;162.1;136.9;13.5;1.9;9.8;0.24;0.44;0.07;0.08
5;50;100;0;100;14.72;3.78;10.84;2.79;2.78;0.17;52;16.35;8.29;4.86;0.78;2.66;5.64;175.6;137.8;21.2;5.3;11.3;1.39;0.93;0.2;0.26;0.99;1.05;0.159;48;6.55;3.27;1.94;0.32;1.13;5.2;161.9;135.8;13.5;2.3;10.4;0.26;0.63;0.07;0.1
5;50;100;50;0;17.99;4.07;11.41;2.55;2.57;0.153;58.1;16.76;8.42;4.98;0.83;2.85;5.95;178.9;130.5;30.8;5.7;11.9;1.31;0.78;0.21;0.27;0.88;0.91;0.128;41.9;7.04;3.37;2.13;0.39;1.21;5.46;129;107.1;8.6;2.4;10.9;0.43;0.29;0.08;0.11
5;50;100;50;50;17.41;4.37;12.63;2.77;2.72;0.16;56.9;16.98;8.58;4.98;0.86;2.77;6.65;178.1;130.9;28.3;5.5;13.3;1.31;0.93;0.2;0.28;1.25;1.26;0.134;43.1;9.33;4.6;2.85;0.47;1.6;5.97;134.6;106.8;12.6;3.2;11.9;0.59;0.42;0.11;0.14
5;50;100;50;100;17.36;4.82;14.12;3.04;3.1;0.175;56.1;17.69;9.18;5.08;0.85;2.88;7.27;176.3;128.5;27.5;5.8;14.5;1.31;1.3;0.21;0.28;1.59;1.62;0.14;43.9;11.57;5.68;3.52;0.58;1.93;6.85;138.1;108.5;12.1;3.9;13.7;0.77;0.56;0.12;0.17
5;50;100;100;0;19.96;4.4;12.77;2.75;2.73;0.151;65;17.98;8.79;5.48;0.92;2.94;6.61;180.8;125.6;36.1;5.9;13.2;1.28;0.94;0.22;0.29;1.03;1.06;0.126;35;8.36;4.09;2.47;0.46;1.46;6.16;97.2;73.8;8.2;2.9;12.3;0.58;0.27;0.09;0.12
5;50;100;100;50;20.24;5.14;14.69;3.09;2.98;0.159;63.1;18.7;9.48;5.43;0.94;3.03;7.72;180.4;123.4;35.5;6.1;15.4;1.25;1.21;0.22;0.3;1.48;1.54;0.13;36.9;11.8;5.78;3.55;0.55;2.12;6.97;105.2;74.8;12.2;4.2;13.9;0.85;0.39;0.13;0.17
5;50;100;100;100;20.22;5.55;16.21;3.46;3.45;0.177;62.2;19.42;9.98;5.61;0.96;3.08;8.44;178.5;121;34.5;6.2;16.9;1.22;1.68;0.24;0.31;1.82;1.97;0.136;37.8;14.37;6.97;4.37;0.78;2.47;7.77;108.3;76;11.8;4.9;15.5;1.04;0.56;0.16;0.21
5;100;0;0;0;17.37;2.81;8.12;1.78;1.73;0.149;43.9;11.6;5.76;3.45;0.59;1.86;4.32;122.1;94.1;15.6;3.7;8.6;1.13;0.28;0.13;0.19;0.61;0.61;0.112;56.1;5.25;2.54;1.59;0.29;0.94;3.8;156.2;132.5;14.2;1.9;7.6;0.23;0.24;0.06;0.08
5;100;0;0;50;17.31;3.15;8.97;1.85;1.8;0.151;44.4;11.84;5.98;3.48;0.58;1.99;4.75;123.8;95.8;14.6;4;9.5;1.14;0.32;0.15;0.19;0.78;0.8;0.119;55.6;6.63;3.22;2.03;0.36;1.16;4.22;155.4;130.1;14.6;2.3;8.4;0.24;0.38;0.08;0.1
5;100;0;0;100;16.74;3.42;9.62;1.91;1.89;0.156;43.6;12.12;6.19;3.49;0.62;2.09;5.09;124.9;97.3;13.3;4.2;10.2;1.16;0.39;0.14;0.2;1.04;1.02;0.131;56.4;7.76;3.74;2.37;0.41;1.32;4.53;161.4;127.9;21.8;2.6;9.1;0.25;0.57;0.09;0.12
5;100;0;50;0;19.2;3.32;9.29;1.7;1.73;0.147;49.6;11.74;5.82;3.5;0.6;2;4.78;124.8;92.5;18.8;4;9.6;1.08;0.32;0.14;0.19;0.84;0.86;0.117;50.4;7.31;3.54;2.2;0.38;1.32;4.52;127;101.1;14.2;2.6;9;0.41;0.25;0.09;0.11
5;100;0;50;50;19.24;3.63;10.9;1.82;1.83;0.149;49.6;12.26;6.1;3.67;0.62;2.02;5.66;126.2;93.1;17.8;4;11.3;1.1;0.39;0.15;0.2;1.19;1.17;0.12;50.4;9.73;4.7;3.02;0.55;1.61;5.24;128.3;100.5;14.1;3.2;10.5;0.55;0.37;0.11;0.15
5;100;0;50;100;19.43;4.4;12.53;2.05;2.06;0.157;48;13.11;6.66;3.83;0.66;2.23;6.47;127.3;92.8;17.1;4.5;12.9;1.1;0.59;0.16;0.2;1.46;1.58;0.127;52;12.42;6.05;3.81;0.63;2.17;6.06;138.2;100.8;20.9;4.3;12.1;0.71;0.55;0.14;0.18
5;100;0;100;0;21.19;3.63;10.34;1.89;1.84;0.145;57.4;12.71;6.36;3.66;0.68;2.15;5.43;128.1;90.3;22.7;4.3;10.9;1.09;0.4;0.15;0.21;0.98;0.99;0.117;42.6;8.4;4.04;2.59;0.48;1.48;4.91;95.2;69;13.4;3;9.8;0.54;0.23;0.1;0.13
5;100;0;100;50;21.39;4.32;12.58;1.95;1.98;0.147;56.7;13.45;6.66;4.03;0.69;2.26;6.57;129.3;90;21.7;4.5;13.1;1.08;0.5;0.17;0.22;1.39;1.45;0.12;43.3;12.05;5.67;3.75;0.68;2.06;6.01;99;69.2;13.6;4.1;12;0.79;0.35;0.13;0.19
5;100;0;100;100;21.41;5;14.22;2.27;2.22;0.156;54.5;14.17;7.08;4.24;0.74;2.33;7.41;130;89.8;20.7;4.7;14.8;1.08;0.73;0.17;0.24;1.9;1.9;0.126;45.5;15.04;7.35;4.56;0.78;2.67;6.81;108.7;69.4;20.4;5.3;13.6;0.96;0.53;0.17;0.23
5;100;50;0;0;17.63;3.7;10.36;2.52;2.46;0.153;44.5;16.02;8.06;4.69;0.81;2.7;5.33;126.3;94.5;15.7;5.4;10.7;1.62;0.38;0.21;0.25;0.69;0.69;0.118;55.5;5.71;2.72;1.76;0.28;1;5.03;157.5;132;13.5;2;10.1;0.23;0.31;0.06;0.09
5;100;50;0;50;17.16;3.89;11.12;2.74;2.61;0.157;43.9;16.64;8.51;4.9;0.79;2.73;5.86;127.6;95.9;14.5;5.5;11.7;1.65;0.48;0.2;0.28;0.89;0.92;0.135;56.1;6.75;3.33;2.01;0.33;1.16;5.26;162.8;129.9;20.1;2.3;10.5;0.24;0.51;0.08;0.1
5;100;50;0;100;17.21;4.18;11.88;2.72;2.75;0.161;44.1;17.02;8.56;5.05;0.82;2.82;6.13;128.6;97.2;13.6;5.6;12.3;1.67;0.6;0.2;0.28;1.19;1.15;0.143;55.9;7.95;4;2.31;0.44;1.37;5.75;163;128.1;20.7;2.7;11.5;0.24;0.69;0.09;0.12
5;100;50;50;0;19.48;4.17;11.97;2.47;2.56;0.151;50.3;16.95;8.45;5.04;0.86;2.84;6.23;129.6;92.3;19.1;5.7;12.5;1.59;0.48;0.22;0.27;0.91;0.93;0.119;49.7;7.68;3.68;2.34;0.4;1.33;5.73;128.2;101.3;12.7;2.7;11.5;0.42;0.3;0.08;0.12
5;100;50;50;50;19.54;4.59;13.26;2.71;2.71;0.156;48.9;17.39;8.84;5.12;0.85;2.9;6.91;130.4;92.8;18;5.8;13.8;1.59;0.62;0.22;0.28;1.28;1.32;0.131;51.1;10.02;4.85;3.06;0.51;1.69;6.35;136.6;100.8;19.7;3.4;12.7;0.55;0.51;0.11;0.15
5;100;50;50;100;19.36;5.17;14.74;2.91;2.94;0.164;50.2;17.98;9.07;5.3;0.93;2.97;7.71;139.6;92.7;25.6;5.9;15.4;1.59;0.84;0.22;0.29;1.69;1.71;0.134;49.8;12.71;6.21;3.94;0.58;2.19;7.02;138.7;100.9;19.3;4.4;14;0.71;0.66;0.14;0.19
5;100;50;100;0;21.48;4.49;12.94;2.62;2.64;0.149;57.4;17.74;8.7;5.34;0.85;2.91;6.74;131.7;89.7;22.7;5.8;13.5;1.54;0.59;0.22;0.29;1.03;1.08;0.12;42.6;8.97;4.27;2.75;0.52;1.57;6.2;97.7;69.4;12.7;3.1;12.4;0.54;0.3;0.1;0.14
5;100;50;100;50;21.86;5.28;15.15;2.9;2.93;0.157;57.1;18.65;9.32;5.49;0.93;3.05;7.95;143.6;88.4;33.3;6.1;15.9;1.54;0.86;0.23;0.3;1.5;1.6;0.128;42.9;12.46;6.04;3.86;0.68;2.23;7.2;107.7;70.4;18.5;4.5;14.4;0.8;0.47;0.14;0.18
5;100;50;100;100;21.92;5.7;16.69;3.06;3.14;0.164;56.6;19.2;9.61;5.67;1.01;3.08;8.68;143.7;88.5;31.8;6.2;17.4;1.52;1.08;0.23;0.31;2.01;2;0.131;43.4;15.24;7.38;4.64;0.76;2.63;8.01;110.4;70.3;18.7;5.3;16;0.97;0.64;0.16;0.23
5;100;100;0;0;17.47;4.22;12.35;3.03;3.01;0.155;46.4;19.45;9.71;5.78;0.99;3.16;6.5;137;94.3;23.4;6.3;13;1.92;0.53;0.24;0.33;0.83;0.83;0.134;53.6;6.15;2.99;1.87;0.32;1.05;5.86;158.4;132.2;12.3;2.1;11.7;0.24;0.44;0.06;0.1
5;100;100;0;50;17.16;4.46;12.72;3.25;3.2;0.161;45.4;19.82;10.09;5.79;0.96;3.29;6.57;136.5;95;21.8;6.6;13.1;1.95;0.69;0.25;0.31;1.02;1.03;0.146;54.6;6.98;3.48;2.09;0.38;1.17;6.15;164.2;131.2;18.4;2.3;12.3;0.25;0.6;0.07;0.1
5;100;100;0;100;16.91;4.71;13.34;3.41;3.41;0.168;45.6;20.24;10.29;5.87;1.02;3.33;6.92;137.1;96.4;20.2;6.7;13.8;1.97;0.87;0.24;0.32;1.35;1.36;0.166;54.4;8.13;4.17;2.39;0.4;1.38;6.42;163.6;129.1;18.8;2.8;12.8;0.25;0.9;0.09;0.12
5;100;100;50;0;19.77;4.69;13.75;3.2;3.17;0.155;51.9;20.44;10.23;6.07;1.04;3.33;7.1;141;90.8;29.3;6.7;14.2;1.87;0.73;0.24;0.33;1.03;1.05;0.131;48.1;7.96;3.88;2.43;0.43;1.36;6.65;130.7;102.9;11.8;2.7;13.3;0.42;0.42;0.09;0.12
5;100;100;50;50;19.45;5.37;15.07;3.38;3.35;0.161;50.3;20.86;10.73;6.05;1.07;3.56;7.79;140.8;90.5;27.6;7.1;15.6;1.84;0.91;0.25;0.35;1.44;1.44;0.138;49.7;10.44;5.19;3.16;0.52;1.81;7.27;139.2;103.3;17.8;3.6;14.5;0.58;0.6;0.12;0.15
5;100;100;50;100;19.59;5.72;16.16;3.67;3.68;0.173;50;21.3;10.86;6.12;1.09;3.44;8.43;140.8;90.8;26.2;6.9;16.9;1.84;1.24;0.26;0.34;1.89;1.94;0.148;50;13.04;6.44;3.89;0.67;2.28;7.73;140.9;102.9;17.9;4.6;15.5;0.73;0.87;0.16;0.19
5;100;100;100;0;21.68;5.28;14.84;3.37;3.32;0.154;59.2;21.53;10.94;6.36;1.08;3.62;7.82;145.1;87.5;34.7;7.2;15.6;1.79;0.91;0.26;0.35;1.18;1.18;0.129;40.8;9.14;4.48;2.78;0.51;1.66;7.02;99.9;71;11.4;3.3;14;0.55;0.4;0.1;0.14
5;100;100;100;50;21.96;5.94;16.88;3.59;3.55;0.16;57;22.15;11.2;6.53;1.17;3.71;8.8;145.2;86.6;33.6;7.4;17.6;1.76;1.15;0.28;0.36;1.76;1.76;0.134;43;13.03;6.36;3.93;0.68;2.24;8.08;109.6;71.7;17.3;4.5;16.2;0.82;0.59;0.15;0.19
5;100;100;100;100;21.67;6.36;18.3;4.03;3.96;0.174;56.3;22.71;11.75;6.51;1.12;3.7;9.48;144.2;85.7;32.2;7.4;19;1.77;1.55;0.28;0.36;2.16;2.21;0.141;43.7;15.57;7.67;4.81;0.75;2.66;8.82;111.8;72.4;16.5;5.3;17.6;1.01;0.8;0.17;0.23
6;0;0;0;0;13.79;1.91;5.37;0.98;0.98;0.138;58.9;7.08;3.54;2.16;0.34;1.23;2.85;210.2;184.6;17.5;2.5;5.7;0.47;0.3;0.09;0.12;0.41;0.44;0.112;41.1;3.79;1.77;1.19;0.19;0.68;2.52;146.8;133.4;7;1.4;5;0.23;0.12;0.04;0.06
6;0;0;0;50;13.07;1.97;5.73;1.06;1.01;0.141;58.7;7.1;3.54;2.15;0.37;1.15;3;209.3;185.1;15.9;2.3;6;0.46;0.34;0.09;0.12;0.53;0.55;0.117;41.3;4.51;2.16;1.41;0.24;0.82;2.73;147;133;6.9;1.6;5.5;0.26;0.17;0.06;0.06
6;0;0;0;100;12.97;2.1;6.13;1.16;1.14;0.149;58.1;7.59;3.77;2.28;0.4;1.26;3.19;209.6;185.4;15.3;2.5;6.4;0.47;0.45;0.09;0.12;0.63;0.62;0.121;41.9;4.99;2.38;1.54;0.27;0.84;2.93;150.8;132.8;10.4;1.7;5.9;0.26;0.23;0.06;0.08
6;0;0;50;0;15.68;2.24;6.64;0.99;1.03;0.135;64.4;7.61;3.64;2.37;0.4;1.25;3.49;211;180.7;20.8;2.5;7;0.45;0.36;0.09;0.14;0.66;0.68;0.117;35.6;5.71;2.74;1.8;0.29;1;3.15;116.8;101.9;6.6;2;6.3;0.41;0.11;0.06;0.09
6;0;0;50;50;15.87;2.7;7.9;1.15;1.13;0.138;63.5;8.14;3.99;2.46;0.41;1.34;4.09;209.4;178.4;20.1;2.7;8.2;0.43;0.45;0.1;0.14;0.93;0.94;0.119;36.5;7.79;3.76;2.39;0.4;1.35;3.81;120.4;103.1;6.9;2.7;7.6;0.57;0.17;0.08;0.12
6;0;0;50;100;15.66;3.23;9.12;1.34;1.32;0.153;62.3;8.59;4.33;2.58;0.41;1.49;4.75;208.6;177;19.1;3;9.5;0.43;0.64;0.11;0.14;1.22;1.22;0.121;37.7;10.01;4.8;3.04;0.55;1.75;4.37;126;103.8;9.9;3.5;8.7;0.74;0.22;0.11;0.15
6;0;0;100;0;17.91;2.59;7.6;1.08;1.11;0.133;71.3;8.27;4;2.55;0.42;1.4;4.01;212.7;177.4;24.5;2.8;8;0.45;0.41;0.1;0.14;0.78;0.82;0.118;28.7;6.95;3.27;2.19;0.35;1.19;3.59;85.5;69.1;6.8;2.4;7.2;0.53;0.11;0.08;0.1
6;0;0;100;50;18.09;3.37;9.83;1.27;1.26;0.136;69.8;9.25;4.49;2.82;0.5;1.52;5.11;209.7;172.5;23.9;3;10.2;0.43;0.56;0.11;0.16;1.16;1.23;0.12;30.2;10.24;4.92;3.16;0.55;1.85;4.73;90.4;70.8;6.5;3.7;9.5;0.81;0.15;0.11;0.16
6;0;0;100;100;18.32;3.93;11.3;1.56;1.55;0.152;68.2;10.15;5.08;3.05;0.54;1.68;5.94;208.1;169.7;23.1;3.4;11.9;0.43;0.82;0.13;0.17;1.48;1.53;0.121;31.8;12.59;6;3.9;0.65;2.25;5.37;96.7;71.7;9.7;4.5;10.7;1;0.21;0.14;0.18
6;0;50;0;0;13.4;2.02;5.79;1.09;1.11;0.139;58.4;7.92;3.96;2.3;0.4;1.34;3.02;208.1;181.7;17.6;2.7;6;0.47;0.41;0.1;0.13;0.44;0.47;0.115;41.6;3.84;1.89;1.18;0.21;0.68;2.77;148.1;135.3;5.8;1.4;5.5;0.23;0.13;0.05;0.06
6;0;50;0;50;13.11;2.1;6.27;1.23;1.26;0.148;58.1;8.46;4.17;2.52;0.44;1.31;3.4;206.9;181;16.5;2.6;6.8;0.46;0.55;0.1;0.15;0.53;0.57;0.124;41.9;4.44;2.2;1.34;0.21;0.79;2.86;149.2;135.9;6;1.6;5.7;0.25;0.2;0.05;0.06
6;0;50;0;100;12.42;2.28;6.71;1.4;1.41;0.158;57.4;8.89;4.43;2.67;0.43;1.41;3.54;205.6;180.4;15.3;2.8;7.1;0.47;0.69;0.1;0.15;0.66;0.66;0.132;42.6;4.89;2.42;1.48;0.24;0.87;3.17;152.8;136.2;8.5;1.7;6.3;0.27;0.27;0.05;0.07
6;0;50;50;0;15.82;2.6;7.46;1.19;1.25;0.137;63.5;9.08;4.37;2.82;0.48;1.54;3.89;208;175.9;21.3;3.1;7.8;0.45;0.53;0.12;0.15;0.66;0.71;0.119;36.5;5.86;2.83;1.8;0.33;1.07;3.57;119.5;104.4;5.9;2.1;7.1;0.43;0.12;0.07;0.09
6;0;50;50;50;15.59;2.97;8.57;1.39;1.43;0.147;62.9;9.71;4.81;2.87;0.48;1.61;4.48;206.7;174.1;20.5;3.2;9;0.45;0.7;0.12;0.16;0.94;0.97;0.123;37.1;7.79;3.79;2.36;0.43;1.36;4.09;121.7;105.3;5.5;2.7;8.2;0.57;0.19;0.09;0.12
6;0;50;50;100;15.8;3.45;9.89;1.8;1.71;0.163;62.4;10.44;5.35;2.95;0.53;1.68;5.19;213.7;170.1;29.8;3.4;10.4;0.44;0.98;0.13;0.16;1.22;1.28;0.126;37.6;10.09;4.86;3.14;0.5;1.77;4.7;128.6;107.3;8.4;3.5;9.4;0.76;0.27;0.11;0.14
6;0;50;100;0;18.18;2.99;8.67;1.43;1.41;0.134;70.2;10.49;5.16;3.08;0.59;1.77;4.52;207.9;169.9;25.4;3.5;9;0.43;0.68;0.13;0.17;0.87;0.86;0.119;29.8;7.11;3.35;2.23;0.37;1.22;4.15;88.1;71.7;5.7;2.4;8.3;0.55;0.12;0.07;0.11
6;0;50;100;50;18.25;3.64;10.7;1.69;1.71;0.151;70.3;11.26;5.62;3.37;0.57;1.84;5.65;217.8;166;36.9;3.7;11.3;0.43;0.95;0.14;0.19;1.23;1.29;0.122;29.7;10.47;4.96;3.19;0.6;1.79;5.06;92.1;73;5.4;3.6;10.1;0.84;0.18;0.11;0.16
6;0;50;100;100;18.45;4.22;12.23;1.99;1.98;0.163;68.7;12.1;6.07;3.61;0.61;1.94;6.43;215.8;163.2;35.9;3.9;12.9;0.42;1.21;0.15;0.2;1.52;1.63;0.125;31.3;12.92;6.17;4.02;0.66;2.28;5.81;98.3;74;8.1;4.6;11.6;1.02;0.26;0.15;0.2
6;0;100;0;0;13.23;2.23;6.4;1.39;1.34;0.142;58.5;9.41;4.68;2.81;0.47;1.56;3.36;213.2;176.3;27.1;3.1;6.7;0.47;0.6;0.12;0.16;0.49;0.5;0.12;41.5;3.94;1.92;1.18;0.21;0.67;3.04;151.1;139;4.7;1.3;6.1;0.25;0.14;0.04;0.06
6;0;100;0;50;12.87;2.28;6.82;1.6;1.57;0.158;58.1;9.91;4.96;2.86;0.52;1.58;3.55;211.2;175;25.9;3.2;7.1;0.46;0.83;0.12;0.16;0.54;0.57;0.129;41.9;4.29;2.02;1.39;0.22;0.7;3.27;152.4;139.9;4.6;1.4;6.5;0.26;0.2;0.05;0.06
6;0;100;0;100;12.64;2.53;7.11;1.77;1.79;0.175;57.6;10.23;5.2;2.98;0.52;1.66;3.75;210.8;175.8;24.2;3.3;7.5;0.45;1.05;0.13;0.16;0.72;0.7;0.143;42.4;4.81;2.45;1.44;0.22;0.87;3.36;155.1;139.3;7.3;1.7;6.7;0.26;0.32;0.05;0.07
6;0;100;50;0;15.85;2.84;8.21;1.6;1.59;0.145;63.6;10.89;5.33;3.26;0.56;1.79;4.29;214.3;168.8;33.3;3.6;8.6;0.44;0.84;0.12;0.18;0.63;0.73;0.123;36.4;5.84;2.82;1.81;0.29;1.04;3.91;122.6;107.9;4.7;2.1;7.8;0.43;0.14;0.07;0.09
6;0;100;50;50;15.71;3.3;9.39;1.84;1.8;0.157;62.8;11.41;5.84;3.26;0.57;1.89;4.9;212.1;166.8;31.7;3.8;9.8;0.43;1.04;0.14;0.19;1;1.03;0.127;37.2;8.04;3.89;2.46;0.46;1.4;4.48;125.4;109;4.7;2.8;9;0.6;0.2;0.09;0.13
6;0;100;50;100;15.41;3.66;10.7;2.17;2.19;0.182;61.6;12.03;6.17;3.51;0.59;1.88;5.61;209.3;164.3;30;3.8;11.2;0.44;1.42;0.14;0.2;1.36;1.34;0.13;38.4;10.21;5.02;3.04;0.56;1.78;5.09;130.6;110.2;6.7;3.6;10.2;0.79;0.29;0.11;0.15
6;0;100;100;0;18.07;3.4;9.64;1.86;1.8;0.145;70.5;12.42;6.28;3.64;0.63;2.14;5.06;216.2;162.8;39;4.3;10.1;0.42;1.02;0.16;0.2;0.85;0.92;0.122;29.5;7.42;3.5;2.28;0.4;1.27;4.58;90.3;74.1;4.6;2.5;9.2;0.58;0.14;0.08;0.11
6;0;100;100;50;18.51;4.09;11.81;2.17;2.14;0.157;69;13.57;6.92;3.9;0.7;2.25;6.17;212.1;156.9;38.4;4.5;12.3;0.42;1.32;0.17;0.22;1.28;1.34;0.124;31;10.71;5.1;3.32;0.61;1.84;5.64;95.3;76.1;4.2;3.7;11.3;0.87;0.19;0.11;0.16
6;0;100;100;100;18.51;4.59;13.23;2.6;2.6;0.184;67.4;14.15;7.35;4.02;0.7;2.32;6.81;209.2;153.7;37.2;4.6;13.6;0.4;1.81;0.17;0.22;1.65;1.7;0.128;32.6;13.21;6.38;4.14;0.68;2.27;6.42;100.8;77.2;6.3;4.5;12.8;1.08;0.27;0.15;0.21
6;50;0;0;0;15.51;2.32;6.83;1.44;1.42;0.145;53.2;9.74;4.82;2.89;0.47;1.56;3.61;169.1;141.7;17.1;3.1;7.2;0.85;0.29;0.12;0.16;0.52;0.51;0.112;46.8;4.35;2.06;1.34;0.24;0.76;3.23;148.5;130.5;10;1.5;6.5;0.23;0.17;0.05;0.06
6;50;0;0;50;15.18;2.55;7.5;1.44;1.47;0.147;53.4;9.93;4.87;3.08;0.47;1.62;3.98;170;142.9;15.9;3.2;8;0.83;0.35;0.12;0.17;0.62;0.63;0.118;46.6;5.24;2.54;1.62;0.29;0.93;3.52;148.5;129.5;10.2;1.9;7;0.24;0.26;0.06;0.08
6;50;0;0;100;14.74;2.89;7.86;1.62;1.59;0.154;52.5;10.31;5.28;2.96;0.53;1.76;4.11;170.1;143.6;14.7;3.5;8.2;0.85;0.43;0.13;0.18;0.78;0.79;0.128;47.5;6.08;3.03;1.81;0.29;1.14;3.75;153.7;128.8;15.1;2.3;7.5;0.25;0.38;0.07;0.08
6;50;0;50;0;17.59;2.8;8.07;1.39;1.44;0.142;58.8;10.09;4.98;3.07;0.49;1.73;4.18;170.9;138.5;20.6;3.5;8.4;0.81;0.35;0.12;0.16;0.68;0.72;0.116;41.2;6.14;2.9;1.89;0.33;1.08;3.9;119.7;100;9.8;2.2;7.8;0.4;0.16;0.07;0.09
6;50;0;50;50;17.31;3.31;9.41;1.58;1.56;0.145;58.5;10.71;5.31;3.19;0.56;1.76;4.95;171.4;138.8;19.2;3.5;9.9;0.82;0.43;0.13;0.18;1.05;1.03;0.119;41.5;8.54;4.14;2.57;0.44;1.55;4.46;121.7;99.8;9.9;3.1;8.9;0.56;0.25;0.1;0.13
6;50;0;50;100;17.41;3.84;10.78;1.78;1.78;0.156;57;11.42;5.82;3.35;0.55;1.94;5.7;171.4;137.6;18.4;3.9;11.4;0.81;0.63;0.15;0.19;1.38;1.37;0.125;43;10.89;5.28;3.27;0.57;1.9;5.07;129.2;100.6;14.7;3.8;10.1;0.72;0.38;0.12;0.15
6;50;0;100;0;19.62;3.15;9.1;1.55;1.53;0.141;66.1;10.85;5.39;3.25;0.54;1.84;4.8;173.3;136.2;23.9;3.7;9.6;0.79;0.42;0.14;0.18;0.87;0.89;0.117;33.9;7.55;3.55;2.32;0.44;1.3;4.3;88.8;67.8;9.8;2.6;8.6;0.53;0.17;0.08;0.11
6;50;0;100;50;19.73;3.85;11.2;1.72;1.69;0.142;64.8;11.84;5.83;3.57;0.59;1.98;5.81;172;132.9;23.5;4;11.6;0.78;0.55;0.15;0.2;1.3;1.29;0.12;35.2;10.74;5.23;3.29;0.58;1.87;5.39;93.2;69.2;9.4;3.7;10.8;0.78;0.23;0.12;0.16
6;50;0;100;100;19.81;4.38;12.74;2;1.95;0.155;63.2;12.59;6.28;3.73;0.65;2.05;6.73;172.6;132.5;22.5;4.1;13.5;0.79;0.79;0.16;0.2;1.64;1.67;0.124;36.8;13.39;6.45;4.16;0.67;2.34;6.01;100.3;69.4;14.1;4.7;12;0.96;0.36;0.15;0.2
6;50;50;0;0;15.59;2.89;8.45;1.86;1.87;0.149;53.4;12.56;6.2;3.81;0.63;2.04;4.45;171.5;141.4;17.1;4.1;8.9;1.11;0.4;0.14;0.21;0.54;0.56;0.118;46.6;4.65;2.26;1.44;0.23;0.85;4;149.7;130.8;9.2;1.7;8;0.23;0.21;0.05;0.07
6;50;50;0;50;15.24;3.14;9.12;2.02;2.03;0.154;53.2;13.14;6.58;3.96;0.66;2.18;4.77;171.2;141.3;16;4.4;9.5;1.12;0.53;0.16;0.22;0.7;0.71;0.126;46.8;5.46;2.67;1.66;0.28;0.96;4.35;150.7;130.9;9.1;1.9;8.7;0.25;0.32;0.06;0.08
6;50;50;0;100;14.67;3.24;9.21;2.15;2.14;0.16;52.5;13.32;6.65;3.9;0.67;2.2;4.78;170.8;142.1;14.8;4.4;9.6;1.13;0.64;0.16;0.21;0.89;0.85;0.137;47.5;6.11;3.01;1.84;0.3;1.04;4.43;154.6;130.2;13.5;2.1;8.9;0.25;0.44;0.06;0.09
6;50;50;50;0;17.73;3.43;9.72;1.97;2.01;0.146;58.6;13.71;6.83;4.02;0.7;2.28;5.1;172.1;136.3;21;4.6;10.2;1.09;0.53;0.17;0.22;0.79;0.77;0.119;41.4;6.38;3.07;1.94;0.35;1.15;4.62;121.7;101.5;8.7;2.3;9.2;0.41;0.19;0.07;0.09
6;50;50;50;50;17.55;3.76;11.23;2.21;2.17;0.152;58;14.22;7.18;4.28;0.72;2.29;5.92;171.8;135.7;19.7;4.6;11.8;1.06;0.69;0.17;0.24;1.08;1.07;0.125;42;8.55;4.16;2.59;0.45;1.47;5.31;124.3;101.9;8.9;2.9;10.6;0.55;0.31;0.09;0.13
6;50;50;50;100;17.53;4.41;12.5;2.42;2.42;0.163;57.9;14.79;7.48;4.31;0.73;2.4;6.58;181.1;134.9;28.3;4.8;13.2;1.07;0.94;0.17;0.24;1.49;1.47;0.13;42.1;11.2;5.52;3.36;0.58;2.02;5.92;131.5;102.4;13.2;4;11.8;0.73;0.44;0.13;0.17
6;50;50;100;0;19.79;3.87;11.02;2.1;2.12;0.144;65.5;14.68;7.31;4.43;0.74;2.52;5.79;173.3;132.1;24.5;5;11.6;1.04;0.64;0.19;0.25;0.93;0.93;0.119;34.5;7.74;3.71;2.42;0.44;1.35;5.22;91.3;69.6;8.6;2.7;10.4;0.54;0.19;0.08;0.11
6;50;50;100;50;19.97;4.54;12.97;2.36;2.38;0.155;65.9;15.39;7.69;4.52;0.81;2.58;6.84;184.4;130;35.5;5.2;13.7;1.03;0.92;0.18;0.25;1.37;1.41;0.124;34.1;11.28;5.37;3.52;0.62;1.96;6.13;95.1;70.5;8.4;3.9;12.3;0.81;0.3;0.13;0.17
6;50;50;100;100;20.04;4.95;14.43;2.61;2.65;0.163;64.1;16.2;8.09;4.79;0.82;2.57;7.5;183;128;34.8;5.1;15;1.01;1.18;0.19;0.27;1.72;1.77;0.128;35.9;13.73;6.53;4.21;0.8;2.38;6.93;102.4;71.5;12.4;4.8;13.9;0.99;0.41;0.15;0.21
6;50;100;0;0;15.43;3.47;9.81;2.44;2.4;0.152;54.2;15.85;8.02;4.62;0.81;2.67;5.09;179.9;138.8;25.6;5.3;10.2;1.38;0.57;0.19;0.26;0.65;0.62;0.13;45.8;4.71;2.29;1.41;0.27;0.8;4.72;152.3;133.2;8;1.6;9.4;0.23;0.27;0.05;0.07
6;50;100;0;50;15.06;3.65;10.51;2.63;2.63;0.16;53.4;16.39;8.17;4.92;0.85;2.7;5.45;179.6;139.1;24.2;5.4;10.9;1.4;0.77;0.2;0.27;0.72;0.77;0.14;46.6;5.42;2.67;1.63;0.29;0.94;5.06;156.8;132.9;11.9;1.9;10.1;0.25;0.39;0.05;0.08
6;50;100;0;100;14.79;3.71;10.74;2.81;2.84;0.17;53.4;16.7;8.52;4.85;0.82;2.73;5.6;179.3;139.9;22.8;5.5;11.2;1.4;0.97;0.21;0.27;0.92;0.97;0.158;46.6;6.08;3.01;1.84;0.31;0.98;5.15;156.7;132.2;12.2;2;10.3;0.24;0.58;0.06;0.09
6;50;100;50;0;17.61;3.91;11.45;2.63;2.62;0.153;59.4;17.14;8.6;5.03;0.89;2.81;5.95;182.1;133;31.6;5.6;11.9;1.33;0.8;0.21;0.28;0.86;0.86;0.127;40.6;6.67;3.24;2.05;0.35;1.1;5.5;124.4;103.7;7.5;2.2;11;0.43;0.25;0.07;0.11
6;50;100;50;50;17.83;4.43;12.66;2.92;2.82;0.16;58;17.62;8.99;5.04;0.86;2.89;6.57;181.4;132.2;30.3;5.8;13.1;1.31;1.01;0.21;0.28;1.21;1.19;0.132;42;8.89;4.37;2.7;0.46;1.54;6.09;131.3;104.3;11.7;3.1;12.2;0.58;0.38;0.09;0.14
6;50;100;50;100;17.51;4.77;13.9;3.21;3.19;0.175;57.4;18.2;9.41;5.22;0.92;2.88;7.19;180;130.7;29.2;5.8;14.4;1.32;1.37;0.22;0.29;1.55;1.55;0.139;42.6;11.05;5.43;3.39;0.56;1.89;6.71;133.5;105.2;11;3.8;13.4;0.74;0.52;0.12;0.17
6;50;100;100;0;20;4.45;12.69;2.8;2.77;0.151;66.3;18.3;9.19;5.46;0.91;3.09;6.61;184.7;127.6;37.7;6.2;13.2;1.25;0.99;0.23;0.3;0.95;1;0.126;33.7;7.91;3.83;2.42;0.43;1.36;6.08;93.9;71.6;7.4;2.7;12.2;0.56;0.24;0.08;0.12
6;50;100;100;50;19.96;5.19;14.7;3.12;3.05;0.159;64.5;19.13;9.66;5.68;0.93;3.12;7.77;184;126;36.2;6.2;15.5;1.25;1.24;0.24;0.32;1.46;1.52;0.129;35.5;11.65;5.62;3.58;0.59;2.07;6.93;101.2;72.4;10.8;4.1;13.9;0.85;0.37;0.12;0.18
6;50;100;100;100;20.28;5.48;15.96;3.51;3.51;0.177;63.6;19.78;10.1;5.82;0.94;3.14;8.36;182.3;123.5;35.8;6.3;16.7;1.23;1.73;0.24;0.31;1.82;1.86;0.135;36.4;13.69;6.68;4.12;0.7;2.35;7.6;104.1;73.5;10.7;4.7;15.2;1;0.5;0.15;0.2
6;100;0;0;0;17.3;2.86;8.29;1.82;1.78;0.149;45.5;11.89;5.93;3.57;0.61;1.92;4.41;125.7;96.6;16.5;3.8;8.8;1.16;0.28;0.14;0.2;0.56;0.59;0.113;54.5;5.03;2.44;1.56;0.28;0.94;3.87;150.6;127.6;13.3;1.9;7.7;0.23;0.22;0.06;0.08
6;100;0;0;50;17.11;3.17;8.89;1.9;1.88;0.151;45.7;12.4;6.19;3.68;0.61;2.04;4.67;126.5;97.5;15.6;4.1;9.3;1.18;0.34;0.16;0.2;0.73;0.74;0.119;54.3;6.11;2.98;1.86;0.3;1.13;4.22;150.3;126.4;13.3;2.3;8.4;0.23;0.34;0.07;0.09
6;100;0;0;100;16.78;3.32;9.61;2.01;1.95;0.156;45;12.52;6.36;3.66;0.63;2.06;5.15;127.9;99.3;14.2;4.1;10.3;1.18;0.41;0.15;0.2;0.92;0.95;0.13;55;7.27;3.51;2.2;0.42;1.27;4.47;156.1;123.9;20.7;2.5;8.9;0.24;0.54;0.07;0.11
6;100;0;50;0;19.53;3.3;9.4;1.83;1.83;0.147;51.2;12.43;6.13;3.67;0.66;2.06;4.9;128.6;94.4;20.2;4.1;9.8;1.12;0.34;0.16;0.2;0.76;0.81;0.116;48.8;6.89;3.3;2.1;0.36;1.24;4.5;122.4;97.8;13.2;2.5;9;0.4;0.23;0.08;0.1
6;100;0;50;50;19.33;3.8;10.84;1.95;1.91;0.149;50.9;12.85;6.41;3.81;0.69;2.15;5.65;129.2;94.7;19;4.3;11.3;1.12;0.42;0.16;0.21;1.09;1.13;0.12;49.1;9.38;4.43;2.94;0.5;1.65;5.19;124.4;97.5;13.2;3.3;10.4;0.54;0.34;0.1;0.14
6;100;0;50;100;19.14;4.28;12.59;2.18;2.13;0.157;49.5;13.51;6.9;3.97;0.66;2.25;6.54;130.2;94.8;17.8;4.5;13.1;1.14;0.6;0.16;0.22;1.48;1.52;0.126;50.5;11.99;5.77;3.74;0.64;2.03;6.05;133;97.4;19.4;4.1;12.1;0.7;0.51;0.13;0.18
6;100;0;100;0;21.18;3.63;10.26;1.93;1.88;0.145;58.7;12.96;6.46;3.79;0.71;2.19;5.29;131;92.6;23.4;4.4;10.6;1.11;0.4;0.16;0.21;0.87;0.94;0.116;41.3;7.97;3.78;2.48;0.4;1.44;4.97;92.1;66.5;12.8;2.9;9.9;0.51;0.22;0.09;0.12
6;100;0;100;50;21.27;4.35;12.51;2.06;2.03;0.147;58.2;13.85;6.87;4.16;0.69;2.27;6.67;132.5;92.3;22.3;4.5;13.3;1.11;0.52;0.17;0.24;1.38;1.4;0.12;41.8;11.63;5.61;3.56;0.63;2.08;5.83;95.2;66.7;12.6;4.2;11.7;0.77;0.33;0.13;0.17
6;100;0;100;100;21.36;4.83;14.04;2.24;2.24;0.156;56.1;14.34;7.13;4.32;0.73;2.32;7.45;133.1;92.1;21.4;4.6;14.9;1.09;0.74;0.18;0.24;1.73;1.8;0.125;43.9;14.3;6.79;4.38;0.79;2.51;6.59;104;66.8;19;5;13.2;0.93;0.5;0.17;0.21
6;100;50;0;0;17.47;3.65;10.66;2.53;2.53;0.153;46.3;16.53;8.17;4.97;0.84;2.71;5.66;130.3;97.3;16.2;5.4;11.3;1.68;0.38;0.2;0.27;0.66;0.66;0.118;53.7;5.45;2.61;1.69;0.32;0.94;5;151;126.6;12.5;1.9;10;0.23;0.29;0.06;0.08
6;100;50;0;50;17.37;3.88;11.31;2.73;2.67;0.157;45.3;17.05;8.57;5.02;0.89;2.76;5.92;130.6;97.8;15.4;5.5;11.8;1.68;0.51;0.2;0.28;0.85;0.88;0.135;54.7;6.44;3.19;1.94;0.35;1.12;5.39;157.8;126;18.8;2.2;10.8;0.23;0.48;0.07;0.09
6;100;50;0;100;17.12;4.21;11.96;2.9;2.85;0.162;45.6;17.61;8.93;5.19;0.89;2.9;6.29;131.8;99;14.4;5.8;12.6;1.7;0.63;0.23;0.29;1.06;1.08;0.142;54.4;7.53;3.72;2.3;0.35;1.31;5.67;157.5;124.3;19.3;2.6;11.3;0.23;0.66;0.08;0.11
6;100;50;50;0;19.8;4.22;12.01;2.7;2.63;0.15;51.6;17.5;8.8;5.16;0.89;2.91;6.25;132.6;93.9;20.4;5.8;12.5;1.62;0.51;0.21;0.29;0.86;0.87;0.119;48.4;7.21;3.53;2.22;0.33;1.31;5.76;124.6;98.3;12.1;2.6;11.5;0.4;0.28;0.08;0.11
6;100;50;50;50;19.5;4.65;13.33;2.88;2.8;0.155;50.1;18.01;9;5.29;0.92;2.96;6.91;133;94.2;19.1;5.9;13.8;1.63;0.66;0.23;0.28;1.21;1.26;0.13;49.9;9.63;4.65;3.01;0.49;1.7;6.43;132.3;98;18;3.4;12.9;0.54;0.47;0.1;0.15
6;100;50;50;100;19.52;5.04;14.62;3.01;3.01;0.163;51.3;18.41;9.29;5.41;0.94;3.01;7.58;142.1;93.6;27.4;6;15.2;1.61;0.89;0.22;0.3;1.57;1.59;0.133;48.7;11.94;5.75;3.67;0.65;2.03;7.04;134.8;98.7;18;4.1;14.1;0.69;0.61;0.13;0.17
6;100;50;100;0;21.55;4.64;12.94;2.88;2.74;0.149;58.9;18.46;9.37;5.5;0.86;3.15;6.8;135;91.3;23.8;6.3;13.6;1.58;0.63;0.24;0.3;0.98;1.01;0.12;41.1;8.35;4;2.54;0.42;1.5;6.14;94.4;67.4;11.7;3;12.3;0.52;0.27;0.1;0.12
6;100;50;100;50;21.71;5.23;15.03;3.05;3.04;0.157;58.6;19.35;9.78;5.61;0.99;3.18;7.89;146.9;89.9;34.8;6.4;15.8;1.58;0.91;0.24;0.32;1.47;1.51;0.128;41.4;11.79;5.69;3.68;0.57;2.05;7.14;103.6;68.3;16.9;4.1;14.3;0.77;0.43;0.13;0.18
6;100;50;100;100;21.57;5.68;16.36;3.32;3.2;0.164;57.8;19.57;9.96;5.63;1.04;3.17;8.49;146.1;89.6;33.1;6.3;17;1.53;1.11;0.24;0.32;1.91;1.92;0.131;42.2;14.6;7.1;4.47;0.75;2.51;7.87;106.5;68.5;17.3;5;15.7;0.94;0.59;0.16;0.22
6;100;100;0;0;17.79;4.29;12.29;3.13;3.06;0.154;47.6;19.88;9.95;5.93;0.96;3.25;6.41;140.2;95.7;25.2;6.5;12.8;1.94;0.57;0.23;0.33;0.74;0.79;0.134;52.4;5.82;2.85;1.81;0.28;1.04;5.88;154.1;128.8;11.4;2.1;11.8;0.23;0.4;0.07;0.09
6;100;100;0;50;17.15;4.47;12.91;3.34;3.32;0.161;46.8;20.61;10.45;5.97;1.05;3.36;6.76;140.2;96.4;23.5;6.7;13.5;1.98;0.75;0.25;0.34;0.98;0.96;0.145;53.2;6.53;3.23;1.99;0.35;1.11;6.15;159.2;127.8;16.9;2.2;12.3;0.23;0.57;0.06;0.1
6;100;100;0;100;16.77;4.63;13.51;3.55;3.55;0.169;47;21.05;10.73;6.09;1.09;3.36;7.08;140.4;97.9;21.6;6.7;14.2;2.01;0.94;0.26;0.34;1.23;1.26;0.165;53;7.61;3.88;2.21;0.41;1.26;6.43;158.4;125.8;17.2;2.5;12.9;0.24;0.83;0.08;0.11
6;100;100;50;0;19.55;4.68;13.7;3.27;3.27;0.155;53.3;21.05;10.45;6.21;1.08;3.41;7.14;144.2;92.4;30.7;6.8;14.3;1.89;0.78;0.26;0.34;0.98;0.98;0.13;46.7;7.43;3.6;2.31;0.4;1.26;6.55;126.5;99.8;11;2.5;13.1;0.4;0.38;0.09;0.11
6;100;100;50;50;19.58;5.22;15.04;3.45;3.44;0.161;51.9;21.4;10.76;6.43;1.03;3.5;7.88;144.2;92.7;28.7;7;15.8;1.89;0.94;0.26;0.34;1.29;1.35;0.137;48.1;9.82;4.81;2.96;0.52;1.72;7.16;133.8;99.5;16.5;3.4;14.3;0.55;0.55;0.11;0.14
6;100;100;50;100;19.31;5.66;15.98;3.87;3.78;0.173;51.4;21.87;11.24;6.25;1.08;3.53;8.4;143.5;92.3;27.4;7.1;16.8;1.89;1.29;0.27;0.34;1.86;1.81;0.146;48.6;12.27;6.15;3.6;0.66;2.13;7.58;135.7;100;16.3;4.3;15.2;0.71;0.78;0.14;0.17
6;100;100;100;0;21.67;5.06;14.85;3.5;3.4;0.154;60.6;22.1;11.09;6.52;1.11;3.57;7.81;148.4;89.3;36.4;7.1;15.6;1.82;0.95;0.26;0.37;1.09;1.14;0.129;39.4;8.82;4.2;2.74;0.46;1.49;7.04;96.3;68.8;10.5;3;14.1;0.53;0.37;0.1;0.14
6;100;100;100;50;21.84;5.8;17;3.71;3.65;0.16;58.5;22.82;11.53;6.75;1.16;3.69;8.98;148.6;87.8;35.4;7.4;18;1.81;1.21;0.27;0.36;1.51;1.6;0.132;41.5;12;5.77;3.69;0.67;2.11;8.02;105.2;69.8;15.2;4.2;16;0.79;0.5;0.13;0.17
6;100;100;100;100;21.82;6.19;18.29;4.09;4.07;0.174;57.7;23.3;11.95;6.72;1.23;3.72;9.55;147.5;87.3;33.6;7.4;19.1;1.8;1.62;0.28;0.37;2.14;2.11;0.141;42.3;14.93;7.34;4.55;0.73;2.47;8.74;108;70.1;15.6;4.9;17.5;0.98;0.75;0.16;0.22
7;0;0;0;0;13.78;1.81;5.3;1.04;1.02;0.141;60.4;7.16;3.5;2.2;0.38;1.16;2.81;215.1;188.8;18.3;2.3;5.6;0.5;0.3;0.09;0.13;0.36;0.41;0.106;39.6;3.63;1.71;1.14;0.19;0.65;2.49;141;128.6;6.2;1.3;5;0.21;0.1;0.04;0.06
7;0;0;0;50;13.2;1.99;5.39;1.11;1.06;0.145;60.3;7.28;3.72;2.06;0.35;1.24;2.88;214.4;189.1;17;2.5;5.8;0.49;0.35;0.1;0.12;0.46;0.47;0.111;39.7;4.04;1.92;1.26;0.23;0.74;2.5;141.1;128.4;6.2;1.5;5;0.21;0.14;0.05;0.06
7;0;0;0;100;13;2.12;6.08;1.2;1.21;0.153;59.5;7.89;3.98;2.31;0.38;1.29;3.2;213.7;188.6;16.2;2.6;6.4;0.5;0.48;0.09;0.13;0.54;0.55;0.115;40.5;4.62;2.25;1.41;0.24;0.83;2.88;145.5;128.7;9.4;1.7;5.8;0.22;0.21;0.05;0.07
7;0;0;50;0;15.96;2.29;6.65;1.08;1.11;0.139;65.8;7.96;3.9;2.39;0.43;1.34;3.54;216.5;184.8;21.9;2.7;7.1;0.5;0.38;0.1;0.13;0.58;0.6;0.109;34.2;5.38;2.61;1.67;0.27;0.95;3.11;112.5;98.3;6.1;1.9;6.2;0.36;0.1;0.06;0.08
7;0;0;50;50;15.67;2.63;7.78;1.27;1.19;0.141;65.1;8.4;4.21;2.45;0.45;1.35;4.21;214.7;182.7;20.9;2.7;8.4;0.48;0.47;0.1;0.14;0.8;0.83;0.113;34.9;7.29;3.41;2.32;0.38;1.28;3.57;114.8;99.3;5.8;2.6;7.1;0.5;0.14;0.09;0.1
7;0;0;50;100;15.74;3.2;9.04;1.38;1.39;0.156;63.7;8.89;4.43;2.67;0.43;1.46;4.77;212.8;180.3;20.1;2.9;9.5;0.47;0.67;0.11;0.14;1.06;1.1;0.114;36.3;9.53;4.52;2.93;0.46;1.74;4.26;121.3;100.5;8.8;3.5;8.5;0.66;0.2;0.11;0.13
7;0;0;100;0;17.96;2.61;7.47;1.18;1.18;0.136;72.6;8.59;4.21;2.65;0.46;1.44;3.98;217.5;181.1;25.6;2.9;8;0.47;0.43;0.11;0.16;0.72;0.74;0.111;27.4;6.56;3.12;2.05;0.36;1.17;3.49;82;66.7;5.9;2.3;7;0.46;0.1;0.08;0.1
7;0;0;100;50;18.12;3.29;9.49;1.33;1.32;0.139;71.3;9.45;4.62;2.92;0.43;1.56;5.08;214.5;176.3;24.8;3.1;10.2;0.47;0.57;0.12;0.16;1.05;1.09;0.112;28.7;9.65;4.55;3.05;0.47;1.73;4.42;86.1;68.2;5.6;3.5;8.8;0.72;0.13;0.11;0.13
7;0;0;100;100;18.16;3.89;11.12;1.57;1.61;0.154;69.5;10.39;5.14;3.16;0.45;1.71;5.83;211.5;172.6;23.9;3.4;11.7;0.46;0.85;0.12;0.18;1.36;1.39;0.114;30.5;12.18;5.81;3.72;0.69;2.17;5.29;92.8;69.4;8.4;4.3;10.6;0.89;0.19;0.13;0.18
7;0;50;0;0;13.59;2.08;5.84;1.17;1.19;0.142;59.8;8.3;4.13;2.46;0.45;1.46;3.1;212.8;185;18.7;2.9;6.2;0.5;0.45;0.1;0.14;0.41;0.41;0.107;40.2;3.56;1.71;1.1;0.18;0.63;2.74;142.8;131;5.1;1.3;5.5;0.2;0.11;0.04;0.05
7;0;50;0;50;13.3;2.17;6.3;1.33;1.34;0.152;59.5;8.8;4.38;2.66;0.45;1.44;3.33;211.7;184.4;17.8;2.9;6.7;0.5;0.58;0.11;0.14;0.49;0.51;0.117;40.5;4.17;1.97;1.25;0.24;0.73;2.97;143.9;131.4;5.1;1.5;5.9;0.22;0.17;0.05;0.06
7;0;50;0;100;12.88;2.3;6.63;1.45;1.49;0.161;58.8;9.21;4.54;2.8;0.49;1.48;3.53;210.3;183.4;16.9;3;7.1;0.48;0.74;0.12;0.16;0.61;0.59;0.127;41.2;4.57;2.28;1.36;0.27;0.82;3.09;147.4;132;7.6;1.6;6.2;0.23;0.24;0.05;0.07
7;0;50;50;0;15.83;2.58;7.28;1.32;1.33;0.14;64.9;9.48;4.65;2.86;0.52;1.56;3.92;212.3;179;22.3;3.1;7.8;0.48;0.56;0.13;0.16;0.6;0.61;0.111;35.1;5.39;2.6;1.62;0.3;1.01;3.36;114.8;101.1;5;2;6.7;0.37;0.1;0.06;0.07
7;0;50;50;50;15.77;3.02;8.61;1.48;1.51;0.149;63.9;10.09;4.98;3.01;0.52;1.7;4.46;209.6;175.7;21.6;3.4;8.9;0.47;0.75;0.13;0.16;0.86;0.87;0.115;36.1;7.49;3.53;2.38;0.36;1.32;4.16;118.4;102.6;4.8;2.6;8.3;0.52;0.16;0.08;0.11
7;0;50;50;100;15.62;3.44;10.01;1.82;1.8;0.166;63.9;10.8;5.5;3.14;0.56;1.74;5.28;218.6;173.5;31.1;3.5;10.6;0.48;1.01;0.13;0.17;1.15;1.16;0.118;36.1;9.69;4.59;3.06;0.52;1.7;4.72;123.5;103.7;7;3.4;9.4;0.68;0.23;0.1;0.15
7;0;50;100;0;17.92;2.95;8.62;1.49;1.44;0.137;71.6;10.43;5.03;3.29;0.52;1.7;4.6;212.8;174.2;26;3.4;9.2;0.47;0.66;0.12;0.18;0.71;0.76;0.111;28.4;6.73;3.22;2.06;0.36;1.25;4.02;84.1;68.9;4.7;2.5;8;0.49;0.1;0.07;0.1
7;0;50;100;50;18.5;3.58;10.61;1.75;1.77;0.153;71.3;11.53;5.68;3.48;0.62;1.82;5.59;222;168.5;38.6;3.6;11.2;0.45;1;0.13;0.19;1.13;1.14;0.114;28.7;9.85;4.76;3.01;0.52;1.76;5.01;89;70.7;4.8;3.5;10;0.73;0.16;0.11;0.14
7;0;50;100;100;18.31;4.15;12.14;2.19;2.06;0.166;69.8;12.4;6.39;3.63;0.6;1.95;6.35;218.7;164.7;37.3;3.9;12.7;0.45;1.26;0.15;0.2;1.44;1.45;0.117;30.2;12.31;5.95;3.76;0.7;2.2;5.78;94.5;71.9;6.7;4.4;11.6;0.91;0.21;0.14;0.18
7;0;100;0;0;13.44;2.28;6.53;1.44;1.44;0.145;59.9;9.93;4.93;2.94;0.5;1.64;3.49;218;178.9;28.9;3.3;7;0.5;0.65;0.13;0.17;0.45;0.44;0.114;40.1;3.69;1.77;1.15;0.17;0.64;3.05;146.2;134.8;4;1.3;6.1;0.22;0.12;0.04;0.05
7;0;100;0;50;13.06;2.32;6.91;1.69;1.65;0.161;59.4;10.23;5.18;3.01;0.55;1.65;3.6;215.7;178.1;27.2;3.3;7.2;0.49;0.86;0.12;0.17;0.51;0.51;0.121;40.6;4.04;1.93;1.28;0.21;0.68;3.31;147.4;135.3;4;1.4;6.6;0.23;0.18;0.04;0.06
7;0;100;0;100;12.45;2.49;7.09;1.9;1.91;0.178;58.8;10.72;5.54;3.09;0.55;1.76;3.73;214.1;177.8;25.3;3.5;7.5;0.5;1.1;0.14;0.17;0.62;0.6;0.134;41.2;4.39;2.13;1.35;0.21;0.73;3.36;149.7;135.5;6;1.5;6.7;0.24;0.26;0.05;0.06
7;0;100;50;0;15.98;2.86;8.19;1.68;1.69;0.148;64.8;11.39;5.67;3.42;0.58;1.92;4.31;218.3;170.9;35;3.8;8.6;0.46;0.89;0.14;0.2;0.63;0.63;0.114;35.2;5.4;2.56;1.71;0.28;0.94;3.88;118.4;104.9;3.8;1.9;7.8;0.38;0.11;0.06;0.08
7;0;100;50;50;15.76;3.24;9.43;1.99;1.92;0.16;64.1;11.98;6.13;3.44;0.62;1.92;4.97;216.2;169;33.4;3.8;9.9;0.47;1.1;0.15;0.2;0.87;0.89;0.117;35.9;7.49;3.59;2.31;0.41;1.33;4.46;121.2;105.8;3.8;2.7;8.9;0.54;0.17;0.08;0.11
7;0;100;50;100;15.76;3.78;10.65;2.24;2.32;0.185;62.8;12.55;6.57;3.59;0.61;2.05;5.62;213.4;166.1;32;4.1;11.2;0.46;1.5;0.15;0.2;1.17;1.19;0.122;37.2;9.69;4.64;3.03;0.49;1.73;5.02;126.3;107.2;5.6;3.5;10;0.7;0.24;0.11;0.14
7;0;100;100;0;18.26;3.4;9.62;1.93;1.9;0.147;71.7;12.88;6.42;3.86;0.7;2.15;5.13;220.8;165.6;40.6;4.3;10.3;0.47;1.05;0.16;0.22;0.84;0.8;0.114;28.3;6.88;3.36;2.09;0.37;1.24;4.48;86.8;71.6;3.8;2.5;9;0.51;0.11;0.08;0.1
7;0;100;100;50;18.61;4.16;11.78;2.25;2.22;0.159;70.1;13.96;7.08;4.08;0.74;2.35;6.14;216.3;159.2;40.1;4.7;12.3;0.45;1.38;0.17;0.23;1.17;1.19;0.116;29.9;10.18;4.85;3.11;0.54;1.8;5.63;92.1;73.6;3.6;3.6;11.3;0.77;0.16;0.11;0.15
7;0;100;100;100;18.8;4.52;13.1;2.71;2.72;0.186;68.8;14.62;7.64;4.11;0.72;2.33;6.95;213.7;156.1;39;4.7;13.9;0.42;1.89;0.17;0.23;1.52;1.49;0.119;31.2;12.44;6.01;3.85;0.63;2.19;6.15;96.6;74.6;5.3;4.4;12.3;0.94;0.23;0.13;0.19
7;50;0;0;0;15.55;2.51;6.88;1.49;1.51;0.151;54.8;9.95;4.95;2.95;0.47;1.7;3.65;173.3;144.9;17.7;3.4;7.3;0.92;0.3;0.13;0.16;0.48;0.48;0.107;45.2;4.3;2.06;1.37;0.21;0.82;3.23;143.1;125.7;9.3;1.6;6.5;0.2;0.17;0.05;0.06
7;50;0;0;50;15.12;2.56;7.45;1.55;1.58;0.154;54.9;10.32;5.12;3.12;0.56;1.7;3.99;174;146;16.6;3.4;8;0.93;0.35;0.12;0.18;0.55;0.57;0.113;45.1;4.86;2.33;1.52;0.26;0.86;3.47;142.8;124.8;9.3;1.7;6.9;0.21;0.23;0.05;0.08
7;50;0;0;100;14.75;2.76;7.93;1.77;1.71;0.159;54.1;10.77;5.55;3.09;0.54;1.74;4.23;174.1;146.5;15.6;3.5;8.5;0.94;0.46;0.13;0.18;0.71;0.72;0.124;45.9;5.7;2.71;1.78;0.34;1.02;3.71;147.6;124.4;13.8;2;7.4;0.22;0.35;0.06;0.08
7;50;0;50;0;17.6;2.88;8.27;1.51;1.58;0.149;60.3;10.62;5.32;3.17;0.58;1.77;4.33;175.3;142.1;21;3.5;8.7;0.91;0.36;0.14;0.18;0.63;0.69;0.111;39.7;6.14;2.92;1.92;0.35;1.1;3.93;115.4;96.1;9.3;2.2;7.9;0.36;0.16;0.08;0.09
7;50;0;50;50;17.44;3.25;9.56;1.6;1.64;0.15;59.8;10.99;5.42;3.33;0.58;1.85;5.01;175.2;141.3;20.2;3.7;10;0.88;0.45;0.13;0.18;0.93;0.93;0.113;40.2;8.18;3.84;2.56;0.46;1.41;4.54;117.6;96.6;9.1;2.8;9.1;0.49;0.24;0.08;0.12
7;50;0;50;100;17.43;3.78;10.69;1.85;1.87;0.16;58.4;11.64;5.93;3.34;0.63;1.96;5.65;174.8;140.1;19.4;3.9;11.3;0.89;0.65;0.14;0.19;1.21;1.22;0.118;41.6;10.3;5;3.13;0.52;1.82;5.04;124.4;97.3;13.3;3.6;10.1;0.63;0.33;0.11;0.15
7;50;0;100;0;19.52;3.07;9.06;1.59;1.62;0.145;67.6;11.13;5.51;3.43;0.55;1.86;4.88;177.6;139.4;24.7;3.7;9.8;0.86;0.42;0.14;0.19;0.78;0.79;0.11;32.4;7.1;3.29;2.25;0.38;1.21;4.17;84.9;65.2;9;2.4;8.3;0.46;0.15;0.07;0.11
7;50;0;100;50;19.87;3.69;10.89;1.75;1.74;0.147;66.5;11.88;5.82;3.59;0.59;1.91;5.86;176.6;137;24.1;3.8;11.7;0.84;0.55;0.15;0.2;1.14;1.17;0.113;33.5;10.31;4.86;3.21;0.55;1.78;5.04;88.9;66.2;9;3.6;10.1;0.69;0.22;0.11;0.15
7;50;0;100;100;19.84;4.36;12.71;2.05;2.05;0.158;64.6;12.95;6.51;3.82;0.67;2.1;6.8;175.8;134.6;23.4;4.2;13.6;0.84;0.83;0.16;0.22;1.57;1.5;0.117;35.4;12.77;6.2;3.91;0.69;2.26;5.92;96.4;67.2;12.8;4.5;11.8;0.85;0.32;0.14;0.19
7;50;50;0;0;15.53;2.86;8.42;2.03;2.03;0.154;54.5;13.18;6.5;4.01;0.62;2.12;4.36;173.8;142.8;18;4.2;8.7;1.23;0.43;0.15;0.22;0.5;0.48;0.11;45.5;4.21;2;1.3;0.23;0.74;4.06;145.2;127.5;8.1;1.5;8.1;0.21;0.17;0.04;0.06
7;50;50;0;50;15.09;3.14;8.87;2.25;2.17;0.159;54.4;13.59;6.95;3.99;0.68;2.31;4.69;173.9;142.8;17;4.6;9.4;1.19;0.57;0.18;0.23;0.59;0.61;0.121;45.6;4.94;2.38;1.52;0.26;0.83;4.18;145.5;127.5;8;1.7;8.4;0.22;0.28;0.05;0.07
7;50;50;0;100;14.82;3.19;9.2;2.37;2.3;0.165;53.9;13.89;7.04;4.04;0.68;2.24;4.91;174.6;144.5;15.9;4.5;9.8;1.21;0.69;0.17;0.23;0.74;0.77;0.134;46.1;5.63;2.75;1.68;0.3;0.95;4.29;149.2;126.1;12.6;1.9;8.6;0.21;0.41;0.06;0.08
7;50;50;50;0;17.66;3.31;9.62;2.1;2.12;0.152;60;13.98;6.97;4.1;0.69;2.27;5.08;175.7;139.4;21.6;4.5;10.2;1.17;0.54;0.18;0.23;0.67;0.7;0.113;40;6.11;2.84;1.92;0.32;1.04;4.54;117.1;97.8;8.1;2.1;9.1;0.36;0.18;0.07;0.09
7;50;50;50;50;17.4;3.92;11.07;2.2;2.3;0.157;59.4;14.61;7.32;4.26;0.75;2.44;5.84;175.3;138.2;20.6;4.9;11.7;1.17;0.7;0.18;0.25;0.98;0.99;0.118;40.6;8.25;3.98;2.56;0.45;1.49;5.23;119.9;98.6;7.9;3;10.5;0.5;0.27;0.1;0.12
7;50;50;50;100;17.57;4.26;12.43;2.57;2.53;0.168;59.2;15.08;7.67;4.47;0.71;2.46;6.51;184;136.2;29.9;4.9;13;1.14;0.97;0.18;0.24;1.3;1.3;0.123;40.8;10.49;5.09;3.21;0.56;1.8;5.92;126.9;99.8;11.6;3.6;11.8;0.65;0.39;0.11;0.15
7;50;50;100;0;19.74;3.71;10.95;2.29;2.26;0.148;66.8;15.29;7.6;4.6;0.73;2.49;5.81;176.5;134.3;25.6;5;11.6;1.13;0.68;0.19;0.27;0.82;0.83;0.113;33.2;7.3;3.4;2.32;0.39;1.22;5.13;87.6;67.4;7.5;2.4;10.3;0.47;0.17;0.08;0.11
7;50;50;100;50;20.13;4.55;12.94;2.5;2.54;0.159;67.1;15.95;8.15;4.64;0.77;2.64;6.75;188.1;131.9;37.5;5.3;13.5;1.1;0.98;0.19;0.26;1.24;1.25;0.117;32.9;10.6;5.12;3.22;0.54;1.91;6.19;92.2;68.4;7.6;3.8;12.4;0.71;0.26;0.12;0.16
7;50;50;100;100;20.25;4.94;14.2;2.83;2.8;0.168;65.6;16.72;8.53;4.86;0.82;2.72;7.55;187.1;129.7;36.9;5.4;15.1;1.09;1.24;0.21;0.27;1.51;1.54;0.12;34.4;12.76;6.03;3.99;0.7;2.22;6.65;98.1;69.3;11;4.4;13.3;0.86;0.36;0.13;0.19
7;50;100;0;0;15.56;3.44;10.11;2.63;2.59;0.157;55.6;16.56;8.33;4.92;0.8;2.7;5.35;184.4;140.8;27.5;5.4;10.7;1.5;0.62;0.2;0.27;0.59;0.57;0.123;44.4;4.52;2.18;1.39;0.24;0.75;4.75;147.2;129.2;6.9;1.5;9.5;0.22;0.24;0.05;0.07
7;50;100;0;50;15.21;3.58;10.44;2.88;2.83;0.166;54.8;17.11;8.6;5.06;0.87;2.7;5.47;183.5;141.1;26.1;5.4;10.9;1.52;0.84;0.2;0.27;0.73;0.68;0.134;45.2;4.96;2.45;1.48;0.24;0.88;4.97;151.2;129;10.5;1.8;9.9;0.21;0.35;0.05;0.07
7;50;100;0;100;14.76;3.81;10.89;3;3.05;0.175;54.8;17.39;8.87;5.13;0.87;2.82;5.85;183.3;141.9;24.1;5.6;11.7;1.51;1.03;0.21;0.29;0.82;0.87;0.152;45.2;5.64;2.78;1.71;0.27;0.98;5.04;151.2;128.3;10.8;2;10.1;0.22;0.51;0.06;0.08
7;50;100;50;0;17.78;4.12;11.39;2.86;2.83;0.158;60.7;17.92;9.15;5.19;0.85;2.98;6.03;186.1;134.7;33.3;6;12.1;1.44;0.85;0.23;0.3;0.75;0.76;0.12;39.3;6.21;3.02;1.89;0.33;1.14;5.36;120.4;100.8;6.6;2.3;10.7;0.38;0.22;0.07;0.09
7;50;100;50;50;17.7;4.45;12.55;3.04;3.02;0.165;59.5;18.33;9.36;5.25;0.91;3;6.62;185.4;134;32.1;6;13.2;1.44;1.05;0.23;0.3;1.02;1.04;0.125;40.5;8.26;4.01;2.48;0.44;1.45;5.93;125.9;101.2;10;2.9;11.9;0.51;0.32;0.09;0.12
7;50;100;50;100;17.67;4.97;13.89;3.42;3.41;0.18;58.6;18.93;9.8;5.42;0.92;3.11;7.31;183.5;131.6;31.1;6.2;14.6;1.41;1.47;0.23;0.31;1.41;1.41;0.132;41.4;10.64;5.22;3.23;0.58;1.86;6.58;129.3;102.7;9.7;3.7;13.2;0.67;0.45;0.13;0.16
7;50;100;100;0;19.97;4.46;12.76;3.03;2.98;0.156;67.7;19.15;9.65;5.61;0.99;3.15;6.82;189.4;130.2;39.3;6.3;13.6;1.38;1.03;0.24;0.32;0.94;0.9;0.119;32.3;7.5;3.64;2.25;0.41;1.31;5.94;90.1;69.1;6.5;2.6;11.9;0.49;0.22;0.08;0.11
7;50;100;100;50;20.58;5.13;14.77;3.26;3.24;0.163;65.7;19.86;10.1;5.8;0.99;3.27;7.78;187.7;126.5;39.1;6.5;15.6;1.35;1.34;0.23;0.32;1.29;1.3;0.122;34.3;10.58;5.15;3.23;0.55;1.87;6.99;97.8;70.6;9.4;3.7;14;0.72;0.31;0.12;0.15
7;50;100;100;100;20.29;5.57;16.14;3.71;3.71;0.181;64.7;20.48;10.55;5.9;1.03;3.24;8.57;185.2;124.4;37.3;6.5;17.1;1.34;1.81;0.24;0.32;1.65;1.68;0.126;35.3;13.23;6.36;4.07;0.71;2.33;7.58;100.7;71.5;9.3;4.7;15.2;0.91;0.44;0.14;0.19
7;100;0;0;0;17.44;2.91;8.27;1.88;1.88;0.155;47.1;12.15;6.06;3.62;0.64;2;4.38;129;98.8;17.5;4;8.8;1.24;0.3;0.15;0.19;0.53;0.55;0.109;52.9;4.93;2.36;1.52;0.27;0.91;3.89;145.1;123;12.5;1.8;7.8;0.2;0.22;0.06;0.07
7;100;0;0;50;17.16;3.08;8.95;2.09;1.98;0.157;47.2;12.68;6.43;3.7;0.63;2.04;4.8;129.7;99.6;16.4;4.1;9.6;1.26;0.36;0.15;0.21;0.68;0.69;0.115;52.8;5.92;2.86;1.82;0.3;1.05;4.15;145.1;122;12.7;2.1;8.3;0.21;0.34;0.06;0.09
7;100;0;0;100;16.86;3.28;9.61;2.1;2.11;0.161;46.4;13.07;6.68;3.8;0.65;2.15;5.14;130.7;100.7;15.3;4.3;10.3;1.28;0.45;0.15;0.22;0.87;0.87;0.127;53.6;6.78;3.22;2.15;0.37;1.14;4.47;150.7;120.5;18.9;2.3;8.9;0.21;0.48;0.07;0.1
7;100;0;50;0;19.34;3.32;9.44;1.89;1.97;0.153;52.7;12.88;6.43;3.82;0.64;2.16;4.88;131.6;96.5;21;4.3;9.8;1.24;0.36;0.17;0.21;0.71;0.73;0.11;47.3;6.48;3.11;1.97;0.35;1.17;4.55;118.1;94.4;12.3;2.3;9.1;0.34;0.21;0.07;0.1
7;100;0;50;50;19.35;3.79;10.95;2.1;2.05;0.154;52.4;13.28;6.72;3.87;0.71;2.2;5.74;132.4;96.6;19.9;4.4;11.5;1.23;0.44;0.16;0.21;1.01;1.02;0.114;47.6;8.92;4.29;2.8;0.46;1.59;5.21;120.1;94.3;12.2;3.2;10.4;0.48;0.31;0.09;0.14
7;100;0;50;100;19.33;4.3;12.37;2.27;2.27;0.163;50.8;13.97;7.09;4.06;0.69;2.26;6.47;132.7;96.6;18.7;4.5;12.9;1.24;0.63;0.18;0.23;1.36;1.38;0.12;49.2;11.41;5.53;3.47;0.58;2.04;5.9;128.6;94.4;18.4;4.1;11.8;0.62;0.48;0.13;0.16
7;100;0;100;0;21.27;3.55;10.17;1.97;2;0.15;60.4;13.29;6.56;3.97;0.68;2.19;5.45;134.6;95;24.3;4.4;10.9;1.2;0.41;0.17;0.22;0.82;0.84;0.11;39.6;7.52;3.56;2.41;0.37;1.35;4.72;88.1;63.9;12.1;2.7;9.4;0.44;0.21;0.08;0.11
7;100;0;100;50;21.57;4.33;12.34;2.19;2.17;0.151;59.3;14.33;7.27;4.17;0.73;2.4;6.49;135;93.4;23.8;4.8;13;1.18;0.56;0.19;0.24;1.25;1.26;0.114;40.7;11.05;5.25;3.44;0.55;1.93;5.85;92.5;64.9;12;3.9;11.7;0.67;0.31;0.12;0.17
7;100;0;100;100;21.39;5;14.11;2.46;2.47;0.161;57.4;15.35;7.76;4.5;0.76;2.56;7.51;135.8;93;22.6;5.1;15;1.21;0.82;0.2;0.25;1.6;1.63;0.119;42.6;13.69;6.55;4.18;0.76;2.45;6.59;100.8;65.2;17.5;4.9;13.2;0.83;0.45;0.15;0.21
7;100;50;0;0;17.4;3.78;10.66;2.72;2.74;0.159;47.7;17.18;8.74;5.07;0.86;2.85;5.7;133.4;99;17.2;5.7;11.4;1.81;0.41;0.22;0.29;0.61;0.6;0.113;52.3;5.15;2.47;1.57;0.27;0.93;4.97;146;122.7;11.5;1.9;9.9;0.2;0.27;0.06;0.08
7;100;50;0;50;17.33;4.03;11.18;2.9;2.86;0.163;46.8;17.57;8.98;5.06;0.87;2.95;5.91;134;99.9;16.4;5.9;11.8;1.82;0.53;0.23;0.29;0.78;0.82;0.131;53.2;6.14;2.98;1.9;0.3;1.07;5.27;152.1;121.7;17.7;2.1;10.5;0.2;0.46;0.07;0.09
7;100;50;0;100;16.84;4.26;11.86;3.05;3.03;0.167;46.9;18.11;9.33;5.19;0.88;3.06;6.22;134.1;100;15.5;6.1;12.4;1.84;0.67;0.22;0.29;0.98;0.97;0.138;53.1;6.96;3.41;2.15;0.36;1.21;5.63;152.1;121.4;17;2.4;11.3;0.22;0.57;0.07;0.1
7;100;50;50;0;19.53;4.16;11.89;2.78;2.79;0.156;53;17.85;8.99;5.35;0.86;2.95;6.26;135.3;95.9;21;5.9;12.5;1.76;0.52;0.22;0.3;0.79;0.78;0.113;47;6.8;3.27;2.08;0.36;1.21;5.63;119.8;95;11.1;2.4;11.3;0.35;0.25;0.08;0.1
7;100;50;50;50;19.6;4.72;13.46;2.99;3;0.161;51.7;18.7;9.59;5.48;0.92;3.12;7.2;136.6;96;20;6.2;14.4;1.76;0.7;0.23;0.31;1.15;1.15;0.124;48.3;9.22;4.38;2.85;0.49;1.6;6.27;127.5;94.9;16.8;3.2;12.5;0.48;0.44;0.1;0.14
7;100;50;50;100;19.34;5.17;14.62;3.22;3.21;0.169;52.8;18.98;9.74;5.44;0.94;3.07;7.74;145.6;95.7;28.3;6.1;15.5;1.75;0.92;0.23;0.31;1.55;1.51;0.127;47.2;11.78;5.82;3.48;0.62;2.1;6.88;129.9;95.2;16.7;4.2;13.8;0.63;0.58;0.13;0.17
7;100;50;100;0;21.6;4.5;13.04;2.91;2.91;0.153;60.1;18.97;9.5;5.5;1.04;3.09;6.83;137.4;92.7;24.8;6.2;13.7;1.7;0.66;0.23;0.32;0.92;0.93;0.114;39.9;8.04;3.8;2.5;0.45;1.4;6.21;91.4;65.3;10.8;2.8;12.4;0.46;0.25;0.09;0.12
7;100;50;100;50;21.81;5.17;14.92;3.29;3.15;0.162;59.9;19.48;9.89;5.58;0.99;3.12;7.81;150;92;36.1;6.2;15.6;1.69;0.92;0.23;0.32;1.33;1.4;0.122;40.1;11.42;5.5;3.57;0.59;2.05;7.11;100.2;65.8;16.1;4.1;14.2;0.68;0.42;0.13;0.17
7;100;50;100;100;21.71;5.62;16.45;3.45;3.42;0.169;59.4;20.31;10.32;5.94;1;3.28;8.75;149.7;91;34.7;6.6;17.5;1.67;1.16;0.25;0.34;1.73;1.73;0.123;40.6;13.91;6.65;4.33;0.74;2.34;7.7;102.1;66.4;15.6;4.7;15.4;0.84;0.53;0.14;0.21
7;100;100;0;0;17.79;4.28;12.38;3.33;3.28;0.16;49.3;20.5;10.35;6.02;1.04;3.29;6.57;144.1;98.2;26.3;6.6;13.1;2.13;0.58;0.24;0.34;0.75;0.73;0.13;50.7;5.55;2.69;1.69;0.29;0.98;5.81;148.1;123.8;10.7;2;11.6;0.21;0.38;0.06;0.08
7;100;100;0;50;17.32;4.41;12.96;3.49;3.51;0.167;48.3;21;10.68;6.17;1.04;3.37;6.87;143.7;98.4;24.9;6.7;13.7;2.13;0.79;0.25;0.34;0.91;0.89;0.142;51.7;6.24;3.12;1.8;0.33;1.05;6.09;153.8;123.5;16;2.1;12.2;0.21;0.54;0.07;0.08
7;100;100;0;100;17.1;4.7;13.28;3.78;3.76;0.175;48.3;21.49;10.98;6.26;1.05;3.48;7.01;143.5;99.1;23.5;7;14;2.14;1.01;0.26;0.34;1.14;1.15;0.162;51.7;7.11;3.58;2.07;0.36;1.22;6.27;153.8;122.7;16.2;2.4;12.5;0.21;0.77;0.07;0.1
7;100;100;50;0;19.69;4.83;13.74;3.46;3.47;0.161;54.8;21.62;10.81;6.39;1.06;3.54;7.33;147.9;94.1;32;7.1;14.7;2.04;0.81;0.27;0.35;0.83;0.89;0.124;45.2;7.1;3.39;2.25;0.38;1.29;6.41;122.1;96.7;10.1;2.6;12.8;0.36;0.35;0.08;0.1
7;100;100;50;50;19.46;5.33;15.03;3.72;3.7;0.166;53.1;22.3;11.33;6.4;1.21;3.65;7.86;147.1;93.5;30.6;7.3;15.7;2.05;1.02;0.27;0.36;1.17;1.24;0.131;46.9;9.39;4.5;2.88;0.49;1.68;7.17;129.7;97.3;14.8;3.4;14.3;0.49;0.5;0.1;0.14
7;100;100;50;100;19.75;5.67;16.27;4.02;4.03;0.178;52.8;22.59;11.59;6.61;1.11;3.63;8.52;147.5;93.6;29.5;7.3;17;2.03;1.37;0.26;0.36;1.65;1.67;0.141;47.2;11.8;5.79;3.56;0.64;2.04;7.74;131.9;97.1;15.2;4.1;15.5;0.62;0.74;0.13;0.17
7;100;100;100;0;21.94;5.24;14.76;3.62;3.63;0.159;61.8;22.89;11.54;6.69;1.14;3.79;7.75;151.6;89.9;38.6;7.6;15.5;1.95;1.02;0.29;0.38;0.99;1.02;0.123;38.2;8.18;3.99;2.5;0.43;1.44;7.01;93.5;67.1;9.5;2.9;14;0.46;0.33;0.1;0.13
7;100;100;100;50;21.9;5.86;16.67;3.98;3.88;0.165;59.9;23.5;11.94;6.89;1.16;3.83;8.89;151.5;89.1;36.9;7.7;17.8;1.94;1.26;0.29;0.39;1.46;1.47;0.126;40.1;11.56;5.58;3.59;0.56;2.03;7.78;101.4;67.6;14.2;4.1;15.6;0.69;0.48;0.12;0.17
7;100;100;100;100;21.87;6.22;18.02;4.36;4.33;0.179;58.8;24.11;12.4;6.94;1.15;3.74;9.49;149.6;87.2;36;7.5;19;1.91;1.74;0.27;0.4;1.92;1.9;0.133;41.2;14.19;6.92;4.3;0.72;2.48;8.53;104.6;68.8;13.8;5;17.1;0.87;0.67;0.16;0.2
8;0;0;0;0;13.75;1.94;5.16;1.15;1.08;0.146;62;7.38;3.77;2.14;0.38;1.31;2.79;220.2;192.9;19.1;2.6;5.6;0.53;0.32;0.1;0.13;0.35;0.38;0.103;38;3.4;1.61;1;0.2;0.63;2.38;135;123.6;5.3;1.3;4.8;0.2;0.09;0.03;0.05
8;0;0;0;50;13.27;1.96;5.56;1.16;1.16;0.149;61.7;7.79;3.87;2.36;0.38;1.31;2.98;218.9;192.2;18.1;2.6;6;0.54;0.39;0.1;0.13;0.4;0.43;0.109;38.3;3.72;1.74;1.16;0.19;0.64;2.58;135.7;124;5.2;1.3;5.2;0.21;0.12;0.04;0.05
8;0;0;0;100;13.07;2.13;6.1;1.31;1.3;0.156;61;8.32;4.22;2.4;0.45;1.39;3.22;218.2;191.6;17.4;2.8;6.4;0.55;0.52;0.1;0.14;0.49;0.51;0.114;39;4.31;2.02;1.33;0.25;0.75;2.88;139.6;124.4;7.9;1.5;5.8;0.22;0.18;0.05;0.06
8;0;0;50;0;15.96;2.29;6.49;1.11;1.14;0.141;67.3;8.07;3.97;2.39;0.41;1.32;3.49;221.6;189.2;22.8;2.6;7;0.52;0.39;0.1;0.14;0.57;0.58;0.11;32.7;5.2;2.46;1.58;0.28;0.96;2.99;107.6;94.4;5.2;1.9;6;0.36;0.09;0.06;0.08
8;0;0;50;50;15.94;2.66;7.73;1.28;1.26;0.144;66.4;8.71;4.36;2.56;0.45;1.47;4.04;219.1;185.9;22.1;2.9;8.1;0.52;0.49;0.11;0.14;0.7;0.77;0.112;33.6;6.84;3.13;2.18;0.41;1.19;3.69;110.6;95.8;5;2.4;7.4;0.48;0.12;0.07;0.1
8;0;0;50;100;15.84;3.22;9.02;1.44;1.49;0.159;65.1;9.4;4.78;2.72;0.47;1.6;4.81;217;183;21.2;3.2;9.6;0.49;0.72;0.12;0.16;1.02;1.04;0.114;34.9;9.04;4.32;2.83;0.43;1.62;4.21;116.3;97.1;7.5;3.2;8.4;0.64;0.17;0.1;0.13
8;0;0;100;0;17.96;2.61;7.39;1.26;1.25;0.14;73.9;8.9;4.42;2.65;0.46;1.51;3.93;222.4;184.9;26.6;3;7.9;0.52;0.45;0.13;0.15;0.68;0.69;0.11;26.1;6.15;2.88;1.95;0.35;1.1;3.46;78.5;64.3;5.1;2.2;6.9;0.44;0.09;0.07;0.09
8;0;0;100;50;18.13;3.31;9.45;1.38;1.39;0.141;72.6;9.77;4.85;2.91;0.5;1.62;5.05;219.5;180.5;25.7;3.2;10.1;0.51;0.6;0.12;0.16;1.02;1.04;0.112;27.4;9.18;4.44;2.78;0.51;1.7;4.41;82.6;65.6;4.9;3.4;8.8;0.68;0.12;0.1;0.13
8;0;0;100;100;18.47;3.78;10.94;1.75;1.71;0.157;71;10.89;5.47;3.23;0.53;1.8;5.87;216.8;176;25.4;3.6;11.7;0.5;0.9;0.14;0.18;1.28;1.27;0.113;29;11.17;5.39;3.49;0.56;1.98;5.07;88.3;66.9;7.3;4;10.1;0.83;0.16;0.12;0.16
8;0;50;0;0;13.49;2.05;5.92;1.23;1.26;0.146;61.2;8.62;4.27;2.57;0.47;1.46;3.1;216.7;188.1;19.5;2.9;6.2;0.54;0.47;0.11;0.15;0.37;0.39;0.107;38.8;3.4;1.62;1.05;0.2;0.59;2.82;137.4;126.4;4.2;1.2;5.6;0.21;0.09;0.04;0.05
8;0;50;0;50;13.12;2.19;6.22;1.43;1.38;0.155;61;8.95;4.5;2.69;0.42;1.5;3.32;215.8;187.8;18.3;3;6.6;0.53;0.6;0.11;0.15;0.46;0.46;0.115;39;3.85;1.86;1.19;0.2;0.69;2.9;138.1;126.6;4.3;1.4;5.8;0.22;0.14;0.04;0.06
8;0;50;0;100;12.69;2.21;6.57;1.63;1.6;0.165;60.2;9.73;4.9;2.79;0.52;1.54;3.51;213.8;186.2;17.6;3.1;7;0.54;0.78;0.12;0.16;0.51;0.51;0.123;39.8;4.05;1.93;1.25;0.23;0.68;3.06;141.2;127.6;6.1;1.4;6.1;0.22;0.19;0.04;0.06
8;0;50;50;0;15.98;2.66;7.37;1.4;1.41;0.143;66.2;9.84;4.9;2.9;0.5;1.7;3.87;216.7;182.3;23.2;3.4;7.7;0.53;0.59;0.13;0.16;0.58;0.59;0.111;33.8;5.22;2.5;1.65;0.26;0.96;3.5;110.6;97.4;4.2;1.9;7;0.37;0.09;0.06;0.07
8;0;50;50;50;15.96;3.05;8.47;1.63;1.62;0.152;65.3;10.64;5.37;3.13;0.5;1.8;4.51;213.8;178.5;22.8;3.6;9;0.5;0.8;0.14;0.17;0.8;0.8;0.115;34.7;6.92;3.27;2.14;0.37;1.25;3.96;113.6;99.1;4;2.5;7.9;0.5;0.13;0.08;0.09
8;0;50;50;100;15.95;3.42;10;1.87;1.89;0.168;65.2;11.2;5.66;3.31;0.56;1.8;5.31;223;176.3;32.5;3.6;10.6;0.51;1.06;0.13;0.19;1.04;1.1;0.118;34.8;9.23;4.31;2.95;0.53;1.62;4.69;119;100.1;6.3;3.2;9.4;0.66;0.21;0.1;0.14
8;0;50;100;0;18.29;3.04;8.61;1.53;1.56;0.139;72.8;11.16;5.61;3.33;0.56;1.9;4.59;217.3;176.9;27.5;3.8;9.2;0.51;0.72;0.15;0.19;0.74;0.71;0.111;27.2;6.28;3.08;1.9;0.34;1.15;4.01;81;66.6;4;2.3;8;0.46;0.09;0.07;0.09
8;0;50;100;50;18.43;3.63;10.46;1.89;1.85;0.156;72.6;11.88;5.92;3.54;0.63;1.95;5.47;226.5;171.7;40;3.9;10.9;0.5;1.02;0.15;0.19;1.11;1.09;0.114;27.4;9.48;4.49;2.96;0.53;1.69;4.99;85.4;68.2;3.9;3.4;10;0.72;0.13;0.11;0.14
8;0;50;100;100;18.65;4.17;12.08;2.16;2.17;0.168;71.1;12.96;6.54;3.83;0.67;2.07;6.46;223.7;167.1;39.5;4.1;12.9;0.47;1.33;0.16;0.22;1.3;1.35;0.116;28.9;11.52;5.53;3.6;0.63;2.09;5.62;90.7;69.5;5.7;4.2;11.2;0.87;0.18;0.13;0.17
8;0;100;0;0;13.67;2.34;6.45;1.52;1.52;0.147;61.2;10.26;5.17;3;0.52;1.76;3.36;222.2;181.6;30.4;3.5;6.7;0.53;0.68;0.14;0.17;0.38;0.38;0.109;38.8;3.26;1.58;0.98;0.18;0.58;3.09;140.8;130.3;3.2;1.2;6.2;0.21;0.09;0.03;0.05
8;0;100;0;50;13.14;2.4;6.86;1.76;1.75;0.164;60.9;10.68;5.34;3.16;0.52;1.74;3.66;220.6;181.6;28.2;3.5;7.3;0.55;0.89;0.13;0.18;0.45;0.47;0.117;39.1;3.75;1.84;1.13;0.21;0.66;3.2;141.4;130.3;3.4;1.3;6.4;0.23;0.15;0.04;0.05
8;0;100;0;100;12.79;2.53;6.99;1.97;1.99;0.181;60.5;10.98;5.71;3.14;0.55;1.79;3.77;219.3;181.1;27.1;3.6;7.5;0.52;1.15;0.14;0.18;0.53;0.55;0.13;39.5;4.07;1.98;1.23;0.22;0.74;3.22;143.4;130.5;5;1.5;6.4;0.23;0.22;0.05;0.06
8;0;100;50;0;16.06;2.78;8.2;1.72;1.77;0.15;66.3;11.75;5.8;3.52;0.65;1.89;4.34;223.5;174.7;36.3;3.8;8.7;0.5;0.92;0.15;0.2;0.61;0.6;0.113;33.7;5.14;2.4;1.61;0.28;0.89;3.86;113.5;100.8;3.2;1.8;7.7;0.37;0.09;0.06;0.08
8;0;100;50;50;15.95;3.25;9.54;2.1;2.04;0.162;65.4;12.55;6.36;3.66;0.61;2.03;5.09;220.7;171.5;35;4.1;10.2;0.52;1.16;0.16;0.2;0.79;0.84;0.116;34.6;7.17;3.36;2.27;0.38;1.22;4.44;116.5;102.2;2.9;2.4;8.9;0.53;0.13;0.07;0.1
8;0;100;50;100;15.75;3.67;10.52;2.42;2.43;0.187;64.2;12.97;6.72;3.67;0.67;2.01;5.65;217.5;168.8;33.4;4;11.3;0.49;1.57;0.16;0.2;1.1;1.12;0.12;35.8;9.25;4.44;2.83;0.47;1.66;4.87;121;103.4;4.5;3.3;9.7;0.69;0.19;0.11;0.13
8;0;100;100;0;18.68;3.39;9.72;1.97;2;0.148;72.8;13.45;6.7;4.03;0.67;2.21;5.22;225;167.4;42.8;4.4;10.4;0.48;1.12;0.17;0.23;0.75;0.74;0.113;27.2;6.47;3.1;2.03;0.33;1.18;4.5;83.9;69.4;3.1;2.4;9;0.49;0.09;0.07;0.09
8;0;100;100;50;18.82;4.13;11.49;2.34;2.32;0.161;71.5;14.42;7.29;4.21;0.71;2.38;6.19;221.2;162.3;41.8;4.8;12.4;0.47;1.42;0.18;0.25;1.11;1.11;0.115;28.5;9.55;4.58;2.91;0.52;1.74;5.3;87.9;70.9;2.9;3.5;10.6;0.74;0.13;0.11;0.13
8;0;100;100;100;19.04;4.56;13.01;2.82;2.9;0.187;69.9;15.46;8.01;4.42;0.69;2.46;6.94;216.6;156.7;41.1;4.9;13.9;0.46;2;0.19;0.26;1.42;1.41;0.118;30.1;11.83;5.7;3.62;0.64;2.1;6.07;93.2;72.6;4.3;4.2;12.1;0.91;0.19;0.13;0.17
8;50;0;0;0;15.63;2.41;6.98;1.54;1.6;0.155;56.2;10.33;5.11;3.08;0.5;1.71;3.7;177.1;147.5;18.8;3.4;7.4;0.98;0.32;0.12;0.18;0.44;0.45;0.107;43.8;4.02;1.9;1.29;0.19;0.69;3.28;137.8;121.3;8.5;1.4;6.6;0.2;0.14;0.04;0.06
8;50;0;0;50;15.34;2.59;7.37;1.68;1.68;0.157;56.2;10.66;5.37;3.16;0.51;1.74;3.94;177.3;148.1;17.9;3.5;7.9;0.97;0.39;0.14;0.18;0.55;0.53;0.111;43.8;4.63;2.23;1.42;0.25;0.85;3.43;138;120.9;8.6;1.7;6.9;0.21;0.21;0.05;0.06
8;50;0;0;100;14.77;2.7;7.81;1.73;1.77;0.164;55.7;10.79;5.36;3.18;0.56;1.74;4.2;178.3;150;16.4;3.5;8.4;0.99;0.47;0.13;0.17;0.62;0.68;0.124;44.3;5.4;2.59;1.64;0.32;0.96;3.62;141.5;119.3;13;1.9;7.2;0.21;0.33;0.06;0.08
8;50;0;50;0;17.38;2.83;7.83;1.67;1.64;0.154;62.1;10.69;5.45;3.13;0.52;1.82;4.28;179.5;145.5;21.8;3.6;8.6;0.96;0.36;0.14;0.18;0.63;0.62;0.11;37.9;5.59;2.65;1.74;0.26;1.01;3.55;109.7;92.2;8.3;2;7.1;0.35;0.14;0.06;0.07
8;50;0;50;50;17.55;3.3;9.24;1.79;1.77;0.154;61.2;11.45;5.82;3.35;0.55;1.94;4.89;178.5;143.7;21.2;3.9;9.8;0.96;0.47;0.15;0.19;0.83;0.87;0.113;38.8;7.62;3.69;2.34;0.42;1.36;4.34;113;93.3;8.3;2.7;8.7;0.47;0.2;0.08;0.11
8;50;0;50;100;17.39;3.56;10.62;1.97;1.95;0.164;59.7;11.89;5.9;3.49;0.6;1.85;5.6;177.4;142.1;20.4;3.7;11.2;0.93;0.68;0.14;0.2;1.17;1.18;0.118;40.3;9.99;4.71;3.15;0.5;1.71;5.02;119.8;94.3;12.1;3.4;10;0.63;0.31;0.11;0.14
8;50;0;100;0;19.66;3.06;8.99;1.77;1.74;0.15;68.9;11.62;5.83;3.48;0.59;1.92;4.77;181.4;142.1;25.9;3.8;9.5;0.95;0.45;0.15;0.2;0.72;0.74;0.11;31.1;6.64;3.17;2.07;0.34;1.14;4.22;81.8;62.9;8.2;2.3;8.4;0.43;0.14;0.07;0.1
8;50;0;100;50;19.93;3.82;11.08;1.89;1.89;0.151;67.6;12.52;6.18;3.74;0.67;2.03;5.86;180.2;139.2;25.2;4.1;11.7;0.94;0.58;0.15;0.22;1.08;1.11;0.113;32.4;9.77;4.62;3.1;0.54;1.78;5.22;86.1;64;8;3.6;10.4;0.66;0.2;0.11;0.14
8;50;0;100;100;19.89;4.26;12.48;2.21;2.13;0.162;65.7;13.18;6.59;3.87;0.7;2.06;6.57;178.4;136.8;24.4;4.1;13.1;0.9;0.87;0.16;0.21;1.39;1.44;0.117;34.3;12.26;5.88;3.8;0.68;2.21;5.91;93.1;65;11.8;4.4;11.8;0.82;0.3;0.15;0.18
8;50;50;0;0;15.53;2.94;8.45;2.13;2.16;0.159;56.2;13.57;6.83;3.98;0.68;2.21;4.47;178.6;146.2;19.1;4.4;8.9;1.31;0.45;0.17;0.23;0.49;0.48;0.111;43.8;4.13;2.02;1.25;0.22;0.73;3.98;139.1;122.4;7.3;1.5;8;0.21;0.16;0.04;0.06
8;50;50;0;50;15.16;3.01;8.85;2.35;2.28;0.164;55.9;13.91;7.07;4.02;0.68;2.23;4.65;177.7;146;17.9;4.5;9.3;1.3;0.6;0.17;0.22;0.57;0.58;0.12;44.1;4.69;2.21;1.41;0.27;0.78;4.2;139.9;122.5;7.5;1.6;8.4;0.21;0.25;0.05;0.07
8;50;50;0;100;14.87;3.23;9.26;2.5;2.46;0.17;55.2;14.44;7.42;4.12;0.72;2.32;4.84;177.6;146.4;16.9;4.6;9.7;1.3;0.75;0.18;0.23;0.78;0.72;0.132;44.8;5.36;2.65;1.59;0.28;0.91;4.42;144;122.2;11.2;1.8;8.8;0.21;0.37;0.06;0.08
8;50;50;50;0;17.99;3.45;9.74;2.26;2.26;0.155;61.2;14.56;7.28;4.29;0.75;2.43;5.06;178.9;141;23;4.9;10.1;1.25;0.58;0.19;0.24;0.64;0.66;0.112;38.8;5.78;2.74;1.83;0.29;1.02;4.68;113.5;94.9;7.2;2;9.4;0.35;0.16;0.06;0.09
8;50;50;50;50;17.67;3.88;11.07;2.37;2.44;0.162;60.6;15.08;7.58;4.47;0.79;2.52;5.8;178.5;140.1;21.8;5;11.6;1.25;0.75;0.19;0.25;0.89;0.93;0.118;39.4;7.8;3.73;2.4;0.41;1.35;5.27;115.8;95.4;7.2;2.7;10.5;0.48;0.25;0.09;0.11
8;50;50;50;100;17.61;4.25;12.22;2.79;2.7;0.172;60.8;15.68;8;4.54;0.79;2.5;6.58;188.5;138.8;31.5;5;13.2;1.23;1.02;0.19;0.26;1.24;1.22;0.123;39.2;9.9;4.81;3.06;0.51;1.75;5.65;121.3;96.2;10.4;3.5;11.3;0.63;0.34;0.12;0.14
8;50;50;100;0;19.98;3.73;10.92;2.31;2.37;0.152;68.2;15.59;7.68;4.74;0.81;2.57;5.8;180.9;137.4;26.8;5.1;11.6;1.22;0.7;0.18;0.27;0.8;0.76;0.112;31.8;6.71;3.21;2.05;0.36;1.16;5.12;84.2;64.8;6.8;2.3;10.2;0.44;0.15;0.08;0.1
8;50;50;100;50;20.06;4.52;12.79;2.64;2.67;0.163;68.4;16.39;8.32;4.75;0.82;2.69;6.84;191.9;134;38.8;5.4;13.7;1.18;1.01;0.21;0.28;1.17;1.19;0.116;31.6;10.15;4.93;3.07;0.56;1.82;5.95;88.6;66.1;6.9;3.6;11.9;0.69;0.24;0.11;0.15
8;50;50;100;100;20.26;4.97;14.32;2.99;2.96;0.171;66.7;17.28;8.89;4.95;0.89;2.81;7.64;190.4;131.5;38;5.6;15.3;1.16;1.3;0.21;0.28;1.54;1.48;0.119;33.3;12.35;5.91;3.84;0.67;2.16;6.69;94.7;67.1;9.9;4.3;13.4;0.85;0.34;0.13;0.17
8;50;100;0;0;15.78;3.5;10.07;2.8;2.78;0.162;57.1;17.21;8.77;5.08;0.85;2.79;5.35;188.8;143.1;29.4;5.6;10.7;1.62;0.66;0.22;0.29;0.48;0.5;0.12;42.9;4.01;1.88;1.22;0.24;0.71;4.72;141.9;124.8;6.3;1.4;9.4;0.2;0.21;0.04;0.06
8;50;100;0;50;15.14;3.65;10.34;3.03;2.97;0.171;56.3;17.39;8.93;5.03;0.85;2.83;5.52;187.2;143.2;27.3;5.7;11;1.59;0.88;0.21;0.28;0.6;0.63;0.132;43.7;4.66;2.28;1.4;0.25;0.82;4.82;145.3;124.7;9.3;1.6;9.6;0.21;0.3;0.05;0.07
8;50;100;0;100;14.96;3.74;10.76;3.17;3.25;0.181;55.9;18.01;9.26;5.17;0.86;2.86;5.71;185.8;142.5;26.2;5.7;11.4;1.6;1.13;0.22;0.3;0.79;0.79;0.148;44.1;5.25;2.61;1.6;0.25;0.88;5.05;146.6;125.3;9.4;1.8;10.1;0.22;0.44;0.05;0.08
8;50;100;50;0;18.05;4.04;11.67;2.97;2.96;0.162;62.1;18.32;9.32;5.38;0.96;2.99;6.22;190.8;137.1;35.2;6;12.4;1.53;0.91;0.22;0.3;0.7;0.71;0.119;37.9;5.86;2.83;1.82;0.33;1.05;5.44;116.1;97.2;6;2.1;10.9;0.36;0.2;0.06;0.08
8;50;100;50;50;17.87;4.39;12.79;3.21;3.21;0.169;60.8;19;9.65;5.49;0.97;3.07;6.81;189;135.7;33.5;6.1;13.6;1.54;1.11;0.25;0.31;0.94;0.98;0.124;39.2;7.87;3.76;2.41;0.43;1.32;5.98;121.5;98;8.9;2.6;12;0.5;0.29;0.08;0.11
8;50;100;50;100;17.91;4.79;13.74;3.54;3.53;0.185;60.2;19.11;9.93;5.47;0.97;3.06;7.31;187.6;134.4;32.4;6.1;14.6;1.49;1.51;0.23;0.31;1.27;1.31;0.13;39.8;9.93;4.8;3.05;0.51;1.72;6.43;124.1;98.8;9.1;3.4;12.9;0.64;0.42;0.1;0.15
8;50;100;100;0;20.6;4.4;12.89;3.12;3.14;0.16;68.9;19.7;9.82;5.95;1.02;3.09;6.84;193.9;132.6;41.4;6.2;13.7;1.49;1.08;0.24;0.33;0.85;0.84;0.119;31.1;7.01;3.46;2.11;0.36;1.3;6.05;87.4;66.6;6.1;2.6;12.1;0.46;0.2;0.07;0.11
8;50;100;100;50;20.61;5.22;14.71;3.4;3.41;0.167;66.9;20.41;10.45;5.89;1.01;3.32;7.83;191.2;128.6;40.3;6.6;15.7;1.45;1.38;0.25;0.34;1.29;1.26;0.121;33.1;10.35;5.09;3.18;0.5;1.9;6.88;94.4;68.2;8.6;3.8;13.8;0.71;0.29;0.12;0.15
8;50;100;100;100;20.6;5.54;15.88;3.81;3.87;0.185;66;20.85;10.8;5.97;1.03;3.3;8.4;188.4;125.9;39.1;6.6;16.8;1.39;1.88;0.26;0.33;1.56;1.6;0.126;34;12.64;6.12;3.86;0.67;2.24;7.48;97.1;69.3;8.4;4.5;15;0.88;0.39;0.14;0.19
8;100;0;0;0;17.4;2.94;8.22;2.09;2.05;0.161;48.7;12.77;6.5;3.66;0.63;2.1;4.47;132.3;100.7;18.4;4.2;8.9;1.37;0.31;0.15;0.21;0.49;0.51;0.108;51.3;4.54;2.18;1.44;0.23;0.84;3.75;139.3;118.5;11.7;1.7;7.5;0.19;0.2;0.05;0.06
8;100;0;0;50;17.02;3.07;9.01;2.17;2.11;0.162;48.7;13.02;6.6;3.94;0.63;2.08;4.84;132.4;101.5;17.1;4.2;9.7;1.36;0.37;0.16;0.22;0.64;0.66;0.115;51.3;5.65;2.68;1.78;0.3;1;4.17;139.5;117.6;11.7;2;8.3;0.21;0.31;0.06;0.08
8;100;0;0;100;16.78;3.29;9.57;2.26;2.25;0.167;47.8;13.47;6.95;3.84;0.7;2.16;5.1;133.2;102.6;16.1;4.3;10.2;1.37;0.48;0.17;0.23;0.89;0.84;0.126;52.2;6.56;3.24;1.99;0.33;1.13;4.47;145.2;116.3;17.7;2.3;8.9;0.21;0.46;0.07;0.09
8;100;0;50;0;19.43;3.29;9.33;2.07;2.09;0.158;54.3;13.24;6.62;3.89;0.69;2.17;4.96;134.7;98.4;22;4.3;9.9;1.31;0.38;0.17;0.22;0.66;0.69;0.11;45.7;6.17;2.91;1.93;0.33;1.12;4.37;113.3;91;11.4;2.2;8.7;0.33;0.2;0.07;0.09
8;100;0;50;50;19.3;3.8;11;2.19;2.18;0.159;54;13.68;6.88;4.13;0.66;2.21;5.85;135.5;98.7;20.7;4.4;11.7;1.32;0.46;0.17;0.23;0.94;0.97;0.114;46;8.5;4.13;2.6;0.45;1.6;5.15;115.4;90.7;11.2;3.2;10.3;0.47;0.3;0.09;0.12
8;100;0;50;100;19.27;4.22;12.24;2.43;2.41;0.168;52.5;14.38;7.32;4.11;0.74;2.32;6.54;136.1;98.7;19.7;4.6;13.1;1.35;0.65;0.17;0.24;1.32;1.32;0.12;47.5;10.93;5.19;3.44;0.59;1.9;5.7;123;90.7;17.2;3.8;11.4;0.59;0.45;0.12;0.16
8;100;0;100;0;21.41;3.5;10.27;2.13;2.12;0.155;61.7;13.67;6.79;4.09;0.73;2.21;5.44;137.6;97;25.3;4.4;10.9;1.3;0.43;0.17;0.23;0.78;0.8;0.11;38.3;7.2;3.37;2.35;0.39;1.29;4.83;85.2;61.5;11.5;2.6;9.7;0.42;0.2;0.07;0.1
8;100;0;100;50;21.51;4.24;12.27;2.28;2.26;0.156;60.8;14.55;7.32;4.3;0.73;2.39;6.49;137.6;95.3;24.6;4.8;13;1.27;0.57;0.18;0.24;1.2;1.18;0.113;39.2;10.4;4.99;3.24;0.55;1.85;5.77;88.7;62.5;10.9;3.7;11.5;0.65;0.28;0.11;0.15
8;100;0;100;100;21.52;4.93;13.84;2.51;2.56;0.165;58.8;15.47;7.86;4.5;0.78;2.57;7.41;138.5;94.9;23.7;5.1;14.8;1.27;0.83;0.2;0.26;1.63;1.57;0.119;41.2;13.1;6.42;4.07;0.67;2.36;6.43;97;62.8;16.6;4.7;12.9;0.79;0.44;0.15;0.19
8;100;50;0;0;17.52;3.81;10.65;2.88;2.93;0.165;49.2;17.77;9.03;5.2;0.88;2.94;5.68;136.3;100.5;18.6;5.9;11.4;1.96;0.44;0.23;0.3;0.59;0.56;0.113;50.8;4.8;2.35;1.46;0.23;0.87;4.97;140.9;118.7;10.5;1.7;9.9;0.19;0.24;0.05;0.07
8;100;50;0;50;17.18;3.94;11.17;3.07;3.04;0.169;48.2;18.04;9.22;5.16;0.89;2.94;6;136.1;101;17.2;5.9;12;1.94;0.57;0.23;0.3;0.72;0.76;0.13;51.8;5.79;2.76;1.79;0.35;0.99;5.17;146.5;118.1;16.1;2;10.3;0.2;0.41;0.06;0.09
8;100;50;0;100;16.92;4.13;11.93;3.27;3.19;0.173;48.4;18.43;9.52;5.31;0.93;2.93;6.35;137;102.7;15.7;5.9;12.7;1.98;0.69;0.22;0.3;0.94;0.95;0.138;51.6;6.8;3.35;2.05;0.35;1.19;5.57;146.2;116.2;16.5;2.4;11.1;0.21;0.57;0.07;0.1
8;100;50;50;0;19.57;3.98;11.87;2.93;2.96;0.162;54.6;18.29;9.23;5.39;0.88;2.93;6.32;138.3;98;21.8;5.9;12.6;1.89;0.54;0.22;0.31;0.76;0.73;0.113;45.4;6.34;2.97;1.99;0.34;1.05;5.55;115;91.3;10.4;2.1;11.1;0.33;0.24;0.06;0.09
8;100;50;50;50;19.7;4.67;13.24;3.19;3.14;0.166;52.7;18.98;9.71;5.6;0.91;3.11;6.97;138.1;96.8;21.2;6.2;13.9;1.86;0.74;0.23;0.31;1.02;1.09;0.123;47.3;8.73;4.23;2.67;0.45;1.56;6.28;123.7;92.4;15.7;3.1;12.6;0.47;0.39;0.09;0.13
8;100;50;50;100;19.45;5.17;14.66;3.41;3.43;0.174;54.4;19.68;10.1;5.68;0.98;3.23;7.81;149.3;96.9;30.3;6.5;15.6;1.88;1;0.23;0.32;1.4;1.41;0.127;45.6;11.09;5.34;3.38;0.57;1.95;6.84;125.2;92.3;15.3;3.9;13.7;0.61;0.52;0.12;0.16
8;100;50;100;0;21.48;4.52;12.9;3.1;3.09;0.159;61.6;19.46;9.87;5.68;0.97;3.16;6.89;140.6;94.7;25.8;6.3;13.8;1.85;0.66;0.25;0.33;0.9;0.88;0.114;38.4;7.63;3.65;2.37;0.4;1.35;6.01;87.5;62.9;9.9;2.7;12;0.45;0.23;0.09;0.11
8;100;50;100;50;21.86;5.04;14.85;3.34;3.34;0.167;61.4;20.03;10.19;5.93;0.94;3.23;7.87;153.3;93.5;37.5;6.5;15.7;1.81;0.96;0.24;0.32;1.29;1.31;0.121;38.6;10.73;5.09;3.37;0.57;1.81;6.99;96.1;63.6;14.9;3.6;14;0.65;0.38;0.12;0.15
8;100;50;100;100;21.8;5.62;16.29;3.66;3.61;0.173;60.9;20.86;10.61;6.15;1.03;3.34;8.73;153;92.5;36.4;6.7;17.5;1.79;1.23;0.25;0.34;1.59;1.64;0.124;39.1;13.15;6.32;4.02;0.69;2.28;7.55;98.4;64.2;14.6;4.6;15.1;0.8;0.49;0.15;0.19
8;100;100;0;0;17.5;4.36;12.29;3.57;3.54;0.166;50.5;21.35;10.87;6.19;1.09;3.48;6.46;146.5;98.5;28.2;7;12.9;2.27;0.64;0.27;0.36;0.68;0.66;0.127;49.5;5.09;2.5;1.53;0.27;0.88;5.83;143.9;121.1;9.4;1.8;11.7;0.2;0.33;0.06;0.07
8;100;100;0;50;17.33;4.6;13.01;3.71;3.82;0.173;49.7;22.11;11.39;6.31;1.13;3.59;6.92;147;99.3;26.7;7.2;13.8;2.31;0.86;0.28;0.37;0.82;0.84;0.14;50.3;5.9;2.89;1.77;0.3;1.01;6.09;148.6;120.1;14.2;2;12.2;0.21;0.49;0.06;0.08
8;100;100;0;100;16.97;4.8;13.4;4.01;4.06;0.181;49.8;22.49;11.64;6.45;1.08;3.69;7.12;147;100.2;25.1;7.4;14.2;2.33;1.08;0.28;0.37;1.08;1.07;0.16;50.2;6.61;3.33;1.95;0.35;1.11;6.28;148.1;119.1;14.3;2.2;12.6;0.21;0.69;0.07;0.09
8;100;100;50;0;19.81;4.76;13.77;3.74;3.71;0.166;56.2;22.38;11.33;6.61;1.12;3.61;7.36;151.1;95.4;33.7;7.2;14.7;2.19;0.87;0.28;0.37;0.85;0.83;0.123;43.8;6.66;3.23;2.04;0.34;1.15;6.4;117.9;93.6;9.2;2.3;12.8;0.35;0.32;0.07;0.1
8;100;100;50;50;19.58;5.28;14.96;3.92;3.91;0.172;54.7;22.78;11.71;6.59;1.13;3.74;7.96;150.4;95.1;32;7.5;15.9;2.2;1.04;0.29;0.37;1.11;1.15;0.129;45.3;8.82;4.26;2.68;0.49;1.54;7.01;124.5;93.9;13.6;3.1;14;0.48;0.46;0.08;0.12
8;100;100;50;100;19.53;5.64;16.22;4.19;4.3;0.184;54.1;23.38;11.98;6.82;1.14;3.74;8.59;150;94.2;31.1;7.5;17.2;2.17;1.46;0.29;0.38;1.58;1.55;0.138;45.9;11.16;5.53;3.3;0.59;1.91;7.63;127.2;94.6;13.5;3.8;15.3;0.62;0.66;0.11;0.16
8;100;100;100;0;21.9;5.25;14.84;3.87;3.84;0.164;63.2;23.5;11.9;6.84;1.2;3.84;7.95;155;91.8;39.7;7.7;15.9;2.12;1.04;0.3;0.39;0.95;0.96;0.122;36.8;7.81;3.77;2.37;0.43;1.41;6.89;90;64.6;8.8;2.8;13.8;0.45;0.31;0.09;0.11
8;100;100;100;50;22.29;5.99;16.52;4.11;4.11;0.17;61.2;24.22;12.44;7;1.16;4.08;8.75;154.5;89.5;39.3;8.2;17.5;2.08;1.33;0.32;0.39;1.31;1.38;0.126;38.8;10.91;5.18;3.48;0.55;1.91;7.77;98;65.9;12.7;3.8;15.5;0.67;0.43;0.12;0.15
8;100;100;100;100;22.21;6.32;17.96;4.57;4.59;0.184;60.4;24.88;12.86;7.15;1.25;3.92;9.62;153.8;88.7;38;7.8;19.2;2.04;1.84;0.3;0.41;1.7;1.78;0.133;39.6;13.28;6.45;4.04;0.68;2.4;8.34;100.7;66.4;12.9;4.8;16.7;0.82;0.63;0.15;0.19
9;0;0;0;0;14.16;1.88;5.26;1.15;1.13;0.147;63.2;7.62;3.76;2.27;0.4;1.31;2.74;224.1;195.7;20.4;2.6;5.5;0.56;0.35;0.09;0.13;0.32;0.33;0.096;36.8;3.14;1.49;0.97;0.17;0.57;2.53;130.3;119.4;4.7;1.1;5.1;0.17;0.08;0.03;0.05
9;0;0;0;50;13.37;1.95;5.49;1.18;1.2;0.151;63.2;7.88;4.01;2.25;0.38;1.35;2.93;223.6;196;19;2.7;5.9;0.57;0.4;0.1;0.13;0.37;0.37;0.101;36.8;3.42;1.58;1.09;0.19;0.6;2.56;130;119.2;4.4;1.2;5.1;0.18;0.1;0.04;0.05
9;0;0;0;100;13.23;2.13;6.01;1.33;1.35;0.159;62.3;8.48;4.24;2.44;0.46;1.38;3.2;222.1;194.6;18.3;2.8;6.4;0.56;0.55;0.1;0.14;0.5;0.47;0.108;37.7;4.17;2.04;1.25;0.21;0.76;2.81;134;120;6.9;1.5;5.6;0.21;0.15;0.05;0.06
9;0;0;50;0;16.07;2.22;6.37;1.2;1.2;0.145;68.7;8.28;4.12;2.48;0.42;1.36;3.38;225.9;192.6;23.9;2.7;6.8;0.56;0.4;0.11;0.14;0.45;0.49;0.101;31.3;4.66;2.19;1.47;0.23;0.87;2.99;103;90.8;4.5;1.7;6;0.29;0.08;0.05;0.06
9;0;0;50;50;15.94;2.64;7.49;1.36;1.33;0.148;68;8.97;4.49;2.66;0.46;1.47;4.09;223.9;189.9;22.9;2.9;8.2;0.56;0.5;0.11;0.16;0.67;0.68;0.104;32;6.43;3.12;1.89;0.37;1.18;3.4;105.5;91.9;4.4;2.4;6.8;0.42;0.1;0.07;0.09
9;0;0;50;100;15.94;3.03;8.83;1.5;1.55;0.162;66.7;9.56;4.77;2.8;0.46;1.53;4.78;222.2;187.6;22.1;3.1;9.6;0.55;0.73;0.11;0.16;0.9;0.9;0.106;33.3;8.41;3.95;2.65;0.45;1.5;4.05;110.6;92.8;6.6;3;8.1;0.54;0.15;0.09;0.12
9;0;0;100;0;18.12;2.55;7.39;1.19;1.26;0.141;75;8.9;4.29;2.8;0.43;1.44;3.94;226.7;188.6;27.3;2.9;7.9;0.53;0.47;0.11;0.15;0.62;0.61;0.102;25;5.82;2.81;1.81;0.28;1.11;3.44;75.2;61.8;4.4;2.2;6.9;0.39;0.07;0.07;0.08
9;0;0;100;50;18.42;3.23;9.3;1.44;1.44;0.143;73.7;10.03;4.91;3.05;0.52;1.64;4.92;223.3;183.2;27;3.3;9.8;0.52;0.62;0.13;0.17;0.93;0.91;0.104;26.3;8.63;4.09;2.69;0.49;1.59;4.38;79.5;63.2;4.3;3.2;8.8;0.59;0.1;0.09;0.13
9;0;0;100;100;18.32;3.8;10.85;1.76;1.8;0.159;72.2;11.3;5.66;3.35;0.54;1.82;5.8;219.7;178.2;26.3;3.6;11.6;0.52;0.94;0.14;0.2;1.1;1.16;0.106;27.8;10.93;5.14;3.42;0.59;1.98;5.04;84.6;64.6;5.9;4;10.1;0.74;0.14;0.12;0.17
9;0;50;0;0;13.79;2.02;5.85;1.36;1.35;0.149;62.6;9.04;4.48;2.66;0.5;1.49;3.11;221.2;191.3;20.7;3;6.2;0.58;0.5;0.12;0.15;0.32;0.33;0.098;37.4;3.1;1.42;1.02;0.15;0.52;2.74;131.8;121.8;3.5;1;5.5;0.18;0.07;0.03;0.04
9;0;50;0;50;13.61;2.15;6.31;1.57;1.52;0.157;62.3;9.68;4.88;2.83;0.54;1.56;3.41;220;190.1;19.9;3.1;6.8;0.58;0.67;0.12;0.16;0.4;0.39;0.105;37.7;3.44;1.63;1.04;0.19;0.58;2.91;133;122.4;3.6;1.2;5.8;0.19;0.12;0.04;0.05
9;0;50;0;100;13.01;2.29;6.64;1.7;1.68;0.167;61.7;10.02;5.07;3.03;0.47;1.61;3.59;218.6;189.5;18.7;3.2;7.2;0.57;0.82;0.13;0.16;0.46;0.46;0.114;38.3;3.82;1.88;1.15;0.2;0.68;3.05;135.4;122.8;5.2;1.4;6.1;0.2;0.17;0.05;0.06
9;0;50;50;0;16.03;2.54;7.41;1.47;1.49;0.145;67.7;10.23;5.06;3.1;0.53;1.68;3.98;221.7;186;24.4;3.4;8;0.56;0.61;0.13;0.18;0.53;0.52;0.103;32.3;4.87;2.32;1.52;0.27;0.87;3.43;105.5;93.5;3.4;1.7;6.9;0.32;0.07;0.05;0.08
9;0;50;50;50;16.11;2.96;8.57;1.69;1.69;0.154;66.6;10.94;5.48;3.28;0.54;1.78;4.59;217.8;181.2;23.9;3.6;9.2;0.54;0.82;0.14;0.19;0.67;0.7;0.105;33.4;6.49;3.11;2.02;0.33;1.18;3.98;108.9;95.4;3.2;2.4;8;0.43;0.11;0.07;0.09
9;0;50;50;100;16.16;3.46;10.04;1.95;2.01;0.171;66.6;11.78;5.99;3.49;0.6;1.88;5.4;227.2;178.1;34.5;3.8;10.8;0.54;1.13;0.14;0.2;0.97;0.95;0.108;33.4;8.64;4.13;2.66;0.46;1.58;4.64;114;96.7;4.8;3.2;9.3;0.58;0.15;0.09;0.12
9;0;50;100;0;18.35;2.92;8.58;1.66;1.62;0.141;74;11.44;5.6;3.48;0.58;1.85;4.55;221.1;180;28.3;3.7;9.1;0.54;0.75;0.14;0.19;0.58;0.62;0.103;26;5.88;2.73;1.86;0.33;1.07;4.03;77.6;64.1;3.3;2.1;8.1;0.4;0.07;0.06;0.09
9;0;50;100;50;18.81;3.71;10.22;1.94;2;0.158;73.8;12.65;6.26;3.75;0.63;2.07;5.5;231;173.4;42.5;4.1;11;0.53;1.09;0.16;0.22;0.91;0.92;0.106;26.2;8.62;4.17;2.61;0.46;1.64;4.72;81.8;65.9;3.2;3.3;9.4;0.6;0.1;0.1;0.12
9;0;50;100;100;18.82;4.19;11.78;2.28;2.27;0.169;72.2;13.4;6.83;3.86;0.67;2.11;6.32;226.7;168.5;41.3;4.2;12.6;0.49;1.4;0.16;0.23;1.13;1.17;0.107;27.8;10.81;5.2;3.31;0.57;2.08;5.46;86.9;67.3;4.6;4.2;10.9;0.75;0.15;0.13;0.15
9;0;100;0;0;13.89;2.2;6.64;1.61;1.6;0.149;62.7;10.69;5.26;3.27;0.52;1.68;3.5;227.1;184.6;32.2;3.4;7;0.57;0.72;0.13;0.18;0.36;0.32;0.101;37.3;2.97;1.44;0.92;0.15;0.52;3.14;135.2;125.5;2.4;1;6.3;0.18;0.07;0.03;0.04
9;0;100;0;50;13.24;2.35;6.85;1.85;1.85;0.166;62.1;11.15;5.68;3.19;0.55;1.78;3.61;223.9;182.9;30.2;3.6;7.2;0.57;0.96;0.14;0.18;0.4;0.39;0.109;37.9;3.41;1.61;1.04;0.18;0.56;3.25;136.5;126.4;2.5;1.1;6.5;0.2;0.11;0.03;0.05
9;0;100;0;100;12.89;2.54;7.22;2.08;2.14;0.183;61.5;11.7;6.01;3.34;0.58;1.87;3.84;221.8;181.7;28.8;3.7;7.7;0.56;1.24;0.15;0.19;0.45;0.46;0.118;38.5;3.72;1.79;1.21;0.19;0.67;3.39;138.8;127.1;3.6;1.3;6.8;0.21;0.16;0.04;0.06
9;0;100;50;0;16.24;2.83;8.21;1.84;1.85;0.152;67.8;12.11;6.03;3.62;0.62;1.98;4.4;228.7;177.9;38.1;4;8.8;0.54;0.96;0.15;0.2;0.56;0.53;0.105;32.2;4.87;2.29;1.52;0.25;0.85;3.82;108.7;96.8;2.5;1.7;7.6;0.32;0.08;0.05;0.07
9;0;100;50;50;16.32;3.35;9.6;2.19;2.16;0.163;66.5;13.21;6.7;3.79;0.68;2.15;5.15;223.9;172.4;37;4.3;10.3;0.53;1.25;0.16;0.22;0.72;0.73;0.108;33.5;6.68;3.21;2.08;0.35;1.2;4.45;112.6;99.1;2.2;2.4;8.9;0.46;0.1;0.07;0.1
9;0;100;50;100;16.27;3.76;10.49;2.55;2.58;0.189;65.3;13.65;7.1;3.79;0.65;2.2;5.62;220.4;168.9;35.8;4.4;11.2;0.51;1.68;0.17;0.22;0.94;0.97;0.111;34.7;8.63;4.1;2.7;0.46;1.56;4.87;117;100.5;3.6;3.1;9.7;0.59;0.16;0.09;0.12
9;0;100;100;0;18.83;3.44;9.56;2.19;2.11;0.151;74;13.96;6.96;4.14;0.69;2.34;5.07;229.4;170;44.6;4.7;10.1;0.53;1.16;0.18;0.24;0.62;0.65;0.105;26;6.02;2.88;1.85;0.3;1.1;4.49;80.3;66.9;2.3;2.2;9;0.41;0.07;0.07;0.09
9;0;100;100;50;19.38;4.04;11.69;2.47;2.44;0.162;72.4;15.02;7.67;4.38;0.74;2.43;6.17;224.5;163.2;44.1;4.9;12.3;0.51;1.5;0.19;0.25;0.96;0.96;0.106;27.6;8.97;4.26;2.8;0.49;1.62;5.52;85.2;68.7;2.2;3.2;11;0.64;0.1;0.09;0.13
9;0;100;100;100;19.45;4.42;13.03;3.03;3.05;0.189;71.1;16.14;8.35;4.62;0.8;2.52;7;220.2;157.6;43.6;5;14;0.49;2.1;0.19;0.26;1.19;1.18;0.108;28.9;10.88;5.13;3.41;0.58;1.9;6.03;89.3;70.3;3.2;3.8;12.1;0.78;0.13;0.11;0.15
9;50;0;0;0;15.68;2.44;6.79;1.7;1.69;0.161;57.9;10.53;5.31;3.08;0.53;1.75;3.65;181.4;150.9;19.7;3.5;7.3;1.05;0.33;0.13;0.18;0.37;0.4;0.1;42.1;3.74;1.75;1.19;0.21;0.69;3.13;131.8;116.4;7.7;1.4;6.3;0.17;0.13;0.05;0.06
9;50;0;0;50;15.03;2.52;7.17;1.85;1.79;0.163;57.7;10.97;5.61;3.19;0.53;1.76;3.87;180.6;150.9;18.5;3.5;7.7;1.06;0.39;0.15;0.19;0.49;0.47;0.106;42.3;4.22;2.03;1.3;0.22;0.76;3.31;132.1;116.4;7.5;1.5;6.6;0.18;0.18;0.04;0.06
9;50;0;0;100;15.01;2.71;7.82;1.9;1.93;0.168;57.1;11.49;5.78;3.35;0.58;1.79;4.31;181.6;151.8;17.6;3.6;8.6;1.07;0.52;0.14;0.2;0.59;0.6;0.117;42.9;4.97;2.4;1.51;0.25;0.92;3.51;136.3;115.8;11.7;1.8;7;0.19;0.29;0.05;0.06
9;50;0;50;0;17.55;2.74;8.13;1.71;1.75;0.158;63.5;11.08;5.44;3.33;0.57;1.75;4.39;183.7;148.6;22.8;3.5;8.8;1.04;0.39;0.13;0.19;0.58;0.57;0.103;36.5;5.44;2.58;1.73;0.28;0.99;3.73;105.5;88.5;7.6;2;7.5;0.3;0.13;0.06;0.08
9;50;0;50;50;17.64;3.19;9.25;1.86;1.85;0.159;62.8;11.68;5.89;3.46;0.61;1.9;4.9;182.9;147;22.3;3.8;9.8;1.03;0.49;0.15;0.19;0.82;0.78;0.106;37.2;7.28;3.48;2.22;0.39;1.29;4.35;108.1;89.4;7.4;2.6;8.7;0.41;0.19;0.08;0.1
9;50;0;50;100;17.45;3.67;10.66;2.01;2.11;0.168;61.3;12.5;6.24;3.69;0.64;1.98;5.74;181.8;145.1;21.3;4;11.5;1.02;0.72;0.16;0.21;1.06;1.06;0.111;38.7;9.41;4.45;2.95;0.51;1.69;4.92;114.6;90.4;10.9;3.4;9.8;0.54;0.28;0.1;0.14
9;50;0;100;0;19.55;3.12;8.78;1.77;1.83;0.154;70.3;11.83;5.91;3.49;0.58;1.97;4.67;185.1;145;26.8;3.9;9.3;1.01;0.46;0.16;0.2;0.65;0.67;0.103;29.7;6.33;3;1.92;0.35;1.15;4.12;78.1;60.5;7.1;2.3;8.2;0.38;0.12;0.08;0.09
9;50;0;100;50;19.7;3.77;10.82;1.99;1.98;0.155;69.3;12.77;6.49;3.81;0.62;2.12;5.84;184.7;143;25.8;4.2;11.7;1;0.59;0.17;0.22;1.06;1;0.106;30.7;9.37;4.47;2.87;0.5;1.65;4.98;81.7;61.2;7.2;3.3;10;0.58;0.18;0.1;0.14
9;50;0;100;100;20.2;4.27;12.1;2.32;2.28;0.166;67.3;13.77;7.02;3.98;0.68;2.3;6.52;182.6;139.2;25.8;4.6;13;0.97;0.9;0.18;0.23;1.32;1.25;0.109;32.7;11.4;5.28;3.59;0.63;1.98;5.58;88.5;62.6;10.8;4;11.2;0.7;0.28;0.12;0.15
9;50;50;0;0;15.46;2.91;8.43;2.26;2.28;0.165;57.9;13.82;7.07;3.96;0.76;2.22;4.53;182.8;149.5;19.8;4.4;9.1;1.41;0.46;0.17;0.23;0.41;0.42;0.104;42.1;3.84;1.77;1.22;0.21;0.68;3.89;133;117.4;6.4;1.4;7.8;0.18;0.14;0.05;0.05
9;50;50;0;50;15.38;3.15;8.81;2.46;2.45;0.169;57.5;14.46;7.41;4.15;0.74;2.41;4.69;181.8;148.5;19;4.8;9.4;1.4;0.63;0.19;0.24;0.51;0.5;0.115;42.5;4.2;2.04;1.29;0.22;0.74;4.12;134.5;118.1;6.7;1.5;8.2;0.17;0.23;0.04;0.06
9;50;50;0;100;14.88;3.22;9.33;2.59;2.61;0.175;56.7;14.91;7.65;4.31;0.7;2.34;5.07;181.2;148.6;17.8;4.7;10.1;1.39;0.79;0.18;0.25;0.6;0.64;0.126;43.3;4.94;2.35;1.49;0.28;0.88;4.26;138.4;118.1;10;1.8;8.5;0.19;0.33;0.05;0.06
9;50;50;50;0;17.95;3.46;9.76;2.27;2.38;0.16;63.1;14.85;7.46;4.41;0.73;2.49;5.29;184.3;144.8;23.9;5;10.6;1.35;0.58;0.19;0.26;0.61;0.57;0.105;36.9;5.32;2.55;1.68;0.28;0.97;4.46;107.8;90.6;6.3;1.9;8.9;0.3;0.14;0.05;0.08
9;50;50;50;50;17.78;3.75;11.04;2.52;2.56;0.166;62.2;15.46;7.82;4.52;0.77;2.44;5.92;182.4;142.7;23;4.9;11.8;1.33;0.78;0.18;0.27;0.81;0.82;0.111;37.8;7.33;3.49;2.31;0.38;1.31;5.12;110.8;91.7;6.2;2.6;10.2;0.42;0.21;0.08;0.1
9;50;50;50;100;17.45;4.29;12.24;2.9;2.86;0.177;62.3;16.2;8.37;4.7;0.76;2.59;6.63;192.2;140.9;32.8;5.2;13.3;1.34;1.06;0.2;0.27;1.09;1.09;0.115;37.7;9.39;4.42;2.94;0.48;1.69;5.61;116.3;92.7;9;3.4;11.2;0.55;0.3;0.1;0.13
9;50;50;100;0;20.02;3.68;10.71;2.59;2.49;0.156;69.5;15.9;8.03;4.66;0.81;2.59;5.69;184.3;140;27.7;5.2;11.4;1.31;0.72;0.2;0.26;0.69;0.68;0.105;30.5;6.4;2.98;1.99;0.36;1.09;5.01;80.7;62.3;6.2;2.2;10;0.39;0.13;0.07;0.09
9;50;50;100;50;20.46;4.45;12.81;2.8;2.89;0.167;69.7;17.33;8.77;5.04;0.87;2.77;6.86;196.1;135.6;41.3;5.5;13.7;1.3;1.08;0.22;0.3;1.05;1.02;0.109;30.3;9.33;4.44;2.93;0.49;1.68;5.96;85;63.9;5.8;3.4;11.9;0.58;0.2;0.1;0.13
9;50;50;100;100;20.31;4.95;14.07;3.05;3.09;0.175;68.1;17.67;8.98;5.16;0.9;2.83;7.53;194;133.5;39.8;5.7;15.1;1.24;1.34;0.22;0.29;1.33;1.31;0.112;31.9;11.62;5.61;3.56;0.63;2.12;6.55;90.7;64.7;8.7;4.2;13.1;0.73;0.29;0.13;0.17
9;50;100;0;0;15.75;3.62;10.09;2.98;2.95;0.166;58.6;17.78;9.04;5.22;0.9;2.92;5.46;193.1;145.3;31.1;5.8;10.9;1.72;0.7;0.23;0.29;0.44;0.46;0.114;41.4;3.8;1.83;1.17;0.19;0.7;4.63;136.5;120.5;5.3;1.4;9.3;0.18;0.18;0.05;0.05
9;50;100;0;50;15.33;3.63;10.38;3.17;3.17;0.176;57.6;18.05;9.26;5.24;0.86;2.9;5.43;190.3;144.6;29.1;5.8;10.9;1.71;0.93;0.23;0.29;0.54;0.54;0.124;42.4;4.21;2;1.3;0.21;0.73;4.94;140.3;121;7.9;1.5;9.9;0.18;0.26;0.04;0.06
9;50;100;0;100;14.87;3.7;10.73;3.41;3.41;0.186;57.4;18.39;9.55;5.12;0.95;2.88;5.76;189.6;144.8;27.6;5.8;11.5;1.7;1.19;0.23;0.29;0.7;0.7;0.14;42.6;4.9;2.46;1.45;0.23;0.82;4.97;140.5;120.9;8.1;1.6;9.9;0.2;0.38;0.05;0.07
9;50;100;50;0;18.07;4.03;11.65;3.03;3.16;0.166;63.6;19.03;9.53;5.61;1.03;3.08;6.15;194.8;139.4;36.9;6.2;12.3;1.66;0.94;0.24;0.32;0.63;0.62;0.111;36.4;5.36;2.57;1.65;0.29;0.95;5.51;111.5;93.5;5;1.9;11;0.3;0.17;0.06;0.08
9;50;100;50;50;17.92;4.49;12.52;3.34;3.3;0.173;62.3;19.05;9.8;5.51;0.91;3.12;6.64;192.6;138.2;34.8;6.2;13.3;1.61;1.14;0.23;0.32;0.92;0.89;0.117;37.7;7.56;3.73;2.3;0.37;1.37;5.87;116.6;94.2;7.9;2.7;11.7;0.44;0.26;0.09;0.11
9;50;100;50;100;18;4.94;13.73;3.63;3.75;0.189;61.4;19.83;10.33;5.59;1.02;3.24;7.31;190.6;135.1;34.4;6.5;14.6;1.58;1.61;0.25;0.31;1.13;1.14;0.121;38.6;9.32;4.5;2.85;0.47;1.7;6.42;119.7;95.9;7.6;3.4;12.8;0.56;0.34;0.11;0.13
9;50;100;100;0;20.49;4.52;12.69;3.16;3.27;0.163;70.4;20.03;10.2;5.78;0.96;3.35;6.89;198.2;135;42.7;6.7;13.8;1.57;1.12;0.25;0.34;0.75;0.73;0.111;29.6;6.53;3.13;1.99;0.38;1.17;5.8;83.3;64.1;5.2;2.3;11.6;0.39;0.18;0.07;0.09
9;50;100;100;50;20.65;4.92;14.47;3.54;3.55;0.171;68.3;20.82;10.52;6.02;1.09;3.28;7.75;194.3;130.1;42.2;6.6;15.5;1.53;1.44;0.25;0.34;1.1;1.09;0.112;31.7;9.6;4.53;2.93;0.53;1.64;6.72;89.9;65.9;7.3;3.3;13.4;0.61;0.24;0.1;0.14
9;50;100;100;100;20.69;5.37;15.82;4.09;4.12;0.189;67.3;21.82;11.24;6.3;1.08;3.36;8.52;191.5;126.8;40.9;6.7;17;1.5;1.99;0.26;0.37;1.4;1.39;0.117;32.7;11.79;5.64;3.61;0.62;2.01;7.3;93;67.1;7.2;4;14.6;0.75;0.34;0.13;0.17
9;100;0;0;0;17.38;2.87;8.29;2.11;2.18;0.166;50.2;13.11;6.54;3.9;0.65;2.11;4.46;135;102.5;19.3;4.2;8.9;1.47;0.33;0.16;0.22;0.43;0.45;0.103;49.8;4.25;1.97;1.3;0.24;0.76;3.83;134.1;114.2;10.7;1.5;7.7;0.17;0.18;0.04;0.06
9;100;0;0;50;17.18;3.08;8.86;2.23;2.27;0.168;50.3;13.51;6.8;3.86;0.73;2.17;4.75;135.6;103.2;18.5;4.3;9.5;1.47;0.4;0.17;0.23;0.6;0.58;0.109;49.7;5.16;2.43;1.61;0.28;0.91;4.1;134.1;113.4;10.7;1.8;8.2;0.17;0.28;0.06;0.07
9;100;0;0;100;16.59;3.32;9.47;2.33;2.4;0.173;49.5;13.9;6.98;4.09;0.69;2.27;5.08;136.1;104.6;16.8;4.5;10.2;1.5;0.5;0.18;0.23;0.73;0.77;0.123;50.5;6.15;2.91;1.93;0.31;1.06;4.39;139.1;111.9;16.4;2.1;8.8;0.18;0.43;0.07;0.09
9;100;0;50;0;19.34;3.23;9.39;2.16;2.19;0.163;55.8;13.43;6.71;4.02;0.65;2.12;4.97;137.4;100.5;22.7;4.2;9.9;1.42;0.38;0.17;0.23;0.61;0.64;0.104;44.2;6.01;2.83;1.87;0.33;1.11;4.42;108.9;87.2;10.7;2.2;8.8;0.3;0.18;0.07;0.09
9;100;0;50;50;19.36;3.79;10.62;2.32;2.33;0.165;55.5;14.16;7.21;4.06;0.72;2.37;5.64;138.2;100.5;21.7;4.7;11.3;1.43;0.48;0.19;0.24;0.88;0.88;0.108;44.5;8.07;3.81;2.51;0.42;1.42;4.98;110.8;87.3;10.7;2.8;10;0.4;0.28;0.08;0.12
9;100;0;50;100;19.33;4.16;12.11;2.56;2.56;0.172;53.9;14.9;7.57;4.37;0.75;2.38;6.5;138.4;99.6;21.1;4.8;13;1.41;0.71;0.19;0.25;1.18;1.17;0.114;46.1;10.16;4.74;3.27;0.54;1.78;5.61;118.2;88;15.5;3.6;11.2;0.51;0.4;0.11;0.15
9;100;0;100;0;21.11;3.61;10.15;2.25;2.3;0.161;63.5;14.34;7.22;4.26;0.69;2.37;5.52;140.9;99;26.2;4.7;11;1.42;0.46;0.18;0.24;0.69;0.71;0.104;36.5;6.75;3.17;2.09;0.36;1.25;4.63;81.1;59.1;10.2;2.5;9.3;0.37;0.17;0.08;0.09
9;100;0;100;50;21.55;4.32;12.33;2.46;2.44;0.161;62.3;15.21;7.71;4.46;0.77;2.52;6.63;141.2;97.3;25.6;5;13.3;1.4;0.6;0.19;0.25;1.06;1.08;0.107;37.7;10.01;4.75;3.14;0.51;1.8;5.7;85.2;60.1;10.2;3.6;11.4;0.56;0.27;0.11;0.14
9;100;0;100;100;21.7;4.81;13.72;2.67;2.69;0.17;60.2;15.86;8.09;4.65;0.76;2.58;7.33;140.9;96.2;24.9;5.2;14.7;1.36;0.87;0.2;0.26;1.37;1.39;0.112;39.8;12.36;5.87;3.84;0.66;2.24;6.39;93.3;60.6;15.4;4.5;12.8;0.68;0.4;0.13;0.18
9;100;50;0;0;17.63;3.71;10.7;3.08;3.09;0.171;50.6;18.1;9.15;5.36;0.91;2.86;5.65;139.1;102.5;19.5;5.7;11.3;2.11;0.46;0.22;0.29;0.49;0.51;0.108;49.4;4.55;2.18;1.44;0.22;0.84;5.05;135.8;114.2;9.8;1.7;10.1;0.17;0.23;0.05;0.07
9;100;50;0;50;17.22;3.91;11.21;3.31;3.27;0.174;49.6;18.76;9.65;5.35;0.94;2.98;5.99;138.8;102.6;18.2;6;12;2.11;0.61;0.24;0.31;0.68;0.68;0.125;50.4;5.33;2.59;1.64;0.28;0.93;5.22;141;114;14.7;1.9;10.4;0.17;0.38;0.06;0.07
9;100;50;0;100;16.82;4.11;11.97;3.4;3.44;0.179;49.7;19.27;9.87;5.64;0.95;3.04;6.35;139.2;103.4;17.1;6.1;12.7;2.12;0.76;0.24;0.32;0.86;0.84;0.133;50.3;6.26;3.14;1.89;0.3;1.07;5.63;141.2;113.2;14.6;2.1;11.3;0.19;0.5;0.07;0.09
9;100;50;50;0;19.73;4.15;12.09;3.15;3.19;0.167;56;19.12;9.68;5.67;0.96;3.07;6.47;141.6;99.5;23;6.1;12.9;2.04;0.58;0.24;0.33;0.64;0.66;0.107;44;6.07;2.83;1.88;0.33;1.08;5.62;111;88;9.6;2.2;11.2;0.29;0.22;0.07;0.08
9;100;50;50;50;19.57;4.67;13.43;3.31;3.43;0.171;54.7;20.06;10.21;5.88;0.98;3.26;7.28;142.1;98.7;22.4;6.5;14.6;2.05;0.78;0.26;0.35;0.92;0.96;0.118;45.3;8.08;3.85;2.53;0.42;1.41;6.15;117.6;88.7;13.8;2.8;12.3;0.4;0.36;0.08;0.12
9;100;50;50;100;19.64;5.18;14.49;3.57;3.64;0.18;55.8;20.25;10.48;5.8;0.98;3.35;7.69;152;97.9;32;6.7;15.4;2.01;1.04;0.26;0.32;1.26;1.26;0.12;44.2;10.4;4.97;3.19;0.57;1.83;6.8;120.6;89.3;14;3.7;13.6;0.53;0.47;0.11;0.15
9;100;50;100;0;21.75;4.55;12.9;3.2;3.27;0.164;63;19.95;10.08;5.84;1;3.24;6.91;143.8;96.7;26.8;6.5;13.8;1.99;0.7;0.25;0.33;0.76;0.77;0.107;37;7.1;3.37;2.23;0.37;1.31;5.99;84.2;60.4;9.3;2.6;12;0.37;0.22;0.08;0.1
9;100;50;100;50;21.85;5.18;14.9;3.54;3.6;0.172;63.1;21;10.66;6.16;1.02;3.42;8.08;157.1;94.7;39.3;6.8;16.2;1.96;1.02;0.26;0.36;1.17;1.17;0.114;36.9;10.17;4.82;3.15;0.55;1.76;6.82;92;61.5;13.4;3.5;13.6;0.57;0.35;0.1;0.15
9;100;50;100;100;21.78;5.7;16.26;3.83;3.86;0.178;61.9;21.68;11.22;6.14;1.09;3.39;8.64;155;93.2;37.8;6.8;17.3;1.94;1.28;0.27;0.36;1.48;1.48;0.116;38.1;12.64;6.14;3.82;0.66;2.3;7.62;95.3;62.3;13.2;4.6;15.2;0.71;0.44;0.14;0.18
9;100;100;0;0;17.55;4.27;12.42;3.79;3.75;0.172;52.1;21.86;11.21;6.26;1.08;3.45;6.55;150.1;100.7;29.4;6.9;13.1;2.46;0.65;0.27;0.37;0.58;0.6;0.123;47.9;4.76;2.27;1.51;0.23;0.82;5.88;138.1;116.2;8.5;1.6;11.8;0.17;0.3;0.05;0.07
9;100;100;0;50;17.07;4.63;12.87;3.98;4.02;0.179;51.3;22.47;11.65;6.39;1.14;3.69;6.91;149.9;101.1;27.6;7.4;13.8;2.48;0.89;0.3;0.35;0.7;0.74;0.135;48.7;5.43;2.63;1.65;0.27;0.95;5.96;142.2;115.7;12.7;1.9;11.9;0.18;0.42;0.06;0.08
9;100;100;0;100;16.99;4.7;13.41;4.24;4.26;0.186;51.1;22.89;11.88;6.62;1.14;3.65;7.12;149.5;101.4;26.5;7.3;14.2;2.47;1.14;0.28;0.37;1;0.99;0.155;48.9;6.3;3.17;1.81;0.35;1.05;6.29;143.2;115.3;13.1;2.1;12.6;0.19;0.64;0.07;0.09
9;100;100;50;0;20;4.91;13.78;3.88;3.91;0.171;57.6;22.9;11.74;6.57;1.17;3.78;7.41;154.7;96.6;35.7;7.6;14.8;2.32;0.91;0.29;0.39;0.72;0.76;0.118;42.4;6.39;3.1;1.98;0.33;1.13;6.37;113.9;90.5;8.5;2.3;12.7;0.31;0.29;0.07;0.09
9;100;100;50;50;19.63;5.42;15.02;4.21;4.19;0.177;56.1;23.74;12.38;6.8;1.14;3.86;8.07;153.9;96.1;33.9;7.7;16.1;2.37;1.13;0.31;0.38;1.06;1.05;0.123;43.9;8.38;4.12;2.55;0.43;1.56;6.96;120.1;90.8;12.3;3.1;13.9;0.42;0.41;0.1;0.12
9;100;100;50;100;19.48;5.53;16.14;4.46;4.49;0.189;55.6;23.76;12.29;6.74;1.24;3.72;8.67;152.4;95.7;31.9;7.4;17.3;2.33;1.49;0.28;0.39;1.4;1.39;0.13;44.4;10.62;5.14;3.31;0.54;1.8;7.46;122;91.2;12.3;3.6;14.9;0.55;0.58;0.11;0.15
9;100;100;100;0;22.09;5.17;14.79;4;4.06;0.168;64.6;24.16;12.22;7.05;1.2;3.86;7.96;158.3;92.7;41.9;7.7;15.9;2.26;1.1;0.29;0.41;0.83;0.83;0.115;35.4;7.17;3.49;2.2;0.34;1.31;6.82;86.5;62.6;7.7;2.6;13.6;0.38;0.27;0.08;0.1
9;100;100;100;50;22.34;5.84;16.53;4.28;4.31;0.174;62.5;24.78;12.64;7.13;1.26;4.04;8.87;157.5;90.9;40.7;8.1;17.7;2.21;1.4;0.31;0.4;1.24;1.25;0.118;37.5;10.43;4.97;3.21;0.59;1.81;7.67;94.4;63.6;11.9;3.6;15.3;0.59;0.39;0.11;0.15
9;100;100;100;100;22.17;6.19;17.99;4.87;4.87;0.189;61.7;25.77;13.44;7.36;1.23;4;9.79;156.3;88.9;39.8;8;19.6;2.18;1.95;0.31;0.43;1.56;1.59;0.125;38.3;12.63;6.09;3.89;0.68;2.2;8.2;96.8;64.7;11.4;4.4;16.4;0.72;0.55;0.13;0.18
10;0;0;0;0;14.11;1.87;5.22;1.19;1.18;0.148;65.1;7.94;3.94;2.37;0.4;1.35;2.88;230.4;200.5;21.5;2.7;5.8;0.58;0.36;0.1;0.13;0.31;0.3;0.093;34.9;2.85;1.38;0.85;0.16;0.52;2.34;123.4;114;3.7;1;4.7;0.17;0.06;0.03;0.04
10;0;0;0;50;13.52;1.95;5.63;1.29;1.28;0.151;64.6;8.44;4.21;2.48;0.41;1.37;3.04;227.9;199;20.1;2.7;6.1;0.59;0.43;0.11;0.15;0.33;0.35;0.1;35.4;3.22;1.54;0.98;0.19;0.58;2.59;124.7;114.7;3.7;1.2;5.2;0.18;0.09;0.03;0.05
10;0;0;0;100;13.12;2.09;5.92;1.45;1.4;0.159;64;8.76;4.47;2.54;0.45;1.45;3.2;226.8;198.6;18.9;2.9;6.4;0.58;0.57;0.11;0.14;0.45;0.4;0.106;36;3.61;1.75;1.09;0.2;0.64;2.73;127.4;114.9;5.7;1.3;5.5;0.19;0.13;0.04;0.05
10;0;0;50;0;16.13;2.17;6.39;1.34;1.26;0.145;70.1;8.67;4.32;2.55;0.41;1.38;3.44;230.3;195.9;24.8;2.8;6.9;0.58;0.42;0.11;0.15;0.47;0.47;0.1;29.9;4.48;2.13;1.45;0.23;0.78;2.95;98.2;87.1;3.7;1.6;5.9;0.29;0.06;0.05;0.07
10;0;0;50;50;15.98;2.56;7.59;1.38;1.36;0.148;69.3;9.22;4.62;2.74;0.46;1.48;4.08;228.4;193.4;23.9;3;8.2;0.57;0.52;0.11;0.16;0.62;0.64;0.103;30.7;6.04;2.86;1.89;0.33;1.08;3.51;100.8;88;3.6;2.2;7;0.4;0.08;0.06;0.09
10;0;0;50;100;16.04;3.04;8.87;1.6;1.62;0.162;68.1;9.98;5.02;2.96;0.47;1.58;4.79;226.1;190.1;23.2;3.2;9.6;0.57;0.76;0.13;0.16;0.84;0.85;0.105;31.9;7.96;3.8;2.47;0.42;1.46;4.08;105.8;89.3;5.4;2.9;8.2;0.53;0.12;0.09;0.11
10;0;0;100;0;18.1;2.58;7.39;1.34;1.34;0.142;76.4;9.43;4.66;2.85;0.5;1.63;3.94;232.1;192.6;28.3;3.3;7.9;0.56;0.49;0.13;0.16;0.56;0.56;0.102;23.6;5.43;2.55;1.69;0.3;0.95;3.45;71.4;58.9;3.7;1.9;6.9;0.36;0.06;0.05;0.08
10;0;0;100;50;18.41;3.1;9.3;1.59;1.52;0.144;75;10.52;5.23;3.11;0.55;1.65;4.96;227.8;186.8;27.8;3.3;9.9;0.55;0.65;0.13;0.19;0.79;0.85;0.103;25;8.14;3.75;2.63;0.45;1.45;4.34;75.5;60.4;3.6;2.9;8.7;0.56;0.08;0.08;0.13
10;0;0;100;100;18.66;3.75;10.6;1.85;1.85;0.159;73.6;11.61;5.9;3.35;0.56;1.9;5.71;224.1;181.4;27.4;3.8;11.4;0.53;0.97;0.15;0.2;1.08;1.06;0.104;26.4;10.08;4.79;3.04;0.56;1.85;4.89;80.4;61.7;5.2;3.7;9.8;0.7;0.12;0.11;0.14
10;0;50;0;0;13.93;2.08;5.78;1.34;1.36;0.148;64.3;9.15;4.59;2.72;0.44;1.57;3.13;226.4;195.4;21.6;3.1;6.3;0.57;0.51;0.11;0.15;0.3;0.3;0.095;35.7;2.79;1.31;0.89;0.15;0.51;2.64;125.7;116.6;2.9;1;5.3;0.17;0.06;0.03;0.04
10;0;50;0;50;13.63;2.19;6.17;1.62;1.53;0.157;63.6;9.8;5.03;2.77;0.52;1.62;3.34;223.5;192.6;21;3.2;6.7;0.56;0.69;0.12;0.16;0.35;0.35;0.102;36.4;3.18;1.49;1.03;0.17;0.57;2.83;127.6;118;2.8;1.1;5.7;0.19;0.09;0.03;0.05
10;0;50;0;100;13.19;2.34;6.6;1.83;1.79;0.167;62.9;10.7;5.53;3.09;0.55;1.73;3.57;221.3;190.7;20;3.5;7.1;0.58;0.88;0.14;0.19;0.46;0.4;0.109;37.1;3.39;1.7;0.99;0.19;0.6;3.03;130.3;119;4;1.2;6.1;0.19;0.13;0.03;0.05
10;0;50;50;0;16.05;2.51;7.17;1.52;1.49;0.145;69.3;10.26;5.16;3;0.51;1.71;3.96;226.6;190.1;25.2;3.4;7.9;0.56;0.61;0.14;0.18;0.47;0.47;0.101;30.7;4.48;2.08;1.46;0.24;0.8;3.21;100.1;89.3;2.8;1.6;6.4;0.3;0.06;0.04;0.06
10;0;50;50;50;16.43;3;8.55;1.77;1.74;0.154;68.1;11.32;5.76;3.38;0.52;1.88;4.56;222.8;184.7;25.2;3.8;9.1;0.55;0.86;0.14;0.19;0.64;0.66;0.106;31.9;6.09;2.9;1.9;0.33;1.13;3.99;104.2;91.3;2.6;2.3;8;0.41;0.09;0.07;0.09
10;0;50;50;100;16.18;3.33;9.69;2.03;2.08;0.171;67.9;12.18;6.22;3.42;0.65;1.93;5.23;230.5;180.1;36.1;3.9;10.5;0.53;1.19;0.15;0.2;0.9;0.87;0.108;32.1;8.03;3.86;2.45;0.41;1.4;4.46;108.7;93.1;3.9;2.8;8.9;0.55;0.12;0.09;0.12
10;0;50;100;0;18.44;2.95;8.53;1.67;1.67;0.142;75.5;11.73;5.71;3.59;0.64;1.9;4.67;226.6;184;29.4;3.8;9.3;0.55;0.75;0.16;0.21;0.54;0.58;0.102;24.5;5.56;2.64;1.69;0.3;1.05;3.85;73.5;61.1;2.7;2.1;7.7;0.39;0.06;0.06;0.08
10;0;50;100;50;18.88;3.64;10.4;1.9;2.05;0.158;75.1;12.96;6.45;3.9;0.64;2.18;5.61;236;176.9;43.6;4.4;11.2;0.53;1.13;0.17;0.22;0.87;0.87;0.105;24.9;8.23;3.9;2.58;0.42;1.47;4.79;77.9;62.9;2.5;2.9;9.6;0.58;0.08;0.09;0.12
10;0;50;100;100;18.88;4.01;11.75;2.41;2.34;0.169;73.8;13.8;6.98;4.04;0.73;2.16;6.41;231.7;171.9;42.6;4.3;12.8;0.51;1.43;0.16;0.24;1.12;1.11;0.106;26.2;10.35;4.96;3.15;0.53;1.85;5.34;82.1;64.2;3.6;3.7;10.7;0.74;0.11;0.11;0.15
10;0;100;0;0;13.96;2.33;6.64;1.62;1.65;0.149;64.2;11.07;5.49;3.29;0.59;1.83;3.64;232;187.6;33.5;3.7;7.3;0.56;0.75;0.15;0.19;0.28;0.3;0.096;35.8;2.78;1.32;0.87;0.16;0.5;3.01;129.4;120.6;1.8;1;6;0.18;0.05;0.03;0.04
10;0;100;0;50;13.49;2.44;6.94;2.05;1.95;0.166;63.6;11.79;6.06;3.44;0.57;1.88;3.74;228.8;185.4;32.1;3.8;7.5;0.59;1.03;0.14;0.2;0.33;0.34;0.104;36.4;2.99;1.45;0.89;0.16;0.56;3.2;130.9;121.7;1.7;1.1;6.4;0.19;0.07;0.03;0.04
10;0;100;0;100;13.04;2.55;7.29;2.19;2.23;0.183;63;12.21;6.31;3.48;0.6;1.96;3.96;226.1;183.9;30.4;3.9;7.9;0.58;1.3;0.15;0.21;0.41;0.41;0.111;37;3.4;1.63;1.07;0.17;0.59;3.33;132.9;122.5;2.6;1.2;6.7;0.21;0.11;0.04;0.05
10;0;100;50;0;16.45;2.86;8.22;1.85;1.92;0.152;69.1;12.59;6.19;3.75;0.66;2.06;4.4;232.7;180.4;39.4;4.1;8.8;0.55;1;0.16;0.21;0.47;0.48;0.102;30.9;4.48;2.15;1.36;0.22;0.8;3.82;104;93;1.8;1.6;7.6;0.31;0.05;0.05;0.06
10;0;100;50;50;16.24;3.32;9.37;2.31;2.22;0.164;68;13.51;6.94;3.91;0.65;2.19;5.12;228.4;175.6;38.2;4.4;10.2;0.55;1.26;0.17;0.23;0.68;0.66;0.105;32;6.18;2.93;1.92;0.33;1.13;4.25;107.3;94.9;1.7;2.3;8.5;0.44;0.07;0.06;0.08
10;0;100;50;100;16.46;3.61;10.48;2.71;2.69;0.189;66.8;14.2;7.43;4;0.69;2.21;5.66;224.5;171.1;37.7;4.4;11.3;0.52;1.76;0.19;0.22;0.86;0.87;0.108;33.2;8;3.73;2.55;0.43;1.4;4.82;111.5;96.6;2.5;2.8;9.6;0.57;0.11;0.08;0.11
10;0;100;100;0;19.01;3.41;9.76;2.26;2.21;0.15;75.2;14.66;7.42;4.29;0.74;2.45;5.21;233.2;171.4;46.4;4.9;10.4;0.53;1.22;0.2;0.25;0.6;0.59;0.103;24.8;5.54;2.58;1.74;0.32;0.96;4.54;76.9;64.3;1.6;1.9;9.1;0.4;0.05;0.06;0.08
10;0;100;100;50;19.32;4.03;11.5;2.57;2.51;0.162;73.8;15.47;7.97;4.5;0.73;2.49;6.22;228.4;165.4;45.5;5;12.4;0.5;1.54;0.19;0.28;0.84;0.89;0.105;26.2;8.4;4.01;2.6;0.45;1.54;5.28;81;65.8;1.5;3.1;10.6;0.61;0.06;0.08;0.13
10;0;100;100;100;19.59;4.56;12.96;3.19;3.15;0.189;72.1;16.68;8.7;4.68;0.85;2.61;7.01;222.4;158.4;44.7;5.2;14;0.49;2.18;0.21;0.28;1.12;1.14;0.106;27.9;10.64;5.05;3.35;0.6;1.95;5.95;85.6;67.6;2.2;3.9;11.9;0.78;0.09;0.12;0.15
10;50;0;0;0;15.6;2.36;6.75;1.8;1.73;0.16;59.6;10.81;5.47;3.12;0.56;1.75;3.66;185.4;153.9;20.7;3.5;7.3;1.07;0.35;0.14;0.18;0.33;0.37;0.099;40.4;3.45;1.58;1.1;0.19;0.61;3.08;125.8;111.7;6.8;1.2;6.2;0.17;0.11;0.04;0.05
10;50;0;0;50;15.27;2.51;7.23;1.91;1.83;0.162;59.4;11.29;5.72;3.24;0.61;1.81;3.95;185;153.9;19.6;3.6;7.9;1.07;0.42;0.14;0.19;0.45;0.44;0.106;40.6;4;1.91;1.23;0.24;0.7;3.28;126.4;111.7;6.7;1.4;6.6;0.17;0.17;0.05;0.06
10;50;0;0;100;15;2.71;7.9;2.04;1.98;0.167;58.5;11.84;5.96;3.5;0.6;1.88;4.26;184.6;153.6;18.7;3.8;8.5;1.07;0.57;0.14;0.19;0.53;0.55;0.116;41.5;4.66;2.23;1.41;0.27;0.83;3.63;130.9;111.9;10.1;1.7;7.3;0.19;0.25;0.05;0.06
10;50;0;50;0;17.65;2.81;8;1.77;1.81;0.157;64.9;11.5;5.8;3.39;0.55;1.92;4.28;187.2;150.7;24.1;3.8;8.6;1.04;0.41;0.15;0.2;0.51;0.53;0.102;35.1;5.05;2.34;1.63;0.28;0.89;3.72;101.2;85.2;6.7;1.8;7.4;0.29;0.11;0.05;0.08
10;50;0;50;50;17.68;3.15;9.11;1.97;1.91;0.157;64.3;12.12;6.04;3.64;0.61;1.93;4.96;186.3;149.2;23.4;3.9;9.9;1.03;0.53;0.14;0.2;0.72;0.72;0.106;35.7;6.74;3.27;2;0.35;1.22;4.15;103.3;86;6.6;2.4;8.3;0.39;0.16;0.08;0.09
10;50;0;50;100;17.67;3.72;10.57;2.17;2.18;0.168;62.9;12.95;6.57;3.85;0.61;2.06;5.75;185.7;147.7;22.4;4.1;11.5;1.03;0.76;0.16;0.22;1.03;1;0.111;37.1;8.93;4.36;2.68;0.5;1.65;4.83;109.6;86.8;9.9;3.3;9.7;0.52;0.25;0.1;0.12
10;50;0;100;0;19.75;3.2;8.87;1.86;1.89;0.154;71.9;12.27;6.21;3.7;0.64;2.09;4.85;190.4;148.8;27.7;4.2;9.7;1.04;0.48;0.16;0.21;0.61;0.63;0.103;28.1;5.95;2.82;1.86;0.29;1.11;4.02;74.3;57.5;6.6;2.2;8;0.36;0.12;0.07;0.08
10;50;0;100;50;20.06;3.77;10.79;2.09;2.05;0.154;70.5;13.32;6.64;3.96;0.64;2.17;5.84;187.8;144.4;27.4;4.3;11.7;1.02;0.64;0.16;0.23;0.88;0.93;0.105;29.5;8.72;4.06;2.75;0.53;1.6;4.95;78.4;58.9;6.4;3.2;9.9;0.54;0.16;0.1;0.13
10;50;0;100;100;19.99;4.13;12.12;2.37;2.32;0.165;68.6;14.04;7.09;4.09;0.73;2.19;6.46;184.8;140.8;26.8;4.4;12.9;0.98;0.93;0.17;0.24;1.13;1.17;0.108;31.4;10.72;5.1;3.36;0.6;1.93;5.67;84.3;60.2;8.9;3.9;11.3;0.68;0.22;0.11;0.15
10;50;50;0;0;15.62;2.94;8.41;2.28;2.32;0.164;59.4;14.16;7.1;4.16;0.73;2.29;4.53;186.7;152.4;20.6;4.6;9.1;1.43;0.49;0.18;0.23;0.41;0.39;0.102;40.6;3.56;1.72;1.07;0.18;0.65;3.88;127.5;112.7;5.8;1.3;7.8;0.17;0.13;0.04;0.05
10;50;50;0;50;15.37;3.16;8.9;2.59;2.52;0.169;58.9;14.94;7.71;4.32;0.73;2.41;4.78;185.3;150.9;20;4.8;9.6;1.41;0.67;0.19;0.24;0.45;0.47;0.113;41.1;4.02;1.92;1.27;0.21;0.75;4.11;129.2;113.7;5.8;1.5;8.2;0.18;0.2;0.04;0.06
10;50;50;0;100;14.93;3.18;9.19;2.8;2.67;0.174;58.1;15.3;7.89;4.36;0.76;2.4;4.93;183.9;150.3;19;4.8;9.9;1.39;0.84;0.18;0.26;0.61;0.58;0.123;41.9;4.55;2.18;1.43;0.24;0.79;4.26;132.7;114.1;8.5;1.6;8.5;0.19;0.28;0.05;0.07
10;50;50;50;0;18.06;3.41;9.82;2.5;2.48;0.16;64.4;15.55;7.87;4.59;0.8;2.52;5.33;187.6;146.8;25;5;10.7;1.4;0.62;0.19;0.27;0.52;0.53;0.104;35.6;4.91;2.32;1.54;0.27;0.89;4.48;103.4;87.2;5.5;1.8;9;0.29;0.12;0.06;0.06
10;50;50;50;50;17.82;3.76;10.89;2.71;2.65;0.165;63.6;16.06;8.19;4.72;0.85;2.51;5.89;185.6;144.9;23.9;5;11.8;1.35;0.83;0.2;0.27;0.78;0.75;0.109;36.4;6.71;3.27;2.03;0.36;1.25;5;105.9;88.2;5.3;2.5;10;0.4;0.18;0.07;0.09
10;50;50;50;100;17.8;4.18;12.03;2.98;2.92;0.176;63.5;16.58;8.49;4.78;0.79;2.59;6.56;195;142;34.7;5.2;13.1;1.3;1.14;0.2;0.28;1.06;1.02;0.113;36.5;8.95;4.26;2.75;0.43;1.59;5.47;111.9;89.7;8.1;3.2;10.9;0.54;0.27;0.1;0.12
10;50;50;100;0;20.23;3.78;10.84;2.7;2.55;0.156;70.8;16.42;8.36;4.81;0.86;2.72;5.8;187.8;142;28.9;5.4;11.6;1.31;0.76;0.21;0.28;0.6;0.64;0.104;29.2;6.04;2.81;1.92;0.33;1.06;5.04;77.4;59.8;5.4;2.1;10.1;0.37;0.12;0.06;0.09
10;50;50;100;50;20.17;4.37;12.72;2.96;2.9;0.167;71.2;17.39;8.86;5.06;0.9;2.77;6.85;200;139;41.7;5.5;13.7;1.32;1.08;0.22;0.29;0.98;0.98;0.108;28.8;9.01;4.25;2.83;0.47;1.6;5.86;80.9;60.8;5.2;3.2;11.7;0.57;0.18;0.09;0.13
10;50;50;100;100;20.38;4.8;13.87;3.25;3.15;0.175;69.5;18.04;9.23;5.33;0.88;2.86;7.45;197.1;135.4;41.1;5.7;14.9;1.26;1.37;0.22;0.3;1.24;1.24;0.111;30.5;11.03;5.21;3.43;0.61;1.94;6.42;86.3;62;7.6;3.9;12.8;0.71;0.25;0.12;0.16
10;50;100;0;0;15.98;3.49;10.13;3.07;3.03;0.166;60.2;18.29;9.29;5.37;0.91;2.9;5.49;197.5;148.3;32.5;5.8;11;1.77;0.72;0.23;0.31;0.4;0.41;0.113;39.8;3.43;1.63;1.03;0.19;0.6;4.64;130.7;115.5;4.7;1.2;9.3;0.17;0.16;0.03;0.05
10;50;100;0;50;15.49;3.63;10.3;3.33;3.24;0.175;59.2;18.53;9.56;5.39;0.9;2.96;5.57;194.6;146.6;31;5.9;11.1;1.72;0.98;0.23;0.31;0.51;0.49;0.12;40.8;3.86;1.86;1.18;0.2;0.67;4.73;134.2;116.7;6.7;1.3;9.5;0.18;0.22;0.04;0.05
10;50;100;0;100;15.14;3.75;10.76;3.7;3.55;0.185;58.6;19.15;10.02;5.4;0.93;2.98;5.79;192.4;145.5;29.4;6;11.6;1.72;1.28;0.24;0.31;0.64;0.62;0.137;41.4;4.43;2.16;1.28;0.25;0.77;4.97;135.8;117.4;6.9;1.5;9.9;0.2;0.32;0.04;0.06
10;50;100;50;0;18.11;4.16;11.4;3.26;3.21;0.167;65.3;19.27;9.96;5.54;0.97;3.21;6.2;199.6;142.7;38;6.4;12.4;1.69;0.94;0.25;0.32;0.56;0.57;0.112;34.7;5.04;2.44;1.57;0.26;0.95;5.2;106.1;89.3;4.5;1.9;10.4;0.3;0.15;0.06;0.07
10;50;100;50;50;18.03;4.47;12.63;3.52;3.45;0.173;63.7;19.94;10.18;5.72;0.99;3.21;6.77;196.1;139.5;36.6;6.4;13.5;1.65;1.22;0.25;0.32;0.8;0.81;0.115;36.3;6.97;3.37;2.12;0.35;1.25;5.87;111.7;90.9;6.6;2.5;11.7;0.42;0.22;0.07;0.1
10;50;100;50;100;18.21;4.88;14.01;3.97;3.94;0.189;62.8;20.85;10.89;5.94;1.04;3.24;7.54;194.3;136.6;36.1;6.5;15.1;1.65;1.7;0.25;0.34;1.05;1.08;0.12;37.2;8.97;4.28;2.79;0.48;1.64;6.46;115.1;92.4;6.5;3.3;12.9;0.55;0.3;0.1;0.13
10;50;100;100;0;20.47;4.43;12.75;3.46;3.4;0.164;71.5;20.81;10.59;6.16;1.06;3.39;6.87;201.1;136.3;44.3;6.8;13.7;1.62;1.15;0.27;0.36;0.66;0.67;0.108;28.5;6.11;2.83;1.93;0.32;1.04;5.88;79.8;61.7;4.3;2.1;11.8;0.39;0.14;0.06;0.09
10;50;100;100;50;21.07;5.05;14.52;3.66;3.68;0.17;69.5;21.6;10.98;6.26;1.1;3.47;7.74;197.3;130.6;44.3;6.9;15.5;1.52;1.52;0.26;0.37;0.96;1;0.111;30.5;8.88;4.21;2.79;0.47;1.58;6.78;86.6;63.7;6.2;3.2;13.6;0.58;0.19;0.1;0.13
10;50;100;100;100;20.98;5.39;15.98;4.21;4.24;0.189;68.7;22.45;11.65;6.44;1.1;3.45;8.69;195.6;128.2;43;6.9;17.4;1.53;2.08;0.27;0.37;1.22;1.28;0.115;31.3;11.08;5.24;3.51;0.61;1.95;7.29;88.9;64.4;5.9;3.9;14.6;0.73;0.28;0.11;0.16
10;100;0;0;0;17.55;2.96;8.48;2.22;2.27;0.166;52;13.65;6.96;3.97;0.68;2.2;4.72;139.1;104.9;20.3;4.4;9.4;1.51;0.35;0.17;0.24;0.44;0.43;0.101;48;4.09;1.97;1.25;0.22;0.76;3.76;128.4;109.3;10;1.5;7.5;0.17;0.17;0.04;0.06
10;100;0;0;50;17.14;3.11;8.92;2.3;2.33;0.167;51.9;13.94;7.03;4.08;0.71;2.21;4.82;138.8;105.4;19.3;4.4;9.6;1.5;0.42;0.17;0.23;0.58;0.55;0.108;48.1;4.89;2.36;1.45;0.29;0.89;4.11;128.7;108.8;9.9;1.8;8.2;0.17;0.26;0.06;0.07
10;100;0;0;100;16.88;3.28;9.61;2.5;2.49;0.172;51;14.49;7.43;4.18;0.72;2.26;5.19;139.2;106.3;18.1;4.5;10.4;1.53;0.54;0.18;0.25;0.73;0.71;0.121;49;5.77;2.81;1.75;0.33;1.02;4.42;133.9;107.9;15.1;2;8.8;0.18;0.4;0.06;0.08
10;100;0;50;0;19.47;3.19;9.36;2.35;2.28;0.163;57.6;13.94;7;4.19;0.7;2.18;4.98;141.1;102.9;23.9;4.4;10;1.47;0.4;0.17;0.24;0.58;0.59;0.104;42.4;5.57;2.63;1.76;0.3;1.01;4.38;103.9;83.4;9.7;2;8.8;0.28;0.17;0.06;0.08
10;100;0;50;50;19.38;3.73;10.55;2.48;2.37;0.164;57;14.48;7.42;4.25;0.68;2.37;5.67;140.9;102.1;22.8;4.7;11.3;1.44;0.51;0.18;0.24;0.86;0.82;0.107;43;7.6;3.63;2.32;0.42;1.36;4.88;106.2;84;9.7;2.7;9.8;0.39;0.25;0.08;0.1
10;100;0;50;100;19.24;4.19;12.05;2.69;2.63;0.172;55.5;15.31;7.85;4.43;0.72;2.43;6.52;141.2;101.5;21.8;4.9;13;1.44;0.75;0.19;0.25;1.1;1.12;0.114;44.5;9.8;4.72;2.95;0.53;1.76;5.54;113.4;84.4;14.4;3.5;11.1;0.5;0.38;0.11;0.14
10;100;0;100;0;21.23;3.54;10.16;2.38;2.37;0.161;65;14.74;7.51;4.36;0.72;2.4;5.46;144;101.1;27.1;4.8;10.9;1.46;0.47;0.2;0.25;0.7;0.68;0.103;35;6.41;3.05;1.97;0.35;1.14;4.7;77.6;56.5;9.4;2.3;9.4;0.35;0.16;0.07;0.1
10;100;0;100;50;21.45;4.13;12.08;2.61;2.49;0.161;64;15.53;7.89;4.53;0.81;2.51;6.52;144.1;99.4;26.7;5;13;1.44;0.61;0.19;0.26;0.97;1;0.106;36;9.29;4.35;2.97;0.53;1.61;5.56;80.9;57.4;9.2;3.2;11.1;0.53;0.23;0.1;0.14
10;100;0;100;100;21.81;4.74;13.63;2.77;2.83;0.169;61.9;16.74;8.41;4.93;0.88;2.68;7.36;143.9;97.6;26.2;5.4;14.7;1.4;0.94;0.21;0.28;1.31;1.28;0.111;38.1;11.41;5.54;3.46;0.59;2.06;6.27;88.7;58.3;13.7;4.1;12.5;0.64;0.36;0.12;0.16
10;100;50;0;0;17.64;3.79;10.66;3.16;3.16;0.171;52.3;18.51;9.5;5.35;0.9;3.05;5.67;142.5;104.6;20.4;6.1;11.3;2.14;0.48;0.23;0.31;0.48;0.47;0.106;47.7;4.23;2.02;1.31;0.23;0.73;4.99;130.1;109.7;9;1.5;10;0.16;0.21;0.04;0.06
10;100;50;0;50;17.33;4.07;11.34;3.41;3.36;0.174;51.1;19.39;9.93;5.47;1.05;3.16;6.02;141.9;104.2;19.3;6.3;12;2.15;0.66;0.25;0.32;0.65;0.65;0.124;48.9;5.08;2.49;1.56;0.26;0.91;5.33;135.7;110;13.2;1.8;10.7;0.17;0.34;0.05;0.07
10;100;50;0;100;16.86;4.11;11.97;3.61;3.55;0.178;51.3;19.88;10.25;5.71;0.99;3.06;6.5;142.6;105.3;18.2;6.1;13;2.17;0.8;0.25;0.33;0.84;0.79;0.132;48.7;5.88;2.98;1.74;0.3;1.05;5.47;135.3;108.9;13.3;2.1;10.9;0.18;0.46;0.06;0.09
10;100;50;50;0;19.59;4.1;11.83;3.31;3.26;0.168;57.8;19.5;9.91;5.61;0.95;3.08;6.42;144.6;101.8;23.8;6.2;12.8;2.11;0.58;0.25;0.32;0.63;0.61;0.107;42.2;5.62;2.69;1.74;0.31;1.02;5.4;105.7;84.2;8.7;2;10.8;0.28;0.2;0.06;0.08
10;100;50;50;50;19.65;4.61;13.46;3.53;3.49;0.171;56.2;20.46;10.41;5.94;1.06;3.21;7.39;144.8;100.3;23.3;6.4;14.8;2.08;0.82;0.24;0.35;0.93;0.9;0.116;43.8;7.67;3.69;2.42;0.39;1.4;6.07;112.7;85.4;12.4;2.8;12.1;0.4;0.32;0.08;0.1
10;100;50;50;100;19.7;5.07;14.53;3.79;3.75;0.179;57.2;20.95;10.89;6.02;1.08;3.31;7.78;155.1;99;34;6.6;15.6;2.03;1.11;0.26;0.35;1.15;1.18;0.119;42.8;9.79;4.72;3.02;0.52;1.76;6.75;115.9;86.4;12.5;3.5;13.5;0.51;0.43;0.11;0.14
10;100;50;100;0;21.78;4.44;12.88;3.4;3.34;0.163;64.4;20.47;10.44;5.93;1.02;3.28;6.82;146.4;98.2;28;6.6;13.6;2.03;0.73;0.25;0.34;0.71;0.71;0.106;35.6;6.55;3.08;2.06;0.37;1.17;6.05;80.7;58;8.3;2.3;12.1;0.36;0.19;0.07;0.09
10;100;50;100;50;22;5.23;14.7;3.71;3.68;0.171;64.4;21.49;11.01;6.23;1.05;3.5;7.94;159.7;95.8;41;7;15.9;1.97;1.08;0.27;0.35;1.11;1.1;0.113;35.6;9.65;4.57;3.03;0.53;1.73;6.76;88.4;59.2;12.2;3.5;13.5;0.55;0.31;0.1;0.14
10;100;50;100;100;22.11;5.64;16.18;3.98;3.93;0.178;63.5;22.12;11.41;6.35;1.15;3.52;8.67;158.9;94.4;40.1;7;17.3;1.93;1.35;0.28;0.37;1.36;1.38;0.116;36.5;11.81;5.72;3.64;0.61;2.12;7.51;91.4;59.9;12.2;4.2;15;0.67;0.42;0.12;0.17
10;100;100;0;0;17.62;4.4;12.47;3.95;3.86;0.172;53.8;22.55;11.59;6.53;1.12;3.62;6.74;154;102.6;30.7;7.2;13.5;2.51;0.69;0.29;0.38;0.54;0.54;0.12;46.2;4.35;2.12;1.32;0.23;0.78;5.73;132.5;111.6;7.8;1.6;11.5;0.17;0.27;0.04;0.06
10;100;100;0;50;17.52;4.47;12.91;4.23;4.08;0.178;52.7;22.89;11.91;6.52;1.1;3.6;6.94;153.3;102.5;29.6;7.2;13.9;2.48;0.94;0.28;0.38;0.72;0.71;0.134;47.3;5.17;2.46;1.63;0.26;0.86;5.97;137.3;111.7;11.9;1.7;11.9;0.18;0.4;0.06;0.07
10;100;100;0;100;16.73;4.58;13.34;4.43;4.35;0.186;52.8;23.38;12.14;6.65;1.18;3.61;7.28;152.6;103.3;27.6;7.2;14.6;2.52;1.19;0.28;0.38;0.85;0.87;0.151;47.2;5.67;2.82;1.62;0.3;0.96;6.07;136.6;111;11.5;1.9;12.1;0.18;0.56;0.06;0.07
10;100;100;50;0;19.73;4.86;13.61;4.09;4.01;0.171;59.1;23.51;11.98;6.74;1.27;3.78;7.38;157.4;98.4;36.7;7.6;14.8;2.38;0.94;0.29;0.4;0.67;0.68;0.117;40.9;5.76;2.78;1.72;0.31;1.08;6.23;108.9;86.8;7.4;2.2;12.5;0.28;0.26;0.07;0.08
10;100;100;50;50;19.84;5.28;14.97;4.33;4.25;0.176;57.7;24.12;12.42;6.96;1.23;3.86;8.11;157.2;97.7;35.6;7.7;16.2;2.37;1.17;0.3;0.4;0.92;0.97;0.122;42.3;7.85;3.78;2.44;0.41;1.42;6.87;115.2;87.4;11.2;2.8;13.7;0.4;0.38;0.08;0.11
10;100;100;50;100;19.83;5.71;16.18;4.61;4.65;0.189;57;24.62;12.77;7.08;1.2;3.89;8.74;156.3;96.8;34.2;7.8;17.5;2.34;1.6;0.29;0.41;1.32;1.32;0.13;43;10.05;4.93;3.01;0.5;1.82;7.43;117.9;88;11.4;3.6;14.9;0.52;0.55;0.11;0.14
10;100;100;100;0;22.5;5.22;14.76;4.3;4.17;0.168;66.1;24.87;12.82;7.12;1.26;3.98;8.04;162.2;94.3;43.8;8;16.1;2.29;1.14;0.31;0.43;0.79;0.78;0.114;33.9;6.76;3.22;2.05;0.35;1.24;6.71;83.2;60;7.3;2.5;13.4;0.37;0.25;0.07;0.09
10;100;100;100;50;22.44;5.81;16.6;4.51;4.43;0.174;64;25.45;13.09;7.27;1.25;4.04;8.98;160.8;92.4;42.3;8.1;18;2.25;1.44;0.31;0.42;1.13;1.15;0.117;36;9.76;4.66;3.02;0.53;1.76;7.63;90.2;60.9;10.5;3.5;15.3;0.56;0.35;0.1;0.14
10;100;100;100;100;22.23;6.17;17.92;4.92;4.95;0.189;63.3;26.19;13.51;7.57;1.31;4.04;9.82;159.6;90.8;41.1;8.1;19.6;2.21;1.99;0.32;0.43;1.44;1.48;0.123;36.7;11.96;5.8;3.72;0.61;2.13;8.1;92.3;61.8;10.1;4.3;16.2;0.7;0.48;0.13;0.17
11;0;0;0;0;14.01;1.88;5.32;1.25;1.26;0.152;66.6;8.27;4.15;2.44;0.43;1.42;2.85;235;204.2;22.2;2.8;5.7;0.64;0.37;0.11;0.14;0.29;0.26;0.086;33.4;2.71;1.27;0.83;0.16;0.46;2.47;117.7;108.9;2.9;0.9;4.9;0.15;0.05;0.03;0.04
11;0;0;0;50;13.68;1.99;5.51;1.38;1.33;0.154;66;8.61;4.38;2.47;0.41;1.42;2.94;232.1;202.2;21.1;2.8;5.9;0.61;0.46;0.11;0.14;0.31;0.31;0.09;34;3.03;1.47;0.95;0.17;0.57;2.57;119.2;109.9;3;1.1;5.1;0.16;0.07;0.03;0.04
11;0;0;0;100;13.33;2.1;6.09;1.47;1.5;0.161;65.5;9.27;4.61;2.77;0.5;1.49;3.35;231.3;201.4;20.2;3;6.7;0.61;0.61;0.12;0.16;0.35;0.35;0.097;34.5;3.38;1.59;1.1;0.15;0.61;2.74;121.5;110.3;4.5;1.2;5.5;0.17;0.1;0.04;0.04
11;0;0;50;0;16.3;2.17;6.43;1.35;1.31;0.148;71.5;8.91;4.38;2.7;0.46;1.41;3.47;235.1;199.4;25.9;2.8;6.9;0.61;0.44;0.11;0.16;0.36;0.4;0.092;28.5;4.15;1.9;1.36;0.23;0.77;2.96;93.7;83.3;2.9;1.5;5.9;0.25;0.05;0.05;0.06
11;0;0;50;50;16.16;2.57;7.55;1.46;1.43;0.15;70.9;9.5;4.66;2.89;0.51;1.52;4.13;233.8;197.5;25;3;8.3;0.61;0.54;0.12;0.16;0.54;0.57;0.096;29.1;5.78;2.73;1.81;0.32;1.05;3.42;95.8;84;2.9;2.1;6.8;0.35;0.07;0.07;0.09
11;0;0;50;100;16.22;3.12;8.83;1.69;1.69;0.164;69.6;10.29;5.21;3.06;0.51;1.73;4.81;230.4;193;24.3;3.5;9.6;0.58;0.81;0.13;0.17;0.73;0.75;0.097;30.4;7.64;3.57;2.39;0.43;1.39;4.01;100.6;85.6;4.3;2.8;8;0.46;0.1;0.08;0.11
11;0;0;100;0;18.21;2.51;7.39;1.38;1.41;0.144;77.6;9.77;4.81;2.96;0.52;1.63;4;235.9;195.4;29.2;3.3;8;0.6;0.51;0.12;0.17;0.47;0.48;0.092;22.4;5.08;2.22;1.7;0.26;0.88;3.4;68;56.6;2.9;1.8;6.8;0.32;0.04;0.05;0.06
11;0;0;100;50;18.71;3.1;9.12;1.59;1.59;0.146;76.4;10.91;5.39;3.24;0.54;1.73;4.97;232.5;190;29.2;3.5;9.9;0.59;0.68;0.13;0.19;0.69;0.72;0.095;23.6;7.44;3.44;2.41;0.37;1.37;4.15;71.7;57.8;2.8;2.7;8.3;0.47;0.07;0.08;0.1
11;0;0;100;100;18.58;3.7;10.55;1.99;1.91;0.161;74.9;11.83;5.99;3.47;0.61;1.88;5.73;228.1;184.6;28.3;3.8;11.5;0.55;1;0.15;0.21;0.96;0.94;0.097;25.1;9.65;4.6;2.97;0.57;1.81;4.83;76.4;59.1;4;3.6;9.7;0.6;0.09;0.1;0.15
11;0;50;0;0;13.91;2.06;5.79;1.44;1.45;0.151;65.6;9.56;4.82;2.77;0.46;1.59;3.09;229.9;198;22.5;3.2;6.2;0.62;0.54;0.13;0.16;0.27;0.26;0.086;34.4;2.62;1.22;0.82;0.13;0.47;2.7;120.3;111.9;2;0.9;5.4;0.15;0.04;0.03;0.04
11;0;50;0;50;13.65;2.12;6.25;1.74;1.64;0.159;65.2;10.26;5.19;3.03;0.47;1.6;3.44;227.7;195.9;21.7;3.2;6.9;0.61;0.72;0.13;0.18;0.31;0.3;0.093;34.8;2.96;1.36;0.96;0.18;0.52;2.82;121.6;112.9;2.1;1;5.6;0.16;0.07;0.03;0.04
11;0;50;0;100;13.24;2.3;6.68;1.92;1.84;0.17;64.4;10.88;5.57;3.19;0.53;1.73;3.58;225.2;193.8;20.8;3.5;7.2;0.61;0.92;0.14;0.18;0.34;0.36;0.1;35.6;3.28;1.5;1.02;0.21;0.57;3.1;124.3;113.9;3.1;1.1;6.2;0.17;0.1;0.04;0.05
11;0;50;50;0;16.07;2.44;7.21;1.57;1.55;0.148;70.6;10.5;5.21;3.13;0.5;1.68;3.85;230.2;193.2;26;3.4;7.7;0.6;0.64;0.13;0.18;0.41;0.41;0.092;29.4;4.25;1.94;1.37;0.23;0.76;3.35;95.6;85.5;1.9;1.5;6.7;0.26;0.04;0.05;0.06
11;0;50;50;50;16.36;3;8.63;1.79;1.85;0.156;69.4;11.84;5.88;3.56;0.6;1.94;4.7;226.1;187;25.9;3.9;9.4;0.58;0.9;0.15;0.21;0.57;0.57;0.096;30.6;5.8;2.74;1.8;0.29;1.06;3.92;99.5;87.7;1.9;2.1;7.8;0.36;0.06;0.06;0.08
11;0;50;50;100;16.27;3.39;9.65;2.23;2.16;0.173;69.5;12.48;6.46;3.57;0.6;1.98;5.3;235.7;183.7;37.5;4;10.6;0.59;1.21;0.16;0.21;0.76;0.76;0.099;30.5;7.61;3.57;2.4;0.41;1.41;4.34;103.3;88.9;2.9;2.8;8.7;0.48;0.09;0.09;0.1
11;0;50;100;0;18.75;2.85;8.41;1.83;1.75;0.144;76.5;12.2;6.03;3.66;0.69;1.94;4.5;229.6;186;30.8;3.9;9;0.59;0.8;0.16;0.21;0.49;0.49;0.094;23.5;5.04;2.41;1.55;0.27;0.92;3.91;70.4;58.8;1.9;1.8;7.8;0.32;0.04;0.06;0.07
11;0;50;100;50;18.98;3.55;10.24;2.11;2.16;0.16;76.4;13.52;6.82;3.99;0.61;2.21;5.63;240.7;179.5;45.6;4.4;11.3;0.58;1.18;0.17;0.24;0.73;0.73;0.095;23.6;7.54;3.51;2.38;0.4;1.34;4.61;74;60.3;1.7;2.7;9.2;0.49;0.06;0.08;0.11
11;0;50;100;100;19.14;4.11;11.58;2.42;2.44;0.171;75.1;14.24;7.3;4.15;0.7;2.31;6.33;236;174.4;44.3;4.6;12.7;0.54;1.48;0.18;0.24;0.99;0.96;0.097;24.9;9.76;4.62;3.04;0.51;1.8;5.25;78.2;61.5;2.6;3.6;10.5;0.63;0.08;0.11;0.13
11;0;100;0;0;14.28;2.35;6.7;1.75;1.72;0.151;65.6;11.33;5.66;3.29;0.61;1.89;3.62;236.8;191.2;34.6;3.8;7.2;0.59;0.78;0.15;0.19;0.28;0.27;0.088;34.4;2.72;1.23;0.89;0.15;0.46;3.08;123.9;115.1;1.7;0.9;6.2;0.16;0.05;0.03;0.04
11;0;100;0;50;14;2.44;7.01;2.02;2;0.168;65;11.94;6.11;3.42;0.6;1.88;3.85;233.6;188.8;33.4;3.8;7.7;0.57;1.06;0.16;0.21;0.3;0.31;0.098;35;2.94;1.41;0.93;0.14;0.56;3.16;125.6;116.3;1.9;1.1;6.3;0.16;0.08;0.03;0.04
11;0;100;0;100;13.7;2.54;7.32;2.4;2.36;0.186;64.2;12.75;6.58;3.6;0.64;2;3.96;230.2;185.8;32.4;4;7.9;0.6;1.4;0.16;0.2;0.42;0.37;0.104;35.8;3.29;1.58;1.02;0.17;0.54;3.36;128;117.7;2.5;1.1;6.7;0.18;0.11;0.03;0.05
11;0;100;50;0;17.07;2.94;8.37;2;2.03;0.154;70.4;13.12;6.57;3.89;0.63;2.22;4.55;238;183;41.5;4.4;9.1;0.58;1.05;0.17;0.22;0.42;0.41;0.094;29.6;4.23;1.93;1.4;0.24;0.72;3.81;99.9;89.1;1.7;1.4;7.6;0.26;0.05;0.04;0.06
11;0;100;50;50;16.9;3.37;9.49;2.37;2.3;0.166;69.3;13.9;7.08;4.04;0.71;2.32;5.14;233.4;178.5;40;4.6;10.3;0.56;1.33;0.18;0.23;0.67;0.61;0.098;30.7;6.05;2.92;1.87;0.32;1.05;4.35;103.2;90.7;1.7;2.1;8.7;0.38;0.08;0.06;0.09
11;0;100;50;100;17;3.67;10.71;2.8;2.8;0.191;68;14.64;7.68;4.2;0.67;2.27;5.73;228.9;173.8;39.1;4.5;11.5;0.56;1.83;0.18;0.23;0.79;0.8;0.1;32;7.9;3.73;2.46;0.42;1.41;4.98;107.7;92.4;2.5;2.8;10;0.5;0.11;0.08;0.12
11;0;100;100;0;19.54;3.32;9.71;2.26;2.25;0.152;76.4;14.84;7.32;4.43;0.79;2.35;5.27;238.8;175.5;48.1;4.7;10.5;0.55;1.26;0.19;0.25;0.56;0.52;0.095;23.6;5.27;2.48;1.69;0.27;0.97;4.44;73.7;61.3;1.6;1.9;8.9;0.33;0.05;0.06;0.08
11;0;100;100;50;19.78;4;11.47;2.69;2.63;0.164;74.9;16.04;8.14;4.64;0.81;2.5;6.24;233.2;168.4;47.3;5;12.5;0.54;1.62;0.2;0.28;0.75;0.78;0.097;25.1;7.92;3.75;2.45;0.41;1.5;5.23;77.9;62.9;1.5;3;10.5;0.51;0.07;0.09;0.11
11;0;100;100;100;20.31;4.49;12.94;3.31;3.29;0.191;73.4;17.26;9.02;4.83;0.85;2.66;7.08;227.6;161.1;47;5.3;14.2;0.5;2.29;0.21;0.29;0.96;1;0.099;26.6;10.01;4.65;3.18;0.54;1.83;5.86;82.4;64.7;2.4;3.7;11.7;0.65;0.1;0.11;0.14
11;50;0;0;0;15.55;2.38;6.75;1.9;1.85;0.165;61.2;11.24;5.7;3.25;0.59;1.81;3.71;189.3;156.7;21.6;3.6;7.4;1.15;0.37;0.14;0.2;0.34;0.31;0.092;38.8;3.15;1.47;0.99;0.17;0.57;3.04;119.8;106.7;5.9;1.1;6.1;0.14;0.1;0.03;0.05
11;50;0;0;50;15.21;2.54;7.31;2.08;1.95;0.167;61;11.68;6.02;3.38;0.56;1.85;3.95;188.8;156.8;20.4;3.7;7.9;1.16;0.44;0.15;0.19;0.39;0.4;0.098;39;3.81;1.76;1.18;0.23;0.69;3.36;120.8;106.7;6;1.4;6.7;0.16;0.15;0.04;0.05
11;50;0;0;100;14.94;2.72;7.63;2.12;2.08;0.172;60;12.12;6.21;3.46;0.59;1.92;4.13;187.5;155.9;19.5;3.8;8.3;1.14;0.57;0.15;0.21;0.51;0.49;0.109;40;4.31;2.04;1.37;0.23;0.8;3.49;124.9;107.3;9.1;1.6;7;0.16;0.23;0.04;0.06
11;50;0;50;0;18.02;2.78;8.15;2;1.96;0.161;66.5;12.16;6.16;3.59;0.65;1.96;4.4;191.6;153.3;25.5;3.9;8.8;1.15;0.44;0.15;0.22;0.44;0.45;0.095;33.5;4.61;2.14;1.46;0.25;0.82;3.75;96.6;81.6;5.9;1.6;7.5;0.24;0.1;0.05;0.07
11;50;0;50;50;17.7;3.17;9.17;2.08;2.03;0.162;65.8;12.54;6.33;3.68;0.63;2.02;4.94;190.2;151.9;24.4;4;9.9;1.12;0.54;0.16;0.21;0.63;0.64;0.098;34.2;6.38;3.01;2.02;0.31;1.15;4.23;98.8;82.3;5.8;2.3;8.5;0.34;0.14;0.06;0.09
11;50;0;50;100;17.58;3.65;10.34;2.25;2.29;0.172;64.5;13.26;6.76;3.85;0.71;2.11;5.7;189.3;150.3;23.4;4.2;11.4;1.1;0.77;0.18;0.23;0.89;0.88;0.103;35.5;8.41;3.94;2.6;0.48;1.54;4.64;103.9;83;8.5;3.1;9.3;0.45;0.22;0.09;0.12
11;50;0;100;0;19.81;3.1;8.81;1.98;2;0.158;73.2;12.65;6.35;3.77;0.63;2.09;4.81;193.5;150.9;28.8;4.2;9.6;1.12;0.5;0.16;0.22;0.57;0.53;0.095;26.8;5.46;2.61;1.71;0.28;1.02;4;70.9;55.2;5.7;2;8;0.3;0.1;0.06;0.07
11;50;0;100;50;19.87;3.75;10.56;2.19;2.14;0.158;71.9;13.55;6.87;3.95;0.7;2.26;5.7;191.1;147.1;28.2;4.5;11.4;1.08;0.65;0.18;0.23;0.8;0.81;0.098;28.1;8.22;3.83;2.58;0.45;1.49;4.86;74.6;56.4;5.5;3;9.7;0.47;0.13;0.09;0.12
11;50;0;100;100;20.26;4.2;12.05;2.45;2.48;0.169;70.2;14.65;7.51;4.23;0.75;2.38;6.59;189.5;143.8;27.7;4.8;13.2;1.07;0.97;0.19;0.25;0.99;1.03;0.101;29.8;10.14;4.75;3.21;0.53;1.82;5.46;80.3;57.4;8.3;3.6;10.9;0.57;0.21;0.11;0.14
11;50;50;0;0;15.83;2.95;8.42;2.42;2.48;0.168;60.9;14.76;7.49;4.32;0.73;2.37;4.56;190.1;154.3;22;4.7;9.1;1.5;0.53;0.19;0.25;0.34;0.34;0.097;39.1;3.28;1.54;1.01;0.17;0.59;3.86;122.2;108.3;5;1.2;7.7;0.14;0.12;0.04;0.04
11;50;50;0;50;15.37;3.16;8.79;2.67;2.65;0.173;60.4;15.34;7.9;4.37;0.73;2.49;4.81;188.6;152.7;21.3;5;9.6;1.5;0.7;0.2;0.25;0.41;0.4;0.104;39.6;3.63;1.74;1.12;0.2;0.66;3.98;123.3;109.3;4.7;1.3;8;0.15;0.16;0.04;0.05
11;50;50;0;100;15;3.29;9.34;2.92;2.88;0.179;59.7;16.06;8.31;4.61;0.77;2.54;5.12;187.8;152.7;19.8;5.1;10.2;1.52;0.89;0.21;0.26;0.52;0.52;0.117;40.3;4.3;2.07;1.33;0.23;0.76;4.23;126.7;109.3;7.4;1.5;8.5;0.17;0.25;0.04;0.06
11;50;50;50;0;17.96;3.38;9.66;2.52;2.55;0.164;66;15.54;7.89;4.55;0.77;2.51;5.27;191.2;149.9;25.7;5;10.5;1.44;0.64;0.2;0.27;0.51;0.48;0.097;34;4.77;2.3;1.46;0.25;0.87;4.38;98.5;83.2;4.8;1.7;8.8;0.25;0.11;0.05;0.07
11;50;50;50;50;17.86;3.85;11;2.85;2.83;0.169;65;16.71;8.42;4.95;0.82;2.69;6.04;189;146.6;25;5.4;12.1;1.45;0.87;0.21;0.29;0.64;0.67;0.101;35;6.5;3.06;2.06;0.32;1.17;4.97;101.6;84.8;4.6;2.3;9.9;0.35;0.16;0.07;0.09
11;50;50;50;100;18.02;4.22;12.1;3.08;3.11;0.18;65.2;17.25;8.91;4.92;0.84;2.73;6.69;199.5;144.2;36.5;5.5;13.4;1.42;1.19;0.22;0.29;0.87;0.88;0.105;34.8;8.26;3.87;2.62;0.46;1.49;5.42;106.6;85.9;6.9;3;10.8;0.46;0.22;0.09;0.11
11;50;50;100;0;20.09;3.79;10.76;2.73;2.71;0.16;72.3;16.92;8.61;5.02;0.82;2.77;5.83;191.9;145;29.7;5.5;11.7;1.43;0.77;0.22;0.3;0.54;0.55;0.097;27.7;5.56;2.56;1.8;0.3;1.02;4.92;73.5;57.1;4.5;2;9.8;0.31;0.1;0.06;0.08
11;50;50;100;50;20.57;4.41;12.44;3.09;3.06;0.17;72.4;17.96;9.23;5.17;0.86;2.92;6.72;203.5;139.9;44.3;5.8;13.4;1.38;1.14;0.22;0.31;0.89;0.83;0.1;27.6;8.22;3.87;2.62;0.43;1.5;5.71;77.5;58.7;4.4;3;11.4;0.48;0.15;0.09;0.11
11;50;50;100;100;20.81;4.84;13.9;3.41;3.36;0.178;70.8;18.89;9.78;5.36;0.91;3.02;7.55;200.8;136.4;43.2;6;15.1;1.35;1.46;0.24;0.31;1.07;1.07;0.103;29.2;10.31;4.89;3.26;0.53;1.82;6.34;82.8;59.8;6.6;3.6;12.7;0.6;0.22;0.11;0.15
11;50;100;0;0;15.93;3.58;10.15;3.2;3.2;0.171;61.7;18.8;9.53;5.5;0.96;3;5.57;201.1;150.2;33.8;6;11.1;1.88;0.76;0.24;0.32;0.36;0.35;0.103;38.3;3.11;1.5;0.97;0.14;0.57;4.58;125;110.9;3.8;1.1;9.2;0.14;0.13;0.03;0.05
11;50;100;0;50;15.34;3.63;10.6;3.42;3.45;0.18;60.9;19.19;9.73;5.75;0.89;3;5.82;198.9;149.4;31.9;6;11.6;1.87;1.02;0.23;0.32;0.46;0.43;0.111;39.1;3.63;1.75;1.11;0.2;0.64;4.77;127.8;111.4;5.6;1.3;9.5;0.16;0.18;0.04;0.05
11;50;100;0;100;14.97;3.74;10.69;3.82;3.73;0.19;60.3;19.61;10.36;5.5;0.91;3.06;5.9;196.1;147.7;30.6;6.1;11.8;1.84;1.32;0.24;0.33;0.55;0.53;0.126;39.7;3.99;1.96;1.23;0.19;0.69;4.79;128.9;112.5;5.5;1.4;9.6;0.17;0.26;0.04;0.05
11;50;100;50;0;18.15;4.13;11.57;3.42;3.4;0.171;66.6;19.95;10.22;5.74;1.02;3.21;6.36;203;144.4;39.5;6.4;12.7;1.8;1;0.25;0.34;0.53;0.5;0.102;33.4;4.75;2.26;1.48;0.27;0.91;5.21;101.8;85.8;3.7;1.8;10.4;0.26;0.13;0.05;0.07
11;50;100;50;50;18.23;4.42;12.68;3.73;3.63;0.177;65.2;20.56;10.63;5.9;0.97;3.23;6.84;199.9;141;38.7;6.5;13.7;1.77;1.28;0.25;0.34;0.67;0.69;0.106;34.8;6.44;3.06;1.99;0.35;1.18;5.83;106.8;87.4;5.3;2.4;11.7;0.36;0.18;0.07;0.09
11;50;100;50;100;18.16;4.76;13.77;4.21;4.12;0.193;64.3;21.31;11.12;5.99;1.07;3.23;7.54;197.5;138.2;37.7;6.5;15.1;1.74;1.77;0.26;0.35;0.94;0.94;0.11;35.7;8.41;4.02;2.58;0.45;1.54;6.23;109.6;88.7;5.4;3.1;12.5;0.47;0.25;0.09;0.12
11;50;100;100;0;20.72;4.49;12.79;3.61;3.56;0.167;72.7;21.34;10.87;6.09;1.07;3.45;6.91;204.7;138.2;45.8;6.9;13.8;1.73;1.21;0.27;0.36;0.59;0.6;0.101;27.3;5.83;2.72;1.83;0.31;1.03;5.88;76.8;59.2;3.7;2.1;11.8;0.33;0.13;0.06;0.09
11;50;100;100;50;21.23;5.11;14.48;3.94;3.87;0.174;71;22.25;11.56;6.34;1.08;3.59;7.9;201.9;133.2;45.7;7.2;15.8;1.66;1.56;0.28;0.38;0.9;0.87;0.103;29;8.37;3.97;2.58;0.47;1.52;6.58;82.4;60.8;5.4;3;13.2;0.5;0.17;0.09;0.11
11;50;100;100;100;21.2;5.48;15.67;4.48;4.41;0.193;69.8;22.91;12.08;6.43;1.14;3.55;8.55;197.9;128.6;45.1;7.1;17.1;1.57;2.17;0.29;0.38;1.1;1.12;0.106;30.2;10.44;4.9;3.33;0.55;1.93;7.12;85.5;62.3;5.2;3.9;14.2;0.62;0.24;0.11;0.14
11;100;0;0;0;17.39;2.84;8.22;2.38;2.36;0.172;53.6;13.77;7;3.97;0.69;2.14;4.52;141.3;106.8;21.2;4.3;9;1.6;0.35;0.18;0.24;0.39;0.38;0.096;46.4;3.71;1.76;1.2;0.18;0.7;3.7;122.2;104.5;9;1.4;7.4;0.14;0.15;0.04;0.05
11;100;0;0;50;16.89;3.12;8.82;2.55;2.47;0.174;53.6;14.25;7.33;4.13;0.68;2.26;4.77;141.6;107.9;19.7;4.5;9.5;1.63;0.42;0.18;0.24;0.54;0.51;0.105;46.4;4.72;2.28;1.39;0.24;0.85;4.05;122.6;103.5;9.3;1.7;8.1;0.15;0.25;0.06;0.06
11;100;0;0;100;16.87;3.32;9.52;2.69;2.59;0.177;52.7;14.69;7.58;4.22;0.75;2.32;5.28;142.3;108;19;4.6;10.6;1.6;0.56;0.17;0.25;0.68;0.66;0.116;47.3;5.5;2.61;1.72;0.3;1;4.24;127.8;103.3;14;2;8.5;0.16;0.37;0.06;0.08
11;100;0;50;0;19.3;3.32;9.22;2.47;2.42;0.169;59.2;14.38;7.38;4.08;0.77;2.35;5.03;143.8;104.6;24.4;4.7;10.1;1.57;0.42;0.2;0.24;0.52;0.51;0.096;40.8;5.14;2.42;1.63;0.27;0.96;4.2;99;79.8;8.8;1.9;8.4;0.24;0.14;0.06;0.07
11;100;0;50;50;19.34;3.68;10.61;2.62;2.52;0.169;58.9;14.94;7.68;4.38;0.68;2.38;5.8;144.6;104.4;23.8;4.8;11.6;1.57;0.52;0.18;0.25;0.75;0.74;0.101;41.1;7.2;3.43;2.23;0.41;1.3;4.81;100.9;80;8.7;2.6;9.6;0.33;0.23;0.08;0.1
11;100;0;50;100;19.39;4.21;11.96;2.78;2.77;0.177;57.1;15.66;8.1;4.44;0.82;2.53;6.48;144.3;103.5;22.8;5.1;13;1.55;0.76;0.2;0.26;1.03;1.02;0.108;42.9;9.41;4.46;2.92;0.5;1.68;5.48;108.3;80.6;13.3;3.4;11;0.43;0.35;0.1;0.13
11;100;0;100;0;21.29;3.49;10.03;2.51;2.49;0.165;66.5;15.08;7.61;4.46;0.74;2.43;5.45;147.1;103.2;28.2;4.9;10.9;1.56;0.48;0.2;0.26;0.6;0.6;0.098;33.5;6.02;2.81;1.86;0.35;1.06;4.58;74;54;8.7;2.1;9.2;0.29;0.15;0.07;0.08
11;100;0;100;50;21.33;4.22;12.07;2.74;2.67;0.166;65.5;16.14;8.26;4.73;0.83;2.62;6.62;147;101.2;27.3;5.2;13.2;1.54;0.63;0.21;0.28;0.88;0.89;0.099;34.5;8.87;4.09;2.86;0.45;1.59;5.45;77.4;54.9;8.4;3.2;10.9;0.46;0.22;0.09;0.12
11;100;0;100;100;21.48;4.75;13.51;2.91;2.93;0.174;63.3;16.91;8.65;4.92;0.8;2.7;7.4;146.1;99.2;26.8;5.4;14.8;1.48;0.94;0.21;0.3;1.09;1.18;0.105;36.7;11.18;5.24;3.51;0.6;2.05;6.11;84.7;55.9;12.5;4.1;12.2;0.57;0.32;0.12;0.16
11;100;50;0;0;17.67;3.84;10.65;3.39;3.38;0.176;54;19.2;9.96;5.42;0.95;3.12;5.87;145.8;106.6;21.3;6.2;11.7;2.29;0.51;0.26;0.33;0.45;0.44;0.103;46;4.13;1.95;1.27;0.23;0.72;4.79;124;104.7;8.3;1.4;9.6;0.14;0.2;0.04;0.06
11;100;50;0;50;17.23;3.99;11.28;3.61;3.55;0.179;52.9;19.83;10.26;5.65;0.98;3.13;6.08;144.7;106.2;20.1;6.3;12.2;2.31;0.67;0.24;0.33;0.55;0.57;0.119;47.1;4.64;2.31;1.42;0.24;0.86;5.2;129.1;105.1;11.9;1.7;10.4;0.14;0.31;0.05;0.07
11;100;50;0;100;16.76;4.09;11.85;3.77;3.73;0.184;52.7;20.3;10.59;5.72;1;3.19;6.37;144.5;106.2;19.2;6.4;12.7;2.3;0.85;0.25;0.33;0.69;0.69;0.127;47.3;5.36;2.61;1.61;0.28;0.9;5.49;129.7;105.1;11.8;1.8;11;0.15;0.41;0.05;0.07
11;100;50;50;0;19.74;4.22;12.02;3.49;3.46;0.173;59.3;20.06;10.36;5.75;0.99;3.22;6.56;148;103.7;24.8;6.4;13.1;2.25;0.61;0.25;0.34;0.56;0.57;0.101;40.7;5.47;2.6;1.7;0.29;1;5.46;101.3;80.5;7.9;2;10.9;0.24;0.18;0.06;0.08
11;100;50;50;50;19.73;4.53;13.26;3.59;3.65;0.176;57.5;20.79;10.53;6.15;1.01;3.23;7.17;146.7;101.7;24.2;6.5;14.3;2.2;0.84;0.26;0.35;0.82;0.81;0.109;42.5;7.3;3.39;2.32;0.42;1.3;6.09;108.2;81.9;11.5;2.6;12.2;0.34;0.29;0.07;0.1
11;100;50;50;100;19.64;5.08;14.34;4;3.97;0.184;58.8;21.53;11.18;6.11;1.08;3.39;7.72;157.9;100.2;35.4;6.8;15.4;2.19;1.14;0.28;0.36;1.05;1.04;0.112;41.2;9.23;4.48;2.8;0.51;1.69;6.61;110.5;82.9;10.9;3.4;13.2;0.44;0.37;0.1;0.13
11;100;50;100;0;21.72;4.62;13.09;3.57;3.56;0.169;66;21.16;10.85;6.16;1.08;3.41;7.08;149.9;100.2;28.7;6.8;14.2;2.18;0.75;0.27;0.36;0.65;0.65;0.1;34;6.33;3.01;2.01;0.32;1.21;6.01;77.2;55.4;7.4;2.4;12;0.31;0.17;0.07;0.09
11;100;50;100;50;22.01;5.16;14.53;3.81;3.86;0.176;66.2;21.94;11.32;6.26;1.05;3.56;8.04;163.7;98.1;42.5;7.1;16.1;2.12;1.1;0.27;0.37;0.95;0.95;0.106;33.8;8.92;4.2;2.74;0.48;1.6;6.49;83.6;56.4;11.1;3.2;13;0.46;0.28;0.09;0.12
11;100;50;100;100;22.11;5.5;15.97;4.3;4.13;0.183;65.3;22.64;11.87;6.43;1.09;3.55;8.72;162.3;96.7;41.1;7.1;17.4;2.11;1.37;0.28;0.37;1.26;1.22;0.108;34.7;11.12;5.3;3.42;0.6;1.95;7.26;86.4;57;10.9;3.9;14.5;0.57;0.37;0.11;0.16
11;100;100;0;0;17.77;4.44;12.47;4.09;4.07;0.177;55.3;23.02;11.79;6.65;1.12;3.67;6.73;157.4;104.2;32.4;7.3;13.5;2.67;0.72;0.3;0.39;0.49;0.49;0.115;44.7;4.11;2;1.24;0.21;0.77;5.74;127.1;106.9;7.1;1.5;11.5;0.14;0.25;0.04;0.06
11;100;100;0;50;17.47;4.54;13.04;4.35;4.32;0.184;54.4;23.58;12.2;6.74;1.1;3.71;7.13;156.6;103.8;31.1;7.4;14.3;2.65;1;0.29;0.39;0.62;0.63;0.127;45.6;4.81;2.35;1.49;0.22;0.82;5.91;131.4;107.3;10.6;1.6;11.8;0.16;0.36;0.05;0.07
11;100;100;0;100;16.94;4.63;13.37;4.6;4.67;0.192;54.3;24.4;12.69;6.99;1.19;3.79;7.42;155.8;103.6;29.8;7.6;14.8;2.67;1.29;0.31;0.41;0.76;0.75;0.145;45.7;5.1;2.49;1.52;0.26;0.83;5.95;131.2;107.6;10.1;1.7;11.9;0.15;0.48;0.05;0.07
11;100;100;50;0;19.95;4.8;13.64;4.32;4.21;0.176;60.6;23.99;12.42;6.88;1.13;3.8;7.45;160.7;99.6;38.6;7.6;14.9;2.55;0.97;0.29;0.4;0.58;0.62;0.109;39.4;5.55;2.62;1.74;0.29;1;6.19;104.4;83.3;6.7;2;12.4;0.26;0.22;0.06;0.08
11;100;100;50;50;19.93;5.18;14.88;4.53;4.49;0.181;59.3;24.84;12.77;7.08;1.26;3.94;8.13;160.2;98.6;37.5;7.9;16.3;2.53;1.23;0.3;0.43;0.86;0.86;0.115;40.7;7.36;3.48;2.32;0.36;1.25;6.75;110.1;84.1;10;2.5;13.5;0.34;0.33;0.08;0.11
11;100;100;50;100;19.89;5.58;16.23;4.83;4.92;0.194;58.3;25.4;13.16;7.38;1.25;3.94;8.78;158.4;96.5;36.4;7.9;17.6;2.48;1.71;0.31;0.43;1.11;1.14;0.121;41.7;9.29;4.44;2.93;0.51;1.64;7.45;113.3;85.6;9.5;3.3;14.9;0.45;0.46;0.1;0.13
11;100;100;100;0;22.24;5.11;14.79;4.45;4.37;0.173;67.5;25.39;13.01;7.22;1.33;4;8.14;164.9;95.7;44.9;8;16.3;2.45;1.18;0.31;0.43;0.7;0.68;0.106;32.5;6.3;2.98;1.96;0.34;1.11;6.66;79.3;57.5;6.3;2.2;13.3;0.31;0.22;0.06;0.09
11;100;100;100;50;22.48;5.77;16.58;4.76;4.67;0.178;65.5;26.17;13.49;7.6;1.24;4.11;9.04;164;93.6;44.1;8.2;18.1;2.41;1.5;0.32;0.44;1.05;1.02;0.11;34.5;9.14;4.3;2.86;0.47;1.66;7.54;86.2;58.5;9.3;3.3;15.1;0.47;0.32;0.1;0.13
11;100;100;100;100;22.69;6.16;17.98;5.16;5.22;0.193;64.5;26.98;14.06;7.78;1.34;4.18;9.84;162;90.7;43.3;8.4;19.7;2.33;2.11;0.33;0.45;1.34;1.29;0.113;35.5;11.2;5.34;3.45;0.58;1.98;8.15;89;59.9;8.8;4;16.3;0.61;0.42;0.11;0.15
12;0;0;0;0;14.11;1.88;5.32;1.31;1.34;0.155;68.2;8.62;4.35;2.58;0.43;1.43;2.89;239.8;208.1;23;2.9;5.8;0.68;0.39;0.11;0.15;0.23;0.25;0.083;31.8;2.53;1.17;0.83;0.12;0.44;2.43;111.7;103.8;2.2;0.9;4.9;0.14;0.04;0.03;0.04
12;0;0;0;50;13.7;1.97;5.59;1.39;1.39;0.157;67.8;8.84;4.5;2.59;0.42;1.48;3.03;237.6;206.7;21.9;3;6.1;0.65;0.47;0.12;0.15;0.27;0.28;0.089;32.2;2.8;1.29;0.91;0.16;0.49;2.56;112.8;104.4;2.3;1;5.1;0.15;0.06;0.03;0.04
12;0;0;0;100;13.36;2.11;6.07;1.66;1.61;0.166;67.1;9.69;4.99;2.87;0.46;1.56;3.3;235.3;204.5;21.1;3.1;6.6;0.69;0.63;0.12;0.16;0.3;0.31;0.092;32.9;3.03;1.41;0.96;0.17;0.55;2.77;115.2;105.3;3.2;1.1;5.5;0.16;0.07;0.03;0.04
12;0;0;50;0;16.21;2.24;6.36;1.33;1.37;0.151;73.1;9.09;4.54;2.74;0.48;1.52;3.45;240.6;204;26.6;3;6.9;0.64;0.45;0.12;0.16;0.38;0.37;0.09;26.9;3.89;1.78;1.27;0.21;0.72;2.91;88.6;79.1;2.2;1.4;5.8;0.24;0.04;0.04;0.05
12;0;0;50;50;16.33;2.61;7.38;1.56;1.52;0.152;72.1;10.01;5.04;2.93;0.52;1.64;4.05;236.9;199.4;26.1;3.3;8.1;0.62;0.59;0.13;0.18;0.57;0.5;0.094;27.9;5.23;2.5;1.63;0.26;0.97;3.33;91.5;80.6;2.3;1.9;6.7;0.33;0.05;0.05;0.07
12;0;0;50;100;16.33;3.09;8.77;1.74;1.82;0.166;70.8;10.95;5.6;3.22;0.52;1.78;4.85;233.2;194.5;25.4;3.6;9.7;0.6;0.87;0.14;0.2;0.7;0.68;0.096;29.2;7.04;3.32;2.23;0.38;1.31;3.92;95.8;82.2;3.2;2.6;7.8;0.44;0.07;0.08;0.1
12;0;0;100;0;18.41;2.56;7;1.47;1.48;0.147;79.1;10.03;5.04;2.95;0.47;1.7;3.92;241.7;200;30.5;3.4;7.8;0.63;0.53;0.13;0.18;0.45;0.43;0.091;20.9;4.51;2.12;1.41;0.25;0.87;3.09;63.6;53.5;2.1;1.7;6.2;0.28;0.04;0.05;0.06
12;0;0;100;50;18.67;3.22;8.84;1.64;1.62;0.148;77.7;10.89;5.52;3.19;0.53;1.91;4.82;237.1;193.6;30;3.8;9.6;0.6;0.69;0.15;0.18;0.66;0.68;0.094;22.3;7.07;3.29;2.23;0.4;1.32;4.02;67.7;54.9;2.1;2.6;8;0.45;0.05;0.07;0.1
12;0;0;100;100;18.83;3.53;10.34;1.96;1.98;0.164;76.4;12.1;6.1;3.6;0.58;1.95;5.61;232.4;187.8;29.6;3.9;11.2;0.6;1.02;0.16;0.2;0.83;0.85;0.095;23.6;8.82;4.11;2.77;0.51;1.58;4.73;71.7;56.2;2.9;3.2;9.5;0.57;0.07;0.08;0.13
12;0;50;0;0;14.17;2.08;5.9;1.48;1.51;0.154;67.4;9.77;4.88;2.9;0.51;1.6;3.23;236;203.1;23.3;3.2;6.5;0.67;0.55;0.12;0.17;0.23;0.24;0.084;32.6;2.47;1.17;0.75;0.14;0.47;2.68;114.1;106;1.8;0.9;5.4;0.14;0.04;0.02;0.03
12;0;50;0;50;14.02;2.2;6.28;1.69;1.72;0.162;66.8;10.57;5.38;3.14;0.54;1.73;3.48;233.2;200.1;22.7;3.5;7;0.64;0.74;0.15;0.18;0.29;0.27;0.09;33.2;2.69;1.25;0.83;0.15;0.47;2.81;115.7;107.2;1.9;0.9;5.6;0.15;0.06;0.02;0.03
12;0;50;0;100;13.62;2.37;6.64;1.98;1.92;0.172;65.9;11.22;5.8;3.18;0.52;1.81;3.65;229.5;196.8;21.8;3.6;7.3;0.63;0.96;0.14;0.19;0.29;0.32;0.098;34.1;3.02;1.4;0.96;0.16;0.56;2.98;118.5;108.7;2.7;1.1;6;0.17;0.08;0.03;0.04
12;0;50;50;0;16.62;2.62;7.31;1.63;1.66;0.15;72;11.06;5.5;3.27;0.58;1.87;4.02;235.7;196.6;27.4;3.7;8;0.65;0.67;0.15;0.2;0.41;0.39;0.091;28;4.05;1.87;1.31;0.22;0.75;3.29;91.4;81.5;1.8;1.5;6.6;0.25;0.04;0.04;0.06
12;0;50;50;50;16.57;3.02;8.53;1.85;1.92;0.158;71;12.11;6.03;3.6;0.59;2.02;4.71;231.5;191.3;26.7;4;9.4;0.62;0.93;0.15;0.21;0.56;0.55;0.095;29;5.57;2.6;1.78;0.29;0.99;3.83;94.5;83.3;1.6;2;7.7;0.35;0.05;0.06;0.08
12;0;50;50;100;16.63;3.27;9.73;2.32;2.26;0.175;70.7;12.91;6.55;3.73;0.62;1.96;5.28;239.8;186.2;39.1;3.9;10.6;0.61;1.27;0.15;0.22;0.68;0.72;0.098;29.3;7.25;3.31;2.35;0.38;1.31;4.45;99;84.9;2.5;2.6;8.9;0.46;0.08;0.07;0.11
12;0;50;100;0;19.09;2.94;8.43;1.88;1.82;0.145;77.7;12.51;6.33;3.71;0.64;2.08;4.6;234.2;189.1;31.7;4.2;9.2;0.61;0.83;0.17;0.21;0.42;0.46;0.093;22.3;4.77;2.19;1.57;0.28;0.86;3.83;66.9;55.9;1.6;1.7;7.7;0.3;0.04;0.05;0.07
12;0;50;100;50;19.47;3.44;10.34;2.19;2.21;0.162;77.6;13.71;6.78;4.13;0.77;2.15;5.69;245.3;182.6;47;4.3;11.4;0.6;1.21;0.17;0.24;0.68;0.71;0.095;22.4;7.3;3.38;2.36;0.39;1.29;4.64;70.8;57.3;1.6;2.6;9.3;0.48;0.05;0.08;0.1
12;0;50;100;100;19.76;4.02;11.72;2.55;2.6;0.173;76.1;15.04;7.62;4.39;0.77;2.32;6.46;240.1;175.9;46.6;4.6;12.9;0.58;1.57;0.19;0.26;0.86;0.89;0.096;23.9;9.13;4.27;2.91;0.48;1.7;5.27;75.1;58.8;2.3;3.4;10.5;0.59;0.08;0.09;0.13
12;0;100;0;0;14.93;2.42;6.84;1.86;1.83;0.154;67.2;11.88;5.95;3.56;0.58;1.95;3.77;242.8;194.9;36.5;3.9;7.5;0.64;0.82;0.15;0.21;0.27;0.27;0.089;32.8;2.62;1.25;0.81;0.14;0.47;3.07;118.3;109.5;1.7;0.9;6.1;0.15;0.05;0.03;0.04
12;0;100;0;50;14.58;2.46;7.12;2.19;2.11;0.17;66.7;12.38;6.35;3.6;0.61;1.94;3.94;240;193.1;35.2;3.9;7.9;0.63;1.1;0.16;0.21;0.32;0.3;0.095;33.3;2.85;1.37;0.89;0.15;0.53;3.19;119.5;110.3;1.8;1.1;6.4;0.16;0.08;0.03;0.04
12;0;100;0;100;14.08;2.54;7.43;2.45;2.43;0.187;65.8;12.98;6.75;3.65;0.67;2;4.08;235.2;189.6;33.5;4;8.2;0.61;1.45;0.16;0.22;0.34;0.36;0.105;34.2;3.13;1.46;0.99;0.17;0.54;3.35;122.3;111.9;2.7;1.1;6.7;0.17;0.12;0.03;0.04
12;0;100;50;0;17.57;2.95;8.51;2.07;2.09;0.156;71.7;13.4;6.71;4.03;0.68;2.2;4.66;243.1;186.6;42.8;4.4;9.3;0.59;1.09;0.18;0.23;0.4;0.41;0.094;28.3;4.13;1.91;1.31;0.23;0.75;3.85;95.7;84.8;1.7;1.5;7.7;0.26;0.05;0.04;0.06
12;0;100;50;50;17.43;3.34;9.74;2.41;2.41;0.167;70.5;14.4;7.32;4.21;0.74;2.29;5.23;238;181.3;41.7;4.6;10.5;0.6;1.39;0.18;0.24;0.59;0.58;0.098;29.5;5.79;2.7;1.84;0.33;1.05;4.51;99.3;86.5;1.6;2.1;9;0.36;0.07;0.06;0.08
12;0;100;50;100;17.67;3.73;10.81;2.89;2.93;0.193;69.3;15.2;7.91;4.3;0.72;2.35;5.85;233.4;176;41;4.7;11.7;0.57;1.92;0.18;0.25;0.81;0.77;0.1;30.7;7.58;3.6;2.35;0.44;1.38;4.96;103.4;88.3;2.4;2.8;9.9;0.48;0.11;0.08;0.11
12;0;100;100;0;20.01;3.4;9.67;2.34;2.34;0.154;77.7;15.26;7.66;4.51;0.8;2.5;5.34;244.3;179;49.7;5;10.7;0.59;1.29;0.2;0.27;0.48;0.48;0.095;22.3;4.94;2.26;1.6;0.25;0.89;4.33;70.1;58.1;1.5;1.8;8.7;0.31;0.05;0.05;0.07
12;0;100;100;50;20.49;3.94;11.58;2.82;2.73;0.165;76.1;16.54;8.3;4.81;0.88;2.53;6.4;238.1;171.1;49.1;5.1;12.8;0.56;1.68;0.2;0.28;0.73;0.75;0.098;23.9;7.58;3.64;2.37;0.42;1.41;5.18;74.6;59.9;1.6;2.8;10.4;0.48;0.07;0.08;0.11
12;0;100;100;100;20.59;4.62;12.86;3.4;3.37;0.192;74.5;17.55;9.26;4.92;0.82;2.78;6.96;231.7;164.1;48.1;5.6;13.9;0.55;2.32;0.22;0.28;0.93;0.96;0.098;25.5;9.64;4.64;2.94;0.52;1.84;5.9;79;61.4;2.1;3.7;11.8;0.63;0.09;0.1;0.14
12;50;0;0;0;15.66;2.45;6.86;2;1.99;0.171;63;11.65;5.93;3.43;0.57;1.89;3.78;193.8;160.1;22.3;3.8;7.6;1.26;0.37;0.16;0.2;0.31;0.3;0.09;37;3;1.41;0.93;0.17;0.56;3.08;113.8;101.4;5.1;1.1;6.2;0.14;0.08;0.03;0.04
12;50;0;0;50;15.29;2.52;7.25;2.06;2.05;0.171;62.7;11.98;6.12;3.43;0.59;1.89;4.01;193;159.7;21.5;3.8;8;1.24;0.46;0.15;0.2;0.39;0.37;0.098;37.3;3.49;1.67;1.09;0.19;0.62;3.25;114.6;101.7;5.2;1.2;6.5;0.14;0.13;0.04;0.05
12;50;0;0;100;15;2.69;7.81;2.21;2.24;0.176;61.8;12.74;6.53;3.65;0.63;1.99;4.29;191.7;158.4;20.7;4;8.6;1.24;0.62;0.16;0.22;0.43;0.43;0.107;38.2;3.87;1.82;1.2;0.2;0.7;3.51;118.4;102.4;7.6;1.4;7;0.15;0.19;0.04;0.05
12;50;0;50;0;17.84;2.8;7.96;2.04;2.05;0.166;68.2;12.39;6.35;3.7;0.58;2;4.41;195.7;156.8;26.2;4;8.8;1.23;0.45;0.16;0.21;0.4;0.41;0.092;31.8;4.18;1.95;1.3;0.24;0.8;3.55;91.1;77.5;4.9;1.6;7.1;0.23;0.08;0.05;0.05
12;50;0;50;50;17.76;3.22;9.04;2.18;2.13;0.167;67.3;12.81;6.62;3.63;0.64;2.08;4.84;193.7;154.6;25.2;4.2;9.7;1.2;0.56;0.16;0.21;0.61;0.6;0.098;32.7;6.03;2.87;1.86;0.31;1.14;4.2;94.1;78.4;5;2.3;8.4;0.32;0.13;0.07;0.08
12;50;0;50;100;17.83;3.54;10.41;2.43;2.43;0.176;65.9;13.84;7.05;4.07;0.65;2.17;5.71;191.7;151.2;24.8;4.3;11.4;1.18;0.83;0.18;0.24;0.79;0.78;0.1;34.1;7.69;3.57;2.46;0.43;1.36;4.7;99.2;79.9;7.2;2.7;9.4;0.43;0.18;0.07;0.1
12;50;0;100;0;19.91;2.97;8.55;2.12;2.06;0.161;74.6;12.76;6.48;3.73;0.6;2.07;4.69;197.1;153.8;29.8;4.1;9.4;1.17;0.51;0.16;0.22;0.46;0.49;0.094;25.4;5.01;2.27;1.65;0.26;0.9;3.86;67;52.4;5.1;1.8;7.7;0.28;0.08;0.05;0.07
12;50;0;100;50;20.06;3.69;10.35;2.31;2.25;0.162;73.6;13.86;7.1;4.11;0.63;2.27;5.75;195.8;150.5;29.2;4.5;11.5;1.17;0.66;0.18;0.24;0.73;0.74;0.097;26.4;7.54;3.63;2.35;0.36;1.43;4.6;70.3;53.4;4.8;2.9;9.2;0.44;0.12;0.09;0.1
12;50;0;100;100;20.29;4.18;11.89;2.55;2.59;0.172;71.6;15.04;7.69;4.32;0.77;2.44;6.51;192.3;145.3;29;4.9;13;1.1;1.02;0.2;0.25;0.92;0.96;0.099;28.4;9.52;4.43;3.02;0.52;1.74;5.38;76.2;54.9;7.1;3.5;10.8;0.55;0.18;0.1;0.13
12;50;50;0;0;15.64;3;8.38;2.65;2.64;0.174;62.6;15.22;7.77;4.36;0.81;2.46;4.61;193.9;157;22.8;4.9;9.2;1.63;0.54;0.21;0.26;0.32;0.3;0.092;37.4;2.93;1.38;0.94;0.15;0.54;3.77;115.9;103.2;4;1.1;7.5;0.14;0.09;0.03;0.04
12;50;50;0;50;15.49;3.15;9.05;2.76;2.83;0.178;62.1;15.96;8.25;4.63;0.77;2.57;4.98;192.7;155.5;22.1;5.1;10;1.62;0.74;0.21;0.27;0.39;0.37;0.101;37.9;3.37;1.56;1.06;0.19;0.57;4.07;117.4;104.1;4;1.1;8.1;0.15;0.14;0.03;0.05
12;50;50;0;100;15.27;3.35;9.25;3;3;0.184;61.1;16.33;8.53;4.63;0.74;2.65;4.95;190.5;154.1;21.1;5.3;9.9;1.59;0.92;0.22;0.27;0.45;0.46;0.113;38.9;3.87;1.9;1.19;0.21;0.71;4.3;121.1;104.9;6.2;1.4;8.6;0.16;0.21;0.04;0.06
12;50;50;50;0;17.98;3.35;9.54;2.7;2.7;0.169;67.4;16.04;8.12;4.66;0.8;2.58;5.13;194.2;152.1;26.7;5.2;10.3;1.56;0.65;0.21;0.28;0.41;0.44;0.096;32.6;4.39;2.04;1.38;0.23;0.78;4.42;93.9;79.5;4;1.6;8.8;0.24;0.09;0.05;0.06
12;50;50;50;50;18.17;3.8;10.79;2.93;2.92;0.173;66.4;16.93;8.71;4.81;0.89;2.72;5.93;192.2;148.5;26.4;5.4;11.9;1.51;0.91;0.21;0.29;0.6;0.61;0.101;33.6;5.98;2.83;1.83;0.3;1.09;4.86;96.9;81.1;3.9;2.2;9.7;0.33;0.13;0.06;0.08
12;50;50;50;100;18.18;4.18;12;3.28;3.25;0.184;66.5;17.69;9.21;4.99;0.86;2.79;6.56;202.6;145.5;38.4;5.6;13.1;1.49;1.24;0.22;0.3;0.82;0.82;0.103;33.5;7.8;3.66;2.46;0.41;1.38;5.44;101.9;82.4;5.9;2.8;10.9;0.44;0.19;0.08;0.11
12;50;50;100;0;20.6;3.72;10.71;2.88;2.86;0.164;73.6;17.51;8.77;5.28;0.85;2.8;5.84;195.3;146.6;31.4;5.6;11.7;1.51;0.82;0.23;0.3;0.51;0.5;0.095;26.4;5.1;2.4;1.61;0.24;0.92;4.87;69.9;54.5;3.8;1.8;9.7;0.29;0.08;0.06;0.07
12;50;50;100;50;20.76;4.27;12.28;3.12;3.17;0.174;73.8;18.25;9.31;5.25;0.85;2.88;6.75;207.5;142.5;45.7;5.8;13.5;1.46;1.18;0.22;0.31;0.77;0.77;0.099;26.2;7.67;3.62;2.41;0.42;1.39;5.53;73.5;55.7;3.9;2.8;11.1;0.45;0.13;0.08;0.1
12;50;50;100;100;20.9;4.81;13.8;3.58;3.5;0.182;72.3;19.28;10.02;5.5;0.98;3.11;7.51;204.8;138.4;45.2;6.2;15;1.42;1.52;0.24;0.32;1;0.99;0.101;27.7;9.62;4.55;3.04;0.51;1.7;6.29;78.5;56.9;5.6;3.4;12.6;0.57;0.18;0.09;0.14
12;50;100;0;0;15.87;3.57;10.3;3.34;3.36;0.175;63.3;19.22;9.86;5.59;0.94;3.03;5.71;205.2;153;34.8;6.1;11.4;2.01;0.78;0.24;0.34;0.33;0.33;0.1;36.7;2.98;1.4;0.94;0.17;0.54;4.59;119;105.6;3.1;1.1;9.2;0.14;0.11;0.03;0.04
12;50;100;0;50;15.85;3.7;10.56;3.5;3.59;0.184;62.2;19.54;10.05;5.62;0.94;3.08;5.75;202.2;150.7;33.8;6.2;11.5;1.93;1.09;0.24;0.32;0.4;0.41;0.109;37.8;3.45;1.66;1.06;0.19;0.61;4.81;122.6;106.9;4.9;1.2;9.6;0.16;0.16;0.04;0.05
12;50;100;0;100;15.36;3.77;10.73;3.94;3.93;0.194;61.6;20.26;10.62;5.66;1.02;3.15;5.85;199.1;148.2;32.9;6.3;11.7;1.92;1.43;0.25;0.33;0.47;0.45;0.12;38.4;3.52;1.72;1.05;0.22;0.63;4.88;123.8;108.4;4.4;1.3;9.8;0.16;0.2;0.03;0.05
12;50;100;50;0;18.53;4;11.57;3.6;3.57;0.174;67.9;20.49;10.44;5.94;1.1;3.25;6.28;206.2;145.5;41.7;6.5;12.6;1.89;1.06;0.27;0.35;0.41;0.44;0.099;32.1;4.27;1.93;1.38;0.25;0.75;5.29;97.4;82.4;2.9;1.5;10.6;0.24;0.09;0.04;0.06
12;50;100;50;50;18.63;4.63;12.7;3.85;3.86;0.181;66.7;21.39;11.1;6.1;1.09;3.49;6.96;204.1;142.6;40.6;7;13.9;1.86;1.36;0.28;0.36;0.63;0.65;0.105;33.3;6.09;2.92;1.86;0.33;1.15;5.75;101.9;83.7;4.5;2.3;11.5;0.35;0.15;0.07;0.08
12;50;100;50;100;18.45;4.85;13.89;4.31;4.33;0.197;65.7;21.98;11.57;6.22;1.04;3.42;7.6;200.8;139.5;39.3;6.8;15.2;1.86;1.84;0.27;0.37;0.82;0.84;0.107;34.3;7.78;3.69;2.41;0.42;1.43;6.29;104.8;85;4.3;2.9;12.6;0.46;0.2;0.08;0.11
12;50;100;100;0;21.03;4.48;12.75;3.73;3.73;0.171;74.1;21.93;11.24;6.32;1.11;3.54;7;208.7;139.5;48.2;7.1;14;1.81;1.26;0.28;0.38;0.53;0.54;0.099;25.9;5.32;2.47;1.68;0.3;0.94;5.75;72.9;56.6;2.9;1.9;11.5;0.32;0.1;0.05;0.07
12;50;100;100;50;21.39;5.08;14.29;4.13;4.1;0.178;72.4;23.09;11.91;6.58;1.15;3.67;7.87;205.1;134.1;47.8;7.3;15.7;1.76;1.63;0.3;0.4;0.77;0.78;0.101;27.6;7.63;3.58;2.44;0.34;1.41;6.43;77.9;58.2;4;2.8;12.9;0.47;0.13;0.08;0.1
12;50;100;100;100;21.31;5.38;15.62;4.51;4.64;0.196;71.3;23.68;12.3;6.66;1.18;3.62;8.58;201.9;130.7;46.8;7.2;17.2;1.71;2.25;0.29;0.4;0.98;1.04;0.105;28.7;9.79;4.54;3.13;0.52;1.76;7.04;80.9;59.2;4.1;3.5;14.1;0.59;0.19;0.11;0.15
12;100;0;0;0;17.45;3;8.28;2.58;2.57;0.178;55.4;14.48;7.45;4.13;0.71;2.37;4.51;144.7;108.8;22.1;4.7;9;1.76;0.38;0.2;0.24;0.36;0.35;0.094;44.6;3.48;1.64;1.13;0.18;0.63;3.77;116.6;99.7;8.1;1.3;7.5;0.13;0.14;0.03;0.05
12;100;0;0;50;17.05;3.11;8.83;2.64;2.62;0.178;55.3;14.71;7.64;4.13;0.74;2.35;4.83;144.6;109.2;21;4.7;9.7;1.73;0.45;0.19;0.25;0.49;0.47;0.103;44.7;4.33;2.05;1.34;0.26;0.76;4;117;99.3;8.2;1.5;8;0.15;0.21;0.05;0.06
12;100;0;0;100;16.73;3.21;9.34;2.81;2.74;0.182;54.4;15.03;7.79;4.31;0.76;2.34;5.11;144.7;109.9;19.9;4.7;10.2;1.72;0.58;0.19;0.25;0.66;0.6;0.116;45.6;5.06;2.45;1.57;0.26;0.87;4.22;121.5;98.7;12.6;1.7;8.4;0.15;0.33;0.05;0.07
12;100;0;50;0;19.64;3.19;9.01;2.53;2.53;0.173;60.8;14.7;7.52;4.14;0.74;2.35;4.9;146.7;106.2;26;4.7;9.8;1.65;0.45;0.19;0.25;0.44;0.46;0.096;39.2;4.61;2.14;1.44;0.24;0.84;4.12;94.6;76.4;8.2;1.7;8.2;0.22;0.13;0.05;0.06
12;100;0;50;50;19.38;3.69;10.57;2.68;2.69;0.174;60.4;15.47;8.01;4.45;0.77;2.54;5.74;147.2;106;24.7;5.1;11.5;1.68;0.55;0.21;0.25;0.74;0.69;0.1;39.6;6.79;3.18;2.15;0.34;1.15;4.84;96.6;76.5;8;2.3;9.7;0.32;0.21;0.07;0.09
12;100;0;50;100;19.39;4.1;11.72;2.99;2.94;0.181;58.8;16.23;8.37;4.59;0.77;2.53;6.53;146.9;104.8;24;5.1;13.1;1.65;0.81;0.2;0.28;0.95;0.93;0.107;41.2;8.64;4.09;2.74;0.46;1.57;5.19;102.8;77.3;12;3.1;10.4;0.41;0.31;0.09;0.12
12;100;0;100;0;21.55;3.59;9.96;2.69;2.61;0.171;68;15.34;7.91;4.34;0.76;2.51;5.4;150.4;105.4;29.2;5;10.8;1.66;0.5;0.2;0.25;0.54;0.56;0.096;32;5.68;2.69;1.75;0.28;1.08;4.56;70.7;51.2;8.2;2.2;9.1;0.28;0.14;0.06;0.08
12;100;0;100;50;21.67;4.09;11.95;2.76;2.8;0.17;67;16.54;8.47;4.83;0.83;2.62;6.59;150.1;103.1;28.6;5.2;13.2;1.64;0.66;0.21;0.29;0.84;0.83;0.099;33;8.25;3.89;2.6;0.43;1.48;5.36;73.7;52.2;7.8;3;10.7;0.43;0.2;0.09;0.11
12;100;0;100;100;21.75;4.72;13.39;3.16;3.14;0.178;65.1;17.72;9.16;5.1;0.85;2.86;7.42;149.6;100.9;28.1;5.7;14.8;1.61;1.01;0.23;0.3;1.16;1.09;0.104;34.9;10.34;4.93;3.21;0.59;1.86;5.98;80.2;53.2;11.3;3.7;12;0.53;0.3;0.11;0.15
12;100;50;0;0;17.69;3.75;10.9;3.48;3.54;0.181;55.6;19.57;9.99;5.67;0.98;3.06;5.92;148.5;108.4;22.2;6.1;11.8;2.45;0.53;0.24;0.33;0.41;0.4;0.101;44.4;3.8;1.79;1.21;0.19;0.69;4.98;118.6;100.1;7.2;1.4;10;0.14;0.17;0.04;0.05
12;100;50;0;50;17.4;4.02;11.47;3.72;3.77;0.185;54.7;20.42;10.55;5.89;0.98;3.21;6.25;148.4;108.1;21.3;6.4;12.5;2.47;0.7;0.26;0.34;0.53;0.54;0.118;45.3;4.47;2.17;1.38;0.23;0.81;5.21;123.1;100.2;10.8;1.6;10.4;0.15;0.29;0.05;0.06
12;100;50;0;100;16.92;4.12;11.85;3.95;3.94;0.189;54.4;20.86;10.77;6.02;1.03;3.27;6.55;147.6;107.9;20.1;6.5;13.1;2.44;0.89;0.26;0.35;0.64;0.63;0.125;45.6;4.92;2.4;1.49;0.27;0.85;5.3;123.7;100.5;10.9;1.7;10.6;0.15;0.36;0.05;0.07
12;100;50;50;0;19.79;4.19;11.87;3.63;3.64;0.178;60.9;20.54;10.67;5.85;0.99;3.29;6.52;150.9;105.3;25.9;6.6;13;2.38;0.65;0.27;0.34;0.52;0.51;0.099;39.1;4.99;2.37;1.56;0.27;0.9;5.34;96.6;77;7.1;1.8;10.7;0.23;0.16;0.05;0.07
12;100;50;50;50;19.6;4.63;13.19;3.9;3.87;0.181;59.3;21.41;11.09;6.11;1.06;3.4;7.28;149.8;103.3;25.2;6.8;14.6;2.35;0.88;0.27;0.37;0.78;0.76;0.108;40.7;6.91;3.26;2.14;0.38;1.23;5.91;102.7;78.3;10;2.5;11.8;0.33;0.26;0.07;0.09
12;100;50;50;100;19.71;5.03;14.48;4.2;4.18;0.189;60.4;22.13;11.52;6.32;1.09;3.38;7.98;161.4;102.1;36.6;6.8;16;2.32;1.2;0.27;0.38;1.05;1.01;0.111;39.6;8.95;4.25;2.81;0.48;1.66;6.5;105.6;79.1;10.2;3.3;13;0.43;0.35;0.1;0.12
12;100;50;100;0;22.08;4.52;12.77;3.85;3.79;0.173;67.8;21.89;11.23;6.25;1.09;3.53;7.04;153.3;101.9;30.3;7.1;14.1;2.35;0.79;0.29;0.36;0.56;0.56;0.099;32.2;5.59;2.57;1.8;0.32;0.99;5.73;72.8;52.8;6.6;2;11.5;0.28;0.15;0.05;0.08
12;100;50;100;50;22.05;5;14.45;4.18;4.06;0.181;67.5;22.49;11.76;6.41;1.08;3.52;7.89;166.2;99.1;44.3;7;15.8;2.25;1.14;0.29;0.38;0.92;0.88;0.104;32.5;8.32;3.97;2.57;0.43;1.48;6.56;79.9;54;9.9;3;13.1;0.44;0.25;0.08;0.11
12;100;50;100;100;22.32;5.7;15.99;4.27;4.36;0.187;66.7;23.37;12.19;6.67;1.16;3.77;8.83;166;98;42.8;7.5;17.7;2.22;1.44;0.31;0.39;1.24;1.17;0.108;33.3;10.72;5.16;3.29;0.57;1.94;7.16;82.8;54.4;10.2;3.9;14.3;0.56;0.35;0.12;0.14
12;100;100;0;0;17.77;4.41;12.64;4.28;4.28;0.182;57;23.53;12.12;6.8;1.21;3.71;6.89;160.9;105.9;33.8;7.4;13.8;2.84;0.75;0.29;0.4;0.42;0.45;0.112;43;3.83;1.82;1.19;0.21;0.7;5.76;121.3;102.2;6.2;1.4;11.5;0.14;0.22;0.04;0.05
12;100;100;0;50;17.52;4.63;13.02;4.68;4.64;0.189;56;24.61;12.99;6.83;1.22;3.91;7.12;159.6;104.5;33;7.8;14.2;2.85;1.07;0.32;0.4;0.54;0.55;0.123;44;4.29;2.03;1.28;0.24;0.72;5.9;125.5;103.4;8.9;1.4;11.8;0.15;0.3;0.04;0.06
12;100;100;0;100;17.02;4.67;13.36;4.91;4.88;0.197;55.5;24.78;13.08;6.97;1.19;3.83;7.25;157.7;104.7;30.8;7.7;14.5;2.81;1.34;0.3;0.42;0.79;0.73;0.144;44.5;5.04;2.52;1.47;0.26;0.83;6.11;126.5;103.2;9.4;1.7;12.2;0.16;0.46;0.05;0.07
12;100;100;50;0;20.12;4.92;13.72;4.51;4.48;0.181;62.5;24.75;12.78;7.04;1.25;4;7.57;165;101.9;40;8;15.1;2.74;1.01;0.32;0.41;0.56;0.57;0.108;37.5;5.12;2.45;1.56;0.27;0.92;6.16;99.2;79.2;5.8;1.8;12.3;0.24;0.21;0.05;0.07
12;100;100;50;50;20.04;5.17;14.81;4.83;4.72;0.186;60.8;25.43;13.4;7.16;1.23;3.97;8.09;163;99.5;39.5;7.9;16.2;2.67;1.29;0.33;0.43;0.83;0.78;0.113;39.2;6.79;3.28;2.1;0.36;1.21;6.72;105.2;80.8;8.6;2.4;13.4;0.33;0.29;0.07;0.09
12;100;100;50;100;19.9;5.62;15.8;5.12;5.16;0.199;59.8;25.98;13.53;7.27;1.2;4.02;8.63;160.9;97.6;38;8;17.3;2.64;1.78;0.32;0.42;1.08;1.05;0.119;40.2;8.79;4.27;2.68;0.45;1.59;7.17;107.9;82;8.3;3.2;14.3;0.44;0.4;0.09;0.12
12;100;100;100;0;22.28;5.21;14.86;4.62;4.58;0.177;68.8;25.9;13.36;7.43;1.3;4.08;8.09;167.7;97.2;46.2;8.2;16.2;2.62;1.21;0.32;0.43;0.68;0.66;0.106;31.2;6.07;2.91;1.86;0.32;1.12;6.78;76.2;54.8;5.6;2.2;13.6;0.31;0.2;0.07;0.08
12;100;100;100;50;22.66;5.87;16.38;5.03;4.9;0.183;67;26.83;14.06;7.58;1.26;4.31;9;166.8;94.2;46;8.6;18;2.52;1.57;0.36;0.44;0.93;0.94;0.108;33;8.57;4.06;2.69;0.46;1.56;7.38;82.2;56.1;8.2;3.1;14.8;0.46;0.27;0.09;0.12
12;100;100;100;100;22.54;6.23;17.37;5.49;5.46;0.198;66.1;27.61;14.64;7.65;1.27;4.3;9.58;164.4;91.5;45.2;8.6;19.2;2.47;2.18;0.35;0.46;1.25;1.21;0.113;33.9;10.59;4.99;3.28;0.62;1.93;7.8;84.4;57.3;7.7;3.9;15.6;0.58;0.37;0.11;0.15
13;0;0;0;0;14.27;1.83;5.25;1.33;1.35;0.157;69.9;8.59;4.33;2.51;0.47;1.39;2.91;245.2;212.9;23.8;2.8;5.8;0.68;0.4;0.11;0.15;0.21;0.21;0.075;30.1;2.33;1.1;0.7;0.14;0.44;2.34;105.4;98;1.8;0.9;4.7;0.12;0.03;0.03;0.03
13;0;0;0;50;13.88;1.9;5.67;1.49;1.49;0.161;69.5;9.3;4.59;2.78;0.5;1.43;3.19;243;210.9;22.9;2.9;6.4;0.71;0.5;0.12;0.17;0.23;0.23;0.079;30.5;2.53;1.18;0.81;0.14;0.46;2.48;106.5;98.8;1.8;0.9;5;0.12;0.05;0.03;0.03
13;0;0;0;100;13.85;2.01;5.93;1.64;1.62;0.166;68.6;9.78;5;2.79;0.49;1.51;3.28;239.2;207;22.7;3;6.6;0.65;0.68;0.12;0.17;0.28;0.26;0.083;31.4;2.75;1.3;0.89;0.14;0.49;2.65;109.3;100.3;2.7;1;5.3;0.14;0.06;0.03;0.04
13;0;0;50;0;16.6;2.18;6.36;1.45;1.48;0.154;74.5;9.61;4.76;2.85;0.49;1.54;3.54;246;208;27.9;3.1;7.1;0.7;0.48;0.12;0.17;0.32;0.31;0.081;25.5;3.52;1.59;1.13;0.2;0.65;2.82;83.9;75.1;1.8;1.3;5.6;0.19;0.03;0.04;0.05
13;0;0;50;50;16.59;2.58;7.39;1.66;1.59;0.156;73.7;10.22;5.12;2.99;0.56;1.64;4.17;243;204.4;27;3.3;8.3;0.68;0.59;0.13;0.18;0.45;0.44;0.084;26.3;5;2.35;1.51;0.27;0.94;3.22;86.3;76.2;1.8;1.9;6.4;0.28;0.04;0.05;0.07
13;0;0;50;100;16.67;2.93;8.59;1.88;1.86;0.168;72.5;11.05;5.63;3.21;0.55;1.78;4.82;238.7;199;26.5;3.6;9.6;0.65;0.88;0.14;0.19;0.57;0.57;0.086;27.5;6.56;3;2.11;0.34;1.15;3.77;90.4;77.8;2.7;2.3;7.5;0.37;0.06;0.06;0.09
13;0;0;100;0;18.23;2.46;7.03;1.54;1.52;0.151;80.3;10.08;5;2.95;0.54;1.68;3.89;246.6;204.6;30.8;3.4;7.8;0.68;0.53;0.14;0.17;0.35;0.38;0.083;19.7;4.35;1.98;1.42;0.24;0.78;3.14;60.4;50.7;1.8;1.6;6.3;0.25;0.03;0.05;0.06
13;0;0;100;50;18.92;3;8.81;1.8;1.71;0.151;79;11.29;5.71;3.29;0.57;1.83;4.83;241.9;197.7;30.9;3.7;9.7;0.65;0.71;0.15;0.2;0.62;0.58;0.086;21;6.61;3.06;2.14;0.37;1.17;3.98;64.2;52.2;1.7;2.3;8;0.37;0.04;0.07;0.09
13;0;0;100;100;19.35;3.57;10.28;2.16;2.13;0.165;77.5;12.87;6.59;3.73;0.61;2.11;5.63;236.9;190.4;30.9;4.2;11.3;0.63;1.1;0.17;0.22;0.73;0.73;0.087;22.5;8.28;3.74;2.67;0.46;1.46;4.64;68.5;53.6;2.6;2.9;9.3;0.46;0.06;0.09;0.12
13;0;50;0;0;14.79;2.1;5.96;1.53;1.59;0.156;68.9;10.2;5.07;3.03;0.52;1.66;3.31;240.8;206.3;24.6;3.3;6.6;0.68;0.59;0.13;0.18;0.23;0.21;0.076;31.1;2.37;1.07;0.75;0.14;0.43;2.65;108.5;100.6;1.8;0.9;5.3;0.12;0.04;0.02;0.03
13;0;50;0;50;14.43;2.26;6.39;1.77;1.76;0.165;68.3;10.71;5.45;3.13;0.55;1.74;3.5;237.8;203.8;23.6;3.5;7;0.67;0.77;0.14;0.18;0.26;0.26;0.084;31.7;2.73;1.3;0.84;0.16;0.52;2.89;110.2;101.6;1.7;1;5.8;0.14;0.06;0.03;0.04
13;0;50;0;100;14.12;2.35;6.73;2;2.01;0.174;67.5;11.56;5.94;3.37;0.57;1.81;3.68;234.5;200.7;22.8;3.6;7.4;0.67;0.99;0.15;0.2;0.32;0.29;0.091;32.5;2.91;1.42;0.86;0.16;0.54;3.05;112.6;102.9;2.6;1.1;6.1;0.14;0.08;0.03;0.04
13;0;50;50;0;17.01;2.59;7.2;1.64;1.69;0.152;73.4;11.12;5.47;3.33;0.58;1.86;3.93;240.2;200.4;28.2;3.7;7.9;0.65;0.69;0.15;0.19;0.35;0.34;0.083;26.6;3.81;1.79;1.16;0.23;0.72;3.26;87.1;77.4;1.7;1.4;6.5;0.21;0.04;0.05;0.05
13;0;50;50;50;17.41;2.98;8.63;2;1.99;0.16;72.1;12.47;6.27;3.73;0.64;2;4.71;235.5;194;28;4;9.4;0.64;0.98;0.16;0.22;0.46;0.47;0.087;27.9;5.23;2.43;1.66;0.28;0.99;3.92;90.9;79.3;1.7;2;7.8;0.29;0.06;0.06;0.07
13;0;50;50;100;17.47;3.38;9.72;2.39;2.36;0.177;72.1;13.36;6.97;3.82;0.65;2.16;5.36;245.1;188.5;41.6;4.3;10.7;0.61;1.35;0.18;0.22;0.61;0.61;0.088;27.9;6.8;3.12;2.12;0.42;1.22;4.36;94.5;81;2.4;2.4;8.7;0.38;0.08;0.06;0.09
13;0;50;100;0;19.18;2.96;8.4;1.9;1.87;0.148;78.8;12.66;6.31;3.82;0.64;2.06;4.59;239.1;193.8;32;4.1;9.2;0.65;0.84;0.17;0.22;0.45;0.41;0.085;21.2;4.72;2.2;1.48;0.24;0.89;3.81;64;52.9;1.6;1.8;7.6;0.26;0.04;0.05;0.07
13;0;50;100;50;20.01;3.58;10.3;2.24;2.35;0.163;78.8;14.39;7.36;4.22;0.74;2.38;5.79;251.7;186.5;48.8;4.8;11.6;0.63;1.27;0.19;0.26;0.62;0.6;0.087;21.2;6.75;3.12;2.17;0.37;1.21;4.52;67.5;54.4;1.6;2.4;9;0.38;0.06;0.07;0.09
13;0;50;100;100;20.31;4.01;11.55;2.66;2.67;0.175;77.4;15.29;7.84;4.44;0.77;2.42;6.34;245.7;180.1;48.1;4.8;12.7;0.61;1.61;0.2;0.25;0.75;0.77;0.088;22.6;8.55;3.99;2.67;0.47;1.59;5.2;71.7;55.7;2.4;3.2;10.4;0.49;0.08;0.09;0.12
13;0;100;0;0;15.32;2.43;6.93;1.89;1.87;0.156;68.7;12.02;6.1;3.47;0.64;1.91;3.81;248;198.8;37.7;3.8;7.6;0.66;0.84;0.16;0.21;0.26;0.24;0.082;31.3;2.56;1.25;0.78;0.14;0.51;3.12;112.6;103.6;1.7;1;6.2;0.13;0.05;0.03;0.03
13;0;100;0;50;15.18;2.53;7.24;2.21;2.19;0.172;68.2;12.77;6.58;3.64;0.67;2.01;4.03;244.6;195.7;36.8;4;8.1;0.65;1.17;0.16;0.22;0.28;0.27;0.087;31.8;2.75;1.33;0.85;0.14;0.52;3.2;114.1;104.9;1.7;1;6.4;0.13;0.07;0.03;0.04
13;0;100;0;100;14.81;2.61;7.65;2.57;2.59;0.189;67.2;13.7;7.14;3.87;0.67;2.09;4.22;240;191.7;35.7;4.2;8.4;0.65;1.53;0.17;0.24;0.34;0.32;0.095;32.8;2.97;1.39;0.96;0.15;0.52;3.43;116.9;106.5;2.5;1;6.9;0.14;0.11;0.03;0.04
13;0;100;50;0;17.94;2.9;8.42;2.16;2.17;0.158;73.1;13.7;6.86;4.09;0.68;2.2;4.66;248.4;190.3;44.4;4.4;9.3;0.64;1.11;0.18;0.24;0.36;0.34;0.085;26.9;3.82;1.75;1.22;0.22;0.7;3.76;91.1;80.5;1.7;1.4;7.5;0.21;0.05;0.04;0.05
13;0;100;50;50;18.29;3.36;9.84;2.55;2.51;0.168;71.8;14.91;7.52;4.39;0.79;2.34;5.39;242.9;183.6;43.9;4.7;10.8;0.6;1.46;0.19;0.26;0.52;0.51;0.089;28.2;5.56;2.59;1.75;0.28;1.02;4.45;95.1;82.5;1.7;2;8.9;0.3;0.07;0.06;0.08
13;0;100;50;100;18.15;3.78;10.99;2.9;3.06;0.194;70.7;15.75;8.11;4.54;0.79;2.46;6.04;238.4;178.7;42.7;4.9;12.1;0.6;2;0.19;0.27;0.68;0.67;0.091;29.3;7.19;3.32;2.25;0.41;1.32;4.95;98.7;84;2.2;2.6;9.9;0.4;0.09;0.08;0.09
13;0;100;100;0;20.2;3.42;9.73;2.43;2.41;0.155;78.6;15.5;7.84;4.58;0.81;2.53;5.35;248;182.1;50.1;5.1;10.7;0.61;1.31;0.21;0.28;0.47;0.44;0.088;21.4;4.91;2.26;1.54;0.3;0.89;4.38;67.4;55.3;1.6;1.8;8.8;0.27;0.05;0.06;0.07
13;0;100;100;50;21.24;4.17;11.6;2.82;2.88;0.167;77.1;17.29;8.8;5.01;0.86;2.84;6.4;242.2;172.3;51.5;5.7;12.8;0.57;1.76;0.25;0.3;0.66;0.64;0.088;22.9;7.13;3.34;2.29;0.37;1.33;5.2;71.8;57.3;1.5;2.7;10.4;0.4;0.07;0.07;0.1
13;0;100;100;100;21.45;4.56;12.91;3.5;3.58;0.193;75.6;18.53;9.59;5.23;0.95;2.92;7.15;235.6;164.5;51;5.8;14.3;0.54;2.49;0.23;0.31;0.89;0.82;0.09;24.4;8.96;4.25;2.77;0.5;1.64;5.76;75.8;58.8;2.1;3.3;11.5;0.51;0.09;0.1;0.12
13;50;0;0;0;15.7;2.44;6.64;2.06;2.05;0.176;64.9;11.69;5.98;3.41;0.61;1.9;3.68;198.2;163.6;23.4;3.8;7.4;1.32;0.38;0.16;0.2;0.23;0.26;0.083;35.1;2.74;1.28;0.83;0.16;0.55;2.96;107.1;95.8;4.4;1.1;5.9;0.11;0.08;0.03;0.04
13;50;0;0;50;15.6;2.5;7.15;2.17;2.14;0.176;64.4;12.25;6.26;3.53;0.63;1.95;3.97;196.8;162.2;22.7;3.9;7.9;1.3;0.48;0.16;0.21;0.32;0.31;0.089;35.6;3.15;1.43;1;0.19;0.55;3.17;108.5;96.5;4.5;1.1;6.3;0.12;0.11;0.03;0.04
13;50;0;0;100;14.98;2.69;7.73;2.38;2.38;0.18;63.5;13.21;6.79;3.81;0.63;2.04;4.34;195;160.8;21.4;4.1;8.7;1.32;0.65;0.18;0.23;0.38;0.38;0.099;36.5;3.6;1.7;1.13;0.18;0.65;3.4;111.8;97.3;6.5;1.3;6.8;0.13;0.16;0.04;0.05
13;50;0;50;0;17.76;2.73;7.86;2.11;2.12;0.171;69.8;12.43;6.38;3.61;0.62;2;4.27;199.6;159.9;27.1;4;8.5;1.29;0.45;0.16;0.21;0.35;0.37;0.086;30.2;4.04;1.83;1.32;0.23;0.73;3.59;86.3;73.5;4.2;1.5;7.2;0.19;0.07;0.04;0.06
13;50;0;50;50;17.91;3.13;9.03;2.19;2.26;0.17;69;13.28;6.76;3.86;0.68;2.13;4.99;197.9;157.1;26.5;4.3;10;1.27;0.58;0.17;0.24;0.51;0.51;0.089;31;5.55;2.56;1.76;0.31;1;4.04;88.9;74.6;4.2;2;8.1;0.27;0.11;0.06;0.08
13;50;0;50;100;17.81;3.61;10.15;2.5;2.51;0.18;67.5;13.99;7.26;4.01;0.72;2.25;5.65;195.5;154.1;25.5;4.5;11.3;1.23;0.86;0.19;0.23;0.7;0.7;0.093;32.5;7.38;3.42;2.37;0.38;1.36;4.5;93.8;75.8;6.3;2.7;9;0.36;0.16;0.08;0.1
13;50;0;100;0;19.72;2.95;8.55;2.18;2.17;0.167;75.9;13.1;6.6;3.88;0.64;2.08;4.65;200.2;156.5;30.3;4.2;9.3;1.26;0.53;0.16;0.23;0.45;0.43;0.086;24.1;4.8;2.22;1.51;0.27;0.87;3.9;63.5;49.9;4.1;1.7;7.8;0.24;0.07;0.05;0.06
13;50;0;100;50;20.27;3.53;10.43;2.41;2.4;0.165;74.7;14.59;7.4;4.29;0.71;2.32;5.81;198.2;151.5;30.5;4.6;11.6;1.23;0.72;0.19;0.26;0.64;0.63;0.088;25.3;6.99;3.19;2.28;0.38;1.21;4.63;67;51.2;4.1;2.4;9.3;0.36;0.1;0.07;0.09
13;50;0;100;100;20.5;4.19;11.65;2.81;2.73;0.175;73;15.6;8.14;4.39;0.84;2.56;6.4;195.2;147.1;30.2;5.1;12.8;1.18;1.07;0.21;0.27;0.89;0.83;0.091;27;8.9;4.2;2.78;0.49;1.63;5.25;72.2;52.4;6;3.3;10.5;0.46;0.15;0.1;0.12
13;50;50;0;0;15.75;2.99;8.4;2.69;2.73;0.178;64.5;15.38;7.97;4.4;0.75;2.5;4.73;198.5;160.3;23.7;5;9.5;1.71;0.56;0.2;0.27;0.27;0.26;0.084;35.5;2.73;1.29;0.85;0.14;0.49;3.67;109.3;97.5;3.4;1;7.3;0.12;0.07;0.03;0.04
13;50;50;0;50;15.56;3.1;8.85;2.96;2.95;0.182;63.8;16.24;8.37;4.67;0.81;2.57;4.87;195.8;157.8;23.1;5.1;9.7;1.71;0.76;0.21;0.27;0.3;0.31;0.093;36.2;3.01;1.41;0.93;0.17;0.53;3.98;111.1;98.9;3.2;1.1;8;0.12;0.11;0.03;0.04
13;50;50;0;100;15.55;3.37;9.27;3.17;3.19;0.187;62.6;17.07;8.84;4.84;0.82;2.71;5.11;193.1;154.8;22.6;5.4;10.2;1.67;1.01;0.22;0.29;0.35;0.38;0.102;37.4;3.43;1.62;1.11;0.2;0.66;4.15;115;100.5;4.9;1.3;8.3;0.13;0.16;0.04;0.05
13;50;50;50;0;18.12;3.4;9.59;2.79;2.83;0.173;68.9;16.44;8.36;4.75;0.8;2.61;5.22;198.2;154.8;27.7;5.2;10.4;1.66;0.68;0.2;0.29;0.38;0.39;0.089;31.1;4.17;1.97;1.3;0.22;0.8;4.37;89.2;75.5;3.3;1.6;8.7;0.2;0.08;0.04;0.06
13;50;50;50;50;18.2;3.65;10.77;3.09;3.07;0.177;68.1;17.4;8.89;5.07;0.86;2.69;5.96;195.7;151.1;27.3;5.4;11.9;1.62;0.94;0.22;0.3;0.5;0.52;0.091;31.9;5.5;2.46;1.81;0.31;0.96;4.81;91.7;77;3.1;1.9;9.6;0.28;0.11;0.06;0.08
13;50;50;50;100;18.35;4.07;11.98;3.46;3.4;0.188;68;18.14;9.36;5.18;0.94;2.76;6.54;205.8;147;40.2;5.5;13.1;1.57;1.31;0.22;0.3;0.72;0.71;0.095;32;7.3;3.37;2.36;0.38;1.31;5.43;96.9;78.7;4.7;2.6;10.9;0.37;0.16;0.08;0.1
13;50;50;100;0;20.24;3.65;10.66;3.01;2.95;0.168;74.9;17.6;8.93;5.25;0.87;2.75;5.86;198.7;150.1;31.4;5.5;11.7;1.61;0.82;0.22;0.3;0.46;0.44;0.087;25.1;4.88;2.25;1.58;0.26;0.9;4.8;66.3;51.6;3.2;1.8;9.6;0.25;0.07;0.05;0.07
13;50;50;100;50;20.73;4.39;12.18;3.37;3.31;0.177;75.1;18.71;9.68;5.37;0.9;3.01;6.77;211.3;144.6;47.2;6;13.5;1.54;1.21;0.24;0.32;0.68;0.68;0.091;24.9;7.32;3.4;2.31;0.38;1.38;5.42;69.8;53.1;3.1;2.8;10.8;0.38;0.11;0.08;0.1
13;50;50;100;100;21.21;4.87;13.74;3.74;3.71;0.184;73.5;20.14;10.5;5.74;0.98;3.19;7.57;208;139.1;47.4;6.4;15.1;1.51;1.61;0.25;0.35;0.86;0.85;0.093;26.5;9;4.2;2.83;0.5;1.68;6.16;74.7;54.6;4.4;3.4;12.3;0.48;0.15;0.09;0.13
13;50;100;0;0;16.1;3.57;10.17;3.56;3.53;0.18;64.9;19.68;10.19;5.6;0.96;3.09;5.62;208.9;154.7;36.8;6.2;11.2;2.12;0.82;0.26;0.34;0.3;0.27;0.088;35.1;2.71;1.26;0.85;0.13;0.48;4.55;112.9;100.6;2.3;1;9.1;0.13;0.08;0.03;0.04
13;50;100;0;50;15.88;3.59;10.54;3.81;3.81;0.188;63.8;20.3;10.47;5.78;0.96;3.06;5.82;204.8;151.1;35.9;6.1;11.6;2.05;1.16;0.25;0.35;0.31;0.31;0.096;36.2;2.99;1.4;0.93;0.18;0.53;4.71;116.3;102.5;3.3;1.1;9.4;0.13;0.11;0.03;0.04
13;50;100;0;100;15.48;3.81;10.86;4.14;4.14;0.199;63.3;20.86;10.98;5.84;1.07;3.19;5.99;202.6;149.9;34.3;6.4;12;2.05;1.47;0.26;0.36;0.37;0.38;0.108;36.7;3.29;1.63;0.99;0.17;0.62;4.87;117.5;103.1;3.4;1.2;9.7;0.14;0.16;0.03;0.05
13;50;100;50;0;18.67;3.96;11.52;3.77;3.71;0.178;69.5;20.89;10.64;6.13;1;3.25;6.42;210.4;148.1;43;6.5;12.8;2;1.1;0.26;0.36;0.44;0.38;0.09;30.5;4.04;1.88;1.25;0.23;0.71;5.1;92.2;78.3;2.3;1.4;10.2;0.21;0.08;0.04;0.05
13;50;100;50;50;18.58;4.37;12.66;4.09;3.99;0.184;68.2;21.71;11.27;6.19;1.05;3.36;7.07;207.1;144;42.3;6.7;14.1;1.95;1.4;0.27;0.37;0.54;0.53;0.092;31.8;5.6;2.63;1.75;0.28;1.01;5.59;96.2;79.9;3.1;2;11.2;0.3;0.11;0.05;0.08
13;50;100;50;100;18.81;4.87;13.69;4.54;4.54;0.201;67;22.62;11.92;6.35;1.06;3.57;7.55;203.4;139.1;42.1;7.1;15.1;1.89;1.98;0.29;0.37;0.7;0.71;0.096;33;7.2;3.4;2.25;0.39;1.3;6.13;99.8;81.9;3.1;2.6;12.3;0.38;0.14;0.08;0.1
13;50;100;100;0;20.89;4.54;12.61;3.92;3.87;0.175;75.2;22.21;11.34;6.4;1.12;3.6;6.9;211.2;141.4;48.8;7.2;13.8;1.91;1.28;0.3;0.38;0.49;0.47;0.089;24.8;5.1;2.41;1.58;0.29;0.94;5.71;69.5;54;2.2;1.9;11.4;0.27;0.08;0.05;0.07
13;50;100;100;50;21.32;5.03;14.49;4.29;4.27;0.181;73.8;23.65;12.28;6.75;1.18;3.7;8.08;208.8;135.9;49.3;7.4;16.2;1.86;1.69;0.3;0.41;0.71;0.68;0.091;26.2;7.33;3.39;2.33;0.4;1.33;6.41;74;55.4;3;2.7;12.8;0.4;0.1;0.08;0.1
13;50;100;100;100;21.66;5.39;15.5;4.82;4.78;0.199;72.6;24.05;12.69;6.79;1.12;3.67;8.63;204.4;131.2;48.7;7.3;17.3;1.76;2.34;0.28;0.4;0.85;0.88;0.094;27.4;9.21;4.28;2.91;0.51;1.72;6.87;77;56.7;3.1;3.4;13.7;0.51;0.15;0.1;0.13
13;100;0;0;0;17.45;2.91;8.32;2.71;2.68;0.182;57.2;14.75;7.71;4.24;0.72;2.35;4.62;147.7;110.7;23.1;4.7;9.2;1.84;0.4;0.19;0.26;0.31;0.31;0.087;42.8;3.25;1.47;1.06;0.17;0.57;3.7;110.3;94.4;7.4;1.1;7.4;0.11;0.12;0.03;0.04
13;100;0;0;50;17.11;3.15;8.88;2.76;2.78;0.183;57.1;15.16;7.86;4.3;0.76;2.45;4.88;147.6;111.1;21.8;4.9;9.8;1.84;0.47;0.2;0.26;0.43;0.42;0.098;42.9;4.11;1.93;1.29;0.21;0.7;4;111;94.2;7.4;1.4;8;0.12;0.2;0.04;0.06
13;100;0;0;100;16.76;3.22;9.52;2.94;2.94;0.187;56.2;15.78;8.2;4.5;0.76;2.42;5.35;147.6;111.2;20.9;4.8;10.7;1.85;0.63;0.19;0.28;0.54;0.52;0.11;43.8;4.62;2.17;1.49;0.24;0.79;4.17;115.1;94.1;11.1;1.6;8.3;0.13;0.29;0.04;0.06
13;100;0;50;0;19.38;3.27;9.26;2.68;2.73;0.18;62.9;15.24;7.9;4.4;0.72;2.45;5.16;151;109.2;26.5;4.9;10.3;1.83;0.44;0.19;0.27;0.46;0.42;0.09;37.1;4.51;2.15;1.36;0.24;0.82;4.1;89;71.9;7.2;1.6;8.2;0.19;0.12;0.05;0.06
13;100;0;50;50;19.34;3.76;10.46;2.78;2.85;0.18;62.2;15.89;8.21;4.56;0.81;2.63;5.73;150.5;108.2;25.6;5.3;11.5;1.8;0.56;0.21;0.27;0.62;0.6;0.094;37.8;6.28;2.91;1.98;0.29;1.13;4.73;91.4;72.5;7.2;2.3;9.5;0.26;0.19;0.06;0.09
13;100;0;50;100;19.66;4.08;11.89;3.2;3.12;0.186;60.4;16.83;8.76;4.87;0.8;2.61;6.6;149.8;106.1;25.2;5.2;13.2;1.78;0.84;0.2;0.3;0.8;0.82;0.099;39.6;8.1;3.77;2.57;0.44;1.47;5.29;98.1;73.8;10.8;2.9;10.6;0.34;0.28;0.08;0.11
13;100;0;100;0;21.22;3.49;9.82;2.75;2.74;0.176;69.7;15.61;8;4.57;0.8;2.5;5.46;153;107.4;29.7;5;10.9;1.77;0.5;0.2;0.27;0.5;0.49;0.09;30.3;5.29;2.48;1.66;0.29;0.98;4.35;66.6;48.7;7.2;2;8.7;0.23;0.12;0.06;0.07
13;100;0;100;50;21.64;4.1;11.86;2.92;2.91;0.173;68.3;16.86;8.65;4.88;0.86;2.69;6.45;152;104.1;29.6;5.4;12.9;1.71;0.7;0.21;0.29;0.75;0.73;0.092;31.7;7.78;3.6;2.49;0.43;1.41;5.41;70.6;50;7;2.8;10.8;0.36;0.18;0.08;0.11
13;100;0;100;100;21.99;4.56;13.28;3.27;3.23;0.181;66.4;17.88;9.32;5.08;0.88;2.81;7.32;151.4;102;29.2;5.6;14.6;1.67;1.04;0.22;0.3;1.02;0.95;0.096;33.6;9.74;4.58;3.07;0.54;1.75;5.96;76.6;50.9;10.3;3.5;11.9;0.45;0.27;0.1;0.14
13;100;50;0;0;17.67;3.77;10.7;3.73;3.76;0.187;57.4;20.12;10.39;5.76;1;3.13;5.87;151.2;109.9;23.2;6.3;11.7;2.61;0.55;0.25;0.35;0.36;0.34;0.093;42.6;3.43;1.61;1.06;0.19;0.64;4.83;112.4;95.1;6.4;1.3;9.7;0.12;0.14;0.03;0.05
13;100;50;0;50;17.37;4.03;11.46;3.97;4.01;0.19;56.3;21.15;11.04;5.97;1.04;3.34;6.32;150.7;108.9;22.5;6.7;12.6;2.61;0.76;0.28;0.36;0.47;0.45;0.109;43.7;3.92;1.87;1.25;0.21;0.69;5.14;116.7;95.9;9.1;1.4;10.3;0.12;0.24;0.04;0.06
13;100;50;0;100;17.14;4.21;11.89;4.21;4.17;0.194;56;21.53;11.29;6.07;1.03;3.34;6.53;150.2;108.9;21.5;6.7;13.1;2.6;0.94;0.27;0.36;0.59;0.57;0.12;44;4.65;2.27;1.41;0.24;0.87;5.36;118;95.9;9.6;1.7;10.7;0.13;0.33;0.05;0.06
13;100;50;50;0;19.82;4.12;11.91;3.74;3.82;0.182;62.5;21;10.84;6;1.05;3.29;6.59;153.5;106.7;27.1;6.6;13.2;2.52;0.67;0.26;0.37;0.46;0.45;0.093;37.5;4.68;2.18;1.49;0.24;0.83;5.32;91.9;73.4;6.2;1.7;10.6;0.19;0.14;0.05;0.06
13;100;50;50;50;19.92;4.64;13.3;3.99;4.06;0.185;60.9;21.94;11.31;6.39;1.07;3.47;7.29;152.8;104.8;26.5;6.9;14.6;2.49;0.92;0.27;0.38;0.63;0.67;0.102;39.1;6.41;2.98;2.06;0.34;1.17;6.01;98.1;74.5;9.2;2.3;12;0.27;0.24;0.07;0.09
13;100;50;50;100;19.84;5.03;14.36;4.43;4.4;0.194;62;22.71;11.99;6.29;1.11;3.53;7.9;164.3;103;38.4;7.1;15.8;2.49;1.24;0.28;0.38;0.88;0.86;0.103;38;8.26;3.97;2.56;0.45;1.5;6.46;100.4;75.7;8.9;3;12.9;0.36;0.3;0.08;0.11
13;100;50;100;0;21.74;4.5;12.77;3.93;3.9;0.179;69;21.91;11.31;6.28;1.03;3.48;7.03;155.1;103.8;30.3;7;14.1;2.47;0.79;0.27;0.37;0.54;0.52;0.091;31;5.55;2.59;1.76;0.33;1.02;5.74;69.7;50.1;6;2;11.5;0.25;0.14;0.06;0.08
13;100;50;100;50;22.31;5.09;14.49;4.31;4.28;0.185;69;23.2;12.06;6.7;1.03;3.63;7.98;169.5;100.2;46.1;7.3;16;2.39;1.21;0.29;0.39;0.79;0.79;0.098;31;7.95;3.75;2.47;0.43;1.46;6.51;76.2;51.6;8.7;2.9;13;0.37;0.23;0.08;0.11
13;100;50;100;100;22.16;5.5;15.74;4.56;4.55;0.191;68;23.9;12.55;6.65;1.17;3.7;8.63;167.3;97.5;45.1;7.4;17.3;2.32;1.52;0.31;0.41;1.04;0.99;0.099;32;9.88;4.64;3.11;0.54;1.8;7.11;78.7;52.6;8.2;3.6;14.2;0.47;0.28;0.1;0.13
13;100;100;0;0;18.02;4.51;12.84;4.52;4.59;0.187;58.7;24.62;12.8;7.11;1.18;3.95;7.05;164.4;106.5;35.9;7.9;14.1;3.03;0.82;0.32;0.41;0.41;0.38;0.103;41.3;3.42;1.6;1.12;0.17;0.57;5.79;115.8;97.8;5.2;1.1;11.6;0.12;0.18;0.04;0.05
13;100;100;0;50;17.56;4.44;12.94;4.84;4.79;0.194;57.7;24.7;12.92;7;1.2;3.73;7.07;162.6;106.5;34.5;7.5;14.1;2.99;1.09;0.3;0.41;0.47;0.48;0.117;42.3;3.95;1.87;1.16;0.23;0.72;5.87;118.9;97.9;7.9;1.4;11.7;0.12;0.26;0.04;0.05
13;100;100;0;100;17.18;4.67;13.37;5.13;5.13;0.202;57.2;25.4;13.46;7.12;1.23;3.91;7.35;160.7;105.2;32.9;7.8;14.7;2.97;1.42;0.31;0.42;0.63;0.61;0.135;42.8;4.41;2.17;1.34;0.23;0.76;6.02;120.1;98.9;7.7;1.5;12;0.13;0.37;0.04;0.06
13;100;100;50;0;20.15;4.91;13.64;4.79;4.72;0.185;63.7;25.51;13.27;7.15;1.28;4.09;7.46;167.4;102.1;42.2;8.2;14.9;2.88;1.08;0.33;0.43;0.5;0.48;0.1;36.3;4.65;2.18;1.46;0.24;0.82;6.18;95.2;76.2;5;1.6;12.4;0.2;0.17;0.05;0.07
13;100;100;50;50;20.21;5.29;14.92;5;4.99;0.19;62.3;26.24;13.74;7.47;1.24;4.13;8.18;165.9;100;41.3;8.3;16.4;2.84;1.37;0.35;0.43;0.72;0.67;0.104;37.7;6.34;3.02;1.97;0.33;1.16;6.74;100.4;77.4;7.2;2.3;13.5;0.28;0.24;0.06;0.08
13;100;100;50;100;20.22;5.63;15.95;5.41;5.44;0.203;61.6;26.78;14.26;7.46;1.26;4.13;8.91;164.6;98.5;40;8.3;17.8;2.77;1.87;0.33;0.46;0.93;0.91;0.11;38.4;8.11;3.93;2.51;0.42;1.49;7.04;102.6;78.4;7.1;3;14.1;0.37;0.35;0.09;0.1
13;100;100;100;0;22.44;5.22;14.91;4.8;4.81;0.181;70;26.6;13.71;7.58;1.33;4.17;8.12;170.4;97.8;48.1;8.3;16.2;2.74;1.28;0.33;0.45;0.58;0.56;0.098;30;5.62;2.66;1.75;0.31;1.04;6.79;73.1;52.6;4.9;2.1;13.6;0.26;0.17;0.06;0.08
13;100;100;100;50;22.86;5.76;16.45;5.18;5.18;0.187;68.6;27.75;14.4;7.94;1.36;4.32;9.19;170;95;47.9;8.6;18.4;2.7;1.63;0.36;0.48;0.8;0.79;0.1;31.4;7.83;3.71;2.49;0.45;1.44;7.26;77.9;53.6;6.9;2.9;14.5;0.38;0.23;0.08;0.11
13;100;100;100;100;22.77;6.18;17.51;5.63;5.67;0.202;67.5;28.07;14.85;7.85;1.38;4.38;9.64;167.6;93;46.5;8.8;19.3;2.62;2.23;0.36;0.47;1.08;1.07;0.105;32.5;10.04;4.72;3.15;0.52;1.8;7.87;80.7;54.5;6.9;3.6;15.7;0.49;0.34;0.11;0.14
14;0;0;0;0;14.7;1.81;5.23;1.4;1.41;0.161;71.5;8.72;4.42;2.5;0.43;1.39;2.95;250.7;217.2;24.7;2.8;5.9;0.73;0.41;0.11;0.15;0.18;0.2;0.075;28.5;2.25;1.03;0.74;0.13;0.41;2.28;99.7;92.4;1.9;0.8;4.6;0.12;0.03;0.02;0.03
14;0;0;0;50;14.47;2;5.53;1.57;1.55;0.163;71.1;9.46;4.8;2.73;0.47;1.55;3.08;248.3;214.8;24.2;3.1;6.2;0.74;0.51;0.13;0.16;0.21;0.22;0.079;28.9;2.4;1.12;0.76;0.13;0.44;2.45;101;93.4;1.8;0.9;4.9;0.12;0.04;0.03;0.03
14;0;0;0;100;14.25;2.1;5.99;1.66;1.71;0.169;70.3;10.1;5.12;2.92;0.49;1.63;3.31;245;211.7;23.4;3.3;6.6;0.7;0.7;0.13;0.17;0.27;0.25;0.082;29.7;2.66;1.27;0.86;0.11;0.48;2.67;103.5;94.5;2.7;1;5.3;0.13;0.06;0.03;0.04
14;0;0;50;0;16.86;2.18;6.17;1.46;1.5;0.158;76;9.56;4.74;2.85;0.5;1.56;3.44;251.1;212.8;28.3;3.1;6.9;0.72;0.48;0.14;0.17;0.29;0.3;0.081;24;3.44;1.6;1.05;0.18;0.62;2.73;79.1;70.6;1.9;1.2;5.5;0.19;0.03;0.04;0.04
14;0;0;50;50;17.08;2.59;7.42;1.69;1.66;0.157;74.9;10.59;5.32;3.13;0.57;1.72;4.07;246.8;206.9;28.3;3.4;8.1;0.7;0.63;0.14;0.19;0.41;0.41;0.084;25.1;4.74;2.17;1.5;0.26;0.87;3.35;82.3;72.2;1.7;1.7;6.7;0.26;0.04;0.04;0.06
14;0;0;50;100;17.07;2.94;8.64;1.98;1.97;0.171;73.9;11.54;5.82;3.36;0.58;1.79;4.83;243.3;202.6;27.4;3.6;9.7;0.69;0.92;0.15;0.21;0.55;0.57;0.087;26.1;6.37;2.91;2.07;0.33;1.14;3.81;85.8;73.4;2.6;2.3;7.6;0.35;0.06;0.07;0.09
14;0;0;100;0;18.35;2.39;7.18;1.52;1.54;0.153;81.4;10.05;5.02;3;0.52;1.55;4.03;251.4;209.5;30.8;3.1;8.1;0.69;0.53;0.13;0.18;0.38;0.38;0.083;18.6;4.41;2.04;1.45;0.21;0.84;3.15;57.4;47.7;1.8;1.7;6.3;0.25;0.03;0.04;0.06
14;0;0;100;50;19.45;3.07;8.8;1.85;1.79;0.152;80.1;11.76;5.88;3.52;0.56;1.92;4.87;246.6;201;32;3.8;9.7;0.68;0.75;0.15;0.21;0.54;0.54;0.085;19.9;6.21;2.87;1.99;0.33;1.15;3.93;61.2;49.2;1.8;2.3;7.9;0.35;0.04;0.06;0.09
14;0;0;100;100;19.63;3.5;10.09;2.14;2.15;0.167;78.8;12.83;6.56;3.69;0.64;2.03;5.61;241.8;195;31.5;4.1;11.2;0.65;1.1;0.17;0.22;0.71;0.69;0.086;21.2;7.9;3.67;2.54;0.42;1.47;4.48;64.8;50.3;2.5;2.9;9;0.45;0.06;0.08;0.11
14;0;50;0;0;15.19;2.13;6.07;1.58;1.64;0.159;70.5;10.36;5.2;3.04;0.56;1.71;3.37;246.5;211.1;25.3;3.4;6.7;0.72;0.6;0.13;0.18;0.2;0.21;0.077;29.5;2.34;1.09;0.7;0.14;0.43;2.69;102.9;94.7;1.9;0.9;5.4;0.12;0.04;0.03;0.03
14;0;50;0;50;15.05;2.23;6.45;1.94;1.86;0.166;69.7;11.21;5.7;3.26;0.6;1.76;3.52;242.1;206.6;24.9;3.5;7;0.69;0.82;0.14;0.2;0.24;0.24;0.083;30.3;2.51;1.15;0.81;0.14;0.47;2.93;104.9;96.4;1.7;0.9;5.9;0.12;0.05;0.03;0.03
14;0;50;0;100;14.76;2.39;6.8;2.09;2.1;0.176;69;11.95;6.13;3.45;0.56;1.89;3.82;239.2;203.9;23.9;3.8;7.6;0.68;1.05;0.15;0.21;0.3;0.27;0.089;31;2.71;1.3;0.82;0.16;0.5;2.99;107.1;97.4;2.7;1;6;0.13;0.08;0.03;0.03
14;0;50;50;0;17.53;2.46;7.44;1.75;1.79;0.154;74.8;11.65;5.78;3.47;0.61;1.81;4.17;245.8;204.4;29.4;3.6;8.3;0.7;0.73;0.14;0.21;0.34;0.32;0.082;25.2;3.67;1.65;1.16;0.22;0.65;3.27;82.5;72.9;1.8;1.3;6.5;0.2;0.04;0.04;0.05
14;0;50;50;50;17.66;2.94;8.52;2.11;2.08;0.162;73.8;12.83;6.46;3.77;0.65;2.02;4.76;241.1;198.5;29.1;4;9.5;0.68;1;0.17;0.23;0.47;0.45;0.088;26.2;4.94;2.32;1.58;0.27;0.91;3.75;85.5;74.5;1.6;1.8;7.5;0.27;0.06;0.06;0.07
14;0;50;50;100;17.77;3.33;9.77;2.55;2.44;0.178;73.6;13.66;7.04;3.97;0.63;2.14;5.42;250.5;192.8;42.5;4.3;10.8;0.65;1.38;0.17;0.23;0.65;0.61;0.089;26.4;6.67;3.09;2.14;0.37;1.19;4.35;89.7;76.1;2.5;2.4;8.7;0.37;0.08;0.07;0.09
14;0;50;100;0;19.29;2.92;8.33;1.93;1.9;0.15;80;12.63;6.35;3.79;0.62;2.06;4.58;243.8;198.3;32.2;4.1;9.2;0.68;0.83;0.16;0.23;0.41;0.4;0.083;20;4.57;2.1;1.45;0.25;0.87;3.75;60.7;49.7;1.7;1.7;7.5;0.26;0.03;0.05;0.06
14;0;50;100;50;20.31;3.59;10.14;2.29;2.39;0.165;79.9;14.46;7.35;4.25;0.69;2.38;5.74;255.7;189.8;49.7;4.8;11.5;0.64;1.29;0.21;0.25;0.55;0.58;0.087;20.1;6.59;3.06;2.11;0.32;1.2;4.4;64.1;51.3;1.6;2.4;8.8;0.37;0.05;0.07;0.09
14;0;50;100;100;20.73;4.11;11.45;2.84;2.79;0.176;78.4;15.87;8.18;4.54;0.8;2.5;6.39;249.5;181.9;49.8;5;12.8;0.63;1.68;0.21;0.27;0.74;0.73;0.088;21.6;8.18;3.84;2.56;0.43;1.61;5.06;68.4;52.8;2.3;3.2;10.1;0.46;0.07;0.09;0.11
14;0;100;0;0;15.99;2.49;6.97;1.95;1.97;0.158;70.3;12.54;6.34;3.64;0.63;2.07;3.87;253.5;201.7;39.8;4.1;7.7;0.69;0.89;0.17;0.22;0.21;0.22;0.08;29.7;2.33;1.08;0.75;0.13;0.42;3.1;106.9;98.2;1.7;0.8;6.2;0.12;0.05;0.02;0.03
14;0;100;0;50;15.51;2.64;7.45;2.35;2.3;0.174;69.6;13.22;6.91;3.76;0.66;2.12;4.13;249.5;199.2;37.8;4.2;8.3;0.69;1.2;0.18;0.23;0.31;0.28;0.09;30.4;2.79;1.36;0.83;0.15;0.52;3.33;108.6;99.1;1.8;1;6.7;0.13;0.08;0.03;0.04
14;0;100;0;100;15.27;2.86;7.87;2.67;2.71;0.191;68.8;14.2;7.46;4.05;0.69;2.31;4.4;245.1;194.6;37.1;4.6;8.8;0.66;1.62;0.19;0.24;0.29;0.32;0.096;31.2;2.96;1.39;0.94;0.17;0.56;3.47;111.2;100.8;2.3;1.1;6.9;0.14;0.1;0.03;0.04
14;0;100;50;0;18.58;2.94;8.49;2.26;2.25;0.159;74.5;14.14;7.06;4.22;0.71;2.27;4.73;253.3;193;46.3;4.5;9.5;0.64;1.17;0.19;0.25;0.32;0.34;0.085;25.5;3.72;1.68;1.2;0.23;0.67;3.76;86.6;76.1;1.7;1.3;7.5;0.2;0.05;0.04;0.05
14;0;100;50;50;18.67;3.42;9.79;2.66;2.64;0.17;73.3;15.49;7.91;4.56;0.75;2.47;5.42;247.5;186.3;45.4;4.9;10.8;0.65;1.51;0.2;0.27;0.47;0.47;0.089;26.7;5.15;2.4;1.63;0.27;0.94;4.37;90.1;77.9;1.5;1.9;8.7;0.28;0.07;0.05;0.07
14;0;100;50;100;18.58;3.8;10.71;3.15;3.15;0.196;72.2;16.13;8.53;4.48;0.79;2.54;6.09;243.2;181.9;44.1;5.1;12.2;0.61;2.06;0.2;0.28;0.69;0.63;0.091;27.8;6.81;3.29;2.09;0.35;1.26;4.63;93.2;79.1;2.3;2.5;9.3;0.38;0.1;0.07;0.09
14;0;100;100;0;20.33;3.41;9.77;2.47;2.42;0.157;79.7;15.46;7.89;4.48;0.84;2.54;5.37;252.8;186.6;50.4;5.1;10.7;0.64;1.32;0.2;0.27;0.44;0.43;0.085;20.3;4.83;2.24;1.52;0.24;0.88;4.39;64.1;51.9;1.6;1.8;8.8;0.27;0.05;0.04;0.07
14;0;100;100;50;21.47;4.04;11.53;2.98;2.95;0.167;78.4;17.61;9.06;5.09;0.92;2.87;6.45;247.1;175.7;52.8;5.7;12.9;0.6;1.81;0.23;0.31;0.61;0.59;0.087;21.6;6.6;3.06;2.07;0.35;1.18;5.08;67.8;53.9;1.4;2.4;10.2;0.38;0.06;0.07;0.08
14;0;100;100;100;21.96;4.5;12.8;3.67;3.69;0.194;76.8;19;10.04;5.26;0.94;2.96;7.11;239.8;166.7;52.9;5.9;14.2;0.55;2.57;0.24;0.33;0.84;0.78;0.091;23.2;8.47;3.93;2.7;0.49;1.54;5.69;72.2;55.6;2.1;3.1;11.4;0.48;0.09;0.1;0.11
14;50;0;0;0;15.81;2.4;6.84;2.14;2.16;0.178;66.3;12.18;6.14;3.57;0.58;1.89;3.75;200.9;165.3;24.3;3.8;7.5;1.38;0.42;0.16;0.21;0.23;0.24;0.08;33.7;2.6;1.25;0.81;0.12;0.52;3.09;102;91.3;3.6;1;6.2;0.11;0.06;0.03;0.04
14;50;0;0;50;15.59;2.44;7.09;2.29;2.23;0.179;66;12.47;6.5;3.51;0.61;1.93;3.87;199.7;164.5;23.6;3.9;7.7;1.37;0.5;0.15;0.21;0.28;0.27;0.084;34;2.84;1.34;0.89;0.14;0.51;3.22;102.8;91.7;3.6;1;6.4;0.12;0.09;0.03;0.04
14;50;0;0;100;15.13;2.65;7.77;2.45;2.44;0.184;65.3;13.28;6.9;3.88;0.62;2.05;4.36;198.8;163.4;22.6;4.1;8.7;1.38;0.67;0.16;0.23;0.33;0.34;0.095;34.7;3.25;1.56;1.04;0.17;0.6;3.41;105.4;92.2;5.2;1.2;6.8;0.13;0.13;0.03;0.04
14;50;0;50;0;17.99;2.76;7.68;2.29;2.24;0.174;71.4;12.87;6.69;3.65;0.65;2.06;4.28;203;162.1;28.2;4.1;8.6;1.36;0.48;0.17;0.22;0.34;0.32;0.083;28.6;3.61;1.75;1.12;0.21;0.7;3.4;81.4;69.6;3.6;1.4;6.8;0.18;0.06;0.04;0.05
14;50;0;50;50;17.99;3.13;9.01;2.39;2.38;0.174;70.7;13.7;7.07;3.91;0.71;2.15;5.09;201.8;159.9;27.4;4.3;10.2;1.35;0.61;0.17;0.24;0.43;0.47;0.089;29.3;5.14;2.38;1.65;0.27;0.98;3.92;83.7;70.4;3.4;2;7.8;0.26;0.09;0.06;0.07
14;50;0;50;100;18.15;3.54;10.18;2.6;2.68;0.182;69.1;14.73;7.48;4.36;0.69;2.31;5.64;198.5;155.5;27.1;4.6;11.3;1.3;0.93;0.19;0.26;0.69;0.63;0.092;30.9;6.72;3.13;2.1;0.39;1.23;4.54;88.7;72.1;5;2.5;9.1;0.34;0.13;0.07;0.09
14;50;0;100;0;19.19;3;8.52;2.2;2.26;0.172;77.5;13.2;6.74;3.89;0.65;2.1;4.85;205;160.9;30.2;4.2;9.7;1.34;0.52;0.17;0.23;0.41;0.41;0.085;22.5;4.62;2.17;1.45;0.24;0.9;3.67;59.4;46.7;3.5;1.8;7.3;0.24;0.06;0.05;0.06
14;50;0;100;50;20.08;3.69;10.34;2.54;2.5;0.169;76;14.79;7.65;4.28;0.75;2.4;5.73;201.9;154.6;31.1;4.8;11.5;1.31;0.72;0.2;0.27;0.61;0.61;0.088;24;6.78;3.1;2.25;0.33;1.29;4.61;63.5;48.3;3.4;2.6;9.2;0.36;0.09;0.07;0.09
14;50;0;100;100;20.56;4.04;11.59;2.84;2.87;0.179;74.7;16.07;8.32;4.59;0.77;2.54;6.51;199.3;150.1;31.1;5.1;13;1.28;1.1;0.21;0.28;0.79;0.75;0.09;25.3;8.14;3.79;2.57;0.41;1.5;5.08;67.4;49.4;4.9;3;10.2;0.43;0.12;0.09;0.11
14;50;50;0;0;15.81;3;8.41;2.86;2.91;0.183;66;15.97;8.26;4.56;0.81;2.55;4.66;201.7;162.5;24.7;5.1;9.3;1.84;0.59;0.21;0.27;0.23;0.23;0.078;34;2.43;1.09;0.77;0.14;0.45;3.75;103.6;92.6;2.6;0.9;7.5;0.11;0.06;0.03;0.03
14;50;50;0;50;15.55;3.15;9;2.99;3.14;0.186;65.5;16.92;8.71;4.92;0.85;2.68;5.05;199.6;160.2;24;5.4;10.1;1.82;0.8;0.23;0.29;0.26;0.27;0.088;34.5;2.69;1.25;0.86;0.15;0.47;3.95;105.1;93.8;2.5;0.9;7.9;0.12;0.08;0.03;0.04
14;50;50;0;100;15.64;3.23;9.4;3.25;3.3;0.191;64.6;17.3;9.03;4.92;0.84;2.69;5.23;197.3;157.9;23.6;5.4;10.5;1.77;1.02;0.21;0.3;0.33;0.33;0.097;35.4;3.15;1.48;1.02;0.16;0.54;4.17;108.2;94.9;3.8;1.1;8.3;0.13;0.13;0.03;0.05
14;50;50;50;0;18.19;3.4;9.69;2.94;3.01;0.177;70.7;17.06;8.7;4.97;0.88;2.7;5.39;202.3;157.5;28.7;5.4;10.8;1.78;0.72;0.23;0.29;0.35;0.33;0.084;29.3;3.66;1.7;1.18;0.2;0.7;4.29;83.8;71.4;2.5;1.4;8.6;0.19;0.05;0.04;0.05
14;50;50;50;50;18.3;3.82;10.83;3.24;3.26;0.181;69.6;18.04;9.29;5.23;0.91;2.9;6.01;199.3;153.1;28.4;5.8;12;1.72;0.98;0.24;0.31;0.47;0.47;0.089;30.4;5.09;2.37;1.61;0.27;0.93;4.82;86.8;73;2.4;1.9;9.6;0.27;0.08;0.05;0.07
14;50;50;50;100;18.43;4.07;11.96;3.57;3.57;0.191;69.7;18.72;9.69;5.39;0.9;2.79;6.73;209.7;149.1;41.5;5.6;13.5;1.66;1.35;0.23;0.32;0.65;0.64;0.092;30.3;6.79;3.14;2.2;0.36;1.28;5.23;91.1;74.4;3.6;2.6;10.5;0.36;0.12;0.07;0.09
14;50;50;100;0;19.97;3.73;10.62;3.1;3.07;0.172;76.2;17.88;9.14;5.22;0.86;2.88;5.76;201.3;152.3;31.7;5.8;11.5;1.7;0.83;0.24;0.31;0.41;0.43;0.086;23.8;4.76;2.13;1.56;0.27;0.85;4.86;62.7;48.8;2.5;1.7;9.7;0.25;0.05;0.05;0.07
14;50;50;100;50;20.79;4.3;12.21;3.39;3.5;0.182;76.7;19.27;9.99;5.51;0.97;3.05;6.88;216.2;147.9;48.5;6.1;13.8;1.67;1.23;0.26;0.34;0.68;0.61;0.089;23.3;6.72;3.15;2.13;0.38;1.25;5.33;65.5;49.9;2.4;2.5;10.7;0.36;0.08;0.07;0.09
14;50;50;100;100;21.36;4.8;13.57;3.88;3.86;0.188;75;20.57;10.73;5.84;0.98;3.27;7.57;211.5;141;48.8;6.5;15.1;1.59;1.65;0.27;0.35;0.78;0.77;0.091;25;8.35;3.87;2.69;0.46;1.53;6;70.2;51.6;3.5;3.1;12;0.45;0.12;0.08;0.11
14;50;100;0;0;16.4;3.6;10.19;3.62;3.68;0.184;66.5;20.07;10.21;5.81;0.97;3.15;5.66;212.7;156.8;38.3;6.3;11.3;2.21;0.86;0.26;0.34;0.22;0.23;0.083;33.5;2.42;1.12;0.77;0.14;0.44;4.53;107.3;95.5;1.9;0.9;9.1;0.12;0.06;0.02;0.03
14;50;100;0;50;15.83;3.72;10.54;3.79;3.96;0.193;65.6;20.61;10.69;5.91;0.98;3.22;5.81;209.1;154.2;36.7;6.4;11.6;2.18;1.17;0.27;0.35;0.28;0.28;0.09;34.4;2.73;1.27;0.9;0.13;0.5;4.72;109.7;96.7;2.5;1;9.4;0.13;0.08;0.03;0.04
14;50;100;0;100;15.69;3.79;10.83;4.28;4.32;0.203;65;21.32;11.26;5.97;0.99;3.25;6.07;206.4;151.9;35.8;6.5;12.1;2.15;1.53;0.27;0.36;0.32;0.33;0.1;35;3;1.42;0.97;0.14;0.55;4.76;111.2;97.9;2.7;1.1;9.5;0.14;0.12;0.02;0.04
14;50;100;50;0;19.02;4.09;11.76;3.96;3.92;0.182;71;21.65;11.13;6.21;1.1;3.38;6.6;215.1;149.9;45.2;6.8;13.2;2.13;1.16;0.26;0.37;0.32;0.33;0.088;29;3.58;1.64;1.19;0.19;0.7;5.16;87.6;74.2;1.7;1.4;10.3;0.19;0.06;0.04;0.05
14;50;100;50;50;18.91;4.45;12.46;4.12;4.13;0.188;69.8;21.99;11.51;6.23;1.07;3.47;6.88;210.7;146.2;43.9;6.9;13.8;2.04;1.44;0.28;0.38;0.53;0.48;0.091;30.2;5.13;2.43;1.62;0.23;0.97;5.58;91.2;75.5;2.6;1.9;11.2;0.28;0.08;0.06;0.06
14;50;100;50;100;18.98;4.74;13.85;4.55;4.71;0.204;68.6;23.08;12.18;6.45;1.11;3.48;7.79;207.1;141.3;43.2;7;15.6;1.98;2.04;0.29;0.4;0.63;0.67;0.094;31.4;6.96;3.19;2.22;0.38;1.26;6.05;94.6;77.4;2.6;2.5;12.1;0.38;0.12;0.07;0.1
14;50;100;100;0;20.61;4.38;12.62;4.02;4.01;0.179;76.8;22.47;11.54;6.44;1.1;3.48;7.01;215.9;145.8;49.2;7;14;2.07;1.28;0.28;0.39;0.42;0.43;0.088;23.2;4.71;2.18;1.47;0.24;0.89;5.61;65.2;50.5;1.8;1.8;11.2;0.26;0.06;0.05;0.06
14;50;100;100;50;21.73;4.89;14.16;4.35;4.38;0.183;75.1;23.94;12.34;6.91;1.19;3.67;7.94;211.4;136.8;51.3;7.3;15.9;1.9;1.76;0.29;0.43;0.68;0.62;0.09;24.9;6.76;3.2;2.09;0.38;1.22;6.22;69.9;52.7;2.4;2.4;12.4;0.38;0.08;0.07;0.1
14;50;100;100;100;22.23;5.24;15.46;4.92;5.04;0.202;73.7;24.95;13.11;6.95;1.25;3.76;8.52;206.6;130.9;51.2;7.5;17;1.83;2.48;0.31;0.41;0.79;0.78;0.091;26.3;8.43;3.83;2.71;0.46;1.48;6.94;73.3;54.1;2.3;3;13.9;0.48;0.11;0.08;0.11
14;100;0;0;0;17.49;2.93;8.32;2.69;2.8;0.188;59.1;14.93;7.64;4.3;0.75;2.35;4.6;151;113.2;24;4.7;9.2;1.96;0.4;0.19;0.26;0.32;0.3;0.088;40.9;3.12;1.52;0.97;0.17;0.58;3.72;104.3;89.1;6.6;1.2;7.4;0.11;0.11;0.04;0.04
14;100;0;0;50;17.27;3.22;8.91;2.95;2.94;0.188;58.8;15.71;8.27;4.42;0.77;2.54;4.9;150.5;112.5;23.1;5.1;9.8;1.96;0.51;0.21;0.27;0.4;0.38;0.097;41.2;3.7;1.77;1.16;0.21;0.68;4.01;105.5;89.6;6.5;1.4;8;0.12;0.17;0.04;0.05
14;100;0;0;100;16.76;3.33;9.47;3.06;3.11;0.192;57.8;16.22;8.39;4.65;0.83;2.55;5.2;149.9;112.7;21.8;5.1;10.4;1.97;0.66;0.22;0.27;0.53;0.49;0.107;42.2;4.46;2.1;1.36;0.23;0.78;4.28;109.3;89.5;9.8;1.6;8.6;0.13;0.26;0.04;0.06
14;100;0;50;0;19.59;3.27;9.39;2.8;2.88;0.183;64.5;15.78;8.14;4.53;0.78;2.5;5.2;153.7;110.5;27.8;5;10.4;1.93;0.48;0.2;0.27;0.42;0.39;0.087;35.5;4.24;1.94;1.4;0.22;0.77;4.19;84.5;68.3;6.3;1.5;8.4;0.18;0.11;0.04;0.06
14;100;0;50;50;19.37;3.73;10.34;2.96;2.97;0.184;63.9;16.23;8.41;4.69;0.74;2.59;5.73;153.1;109.9;26.6;5.2;11.5;1.9;0.59;0.22;0.27;0.63;0.58;0.093;36.1;6.02;2.93;1.81;0.32;1.14;4.61;86.6;68.6;6.4;2.3;9.2;0.26;0.16;0.07;0.08
14;100;0;50;100;19.56;4.07;11.67;3.31;3.28;0.19;62.3;17.31;9.07;4.86;0.86;2.72;6.49;152.3;107.6;26.2;5.4;13;1.88;0.89;0.22;0.29;0.76;0.75;0.098;37.7;7.51;3.46;2.4;0.41;1.35;5.19;92.3;69.9;9.3;2.7;10.4;0.33;0.24;0.08;0.1
14;100;0;100;0;20.83;3.4;9.77;2.85;2.85;0.181;71.2;15.78;8.14;4.5;0.78;2.48;5.48;155.2;109.5;29.9;5;11;1.86;0.51;0.21;0.27;0.46;0.46;0.088;28.8;5.12;2.3;1.64;0.28;0.92;4.29;62.8;45.9;6.5;1.8;8.6;0.24;0.11;0.05;0.07
14;100;0;100;50;21.73;4.03;11.56;3.08;3.04;0.177;70;17.2;8.77;4.96;0.81;2.71;6.49;154.7;105.8;30.6;5.4;13;1.8;0.72;0.22;0.3;0.72;0.67;0.09;30;7.29;3.44;2.28;0.4;1.32;5.07;66.2;47.3;6.2;2.6;10.1;0.35;0.16;0.07;0.1
14;100;0;100;100;21.89;4.58;13.19;3.24;3.4;0.186;68.1;18.32;9.45;5.3;0.96;2.91;7.24;154.2;103.7;30.2;5.8;14.5;1.78;1.06;0.24;0.32;0.9;0.89;0.096;31.9;9.12;4.32;2.85;0.49;1.67;5.95;72.2;48;8.9;3.3;11.9;0.43;0.24;0.1;0.12
14;100;50;0;0;17.7;3.87;10.8;3.91;4.01;0.193;59.6;20.84;10.92;5.94;1.03;3.31;6.17;155.7;112.7;24.1;6.6;12.3;2.8;0.57;0.29;0.36;0.32;0.31;0.091;40.4;3.14;1.48;0.97;0.16;0.56;4.63;105.5;89.5;5.6;1.1;9.3;0.11;0.13;0.03;0.04
14;100;50;0;50;17.46;3.98;11.41;4.11;4.18;0.196;58.3;21.42;11.24;6.01;1.05;3.32;6.31;153.9;111.5;23.2;6.6;12.6;2.78;0.77;0.27;0.36;0.44;0.43;0.108;41.7;3.73;1.75;1.16;0.2;0.66;5.11;110.3;90.3;8.4;1.3;10.2;0.12;0.22;0.04;0.05
14;100;50;0;100;17.15;4.2;11.78;4.37;4.39;0.199;57.7;22.12;11.69;6.19;1.06;3.43;6.59;152.3;109.8;22.4;6.9;13.2;2.73;1;0.28;0.38;0.54;0.5;0.113;42.3;4.22;2.05;1.3;0.21;0.77;5.18;111.6;91.6;8.1;1.5;10.4;0.13;0.27;0.05;0.05
14;100;50;50;0;20.07;4.13;12.06;3.98;4.08;0.187;64.2;21.83;11.31;6.14;1.1;3.39;6.67;156.6;108.3;28.2;6.8;13.3;2.71;0.71;0.29;0.38;0.4;0.41;0.091;35.8;4.36;2;1.39;0.26;0.74;5.39;87.1;69.5;5.3;1.5;10.8;0.19;0.13;0.04;0.06
14;100;50;50;50;19.75;4.55;12.77;4.25;4.24;0.191;62.9;22.27;11.8;6.09;1.09;3.53;7.11;155.4;106.8;27.3;7.1;14.2;2.64;0.93;0.29;0.38;0.61;0.61;0.1;37.1;5.94;2.75;1.83;0.34;1.01;5.66;91.7;70.4;8;2;11.3;0.26;0.2;0.06;0.09
14;100;50;50;100;19.83;4.91;14.18;4.56;4.57;0.199;63.9;23.05;12.15;6.52;1.08;3.51;7.93;167.5;105;39.7;7;15.9;2.6;1.28;0.3;0.39;0.83;0.8;0.101;36.1;7.72;3.69;2.38;0.4;1.41;6.25;94.6;71.4;7.9;2.8;12.5;0.35;0.27;0.07;0.11
14;100;50;100;0;21.55;4.48;12.67;4.14;4.11;0.184;70.7;22.36;11.66;6.28;1.08;3.5;7.11;158;106.1;30.8;7;14.2;2.63;0.79;0.29;0.39;0.51;0.49;0.09;29.3;5.23;2.43;1.66;0.3;0.98;5.57;65.5;47.2;5.3;2;11.1;0.24;0.13;0.05;0.07
14;100;50;100;50;22.11;4.98;14.3;4.45;4.45;0.19;70.8;23.5;12.27;6.67;1.15;3.63;8.03;172.8;102.6;46.9;7.3;16.1;2.55;1.2;0.3;0.41;0.73;0.73;0.097;29.2;7.38;3.52;2.29;0.39;1.35;6.28;71.4;48.5;7.7;2.7;12.6;0.35;0.2;0.07;0.11
14;100;50;100;100;22.59;5.55;15.63;4.94;4.81;0.195;69.6;24.77;12.96;7.04;1.17;3.82;8.76;170.9;98.6;47.1;7.6;17.5;2.47;1.6;0.32;0.43;0.97;0.92;0.098;30.4;9.27;4.38;2.85;0.52;1.73;6.87;74.7;49.9;7.6;3.5;13.7;0.45;0.26;0.09;0.12
14;100;100;0;0;18.14;4.4;12.48;4.66;4.73;0.192;60.6;24.7;12.82;6.89;1.24;3.87;6.91;168;108.6;37.8;7.7;13.8;3.17;0.84;0.32;0.41;0.33;0.34;0.102;39.4;3.13;1.46;0.98;0.16;0.53;5.58;109.2;92.4;4.6;1.1;11.2;0.11;0.16;0.03;0.04
14;100;100;0;50;17.81;4.53;13.08;4.98;5.05;0.199;59.5;25.43;13.36;7.13;1.21;3.92;7.23;165.9;107.2;36.4;7.8;14.5;3.15;1.16;0.32;0.42;0.45;0.44;0.113;40.5;3.63;1.71;1.16;0.21;0.61;5.85;113.1;93.5;6.7;1.2;11.7;0.12;0.23;0.03;0.05
14;100;100;0;100;17.05;4.67;13.38;5.35;5.39;0.207;58.8;26.07;13.83;7.3;1.25;3.99;7.35;163.1;106;34.5;8;14.7;3.14;1.49;0.32;0.44;0.52;0.53;0.128;41.2;3.98;1.96;1.18;0.21;0.69;6.03;114.2;94.4;6.4;1.4;12.1;0.13;0.31;0.04;0.05
14;100;100;50;0;20.47;4.82;13.88;4.98;4.94;0.19;65.3;26.07;13.58;7.42;1.27;4.03;7.61;170.7;103.4;44;8.1;15.2;3.04;1.13;0.33;0.44;0.46;0.45;0.098;34.7;4.43;2.07;1.38;0.26;0.79;6.27;90.5;72.2;4.1;1.6;12.5;0.2;0.15;0.05;0.06
14;100;100;50;50;20.29;5.26;14.72;5.22;5.19;0.195;64;26.66;14.03;7.53;1.26;4.19;8.05;168.7;101.5;42.8;8.4;16.1;2.99;1.41;0.34;0.45;0.64;0.62;0.104;36;5.9;2.89;1.79;0.29;1.07;6.66;94.9;73.3;6.2;2.1;13.3;0.27;0.21;0.06;0.08
14;100;100;50;100;20.26;5.58;15.81;5.68;5.68;0.208;63.1;27.35;14.58;7.66;1.3;4.18;8.74;166.9;99.3;41.8;8.4;17.5;2.94;1.95;0.34;0.45;0.88;0.82;0.107;36.9;7.56;3.63;2.37;0.39;1.4;7.08;97.5;74.5;6.1;2.8;14.2;0.36;0.29;0.08;0.1
14;100;100;100;0;21.78;5.27;14.55;5.04;5;0.187;71.7;26.76;14.03;7.49;1.29;4.26;8.13;173.2;100.9;47.6;8.5;16.3;2.96;1.24;0.35;0.46;0.57;0.54;0.096;28.3;5.43;2.58;1.72;0.29;1.01;6.43;68.2;49.1;4.2;2;12.9;0.25;0.15;0.06;0.08
14;100;100;100;50;23.09;5.81;16.43;5.33;5.33;0.191;69.8;27.97;14.65;7.93;1.37;4.44;9.1;172.4;96.1;49.2;8.9;18.2;2.8;1.7;0.36;0.46;0.74;0.76;0.098;30.2;7.55;3.51;2.39;0.39;1.37;7.33;74.6;50.8;6.4;2.7;14.7;0.37;0.21;0.07;0.1
14;100;100;100;100;23.12;6.15;17.52;5.84;5.97;0.206;68.8;29.08;15.42;8.03;1.37;4.5;9.71;169.9;92.1;49.3;9;19.4;2.72;2.4;0.37;0.48;0.96;0.96;0.102;31.2;9.24;4.33;2.94;0.51;1.65;7.8;76.9;52.3;5.7;3.3;15.6;0.46;0.27;0.1;0.13
15;0;0;0;0;15.21;1.85;5.24;1.48;1.47;0.163;73;9.02;4.55;2.67;0.47;1.47;2.93;255.5;221.1;25.6;2.9;5.9;0.75;0.44;0.12;0.16;0.21;0.19;0.074;27;2.13;1.01;0.65;0.14;0.39;2.31;94.2;86.9;1.9;0.8;4.6;0.11;0.03;0.02;0.03
15;0;0;0;50;14.91;1.96;5.62;1.64;1.6;0.165;72.7;9.67;4.91;2.79;0.53;1.52;3.21;253.5;219.1;24.9;3;6.4;0.76;0.54;0.13;0.17;0.25;0.22;0.077;27.3;2.42;1.12;0.76;0.14;0.43;2.42;95.1;87.6;1.9;0.9;4.8;0.12;0.04;0.02;0.03
15;0;0;0;100;14.59;2.11;6.19;1.72;1.77;0.173;72;10.26;5.23;3.02;0.53;1.62;3.44;250.8;216.7;24;3.2;6.9;0.76;0.7;0.13;0.18;0.25;0.25;0.082;28;2.66;1.26;0.84;0.14;0.49;2.75;97.5;88.4;2.7;1;5.5;0.13;0.06;0.03;0.03
15;0;0;50;0;17.26;2.14;6.12;1.5;1.52;0.159;77.4;9.57;4.81;2.81;0.48;1.55;3.35;256.4;217.2;29.4;3.1;6.7;0.73;0.49;0.12;0.17;0.29;0.28;0.08;22.6;3.25;1.51;1.02;0.17;0.59;2.76;74.6;66.2;1.8;1.2;5.5;0.18;0.03;0.03;0.05
15;0;0;50;50;17.54;2.54;7.3;1.69;1.7;0.159;76.5;10.69;5.43;3.08;0.54;1.73;4.07;252.2;211.5;29.2;3.5;8.1;0.72;0.65;0.15;0.19;0.39;0.4;0.084;23.5;4.53;2.11;1.4;0.27;0.81;3.23;77.5;67.6;1.7;1.6;6.5;0.25;0.04;0.05;0.06
15;0;0;50;100;17.5;2.98;8.52;2.05;2.01;0.172;75.2;11.72;5.98;3.4;0.58;1.85;4.8;247.6;205.8;28.5;3.7;9.6;0.68;0.97;0.16;0.21;0.57;0.54;0.086;24.8;6.17;2.88;1.94;0.35;1.13;3.72;81.3;69.1;2.5;2.3;7.4;0.34;0.06;0.06;0.08
15;0;0;100;0;18.26;2.42;6.92;1.54;1.59;0.157;82.6;10.13;5.03;3.02;0.53;1.59;3.94;257;215.1;30.9;3.2;7.9;0.74;0.53;0.14;0.19;0.38;0.38;0.083;17.4;4.32;2.02;1.36;0.19;0.83;2.98;53.9;44.5;1.8;1.7;6;0.24;0.03;0.05;0.06
15;0;0;100;50;19.34;3.1;8.77;1.82;1.8;0.155;81.2;11.65;5.8;3.42;0.58;1.9;4.86;251.5;206.2;31.8;3.8;9.7;0.7;0.75;0.16;0.2;0.59;0.56;0.085;18.8;6.36;3.04;1.96;0.35;1.2;3.91;58;46;1.8;2.4;7.8;0.36;0.05;0.07;0.09
15;0;0;100;100;20.32;3.46;10.03;2.23;2.25;0.168;79.9;13.39;6.82;3.88;0.64;2.11;5.61;245.8;197.3;33.1;4.2;11.2;0.67;1.18;0.17;0.24;0.65;0.63;0.085;20.1;7.25;3.36;2.37;0.35;1.34;4.42;61.5;47.5;2.5;2.7;8.8;0.41;0.05;0.07;0.1
15;0;50;0;0;15.66;2.11;6.03;1.62;1.69;0.16;72.1;10.54;5.27;3.1;0.54;1.69;3.33;251.1;214.7;26.4;3.4;6.7;0.74;0.63;0.14;0.19;0.17;0.19;0.074;27.9;2.14;0.99;0.69;0.13;0.42;2.7;97.1;89.1;1.7;0.8;5.4;0.11;0.04;0.02;0.03
15;0;50;0;50;15.52;2.28;6.51;1.96;1.97;0.168;71.4;11.69;5.92;3.4;0.56;1.82;3.65;247.2;210.4;25.9;3.6;7.3;0.74;0.86;0.16;0.21;0.23;0.23;0.084;28.6;2.4;1.17;0.74;0.12;0.46;2.86;98.9;90.5;1.7;0.9;5.7;0.11;0.06;0.03;0.03
15;0;50;0;100;15;2.48;6.82;2.24;2.19;0.178;70.7;12.31;6.38;3.51;0.58;1.95;3.87;244.4;208.1;24.7;3.9;7.7;0.73;1.08;0.17;0.22;0.3;0.28;0.09;29.3;2.81;1.29;0.89;0.16;0.53;2.96;100.9;91.3;2.6;1.1;5.9;0.13;0.08;0.03;0.04
15;0;50;50;0;18.08;2.56;7.4;1.83;1.87;0.156;76.2;11.96;6;3.54;0.67;1.95;4.06;250.6;208.3;30.3;3.9;8.1;0.75;0.75;0.16;0.21;0.3;0.31;0.084;23.8;3.5;1.61;1.11;0.18;0.62;3.33;78.1;68.4;1.8;1.2;6.7;0.19;0.04;0.04;0.05
15;0;50;50;50;18.26;2.96;8.52;2.06;2.13;0.163;75.2;13.03;6.61;3.8;0.63;2.13;4.76;245.7;201.9;30;4.3;9.5;0.69;1.04;0.18;0.23;0.45;0.43;0.086;24.8;4.79;2.19;1.49;0.29;0.83;3.76;80.9;70;1.7;1.7;7.5;0.26;0.06;0.04;0.07
15;0;50;50;100;18.26;3.39;9.71;2.54;2.52;0.18;75;14.02;7.23;4.06;0.69;2.21;5.48;255.7;196.3;44;4.4;11;0.67;1.43;0.18;0.25;0.57;0.59;0.089;25;6.42;2.97;2.04;0.35;1.19;4.23;84.8;71.5;2.5;2.4;8.5;0.35;0.08;0.07;0.09
15;0;50;100;0;19.24;2.97;8.3;1.96;1.93;0.153;81.3;12.65;6.42;3.7;0.63;2.13;4.64;248.9;203.3;32.1;4.3;9.3;0.69;0.83;0.18;0.23;0.42;0.41;0.084;18.7;4.67;2.15;1.49;0.25;0.84;3.65;57.2;46.5;1.8;1.7;7.3;0.26;0.04;0.04;0.06
15;0;50;100;50;20.43;3.55;10.15;2.43;2.44;0.167;81;14.63;7.52;4.26;0.71;2.41;5.68;260;193.6;50.2;4.8;11.4;0.68;1.3;0.2;0.26;0.58;0.56;0.085;19;6.43;2.92;2.04;0.37;1.15;4.46;60.9;48.1;1.5;2.3;8.9;0.37;0.05;0.06;0.08
15;0;50;100;100;21.22;3.85;11.27;2.87;2.82;0.177;79.7;15.94;8.23;4.6;0.78;2.46;6.23;254.8;185.8;51.6;4.9;12.5;0.62;1.73;0.21;0.27;0.75;0.69;0.088;20.3;7.67;3.53;2.45;0.4;1.4;5.04;64.7;49.4;2.4;2.8;10.1;0.43;0.08;0.08;0.1
15;0;100;0;0;16.36;2.53;7.08;2.12;2.03;0.159;71.9;12.81;6.5;3.75;0.68;2.06;3.96;258.6;205.4;41.1;4.1;7.9;0.71;0.92;0.18;0.23;0.21;0.22;0.081;28.1;2.31;1.13;0.72;0.11;0.46;3.12;101;92.2;1.7;0.9;6.2;0.11;0.05;0.02;0.03
15;0;100;0;50;16.16;2.64;7.56;2.42;2.38;0.175;71.3;13.59;7;3.92;0.65;2.16;4.25;254.9;202.3;39.9;4.3;8.5;0.7;1.27;0.18;0.23;0.28;0.27;0.087;28.7;2.65;1.25;0.84;0.15;0.48;3.31;102.6;93.3;1.8;1;6.6;0.12;0.08;0.03;0.04
15;0;100;0;100;15.82;2.81;7.84;2.78;2.78;0.193;70.3;14.44;7.6;4.07;0.7;2.27;4.37;249.8;197.7;38.9;4.5;8.7;0.67;1.67;0.19;0.24;0.29;0.3;0.096;29.7;2.83;1.36;0.86;0.17;0.54;3.47;105.3;94.8;2.4;1.1;6.9;0.13;0.11;0.03;0.04
15;0;100;50;0;19.23;2.96;8.64;2.36;2.33;0.16;75.8;14.55;7.35;4.24;0.79;2.32;4.82;258.3;195.9;48.1;4.6;9.6;0.66;1.22;0.19;0.26;0.32;0.33;0.085;24.2;3.59;1.63;1.18;0.2;0.64;3.82;82.2;71.6;1.7;1.3;7.6;0.19;0.05;0.03;0.05
15;0;100;50;50;19.24;3.34;9.67;2.84;2.72;0.172;74.7;15.89;8.21;4.51;0.75;2.46;5.47;252.3;189.3;47.2;4.9;10.9;0.67;1.57;0.21;0.28;0.51;0.46;0.088;25.3;5;2.31;1.59;0.28;0.89;4.2;85.1;73.2;1.7;1.8;8.4;0.27;0.07;0.05;0.07
15;0;100;50;100;19.35;3.75;10.91;3.38;3.3;0.197;73.4;16.78;8.82;4.78;0.8;2.58;6.08;246.6;182.6;46.7;5.2;12.2;0.61;2.19;0.22;0.28;0.61;0.61;0.092;26.6;6.54;3.02;2.11;0.39;1.17;4.83;89.2;74.9;2.2;2.3;9.7;0.36;0.1;0.07;0.09
15;0;100;100;0;20.29;3.43;9.62;2.5;2.46;0.159;81;15.51;7.78;4.62;0.79;2.55;5.4;257.4;190.9;50.7;5.1;10.8;0.65;1.32;0.2;0.28;0.45;0.43;0.086;19;4.81;2.27;1.49;0.26;0.88;4.22;60.3;48.6;1.6;1.8;8.4;0.27;0.05;0.06;0.06
15;0;100;100;50;21.28;4.03;11.34;3.03;2.93;0.17;79.6;17.25;8.77;4.98;0.82;2.72;6.38;251.3;181.3;51.9;5.4;12.8;0.64;1.76;0.23;0.29;0.65;0.62;0.087;20.4;6.97;3.3;2.14;0.39;1.31;4.96;64.2;50.2;1.5;2.6;9.9;0.4;0.06;0.07;0.1
15;0;100;100;100;22.44;4.42;12.92;3.76;3.79;0.195;78;19.42;10.13;5.5;0.97;2.98;7.21;244.5;169.7;54.4;6;14.4;0.58;2.63;0.25;0.33;0.78;0.74;0.091;22;8.04;3.7;2.6;0.45;1.44;5.71;68.6;52.1;2.2;2.9;11.4;0.45;0.1;0.08;0.11
15;50;0;0;0;15.98;2.37;6.63;2.31;2.26;0.183;68.3;12.41;6.5;3.49;0.59;1.96;3.69;205.3;168.5;25.5;3.9;7.4;1.45;0.43;0.17;0.21;0.21;0.2;0.075;31.7;2.23;1.05;0.67;0.14;0.41;2.93;95.2;85.7;2.8;0.8;5.9;0.1;0.05;0.02;0.03
15;50;0;0;50;15.52;2.43;7.08;2.44;2.38;0.183;68;13.01;6.67;3.8;0.63;1.99;4.01;203.9;167.2;24.7;4;8;1.45;0.53;0.16;0.23;0.23;0.23;0.081;32;2.5;1.18;0.8;0.14;0.44;3.06;96;86.3;2.7;0.9;6.1;0.11;0.07;0.02;0.04
15;50;0;0;100;15.33;2.73;7.57;2.57;2.55;0.188;67;13.67;7.21;3.88;0.65;2.18;4.22;202;165.3;23.9;4.4;8.4;1.43;0.71;0.18;0.23;0.29;0.29;0.089;33;2.92;1.36;0.92;0.16;0.55;3.36;99.1;87.2;4.2;1.1;6.7;0.12;0.1;0.03;0.04
15;50;0;50;0;18.05;2.7;7.72;2.37;2.36;0.179;73.2;13.26;6.89;3.8;0.65;2.09;4.36;207.6;165.4;29.3;4.2;8.7;1.46;0.5;0.17;0.23;0.31;0.3;0.082;26.8;3.38;1.55;1.11;0.18;0.61;3.35;76;65.3;2.7;1.2;6.7;0.17;0.04;0.03;0.05
15;50;0;50;50;18.01;3.13;8.82;2.53;2.48;0.179;72.3;13.91;7.2;3.97;0.7;2.21;4.94;205.4;162.9;28.2;4.4;9.9;1.44;0.62;0.18;0.24;0.46;0.44;0.087;27.7;4.87;2.33;1.53;0.25;0.93;3.87;78.5;66.2;2.7;1.9;7.7;0.25;0.07;0.05;0.06
15;50;0;50;100;18.09;3.46;10.11;2.78;2.76;0.186;70.9;14.86;7.67;4.28;0.73;2.27;5.66;202;158.3;27.8;4.5;11.3;1.38;0.94;0.19;0.26;0.61;0.6;0.09;29.1;6.49;3.04;2;0.41;1.18;4.46;83;67.7;4;2.4;8.9;0.34;0.11;0.07;0.09
15;50;0;100;0;18.96;2.93;8.41;2.39;2.35;0.177;78.8;13.34;6.87;3.82;0.67;2.06;4.69;207.6;163.8;30.4;4.1;9.4;1.43;0.52;0.17;0.23;0.4;0.41;0.085;21.2;4.62;2.12;1.46;0.25;0.87;3.72;55.9;43.9;2.8;1.7;7.4;0.25;0.04;0.05;0.06
15;50;0;100;50;19.86;3.59;10.14;2.59;2.56;0.173;77.6;14.85;7.66;4.19;0.74;2.42;5.7;205.3;157.5;31.6;4.8;11.4;1.38;0.74;0.19;0.25;0.57;0.55;0.086;22.4;6.32;2.89;2.07;0.33;1.17;4.44;59;45.3;2.5;2.3;8.9;0.35;0.06;0.06;0.08
15;50;0;100;100;20.72;3.94;11.37;2.98;2.96;0.181;76.2;16.41;8.6;4.64;0.79;2.58;6.42;202.4;152;32.4;5.2;12.8;1.32;1.15;0.21;0.29;0.68;0.69;0.089;23.8;7.53;3.42;2.46;0.42;1.36;4.96;63.1;46.6;3.9;2.7;9.9;0.4;0.1;0.08;0.1
15;50;50;0;0;16.09;2.97;8.39;3.02;3.03;0.187;67.7;16.3;8.44;4.64;0.83;2.57;4.63;205;164.7;25.8;5.1;9.3;1.93;0.62;0.21;0.28;0.2;0.2;0.075;32.3;2.18;1;0.72;0.11;0.4;3.77;97.6;87.4;1.8;0.8;7.5;0.11;0.04;0.02;0.03
15;50;50;0;50;15.77;3.15;8.82;3.27;3.25;0.19;67.2;17.12;8.91;4.94;0.81;2.69;4.98;203;162.4;25.3;5.4;10;1.9;0.84;0.22;0.29;0.25;0.24;0.085;32.8;2.46;1.18;0.76;0.15;0.47;3.83;98.8;88.5;1.8;0.9;7.7;0.12;0.06;0.02;0.03
15;50;50;0;100;15.41;3.23;9.18;3.52;3.47;0.196;66.3;17.78;9.29;5.11;0.91;2.74;5.11;199.4;159.5;24.2;5.5;10.2;1.86;1.06;0.24;0.3;0.3;0.28;0.089;33.7;2.77;1.31;0.85;0.14;0.49;4.07;101.4;89.7;2.6;1;8.1;0.13;0.08;0.02;0.04
15;50;50;50;0;18.51;3.27;9.59;3.14;3.12;0.18;72.3;17.4;8.95;5.04;0.87;2.65;5.51;205.8;159.5;30;5.3;11;1.82;0.76;0.23;0.31;0.29;0.3;0.081;27.7;3.37;1.58;1.08;0.18;0.62;4.08;78.6;67.3;1.9;1.2;8.2;0.18;0.04;0.03;0.04
15;50;50;50;50;18.64;3.77;10.71;3.48;3.37;0.183;71.1;18.46;9.67;5.29;0.84;2.92;6.04;201.8;154.2;29.7;5.8;12.1;1.77;1.05;0.23;0.32;0.44;0.43;0.087;28.9;4.73;2.25;1.49;0.26;0.85;4.66;81.9;69.1;1.8;1.7;9.3;0.26;0.06;0.04;0.06
15;50;50;50;100;18.79;4.02;11.77;3.85;3.75;0.194;71.4;19.34;10.2;5.46;0.91;2.89;6.66;213.6;150.5;44;5.8;13.3;1.75;1.43;0.25;0.33;0.57;0.56;0.089;28.6;6.15;2.82;2.04;0.31;1.13;5.1;85.4;70.4;2.6;2.3;10.2;0.34;0.08;0.06;0.08
15;50;50;100;0;19.5;3.66;10.53;3.18;3.16;0.177;77.7;17.88;9.16;5.21;0.89;2.83;5.81;205;156.3;31.5;5.7;11.6;1.81;0.82;0.23;0.31;0.41;0.41;0.085;22.3;4.61;2.1;1.52;0.23;0.83;4.73;58.5;45.6;1.8;1.7;9.5;0.25;0.04;0.04;0.07
15;50;50;100;50;20.55;4.28;12.04;3.58;3.6;0.185;77.9;19.54;10.08;5.67;0.99;3.08;6.79;218.3;149.3;49.2;6.2;13.6;1.73;1.27;0.25;0.35;0.61;0.57;0.087;22.1;6.41;2.97;1.98;0.37;1.2;5.25;61.8;47.2;1.7;2.4;10.5;0.36;0.06;0.07;0.08
15;50;50;100;100;21.31;4.66;13.3;4.06;3.99;0.191;76.6;20.95;11;5.82;1.01;3.25;7.51;214.5;142.8;50.2;6.5;15;1.67;1.69;0.27;0.36;0.72;0.71;0.089;23.4;7.81;3.59;2.49;0.46;1.41;5.79;65.5;48.6;2.4;2.8;11.6;0.44;0.08;0.08;0.11
15;50;100;0;0;16.98;3.66;10.17;3.77;3.81;0.188;68.3;20.36;10.63;5.76;0.96;3.22;5.67;218.1;160.1;40.2;6.4;11.3;2.32;0.89;0.27;0.34;0.24;0.23;0.083;31.7;2.35;1.09;0.73;0.14;0.44;4.49;101.1;89.5;1.8;0.9;9;0.11;0.06;0.03;0.03
15;50;100;0;50;16.47;3.73;10.52;4.18;4.11;0.197;67.3;20.98;11.11;5.87;0.95;3.24;5.85;213.7;156.8;38.7;6.5;11.7;2.27;1.23;0.27;0.35;0.3;0.27;0.091;32.7;2.63;1.27;0.81;0.14;0.49;4.67;103.9;91;2.6;1;9.3;0.13;0.08;0.03;0.03
15;50;100;0;100;16.09;3.67;10.91;4.43;4.41;0.207;66.6;21.35;11.35;5.97;1.01;3.19;6.02;210.1;154.5;37.1;6.4;12;2.2;1.59;0.26;0.35;0.36;0.32;0.101;33.4;2.91;1.39;0.92;0.15;0.48;4.88;105.2;92;2.5;1;9.8;0.13;0.12;0.03;0.04
15;50;100;50;0;19.28;4;11.25;4.09;4.01;0.186;72.5;21.65;11.32;6.16;1.02;3.37;6.35;218.2;152.5;46.3;6.7;12.7;2.17;1.17;0.28;0.38;0.37;0.32;0.086;27.5;3.5;1.66;1.06;0.19;0.63;4.9;82.5;69.7;1.7;1.3;9.8;0.19;0.06;0.04;0.05
15;50;100;50;50;19.54;4.42;12.68;4.39;4.36;0.191;71;22.89;11.89;6.57;1.12;3.52;7.07;214.1;146.9;46;7;14.1;2.12;1.54;0.3;0.39;0.47;0.46;0.091;29;4.9;2.26;1.57;0.28;0.9;5.61;87.1;71.6;2.5;1.8;11.2;0.26;0.08;0.05;0.07
15;50;100;50;100;19.57;4.68;13.48;4.83;4.83;0.208;70.1;23.32;12.34;6.51;1.06;3.55;7.54;210.1;142.7;45.3;7.1;15.1;2.04;2.11;0.29;0.39;0.65;0.62;0.094;29.9;6.42;3;2.04;0.38;1.13;5.94;89.6;73;2.5;2.3;11.9;0.35;0.12;0.06;0.08
15;50;100;100;0;20.55;4.47;12.48;4.13;4.08;0.183;78;22.41;11.67;6.35;1.14;3.55;7.07;219.1;148.6;49.2;7.1;14.1;2.12;1.29;0.29;0.39;0.39;0.42;0.087;22;4.67;2.17;1.49;0.26;0.92;5.41;61.6;47.3;1.6;1.8;10.8;0.26;0.05;0.05;0.06
15;50;100;100;50;21.67;4.84;14.17;4.55;4.47;0.188;76.3;23.86;12.37;6.74;1.2;3.64;7.9;214.9;140.8;51;7.3;15.8;2.02;1.74;0.3;0.41;0.64;0.62;0.089;23.7;6.8;3.11;2.17;0.35;1.21;6.27;66.4;49.1;2.4;2.4;12.5;0.38;0.08;0.07;0.09
15;50;100;100;100;22.61;5.34;15.38;5.22;5.2;0.205;75;25.47;13.51;7.14;1.24;3.84;8.62;210.2;132.3;52.9;7.7;17.2;1.88;2.56;0.32;0.44;0.77;0.75;0.092;25;8.09;3.8;2.55;0.43;1.5;6.76;69.9;51;2.3;3;13.5;0.45;0.11;0.08;0.11
15;100;0;0;0;17.64;2.95;8.13;3;2.94;0.193;61.1;15.28;8.08;4.22;0.76;2.41;4.5;153.9;115;25.1;4.8;9;2.07;0.42;0.2;0.25;0.27;0.28;0.085;38.9;2.96;1.37;0.95;0.15;0.54;3.63;98.1;83.9;5.8;1.1;7.3;0.11;0.1;0.03;0.04
15;100;0;0;50;17.26;3.07;8.71;3.14;3.06;0.193;60.8;15.93;8.33;4.52;0.77;2.44;4.93;153.4;114.5;24.1;4.9;9.9;2.05;0.52;0.21;0.27;0.33;0.34;0.093;39.2;3.38;1.57;1.05;0.21;0.63;3.78;98.9;84.2;5.8;1.3;7.6;0.11;0.15;0.03;0.04
15;100;0;0;100;16.81;3.25;9.41;3.3;3.27;0.197;59.8;16.71;8.78;4.74;0.83;2.55;5.28;152.8;114.1;23;5.1;10.6;2.08;0.69;0.22;0.29;0.43;0.44;0.105;40.2;3.95;1.87;1.24;0.21;0.7;4.13;102.6;84.5;8.4;1.4;8.3;0.12;0.22;0.04;0.05
15;100;0;50;0;19.53;3.11;8.98;2.99;3;0.189;66.4;15.96;8.26;4.46;0.83;2.44;5.04;156.3;112.7;28.6;4.9;10.1;2.04;0.49;0.2;0.28;0.37;0.35;0.087;33.6;3.76;1.7;1.22;0.2;0.67;3.94;78.9;64.1;5.6;1.3;7.9;0.17;0.09;0.04;0.05
15;100;0;50;50;19.71;3.62;10.35;3.15;3.15;0.188;65.7;16.79;8.68;4.81;0.81;2.63;5.79;156.3;111.6;27.9;5.3;11.6;2.03;0.61;0.22;0.29;0.52;0.51;0.092;34.3;5.44;2.57;1.73;0.26;0.99;4.56;81.6;64.6;5.8;2;9.1;0.24;0.15;0.05;0.08
15;100;0;50;100;19.45;4.04;11.44;3.54;3.4;0.195;64.2;17.48;9.24;4.84;0.82;2.69;6.4;155;110.1;26.8;5.4;12.8;1.99;0.89;0.24;0.29;0.69;0.73;0.097;35.8;7.34;3.36;2.34;0.41;1.34;5.04;86.6;65.4;8.4;2.7;10.1;0.32;0.23;0.07;0.1
15;100;0;100;0;20.38;3.57;9.84;3.07;3.06;0.187;72.7;16.41;8.53;4.62;0.79;2.61;5.53;157.7;111.5;29.9;5.2;11.1;2.04;0.52;0.22;0.28;0.43;0.45;0.088;27.3;4.97;2.35;1.58;0.28;0.96;4.31;59.1;43.1;5.5;1.9;8.6;0.24;0.09;0.06;0.06
15;100;0;100;50;21.19;4.01;11.65;3.21;3.2;0.184;71.6;17.47;9.05;5.06;0.88;2.71;6.5;157.6;108.7;30.5;5.4;13;1.97;0.71;0.22;0.31;0.7;0.66;0.091;28.4;7.09;3.33;2.22;0.38;1.3;5.15;62.3;44.1;5.3;2.6;10.3;0.34;0.14;0.08;0.1
15;100;0;100;100;21.93;4.47;12.75;3.68;3.59;0.189;69.8;18.98;9.93;5.47;0.89;2.89;7.11;156.2;104.8;31.4;5.8;14.2;1.9;1.11;0.25;0.33;0.84;0.81;0.095;30.2;8.41;3.98;2.62;0.45;1.58;5.65;67.7;45.4;7.9;3.2;11.3;0.4;0.2;0.09;0.11
15;100;50;0;0;17.8;3.81;10.91;4.17;4.18;0.198;61.3;21.18;11.14;6;1.03;3.28;6.17;158.1;114.2;25;6.6;12.3;2.96;0.6;0.26;0.36;0.34;0.29;0.09;38.7;2.93;1.42;0.91;0.17;0.53;4.74;99.9;84.5;4.9;1.1;9.5;0.11;0.11;0.03;0.04
15;100;50;0;50;17.37;3.94;11.27;4.52;4.4;0.2;60;22.01;11.55;6.19;1.07;3.28;6.27;155.8;112.4;24.3;6.6;12.5;2.95;0.8;0.27;0.38;0.37;0.37;0.101;40;3.33;1.66;0.99;0.18;0.65;5;103.9;85.7;6.9;1.3;10;0.12;0.17;0.04;0.04
15;100;50;0;100;17.29;4.07;11.64;4.64;4.56;0.204;59.5;22.41;11.93;6.16;1.06;3.36;6.47;154.5;111.2;23.6;6.7;12.9;2.87;1.03;0.27;0.38;0.45;0.45;0.112;40.5;3.84;1.85;1.22;0.2;0.71;5.16;105.3;86.5;7.1;1.4;10.3;0.12;0.25;0.04;0.05
15;100;50;50;0;20.08;4.14;11.62;4.32;4.22;0.193;66;21.98;11.54;6.18;1.08;3.4;6.46;159.2;110.2;29.2;6.8;12.9;2.84;0.72;0.29;0.38;0.37;0.37;0.09;34;3.94;1.88;1.24;0.18;0.74;5.16;81.9;65.4;4.8;1.5;10.3;0.17;0.11;0.04;0.05
15;100;50;50;50;20.11;4.58;13.05;4.6;4.5;0.195;64.4;23.17;12.2;6.54;1.13;3.56;7.28;157.9;107.4;28.8;7.1;14.6;2.8;1;0.31;0.4;0.55;0.56;0.098;35.6;5.54;2.62;1.79;0.27;1.02;5.77;87.2;66.8;6.8;2;11.5;0.25;0.17;0.06;0.08
15;100;50;50;100;20.13;5.11;14.05;4.92;4.84;0.203;65.5;23.93;12.78;6.54;1.13;3.73;7.95;170.4;105.2;41.8;7.5;15.9;2.75;1.38;0.3;0.41;0.82;0.74;0.1;34.5;7.24;3.5;2.19;0.38;1.38;6.1;89.5;67.9;6.7;2.8;12.2;0.34;0.23;0.08;0.09
15;100;50;100;0;21.01;4.54;12.6;4.39;4.32;0.19;72.1;22.79;11.95;6.44;1.07;3.56;7.04;159.8;107.8;30.8;7.1;14.1;2.81;0.8;0.31;0.4;0.48;0.47;0.089;27.9;5.09;2.38;1.59;0.29;0.97;5.55;61.9;44.4;4.4;1.9;11.1;0.24;0.1;0.05;0.07
15;100;50;100;50;21.84;5.01;14.35;4.63;4.64;0.195;72.2;23.84;12.43;6.79;1.14;3.67;8.08;175;104.4;47.2;7.3;16.2;2.71;1.22;0.31;0.4;0.67;0.69;0.095;27.8;7.17;3.33;2.32;0.4;1.34;6.27;67.1;45.5;6.4;2.7;12.5;0.36;0.17;0.07;0.09
15;100;50;100;100;22.64;5.48;15.38;5.13;5.01;0.199;71.2;25.25;13.39;7.02;1.15;3.95;8.66;173.6;99.6;48.8;7.9;17.3;2.6;1.65;0.33;0.43;0.83;0.82;0.096;28.8;8.4;3.97;2.66;0.43;1.53;6.72;70;47.2;6.3;3.1;13.4;0.42;0.21;0.09;0.1
15;100;100;0;0;18.07;4.52;12.58;5.01;5;0.198;62.5;25.37;13.48;7.12;1.17;3.96;7.08;171.5;110.7;38.8;7.9;14.2;3.38;0.86;0.32;0.44;0.35;0.32;0.098;37.5;2.92;1.42;0.88;0.16;0.56;5.51;102.7;86.8;3.8;1.1;11;0.11;0.14;0.03;0.04
15;100;100;0;50;17.68;4.52;12.79;5.42;5.31;0.204;61.3;26.08;13.83;7.18;1.29;3.92;7.15;168.3;108.6;37.7;7.8;14.3;3.35;1.2;0.34;0.43;0.38;0.37;0.106;38.7;3.19;1.53;0.97;0.15;0.59;5.64;106.1;88.3;5.4;1.2;11.3;0.12;0.18;0.03;0.04
15;100;100;0;100;17.38;4.64;13.23;5.72;5.62;0.211;60.5;26.64;14.24;7.42;1.25;4.03;7.34;165.8;106.3;36.8;8.1;14.7;3.24;1.6;0.34;0.45;0.44;0.45;0.123;39.5;3.53;1.65;1.13;0.17;0.61;5.89;108.1;89.8;5.3;1.2;11.8;0.12;0.25;0.03;0.05
15;100;100;50;0;20.4;4.77;13.74;5.12;5.15;0.195;67.2;26.48;13.84;7.53;1.23;4;7.66;174.2;105.6;45.3;8;15.3;3.22;1.14;0.34;0.45;0.45;0.41;0.096;32.8;4.03;1.99;1.23;0.2;0.77;6.09;85;67.7;3.6;1.5;12.2;0.18;0.13;0.04;0.06
15;100;100;50;50;20.48;5.16;14.81;5.5;5.42;0.199;65.7;27.33;14.37;7.71;1.31;4.16;8.32;171.7;102.3;44.4;8.3;16.6;3.12;1.48;0.34;0.47;0.58;0.58;0.101;34.3;5.62;2.65;1.83;0.27;1;6.5;89.6;69.4;5.3;2;13;0.26;0.18;0.06;0.08
15;100;100;50;100;20.38;5.58;15.85;5.92;5.93;0.212;64.7;28;15.16;7.7;1.34;4.32;8.78;169.3;99.4;43.7;8.6;17.6;3.06;2.05;0.36;0.47;0.76;0.75;0.103;35.3;7.18;3.33;2.32;0.39;1.26;7.07;92.4;70.8;4.9;2.5;14.1;0.35;0.24;0.07;0.1
15;100;100;100;0;21.4;5.16;14.8;5.16;5.23;0.193;73.2;27.23;14.22;7.77;1.32;4.19;8.34;175.6;102.8;47.8;8.4;16.7;3.16;1.24;0.35;0.48;0.48;0.49;0.093;26.8;5.18;2.42;1.67;0.26;0.97;6.46;64.3;46.1;3.3;1.9;12.9;0.26;0.11;0.05;0.07
15;100;100;100;50;22.56;5.58;16.17;5.69;5.53;0.195;71.4;28.38;14.91;8;1.4;4.29;9.09;173.8;97.3;49.8;8.6;18.2;2.98;1.7;0.37;0.49;0.71;0.69;0.095;28.6;7.14;3.36;2.28;0.39;1.29;7.08;69.4;47.9;4.7;2.6;14.2;0.37;0.15;0.07;0.1
15;100;100;100;100;23.23;6.03;17.16;6.2;6.18;0.209;70.6;29.55;15.76;8.2;1.39;4.49;9.69;172.6;93.2;51.1;9;19.4;2.85;2.46;0.37;0.5;0.9;0.86;0.099;29.4;8.55;3.96;2.78;0.46;1.53;7.47;71.9;49.3;4.5;3.1;14.9;0.44;0.22;0.08;0.12
16;0;0;0;0;15.75;1.81;5.4;1.52;1.52;0.165;74.8;9.19;4.7;2.71;0.46;1.41;3.04;261.8;226.2;26.8;2.8;6.1;0.78;0.45;0.12;0.17;0.19;0.17;0.066;25.2;2.11;1;0.68;0.11;0.4;2.36;88.2;80.8;1.9;0.8;4.7;0.09;0.03;0.02;0.03
16;0;0;0;50;15.48;2.06;5.7;1.69;1.67;0.167;74.2;9.99;5.08;2.89;0.52;1.59;3.16;258.5;223;26;3.2;6.3;0.79;0.57;0.14;0.17;0.21;0.19;0.071;25.8;2.28;1.12;0.67;0.13;0.47;2.53;89.6;81.7;1.9;0.9;5.1;0.09;0.04;0.02;0.03
16;0;0;0;100;15.12;2.19;6;1.82;1.84;0.173;73.5;10.61;5.49;2.99;0.51;1.72;3.38;255.1;219.7;25.2;3.4;6.8;0.75;0.76;0.14;0.18;0.24;0.22;0.075;26.5;2.48;1.14;0.78;0.14;0.47;2.62;91.6;82.7;2.7;0.9;5.2;0.1;0.06;0.03;0.03
16;0;0;50;0;17.86;2.16;6.32;1.51;1.62;0.162;78.9;10.08;5.02;2.95;0.55;1.6;3.6;262.6;221.6;30.6;3.2;7.2;0.78;0.52;0.14;0.19;0.25;0.25;0.072;21.1;3.11;1.42;1.03;0.18;0.56;2.72;70.1;61.8;1.7;1.1;5.4;0.15;0.03;0.03;0.04
16;0;0;50;50;17.95;2.47;7.18;1.78;1.73;0.161;78;10.75;5.47;3.12;0.56;1.72;4;258.1;216.6;30;3.4;8;0.73;0.66;0.15;0.18;0.35;0.34;0.076;22;4.24;1.92;1.38;0.23;0.75;3.18;72.5;62.9;1.7;1.5;6.4;0.2;0.04;0.04;0.06
16;0;0;50;100;18;2.96;8.54;2.12;2.09;0.174;76.7;12.02;6.12;3.44;0.6;1.85;4.82;252.5;209.8;29.4;3.7;9.6;0.73;1;0.15;0.22;0.51;0.47;0.078;23.3;5.89;2.73;1.87;0.32;1.11;3.72;76.7;64.5;2.5;2.2;7.4;0.28;0.06;0.06;0.08
16;0;0;100;0;18.37;2.49;7.06;1.59;1.63;0.16;83.5;10.2;5.02;3.1;0.49;1.6;3.94;261.2;219.3;30.9;3.2;7.9;0.78;0.53;0.13;0.19;0.35;0.35;0.075;16.5;4.39;2.05;1.4;0.25;0.89;3.12;51.4;41.5;1.9;1.8;6.2;0.21;0.03;0.05;0.06
16;0;0;100;50;19.27;3.02;8.53;1.87;1.83;0.159;82.5;11.54;5.89;3.31;0.55;1.86;4.83;256.4;211.2;31.8;3.7;9.7;0.74;0.73;0.15;0.21;0.53;0.5;0.077;17.5;6.3;2.91;2.01;0.31;1.17;3.7;54.3;42.8;1.8;2.3;7.4;0.31;0.04;0.07;0.08
16;0;0;100;100;20.36;3.58;10.17;2.29;2.31;0.172;81;13.48;6.92;3.83;0.68;2.17;5.66;251.3;202.7;32.9;4.3;11.3;0.74;1.17;0.18;0.23;0.59;0.58;0.078;19;7.34;3.33;2.43;0.4;1.41;4.5;58.5;44.1;2.6;2.8;9;0.36;0.06;0.07;0.09
16;0;50;0;0;16.12;2.12;6.08;1.64;1.76;0.162;73.8;10.84;5.43;3.16;0.57;1.73;3.44;256.7;219;27.4;3.5;6.9;0.76;0.65;0.15;0.2;0.21;0.18;0.068;26.2;2.13;0.99;0.68;0.12;0.39;2.64;90.8;83;1.8;0.8;5.3;0.09;0.04;0.02;0.03
16;0;50;0;50;15.88;2.22;6.62;2.02;1.99;0.17;73.2;11.72;5.95;3.49;0.6;1.8;3.78;252.8;215.2;26.5;3.6;7.6;0.74;0.88;0.16;0.21;0.22;0.21;0.077;26.8;2.43;1.09;0.81;0.14;0.42;2.84;92.5;84.1;1.8;0.8;5.7;0.1;0.06;0.02;0.03
16;0;50;0;100;15.63;2.48;6.93;2.24;2.25;0.179;72.3;12.61;6.48;3.53;0.65;2.01;3.93;249;211.1;25.9;4;7.9;0.73;1.14;0.16;0.23;0.26;0.25;0.083;27.7;2.65;1.22;0.84;0.14;0.48;3;94.9;85.4;2.6;1;6;0.11;0.08;0.03;0.03
16;0;50;50;0;18.59;2.59;7.21;1.85;1.9;0.156;77.7;12.15;6.02;3.6;0.64;1.96;4.07;255.4;211.6;31.8;3.9;8.1;0.72;0.79;0.17;0.22;0.27;0.26;0.074;22.3;3.21;1.51;1;0.15;0.63;3.15;73.2;64.1;1.6;1.3;6.3;0.15;0.04;0.04;0.04
16;0;50;50;50;18.74;2.94;8.49;2.23;2.23;0.165;76.6;13.5;6.79;3.96;0.68;2.13;4.86;250.3;205.1;31.2;4.3;9.7;0.72;1.08;0.19;0.24;0.34;0.36;0.077;23.4;4.44;1.95;1.45;0.26;0.81;3.63;76.1;65.6;1.6;1.6;7.3;0.21;0.05;0.04;0.06
16;0;50;50;100;18.94;3.33;9.86;2.6;2.63;0.181;76.4;14.56;7.36;4.29;0.74;2.23;5.58;260.3;198.4;46.2;4.5;11.2;0.67;1.51;0.18;0.26;0.52;0.51;0.081;23.6;6.08;2.76;1.96;0.33;1.1;4.29;80.3;67.1;2.4;2.2;8.6;0.29;0.08;0.06;0.08
16;0;50;100;0;19.5;2.96;8.28;1.99;1.99;0.155;82.4;12.86;6.51;3.72;0.62;2.12;4.71;254;207.8;32.5;4.2;9.4;0.73;0.85;0.18;0.23;0.38;0.36;0.076;17.6;4.51;2.07;1.47;0.22;0.84;3.56;53.9;43.3;1.8;1.7;7.1;0.22;0.04;0.04;0.06
16;0;50;100;50;20.3;3.65;10.06;2.38;2.45;0.169;82.1;14.55;7.38;4.2;0.71;2.4;5.72;265;198.8;50;4.8;11.4;0.7;1.31;0.19;0.25;0.57;0.53;0.079;17.9;6.49;3.03;2.07;0.36;1.25;4.34;57.5;44.7;1.6;2.5;8.7;0.31;0.05;0.07;0.09
16;0;50;100;100;21.27;4.05;11.38;2.98;2.93;0.179;80.8;16.41;8.58;4.66;0.79;2.62;6.45;259.1;189.1;51.8;5.2;12.9;0.65;1.75;0.23;0.3;0.66;0.63;0.08;19.2;7.68;3.47;2.51;0.43;1.44;4.92;61.3;46.2;2.4;2.9;9.8;0.37;0.08;0.07;0.11
16;0;100;0;0;16.96;2.52;7.23;2.03;2.09;0.161;73.7;13.01;6.53;3.87;0.65;2.1;4.13;265;210.1;42.5;4.2;8.3;0.74;0.94;0.18;0.23;0.21;0.21;0.074;26.3;2.34;1.09;0.72;0.13;0.42;3.1;94.5;85.7;1.8;0.8;6.2;0.1;0.06;0.02;0.03
16;0;100;0;50;16.76;2.69;7.72;2.55;2.51;0.176;72.7;14.29;7.33;4.12;0.69;2.25;4.35;258.9;203.9;41.8;4.5;8.7;0.73;1.35;0.19;0.26;0.24;0.23;0.081;27.3;2.49;1.14;0.81;0.13;0.44;3.37;96.9;87.6;1.7;0.9;6.7;0.1;0.08;0.02;0.04
16;0;100;0;100;16.31;2.83;8.05;2.83;2.91;0.194;71.9;15.03;7.79;4.33;0.76;2.34;4.54;254.5;200.5;40.3;4.7;9.1;0.7;1.75;0.2;0.26;0.3;0.29;0.091;28.1;2.79;1.35;0.85;0.15;0.5;3.52;99.2;88.6;2.5;1;7;0.11;0.11;0.03;0.04
16;0;100;50;0;19.59;2.97;8.63;2.49;2.4;0.161;77.2;14.88;7.54;4.35;0.78;2.38;4.83;262.8;199.1;49.4;4.8;9.7;0.69;1.25;0.2;0.26;0.29;0.28;0.076;22.8;3.4;1.53;1.1;0.2;0.59;3.8;77.3;67;1.6;1.2;7.6;0.16;0.05;0.03;0.04
16;0;100;50;50;19.75;3.45;9.8;2.84;2.8;0.173;76.1;16.23;8.41;4.65;0.77;2.63;5.46;257;192.1;48.8;5.3;10.9;0.68;1.62;0.22;0.27;0.45;0.4;0.081;23.9;4.76;2.1;1.57;0.28;0.82;4.34;80.5;68.6;1.6;1.6;8.7;0.22;0.07;0.04;0.06
16;0;100;50;100;19.73;3.73;10.92;3.39;3.4;0.198;74.9;17.18;9.05;4.81;0.81;2.57;6.18;251.6;186.2;48;5.1;12.4;0.65;2.24;0.21;0.3;0.56;0.54;0.083;25.1;6.26;2.87;2.07;0.31;1.16;4.74;83.9;69.9;2.1;2.3;9.5;0.3;0.09;0.06;0.08
16;0;100;100;0;20.42;3.41;9.66;2.51;2.53;0.16;82;15.8;7.93;4.58;0.82;2.56;5.48;261.6;194.4;51.1;5.1;11;0.67;1.34;0.22;0.29;0.42;0.38;0.077;18;4.73;2.13;1.54;0.24;0.85;4.17;57;45.4;1.6;1.7;8.3;0.23;0.05;0.05;0.06
16;0;100;100;50;21.36;4.16;11.49;2.99;3;0.171;80.7;17.58;9.01;5.07;0.88;2.9;6.52;255.8;184.5;52.5;5.8;13;0.65;1.8;0.24;0.31;0.6;0.56;0.08;19.3;6.83;3.18;2.15;0.39;1.27;4.97;60.8;46.9;1.5;2.5;9.9;0.33;0.06;0.07;0.1
16;0;100;100;100;22.25;4.61;12.89;3.77;3.82;0.197;79.2;19.41;10.15;5.47;0.92;3.01;7.27;248.3;173.9;53.9;6;14.5;0.61;2.62;0.25;0.33;0.7;0.68;0.082;20.8;8.21;3.79;2.65;0.45;1.6;5.62;65.1;48.5;2.1;3.2;11.2;0.4;0.09;0.08;0.11
16;50;0;0;0;15.87;2.43;6.75;2.41;2.44;0.188;70.3;13;6.77;3.63;0.63;2.07;3.88;209.7;171.6;26.2;4.1;7.8;1.59;0.45;0.18;0.23;0.17;0.17;0.067;29.7;2.05;0.92;0.67;0.13;0.35;2.87;88.5;79.9;2.2;0.7;5.7;0.09;0.03;0.02;0.03
16;50;0;0;50;15.73;2.44;7.23;2.59;2.53;0.187;69.8;13.57;6.98;3.95;0.64;2.04;4.11;207.7;169.5;25.8;4.1;8.2;1.56;0.56;0.17;0.24;0.23;0.19;0.072;30.2;2.29;1.06;0.74;0.11;0.4;3.12;89.8;80.7;2;0.8;6.2;0.09;0.05;0.02;0.03
16;50;0;0;100;15.44;2.7;7.64;2.65;2.71;0.191;69;14.23;7.4;4.07;0.67;2.27;4.32;205.6;167.4;25;4.5;8.6;1.53;0.75;0.18;0.25;0.23;0.22;0.08;31;2.47;1.16;0.83;0.12;0.43;3.32;92.1;81.6;2.9;0.9;6.6;0.1;0.07;0.02;0.03
16;50;0;50;0;18.1;2.76;7.67;2.53;2.5;0.184;74.9;13.62;7.12;3.82;0.65;2.16;4.35;211.8;168.8;30;4.3;8.7;1.56;0.51;0.19;0.24;0.26;0.25;0.074;25.1;3.13;1.47;1.02;0.16;0.6;3.32;70.8;61;2;1.2;6.6;0.14;0.03;0.03;0.04
16;50;0;50;50;18.35;3.15;8.72;2.6;2.61;0.182;73.9;14.42;7.55;4.07;0.68;2.34;4.84;208.9;164.7;29.8;4.7;9.7;1.51;0.66;0.2;0.25;0.38;0.35;0.078;26.1;4.35;1.95;1.42;0.26;0.81;3.88;73.5;62.2;2;1.6;7.8;0.2;0.05;0.04;0.06
16;50;0;50;100;18.17;3.42;9.8;2.81;2.88;0.19;72.7;15.24;7.86;4.32;0.77;2.33;5.55;205.2;160.5;28.9;4.7;11.1;1.45;0.97;0.2;0.27;0.52;0.48;0.08;27.3;5.8;2.72;1.82;0.32;1.1;4.26;77;63.5;2.8;2.2;8.5;0.27;0.07;0.06;0.08
16;50;0;100;0;18.64;2.91;8.49;2.41;2.47;0.181;80.3;13.64;7.03;3.94;0.69;2.09;4.83;211.9;167.6;30.5;4.2;9.7;1.52;0.52;0.18;0.24;0.39;0.35;0.076;19.7;4.34;2;1.4;0.24;0.82;3.66;52;40.9;2.1;1.6;7.3;0.2;0.04;0.05;0.06
16;50;0;100;50;19.48;3.46;10.08;2.7;2.68;0.178;79.1;15.14;7.71;4.46;0.75;2.33;5.71;208.8;161.3;31.5;4.7;11.4;1.48;0.73;0.19;0.28;0.53;0.49;0.077;20.9;6.12;2.83;1.96;0.31;1.13;4.37;55;42.2;1.9;2.3;8.7;0.29;0.05;0.06;0.09
16;50;0;100;100;20.34;4.04;11.3;3;3.06;0.185;77.6;16.55;8.64;4.7;0.81;2.62;6.37;204.9;154.6;32.3;5.2;12.7;1.41;1.14;0.22;0.29;0.61;0.62;0.08;22.4;7.51;3.45;2.35;0.44;1.42;4.93;59.1;43.5;2.9;2.8;9.9;0.36;0.07;0.08;0.1
16;50;50;0;0;16.51;2.95;8.47;3.05;3.13;0.19;69.7;16.51;8.56;4.67;0.78;2.54;4.83;209.8;168.2;26.8;5.1;9.7;1.98;0.64;0.22;0.29;0.18;0.18;0.068;30.3;2.18;0.99;0.72;0.11;0.41;3.64;91.2;81.3;1.8;0.8;7.3;0.09;0.04;0.02;0.03
16;50;50;0;50;16.06;3.13;8.8;3.45;3.33;0.194;68.9;17.27;9.13;4.78;0.8;2.7;4.98;206;164.8;25.8;5.4;10;1.96;0.86;0.21;0.3;0.26;0.22;0.075;31.1;2.47;1.16;0.78;0.13;0.43;3.82;92.9;82.7;1.7;0.9;7.6;0.1;0.06;0.02;0.04
16;50;50;0;100;15.99;3.24;9.46;3.51;3.62;0.199;68.1;18.24;9.49;5.2;0.92;2.73;5.38;204.2;162.7;25.3;5.5;10.8;1.96;1.11;0.23;0.32;0.3;0.26;0.085;31.9;2.67;1.29;0.85;0.12;0.51;4.08;95.4;83.5;2.7;1;8.2;0.1;0.09;0.03;0.04
16;50;50;50;0;18.83;3.36;9.57;3.17;3.2;0.185;74;17.37;8.93;5.09;0.85;2.73;5.4;211;164;30.7;5.5;10.8;1.93;0.75;0.23;0.3;0.29;0.27;0.075;26;3.27;1.54;1.06;0.15;0.62;4.16;73.9;62.4;1.9;1.2;8.3;0.15;0.04;0.03;0.05
16;50;50;50;50;18.99;3.76;10.73;3.53;3.49;0.188;72.7;18.62;9.72;5.35;0.94;2.9;6;206.2;158;30.4;5.8;12;1.87;1.04;0.24;0.33;0.36;0.39;0.08;27.3;4.61;2.12;1.46;0.26;0.85;4.73;77.3;64.3;1.8;1.7;9.5;0.21;0.06;0.05;0.07
16;50;50;50;100;18.98;4.08;11.89;3.94;3.87;0.198;72.8;19.62;10.31;5.62;0.93;2.92;6.73;217;152.8;44.8;5.8;13.5;1.82;1.46;0.24;0.35;0.55;0.51;0.081;27.2;6.1;2.82;1.89;0.36;1.15;5.16;81;65.8;2.5;2.3;10.3;0.29;0.08;0.07;0.07
16;50;50;100;0;19.55;3.69;10.5;3.37;3.3;0.182;79.2;18.18;9.56;5.12;0.92;2.89;5.92;209.6;160.3;31.6;5.8;11.8;1.93;0.83;0.24;0.31;0.34;0.35;0.076;20.8;4.43;2.02;1.42;0.26;0.81;4.58;54.9;42.4;1.8;1.6;9.2;0.21;0.04;0.04;0.06
16;50;50;100;50;20.57;4.22;12.12;3.78;3.71;0.189;79;19.74;10.33;5.54;0.94;3.03;6.9;221.4;152.3;49.3;6.1;13.8;1.82;1.28;0.26;0.35;0.55;0.51;0.078;21;6.39;2.97;2.05;0.34;1.19;5.22;58.5;44;1.7;2.4;10.4;0.31;0.06;0.06;0.08
16;50;50;100;100;21.27;4.68;13.49;4.1;4.09;0.194;77.7;21.13;11.06;6.1;1.02;3.23;7.58;217.7;145.7;50.4;6.5;15.2;1.75;1.7;0.28;0.37;0.68;0.63;0.08;22.3;7.72;3.63;2.44;0.42;1.45;5.91;62.3;45.4;2.3;2.9;11.8;0.37;0.07;0.08;0.11
16;50;100;0;0;17.34;3.58;10.17;3.91;3.92;0.19;69.9;20.62;10.72;5.79;1.01;3.17;5.71;221.2;161.7;41.7;6.3;11.4;2.36;0.94;0.26;0.36;0.22;0.2;0.075;30.1;2.18;1.07;0.65;0.13;0.41;4.45;95.3;83.9;1.7;0.8;8.9;0.09;0.06;0.02;0.03
16;50;100;0;50;17;3.55;10.47;4.22;4.2;0.199;69;21.14;11.07;5.99;1.02;3.16;5.88;217.7;159.2;40.5;6.3;11.8;2.31;1.28;0.25;0.37;0.27;0.23;0.083;31;2.35;1.08;0.75;0.13;0.4;4.59;97.6;85;2.6;0.8;9.2;0.09;0.08;0.02;0.03
16;50;100;0;100;16.72;3.88;10.98;4.66;4.65;0.21;68.3;22.16;11.85;6.18;1.07;3.38;6.19;214.4;156;39.3;6.8;12.4;2.3;1.69;0.29;0.37;0.29;0.28;0.094;31.7;2.72;1.32;0.84;0.14;0.49;4.79;99.4;86.3;2.5;1;9.6;0.11;0.12;0.02;0.04
16;50;100;50;0;19.9;4.03;11.58;4.16;4.14;0.189;74.1;22.01;11.32;6.41;1.13;3.38;6.6;223.7;155.4;48.4;6.8;13.2;2.25;1.22;0.29;0.38;0.3;0.28;0.078;25.9;3.31;1.55;1.09;0.18;0.65;4.98;78;65.1;1.6;1.3;10;0.15;0.05;0.04;0.04
16;50;100;50;50;20;4.44;12.68;4.55;4.48;0.195;72.8;23.07;12.08;6.54;1.15;3.53;7.15;219.3;150.5;47.4;7.1;14.3;2.23;1.56;0.29;0.39;0.42;0.41;0.083;27.2;4.7;2.22;1.52;0.24;0.92;5.52;81.8;66.6;2.4;1.8;11;0.22;0.08;0.05;0.06
16;50;100;50;100;20.24;4.81;13.66;5.1;5.06;0.21;71.6;24.09;13.03;6.61;1.12;3.7;7.82;214.6;144.2;47.4;7.4;15.6;2.11;2.23;0.3;0.41;0.57;0.55;0.086;28.4;6.17;2.85;1.96;0.35;1.12;5.84;84.9;68.5;2.5;2.2;11.7;0.29;0.12;0.06;0.08
16;50;100;100;0;20.66;4.43;12.52;4.18;4.22;0.187;79.1;22.63;11.66;6.51;1.13;3.5;7.04;222.3;151.7;49.5;7;14.1;2.23;1.29;0.3;0.39;0.4;0.4;0.08;20.9;4.76;2.21;1.5;0.26;0.93;5.47;58.6;44.1;1.7;1.9;10.9;0.22;0.06;0.05;0.06
16;50;100;100;50;21.59;5.13;14.24;4.55;4.58;0.191;77.5;24.06;12.73;6.8;1.14;3.84;8.02;218.3;143.6;51;7.7;16;2.09;1.75;0.32;0.42;0.58;0.56;0.081;22.5;6.8;3.16;2.18;0.35;1.29;6.21;63.2;45.8;2.4;2.6;12.4;0.33;0.07;0.07;0.09
16;50;100;100;100;22.78;5.44;15.29;5.33;5.28;0.208;76.3;25.43;13.65;7.02;1.2;3.91;8.55;213.6;135.5;53.1;7.8;17.1;1.97;2.57;0.32;0.42;0.73;0.69;0.084;23.7;8.03;3.76;2.5;0.44;1.52;6.74;66.3;47.4;2.3;3;13.5;0.39;0.11;0.09;0.11
16;100;0;0;0;17.6;2.85;8.22;3.14;3.11;0.199;63.3;15.71;8.28;4.45;0.74;2.39;4.67;157.3;117.3;25.9;4.8;9.3;2.21;0.43;0.2;0.27;0.23;0.22;0.076;36.7;2.53;1.14;0.82;0.13;0.47;3.56;91.2;78.1;5;0.9;7.1;0.09;0.08;0.02;0.03
16;100;0;0;50;17.15;3.17;8.59;3.3;3.26;0.198;63;16.52;8.76;4.56;0.77;2.62;4.9;156.5;116.5;24.9;5.2;9.8;2.22;0.54;0.22;0.28;0.31;0.28;0.085;37;2.92;1.36;0.93;0.16;0.56;3.69;92;78.6;4.9;1.1;7.4;0.08;0.13;0.03;0.04
16;100;0;0;100;16.84;3.21;9.3;3.4;3.42;0.201;61.9;17.07;9.04;4.76;0.84;2.57;5.29;155.5;115.8;24;5.1;10.6;2.19;0.72;0.22;0.29;0.38;0.37;0.097;38.1;3.52;1.68;1.1;0.21;0.64;4;95.7;79;7.4;1.3;8;0.1;0.19;0.03;0.05
16;100;0;50;0;19.68;3.2;9.07;3.18;3.15;0.194;68.4;16.28;8.52;4.59;0.78;2.52;5.08;160.2;115.4;29.5;5;10.2;2.18;0.5;0.21;0.27;0.32;0.31;0.08;31.6;3.61;1.68;1.14;0.19;0.68;3.99;74;59.6;5.1;1.4;8;0.13;0.09;0.04;0.05
16;100;0;50;50;19.71;3.63;10.28;3.33;3.29;0.192;67.4;17.2;8.96;4.92;0.82;2.69;5.79;158.8;113;28.9;5.4;11.6;2.12;0.64;0.23;0.3;0.48;0.45;0.085;32.6;5.12;2.43;1.65;0.27;0.94;4.49;76.6;60.7;5;1.9;9;0.2;0.13;0.05;0.07
16;100;0;50;100;19.5;3.88;11.51;3.47;3.55;0.199;66;17.91;9.24;5.21;0.88;2.66;6.52;157.3;111;27.9;5.3;13;2.08;0.93;0.23;0.31;0.6;0.61;0.089;34;6.71;3.11;2.12;0.41;1.22;4.99;81.1;61.6;7;2.4;10;0.27;0.18;0.07;0.09
16;100;0;100;0;20.11;3.42;9.87;3.12;3.17;0.192;74.2;16.52;8.53;4.71;0.79;2.54;5.59;159.9;113.8;29.9;5.1;11.2;2.14;0.52;0.22;0.29;0.4;0.4;0.079;25.8;4.83;2.22;1.54;0.26;0.88;4.28;55.5;40.3;4.9;1.8;8.6;0.2;0.08;0.05;0.06
16;100;0;100;50;20.93;4.04;11.41;3.3;3.29;0.188;73.1;17.63;9.16;5.02;0.79;2.78;6.42;159.2;110;30.8;5.6;12.8;2.05;0.72;0.22;0.3;0.64;0.57;0.082;26.9;6.83;3.15;2.16;0.37;1.25;5;58.6;41.4;4.7;2.5;10;0.29;0.12;0.07;0.09
16;100;0;100;100;21.63;4.4;12.57;3.71;3.68;0.194;71.4;19;9.98;5.33;0.89;2.89;7.03;158.5;107;31.7;5.8;14.1;2;1.1;0.26;0.33;0.75;0.72;0.087;28.6;8.14;3.8;2.6;0.42;1.51;5.55;63.3;42.3;6.9;3;11.1;0.34;0.18;0.08;0.11
16;100;50;0;0;17.71;3.84;10.84;4.38;4.43;0.203;63.2;21.9;11.51;6.12;1.11;3.36;6.19;160.7;115.2;26.4;6.7;12.4;3.13;0.63;0.29;0.39;0.23;0.24;0.08;36.8;2.6;1.2;0.82;0.15;0.48;4.64;93.5;79.4;3.8;1;9.3;0.09;0.09;0.03;0.03
16;100;50;0;50;17.46;3.87;11.27;4.56;4.59;0.205;62.1;22.45;11.9;6.26;1.04;3.34;6.4;158.8;114;25.4;6.7;12.8;3.08;0.84;0.28;0.38;0.32;0.3;0.092;37.9;2.9;1.38;0.9;0.14;0.54;4.87;96.7;80.1;5.7;1.1;9.7;0.09;0.14;0.03;0.04
16;100;50;0;100;17.24;4.08;11.71;4.78;4.78;0.209;61.4;22.98;12.15;6.28;1.18;3.44;6.56;156.9;112.4;24.5;6.9;13.1;3.03;1.08;0.28;0.39;0.4;0.38;0.101;38.6;3.49;1.7;1.05;0.18;0.63;5.15;98.5;81.1;5.8;1.3;10.3;0.1;0.2;0.03;0.04
16;100;50;50;0;20.19;4.15;11.91;4.55;4.51;0.197;67.9;22.92;12.11;6.48;1.08;3.51;6.7;162.5;111.8;30.3;7;13.4;3.04;0.77;0.3;0.39;0.3;0.31;0.081;32.1;3.61;1.67;1.17;0.18;0.64;5.21;76.8;61.3;3.8;1.3;10.4;0.14;0.09;0.04;0.05
16;100;50;50;50;20.21;4.67;13;4.72;4.68;0.199;66.2;23.63;12.55;6.47;1.18;3.7;7.34;160.3;108.6;29.7;7.4;14.7;2.93;1.05;0.3;0.41;0.49;0.47;0.088;33.8;5.14;2.42;1.64;0.27;0.97;5.66;81.7;62.8;5.7;1.9;11.3;0.21;0.14;0.05;0.07
16;100;50;50;100;20.23;5;13.95;5.12;5.06;0.207;67.3;24.56;13.07;6.71;1.22;3.76;7.92;173;105.6;44;7.5;15.8;2.87;1.44;0.33;0.42;0.6;0.61;0.09;32.7;6.6;3.05;2.16;0.33;1.24;6.03;84;64.1;5.3;2.5;12.1;0.27;0.18;0.07;0.09
16;100;50;100;0;20.45;4.43;12.5;4.57;4.47;0.197;73.6;22.87;12.03;6.32;1.1;3.52;7.01;161.9;110.3;30.6;7;14;3.01;0.79;0.3;0.37;0.44;0.42;0.081;26.4;4.95;2.32;1.6;0.27;0.91;5.49;57.9;41.3;3.7;1.8;11;0.21;0.09;0.05;0.07
16;100;50;100;50;21.46;4.97;14.25;4.85;4.85;0.2;73.6;24.34;12.66;6.92;1.19;3.63;8.04;176.6;105.7;47.6;7.3;16.1;2.89;1.24;0.31;0.42;0.63;0.61;0.086;26.4;6.95;3.27;2.21;0.36;1.34;6.22;63.2;42.7;5.3;2.7;12.4;0.3;0.14;0.07;0.09
16;100;50;100;100;22.2;5.29;15.39;5.18;5.15;0.204;72.9;25.32;13.33;7.15;1.2;3.79;8.73;176.3;102.6;48.7;7.6;17.5;2.78;1.62;0.32;0.44;0.78;0.72;0.087;27.1;8.17;3.84;2.58;0.43;1.5;6.65;65.4;43.7;5.4;3;13.3;0.36;0.18;0.08;0.11
16;100;100;0;0;18.01;4.56;12.54;5.22;5.23;0.203;64.4;25.86;13.75;7.27;1.21;4.08;7.06;174.1;111.9;39.9;8.2;14.1;3.58;0.89;0.33;0.43;0.26;0.25;0.086;35.6;2.53;1.2;0.81;0.13;0.48;5.47;96.3;81.4;2.9;1;10.9;0.09;0.1;0.03;0.03
16;100;100;0;50;17.82;4.52;12.91;5.71;5.57;0.208;63.3;26.8;14.43;7.34;1.25;4.05;7.29;171.5;109.2;39.7;8.1;14.6;3.51;1.27;0.33;0.46;0.28;0.29;0.092;36.7;2.75;1.29;0.85;0.14;0.48;5.62;99.3;83.1;4;1;11.2;0.09;0.13;0.03;0.04
16;100;100;0;100;17.55;4.66;13.28;5.89;5.9;0.217;62.6;27.28;14.64;7.43;1.33;4.07;7.48;169.3;108.1;38.1;8.1;15;3.46;1.65;0.34;0.45;0.38;0.38;0.113;37.4;3.21;1.57;0.97;0.18;0.59;5.8;100.9;83.8;4.4;1.2;11.6;0.1;0.21;0.03;0.04
16;100;100;50;0;20.65;4.89;13.77;5.42;5.4;0.2;69;27.14;14.4;7.66;1.25;4.24;7.73;177.8;106.8;47.1;8.5;15.5;3.41;1.18;0.35;0.46;0.32;0.33;0.085;31;3.6;1.66;1.18;0.2;0.65;6.04;79.8;63.6;2.8;1.3;12.1;0.15;0.1;0.03;0.05
16;100;100;50;50;20.84;5.2;14.75;5.77;5.67;0.203;67.6;28;14.98;7.68;1.33;4.27;8.35;175.5;103.4;46.8;8.5;16.7;3.29;1.55;0.35;0.47;0.48;0.47;0.091;32.4;5;2.34;1.58;0.28;0.93;6.4;84;65.1;4.2;1.9;12.8;0.21;0.14;0.05;0.06
16;100;100;50;100;20.57;5.53;15.79;6.12;6.17;0.217;66.6;28.53;15.2;7.89;1.36;4.26;8.93;172.5;100.8;45.3;8.5;17.9;3.23;2.12;0.34;0.47;0.63;0.62;0.092;33.4;6.57;3.09;2.05;0.36;1.27;6.86;86.4;66.3;3.8;2.5;13.7;0.29;0.18;0.07;0.08
16;100;100;100;0;21.15;5.15;14.68;5.4;5.47;0.198;74.7;27.71;14.57;7.68;1.32;4.22;8.36;178;104.8;48;8.4;16.7;3.37;1.26;0.36;0.47;0.45;0.44;0.084;25.3;4.98;2.35;1.58;0.28;0.93;6.32;60.2;43;2.7;1.9;12.6;0.22;0.1;0.06;0.06
16;100;100;100;50;22.31;5.64;16.06;5.81;5.76;0.2;73.2;28.82;15.23;8.07;1.37;4.38;9.16;176.9;99.7;50.1;8.8;18.3;3.19;1.7;0.36;0.5;0.65;0.6;0.086;26.8;6.86;3.2;2.15;0.38;1.27;6.9;64.8;44.6;3.9;2.5;13.8;0.31;0.14;0.06;0.09
16;100;100;100;100;23.13;6.11;17.27;6.4;6.39;0.213;71.9;30.01;16.22;8.29;1.41;4.61;9.71;174.6;94.2;51.8;9.2;19.4;3.01;2.5;0.38;0.51;0.76;0.74;0.088;28.1;8.21;3.81;2.61;0.42;1.5;7.55;68;46.3;3.6;3;15.1;0.37;0.17;0.08;0.11
17;0;0;0;0;16.06;1.82;5.33;1.56;1.57;0.168;76.4;9.38;4.77;2.68;0.46;1.47;3.02;266.7;230.1;27.6;2.9;6;0.81;0.47;0.13;0.16;0.16;0.16;0.064;23.6;1.93;0.9;0.62;0.11;0.35;2.32;82.1;75.1;1.7;0.7;4.6;0.08;0.03;0.02;0.03
17;0;0;0;50;15.97;2.05;5.84;1.74;1.74;0.169;75.8;10.35;5.26;3.08;0.51;1.64;3.3;263.3;226.5;27;3.3;6.6;0.81;0.6;0.14;0.19;0.19;0.18;0.069;24.2;2.14;1;0.7;0.11;0.41;2.54;83.7;76.1;1.8;0.8;5.1;0.09;0.04;0.02;0.03
17;0;0;0;100;15.48;2.14;6.17;1.93;1.91;0.176;75.2;10.86;5.59;3.13;0.54;1.7;3.51;260.6;224.3;25.9;3.4;7;0.79;0.78;0.14;0.19;0.22;0.22;0.076;24.8;2.46;1.15;0.77;0.15;0.44;2.66;85.7;76.7;2.8;0.9;5.3;0.1;0.06;0.02;0.03
17;0;0;50;0;17.8;2.12;6.17;1.63;1.65;0.165;80.4;10.04;5.04;2.95;0.53;1.58;3.51;267.6;226.9;30.5;3.2;7;0.82;0.52;0.13;0.18;0.28;0.24;0.072;19.6;3.01;1.41;0.96;0.16;0.54;2.66;65.1;56.9;1.8;1.1;5.3;0.14;0.03;0.03;0.04
17;0;0;50;50;18.3;2.53;7.14;1.85;1.82;0.164;79.5;11.16;5.69;3.21;0.54;1.74;4.07;263.2;220.6;31;3.5;8.1;0.79;0.68;0.15;0.2;0.33;0.32;0.075;20.5;4.06;1.82;1.31;0.22;0.78;3.08;67.6;58.2;1.7;1.6;6.2;0.19;0.04;0.04;0.05
17;0;0;50;100;18.45;2.93;8.48;2.21;2.19;0.177;78.4;12.41;6.42;3.6;0.59;1.98;4.92;258.8;214.5;30.5;4;9.8;0.77;1.02;0.17;0.23;0.47;0.44;0.077;21.6;5.45;2.44;1.75;0.34;0.95;3.56;71;59.5;2.4;1.9;7.1;0.26;0.05;0.05;0.07
17;0;0;100;0;18.23;2.45;7.12;1.6;1.68;0.165;84.8;10.21;5.08;3.08;0.53;1.61;3.99;267.1;225.2;30.7;3.2;8;0.83;0.52;0.14;0.19;0.37;0.36;0.075;15.2;4.5;2.11;1.46;0.22;0.84;3.13;47.8;38.1;1.7;1.7;6.3;0.22;0.03;0.05;0.06
17;0;0;100;50;19.46;3.05;8.94;1.96;1.92;0.16;83.5;12.06;6.08;3.59;0.6;1.92;5.08;260.3;214.2;32.1;3.8;10.2;0.76;0.77;0.16;0.22;0.51;0.49;0.077;16.5;6.21;2.82;2.08;0.33;1.13;3.86;51.3;39.6;1.7;2.3;7.7;0.3;0.04;0.06;0.08
17;0;0;100;100;20.11;3.54;10.1;2.26;2.32;0.173;82.3;13.41;6.8;3.88;0.65;2.11;5.66;255.3;207;32.9;4.2;11.3;0.74;1.16;0.19;0.23;0.6;0.59;0.078;17.7;7.41;3.36;2.42;0.42;1.42;4.45;54.8;40.6;2.5;2.8;8.9;0.36;0.06;0.08;0.1
17;0;50;0;0;16.65;2.15;6.19;1.74;1.81;0.164;75.5;11.11;5.6;3.26;0.55;1.77;3.55;262.1;223;28.4;3.5;7.1;0.78;0.68;0.15;0.21;0.17;0.17;0.067;24.5;2.07;0.93;0.64;0.13;0.38;2.63;84.8;77;1.8;0.8;5.3;0.09;0.04;0.02;0.03
17;0;50;0;50;16.52;2.27;6.74;2.03;2.06;0.172;74.7;12.03;6.05;3.52;0.65;1.85;3.82;257.4;218.3;27.8;3.7;7.6;0.77;0.92;0.16;0.21;0.2;0.2;0.073;25.3;2.26;1.04;0.74;0.12;0.43;2.92;86.8;78.4;1.7;0.9;5.8;0.09;0.05;0.02;0.03
17;0;50;0;100;16.16;2.46;7.1;2.4;2.33;0.18;73.8;12.97;6.73;3.73;0.64;2;4.01;252.7;213.7;27;4;8;0.75;1.19;0.17;0.23;0.21;0.23;0.081;26.2;2.5;1.16;0.8;0.13;0.46;3.09;89.3;79.6;2.5;0.9;6.2;0.1;0.08;0.02;0.03
17;0;50;50;0;18.64;2.56;7.23;1.87;1.93;0.159;79.2;12.16;6.17;3.47;0.65;1.99;4.07;260.1;216.2;31.8;4;8.1;0.75;0.79;0.17;0.21;0.28;0.25;0.073;20.8;3.14;1.43;1.02;0.18;0.57;3.16;68.3;59.1;1.7;1.1;6.3;0.15;0.04;0.03;0.04
17;0;50;50;50;19.19;3.15;8.59;2.33;2.29;0.166;78;13.81;7.14;3.91;0.69;2.29;4.86;254.7;208.2;32.1;4.6;9.7;0.74;1.12;0.19;0.25;0.37;0.37;0.079;22;4.42;2.08;1.41;0.24;0.86;3.73;71.6;60.8;1.6;1.7;7.5;0.21;0.05;0.04;0.06
17;0;50;50;100;19.47;3.34;9.67;2.78;2.71;0.183;78;14.85;7.76;4.19;0.75;2.31;5.48;266;202.6;47.8;4.6;11;0.71;1.55;0.19;0.26;0.49;0.47;0.081;22;5.64;2.63;1.74;0.33;1.03;4.19;74.9;62;2.5;2.1;8.4;0.26;0.08;0.05;0.08
17;0;50;100;0;19.08;2.92;8.31;2.04;2;0.157;83.6;12.75;6.37;3.79;0.67;2.01;4.71;258.1;212.6;32;4;9.4;0.75;0.84;0.18;0.23;0.42;0.36;0.074;16.4;4.61;2.21;1.41;0.22;0.91;3.6;50.5;39.8;1.6;1.8;7.2;0.22;0.04;0.05;0.06
17;0;50;100;50;20.43;3.54;9.97;2.48;2.46;0.171;83.2;14.42;7.44;4.14;0.68;2.35;5.59;268.7;202.7;50.1;4.7;11.2;0.71;1.29;0.2;0.26;0.57;0.52;0.078;16.8;6.51;2.99;2.06;0.34;1.2;4.38;54;41.2;1.7;2.4;8.8;0.31;0.06;0.06;0.09
17;0;50;100;100;21.18;3.96;11.4;2.96;2.91;0.18;82;16.17;8.42;4.62;0.77;2.53;6.49;263.5;193.7;51.7;5.1;13;0.67;1.74;0.21;0.28;0.64;0.62;0.08;18;7.67;3.58;2.37;0.46;1.44;4.92;57.5;42.5;2.3;2.9;9.8;0.37;0.08;0.07;0.1
17;0;100;0;0;17.36;2.48;7.23;2.25;2.18;0.162;75.2;13.48;6.91;3.9;0.66;2.1;4.11;269;212.6;44.1;4.2;8.2;0.77;0.98;0.18;0.25;0.21;0.18;0.071;24.8;2.09;0.99;0.62;0.15;0.39;3.12;88.6;79.9;1.7;0.8;6.2;0.09;0.05;0.02;0.03
17;0;100;0;50;17.25;2.67;7.7;2.62;2.54;0.177;74.5;14.39;7.37;4.15;0.75;2.24;4.41;264.3;207.7;43.3;4.5;8.8;0.72;1.39;0.18;0.26;0.25;0.23;0.079;25.5;2.42;1.14;0.74;0.14;0.43;3.3;90.4;81.3;1.7;0.9;6.6;0.1;0.08;0.02;0.03
17;0;100;0;100;17.22;2.93;8.27;3.01;3.05;0.195;73.4;15.63;8.16;4.45;0.77;2.42;4.68;259.1;202.4;42.5;4.8;9.4;0.72;1.85;0.21;0.27;0.31;0.28;0.091;26.6;2.71;1.31;0.83;0.14;0.52;3.59;93.5;82.8;2.5;1;7.2;0.11;0.11;0.03;0.03
17;0;100;50;0;19.66;3.08;8.64;2.38;2.44;0.163;78.8;15.01;7.62;4.37;0.71;2.47;4.94;268.3;203.6;49.8;4.9;9.9;0.7;1.27;0.21;0.27;0.28;0.27;0.076;21.2;3.29;1.47;1.1;0.16;0.61;3.7;72;61.7;1.6;1.2;7.4;0.15;0.05;0.03;0.04
17;0;100;50;50;20.14;3.46;9.68;3;2.89;0.174;77.8;16.59;8.51;4.71;0.84;2.64;5.55;262.7;196;50.3;5.3;11.1;0.71;1.66;0.23;0.28;0.4;0.37;0.08;22.2;4.43;2.08;1.41;0.22;0.83;4.13;74.8;63.3;1.6;1.7;8.3;0.21;0.07;0.05;0.06
17;0;100;50;100;20.35;3.88;10.99;3.44;3.56;0.2;76.4;17.88;9.44;4.98;0.89;2.79;6.31;256.6;188.7;49.7;5.6;12.6;0.69;2.32;0.24;0.32;0.56;0.52;0.084;23.6;5.97;2.8;1.9;0.33;1.09;4.68;78.8;64.8;2.4;2.2;9.4;0.28;0.1;0.05;0.08
17;0;100;100;0;20.43;3.42;9.81;2.46;2.55;0.162;83.2;15.72;7.89;4.63;0.83;2.51;5.57;266.5;199.4;51;5;11.1;0.71;1.33;0.21;0.29;0.36;0.38;0.078;16.8;4.74;2.2;1.54;0.23;0.92;4.24;53.6;41.7;1.6;1.8;8.5;0.23;0.05;0.05;0.06
17;0;100;100;50;21.36;3.88;11.41;3.22;3.02;0.173;82;17.52;8.97;5.08;0.9;2.66;6.49;260;189.1;52.6;5.3;13;0.7;1.78;0.23;0.31;0.57;0.54;0.079;18;6.66;3.05;2.15;0.36;1.22;4.92;56.8;43.1;1.4;2.4;9.8;0.33;0.06;0.06;0.08
17;0;100;100;100;22.31;4.4;12.85;3.76;3.81;0.198;80.6;19.28;10.16;5.47;0.88;2.93;7.29;253.6;179;54.1;5.9;14.6;0.63;2.6;0.25;0.34;0.71;0.67;0.082;19.4;8.07;3.72;2.56;0.44;1.47;5.55;60.7;44.5;2.1;2.9;11.1;0.39;0.09;0.08;0.11
17;50;0;0;0;16.45;2.38;6.84;2.44;2.49;0.19;72;13.14;6.71;3.77;0.69;1.98;3.88;213.9;174.7;27.5;4;7.8;1.6;0.48;0.17;0.24;0.19;0.17;0.064;28;1.95;0.97;0.62;0.1;0.4;2.95;83;74.3;2;0.8;5.9;0.08;0.03;0.02;0.03
17;50;0;0;50;16.08;2.52;7.08;2.62;2.58;0.191;71.5;13.56;7;3.91;0.65;2.09;3.97;211.4;172.7;26.6;4.2;7.9;1.6;0.57;0.18;0.23;0.18;0.19;0.07;28.5;2.23;1.01;0.72;0.13;0.43;3.12;84;75;1.8;0.9;6.2;0.09;0.05;0.02;0.03
17;50;0;0;100;15.84;2.71;7.64;2.75;2.82;0.195;70.8;14.52;7.56;4.16;0.7;2.27;4.33;209.7;170.7;25.8;4.5;8.7;1.59;0.77;0.2;0.25;0.23;0.22;0.078;29.2;2.5;1.14;0.79;0.12;0.44;3.3;86.1;75.8;2.9;0.9;6.6;0.1;0.07;0.02;0.03
17;50;0;50;0;18.08;2.74;7.85;2.49;2.56;0.187;76.5;13.75;7.11;3.96;0.67;2.15;4.47;215.5;172.2;30.1;4.3;8.9;1.61;0.53;0.18;0.24;0.25;0.25;0.072;23.5;3.13;1.44;1;0.2;0.59;3.37;66.2;56.4;1.9;1.2;6.7;0.14;0.03;0.03;0.04
17;50;0;50;50;18.44;3.04;8.4;2.68;2.64;0.185;75.9;14.33;7.5;4.02;0.68;2.29;4.84;213.5;168.9;30.3;4.6;9.7;1.54;0.67;0.18;0.25;0.34;0.32;0.075;24.1;4.01;1.86;1.25;0.21;0.75;3.56;67.7;57.3;1.8;1.5;7.1;0.19;0.05;0.04;0.05
17;50;0;50;100;18.67;3.5;9.77;2.98;2.99;0.192;74.3;15.59;8.21;4.43;0.74;2.46;5.53;209.2;163.1;30.1;4.9;11.1;1.5;1.01;0.2;0.27;0.46;0.45;0.08;25.7;5.43;2.52;1.7;0.3;1.05;4.24;72.1;58.9;2.7;2.1;8.5;0.25;0.07;0.06;0.07
17;50;0;100;0;18.57;2.98;8.35;2.59;2.57;0.186;81.5;13.84;7.25;3.89;0.68;2.19;4.68;215;170.4;30.8;4.4;9.4;1.6;0.54;0.18;0.24;0.36;0.34;0.075;18.5;4.27;1.98;1.33;0.22;0.8;3.67;48.5;37.8;1.8;1.6;7.3;0.2;0.03;0.04;0.06
17;50;0;100;50;19.4;3.44;9.93;2.71;2.74;0.182;80.5;15.1;7.73;4.3;0.72;2.36;5.65;212.3;164.8;31.5;4.7;11.3;1.55;0.73;0.2;0.26;0.49;0.48;0.077;19.5;6.09;2.73;1.97;0.36;1.08;4.28;51.3;38.9;1.7;2.2;8.6;0.3;0.04;0.06;0.08
17;50;0;100;100;20.15;3.98;11.35;3.02;3.11;0.189;79;16.54;8.54;4.69;0.83;2.56;6.44;208.5;158.3;32.2;5.1;12.9;1.47;1.14;0.22;0.28;0.59;0.6;0.079;21;7.5;3.46;2.37;0.4;1.42;4.91;55.3;40.1;2.6;2.8;9.8;0.36;0.07;0.07;0.1
17;50;50;0;0;16.75;3.04;8.39;3.23;3.26;0.195;71.5;16.79;8.8;4.79;0.79;2.63;4.78;213.9;171.5;27.6;5.3;9.6;2.08;0.65;0.23;0.29;0.18;0.18;0.069;28.5;2.05;0.99;0.62;0.1;0.41;3.62;85.3;75.5;1.8;0.8;7.2;0.09;0.04;0.03;0.03
17;50;50;0;50;16.91;3.13;8.95;3.48;3.49;0.197;70.6;17.83;9.3;5.12;0.83;2.73;5.05;210.5;167.3;27.6;5.5;10.1;2.03;0.92;0.23;0.32;0.23;0.21;0.076;29.4;2.28;1.06;0.75;0.11;0.4;3.9;87.4;77;1.7;0.8;7.8;0.09;0.06;0.03;0.03
17;50;50;0;100;16.55;3.29;9.21;3.77;3.71;0.201;69.7;18.5;9.79;5.13;0.86;2.79;5.26;206.5;163.8;26.6;5.6;10.5;1.98;1.18;0.24;0.32;0.23;0.24;0.082;30.3;2.52;1.14;0.82;0.13;0.5;3.95;89.8;78.3;2.5;1;7.9;0.1;0.08;0.02;0.03
17;50;50;50;0;19.07;3.33;9.46;3.29;3.34;0.189;75.6;17.69;9.24;5.08;0.86;2.78;5.33;214.6;167;31.4;5.6;10.7;2.03;0.76;0.23;0.31;0.26;0.26;0.074;24.4;3.11;1.39;1.02;0.16;0.55;4.13;68.9;57.8;1.7;1.1;8.3;0.14;0.04;0.03;0.05
17;50;50;50;50;19.85;3.73;10.71;3.57;3.6;0.19;74.3;18.99;9.81;5.47;0.95;2.91;6.01;210.3;160.5;31.9;5.8;12;1.92;1.1;0.25;0.33;0.37;0.36;0.08;25.7;4.29;2.02;1.34;0.23;0.82;4.7;72.5;59.6;1.9;1.6;9.4;0.19;0.07;0.05;0.06
17;50;50;50;100;19.86;4.08;11.9;4.01;3.97;0.199;74.3;19.96;10.42;5.73;0.97;2.96;6.7;221.1;154.6;47.2;5.9;13.4;1.84;1.55;0.24;0.35;0.54;0.48;0.082;25.7;5.76;2.68;1.85;0.3;1.11;5.2;76.4;61.3;2.5;2.2;10.4;0.27;0.08;0.06;0.07
17;50;50;100;0;19.59;3.7;10.61;3.37;3.37;0.185;80.3;18.2;9.48;5.2;0.91;2.81;6;212.9;163.7;31.6;5.6;12;1.98;0.83;0.23;0.32;0.38;0.36;0.076;19.7;4.53;2.12;1.43;0.23;0.89;4.61;51.9;39.1;1.9;1.8;9.2;0.22;0.04;0.04;0.06
17;50;50;100;50;20.55;4.21;12.04;3.78;3.77;0.192;80.4;19.68;10.16;5.73;0.89;3.02;6.86;225;156.1;49.2;6;13.7;1.89;1.28;0.26;0.34;0.55;0.5;0.077;19.6;6.35;2.88;2.03;0.36;1.19;5.18;54.8;40.5;1.6;2.4;10.4;0.31;0.05;0.06;0.08
17;50;50;100;100;21.27;4.61;13.19;4.2;4.17;0.198;79;21.12;11.15;5.87;1.01;3.22;7.43;220.9;149.1;50.5;6.4;14.9;1.82;1.7;0.29;0.36;0.66;0.62;0.08;21;7.67;3.5;2.42;0.43;1.39;5.76;58.4;41.8;2.3;2.8;11.5;0.37;0.08;0.08;0.09
17;50;100;0;0;17.86;3.65;10.19;4.16;4.07;0.194;71.6;21.05;11.08;5.9;0.98;3.26;5.83;225.7;164.3;43.3;6.5;11.7;2.43;0.98;0.29;0.37;0.18;0.2;0.075;28.4;2.18;0.98;0.72;0.14;0.4;4.36;89.5;78.2;1.8;0.8;8.7;0.09;0.06;0.02;0.03
17;50;100;0;50;17.46;3.71;10.52;4.53;4.41;0.203;70.9;21.74;11.49;6.06;1.06;3.28;6.06;222.4;161.9;41.8;6.6;12.1;2.44;1.32;0.27;0.38;0.26;0.22;0.082;29.1;2.33;1.12;0.72;0.11;0.43;4.45;91.3;79;2.5;0.9;8.9;0.09;0.08;0.02;0.03
17;50;100;0;100;17.4;3.8;10.96;4.91;4.79;0.213;69.8;22.54;12.06;6.26;1.02;3.29;6.2;217.6;157.3;41.4;6.6;12.4;2.35;1.78;0.28;0.38;0.3;0.28;0.094;30.2;2.66;1.28;0.82;0.13;0.52;4.77;93.9;80.7;2.6;1;9.5;0.1;0.12;0.03;0.03
17;50;100;50;0;19.96;3.97;11.25;4.37;4.23;0.193;75.6;22;11.64;6.17;0.99;3.35;6.33;226.3;158.2;48.8;6.7;12.7;2.34;1.22;0.29;0.38;0.3;0.28;0.077;24.4;3.24;1.52;0.99;0.18;0.62;4.92;73;60.2;1.7;1.2;9.8;0.15;0.06;0.03;0.04
17;50;100;50;50;20.48;4.48;12.5;4.66;4.62;0.197;74.3;23.47;12.43;6.51;1.18;3.68;7.07;222.8;152.1;49.1;7.4;14.1;2.27;1.63;0.32;0.4;0.37;0.38;0.082;25.7;4.41;2.04;1.4;0.23;0.8;5.42;76.8;61.9;2.4;1.6;10.8;0.2;0.08;0.05;0.06
17;50;100;50;100;20.73;4.84;13.47;5.11;5.16;0.213;73.2;24.23;12.93;6.71;1.14;3.69;7.69;218.2;146.6;48.9;7.4;15.4;2.14;2.29;0.32;0.41;0.55;0.53;0.087;26.8;5.95;2.81;1.83;0.34;1.15;5.78;79.9;63.5;2.5;2.3;11.6;0.27;0.12;0.06;0.08
17;50;100;100;0;20.57;4.23;12.16;4.23;4.22;0.19;80.5;22.27;11.44;6.37;1.14;3.39;6.97;225.3;155.1;49.5;6.8;13.9;2.25;1.28;0.29;0.39;0.38;0.38;0.079;19.5;4.6;2.1;1.44;0.27;0.84;5.19;54.4;40.6;1.7;1.7;10.4;0.22;0.05;0.05;0.06
17;50;100;100;50;21.62;4.97;14.08;4.69;4.67;0.194;78.9;24.05;12.67;6.77;1.19;3.74;8.06;221.8;147;51.2;7.5;16.1;2.17;1.75;0.32;0.42;0.56;0.54;0.08;21.1;6.63;3.02;2.12;0.4;1.23;6.02;58.9;42.2;2.3;2.5;12;0.32;0.08;0.07;0.08
17;50;100;100;100;22.61;5.34;15.24;5.36;5.37;0.211;77.5;25.53;13.5;7.13;1.26;3.82;8.56;216.2;138.4;53;7.6;17.1;2.05;2.56;0.32;0.44;0.74;0.69;0.083;22.5;8.08;3.79;2.55;0.44;1.53;6.67;62.4;43.7;2.3;3.1;13.3;0.39;0.11;0.09;0.1
17;100;0;0;0;17.54;2.92;8.33;3.25;3.3;0.203;65.4;16.29;8.64;4.52;0.76;2.48;4.7;160.5;119.2;26.9;5;9.4;2.35;0.46;0.21;0.28;0.22;0.2;0.071;34.6;2.3;1.04;0.76;0.14;0.43;3.63;84.9;72.9;4;0.9;7.3;0.08;0.07;0.02;0.03
17;100;0;0;50;17.3;3;8.65;3.36;3.33;0.203;65.1;16.47;8.71;4.68;0.79;2.47;4.96;159.7;118.9;25.9;4.9;9.9;2.29;0.55;0.21;0.28;0.29;0.26;0.081;34.9;2.81;1.31;0.88;0.15;0.53;3.69;85.6;73;4.1;1.1;7.4;0.09;0.11;0.03;0.04
17;100;0;0;100;17;3.25;9.13;3.53;3.55;0.206;64;17.34;9.28;4.87;0.73;2.69;5.19;158.4;117.4;25.2;5.4;10.4;2.28;0.74;0.23;0.3;0.34;0.32;0.095;36;3.16;1.5;0.98;0.19;0.56;3.94;89;73.8;6.1;1.1;7.9;0.09;0.16;0.03;0.04
17;100;0;50;0;19.29;3.16;8.98;3.3;3.31;0.2;70.3;16.6;8.67;4.7;0.77;2.51;5.08;162.3;117.4;29.7;5;10.2;2.31;0.5;0.21;0.29;0.28;0.28;0.077;29.7;3.31;1.53;1.07;0.17;0.65;3.9;68.5;55.3;4.1;1.3;7.8;0.13;0.07;0.03;0.04
17;100;0;50;50;19.6;3.43;10.06;3.56;3.45;0.198;69.6;17.55;9.26;4.97;0.78;2.59;5.74;161.7;115.3;29.8;5.2;11.5;2.26;0.65;0.23;0.31;0.44;0.4;0.083;30.4;4.65;2.19;1.47;0.24;0.84;4.32;70.6;56.2;4.1;1.7;8.6;0.19;0.11;0.05;0.06
17;100;0;50;100;19.71;3.94;11.29;3.81;3.72;0.203;68;18.43;9.85;5.02;0.93;2.8;6.43;159.9;112.2;29.2;5.6;12.9;2.19;0.98;0.22;0.33;0.56;0.54;0.086;32;6.1;2.9;1.92;0.33;1.14;4.86;75.3;57.5;5.8;2.3;9.7;0.25;0.15;0.07;0.08
17;100;0;100;0;19.53;3.38;9.65;3.28;3.3;0.2;76.2;16.54;8.65;4.63;0.81;2.52;5.53;163.1;117.2;29.8;5;11.1;2.3;0.5;0.22;0.28;0.4;0.38;0.078;23.8;4.68;2.09;1.5;0.26;0.85;4.13;50.9;36.9;4.1;1.7;8.3;0.2;0.07;0.04;0.06
17;100;0;100;50;20.53;4.05;11.43;3.52;3.45;0.195;74.9;17.78;9.32;5.06;0.87;2.74;6.5;162.5;113.3;30.7;5.5;13;2.22;0.7;0.23;0.3;0.58;0.56;0.081;25.1;6.74;3.17;2.1;0.38;1.31;4.93;54.3;37.9;3.9;2.6;9.9;0.3;0.1;0.07;0.09
17;100;0;100;100;21.39;4.53;12.68;3.82;3.8;0.199;73.2;19.22;10.15;5.37;0.92;3;7.18;161.2;109.1;31.8;6;14.4;2.11;1.12;0.25;0.32;0.68;0.68;0.085;26.8;7.9;3.7;2.48;0.47;1.52;5.5;58.9;39.1;5.7;3;11;0.34;0.15;0.08;0.1
17;100;50;0;0;17.95;3.83;10.8;4.55;4.63;0.208;65.1;22.27;11.83;6.23;1.03;3.4;6.1;163.4;117.3;27.1;6.8;12.2;3.31;0.65;0.29;0.39;0.24;0.21;0.077;34.9;2.35;1.14;0.74;0.12;0.43;4.71;87.4;73.9;3.2;0.9;9.4;0.08;0.07;0.03;0.03
17;100;50;0;50;17.9;4.03;11.27;4.83;4.84;0.209;64;23.21;12.53;6.32;1.07;3.52;6.36;161.7;115;26.9;7;12.7;3.24;0.9;0.3;0.4;0.28;0.26;0.089;36;2.59;1.26;0.79;0.15;0.5;4.92;90.7;75.2;4.7;1;9.8;0.08;0.12;0.03;0.03
17;100;50;0;100;17.35;4.09;11.64;5.07;5.03;0.212;63.5;23.73;12.73;6.5;1.16;3.53;6.64;159.6;113.4;25.9;7.1;13.3;3.16;1.15;0.3;0.42;0.34;0.32;0.098;36.5;2.98;1.44;0.9;0.17;0.55;4.99;91.8;76.1;4.6;1.1;10;0.09;0.16;0.03;0.04
17;100;50;50;0;19.77;4.17;11.8;4.6;4.69;0.203;69.9;23.18;12.15;6.47;1.19;3.55;6.75;165.4;114.4;30.4;7.1;13.5;3.22;0.76;0.3;0.41;0.28;0.29;0.078;30.1;3.39;1.54;1.1;0.2;0.62;5.05;71;56.6;3.1;1.2;10.1;0.14;0.07;0.03;0.04
17;100;50;50;50;20.14;4.4;12.7;5;4.9;0.204;68.4;24.13;12.76;6.71;1.16;3.56;7.31;163;110.6;30.7;7.1;14.6;3.1;1.06;0.31;0.43;0.42;0.41;0.087;31.6;4.54;2.09;1.45;0.25;0.84;5.39;75.1;58.1;4.5;1.7;10.8;0.19;0.12;0.05;0.06
17;100;50;50;100;20.46;4.82;13.79;5.15;5.21;0.211;69.3;24.75;13.13;6.84;1.18;3.7;7.8;176.3;107.5;45.8;7.4;15.6;2.99;1.49;0.32;0.41;0.57;0.55;0.088;30.7;6.04;2.82;1.91;0.33;1.12;5.99;78.1;59.4;4.5;2.2;12;0.26;0.15;0.06;0.08
17;100;50;100;0;20.43;4.43;12.61;4.63;4.67;0.201;75.3;23.3;12.26;6.56;1.18;3.54;7.18;165;112.5;31.1;7.1;14.4;3.16;0.8;0.29;0.42;0.4;0.39;0.079;24.7;4.7;2.14;1.49;0.29;0.89;5.43;53.9;38.2;3.1;1.8;10.9;0.21;0.07;0.05;0.06
17;100;50;100;50;21.5;5.04;14.23;4.99;5.01;0.204;75.2;24.59;13.13;6.79;1.17;3.77;8.05;179.2;107.2;48.3;7.5;16.1;3.01;1.26;0.31;0.43;0.59;0.57;0.083;24.8;6.74;3.16;2.12;0.35;1.27;6.18;59;39.6;4.5;2.5;12.4;0.3;0.12;0.06;0.09
17;100;50;100;100;22.23;5.33;15.13;5.38;5.29;0.207;74.3;25.57;13.54;7.03;1.25;3.85;8.52;177.4;102.7;50;7.7;17;2.86;1.69;0.32;0.42;0.73;0.68;0.085;25.7;7.88;3.66;2.54;0.45;1.48;6.61;61.3;40.9;4.3;3;13.2;0.36;0.15;0.08;0.1
17;100;100;0;0;18.31;4.42;12.59;5.46;5.48;0.207;66.3;26.57;14.14;7.39;1.24;4.04;7.12;177.7;113.1;42.3;8.1;14.2;3.75;0.95;0.34;0.44;0.23;0.21;0.079;33.7;2.2;1.03;0.71;0.11;0.38;5.47;90.1;76.2;2.2;0.8;10.9;0.08;0.08;0.02;0.03
17;100;100;0;50;18.09;4.64;13;5.72;5.81;0.213;65.4;27.35;14.57;7.6;1.27;4.18;7.45;175.1;110.7;41.2;8.4;14.9;3.66;1.31;0.35;0.48;0.22;0.25;0.087;34.6;2.49;1.13;0.79;0.14;0.46;5.55;92.7;77.6;3.2;0.9;11.1;0.09;0.11;0.02;0.03
17;100;100;0;100;17.85;4.7;13.26;6.14;6.16;0.221;64.5;28;15.21;7.6;1.28;4.2;7.5;171.9;108.2;40.3;8.4;15;3.6;1.74;0.35;0.47;0.32;0.32;0.103;35.5;2.86;1.35;0.91;0.16;0.5;5.77;94.6;78.9;3.2;1;11.5;0.1;0.15;0.03;0.03
17;100;100;50;0;20.32;4.88;13.78;5.55;5.64;0.205;70.9;27.58;14.56;7.72;1.31;4.24;7.78;180.6;109.1;47.5;8.5;15.6;3.63;1.19;0.35;0.47;0.31;0.29;0.081;29.1;3.38;1.57;1.06;0.18;0.64;6;74.1;58.7;2.1;1.3;12;0.15;0.08;0.03;0.04
17;100;100;50;50;20.98;5.05;14.6;5.97;5.91;0.207;69.3;28.66;15.09;7.96;1.43;4.23;8.24;177.4;103.8;48.6;8.5;16.5;3.43;1.62;0.37;0.49;0.48;0.41;0.086;30.7;4.57;2.14;1.45;0.25;0.82;6.36;78.3;61;3;1.6;12.7;0.2;0.1;0.05;0.06
17;100;100;50;100;20.98;5.45;15.69;6.44;6.43;0.22;68.5;29.23;15.78;8.03;1.37;4.36;8.93;175.3;101.3;47.4;8.7;17.9;3.35;2.22;0.36;0.5;0.58;0.55;0.089;31.5;6.07;2.82;1.96;0.32;1.08;6.76;80.7;62;3;2.2;13.5;0.27;0.14;0.06;0.08
17;100;100;100;0;20.8;5.1;14.68;5.63;5.63;0.203;76.1;27.83;14.71;7.93;1.31;4.19;8.32;179.7;106.6;48;8.4;16.6;3.53;1.25;0.36;0.49;0.41;0.41;0.081;23.9;4.88;2.27;1.54;0.29;0.91;6.36;56.3;39.8;2;1.8;12.7;0.22;0.07;0.05;0.06
17;100;100;100;50;22.11;5.63;16.11;6.03;5.92;0.205;74.7;28.99;15.39;8.02;1.39;4.43;9.19;178.5;100.9;50.3;8.9;18.4;3.33;1.72;0.36;0.5;0.6;0.56;0.082;25.3;6.69;3.04;2.17;0.37;1.19;6.92;60.5;41.4;2.9;2.4;13.8;0.32;0.1;0.06;0.08
17;100;100;100;100;22.67;6.05;17.15;6.46;6.56;0.218;73.6;30.16;16.18;8.25;1.44;4.52;9.76;176.3;96.2;51.5;9;19.5;3.18;2.5;0.38;0.5;0.66;0.71;0.086;26.4;8.05;3.73;2.56;0.44;1.53;7.39;63.3;42.6;2.8;3.1;14.8;0.38;0.14;0.08;0.11
18;0;0;0;0;16.68;1.88;5.38;1.61;1.68;0.173;78.1;9.73;4.94;2.84;0.48;1.52;3.07;272.4;234.5;28.8;3;6.1;0.88;0.49;0.13;0.18;0.14;0.16;0.065;21.9;1.86;0.84;0.62;0.12;0.36;2.31;76.2;69;1.8;0.7;4.6;0.08;0.03;0.02;0.02
18;0;0;0;50;16.32;1.99;5.75;1.73;1.75;0.173;77.7;10.1;5.16;2.98;0.5;1.6;3.26;269.7;232.2;27.8;3.2;6.5;0.84;0.59;0.13;0.18;0.18;0.18;0.068;22.3;2.11;0.97;0.7;0.12;0.38;2.49;77.2;69.6;1.9;0.8;5;0.09;0.05;0.02;0.03
18;0;0;0;100;15.97;2.13;6.14;1.97;1.99;0.181;77;11.01;5.67;3.14;0.54;1.72;3.47;265.8;228.5;26.9;3.4;6.9;0.85;0.8;0.14;0.2;0.2;0.21;0.074;23;2.31;1.06;0.78;0.12;0.42;2.67;79.4;70.5;2.7;0.8;5.3;0.09;0.06;0.02;0.03
18;0;0;50;0;17.81;2.17;6.28;1.7;1.72;0.17;81.9;10.1;5.12;3.02;0.54;1.6;3.67;273.3;232.2;30.6;3.2;7.3;0.87;0.52;0.13;0.19;0.23;0.23;0.071;18.1;2.92;1.34;0.94;0.17;0.56;2.62;60.2;52.1;1.7;1.1;5.2;0.14;0.03;0.03;0.04
18;0;0;50;50;18.52;2.46;7.19;1.89;1.87;0.168;81;11.18;5.62;3.3;0.57;1.71;4.19;268.5;225.3;31.3;3.4;8.4;0.83;0.69;0.14;0.22;0.34;0.32;0.075;19;3.95;1.83;1.26;0.21;0.74;3;62.6;53.4;1.8;1.5;6;0.18;0.04;0.04;0.05
18;0;0;50;100;18.8;3.05;8.35;2.12;2.26;0.181;79.8;12.5;6.37;3.63;0.6;2;4.74;263.2;218.5;31.2;4;9.5;0.82;1.04;0.17;0.22;0.46;0.43;0.078;20.2;5.31;2.5;1.67;0.27;1.04;3.6;66.4;54.6;2.5;2.1;7.2;0.25;0.05;0.06;0.06
18;0;0;100;0;18.29;2.4;7.01;1.64;1.72;0.17;86;10.17;5.1;2.97;0.54;1.58;4.07;272.9;230.6;31;3.2;8.1;0.88;0.53;0.12;0.19;0.36;0.35;0.075;14;4.35;2.03;1.35;0.28;0.82;2.94;44.3;35;1.8;1.6;5.9;0.21;0.03;0.05;0.06
18;0;0;100;50;19.36;3.01;8.68;2;1.92;0.165;84.7;11.66;5.95;3.24;0.61;1.81;4.96;265.4;220;31.9;3.6;9.9;0.81;0.75;0.16;0.21;0.53;0.5;0.077;15.3;6.33;2.97;2.04;0.34;1.2;3.72;47.9;36.3;1.7;2.4;7.4;0.31;0.04;0.07;0.08
18;0;0;100;100;20.13;3.44;10.07;2.34;2.36;0.177;83.5;13.38;6.79;3.93;0.66;2.05;5.74;260.6;212.1;32.9;4.1;11.5;0.79;1.16;0.17;0.24;0.58;0.58;0.077;16.5;7.28;3.35;2.3;0.43;1.39;4.33;51.3;37.3;2.5;2.8;8.7;0.35;0.06;0.07;0.09
18;0;50;0;0;17.15;2.13;6.21;1.89;1.93;0.169;77.2;11.45;5.8;3.38;0.59;1.79;3.59;267.3;227.1;29.4;3.6;7.2;0.86;0.7;0.16;0.21;0.18;0.17;0.067;22.8;1.96;0.88;0.66;0.11;0.34;2.62;78.6;70.9;1.8;0.7;5.2;0.08;0.04;0.02;0.03
18;0;50;0;50;16.84;2.37;6.7;2.19;2.16;0.175;76.6;12.4;6.4;3.57;0.63;1.95;3.9;262.7;222.6;28.5;3.9;7.8;0.82;0.96;0.16;0.22;0.21;0.2;0.074;23.4;2.21;1.02;0.68;0.12;0.42;2.8;80.2;72;1.8;0.8;5.6;0.09;0.06;0.02;0.03
18;0;50;0;100;16.95;2.54;7.36;2.49;2.47;0.184;75.7;13.47;6.96;3.89;0.68;2.06;4.25;258.7;217.9;28.2;4.1;8.5;0.82;1.25;0.17;0.24;0.24;0.24;0.083;24.3;2.51;1.22;0.77;0.12;0.48;3.11;83;73.2;2.7;1;6.2;0.1;0.09;0.02;0.03
18;0;50;50;0;18.81;2.58;7.38;1.94;2.03;0.164;80.8;12.41;6.22;3.71;0.61;2.02;4.25;266;221.5;32;4;8.5;0.84;0.8;0.17;0.22;0.26;0.25;0.073;19.2;3.14;1.45;1.01;0.16;0.55;3.13;63.2;54.1;1.7;1.1;6.3;0.14;0.04;0.03;0.04
18;0;50;50;50;19.67;3.03;8.53;2.39;2.38;0.169;79.6;14.11;7.23;4.07;0.69;2.23;4.92;259.7;212.3;33.1;4.5;9.8;0.78;1.15;0.2;0.26;0.4;0.34;0.078;20.4;4.13;1.96;1.28;0.23;0.8;3.61;66.3;55.8;1.7;1.6;7.2;0.19;0.05;0.04;0.06
18;0;50;50;100;19.94;3.33;9.71;2.84;2.84;0.186;79.5;15.32;7.89;4.35;0.79;2.33;5.66;270.5;205.4;49.2;4.7;11.3;0.76;1.61;0.2;0.27;0.52;0.46;0.08;20.5;5.5;2.56;1.69;0.33;1;4.05;69.6;57.1;2.5;2;8.1;0.26;0.08;0.05;0.07
18;0;50;100;0;19.12;2.96;8.21;2.09;2.07;0.162;84.9;12.77;6.45;3.76;0.66;2.08;4.8;264.5;218.7;32.1;4.2;9.6;0.82;0.84;0.18;0.24;0.36;0.36;0.076;15.1;4.54;2.11;1.45;0.25;0.87;3.41;46.8;36.5;1.7;1.7;6.8;0.22;0.04;0.04;0.06
18;0;50;100;50;20.24;3.52;9.94;2.51;2.51;0.175;84.4;14.39;7.43;4.16;0.69;2.32;5.63;274;208;50.1;4.6;11.3;0.78;1.28;0.19;0.26;0.52;0.51;0.078;15.6;6.42;2.92;2.04;0.36;1.2;4.3;50.4;37.8;1.6;2.4;8.6;0.31;0.06;0.07;0.08
18;0;50;100;100;21.21;4;11.37;2.97;2.96;0.183;83;16.14;8.29;4.64;0.78;2.48;6.41;266.7;197.5;51.5;5;12.8;0.72;1.74;0.21;0.28;0.69;0.64;0.08;17;7.83;3.63;2.51;0.44;1.52;4.96;54.4;39.1;2.3;3;9.9;0.38;0.07;0.08;0.1
18;0;100;0;0;18.02;2.58;7.28;2.28;2.25;0.164;76.9;13.73;6.97;4;0.7;2.21;4.16;274.4;215.7;45.9;4.4;8.3;0.79;1.02;0.19;0.25;0.2;0.18;0.07;23.1;2.07;0.94;0.69;0.12;0.38;3.12;82.4;73.7;1.8;0.8;6.2;0.09;0.05;0.02;0.02
18;0;100;0;50;17.8;2.75;7.72;2.7;2.67;0.181;76.1;14.77;7.64;4.21;0.71;2.3;4.33;268.6;210.3;45;4.6;8.7;0.79;1.43;0.2;0.25;0.2;0.21;0.079;23.9;2.26;1.07;0.67;0.12;0.45;3.39;84.3;75;1.6;0.9;6.8;0.09;0.07;0.02;0.03
18;0;100;0;100;17.42;2.81;8.17;3.21;3.14;0.198;75.2;15.85;8.32;4.44;0.81;2.35;4.69;263.3;205.6;43.7;4.7;9.4;0.77;1.89;0.2;0.27;0.26;0.26;0.088;24.8;2.53;1.18;0.81;0.13;0.46;3.48;86.5;76.2;2.4;0.9;7;0.1;0.1;0.02;0.03
18;0;100;50;0;19.83;3.11;8.66;2.52;2.57;0.168;80.3;15.3;7.76;4.45;0.81;2.49;4.95;273.2;208.3;50;5;9.9;0.8;1.27;0.22;0.28;0.29;0.28;0.077;19.7;3.33;1.52;1.08;0.19;0.62;3.71;67;56.5;1.8;1.2;7.4;0.15;0.05;0.03;0.05
18;0;100;50;50;20.52;3.52;9.82;3;2.98;0.177;79.2;16.84;8.72;4.76;0.84;2.71;5.62;266.7;198.6;51.4;5.4;11.2;0.76;1.69;0.23;0.3;0.37;0.36;0.08;20.8;4.33;2.03;1.4;0.23;0.82;4.2;69.8;58.3;1.5;1.6;8.4;0.2;0.06;0.04;0.06
18;0;100;50;100;20.8;3.86;11.03;3.63;3.66;0.202;77.9;18.15;9.57;5.13;0.86;2.79;6.33;261;191.6;51.2;5.6;12.7;0.72;2.4;0.23;0.31;0.51;0.5;0.084;22.1;5.76;2.65;1.83;0.34;1.07;4.7;73.6;59.6;2.4;2.1;9.4;0.27;0.1;0.05;0.08
18;0;100;100;0;20.2;3.36;9.46;2.52;2.55;0.166;84.5;15.42;7.76;4.58;0.72;2.48;5.4;271.1;204.8;50.5;5;10.8;0.75;1.31;0.21;0.28;0.4;0.37;0.077;15.5;4.67;2.17;1.5;0.24;0.88;4.06;49.7;38.2;1.6;1.8;8.1;0.23;0.05;0.04;0.06
18;0;100;100;50;21.35;3.94;11.46;3.11;3.03;0.175;83.2;17.33;8.93;4.99;0.86;2.67;6.56;264.7;194.1;52.2;5.3;13.1;0.71;1.78;0.23;0.31;0.61;0.56;0.08;16.8;6.88;3.19;2.15;0.37;1.27;4.9;53.4;39.5;1.5;2.5;9.8;0.33;0.07;0.07;0.09
18;0;100;100;100;22.48;4.56;13.03;3.93;3.93;0.2;81.6;19.61;10.34;5.58;0.95;2.99;7.46;256.9;181.8;54.2;6;14.9;0.69;2.64;0.26;0.35;0.68;0.67;0.081;18.4;8.13;3.78;2.63;0.42;1.57;5.57;57.5;41.1;2.1;3.1;11.1;0.4;0.09;0.08;0.11
18;50;0;0;0;16.76;2.42;6.75;2.71;2.67;0.201;74;13.38;7.16;3.62;0.68;2.1;3.83;218.6;178.5;28.2;4.2;7.7;1.78;0.48;0.18;0.23;0.15;0.15;0.065;26;1.87;0.85;0.63;0.1;0.32;2.92;76.6;68.2;1.9;0.6;5.8;0.08;0.03;0.02;0.03
18;50;0;0;50;16.38;2.45;7.08;2.7;2.72;0.2;73.6;13.67;7.23;3.88;0.65;2.05;4.03;216.5;177;27.3;4.1;8.1;1.72;0.57;0.18;0.24;0.18;0.18;0.069;26.4;2.07;0.94;0.65;0.13;0.4;3.05;77.4;68.7;1.8;0.8;6.1;0.08;0.05;0.02;0.02
18;50;0;0;100;16.31;2.75;7.54;2.87;2.94;0.201;72.7;14.65;7.78;4.05;0.69;2.3;4.34;213.5;173.4;26.8;4.6;8.7;1.68;0.8;0.19;0.26;0.2;0.22;0.076;27.3;2.38;1.1;0.76;0.14;0.45;3.21;79.9;69.9;2.7;0.9;6.4;0.09;0.07;0.03;0.03
18;50;0;50;0;17.91;2.68;7.51;2.67;2.7;0.198;78.3;13.73;7.22;3.88;0.68;2.12;4.3;219.4;176.4;30.2;4.2;8.6;1.76;0.51;0.19;0.24;0.25;0.24;0.071;21.7;2.96;1.37;0.92;0.17;0.56;3.21;60.9;51.6;1.8;1.1;6.4;0.14;0.03;0.03;0.04
18;50;0;50;50;18.56;2.96;8.43;2.82;2.8;0.193;77.4;14.59;7.64;4.12;0.72;2.25;4.83;217.1;171.8;31.1;4.5;9.7;1.67;0.68;0.2;0.26;0.33;0.31;0.076;22.6;3.88;1.79;1.21;0.22;0.71;3.59;63.1;52.7;1.8;1.4;7.2;0.18;0.04;0.04;0.05
18;50;0;50;100;19.15;3.42;9.77;3.19;3.18;0.198;75.9;16.09;8.38;4.62;0.77;2.41;5.59;212.9;165.7;31.2;4.8;11.2;1.62;1.06;0.21;0.29;0.45;0.43;0.08;24.1;5.25;2.42;1.64;0.27;1.01;4.17;67.3;54.2;2.7;2;8.3;0.24;0.07;0.05;0.07
18;50;0;100;0;18.67;3;8.18;2.67;2.68;0.195;82.9;13.77;7.32;3.83;0.64;2.17;4.67;219.3;174.7;30.9;4.3;9.3;1.72;0.53;0.19;0.24;0.38;0.33;0.074;17.1;4.23;1.95;1.34;0.23;0.82;3.52;45.2;34.7;1.8;1.6;7;0.2;0.03;0.04;0.05
18;50;0;100;50;19.47;3.44;9.98;2.86;2.81;0.189;81.6;14.91;7.81;4.13;0.78;2.24;5.73;215.7;168.3;31.5;4.5;11.5;1.63;0.73;0.19;0.26;0.48;0.48;0.076;18.4;6.16;2.8;2.04;0.32;1.2;4.25;48.5;35.8;1.8;2.4;8.5;0.3;0.04;0.06;0.08
18;50;0;100;100;20.28;3.9;11.24;3.17;3.23;0.196;80.4;16.55;8.67;4.7;0.83;2.56;6.46;212.5;162;32.5;5.1;12.9;1.58;1.14;0.22;0.3;0.61;0.58;0.079;19.6;7.25;3.31;2.38;0.38;1.34;4.78;51.6;36.8;2.6;2.7;9.6;0.35;0.06;0.07;0.09
18;50;50;0;0;17.57;3;8.31;3.37;3.38;0.202;73.3;16.81;8.93;4.66;0.8;2.64;4.72;218.2;174.4;29;5.3;9.4;2.19;0.68;0.22;0.29;0.19;0.17;0.069;26.7;2.01;0.95;0.64;0.1;0.37;3.58;79.3;69.5;1.9;0.7;7.2;0.08;0.04;0.02;0.03
18;50;50;0;50;17.16;3.18;8.9;3.65;3.7;0.205;72.7;18.12;9.61;5.1;0.86;2.78;5.14;215.1;171;28.2;5.6;10.3;2.21;0.93;0.24;0.33;0.21;0.2;0.076;27.3;2.24;1.02;0.71;0.12;0.4;3.76;80.8;70.7;1.8;0.8;7.5;0.09;0.06;0.02;0.03
18;50;50;0;100;16.82;3.35;9.24;3.9;3.92;0.21;71.7;18.73;9.96;5.21;0.91;2.9;5.24;211.3;167.8;27.2;5.8;10.5;2.15;1.19;0.25;0.32;0.26;0.23;0.081;28.3;2.43;1.17;0.78;0.11;0.46;4;83.1;71.7;2.5;0.9;8;0.1;0.08;0.02;0.03
18;50;50;50;0;18.74;3.18;9.47;3.43;3.44;0.197;77.3;17.57;9.23;4.95;0.87;2.64;5.46;217.7;170.6;30.9;5.3;10.9;2.13;0.77;0.23;0.31;0.27;0.25;0.073;22.7;3.12;1.39;1.04;0.17;0.54;4.01;63.8;53;1.7;1.1;8;0.14;0.04;0.03;0.04
18;50;50;50;50;19.85;3.68;10.6;3.73;3.77;0.197;76.1;19.19;10;5.48;0.95;2.95;5.99;213.7;163.3;32.5;5.9;12;2.06;1.13;0.25;0.34;0.35;0.33;0.079;23.9;4;1.81;1.28;0.25;0.73;4.61;67.1;54.8;1.6;1.5;9.2;0.18;0.06;0.04;0.05
18;50;50;50;100;20.12;4.15;11.8;4.09;4.21;0.207;76.1;20.44;10.73;5.75;0.96;3.17;6.7;225.6;157.3;48.5;6.3;13.4;2.01;1.58;0.27;0.35;0.52;0.47;0.083;23.9;5.51;2.56;1.79;0.32;0.98;5.1;70.8;56.3;2.4;2;10.2;0.26;0.08;0.06;0.07
18;50;50;100;0;19.5;3.62;10.27;3.48;3.52;0.194;81.7;18.2;9.57;5.07;0.91;2.78;5.85;216.5;167.3;31.9;5.6;11.7;2.13;0.83;0.24;0.32;0.36;0.35;0.076;18.3;4.36;1.98;1.44;0.24;0.84;4.42;48.3;35.9;1.8;1.7;8.8;0.21;0.04;0.05;0.06
18;50;50;100;50;20.43;4.24;12.24;3.87;3.91;0.2;81.6;19.65;10.32;5.49;0.98;3.02;7.11;228.9;159.8;48.8;6;14.2;2.04;1.27;0.25;0.36;0.51;0.53;0.079;18.4;6.58;3.03;2.13;0.38;1.22;5.13;51.5;37.2;1.7;2.4;10.3;0.32;0.06;0.07;0.08
18;50;50;100;100;21.36;4.66;13.29;4.26;4.28;0.204;80.3;21.05;11.14;5.82;1.04;3.21;7.58;225.1;152.9;50.6;6.4;15.2;1.95;1.71;0.26;0.36;0.64;0.63;0.08;19.7;7.66;3.53;2.46;0.44;1.45;5.71;55;38.3;2.4;2.9;11.4;0.37;0.08;0.07;0.11
18;50;100;0;0;18.39;3.66;10.14;4.21;4.26;0.202;73.4;21.22;11.21;5.94;1;3.29;5.84;230;166.6;45.1;6.6;11.7;2.59;1;0.28;0.38;0.17;0.18;0.071;26.6;1.99;0.91;0.63;0.1;0.38;4.3;83.2;72.1;1.7;0.8;8.6;0.08;0.05;0.02;0.02
18;50;100;0;50;17.79;3.82;10.46;4.63;4.6;0.211;72.6;21.91;11.73;5.98;1.05;3.4;6.01;226;164.1;43.1;6.8;12;2.56;1.38;0.3;0.36;0.24;0.23;0.084;27.4;2.34;1.08;0.76;0.13;0.42;4.45;85.2;73;2.5;0.8;8.9;0.09;0.08;0.02;0.03
18;50;100;0;100;17.89;3.9;10.97;4.98;5.03;0.22;71.7;22.91;12.41;6.2;1.06;3.46;6.22;221.7;159.2;43.1;6.9;12.4;2.48;1.87;0.29;0.38;0.29;0.26;0.09;28.3;2.49;1.2;0.77;0.13;0.44;4.75;87.3;74.6;2.3;0.9;9.5;0.1;0.11;0.02;0.03
18;50;100;50;0;19.89;3.92;11.18;4.3;4.38;0.201;77.3;21.9;11.4;6.25;1.03;3.32;6.39;230.3;162.2;48.6;6.6;12.8;2.51;1.21;0.26;0.4;0.31;0.27;0.077;22.7;3.19;1.52;0.99;0.16;0.6;4.79;67.5;55.1;1.6;1.2;9.6;0.14;0.05;0.03;0.04
18;50;100;50;50;20.87;4.43;12.65;4.74;4.84;0.204;75.9;23.8;12.65;6.59;1.19;3.66;7.22;226.6;154.6;50.2;7.3;14.4;2.44;1.67;0.31;0.41;0.38;0.37;0.082;24.1;4.28;1.89;1.39;0.25;0.77;5.43;71.8;56.9;2.5;1.5;10.9;0.2;0.08;0.04;0.05
18;50;100;50;100;21.15;4.87;13.57;5.25;5.42;0.22;74.8;24.75;13.37;6.78;1.19;3.81;7.72;221.7;148.4;50.3;7.6;15.4;2.32;2.38;0.32;0.41;0.52;0.5;0.085;25.2;5.67;2.62;1.81;0.31;1.06;5.85;74.6;58.5;2.3;2.1;11.7;0.27;0.11;0.06;0.07
18;50;100;100;0;20.36;4.43;12.18;4.37;4.47;0.199;81.8;22.51;11.85;6.31;1.12;3.54;7.08;229.8;159.5;49.1;7.1;14.2;2.49;1.27;0.3;0.4;0.4;0.38;0.078;18.2;4.63;2.1;1.5;0.25;0.89;5.1;50.8;37.2;1.6;1.8;10.2;0.22;0.05;0.05;0.06
18;50;100;100;50;21.62;4.95;14.01;4.92;4.84;0.202;80.1;24.01;12.78;6.76;1.1;3.72;7.98;225.3;151.1;50.8;7.4;16;2.38;1.74;0.32;0.41;0.6;0.57;0.081;19.9;6.82;3.13;2.16;0.37;1.23;6.03;55.7;38.6;2.6;2.5;12.1;0.33;0.09;0.07;0.09
18;50;100;100;100;22.37;5.39;15.15;5.43;5.57;0.217;79;25.65;13.74;7.02;1.23;3.85;8.71;220.1;142.1;52.9;7.7;17.4;2.24;2.56;0.32;0.44;0.7;0.68;0.083;21;8.07;3.73;2.58;0.4;1.54;6.44;58.3;40.1;2.3;3.1;12.9;0.39;0.11;0.09;0.1
18;100;0;0;0;17.69;2.87;8.16;3.51;3.5;0.214;67.6;16.45;8.82;4.54;0.8;2.46;4.66;163.4;121.3;27.9;4.9;9.3;2.53;0.47;0.22;0.28;0.2;0.19;0.072;32.4;2.18;0.99;0.7;0.12;0.41;3.5;78.3;67;3.4;0.8;7;0.08;0.06;0.02;0.03
18;100;0;0;50;17.33;3.14;8.52;3.6;3.6;0.212;67.2;17.06;9.1;4.7;0.81;2.66;4.9;162.1;120;27;5.3;9.8;2.51;0.59;0.21;0.29;0.24;0.22;0.077;32.8;2.49;1.19;0.74;0.13;0.48;3.62;79.1;67.7;3.3;1;7.2;0.09;0.08;0.02;0.03
18;100;0;0;100;17.11;3.23;9.09;3.81;3.8;0.214;66.2;17.82;9.54;4.93;0.84;2.72;5.26;160.9;118.7;26.2;5.4;10.5;2.49;0.79;0.22;0.31;0.3;0.28;0.088;33.8;2.89;1.34;0.92;0.16;0.5;3.83;81.9;68.3;5;1;7.7;0.09;0.13;0.03;0.03
18;100;0;50;0;18.77;3.19;8.89;3.48;3.52;0.212;72.6;16.66;8.92;4.61;0.77;2.56;5.15;165.5;120.5;29.6;5.1;10.3;2.52;0.49;0.22;0.28;0.29;0.27;0.077;27.4;3.27;1.54;1.04;0.17;0.62;3.74;62.5;50.5;3.3;1.2;7.5;0.14;0.06;0.03;0.04
18;100;0;50;50;19.44;3.61;10.03;3.64;3.68;0.208;71.7;17.79;9.49;4.91;0.83;2.76;5.75;164.8;117.6;30.2;5.5;11.5;2.48;0.66;0.24;0.3;0.38;0.37;0.081;28.3;4.39;2.04;1.43;0.24;0.85;4.27;65;51.5;3.3;1.7;8.5;0.18;0.09;0.04;0.06
18;100;0;50;100;19.79;3.88;11.12;3.92;4;0.212;70.2;18.92;10.04;5.29;0.89;2.83;6.39;163.1;114.3;30.4;5.7;12.8;2.43;1;0.24;0.34;0.5;0.5;0.084;29.8;5.7;2.61;1.82;0.27;1.05;4.73;69.1;52.8;4.8;2.1;9.5;0.24;0.13;0.05;0.07
18;100;0;100;0;19.3;3.45;9.65;3.47;3.52;0.21;77.6;16.82;8.96;4.61;0.84;2.59;5.53;164.9;118.7;30;5.2;11.1;2.49;0.51;0.22;0.29;0.35;0.35;0.076;22.4;4.46;2.06;1.44;0.24;0.86;4.13;47.5;34.2;3.4;1.7;8.3;0.2;0.05;0.04;0.06
18;100;0;100;50;20.16;4.01;11.29;3.69;3.69;0.205;76.7;18.14;9.54;5.16;0.88;2.79;6.58;165;115.3;30.9;5.6;13.2;2.43;0.71;0.24;0.32;0.53;0.52;0.08;23.3;6.38;2.94;2.03;0.34;1.21;4.71;50.1;35;3.2;2.4;9.4;0.29;0.09;0.06;0.08
18;100;0;100;100;21.16;4.29;12.64;3.98;4.04;0.207;74.9;19.54;10.25;5.6;0.93;2.9;7.14;162.9;110.6;32.2;5.8;14.3;2.33;1.13;0.24;0.34;0.7;0.61;0.081;25.1;7.39;3.43;2.37;0.4;1.39;5.5;54.4;36.2;4.5;2.8;11;0.34;0.12;0.07;0.09
18;100;50;0;0;17.86;3.73;10.63;4.82;4.95;0.22;67.6;22.55;12.15;6.21;1.04;3.37;6.11;166.8;119.8;28.1;6.7;12.2;3.61;0.66;0.29;0.39;0.17;0.17;0.069;32.4;1.97;0.89;0.62;0.11;0.36;4.52;79.9;67.8;2.3;0.7;9;0.07;0.06;0.02;0.02
18;100;50;0;50;17.79;3.96;11.33;5.12;5.16;0.22;66.4;23.55;12.78;6.39;1.15;3.5;6.54;164.7;117;27.7;7;13.1;3.53;0.93;0.29;0.41;0.24;0.23;0.085;33.6;2.38;1.11;0.77;0.13;0.46;4.79;83.4;69.2;3.7;0.9;9.6;0.09;0.1;0.02;0.03
18;100;50;0;100;17.52;4.2;11.67;5.49;5.43;0.223;65.8;24.47;13.34;6.63;1.11;3.69;6.75;162.9;115;27;7.4;13.5;3.5;1.2;0.31;0.42;0.28;0.28;0.09;34.2;2.72;1.34;0.79;0.15;0.51;4.91;84.5;70.1;3.5;1;9.8;0.09;0.12;0.03;0.04
18;100;50;50;0;19.56;4.07;11.58;4.9;4.97;0.215;71.7;23.25;12.42;6.37;1.07;3.49;6.51;166.7;116;30.7;7;13;3.53;0.76;0.29;0.39;0.29;0.27;0.075;28.3;3.27;1.5;1.05;0.19;0.58;5.07;65.8;52.1;2.4;1.2;10.1;0.14;0.05;0.03;0.04
18;100;50;50;50;20.13;4.49;12.78;5.12;5.22;0.214;70.4;24.48;13.23;6.65;1.16;3.7;7.3;165.6;112.2;31.4;7.4;14.6;3.4;1.09;0.31;0.42;0.38;0.37;0.083;29.6;4.26;2;1.34;0.23;0.79;5.48;69.5;53.6;3.4;1.6;11;0.19;0.09;0.04;0.05
18;100;50;50;100;20.65;4.87;13.62;5.55;5.6;0.219;71.2;25.64;13.76;7.08;1.17;3.85;7.71;178.8;107.8;47.9;7.7;15.4;3.26;1.57;0.34;0.44;0.51;0.48;0.085;28.8;5.47;2.56;1.69;0.3;1.02;5.92;72.3;55.2;3.2;2;11.8;0.24;0.11;0.05;0.07
18;100;50;100;0;19.86;4.35;12.38;5.03;4.94;0.212;76.9;23.44;12.53;6.5;1.12;3.51;7.06;166.2;114.1;30.9;7;14.1;3.42;0.81;0.3;0.41;0.38;0.37;0.077;23.1;4.6;2.08;1.45;0.25;0.84;5.32;49.9;35.3;2.3;1.7;10.6;0.21;0.06;0.05;0.06
18;100;50;100;50;20.82;4.89;14;5.15;5.32;0.215;77.1;24.83;13.17;6.9;1.22;3.75;8.02;181.3;109.7;48.1;7.5;16;3.33;1.24;0.33;0.43;0.56;0.53;0.081;22.9;6.42;2.88;2.13;0.36;1.14;5.98;53.9;36.4;3.2;2.3;12;0.3;0.09;0.06;0.08
18;100;50;100;100;21.85;5.42;15.01;5.57;5.67;0.217;76.1;26.23;14.09;7.13;1.24;3.99;8.62;179.9;104.4;50.2;8;17.2;3.18;1.7;0.34;0.44;0.69;0.62;0.081;23.9;7.47;3.51;2.33;0.4;1.42;6.39;56.4;37.7;3.1;2.8;12.8;0.35;0.1;0.08;0.09
18;100;100;0;0;18.5;4.5;12.49;5.71;5.81;0.216;68.2;26.97;14.44;7.32;1.31;4.11;7.09;180.2;114.1;43.7;8.2;14.2;4.01;0.99;0.35;0.46;0.2;0.2;0.077;31.8;2.09;0.96;0.7;0.11;0.39;5.4;84;70.6;1.8;0.8;10.8;0.08;0.06;0.02;0.03
18;100;100;0;50;18.32;4.59;12.91;6.13;6.17;0.222;67.5;27.84;15.01;7.71;1.23;4.17;7.5;178.4;112.1;43;8.3;15;3.96;1.37;0.36;0.48;0.23;0.22;0.086;32.5;2.25;1.06;0.72;0.12;0.42;5.41;85.8;71.6;2.6;0.8;10.8;0.08;0.09;0.02;0.03
18;100;100;0;100;17.98;4.54;13.14;6.52;6.48;0.23;66.7;28.23;15.38;7.69;1.33;4.04;7.58;175;110;41.7;8.1;15.2;3.87;1.79;0.35;0.47;0.31;0.29;0.095;33.3;2.63;1.25;0.82;0.14;0.5;5.56;87.3;72.6;2.6;1;11.1;0.1;0.13;0.03;0.03
18;100;100;50;0;20.16;4.85;13.49;5.77;5.94;0.215;72.7;27.73;14.77;7.8;1.22;4.22;7.77;182.6;111.1;47.5;8.4;15.5;3.9;1.2;0.36;0.48;0.3;0.29;0.08;27.3;3.29;1.53;1.05;0.17;0.63;5.72;68.4;54;1.8;1.3;11.4;0.15;0.06;0.04;0.04
18;100;100;50;50;21;5.04;14.62;6.16;6.22;0.216;71.4;28.82;15.32;8.11;1.3;4.27;8.41;181;106.5;49.2;8.5;16.8;3.74;1.62;0.36;0.49;0.39;0.38;0.084;28.6;4.33;1.97;1.38;0.24;0.78;6.21;72.3;55.7;2.6;1.6;12.4;0.19;0.09;0.04;0.06
18;100;100;50;100;21.49;5.48;15.36;6.79;6.79;0.228;70;29.87;16.34;7.96;1.34;4.37;8.68;177;100.7;50.2;8.7;17.4;3.56;2.35;0.38;0.5;0.54;0.51;0.087;30;5.68;2.65;1.83;0.31;1.1;6.68;75.7;57.8;2.3;2.2;13.4;0.26;0.12;0.06;0.07
18;100;100;100;0;20.64;5.06;14.39;5.93;5.91;0.214;77.6;27.76;14.88;7.56;1.33;4.18;8.2;181.8;108.9;48.1;8.4;16.4;3.85;1.24;0.35;0.47;0.41;0.39;0.08;22.4;4.78;2.24;1.6;0.23;0.87;6.19;52.4;36.6;1.7;1.7;12.4;0.23;0.06;0.05;0.06
18;100;100;100;50;21.65;5.58;15.98;6.17;6.22;0.215;76.2;29.1;15.5;8.06;1.45;4.35;9.19;180.8;103.8;50;8.7;18.4;3.66;1.69;0.37;0.5;0.57;0.54;0.08;23.8;6.5;3.04;2.06;0.34;1.23;6.79;56.3;37.8;2.4;2.5;13.6;0.31;0.08;0.06;0.08
18;100;100;100;100;22.84;6.02;17.12;6.74;6.86;0.226;74.9;30.49;16.39;8.31;1.46;4.56;9.72;177.9;96.9;52.5;9.1;19.4;3.42;2.53;0.37;0.53;0.69;0.66;0.083;25.1;7.83;3.63;2.54;0.42;1.46;7.4;59.6;39.6;2.3;2.9;14.8;0.38;0.1;0.07;0.11
19;0;0;0;0;17.37;1.83;5.49;1.78;1.75;0.174;79.8;10.09;5.09;2.96;0.51;1.52;3.16;277.7;238.3;30;3;6.3;0.91;0.52;0.14;0.19;0.13;0.14;0.06;20.2;1.77;0.79;0.58;0.11;0.31;2.33;70.1;62.9;1.9;0.6;4.7;0.08;0.03;0.01;0.02
19;0;0;0;50;16.83;2.06;5.72;1.77;1.83;0.176;79.6;10.42;5.33;3.07;0.48;1.7;3.33;275.9;237;28.9;3.4;6.7;0.89;0.61;0.15;0.19;0.15;0.16;0.067;20.4;1.93;0.85;0.66;0.1;0.37;2.4;70.5;63.2;1.8;0.7;4.8;0.08;0.04;0.02;0.02
19;0;0;0;100;16.61;2.24;6.33;2.04;2.1;0.182;78.6;11.63;5.98;3.31;0.61;1.8;3.63;270.2;231;28.3;3.6;7.3;0.88;0.86;0.14;0.22;0.2;0.2;0.074;21.4;2.24;1.06;0.7;0.11;0.44;2.7;73.4;64.5;2.6;0.9;5.4;0.09;0.06;0.02;0.03
19;0;0;50;0;17.87;2.21;6.19;1.8;1.77;0.174;83.3;10.21;5.25;3;0.5;1.63;3.56;277.7;236.6;30.7;3.3;7.1;0.91;0.53;0.15;0.19;0.23;0.24;0.072;16.7;3.06;1.36;0.98;0.17;0.58;2.63;55.6;47.4;1.7;1.2;5.3;0.14;0.03;0.03;0.04
19;0;0;50;50;18.48;2.55;7.17;2.01;1.93;0.171;82.5;11.33;5.85;3.29;0.53;1.75;4.14;273.7;230.5;31.4;3.5;8.3;0.88;0.7;0.15;0.21;0.29;0.32;0.075;17.5;3.94;1.84;1.23;0.21;0.8;3.03;57.8;48.5;1.7;1.6;6.1;0.19;0.04;0.04;0.05
19;0;0;50;100;19.37;2.94;8.37;2.33;2.32;0.182;81.3;12.76;6.57;3.67;0.61;1.96;4.78;268.6;222.7;32.4;3.9;9.6;0.84;1.08;0.17;0.22;0.37;0.41;0.079;18.7;4.99;2.28;1.6;0.29;0.98;3.6;61.5;49.7;2.6;2;7.2;0.23;0.06;0.05;0.06
19;0;0;100;0;18.37;2.47;6.84;1.77;1.75;0.173;87;10.19;5.26;2.87;0.52;1.64;3.9;276.7;234.5;31.2;3.3;7.8;0.89;0.53;0.15;0.18;0.31;0.33;0.074;13;4.29;1.93;1.38;0.24;0.84;2.94;41.2;31.9;1.8;1.7;5.9;0.21;0.03;0.04;0.05
19;0;0;100;50;19.37;3.08;8.79;1.99;1.97;0.167;85.8;11.81;6.03;3.46;0.59;1.9;5.05;270.8;224.9;32;3.8;10.1;0.84;0.76;0.16;0.22;0.48;0.49;0.077;14.2;6.23;2.81;2.06;0.33;1.18;3.74;44.5;32.9;1.7;2.4;7.5;0.3;0.04;0.06;0.08
19;0;0;100;100;20.14;3.48;10.14;2.4;2.41;0.179;84.7;13.48;6.87;3.91;0.67;2.06;5.82;265.4;216.9;32.7;4.1;11.6;0.83;1.16;0.17;0.25;0.61;0.59;0.077;15.3;7.46;3.49;2.34;0.41;1.41;4.32;47.8;33.8;2.5;2.8;8.6;0.36;0.06;0.07;0.1
19;0;50;0;0;17.63;2.21;6.12;1.96;1.96;0.171;79.1;11.52;5.89;3.33;0.6;1.85;3.52;272.7;231.6;30.3;3.7;7;0.88;0.71;0.16;0.22;0.16;0.16;0.065;20.9;1.83;0.84;0.56;0.12;0.36;2.61;72;64.4;1.7;0.7;5.2;0.08;0.04;0.02;0.02
19;0;50;0;50;17.45;2.37;6.88;2.34;2.27;0.177;78.3;12.83;6.66;3.6;0.71;1.95;3.96;267.8;226.2;29.8;3.9;7.9;0.87;0.99;0.18;0.24;0.18;0.2;0.076;21.7;2.21;1.02;0.7;0.13;0.43;2.92;74;65.5;1.8;0.9;5.8;0.09;0.06;0.02;0.03
19;0;50;0;100;17.13;2.54;7.2;2.59;2.51;0.185;77.5;13.55;7.08;3.79;0.66;2.11;4.13;263;221.5;29;4.2;8.3;0.83;1.27;0.18;0.24;0.21;0.22;0.079;22.5;2.3;1.07;0.74;0.12;0.43;3.07;76.1;66.6;2.5;0.9;6.1;0.09;0.08;0.02;0.03
19;0;50;50;0;18.6;2.47;7.35;1.95;2.04;0.168;82.3;12.23;6.03;3.75;0.61;1.91;4.27;271;227;31.7;3.8;8.5;0.86;0.78;0.17;0.23;0.25;0.25;0.072;17.7;3.17;1.4;1.06;0.2;0.56;3.08;58;49;1.7;1.1;6.2;0.15;0.04;0.03;0.04
19;0;50;50;50;19.69;3;8.62;2.36;2.44;0.173;81.2;14.14;7.16;4.16;0.69;2.22;4.93;265;217.7;32.9;4.4;9.9;0.85;1.14;0.19;0.26;0.35;0.35;0.079;18.8;4.19;1.92;1.34;0.21;0.78;3.69;61.2;50.6;1.7;1.6;7.4;0.19;0.06;0.04;0.05
19;0;50;50;100;20.42;3.37;9.73;2.91;2.91;0.187;80.9;15.63;8.11;4.43;0.78;2.45;5.6;275.1;208.3;50.7;4.9;11.2;0.78;1.66;0.21;0.27;0.42;0.44;0.081;19.1;5.22;2.35;1.68;0.3;0.92;4.13;64.7;52.1;2.5;1.8;8.3;0.25;0.08;0.05;0.07
19;0;50;100;0;19.23;2.84;8.3;1.99;2.07;0.164;85.9;12.69;6.26;3.79;0.65;1.99;4.76;268.2;222.5;32.2;4;9.5;0.84;0.84;0.16;0.23;0.36;0.36;0.075;14.1;4.53;2.08;1.44;0.27;0.86;3.55;43.7;33.2;1.7;1.7;7.1;0.22;0.04;0.04;0.06
19;0;50;100;50;20.37;3.46;10;2.56;2.55;0.175;85.6;14.53;7.47;4.16;0.78;2.27;5.82;278.1;211.8;50.2;4.5;11.6;0.78;1.3;0.19;0.27;0.52;0.51;0.077;14.4;6.46;2.94;2.09;0.33;1.18;4.18;46.6;34.4;1.6;2.4;8.4;0.32;0.05;0.06;0.08
19;0;50;100;100;21.12;3.94;11.24;3;2.98;0.185;84.5;16.11;8.36;4.55;0.83;2.5;6.51;273.2;203.5;51.6;5;13;0.75;1.73;0.22;0.28;0.61;0.61;0.079;15.5;7.6;3.49;2.45;0.41;1.44;4.73;49.8;35.3;2.2;2.9;9.5;0.37;0.07;0.08;0.1
19;0;100;0;0;18.59;2.61;7.32;2.32;2.32;0.165;78.7;14.08;7.2;4.09;0.7;2.28;4.23;280.1;219.4;47.7;4.6;8.5;0.8;1.06;0.21;0.26;0.16;0.17;0.071;21.3;1.91;0.85;0.62;0.1;0.32;3.09;75.6;67;1.8;0.6;6.2;0.08;0.05;0.02;0.02
19;0;100;0;50;18.4;2.85;7.93;2.95;2.81;0.182;77.9;15.47;8.07;4.46;0.74;2.44;4.57;274;213.2;46.8;4.9;9.1;0.83;1.5;0.22;0.27;0.2;0.21;0.077;22.1;2.22;1;0.74;0.12;0.41;3.36;77.5;68.4;1.6;0.8;6.7;0.09;0.07;0.02;0.03
19;0;100;0;100;18.03;2.93;8.21;3.33;3.24;0.199;76.9;16.3;8.55;4.54;0.77;2.47;4.7;267.4;207.7;45.4;4.9;9.4;0.79;1.97;0.2;0.28;0.24;0.25;0.087;23.1;2.43;1.13;0.76;0.12;0.46;3.51;80;69.6;2.4;0.9;7;0.1;0.1;0.02;0.03
19;0;100;50;0;19.64;3.08;8.5;2.64;2.57;0.169;81.8;15.25;7.84;4.39;0.77;2.44;4.93;277.5;212.9;49.8;4.9;9.9;0.81;1.27;0.22;0.28;0.29;0.29;0.078;18.2;3.38;1.54;1.07;0.19;0.65;3.56;61.5;51.4;1.7;1.3;7.1;0.15;0.05;0.03;0.05
19;0;100;50;50;20.51;3.5;9.8;3.08;3.02;0.178;80.8;16.97;8.76;4.88;0.86;2.66;5.69;272;203.9;51.4;5.3;11.4;0.78;1.71;0.24;0.3;0.38;0.38;0.081;19.2;4.39;2.02;1.4;0.24;0.84;4.12;64.3;52.8;1.5;1.7;8.2;0.2;0.07;0.05;0.05
19;0;100;50;100;21.39;3.89;11.1;3.83;3.79;0.203;79.5;18.74;9.98;5.16;0.92;2.85;6.48;265;193.4;53;5.7;13;0.74;2.49;0.23;0.33;0.46;0.47;0.083;20.5;5.48;2.52;1.76;0.27;1.04;4.62;68;54.6;2.2;2.1;9.2;0.26;0.09;0.05;0.07
19;0;100;100;0;20.04;3.4;9.58;2.63;2.63;0.169;85.6;15.59;7.95;4.54;0.74;2.51;5.47;275.8;209.9;49.9;5;10.9;0.83;1.3;0.22;0.28;0.41;0.4;0.078;14.4;4.96;2.19;1.64;0.27;0.88;4.11;46.2;34.6;1.6;1.8;8.2;0.24;0.05;0.05;0.06
19;0;100;100;50;21.48;4.06;11.53;3.13;3.1;0.176;84.3;17.59;9.1;5.07;0.85;2.75;6.67;269.4;197.9;52.7;5.5;13.3;0.73;1.8;0.24;0.32;0.56;0.56;0.08;15.7;6.8;3.08;2.21;0.4;1.3;4.86;49.8;35.9;1.6;2.6;9.7;0.33;0.07;0.07;0.1
19;0;100;100;100;22.33;4.55;12.71;3.91;3.9;0.202;83;19.35;10.25;5.29;1.01;3.02;7.23;261;186.5;54;6;14.5;0.71;2.6;0.26;0.33;0.69;0.68;0.082;17;8.15;3.75;2.61;0.46;1.53;5.47;53.3;37.1;2.2;3.1;10.9;0.4;0.1;0.08;0.1
19;50;0;0;0;17.33;2.38;6.81;2.68;2.73;0.203;76.2;13.48;7.16;3.72;0.71;2.04;4.02;224.1;182.6;29.3;4.1;8;1.81;0.5;0.18;0.24;0.14;0.15;0.062;23.8;1.81;0.83;0.58;0.09;0.35;2.79;70;61.7;1.9;0.7;5.6;0.07;0.03;0.02;0.02
19;50;0;0;50;16.67;2.5;6.99;2.9;2.81;0.203;75.7;13.88;7.38;3.83;0.64;2.09;4.08;220.8;180.3;28.2;4.2;8.2;1.79;0.6;0.18;0.24;0.18;0.18;0.068;24.3;2.07;0.97;0.67;0.13;0.41;2.91;70.8;62.4;1.7;0.8;5.8;0.08;0.05;0.02;0.03
19;50;0;0;100;16.67;2.71;7.57;3.02;3.02;0.204;74.8;14.86;7.91;4.15;0.69;2.31;4.42;218.1;177;27.7;4.6;8.8;1.73;0.83;0.2;0.26;0.18;0.21;0.076;25.2;2.26;0.99;0.75;0.14;0.41;3.15;73.3;63.4;2.8;0.8;6.3;0.09;0.07;0.02;0.03
19;50;0;50;0;18.03;2.68;7.51;2.76;2.75;0.202;79.9;13.74;7.27;3.84;0.61;2.09;4.35;223.4;180.2;30.3;4.2;8.7;1.81;0.52;0.19;0.24;0.23;0.24;0.072;20.1;3;1.39;0.95;0.18;0.59;3.16;56.1;46.8;1.8;1.2;6.3;0.14;0.03;0.03;0.04
19;50;0;50;50;18.57;2.95;8.61;2.86;2.85;0.198;79.1;14.46;7.66;4.03;0.71;2.18;4.95;221.2;176.3;30.7;4.4;9.9;1.74;0.67;0.18;0.25;0.34;0.32;0.076;20.9;4.03;1.86;1.3;0.22;0.77;3.65;58.3;47.7;1.8;1.5;7.3;0.19;0.04;0.04;0.05
19;50;0;50;100;19.36;3.37;9.58;3.2;3.23;0.202;77.8;16.03;8.41;4.52;0.79;2.45;5.44;217;169.4;31.9;4.9;10.9;1.67;1.07;0.22;0.27;0.4;0.4;0.08;22.2;4.88;2.25;1.58;0.26;0.92;4.14;61.8;49.2;2.5;1.8;8.3;0.23;0.06;0.05;0.06
19;50;0;100;0;18.44;2.87;8.26;2.68;2.68;0.2;84.2;13.42;7.13;3.68;0.65;2.02;4.76;223.3;179.3;30.4;4;9.5;1.76;0.51;0.17;0.24;0.31;0.34;0.074;15.8;4.3;1.95;1.46;0.23;0.85;3.51;41.9;31.4;1.9;1.7;7;0.21;0.03;0.04;0.06
19;50;0;100;50;19.28;3.44;9.97;2.9;2.91;0.194;83;15.08;7.84;4.28;0.74;2.3;5.72;219.5;172.2;31.2;4.6;11.4;1.72;0.73;0.2;0.26;0.5;0.48;0.076;17;6.2;2.78;2.01;0.36;1.13;4.26;44.9;32.4;1.7;2.3;8.5;0.3;0.04;0.06;0.08
19;50;0;100;100;20.19;3.83;11.01;3.38;3.27;0.2;81.8;16.38;8.71;4.54;0.79;2.49;6.28;216.1;166.3;32.3;5;12.6;1.66;1.12;0.21;0.28;0.54;0.58;0.078;18.2;7.25;3.26;2.32;0.43;1.34;4.73;48;33.3;2.5;2.7;9.5;0.35;0.06;0.07;0.09
19;50;50;0;0;17.85;2.79;8.22;3.65;3.51;0.206;75.3;17.11;9.03;4.74;0.83;2.44;4.74;221.9;177.7;29.9;4.9;9.5;2.3;0.7;0.22;0.3;0.16;0.17;0.069;24.7;1.95;0.87;0.65;0.1;0.35;3.49;72.7;63.2;1.8;0.7;7;0.08;0.04;0.02;0.03
19;50;50;0;50;17.5;3.11;8.95;3.7;3.77;0.208;74.5;18.18;9.66;5.11;0.88;2.73;5.13;218.3;173.6;29;5.5;10.3;2.25;0.95;0.23;0.33;0.17;0.19;0.072;25.5;2.15;0.94;0.72;0.11;0.38;3.82;74.5;64.4;1.7;0.8;7.6;0.09;0.06;0.02;0.03
19;50;50;0;100;17.61;3.28;9.37;4.08;4.04;0.211;73.4;19.2;10.19;5.4;0.88;2.85;5.34;214;168.7;28.9;5.7;10.7;2.18;1.28;0.24;0.33;0.26;0.23;0.081;26.6;2.37;1.11;0.78;0.13;0.43;4.03;77.2;65.8;2.4;0.9;8.1;0.09;0.08;0.03;0.03
19;50;50;50;0;18.88;3.3;9.35;3.59;3.56;0.201;78.9;17.76;9.37;4.94;0.85;2.69;5.42;221.2;173.7;31.2;5.4;10.8;2.23;0.78;0.24;0.31;0.23;0.25;0.072;21.1;3.09;1.43;1;0.16;0.61;3.93;59.1;48.3;1.7;1.2;7.9;0.14;0.04;0.03;0.04
19;50;50;50;50;19.53;3.65;10.59;3.88;3.89;0.201;77.9;19.39;10.15;5.42;0.97;2.86;6.2;217.6;167.3;32.2;5.7;12.4;2.17;1.12;0.24;0.36;0.3;0.34;0.078;22.1;4.11;1.89;1.3;0.22;0.79;4.4;61.7;49.7;1.6;1.6;8.8;0.19;0.06;0.04;0.06
19;50;50;50;100;20.58;4.05;11.66;4.26;4.3;0.209;77.8;20.63;10.9;5.84;1.01;3.08;6.73;229.8;160.3;50;6.2;13.5;2.05;1.61;0.27;0.37;0.44;0.44;0.082;22.2;5.21;2.42;1.64;0.29;0.98;4.93;65.5;51.2;2.4;2;9.9;0.24;0.08;0.05;0.07
19;50;50;100;0;19.35;3.64;10.22;3.68;3.58;0.2;83.1;17.98;9.65;4.95;0.86;2.81;5.87;220.5;171.7;31.5;5.6;11.7;2.23;0.81;0.24;0.31;0.35;0.36;0.075;16.9;4.61;2.03;1.55;0.23;0.84;4.35;44.6;32.5;1.8;1.7;8.7;0.22;0.04;0.04;0.06
19;50;50;100;50;20.61;4.26;12.09;3.99;4.03;0.204;82.9;19.85;10.59;5.57;0.97;3.06;6.96;232.9;163.4;49.5;6.1;13.9;2.12;1.28;0.28;0.35;0.48;0.51;0.078;17.1;6.3;2.91;2;0.38;1.21;5.14;48;33.7;1.6;2.4;10.3;0.3;0.06;0.06;0.08
19;50;50;100;100;21.25;4.61;13.13;4.41;4.35;0.207;81.7;21.08;11.28;5.83;1;3.25;7.61;228.3;156;50.5;6.5;15.2;1.99;1.71;0.28;0.37;0.6;0.62;0.08;18.3;7.69;3.31;2.62;0.41;1.37;5.52;50.9;34.8;2.4;2.7;11;0.37;0.08;0.07;0.1
19;50;100;0;0;18.67;3.54;10.29;4.46;4.37;0.204;75.3;21.48;11.45;5.99;1.04;3.19;5.89;234;169.5;46.3;6.4;11.8;2.68;1.04;0.27;0.39;0.17;0.18;0.073;24.7;1.95;0.91;0.62;0.11;0.36;4.4;76.7;65.6;1.7;0.7;8.8;0.08;0.05;0.02;0.03
19;50;100;0;50;18.68;3.87;10.71;4.89;4.77;0.212;74.3;22.53;12.27;6.08;1.05;3.44;6.11;229.8;165.1;45.6;6.9;12.2;2.62;1.46;0.3;0.39;0.22;0.23;0.084;25.7;2.34;1.08;0.74;0.13;0.43;4.6;79.5;66.9;2.5;0.9;9.2;0.09;0.08;0.02;0.03
19;50;100;0;100;18.47;3.87;11.07;5.26;5.19;0.223;73.5;23.39;12.7;6.32;1.09;3.43;6.31;225.1;160.8;44.9;6.9;12.6;2.55;1.94;0.29;0.4;0.25;0.26;0.093;26.5;2.44;1.12;0.78;0.12;0.44;4.76;81;68.1;2.4;0.9;9.5;0.09;0.11;0.02;0.03
19;50;100;50;0;19.95;3.99;11.29;4.53;4.51;0.205;78.7;22.1;11.66;6.18;1.05;3.4;6.41;233.3;164.9;48.7;6.8;12.8;2.61;1.23;0.28;0.38;0.26;0.27;0.078;21.3;3.24;1.46;1.05;0.19;0.59;4.88;62.9;50.2;1.7;1.2;9.8;0.15;0.06;0.03;0.04
19;50;100;50;50;20.85;4.41;12.34;4.96;4.89;0.208;77.5;23.6;12.54;6.5;1.13;3.58;7.03;229.7;158.2;50.3;7.2;14.1;2.51;1.66;0.31;0.4;0.38;0.38;0.083;22.5;4.33;1.97;1.39;0.23;0.83;5.31;66.5;51.7;2.6;1.7;10.6;0.2;0.09;0.04;0.05
19;50;100;50;100;21.45;4.81;13.52;5.48;5.56;0.222;76.6;25.1;13.62;6.89;1.16;3.81;7.91;225.9;150.9;51.6;7.6;15.8;2.37;2.43;0.32;0.44;0.47;0.48;0.087;23.4;5.42;2.58;1.65;0.31;0.99;5.61;68.8;53.3;2.3;2;11.2;0.25;0.11;0.05;0.07
19;50;100;100;0;20.46;4.34;12.28;4.55;4.56;0.203;82.9;22.55;11.93;6.19;1.14;3.45;7.05;232.5;162.2;49.3;6.9;14.1;2.58;1.29;0.29;0.39;0.34;0.39;0.078;17.1;4.75;2.15;1.59;0.26;0.9;5.23;47.7;33.9;1.6;1.8;10.5;0.23;0.05;0.04;0.06
19;50;100;100;50;21.64;5;13.85;5.03;4.95;0.205;81.5;24.16;13;6.55;1.16;3.75;7.96;228.2;153.4;51.5;7.5;15.9;2.45;1.75;0.33;0.41;0.52;0.54;0.08;18.5;6.61;3.04;2.09;0.39;1.25;5.89;51.6;35.2;2.2;2.5;11.8;0.32;0.07;0.07;0.09
19;50;100;100;100;22.63;5.53;15.07;5.73;5.66;0.22;80.3;25.75;14.07;6.92;1.18;3.98;8.75;223;144.4;53.2;8;17.5;2.3;2.57;0.34;0.45;0.61;0.68;0.083;19.7;8.05;3.67;2.58;0.46;1.54;6.33;54.5;36.5;2.3;3.1;12.7;0.39;0.11;0.07;0.1
19;100;0;0;0;17.74;2.91;8.2;3.68;3.71;0.219;70;17.02;9.15;4.69;0.78;2.54;4.72;166.6;123.4;28.7;5.1;9.4;2.71;0.49;0.22;0.29;0.13;0.16;0.066;30;1.84;0.85;0.58;0.11;0.37;3.48;71.4;61;2.6;0.7;7;0.07;0.04;0.02;0.02
19;100;0;0;50;17.48;2.95;8.57;3.77;3.76;0.217;69.3;17.42;9.23;4.89;0.82;2.54;4.87;164.5;121.6;28;5.1;9.7;2.63;0.61;0.22;0.3;0.2;0.2;0.073;30.7;2.23;1.03;0.72;0.12;0.41;3.71;72.7;61.8;2.7;0.8;7.4;0.08;0.07;0.02;0.03
19;100;0;0;100;17.29;3.22;9.11;3.97;3.98;0.218;68.5;18.34;9.86;5.11;0.86;2.75;5.24;163.3;119.9;27.4;5.5;10.5;2.6;0.82;0.24;0.32;0.23;0.24;0.085;31.5;2.51;1.2;0.78;0.13;0.48;3.86;75.1;62.6;3.8;1;7.7;0.09;0.1;0.03;0.03
19;100;0;50;0;18.32;3.13;8.82;3.69;3.7;0.218;74.4;17.03;9.07;4.71;0.8;2.52;5.04;167.1;122.2;29.7;5;10.1;2.69;0.5;0.22;0.28;0.22;0.25;0.072;25.6;3.11;1.41;0.97;0.18;0.61;3.77;57.4;46.2;2.5;1.2;7.5;0.14;0.04;0.03;0.04
19;100;0;50;50;19.1;3.56;9.93;3.79;3.84;0.213;73.5;18.16;9.75;5.02;0.87;2.79;5.68;166.4;119.1;30.4;5.6;11.4;2.6;0.68;0.24;0.32;0.33;0.34;0.079;26.5;4.15;1.9;1.33;0.23;0.78;4.25;59.9;47.2;2.6;1.6;8.5;0.18;0.07;0.04;0.05
19;100;0;50;100;19.81;3.79;11.06;4.12;4.1;0.215;72.1;19.15;10.25;5.3;0.89;2.84;6.33;164.7;115.1;31.3;5.7;12.7;2.47;1.05;0.25;0.32;0.4;0.44;0.082;27.9;5.21;2.38;1.69;0.28;0.95;4.72;63.5;48.5;3.7;1.9;9.4;0.23;0.09;0.05;0.07
19;100;0;100;0;19;3.47;9.78;3.63;3.67;0.216;79.3;17.09;9.23;4.76;0.77;2.64;5.6;167.8;121.1;30.2;5.3;11.2;2.63;0.52;0.23;0.29;0.35;0.36;0.076;20.7;4.49;2.01;1.48;0.27;0.83;4.18;43.7;31;2.6;1.7;8.4;0.21;0.05;0.04;0.06
19;100;0;100;50;19.88;4.02;11.25;3.88;3.83;0.209;78.1;18.42;9.91;5.11;0.84;2.85;6.46;166.1;116.4;31;5.7;12.9;2.54;0.73;0.24;0.32;0.47;0.5;0.077;21.9;6.28;2.81;1.99;0.38;1.16;4.79;46.4;32;2.5;2.3;9.6;0.3;0.06;0.06;0.08
19;100;0;100;100;20.77;4.36;12.4;4.09;4.12;0.212;76.8;19.49;10.32;5.51;0.97;2.98;7.18;165.2;112.9;31.9;6;14.4;2.42;1.11;0.26;0.33;0.58;0.61;0.08;23.2;7.42;3.35;2.41;0.37;1.38;5.22;49.8;32.8;3.8;2.8;10.4;0.35;0.1;0.08;0.09
19;100;50;0;0;18.1;3.81;10.48;5.2;5.13;0.225;69.9;22.88;12.56;6.16;1.06;3.47;6.13;170.2;121.8;29.2;6.9;12.3;3.76;0.68;0.29;0.39;0.15;0.16;0.068;30.1;1.87;0.83;0.59;0.11;0.34;4.35;73.1;61.7;2;0.7;8.7;0.07;0.05;0.01;0.02
19;100;50;0;50;17.86;3.98;11.04;5.45;5.4;0.225;68.7;24.09;13.22;6.43;1.1;3.59;6.35;167;118.5;28.7;7.2;12.7;3.72;0.95;0.31;0.41;0.19;0.19;0.076;31.3;2.04;0.94;0.61;0.11;0.39;4.68;75.9;63.2;2.6;0.8;9.4;0.08;0.07;0.02;0.02
19;100;50;0;100;17.73;4.05;11.63;5.58;5.59;0.227;67.9;24.69;13.41;6.71;1.15;3.59;6.63;164.6;116.1;28;7.2;13.3;3.62;1.23;0.31;0.42;0.22;0.23;0.083;32.1;2.38;1.14;0.71;0.13;0.46;5;77.8;64.2;2.7;0.9;10;0.09;0.09;0.03;0.03
19;100;50;50;0;19.29;4.12;11.53;5.24;5.16;0.22;73.7;23.51;12.78;6.28;1.05;3.53;6.63;169.5;118.3;30.8;7.1;13.3;3.68;0.77;0.3;0.4;0.24;0.26;0.074;26.3;3.17;1.42;1.06;0.17;0.59;4.9;60.2;47.4;1.8;1.2;9.8;0.14;0.04;0.03;0.04
19;100;50;50;50;19.92;4.48;12.65;5.43;5.38;0.219;72.2;24.67;13.33;6.75;1.14;3.68;7.15;167.1;114;31.5;7.4;14.3;3.56;1.09;0.31;0.42;0.32;0.35;0.08;27.8;4.14;1.9;1.3;0.22;0.8;5.5;64.1;48.9;2.7;1.6;11;0.19;0.07;0.04;0.05
19;100;50;50;100;20.72;4.75;13.64;5.71;5.72;0.224;73.3;25.64;13.93;6.88;1.23;3.77;7.86;182.2;110.2;48.7;7.5;15.7;3.4;1.57;0.32;0.44;0.42;0.44;0.083;26.7;5.11;2.35;1.68;0.28;0.99;5.77;66.2;50.1;2.6;2;11.5;0.23;0.09;0.05;0.06
19;100;50;100;0;19.49;4.37;12.36;5.13;5.15;0.219;78.7;23.67;12.76;6.42;1.11;3.53;7.17;169.6;117.2;30.9;7.1;14.3;3.65;0.79;0.3;0.41;0.33;0.35;0.076;21.3;4.42;2.04;1.42;0.24;0.84;5.18;45.6;31.9;1.7;1.7;10.4;0.21;0.04;0.05;0.05
19;100;50;100;50;20.83;4.98;14.21;5.44;5.49;0.22;78.4;25.08;13.51;7;1.14;3.75;8.1;183.3;111.1;48.5;7.5;16.2;3.47;1.27;0.33;0.42;0.5;0.52;0.079;21.6;6.41;2.9;2.1;0.34;1.23;6.11;50.5;33.2;2.6;2.5;12.2;0.31;0.07;0.07;0.08
19;100;50;100;100;21.62;5.43;15.11;5.83;5.78;0.221;77.5;26.29;14.43;7.08;1.16;3.99;8.68;181.1;105.8;50;8;17.4;3.28;1.71;0.34;0.45;0.59;0.61;0.08;22.5;7.54;3.46;2.42;0.45;1.45;6.43;52.5;34.4;2.3;2.9;12.9;0.37;0.08;0.07;0.1
19;100;100;0;0;19;4.41;12.32;6.1;5.96;0.22;70.5;27.17;14.82;7.23;1.24;4.05;7.18;184;116.2;45.3;8.1;14.4;4.14;1.03;0.34;0.46;0.19;0.19;0.074;29.5;1.99;0.93;0.64;0.09;0.36;5.14;77;64.2;1.8;0.7;10.3;0.08;0.06;0.02;0.03
19;100;100;0;50;19.1;4.37;12.88;6.43;6.32;0.225;69.4;28.12;15.21;7.66;1.31;3.99;7.52;181.2;113;45.2;8;15;4.03;1.44;0.35;0.49;0.21;0.22;0.081;30.6;2.21;1;0.7;0.13;0.38;5.36;79.7;65.6;2.6;0.8;10.7;0.08;0.09;0.02;0.03
19;100;100;0;100;18.59;4.65;13.12;6.73;6.69;0.233;68.5;28.74;15.85;7.65;1.31;4.2;7.46;177.2;110.1;43.8;8.4;14.9;3.94;1.89;0.37;0.48;0.25;0.27;0.095;31.5;2.49;1.16;0.75;0.14;0.45;5.66;81.5;66.9;2.4;0.9;11.3;0.09;0.12;0.02;0.03
19;100;100;50;0;20.18;4.67;13.43;6.04;6.03;0.22;74.2;27.5;14.88;7.52;1.3;4.07;7.64;184.1;112.7;47.9;8.1;15.3;4.01;1.2;0.35;0.47;0.26;0.28;0.078;25.8;3.23;1.52;1.02;0.18;0.59;5.79;63.8;49.3;1.7;1.2;11.6;0.14;0.06;0.03;0.04
19;100;100;50;50;20.92;5;14.51;6.41;6.36;0.221;73;28.91;15.57;7.86;1.37;4.21;8.3;182.5;108;49.5;8.4;16.6;3.87;1.64;0.36;0.48;0.38;0.37;0.081;27;4.28;1.95;1.37;0.24;0.79;6.21;67.2;50.8;2.4;1.6;12.4;0.2;0.08;0.03;0.05
19;100;100;50;100;21.68;5.41;15.41;6.92;6.98;0.232;72.1;30.15;16.47;8.08;1.43;4.41;8.89;180.5;102.9;51;8.8;17.8;3.7;2.39;0.38;0.5;0.47;0.48;0.087;27.9;5.41;2.51;1.7;0.3;0.99;6.51;69.8;52.5;2.3;2;13;0.25;0.11;0.05;0.07
19;100;100;100;0;20.72;5.06;14.25;6.1;6.06;0.218;79;27.95;15.1;7.61;1.32;4.16;8.19;184.3;110.9;48.6;8.3;16.4;3.96;1.27;0.36;0.47;0.38;0.38;0.079;21;4.63;2.13;1.47;0.24;0.9;6.07;48.8;33.2;1.6;1.8;12.1;0.22;0.06;0.04;0.06
19;100;100;100;50;21.78;5.59;15.96;6.29;6.32;0.219;77.4;29.02;15.59;8.09;1.4;4.32;9.12;182.4;105.6;49.9;8.6;18.2;3.75;1.71;0.37;0.49;0.54;0.56;0.081;22.6;6.73;3.04;2.22;0.36;1.26;6.84;53.2;34.4;2.5;2.5;13.7;0.32;0.09;0.07;0.08
19;100;100;100;100;22.78;6.05;17.05;6.87;6.99;0.23;76.4;30.51;16.63;8.15;1.47;4.54;9.82;180.5;99.3;52.4;9.1;19.6;3.54;2.54;0.39;0.51;0.64;0.66;0.083;23.6;7.78;3.58;2.48;0.47;1.52;7.24;55.6;35.8;2.3;3;14.5;0.38;0.11;0.08;0.09
20;0;0;0;0;17.63;1.97;5.44;1.78;1.83;0.177;81.7;10.35;5.27;2.97;0.52;1.64;3.2;283.8;243.3;30.8;3.3;6.4;0.95;0.53;0.15;0.19;0.16;0.14;0.06;18.3;1.67;0.79;0.52;0.08;0.33;2.24;63.4;56.4;1.8;0.7;4.5;0.07;0.03;0.02;0.02
20;0;0;0;50;17.28;2.08;5.64;1.91;1.88;0.177;81.4;10.61;5.53;3.05;0.49;1.7;3.27;281.2;241.4;29.8;3.4;6.5;0.9;0.63;0.15;0.2;0.15;0.17;0.068;18.6;1.91;0.9;0.59;0.09;0.38;2.36;64.1;56.8;1.9;0.8;4.7;0.07;0.05;0.02;0.02
20;0;0;0;100;17.02;2.21;6.25;2.16;2.13;0.183;80.6;11.65;6.07;3.3;0.61;1.83;3.58;276.1;236.2;29.1;3.7;7.2;0.9;0.87;0.15;0.21;0.18;0.18;0.071;19.4;2.05;0.97;0.63;0.11;0.37;2.67;66.5;57.8;2.6;0.7;5.3;0.08;0.06;0.02;0.03
20;0;0;50;0;17.83;2.21;6.13;1.71;1.79;0.177;84.8;10.12;5.22;2.93;0.49;1.63;3.55;283.5;242.5;30.6;3.3;7.1;0.93;0.52;0.15;0.19;0.22;0.24;0.071;15.2;3.05;1.34;1.02;0.16;0.58;2.59;50.5;42.3;1.8;1.2;5.2;0.14;0.03;0.03;0.04
20;0;0;50;50;18.35;2.51;7.12;1.96;1.93;0.174;84.1;11.1;5.7;3.22;0.55;1.76;4.08;278.9;236;31.2;3.5;8.2;0.89;0.68;0.15;0.2;0.3;0.32;0.074;15.9;3.99;1.77;1.32;0.24;0.75;3.04;52.6;43.3;1.7;1.5;6.1;0.19;0.04;0.04;0.05
20;0;0;50;100;19.31;3;8.37;2.37;2.37;0.184;82.9;12.89;6.74;3.6;0.64;2.06;4.82;273.1;227.1;32.3;4.1;9.6;0.87;1.09;0.18;0.23;0.39;0.4;0.077;17.1;5.03;2.24;1.66;0.29;0.94;3.55;56.1;44.5;2.6;1.9;7.1;0.24;0.06;0.05;0.06
20;0;0;100;0;18.24;2.38;6.9;1.75;1.77;0.176;88.3;10.11;5.23;2.86;0.5;1.6;4.01;282.7;240.6;30.9;3.2;8;0.92;0.53;0.14;0.18;0.31;0.33;0.073;11.7;4.23;1.91;1.42;0.22;0.78;2.89;37.5;28.5;1.7;1.6;5.8;0.21;0.03;0.04;0.05
20;0;0;100;50;19.35;3.04;8.57;1.94;1.96;0.171;87.2;11.54;5.85;3.4;0.53;1.85;4.98;277.3;231.7;31.9;3.7;10;0.86;0.73;0.17;0.21;0.45;0.48;0.076;12.8;6.22;2.83;1.96;0.38;1.19;3.59;40.7;29.3;1.8;2.4;7.2;0.3;0.04;0.05;0.08
20;0;0;100;100;20.02;3.41;9.93;2.37;2.42;0.183;86.2;13.24;6.86;3.86;0.63;2.1;5.78;272.5;224.1;32.7;4.2;11.6;0.87;1.13;0.19;0.24;0.57;0.57;0.077;13.8;7.23;3.27;2.33;0.41;1.31;4.14;43.5;30.1;2.5;2.6;8.3;0.35;0.06;0.07;0.09
20;0;50;0;0;18.22;2.22;6.27;1.96;2.01;0.171;80.8;11.81;6.03;3.43;0.61;1.89;3.62;277.8;235.4;31.4;3.8;7.2;0.89;0.75;0.16;0.22;0.17;0.15;0.064;19.2;1.8;0.83;0.57;0.11;0.34;2.65;65.7;57.9;1.8;0.7;5.3;0.07;0.04;0.02;0.02
20;0;50;0;50;18.05;2.41;6.8;2.42;2.34;0.179;80.1;13.2;6.87;3.72;0.61;2.03;3.99;272.2;229.1;31;4.1;8;0.9;1.03;0.17;0.24;0.17;0.18;0.07;19.9;2;0.92;0.62;0.1;0.38;2.81;67.3;59.1;1.8;0.8;5.6;0.08;0.06;0.02;0.02
20;0;50;0;100;17.85;2.64;7.47;2.65;2.66;0.187;79.4;14.25;7.45;4.06;0.66;2.22;4.38;268.8;225.5;30.1;4.4;8.8;0.88;1.32;0.19;0.27;0.23;0.23;0.083;20.6;2.35;1.09;0.76;0.13;0.42;3.09;69.7;59.9;2.8;0.8;6.2;0.09;0.09;0.02;0.03
20;0;50;50;0;18.85;2.55;7.37;2.07;2.11;0.169;83.9;12.47;6.28;3.66;0.64;1.98;4.32;276.4;231.7;32.1;4;8.6;0.91;0.8;0.17;0.23;0.23;0.24;0.072;16.1;3.07;1.41;1;0.19;0.57;3.05;52.9;43.9;1.8;1.1;6.1;0.14;0.04;0.03;0.04
20;0;50;50;50;19.64;2.98;8.55;2.45;2.45;0.174;82.8;14.15;7.29;4.01;0.72;2.23;4.97;269.5;221.9;33.2;4.5;9.9;0.85;1.15;0.2;0.25;0.28;0.33;0.076;17.2;4.05;1.75;1.38;0.23;0.74;3.59;55.5;45.3;1.6;1.5;7.2;0.19;0.05;0.03;0.05
20;0;50;50;100;20.31;3.47;9.65;2.95;2.94;0.188;82.4;15.67;8.18;4.48;0.75;2.44;5.48;278.7;212.4;50.5;4.9;11;0.8;1.65;0.22;0.28;0.46;0.45;0.081;17.6;5.38;2.52;1.69;0.25;1.03;4.16;59.4;46.7;2.4;2.1;8.3;0.25;0.08;0.05;0.07
20;0;50;100;0;19.21;2.91;8.26;2.24;2.16;0.167;87.2;12.97;6.64;3.75;0.64;2.05;4.79;273.5;227.5;32.4;4.1;9.6;0.89;0.85;0.17;0.24;0.35;0.36;0.077;12.8;4.56;2.09;1.45;0.25;0.86;3.47;40.1;29.7;1.7;1.7;6.9;0.22;0.04;0.05;0.06
20;0;50;100;50;20.15;3.46;10.06;2.64;2.6;0.179;86.7;14.6;7.52;4.16;0.76;2.25;5.81;283.6;217.8;49.7;4.5;11.6;0.84;1.29;0.2;0.27;0.5;0.53;0.078;13.3;6.57;2.91;2.15;0.38;1.21;4.25;43.3;30.7;1.7;2.4;8.5;0.32;0.06;0.06;0.09
20;0;50;100;100;21.27;3.96;11.41;3.07;3.07;0.188;85.5;16.35;8.48;4.64;0.84;2.52;6.5;276.7;207.1;51.6;5;13;0.82;1.74;0.23;0.28;0.56;0.62;0.079;14.5;7.68;3.53;2.43;0.48;1.44;4.91;46.7;31.7;2.3;2.9;9.8;0.38;0.07;0.07;0.1
20;0;100;0;0;18.95;2.64;7.43;2.4;2.39;0.167;80.5;14.35;7.37;4.13;0.73;2.27;4.3;285.3;223.3;48.8;4.5;8.6;0.85;1.08;0.2;0.26;0.15;0.16;0.068;19.5;1.85;0.85;0.59;0.11;0.37;3.13;68.9;60.3;1.7;0.7;6.3;0.08;0.05;0.01;0.02
20;0;100;0;50;19.05;2.86;7.99;2.94;2.86;0.182;79.7;15.74;8.21;4.44;0.78;2.47;4.64;279.1;216.2;48.8;4.9;9.3;0.83;1.55;0.21;0.28;0.18;0.2;0.077;20.3;2.13;0.97;0.66;0.12;0.39;3.35;70.8;61.6;1.7;0.8;6.7;0.08;0.07;0.02;0.03
20;0;100;0;100;18.73;3.09;8.62;3.46;3.45;0.2;78.6;17.24;9.13;4.84;0.84;2.63;4.92;271.7;209;47.6;5.3;9.8;0.83;2.08;0.24;0.3;0.24;0.24;0.089;21.4;2.34;1.11;0.71;0.14;0.46;3.7;73.6;63;2.2;0.9;7.4;0.09;0.1;0.03;0.03
20;0;100;50;0;19.54;2.99;8.5;2.56;2.58;0.171;83.5;15.08;7.69;4.36;0.74;2.4;4.95;282.6;218.3;49.6;4.8;9.9;0.83;1.25;0.21;0.28;0.25;0.27;0.075;16.5;3.25;1.44;1.1;0.17;0.59;3.55;55.7;45.8;1.6;1.2;7.1;0.15;0.05;0.03;0.04
20;0;100;50;50;20.34;3.38;9.59;3.08;2.98;0.179;82.6;16.62;8.57;4.67;0.88;2.57;5.58;276.7;209.1;51.3;5.1;11.2;0.77;1.68;0.23;0.29;0.32;0.35;0.079;17.4;4.2;1.86;1.39;0.21;0.8;4.01;58.2;47.1;1.5;1.6;8;0.2;0.07;0.04;0.05
20;0;100;50;100;21.4;3.88;11.06;3.8;3.83;0.204;81.1;18.77;9.98;5.19;0.91;2.87;6.4;269.4;197.8;53;5.7;12.8;0.77;2.48;0.25;0.33;0.49;0.47;0.083;18.9;5.47;2.52;1.77;0.32;1.01;4.66;62.3;48.7;2.2;2;9.3;0.26;0.1;0.05;0.07
20;0;100;100;0;20.09;3.47;9.57;2.56;2.64;0.169;86.8;15.6;7.88;4.55;0.8;2.54;5.54;280.1;213.8;50.2;5.1;11.1;0.81;1.32;0.22;0.29;0.38;0.39;0.077;13.2;4.83;2.24;1.53;0.28;0.93;4.03;42.5;31;1.5;1.9;8.1;0.23;0.05;0.05;0.06
20;0;100;100;50;21.51;3.97;11.46;3.16;3.14;0.178;85.6;17.63;9.04;5.1;0.89;2.72;6.68;273.8;202.4;52.6;5.4;13.4;0.77;1.8;0.24;0.32;0.56;0.54;0.079;14.4;6.67;3.1;2.13;0.37;1.26;4.78;45.7;32.1;1.5;2.5;9.6;0.33;0.06;0.06;0.08
20;0;100;100;100;22.31;4.47;12.84;3.84;3.94;0.203;84.4;19.43;10.29;5.45;0.96;2.96;7.49;266.8;191.9;54;5.9;15;0.73;2.59;0.26;0.35;0.65;0.66;0.081;15.6;8;3.62;2.6;0.45;1.51;5.35;49.1;33.2;2.2;3;10.7;0.39;0.1;0.08;0.09
20;50;0;0;0;17.68;2.38;6.75;2.76;2.8;0.206;78;13.69;7.23;3.86;0.68;2.06;3.93;227.4;185.2;30.2;4.1;7.9;1.85;0.52;0.19;0.24;0.12;0.14;0.061;22;1.68;0.78;0.53;0.1;0.32;2.81;63.9;55.7;1.9;0.6;5.6;0.07;0.03;0.01;0.02
20;50;0;0;50;17.39;2.55;7.15;2.96;2.91;0.204;77.6;14.34;7.58;4.04;0.72;2.17;4.2;225.1;182.9;29.5;4.3;8.4;1.82;0.64;0.2;0.26;0.16;0.17;0.069;22.4;1.97;0.9;0.66;0.1;0.38;2.95;64.9;56.3;1.8;0.8;5.9;0.08;0.05;0.02;0.03
20;50;0;0;100;17.33;2.69;7.67;3.11;3.12;0.207;76.7;15.14;8.05;4.21;0.72;2.3;4.41;222;179.6;29;4.6;8.8;1.78;0.87;0.2;0.26;0.19;0.19;0.075;23.3;2.13;0.95;0.69;0.11;0.39;3.26;67.2;57.2;2.7;0.8;6.5;0.08;0.07;0.02;0.02
20;50;0;50;0;18.03;2.54;7.53;2.8;2.81;0.206;81.7;13.72;7.21;3.86;0.71;2;4.42;227.7;184.3;30.5;4;8.8;1.87;0.52;0.18;0.25;0.2;0.23;0.071;18.3;2.95;1.32;0.98;0.16;0.54;3.11;50.9;41.9;1.7;1.1;6.2;0.14;0.03;0.03;0.04
20;50;0;50;50;18.58;2.93;8.35;3.04;2.94;0.201;80.8;14.73;7.85;3.99;0.71;2.21;4.82;224.4;179.3;31;4.4;9.6;1.8;0.69;0.2;0.25;0.32;0.32;0.076;19.2;3.92;1.78;1.27;0.24;0.72;3.53;53.1;42.8;1.7;1.4;7.1;0.18;0.04;0.04;0.05
20;50;0;50;100;19.25;3.45;9.65;3.32;3.32;0.206;79.6;16.2;8.76;4.42;0.75;2.51;5.6;221.1;173.1;31.7;5;11.2;1.75;1.07;0.22;0.29;0.42;0.41;0.079;20.4;5.05;2.35;1.59;0.28;0.94;4.05;56.4;44;2.4;1.9;8.1;0.24;0.06;0.05;0.07
20;50;0;100;0;18.5;2.91;8.3;2.74;2.78;0.204;85.3;13.72;7.15;3.88;0.67;2.06;4.75;226.9;182.6;30.7;4.1;9.5;1.83;0.53;0.18;0.24;0.31;0.34;0.074;14.7;4.31;1.98;1.42;0.24;0.85;3.55;38.9;28.2;1.8;1.7;7.1;0.21;0.03;0.04;0.06
20;50;0;100;50;19.27;3.46;9.97;2.98;2.99;0.198;84.2;15.18;7.91;4.26;0.73;2.29;5.74;223;175.7;31.3;4.6;11.5;1.78;0.74;0.21;0.26;0.46;0.48;0.076;15.8;6.16;2.8;2;0.34;1.17;4.22;41.6;29.1;1.7;2.3;8.4;0.3;0.04;0.06;0.08
20;50;0;100;100;20.28;4;11.05;3.44;3.37;0.203;83.2;16.66;8.92;4.54;0.79;2.59;6.46;220;169.4;32.4;5.2;12.9;1.71;1.15;0.22;0.29;0.52;0.57;0.078;16.8;7.22;3.33;2.29;0.4;1.41;4.6;44.4;29.9;2.5;2.8;9.2;0.35;0.06;0.07;0.09
20;50;50;0;0;18.49;2.88;8.32;3.53;3.6;0.209;77.3;17.31;9.17;4.83;0.86;2.58;4.75;226.5;180.7;31.1;5.2;9.5;2.34;0.73;0.22;0.31;0.16;0.14;0.063;22.7;1.68;0.75;0.54;0.1;0.3;3.57;66.5;56.9;1.9;0.6;7.1;0.07;0.04;0.01;0.02
20;50;50;0;50;18.23;3.08;8.9;3.78;3.8;0.209;76.5;18.24;9.59;5.1;0.84;2.71;5.2;222.2;176;30.4;5.4;10.4;2.25;1.01;0.22;0.33;0.18;0.18;0.072;23.5;2.03;0.94;0.66;0.12;0.37;3.71;68;58.1;1.7;0.7;7.4;0.08;0.06;0.02;0.03
20;50;50;0;100;17.86;3.27;9.35;4.16;4.12;0.215;75.7;19.23;10.27;5.25;0.93;2.82;5.44;219.3;173.4;29.3;5.6;10.9;2.26;1.28;0.25;0.33;0.23;0.23;0.085;24.3;2.4;1.12;0.74;0.14;0.45;3.92;70.1;58.8;2.6;0.9;7.8;0.09;0.09;0.02;0.03
20;50;50;50;0;18.78;3.33;9.21;3.65;3.61;0.207;80.7;17.53;9.37;4.87;0.84;2.69;5.35;225.8;178.8;31;5.4;10.7;2.31;0.76;0.23;0.31;0.23;0.26;0.075;19.3;3.18;1.49;0.98;0.18;0.64;3.87;53.7;42.9;1.8;1.3;7.7;0.15;0.04;0.03;0.04
20;50;50;50;50;19.59;3.77;10.52;3.87;3.92;0.205;79.6;19.2;10.19;5.39;0.94;2.96;6.15;221.6;171.3;32.1;5.9;12.3;2.19;1.11;0.26;0.35;0.34;0.35;0.078;20.4;4.19;1.93;1.33;0.21;0.81;4.37;56.5;44.4;1.7;1.6;8.7;0.19;0.06;0.04;0.05
20;50;50;50;100;20.53;4.03;11.59;4.41;4.39;0.213;79.6;20.66;11;5.75;0.99;3.06;6.69;233.9;164.4;50;6.1;13.4;2.15;1.62;0.26;0.36;0.39;0.44;0.081;20.4;5.15;2.33;1.68;0.28;0.97;4.9;59.9;45.7;2.5;1.9;9.8;0.24;0.08;0.05;0.07
20;50;50;100;0;19.38;3.44;10.28;3.76;3.6;0.203;84.3;17.88;9.47;5.01;0.88;2.6;5.84;223.6;175.1;31.6;5.2;11.7;2.25;0.82;0.22;0.31;0.36;0.36;0.075;15.7;4.52;2.03;1.52;0.22;0.84;4.43;41.6;29.2;1.9;1.7;8.9;0.21;0.04;0.04;0.06
20;50;50;100;50;20.42;4.17;11.83;4.05;4.03;0.207;84.1;19.52;10.43;5.3;0.95;2.93;6.83;235.5;166.9;49.1;5.9;13.7;2.17;1.27;0.26;0.33;0.49;0.51;0.077;15.9;6.46;2.97;2.04;0.38;1.24;5;44.3;30.2;1.6;2.5;10;0.32;0.06;0.06;0.08
20;50;50;100;100;21.34;4.62;13.12;4.51;4.43;0.21;82.9;21.16;11.28;5.87;0.96;3.14;7.58;231.4;159;50.9;6.3;15.2;2.06;1.72;0.28;0.37;0.61;0.62;0.08;17.1;7.59;3.56;2.4;0.41;1.48;5.55;47.7;31.2;2.4;3;11.1;0.37;0.08;0.07;0.09
20;50;100;0;0;19.35;3.66;10.25;4.5;4.48;0.207;77.3;21.69;11.56;6.07;1.02;3.3;5.89;239.1;172.6;48.1;6.6;11.8;2.74;1.08;0.28;0.38;0.16;0.18;0.071;22.7;1.88;0.85;0.61;0.13;0.35;4.36;70.1;59;1.7;0.7;8.7;0.07;0.06;0.02;0.03
20;50;100;0;50;19.23;3.89;10.65;4.86;4.89;0.216;76.2;22.79;12.3;6.22;1.05;3.5;6.13;233.9;167.6;47;7;12.3;2.69;1.5;0.3;0.4;0.21;0.21;0.081;23.8;2.15;1.02;0.66;0.12;0.39;4.52;72.7;60.3;2.7;0.8;9;0.08;0.09;0.02;0.03
20;50;100;0;100;19.02;4.04;11.09;5.36;5.31;0.225;75.5;23.67;13.02;6.37;1.07;3.58;6.46;229.7;163;46.5;7.2;12.9;2.59;2.01;0.3;0.41;0.27;0.25;0.09;24.5;2.37;1.12;0.76;0.13;0.46;4.63;74.1;61.4;2.5;0.9;9.3;0.09;0.11;0.02;0.03
20;50;100;50;0;19.92;4;11.16;4.75;4.68;0.21;80.6;22.41;12.1;6.06;1.08;3.41;6.47;237.4;168.9;48.8;6.8;12.9;2.75;1.23;0.31;0.39;0.25;0.26;0.076;19.4;3.16;1.44;1.02;0.16;0.59;4.69;57.1;44.8;1.7;1.2;9.4;0.15;0.05;0.03;0.04
20;50;100;50;50;20.53;4.24;12.26;5.01;4.91;0.212;79.4;23.28;12.44;6.47;1.1;3.42;7.03;233.3;162.4;50.1;6.8;14.1;2.58;1.63;0.29;0.4;0.37;0.37;0.082;20.6;4.29;1.97;1.35;0.25;0.81;5.23;60.4;46.1;2.3;1.6;10.5;0.2;0.08;0.04;0.05
20;50;100;50;100;21.54;4.67;13.46;5.66;5.66;0.225;78.2;25.2;13.76;6.82;1.17;3.7;7.85;228.4;153.5;51.8;7.4;15.7;2.45;2.44;0.33;0.44;0.47;0.46;0.085;21.8;5.28;2.37;1.78;0.31;0.97;5.61;63.3;47.8;2.3;1.9;11.2;0.25;0.11;0.05;0.06
20;50;100;100;0;20.47;4.46;12.24;4.57;4.66;0.207;84.2;22.61;12.05;6.29;1.06;3.54;7.04;236.5;166;49.4;7.1;14.1;2.67;1.3;0.31;0.38;0.37;0.39;0.079;15.8;4.77;2.17;1.55;0.26;0.92;5.2;44.2;30.3;1.6;1.8;10.4;0.23;0.06;0.05;0.06
20;50;100;100;50;21.55;4.94;13.88;5.14;5.06;0.209;82.7;24.32;13.12;6.68;1.1;3.63;8.01;231.3;156.7;51.3;7.3;16;2.55;1.77;0.32;0.42;0.56;0.55;0.08;17.3;6.65;3.13;2.06;0.36;1.31;5.87;48.2;31.5;2.3;2.6;11.7;0.32;0.07;0.07;0.08
20;50;100;100;100;22.62;5.3;15.21;5.64;5.72;0.223;81.8;25.71;13.85;7.15;1.17;3.83;8.81;227.4;148.7;53.4;7.7;17.6;2.36;2.59;0.33;0.45;0.62;0.65;0.082;18.2;7.79;3.59;2.52;0.41;1.48;6.4;50.5;32.6;2.2;3;12.8;0.38;0.1;0.07;0.1
20;100;0;0;0;18.01;2.88;8.05;3.86;3.83;0.223;72.4;17.29;9.32;4.71;0.85;2.58;4.66;169.4;124.8;30.1;5.2;9.3;2.79;0.52;0.22;0.3;0.13;0.14;0.062;27.6;1.67;0.77;0.52;0.09;0.3;3.39;64.4;55.2;1.8;0.6;6.8;0.07;0.03;0.02;0.02
20;100;0;0;50;17.63;3.05;8.61;3.96;3.98;0.222;72.1;18.03;9.73;4.95;0.82;2.69;5.04;168.7;124;29.3;5.4;10.1;2.8;0.63;0.24;0.32;0.17;0.17;0.069;27.9;1.98;0.92;0.65;0.1;0.35;3.57;65.3;55.5;1.9;0.7;7.1;0.08;0.05;0.02;0.02
20;100;0;0;100;17.6;3.11;9.08;4.15;4.17;0.222;71;18.88;10.19;5.19;0.9;2.72;5.24;166;121.2;28.9;5.4;10.5;2.74;0.86;0.24;0.33;0.21;0.2;0.076;29;2.14;1.02;0.64;0.12;0.39;3.84;67.8;56.6;2.8;0.8;7.7;0.08;0.07;0.02;0.02
20;100;0;50;0;18.05;3.14;8.62;3.93;3.83;0.224;76.6;17.2;9.35;4.57;0.82;2.55;5.01;169.5;124.6;29.8;5.1;10;2.81;0.5;0.22;0.3;0.23;0.24;0.072;23.4;2.98;1.42;0.93;0.14;0.59;3.62;51.7;41.4;1.9;1.2;7.2;0.14;0.03;0.03;0.04
20;100;0;50;50;18.91;3.48;9.79;4.01;3.98;0.217;75.8;18.44;10;4.94;0.83;2.76;5.75;168.9;120.9;31;5.5;11.5;2.73;0.69;0.23;0.32;0.29;0.31;0.075;24.2;3.86;1.75;1.26;0.2;0.72;4.05;53.8;42.4;1.8;1.4;8.1;0.18;0.05;0.04;0.05
20;100;0;50;100;19.29;3.88;10.9;4.27;4.28;0.221;74.6;19.45;10.46;5.31;0.91;2.93;6.37;167.6;117.7;31.2;5.9;12.7;2.64;1.04;0.26;0.34;0.47;0.42;0.08;25.4;5.04;2.38;1.59;0.3;0.94;4.53;56.8;43.3;2.5;1.9;9.1;0.23;0.07;0.05;0.06
20;100;0;100;0;18.54;3.4;9.63;3.82;3.85;0.222;81.2;17.43;9.37;4.8;0.81;2.58;5.61;170;123.5;30.2;5.2;11.2;2.8;0.52;0.22;0.31;0.35;0.33;0.074;18.8;4.21;1.92;1.32;0.25;0.82;4.02;39.3;27.9;1.7;1.6;8;0.21;0.03;0.04;0.05
20;100;0;100;50;19.64;3.92;11.18;3.92;3.98;0.215;80;18.61;9.95;5.12;0.9;2.76;6.51;169.1;119.2;31.3;5.5;13;2.68;0.72;0.25;0.33;0.45;0.47;0.076;20;5.99;2.75;1.93;0.32;1.16;4.67;42.1;28.7;1.8;2.3;9.3;0.29;0.05;0.05;0.08
20;100;0;100;100;20.28;4.37;12.22;4.34;4.34;0.218;78.5;20.03;10.7;5.5;0.91;3.01;7;166.3;114.2;32.1;6;14;2.59;1.13;0.28;0.34;0.53;0.57;0.078;21.5;7.17;3.24;2.34;0.42;1.35;5.22;45.4;29.6;2.6;2.7;10.4;0.35;0.06;0.07;0.09
20;100;50;0;0;18.5;3.78;10.42;5.27;5.26;0.229;72;23.02;12.66;6.16;1.02;3.45;5.99;172.6;123.5;30.2;6.9;12;3.86;0.71;0.3;0.38;0.15;0.15;0.066;28;1.75;0.84;0.55;0.11;0.34;4.43;67.1;55.7;1.8;0.7;8.9;0.07;0.05;0.02;0.02
20;100;50;0;50;18.27;3.96;11.01;5.42;5.47;0.229;71;23.92;13.08;6.42;1.05;3.54;6.38;170.2;120.9;29.4;7.1;12.8;3.79;0.96;0.31;0.41;0.22;0.2;0.079;29;2.14;1.04;0.67;0.09;0.42;4.63;69.5;56.7;2.7;0.8;9.3;0.08;0.07;0.02;0.03
20;100;50;0;100;18.12;4.02;11.38;5.84;5.73;0.231;70.4;24.92;13.73;6.58;1.17;3.6;6.73;167.7;118;29.1;7.2;13.5;3.71;1.27;0.32;0.42;0.24;0.21;0.081;29.6;2.22;1.07;0.69;0.09;0.42;4.65;70.6;57.8;2.6;0.8;9.3;0.08;0.09;0.02;0.02
20;100;50;50;0;19.13;4.02;11.53;5.22;5.3;0.226;75.8;23.59;12.84;6.41;1.12;3.46;6.66;172.1;121.1;30.8;6.9;13.3;3.82;0.77;0.3;0.42;0.22;0.24;0.074;24.2;2.99;1.35;0.97;0.17;0.56;4.87;54.9;42.4;1.7;1.1;9.7;0.14;0.04;0.03;0.04
20;100;50;50;50;19.68;4.58;12.49;5.47;5.55;0.224;74.6;24.82;13.49;6.7;1.16;3.74;7.35;170.6;117.2;31.3;7.5;14.7;3.69;1.08;0.33;0.44;0.33;0.36;0.081;25.4;4.2;1.95;1.3;0.24;0.84;5.14;58.1;43.5;2.7;1.7;10.3;0.19;0.07;0.04;0.05
20;100;50;50;100;20.66;4.8;13.55;5.93;5.9;0.229;75.2;25.93;14.1;7.01;1.24;3.84;7.87;184.7;112.4;48.9;7.7;15.7;3.55;1.59;0.33;0.44;0.46;0.44;0.082;24.8;5.13;2.44;1.6;0.28;0.96;5.68;60.7;44.9;2.6;1.9;11.4;0.23;0.09;0.05;0.06
20;100;50;100;0;19.4;4.43;12.27;5.23;5.26;0.223;80.2;23.64;12.75;6.48;1.08;3.56;7.15;171.6;119.4;30.8;7.1;14.3;3.73;0.8;0.32;0.4;0.36;0.36;0.075;19.8;4.58;2.14;1.45;0.24;0.88;5.12;42.4;28.7;1.7;1.8;10.2;0.22;0.04;0.05;0.06
20;100;50;100;50;20.59;4.92;13.92;5.59;5.62;0.225;80.1;25.11;13.56;6.89;1.16;3.71;8.09;186.3;114.3;48.4;7.4;16.2;3.61;1.25;0.33;0.44;0.5;0.51;0.079;19.9;6.29;2.89;2.03;0.33;1.22;5.83;46.3;29.6;2.6;2.4;11.7;0.3;0.07;0.06;0.08
20;100;50;100;100;21.49;5.3;15.05;6.03;5.93;0.225;79.2;26.42;14.41;7.21;1.2;3.9;8.81;184.4;108.7;50.3;7.8;17.6;3.43;1.7;0.34;0.46;0.55;0.6;0.079;20.8;7.37;3.35;2.43;0.38;1.41;6.24;48.4;30.7;2.4;2.8;12.5;0.36;0.08;0.07;0.09
20;100;100;0;0;19.47;4.4;12.42;6.2;6.14;0.224;72.6;27.54;14.97;7.48;1.32;4.04;7.29;187.3;117.9;46.8;8.1;14.6;4.25;1.06;0.36;0.48;0.18;0.18;0.075;27.4;1.96;0.88;0.65;0.11;0.36;5.13;70.7;57.9;1.8;0.7;10.3;0.07;0.06;0.02;0.03
20;100;100;0;50;19.33;4.6;12.62;6.52;6.46;0.23;71.6;28.23;15.52;7.59;1.25;4.21;7.42;184.4;114.7;46.4;8.4;14.8;4.13;1.49;0.36;0.47;0.18;0.21;0.081;28.4;2.08;0.93;0.65;0.13;0.39;5.2;72.9;59.1;2.6;0.8;10.4;0.08;0.08;0.02;0.03
20;100;100;0;100;19.3;4.7;13.22;6.89;6.94;0.237;70.7;29.43;16.11;7.96;1.32;4.26;7.67;181;111;46.1;8.5;15.3;4.05;2;0.39;0.5;0.24;0.25;0.092;29.3;2.35;1.13;0.72;0.12;0.43;5.55;74.8;60.5;2.3;0.9;11.1;0.09;0.11;0.02;0.03
20;100;100;50;0;20.07;4.69;13.3;6.22;6.22;0.225;76.1;27.78;14.98;7.56;1.27;4.09;7.58;186.2;115.1;47.7;8.2;15.2;4.17;1.22;0.35;0.48;0.32;0.28;0.079;23.9;3.29;1.52;1.02;0.18;0.59;5.71;58.4;44.1;1.7;1.2;11.4;0.15;0.06;0.03;0.04
20;100;100;50;50;20.9;5.09;14.29;6.61;6.49;0.225;74.9;28.97;15.84;7.69;1.34;4.26;8.29;184.8;110.3;49.5;8.5;16.6;3.98;1.65;0.38;0.49;0.35;0.38;0.084;25.1;4.33;2.02;1.37;0.26;0.84;6;61.7;45.5;2.6;1.7;12;0.2;0.08;0.04;0.06
20;100;100;50;100;21.61;5.46;15.33;7.12;7.09;0.236;74;30.13;16.51;8.16;1.37;4.39;8.92;183.1;105.5;51;8.8;17.8;3.8;2.38;0.39;0.51;0.46;0.49;0.087;26;5.43;2.51;1.71;0.29;1.07;6.41;64.3;46.9;2.5;2.1;12.8;0.25;0.12;0.06;0.06
20;100;100;100;0;20.9;5.07;14.27;6.3;6.21;0.222;80.4;28.08;15.23;7.71;1.27;4.18;8.21;186.6;112.8;49;8.4;16.4;4.08;1.28;0.36;0.49;0.37;0.38;0.078;19.6;4.61;2.11;1.48;0.3;0.89;6.06;45.5;29.9;1.7;1.8;12.1;0.22;0.06;0.04;0.06
20;100;100;100;50;21.46;5.49;15.77;6.39;6.46;0.224;79.1;29.02;15.65;7.93;1.34;4.26;9.2;185.2;108.3;50;8.5;18.4;3.9;1.7;0.37;0.5;0.56;0.55;0.081;20.9;6.68;3;2.2;0.37;1.22;6.57;48.7;30.8;2.4;2.4;13.1;0.32;0.08;0.07;0.08
20;100;100;100;100;22.79;5.97;17.07;6.94;7.13;0.234;78.1;30.62;16.68;8.35;1.41;4.5;10.04;183.5;102.2;52.3;9;20.1;3.67;2.54;0.39;0.53;0.63;0.66;0.083;21.9;7.74;3.59;2.46;0.43;1.48;7.03;51.3;32;2.3;3;14.1;0.37;0.12;0.07;0.09