StrengthRatio;AttackA_Verticality;DefenseA_DefensiveLine;AttackB_Verticality;DefenseB_DefensiveLine;Seq_CountersCount;Seq_CornersCount;Seq_LooseBallsCount;TeamA_Goals;TeamA_TotalXG;TeamA_XGPerShot;TeamA_PossessionShare;TeamA_ShotsTotal;TeamA_ShotsOnTarget;TeamA_ShotsBlocked;TeamA_ShotsWoodwork;TeamA_CornersWon;TeamA_LooseBallsWon;TeamA_PassesTotal;TeamA_PassesOpenPlay;TeamA_PassesCounterAttack;TeamA_PassesCorner;TeamA_PassesLooseBall;TeamA_XGOpenPlay;TeamA_XGCounterAttack;TeamA_XGCorner;TeamA_XGLooseBall;TeamB_Goals;TeamB_TotalXG;TeamB_XGPerShot;TeamB_PossessionShare;TeamB_ShotsTotal;TeamB_ShotsOnTarget;TeamB_ShotsBlocked;TeamB_ShotsWoodwork;TeamB_CornersWon;TeamB_LooseBallsWon;TeamB_PassesTotal;TeamB_PassesOpenPlay;TeamB_PassesCounterAttack;TeamB_PassesCorner;TeamB_PassesLooseBall;TeamB_XGOpenPlay;TeamB_XGCounterAttack;TeamB_XGCorner;TeamB_XGLooseBall
-15;0;0;0;0;15.14;1.71;4.97;0.18;0.19;0.072;40.5;2.12;0.96;0.71;0.12;0.39;2.18;136.3;129.3;1.9;0.8;4.4;0.11;0.03;0.02;0.03;2.19;2.12;0.239;59.5;8.91;4.97;2.38;0.41;1.32;2.78;199.9;166;25.7;2.6;5.6;1.14;0.61;0.15;0.23
-15;0;0;0;50;15.41;1.95;5.51;0.2;0.2;0.077;41.6;2.2;1.01;0.68;0.13;0.41;2.36;139.9;132.6;1.8;0.8;4.7;0.11;0.04;0.02;0.03;2.41;2.37;0.23;58.4;10.28;5.66;2.74;0.48;1.53;3.16;196.8;161.2;26.2;3.1;6.3;1.08;0.85;0.18;0.26
-15;0;0;0;100;16.37;2.33;6.7;0.23;0.22;0.08;41.5;2.34;1.08;0.76;0.15;0.41;2.93;146.3;138;1.6;0.8;5.9;0.12;0.05;0.02;0.03;2.98;3.01;0.235;58.5;12.79;6.99;3.39;0.57;1.92;3.77;205.9;153;41.4;3.8;7.5;1.03;1.42;0.24;0.32
-15;0;0;50;0;15.72;2.17;6.29;0.21;0.21;0.077;48;2.29;1.1;0.71;0.12;0.42;2.76;136.7;127.6;2.8;0.8;5.5;0.11;0.05;0.02;0.03;3.25;3.34;0.271;52;12.38;6.98;3.2;0.57;1.75;3.53;148.3;112.4;25.4;3.5;7.1;2.22;0.6;0.21;0.3
-15;0;0;50;50;15.95;2.64;7.48;0.2;0.21;0.078;48.5;2.28;1.05;0.74;0.14;0.4;3.29;139.8;130.5;1.9;0.8;6.6;0.11;0.05;0.02;0.03;4.32;4.28;0.274;51.5;15.71;9.02;3.91;0.68;2.24;4.19;148.3;109.5;26;4.5;8.4;2.83;0.83;0.25;0.37
-15;0;0;50;100;16.77;3.28;9.36;0.23;0.24;0.083;47.4;2.39;1.1;0.78;0.14;0.44;4.17;145.8;134.8;1.8;0.9;8.3;0.12;0.06;0.03;0.04;5.49;5.58;0.279;52.6;20.06;11.47;5.09;0.85;2.83;5.19;161.5;105.2;40.3;5.7;10.4;3.4;1.37;0.33;0.48
-15;0;0;100;0;17.36;2.65;7.45;0.27;0.27;0.086;54.9;2.81;1.32;0.88;0.16;0.52;3.29;138.8;125.6;5.6;1;6.6;0.1;0.1;0.03;0.04;4.26;4.31;0.286;45.1;15.16;8.77;3.79;0.63;2.14;4.15;114.1;76.3;25.3;4.3;8.3;3.1;0.6;0.26;0.35
-15;0;0;100;50;17.77;3.37;9.65;0.33;0.31;0.094;54.8;2.95;1.42;0.93;0.14;0.54;4.37;141.9;127.2;4.8;1.1;8.7;0.11;0.12;0.03;0.04;5.9;5.96;0.292;45.2;20.5;11.87;5.05;0.9;2.83;5.29;116.9;75.2;25.5;5.7;10.6;4.35;0.83;0.32;0.47
-15;0;0;100;100;17.97;3.92;11.22;0.34;0.31;0.097;52.7;2.88;1.38;0.87;0.14;0.54;4.99;146.1;131.4;3.7;1.1;10;0.11;0.13;0.03;0.04;7.31;7.31;0.294;47.3;24.89;14.5;6.13;1.09;3.39;6.23;131.2;72.4;39.5;6.8;12.5;5;1.33;0.4;0.57
-15;0;50;0;0;14.85;1.8;5.22;0.24;0.21;0.077;41;2.36;1.08;0.76;0.12;0.44;2.27;137.7;130.5;1.8;0.9;4.5;0.12;0.04;0.02;0.03;2.28;2.32;0.248;59;9.36;5.16;2.49;0.44;1.36;2.95;198;164.3;25.1;2.7;5.9;1.11;0.82;0.16;0.24
-15;0;50;0;50;15.46;2.11;6.04;0.23;0.23;0.082;42.4;2.4;1.13;0.77;0.12;0.43;2.59;142.6;134.9;1.7;0.9;5.2;0.12;0.05;0.02;0.04;2.79;2.83;0.247;57.6;11.46;6.34;3.05;0.52;1.68;3.45;193.9;157.7;26;3.4;6.9;1.08;1.26;0.2;0.29
-15;0;50;0;100;16.32;2.51;6.94;0.28;0.27;0.091;42.3;2.61;1.27;0.77;0.13;0.49;3.04;148.7;140;1.7;1;6.1;0.12;0.08;0.02;0.04;3.45;3.54;0.263;57.7;13.47;7.52;3.56;0.62;2.02;3.9;202.6;150;40.7;4;7.8;0.98;2;0.24;0.32
-15;0;50;50;0;15.4;2.26;6.56;0.27;0.26;0.083;48.6;2.72;1.29;0.88;0.13;0.48;2.93;138.5;128.9;2.8;1;5.9;0.12;0.07;0.03;0.04;3.52;3.49;0.276;51.4;12.73;7.27;3.22;0.57;1.78;3.63;146.3;111.1;24.4;3.6;7.3;2.15;0.83;0.22;0.29
-15;0;50;50;50;15.64;2.83;7.9;0.26;0.24;0.083;49.2;2.49;1.12;0.79;0.14;0.45;3.44;142;132.4;1.8;0.9;6.9;0.12;0.06;0.03;0.04;4.77;4.73;0.282;50.8;16.8;9.74;4.16;0.76;2.38;4.46;146.6;107.6;25.3;4.8;8.9;2.82;1.23;0.29;0.39
-15;0;50;50;100;16.43;3.37;9.48;0.25;0.27;0.092;48.3;2.58;1.23;0.79;0.13;0.48;4.24;148.6;136.6;2.6;1;8.5;0.12;0.09;0.03;0.04;5.87;6.04;0.295;51.7;20.54;11.9;5.15;0.83;2.89;5.24;158.8;103.4;39.1;5.8;10.5;3.32;1.91;0.34;0.47
-15;0;50;100;0;17.13;2.84;8.09;0.36;0.37;0.099;55.2;3.49;1.69;1.06;0.21;0.68;3.6;139.8;125.4;5.9;1.4;7.2;0.11;0.17;0.04;0.05;4.43;4.52;0.291;44.8;15.58;9;3.92;0.69;2.16;4.49;113.6;76.4;23.9;4.3;9;3.11;0.79;0.25;0.37
-15;0;50;100;50;17.54;3.57;10.17;0.36;0.38;0.105;55.6;3.33;1.59;1.04;0.17;0.59;4.47;145.8;128.6;7.1;1.2;8.9;0.11;0.18;0.03;0.05;6.22;6.38;0.297;44.4;21.5;12.46;5.25;0.98;2.98;5.69;116.5;74.3;24.8;6;11.4;4.32;1.22;0.36;0.48
-15;0;50;100;100;17.54;4.02;11.51;0.36;0.37;0.109;53.5;3.13;1.48;0.98;0.16;0.55;5.01;149.3;132.9;5.3;1.1;10;0.12;0.18;0.03;0.04;7.6;7.8;0.306;46.5;25.52;15.03;6.19;1.05;3.48;6.49;129.5;71.4;38.1;7;13;4.92;1.87;0.42;0.58
-15;0;100;0;0;14.44;1.96;5.53;0.27;0.25;0.084;41.9;2.63;1.21;0.85;0.15;0.48;2.46;140.6;131.9;2.8;1;4.9;0.12;0.06;0.03;0.04;2.56;2.55;0.254;58.1;10.06;5.67;2.63;0.41;1.48;3.07;195.2;162.1;24;3;6.1;1.1;1.04;0.17;0.25
-15;0;100;0;50;15.16;2.29;6.61;0.27;0.3;0.094;43.4;2.85;1.34;0.91;0.16;0.52;2.96;146.4;136.7;2.7;1;5.9;0.13;0.1;0.03;0.05;3.21;3.29;0.268;56.6;12.29;6.92;3.13;0.58;1.77;3.65;190.9;155;25.1;3.5;7.3;1.08;1.72;0.21;0.28
-15;0;100;0;100;15.71;2.52;7.11;0.33;0.3;0.095;43.4;2.82;1.37;0.86;0.14;0.49;3.13;151.9;142.2;2.5;1;6.3;0.13;0.1;0.02;0.04;4.16;4.08;0.282;56.6;14.5;8.41;3.58;0.63;2.04;3.99;197.8;146.7;39.1;4.1;8;1.03;2.46;0.26;0.34
-15;0;100;50;0;15.14;2.48;7.07;0.32;0.31;0.092;49.1;3.05;1.44;0.98;0.15;0.57;3.09;141.1;129.5;4.3;1.1;6.2;0.13;0.11;0.03;0.04;3.65;3.74;0.279;50.9;13.42;7.64;3.45;0.58;1.92;3.98;145.9;110.5;23.6;3.8;8;2.17;1.03;0.23;0.31
-15;0;100;50;50;15.23;3.03;8.38;0.29;0.29;0.093;50;2.74;1.34;0.85;0.15;0.53;3.66;145;134.1;2.6;1.1;7.3;0.13;0.09;0.03;0.04;5.09;5.2;0.295;50;17.66;10.26;4.4;0.76;2.5;4.71;144.8;105.9;24.4;5;9.4;2.84;1.65;0.29;0.41
-15;0;100;50;100;16.02;3.4;9.68;0.33;0.31;0.098;49.1;2.77;1.34;0.85;0.17;0.48;4.24;150.7;138.8;2.4;1;8.5;0.13;0.11;0.03;0.04;6.53;6.5;0.305;50.9;21.35;12.59;5.16;0.88;2.92;5.43;156.1;101.2;38.2;5.8;10.9;3.28;2.39;0.35;0.47
-15;0;100;100;0;16.62;2.94;8.41;0.43;0.44;0.107;55.9;3.9;1.87;1.19;0.17;0.73;3.64;143.3;126;8.5;1.5;7.3;0.11;0.23;0.04;0.05;4.7;4.75;0.293;44.1;16.29;9.45;3.98;0.69;2.22;4.78;113;76;23;4.4;9.6;3.12;1;0.25;0.38
-15;0;100;100;50;16.93;3.74;10.5;0.47;0.47;0.114;56;3.83;1.86;1.17;0.2;0.68;4.59;146.9;129.6;6.8;1.4;9.2;0.12;0.25;0.04;0.06;6.66;6.77;0.307;44;22.11;13.05;5.31;0.94;3.06;5.91;115.4;73.6;23.9;6.1;11.8;4.3;1.6;0.36;0.51
-15;0;100;100;100;17.32;4.15;11.76;0.45;0.47;0.123;54.2;3.62;1.77;1.08;0.18;0.67;5.15;151.5;134.6;5.2;1.3;10.3;0.13;0.25;0.04;0.05;8.11;8.19;0.314;45.8;26.18;15.41;6.39;1.08;3.48;6.61;127.7;70.3;37.2;7;13.2;4.84;2.33;0.43;0.59
-15;50;0;0;0;17.4;2.06;5.82;0.31;0.29;0.082;36.9;3.27;1.52;1.05;0.17;0.62;2.58;117.9;109.7;1.8;1.2;5.2;0.18;0.03;0.04;0.04;2.22;2.23;0.232;63.1;9.65;5.2;2.55;0.46;1.45;3.24;201.7;162.5;29.8;2.9;6.5;1.12;0.71;0.16;0.24
-15;50;0;0;50;18.02;2.42;6.96;0.3;0.32;0.085;38.4;3.57;1.68;1.08;0.22;0.67;3.06;122.8;113.6;1.7;1.3;6.1;0.19;0.04;0.04;0.05;2.69;2.61;0.222;61.6;11.79;6.34;3.2;0.57;1.75;3.9;197.2;155.5;30.4;3.5;7.8;1.07;1.05;0.2;0.29
-15;50;0;0;100;19.05;2.81;7.99;0.32;0.33;0.086;38.2;3.57;1.66;1.16;0.2;0.62;3.52;128.4;118.5;1.6;1.2;7;0.19;0.05;0.04;0.05;3.42;3.37;0.235;61.8;14.32;7.84;3.84;0.66;2.19;4.47;208.1;146.7;48;4.4;8.9;1;1.77;0.25;0.35
-15;50;0;50;0;17.88;2.49;7.13;0.32;0.31;0.082;43.9;3.45;1.62;1.09;0.18;0.6;3.08;118.3;108.1;2.8;1.2;6.2;0.18;0.04;0.04;0.05;3.41;3.44;0.264;56.1;13.05;7.34;3.38;0.57;1.88;4.04;151.1;110.2;29;3.8;8.1;2.2;0.69;0.23;0.31
-15;50;0;50;50;18.2;3.04;8.84;0.33;0.3;0.084;44.7;3.35;1.56;1.07;0.16;0.6;3.85;122.2;111.5;1.8;1.2;7.7;0.18;0.04;0.03;0.05;4.56;4.55;0.265;55.3;17.25;9.77;4.44;0.76;2.45;4.99;151;106.2;30;4.9;10;2.82;1.02;0.28;0.42
-15;50;0;50;100;19.25;3.69;10.45;0.33;0.33;0.087;43.7;3.58;1.68;1.11;0.19;0.69;4.6;128.3;116.1;1.6;1.4;9.2;0.19;0.06;0.03;0.05;5.8;5.84;0.275;56.3;21.31;12.19;5.4;0.9;3;5.85;165.2;100.6;46.9;6;11.7;3.25;1.73;0.35;0.51
-15;50;0;100;0;19.38;2.98;8.42;0.38;0.37;0.087;50.5;4.04;1.89;1.29;0.2;0.75;3.63;120.4;105.9;5.8;1.5;7.3;0.17;0.1;0.04;0.06;4.47;4.4;0.28;49.5;15.77;9.1;3.92;0.67;2.23;4.79;117.8;75.3;28.5;4.5;9.6;3.08;0.68;0.27;0.37
-15;50;0;100;50;19.68;3.7;10.69;0.43;0.39;0.092;50.8;3.98;1.89;1.26;0.19;0.75;4.7;124;108.6;4.5;1.5;9.4;0.17;0.12;0.04;0.06;6.08;6.12;0.284;49.2;21.64;12.5;5.41;0.96;2.96;6;120.1;73.1;29.1;5.9;12;4.26;0.98;0.37;0.51
-15;50;0;100;100;20.21;4.36;12.37;0.44;0.41;0.096;48.6;4.04;1.96;1.21;0.23;0.76;5.45;129.1;113.1;3.5;1.5;10.9;0.18;0.13;0.05;0.05;7.35;7.48;0.289;51.4;25.93;15.03;6.44;1.11;3.6;6.93;136.2;69.5;45.6;7.2;13.9;4.77;1.69;0.42;0.61
-15;50;50;0;0;17.45;2.43;6.79;0.43;0.41;0.085;37.8;4.56;2.14;1.43;0.25;0.86;2.96;121;111.6;1.8;1.7;5.9;0.25;0.04;0.05;0.06;2.47;2.52;0.241;62.2;10.49;5.8;2.72;0.48;1.57;3.83;199.1;159.1;29.2;3.1;7.7;1.09;0.99;0.19;0.25
-15;50;50;0;50;18.44;2.8;8.11;0.49;0.45;0.09;39.6;4.85;2.27;1.54;0.27;0.9;3.58;127;116.2;1.8;1.8;7.2;0.26;0.06;0.06;0.07;3.12;3.12;0.24;60.4;13.01;7.09;3.52;0.63;1.9;4.53;194.1;150.8;30.5;3.8;9.1;1.02;1.55;0.22;0.32
-15;50;50;0;100;19.17;3.18;9.03;0.51;0.47;0.09;39.6;5.05;2.33;1.6;0.29;0.89;4.05;133;121.5;1.6;1.8;8.1;0.28;0.07;0.05;0.07;3.83;3.97;0.258;60.4;15.38;8.54;4.04;0.72;2.29;4.98;203.2;141.3;47.4;4.6;10;0.92;2.41;0.28;0.36
-15;50;50;50;0;17.92;2.85;7.99;0.43;0.43;0.087;45;4.76;2.18;1.54;0.23;0.86;3.56;121.8;110.2;2.8;1.7;7.1;0.25;0.07;0.04;0.07;3.6;3.64;0.268;55;13.63;7.76;3.44;0.57;1.99;4.43;149.1;107.8;28.5;4;8.9;2.11;0.97;0.24;0.31
-15;50;50;50;50;18.44;3.53;9.92;0.44;0.44;0.089;45.8;4.82;2.25;1.53;0.26;0.89;4.29;126.2;114.2;1.7;1.8;8.6;0.26;0.06;0.06;0.07;4.87;4.98;0.274;54.2;18.25;10.37;4.71;0.77;2.64;5.63;149.3;103;29.8;5.3;11.3;2.72;1.5;0.33;0.43
-15;50;50;50;100;19.49;4.15;11.55;0.45;0.47;0.091;45;4.91;2.31;1.53;0.27;0.95;5.07;133.5;119.2;2.3;1.9;10.1;0.27;0.08;0.05;0.07;6.31;6.42;0.287;55;22.4;12.9;5.7;0.97;3.2;6.47;163.1;97;46.8;6.4;12.9;3.12;2.39;0.39;0.52
-15;50;50;100;0;19.39;3.3;9.37;0.55;0.53;0.095;51.3;5.38;2.58;1.66;0.29;0.97;4.17;123.4;107.5;5.6;1.9;8.3;0.23;0.16;0.05;0.08;4.45;4.58;0.283;48.7;16.26;9.29;4.16;0.67;2.32;5.21;117.1;74;28;4.6;10.4;2.97;0.95;0.28;0.37
-15;50;50;100;50;19.82;4.14;11.73;0.57;0.55;0.099;51.9;5.42;2.59;1.63;0.3;1;5.21;129.6;110.5;6.6;2;10.4;0.25;0.17;0.05;0.08;6.49;6.52;0.291;48.1;22.49;13.09;5.63;0.94;3.14;6.52;119.7;71.6;28.8;6.3;13;4.19;1.44;0.38;0.51
-15;50;50;100;100;20.41;4.8;13.42;0.58;0.59;0.104;49.8;5.54;2.62;1.77;0.29;0.99;6.02;134.5;115.3;5.1;2;12;0.26;0.19;0.06;0.08;7.81;7.99;0.3;50.2;26.7;15.75;6.5;1.15;3.8;7.4;135.3;67.7;45.1;7.6;14.8;4.67;2.26;0.46;0.61
-15;50;100;0;0;17.31;2.77;8.18;0.57;0.55;0.087;39.2;6.15;2.87;1.96;0.32;1.14;3.58;126.1;114;2.6;2.3;7.2;0.34;0.06;0.06;0.08;2.92;2.91;0.252;60.8;11.56;6.42;3.08;0.53;1.63;4.6;195.4;154.8;28.2;3.3;9.2;1.08;1.37;0.18;0.28
-15;50;100;0;50;18.17;3.17;9.1;0.58;0.6;0.091;39.1;6.43;3.01;2.02;0.38;1.19;4;131.3;118.5;2.4;2.4;8;0.36;0.08;0.06;0.1;3.69;3.72;0.269;61;13.83;7.85;3.6;0.58;1.98;5.1;205;146.6;44.2;4;10.2;1.02;2.13;0.24;0.33
-15;50;100;0;100;18.98;3.54;10;0.67;0.64;0.093;40.8;6.74;3.14;2.12;0.37;1.22;4.39;137.4;123.9;2.2;2.4;8.8;0.37;0.09;0.07;0.1;4.68;4.66;0.285;59.2;16.4;9.46;4.14;0.67;2.32;5.61;198.9;136.9;46.2;4.6;11.2;0.94;3.06;0.27;0.39
-15;50;100;50;0;17.98;3.21;9.3;0.57;0.59;0.09;46.2;6.44;2.96;2.02;0.35;1.18;4.14;126.8;112.4;3.8;2.4;8.3;0.34;0.1;0.06;0.09;4.02;4.01;0.276;53.8;14.59;8.35;3.7;0.63;2.03;5.17;147.4;105.1;27.9;4.1;10.3;2.09;1.32;0.26;0.34
-15;50;100;50;50;18.45;3.92;10.82;0.61;0.59;0.091;44.9;6.35;2.99;2;0.33;1.2;4.73;131.3;117.2;2.2;2.4;9.5;0.35;0.08;0.07;0.09;5.51;5.57;0.292;55.1;19.14;11.16;4.68;0.8;2.73;6.09;161;99.3;44;5.5;12.2;2.66;2.16;0.32;0.43
-15;50;100;50;100;19.4;4.26;12.44;0.69;0.64;0.095;46.1;6.62;3.11;2.07;0.36;1.18;5.41;137.1;121.5;2.4;2.4;10.8;0.36;0.12;0.07;0.1;6.89;6.99;0.303;53.9;23.09;13.47;5.71;1.01;3.09;7.03;160;94.2;45.6;6.2;14.1;3.04;3.03;0.37;0.55
-15;50;100;100;0;19.42;3.7;10.72;0.71;0.7;0.097;52.6;7.13;3.34;2.17;0.4;1.28;4.76;129.7;109.5;8;2.6;9.5;0.32;0.21;0.07;0.1;4.92;4.99;0.287;47.4;17.42;10.04;4.35;0.77;2.42;5.96;116.6;72.4;27.5;4.8;11.9;2.97;1.31;0.29;0.41
-15;50;100;100;50;19.91;4.63;12.81;0.75;0.73;0.102;50.2;7.1;3.42;2.13;0.38;1.34;5.63;133.9;113.6;6.3;2.7;11.3;0.33;0.23;0.07;0.1;6.93;7.06;0.303;49.8;23.37;13.6;5.77;1;3.28;7.18;132.8;69.1;42.7;6.6;14.4;4.02;2.11;0.39;0.53
-15;50;100;100;100;20.35;5.04;14.24;0.79;0.76;0.103;50.9;7.15;3.37;2.23;0.44;1.28;6.23;138.2;118.4;4.8;2.6;12.5;0.35;0.23;0.08;0.1;8.42;8.55;0.312;49.1;27.46;16.36;6.5;1.17;3.76;8.01;133.3;65.3;44.4;7.5;16;4.52;2.96;0.46;0.62
-15;100;0;0;0;18.27;2.35;6.58;0.4;0.39;0.083;27.2;4.4;2.07;1.38;0.21;0.83;2.87;75.5;66.3;1.8;1.7;5.7;0.25;0.03;0.04;0.06;2.32;2.28;0.23;72.8;9.95;5.46;2.71;0.44;1.52;3.7;202.6;161.2;30.9;3;7.4;1.12;0.74;0.18;0.25
-15;100;0;0;50;19.26;2.79;7.85;0.41;0.41;0.085;28.9;4.63;2.16;1.46;0.26;0.85;3.48;79.8;69.4;1.7;1.7;7;0.26;0.04;0.05;0.06;2.78;2.82;0.229;71.1;12.36;6.69;3.36;0.56;1.94;4.37;196.7;151.8;32.3;3.9;8.7;1;1.3;0.22;0.31
-15;100;0;0;100;20.13;3.17;9.24;0.42;0.45;0.088;28.7;4.93;2.32;1.54;0.28;0.91;4.06;83.9;72.4;1.6;1.8;8.1;0.27;0.04;0.05;0.08;3.55;3.55;0.233;71.3;15.25;8.32;4.12;0.75;2.26;5.18;208.3;142.9;50.5;4.5;10.4;0.98;1.92;0.26;0.39
-15;100;0;50;0;18.81;2.73;7.72;0.42;0.4;0.084;33.6;4.47;2.08;1.4;0.25;0.84;3.35;76.8;65.6;2.8;1.7;6.7;0.24;0.05;0.05;0.06;3.39;3.38;0.259;66.4;13.11;7.35;3.39;0.54;1.89;4.36;152;108.9;30.6;3.8;8.7;2.11;0.74;0.22;0.32
-15;100;0;50;50;19.53;3.37;9.62;0.44;0.4;0.084;34.6;4.57;2.09;1.46;0.24;0.81;4.24;80.1;68.2;1.8;1.6;8.5;0.26;0.04;0.04;0.06;4.61;4.68;0.267;65.4;17.58;9.93;4.52;0.78;2.55;5.38;151.4;103.7;31.9;5.1;10.8;2.69;1.26;0.3;0.42
-15;100;0;50;100;20.44;3.98;11.48;0.43;0.43;0.087;33.6;4.73;2.18;1.51;0.26;0.84;5.01;84.4;71.1;1.6;1.7;10;0.26;0.05;0.05;0.07;5.92;5.95;0.27;66.4;22.1;12.53;5.68;0.96;3.14;6.47;166.7;97.8;49.6;6.3;12.9;3.14;1.91;0.37;0.53
-15;100;0;100;0;20.31;3.21;9.22;0.47;0.47;0.088;40.2;5.2;2.37;1.67;0.3;0.93;4.03;80;64.4;5.6;1.9;8.1;0.25;0.1;0.06;0.07;4.35;4.36;0.275;59.8;15.9;9.11;4.05;0.68;2.28;5.19;118.9;74.1;29.8;4.6;10.4;2.99;0.73;0.27;0.38
-15;100;0;100;50;20.78;4.1;11.29;0.52;0.49;0.092;40.6;5.12;2.39;1.58;0.3;0.96;5;82.9;66.5;4.5;1.9;10;0.25;0.11;0.06;0.07;6.27;6.29;0.285;59.4;22.1;12.81;5.54;0.89;3.14;6.29;121.1;71.4;30.9;6.3;12.6;4.16;1.23;0.39;0.51
-15;100;0;100;100;21.62;4.78;13.64;0.5;0.5;0.093;38.3;5.12;2.42;1.62;0.26;0.96;5.95;86.7;69.5;3.4;1.9;11.9;0.25;0.12;0.05;0.08;7.49;7.65;0.285;61.7;26.96;15.6;6.87;1.14;3.82;7.68;139.4;67.4;49;7.6;15.4;4.65;1.89;0.47;0.64
-15;100;50;0;0;19.25;2.92;8.34;0.61;0.54;0.086;28.7;6.2;2.9;1.92;0.34;1.13;3.77;80;68.5;1.7;2.3;7.5;0.35;0.04;0.06;0.09;2.6;2.75;0.236;71.3;11.66;6.36;3.23;0.49;1.79;4.57;199.3;154.6;32;3.6;9.1;1.1;1.14;0.21;0.3
-15;100;50;0;50;20.03;3.36;9.35;0.63;0.59;0.087;28.6;6.64;3.13;2.08;0.35;1.25;4.1;83.8;71.5;1.6;2.5;8.2;0.38;0.05;0.07;0.09;3.42;3.4;0.243;71.4;14.02;7.8;3.7;0.64;2.12;5.25;209.8;145.4;49.6;4.2;10.5;0.98;1.82;0.26;0.34
-15;100;50;0;100;21.4;3.82;10.97;0.63;0.62;0.089;30.5;6.89;3.17;2.2;0.39;1.27;4.86;89.1;75.4;1.5;2.5;9.7;0.39;0.08;0.06;0.09;4.37;4.43;0.256;69.5;17.32;9.67;4.58;0.77;2.55;6.11;203.7;133.9;52.6;5.1;12.2;0.93;2.76;0.31;0.42
-15;100;50;50;0;19.8;3.33;9.54;0.55;0.57;0.087;34.8;6.35;2.94;1.99;0.37;1.19;4.19;80.9;67.6;2.6;2.4;8.4;0.34;0.07;0.06;0.09;3.73;3.81;0.26;65.2;14.7;8.27;3.76;0.67;2.14;5.35;151.4;104.8;31.5;4.3;10.7;2.06;1.15;0.25;0.35
-15;100;50;50;50;20.47;3.92;11.28;0.6;0.58;0.087;33.8;6.54;2.97;2.15;0.36;1.15;5.05;84.7;70.6;1.7;2.3;10.1;0.37;0.06;0.06;0.09;5.03;5.14;0.272;66.2;18.98;10.76;4.86;0.85;2.77;6.24;166.1;98.9;49.2;5.5;12.5;2.57;1.8;0.33;0.44
-15;100;50;50;100;21.5;4.58;13.01;0.65;0.61;0.089;35.2;6.72;3.2;2.1;0.35;1.26;5.72;89.7;73.5;2.3;2.5;11.4;0.38;0.08;0.06;0.09;6.55;6.59;0.283;64.8;23.35;13.38;5.9;1.04;3.32;7.29;165.5;93;51.3;6.6;14.6;2.99;2.68;0.39;0.54
-15;100;50;100;0;21;3.71;10.7;0.68;0.66;0.092;41.1;7.06;3.28;2.22;0.37;1.28;4.72;83.5;66;5.5;2.6;9.4;0.35;0.15;0.07;0.1;4.59;4.68;0.275;58.9;17.03;9.72;4.34;0.75;2.42;5.98;119.4;72;30.5;4.8;12;2.9;1.1;0.27;0.4
-15;100;50;100;50;21.86;4.54;13.09;0.74;0.69;0.095;39.4;7.06;3.32;2.19;0.42;1.31;5.84;89.5;68.7;6.4;2.6;11.7;0.35;0.17;0.08;0.1;6.61;6.68;0.286;60.6;23.4;13.43;5.9;1.04;3.22;7.25;137.8;68.4;48.5;6.4;14.5;3.97;1.8;0.38;0.53
-15;100;50;100;100;22.35;5.24;14.86;0.76;0.72;0.097;39.9;7.26;3.44;2.24;0.41;1.37;6.5;92.3;71.8;4.8;2.7;13;0.37;0.17;0.08;0.09;8;8.2;0.294;60.1;27.92;16.13;7.02;1.18;3.87;8.37;138.7;64.2;50.1;7.7;16.7;4.46;2.63;0.45;0.66
-15;100;100;0;0;20.22;3.29;9.54;0.66;0.66;0.088;30.2;7.44;3.4;2.4;0.42;1.34;4.22;84.4;70.7;2.5;2.7;8.4;0.42;0.06;0.08;0.11;3.22;3.23;0.245;69.8;13.21;7.36;3.41;0.64;1.95;5.31;195.5;147.8;33.1;3.9;10.6;0.99;1.67;0.24;0.33
-15;100;100;0;50;21.29;3.73;10.86;0.71;0.71;0.089;30.2;7.79;3.56;2.53;0.42;1.44;4.76;89;74.3;2.3;2.9;9.5;0.44;0.08;0.08;0.11;4.3;4.28;0.264;69.8;16.21;9.2;4.18;0.72;2.3;6.1;206;137.2;52;4.6;12.2;0.95;2.68;0.28;0.38
-15;100;100;0;100;22.34;4.27;12.01;0.82;0.77;0.091;32.1;8.31;3.89;2.61;0.46;1.52;5.32;93.9;78.2;2.1;3;10.6;0.47;0.09;0.09;0.12;5.43;5.42;0.282;67.9;19.29;11.17;4.75;0.84;2.74;6.68;199.1;125.5;54.7;5.5;13.4;0.86;3.78;0.32;0.46
-15;100;100;50;0;20.7;3.81;10.7;0.66;0.7;0.089;36.3;7.66;3.54;2.45;0.41;1.42;4.69;85.6;69.6;3.8;2.8;9.4;0.42;0.1;0.08;0.11;4.27;4.28;0.266;63.7;16.13;9.14;4.14;0.73;2.39;6.01;150.1;100.8;32.5;4.8;12;1.99;1.65;0.27;0.37
-15;100;100;50;50;21.37;4.3;12.42;0.72;0.69;0.09;34.9;7.55;3.45;2.46;0.37;1.35;5.42;88.7;72.8;2.3;2.7;10.8;0.42;0.09;0.08;0.1;5.72;5.88;0.285;65.1;20.68;11.83;5.3;0.91;2.95;6.99;165.6;94.5;51.2;5.9;14;2.47;2.58;0.33;0.49
-15;100;100;50;100;22.41;5.03;13.86;0.79;0.75;0.092;36.4;8;3.75;2.5;0.42;1.51;6.01;93.6;76.4;2.2;3;12;0.45;0.1;0.08;0.11;7.46;7.48;0.299;63.6;25.08;14.81;6.02;1.07;3.52;7.85;163.5;87.2;53.5;7;15.7;2.83;3.66;0.42;0.57
-15;100;100;100;0;21.75;4.22;11.99;0.87;0.83;0.095;42.7;8.53;4;2.7;0.47;1.55;5.27;89.2;67.9;7.7;3.1;10.5;0.41;0.2;0.09;0.12;5.19;5.17;0.279;57.3;18.62;10.76;4.68;0.81;2.67;6.73;119.8;69.5;31.5;5.3;13.5;2.82;1.6;0.31;0.44
-15;100;100;100;50;22.32;4.92;14.26;0.92;0.85;0.097;40.1;8.59;4.03;2.7;0.47;1.54;6.2;92.3;70.7;6.1;3.1;12.4;0.43;0.22;0.08;0.12;7.43;7.34;0.297;59.9;24.75;14.56;6.05;1.12;3.38;8.06;137.7;65.8;49;6.8;16.1;3.85;2.49;0.41;0.58
-15;100;100;100;100;23.22;5.58;15.9;0.88;0.87;0.1;40.7;8.5;4;2.69;0.47;1.57;6.85;95.7;74.1;4.7;3.1;13.7;0.44;0.22;0.08;0.12;8.79;8.92;0.307;59.3;29.16;17.15;7.26;1.2;4.01;9.04;139.2;61.1;52;8;18.1;4.19;3.56;0.48;0.69
-14;0;0;0;0;14.85;1.7;5.05;0.22;0.22;0.081;40.6;2.21;1.01;0.7;0.13;0.4;2.26;136.2;129.1;1.8;0.8;4.5;0.13;0.03;0.02;0.03;2.01;2.02;0.227;59.4;8.9;4.81;2.44;0.4;1.3;2.79;199.7;166.3;25.2;2.6;5.6;1.04;0.61;0.15;0.22
-14;0;0;0;50;15.15;1.95;5.58;0.22;0.24;0.086;41.5;2.36;1.1;0.77;0.11;0.41;2.45;139.5;132;1.7;0.8;4.9;0.14;0.04;0.03;0.03;2.32;2.25;0.223;58.5;10.12;5.54;2.67;0.51;1.54;3.13;196.8;162;25.5;3.1;6.3;1.01;0.82;0.18;0.23
-14;0;0;0;100;15.71;2.33;6.45;0.25;0.25;0.089;41.3;2.48;1.17;0.75;0.14;0.48;2.77;144.6;136.4;1.8;1;5.5;0.14;0.05;0.03;0.03;2.73;2.77;0.229;58.7;12.11;6.53;3.28;0.59;1.86;3.68;205.9;155.4;39.4;3.7;7.4;0.95;1.31;0.21;0.29
-14;0;0;50;0;15.73;2.18;6.28;0.25;0.25;0.085;48.1;2.53;1.13;0.84;0.14;0.44;2.76;137.1;127.1;3.6;0.9;5.5;0.13;0.06;0.02;0.04;3.12;3.02;0.254;51.9;11.93;6.77;3.06;0.56;1.75;3.52;147.9;112.9;24.5;3.5;7;1.95;0.59;0.2;0.27
-14;0;0;50;50;15.93;2.7;7.62;0.24;0.25;0.088;48.3;2.46;1.19;0.77;0.11;0.46;3.34;139.5;129.3;2.6;0.9;6.7;0.13;0.06;0.02;0.04;4;3.97;0.259;51.7;15.4;8.69;4;0.72;2.24;4.27;149;110.7;25.2;4.5;8.5;2.57;0.8;0.26;0.35
-14;0;0;50;100;16.26;3.39;9.39;0.28;0.27;0.091;47.3;2.53;1.19;0.81;0.14;0.46;4.13;144.9;133.9;1.8;0.9;8.3;0.14;0.06;0.03;0.04;5.18;5.25;0.265;52.7;19.86;11.23;5.13;0.89;2.93;5.26;161.3;106.1;38.8;5.9;10.5;3.13;1.32;0.34;0.46
-14;0;0;100;0;17.28;2.69;7.65;0.33;0.31;0.092;54.9;3.07;1.47;0.95;0.17;0.55;3.41;138.7;124.4;6.4;1.1;6.8;0.12;0.11;0.03;0.05;3.94;3.98;0.269;45.1;14.85;8.39;3.84;0.68;2.14;4.25;114;77.1;24.1;4.3;8.5;2.82;0.57;0.26;0.33
-14;0;0;100;50;17.65;3.41;9.85;0.32;0.33;0.098;54.6;3.06;1.4;0.99;0.16;0.55;4.36;141.1;125.9;5.5;1.1;8.7;0.12;0.13;0.03;0.04;5.47;5.54;0.274;45.4;20.28;11.5;5.24;0.87;2.86;5.5;117.4;76.1;24.6;5.7;11;3.96;0.8;0.33;0.46
-14;0;0;100;100;17.62;3.96;11.39;0.35;0.36;0.106;52.6;3.11;1.49;0.98;0.15;0.55;5.11;145.2;129.6;4.3;1.1;10.2;0.13;0.15;0.03;0.05;6.67;6.77;0.278;47.4;24.37;13.98;6.14;1.04;3.41;6.28;130.5;73.6;37.5;6.8;12.6;4.57;1.25;0.41;0.54
-14;0;50;0;0;14.42;1.85;5.24;0.24;0.24;0.086;41.1;2.45;1.15;0.78;0.13;0.46;2.32;137.6;130.2;1.9;0.9;4.6;0.14;0.04;0.03;0.03;2.27;2.19;0.235;58.9;9.33;5.18;2.46;0.42;1.39;2.92;197.5;164.8;24.1;2.8;5.8;1.06;0.75;0.17;0.22
-14;0;50;0;50;15.02;2.12;5.97;0.24;0.26;0.089;42.3;2.5;1.17;0.8;0.12;0.49;2.64;142.1;134;1.8;1;5.3;0.14;0.06;0.02;0.04;2.65;2.64;0.24;57.7;11.05;6.1;2.94;0.49;1.63;3.33;193.9;159;25;3.3;6.7;0.99;1.2;0.19;0.26
-14;0;50;0;100;15.53;2.42;6.76;0.3;0.28;0.096;42.3;2.61;1.25;0.78;0.15;0.44;2.98;147.8;139.2;1.7;0.9;6;0.14;0.08;0.03;0.04;3.31;3.3;0.251;57.7;13.19;7.37;3.44;0.59;1.98;3.77;201.4;151.2;38.7;4;7.5;0.94;1.84;0.23;0.3
-14;0;50;50;0;15.32;2.24;6.71;0.33;0.3;0.093;48.5;2.91;1.37;0.9;0.16;0.49;3.01;138.2;127.6;3.6;1;6;0.14;0.09;0.03;0.05;3.27;3.25;0.259;51.5;12.59;7.06;3.24;0.6;1.75;3.71;146.9;112.4;23.6;3.5;7.4;2.01;0.73;0.21;0.29
-14;0;50;50;50;15.65;2.89;8.14;0.29;0.28;0.094;49.2;2.65;1.27;0.85;0.13;0.48;3.57;142.1;131.4;2.6;1;7.1;0.13;0.09;0.03;0.04;4.22;4.35;0.267;50.8;16.35;9.26;4.2;0.75;2.41;4.57;146.8;108.6;24.3;4.8;9.1;2.51;1.2;0.27;0.37
-14;0;50;50;100;15.84;3.34;9.49;0.28;0.3;0.098;48.1;2.67;1.28;0.82;0.12;0.49;4.21;147.2;135.2;2.6;1;8.4;0.15;0.09;0.03;0.03;5.66;5.6;0.278;51.9;20.16;11.58;5;0.93;2.84;5.28;158.5;104.8;37.4;5.7;10.6;3.1;1.72;0.33;0.44
-14;0;50;100;0;17;2.82;8.16;0.39;0.4;0.103;55.2;3.61;1.65;1.19;0.2;0.63;3.61;139.6;124.7;6.4;1.3;7.2;0.13;0.18;0.04;0.05;4.16;4.17;0.271;44.9;15.42;8.79;3.93;0.67;2.19;4.55;113.5;76.9;23.1;4.4;9.1;2.84;0.73;0.26;0.34
-14;0;50;100;50;17.05;3.62;10.25;0.44;0.42;0.11;55.6;3.62;1.74;1.12;0.17;0.66;4.52;145.4;127.2;7.8;1.3;9;0.14;0.2;0.03;0.05;5.84;5.89;0.281;44.4;20.99;12.01;5.37;0.89;2.96;5.73;116.1;75.2;23.6;5.9;11.5;3.94;1.13;0.35;0.48
-14;0;50;100;100;17.26;4.11;11.75;0.48;0.47;0.122;53.7;3.64;1.77;1.1;0.18;0.64;5.17;149.1;130.9;6.6;1.3;10.3;0.14;0.24;0.04;0.05;7.14;7.13;0.287;46.3;24.92;14.44;6.2;1.09;3.46;6.58;128.8;72.7;36;6.9;13.2;4.49;1.7;0.4;0.55
-14;0;100;0;0;14.02;2.07;5.65;0.29;0.29;0.094;41.9;2.79;1.35;0.85;0.15;0.53;2.54;140.4;131.6;2.6;1.1;5.1;0.15;0.06;0.03;0.04;2.4;2.43;0.245;58.1;9.94;5.56;2.57;0.47;1.53;3.12;195;162.6;23.2;3.1;6.2;1.01;1.01;0.17;0.23
-14;0;100;0;50;14.59;2.24;6.42;0.3;0.32;0.097;43.1;2.91;1.34;0.91;0.18;0.51;2.83;145;135.6;2.7;1;5.7;0.16;0.09;0.03;0.04;3.02;2.99;0.254;56.9;11.77;6.65;3.03;0.52;1.73;3.59;191.2;156.6;24;3.5;7.2;0.97;1.56;0.2;0.27
-14;0;100;0;100;15.34;2.46;7.17;0.35;0.34;0.104;43.1;2.99;1.45;0.9;0.17;0.53;3.1;150.5;140.8;2.4;1.1;6.2;0.16;0.11;0.03;0.04;3.77;3.8;0.275;56.9;13.86;7.86;3.6;0.61;1.94;4.07;198.3;148.7;37.6;3.9;8.1;0.9;2.36;0.22;0.32
-14;0;100;50;0;15.12;2.53;6.94;0.36;0.36;0.103;49.3;3.28;1.57;0.98;0.17;0.6;3.05;141.6;128.9;5.4;1.2;6.1;0.15;0.14;0.03;0.05;3.61;3.5;0.265;50.7;13.23;7.6;3.28;0.61;1.92;3.89;145.6;111.1;22.9;3.8;7.8;1.98;1;0.23;0.29
-14;0;100;50;50;15.17;3.02;8.37;0.36;0.37;0.106;49.9;3.21;1.51;1.02;0.18;0.55;3.76;144.9;132.4;3.9;1.1;7.5;0.15;0.14;0.03;0.05;4.73;4.67;0.277;50.1;16.88;9.74;4.17;0.73;2.46;4.61;145.1;107.6;23.3;4.9;9.2;2.54;1.48;0.29;0.35
-14;0;100;50;100;15.64;3.5;9.76;0.32;0.35;0.108;49.1;2.92;1.35;0.92;0.15;0.53;4.39;150.2;137.8;2.6;1.1;8.8;0.15;0.12;0.03;0.04;6.04;6.12;0.292;50.9;21.03;12.32;5.11;0.88;2.97;5.37;155.5;102.2;36.7;5.9;10.7;3.01;2.3;0.36;0.46
-14;0;100;100;0;16.92;3.08;8.57;0.48;0.49;0.113;56.2;4.22;2;1.31;0.22;0.77;3.84;144.6;125.8;9.6;1.5;7.7;0.14;0.25;0.04;0.06;4.41;4.41;0.275;43.8;16.06;9.22;4.02;0.66;2.32;4.72;112.8;76.2;22.6;4.6;9.4;2.79;0.99;0.27;0.36
-14;0;100;100;50;16.99;3.8;10.81;0.53;0.55;0.123;56;4.26;2.11;1.31;0.2;0.76;4.84;147.3;128;8.1;1.5;9.7;0.15;0.3;0.04;0.06;6.18;6.21;0.287;44;21.65;12.57;5.39;0.91;3.04;5.97;115.5;74.7;22.8;6.1;11.9;3.92;1.47;0.36;0.46
-14;0;100;100;100;16.97;4.13;11.79;0.53;0.54;0.134;54.2;3.91;1.89;1.2;0.2;0.66;5.2;150.3;132.2;6.4;1.3;10.4;0.14;0.31;0.04;0.05;7.65;7.56;0.298;45.8;25.39;14.91;6.19;1.05;3.47;6.59;126.9;71.9;35;6.9;13.2;4.44;2.17;0.41;0.54
-14;50;0;0;0;16.8;2.04;5.85;0.32;0.33;0.089;36.8;3.46;1.59;1.13;0.17;0.65;2.59;117.4;109;1.9;1.3;5.2;0.22;0.03;0.03;0.05;1.99;2.03;0.221;63.2;9.18;4.95;2.5;0.44;1.39;3.26;201.5;163.7;28.4;2.8;6.5;0.99;0.66;0.16;0.22
-14;50;0;0;50;17.48;2.44;6.96;0.37;0.37;0.094;38.2;3.7;1.78;1.13;0.2;0.7;3.1;122.2;112.8;1.8;1.4;6.2;0.23;0.05;0.04;0.06;2.46;2.47;0.216;61.8;11.48;6.15;3.2;0.53;1.74;3.85;197.5;157;29.4;3.5;7.7;0.99;0.99;0.21;0.28
-14;50;0;0;100;18.26;2.83;7.96;0.33;0.38;0.094;38.1;3.81;1.77;1.22;0.21;0.74;3.53;127.7;117.5;1.7;1.5;7.1;0.23;0.05;0.04;0.05;3.12;3.15;0.23;61.9;13.72;7.44;3.78;0.62;2.09;4.43;207.2;148.6;45.5;4.2;8.9;0.91;1.68;0.23;0.32
-14;50;0;50;0;17.82;2.55;7.38;0.35;0.37;0.092;44.2;3.77;1.74;1.21;0.19;0.68;3.35;119.3;107.7;3.5;1.4;6.7;0.21;0.06;0.04;0.06;3.03;3.12;0.249;55.8;12.6;7.02;3.33;0.56;1.86;4.03;150.7;110.8;28.1;3.7;8.1;1.96;0.67;0.21;0.29
-14;50;0;50;50;18.23;3.21;9.03;0.35;0.37;0.094;44.7;3.71;1.76;1.19;0.2;0.7;3.98;122.5;110.6;2.6;1.4;8;0.22;0.06;0.04;0.05;4.16;4.18;0.25;55.3;16.74;9.38;4.36;0.74;2.51;5.05;151.4;107.3;29;5;10.1;2.51;0.98;0.3;0.38
-14;50;0;50;100;18.78;3.73;10.79;0.37;0.38;0.095;43.5;3.73;1.77;1.16;0.2;0.69;4.7;127.4;115;1.7;1.4;9.4;0.23;0.06;0.04;0.05;5.45;5.55;0.262;56.5;21.2;11.88;5.53;0.98;3.04;6.09;165.6;102;45.3;6.1;12.2;3.03;1.67;0.36;0.49
-14;50;0;100;0;19.53;2.97;8.6;0.4;0.43;0.096;50.9;4.29;1.99;1.39;0.23;0.83;3.87;121.5;105.7;6.4;1.7;7.7;0.21;0.11;0.04;0.06;4.02;4.03;0.263;49.1;15.41;8.55;4.09;0.71;2.14;4.73;117;75.5;27.8;4.3;9.5;2.77;0.66;0.26;0.34
-14;50;0;100;50;19.91;3.78;10.81;0.42;0.44;0.1;51;4.22;1.98;1.32;0.22;0.78;4.83;124.9;108.4;5.2;1.6;9.7;0.21;0.13;0.04;0.06;5.72;5.62;0.266;49;21.2;12.04;5.44;0.89;3;5.98;119.9;73.3;28.7;6;12;3.82;0.97;0.35;0.49
-14;50;0;100;100;20.17;4.43;12.47;0.49;0.49;0.105;48.8;4.45;2.1;1.39;0.26;0.83;5.61;128.9;111.8;4.2;1.7;11.2;0.22;0.15;0.05;0.06;6.94;6.92;0.275;51.2;25.27;14.44;6.44;1.08;3.6;6.87;135.3;70.6;43.8;7.2;13.7;4.36;1.59;0.42;0.55
-14;50;50;0;0;17;2.39;7.02;0.45;0.47;0.094;37.9;4.83;2.24;1.54;0.25;0.91;3.11;121.2;111.4;1.8;1.8;6.2;0.3;0.04;0.05;0.07;2.35;2.35;0.227;62.1;10.35;5.58;2.83;0.51;1.49;3.91;198.3;159.6;28;3;7.8;1.01;0.9;0.18;0.25
-14;50;50;0;50;17.92;2.79;8.1;0.46;0.49;0.096;39.5;4.95;2.37;1.52;0.23;0.88;3.59;126.6;115.9;1.8;1.8;7.2;0.31;0.06;0.05;0.07;2.99;2.98;0.233;60.5;12.79;6.96;3.5;0.62;1.91;4.51;193.8;151.4;29.5;3.8;9;0.93;1.51;0.23;0.31
-14;50;50;0;100;18.63;3.13;9.19;0.5;0.53;0.098;39.4;5.21;2.44;1.63;0.26;0.91;4.06;132.2;120.6;1.6;1.8;8.1;0.32;0.08;0.05;0.08;3.69;3.73;0.246;60.6;15.16;8.39;4.09;0.67;2.22;5.13;203.2;142.8;45.6;4.4;10.3;0.88;2.24;0.26;0.35
-14;50;50;50;0;17.87;2.91;8.26;0.53;0.52;0.096;44.9;5.22;2.44;1.65;0.28;0.96;3.69;121.9;109.2;3.5;1.9;7.4;0.3;0.09;0.05;0.07;3.42;3.32;0.251;55.1;13.27;7.42;3.46;0.61;1.95;4.57;149.5;109;27.5;3.9;9.1;1.92;0.87;0.22;0.3
-14;50;50;50;50;18.29;3.49;10.04;0.5;0.52;0.098;45.9;5.15;2.44;1.63;0.26;0.95;4.43;126.4;113.3;2.3;1.9;8.9;0.31;0.08;0.05;0.07;4.62;4.61;0.26;54.1;17.73;9.93;4.61;0.81;2.54;5.6;149.1;104.1;28.7;5.1;11.2;2.45;1.44;0.3;0.41
-14;50;50;50;100;18.85;4;11.45;0.54;0.54;0.101;44.9;5.2;2.5;1.57;0.29;0.9;5.12;132.4;117.8;2.6;1.8;10.2;0.32;0.09;0.05;0.08;5.88;5.85;0.271;55.1;21.61;12.43;5.38;0.98;3.1;6.34;162.2;98.6;44.6;6.2;12.7;2.86;2.14;0.37;0.48
-14;50;50;100;0;19.41;3.35;9.65;0.61;0.62;0.103;51.3;5.89;2.79;1.85;0.29;1.09;4.24;123.6;106.6;6.4;2.2;8.5;0.29;0.18;0.06;0.08;4.25;4.22;0.264;48.7;16.07;9.05;4.21;0.72;2.26;5.41;117.2;74.8;27.1;4.5;10.8;2.71;0.86;0.27;0.38
-14;50;50;100;50;19.81;4.23;12.06;0.62;0.66;0.107;52.3;6.04;2.82;1.89;0.32;1.09;5.44;130.8;109.9;7.8;2.2;10.9;0.3;0.21;0.06;0.09;6.03;6.01;0.274;47.7;22;12.59;5.56;0.96;3.14;6.63;119.2;72;27.7;6.3;13.3;3.75;1.41;0.37;0.48
-14;50;50;100;100;20.11;4.72;13.56;0.63;0.67;0.11;50;5.9;2.78;1.81;0.31;1.08;5.99;134.5;114.2;6.2;2.2;12;0.31;0.22;0.06;0.08;7.38;7.35;0.281;50;26.19;15.09;6.58;1.15;3.64;7.57;134.2;68.7;43.1;7.3;15.1;4.25;2.09;0.43;0.58
-14;50;100;0;0;16.81;2.82;8.12;0.6;0.62;0.096;39;6.38;3;2.04;0.34;1.19;3.54;125.2;113.2;2.6;2.4;7.1;0.4;0.07;0.06;0.09;2.82;2.74;0.245;61;11.17;6.21;2.99;0.51;1.63;4.58;195.9;156.2;27.2;3.3;9.2;0.99;1.29;0.2;0.26
-14;50;100;0;50;17.71;3.09;9.08;0.65;0.67;0.098;39.1;6.65;3.11;2.1;0.37;1.2;4.08;131.1;118.1;2.4;2.4;8.2;0.42;0.08;0.06;0.1;3.5;3.44;0.256;60.9;13.44;7.44;3.49;0.63;1.89;5;204;147.3;42.9;3.8;10;0.91;2;0.23;0.3
-14;50;100;0;100;18.41;3.57;10.08;0.64;0.72;0.101;40.7;7;3.24;2.22;0.38;1.28;4.44;136.7;122.9;2.3;2.6;8.9;0.44;0.1;0.07;0.1;4.45;4.46;0.279;59.3;15.96;9.18;4.05;0.7;2.29;5.64;199;138.7;44.4;4.6;11.3;0.87;2.96;0.27;0.36
-14;50;100;50;0;17.98;3.33;9.64;0.62;0.71;0.1;46.3;6.94;3.14;2.26;0.37;1.28;4.32;127.8;111.5;5.1;2.6;8.6;0.4;0.13;0.07;0.1;3.7;3.74;0.262;53.7;14.29;8.06;3.76;0.63;2.05;5.33;148;106.2;27.1;4.1;10.7;1.88;1.28;0.25;0.33
-14;50;100;50;50;18.47;3.86;10.93;0.67;0.7;0.102;45;6.71;3.19;2.06;0.35;1.23;4.88;131.8;116.1;3.5;2.5;9.8;0.4;0.13;0.08;0.09;5.07;5.07;0.274;55;18.54;10.57;4.77;0.74;2.63;6.06;160.8;100.7;42.8;5.3;12.1;2.37;1.98;0.3;0.42
-14;50;100;50;100;18.85;4.37;12.42;0.72;0.71;0.102;46.2;6.78;3.22;2.08;0.37;1.23;5.56;136.5;120.6;2.4;2.5;11.1;0.42;0.11;0.07;0.1;6.6;6.61;0.292;53.8;22.65;13.31;5.54;0.98;3.14;6.86;159.2;95.3;43.8;6.3;13.7;2.83;2.91;0.37;0.5
-14;50;100;100;0;19.43;3.77;10.76;0.81;0.82;0.104;52.8;7.71;3.58;2.46;0.4;1.37;4.76;130.1;108.5;9.4;2.7;9.5;0.39;0.25;0.07;0.11;4.63;4.55;0.273;47.2;16.74;9.66;4.17;0.7;2.41;5.99;116.3;73.2;26.3;4.8;12;2.65;1.25;0.28;0.36
-14;50;100;100;50;19.94;4.58;13.11;0.86;0.89;0.111;50.6;7.91;3.69;2.51;0.44;1.43;5.95;135;112.5;7.8;2.9;11.9;0.41;0.28;0.09;0.12;6.41;6.4;0.284;49.4;22.57;13.07;5.61;0.97;3.16;7.16;131.5;70;40.9;6.3;14.3;3.62;1.93;0.36;0.49
-14;50;100;100;100;20.09;4.96;14.34;0.88;0.89;0.115;51;7.61;3.65;2.44;0.36;1.4;6.3;138.1;116.6;6.1;2.8;12.6;0.41;0.29;0.09;0.1;7.93;7.94;0.298;49;26.71;15.48;6.57;1.15;3.56;8.04;132.4;66.7;42.5;7.1;16.1;4.12;2.83;0.42;0.57
-14;100;0;0;0;18.3;2.33;6.56;0.41;0.41;0.092;27.3;4.34;2;1.38;0.23;0.8;2.93;75.6;66.4;1.8;1.6;5.9;0.28;0.03;0.04;0.06;2.27;2.18;0.219;72.7;9.96;5.41;2.65;0.45;1.52;3.63;202.1;160.8;31;3;7.3;1.02;0.74;0.18;0.23
-14;100;0;0;50;19.05;2.76;7.94;0.46;0.46;0.094;28.9;4.7;2.17;1.52;0.27;0.86;3.62;79.9;69.2;1.7;1.7;7.2;0.3;0.04;0.05;0.07;2.71;2.68;0.216;71.1;12.39;6.68;3.4;0.6;1.9;4.32;196.8;152.4;32;3.8;8.6;0.96;1.21;0.22;0.29
-14;100;0;0;100;20.26;3.14;9.22;0.43;0.47;0.095;28.8;4.83;2.22;1.54;0.26;0.82;4.07;84;72.7;1.5;1.6;8.1;0.31;0.05;0.04;0.07;3.52;3.51;0.226;71.2;15.51;8.32;4.28;0.73;2.31;5.14;207.8;142;50.8;4.6;10.3;0.89;1.97;0.28;0.37
-14;100;0;50;0;19.19;2.95;7.96;0.44;0.46;0.094;33.7;4.74;2.26;1.43;0.27;0.93;3.54;77.6;65.2;3.4;1.9;7.1;0.28;0.06;0.05;0.07;3.16;3.23;0.246;66.3;13.19;7.29;3.51;0.6;2.02;4.43;152.9;109.6;30.5;4;8.9;1.96;0.72;0.23;0.32
-14;100;0;50;50;19.57;3.38;9.77;0.46;0.46;0.096;34.7;4.66;2.25;1.42;0.22;0.91;4.34;80.6;67.8;2.3;1.8;8.7;0.29;0.06;0.05;0.07;4.42;4.34;0.248;65.3;17.5;9.8;4.6;0.75;2.47;5.43;151.8;104.5;31.6;4.9;10.9;2.46;1.19;0.28;0.41
-14;100;0;50;100;20.57;4.14;11.61;0.46;0.47;0.096;33.6;4.77;2.25;1.51;0.25;0.86;5.2;84.7;71;1.6;1.7;10.4;0.3;0.05;0.05;0.07;5.78;5.71;0.258;66.4;22.2;12.51;5.77;0.96;3.28;6.41;167.3;98;50;6.6;12.8;2.92;1.9;0.4;0.5
-14;100;0;100;0;20.77;3.15;9.2;0.48;0.49;0.095;40.2;5;2.3;1.61;0.24;0.91;4.02;80.3;64.1;6.3;1.8;8;0.27;0.11;0.05;0.07;4.08;4.06;0.258;59.8;15.78;8.91;4.07;0.68;2.24;5.17;119.4;74.6;30;4.5;10.3;2.72;0.72;0.25;0.37
-14;100;0;100;50;21.22;4.07;11.56;0.53;0.54;0.1;40.7;5.24;2.38;1.69;0.27;0.94;5.09;83.5;66.1;5.3;1.9;10.2;0.28;0.13;0.06;0.07;5.83;5.77;0.265;59.3;21.86;12.42;5.59;0.93;3.12;6.46;121.9;71.8;30.9;6.2;12.9;3.75;1.16;0.38;0.49
-14;100;0;100;100;21.74;4.67;13.41;0.55;0.57;0.103;38.4;5.41;2.55;1.74;0.28;0.97;5.87;86.7;69;4.1;1.9;11.7;0.29;0.15;0.06;0.07;7.08;7.07;0.269;61.6;26.3;14.93;6.68;1.12;3.7;7.55;139;68;48.4;7.4;15.1;4.18;1.84;0.45;0.59
-14;100;50;0;0;19.36;2.8;8.31;0.56;0.59;0.094;28.6;6.15;2.9;1.91;0.33;1.13;3.65;79.8;68.4;1.8;2.3;7.3;0.4;0.04;0.06;0.09;2.61;2.52;0.219;71.4;11.51;6.19;3.15;0.51;1.68;4.65;199.5;154.7;32.1;3.4;9.3;0.96;1.09;0.19;0.27
-14;100;50;0;50;20.26;3.33;9.63;0.62;0.64;0.096;28.7;6.61;3.1;2.12;0.35;1.21;4.28;84.3;71.7;1.6;2.4;8.6;0.43;0.05;0.07;0.1;3.27;3.31;0.235;71.3;14.1;7.65;3.78;0.65;2.12;5.35;210;144.9;50.2;4.2;10.7;0.89;1.85;0.24;0.33
-14;100;50;0;100;21.3;3.87;10.74;0.68;0.68;0.097;30.3;6.9;3.26;2.15;0.36;1.3;4.82;88.6;74.9;1.5;2.6;9.6;0.45;0.07;0.07;0.1;4.13;4.12;0.243;69.7;16.91;9.38;4.41;0.79;2.57;5.92;204.5;135.2;52.3;5.1;11.8;0.85;2.6;0.29;0.38
-14;100;50;50;0;20.14;3.39;9.53;0.64;0.64;0.096;34.9;6.5;3.1;2.01;0.34;1.24;4.26;81.4;67.1;3.2;2.5;8.5;0.39;0.08;0.07;0.1;3.57;3.52;0.244;65.1;14.47;8.07;3.82;0.65;2.15;5.27;151.9;105.7;31.4;4.3;10.5;1.91;1.04;0.25;0.32
-14;100;50;50;50;20.79;3.94;11.38;0.62;0.67;0.098;33.9;6.72;3.04;2.17;0.37;1.19;5.12;85.4;70.4;2.4;2.4;10.2;0.42;0.08;0.07;0.1;4.83;4.92;0.259;66.1;19.07;10.64;4.96;0.82;2.75;6.26;166.5;99.3;49.2;5.5;12.5;2.35;1.81;0.33;0.44
-14;100;50;50;100;21.52;4.55;13.13;0.67;0.69;0.099;35;6.85;3.24;2.11;0.38;1.25;5.74;89.5;73.2;2.3;2.5;11.5;0.43;0.09;0.07;0.1;6.2;6.23;0.266;65;23.44;13.14;6.12;1.06;3.3;7.39;166.2;93.5;51.3;6.6;14.8;2.76;2.55;0.39;0.53
-14;100;50;100;0;21.41;3.84;10.96;0.7;0.74;0.1;41.3;7.29;3.37;2.33;0.4;1.34;4.83;84.3;65.9;6;2.7;9.7;0.4;0.17;0.07;0.1;4.41;4.38;0.256;58.7;17.16;9.65;4.46;0.74;2.5;6.13;120;72.1;30.6;5;12.3;2.64;1.05;0.3;0.39
-14;100;50;100;50;22.17;4.65;13.21;0.77;0.79;0.104;39.4;7.42;3.49;2.39;0.36;1.31;5.87;90.1;68.1;7.6;2.6;11.7;0.4;0.2;0.08;0.11;6.27;6.26;0.272;60.6;23.1;13.2;5.87;1;3.34;7.34;138.4;69.3;47.8;6.7;14.7;3.61;1.75;0.39;0.51
-14;100;50;100;100;22.85;5.42;14.97;0.83;0.83;0.108;40.1;7.59;3.67;2.33;0.4;1.44;6.64;93.4;71.3;6;2.9;13.3;0.42;0.22;0.08;0.11;7.47;7.55;0.276;59.9;27.44;15.87;6.84;1.18;3.98;8.33;139.4;65;49.8;8;16.7;3.99;2.5;0.46;0.6
-14;100;100;0;0;19.68;3.29;9.51;0.74;0.76;0.096;30.2;7.79;3.61;2.44;0.45;1.43;4.29;84.2;70.3;2.4;2.9;8.6;0.51;0.05;0.08;0.12;3.08;3.05;0.239;69.8;12.78;7.04;3.42;0.58;1.86;5.21;195.2;149;32;3.7;10.4;0.95;1.6;0.22;0.28
-14;100;100;0;50;20.46;3.7;11.03;0.74;0.83;0.098;30.2;8.36;3.9;2.71;0.45;1.55;4.88;88.7;73.6;2.2;3.1;9.8;0.54;0.07;0.09;0.14;3.97;3.92;0.252;69.8;15.57;8.64;4.1;0.71;2.15;6.15;205.5;139.1;49.8;4.3;12.3;0.88;2.42;0.25;0.37
-14;100;100;0;100;21.83;4.13;12.04;0.84;0.86;0.099;31.8;8.59;4;2.74;0.46;1.57;5.29;93.1;77.2;2.2;3.1;10.6;0.56;0.09;0.09;0.12;5.11;5.13;0.277;68.2;18.51;10.55;4.71;0.86;2.56;6.76;199.6;128.3;52.6;5.1;13.5;0.81;3.61;0.31;0.41
-14;100;100;50;0;20.52;3.8;10.8;0.78;0.82;0.099;36.6;8.17;3.79;2.56;0.46;1.49;4.82;86.6;69.2;4.8;3;9.6;0.49;0.12;0.09;0.12;4.11;4;0.255;63.4;15.73;8.91;4.07;0.68;2.32;5.99;149.9;101.6;31.7;4.6;12;1.79;1.59;0.27;0.36
-14;100;100;50;50;21.08;4.43;12.71;0.81;0.85;0.1;35.5;8.38;3.96;2.67;0.45;1.57;5.68;90.2;72.4;3.3;3.1;11.4;0.53;0.11;0.09;0.12;5.52;5.46;0.269;64.5;20.32;11.49;5.29;0.85;2.86;7.03;164;95.1;49.1;5.7;14.1;2.25;2.4;0.35;0.46
-14;100;100;50;100;21.96;4.94;14.16;0.83;0.87;0.1;36.7;8.53;4.02;2.66;0.48;1.57;6.29;94;75.9;2.3;3.1;12.6;0.55;0.11;0.09;0.12;7.1;7.03;0.289;63.3;24.4;14.15;6.03;1.05;3.37;7.87;162.4;88.2;51.8;6.7;15.7;2.56;3.55;0.4;0.52
-14;100;100;100;0;21.72;4.25;12.23;0.86;0.94;0.103;43;9.09;4.25;2.86;0.5;1.65;5.4;90.3;67.2;9;3.3;10.8;0.49;0.23;0.09;0.14;4.91;4.82;0.266;57;18.16;10.41;4.55;0.78;2.6;6.83;119.5;70.4;30.3;5.2;13.7;2.59;1.52;0.31;0.41
-14;100;100;100;50;22.33;4.96;14.43;0.96;0.99;0.107;40.4;9.13;4.31;2.9;0.46;1.64;6.38;93.1;69.8;7.3;3.3;12.8;0.5;0.27;0.09;0.13;6.78;6.71;0.279;59.6;24.06;13.86;6.05;1.03;3.32;8.06;137.2;67;47.4;6.6;16.1;3.49;2.3;0.39;0.53
-14;100;100;100;100;22.92;5.49;16.21;0.99;1;0.109;41.1;9.13;4.25;2.91;0.51;1.63;7.09;96.2;73.4;5.4;3.3;14.2;0.53;0.26;0.08;0.13;8.22;8.34;0.294;58.9;28.42;16.5;7.13;1.28;3.85;9.12;138;62.2;49.8;7.7;18.2;3.84;3.42;0.44;0.64
-13;0;0;0;0;14.2;1.8;4.82;0.22;0.22;0.083;40.4;2.28;1.08;0.69;0.13;0.45;2.09;135.3;128.4;1.9;0.9;4.2;0.13;0.03;0.03;0.03;1.94;1.9;0.224;59.6;8.54;4.67;2.33;0.38;1.35;2.73;199.5;167.5;23.9;2.7;5.5;0.98;0.56;0.16;0.2
-13;0;0;0;50;14.85;1.99;5.63;0.23;0.24;0.087;41.6;2.37;1.13;0.77;0.11;0.46;2.56;139.8;132;1.8;0.9;5.1;0.13;0.04;0.03;0.04;2.15;2.2;0.217;58.4;10.12;5.38;2.8;0.48;1.54;3.07;196.1;162.1;24.9;3.1;6.1;0.96;0.81;0.18;0.25
-13;0;0;0;100;15.16;2.23;6.45;0.25;0.27;0.091;41.3;2.56;1.18;0.81;0.13;0.47;2.88;144.1;135.7;1.7;0.9;5.8;0.15;0.06;0.03;0.04;2.68;2.61;0.22;58.7;11.86;6.41;3.24;0.55;1.77;3.57;205;156.5;37.8;3.5;7.1;0.94;1.19;0.2;0.28
-13;0;0;50;0;15.79;2.29;6.54;0.29;0.29;0.09;48.2;2.84;1.36;0.86;0.16;0.51;2.93;137.6;126.3;4.4;1;5.9;0.14;0.07;0.03;0.04;2.78;2.89;0.245;51.8;11.83;6.47;3.15;0.58;1.79;3.61;148;113.7;23.6;3.6;7.2;1.84;0.57;0.2;0.27
-13;0;0;50;50;15.84;2.68;7.71;0.25;0.28;0.093;48.7;2.65;1.22;0.87;0.13;0.46;3.55;140.5;129.2;3.3;0.9;7.1;0.13;0.08;0.03;0.04;3.84;3.78;0.249;51.3;15.22;8.46;3.87;0.72;2.22;4.16;147.8;110.8;24.3;4.4;8.3;2.41;0.78;0.25;0.34
-13;0;0;50;100;15.85;3.18;9.37;0.26;0.28;0.096;47.3;2.6;1.24;0.82;0.14;0.49;4.22;144;132.3;2.3;1;8.4;0.14;0.08;0.03;0.04;5;4.86;0.254;52.7;19.21;10.76;5.06;0.86;2.69;5.14;160.3;107.7;36.9;5.4;10.3;2.95;1.17;0.31;0.44
-13;0;0;100;0;17.33;2.76;7.61;0.34;0.34;0.094;55;3.29;1.55;1.01;0.2;0.62;3.37;138.8;123.7;7.2;1.2;6.7;0.13;0.12;0.04;0.05;3.63;3.68;0.258;45;14.32;8.08;3.74;0.62;2.14;4.25;113.4;77.5;23.1;4.3;8.5;2.57;0.54;0.24;0.33
-13;0;0;100;50;17.61;3.6;9.94;0.36;0.38;0.103;54.6;3.42;1.65;1.05;0.17;0.63;4.38;141.1;124.6;6.5;1.3;8.8;0.13;0.16;0.04;0.05;5.23;5.19;0.263;45.4;19.76;11.27;5.13;0.86;2.96;5.55;117.4;76.9;23.4;5.9;11.1;3.64;0.75;0.35;0.44
-13;0;0;100;100;17.73;4.13;11.37;0.44;0.42;0.11;52.7;3.53;1.71;1.05;0.2;0.63;5.06;144.9;128.2;5.3;1.3;10.1;0.14;0.19;0.04;0.05;6.37;6.29;0.265;47.3;23.83;13.55;6.04;1.05;3.5;6.31;130;74.5;35.8;7;12.6;4.22;1.14;0.4;0.52
-13;0;50;0;0;13.81;1.8;5.23;0.23;0.25;0.086;41;2.52;1.2;0.8;0.14;0.48;2.33;137;129.7;1.7;1;4.7;0.15;0.04;0.03;0.04;2.06;2.06;0.228;59;9.06;4.9;2.46;0.43;1.32;2.9;197;165.5;23.1;2.6;5.8;0.97;0.72;0.16;0.22
-13;0;50;0;50;14.68;2.08;6.14;0.29;0.29;0.093;42.5;2.72;1.25;0.91;0.14;0.49;2.79;142.4;134;1.8;1;5.6;0.15;0.07;0.03;0.04;2.56;2.57;0.234;57.5;10.95;6.01;2.95;0.48;1.59;3.34;193;159;24.2;3.2;6.7;0.94;1.18;0.18;0.26
-13;0;50;0;100;15.04;2.33;6.73;0.28;0.31;0.097;42.1;2.82;1.31;0.85;0.18;0.52;2.98;146.6;137.9;1.7;1;6;0.16;0.08;0.03;0.04;3.15;3.14;0.247;57.9;12.71;6.98;3.39;0.6;1.81;3.75;201.3;153.2;37;3.6;7.5;0.91;1.72;0.21;0.3
-13;0;50;50;0;15.24;2.32;6.71;0.32;0.33;0.096;48.4;3.14;1.47;0.99;0.16;0.58;3.04;138;126.5;4.3;1.2;6.1;0.14;0.11;0.03;0.05;3.07;3.02;0.25;51.6;12.1;6.7;3.22;0.55;1.75;3.67;146.9;113.5;22.6;3.5;7.3;1.86;0.69;0.21;0.26
-13;0;50;50;50;15.38;2.84;8.16;0.38;0.36;0.102;49;3.21;1.55;0.98;0.18;0.58;3.69;141.4;129.5;3.4;1.2;7.4;0.15;0.13;0.03;0.05;4.06;4.11;0.261;51;15.79;8.83;4.09;0.72;2.26;4.47;146.8;110.5;22.9;4.5;8.9;2.39;1.08;0.28;0.35
-13;0;50;50;100;15.63;3.31;9.59;0.33;0.33;0.102;48.3;2.92;1.41;0.87;0.16;0.54;4.39;147.4;134.2;3.3;1.1;8.8;0.15;0.11;0.03;0.04;5.36;5.32;0.269;51.7;19.79;11.21;5.11;0.88;2.77;5.21;157.5;105.8;35.8;5.5;10.4;2.9;1.66;0.32;0.44
-13;0;50;100;0;17.16;2.98;8.34;0.46;0.46;0.109;55.4;4.09;2;1.29;0.2;0.76;3.77;140.5;124.1;7.3;1.5;7.5;0.14;0.21;0.05;0.06;3.96;3.93;0.26;44.6;15.15;8.52;3.9;0.67;2.22;4.56;113.2;77.3;22.4;4.4;9.1;2.62;0.71;0.25;0.34
-13;0;50;100;50;17.31;3.67;10.41;0.48;0.49;0.116;55.7;4.06;1.91;1.29;0.22;0.75;4.68;146.1;125.7;9.5;1.5;9.4;0.14;0.25;0.05;0.06;5.49;5.54;0.271;44.3;20.54;11.62;5.29;0.89;2.92;5.73;116;76.2;22.5;5.8;11.5;3.66;1.09;0.35;0.45
-13;0;50;100;100;17.11;4.07;11.82;0.53;0.52;0.124;53.7;3.96;1.95;1.18;0.21;0.69;5.27;148.6;129;7.7;1.4;10.5;0.15;0.27;0.04;0.06;6.77;6.72;0.277;46.3;24.3;13.94;6.12;1.11;3.38;6.55;128.2;74;34.3;6.8;13.1;4.2;1.59;0.39;0.54
-13;0;100;0;0;13.65;1.89;5.65;0.29;0.29;0.093;41.8;2.82;1.3;0.87;0.18;0.5;2.56;140;131.1;2.8;1;5.1;0.16;0.07;0.03;0.04;2.29;2.31;0.239;58.2;9.68;5.2;2.67;0.45;1.39;3.08;194.7;163.4;22.3;2.8;6.2;0.96;0.98;0.16;0.22
-13;0;100;0;50;14.2;2.24;6.33;0.31;0.32;0.1;43.2;2.96;1.38;0.91;0.17;0.56;2.8;144.7;135.3;2.7;1.1;5.6;0.16;0.09;0.03;0.04;2.95;2.87;0.25;56.9;11.52;6.46;3.04;0.48;1.67;3.53;190.6;157.1;23.2;3.3;7.1;0.91;1.51;0.19;0.27
-13;0;100;0;100;14.65;2.46;6.97;0.4;0.37;0.107;43.1;3.17;1.55;0.95;0.17;0.55;3.13;149.5;139.5;2.6;1.1;6.3;0.17;0.12;0.04;0.05;3.63;3.59;0.272;56.9;13.25;7.69;3.27;0.58;1.91;3.84;197.6;150.7;35.4;3.8;7.7;0.88;2.2;0.22;0.29
-13;0;100;50;0;15.08;2.58;7.22;0.4;0.42;0.108;49.4;3.61;1.71;1.17;0.21;0.62;3.2;142.1;128.2;6.3;1.2;6.4;0.15;0.17;0.04;0.05;3.33;3.29;0.257;50.6;12.87;7.28;3.37;0.57;1.95;4.02;145.6;111.8;21.8;3.9;8;1.81;0.96;0.23;0.3
-13;0;100;50;50;15.27;3.02;8.68;0.4;0.41;0.114;50;3.42;1.66;1.03;0.2;0.63;3.96;145.6;131.4;5;1.3;7.9;0.15;0.17;0.04;0.05;4.42;4.47;0.268;50;16.68;9.47;4.3;0.75;2.39;4.72;145.3;108.6;22.4;4.8;9.4;2.37;1.46;0.28;0.36
-13;0;100;50;100;15.27;3.39;9.88;0.39;0.42;0.116;49;3.38;1.56;1.1;0.17;0.57;4.41;149.2;135.6;3.6;1.1;8.8;0.17;0.18;0.03;0.05;5.78;5.74;0.283;51;20.28;11.69;5.09;0.87;2.81;5.47;155.1;104.4;34.2;5.6;10.9;2.84;2.13;0.32;0.45
-13;0;100;100;0;16.76;3.1;8.83;0.57;0.56;0.119;56.2;4.55;2.23;1.38;0.25;0.85;3.99;144.9;124.2;11;1.7;8;0.14;0.31;0.05;0.06;4.06;4.14;0.266;43.8;15.63;8.79;4.06;0.69;2.25;4.85;112.8;77.2;21.4;4.5;9.7;2.59;0.94;0.26;0.35
-13;0;100;100;50;16.73;3.82;10.79;0.61;0.6;0.127;55.9;4.6;2.23;1.38;0.26;0.78;4.81;146.5;126;9.3;1.6;9.6;0.15;0.34;0.05;0.06;5.86;5.81;0.277;44.1;20.98;12.03;5.39;0.9;3.05;5.99;115.3;76;21.2;6.1;12;3.65;1.37;0.34;0.46
-13;0;100;100;100;16.8;4.24;12.01;0.62;0.64;0.142;54.4;4.36;2.14;1.33;0.23;0.78;5.45;150.8;130.8;7.6;1.6;10.9;0.15;0.38;0.05;0.06;7.22;7.16;0.288;45.6;24.91;14.48;6.24;1.05;3.47;6.56;126;72.8;33.1;6.9;13.1;4.14;2.08;0.42;0.53
-13;50;0;0;0;16.57;2.14;5.95;0.35;0.35;0.091;36.9;3.64;1.72;1.2;0.18;0.69;2.67;117.6;109;1.9;1.4;5.3;0.23;0.03;0.04;0.05;2.01;2.02;0.217;63.1;9.3;5.03;2.5;0.44;1.44;3.28;201;163.8;27.8;2.9;6.6;0.97;0.66;0.17;0.22
-13;50;0;0;50;17.2;2.36;7.01;0.36;0.36;0.091;38.2;3.69;1.67;1.22;0.22;0.66;3.14;122;112.7;1.7;1.3;6.3;0.23;0.04;0.04;0.06;2.43;2.38;0.21;61.8;11.31;6.05;3.13;0.53;1.7;3.87;197.1;157.2;28.8;3.4;7.7;0.94;0.98;0.19;0.27
-13;50;0;0;100;18.07;2.83;7.98;0.39;0.4;0.097;38.1;3.9;1.78;1.27;0.2;0.71;3.53;127.5;117.3;1.7;1.4;7.1;0.24;0.05;0.05;0.06;3.05;3.11;0.226;61.9;13.75;7.4;3.77;0.63;2.11;4.45;207;148.9;44.9;4.2;8.9;0.88;1.67;0.24;0.32
-13;50;0;50;0;17.75;2.58;7.49;0.36;0.4;0.094;44.2;4.08;1.88;1.26;0.24;0.7;3.37;119.4;106.9;4.3;1.4;6.7;0.23;0.07;0.04;0.06;2.96;3;0.241;55.8;12.45;6.88;3.36;0.57;1.87;4.12;150.7;111.7;27;3.7;8.2;1.84;0.64;0.23;0.3
-13;50;0;50;50;18.17;3.22;9.01;0.39;0.41;0.097;44.8;4.06;1.87;1.33;0.2;0.74;4.01;122.8;109.9;3.4;1.5;8;0.22;0.09;0.05;0.06;4.01;3.98;0.242;55.2;16.48;9.13;4.37;0.69;2.48;5.01;151.1;108.1;28;5;10;2.35;0.95;0.3;0.38
-13;50;0;50;100;18.49;3.74;10.65;0.37;0.42;0.099;43.8;4.02;1.8;1.33;0.23;0.72;4.86;127.8;114.4;2.2;1.4;9.7;0.23;0.08;0.04;0.06;5.29;5.21;0.255;56.2;20.53;11.59;5.35;0.85;3.02;5.79;163.8;102.7;43.4;6;11.6;2.81;1.61;0.34;0.45
-13;50;0;100;0;19.31;3.02;8.51;0.43;0.45;0.096;51;4.47;2.11;1.42;0.22;0.81;3.78;121.3;105.1;7;1.6;7.6;0.21;0.13;0.05;0.07;3.82;3.79;0.252;49;15.06;8.42;3.92;0.65;2.21;4.74;116.6;75.9;26.8;4.4;9.5;2.54;0.64;0.27;0.35
-13;50;0;100;50;19.34;3.79;11.02;0.49;0.5;0.102;51;4.77;2.26;1.48;0.25;0.87;4.94;124.4;106.7;6.1;1.7;9.9;0.23;0.16;0.05;0.07;5.44;5.31;0.257;49;20.67;11.66;5.31;0.93;2.92;6.08;119.3;74.7;26.7;5.8;12.2;3.59;0.9;0.35;0.46
-13;50;0;100;100;20.21;4.43;12.75;0.53;0.52;0.106;49;4.72;2.17;1.5;0.28;0.8;5.75;129.5;111.3;5.1;1.6;11.5;0.23;0.18;0.05;0.07;6.59;6.6;0.264;51;25.06;14.29;6.39;1.08;3.63;7;134.8;70.9;42.6;7.3;14;4.02;1.58;0.43;0.57
-13;50;50;0;0;16.51;2.49;7.06;0.51;0.49;0.094;37.9;5.03;2.38;1.58;0.27;0.94;3.16;121;111.1;1.7;1.9;6.3;0.32;0.04;0.06;0.07;2.29;2.23;0.221;62.1;10.08;5.52;2.7;0.49;1.55;3.9;198;160;27.2;3.1;7.8;0.93;0.88;0.18;0.24
-13;50;50;0;50;17.2;2.88;8.04;0.54;0.53;0.097;39.6;5.3;2.51;1.66;0.29;0.97;3.68;126.3;115.3;1.7;1.9;7.4;0.33;0.06;0.06;0.08;2.82;2.85;0.231;60.4;12.35;6.78;3.34;0.54;1.91;4.36;193.1;152.5;28.1;3.8;8.7;0.92;1.41;0.23;0.29
-13;50;50;0;100;18.13;3.19;9.23;0.55;0.55;0.099;39.4;5.46;2.55;1.77;0.27;0.99;4.16;131.7;119.8;1.6;2;8.3;0.34;0.08;0.05;0.08;3.58;3.6;0.244;60.6;14.78;8.31;3.87;0.67;2.2;5.06;202.8;144.3;44;4.4;10.1;0.87;2.14;0.25;0.35
-13;50;50;50;0;17.77;2.95;8.33;0.52;0.56;0.097;45.2;5.58;2.62;1.74;0.3;1.01;3.82;122.7;108.7;4.3;2;7.6;0.31;0.1;0.06;0.09;3.11;3.12;0.243;54.8;12.89;7.08;3.42;0.56;1.94;4.51;148.9;109.5;26.5;3.9;9;1.76;0.84;0.23;0.29
-13;50;50;50;50;18.18;3.58;10.23;0.57;0.59;0.101;46.1;5.69;2.68;1.77;0.32;1.03;4.68;127;112.5;3.1;2.1;9.4;0.33;0.12;0.06;0.09;4.19;4.33;0.253;53.9;17.13;9.57;4.44;0.79;2.55;5.54;148.6;105;27.3;5.1;11.1;2.27;1.37;0.29;0.39
-13;50;50;50;100;18.68;4.13;11.82;0.57;0.59;0.102;45.1;5.65;2.63;1.78;0.33;1;5.32;132.9;117.2;3.1;2;10.6;0.34;0.11;0.06;0.08;5.66;5.66;0.264;54.9;21.51;12.28;5.44;0.94;3.14;6.5;161.7;99.4;43;6.3;13;2.73;2.09;0.35;0.49
-13;50;50;100;0;19.45;3.45;9.77;0.66;0.68;0.104;51.6;6.35;3.02;1.99;0.33;1.18;4.39;124.2;105.9;7.2;2.4;8.8;0.3;0.21;0.08;0.09;3.93;3.95;0.254;48.4;15.59;8.66;4.11;0.69;2.27;5.38;116.5;75.3;25.9;4.5;10.8;2.52;0.82;0.25;0.36
-13;50;50;100;50;19.73;4.32;12.08;0.69;0.69;0.108;52.5;6.34;2.99;1.99;0.35;1.15;5.41;131.4;109.5;8.7;2.3;10.8;0.32;0.22;0.07;0.09;5.73;5.7;0.264;47.5;21.65;12.28;5.57;0.93;3.17;6.67;118.9;72.4;26.8;6.3;13.3;3.48;1.37;0.36;0.49
-13;50;50;100;100;20.01;4.78;13.74;0.73;0.76;0.115;50.1;6.57;3.05;2.06;0.36;1.15;6.14;134.3;112.4;7.3;2.3;12.3;0.33;0.27;0.07;0.1;7.02;6.93;0.272;49.9;25.51;14.6;6.5;1.1;3.63;7.61;133.6;70.1;41;7.3;15.2;3.99;1.98;0.41;0.55
-13;50;100;0;0;16.85;3;8.35;0.62;0.66;0.097;39.3;6.72;3.1;2.09;0.39;1.26;3.78;126.3;113.6;2.7;2.5;7.6;0.43;0.07;0.08;0.09;2.6;2.65;0.239;60.7;11.12;6.17;2.94;0.49;1.73;4.57;194.9;155.6;26.8;3.5;9.1;0.91;1.3;0.19;0.26
-13;50;100;0;50;17.26;3.19;9.22;0.71;0.71;0.099;39.2;7.02;3.3;2.2;0.35;1.28;4.19;131;117.5;2.5;2.6;8.4;0.45;0.08;0.07;0.11;3.27;3.32;0.252;60.8;13.16;7.28;3.47;0.59;1.9;5.03;203.4;148.4;41.1;3.8;10.1;0.88;1.94;0.22;0.28
-13;50;100;0;100;18.15;3.48;10.21;0.73;0.75;0.102;40.7;7.18;3.4;2.23;0.4;1.29;4.57;136.5;122.4;2.4;2.6;9.1;0.45;0.11;0.08;0.11;4.3;4.31;0.276;59.3;15.63;8.9;3.96;0.7;2.19;5.64;198.7;139.6;43.4;4.4;11.3;0.82;2.89;0.25;0.35
-13;50;100;50;0;17.83;3.31;9.69;0.75;0.76;0.103;46.2;7.25;3.42;2.24;0.39;1.26;4.25;127.6;110.6;6;2.5;8.5;0.41;0.16;0.08;0.1;3.53;3.56;0.254;53.8;14.02;7.82;3.69;0.6;2.06;5.43;148.4;107.3;26.1;4.1;10.9;1.75;1.25;0.23;0.32
-13;50;100;50;50;18.31;3.96;11.19;0.81;0.8;0.105;45.3;7.54;3.52;2.38;0.41;1.34;5.08;132.5;114.8;4.8;2.7;10.2;0.44;0.17;0.09;0.11;4.74;4.73;0.267;54.7;17.78;10.22;4.46;0.75;2.63;6.11;159.9;102.2;40.3;5.3;12.2;2.15;1.89;0.3;0.4
-13;50;100;50;100;18.62;4.33;12.61;0.8;0.8;0.106;46;7.36;3.49;2.26;0.42;1.35;5.53;136;119;3.2;2.7;11.1;0.45;0.16;0.08;0.11;6.36;6.26;0.285;54;22.01;12.76;5.47;0.95;2.98;7.07;159.2;97.2;41.9;6;14.1;2.66;2.78;0.34;0.48
-13;50;100;100;0;19.24;3.88;11.3;0.88;0.92;0.109;53;8.35;3.96;2.64;0.47;1.5;5.09;131.2;107.3;10.7;3;10.2;0.41;0.3;0.09;0.12;4.27;4.31;0.263;47;16.4;9.21;4.35;0.71;2.38;6.21;116.2;74.1;24.8;4.8;12.4;2.47;1.2;0.27;0.37
-13;50;100;100;50;19.71;4.69;13.21;0.97;0.95;0.113;50.6;8.31;3.98;2.59;0.41;1.51;5.89;134.5;110.7;9;3;11.8;0.41;0.33;0.09;0.12;6.11;6.11;0.275;49.4;22.24;12.69;5.62;1;3.18;7.32;131.3;71.5;38.9;6.4;14.6;3.43;1.83;0.37;0.49
-13;50;100;100;100;19.79;5.1;14.71;0.94;0.98;0.12;51;8.14;3.92;2.54;0.42;1.47;6.49;137.7;114.7;7.1;2.9;13;0.42;0.36;0.08;0.12;7.54;7.58;0.289;49;26.3;15.2;6.65;1.13;3.63;8.22;132.1;68.2;40.2;7.3;16.4;3.88;2.68;0.45;0.57
-13;100;0;0;0;18.35;2.29;6.79;0.4;0.43;0.092;27.3;4.44;1.99;1.42;0.26;0.81;3.02;75.9;66.4;1.8;1.6;6;0.28;0.03;0.05;0.06;2.13;2.11;0.211;72.7;9.97;5.32;2.77;0.47;1.49;3.77;202.2;160.8;30.9;3;7.5;0.95;0.75;0.17;0.24
-13;100;0;0;50;19.21;2.78;7.88;0.42;0.45;0.094;28.8;4.56;2.11;1.41;0.26;0.86;3.54;79.6;69.1;1.7;1.7;7.1;0.29;0.04;0.05;0.07;2.65;2.66;0.212;71.2;12.52;6.73;3.51;0.59;1.92;4.35;197.5;152.7;32.2;3.8;8.7;0.91;1.2;0.22;0.32
-13;100;0;0;100;20.08;3.21;9.08;0.46;0.48;0.096;28.7;4.86;2.2;1.59;0.25;0.85;4.11;83.8;72.4;1.5;1.7;8.2;0.31;0.05;0.05;0.07;3.34;3.38;0.223;71.3;15.15;8.16;4.03;0.74;2.36;4.97;208.2;142.9;50.6;4.7;9.9;0.85;1.92;0.27;0.35
-13;100;0;50;0;19.87;2.85;8.17;0.47;0.47;0.095;34.1;4.82;2.31;1.47;0.28;0.87;3.71;78.9;65.4;4.3;1.7;7.4;0.28;0.07;0.05;0.07;3.11;3.06;0.233;65.9;13.11;7.24;3.44;0.6;1.97;4.46;152.8;109.1;30.8;3.9;8.9;1.78;0.76;0.22;0.29
-13;100;0;50;50;19.96;3.49;9.9;0.5;0.51;0.098;35;5.02;2.32;1.62;0.27;0.91;4.44;81.7;67.8;3.2;1.8;8.9;0.3;0.07;0.06;0.08;4.25;4.17;0.239;65;17.46;9.69;4.57;0.79;2.58;5.46;151.9;104.4;31.3;5.2;10.9;2.27;1.2;0.3;0.4
-13;100;0;50;100;20.98;4.12;11.97;0.47;0.49;0.098;33.8;4.87;2.28;1.58;0.26;0.87;5.35;85.6;71;2.2;1.7;10.7;0.3;0.07;0.05;0.07;5.46;5.48;0.248;66.2;22.11;12.23;5.9;1;3.25;6.62;167.5;98;49.8;6.5;13.2;2.67;1.94;0.37;0.5
-13;100;0;100;0;21.06;3.21;9.26;0.54;0.53;0.096;40.5;5.32;2.52;1.65;0.28;0.94;4.17;81.2;63.8;7.1;1.9;8.3;0.27;0.12;0.05;0.08;3.9;3.86;0.248;59.5;15.6;8.66;4.06;0.74;2.27;5.08;119.4;74.9;29.8;4.5;10.2;2.52;0.72;0.27;0.35
-13;100;0;100;50;21.64;4.12;11.8;0.53;0.58;0.102;40.8;5.58;2.57;1.79;0.29;1.04;5.21;84.3;65.7;6;2.1;10.4;0.28;0.16;0.07;0.07;5.56;5.45;0.254;59.2;21.56;12.02;5.59;0.97;3.08;6.58;122.4;72.4;30.7;6.2;13.2;3.46;1.15;0.35;0.49
-13;100;0;100;100;22.3;4.79;13.76;0.57;0.6;0.105;38.8;5.58;2.58;1.79;0.31;1.01;6.26;88.1;68.8;4.8;2;12.5;0.29;0.17;0.06;0.08;6.73;6.74;0.259;61.2;26.06;14.61;6.82;1.15;3.78;7.5;139.1;68.3;48.3;7.6;15;3.88;1.84;0.43;0.59
-13;100;50;0;0;19.01;2.94;8.38;0.65;0.64;0.096;28.8;6.6;3.08;2.11;0.33;1.22;3.87;80.3;68.4;1.7;2.4;7.7;0.43;0.04;0.08;0.1;2.48;2.42;0.215;71.2;11.24;6.1;3.01;0.53;1.72;4.51;198.6;154.8;31.3;3.4;9;0.91;1.05;0.2;0.27
-13;100;50;0;50;19.83;3.35;9.67;0.63;0.67;0.097;28.6;6.8;3.2;2.17;0.34;1.27;4.24;84;71.3;1.6;2.5;8.5;0.44;0.06;0.08;0.1;3.31;3.28;0.232;71.4;14.12;7.77;3.76;0.69;2.08;5.43;209.9;146;48.8;4.2;10.9;0.89;1.81;0.24;0.34
-13;100;50;0;100;20.86;3.77;10.79;0.71;0.72;0.099;30.3;7.15;3.31;2.27;0.39;1.29;4.87;88.5;74.7;1.5;2.6;9.7;0.46;0.07;0.08;0.11;4.09;4.04;0.241;69.7;16.78;9.28;4.45;0.8;2.48;5.92;203.9;135.9;51.2;5;11.8;0.81;2.55;0.3;0.39
-13;100;50;50;0;20.29;3.38;9.97;0.67;0.69;0.097;35.1;7;3.33;2.19;0.37;1.29;4.36;82.4;67;4.1;2.6;8.7;0.41;0.1;0.07;0.1;3.44;3.4;0.235;64.9;14.49;7.92;3.99;0.67;2.09;5.61;152.2;106.1;30.7;4.2;11.2;1.74;1.05;0.25;0.36
-13;100;50;50;50;20.78;3.98;11.47;0.68;0.72;0.1;33.9;7.07;3.31;2.21;0.36;1.3;5.06;85.5;69.6;3.1;2.6;10.1;0.43;0.11;0.08;0.1;4.7;4.67;0.251;66.1;18.61;10.32;4.91;0.84;2.67;6.41;166.8;100.8;47.9;5.3;12.8;2.16;1.76;0.32;0.43
-13;100;50;50;100;21.43;4.71;13.5;0.71;0.75;0.101;35.4;7.28;3.43;2.29;0.37;1.34;6.07;90.7;72.8;3.1;2.7;12.1;0.46;0.11;0.08;0.11;5.93;5.98;0.259;64.6;23.1;13.04;6.03;1.06;3.37;7.42;165.9;94.3;49.9;6.7;14.8;2.57;2.5;0.39;0.53
-13;100;50;100;0;21.75;3.83;11.11;0.74;0.79;0.103;41.3;7.59;3.52;2.49;0.41;1.39;4.94;84.8;65.2;6.9;2.8;9.9;0.39;0.2;0.09;0.11;4.14;4.13;0.247;58.7;16.73;9.31;4.35;0.81;2.45;6.17;120.4;73;30.1;4.9;12.3;2.46;1;0.29;0.39
-13;100;50;100;50;22.23;4.84;13.49;0.84;0.85;0.106;40;7.95;3.78;2.48;0.43;1.49;6.08;91.7;68;8.6;3;12.2;0.42;0.22;0.1;0.11;6.14;6;0.262;60;22.91;13;5.9;1.02;3.35;7.42;137.5;69.4;46.6;6.7;14.8;3.35;1.73;0.39;0.52
-13;100;50;100;100;22.68;5.31;15.23;0.88;0.88;0.11;40.5;7.88;3.8;2.4;0.42;1.46;6.88;94.3;70.9;6.7;2.9;13.8;0.43;0.25;0.09;0.11;7.26;7.23;0.267;59.5;27.16;15.38;6.92;1.25;3.85;8.34;138.7;65.5;48.8;7.7;16.7;3.74;2.44;0.44;0.61
-13;100;100;0;0;19.18;3.31;9.95;0.78;0.82;0.097;30.3;8.34;3.93;2.65;0.44;1.51;4.46;84.5;70.1;2.5;3;8.9;0.54;0.06;0.09;0.12;2.92;2.94;0.235;69.7;12.53;6.82;3.39;0.62;1.79;5.49;195.1;149.7;30.8;3.6;11;0.89;1.55;0.21;0.29
-13;100;100;0;50;20.02;3.76;10.99;0.83;0.87;0.098;30.2;8.78;4;2.83;0.45;1.54;4.91;88.4;73.2;2.3;3.1;9.8;0.57;0.08;0.09;0.13;3.8;3.77;0.249;69.8;15.13;8.43;4.01;0.69;2.22;6.08;205;140.3;48.1;4.4;12.2;0.82;2.34;0.27;0.34
-13;100;100;0;100;21.06;4.34;12.12;0.9;0.93;0.1;32;9.18;4.29;2.98;0.49;1.68;5.47;93.3;76.9;2.1;3.4;10.9;0.59;0.09;0.1;0.14;4.94;4.94;0.275;68;17.97;10.41;4.49;0.74;2.66;6.65;198.5;129.2;50.7;5.3;13.3;0.76;3.48;0.31;0.39
-13;100;100;50;0;20.33;3.89;11.03;0.85;0.91;0.101;37;8.86;4.06;2.85;0.47;1.63;4.99;87.7;68.7;5.7;3.3;10;0.53;0.16;0.1;0.12;3.8;3.81;0.249;63;15.35;8.52;4.01;0.69;2.27;6.04;149.4;102.6;30.2;4.5;12.1;1.67;1.53;0.26;0.35
-13;100;100;50;50;20.76;4.49;12.74;0.91;0.96;0.103;35.8;9.24;4.34;2.92;0.51;1.67;5.79;90.8;71.5;4.4;3.3;11.6;0.56;0.15;0.11;0.14;5.21;5.11;0.263;64.2;19.41;11.05;4.85;0.9;2.83;6.95;163.3;96.9;46.8;5.7;13.9;2.1;2.26;0.33;0.42
-13;100;100;50;100;21.63;5.15;14.45;0.91;0.95;0.103;36.9;9.15;4.33;2.9;0.46;1.69;6.52;94.7;75.5;2.8;3.4;13;0.58;0.13;0.1;0.13;6.72;6.82;0.283;63.1;24.16;13.99;5.99;0.99;3.46;7.93;161.7;89;49.9;6.9;15.9;2.44;3.45;0.4;0.52
-13;100;100;100;0;21.51;4.4;12.4;1.03;1.08;0.107;43.4;9.94;4.66;3.11;0.54;1.86;5.5;91.5;66.6;10.1;3.7;11;0.52;0.29;0.12;0.15;4.65;4.53;0.258;56.6;17.64;10;4.49;0.78;2.54;6.9;119.3;71.2;29.2;5.1;13.8;2.36;1.49;0.3;0.39
-13;100;100;100;50;22.19;5.05;14.67;1.08;1.11;0.109;41.1;10;4.76;3.07;0.56;1.81;6.67;94.7;69.2;8.6;3.6;13.3;0.54;0.31;0.11;0.15;6.43;6.31;0.271;58.9;23.32;13.31;5.88;1.01;3.24;8;135.7;67.7;45.5;6.5;16;3.22;2.21;0.37;0.51
-13;100;100;100;100;22.58;5.82;16.29;1.17;1.16;0.114;41.6;10.11;4.89;3.1;0.51;1.86;7.35;97.4;72.4;6.6;3.7;14.7;0.57;0.34;0.11;0.15;7.94;7.94;0.286;58.4;27.77;16.18;6.94;1.16;3.96;8.95;136.7;63.5;47.4;7.9;17.9;3.61;3.27;0.46;0.61
-12;0;0;0;0;14.24;1.73;5.03;0.28;0.27;0.093;46.6;2.53;1.19;0.78;0.13;0.45;2.2;157.4;149.8;2.4;0.9;4.4;0.16;0.04;0.03;0.04;1.84;1.86;0.218;53.4;8.56;4.57;2.37;0.42;1.28;2.83;180.4;148.8;23.3;2.6;5.7;0.94;0.57;0.14;0.22
-12;0;0;0;50;14.23;1.9;5.48;0.29;0.28;0.094;47.4;2.56;1.2;0.81;0.14;0.45;2.48;160.4;152.6;2;0.9;5;0.17;0.05;0.03;0.04;2.06;2.03;0.215;52.6;9.47;5.03;2.63;0.46;1.45;3;177.8;145.6;23.4;2.9;6;0.91;0.75;0.15;0.23
-12;0;0;0;100;14.85;2.15;6.33;0.31;0.28;0.096;47;2.53;1.19;0.79;0.14;0.45;2.89;166;157.5;1.8;0.9;5.8;0.16;0.06;0.02;0.03;2.54;2.5;0.218;53;11.49;6.16;3.16;0.54;1.71;3.44;186.9;140;36.6;3.4;6.9;0.91;1.15;0.19;0.26
-12;0;0;50;0;15.6;2.28;6.29;0.36;0.32;0.097;51.7;3.02;1.45;0.94;0.15;0.57;2.77;158;146.1;5.3;1.1;5.5;0.16;0.09;0.03;0.04;2.7;2.74;0.242;48.3;11.37;6.26;3;0.51;1.71;3.53;147.6;114.8;22.4;3.4;7.1;1.76;0.52;0.19;0.27
-12;0;0;50;50;15.7;2.71;7.8;0.33;0.33;0.101;52;2.94;1.37;0.89;0.15;0.52;3.46;161;148.8;4.3;1;6.9;0.16;0.1;0.03;0.04;3.56;3.63;0.244;48;14.89;8.2;3.97;0.66;2.19;4.34;148.4;112.4;22.9;4.4;8.7;2.29;0.75;0.24;0.35
-12;0;0;50;100;15.83;3.29;9.46;0.37;0.35;0.107;50.8;2.96;1.4;0.97;0.18;0.51;4.25;165.6;153;3.1;1;8.5;0.16;0.11;0.03;0.05;4.53;4.66;0.249;49.2;18.77;10.29;5.01;0.85;2.78;5.21;160.1;108.8;35.3;5.6;10.4;2.8;1.12;0.3;0.44
-12;0;0;100;0;17.31;2.75;7.79;0.35;0.38;0.1;58.7;3.56;1.67;1.07;0.2;0.63;3.53;160.5;144.1;8;1.3;7.1;0.16;0.14;0.04;0.05;3.58;3.58;0.252;41.3;14.26;7.94;3.76;0.67;2.12;4.25;112.6;77.6;22.2;4.2;8.5;2.48;0.54;0.24;0.33
-12;0;0;100;50;17.46;3.49;9.96;0.41;0.44;0.11;58.4;3.78;1.79;1.2;0.19;0.65;4.54;162.7;145.1;7.2;1.3;9.1;0.16;0.18;0.04;0.06;5.02;4.96;0.257;41.6;19.36;10.93;4.93;0.89;2.84;5.42;115.9;77.1;22.3;5.7;10.8;3.48;0.74;0.32;0.43
-12;0;0;100;100;17.54;4.09;11.6;0.46;0.48;0.121;56.3;3.76;1.83;1.15;0.2;0.69;5.21;166.3;148.5;6;1.4;10.4;0.16;0.22;0.04;0.05;5.93;6.03;0.259;43.7;23.34;13.1;6.12;1.03;3.4;6.39;128.9;75.1;34.2;6.8;12.8;4.03;1.08;0.38;0.54
-12;0;50;0;0;13.73;1.83;5.22;0.28;0.3;0.095;46.9;2.79;1.33;0.88;0.13;0.5;2.35;158;150;2.3;1;4.7;0.17;0.06;0.03;0.04;2;1.97;0.226;53.1;8.73;4.79;2.32;0.39;1.33;2.86;179.1;148.6;22.1;2.7;5.7;0.95;0.68;0.15;0.2
-12;0;50;0;50;13.93;2.04;5.92;0.29;0.31;0.1;48.1;2.75;1.26;0.89;0.15;0.45;2.7;163;154.8;1.8;0.9;5.4;0.17;0.06;0.03;0.04;2.43;2.4;0.228;51.9;10.54;5.79;2.79;0.51;1.59;3.22;175.4;143;22.8;3.2;6.4;0.94;1.05;0.18;0.24
-12;0;50;0;100;14.5;2.38;6.67;0.35;0.33;0.105;47.8;2.84;1.36;0.84;0.15;0.5;3.02;168.6;159.9;1.6;1;6;0.18;0.08;0.03;0.04;3.03;3.04;0.245;52.2;12.4;6.89;3.31;0.54;1.88;3.65;184;137.2;35.7;3.8;7.3;0.89;1.66;0.2;0.29
-12;0;50;50;0;15.39;2.35;6.83;0.35;0.38;0.102;52;3.43;1.57;1.09;0.19;0.59;3.08;159.4;147;5.1;1.2;6.2;0.16;0.13;0.03;0.05;2.97;2.92;0.245;48;11.94;6.62;3.2;0.5;1.76;3.75;146.9;114;21.8;3.5;7.5;1.78;0.68;0.19;0.27
-12;0;50;50;50;15.21;2.88;8.21;0.39;0.4;0.113;52.7;3.35;1.59;1.03;0.2;0.59;3.75;163.2;150.7;3.9;1.2;7.5;0.17;0.14;0.04;0.05;3.99;3.94;0.251;47.3;15.69;8.81;4.1;0.68;2.29;4.47;146.5;110.8;22.2;4.6;8.9;2.31;1.02;0.26;0.35
-12;0;50;50;100;15.38;3.33;9.59;0.4;0.41;0.115;51.8;3.23;1.56;0.99;0.18;0.57;4.32;169;154.8;4.5;1.1;8.6;0.17;0.15;0.03;0.05;5.04;5.08;0.265;48.2;19.22;10.8;5;0.9;2.76;5.28;157.4;107.3;34;5.5;10.6;2.76;1.59;0.3;0.43
-12;0;50;100;0;17.17;2.94;8.23;0.52;0.5;0.111;58.8;4.3;2.09;1.34;0.23;0.76;3.68;160.8;143.7;8.3;1.5;7.4;0.16;0.23;0.04;0.06;3.81;3.71;0.255;41.2;14.63;8.33;3.74;0.65;2.18;4.54;112.6;77.9;21.3;4.4;9.1;2.46;0.67;0.25;0.33
-12;0;50;100;50;17.09;3.68;10.5;0.54;0.56;0.127;59.2;4.28;2.08;1.31;0.24;0.78;4.77;167.3;145.8;10.4;1.6;9.5;0.17;0.29;0.05;0.06;5.22;5.24;0.262;40.8;20.03;11.28;5.18;0.96;2.9;5.73;115.3;76.7;21.4;5.8;11.5;3.47;0.99;0.33;0.45
-12;0;50;100;100;17.4;4.23;11.92;0.57;0.59;0.135;57.2;4.25;2.08;1.33;0.2;0.72;5.49;170.9;149.4;9;1.4;11;0.16;0.32;0.04;0.06;6.27;6.46;0.271;42.8;23.84;13.53;6.13;1.07;3.5;6.43;127.8;74.6;33.3;7;12.9;4.01;1.53;0.39;0.52
-12;0;100;0;0;13.39;1.93;5.56;0.3;0.33;0.101;47.8;2.96;1.37;0.94;0.16;0.54;2.52;161.6;152.2;3.2;1.1;5;0.18;0.08;0.04;0.04;2.17;2.17;0.231;52.2;9.4;5.2;2.46;0.42;1.39;3.04;176.4;146;21.5;2.8;6.1;0.92;0.89;0.15;0.22
-12;0;100;0;50;13.59;2.3;6.18;0.36;0.36;0.105;49.1;3.12;1.48;0.97;0.17;0.56;2.87;166.6;157.3;2.5;1.1;5.7;0.19;0.08;0.03;0.05;2.78;2.77;0.248;50.9;11.15;6.3;2.84;0.51;1.75;3.31;172.3;140.2;22;3.5;6.6;0.9;1.42;0.2;0.25
-12;0;100;0;100;14.07;2.43;6.85;0.35;0.38;0.112;48.8;3.07;1.47;0.98;0.15;0.57;3.14;171.9;162.1;2.4;1.1;6.3;0.19;0.11;0.04;0.04;3.46;3.42;0.263;51.2;13.01;7.38;3.27;0.56;1.86;3.71;180;134.7;34.1;3.7;7.4;0.88;2.05;0.2;0.28
-12;0;100;50;0;15.04;2.48;7.2;0.47;0.47;0.116;52.7;3.82;1.83;1.16;0.19;0.66;3.21;163;147.3;7.9;1.3;6.4;0.16;0.22;0.04;0.06;3.18;3.09;0.249;47.3;12.48;7.01;3.27;0.6;1.81;4;146;113.7;20.7;3.6;8;1.74;0.86;0.2;0.29
-12;0;100;50;50;15.01;3.01;8.55;0.49;0.49;0.121;53.4;3.82;1.81;1.21;0.19;0.67;3.85;166.6;151.3;6.2;1.3;7.7;0.18;0.22;0.04;0.05;4.22;4.23;0.264;46.6;16.04;9.08;4.17;0.72;2.34;4.7;145.4;110.3;21;4.7;9.4;2.25;1.35;0.27;0.35
-12;0;100;50;100;15.4;3.46;9.99;0.48;0.5;0.129;52.7;3.64;1.82;1.09;0.19;0.66;4.59;172.4;157.4;4.6;1.3;9.2;0.19;0.23;0.04;0.05;5.52;5.48;0.274;47.3;20.01;11.39;5.16;0.91;2.81;5.41;154.9;105.1;33.3;5.6;10.8;2.7;2.03;0.31;0.44
-12;0;100;100;0;16.58;3;8.79;0.62;0.64;0.125;59.4;4.95;2.36;1.53;0.27;0.86;3.93;164.7;142.7;12.4;1.7;7.9;0.17;0.34;0.05;0.08;3.88;3.85;0.258;40.6;14.94;8.34;3.96;0.66;2.13;4.87;112.4;78.5;20;4.3;9.7;2.46;0.82;0.23;0.34
-12;0;100;100;50;16.83;3.88;10.75;0.72;0.66;0.134;59.4;4.79;2.4;1.42;0.25;0.85;4.86;168.3;146.4;10.5;1.7;9.7;0.16;0.38;0.05;0.07;5.6;5.59;0.271;40.6;20.65;11.81;5.2;0.88;3.03;5.89;115;76.3;20.8;6.1;11.8;3.46;1.35;0.33;0.45
-12;0;100;100;100;16.9;4.27;12.01;0.75;0.76;0.15;57.8;4.9;2.47;1.45;0.23;0.85;5.55;171.8;150.1;9;1.7;11.1;0.18;0.46;0.05;0.07;6.82;6.75;0.279;42.2;24.17;13.96;6.06;1.02;3.42;6.46;125.6;74.3;31.6;6.8;12.9;3.96;1.89;0.4;0.5
-12;50;0;0;0;16.09;2.08;5.9;0.39;0.39;0.099;39.2;3.76;1.76;1.16;0.21;0.7;2.69;117.5;108.5;2.2;1.4;5.4;0.26;0.04;0.04;0.05;1.9;1.92;0.214;60.8;8.98;4.84;2.45;0.43;1.38;3.21;182.1;146.4;26.6;2.8;6.4;0.93;0.63;0.16;0.21
-12;50;0;0;50;16.66;2.38;6.91;0.35;0.4;0.1;40.5;3.73;1.73;1.23;0.18;0.65;3.12;121.7;112.4;1.7;1.3;6.2;0.26;0.04;0.04;0.06;2.31;2.31;0.208;59.5;11.08;5.92;3.08;0.51;1.74;3.79;179.1;140.1;27.9;3.5;7.6;0.9;0.94;0.19;0.28
-12;50;0;0;100;17.5;2.85;7.88;0.42;0.44;0.105;40.1;4.06;1.91;1.27;0.21;0.74;3.52;126.8;116.6;1.8;1.5;7;0.28;0.06;0.05;0.06;2.91;2.88;0.218;59.9;13.25;7.11;3.68;0.61;2.11;4.37;189.5;133.5;43;4.2;8.7;0.83;1.51;0.22;0.32
-12;50;0;50;0;17.67;2.53;7.45;0.45;0.46;0.101;44.3;4.39;2.07;1.36;0.22;0.77;3.38;119.5;106.1;5.1;1.5;6.8;0.26;0.09;0.04;0.07;2.86;2.83;0.237;55.7;12;6.56;3.19;0.57;1.76;4.07;150.4;112.7;26;3.5;8.1;1.76;0.61;0.19;0.28
-12;50;0;50;50;17.91;3.13;9;0.45;0.45;0.104;45;4.16;1.95;1.31;0.21;0.75;4.12;123;109.4;3.9;1.5;8.2;0.26;0.1;0.05;0.06;3.7;3.77;0.237;55;15.93;8.64;4.35;0.74;2.38;4.88;150.2;108.8;26.9;4.8;9.8;2.22;0.92;0.27;0.36
-12;50;0;50;100;18.37;3.78;10.83;0.48;0.5;0.11;43.9;4.4;2.11;1.36;0.22;0.82;4.92;127.8;113.4;2.9;1.6;9.8;0.28;0.11;0.05;0.06;4.94;4.95;0.246;56.1;20.17;11.24;5.32;0.9;2.96;5.91;163.4;103.9;41.7;5.9;11.8;2.7;1.47;0.32;0.47
-12;50;0;100;0;19.51;3.13;8.82;0.51;0.52;0.103;51.3;4.9;2.33;1.57;0.25;0.91;4.05;122.5;104.5;8.1;1.8;8.1;0.25;0.14;0.05;0.08;3.54;3.61;0.247;48.7;14.67;8.16;3.89;0.7;2.22;4.77;116.1;76.4;25.7;4.4;9.5;2.41;0.62;0.25;0.33
-12;50;0;100;50;19.78;3.84;11.08;0.55;0.57;0.109;51.1;5.04;2.35;1.56;0.27;0.85;4.95;125;106.4;7;1.7;9.9;0.26;0.18;0.05;0.07;5.1;5.1;0.251;48.9;20.41;11.34;5.42;0.87;2.99;6.13;119.5;74.9;26.4;6;12.3;3.4;0.9;0.34;0.46
-12;50;0;100;100;19.61;4.34;12.7;0.6;0.61;0.117;49.1;5.11;2.45;1.55;0.3;0.9;5.7;128.4;109.4;5.8;1.8;11.4;0.27;0.22;0.05;0.07;6.27;6.19;0.256;50.9;24.18;13.59;6.28;1.09;3.44;7;133.1;72.5;39.7;6.9;14;3.88;1.39;0.39;0.54
-12;50;50;0;0;16.31;2.43;7.17;0.53;0.57;0.103;40.3;5.37;2.51;1.7;0.28;0.99;3.29;121.4;110.7;2.2;2;6.6;0.38;0.05;0.06;0.08;2.13;2.15;0.218;59.7;9.84;5.17;2.79;0.47;1.44;3.87;179.8;142.9;26.2;2.9;7.7;0.9;0.85;0.16;0.23
-12;50;50;0;50;16.65;2.94;8.11;0.56;0.61;0.106;41.7;5.63;2.67;1.74;0.3;1.05;3.72;125.9;114.8;1.6;2.1;7.4;0.4;0.06;0.06;0.09;2.67;2.69;0.222;58.3;12.1;6.56;3.26;0.56;1.9;4.39;176;136.4;27.1;3.8;8.8;0.88;1.31;0.22;0.28
-12;50;50;0;100;17.54;3.17;8.97;0.61;0.61;0.106;41.3;5.64;2.7;1.73;0.3;1.01;4.01;130.9;119.2;1.6;2;8;0.4;0.07;0.06;0.08;3.48;3.45;0.242;58.7;14.28;7.88;3.8;0.67;2.16;4.96;185.9;129.2;42.4;4.3;9.9;0.82;2.06;0.25;0.32
-12;50;50;50;0;17.77;2.95;8.5;0.66;0.65;0.106;45.1;6.03;2.79;1.99;0.3;1.07;3.8;122.6;107.8;5.1;2.1;7.6;0.37;0.12;0.07;0.09;3.06;3.02;0.238;54.9;12.7;6.98;3.43;0.57;1.88;4.7;149.3;110.6;25.6;3.8;9.4;1.7;0.81;0.21;0.3
-12;50;50;50;50;18.23;3.64;10.29;0.67;0.68;0.111;46;6.01;2.88;1.85;0.3;1.1;4.64;127.2;111.7;3.9;2.2;9.3;0.37;0.15;0.06;0.09;4.09;4.15;0.244;54;17.04;9.46;4.52;0.8;2.54;5.64;149;105.9;26.7;5.1;11.3;2.16;1.3;0.29;0.39
-12;50;50;50;100;18.37;4.2;11.8;0.63;0.69;0.113;45.2;6.04;2.93;1.87;0.32;1.11;5.38;132.8;115.6;4.2;2.2;10.8;0.39;0.15;0.06;0.09;5.34;5.38;0.26;54.8;20.7;11.68;5.48;0.86;3.09;6.42;161.2;101.3;40.8;6.2;12.8;2.61;1.97;0.35;0.45
-12;50;50;100;0;19.45;3.4;9.93;0.74;0.75;0.111;51.9;6.72;3.14;2.15;0.37;1.18;4.51;125;105.5;8.1;2.4;9;0.36;0.22;0.07;0.1;3.76;3.76;0.248;48.1;15.17;8.38;4.06;0.68;2.22;5.42;115.8;75.6;24.9;4.4;10.8;2.36;0.8;0.24;0.36
-12;50;50;100;50;19.59;4.34;12.29;0.77;0.83;0.118;52.6;6.9;3.28;2.17;0.35;1.24;5.57;131.8;108;10.2;2.5;11.1;0.37;0.29;0.07;0.1;5.39;5.36;0.256;47.4;20.97;11.8;5.46;0.93;3.1;6.73;118.5;73.6;25.3;6.2;13.5;3.33;1.22;0.36;0.46
-12;50;50;100;100;19.8;4.93;13.87;0.9;0.86;0.123;50.4;6.87;3.31;2.11;0.37;1.19;6.34;135;111.5;8.5;2.4;12.7;0.37;0.31;0.07;0.11;6.67;6.68;0.267;49.6;25.08;14.35;6.47;1.04;3.74;7.53;132.7;70.8;39.3;7.5;15.1;3.81;1.91;0.41;0.55
-12;50;100;0;0;16.3;2.92;8.32;0.8;0.75;0.106;41.5;7;3.35;2.18;0.37;1.26;3.76;125.9;112.8;3;2.5;7.5;0.5;0.07;0.08;0.1;2.52;2.58;0.237;58.5;10.88;6;2.9;0.5;1.66;4.56;177.5;139.4;25.6;3.3;9.1;0.9;1.24;0.18;0.26
-12;50;100;0;50;16.75;3.26;9.29;0.76;0.8;0.107;41.2;7.32;3.41;2.32;0.4;1.33;4.27;130.6;116.8;2.6;2.7;8.5;0.52;0.09;0.08;0.11;3.22;3.2;0.25;58.8;12.77;7.21;3.36;0.57;1.93;5.02;186.4;133.1;39.4;3.9;10;0.86;1.85;0.21;0.28
-12;50;100;0;100;17.55;3.42;10.03;0.8;0.84;0.109;42.8;7.54;3.54;2.42;0.4;1.38;4.56;135.9;121.6;2.4;2.8;9.1;0.54;0.11;0.08;0.11;4.1;3.97;0.267;57.2;14.88;8.44;3.79;0.64;2.05;5.47;181.7;125.4;41.2;4.1;10.9;0.79;2.63;0.23;0.32
-12;50;100;50;0;17.73;3.46;9.79;0.88;0.88;0.111;46.3;7.81;3.78;2.32;0.41;1.46;4.43;128.2;109.2;7.2;2.9;8.9;0.48;0.2;0.09;0.12;3.29;3.39;0.251;53.7;13.54;7.47;3.68;0.61;2;5.35;148.4;109;24.7;4;10.7;1.67;1.19;0.22;0.3
-12;50;100;50;50;17.91;3.9;11.42;0.86;0.91;0.114;45.3;7.91;3.75;2.53;0.39;1.39;5.2;132.2;113.3;5.7;2.8;10.4;0.5;0.2;0.09;0.12;4.6;4.58;0.263;54.7;17.43;9.89;4.45;0.83;2.5;6.22;159.7;104.1;38.2;5;12.4;2.12;1.79;0.27;0.4
-12;50;100;50;100;18.08;4.31;12.72;0.96;0.92;0.117;46;7.79;3.77;2.39;0.39;1.37;5.68;135.2;117;4.2;2.7;11.4;0.52;0.21;0.08;0.12;5.95;5.91;0.277;54;21.39;12.37;5.32;0.93;2.94;7.03;158.9;99.6;39.4;5.9;14.1;2.6;2.52;0.34;0.46
-12;50;100;100;0;19.36;3.9;11.22;1.04;1.05;0.116;53.2;8.94;4.29;2.74;0.49;1.59;5.13;131.9;106.3;12.2;3.2;10.3;0.48;0.35;0.1;0.13;4.01;4.06;0.258;46.8;15.76;8.86;4.03;0.71;2.31;6.09;115.8;74.9;24;4.6;12.2;2.32;1.15;0.25;0.35
-12;50;100;100;50;19.56;4.74;13.48;1.08;1.08;0.12;50.8;8.92;4.27;2.73;0.48;1.58;6.1;134.9;109.6;9.9;3.2;12.2;0.49;0.36;0.1;0.13;5.8;5.9;0.27;49.2;21.87;12.41;5.67;0.94;3.16;7.38;130.5;72.3;37.1;6.3;14.8;3.31;1.76;0.35;0.48
-12;50;100;100;100;19.93;5.2;14.75;1.12;1.14;0.129;51.1;8.74;4.32;2.56;0.47;1.53;6.7;138;113.3;8.2;3.1;13.4;0.5;0.42;0.09;0.13;7.13;7.1;0.28;48.9;25.41;14.78;6.37;1.03;3.67;8.05;131.8;69.3;39;7.3;16.1;3.69;2.5;0.39;0.52
-12;100;0;0;0;18.35;2.4;6.86;0.45;0.48;0.102;29.4;4.6;2.24;1.41;0.21;0.89;3.11;76.5;66.4;2.2;1.8;6.2;0.32;0.04;0.05;0.07;2.05;2.08;0.208;70.6;10.02;5.24;2.86;0.47;1.51;3.75;184.1;143;30.5;3;7.5;0.92;0.75;0.17;0.25
-12;100;0;0;50;18.84;2.79;7.98;0.53;0.51;0.103;30.6;4.77;2.29;1.44;0.27;0.9;3.58;79.5;69;1.6;1.8;7.2;0.34;0.04;0.05;0.07;2.58;2.58;0.209;69.4;12.34;6.59;3.41;0.63;1.89;4.4;180.3;136;31.6;3.8;8.8;0.87;1.2;0.22;0.3
-12;100;0;0;100;20.07;3.32;9.28;0.52;0.54;0.104;30.4;5.03;2.29;1.62;0.3;0.91;4.18;84;72.3;1.5;1.8;8.4;0.36;0.05;0.05;0.08;3.26;3.23;0.214;69.6;15.09;8.11;4.19;0.72;2.41;5.1;192.3;127.2;50;4.8;10.2;0.8;1.8;0.28;0.36
-12;100;0;50;0;19.75;2.85;8.29;0.53;0.55;0.103;34.2;5.21;2.44;1.63;0.32;0.91;3.73;79.3;64.9;5.1;1.8;7.5;0.33;0.09;0.06;0.08;2.86;2.93;0.229;65.8;12.81;6.91;3.5;0.61;1.94;4.56;152.8;110.1;29.7;3.9;9.1;1.69;0.73;0.22;0.3
-12;100;0;50;50;20.27;3.5;10.03;0.5;0.57;0.106;35;5.22;2.46;1.63;0.28;0.94;4.52;82.1;67.3;3.9;1.9;9;0.34;0.09;0.06;0.08;4;4;0.235;65;17.06;9.36;4.59;0.74;2.56;5.51;152.5;105.4;31;5.1;11;2.16;1.16;0.27;0.4
-12;100;0;50;100;20.98;4.17;11.73;0.59;0.58;0.109;34;5.21;2.47;1.58;0.28;0.91;5.32;86;70.7;2.9;1.8;10.6;0.34;0.1;0.06;0.07;5.23;5.19;0.239;66;21.7;11.97;5.74;0.92;3.26;6.41;167.1;98.7;49;6.5;12.8;2.54;1.79;0.36;0.49
-12;100;0;100;0;21.31;3.26;9.45;0.63;0.59;0.103;40.7;5.58;2.65;1.71;0.29;0.97;4.26;82.1;63.8;7.8;1.9;8.5;0.32;0.13;0.06;0.08;3.71;3.68;0.241;59.3;15.29;8.45;4.05;0.71;2.29;5.19;119.3;74.9;29.5;4.6;10.4;2.36;0.71;0.25;0.36
-12;100;0;100;50;21.59;4.23;11.8;0.62;0.63;0.109;41;5.67;2.76;1.73;0.31;1.05;5.3;84.7;65.6;6.4;2.1;10.6;0.32;0.16;0.07;0.08;5.28;5.26;0.248;59;21.27;11.87;5.55;0.93;3.19;6.5;122;72.6;30.1;6.4;13;3.32;1.14;0.34;0.47
-12;100;0;100;100;22.34;4.94;13.86;0.68;0.71;0.116;38.9;6.02;2.88;1.84;0.36;1.1;6.31;88.6;68.1;5.6;2.2;12.6;0.34;0.22;0.06;0.09;6.32;6.41;0.251;61.1;25.61;14.27;6.71;1.15;3.84;7.55;138.9;69.2;47;7.7;15.1;3.71;1.69;0.44;0.57
-12;100;50;0;0;18.52;2.97;8.51;0.73;0.75;0.104;30.5;7.11;3.29;2.27;0.34;1.27;3.8;80;67.7;2.1;2.5;7.6;0.51;0.05;0.07;0.11;2.37;2.36;0.214;69.5;11.02;5.95;3.04;0.48;1.7;4.71;182.2;139.4;29.9;3.4;9.4;0.91;1;0.19;0.26
-12;100;50;0;50;19.55;3.44;9.72;0.76;0.78;0.105;30.4;7.27;3.44;2.28;0.38;1.38;4.33;84.3;71.1;1.8;2.8;8.7;0.53;0.06;0.08;0.1;3.08;3.14;0.23;69.6;13.68;7.43;3.67;0.66;2.06;5.39;192.8;130.4;47.5;4.1;10.8;0.85;1.75;0.22;0.33
-12;100;50;0;100;20.46;3.77;10.94;0.8;0.83;0.106;32.1;7.62;3.56;2.41;0.43;1.37;5.01;88.8;74.5;1.5;2.7;10;0.55;0.07;0.09;0.12;3.93;3.88;0.238;67.9;16.29;9.02;4.26;0.74;2.4;5.92;187.6;121.2;49.7;4.8;11.8;0.76;2.5;0.26;0.37
-12;100;50;50;0;20.08;3.37;9.9;0.82;0.79;0.104;35.4;7.46;3.53;2.33;0.39;1.35;4.5;82.9;66.4;4.8;2.7;9;0.49;0.11;0.08;0.1;3.18;3.18;0.233;64.6;13.7;7.36;3.8;0.66;2.02;5.41;151.5;107.3;29.4;4;10.8;1.68;0.96;0.22;0.32
-12;100;50;50;50;20.38;4.23;11.87;0.84;0.86;0.108;34.2;7.86;3.8;2.43;0.42;1.48;5.4;86.3;69;3.6;3;10.8;0.53;0.14;0.08;0.12;4.28;4.48;0.248;65.8;18.04;9.95;4.81;0.84;2.75;6.47;165.9;102;45.4;5.5;12.9;2.11;1.66;0.3;0.41
-12;100;50;50;100;21.18;4.74;13.44;0.82;0.88;0.111;35.8;7.86;3.65;2.46;0.45;1.42;6.15;91.6;72.4;4.1;2.8;12.3;0.54;0.14;0.08;0.12;5.61;5.72;0.255;64.2;22.44;12.57;5.84;0.97;3.32;7.29;164.5;95.2;48;6.6;14.6;2.44;2.42;0.36;0.51
-12;100;50;100;0;21.6;3.94;11.35;0.9;0.92;0.109;41.9;8.33;3.96;2.64;0.46;1.51;5.11;86.1;65.2;7.7;3;10.2;0.49;0.22;0.09;0.12;3.94;3.95;0.242;58.1;16.4;9.01;4.4;0.75;2.43;6.24;119.3;73.1;28.9;4.9;12.5;2.31;0.99;0.28;0.37
-12;100;50;100;50;21.93;4.73;13.72;1.02;1;0.115;40.3;8.57;4.09;2.68;0.45;1.56;6.21;92.3;66.9;9.8;3.1;12.4;0.5;0.27;0.09;0.13;5.72;5.7;0.257;59.7;22.17;12.4;5.88;0.99;3.17;7.52;136.4;70.8;44.3;6.3;15;3.2;1.65;0.35;0.49
-12;100;50;100;100;22.46;5.37;15.38;1.03;1.03;0.118;40.6;8.65;4.19;2.65;0.46;1.57;6.84;94.4;69.5;8.1;3.1;13.7;0.53;0.29;0.09;0.12;6.82;6.89;0.263;59.4;26.28;14.87;6.82;1.12;3.8;8.54;138;67.3;46;7.6;17.1;3.58;2.31;0.43;0.58
-12;100;100;0;0;18.85;3.49;9.88;0.92;0.94;0.105;32.3;8.87;4.22;2.69;0.47;1.6;4.42;84.9;69.8;3.1;3.2;8.8;0.64;0.08;0.09;0.13;2.84;2.86;0.232;67.7;12.3;6.79;3.29;0.56;1.89;5.47;178.4;134;29.7;3.8;10.9;0.84;1.51;0.21;0.29
-12;100;100;0;50;19.51;3.85;11.1;0.95;0.99;0.106;31.9;9.23;4.34;2.88;0.48;1.66;4.96;88.4;72.8;2.4;3.3;9.9;0.68;0.08;0.1;0.13;3.57;3.64;0.247;68.1;14.73;8.18;3.89;0.67;2.19;6.14;188.9;125.9;46.4;4.4;12.3;0.81;2.25;0.24;0.35
-12;100;100;0;100;20.63;4.25;12.25;0.98;1.04;0.108;33.5;9.53;4.46;3;0.52;1.73;5.38;92.6;76.2;2.2;3.5;10.8;0.7;0.1;0.1;0.14;4.65;4.64;0.266;66.5;17.48;9.99;4.43;0.76;2.52;6.86;184.5;116.8;48.9;5;13.7;0.73;3.24;0.27;0.4
-12;100;100;50;0;20.13;3.9;11.31;1;1.06;0.11;37.2;9.55;4.49;3.04;0.49;1.69;5.15;88.7;68;7;3.4;10.3;0.62;0.19;0.1;0.15;3.6;3.63;0.246;62.8;14.79;8.12;3.98;0.71;2.21;6.16;149.7;104;28.9;4.4;12.3;1.61;1.44;0.25;0.33
-12;100;100;50;50;20.72;4.62;12.96;1.06;1.09;0.111;35.9;9.76;4.59;3.07;0.56;1.8;5.79;91.6;70.8;5.6;3.6;11.6;0.66;0.2;0.1;0.14;4.98;4.91;0.259;64.1;18.96;10.72;4.9;0.81;2.82;7.16;163.4;98.4;45.1;5.6;14.3;2.01;2.18;0.3;0.43
-12;100;100;50;100;21.29;5.02;14.56;1.17;1.12;0.113;37;9.8;4.75;3.03;0.49;1.83;6.59;94.8;74.1;3.9;3.7;13.2;0.68;0.19;0.11;0.14;6.38;6.37;0.274;63;23.29;13.19;6.01;1;3.19;7.96;161.5;91.9;47.3;6.4;15.9;2.37;3.14;0.36;0.51
-12;100;100;100;0;21.62;4.36;12.65;1.14;1.17;0.113;43.9;10.19;4.86;3.2;0.55;1.81;5.81;92.7;66.5;11;3.6;11.6;0.6;0.3;0.12;0.15;4.34;4.36;0.252;56.1;17.29;9.59;4.64;0.77;2.55;6.84;118.6;71.3;28.5;5.1;13.7;2.25;1.46;0.27;0.38
-12;100;100;100;50;22.18;5.23;14.81;1.25;1.23;0.117;41.3;10.39;4.91;3.17;0.56;1.84;6.82;95.3;68.3;9.7;3.7;13.6;0.62;0.35;0.11;0.15;6.04;6.14;0.267;58.7;23.05;13.12;5.9;1.02;3.39;7.99;135.6;68.9;43.9;6.8;16;3.13;2.12;0.38;0.51
-12;100;100;100;100;22.58;5.8;16.44;1.28;1.33;0.123;41.9;10.72;5.18;3.27;0.56;1.94;7.44;98.2;71.5;7.9;3.9;14.9;0.66;0.4;0.11;0.16;7.47;7.49;0.277;58.1;27.01;15.47;6.88;1.15;3.86;9;136;64.6;45.6;7.7;18;3.44;3.04;0.43;0.58
-11;0;0;0;0;14.12;1.85;4.94;0.3;0.29;0.094;46.7;2.72;1.34;0.79;0.14;0.56;2.25;157.6;148.9;3;1.1;4.5;0.17;0.05;0.03;0.04;1.74;1.74;0.212;53.3;8.2;4.37;2.27;0.4;1.29;2.69;180.1;149.8;22.3;2.6;5.4;0.86;0.54;0.15;0.19
-11;0;0;0;50;14.1;1.95;5.67;0.3;0.29;0.095;47.3;2.65;1.29;0.82;0.14;0.5;2.49;160.2;152.2;2.1;1;5;0.17;0.05;0.03;0.04;1.97;2;0.209;52.7;9.52;5.05;2.63;0.45;1.45;3.18;178.3;146.1;22.9;2.9;6.4;0.87;0.74;0.15;0.23
-11;0;0;0;100;14.44;2.24;6.3;0.29;0.3;0.098;47.2;2.72;1.33;0.85;0.14;0.5;2.97;166.1;157.3;1.8;1;5.9;0.17;0.06;0.03;0.04;2.51;2.41;0.213;52.8;11.27;6.14;2.98;0.54;1.73;3.33;185.6;140.2;35.3;3.5;6.7;0.85;1.11;0.2;0.25
-11;0;0;50;0;15.64;2.21;6.47;0.37;0.35;0.098;51.8;3.21;1.51;1.02;0.17;0.54;2.91;158.4;145.6;5.9;1.1;5.8;0.16;0.1;0.04;0.05;2.57;2.59;0.232;48.2;11.2;6.12;2.98;0.52;1.67;3.55;147.4;115.2;21.8;3.3;7.1;1.63;0.52;0.18;0.26
-11;0;0;50;50;15.62;2.78;7.88;0.39;0.37;0.105;52;3.25;1.55;1.05;0.17;0.56;3.63;160.8;147.4;5;1.1;7.3;0.16;0.12;0.03;0.05;3.35;3.37;0.235;48;14.32;7.88;3.81;0.66;2.22;4.25;148.2;113.6;21.7;4.4;8.5;2.12;0.7;0.23;0.32
-11;0;0;50;100;15.76;3.27;9.37;0.39;0.39;0.114;50.9;3.2;1.56;0.98;0.16;0.57;4.29;165.1;151.4;3.9;1.1;8.6;0.17;0.14;0.04;0.05;4.38;4.37;0.24;49.1;18.24;10.01;4.92;0.79;2.7;5.07;159.3;110.2;33.6;5.4;10.1;2.61;1.06;0.28;0.41
-11;0;0;100;0;17.38;2.67;7.71;0.43;0.41;0.102;59.1;3.83;1.84;1.19;0.22;0.7;3.56;161.1;143.4;9.1;1.4;7.1;0.16;0.15;0.04;0.06;3.31;3.23;0.241;40.9;13.45;7.39;3.58;0.6;1.97;4.14;111.5;78.1;21.2;3.9;8.3;2.2;0.5;0.22;0.31
-11;0;0;100;50;17.49;3.47;10.16;0.46;0.46;0.111;58.3;3.98;1.93;1.24;0.22;0.7;4.6;162.2;143.6;8.1;1.4;9.2;0.16;0.21;0.04;0.06;4.65;4.66;0.246;41.7;18.99;10.52;5.06;0.87;2.77;5.56;115.9;78;21.3;5.5;11.1;3.23;0.69;0.31;0.43
-11;0;0;100;100;17.59;4.08;11.58;0.52;0.52;0.123;56.6;4.06;1.97;1.25;0.21;0.71;5.33;166.6;147.8;6.8;1.4;10.7;0.17;0.25;0.04;0.06;5.69;5.64;0.248;43.4;22.8;12.76;5.99;0.99;3.36;6.26;127.8;75.6;33.1;6.7;12.5;3.69;1.05;0.38;0.51
-11;0;50;0;0;13.68;1.92;5.41;0.35;0.33;0.098;47;3.03;1.48;0.95;0.14;0.55;2.49;158.5;149.5;3;1.1;5;0.18;0.07;0.03;0.04;1.81;1.87;0.218;53;8.55;4.62;2.32;0.4;1.37;2.92;179;149.2;21.2;2.7;5.8;0.87;0.67;0.14;0.19
-11;0;50;0;50;13.51;2.03;5.9;0.29;0.31;0.102;48.2;2.81;1.31;0.89;0.16;0.51;2.68;162.6;154.3;1.9;1;5.4;0.18;0.07;0.03;0.04;2.23;2.25;0.222;51.8;10.14;5.43;2.79;0.49;1.52;3.22;175;143.7;21.8;3;6.4;0.84;1;0.17;0.24
-11;0;50;0;100;13.99;2.35;6.62;0.35;0.36;0.108;47.8;3.08;1.47;0.95;0.17;0.58;3.01;167.6;158.7;1.8;1.2;6;0.19;0.09;0.03;0.05;2.88;2.84;0.241;52.2;11.8;6.56;3.15;0.51;1.77;3.6;183;138.7;33.6;3.5;7.2;0.82;1.57;0.19;0.26
-11;0;50;50;0;15.37;2.44;6.72;0.41;0.42;0.105;52.3;3.74;1.76;1.18;0.2;0.67;3.07;160;146.6;6;1.3;6.1;0.17;0.15;0.04;0.06;2.71;2.69;0.235;47.7;11.46;6.31;3;0.54;1.77;3.65;146.1;114.4;20.9;3.5;7.3;1.56;0.65;0.21;0.27
-11;0;50;50;50;15.37;3.03;8.32;0.45;0.46;0.115;52.5;3.78;1.79;1.19;0.19;0.68;3.72;162.7;149;4.9;1.4;7.4;0.17;0.19;0.04;0.05;3.65;3.71;0.242;47.5;15.35;8.48;4.1;0.67;2.35;4.6;147.3;112.3;21.1;4.7;9.2;2.11;0.97;0.26;0.36
-11;0;50;50;100;15.38;3.44;9.58;0.45;0.47;0.121;51.8;3.6;1.68;1.17;0.2;0.61;4.36;169;153.4;5.7;1.2;8.7;0.18;0.2;0.04;0.06;4.9;4.82;0.255;48.2;18.89;10.73;4.8;0.82;2.83;5.22;157.1;108.5;32.5;5.7;10.4;2.57;1.53;0.31;0.42
-11;0;50;100;0;16.96;2.8;8.33;0.48;0.52;0.113;58.9;4.43;2.08;1.38;0.23;0.8;3.8;160.7;142.6;8.9;1.6;7.6;0.16;0.25;0.05;0.06;3.37;3.39;0.244;41.1;13.95;7.65;3.73;0.67;2;4.52;111.8;78.5;20.2;4;9;2.23;0.63;0.22;0.32
-11;0;50;100;50;16.96;3.64;10.61;0.6;0.6;0.129;58.9;4.56;2.19;1.39;0.23;0.78;4.79;166.3;143.3;11.8;1.6;9.6;0.16;0.33;0.05;0.07;4.86;4.92;0.251;41.1;19.62;10.79;5.28;0.87;2.86;5.82;115.7;78.1;20.3;5.7;11.6;3.24;0.93;0.31;0.43
-11;0;50;100;100;17.09;4.21;12.04;0.67;0.65;0.137;57.2;4.64;2.33;1.39;0.24;0.81;5.46;170.3;147.7;10;1.6;10.9;0.17;0.36;0.05;0.07;6.15;6.08;0.26;42.8;23.41;13.23;6.03;1.05;3.4;6.58;127;75.6;31.5;6.8;13.2;3.71;1.49;0.36;0.53
-11;0;100;0;0;13.12;1.94;5.71;0.37;0.37;0.105;47.6;3.29;1.6;1.03;0.19;0.61;2.59;161.1;150.4;4.4;1.2;5.2;0.19;0.1;0.04;0.05;2.03;2.03;0.226;52.4;9;4.89;2.41;0.46;1.32;3.12;177.1;148.1;20.1;2.6;6.2;0.86;0.83;0.15;0.2
-11;0;100;0;50;13;2.13;6.19;0.36;0.37;0.108;48.9;3.12;1.5;0.95;0.17;0.58;2.84;165.3;155.7;2.8;1.2;5.7;0.19;0.1;0.04;0.05;2.68;2.62;0.243;51.1;10.78;5.98;2.95;0.46;1.55;3.35;172.5;142.1;20.7;3.1;6.7;0.86;1.35;0.17;0.25
-11;0;100;0;100;13.43;2.38;6.74;0.39;0.39;0.113;48.6;3.19;1.55;0.96;0.15;0.56;3.07;170.2;160.4;2.5;1.1;6.1;0.2;0.11;0.03;0.04;3.29;3.22;0.259;51.4;12.44;7.01;3.22;0.56;1.81;3.67;179.9;136.7;32.3;3.6;7.3;0.83;1.92;0.19;0.28
-11;0;100;50;0;14.72;2.55;7.24;0.51;0.53;0.119;52.7;4.25;2.07;1.29;0.23;0.76;3.24;162.7;145.8;8.8;1.5;6.5;0.17;0.24;0.05;0.06;3.06;2.9;0.241;47.3;12.08;6.8;3.12;0.55;1.79;4;146.1;115;19.6;3.6;8;1.64;0.8;0.2;0.26
-11;0;100;50;50;15.05;3.01;8.53;0.52;0.54;0.13;53.3;4.06;1.96;1.21;0.23;0.7;3.87;166.3;149.8;7.4;1.4;7.7;0.18;0.27;0.04;0.06;3.95;3.96;0.255;46.7;15.54;8.75;3.9;0.73;2.31;4.66;145.9;111.6;20.4;4.6;9.3;2.07;1.3;0.25;0.34
-11;0;100;50;100;15.07;3.51;9.86;0.54;0.56;0.136;52.4;3.95;1.93;1.18;0.23;0.68;4.58;170.6;154.5;5.6;1.4;9.2;0.18;0.28;0.04;0.06;5.14;5.1;0.266;47.6;19.18;11.02;4.92;0.82;2.84;5.28;154.9;107.6;31.1;5.7;10.6;2.51;1.87;0.31;0.41
-11;0;100;100;0;16.51;3.06;8.86;0.72;0.69;0.127;59.5;5.34;2.61;1.64;0.26;0.95;4.01;165;141.3;13.7;1.9;8;0.17;0.39;0.06;0.08;3.61;3.6;0.248;40.5;14.54;7.99;3.95;0.67;2.11;4.85;112;79.2;18.9;4.2;9.7;2.26;0.78;0.24;0.33
-11;0;100;100;50;16.8;3.81;10.96;0.77;0.8;0.142;59.5;5.54;2.74;1.66;0.27;1;5.02;168.4;144.1;12.2;2;10;0.18;0.47;0.06;0.08;5.19;5.18;0.261;40.5;19.89;11.13;5.12;0.93;2.81;5.94;114.4;77.7;19.2;5.6;11.9;3.18;1.24;0.32;0.43
-11;0;100;100;100;16.63;4.28;12.32;0.82;0.82;0.154;57.7;5.25;2.61;1.58;0.27;0.88;5.66;171.2;148;10.1;1.8;11.3;0.18;0.51;0.06;0.08;6.36;6.37;0.268;42.3;23.73;13.42;6.07;1.07;3.4;6.66;125.3;75.4;29.7;6.8;13.3;3.69;1.78;0.38;0.52
-11;50;0;0;0;16.12;2.11;6;0.45;0.44;0.1;39.4;4.15;1.97;1.27;0.2;0.77;2.78;118.2;108;3.1;1.5;5.6;0.28;0.05;0.05;0.06;1.77;1.8;0.206;60.6;8.7;4.55;2.43;0.42;1.34;3.22;181.9;147.2;25.6;2.7;6.4;0.83;0.61;0.15;0.2
-11;50;0;0;50;16.19;2.42;6.82;0.43;0.44;0.103;40.5;4.09;1.91;1.27;0.21;0.76;3.16;121.5;111.7;2;1.5;6.3;0.28;0.05;0.05;0.06;2.2;2.17;0.204;59.5;10.63;5.63;2.94;0.5;1.66;3.65;178.4;141.4;26.5;3.3;7.3;0.85;0.9;0.18;0.24
-11;50;0;0;100;16.63;2.64;7.88;0.48;0.47;0.104;40.1;4.3;2.06;1.3;0.23;0.76;3.54;126.1;115.8;1.7;1.5;7.1;0.3;0.05;0.04;0.07;2.86;2.77;0.215;59.9;12.91;6.89;3.56;0.63;1.88;4.34;187.9;134.7;40.7;3.8;8.7;0.82;1.44;0.2;0.31
-11;50;0;50;0;17.77;2.59;7.62;0.52;0.49;0.101;44.5;4.64;2.17;1.47;0.28;0.83;3.39;120.2;105.9;5.9;1.7;6.8;0.28;0.1;0.04;0.07;2.66;2.66;0.226;55.5;11.78;6.38;3.21;0.55;1.76;4.22;150.2;112.9;25.3;3.5;8.4;1.58;0.6;0.18;0.28
-11;50;0;50;50;17.75;3.17;8.98;0.53;0.52;0.107;45.1;4.7;2.22;1.47;0.25;0.85;4.14;123.1;108.5;4.7;1.7;8.3;0.28;0.11;0.05;0.07;3.58;3.5;0.229;54.9;15.31;8.38;4.16;0.68;2.32;4.84;149.7;109.9;25.6;4.6;9.7;2.05;0.86;0.25;0.34
-11;50;0;50;100;18.05;3.77;10.65;0.52;0.54;0.111;43.8;4.71;2.19;1.47;0.23;0.83;4.77;126.9;111.9;3.7;1.7;9.5;0.29;0.13;0.05;0.07;4.62;4.62;0.238;56.2;19.45;10.7;5.15;0.94;2.94;5.88;163;105.7;39.7;5.9;11.8;2.45;1.4;0.33;0.44
-11;50;0;100;0;19.34;3.09;8.68;0.53;0.54;0.104;51.5;5.04;2.4;1.61;0.27;0.93;3.93;122.7;104.1;8.8;1.9;7.9;0.26;0.15;0.05;0.07;3.46;3.37;0.236;48.5;14.33;7.93;3.77;0.63;2.16;4.75;115.5;76.7;24.9;4.3;9.5;2.2;0.6;0.25;0.33
-11;50;0;100;50;19.43;3.97;11.21;0.61;0.61;0.111;51.3;5.41;2.55;1.7;0.29;0.98;5.1;125.3;105.5;7.6;2;10.2;0.28;0.19;0.06;0.08;4.82;4.77;0.24;48.7;19.88;11.02;5.25;0.89;2.98;6.11;118.7;75.6;25;6;12.2;3.14;0.86;0.33;0.45
-11;50;0;100;100;19.77;4.5;12.79;0.65;0.69;0.12;49.3;5.61;2.71;1.68;0.3;1.02;5.83;129.2;109;6.5;2;11.7;0.29;0.25;0.07;0.08;5.89;5.84;0.246;50.7;23.8;13.15;6.33;1.11;3.48;6.96;132.6;72.8;38.9;7;13.9;3.55;1.35;0.39;0.55
-11;50;50;0;0;16;2.48;7.2;0.62;0.61;0.103;40.3;5.78;2.69;1.79;0.31;1.04;3.29;121.3;109.8;2.9;2.1;6.6;0.4;0.07;0.06;0.08;2;2.03;0.214;59.7;9.46;5.05;2.61;0.46;1.44;3.91;179.9;144.4;24.8;2.9;7.8;0.85;0.79;0.16;0.22
-11;50;50;0;50;16.45;2.8;8.12;0.61;0.63;0.106;41.6;5.83;2.78;1.82;0.29;1.02;3.76;125.5;114;2;2;7.5;0.41;0.07;0.06;0.09;2.52;2.51;0.217;58.4;11.57;6.26;3.11;0.56;1.78;4.36;176;137.6;26.1;3.6;8.7;0.8;1.25;0.19;0.27
-11;50;50;0;100;16.81;3.1;8.97;0.66;0.66;0.108;41.4;6.01;2.82;1.92;0.3;1.07;4.08;130.3;118.4;1.6;2.1;8.2;0.42;0.08;0.06;0.1;3.22;3.26;0.238;58.6;13.71;7.56;3.6;0.68;2.03;4.89;184.6;130.6;40.2;4.1;9.8;0.76;1.97;0.22;0.31
-11;50;50;50;0;17.7;2.95;8.56;0.68;0.7;0.107;45.2;6.42;2.99;2.05;0.35;1.14;3.93;123;107;5.9;2.3;7.9;0.38;0.15;0.07;0.1;2.83;2.77;0.229;54.8;12.08;6.61;3.21;0.58;1.81;4.63;149.1;111.7;24.5;3.6;9.3;1.53;0.78;0.2;0.26
-11;50;50;50;50;17.88;3.58;10.22;0.75;0.74;0.112;45.9;6.51;3.13;1.97;0.32;1.17;4.64;126.6;110.3;4.7;2.3;9.3;0.39;0.18;0.07;0.09;3.88;3.81;0.236;54.1;16.16;8.78;4.43;0.71;2.41;5.58;148.9;107.7;25.2;4.8;11.2;2;1.2;0.25;0.37
-11;50;50;50;100;18.18;4.18;11.87;0.77;0.76;0.114;45.4;6.52;3.14;1.98;0.35;1.16;5.5;133.4;115;5.1;2.3;11;0.42;0.17;0.07;0.1;5.03;5.11;0.252;54.6;20.32;11.25;5.36;0.93;3.03;6.37;160.1;102;39.3;6.1;12.7;2.4;1.92;0.33;0.46
-11;50;50;100;0;19.43;3.47;10.11;0.83;0.83;0.112;52.1;7.33;3.56;2.24;0.38;1.35;4.67;125.6;104.6;9;2.7;9.3;0.37;0.26;0.08;0.12;3.5;3.5;0.238;47.9;14.73;8.08;3.98;0.65;2.12;5.44;115.3;76.3;23.8;4.2;10.9;2.15;0.78;0.23;0.34
-11;50;50;100;50;19.66;4.41;12.46;0.83;0.88;0.12;52.7;7.22;3.42;2.28;0.4;1.3;5.68;132.4;107;11.5;2.6;11.4;0.37;0.32;0.08;0.11;5.05;5.05;0.246;47.3;20.58;11.47;5.38;0.95;3.12;6.78;118.7;74.4;24.6;6.2;13.6;3.08;1.18;0.32;0.46
-11;50;50;100;100;19.77;4.93;13.94;0.94;0.93;0.124;50.6;7.36;3.6;2.21;0.4;1.34;6.39;135.3;110.3;9.6;2.7;12.8;0.39;0.35;0.08;0.1;6.35;6.26;0.257;49.4;24.38;13.71;6.34;1.09;3.59;7.55;131.9;71.8;37.8;7.2;15.1;3.52;1.82;0.38;0.53
-11;50;100;0;0;16.05;2.99;8.53;0.8;0.81;0.106;41.6;7.54;3.56;2.37;0.39;1.39;3.9;126.6;111.8;4.2;2.8;7.8;0.52;0.1;0.08;0.12;2.4;2.39;0.226;58.4;10.54;5.75;2.87;0.49;1.6;4.63;177.8;141.1;24.2;3.2;9.3;0.84;1.12;0.18;0.25
-11;50;100;0;50;16.48;3.32;9.37;0.84;0.85;0.11;41.2;7.69;3.74;2.35;0.42;1.41;4.31;130.6;116.3;2.8;2.8;8.6;0.54;0.1;0.09;0.12;3.03;3.09;0.246;58.8;12.58;6.99;3.35;0.56;1.91;5.06;186.2;133.9;38.4;3.8;10.1;0.8;1.81;0.21;0.28
-11;50;100;0;100;16.84;3.51;10;0.85;0.87;0.11;42.6;7.86;3.78;2.46;0.42;1.45;4.56;134.8;120.5;2.3;2.9;9.1;0.56;0.1;0.09;0.12;3.78;3.79;0.264;57.4;14.36;8.11;3.71;0.63;2.07;5.44;181.5;127.2;39.3;4.1;10.9;0.75;2.5;0.23;0.31
-11;50;100;50;0;17.6;3.54;10;0.92;0.96;0.113;46.6;8.4;4.07;2.53;0.46;1.58;4.49;129.2;108.8;8.3;3.2;9;0.51;0.23;0.1;0.11;3.15;3.14;0.238;53.4;13.21;7.29;3.51;0.59;1.96;5.52;148.1;109.5;23.7;3.9;11;1.54;1.08;0.21;0.31
-11;50;100;50;50;17.88;4.02;11.32;0.94;0.96;0.117;45.2;8.12;3.93;2.46;0.42;1.49;5.12;132.1;112.2;6.7;3;10.2;0.5;0.25;0.09;0.12;4.31;4.36;0.255;54.8;17.1;9.6;4.44;0.75;2.53;6.2;160;105.4;37.2;5.1;12.4;1.99;1.73;0.27;0.38
-11;50;100;50;100;18.05;4.42;12.91;0.99;1.01;0.119;46.3;8.38;4;2.56;0.48;1.44;5.87;136.2;116.4;5.2;2.9;11.7;0.54;0.26;0.09;0.12;5.57;5.57;0.268;53.7;20.76;11.85;5.24;0.92;2.98;7.04;158.2;100.3;37.8;6;14.1;2.36;2.43;0.32;0.45
-11;50;100;100;0;19.16;3.94;11.38;1.09;1.12;0.117;53.3;9.5;4.57;2.91;0.51;1.69;5.15;132.1;105.2;13.2;3.4;10.3;0.5;0.38;0.1;0.14;3.85;3.78;0.246;46.7;15.37;8.61;4.08;0.64;2.25;6.23;115.5;75.8;22.8;4.5;12.5;2.16;1.01;0.25;0.35
-11;50;100;100;50;19.26;4.64;13.39;1.12;1.15;0.124;51.1;9.22;4.46;2.8;0.48;1.69;6.07;134.8;108.4;10.9;3.4;12.1;0.5;0.42;0.1;0.13;5.57;5.47;0.26;48.9;21.04;11.88;5.44;0.94;2.96;7.32;129;73.3;35.2;5.9;14.6;3.03;1.65;0.33;0.47
-11;50;100;100;100;19.72;5.14;14.92;1.26;1.23;0.13;51.4;9.34;4.5;2.86;0.5;1.58;6.88;138.1;111.6;9.6;3.2;13.8;0.51;0.49;0.09;0.13;6.73;6.69;0.27;48.6;24.77;14.2;6.23;1.11;3.56;8.04;130.4;70.7;36.5;7.1;16.1;3.45;2.32;0.39;0.53
-11;100;0;0;0;18.07;2.34;7;0.51;0.52;0.102;29.4;4.96;2.35;1.56;0.26;0.89;3.17;76.8;65.8;2.8;1.8;6.3;0.34;0.05;0.06;0.07;1.99;1.98;0.204;70.6;9.69;5.12;2.75;0.48;1.45;3.83;184.5;144.6;29.4;2.9;7.7;0.88;0.7;0.16;0.23
-11;100;0;0;50;18.72;2.82;8;0.54;0.53;0.103;30.9;5;2.32;1.61;0.26;0.91;3.7;80.1;68.9;2;1.8;7.4;0.35;0.05;0.06;0.08;2.43;2.48;0.204;69.1;12.15;6.45;3.38;0.58;1.91;4.3;179.4;136.1;30.9;3.8;8.6;0.8;1.18;0.22;0.29
-11;100;0;0;100;19.2;3.25;9.11;0.57;0.57;0.105;30.5;5.32;2.54;1.58;0.3;0.99;4.16;83.6;71.8;1.5;2;8.3;0.38;0.05;0.06;0.08;3.13;3.07;0.211;69.5;14.54;7.82;4;0.64;2.26;4.94;190.6;128.6;47.6;4.5;9.9;0.76;1.72;0.25;0.34
-11;100;0;50;0;19.62;2.94;8.42;0.58;0.58;0.103;34.4;5.48;2.64;1.71;0.3;1.01;3.85;80;64.7;5.6;2;7.7;0.34;0.09;0.06;0.09;2.72;2.76;0.221;65.6;12.5;6.74;3.42;0.59;1.92;4.58;152.5;110.6;29;3.8;9.2;1.54;0.71;0.22;0.29
-11;100;0;50;50;20;3.49;10.04;0.65;0.61;0.107;35.1;5.54;2.63;1.72;0.31;0.97;4.58;82.4;66.8;4.5;1.9;9.2;0.35;0.11;0.06;0.09;3.75;3.76;0.227;64.9;16.57;9.07;4.45;0.79;2.52;5.46;152.2;106.4;29.8;5;10.9;1.99;1.11;0.28;0.38
-11;100;0;50;100;20.46;4.32;11.9;0.62;0.65;0.111;33.9;5.7;2.71;1.76;0.29;1.04;5.35;85.7;69.5;3.5;2.1;10.7;0.37;0.12;0.07;0.08;4.82;4.91;0.233;66.1;21.07;11.5;5.64;1;3.27;6.55;166.9;101;46.2;6.5;13.1;2.4;1.67;0.35;0.49
-11;100;0;100;0;21.24;3.38;9.37;0.62;0.63;0.105;41.1;5.93;2.82;1.82;0.33;1.11;4.23;82.8;63.5;8.6;2.2;8.5;0.33;0.15;0.07;0.09;3.52;3.45;0.231;58.9;14.94;8.29;3.95;0.67;2.27;5.14;118.8;75.3;28.6;4.5;10.3;2.16;0.69;0.26;0.34
-11;100;0;100;50;21.67;4.16;12.04;0.69;0.68;0.11;41.3;6.1;2.88;1.91;0.32;1.11;5.48;85.6;65;7.5;2.2;11;0.33;0.19;0.07;0.09;4.94;4.94;0.238;58.7;20.83;11.42;5.58;0.96;3.05;6.56;121.8;73.4;29.1;6.1;13.1;3.03;1.11;0.34;0.47
-11;100;0;100;100;22.17;4.83;13.88;0.73;0.76;0.117;39.3;6.39;3.09;1.94;0.34;1.14;6.4;89;67.8;6.2;2.3;12.8;0.36;0.24;0.07;0.1;6.15;6.06;0.241;60.7;25.16;13.94;6.65;1.15;3.7;7.48;137.6;69.6;45.7;7.4;15;3.41;1.65;0.42;0.57
-11;100;50;0;0;18.5;3.01;8.66;0.8;0.79;0.104;30.8;7.47;3.52;2.33;0.42;1.32;3.91;80.8;67.7;2.7;2.6;7.8;0.53;0.06;0.08;0.11;2.21;2.24;0.208;69.2;10.74;5.69;2.99;0.47;1.69;4.75;181.6;139.6;29.1;3.4;9.5;0.82;0.98;0.18;0.25
-11;100;50;0;50;19.02;3.52;9.87;0.82;0.83;0.106;30.6;7.72;3.67;2.39;0.4;1.44;4.45;84.4;70.8;1.8;2.9;8.9;0.56;0.06;0.09;0.12;3;2.97;0.22;69.4;13.51;7.36;3.7;0.61;2.08;5.42;191.7;131.1;45.6;4.2;10.8;0.79;1.63;0.24;0.32
-11;100;50;0;100;19.74;3.67;10.91;0.82;0.84;0.107;31.9;7.82;3.69;2.45;0.42;1.38;4.94;87.9;73.7;1.6;2.8;9.9;0.57;0.08;0.08;0.11;3.64;3.71;0.236;68.1;15.72;8.5;4.29;0.73;2.29;5.97;187.6;123.5;47.5;4.6;11.9;0.73;2.38;0.25;0.35
-11;100;50;50;0;19.99;3.54;10.01;0.87;0.87;0.106;35.8;8.12;3.98;2.48;0.42;1.53;4.49;84;66.4;5.5;3.1;9;0.52;0.13;0.09;0.12;3.05;3;0.222;64.2;13.49;7.22;3.7;0.63;2.01;5.52;150.7;107.2;28.5;4;11;1.48;0.98;0.22;0.31
-11;100;50;50;50;20.27;4.13;11.8;0.93;0.92;0.11;34.5;8.31;3.88;2.62;0.44;1.46;5.39;86.7;68.7;4.3;2.9;10.8;0.55;0.16;0.1;0.12;4.28;4.17;0.236;65.5;17.71;9.85;4.72;0.78;2.68;6.41;164.8;102.6;44;5.4;12.8;1.94;1.55;0.29;0.4
-11;100;50;50;100;20.92;4.82;13.62;0.94;0.96;0.112;36;8.47;3.98;2.64;0.47;1.52;6.32;92.1;71.5;5;3;12.6;0.57;0.17;0.09;0.13;5.42;5.48;0.249;64.1;22.01;12.25;5.8;0.96;3.3;7.3;164.2;97;46;6.6;14.6;2.33;2.29;0.36;0.49
-11;100;50;100;0;21.58;4.04;11.41;0.99;1;0.11;42.3;9.03;4.37;2.78;0.49;1.66;5.25;87.1;64.6;8.8;3.3;10.5;0.52;0.25;0.11;0.13;3.65;3.66;0.233;57.7;15.72;8.7;4.21;0.71;2.38;6.16;118.6;73.9;27.6;4.8;12.3;2.09;0.93;0.28;0.35
-11;100;50;100;50;22.22;4.74;13.86;1.04;1.05;0.116;40.7;8.93;4.22;2.83;0.52;1.57;6.29;93.5;66.6;11.1;3.1;12.6;0.51;0.31;0.09;0.13;5.25;5.29;0.244;59.3;21.72;12;5.73;0.93;3.17;7.57;136.1;71.2;43.4;6.3;15.1;2.92;1.54;0.35;0.49
-11;100;50;100;100;22.28;5.41;15.3;1.09;1.13;0.12;41.4;9.32;4.51;2.82;0.51;1.7;7.1;96;69.2;9.2;3.4;14.2;0.55;0.33;0.11;0.14;6.54;6.47;0.254;58.6;25.51;14.24;6.6;1.16;3.71;8.2;135.9;67.7;44.4;7.4;16.4;3.29;2.22;0.4;0.56
-11;100;100;0;0;18.67;3.52;10.18;0.99;1.02;0.106;32.4;9.49;4.49;2.99;0.49;1.71;4.67;85.8;69.1;4;3.4;9.3;0.67;0.1;0.11;0.15;2.54;2.6;0.222;67.6;11.72;6.27;3.27;0.56;1.81;5.5;179;135.8;28.5;3.6;11;0.79;1.36;0.19;0.27
-11;100;100;0;50;19.05;3.76;11.08;1.06;1.04;0.107;32.1;9.62;4.58;2.96;0.51;1.7;5.1;88.6;72.4;2.6;3.4;10.2;0.7;0.09;0.1;0.14;3.5;3.48;0.244;67.9;14.23;7.81;3.83;0.67;2.06;5.98;187.7;126.9;44.8;4.1;12;0.76;2.16;0.23;0.32
-11;100;100;0;100;19.96;4.21;12.18;1.07;1.09;0.108;33.5;9.98;4.68;3.07;0.55;1.77;5.49;92.4;75.5;2.3;3.5;11;0.73;0.11;0.11;0.15;4.4;4.44;0.263;66.5;16.9;9.56;4.36;0.76;2.44;6.68;183.7;118.5;46.9;4.9;13.4;0.7;3.08;0.27;0.39
-11;100;100;50;0;20.13;4.02;11.56;1.12;1.14;0.111;37.4;10.19;4.87;3.19;0.5;1.84;5.22;89.6;67.5;8.1;3.7;10.4;0.65;0.22;0.11;0.16;3.48;3.4;0.234;62.6;14.59;8.05;3.85;0.67;2.18;6.33;150;105.1;27.9;4.4;12.7;1.49;1.34;0.24;0.33
-11;100;100;50;50;20.55;4.61;13.19;1.17;1.19;0.114;36.2;10.37;4.91;3.22;0.56;1.84;6.02;92.5;70.2;6.6;3.7;12;0.68;0.24;0.11;0.16;4.73;4.71;0.253;63.8;18.65;10.4;4.92;0.79;2.76;7.16;163;99.6;43.6;5.5;14.3;1.86;2.13;0.3;0.42
-11;100;100;50;100;21;5.16;14.81;1.23;1.22;0.115;37;10.5;5.03;3.32;0.56;1.91;6.68;95.1;73;4.9;3.8;13.4;0.71;0.24;0.11;0.16;6.04;6.07;0.267;63;22.7;12.84;5.83;1.02;3.25;8.14;162.1;93.9;45.4;6.5;16.3;2.2;2.99;0.38;0.5
-11;100;100;100;0;21.58;4.58;12.76;1.29;1.29;0.115;44.1;11.13;5.35;3.45;0.6;2.01;5.84;93.8;65.5;12.7;4;11.7;0.63;0.36;0.13;0.17;4.16;4.05;0.241;55.9;16.84;9.49;4.34;0.76;2.56;6.92;118.9;72.7;27.2;5.1;13.8;2.09;1.3;0.29;0.38
-11;100;100;100;50;22.04;5.11;15.01;1.3;1.36;0.121;41.8;11.18;5.38;3.45;0.58;2;6.86;96.4;67.9;10.8;4;13.7;0.65;0.42;0.13;0.16;5.86;5.71;0.257;58.2;22.24;12.42;5.77;1.01;3.11;8.15;134.2;69.5;42.2;6.2;16.3;2.83;2.06;0.33;0.49
-11;100;100;100;100;22.26;5.78;16.68;1.45;1.44;0.124;42.2;11.48;5.47;3.6;0.61;2;7.63;98.5;70.5;8.7;4;15.3;0.69;0.46;0.12;0.17;7.17;7.11;0.269;57.8;26.43;15.06;6.77;1.17;3.79;9.05;135.1;66;43.5;7.6;18.1;3.24;2.89;0.42;0.56
-10;0;0;0;0;13.97;1.76;5.02;0.35;0.34;0.104;46.8;2.94;1.41;0.92;0.14;0.54;2.33;157.8;148.2;3.9;1.1;4.7;0.19;0.08;0.03;0.05;1.63;1.6;0.202;53.2;7.89;4.17;2.2;0.39;1.23;2.69;179.7;150.6;21.3;2.5;5.4;0.82;0.47;0.12;0.18
-10;0;0;0;50;13.6;1.88;5.51;0.3;0.33;0.106;47.4;2.82;1.32;0.88;0.17;0.51;2.54;159.8;150.9;2.8;1;5.1;0.19;0.07;0.03;0.04;1.8;1.83;0.205;52.6;8.92;4.69;2.5;0.45;1.37;2.97;177.6;147.6;21.3;2.7;5.9;0.81;0.69;0.14;0.2
-10;0;0;0;100;13.96;2.27;6.34;0.33;0.33;0.107;47.2;2.73;1.34;0.83;0.15;0.49;2.98;165.5;156.8;1.8;1;6;0.2;0.06;0.03;0.05;2.35;2.35;0.21;52.8;11.18;5.98;3.09;0.56;1.78;3.35;184.9;140.8;33.8;3.6;6.7;0.82;1.08;0.19;0.25
-10;0;0;50;0;15.55;2.3;6.43;0.38;0.42;0.11;52.1;3.53;1.66;1.14;0.18;0.65;3;159.2;145.1;6.8;1.3;6;0.18;0.13;0.04;0.06;2.35;2.36;0.222;47.9;10.67;5.8;2.81;0.5;1.65;3.43;146.5;115.7;20.7;3.3;6.9;1.5;0.46;0.18;0.23
-10;0;0;50;50;15.66;2.77;7.84;0.44;0.42;0.113;52.2;3.53;1.68;1.11;0.17;0.63;3.58;161.3;147.1;5.7;1.3;7.2;0.19;0.14;0.04;0.05;3.21;3.23;0.229;47.8;14.13;7.62;3.78;0.65;2.14;4.26;147.8;113.9;21.1;4.3;8.5;2.01;0.68;0.23;0.31
-10;0;0;50;100;15.61;3.28;9.42;0.43;0.46;0.121;50.9;3.59;1.7;1.14;0.17;0.59;4.34;165;150.6;4.6;1.2;8.7;0.2;0.16;0.04;0.06;4.18;4.17;0.234;49.1;17.85;9.86;4.79;0.76;2.69;5.08;158.8;110.9;32.4;5.4;10.2;2.46;1.02;0.31;0.39
-10;0;0;100;0;17.16;2.82;7.8;0.44;0.48;0.112;59;4.07;1.96;1.23;0.22;0.78;3.6;160.7;142.3;9.6;1.6;7.2;0.18;0.18;0.05;0.07;3.06;3.07;0.231;41;13.33;7.27;3.59;0.6;2.04;4.2;111.5;78.7;20.3;4.1;8.4;2.12;0.45;0.21;0.29
-10;0;0;100;50;17.4;3.57;10.09;0.52;0.53;0.118;58.4;4.33;2.11;1.33;0.23;0.79;4.6;162;142.3;8.9;1.6;9.2;0.18;0.23;0.05;0.07;4.43;4.39;0.239;41.6;18.42;10.23;4.86;0.87;2.78;5.49;115.5;78.7;20.3;5.6;11;3.05;0.66;0.29;0.39
-10;0;0;100;100;17.35;4.26;11.62;0.52;0.59;0.132;56.5;4.31;2.08;1.32;0.22;0.8;5.39;165.2;145.3;7.5;1.6;10.8;0.18;0.29;0.05;0.07;5.33;5.36;0.242;43.5;22.2;12.48;5.73;0.95;3.46;6.23;127.3;77;31;6.9;12.5;3.55;0.99;0.36;0.45
-10;0;50;0;0;13.66;1.88;5.28;0.37;0.38;0.107;47;3.28;1.58;1.03;0.17;0.62;2.44;158.5;148.5;3.9;1.2;4.9;0.2;0.09;0.04;0.05;1.69;1.73;0.214;53;8.09;4.35;2.25;0.35;1.26;2.85;178.7;150.3;20.2;2.5;5.7;0.8;0.62;0.13;0.18
-10;0;50;0;50;13.36;2.07;5.81;0.38;0.38;0.113;48.1;3.15;1.53;0.94;0.18;0.57;2.7;162.3;153.1;2.7;1.1;5.4;0.21;0.09;0.03;0.05;2.22;2.15;0.219;51.9;9.82;5.36;2.6;0.46;1.5;3.11;174.9;145;20.7;3;6.2;0.81;0.95;0.17;0.22
-10;0;50;0;100;13.32;2.21;6.45;0.4;0.39;0.114;47.7;3.08;1.49;0.95;0.14;0.54;2.98;166.3;157.6;1.7;1.1;6;0.22;0.09;0.04;0.05;2.59;2.6;0.231;52.3;11.25;6.06;3.05;0.54;1.68;3.48;182.1;139.9;31.9;3.4;7;0.78;1.4;0.17;0.25
-10;0;50;50;0;15.22;2.42;6.84;0.47;0.47;0.113;52.2;4.02;1.94;1.26;0.2;0.75;3.15;159.7;145.2;6.7;1.5;6.3;0.2;0.17;0.05;0.06;2.59;2.54;0.229;47.8;11.1;6.1;2.96;0.53;1.67;3.69;146;115.6;19.6;3.3;7.4;1.51;0.62;0.17;0.23
-10;0;50;50;50;15.2;2.87;8.29;0.5;0.52;0.124;52.5;4.01;1.92;1.24;0.21;0.71;3.84;162.4;147.7;5.7;1.4;7.7;0.19;0.22;0.05;0.06;3.53;3.45;0.236;47.5;14.65;8.02;3.94;0.65;2.16;4.46;146.8;113.4;20.1;4.3;8.9;1.98;0.93;0.22;0.31
-10;0;50;50;100;15.44;3.43;9.75;0.56;0.58;0.136;51.7;4.05;2.01;1.27;0.19;0.71;4.51;168.4;151;7;1.4;9;0.2;0.26;0.05;0.06;4.46;4.49;0.246;48.3;18.25;10.05;4.81;0.88;2.71;5.24;157.5;110.6;30.9;5.4;10.5;2.46;1.36;0.28;0.38
-10;0;50;100;0;17.2;3;8.34;0.59;0.59;0.119;59;4.8;2.33;1.49;0.25;0.84;3.9;161.1;141.7;9.9;1.7;7.8;0.19;0.28;0.05;0.07;3.17;3.24;0.237;41;13.69;7.55;3.62;0.59;2.15;4.44;111.8;79;19.6;4.3;8.9;2.12;0.61;0.22;0.29
-10;0;50;100;50;17.31;3.77;10.53;0.69;0.69;0.135;59.3;5.01;2.43;1.49;0.28;0.88;4.91;167.4;142.4;13.5;1.8;9.8;0.19;0.37;0.06;0.08;4.55;4.61;0.244;40.7;18.89;10.46;4.99;0.88;2.89;5.62;115;78.7;19.4;5.8;11.2;3.02;0.88;0.3;0.4
-10;0;50;100;100;17.07;4.25;11.96;0.75;0.78;0.149;57.3;5.14;2.48;1.57;0.28;0.87;5.47;169.7;145.4;11.6;1.7;10.9;0.2;0.44;0.06;0.08;5.74;5.7;0.251;42.7;22.72;12.64;6.01;0.98;3.38;6.48;126.2;76.9;29.6;6.8;13;3.53;1.32;0.37;0.48
-10;0;100;0;0;13.34;2;5.79;0.46;0.45;0.117;47.8;3.67;1.76;1.12;0.19;0.63;2.65;162.2;149.8;5.8;1.3;5.3;0.21;0.14;0.05;0.05;2.03;2;0.221;52.2;9.05;4.89;2.42;0.43;1.37;3.13;177.2;148.8;19.4;2.7;6.3;0.83;0.83;0.14;0.19
-10;0;100;0;50;12.83;2.23;6.18;0.48;0.46;0.123;48.8;3.52;1.73;1.05;0.19;0.62;2.88;165.2;154.3;4;1.2;5.8;0.22;0.15;0.04;0.05;2.42;2.4;0.233;51.2;10.3;5.7;2.7;0.48;1.61;3.3;173.1;143.7;19.5;3.2;6.6;0.8;1.21;0.16;0.23
-10;0;100;0;100;12.91;2.34;6.57;0.48;0.43;0.123;48.7;3.26;1.64;0.97;0.16;0.57;3.1;169.5;159.6;2.5;1.1;6.2;0.22;0.12;0.04;0.05;3.09;3.07;0.255;51.3;12.02;6.74;3.15;0.51;1.76;3.47;178.6;137.6;30.6;3.5;6.9;0.78;1.84;0.2;0.25
-10;0;100;50;0;14.74;2.63;7.34;0.64;0.62;0.128;53;4.71;2.35;1.44;0.22;0.85;3.41;163.9;145.2;10.1;1.7;6.8;0.21;0.28;0.06;0.08;2.76;2.73;0.234;47;11.68;6.47;3.06;0.53;1.78;3.93;145.5;115.5;18.6;3.6;7.9;1.52;0.77;0.19;0.26
-10;0;100;50;50;14.75;3.06;8.69;0.6;0.65;0.138;53.1;4.59;2.27;1.35;0.23;0.85;3.9;165.8;147.8;8.5;1.7;7.8;0.21;0.32;0.06;0.07;3.74;3.72;0.245;46.9;15.19;8.41;3.96;0.71;2.21;4.78;146.3;113.3;19;4.4;9.6;2;1.16;0.23;0.32
-10;0;100;50;100;14.84;3.46;10.04;0.63;0.66;0.147;52.3;4.42;2.19;1.27;0.24;0.74;4.61;170.1;152.7;6.7;1.5;9.2;0.22;0.33;0.04;0.07;4.91;4.92;0.26;47.7;18.94;10.69;4.95;0.8;2.72;5.43;154.9;109.1;29.4;5.4;10.9;2.44;1.77;0.29;0.41
-10;0;100;100;0;16.54;3.02;8.84;0.74;0.76;0.133;59.8;5.65;2.75;1.69;0.32;0.95;4.1;165.7;140.7;14.9;1.9;8.2;0.19;0.42;0.07;0.09;3.53;3.4;0.241;40.2;14.13;7.87;3.71;0.63;2.07;4.74;111.3;79.6;18.1;4.1;9.5;2.14;0.75;0.22;0.3
-10;0;100;100;50;16.59;3.79;11.11;0.86;0.88;0.149;59.2;5.8;2.88;1.74;0.29;0.99;5.1;166.9;141.4;13.3;2;10.2;0.19;0.52;0.07;0.1;4.86;4.87;0.251;40.8;19.43;10.83;5.2;0.89;2.8;6.01;114.9;79.2;18.1;5.6;12;3.06;1.1;0.3;0.42
-10;0;100;100;100;16.5;4.31;12.36;0.87;0.92;0.162;57.6;5.64;2.85;1.66;0.27;0.98;5.67;169.9;145.4;11.3;2;11.3;0.21;0.57;0.06;0.08;6.02;6.03;0.262;42.4;23.07;12.97;6.02;1.02;3.33;6.69;124.8;76.9;27.8;6.7;13.4;3.54;1.65;0.36;0.48
-10;50;0;0;0;15.94;2.12;6.1;0.51;0.52;0.111;39.4;4.47;2.13;1.46;0.21;0.8;2.78;118.2;107.5;3.6;1.6;5.6;0.33;0.07;0.05;0.07;1.72;1.7;0.198;60.6;8.56;4.45;2.37;0.41;1.33;3.32;182;148.1;24.6;2.7;6.6;0.82;0.54;0.14;0.2
-10;50;0;0;50;16.15;2.44;7.01;0.52;0.52;0.112;40.6;4.5;2.14;1.38;0.25;0.8;3.27;121.8;111;2.7;1.6;6.5;0.34;0.06;0.05;0.07;1.99;2.08;0.2;59.4;10.39;5.46;2.88;0.53;1.64;3.75;178.6;142.4;25.4;3.3;7.5;0.82;0.86;0.17;0.24
-10;50;0;0;100;16.24;2.74;7.91;0.53;0.54;0.114;40.3;4.62;2.22;1.43;0.23;0.8;3.65;126.1;115.6;1.6;1.6;7.3;0.36;0.05;0.05;0.08;2.68;2.67;0.211;59.7;12.63;6.66;3.48;0.6;1.94;4.26;187;135;39.6;3.9;8.5;0.78;1.4;0.21;0.28
-10;50;0;50;0;17.59;2.66;7.72;0.59;0.59;0.113;44.5;5.04;2.47;1.53;0.24;0.93;3.55;120.5;105;6.5;1.9;7.1;0.32;0.13;0.06;0.08;2.53;2.49;0.217;55.5;11.48;6.16;3.17;0.56;1.74;4.17;150;114;24.2;3.5;8.3;1.53;0.53;0.17;0.26
-10;50;0;50;50;17.83;3.24;9.19;0.59;0.6;0.116;45.2;5.04;2.37;1.57;0.3;0.91;4.23;123.6;107.7;5.7;1.8;8.5;0.32;0.14;0.06;0.08;3.3;3.36;0.223;54.8;15.11;8.11;4.15;0.71;2.34;4.96;150.2;110.8;24.8;4.7;9.9;1.95;0.84;0.24;0.33
-10;50;0;50;100;18.16;3.8;10.86;0.6;0.63;0.121;43.9;5.07;2.42;1.58;0.26;0.87;4.96;127.3;111.3;4.4;1.7;9.9;0.33;0.16;0.06;0.08;4.44;4.47;0.232;56.1;19.27;10.46;5.3;0.9;2.93;5.9;162.8;106.4;38.7;5.9;11.8;2.38;1.35;0.32;0.42
-10;50;0;100;0;19.17;3.12;8.83;0.63;0.65;0.114;51.7;5.56;2.64;1.72;0.28;0.99;4.01;123;103.2;9.8;2;8;0.31;0.18;0.06;0.1;3.18;3.14;0.226;48.3;13.87;7.68;3.75;0.62;2.13;4.82;114.9;77.5;23.6;4.3;9.6;2.07;0.53;0.24;0.31
-10;50;0;100;50;19.61;3.96;11.35;0.69;0.68;0.118;51.2;5.64;2.75;1.72;0.3;1.01;5.16;125.2;104.3;8.5;2;10.3;0.3;0.22;0.06;0.09;4.45;4.56;0.234;48.8;19.54;10.59;5.33;0.88;2.95;6.19;119.1;76.5;24.3;5.9;12.4;2.98;0.83;0.32;0.42
-10;50;0;100;100;19.72;4.59;12.96;0.77;0.77;0.128;49.3;5.94;2.89;1.81;0.3;1.09;5.88;129;107.6;7.5;2.2;11.8;0.33;0.29;0.07;0.09;5.52;5.58;0.24;50.7;23.31;12.82;6.25;1.04;3.5;7.08;132.4;73.9;37.3;7;14.2;3.39;1.3;0.37;0.52
-10;50;50;0;0;16.23;2.51;7.35;0.7;0.69;0.112;40.4;5.99;2.82;1.86;0.34;1.01;3.43;122;109.5;3.6;2;6.9;0.44;0.09;0.06;0.09;1.91;1.95;0.208;59.6;9.37;4.95;2.64;0.48;1.49;3.92;180.2;144.8;24.5;3;7.8;0.79;0.8;0.15;0.21
-10;50;50;0;50;16.39;2.82;8.31;0.72;0.74;0.117;41.7;6.25;2.91;1.99;0.33;1.07;3.84;125.9;113.3;2.7;2.1;7.7;0.47;0.1;0.07;0.1;2.38;2.43;0.214;58.3;11.36;6.04;3.13;0.54;1.75;4.47;176.3;138.7;25.2;3.5;8.9;0.78;1.22;0.18;0.24
-10;50;50;0;100;16.23;3.16;8.96;0.75;0.75;0.118;41.2;6.25;3.02;1.91;0.33;1.13;4.09;129.5;117.4;1.6;2.3;8.2;0.49;0.08;0.08;0.1;3.07;3.08;0.229;58.8;13.43;7.28;3.63;0.64;2.03;4.86;184.6;132.1;38.7;4.1;9.7;0.77;1.8;0.22;0.29
-10;50;50;50;0;17.63;3.14;8.8;0.73;0.79;0.115;45.3;6.81;3.28;2.06;0.4;1.24;4.08;123.5;106.3;6.6;2.5;8.2;0.43;0.17;0.08;0.11;2.71;2.72;0.225;54.7;12.1;6.64;3.33;0.55;1.9;4.72;149.2;112.5;23.5;3.8;9.4;1.49;0.76;0.21;0.26
-10;50;50;50;50;17.66;3.6;10.41;0.77;0.84;0.12;46.2;6.89;3.26;2.13;0.38;1.22;4.84;127.3;109.9;5.3;2.4;9.7;0.46;0.19;0.08;0.11;3.69;3.64;0.231;53.8;15.83;8.66;4.24;0.76;2.39;5.57;148;108.1;24;4.8;11.1;1.9;1.17;0.24;0.34
-10;50;50;50;100;18.04;4.22;11.8;0.86;0.88;0.127;45.4;6.84;3.36;2.02;0.35;1.22;5.49;133.2;113.4;6.4;2.4;11;0.47;0.23;0.08;0.11;4.85;4.77;0.242;54.6;19.69;10.99;5.19;0.9;3;6.31;160.2;103.9;37.6;6;12.6;2.3;1.73;0.32;0.42
-10;50;50;100;0;19.21;3.49;10.05;0.93;0.91;0.118;52.3;7.57;3.67;2.4;0.34;1.31;4.62;125.8;104.2;9.7;2.6;9.2;0.43;0.27;0.09;0.12;3.33;3.32;0.232;47.7;14.35;7.86;3.84;0.64;2.18;5.43;114.8;76.6;22.9;4.4;10.9;2.03;0.75;0.23;0.3
-10;50;50;100;50;19.48;4.36;12.53;1.04;0.99;0.127;52.8;7.73;3.72;2.39;0.41;1.31;5.76;132.7;105.9;12.7;2.6;11.5;0.44;0.35;0.08;0.12;4.75;4.81;0.24;47.2;20.11;11.11;5.31;0.89;3.06;6.77;118.4;75.3;23.4;6.1;13.5;2.95;1.12;0.31;0.43
-10;50;50;100;100;19.58;4.89;14.16;1.02;1.08;0.135;50.9;7.92;3.87;2.39;0.41;1.39;6.51;135.6;109.1;10.7;2.8;13;0.46;0.41;0.09;0.12;6.04;5.91;0.247;49.1;23.9;13.38;6.34;1.08;3.5;7.65;130.9;72.7;35.9;7;15.3;3.36;1.66;0.37;0.52
-10;50;100;0;0;15.84;2.86;8.41;0.91;0.92;0.116;41.6;7.9;3.68;2.47;0.44;1.36;3.87;126.5;110.8;5.2;2.7;7.7;0.59;0.13;0.09;0.12;2.26;2.22;0.223;58.4;9.96;5.39;2.68;0.46;1.5;4.54;177.9;142.6;23.2;3;9.1;0.79;1.04;0.16;0.22
-10;50;100;0;50;16.2;3.26;9.41;0.94;0.97;0.12;41.3;8.03;3.78;2.52;0.42;1.42;4.3;130.7;115.4;3.8;2.8;8.6;0.61;0.14;0.1;0.12;2.85;2.89;0.236;58.7;12.24;6.77;3.23;0.56;1.83;5.11;185.7;135.3;36.5;3.7;10.2;0.77;1.65;0.19;0.28
-10;50;100;0;100;16.38;3.39;10.06;0.94;0.97;0.118;42.6;8.07;3.8;2.49;0.43;1.38;4.64;134.3;119.9;2.3;2.8;9.3;0.64;0.11;0.09;0.13;3.67;3.68;0.261;57.4;14.12;7.94;3.7;0.65;2.01;5.42;180.8;128.1;37.8;4;10.8;0.72;2.44;0.21;0.3
-10;50;100;50;0;17.37;3.44;10.11;1.04;1.08;0.121;46.7;8.85;4.28;2.74;0.47;1.57;4.68;129.7;107.7;9.5;3.1;9.4;0.58;0.26;0.1;0.15;2.97;2.98;0.233;53.3;12.78;6.93;3.43;0.63;1.88;5.43;147.9;110.8;22.5;3.8;10.9;1.47;1.03;0.21;0.27
-10;50;100;50;50;17.8;4.01;11.44;1.12;1.14;0.126;45.6;8.93;4.34;2.72;0.48;1.55;5.23;133;111.6;7.9;3.1;10.5;0.6;0.3;0.1;0.14;4.09;4.06;0.245;54.4;16.54;9.21;4.31;0.72;2.46;6.22;158.8;106.1;35.4;4.9;12.4;1.84;1.59;0.26;0.36
-10;50;100;50;100;17.91;4.5;12.83;1.12;1.17;0.131;46.1;8.82;4.38;2.61;0.48;1.58;5.9;135.7;114.4;6.3;3.2;11.8;0.6;0.31;0.11;0.15;5.29;5.3;0.263;53.9;20.17;11.38;5.2;0.95;2.92;6.93;158.6;102.7;36.2;5.8;13.9;2.29;2.3;0.3;0.42
-10;50;100;100;0;19.24;3.95;11.46;1.23;1.21;0.124;53.6;9.68;4.62;3.07;0.52;1.66;5.27;133.1;105.2;14.1;3.3;10.5;0.56;0.39;0.11;0.16;3.67;3.63;0.239;46.4;15.19;8.36;4.06;0.7;2.29;6.19;115;75.9;22.2;4.6;12.4;2.03;1.02;0.24;0.33
-10;50;100;100;50;19.55;4.72;13.71;1.31;1.32;0.133;51.3;9.87;4.88;2.95;0.5;1.7;6.35;135.8;107.1;12.6;3.4;12.7;0.57;0.48;0.11;0.16;5.21;5.16;0.251;48.7;20.61;11.48;5.46;0.92;3.02;7.37;128.9;74.3;33.8;6;14.7;2.88;1.53;0.32;0.43
-10;50;100;100;100;19.38;5.2;14.97;1.43;1.41;0.14;51.5;10.01;4.86;3.01;0.52;1.69;6.87;137.5;109.7;10.7;3.4;13.7;0.6;0.55;0.11;0.15;6.38;6.36;0.264;48.5;24.12;13.61;6.28;1.07;3.51;8.1;129.6;72.3;34.1;7;16.2;3.32;2.17;0.37;0.5
-10;100;0;0;0;17.96;2.34;6.96;0.63;0.61;0.112;29.6;5.34;2.54;1.66;0.29;0.92;3.17;77.3;65.5;3.6;1.8;6.3;0.41;0.06;0.06;0.08;1.8;1.78;0.192;70.4;9.25;4.83;2.57;0.47;1.43;3.79;184.2;145.3;28.4;2.9;7.6;0.79;0.64;0.15;0.2
-10;100;0;0;50;18.55;2.77;8.14;0.63;0.64;0.114;31;5.49;2.66;1.66;0.31;0.95;3.74;80.5;68.6;2.5;1.9;7.5;0.43;0.06;0.06;0.09;2.43;2.37;0.2;69;11.8;6.26;3.3;0.54;1.82;4.39;179.3;137.1;29.8;3.6;8.8;0.78;1.14;0.18;0.27
-10;100;0;0;100;19.01;3.21;9.02;0.62;0.63;0.114;30.5;5.43;2.63;1.64;0.29;1;4.17;83.4;71.4;1.6;2;8.3;0.43;0.05;0.06;0.08;3.01;2.95;0.208;69.5;14.16;7.58;3.81;0.71;2.22;4.85;190.3;129.5;46.6;4.4;9.7;0.73;1.68;0.24;0.3
-10;100;0;50;0;19.72;2.91;8.42;0.66;0.67;0.113;34.5;5.82;2.68;1.86;0.31;1.01;3.77;80.3;64.1;6.6;2;7.5;0.39;0.12;0.06;0.09;2.57;2.58;0.212;65.5;12.18;6.54;3.39;0.55;1.89;4.65;152.7;111.8;27.9;3.8;9.3;1.48;0.62;0.19;0.29
-10;100;0;50;50;20.14;3.57;10.2;0.67;0.7;0.116;35.5;5.93;2.85;1.83;0.29;1.06;4.69;83.6;66.6;5.5;2.1;9.4;0.4;0.13;0.07;0.1;3.64;3.62;0.221;64.5;16.43;8.91;4.44;0.76;2.51;5.51;152;106.8;29.1;5;11;1.88;1.11;0.27;0.37
-10;100;0;50;100;20.71;4.17;12.24;0.72;0.74;0.12;34.4;6.1;2.89;1.94;0.32;1.09;5.72;87.1;69.2;4.3;2.2;11.4;0.43;0.15;0.07;0.09;4.59;4.66;0.227;65.6;20.5;11.18;5.61;0.96;3.07;6.52;165.9;101.6;45.1;6.1;13;2.26;1.64;0.32;0.44
-10;100;0;100;0;21.25;3.27;9.67;0.73;0.74;0.114;41.6;6.35;3.04;1.97;0.33;1.13;4.48;84;63.2;9.5;2.3;9;0.39;0.18;0.07;0.1;3.18;3.18;0.221;58.4;14.42;7.73;3.92;0.71;2.14;5.19;117.8;75.7;27.4;4.3;10.4;2.03;0.62;0.23;0.31
-10;100;0;100;50;21.51;4.25;12.23;0.8;0.79;0.117;41.6;6.64;3.2;2.06;0.37;1.18;5.58;86.4;64.6;8.2;2.4;11.2;0.4;0.21;0.08;0.1;4.68;4.7;0.232;58.4;20.3;11.05;5.47;0.97;3.08;6.65;121.2;73.8;27.9;6.2;13.3;2.87;1.06;0.33;0.44
-10;100;0;100;100;22;4.96;13.86;0.87;0.87;0.125;39.5;6.84;3.29;2.15;0.36;1.2;6.41;89.3;67;7.1;2.4;12.8;0.41;0.27;0.08;0.11;5.83;5.76;0.235;60.5;24.5;13.51;6.42;1.2;3.76;7.45;136.7;70.7;43.6;7.5;14.9;3.25;1.58;0.42;0.52
-10;100;50;0;0;18.4;3.06;8.96;0.89;0.94;0.113;31.2;8.18;3.83;2.6;0.44;1.45;4.12;82;67.3;3.6;2.9;8.2;0.63;0.09;0.1;0.13;2.12;2.11;0.204;68.8;10.35;5.52;2.88;0.52;1.61;4.84;181.4;140.6;27.9;3.2;9.7;0.76;0.94;0.17;0.24
-10;100;50;0;50;18.84;3.38;9.81;0.95;0.96;0.116;30.7;8.21;3.89;2.52;0.44;1.4;4.51;84.6;70.4;2.4;2.8;9;0.65;0.08;0.1;0.13;2.82;2.77;0.216;69.3;12.8;6.99;3.45;0.57;1.98;5.3;191;132.3;44.1;4;10.6;0.74;1.54;0.21;0.29
-10;100;50;0;100;19.43;3.87;11.26;0.93;1;0.117;32.2;8.45;4.02;2.63;0.46;1.53;5.09;88.4;73.6;1.6;3.1;10.2;0.68;0.08;0.1;0.13;3.54;3.54;0.226;67.8;15.66;8.49;4.3;0.71;2.34;6.17;186.6;123.6;46;4.7;12.3;0.71;2.23;0.24;0.37
-10;100;50;50;0;19.82;3.54;10.36;0.94;1.02;0.114;35.8;8.8;4.16;2.79;0.48;1.58;4.71;84.4;65.6;6.3;3.2;9.4;0.62;0.16;0.1;0.14;2.78;2.86;0.219;64.2;13.1;6.9;3.7;0.6;1.96;5.65;151.2;108.9;27.1;3.9;11.3;1.45;0.92;0.2;0.29
-10;100;50;50;50;20.2;4.17;11.99;1.06;1.06;0.119;34.7;8.89;4.29;2.73;0.48;1.59;5.46;87.4;68;5.3;3.2;10.9;0.63;0.2;0.1;0.14;4.01;3.96;0.231;65.3;17.15;9.45;4.53;0.75;2.58;6.54;164.6;104.1;42.3;5.2;13.1;1.83;1.48;0.28;0.37
-10;100;50;50;100;20.91;4.89;13.87;1.1;1.13;0.124;36.1;9.08;4.4;2.83;0.45;1.62;6.33;92.9;70.9;6;3.2;12.7;0.66;0.22;0.11;0.14;5.1;5.12;0.239;63.9;21.44;11.81;5.7;0.98;3.27;7.53;164.1;98.2;44.4;6.5;15.1;2.18;2.13;0.34;0.47
-10;100;50;100;0;21.59;3.98;11.41;1.09;1.12;0.118;42.4;9.38;4.46;2.94;0.49;1.66;5.17;87.2;64;9.6;3.3;10.3;0.59;0.27;0.11;0.15;3.37;3.42;0.226;57.6;15.1;8.2;4.08;0.75;2.32;6.24;118.6;74.7;26.8;4.6;12.5;1.94;0.89;0.25;0.34
-10;100;50;100;50;21.7;4.8;13.75;1.19;1.2;0.124;41;9.53;4.61;2.89;0.49;1.65;6.31;93.8;65.7;12.1;3.3;12.6;0.61;0.33;0.12;0.14;5.08;4.99;0.239;59;20.92;11.69;5.42;0.96;3.15;7.44;134.6;72.4;41;6.3;14.9;2.81;1.42;0.32;0.44
-10;100;50;100;100;22.12;5.5;15.65;1.22;1.28;0.129;41.7;9.81;4.73;3.02;0.51;1.74;7.27;96.7;68.7;9.9;3.5;14.5;0.64;0.38;0.11;0.15;6.24;6.14;0.244;58.3;25.16;14.05;6.59;1.2;3.76;8.38;135.3;68.3;42.7;7.5;16.8;3.15;2.05;0.4;0.53
-10;100;100;0;0;18.36;3.56;10.52;1.12;1.2;0.115;32.8;10.29;4.89;3.22;0.55;1.85;4.88;87.1;68.7;5;3.7;9.8;0.8;0.12;0.11;0.17;2.48;2.48;0.219;67.2;11.34;6.12;3.14;0.55;1.71;5.64;178.7;136.9;27.1;3.4;11.3;0.75;1.3;0.19;0.25
-10;100;100;0;50;19.03;4.01;11.25;1.17;1.22;0.118;32.2;10.23;4.9;3.17;0.5;1.82;5.17;89.5;71.9;3.6;3.6;10.3;0.81;0.13;0.12;0.16;3.29;3.26;0.234;67.8;13.9;7.7;3.67;0.64;2.18;6.08;188.4;128.4;43.5;4.4;12.2;0.72;2.02;0.23;0.3
-10;100;100;0;100;19.45;4.17;12.16;1.22;1.21;0.117;33.6;10.31;4.93;3.22;0.51;1.8;5.47;92;75.3;2.2;3.6;10.9;0.85;0.1;0.11;0.15;4.26;4.27;0.26;66.4;16.4;9.21;4.26;0.7;2.37;6.69;182.5;119.1;45.2;4.7;13.4;0.68;2.99;0.24;0.35
-10;100;100;50;0;19.88;4.04;11.68;1.31;1.34;0.12;37.8;11.06;5.26;3.45;0.59;1.93;5.38;90.9;66.8;9.4;3.9;10.8;0.77;0.26;0.13;0.18;3.2;3.2;0.229;62.2;13.98;7.67;3.73;0.62;2.11;6.3;149.8;106.4;26.5;4.2;12.6;1.41;1.26;0.23;0.3
-10;100;100;50;50;20.43;4.64;13.27;1.33;1.35;0.123;36.3;10.87;5.2;3.42;0.54;1.89;6.08;92.9;69.5;7.5;3.8;12.2;0.78;0.29;0.12;0.16;4.45;4.41;0.243;63.7;18.15;10.2;4.62;0.86;2.75;7.2;162.8;101.1;41.8;5.5;14.4;1.8;1.95;0.29;0.38
-10;100;100;50;100;20.77;5.16;14.78;1.4;1.41;0.126;37.2;11.08;5.27;3.42;0.59;1.89;6.85;95.6;72.1;6;3.8;13.7;0.81;0.29;0.13;0.18;5.84;5.82;0.263;62.8;22.16;12.48;5.83;0.96;3.27;7.92;161.6;95.8;43.4;6.5;15.8;2.16;2.86;0.35;0.45
-10;100;100;100;0;21.45;4.58;13.01;1.45;1.46;0.122;44.6;11.8;5.75;3.6;0.62;2.14;6.01;95.1;64.9;13.9;4.3;12;0.74;0.39;0.14;0.19;3.84;3.81;0.235;55.4;16.22;8.92;4.31;0.75;2.43;7.01;118.2;73.4;25.9;4.9;14;1.96;1.24;0.26;0.36
-10;100;100;100;50;21.73;5.46;15.15;1.51;1.52;0.129;41.8;11.75;5.78;3.55;0.59;2.09;6.87;96.6;66.9;11.7;4.2;13.7;0.75;0.45;0.14;0.18;5.5;5.48;0.248;58.2;22.09;12.43;5.75;0.98;3.37;8.28;134.3;70.8;40.2;6.7;16.6;2.78;1.86;0.36;0.48
-10;100;100;100;100;22.14;5.89;16.87;1.61;1.63;0.133;42.6;12.08;5.92;3.62;0.61;2.08;7.86;99.7;69.8;9.9;4.2;15.7;0.8;0.51;0.13;0.19;6.78;6.79;0.263;57.4;25.82;14.66;6.69;1.17;3.8;9.01;134.2;66.9;41.7;7.6;18;3.08;2.79;0.39;0.53
-9;0;0;0;0;13.81;1.84;5.14;0.39;0.4;0.109;46.7;3.34;1.65;1.02;0.16;0.63;2.37;157.7;147;4.7;1.3;4.7;0.2;0.09;0.05;0.06;1.45;1.5;0.198;53.3;7.57;3.96;2.14;0.38;1.21;2.77;179.9;152;19.9;2.4;5.5;0.76;0.45;0.12;0.17
-9;0;0;0;50;13.5;1.91;5.6;0.41;0.38;0.111;47.4;3.15;1.5;0.97;0.18;0.51;2.55;159.9;150.3;3.4;1;5.1;0.2;0.09;0.03;0.05;1.74;1.79;0.199;52.6;8.96;4.69;2.49;0.47;1.4;3.06;177.6;148.2;20.5;2.8;6.1;0.8;0.62;0.15;0.21
-9;0;0;0;100;13.65;2.24;6.24;0.36;0.37;0.11;47.1;3.08;1.44;0.97;0.18;0.52;2.92;164.4;154.8;2.7;1;5.8;0.21;0.08;0.03;0.05;2.16;2.19;0.208;52.9;10.52;5.72;2.86;0.45;1.72;3.32;184.8;143;31.7;3.4;6.6;0.78;1;0.18;0.22
-9;0;0;50;0;15.53;2.24;6.54;0.43;0.44;0.111;52.1;3.75;1.79;1.14;0.2;0.68;3.07;159.2;144.2;7.5;1.4;6.1;0.2;0.14;0.04;0.06;2.25;2.27;0.217;47.9;10.47;5.55;2.86;0.53;1.56;3.47;146.2;116.4;19.8;3.1;6.9;1.45;0.44;0.16;0.22
-9;0;0;50;50;15.6;2.73;8.03;0.5;0.48;0.118;52.1;3.87;1.86;1.2;0.21;0.66;3.71;161;145.8;6.5;1.3;7.4;0.2;0.17;0.04;0.06;3.01;3.05;0.221;47.9;13.81;7.45;3.8;0.66;2.07;4.33;148.1;115;20.3;4.1;8.7;1.91;0.61;0.23;0.3
-9;0;0;50;100;15.67;3.28;9.38;0.5;0.49;0.124;50.9;3.7;1.79;1.12;0.18;0.64;4.34;164.5;149.1;5.5;1.3;8.7;0.19;0.2;0.04;0.06;3.87;3.96;0.229;49.1;17.3;9.37;4.64;0.84;2.64;5.04;158.6;112.2;31;5.3;10.1;2.33;0.98;0.27;0.37
-9;0;0;100;0;17.27;2.82;7.83;0.51;0.51;0.114;59.1;4.34;2.1;1.34;0.22;0.8;3.57;160.8;141.4;10.6;1.6;7.1;0.19;0.2;0.05;0.07;2.86;2.91;0.225;40.9;12.93;7.05;3.49;0.54;2.01;4.25;111.1;79.2;19.3;4;8.5;1.99;0.43;0.2;0.29
-9;0;0;100;50;17.53;3.52;10.11;0.61;0.58;0.124;58.6;4.54;2.21;1.4;0.23;0.77;4.7;162.5;141.7;9.8;1.5;9.4;0.19;0.27;0.05;0.07;4.1;4.14;0.231;41.4;17.99;9.75;4.9;0.84;2.75;5.42;114.9;79;19.6;5.5;10.8;2.87;0.6;0.29;0.39
-9;0;0;100;100;17.46;3.95;11.65;0.64;0.63;0.132;56.8;4.66;2.23;1.46;0.25;0.77;5.45;165.4;144.3;8.6;1.5;10.9;0.19;0.32;0.05;0.07;4.9;5.06;0.236;43.2;21.47;11.62;5.87;0.99;3.19;6.2;125.9;77.5;29.6;6.4;12.4;3.33;0.93;0.33;0.46
-9;0;50;0;0;13.3;1.83;5.33;0.37;0.41;0.111;46.8;3.44;1.59;1.1;0.19;0.58;2.41;157.7;147.4;4.3;1.2;4.8;0.2;0.11;0.04;0.06;1.65;1.7;0.212;53.2;7.99;4.23;2.24;0.39;1.25;2.91;179.1;151.6;19.2;2.5;5.8;0.79;0.59;0.14;0.18
-9;0;50;0;50;13.32;1.96;6.03;0.44;0.42;0.116;47.9;3.41;1.6;1.06;0.17;0.55;2.78;161.6;151.6;3.4;1.1;5.6;0.21;0.12;0.03;0.06;2;2.05;0.216;52.1;9.51;4.97;2.72;0.45;1.41;3.25;176;146.7;19.9;2.8;6.5;0.79;0.91;0.15;0.21
-9;0;50;0;100;13.29;2.34;6.6;0.45;0.45;0.121;47.6;3.46;1.67;1.09;0.18;0.59;3.06;165.8;156.1;2.4;1.2;6.1;0.23;0.12;0.04;0.06;2.47;2.55;0.23;52.4;11.08;6.02;3.04;0.51;1.75;3.54;182.7;141.5;30.6;3.5;7.1;0.77;1.35;0.19;0.23
-9;0;50;50;0;15.25;2.52;6.94;0.56;0.54;0.118;52.1;4.43;2.17;1.33;0.22;0.8;3.16;159.4;143.7;7.8;1.6;6.3;0.2;0.21;0.06;0.07;2.42;2.45;0.225;47.9;10.89;5.9;2.92;0.54;1.72;3.77;146.5;116.8;18.7;3.4;7.5;1.44;0.59;0.17;0.24
-9;0;50;50;50;15.27;2.98;8.35;0.61;0.58;0.127;52.4;4.42;2.22;1.29;0.21;0.8;3.94;162.1;146;6.6;1.6;7.9;0.2;0.25;0.06;0.07;3.28;3.28;0.232;47.6;14.16;7.74;3.85;0.66;2.19;4.41;147;114.8;19;4.4;8.8;1.89;0.86;0.24;0.29
-9;0;50;50;100;15.2;3.4;9.83;0.58;0.6;0.138;51.8;4.18;2.05;1.24;0.22;0.75;4.53;168.7;150.2;7.9;1.5;9.1;0.21;0.29;0.05;0.06;4.26;4.34;0.241;48.2;18.02;9.87;4.87;0.83;2.66;5.3;156.7;111.2;29.5;5.3;10.6;2.36;1.32;0.27;0.4
-9;0;50;100;0;17.09;3;8.39;0.64;0.66;0.125;59;5.15;2.55;1.55;0.27;0.96;3.91;160.5;139.8;11;1.9;7.8;0.19;0.33;0.06;0.07;2.96;3.05;0.232;41;13.13;7.18;3.51;0.63;2.04;4.49;111.4;80.1;18.2;4.1;9;1.99;0.56;0.21;0.27
-9;0;50;100;50;17.17;3.75;10.6;0.77;0.75;0.135;59.3;5.44;2.69;1.59;0.28;0.91;4.89;167.4;141.2;14.6;1.8;9.8;0.2;0.41;0.06;0.08;4.35;4.43;0.239;40.7;18.59;10.32;4.91;0.85;2.83;5.71;114.9;79.3;18.6;5.7;11.4;2.88;0.85;0.3;0.4
-9;0;50;100;100;16.99;4.21;12.05;0.83;0.82;0.149;57.6;5.39;2.71;1.58;0.27;0.94;5.61;169.9;144.3;12.5;1.9;11.2;0.2;0.48;0.06;0.08;5.36;5.45;0.245;42.4;22.23;12.32;5.87;1;3.27;6.45;125.2;77.5;28.2;6.5;12.9;3.36;1.26;0.35;0.47
-9;0;100;0;0;13.11;2.01;5.77;0.48;0.49;0.117;47.5;3.97;1.96;1.19;0.22;0.71;2.64;161.5;147.9;6.8;1.4;5.3;0.22;0.16;0.04;0.07;1.84;1.84;0.219;52.5;8.4;4.51;2.33;0.41;1.3;3.13;178;150.9;18.3;2.6;6.3;0.77;0.75;0.13;0.18
-9;0;100;0;50;12.94;2.18;6.32;0.49;0.52;0.128;48.4;3.85;1.91;1.21;0.18;0.69;2.89;164.3;151.9;5.2;1.4;5.8;0.22;0.19;0.05;0.06;2.25;2.3;0.231;51.6;9.93;5.32;2.74;0.46;1.49;3.43;174.9;146.4;18.8;3;6.9;0.79;1.14;0.16;0.22
-9;0;100;0;100;12.99;2.43;6.72;0.52;0.51;0.131;48.5;3.7;1.85;1.09;0.2;0.65;3.12;169;157.8;3.7;1.3;6.2;0.23;0.17;0.04;0.06;2.84;2.85;0.246;51.5;11.57;6.51;2.97;0.52;1.78;3.6;179.7;139.7;29.3;3.6;7.2;0.74;1.7;0.18;0.24
-9;0;100;50;0;14.81;2.56;7.53;0.64;0.65;0.129;52.7;4.92;2.34;1.55;0.27;0.83;3.42;163.3;143.6;11.2;1.7;6.8;0.2;0.31;0.05;0.08;2.65;2.64;0.23;47.3;11.48;6.27;3.06;0.54;1.73;4.11;146.5;117;17.8;3.5;8.2;1.47;0.74;0.18;0.25
-9;0;100;50;50;14.74;3.15;8.57;0.71;0.72;0.141;53.1;4.95;2.48;1.42;0.26;0.89;3.95;165.8;146.3;9.8;1.8;7.9;0.21;0.36;0.06;0.08;3.45;3.53;0.241;46.9;14.66;8.07;3.89;0.65;2.26;4.62;146.4;114.6;18;4.5;9.2;1.89;1.09;0.24;0.31
-9;0;100;50;100;14.84;3.5;10.06;0.75;0.76;0.154;52.3;4.8;2.42;1.43;0.23;0.81;4.69;169.7;150.7;7.9;1.6;9.4;0.23;0.4;0.05;0.07;4.59;4.58;0.251;47.7;18.23;10.26;4.83;0.8;2.69;5.38;154.9;110.8;28;5.4;10.8;2.31;1.61;0.28;0.38
-9;0;100;100;0;16.49;3.15;8.99;0.85;0.83;0.134;59.6;6.11;3.04;1.82;0.33;1.06;4.15;165.2;138.5;16.3;2.1;8.3;0.2;0.46;0.07;0.1;3.17;3.21;0.237;40.4;13.59;7.45;3.61;0.61;2.09;4.85;111.7;80.9;17;4.2;9.7;2.03;0.69;0.22;0.28
-9;0;100;100;50;16.67;3.91;10.97;0.95;0.94;0.151;59.4;6.21;3.12;1.81;0.3;1.09;5.08;167.7;140.8;14.6;2.2;10.2;0.2;0.57;0.08;0.1;4.62;4.65;0.245;40.6;18.96;10.49;4.92;0.92;2.81;5.89;114.3;79.5;17.3;5.6;11.8;2.86;1.09;0.3;0.39
-9;0;100;100;100;16.49;4.29;12.4;1.02;1.02;0.168;57.8;5.96;3.06;1.71;0.3;0.99;5.77;170;143.9;12.5;2;11.5;0.21;0.65;0.07;0.09;5.66;5.72;0.253;42.2;22.59;12.55;5.96;1;3.29;6.63;124;77.8;26.4;6.6;13.3;3.38;1.52;0.35;0.47
-9;50;0;0;0;15.98;2.16;6.2;0.54;0.55;0.112;39.4;4.76;2.28;1.46;0.25;0.85;2.85;118.7;106.8;4.5;1.7;5.7;0.34;0.09;0.05;0.07;1.64;1.61;0.196;60.6;8.25;4.33;2.35;0.38;1.31;3.35;182.2;149.2;23.7;2.6;6.7;0.77;0.52;0.14;0.19
-9;50;0;0;50;15.9;2.42;7;0.6;0.58;0.116;40.5;4.84;2.32;1.46;0.28;0.83;3.29;121.8;110.1;3.4;1.7;6.6;0.35;0.09;0.06;0.08;1.93;1.93;0.193;59.5;10;5.22;2.83;0.52;1.59;3.72;178.8;143.8;24.4;3.2;7.4;0.77;0.77;0.17;0.22
-9;50;0;0;100;16.31;2.84;7.9;0.57;0.57;0.116;40.3;4.77;2.32;1.47;0.25;0.88;3.69;126.2;114.8;2.3;1.8;7.4;0.36;0.07;0.06;0.08;2.51;2.57;0.21;59.7;12.28;6.56;3.4;0.58;1.96;4.2;187.2;136.4;38.5;3.9;8.4;0.74;1.35;0.2;0.27
-9;50;0;50;0;17.59;2.62;7.59;0.63;0.61;0.114;44.9;5.27;2.49;1.71;0.28;0.9;3.55;121.4;105;7.5;1.8;7.1;0.33;0.14;0.06;0.09;2.38;2.33;0.212;55.1;11.03;5.96;3.01;0.53;1.72;4.04;148.7;114;23.3;3.4;8.1;1.4;0.52;0.17;0.24
-9;50;0;50;50;17.74;3.13;9.26;0.62;0.64;0.118;45.3;5.34;2.5;1.66;0.32;0.92;4.28;123.9;107.2;6.3;1.8;8.6;0.34;0.16;0.06;0.09;3.21;3.15;0.215;54.7;14.68;7.78;4.09;0.68;2.21;4.98;149.7;111.3;24;4.4;10;1.86;0.75;0.22;0.33
-9;50;0;50;100;17.94;3.94;10.93;0.7;0.7;0.123;44.1;5.56;2.69;1.71;0.28;1.03;5.06;127.8;110.4;5.3;2.1;10.1;0.35;0.19;0.06;0.09;4.07;4.25;0.228;55.9;18.63;10.02;5.06;0.91;2.91;5.87;161.9;107.5;36.8;5.8;11.7;2.23;1.29;0.32;0.41
-9;50;0;100;0;18.91;3.08;8.78;0.64;0.69;0.116;51.8;5.81;2.78;1.8;0.3;1.06;4.01;122.8;102.3;10.4;2.1;8;0.32;0.19;0.08;0.1;2.91;2.98;0.222;48.2;13.38;7.18;3.67;0.62;2.02;4.77;114;78.2;22.3;4;9.5;1.98;0.49;0.22;0.29
-9;50;0;100;50;19.34;3.82;11.19;0.78;0.76;0.122;51.7;6.13;2.91;1.88;0.31;1.05;5.14;125.6;103.9;9.3;2.1;10.3;0.33;0.26;0.07;0.09;4.28;4.2;0.225;48.3;18.65;10.07;4.99;0.92;2.77;6.04;117.4;76.9;22.9;5.5;12.1;2.8;0.73;0.28;0.4
-9;50;0;100;100;19.77;4.59;12.87;0.81;0.81;0.129;49.7;6.2;3.05;1.83;0.33;1.14;5.96;129.5;107;8.3;2.3;11.9;0.33;0.31;0.07;0.1;5.17;5.31;0.234;50.3;22.71;12.39;6.12;1.02;3.45;6.91;131;74.4;35.8;6.9;13.8;3.2;1.27;0.36;0.49
-9;50;50;0;0;15.87;2.51;7.29;0.77;0.75;0.115;40.3;6.46;3.08;1.99;0.35;1.14;3.38;121.7;108.4;4.4;2.3;6.8;0.47;0.11;0.07;0.1;1.8;1.82;0.207;59.7;8.82;4.65;2.53;0.39;1.37;3.91;180.3;146.6;23.1;2.7;7.8;0.75;0.73;0.14;0.2
-9;50;50;0;50;15.96;2.86;8.08;0.79;0.81;0.118;41.7;6.74;3.3;1.96;0.36;1.22;3.78;125.7;112.3;3.4;2.4;7.6;0.49;0.12;0.08;0.11;2.33;2.27;0.212;58.3;10.73;5.79;2.91;0.51;1.64;4.3;175.9;140.4;23.6;3.3;8.6;0.74;1.13;0.17;0.23
-9;50;50;0;100;16.03;3.1;8.95;0.8;0.81;0.12;41.4;6.64;3.21;2.08;0.35;1.18;4.2;129.7;116.6;2.3;2.4;8.4;0.5;0.12;0.08;0.11;2.91;2.93;0.227;58.6;12.88;6.98;3.54;0.57;1.92;4.74;183.7;133.4;37;3.8;9.5;0.73;1.71;0.22;0.28
-9;50;50;50;0;17.59;3.08;8.99;0.8;0.84;0.117;45.4;7.11;3.34;2.27;0.39;1.22;4.21;123.9;105.8;7.2;2.4;8.4;0.45;0.2;0.08;0.12;2.6;2.6;0.22;54.6;11.83;6.4;3.24;0.57;1.86;4.78;148.9;113;22.6;3.7;9.6;1.43;0.73;0.19;0.26
-9;50;50;50;50;17.62;3.5;10.36;0.9;0.9;0.122;46.1;7.32;3.51;2.3;0.35;1.26;4.78;126.8;108.5;6.3;2.5;9.6;0.46;0.24;0.09;0.12;3.45;3.49;0.227;53.9;15.37;8.32;4.14;0.72;2.23;5.57;148.4;109.8;23;4.5;11.1;1.81;1.1;0.25;0.33
-9;50;50;50;100;17.73;4.14;11.88;0.96;0.95;0.128;45.5;7.34;3.59;2.24;0.39;1.29;5.52;133.2;112.2;7.4;2.6;11;0.49;0.26;0.09;0.12;4.64;4.58;0.238;54.5;19.25;10.51;5.18;0.85;2.85;6.36;159.4;105.4;35.6;5.7;12.7;2.21;1.66;0.3;0.41
-9;50;50;100;0;19.21;3.42;10.3;0.98;0.97;0.122;52.3;7.89;3.73;2.45;0.46;1.32;4.84;125.9;103.3;10.3;2.6;9.7;0.44;0.31;0.09;0.13;3.08;3.19;0.228;47.7;14.02;7.55;3.9;0.66;2.1;5.46;114.5;77.4;22;4.2;10.9;1.95;0.7;0.22;0.31
-9;50;50;100;50;19.45;4.34;12.72;1.06;1.08;0.129;52.8;8.33;3.98;2.6;0.45;1.41;5.87;132.8;104;14.2;2.8;11.7;0.45;0.4;0.09;0.14;4.4;4.52;0.235;47.2;19.25;10.42;5.27;0.9;2.93;6.85;118.5;76.8;22.1;5.9;13.7;2.76;1.04;0.3;0.41
-9;50;50;100;100;19.36;4.89;14.2;1.13;1.18;0.138;50.9;8.49;4.12;2.59;0.42;1.45;6.55;135.4;107.2;12.2;2.9;13.1;0.47;0.47;0.1;0.14;5.49;5.61;0.243;49.1;23.13;12.72;6.24;1.06;3.44;7.64;130.3;74.3;33.9;6.9;15.3;3.19;1.56;0.37;0.49
-9;50;100;0;0;15.77;2.99;8.65;1.02;1.03;0.118;41.6;8.7;4.14;2.75;0.48;1.51;3.95;127.1;109.6;6.6;3;7.9;0.63;0.16;0.11;0.14;2.02;2.09;0.22;58.4;9.47;5.02;2.6;0.49;1.48;4.7;178.9;144.6;21.9;3;9.4;0.74;0.98;0.16;0.21
-9;50;100;0;50;16.13;3.35;9.43;1.03;1.06;0.122;41.3;8.62;4.17;2.67;0.47;1.56;4.4;130.9;113.9;5.1;3.1;8.8;0.63;0.18;0.1;0.15;2.63;2.7;0.234;58.7;11.55;6.37;3.06;0.56;1.78;5.03;186.1;137.8;34.6;3.6;10.1;0.72;1.54;0.19;0.26
-9;50;100;0;100;16.18;3.46;9.98;1.06;1.05;0.122;42.7;8.56;4.14;2.68;0.42;1.47;4.66;134.4;118.9;3.2;2.9;9.3;0.66;0.15;0.1;0.14;3.52;3.52;0.259;57.3;13.59;7.66;3.47;0.58;1.99;5.32;180.7;129.8;36.3;4;10.6;0.71;2.32;0.21;0.28
-9;50;100;50;0;17.41;3.5;10.14;1.17;1.16;0.122;47;9.43;4.58;2.86;0.48;1.66;4.76;130.6;106.8;10.9;3.3;9.5;0.6;0.3;0.1;0.15;2.82;2.81;0.229;53;12.23;6.61;3.33;0.57;1.85;5.38;147.6;111.8;21.4;3.7;10.8;1.38;0.97;0.19;0.26
-9;50;100;50;50;17.63;4.07;11.69;1.16;1.22;0.128;45.5;9.46;4.6;2.91;0.46;1.65;5.43;132.9;109.8;8.9;3.3;10.9;0.62;0.34;0.11;0.15;3.9;3.89;0.242;54.5;16.07;8.99;4.22;0.71;2.42;6.26;159.1;108.2;33.6;4.8;12.5;1.82;1.49;0.25;0.33
-9;50;100;50;100;17.78;4.52;12.97;1.27;1.27;0.134;46.3;9.39;4.6;2.85;0.44;1.6;6.08;136;113.3;7.3;3.2;12.2;0.63;0.38;0.1;0.15;5.06;5.09;0.259;53.7;19.66;11.02;5.17;0.87;2.92;6.89;158;104;34.4;5.8;13.8;2.19;2.2;0.31;0.39
-9;50;100;100;0;19.04;3.94;11.52;1.28;1.27;0.124;53.8;10.12;4.82;3.14;0.52;1.76;5.35;133.3;103.8;15.3;3.5;10.7;0.58;0.43;0.11;0.15;3.44;3.43;0.235;46.2;14.61;8.04;3.89;0.65;2.18;6.17;114.6;76.9;20.9;4.4;12.3;1.95;0.95;0.23;0.31
-9;50;100;100;50;19.31;4.86;13.88;1.39;1.42;0.135;51.6;10.53;5.24;3.15;0.51;1.88;6.53;136.7;106.2;13.6;3.8;13.1;0.59;0.54;0.12;0.17;4.97;4.94;0.245;48.4;20.15;11.19;5.33;0.9;2.98;7.34;128;75;32.3;6;14.7;2.74;1.48;0.29;0.43
-9;50;100;100;100;19.46;5.22;15.24;1.47;1.54;0.145;51.9;10.58;5.23;3.21;0.54;1.82;7.25;139;108.7;12.2;3.6;14.5;0.61;0.65;0.11;0.18;6.04;6.1;0.259;48.1;23.55;13.18;6.25;1;3.4;7.99;128.8;73.1;33;6.8;16;3.15;2.11;0.36;0.47
-9;100;0;0;0;18;2.48;7.13;0.67;0.68;0.114;29.9;5.85;2.81;1.83;0.3;1.07;3.27;78.4;65.3;4.4;2.1;6.5;0.43;0.08;0.07;0.1;1.73;1.72;0.189;70.1;9.04;4.73;2.56;0.44;1.41;3.85;183.8;145.8;27.4;2.8;7.7;0.74;0.62;0.14;0.21
-9;100;0;0;50;18.32;2.86;8.14;0.68;0.68;0.114;31;5.82;2.8;1.75;0.32;1.05;3.75;80.8;67.9;3.3;2.1;7.5;0.44;0.08;0.07;0.09;2.2;2.29;0.199;69;11.46;6.03;3.24;0.55;1.81;4.4;180;138.9;28.7;3.6;8.8;0.74;1.08;0.2;0.27
-9;100;0;0;100;18.64;3.31;9.27;0.67;0.71;0.117;30.6;6;2.94;1.81;0.32;1.11;4.23;83.7;70.9;2.1;2.2;8.5;0.47;0.07;0.08;0.1;2.76;2.86;0.207;69.4;13.83;7.28;3.9;0.64;2.21;5.04;190.2;131;44.6;4.4;10.1;0.72;1.6;0.22;0.32
-9;100;0;50;0;19.61;3.03;8.41;0.7;0.73;0.114;34.8;6.32;3.04;1.89;0.35;1.14;3.89;81.2;63.9;7.3;2.3;7.8;0.42;0.14;0.07;0.1;2.37;2.43;0.207;65.2;11.73;6.27;3.22;0.54;1.89;4.52;151.9;112.2;26.9;3.8;9;1.38;0.6;0.2;0.25
-9;100;0;50;50;19.85;3.57;10.22;0.73;0.77;0.118;35.8;6.43;3.11;1.99;0.31;1.16;4.8;84.3;66.2;6.1;2.3;9.6;0.43;0.16;0.08;0.11;3.31;3.42;0.217;64.2;15.73;8.44;4.29;0.75;2.41;5.41;150.9;107.6;27.7;4.8;10.8;1.77;1.04;0.26;0.35
-9;100;0;50;100;20.46;4.24;12.23;0.8;0.82;0.121;34.6;6.64;3.18;2.03;0.38;1.18;5.74;87.4;68.5;5;2.4;11.5;0.45;0.18;0.08;0.11;4.34;4.45;0.224;65.4;19.91;10.63;5.49;0.97;3.06;6.5;165.3;102.9;43.3;6.1;13;2.14;1.57;0.3;0.44
-9;100;0;100;0;21.13;3.39;9.69;0.74;0.79;0.115;41.8;6.79;3.27;2.07;0.34;1.23;4.48;84.4;62.6;10.4;2.5;9;0.41;0.2;0.08;0.11;3.04;3.06;0.218;58.2;14.08;7.56;3.85;0.71;2.16;5.21;117.5;76.5;26.2;4.3;10.4;1.95;0.58;0.22;0.31
-9;100;0;100;50;21.75;4.29;12.26;0.84;0.87;0.121;42;7.1;3.43;2.18;0.38;1.25;5.7;87.4;64.2;9.3;2.5;11.4;0.42;0.25;0.08;0.12;4.4;4.49;0.227;58;19.82;10.77;5.42;0.91;3.04;6.55;120.8;74.4;27.2;6.1;13.1;2.7;1.03;0.34;0.43
-9;100;0;100;100;21.96;4.98;14.01;0.98;0.95;0.126;39.9;7.41;3.63;2.24;0.4;1.29;6.5;90.1;66.4;8.1;2.6;13;0.44;0.31;0.09;0.12;5.5;5.5;0.231;60.1;23.87;13.06;6.4;1.09;3.68;7.5;135.6;71.5;41.8;7.4;15;3.08;1.52;0.38;0.51
-9;100;50;0;0;18.23;3.16;8.99;1.03;1;0.115;31.3;8.64;4.21;2.63;0.45;1.55;4.15;82.5;66.9;4.2;3.1;8.3;0.65;0.11;0.1;0.14;1.96;2.03;0.202;68.7;10.05;5.37;2.7;0.49;1.6;4.84;181.5;141.7;26.9;3.2;9.7;0.73;0.91;0.17;0.22
-9;100;50;0;50;18.77;3.44;9.97;1;1.01;0.116;30.8;8.6;4.09;2.66;0.49;1.52;4.62;85.1;69.7;3.1;3;9.2;0.67;0.11;0.1;0.13;2.68;2.7;0.215;69.2;12.56;6.69;3.5;0.57;1.91;5.36;191.3;134.1;42.6;3.8;10.7;0.74;1.5;0.21;0.26
-9;100;50;0;100;19.07;3.88;11.07;1.09;1.08;0.119;32.2;9.04;4.44;2.72;0.49;1.65;5.13;88.5;72.7;2.2;3.3;10.3;0.71;0.11;0.11;0.15;3.33;3.34;0.225;67.8;14.82;8.03;4.07;0.63;2.23;5.94;186.5;126.1;44;4.5;11.9;0.7;2.08;0.23;0.32
-9;100;50;50;0;20;3.72;10.41;1.02;1.08;0.117;36.1;9.16;4.4;2.83;0.46;1.68;4.78;85.4;65.4;7.1;3.4;9.6;0.63;0.2;0.11;0.14;2.65;2.73;0.214;63.9;12.74;6.85;3.45;0.61;2.04;5.63;151.1;109.2;26.6;4.1;11.3;1.33;0.91;0.21;0.28
-9;100;50;50;50;20.31;4.17;12.13;1.13;1.12;0.119;35;9.32;4.45;2.9;0.44;1.61;5.64;88.1;67.6;6;3.2;11.3;0.65;0.22;0.1;0.15;3.66;3.78;0.227;65;16.66;9.03;4.48;0.78;2.57;6.49;163.9;104.7;41.1;5.1;13;1.72;1.44;0.26;0.36
-9;100;50;50;100;20.58;4.94;13.81;1.2;1.22;0.125;36.4;9.6;4.73;2.88;0.49;1.77;6.38;93.5;70.2;7.1;3.5;12.8;0.68;0.26;0.12;0.16;4.98;4.91;0.235;63.6;20.88;11.62;5.5;0.98;3.17;7.43;163.5;99.7;42.6;6.3;14.9;2.09;2.05;0.32;0.44
-9;100;50;100;0;21.45;4.24;11.56;1.14;1.21;0.121;42.9;9.97;4.85;3.02;0.5;1.9;5.42;88.5;63.8;10;3.8;10.8;0.62;0.3;0.12;0.17;3.26;3.32;0.222;57.1;14.95;8.09;4.1;0.69;2.34;6.14;117.7;74.9;25.9;4.7;12.3;1.88;0.88;0.24;0.33
-9;100;50;100;50;21.68;4.92;14.17;1.34;1.32;0.125;41.6;10.41;5.12;3.15;0.54;1.85;6.52;95.4;65.2;13.5;3.7;13;0.65;0.38;0.12;0.17;4.74;4.78;0.234;58.4;20.44;11.09;5.55;0.94;3.06;7.65;133.7;73.1;39.1;6.1;15.3;2.63;1.37;0.32;0.45
-9;100;50;100;100;21.97;5.53;15.73;1.38;1.39;0.132;41.9;10.46;5.17;3.08;0.54;1.87;7.27;97.3;67.4;11.6;3.7;14.5;0.66;0.45;0.12;0.16;5.8;5.87;0.24;58.1;24.49;13.4;6.5;1.18;3.66;8.46;135;70.2;40.6;7.3;16.9;3.05;1.95;0.37;0.51
-9;100;100;0;0;18.32;3.69;10.46;1.27;1.27;0.116;32.9;10.83;5.17;3.39;0.56;1.94;4.82;87.7;68.2;6;3.9;9.6;0.82;0.15;0.13;0.17;2.34;2.39;0.216;67.1;11.04;5.99;2.98;0.53;1.75;5.65;179.1;138.2;26.1;3.5;11.3;0.7;1.26;0.18;0.24
-9;100;100;0;50;18.59;3.89;11.3;1.34;1.34;0.12;32.3;11.05;5.38;3.31;0.59;2.01;5.16;89.9;70.8;4.8;4;10.3;0.85;0.17;0.14;0.18;3.21;3.06;0.232;67.7;13.15;7.18;3.56;0.65;1.87;6.14;188.4;131.3;41.1;3.7;12.3;0.69;1.89;0.2;0.28
-9;100;100;0;100;19.3;4.3;12.49;1.33;1.35;0.12;33.9;11.13;5.31;3.5;0.59;1.9;5.86;93.4;74.6;3.3;3.8;11.7;0.88;0.16;0.13;0.18;4.06;4.1;0.259;66.1;15.86;9.03;4.08;0.69;2.4;6.63;182.6;121.1;43.4;4.8;13.3;0.65;2.9;0.23;0.32
-9;100;100;50;0;19.75;4.23;11.75;1.4;1.43;0.121;38.2;11.67;5.68;3.54;0.63;2.12;5.57;92.2;66.3;10.5;4.2;11.1;0.79;0.29;0.15;0.19;3.05;3.06;0.226;61.8;13.55;7.37;3.69;0.63;2.11;6.18;149.4;107.4;25.5;4.2;12.4;1.34;1.2;0.23;0.3
-9;100;100;50;50;20.16;4.68;13.46;1.49;1.47;0.124;36.7;11.76;5.67;3.57;0.68;2.04;6.22;93.8;68.5;8.8;4.1;12.4;0.83;0.33;0.14;0.18;4.18;4.17;0.24;63.3;17.42;9.49;4.67;0.81;2.64;7.25;162.2;103;39.4;5.3;14.5;1.72;1.83;0.27;0.36
-9;100;100;50;100;20.45;5.21;15.09;1.56;1.57;0.129;37.5;12.03;5.88;3.67;0.67;2.04;7.02;96.5;71.3;7.1;4.1;14;0.86;0.36;0.14;0.2;5.48;5.51;0.259;62.5;21.3;12.02;5.51;0.92;3.16;8.06;160.9;97.5;41;6.3;16.1;2.05;2.7;0.32;0.44
-9;100;100;100;0;21.38;4.52;13.11;1.56;1.54;0.123;44.9;12.45;6.09;3.81;0.61;2.2;6.06;96;64.4;15.1;4.4;12.1;0.77;0.43;0.14;0.2;3.77;3.65;0.231;55.1;15.8;8.63;4.21;0.76;2.32;7.05;117.6;74.1;24.8;4.6;14.1;1.86;1.19;0.25;0.35
-9;100;100;100;50;21.9;5.35;15.48;1.64;1.65;0.129;42.5;12.65;6.05;3.91;0.67;2.19;7.2;98.2;66.2;13.3;4.4;14.4;0.8;0.51;0.14;0.2;5.13;5.16;0.243;57.5;21.19;11.73;5.54;1;3.17;8.29;133;71.8;38.3;6.3;16.6;2.61;1.78;0.32;0.44
-9;100;100;100;100;21.91;5.95;16.92;1.72;1.76;0.137;42.9;12.75;6.22;3.9;0.66;2.2;7.91;100.4;69;11.2;4.4;15.8;0.82;0.59;0.14;0.21;6.37;6.48;0.259;57.1;25.05;14.05;6.52;1.13;3.75;9.01;133.4;68;39.9;7.5;18;2.92;2.65;0.39;0.52
-8;0;0;0;0;13.8;1.8;5.09;0.45;0.43;0.115;46.7;3.5;1.74;1.04;0.18;0.63;2.43;157.7;146.2;5.4;1.3;4.9;0.23;0.1;0.04;0.06;1.37;1.41;0.193;53.3;7.3;3.79;2.07;0.35;1.17;2.66;179.8;152.9;19.2;2.3;5.3;0.72;0.41;0.12;0.16
-8;0;0;0;50;13.54;1.93;5.55;0.44;0.43;0.121;47.4;3.34;1.67;0.97;0.17;0.6;2.69;160.1;149.4;4.1;1.2;5.4;0.23;0.11;0.04;0.06;1.63;1.63;0.191;52.6;8.5;4.39;2.44;0.41;1.33;2.86;177.5;149.3;19.8;2.7;5.7;0.72;0.59;0.14;0.18
-8;0;0;0;100;13.44;2.28;6.18;0.43;0.43;0.122;47;3.35;1.67;1;0.18;0.62;2.86;163.9;153.7;3.2;1.2;5.7;0.24;0.1;0.04;0.05;2.06;2.03;0.197;53;10.25;5.41;2.85;0.49;1.66;3.32;184.6;144.4;30.3;3.3;6.6;0.72;0.91;0.18;0.23
-8;0;0;50;0;15.4;2.26;6.51;0.51;0.46;0.116;52.1;3.8;1.84;1.17;0.18;0.64;3.02;159;143.4;8.4;1.3;6;0.21;0.15;0.04;0.06;2.08;2.08;0.206;47.9;10.07;5.34;2.88;0.46;1.63;3.5;146.1;117.1;18.8;3.3;7;1.28;0.42;0.16;0.22
-8;0;0;50;50;15.43;2.81;7.95;0.5;0.52;0.124;52.1;4.04;1.95;1.25;0.22;0.68;3.69;160.8;144.8;7.3;1.4;7.4;0.22;0.19;0.04;0.07;2.85;2.81;0.211;47.9;13.33;7.23;3.59;0.63;2.13;4.26;147.7;115.9;19;4.3;8.5;1.73;0.58;0.22;0.28
-8;0;0;50;100;15.43;3.35;9.36;0.59;0.56;0.133;51.1;4.1;2.03;1.22;0.22;0.72;4.39;164.3;147.9;6.2;1.4;8.8;0.23;0.22;0.05;0.06;3.72;3.65;0.216;48.9;16.89;9.15;4.61;0.78;2.63;4.97;157.3;113.2;28.9;5.3;9.9;2.14;0.87;0.27;0.36
-8;0;0;100;0;17.36;2.73;7.89;0.56;0.56;0.119;59.3;4.53;2.16;1.44;0.24;0.79;3.69;161;140.5;11.6;1.6;7.4;0.21;0.22;0.05;0.08;2.69;2.69;0.214;40.7;12.55;6.75;3.42;0.61;1.94;4.2;110.6;79.7;18.6;3.9;8.4;1.81;0.4;0.2;0.28
-8;0;0;100;50;17.4;3.53;10.11;0.6;0.63;0.127;58.7;4.82;2.34;1.48;0.23;0.86;4.68;162.4;140.9;10.5;1.7;9.4;0.22;0.29;0.05;0.07;3.79;3.82;0.219;41.3;17.48;9.4;4.76;0.82;2.67;5.43;114.2;79.5;18.5;5.3;10.9;2.6;0.56;0.27;0.39
-8;0;0;100;100;17.25;4.13;11.64;0.72;0.71;0.139;56.8;5.03;2.48;1.54;0.23;0.86;5.56;164.5;142.3;9.4;1.7;11.1;0.21;0.36;0.06;0.09;4.61;4.65;0.223;43.2;20.9;11.33;5.69;0.97;3.27;6.08;124.9;78.7;27.5;6.5;12.2;3.05;0.81;0.35;0.43
-8;0;50;0;0;13.27;1.91;5.48;0.47;0.49;0.119;47;3.87;1.82;1.21;0.21;0.68;2.66;158.4;146.5;5.3;1.4;5.3;0.24;0.14;0.04;0.07;1.57;1.55;0.2;53;7.71;4.11;2.17;0.36;1.23;2.82;178.8;152.6;18.1;2.5;5.6;0.73;0.53;0.13;0.17
-8;0;50;0;50;13.07;2.06;5.94;0.51;0.5;0.125;47.8;3.79;1.83;1.17;0.2;0.69;2.81;161.2;150.1;4.1;1.4;5.6;0.24;0.15;0.05;0.06;1.86;1.89;0.21;52.2;8.98;4.74;2.53;0.46;1.38;3.13;176;148.4;18.5;2.8;6.3;0.7;0.84;0.14;0.2
-8;0;50;0;100;13.15;2.31;6.46;0.53;0.5;0.131;47.7;3.64;1.85;1.07;0.18;0.68;3.06;165.7;155.1;3.1;1.4;6.1;0.24;0.15;0.05;0.06;2.4;2.41;0.224;52.3;10.73;5.83;2.96;0.49;1.64;3.4;181.9;142.7;29.1;3.3;6.8;0.7;1.3;0.17;0.24
-8;0;50;50;0;15.11;2.37;7.04;0.58;0.58;0.123;52.1;4.56;2.19;1.38;0.26;0.77;3.3;159.2;142.6;8.5;1.5;6.6;0.22;0.23;0.05;0.08;2.18;2.22;0.211;47.9;10.49;5.55;2.9;0.57;1.6;3.73;146.2;117.8;17.7;3.2;7.5;1.3;0.52;0.16;0.23
-8;0;50;50;50;15.11;2.94;8.42;0.65;0.63;0.131;52.5;4.63;2.35;1.37;0.24;0.86;3.9;162.1;145.5;7.1;1.7;7.8;0.24;0.26;0.06;0.07;3.06;3.07;0.221;47.5;13.88;7.44;3.76;0.65;2.08;4.52;146.7;115.3;18.2;4.2;9;1.72;0.84;0.21;0.3
-8;0;50;50;100;15.09;3.42;9.81;0.72;0.71;0.147;51.7;4.71;2.31;1.41;0.24;0.82;4.56;167.8;147.6;9.5;1.6;9.1;0.24;0.34;0.06;0.07;3.95;4;0.232;48.3;17.26;9.38;4.74;0.78;2.6;5.25;156.5;113.5;27.3;5.2;10.5;2.15;1.21;0.27;0.37
-8;0;50;100;0;16.92;3.04;8.49;0.75;0.75;0.131;59.2;5.64;2.67;1.79;0.29;0.97;3.97;160.7;139;11.8;1.9;7.9;0.22;0.37;0.07;0.09;2.92;2.82;0.218;40.8;12.95;7.03;3.5;0.61;2.06;4.52;110.7;80.6;16.9;4.1;9;1.82;0.51;0.21;0.27
-8;0;50;100;50;17.11;3.78;10.52;0.87;0.83;0.141;59.4;5.81;2.91;1.67;0.3;1.01;4.92;167.5;139.5;16.2;2;9.8;0.22;0.45;0.07;0.09;4.11;4.07;0.227;40.6;17.95;9.81;4.84;0.79;2.77;5.6;114.3;80.3;17.3;5.5;11.2;2.61;0.8;0.3;0.37
-8;0;50;100;100;16.96;4.26;12.15;0.92;0.89;0.156;57.4;5.66;2.85;1.66;0.29;0.94;5.58;169.2;142.2;13.9;1.9;11.2;0.22;0.52;0.07;0.08;5.03;5.07;0.234;42.6;21.68;11.93;5.82;0.95;3.32;6.57;125.3;78.8;26.7;6.6;13.1;3.08;1.19;0.33;0.47
-8;0;100;0;0;12.82;2.05;5.72;0.54;0.58;0.128;47.5;4.33;2.06;1.32;0.23;0.78;2.68;161.4;146.5;8;1.6;5.4;0.24;0.22;0.05;0.07;1.69;1.69;0.212;52.5;7.97;4.33;2.19;0.36;1.27;3.04;178;152.6;16.8;2.5;6.1;0.7;0.69;0.13;0.17
-8;0;100;0;50;12.89;2.16;6.29;0.59;0.59;0.136;48.5;4.18;2.1;1.24;0.2;0.72;2.96;164.9;150.9;6.6;1.4;5.9;0.25;0.23;0.04;0.07;2.15;2.14;0.225;51.5;9.5;5.18;2.58;0.44;1.44;3.33;174.7;147.5;17.7;2.9;6.7;0.69;1.09;0.15;0.21
-8;0;100;0;100;12.79;2.42;6.8;0.59;0.6;0.143;48.3;4.02;2.03;1.21;0.18;0.71;3.21;168.3;155.7;4.7;1.4;6.4;0.26;0.23;0.05;0.06;2.59;2.69;0.241;51.7;11.13;6.08;3.03;0.5;1.71;3.59;180.3;142.1;27.6;3.4;7.2;0.7;1.59;0.17;0.22
-8;0;100;50;0;14.62;2.67;7.61;0.74;0.73;0.134;52.9;5.36;2.65;1.63;0.28;0.95;3.55;164;142.5;12.5;1.9;7.1;0.24;0.35;0.06;0.08;2.35;2.44;0.221;47.1;11.05;5.96;2.97;0.55;1.72;4.05;146;117.9;16.6;3.4;8.1;1.32;0.69;0.17;0.25
-8;0;100;50;50;14.65;3.15;8.97;0.79;0.82;0.148;53;5.42;2.75;1.59;0.27;0.97;4.16;165.8;144.7;10.9;1.9;8.3;0.25;0.41;0.07;0.08;3.33;3.33;0.231;47;14.4;7.9;3.82;0.68;2.18;4.81;147;116;17;4.4;9.6;1.76;1.04;0.22;0.31
-8;0;100;50;100;14.69;3.61;10.15;0.81;0.85;0.163;52.1;5.1;2.58;1.52;0.24;0.87;4.77;169;148.4;9.3;1.7;9.5;0.24;0.48;0.06;0.08;4.25;4.29;0.242;47.9;17.77;9.91;4.65;0.79;2.75;5.39;155.2;112.8;26.1;5.5;10.8;2.13;1.52;0.27;0.38
-8;0;100;100;0;16.45;3.08;9.04;0.92;0.91;0.137;59.9;6.56;3.25;2;0.33;1.11;4.23;165.9;137.8;17.4;2.2;8.5;0.24;0.49;0.08;0.11;2.95;2.98;0.225;40.1;13.25;7.18;3.57;0.62;1.97;4.81;110.9;81.3;16.1;3.9;9.6;1.83;0.66;0.22;0.27
-8;0;100;100;50;16.82;3.95;11.27;1.03;1.06;0.155;59.4;6.8;3.37;2.05;0.36;1.18;5.29;167.8;138.4;16.4;2.4;10.6;0.23;0.64;0.09;0.1;4.26;4.3;0.234;40.6;18.41;10.01;5;0.81;2.77;5.98;114.5;80.9;16.1;5.5;12;2.63;1;0.28;0.38
-8;0;100;100;100;16.5;4.32;12.33;1.18;1.17;0.175;57.8;6.63;3.41;1.9;0.31;1.07;5.75;169.6;141.8;14.1;2.1;11.5;0.24;0.75;0.08;0.1;5.36;5.27;0.241;42.2;21.82;12.11;5.79;0.94;3.25;6.58;123.4;79;24.8;6.5;13.2;3.04;1.43;0.34;0.46
-8;50;0;0;0;15.84;2.14;6.32;0.63;0.63;0.12;39.6;5.18;2.47;1.62;0.29;0.9;2.95;119.3;106.4;5.2;1.8;5.9;0.4;0.1;0.06;0.08;1.51;1.5;0.188;60.4;7.97;4.16;2.27;0.35;1.24;3.37;181.8;149.8;22.8;2.5;6.7;0.69;0.5;0.13;0.18
-8;50;0;0;50;15.95;2.4;6.91;0.68;0.64;0.122;40.5;5.1;2.42;1.56;0.27;0.87;3.23;121.9;109.4;4.2;1.7;6.5;0.39;0.11;0.06;0.08;1.82;1.8;0.187;59.5;9.64;4.98;2.77;0.47;1.53;3.67;178.9;144.9;23.6;3.1;7.3;0.68;0.74;0.16;0.22
-8;50;0;0;100;16.09;2.83;7.86;0.66;0.64;0.123;40.4;5.04;2.48;1.52;0.26;0.95;3.73;126.4;114;3.1;1.9;7.5;0.41;0.09;0.06;0.08;2.45;2.45;0.205;59.6;11.94;6.38;3.34;0.53;1.88;4.13;186.2;137.6;36.6;3.8;8.3;0.69;1.3;0.19;0.27
-8;50;0;50;0;17.48;2.69;7.67;0.7;0.71;0.122;45;5.72;2.77;1.74;0.3;1.03;3.59;121.8;104.2;8.3;2.1;7.2;0.38;0.16;0.07;0.1;2.2;2.17;0.202;55;10.73;5.67;3;0.49;1.66;4.08;148.6;114.9;22.2;3.3;8.2;1.27;0.5;0.17;0.24
-8;50;0;50;50;17.66;3.23;9.32;0.73;0.75;0.126;45.5;5.87;2.85;1.81;0.3;1.1;4.37;124.5;106.3;7.3;2.2;8.7;0.4;0.19;0.07;0.1;3;2.94;0.206;54.5;14.29;7.53;4.01;0.68;2.13;4.95;149.3;112.4;22.7;4.3;9.9;1.68;0.71;0.22;0.33
-8;50;0;50;100;17.84;3.74;10.99;0.78;0.78;0.131;44.2;5.87;2.84;1.73;0.34;1.01;5.12;127.6;109.1;6.1;2;10.2;0.39;0.23;0.07;0.09;3.97;3.99;0.219;55.8;18.21;9.71;5.07;0.88;2.73;5.88;161.3;109;35.1;5.5;11.8;2.06;1.23;0.29;0.41
-8;50;0;100;0;19.18;3.16;8.91;0.74;0.76;0.121;52.2;6.14;3.02;1.85;0.36;1.11;4.12;124.1;102.3;11.3;2.2;8.2;0.37;0.21;0.08;0.1;2.83;2.76;0.211;47.8;13.12;7.04;3.61;0.62;2.06;4.79;113.7;78.2;21.8;4.1;9.6;1.78;0.49;0.21;0.28
-8;50;0;100;50;19.4;3.95;11.23;0.77;0.84;0.128;51.9;6.42;3.13;1.95;0.33;1.17;5.24;126.3;103.2;10.3;2.3;10.5;0.37;0.29;0.08;0.1;3.97;3.89;0.214;48.1;18.16;9.77;4.95;0.91;2.78;6;117;77.4;22;5.6;12;2.51;0.7;0.29;0.4
-8;50;0;100;100;19.66;4.57;13.07;0.91;0.92;0.134;49.9;6.78;3.28;2.04;0.39;1.15;6.2;129.5;105.7;9.1;2.3;12.4;0.39;0.34;0.07;0.11;4.9;4.92;0.224;50.1;22;11.97;5.92;1.04;3.42;6.87;129.9;75.5;33.9;6.8;13.7;2.93;1.18;0.35;0.46
-8;50;50;0;0;15.93;2.62;7.53;0.79;0.86;0.123;40.4;6.91;3.3;2.2;0.36;1.26;3.49;122.4;107.6;5.3;2.5;7;0.53;0.14;0.08;0.11;1.66;1.69;0.195;59.6;8.66;4.61;2.39;0.44;1.37;4.04;180.7;147.8;22;2.7;8.1;0.69;0.67;0.14;0.2
-8;50;50;0;50;15.8;2.82;8.17;0.92;0.9;0.125;41.6;7.1;3.44;2.17;0.35;1.23;3.87;125.6;111.2;4.2;2.5;7.7;0.56;0.15;0.09;0.11;2.1;2.11;0.206;58.4;10.18;5.39;2.84;0.54;1.58;4.29;176.5;142.1;22.6;3.2;8.6;0.66;1.07;0.17;0.21
-8;50;50;0;100;15.86;3.15;9.07;0.88;0.92;0.129;41.2;7.06;3.4;2.18;0.37;1.21;4.26;129.2;115.2;3;2.4;8.5;0.57;0.15;0.08;0.12;2.66;2.76;0.223;58.8;12.38;6.64;3.39;0.61;1.94;4.8;184.1;135.7;34.9;3.9;9.6;0.67;1.62;0.2;0.27
-8;50;50;50;0;17.45;3.06;8.91;0.96;0.97;0.124;45.6;7.71;3.74;2.35;0.42;1.38;4.21;124.3;104.9;8.2;2.8;8.4;0.52;0.22;0.09;0.13;2.29;2.3;0.207;54.4;11.12;5.89;3.09;0.54;1.68;4.7;148.3;114.1;21.5;3.4;9.4;1.24;0.64;0.18;0.24
-8;50;50;50;50;17.38;3.69;10.51;1.03;1.02;0.129;46.2;7.85;3.87;2.43;0.39;1.38;4.98;127.1;107.7;6.8;2.8;10;0.54;0.25;0.09;0.13;3.34;3.28;0.219;53.8;15.02;8.15;4;0.72;2.31;5.53;148.3;110.8;21.8;4.6;11.1;1.7;1.03;0.23;0.32
-8;50;50;50;100;17.73;4.16;11.95;1.09;1.07;0.136;45.6;7.8;3.75;2.35;0.39;1.27;5.6;133.4;110.9;8.8;2.5;11.2;0.55;0.32;0.08;0.12;4.39;4.29;0.23;54.4;18.7;10.35;4.96;0.85;2.89;6.35;159.3;106.9;33.9;5.8;12.7;2.02;1.58;0.3;0.39
-8;50;50;100;0;19.1;3.53;10.36;1.09;1.11;0.129;52.5;8.53;4.17;2.6;0.46;1.52;4.75;126.2;102.2;11.5;3;9.5;0.51;0.35;0.11;0.14;2.88;2.89;0.213;47.5;13.56;7.19;3.74;0.64;2.01;5.61;114.3;78.2;20.8;4;11.2;1.74;0.64;0.21;0.3
-8;50;50;100;50;19.39;4.43;12.64;1.2;1.16;0.135;53.4;8.54;4.22;2.56;0.45;1.5;6.05;134.4;104.3;15;3;12.1;0.51;0.41;0.1;0.14;4.19;4.25;0.224;46.6;18.99;10.27;5.24;0.9;2.93;6.59;117;76.6;21.4;5.9;13.2;2.5;1.04;0.31;0.4
-8;50;50;100;100;19.32;5.1;14.2;1.26;1.31;0.144;51.2;9.02;4.47;2.67;0.46;1.56;6.61;135.9;105.9;13.6;3.1;13.2;0.54;0.51;0.1;0.15;5.18;5.22;0.232;48.8;22.48;12.38;5.98;1.02;3.54;7.58;129.4;75.3;31.9;7.1;15.2;2.92;1.47;0.36;0.47
-8;50;100;0;0;15.78;3.04;8.84;1.14;1.17;0.126;41.7;9.13;4.43;2.89;0.45;1.56;4.13;128.1;109.1;7.7;3.1;8.3;0.71;0.19;0.11;0.16;2;2;0.214;58.3;9.31;5.02;2.56;0.43;1.48;4.71;179;145.5;21.1;3;9.4;0.69;0.95;0.15;0.21
-8;50;100;0;50;15.83;3.4;9.33;1.16;1.18;0.13;41.4;8.95;4.38;2.71;0.43;1.6;4.38;131;112.9;6.1;3.2;8.8;0.71;0.21;0.11;0.15;2.5;2.56;0.229;58.6;11.17;6.15;2.93;0.53;1.8;4.95;185.8;139.3;33.1;3.6;9.9;0.66;1.49;0.18;0.23
-8;50;100;0;100;15.65;3.52;10.02;1.31;1.23;0.132;42.4;9.23;4.54;2.8;0.46;1.57;4.69;133.6;116.7;4.4;3.1;9.4;0.76;0.21;0.11;0.16;3.23;3.21;0.248;57.6;12.95;7.26;3.39;0.59;1.96;5.33;181.4;133.4;33.4;3.9;10.7;0.67;2.06;0.21;0.27
-8;50;100;50;0;17.28;3.62;10.23;1.29;1.3;0.129;47;10.01;4.84;3.03;0.52;1.76;4.75;131.1;105.9;12.2;3.5;9.5;0.69;0.33;0.12;0.16;2.68;2.64;0.221;53;11.94;6.48;3.23;0.59;1.86;5.48;147.8;112.9;20.2;3.7;11;1.26;0.93;0.19;0.27
-8;50;100;50;50;17.46;4.08;11.78;1.37;1.37;0.135;45.8;10.03;5.01;3.02;0.51;1.76;5.51;133.6;108.6;10.5;3.5;11;0.7;0.41;0.11;0.16;3.57;3.6;0.233;54.2;15.44;8.4;4.21;0.71;2.32;6.26;158.2;109.7;31.4;4.6;12.5;1.61;1.42;0.24;0.33
-8;50;100;50;100;17.66;4.63;12.94;1.49;1.46;0.144;46.3;10.08;5.09;2.88;0.5;1.74;6.09;136.3;111.7;8.9;3.5;12.2;0.72;0.46;0.12;0.16;4.71;4.67;0.246;53.7;19.01;10.55;4.97;0.87;2.88;6.86;157.9;106;32.5;5.8;13.7;1.99;1.99;0.29;0.39
-8;50;100;100;0;19.15;3.97;11.75;1.48;1.43;0.131;54;10.8;5.26;3.3;0.55;1.87;5.58;134.5;102.7;16.9;3.7;11.2;0.65;0.48;0.12;0.18;3.24;3.19;0.224;46;14.23;7.68;3.92;0.66;2.1;6.18;114.4;77.9;20;4.2;12.4;1.77;0.91;0.2;0.3
-8;50;100;100;50;19.27;4.9;13.82;1.58;1.56;0.14;51.8;11.07;5.5;3.34;0.53;1.93;6.53;136.6;104.7;15;3.9;13.1;0.68;0.58;0.13;0.18;4.6;4.58;0.235;48.2;19.48;10.77;5.1;0.9;2.97;7.3;127.2;76.2;30.4;5.9;14.6;2.51;1.36;0.31;0.41
-8;50;100;100;100;19.35;5.29;15.32;1.67;1.69;0.152;51.8;11.02;5.48;3.28;0.55;1.81;7.22;138.4;106.9;13.4;3.6;14.4;0.68;0.71;0.12;0.18;5.67;5.63;0.245;48.2;23.01;12.87;6.05;1.05;3.49;8.11;128.8;74.5;31.2;7;16.2;2.9;1.92;0.34;0.47
-8;100;0;0;0;17.77;2.46;7.09;0.82;0.78;0.121;30;6.29;3.07;1.89;0.34;1.12;3.31;78.8;64.7;5.2;2.2;6.6;0.49;0.1;0.08;0.1;1.65;1.59;0.183;70;8.6;4.47;2.5;0.37;1.33;3.78;183.6;147.4;26;2.7;7.6;0.67;0.58;0.14;0.19
-8;100;0;0;50;18.2;2.82;8.25;0.77;0.79;0.123;31.3;6.29;3.04;1.89;0.35;1.12;3.88;81.7;67.7;4;2.2;7.8;0.51;0.1;0.07;0.1;2.1;2.08;0.188;68.7;11.05;5.66;3.17;0.55;1.7;4.37;179.1;139.5;27.5;3.4;8.7;0.67;0.98;0.18;0.26
-8;100;0;0;100;18.34;3.36;9.3;0.85;0.84;0.125;30.7;6.62;3.21;2.02;0.35;1.17;4.34;84.1;70.1;2.9;2.3;8.7;0.55;0.1;0.09;0.11;2.67;2.73;0.203;69.3;13.39;7.16;3.71;0.64;2.19;4.96;189.8;133;42.5;4.4;9.9;0.66;1.54;0.23;0.29
-8;100;0;50;0;19.5;2.99;8.54;0.8;0.83;0.122;35.1;6.74;3.21;2.08;0.35;1.23;3.9;82;63.6;8.2;2.5;7.8;0.48;0.15;0.08;0.11;2.28;2.28;0.199;64.9;11.45;6.04;3.17;0.54;1.76;4.63;151.5;112.9;25.8;3.5;9.3;1.26;0.58;0.18;0.25
-8;100;0;50;50;19.78;3.65;10.33;0.84;0.87;0.125;35.9;6.89;3.29;2.13;0.36;1.23;4.79;84.6;65.6;6.9;2.5;9.6;0.5;0.18;0.08;0.11;3.14;3.16;0.205;64.1;15.4;8.1;4.26;0.8;2.42;5.54;151.2;108.7;26.6;4.8;11.1;1.62;0.94;0.25;0.34
-8;100;0;50;100;20.18;4.31;12.09;0.94;0.91;0.129;34.8;6.96;3.44;2.07;0.37;1.24;5.71;87.8;68.1;5.7;2.5;11.4;0.51;0.21;0.08;0.11;4.21;4.23;0.216;65.2;19.58;10.52;5.41;0.9;3.07;6.39;164.3;103.7;41.7;6.1;12.8;1.95;1.52;0.33;0.43
-8;100;0;100;0;21.18;3.47;9.72;0.82;0.87;0.122;42.2;7.04;3.4;2.15;0.36;1.28;4.54;85.3;62.6;11.1;2.6;9.1;0.46;0.2;0.08;0.12;2.88;2.84;0.206;57.8;13.75;7.29;3.85;0.65;2.19;5.19;116.9;76.6;25.5;4.4;10.4;1.74;0.58;0.23;0.3
-8;100;0;100;50;21.52;4.38;12.43;0.92;0.96;0.127;42.1;7.46;3.57;2.33;0.4;1.3;5.78;87.7;63.7;9.8;2.6;11.6;0.48;0.27;0.09;0.12;4.08;4.11;0.213;57.9;19.32;10.23;5.35;0.99;3.08;6.65;120.6;75.1;26;6.2;13.3;2.47;0.93;0.31;0.41
-8;100;0;100;100;21.72;4.83;14.21;1.06;1.05;0.133;40.1;7.82;3.79;2.39;0.41;1.32;6.58;90.1;65.5;8.9;2.6;13.2;0.5;0.33;0.09;0.13;5.15;5.12;0.221;59.9;23.21;12.6;6.29;1.1;3.52;7.64;134.6;72.7;39.6;7;15.3;2.82;1.44;0.36;0.5
-8;100;50;0;0;18.35;3.15;9.02;1.12;1.12;0.123;31.3;9.06;4.36;2.75;0.45;1.55;4.19;82.9;66.4;5.1;3.1;8.4;0.74;0.13;0.1;0.14;1.84;1.87;0.191;68.7;9.76;5.13;2.78;0.47;1.59;4.83;182;143.1;26.1;3.2;9.7;0.66;0.82;0.17;0.22
-8;100;50;0;50;18.24;3.43;10.18;1.17;1.2;0.125;31.1;9.5;4.59;2.92;0.5;1.66;4.79;85.7;69;3.9;3.3;9.6;0.78;0.15;0.11;0.16;2.49;2.49;0.21;68.9;11.82;6.24;3.28;0.59;1.77;5.4;190.5;136.1;40;3.5;10.8;0.65;1.39;0.18;0.26
-8;100;50;0;100;18.63;3.75;11.07;1.17;1.22;0.127;32.1;9.48;4.5;2.92;0.54;1.61;5.17;88.2;71.6;3;3.2;10.3;0.8;0.15;0.1;0.16;3.11;3.11;0.221;67.9;14.04;7.56;3.82;0.66;2.14;5.9;186.8;129.1;41.7;4.3;11.8;0.63;1.97;0.22;0.29
-8;100;50;50;0;19.72;3.67;10.55;1.19;1.22;0.124;36.5;9.79;4.68;3.01;0.54;1.71;4.97;86.3;65;7.9;3.4;9.9;0.74;0.21;0.11;0.16;2.54;2.51;0.203;63.5;12.38;6.63;3.33;0.61;1.96;5.58;150.3;109.9;25.3;3.9;11.2;1.24;0.81;0.2;0.26
-8;100;50;50;50;19.99;4.24;12.34;1.3;1.29;0.127;35.2;10.04;4.83;3.1;0.52;1.73;5.83;88.6;66.8;6.7;3.5;11.7;0.75;0.25;0.12;0.17;3.55;3.57;0.219;64.8;16.27;8.77;4.52;0.72;2.51;6.51;163.5;106.4;39;5;13;1.6;1.37;0.25;0.35
-8;100;50;50;100;20.52;4.89;13.97;1.35;1.37;0.134;36.8;10.13;4.88;3.14;0.55;1.78;6.63;94.7;69.4;8.5;3.6;13.3;0.77;0.31;0.12;0.17;4.71;4.63;0.228;63.2;20.31;11.07;5.45;1;3.11;7.34;162.9;101.3;40.8;6.2;14.7;1.92;1.96;0.34;0.42
-8;100;50;100;0;21.26;4.07;11.82;1.33;1.35;0.127;43.1;10.54;5.18;3.22;0.55;1.9;5.51;89;63.3;10.8;3.8;11;0.72;0.34;0.12;0.17;3.11;3.02;0.209;56.9;14.44;7.78;3.9;0.72;2.17;6.3;117.2;75.6;24.7;4.3;12.6;1.7;0.78;0.23;0.32
-8;100;50;100;50;21.78;4.87;14.19;1.47;1.42;0.131;42;10.74;5.27;3.29;0.53;1.82;6.69;96.3;64.6;14.6;3.6;13.4;0.73;0.4;0.12;0.18;4.47;4.48;0.224;58;20;10.74;5.53;0.91;3.06;7.5;132.9;73.8;38;6.1;15;2.42;1.33;0.31;0.42
-8;100;50;100;100;21.81;5.49;16.05;1.53;1.55;0.139;42.2;11.12;5.47;3.38;0.6;1.93;7.41;98.1;66.6;12.8;3.9;14.8;0.76;0.48;0.13;0.18;5.5;5.53;0.231;57.8;24.01;13.07;6.56;1.09;3.56;8.65;134.5;71.2;38.9;7.1;17.3;2.78;1.85;0.37;0.52
-8;100;100;0;0;18.3;3.71;10.65;1.4;1.45;0.126;33.3;11.46;5.52;3.5;0.64;2.01;5.01;89.3;67.9;7.3;4;10;0.93;0.19;0.13;0.19;2.28;2.3;0.211;66.7;10.85;5.85;3;0.53;1.7;5.64;179;139;25.3;3.4;11.3;0.64;1.23;0.18;0.25
-8;100;100;0;50;18.53;3.88;11.45;1.49;1.49;0.128;32.6;11.52;5.55;3.55;0.6;2.04;5.31;90.6;70.2;5.7;4.1;10.6;0.96;0.21;0.13;0.18;2.9;2.9;0.228;67.4;12.71;6.87;3.48;0.6;1.84;6.14;187.9;132.7;39.3;3.7;12.3;0.61;1.82;0.19;0.28
-8;100;100;0;100;18.79;4.26;12.44;1.54;1.52;0.129;33.9;11.7;5.68;3.63;0.63;2.02;5.87;93.4;73.7;3.9;4;11.7;1.01;0.19;0.13;0.19;3.76;3.78;0.248;66.1;15.21;8.44;4.07;0.66;2.25;6.57;182.4;123.5;41.3;4.5;13.1;0.61;2.62;0.23;0.32
-8;100;100;50;0;19.84;4.1;12.06;1.55;1.57;0.128;38.4;12.22;5.87;3.78;0.64;2.11;5.68;93.3;65.9;11.8;4.2;11.4;0.9;0.33;0.14;0.19;2.85;2.88;0.218;61.6;13.19;7.03;3.69;0.65;1.99;6.39;149.6;108.3;24.6;4;12.8;1.2;1.18;0.21;0.29
-8;100;100;50;50;19.88;4.79;13.34;1.67;1.65;0.132;36.8;12.35;6.07;3.65;0.67;2.18;6.14;94.3;67.9;9.8;4.4;12.3;0.94;0.37;0.15;0.19;3.99;3.94;0.232;63.2;16.97;9.22;4.53;0.81;2.61;7.2;161.7;104.3;37.8;5.2;14.4;1.55;1.76;0.28;0.35
-8;100;100;50;100;20.51;5.2;14.96;1.76;1.7;0.138;37.6;12.28;6.04;3.69;0.6;2.1;7.02;96.9;70.6;8.1;4.2;14;0.95;0.42;0.14;0.19;5.21;5.19;0.246;62.4;21.07;11.77;5.45;0.98;3.1;7.94;160.9;98.8;40;6.2;15.9;1.89;2.54;0.33;0.44
-8;100;100;100;0;21.44;4.58;13.36;1.7;1.68;0.13;45.1;12.88;6.22;4;0.64;2.2;6.18;96.9;63.8;16.3;4.4;12.4;0.86;0.46;0.15;0.21;3.39;3.43;0.222;54.9;15.48;8.39;4.2;0.71;2.38;7.17;118;74.9;24;4.8;14.3;1.69;1.16;0.24;0.34
-8;100;100;100;50;21.64;5.4;15.57;1.82;1.79;0.136;42.6;13.03;6.37;3.93;0.68;2.21;7.17;98.4;65.3;14.4;4.4;14.3;0.89;0.56;0.14;0.2;4.79;4.88;0.234;57.4;20.83;11.29;5.64;1;3.19;8.41;132.8;73;36.7;6.4;16.8;2.41;1.69;0.32;0.45
-8;100;100;100;100;21.91;5.91;17.25;1.93;1.97;0.145;43.2;13.49;6.6;4.12;0.71;2.27;8.14;101.3;67.9;12.6;4.5;16.3;0.93;0.67;0.15;0.22;6;6.01;0.245;56.8;24.48;13.63;6.49;1.11;3.64;9.11;133.1;69.5;38.1;7.3;18.2;2.69;2.43;0.38;0.51
-7;0;0;0;0;13.81;1.67;4.97;0.44;0.43;0.115;46.7;3.48;1.66;1.06;0.19;0.61;2.31;157.4;145.3;6.3;1.2;4.6;0.22;0.11;0.04;0.05;1.41;1.34;0.188;53.3;7.08;3.72;1.95;0.36;1.06;2.66;179.8;153.9;18.4;2.1;5.3;0.68;0.4;0.1;0.16
-7;0;0;0;50;13.49;1.96;5.42;0.51;0.48;0.121;47.4;3.68;1.84;1.08;0.19;0.66;2.59;159.8;148.2;5.2;1.3;5.2;0.24;0.13;0.05;0.06;1.53;1.53;0.188;52.6;8.11;4.23;2.31;0.37;1.3;2.83;177.5;150.7;18.5;2.6;5.7;0.67;0.55;0.13;0.18
-7;0;0;0;100;13.48;2.17;6.2;0.52;0.49;0.127;46.9;3.65;1.8;1.11;0.17;0.63;2.9;163.3;152.1;4.1;1.3;5.8;0.24;0.14;0.04;0.06;1.92;1.88;0.194;53.1;9.69;5.17;2.73;0.43;1.54;3.3;184.7;146.2;28.8;3.1;6.6;0.66;0.85;0.16;0.21
-7;0;0;50;0;15.61;2.3;6.63;0.51;0.52;0.118;52.3;4.21;1.98;1.34;0.23;0.74;3.16;159.8;142.7;9.3;1.5;6.3;0.22;0.17;0.05;0.07;2;2.02;0.202;47.7;9.97;5.33;2.75;0.47;1.57;3.47;145.8;117.7;18.1;3.1;6.9;1.24;0.4;0.16;0.22
-7;0;0;50;50;15.45;2.81;7.87;0.56;0.57;0.127;52.2;4.34;2.08;1.36;0.23;0.77;3.75;161;143.8;8.2;1.5;7.5;0.23;0.22;0.06;0.07;2.66;2.64;0.206;47.8;12.83;6.76;3.59;0.61;2.04;4.12;147.2;116.8;18.1;4.1;8.2;1.63;0.54;0.2;0.27
-7;0;0;50;100;15.5;3.23;9.56;0.59;0.64;0.14;50.9;4.44;2.15;1.37;0.24;0.74;4.45;163.7;145.9;7.4;1.5;8.9;0.23;0.28;0.05;0.08;3.39;3.42;0.211;49.1;16.26;8.7;4.48;0.77;2.49;5.11;157.6;114.9;27.5;5;10.2;2;0.82;0.25;0.36
-7;0;0;100;0;17.14;2.72;7.92;0.6;0.59;0.12;59.5;4.79;2.37;1.43;0.27;0.85;3.76;161.3;139.8;12.3;1.7;7.5;0.22;0.23;0.06;0.08;2.51;2.52;0.208;40.5;12.1;6.42;3.33;0.57;1.86;4.16;109.6;80.1;17.4;3.7;8.3;1.7;0.38;0.18;0.26
-7;0;0;100;50;17.41;3.54;10.17;0.64;0.68;0.13;58.9;5.12;2.42;1.61;0.28;0.88;4.83;162.6;139.8;11.4;1.8;9.7;0.22;0.31;0.06;0.09;3.65;3.63;0.212;41.1;17.07;9.15;4.68;0.83;2.65;5.34;113.5;80.1;17.4;5.3;10.7;2.46;0.54;0.26;0.37
-7;0;0;100;100;17.4;4.14;11.73;0.81;0.8;0.144;56.9;5.45;2.69;1.63;0.3;0.93;5.5;164.7;141.5;10.4;1.9;11;0.23;0.42;0.06;0.08;4.43;4.4;0.216;43.1;20.43;11.01;5.6;0.96;3.21;6.23;124.6;79.2;26.6;6.4;12.5;2.84;0.8;0.32;0.44
-7;0;50;0;0;13.28;1.91;5.4;0.55;0.52;0.122;46.9;4.11;2.03;1.23;0.2;0.71;2.56;158.2;145.3;6.3;1.4;5.1;0.24;0.16;0.05;0.07;1.42;1.47;0.196;53.1;7.44;3.87;2.1;0.39;1.2;2.84;179;153.9;17.1;2.4;5.7;0.69;0.49;0.12;0.17
-7;0;50;0;50;13;2.16;6.01;0.54;0.56;0.13;47.7;4.1;1.97;1.27;0.22;0.7;2.88;161.1;149;4.9;1.4;5.8;0.25;0.19;0.05;0.07;1.77;1.79;0.202;52.3;8.84;4.72;2.48;0.41;1.46;3.13;176.6;149.7;17.7;2.9;6.3;0.69;0.76;0.14;0.2
-7;0;50;0;100;12.94;2.41;6.49;0.56;0.57;0.136;47.5;4.04;2.04;1.21;0.21;0.78;3.08;164.8;153;4;1.6;6.2;0.25;0.2;0.06;0.06;2.18;2.26;0.221;52.5;10.18;5.51;2.83;0.45;1.63;3.41;182.3;145.1;27.1;3.3;6.8;0.66;1.21;0.17;0.22
-7;0;50;50;0;15.09;2.44;6.99;0.65;0.62;0.125;52.3;4.85;2.4;1.45;0.27;0.86;3.36;159.7;142;9.2;1.7;6.7;0.23;0.26;0.06;0.07;2.07;2.09;0.206;47.7;10.09;5.36;2.83;0.48;1.58;3.63;145.5;118.3;16.8;3.2;7.3;1.22;0.49;0.16;0.21
-7;0;50;50;50;15.12;2.95;8.31;0.71;0.69;0.138;52.4;4.9;2.46;1.42;0.28;0.87;3.99;161.5;143.7;8.1;1.7;8;0.23;0.32;0.07;0.07;2.89;2.83;0.213;47.6;13.3;7.16;3.6;0.64;2.09;4.33;146.9;116.8;17.3;4.2;8.7;1.62;0.74;0.2;0.28
-7;0;50;50;100;14.97;3.43;9.91;0.76;0.78;0.149;51.9;5.08;2.53;1.52;0.26;0.83;4.68;168.2;146.7;10.5;1.7;9.4;0.25;0.39;0.06;0.08;3.62;3.8;0.226;48.1;16.82;9.07;4.59;0.8;2.6;5.23;156;114.3;26.1;5.2;10.5;2.01;1.17;0.25;0.36
-7;0;50;100;0;17;3.03;8.47;0.75;0.77;0.132;59.3;5.77;2.83;1.77;0.27;1.04;4.03;161;138.5;12.3;2.1;8.1;0.23;0.38;0.07;0.09;2.72;2.69;0.212;40.7;12.68;6.75;3.46;0.61;1.99;4.44;110.2;80.9;16.5;4;8.9;1.75;0.49;0.19;0.27
-7;0;50;100;50;17.15;3.75;10.79;0.86;0.9;0.147;59.7;6;2.95;1.83;0.29;1.03;5.1;168.6;139.2;17.1;2.1;10.2;0.23;0.5;0.07;0.1;3.84;3.86;0.218;40.3;17.7;9.54;4.91;0.79;2.71;5.7;113.9;80.4;16.7;5.4;11.4;2.46;0.74;0.27;0.38
-7;0;50;100;100;16.94;4.21;12.04;1;0.98;0.158;57.7;6.14;3.08;1.79;0.3;1.01;5.69;169.2;140.2;15.6;2;11.4;0.23;0.58;0.07;0.09;4.67;4.73;0.227;42.3;20.8;11.32;5.68;0.89;3.2;6.35;123.8;79.9;24.8;6.4;12.7;2.89;1.1;0.3;0.44
-7;0;100;0;0;12.85;1.99;5.91;0.64;0.63;0.13;47.7;4.68;2.3;1.42;0.24;0.8;2.86;162.4;146.1;9;1.6;5.7;0.26;0.23;0.06;0.08;1.6;1.6;0.203;52.3;7.88;4.11;2.19;0.4;1.2;3.05;177.9;153;16.4;2.4;6.1;0.67;0.64;0.12;0.17
-7;0;100;0;50;12.77;2.21;6.28;0.71;0.66;0.141;48.4;4.55;2.26;1.36;0.21;0.77;3;164.4;149.3;7.5;1.5;6;0.26;0.28;0.06;0.07;1.93;2.03;0.222;51.6;9.15;4.92;2.51;0.43;1.44;3.27;175.5;149.3;16.8;2.9;6.5;0.67;1.03;0.14;0.19
-7;0;100;0;100;12.65;2.36;6.85;0.7;0.69;0.148;48;4.5;2.27;1.34;0.22;0.73;3.2;167.4;153.4;6.1;1.5;6.4;0.27;0.29;0.06;0.07;2.53;2.55;0.238;52;10.68;5.9;2.84;0.49;1.63;3.66;181.1;144.7;25.8;3.3;7.3;0.67;1.48;0.16;0.23
-7;0;100;50;0;14.84;2.58;7.47;0.8;0.8;0.139;52.9;5.65;2.78;1.72;0.29;0.96;3.57;164;141;14;1.9;7.1;0.24;0.4;0.06;0.09;2.33;2.25;0.212;47.1;10.62;5.65;2.94;0.51;1.62;3.9;145.9;119.1;15.7;3.2;7.8;1.27;0.62;0.16;0.21
-7;0;100;50;50;14.82;3.11;8.77;0.87;0.87;0.149;53.1;5.71;2.87;1.67;0.28;1;4.16;166.1;143.5;12.3;2;8.3;0.25;0.45;0.08;0.09;3.12;3.11;0.226;46.9;13.77;7.51;3.7;0.64;2.11;4.61;146.6;117;16.1;4.2;9.2;1.63;0.99;0.2;0.29
-7;0;100;50;100;14.63;3.44;10.04;0.97;0.94;0.166;52.2;5.54;2.84;1.6;0.29;0.93;4.84;168.5;146.6;10.4;1.9;9.7;0.25;0.54;0.07;0.09;4.07;4.05;0.236;47.8;17.16;9.39;4.6;0.78;2.52;5.2;154.3;114.3;24.6;5;10.4;2.04;1.42;0.24;0.35
-7;0;100;100;0;16.84;3.34;9.22;1.06;1.04;0.145;59.8;7.11;3.57;2.1;0.39;1.27;4.37;166.3;135.7;19.4;2.5;8.7;0.23;0.59;0.09;0.13;2.73;2.8;0.217;40.2;12.92;6.87;3.53;0.67;2.07;4.85;111.5;82.5;15.2;4.1;9.7;1.73;0.59;0.2;0.27
-7;0;100;100;50;16.87;3.9;11.2;1.12;1.08;0.156;59.5;6.91;3.52;2.01;0.37;1.12;5.36;167.9;137.6;17.3;2.2;10.7;0.23;0.66;0.08;0.11;4.05;4.07;0.228;40.5;17.86;9.7;4.9;0.81;2.78;5.84;114.1;81.4;15.5;5.6;11.7;2.45;0.96;0.28;0.38
-7;0;100;100;100;16.42;4.28;12.62;1.29;1.26;0.177;57.7;7.06;3.67;1.98;0.36;1.15;5.94;168.7;139.2;15.3;2.3;11.9;0.24;0.82;0.08;0.11;5.1;5.02;0.235;42.3;21.37;11.64;5.77;0.98;3.13;6.67;123.4;80.4;23.3;6.3;13.3;2.92;1.34;0.31;0.45
-7;50;0;0;0;15.84;2.2;6.32;0.67;0.66;0.12;39.8;5.38;2.58;1.68;0.27;0.93;3.02;119.8;105.9;6;1.9;6;0.4;0.11;0.07;0.08;1.38;1.43;0.184;60.2;7.74;4.05;2.17;0.41;1.26;3.29;181.5;150.5;21.9;2.5;6.6;0.65;0.48;0.13;0.18
-7;50;0;0;50;15.8;2.48;7.06;0.7;0.71;0.125;40.7;5.54;2.68;1.69;0.3;0.97;3.35;122.5;108.8;5;1.9;6.7;0.42;0.12;0.07;0.09;1.73;1.69;0.184;59.3;9.21;4.84;2.56;0.48;1.5;3.71;178.7;146;22.3;3;7.4;0.64;0.7;0.15;0.21
-7;50;0;0;100;15.63;2.75;7.83;0.72;0.73;0.128;40.2;5.56;2.69;1.7;0.28;1.02;3.75;125.5;112.2;3.8;2;7.5;0.43;0.13;0.07;0.09;2.18;2.18;0.196;59.8;11.07;5.81;3.18;0.53;1.73;4.08;186.5;140.4;34.4;3.5;8.2;0.64;1.13;0.18;0.23
-7;50;0;50;0;17.54;2.66;7.63;0.73;0.72;0.122;45.1;5.88;2.93;1.75;0.29;1.07;3.55;122;103.7;9.1;2.1;7.1;0.39;0.17;0.07;0.09;1.97;2.03;0.197;54.9;10.28;5.4;2.92;0.47;1.59;4.09;148.4;115.6;21.4;3.2;8.2;1.17;0.47;0.16;0.23
-7;50;0;50;50;17.64;3.2;9.31;0.77;0.78;0.126;45.5;6.06;2.96;1.82;0.32;1.07;4.38;124.5;105.7;8;2.1;8.8;0.4;0.21;0.07;0.1;2.82;2.77;0.201;54.5;13.8;7.32;3.92;0.63;2.13;4.94;149.1;113.2;21.8;4.3;9.9;1.57;0.68;0.2;0.32
-7;50;0;50;100;17.84;3.81;10.96;0.88;0.85;0.135;44.6;6.25;3.13;1.85;0.31;1.1;5.3;128.4;108.8;6.8;2.2;10.6;0.42;0.26;0.08;0.1;3.67;3.7;0.21;55.4;17.61;9.4;4.86;0.86;2.71;5.67;159.8;109.4;33.6;5.4;11.3;1.94;1.12;0.26;0.38
-7;50;0;100;0;19.23;3.19;9;0.75;0.81;0.122;52.4;6.52;3.19;2.03;0.29;1.19;4.27;124.8;101.5;12.3;2.4;8.5;0.38;0.23;0.08;0.11;2.59;2.59;0.205;47.6;12.65;6.75;3.48;0.63;2;4.73;113.2;78.8;21;4;9.5;1.67;0.46;0.19;0.27
-7;50;0;100;50;19.41;3.93;11.41;0.89;0.89;0.128;52.1;6.84;3.34;2.07;0.37;1.2;5.46;126.8;102.4;11;2.4;10.9;0.39;0.31;0.08;0.12;3.6;3.67;0.209;47.9;17.6;9.29;4.94;0.85;2.73;5.95;116.5;78.1;21.1;5.5;11.9;2.37;0.66;0.27;0.38
-7;50;0;100;100;19.59;4.52;13.01;0.97;1;0.14;50.1;7.09;3.54;2.13;0.35;1.24;6.13;129.3;104.6;10;2.5;12.3;0.4;0.41;0.09;0.11;4.56;4.58;0.215;49.9;21.33;11.37;5.82;1.04;3.27;6.88;129;76.3;32.4;6.5;13.8;2.75;1.07;0.32;0.45
-7;50;50;0;0;15.74;2.65;7.56;0.89;0.94;0.124;40.5;7.45;3.6;2.27;0.4;1.33;3.49;122.6;106.9;6.1;2.7;7;0.56;0.15;0.09;0.13;1.61;1.6;0.192;59.5;8.3;4.39;2.31;0.42;1.32;4.07;180.6;149;20.8;2.6;8.1;0.64;0.63;0.13;0.19
-7;50;50;0;50;15.92;2.83;8.37;0.97;0.96;0.129;41.6;7.37;3.59;2.25;0.4;1.29;3.93;125.9;110.4;5;2.6;7.9;0.56;0.19;0.08;0.12;1.99;2;0.197;58.4;10.12;5.22;2.91;0.49;1.54;4.44;177.1;143.3;21.8;3.1;8.9;0.63;0.99;0.15;0.22
-7;50;50;0;100;15.81;3.15;9.12;0.95;1.01;0.131;41.2;7.59;3.66;2.33;0.36;1.31;4.35;129.2;114;3.9;2.6;8.7;0.59;0.2;0.1;0.12;2.57;2.63;0.22;58.8;11.93;6.36;3.39;0.56;1.83;4.77;184.4;137.6;33.6;3.7;9.5;0.64;1.55;0.18;0.25
-7;50;50;50;0;17.55;3.21;8.94;1.04;1.02;0.125;45.8;8.08;3.92;2.43;0.43;1.45;4.24;125;104.4;9.2;2.9;8.5;0.54;0.25;0.1;0.13;2.15;2.21;0.202;54.2;10.91;5.77;3.04;0.51;1.75;4.7;148.1;114.7;20.6;3.5;9.4;1.18;0.62;0.17;0.24
-7;50;50;50;50;17.35;3.71;10.7;1.13;1.12;0.132;46;8.4;4.02;2.61;0.47;1.42;5.02;127;106.3;7.8;2.8;10;0.57;0.31;0.11;0.14;3.04;3.05;0.21;54;14.51;7.84;3.97;0.64;2.29;5.67;149.1;112.4;20.7;4.6;11.3;1.58;0.93;0.22;0.31
-7;50;50;50;100;17.59;4.21;12.02;1.2;1.15;0.138;45.6;8.23;4.03;2.44;0.45;1.4;5.67;133.5;109.6;9.8;2.8;11.3;0.56;0.36;0.09;0.13;4.13;4.1;0.225;54.4;18.24;9.94;4.89;0.82;2.81;6.35;159.1;108.5;32.3;5.6;12.7;1.92;1.51;0.29;0.37
-7;50;50;100;0;19.02;3.56;10.16;1.2;1.16;0.129;52.7;8.88;4.3;2.69;0.45;1.53;4.84;126.4;101.4;12.2;3.1;9.7;0.52;0.38;0.11;0.15;2.67;2.71;0.208;47.3;13;6.87;3.53;0.64;2.02;5.32;113.3;78.9;19.8;4;10.6;1.64;0.6;0.19;0.27
-7;50;50;100;50;19.29;4.48;12.67;1.27;1.29;0.139;53.7;9.22;4.52;2.83;0.47;1.58;6.03;135.2;103.1;16.8;3.2;12.1;0.53;0.5;0.11;0.16;3.96;3.94;0.215;46.3;18.34;9.96;4.97;0.83;2.9;6.64;116.7;77.5;20.1;5.8;13.3;2.34;0.93;0.29;0.39
-7;50;50;100;100;19.4;5.05;14.1;1.43;1.38;0.145;51.7;9.43;4.8;2.73;0.47;1.66;6.74;137;105.3;14.9;3.3;13.5;0.55;0.57;0.11;0.15;4.95;4.96;0.226;48.3;21.93;11.94;5.82;1.07;3.39;7.36;128.1;75.8;30.9;6.8;14.7;2.74;1.44;0.33;0.45
-7;50;100;0;0;15.72;3.06;8.83;1.22;1.22;0.127;41.7;9.46;4.55;2.94;0.48;1.63;4.08;128.3;108.2;8.7;3.3;8.2;0.72;0.22;0.12;0.16;1.84;1.84;0.205;58.3;8.96;4.78;2.52;0.4;1.43;4.76;179.4;146.9;20.2;2.9;9.5;0.63;0.88;0.14;0.19
-7;50;100;0;50;15.82;3.25;9.69;1.28;1.28;0.132;41.4;9.64;4.71;2.99;0.5;1.67;4.56;131.4;111.8;7.2;3.3;9.1;0.75;0.26;0.11;0.16;2.39;2.42;0.226;58.6;10.68;5.71;2.96;0.52;1.58;5.13;185.9;141.2;31.3;3.2;10.3;0.64;1.4;0.15;0.22
-7;50;100;0;100;15.54;3.49;10.2;1.36;1.32;0.135;42.4;9.68;4.74;2.92;0.5;1.68;4.77;133.9;115.4;5.6;3.4;9.5;0.77;0.27;0.12;0.16;3.03;3.05;0.245;57.6;12.42;6.86;3.33;0.58;1.81;5.42;181.9;135.3;32.1;3.6;10.8;0.61;1.99;0.18;0.26
-7;50;100;50;0;17.42;3.67;10.43;1.39;1.39;0.133;47.1;10.4;5.12;3.13;0.55;1.82;4.95;131.9;105;13.4;3.6;9.9;0.7;0.39;0.13;0.17;2.47;2.49;0.212;52.9;11.72;6.28;3.19;0.59;1.85;5.48;148.2;114;19.5;3.7;11;1.21;0.85;0.18;0.25
-7;50;100;50;50;17.37;4.14;11.76;1.51;1.45;0.137;45.9;10.53;5.33;3.1;0.48;1.86;5.61;133.9;107.4;11.6;3.7;11.2;0.71;0.44;0.13;0.17;3.44;3.42;0.228;54.1;14.97;8.12;4.09;0.67;2.28;6.15;157.8;111.2;29.8;4.6;12.3;1.56;1.33;0.22;0.31
-7;50;100;50;100;17.61;4.61;13.19;1.5;1.53;0.146;46.3;10.47;5.22;3.14;0.56;1.83;6.2;136.5;110.5;9.9;3.7;12.4;0.73;0.51;0.12;0.17;4.49;4.46;0.241;53.7;18.53;10.18;4.96;0.85;2.78;6.99;158.1;107.4;31.1;5.6;14;1.89;1.91;0.28;0.38
-7;50;100;100;0;19.03;4.19;11.8;1.49;1.54;0.135;54.1;11.31;5.5;3.46;0.57;2.02;5.59;134.9;101.6;18;4;11.2;0.67;0.54;0.14;0.19;2.93;2.98;0.216;45.9;13.78;7.44;3.81;0.65;2.17;6.21;114.5;78.7;19;4.3;12.4;1.66;0.81;0.21;0.3
-7;50;100;100;50;19.45;4.91;13.89;1.7;1.64;0.142;51.9;11.51;5.63;3.45;0.6;1.97;6.59;136.9;103.4;16.4;3.9;13.2;0.69;0.63;0.14;0.18;4.34;4.35;0.229;48.1;18.96;10.34;5.09;0.89;2.93;7.3;126.9;77.3;29.2;5.9;14.6;2.36;1.31;0.29;0.39
-7;50;100;100;100;19.05;5.24;15.4;1.8;1.82;0.154;52;11.71;5.82;3.53;0.6;1.99;7.25;138.5;105.4;14.7;4;14.5;0.7;0.78;0.14;0.19;5.4;5.35;0.239;48;22.37;12.25;6.11;1;3.25;8.15;127.7;75.7;29.2;6.5;16.3;2.74;1.8;0.34;0.47
-7;100;0;0;0;17.8;2.59;7.23;0.79;0.83;0.122;30.2;6.66;3.19;2.05;0.36;1.17;3.37;79.4;64.6;5.7;2.3;6.7;0.52;0.1;0.09;0.11;1.51;1.53;0.181;69.8;8.44;4.45;2.36;0.43;1.43;3.86;183.7;147.8;25.3;2.9;7.7;0.64;0.56;0.14;0.19
-7;100;0;0;50;17.77;2.89;8.28;0.87;0.87;0.126;31.3;6.83;3.28;2.12;0.37;1.19;3.91;81.9;66.9;4.8;2.4;7.8;0.54;0.12;0.09;0.12;1.92;1.96;0.185;68.7;10.55;5.46;3;0.49;1.7;4.37;179.6;141.5;26;3.4;8.7;0.64;0.92;0.17;0.23
-7;100;0;0;100;18.24;3.24;9.3;0.86;0.88;0.127;30.8;6.8;3.35;2.05;0.36;1.23;4.34;84.4;69.6;3.7;2.5;8.7;0.55;0.13;0.09;0.12;2.53;2.51;0.194;69.2;12.93;6.83;3.57;0.65;2.01;4.97;189.6;134.5;41.1;4;9.9;0.63;1.39;0.19;0.3
-7;100;0;50;0;19.58;3.04;8.65;0.9;0.86;0.122;35.4;7;3.43;2.19;0.34;1.24;4.05;82.8;63.3;8.9;2.5;8.1;0.5;0.17;0.09;0.11;2.15;2.18;0.195;64.6;11.2;5.88;3.15;0.5;1.8;4.59;151.2;113.4;25;3.6;9.2;1.21;0.56;0.18;0.23
-7;100;0;50;50;19.81;3.66;10.52;0.92;0.92;0.126;36.1;7.25;3.53;2.16;0.37;1.28;5.03;85.5;65.2;7.7;2.6;10.1;0.52;0.21;0.09;0.11;3.03;2.99;0.2;63.9;14.98;7.91;4.22;0.74;2.38;5.5;151.1;109.6;25.7;4.8;11;1.53;0.91;0.21;0.34
-7;100;0;50;100;20.15;4.32;12.23;0.95;1;0.133;34.9;7.43;3.63;2.29;0.38;1.31;5.77;88;67.3;6.6;2.6;11.5;0.53;0.26;0.1;0.12;3.88;3.92;0.207;65.1;18.91;9.98;5.34;0.89;3.01;6.46;164.2;105.3;39.9;6;12.9;1.84;1.37;0.29;0.41
-7;100;0;100;0;21.09;3.44;9.59;0.96;0.93;0.122;42.5;7.57;3.66;2.27;0.44;1.35;4.44;85.7;62.2;11.9;2.7;8.9;0.49;0.23;0.1;0.12;2.75;2.65;0.201;57.5;13.16;7;3.59;0.65;2.08;5.14;116;77.1;24.5;4.2;10.3;1.59;0.54;0.22;0.3
-7;100;0;100;50;21.55;4.25;12.4;1.04;1.03;0.128;42.7;7.95;3.81;2.48;0.41;1.37;5.9;88.7;63.3;10.8;2.7;11.8;0.5;0.3;0.1;0.13;3.94;3.88;0.207;57.3;18.72;9.9;5.24;0.84;2.88;6.5;119.3;75.6;25;5.8;13;2.31;0.89;0.28;0.4
-7;100;0;100;100;21.4;4.88;13.99;1.19;1.11;0.136;40.4;8.13;4.05;2.42;0.41;1.36;6.58;90.2;64.9;9.3;2.7;13.2;0.52;0.37;0.09;0.13;4.83;4.78;0.212;59.6;22.5;12.04;6.19;1.07;3.52;7.41;133.4;73.4;38.1;7;14.8;2.66;1.29;0.34;0.48
-7;100;50;0;0;18.1;3.16;9.18;1.21;1.18;0.124;31.5;9.47;4.66;2.88;0.48;1.7;4.27;83.5;65.9;5.6;3.4;8.5;0.77;0.14;0.12;0.15;1.79;1.77;0.188;68.5;9.39;4.87;2.7;0.47;1.46;4.91;181.8;144.2;24.9;2.9;9.8;0.64;0.78;0.14;0.22
-7;100;50;0;50;18.49;3.57;10.2;1.28;1.25;0.127;31.2;9.75;4.74;2.97;0.51;1.69;4.78;86.3;68.7;4.7;3.4;9.6;0.79;0.18;0.12;0.16;2.37;2.38;0.201;68.8;11.8;6.26;3.25;0.57;1.88;5.42;190.6;136.9;39.2;3.8;10.8;0.62;1.31;0.18;0.26
-7;100;50;0;100;18.65;3.88;11.15;1.3;1.31;0.129;32.3;10.09;4.92;3.05;0.54;1.78;5.21;88.9;71.3;3.7;3.6;10.4;0.84;0.18;0.12;0.17;3.09;3.05;0.219;67.7;13.88;7.52;3.85;0.59;2.1;5.93;186.4;130;40.4;4.2;11.9;0.61;1.92;0.21;0.3
-7;100;50;50;0;19.64;3.77;10.52;1.28;1.29;0.125;36.6;10.27;4.93;3.19;0.53;1.82;5.02;86.8;64.6;8.6;3.6;10;0.76;0.23;0.13;0.17;2.4;2.39;0.199;63.4;12.03;6.36;3.31;0.61;1.95;5.5;150.2;110.9;24.5;3.9;11;1.15;0.77;0.21;0.26
-7;100;50;50;50;19.99;4.29;12.38;1.26;1.38;0.13;35.5;10.5;5.09;3.18;0.55;1.87;5.86;89.3;66.5;7.4;3.7;11.7;0.78;0.29;0.13;0.17;3.4;3.33;0.211;64.5;15.8;8.38;4.36;0.74;2.41;6.52;162.6;107.1;37.7;4.8;13;1.51;1.25;0.23;0.34
-7;100;50;50;100;20.25;4.99;14.06;1.5;1.46;0.134;37;10.76;5.33;3.22;0.6;1.91;6.71;95.2;68.7;9.2;3.8;13.4;0.81;0.34;0.13;0.18;4.3;4.41;0.224;63;19.69;10.59;5.42;0.91;3.08;7.35;162.3;102.5;39;6.2;14.7;1.82;1.87;0.31;0.41
-7;100;50;100;0;21.29;4.17;11.96;1.36;1.43;0.128;43.2;11.08;5.31;3.52;0.56;1.93;5.51;89.4;62.5;12;3.9;11;0.74;0.37;0.14;0.19;2.81;2.89;0.205;56.8;14.11;7.43;3.94;0.7;2.24;6.45;117.6;76.7;23.5;4.5;12.9;1.62;0.74;0.23;0.31
-7;100;50;100;50;21.71;5.04;14.36;1.53;1.55;0.135;42.5;11.36;5.54;3.43;0.58;1.98;6.89;97.7;64.3;15.7;4;13.8;0.76;0.46;0.13;0.19;4.18;4.21;0.215;57.5;19.53;10.48;5.39;0.89;3.06;7.47;132;74.3;36.6;6.1;14.9;2.27;1.21;0.3;0.42
-7;100;50;100;100;21.82;5.55;16.15;1.68;1.64;0.14;42.6;11.65;5.8;3.49;0.6;2;7.62;99.2;66;13.9;4;15.2;0.78;0.53;0.13;0.19;5.15;5.23;0.225;57.4;23.26;12.54;6.33;1.12;3.55;8.53;133.6;72;37.4;7.1;17.1;2.62;1.79;0.34;0.49
-7;100;100;0;0;18.25;3.69;10.74;1.46;1.51;0.126;33.5;11.89;5.72;3.64;0.65;2.07;5.11;90.1;67.6;8.2;4.1;10.2;0.96;0.22;0.14;0.19;2.1;2.1;0.202;66.5;10.39;5.47;2.92;0.46;1.62;5.63;178.8;139.8;24.5;3.2;11.3;0.59;1.13;0.16;0.22
-7;100;100;0;50;18.61;4.07;11.56;1.57;1.56;0.13;32.8;11.96;5.85;3.62;0.64;2.07;5.45;91.6;69.9;6.7;4.1;10.9;0.98;0.25;0.14;0.19;2.76;2.84;0.226;67.2;12.56;6.85;3.36;0.61;2;6.11;188.1;133.7;38.3;4;12.2;0.62;1.77;0.19;0.26
-7;100;100;0;100;18.64;4.21;12.5;1.65;1.64;0.131;34;12.4;6;3.82;0.62;2.09;5.88;94;72.9;5.1;4.2;11.8;1.05;0.24;0.15;0.2;3.73;3.61;0.246;66;14.66;8.25;3.79;0.66;2.12;6.62;182.4;125.7;39.3;4.2;13.2;0.59;2.51;0.21;0.3
-7;100;100;50;0;19.86;4.22;12.23;1.62;1.69;0.131;38.5;12.84;6.16;3.96;0.65;2.2;5.74;94.2;64.9;13.4;4.4;11.5;0.93;0.39;0.15;0.21;2.58;2.67;0.21;61.5;12.72;6.79;3.52;0.61;2.02;6.49;150.4;110.2;23.2;4;13;1.14;1.06;0.2;0.28
-7;100;100;50;50;19.82;4.78;13.61;1.85;1.75;0.134;37.2;12.99;6.42;3.86;0.67;2.29;6.45;95.7;67.2;11;4.6;12.9;0.96;0.42;0.16;0.22;3.81;3.76;0.228;62.8;16.49;9.09;4.44;0.71;2.48;7.17;161.3;105.6;36.4;5;14.3;1.47;1.68;0.24;0.36
-7;100;100;50;100;20.32;5.28;15.28;1.82;1.83;0.139;37.9;13.07;6.4;3.98;0.65;2.25;7.24;98;69.8;9.3;4.5;14.5;1;0.47;0.16;0.21;4.88;4.9;0.242;62.1;20.25;11.15;5.4;0.92;3.04;8.04;160.6;100.5;37.9;6.1;16.1;1.77;2.42;0.29;0.41
-7;100;100;100;0;21.07;4.79;13.61;1.84;1.85;0.133;45.6;13.84;6.8;4.16;0.73;2.46;6.39;98.2;63.3;17.3;4.9;12.8;0.93;0.52;0.18;0.23;3.12;3.19;0.213;54.4;14.92;7.93;4.11;0.71;2.33;7.22;117.2;75.6;22.5;4.7;14.4;1.61;1.02;0.23;0.33
-7;100;100;100;50;21.6;5.6;15.9;1.95;1.94;0.138;43.2;14.01;6.88;4.27;0.74;2.43;7.47;100.1;64.6;15.7;4.9;14.9;0.94;0.61;0.17;0.22;4.48;4.61;0.229;56.8;20.13;11.04;5.41;0.9;3.17;8.44;131.8;73.8;34.7;6.3;16.9;2.25;1.62;0.32;0.43
-7;100;100;100;100;21.55;6.01;17.2;2.14;2.09;0.147;43.4;14.1;7.01;4.27;0.71;2.4;8.12;101.5;66.8;13.7;4.8;16.2;0.96;0.73;0.17;0.23;5.65;5.74;0.24;56.6;23.86;13.04;6.38;1.17;3.61;9.08;132.3;71;36;7.2;18.2;2.57;2.29;0.38;0.5
-6;0;0;0;0;13.63;1.76;5.13;0.51;0.51;0.124;46.8;3.92;1.91;1.21;0.21;0.68;2.45;157.8;144.7;6.8;1.4;4.9;0.26;0.13;0.05;0.07;1.24;1.22;0.179;53.2;6.76;3.48;1.94;0.33;1.07;2.68;179.4;154.6;17.3;2.1;5.4;0.59;0.38;0.1;0.15
-6;0;0;0;50;13.48;1.91;5.6;0.54;0.53;0.131;47.3;3.92;1.93;1.16;0.19;0.66;2.66;159.9;147.4;5.9;1.3;5.3;0.26;0.15;0.05;0.07;1.48;1.42;0.179;52.7;7.89;4.12;2.2;0.39;1.25;2.94;177.9;151.6;17.9;2.5;5.9;0.6;0.54;0.11;0.17
-6;0;0;0;100;13.18;2.05;6.13;0.49;0.53;0.135;47;3.79;1.84;1.14;0.19;0.63;2.9;162.9;151.1;4.7;1.3;5.8;0.27;0.16;0.04;0.06;1.78;1.74;0.187;53;9.27;4.74;2.67;0.46;1.42;3.23;183.6;147.3;27;2.8;6.5;0.6;0.8;0.14;0.2
-6;0;0;50;0;15.61;2.32;6.7;0.57;0.58;0.125;52.4;4.49;2.17;1.39;0.24;0.83;3.2;160.1;141.9;10.2;1.7;6.4;0.25;0.19;0.05;0.08;1.84;1.83;0.189;47.6;9.65;5.03;2.73;0.49;1.49;3.5;145.4;118.4;17;3;7;1.09;0.39;0.14;0.21
-6;0;0;50;50;15.28;2.86;7.88;0.6;0.61;0.133;52.3;4.44;2.2;1.33;0.23;0.82;3.76;161;142.9;8.9;1.6;7.5;0.24;0.23;0.06;0.07;2.48;2.41;0.194;47.7;12.44;6.66;3.47;0.61;2.04;4.12;146.8;117.5;17;4.1;8.2;1.44;0.51;0.2;0.26
-6;0;0;50;100;15.52;3.33;9.42;0.66;0.69;0.146;51;4.62;2.29;1.37;0.24;0.81;4.43;163.4;144.9;8;1.6;8.9;0.25;0.3;0.06;0.08;3.19;3.19;0.199;49;16;8.43;4.47;0.82;2.52;4.99;157.1;115.8;26.2;5;10;1.82;0.78;0.25;0.34
-6;0;0;100;0;17.46;2.8;8.03;0.61;0.65;0.124;59.5;5.08;2.4;1.58;0.29;0.86;3.73;161.7;139.1;13.4;1.7;7.5;0.25;0.26;0.06;0.08;2.35;2.31;0.195;40.5;11.87;6.33;3.25;0.59;1.93;4.3;109.8;80.5;16.8;3.9;8.6;1.5;0.38;0.18;0.25
-6;0;0;100;50;17.54;3.51;10.07;0.73;0.75;0.136;58.8;5.42;2.64;1.64;0.29;0.9;4.78;162.1;138.2;12.5;1.8;9.6;0.24;0.34;0.07;0.1;3.26;3.24;0.199;41.2;16.31;8.66;4.46;0.84;2.61;5.29;113.5;81;16.6;5.2;10.6;2.17;0.5;0.24;0.33
-6;0;0;100;100;17.49;4.07;11.69;0.8;0.84;0.149;57.3;5.49;2.76;1.6;0.27;0.95;5.6;165.4;141;11.3;1.9;11.2;0.24;0.44;0.06;0.09;4.15;4.04;0.202;42.7;20;10.59;5.61;0.94;3.12;6.09;123.4;79.4;25.6;6.2;12.2;2.55;0.79;0.3;0.41
-6;0;50;0;0;13.26;1.84;5.33;0.53;0.55;0.128;46.8;4.15;2.03;1.24;0.22;0.77;2.51;157.9;144.4;6.9;1.5;5;0.26;0.17;0.06;0.07;1.36;1.32;0.187;53.2;7.05;3.7;2;0.34;1.07;2.82;179.2;155;16.4;2.1;5.6;0.61;0.47;0.1;0.14
-6;0;50;0;50;13.04;2.06;6.11;0.64;0.64;0.139;47.6;4.46;2.17;1.36;0.22;0.75;2.86;161;147.7;6;1.5;5.7;0.28;0.23;0.06;0.08;1.67;1.66;0.194;52.4;8.53;4.47;2.38;0.44;1.31;3.25;176.8;151.2;16.5;2.6;6.5;0.61;0.73;0.13;0.19
-6;0;50;0;100;12.79;2.21;6.5;0.68;0.68;0.147;47.3;4.44;2.23;1.31;0.21;0.74;3.1;163.6;151.1;4.9;1.5;6.2;0.29;0.26;0.05;0.08;2;2.02;0.209;52.7;9.66;5.13;2.64;0.49;1.48;3.4;182.5;147.3;25.4;3;6.8;0.6;1.07;0.15;0.2
-6;0;50;50;0;15.03;2.5;7.1;0.68;0.69;0.129;52.3;5.2;2.56;1.53;0.27;0.93;3.38;159.6;140.9;10.1;1.9;6.8;0.27;0.27;0.06;0.09;1.92;1.9;0.195;47.7;9.75;5.15;2.73;0.47;1.57;3.72;145.6;119.2;15.8;3.1;7.4;1.1;0.47;0.14;0.2
-6;0;50;50;50;14.99;2.97;8.44;0.77;0.79;0.143;52.5;5.4;2.68;1.61;0.27;0.92;4.08;161.8;142.8;9;1.8;8.2;0.27;0.36;0.07;0.09;2.71;2.63;0.202;47.5;13.01;6.93;3.63;0.6;2.05;4.36;146.4;117.6;16;4.1;8.7;1.47;0.7;0.2;0.26
-6;0;50;50;100;14.96;3.48;9.82;0.88;0.88;0.161;51.9;5.38;2.7;1.56;0.26;0.91;4.71;167.8;144.6;12;1.8;9.4;0.27;0.46;0.06;0.09;3.54;3.44;0.211;48.1;16.3;8.81;4.44;0.76;2.57;5.11;155.6;116.1;24.2;5.1;10.2;1.84;1.03;0.23;0.33
-6;0;50;100;0;17.02;3.09;8.54;0.84;0.84;0.136;59.1;6.11;3;1.83;0.33;1.1;4.02;160.2;136.5;13.4;2.2;8;0.24;0.42;0.07;0.11;2.39;2.43;0.2;40.9;12.13;6.42;3.44;0.56;1.98;4.52;110.6;82;15.5;4;9;1.53;0.45;0.19;0.25
-6;0;50;100;50;17.06;3.7;10.63;0.99;0.98;0.152;59.7;6.37;3.16;1.9;0.33;1.04;5.04;168.1;137.1;18.8;2.1;10.1;0.25;0.54;0.07;0.11;3.58;3.47;0.205;40.3;16.93;9.1;4.68;0.72;2.65;5.59;113.6;81.6;15.4;5.3;11.2;2.21;0.67;0.25;0.34
-6;0;50;100;100;16.98;4.27;12.1;1.08;1.11;0.169;57.9;6.54;3.37;1.88;0.3;1.12;5.71;169.6;139.1;16.8;2.2;11.4;0.26;0.66;0.08;0.11;4.42;4.32;0.212;42.1;20.36;10.9;5.56;0.97;3.15;6.39;123.2;80.5;23.6;6.3;12.8;2.59;1.01;0.31;0.41
-6;0;100;0;0;12.86;2.04;5.89;0.69;0.7;0.137;47.4;4.97;2.44;1.48;0.25;0.86;2.72;161.4;143.9;10.3;1.7;5.4;0.28;0.28;0.06;0.08;1.54;1.47;0.195;52.6;7.52;4.01;2.12;0.34;1.17;3.17;179.4;155.5;15.2;2.3;6.3;0.61;0.59;0.11;0.16
-6;0;100;0;50;12.64;2.25;6.33;0.77;0.78;0.153;48.1;5.03;2.52;1.49;0.25;0.85;2.97;164;147.5;8.9;1.7;5.9;0.29;0.35;0.06;0.08;1.85;1.86;0.21;51.9;8.85;4.76;2.38;0.43;1.4;3.36;176.7;151.4;15.8;2.8;6.7;0.6;0.93;0.15;0.18
-6;0;100;0;100;12.48;2.44;6.79;0.76;0.79;0.158;48;4.9;2.51;1.45;0.24;0.85;3.19;167.3;152;7.2;1.7;6.4;0.3;0.35;0.06;0.08;2.3;2.37;0.232;52;10.21;5.61;2.64;0.5;1.59;3.6;180.9;146.3;24.2;3.2;7.2;0.58;1.42;0.15;0.21
-6;0;100;50;0;14.76;2.65;7.57;0.89;0.91;0.145;53;6.14;3;1.88;0.29;1.05;3.65;164.5;139.7;15.4;2.1;7.3;0.27;0.45;0.08;0.11;2.06;2.05;0.201;47;10.18;5.44;2.8;0.49;1.6;3.93;146.1;120.3;14.8;3.2;7.9;1.11;0.57;0.16;0.21
-6;0;100;50;50;14.68;3.08;8.74;0.98;0.98;0.161;53;6.07;3.07;1.79;0.24;1.01;4.16;165.7;141.8;13.6;2;8.3;0.27;0.54;0.07;0.1;2.87;2.79;0.211;47;13.22;7.12;3.61;0.63;2.06;4.58;146.7;118.5;15;4.1;9.2;1.44;0.88;0.2;0.27
-6;0;100;50;100;14.75;3.62;10.09;1.06;1.08;0.174;52;6.15;3.16;1.76;0.28;1.05;4.82;167.9;144.3;11.9;2.1;9.6;0.29;0.61;0.08;0.1;3.72;3.72;0.224;48;16.56;9.02;4.47;0.75;2.56;5.26;155.2;116.3;23.2;5.1;10.5;1.81;1.33;0.25;0.32
-6;0;100;100;0;16.75;3.27;9.18;1.1;1.1;0.149;60;7.33;3.7;2.17;0.36;1.29;4.29;166.6;134.8;20.7;2.6;8.6;0.26;0.62;0.1;0.13;2.65;2.57;0.204;40;12.61;6.73;3.55;0.6;1.97;4.89;111;83;14.3;3.9;9.8;1.54;0.57;0.2;0.26
-6;0;100;100;50;16.85;4;11.39;1.26;1.26;0.165;59.4;7.55;3.76;2.23;0.38;1.24;5.35;167.8;135.7;18.9;2.5;10.7;0.27;0.77;0.1;0.11;3.72;3.72;0.212;40.6;17.55;9.49;4.73;0.82;2.76;6.04;114.6;82.4;14.5;5.5;12.1;2.23;0.87;0.26;0.35
-6;0;100;100;100;16.73;4.4;12.48;1.43;1.38;0.183;58;7.52;3.97;2.1;0.33;1.27;5.99;169.3;137.8;17.1;2.5;12;0.27;0.91;0.09;0.12;4.6;4.58;0.222;42;20.63;11.1;5.56;0.95;3.13;6.49;122.4;81.3;21.9;6.3;13;2.6;1.27;0.3;0.41
-6;50;0;0;0;15.86;2.19;6.38;0.77;0.74;0.128;39.8;5.64;2.82;1.64;0.3;0.98;3.01;120;105.2;6.9;2;6;0.44;0.13;0.07;0.1;1.33;1.34;0.176;60.2;7.56;3.81;2.31;0.34;1.21;3.37;181.9;151.7;20.9;2.4;6.7;0.59;0.46;0.12;0.16
-6;50;0;0;50;15.65;2.51;7.15;0.76;0.79;0.133;40.5;5.82;2.84;1.79;0.3;0.98;3.35;122.1;107.9;5.5;2;6.7;0.47;0.14;0.07;0.11;1.58;1.6;0.177;59.5;9.04;4.72;2.57;0.42;1.53;3.8;179.5;147.4;21.4;3.1;7.6;0.59;0.67;0.15;0.2
-6;50;0;0;100;15.62;2.76;7.84;0.83;0.82;0.137;40.2;5.89;2.96;1.75;0.33;1.04;3.68;125.4;111.3;4.7;2.1;7.4;0.48;0.16;0.08;0.1;2.1;2.04;0.19;59.8;10.69;5.66;3.06;0.5;1.72;4.16;186.6;141.9;32.9;3.4;8.3;0.57;1.08;0.16;0.23
-6;50;0;50;0;17.57;2.72;7.94;0.77;0.81;0.128;45.5;6.23;3.04;1.91;0.32;1.1;3.81;123.2;103.5;9.9;2.2;7.6;0.45;0.18;0.08;0.11;1.96;1.94;0.187;54.5;10.35;5.37;2.97;0.51;1.62;4.13;147.9;115.7;20.7;3.2;8.3;1.1;0.46;0.18;0.21
-6;50;0;50;50;17.55;3.25;9.56;0.83;0.85;0.134;45.4;6.3;3.14;1.85;0.36;1.14;4.46;124.5;104.5;8.8;2.3;8.9;0.44;0.23;0.07;0.11;2.57;2.61;0.19;54.6;13.68;7.09;4.01;0.65;2.12;5.09;149.9;114.6;20.8;4.2;10.2;1.44;0.65;0.21;0.3
-6;50;0;50;100;17.49;3.76;10.97;0.91;0.95;0.143;44.3;6.56;3.17;2.01;0.37;1.1;5.2;127.4;107.2;7.6;2.2;10.4;0.45;0.3;0.07;0.12;3.48;3.42;0.2;55.7;17.08;9.06;4.78;0.83;2.66;5.77;159.9;111.4;31.6;5.3;11.5;1.73;1.06;0.27;0.35
-6;50;0;100;0;19.16;3.06;8.98;0.9;0.87;0.128;52.7;6.75;3.3;2.04;0.36;1.16;4.33;125;101.2;12.8;2.3;8.7;0.43;0.25;0.08;0.12;2.45;2.38;0.192;47.3;12.33;6.47;3.43;0.6;1.9;4.65;112.2;79.1;20;3.8;9.3;1.5;0.44;0.19;0.25
-6;50;0;100;50;19.46;3.83;11.37;1;0.98;0.134;52.2;7.17;3.51;2.11;0.38;1.22;5.38;126.8;101.6;12;2.4;10.8;0.44;0.33;0.09;0.12;3.48;3.36;0.196;47.8;17.16;9.02;4.86;0.82;2.61;5.98;116;78.7;20.1;5.2;12;2.12;0.63;0.25;0.36
-6;50;0;100;100;19.55;4.65;13.07;1.15;1.1;0.146;50.2;7.47;3.78;2.21;0.35;1.29;6.23;129.5;103.8;10.7;2.6;12.5;0.44;0.43;0.09;0.13;4.41;4.29;0.203;49.8;21.12;11.33;5.75;0.99;3.36;6.84;128.6;77;31.2;6.7;13.7;2.5;1.04;0.32;0.43
-6;50;50;0;0;15.59;2.57;7.62;1.07;1.03;0.132;40.6;7.73;3.79;2.37;0.39;1.33;3.69;123.1;106.4;6.6;2.7;7.4;0.62;0.18;0.1;0.13;1.49;1.47;0.184;59.4;7.98;4.11;2.36;0.39;1.24;3.93;180.1;149.8;20;2.5;7.9;0.58;0.59;0.12;0.18
-6;50;50;0;50;15.67;2.91;8.36;1.07;1.09;0.138;41.5;7.87;3.86;2.4;0.4;1.36;3.94;125.7;109.6;5.5;2.7;7.9;0.64;0.21;0.1;0.14;1.92;1.87;0.191;58.5;9.76;5.17;2.69;0.49;1.55;4.42;177.4;144.6;20.9;3.1;8.8;0.57;0.95;0.16;0.2
-6;50;50;0;100;15.73;3.22;9.02;1.12;1.13;0.142;41.2;7.86;3.92;2.39;0.39;1.41;4.31;129.1;113;4.7;2.8;8.6;0.65;0.24;0.1;0.14;2.51;2.43;0.208;58.8;11.65;6.27;3.24;0.51;1.8;4.72;184.5;139.3;32.2;3.6;9.4;0.59;1.42;0.18;0.24
-6;50;50;50;0;17.33;3.18;9.08;1.16;1.14;0.132;45.9;8.57;4.15;2.63;0.47;1.5;4.35;125.3;103.7;9.9;3;8.7;0.61;0.27;0.11;0.15;2.02;2.01;0.192;54.1;10.49;5.5;2.91;0.5;1.68;4.73;147.7;115.5;19.3;3.4;9.5;1.06;0.59;0.16;0.21
-6;50;50;50;50;17.32;3.71;10.7;1.28;1.25;0.14;46.1;8.83;4.37;2.65;0.42;1.5;5.12;127.4;105.4;8.8;3;10.2;0.63;0.35;0.11;0.16;2.88;2.8;0.2;53.9;14.02;7.48;3.9;0.72;2.21;5.58;148.8;113.6;19.7;4.4;11.2;1.41;0.89;0.22;0.29
-6;50;50;50;100;17.53;4.2;12.11;1.3;1.3;0.149;45.9;8.64;4.3;2.56;0.44;1.46;5.79;134.5;108.6;11.4;2.9;11.6;0.63;0.42;0.1;0.14;3.78;3.69;0.211;54.1;17.52;9.44;4.84;0.85;2.74;6.32;158.5;109.6;30.7;5.5;12.6;1.7;1.36;0.26;0.36
-6;50;50;100;0;19.18;3.67;10.44;1.28;1.26;0.136;52.8;9.23;4.56;2.77;0.47;1.65;5;127;100.7;13;3.3;10;0.57;0.41;0.12;0.16;2.58;2.55;0.197;47.2;12.94;6.76;3.65;0.63;2.02;5.44;113.4;79.4;19;4;10.9;1.51;0.57;0.2;0.27
-6;50;50;100;50;19.32;4.34;12.57;1.39;1.38;0.145;53.7;9.41;4.68;2.73;0.49;1.61;6.02;135.1;101.9;17.9;3.2;12;0.59;0.52;0.11;0.16;3.69;3.61;0.203;46.3;17.77;9.48;4.93;0.83;2.73;6.55;116.2;78.5;19.1;5.5;13.1;2.11;0.87;0.27;0.36
-6;50;50;100;100;19.38;5;14.18;1.52;1.56;0.156;51.8;9.92;4.93;2.97;0.49;1.75;6.8;137.4;104;16.3;3.5;13.6;0.61;0.65;0.12;0.17;4.64;4.49;0.211;48.2;21.23;11.43;5.79;1.02;3.25;7.37;127.6;76.8;29.5;6.5;14.7;2.44;1.3;0.32;0.43
-6;50;100;0;0;15.65;3.14;8.88;1.38;1.37;0.136;42;10.02;4.89;3.04;0.51;1.74;4.29;129.4;107.4;10;3.5;8.6;0.81;0.27;0.12;0.17;1.72;1.71;0.198;58.1;8.57;4.55;2.35;0.43;1.4;4.59;179.2;148.2;19.1;2.8;9.2;0.57;0.82;0.14;0.17
-6;50;100;0;50;15.72;3.32;9.47;1.49;1.45;0.142;41.5;10.09;4.93;3.04;0.52;1.74;4.47;131.8;110.8;8.5;3.5;8.9;0.83;0.33;0.13;0.16;2.29;2.23;0.214;58.5;10.41;5.6;2.84;0.45;1.58;5;185.7;142.7;29.9;3.2;10;0.57;1.3;0.16;0.2
-6;50;100;0;100;15.55;3.54;10.17;1.48;1.48;0.144;42.6;10.13;5.03;3.06;0.5;1.76;4.9;134.6;114.7;6.6;3.5;9.8;0.86;0.32;0.13;0.17;2.95;2.89;0.24;57.4;12.05;6.69;3.17;0.54;1.78;5.27;181.4;136.4;30.9;3.6;10.5;0.57;1.9;0.18;0.23
-6;50;100;50;0;17.37;3.58;10.56;1.58;1.54;0.14;47.1;10.97;5.43;3.31;0.56;1.86;5.02;132.4;103.7;14.9;3.7;10;0.78;0.44;0.13;0.19;2.29;2.24;0.202;52.9;11.08;5.84;3.14;0.51;1.72;5.54;148.5;115.5;18.4;3.4;11.1;1.07;0.79;0.16;0.23
-6;50;100;50;50;17.36;4.13;11.66;1.67;1.64;0.148;46;11.02;5.56;3.19;0.54;1.92;5.48;134;106.2;13;3.8;11;0.8;0.51;0.14;0.19;3.29;3.15;0.214;54;14.66;7.92;3.9;0.7;2.21;6.17;157.7;112.5;28.4;4.4;12.3;1.41;1.22;0.22;0.29
-6;50;100;50;100;17.36;4.64;13.22;1.69;1.71;0.154;46.4;11.01;5.5;3.26;0.54;1.85;6.33;136.4;108.9;11.1;3.7;12.7;0.81;0.58;0.13;0.18;4.07;4.1;0.23;53.6;17.79;9.79;4.78;0.78;2.79;6.89;157.7;109.3;29;5.6;13.8;1.7;1.8;0.26;0.34
-6;50;100;100;0;19.15;4.13;11.79;1.72;1.69;0.142;54.4;11.8;5.82;3.5;0.63;2.05;5.61;135.8;100.9;19.6;4.1;11.2;0.75;0.59;0.15;0.2;2.79;2.73;0.205;45.6;13.34;7.11;3.64;0.66;2.08;6.18;113.9;79.3;18.1;4.2;12.4;1.47;0.79;0.2;0.27
-6;50;100;100;50;19.31;4.96;13.94;1.87;1.85;0.152;52;12.09;6.08;3.51;0.57;2.12;6.59;136.9;101.3;18.1;4.2;13.2;0.76;0.74;0.15;0.2;4.04;3.96;0.214;48;18.43;9.96;5.06;0.86;2.84;7.35;126.5;78.9;27.2;5.7;14.7;2.14;1.16;0.29;0.37
-6;50;100;100;100;19.25;5.32;15.31;2.01;1.97;0.162;52.2;12.12;6.09;3.62;0.59;2.03;7.29;139.2;104.5;16;4.1;14.6;0.77;0.85;0.14;0.21;4.94;4.95;0.227;47.8;21.79;11.84;5.83;0.99;3.29;8.02;127.2;76.4;28.2;6.6;16;2.45;1.73;0.32;0.44
-6;100;0;0;0;17.8;2.64;7.48;0.97;0.94;0.13;30.7;7.13;3.47;2.19;0.38;1.22;3.58;80.9;64.6;6.7;2.4;7.2;0.6;0.12;0.09;0.12;1.45;1.45;0.173;69.3;8.35;4.32;2.37;0.41;1.42;3.9;182.8;147.6;24.5;2.8;7.8;0.57;0.56;0.13;0.18
-6;100;0;0;50;17.89;2.92;8.14;0.97;0.94;0.133;31.4;6.97;3.47;2.06;0.35;1.22;3.89;82.1;66.5;5.4;2.4;7.8;0.6;0.13;0.09;0.12;1.84;1.84;0.179;68.6;10.21;5.26;2.94;0.46;1.7;4.25;179.9;142.6;25.4;3.4;8.5;0.57;0.89;0.16;0.21
-6;100;0;0;100;18.1;3.22;9.35;0.93;0.97;0.135;31;7.12;3.48;2.17;0.36;1.22;4.39;84.7;69.2;4.3;2.4;8.8;0.62;0.15;0.08;0.13;2.57;2.39;0.189;69;12.6;6.7;3.45;0.63;2;4.96;188.9;135.4;39.6;4;9.9;0.57;1.36;0.2;0.26
-6;100;0;50;0;19.34;3.06;8.86;0.99;0.98;0.129;35.7;7.52;3.69;2.26;0.41;1.29;4.22;83.5;63;9.5;2.6;8.4;0.58;0.18;0.09;0.13;2.02;2.02;0.184;64.3;10.93;5.74;3.09;0.53;1.77;4.64;150.8;114;23.9;3.5;9.3;1.08;0.54;0.17;0.23
-6;100;0;50;50;19.66;3.62;10.55;1.08;1.05;0.134;36.2;7.73;3.79;2.42;0.39;1.3;5.05;85.8;64.5;8.5;2.6;10.1;0.59;0.22;0.1;0.14;2.76;2.78;0.191;63.8;14.52;7.58;4.17;0.66;2.32;5.5;151.1;111;24.5;4.6;11;1.4;0.85;0.23;0.3
-6;100;0;50;100;20.21;4.28;12.27;1.13;1.12;0.141;35.2;7.87;3.82;2.44;0.42;1.36;5.83;88.7;66.8;7.6;2.7;11.7;0.6;0.29;0.1;0.13;3.73;3.66;0.198;64.8;18.49;9.79;5.08;0.9;2.92;6.44;163.6;106.5;38.4;5.8;12.9;1.67;1.32;0.28;0.38
-6;100;0;100;0;21.16;3.5;9.99;1.03;1.05;0.129;42.9;8.06;3.92;2.47;0.42;1.4;4.78;87;61.8;12.8;2.8;9.6;0.56;0.25;0.1;0.14;2.48;2.46;0.19;57.1;12.98;6.81;3.68;0.63;2.11;5.21;115.7;77.6;23.5;4.2;10.4;1.45;0.53;0.21;0.28
-6;100;0;100;50;21.48;4.26;12.27;1.18;1.14;0.135;42.8;8.38;4.14;2.51;0.45;1.46;5.82;89.1;62.7;11.9;2.9;11.6;0.57;0.32;0.11;0.15;3.6;3.52;0.196;57.2;17.97;9.53;5.04;0.85;2.8;6.45;118.8;76.5;23.9;5.6;12.9;2.04;0.83;0.26;0.39
-6;100;0;100;100;21.61;5.01;14.24;1.23;1.26;0.144;40.7;8.66;4.26;2.57;0.45;1.53;6.7;91.2;64.4;10.3;3.1;13.4;0.58;0.42;0.11;0.15;4.49;4.43;0.201;59.3;22.04;11.68;6.14;1.07;3.48;7.54;133;74.2;36.8;7;15.1;2.38;1.26;0.33;0.46
-6;100;50;0;0;18.2;3.29;9.32;1.32;1.36;0.132;31.9;10.21;4.99;3.05;0.57;1.78;4.48;84.9;65.7;6.6;3.6;9;0.88;0.17;0.13;0.18;1.73;1.66;0.18;68.1;9.14;4.8;2.57;0.46;1.51;4.84;181.5;144.7;24.1;3;9.7;0.55;0.77;0.15;0.19
-6;100;50;0;50;18.12;3.67;10.29;1.45;1.45;0.136;31.4;10.57;5.12;3.19;0.58;1.86;4.91;87;68;5.4;3.7;9.8;0.93;0.21;0.13;0.19;2.2;2.2;0.196;68.6;11.21;5.92;3.17;0.53;1.81;5.38;190;138.6;37;3.6;10.8;0.56;1.23;0.18;0.23
-6;100;50;0;100;18.35;3.87;11.29;1.46;1.5;0.139;32.7;10.77;5.21;3.27;0.56;1.86;5.46;89.8;70.9;4.2;3.7;10.9;0.97;0.22;0.13;0.18;2.76;2.72;0.207;67.3;13.08;6.94;3.66;0.62;2.02;5.82;185;131;38.4;4;11.6;0.52;1.75;0.19;0.26
-6;100;50;50;0;19.8;3.82;10.68;1.44;1.42;0.132;36.9;10.71;5.3;3.19;0.58;1.9;5.1;87.8;64;9.7;3.8;10.2;0.85;0.26;0.13;0.19;2.22;2.2;0.189;63.1;11.63;6.17;3.22;0.49;1.92;5.58;150.3;111.9;23.4;3.8;11.2;1.04;0.75;0.19;0.23
-6;100;50;50;50;19.77;4.38;12.45;1.54;1.56;0.138;35.7;11.24;5.55;3.38;0.58;1.94;5.93;89.8;65.8;8.3;3.9;11.9;0.9;0.33;0.14;0.2;3.11;3.08;0.201;64.3;15.27;8.2;4.22;0.72;2.44;6.52;161.9;108.3;35.6;4.9;13;1.34;1.17;0.23;0.34
-6;100;50;50;100;20.04;4.84;14.09;1.62;1.63;0.145;37.1;11.2;5.49;3.39;0.51;1.93;6.67;95.5;67.8;10.5;3.9;13.3;0.9;0.4;0.13;0.2;4.07;4.01;0.21;62.9;19.1;10.26;5.28;0.86;2.91;7.42;162.2;104.4;37.2;5.8;14.8;1.64;1.69;0.27;0.4
-6;100;50;100;0;21.21;4.23;11.91;1.64;1.57;0.135;43.6;11.54;5.74;3.47;0.57;2.03;5.69;90.3;62.1;12.7;4.1;11.4;0.83;0.39;0.14;0.2;2.66;2.63;0.194;56.4;13.59;7.07;3.84;0.67;2.19;6.21;116.5;77.2;22.6;4.4;12.4;1.45;0.7;0.21;0.28
-6;100;50;100;50;21.63;5.01;14.35;1.79;1.75;0.143;43.1;12.19;5.99;3.6;0.65;2.13;6.85;99;63.3;17.7;4.3;13.7;0.87;0.53;0.15;0.21;3.81;3.79;0.204;56.9;18.56;9.91;5.21;0.88;2.88;7.5;130.7;75.6;34.3;5.8;15;2;1.13;0.27;0.39
-6;100;50;100;100;21.74;5.53;16.01;1.74;1.81;0.15;43;12.02;5.95;3.6;0.64;2.08;7.59;99.8;65.4;15.1;4.2;15.2;0.87;0.6;0.14;0.2;4.9;4.76;0.211;57;22.56;12.11;6.28;1.05;3.45;8.42;132.3;72.8;35.8;6.9;16.8;2.34;1.63;0.34;0.45
-6;100;100;0;0;18.1;3.64;10.81;1.69;1.69;0.135;33.5;12.46;6.04;3.74;0.67;2.12;5.15;90.6;66.7;9.4;4.2;10.3;1.08;0.25;0.15;0.22;2.02;1.97;0.196;66.5;10.04;5.27;2.83;0.49;1.52;5.66;180;142.2;23.4;3;11.3;0.56;1.06;0.14;0.21
-6;100;100;0;50;17.88;4.09;11.58;1.75;1.81;0.14;33;12.83;6.34;3.89;0.62;2.2;5.49;92.1;69.1;7.7;4.4;11;1.13;0.29;0.16;0.23;2.6;2.54;0.214;67;11.85;6.41;3.16;0.55;1.89;6.09;187.5;135.8;35.8;3.8;12.2;0.54;1.58;0.18;0.24
-6;100;100;0;100;18.2;4.4;12.67;1.9;1.88;0.142;34.1;13.24;6.5;4.03;0.68;2.25;6.09;94.7;71.7;6.3;4.5;12.2;1.18;0.31;0.15;0.24;3.29;3.36;0.242;65.9;13.92;7.7;3.69;0.69;2.15;6.58;183.3;128.9;36.9;4.3;13.2;0.53;2.35;0.22;0.27
-6;100;100;50;0;19.78;4.26;12.18;1.89;1.86;0.138;38.8;13.37;6.66;3.97;0.65;2.27;5.79;95.1;64.6;14.4;4.5;11.6;1.05;0.42;0.15;0.24;2.58;2.47;0.2;61.2;12.31;6.58;3.38;0.59;1.99;6.39;150.2;110.9;22.5;4;12.8;1.01;1.02;0.19;0.25
-6;100;100;50;50;19.86;4.84;13.76;1.95;1.97;0.144;37.4;13.6;6.74;4.15;0.67;2.35;6.5;96.4;66.4;12.4;4.7;13;1.08;0.49;0.17;0.23;3.53;3.4;0.214;62.6;15.85;8.61;4.36;0.74;2.5;7.25;161.3;107.3;34.6;5;14.5;1.32;1.52;0.25;0.32
-6;100;100;50;100;20.1;5.41;15.32;2.14;2.11;0.149;38.2;14.03;7;4.17;0.72;2.4;7.31;98.9;68.9;10.6;4.8;14.6;1.13;0.57;0.17;0.24;4.64;4.6;0.233;61.8;19.75;10.86;5.22;0.92;3.02;8.01;160;102.2;35.8;6;16;1.61;2.29;0.3;0.41
-6;100;100;100;0;21.23;4.8;13.7;2.06;2.01;0.14;46;14.31;7.11;4.31;0.71;2.47;6.55;99.6;62.8;18.8;4.9;13.1;1.04;0.56;0.17;0.25;2.97;2.94;0.203;54;14.47;7.7;4.05;0.7;2.33;7.15;116.9;76.3;21.7;4.7;14.3;1.43;0.98;0.22;0.3
-6;100;100;100;50;21.55;5.54;15.79;2.16;2.15;0.148;43.5;14.44;7.21;4.31;0.76;2.52;7.4;101;63.8;17.3;5;14.8;1.03;0.7;0.18;0.24;4.32;4.2;0.214;56.5;19.59;10.66;5.26;0.9;3.02;8.39;131.3;74.9;33.6;6;16.8;2.03;1.47;0.3;0.41
-6;100;100;100;100;21.66;5.99;17.17;2.36;2.3;0.155;43.7;14.68;7.39;4.34;0.76;2.47;8.18;102.2;65.8;15.1;4.9;16.4;1.06;0.81;0.17;0.25;5.41;5.31;0.23;56.3;23.12;12.7;6.17;1.07;3.52;8.99;131.7;72.3;34.4;7;18;2.31;2.2;0.35;0.45
-5;0;0;0;0;13.91;1.82;5.13;0.59;0.55;0.125;46.8;4.21;2.05;1.26;0.24;0.71;2.53;158.1;143.6;8;1.4;5.1;0.27;0.15;0.05;0.07;1.17;1.17;0.179;53.2;6.49;3.44;1.81;0.31;1.11;2.6;179.8;155.9;16.5;2.2;5.2;0.59;0.36;0.09;0.13
-5;0;0;0;50;13.26;2.02;5.54;0.6;0.57;0.132;47.3;4.21;2.15;1.19;0.22;0.78;2.68;159.6;146;6.6;1.6;5.4;0.27;0.18;0.05;0.07;1.35;1.37;0.181;52.7;7.56;3.92;2.15;0.33;1.24;2.85;177.9;153.1;16.6;2.5;5.7;0.6;0.5;0.12;0.16
-5;0;0;0;100;13.36;2.21;6.31;0.6;0.62;0.138;46.9;4.32;2.1;1.31;0.23;0.71;3;162.9;149.8;5.7;1.4;6;0.28;0.2;0.05;0.08;1.68;1.7;0.187;53.1;9.06;4.77;2.53;0.4;1.5;3.31;184.4;148.9;25.9;3;6.6;0.6;0.77;0.14;0.2
-5;0;0;50;0;15.58;2.36;6.74;0.59;0.61;0.125;52.4;4.75;2.29;1.49;0.22;0.8;3.21;160.2;141.3;10.9;1.6;6.4;0.26;0.21;0.06;0.08;1.78;1.8;0.19;47.6;9.46;4.96;2.68;0.47;1.56;3.52;145.3;118.9;16.3;3.1;7;1.08;0.37;0.14;0.2
-5;0;0;50;50;15.43;2.73;8.01;0.7;0.69;0.134;52.3;4.99;2.44;1.48;0.29;0.83;3.91;161.1;141.6;10;1.7;7.8;0.27;0.26;0.06;0.09;2.29;2.35;0.194;47.7;12.07;6.27;3.46;0.61;1.9;4.1;146.7;118.7;16.1;3.8;8.2;1.44;0.48;0.18;0.25
-5;0;0;50;100;15.22;3.34;9.27;0.79;0.75;0.147;51;4.96;2.5;1.41;0.25;0.84;4.33;162.4;143.5;8.7;1.7;8.7;0.26;0.33;0.06;0.09;3.13;3.1;0.2;49;15.52;8.27;4.26;0.73;2.5;4.94;156.3;117;24.4;5;9.9;1.82;0.73;0.23;0.32
-5;0;0;100;0;17.14;2.65;7.82;0.68;0.67;0.125;59.7;5.24;2.52;1.58;0.29;0.89;3.74;161.2;138.1;13.9;1.8;7.5;0.26;0.26;0.06;0.09;2.26;2.22;0.196;40.3;11.33;5.95;3.21;0.55;1.76;4.08;108.6;81.1;15.8;3.5;8.2;1.49;0.34;0.17;0.23
-5;0;0;100;50;17.34;3.56;10.06;0.84;0.81;0.136;58.9;5.83;2.92;1.75;0.3;1;4.79;162;137.2;13.2;2;9.6;0.26;0.37;0.08;0.1;3.19;3.2;0.2;41.1;16.01;8.47;4.48;0.74;2.55;5.27;112.8;81.6;15.6;5.1;10.5;2.16;0.46;0.24;0.34
-5;0;0;100;100;17.45;4.02;11.72;0.9;0.92;0.151;57.3;6.02;3.02;1.8;0.31;1;5.65;164.5;139.3;11.9;2;11.3;0.25;0.49;0.07;0.11;4;3.95;0.203;42.7;19.48;10.22;5.51;0.91;3.02;6.07;122.8;80.4;24.2;6;12.1;2.53;0.73;0.29;0.4
-5;0;50;0;0;13.28;2;5.5;0.66;0.62;0.129;46.8;4.69;2.37;1.4;0.22;0.87;2.59;158.2;143.4;7.8;1.7;5.2;0.27;0.21;0.06;0.08;1.33;1.31;0.187;53.2;6.94;3.6;1.96;0.33;1.13;2.91;179.6;156.1;15.5;2.3;5.8;0.59;0.46;0.11;0.15
-5;0;50;0;50;13.02;2.11;5.96;0.69;0.65;0.14;47.7;4.55;2.35;1.33;0.21;0.79;2.92;161;147.2;6.4;1.6;5.8;0.28;0.24;0.06;0.07;1.58;1.58;0.194;52.3;8.12;4.29;2.25;0.41;1.32;3.04;176.5;151.8;16;2.6;6.1;0.59;0.69;0.14;0.16
-5;0;50;0;100;12.71;2.24;6.54;0.72;0.73;0.149;47.1;4.77;2.37;1.42;0.25;0.82;3.11;162.9;149.4;5.6;1.6;6.2;0.29;0.3;0.06;0.09;1.91;1.93;0.208;52.9;9.23;4.92;2.59;0.43;1.41;3.43;182.9;149.2;24;2.8;6.9;0.59;1.01;0.13;0.19
-5;0;50;50;0;15.18;2.53;7.14;0.76;0.74;0.131;52.3;5.56;2.77;1.67;0.29;1;3.41;159.7;139.7;11.2;2;6.8;0.27;0.3;0.07;0.09;1.85;1.88;0.195;47.7;9.6;5.05;2.71;0.44;1.53;3.74;145.9;120.3;15.1;3.1;7.5;1.08;0.45;0.15;0.2
-5;0;50;50;50;15;2.99;8.65;0.86;0.85;0.144;52.4;5.79;2.92;1.77;0.3;1;4.13;161.7;141.5;9.9;2;8.3;0.28;0.39;0.07;0.1;2.53;2.52;0.202;47.6;12.5;6.62;3.55;0.61;1.99;4.52;146.8;118.7;15.1;4;9;1.41;0.67;0.18;0.26
-5;0;50;50;100;15.08;3.43;9.95;0.92;0.95;0.164;51.9;5.71;2.9;1.67;0.28;0.95;4.9;168.1;143.2;13.2;1.9;9.8;0.26;0.51;0.08;0.1;3.32;3.37;0.211;48.1;15.92;8.44;4.51;0.75;2.48;5.04;155.5;117.3;23.2;5;10.1;1.82;0.99;0.24;0.31
-5;0;50;100;0;17.11;2.96;8.51;0.98;0.92;0.137;59.4;6.6;3.26;2;0.32;1.1;4.09;160.4;135.3;14.7;2.2;8.2;0.25;0.46;0.08;0.12;2.32;2.33;0.2;40.6;11.62;6.18;3.23;0.56;1.86;4.42;109.7;82.7;14.4;3.7;8.8;1.49;0.42;0.18;0.23
-5;0;50;100;50;17.11;3.74;10.66;1.02;1.05;0.154;59.6;6.78;3.39;2.01;0.34;1.15;5.08;167.6;135.1;20.1;2.3;10.2;0.26;0.6;0.09;0.11;3.35;3.37;0.206;40.4;16.4;8.65;4.61;0.8;2.59;5.58;113.7;82.8;14.5;5.2;11.2;2.19;0.61;0.24;0.33
-5;0;50;100;100;17.08;4.23;12.17;1.16;1.21;0.17;58;7.08;3.62;2.09;0.35;1.22;5.81;169.6;137.5;18.1;2.4;11.6;0.27;0.73;0.09;0.13;4.24;4.2;0.212;42;19.81;10.59;5.46;0.95;3.02;6.36;122.5;81.4;22.3;6;12.7;2.54;0.96;0.31;0.4
-5;0;100;0;0;12.88;2.02;5.93;0.77;0.75;0.139;47.6;5.31;2.59;1.6;0.32;0.85;2.88;162.4;143.2;11.7;1.7;5.8;0.28;0.31;0.06;0.1;1.45;1.4;0.196;52.4;7.16;3.82;2.02;0.33;1.17;3.04;179.1;156.4;14.4;2.3;6.1;0.59;0.56;0.11;0.15
-5;0;100;0;50;12.69;2.2;6.33;0.82;0.82;0.154;48;5.21;2.67;1.47;0.25;0.92;3;163.8;145.7;10.2;1.8;6;0.28;0.38;0.06;0.09;1.78;1.76;0.209;52;8.41;4.46;2.38;0.42;1.28;3.33;177.4;153.5;14.8;2.6;6.7;0.61;0.86;0.12;0.17
-5;0;100;0;100;12.27;2.31;6.71;0.92;0.87;0.165;47.9;5.17;2.7;1.48;0.23;0.85;3.24;166.4;149.9;8.4;1.7;6.5;0.29;0.43;0.06;0.09;2.22;2.2;0.225;52.1;9.76;5.28;2.7;0.42;1.47;3.47;181.2;148.7;22.6;2.9;6.9;0.61;1.24;0.15;0.2
-5;0;100;50;0;14.72;2.62;7.53;1.05;0.97;0.146;52.9;6.54;3.24;1.93;0.34;1.05;3.61;164.3;138;17;2.1;7.2;0.27;0.5;0.08;0.12;2.03;1.98;0.202;47.1;9.83;5.23;2.75;0.45;1.57;3.92;146.5;121.7;13.8;3.1;7.8;1.09;0.54;0.15;0.2
-5;0;100;50;50;14.7;3.15;8.88;1.06;1.08;0.161;53.1;6.63;3.34;1.92;0.35;1.13;4.28;166.3;140.7;14.8;2.3;8.6;0.29;0.59;0.09;0.11;2.81;2.75;0.211;46.9;13;7;3.48;0.59;2.02;4.61;147.1;119.4;14.4;4;9.2;1.45;0.84;0.2;0.26
-5;0;100;50;100;14.47;3.57;10.14;1.15;1.19;0.181;52;6.55;3.33;1.85;0.34;1.07;4.95;167.6;142.3;13.2;2.1;9.9;0.29;0.71;0.08;0.12;3.52;3.56;0.221;48;16.11;8.82;4.28;0.79;2.5;5.19;154.6;118;21.2;5;10.4;1.82;1.17;0.25;0.32
-5;0;100;100;0;16.82;3.25;9.26;1.2;1.16;0.149;60.2;7.74;3.85;2.3;0.41;1.33;4.46;167.1;133.5;22.1;2.7;8.9;0.28;0.66;0.09;0.13;2.46;2.45;0.204;39.8;11.98;6.35;3.34;0.56;1.93;4.8;110.5;83.7;13.3;3.9;9.6;1.52;0.51;0.18;0.24
-5;0;100;100;50;16.72;3.85;11.34;1.29;1.31;0.167;59.7;7.86;3.92;2.32;0.43;1.25;5.45;168;134.3;20.3;2.5;10.9;0.27;0.82;0.09;0.13;3.57;3.56;0.212;40.3;16.75;8.94;4.59;0.84;2.6;5.89;113.5;83.2;13.2;5.2;11.8;2.18;0.78;0.26;0.33
-5;0;100;100;100;16.45;4.42;12.45;1.52;1.53;0.189;57.9;8.06;4.16;2.33;0.37;1.28;5.93;168.1;135.4;18.2;2.6;11.9;0.28;1.02;0.09;0.14;4.53;4.42;0.219;42.1;20.15;10.91;5.43;0.93;3.14;6.52;122.3;82.6;20.4;6.3;13;2.59;1.12;0.31;0.4
-5;50;0;0;0;15.77;2.17;6.45;0.81;0.79;0.129;40.1;6.05;2.91;1.87;0.35;1;3.13;120.8;105;7.6;2;6.3;0.47;0.14;0.07;0.11;1.28;1.27;0.176;59.9;7.18;3.67;2.11;0.34;1.17;3.32;181;152.1;19.9;2.3;6.6;0.58;0.43;0.11;0.16
-5;50;0;0;50;15.63;2.48;7.14;0.88;0.84;0.133;40.7;6.25;3.08;1.89;0.3;1.08;3.39;122.8;107.3;6.5;2.2;6.8;0.49;0.17;0.08;0.11;1.51;1.52;0.177;59.3;8.55;4.44;2.47;0.42;1.39;3.75;178.9;148.2;20.4;2.8;7.5;0.56;0.63;0.13;0.19
-5;50;0;0;100;15.54;2.74;7.97;0.85;0.88;0.137;40.4;6.34;3;2.01;0.34;1.06;3.89;126;110.8;5.3;2.1;7.8;0.51;0.18;0.08;0.12;2.01;1.99;0.19;59.6;10.44;5.45;2.93;0.52;1.68;4.08;185.9;142.8;31.6;3.4;8.2;0.58;1.04;0.15;0.21
-5;50;0;50;0;17.45;2.65;7.88;0.85;0.86;0.13;45.6;6.59;3.19;2;0.33;1.14;3.86;123.5;102.7;10.8;2.3;7.7;0.46;0.2;0.08;0.12;1.83;1.84;0.187;54.4;9.81;4.97;2.84;0.51;1.51;4.02;147.3;116.8;19.5;3;8;1.06;0.43;0.14;0.2
-5;50;0;50;50;17.44;3.3;9.28;0.94;0.91;0.134;45.8;6.72;3.31;2;0.37;1.19;4.5;125.2;104.4;9.5;2.4;9;0.46;0.25;0.08;0.12;2.55;2.49;0.19;54.2;13.09;6.85;3.75;0.62;2.11;4.79;148.4;114.8;19.8;4.2;9.6;1.38;0.63;0.2;0.28
-5;50;0;50;100;17.39;3.85;10.82;1.01;1;0.143;44.5;6.9;3.4;2.11;0.34;1.18;5.21;127.6;106.4;8.4;2.4;10.4;0.47;0.32;0.08;0.12;3.35;3.31;0.2;55.5;16.52;8.76;4.5;0.82;2.66;5.61;159.1;112.3;30.2;5.3;11.2;1.72;1;0.25;0.33
-5;50;0;100;0;19.03;3.09;9;0.97;0.92;0.129;52.9;7.04;3.46;2.18;0.37;1.21;4.32;125.5;100.6;13.8;2.4;8.6;0.44;0.26;0.09;0.13;2.3;2.31;0.193;47.1;11.99;6.22;3.41;0.59;1.88;4.69;111.6;79.5;19;3.8;9.4;1.46;0.42;0.18;0.25
-5;50;0;100;50;19.34;3.93;11.13;1.04;1.03;0.136;52.4;7.55;3.71;2.22;0.38;1.31;5.36;126.9;100.5;13;2.6;10.7;0.45;0.36;0.1;0.13;3.27;3.26;0.197;47.6;16.54;8.69;4.64;0.78;2.62;5.77;115.3;79.6;18.9;5.2;11.5;2.07;0.59;0.26;0.33
-5;50;0;100;100;19.32;4.59;12.96;1.16;1.15;0.146;50.5;7.78;3.86;2.33;0.39;1.28;6.29;129.4;102.8;11.4;2.6;12.6;0.46;0.47;0.09;0.13;4.1;4.13;0.203;49.5;20.27;10.81;5.58;0.95;3.31;6.67;126.8;77.7;29.1;6.6;13.3;2.45;0.96;0.32;0.4
-5;50;50;0;0;15.61;2.64;7.56;1.15;1.09;0.132;40.6;8.21;4.03;2.48;0.39;1.42;3.64;123.3;105.4;7.7;2.8;7.3;0.65;0.2;0.1;0.15;1.44;1.42;0.185;59.4;7.65;3.94;2.17;0.39;1.23;3.92;180.4;151.3;18.9;2.5;7.8;0.57;0.57;0.13;0.15
-5;50;50;0;50;15.48;2.94;8.34;1.15;1.15;0.138;41.5;8.22;4.03;2.51;0.44;1.41;4.04;125.8;108.7;6.3;2.8;8.1;0.65;0.25;0.11;0.14;1.79;1.8;0.192;58.5;9.35;4.93;2.63;0.46;1.53;4.29;177.4;146.1;19.6;3.1;8.6;0.57;0.89;0.15;0.19
-5;50;50;0;100;15.47;3.07;8.92;1.27;1.2;0.144;41;8.28;4.05;2.49;0.42;1.36;4.25;128.2;111.5;5.4;2.7;8.5;0.66;0.29;0.11;0.14;2.31;2.28;0.208;59;10.96;5.79;3.1;0.52;1.72;4.67;184.6;141.6;30.2;3.4;9.3;0.56;1.33;0.17;0.22
-5;50;50;50;0;17.41;3.13;9.13;1.18;1.17;0.132;46;8.78;4.28;2.65;0.45;1.49;4.44;125.7;103.2;10.6;3;8.9;0.62;0.28;0.11;0.16;2.03;2.01;0.193;54;10.42;5.43;2.96;0.51;1.64;4.69;147.5;116.1;18.7;3.3;9.4;1.06;0.57;0.16;0.22
-5;50;50;50;50;17.48;3.75;10.73;1.33;1.29;0.141;46.2;9.1;4.53;2.7;0.51;1.6;5.08;127.7;104.9;9.5;3.2;10.2;0.63;0.39;0.12;0.15;2.79;2.75;0.2;53.8;13.76;7.28;3.86;0.66;2.14;5.65;148.8;114.2;19;4.3;11.3;1.38;0.87;0.21;0.29
-5;50;50;50;100;17.45;4.28;12.1;1.41;1.38;0.151;45.9;9.09;4.54;2.71;0.46;1.53;5.82;134.5;107.3;12.4;3.1;11.6;0.64;0.48;0.11;0.15;3.58;3.61;0.211;54.1;17.14;9.19;4.72;0.8;2.75;6.28;158.6;111.2;29.3;5.5;12.6;1.7;1.31;0.26;0.34
-5;50;50;100;0;19.16;3.74;10.65;1.39;1.35;0.136;52.8;9.89;4.84;2.94;0.55;1.71;5.03;127.2;99.5;14.1;3.4;10.1;0.61;0.44;0.13;0.18;2.46;2.48;0.197;47.2;12.58;6.7;3.55;0.56;2.04;5.62;113.6;80.4;17.9;4.1;11.2;1.48;0.54;0.19;0.27
-5;50;50;100;50;19.58;4.42;12.66;1.49;1.46;0.146;53.8;9.96;4.92;2.94;0.52;1.68;6.04;135.8;101;19.4;3.4;12.1;0.61;0.58;0.12;0.17;3.52;3.52;0.203;46.2;17.33;9.16;4.86;0.83;2.74;6.62;116.4;79.2;18.5;5.5;13.2;2.08;0.83;0.26;0.36
-5;50;50;100;100;19.29;5.01;14.29;1.57;1.63;0.157;52.1;10.34;5.18;3.13;0.48;1.72;6.94;137.8;103.1;17.5;3.4;13.9;0.63;0.69;0.12;0.19;4.42;4.42;0.212;47.9;20.86;11.18;5.64;1.03;3.29;7.34;126.8;77.5;27.9;6.6;14.7;2.43;1.24;0.33;0.42
-5;50;100;0;0;15.55;3.02;8.91;1.47;1.45;0.136;42.1;10.59;5.14;3.23;0.55;1.8;4.31;130.1;106.5;11.4;3.6;8.6;0.84;0.3;0.13;0.18;1.62;1.59;0.198;57.9;8.02;4.2;2.28;0.38;1.22;4.59;179.1;149.5;18;2.4;9.2;0.54;0.77;0.13;0.16
-5;50;100;0;50;15.52;3.34;9.7;1.52;1.56;0.144;41.5;10.78;5.31;3.22;0.56;1.83;4.67;132.1;109.2;9.8;3.7;9.3;0.85;0.39;0.14;0.19;2.15;2.1;0.214;58.5;9.81;5.28;2.7;0.46;1.51;5.03;186.1;145.2;27.8;3;10.1;0.57;1.2;0.15;0.19
-5;50;100;0;100;15.29;3.64;10.23;1.59;1.61;0.148;42.4;10.81;5.41;3.2;0.54;1.89;4.91;134.2;112.6;8;3.8;9.8;0.89;0.4;0.14;0.18;2.7;2.66;0.233;57.6;11.42;6.27;3.03;0.54;1.75;5.32;182.5;139.8;28.6;3.5;10.6;0.59;1.69;0.17;0.22
-5;50;100;50;0;17.18;3.66;10.47;1.61;1.61;0.14;47.5;11.43;5.71;3.43;0.57;2.02;5.03;133.4;103.6;15.7;4;10.1;0.81;0.45;0.14;0.2;2.21;2.15;0.202;52.5;10.62;5.61;2.96;0.53;1.65;5.45;147.4;115.7;17.6;3.3;10.9;1.02;0.75;0.16;0.22
-5;50;100;50;50;17.29;4.23;11.97;1.75;1.72;0.148;46.1;11.52;5.84;3.38;0.56;2.03;5.75;134.9;105;14.3;4.1;11.5;0.81;0.57;0.15;0.19;3.04;3.02;0.214;53.9;14.09;7.62;3.9;0.62;2.2;6.22;157.7;114;26.9;4.4;12.4;1.38;1.15;0.22;0.28
-5;50;100;50;100;17.22;4.65;13.32;1.85;1.87;0.158;46.4;11.74;5.93;3.49;0.57;1.98;6.39;136.7;107.3;12.6;4;12.8;0.84;0.68;0.14;0.21;3.99;3.91;0.226;53.6;17.28;9.48;4.61;0.85;2.67;6.93;157.7;111.2;27.3;5.3;13.9;1.7;1.61;0.26;0.34
-5;50;100;100;0;19.18;4.15;11.95;1.8;1.75;0.143;54.6;12.17;6.13;3.67;0.58;2.12;5.74;136.7;100.3;20.6;4.2;11.5;0.75;0.63;0.16;0.21;2.77;2.69;0.204;45.4;13.13;7.05;3.62;0.61;2.03;6.21;113.6;79.8;17.4;4.1;12.4;1.47;0.77;0.19;0.26
-5;50;100;100;50;19.3;4.87;14.07;2;1.95;0.153;52.5;12.67;6.44;3.74;0.63;2.18;6.81;137.9;100.5;19.5;4.4;13.6;0.78;0.79;0.16;0.22;3.73;3.76;0.214;47.5;17.52;9.36;4.86;0.81;2.68;7.26;125;79.6;25.5;5.4;14.5;2.08;1.08;0.25;0.35
-5;50;100;100;100;19.37;5.3;15.4;2.23;2.17;0.168;52.3;12.85;6.51;3.81;0.61;2.08;7.42;139.1;102;18.1;4.2;14.8;0.77;1.02;0.15;0.22;4.75;4.69;0.223;47.7;20.97;11.4;5.74;0.98;3.22;7.98;127;78.4;26.3;6.4;16;2.41;1.57;0.3;0.41
-5;100;0;0;0;17.61;2.57;7.43;1.05;0.98;0.13;30.7;7.43;3.67;2.27;0.39;1.3;3.53;81;64;7.4;2.6;7.1;0.61;0.14;0.09;0.13;1.35;1.36;0.172;69.3;7.82;3.99;2.3;0.36;1.27;3.9;183.2;149.5;23.4;2.5;7.8;0.55;0.52;0.12;0.17
-5;100;0;0;50;17.8;3;8.41;1.08;1.02;0.133;31.7;7.58;3.71;2.3;0.38;1.28;4.04;83.2;66.1;6.5;2.6;8.1;0.63;0.17;0.09;0.13;1.79;1.8;0.18;68.3;9.96;5.22;2.86;0.49;1.71;4.37;179.9;143.7;24;3.4;8.7;0.57;0.86;0.17;0.21
-5;100;0;0;100;18.21;3.25;9.47;0.99;1.06;0.136;31.3;7.66;3.67;2.32;0.41;1.29;4.53;85.8;68.9;5.2;2.6;9.1;0.65;0.17;0.1;0.13;2.33;2.3;0.188;68.7;12.18;6.39;3.46;0.59;1.95;4.94;188.5;136.2;38.5;3.9;9.9;0.54;1.32;0.18;0.26
-5;100;0;50;0;19.44;3.08;8.82;0.97;1.02;0.129;36.1;7.83;3.78;2.37;0.43;1.37;4.24;84.5;62.8;10.5;2.7;8.5;0.6;0.2;0.1;0.13;1.89;1.93;0.184;63.9;10.46;5.46;2.94;0.53;1.71;4.58;149.9;114.3;23;3.4;9.2;1.03;0.52;0.16;0.22
-5;100;0;50;50;19.42;3.67;10.54;1.09;1.12;0.135;36.5;8.2;4.06;2.45;0.43;1.45;5.07;86.5;64.3;9.1;2.9;10.1;0.62;0.24;0.11;0.15;2.57;2.69;0.191;63.5;14.07;7.22;4.05;0.69;2.22;5.46;150.3;111.3;23.6;4.4;10.9;1.34;0.83;0.21;0.3
-5;100;0;50;100;19.86;4.23;12.17;1.21;1.2;0.141;35.4;8.4;4.07;2.54;0.45;1.39;5.91;89.1;66.1;8.3;2.8;11.8;0.63;0.31;0.1;0.15;3.58;3.52;0.198;64.6;17.77;9.45;4.95;0.83;2.84;6.26;162.5;107.7;36.5;5.7;12.5;1.64;1.25;0.27;0.36
-5;100;0;100;0;21.12;3.35;9.97;1.13;1.09;0.129;43.3;8.34;4.09;2.49;0.44;1.44;4.79;87.6;61.6;13.6;2.9;9.6;0.58;0.25;0.11;0.14;2.41;2.38;0.189;56.7;12.55;6.52;3.61;0.61;1.91;5.18;114.7;77.8;22.7;3.8;10.4;1.42;0.51;0.18;0.26
-5;100;0;100;50;21.38;4.37;12.47;1.2;1.19;0.135;43.1;8.76;4.26;2.7;0.4;1.51;5.98;89.8;62.5;12.3;3;12;0.6;0.33;0.11;0.15;3.52;3.49;0.196;56.9;17.79;9.32;5.05;0.88;2.87;6.49;118.3;76.7;23;5.7;13;2.03;0.82;0.28;0.36
-5;100;0;100;100;21.66;4.98;14.22;1.42;1.35;0.144;41.1;9.27;4.63;2.75;0.49;1.6;6.77;91.8;63.8;11.3;3.2;13.5;0.62;0.46;0.11;0.15;4.27;4.3;0.202;58.9;21.35;11.3;5.93;1.02;3.38;7.46;131.7;74.9;35.1;6.8;14.9;2.34;1.2;0.33;0.43
-5;100;50;0;0;17.86;3.3;9.41;1.44;1.43;0.132;31.9;10.74;5.22;3.28;0.54;1.85;4.52;85.2;64.9;7.5;3.7;9;0.91;0.2;0.13;0.19;1.57;1.59;0.182;68.1;8.69;4.57;2.45;0.43;1.44;4.89;182.2;146.9;22.6;2.9;9.8;0.57;0.7;0.13;0.18
-5;100;50;0;50;17.9;3.66;10.53;1.55;1.53;0.136;31.5;11.15;5.52;3.32;0.58;1.95;5;87.4;67.3;6.2;3.9;10;0.97;0.23;0.13;0.19;2.05;2.08;0.196;68.5;10.58;5.61;2.98;0.55;1.71;5.53;189.9;140.6;34.8;3.4;11.1;0.55;1.15;0.16;0.22
-5;100;50;0;100;18.18;3.87;11.26;1.62;1.59;0.14;32.6;11.25;5.59;3.38;0.54;1.93;5.46;89.7;70;4.9;3.9;10.9;0.98;0.26;0.14;0.2;2.7;2.66;0.208;67.4;12.78;6.83;3.62;0.59;1.94;5.8;185.7;133.5;36.7;3.9;11.6;0.53;1.68;0.19;0.25
-5;100;50;50;0;19.4;3.76;10.76;1.56;1.51;0.132;36.9;11.31;5.56;3.44;0.58;1.94;5.1;87.8;63.4;10.3;3.9;10.2;0.89;0.28;0.14;0.2;2.06;2.11;0.19;63.1;11.13;5.8;3.1;0.54;1.82;5.66;150.1;113.1;22;3.6;11.3;1.01;0.69;0.18;0.23
-5;100;50;50;50;19.92;4.42;12.5;1.63;1.64;0.138;36;11.74;5.86;3.53;0.6;2.1;6.03;90.8;65.3;9.2;4.2;12.1;0.92;0.37;0.15;0.2;2.99;2.97;0.202;64;14.74;7.81;4.12;0.69;2.32;6.47;161.7;109.5;34.7;4.6;12.9;1.32;1.14;0.22;0.29
-5;100;50;50;100;19.94;4.89;14.15;1.83;1.77;0.147;37.5;12;5.98;3.6;0.6;1.99;6.85;96.7;67;12.1;4;13.7;0.94;0.47;0.15;0.21;4;3.9;0.21;62.5;18.56;9.99;5.13;0.87;2.9;7.3;161.5;106;35.1;5.8;14.6;1.65;1.6;0.28;0.37
-5;100;50;100;0;21.31;4.23;12.05;1.62;1.64;0.135;44;12.05;5.92;3.63;0.62;2.11;5.79;91.1;62;13.3;4.2;11.6;0.86;0.41;0.15;0.21;2.64;2.57;0.193;56;13.3;7.04;3.72;0.66;2.12;6.26;116.1;77.4;21.9;4.2;12.5;1.4;0.7;0.21;0.27
-5;100;50;100;50;21.6;5.07;14.45;1.83;1.8;0.143;43.5;12.5;6.2;3.71;0.64;2.18;6.92;100;63.2;18.6;4.4;13.8;0.88;0.55;0.16;0.21;3.77;3.74;0.204;56.5;18.33;9.69;5.07;0.9;2.89;7.53;129.7;75.7;33.2;5.8;15.1;1.97;1.13;0.27;0.38
-5;100;50;100;100;21.68;5.58;16.11;2;1.95;0.151;43.5;12.84;6.44;3.81;0.67;2.17;7.75;101.2;64.8;16.5;4.3;15.5;0.91;0.66;0.16;0.22;4.71;4.64;0.211;56.5;22.01;11.84;6.02;1.07;3.41;8.36;131.3;73.5;34.3;6.8;16.7;2.29;1.57;0.33;0.45
-5;100;100;0;0;17.88;3.79;10.92;1.89;1.8;0.135;33.8;13.24;6.52;4;0.7;2.27;5.29;91.8;66.1;10.6;4.5;10.6;1.12;0.28;0.16;0.25;1.96;1.89;0.197;66.2;9.59;5.08;2.67;0.48;1.52;5.63;180.2;143.8;22.1;3;11.3;0.55;1;0.15;0.19
-5;100;100;0;50;17.96;4.15;11.8;1.97;1.91;0.141;33.2;13.43;6.81;3.88;0.68;2.37;5.64;93.5;68.2;9.2;4.7;11.3;1.15;0.36;0.17;0.23;2.48;2.47;0.214;66.8;11.51;6.17;3.24;0.52;1.78;6.16;188.2;138.2;34.2;3.6;12.3;0.54;1.52;0.17;0.24
-5;100;100;0;100;18.09;4.36;12.59;2.06;1.99;0.144;34.2;13.74;6.86;4.1;0.66;2.34;6.08;95.2;71.1;7.3;4.7;12.2;1.2;0.38;0.17;0.24;3.29;3.19;0.234;65.8;13.62;7.51;3.68;0.62;2.02;6.51;183.2;130.5;35.6;4;13;0.53;2.19;0.2;0.27
-5;100;100;50;0;19.57;4.35;12.28;1.93;1.95;0.139;39.2;14;6.93;4.25;0.67;2.52;5.87;96.3;64.1;15.4;5;11.7;1.09;0.44;0.18;0.24;2.44;2.37;0.201;60.8;11.78;6.25;3.26;0.55;1.82;6.41;149.6;111.8;21.3;3.6;12.8;0.99;0.96;0.18;0.23
-5;100;100;50;50;19.57;4.79;13.95;2.09;2.09;0.145;37.7;14.34;7.1;4.23;0.74;2.44;6.68;97.4;65.4;13.8;4.9;13.4;1.12;0.55;0.17;0.25;3.27;3.3;0.214;62.3;15.38;8.2;4.28;0.69;2.35;7.27;160.8;109.2;32.3;4.7;14.5;1.34;1.42;0.22;0.31
-5;100;100;50;100;19.69;5.45;15.42;2.21;2.26;0.153;38.3;14.69;7.4;4.34;0.73;2.57;7.39;99.3;67.3;12.1;5.1;14.8;1.16;0.66;0.19;0.24;4.39;4.26;0.228;61.7;18.71;10.27;5.11;0.82;2.88;8.03;160.2;105.3;33;5.8;16.1;1.62;2.02;0.27;0.36
-5;100;100;100;0;21.16;4.76;13.54;2.27;2.15;0.141;46.3;15.16;7.59;4.57;0.72;2.61;6.52;100.5;61.9;20.3;5.2;13;1.06;0.62;0.2;0.27;2.85;2.81;0.203;53.7;13.78;7.3;3.82;0.61;2.15;7.01;116.4;77.5;20.5;4.3;14;1.4;0.93;0.22;0.27
-5;100;100;100;50;21.52;5.5;15.93;2.27;2.29;0.149;43.9;15.31;7.62;4.57;0.75;2.6;7.59;101.9;62.9;18.5;5.2;15.2;1.07;0.76;0.19;0.27;4.15;4;0.214;56.1;18.7;10.13;5.08;0.87;2.9;8.34;130;76.1;31.5;5.8;16.7;1.99;1.39;0.25;0.37
-5;100;100;100;100;21.45;6.02;17.42;2.51;2.51;0.159;44.2;15.69;7.92;4.65;0.75;2.64;8.39;103.4;64.9;16.4;5.3;16.8;1.12;0.92;0.2;0.28;5;5.04;0.225;55.8;22.37;12.1;6.02;1.05;3.38;9.03;130.6;73.4;32.4;6.8;18.1;2.3;1.97;0.33;0.44
-4;0;0;0;0;13.57;1.74;5.15;0.65;0.59;0.131;46.7;4.35;2.18;1.3;0.22;0.71;2.45;157.6;142.6;8.7;1.4;4.9;0.29;0.17;0.06;0.08;1.07;1.11;0.175;53.3;6.3;3.23;1.87;0.31;1.03;2.7;179.9;157.1;15.4;2.1;5.4;0.55;0.34;0.08;0.14
-4;0;0;0;50;13.38;1.99;5.67;0.58;0.62;0.138;47.4;4.35;2.14;1.33;0.23;0.75;2.77;160.3;145.7;7.5;1.5;5.5;0.3;0.19;0.06;0.08;1.31;1.32;0.177;52.6;7.43;3.89;2.12;0.38;1.24;2.9;177.6;153.5;15.9;2.5;5.8;0.57;0.48;0.12;0.16
-4;0;0;0;100;13.19;2.11;6.24;0.73;0.68;0.145;46.9;4.56;2.35;1.3;0.22;0.78;3.04;162.5;148.4;6.4;1.6;6.1;0.32;0.22;0.06;0.08;1.56;1.56;0.183;53.1;8.49;4.36;2.49;0.41;1.33;3.19;183.9;150.4;24.5;2.7;6.4;0.55;0.73;0.12;0.16
-4;0;0;50;0;15.46;2.31;6.69;0.65;0.66;0.132;52.5;4.94;2.37;1.52;0.28;0.86;3.24;160.3;140.5;11.6;1.7;6.5;0.29;0.22;0.06;0.09;1.65;1.67;0.185;47.5;9.04;4.67;2.6;0.46;1.45;3.45;144.8;119.6;15.4;2.9;6.9;1;0.34;0.13;0.2
-4;0;0;50;50;15.35;2.77;7.9;0.73;0.73;0.139;52.3;5.12;2.56;1.55;0.24;0.89;3.8;160.7;140.5;10.8;1.8;7.6;0.28;0.29;0.07;0.09;2.13;2.18;0.189;47.7;11.56;5.99;3.33;0.61;1.88;4.1;146.7;119.5;15.1;3.8;8.2;1.32;0.45;0.18;0.24
-4;0;0;50;100;15.28;3.36;9.44;0.83;0.83;0.153;51.2;5.33;2.65;1.58;0.27;0.91;4.55;163.1;142.4;9.8;1.8;9.1;0.29;0.38;0.07;0.09;2.84;2.92;0.194;48.8;15.04;7.86;4.21;0.75;2.44;4.89;155.7;117.9;23.2;4.9;9.8;1.69;0.69;0.24;0.3
-4;0;0;100;0;17.46;2.73;7.96;0.7;0.75;0.13;60.1;5.61;2.68;1.8;0.28;0.95;3.83;162.7;138;15.1;1.9;7.7;0.29;0.28;0.07;0.1;2.03;2.07;0.188;39.9;10.97;5.69;3.13;0.53;1.77;4.13;107.9;81.1;14.9;3.5;8.3;1.34;0.34;0.16;0.23
-4;0;0;100;50;17.36;3.53;9.93;0.91;0.87;0.14;59.2;6.11;3.04;1.8;0.31;1.09;4.84;162.3;136.2;14.2;2.2;9.7;0.29;0.39;0.08;0.11;2.88;2.95;0.193;40.8;15.27;7.92;4.29;0.76;2.44;5.09;111.8;82.1;14.5;4.9;10.2;1.99;0.43;0.22;0.31
-4;0;0;100;100;17.46;4.04;11.63;1.04;1.02;0.156;57.3;6.44;3.21;1.92;0.33;1.05;5.68;163.7;137.1;13.2;2.1;11.4;0.29;0.53;0.08;0.12;3.71;3.67;0.197;42.7;18.66;9.91;5.18;0.85;2.99;5.95;122;81.7;22.4;6;11.9;2.36;0.66;0.28;0.37
-4;0;50;0;0;13.02;1.9;5.35;0.67;0.68;0.136;47;4.89;2.39;1.45;0.25;0.84;2.61;158.3;142.7;8.7;1.7;5.2;0.31;0.22;0.06;0.09;1.23;1.19;0.183;53;6.46;3.36;1.85;0.3;1.06;2.74;178.7;156.9;14.2;2.1;5.5;0.55;0.41;0.1;0.13
-4;0;50;0;50;13;2.08;6.04;0.79;0.78;0.147;47.4;5.15;2.63;1.5;0.26;0.89;2.93;160.3;144.9;7.7;1.8;5.9;0.31;0.3;0.07;0.09;1.44;1.46;0.19;52.6;7.64;4;2.2;0.34;1.19;3.12;177.7;154.4;14.7;2.4;6.2;0.55;0.64;0.11;0.15
-4;0;50;0;100;12.66;2.27;6.51;0.8;0.82;0.158;47;5.1;2.56;1.51;0.23;0.86;3.14;162.4;147.8;6.6;1.7;6.3;0.31;0.35;0.07;0.09;1.84;1.84;0.205;53;8.96;4.71;2.54;0.42;1.4;3.38;183;151.1;22.4;2.8;6.8;0.57;0.96;0.13;0.18
-4;0;50;50;0;15.12;2.44;7;0.8;0.79;0.135;52.3;5.73;2.83;1.69;0.29;1.02;3.33;159.4;138.8;11.9;2;6.7;0.29;0.32;0.07;0.1;1.82;1.75;0.19;47.7;9.19;4.87;2.56;0.44;1.42;3.67;145.4;121;14.1;2.8;7.3;1;0.42;0.13;0.19
-4;0;50;50;50;15.05;2.94;8.58;0.9;0.91;0.15;52.3;6;3;1.83;0.28;1;4.24;161.1;139.9;10.7;2;8.5;0.29;0.43;0.08;0.11;2.39;2.42;0.196;47.7;12.29;6.46;3.44;0.6;1.95;4.33;146.9;120.1;14.3;3.9;8.7;1.37;0.62;0.18;0.25
-4;0;50;50;100;14.84;3.4;9.77;1.03;1.06;0.17;51.9;6.21;3.17;1.81;0.32;0.99;4.76;167.2;141.1;14.5;2;9.5;0.31;0.56;0.08;0.11;3.13;3.13;0.205;48.1;15.24;8.04;4.27;0.73;2.41;5.01;154.9;119;21.1;4.8;10;1.71;0.9;0.23;0.3
-4;0;50;100;0;17.24;2.94;8.47;1.05;0.96;0.14;59.5;6.76;3.38;2.05;0.32;1.12;4.03;160.7;134.9;15.5;2.2;8.1;0.29;0.47;0.08;0.12;2.25;2.18;0.193;40.5;11.28;6.01;3.1;0.56;1.82;4.44;109.3;82.9;13.9;3.6;8.9;1.38;0.41;0.17;0.23
-4;0;50;100;50;17.22;3.66;10.69;1.21;1.15;0.157;59.7;7.21;3.7;2.13;0.33;1.22;5.05;168.3;133.9;21.9;2.4;10.1;0.28;0.64;0.1;0.12;3.19;3.12;0.199;40.3;15.73;8.32;4.41;0.74;2.44;5.64;113.3;83.5;13.7;4.9;11.3;2;0.59;0.22;0.32
-4;0;50;100;100;17;4.17;12.16;1.32;1.3;0.174;58.3;7.45;3.79;2.11;0.39;1.17;5.93;169.5;135.6;19.8;2.3;11.9;0.3;0.8;0.09;0.13;3.83;3.91;0.205;41.7;19.05;10.05;5.24;0.98;3;6.24;121.3;82.5;20.3;6;12.5;2.38;0.87;0.27;0.39
-4;0;100;0;0;12.84;2.09;5.99;0.86;0.84;0.145;47.5;5.71;2.82;1.71;0.32;0.95;2.89;162.6;141.8;13.1;1.9;5.8;0.31;0.35;0.08;0.1;1.34;1.34;0.191;52.5;6.98;3.67;1.93;0.36;1.14;3.1;179.7;157.9;13.4;2.3;6.2;0.56;0.53;0.11;0.14
-4;0;100;0;50;12.35;2.18;6.3;0.91;0.92;0.16;48;5.62;2.85;1.66;0.28;0.96;3.06;163.8;144.5;11.3;1.9;6.1;0.32;0.42;0.07;0.1;1.61;1.62;0.205;52;7.89;4.18;2.26;0.34;1.22;3.23;177.3;154.9;13.4;2.4;6.5;0.56;0.78;0.11;0.16
-4;0;100;0;100;12.26;2.31;6.75;0.95;0.97;0.172;47.8;5.57;2.87;1.64;0.25;0.95;3.37;166.1;147.9;9.5;1.9;6.7;0.33;0.47;0.07;0.1;2.06;2.03;0.221;52.2;9.17;4.99;2.44;0.47;1.35;3.38;181.6;151;21.2;2.7;6.8;0.58;1.16;0.13;0.17
-4;0;100;50;0;14.73;2.56;7.7;1.03;1.05;0.151;52.9;6.92;3.36;2.1;0.35;1.09;3.73;164.7;137;18.1;2.2;7.5;0.31;0.53;0.09;0.13;1.85;1.86;0.196;47.1;9.46;4.92;2.66;0.48;1.47;3.98;146.4;122.6;12.9;2.9;8;1.02;0.5;0.13;0.21
-4;0;100;50;50;14.74;3.2;9.07;1.19;1.2;0.167;52.8;7.1;3.57;2.18;0.37;1.2;4.45;165.9;138.2;16.4;2.4;8.9;0.31;0.65;0.09;0.14;2.52;2.56;0.205;47.2;12.47;6.64;3.48;0.57;2;4.62;148;121.6;13.2;4;9.2;1.36;0.77;0.19;0.25
-4;0;100;50;100;14.56;3.53;10.26;1.34;1.35;0.188;51.8;7.13;3.71;2.08;0.36;1.17;4.99;167;139.5;15.1;2.3;10;0.32;0.82;0.09;0.12;3.28;3.3;0.214;48.2;15.38;8.21;4.21;0.7;2.36;5.27;155.1;120.4;19.5;4.7;10.5;1.71;1.08;0.21;0.29
-4;0;100;100;0;16.75;3.31;9.14;1.27;1.29;0.153;60.4;8.36;4.24;2.43;0.44;1.47;4.4;167.4;132;23.7;2.9;8.8;0.31;0.72;0.11;0.14;2.37;2.28;0.198;39.6;11.48;6.06;3.17;0.54;1.84;4.75;109.9;84.6;12.2;3.7;9.5;1.4;0.47;0.18;0.23
-4;0;100;100;50;16.94;3.93;11.29;1.49;1.43;0.17;59.6;8.35;4.29;2.31;0.42;1.37;5.52;168;132.4;21.8;2.7;11;0.3;0.87;0.11;0.14;3.31;3.33;0.205;40.4;16.24;8.66;4.52;0.76;2.56;5.77;113.6;84.3;12.6;5.1;11.5;2.04;0.75;0.22;0.33
-4;0;100;100;100;16.71;4.38;12.66;1.61;1.66;0.195;57.9;8.5;4.39;2.37;0.41;1.35;6.09;168;133;20.2;2.7;12.2;0.3;1.13;0.09;0.14;4.13;4.12;0.212;42.1;19.39;10.39;5.34;0.91;3.03;6.57;122;84;18.8;6.1;13.1;2.42;1.04;0.27;0.39
-4;50;0;0;0;15.65;2.23;6.4;0.91;0.9;0.136;40;6.51;3.24;1.91;0.32;1.12;3.03;120.9;104.1;8.5;2.2;6.1;0.53;0.16;0.09;0.12;1.17;1.2;0.171;60;6.93;3.53;1.99;0.36;1.11;3.37;181.3;153.4;18.9;2.2;6.7;0.52;0.42;0.11;0.14
-4;50;0;0;50;15.53;2.46;7;0.96;0.9;0.14;40.7;6.37;3.16;1.87;0.34;1.07;3.35;122.7;106.5;7.3;2.1;6.7;0.53;0.19;0.08;0.11;1.47;1.47;0.173;59.3;8.44;4.31;2.43;0.4;1.39;3.65;179.1;149.5;19.5;2.8;7.3;0.55;0.61;0.13;0.18
-4;50;0;0;100;15.32;2.71;7.84;1;0.98;0.145;40.4;6.71;3.3;1.99;0.33;1.11;3.81;125.6;109.6;6.2;2.2;7.6;0.56;0.21;0.09;0.12;1.84;1.88;0.188;59.6;9.96;5.13;2.84;0.47;1.6;4.03;185.7;144.7;29.8;3.2;8.1;0.55;0.98;0.15;0.2
-4;50;0;50;0;17.37;2.83;7.91;0.96;0.95;0.135;45.7;6.96;3.43;2.15;0.33;1.23;3.82;123.7;102.2;11.4;2.5;7.6;0.52;0.22;0.1;0.12;1.71;1.73;0.181;54.3;9.5;4.95;2.76;0.45;1.6;4.09;147.2;117.4;18.5;3.2;8.2;0.99;0.42;0.13;0.19
-4;50;0;50;50;17.18;3.33;9.52;1.04;1.03;0.141;45.8;7.25;3.58;2.21;0.38;1.24;4.6;125.4;103.5;10.3;2.5;9.2;0.54;0.27;0.09;0.13;2.28;2.36;0.186;54.2;12.71;6.55;3.63;0.63;2.09;4.92;148.4;115.9;18.5;4.2;9.8;1.32;0.59;0.18;0.27
-4;50;0;50;100;17.44;3.78;10.92;1.1;1.1;0.15;44.5;7.24;3.53;2.2;0.36;1.18;5.25;127.5;105.3;9.3;2.4;10.5;0.52;0.35;0.09;0.13;3.15;3.15;0.195;55.5;16.13;8.49;4.54;0.78;2.6;5.67;158.8;113.7;28.6;5.2;11.3;1.63;0.95;0.24;0.33
-4;50;0;100;0;19.23;3.14;9.13;1.05;1.03;0.134;53.3;7.57;3.78;2.26;0.38;1.34;4.49;126.6;100.2;14.7;2.7;9;0.51;0.28;0.1;0.14;2.06;2.13;0.186;46.7;11.43;5.87;3.32;0.54;1.8;4.63;111;79.8;18.3;3.6;9.3;1.33;0.4;0.16;0.24
-4;50;0;100;50;19.24;4.04;11.43;1.14;1.14;0.142;52.5;7.96;3.96;2.43;0.39;1.42;5.54;127.5;100;13.6;2.8;11.1;0.51;0.38;0.11;0.14;3.06;3.08;0.19;47.5;16.17;8.46;4.45;0.85;2.62;5.89;115.1;80;18.2;5.2;11.8;1.95;0.57;0.24;0.31
-4;50;0;100;100;19.36;4.62;13.04;1.26;1.25;0.152;50.7;8.13;4.07;2.45;0.38;1.39;6.26;129.9;102.2;12.4;2.8;12.5;0.51;0.49;0.11;0.15;3.93;3.93;0.197;49.3;19.93;10.52;5.63;0.96;3.24;6.78;126.4;78.2;28.1;6.5;13.6;2.29;0.94;0.29;0.42
-4;50;50;0;0;15.66;2.67;7.84;1.21;1.2;0.139;40.7;8.57;4.27;2.59;0.43;1.46;3.78;124;105.1;8.4;2.9;7.6;0.72;0.22;0.11;0.16;1.33;1.36;0.18;59.3;7.5;3.88;2.17;0.38;1.21;4.06;180.6;151.9;18.2;2.4;8.1;0.53;0.55;0.11;0.16
-4;50;50;0;50;15.41;2.97;8.37;1.33;1.29;0.146;41.4;8.77;4.38;2.64;0.43;1.53;4.05;125.8;107.5;7.1;3.1;8.1;0.74;0.27;0.12;0.16;1.67;1.67;0.188;58.6;8.83;4.56;2.61;0.42;1.44;4.32;177.9;147.9;18.5;2.9;8.6;0.52;0.84;0.14;0.18
-4;50;50;0;100;15.14;3.2;8.96;1.37;1.35;0.152;41.1;8.79;4.48;2.55;0.44;1.51;4.38;128.3;110.4;6.1;3;8.8;0.74;0.33;0.12;0.16;2.2;2.16;0.205;58.9;10.53;5.61;2.9;0.48;1.69;4.59;184.1;143.3;28.3;3.4;9.2;0.55;1.25;0.15;0.21
-4;50;50;50;0;17.36;3.17;9.23;1.31;1.3;0.139;46.2;9.3;4.59;2.83;0.46;1.58;4.6;126.3;102.5;11.4;3.2;9.2;0.69;0.31;0.12;0.17;1.87;1.88;0.187;53.8;10.02;5.27;2.83;0.49;1.59;4.64;147.1;117;17.7;3.2;9.3;1;0.54;0.13;0.21
-4;50;50;50;50;17.3;3.79;10.69;1.42;1.42;0.148;46.4;9.54;4.7;2.89;0.47;1.65;5.21;128.1;104.2;10.1;3.3;10.4;0.71;0.4;0.13;0.17;2.69;2.6;0.194;53.6;13.33;7.03;3.78;0.65;2.14;5.47;148.2;114.9;18;4.3;10.9;1.3;0.83;0.2;0.27
-4;50;50;50;100;17.35;4.28;12.12;1.64;1.55;0.159;45.9;9.72;4.99;2.74;0.48;1.64;5.84;134.5;105.6;13.9;3.3;11.7;0.72;0.54;0.12;0.17;3.45;3.44;0.205;54.1;16.74;8.94;4.67;0.77;2.64;6.27;158.4;113.2;27.3;5.3;12.5;1.64;1.22;0.25;0.34
-4;50;50;100;0;19.17;3.6;10.45;1.54;1.43;0.141;53.3;10.1;4.99;3.02;0.53;1.73;5.07;127.9;99.4;14.9;3.5;10.1;0.68;0.45;0.12;0.18;2.27;2.27;0.191;46.7;11.89;6.19;3.42;0.56;1.87;5.38;112.2;80.5;17.2;3.7;10.8;1.34;0.52;0.17;0.24
-4;50;50;100;50;19.21;4.47;12.61;1.62;1.61;0.152;54.1;10.53;5.25;3.08;0.52;1.77;6.13;136.4;99.7;20.9;3.5;12.3;0.67;0.62;0.14;0.19;3.32;3.29;0.197;45.9;16.67;8.88;4.56;0.85;2.69;6.48;115.6;80.2;17.1;5.4;13;1.94;0.77;0.25;0.33
-4;50;50;100;100;19.25;4.97;14.28;1.74;1.76;0.163;52.3;10.76;5.38;3.2;0.55;1.76;6.97;137.9;101.6;18.9;3.5;13.9;0.69;0.74;0.13;0.19;4.12;4.11;0.205;47.7;20.01;10.75;5.51;0.92;3.21;7.31;125.8;78.7;26.1;6.4;14.6;2.27;1.15;0.29;0.39
-4;50;100;0;0;15.55;3.06;9.15;1.64;1.58;0.143;42.1;10.93;5.39;3.28;0.59;1.81;4.46;130.8;105.8;12.4;3.6;8.9;0.92;0.32;0.14;0.19;1.53;1.56;0.194;57.9;8.01;4.13;2.29;0.4;1.25;4.69;179.9;150.7;17.3;2.5;9.4;0.53;0.76;0.11;0.16
-4;50;100;0;50;15.16;3.4;9.63;1.75;1.71;0.152;41.5;11.21;5.74;3.27;0.55;1.93;4.63;131.9;108.3;10.5;3.9;9.3;0.96;0.41;0.14;0.2;2.02;1.98;0.211;58.5;9.37;5.04;2.52;0.47;1.47;5.01;185.6;146.7;26;2.9;10;0.54;1.13;0.13;0.18
-4;50;100;0;100;15.19;3.63;10.2;1.75;1.78;0.157;42.4;11.27;5.75;3.33;0.51;1.93;5;134.4;111.4;9.1;3.9;10;0.97;0.47;0.14;0.2;2.55;2.52;0.23;57.6;10.97;6.01;2.9;0.53;1.7;5.2;182.7;141.7;27.2;3.4;10.4;0.54;1.61;0.16;0.21
-4;50;100;50;0;17.3;3.62;10.7;1.76;1.75;0.147;47.4;11.86;5.93;3.58;0.6;2.02;5.14;133.8;101.9;17.6;4;10.3;0.88;0.51;0.14;0.21;1.98;2.06;0.197;52.6;10.41;5.46;2.89;0.53;1.59;5.55;148.3;117.7;16.4;3.2;11.1;0.98;0.71;0.15;0.22
-4;50;100;50;50;17.14;4.16;12.02;1.86;1.88;0.155;46.2;12.07;6.1;3.56;0.64;2.08;5.77;135.1;104.2;15.3;4.2;11.5;0.91;0.6;0.15;0.22;2.8;2.82;0.209;53.8;13.47;7.14;3.73;0.62;2.08;6.25;157.1;115;25.4;4.2;12.5;1.28;1.08;0.19;0.27
-4;50;100;50;100;17.23;4.58;13.14;2.12;2.04;0.166;46.5;12.19;6.23;3.59;0.6;2.02;6.42;136.8;106.1;13.8;4;12.8;0.92;0.76;0.14;0.22;3.7;3.65;0.22;53.5;16.55;8.97;4.45;0.76;2.55;6.71;157.1;112.7;25.9;5.1;13.4;1.57;1.53;0.24;0.32
-4;50;100;100;0;19.06;4.15;11.99;2;1.94;0.149;54.8;12.95;6.49;3.86;0.68;2.2;5.9;137.3;98.7;22.5;4.4;11.8;0.85;0.69;0.18;0.22;2.42;2.45;0.199;45.2;12.31;6.45;3.46;0.58;1.95;6.09;113;81.1;15.9;3.9;12.2;1.36;0.67;0.17;0.25
-4;50;100;100;50;19.42;5;14.16;2.11;2.14;0.159;52.6;13.34;6.73;3.91;0.71;2.32;6.78;138.5;99.3;21.1;4.6;13.6;0.87;0.86;0.18;0.23;3.54;3.58;0.208;47.4;17.15;9.12;4.71;0.83;2.68;7.39;124.9;80.6;24.1;5.4;14.8;1.94;1.04;0.26;0.34
-4;50;100;100;100;19.16;5.4;15.51;2.46;2.35;0.174;52.3;13.44;6.92;3.88;0.63;2.2;7.48;138.8;100.3;19.1;4.4;15;0.87;1.08;0.17;0.22;4.29;4.42;0.217;47.7;20.39;10.86;5.66;0.96;3.2;8.03;126.5;79.7;24.3;6.4;16.1;2.3;1.42;0.29;0.41
-4;100;0;0;0;17.68;2.75;7.51;1.14;1.12;0.138;30.9;8.02;3.96;2.35;0.42;1.39;3.58;82;63.5;8.5;2.8;7.2;0.71;0.16;0.11;0.14;1.28;1.32;0.17;69.1;7.7;3.98;2.19;0.38;1.36;3.94;183.5;150.6;22.2;2.7;7.9;0.54;0.5;0.13;0.16
-4;100;0;0;50;17.93;2.97;8.48;1.14;1.14;0.141;31.8;7.97;3.98;2.41;0.41;1.41;4.11;84;65.7;7.2;2.8;8.2;0.71;0.18;0.11;0.13;1.7;1.71;0.176;68.2;9.64;4.93;2.85;0.45;1.56;4.37;180;144.7;23.4;3.1;8.7;0.54;0.83;0.14;0.2
-4;100;0;0;100;17.75;3.16;9.54;1.21;1.19;0.144;31.4;8.17;4;2.48;0.42;1.31;4.69;86;68.1;5.9;2.6;9.4;0.74;0.2;0.1;0.15;2.12;2.19;0.186;68.6;11.72;6;3.44;0.57;1.85;4.85;187.9;138.4;36;3.7;9.7;0.53;1.25;0.17;0.24
-4;100;0;50;0;19.18;2.98;8.69;1.19;1.14;0.137;36.4;8.25;4.15;2.39;0.42;1.43;4.26;85.1;62.4;11.3;2.9;8.5;0.67;0.21;0.11;0.15;1.72;1.76;0.178;63.6;9.83;5;2.89;0.48;1.56;4.43;149.1;115.2;21.9;3.1;8.9;0.93;0.48;0.14;0.21
-4;100;0;50;50;19.4;3.63;10.6;1.23;1.22;0.141;36.5;8.57;4.15;2.55;0.48;1.41;5.1;86.7;63.6;10;2.8;10.2;0.69;0.26;0.11;0.15;2.44;2.53;0.186;63.5;13.62;7.07;3.96;0.63;2.21;5.5;150.6;112.8;22.4;4.4;11;1.28;0.79;0.19;0.28
-4;100;0;50;100;19.9;4.37;12.3;1.34;1.32;0.148;35.7;8.86;4.48;2.59;0.44;1.55;5.97;89.7;65.6;9.1;3.1;11.9;0.71;0.35;0.11;0.15;3.31;3.38;0.193;64.3;17.47;9.08;4.93;0.85;2.82;6.33;162;108.8;34.9;5.6;12.7;1.55;1.21;0.27;0.35
-4;100;0;100;0;21.06;3.47;10.04;1.26;1.2;0.136;43.6;8.79;4.38;2.61;0.46;1.48;4.85;88.4;61.2;14.5;3;9.7;0.66;0.27;0.12;0.16;2.23;2.25;0.184;56.4;12.23;6.33;3.44;0.63;1.99;5.19;114.3;78.3;21.6;4;10.4;1.33;0.49;0.18;0.25
-4;100;0;100;50;21.29;4.38;12.36;1.37;1.32;0.142;43.3;9.22;4.64;2.69;0.46;1.61;5.96;90.3;61.9;13.2;3.2;11.9;0.66;0.37;0.13;0.16;3.23;3.28;0.19;56.7;17.21;8.98;4.8;0.85;2.77;6.4;118;77.5;22.2;5.5;12.8;1.89;0.79;0.25;0.34
-4;100;0;100;100;21.43;4.95;14.19;1.5;1.5;0.152;41.6;9.86;4.94;2.92;0.52;1.68;6.86;92.7;63.3;12.4;3.4;13.7;0.68;0.5;0.14;0.18;4.08;4.05;0.196;58.4;20.67;10.94;5.77;1.04;3.28;7.32;130.2;75.7;33.4;6.6;14.6;2.16;1.15;0.31;0.43
-4;100;50;0;0;17.85;3.3;9.52;1.66;1.6;0.14;32;11.3;5.63;3.39;0.57;1.91;4.57;85.8;64.7;8.1;3.8;9.1;1.02;0.21;0.15;0.21;1.51;1.5;0.177;68;8.42;4.39;2.39;0.43;1.39;4.95;182.1;147.6;21.9;2.8;9.9;0.51;0.69;0.13;0.17
-4;100;50;0;50;17.75;3.6;10.47;1.68;1.68;0.145;31.5;11.52;5.68;3.47;0.61;1.95;5.02;87.4;66.7;6.7;3.9;10;1.05;0.26;0.15;0.21;1.98;1.98;0.193;68.5;10.26;5.37;2.92;0.51;1.65;5.45;190.1;142;33.8;3.3;10.9;0.5;1.12;0.14;0.21
-4;100;50;0;100;18.03;3.92;11.46;1.74;1.77;0.149;32.6;11.83;5.86;3.59;0.61;2;5.55;90;69;5.9;4;11.1;1.09;0.31;0.15;0.22;2.36;2.49;0.205;67.4;12.11;6.39;3.44;0.55;1.92;5.91;186.4;135.9;34.8;3.8;11.8;0.49;1.57;0.18;0.24
-4;100;50;50;0;19.43;3.81;10.94;1.74;1.68;0.139;37.3;12.01;5.99;3.56;0.58;2.07;5.33;89;63.1;11.1;4.1;10.7;1.02;0.3;0.16;0.2;1.9;1.96;0.184;62.7;10.62;5.46;3.06;0.55;1.74;5.61;149.6;113.8;21;3.5;11.2;0.94;0.66;0.15;0.22
-4;100;50;50;50;19.66;4.35;12.54;1.83;1.78;0.146;36;12.18;6.02;3.62;0.62;2.06;6.05;90.7;64.6;9.9;4.1;12.1;1.02;0.4;0.15;0.21;2.78;2.81;0.197;64;14.28;7.51;4.01;0.72;2.29;6.49;161.1;110.9;32.7;4.6;13;1.24;1.08;0.2;0.29
-4;100;50;50;100;19.85;4.96;14.19;1.96;1.96;0.154;37.8;12.64;6.35;3.73;0.64;2.11;6.93;97.8;66.4;13.3;4.2;13.9;1.06;0.51;0.17;0.22;3.77;3.68;0.205;62.2;17.91;9.7;4.89;0.82;2.85;7.26;160.9;107.2;33.5;5.7;14.5;1.53;1.52;0.27;0.36
-4;100;50;100;0;21.48;4.2;12.3;1.81;1.8;0.142;44.4;12.68;6.27;3.85;0.62;2.15;5.96;92.3;61.6;14.5;4.3;11.9;0.97;0.44;0.16;0.23;2.42;2.44;0.188;55.6;12.95;6.72;3.7;0.69;2.05;6.34;115.5;77.8;20.9;4.1;12.7;1.31;0.67;0.2;0.26
-4;100;50;100;50;21.46;4.97;14.72;1.98;2;0.15;43.9;13.28;6.58;4;0.72;2.23;7.13;100.9;62.5;19.7;4.5;14.3;1;0.59;0.18;0.24;3.55;3.53;0.199;56.1;17.75;9.42;4.94;0.89;2.74;7.58;129;76.6;31.7;5.5;15.2;1.86;1.05;0.26;0.37
-4;100;50;100;100;21.46;5.65;16.02;2.15;2.12;0.157;43.8;13.38;6.76;3.88;0.67;2.27;7.72;101.5;63.8;17.7;4.5;15.4;1.03;0.7;0.16;0.23;4.39;4.4;0.206;56.2;21.4;11.4;5.9;1.04;3.37;8.3;130.4;74.9;32.1;6.7;16.6;2.19;1.45;0.33;0.44
-4;100;100;0;0;17.83;3.74;10.95;2.04;2.03;0.144;34;14.03;6.99;4.12;0.72;2.33;5.36;92.9;65.5;12;4.7;10.7;1.26;0.32;0.19;0.25;1.73;1.77;0.193;66;9.1;4.67;2.61;0.44;1.41;5.59;180.3;145.4;20.9;2.8;11.2;0.51;0.94;0.13;0.18
-4;100;100;0;50;17.85;4.09;11.91;2.16;2.14;0.15;33.5;14.24;7.12;4.24;0.77;2.44;5.85;94.6;67.5;10.5;4.9;11.7;1.29;0.41;0.18;0.26;2.28;2.28;0.211;66.5;10.78;5.74;2.99;0.53;1.65;6.05;187.8;140.1;32.3;3.3;12.1;0.51;1.4;0.15;0.22
-4;100;100;0;100;17.82;4.41;12.56;2.24;2.21;0.153;34.3;14.38;7.29;4.16;0.73;2.5;6.13;95.6;70;8.3;5;12.3;1.35;0.42;0.19;0.25;2.97;2.95;0.232;65.7;12.74;6.93;3.48;0.59;1.91;6.42;183.2;133.2;33.4;3.8;12.8;0.5;2.03;0.17;0.24
-4;100;100;50;0;19.54;4.35;12.54;2.17;2.16;0.146;39.4;14.68;7.25;4.51;0.74;2.45;6.06;97.3;63.7;16.6;4.9;12.1;1.22;0.48;0.19;0.26;2.19;2.28;0.196;60.6;11.59;6.01;3.28;0.57;1.9;6.48;149.8;112.7;20.4;3.8;13;0.94;0.92;0.17;0.24
-4;100;100;50;50;19.5;4.8;13.91;2.33;2.29;0.152;38.1;14.97;7.49;4.48;0.75;2.52;6.76;98.4;65;14.9;5;13.5;1.25;0.58;0.2;0.26;3.08;3.09;0.209;61.9;14.72;7.86;4.07;0.69;2.28;7.15;159.7;109.9;31;4.6;14.3;1.22;1.37;0.2;0.3
-4;100;100;50;100;19.84;5.26;15.41;2.5;2.47;0.161;38.4;15.23;7.7;4.43;0.75;2.5;7.37;99.9;66.6;13.5;5;14.7;1.27;0.73;0.2;0.27;4.08;4.1;0.223;61.6;18.36;9.82;5.09;0.87;2.75;8.04;160.5;106.7;32.2;5.5;16.1;1.5;1.97;0.26;0.37
-4;100;100;100;0;21.44;4.73;14.01;2.3;2.33;0.148;46.8;15.76;7.8;4.79;0.84;2.62;6.82;102.4;61.6;21.9;5.2;13.6;1.18;0.67;0.2;0.29;2.65;2.66;0.198;53.2;13.42;7.06;3.77;0.66;2.11;7.19;116.3;77.9;19.8;4.2;14.4;1.29;0.9;0.19;0.28
-4;100;100;100;50;21.4;5.64;16.03;2.54;2.51;0.156;44.5;16.04;8.12;4.68;0.84;2.73;7.76;103.4;62.3;20.1;5.5;15.5;1.2;0.82;0.21;0.28;3.73;3.8;0.209;55.5;18.2;9.65;5.06;0.89;2.91;8.27;129;77;29.6;5.8;16.5;1.86;1.32;0.26;0.36
-4;100;100;100;100;21.46;6.05;17.24;2.71;2.73;0.167;44.6;16.27;8.3;4.74;0.77;2.76;8.38;104.2;64;17.9;5.5;16.8;1.22;1;0.22;0.28;4.83;4.77;0.219;55.4;21.69;11.71;5.79;1.03;3.29;8.86;129.7;74.6;30.8;6.6;17.7;2.15;1.88;0.3;0.43
-3;0;0;0;0;13.7;1.75;5.17;0.64;0.66;0.14;46.9;4.56;2.29;1.35;0.22;0.78;2.49;158.5;142.6;9.4;1.6;5;0.34;0.18;0.06;0.08;1.02;1.02;0.166;53.1;6.08;3.08;1.77;0.31;0.96;2.68;179.2;157.1;14.9;1.9;5.4;0.51;0.3;0.08;0.13
-3;0;0;0;50;13.19;1.92;5.6;0.66;0.7;0.146;47.3;4.67;2.3;1.37;0.23;0.82;2.75;159.5;144.2;8.2;1.6;5.5;0.33;0.23;0.05;0.09;1.19;1.18;0.168;52.7;6.96;3.48;2.08;0.33;1.1;2.85;177.9;155.2;14.8;2.2;5.7;0.53;0.41;0.1;0.15
-3;0;0;0;100;12.99;2.12;6.23;0.73;0.73;0.151;46.8;4.73;2.37;1.42;0.22;0.76;2.96;161.7;147;7.3;1.5;5.9;0.34;0.25;0.06;0.09;1.45;1.51;0.181;53.2;8.34;4.23;2.45;0.43;1.36;3.27;184;152;22.7;2.7;6.5;0.54;0.68;0.12;0.17
-3;0;0;50;0;15.42;2.25;6.62;0.7;0.75;0.139;52.6;5.24;2.51;1.63;0.29;0.86;3.27;160.4;139.4;12.7;1.7;6.5;0.32;0.26;0.07;0.1;1.49;1.5;0.176;47.4;8.48;4.38;2.38;0.46;1.39;3.35;144.2;120.5;14.2;2.8;6.7;0.92;0.29;0.13;0.18
-3;0;0;50;50;15.21;2.75;8.06;0.81;0.82;0.148;52.5;5.44;2.69;1.68;0.3;0.93;3.96;161.2;140;11.4;1.9;7.9;0.32;0.33;0.07;0.1;2.07;2.07;0.18;47.5;11.45;5.79;3.35;0.58;1.82;4.1;146.1;120;14.3;3.6;8.2;1.25;0.41;0.17;0.24
-3;0;0;50;100;15.32;3.19;9.4;0.91;0.91;0.157;51;5.72;2.86;1.71;0.32;0.93;4.49;162.1;140.6;10.6;1.9;9;0.33;0.42;0.07;0.1;2.69;2.67;0.188;49;14.2;7.38;4.06;0.7;2.26;4.91;155.6;119.5;21.7;4.5;9.8;1.54;0.64;0.2;0.29
-3;0;0;100;0;17.7;2.74;7.98;0.8;0.81;0.139;60.1;5.69;2.78;1.83;0.24;0.96;3.83;162.6;136.9;16.1;1.9;7.7;0.3;0.33;0.08;0.1;1.87;1.95;0.18;39.9;10.77;5.55;3.12;0.55;1.78;4.15;108.1;81.8;14.5;3.6;8.3;1.26;0.3;0.16;0.22
-3;0;0;100;50;17.6;3.49;9.95;0.94;0.94;0.149;59.2;6.22;3.1;1.86;0.31;1.08;4.79;162.4;135.6;15.1;2.2;9.6;0.31;0.44;0.08;0.11;2.78;2.76;0.185;40.8;14.92;7.81;4.21;0.77;2.42;5.16;111.8;82.5;14.1;4.8;10.3;1.84;0.4;0.22;0.3
-3;0;0;100;100;17.39;4.07;11.66;1.06;1.09;0.16;57.4;6.77;3.41;1.99;0.35;1.12;5.7;163.5;135.9;14;2.2;11.4;0.31;0.57;0.09;0.12;3.31;3.45;0.19;42.6;18.1;9.39;5.16;0.9;2.95;5.95;121.2;82.4;21.1;5.9;11.9;2.18;0.63;0.27;0.37
-3;0;50;0;0;13.17;1.95;5.54;0.72;0.75;0.144;46.9;5.14;2.53;1.56;0.26;0.88;2.71;158.3;141.8;9.4;1.8;5.4;0.34;0.26;0.06;0.09;1.13;1.14;0.179;53.1;6.31;3.28;1.8;0.31;1.07;2.82;179.3;158;13.6;2.1;5.6;0.52;0.4;0.1;0.12
-3;0;50;0;50;12.84;2.06;6.07;0.83;0.84;0.152;47.3;5.41;2.7;1.58;0.28;0.91;3;159.9;143.6;8.5;1.8;6;0.35;0.32;0.07;0.1;1.33;1.35;0.186;52.7;7.24;3.73;2.13;0.36;1.15;3.06;177.8;155.9;13.5;2.3;6.1;0.52;0.58;0.1;0.15
-3;0;50;0;100;12.36;2.26;6.33;0.87;0.88;0.164;46.9;5.29;2.65;1.54;0.27;0.85;3.03;161.3;146.5;7.1;1.7;6.1;0.35;0.37;0.07;0.09;1.66;1.71;0.202;53.1;8.44;4.5;2.32;0.4;1.41;3.3;182.9;152.6;20.9;2.8;6.6;0.53;0.89;0.13;0.17
-3;0;50;50;0;15.09;2.42;7.17;0.86;0.89;0.144;52.5;6.11;2.99;1.87;0.34;1.03;3.55;159.9;138.1;12.6;2.1;7.1;0.33;0.37;0.08;0.11;1.59;1.62;0.184;47.5;8.76;4.46;2.58;0.43;1.39;3.62;144.9;121.6;13.3;2.8;7.2;0.94;0.38;0.12;0.18
-3;0;50;50;50;14.87;2.91;8.38;1.05;1;0.154;52.2;6.41;3.22;1.93;0.3;1.06;4.1;160.4;138.4;11.7;2.1;8.2;0.33;0.47;0.08;0.12;2.19;2.22;0.191;47.8;11.59;6.02;3.27;0.57;1.85;4.28;146.8;121.4;13.1;3.7;8.6;1.25;0.56;0.17;0.23
-3;0;50;50;100;14.9;3.48;9.86;1.12;1.14;0.174;51.8;6.52;3.33;1.9;0.3;1.11;4.82;167.1;139.2;16;2.2;9.6;0.34;0.62;0.08;0.11;2.91;2.96;0.199;48.2;14.81;7.82;4.17;0.74;2.37;5.04;155.3;120.7;19.8;4.7;10.1;1.62;0.83;0.22;0.3
-3;0;50;100;0;17.18;3.03;8.55;1.05;1.08;0.15;59.7;7.14;3.58;2.18;0.33;1.25;4.19;161.2;134.2;16.1;2.5;8.4;0.33;0.53;0.1;0.12;1.95;2.04;0.187;40.3;10.84;5.62;3.07;0.51;1.78;4.36;108.6;83.3;13;3.6;8.7;1.28;0.38;0.17;0.21
-3;0;50;100;50;17.24;3.75;10.88;1.18;1.23;0.161;60.1;7.58;3.83;2.21;0.38;1.28;5.39;169.5;133.2;23;2.6;10.8;0.32;0.68;0.09;0.14;2.79;2.96;0.192;39.9;15.34;7.88;4.4;0.77;2.48;5.48;112.4;83.9;12.6;5;11;1.87;0.55;0.22;0.31
-3;0;50;100;100;17.07;4.26;12.23;1.41;1.4;0.178;58.3;7.85;4.05;2.21;0.39;1.33;5.96;169.5;133.8;21.1;2.7;11.9;0.33;0.85;0.1;0.14;3.66;3.69;0.199;41.7;18.52;9.72;5.2;0.92;2.93;6.27;121.1;83.5;19.1;5.9;12.5;2.24;0.81;0.26;0.37
-3;0;100;0;0;12.86;2.11;5.97;0.89;0.89;0.149;47.5;5.93;3;1.72;0.33;1.03;2.91;163;140.9;14.3;2.1;5.8;0.34;0.37;0.07;0.11;1.21;1.24;0.187;52.5;6.61;3.43;1.88;0.34;1.08;3.06;179.9;159;12.6;2.2;6.1;0.51;0.5;0.1;0.13
-3;0;100;0;50;12.48;2.22;6.37;1.09;1.03;0.167;47.9;6.09;3.14;1.78;0.31;1;3.12;163.6;142.9;12.5;2;6.2;0.36;0.48;0.08;0.11;1.47;1.52;0.201;52.1;7.55;3.94;2.14;0.4;1.21;3.26;178.3;156.7;12.7;2.4;6.5;0.52;0.74;0.11;0.15
-3;0;100;0;100;12.15;2.33;6.78;1.08;1.09;0.179;47.4;6.05;3.1;1.76;0.29;1.03;3.27;165;145.6;10.8;2.1;6.5;0.37;0.55;0.08;0.1;1.81;1.87;0.217;52.6;8.59;4.56;2.41;0.41;1.3;3.51;182.8;153.6;19.5;2.6;7;0.52;1.06;0.12;0.18
-3;0;100;50;0;14.69;2.71;7.66;1.11;1.13;0.155;52.9;7.25;3.67;2.1;0.37;1.27;3.68;164.8;135.4;19.5;2.5;7.4;0.34;0.57;0.1;0.13;1.75;1.74;0.19;47.1;9.11;4.7;2.64;0.46;1.44;3.98;146.7;124;11.9;2.9;8;0.96;0.47;0.13;0.19
-3;0;100;50;50;14.5;3.06;8.97;1.29;1.25;0.171;52.6;7.27;3.75;2.1;0.36;1.17;4.3;164.8;136.3;17.6;2.3;8.6;0.33;0.7;0.09;0.12;2.32;2.39;0.199;47.4;11.95;6.28;3.37;0.58;1.89;4.67;148.4;123.2;12;3.8;9.3;1.28;0.7;0.18;0.24
-3;0;100;50;100;14.46;3.56;9.99;1.43;1.41;0.193;51.8;7.31;3.88;2.06;0.34;1.21;4.87;166.5;138.2;16.1;2.4;9.7;0.34;0.86;0.1;0.12;3.08;3.1;0.208;48.2;14.86;7.89;4.07;0.71;2.35;5.13;154.8;121.5;18.4;4.7;10.3;1.6;1.01;0.21;0.29
-3;0;100;100;0;17.13;3.19;9.24;1.4;1.34;0.156;60.4;8.54;4.33;2.48;0.46;1.45;4.51;167.9;130.6;25.4;2.9;9;0.32;0.77;0.11;0.14;2.06;2.12;0.192;39.6;11.05;5.7;3.19;0.51;1.75;4.72;110;85.4;11.6;3.5;9.4;1.3;0.45;0.17;0.21
-3;0;100;100;50;16.89;3.89;11.44;1.57;1.56;0.174;59.5;8.92;4.64;2.51;0.44;1.44;5.61;167.4;130;23.3;2.9;11.2;0.33;0.96;0.11;0.16;3.13;3.13;0.199;40.5;15.76;8.33;4.43;0.71;2.45;5.83;113.7;85.7;11.4;4.9;11.7;1.93;0.67;0.22;0.32
-3;0;100;100;100;16.66;4.5;12.76;1.77;1.81;0.198;57.9;9.1;4.76;2.61;0.45;1.46;6.24;167.7;130.7;21.5;2.9;12.5;0.33;1.21;0.11;0.16;3.81;3.87;0.205;42.1;18.82;10.04;5.23;0.85;3.04;6.52;121.6;85.3;17.2;6.1;13;2.29;0.94;0.27;0.37
-3;50;0;0;0;15.71;2.32;6.42;0.94;0.97;0.145;40.2;6.65;3.34;1.94;0.35;1.17;3.1;121.7;103.8;9.3;2.3;6.2;0.58;0.19;0.09;0.11;1.13;1.12;0.164;59.8;6.79;3.4;2;0.34;1.15;3.32;180.9;153.8;18.1;2.3;6.6;0.5;0.37;0.1;0.14
-3;50;0;0;50;15.47;2.51;7.22;0.99;1.03;0.15;40.8;6.82;3.33;2.12;0.36;1.13;3.56;123.4;105.9;8.1;2.3;7.1;0.59;0.22;0.09;0.13;1.26;1.31;0.164;59.2;7.94;4.03;2.32;0.4;1.39;3.66;179.2;150.5;18.6;2.8;7.3;0.49;0.54;0.12;0.16
-3;50;0;0;100;15.42;2.77;7.81;1.03;1.06;0.152;40.3;6.92;3.47;2.06;0.33;1.21;3.82;125.7;108.6;7;2.4;7.6;0.6;0.25;0.09;0.12;1.73;1.78;0.185;59.7;9.56;4.97;2.76;0.48;1.56;3.98;185.9;146.3;28.6;3.1;8;0.5;0.93;0.15;0.2
-3;50;0;50;0;17.49;2.69;8.01;1;1.03;0.143;45.7;7.1;3.48;2.19;0.36;1.18;3.84;124.1;101.7;12.4;2.4;7.7;0.56;0.25;0.09;0.13;1.61;1.62;0.174;54.3;9.29;4.77;2.74;0.47;1.51;4.17;147.3;118;17.9;3;8.3;0.92;0.37;0.14;0.2
-3;50;0;50;50;17.42;3.26;9.37;1.07;1.12;0.15;46.1;7.38;3.71;2.19;0.38;1.3;4.67;126.4;103.3;11.1;2.6;9.3;0.57;0.31;0.1;0.13;2.17;2.17;0.177;53.9;12.26;6.3;3.52;0.57;1.96;4.7;147.5;116;18.2;3.9;9.4;1.2;0.53;0.18;0.25
-3;50;0;50;100;17.23;3.76;10.74;1.21;1.22;0.156;44.9;7.75;3.85;2.34;0.4;1.28;5.3;128;104.7;10.1;2.6;10.6;0.59;0.38;0.1;0.14;2.94;2.93;0.19;55.1;15.39;8.16;4.33;0.7;2.48;5.44;157.2;114.3;27.1;5;10.9;1.48;0.9;0.23;0.32
-3;50;0;100;0;19.1;3.18;9.06;1.06;1.12;0.143;53.3;7.8;3.86;2.34;0.39;1.35;4.34;126.5;99.5;15.6;2.7;8.7;0.56;0.32;0.1;0.14;1.88;1.96;0.178;46.7;11.02;5.67;3.17;0.53;1.83;4.72;110.7;80.4;17.2;3.7;9.4;1.23;0.35;0.16;0.23
-3;50;0;100;50;19.3;3.92;11.21;1.22;1.23;0.149;53;8.19;4.14;2.36;0.41;1.42;5.5;128.3;99.9;14.5;2.8;11;0.56;0.42;0.11;0.14;2.81;2.84;0.182;47;15.61;7.98;4.43;0.79;2.5;5.71;113.8;80.1;17.3;5;11.4;1.8;0.51;0.22;0.32
-3;50;0;100;100;19.42;4.5;13.07;1.38;1.37;0.158;50.7;8.64;4.33;2.56;0.47;1.45;6.24;129.2;100.3;13.5;2.9;12.5;0.56;0.55;0.12;0.14;3.55;3.65;0.191;49.3;19.08;9.88;5.43;0.93;3.05;6.83;125.7;79.7;26.2;6.1;13.7;2.13;0.87;0.27;0.38
-3;50;50;0;0;15.51;2.68;7.82;1.26;1.34;0.148;40.7;8.98;4.45;2.69;0.46;1.5;3.79;124;104.2;9.1;3;7.6;0.8;0.26;0.12;0.16;1.2;1.27;0.176;59.3;7.15;3.59;2.11;0.36;1.18;4.03;180.8;153.2;17.2;2.4;8.1;0.5;0.52;0.1;0.15
-3;50;50;0;50;15.51;2.95;8.44;1.35;1.4;0.152;41.5;9.12;4.52;2.68;0.5;1.55;4.17;126.4;106.8;8.2;3.1;8.3;0.81;0.31;0.12;0.16;1.6;1.6;0.185;58.5;8.59;4.5;2.45;0.39;1.41;4.27;178.2;149.2;17.7;2.8;8.5;0.51;0.79;0.13;0.17
-3;50;50;0;100;14.92;3.06;8.9;1.45;1.45;0.159;41;9.06;4.55;2.73;0.43;1.48;4.41;127.9;109.3;6.8;3;8.8;0.81;0.36;0.12;0.16;1.96;2.02;0.202;59;9.94;5.22;2.82;0.47;1.58;4.49;183.9;145.1;26.7;3.2;9;0.51;1.17;0.15;0.19
-3;50;50;50;0;17.28;3.21;9.2;1.37;1.44;0.148;46.1;9.7;4.81;2.82;0.54;1.66;4.4;126;101.4;12.5;3.3;8.8;0.77;0.37;0.14;0.17;1.8;1.77;0.183;53.9;9.67;5.03;2.71;0.48;1.55;4.8;147.6;118.3;16.5;3.1;9.6;0.93;0.51;0.15;0.2
-3;50;50;50;50;17.25;3.77;10.84;1.6;1.54;0.153;46.4;10.01;5.03;3.04;0.49;1.68;5.32;128.2;103;11.2;3.4;10.6;0.79;0.44;0.13;0.18;2.33;2.41;0.19;53.6;12.69;6.57;3.7;0.61;2.09;5.52;148.3;116.4;16.6;4.2;11;1.21;0.76;0.19;0.25
-3;50;50;50;100;17.21;4.25;12.19;1.7;1.71;0.166;46;10.29;5.24;2.98;0.53;1.72;5.95;134.5;103.9;15.3;3.4;11.9;0.79;0.61;0.14;0.18;3.09;3.18;0.2;54;15.85;8.31;4.58;0.68;2.54;6.24;158;115.3;25.1;5.1;12.5;1.52;1.12;0.23;0.31
-3;50;50;100;0;19.11;3.69;10.47;1.57;1.61;0.15;53.4;10.65;5.34;3.13;0.55;1.82;5.1;128.2;98.4;15.9;3.6;10.2;0.76;0.52;0.14;0.19;2.08;2.11;0.186;46.6;11.34;5.88;3.24;0.55;1.87;5.37;111.7;81.2;16;3.7;10.7;1.25;0.47;0.17;0.23
-3;50;50;100;50;19.35;4.45;12.82;1.72;1.74;0.158;54.4;10.99;5.54;3.24;0.55;1.85;6.3;137.6;99.1;22.1;3.7;12.6;0.75;0.65;0.14;0.2;3.06;3.09;0.191;45.6;16.14;8.45;4.57;0.76;2.6;6.52;115.3;80.7;16.4;5.2;13;1.79;0.74;0.23;0.33
-3;50;50;100;100;19.26;4.98;14.34;1.9;1.93;0.169;52.4;11.37;5.73;3.38;0.56;1.88;6.96;138;100;20.3;3.8;13.9;0.77;0.82;0.15;0.19;3.84;3.87;0.199;47.6;19.4;10.29;5.29;0.92;3.1;7.38;125.5;80;24.5;6.2;14.8;2.14;1.08;0.27;0.38
-3;50;100;0;0;15.46;3.07;9.24;1.76;1.72;0.15;42.1;11.42;5.68;3.38;0.66;1.89;4.51;131.3;104.7;13.7;3.8;9;1.01;0.36;0.15;0.2;1.49;1.48;0.191;57.9;7.72;3.96;2.22;0.4;1.19;4.72;180.4;152.4;16.2;2.4;9.4;0.51;0.7;0.1;0.15
-3;50;100;0;50;15.26;3.45;9.86;1.76;1.87;0.159;41.8;11.71;5.87;3.53;0.56;2.01;4.87;133.2;107.6;11.9;4;9.7;1.06;0.45;0.16;0.21;1.89;1.88;0.207;58.2;9.06;4.87;2.49;0.42;1.44;4.99;185.4;147.9;24.7;2.9;10;0.51;1.07;0.13;0.17
-3;50;100;0;100;14.95;3.43;10.29;1.95;1.93;0.164;42.4;11.7;5.88;3.52;0.6;1.89;5.09;134.2;110.2;10.1;3.8;10.2;1.07;0.51;0.14;0.21;2.31;2.35;0.227;57.6;10.34;5.61;2.78;0.51;1.55;5.2;182.7;143.7;25.6;3.1;10.4;0.5;1.51;0.15;0.19
-3;50;100;50;0;17.14;3.71;10.61;1.94;1.91;0.153;47.7;12.4;6.24;3.67;0.62;2.1;5.17;134.6;101.5;18.5;4.2;10.3;0.99;0.54;0.16;0.21;1.91;1.92;0.193;52.3;9.94;5.19;2.79;0.47;1.61;5.44;147.8;118.2;15.5;3.2;10.9;0.9;0.67;0.14;0.2
-3;50;100;50;50;17.22;4.15;12.15;2.04;2.06;0.162;46.3;12.66;6.28;3.83;0.64;2.08;5.91;135.8;102.8;17;4.2;11.8;1;0.67;0.16;0.23;2.61;2.69;0.204;53.7;13.14;6.94;3.69;0.67;2.06;6.24;157.2;116.6;24;4.1;12.5;1.2;1.04;0.19;0.27
-3;50;100;50;100;17.13;4.66;13.44;2.17;2.25;0.173;46.6;12.9;6.55;3.84;0.66;2.19;6.58;137.3;104.7;15.1;4.4;13.2;1.02;0.82;0.17;0.23;3.49;3.49;0.215;53.4;16.24;8.65;4.47;0.77;2.48;6.86;157.2;114.3;24.2;5;13.7;1.51;1.43;0.23;0.32
-3;50;100;100;0;19.05;4.23;12.2;2;2.11;0.154;55;13.63;6.75;4.03;0.68;2.34;6.05;138.1;97.5;23.8;4.7;12.1;0.96;0.72;0.18;0.25;2.15;2.32;0.194;45;11.96;6.13;3.46;0.6;1.89;6.15;113;82;14.9;3.8;12.3;1.28;0.63;0.17;0.24
-3;50;100;100;50;19.34;4.8;14.28;2.29;2.27;0.165;52.8;13.74;6.97;4.09;0.68;2.23;6.96;139;98.2;22.4;4.5;13.9;0.94;0.92;0.17;0.25;3.35;3.36;0.202;47.2;16.61;8.81;4.65;0.77;2.57;7.33;124.2;81.4;23;5.1;14.7;1.81;0.98;0.24;0.33
-3;50;100;100;100;19.2;5.46;15.67;2.6;2.58;0.18;52.5;14.24;7.36;4.08;0.69;2.34;7.66;139.6;98.7;20.9;4.7;15.3;0.96;1.19;0.18;0.25;4;4.15;0.21;47.5;19.67;10.46;5.48;0.96;3.12;8.02;126;81;22.7;6.2;16;2.14;1.34;0.26;0.4
-3;100;0;0;0;17.55;2.65;7.52;1.2;1.22;0.147;31.2;8.29;4.17;2.45;0.42;1.43;3.69;82.7;63.3;9.1;2.9;7.4;0.77;0.19;0.11;0.15;1.21;1.18;0.161;68.8;7.31;3.69;2.17;0.35;1.23;3.83;182.6;151.1;21.4;2.5;7.7;0.47;0.45;0.12;0.15
-3;100;0;0;50;17.62;2.9;8.46;1.15;1.24;0.149;31.9;8.28;4.03;2.52;0.47;1.39;4.12;84.1;65.3;7.8;2.8;8.2;0.79;0.21;0.1;0.15;1.51;1.59;0.174;68.1;9.09;4.59;2.67;0.45;1.51;4.35;179.8;145.9;22.2;3;8.7;0.49;0.77;0.14;0.19
-3;100;0;0;100;17.66;3.24;9.36;1.34;1.32;0.152;31.3;8.62;4.33;2.52;0.44;1.47;4.46;85.8;67.2;6.8;2.9;8.9;0.81;0.24;0.12;0.15;2.04;2.06;0.184;68.7;11.15;5.78;3.18;0.56;1.77;4.9;188.6;140.9;34.4;3.5;9.8;0.48;1.19;0.17;0.22
-3;100;0;50;0;19.3;3.09;8.9;1.22;1.26;0.146;36.6;8.59;4.26;2.59;0.42;1.45;4.39;85.9;62.2;12;2.9;8.8;0.75;0.24;0.12;0.16;1.69;1.68;0.171;63.4;9.81;5.05;2.83;0.44;1.64;4.51;149.1;115.5;21.2;3.3;9;0.89;0.44;0.15;0.2
-3;100;0;50;50;19.6;3.66;10.54;1.36;1.36;0.15;36.9;9.01;4.51;2.71;0.46;1.57;5.06;87.7;63.4;11.1;3.1;10.1;0.77;0.31;0.12;0.16;2.44;2.38;0.181;63.1;13.1;6.85;3.76;0.63;2.09;5.47;150.2;113.3;21.8;4.2;10.9;1.16;0.76;0.19;0.27
-3;100;0;50;100;19.66;4.31;12.4;1.41;1.46;0.155;35.8;9.32;4.61;2.83;0.51;1.55;6.13;90;64.8;9.9;3.1;12.3;0.78;0.38;0.12;0.17;3.01;3.17;0.189;64.2;16.75;8.58;4.81;0.84;2.76;6.27;161.5;110.4;33;5.5;12.5;1.45;1.14;0.25;0.33
-3;100;0;100;0;21.16;3.6;10.25;1.32;1.36;0.144;44;9.34;4.66;2.79;0.5;1.66;4.93;89.5;61;15.3;3.3;9.9;0.74;0.33;0.13;0.16;2.05;2.09;0.175;56;11.9;6.1;3.47;0.58;1.95;5.32;114.1;78.7;20.8;3.9;10.6;1.21;0.44;0.18;0.25
-3;100;0;100;50;21.5;4.27;12.55;1.46;1.48;0.15;43.8;9.8;4.84;2.95;0.54;1.62;6.08;91.2;61.3;14.6;3.2;12.2;0.74;0.43;0.13;0.17;2.97;3.04;0.185;56.3;16.42;8.6;4.65;0.8;2.65;6.47;117.3;78.3;20.8;5.3;12.9;1.73;0.73;0.24;0.34
-3;100;0;100;100;21.51;4.82;14.08;1.6;1.6;0.156;42;10.2;5.13;2.93;0.5;1.69;6.92;93.1;62.8;13.1;3.4;13.8;0.77;0.52;0.13;0.18;3.76;3.8;0.19;58;19.95;10.28;5.71;0.95;3.13;7.17;128.9;76.3;32;6.3;14.3;2.02;1.11;0.29;0.39
-3;100;50;0;0;17.76;3.23;9.47;1.77;1.73;0.149;32.3;11.61;5.75;3.41;0.59;1.9;4.67;86.4;64.5;8.8;3.8;9.3;1.13;0.25;0.15;0.21;1.32;1.43;0.174;67.7;8.16;4.11;2.39;0.37;1.33;4.8;181.4;148.1;21;2.7;9.6;0.48;0.66;0.12;0.17
-3;100;50;0;50;17.89;3.69;10.63;1.87;1.88;0.153;31.9;12.24;6.15;3.62;0.67;2.08;5.17;88.6;66.3;7.9;4.2;10.3;1.18;0.3;0.17;0.22;1.84;1.92;0.19;68.1;10.04;5.09;2.91;0.52;1.61;5.46;189.7;143.3;32.2;3.2;10.9;0.5;1.08;0.14;0.2
-3;100;50;0;100;17.76;3.89;11.38;1.91;1.95;0.157;32.7;12.37;6.18;3.67;0.6;2.04;5.55;90.2;68.5;6.5;4.1;11.1;1.2;0.36;0.16;0.22;2.41;2.42;0.203;67.3;11.91;6.23;3.38;0.57;1.85;5.84;186.1;137.3;33.4;3.7;11.7;0.48;1.52;0.16;0.25
-3;100;50;50;0;19.34;3.77;11.05;1.75;1.83;0.148;37.7;12.3;5.96;3.83;0.61;2.06;5.49;90;63.2;11.6;4.1;11;1.11;0.34;0.16;0.23;1.92;1.92;0.18;62.3;10.65;5.45;3.05;0.54;1.71;5.57;148.6;113.5;20.5;3.4;11.1;0.89;0.66;0.16;0.22
-3;100;50;50;50;19.53;4.48;12.52;1.97;1.97;0.153;36.4;12.85;6.44;3.79;0.65;2.2;6.12;91.5;64.1;10.8;4.4;12.2;1.14;0.43;0.18;0.22;2.71;2.66;0.193;63.6;13.77;7.3;3.84;0.68;2.28;6.4;160.2;111.8;31;4.6;12.8;1.15;1.03;0.22;0.26
-3;100;50;50;100;19.56;4.97;14.14;2.13;2.15;0.162;37.8;13.26;6.72;3.86;0.7;2.23;6.92;97.9;65.2;14.4;4.5;13.8;1.17;0.57;0.18;0.23;3.29;3.41;0.201;62.2;16.96;8.94;4.71;0.82;2.74;7.22;161;109.7;31.4;5.5;14.4;1.43;1.41;0.25;0.33
-3;100;50;100;0;20.98;4.32;12.24;1.89;1.98;0.15;44.6;13.11;6.48;3.9;0.71;2.27;5.99;92.5;61.1;14.9;4.5;12;1.08;0.49;0.17;0.23;2.24;2.29;0.184;55.4;12.44;6.47;3.56;0.6;2.05;6.25;114.8;78.6;19.7;4.1;12.5;1.24;0.61;0.19;0.25
-3;100;50;100;50;21.46;5.04;14.62;2.06;2.13;0.156;44.2;13.61;6.78;4.08;0.67;2.32;7.08;101.6;61.6;21.2;4.6;14.2;1.09;0.63;0.18;0.24;3.2;3.33;0.193;55.8;17.2;8.91;4.92;0.83;2.72;7.53;128.3;77.9;29.9;5.4;15.1;1.75;0.99;0.23;0.35
-3;100;50;100;100;21.5;5.7;16.19;2.26;2.33;0.165;44.4;14.11;7.09;4.2;0.69;2.37;7.91;103.3;63.2;19.6;4.7;15.8;1.13;0.78;0.18;0.24;4.09;4.13;0.2;55.6;20.58;10.89;5.7;0.97;3.32;8.28;129.5;75.7;30.6;6.6;16.6;2;1.4;0.31;0.41
-3;100;100;0;0;17.72;3.84;11.17;2.23;2.18;0.15;34.1;14.41;7.17;4.29;0.77;2.44;5.44;93.6;64.9;12.9;4.9;10.9;1.38;0.34;0.19;0.27;1.64;1.69;0.191;65.9;8.82;4.58;2.56;0.44;1.4;5.73;181.2;146.9;20;2.8;11.5;0.47;0.9;0.13;0.18
-3;100;100;0;50;17.62;4.13;11.84;2.24;2.31;0.157;33.6;14.67;7.35;4.32;0.74;2.47;5.81;94.8;67;11.3;4.9;11.6;1.43;0.42;0.2;0.26;2.3;2.2;0.209;66.4;10.49;5.69;2.93;0.49;1.66;6.03;187.7;141.4;30.9;3.3;12.1;0.48;1.36;0.16;0.2
-3;100;100;0;100;17.56;4.39;12.73;2.36;2.45;0.161;34.4;15.15;7.56;4.49;0.78;2.53;6.18;96.3;69.2;9.7;5.1;12.4;1.5;0.48;0.19;0.27;2.79;2.79;0.23;65.6;12.12;6.61;3.3;0.55;1.86;6.55;183.7;135.4;31.5;3.7;13.1;0.45;1.93;0.17;0.23
-3;100;100;50;0;19.43;4.29;12.5;2.37;2.32;0.153;39.7;15.15;7.64;4.45;0.79;2.52;6.09;98.3;63.3;17.9;5;12.2;1.35;0.5;0.21;0.26;2.18;2.16;0.192;60.3;11.23;5.85;3.15;0.56;1.78;6.42;149.3;113.5;19.4;3.6;12.8;0.89;0.88;0.16;0.23
-3;100;100;50;50;19.56;4.84;14.09;2.52;2.5;0.16;38.5;15.59;7.83;4.57;0.79;2.59;6.99;99.7;64.4;16.2;5.2;14;1.37;0.64;0.21;0.27;2.95;2.97;0.205;61.5;14.45;7.65;4.04;0.7;2.25;7.09;159.4;111.2;29.5;4.5;14.2;1.17;1.31;0.21;0.28
-3;100;100;50;100;19.58;5.34;15.4;2.65;2.63;0.167;38.8;15.66;7.98;4.57;0.8;2.58;7.58;100.7;66.3;14.1;5.2;15.2;1.41;0.76;0.19;0.27;3.88;3.89;0.218;61.2;17.77;9.53;4.86;0.79;2.76;7.82;159.3;107.4;30.7;5.5;15.6;1.42;1.87;0.25;0.34
-3;100;100;100;0;21.33;4.8;13.87;2.53;2.48;0.153;47.1;16.14;8.19;4.7;0.84;2.74;6.76;103.2;60.9;23.3;5.5;13.5;1.3;0.69;0.21;0.28;2.36;2.49;0.193;52.9;12.86;6.67;3.69;0.64;2.07;7.11;115.8;78.8;18.6;4.1;14.2;1.2;0.84;0.19;0.26
-3;100;100;100;50;21.49;5.63;16.03;2.65;2.71;0.162;44.7;16.61;8.43;4.91;0.82;2.84;7.79;104;61.5;21.2;5.7;15.6;1.31;0.87;0.23;0.3;3.52;3.62;0.203;55.3;17.78;9.3;4.97;0.88;2.79;8.23;128.4;78;28.3;5.6;16.5;1.76;1.25;0.26;0.35
-3;100;100;100;100;21.57;5.96;17.42;2.88;2.93;0.174;44.6;16.8;8.53;4.93;0.82;2.71;8.43;104.5;62.6;19.6;5.4;16.9;1.32;1.11;0.21;0.29;4.39;4.51;0.214;55.4;21.04;11.18;5.72;1.03;3.26;8.98;130;76.6;29;6.5;18;2.04;1.77;0.3;0.4
-2;0;0;0;0;13.66;1.76;5.15;0.69;0.72;0.145;47;4.83;2.36;1.5;0.23;0.79;2.61;158.9;141.8;10.3;1.6;5.2;0.35;0.21;0.06;0.1;0.98;0.93;0.157;53;5.84;2.97;1.67;0.3;0.97;2.54;178.9;158;13.9;1.9;5.1;0.45;0.28;0.09;0.11
-2;0;0;0;50;13.2;1.92;5.68;0.77;0.79;0.154;47.3;4.99;2.49;1.48;0.24;0.82;2.82;159.7;143.4;9.1;1.6;5.6;0.37;0.25;0.07;0.1;1.2;1.1;0.16;52.7;6.83;3.49;1.98;0.33;1.1;2.86;178.1;156.2;14;2.2;5.7;0.47;0.4;0.09;0.14
-2;0;0;0;100;13.06;2.18;6.2;0.81;0.82;0.162;47;5.02;2.56;1.5;0.25;0.86;3.07;162.4;146.6;8;1.7;6.1;0.37;0.29;0.07;0.1;1.32;1.34;0.167;53;7.92;4.05;2.28;0.39;1.32;3.13;183;152.5;21.6;2.6;6.3;0.45;0.61;0.12;0.15
-2;0;0;50;0;15.46;2.23;6.69;0.77;0.82;0.146;52.8;5.55;2.71;1.7;0.29;0.92;3.28;160.8;138.9;13.5;1.8;6.6;0.36;0.28;0.07;0.11;1.36;1.35;0.164;47.2;8.2;4.17;2.35;0.43;1.31;3.41;143.8;120.9;13.4;2.6;6.8;0.79;0.28;0.12;0.17
-2;0;0;50;50;15.48;2.73;7.74;0.87;0.89;0.154;52.5;5.71;2.84;1.7;0.28;0.96;3.82;161.3;139;12.7;1.9;7.6;0.36;0.35;0.08;0.11;1.87;1.81;0.168;47.5;10.73;5.52;3.05;0.57;1.77;3.92;145.7;120.8;13.5;3.5;7.8;1.06;0.37;0.17;0.21
-2;0;0;50;100;15.39;3.23;9.32;0.98;0.98;0.167;51.4;5.82;2.99;1.66;0.28;0.99;4.66;162.9;140.3;11.3;2;9.3;0.35;0.45;0.07;0.11;2.45;2.41;0.173;48.6;13.88;7.14;4.02;0.67;2.24;4.66;154.1;119.8;20.6;4.5;9.3;1.37;0.57;0.2;0.26
-2;0;0;100;0;17.25;2.83;7.8;0.9;0.9;0.144;60.2;6.16;3.09;1.8;0.34;1.07;3.85;162;135.3;16.9;2.1;7.7;0.34;0.36;0.09;0.12;1.74;1.72;0.168;39.8;10.19;5.28;2.88;0.52;1.76;3.95;107.1;82.7;13;3.5;7.9;1.11;0.26;0.16;0.19
-2;0;0;100;50;17.43;3.57;9.91;1.04;1.03;0.155;59.5;6.6;3.38;1.87;0.33;1.16;4.89;162.9;134.9;15.8;2.3;9.8;0.35;0.46;0.09;0.13;2.61;2.49;0.171;40.5;14.57;7.57;4.15;0.7;2.4;5.02;110.9;82.9;13.2;4.8;10;1.62;0.37;0.22;0.29
-2;0;0;100;100;17.36;3.92;11.7;1.17;1.21;0.17;57.5;7.05;3.61;2.09;0.33;1.2;5.69;163.1;134.5;14.9;2.4;11.4;0.34;0.64;0.1;0.13;3.17;3.07;0.174;42.5;17.59;8.98;5.15;0.86;2.72;6.01;120.3;83.2;19.7;5.4;12;1.94;0.55;0.24;0.34
-2;0;50;0;0;13.18;1.98;5.59;0.87;0.85;0.15;46.8;5.58;2.83;1.6;0.29;0.99;2.73;158.2;140.3;10.4;2;5.5;0.37;0.3;0.08;0.1;1;1.02;0.165;53.2;6.11;3.07;1.78;0.3;0.99;2.85;179.9;159.6;12.5;2;5.7;0.46;0.35;0.09;0.12
-2;0;50;0;50;12.8;2.05;6.01;0.92;0.92;0.162;47.2;5.58;2.83;1.62;0.28;0.95;2.92;159.4;142.5;9.2;1.9;5.8;0.36;0.38;0.07;0.1;1.32;1.23;0.173;52.8;7.06;3.68;2.01;0.35;1.1;3.09;178.5;157.2;12.9;2.2;6.2;0.46;0.53;0.1;0.14
-2;0;50;0;100;12.35;2.32;6.34;0.98;1.01;0.175;46.8;5.71;2.91;1.66;0.27;0.96;3.09;160.8;144.6;8.1;1.9;6.2;0.39;0.45;0.07;0.1;1.53;1.5;0.189;53.2;7.94;4.16;2.24;0.39;1.35;3.26;183;154.7;19;2.7;6.5;0.46;0.77;0.12;0.15
-2;0;50;50;0;15.11;2.49;7.23;1.01;1;0.15;52.3;6.64;3.29;1.96;0.36;1.11;3.63;159.6;136.4;13.7;2.2;7.3;0.37;0.42;0.09;0.13;1.48;1.45;0.17;47.7;8.53;4.34;2.51;0.41;1.38;3.61;145.3;123.1;12.3;2.8;7.2;0.83;0.34;0.13;0.16
-2;0;50;50;50;15.1;2.93;8.41;1.07;1.11;0.164;52.2;6.74;3.39;1.98;0.33;1.12;4.14;160.3;137;12.8;2.2;8.3;0.36;0.54;0.09;0.12;2;1.96;0.175;47.8;11.12;5.65;3.21;0.56;1.81;4.26;147.1;122.6;12.3;3.6;8.5;1.1;0.5;0.16;0.2
-2;0;50;50;100;14.9;3.48;9.85;1.27;1.3;0.184;52;6.99;3.71;1.96;0.33;1.16;4.85;167.5;138.2;17.2;2.3;9.7;0.37;0.7;0.1;0.13;2.72;2.62;0.184;48;14.21;7.42;4.03;0.71;2.32;4.99;154.7;121.5;18.6;4.6;10;1.39;0.76;0.21;0.26
-2;0;50;100;0;17.16;2.97;8.59;1.16;1.18;0.154;59.9;7.58;3.83;2.26;0.4;1.29;4.27;161.5;133.1;17.3;2.6;8.5;0.35;0.57;0.11;0.15;1.79;1.8;0.172;40.1;10.43;5.27;3.07;0.48;1.68;4.32;108;83.9;12;3.4;8.6;1.11;0.33;0.15;0.2
-2;0;50;100;50;17.45;3.79;10.76;1.32;1.38;0.171;60.1;8.01;4.05;2.37;0.37;1.31;5.38;169.7;131.7;24.6;2.6;10.8;0.34;0.77;0.11;0.16;2.69;2.64;0.177;39.9;14.9;7.75;4.33;0.69;2.48;5.37;112.4;84.7;12;5;10.7;1.63;0.5;0.23;0.28
-2;0;50;100;100;17.37;4.26;12.33;1.56;1.6;0.189;58.3;8.44;4.36;2.44;0.42;1.35;6.07;169.6;131.4;23.3;2.7;12.1;0.35;0.99;0.11;0.16;3.24;3.25;0.183;41.7;17.75;9.2;5.17;0.83;2.91;6.26;121;84.9;17.8;5.8;12.5;1.94;0.72;0.26;0.34
-2;0;100;0;0;12.8;2.09;5.95;0.96;1;0.159;47.4;6.25;3.07;1.89;0.32;1.03;2.93;162.5;139.3;15.3;2.1;5.9;0.37;0.43;0.08;0.12;1.12;1.11;0.173;52.6;6.32;3.27;1.84;0.3;1.06;3.02;180.7;160.8;11.8;2.1;6;0.46;0.43;0.1;0.12
-2;0;100;0;50;12.49;2.18;6.25;1.12;1.16;0.178;47.8;6.5;3.29;1.92;0.32;1.07;3.13;163.7;140.9;14.4;2.1;6.3;0.38;0.58;0.08;0.12;1.36;1.31;0.187;52.2;6.95;3.63;1.96;0.33;1.11;3.11;179;159;11.6;2.2;6.2;0.45;0.63;0.1;0.13
-2;0;100;0;100;12.19;2.46;6.78;1.25;1.23;0.186;47.3;6.57;3.47;1.87;0.31;1.11;3.31;164.7;143.4;12.5;2.2;6.6;0.4;0.63;0.09;0.12;1.64;1.72;0.209;52.7;8.2;4.35;2.3;0.41;1.34;3.47;183.6;156.2;17.9;2.7;6.9;0.48;0.97;0.12;0.15
-2;0;100;50;0;14.85;2.62;7.7;1.28;1.25;0.165;53.1;7.53;3.85;2.2;0.36;1.21;3.79;165.7;134.8;20.9;2.4;7.6;0.36;0.65;0.1;0.14;1.54;1.55;0.175;46.9;8.78;4.47;2.53;0.44;1.41;3.91;146.3;124.4;11.2;2.8;7.8;0.82;0.42;0.13;0.17
-2;0;100;50;50;14.8;3.24;9.07;1.38;1.42;0.182;52.7;7.76;4.01;2.27;0.37;1.29;4.42;165.6;135;19.1;2.6;8.8;0.37;0.8;0.11;0.14;2.21;2.16;0.184;47.3;11.73;6.19;3.3;0.57;1.94;4.66;148.7;124.3;11.3;3.9;9.3;1.13;0.64;0.17;0.23
-2;0;100;50;100;14.76;3.65;10.33;1.56;1.57;0.198;51.8;7.93;4.17;2.26;0.37;1.26;5.16;167.1;136.4;17.8;2.5;10.3;0.38;0.95;0.1;0.14;2.81;2.84;0.195;48.2;14.54;7.64;4.05;0.76;2.39;5.16;155.4;123.1;17.2;4.8;10.3;1.42;0.94;0.21;0.27
-2;0;100;100;0;17.01;3.23;9.38;1.42;1.47;0.165;60.5;8.8;4.46;2.62;0.44;1.44;4.64;168.1;129.8;26.2;2.9;9.3;0.34;0.85;0.12;0.16;1.89;1.91;0.176;39.5;10.82;5.63;3.09;0.55;1.78;4.74;109.8;85.8;10.9;3.6;9.5;1.14;0.4;0.17;0.21
-2;0;100;100;50;17.31;4.08;11.48;1.7;1.72;0.184;59.5;9.3;4.9;2.59;0.46;1.58;5.62;167.7;128.3;25;3.2;11.2;0.35;1.08;0.13;0.16;2.94;2.81;0.183;40.5;15.35;8.09;4.36;0.75;2.5;5.86;114.2;86.7;10.8;5;11.7;1.69;0.6;0.23;0.29
-2;0;100;100;100;16.98;4.39;12.72;1.97;1.96;0.203;58.1;9.64;5.08;2.69;0.47;1.54;6.29;167.8;128.4;23.7;3.1;12.6;0.35;1.32;0.13;0.17;3.45;3.45;0.191;41.9;18.01;9.31;5.19;0.88;2.85;6.43;121;86.6;15.9;5.7;12.9;1.97;0.88;0.25;0.34
-2;50;0;0;0;15.53;2.34;6.68;1.04;1.07;0.151;40.4;7.03;3.51;2.12;0.35;1.18;3.33;122.4;103.4;10;2.4;6.7;0.64;0.21;0.08;0.14;1.1;1.04;0.155;59.6;6.65;3.43;1.92;0.33;1.16;3.35;180.8;154.5;17.2;2.3;6.7;0.44;0.37;0.11;0.13
-2;50;0;0;50;15.33;2.53;7.08;1.13;1.13;0.157;41;7.17;3.6;2.12;0.36;1.21;3.53;123.8;105.5;8.8;2.4;7.1;0.66;0.24;0.09;0.14;1.28;1.22;0.157;59;7.68;3.93;2.2;0.41;1.32;3.55;178.4;151.2;17.5;2.6;7.1;0.43;0.52;0.12;0.15
-2;50;0;0;100;15.15;2.73;7.88;1.19;1.21;0.162;40.5;7.43;3.77;2.13;0.36;1.27;3.96;125.9;107.8;7.7;2.5;7.9;0.69;0.29;0.1;0.14;1.64;1.57;0.172;59.5;9.09;4.66;2.69;0.44;1.46;3.92;185;147.6;26.6;2.9;7.8;0.45;0.82;0.13;0.18
-2;50;0;50;0;17.43;2.72;7.83;1.12;1.13;0.15;46.1;7.49;3.72;2.21;0.36;1.26;3.85;124.8;101.2;13.4;2.5;7.7;0.63;0.27;0.1;0.13;1.52;1.44;0.162;53.9;8.83;4.47;2.59;0.43;1.46;3.98;146.2;118.6;16.8;2.9;8;0.8;0.34;0.13;0.17
-2;50;0;50;50;17.28;3.26;9.35;1.16;1.21;0.156;46;7.68;3.83;2.22;0.4;1.33;4.58;125.8;102.1;11.9;2.7;9.2;0.63;0.33;0.11;0.14;2.06;1.96;0.165;54;11.83;6.04;3.48;0.57;1.93;4.77;147.9;117.5;17;3.9;9.5;1.07;0.5;0.17;0.23
-2;50;0;50;100;17.44;3.81;11.04;1.31;1.36;0.166;44.7;8.12;4.23;2.27;0.41;1.37;5.41;127.8;103.3;11;2.7;10.8;0.64;0.46;0.11;0.15;2.71;2.65;0.175;55.3;15.13;7.78;4.33;0.76;2.44;5.63;158;116.1;25.7;4.9;11.3;1.35;0.8;0.2;0.3
-2;50;0;100;0;19.14;3.1;8.98;1.22;1.24;0.149;53.8;8.21;4.15;2.4;0.38;1.43;4.43;127.4;99.1;16.6;2.9;8.9;0.63;0.34;0.12;0.15;1.9;1.77;0.165;46.2;10.66;5.48;3.1;0.51;1.67;4.55;109.6;80.7;16.5;3.3;9.1;1.08;0.33;0.15;0.2
-2;50;0;100;50;19.25;3.91;11.41;1.29;1.32;0.155;53;8.44;4.27;2.48;0.42;1.46;5.58;128.5;99;15.3;2.9;11.2;0.61;0.46;0.11;0.15;2.62;2.57;0.169;47;15.2;7.72;4.49;0.76;2.45;5.82;113.7;80.8;16.4;4.9;11.6;1.57;0.49;0.22;0.29
-2;50;0;100;100;19.3;4.53;12.83;1.5;1.5;0.168;51;8.93;4.56;2.63;0.43;1.44;6.33;129.5;99.6;14.4;2.9;12.7;0.61;0.61;0.11;0.17;3.22;3.25;0.176;49;18.41;9.53;5.24;0.91;3.09;6.5;124.2;80.4;24.7;6.2;13;1.86;0.76;0.29;0.35
-2;50;50;0;0;15.28;2.71;7.79;1.47;1.43;0.155;40.9;9.19;4.67;2.68;0.46;1.55;3.86;124.6;104.1;9.6;3.1;7.7;0.88;0.27;0.12;0.17;1.1;1.13;0.163;59.1;6.88;3.48;2.01;0.35;1.16;3.92;179.7;153.4;16.1;2.3;7.8;0.43;0.47;0.1;0.13
-2;50;50;0;50;15.43;2.94;8.46;1.52;1.56;0.162;41.4;9.61;4.82;2.8;0.53;1.6;4.18;126.3;105.5;9.2;3.2;8.4;0.88;0.38;0.13;0.18;1.44;1.42;0.172;58.6;8.2;4.18;2.42;0.36;1.34;4.28;178.9;151.1;16.6;2.7;8.6;0.44;0.71;0.12;0.15
-2;50;50;0;100;15.02;3.19;9.11;1.64;1.66;0.169;41;9.76;4.99;2.8;0.47;1.65;4.47;128.2;108.3;7.6;3.3;8.9;0.92;0.43;0.13;0.18;1.85;1.82;0.19;59;9.58;5.04;2.73;0.47;1.55;4.64;184.5;146.7;25.4;3.1;9.3;0.44;1.07;0.13;0.19
-2;50;50;50;0;17.43;3.26;9.3;1.5;1.56;0.154;46.3;10.08;5.01;2.99;0.53;1.69;4.58;126.8;100.9;13.4;3.4;9.2;0.85;0.39;0.14;0.18;1.57;1.56;0.169;53.7;9.24;4.75;2.73;0.43;1.57;4.72;147.2;118.9;15.7;3.1;9.4;0.8;0.44;0.15;0.18
-2;50;50;50;50;17.21;3.62;10.79;1.62;1.69;0.163;46.3;10.31;5.16;3.03;0.55;1.67;5.35;127.9;101.8;12;3.3;10.7;0.84;0.51;0.13;0.2;2.2;2.17;0.175;53.7;12.36;6.33;3.59;0.63;1.95;5.44;148.6;117.8;16;3.9;10.9;1.08;0.68;0.19;0.23
-2;50;50;50;100;17.26;4.31;12.25;1.8;1.88;0.175;46.2;10.65;5.5;3.09;0.46;1.82;6.03;135.4;103.2;16.5;3.6;12.1;0.87;0.68;0.15;0.19;2.92;2.87;0.185;53.8;15.45;8.1;4.34;0.76;2.49;6.22;157.7;116.1;24.2;5;12.4;1.34;1.01;0.22;0.3
-2;50;50;100;0;19.23;3.77;10.63;1.7;1.76;0.157;53.6;11.2;5.53;3.35;0.6;1.93;5.21;128.9;97.8;16.8;3.9;10.4;0.83;0.56;0.16;0.21;2.02;1.93;0.171;46.4;11.28;5.8;3.25;0.56;1.84;5.42;111.5;81.7;15.2;3.7;10.8;1.11;0.43;0.17;0.22
-2;50;50;100;50;19.54;4.47;12.95;1.84;1.97;0.168;54.5;11.71;5.92;3.45;0.58;1.93;6.37;138.2;97.7;23.9;3.9;12.7;0.83;0.75;0.16;0.23;2.81;2.75;0.176;45.5;15.62;7.96;4.54;0.77;2.55;6.58;115.5;81.8;15.4;5.1;13.2;1.57;0.65;0.22;0.31
-2;50;50;100;100;19.39;4.95;14.13;2.08;2.1;0.179;52.8;11.68;6.03;3.35;0.56;1.93;6.96;139.1;99.3;22;3.9;13.9;0.82;0.92;0.15;0.21;3.56;3.46;0.184;47.2;18.75;9.71;5.32;0.92;3.02;7.17;124.3;80.6;23.4;6;14.3;1.85;0.98;0.28;0.35
-2;50;100;0;0;15.28;3.18;9.2;1.82;1.92;0.16;42;11.94;5.95;3.55;0.6;2.03;4.47;131.3;103.5;14.9;4.1;8.9;1.11;0.42;0.16;0.24;1.36;1.32;0.177;58;7.38;3.79;2.15;0.37;1.15;4.73;181.3;154.5;15.1;2.3;9.5;0.45;0.61;0.11;0.15
-2;50;100;0;50;15.05;3.4;9.75;2.06;2.09;0.169;41.6;12.29;6.3;3.55;0.64;2.05;4.75;132.7;105.8;13.3;4.1;9.5;1.16;0.53;0.17;0.23;1.58;1.64;0.194;58.4;8.38;4.4;2.34;0.42;1.35;4.99;186.3;150.8;22.8;2.7;10;0.44;0.93;0.12;0.15
-2;50;100;0;100;14.85;3.56;10.29;2.1;2.14;0.173;42.4;12.3;6.31;3.55;0.63;2.03;5.12;134.6;108.8;11.4;4.1;10.2;1.17;0.57;0.18;0.23;2.18;2.18;0.22;57.6;9.87;5.32;2.72;0.5;1.52;5.17;183.1;145.8;23.8;3;10.3;0.44;1.43;0.14;0.17
-2;50;100;50;0;17.29;3.69;10.82;2.05;2.1;0.163;47.7;12.89;6.39;3.81;0.7;2.12;5.35;135.3;100.4;20;4.2;10.7;1.08;0.63;0.16;0.24;1.74;1.71;0.178;52.3;9.58;5.01;2.71;0.49;1.57;5.48;148.2;119.5;14.6;3.1;11;0.79;0.6;0.13;0.19
-2;50;100;50;50;17.08;4.2;12.24;2.28;2.3;0.172;46.5;13.34;6.8;3.92;0.7;2.21;6.03;136.2;101.6;18.2;4.4;12.1;1.1;0.77;0.17;0.26;2.42;2.39;0.189;53.5;12.59;6.49;3.61;0.63;1.99;6.21;156.7;118.1;22.2;4;12.4;1.06;0.9;0.19;0.25
-2;50;100;50;100;17.19;4.58;13.4;2.42;2.42;0.181;46.4;13.29;6.83;3.77;0.65;2.16;6.58;136.6;102.6;16.5;4.3;13.2;1.1;0.91;0.17;0.24;3.19;3.16;0.203;53.6;15.59;8.22;4.39;0.75;2.42;6.82;158;116.9;22.6;4.8;13.6;1.35;1.32;0.21;0.28
-2;50;100;100;0;19.18;4.29;12.16;2.27;2.29;0.164;55;13.97;7.08;4.07;0.74;2.36;5.89;138.4;96.7;25.2;4.7;11.8;1.04;0.81;0.18;0.26;2.16;2.09;0.179;45;11.66;6.14;3.26;0.57;1.92;6.28;113.1;82.7;14;3.8;12.6;1.11;0.58;0.18;0.22
-2;50;100;100;50;19.31;4.93;14.3;2.4;2.56;0.175;53;14.54;7.32;4.27;0.78;2.4;7.09;139.4;96.3;24.1;4.8;14.2;1.03;1.06;0.18;0.28;3.01;2.95;0.186;47;15.79;8.22;4.44;0.77;2.52;7.22;123.5;82.9;21.1;5;14.4;1.58;0.85;0.23;0.29
-2;50;100;100;100;19.3;5.42;15.6;2.71;2.76;0.187;52.8;14.69;7.58;4.23;0.69;2.37;7.67;140.1;97.7;22.3;4.7;15.3;1.04;1.25;0.19;0.28;3.81;3.8;0.198;47.2;19.15;10.05;5.43;0.92;3.05;7.93;125.4;81.8;21.6;6.1;15.9;1.88;1.28;0.27;0.36
-2;100;0;0;0;17.61;2.59;7.61;1.31;1.31;0.153;31.4;8.48;4.21;2.56;0.42;1.39;3.73;83.3;63.1;9.9;2.8;7.5;0.85;0.2;0.11;0.15;1.14;1.12;0.153;68.6;7.22;3.6;2.12;0.36;1.2;3.88;182.5;151.6;20.7;2.4;7.8;0.43;0.43;0.12;0.13
-2;100;0;0;50;17.26;2.91;8.45;1.41;1.41;0.158;32;8.86;4.45;2.66;0.45;1.49;4.14;84.5;64.8;8.5;3;8.3;0.88;0.24;0.12;0.17;1.54;1.43;0.161;68;8.79;4.53;2.51;0.44;1.42;4.31;179.7;147.2;21.1;2.8;8.6;0.43;0.69;0.13;0.17
-2;100;0;0;100;17.36;3.26;9.24;1.39;1.45;0.162;31.5;8.94;4.53;2.62;0.47;1.53;4.51;86.1;66.6;7.4;3.1;9;0.9;0.27;0.12;0.16;1.8;1.79;0.172;68.5;10.37;5.34;2.88;0.58;1.73;4.74;187.6;142.3;32.4;3.5;9.5;0.42;1.03;0.15;0.19
-2;100;0;50;0;19.26;3.08;8.83;1.29;1.36;0.152;36.7;8.91;4.42;2.67;0.47;1.48;4.3;86.2;61.7;13;3;8.6;0.81;0.27;0.12;0.17;1.54;1.51;0.16;63.3;9.4;4.71;2.76;0.46;1.6;4.54;149.1;116.6;20.3;3.2;9.1;0.78;0.41;0.14;0.18
-2;100;0;50;50;19.53;3.65;10.67;1.49;1.49;0.157;37.1;9.39;4.69;2.77;0.47;1.53;5.17;88.2;62.9;11.8;3.1;10.3;0.85;0.33;0.12;0.18;2.17;2.14;0.167;62.9;12.81;6.54;3.7;0.62;2.12;5.5;149.9;114.1;20.6;4.2;11;1.03;0.69;0.18;0.24
-2;100;0;50;100;19.26;4.22;12.22;1.68;1.65;0.165;35.9;9.92;5.1;2.83;0.52;1.61;6.05;89.9;64;10.6;3.2;12.1;0.89;0.44;0.13;0.19;2.92;2.82;0.175;64.1;16.09;8.28;4.61;0.84;2.6;6.17;160.6;111.9;31.1;5.2;12.3;1.28;0.99;0.24;0.31
-2;100;0;100;0;21.16;3.57;10.17;1.47;1.47;0.151;44.3;9.63;4.88;2.88;0.46;1.66;4.93;90;60.6;16.2;3.3;9.9;0.81;0.34;0.13;0.18;1.9;1.88;0.164;55.7;11.47;5.84;3.35;0.55;1.91;5.24;113.4;79.2;19.9;3.8;10.5;1.06;0.42;0.18;0.23
-2;100;0;100;50;21.28;4.33;12.45;1.57;1.59;0.157;44.2;10.12;5.04;2.97;0.52;1.74;6.18;91.9;61;15;3.5;12.4;0.82;0.45;0.14;0.19;2.81;2.72;0.17;55.8;15.95;8.2;4.62;0.8;2.59;6.26;116.3;78.6;20;5.2;12.5;1.52;0.65;0.23;0.31
-2;100;0;100;100;21.59;5.02;14.11;1.69;1.76;0.167;42.1;10.5;5.31;3.1;0.52;1.75;6.93;93.6;62.5;13.8;3.5;13.9;0.83;0.58;0.15;0.19;3.5;3.46;0.176;57.9;19.66;10.27;5.54;0.96;3.27;7.18;128.8;76.7;31.1;6.5;14.4;1.78;1.01;0.3;0.38
-2;100;50;0;0;17.67;3.39;9.76;1.88;1.93;0.157;32.5;12.25;6.14;3.58;0.66;2.09;4.8;87.4;64;9.6;4.2;9.6;1.26;0.27;0.16;0.23;1.34;1.29;0.162;67.5;7.88;4.04;2.3;0.39;1.3;4.96;181.7;149.4;19.8;2.6;9.9;0.43;0.58;0.12;0.15
-2;100;50;0;50;17.78;3.75;10.64;1.97;2.05;0.162;32;12.64;6.33;3.77;0.63;2.16;5.22;89.1;65.8;8.6;4.3;10.4;1.3;0.35;0.16;0.24;1.7;1.68;0.178;68;9.43;4.92;2.72;0.45;1.59;5.42;189.3;144.7;30.6;3.2;10.8;0.42;0.96;0.13;0.18
-2;100;50;0;100;17.56;4.03;11.45;2.09;2.19;0.167;32.8;13.08;6.55;3.92;0.65;2.21;5.65;90.8;67.5;7.6;4.4;11.3;1.35;0.42;0.17;0.24;2.15;2.14;0.191;67.2;11.17;5.83;3.15;0.58;1.82;5.8;186.1;140;30.8;3.6;11.6;0.43;1.33;0.16;0.21
-2;100;50;50;0;19.37;3.81;10.98;2.04;2.05;0.156;37.8;13.1;6.61;3.82;0.62;2.17;5.45;90.4;62.4;12.8;4.3;10.9;1.24;0.38;0.18;0.25;1.82;1.69;0.166;62.2;10.13;5.18;2.94;0.49;1.64;5.54;148.9;115.2;19.3;3.3;11.1;0.78;0.57;0.14;0.2
-2;100;50;50;50;19.66;4.44;12.74;2.17;2.21;0.162;36.7;13.56;6.86;3.93;0.73;2.26;6.3;92.4;63.4;11.9;4.5;12.6;1.27;0.51;0.18;0.25;2.41;2.37;0.178;63.3;13.28;6.85;3.79;0.69;2.18;6.44;159.8;113.1;29.4;4.4;12.9;1.01;0.93;0.19;0.25
-2;100;50;50;100;19.54;5.03;14.12;2.34;2.38;0.172;38.1;13.81;7.07;4.01;0.66;2.29;6.98;99;64.5;16;4.6;14;1.28;0.67;0.18;0.26;3.25;3.09;0.187;61.9;16.5;8.75;4.57;0.79;2.74;7.14;160.6;111;29.8;5.5;14.3;1.26;1.27;0.25;0.31
-2;100;50;100;0;21.29;4.26;12.19;2.08;2.18;0.157;45;13.83;6.83;4.08;0.73;2.3;5.96;93.6;60.6;16.5;4.6;11.9;1.19;0.55;0.18;0.27;2.11;2.02;0.169;55;11.94;6.19;3.33;0.6;1.96;6.24;114.4;79.2;18.8;3.9;12.5;1.04;0.55;0.18;0.24
-2;100;50;100;50;21.13;5.08;14.46;2.32;2.35;0.166;44.7;14.16;7.17;4.19;0.66;2.38;7.1;102.2;61.1;22.1;4.8;14.2;1.22;0.69;0.18;0.26;3.16;2.97;0.178;55.3;16.61;8.63;4.82;0.82;2.7;7.36;126.7;78.5;28.1;5.4;14.7;1.54;0.88;0.24;0.31
-2;100;50;100;100;21.55;5.57;16.32;2.54;2.57;0.175;44.6;14.69;7.48;4.23;0.74;2.37;7.99;103.8;62.2;20.9;4.7;16;1.24;0.88;0.19;0.27;3.75;3.72;0.185;55.4;20.06;10.41;5.83;0.93;3.2;8.33;129.2;77;29.1;6.4;16.7;1.78;1.26;0.3;0.38
-2;100;100;0;0;17.7;3.88;11.15;2.44;2.39;0.16;34.4;14.93;7.61;4.35;0.76;2.47;5.48;94.7;64.5;14.3;4.9;11;1.52;0.4;0.19;0.27;1.51;1.52;0.178;65.6;8.5;4.38;2.4;0.44;1.41;5.67;181.1;147.9;19;2.8;11.3;0.41;0.82;0.13;0.16
-2;100;100;0;50;17.64;4.21;11.88;2.53;2.55;0.167;33.6;15.23;7.79;4.4;0.74;2.56;5.74;95.3;66.2;12.5;5.1;11.5;1.57;0.51;0.2;0.28;2.03;1.99;0.197;66.4;10.12;5.37;2.78;0.52;1.65;6.14;188.4;143.5;29.4;3.3;12.3;0.42;1.23;0.15;0.19
-2;100;100;0;100;17.62;4.39;12.8;2.62;2.67;0.17;34.6;15.69;7.98;4.58;0.77;2.65;6.26;97.4;68.5;11;5.3;12.5;1.63;0.56;0.2;0.28;2.64;2.63;0.224;65.4;11.7;6.24;3.28;0.57;1.74;6.54;184;137.3;30.2;3.5;13.1;0.4;1.86;0.15;0.22
-2;100;100;50;0;19.47;4.33;12.69;2.54;2.58;0.162;39.9;15.85;7.96;4.69;0.8;2.61;6.25;99.3;62.4;19.2;5.2;12.5;1.48;0.6;0.2;0.3;2.02;1.93;0.178;60.1;10.78;5.61;3.09;0.53;1.72;6.44;149.8;115.1;18.4;3.4;12.9;0.79;0.78;0.16;0.2
-2;100;100;50;50;19.62;4.83;14.15;2.7;2.75;0.169;38.5;16.21;8.13;4.79;0.85;2.63;6.9;100.2;63.5;17.6;5.3;13.8;1.52;0.73;0.21;0.3;2.69;2.66;0.191;61.5;13.85;7.23;3.93;0.69;2.19;7.25;159.9;112.9;28.1;4.4;14.5;1.01;1.18;0.21;0.26
-2;100;100;50;100;19.41;5.44;15.57;2.93;2.92;0.176;38.9;16.53;8.52;4.73;0.76;2.72;7.7;101.7;65;15.9;5.4;15.4;1.56;0.85;0.21;0.3;3.57;3.58;0.208;61.1;17.17;9.16;4.81;0.77;2.72;7.88;159.7;110;28.5;5.4;15.8;1.26;1.75;0.24;0.33
-2;100;100;100;0;21.27;5;14.04;2.64;2.77;0.163;47.4;16.92;8.56;4.96;0.89;2.9;6.92;104.5;60.3;24.6;5.8;13.8;1.43;0.79;0.23;0.32;2.23;2.22;0.178;52.6;12.43;6.45;3.54;0.62;2.09;7.12;115.7;79.6;17.7;4.2;14.2;1.05;0.76;0.19;0.23
-2;100;100;100;50;21.16;5.58;16.2;2.85;2.98;0.172;45.1;17.3;8.76;5.04;0.91;2.86;8;104.8;60.5;22.6;5.7;16;1.45;0.98;0.22;0.32;3.22;3.18;0.188;54.9;16.91;8.82;4.83;0.83;2.72;8.2;127.5;79.3;26.3;5.4;16.4;1.54;1.09;0.24;0.31
-2;100;100;100;100;21.49;6.2;17.53;3.15;3.22;0.181;45.1;17.68;9.13;5.13;0.85;2.9;8.7;106.1;61.9;21.1;5.8;17.4;1.47;1.18;0.23;0.34;4.21;4.12;0.202;54.9;20.31;10.83;5.67;0.95;3.3;8.83;129;77.5;27.3;6.6;17.7;1.78;1.68;0.3;0.36
-1;0;0;0;0;13.78;1.79;5.21;0.77;0.78;0.147;47;5.18;2.6;1.52;0.28;0.9;2.61;159;140.8;11.3;1.8;5.2;0.38;0.23;0.07;0.1;0.86;0.88;0.156;53;5.56;2.74;1.68;0.29;0.89;2.6;179.2;159.1;13;1.8;5.2;0.44;0.26;0.08;0.11
-1;0;0;0;50;13.15;1.95;5.71;0.88;0.83;0.155;47.2;5.31;2.7;1.61;0.26;0.88;2.82;159.6;142.2;10.1;1.8;5.6;0.38;0.28;0.07;0.1;1.02;1.03;0.159;52.8;6.42;3.26;1.92;0.33;1.07;2.89;178.3;157.5;12.8;2.1;5.8;0.45;0.37;0.09;0.13
-1;0;0;0;100;13.01;2.1;6.13;0.91;0.87;0.162;47.1;5.28;2.71;1.54;0.27;0.85;3.13;162.4;145.5;8.9;1.7;6.3;0.37;0.32;0.07;0.1;1.32;1.28;0.168;52.9;7.61;3.91;2.21;0.4;1.25;3;182.4;153.7;20.2;2.5;6;0.44;0.58;0.11;0.15
-1;0;0;50;0;15.62;2.25;6.62;0.85;0.85;0.147;52.8;5.73;2.87;1.76;0.29;0.94;3.3;160.9;137.9;14.5;1.9;6.6;0.36;0.29;0.08;0.12;1.33;1.31;0.164;47.2;7.96;4.02;2.31;0.44;1.31;3.33;143.7;121.8;12.7;2.6;6.7;0.79;0.25;0.11;0.15
-1;0;0;50;50;15.3;2.73;7.92;0.97;0.94;0.154;52.4;6.03;3.01;1.77;0.32;0.99;3.81;160.9;137.9;13.5;2;7.6;0.37;0.38;0.08;0.11;1.83;1.77;0.168;47.6;10.54;5.36;3.07;0.52;1.74;4.1;146.1;121.8;12.5;3.5;8.2;1.06;0.36;0.15;0.21
-1;0;0;50;100;15.2;3.17;9.37;1.03;1.05;0.169;51.2;6.16;3.09;1.81;0.32;0.96;4.61;161.9;138.4;12.4;1.9;9.2;0.35;0.5;0.09;0.11;2.34;2.35;0.173;48.8;13.53;6.88;3.98;0.66;2.21;4.76;154.2;121.4;18.9;4.4;9.5;1.36;0.53;0.19;0.26
-1;0;0;100;0;17.42;2.63;7.82;0.94;0.93;0.145;60.6;6.33;3.14;1.92;0.31;1.03;3.83;163.2;135.6;17.9;2.1;7.7;0.36;0.36;0.09;0.12;1.63;1.64;0.167;39.4;9.81;4.96;2.88;0.51;1.6;3.99;106;82.5;12.3;3.2;8;1.05;0.26;0.14;0.19
-1;0;0;100;50;17.41;3.36;9.92;1.1;1.06;0.154;59.4;6.83;3.4;2.04;0.33;1.1;4.93;161.8;132.9;16.8;2.2;9.9;0.34;0.5;0.09;0.13;2.4;2.38;0.171;40.6;13.92;7.13;4.06;0.7;2.26;4.99;110.6;84;12;4.5;10;1.59;0.33;0.2;0.27
-1;0;0;100;100;17.35;3.98;11.44;1.31;1.28;0.171;57.7;7.42;3.83;2.19;0.36;1.24;5.67;162.7;133;15.9;2.5;11.3;0.34;0.69;0.1;0.14;3.1;2.97;0.174;42.3;17.01;8.79;4.87;0.83;2.74;5.76;119;84;18;5.5;11.5;1.89;0.51;0.24;0.32
-1;0;50;0;0;13.04;1.84;5.49;0.89;0.9;0.151;46.8;5.85;2.9;1.72;0.28;0.94;2.74;157.9;139.5;11.1;1.9;5.5;0.38;0.31;0.08;0.12;0.97;0.95;0.164;53.2;5.69;2.89;1.66;0.29;0.91;2.75;179.6;160.6;11.7;1.8;5.5;0.44;0.32;0.08;0.11
-1;0;50;0;50;12.74;2.07;5.98;0.97;0.97;0.164;47.3;5.88;2.97;1.72;0.28;0.98;2.98;159.5;141.8;9.8;2;6;0.39;0.39;0.08;0.11;1.22;1.17;0.172;52.7;6.77;3.49;1.92;0.34;1.09;3.01;178.1;157.9;12;2.2;6;0.46;0.5;0.09;0.13
-1;0;50;0;100;12.55;2.32;6.32;1.03;1.06;0.176;46.8;5.96;3.08;1.7;0.31;1.01;3.17;161.1;143.8;8.9;2;6.3;0.38;0.49;0.08;0.11;1.48;1.45;0.188;53.2;7.69;4.01;2.17;0.37;1.32;3.15;183;155.6;18.4;2.6;6.3;0.46;0.74;0.11;0.14
-1;0;50;50;0;15.3;2.54;7.25;1.01;1.02;0.15;52.4;6.75;3.37;2.05;0.32;1.15;3.56;159.8;135.7;14.6;2.3;7.1;0.36;0.44;0.09;0.13;1.43;1.4;0.17;47.6;8.24;4.26;2.4;0.41;1.39;3.7;145.3;123.7;11.4;2.8;7.4;0.8;0.32;0.12;0.17
-1;0;50;50;50;15.18;2.93;8.49;1.14;1.17;0.165;52.1;7.08;3.52;2.09;0.34;1.16;4.26;160.3;135.7;13.7;2.3;8.5;0.36;0.59;0.09;0.14;1.9;1.89;0.175;47.9;10.75;5.51;3.14;0.51;1.77;4.22;147.2;123.7;11.6;3.5;8.4;1.07;0.47;0.15;0.21
-1;0;50;50;100;14.94;3.46;9.86;1.31;1.35;0.185;51.8;7.2;3.72;2.05;0.39;1.17;4.83;167;136.2;18.8;2.3;9.7;0.36;0.76;0.1;0.13;2.6;2.54;0.183;48.2;13.85;7.26;3.91;0.67;2.29;5.03;155.1;123.3;17.2;4.6;10.1;1.4;0.69;0.19;0.27
-1;0;50;100;0;17.21;2.92;8.34;1.16;1.2;0.154;60.2;7.73;3.89;2.29;0.38;1.31;4.22;161.8;132.5;18.3;2.6;8.4;0.36;0.59;0.11;0.14;1.75;1.68;0.171;39.8;9.8;5.03;2.83;0.46;1.6;4.12;106.8;84.3;11;3.2;8.2;1.07;0.29;0.13;0.19
-1;0;50;100;50;17.27;3.72;10.69;1.42;1.45;0.171;60.2;8.43;4.24;2.51;0.39;1.36;5.34;169.6;130.3;25.9;2.7;10.7;0.36;0.82;0.11;0.16;2.49;2.5;0.176;39.8;14.2;7.3;4.07;0.67;2.36;5.35;111.9;85.5;11;4.7;10.7;1.59;0.44;0.2;0.27
-1;0;50;100;100;17.12;4.2;12.12;1.63;1.65;0.19;58.5;8.69;4.53;2.46;0.43;1.39;6;169;130.1;24.1;2.8;12;0.35;1.02;0.12;0.16;3.17;3.14;0.182;41.5;17.23;8.85;4.93;0.88;2.8;6.12;119.8;85.7;16.2;5.6;12.2;1.93;0.66;0.24;0.32
-1;0;100;0;0;12.67;2.07;5.9;1.08;1.09;0.159;47.5;6.74;3.39;2;0.33;1.13;2.93;163.1;138.1;16.9;2.3;5.9;0.39;0.48;0.1;0.13;1.04;1.01;0.172;52.5;5.81;2.98;1.65;0.29;0.94;2.97;180.6;162.2;10.6;1.9;5.9;0.43;0.39;0.08;0.11
-1;0;100;0;50;12.21;2.28;6.37;1.19;1.22;0.178;47.7;6.82;3.43;2;0.34;1.13;3.14;163.5;139.8;15.2;2.3;6.3;0.4;0.61;0.09;0.13;1.27;1.26;0.186;52.3;6.74;3.49;1.92;0.35;1.15;3.23;179.5;160.2;10.5;2.3;6.5;0.45;0.59;0.09;0.12
-1;0;100;0;100;12.01;2.32;6.71;1.29;1.31;0.192;47.4;6.77;3.52;1.91;0.33;1.08;3.4;164.7;142.6;13.1;2.2;6.8;0.4;0.69;0.1;0.12;1.56;1.6;0.203;52.6;7.87;4.14;2.21;0.37;1.25;3.31;182.8;157;16.7;2.5;6.6;0.47;0.89;0.11;0.14
-1;0;100;50;0;14.89;2.72;7.65;1.35;1.31;0.165;53;7.89;4.08;2.23;0.38;1.31;3.81;165.6;133.2;22.2;2.6;7.6;0.37;0.69;0.11;0.15;1.47;1.47;0.175;47;8.36;4.39;2.31;0.42;1.41;3.84;146.7;125.9;10.3;2.8;7.7;0.81;0.38;0.12;0.16
-1;0;100;50;50;14.84;3.12;9.11;1.47;1.52;0.182;52.9;8.3;4.32;2.33;0.39;1.37;4.54;166.3;134;20.5;2.7;9.1;0.38;0.86;0.11;0.16;2.11;2.06;0.183;47.1;11.25;5.83;3.18;0.57;1.75;4.58;148.2;125.2;10.4;3.5;9.2;1.1;0.6;0.14;0.22
-1;0;100;50;100;14.66;3.58;10.26;1.74;1.74;0.205;51.7;8.44;4.49;2.34;0.41;1.36;5.17;166.3;134;19.2;2.7;10.3;0.37;1.1;0.12;0.15;2.72;2.66;0.191;48.3;13.88;7.26;3.95;0.69;2.22;5.08;155.4;125.2;15.6;4.4;10.2;1.39;0.82;0.19;0.25
-1;0;100;100;0;17.07;3.17;9.32;1.47;1.51;0.166;60.6;9.06;4.53;2.71;0.49;1.49;4.55;168.4;128.8;27.5;3;9.1;0.35;0.87;0.12;0.17;1.84;1.83;0.175;39.4;10.4;5.29;3;0.52;1.68;4.76;109.4;86.4;10.1;3.4;9.5;1.12;0.37;0.14;0.2
-1;0;100;100;50;17.15;3.92;11.25;1.89;1.81;0.185;59.6;9.74;5.16;2.71;0.47;1.56;5.53;167.7;126.7;26.7;3.1;11.1;0.35;1.15;0.13;0.18;2.68;2.65;0.182;40.4;14.55;7.59;4.07;0.69;2.35;5.72;113.6;87.6;9.9;4.7;11.4;1.63;0.55;0.2;0.27
-1;0;100;100;100;16.98;4.48;12.72;2.07;2.12;0.21;58;10.04;5.43;2.72;0.47;1.68;6.31;167.2;126.6;24.6;3.4;12.6;0.36;1.45;0.14;0.17;3.35;3.31;0.187;42;17.62;9.25;4.85;0.88;2.8;6.41;120.8;87.7;14.7;5.6;12.8;1.99;0.77;0.24;0.32
-1;50;0;0;0;15.52;2.16;6.38;1.12;1.08;0.152;40.3;7.06;3.52;2.1;0.36;1.19;3.11;122;102.6;10.8;2.4;6.2;0.65;0.21;0.09;0.13;1.02;0.96;0.154;59.7;6.15;3.02;1.79;0.34;0.97;3.27;180.7;155.8;16.5;1.9;6.5;0.43;0.33;0.08;0.12
-1;50;0;0;50;15.18;2.51;7.2;1.17;1.18;0.157;41;7.43;3.75;2.2;0.37;1.26;3.68;124.2;104.8;9.6;2.5;7.4;0.67;0.26;0.1;0.15;1.21;1.16;0.157;59;7.38;3.79;2.15;0.36;1.26;3.52;178.6;152.4;16.6;2.5;7;0.43;0.49;0.1;0.14
-1;50;0;0;100;15.12;2.71;7.8;1.27;1.28;0.162;40.4;7.8;3.94;2.28;0.38;1.29;3.87;125.7;106.5;8.9;2.6;7.7;0.69;0.33;0.11;0.14;1.51;1.5;0.172;59.6;8.67;4.4;2.54;0.41;1.42;3.93;185.3;149.7;25;2.8;7.9;0.44;0.78;0.12;0.16
-1;50;0;50;0;17.53;2.73;7.85;1.22;1.21;0.151;46;7.96;3.94;2.41;0.38;1.32;3.85;124.9;100.3;14.2;2.6;7.7;0.65;0.29;0.11;0.16;1.41;1.38;0.162;54;8.51;4.34;2.46;0.41;1.41;4;146.4;119.6;16;2.8;8;0.77;0.33;0.12;0.16
-1;50;0;50;50;17.2;3.23;9.27;1.34;1.29;0.157;46;8.13;4.12;2.34;0.46;1.35;4.61;125.8;101;12.9;2.7;9.2;0.64;0.37;0.12;0.15;1.89;1.88;0.165;54;11.37;5.75;3.31;0.56;1.89;4.66;148;118.8;16.1;3.8;9.3;1.04;0.47;0.16;0.21
-1;50;0;50;100;17.56;3.78;10.85;1.37;1.4;0.167;45;8.36;4.26;2.45;0.44;1.43;5.35;128.3;102.6;12.2;2.9;10.7;0.64;0.49;0.11;0.15;2.57;2.54;0.175;55;14.51;7.49;4.13;0.72;2.35;5.51;156.9;116.9;24.3;4.7;11;1.3;0.76;0.19;0.28
-1;50;0;100;0;19.36;3.1;9.01;1.33;1.3;0.15;53.9;8.64;4.29;2.6;0.43;1.43;4.47;127.8;98.5;17.5;2.9;8.9;0.65;0.36;0.12;0.16;1.7;1.67;0.165;46.1;10.09;5.11;2.95;0.5;1.68;4.54;109.2;81.2;15.5;3.4;9.1;1.03;0.31;0.14;0.19
-1;50;0;100;50;19.38;3.92;11.19;1.4;1.41;0.156;53.1;8.94;4.55;2.56;0.44;1.52;5.51;128.6;97.9;16.6;3;11;0.62;0.49;0.12;0.17;2.5;2.47;0.169;46.9;14.62;7.51;4.2;0.74;2.4;5.68;113.4;81.7;15.6;4.8;11.4;1.53;0.46;0.2;0.28
-1;50;0;100;100;19.18;4.48;12.96;1.55;1.63;0.169;51.5;9.62;4.94;2.83;0.46;1.6;6.46;130.4;99;15.3;3.2;12.9;0.65;0.65;0.13;0.19;3.23;3.12;0.176;48.5;17.76;9.22;5.11;0.86;2.87;6.51;122.9;80.8;23.3;5.7;13;1.81;0.72;0.25;0.35
-1;50;50;0;0;15.21;2.75;7.86;1.46;1.53;0.156;41;9.73;4.92;2.93;0.46;1.68;3.9;125;103.2;10.7;3.4;7.8;0.9;0.29;0.14;0.19;1.05;1.07;0.164;59;6.51;3.27;1.9;0.34;1.07;3.96;180.1;154.9;15.1;2.1;7.9;0.42;0.42;0.09;0.13
-1;50;50;0;50;15.22;3;8.49;1.66;1.64;0.163;41.3;10.06;5.04;2.99;0.54;1.7;4.2;126.2;104.6;9.8;3.4;8.4;0.91;0.41;0.14;0.19;1.38;1.36;0.172;58.7;7.84;4.12;2.18;0.4;1.3;4.29;179.2;152.6;15.5;2.6;8.6;0.44;0.66;0.12;0.15
-1;50;50;0;100;14.77;3.2;9.05;1.72;1.76;0.17;41;10.29;5.34;2.95;0.49;1.76;4.45;127.9;107;8.5;3.5;8.9;0.94;0.47;0.15;0.2;1.74;1.7;0.189;59;8.94;4.63;2.61;0.39;1.44;4.6;184.4;148.8;23.5;2.9;9.2;0.43;0.98;0.12;0.16
-1;50;50;50;0;17.39;3.25;9.2;1.61;1.63;0.154;46.4;10.51;5.26;3.17;0.53;1.78;4.55;127;100.1;14.3;3.6;9.1;0.86;0.43;0.15;0.2;1.53;1.47;0.168;53.6;8.72;4.46;2.51;0.42;1.47;4.65;146.9;119.8;14.8;2.9;9.3;0.76;0.41;0.13;0.17
-1;50;50;50;50;17.29;3.81;10.89;1.75;1.79;0.163;46.5;10.93;5.43;3.31;0.53;1.82;5.36;128.8;101.2;13.2;3.6;10.7;0.89;0.56;0.14;0.2;2.12;2.07;0.175;53.5;11.82;6.13;3.39;0.59;1.99;5.53;148.3;118.5;14.8;4;11.1;1.03;0.64;0.17;0.23
-1;50;50;50;100;17.29;4.24;12.03;2.02;1.99;0.177;46.5;11.23;5.82;3.19;0.54;1.86;6.04;136;102;18.2;3.7;12.1;0.89;0.75;0.16;0.2;2.78;2.7;0.184;53.5;14.61;7.65;4.13;0.7;2.37;5.99;156.8;117.6;22.5;4.7;12;1.29;0.94;0.2;0.27
-1;50;50;100;0;19.25;3.71;10.64;1.76;1.83;0.157;54;11.61;5.74;3.38;0.64;1.91;5.34;129.9;97.6;17.8;3.8;10.7;0.86;0.59;0.16;0.23;1.83;1.82;0.17;46;10.7;5.51;3.04;0.5;1.8;5.3;110.4;81.9;14.3;3.6;10.6;1.04;0.42;0.16;0.2
-1;50;50;100;50;19.39;4.52;12.8;1.95;2.03;0.168;54.9;12.06;6.1;3.56;0.6;2.06;6.42;139.1;97.2;24.9;4.1;12.8;0.85;0.79;0.16;0.23;2.66;2.65;0.176;45.1;15.06;7.77;4.33;0.74;2.46;6.37;114.3;82.3;14.3;4.9;12.7;1.53;0.61;0.22;0.28
-1;50;50;100;100;19.37;4.95;14.43;2.21;2.25;0.181;53;12.38;6.42;3.6;0.56;2.05;7.11;139.6;97.6;23.7;4.1;14.2;0.84;1;0.18;0.23;3.24;3.34;0.183;47;18.22;9.39;5.2;0.93;2.9;7.32;124;81.9;21.7;5.8;14.6;1.83;0.92;0.24;0.36
-1;50;100;0;0;15.29;3.21;9.25;2.04;2.02;0.161;42.3;12.55;6.34;3.72;0.62;2.09;4.66;132.6;102.6;16.5;4.2;9.3;1.13;0.47;0.17;0.26;1.24;1.21;0.177;57.7;6.81;3.57;1.93;0.33;1.11;4.59;181.2;155.9;14;2.2;9.2;0.43;0.56;0.09;0.13
-1;50;100;0;50;15.23;3.42;9.69;2.17;2.15;0.17;41.7;12.59;6.42;3.61;0.61;2.14;4.77;133.5;104.8;14.9;4.3;9.5;1.16;0.6;0.17;0.22;1.62;1.57;0.193;58.3;8.06;4.26;2.31;0.37;1.28;4.92;186.7;152.3;21.9;2.6;9.8;0.43;0.88;0.1;0.15
-1;50;100;0;100;14.63;3.5;10.21;2.26;2.27;0.177;42.1;12.76;6.53;3.73;0.65;2.06;5.08;133.8;107.1;12.5;4.1;10.2;1.18;0.67;0.18;0.24;2.06;1.96;0.212;57.9;9.21;4.99;2.5;0.43;1.44;5.14;184.1;148.7;22.2;2.9;10.3;0.44;1.25;0.12;0.16
-1;50;100;50;0;17.28;3.75;10.94;2.14;2.24;0.164;47.9;13.62;6.81;4.07;0.67;2.25;5.53;136.2;99.3;21.3;4.5;11.1;1.1;0.68;0.2;0.26;1.64;1.67;0.178;52.1;9.36;4.79;2.7;0.47;1.51;5.4;148.4;120.8;13.7;3;10.8;0.79;0.56;0.13;0.18
-1;50;100;50;50;17.19;4.16;12.1;2.29;2.34;0.173;46.6;13.5;6.95;3.87;0.7;2.24;5.98;136.6;100.7;19.4;4.5;12;1.11;0.8;0.18;0.25;2.29;2.3;0.188;53.4;12.18;6.35;3.45;0.58;1.92;6.12;156.3;119.1;21.1;3.8;12.2;1.05;0.86;0.16;0.23
-1;50;100;50;100;16.92;4.65;13.28;2.65;2.57;0.186;46.6;13.82;7.21;3.98;0.63;2.23;6.57;137.1;101.5;18;4.5;13.1;1.12;1.01;0.19;0.25;3.04;2.99;0.198;53.4;15.07;7.95;4.26;0.69;2.42;6.71;157.2;118.2;20.8;4.8;13.4;1.32;1.18;0.21;0.29
-1;50;100;100;0;19.43;4.24;12.35;2.34;2.41;0.164;55.4;14.65;7.33;4.36;0.74;2.42;6.08;139.7;95.8;26.9;4.8;12.2;1.08;0.87;0.19;0.27;2.01;1.97;0.178;44.6;11.08;5.75;3.15;0.51;1.82;6.27;112.6;83.3;13.1;3.6;12.5;1.08;0.54;0.15;0.21
-1;50;100;100;50;19.36;4.89;14.18;2.6;2.63;0.176;53.3;14.9;7.59;4.35;0.72;2.44;7.04;140.1;95.7;25.5;4.9;14.1;1.05;1.09;0.2;0.28;2.99;2.87;0.186;46.7;15.43;8.13;4.31;0.74;2.46;7.14;122.5;83.4;19.9;4.9;14.3;1.56;0.81;0.22;0.28
-1;50;100;100;100;19.1;5.37;15.53;2.83;2.91;0.191;53;15.17;7.91;4.28;0.74;2.42;7.72;140.4;96.7;23.4;4.8;15.4;1.07;1.36;0.2;0.28;3.76;3.63;0.194;47;18.69;9.85;5.24;0.95;2.96;7.81;124.3;82.6;20.1;5.9;15.6;1.87;1.15;0.26;0.35
-1;100;0;0;0;17.34;2.74;7.55;1.4;1.4;0.154;31.4;9.01;4.57;2.58;0.45;1.58;3.7;83.7;62.5;10.7;3.2;7.4;0.88;0.22;0.13;0.17;1.07;1.04;0.153;68.6;6.75;3.4;1.98;0.35;1.16;3.86;182.8;153.3;19.4;2.3;7.7;0.42;0.39;0.1;0.13
-1;100;0;0;50;17.35;2.93;8.61;1.47;1.48;0.158;32.4;9.31;4.69;2.78;0.48;1.55;4.31;85.7;64.6;9.4;3.1;8.6;0.92;0.26;0.13;0.18;1.37;1.34;0.16;67.6;8.32;4.18;2.47;0.43;1.38;4.3;179.3;147.8;20.1;2.8;8.6;0.41;0.66;0.12;0.16
-1;100;0;0;100;17.45;3.29;9.39;1.5;1.55;0.162;31.9;9.52;4.87;2.72;0.47;1.63;4.7;87.4;66.5;8.3;3.3;9.4;0.94;0.3;0.14;0.18;1.83;1.78;0.172;68.1;10.35;5.35;2.96;0.51;1.66;4.69;186.8;142.7;31.4;3.3;9.4;0.42;1.02;0.15;0.19
-1;100;0;50;0;19.33;3.21;8.97;1.43;1.46;0.153;37.2;9.51;4.76;2.77;0.51;1.67;4.46;87.9;61.6;14;3.3;8.9;0.87;0.28;0.14;0.18;1.5;1.46;0.159;62.8;9.12;4.61;2.66;0.46;1.53;4.51;148.2;116.7;19.4;3.1;9;0.75;0.4;0.13;0.18
-1;100;0;50;50;19.26;3.68;10.62;1.51;1.53;0.158;37.3;9.63;4.87;2.87;0.47;1.65;5.23;88.8;62.5;12.5;3.3;10.5;0.86;0.35;0.13;0.19;2.08;2.07;0.167;62.7;12.36;6.33;3.59;0.6;2.03;5.39;149.3;114.9;19.6;4.1;10.8;1.01;0.65;0.18;0.23
-1;100;0;50;100;19.37;4.35;12.32;1.75;1.71;0.165;36.3;10.3;5.29;2.87;0.56;1.73;6.14;90.9;63.7;11.5;3.5;12.3;0.91;0.48;0.14;0.19;2.74;2.74;0.174;63.7;15.71;8.06;4.57;0.83;2.62;6.17;159.9;112.7;29.7;5.2;12.3;1.25;0.97;0.22;0.3
-1;100;0;100;0;21.06;3.52;10.09;1.49;1.53;0.152;44.7;10;4.98;2.98;0.51;1.67;5.04;90.8;60.3;17.1;3.3;10.1;0.84;0.35;0.14;0.19;1.78;1.76;0.163;55.3;10.8;5.5;3.19;0.56;1.84;5.05;112.3;79.6;18.9;3.7;10.1;1.02;0.39;0.15;0.2
-1;100;0;100;50;21.31;4.29;12.24;1.65;1.67;0.157;44.5;10.53;5.33;3.04;0.53;1.75;6.06;92.5;60.8;16.1;3.5;12.1;0.86;0.46;0.15;0.2;2.62;2.6;0.169;55.5;15.37;7.89;4.37;0.77;2.54;6.18;115.3;78.9;19;5.1;12.4;1.46;0.63;0.21;0.3
-1;100;0;100;100;21.34;5.01;14.2;1.87;1.88;0.168;42.4;11.16;5.72;3.3;0.51;1.9;6.95;93.9;61.3;14.9;3.8;13.9;0.86;0.65;0.17;0.2;3.37;3.33;0.175;57.6;19;9.85;5.39;0.92;3.12;7.25;127.8;78.3;28.8;6.2;14.5;1.76;0.94;0.27;0.37
-1;100;50;0;0;17.91;3.49;9.82;1.99;2.02;0.157;32.8;12.82;6.37;3.81;0.65;2.17;4.93;88.6;63.8;10.6;4.3;9.9;1.3;0.3;0.18;0.24;1.25;1.25;0.162;67.2;7.69;3.93;2.25;0.36;1.32;4.89;181.4;149.8;19.2;2.6;9.8;0.41;0.57;0.11;0.16
-1;100;50;0;50;17.65;3.67;10.68;2.21;2.15;0.162;32.3;13.24;6.7;3.92;0.66;2.14;5.33;89.7;65.4;9.4;4.3;10.7;1.35;0.38;0.17;0.25;1.67;1.63;0.178;67.7;9.12;4.82;2.55;0.42;1.53;5.35;188.6;145.7;29.2;3.1;10.7;0.41;0.92;0.13;0.17
-1;100;50;0;100;17.63;3.95;11.42;2.19;2.26;0.168;33.1;13.41;6.79;3.88;0.68;2.2;5.75;91.5;67.4;8.2;4.4;11.5;1.37;0.45;0.19;0.25;2.22;2.11;0.19;66.9;11.05;5.8;3.1;0.52;1.74;5.67;185.4;140.2;30.4;3.5;11.3;0.43;1.32;0.15;0.21
-1;100;50;50;0;19.59;3.92;11.26;2.07;2.12;0.156;38;13.54;6.72;4.06;0.69;2.31;5.56;91.5;62;13.8;4.6;11.1;1.26;0.41;0.2;0.25;1.64;1.63;0.166;62;9.84;5.06;2.85;0.46;1.61;5.7;149.2;116.1;18.5;3.2;11.4;0.76;0.55;0.13;0.19
-1;100;50;50;50;19.52;4.41;12.85;2.31;2.26;0.163;36.8;13.86;7.05;3.96;0.74;2.3;6.34;92.7;63;12.4;4.6;12.7;1.3;0.53;0.19;0.25;2.31;2.32;0.178;63.2;13.01;6.68;3.73;0.66;2.12;6.51;159.4;113.9;28.2;4.2;13;1.02;0.88;0.17;0.25
-1;100;50;50;100;19.48;5.02;14.08;2.48;2.49;0.173;38.4;14.34;7.4;4.03;0.72;2.42;6.96;99.9;63.9;17.2;4.8;13.9;1.32;0.71;0.2;0.25;3.06;2.99;0.186;61.6;16.03;8.34;4.56;0.76;2.6;7.12;160.1;112.3;28.4;5.2;14.2;1.25;1.21;0.23;0.3
-1;100;50;100;0;21.2;4.35;12.33;2.27;2.28;0.158;45.3;14.38;7.2;4.29;0.76;2.42;6.16;94.4;60.1;17.1;4.8;12.3;1.22;0.57;0.2;0.28;1.98;1.94;0.168;54.7;11.48;5.89;3.26;0.57;1.93;6.18;114;79.8;17.9;3.9;12.4;1.03;0.53;0.17;0.21
-1;100;50;100;50;21.54;5.09;14.71;2.51;2.51;0.167;45.3;15.02;7.63;4.39;0.78;2.48;7.37;104.4;60.5;24.2;5;14.7;1.25;0.76;0.21;0.29;2.87;2.86;0.178;54.7;16;8.29;4.57;0.77;2.61;7.34;126.1;79.3;27;5.2;14.7;1.48;0.85;0.23;0.29
-1;100;50;100;100;21.54;5.63;16.31;2.68;2.7;0.176;45.1;15.31;7.89;4.36;0.79;2.51;8.07;105;61.6;22.3;5;16.1;1.28;0.93;0.21;0.28;3.61;3.57;0.184;54.9;19.3;10.04;5.52;0.91;3.12;8.24;128.1;77.9;27.5;6.2;16.5;1.74;1.2;0.27;0.36
-1;100;100;0;0;17.66;3.94;11.44;2.54;2.54;0.161;34.8;15.79;8.02;4.65;0.76;2.64;5.74;96.4;64.1;15.6;5.3;11.5;1.59;0.44;0.21;0.3;1.48;1.44;0.177;65.2;8.07;4.16;2.41;0.38;1.3;5.7;180.9;149.1;17.8;2.6;11.4;0.41;0.76;0.11;0.16
-1;100;100;0;50;17.38;4.21;12.19;2.7;2.72;0.168;34;16.16;8.18;4.75;0.8;2.67;6.02;96.8;65.6;13.9;5.3;12;1.64;0.56;0.22;0.3;1.86;1.87;0.196;66;9.51;4.96;2.67;0.48;1.54;6.16;187.9;145.1;27.4;3.1;12.3;0.42;1.14;0.13;0.18
-1;100;100;0;100;17.31;4.36;12.64;2.86;2.83;0.173;34.5;16.33;8.24;4.82;0.83;2.57;6.25;97.1;67.3;12.1;5.1;12.5;1.66;0.64;0.22;0.31;2.4;2.4;0.217;65.5;11.05;5.96;2.97;0.57;1.79;6.39;184.9;140.5;28.1;3.6;12.8;0.41;1.64;0.16;0.2
-1;100;100;50;0;19.49;4.55;12.84;2.69;2.68;0.163;40;16.41;8.39;4.77;0.8;2.83;6.17;100.4;61.9;20.5;5.7;12.3;1.52;0.64;0.23;0.3;1.9;1.89;0.178;60;10.59;5.43;3;0.54;1.72;6.67;150.4;116.1;17.5;3.4;13.3;0.77;0.77;0.14;0.21
-1;100;100;50;50;19.38;4.98;14.33;2.85;2.92;0.17;39.1;17.05;8.69;4.92;0.86;2.85;7.21;101.9;62.9;18.8;5.7;14.4;1.56;0.79;0.24;0.32;2.46;2.52;0.19;60.9;13.2;6.93;3.72;0.69;2.13;7.12;159;114.2;26.3;4.3;14.2;0.98;1.12;0.18;0.24
-1;100;100;50;100;19.28;5.48;15.65;3.15;3.11;0.18;38.9;17.23;8.92;4.98;0.85;2.83;7.64;101.8;63.9;17;5.7;15.3;1.59;0.98;0.23;0.31;3.32;3.33;0.202;61.1;16.43;8.68;4.54;0.82;2.65;8.01;159.9;112.3;26.4;5.3;16;1.26;1.54;0.21;0.32
-1;100;100;100;0;21.22;4.8;14.02;2.88;2.87;0.164;47.7;17.47;8.72;5.18;0.89;2.83;6.95;105;59.7;25.8;5.7;13.9;1.45;0.84;0.24;0.34;2.21;2.15;0.178;52.3;12.06;6.25;3.43;0.61;1.98;7.07;115.3;80.4;16.7;4;14.1;1.04;0.71;0.17;0.23
-1;100;100;100;50;21.73;5.53;16.31;3.02;3.1;0.173;45.5;17.88;9.07;5.21;0.91;2.86;8.1;106.6;60.2;24.5;5.7;16.2;1.45;1.07;0.24;0.34;3.1;3.15;0.188;54.5;16.75;8.74;4.74;0.8;2.67;8.21;127.4;79.8;25.9;5.3;16.4;1.5;1.1;0.22;0.33
-1;100;100;100;100;21.36;6.01;17.69;3.31;3.42;0.185;45.3;18.4;9.42;5.31;0.94;2.93;8.67;106.5;60.6;22.8;5.9;17.3;1.5;1.34;0.24;0.34;3.87;3.85;0.197;54.7;19.51;10.21;5.46;0.94;3.08;9.01;128.6;79.3;25.2;6.2;18;1.77;1.47;0.25;0.37
0;0;0;0;0;13.52;1.78;5.05;0.81;0.81;0.152;49.9;5.25;2.6;1.53;0.27;0.89;2.49;178.5;159.8;11.9;1.8;5;0.4;0.24;0.08;0.1;0.86;0.82;0.152;50.1;5.3;2.68;1.58;0.24;0.9;2.56;179;160.2;11.9;1.8;5.1;0.41;0.24;0.07;0.1
0;0;0;0;50;12.99;1.97;5.69;0.93;0.9;0.16;50.3;5.56;2.86;1.6;0.3;0.94;2.87;180.1;161.6;10.9;1.9;5.7;0.42;0.29;0.08;0.11;0.99;0.98;0.155;49.7;6.21;3.1;1.88;0.32;1.02;2.82;177.9;158.4;11.8;2;5.6;0.43;0.34;0.09;0.13
0;0;0;0;100;12.92;2.11;6.11;0.98;0.97;0.168;49.6;5.71;2.87;1.66;0.3;0.88;3.04;181;163.3;9.8;1.8;6.1;0.41;0.37;0.08;0.11;1.13;1.18;0.163;50.4;7.16;3.61;2.04;0.37;1.23;3.08;183.8;156.7;18.4;2.5;6.2;0.43;0.51;0.11;0.13
0;0;0;50;0;15.57;2.33;6.51;0.91;0.91;0.15;55.8;5.97;2.95;1.75;0.29;1.03;3.28;180.9;156.8;15.5;2.1;6.6;0.4;0.32;0.08;0.11;1.21;1.21;0.159;44.2;7.58;3.83;2.2;0.4;1.3;3.23;143.2;122.4;11.7;2.6;6.5;0.71;0.24;0.11;0.15
0;0;0;50;50;15.36;2.75;7.9;1.01;1;0.159;55.4;6.24;3.19;1.8;0.31;1.05;3.94;181;156.9;14.1;2.1;7.9;0.4;0.39;0.09;0.12;1.69;1.67;0.162;44.6;10.26;5.25;3.05;0.47;1.7;3.96;145.5;122.3;11.8;3.4;7.9;0.99;0.33;0.15;0.21
0;0;0;50;100;15.19;3.27;9.3;1.14;1.13;0.172;54.2;6.47;3.38;1.8;0.32;1.11;4.62;181.6;157;13.1;2.2;9.2;0.4;0.53;0.09;0.11;2.14;2.17;0.167;45.8;12.98;6.65;3.71;0.7;2.16;4.68;153.4;122.2;17.5;4.3;9.4;1.25;0.49;0.18;0.25
0;0;0;100;0;17.36;2.65;7.65;1.02;0.99;0.149;63.3;6.57;3.31;1.91;0.32;1.09;3.79;182.1;153.6;18.7;2.2;7.6;0.39;0.38;0.09;0.12;1.51;1.51;0.161;36.7;9.33;4.74;2.69;0.47;1.55;3.86;105.5;83.2;11.5;3.1;7.7;0.96;0.23;0.14;0.18
0;0;0;100;50;17.49;3.31;9.66;1.22;1.14;0.157;62.3;7.16;3.58;2.06;0.41;1.16;4.83;181.4;151.4;18;2.3;9.7;0.38;0.53;0.09;0.13;2.27;2.17;0.164;37.7;13.23;6.77;3.81;0.65;2.15;4.82;109.6;84.3;11.3;4.3;9.6;1.43;0.31;0.18;0.25
0;0;0;100;100;17.41;3.93;11.34;1.33;1.35;0.174;60.5;7.7;4.01;2.25;0.35;1.32;5.6;181;150.2;16.9;2.6;11.2;0.37;0.72;0.11;0.15;2.72;2.71;0.168;39.5;16.14;8.22;4.68;0.79;2.62;5.73;118.2;84.9;16.6;5.2;11.5;1.72;0.45;0.23;0.31
0;0;50;0;0;13.19;2.03;5.65;0.97;0.96;0.155;49.7;6.15;3.13;1.83;0.29;1.06;2.78;178;158.1;12.2;2.1;5.6;0.42;0.35;0.08;0.12;0.91;0.9;0.159;50.3;5.55;2.83;1.65;0.28;0.97;2.87;180.4;161.9;10.9;1.9;5.7;0.41;0.3;0.08;0.11
0;0;50;0;50;13.06;2.09;6.13;1.07;1.08;0.168;50;6.38;3.26;1.85;0.31;1.05;3.1;179.4;159.9;11.2;2.1;6.2;0.41;0.46;0.08;0.12;1.08;1.08;0.167;50;6.38;3.25;1.89;0.3;1.04;3.03;179.4;160.1;11.1;2.1;6.1;0.42;0.46;0.09;0.12
0;0;50;0;100;12.65;2.22;6.59;1.25;1.21;0.182;49.5;6.65;3.43;1.85;0.37;1.04;3.27;180.5;161.8;10;2.1;6.5;0.44;0.57;0.09;0.12;1.34;1.34;0.183;50.5;7.28;3.85;2.08;0.33;1.18;3.32;184;158.2;16.8;2.4;6.6;0.43;0.68;0.1;0.14
0;0;50;50;0;15.09;2.55;7.16;1.05;1.11;0.154;55.4;7.15;3.58;2.12;0.37;1.26;3.65;179.3;153.9;15.5;2.5;7.3;0.41;0.46;0.11;0.13;1.3;1.28;0.164;44.6;7.76;3.92;2.28;0.41;1.29;3.51;144.4;124.5;10.2;2.6;7;0.75;0.28;0.11;0.14
0;0;50;50;50;15.19;2.93;8.53;1.23;1.28;0.168;54.8;7.52;3.82;2.17;0.4;1.22;4.23;179.1;153.6;14.6;2.4;8.5;0.4;0.62;0.1;0.15;1.74;1.77;0.169;45.2;10.41;5.31;3.02;0.49;1.71;4.29;147.4;124.8;10.7;3.4;8.6;0.99;0.43;0.15;0.2
0;0;50;50;100;14.93;3.39;9.69;1.51;1.47;0.19;54.6;7.7;4;2.21;0.36;1.22;4.82;185.7;153.3;20.4;2.4;9.6;0.39;0.84;0.1;0.14;2.3;2.31;0.177;45.4;13.07;6.67;3.87;0.63;2.17;4.87;154.5;125.1;15.4;4.3;9.7;1.27;0.62;0.18;0.24
0;0;50;100;0;17.18;3;8.4;1.34;1.27;0.157;62.6;8.03;4.09;2.27;0.43;1.37;4.2;179.7;149.5;19.1;2.7;8.4;0.39;0.62;0.11;0.14;1.62;1.61;0.165;37.4;9.71;4.93;2.85;0.47;1.63;4.2;107.1;85.2;10.2;3.3;8.4;1.01;0.27;0.14;0.19
0;0;50;100;50;17.38;3.79;10.71;1.54;1.55;0.175;62.6;8.81;4.56;2.49;0.44;1.48;5.24;187.9;146.8;27.6;3;10.5;0.39;0.87;0.13;0.16;2.25;2.35;0.17;37.4;13.79;6.98;4.08;0.66;2.31;5.48;112.2;86.6;10;4.6;11;1.47;0.4;0.2;0.27
0;0;50;100;100;17.37;4.15;12.1;1.76;1.78;0.192;61.2;9.2;4.75;2.67;0.46;1.44;6.01;187.9;146.8;26.3;2.9;12;0.39;1.11;0.12;0.17;2.94;2.9;0.175;38.8;16.52;8.51;4.79;0.82;2.71;6.08;119.1;86.6;14.9;5.4;12.2;1.75;0.6;0.24;0.31
0;0;100;0;0;12.88;2.2;6.11;1.15;1.18;0.164;50.2;7.14;3.58;2.11;0.37;1.21;3.06;183.3;156.4;18.4;2.4;6.1;0.42;0.52;0.1;0.14;0.92;0.96;0.167;49.8;5.65;2.92;1.61;0.26;0.99;3.06;181.6;163.6;9.9;2;6.1;0.4;0.37;0.08;0.11
0;0;100;0;50;12.47;2.25;6.48;1.34;1.34;0.183;50.3;7.25;3.77;2.08;0.33;1.2;3.22;183.2;157.8;16.5;2.4;6.4;0.42;0.68;0.1;0.13;1.17;1.2;0.182;49.7;6.57;3.4;1.85;0.36;1.05;3.27;180.8;162.2;10;2.1;6.5;0.43;0.56;0.09;0.13
0;0;100;0;100;12.03;2.29;6.66;1.46;1.45;0.197;50;7.32;3.82;2.06;0.34;1.11;3.35;183.8;160;15;2.2;6.7;0.44;0.79;0.09;0.14;1.42;1.43;0.199;50;7.17;3.85;1.95;0.35;1.17;3.32;184.1;160;15;2.3;6.6;0.42;0.79;0.09;0.13
0;0;100;50;0;15.01;2.69;7.81;1.39;1.42;0.169;55.7;8.36;4.2;2.53;0.4;1.39;3.88;184.8;150.2;24.1;2.8;7.8;0.4;0.74;0.12;0.16;1.37;1.35;0.169;44.3;7.98;4.05;2.33;0.38;1.3;3.93;147.1;127.4;9.3;2.6;7.9;0.76;0.34;0.11;0.15
0;0;100;50;50;14.77;3.14;9.07;1.66;1.64;0.186;55.4;8.77;4.59;2.54;0.41;1.39;4.52;184.7;150.6;22.3;2.8;9;0.41;0.93;0.13;0.17;1.9;1.9;0.177;44.6;10.67;5.45;3.07;0.56;1.75;4.55;149;127;9.3;3.5;9.1;1.01;0.52;0.15;0.21
0;0;100;50;100;14.8;3.54;10.38;1.74;1.82;0.209;54.3;8.71;4.59;2.45;0.41;1.37;5.29;185.2;151.7;20.2;2.7;10.6;0.4;1.15;0.11;0.16;2.48;2.48;0.184;45.7;13.44;6.95;3.91;0.63;2.17;5.09;155.5;126.2;14.8;4.3;10.2;1.29;0.77;0.17;0.25
0;0;100;100;0;17.27;3.24;9.5;1.69;1.7;0.169;63;10.04;5.08;2.9;0.5;1.63;4.77;186.8;144.2;29.8;3.3;9.5;0.4;0.98;0.13;0.2;1.66;1.68;0.169;37;9.88;4.96;2.9;0.53;1.61;4.73;109.5;87.9;9;3.2;9.5;1.02;0.33;0.14;0.19
0;0;100;100;50;17.13;4;11.36;1.85;1.92;0.188;62.1;10.19;5.29;2.85;0.49;1.65;5.62;185.9;143.5;27.9;3.3;11.2;0.39;1.19;0.15;0.19;2.48;2.5;0.175;37.9;14.2;7.28;4.09;0.69;2.35;5.74;113.4;88.2;8.9;4.7;11.5;1.51;0.5;0.22;0.26
0;0;100;100;100;17.18;4.37;12.8;2.26;2.25;0.214;60.5;10.52;5.59;2.91;0.51;1.57;6.42;184.9;142.4;26.5;3.1;12.8;0.37;1.55;0.14;0.19;3.03;3.1;0.181;39.5;17.13;8.84;4.91;0.82;2.8;6.38;120.6;88.8;13.5;5.6;12.8;1.82;0.72;0.24;0.31
0;50;0;0;0;15.58;2.28;6.6;1.18;1.21;0.158;44.2;7.59;3.78;2.26;0.39;1.28;3.32;143.3;122.5;11.6;2.6;6.6;0.72;0.24;0.1;0.15;0.93;0.9;0.15;55.8;5.94;2.98;1.77;0.29;1;3.28;180.7;156.7;15.4;2;6.6;0.4;0.31;0.09;0.1
0;50;0;0;50;15.26;2.42;7.25;1.3;1.31;0.163;44.7;7.95;3.99;2.38;0.41;1.27;3.59;144.7;124.2;10.7;2.5;7.2;0.75;0.3;0.11;0.15;1.14;1.1;0.153;55.3;7.08;3.55;2.1;0.36;1.15;3.67;179.4;154.3;15.4;2.3;7.3;0.41;0.45;0.1;0.14
0;50;0;0;100;15;2.69;7.71;1.37;1.36;0.169;44.1;8.01;4.06;2.32;0.4;1.3;3.78;146.2;126.6;9.5;2.6;7.6;0.75;0.34;0.11;0.16;1.4;1.42;0.169;55.9;8.38;4.27;2.45;0.42;1.39;3.93;185.7;151.3;23.8;2.8;7.9;0.41;0.73;0.11;0.17
0;50;0;50;0;17.39;2.73;8.09;1.32;1.3;0.156;49.9;8.27;4.14;2.5;0.43;1.35;3.98;145.5;120.1;14.7;2.7;8;0.72;0.31;0.11;0.16;1.24;1.31;0.156;50.1;8.31;4.11;2.5;0.39;1.38;4.11;146.1;119.9;15.2;2.8;8.2;0.72;0.31;0.12;0.16
0;50;0;50;50;17.16;3.34;9.15;1.44;1.4;0.163;49.9;8.55;4.34;2.5;0.41;1.48;4.57;146.6;120.6;13.9;3;9.1;0.72;0.39;0.13;0.16;1.75;1.76;0.16;50.1;10.94;5.5;3.14;0.56;1.85;4.58;147.2;119.4;14.9;3.7;9.2;0.96;0.43;0.16;0.21
0;50;0;50;100;17.31;3.75;10.97;1.52;1.55;0.172;48.6;8.94;4.53;2.63;0.42;1.47;5.39;148.5;121.8;12.9;2.9;10.8;0.73;0.53;0.12;0.17;2.42;2.38;0.169;51.4;14.05;7.22;4.11;0.7;2.28;5.58;156.8;118.2;23;4.6;11.2;1.2;0.73;0.19;0.27
0;50;0;100;0;19.26;3.01;8.99;1.39;1.36;0.154;57.6;8.78;4.4;2.63;0.46;1.43;4.49;147.8;117.6;18.4;2.9;9;0.69;0.38;0.12;0.17;1.59;1.57;0.159;42.4;9.84;4.89;2.95;0.46;1.58;4.5;108.6;81.6;14.8;3.2;9;0.95;0.3;0.13;0.19
0;50;0;100;50;19.32;3.85;11.15;1.57;1.52;0.161;56.8;9.42;4.82;2.74;0.46;1.57;5.53;148;116.1;17.7;3.1;11.1;0.68;0.53;0.13;0.18;2.39;2.28;0.163;43.2;13.97;7.16;4.05;0.69;2.28;5.62;112.6;82.6;14.3;4.6;11.2;1.4;0.41;0.19;0.27
0;50;0;100;100;19.48;4.47;12.67;1.7;1.72;0.173;55.2;9.88;5.11;2.79;0.5;1.67;6.36;150.2;117.6;16.5;3.3;12.7;0.7;0.7;0.14;0.19;2.93;2.9;0.169;44.8;17.09;8.78;4.82;0.86;2.81;6.31;121.8;81.6;22;5.6;12.6;1.65;0.69;0.25;0.31
0;50;50;0;0;15.43;2.71;7.88;1.6;1.63;0.161;44.6;10.05;5.03;3;0.49;1.66;3.98;145.7;122.7;11.6;3.3;8;0.98;0.32;0.13;0.2;1.05;1.01;0.159;55.4;6.27;3.13;1.87;0.32;1.04;3.9;180.6;156.4;14.4;2.1;7.8;0.4;0.4;0.09;0.12
0;50;50;0;50;15.07;3.02;8.42;1.75;1.78;0.169;45;10.47;5.32;3.02;0.52;1.76;4.19;146.8;124.2;10.7;3.5;8.4;0.99;0.44;0.15;0.2;1.3;1.26;0.169;55;7.42;3.83;2.14;0.36;1.25;4.23;179.6;154.4;14.3;2.5;8.5;0.41;0.61;0.1;0.14
0;50;50;0;100;14.87;3.18;9.16;1.86;1.9;0.177;44.9;10.72;5.5;3.11;0.52;1.75;4.68;149.8;127.6;9.4;3.5;9.4;1.03;0.52;0.15;0.2;1.66;1.63;0.186;55.1;8.73;4.61;2.44;0.44;1.42;4.48;183.8;149.9;22.1;2.8;9;0.41;0.94;0.12;0.16
0;50;50;50;0;17.23;3.28;9.36;1.85;1.76;0.16;50.1;10.95;5.64;3.09;0.55;1.86;4.71;147.2;119.1;14.9;3.7;9.4;0.94;0.44;0.16;0.21;1.4;1.42;0.163;49.9;8.67;4.35;2.6;0.45;1.42;4.65;146.9;120.9;13.9;2.8;9.3;0.72;0.4;0.13;0.17
0;50;50;50;50;17.29;3.84;10.81;1.94;1.94;0.169;49.9;11.45;5.82;3.27;0.61;1.91;5.36;148.3;119.5;14.2;3.8;10.7;0.95;0.61;0.16;0.22;1.86;1.93;0.169;50.1;11.35;5.77;3.28;0.59;1.93;5.45;149.1;120.5;13.9;3.9;10.9;0.96;0.59;0.16;0.22
0;50;50;50;100;17.22;4.3;12.14;2.16;2.14;0.183;49.9;11.65;6.09;3.28;0.56;1.95;6.11;156.6;121.1;19.3;3.9;12.2;0.96;0.8;0.17;0.21;2.58;2.57;0.179;50.1;14.35;7.42;4.07;0.72;2.35;6.03;156.9;118.9;21.3;4.7;12.1;1.22;0.89;0.2;0.27
0;50;50;100;0;19.1;3.61;10.63;1.92;1.92;0.162;57.6;11.8;5.98;3.45;0.58;1.93;5.38;149.3;116.2;18.5;3.9;10.8;0.93;0.6;0.16;0.22;1.72;1.69;0.163;42.4;10.28;5.15;3.1;0.51;1.68;5.25;109.7;82.5;13.4;3.4;10.5;0.98;0.38;0.13;0.2
0;50;50;100;50;19.6;4.5;12.93;2.08;2.16;0.173;58.2;12.43;6.34;3.62;0.6;2.11;6.5;159.1;115.4;26.5;4.2;13;0.91;0.84;0.17;0.23;2.41;2.46;0.169;41.8;14.52;7.38;4.28;0.72;2.39;6.43;114.3;83;13.6;4.8;12.9;1.4;0.58;0.19;0.28
0;50;50;100;100;19.39;4.91;14.19;2.38;2.36;0.185;56.4;12.68;6.62;3.6;0.58;2.1;7.09;159.2;115.9;24.9;4.2;14.2;0.91;1.04;0.17;0.23;3.08;3.12;0.177;43.6;17.58;8.89;5.12;0.88;2.81;7.1;123.2;82.7;20.6;5.6;14.2;1.69;0.87;0.24;0.32
0;50;100;0;0;15.3;3.26;9.35;2.21;2.17;0.167;45.8;12.97;6.66;3.82;0.67;2.16;4.68;153.4;122.1;17.6;4.3;9.4;1.25;0.5;0.18;0.25;1.13;1.15;0.173;54.2;6.58;3.43;1.86;0.33;1.1;4.67;181.9;157.2;13.2;2.2;9.3;0.4;0.53;0.09;0.13
0;50;100;0;50;14.97;3.43;9.86;2.34;2.35;0.177;45.2;13.22;6.77;3.83;0.66;2.18;4.88;154.2;124.2;15.9;4.4;9.8;1.26;0.65;0.18;0.25;1.42;1.47;0.19;54.8;7.73;4.06;2.21;0.36;1.25;4.98;187;154.5;20.1;2.5;10;0.4;0.83;0.1;0.15
0;50;100;0;100;14.64;3.57;10.16;2.45;2.48;0.185;45.6;13.4;6.94;3.82;0.63;2.2;5.12;155.1;126;14.4;4.4;10.2;1.28;0.76;0.18;0.26;1.83;1.82;0.209;54.4;8.69;4.67;2.44;0.39;1.37;5.04;185.2;152;20.4;2.7;10.1;0.4;1.14;0.13;0.15
0;50;100;50;0;17.17;3.79;10.95;2.35;2.37;0.169;51.6;13.99;7.11;4.12;0.69;2.3;5.53;157.2;118.8;22.8;4.6;11.1;1.21;0.71;0.19;0.26;1.53;1.54;0.173;48.4;8.89;4.57;2.54;0.45;1.49;5.42;147.6;121.2;12.6;3;10.8;0.72;0.52;0.14;0.16
0;50;100;50;50;17.07;4.09;12.16;2.59;2.54;0.178;50.2;14.17;7.2;4.17;0.72;2.26;6.09;157;119.5;20.8;4.5;12.2;1.21;0.87;0.18;0.27;2.15;2.12;0.183;49.8;11.58;6.04;3.3;0.56;1.83;6.06;155.8;120.5;19.5;3.7;12.1;0.95;0.8;0.15;0.22
0;50;100;50;100;17.04;4.61;13.15;2.75;2.76;0.192;50.2;14.34;7.46;4.11;0.68;2.29;6.62;157.9;120.7;19.4;4.6;13.2;1.23;1.09;0.19;0.25;2.75;2.78;0.192;49.8;14.39;7.54;3.94;0.72;2.33;6.53;156.6;119.3;19.6;4.7;13.1;1.2;1.11;0.2;0.27
0;50;100;100;0;19.28;4.32;12.23;2.67;2.58;0.169;58.7;15.2;7.82;4.36;0.74;2.51;6.13;159.6;113.9;28.4;5;12.3;1.17;0.91;0.21;0.29;1.8;1.85;0.172;41.3;10.71;5.51;3.09;0.54;1.8;6.1;112.1;84;12.3;3.6;12.2;0.99;0.5;0.15;0.21
0;50;100;100;50;19.14;4.84;14.38;2.86;2.81;0.181;56.7;15.5;7.97;4.49;0.78;2.45;7.27;159.3;113.3;26.5;4.9;14.5;1.15;1.16;0.21;0.29;2.64;2.67;0.179;43.3;14.89;7.69;4.3;0.71;2.39;7.11;121.7;84.4;18.2;4.8;14.2;1.45;0.74;0.19;0.28
0;50;100;100;100;19.32;5.41;15.72;3.14;3.16;0.197;56.1;15.98;8.47;4.49;0.78;2.55;7.76;159.2;113.1;25.5;5.1;15.5;1.16;1.49;0.21;0.29;3.36;3.32;0.186;43.9;17.74;9.23;5.09;0.88;2.85;7.96;124.5;84.6;18.3;5.7;15.9;1.72;1.03;0.23;0.33
0;100;0;0;0;17.5;2.65;7.62;1.54;1.54;0.161;36.7;9.53;4.84;2.71;0.49;1.59;3.81;105.5;83;11.7;3.2;7.6;0.98;0.24;0.13;0.18;1.02;0.98;0.148;63.3;6.5;3.23;1.94;0.33;1.06;3.81;182.4;154;18.7;2.1;7.6;0.38;0.38;0.09;0.12
0;100;0;0;50;17.26;2.92;8.37;1.51;1.57;0.165;37.2;9.48;4.74;2.79;0.46;1.55;4.14;106.7;85;10.3;3.1;8.3;0.98;0.28;0.13;0.17;1.27;1.26;0.158;62.8;7.94;4.04;2.33;0.42;1.37;4.22;180.2;149.9;19.1;2.7;8.4;0.38;0.62;0.12;0.15
0;100;0;0;100;17.28;3.29;9.44;1.62;1.67;0.169;36.9;9.82;5.07;2.77;0.5;1.66;4.74;109.5;87.6;9.1;3.3;9.5;1.01;0.33;0.14;0.18;1.66;1.69;0.169;63.1;9.93;5.01;2.95;0.5;1.64;4.7;187.1;144.8;29.6;3.3;9.4;0.4;0.96;0.14;0.18
0;100;0;50;0;19.15;3.08;8.92;1.6;1.55;0.159;42.3;9.74;4.87;2.87;0.49;1.59;4.47;108.4;81.5;14.8;3.2;8.9;0.94;0.3;0.13;0.19;1.42;1.38;0.155;57.7;8.87;4.43;2.63;0.45;1.49;4.45;147.7;117.7;18.1;3;8.9;0.71;0.37;0.13;0.18
0;100;0;50;50;19.28;3.73;10.63;1.67;1.71;0.165;42.8;10.36;5.32;3.05;0.48;1.79;5.41;111;83;13.6;3.6;10.8;0.97;0.38;0.16;0.2;1.97;1.93;0.162;57.2;11.89;5.99;3.39;0.63;1.94;5.22;148.5;115.4;18.7;3.9;10.4;0.91;0.63;0.17;0.22
0;100;0;50;100;19.32;4.33;12.28;1.8;1.85;0.172;41.3;10.68;5.49;3.07;0.55;1.81;6.18;112.2;84;12.2;3.6;12.4;0.98;0.5;0.15;0.22;2.52;2.57;0.169;58.7;15.13;7.72;4.37;0.77;2.52;6.1;159.5;114;28.3;5;12.2;1.16;0.91;0.21;0.29
0;100;0;100;0;21.41;3.56;10.25;1.61;1.67;0.158;50.1;10.54;5.27;3.18;0.52;1.78;5.1;112.3;80.3;18.2;3.6;10.2;0.94;0.37;0.15;0.2;1.66;1.66;0.157;49.9;10.55;5.27;3.13;0.51;1.77;5.15;111.8;79.7;18.3;3.5;10.3;0.92;0.39;0.14;0.21
0;100;0;100;50;21.06;4.3;12.28;1.89;1.8;0.163;49.5;11.02;5.55;3.2;0.55;1.8;6.1;112.8;80.1;16.9;3.6;12.2;0.94;0.49;0.15;0.21;2.43;2.46;0.164;50.5;14.95;7.57;4.3;0.76;2.5;6.19;115;79.9;17.8;5;12.4;1.37;0.58;0.21;0.3
0;100;0;100;100;21.39;4.95;14.13;2.07;2.01;0.173;47.7;11.59;5.98;3.3;0.57;1.93;7.12;115.1;81.2;15.9;3.9;14.2;0.95;0.67;0.17;0.21;3.05;3.08;0.169;52.3;18.16;9.22;5.28;0.91;3.02;7.01;126.3;78.8;27.4;6;14;1.6;0.89;0.26;0.34
0;100;50;0;0;17.53;3.5;9.7;2.2;2.2;0.164;37.7;13.36;6.75;3.9;0.68;2.25;4.84;109.9;84.4;11.3;4.5;9.7;1.43;0.31;0.2;0.26;1.17;1.16;0.159;62.3;7.26;3.67;2.11;0.35;1.25;4.86;181.5;151.3;18;2.5;9.7;0.38;0.53;0.12;0.13
0;100;50;0;50;17.42;3.67;10.78;2.33;2.33;0.169;37.3;13.7;6.99;4.01;0.69;2.26;5.37;111.7;86.5;9.9;4.5;10.7;1.48;0.4;0.2;0.25;1.58;1.57;0.174;62.7;8.93;4.53;2.64;0.44;1.4;5.41;188.2;146.9;27.7;2.8;10.8;0.4;0.87;0.12;0.17
0;100;50;0;100;17.32;3.89;11.5;2.38;2.45;0.175;37.8;14;7.12;4.04;0.72;2.25;5.64;113.1;88.2;9.1;4.5;11.3;1.5;0.51;0.19;0.26;1.96;1.92;0.188;62.2;10.21;5.33;2.98;0.45;1.64;5.86;186.4;143.5;27.9;3.3;11.7;0.39;1.2;0.15;0.19
0;100;50;50;0;19.55;3.91;11.26;2.24;2.29;0.162;43.2;14.1;7.09;4.12;0.72;2.35;5.7;112.8;82;14.7;4.7;11.4;1.39;0.44;0.19;0.27;1.53;1.51;0.161;56.8;9.35;4.71;2.73;0.47;1.56;5.57;148.7;117;17.5;3.1;11.1;0.7;0.51;0.13;0.17
0;100;50;50;50;19.25;4.43;12.79;2.47;2.46;0.169;41.8;14.53;7.41;4.16;0.74;2.46;6.31;113.9;83;13.3;4.9;12.6;1.43;0.56;0.2;0.27;2.2;2.14;0.173;58.2;12.36;6.34;3.59;0.61;1.97;6.48;158.6;115.5;26.2;3.9;13;0.92;0.83;0.16;0.23
0;100;50;50;100;19.34;4.83;14.19;2.67;2.66;0.179;43.5;14.83;7.5;4.4;0.74;2.35;7.13;122.1;85;18.1;4.7;14.3;1.45;0.73;0.2;0.28;2.97;2.82;0.181;56.5;15.54;8.17;4.38;0.73;2.48;7.06;158.7;112.5;27.2;5;14.1;1.14;1.17;0.2;0.3
0;100;50;100;0;21.16;4.28;12.57;2.57;2.49;0.164;50.4;15.18;7.68;4.46;0.78;2.43;6.32;115.2;79.7;18;4.9;12.6;1.39;0.6;0.21;0.3;1.8;1.81;0.163;49.6;11.04;5.67;3.18;0.59;1.85;6.25;113.3;80.3;16.9;3.7;12.5;0.94;0.5;0.16;0.21
0;100;50;100;50;21.39;5.03;14.64;2.62;2.63;0.172;49.8;15.24;7.68;4.5;0.75;2.44;7.2;124.7;80.1;25.3;4.9;14.4;1.35;0.79;0.2;0.29;2.69;2.71;0.172;50.2;15.68;7.99;4.53;0.76;2.59;7.43;125.7;79.9;25.8;5.2;14.9;1.36;0.83;0.22;0.3
0;100;50;100;100;21.45;5.79;16.24;2.8;2.91;0.182;49.6;15.92;8.25;4.52;0.79;2.66;8.03;125.9;80.5;24;5.3;16.1;1.37;1.01;0.22;0.3;3.25;3.33;0.179;50.4;18.57;9.65;5.26;0.95;3.13;8.2;127.8;79.5;25.6;6.3;16.4;1.61;1.1;0.27;0.34
0;100;100;0;0;17.74;3.95;11.41;2.69;2.73;0.167;39.5;16.27;8.29;4.77;0.79;2.69;5.67;118.4;84.6;17.1;5.4;11.3;1.72;0.47;0.22;0.31;1.37;1.35;0.175;60.5;7.69;3.94;2.23;0.39;1.26;5.74;181.9;150.9;17;2.5;11.5;0.37;0.72;0.11;0.15
0;100;100;0;50;17.34;4.14;11.94;2.9;2.87;0.175;38.7;16.41;8.35;4.79;0.78;2.67;5.91;118.4;86.5;14.8;5.3;11.8;1.75;0.61;0.22;0.3;1.8;1.79;0.193;61.3;9.24;4.86;2.59;0.45;1.47;6.03;188.1;147.1;26.1;2.9;12.1;0.39;1.09;0.13;0.17
0;100;100;0;100;17.24;4.38;12.89;2.98;3.06;0.18;39.5;16.94;8.69;4.92;0.85;2.74;6.46;120.7;88.9;13.4;5.5;12.9;1.81;0.7;0.22;0.33;2.22;2.26;0.213;60.5;10.55;5.6;2.94;0.47;1.65;6.43;184.9;142.2;26.5;3.3;12.9;0.38;1.56;0.13;0.18
0;100;100;50;0;19.52;4.44;12.71;3.04;2.93;0.169;45.1;17.25;8.89;5.03;0.86;2.87;6.42;122.6;81.9;22.1;5.7;12.8;1.67;0.69;0.24;0.33;1.67;1.69;0.173;54.9;9.75;4.87;2.85;0.52;1.57;6.29;149.4;117.1;16.6;3.1;12.6;0.67;0.7;0.13;0.19
0;100;100;50;50;19.55;4.85;14.22;3.15;3.09;0.177;43.7;17.45;9.02;4.99;0.81;2.84;7.11;123.2;82.7;20.6;5.7;14.2;1.67;0.85;0.23;0.33;2.36;2.38;0.185;56.3;12.81;6.61;3.67;0.64;2;7.12;159.1;115.9;24.9;4;14.2;0.92;1.06;0.17;0.24
0;100;100;50;100;19.55;5.34;15.68;3.25;3.33;0.187;43.8;17.74;9.19;5.03;0.84;2.83;7.85;124.5;84.3;18.9;5.7;15.7;1.71;1.06;0.23;0.33;3.14;3.15;0.197;56.2;15.92;8.24;4.62;0.78;2.51;7.83;159.7;113.5;25.5;5;15.7;1.15;1.49;0.21;0.3
0;100;100;100;0;21.37;5.04;14.07;3.14;3.1;0.169;52.4;18.26;9.47;5.15;0.95;3.11;7.09;126.7;78.4;27.8;6.2;14.2;1.59;0.9;0.25;0.35;1.88;1.96;0.172;47.6;11.35;5.83;3.29;0.54;1.92;6.98;115;81.6;15.7;3.8;14;0.94;0.66;0.16;0.21
0;100;100;100;50;21.45;5.72;16.18;3.35;3.33;0.179;50.1;18.58;9.67;5.31;0.93;3.11;8.09;127.1;78.8;26;6.2;16.2;1.6;1.13;0.25;0.35;2.82;2.86;0.181;49.9;15.72;8.18;4.5;0.81;2.61;8.09;126.4;81.2;23.7;5.2;16.2;1.37;0.98;0.21;0.29
0;100;100;100;100;21.22;6.2;17.66;3.55;3.62;0.191;49.9;18.85;9.87;5.37;0.95;3.09;8.85;127.4;80.1;23.4;6.2;17.7;1.63;1.39;0.25;0.35;3.67;3.67;0.191;50.1;19.09;9.98;5.5;0.9;3.11;8.8;127.8;79.9;24.1;6.2;17.6;1.65;1.4;0.27;0.34
1;0;0;0;0;13.63;1.83;5.27;0.82;0.87;0.156;52.9;5.48;2.7;1.64;0.3;0.91;2.62;179.1;159.2;12.8;1.8;5.2;0.42;0.26;0.08;0.11;0.77;0.79;0.147;47.1;5.26;2.61;1.59;0.26;0.92;2.65;159.2;140.7;11.3;1.8;5.3;0.38;0.24;0.07;0.11
1;0;0;0;50;13.11;1.93;5.52;1.03;0.95;0.164;53.2;5.72;2.99;1.57;0.29;0.97;2.78;179.6;160.5;11.6;1.9;5.6;0.44;0.32;0.07;0.11;0.92;0.9;0.151;46.8;5.89;2.92;1.77;0.3;0.96;2.73;158.2;139.6;11.3;1.9;5.5;0.38;0.32;0.09;0.11
1;0;0;0;100;12.73;2.13;6.06;1.08;1.02;0.172;52.6;5.85;3.03;1.69;0.3;0.95;3.02;180.9;162.5;10.5;1.9;6;0.45;0.38;0.08;0.11;1.04;1.09;0.16;47.4;6.76;3.43;2;0.3;1.18;3.04;163.2;137.9;16.9;2.4;6.1;0.39;0.48;0.1;0.13
1;0;0;50;0;15.62;2.31;6.49;0.94;0.97;0.155;59.6;6.2;3.07;1.86;0.3;1.03;3.25;180.8;155.9;16.4;2.1;6.5;0.42;0.33;0.09;0.12;1.09;1.12;0.153;40.4;7.28;3.68;2.11;0.37;1.28;3.24;122.5;102.6;10.9;2.6;6.5;0.65;0.23;0.1;0.14
1;0;0;50;50;15.33;2.69;7.75;1.1;1.09;0.163;59.1;6.58;3.34;1.95;0.34;1.11;3.91;180.4;154.9;15.4;2.2;7.8;0.43;0.43;0.1;0.13;1.44;1.48;0.155;40.9;9.45;4.73;2.83;0.49;1.59;3.85;124.6;103.2;10.6;3.2;7.7;0.88;0.29;0.13;0.18
1;0;0;50;100;15.33;3.17;9.17;1.28;1.23;0.177;57.8;6.89;3.58;2;0.33;1.12;4.67;181.3;155.5;14.2;2.2;9.3;0.43;0.57;0.09;0.13;1.99;1.96;0.16;42.2;12.21;6.16;3.6;0.62;2.05;4.5;132.2;102.8;16.3;4.1;9;1.13;0.45;0.16;0.23
1;0;0;100;0;17.49;2.75;7.78;1.05;1.06;0.152;68.4;6.92;3.44;2.06;0.35;1.18;3.91;182.5;152.7;19.6;2.4;7.8;0.43;0.41;0.09;0.14;1.36;1.4;0.154;31.6;9.04;4.49;2.72;0.48;1.56;3.87;84.4;62.7;10.8;3.1;7.7;0.88;0.22;0.13;0.17
1;0;0;100;50;17.78;3.41;9.83;1.21;1.23;0.161;67.3;7.54;3.85;2.18;0.38;1.27;4.98;181.8;150.3;18.9;2.5;10;0.41;0.56;0.1;0.15;2;2.02;0.157;32.7;12.83;6.49;3.75;0.66;2.14;4.85;88.2;63.6;10.6;4.3;9.7;1.31;0.3;0.18;0.24
1;0;0;100;100;17.84;3.89;11.5;1.44;1.46;0.177;65.4;8.21;4.17;2.37;0.4;1.27;5.81;182.1;150.1;17.9;2.5;11.6;0.42;0.78;0.11;0.15;2.48;2.56;0.161;34.6;15.86;8.01;4.66;0.77;2.61;5.69;96.4;63.7;16.1;5.2;11.4;1.57;0.46;0.22;0.31
1;0;50;0;0;13.18;1.95;5.53;1.06;1.04;0.16;52.8;6.41;3.33;1.81;0.33;1.1;2.83;178.4;157.5;13;2.2;5.7;0.45;0.36;0.09;0.13;0.8;0.81;0.155;47.2;5.16;2.55;1.55;0.25;0.84;2.7;159.3;142.2;10.1;1.7;5.4;0.37;0.27;0.07;0.1
1;0;50;0;50;12.86;2.03;6.08;1.18;1.17;0.172;52.9;6.75;3.49;1.91;0.33;1.09;3.08;178.7;158.3;12.1;2.2;6.2;0.45;0.5;0.09;0.13;0.96;0.98;0.163;47.1;5.93;2.97;1.76;0.3;0.94;3;159.4;141.5;10;1.9;6;0.37;0.41;0.08;0.12
1;0;50;0;100;12.43;2.23;6.46;1.34;1.28;0.186;52.4;6.83;3.61;1.93;0.3;1.07;3.33;180.2;160.8;10.6;2.1;6.7;0.47;0.59;0.09;0.13;1.2;1.25;0.178;47.6;6.95;3.56;2.04;0.33;1.16;3.14;163.5;139.3;15.5;2.3;6.3;0.4;0.63;0.09;0.13
1;0;50;50;0;15.36;2.55;7.3;1.19;1.19;0.158;59.3;7.51;3.87;2.21;0.38;1.29;3.75;180;153.2;16.6;2.6;7.5;0.45;0.49;0.11;0.15;1.17;1.18;0.157;40.7;7.43;3.8;2.16;0.38;1.26;3.55;123.5;104.2;9.7;2.5;7.1;0.67;0.27;0.1;0.14
1;0;50;50;50;15.27;2.89;8.46;1.38;1.35;0.172;58.6;7.78;4.02;2.23;0.37;1.27;4.27;179.1;152.5;15.5;2.5;8.5;0.43;0.66;0.11;0.15;1.63;1.62;0.163;41.4;9.9;4.92;2.97;0.5;1.62;4.18;126.2;104.7;9.9;3.2;8.4;0.9;0.4;0.13;0.18
1;0;50;50;100;15.21;3.32;9.72;1.68;1.59;0.194;58.3;8.16;4.41;2.19;0.41;1.27;4.93;186.6;152.2;22;2.5;9.9;0.43;0.89;0.12;0.16;2.15;2.15;0.17;41.7;12.58;6.42;3.68;0.59;2.05;4.79;133.4;104.9;14.9;4.1;9.6;1.15;0.6;0.18;0.23
1;0;50;100;0;17.39;2.96;8.58;1.4;1.39;0.161;67.9;8.6;4.37;2.54;0.43;1.46;4.3;180.3;148.4;20.4;2.9;8.6;0.42;0.67;0.13;0.17;1.44;1.44;0.158;32.1;9.07;4.53;2.7;0.47;1.5;4.28;85.3;64.3;9.4;3;8.6;0.88;0.27;0.12;0.17
1;0;50;100;50;17.39;3.73;10.46;1.58;1.61;0.177;67.7;9.03;4.72;2.55;0.41;1.52;5.24;188.1;145.6;29;3;10.5;0.41;0.9;0.12;0.17;2.14;2.14;0.162;32.3;13.11;6.66;3.82;0.61;2.2;5.23;89.5;65.4;9.2;4.4;10.5;1.34;0.36;0.18;0.25
1;0;50;100;100;17.47;4.17;12.02;1.98;1.86;0.196;65.9;9.46;5.04;2.59;0.46;1.49;6.01;187.5;145;27.5;3;12;0.4;1.15;0.13;0.17;2.6;2.71;0.168;34.1;16.08;8.2;4.67;0.82;2.69;6;96.8;65.6;13.8;5.4;12;1.62;0.56;0.22;0.31
1;0;100;0;0;12.82;2.17;6.13;1.3;1.27;0.168;53.1;7.5;3.89;2.14;0.37;1.26;3.08;183;154.8;19.6;2.5;6.2;0.46;0.54;0.11;0.15;0.86;0.88;0.162;46.9;5.35;2.7;1.55;0.29;0.91;3.04;161.4;144.6;8.9;1.8;6.1;0.38;0.32;0.08;0.1
1;0;100;0;50;12.44;2.28;6.38;1.49;1.46;0.188;53.1;7.72;4.1;2.12;0.35;1.29;3.17;182.6;155.6;18.1;2.6;6.3;0.46;0.74;0.11;0.15;1.07;1.1;0.176;46.9;6.15;3.14;1.77;0.32;0.99;3.21;161.2;143.8;9;2;6.4;0.39;0.51;0.08;0.12
1;0;100;0;100;12.01;2.32;6.65;1.64;1.6;0.202;52.7;7.86;4.21;2.2;0.36;1.25;3.35;183.2;157.5;16.5;2.5;6.7;0.47;0.87;0.11;0.14;1.32;1.32;0.192;47.3;6.8;3.53;1.94;0.31;1.07;3.29;164.4;142.2;13.5;2.1;6.6;0.4;0.71;0.09;0.12
1;0;100;50;0;15.2;2.76;7.91;1.52;1.53;0.172;59.7;8.87;4.54;2.57;0.43;1.47;4;185.8;149.5;25.4;2.9;8;0.46;0.79;0.12;0.16;1.24;1.26;0.163;40.3;7.68;3.88;2.28;0.4;1.29;3.91;125.6;106.6;8.6;2.6;7.8;0.68;0.32;0.11;0.15
1;0;100;50;50;14.9;3.16;9.08;1.81;1.76;0.189;59;9.27;4.93;2.62;0.38;1.5;4.58;184.4;148.1;24.1;3;9.2;0.44;1.01;0.13;0.18;1.76;1.74;0.17;41;10.17;5.19;2.96;0.5;1.66;4.5;128;107.4;8.3;3.3;9;0.94;0.47;0.14;0.19
1;0;100;50;100;14.73;3.57;10.31;2.05;1.98;0.213;57.8;9.29;4.99;2.59;0.43;1.42;5.25;184;148.8;21.9;2.8;10.5;0.44;1.24;0.12;0.18;2.34;2.31;0.177;42.2;13;6.76;3.72;0.64;2.15;5.06;134.3;107;12.8;4.3;10.1;1.22;0.68;0.17;0.24
1;0;100;100;0;17.21;3.28;9.32;1.85;1.75;0.171;68.3;10.14;5.32;2.88;0.48;1.65;4.75;187.2;143.6;30.9;3.3;9.5;0.42;0.99;0.14;0.2;1.51;1.54;0.162;31.7;9.4;4.7;2.81;0.48;1.62;4.56;86.8;66.2;8.3;3.2;9.1;0.92;0.31;0.14;0.17
1;0;100;100;50;17.57;3.96;11.4;2.11;2.05;0.19;67;10.75;5.62;3.07;0.51;1.73;5.66;185.6;140.5;30.3;3.5;11.3;0.41;1.31;0.13;0.2;2.29;2.25;0.168;33;13.34;6.87;3.87;0.68;2.23;5.74;91.3;67.3;8;4.5;11.5;1.35;0.46;0.19;0.25
1;0;100;100;100;17.19;4.47;12.8;2.48;2.41;0.216;65.5;11.14;6.07;3.07;0.48;1.75;6.55;185.2;140.5;28.1;3.5;13.1;0.42;1.63;0.15;0.21;2.83;2.83;0.173;34.5;16.3;8.42;4.75;0.79;2.73;6.25;97.3;67.3;12.1;5.5;12.5;1.67;0.63;0.22;0.31
1;50;0;0;0;15.69;2.37;6.57;1.35;1.31;0.164;47.2;7.92;4.11;2.3;0.37;1.37;3.35;144;121.9;12.6;2.7;6.7;0.78;0.26;0.11;0.16;0.84;0.86;0.146;52.8;5.77;2.87;1.74;0.31;0.99;3.23;161;137.8;14.8;2;6.5;0.36;0.3;0.08;0.12
1;50;0;0;50;15.17;2.55;7.22;1.38;1.39;0.169;47.4;8.16;4.16;2.38;0.4;1.38;3.63;144.6;123.1;11.5;2.8;7.3;0.79;0.32;0.13;0.16;1.06;1.04;0.15;52.6;6.84;3.48;2.03;0.35;1.17;3.59;160.4;136.4;14.5;2.3;7.2;0.39;0.43;0.1;0.13
1;50;0;0;100;14.81;2.63;7.67;1.49;1.47;0.175;47;8.34;4.25;2.42;0.43;1.32;3.87;146.5;125.9;10.3;2.6;7.7;0.81;0.37;0.12;0.16;1.28;1.31;0.166;53;7.85;4;2.31;0.39;1.31;3.8;165.5;133.1;22.2;2.6;7.6;0.36;0.69;0.11;0.15
1;50;0;50;0;17.39;2.76;7.85;1.45;1.41;0.162;53.9;8.63;4.44;2.47;0.4;1.46;3.96;146.2;119.4;15.9;2.9;7.9;0.78;0.33;0.13;0.17;1.2;1.19;0.151;46.1;7.84;3.87;2.38;0.39;1.3;3.89;125;100.5;14.1;2.6;7.8;0.63;0.3;0.1;0.15
1;50;0;50;50;17.37;3.34;9.39;1.51;1.49;0.168;53.5;8.87;4.6;2.54;0.42;1.52;4.75;146.9;119.7;14.6;3;9.5;0.77;0.42;0.13;0.18;1.65;1.66;0.154;46.5;10.69;5.38;3.19;0.56;1.82;4.64;127.5;100.2;14.3;3.6;9.3;0.88;0.42;0.15;0.21
1;50;0;50;100;17.25;3.71;10.75;1.64;1.63;0.178;52;9.14;4.72;2.67;0.43;1.43;5.36;147.8;120.5;13.7;2.9;10.7;0.77;0.56;0.13;0.18;2.13;2.21;0.164;48;13.45;6.8;3.93;0.69;2.28;5.39;136.4;99.6;21.5;4.6;10.8;1.1;0.66;0.19;0.26
1;50;0;100;0;19.35;3.1;9.08;1.51;1.47;0.159;63;9.16;4.58;2.68;0.49;1.49;4.6;148.7;117.3;19.3;3;9.2;0.77;0.4;0.12;0.18;1.45;1.47;0.153;37;9.57;4.81;2.83;0.49;1.61;4.48;87.3;61.4;13.8;3.2;9;0.87;0.28;0.13;0.19
1;50;0;100;50;19.45;3.91;11.29;1.72;1.64;0.166;62;9.85;5.01;2.84;0.48;1.61;5.67;149;116.1;18.4;3.2;11.3;0.78;0.54;0.14;0.19;2.02;2.13;0.156;38;13.61;6.74;4.03;0.72;2.3;5.61;91.4;61.9;13.6;4.6;11.2;1.27;0.41;0.19;0.26
1;50;0;100;100;19.48;4.42;12.94;1.84;1.85;0.178;59.8;10.39;5.31;3.09;0.5;1.66;6.61;150.4;116.7;17.2;3.3;13.2;0.76;0.75;0.14;0.2;2.75;2.71;0.163;40.2;16.59;8.52;4.72;0.81;2.76;6.34;100.9;61.7;21;5.5;12.7;1.52;0.66;0.23;0.3
1;50;50;0;0;15.3;2.73;7.87;1.78;1.75;0.167;47.5;10.43;5.32;3;0.55;1.74;3.93;145.8;121.9;12.7;3.5;7.9;1.07;0.35;0.14;0.19;0.98;0.94;0.154;52.5;6.02;3.05;1.77;0.29;1;3.94;161;137.8;13.3;2;7.9;0.37;0.38;0.08;0.12
1;50;50;0;50;14.98;2.91;8.51;1.9;1.89;0.175;48;10.78;5.48;3.23;0.5;1.72;4.35;147.4;124;11.3;3.4;8.7;1.08;0.46;0.15;0.2;1.16;1.17;0.164;52;7.07;3.62;2.06;0.32;1.18;4.15;159.7;135.4;13.6;2.4;8.3;0.37;0.59;0.1;0.12
1;50;50;0;100;14.69;3.04;8.92;2.09;2.01;0.183;47.2;10.96;5.77;3.1;0.52;1.74;4.46;148.2;125.5;10.3;3.5;8.9;1.09;0.57;0.16;0.2;1.5;1.49;0.182;52.8;8.15;4.21;2.38;0.41;1.29;4.46;165.6;133.6;20.6;2.6;8.9;0.37;0.85;0.11;0.15
1;50;50;50;0;17.51;3.25;9.28;1.91;1.9;0.165;53.9;11.47;5.83;3.3;0.57;1.91;4.68;147.5;118.1;16.2;3.8;9.4;1.03;0.49;0.17;0.22;1.34;1.27;0.156;46.2;8.06;4.09;2.39;0.4;1.34;4.59;126.4;101.6;12.9;2.7;9.2;0.65;0.36;0.11;0.15
1;50;50;50;50;17.54;3.82;10.79;2.14;2.08;0.174;53.6;11.91;6.18;3.32;0.62;2;5.44;148.8;118.6;15.3;4;10.9;1.04;0.65;0.17;0.22;1.77;1.8;0.163;46.4;10.95;5.43;3.28;0.57;1.82;5.35;128.6;101.2;13.1;3.6;10.7;0.88;0.57;0.15;0.21
1;50;50;50;100;17.16;4.26;12.2;2.37;2.31;0.188;53.4;12.23;6.41;3.43;0.59;2;6.15;156.4;119.2;20.9;4;12.3;1.06;0.85;0.17;0.23;2.37;2.39;0.173;46.6;13.79;7.06;4;0.71;2.26;6.05;136.7;100.7;19.4;4.5;12.1;1.13;0.81;0.19;0.26
1;50;50;100;0;19.49;3.75;10.53;2.04;2.06;0.167;62.7;12.35;6.27;3.59;0.61;2.12;5.38;149.7;115;19.7;4.2;10.8;1;0.65;0.18;0.23;1.5;1.53;0.158;37.3;9.66;4.88;2.76;0.48;1.62;5.15;88.9;62.5;12.8;3.2;10.3;0.87;0.36;0.13;0.17
1;50;50;100;50;19.53;4.38;13;2.33;2.33;0.178;63;13.06;6.58;3.83;0.64;2.02;6.55;158.9;113.6;28.1;4;13.1;1;0.9;0.17;0.26;2.28;2.29;0.163;37;14.03;7.09;4.18;0.7;2.35;6.45;93.2;63.2;12.5;4.7;12.9;1.3;0.54;0.19;0.26
1;50;50;100;100;19.49;5.02;14.25;2.52;2.54;0.19;60.9;13.31;6.99;3.76;0.65;2.12;7.16;159;113.9;26.5;4.2;14.3;0.98;1.12;0.18;0.26;2.85;2.91;0.171;39.1;17.01;8.59;5.01;0.83;2.9;7.09;101.9;63;18.9;5.8;14.2;1.56;0.79;0.25;0.32
1;50;100;0;0;15.39;3.23;9.47;2.32;2.34;0.173;48.8;13.47;6.99;3.83;0.69;2.21;4.79;154.3;121.3;19;4.4;9.6;1.35;0.53;0.19;0.26;1.04;1.08;0.169;51.3;6.3;3.16;1.91;0.3;1.02;4.68;162.3;138.5;12.4;2;9.4;0.36;0.5;0.09;0.12
1;50;100;0;50;14.98;3.39;9.65;2.54;2.5;0.183;48.1;13.6;7.06;3.88;0.62;2.19;4.95;154.6;123.3;17;4.4;9.9;1.36;0.69;0.18;0.26;1.39;1.38;0.186;51.9;7.36;3.85;2.05;0.37;1.21;4.71;167;136.1;19;2.4;9.4;0.38;0.77;0.1;0.14
1;50;100;0;100;14.73;3.64;10.21;2.65;2.64;0.191;48.4;13.79;7.24;3.87;0.66;2.27;5.1;155.7;125.5;15.4;4.5;10.2;1.39;0.82;0.19;0.24;1.71;1.75;0.205;51.6;8.49;4.47;2.38;0.4;1.38;5.11;166.1;133.6;19.6;2.8;10.2;0.38;1.1;0.11;0.16
1;50;100;50;0;17.24;3.73;10.85;2.61;2.55;0.175;55.2;14.52;7.54;4.2;0.7;2.35;5.51;157.2;117.1;24.4;4.7;11;1.31;0.74;0.21;0.28;1.38;1.39;0.166;44.8;8.3;4.17;2.48;0.42;1.39;5.34;127.5;102.4;11.6;2.8;10.7;0.65;0.47;0.11;0.16
1;50;100;50;50;17.11;4.18;12.04;2.81;2.69;0.184;53.6;14.57;7.68;4.1;0.7;2.31;5.98;156.8;117.8;22.5;4.6;12;1.3;0.93;0.19;0.27;1.98;2;0.177;46.4;11.23;5.76;3.2;0.6;1.87;6.06;135.9;101.9;18.1;3.7;12.1;0.89;0.74;0.16;0.21
1;50;100;50;100;16.84;4.59;13.35;3.01;2.97;0.198;53.2;14.96;7.87;4.2;0.73;2.32;6.67;156.5;117.7;20.8;4.6;13.3;1.32;1.18;0.19;0.28;2.54;2.58;0.185;46.8;13.89;7.23;3.92;0.66;2.27;6.68;137.5;102;17.7;4.5;13.4;1.15;0.99;0.19;0.25
1;50;100;100;0;19.16;4.21;12.1;2.73;2.72;0.174;63.9;15.56;7.93;4.47;0.79;2.53;6.17;159.9;113;29.5;5.1;12.3;1.26;0.94;0.21;0.3;1.74;1.69;0.165;36.1;10.2;5.21;2.95;0.49;1.67;5.92;90.2;63.5;11.5;3.3;11.8;0.9;0.47;0.13;0.19
1;50;100;100;50;19.56;4.99;14.44;2.91;3.03;0.186;61.6;16.25;8.38;4.64;0.78;2.61;7.31;160.7;112.1;28.7;5.2;14.6;1.26;1.23;0.22;0.32;2.44;2.49;0.173;38.4;14.37;7.3;4.22;0.7;2.38;7.13;100;64;17;4.8;14.3;1.31;0.71;0.2;0.28
1;50;100;100;100;19.4;5.43;15.57;3.36;3.31;0.203;60.8;16.28;8.64;4.54;0.81;2.58;7.82;159.4;111.9;26.8;5.2;15.6;1.23;1.56;0.22;0.29;3.14;3.14;0.18;39.2;17.34;9.06;4.89;0.84;2.85;7.75;102.7;64.1;17.4;5.7;15.5;1.59;0.99;0.24;0.31
1;100;0;0;0;17.46;2.71;7.78;1.67;1.63;0.167;39.5;9.74;4.95;2.86;0.49;1.59;3.92;106.2;82.7;12.4;3.2;7.8;1.06;0.26;0.14;0.18;0.92;0.94;0.144;60.5;6.4;3.21;1.9;0.31;1.12;3.86;162.9;135.2;17.7;2.2;7.7;0.36;0.37;0.08;0.13
1;100;0;0;50;17.42;2.98;8.49;1.72;1.7;0.171;40;9.89;5.04;2.88;0.53;1.63;4.22;107.5;84.5;11.3;3.3;8.4;1.08;0.3;0.14;0.18;1.19;1.22;0.155;60;7.8;3.96;2.28;0.36;1.35;4.27;161.6;132.1;18.2;2.7;8.5;0.36;0.59;0.12;0.15
1;100;0;0;100;16.93;3.25;9.1;1.9;1.79;0.176;39.3;10.13;5.29;2.88;0.5;1.64;4.62;108.9;86.7;9.7;3.3;9.2;1.09;0.35;0.15;0.19;1.52;1.57;0.166;60.7;9.38;4.73;2.77;0.45;1.6;4.48;168.4;128.2;28;3.2;9;0.37;0.9;0.14;0.17
1;100;0;50;0;19.35;3.17;9.03;1.74;1.69;0.165;46.2;10.2;5.29;2.92;0.48;1.7;4.57;109.5;81.3;15.7;3.4;9.1;1.03;0.32;0.15;0.19;1.3;1.3;0.149;53.8;8.64;4.32;2.52;0.5;1.46;4.46;127.7;98.4;17.4;2.9;8.9;0.64;0.37;0.13;0.16
1;100;0;50;50;19.19;3.69;10.6;1.83;1.81;0.169;46.1;10.63;5.39;3.06;0.55;1.71;5.3;110.6;82.2;14.4;3.4;10.6;1.05;0.41;0.14;0.2;1.77;1.83;0.157;53.9;11.59;5.75;3.49;0.58;1.98;5.3;129.6;97.3;17.7;4;10.6;0.85;0.58;0.16;0.23
1;100;0;50;100;19.27;4.26;12.26;2.04;1.98;0.178;44.6;11.09;5.8;3.13;0.56;1.79;6.27;112.6;83.5;13;3.6;12.5;1.07;0.53;0.16;0.22;2.41;2.41;0.164;55.4;14.66;7.47;4.24;0.73;2.46;5.99;139.8;95.7;27.2;4.9;12;1.07;0.88;0.2;0.26
1;100;0;100;0;20.91;3.47;10.08;1.76;1.75;0.163;55.3;10.72;5.45;3.07;0.52;1.79;5.07;112.2;79.9;18.6;3.6;10.1;1.01;0.38;0.15;0.21;1.59;1.58;0.152;44.7;10.32;5.11;3.13;0.5;1.68;5;90.7;60.1;17.2;3.4;10;0.86;0.36;0.14;0.22
1;100;0;100;50;21.36;4.36;12.36;1.9;1.93;0.168;54.7;11.46;5.8;3.43;0.55;1.93;6.27;114;79.7;17.9;3.9;12.5;1.01;0.53;0.16;0.23;2.22;2.27;0.158;45.3;14.36;7.21;4.25;0.68;2.43;6.08;94.5;60.3;17.2;4.9;12.2;1.24;0.56;0.2;0.27
1;100;0;100;100;21.32;4.85;14.09;2.17;2.13;0.177;52.3;11.97;6.19;3.41;0.59;1.93;7.1;115.4;80.4;16.9;3.9;14.2;1.04;0.72;0.15;0.22;2.8;2.86;0.163;47.7;17.41;8.82;5.14;0.85;2.92;6.99;105.3;59.7;25.8;5.8;14;1.46;0.84;0.24;0.33
1;100;50;0;0;17.58;3.47;10;2.35;2.39;0.17;40.6;13.99;7.14;4.06;0.68;2.32;5.07;110.8;83.8;12.3;4.6;10.1;1.57;0.35;0.19;0.28;1.03;1.08;0.154;59.4;6.9;3.48;2.04;0.34;1.16;4.94;162.5;133.4;16.9;2.3;9.9;0.34;0.5;0.1;0.14
1;100;50;0;50;17.23;3.62;10.65;2.49;2.51;0.176;39.9;14.24;7.24;4.13;0.71;2.27;5.46;112.1;85.8;10.8;4.5;10.9;1.61;0.44;0.2;0.26;1.44;1.43;0.171;60.1;8.27;4.25;2.35;0.41;1.35;5.19;168.7;129.8;25.9;2.7;10.4;0.35;0.82;0.11;0.15
1;100;50;0;100;17.16;3.97;11.4;2.71;2.67;0.182;40.6;14.64;7.6;4.23;0.7;2.38;5.85;114.1;87.9;9.7;4.8;11.7;1.64;0.54;0.21;0.28;1.87;1.83;0.185;59.4;9.86;5.13;2.75;0.48;1.59;5.56;167.2;126.2;26.8;3.2;11.1;0.36;1.16;0.13;0.17
1;100;50;50;0;19.35;4;11.3;2.52;2.47;0.169;46.9;14.65;7.53;4.24;0.74;2.49;5.77;113.7;81.7;15.5;5;11.5;1.53;0.46;0.21;0.28;1.38;1.4;0.156;53.1;8.91;4.47;2.59;0.48;1.51;5.53;128.5;97.9;16.5;3;11.1;0.62;0.48;0.12;0.17
1;100;50;50;50;19.47;4.54;12.75;2.73;2.64;0.175;45.1;15.04;7.84;4.25;0.76;2.49;6.42;114.3;82.2;14.3;5;12.8;1.52;0.61;0.21;0.3;2;2.03;0.168;54.9;12.03;6.13;3.51;0.58;2.05;6.33;139.1;97.2;25.2;4.1;12.7;0.84;0.8;0.17;0.23
1;100;50;50;100;19.44;4.99;14.12;2.83;2.81;0.186;46.5;15.1;7.88;4.19;0.72;2.47;7.05;122.2;83.5;19.6;4.9;14.1;1.53;0.8;0.21;0.27;2.59;2.65;0.176;53.5;15.03;7.73;4.31;0.74;2.52;7.06;140.6;95.7;25.8;5;14.1;1.07;1.1;0.21;0.28
1;100;50;100;0;21.17;4.42;12.42;2.71;2.66;0.17;55.6;15.62;7.93;4.55;0.79;2.65;6.25;116;79;19.1;5.3;12.5;1.49;0.63;0.24;0.3;1.59;1.67;0.158;44.4;10.56;5.25;3.14;0.54;1.77;6.17;92.5;60.7;15.9;3.5;12.3;0.85;0.47;0.16;0.2
1;100;50;100;50;21.44;5.05;14.63;2.81;2.85;0.178;54.8;15.96;8.18;4.7;0.75;2.62;7.34;126.1;79.1;27;5.2;14.7;1.48;0.84;0.22;0.31;2.51;2.45;0.166;45.2;14.69;7.53;4.33;0.7;2.43;7.29;104.1;60.7;24;4.9;14.6;1.23;0.74;0.2;0.28
1;100;50;100;100;21.5;5.67;16.04;3.2;3.1;0.188;54.3;16.47;8.71;4.47;0.8;2.66;8.07;126.6;79.7;25.5;5.3;16.1;1.48;1.09;0.22;0.31;3;3.13;0.173;45.7;18.02;9.16;5.29;0.87;3.01;7.97;106.7;60.3;24.5;6;15.9;1.48;1.06;0.25;0.34
1;100;100;0;0;17.38;4;11.29;3.04;2.93;0.174;42.2;16.82;8.67;4.79;0.81;2.81;5.64;118.7;83.8;18;5.6;11.3;1.88;0.5;0.23;0.32;1.24;1.25;0.171;57.8;7.25;3.71;2.06;0.33;1.19;5.65;162.9;133.3;15.9;2.4;11.3;0.34;0.68;0.1;0.13
1;100;100;0;50;17.05;4.17;12.07;3.19;3.15;0.182;41.4;17.28;8.92;4.94;0.82;2.74;6.14;119.6;85.6;16.2;5.5;12.3;1.93;0.66;0.23;0.33;1.58;1.66;0.19;58.6;8.71;4.51;2.54;0.4;1.43;5.94;169.1;130.1;24.3;2.9;11.9;0.35;1.02;0.12;0.16
1;100;100;0;100;17.2;4.48;12.93;3.29;3.32;0.188;42.1;17.64;9.19;5.05;0.88;2.89;6.5;121.3;87.9;14.6;5.8;13;1.97;0.78;0.24;0.33;2.14;2.15;0.211;57.9;10.16;5.39;2.86;0.51;1.59;6.43;167.3;126.1;25.1;3.2;12.9;0.35;1.48;0.13;0.19
1;100;100;50;0;19.54;4.36;12.7;3.23;3.11;0.175;48.6;17.72;9.16;5.04;0.88;2.87;6.37;123.1;80.8;23.7;5.7;12.7;1.8;0.73;0.25;0.33;1.61;1.58;0.168;51.4;9.32;4.73;2.73;0.47;1.49;6.33;130.1;98.9;15.5;3;12.7;0.62;0.65;0.13;0.18
1;100;100;50;50;19.11;4.99;14.19;3.4;3.36;0.183;47.2;18.33;9.52;5.16;0.91;2.97;7.21;124;81.9;21.8;5.9;14.4;1.86;0.91;0.26;0.34;2.28;2.22;0.18;52.8;12.31;6.44;3.44;0.6;2.02;6.97;138.7;97.7;23;4;13.9;0.86;0.98;0.17;0.22
1;100;100;50;100;19.15;5.32;15.61;3.5;3.58;0.193;47.1;18.45;9.65;5.24;0.91;2.95;7.88;124.5;83.1;19.8;5.9;15.8;1.86;1.11;0.25;0.36;2.93;2.91;0.191;52.9;15.15;7.94;4.2;0.8;2.37;7.74;139.9;96.2;23.5;4.7;15.5;1.06;1.38;0.19;0.28
1;100;100;100;0;21.35;5.06;14.08;3.41;3.34;0.175;57.5;19.03;9.76;5.41;0.96;3.19;7.03;127.4;77.5;29.5;6.4;14.1;1.75;0.95;0.27;0.36;1.86;1.86;0.167;42.5;11.06;5.66;3.19;0.57;1.88;7.05;94.2;61.9;14.4;3.8;14.1;0.88;0.61;0.15;0.21
1;100;100;100;50;21.44;5.63;16.19;3.58;3.55;0.185;54.7;19.22;10.02;5.43;0.93;3.12;8.09;127.2;77.6;27.2;6.2;16.2;1.73;1.19;0.27;0.36;2.73;2.71;0.176;45.3;15.37;7.9;4.41;0.78;2.51;8.1;105.3;61.8;22.3;5;16.2;1.28;0.93;0.22;0.28
1;100;100;100;100;21.45;6.06;17.65;3.96;3.9;0.198;54.4;19.66;10.45;5.44;0.93;3.08;8.78;127.8;78.4;25.8;6.2;17.6;1.75;1.52;0.27;0.36;3.29;3.42;0.185;45.6;18.41;9.43;5.29;0.97;2.98;8.87;107.3;61.2;22.4;6;17.7;1.51;1.31;0.24;0.35
2;0;0;0;0;13.53;1.83;5.12;0.94;0.92;0.157;52.9;5.81;2.93;1.67;0.33;0.97;2.55;178.6;157.8;13.7;1.9;5.1;0.45;0.28;0.09;0.11;0.71;0.73;0.147;47.1;4.87;2.44;1.42;0.25;0.87;2.57;159;141.9;10.2;1.7;5.1;0.37;0.21;0.07;0.09
2;0;0;0;50;13.25;1.9;5.49;1.06;1;0.165;53;6.01;3.06;1.73;0.3;1.01;2.72;179.2;159.1;12.7;2;5.4;0.46;0.35;0.09;0.11;0.8;0.82;0.15;47;5.39;2.69;1.62;0.26;0.89;2.77;158.6;140.8;10.5;1.8;5.5;0.36;0.29;0.07;0.11
2;0;0;0;100;12.71;2.03;6;1.13;1.09;0.172;52.5;6.25;3.23;1.77;0.32;0.98;3.02;180.2;160.6;11.6;2;6;0.46;0.43;0.09;0.11;0.95;1;0.158;47.5;6.22;3.1;1.83;0.31;1.04;2.97;162.8;139.4;15.3;2.1;5.9;0.37;0.43;0.08;0.12
2;0;0;50;0;15.38;2.32;6.54;1.08;1.01;0.155;59.6;6.43;3.29;1.87;0.33;1.1;3.35;180.4;154.5;17;2.2;6.7;0.43;0.35;0.1;0.13;1.03;1.08;0.152;40.4;7.05;3.53;2.1;0.38;1.22;3.19;122.1;103.5;9.9;2.4;6.4;0.66;0.2;0.1;0.13
2;0;0;50;50;15.58;2.69;7.86;1.16;1.11;0.162;59.1;6.78;3.39;2.05;0.35;1.1;3.91;180.4;154.1;16.2;2.2;7.8;0.44;0.45;0.09;0.13;1.44;1.47;0.155;40.9;9.4;4.64;2.79;0.5;1.59;3.95;124.9;103.7;10.2;3.2;7.9;0.88;0.28;0.12;0.18
2;0;0;50;100;15.42;3.2;9.15;1.32;1.3;0.178;57.9;7.26;3.74;2.11;0.37;1.19;4.74;181;154;15.2;2.4;9.5;0.43;0.62;0.1;0.15;1.85;1.88;0.159;42.1;11.77;5.95;3.47;0.57;2.01;4.42;131.7;103.8;15.1;4;8.8;1.11;0.42;0.15;0.21
2;0;0;100;0;17.57;2.71;7.8;1.11;1.1;0.152;68.5;7.19;3.55;2.18;0.35;1.19;3.9;182.1;151.2;20.8;2.4;7.8;0.43;0.43;0.1;0.13;1.34;1.36;0.154;31.5;8.74;4.41;2.57;0.45;1.52;3.9;83.9;63.3;9.7;3;7.8;0.88;0.2;0.12;0.17
2;0;0;100;50;17.66;3.36;9.74;1.31;1.28;0.162;67.5;7.87;3.98;2.26;0.41;1.31;4.96;181.5;149.3;19.7;2.6;9.9;0.43;0.59;0.12;0.15;1.91;1.93;0.156;32.5;12.28;6.15;3.62;0.63;2.05;4.79;87.4;64;9.7;4.1;9.6;1.27;0.27;0.15;0.23
2;0;0;100;100;17.72;3.95;11.23;1.54;1.51;0.178;65.6;8.43;4.35;2.38;0.4;1.41;5.75;181.3;148.1;18.9;2.8;11.5;0.42;0.81;0.12;0.16;2.34;2.41;0.16;34.4;15.04;7.56;4.45;0.79;2.54;5.48;95;64.5;14.5;5.1;11;1.53;0.41;0.2;0.28
2;0;50;0;0;13.17;1.86;5.5;1.16;1.07;0.159;52.6;6.66;3.4;1.99;0.35;1.06;2.76;177.3;155.8;13.8;2.1;5.5;0.45;0.39;0.09;0.13;0.77;0.77;0.152;47.4;4.88;2.43;1.41;0.27;0.8;2.75;159.9;143.7;9.2;1.6;5.5;0.36;0.25;0.06;0.09
2;0;50;0;50;12.79;2.11;6.04;1.26;1.23;0.173;52.9;7.05;3.67;2.04;0.32;1.18;3.12;178.7;157.2;12.9;2.4;6.2;0.46;0.53;0.11;0.14;0.92;0.95;0.164;47.1;5.74;2.9;1.67;0.28;0.93;2.92;159.4;142.4;9.2;1.9;5.8;0.38;0.38;0.08;0.11
2;0;50;0;100;12.45;2.23;6.41;1.44;1.39;0.188;52.1;7.36;3.85;2.09;0.38;1.15;3.27;178.4;157.7;11.9;2.3;6.5;0.47;0.67;0.1;0.14;1.12;1.14;0.177;47.9;6.37;3.24;1.87;0.32;1.08;3.15;164.3;142;13.8;2.2;6.3;0.39;0.54;0.08;0.12
2;0;50;50;0;15.23;2.44;7.1;1.23;1.21;0.157;59.2;7.63;3.8;2.25;0.42;1.22;3.57;178.9;152;17.3;2.4;7.1;0.45;0.5;0.11;0.15;1.1;1.11;0.157;40.8;7.05;3.53;2.05;0.36;1.22;3.53;123.4;105;8.9;2.4;7.1;0.65;0.24;0.1;0.13
2;0;50;50;50;15.34;2.9;8.44;1.52;1.42;0.173;58.5;8.17;4.26;2.29;0.43;1.33;4.25;178.4;150.6;16.7;2.7;8.5;0.44;0.7;0.12;0.15;1.54;1.55;0.162;41.5;9.51;4.76;2.84;0.5;1.57;4.19;126.3;105.9;8.9;3.1;8.4;0.88;0.36;0.12;0.19
2;0;50;50;100;15.15;3.38;9.74;1.76;1.69;0.194;58.3;8.67;4.55;2.43;0.39;1.38;5.02;186;150;23.2;2.8;10;0.45;0.96;0.13;0.16;1.89;2.04;0.169;41.7;12.02;6.06;3.59;0.56;2;4.72;133;106.3;13.3;4;9.4;1.14;0.52;0.15;0.22
2;0;50;100;0;17.52;2.95;8.6;1.45;1.44;0.161;67.8;8.88;4.48;2.6;0.47;1.45;4.31;179.5;146.7;21.3;2.9;8.6;0.43;0.71;0.13;0.17;1.32;1.37;0.157;32.2;8.66;4.32;2.58;0.43;1.51;4.28;85.1;65;8.6;3;8.6;0.87;0.24;0.1;0.16
2;0;50;100;50;17.44;3.69;10.69;1.69;1.71;0.178;68.1;9.55;4.97;2.72;0.48;1.58;5.45;189.2;144.8;30.3;3.2;10.9;0.44;0.95;0.14;0.18;2.03;2.07;0.162;31.9;12.75;6.35;3.79;0.66;2.11;5.24;88.6;65.7;8.2;4.2;10.5;1.32;0.34;0.17;0.24
2;0;50;100;100;17.75;4.15;12;2.1;2;0.197;66.3;10.12;5.37;2.86;0.48;1.61;6.14;188.2;143.1;29.6;3.2;12.3;0.42;1.25;0.15;0.18;2.52;2.56;0.167;33.7;15.26;7.86;4.46;0.73;2.54;5.86;95.7;66.3;12.5;5.1;11.7;1.56;0.51;0.2;0.29
2;0;100;0;0;12.75;2.04;5.96;1.35;1.29;0.168;53.1;7.65;3.92;2.14;0.4;1.23;3.02;182.7;153;21.2;2.5;6;0.44;0.59;0.12;0.14;0.83;0.83;0.161;46.9;5.05;2.54;1.46;0.24;0.81;2.94;161.6;146.1;7.9;1.6;5.9;0.38;0.29;0.06;0.09
2;0;100;0;50;12.51;2.21;6.53;1.57;1.53;0.188;53.3;8.1;4.23;2.35;0.42;1.27;3.39;183.6;154.7;19.6;2.5;6.8;0.47;0.79;0.11;0.16;1;1.01;0.175;46.7;5.7;2.92;1.66;0.29;0.94;3.14;160.8;144.6;8;1.9;6.3;0.38;0.46;0.08;0.1
2;0;100;0;100;12.21;2.4;6.74;1.71;1.7;0.209;52.6;8.11;4.33;2.23;0.4;1.29;3.46;183.1;155.7;17.9;2.6;6.9;0.46;0.98;0.11;0.15;1.25;1.22;0.187;47.4;6.49;3.46;1.83;0.28;1.11;3.28;165;143.7;12.5;2.2;6.6;0.4;0.63;0.09;0.11
2;0;100;50;0;15.01;2.79;7.83;1.61;1.6;0.172;59.7;9.21;4.76;2.61;0.48;1.57;4.07;185.8;147.9;26.5;3.1;8.1;0.45;0.83;0.14;0.18;1.19;1.19;0.162;40.3;7.28;3.69;2.13;0.39;1.23;3.76;125.2;107.5;7.6;2.5;7.5;0.68;0.28;0.1;0.14
2;0;100;50;50;15.08;3.07;9.23;1.92;1.84;0.19;58.9;9.65;5.03;2.82;0.44;1.49;4.66;184.1;146.4;25.5;3;9.3;0.43;1.08;0.13;0.19;1.66;1.66;0.169;41.1;9.79;4.98;2.88;0.49;1.58;4.57;128.5;108.5;7.7;3.2;9.1;0.92;0.43;0.12;0.19
2;0;100;50;100;14.88;3.5;10.16;2.04;2.14;0.22;57.9;9.72;5.2;2.68;0.48;1.5;5.21;184;147.1;23.5;3;10.4;0.44;1.38;0.14;0.17;2.15;2.13;0.173;42.1;12.28;6.32;3.53;0.6;2.01;4.95;133.6;108.1;11.6;4;9.9;1.17;0.58;0.16;0.23
2;0;100;100;0;17.49;3.38;9.38;1.88;1.86;0.172;68.6;10.73;5.57;3.09;0.52;1.82;4.83;188.3;142.3;32.7;3.6;9.7;0.44;1.05;0.16;0.2;1.43;1.46;0.161;31.4;9;4.57;2.59;0.47;1.56;4.55;86.3;66.6;7.5;3.1;9.1;0.9;0.28;0.12;0.16
2;0;100;100;50;17.43;3.9;11.34;2.25;2.13;0.191;67.2;11.12;5.86;3.1;0.55;1.76;5.77;185.9;139.6;31.2;3.5;11.5;0.42;1.35;0.16;0.2;2.13;2.16;0.166;32.8;12.96;6.61;3.73;0.69;2.15;5.58;90.5;67.6;7.5;4.3;11.2;1.34;0.41;0.16;0.25
2;0;100;100;100;17.41;4.38;12.66;2.69;2.64;0.224;65.5;11.77;6.39;3.21;0.54;1.81;6.42;183.9;137.4;30;3.6;12.8;0.42;1.84;0.17;0.21;2.71;2.67;0.17;34.5;15.7;7.98;4.61;0.78;2.56;6.24;96.8;68.5;10.7;5.1;12.5;1.64;0.54;0.2;0.3
2;50;0;0;0;15.37;2.34;6.65;1.38;1.36;0.164;47.2;8.26;4.25;2.38;0.4;1.38;3.37;143.8;120.9;13.3;2.8;6.7;0.79;0.28;0.12;0.17;0.79;0.83;0.146;52.8;5.57;2.75;1.71;0.28;0.96;3.28;160.8;138.9;13.4;1.9;6.6;0.36;0.28;0.08;0.11
2;50;0;0;50;14.98;2.45;7.29;1.4;1.44;0.169;47.8;8.46;4.32;2.51;0.41;1.35;3.79;145.4;123.1;12;2.7;7.6;0.83;0.33;0.12;0.17;0.95;0.96;0.15;52.2;6.38;3.22;1.92;0.33;1.1;3.5;159.1;136.4;13.5;2.2;7;0.36;0.4;0.09;0.12
2;50;0;0;100;14.78;2.66;7.55;1.55;1.52;0.175;47.1;8.66;4.49;2.48;0.43;1.4;3.88;146.7;125.2;10.9;2.8;7.8;0.83;0.4;0.13;0.16;1.25;1.24;0.165;52.9;7.5;3.83;2.16;0.37;1.26;3.67;164.8;134;21;2.5;7.3;0.36;0.65;0.1;0.14
2;50;0;50;0;17.38;2.79;7.76;1.49;1.43;0.161;54.1;8.8;4.44;2.62;0.43;1.41;4;146.5;118.8;16.8;2.8;8;0.79;0.34;0.12;0.17;1.16;1.15;0.151;45.9;7.56;3.84;2.15;0.4;1.38;3.76;124.4;101;13.1;2.8;7.5;0.64;0.27;0.11;0.14
2;50;0;50;50;17.43;3.39;9.17;1.57;1.58;0.168;53.8;9.36;4.82;2.67;0.42;1.62;4.63;147.4;118.9;16;3.2;9.3;0.81;0.45;0.14;0.17;1.51;1.56;0.154;46.2;10.06;5.08;2.98;0.49;1.76;4.54;126.7;100.9;13.1;3.5;9.1;0.84;0.38;0.14;0.19
2;50;0;50;100;17.39;3.78;10.77;1.78;1.72;0.178;52.3;9.62;5.05;2.73;0.45;1.58;5.51;148.6;119.7;14.7;3.2;11;0.8;0.6;0.14;0.18;2.12;2.14;0.163;47.7;13.09;6.69;3.79;0.67;2.2;5.26;135.5;100.2;20.3;4.4;10.5;1.09;0.64;0.17;0.24
2;50;0;100;0;19.23;3.08;8.91;1.48;1.51;0.16;63.3;9.35;4.7;2.7;0.5;1.55;4.62;149.1;116.7;20;3.1;9.2;0.77;0.41;0.14;0.18;1.33;1.4;0.152;36.7;9.11;4.5;2.69;0.47;1.54;4.29;86.2;61.6;12.9;3.1;8.6;0.84;0.26;0.12;0.17
2;50;0;100;50;19.31;3.89;11.04;1.7;1.66;0.166;61.9;9.94;5.04;2.88;0.53;1.62;5.55;147.9;114.4;19.2;3.2;11.1;0.75;0.57;0.15;0.19;1.97;2.03;0.156;38.1;12.99;6.53;3.82;0.67;2.27;5.48;91;62.8;12.7;4.5;11;1.26;0.36;0.17;0.23
2;50;0;100;100;19.68;4.42;12.77;1.91;1.91;0.178;60.1;10.69;5.59;3.02;0.49;1.8;6.46;150.2;115.3;18.4;3.6;12.9;0.77;0.79;0.16;0.2;2.56;2.58;0.162;39.9;15.88;8.01;4.76;0.77;2.62;6.31;99.8;62.4;19.6;5.2;12.6;1.47;0.62;0.2;0.29
2;50;50;0;0;15.45;2.83;7.96;1.9;1.83;0.168;47.5;10.88;5.72;3.11;0.52;1.86;4.05;145.9;120.6;13.5;3.7;8.1;1.08;0.38;0.16;0.21;0.91;0.89;0.153;52.5;5.7;2.9;1.69;0.28;0.97;3.91;161.5;139.3;12.5;1.9;7.8;0.36;0.35;0.07;0.11
2;50;50;0;50;14.9;2.98;8.59;2.1;1.99;0.176;48;11.31;5.92;3.22;0.53;1.81;4.46;147.4;122.7;12.1;3.6;8.9;1.12;0.5;0.16;0.22;1.1;1.13;0.164;52;6.85;3.46;2.02;0.36;1.17;4.13;159.9;136.8;12.5;2.3;8.3;0.38;0.54;0.09;0.13
2;50;50;0;100;14.55;3.17;9.02;2.16;2.12;0.184;47.2;11.49;5.98;3.22;0.57;1.89;4.6;148.2;124.1;11;3.8;9.2;1.13;0.62;0.16;0.21;1.39;1.4;0.181;52.8;7.73;3.98;2.24;0.38;1.28;4.42;165.5;135.2;19;2.6;8.8;0.37;0.8;0.1;0.14
2;50;50;50;0;17.18;3.3;9.4;2.02;1.96;0.166;54.2;11.77;6.05;3.38;0.59;1.92;4.83;148.5;118.4;16.6;3.8;9.7;1.08;0.48;0.18;0.23;1.24;1.27;0.157;45.8;8.02;4.02;2.33;0.43;1.38;4.57;125.5;101.4;12.2;2.8;9.1;0.65;0.35;0.11;0.16
2;50;50;50;50;17.27;3.8;10.93;2.21;2.15;0.175;53.8;12.22;6.3;3.55;0.61;2.01;5.6;148.9;118;15.7;4;11.2;1.06;0.67;0.17;0.24;1.74;1.74;0.163;46.3;10.61;5.36;3.15;0.56;1.78;5.33;128.1;101.7;12.2;3.6;10.7;0.88;0.52;0.14;0.2
2;50;50;50;100;17.34;4.19;12.12;2.4;2.43;0.19;53.5;12.76;6.71;3.57;0.63;2.06;6.13;156.7;117.5;22.8;4.1;12.3;1.06;0.93;0.2;0.24;2.19;2.26;0.172;46.5;13.08;6.62;3.83;0.68;2.13;5.98;136.4;102;18.1;4.3;12;1.09;0.76;0.17;0.24
2;50;50;100;0;19.3;3.72;10.5;2.21;2.14;0.167;62.9;12.77;6.55;3.65;0.65;2.14;5.31;149.7;114;20.7;4.3;10.6;1.02;0.68;0.19;0.24;1.38;1.48;0.158;37.1;9.34;4.54;2.84;0.5;1.58;5.18;88.1;63;11.6;3.2;10.4;0.84;0.33;0.13;0.18
2;50;50;100;50;19.62;4.42;12.63;2.36;2.39;0.178;63.4;13.38;6.86;3.83;0.66;2.18;6.42;160;113.3;29.5;4.4;12.8;1.01;0.93;0.19;0.26;2.23;2.18;0.162;36.6;13.36;6.8;3.93;0.66;2.24;6.21;92.2;63.3;11.9;4.5;12.4;1.24;0.51;0.18;0.25
2;50;50;100;100;19.3;4.94;14.2;2.72;2.63;0.191;61.4;13.75;7.18;3.93;0.68;2.21;7.25;159.8;112.8;28.1;4.4;14.5;1.01;1.18;0.19;0.25;2.65;2.78;0.169;38.6;16.34;8.4;4.75;0.79;2.73;6.95;100.3;63.6;17.3;5.5;13.9;1.53;0.72;0.22;0.31
2;50;100;0;0;15.22;3.21;9.4;2.45;2.38;0.173;48.7;13.78;7.04;3.95;0.71;2.24;4.72;154.4;120.2;20.2;4.5;9.4;1.37;0.57;0.19;0.26;0.93;1.01;0.168;51.3;5.96;2.96;1.8;0.29;0.98;4.68;162.5;139.8;11.5;2;9.4;0.36;0.46;0.08;0.12
2;50;100;0;50;15.01;3.38;9.74;2.67;2.59;0.184;47.9;14.07;7.35;3.92;0.7;2.25;4.85;154.3;121.3;18.8;4.5;9.7;1.38;0.76;0.19;0.26;1.28;1.29;0.185;52.1;6.93;3.6;2.01;0.33;1.14;4.89;167.9;138.5;17.3;2.3;9.8;0.36;0.71;0.09;0.13
2;50;100;0;100;14.47;3.52;10.04;2.88;2.79;0.195;48.2;14.29;7.49;4.05;0.69;2.24;5;154.7;123.4;16.8;4.5;10;1.41;0.92;0.2;0.27;1.59;1.55;0.197;51.8;7.8;4.18;2.1;0.39;1.28;5.04;166.1;136;17.4;2.6;10.1;0.36;0.95;0.09;0.14
2;50;100;50;0;17.32;3.81;10.9;2.71;2.67;0.175;55.2;15.19;7.89;4.37;0.69;2.48;5.51;157.7;115.5;26.2;5;11;1.32;0.82;0.23;0.3;1.33;1.34;0.166;44.8;8.02;4.12;2.28;0.45;1.34;5.4;128;103.7;10.8;2.7;10.8;0.63;0.45;0.11;0.15
2;50;100;50;50;17.28;4.25;12.09;2.87;2.82;0.185;53.7;15.18;7.86;4.25;0.74;2.45;6.14;157.3;115.9;24.1;4.9;12.3;1.31;1.01;0.22;0.28;1.8;1.89;0.176;46.3;10.72;5.47;3.12;0.56;1.79;5.95;135.5;103.4;16.7;3.6;11.9;0.87;0.68;0.15;0.19
2;50;100;50;100;17;4.58;13.24;3.25;3.19;0.203;53.5;15.68;8.34;4.29;0.75;2.4;6.71;157.4;116.3;22.9;4.8;13.4;1.33;1.35;0.22;0.29;2.44;2.42;0.181;46.5;13.31;6.96;3.81;0.61;2.18;6.53;136.9;103.1;16.4;4.4;13.1;1.1;0.89;0.18;0.25
2;50;100;100;0;19.5;4.36;12.17;2.89;2.82;0.175;64.1;16.09;8.41;4.59;0.75;2.68;6.22;160.9;111.8;31.3;5.4;12.4;1.26;1;0.26;0.3;1.58;1.63;0.165;35.9;9.81;4.95;2.86;0.51;1.68;5.95;90.2;64.1;10.8;3.4;11.9;0.87;0.44;0.14;0.18
2;50;100;100;50;19.59;4.83;14.28;3.19;3.09;0.186;61.7;16.57;8.56;4.75;0.79;2.56;7.24;160;110.6;29.9;5.1;14.5;1.26;1.29;0.23;0.31;2.33;2.4;0.171;38.3;13.94;7.03;4.09;0.71;2.27;7.04;99.3;64.7;15.9;4.5;14.1;1.31;0.65;0.17;0.27
2;50;100;100;100;19.34;5.33;15.52;3.62;3.57;0.208;61.2;17.15;9.31;4.64;0.78;2.66;7.89;159.6;109.8;28.7;5.3;15.8;1.26;1.75;0.24;0.32;2.87;2.89;0.176;38.8;16.35;8.42;4.7;0.8;2.67;7.63;101.1;65.1;15.4;5.3;15.3;1.54;0.84;0.21;0.3
2;100;0;0;0;17.36;2.8;7.76;1.71;1.71;0.168;39.5;10.16;5.2;2.89;0.51;1.72;3.87;106.4;82.3;12.9;3.4;7.7;1.09;0.27;0.15;0.2;0.86;0.9;0.145;60.5;6.15;3.03;1.86;0.31;1.08;3.89;163;135.9;17.1;2.2;7.8;0.35;0.35;0.09;0.12
2;100;0;0;50;17.1;2.92;8.45;1.87;1.82;0.172;40.2;10.54;5.37;3.03;0.56;1.69;4.25;108;84.1;12;3.4;8.5;1.13;0.32;0.15;0.21;1.11;1.13;0.154;59.8;7.26;3.59;2.2;0.38;1.23;4.2;160.7;132.8;17;2.5;8.4;0.33;0.55;0.1;0.15
2;100;0;0;100;17.3;3.29;9.47;1.93;1.9;0.176;39.6;10.77;5.58;3.04;0.56;1.8;4.87;110.4;86.2;10.8;3.6;9.7;1.13;0.4;0.16;0.21;1.47;1.53;0.166;60.4;9.2;4.63;2.77;0.45;1.49;4.6;168.5;129.1;27.2;3;9.2;0.36;0.88;0.13;0.17
2;100;0;50;0;19.14;3.26;9.14;1.85;1.81;0.166;46.6;10.88;5.63;3.09;0.55;1.87;4.73;110.5;81;16.4;3.7;9.5;1.1;0.33;0.17;0.21;1.12;1.21;0.149;53.4;8.04;4.01;2.37;0.39;1.39;4.41;126.9;98.8;16.5;2.8;8.8;0.61;0.34;0.11;0.15
2;100;0;50;50;19.14;3.7;10.7;1.93;1.89;0.17;46.5;11.08;5.72;3.27;0.49;1.86;5.42;111.7;82;15.1;3.7;10.8;1.09;0.42;0.17;0.22;1.71;1.76;0.156;53.5;11.19;5.55;3.34;0.57;1.85;5.28;128.6;97.5;16.9;3.7;10.6;0.83;0.57;0.15;0.22
2;100;0;50;100;19.17;4.22;12.33;2.06;2.07;0.178;44.8;11.58;5.99;3.29;0.58;1.87;6.27;112.8;82.5;14.1;3.7;12.5;1.09;0.59;0.17;0.23;2.21;2.33;0.163;55.2;14.21;7.11;4.12;0.78;2.35;6.07;139.1;96.8;25.4;4.7;12.1;1.06;0.82;0.17;0.27
2;100;0;100;0;21.08;3.51;10.21;1.84;1.89;0.164;55.7;11.5;5.81;3.35;0.58;1.92;5.2;113.2;79.1;19.9;3.8;10.4;1.07;0.42;0.18;0.22;1.44;1.48;0.151;44.3;9.71;4.74;2.96;0.53;1.59;5;90.1;60.7;16.2;3.2;10;0.82;0.34;0.13;0.19
2;100;0;100;50;21.14;4.25;12.42;2.06;2.06;0.169;55.2;12.14;6.11;3.54;0.6;1.99;6.42;114.8;79.3;18.6;4;12.8;1.08;0.56;0.18;0.23;2.09;2.18;0.158;44.8;13.8;6.85;4.07;0.71;2.26;6;93;60.5;16;4.5;12;1.2;0.53;0.19;0.26
2;100;0;100;100;21.18;4.94;14.11;2.26;2.27;0.179;52.6;12.66;6.55;3.64;0.59;2.06;7.14;115.6;79.6;17.6;4.1;14.3;1.07;0.76;0.19;0.24;2.72;2.79;0.163;47.4;17.02;8.61;5.03;0.86;2.88;6.97;104.2;60.3;24.2;5.8;13.9;1.44;0.78;0.23;0.33
2;100;50;0;0;17.49;3.49;9.89;2.52;2.46;0.171;40.6;14.39;7.39;4.18;0.67;2.37;5.04;111;83.2;13;4.7;10.1;1.6;0.37;0.22;0.28;1.06;1.04;0.154;59.4;6.64;3.37;1.95;0.35;1.13;4.86;162.4;134.4;16.1;2.3;9.7;0.34;0.47;0.09;0.13
2;100;50;0;50;17.24;3.73;10.79;2.75;2.61;0.176;39.9;14.79;7.72;4.16;0.73;2.39;5.46;112.2;84.8;11.7;4.8;10.9;1.65;0.47;0.21;0.29;1.4;1.39;0.17;60.1;8.1;4.17;2.31;0.39;1.34;5.33;169.5;131.6;24.5;2.7;10.7;0.36;0.77;0.1;0.15
2;100;50;0;100;17.12;4.01;11.46;2.83;2.77;0.182;40.4;15.17;7.93;4.27;0.72;2.46;5.83;113.7;86.5;10.7;4.9;11.7;1.68;0.59;0.21;0.29;1.64;1.72;0.184;59.6;9.32;4.82;2.74;0.48;1.55;5.63;168;128.7;24.9;3.1;11.3;0.36;1.07;0.13;0.17
2;100;50;50;0;19.47;3.83;11.29;2.49;2.51;0.168;46.9;14.9;7.49;4.36;0.75;2.39;5.69;113.5;80.9;16.4;4.8;11.4;1.55;0.48;0.2;0.28;1.31;1.34;0.156;53.1;8.53;4.27;2.5;0.43;1.44;5.6;128.6;98.9;15.7;2.9;11.2;0.61;0.46;0.12;0.16
2;100;50;50;50;19.19;4.45;12.75;2.81;2.75;0.176;45.3;15.6;8.08;4.49;0.7;2.54;6.38;114.4;81.4;15.3;5.1;12.8;1.58;0.65;0.23;0.29;1.87;1.92;0.167;54.7;11.46;5.74;3.36;0.6;1.92;6.38;138;98.3;23.1;3.8;12.8;0.84;0.72;0.15;0.22
2;100;50;50;100;19.04;4.92;14.28;3.07;2.97;0.187;46.5;15.87;8.23;4.54;0.81;2.51;7.08;122.1;82.1;20.8;5;14.2;1.58;0.85;0.23;0.31;2.46;2.55;0.175;53.5;14.57;7.44;4.26;0.72;2.42;7.19;140.2;97.4;23.6;4.8;14.4;1.07;1.01;0.19;0.29
2;100;50;100;0;21.32;4.24;12.49;2.77;2.72;0.17;56.2;15.96;8.1;4.63;0.8;2.58;6.41;117.1;79.2;19.9;5.2;12.8;1.53;0.64;0.23;0.31;1.51;1.58;0.156;43.8;10.06;4.96;3.05;0.54;1.66;6.08;91.4;60.6;15.3;3.3;12.2;0.8;0.46;0.12;0.19
2;100;50;100;50;21.44;4.98;14.53;3.07;2.95;0.178;55.3;16.53;8.5;4.69;0.82;2.62;7.42;127.2;78.9;28.2;5.2;14.8;1.53;0.88;0.23;0.31;2.35;2.39;0.166;44.7;14.34;7.26;4.09;0.76;2.36;7.11;102.7;60.8;22.9;4.7;14.2;1.2;0.72;0.18;0.28
2;100;50;100;100;21.27;5.45;15.88;3.25;3.21;0.188;54.8;17.02;8.86;4.81;0.84;2.68;8.08;127.2;78.5;27.2;5.4;16.2;1.51;1.14;0.24;0.33;2.93;2.92;0.172;45.2;16.96;8.7;4.86;0.85;2.77;7.79;104.9;61.1;22.6;5.5;15.6;1.43;0.97;0.21;0.31
2;100;100;0;0;17.43;4.07;11.44;3.19;3.05;0.174;42.2;17.49;9.19;4.84;0.86;2.9;5.82;119.8;82.6;19.7;5.8;11.6;1.91;0.55;0.25;0.34;1.21;1.21;0.17;57.8;7.05;3.6;2.06;0.39;1.17;5.62;163.9;135.4;15;2.3;11.2;0.35;0.63;0.1;0.13
2;100;100;0;50;17.12;4.27;12.09;3.35;3.29;0.183;41.7;17.95;9.34;5.1;0.87;2.9;6.23;120.7;84.8;17.7;5.8;12.5;1.96;0.71;0.26;0.36;1.51;1.58;0.189;58.3;8.32;4.3;2.32;0.43;1.37;5.86;168.9;131.6;22.9;2.7;11.7;0.35;0.96;0.11;0.15
2;100;100;0;100;17;4.37;12.81;3.56;3.49;0.191;42.1;18.25;9.54;5.15;0.91;2.9;6.54;121.6;86.6;16.1;5.8;13.1;2;0.88;0.26;0.35;2.08;1.96;0.203;57.9;9.61;5.08;2.71;0.48;1.47;6.28;167.4;128.4;23.5;2.9;12.6;0.35;1.32;0.11;0.17
2;100;100;50;0;19.42;4.55;12.99;3.34;3.27;0.176;48.9;18.55;9.49;5.38;0.9;3.06;6.58;124.4;80.1;25;6.1;13.2;1.87;0.78;0.27;0.35;1.56;1.53;0.168;51.1;9.1;4.64;2.58;0.48;1.49;6.41;129.9;99.8;14.2;3;12.8;0.62;0.62;0.12;0.17
2;100;100;50;50;19.35;4.97;14.34;3.54;3.45;0.184;47.6;18.77;9.79;5.31;0.94;3.02;7.34;125.2;81.6;22.9;6;14.7;1.89;0.95;0.26;0.35;2.08;2.12;0.18;52.4;11.78;6.09;3.34;0.59;1.95;7;138.1;98;22.1;3.9;14;0.81;0.94;0.16;0.22
2;100;100;50;100;19.2;5.39;15.58;3.84;3.81;0.198;47.2;19.26;10.15;5.48;0.95;3.01;7.87;125;81.7;21.5;6;15.7;1.9;1.27;0.27;0.37;2.8;2.71;0.186;52.8;14.52;7.66;4.05;0.69;2.39;7.71;139.8;97.8;21.8;4.8;15.4;1.05;1.23;0.18;0.25
2;100;100;100;0;21.16;5.01;14.19;3.46;3.42;0.176;57.9;19.4;10.03;5.57;0.96;3.21;7.21;128.3;77.5;30;6.4;14.4;1.79;0.96;0.29;0.37;1.73;1.8;0.166;42.1;10.76;5.42;3.11;0.53;1.8;6.98;93.2;61.9;13.8;3.6;14;0.86;0.59;0.14;0.2
2;100;100;100;50;21.38;5.6;16.11;3.9;3.71;0.185;55.4;19.98;10.58;5.62;0.97;3.27;8.09;128.6;76.8;29.1;6.5;16.2;1.79;1.25;0.3;0.37;2.52;2.53;0.174;44.6;14.5;7.39;4.21;0.72;2.33;8.02;103.5;62.4;20.4;4.7;16;1.24;0.85;0.18;0.27
2;100;100;100;100;21.28;5.98;17.61;4.16;4.12;0.202;55;20.38;10.77;5.73;0.99;3.18;8.94;128.9;77.5;27.2;6.4;17.9;1.8;1.65;0.29;0.38;3.25;3.19;0.181;45;17.56;9.04;5.1;0.89;2.79;8.67;105.6;61.9;20.8;5.6;17.3;1.47;1.17;0.23;0.32
3;0;0;0;0;13.5;1.79;5.18;1.02;1.04;0.167;53;6.18;3.1;1.83;0.29;1.02;2.6;178.8;156.8;14.8;2;5.2;0.52;0.3;0.09;0.12;0.64;0.66;0.14;47;4.54;2.24;1.38;0.24;0.76;2.59;158.7;142.8;9.1;1.5;5.2;0.33;0.18;0.06;0.08
3;0;0;0;50;13.13;1.89;5.49;1.09;1.13;0.179;53.1;6.28;3.21;1.84;0.31;1;2.82;179.4;158.2;13.6;2;5.6;0.51;0.4;0.1;0.13;0.79;0.77;0.144;46.9;5.24;2.6;1.53;0.27;0.89;2.67;158.2;141.6;9.5;1.8;5.3;0.33;0.27;0.07;0.1
3;0;0;0;100;12.84;2.08;5.88;1.18;1.19;0.186;52.7;6.33;3.28;1.83;0.29;1.03;3;180.5;160;12.5;2.1;6;0.51;0.46;0.09;0.12;0.98;0.92;0.148;47.3;6.11;3.13;1.73;0.29;1.05;2.88;162.3;140;14.4;2.1;5.8;0.36;0.38;0.08;0.11
3;0;0;50;0;15.43;2.18;6.45;1.11;1.09;0.164;59.9;6.64;3.35;1.95;0.33;1.06;3.33;181;154.3;17.9;2.1;6.7;0.5;0.36;0.09;0.14;0.97;0.97;0.144;40.1;6.66;3.26;1.99;0.35;1.12;3.12;121.2;103.5;9.2;2.2;6.2;0.59;0.19;0.09;0.11
3;0;0;50;50;15.53;2.67;7.76;1.3;1.3;0.178;59.2;7.31;3.76;2.12;0.35;1.16;3.97;180.5;152.8;17.5;2.3;7.9;0.5;0.53;0.12;0.16;1.28;1.31;0.148;40.8;8.78;4.38;2.63;0.44;1.51;3.79;124.1;104.5;9;3;7.6;0.78;0.25;0.12;0.16
3;0;0;50;100;15.62;3.24;9.13;1.41;1.45;0.191;57.9;7.55;3.88;2.22;0.36;1.22;4.67;180.8;152.7;16.3;2.4;9.3;0.48;0.71;0.12;0.14;1.81;1.74;0.151;42.1;11.49;5.8;3.42;0.56;2.01;4.46;131.5;104.5;14;4;8.9;1.01;0.37;0.16;0.21
3;0;0;100;0;17.48;2.6;7.61;1.22;1.2;0.162;68.8;7.41;3.78;2.18;0.36;1.22;3.84;182.6;151;21.5;2.4;7.7;0.49;0.44;0.12;0.15;1.17;1.22;0.147;31.2;8.28;4.02;2.5;0.46;1.37;3.76;82.6;63.4;9;2.7;7.5;0.78;0.18;0.11;0.15
3;0;0;100;50;17.88;3.46;9.77;1.37;1.44;0.174;67.7;8.18;4.19;2.36;0.43;1.38;5.05;182.2;148.5;20.9;2.8;10.1;0.48;0.66;0.12;0.17;1.73;1.78;0.149;32.3;11.88;5.97;3.5;0.62;2.08;4.72;86.9;64.3;9;4.2;9.4;1.15;0.26;0.16;0.21
3;0;0;100;100;17.74;3.76;11.17;1.65;1.66;0.19;65.9;8.7;4.53;2.48;0.43;1.36;5.77;181.1;146.8;19.9;2.7;11.5;0.48;0.89;0.11;0.18;2.22;2.18;0.151;34.1;14.42;7.23;4.28;0.76;2.4;5.4;93.8;64.9;13.3;4.8;10.8;1.39;0.34;0.19;0.26
3;0;50;0;0;13.21;1.94;5.62;1.13;1.19;0.169;52.7;7.03;3.51;2.1;0.34;1.16;2.9;178;155.1;14.8;2.3;5.8;0.53;0.41;0.1;0.15;0.66;0.68;0.145;47.3;4.49;2.24;1.38;0.22;0.78;2.72;159.6;144.3;8.3;1.6;5.4;0.32;0.22;0.06;0.08
3;0;50;0;50;13.11;2.15;6.16;1.32;1.4;0.186;52.7;7.47;3.83;2.19;0.33;1.21;3.11;178.3;155.7;13.9;2.4;6.2;0.53;0.61;0.11;0.15;0.82;0.85;0.153;47.3;5.47;2.74;1.62;0.28;0.94;3.05;160.2;143.7;8.5;1.9;6.1;0.34;0.34;0.07;0.1
3;0;50;0;100;12.46;2.25;6.51;1.44;1.54;0.201;52;7.63;4;2.14;0.39;1.24;3.3;178;156.4;12.6;2.5;6.6;0.52;0.76;0.11;0.15;1.02;1.03;0.167;48;6.11;3.1;1.84;0.29;1.01;3.21;164.2;143.2;12.6;2;6.4;0.36;0.48;0.08;0.1
3;0;50;50;0;15.21;2.42;7.08;1.34;1.34;0.166;59.2;8.06;4.13;2.33;0.38;1.32;3.65;178.5;150.2;18.3;2.6;7.3;0.51;0.54;0.13;0.17;0.98;1;0.149;40.8;6.67;3.33;2.01;0.35;1.1;3.43;123.1;106.1;7.9;2.2;6.9;0.59;0.21;0.08;0.12
3;0;50;50;50;15.3;2.96;8.38;1.58;1.61;0.186;58.7;8.66;4.48;2.51;0.42;1.4;4.33;178.4;149.5;17.5;2.8;8.7;0.52;0.79;0.13;0.18;1.4;1.39;0.153;41.3;9.05;4.53;2.67;0.46;1.56;4.05;125.7;106.6;7.9;3.1;8.1;0.81;0.29;0.13;0.16
3;0;50;50;100;15.18;3.38;9.81;1.73;1.87;0.207;58.3;8.99;4.69;2.55;0.41;1.39;5.01;185.8;148.3;24.6;2.8;10;0.51;1.06;0.13;0.18;1.83;1.87;0.159;41.7;11.71;5.86;3.56;0.53;1.99;4.81;132.9;107.3;12;4;9.6;1.05;0.45;0.16;0.21
3;0;50;100;0;17.71;3.04;8.59;1.55;1.62;0.174;68;9.31;4.76;2.7;0.47;1.55;4.37;179.8;145.6;22.3;3.1;8.7;0.5;0.8;0.14;0.19;1.25;1.27;0.15;32;8.42;4.25;2.41;0.44;1.49;4.23;84.7;65.4;7.9;3;8.5;0.8;0.22;0.12;0.14
3;0;50;100;50;17.84;3.64;10.52;1.87;1.92;0.19;68.2;10.04;5.2;2.9;0.51;1.62;5.4;189.8;143.4;32.4;3.2;10.8;0.49;1.07;0.15;0.21;1.79;1.84;0.152;31.8;12.05;5.95;3.61;0.63;2.02;5.12;88.2;66.2;7.7;4;10.2;1.16;0.3;0.16;0.22
3;0;50;100;100;17.87;4.21;11.81;2.15;2.19;0.209;66.4;10.43;5.62;2.79;0.52;1.7;6.09;188.2;141.6;31;3.4;12.2;0.46;1.36;0.16;0.21;2.3;2.32;0.157;33.6;14.69;7.43;4.32;0.73;2.5;5.72;95.1;66.9;11.7;5;11.4;1.42;0.44;0.19;0.26
3;0;100;0;0;13.03;2.2;6.33;1.49;1.53;0.181;52.8;8.41;4.31;2.37;0.47;1.34;3.18;182.7;150.6;23.1;2.7;6.4;0.52;0.7;0.13;0.18;0.71;0.75;0.15;47.2;4.85;2.46;1.44;0.24;0.85;3.15;163.3;148.3;7.1;1.7;6.3;0.36;0.24;0.07;0.09
3;0;100;0;50;12.54;2.18;6.48;1.72;1.73;0.201;53.2;8.56;4.49;2.42;0.41;1.34;3.38;183.3;152.7;21.2;2.7;6.8;0.54;0.9;0.12;0.17;0.88;0.88;0.165;46.8;5.31;2.61;1.57;0.28;0.84;3.1;161.4;146.4;7.2;1.7;6.2;0.34;0.38;0.06;0.1
3;0;100;0;100;12.19;2.3;6.79;1.85;1.91;0.217;52.4;8.77;4.62;2.46;0.44;1.31;3.43;182.3;153.4;19.4;2.6;6.9;0.55;1.07;0.12;0.17;1.14;1.09;0.18;47.6;6.05;3.13;1.73;0.3;0.99;3.35;165.5;145.8;11;2;6.7;0.36;0.55;0.07;0.11
3;0;100;50;0;15.43;2.8;7.95;1.79;1.82;0.185;59.6;9.79;5.15;2.78;0.47;1.63;4.09;186;146;28.6;3.3;8.2;0.5;0.96;0.15;0.21;1.05;1.05;0.152;40.4;6.86;3.47;2.01;0.32;1.17;3.86;125.8;108.8;7;2.3;7.7;0.59;0.24;0.09;0.13
3;0;100;50;50;15.21;3.26;9.04;1.99;2.04;0.203;59;10.03;5.38;2.81;0.47;1.7;4.63;184.6;145;26.9;3.4;9.3;0.5;1.19;0.16;0.19;1.42;1.46;0.159;41;9.15;4.61;2.69;0.45;1.56;4.41;128.3;109.4;7;3.1;8.8;0.82;0.37;0.12;0.16
3;0;100;50;100;15.03;3.45;10.19;2.35;2.37;0.226;57.7;10.45;5.67;2.85;0.49;1.58;5.2;183;143.8;25.6;3.2;10.4;0.51;1.51;0.14;0.2;1.93;1.91;0.164;42.3;11.58;5.8;3.42;0.58;1.87;5;134.1;110.1;10.2;3.7;10;1.06;0.51;0.14;0.2
3;0;100;100;0;17.63;3.26;9.33;2.08;2.05;0.184;68.5;11.14;5.83;3.05;0.54;1.77;4.83;187.4;139.8;34.4;3.5;9.7;0.48;1.18;0.16;0.23;1.25;1.31;0.152;31.5;8.6;4.27;2.58;0.44;1.49;4.5;86.2;67.6;6.6;3;9;0.83;0.22;0.11;0.15
3;0;100;100;50;17.73;4.05;11.41;2.31;2.37;0.203;67.3;11.65;6.2;3.2;0.6;1.92;5.91;186.2;137.7;32.9;3.8;11.8;0.47;1.5;0.16;0.23;1.93;1.96;0.156;32.7;12.46;6.31;3.69;0.61;2.14;5.5;90.2;68.3;6.6;4.3;11;1.23;0.34;0.16;0.22
3;0;100;100;100;17.72;4.26;12.85;2.8;2.82;0.229;65.7;12.29;6.57;3.43;0.6;1.8;6.63;184.5;135.9;31.8;3.6;13.3;0.48;1.94;0.16;0.23;2.3;2.42;0.161;34.3;14.98;7.44;4.42;0.78;2.46;6.22;96.1;69;9.7;4.9;12.4;1.48;0.49;0.18;0.27
3;50;0;0;0;15.54;2.29;6.76;1.48;1.52;0.176;47.4;8.6;4.43;2.52;0.42;1.41;3.44;144.7;120.6;14.3;2.8;6.9;0.92;0.3;0.12;0.19;0.76;0.76;0.14;52.6;5.3;2.59;1.63;0.29;0.88;3.32;160.4;139.3;12.8;1.8;6.6;0.32;0.26;0.07;0.1
3;50;0;0;50;14.94;2.42;7.19;1.56;1.66;0.185;47.6;8.95;4.53;2.61;0.45;1.45;3.71;145.1;121.7;13;2.9;7.4;0.96;0.38;0.13;0.18;0.87;0.89;0.144;52.4;6.07;2.96;1.85;0.34;0.98;3.48;159.6;138;12.7;2;7;0.33;0.37;0.08;0.11
3;50;0;0;100;14.79;2.6;7.71;1.74;1.75;0.19;47.1;9.16;4.8;2.57;0.45;1.44;3.97;146.5;123.6;12.1;2.9;7.9;0.95;0.48;0.13;0.19;1.1;1.11;0.155;52.9;7.09;3.51;2.12;0.35;1.16;3.75;164.8;135.8;19.2;2.3;7.5;0.33;0.56;0.09;0.12
3;50;0;50;0;17.46;2.68;8.11;1.57;1.61;0.173;54.1;9.27;4.71;2.72;0.49;1.48;4.14;147;117.9;17.8;3;8.3;0.91;0.37;0.13;0.2;1.08;1.07;0.144;45.9;7.39;3.58;2.26;0.42;1.2;3.97;124.5;101.7;12.5;2.4;7.9;0.58;0.26;0.09;0.14
3;50;0;50;50;17.25;3.21;9.29;1.69;1.76;0.182;54;9.62;4.88;2.86;0.49;1.53;4.83;147.8;118.5;16.6;3.1;9.7;0.92;0.51;0.14;0.2;1.44;1.43;0.147;46;9.66;4.83;2.81;0.5;1.68;4.46;125.9;101.3;12.4;3.4;8.9;0.77;0.37;0.13;0.17
3;50;0;50;100;17.29;3.69;10.76;1.91;1.94;0.193;52.4;10.06;5.2;2.9;0.48;1.64;5.55;148.4;118.3;15.7;3.3;11.1;0.91;0.69;0.15;0.2;1.91;1.9;0.153;47.6;12.39;6.22;3.75;0.63;2.05;5.21;134.6;101.4;18.7;4.1;10.4;0.99;0.54;0.16;0.22
3;50;0;100;0;19.24;3.15;8.81;1.73;1.67;0.171;63.6;9.73;5.02;2.81;0.43;1.61;4.55;149.5;116.1;21.1;3.2;9.1;0.89;0.43;0.15;0.2;1.24;1.28;0.146;36.4;8.73;4.34;2.63;0.44;1.53;4.26;85.6;62;12.1;3.1;8.5;0.75;0.25;0.12;0.16
3;50;0;100;50;19.49;3.89;11.07;1.87;1.9;0.18;62.6;10.5;5.47;2.89;0.51;1.73;5.73;150.1;114.9;20.2;3.5;11.5;0.91;0.63;0.15;0.21;1.8;1.86;0.148;37.4;12.51;6.23;3.69;0.61;2.16;5.34;89.5;62.6;11.9;4.3;10.7;1.12;0.36;0.16;0.22
3;50;0;100;100;19.38;4.36;12.58;2.07;2.14;0.192;60.4;11.11;5.74;3.23;0.54;1.77;6.42;149.7;114.1;19.2;3.5;12.8;0.88;0.87;0.16;0.23;2.33;2.35;0.153;39.6;15.33;7.68;4.53;0.74;2.58;6.16;98.2;62.9;17.8;5.2;12.3;1.36;0.52;0.2;0.27
3;50;50;0;0;15.43;2.68;7.98;2.03;2.03;0.179;47.7;11.28;5.73;3.27;0.59;1.76;4.07;146.6;120.5;14.4;3.5;8.1;1.24;0.4;0.15;0.23;0.79;0.81;0.148;52.3;5.4;2.69;1.59;0.28;0.92;3.9;160.8;139.4;11.7;1.8;7.8;0.31;0.34;0.07;0.1
3;50;50;0;50;14.9;2.96;8.61;2.2;2.25;0.191;48;11.77;6.07;3.43;0.57;1.89;4.41;147.5;121.9;13.1;3.8;8.8;1.29;0.55;0.17;0.23;0.99;0.99;0.154;52;6.38;3.2;1.93;0.29;1.08;4.2;160;137.8;11.6;2.2;8.4;0.33;0.47;0.08;0.11
3;50;50;0;100;14.55;3.12;9;2.41;2.38;0.199;47.2;11.95;6.33;3.32;0.58;1.89;4.61;147.9;123;11.9;3.8;9.2;1.28;0.7;0.16;0.24;1.25;1.26;0.171;52.8;7.32;3.78;2.1;0.34;1.23;4.39;165.6;136.6;17.8;2.5;8.8;0.34;0.7;0.09;0.12
3;50;50;50;0;17.32;3.29;9.36;2.18;2.13;0.176;54;12.09;6.26;3.46;0.59;1.99;4.76;147.8;116.6;17.8;4;9.5;1.2;0.53;0.17;0.24;1.09;1.13;0.15;46;7.48;3.75;2.22;0.37;1.3;4.6;125.8;102.8;11.2;2.6;9.2;0.58;0.31;0.1;0.14
3;50;50;50;50;17.2;3.65;10.69;2.3;2.37;0.189;53.6;12.49;6.44;3.63;0.58;1.96;5.39;147.9;116.5;16.7;3.9;10.8;1.2;0.74;0.18;0.26;1.53;1.54;0.153;46.4;10;4.94;3.01;0.53;1.69;5.3;128.1;102.9;11.2;3.4;10.6;0.78;0.45;0.13;0.18
3;50;50;50;100;17.27;4.2;12.15;2.64;2.68;0.204;53.6;13.11;6.94;3.67;0.6;2.04;6.27;157;116.7;23.7;4.1;12.5;1.2;1.02;0.2;0.27;2.05;2.07;0.162;46.4;12.76;6.43;3.81;0.62;2.16;5.88;135.9;102.8;17;4.3;11.8;1.01;0.68;0.16;0.22
3;50;50;100;0;19.34;3.65;10.58;2.3;2.4;0.181;63.1;13.2;6.76;3.9;0.66;2.12;5.39;149.9;113.3;21.5;4.2;10.8;1.18;0.76;0.19;0.27;1.29;1.34;0.151;36.9;8.88;4.38;2.64;0.41;1.53;5.18;87.6;63.3;10.8;3.1;10.4;0.76;0.3;0.13;0.16
3;50;50;100;50;19.5;4.42;12.79;2.71;2.68;0.192;63.7;13.92;7.3;3.9;0.67;2.25;6.63;160.4;111.7;30.9;4.5;13.3;1.16;1.04;0.21;0.28;1.96;1.97;0.153;36.3;12.88;6.51;3.81;0.63;2.17;6.15;91.5;64.1;10.7;4.3;12.3;1.14;0.43;0.17;0.23
3;50;50;100;100;19.58;4.88;14.18;2.92;2.97;0.205;61.5;14.48;7.66;4.06;0.68;2.25;7.26;159.7;111.1;29.6;4.5;14.5;1.16;1.31;0.21;0.29;2.5;2.51;0.16;38.5;15.65;7.86;4.68;0.77;2.63;6.92;99.8;64.4;16.3;5.3;13.8;1.38;0.65;0.21;0.26
3;50;100;0;0;15.22;3.33;9.34;2.6;2.73;0.188;48.9;14.48;7.48;4.07;0.72;2.43;4.83;155.3;118.9;21.8;4.9;9.7;1.57;0.65;0.21;0.29;0.85;0.88;0.159;51.1;5.52;2.67;1.73;0.27;0.9;4.51;162.5;141.2;10.4;1.8;9;0.32;0.39;0.07;0.1
3;50;100;0;50;15.06;3.45;9.91;2.77;2.9;0.199;48.1;14.55;7.66;4.04;0.74;2.37;5.02;155.1;120.2;20.2;4.7;10;1.57;0.85;0.2;0.28;1.11;1.16;0.174;51.9;6.57;3.31;1.99;0.32;1.08;4.89;167.7;139.8;16;2.2;9.8;0.33;0.62;0.09;0.11
3;50;100;0;100;14.58;3.46;10.28;3.05;3.09;0.208;48.2;14.81;7.94;4.16;0.64;2.3;5.24;155.1;121.7;18.4;4.6;10.5;1.58;1.02;0.2;0.29;1.39;1.44;0.192;51.8;7.42;3.83;2.14;0.37;1.16;5.04;166.7;138.1;16.2;2.3;10.1;0.34;0.88;0.09;0.13
3;50;100;50;0;17.47;3.82;10.98;2.94;2.96;0.19;55.2;15.58;8.08;4.45;0.75;2.47;5.62;158.1;114.5;27.4;4.9;11.2;1.52;0.91;0.21;0.32;1.17;1.21;0.156;44.8;7.71;3.92;2.25;0.38;1.35;5.36;128.2;104.6;10.2;2.7;10.7;0.59;0.38;0.1;0.14
3;50;100;50;50;17.28;4.18;12.21;3.21;3.17;0.2;53.9;15.81;8.35;4.43;0.74;2.45;6.23;157.8;115;25.4;4.9;12.5;1.5;1.13;0.22;0.31;1.63;1.7;0.166;46.1;10.21;5.13;3.03;0.47;1.74;5.98;134.9;104.2;15.3;3.5;12;0.78;0.61;0.13;0.18
3;50;100;50;100;17.41;4.61;13.4;3.46;3.49;0.215;53.4;16.21;8.63;4.58;0.77;2.51;6.75;157.6;114.4;24.6;5;13.5;1.49;1.47;0.23;0.31;2.16;2.23;0.174;46.6;12.78;6.52;3.75;0.58;2.1;6.65;137.6;104.6;15.5;4.2;13.3;1;0.84;0.17;0.23
3;50;100;100;0;19.58;4.26;12.35;3.12;3.17;0.189;64.2;16.79;8.73;4.78;0.84;2.68;6.3;161.3;110.4;32.9;5.4;12.6;1.45;1.14;0.23;0.34;1.48;1.44;0.155;35.8;9.24;4.71;2.64;0.47;1.58;6.04;89.8;64.8;9.8;3.2;12.1;0.78;0.39;0.12;0.15
3;50;100;100;50;19.84;4.91;14.4;3.4;3.5;0.201;62.1;17.38;9.09;4.94;0.89;2.73;7.38;161.4;109;32.2;5.5;14.8;1.43;1.46;0.25;0.35;2.04;2.12;0.162;37.9;13.01;6.47;3.87;0.69;2.18;7.02;98.4;65.5;14.5;4.4;14;1.14;0.56;0.18;0.23
3;50;100;100;100;19.45;5.41;15.54;3.85;3.87;0.218;61.4;17.75;9.55;4.89;0.81;2.8;7.98;160;108.4;30.1;5.6;16;1.44;1.83;0.25;0.35;2.67;2.67;0.168;38.6;15.85;8.02;4.61;0.83;2.61;7.56;100.4;65.8;14.2;5.2;15.1;1.42;0.77;0.2;0.28
3;100;0;0;0;17.32;2.83;7.82;1.89;1.92;0.18;39.7;10.6;5.57;2.98;0.49;1.81;3.95;107.1;81.6;14;3.6;7.9;1.26;0.29;0.15;0.22;0.79;0.83;0.14;60.3;5.8;2.87;1.73;0.28;1.02;3.87;163;137.3;16;2;7.7;0.32;0.32;0.08;0.1
3;100;0;0;50;16.92;3.03;8.57;2.04;2.08;0.188;40.3;11.07;5.71;3.17;0.55;1.79;4.37;108.6;83.4;12.8;3.6;8.7;1.3;0.38;0.17;0.23;1.07;1.08;0.15;59.7;7.13;3.53;2.1;0.38;1.24;4.2;160.9;134.1;16;2.5;8.4;0.32;0.53;0.1;0.13
3;100;0;0;100;16.78;3.22;9.3;2.19;2.18;0.192;39.7;11.33;5.96;3.2;0.53;1.81;4.85;110;85.1;11.5;3.6;9.7;1.33;0.45;0.16;0.24;1.36;1.32;0.156;60.3;8.46;4.29;2.44;0.45;1.42;4.46;167.4;131;24.6;2.8;8.9;0.33;0.75;0.11;0.14
3;100;0;50;0;19.11;3.12;9.14;1.99;1.98;0.178;46.5;11.11;5.73;3.23;0.56;1.81;4.65;110.5;80.1;17.4;3.6;9.3;1.23;0.36;0.17;0.22;1.08;1.13;0.144;53.5;7.84;3.81;2.37;0.41;1.32;4.5;127;99.8;15.6;2.6;9;0.57;0.31;0.1;0.15
3;100;0;50;50;19.21;3.77;10.44;2.1;2.14;0.186;46.6;11.52;5.99;3.28;0.55;1.91;5.33;111.8;81;16.3;3.8;10.7;1.24;0.49;0.18;0.23;1.59;1.6;0.151;53.4;10.56;5.34;3.12;0.51;1.86;5.11;128.4;98.7;15.8;3.7;10.2;0.75;0.52;0.15;0.18
3;100;0;50;100;19.13;4.25;12.14;2.33;2.35;0.193;45.1;12.14;6.34;3.51;0.57;1.95;6.2;113.1;81.5;15.3;3.9;12.4;1.26;0.67;0.17;0.25;2.1;2.08;0.154;54.9;13.44;6.74;3.94;0.69;2.3;5.93;138;98.1;23.5;4.6;11.9;0.95;0.71;0.18;0.24
3;100;0;100;0;21.1;3.49;9.96;2.03;2;0.175;55.8;11.43;5.9;3.27;0.57;1.88;5.04;113;78.8;20.4;3.8;10.1;1.18;0.42;0.17;0.23;1.33;1.38;0.145;44.2;9.44;4.64;2.78;0.47;1.61;4.92;89.6;60.9;15.6;3.2;9.8;0.75;0.32;0.13;0.18
3;100;0;100;50;21.18;4.32;12.46;2.21;2.28;0.184;55.2;12.41;6.4;3.55;0.65;2.01;6.4;114.9;78.6;19.5;4;12.8;1.22;0.62;0.18;0.26;2;2.03;0.151;44.8;13.44;6.67;4.11;0.7;2.31;6.06;93.2;61.1;15.4;4.6;12.1;1.1;0.51;0.18;0.24
3;100;0;100;100;21.2;4.76;13.92;2.4;2.48;0.193;53.1;12.83;6.55;3.71;0.67;2;7.13;116.1;79.2;18.6;4;14.3;1.22;0.82;0.19;0.25;2.5;2.5;0.153;46.9;16.28;8.11;4.88;0.79;2.75;6.79;102.7;60.6;23;5.5;13.6;1.31;0.7;0.21;0.28
3;100;50;0;0;17.63;3.49;10.03;2.77;2.75;0.184;40.7;14.9;7.81;4.27;0.69;2.42;5.16;111.6;82.4;14;4.8;10.3;1.84;0.4;0.21;0.3;0.88;0.95;0.149;59.3;6.31;3.07;1.88;0.34;1.07;4.87;162.8;135.7;15.2;2.1;9.7;0.32;0.44;0.08;0.11
3;100;50;0;50;17.29;3.65;10.84;2.95;2.95;0.192;40;15.32;7.95;4.42;0.72;2.42;5.51;112.6;84;12.7;4.8;11;1.87;0.55;0.21;0.31;1.29;1.24;0.161;60;7.66;3.9;2.23;0.4;1.24;5.33;169.1;133;22.9;2.5;10.7;0.33;0.68;0.09;0.14
3;100;50;0;100;16.86;4.04;11.28;3.08;3.16;0.199;40.5;15.88;8.4;4.4;0.75;2.61;5.82;113.8;85.4;11.5;5.2;11.6;1.92;0.7;0.23;0.32;1.55;1.53;0.174;59.5;8.75;4.47;2.48;0.43;1.43;5.46;167.4;130.5;23.1;2.9;10.9;0.32;0.94;0.11;0.15
3;100;50;50;0;19.28;3.94;11.56;2.9;2.88;0.182;47.2;15.8;8.2;4.56;0.79;2.52;5.93;114.5;80.6;17;5;11.9;1.81;0.51;0.22;0.33;1.21;1.27;0.15;52.8;8.43;4.15;2.5;0.47;1.42;5.63;128;99.3;14.6;2.8;11.3;0.57;0.44;0.11;0.15
3;100;50;50;50;19.57;4.52;12.82;3.02;3.08;0.191;45.5;16.08;8.4;4.57;0.78;2.62;6.54;115.4;80.8;16.3;5.2;13.1;1.78;0.74;0.23;0.33;1.77;1.78;0.158;54.5;11.22;5.73;3.22;0.6;1.9;6.28;138;99;22.6;3.8;12.6;0.76;0.67;0.14;0.21
3;100;50;50;100;19.14;4.9;14.21;3.39;3.4;0.202;47.4;16.79;8.84;4.7;0.86;2.63;7.42;124.3;81.4;22.8;5.3;14.8;1.84;0.97;0.25;0.35;2.19;2.25;0.165;52.6;13.6;6.86;3.91;0.69;2.27;6.79;138.2;98.2;21.9;4.5;13.6;0.95;0.89;0.18;0.23
3;100;50;100;0;21.55;4.36;12.51;3.01;3.06;0.185;56.1;16.55;8.58;4.69;0.79;2.67;6.31;117.1;77.8;21.4;5.3;12.6;1.73;0.75;0.24;0.34;1.42;1.47;0.151;43.9;9.73;4.9;2.89;0.52;1.7;6.2;91.7;61.7;14.3;3.4;12.4;0.74;0.42;0.13;0.18
3;100;50;100;50;21.39;5.13;14.65;3.21;3.31;0.193;55.5;17.1;8.9;4.87;0.81;2.74;7.38;127.7;77.8;29.7;5.5;14.8;1.73;0.98;0.25;0.35;2.15;2.19;0.156;44.5;13.9;6.99;4.12;0.68;2.4;7.27;102.5;61.6;21.5;4.8;14.5;1.1;0.64;0.19;0.25
3;100;50;100;100;21.46;5.68;16.17;3.5;3.61;0.203;55.2;17.73;9.38;4.91;0.82;2.83;8.34;128.7;78;28.3;5.7;16.7;1.73;1.26;0.26;0.37;2.72;2.73;0.162;44.8;16.76;8.41;4.96;0.88;2.86;7.83;104.5;61.5;21.6;5.7;15.7;1.32;0.89;0.22;0.3
3;100;100;0;0;17.48;4.01;11.73;3.47;3.45;0.191;42.6;18.1;9.55;5.13;0.85;2.85;6.06;121.2;82.4;20.9;5.7;12.1;2.18;0.62;0.27;0.38;1.05;1.1;0.16;57.4;6.77;3.39;2.04;0.34;1.16;5.67;163.7;135.8;14.2;2.3;11.3;0.31;0.57;0.09;0.12
3;100;100;0;50;17.43;4.3;12.19;3.6;3.68;0.199;41.6;18.47;9.64;5.25;0.86;2.96;6.14;121.1;83.6;19.4;5.9;12.3;2.21;0.83;0.28;0.36;1.44;1.44;0.179;58.4;8.04;4.17;2.29;0.43;1.35;6.04;170.2;133.8;21.7;2.7;12.1;0.33;0.87;0.11;0.14
3;100;100;0;100;16.8;4.49;12.68;3.76;3.87;0.205;42.1;18.81;9.97;5.18;0.93;2.99;6.53;121.7;85.6;17.1;6;13.1;2.28;0.95;0.28;0.37;1.86;1.83;0.199;57.9;9.19;4.9;2.53;0.4;1.5;6.15;167.5;130.2;22;3;12.3;0.33;1.23;0.12;0.15
3;100;100;50;0;19.57;4.51;13.08;3.58;3.65;0.191;49.1;19.11;9.92;5.4;0.92;3.09;6.68;125.5;79.1;26.9;6.2;13.4;2.12;0.89;0.27;0.37;1.31;1.36;0.157;50.9;8.6;4.28;2.54;0.46;1.41;6.4;130.1;101.1;13.4;2.8;12.8;0.57;0.53;0.11;0.15
3;100;100;50;50;19.41;4.92;14.32;3.9;3.88;0.199;47.5;19.46;10.25;5.43;0.95;3.03;7.28;125.5;79.7;25.1;6.1;14.6;2.12;1.11;0.27;0.38;1.9;1.92;0.169;52.5;11.31;5.71;3.33;0.57;1.89;7.04;138.6;100.3;20.4;3.8;14.1;0.75;0.82;0.15;0.2
3;100;100;50;100;19.42;5.46;15.57;4.12;4.23;0.211;47.4;20;10.68;5.52;0.94;3.2;7.93;126;80.2;23.5;6.4;15.9;2.16;1.39;0.3;0.38;2.48;2.49;0.179;52.6;13.82;7.12;3.97;0.66;2.27;7.64;139.8;99.7;20.3;4.5;15.3;0.95;1.13;0.17;0.24
3;100;100;100;0;21.44;5.09;14.27;3.71;3.85;0.19;58.3;20.21;10.63;5.66;1.02;3.35;7.32;130.1;76.7;32.1;6.7;14.6;2.05;1.09;0.3;0.42;1.55;1.6;0.157;41.7;10.15;5.08;2.99;0.56;1.74;6.95;92.9;62.5;13;3.5;13.9;0.76;0.52;0.13;0.19
3;100;100;100;50;21.32;5.67;16.23;4.1;4.13;0.2;55.8;20.63;10.91;5.75;1.05;3.33;8.32;129.7;76.1;30.2;6.7;16.6;2.05;1.37;0.31;0.41;2.24;2.32;0.164;44.2;14.04;7.03;4.15;0.76;2.34;7.91;102.5;62.9;19.1;4.7;15.8;1.13;0.75;0.18;0.25
3;100;100;100;100;21.35;6.18;17.58;4.34;4.47;0.214;55.2;20.88;11.2;5.76;1;3.34;9.02;129.7;76.6;28.4;6.7;18;2.03;1.73;0.31;0.41;2.9;2.98;0.174;44.8;17.12;8.73;4.95;0.9;2.84;8.56;105.1;62.5;19.7;5.7;17.1;1.36;1.11;0.21;0.3
4;0;0;0;0;13.47;1.79;5.13;1.08;1.12;0.175;53.1;6.35;3.25;1.81;0.32;1.04;2.65;178.9;156;15.6;2.1;5.3;0.54;0.34;0.1;0.14;0.64;0.59;0.131;46.9;4.34;2.13;1.35;0.21;0.75;2.49;158.3;143.5;8.4;1.5;5;0.3;0.16;0.06;0.08
4;0;0;0;50;13.12;1.9;5.48;1.19;1.19;0.182;53.1;6.45;3.36;1.76;0.32;1.08;2.84;179.2;157.2;14.2;2.2;5.7;0.54;0.42;0.1;0.13;0.68;0.7;0.135;46.9;5.02;2.46;1.52;0.28;0.82;2.63;158.1;142.4;8.8;1.6;5.3;0.31;0.23;0.06;0.1
4;0;0;0;100;12.8;1.94;6.01;1.33;1.34;0.191;52.6;6.97;3.57;1.99;0.36;1.02;3.17;179.9;158.1;13.4;2;6.3;0.57;0.52;0.09;0.15;0.85;0.84;0.144;47.4;5.71;2.79;1.69;0.32;0.93;2.84;162.2;141.7;13;1.9;5.7;0.33;0.33;0.07;0.1
4;0;0;50;0;15.66;2.24;6.65;1.24;1.24;0.172;59.8;7.14;3.62;2.11;0.36;1.11;3.4;181.1;153.2;18.9;2.2;6.8;0.55;0.42;0.11;0.15;0.94;0.91;0.136;40.2;6.61;3.27;1.98;0.34;1.13;3.25;121.4;104.3;8.4;2.3;6.5;0.54;0.16;0.08;0.13
4;0;0;50;50;15.41;2.69;7.69;1.33;1.35;0.181;59.3;7.46;3.87;2.13;0.37;1.24;3.95;180.3;151.9;18;2.5;7.9;0.54;0.54;0.12;0.15;1.19;1.19;0.139;40.7;8.46;4.17;2.56;0.43;1.44;3.73;123.6;105.1;8.2;2.9;7.5;0.71;0.21;0.11;0.15
4;0;0;50;100;15.4;3.17;9.12;1.52;1.53;0.194;58;7.85;4.21;2.11;0.38;1.27;4.7;180.2;151.1;17.2;2.5;9.4;0.52;0.74;0.11;0.15;1.62;1.6;0.144;42;11.08;5.51;3.39;0.57;1.9;4.42;130.5;105.6;12.3;3.8;8.8;0.93;0.33;0.15;0.2
4;0;0;100;0;17.41;2.58;7.54;1.32;1.31;0.169;69.2;7.67;3.91;2.25;0.39;1.25;3.89;183.1;150.6;22.2;2.5;7.8;0.55;0.49;0.1;0.17;1.17;1.08;0.137;30.8;7.82;3.91;2.33;0.38;1.33;3.65;81.5;63.5;8;2.7;7.3;0.69;0.15;0.09;0.15
4;0;0;100;50;17.84;3.27;9.34;1.47;1.51;0.178;68;8.42;4.27;2.47;0.41;1.36;4.88;182;147.6;21.9;2.7;9.8;0.52;0.68;0.13;0.18;1.64;1.57;0.14;32;11.09;5.5;3.33;0.56;1.92;4.46;85.5;64.6;8.1;3.8;8.9;1.01;0.21;0.16;0.19
4;0;0;100;100;17.94;3.85;11;1.77;1.78;0.193;66.1;9.2;4.84;2.62;0.4;1.51;5.69;180.9;145.4;21.1;3;11.4;0.51;0.96;0.13;0.18;1.96;1.97;0.143;33.9;13.71;6.8;4.09;0.68;2.34;5.3;92.6;65.5;11.9;4.7;10.6;1.24;0.31;0.18;0.24
4;0;50;0;0;13.24;2.05;5.64;1.28;1.32;0.176;52.7;7.43;3.84;2.2;0.33;1.29;2.92;178.1;153.8;15.8;2.6;5.8;0.56;0.49;0.11;0.16;0.63;0.64;0.139;47.3;4.42;2.21;1.26;0.24;0.76;2.72;159.8;145.4;7.4;1.5;5.4;0.3;0.18;0.07;0.08
4;0;50;0;50;12.9;2.15;5.95;1.41;1.44;0.19;52.6;7.54;3.91;2.15;0.4;1.25;3.04;177.7;154.5;14.6;2.5;6.1;0.55;0.62;0.12;0.15;0.78;0.77;0.147;47.4;5.11;2.62;1.5;0.22;0.9;2.9;160;144.8;7.6;1.8;5.8;0.32;0.28;0.07;0.1
4;0;50;0;100;12.73;2.14;6.43;1.69;1.64;0.204;52;8;4.27;2.22;0.41;1.2;3.33;177.8;155;13.8;2.4;6.7;0.55;0.81;0.11;0.16;0.96;0.95;0.162;48;5.79;2.92;1.69;0.29;0.94;3.1;164.2;144.4;11.7;1.9;6.2;0.32;0.46;0.07;0.1
4;0;50;50;0;15.43;2.5;7.05;1.46;1.46;0.173;59.2;8.4;4.38;2.4;0.4;1.4;3.74;178.6;148.8;19.5;2.8;7.5;0.53;0.63;0.13;0.18;0.93;0.89;0.14;40.8;6.27;3.08;1.91;0.31;1.09;3.31;122.9;107;7.1;2.2;6.6;0.53;0.17;0.09;0.1
4;0;50;50;50;15.3;2.85;8.42;1.63;1.65;0.188;58.7;8.76;4.49;2.55;0.46;1.41;4.38;178.4;148.4;18.5;2.8;8.8;0.52;0.83;0.12;0.18;1.31;1.28;0.146;41.3;8.74;4.34;2.65;0.41;1.44;4.04;125.4;107.3;7.1;2.9;8.1;0.74;0.27;0.11;0.16
4;0;50;50;100;15.33;3.43;9.72;1.91;2;0.211;58.4;9.45;5.07;2.61;0.43;1.55;4.97;186;146.6;26.3;3.1;9.9;0.54;1.12;0.15;0.19;1.66;1.69;0.152;41.6;11.11;5.52;3.27;0.6;1.88;4.75;132.4;108.4;10.8;3.8;9.5;0.94;0.41;0.14;0.2
4;0;50;100;0;17.65;2.91;8.44;1.68;1.71;0.176;68.3;9.66;4.98;2.77;0.49;1.57;4.33;180;144.9;23.3;3.1;8.7;0.54;0.83;0.14;0.2;1.17;1.13;0.141;31.7;7.96;3.95;2.39;0.37;1.34;4.11;83.6;65.7;7.1;2.7;8.2;0.7;0.18;0.1;0.15
4;0;50;100;50;18.05;3.57;10.5;2.01;2.02;0.193;68.1;10.47;5.42;2.92;0.54;1.61;5.43;188.9;140.8;34;3.2;10.9;0.51;1.14;0.15;0.22;1.68;1.68;0.145;31.9;11.59;5.7;3.52;0.56;1.95;5.07;88.3;67.2;7;3.9;10.1;1.07;0.26;0.15;0.2
4;0;50;100;100;17.87;4;11.74;2.3;2.29;0.211;66.7;10.81;5.79;2.9;0.52;1.67;6.09;188;140;32.5;3.3;12.2;0.5;1.43;0.15;0.21;2.1;2.1;0.149;33.3;13.99;6.88;4.24;0.71;2.33;5.65;93.7;67.5;10.3;4.7;11.3;1.28;0.39;0.18;0.24
4;0;100;0;0;13.16;2.15;6.2;1.54;1.58;0.183;53.1;8.59;4.36;2.55;0.42;1.39;3.2;183.7;150.3;24.2;2.8;6.4;0.57;0.72;0.12;0.17;0.69;0.66;0.144;46.9;4.41;2.2;1.3;0.23;0.76;3.01;162.5;148.5;6.5;1.5;6;0.3;0.22;0.06;0.07
4;0;100;0;50;12.62;2.32;6.35;1.9;1.85;0.205;52.9;9.01;4.86;2.47;0.38;1.43;3.27;182.4;150.3;22.7;2.9;6.5;0.57;0.97;0.12;0.19;0.79;0.79;0.157;47.1;4.92;2.54;1.38;0.25;0.88;3.08;162.7;148.5;6.3;1.8;6.2;0.31;0.33;0.07;0.08
4;0;100;0;100;12.21;2.39;6.76;2.02;2;0.222;52.2;9.03;4.9;2.46;0.45;1.42;3.46;181.7;151;21;2.8;6.9;0.54;1.17;0.12;0.17;1.05;1.01;0.173;47.8;5.77;3;1.67;0.26;0.97;3.3;166.2;147.9;9.7;1.9;6.6;0.34;0.49;0.07;0.1
4;0;100;50;0;15.47;2.68;7.82;1.84;1.88;0.188;59.8;9.98;5.2;2.79;0.49;1.6;4.06;186.4;145;30.2;3.2;8.1;0.55;0.98;0.14;0.2;0.99;0.96;0.145;40.2;6.57;3.24;1.97;0.33;1.08;3.77;125.3;109.4;6.2;2.2;7.5;0.55;0.22;0.09;0.11
4;0;100;50;50;15.25;3.15;9.05;2.16;2.14;0.205;58.8;10.44;5.58;2.9;0.48;1.64;4.68;183.9;142.8;28.4;3.3;9.4;0.53;1.26;0.14;0.21;1.34;1.35;0.151;41.2;8.85;4.42;2.64;0.45;1.52;4.37;128.5;110.8;6;3;8.7;0.76;0.31;0.12;0.15
4;0;100;50;100;15.1;3.48;10.13;2.49;2.51;0.23;57.8;10.92;5.88;2.93;0.54;1.63;5.33;182.9;141.7;27.3;3.3;10.7;0.52;1.62;0.15;0.22;1.81;1.75;0.156;42.3;11.1;5.61;3.18;0.56;1.84;4.8;133.8;111.4;9;3.7;9.6;0.97;0.46;0.13;0.19
4;0;100;100;0;17.85;3.29;9.55;2.16;2.19;0.186;68.6;11.71;6.1;3.37;0.58;1.87;4.9;188.1;138.5;36.1;3.7;9.8;0.52;1.25;0.17;0.25;1.3;1.21;0.145;31.4;8.29;4.2;2.44;0.42;1.41;4.65;86.2;68.1;6;2.8;9.3;0.74;0.21;0.11;0.15
4;0;100;100;50;17.89;3.97;11.28;2.51;2.53;0.205;67.4;12.32;6.54;3.47;0.58;1.99;5.81;186.1;135.6;34.9;4;11.6;0.51;1.59;0.18;0.25;1.76;1.75;0.149;32.6;11.69;5.84;3.49;0.57;1.98;5.46;89.7;69.1;5.7;4;10.9;1.09;0.3;0.15;0.21
4;0;100;100;100;17.81;4.36;12.59;2.98;2.96;0.232;65.8;12.76;6.99;3.45;0.58;1.93;6.54;184.2;134;33.2;3.9;13.1;0.49;2.03;0.19;0.25;2.25;2.22;0.153;34.2;14.43;7.27;4.25;0.68;2.43;6.04;95.5;69.7;8.8;4.9;12.1;1.34;0.45;0.18;0.25
4;50;0;0;0;15.36;2.38;6.54;1.66;1.66;0.185;47.5;8.96;4.71;2.49;0.44;1.52;3.41;144.7;119.7;15.1;3;6.8;1;0.34;0.14;0.18;0.65;0.66;0.131;52.5;4.93;2.42;1.49;0.25;0.86;3.13;160.1;140.3;11.7;1.7;6.3;0.29;0.22;0.07;0.09
4;50;0;0;50;15.06;2.45;7.1;1.73;1.75;0.19;47.8;9.18;4.83;2.58;0.43;1.5;3.67;145.6;121.3;14;3;7.3;1.03;0.4;0.13;0.18;0.79;0.79;0.135;52.2;5.75;2.77;1.74;0.32;0.95;3.44;159.2;138.5;12;1.9;6.9;0.3;0.32;0.07;0.1
4;50;0;0;100;14.72;2.73;7.65;1.94;1.89;0.196;46.9;9.63;5.07;2.71;0.47;1.56;3.88;146;122.2;12.9;3.1;7.8;1.04;0.52;0.15;0.19;1.05;1.05;0.152;53.1;6.85;3.46;2.05;0.35;1.16;3.77;165.3;137.4;18.1;2.3;7.5;0.3;0.53;0.09;0.13
4;50;0;50;0;17.43;2.74;7.92;1.68;1.75;0.182;54.2;9.59;4.96;2.71;0.48;1.54;4.02;147;117.1;18.8;3.1;8;0.98;0.42;0.15;0.2;0.98;0.95;0.136;45.8;6.89;3.41;2.08;0.36;1.2;3.91;124;102.4;11.4;2.4;7.8;0.51;0.21;0.1;0.13
4;50;0;50;50;17.27;3.18;9.17;1.81;1.85;0.187;53.9;9.89;5.14;2.83;0.49;1.64;4.75;147.3;117;17.5;3.3;9.5;0.98;0.54;0.15;0.19;1.32;1.28;0.138;46.1;9.22;4.55;2.72;0.48;1.54;4.42;125.8;102.5;11.4;3.1;8.8;0.71;0.3;0.11;0.16
4;50;0;50;100;17.15;3.53;10.7;2.01;2.05;0.197;52.5;10.39;5.39;2.94;0.51;1.62;5.46;147.9;117.2;16.5;3.2;10.9;0.99;0.72;0.14;0.21;1.75;1.76;0.147;47.5;11.91;5.79;3.65;0.64;1.92;5.24;133.6;102.3;17;3.8;10.5;0.9;0.5;0.15;0.21
4;50;0;100;0;19.34;3.08;8.93;1.83;1.81;0.179;63.7;10.12;5.2;2.9;0.52;1.63;4.63;149.6;115.2;21.9;3.3;9.3;0.97;0.49;0.14;0.21;1.16;1.16;0.137;36.3;8.42;4.16;2.55;0.43;1.45;4.3;85.3;62.4;11.4;2.9;8.6;0.68;0.21;0.12;0.15
4;50;0;100;50;19.3;3.87;10.89;2;1.99;0.185;62.6;10.76;5.56;3.17;0.51;1.76;5.59;149.4;113.6;21.1;3.5;11.2;0.94;0.67;0.17;0.22;1.8;1.69;0.14;37.4;12.02;6.12;3.49;0.58;2.11;5.31;89;63.2;11;4.2;10.6;1.01;0.3;0.17;0.21
4;50;0;100;100;19.5;4.33;12.4;2.27;2.27;0.196;60.7;11.55;6.11;3.2;0.56;1.88;6.43;149.7;112.6;20.5;3.8;12.9;0.93;0.93;0.17;0.24;2.16;2.12;0.146;39.3;14.52;7.21;4.26;0.74;2.44;5.97;97;63.7;16.5;4.9;11.9;1.22;0.47;0.18;0.25
4;50;50;0;0;15.4;2.76;8.02;2.18;2.23;0.188;47.6;11.87;6.12;3.37;0.57;1.86;4.11;146.3;118.9;15.4;3.7;8.2;1.35;0.47;0.17;0.24;0.74;0.74;0.14;52.4;5.17;2.56;1.56;0.28;0.89;3.91;161.3;141.3;10.4;1.8;7.8;0.3;0.28;0.07;0.09
4;50;50;0;50;15.22;2.92;8.52;2.41;2.39;0.196;47.6;12.16;6.42;3.43;0.6;1.95;4.38;146.8;119.6;14.6;3.9;8.8;1.31;0.64;0.18;0.26;0.95;0.91;0.149;52.4;5.99;2.94;1.79;0.31;0.98;4.14;161.5;140.4;10.8;2;8.3;0.3;0.44;0.07;0.1
4;50;50;0;100;14.73;3.16;8.8;2.54;2.51;0.205;47;12.22;6.49;3.36;0.58;1.95;4.53;147.3;121.3;13.1;3.9;9.1;1.33;0.77;0.18;0.24;1.15;1.18;0.166;53;7.01;3.56;2.03;0.34;1.21;4.27;165.9;138.5;16.5;2.4;8.5;0.32;0.65;0.09;0.11
4;50;50;50;0;17.62;3.23;9.35;2.29;2.32;0.185;54.4;12.54;6.45;3.65;0.6;2.03;4.87;149.1;116.1;19.2;4.1;9.7;1.29;0.6;0.18;0.25;1.07;0.99;0.14;45.6;6.97;3.53;2.02;0.35;1.2;4.48;125.1;103.2;10.5;2.4;9;0.51;0.28;0.09;0.11
4;50;50;50;50;17.47;3.69;10.47;2.52;2.55;0.194;53.7;13.13;6.88;3.69;0.62;2.07;5.33;148.3;115.5;18;4.1;10.7;1.28;0.82;0.19;0.27;1.44;1.41;0.147;46.3;9.47;4.72;2.75;0.5;1.62;5.14;127.8;103.8;10.5;3.2;10.3;0.69;0.42;0.13;0.17
4;50;50;50;100;17.23;4.14;11.94;2.8;2.82;0.209;53.8;13.46;7.14;3.7;0.65;2.12;6.18;157.3;115.4;25.4;4.2;12.4;1.27;1.08;0.2;0.26;1.93;1.88;0.156;46.2;12.05;6.05;3.57;0.62;2.02;5.76;135;103.9;15.5;4;11.5;0.9;0.61;0.16;0.21
4;50;50;100;0;19.64;3.67;10.64;2.51;2.53;0.185;63.3;13.62;7.06;3.91;0.67;2.21;5.49;150.4;112.3;22.7;4.4;11;1.25;0.81;0.19;0.29;1.2;1.23;0.141;36.7;8.63;4.25;2.67;0.39;1.46;5.16;87.3;63.9;10.2;2.9;10.3;0.7;0.26;0.11;0.16
4;50;50;100;50;19.67;4.35;12.62;2.69;2.81;0.197;63.9;14.3;7.4;4.12;0.71;2.28;6.45;161.2;110.8;32.9;4.6;12.9;1.24;1.09;0.2;0.29;1.9;1.79;0.146;36.1;12.19;6.09;3.61;0.61;2.07;6.17;91;64.6;10;4.1;12.3;1.02;0.39;0.17;0.21
4;50;50;100;100;19.71;4.88;14.09;3.01;3.13;0.21;61.8;14.92;7.87;4.28;0.68;2.33;7.18;160.1;109.7;31.4;4.7;14.4;1.23;1.39;0.22;0.3;2.28;2.29;0.153;38.2;14.94;7.44;4.38;0.77;2.55;6.91;99.1;65.2;15;5.1;13.8;1.25;0.59;0.2;0.25
4;50;100;0;0;15.29;3.25;9.37;2.82;2.86;0.193;48.8;14.78;7.76;4.13;0.75;2.36;4.83;155.2;117.7;23.2;4.7;9.7;1.65;0.7;0.21;0.3;0.83;0.83;0.152;51.2;5.36;2.7;1.54;0.28;0.89;4.54;163.2;142.7;9.6;1.8;9.1;0.3;0.36;0.07;0.1
4;50;100;0;50;14.8;3.47;9.81;3.2;3.15;0.205;48.1;15.35;8.16;4.33;0.73;2.47;5.01;155.2;118.8;21.4;4.9;10;1.7;0.92;0.23;0.31;1.04;1.04;0.169;51.9;6.07;3.19;1.72;0.27;1;4.8;167.4;141.4;14.3;2;9.6;0.29;0.56;0.07;0.11
4;50;100;0;100;14.43;3.54;10.11;3.26;3.31;0.214;48.1;15.44;8.18;4.24;0.75;2.39;5.17;154.6;119.8;19.6;4.8;10.3;1.71;1.08;0.23;0.29;1.31;1.29;0.187;51.9;6.86;3.64;1.95;0.35;1.15;4.94;167;140.2;14.6;2.3;9.9;0.31;0.78;0.08;0.11
4;50;100;50;0;17.51;3.77;11.09;3.1;3.18;0.195;55.2;16.32;8.43;4.71;0.83;2.5;5.67;158.4;113;29.1;5;11.3;1.63;0.97;0.24;0.35;1.13;1.1;0.151;44.8;7.26;3.72;2.11;0.39;1.27;5.42;128.4;105.8;9.2;2.5;10.8;0.52;0.35;0.1;0.13
4;50;100;50;50;17.31;4.19;12.25;3.32;3.35;0.205;54;16.34;8.62;4.63;0.78;2.54;6.32;158.2;113.5;27;5.1;12.6;1.61;1.19;0.22;0.33;1.55;1.56;0.158;46;9.76;4.93;2.87;0.46;1.65;5.93;134.6;105.4;14;3.3;11.9;0.72;0.55;0.12;0.17
4;50;100;50;100;17.33;4.61;13.28;3.7;3.75;0.221;53.6;16.95;9.18;4.63;0.8;2.66;6.83;157.8;112.5;26.3;5.3;13.7;1.59;1.57;0.25;0.33;2.01;2.02;0.166;46.4;12.11;6.08;3.53;0.62;1.94;6.44;136.6;106.2;13.6;3.9;12.9;0.92;0.74;0.15;0.21
4;50;100;100;0;19.62;4.24;12.19;3.32;3.35;0.193;64.5;17.32;9.06;4.92;0.83;2.78;6.27;162.1;109.3;34.7;5.6;12.5;1.56;1.18;0.26;0.36;1.31;1.31;0.149;35.5;8.74;4.36;2.62;0.42;1.46;5.92;89.1;65.3;9;2.9;11.8;0.69;0.35;0.11;0.16
4;50;100;100;50;19.64;4.89;14.17;3.68;3.65;0.205;62.2;17.75;9.49;4.9;0.77;2.82;7.23;160.4;107;33.3;5.6;14.5;1.52;1.53;0.26;0.34;1.91;1.95;0.154;37.8;12.6;6.24;3.82;0.63;2.07;6.94;97.3;66.5;12.8;4.1;13.9;1.07;0.49;0.16;0.23
4;50;100;100;100;19.6;5.49;15.4;4.05;4.12;0.223;61.7;18.45;9.92;5.07;0.82;2.87;8.01;160.3;106.6;32;5.7;16;1.52;1.96;0.27;0.36;2.51;2.45;0.16;38.3;15.18;7.76;4.41;0.73;2.63;7.39;99.7;66.7;12.9;5.3;14.8;1.28;0.71;0.19;0.27
4;100;0;0;0;17.47;2.69;7.92;2.04;2.06;0.189;40.1;10.91;5.72;3.12;0.5;1.78;4.05;108.4;81.7;15;3.6;8.1;1.36;0.33;0.15;0.22;0.76;0.74;0.129;59.9;5.63;2.71;1.69;0.29;0.91;3.86;161.9;137;15.3;1.8;7.7;0.28;0.3;0.06;0.1
4;100;0;0;50;17.1;2.95;8.64;2.24;2.22;0.193;40.6;11.45;6;3.24;0.53;1.81;4.53;109.5;83;13.8;3.6;9.1;1.4;0.41;0.17;0.23;0.97;0.98;0.14;59.4;6.88;3.35;2.09;0.35;1.15;4.11;160.5;134.7;15.2;2.3;8.2;0.29;0.47;0.09;0.12
4;100;0;0;100;16.89;3.14;9.31;2.3;2.28;0.197;39.7;11.56;5.97;3.33;0.57;1.76;4.83;110.1;84.5;12.5;3.5;9.7;1.41;0.49;0.15;0.24;1.26;1.25;0.152;60.3;8.1;3.97;2.46;0.42;1.38;4.48;167.5;132.1;23.7;2.8;9;0.29;0.71;0.1;0.14
4;100;0;50;0;19.36;3.06;9.06;2.04;2.14;0.186;46.8;11.48;5.8;3.28;0.63;1.8;4.64;111.2;79.8;18.5;3.6;9.3;1.34;0.4;0.15;0.24;0.99;0.99;0.134;53.2;7.35;3.59;2.25;0.37;1.25;4.42;126.3;100.2;14.7;2.5;8.8;0.5;0.28;0.09;0.13
4;100;0;50;50;19.24;3.69;10.58;2.19;2.28;0.19;46.6;11.94;6.28;3.36;0.58;1.95;5.38;112.3;80.3;17.3;3.9;10.8;1.34;0.52;0.17;0.25;1.46;1.45;0.142;53.4;10.17;5;3.03;0.52;1.74;5.2;128.5;99.6;14.9;3.5;10.4;0.67;0.46;0.14;0.18
4;100;0;50;100;19.23;4.23;11.95;2.44;2.48;0.199;45.2;12.46;6.61;3.4;0.58;2;6.21;113.4;80.9;16.2;4;12.4;1.35;0.71;0.18;0.25;1.94;1.93;0.149;54.8;12.94;6.52;3.82;0.65;2.23;5.74;137.4;98.9;22.5;4.5;11.5;0.86;0.68;0.18;0.22
4;100;0;100;0;21.12;3.52;10.06;2.17;2.21;0.184;56.4;12.02;6.14;3.51;0.6;1.92;5.25;114.4;78.6;21.5;3.8;10.5;1.31;0.48;0.18;0.25;1.24;1.24;0.136;43.6;9;4.49;2.65;0.47;1.6;4.81;88.5;61;14.7;3.2;9.6;0.67;0.28;0.13;0.16
4;100;0;100;50;21.37;4.15;12.13;2.43;2.42;0.188;55.6;12.87;6.64;3.69;0.64;2.02;6.31;115.4;77.9;20.8;4;12.6;1.3;0.67;0.19;0.27;1.82;1.78;0.141;44.4;12.53;6.22;3.66;0.67;2.13;5.82;92;61.6;14.6;4.3;11.6;0.97;0.44;0.16;0.21
4;100;0;100;100;21.09;4.78;13.68;2.73;2.71;0.198;53.5;13.68;7.13;3.95;0.65;2.2;7.13;116.2;77.5;20.1;4.4;14.3;1.31;0.91;0.21;0.27;2.35;2.26;0.147;46.5;15.3;7.68;4.53;0.8;2.58;6.56;101;61.8;20.9;5.2;13.1;1.17;0.62;0.2;0.26
4;100;50;0;0;17.35;3.44;9.92;3.02;2.97;0.193;40.9;15.36;8.1;4.28;0.77;2.48;5.08;112;82.1;14.7;5;10.2;2;0.44;0.23;0.3;0.91;0.84;0.14;59.1;5.92;2.92;1.77;0.32;0.96;4.84;161.9;136.3;14;1.9;9.7;0.27;0.39;0.08;0.1
4;100;50;0;50;17.29;3.77;10.8;3.17;3.18;0.199;40.2;15.97;8.5;4.49;0.73;2.59;5.58;113.3;83.2;13.7;5.2;11.2;2.02;0.6;0.24;0.32;1.09;1.13;0.158;59.8;7.09;3.5;2.13;0.36;1.18;5.22;168.7;134.4;21.5;2.4;10.4;0.28;0.64;0.09;0.13
4;100;50;0;100;16.9;3.99;11.24;3.3;3.31;0.205;40.1;16.13;8.63;4.39;0.78;2.56;5.62;113;84.2;12.5;5.1;11.2;2.02;0.74;0.24;0.32;1.5;1.46;0.171;59.9;8.47;4.42;2.41;0.4;1.43;5.62;168.8;132.7;22;2.9;11.2;0.3;0.89;0.11;0.15
4;100;50;50;0;19.21;3.97;11.4;3.02;3.07;0.19;47.4;16.1;8.42;4.59;0.81;2.64;5.84;114.8;79.8;18;5.3;11.7;1.94;0.57;0.24;0.32;1.15;1.12;0.141;52.6;7.84;3.9;2.36;0.38;1.33;5.56;127.7;100.2;13.7;2.7;11.1;0.51;0.37;0.1;0.14
4;100;50;50;50;19.45;4.42;12.88;3.26;3.32;0.197;46;16.82;8.92;4.66;0.81;2.68;6.68;116.3;80.2;17.4;5.4;13.4;1.95;0.79;0.24;0.34;1.66;1.61;0.152;54;10.52;5.24;3.17;0.51;1.74;6.2;136.3;99.8;20.7;3.5;12.4;0.68;0.61;0.13;0.18
4;100;50;50;100;19.29;4.95;14.36;3.5;3.59;0.208;47.4;17.27;9.14;4.87;0.81;2.68;7.41;124.8;80.6;24;5.4;14.8;1.97;1.03;0.24;0.35;2.19;2.15;0.159;52.6;13.41;6.8;3.94;0.68;2.27;6.95;138.3;99.2;20.6;4.5;13.9;0.88;0.86;0.18;0.24
4;100;50;100;0;21.56;4.33;12.52;3.23;3.25;0.19;56.6;17.05;9;4.77;0.84;2.79;6.46;118.1;77.6;22;5.6;12.9;1.88;0.77;0.25;0.34;1.39;1.34;0.141;43.4;9.39;4.62;2.84;0.51;1.54;6.07;90.6;61.8;13.6;3.1;12.1;0.67;0.38;0.12;0.17
4;100;50;100;50;21.56;4.93;14.59;3.5;3.51;0.199;55.9;17.66;9.29;5;0.84;2.74;7.5;128.5;76.3;31.7;5.5;15;1.84;1.06;0.25;0.37;2.02;1.97;0.15;44.1;13.12;6.55;3.85;0.68;2.19;7.09;101.3;62.8;20;4.4;14.2;1;0.58;0.17;0.22
4;100;50;100;100;21.33;5.41;16.05;3.76;3.83;0.209;55.7;18.32;9.66;5.17;0.91;2.8;8.29;129;76.9;30;5.6;16.6;1.86;1.33;0.26;0.37;2.5;2.49;0.156;44.3;15.9;7.91;4.65;0.82;2.6;7.75;102.8;62.3;19.7;5.2;15.5;1.19;0.81;0.21;0.27
4;100;100;0;0;17.41;4.05;11.56;3.67;3.65;0.197;42.8;18.55;9.85;5.12;0.89;3;6.03;122.1;81.9;22.1;6;12.1;2.35;0.66;0.28;0.37;1.05;1.02;0.156;57.2;6.46;3.22;1.94;0.34;1.06;5.53;163.1;136.7;13.3;2.1;11.1;0.29;0.53;0.09;0.12
4;100;100;0;50;17.11;4.26;12.25;3.85;3.94;0.205;41.8;19.17;10.19;5.31;0.94;3.05;6.25;121.9;82.6;20.7;6.1;12.5;2.39;0.88;0.29;0.38;1.28;1.31;0.175;58.2;7.42;3.79;2.13;0.39;1.21;6;169.7;135.4;19.8;2.4;12;0.28;0.8;0.09;0.13
4;100;100;0;100;16.77;4.28;12.7;4.14;4.1;0.212;41.9;19.33;10.29;5.39;0.94;2.92;6.51;121.5;83.8;18.8;5.8;13;2.4;1.04;0.27;0.39;1.68;1.67;0.195;58.1;8.51;4.46;2.43;0.41;1.36;6.18;168.7;133.3;20.2;2.7;12.4;0.29;1.13;0.11;0.14
4;100;100;50;0;19.43;4.55;12.94;3.87;3.88;0.197;49.5;19.64;10.36;5.53;0.96;3.14;6.76;126.6;79;27.8;6.3;13.5;2.28;0.91;0.29;0.4;1.31;1.27;0.153;50.5;8.27;4.11;2.38;0.45;1.41;6.18;129.1;101.3;12.7;2.8;12.4;0.51;0.52;0.11;0.14
4;100;100;50;50;19.38;5.02;14.16;4.11;4.12;0.205;47.8;20.02;10.76;5.46;0.95;3.23;7.29;126.3;78.9;26.4;6.5;14.6;2.27;1.15;0.3;0.4;1.81;1.78;0.164;52.2;10.81;5.53;3.17;0.56;1.79;6.87;137.8;101.3;19.2;3.6;13.7;0.69;0.76;0.15;0.19
4;100;100;50;100;19.12;5.43;15.45;4.45;4.47;0.217;47.6;20.58;11.16;5.66;0.93;3.22;8.02;126.5;79.2;24.8;6.4;16;2.31;1.47;0.28;0.41;2.31;2.31;0.173;52.4;13.28;6.7;3.84;0.64;2.21;7.43;139.1;101;18.8;4.4;14.9;0.88;1.04;0.18;0.22
4;100;100;100;0;21.18;4.87;14.2;4;4.05;0.196;58.6;20.69;10.83;5.84;1.01;3.28;7.39;130.5;75.9;33.2;6.6;14.8;2.2;1.13;0.31;0.42;1.42;1.45;0.151;41.4;9.54;4.72;2.84;0.5;1.58;6.81;91.9;63.1;12.1;3.2;13.6;0.67;0.48;0.12;0.17
4;100;100;100;50;21.57;5.76;16.1;4.35;4.38;0.205;56.1;21.31;11.29;5.97;1.03;3.38;8.28;130.5;75.2;31.9;6.8;16.6;2.18;1.45;0.3;0.44;2.13;2.16;0.159;43.9;13.55;6.91;3.89;0.67;2.37;7.82;102.1;63.6;18.1;4.7;15.6;1.01;0.72;0.18;0.24
4;100;100;100;100;21.54;6.02;17.42;4.83;4.78;0.219;55.5;21.78;11.64;6.01;1.02;3.31;8.96;129.9;74.5;30.9;6.6;17.9;2.15;1.88;0.3;0.44;2.7;2.72;0.167;44.5;16.22;8.2;4.7;0.85;2.71;8.46;104.3;64.1;17.9;5.4;16.9;1.22;1;0.21;0.28
5;0;0;0;0;13.6;1.77;5.22;1.18;1.19;0.179;53.1;6.63;3.4;1.89;0.33;1.03;2.77;179.3;155.3;16.4;2.1;5.5;0.59;0.37;0.09;0.14;0.54;0.54;0.124;46.9;4.18;2.04;1.26;0.24;0.73;2.45;158.2;144.1;7.7;1.5;4.9;0.28;0.14;0.05;0.07
5;0;0;0;50;13.21;1.88;5.37;1.34;1.26;0.186;53.1;6.7;3.53;1.85;0.33;1.09;2.74;179;156.1;15.2;2.2;5.5;0.59;0.44;0.1;0.13;0.66;0.63;0.129;46.9;4.74;2.28;1.44;0.26;0.79;2.63;158.1;143.4;7.8;1.6;5.3;0.29;0.21;0.05;0.08
5;0;0;0;100;12.71;2.01;5.76;1.38;1.36;0.195;52.5;6.97;3.64;1.98;0.32;1.09;2.98;179.1;156.7;14.2;2.2;6;0.57;0.56;0.1;0.13;0.78;0.75;0.139;47.5;5.31;2.67;1.58;0.25;0.92;2.78;161.8;142.8;11.6;1.8;5.6;0.28;0.31;0.07;0.09
5;0;0;50;0;15.7;2.25;6.41;1.28;1.29;0.177;60.2;7.25;3.74;2.11;0.35;1.23;3.33;181.8;152.8;19.9;2.5;6.7;0.59;0.43;0.12;0.15;0.8;0.79;0.129;39.8;6.02;2.96;1.83;0.31;1.02;3.08;120.2;104.5;7.5;2;6.2;0.46;0.15;0.08;0.1
5;0;0;50;50;15.8;2.7;7.63;1.47;1.43;0.184;59.2;7.74;4.07;2.2;0.37;1.27;3.92;180;150.4;19.1;2.5;7.8;0.56;0.58;0.13;0.16;1.14;1.09;0.132;40.8;8.22;4.02;2.53;0.4;1.43;3.71;124;106;7.7;2.9;7.4;0.65;0.2;0.1;0.15
5;0;0;50;100;15.68;3.16;8.97;1.66;1.64;0.198;58;8.25;4.37;2.29;0.4;1.34;4.68;180;149.7;18.2;2.7;9.4;0.56;0.78;0.13;0.17;1.47;1.45;0.136;42;10.58;5.2;3.15;0.56;1.82;4.29;130.1;106.4;11.5;3.6;8.6;0.83;0.3;0.13;0.18
5;0;0;100;0;17.76;2.6;7.43;1.4;1.38;0.173;69.3;7.96;4.06;2.32;0.4;1.3;3.93;183.3;149.2;23.6;2.6;7.9;0.56;0.53;0.12;0.17;0.94;0.97;0.13;30.7;7.36;3.57;2.23;0.38;1.3;3.5;81.1;64;7.4;2.6;7;0.61;0.14;0.1;0.13
5;0;0;100;50;18.1;3.33;9.42;1.63;1.63;0.181;68.1;8.96;4.56;2.59;0.44;1.42;5.02;182.2;146.2;23.1;2.8;10;0.55;0.74;0.14;0.19;1.45;1.41;0.132;31.9;10.58;5.26;3.13;0.58;1.91;4.39;85.2;65.2;7.5;3.8;8.8;0.89;0.2;0.14;0.18
5;0;0;100;100;17.85;3.79;10.99;1.91;1.87;0.196;66.2;9.49;4.97;2.7;0.47;1.44;5.72;180.1;144;21.8;2.9;11.4;0.55;0.99;0.13;0.2;1.86;1.82;0.136;33.8;13.29;6.58;4;0.71;2.35;5.27;92;66;10.8;4.7;10.5;1.13;0.28;0.17;0.24
5;0;50;0;0;13.25;1.94;5.49;1.35;1.35;0.18;52.8;7.45;3.91;2.06;0.36;1.27;2.91;178;153;16.7;2.5;5.8;0.58;0.5;0.12;0.16;0.59;0.56;0.13;47.2;4.12;2.04;1.24;0.21;0.67;2.58;159.3;146.2;6.7;1.3;5.2;0.27;0.17;0.05;0.07
5;0;50;0;50;12.93;2.13;5.98;1.54;1.58;0.195;52.6;8.07;4.27;2.28;0.39;1.32;3.15;177.5;153;15.5;2.6;6.3;0.61;0.67;0.13;0.17;0.69;0.67;0.139;47.4;4.64;2.32;1.39;0.25;0.81;2.83;160.1;146.1;6.7;1.6;5.7;0.28;0.25;0.06;0.08
5;0;50;0;100;12.54;2.25;6.53;1.77;1.77;0.209;51.9;8.46;4.54;2.35;0.4;1.32;3.42;177.3;153.2;14.6;2.6;6.8;0.61;0.86;0.13;0.17;0.82;0.86;0.154;48.1;5.46;2.75;1.64;0.27;0.94;3.12;164.2;145.9;10.1;1.9;6.2;0.3;0.4;0.06;0.09
5;0;50;50;0;15.59;2.53;7.29;1.54;1.56;0.177;59.3;8.81;4.48;2.59;0.44;1.46;3.78;179;148.1;20.4;2.9;7.6;0.58;0.66;0.14;0.18;0.81;0.84;0.133;40.7;6.17;3;1.92;0.33;1.07;3.51;123;107.4;6.4;2.1;7;0.48;0.17;0.08;0.11
5;0;50;50;50;15.56;2.95;8.65;1.79;1.84;0.192;58.5;9.56;4.96;2.69;0.48;1.51;4.51;177.8;146;19.7;3;9;0.58;0.91;0.15;0.2;1.14;1.17;0.138;41.5;8.38;4.17;2.57;0.41;1.45;4.14;126.3;108.7;6.4;2.9;8.3;0.67;0.24;0.11;0.15
5;0;50;50;100;15.31;3.3;9.65;2.12;2.1;0.214;58.4;9.8;5.27;2.75;0.42;1.54;4.94;185.2;144.7;27.6;3.1;9.9;0.57;1.18;0.15;0.2;1.57;1.54;0.144;41.6;10.67;5.23;3.24;0.56;1.76;4.71;132;109.6;9.5;3.5;9.4;0.86;0.36;0.13;0.19
5;0;50;100;0;17.93;2.99;8.35;1.85;1.81;0.18;68.4;10.04;5.2;2.9;0.48;1.67;4.46;180.2;143.6;24.4;3.3;8.9;0.56;0.87;0.16;0.22;1.04;1.01;0.133;31.6;7.5;3.71;2.26;0.4;1.32;3.88;83;66.2;6.5;2.6;7.8;0.63;0.16;0.09;0.13
5;0;50;100;50;17.91;3.57;10.34;2.04;2.09;0.196;68.7;10.62;5.52;3.03;0.56;1.71;5.45;190.6;141.3;35;3.4;10.9;0.56;1.15;0.16;0.22;1.56;1.51;0.136;31.3;11.02;5.41;3.29;0.56;1.87;4.89;86.8;67;6.2;3.7;9.8;0.95;0.24;0.13;0.19
5;0;50;100;100;17.83;4.02;11.78;2.49;2.44;0.214;67;11.39;6.07;3.26;0.52;1.74;6.21;188.2;138.4;34;3.5;12.4;0.55;1.49;0.17;0.23;1.95;1.91;0.141;33;13.49;6.64;4.08;0.69;2.28;5.57;92.7;68.1;8.9;4.6;11.1;1.16;0.34;0.17;0.24
5;0;100;0;0;13.36;2.17;6.29;1.76;1.72;0.187;52.9;9.15;4.75;2.61;0.45;1.43;3.23;183.5;148.2;26;2.9;6.5;0.59;0.79;0.14;0.2;0.62;0.61;0.138;47.1;4.28;2.12;1.29;0.24;0.74;3.06;163.6;150.4;5.6;1.5;6.1;0.28;0.2;0.05;0.08
5;0;100;0;50;12.79;2.22;6.45;1.91;1.92;0.209;52.9;9.21;4.88;2.54;0.41;1.43;3.37;182.8;149.2;24;2.9;6.7;0.58;1.02;0.14;0.18;0.78;0.74;0.152;47.1;4.78;2.44;1.38;0.27;0.79;3.09;162.9;149.5;5.7;1.6;6.2;0.28;0.31;0.06;0.09
5;0;100;0;100;12.21;2.4;6.56;2.23;2.16;0.226;52.1;9.55;5.3;2.54;0.41;1.53;3.33;180.7;148.5;22.5;3.1;6.7;0.59;1.23;0.15;0.19;0.88;0.86;0.163;47.9;5.18;2.64;1.49;0.28;0.87;3.23;166.4;150.1;8.1;1.7;6.5;0.3;0.41;0.06;0.09
5;0;100;50;0;15.66;2.73;7.96;2;2.01;0.191;59.7;10.53;5.52;2.93;0.51;1.68;4.17;186.4;143;31.6;3.4;8.3;0.58;1.05;0.17;0.21;0.88;0.88;0.137;40.3;6.29;3.06;1.91;0.33;1.05;3.79;125.7;110.6;5.4;2.1;7.6;0.5;0.19;0.08;0.11
5;0;100;50;50;15.24;3.11;9.02;2.33;2.28;0.208;58.7;10.91;5.86;3.02;0.5;1.68;4.59;183.3;140.8;29.9;3.4;9.2;0.57;1.32;0.17;0.22;1.21;1.19;0.143;41.3;8.29;4.09;2.52;0.41;1.43;4.43;128.9;112;5.2;2.9;8.9;0.68;0.27;0.1;0.14
5;0;100;50;100;15.4;3.62;10.17;2.62;2.66;0.233;57.7;11.39;6.29;3.07;0.52;1.76;5.29;182.9;139.9;28.9;3.5;10.6;0.56;1.7;0.17;0.23;1.57;1.59;0.149;42.3;10.63;5.36;3.11;0.53;1.86;4.88;134;112.5;8;3.7;9.8;0.86;0.4;0.14;0.19
5;0;100;100;0;17.93;3.25;9.22;2.28;2.25;0.189;68.8;11.88;6.28;3.32;0.54;1.95;4.77;188.1;136.7;38;3.9;9.5;0.53;1.29;0.19;0.24;1.08;1.05;0.136;31.2;7.65;3.75;2.31;0.39;1.3;4.45;85.4;68.7;5.2;2.6;8.9;0.65;0.17;0.09;0.14
5;0;100;100;50;18.23;3.94;11.41;2.8;2.69;0.208;67.2;12.94;6.96;3.62;0.57;2.02;5.82;185.1;132.3;37.1;4;11.6;0.52;1.72;0.19;0.26;1.57;1.58;0.14;32.8;11.21;5.52;3.43;0.57;1.93;5.59;90.4;70.4;5;3.9;11.2;0.98;0.26;0.13;0.21
5;0;100;100;100;18.3;4.51;12.62;3.36;3.2;0.235;65.7;13.65;7.68;3.54;0.59;2.12;6.54;183.2;130;36;4.2;13.1;0.54;2.2;0.2;0.26;1.99;1.98;0.144;34.3;13.71;6.81;4.11;0.7;2.4;6.08;95.5;71.3;7.3;4.8;12.2;1.2;0.37;0.18;0.23
5;50;0;0;0;15.48;2.33;6.71;1.75;1.77;0.19;47.6;9.3;4.79;2.69;0.46;1.5;3.48;145.1;119;16.2;3;7;1.08;0.36;0.14;0.19;0.63;0.61;0.125;52.4;4.73;2.3;1.46;0.23;0.83;3.22;160.1;141.2;10.8;1.7;6.4;0.27;0.2;0.06;0.08
5;50;0;0;50;15.1;2.41;7.18;1.89;1.85;0.195;47.7;9.47;4.91;2.67;0.49;1.43;3.75;145.4;120.1;15;2.9;7.5;1.08;0.44;0.14;0.2;0.73;0.75;0.131;52.3;5.6;2.72;1.7;0.32;0.98;3.43;159.6;139.9;10.9;2;6.9;0.28;0.3;0.07;0.1
5;50;0;0;100;14.65;2.65;7.6;1.98;1.98;0.202;47.1;9.81;5.17;2.73;0.49;1.56;3.94;146.2;121.6;13.6;3.1;7.9;1.11;0.53;0.15;0.19;0.93;0.95;0.146;52.9;6.43;3.17;1.91;0.34;1.09;3.65;164.4;138.1;16.8;2.2;7.3;0.28;0.49;0.08;0.11
5;50;0;50;0;17.47;2.77;7.64;1.88;1.83;0.187;54.5;9.75;5.13;2.74;0.47;1.59;3.96;147.5;116.6;19.7;3.2;7.9;1.03;0.44;0.16;0.2;0.87;0.85;0.128;45.5;6.54;3.19;1.93;0.37;1.18;3.69;123.2;102.8;10.7;2.4;7.4;0.46;0.2;0.08;0.12
5;50;0;50;50;17.36;3.15;9;1.95;1.94;0.192;54.1;10.06;5.35;2.81;0.48;1.64;4.74;147.8;116.6;18.5;3.3;9.5;1.03;0.55;0.15;0.21;1.21;1.17;0.132;45.9;8.79;4.3;2.62;0.49;1.51;4.26;125.2;102.9;10.8;3;8.5;0.62;0.28;0.11;0.15
5;50;0;50;100;17.36;3.67;10.52;2.21;2.2;0.203;52.7;10.81;5.74;3.03;0.54;1.66;5.53;148.4;116.5;17.6;3.3;11.1;1.05;0.76;0.17;0.22;1.62;1.62;0.141;47.3;11.39;5.73;3.37;0.58;2.01;4.98;133.1;103;16.2;4;10;0.79;0.47;0.15;0.2
5;50;0;100;0;19.29;3.12;8.84;1.91;1.94;0.184;63.9;10.52;5.41;3;0.51;1.73;4.59;149.6;114.1;22.8;3.5;9.2;1.03;0.52;0.17;0.22;1.07;1.05;0.13;36.1;7.98;3.91;2.46;0.41;1.39;4.24;84.6;62.9;10.4;2.8;8.5;0.62;0.19;0.1;0.14
5;50;0;100;50;19.36;3.7;10.72;2.12;2.1;0.189;63;11.09;5.85;3.06;0.53;1.77;5.53;149.7;112.8;22.2;3.5;11.1;1.02;0.69;0.17;0.23;1.54;1.51;0.133;37;11.34;5.51;3.4;0.58;1.93;5.2;87.9;63.6;10.1;3.9;10.4;0.89;0.28;0.15;0.19
5;50;0;100;100;19.73;4.34;12.22;2.36;2.39;0.2;60.9;11.9;6.29;3.25;0.58;1.87;6.33;149.8;111.8;21.6;3.7;12.7;1;0.98;0.17;0.23;2.01;1.96;0.139;39.1;13.99;6.95;4.21;0.69;2.48;5.9;96.3;64.1;15.5;5;11.8;1.07;0.46;0.18;0.25
5;50;50;0;0;15.32;2.78;8.03;2.37;2.35;0.195;47.8;12.05;6.38;3.4;0.59;1.95;4.18;147.2;118.9;16;3.9;8.4;1.44;0.48;0.18;0.25;0.65;0.67;0.135;52.2;4.89;2.35;1.51;0.27;0.83;3.85;160.6;141.3;9.9;1.7;7.7;0.26;0.26;0.06;0.09
5;50;50;0;50;15.09;2.87;8.57;2.57;2.58;0.202;47.9;12.74;6.69;3.59;0.59;1.95;4.51;147.6;119.5;15.2;3.9;9;1.47;0.66;0.18;0.26;0.87;0.83;0.145;52.1;5.66;2.78;1.7;0.28;0.92;4.06;160.5;140.6;9.9;1.8;8.1;0.26;0.4;0.07;0.1
5;50;50;0;100;14.52;3.13;8.78;2.76;2.74;0.211;47;12.94;6.92;3.53;0.63;2.05;4.6;147;119.8;13.9;4.1;9.2;1.44;0.82;0.2;0.27;1.09;1.06;0.161;53;6.48;3.28;1.89;0.33;1.09;4.18;165.6;140.2;14.9;2.2;8.4;0.28;0.58;0.08;0.11
5;50;50;50;0;17.59;3.29;9.42;2.46;2.5;0.19;54.3;13.14;6.85;3.79;0.6;2.1;4.96;149;114.9;20;4.2;9.9;1.39;0.64;0.21;0.27;0.9;0.91;0.134;45.7;6.72;3.31;2;0.36;1.19;4.46;125.1;104.3;9.6;2.4;8.9;0.47;0.25;0.08;0.11
5;50;50;50;50;17.5;3.71;10.7;2.62;2.7;0.199;53.7;13.55;7.11;3.77;0.66;2.1;5.56;148.3;114;19;4.2;11.1;1.35;0.87;0.2;0.28;1.3;1.3;0.141;46.3;9.16;4.57;2.7;0.43;1.6;5.14;128.1;105;9.5;3.2;10.3;0.64;0.38;0.12;0.16
5;50;50;50;100;17.27;4;11.97;3.07;3.02;0.214;54;14.09;7.56;3.87;0.69;2.13;6.34;157.8;114;26.9;4.3;12.7;1.38;1.16;0.2;0.28;1.76;1.7;0.148;46;11.42;5.68;3.39;0.57;1.86;5.62;134.2;105;14.2;3.7;11.2;0.81;0.57;0.14;0.19
5;50;50;100;0;19.66;3.67;10.56;2.69;2.69;0.19;63.4;14.1;7.44;3.97;0.63;2.28;5.46;150.2;111.1;23.7;4.6;10.9;1.33;0.85;0.21;0.29;1.08;1.1;0.134;36.6;8.09;3.98;2.45;0.42;1.39;5.11;86.8;64.5;9.3;2.8;10.2;0.61;0.24;0.1;0.15
5;50;50;100;50;19.72;4.55;12.56;2.9;2.98;0.202;64.1;14.75;7.73;4.15;0.73;2.37;6.56;161.8;110.1;33.8;4.7;13.1;1.33;1.12;0.23;0.3;1.68;1.68;0.139;35.9;11.96;6.01;3.54;0.63;2.18;6;90.6;65;9.3;4.4;12;0.92;0.38;0.17;0.21
5;50;50;100;100;19.86;4.81;13.94;3.35;3.33;0.214;62.2;15.52;8.3;4.35;0.72;2.45;7.25;160.8;108;33.3;4.9;14.5;1.32;1.47;0.23;0.31;2.11;2.06;0.145;37.8;14.13;6.94;4.25;0.76;2.36;6.69;97.5;66;13.4;4.7;13.4;1.11;0.53;0.17;0.24
5;50;100;0;0;15.43;3.41;9.53;3.06;3.08;0.199;48.9;15.42;8.19;4.32;0.74;2.49;4.96;156.3;116.7;24.7;5;9.9;1.79;0.74;0.24;0.31;0.73;0.76;0.147;51.1;5.04;2.57;1.5;0.23;0.92;4.57;163.5;143.8;8.7;1.8;9.1;0.27;0.34;0.07;0.08
5;50;100;0;50;15.08;3.44;9.94;3.28;3.34;0.211;48;15.79;8.43;4.35;0.75;2.44;5.1;155.4;117.1;23.2;4.9;10.2;1.79;0.99;0.24;0.32;0.96;0.98;0.163;52;5.91;3;1.73;0.31;1;4.84;168.6;143.4;13.6;2;9.7;0.28;0.52;0.07;0.1
5;50;100;0;100;14.52;3.62;10.26;3.61;3.6;0.221;48.3;16.3;8.76;4.5;0.74;2.54;5.39;155.6;118.5;21.2;5.1;10.8;1.85;1.17;0.26;0.33;1.24;1.21;0.18;51.7;6.65;3.39;1.89;0.34;1.08;4.87;166.7;141.7;13.1;2.2;9.7;0.3;0.73;0.08;0.11
5;50;100;50;0;17.6;3.85;10.91;3.33;3.31;0.2;55.5;16.53;8.71;4.56;0.82;2.58;5.65;159.2;112.1;30.7;5.2;11.3;1.72;1.01;0.24;0.33;1.02;1.01;0.144;44.5;6.97;3.54;2.08;0.33;1.26;5.26;127.9;106.6;8.2;2.5;10.5;0.48;0.31;0.1;0.12
5;50;100;50;50;17.23;4.2;12.09;3.6;3.54;0.211;54.1;16.81;9.03;4.63;0.8;2.61;6.33;158.3;111.9;28.5;5.2;12.7;1.69;1.27;0.25;0.33;1.39;1.42;0.152;45.9;9.28;4.69;2.72;0.44;1.59;5.76;134.1;106.8;12.7;3.2;11.5;0.65;0.49;0.13;0.15
5;50;100;50;100;17.12;4.54;13.31;3.94;3.91;0.225;53.7;17.34;9.4;4.72;0.76;2.63;6.93;157.6;111.3;27.2;5.3;13.9;1.73;1.6;0.24;0.35;1.82;1.84;0.158;46.3;11.59;5.76;3.38;0.62;1.91;6.38;136.1;107.3;12.3;3.8;12.8;0.84;0.67;0.15;0.19
5;50;100;100;0;19.86;4.24;12.2;3.62;3.54;0.198;64.6;17.86;9.46;4.99;0.81;2.77;6.35;162.6;108.1;36.3;5.5;12.7;1.65;1.24;0.27;0.37;1.24;1.22;0.142;35.4;8.52;4.21;2.55;0.46;1.47;5.85;89;66;8.4;2.9;11.7;0.63;0.32;0.11;0.15
5;50;100;100;50;19.97;4.88;13.96;3.8;3.87;0.21;62.5;18.43;9.78;5.05;0.87;2.85;7.27;161.4;105.7;35.5;5.7;14.5;1.61;1.61;0.27;0.38;1.79;1.75;0.147;37.5;11.83;5.94;3.48;0.61;2.02;6.7;96.6;67.2;12;4;13.4;0.93;0.47;0.15;0.2
5;50;100;100;100;19.6;5.38;15.31;4.48;4.3;0.228;61.7;18.85;10.45;4.98;0.91;2.86;7.89;159.7;104.9;33.3;5.7;15.8;1.62;2.04;0.28;0.36;2.26;2.25;0.152;38.3;14.72;7.32;4.38;0.72;2.52;7.42;99.1;67.5;11.7;5;14.8;1.17;0.63;0.19;0.27
5;100;0;0;0;17.43;2.73;7.9;2.23;2.2;0.195;40.3;11.25;5.92;3.16;0.54;1.76;4.11;109;81.4;15.9;3.5;8.2;1.47;0.35;0.16;0.22;0.71;0.7;0.126;59.7;5.46;2.67;1.66;0.27;0.97;3.79;161.5;137.6;14.4;1.9;7.6;0.26;0.28;0.07;0.1
5;100;0;0;50;16.8;2.96;8.54;2.3;2.32;0.2;40.5;11.6;6.04;3.33;0.58;1.85;4.33;109.2;82.3;14.5;3.7;8.7;1.5;0.42;0.19;0.23;0.9;0.9;0.136;59.5;6.51;3.21;1.95;0.32;1.1;4.2;160.7;135.9;14.2;2.2;8.4;0.27;0.43;0.08;0.12
5;100;0;0;100;16.82;3.27;9.16;2.47;2.47;0.204;39.7;12.09;6.48;3.33;0.59;1.95;4.71;110.3;83.6;13.3;3.9;9.4;1.51;0.53;0.19;0.24;1.19;1.17;0.149;60.3;7.78;3.91;2.29;0.4;1.32;4.45;167.4;133.7;22.1;2.6;8.9;0.27;0.67;0.1;0.14
5;100;0;50;0;19.2;3.12;9.18;2.32;2.31;0.193;47.1;11.98;6.26;3.41;0.57;1.82;4.81;111.9;79.5;19.1;3.6;9.6;1.46;0.42;0.18;0.25;0.91;0.94;0.129;52.9;7.22;3.55;2.15;0.39;1.29;4.37;125.9;100.7;13.9;2.6;8.7;0.46;0.26;0.09;0.13
5;100;0;50;50;19.21;3.72;10.51;2.4;2.42;0.197;46.8;12.3;6.5;3.43;0.59;2.01;5.4;112.6;79.7;18.1;4;10.8;1.43;0.55;0.2;0.24;1.32;1.34;0.136;53.2;9.79;4.85;2.98;0.48;1.72;5.11;127.9;100.4;13.9;3.4;10.2;0.61;0.43;0.12;0.17
5;100;0;50;100;18.99;4.11;11.96;2.67;2.62;0.205;45.4;12.78;6.76;3.59;0.62;1.99;6.2;113.4;80.3;16.7;4;12.4;1.46;0.72;0.19;0.25;1.84;1.8;0.143;54.6;12.56;6.26;3.76;0.63;2.12;5.76;136.3;99.7;20.9;4.2;11.5;0.79;0.63;0.16;0.22
5;100;0;100;0;21.2;3.49;9.97;2.33;2.39;0.189;56.6;12.64;6.54;3.57;0.62;1.98;5.15;114.8;77.7;22.8;4;10.3;1.41;0.52;0.19;0.26;1.11;1.1;0.129;43.4;8.4;4.18;2.52;0.4;1.51;4.82;87.9;61.7;13.5;3;9.6;0.58;0.26;0.11;0.16
5;100;0;100;50;21.36;4.27;12.23;2.62;2.6;0.194;56;13.4;7.07;3.82;0.67;2.11;6.41;116.3;77.6;21.6;4.2;12.8;1.42;0.69;0.21;0.28;1.69;1.65;0.135;44;12.18;6.06;3.67;0.6;2.16;5.82;91.3;61.8;13.6;4.3;11.6;0.87;0.42;0.15;0.21
5;100;0;100;100;21.22;4.82;13.72;2.88;2.82;0.203;53.6;13.87;7.35;3.87;0.67;2.22;7.09;116.4;77.3;20.4;4.4;14.2;1.41;0.93;0.21;0.27;2.19;2.14;0.141;46.4;15.14;7.53;4.52;0.78;2.6;6.62;100.7;62;20.3;5.2;13.2;1.07;0.62;0.19;0.26
5;100;50;0;0;17.42;3.49;9.89;3.23;3.17;0.199;41;15.89;8.43;4.37;0.74;2.53;5.16;112.5;81.3;15.8;5.1;10.3;2.12;0.48;0.25;0.32;0.77;0.79;0.136;59;5.7;2.76;1.73;0.3;0.96;4.73;162.3;137.7;13.2;1.9;9.5;0.25;0.36;0.08;0.1
5;100;50;0;50;17.17;3.76;10.62;3.43;3.36;0.205;40.1;16.33;8.7;4.45;0.77;2.56;5.5;113;82.3;14.6;5.1;11;2.16;0.63;0.25;0.32;1.08;1.08;0.153;59.9;7;3.48;2.12;0.38;1.2;5.12;168.7;135.9;20.2;2.4;10.2;0.28;0.6;0.08;0.12
5;100;50;0;100;16.78;3.94;11.14;3.65;3.52;0.212;40.5;16.57;9.04;4.44;0.78;2.59;5.73;113.7;83.9;13.2;5.2;11.5;2.17;0.77;0.25;0.32;1.42;1.36;0.167;59.5;8.08;4.15;2.35;0.38;1.35;5.4;167.4;133.2;20.7;2.7;10.8;0.27;0.85;0.1;0.14
5;100;50;50;0;19.47;4.03;11.41;3.37;3.3;0.196;47.5;16.81;8.92;4.7;0.78;2.71;5.94;115.5;79;19.2;5.4;11.9;2.08;0.62;0.26;0.34;1.05;1.04;0.135;52.5;7.62;3.79;2.29;0.39;1.32;5.47;127.8;101.3;12.9;2.6;10.9;0.46;0.35;0.1;0.13
5;100;50;50;50;19.24;4.49;12.7;3.56;3.55;0.203;46.2;17.44;9.26;4.81;0.8;2.71;6.61;116.2;79.3;18.3;5.4;13.2;2.1;0.83;0.27;0.35;1.47;1.48;0.147;53.8;10.01;5;2.98;0.52;1.77;6.09;135.6;100.9;19;3.5;12.2;0.6;0.57;0.13;0.18
5;100;50;50;100;19.13;4.94;13.93;3.8;3.81;0.214;47.8;17.74;9.55;4.8;0.86;2.79;7.35;125.5;79.7;25.5;5.6;14.7;2.09;1.09;0.27;0.36;2.01;1.96;0.153;52.2;12.71;6.36;3.81;0.65;2.16;6.58;137.3;100.3;19.5;4.3;13.2;0.78;0.8;0.16;0.22
5;100;50;100;0;21.46;4.25;12.45;3.55;3.45;0.196;56.7;17.63;9.33;4.86;0.85;2.81;6.39;118.1;76.5;23.1;5.6;12.8;2;0.82;0.27;0.36;1.15;1.2;0.135;43.3;8.78;4.29;2.72;0.45;1.44;6.05;90;62.6;12.4;2.9;12.1;0.58;0.35;0.1;0.17
5;100;50;100;50;21.48;4.98;14.34;3.83;3.75;0.205;56.7;18.31;9.77;5.03;0.88;2.89;7.5;129.9;76;33.1;5.8;15;2;1.1;0.28;0.37;1.87;1.79;0.143;43.3;12.43;6.15;3.75;0.59;2.09;6.84;99.2;63;18.4;4.2;13.7;0.88;0.54;0.15;0.21
5;100;50;100;100;21.41;5.36;15.94;4.07;4.02;0.214;55.9;18.75;10.07;5.15;0.89;2.86;8.16;129.3;75.7;31.5;5.7;16.3;2;1.38;0.27;0.37;2.24;2.29;0.149;44.1;15.33;7.53;4.63;0.8;2.5;7.78;102;63.2;18.2;5;15.6;1.08;0.74;0.19;0.28
5;100;100;0;0;17.33;4.19;11.67;4.05;3.94;0.203;42.6;19.41;10.46;5.3;0.91;3.19;6.03;122.4;80.3;23.7;6.4;12.1;2.53;0.73;0.3;0.39;0.85;0.91;0.15;57.4;5.94;2.92;1.83;0.3;1;5.64;164.8;139.5;12.1;2;11.3;0.26;0.47;0.07;0.1
5;100;100;0;50;16.97;4.27;12.21;4.15;4.2;0.212;42.2;19.78;10.59;5.36;0.91;3.11;6.5;123.1;82;21.8;6.2;13;2.56;0.94;0.31;0.4;1.25;1.23;0.171;57.8;7.17;3.7;2.12;0.35;1.16;5.71;168.7;136.4;18.6;2.3;11.4;0.27;0.75;0.08;0.13
5;100;100;0;100;16.77;4.36;12.76;4.4;4.42;0.219;42.2;20.15;10.77;5.54;0.97;3.08;6.66;122.8;82.9;20.4;6.2;13.3;2.6;1.13;0.3;0.4;1.55;1.54;0.19;57.8;8.05;4.14;2.35;0.39;1.28;6.1;168.4;134.9;18.8;2.6;12.2;0.27;1.05;0.09;0.13
5;100;100;50;0;19.56;4.52;12.94;4.17;4.08;0.203;49.5;20.11;10.74;5.55;0.96;3.19;6.71;127;77.7;29.5;6.4;13.4;2.42;0.97;0.29;0.4;1.1;1.16;0.146;50.5;7.82;3.83;2.38;0.4;1.33;6.23;129.7;102.9;11.7;2.7;12.5;0.46;0.47;0.1;0.13
5;100;100;50;50;19.06;4.86;14.21;4.47;4.35;0.211;48;20.59;11;5.67;0.97;3.17;7.4;126.4;78;27.2;6.3;14.8;2.44;1.19;0.3;0.42;1.67;1.63;0.157;52;10.37;5.17;3.09;0.53;1.7;6.81;136.9;102.5;17.4;3.4;13.6;0.63;0.7;0.12;0.18
5;100;100;50;100;18.99;5.34;15.35;4.77;4.71;0.223;47.6;21.06;11.31;5.8;0.95;3.21;7.92;126.3;77.8;26.2;6.4;15.8;2.44;1.55;0.31;0.41;2.2;2.15;0.166;52.4;12.85;6.51;3.74;0.63;2.13;7.43;139;102.8;17.1;4.3;14.9;0.8;0.96;0.16;0.22
5;100;100;100;0;21.43;4.74;14.17;4.48;4.3;0.201;58.8;21.39;11.3;5.95;1.05;3.22;7.39;130.9;74.5;35.2;6.4;14.8;2.33;1.21;0.31;0.45;1.31;1.34;0.144;41.2;9.21;4.58;2.77;0.46;1.51;6.78;91.9;64.1;11.2;3;13.6;0.62;0.44;0.11;0.17
5;100;100;100;50;21.42;5.52;16.23;4.67;4.62;0.211;56.7;21.91;11.76;6.08;1.1;3.34;8.6;131.6;74.3;33.4;6.7;17.2;2.3;1.53;0.32;0.46;1.99;1.97;0.151;43.3;12.93;6.52;3.81;0.66;2.18;7.63;100.6;64.3;16.7;4.4;15.3;0.91;0.68;0.16;0.22
5;100;100;100;100;21.61;6.07;17.32;5.13;5.09;0.225;56.1;22.55;12.4;6.01;1.04;3.5;9.08;131.6;73.6;32.8;7;18.2;2.3;2.02;0.33;0.44;2.54;2.47;0.16;43.9;15.39;7.8;4.54;0.76;2.57;8.24;103.1;64.8;16.7;5.1;16.5;1.08;0.94;0.19;0.26
6;0;0;0;0;13.68;1.82;5.15;1.29;1.25;0.18;53.4;6.92;3.64;1.99;0.31;1.16;2.75;180.1;154.8;17.4;2.3;5.5;0.61;0.38;0.12;0.15;0.51;0.51;0.125;46.6;3.88;1.87;1.19;0.23;0.66;2.39;157.5;144.5;6.8;1.3;4.8;0.26;0.13;0.05;0.07
6;0;0;0;50;13.22;1.9;5.42;1.39;1.35;0.187;53.2;7.17;3.74;2.07;0.33;1.15;2.87;179.6;155;16.6;2.3;5.7;0.6;0.48;0.12;0.15;0.55;0.56;0.128;46.8;4.18;2.04;1.23;0.22;0.75;2.55;157.8;144.4;6.8;1.5;5.1;0.26;0.18;0.06;0.07
6;0;0;0;100;12.83;1.96;5.76;1.49;1.42;0.195;52.8;7.24;3.79;2.05;0.37;1.11;3.07;179.8;156.4;15;2.2;6.1;0.61;0.56;0.1;0.14;0.71;0.7;0.137;47.2;4.98;2.44;1.47;0.28;0.85;2.69;161;143.2;10.7;1.7;5.4;0.28;0.28;0.06;0.09
6;0;0;50;0;15.95;2.19;6.38;1.4;1.37;0.176;60.1;7.71;4.01;2.19;0.39;1.24;3.37;181.5;151;21.3;2.5;6.7;0.6;0.47;0.13;0.17;0.71;0.72;0.129;39.9;5.51;2.7;1.7;0.28;0.95;3.02;120.3;105.6;6.7;1.9;6;0.44;0.12;0.07;0.1
6;0;0;50;50;15.81;2.6;7.6;1.51;1.5;0.184;59.5;8.11;4.21;2.29;0.4;1.29;3.96;180.6;150.1;20;2.6;7.9;0.59;0.61;0.13;0.17;1.01;1.01;0.131;40.5;7.63;3.66;2.4;0.39;1.31;3.64;123;106.2;6.9;2.6;7.3;0.61;0.18;0.09;0.13
6;0;0;50;100;15.67;3.01;8.89;1.75;1.7;0.198;58;8.58;4.47;2.43;0.42;1.31;4.53;179.3;148.5;19.1;2.6;9.1;0.57;0.83;0.14;0.16;1.42;1.39;0.136;42;10.08;5.02;3.04;0.51;1.7;4.36;129.7;107.2;10.4;3.4;8.7;0.8;0.27;0.13;0.19
6;0;0;100;0;17.76;2.48;7.32;1.4;1.41;0.173;69.7;8.15;4.16;2.37;0.41;1.31;3.93;183.8;148.8;24.5;2.6;7.9;0.56;0.55;0.13;0.18;0.92;0.91;0.13;30.3;6.91;3.35;2.12;0.37;1.17;3.39;80;64.2;6.7;2.3;6.8;0.58;0.12;0.09;0.12
6;0;0;100;50;18.04;3.35;9.41;1.68;1.64;0.181;68.1;9.07;4.73;2.61;0.42;1.51;4.99;181.5;144.8;23.7;3;10;0.56;0.76;0.13;0.2;1.34;1.37;0.132;31.9;10.28;5.11;3.06;0.51;1.83;4.42;84.8;65.7;6.6;3.7;8.8;0.9;0.17;0.13;0.17
6;0;0;100;100;18.01;3.73;10.79;1.97;1.95;0.197;66.6;9.92;5.24;2.76;0.47;1.58;5.72;180.3;142.7;23;3.2;11.4;0.55;1.04;0.15;0.21;1.71;1.72;0.135;33.4;12.68;6.21;3.81;0.65;2.15;5.08;90.5;66.5;9.5;4.3;10.2;1.09;0.25;0.16;0.22
6;0;50;0;0;13.5;1.98;5.61;1.48;1.45;0.18;52.6;8.02;4.17;2.19;0.4;1.31;2.96;177.8;151.6;17.6;2.6;5.9;0.62;0.54;0.13;0.17;0.56;0.53;0.128;47.4;3.9;1.95;1.16;0.2;0.68;2.65;160;147.3;6;1.4;5.3;0.27;0.15;0.05;0.06
6;0;50;0;50;13.12;2.08;6.04;1.68;1.63;0.194;52.4;8.41;4.45;2.31;0.44;1.34;3.14;176.9;151.3;16.6;2.7;6.3;0.61;0.72;0.13;0.18;0.67;0.64;0.139;47.6;4.51;2.21;1.34;0.24;0.73;2.9;160.9;147.6;6;1.5;5.8;0.28;0.23;0.05;0.08
6;0;50;0;100;12.59;2.26;6.28;1.81;1.81;0.209;51.9;8.63;4.66;2.37;0.4;1.42;3.3;176.7;151.6;15.6;2.8;6.6;0.59;0.91;0.14;0.17;0.74;0.77;0.152;48.1;4.94;2.47;1.48;0.25;0.84;2.98;163.6;147.3;8.7;1.7;6;0.28;0.34;0.06;0.08
6;0;50;50;0;15.48;2.4;6.98;1.6;1.58;0.177;59.5;8.93;4.63;2.54;0.44;1.45;3.69;178.9;147.5;21.1;2.9;7.4;0.59;0.66;0.14;0.19;0.8;0.77;0.132;40.5;5.71;2.83;1.67;0.3;0.95;3.29;121.9;107.8;5.7;1.9;6.6;0.46;0.14;0.07;0.1
6;0;50;50;50;15.6;2.88;8.38;1.84;1.86;0.192;58.5;9.65;5.12;2.71;0.48;1.56;4.36;177.3;144.9;20.6;3.1;8.7;0.58;0.92;0.16;0.21;1.09;1.1;0.137;41.5;7.92;3.83;2.42;0.43;1.32;4.02;125.8;109.4;5.7;2.6;8;0.64;0.22;0.1;0.14
6;0;50;50;100;15.69;3.34;9.58;2.24;2.25;0.214;58.7;10.49;5.57;2.89;0.52;1.62;5.08;186.5;143.3;29.8;3.2;10.2;0.6;1.29;0.16;0.2;1.47;1.43;0.143;41.3;9.96;4.95;2.93;0.5;1.72;4.5;131.2;110.4;8.3;3.4;9;0.82;0.32;0.13;0.16
6;0;50;100;0;17.88;2.9;8.21;1.8;1.85;0.18;68.6;10.24;5.23;2.98;0.49;1.65;4.27;179.9;142.7;25.3;3.3;8.5;0.59;0.88;0.17;0.21;0.96;0.96;0.133;31.4;7.09;3.46;2.06;0.37;1.25;3.94;82.4;66.5;5.5;2.5;7.9;0.6;0.14;0.09;0.12
6;0;50;100;50;18.01;3.67;10.29;2.18;2.21;0.196;68.6;11.24;5.94;3.16;0.54;1.8;5.45;190.1;138.6;37;3.6;10.9;0.55;1.23;0.18;0.25;1.44;1.44;0.136;31.4;10.49;5.26;3.08;0.56;1.87;4.84;86.7;68;5.3;3.7;9.7;0.92;0.2;0.14;0.18
6;0;50;100;100;18.2;4.04;11.8;2.59;2.54;0.214;67;11.87;6.36;3.3;0.53;1.78;6.18;187.8;136.1;35.7;3.6;12.4;0.54;1.6;0.17;0.24;1.77;1.82;0.14;33;12.9;6.34;3.95;0.65;2.25;5.62;92.5;69;7.8;4.5;11.2;1.13;0.3;0.16;0.23
6;0;100;0;0;13.09;2.19;6.22;1.84;1.75;0.187;53;9.3;4.94;2.58;0.47;1.49;3.24;183.6;147.4;26.7;3;6.5;0.61;0.8;0.14;0.2;0.57;0.56;0.134;47;3.95;1.97;1.15;0.21;0.7;2.98;163.1;151;4.7;1.4;6;0.28;0.17;0.04;0.07
6;0;100;0;50;13.05;2.18;6.58;2.13;2.07;0.208;52.7;9.92;5.19;2.78;0.47;1.48;3.44;182.6;146.8;26;3;6.9;0.61;1.11;0.14;0.2;0.66;0.67;0.149;47.3;4.36;2.09;1.34;0.24;0.7;3.15;164.3;151.6;5;1.4;6.3;0.27;0.27;0.05;0.08
6;0;100;0;100;12.36;2.28;6.81;2.27;2.32;0.231;52;10.03;5.46;2.69;0.52;1.49;3.55;180.8;146.7;24;3;7.1;0.6;1.38;0.14;0.2;0.78;0.76;0.156;48;4.78;2.46;1.39;0.23;0.79;3.26;166.8;151.7;7;1.6;6.5;0.3;0.32;0.05;0.08
6;0;100;50;0;15.6;2.8;7.83;2.01;2.05;0.19;59.7;10.76;5.64;3.04;0.5;1.75;4.06;186.2;141.5;33;3.5;8.1;0.58;1.09;0.17;0.22;0.81;0.82;0.137;40.3;5.9;2.88;1.77;0.33;1.05;3.77;125.8;111.5;4.6;2.1;7.5;0.48;0.16;0.08;0.1
6;0;100;50;50;15.37;3.23;8.98;2.35;2.35;0.208;58.9;11.28;6.09;3.03;0.51;1.84;4.72;184.2;139.7;31.4;3.7;9.4;0.58;1.37;0.17;0.23;1.13;1.14;0.141;41.1;7.97;3.94;2.41;0.4;1.39;4.27;128.5;112.7;4.5;2.8;8.5;0.67;0.24;0.1;0.14
6;0;100;50;100;15.42;3.57;10.26;2.77;2.85;0.239;57.4;11.89;6.55;3.16;0.55;1.77;5.32;181.5;136.9;30.4;3.5;10.6;0.56;1.87;0.16;0.25;1.45;1.49;0.145;42.6;10.2;5.16;3.02;0.49;1.8;4.93;134.7;114.4;6.8;3.6;9.9;0.86;0.33;0.13;0.18
6;0;100;100;0;18.03;3.21;9.43;2.31;2.35;0.188;68.8;12.44;6.46;3.51;0.63;1.99;4.9;188;134.8;39.4;4;9.8;0.54;1.37;0.19;0.26;1.01;1.02;0.136;31.2;7.4;3.56;2.33;0.41;1.22;4.53;85.2;69.4;4.3;2.4;9.1;0.64;0.15;0.09;0.13
6;0;100;100;50;18.5;3.92;11.33;2.76;2.76;0.207;67.5;13.27;7.07;3.7;0.61;2.08;5.94;186.3;131.4;38.9;4.2;11.9;0.53;1.76;0.19;0.27;1.43;1.49;0.139;32.5;10.62;5.17;3.18;0.61;1.84;5.39;89.5;70.7;4.3;3.7;10.8;0.95;0.23;0.13;0.18
6;0;100;100;100;18.29;4.42;12.75;3.24;3.37;0.241;66;13.96;7.71;3.7;0.64;2.18;6.63;183.6;128.9;37.1;4.4;13.3;0.53;2.36;0.2;0.28;1.9;1.88;0.141;34;13.21;6.5;4.03;0.68;2.24;6.13;94.7;71.6;6.3;4.5;12.3;1.18;0.3;0.16;0.24
6;50;0;0;0;15.45;2.28;6.64;1.85;1.83;0.191;47.7;9.55;5;2.7;0.48;1.51;3.49;145.6;118.9;16.7;3;7;1.11;0.36;0.15;0.21;0.56;0.58;0.124;52.3;4.46;2.13;1.37;0.25;0.77;3.15;159.4;141.3;10.2;1.5;6.3;0.26;0.19;0.05;0.08
6;50;0;0;50;15.22;2.52;7.12;1.92;1.95;0.196;47.8;9.94;5.24;2.77;0.5;1.61;3.66;146.2;119.6;16.1;3.2;7.3;1.13;0.46;0.16;0.2;0.72;0.69;0.13;52.2;5.2;2.56;1.54;0.29;0.92;3.46;159.4;140.5;10.1;1.8;6.9;0.26;0.28;0.07;0.09
6;50;0;0;100;14.85;2.71;7.73;2.1;2.09;0.201;47.1;10.39;5.54;2.88;0.52;1.66;4.04;146.3;120;14.9;3.3;8.1;1.12;0.6;0.15;0.21;0.85;0.89;0.145;52.9;6.04;3;1.77;0.3;1.05;3.69;164.6;140;15.1;2.1;7.4;0.27;0.45;0.07;0.1
6;50;0;50;0;17.69;2.76;7.79;1.98;1.92;0.187;54.6;10.25;5.39;2.91;0.48;1.66;4.12;147.9;116;20.4;3.3;8.2;1.08;0.46;0.17;0.22;0.85;0.82;0.128;45.4;6.27;3.03;1.91;0.33;1.09;3.68;123;103.3;10.1;2.2;7.4;0.45;0.19;0.08;0.1
6;50;0;50;50;17.48;3.06;8.97;2.08;2.03;0.192;54.2;10.6;5.57;2.98;0.53;1.65;4.64;148;115.6;19.8;3.3;9.3;1.07;0.59;0.15;0.22;1.17;1.11;0.133;45.8;8.29;4.04;2.49;0.44;1.41;4.33;125;103.7;9.9;2.8;8.7;0.59;0.26;0.11;0.15
6;50;0;50;100;17.22;3.67;10.38;2.29;2.25;0.203;52.8;11.07;5.94;2.99;0.51;1.74;5.43;148.1;115.4;18.3;3.5;10.9;1.07;0.79;0.17;0.22;1.52;1.56;0.14;47.2;11.02;5.45;3.26;0.56;1.93;4.95;132.4;103.9;14.8;3.9;9.9;0.79;0.43;0.14;0.19
6;50;0;100;0;19.32;3.16;8.72;2.11;2;0.184;64.3;10.86;5.85;3.02;0.51;1.84;4.57;150.5;113.7;23.9;3.7;9.1;1.06;0.54;0.18;0.23;1.02;0.99;0.13;35.7;7.55;3.66;2.34;0.37;1.32;4.14;83.6;63.1;9.6;2.6;8.3;0.58;0.18;0.09;0.13
6;50;0;100;50;19.53;3.84;10.8;2.22;2.18;0.189;63.2;11.51;6.13;3.22;0.55;1.93;5.63;150.5;112.3;23;3.9;11.3;1.04;0.73;0.19;0.22;1.45;1.46;0.133;36.8;10.94;5.4;3.25;0.55;1.91;5.17;87.6;63.8;9.6;3.8;10.3;0.87;0.26;0.14;0.19
6;50;0;100;100;19.32;4.16;12.2;2.5;2.47;0.201;61.3;12.31;6.46;3.47;0.59;1.9;6.43;149.6;110.8;22.2;3.8;12.9;1.02;1.01;0.19;0.25;1.88;1.86;0.138;38.7;13.41;6.57;4;0.69;2.26;5.77;94.4;64.6;13.7;4.5;11.5;1.07;0.4;0.16;0.23
6;50;50;0;0;15.21;2.68;7.82;2.36;2.42;0.194;47.8;12.43;6.47;3.55;0.6;1.93;4.13;147;117.9;16.9;3.9;8.3;1.46;0.5;0.19;0.26;0.63;0.62;0.133;52.2;4.47;2.2;1.33;0.25;0.76;3.69;160.3;142.4;9;1.5;7.4;0.24;0.23;0.06;0.08
6;50;50;0;50;14.84;2.96;8.42;2.68;2.61;0.202;47.8;12.93;6.95;3.52;0.6;2;4.43;147;118.4;15.8;4;8.9;1.48;0.68;0.19;0.27;0.81;0.79;0.144;52.2;5.4;2.68;1.58;0.27;0.95;3.99;160.7;141.9;9;1.9;8;0.26;0.37;0.07;0.09
6;50;50;0;100;14.69;3.07;8.85;2.88;2.84;0.211;47;13.44;7.24;3.64;0.6;2.04;4.69;146.9;118.3;15.1;4.1;9.4;1.47;0.89;0.2;0.28;0.99;0.98;0.16;53;6.05;3.09;1.76;0.31;1.02;4.17;165.8;141.9;13.5;2;8.3;0.27;0.54;0.07;0.1
6;50;50;50;0;17.56;3.3;9.48;2.62;2.6;0.191;54.6;13.64;7.14;3.88;0.68;2.16;5.03;149.6;114.5;20.7;4.3;10.1;1.43;0.66;0.21;0.3;0.84;0.88;0.134;45.4;6.48;3.21;1.92;0.36;1.14;4.44;124.6;104.6;8.8;2.3;8.9;0.45;0.25;0.08;0.11
6;50;50;50;50;17.57;3.71;10.67;2.84;2.82;0.2;53.9;14.11;7.44;3.95;0.71;2.19;5.54;148.9;113.7;19.8;4.4;11.1;1.42;0.89;0.22;0.29;1.25;1.24;0.14;46.1;8.77;4.37;2.56;0.47;1.51;5.12;127.4;105.3;8.8;3;10.2;0.62;0.36;0.11;0.15
6;50;50;50;100;17.15;4.07;11.88;3.23;3.1;0.214;54;14.45;7.86;3.85;0.63;2.23;6.25;157.5;112.4;28.2;4.5;12.5;1.4;1.2;0.22;0.28;1.58;1.63;0.147;46;10.99;5.45;3.3;0.56;1.84;5.63;134;106.4;12.7;3.7;11.3;0.81;0.5;0.14;0.18
6;50;50;100;0;19.93;3.61;10.48;2.84;2.74;0.19;63.6;14.45;7.52;4.14;0.66;2.25;5.49;150.8;110.5;24.8;4.5;11;1.35;0.89;0.22;0.29;1.07;1.05;0.134;36.4;7.75;3.83;2.3;0.41;1.36;4.99;86.2;64.8;8.7;2.7;10;0.59;0.23;0.1;0.13
6;50;50;100;50;19.92;4.25;12.39;3.12;3.08;0.201;64.3;15.32;8.21;4.21;0.7;2.4;6.5;161.8;108.1;36;4.8;13;1.34;1.2;0.23;0.31;1.59;1.54;0.138;35.7;11.06;5.41;3.39;0.55;1.86;5.89;89.9;65.9;8.4;3.7;11.8;0.88;0.33;0.14;0.19
6;50;50;100;100;19.98;4.82;13.61;3.52;3.42;0.214;62.6;15.92;8.71;4.29;0.71;2.5;7.15;161.5;107.2;35;5;14.3;1.32;1.53;0.24;0.32;2.04;1.95;0.144;37.4;13.45;6.73;3.98;0.7;2.32;6.46;96.3;66.4;12.3;4.6;12.9;1.07;0.49;0.17;0.23
6;50;100;0;0;15.49;3.28;9.47;3.26;3.16;0.199;49;15.86;8.33;4.53;0.78;2.46;5.05;157;116;26;4.9;10.1;1.81;0.78;0.24;0.32;0.71;0.7;0.144;51;4.67;2.37;1.34;0.23;0.82;4.42;163.3;144.7;8.1;1.6;8.8;0.26;0.31;0.06;0.07
6;50;100;0;50;14.98;3.41;9.99;3.42;3.41;0.211;48.1;16.16;8.57;4.57;0.76;2.46;5.15;155.6;116.2;24.2;4.9;10.3;1.82;1.04;0.23;0.32;0.91;0.91;0.162;51.9;5.56;2.82;1.62;0.3;0.95;4.84;168.1;144.5;12;1.9;9.7;0.28;0.47;0.07;0.1
6;50;100;0;100;14.4;3.42;10.31;3.79;3.74;0.224;48.2;16.69;8.95;4.62;0.79;2.44;5.42;155.1;116.8;22.6;4.9;10.8;1.86;1.3;0.24;0.34;1.03;1.06;0.173;51.8;6;3.05;1.77;0.3;0.97;4.89;167.1;143.7;11.7;1.9;9.8;0.28;0.61;0.07;0.1
6;50;100;50;0;17.68;3.81;10.88;3.65;3.49;0.2;55.5;17.4;9.36;4.78;0.79;2.73;5.65;159.6;110.5;32.3;5.5;11.3;1.77;1.08;0.29;0.35;0.88;0.91;0.141;44.5;6.37;3.11;1.89;0.36;1.08;5.23;128;107.9;7.5;2.2;10.5;0.45;0.28;0.07;0.11
6;50;100;50;50;17.47;4.24;12.02;3.74;3.71;0.211;54.1;17.59;9.48;4.82;0.82;2.77;6.23;158.4;109.8;30.6;5.5;12.5;1.71;1.36;0.28;0.36;1.34;1.31;0.15;45.9;8.69;4.34;2.54;0.43;1.47;5.79;134.2;108.5;11.1;2.9;11.6;0.63;0.43;0.1;0.15
6;50;100;50;100;17.41;4.64;13.23;4.13;4.13;0.23;53.5;17.93;9.78;4.85;0.81;2.73;6.88;157.5;109.2;29.1;5.5;13.8;1.71;1.82;0.26;0.35;1.8;1.72;0.154;46.5;11.1;5.63;3.24;0.56;1.91;6.35;136.9;109;11.3;3.8;12.7;0.82;0.58;0.14;0.18
6;50;100;100;0;19.85;4.15;12.39;3.67;3.66;0.198;64.9;18.48;9.71;5.29;0.84;2.83;6.52;163.1;106.6;37.8;5.7;13;1.69;1.3;0.28;0.39;1.1;1.13;0.14;35.1;7.96;3.85;2.46;0.42;1.33;5.87;88.3;66.7;7.2;2.7;11.7;0.62;0.27;0.1;0.14
6;50;100;100;50;20.07;4.84;14.06;4.08;3.99;0.21;62.8;18.97;10.14;5.18;0.9;2.88;7.41;161.8;104.4;36.8;5.8;14.8;1.64;1.67;0.29;0.38;1.66;1.67;0.145;37.2;11.42;5.63;3.43;0.61;1.96;6.66;95.8;67.8;10.8;3.9;13.3;0.92;0.42;0.14;0.19
6;50;100;100;100;20.02;5.22;15.35;4.62;4.59;0.233;62;19.71;10.74;5.3;0.9;2.93;8.09;160.3;102.4;35.9;5.9;16.2;1.63;2.28;0.3;0.39;2.1;2.05;0.148;38;13.75;6.83;4.1;0.76;2.29;7.26;98.3;68.8;10.5;4.6;14.5;1.12;0.54;0.16;0.23
6;100;0;0;0;17.28;2.71;7.94;2.33;2.3;0.195;40.3;11.79;6.2;3.28;0.57;1.86;4.13;109.2;80.5;16.7;3.7;8.3;1.52;0.37;0.17;0.24;0.65;0.65;0.125;59.7;5.07;2.44;1.54;0.29;0.85;3.81;161.6;139.1;13.2;1.7;7.6;0.25;0.25;0.06;0.1
6;100;0;0;50;16.97;3.06;8.51;2.46;2.45;0.2;40.7;12.24;6.53;3.4;0.56;1.98;4.45;110.2;81.8;15.5;4;8.9;1.55;0.45;0.2;0.25;0.84;0.85;0.136;59.3;6.14;3.01;1.86;0.3;1.08;4.06;160.5;136.8;13.4;2.2;8.1;0.25;0.41;0.08;0.11
6;100;0;0;100;16.64;3.17;9.26;2.62;2.55;0.204;39.9;12.53;6.62;3.46;0.59;1.9;4.88;110.6;83;14.1;3.8;9.8;1.56;0.56;0.18;0.26;1.08;1.11;0.149;60.1;7.37;3.71;2.18;0.37;1.26;4.38;166.5;134.7;20.5;2.5;8.8;0.26;0.62;0.09;0.13
6;100;0;50;0;19.4;3.15;9.18;2.44;2.41;0.192;47.4;12.54;6.54;3.54;0.63;2;4.84;112.9;78.9;20.3;4;9.7;1.49;0.46;0.2;0.26;0.89;0.88;0.128;52.6;6.83;3.29;2.09;0.37;1.15;4.34;125.4;101.4;13;2.3;8.7;0.44;0.25;0.08;0.12
6;100;0;50;50;19.17;3.67;10.53;2.56;2.54;0.197;47.1;12.93;6.87;3.59;0.62;2.1;5.44;113.4;79.3;19;4.2;10.9;1.49;0.58;0.21;0.26;1.25;1.27;0.136;52.9;9.3;4.53;2.8;0.48;1.57;5.08;127.2;100.9;13;3.1;10.2;0.59;0.4;0.11;0.17
6;100;0;50;100;19.18;4.04;11.78;2.74;2.68;0.205;45.7;13.11;6.96;3.65;0.63;2.06;6.18;114;79.6;17.9;4.1;12.4;1.46;0.77;0.19;0.26;1.63;1.69;0.142;54.3;11.86;5.73;3.61;0.59;1.98;5.6;135.3;100.5;19.7;4;11.2;0.75;0.6;0.14;0.21
6;100;0;100;0;21.17;3.41;10.06;2.5;2.46;0.189;57;12.98;6.75;3.68;0.69;2.02;5.29;115.4;77.3;23.5;4;10.6;1.45;0.53;0.21;0.27;1.03;1.05;0.129;43;8.04;3.91;2.42;0.48;1.4;4.77;87.2;62;12.9;2.8;9.5;0.57;0.24;0.1;0.14
6;100;0;100;50;21.16;4.27;12.03;2.62;2.63;0.194;56.3;13.56;7.09;3.87;0.66;2.2;6.31;116.5;77;22.5;4.4;12.6;1.43;0.71;0.21;0.28;1.57;1.59;0.135;43.7;11.73;5.83;3.49;0.63;2.07;5.72;90.5;62.3;12.6;4.1;11.4;0.85;0.39;0.15;0.2
6;100;0;100;100;21.31;4.58;13.72;2.97;2.91;0.203;53.9;14.37;7.49;4.11;0.67;2.16;7.14;116.5;76;21.9;4.3;14.3;1.42;0.99;0.21;0.3;1.89;1.99;0.14;46.1;14.19;6.97;4.36;0.73;2.42;6.58;99.8;63;18.8;4.8;13.2;1.02;0.56;0.16;0.25
6;100;50;0;0;17.61;3.6;10.13;3.3;3.27;0.199;41;16.39;8.73;4.57;0.77;2.68;5.22;113.1;80.8;16.5;5.4;10.4;2.18;0.5;0.26;0.33;0.69;0.75;0.135;59;5.45;2.62;1.67;0.28;0.92;4.91;162.7;138.6;12.4;1.8;9.8;0.25;0.33;0.06;0.1
6;100;50;0;50;17.03;3.82;10.63;3.56;3.5;0.205;40.4;17.02;9.08;4.67;0.81;2.67;5.54;113.7;81.6;15.6;5.3;11.1;2.21;0.67;0.27;0.35;1.01;1;0.153;59.6;6.5;3.3;1.85;0.36;1.15;5.08;168;137.1;18.4;2.3;10.2;0.25;0.55;0.08;0.11
6;100;50;0;100;16.8;3.89;11.37;3.64;3.66;0.212;40.8;17.27;9.19;4.74;0.87;2.65;6;114.8;83.2;14.2;5.3;12;2.24;0.82;0.24;0.35;1.29;1.27;0.167;59.2;7.57;3.85;2.2;0.38;1.25;5.37;166.7;134.3;19.1;2.5;10.7;0.26;0.79;0.1;0.12
6;100;50;50;0;19.5;3.96;11.46;3.46;3.37;0.196;47.8;17.18;9.14;4.82;0.8;2.7;5.95;116.4;78.8;20.4;5.4;11.9;2.12;0.64;0.26;0.35;1.03;0.99;0.135;52.2;7.25;3.58;2.18;0.37;1.26;5.51;127.1;101.6;12;2.5;11;0.44;0.34;0.09;0.12
6;100;50;50;50;19.33;4.59;12.63;3.66;3.63;0.203;46.1;17.85;9.53;4.93;0.84;2.86;6.55;116.2;78.3;19.1;5.7;13.1;2.11;0.87;0.27;0.37;1.44;1.42;0.146;53.9;9.63;4.84;2.84;0.5;1.73;6.08;135.7;102.2;17.9;3.5;12.2;0.59;0.53;0.13;0.17
6;100;50;50;100;19.16;4.97;14.03;3.88;3.96;0.214;48;18.45;9.85;5.07;0.9;2.92;7.35;126.4;78.8;27.1;5.8;14.7;2.14;1.16;0.27;0.38;1.88;1.84;0.152;52;12.04;5.95;3.5;0.63;2.05;6.67;136.8;101.5;17.9;4.1;13.3;0.76;0.74;0.14;0.2
6;100;50;100;0;21.45;4.35;12.62;3.54;3.6;0.196;57.2;18.33;9.64;5.16;0.86;2.93;6.61;119.2;76.3;23.8;5.9;13.2;2.08;0.84;0.29;0.39;1.1;1.14;0.135;42.8;8.4;4.13;2.58;0.44;1.42;6.01;89.3;62.8;11.6;2.8;12;0.57;0.32;0.1;0.15
6;100;50;100;50;21.69;4.99;14.46;3.83;3.84;0.204;56.9;18.8;9.91;5.24;0.91;2.92;7.45;130.8;75.2;34.8;5.8;14.9;2.03;1.15;0.27;0.38;1.8;1.73;0.143;43.1;12.04;5.99;3.61;0.61;2.08;7;99.1;63.6;17.3;4.2;14;0.85;0.52;0.15;0.21
6;100;50;100;100;21.6;5.58;15.6;4.35;4.18;0.214;56.5;19.5;10.62;5.26;0.91;3.07;8.15;130.9;74.7;33.8;6.1;16.3;2.01;1.49;0.29;0.39;2.08;2.16;0.149;43.5;14.47;7.12;4.35;0.73;2.51;7.45;101;64;17;5;14.9;1.03;0.69;0.19;0.25
6;100;100;0;0;17.33;4.11;11.71;4.13;4.06;0.203;43.1;20.01;10.76;5.47;0.95;3.12;6.24;124;80.1;25.1;6.2;12.5;2.58;0.75;0.31;0.42;0.85;0.86;0.151;56.9;5.64;2.79;1.67;0.29;0.99;5.46;163.8;139.8;11.2;2;10.9;0.25;0.45;0.07;0.09
6;100;100;0;50;16.88;4.17;12.12;4.51;4.31;0.212;42.2;20.32;10.97;5.57;0.96;3.14;6.37;123;80.8;23.3;6.3;12.7;2.62;0.98;0.3;0.41;1.12;1.11;0.168;57.8;6.55;3.33;1.93;0.3;1.02;5.75;168.9;138.7;16.7;2;11.5;0.26;0.66;0.07;0.11
6;100;100;0;100;16.77;4.4;12.68;4.71;4.64;0.222;42.2;20.89;11.3;5.74;0.98;3.18;6.7;123.2;81.5;21.9;6.4;13.4;2.63;1.28;0.3;0.43;1.44;1.38;0.183;57.8;7.5;3.92;2.16;0.35;1.22;5.97;168.9;137.4;17.1;2.4;11.9;0.26;0.91;0.09;0.12
6;100;100;50;0;19.7;4.58;12.84;4.43;4.23;0.203;49.7;20.84;11.25;5.62;0.98;3.28;6.68;128;76.8;31.3;6.6;13.4;2.46;1.03;0.32;0.42;1.12;1.09;0.146;50.3;7.39;3.69;2.2;0.38;1.3;6.16;129.8;104;10.9;2.6;12.3;0.43;0.44;0.1;0.12
6;100;100;50;50;19.45;4.96;14.35;4.49;4.5;0.211;48.2;21.31;11.29;5.94;1.02;3.22;7.49;127.9;77.2;29.3;6.4;15;2.46;1.29;0.31;0.44;1.58;1.57;0.157;51.8;9.96;5.1;2.89;0.47;1.75;6.86;137.2;103.6;16.5;3.5;13.7;0.61;0.67;0.13;0.17
6;100;100;50;100;19.28;5.41;15.3;4.94;4.92;0.227;47.7;21.65;11.74;5.88;1.01;3.31;7.97;127.1;76.7;27.8;6.6;15.9;2.44;1.73;0.33;0.42;2.04;1.99;0.162;52.3;12.22;6.29;3.54;0.59;2.11;7.33;139.3;104.1;16.3;4.2;14.7;0.78;0.87;0.15;0.2
6;100;100;100;0;21.79;4.78;14.28;4.48;4.4;0.201;59.1;21.92;11.52;6.17;1.07;3.34;7.46;132.6;73.8;37.2;6.7;14.9;2.35;1.28;0.32;0.44;1.21;1.25;0.144;40.9;8.61;4.19;2.71;0.44;1.44;6.82;91.7;64.7;10.5;2.9;13.6;0.58;0.42;0.09;0.15
6;100;100;100;50;21.57;5.53;16.02;4.75;4.75;0.211;57;22.52;11.96;6.2;1.07;3.48;8.38;132.3;73.1;35.5;7;16.8;2.35;1.62;0.33;0.45;1.86;1.86;0.151;43;12.26;6.08;3.69;0.63;2.05;7.64;100;65.2;15.4;4.1;15.3;0.87;0.62;0.16;0.22
6;100;100;100;100;21.57;5.97;17.2;5.35;5.25;0.229;56.3;22.88;12.58;6.14;1.02;3.48;8.99;131.5;72.7;33.8;7;18;2.33;2.14;0.34;0.44;2.32;2.33;0.155;43.7;14.9;7.42;4.43;0.72;2.49;8.22;102;65.4;15.2;5;16.4;1.08;0.81;0.18;0.25
7;0;0;0;0;13.78;1.75;5.09;1.33;1.33;0.188;53.2;7.06;3.61;1.98;0.37;1.1;2.66;179.6;153.8;18.3;2.2;5.3;0.67;0.4;0.11;0.15;0.46;0.45;0.116;46.8;3.63;1.8;1.09;0.2;0.64;2.43;157.8;145.4;6.2;1.3;4.9;0.22;0.12;0.04;0.06
7;0;0;0;50;13.26;1.89;5.4;1.4;1.46;0.195;53.1;7.42;3.86;2.07;0.37;1.14;2.87;179.1;153.9;17.2;2.3;5.7;0.67;0.51;0.12;0.16;0.52;0.51;0.12;46.9;4.05;1.99;1.21;0.21;0.74;2.54;158;145.4;6.1;1.5;5.1;0.24;0.16;0.05;0.06
7;0;0;0;100;12.98;2.06;5.8;1.67;1.61;0.204;52.5;7.89;4.21;2.15;0.38;1.25;3.08;178.7;153.8;16.2;2.5;6.2;0.68;0.63;0.13;0.17;0.62;0.63;0.131;47.5;4.69;2.28;1.43;0.25;0.81;2.72;161.9;145.4;9.4;1.6;5.4;0.25;0.25;0.05;0.08
7;0;0;50;0;15.83;2.26;6.26;1.4;1.41;0.184;60.5;7.6;3.97;2.13;0.41;1.28;3.38;182.5;151.3;21.9;2.6;6.8;0.65;0.47;0.12;0.17;0.66;0.67;0.121;39.5;5.41;2.64;1.63;0.28;0.98;2.88;119.2;105.4;6.1;2;5.8;0.4;0.11;0.07;0.08
7;0;0;50;50;15.68;2.64;7.49;1.57;1.59;0.192;59.5;8.28;4.33;2.33;0.43;1.32;3.94;180.4;149;20.9;2.6;7.9;0.65;0.63;0.13;0.18;0.94;0.92;0.125;40.5;7.3;3.55;2.17;0.41;1.32;3.55;122.6;106.9;6;2.6;7.1;0.55;0.15;0.09;0.12
7;0;0;50;100;15.61;3.06;8.76;1.88;1.81;0.205;58.1;8.84;4.75;2.43;0.43;1.38;4.64;178.5;146.4;20;2.8;9.3;0.62;0.87;0.13;0.19;1.28;1.21;0.127;41.9;9.47;4.69;2.88;0.44;1.68;4.12;128.7;108.5;8.7;3.4;8.2;0.73;0.22;0.12;0.15
7;0;0;100;0;17.73;2.52;7.17;1.51;1.51;0.18;69.7;8.35;4.32;2.37;0.42;1.35;3.77;183.5;148;25.3;2.7;7.5;0.63;0.56;0.14;0.19;0.87;0.83;0.123;30.3;6.71;3.27;2.02;0.35;1.17;3.4;79.6;64.5;5.9;2.3;6.8;0.52;0.11;0.09;0.12
7;0;0;100;50;18.02;3.12;9.36;1.76;1.77;0.187;68.4;9.41;4.81;2.74;0.47;1.47;4.98;181.7;144;24.9;2.9;10;0.63;0.79;0.14;0.21;1.22;1.2;0.124;31.6;9.66;4.65;2.97;0.51;1.65;4.38;83.7;66;5.6;3.3;8.8;0.78;0.14;0.12;0.16
7;0;0;100;100;18.42;3.8;10.68;2.17;2.11;0.203;66.6;10.4;5.57;2.88;0.49;1.64;5.69;179.8;140.6;24.5;3.3;11.4;0.6;1.12;0.16;0.23;1.45;1.52;0.127;33.4;11.89;5.82;3.59;0.62;2.17;4.98;90.1;67.3;8.5;4.3;10;0.95;0.22;0.16;0.19
7;0;50;0;0;13.46;1.92;5.5;1.56;1.53;0.187;52.7;8.14;4.29;2.27;0.39;1.3;2.95;177.6;150.5;18.6;2.6;5.9;0.66;0.56;0.12;0.19;0.45;0.46;0.121;47.3;3.57;1.73;1.08;0.19;0.62;2.56;159.7;148.3;5.1;1.2;5.1;0.23;0.13;0.04;0.06
7;0;50;0;50;13.09;2.03;5.97;1.67;1.72;0.201;52.5;8.55;4.44;2.42;0.44;1.31;3.16;177;150.5;17.5;2.6;6.3;0.67;0.75;0.13;0.18;0.54;0.55;0.13;47.5;4.06;1.98;1.23;0.2;0.72;2.82;160.5;148.3;5.1;1.4;5.6;0.24;0.2;0.05;0.07
7;0;50;0;100;12.65;2.19;6.27;1.99;2.04;0.222;51.6;9.19;4.96;2.51;0.41;1.43;3.28;175.5;149.5;16.5;2.9;6.6;0.68;1.02;0.14;0.2;0.68;0.65;0.14;48.4;4.48;2.24;1.33;0.23;0.77;2.99;164.3;149.2;7.6;1.5;6;0.25;0.27;0.05;0.07
7;0;50;50;0;15.86;2.47;7.01;1.66;1.72;0.184;59.3;9.36;4.81;2.66;0.43;1.53;3.63;178.7;145.9;22.4;3.1;7.3;0.65;0.71;0.16;0.2;0.72;0.71;0.125;40.7;5.54;2.67;1.68;0.31;0.94;3.38;122.5;108.8;5;1.9;6.8;0.41;0.13;0.07;0.1
7;0;50;50;50;15.71;2.92;8.29;2.03;1.98;0.198;58.7;9.96;5.32;2.75;0.48;1.63;4.38;177.8;144.2;21.5;3.3;8.8;0.66;0.96;0.16;0.2;0.99;0.98;0.129;41.3;7.51;3.62;2.32;0.38;1.29;3.91;125.1;109.9;4.9;2.6;7.8;0.57;0.19;0.09;0.12
7;0;50;50;100;15.63;3.3;9.49;2.36;2.41;0.226;58.7;10.63;5.77;2.88;0.47;1.68;5.08;186.2;141.6;31.1;3.4;10.2;0.63;1.39;0.16;0.23;1.27;1.27;0.132;41.3;9.53;4.63;2.92;0.5;1.63;4.41;130.8;111.5;7.2;3.3;8.8;0.74;0.26;0.11;0.15
7;0;50;100;0;17.9;2.82;8.22;1.94;1.94;0.185;68.5;10.46;5.37;3;0.44;1.63;4.31;178.8;140.8;26.1;3.3;8.6;0.62;0.93;0.16;0.23;0.88;0.85;0.124;31.5;6.81;3.32;2.08;0.32;1.2;3.91;82.1;67.2;4.7;2.4;7.8;0.55;0.12;0.08;0.1
7;0;50;100;50;18.39;3.52;10.16;2.39;2.35;0.201;68.8;11.7;6.22;3.26;0.57;1.83;5.39;190.4;136.8;39.2;3.7;10.8;0.61;1.32;0.18;0.25;1.26;1.26;0.127;31.2;9.79;4.71;2.93;0.53;1.68;4.77;86.1;68.7;4.5;3.4;9.5;0.8;0.18;0.13;0.15
7;0;50;100;100;18.39;4.08;11.65;2.71;2.81;0.226;67.1;12.4;6.68;3.39;0.59;1.9;6.14;187.7;133.9;37.7;3.8;12.3;0.6;1.76;0.19;0.26;1.59;1.59;0.13;32.9;12.19;6.01;3.64;0.65;2.18;5.51;91.9;69.8;6.7;4.4;11;1;0.24;0.15;0.19
7;0;100;0;0;13.43;2.2;6.23;1.92;1.91;0.194;53;9.84;5.24;2.68;0.5;1.58;3.36;184.5;145.9;28.7;3.2;6.7;0.66;0.87;0.16;0.22;0.49;0.49;0.126;47;3.67;1.78;1.12;0.19;0.62;2.87;163.5;152.3;4.1;1.2;5.7;0.24;0.14;0.04;0.06
7;0;100;0;50;12.98;2.28;6.62;2.23;2.25;0.221;52.6;10.18;5.49;2.78;0.51;1.56;3.48;182.4;145.3;27;3.1;7;0.68;1.21;0.15;0.21;0.59;0.58;0.136;47.4;4.11;2.03;1.25;0.19;0.72;3.14;164.6;152.8;4.1;1.4;6.3;0.26;0.2;0.05;0.06
7;0;100;0;100;12.42;2.33;6.7;2.45;2.5;0.238;52;10.49;5.65;2.88;0.49;1.54;3.58;180.9;145.2;25.4;3.1;7.2;0.68;1.45;0.14;0.22;0.67;0.68;0.148;48;4.42;2.26;1.32;0.21;0.79;3.12;166.8;152.9;6;1.6;6.2;0.26;0.28;0.06;0.08
7;0;100;50;0;15.78;2.76;8.01;2.16;2.24;0.196;59.7;11.39;5.92;3.22;0.57;1.81;4.25;186.6;139.9;34.6;3.6;8.5;0.66;1.16;0.17;0.25;0.75;0.72;0.127;40.3;5.52;2.72;1.72;0.27;0.95;3.77;125.9;112.5;3.9;1.9;7.5;0.42;0.13;0.07;0.1
7;0;100;50;50;15.8;3.13;9.09;2.66;2.61;0.22;58.8;11.87;6.45;3.28;0.57;1.83;4.82;184.3;137.7;33.3;3.7;9.6;0.64;1.54;0.18;0.25;1.02;1.02;0.131;41.2;7.67;3.73;2.28;0.41;1.3;4.26;129;113.9;3.9;2.6;8.5;0.6;0.2;0.1;0.12
7;0;100;50;100;15.58;3.54;10.18;2.98;3.04;0.245;57.5;12.39;6.77;3.28;0.6;1.85;5.42;181.6;135.1;32;3.7;10.8;0.62;1.98;0.18;0.25;1.32;1.31;0.135;42.5;9.69;4.77;2.98;0.5;1.69;4.76;134;115.6;5.6;3.4;9.5;0.77;0.27;0.12;0.16
7;0;100;100;0;18.12;3.28;9.27;2.54;2.5;0.194;69.1;12.83;6.83;3.55;0.64;2.07;4.92;188.8;134.3;40.5;4.1;9.8;0.62;1.39;0.21;0.28;0.85;0.89;0.126;30.9;6.93;3.33;2.13;0.34;1.21;4.36;84.5;69.6;3.7;2.4;8.7;0.57;0.13;0.09;0.1
7;0;100;100;50;18.72;3.82;11.23;2.93;3.05;0.219;67.7;13.92;7.39;3.89;0.63;2.2;5.96;186.3;129.6;40.4;4.4;11.9;0.6;1.93;0.21;0.31;1.33;1.3;0.128;32.3;10.02;4.78;3.1;0.51;1.63;5.27;88.9;71.4;3.7;3.3;10.5;0.84;0.18;0.11;0.16
7;0;100;100;100;18.49;4.38;12.58;3.6;3.62;0.246;66;14.7;8.14;3.86;0.67;2.17;6.7;182.6;125.6;39.2;4.3;13.4;0.58;2.51;0.22;0.31;1.63;1.66;0.131;34;12.55;6.08;3.86;0.65;2.2;5.88;94.1;72.9;5.1;4.4;11.8;1.06;0.24;0.16;0.2
7;50;0;0;0;15.77;2.35;6.72;2.02;2.02;0.201;47.8;10.05;5.31;2.83;0.47;1.62;3.56;146.3;117.8;18.1;3.2;7.1;1.24;0.41;0.16;0.21;0.49;0.51;0.118;52.2;4.14;1.97;1.29;0.23;0.72;3.17;159.6;142.5;9.3;1.4;6.3;0.22;0.18;0.05;0.07
7;50;0;0;50;15.1;2.51;7.08;2.18;2.13;0.206;47.9;10.31;5.53;2.83;0.49;1.62;3.82;146.2;118.3;17;3.2;7.6;1.24;0.51;0.16;0.23;0.63;0.63;0.125;52.1;4.91;2.41;1.47;0.27;0.88;3.25;159.4;141.9;9.1;1.8;6.5;0.23;0.25;0.06;0.08
7;50;0;0;100;14.76;2.55;7.46;2.25;2.22;0.212;47.2;10.43;5.58;2.9;0.48;1.57;3.97;146.3;119.5;15.7;3.1;7.9;1.24;0.6;0.16;0.22;0.85;0.82;0.14;52.8;5.73;2.91;1.67;0.29;0.98;3.5;163.5;140.5;14;2;7;0.24;0.42;0.07;0.08
7;50;0;50;0;17.57;2.66;7.82;2.12;2.09;0.198;54.7;10.54;5.56;3;0.48;1.65;4.08;148.2;115.2;21.5;3.3;8.2;1.22;0.47;0.17;0.23;0.72;0.73;0.121;45.3;5.93;2.89;1.8;0.29;1.01;3.75;122.6;104;9.1;2;7.5;0.4;0.16;0.07;0.1
7;50;0;50;50;17.41;3.2;9.2;2.19;2.24;0.203;54.3;11.06;5.85;3.11;0.56;1.78;4.83;148.5;114.9;20.4;3.6;9.7;1.21;0.62;0.17;0.24;1;1.02;0.125;45.7;8.12;3.88;2.5;0.44;1.42;4.37;124.9;104.3;9.1;2.8;8.7;0.54;0.24;0.1;0.13
7;50;0;50;100;17.3;3.53;10.28;2.38;2.44;0.212;52.8;11.5;6.09;3.1;0.56;1.73;5.4;147.7;113.9;19.6;3.5;10.8;1.17;0.85;0.18;0.25;1.4;1.38;0.133;47.2;10.32;5.12;3.1;0.52;1.8;4.88;131.8;105.1;13.3;3.6;9.8;0.69;0.39;0.13;0.17
7;50;0;100;0;19.41;3.04;8.8;2.06;2.12;0.194;64.5;10.94;5.75;3.07;0.54;1.77;4.63;151;113.5;24.7;3.5;9.3;1.15;0.56;0.18;0.23;0.9;0.91;0.122;35.5;7.34;3.53;2.28;0.36;1.26;4.17;83.1;63.2;9;2.5;8.3;0.52;0.18;0.09;0.12
7;50;0;100;50;19.46;3.61;10.56;2.45;2.35;0.198;63.4;11.84;6.29;3.24;0.56;1.8;5.59;149.8;111;24.1;3.6;11.2;1.16;0.76;0.18;0.25;1.25;1.3;0.124;36.6;10.34;4.88;3.17;0.62;1.81;4.97;86.6;64.5;8.5;3.6;9.9;0.77;0.23;0.13;0.17
7;50;0;100;100;19.66;4.21;12.14;2.7;2.71;0.209;61.4;12.92;6.89;3.53;0.63;2.02;6.42;149.5;109;23.6;4;12.8;1.13;1.09;0.21;0.28;1.65;1.68;0.13;38.6;12.79;6.25;3.93;0.61;2.19;5.72;94;65.5;12.7;4.4;11.4;0.94;0.37;0.16;0.21
7;50;50;0;0;15.35;2.86;7.99;2.54;2.66;0.206;47.8;12.91;6.76;3.68;0.57;2.06;4.21;147.5;117;18;4.1;8.4;1.63;0.54;0.21;0.28;0.57;0.58;0.127;52.2;4.4;2.16;1.35;0.22;0.8;3.78;160.9;143.6;8.2;1.6;7.6;0.23;0.21;0.06;0.07
7;50;50;0;50;15.17;2.94;8.45;2.97;2.89;0.213;47.5;13.57;7.3;3.73;0.65;2.07;4.48;146.7;116.3;17.3;4.1;9;1.63;0.76;0.21;0.3;0.69;0.7;0.137;52.5;4.98;2.42;1.5;0.29;0.87;3.97;162.1;144.3;8.1;1.7;7.9;0.24;0.33;0.06;0.08
7;50;50;0;100;14.58;3.08;8.69;3.09;3.11;0.226;46.9;13.78;7.53;3.61;0.66;2.16;4.51;146.2;116.9;16;4.3;9;1.64;0.98;0.22;0.27;0.87;0.83;0.149;53.1;5.53;2.74;1.64;0.3;0.92;4.18;166;143.6;12.2;1.8;8.4;0.24;0.44;0.06;0.09
7;50;50;50;0;17.52;3.35;9.43;2.76;2.82;0.201;54.5;14.04;7.39;3.96;0.64;2.28;5;149.3;113;21.7;4.6;10;1.59;0.7;0.23;0.31;0.72;0.77;0.126;45.5;6.01;2.88;1.84;0.35;1.07;4.43;124.6;105.8;7.8;2.1;8.9;0.4;0.2;0.07;0.1
7;50;50;50;50;17.53;3.77;10.83;3.04;3.05;0.209;53.9;14.57;7.84;4;0.68;2.34;5.71;149.1;112.3;20.7;4.7;11.4;1.57;0.95;0.22;0.31;1.1;1.12;0.132;46.1;8.36;4.05;2.62;0.44;1.42;5.11;127.6;106.4;8.1;2.8;10.2;0.55;0.33;0.1;0.14
7;50;50;50;100;17.42;4.01;11.83;3.35;3.39;0.228;54;14.87;8.07;4.08;0.7;2.19;6.15;157.6;111;29.9;4.4;12.3;1.52;1.34;0.21;0.32;1.57;1.47;0.137;46;10.6;5.36;3.08;0.57;1.83;5.68;134.3;107.5;11.8;3.7;11.4;0.72;0.44;0.13;0.18
7;50;50;100;0;19.71;3.68;10.37;2.99;3;0.2;63.8;15.02;7.95;4.14;0.72;2.37;5.5;150.7;109.2;25.8;4.7;11;1.5;0.93;0.24;0.33;0.93;0.93;0.126;36.2;7.24;3.6;2.16;0.38;1.3;4.88;85.4;65.4;7.7;2.6;9.8;0.52;0.2;0.1;0.12
7;50;50;100;50;19.98;4.39;12.38;3.37;3.32;0.21;64.6;15.76;8.43;4.39;0.7;2.46;6.57;163.1;107.7;37.3;4.9;13.1;1.5;1.25;0.24;0.33;1.44;1.41;0.131;35.4;10.69;5.31;3.14;0.56;1.93;5.81;89.2;66.1;7.6;3.9;11.6;0.78;0.31;0.14;0.17
7;50;50;100;100;20.1;4.79;13.7;3.77;3.76;0.228;62.8;16.49;9.04;4.42;0.75;2.54;7.25;161.7;105.3;36.8;5.1;14.5;1.45;1.71;0.26;0.34;1.63;1.73;0.134;37.2;12.86;6.17;3.94;0.72;2.24;6.45;95.9;67.4;11.1;4.5;12.9;0.95;0.41;0.16;0.21
7;50;100;0;0;15.5;3.24;9.33;3.57;3.47;0.211;49.1;16.45;8.83;4.5;0.81;2.48;4.99;157.5;114.6;27.9;5;10;2.01;0.83;0.27;0.36;0.62;0.61;0.138;50.9;4.29;2.12;1.27;0.22;0.77;4.33;163.6;146.3;7.1;1.5;8.7;0.22;0.27;0.05;0.07
7;50;100;0;50;15.2;3.48;9.84;3.75;3.76;0.226;48.3;16.64;9.04;4.51;0.79;2.58;5.2;156.5;114.7;26.3;5.2;10.4;2;1.16;0.25;0.35;0.77;0.79;0.15;51.7;5.15;2.58;1.55;0.28;0.9;4.64;167.9;146.2;10.6;1.8;9.3;0.25;0.39;0.06;0.08
7;50;100;0;100;14.62;3.52;10.07;3.96;4.03;0.236;47.9;17.09;9.33;4.61;0.83;2.55;5.32;154.8;114.4;24.7;5.1;10.6;1.99;1.42;0.25;0.37;0.97;0.95;0.168;52.1;5.61;2.9;1.61;0.3;0.97;4.75;168.6;146.6;10.6;1.9;9.5;0.25;0.55;0.07;0.09
7;50;100;50;0;17.66;3.66;10.87;3.63;3.63;0.21;55.6;17.26;9.15;4.8;0.79;2.58;5.72;159.9;110.4;33;5.2;11.4;1.91;1.09;0.26;0.37;0.84;0.86;0.135;44.4;6.31;3.09;1.93;0.3;1.09;5.15;127.6;108;7.1;2.2;10.3;0.41;0.28;0.07;0.1
7;50;100;50;50;17.61;4.15;12.14;4.08;4.06;0.224;54.4;18.1;9.79;4.89;0.86;2.74;6.49;159.2;108.4;32.3;5.5;13;1.9;1.5;0.26;0.4;1.16;1.16;0.138;45.6;8.3;4.05;2.51;0.43;1.41;5.64;133.7;109.7;9.9;2.8;11.3;0.57;0.35;0.1;0.13
7;50;100;50;100;17.61;4.71;13.24;4.39;4.43;0.241;53.6;18.38;10.21;4.88;0.81;2.86;6.92;158.1;107.8;30.8;5.7;13.8;1.88;1.89;0.28;0.37;1.52;1.57;0.146;46.4;10.7;5.26;3.26;0.54;1.85;6.32;136.8;110.2;10.3;3.7;12.6;0.74;0.53;0.13;0.18
7;50;100;100;0;20.24;4.27;12.33;3.84;3.94;0.207;65.2;19.06;9.97;5.37;0.99;2.96;6.61;164.7;105.5;40.1;5.9;13.2;1.86;1.38;0.28;0.43;1;1;0.132;34.8;7.43;3.6;2.28;0.41;1.31;5.71;87.7;67.2;6.5;2.6;11.4;0.53;0.25;0.09;0.12
7;50;100;100;50;20.4;4.83;14.02;4.33;4.4;0.224;63.1;19.66;10.64;5.33;0.93;2.98;7.4;162.6;103;38.7;6;14.8;1.83;1.86;0.3;0.41;1.49;1.47;0.135;36.9;10.81;5.32;3.22;0.55;1.85;6.61;94.9;68.5;9.5;3.7;13.2;0.81;0.36;0.13;0.17
7;50;100;100;100;20.36;5.32;15.23;4.94;4.94;0.242;62.1;20.43;11.35;5.31;0.95;3.04;8.07;160.6;100.5;37.9;6.1;16.1;1.79;2.43;0.3;0.43;1.93;1.85;0.14;37.9;13.15;6.48;3.89;0.71;2.27;7.16;98;69.7;9.4;4.5;14.3;0.99;0.49;0.16;0.21
7;100;0;0;0;17.42;2.77;7.97;2.48;2.5;0.208;40.6;11.98;6.36;3.37;0.56;1.87;4.19;110.1;80.5;17.4;3.7;8.4;1.68;0.38;0.18;0.26;0.64;0.63;0.121;59.4;5.09;2.45;1.53;0.3;0.9;3.78;161.1;139.1;12.7;1.8;7.6;0.23;0.25;0.06;0.08
7;100;0;0;50;16.95;3;8.46;2.57;2.63;0.212;40.7;12.38;6.65;3.42;0.6;1.94;4.42;110.2;81.3;16.1;3.9;8.8;1.7;0.47;0.19;0.26;0.82;0.78;0.131;59.3;5.85;2.91;1.72;0.31;1.06;4.05;160.6;137.7;12.7;2.1;8.1;0.22;0.39;0.07;0.09
7;100;0;0;100;16.74;3.13;9.28;2.8;2.79;0.216;40.1;12.92;6.89;3.54;0.64;1.95;4.91;111.2;82.3;15.2;3.9;9.8;1.73;0.59;0.19;0.28;1;1.01;0.144;59.9;6.98;3.4;2.16;0.36;1.18;4.37;166.2;135.9;19.1;2.4;8.7;0.24;0.58;0.08;0.12
7;100;0;50;0;19.34;3.15;9.12;2.63;2.63;0.204;47.6;12.87;6.77;3.67;0.61;2;4.84;113.4;78.5;21.1;4;9.7;1.68;0.47;0.2;0.28;0.78;0.8;0.121;52.4;6.52;3.11;2.02;0.34;1.15;4.27;124.9;101.8;12.2;2.3;8.5;0.39;0.23;0.08;0.11
7;100;0;50;50;19.31;3.61;10.44;2.79;2.77;0.208;47.5;13.29;7.17;3.7;0.61;2.12;5.56;114.3;78.9;20;4.2;11.1;1.67;0.61;0.2;0.29;1.18;1.15;0.129;52.5;8.86;4.22;2.75;0.48;1.49;4.88;126.5;101.4;12.3;3;9.8;0.52;0.39;0.11;0.14
7;100;0;50;100;19.1;4.09;11.96;2.97;2.98;0.216;45.9;13.77;7.38;3.8;0.66;2.13;6.35;114.6;78.9;18.7;4.3;12.7;1.67;0.8;0.21;0.3;1.59;1.56;0.135;54.1;11.46;5.59;3.51;0.55;1.96;5.61;135;101.3;18.5;3.9;11.2;0.68;0.57;0.14;0.18
7;100;0;100;0;21.08;3.44;9.86;2.69;2.65;0.201;57.3;13.18;7.05;3.63;0.6;2.09;5.2;115.9;77;24.3;4.2;10.4;1.61;0.54;0.2;0.29;0.96;0.96;0.122;42.7;7.71;3.72;2.42;0.38;1.35;4.66;86.3;62.2;12;2.7;9.3;0.51;0.22;0.1;0.13
7;100;0;100;50;21.24;4.3;12.05;2.92;2.91;0.204;56.5;14.22;7.67;3.88;0.69;2.28;6.32;116.9;76.1;23.6;4.6;12.6;1.6;0.76;0.23;0.31;1.44;1.43;0.128;43.5;11.11;5.51;3.35;0.6;2.02;5.72;90.1;62.9;11.7;4;11.4;0.75;0.36;0.13;0.19
7;100;0;100;100;21.16;4.65;13.57;3.13;3.13;0.213;54.3;14.7;7.79;4.12;0.67;2.23;7.13;117.1;75.8;22.5;4.5;14.3;1.57;1.02;0.22;0.32;1.82;1.85;0.133;45.7;13.86;6.78;4.14;0.7;2.42;6.43;98.5;63.1;17.6;4.8;12.9;0.92;0.54;0.16;0.23
7;100;50;0;0;17.17;3.47;9.93;3.49;3.54;0.213;41;16.68;8.92;4.57;0.75;2.56;5.13;112.9;80.2;17.4;5.1;10.3;2.43;0.52;0.24;0.35;0.66;0.68;0.13;59;5.08;2.48;1.53;0.28;0.91;4.8;162.4;139.7;11.2;1.8;9.6;0.22;0.31;0.07;0.08
7;100;50;0;50;17.4;3.64;10.91;3.81;3.83;0.218;40.4;17.61;9.28;4.97;0.89;2.63;5.76;114.3;80.7;16.7;5.3;11.5;2.47;0.73;0.25;0.39;0.88;0.91;0.147;59.6;6.08;2.96;1.86;0.31;1.01;5.14;168.5;138.7;17.5;2;10.3;0.23;0.51;0.07;0.1
7;100;50;0;100;16.72;4.08;11.21;3.95;4.07;0.228;40.6;17.88;9.77;4.86;0.79;2.87;5.83;114.3;81.7;15.2;5.7;11.7;2.5;0.92;0.28;0.38;1.11;1.1;0.156;59.4;7.01;3.55;2.02;0.36;1.21;5.38;167.5;137.1;17.3;2.4;10.8;0.23;0.67;0.09;0.11
7;100;50;50;0;19.25;3.91;11.28;3.62;3.69;0.208;47.9;17.69;9.44;4.88;0.81;2.74;5.95;116.3;77.9;21;5.5;11.9;2.36;0.67;0.27;0.39;0.87;0.88;0.128;52.1;6.77;3.22;2.07;0.37;1.17;5.33;126.6;102.6;11;2.3;10.7;0.39;0.3;0.08;0.11
7;100;50;50;50;19.37;4.32;12.54;3.94;3.88;0.215;46.4;18.06;9.81;4.82;0.8;2.76;6.58;116.5;77.9;19.9;5.5;13.2;2.33;0.9;0.27;0.39;1.35;1.3;0.139;53.6;9.25;4.51;2.86;0.46;1.55;5.96;134.8;102.6;17.2;3.1;11.9;0.53;0.5;0.1;0.16
7;100;50;50;100;19.25;5;13.97;4.28;4.35;0.229;48;18.94;10.36;5.05;0.85;2.95;7.35;126.8;77.2;29;5.9;14.7;2.35;1.3;0.3;0.4;1.69;1.66;0.142;52;11.63;5.8;3.49;0.6;2.05;6.62;137.4;103.6;16.5;4.1;13.2;0.69;0.63;0.14;0.19
7;100;50;100;0;21.52;4.32;12.31;3.76;3.84;0.208;57.4;18.52;9.87;5.13;0.88;2.91;6.45;119.3;75.8;24.8;5.8;12.9;2.29;0.87;0.29;0.4;1.07;1.03;0.128;42.6;7.99;3.88;2.43;0.4;1.41;5.86;88.6;63.2;10.9;2.8;11.7;0.51;0.3;0.1;0.13
7;100;50;100;50;21.43;5.13;14.33;4.16;4.21;0.215;57.4;19.52;10.5;5.3;0.91;3.1;7.55;131.3;74.1;35.9;6.2;15.1;2.27;1.21;0.31;0.41;1.53;1.56;0.135;42.6;11.46;5.7;3.44;0.6;2.03;6.79;97.5;64.4;15.4;4.1;13.6;0.77;0.46;0.15;0.18
7;100;50;100;100;21.59;5.32;15.95;4.43;4.57;0.229;56.8;19.98;10.78;5.5;0.92;2.98;8.46;131.6;74.2;34.5;6;16.9;2.24;1.61;0.29;0.43;1.96;1.95;0.138;43.2;14.05;6.9;4.32;0.69;2.34;7.48;100.1;64.4;16.1;4.7;15;0.93;0.62;0.17;0.23
7;100;100;0;0;17.32;4.08;11.67;4.32;4.39;0.216;43.2;20.37;10.9;5.65;1.03;3.17;6.16;124.6;79.6;26.3;6.3;12.3;2.86;0.79;0.31;0.44;0.79;0.79;0.145;56.8;5.33;2.61;1.59;0.26;0.92;5.51;164;140.7;10.4;1.8;11;0.22;0.41;0.07;0.09
7;100;100;0;50;16.87;4.22;12.25;4.69;4.77;0.228;42.3;20.97;11.42;5.68;0.98;3.17;6.57;124;80;24.6;6.3;13.1;2.9;1.11;0.32;0.45;0.99;1;0.158;57.7;6.26;3.14;1.83;0.32;1.06;5.68;169.2;140.1;15.6;2.1;11.4;0.24;0.59;0.07;0.1
7;100;100;0;100;16.59;4.28;12.6;4.95;4.99;0.235;42.4;21.24;11.6;5.72;0.94;3.12;6.71;123.7;80.9;23.1;6.2;13.4;2.93;1.31;0.32;0.44;1.25;1.28;0.178;57.6;7.14;3.64;2.07;0.35;1.16;5.88;168.5;138.4;16;2.3;11.8;0.24;0.84;0.09;0.11
7;100;100;50;0;19.52;4.46;12.83;4.7;4.57;0.215;49.9;21.27;11.53;5.73;0.95;3.26;6.74;128.5;76.3;32.2;6.5;13.5;2.76;1.06;0.32;0.43;0.93;1;0.14;50.1;7.07;3.46;2.11;0.4;1.2;6.09;129.2;104.7;10;2.4;12.2;0.39;0.4;0.09;0.12
7;100;100;50;50;19.37;5.04;14.24;4.86;4.97;0.226;48.6;21.95;11.86;5.97;1.02;3.45;7.5;128.7;76.1;30.7;6.9;15;2.76;1.42;0.33;0.46;1.42;1.36;0.146;51.4;9.29;4.61;2.75;0.5;1.59;6.74;136.2;104.9;14.6;3.2;13.5;0.54;0.55;0.12;0.15
7;100;100;50;100;19.4;5.45;15.39;5.37;5.4;0.239;48;22.59;12.49;5.93;1.02;3.46;8.13;128.3;75.3;29.9;6.9;16.3;2.74;1.85;0.34;0.47;1.83;1.81;0.154;52;11.68;5.87;3.5;0.62;2;7.26;139;105.9;14.6;4;14.5;0.7;0.79;0.14;0.19
7;100;100;100;0;21.62;4.83;14.1;4.7;4.76;0.213;59.6;22.4;12.03;6.02;1.14;3.41;7.5;133.5;73.8;37.9;6.8;15;2.66;1.27;0.33;0.5;1.17;1.15;0.137;40.4;8.29;4.06;2.49;0.43;1.42;6.6;90.3;64.7;9.7;2.8;13.2;0.52;0.39;0.1;0.13
7;100;100;100;50;21.79;5.54;16.14;5.18;5.3;0.225;57.5;23.51;12.59;6.55;1.1;3.58;8.53;133.6;71.8;37.6;7.2;17.1;2.63;1.8;0.36;0.5;1.58;1.62;0.139;42.5;11.51;5.61;3.52;0.57;1.96;7.62;99;66.1;13.7;3.9;15.2;0.78;0.51;0.14;0.19
7;100;100;100;100;21.83;6;17.28;5.64;5.67;0.24;56.5;23.61;13.03;6.25;1.13;3.52;9.15;132.4;71.3;35.7;7;18.3;2.56;2.28;0.33;0.5;2.09;2.12;0.148;43.5;14.25;7.05;4.32;0.72;2.47;8.14;101.9;66.5;14.1;4.9;16.3;0.96;0.76;0.18;0.23
8;0;0;0;0;13.79;1.75;5.02;1.39;1.42;0.193;53.4;7.31;3.81;2.05;0.35;1.12;2.73;180.1;153.4;19.1;2.2;5.5;0.72;0.41;0.12;0.17;0.39;0.41;0.114;46.6;3.37;1.63;1.05;0.16;0.63;2.29;157.1;145.8;5.5;1.3;4.6;0.22;0.1;0.04;0.05
8;0;0;0;50;13.3;1.88;5.27;1.59;1.54;0.2;53.1;7.67;4.1;2.11;0.33;1.2;2.84;178.7;152.6;18.1;2.4;5.7;0.71;0.53;0.13;0.17;0.49;0.48;0.12;46.9;3.77;1.85;1.14;0.19;0.69;2.43;158.1;146.5;5.4;1.4;4.9;0.23;0.14;0.05;0.06
8;0;0;0;100;12.91;2.06;5.81;1.7;1.74;0.212;52.3;8.17;4.33;2.31;0.38;1.28;3.05;177.8;152;17.1;2.6;6.1;0.71;0.71;0.14;0.18;0.57;0.58;0.129;47.7;4.31;2.14;1.3;0.23;0.78;2.76;162.2;147;8.1;1.6;5.5;0.24;0.21;0.06;0.07
8;0;0;50;0;15.87;2.24;6.25;1.52;1.51;0.187;60.3;8.05;4.26;2.23;0.39;1.32;3.33;181.7;149.7;22.6;2.6;6.7;0.69;0.51;0.13;0.18;0.68;0.64;0.119;39.7;5.19;2.54;1.54;0.28;0.93;2.92;119.4;106.4;5.3;1.9;5.8;0.39;0.1;0.06;0.08
8;0;0;50;50;15.86;2.52;7.33;1.71;1.68;0.195;59.6;8.6;4.54;2.36;0.42;1.33;3.92;180.2;147.5;22.1;2.7;7.8;0.69;0.67;0.14;0.18;0.86;0.85;0.123;40.4;6.84;3.39;2.06;0.32;1.19;3.41;122.1;107.8;5.1;2.4;6.8;0.53;0.13;0.09;0.11
8;0;0;50;100;15.82;2.96;8.65;1.99;1.98;0.214;58.3;9.26;4.95;2.54;0.43;1.44;4.62;178.8;145.4;21.3;2.9;9.2;0.67;0.97;0.15;0.19;1.16;1.15;0.126;41.7;9.03;4.28;2.81;0.48;1.52;4.03;127.8;109.1;7.6;3;8.1;0.7;0.19;0.1;0.15
8;0;0;100;0;17.9;2.55;7.27;1.62;1.62;0.183;69.9;8.77;4.6;2.53;0.39;1.49;3.9;183.8;146.6;26.4;3;7.8;0.67;0.6;0.15;0.19;0.76;0.77;0.121;30.1;6.26;3.01;1.94;0.31;1.07;3.37;79.1;65;5.2;2.1;6.7;0.5;0.09;0.07;0.1
8;0;0;100;50;18.39;3.18;9.03;1.83;1.84;0.19;68.5;9.64;5.06;2.71;0.47;1.59;4.79;181.5;142.7;26.1;3.2;9.6;0.64;0.83;0.16;0.21;1.11;1.13;0.123;31.5;9.13;4.43;2.79;0.46;1.58;4.25;83.3;66.5;5.1;3.2;8.5;0.75;0.13;0.11;0.15
8;0;0;100;100;18.31;3.58;10.49;2.27;2.24;0.211;66.8;10.61;5.69;2.86;0.52;1.61;5.54;179;139.6;25.1;3.2;11.1;0.63;1.21;0.17;0.23;1.46;1.45;0.126;33.2;11.47;5.52;3.51;0.62;1.98;4.95;89;67.7;7.5;4;9.9;0.93;0.21;0.14;0.18
8;0;50;0;0;13.65;1.97;5.65;1.62;1.64;0.191;52.6;8.59;4.49;2.49;0.41;1.35;3;177.6;149.1;19.8;2.7;6;0.7;0.6;0.14;0.2;0.48;0.44;0.12;47.4;3.45;1.69;1.1;0.15;0.62;2.65;160.3;149.5;4.2;1.2;5.3;0.24;0.11;0.04;0.05
8;0;50;0;50;13.09;2.13;5.87;1.84;1.89;0.21;52.3;8.97;4.83;2.45;0.39;1.46;3.15;176.4;148.7;18.4;2.9;6.3;0.71;0.83;0.14;0.2;0.51;0.5;0.125;47.7;3.78;1.82;1.15;0.2;0.67;2.72;160.9;149.9;4.2;1.3;5.4;0.24;0.15;0.04;0.06
8;0;50;0;100;12.87;2.23;6.26;2.15;2.13;0.225;51.6;9.47;5.09;2.66;0.43;1.46;3.37;175.2;147.8;17.7;2.9;6.7;0.71;1.08;0.15;0.2;0.61;0.6;0.136;48.4;4.19;2.09;1.27;0.23;0.77;2.89;164.4;150.7;6.4;1.5;5.8;0.25;0.23;0.05;0.06
8;0;50;50;0;15.94;2.48;7.14;1.8;1.84;0.186;59.3;9.86;5.12;2.79;0.49;1.59;3.76;178.6;144.3;23.6;3.2;7.5;0.69;0.76;0.17;0.23;0.64;0.65;0.124;40.7;5.17;2.51;1.55;0.27;0.9;3.38;122.5;109.8;4.1;1.8;6.8;0.4;0.11;0.06;0.08
8;0;50;50;50;15.98;2.87;8.37;2.15;2.15;0.206;58.3;10.41;5.51;2.96;0.47;1.58;4.43;176.6;141.9;22.6;3.2;8.9;0.66;1.1;0.16;0.23;0.9;0.91;0.126;41.7;7.16;3.56;2.13;0.37;1.29;3.94;126.1;111.3;4.3;2.6;7.9;0.56;0.15;0.08;0.12
8;0;50;50;100;15.84;3.27;9.33;2.57;2.54;0.23;58.5;11.05;6.04;2.97;0.52;1.67;4.85;185.2;139.2;32.9;3.3;9.7;0.67;1.46;0.18;0.22;1.23;1.2;0.13;41.5;9.15;4.49;2.72;0.48;1.6;4.48;131.1;113;5.9;3.2;9;0.73;0.21;0.11;0.15
8;0;50;100;0;18.01;2.91;8.19;2.08;2.06;0.189;68.9;10.89;5.75;3.03;0.51;1.78;4.39;180.1;140.5;27.2;3.6;8.8;0.68;0.95;0.18;0.25;0.8;0.8;0.124;31.1;6.34;3.13;1.96;0.33;1.12;3.8;81.1;67.3;4;2.2;7.6;0.51;0.1;0.08;0.11
8;0;50;100;50;18.48;3.47;10.06;2.47;2.5;0.21;68.8;11.88;6.29;3.26;0.56;1.8;5.34;190.1;135.6;40.2;3.6;10.7;0.63;1.42;0.19;0.25;1.22;1.18;0.125;31.2;9.42;4.57;2.86;0.49;1.67;4.72;86;69.1;4;3.3;9.4;0.79;0.14;0.11;0.15
8;0;50;100;100;18.67;4.01;11.64;2.87;2.95;0.228;67.2;12.91;7.03;3.46;0.6;1.97;6.19;187.2;131.6;39.4;3.9;12.4;0.64;1.86;0.19;0.27;1.46;1.5;0.128;32.8;11.63;5.67;3.49;0.64;2.04;5.45;91.4;70.7;5.7;4.1;10.9;0.98;0.2;0.14;0.18
8;0;100;0;0;13.55;2.17;6.22;1.95;2;0.197;53;10.13;5.29;2.85;0.48;1.62;3.32;184.8;144.3;30.6;3.2;6.6;0.7;0.9;0.17;0.22;0.44;0.42;0.12;47;3.26;1.6;0.96;0.19;0.54;2.89;163.8;153.7;3.2;1.1;5.8;0.23;0.1;0.04;0.05
8;0;100;0;50;13.31;2.24;6.51;2.39;2.39;0.224;52.4;10.66;5.74;2.89;0.49;1.65;3.43;182.3;142.9;29.2;3.3;6.9;0.69;1.3;0.17;0.23;0.59;0.52;0.131;47.6;3.8;1.84;1.17;0.21;0.59;3.08;165.7;155;3.4;1.2;6.2;0.25;0.17;0.04;0.06
8;0;100;0;100;12.7;2.37;6.71;2.74;2.68;0.242;51.8;11.1;6.17;2.89;0.53;1.67;3.6;180.2;142.3;27.4;3.3;7.2;0.7;1.58;0.17;0.23;0.63;0.6;0.142;48.2;4.06;2.02;1.22;0.2;0.7;3.11;168;155.5;4.9;1.4;6.2;0.26;0.23;0.05;0.07
8;0;100;50;0;16.18;2.7;8;2.37;2.41;0.205;59.8;11.76;6.22;3.35;0.56;1.86;4.28;187.2;138.4;36.6;3.7;8.6;0.68;1.28;0.19;0.26;0.65;0.65;0.123;40.2;5.13;2.4;1.61;0.28;0.84;3.72;125.9;113.5;3.2;1.7;7.4;0.41;0.1;0.05;0.09
8;0;100;50;50;15.97;3.13;9.06;2.91;2.78;0.222;58.7;12.51;6.82;3.37;0.55;1.88;4.83;184;135.3;35.3;3.8;9.7;0.67;1.66;0.19;0.27;0.99;0.96;0.13;41.3;7.3;3.56;2.24;0.36;1.25;4.23;129.5;115.4;3.1;2.5;8.5;0.58;0.16;0.09;0.12
8;0;100;50;100;16.13;3.5;10.07;3.23;3.22;0.248;57.6;12.96;7.23;3.44;0.56;1.94;5.33;182.1;133.2;34.4;3.9;10.7;0.65;2.1;0.2;0.26;1.24;1.23;0.133;42.4;9.15;4.5;2.73;0.49;1.56;4.74;134;116.8;4.6;3.1;9.5;0.74;0.23;0.11;0.15
8;0;100;100;0;18.4;3.19;9.38;2.63;2.67;0.203;69.1;13.16;6.94;3.77;0.64;2.05;4.97;189.2;133.1;42.1;4.1;9.9;0.65;1.52;0.21;0.3;0.81;0.82;0.125;30.9;6.53;3.2;2.04;0.36;1.15;4.42;84.3;70.1;3.1;2.3;8.8;0.54;0.1;0.07;0.11
8;0;100;100;50;18.8;3.8;11.11;3.13;3.18;0.221;67.7;14.35;7.68;3.97;0.64;2.19;5.87;186.1;127.5;42.5;4.4;11.7;0.61;2.02;0.24;0.31;1.22;1.22;0.127;32.3;9.49;4.55;2.99;0.49;1.6;5.24;88.6;72.2;2.8;3.2;10.5;0.81;0.14;0.11;0.16
8;0;100;100;100;18.88;4.24;12.35;3.74;3.76;0.248;66.2;15.15;8.45;3.94;0.73;2.2;6.56;182.8;124;41.3;4.4;13.1;0.61;2.61;0.22;0.32;1.58;1.51;0.129;33.8;11.65;5.74;3.46;0.64;2.04;5.79;93.2;73.5;4;4.1;11.6;1.01;0.19;0.13;0.19
8;50;0;0;0;15.5;2.38;6.5;2.1;2.12;0.207;47.9;10.22;5.49;2.78;0.51;1.66;3.51;146.3;117.2;18.8;3.3;7;1.29;0.42;0.18;0.23;0.47;0.49;0.119;52.1;4;1.94;1.21;0.19;0.72;2.99;159.2;143.3;8.5;1.4;6;0.22;0.16;0.05;0.06
8;50;0;0;50;14.99;2.48;6.98;2.21;2.25;0.212;47.8;10.59;5.67;2.88;0.48;1.64;3.71;145.8;117.6;17.6;3.3;7.4;1.33;0.52;0.17;0.23;0.57;0.59;0.124;52.2;4.65;2.26;1.44;0.23;0.83;3.27;159.4;142.8;8.3;1.7;6.5;0.23;0.23;0.06;0.08
8;50;0;0;100;14.89;2.67;7.57;2.44;2.45;0.221;47.1;11.09;6.09;2.96;0.5;1.75;4.07;146.2;117.6;17;3.5;8.1;1.31;0.71;0.18;0.24;0.71;0.72;0.133;52.9;5.31;2.57;1.65;0.29;0.93;3.5;164.2;142.9;12.5;1.9;7;0.24;0.34;0.06;0.08
8;50;0;50;0;17.6;2.67;7.62;2.21;2.18;0.203;55;10.75;5.75;2.96;0.52;1.73;4.07;148.7;114.5;22.6;3.5;8.1;1.27;0.49;0.19;0.24;0.67;0.67;0.12;45;5.5;2.62;1.7;0.31;0.94;3.56;121.7;104.6;8.2;1.9;7.1;0.38;0.15;0.06;0.09
8;50;0;50;50;17.3;3.2;8.94;2.36;2.39;0.209;54.5;11.43;6.05;3.23;0.52;1.81;4.79;148.7;114.3;21.1;3.6;9.6;1.31;0.63;0.2;0.25;0.92;0.97;0.124;45.5;7.76;3.68;2.41;0.41;1.39;4.15;123.9;104.7;8.1;2.8;8.3;0.53;0.22;0.09;0.13
8;50;0;50;100;17.58;3.56;10.19;2.63;2.64;0.221;53;11.96;6.52;3.24;0.57;1.89;5.37;148.1;112.8;20.8;3.8;10.7;1.25;0.95;0.19;0.26;1.24;1.26;0.129;47;9.69;4.74;2.91;0.53;1.67;4.82;131.2;106;12.2;3.3;9.6;0.66;0.33;0.11;0.16
8;50;0;100;0;19.53;3.1;8.54;2.31;2.3;0.199;64.7;11.56;6.18;3.14;0.56;1.9;4.51;151.1;112.3;25.9;3.8;9;1.27;0.58;0.19;0.26;0.8;0.83;0.122;35.3;6.7;3.28;2.02;0.35;1.2;4.03;82.4;63.8;8.1;2.4;8.1;0.48;0.15;0.08;0.11
8;50;0;100;50;19.76;3.63;10.46;2.51;2.47;0.202;63.8;12.21;6.48;3.38;0.57;1.93;5.61;151;110.6;25.3;3.9;11.2;1.21;0.79;0.19;0.27;1.17;1.22;0.124;36.2;9.79;4.7;2.99;0.54;1.7;4.85;85.8;64.7;8;3.4;9.7;0.73;0.22;0.11;0.16
8;50;0;100;100;19.72;4.11;11.87;2.89;2.88;0.219;61.8;13.17;7.12;3.56;0.6;2.06;6.27;149.6;108.4;24.5;4.1;12.5;1.23;1.16;0.22;0.28;1.51;1.53;0.127;38.2;12;5.7;3.75;0.6;2.04;5.59;92.5;65.8;11.5;4.1;11.2;0.9;0.3;0.13;0.2
8;50;50;0;0;15.45;2.72;7.89;2.82;2.79;0.21;47.8;13.24;7.14;3.56;0.65;2.01;4.26;147.5;115.9;19.1;4;8.5;1.71;0.58;0.2;0.3;0.51;0.53;0.124;52.2;4.04;1.97;1.24;0.22;0.71;3.63;160.9;144.8;7.4;1.4;7.3;0.22;0.19;0.05;0.07
8;50;50;0;50;15.36;2.9;8.44;3.11;3.05;0.221;47.6;13.79;7.48;3.75;0.63;2.09;4.54;147.2;115.5;18.4;4.2;9.1;1.7;0.84;0.22;0.29;0.64;0.62;0.13;52.4;4.63;2.29;1.42;0.2;0.8;3.9;162;145.2;7.4;1.6;7.8;0.23;0.27;0.05;0.07
8;50;50;0;100;14.94;3.15;8.89;3.23;3.32;0.231;46.8;14.37;7.8;3.85;0.66;2.2;4.72;146.5;115.5;17.2;4.4;9.4;1.71;1.07;0.23;0.31;0.85;0.82;0.148;53.2;5.48;2.85;1.58;0.28;0.96;4.17;166.8;145.3;11.2;1.9;8.3;0.25;0.42;0.07;0.09
8;50;50;50;0;17.42;3.22;9.19;2.96;2.92;0.205;54.5;14.21;7.54;3.9;0.66;2.23;4.82;148.8;112;22.7;4.5;9.6;1.66;0.72;0.22;0.31;0.74;0.73;0.126;45.5;5.74;2.79;1.74;0.31;0.99;4.37;124.3;106.6;6.9;2;8.7;0.39;0.18;0.07;0.1
8;50;50;50;50;17.58;3.63;10.58;3.2;3.25;0.218;53.8;14.89;7.91;4.12;0.72;2.25;5.54;148.5;111.1;21.8;4.5;11.1;1.66;1.04;0.23;0.32;1.04;1.03;0.129;46.2;7.88;3.81;2.45;0.41;1.38;5.04;127.4;107.4;7.1;2.8;10.1;0.54;0.27;0.1;0.13
8;50;50;50;100;17.39;4.09;11.67;3.6;3.6;0.233;54.1;15.41;8.44;4.15;0.67;2.32;6.16;157.6;109.6;31.1;4.6;12.3;1.61;1.42;0.25;0.32;1.4;1.38;0.136;45.9;10.07;4.94;3.05;0.52;1.77;5.51;133.7;108.7;10.5;3.5;11;0.7;0.39;0.12;0.16
8;50;50;100;0;19.78;3.61;10.17;3.15;3.08;0.205;64.2;15.05;8.04;4.12;0.73;2.37;5.43;151.3;109.2;26.6;4.7;10.9;1.6;0.92;0.24;0.32;0.84;0.86;0.125;35.8;6.78;3.3;2.1;0.34;1.24;4.75;84.3;65.4;6.9;2.5;9.5;0.49;0.18;0.08;0.11
8;50;50;100;50;20.22;4.35;12.27;3.62;3.59;0.219;64.8;16.4;8.96;4.37;0.74;2.63;6.56;163.6;105.6;39.6;5.3;13.1;1.57;1.4;0.27;0.35;1.24;1.27;0.127;35.2;9.97;4.7;3.16;0.54;1.72;5.71;88.8;67.2;6.7;3.4;11.4;0.75;0.26;0.11;0.15
8;50;50;100;100;20.2;4.63;13.6;3.92;3.94;0.232;63.1;16.95;9.29;4.53;0.79;2.54;7.23;161.9;104.1;38.2;5.1;14.5;1.56;1.76;0.26;0.36;1.66;1.63;0.132;36.9;12.23;5.95;3.78;0.62;2.09;6.36;94.7;67.9;9.9;4.2;12.7;0.93;0.36;0.14;0.19
8;50;100;0;0;15.68;3.45;9.41;3.69;3.67;0.216;49.2;16.99;9.13;4.6;0.76;2.72;5.08;158.7;113.7;29.3;5.4;10.2;2.15;0.87;0.29;0.36;0.56;0.57;0.133;50.8;4.15;2.02;1.29;0.2;0.73;4.33;163.9;147.3;6.5;1.5;8.7;0.22;0.24;0.05;0.07
8;50;100;0;50;15.09;3.46;9.88;3.96;4.04;0.232;48.2;17.45;9.52;4.67;0.82;2.66;5.25;156.3;113.1;27.4;5.3;10.5;2.17;1.22;0.27;0.38;0.69;0.7;0.148;51.8;4.67;2.33;1.37;0.26;0.8;4.63;168.3;148.1;9.4;1.6;9.3;0.24;0.34;0.06;0.07
8;50;100;0;100;14.69;3.52;10.16;4.27;4.32;0.242;47.9;17.86;9.89;4.62;0.82;2.65;5.39;155.2;113;26.1;5.3;10.8;2.16;1.5;0.28;0.37;0.89;0.87;0.162;52.1;5.21;2.69;1.54;0.26;0.88;4.78;168.7;148.1;9.2;1.8;9.6;0.25;0.48;0.06;0.08
8;50;100;50;0;17.95;3.84;10.84;3.9;3.96;0.219;55.7;18.09;9.78;4.91;0.87;2.83;5.7;160.9;108.5;35.4;5.7;11.4;2.03;1.24;0.3;0.39;0.75;0.77;0.13;44.3;5.82;2.79;1.76;0.3;1.01;5.14;127.9;109.6;6;2;10.3;0.39;0.22;0.06;0.09
8;50;100;50;50;17.78;4.19;12.04;4.43;4.3;0.229;54.5;18.76;10.38;5;0.84;2.83;6.46;159.8;107.2;34;5.7;12.9;2.03;1.59;0.28;0.4;1.1;1.09;0.137;45.5;7.86;3.83;2.35;0.43;1.36;5.58;133.5;110.7;8.9;2.7;11.2;0.55;0.32;0.09;0.13
8;50;100;50;100;17.55;4.61;13.1;4.77;4.69;0.246;53.6;19.1;10.58;5.05;0.84;2.84;6.94;157.8;105.8;32.4;5.7;13.9;2.02;2;0.29;0.39;1.43;1.44;0.143;46.4;10.02;5.01;2.99;0.54;1.77;6.16;136.4;111.8;8.7;3.5;12.3;0.72;0.45;0.12;0.16
8;50;100;100;0;20.25;4.26;12.06;4.06;4.13;0.216;65.2;19.16;10.26;5.3;0.87;2.99;6.4;164.4;104.4;41.3;6;12.8;1.94;1.48;0.3;0.42;0.91;0.92;0.129;34.8;7.06;3.42;2.14;0.38;1.27;5.66;87.6;67.8;5.9;2.5;11.3;0.52;0.21;0.08;0.11
8;50;100;100;50;20.41;5.01;13.82;4.6;4.61;0.228;63.1;20.21;11.04;5.43;0.95;3.15;7.29;162.3;100.9;40.5;6.3;14.6;1.9;1.94;0.32;0.44;1.33;1.38;0.133;36.9;10.26;5.03;3.1;0.54;1.86;6.54;94.7;69.6;8.3;3.7;13.1;0.79;0.3;0.13;0.16
8;50;100;100;100;20.25;5.28;15.08;5.14;5.16;0.246;62.4;20.92;11.54;5.6;0.98;3.1;8.07;160.8;99.5;39;6.2;16.1;1.9;2.49;0.33;0.43;1.74;1.72;0.138;37.6;12.44;6.12;3.77;0.65;2.17;7.01;96.8;70.3;8.2;4.3;14;0.97;0.42;0.14;0.2
8;100;0;0;0;17.34;2.77;7.83;2.61;2.65;0.214;40.7;12.39;6.54;3.42;0.58;1.97;4.11;110.4;79.8;18.5;3.9;8.2;1.78;0.4;0.21;0.26;0.56;0.56;0.118;59.3;4.6;2.22;1.43;0.23;0.81;3.71;161.2;140.4;11.8;1.6;7.4;0.22;0.22;0.05;0.07
8;100;0;0;50;16.96;2.93;8.43;2.73;2.78;0.218;40.7;12.77;6.74;3.57;0.61;1.96;4.4;110.3;80.4;17.2;3.9;8.8;1.8;0.51;0.2;0.27;0.69;0.74;0.13;59.3;5.58;2.71;1.67;0.3;0.97;4.02;161.1;139.4;11.7;1.9;8;0.23;0.35;0.07;0.1
8;100;0;0;100;16.66;3.17;8.96;2.94;2.98;0.225;40.2;13.26;7.26;3.54;0.64;2.09;4.76;111.2;81.2;16.3;4.2;9.5;1.82;0.67;0.22;0.27;0.87;0.88;0.137;59.8;6.32;3.07;1.95;0.31;1.08;4.2;165.9;137.9;17.5;2.2;8.4;0.22;0.49;0.07;0.1
8;100;0;50;0;19.15;3.15;8.82;2.76;2.74;0.211;47.6;13.04;6.93;3.61;0.61;2.02;4.61;113.2;78;21.9;4;9.2;1.76;0.49;0.22;0.27;0.75;0.75;0.121;52.4;6.1;3.01;1.81;0.32;1.13;4.21;124.5;102.5;11.3;2.3;8.4;0.37;0.21;0.07;0.1
8;100;0;50;50;19.11;3.49;10.37;2.93;2.92;0.214;47.5;13.65;7.23;3.82;0.64;2.01;5.59;114.2;78.2;20.8;4;11.2;1.77;0.63;0.21;0.31;1.09;1.1;0.128;52.5;8.47;4.06;2.67;0.44;1.48;4.79;126.2;102.3;11.4;3;9.6;0.51;0.35;0.11;0.13
8;100;0;50;100;19.32;4.15;11.78;3.19;3.23;0.225;46.1;14.38;7.8;3.91;0.69;2.22;6.33;115;78;19.9;4.4;12.7;1.77;0.91;0.23;0.32;1.49;1.44;0.131;53.9;10.91;5.38;3.28;0.55;1.93;5.45;134.5;102.6;17.2;3.9;10.9;0.66;0.49;0.13;0.17
8;100;0;100;0;21.06;3.44;9.75;2.83;2.83;0.207;57.9;13.66;7.3;3.83;0.6;2.19;5.21;116.9;76.9;25.1;4.4;10.4;1.75;0.56;0.23;0.3;0.88;0.9;0.122;42.1;7.3;3.46;2.32;0.36;1.24;4.54;85;62.3;11.1;2.5;9.1;0.48;0.21;0.09;0.12
8;100;0;100;50;21.51;4.16;11.67;3.1;3.03;0.209;56.9;14.49;7.81;3.96;0.72;2.32;6.13;117.5;75.6;24.9;4.6;12.3;1.7;0.78;0.24;0.32;1.31;1.32;0.127;43.1;10.3;5.03;3.11;0.54;1.84;5.54;89.1;63.3;11;3.7;11.1;0.7;0.33;0.13;0.17
8;100;0;100;100;21.24;4.58;13.28;3.33;3.34;0.222;54.7;15.06;8.18;4.11;0.7;2.33;7.01;117.3;75;23.7;4.7;14;1.67;1.12;0.23;0.31;1.65;1.69;0.129;45.3;12.98;6.24;3.97;0.67;2.25;6.27;97.1;63.8;16.3;4.5;12.5;0.88;0.46;0.15;0.21
8;100;50;0;0;17.36;3.56;10.12;3.77;3.8;0.219;41.3;17.39;9.32;4.75;0.81;2.69;5.25;114.1;79.7;18.5;5.4;10.5;2.61;0.56;0.28;0.36;0.64;0.65;0.129;58.7;4.96;2.42;1.48;0.26;0.87;4.87;162.5;140.5;10.5;1.7;9.7;0.22;0.3;0.06;0.08
8;100;50;0;50;16.82;3.7;10.51;4.07;4.08;0.227;40.6;17.99;9.7;4.79;0.88;2.71;5.66;114.1;80.1;17.2;5.4;11.3;2.61;0.79;0.29;0.39;0.82;0.83;0.141;59.4;5.75;2.85;1.77;0.27;0.99;4.85;167.1;139.8;15.7;2;9.7;0.22;0.44;0.07;0.1
8;100;50;0;100;16.7;3.91;11.17;4.33;4.28;0.234;40.5;18.3;10.11;4.81;0.84;2.75;5.9;114;80.7;16;5.5;11.8;2.62;0.99;0.29;0.37;1.03;1.03;0.154;59.5;6.64;3.39;1.94;0.36;1.15;5.27;167.9;138.8;16.3;2.3;10.5;0.23;0.62;0.08;0.1
8;100;50;50;0;19.52;3.99;11.31;3.92;3.93;0.215;48.2;18.35;9.91;5.01;0.88;2.87;6.04;117.5;77.5;22.1;5.7;12.1;2.53;0.7;0.3;0.41;0.84;0.84;0.128;51.8;6.47;3.11;1.97;0.34;1.12;5.27;126.2;103.1;10.3;2.2;10.5;0.37;0.28;0.08;0.11
8;100;50;50;50;19.34;4.36;12.6;4.15;4.21;0.223;46.6;18.83;10.19;5.14;0.87;2.85;6.66;116.9;76.7;21.2;5.7;13.3;2.49;1.02;0.28;0.41;1.22;1.17;0.134;53.4;8.63;4.27;2.57;0.45;1.51;5.95;134.2;104.2;15.2;3;11.9;0.52;0.42;0.1;0.13
8;100;50;50;100;19.12;4.86;13.99;4.49;4.54;0.235;48.4;19.29;10.54;5.3;0.87;2.93;7.43;127.3;76.9;29.7;5.9;14.9;2.51;1.33;0.29;0.41;1.52;1.58;0.141;51.6;11.13;5.46;3.38;0.55;1.93;6.55;136;103.9;15.1;3.9;13.1;0.68;0.59;0.13;0.18
8;100;50;100;0;21.53;4.32;12.13;4.12;4.09;0.213;57.8;19.16;10.41;5.18;0.87;3.03;6.45;120;75.2;25.9;6.1;12.9;2.45;0.91;0.32;0.41;0.92;0.95;0.127;42.2;7.43;3.59;2.26;0.38;1.28;5.68;87.7;63.6;10.1;2.6;11.4;0.47;0.28;0.09;0.11
8;100;50;100;50;21.54;4.85;14.23;4.44;4.45;0.224;58;19.85;10.75;5.43;0.89;2.99;7.59;132.6;73.8;37.6;6;15.2;2.4;1.31;0.31;0.42;1.47;1.44;0.132;42;10.87;5.32;3.31;0.59;1.86;6.64;96.2;64.6;14.6;3.7;13.3;0.74;0.4;0.13;0.18
8;100;50;100;100;21.67;5.45;15.54;4.8;4.84;0.234;57.3;20.66;11.36;5.51;0.98;3.18;8.27;132.3;72.8;36.6;6.4;16.5;2.38;1.71;0.33;0.43;1.82;1.79;0.136;42.7;13.06;6.47;3.99;0.68;2.27;7.27;98.6;65.4;14.1;4.5;14.5;0.9;0.55;0.15;0.2
8;100;100;0;0;17.35;4.18;11.6;4.78;4.67;0.222;43.3;21.05;11.46;5.68;0.96;3.3;6.24;125.5;78.5;27.9;6.6;12.5;3.06;0.83;0.33;0.45;0.71;0.71;0.138;56.7;5.02;2.47;1.54;0.24;0.88;5.37;164.5;142.6;9.5;1.8;10.7;0.22;0.35;0.06;0.08
8;100;100;0;50;16.79;4.28;12.13;5.1;4.99;0.234;42.4;21.37;11.73;5.64;0.98;3.23;6.49;124.4;79;26;6.5;13;3.07;1.16;0.32;0.44;0.93;0.94;0.156;57.6;5.94;3.03;1.75;0.3;1.05;5.64;169.2;141.7;14.1;2.1;11.3;0.23;0.54;0.07;0.09
8;100;100;0;100;16.63;4.3;12.64;5.31;5.29;0.241;42.2;21.92;12.15;5.91;0.94;3.18;6.71;123.8;79.2;24.9;6.4;13.4;3.08;1.42;0.33;0.46;1.17;1.17;0.175;57.8;6.67;3.4;2;0.32;1.12;5.93;169.7;141.5;14.1;2.2;11.9;0.24;0.75;0.07;0.1
8;100;100;50;0;19.52;4.56;13.05;4.85;4.93;0.224;50.1;22.03;11.99;5.99;1.02;3.42;6.86;129.8;75.4;33.9;6.8;13.7;2.93;1.18;0.35;0.47;0.94;0.91;0.135;49.9;6.67;3.27;2.01;0.33;1.14;6.19;129.3;105.7;9;2.3;12.4;0.39;0.34;0.08;0.1
8;100;100;50;50;19.27;4.92;14.01;5.21;5.17;0.232;48.9;22.28;12.25;5.97;1.01;3.38;7.47;129.3;75.6;32;6.8;14.9;2.9;1.46;0.34;0.47;1.31;1.31;0.146;51.1;8.95;4.43;2.61;0.48;1.54;6.54;135.3;105.5;13.7;3.1;13.1;0.52;0.53;0.11;0.15
8;100;100;50;100;19.48;5.37;15.21;5.63;5.62;0.245;48.1;22.95;12.78;6.01;1.06;3.47;8.07;128.5;74.2;31.2;6.9;16.1;2.87;1.93;0.34;0.48;1.68;1.7;0.152;51.9;11.1;5.56;3.29;0.57;1.9;7.14;138.9;107.2;13.6;3.8;14.3;0.68;0.72;0.13;0.17
8;100;100;100;0;21.67;4.89;14.09;5.16;5.14;0.221;60;23.28;12.6;6.29;1.11;3.52;7.54;134.8;72.5;40.2;7;15.1;2.83;1.45;0.37;0.49;1.05;1.05;0.133;40;7.81;3.87;2.37;0.39;1.37;6.55;90;65.6;8.5;2.7;13.1;0.5;0.33;0.1;0.13
8;100;100;100;50;22.05;5.32;15.79;5.52;5.49;0.23;57.7;23.83;13.02;6.45;1.06;3.52;8.37;134;70.8;39.5;7;16.7;2.73;1.89;0.36;0.51;1.58;1.52;0.139;42.3;10.88;5.32;3.27;0.58;1.8;7.42;98.1;66.9;12.7;3.6;14.8;0.74;0.49;0.12;0.17
8;100;100;100;100;21.92;5.95;17.1;5.98;6;0.245;56.9;24.45;13.56;6.52;1.09;3.7;9.08;133.2;69.9;37.8;7.4;18.2;2.71;2.41;0.37;0.51;1.93;1.97;0.145;43.1;13.46;6.53;4.08;0.7;2.25;8.02;100.9;67.6;12.7;4.5;16;0.93;0.68;0.15;0.21
9;0;0;0;0;13.77;1.81;5.04;1.46;1.52;0.2;53.4;7.58;4;2.11;0.37;1.21;2.74;179.9;151.8;20.2;2.4;5.5;0.78;0.44;0.12;0.18;0.33;0.37;0.106;46.6;3.14;1.53;0.93;0.17;0.6;2.3;157.4;147.2;4.4;1.2;4.6;0.2;0.08;0.04;0.05
9;0;0;0;50;13.18;1.88;5.31;1.64;1.68;0.212;53.1;7.89;4.17;2.16;0.41;1.22;2.87;178.8;151.8;18.8;2.4;5.7;0.79;0.58;0.13;0.17;0.42;0.43;0.111;46.9;3.55;1.73;1.07;0.19;0.66;2.45;157.9;147.2;4.5;1.3;4.9;0.21;0.12;0.04;0.06
9;0;0;0;100;12.98;1.95;5.66;1.82;1.81;0.219;52.6;8.25;4.44;2.27;0.35;1.26;3.09;178.2;151.6;18;2.5;6.2;0.78;0.73;0.13;0.18;0.48;0.49;0.118;47.4;3.96;1.92;1.2;0.22;0.69;2.57;160.9;147.4;7;1.4;5.1;0.21;0.17;0.04;0.06
9;0;0;50;0;15.95;2.16;6.29;1.66;1.63;0.195;60.7;8.33;4.37;2.4;0.41;1.29;3.48;182.7;149.4;23.8;2.6;7;0.77;0.52;0.13;0.2;0.52;0.55;0.113;39.3;4.77;2.33;1.47;0.25;0.87;2.81;118.5;106.6;4.5;1.7;5.6;0.33;0.08;0.06;0.08
9;0;0;50;50;15.86;2.59;7.24;1.8;1.84;0.207;59.6;8.86;4.68;2.52;0.43;1.44;3.74;179.9;146.6;22.9;2.9;7.5;0.76;0.73;0.16;0.19;0.73;0.74;0.115;40.4;6.37;3.07;1.94;0.34;1.15;3.5;122.1;108.4;4.4;2.3;7;0.46;0.11;0.07;0.11
9;0;0;50;100;15.73;3.03;8.65;2.02;2.1;0.22;58.4;9.51;5.15;2.58;0.45;1.53;4.61;178.5;144.2;21.9;3.1;9.2;0.75;0.99;0.16;0.2;1;1.01;0.117;41.6;8.59;4.09;2.67;0.46;1.5;4.04;127.3;109.8;6.4;3;8.1;0.63;0.15;0.1;0.14
9;0;0;100;0;18.04;2.51;6.99;1.7;1.72;0.19;70;9;4.75;2.5;0.44;1.46;3.71;183.5;145.8;27.4;2.9;7.4;0.75;0.61;0.16;0.2;0.71;0.68;0.114;30;5.88;2.81;1.81;0.32;1.05;3.28;78.4;65.3;4.5;2.1;6.6;0.43;0.08;0.07;0.1
9;0;0;100;50;18.33;3.12;8.92;1.98;2.02;0.201;68.7;10.05;5.28;2.83;0.49;1.59;4.82;181.4;141.4;27.1;3.2;9.6;0.71;0.92;0.16;0.23;1;0.99;0.115;31.3;8.52;4.11;2.59;0.45;1.53;4.1;82.4;67;4.1;3.1;8.2;0.65;0.11;0.1;0.13
9;0;0;100;100;18.38;3.58;10.37;2.36;2.36;0.216;67.1;10.92;5.88;2.98;0.54;1.64;5.56;179.3;138.5;26.4;3.3;11.1;0.71;1.25;0.17;0.24;1.28;1.26;0.116;32.9;10.69;5.13;3.36;0.57;1.94;4.81;87.7;68;6.2;3.9;9.6;0.81;0.15;0.13;0.17
9;0;50;0;0;13.8;1.95;5.57;1.77;1.74;0.198;52.6;8.78;4.64;2.51;0.41;1.39;2.93;177.7;148.4;20.7;2.8;5.9;0.78;0.62;0.15;0.19;0.36;0.38;0.112;47.4;3.11;1.49;0.96;0.16;0.56;2.63;160.2;150.2;3.6;1.1;5.3;0.2;0.09;0.04;0.05
9;0;50;0;50;13.26;2.11;5.98;2.08;2.07;0.217;52.1;9.52;5.22;2.54;0.43;1.51;3.17;175.8;146.9;19.6;3;6.3;0.82;0.89;0.16;0.21;0.44;0.44;0.116;47.9;3.54;1.66;1.14;0.18;0.59;2.81;161.8;151.5;3.5;1.2;5.6;0.22;0.13;0.04;0.06
9;0;50;0;100;12.79;2.09;6.14;2.2;2.24;0.231;51.5;9.72;5.21;2.7;0.43;1.44;3.3;174.3;146.2;18.6;2.9;6.6;0.75;1.13;0.15;0.22;0.49;0.51;0.128;48.5;3.81;1.84;1.16;0.21;0.64;2.84;164.3;152.1;5.2;1.3;5.7;0.22;0.19;0.05;0.06
9;0;50;50;0;15.96;2.42;7.2;1.94;1.96;0.192;59.5;10.16;5.27;2.98;0.48;1.59;3.86;178.9;143.7;24.4;3.2;7.7;0.78;0.78;0.17;0.24;0.56;0.58;0.115;40.5;4.93;2.32;1.52;0.27;0.83;3.35;122;110.2;3.4;1.7;6.7;0.36;0.09;0.06;0.08
9;0;50;50;50;16.03;2.81;8.21;2.28;2.32;0.211;58.5;10.95;5.79;3.04;0.55;1.65;4.48;176.8;140.7;23.8;3.3;9;0.74;1.16;0.17;0.25;0.77;0.78;0.118;41.5;6.5;3.13;2;0.33;1.17;3.73;125.2;112;3.4;2.3;7.5;0.47;0.12;0.08;0.1
9;0;50;50;100;15.97;3.36;9.51;2.73;2.71;0.234;58.5;11.57;6.34;3.15;0.53;1.77;5.09;185.3;137.2;34.4;3.5;10.2;0.72;1.55;0.17;0.26;1.05;1.07;0.121;41.5;8.74;4.25;2.64;0.47;1.59;4.42;131.2;114.3;5;3.2;8.8;0.65;0.18;0.1;0.15
9;0;50;100;0;18.15;2.85;8.14;2.16;2.21;0.199;68.8;11.11;5.93;3.09;0.51;1.78;4.31;179.3;138.8;28.3;3.6;8.6;0.72;1.06;0.19;0.24;0.72;0.7;0.115;31.2;5.97;2.91;1.83;0.31;1.07;3.83;81.1;67.9;3.3;2.1;7.7;0.45;0.08;0.07;0.09
9;0;50;100;50;18.66;3.44;9.92;2.59;2.64;0.214;69;12.32;6.57;3.39;0.58;1.89;5.28;190.7;134.1;42.3;3.8;10.6;0.69;1.48;0.2;0.27;1.08;1.04;0.116;31;8.82;4.23;2.7;0.46;1.55;4.64;85.4;69.7;3.3;3.1;9.3;0.68;0.12;0.1;0.14
9;0;50;100;100;18.99;3.98;11.4;3.13;3.11;0.232;67.6;13.41;7.43;3.55;0.61;2.08;6.15;188.2;130.1;41.7;4.2;12.3;0.67;1.95;0.21;0.28;1.37;1.31;0.12;32.4;10.89;5.24;3.41;0.6;1.9;5.25;90.3;71.2;4.8;3.8;10.5;0.84;0.17;0.13;0.17
9;0;100;0;0;13.62;2.27;6.31;2.16;2.2;0.208;52.9;10.56;5.6;2.94;0.52;1.65;3.42;184.7;142.8;31.9;3.3;6.8;0.78;1;0.18;0.24;0.38;0.38;0.112;47.1;3.15;1.55;0.95;0.16;0.62;2.89;164.7;155.1;2.5;1.2;5.8;0.22;0.08;0.04;0.05
9;0;100;0;50;13.2;2.28;6.54;2.56;2.58;0.229;52.5;11.23;6.1;3.08;0.48;1.67;3.62;182.9;141.9;30.4;3.3;7.2;0.78;1.37;0.18;0.25;0.39;0.44;0.122;47.5;3.35;1.59;1.05;0.18;0.61;2.93;165.5;155.9;2.6;1.2;5.9;0.21;0.13;0.04;0.06
9;0;100;0;100;12.85;2.36;6.7;2.96;2.87;0.247;51.6;11.63;6.55;3.02;0.52;1.72;3.56;179.6;140;29.1;3.4;7.1;0.77;1.68;0.18;0.23;0.52;0.52;0.132;48.4;3.73;1.85;1.11;0.18;0.65;3.14;168.8;157.5;3.7;1.3;6.3;0.23;0.17;0.05;0.06
9;0;100;50;0;16.16;2.75;7.88;2.61;2.56;0.21;59.7;12.21;6.55;3.39;0.58;1.9;4.19;186.8;136.5;38.2;3.8;8.4;0.76;1.34;0.19;0.27;0.52;0.57;0.116;40.3;4.76;2.22;1.5;0.26;0.86;3.69;126.1;114.7;2.4;1.7;7.4;0.36;0.07;0.05;0.08
9;0;100;50;50;16.08;3.21;9.02;2.93;2.92;0.227;58.6;12.9;7.02;3.54;0.6;2.01;4.84;183.9;133.2;37;4;9.7;0.71;1.74;0.21;0.27;0.78;0.79;0.118;41.4;6.59;3.14;1.99;0.36;1.2;4.17;129.7;116.8;2.2;2.4;8.3;0.51;0.11;0.07;0.1
9;0;100;50;100;16.29;3.53;10.18;3.46;3.51;0.259;57.4;13.59;7.6;3.6;0.61;1.96;5.47;181.2;130.2;36.2;3.9;10.9;0.7;2.32;0.21;0.29;1.05;1.07;0.122;42.6;8.68;4.19;2.62;0.47;1.57;4.71;134.7;118.6;3.5;3.1;9.4;0.67;0.17;0.1;0.13
9;0;100;100;0;18.75;3.21;9.28;2.87;2.88;0.207;69.4;13.91;7.38;3.84;0.67;2.21;4.98;190.2;131;44.7;4.4;10;0.73;1.62;0.22;0.31;0.68;0.71;0.116;30.6;6.06;2.83;1.93;0.32;1.01;4.3;83.7;70.9;2.2;2;8.6;0.47;0.07;0.07;0.11
9;0;100;100;50;19.13;3.84;11.02;3.39;3.35;0.225;67.7;14.92;8.09;4.08;0.7;2.27;5.91;186.2;125.5;44.3;4.5;11.8;0.67;2.13;0.23;0.32;1.05;1.05;0.117;32.3;8.87;4.22;2.77;0.46;1.57;5.11;88.5;72.9;2.3;3.1;10.2;0.7;0.11;0.1;0.14
9;0;100;100;100;19.01;4.22;12.32;4.04;4.04;0.259;66.3;15.64;8.77;4.11;0.67;2.24;6.63;182.6;122.2;42.7;4.5;13.3;0.67;2.81;0.23;0.33;1.39;1.36;0.12;33.7;11.25;5.47;3.42;0.61;1.98;5.69;92.7;74.2;3.2;4;11.4;0.9;0.15;0.13;0.18
9;50;0;0;0;15.58;2.32;6.47;2.3;2.29;0.217;48;10.54;5.68;2.91;0.48;1.65;3.51;146.6;116.4;19.9;3.3;7;1.44;0.44;0.17;0.24;0.44;0.43;0.11;52;3.62;1.82;1.07;0.19;0.67;2.96;159.1;144.2;7.6;1.3;5.9;0.18;0.14;0.04;0.06
9;50;0;0;50;15.14;2.43;6.99;2.4;2.45;0.225;47.9;10.89;5.87;3;0.49;1.65;3.78;146.5;117;18.6;3.3;7.6;1.46;0.59;0.16;0.24;0.51;0.53;0.117;52.1;4.34;2.05;1.35;0.25;0.78;3.21;159.2;143.5;7.7;1.6;6.4;0.2;0.21;0.05;0.07
9;50;0;0;100;14.65;2.63;7.5;2.63;2.65;0.23;47.2;11.51;6.33;3.13;0.52;1.74;4.07;146.2;117;17.6;3.5;8.1;1.47;0.73;0.19;0.26;0.66;0.66;0.128;52.8;5;2.43;1.5;0.28;0.89;3.43;163.4;143.5;11.3;1.8;6.9;0.21;0.31;0.06;0.08
9;50;0;50;0;17.47;2.63;7.54;2.34;2.33;0.213;55.3;10.93;5.87;2.99;0.51;1.71;4.06;149.3;114.7;23.1;3.4;8.1;1.41;0.5;0.18;0.24;0.61;0.61;0.113;44.7;5.26;2.5;1.64;0.25;0.92;3.49;120.6;104.4;7.4;1.8;7;0.33;0.14;0.05;0.08
9;50;0;50;50;17.56;3.11;8.96;2.52;2.57;0.22;54.6;11.68;6.22;3.27;0.52;1.79;4.84;149;113.3;22.4;3.6;9.7;1.41;0.72;0.19;0.26;0.83;0.87;0.118;45.4;7.33;3.48;2.27;0.4;1.32;4.12;123.8;105.6;7.4;2.6;8.2;0.46;0.21;0.09;0.12
9;50;0;50;100;17.6;3.53;10.18;2.73;2.81;0.229;53;12.26;6.56;3.42;0.56;1.86;5.39;147.8;111.6;21.6;3.7;10.8;1.36;0.98;0.2;0.26;1.14;1.18;0.123;47;9.54;4.54;2.96;0.48;1.67;4.79;131;107;11.1;3.3;9.6;0.6;0.3;0.12;0.15
9;50;0;100;0;19.59;2.91;8.46;2.36;2.42;0.207;65.1;11.65;6.11;3.31;0.55;1.79;4.57;151.8;112.2;26.9;3.6;9.1;1.36;0.6;0.2;0.25;0.71;0.73;0.114;34.9;6.29;2.94;1.97;0.33;1.12;3.88;81.2;63.9;7.3;2.2;7.8;0.42;0.14;0.08;0.1
9;50;0;100;50;19.83;3.57;10.35;2.57;2.72;0.215;63.9;12.64;6.7;3.52;0.62;1.96;5.52;151;109.7;26.3;3.9;11;1.36;0.87;0.21;0.28;1.08;1.08;0.117;36.1;9.18;4.41;2.8;0.49;1.6;4.83;85.1;65.1;7.1;3.2;9.7;0.63;0.19;0.11;0.15
9;50;0;100;100;19.98;4.09;11.97;3.01;3.03;0.225;61.9;13.45;7.24;3.68;0.63;2.01;6.43;150;107.5;25.6;4;12.9;1.31;1.22;0.2;0.29;1.4;1.41;0.12;38.1;11.56;5.65;3.54;0.6;2.08;5.54;92.2;66.3;10.7;4.2;11.1;0.79;0.29;0.14;0.18
9;50;50;0;0;15.6;2.69;7.88;3.11;3.01;0.221;47.9;13.65;7.4;3.75;0.61;2.02;4.28;147.8;115.3;19.9;4;8.6;1.88;0.6;0.22;0.3;0.47;0.48;0.118;52.1;3.83;1.84;1.18;0.2;0.68;3.59;160.9;145.5;6.8;1.4;7.2;0.19;0.18;0.05;0.06
9;50;50;0;50;15.21;2.89;8.39;3.28;3.31;0.232;47.5;14.3;7.7;3.98;0.67;2.14;4.45;147;114.6;19.2;4.3;8.9;1.9;0.87;0.23;0.31;0.54;0.57;0.126;52.5;4.38;2.11;1.37;0.21;0.75;3.95;162.3;146.3;6.6;1.5;7.9;0.2;0.25;0.05;0.08
9;50;50;0;100;14.65;3.02;8.95;3.49;3.54;0.241;46.9;14.73;8.03;3.98;0.7;2.17;4.84;146.5;114.6;17.9;4.3;9.7;1.88;1.11;0.22;0.33;0.7;0.74;0.141;53.1;5.1;2.45;1.6;0.28;0.85;4.11;166;146.3;9.8;1.7;8.2;0.22;0.37;0.06;0.08
9;50;50;50;0;17.75;3.31;9.3;3.12;3.2;0.215;54.6;14.88;7.95;4.18;0.65;2.35;4.93;149.5;111.2;23.8;4.7;9.9;1.86;0.76;0.25;0.33;0.64;0.65;0.119;45.4;5.4;2.56;1.7;0.28;0.95;4.37;124.4;107.4;6.4;1.9;8.7;0.34;0.17;0.06;0.09
9;50;50;50;50;17.72;3.61;10.45;3.56;3.52;0.228;54.2;15.49;8.49;4.19;0.76;2.35;5.64;149.4;110.3;23.2;4.7;11.3;1.85;1.08;0.25;0.34;0.91;0.89;0.122;45.8;7.24;3.49;2.28;0.38;1.26;4.81;126.4;108.1;6.2;2.5;9.6;0.46;0.23;0.08;0.12
9;50;50;50;100;17.45;4.03;11.68;3.84;3.83;0.242;54.2;15.84;8.75;4.26;0.71;2.35;6.2;158;107.9;32.9;4.7;12.4;1.77;1.48;0.23;0.34;1.29;1.23;0.127;45.8;9.54;4.7;2.86;0.48;1.67;5.48;133.5;110;9.1;3.3;11;0.63;0.34;0.11;0.15
9;50;50;100;0;19.99;3.51;10.26;3.4;3.47;0.217;64.3;15.95;8.45;4.46;0.76;2.4;5.46;151.5;108;27.9;4.8;10.9;1.8;1.05;0.26;0.36;0.78;0.76;0.118;35.7;6.35;3;1.95;0.35;1.11;4.81;84.1;66;6.2;2.2;9.6;0.42;0.16;0.07;0.11
9;50;50;100;50;20.4;4.28;12.17;3.76;3.81;0.227;65.1;16.81;9.14;4.61;0.76;2.65;6.55;164.3;104.8;41.1;5.3;13.1;1.73;1.45;0.27;0.36;1.1;1.14;0.12;34.9;9.42;4.49;2.94;0.49;1.63;5.62;88.1;67.6;6;3.3;11.2;0.66;0.22;0.11;0.15
9;50;50;100;100;20.29;4.74;13.56;4.15;4.22;0.24;63.3;17.61;9.68;4.65;0.81;2.7;7.31;162.3;102.4;39.9;5.4;14.6;1.69;1.87;0.29;0.37;1.35;1.46;0.124;36.7;11.63;5.61;3.58;0.62;2.05;6.25;94;68.8;8.6;4.1;12.5;0.82;0.31;0.14;0.19
9;50;100;0;0;15.78;3.35;9.53;3.95;4.01;0.229;49.1;17.54;9.6;4.72;0.8;2.71;5.08;158.7;112.2;30.9;5.4;10.2;2.38;0.99;0.28;0.37;0.51;0.5;0.126;50.9;3.78;1.82;1.13;0.21;0.64;4.45;164.8;149.1;5.4;1.3;8.9;0.19;0.2;0.04;0.06
9;50;100;0;50;14.94;3.36;9.63;4.25;4.26;0.242;48.2;17.66;9.67;4.71;0.84;2.64;5.11;156.2;111.7;29;5.3;10.2;2.33;1.28;0.28;0.38;0.65;0.62;0.139;51.8;4.28;2.15;1.27;0.22;0.72;4.52;168;149.7;7.9;1.4;9;0.21;0.29;0.06;0.07
9;50;100;0;100;14.83;3.51;10.05;4.52;4.59;0.252;47.9;18.23;10.13;4.74;0.83;2.68;5.35;155.3;111.6;27.7;5.4;10.7;2.33;1.58;0.29;0.38;0.79;0.79;0.157;52.1;4.96;2.49;1.44;0.24;0.83;4.7;169.1;149.8;8.3;1.7;9.4;0.22;0.43;0.06;0.08
9;50;100;50;0;18.08;3.99;10.85;4.26;4.32;0.228;55.9;18.96;10.39;5.08;0.85;3.01;5.83;162.1;107.1;37.3;6;11.7;2.25;1.33;0.33;0.41;0.67;0.68;0.123;44.1;5.4;2.62;1.64;0.29;0.98;5.03;127.9;110.7;5.1;2;10.1;0.34;0.19;0.06;0.09
9;50;100;50;50;17.81;4.2;12.04;4.6;4.6;0.239;54.9;19.29;10.61;5.21;0.87;2.91;6.6;160.8;106.7;35.1;5.8;13.2;2.26;1.62;0.3;0.42;0.98;0.98;0.13;45.1;7.49;3.61;2.28;0.39;1.29;5.43;132.3;111.1;7.8;2.6;10.9;0.49;0.29;0.09;0.12
9;50;100;50;100;17.79;4.61;12.82;5.06;5.1;0.259;53.7;19.7;11.04;5.04;0.89;2.98;6.83;157.9;104;34.2;6;13.7;2.2;2.2;0.31;0.4;1.28;1.28;0.134;46.3;9.42;4.6;2.84;0.48;1.63;5.99;136;113.3;7.4;3.3;12;0.63;0.39;0.11;0.15
9;50;100;100;0;20.08;4.14;12.02;4.55;4.47;0.224;65.5;19.97;10.84;5.45;0.95;3.02;6.44;164.7;102.7;43.1;6;12.9;2.14;1.56;0.33;0.45;0.74;0.8;0.121;34.5;6.48;3.04;1.98;0.38;1.12;5.58;86.8;68.6;4.8;2.2;11.2;0.45;0.16;0.08;0.11
9;50;100;100;50;20.63;4.92;13.92;4.9;4.92;0.236;63.5;20.88;11.49;5.59;0.95;3.15;7.45;163.4;99.8;42.4;6.3;14.9;2.1;2.04;0.34;0.44;1.19;1.22;0.126;36.5;9.64;4.67;2.99;0.48;1.77;6.47;93.7;70.1;7.2;3.5;12.9;0.68;0.26;0.12;0.16
9;50;100;100;100;20.61;5.36;14.93;5.43;5.54;0.259;62.5;21.41;11.99;5.56;0.98;3.25;7.94;161;97.3;41.4;6.5;15.9;2.06;2.71;0.34;0.44;1.47;1.54;0.129;37.5;11.78;5.77;3.59;0.61;2.1;6.99;96.6;71.4;7;4.2;14;0.84;0.36;0.14;0.19
9;100;0;0;0;17.3;2.75;7.93;2.86;2.92;0.226;40.8;12.95;7.05;3.53;0.6;1.96;4.23;111;79.3;19.3;3.9;8.5;2;0.43;0.2;0.29;0.46;0.51;0.113;59.2;4.3;2.01;1.34;0.22;0.79;3.7;161;141.3;10.7;1.6;7.4;0.19;0.2;0.05;0.07
9;100;0;0;50;16.97;2.83;8.43;3.08;3.06;0.232;40.9;13.21;7.19;3.53;0.64;1.93;4.5;111.1;79.9;18.3;3.9;9;2;0.57;0.2;0.29;0.7;0.69;0.126;59.1;5.34;2.6;1.64;0.28;0.91;3.93;160.7;140.2;10.8;1.8;7.9;0.2;0.34;0.07;0.09
9;100;0;0;100;16.64;3.16;8.92;3.17;3.19;0.236;40.1;13.51;7.49;3.58;0.65;2.1;4.73;111.1;80.4;17.1;4.2;9.5;1.99;0.69;0.22;0.29;0.82;0.82;0.132;59.9;6.05;2.94;1.84;0.32;1.06;4.19;166.1;139.3;16.3;2.1;8.4;0.2;0.45;0.06;0.09
9;100;0;50;0;19.28;3.1;8.89;2.86;2.96;0.221;48;13.41;7.17;3.65;0.65;2.1;4.71;114.3;77.7;22.9;4.2;9.4;1.94;0.51;0.22;0.29;0.69;0.7;0.116;52;5.9;2.81;1.83;0.32;1.01;4.17;123.6;102.8;10.4;2;8.3;0.32;0.2;0.08;0.1
9;100;0;50;50;18.99;3.55;10.15;3.1;3.18;0.227;47.7;13.99;7.56;3.81;0.67;2.14;5.5;114.5;77.5;21.7;4.3;11;1.93;0.71;0.22;0.32;0.97;0.97;0.121;52.3;7.88;3.77;2.4;0.44;1.41;4.65;125.5;103.1;10.3;2.8;9.3;0.44;0.32;0.09;0.12
9;100;0;50;100;19.11;3.98;11.48;3.5;3.44;0.235;46.2;14.68;8.02;3.97;0.63;2.17;6.17;114.7;76.8;21.1;4.3;12.3;1.93;0.97;0.23;0.32;1.3;1.28;0.125;53.8;10.18;4.9;3.1;0.53;1.8;5.31;133.6;104;15.4;3.6;10.6;0.58;0.43;0.12;0.15
9;100;0;100;0;21.18;3.47;9.59;2.97;3.02;0.217;58.3;13.93;7.52;3.78;0.66;2.23;5.22;117.7;76.6;26.2;4.5;10.4;1.9;0.59;0.23;0.3;0.79;0.8;0.115;41.7;6.82;3.29;2.09;0.36;1.24;4.37;84.3;62.5;10.5;2.5;8.7;0.41;0.2;0.09;0.11
9;100;0;100;50;21.39;4.07;11.7;3.37;3.34;0.222;56.9;15.06;8.13;4.12;0.69;2.26;6.18;117.3;74.8;25.7;4.5;12.4;1.89;0.88;0.23;0.34;1.19;1.23;0.12;43.1;10.09;4.87;3.1;0.5;1.81;5.51;88.8;63.9;10.2;3.6;11;0.63;0.32;0.12;0.16
9;100;0;100;100;21.39;4.5;13.3;3.56;3.62;0.231;55.2;15.69;8.53;4.25;0.72;2.36;7.18;118;74.2;24.7;4.7;14.4;1.86;1.18;0.24;0.33;1.53;1.52;0.122;44.8;12.37;5.94;3.77;0.69;2.14;6.12;95.9;64.3;15.1;4.3;12.2;0.78;0.42;0.13;0.2
9;100;50;0;0;17.31;3.47;10.11;4.04;4.08;0.231;41.6;17.67;9.6;4.85;0.84;2.69;5.4;114.8;79.5;19.2;5.4;10.8;2.85;0.57;0.27;0.39;0.59;0.6;0.124;58.4;4.7;2.24;1.43;0.27;0.78;4.71;161.7;141;9.8;1.6;9.4;0.19;0.27;0.05;0.08
9;100;50;0;50;17.03;3.77;10.66;4.34;4.41;0.239;40.8;18.48;10.15;4.96;0.84;2.83;5.83;115;79.4;18.3;5.7;11.7;2.88;0.83;0.28;0.41;0.73;0.75;0.136;59.2;5.42;2.69;1.61;0.29;0.95;4.84;167.1;141.1;14.5;1.9;9.7;0.21;0.4;0.06;0.09
9;100;50;0;100;16.91;3.97;11.35;4.66;4.71;0.245;40.7;19.23;10.67;5.09;0.86;2.87;6.14;115.2;79.7;17.6;5.7;12.3;2.9;1.1;0.29;0.42;0.89;0.96;0.15;59.3;6.32;3.13;1.86;0.34;1.1;5.21;167.8;140.6;14.6;2.2;10.4;0.21;0.58;0.07;0.1
9;100;50;50;0;19.44;3.94;11.17;4.17;4.21;0.226;48.4;18.7;10.11;5.06;0.87;2.86;6.06;117.9;76.9;23.1;5.7;12.1;2.79;0.73;0.29;0.41;0.78;0.76;0.122;51.6;6.08;2.95;1.83;0.35;1.08;5.11;125.7;103.8;9.4;2.2;10.2;0.33;0.26;0.07;0.1
9;100;50;50;50;19.41;4.42;12.61;4.59;4.59;0.235;47.1;19.55;10.78;5.15;0.94;2.97;6.83;118.2;76.3;22.3;5.9;13.7;2.8;1.06;0.31;0.42;1.05;1.07;0.128;52.9;8.23;4.05;2.52;0.41;1.45;5.78;132.9;104.6;13.8;2.9;11.6;0.46;0.38;0.1;0.13
9;100;50;50;100;19.21;4.8;13.72;4.86;4.89;0.246;48.2;19.91;11.06;5.25;0.85;3.02;7.22;127.1;74.7;31.9;6;14.4;2.71;1.45;0.31;0.42;1.39;1.41;0.133;51.8;10.49;5.16;3.14;0.54;1.78;6.5;136.5;106.6;13.4;3.6;13;0.61;0.51;0.12;0.17
9;100;50;100;0;21.63;4.26;12.35;4.36;4.46;0.227;58.1;19.68;10.65;5.48;0.91;2.99;6.63;120.9;74.9;26.8;6;13.3;2.72;1.01;0.31;0.42;0.86;0.86;0.12;41.9;7.08;3.41;2.18;0.34;1.27;5.72;87.2;63.8;9.3;2.5;11.4;0.42;0.26;0.08;0.11
9;100;50;100;50;22;4.99;14.1;4.76;4.82;0.234;58.4;20.66;11.26;5.48;0.98;3.15;7.59;134.2;72.7;40;6.3;15.2;2.65;1.41;0.32;0.44;1.22;1.28;0.125;41.6;10.15;4.93;3.09;0.55;1.83;6.51;95.5;65.4;13.4;3.7;13;0.63;0.37;0.12;0.16
9;100;50;100;100;21.82;5.47;15.43;5.21;5.19;0.244;57.6;21.3;11.85;5.64;0.94;3.23;8.26;133.3;71.9;38.5;6.5;16.5;2.62;1.79;0.34;0.44;1.6;1.64;0.13;42.4;12.57;6.08;3.8;0.69;2.25;7.17;98.1;66.1;13.2;4.5;14.3;0.79;0.51;0.15;0.2
9;100;100;0;0;17.47;4.12;11.43;4.96;5.05;0.236;43.3;21.41;11.76;5.71;0.99;3.29;6.08;126.1;77.5;29.9;6.6;12.2;3.31;0.94;0.35;0.45;0.66;0.64;0.133;56.7;4.65;2.33;1.36;0.26;0.82;5.34;165.2;144.4;8.5;1.6;10.7;0.19;0.32;0.06;0.07
9;100;100;0;50;17.2;4.3;12.28;5.21;5.4;0.245;42.4;22.03;12.16;5.91;0.95;3.32;6.52;125.4;77.6;28.1;6.6;13;3.33;1.26;0.33;0.47;0.82;0.85;0.151;57.6;5.58;2.79;1.68;0.31;0.98;5.76;170.7;144.2;13;2;11.5;0.21;0.5;0.06;0.08
9;100;100;0;100;16.64;4.45;12.33;5.67;5.67;0.253;42.2;22.41;12.71;5.69;1.02;3.4;6.59;124.2;78;26.2;6.8;13.2;3.34;1.51;0.35;0.47;1.07;1.07;0.169;57.8;6.22;3.19;1.79;0.31;1.05;5.74;170.1;143.5;13;2.1;11.5;0.21;0.69;0.07;0.1
9;100;100;50;0;19.6;4.44;12.98;5.2;5.29;0.235;50.4;22.57;12.26;6.12;0.99;3.35;6.97;130.9;74.9;35.4;6.7;13.9;3.22;1.23;0.35;0.48;0.87;0.82;0.129;49.6;6.3;3.13;1.9;0.31;1.09;6.01;128.8;106.3;8.2;2.2;12;0.33;0.31;0.07;0.1
9;100;100;50;50;19.64;4.81;14.04;5.68;5.64;0.242;48.9;23.28;12.8;6.24;1.02;3.38;7.53;130;73.6;34.6;6.8;15.1;3.19;1.61;0.36;0.48;1.12;1.15;0.137;51.1;8.31;4.07;2.52;0.41;1.43;6.51;135.9;108;12;2.9;13;0.47;0.45;0.09;0.13
9;100;100;50;100;19.45;5.28;15.23;6.06;6.15;0.259;48.4;23.77;13.32;6.23;1.04;3.47;8.24;129.5;72.9;33.2;6.9;16.5;3.16;2.13;0.35;0.5;1.49;1.52;0.145;51.6;10.4;5.14;3.11;0.58;1.81;6.99;138.2;108.9;11.8;3.6;14;0.6;0.62;0.13;0.17
9;100;100;100;0;21.88;4.93;14.02;5.34;5.49;0.231;60.1;23.82;12.98;6.42;1.08;3.68;7.48;135.5;71.3;41.8;7.4;15;3.07;1.51;0.38;0.52;0.95;0.93;0.126;39.9;7.26;3.54;2.27;0.38;1.25;6.54;89.9;66.5;7.8;2.5;13.1;0.43;0.29;0.08;0.12
9;100;100;100;50;22.05;5.54;15.68;5.89;5.92;0.24;58.2;24.66;13.59;6.56;1.13;3.73;8.42;135.2;69.8;41.1;7.5;16.8;3.03;1.95;0.41;0.53;1.43;1.37;0.131;41.8;10.3;5.06;3.11;0.56;1.8;7.26;97.1;67.6;11.4;3.6;14.5;0.65;0.44;0.12;0.16
9;100;100;100;100;21.98;5.83;16.82;6.4;6.48;0.259;57.2;25.05;14.09;6.42;1.17;3.68;8.98;133.7;68.3;40;7.4;18;2.93;2.65;0.38;0.52;1.75;1.76;0.137;42.8;12.72;6.16;3.85;0.67;2.15;7.84;100;68.8;11.2;4.3;15.7;0.82;0.6;0.14;0.21
10;0;0;0;0;14.04;1.78;5.09;1.61;1.62;0.202;53.3;7.99;4.27;2.18;0.41;1.28;2.72;180.1;150.7;21.4;2.6;5.4;0.83;0.48;0.13;0.18;0.31;0.34;0.105;46.7;2.95;1.36;0.94;0.15;0.49;2.37;157.6;148.2;3.7;1;4.7;0.19;0.08;0.03;0.04
10;0;0;0;50;13.46;1.88;5.26;1.79;1.77;0.215;53.1;8.23;4.47;2.22;0.36;1.28;2.87;178.9;150.6;20;2.6;5.7;0.83;0.62;0.13;0.19;0.41;0.38;0.108;46.9;3.29;1.59;1.01;0.19;0.6;2.4;158.1;148.3;3.8;1.2;4.8;0.2;0.09;0.04;0.05
10;0;0;0;100;13.16;1.88;5.68;1.95;1.94;0.222;52.5;8.72;4.65;2.43;0.43;1.27;3.1;177.9;149.9;19.3;2.5;6.2;0.83;0.78;0.13;0.19;0.42;0.45;0.116;47.5;3.62;1.72;1.12;0.19;0.61;2.58;160.8;148.9;5.6;1.2;5.2;0.21;0.14;0.04;0.06
10;0;0;50;0;15.94;2.17;6.16;1.75;1.7;0.198;60.6;8.58;4.59;2.44;0.35;1.37;3.39;182.3;148.2;24.6;2.7;6.8;0.81;0.54;0.14;0.2;0.5;0.53;0.112;39.4;4.56;2.13;1.47;0.24;0.8;2.77;118.2;107.4;3.7;1.6;5.5;0.33;0.07;0.05;0.08
10;0;0;50;50;16.01;2.58;7.28;1.98;1.96;0.209;59.6;9.37;5.03;2.52;0.46;1.5;3.92;179.8;144.9;24.1;3;7.8;0.79;0.79;0.17;0.21;0.73;0.69;0.113;40.4;6.06;2.92;1.93;0.31;1.08;3.36;122;109.4;3.6;2.2;6.7;0.45;0.08;0.07;0.1
10;0;0;50;100;16.03;2.96;8.39;2.21;2.24;0.223;58.5;10.06;5.46;2.74;0.47;1.55;4.51;178.3;142.8;23.4;3.1;9;0.79;1.06;0.17;0.22;0.95;0.93;0.116;41.5;7.93;3.75;2.46;0.38;1.41;3.88;126.7;110.7;5.4;2.8;7.8;0.59;0.13;0.09;0.13
10;0;0;100;0;18.15;2.41;6.99;1.8;1.77;0.193;70.3;9.17;4.85;2.56;0.43;1.43;3.73;184.1;145.2;28.6;2.9;7.5;0.78;0.63;0.15;0.21;0.6;0.62;0.112;29.7;5.36;2.55;1.72;0.27;0.98;3.26;77.7;65.5;3.7;2;6.5;0.4;0.07;0.06;0.09
10;0;0;100;50;18.63;3.06;8.92;2.2;2.14;0.203;68.9;10.51;5.61;2.96;0.52;1.61;4.8;181.6;140.4;28.4;3.2;9.6;0.76;0.97;0.16;0.25;0.92;0.92;0.114;31.2;8.02;3.85;2.46;0.41;1.45;4.12;82.1;67.4;3.6;2.9;8.2;0.62;0.09;0.1;0.12
10;0;0;100;100;18.62;3.56;10.22;2.53;2.53;0.218;67.4;11.56;6.16;3.17;0.52;1.77;5.6;179.2;136.9;27.6;3.5;11.2;0.75;1.34;0.19;0.25;1.13;1.18;0.116;32.6;10.05;4.78;3.13;0.52;1.79;4.62;86.7;68.7;5.2;3.6;9.2;0.77;0.13;0.12;0.16
10;0;50;0;0;13.77;1.99;5.57;1.86;1.89;0.206;52.6;9.15;4.89;2.53;0.45;1.45;3.03;177.7;147.1;21.6;2.9;6.1;0.82;0.7;0.16;0.21;0.31;0.34;0.105;47.4;2.88;1.35;0.9;0.16;0.54;2.53;160.2;151.3;2.8;1.1;5.1;0.19;0.07;0.04;0.04
10;0;50;0;50;13.33;2.03;5.93;2.22;2.15;0.219;52;9.82;5.39;2.64;0.46;1.45;3.2;175.3;145.4;20.6;2.9;6.4;0.85;0.93;0.15;0.23;0.38;0.39;0.113;48;3.22;1.54;0.98;0.18;0.58;2.73;162.1;152.7;2.7;1.2;5.5;0.21;0.1;0.03;0.05
10;0;50;0;100;12.91;2.1;6.18;2.53;2.46;0.234;51.2;10.54;5.82;2.85;0.46;1.53;3.33;173.2;143.9;19.6;3.1;6.7;0.83;1.23;0.17;0.24;0.45;0.44;0.122;48.8;3.33;1.62;0.99;0.18;0.58;2.85;165.1;154.1;4.1;1.2;5.7;0.2;0.15;0.03;0.05
10;0;50;50;0;16.07;2.42;6.94;2.05;2.06;0.2;59.7;10.27;5.42;2.93;0.49;1.61;3.83;179.5;143;25.6;3.2;7.7;0.8;0.86;0.18;0.23;0.51;0.52;0.112;40.3;4.44;2.15;1.35;0.24;0.81;3.12;121.1;110.6;2.7;1.6;6.2;0.33;0.06;0.05;0.07
10;0;50;50;50;16.18;2.82;8.15;2.5;2.43;0.214;58.4;11.36;6.07;3.15;0.54;1.67;4.43;176.3;139;25;3.3;8.9;0.78;1.2;0.19;0.26;0.69;0.74;0.117;41.6;6.25;2.97;1.9;0.32;1.14;3.72;125.5;113.1;2.6;2.3;7.4;0.47;0.09;0.08;0.1
10;0;50;50;100;16.07;3.23;9.3;2.9;2.82;0.237;58.7;11.92;6.59;3.17;0.5;1.78;5;185.6;135.8;36.2;3.6;10;0.77;1.61;0.19;0.25;0.95;0.98;0.12;41.3;8.09;3.9;2.52;0.43;1.45;4.29;130.4;115.1;3.8;2.9;8.6;0.62;0.13;0.1;0.13
10;0;50;100;0;18.53;2.69;8.21;2.31;2.36;0.2;69;11.77;6.1;3.36;0.61;1.74;4.42;179.5;137.6;29.6;3.5;8.8;0.77;1.13;0.18;0.28;0.66;0.64;0.113;31;5.48;2.58;1.75;0.28;0.96;3.79;80.6;68.4;2.7;1.9;7.6;0.42;0.07;0.07;0.08
10;0;50;100;50;18.83;3.52;9.86;2.81;2.77;0.217;69.2;12.78;6.89;3.44;0.63;2.02;5.27;191.1;132.8;43.7;4;10.5;0.74;1.53;0.21;0.28;0.95;0.99;0.117;30.8;8.38;4.03;2.58;0.43;1.5;4.59;85;70.2;2.6;3;9.2;0.66;0.09;0.1;0.13
10;0;50;100;100;19.02;3.88;11.19;3.33;3.24;0.234;67.8;13.85;7.65;3.66;0.67;2.05;6.1;188.1;128.6;43.3;4.1;12.2;0.72;1.99;0.21;0.31;1.16;1.21;0.118;32.2;10.15;4.83;3.14;0.54;1.83;5.09;89.2;71.8;3.5;3.7;10.2;0.81;0.13;0.12;0.16
10;0;100;0;0;13.82;2.23;6.26;2.32;2.32;0.21;52.9;11.07;5.92;3.02;0.53;1.78;3.42;185.2;141.2;33.6;3.6;6.8;0.8;1.07;0.19;0.25;0.35;0.33;0.105;47.1;2.8;1.33;0.86;0.15;0.44;2.84;164.9;156.5;1.9;0.9;5.7;0.2;0.06;0.03;0.04
10;0;100;0;50;13.35;2.29;6.46;2.78;2.69;0.232;52.4;11.58;6.45;3.05;0.53;1.77;3.52;182.6;139.8;32.3;3.5;7;0.82;1.42;0.19;0.25;0.36;0.38;0.115;47.6;3.04;1.46;0.95;0.16;0.52;2.94;166.3;157.7;1.6;1;5.9;0.21;0.09;0.04;0.05
10;0;100;0;100;12.9;2.35;6.7;3.02;3.08;0.255;51.6;12.08;6.76;3.15;0.5;1.77;3.68;179.6;138.2;30.5;3.5;7.4;0.8;1.83;0.19;0.26;0.46;0.44;0.122;48.4;3.38;1.62;1.05;0.16;0.57;3.02;168.8;159.1;2.6;1.1;6;0.23;0.12;0.04;0.05
10;0;100;50;0;16.28;2.65;7.86;2.62;2.61;0.212;59.8;12.32;6.61;3.41;0.61;1.86;4.19;187.3;135.8;39.4;3.7;8.4;0.78;1.37;0.2;0.27;0.56;0.53;0.113;40.2;4.49;2.19;1.42;0.24;0.8;3.67;125.7;115.1;1.7;1.6;7.3;0.35;0.06;0.05;0.07
10;0;100;50;50;16.33;3.12;8.96;3.09;3.08;0.229;58.8;13.43;7.29;3.67;0.6;2.04;4.85;184.6;132.1;38.7;4.1;9.7;0.77;1.8;0.22;0.29;0.72;0.73;0.118;41.2;6.11;2.93;1.89;0.35;1.08;4.11;129.5;117.4;1.6;2.2;8.2;0.48;0.09;0.07;0.1
10;0;100;50;100;16.48;3.56;10.08;3.7;3.71;0.261;57.5;14.22;8.08;3.68;0.6;2.1;5.53;181.7;128.2;38.2;4.2;11.1;0.75;2.44;0.23;0.29;0.95;0.98;0.119;42.5;8.11;3.92;2.52;0.45;1.46;4.56;134.3;119.8;2.4;2.9;9.1;0.64;0.11;0.1;0.13
10;0;100;100;0;19.09;3.27;9.32;3.09;3.03;0.208;69.5;14.57;7.76;4.07;0.68;2.29;5.06;190.6;128.9;46.9;4.6;10.1;0.75;1.72;0.24;0.32;0.61;0.63;0.113;30.5;5.45;2.58;1.72;0.3;0.98;4.26;83.7;71.7;1.6;2;8.5;0.44;0.05;0.06;0.08
10;0;100;100;50;19.35;3.79;11.22;3.48;3.46;0.226;67.8;15.3;8.32;4.22;0.68;2.25;6.02;186.5;124.3;45.6;4.5;12;0.73;2.18;0.22;0.33;0.98;1;0.117;32.2;8.47;4.09;2.63;0.46;1.54;5.2;88.4;73.4;1.6;3.1;10.4;0.69;0.08;0.1;0.13
10;0;100;100;100;19.49;4.25;12.16;4.28;4.32;0.26;66.3;16.6;9.29;4.35;0.71;2.38;6.58;182.3;118.8;45.6;4.8;13.2;0.7;3.02;0.26;0.35;1.2;1.22;0.117;33.7;10.29;4.98;3.19;0.51;1.87;5.58;92.5;75.5;2.2;3.7;11.2;0.84;0.1;0.12;0.16
10;50;0;0;0;15.66;2.29;6.49;2.4;2.4;0.222;48.2;10.86;5.88;2.99;0.48;1.69;3.55;147.3;115.8;21;3.4;7.1;1.52;0.46;0.18;0.24;0.38;0.4;0.109;51.8;3.45;1.6;1.11;0.18;0.6;2.94;158.6;144.9;6.6;1.2;5.9;0.18;0.13;0.04;0.05
10;50;0;0;50;15.13;2.47;6.88;2.56;2.57;0.23;48;11.19;6.15;3;0.52;1.75;3.73;146.6;116;19.7;3.5;7.5;1.54;0.61;0.18;0.24;0.49;0.48;0.112;52;4.03;1.95;1.24;0.23;0.71;3.15;159.1;144.7;6.7;1.4;6.3;0.2;0.16;0.05;0.07
10;50;0;0;100;14.63;2.58;7.35;2.64;2.75;0.235;47.3;11.71;6.37;3.18;0.55;1.79;4.03;146.2;116.1;18.5;3.6;8.1;1.53;0.76;0.2;0.25;0.59;0.6;0.128;52.7;4.6;2.23;1.38;0.25;0.79;3.33;162.8;144.5;10;1.6;6.7;0.2;0.28;0.05;0.08
10;50;0;50;0;17.63;2.61;7.65;2.51;2.48;0.217;55.4;11.48;6.15;3.22;0.53;1.76;4.16;149.9;113.8;24.3;3.5;8.3;1.51;0.53;0.17;0.27;0.58;0.57;0.113;44.6;4.88;2.31;1.52;0.26;0.86;3.49;120.5;105.2;6.6;1.7;7;0.31;0.12;0.06;0.08
10;50;0;50;50;17.72;3.01;8.84;2.65;2.7;0.224;54.6;12.06;6.44;3.38;0.55;1.77;4.79;148.9;112.3;23.5;3.5;9.6;1.48;0.76;0.19;0.27;0.78;0.79;0.114;45.4;6.77;3.29;2.09;0.36;1.24;4.05;123.7;106.4;6.6;2.5;8.1;0.44;0.16;0.08;0.11
10;50;0;50;100;17.34;3.4;9.93;2.92;2.93;0.233;53.5;12.56;6.8;3.43;0.61;1.86;5.43;148.2;111.3;22.3;3.7;10.9;1.45;1.01;0.2;0.27;1.08;1.09;0.121;46.5;8.87;4.24;2.75;0.45;1.54;4.5;128.9;107.3;9.6;3.1;9;0.58;0.26;0.1;0.15
10;50;0;100;0;19.63;2.94;8.32;2.56;2.53;0.213;65.4;11.92;6.49;3.25;0.56;1.9;4.53;152.3;111.7;27.7;3.8;9.1;1.46;0.61;0.2;0.27;0.69;0.69;0.113;34.6;5.95;2.81;1.86;0.33;1.05;3.8;80.5;64.1;6.6;2.1;7.6;0.4;0.13;0.07;0.09
10;50;0;100;50;19.83;3.61;10.33;2.82;2.82;0.218;63.9;12.98;6.96;3.58;0.61;2.02;5.59;150.5;107.9;27.4;4;11.2;1.39;0.94;0.2;0.29;0.97;1.01;0.114;36.1;8.77;4.22;2.7;0.48;1.59;4.74;84.8;66;6.2;3.2;9.5;0.62;0.15;0.1;0.14
10;50;0;100;100;19.9;4.09;11.65;3.21;3.22;0.229;62.2;14.05;7.69;3.74;0.65;2.14;6.27;149.5;105.9;26.7;4.3;12.5;1.41;1.27;0.23;0.31;1.25;1.31;0.119;37.8;10.88;5.21;3.42;0.58;1.96;5.38;90.8;67.1;9;3.9;10.8;0.77;0.24;0.13;0.17
10;50;50;0;0;15.73;2.73;7.95;3.29;3.23;0.228;47.9;14.2;7.75;3.85;0.64;2.13;4.31;148;113.9;21.3;4.3;8.6;2;0.69;0.22;0.32;0.44;0.43;0.113;52.1;3.54;1.66;1.12;0.17;0.6;3.64;161.4;147.1;5.8;1.2;7.3;0.19;0.14;0.04;0.06
10;50;50;0;50;15.26;2.98;8.35;3.53;3.54;0.236;47.4;15.02;8.26;4;0.68;2.26;4.52;146.8;113.1;20.2;4.5;9;2.03;0.95;0.25;0.32;0.53;0.51;0.124;52.6;3.93;1.94;1.2;0.22;0.71;3.82;162.7;148.1;5.6;1.4;7.6;0.19;0.21;0.05;0.06
10;50;50;0;100;14.92;3.04;8.59;3.85;3.72;0.245;46.7;15.19;8.54;3.89;0.67;2.25;4.76;145.9;112.8;19.1;4.5;9.5;1.96;1.19;0.23;0.33;0.7;0.66;0.138;53.3;4.64;2.33;1.37;0.24;0.79;3.83;166.3;148.4;8.7;1.6;7.7;0.22;0.32;0.05;0.07
10;50;50;50;0;17.76;3.26;9.24;3.35;3.38;0.223;54.6;15.21;8.23;4.12;0.69;2.35;4.93;149.4;110;24.8;4.7;9.9;1.95;0.85;0.25;0.33;0.61;0.59;0.115;45.4;5;2.46;1.53;0.26;0.91;4.3;124.1;108.3;5.4;1.8;8.6;0.33;0.13;0.06;0.08
10;50;50;50;50;17.7;3.64;10.22;3.67;3.66;0.231;53.8;15.88;8.74;4.22;0.73;2.46;5.5;148;107.8;24.3;4.9;11;1.87;1.17;0.26;0.35;0.82;0.83;0.121;46.2;6.79;3.21;2.13;0.36;1.18;4.72;127.2;110.1;5.3;2.4;9.4;0.45;0.19;0.09;0.1
10;50;50;50;100;17.75;3.92;11.46;4.06;4.01;0.246;54.4;16.34;9.09;4.27;0.77;2.38;6.14;158.5;106.5;35;4.8;12.3;1.85;1.57;0.25;0.34;1.09;1.13;0.127;45.6;8.83;4.24;2.77;0.49;1.54;5.32;133;111.2;8.1;3.1;10.6;0.59;0.3;0.1;0.14
10;50;50;100;0;19.86;3.61;10.15;3.48;3.52;0.221;64.4;15.97;8.58;4.33;0.8;2.44;5.51;151.4;107;28.6;4.9;11;1.85;1.08;0.25;0.35;0.64;0.7;0.115;35.6;5.97;2.89;1.87;0.32;1.17;4.64;83.5;66.5;5.4;2.3;9.3;0.41;0.13;0.08;0.08
10;50;50;100;50;20.03;4.1;12.02;3.89;3.93;0.231;65.5;17.01;9.24;4.63;0.73;2.57;6.51;164.8;104.6;42;5.1;13;1.86;1.45;0.26;0.37;1.07;1.06;0.119;34.5;8.85;4.17;2.79;0.48;1.53;5.51;86.9;67.7;5.1;3.1;11;0.63;0.19;0.1;0.14
10;50;50;100;100;20.53;4.63;13.24;4.46;4.36;0.243;63.4;17.98;9.95;4.78;0.83;2.61;7.09;162.5;101.2;41.9;5.2;14.2;1.76;1.95;0.27;0.39;1.34;1.38;0.124;36.6;11.02;5.43;3.28;0.59;2.02;6.16;93.6;69.4;7.9;4;12.3;0.78;0.3;0.13;0.18
10;50;100;0;0;15.79;3.32;9.38;4.16;4.15;0.234;49.1;17.79;9.69;4.84;0.82;2.74;5.03;159.1;110.9;32.7;5.5;10.1;2.46;1.03;0.29;0.37;0.42;0.44;0.12;50.9;3.4;1.64;1.06;0.17;0.58;4.35;164.9;150.7;4.4;1.2;8.7;0.19;0.16;0.04;0.05
10;50;100;0;50;15.18;3.48;9.66;4.56;4.51;0.246;48.4;18.35;10.28;4.78;0.82;2.78;5.34;157.4;110.6;30.6;5.6;10.7;2.45;1.37;0.29;0.4;0.6;0.57;0.137;51.6;3.96;2.01;1.16;0.2;0.7;4.32;167.9;150.9;6.9;1.4;8.6;0.2;0.25;0.05;0.06
10;50;100;0;100;14.92;3.54;10.04;4.81;4.92;0.26;47.8;18.96;10.63;4.92;0.87;2.83;5.51;155.6;109.3;29.6;5.7;11;2.45;1.78;0.28;0.41;0.65;0.66;0.148;52.2;4.32;2.16;1.29;0.22;0.71;4.53;169.8;152.5;6.9;1.4;9.1;0.21;0.34;0.05;0.06
10;50;100;50;0;18.08;3.83;10.84;4.39;4.42;0.233;56;19.01;10.33;5.17;0.86;2.94;5.8;162.3;106.8;38;5.9;11.6;2.38;1.32;0.32;0.4;0.66;0.66;0.122;44;5.26;2.53;1.64;0.27;0.9;5.04;127.4;111;4.5;1.8;10.1;0.34;0.16;0.06;0.09
10;50;100;50;50;18.01;4.11;11.93;4.7;4.77;0.242;54.7;19.71;10.75;5.28;0.89;2.86;6.49;160.3;104.4;37.2;5.7;13;2.32;1.74;0.3;0.42;0.86;0.89;0.127;45.3;6.92;3.33;2.15;0.34;1.26;5.44;132.9;113;6.5;2.5;10.9;0.47;0.24;0.08;0.11
10;50;100;50;100;18.01;4.66;12.95;5.37;5.34;0.263;53.5;20.3;11.59;5.18;0.86;2.97;6.93;157.5;101.8;35.9;5.9;13.9;2.27;2.33;0.32;0.42;1.17;1.21;0.13;46.5;9.19;4.46;2.81;0.47;1.69;6.02;137;115.2;6.5;3.4;12;0.64;0.32;0.11;0.15
10;50;100;100;0;20.67;4.24;12.1;4.88;4.72;0.227;65.7;20.79;11.52;5.51;0.96;3.17;6.59;166.2;101.4;45.3;6.3;13.2;2.28;1.65;0.33;0.47;0.72;0.75;0.121;34.3;6.11;2.88;1.94;0.33;1.07;5.51;86.8;69.3;4.3;2.1;11;0.43;0.15;0.07;0.1
10;50;100;100;50;20.64;4.8;13.68;5;5.05;0.239;63.9;21.12;11.67;5.62;0.96;3.2;7.35;164.1;98.9;44.1;6.4;14.7;2.17;2.09;0.34;0.45;1.11;1.13;0.124;36.1;8.99;4.29;2.8;0.49;1.6;6.33;92.6;70.6;6.2;3.2;12.7;0.65;0.23;0.11;0.14
10;50;100;100;100;20.78;5.17;14.9;5.76;5.78;0.262;62.7;22.04;12.49;5.63;0.99;3.2;8.03;161.1;95.4;43.3;6.4;16.1;2.12;2.87;0.32;0.46;1.36;1.42;0.126;37.3;11.18;5.38;3.46;0.6;1.96;6.88;95.9;72.3;5.9;3.9;13.8;0.82;0.29;0.13;0.18
10;100;0;0;0;17.26;2.71;7.81;3.01;3.05;0.232;41;13.18;7.1;3.61;0.63;1.98;4.18;111.5;78.9;20.3;4;8.4;2.12;0.44;0.21;0.28;0.44;0.48;0.113;59;4.06;1.93;1.29;0.17;0.73;3.63;160.6;141.9;9.9;1.5;7.3;0.18;0.18;0.05;0.07
10;100;0;0;50;16.92;2.88;8.41;3.23;3.21;0.237;41.1;13.55;7.49;3.61;0.59;2;4.58;111.8;79.5;19.1;4;9.2;2.12;0.59;0.21;0.29;0.61;0.61;0.12;58.9;4.97;2.39;1.53;0.28;0.87;3.82;160.2;140.9;9.9;1.7;7.6;0.2;0.28;0.05;0.08
10;100;0;0;100;16.61;3.17;8.9;3.42;3.42;0.242;40.3;14.17;7.89;3.67;0.66;2.17;4.71;111.6;79.9;17.9;4.3;9.4;2.15;0.74;0.23;0.3;0.8;0.78;0.133;59.7;5.79;2.82;1.76;0.32;1;4.19;165.6;140.2;15;2;8.4;0.19;0.43;0.06;0.1
10;100;0;50;0;19.41;3.07;8.87;3.14;3.1;0.226;48.1;13.77;7.52;3.71;0.63;2.09;4.73;114.5;77;23.9;4.2;9.5;2.07;0.53;0.21;0.3;0.59;0.64;0.115;51.9;5.49;2.6;1.71;0.3;0.99;4.14;123.7;103.8;9.7;2;8.3;0.31;0.18;0.07;0.08
10;100;0;50;50;19.33;3.54;10.2;3.35;3.35;0.233;47.9;14.45;7.86;3.89;0.7;2.16;5.45;115.4;77.1;23.1;4.3;10.9;2.08;0.73;0.22;0.32;0.93;0.92;0.12;52.1;7.63;3.73;2.33;0.41;1.38;4.76;125.6;103.7;9.7;2.8;9.5;0.42;0.28;0.1;0.13
10;100;0;50;100;19.11;4.06;11.34;3.67;3.61;0.24;46.5;15.04;8.37;3.95;0.67;2.29;6.14;115.3;76.5;21.9;4.6;12.3;2.06;0.98;0.25;0.32;1.18;1.23;0.125;53.5;9.8;4.78;2.96;0.54;1.77;5.2;132.6;104.4;14.3;3.5;10.4;0.56;0.4;0.12;0.16
10;100;0;100;0;21.25;3.35;9.62;3.29;3.22;0.221;58.5;14.59;7.95;3.9;0.68;2.24;5.2;118;75.7;27.4;4.5;10.4;2.04;0.63;0.23;0.32;0.72;0.74;0.114;41.5;6.34;3.03;1.96;0.33;1.11;4.42;83.8;63.2;9.5;2.2;8.8;0.39;0.18;0.07;0.1
10;100;0;100;50;21.48;4.05;11.62;3.46;3.49;0.227;57.5;15.4;8.38;4.24;0.69;2.38;6.19;118.3;74.4;26.8;4.8;12.4;2.01;0.91;0.25;0.33;1.06;1.12;0.117;42.5;9.4;4.48;2.89;0.52;1.67;5.43;87.7;64.2;9.3;3.3;10.9;0.59;0.27;0.11;0.15
10;100;0;100;100;21.44;4.46;13.1;3.94;3.85;0.235;55.6;16.37;9.04;4.4;0.73;2.44;7.1;118.5;73.4;25.9;4.9;14.2;1.99;1.25;0.25;0.35;1.45;1.44;0.122;44.4;11.7;5.63;3.57;0.66;2.02;6;94.8;64.9;13.8;4;12;0.74;0.39;0.13;0.18
10;100;50;0;0;17.49;3.41;9.98;4.37;4.36;0.239;41.6;18.28;10.05;4.85;0.82;2.69;5.42;115.3;78.6;20.5;5.4;10.8;3.02;0.65;0.29;0.4;0.58;0.53;0.118;58.4;4.3;2.07;1.37;0.24;0.72;4.57;162.1;142.5;9;1.4;9.1;0.18;0.23;0.05;0.07
10;100;50;0;50;16.97;3.65;10.54;4.56;4.59;0.244;40.6;18.81;10.39;5.04;0.84;2.78;5.63;114.5;78.5;19.1;5.6;11.3;3.03;0.87;0.3;0.39;0.68;0.69;0.134;59.4;5.04;2.46;1.54;0.26;0.88;4.91;167.3;142.6;13.2;1.8;9.8;0.2;0.35;0.06;0.08
10;100;50;0;100;16.81;3.88;11.1;4.84;4.9;0.251;40.7;19.55;10.78;5.15;0.95;2.89;6;115.1;78.9;18.4;5.8;12;3.04;1.14;0.32;0.4;0.89;0.88;0.148;59.3;5.86;2.91;1.75;0.3;0.99;5.1;167.5;142;13.4;2;10.2;0.2;0.52;0.07;0.09
10;100;50;50;0;19.43;3.86;11.26;4.57;4.49;0.233;48.6;19.27;10.57;5.2;0.88;2.88;6.11;118.3;76.3;24;5.8;12.2;2.96;0.83;0.3;0.41;0.7;0.68;0.118;51.4;5.68;2.69;1.79;0.32;0.98;5.15;125.4;104.7;8.5;2;10.3;0.32;0.21;0.07;0.09
10;100;50;50;50;19.43;4.44;12.51;4.83;4.8;0.24;47.3;20.08;11.18;5.26;0.89;3.05;6.85;118.6;75.6;23.2;6.1;13.7;2.93;1.13;0.32;0.42;0.98;1;0.128;52.7;7.76;3.81;2.33;0.41;1.39;5.66;132.3;105.5;12.7;2.8;11.3;0.43;0.36;0.09;0.12
10;100;50;50;100;19.4;4.76;13.44;5.19;5.15;0.251;48.8;20.56;11.6;5.25;0.94;3.1;7.21;128.9;74;34.4;6.2;14.4;2.87;1.53;0.32;0.43;1.27;1.28;0.132;51.2;9.57;4.61;2.98;0.47;1.66;6.23;135.6;107.5;12.3;3.3;12.5;0.56;0.47;0.1;0.15
10;100;50;100;0;21.53;4.22;12.11;4.66;4.69;0.231;58.4;20.32;11.01;5.56;0.92;3.08;6.65;121.1;73.7;28;6.2;13.3;2.84;1.08;0.32;0.45;0.8;0.78;0.117;41.6;6.56;3.14;2.02;0.34;1.14;5.46;86.2;64.8;8.2;2.3;10.9;0.4;0.2;0.07;0.1
10;100;50;100;50;21.79;4.85;14;5.05;5.04;0.238;58.8;21.16;11.64;5.63;0.99;3.17;7.54;134.6;71.9;41.3;6.3;15.1;2.8;1.46;0.32;0.46;1.16;1.21;0.125;41.2;9.63;4.64;2.95;0.51;1.68;6.46;94.3;66.1;12;3.4;12.9;0.61;0.34;0.11;0.15
10;100;50;100;100;22.02;5.35;15.2;5.51;5.42;0.248;58;21.85;12.23;5.68;0.98;3.25;8.21;134;70.8;40.3;6.5;16.4;2.76;1.85;0.34;0.46;1.51;1.53;0.129;42;11.78;5.72;3.58;0.63;2.1;6.99;97;66.9;12;4.2;14;0.75;0.46;0.14;0.18
10;100;100;0;0;17.52;4.23;11.72;5.34;5.37;0.241;43.5;22.27;12.35;5.84;1.04;3.44;6.3;127.5;76.9;31.1;6.9;12.6;3.54;1;0.36;0.47;0.58;0.6;0.131;56.5;4.37;2.15;1.3;0.23;0.79;5.41;165.5;145.4;7.7;1.6;10.8;0.18;0.3;0.05;0.07
10;100;100;0;50;17.09;4.09;11.85;5.83;5.65;0.251;42.4;22.57;12.62;5.86;1.04;3.23;6.37;125.4;76.4;29.8;6.5;12.7;3.51;1.33;0.34;0.47;0.72;0.75;0.149;57.6;4.92;2.46;1.48;0.25;0.86;5.49;170.4;146.3;11.4;1.7;11;0.19;0.43;0.06;0.07
10;100;100;0;100;16.71;4.29;12.3;6.13;6.06;0.262;42.3;23.16;13.06;5.97;1.02;3.31;6.61;124.8;76.5;28.4;6.6;13.2;3.54;1.69;0.35;0.47;0.91;0.93;0.162;57.7;5.67;2.88;1.66;0.27;0.98;5.7;170.7;146.1;11.3;2;11.4;0.21;0.58;0.07;0.08
10;100;100;50;0;19.82;4.49;12.86;5.56;5.56;0.239;50.6;23.27;12.78;6.22;1.08;3.46;7;132.3;73.8;37.6;6.9;14;3.39;1.32;0.37;0.49;0.72;0.76;0.127;49.4;5.86;2.81;1.78;0.33;1.03;5.86;129;107.8;7.4;2.1;11.7;0.32;0.28;0.06;0.09
10;100;100;50;50;19.72;4.87;14.1;5.91;5.9;0.247;49.1;23.92;13.21;6.36;1.06;3.5;7.63;131;72.5;36.3;7;15.3;3.32;1.69;0.37;0.52;1.08;1.1;0.136;50.9;7.98;3.89;2.45;0.44;1.38;6.47;136.1;109.4;11;2.8;12.9;0.45;0.43;0.09;0.13
10;100;100;50;100;19.42;5.28;14.9;6.3;6.4;0.264;48.4;24.27;13.76;6.18;1.02;3.58;8.05;129.6;71.8;34.5;7.2;16.1;3.3;2.23;0.37;0.51;1.4;1.4;0.14;51.6;9.89;4.89;2.91;0.48;1.7;6.86;138;110.3;10.6;3.4;13.7;0.59;0.54;0.11;0.15
10;100;100;100;0;21.94;4.84;13.96;5.85;5.73;0.235;60.4;24.39;13.54;6.4;1.14;3.61;7.5;136.6;70.7;43.6;7.2;15;3.24;1.58;0.39;0.52;0.85;0.87;0.125;39.6;6.88;3.26;2.17;0.35;1.23;6.46;89.3;66.9;7;2.5;12.9;0.42;0.27;0.08;0.11
10;100;100;100;50;22.14;5.58;15.49;6.21;6.18;0.244;58.6;25.31;14.02;6.74;1.13;3.85;8.39;136.2;68.7;43;7.7;16.8;3.18;2.04;0.4;0.55;1.25;1.29;0.131;41.4;9.79;4.77;2.94;0.5;1.74;7.1;96.2;68.4;10.1;3.5;14.2;0.63;0.39;0.12;0.15
10;100;100;100;100;22.16;5.84;16.71;6.82;6.82;0.263;57.7;25.9;14.61;6.67;1.13;3.74;9.16;135.1;67.4;41.9;7.5;18.3;3.1;2.78;0.4;0.53;1.62;1.63;0.134;42.3;11.99;5.88;3.61;0.62;2.1;7.55;99;69.5;10.2;4.2;15.1;0.78;0.53;0.14;0.18
11;0;0;0;0;14.05;1.82;5.01;1.74;1.74;0.212;53.4;8.2;4.38;2.31;0.37;1.3;2.78;180.1;149.7;22.2;2.6;5.6;0.87;0.53;0.15;0.19;0.29;0.29;0.092;46.6;2.72;1.31;0.88;0.12;0.52;2.23;157.5;149;3;1;4.5;0.17;0.05;0.03;0.04
11;0;0;0;50;13.58;1.81;5.26;1.83;1.84;0.218;52.8;8.43;4.55;2.31;0.37;1.28;2.78;177.9;148.8;21;2.6;5.6;0.85;0.66;0.14;0.19;0.32;0.33;0.098;47.2;3.01;1.37;0.98;0.14;0.53;2.48;158.9;149.8;3.1;1.1;5;0.18;0.07;0.03;0.04
11;0;0;0;100;13.13;2;5.59;2.08;2.04;0.226;52.2;9.01;4.94;2.41;0.43;1.37;3.02;176.6;147.6;20.2;2.7;6;0.85;0.82;0.16;0.21;0.39;0.38;0.104;47.8;3.38;1.62;1.06;0.17;0.63;2.57;161.4;150.8;4.2;1.3;5.1;0.19;0.1;0.04;0.05
11;0;0;50;0;16.07;2.1;6.07;1.82;1.84;0.208;60.7;8.83;4.62;2.48;0.43;1.36;3.28;182.2;147.2;25.8;2.7;6.6;0.87;0.61;0.15;0.21;0.44;0.43;0.1;39.3;4.08;1.93;1.28;0.21;0.74;2.79;118;108;2.9;1.5;5.6;0.28;0.05;0.04;0.06
11;0;0;50;50;16.17;2.52;7.27;2.02;2.04;0.213;59.9;9.54;5.09;2.66;0.46;1.46;4.03;180.8;144.7;25.1;2.9;8.1;0.84;0.8;0.16;0.23;0.61;0.61;0.104;40.1;5.77;2.71;1.88;0.29;1.05;3.23;121.1;109.6;2.9;2.1;6.5;0.39;0.07;0.06;0.09
11;0;0;50;100;16.22;2.97;8.45;2.35;2.34;0.226;58.6;10.36;5.63;2.77;0.51;1.6;4.65;178.3;141.4;24.5;3.2;9.3;0.81;1.12;0.17;0.24;0.83;0.83;0.107;41.4;7.65;3.65;2.35;0.4;1.37;3.8;126.2;111.6;4.3;2.7;7.6;0.52;0.1;0.09;0.11
11;0;0;100;0;18.18;2.41;6.76;1.95;1.93;0.202;70.7;9.5;5.09;2.56;0.46;1.51;3.74;184.5;144.6;29.4;3;7.5;0.83;0.71;0.17;0.22;0.58;0.52;0.101;29.3;4.98;2.37;1.53;0.26;0.9;3.02;76.4;65.8;2.8;1.8;6;0.35;0.05;0.05;0.07
11;0;0;100;50;18.41;3.12;8.66;2.27;2.23;0.209;69.2;10.67;5.81;2.86;0.48;1.72;4.75;181.7;140;28.8;3.4;9.5;0.82;0.97;0.2;0.25;0.75;0.81;0.105;30.8;7.63;3.54;2.4;0.4;1.4;3.92;80.9;67.5;2.8;2.8;7.8;0.54;0.06;0.09;0.11
11;0;0;100;100;18.66;3.53;10.2;2.67;2.65;0.222;67.5;11.92;6.47;3.26;0.54;1.85;5.53;178.5;135.1;28.6;3.7;11.1;0.8;1.37;0.2;0.28;0.98;1.01;0.106;32.5;9.46;4.43;2.98;0.52;1.67;4.66;85.8;69.3;3.8;3.3;9.3;0.67;0.09;0.1;0.15
11;0;50;0;0;13.87;1.93;5.61;2.02;2.02;0.209;52.4;9.62;5.16;2.6;0.46;1.47;3.05;177.2;145.5;22.7;2.9;6.1;0.87;0.75;0.17;0.23;0.28;0.28;0.095;47.6;2.6;1.22;0.83;0.13;0.46;2.56;160.8;152.7;2;0.9;5.1;0.17;0.05;0.03;0.04
11;0;50;0;50;13.54;2.07;5.93;2.24;2.25;0.222;51.9;10.13;5.42;2.76;0.52;1.49;3.28;175.4;144.1;21.7;3;6.6;0.85;1;0.16;0.24;0.3;0.34;0.101;48.1;2.98;1.43;0.91;0.15;0.58;2.65;162.4;153.9;2;1.2;5.3;0.19;0.07;0.04;0.04
11;0;50;0;100;13.04;2.09;6.28;2.51;2.59;0.243;51.3;10.65;5.79;2.92;0.47;1.55;3.45;173.4;142.8;20.6;3.1;6.9;0.85;1.33;0.18;0.23;0.32;0.37;0.109;48.7;3.13;1.46;1;0.16;0.54;2.83;164.7;155.1;2.9;1.1;5.7;0.19;0.11;0.03;0.04
11;0;50;50;0;16.34;2.41;6.95;2.18;2.17;0.203;59.6;10.65;5.67;2.93;0.52;1.68;3.83;178.9;141.1;26.8;3.4;7.7;0.84;0.9;0.17;0.26;0.45;0.44;0.102;40.4;4.17;1.96;1.3;0.22;0.74;3.12;121.4;111.8;1.8;1.5;6.2;0.3;0.04;0.05;0.06
11;0;50;50;50;16.3;2.88;8.21;2.58;2.56;0.218;58.2;11.74;6.3;3.21;0.61;1.81;4.41;175.5;137;26.1;3.6;8.8;0.83;1.25;0.2;0.27;0.56;0.61;0.105;41.8;5.66;2.63;1.8;0.34;1.07;3.8;125.9;114.4;1.8;2.1;7.6;0.41;0.06;0.06;0.08
11;0;50;50;100;16.48;3.28;9.31;3.11;3.09;0.246;58.8;12.55;7.04;3.36;0.56;1.88;5.08;186.1;133.8;38.4;3.8;10.2;0.79;1.8;0.21;0.29;0.79;0.84;0.109;41.2;7.56;3.6;2.35;0.41;1.4;4.23;130.6;116.4;2.9;2.8;8.5;0.53;0.11;0.08;0.11
11;0;50;100;0;18.59;2.76;8.12;2.39;2.51;0.205;69.2;12.23;6.35;3.48;0.58;1.9;4.39;179.7;136.5;30.7;3.8;8.8;0.83;1.18;0.22;0.29;0.51;0.53;0.103;30.8;5.03;2.27;1.66;0.28;0.86;3.72;79.8;68.8;1.8;1.7;7.4;0.36;0.04;0.05;0.08
11;0;50;100;50;19.06;3.37;9.72;2.91;2.87;0.219;69.3;13.1;6.94;3.63;0.59;1.92;5.24;191.2;131.1;45.8;3.8;10.5;0.76;1.6;0.21;0.3;0.82;0.83;0.105;30.7;7.76;3.74;2.39;0.42;1.45;4.48;84.5;70.8;1.8;2.9;9;0.56;0.06;0.09;0.11
11;0;50;100;100;19.3;3.91;11.02;3.44;3.49;0.244;68;14.27;7.92;3.79;0.67;2.15;5.94;188.3;126.9;45.2;4.3;11.9;0.76;2.18;0.24;0.3;0.99;1.02;0.107;32;9.44;4.53;2.87;0.45;1.76;5.08;88.7;72.4;2.6;3.5;10.2;0.69;0.09;0.11;0.13
11;0;100;0;0;14.29;2.25;6.33;2.35;2.39;0.213;52.9;11.18;5.92;3.13;0.53;1.74;3.41;185.7;140.6;34.9;3.5;6.8;0.84;1.11;0.19;0.25;0.31;0.3;0.1;47.1;2.71;1.27;0.86;0.16;0.5;2.92;165.6;157;1.7;1;5.8;0.17;0.06;0.03;0.04
11;0;100;0;50;13.89;2.33;6.58;2.91;2.88;0.241;52.2;11.95;6.67;3.17;0.5;1.8;3.64;182.8;138.3;33.6;3.6;7.3;0.82;1.59;0.19;0.27;0.35;0.34;0.107;47.8;2.93;1.45;0.86;0.16;0.53;2.94;167.6;158.9;1.8;1.1;5.9;0.18;0.09;0.03;0.04
11;0;100;0;100;13.67;2.33;6.69;3.31;3.23;0.259;51.4;12.5;7.09;3.24;0.51;1.8;3.65;180.2;136.4;32.9;3.6;7.3;0.8;1.96;0.2;0.27;0.4;0.39;0.113;48.6;3.12;1.5;0.95;0.15;0.53;3.04;170.3;160.7;2.6;1.1;6.1;0.19;0.12;0.04;0.05
11;0;100;50;0;16.8;2.77;7.91;2.83;2.78;0.215;59.8;12.94;6.98;3.51;0.61;1.96;4.28;188.1;134.4;41.2;3.9;8.6;0.81;1.44;0.22;0.31;0.49;0.47;0.104;40.2;4.32;2.09;1.28;0.25;0.81;3.62;126.6;116;1.7;1.6;7.2;0.3;0.06;0.05;0.06
11;0;100;50;50;17.02;3.14;8.96;3.24;3.28;0.238;58.6;13.78;7.64;3.61;0.63;2.12;4.82;184.6;129.9;40.9;4.2;9.6;0.76;1.98;0.22;0.32;0.63;0.64;0.107;41.4;5.86;2.78;1.84;0.32;1.02;4.15;130.7;118.8;1.6;2;8.3;0.42;0.07;0.06;0.09
11;0;100;50;100;16.96;3.53;10.04;3.89;3.85;0.264;57.3;14.58;8.42;3.61;0.6;2.17;5.35;181.2;126.4;39.7;4.3;10.7;0.77;2.54;0.23;0.31;0.88;0.86;0.11;42.7;7.76;3.65;2.42;0.44;1.36;4.69;135.3;121;2.2;2.7;9.4;0.55;0.1;0.09;0.13
11;0;100;100;0;19.39;3.28;9.22;3.06;3.09;0.211;69.4;14.64;7.87;4;0.72;2.3;4.95;190.7;128.4;47.9;4.6;9.9;0.76;1.74;0.26;0.34;0.53;0.57;0.105;30.6;5.26;2.53;1.59;0.29;0.98;4.27;83.9;71.9;1.6;2;8.5;0.37;0.05;0.06;0.08
11;0;100;100;50;19.72;3.81;10.89;3.79;3.74;0.236;67.9;15.81;8.68;4.21;0.74;2.34;5.9;187;123.1;47.4;4.7;11.8;0.74;2.37;0.27;0.35;0.94;0.88;0.108;32.1;8.11;3.89;2.55;0.42;1.47;5;88.3;73.8;1.5;2.9;10;0.59;0.08;0.09;0.12
11;0;100;100;100;19.75;4.27;12.33;4.47;4.45;0.263;66.3;16.91;9.52;4.44;0.74;2.4;6.73;183;118.3;46.4;4.8;13.5;0.72;3.09;0.27;0.37;1.03;1.12;0.108;33.7;10.23;4.74;3.22;0.61;1.87;5.6;92.8;75.6;2.2;3.7;11.2;0.75;0.1;0.12;0.15
11;50;0;0;0;15.67;2.25;6.47;2.6;2.54;0.231;48.2;11.02;6.08;2.96;0.5;1.65;3.56;147.4;115.4;21.6;3.3;7.1;1.59;0.51;0.18;0.26;0.36;0.35;0.099;51.8;3.27;1.55;1.04;0.16;0.61;2.92;158.5;145.4;6;1.2;5.8;0.16;0.11;0.04;0.05
11;50;0;0;50;15.22;2.37;6.83;2.79;2.73;0.236;48;11.58;6.43;3.09;0.5;1.72;3.77;146.7;115.1;20.6;3.4;7.5;1.63;0.65;0.19;0.26;0.44;0.41;0.106;52;3.7;1.78;1.13;0.2;0.65;3.06;159;145.7;5.8;1.3;6.1;0.17;0.15;0.04;0.05
11;50;0;0;100;14.71;2.62;7.17;2.91;2.92;0.24;47.2;12.16;6.75;3.14;0.55;1.84;3.95;145.8;114.5;19.7;3.7;7.9;1.61;0.82;0.21;0.28;0.48;0.52;0.119;52.8;4.17;2.01;1.29;0.22;0.78;3.22;163.1;146.4;8.7;1.6;6.4;0.17;0.24;0.05;0.06
11;50;0;50;0;17.55;2.57;7.49;2.64;2.63;0.227;55.6;11.61;6.35;3.19;0.52;1.76;4.07;150;113.3;25;3.5;8.1;1.58;0.58;0.2;0.27;0.49;0.49;0.102;44.4;4.63;2.16;1.46;0.25;0.81;3.42;119.9;105.6;5.9;1.6;6.8;0.27;0.1;0.05;0.07
11;50;0;50;50;17.76;3.01;8.61;2.84;2.84;0.23;54.8;12.38;6.75;3.33;0.56;1.85;4.71;149.3;111.5;24.7;3.7;9.4;1.56;0.78;0.21;0.29;0.67;0.69;0.106;45.2;6.39;3.01;2.02;0.31;1.16;3.9;123;107.1;5.7;2.3;7.8;0.38;0.14;0.08;0.09
11;50;0;50;100;17.43;3.48;9.96;3.16;3.11;0.238;53.3;13.05;7.19;3.52;0.57;1.95;5.39;147.7;109.6;23.4;3.9;10.8;1.54;1.07;0.21;0.29;0.95;0.96;0.112;46.7;8.42;3.98;2.64;0.44;1.53;4.57;129.2;108.6;8.4;3.1;9.1;0.51;0.23;0.1;0.12
11;50;0;100;0;19.71;2.92;8.25;2.73;2.71;0.221;65.6;12.31;6.81;3.21;0.59;1.95;4.49;152.4;110.5;29;3.9;9;1.51;0.7;0.21;0.29;0.57;0.57;0.103;34.4;5.42;2.56;1.72;0.29;0.96;3.76;80;64.7;5.8;1.9;7.5;0.34;0.1;0.06;0.08
11;50;0;100;50;19.9;3.49;9.93;3.05;2.97;0.224;64.3;13.24;7.25;3.55;0.59;1.99;5.35;150.8;107.9;28.2;4;10.7;1.51;0.94;0.22;0.3;0.85;0.88;0.106;35.7;8.19;3.91;2.5;0.45;1.5;4.58;83.8;66.1;5.6;3;9.2;0.52;0.14;0.09;0.12
11;50;0;100;100;20.19;3.98;11.59;3.45;3.42;0.233;62.3;14.66;8.1;3.97;0.64;2.2;6.18;149.5;104.6;28.2;4.4;12.4;1.47;1.36;0.24;0.34;1.13;1.13;0.11;37.7;10.1;4.77;3.12;0.54;1.78;5.4;90.3;67.7;8.2;3.6;10.8;0.65;0.22;0.11;0.15
11;50;50;0;0;15.59;2.78;7.86;3.34;3.4;0.235;47.8;14.48;7.94;3.88;0.67;2.21;4.22;147.9;112.9;22.1;4.4;8.4;2.1;0.71;0.25;0.33;0.38;0.36;0.103;52.2;3.23;1.54;1.04;0.15;0.57;3.64;161.4;148.3;4.7;1.1;7.3;0.17;0.11;0.03;0.05
11;50;50;0;50;15.52;3;8.28;3.63;3.64;0.241;47.4;15.11;8.37;4.02;0.67;2.32;4.42;146.9;112;21.3;4.6;8.8;2.08;0.98;0.25;0.33;0.45;0.45;0.116;52.6;3.68;1.8;1.11;0.17;0.68;3.87;163.3;149.3;4.9;1.4;7.7;0.17;0.18;0.04;0.06
11;50;50;0;100;14.93;2.99;8.63;4.02;3.96;0.255;46.6;15.56;8.76;4.01;0.71;2.24;4.58;145.3;111.5;20.1;4.5;9.2;2.09;1.29;0.25;0.34;0.53;0.57;0.13;53.4;4.27;2.07;1.3;0.22;0.75;4.05;166.8;150;7.2;1.5;8.1;0.19;0.27;0.05;0.06
11;50;50;50;0;17.96;3.24;9.1;3.52;3.53;0.228;54.9;15.48;8.4;4.16;0.77;2.38;4.92;150.3;109.8;26;4.8;9.8;2.04;0.88;0.26;0.35;0.51;0.52;0.107;45.1;4.73;2.23;1.48;0.28;0.86;4.18;123.4;108.5;4.8;1.7;8.4;0.28;0.12;0.06;0.07
11;50;50;50;50;17.86;3.53;10.27;3.95;3.82;0.236;53.9;16.21;8.9;4.38;0.75;2.4;5.57;148.5;107.3;25.3;4.8;11.1;1.96;1.22;0.27;0.36;0.73;0.71;0.111;46.1;6.33;3.04;1.95;0.33;1.13;4.71;126.9;110.6;4.6;2.3;9.4;0.39;0.17;0.06;0.09
11;50;50;50;100;17.99;4.05;11.49;4.44;4.4;0.255;54.4;17.25;9.76;4.38;0.82;2.55;6.18;158.9;104.2;37.2;5.1;12.4;1.95;1.78;0.28;0.38;1.02;0.97;0.116;45.6;8.31;4.01;2.52;0.42;1.5;5.31;133.4;113.1;6.6;3;10.6;0.52;0.25;0.08;0.12
11;50;50;100;0;20.14;3.62;10.16;3.8;3.81;0.227;64.8;16.8;9.22;4.51;0.79;2.58;5.54;152.5;106.3;30;5.2;11.1;2.01;1.13;0.28;0.39;0.62;0.61;0.107;35.2;5.61;2.69;1.73;0.31;1.04;4.62;82.8;66.8;4.6;2.1;9.2;0.35;0.12;0.06;0.08
11;50;50;100;50;20.61;4.15;11.94;4.31;4.19;0.236;65.5;17.79;9.82;4.74;0.8;2.67;6.54;165.4;102.5;44.5;5.3;13.1;1.92;1.56;0.29;0.41;0.9;0.93;0.11;34.5;8.36;3.91;2.69;0.46;1.49;5.4;87;68.8;4.4;3;10.8;0.54;0.16;0.09;0.13
11;50;50;100;100;20.45;4.56;13.29;4.53;4.66;0.253;63.8;18.42;10.23;4.83;0.86;2.73;7.24;162.8;100.1;42.9;5.5;14.5;1.86;2.07;0.31;0.42;1.15;1.21;0.114;36.2;10.53;4.95;3.27;0.59;1.83;6.05;92.4;70;6.7;3.7;12.1;0.69;0.25;0.11;0.15
11;50;100;0;0;15.77;3.32;9.49;4.41;4.35;0.239;49.1;18.23;10.05;4.87;0.81;2.73;5.18;159.3;109.9;33.6;5.5;10.4;2.57;1.08;0.29;0.42;0.37;0.41;0.113;50.9;3.4;1.6;1.08;0.19;0.6;4.31;165.6;151.8;3.9;1.2;8.6;0.17;0.15;0.04;0.05
11;50;100;0;50;15.29;3.39;9.69;4.65;4.77;0.255;48.4;18.71;10.28;5.01;0.83;2.71;5.38;157.6;109.2;32.2;5.4;10.8;2.54;1.51;0.3;0.43;0.51;0.48;0.122;51.6;3.76;1.81;1.17;0.18;0.67;4.31;168.4;152.6;5.8;1.3;8.6;0.19;0.2;0.04;0.05
11;50;100;0;100;15.01;3.57;9.82;5.16;5.12;0.266;47.6;19.28;10.95;4.87;0.82;2.8;5.37;155.1;107.5;31.2;5.6;10.7;2.51;1.88;0.31;0.42;0.56;0.58;0.136;52.4;4.1;2.03;1.23;0.2;0.77;4.45;170.7;154.5;5.7;1.5;8.9;0.19;0.29;0.05;0.06
11;50;100;50;0;18.45;3.79;10.8;4.76;4.67;0.237;56.1;19.71;11;5.12;0.89;2.99;5.9;163.1;104.8;40.6;6;11.8;2.46;1.43;0.33;0.44;0.55;0.54;0.111;43.9;4.73;2.26;1.49;0.23;0.81;4.9;127.9;112.7;3.8;1.6;9.8;0.29;0.13;0.05;0.07
11;50;100;50;50;18.19;4.12;11.76;5.07;5.12;0.252;54.8;20.34;11.28;5.4;0.89;3;6.38;160.8;102.9;39.1;6;12.8;2.42;1.9;0.34;0.45;0.77;0.75;0.116;45.2;6.39;3.07;1.91;0.36;1.12;5.38;132.6;114.2;5.4;2.2;10.8;0.4;0.18;0.07;0.1
11;50;100;50;100;18.11;4.51;12.81;5.66;5.62;0.268;53.8;20.94;11.85;5.32;0.92;3.03;6.98;158.6;100.4;38.2;6.1;14;2.39;2.45;0.33;0.46;1.05;1;0.119;46.2;8.3;4.07;2.53;0.4;1.48;5.83;136.1;116.4;5.1;3;11.7;0.53;0.25;0.1;0.12
11;50;100;100;0;20.73;4.12;11.86;4.88;4.86;0.233;66.1;20.92;11.45;5.58;0.97;3.15;6.46;167;100.9;46.8;6.3;12.9;2.37;1.68;0.34;0.48;0.63;0.63;0.111;33.9;5.55;2.63;1.76;0.3;0.97;5.4;85.7;69.5;3.5;1.9;10.8;0.36;0.13;0.06;0.09
11;50;100;100;50;21.1;4.71;13.69;5.5;5.48;0.249;64.1;22.05;12.34;5.77;1.03;3.23;7.44;164.5;97.2;46;6.5;14.9;2.3;2.31;0.36;0.5;0.94;0.96;0.113;35.9;8.4;4.04;2.61;0.42;1.48;6.25;92.2;71.4;5.3;3;12.5;0.56;0.19;0.09;0.13
11;50;100;100;100;21.11;5.18;14.74;6.24;6.07;0.267;62.7;22.72;12.92;5.8;1;3.21;8.01;161;93.2;45.4;6.4;16;2.21;3.01;0.36;0.49;1.15;1.22;0.115;37.3;10.49;5.09;3.24;0.53;1.97;6.73;95.7;73.4;4.9;3.9;13.5;0.71;0.24;0.11;0.16
11;100;0;0;0;17.26;2.71;7.82;3.26;3.27;0.24;41.2;13.61;7.47;3.67;0.6;2;4.32;112.2;78.5;21.1;4;8.6;2.22;0.51;0.23;0.31;0.45;0.43;0.103;58.8;3.94;1.91;1.27;0.2;0.71;3.5;160.2;142.7;9.1;1.4;7;0.16;0.16;0.04;0.06
11;100;0;0;50;17.01;2.91;8.3;3.48;3.39;0.244;41.1;13.92;7.67;3.79;0.63;2;4.5;112.1;78.9;20.2;4;9;2.23;0.62;0.22;0.31;0.53;0.56;0.115;58.9;4.72;2.26;1.44;0.23;0.91;3.8;160.5;141.8;9.2;1.8;7.6;0.17;0.26;0.05;0.07
11;100;0;0;100;16.61;3.11;8.96;3.6;3.64;0.247;40.3;14.73;8.24;3.94;0.62;2.23;4.8;112;78.7;19.2;4.5;9.6;2.27;0.8;0.23;0.33;0.69;0.68;0.127;59.7;5.28;2.53;1.62;0.3;0.89;4.16;165.8;142.2;13.5;1.8;8.3;0.17;0.38;0.06;0.08
11;100;0;50;0;19.36;3.02;8.89;3.35;3.37;0.236;48.4;14.32;7.86;3.85;0.66;2.13;4.8;115.3;76.7;24.8;4.3;9.6;2.21;0.6;0.23;0.33;0.53;0.55;0.104;51.6;5.16;2.38;1.62;0.29;0.89;4.08;122.8;104.1;8.7;1.8;8.2;0.27;0.15;0.06;0.07
11;100;0;50;50;19.29;3.5;10.02;3.53;3.52;0.239;48.1;14.73;8.13;3.93;0.69;2.22;5.47;115.7;76.5;23.8;4.4;10.9;2.18;0.75;0.24;0.34;0.82;0.81;0.111;51.9;7.17;3.41;2.23;0.39;1.28;4.55;124.8;104.3;8.8;2.6;9.1;0.37;0.25;0.08;0.1
11;100;0;50;100;19.04;4.03;11.44;3.81;3.82;0.246;46.7;15.57;8.69;4.07;0.72;2.32;6.23;115.6;75.7;22.8;4.6;12.5;2.18;1.04;0.25;0.34;1.1;1.1;0.117;53.3;9.33;4.45;2.95;0.47;1.71;5.21;132.2;105.3;13.1;3.4;10.4;0.49;0.37;0.1;0.14
11;100;0;100;0;21.43;3.37;9.62;3.42;3.42;0.231;58.7;14.89;8.16;4.03;0.66;2.29;5.15;118.6;75.1;28.6;4.6;10.3;2.14;0.7;0.25;0.33;0.6;0.64;0.104;41.3;5.98;2.79;1.88;0.33;1.08;4.47;83.4;63.7;8.7;2.2;8.9;0.33;0.15;0.07;0.09
11;100;0;100;50;21.42;4.01;11.31;3.67;3.64;0.233;57.7;15.66;8.61;4.25;0.71;2.39;6.07;118.6;73.9;27.7;4.8;12.1;2.09;0.93;0.26;0.35;0.98;0.98;0.11;42.3;8.84;4.2;2.73;0.46;1.62;5.25;86.8;64.6;8.5;3.2;10.5;0.51;0.24;0.1;0.13
11;100;0;100;100;21.6;4.48;12.73;4.04;4.04;0.241;56;16.77;9.26;4.52;0.78;2.51;6.87;118.8;72.7;27.3;5;13.7;2.09;1.29;0.28;0.37;1.26;1.26;0.114;44;10.92;5.28;3.31;0.57;1.97;5.86;93.5;65.4;12.4;3.9;11.7;0.62;0.35;0.13;0.17
11;100;50;0;0;17.44;3.59;10.05;4.66;4.64;0.246;41.7;18.9;10.52;4.96;0.88;2.83;5.49;116;78.1;21.2;5.7;11;3.25;0.69;0.3;0.41;0.46;0.46;0.111;58.3;3.99;1.92;1.22;0.2;0.76;4.55;162;143.3;8.1;1.5;9.1;0.16;0.2;0.05;0.05
11;100;50;0;50;17.04;3.76;10.51;4.94;4.88;0.25;40.7;19.54;10.9;5.09;0.87;2.88;5.69;115;77.5;20.4;5.8;11.4;3.18;0.95;0.32;0.44;0.63;0.62;0.128;59.3;4.74;2.34;1.42;0.25;0.88;4.81;167.6;144.4;11.9;1.8;9.6;0.17;0.33;0.05;0.07
11;100;50;0;100;16.72;3.77;10.83;5.22;5.17;0.261;40.6;19.87;11.16;5.16;0.9;2.83;5.86;114.4;77.9;19.1;5.7;11.7;3.19;1.24;0.32;0.42;0.76;0.77;0.142;59.4;5.34;2.64;1.61;0.25;0.95;4.97;167.7;143.7;12.2;1.9;9.9;0.17;0.47;0.06;0.07
11;100;50;50;0;19.67;3.85;11.21;4.79;4.73;0.24;48.6;19.78;10.94;5.21;0.86;2.91;6.04;118.6;75.5;25.3;5.8;12.1;3.1;0.87;0.32;0.44;0.65;0.62;0.111;51.4;5.44;2.59;1.77;0.28;0.95;5.16;125.6;105.7;7.7;1.9;10.3;0.27;0.2;0.06;0.09
11;100;50;50;50;19.3;4.31;12.35;5.05;5;0.246;47.2;20.36;11.32;5.4;0.92;3.01;6.69;118;74.5;24.1;6;13.4;3.06;1.15;0.33;0.46;0.91;0.89;0.12;52.8;7.38;3.56;2.25;0.4;1.3;5.66;132.2;106.9;11.4;2.6;11.3;0.39;0.31;0.08;0.11
11;100;50;50;100;19.44;4.74;13.59;5.51;5.5;0.26;48.7;21.17;11.83;5.52;0.96;3.04;7.32;129;73;35.3;6.1;14.6;3.02;1.68;0.34;0.46;1.16;1.18;0.124;51.3;9.42;4.56;2.89;0.48;1.7;6.27;135.8;108.7;11.1;3.4;12.5;0.51;0.43;0.1;0.14
11;100;50;100;0;21.52;4.25;11.94;4.95;4.94;0.238;58.6;20.77;11.44;5.45;0.99;3.14;6.44;121.3;73.1;29;6.3;12.9;3.04;1.09;0.35;0.47;0.67;0.69;0.109;41.4;6.15;2.92;1.9;0.31;1.11;5.5;85.7;65.1;7.4;2.2;11;0.34;0.19;0.07;0.09
11;100;50;100;50;21.93;4.79;13.67;5.34;5.27;0.244;59.3;21.61;11.97;5.72;0.94;3.22;7.43;135.4;71;43.1;6.4;14.9;2.93;1.51;0.35;0.48;1.08;1.06;0.116;40.7;9.02;4.38;2.77;0.46;1.57;6.24;93.1;66.8;10.7;3.1;12.5;0.53;0.29;0.11;0.13
11;100;50;100;100;21.94;5.28;15.09;5.76;5.77;0.258;58.5;22.39;12.6;5.8;0.98;3.32;8.27;134.8;69.8;41.8;6.6;16.5;2.88;2.03;0.37;0.48;1.35;1.34;0.119;41.5;11.13;5.39;3.48;0.56;1.96;6.82;95.8;67.6;10.6;3.9;13.6;0.66;0.4;0.11;0.16
11;100;100;0;0;17.61;4.11;11.63;5.65;5.62;0.248;43.7;22.68;12.6;5.96;1.07;3.36;6.37;128.3;76.4;32.5;6.7;12.7;3.71;1.03;0.37;0.51;0.55;0.54;0.125;56.3;4.17;2.03;1.27;0.23;0.75;5.26;165.5;146.4;7.2;1.5;10.5;0.16;0.27;0.04;0.06
11;100;100;0;50;17.19;4.21;11.82;6.07;6.05;0.26;42.6;23.3;13.16;5.97;1.04;3.43;6.34;126.5;75.3;31.7;6.9;12.7;3.68;1.49;0.37;0.51;0.67;0.65;0.136;57.4;4.58;2.27;1.34;0.24;0.78;5.48;170.8;148.3;10;1.6;11;0.17;0.36;0.05;0.06
11;100;100;0;100;16.78;4.3;12.28;6.37;6.39;0.268;42.5;23.82;13.56;6.09;1.06;3.4;6.82;126;75.5;30;6.8;13.6;3.66;1.8;0.39;0.54;0.86;0.84;0.154;57.5;5.34;2.68;1.58;0.29;0.9;5.46;170.9;147.8;10.4;1.8;10.9;0.18;0.52;0.05;0.08
11;100;100;50;0;19.85;4.54;12.69;5.86;5.83;0.246;50.7;23.76;13.21;6.18;1.07;3.48;6.89;132.7;72.9;39.1;7;13.8;3.55;1.36;0.38;0.53;0.66;0.68;0.12;49.3;5.53;2.7;1.65;0.28;1.06;5.8;129.3;108.9;6.7;2.1;11.6;0.28;0.25;0.06;0.08
11;100;100;50;50;19.84;5.03;13.83;6.27;6.21;0.257;49.2;24.2;13.65;6.32;1.03;3.61;7.5;131.5;71.7;37.6;7.2;15;3.47;1.82;0.38;0.53;0.87;0.95;0.124;50.8;7.53;3.69;2.24;0.34;1.43;6.32;135.8;110.4;9.9;2.9;12.6;0.4;0.35;0.09;0.1
11;100;100;50;100;19.51;5.24;14.89;6.79;6.72;0.27;48.5;24.87;14.12;6.26;1.13;3.53;8.16;130.1;70.4;36.4;7.1;16.3;3.45;2.33;0.4;0.54;1.21;1.26;0.13;51.5;9.54;4.67;2.86;0.51;1.71;6.73;138.3;112;9.3;3.4;13.5;0.53;0.48;0.11;0.14
11;100;100;100;0;22.15;4.88;13.92;6.03;6.02;0.241;60.8;25.01;13.84;6.6;1.13;3.72;7.57;137.9;69.8;45.5;7.4;15.1;3.41;1.64;0.39;0.56;0.77;0.76;0.117;39.2;6.42;3.12;1.93;0.36;1.16;6.35;88.9;67.6;6.2;2.3;12.7;0.36;0.23;0.07;0.1
11;100;100;100;50;22.37;5.35;15.41;6.6;6.52;0.254;58.8;25.73;14.45;6.67;1.13;3.74;8.4;136.6;67.8;44.6;7.5;16.8;3.3;2.24;0.4;0.57;1.08;1.1;0.119;41.2;9.09;4.31;2.83;0.47;1.61;7.01;95.6;69.2;9.2;3.2;14;0.54;0.33;0.1;0.13
11;100;100;100;100;22.21;5.9;16.46;7.16;7.07;0.269;57.8;26.28;15.07;6.55;1.18;3.85;8.85;134.9;65.8;43.7;7.7;17.7;3.21;2.91;0.42;0.53;1.42;1.42;0.124;42.2;11.29;5.51;3.42;0.6;2.05;7.61;98.6;70.7;8.6;4.1;15.2;0.68;0.44;0.13;0.16
12;0;0;0;0;13.98;1.7;4.94;1.91;1.86;0.219;53.4;8.49;4.57;2.39;0.39;1.23;2.75;179.9;148.8;23.1;2.5;5.5;0.95;0.55;0.15;0.21;0.24;0.26;0.091;46.6;2.43;1.16;0.73;0.14;0.47;2.2;157.3;149.8;2.2;0.9;4.4;0.16;0.03;0.03;0.04
12;0;0;0;50;13.76;1.88;5.29;1.95;1.97;0.224;52.9;8.78;4.79;2.41;0.42;1.37;2.89;178.6;147.8;22.2;2.7;5.8;0.92;0.7;0.15;0.2;0.29;0.3;0.096;47.1;2.76;1.29;0.86;0.15;0.51;2.4;158.8;150.6;2.3;1;4.8;0.17;0.05;0.03;0.04
12;0;0;0;100;13.51;1.97;5.62;2.24;2.2;0.231;52.2;9.52;5.23;2.54;0.45;1.41;3.06;176.6;146.2;21.5;2.8;6.1;0.93;0.9;0.15;0.22;0.33;0.34;0.103;47.8;3.01;1.43;0.94;0.17;0.56;2.56;161.6;152.1;3.3;1.1;5.1;0.18;0.08;0.03;0.04
12;0;0;50;0;16.14;2.04;6.04;1.88;1.91;0.214;60.8;8.92;4.8;2.38;0.45;1.35;3.29;182.4;146.5;26.6;2.7;6.6;0.92;0.62;0.15;0.21;0.38;0.4;0.099;39.2;3.85;1.8;1.24;0.21;0.69;2.75;117.5;108.4;2.2;1.4;5.5;0.27;0.04;0.04;0.06
12;0;0;50;50;16.26;2.41;7.11;2.17;2.15;0.219;59.8;9.84;5.33;2.67;0.44;1.46;3.93;180;143.1;26.1;2.9;7.9;0.91;0.84;0.16;0.24;0.54;0.56;0.102;40.2;5.32;2.48;1.68;0.28;0.94;3.18;120.9;110.6;2.1;1.9;6.4;0.38;0.05;0.06;0.08
12;0;0;50;100;16.21;2.92;8.36;2.44;2.55;0.237;58.7;10.73;5.81;2.93;0.51;1.63;4.62;178.3;140.4;25.4;3.3;9.2;0.89;1.22;0.19;0.25;0.74;0.76;0.106;41.3;7.08;3.35;2.22;0.37;1.29;3.74;125.6;112.3;3.2;2.6;7.5;0.49;0.08;0.08;0.11
12;0;0;100;0;18.49;2.37;6.75;2.1;2.07;0.208;70.6;9.97;5.31;2.8;0.47;1.54;3.7;183.8;142.6;30.8;3.1;7.4;0.9;0.75;0.18;0.25;0.44;0.47;0.1;29.4;4.49;2.12;1.42;0.23;0.83;3.05;76.5;66.5;2.2;1.7;6.1;0.32;0.04;0.05;0.06
12;0;0;100;50;18.69;2.98;8.5;2.3;2.33;0.212;69.3;10.97;5.83;3.04;0.48;1.69;4.66;181.4;138.5;30.2;3.4;9.3;0.86;1.03;0.19;0.25;0.71;0.74;0.104;30.7;6.99;3.31;2.18;0.4;1.28;3.84;80.4;68.1;2.1;2.6;7.7;0.5;0.05;0.08;0.11
12;0;0;100;100;19.05;3.35;9.94;2.8;2.83;0.232;67.7;12.21;6.65;3.29;0.58;1.78;5.4;178.5;134.1;30;3.6;10.8;0.85;1.51;0.19;0.28;0.88;0.92;0.105;32.3;8.68;4.05;2.71;0.47;1.58;4.54;85.1;69.7;3.1;3.2;9.1;0.63;0.08;0.09;0.13
12;0;50;0;0;14.12;2.01;5.67;2.03;2.11;0.215;52.6;9.78;5.22;2.75;0.49;1.58;3.12;178.2;145.5;23.3;3.2;6.2;0.94;0.77;0.17;0.23;0.29;0.27;0.095;47.4;2.51;1.18;0.8;0.14;0.43;2.54;160.5;152.7;1.8;0.9;5.1;0.16;0.04;0.03;0.04
12;0;50;0;50;13.68;2.07;5.88;2.37;2.34;0.228;52;10.28;5.58;2.83;0.47;1.58;3.29;175.7;143.5;22.5;3.2;6.6;0.9;1.02;0.17;0.24;0.27;0.31;0.101;48;2.77;1.28;0.89;0.16;0.49;2.58;162.3;154.4;1.7;1;5.2;0.17;0.06;0.03;0.04
12;0;50;0;100;13.4;2.2;6.15;2.76;2.75;0.248;51.1;11.07;6.1;2.94;0.51;1.65;3.42;173.1;141.4;21.5;3.3;6.8;0.91;1.41;0.19;0.24;0.34;0.36;0.106;48.9;3.06;1.44;0.95;0.15;0.55;2.73;165.4;156.3;2.6;1.1;5.5;0.19;0.09;0.03;0.05
12;0;50;50;0;16.68;2.47;6.87;2.25;2.28;0.207;59.5;10.97;5.93;3.02;0.5;1.78;3.72;179;140.3;27.7;3.6;7.4;0.87;0.95;0.19;0.26;0.43;0.41;0.101;40.5;3.88;1.81;1.19;0.2;0.69;3.15;121.8;112.3;1.8;1.4;6.3;0.27;0.04;0.04;0.06
12;0;50;50;50;16.63;2.72;8.02;2.77;2.62;0.221;58.2;11.84;6.41;3.19;0.53;1.71;4.36;175.3;136.3;26.9;3.4;8.7;0.85;1.29;0.19;0.28;0.61;0.6;0.105;41.8;5.55;2.67;1.73;0.29;1.02;3.66;125.9;114.8;1.8;2;7.3;0.39;0.06;0.06;0.09
12;0;50;50;100;16.9;3.21;9.16;3.27;3.2;0.25;58.8;12.82;7.23;3.35;0.57;1.89;4.99;186.4;132.8;39.9;3.8;10;0.84;1.87;0.21;0.28;0.82;0.79;0.107;41.2;7.29;3.48;2.25;0.37;1.32;4.17;130.5;117;2.6;2.6;8.3;0.52;0.09;0.08;0.11
12;0;50;100;0;18.97;2.78;7.96;2.59;2.56;0.209;69.3;12.28;6.55;3.4;0.58;1.89;4.35;179.9;135.8;31.6;3.8;8.7;0.87;1.2;0.2;0.29;0.5;0.51;0.103;30.7;4.8;2.27;1.52;0.24;0.9;3.61;79.7;69.1;1.7;1.8;7.2;0.34;0.04;0.06;0.07
12;0;50;100;50;19.38;3.38;9.64;3.05;3.1;0.23;69.7;13.47;7.33;3.62;0.64;2.05;5.28;192.8;131.2;47;4.1;10.6;0.84;1.73;0.23;0.3;0.75;0.79;0.106;30.3;7.36;3.48;2.31;0.37;1.33;4.37;84;70.8;1.8;2.7;8.7;0.53;0.06;0.08;0.12
12;0;50;100;100;19.5;3.76;10.98;3.63;3.64;0.247;68.1;14.71;8.18;3.77;0.72;2.15;6.09;188.9;125.7;46.7;4.3;12.2;0.8;2.25;0.24;0.35;0.94;0.98;0.106;31.9;9.09;4.24;2.88;0.49;1.61;4.89;88.2;72.8;2.4;3.2;9.8;0.67;0.08;0.1;0.13
12;0;100;0;0;14.75;2.22;6.36;2.53;2.52;0.218;52.9;11.55;6.27;3.11;0.52;1.75;3.51;186.8;139.7;36.5;3.5;7;0.89;1.15;0.2;0.28;0.31;0.29;0.096;47.1;2.65;1.25;0.82;0.13;0.47;2.85;166.1;157.7;1.8;0.9;5.7;0.17;0.06;0.03;0.04
12;0;100;0;50;14.36;2.31;6.6;2.98;2.98;0.246;52.1;12.13;6.69;3.24;0.57;1.81;3.57;183.1;137.5;34.8;3.6;7.1;0.88;1.63;0.2;0.27;0.33;0.33;0.106;47.9;2.9;1.37;0.91;0.16;0.5;3.03;168.5;159.6;1.8;1;6.1;0.18;0.08;0.03;0.04
12;0;100;0;100;14.18;2.38;7;3.35;3.38;0.263;51.3;12.84;7.26;3.32;0.56;1.83;3.77;180.6;135.4;34;3.7;7.5;0.88;2.02;0.2;0.28;0.36;0.38;0.113;48.7;3.1;1.51;0.94;0.17;0.54;3.23;171.6;161.5;2.5;1.1;6.5;0.19;0.11;0.03;0.05
12;0;100;50;0;17.3;2.83;7.91;2.96;2.92;0.218;59.7;13.36;7.27;3.61;0.6;2.12;4.26;188.7;133;43;4.2;8.5;0.86;1.52;0.23;0.31;0.47;0.45;0.105;40.3;4.12;1.93;1.3;0.22;0.71;3.65;127.2;116.9;1.6;1.4;7.3;0.29;0.05;0.04;0.06
12;0;100;50;50;17.41;3.18;8.96;3.34;3.4;0.241;58.7;14.08;7.73;3.76;0.68;2.11;4.92;185.8;129.6;42.1;4.2;9.8;0.8;2.05;0.24;0.31;0.6;0.63;0.108;41.3;5.76;2.79;1.77;0.29;1.07;4.04;130.8;119;1.6;2.1;8.1;0.4;0.08;0.07;0.09
12;0;100;50;100;17.57;3.53;10.18;3.99;4.07;0.268;57.3;15.22;8.57;3.93;0.68;2.2;5.51;182.2;125.4;41.4;4.4;11;0.82;2.67;0.25;0.33;0.76;0.81;0.11;42.7;7.34;3.46;2.26;0.43;1.33;4.67;135.9;121.6;2.3;2.7;9.3;0.52;0.11;0.07;0.11
12;0;100;100;0;20.03;3.25;9.25;3.28;3.25;0.214;69.5;15.16;8.24;4.04;0.73;2.36;5.09;191.7;127.1;49.7;4.7;10.2;0.82;1.8;0.27;0.35;0.54;0.53;0.104;30.5;4.98;2.34;1.58;0.3;0.89;4.16;84;72.4;1.6;1.8;8.3;0.36;0.05;0.06;0.07
12;0;100;100;50;20.29;3.89;10.89;3.76;3.85;0.239;68;16.11;8.85;4.35;0.78;2.45;5.95;188.1;122.3;49;4.9;11.9;0.78;2.43;0.27;0.38;0.82;0.83;0.106;32;7.71;3.73;2.35;0.39;1.45;4.94;88.4;74.1;1.5;2.9;9.9;0.56;0.07;0.09;0.11
12;0;100;100;100;20.56;4.17;12.09;4.76;4.62;0.266;66.4;17.4;9.89;4.41;0.81;2.43;6.68;183.7;116.7;48.8;4.9;13.4;0.75;3.22;0.27;0.39;1;1.04;0.108;33.6;9.52;4.5;2.97;0.49;1.75;5.42;92.8;76.2;2.3;3.5;10.8;0.7;0.1;0.1;0.14
12;50;0;0;0;15.56;2.21;6.44;2.76;2.75;0.241;48.2;11.43;6.32;3.07;0.53;1.69;3.55;147.5;114.5;22.5;3.4;7.1;1.77;0.53;0.2;0.26;0.32;0.32;0.097;51.8;2.98;1.44;0.94;0.15;0.53;2.89;158.3;146.4;5;1.1;5.8;0.16;0.08;0.03;0.05
12;50;0;0;50;15.18;2.36;6.83;2.88;2.9;0.244;47.9;11.87;6.54;3.12;0.56;1.75;3.7;146.4;113.9;21.6;3.5;7.4;1.77;0.67;0.19;0.27;0.39;0.38;0.102;52.1;3.42;1.64;1.09;0.19;0.62;3.13;159.5;147.1;4.9;1.2;6.3;0.17;0.12;0.04;0.05
12;50;0;0;100;14.84;2.49;7.19;3.07;3.05;0.249;47.2;12.31;6.84;3.23;0.54;1.78;3.99;145.7;113.6;20.5;3.6;8;1.73;0.85;0.19;0.28;0.47;0.48;0.117;52.8;3.9;1.9;1.21;0.19;0.71;3.2;163;147.5;7.7;1.4;6.4;0.17;0.21;0.04;0.05
12;50;0;50;0;17.87;2.58;7.38;2.86;2.84;0.235;55.5;12.13;6.65;3.26;0.53;1.79;4.08;150;111.8;26.5;3.6;8.2;1.72;0.64;0.2;0.28;0.46;0.46;0.101;44.5;4.32;2.02;1.36;0.23;0.79;3.3;120.2;106.9;5.1;1.6;6.6;0.26;0.08;0.05;0.06
12;50;0;50;50;17.71;3.06;8.46;3.14;3.07;0.239;54.8;12.9;7.12;3.39;0.59;1.95;4.69;149.1;110.2;25.6;3.9;9.4;1.73;0.83;0.23;0.29;0.57;0.64;0.105;45.2;5.93;2.73;1.91;0.33;1.1;3.78;122.8;108.2;4.9;2.2;7.6;0.36;0.12;0.07;0.09
12;50;0;50;100;17.67;3.39;9.75;3.29;3.37;0.251;53.6;13.46;7.5;3.49;0.63;2;5.32;148;108.6;24.8;4;10.6;1.67;1.18;0.22;0.3;0.9;0.88;0.112;46.4;7.79;3.77;2.33;0.47;1.39;4.43;128.4;109.5;7.2;2.8;8.9;0.48;0.2;0.09;0.11
12;50;0;100;0;19.86;2.85;8.09;2.88;2.93;0.23;66;12.74;6.91;3.45;0.56;1.93;4.44;153.1;110.4;30;3.9;8.9;1.7;0.72;0.21;0.3;0.47;0.53;0.103;34;4.97;2.27;1.63;0.25;0.93;3.65;79;64.8;5.1;1.9;7.3;0.31;0.09;0.05;0.07
12;50;0;100;50;19.76;3.38;9.98;3.2;3.21;0.232;64.6;13.86;7.51;3.66;0.65;2;5.54;151.3;107.1;29.1;4;11.1;1.67;0.98;0.22;0.33;0.81;0.83;0.105;35.4;7.82;3.64;2.44;0.44;1.37;4.44;82.8;66.4;4.7;2.7;8.9;0.51;0.12;0.09;0.12
12;50;0;100;100;20.16;4.03;11.25;3.6;3.68;0.246;62.9;14.98;8.39;3.85;0.69;2.32;6.18;150.1;103.9;29.1;4.6;12.4;1.6;1.46;0.28;0.34;1.02;1.06;0.11;37.1;9.52;4.45;3.02;0.51;1.72;5.08;88.6;68;7;3.4;10.2;0.62;0.19;0.11;0.14
12;50;50;0;0;15.51;2.65;7.75;3.62;3.59;0.245;48;14.7;8.13;3.91;0.69;2.13;4.28;148.1;112.5;22.7;4.3;8.6;2.29;0.73;0.22;0.35;0.34;0.32;0.102;52;2.88;1.38;0.86;0.15;0.52;3.46;160.8;148.7;4.1;1;6.9;0.15;0.1;0.03;0.04
12;50;50;0;50;15.64;2.87;8.28;3.96;3.89;0.25;47.2;15.56;8.69;4.12;0.7;2.21;4.47;146.4;110.6;22.4;4.4;8.9;2.26;1.03;0.24;0.35;0.43;0.41;0.113;52.8;3.39;1.7;1.01;0.17;0.65;3.81;164;150.9;4.2;1.3;7.6;0.17;0.16;0.04;0.05
12;50;50;0;100;14.93;2.94;8.51;4.21;4.21;0.264;46.5;16;9;4.11;0.71;2.29;4.6;144.9;109.9;21.2;4.6;9.2;2.24;1.37;0.25;0.35;0.45;0.48;0.121;53.5;3.75;1.8;1.11;0.19;0.65;3.9;166.9;151.8;6;1.3;7.8;0.18;0.21;0.04;0.05
12;50;50;50;0;18.17;3.17;9.12;3.87;3.81;0.237;55.1;16.06;8.83;4.36;0.69;2.41;5;151;108.9;27.3;4.8;10;2.26;0.92;0.27;0.36;0.46;0.47;0.104;44.9;4.29;2.04;1.32;0.24;0.76;4.12;123.1;109.3;4.1;1.5;8.2;0.26;0.1;0.05;0.06
12;50;50;50;50;18.1;3.63;10.34;4.09;4.13;0.244;53.9;16.94;9.44;4.51;0.73;2.56;5.61;148.7;105.8;26.6;5.1;11.2;2.18;1.28;0.29;0.38;0.64;0.67;0.11;46.1;6;2.85;1.83;0.35;1.07;4.73;127.3;111.9;3.9;2.1;9.5;0.38;0.15;0.06;0.09
12;50;50;50;100;17.86;3.91;11.27;4.5;4.55;0.263;54.6;17.28;9.75;4.42;0.83;2.48;6.08;159.1;103.9;38.1;5;12.2;2.1;1.79;0.28;0.37;0.9;0.92;0.113;45.4;7.98;3.82;2.44;0.44;1.43;5.19;132.5;113.4;5.8;2.9;10.4;0.51;0.2;0.08;0.12
12;50;50;100;0;20.18;3.46;10.06;4.1;4.02;0.234;64.9;17.16;9.49;4.62;0.79;2.57;5.45;152.2;105.1;31;5.1;10.9;2.16;1.17;0.29;0.4;0.56;0.55;0.105;35.1;5.1;2.35;1.65;0.31;0.89;4.61;82.2;67.4;3.8;1.8;9.2;0.33;0.1;0.05;0.07
12;50;50;100;50;20.42;4.14;11.69;4.53;4.5;0.247;65.7;18.19;10.1;4.76;0.83;2.67;6.43;165.3;101.6;45.6;5.3;12.9;2.09;1.7;0.29;0.42;0.81;0.87;0.109;34.3;7.88;3.76;2.4;0.44;1.47;5.25;86.3;69.2;3.7;2.9;10.5;0.52;0.14;0.09;0.12
12;50;50;100;100;20.75;4.52;12.88;4.86;4.94;0.259;64;19.06;10.57;5.07;0.87;2.71;7.01;163.1;98.2;45.4;5.4;14;2;2.21;0.31;0.42;1.05;1.07;0.111;36;9.59;4.69;2.79;0.5;1.81;5.88;91.6;70.9;5.3;3.6;11.8;0.65;0.18;0.11;0.13
12;50;100;0;0;15.79;3.38;9.3;4.75;4.69;0.25;49.3;18.78;10.56;4.81;0.85;2.82;5.11;160.3;109.3;35.1;5.6;10.2;2.86;1.1;0.32;0.42;0.35;0.36;0.11;50.7;2.99;1.49;0.91;0.13;0.57;4.19;165.1;152.5;3.2;1.1;8.4;0.16;0.12;0.03;0.04
12;50;100;0;50;15.7;3.38;9.68;5.01;5.13;0.264;48.2;19.42;10.92;5.08;0.85;2.78;5.3;157.6;107.2;34.2;5.6;10.6;2.77;1.61;0.31;0.44;0.46;0.43;0.118;51.8;3.38;1.65;1.04;0.17;0.6;4.38;169.7;154.9;4.8;1.2;8.8;0.18;0.17;0.04;0.05
12;50;100;0;100;15.08;3.52;9.92;5.36;5.46;0.275;47.7;19.91;11.25;5.07;0.91;2.83;5.48;155.5;106.1;32.8;5.7;11;2.73;1.97;0.32;0.44;0.5;0.5;0.129;52.3;3.67;1.85;1.06;0.2;0.68;4.44;170.9;156.2;4.5;1.4;8.9;0.19;0.22;0.04;0.05
12;50;100;50;0;18.49;3.71;10.62;5;4.94;0.245;56.1;20.17;11.17;5.19;0.94;2.93;5.82;163.4;103.6;42.3;5.9;11.6;2.68;1.48;0.32;0.46;0.5;0.49;0.109;43.9;4.34;2.07;1.32;0.23;0.78;4.8;127.7;113.6;2.9;1.6;9.6;0.28;0.11;0.05;0.06
12;50;100;50;50;18.44;4.21;11.91;5.33;5.43;0.26;54.6;20.96;11.73;5.53;0.93;3.1;6.5;160.8;100.5;41.1;6.2;13;2.59;2.01;0.35;0.48;0.7;0.71;0.113;45.4;6.19;2.94;1.89;0.34;1.12;5.41;133.6;116.2;4.4;2.2;10.8;0.41;0.15;0.07;0.09
12;50;100;50;100;18.35;4.33;12.67;5.89;5.9;0.276;53.8;21.36;12.13;5.48;0.92;2.97;6.92;158.4;98.7;39.9;5.9;13.8;2.55;2.55;0.33;0.46;0.9;0.92;0.116;46.2;7.81;3.64;2.46;0.41;1.36;5.75;136.2;117.8;4.2;2.7;11.5;0.52;0.21;0.08;0.11
12;50;100;100;0;20.84;4.12;11.89;5.18;5.15;0.241;66.1;21.42;11.81;5.66;0.99;3.18;6.43;167.4;100;48.2;6.4;12.9;2.59;1.73;0.35;0.48;0.58;0.59;0.109;33.9;5.28;2.48;1.63;0.29;0.94;5.46;85.7;70;2.9;1.9;10.9;0.35;0.11;0.05;0.08
12;50;100;100;50;21.15;4.7;13.58;5.8;5.75;0.256;64.3;22.48;12.6;5.96;0.99;3.29;7.39;164.7;95.5;47.8;6.6;14.8;2.49;2.37;0.37;0.52;0.87;0.89;0.111;35.7;7.95;3.82;2.46;0.46;1.4;6.19;91.5;72.3;4;2.8;12.4;0.54;0.15;0.09;0.12
12;50;100;100;100;21.34;4.99;14.8;6.41;6.37;0.274;63;23.29;13.39;5.96;0.99;3.3;8;161.7;91.7;47.4;6.6;16;2.35;3.16;0.36;0.5;1.1;1.13;0.113;37;9.86;4.73;3.07;0.54;1.7;6.8;95;74.2;3.9;3.4;13.6;0.68;0.19;0.1;0.16
12;100;0;0;0;17.56;2.74;7.73;3.51;3.52;0.252;41.3;13.97;7.8;3.68;0.61;2.09;4.19;112.8;77.8;22.4;4.2;8.4;2.45;0.52;0.24;0.31;0.38;0.38;0.1;58.7;3.54;1.71;1.08;0.19;0.65;3.54;160.6;143.9;8.3;1.3;7.1;0.15;0.14;0.04;0.05
12;100;0;0;50;17.11;2.98;8.21;3.61;3.69;0.254;41.3;14.56;8.11;3.8;0.64;2.22;4.55;112.9;78.1;21.3;4.4;9.1;2.45;0.68;0.25;0.31;0.48;0.5;0.112;58.7;4.25;2.03;1.32;0.21;0.77;3.66;160.5;143.3;8.3;1.5;7.3;0.16;0.23;0.05;0.06
12;100;0;0;100;16.53;3.09;8.74;3.8;3.82;0.258;40.5;14.83;8.32;3.85;0.67;2.2;4.75;112.1;78.1;20.1;4.4;9.5;2.45;0.82;0.23;0.32;0.61;0.63;0.125;59.5;4.88;2.37;1.48;0.25;0.9;4;165;143.3;11.9;1.8;8;0.17;0.33;0.05;0.07
12;100;0;50;0;19.53;2.97;8.75;3.48;3.58;0.247;48.8;14.52;8.02;3.9;0.63;2.15;4.79;116.4;76.7;25.8;4.3;9.6;2.4;0.6;0.24;0.33;0.52;0.52;0.103;51.2;4.92;2.28;1.59;0.24;0.82;3.96;122;104.2;8.3;1.6;7.9;0.26;0.14;0.05;0.07
12;100;0;50;50;19.08;3.55;9.91;3.83;3.79;0.249;48.2;15.25;8.61;3.93;0.68;2.28;5.44;115.8;75.8;24.6;4.6;10.9;2.38;0.8;0.26;0.35;0.78;0.77;0.11;51.8;6.87;3.25;2.15;0.34;1.27;4.47;124.6;105.3;7.9;2.5;8.9;0.37;0.23;0.08;0.09
12;100;0;50;100;19.11;3.91;11.25;4.1;4.14;0.259;46.8;16.01;8.94;4.17;0.73;2.38;6.17;115.7;74.7;23.9;4.8;12.3;2.37;1.15;0.26;0.36;1.04;1.02;0.116;53.2;8.78;4.21;2.8;0.44;1.54;5.07;131.6;106.6;11.8;3.1;10.1;0.48;0.32;0.09;0.13
12;100;0;100;0;21.46;3.2;9.5;3.64;3.67;0.242;59.1;15.18;8.34;4.08;0.67;2.2;5.08;119.1;75.1;29.4;4.4;10.2;2.37;0.7;0.26;0.34;0.59;0.6;0.104;40.9;5.71;2.69;1.79;0.3;1;4.42;82.6;63.7;8.1;2;8.8;0.32;0.14;0.06;0.09
12;100;0;100;50;21.5;3.88;11.25;3.99;3.91;0.242;58.2;16.21;9.02;4.25;0.74;2.42;6.13;119.4;73.4;28.9;4.8;12.3;2.31;0.98;0.26;0.36;0.91;0.91;0.109;41.8;8.27;3.85;2.61;0.45;1.46;5.12;85.8;64.9;7.7;2.9;10.2;0.48;0.22;0.08;0.12
12;100;0;100;100;21.61;4.38;12.49;4.4;4.36;0.253;56.3;17.25;9.68;4.49;0.79;2.52;6.84;119;71.7;28.6;5;13.7;2.26;1.43;0.28;0.39;1.12;1.17;0.113;43.7;10.2;4.89;3.13;0.54;1.86;5.65;92.3;66.2;11.1;3.7;11.3;0.6;0.31;0.11;0.15
12;100;50;0;0;17.39;3.42;9.94;5.1;4.99;0.257;41.6;19.46;11.05;5;0.83;2.78;5.44;115.7;77;22.3;5.6;10.9;3.53;0.73;0.3;0.43;0.43;0.42;0.109;58.4;3.66;1.74;1.13;0.2;0.64;4.5;162.4;145.2;6.9;1.3;9;0.16;0.17;0.04;0.05
12;100;50;0;50;17.11;3.71;10.4;5.27;5.22;0.262;41;19.93;11.28;5.19;0.85;2.93;5.71;115.8;77.2;21.3;5.9;11.4;3.47;0.97;0.34;0.43;0.56;0.58;0.128;59;4.39;2.17;1.31;0.24;0.77;4.68;166.8;144.9;11;1.5;9.4;0.16;0.3;0.05;0.07
12;100;50;0;100;16.85;3.85;10.83;5.53;5.54;0.271;40.7;20.44;11.61;5.32;0.85;2.94;5.95;115.2;76.9;20.6;5.9;11.9;3.44;1.32;0.34;0.44;0.65;0.68;0.135;59.3;4.95;2.45;1.52;0.24;0.91;4.88;167.8;145.5;10.7;1.8;9.8;0.17;0.39;0.06;0.07
12;100;50;50;0;19.74;3.82;11.09;5;5.03;0.251;48.9;20.12;11.11;5.33;0.91;2.9;6.12;119.5;75;26.5;5.8;12.2;3.37;0.88;0.32;0.47;0.54;0.55;0.109;51.1;4.93;2.34;1.55;0.29;0.92;4.97;124.9;106.2;6.9;1.8;9.9;0.26;0.17;0.05;0.07
12;100;50;50;50;19.59;4.36;12.26;5.38;5.36;0.256;47.4;20.97;11.93;5.36;0.98;3.14;6.71;118.7;73.7;25.3;6.3;13.4;3.33;1.22;0.35;0.47;0.76;0.82;0.118;52.6;6.85;3.25;2.16;0.33;1.22;5.55;131.7;107.9;10.2;2.4;11.1;0.37;0.28;0.07;0.1
12;100;50;50;100;19.48;4.71;13.36;5.73;5.84;0.271;49.2;21.64;12.34;5.42;0.96;3.19;7.27;130.4;72.5;36.9;6.4;14.5;3.29;1.73;0.36;0.47;1.03;1.08;0.121;50.8;8.86;4.23;2.71;0.47;1.52;6.09;134.6;109.3;10.1;3;12.2;0.48;0.37;0.09;0.13
12;100;50;100;0;21.61;4.13;11.95;5.3;5.27;0.248;58.8;21.33;11.93;5.55;0.97;3.13;6.51;121.8;72.3;30.2;6.3;13;3.29;1.14;0.35;0.5;0.64;0.63;0.109;41.2;5.73;2.77;1.79;0.28;0.99;5.44;85.2;65.8;6.5;2;10.9;0.32;0.17;0.06;0.09
12;100;50;100;50;22.03;4.66;13.5;5.76;5.66;0.257;59.5;22.07;12.33;5.74;1.03;3.14;7.32;136;70.1;44.9;6.3;14.6;3.16;1.67;0.34;0.49;0.94;0.98;0.115;40.5;8.4;4.02;2.56;0.48;1.51;6.18;92.5;67.4;9.7;3;12.4;0.5;0.26;0.09;0.13
12;100;50;100;100;21.96;5.31;14.71;6.1;6.1;0.267;58.8;22.91;13.08;5.72;1;3.38;8.13;135.4;68.8;43.5;6.8;16.3;3.09;2.11;0.38;0.52;1.23;1.25;0.117;41.2;10.62;5.07;3.22;0.56;1.93;6.58;94.9;68.4;9.5;3.9;13.2;0.63;0.35;0.12;0.15
12;100;100;0;0;17.54;4.03;11.59;6.1;6;0.258;43.7;23.27;13.14;5.97;1.04;3.34;6.37;129;75.2;34.4;6.7;12.7;4.02;1.1;0.35;0.52;0.45;0.47;0.12;56.3;3.7;1.82;1.12;0.18;0.69;5.22;166.2;148.4;5.9;1.4;10.4;0.15;0.23;0.04;0.05
12;100;100;0;50;17.21;4.16;11.85;6.39;6.41;0.271;43;23.68;13.42;6.14;1.05;3.38;6.55;127.7;75;32.8;6.8;13.1;4;1.52;0.36;0.52;0.59;0.59;0.135;57;4.26;2.14;1.26;0.21;0.78;5.3;169.8;148.7;9;1.6;10.6;0.16;0.32;0.05;0.06
12;100;100;0;100;16.92;4.29;12.29;6.7;6.77;0.279;42.5;24.29;13.91;6.24;1.03;3.4;6.82;126.5;74.6;31.5;6.8;13.6;3.98;1.89;0.37;0.53;0.77;0.76;0.153;57.5;4.91;2.48;1.47;0.26;0.88;5.48;171.3;149.5;9.1;1.8;11;0.18;0.46;0.05;0.07
12;100;100;50;0;19.73;4.46;12.7;6.18;6.18;0.256;50.8;24.2;13.6;6.34;1.03;3.54;6.98;133.2;72;40.1;7.1;14;3.83;1.4;0.4;0.55;0.65;0.63;0.117;49.2;5.22;2.54;1.64;0.26;0.93;5.71;129;110;5.8;1.9;11.4;0.28;0.21;0.06;0.08
12;100;100;50;50;19.86;4.79;13.84;6.68;6.71;0.267;49.7;25.22;14.25;6.51;1.16;3.6;7.72;133;70.7;39.6;7.2;15.4;3.81;1.94;0.4;0.57;0.82;0.84;0.122;50.3;6.75;3.23;2.11;0.36;1.18;6.12;134.5;111.6;8.3;2.4;12.2;0.37;0.3;0.07;0.1
12;100;100;50;100;19.76;5.07;14.66;7.27;7.16;0.28;48.5;25.61;14.63;6.57;1.05;3.51;7.94;130.4;69;38.5;7;15.9;3.71;2.49;0.4;0.55;1.11;1.14;0.129;51.5;8.81;4.28;2.67;0.47;1.56;6.72;138.5;113.8;8.1;3.1;13.4;0.5;0.42;0.09;0.13
12;100;100;100;0;22.27;4.84;13.8;6.37;6.43;0.25;61.1;25.77;14.3;6.76;1.2;3.81;7.57;138.8;68.8;47.2;7.6;15.1;3.69;1.71;0.43;0.59;0.69;0.69;0.116;38.9;5.86;2.78;1.81;0.32;1.03;6.23;88.3;68.4;5.4;2.1;12.5;0.34;0.2;0.07;0.08
12;100;100;100;50;22.36;5.4;15.3;6.79;6.92;0.263;59.2;26.36;14.87;6.84;1.12;3.88;8.33;137.5;66.7;46.4;7.8;16.7;3.59;2.32;0.43;0.57;1.04;1.03;0.118;40.8;8.64;4.17;2.62;0.47;1.53;6.98;94.9;70;8;3.1;14;0.52;0.29;0.1;0.13
12;100;100;100;100;22.49;5.78;16.47;7.41;7.49;0.278;58.1;27.01;15.43;6.93;1.18;3.87;9;135.7;64.5;45.5;7.7;18;3.46;3;0.44;0.59;1.29;1.32;0.122;41.9;10.72;5.14;3.3;0.59;1.91;7.47;98;71.7;7.6;3.8;14.9;0.67;0.38;0.12;0.15
13;0;0;0;0;14.2;1.73;4.93;1.96;1.92;0.224;59.6;8.59;4.74;2.31;0.4;1.33;2.75;199.5;167.5;23.9;2.7;5.5;1.01;0.56;0.15;0.2;0.22;0.23;0.082;40.4;2.33;1.07;0.73;0.14;0.4;2.18;135.4;128.4;1.9;0.8;4.4;0.14;0.03;0.02;0.03
13;0;0;0;50;13.8;1.75;5.26;2.13;2.07;0.229;59.1;9.06;4.86;2.54;0.45;1.3;2.95;197.3;165.8;23;2.6;5.9;0.98;0.72;0.16;0.22;0.23;0.25;0.086;40.9;2.52;1.13;0.83;0.15;0.44;2.31;136.8;129.4;1.8;0.9;4.6;0.14;0.04;0.03;0.04
13;0;0;0;100;13.69;1.88;5.66;2.4;2.35;0.24;58.2;9.83;5.39;2.66;0.45;1.38;3.13;194.7;163.1;22.5;2.8;6.3;0.97;0.98;0.16;0.24;0.28;0.29;0.093;41.8;2.81;1.31;0.9;0.14;0.5;2.53;139.9;131.2;2.6;1;5.1;0.16;0.06;0.03;0.04
13;0;0;50;0;16.47;2.06;5.98;2;2.01;0.214;63;9.35;5.01;2.61;0.43;1.44;3.28;200.4;163.1;27.9;2.9;6.6;0.94;0.68;0.17;0.22;0.34;0.34;0.09;37;3.52;1.61;1.14;0.2;0.63;2.7;117.7;109.4;1.7;1.3;5.4;0.22;0.03;0.04;0.05
13;0;0;50;50;16.4;2.35;7.07;2.18;2.21;0.221;62.3;9.96;5.35;2.77;0.47;1.47;3.96;198.7;160.8;27;2.9;7.9;0.94;0.86;0.17;0.24;0.48;0.48;0.094;37.7;4.95;2.32;1.58;0.27;0.89;3.11;120.4;110.7;1.7;1.8;6.2;0.32;0.04;0.05;0.07
13;0;0;50;100;16.59;2.91;8.35;2.59;2.62;0.239;60.8;10.95;6.04;2.92;0.51;1.69;4.6;195;156;26.4;3.4;9.2;0.9;1.27;0.2;0.26;0.67;0.67;0.097;39.2;6.82;3.16;2.21;0.41;1.22;3.75;125.8;113.3;2.6;2.4;7.5;0.43;0.07;0.07;0.1
13;0;0;100;0;18.26;2.29;6.73;2.13;2.08;0.211;72.7;9.85;5.3;2.7;0.47;1.51;3.7;202.1;160.8;30.8;3;7.4;0.93;0.74;0.17;0.24;0.42;0.43;0.092;27.3;4.44;2.03;1.45;0.25;0.78;3.03;75.9;66.4;1.9;1.6;6.1;0.28;0.03;0.04;0.07
13;0;0;100;50;18.99;2.88;8.45;2.43;2.46;0.215;71.3;11.41;6.04;3.11;0.55;1.73;4.69;199;154.9;31.3;3.5;9.4;0.92;1.07;0.2;0.27;0.63;0.63;0.095;28.7;6.5;3.06;2.03;0.37;1.15;3.76;79.9;68.4;1.7;2.3;7.5;0.42;0.04;0.08;0.09
13;0;0;100;100;19.13;3.44;9.89;2.93;2.98;0.236;69.8;12.64;6.95;3.42;0.56;1.9;5.48;195.3;149.9;30.7;3.8;11;0.91;1.54;0.22;0.31;0.76;0.82;0.097;30.2;8.38;3.85;2.73;0.46;1.54;4.41;84.3;70;2.4;3.1;8.8;0.54;0.06;0.09;0.13
13;0;50;0;0;14.75;1.98;5.56;2.25;2.18;0.218;58.4;10;5.48;2.64;0.48;1.55;3.04;196.1;162.3;24.6;3.1;6.1;0.98;0.79;0.17;0.24;0.23;0.24;0.086;41.6;2.37;1.09;0.77;0.14;0.43;2.52;139.6;131.8;1.9;0.9;5;0.14;0.04;0.03;0.03
13;0;50;0;50;14.36;2.16;6.16;2.47;2.54;0.235;57.7;10.82;5.94;2.94;0.51;1.66;3.39;193.3;159.7;23.5;3.3;6.8;0.94;1.17;0.18;0.25;0.29;0.29;0.092;42.3;2.75;1.31;0.83;0.14;0.5;2.77;141.8;133.6;1.7;1;5.5;0.15;0.06;0.03;0.04
13;0;50;0;100;14.03;2.13;6.24;2.91;2.85;0.251;57;11.4;6.34;3;0.5;1.64;3.44;190.8;157.6;23;3.3;6.9;0.93;1.48;0.19;0.24;0.31;0.31;0.096;43;2.86;1.31;0.91;0.14;0.49;2.8;144;134.9;2.5;1;5.6;0.16;0.08;0.03;0.04
13;0;50;50;0;17.17;2.4;6.89;2.41;2.36;0.21;61.7;11.25;6.03;3.11;0.52;1.71;3.81;196.8;157;28.7;3.4;7.6;0.91;0.98;0.2;0.27;0.33;0.37;0.093;38.3;3.74;1.74;1.21;0.2;0.7;3.09;122;112.8;1.7;1.4;6.2;0.23;0.04;0.05;0.05
13;0;50;50;50;17.17;2.77;8.04;2.81;2.82;0.23;60.6;12.27;6.63;3.29;0.57;1.84;4.5;193.7;153;28;3.7;9;0.9;1.42;0.21;0.28;0.5;0.52;0.097;39.4;5.18;2.38;1.65;0.29;0.93;3.55;125.7;115;1.7;1.9;7.1;0.33;0.06;0.06;0.08
13;0;50;50;100;17.45;3.13;9.39;3.37;3.36;0.252;60.8;13.38;7.43;3.51;0.61;1.87;5.2;203.6;147.7;41.7;3.7;10.4;0.87;1.98;0.21;0.31;0.63;0.71;0.099;39.2;7.01;3.17;2.28;0.39;1.26;4.2;131.3;117.9;2.5;2.5;8.4;0.44;0.09;0.08;0.1
13;0;50;100;0;19.14;2.71;7.98;2.61;2.64;0.211;71.3;12.5;6.63;3.5;0.6;1.91;4.43;197.5;152.6;32.3;3.8;8.9;0.89;1.22;0.22;0.31;0.42;0.45;0.094;28.7;4.55;2.11;1.43;0.26;0.79;3.54;79.5;69.2;1.7;1.6;7.1;0.29;0.04;0.05;0.07
13;0;50;100;50;20.15;3.32;9.78;3.21;3.25;0.232;71.3;14.01;7.67;3.85;0.64;2.11;5.39;209.8;145.5;49.3;4.2;10.8;0.85;1.8;0.25;0.34;0.65;0.67;0.097;28.7;6.84;3.16;2.2;0.38;1.21;4.38;84.4;71.5;1.8;2.4;8.8;0.44;0.07;0.07;0.09
13;0;50;100;100;20.01;3.8;10.78;3.87;3.78;0.25;69.7;15.16;8.53;3.87;0.71;2.22;5.85;204.1;139.7;48.3;4.4;11.7;0.85;2.34;0.25;0.35;0.93;0.87;0.098;30.3;8.73;4.11;2.77;0.45;1.57;4.92;88.7;73.4;2.2;3.1;9.8;0.57;0.08;0.1;0.13
13;0;100;0;0;15.33;2.26;6.61;2.63;2.63;0.22;58.6;11.96;6.52;3.29;0.55;1.8;3.64;204.9;156;38;3.6;7.3;0.92;1.2;0.22;0.29;0.27;0.26;0.089;41.4;2.56;1.19;0.84;0.13;0.47;2.97;144.6;136;1.7;0.9;5.9;0.15;0.06;0.02;0.04
13;0;100;0;50;15;2.39;6.82;3.18;3.15;0.247;57.7;12.77;7.08;3.37;0.55;1.84;3.76;200.9;152.8;36.9;3.7;7.5;0.9;1.75;0.21;0.3;0.33;0.33;0.099;42.3;2.96;1.4;0.92;0.16;0.55;3.07;147.1;138.2;1.7;1.1;6.1;0.16;0.08;0.03;0.05
13;0;100;0;100;14.71;2.61;6.98;3.6;3.64;0.271;56.7;13.43;7.65;3.38;0.61;2.01;3.84;197.1;149.7;35.7;4;7.7;0.85;2.25;0.24;0.3;0.36;0.36;0.108;43.3;3.08;1.53;0.93;0.16;0.61;3.14;150.3;140.2;2.6;1.2;6.3;0.16;0.12;0.04;0.04
13;0;100;50;0;18.09;2.79;7.95;3.18;3.14;0.226;61.7;13.85;7.5;3.78;0.63;2.08;4.4;206.3;148.3;45;4.2;8.8;0.88;1.67;0.25;0.33;0.41;0.4;0.095;38.3;3.92;1.84;1.23;0.23;0.71;3.55;127.9;117.6;1.7;1.4;7.1;0.24;0.06;0.04;0.06
13;0;100;50;50;18.09;3.21;9.05;3.59;3.55;0.243;60.6;14.61;8.16;3.83;0.63;2.22;4.97;202.4;144.1;43.9;4.4;9.9;0.84;2.13;0.25;0.34;0.58;0.56;0.099;39.4;5.49;2.61;1.68;0.3;0.99;4.08;131.7;119.9;1.6;2;8.2;0.35;0.08;0.05;0.08
13;0;100;50;100;18.12;3.49;9.98;4.29;4.3;0.276;59.2;15.59;8.91;3.92;0.69;2.2;5.55;198.3;139.3;43.5;4.4;11.1;0.79;2.9;0.27;0.34;0.7;0.74;0.102;40.8;7.13;3.32;2.25;0.38;1.29;4.43;136.4;122.6;2.3;2.6;8.9;0.45;0.11;0.08;0.1
13;0;100;100;0;20.22;3.23;9.34;3.37;3.42;0.223;71.1;15.32;8.36;4.09;0.68;2.38;5.1;208;142.6;50.4;4.8;10.2;0.86;1.93;0.27;0.37;0.47;0.51;0.097;28.9;5.08;2.32;1.68;0.28;0.86;4.24;84.3;72.5;1.7;1.7;8.5;0.32;0.05;0.05;0.09
13;0;100;100;50;21.05;3.84;10.96;4.02;4.08;0.24;69.6;16.96;9.33;4.56;0.81;2.53;6.01;203.9;135.2;51.6;5.1;12;0.78;2.59;0.31;0.4;0.67;0.72;0.098;30.4;7.17;3.3;2.26;0.4;1.31;4.94;88.9;74.9;1.5;2.6;9.9;0.46;0.07;0.07;0.11
13;0;100;100;100;21.25;4.25;12.3;5.01;4.99;0.275;67.9;18.19;10.41;4.58;0.79;2.6;6.82;198.1;128.3;51;5.2;13.6;0.76;3.54;0.29;0.4;0.91;0.93;0.1;32.1;9.2;4.3;2.91;0.53;1.66;5.49;93.6;77.2;2.1;3.3;11;0.6;0.1;0.1;0.14
13;50;0;0;0;15.62;2.24;6.39;2.93;2.88;0.246;51.8;11.73;6.65;3.04;0.55;1.75;3.44;147.5;113.8;23.4;3.5;6.9;1.86;0.56;0.2;0.27;0.3;0.28;0.089;48.2;2.76;1.31;0.84;0.15;0.5;2.95;137.4;126.2;4.3;1;5.9;0.13;0.07;0.03;0.04
13;50;0;0;50;15.65;2.38;6.7;3.11;3.01;0.249;51.4;12.12;6.85;3.18;0.54;1.8;3.65;146.8;113;22.8;3.6;7.3;1.82;0.71;0.21;0.27;0.33;0.33;0.095;48.6;3.22;1.52;1.02;0.15;0.57;3.05;138.7;127;4.5;1.1;6.1;0.14;0.12;0.03;0.04
13;50;0;0;100;14.83;2.6;7.07;3.38;3.3;0.258;50.8;12.82;7.25;3.28;0.58;1.93;3.98;145.9;112.6;21.4;3.9;8;1.83;0.94;0.24;0.28;0.43;0.42;0.11;49.2;3.67;1.75;1.18;0.17;0.67;3.09;141.3;127.4;6.4;1.3;6.2;0.15;0.18;0.04;0.05
13;50;0;50;0;17.89;2.6;7.38;2.96;3.01;0.24;55.7;12.55;6.94;3.28;0.55;1.89;4.01;150.4;111.2;27.4;3.8;8;1.83;0.65;0.24;0.29;0.38;0.4;0.094;44.3;4.04;1.86;1.32;0.21;0.72;3.38;119.8;107.3;4.3;1.4;6.8;0.22;0.07;0.05;0.06
13;50;0;50;50;18;2.97;8.45;3.31;3.15;0.241;54.8;13.09;7.37;3.41;0.56;1.96;4.62;149.1;109.3;26.6;3.9;9.2;1.77;0.87;0.22;0.29;0.56;0.57;0.098;45.2;5.68;2.65;1.74;0.35;1.02;3.83;123;108.9;4.5;2;7.7;0.31;0.11;0.07;0.08
13;50;0;50;100;17.88;3.46;9.59;3.63;3.59;0.255;53.7;14.1;7.95;3.57;0.61;2.12;5.28;148.1;107.2;26.1;4.2;10.6;1.78;1.25;0.26;0.31;0.73;0.76;0.103;46.3;7.26;3.41;2.33;0.39;1.34;4.31;127.9;110.7;5.9;2.7;8.6;0.41;0.17;0.08;0.1
13;50;0;100;0;19.58;2.87;8.1;3.01;3.04;0.236;66.3;12.94;7.1;3.43;0.58;1.98;4.57;153.4;110.1;30.3;4;9.1;1.79;0.72;0.23;0.3;0.44;0.48;0.095;33.7;4.86;2.23;1.61;0.24;0.88;3.53;78.1;65;4.3;1.8;7.1;0.28;0.07;0.05;0.07
13;50;0;100;50;20.2;3.4;9.84;3.35;3.31;0.236;64.6;14.08;7.74;3.77;0.64;2.1;5.31;151.3;105.9;30.5;4.2;10.6;1.73;1.02;0.24;0.32;0.67;0.72;0.098;35.4;7.23;3.32;2.37;0.42;1.29;4.53;82.7;67;4.1;2.6;9.1;0.42;0.1;0.08;0.11
13;50;0;100;100;20.46;3.78;11.16;3.79;3.83;0.249;63.2;15.4;8.47;4.07;0.73;2.2;6.16;150.4;103.3;30.3;4.4;12.3;1.7;1.52;0.26;0.35;0.89;0.91;0.102;36.8;8.83;4.14;2.75;0.48;1.58;5;87.5;68.3;6;3.2;10;0.52;0.17;0.1;0.13
13;50;50;0;0;15.91;2.72;7.84;3.85;3.79;0.249;51.6;15.22;8.48;4.09;0.72;2.22;4.35;148.9;111.6;24.1;4.4;8.7;2.39;0.78;0.27;0.35;0.28;0.29;0.092;48.4;2.71;1.29;0.87;0.15;0.5;3.49;139.8;128.4;3.5;1;7;0.13;0.09;0.03;0.04
13;50;50;0;50;15.3;2.81;8.17;4.19;4.14;0.26;50.8;15.95;8.93;4.14;0.74;2.27;4.51;146.5;109.9;23.1;4.5;9;2.41;1.1;0.26;0.37;0.33;0.34;0.101;49.2;3.1;1.42;1.03;0.17;0.55;3.65;141.8;130.1;3.2;1.1;7.3;0.15;0.12;0.04;0.04
13;50;50;0;100;14.91;2.95;8.45;4.46;4.44;0.268;50;16.59;9.4;4.25;0.7;2.35;4.72;144.9;108.7;22.1;4.7;9.4;2.36;1.44;0.27;0.37;0.41;0.41;0.111;50;3.42;1.66;1.05;0.18;0.6;3.73;145;131.3;5;1.2;7.5;0.15;0.17;0.04;0.05
13;50;50;50;0;18.05;3.07;8.86;3.9;3.88;0.242;55.1;16.05;8.84;4.25;0.72;2.33;4.87;150.5;108.1;28;4.7;9.7;2.29;0.92;0.28;0.38;0.39;0.4;0.097;44.9;4;1.88;1.26;0.21;0.73;3.99;122.6;109.9;3.3;1.5;8;0.23;0.08;0.04;0.06
13;50;50;50;50;18.13;3.48;10.13;4.36;4.35;0.253;54;17.27;9.68;4.49;0.77;2.52;5.56;148.6;104.8;27.6;5;11.1;2.27;1.39;0.29;0.4;0.55;0.57;0.101;46;5.49;2.58;1.69;0.3;0.96;4.56;126.8;112.6;3.1;1.9;9.1;0.32;0.12;0.06;0.08
13;50;50;50;100;18.25;3.99;11.15;4.9;4.82;0.267;54.8;18.08;10.38;4.58;0.78;2.61;6.16;160.2;102;40.7;5.2;12.3;2.18;1.92;0.32;0.39;0.73;0.77;0.105;45.2;7.25;3.47;2.25;0.37;1.38;4.99;132.3;115;4.5;2.8;10;0.42;0.16;0.08;0.11
13;50;50;100;0;20.16;3.42;9.98;4.18;4.18;0.239;65.1;17.57;9.68;4.68;0.81;2.58;5.48;152.1;104.2;31.8;5.2;11;2.26;1.21;0.3;0.42;0.48;0.49;0.098;34.9;4.83;2.27;1.5;0.27;0.83;4.5;81.7;67.9;3.1;1.7;9;0.28;0.07;0.06;0.07
13;50;50;100;50;20.78;4.07;11.67;4.64;4.7;0.252;66;18.7;10.41;4.96;0.81;2.77;6.41;166.5;100.3;47.9;5.5;12.8;2.18;1.77;0.33;0.42;0.67;0.73;0.1;34;7.19;3.3;2.35;0.4;1.29;5.26;85.9;69.9;3;2.6;10.5;0.43;0.12;0.07;0.11
13;50;50;100;100;20.93;4.52;12.83;5.17;5.14;0.262;64.3;19.63;11.18;4.98;0.86;2.91;7.07;163.7;96.3;47.4;5.8;14.1;2.03;2.33;0.34;0.45;0.91;0.94;0.102;35.7;9.09;4.23;2.83;0.5;1.61;5.76;91;71.8;4.4;3.2;11.5;0.55;0.16;0.1;0.13
13;50;100;0;0;15.88;3.24;9.32;4.92;4.89;0.254;52.5;19.33;10.81;5;0.82;2.77;5.1;159.9;107.2;37;5.5;10.2;2.94;1.18;0.34;0.43;0.3;0.29;0.095;47.5;2.71;1.31;0.85;0.13;0.48;4.22;144.5;132.8;2.3;1;8.4;0.14;0.08;0.03;0.04
13;50;100;0;50;15.63;3.38;9.65;5.32;5.34;0.269;51.8;19.9;11.3;5.03;0.94;2.84;5.39;158;105.8;35.7;5.7;10.8;2.88;1.69;0.32;0.45;0.36;0.35;0.106;48.2;3.03;1.43;0.92;0.16;0.54;4.27;147.3;134.2;3.5;1.1;8.5;0.15;0.13;0.03;0.05
13;50;100;0;100;15.38;3.39;9.81;5.81;5.78;0.283;51;20.45;11.78;5.14;0.89;2.87;5.39;155.6;104;35;5.7;10.8;2.83;2.18;0.33;0.45;0.4;0.4;0.117;49;3.17;1.49;0.96;0.2;0.52;4.42;149.3;136;3.5;1;8.8;0.15;0.17;0.03;0.05
13;50;100;50;0;18.68;3.76;10.83;5.21;5.25;0.254;56.3;20.72;11.51;5.52;0.93;3;5.96;164.5;102.8;43.8;6;11.9;2.79;1.62;0.35;0.48;0.41;0.42;0.1;43.7;4.08;1.91;1.33;0.23;0.76;4.87;127.9;114.4;2.3;1.5;9.7;0.23;0.08;0.04;0.07
13;50;100;50;50;18.43;4.17;11.67;5.69;5.68;0.264;54.9;21.53;12.2;5.48;0.98;3.12;6.47;161.5;100;42.3;6.2;12.9;2.76;2.07;0.38;0.48;0.57;0.59;0.103;45.1;5.59;2.7;1.71;0.26;1.04;5.2;132.5;116.7;3.3;2.1;10.4;0.34;0.11;0.06;0.08
13;50;100;50;100;18.24;4.37;12.61;6.2;6.21;0.285;53.9;21.81;12.55;5.51;0.95;3.03;7.08;158.6;97.5;40.9;6.1;14.2;2.66;2.71;0.35;0.49;0.76;0.79;0.105;46.1;7.45;3.51;2.3;0.4;1.34;5.53;135.6;118.8;3.1;2.7;11.1;0.46;0.15;0.08;0.1
13;50;100;100;0;20.86;4.13;11.75;5.5;5.46;0.249;66.2;21.99;12.18;5.81;1.01;3.21;6.46;167.3;98.3;49.6;6.4;12.9;2.7;1.91;0.36;0.5;0.48;0.5;0.098;33.8;4.93;2.37;1.53;0.24;0.91;5.29;85.5;70.9;2.2;1.8;10.6;0.3;0.08;0.06;0.07
13;50;100;100;50;21.36;4.58;13.3;5.99;5.97;0.259;64.7;23.08;12.99;5.95;1.04;3.33;7.35;165.4;94;50;6.7;14.7;2.56;2.51;0.4;0.52;0.68;0.74;0.101;35.3;7.2;3.28;2.33;0.4;1.25;5.95;90.4;73;3;2.5;11.9;0.45;0.1;0.08;0.11
13;50;100;100;100;21.71;5.07;14.56;6.9;6.87;0.282;63.1;24.36;14.05;6.13;1.09;3.41;8.07;161.9;88.9;50;6.8;16.1;2.46;3.47;0.39;0.55;0.91;0.94;0.102;36.9;9.03;4.32;2.81;0.47;1.65;6.49;94.6;75.5;2.8;3.3;13;0.58;0.13;0.1;0.13
13;100;0;0;0;17.23;2.67;7.63;3.69;3.69;0.258;44.9;14.34;8.02;3.69;0.65;2.07;4.28;113.2;77.5;23;4.1;8.6;2.57;0.55;0.25;0.32;0.34;0.34;0.094;55.1;3.33;1.6;1.02;0.17;0.6;3.35;138.9;123.7;7.3;1.2;6.7;0.13;0.13;0.04;0.04
13;100;0;0;50;16.81;2.8;8.04;3.88;3.79;0.261;44.8;14.54;8.27;3.77;0.63;2.06;4.48;112.7;78;21.7;4.1;9;2.56;0.66;0.23;0.34;0.49;0.45;0.106;55.2;4.02;1.91;1.23;0.21;0.74;3.56;139.1;123.1;7.4;1.5;7.1;0.14;0.21;0.04;0.06
13;100;0;0;100;16.73;3.08;8.7;4.16;4.16;0.266;43.9;15.67;8.86;3.97;0.7;2.29;4.84;112.8;77.2;21.3;4.6;9.7;2.6;0.94;0.28;0.34;0.51;0.57;0.121;56.1;4.65;2.2;1.45;0.26;0.79;3.86;144.4;124.1;11;1.6;7.7;0.15;0.31;0.05;0.07
13;100;0;50;0;19.26;3.09;8.68;3.73;3.76;0.252;48.9;14.95;8.32;3.96;0.64;2.23;4.79;116.5;76;26.5;4.5;9.6;2.52;0.64;0.26;0.34;0.45;0.46;0.097;51.1;4.61;2.17;1.44;0.23;0.86;3.89;121.8;105;7.3;1.7;7.8;0.22;0.13;0.05;0.06
13;100;0;50;50;19.27;3.4;9.76;4.03;3.99;0.254;48.3;15.75;8.81;4.05;0.71;2.29;5.36;116.2;75;26;4.6;10.7;2.52;0.84;0.27;0.36;0.64;0.66;0.103;51.7;6.3;2.92;1.97;0.36;1.11;4.4;124.3;106.3;7;2.2;8.8;0.31;0.19;0.07;0.09
13;100;0;50;100;19.29;3.92;11.22;4.25;4.32;0.263;47.1;16.42;9.31;4.28;0.74;2.43;6.22;116.6;74.2;25.1;4.9;12.4;2.47;1.21;0.28;0.36;0.9;0.92;0.109;52.9;8.33;3.91;2.61;0.47;1.49;5;130.8;107.3;10.5;3;10;0.41;0.3;0.09;0.12
13;100;0;100;0;21.11;3.19;9.22;3.86;3.82;0.247;59.5;15.47;8.59;4.04;0.75;2.22;5.09;119.4;74.6;30.1;4.4;10.2;2.48;0.72;0.26;0.36;0.47;0.51;0.097;40.5;5.1;2.42;1.57;0.27;0.96;4.13;81.1;64;6.9;1.9;8.3;0.26;0.12;0.05;0.07
13;100;0;100;50;21.68;3.8;11.12;4.07;4.1;0.246;58.5;16.7;9.22;4.43;0.76;2.45;6.2;119.9;72.7;29.9;4.9;12.4;2.41;1.02;0.29;0.39;0.76;0.79;0.102;41.5;7.64;3.5;2.47;0.42;1.36;4.92;85;65.5;7;2.7;9.8;0.4;0.19;0.08;0.11
13;100;0;100;100;21.71;4.22;12.48;4.51;4.52;0.257;56.6;17.58;9.75;4.61;0.84;2.54;6.89;119.3;71.1;29.3;5.1;13.8;2.35;1.48;0.29;0.4;0.98;1.04;0.106;43.4;9.73;4.48;3.11;0.51;1.69;5.59;91.5;66.7;10.3;3.4;11.2;0.52;0.29;0.1;0.14
13;100;50;0;0;17.53;3.44;9.9;5.2;5.2;0.263;45.3;19.83;11.18;5.12;0.88;2.79;5.54;116.9;76.7;23.5;5.6;11.1;3.66;0.76;0.33;0.44;0.37;0.37;0.102;54.7;3.37;1.6;1.03;0.18;0.65;4.35;141.3;124.9;6.4;1.3;8.7;0.13;0.16;0.04;0.04
13;100;50;0;50;17.19;3.54;10.31;5.6;5.51;0.27;44.3;20.44;11.69;5.26;0.89;2.83;5.75;115.9;76.2;22.6;5.7;11.5;3.63;1.08;0.34;0.46;0.45;0.48;0.115;55.7;3.98;1.86;1.25;0.18;0.71;4.56;145.7;125.6;9.5;1.4;9.1;0.14;0.24;0.04;0.06
13;100;50;0;100;16.8;3.62;10.69;5.94;5.79;0.277;43.8;20.94;12.03;5.29;0.89;2.86;5.87;114.6;75.8;21.4;5.7;11.7;3.63;1.37;0.32;0.47;0.59;0.6;0.128;56.2;4.51;2.17;1.39;0.24;0.76;4.83;147;126.3;9.4;1.5;9.7;0.14;0.34;0.05;0.06
13;100;50;50;0;19.77;3.77;11.09;5.52;5.33;0.256;49;20.89;11.73;5.47;0.97;2.94;6.16;119.7;74.2;27.3;5.9;12.3;3.58;0.94;0.33;0.48;0.49;0.49;0.102;51;4.65;2.18;1.47;0.28;0.82;4.93;124.8;107.3;6.1;1.6;9.9;0.22;0.15;0.05;0.07
13;100;50;50;50;19.82;4.33;12.15;5.75;5.7;0.264;47.6;21.64;12.18;5.56;0.98;3.15;6.73;119.2;72.8;26.6;6.3;13.5;3.49;1.37;0.36;0.48;0.71;0.7;0.108;52.4;6.41;3.09;1.95;0.34;1.19;5.42;131.2;109;9;2.4;10.8;0.32;0.23;0.06;0.09
13;100;50;50;100;19.75;4.7;13.38;6.05;6.1;0.275;49.3;22.21;12.74;5.6;0.94;3.21;7.32;131.2;71.1;39;6.4;14.6;3.39;1.85;0.38;0.48;0.92;0.95;0.113;50.7;8.35;4.03;2.58;0.44;1.49;6.07;135;111.1;8.8;3;12.1;0.42;0.32;0.09;0.13
13;100;50;100;0;21.53;4.15;11.82;5.48;5.44;0.253;59.1;21.54;12.11;5.56;0.95;3.16;6.54;122.1;72;30.7;6.3;13.1;3.42;1.16;0.37;0.5;0.53;0.57;0.101;40.9;5.47;2.53;1.77;0.32;0.99;5.27;84.5;66;5.9;2;10.5;0.28;0.14;0.06;0.08
13;100;50;100;50;22.19;4.71;13.48;5.82;5.91;0.262;60.2;22.58;12.68;5.88;1;3.24;7.47;137.7;70;46.3;6.5;14.9;3.32;1.71;0.37;0.51;0.87;0.84;0.105;39.8;7.83;3.7;2.46;0.41;1.47;6.01;91.2;67.5;8.8;2.9;12;0.42;0.23;0.08;0.11
13;100;50;100;100;22.31;5.17;14.82;6.41;6.41;0.271;59.1;23.7;13.42;6.13;1.03;3.37;8.13;136.4;67.6;45.9;6.7;16.3;3.27;2.23;0.4;0.52;1.02;1.08;0.109;40.9;9.83;4.62;3.12;0.52;1.8;6.69;94.5;69.3;8.2;3.6;13.4;0.54;0.3;0.11;0.14
13;100;100;0;0;17.73;4.12;11.53;6.26;6.28;0.264;47.2;23.8;13.45;6.22;1.04;3.5;6.32;129.9;74.4;35.9;7;12.6;4.21;1.14;0.39;0.54;0.41;0.4;0.11;52.8;3.41;1.62;1.08;0.17;0.62;5.22;145.3;128.4;5.3;1.2;10.4;0.13;0.18;0.04;0.05
13;100;100;0;50;17.26;4.09;11.74;6.98;6.75;0.276;46.1;24.48;14.18;6.09;1.07;3.39;6.37;127.8;73.2;35.1;6.8;12.7;4.17;1.65;0.4;0.53;0.52;0.51;0.123;53.9;3.86;1.89;1.17;0.23;0.69;5.38;149.8;130.2;7.4;1.4;10.8;0.14;0.26;0.04;0.06
13;100;100;0;100;16.98;4.17;12.2;7.08;7.14;0.287;45.6;24.88;14.37;6.14;1.14;3.43;6.75;126.6;72.8;33.5;6.9;13.5;4.1;2.11;0.39;0.54;0.58;0.64;0.145;54.4;4.33;2.09;1.34;0.21;0.74;5.44;151;130.8;7.8;1.5;10.9;0.15;0.39;0.04;0.06
13;100;100;50;0;20.21;4.4;12.71;6.67;6.61;0.264;51.3;25.11;14.13;6.5;1.18;3.54;7.09;135.4;71.2;42.9;7.1;14.2;4.04;1.58;0.42;0.57;0.52;0.51;0.107;48.7;4.59;2.19;1.37;0.29;0.85;5.62;128.9;111;5;1.7;11.2;0.22;0.17;0.04;0.07
13;100;100;50;50;19.88;4.76;13.62;6.96;6.9;0.272;49.7;25.41;14.54;6.37;1.16;3.58;7.48;133;70;40.9;7.2;15;3.94;1.96;0.42;0.57;0.71;0.77;0.115;50.3;6.58;3.07;2.09;0.34;1.19;6.13;134.7;112.5;7.5;2.4;12.3;0.33;0.27;0.07;0.1
13;100;100;50;100;19.87;5.1;14.54;7.5;7.49;0.289;49;25.97;15.11;6.34;1.15;3.66;8.04;132;68.4;40.2;7.3;16.1;3.88;2.65;0.42;0.55;0.96;0.99;0.12;51;8.16;3.89;2.51;0.46;1.44;6.5;137.5;114.5;7.1;2.9;13;0.42;0.36;0.08;0.12
13;100;100;100;0;22.12;4.85;13.72;6.79;6.76;0.259;61.3;26.17;14.78;6.74;1.14;3.84;7.53;139;68.1;48.1;7.7;15.1;3.89;1.85;0.43;0.6;0.59;0.6;0.105;38.7;5.59;2.6;1.79;0.31;1.01;6.19;87.9;68.9;4.6;2;12.4;0.29;0.17;0.06;0.08
13;100;100;100;50;22.64;5.3;15.35;7.23;7.21;0.267;59.6;27.06;15.47;6.89;1.22;3.91;8.51;138.9;65.8;48.3;7.8;17;3.71;2.44;0.45;0.61;0.89;0.89;0.109;40.4;8.04;3.78;2.56;0.42;1.39;6.84;94.1;70.7;7;2.8;13.7;0.44;0.25;0.09;0.12
13;100;100;100;100;22.74;5.65;16.14;7.94;7.91;0.286;58.3;27.64;15.94;6.94;1.18;3.86;8.82;136.4;63.3;47.7;7.7;17.6;3.6;3.26;0.46;0.59;1.11;1.14;0.113;41.7;9.95;4.67;3.09;0.56;1.79;7.32;97.3;72.5;6.6;3.6;14.6;0.56;0.34;0.1;0.14
14;0;0;0;0;14.87;1.66;5.01;2.03;2.02;0.228;59.4;8.84;4.76;2.39;0.45;1.27;2.78;199.7;166.4;25.2;2.5;5.6;1.06;0.59;0.14;0.21;0.22;0.22;0.082;40.6;2.24;1.03;0.7;0.13;0.4;2.23;136.2;129;1.9;0.8;4.5;0.13;0.03;0.02;0.03
14;0;0;0;50;14.48;1.83;5.23;2.18;2.16;0.234;58.9;9.24;5.01;2.49;0.4;1.36;2.91;197.4;164.7;24.1;2.7;5.8;1.04;0.75;0.16;0.22;0.21;0.25;0.086;41.1;2.5;1.15;0.79;0.15;0.47;2.31;137.5;130.2;1.8;0.9;4.6;0.14;0.04;0.02;0.04
14;0;0;0;100;14.25;1.9;5.57;2.43;2.43;0.244;58.2;9.96;5.49;2.62;0.43;1.43;3.12;195.4;162.7;23.5;2.9;6.2;1;1.03;0.17;0.23;0.29;0.28;0.092;41.8;2.68;1.23;0.87;0.15;0.47;2.45;140.2;131.5;2.9;0.9;4.9;0.14;0.07;0.03;0.04
14;0;0;50;0;16.72;2.08;5.82;2.06;2.05;0.221;63.1;9.29;5.05;2.5;0.43;1.41;3.21;201.1;163.5;28.4;2.8;6.4;1;0.68;0.16;0.22;0.31;0.33;0.09;36.9;3.45;1.64;1.07;0.18;0.67;2.61;117.5;109.2;1.8;1.3;5.2;0.21;0.03;0.04;0.05
14;0;0;50;50;16.87;2.4;7.02;2.38;2.32;0.227;62.3;10.23;5.62;2.74;0.45;1.52;3.99;199.2;160.2;28;3;8;0.99;0.89;0.19;0.25;0.47;0.46;0.093;37.7;4.78;2.26;1.52;0.25;0.89;3.03;120.6;111;1.8;1.8;6.1;0.3;0.04;0.05;0.07
14;0;0;50;100;16.99;2.82;8.24;2.74;2.78;0.244;60.7;11.41;6.19;3.12;0.53;1.64;4.53;194.8;155.1;27.4;3.3;9.1;0.97;1.34;0.2;0.27;0.66;0.64;0.097;39.3;6.53;3;2.08;0.34;1.19;3.7;126.3;113.8;2.7;2.4;7.4;0.41;0.07;0.07;0.1
14;0;0;100;0;18.32;2.38;6.57;2.15;2.17;0.218;72.9;9.95;5.32;2.72;0.48;1.56;3.72;202.7;161.1;31.1;3.1;7.4;0.99;0.74;0.19;0.25;0.39;0.41;0.091;27.1;4.32;2.03;1.34;0.22;0.81;2.85;75.4;66.3;1.7;1.6;5.7;0.28;0.03;0.04;0.06
14;0;0;100;50;19.24;2.95;8.24;2.56;2.52;0.22;71.4;11.49;6.23;3.14;0.5;1.77;4.63;199.4;154.6;32;3.5;9.3;0.95;1.09;0.2;0.27;0.58;0.6;0.094;28.6;6.24;2.9;1.97;0.37;1.18;3.61;79.7;68.5;1.7;2.4;7.2;0.4;0.04;0.06;0.09
14;0;0;100;100;19.54;3.39;9.7;3.09;3.07;0.238;69.9;12.88;7.16;3.42;0.59;1.92;5.47;195.6;149;31.8;3.8;10.9;0.93;1.61;0.22;0.31;0.77;0.77;0.096;30.1;7.9;3.65;2.52;0.45;1.47;4.22;84.3;70.3;2.6;2.9;8.4;0.51;0.06;0.08;0.11
14;0;50;0;0;15.18;1.94;5.66;2.21;2.25;0.222;58.4;10.13;5.45;2.76;0.49;1.53;3.08;196.6;161.8;25.6;3.1;6.2;1.02;0.83;0.16;0.24;0.22;0.23;0.085;41.6;2.24;1.06;0.7;0.12;0.41;2.58;139.9;132.2;1.8;0.8;5.2;0.13;0.04;0.02;0.04
14;0;50;0;50;15.03;2.16;6.08;2.57;2.62;0.241;57.8;10.92;5.97;2.95;0.52;1.65;3.36;194.2;159.5;24.7;3.3;6.7;0.99;1.18;0.2;0.25;0.27;0.28;0.092;42.2;2.73;1.29;0.87;0.14;0.51;2.73;142.1;133.7;1.9;1;5.5;0.15;0.07;0.03;0.04
14;0;50;0;100;14.57;2.16;6.24;2.96;2.93;0.254;56.8;11.56;6.44;2.96;0.56;1.66;3.43;190.6;156.4;24;3.3;6.9;0.94;1.55;0.19;0.25;0.28;0.31;0.1;43.2;2.8;1.3;0.9;0.15;0.5;2.8;145;135.7;2.6;1;5.6;0.15;0.09;0.03;0.04
14;0;50;50;0;17.75;2.44;7.06;2.46;2.46;0.213;61.7;11.51;6.13;3.3;0.53;1.75;3.84;197.4;156.5;29.8;3.5;7.7;0.97;1.02;0.2;0.27;0.34;0.35;0.091;38.3;3.59;1.68;1.13;0.19;0.68;3.21;122.7;113.1;1.8;1.4;6.4;0.22;0.04;0.04;0.06
14;0;50;50;50;17.63;2.86;8.11;2.92;2.97;0.233;60.6;12.71;6.9;3.46;0.6;1.95;4.56;193.9;151.8;29.1;3.9;9.1;0.95;1.48;0.23;0.31;0.48;0.49;0.096;39.4;5;2.31;1.61;0.26;0.91;3.55;126.3;115.7;1.7;1.8;7.1;0.31;0.06;0.05;0.07
14;0;50;50;100;17.7;3.21;9.18;3.52;3.48;0.256;60.9;13.56;7.62;3.5;0.62;1.98;5.14;204.4;147.6;42.5;4;10.3;0.95;2;0.23;0.3;0.66;0.67;0.098;39.1;6.71;3.06;2.23;0.35;1.23;4.04;131.1;118;2.6;2.5;8.1;0.42;0.09;0.06;0.1
14;0;50;100;0;19.26;2.78;7.87;2.69;2.67;0.216;71.2;12.39;6.65;3.41;0.57;1.9;4.4;197.4;152.4;32.4;3.8;8.8;0.93;1.21;0.23;0.3;0.41;0.45;0.094;28.8;4.62;2.12;1.5;0.26;0.88;3.46;79.6;69.2;1.7;1.8;6.9;0.29;0.04;0.05;0.07
14;0;50;100;50;20.29;3.36;9.65;3.42;3.39;0.236;71.5;14.37;7.88;3.88;0.67;2.13;5.43;210.8;145.4;50.2;4.3;10.9;0.94;1.86;0.25;0.34;0.6;0.64;0.096;28.5;6.54;3.07;2.01;0.36;1.23;4.22;84;71.5;1.6;2.5;8.4;0.42;0.06;0.07;0.09
14;0;50;100;100;20.61;3.72;10.83;3.91;3.87;0.252;69.9;15.37;8.59;4.06;0.67;2.23;5.98;205.5;139.1;49.9;4.5;12;0.85;2.42;0.26;0.34;0.78;0.81;0.097;30.2;8.2;3.83;2.54;0.45;1.49;4.85;88.6;73.6;2.3;3;9.7;0.53;0.08;0.08;0.12
14;0;100;0;0;15.69;2.35;6.47;2.74;2.79;0.23;58.6;12.13;6.6;3.3;0.58;1.89;3.56;205.1;155.1;39.1;3.8;7.1;0.96;1.31;0.22;0.29;0.22;0.26;0.091;41.4;2.47;1.16;0.76;0.14;0.46;2.91;145.1;136.6;1.7;0.9;5.8;0.14;0.05;0.03;0.04
14;0;100;0;50;15.5;2.43;6.89;3.25;3.28;0.251;57.8;13.07;7.3;3.42;0.59;1.96;3.83;202;152;38.5;3.9;7.7;0.94;1.8;0.23;0.3;0.29;0.3;0.096;42.2;2.73;1.25;0.91;0.14;0.48;3.05;147.5;138.7;1.7;1;6.1;0.15;0.08;0.03;0.04
14;0;100;0;100;15.11;2.49;7.02;3.81;3.79;0.275;56.9;13.76;7.87;3.46;0.6;1.95;3.92;198.2;149.3;37.2;3.9;7.8;0.94;2.31;0.23;0.31;0.34;0.35;0.105;43.1;3.03;1.46;0.93;0.17;0.54;3.1;150.2;140.5;2.5;1.1;6.2;0.16;0.11;0.03;0.04
14;0;100;50;0;18.57;2.72;7.98;3.26;3.2;0.23;61.9;13.93;7.58;3.85;0.65;2.06;4.43;207.6;148.1;46.5;4.1;8.9;0.92;1.71;0.24;0.32;0.34;0.38;0.095;38.1;3.79;1.72;1.21;0.21;0.66;3.55;127.8;117.7;1.7;1.3;7.1;0.23;0.05;0.04;0.05
14;0;100;50;50;18.49;3.1;9.13;3.71;3.74;0.247;60.5;15.12;8.38;4.02;0.7;2.18;5.03;202.7;142.9;45.4;4.4;10.1;0.91;2.2;0.27;0.35;0.53;0.53;0.097;39.5;5.24;2.41;1.69;0.28;0.92;4.1;132.2;120.6;1.5;1.8;8.2;0.33;0.07;0.05;0.08
14;0;100;50;100;18.61;3.62;10.05;4.47;4.49;0.279;59;16.09;9.31;3.95;0.72;2.29;5.49;198.1;137.7;44.9;4.6;11;0.87;2.99;0.28;0.35;0.7;0.72;0.101;41;7.02;3.27;2.21;0.36;1.33;4.56;137.6;123.5;2.3;2.7;9.1;0.44;0.1;0.07;0.1
14;0;100;100;0;20.11;3.2;9.2;3.46;3.49;0.227;71.4;15.34;8.41;4.16;0.7;2.36;5.14;208.8;143.6;50.2;4.7;10.3;0.93;1.92;0.28;0.36;0.49;0.47;0.095;28.6;4.83;2.25;1.53;0.23;0.84;4.06;83.6;72.1;1.6;1.7;8.1;0.31;0.05;0.05;0.06
14;0;100;100;50;21.32;3.7;10.77;4.21;4.13;0.243;69.7;16.97;9.34;4.53;0.79;2.44;5.98;204.3;134.9;52.6;4.9;12;0.84;2.61;0.29;0.39;0.67;0.68;0.098;30.3;6.83;3.22;2.15;0.36;1.26;4.8;88.6;75;1.5;2.5;9.6;0.44;0.07;0.07;0.09
14;0;100;100;100;21.64;4.14;12.05;5.18;5.08;0.277;68.1;18.33;10.64;4.59;0.78;2.59;6.72;199.3;128.4;52.3;5.2;13.4;0.78;3.59;0.31;0.4;0.83;0.87;0.099;31.9;8.66;3.99;2.74;0.52;1.55;5.33;93.1;77.2;2.1;3.1;10.7;0.56;0.09;0.09;0.12
14;50;0;0;0;15.88;2.29;6.35;3.08;3.06;0.254;51.8;12.11;6.8;3.12;0.57;1.82;3.52;148;112.6;24.7;3.6;7;1.96;0.6;0.23;0.27;0.23;0.25;0.085;48.2;2.51;1.18;0.78;0.15;0.47;2.84;137.6;127.4;3.6;0.9;5.7;0.13;0.06;0.02;0.04
14;50;0;0;50;15.47;2.29;6.61;3.36;3.24;0.258;51.5;12.6;7.13;3.25;0.57;1.79;3.66;146.8;112.1;23.8;3.6;7.3;1.99;0.75;0.21;0.28;0.29;0.29;0.094;48.5;2.84;1.32;0.9;0.17;0.5;2.95;138.3;127.9;3.5;1;5.9;0.13;0.09;0.03;0.04
14;50;0;0;100;14.97;2.51;7.07;3.43;3.45;0.265;50.6;13.03;7.4;3.35;0.56;1.9;3.85;145.2;111.1;22.6;3.8;7.7;1.96;0.98;0.22;0.29;0.35;0.36;0.102;49.4;3.27;1.56;1;0.18;0.61;3.21;141.7;128.9;5.1;1.2;6.4;0.15;0.13;0.03;0.05
14;50;0;50;0;17.82;2.54;7.17;3.2;3.12;0.249;55.9;12.56;7.08;3.2;0.57;1.8;3.96;150.8;111.3;28;3.6;7.9;1.96;0.66;0.22;0.28;0.35;0.36;0.092;44.1;3.7;1.8;1.12;0.18;0.74;3.2;118.8;107.3;3.6;1.5;6.4;0.21;0.06;0.03;0.05
14;50;0;50;50;18.01;2.89;8.3;3.36;3.37;0.25;55;13.54;7.57;3.55;0.58;1.99;4.54;149.4;108.5;27.8;4;9.1;1.92;0.9;0.24;0.31;0.48;0.5;0.095;45;5.05;2.33;1.6;0.26;0.9;3.76;122.3;109.6;3.4;1.8;7.5;0.29;0.09;0.05;0.07
14;50;0;50;100;18.07;3.34;9.61;3.68;3.77;0.261;53.8;14.47;8.1;3.73;0.69;2.11;5.37;148.3;105.9;27.4;4.2;10.7;1.87;1.33;0.24;0.32;0.7;0.68;0.099;46.2;6.75;3.23;2.08;0.35;1.23;4.25;127.6;111.8;4.9;2.5;8.5;0.4;0.12;0.06;0.1
14;50;0;100;0;19.18;2.83;8.03;3.26;3.25;0.245;66.4;13.28;7.32;3.56;0.63;1.98;4.51;152.9;109.4;30.5;4;9;1.96;0.74;0.24;0.31;0.42;0.45;0.093;33.6;4.6;2.16;1.46;0.26;0.84;3.52;77.4;65.3;3.4;1.7;7;0.27;0.06;0.05;0.07
14;50;0;100;50;20.09;3.35;9.58;3.59;3.55;0.243;65.1;14.64;8.17;3.74;0.68;2.18;5.41;151.9;105.3;31.5;4.4;10.8;1.89;1.06;0.25;0.35;0.65;0.64;0.096;34.9;6.58;3.06;2.08;0.33;1.18;4.17;81.3;67.4;3.2;2.4;8.3;0.4;0.08;0.07;0.09
14;50;0;100;100;20.59;3.94;11.01;3.97;4.05;0.256;63.4;15.87;8.9;4.17;0.68;2.38;6.16;150.4;102;31.4;4.8;12.3;1.83;1.58;0.28;0.37;0.81;0.82;0.099;36.6;8.19;3.85;2.58;0.47;1.56;4.85;86.7;69;4.8;3.1;9.7;0.5;0.12;0.08;0.12
14;50;50;0;0;16.08;2.73;7.77;4.01;4.03;0.258;51.6;15.69;8.73;4.08;0.76;2.26;4.33;149.1;110.4;25.5;4.5;8.7;2.59;0.82;0.25;0.36;0.24;0.25;0.089;48.4;2.44;1.15;0.76;0.12;0.47;3.44;140;129.6;2.6;0.9;6.9;0.13;0.06;0.03;0.03
14;50;50;0;50;15.47;2.83;8.04;4.31;4.36;0.268;50.9;16.28;9.18;4.24;0.69;2.3;4.49;146.7;109;24.1;4.6;9;2.57;1.16;0.28;0.36;0.31;0.3;0.093;49.1;2.79;1.33;0.83;0.14;0.53;3.55;141.6;131;2.5;1.1;7.1;0.14;0.09;0.03;0.04
14;50;50;0;100;15.21;2.99;8.36;4.64;4.68;0.276;49.9;16.97;9.69;4.3;0.77;2.44;4.66;144.6;107;23.4;4.9;9.3;2.5;1.52;0.28;0.38;0.35;0.35;0.106;50.1;3.03;1.43;0.96;0.17;0.55;3.7;145.3;133;3.8;1.1;7.4;0.15;0.13;0.03;0.04
14;50;50;50;0;18.3;3.18;8.9;4.24;4.2;0.25;55.2;16.81;9.4;4.41;0.73;2.48;4.96;150.9;106.8;29.2;5;9.9;2.54;0.99;0.29;0.39;0.33;0.36;0.092;44.8;3.65;1.67;1.15;0.21;0.7;3.93;122.7;111;2.5;1.4;7.9;0.22;0.06;0.04;0.05
14;50;50;50;50;18.17;3.39;10.04;4.51;4.56;0.261;54.1;17.5;9.71;4.63;0.78;2.48;5.52;149;104.5;28.5;5;11;2.45;1.41;0.3;0.39;0.47;0.52;0.097;45.9;5.16;2.35;1.66;0.27;0.91;4.52;126.2;112.9;2.5;1.8;9;0.31;0.09;0.05;0.08
14;50;50;50;100;18.37;3.83;11.19;5.21;5.09;0.274;54.8;18.62;10.76;4.73;0.77;2.62;6.16;160.4;100.6;42.2;5.2;12.3;2.38;2;0.29;0.42;0.69;0.71;0.102;45.2;6.81;3.12;2.2;0.38;1.21;5.03;132.2;116.1;3.6;2.4;10.1;0.41;0.13;0.07;0.1
14;50;50;100;0;19.91;3.46;9.63;4.37;4.35;0.248;65.2;17.6;9.85;4.55;0.8;2.59;5.3;151.5;103.8;31.9;5.2;10.6;2.43;1.21;0.31;0.39;0.44;0.45;0.094;34.8;4.57;2.17;1.37;0.25;0.87;4.33;80.9;68.1;2.4;1.7;8.7;0.28;0.06;0.05;0.07
14;50;50;100;50;20.85;4.01;11.5;4.97;4.92;0.258;66;19.09;10.73;4.96;0.87;2.75;6.35;166.6;99.2;49.2;5.5;12.7;2.34;1.84;0.32;0.42;0.61;0.68;0.098;34;6.77;3.16;2.17;0.35;1.26;5.15;85.6;70.4;2.4;2.5;10.3;0.42;0.08;0.08;0.1
14;50;50;100;100;21.07;4.46;12.56;5.53;5.43;0.269;64.5;20.2;11.61;5.03;0.85;2.87;6.99;164.1;95.3;49;5.7;14;2.22;2.39;0.36;0.46;0.8;0.86;0.1;35.5;8.48;3.92;2.67;0.45;1.59;5.57;90.1;72.3;3.5;3.2;11.1;0.53;0.13;0.09;0.12
14;50;100;0;0;16.29;3.27;9.47;5.16;5.24;0.266;52.9;19.75;11.21;5.11;0.86;2.86;5.3;161.9;106.8;38.8;5.7;10.6;3.17;1.3;0.33;0.44;0.23;0.25;0.09;47.1;2.41;1.1;0.78;0.14;0.41;4.16;144.2;133.2;1.8;0.8;8.3;0.13;0.06;0.02;0.04
14;50;100;0;50;15.76;3.32;9.38;5.6;5.57;0.278;51.8;20.11;11.44;5.07;0.96;2.85;5.2;158;104.5;37.3;5.7;10.4;3.06;1.73;0.34;0.45;0.31;0.3;0.099;48.2;2.64;1.28;0.81;0.14;0.47;4.19;147.3;135.4;2.6;0.9;8.4;0.14;0.09;0.03;0.04
14;50;100;0;100;15.61;3.38;9.57;6.13;6.06;0.291;50.9;20.8;12.21;5;0.89;2.87;5.32;155.4;102.3;36.7;5.7;10.6;2.99;2.28;0.33;0.45;0.32;0.33;0.107;49.1;2.83;1.35;0.88;0.16;0.51;4.25;149.8;137.7;2.6;1;8.5;0.15;0.12;0.03;0.04
14;50;100;50;0;18.75;3.67;10.61;5.5;5.5;0.262;56.3;21.03;11.88;5.42;0.95;3.02;5.89;164.6;101.6;45.2;6;11.8;2.99;1.67;0.36;0.48;0.38;0.37;0.095;43.7;3.71;1.73;1.14;0.22;0.65;4.72;127.8;115.3;1.7;1.3;9.4;0.23;0.06;0.03;0.06
14;50;100;50;50;18.66;4.09;11.53;5.97;5.93;0.271;55.1;21.89;12.48;5.63;0.94;3.14;6.44;162.1;98.6;44.3;6.3;12.9;2.9;2.17;0.37;0.49;0.54;0.53;0.101;44.9;5.1;2.43;1.59;0.29;0.95;5.08;132.3;117.8;2.4;1.9;10.2;0.31;0.08;0.05;0.08
14;50;100;50;100;18.83;4.37;12.57;6.48;6.57;0.292;53.9;22.51;13.07;5.64;0.95;3.15;7.03;159.3;95.4;43.5;6.3;14.1;2.83;2.88;0.37;0.49;0.66;0.7;0.101;46.1;6.83;3.15;2.15;0.39;1.23;5.54;136.3;120.5;2.2;2.5;11.1;0.44;0.1;0.06;0.1
14;50;100;100;0;20.44;4.12;11.62;5.62;5.66;0.257;66.3;22.07;12.29;5.77;0.94;3.27;6.48;167;97.6;49.8;6.5;13;2.85;1.91;0.39;0.5;0.49;0.48;0.096;33.7;4.85;2.22;1.58;0.29;0.84;5.14;84.6;71.2;1.5;1.7;10.3;0.31;0.05;0.05;0.07
14;50;100;100;50;21.5;4.63;13.18;6.31;6.19;0.266;64.7;23.31;13.35;5.95;1.02;3.3;7.33;165.5;93.3;50.9;6.6;14.7;2.73;2.55;0.39;0.52;0.67;0.7;0.099;35.3;6.89;3.27;2.17;0.36;1.34;5.85;90.1;73.4;2.4;2.7;11.7;0.44;0.08;0.07;0.1
14;50;100;100;100;22.07;5.05;14.33;7.15;7.12;0.288;63.3;24.7;14.32;6.19;1.1;3.46;7.94;162.5;87.8;51.9;6.9;15.9;2.58;3.58;0.41;0.55;0.84;0.87;0.1;36.7;8.6;4;2.73;0.47;1.59;6.39;94.2;76.1;2.2;3.2;12.8;0.56;0.1;0.09;0.12
14;100;0;0;0;17.41;2.68;7.58;4.01;3.94;0.269;44.9;14.71;8.35;3.81;0.64;2.07;4.18;113.5;77.1;23.9;4.1;8.4;2.8;0.57;0.25;0.32;0.31;0.32;0.092;55.1;3.18;1.44;1.02;0.17;0.6;3.4;139.1;124.4;6.6;1.2;6.8;0.13;0.12;0.03;0.04
14;100;0;0;50;17.02;2.84;7.96;4.28;4.15;0.271;44.8;15.36;8.86;3.86;0.64;2.17;4.41;113.3;76.9;23.3;4.3;8.8;2.84;0.73;0.26;0.33;0.39;0.41;0.105;55.2;3.65;1.75;1.12;0.18;0.68;3.55;139.6;124.7;6.4;1.4;7.1;0.13;0.18;0.04;0.05
14;100;0;0;100;16.59;3;8.48;4.51;4.41;0.276;43.8;16.02;9.26;4;0.62;2.24;4.73;112.2;76.2;22.1;4.5;9.5;2.81;0.98;0.27;0.36;0.48;0.48;0.111;56.2;4.12;2;1.24;0.23;0.76;3.74;144.2;125.7;9.5;1.5;7.5;0.14;0.24;0.04;0.06
14;100;0;50;0;19.55;2.94;8.49;3.96;3.99;0.263;49.1;15.25;8.54;3.99;0.7;2.17;4.67;117.1;75.6;27.8;4.3;9.3;2.74;0.65;0.25;0.35;0.42;0.42;0.096;50.9;4.22;1.94;1.33;0.24;0.77;3.83;121.2;105.5;6.5;1.5;7.7;0.21;0.11;0.05;0.06
14;100;0;50;50;19.32;3.43;9.75;4.15;4.24;0.263;48.7;16.16;9.12;4.21;0.72;2.38;5.45;117.3;74.6;27;4.8;10.9;2.71;0.87;0.29;0.37;0.61;0.61;0.103;51.3;5.79;2.72;1.89;0.3;1.05;4.3;123.6;106.7;6.2;2.1;8.6;0.28;0.18;0.06;0.08
14;100;0;50;100;19.27;3.79;10.87;4.67;4.57;0.272;47.1;16.8;9.64;4.21;0.73;2.41;5.97;116;73;26.2;4.8;11.9;2.66;1.27;0.28;0.36;0.81;0.83;0.105;52.9;7.77;3.64;2.47;0.42;1.38;4.9;130.5;108.8;9.2;2.8;9.8;0.39;0.24;0.08;0.12
14;100;0;100;0;20.63;3.23;9.17;4.07;4.05;0.259;59.8;15.7;8.84;4.1;0.68;2.32;5.13;119.4;74.5;30;4.6;10.3;2.71;0.72;0.27;0.36;0.53;0.51;0.095;40.2;5.15;2.44;1.63;0.27;0.91;4.04;80.2;64.1;6.2;1.8;8.1;0.27;0.11;0.05;0.08
14;100;0;100;50;21.47;3.82;10.78;4.53;4.33;0.256;58.7;16.96;9.71;4.32;0.71;2.46;5.97;119.9;72.2;30.8;4.9;11.9;2.63;1.04;0.28;0.38;0.72;0.75;0.101;41.3;7.34;3.49;2.24;0.45;1.36;4.81;84.3;65.8;6.1;2.7;9.6;0.39;0.18;0.08;0.11
14;100;0;100;100;21.79;4.24;12.23;4.75;4.79;0.266;57;18.04;10.24;4.64;0.79;2.64;6.74;119.8;70.5;30.5;5.3;13.5;2.56;1.52;0.3;0.41;0.89;0.95;0.104;43;9.07;4.19;2.9;0.48;1.6;5.49;90.3;67.1;9;3.2;11;0.48;0.24;0.1;0.13
14;100;50;0;0;17.54;3.41;9.85;5.53;5.54;0.274;45.4;20.27;11.57;5.22;0.86;2.83;5.52;117.1;76.1;24.3;5.7;11;3.96;0.79;0.33;0.46;0.35;0.35;0.099;54.6;3.17;1.49;1;0.18;0.58;4.33;141.1;125.8;5.4;1.2;8.7;0.13;0.15;0.03;0.04
14;100;50;0;50;17.31;3.58;10.43;5.9;5.87;0.281;44.6;20.95;12.03;5.38;0.88;2.93;5.88;116.8;75.6;23.6;5.9;11.8;3.93;1.14;0.34;0.47;0.4;0.45;0.113;55.4;3.76;1.75;1.22;0.18;0.66;4.55;145.4;126.6;8.4;1.3;9.1;0.13;0.22;0.04;0.06
14;100;50;0;100;16.78;3.74;10.52;6.27;6.18;0.287;43.9;21.57;12.58;5.35;0.94;3.03;5.85;115;74.5;22.7;6.1;11.7;3.88;1.46;0.37;0.47;0.55;0.52;0.124;56.1;4.04;1.97;1.2;0.22;0.71;4.67;146.9;128.3;7.9;1.4;9.3;0.14;0.29;0.04;0.06
14;100;50;50;0;19.9;3.83;10.94;5.66;5.63;0.267;49.1;21.19;12.03;5.44;0.92;3.02;6.05;120.2;73.6;28.4;6;12.1;3.84;0.96;0.36;0.48;0.46;0.46;0.1;50.9;4.35;2.04;1.39;0.23;0.81;4.89;124.6;107.9;5.3;1.6;9.8;0.21;0.13;0.05;0.06
14;100;50;50;50;19.76;4.23;12.04;6.08;6.06;0.274;47.9;22.17;12.72;5.6;1;3.16;6.69;119.7;72.2;27.8;6.3;13.4;3.78;1.41;0.36;0.5;0.63;0.65;0.107;52.1;5.94;2.73;1.85;0.34;1.06;5.34;130.4;109.8;7.8;2.1;10.7;0.29;0.21;0.06;0.09
14;100;50;50;100;19.8;4.57;13.06;6.48;6.4;0.285;49.5;22.52;13.02;5.6;0.98;3.12;7.25;131.7;70.3;40.6;6.2;14.5;3.66;1.89;0.36;0.48;0.78;0.86;0.11;50.5;7.72;3.66;2.39;0.42;1.45;5.8;134.2;112.1;7.6;2.9;11.6;0.41;0.27;0.07;0.1
14;100;50;100;0;21.07;4.2;11.55;5.88;5.82;0.265;59.6;22.01;12.57;5.5;0.96;3.23;6.58;122.4;72.2;30.6;6.5;13.2;3.78;1.16;0.39;0.5;0.51;0.54;0.099;40.4;5.27;2.44;1.64;0.3;0.97;4.97;83;65.9;5.2;1.9;9.9;0.28;0.13;0.05;0.08
14;100;50;100;50;21.93;4.59;13.36;6.16;6.29;0.272;60.7;23.19;13.16;6.06;0.99;3.33;7.5;138.4;69.3;47.4;6.7;15;3.63;1.75;0.4;0.52;0.72;0.78;0.104;39.3;7.36;3.31;2.43;0.41;1.26;5.86;89.6;68;7.4;2.5;11.7;0.4;0.19;0.08;0.11
14;100;50;100;100;22.32;4.9;14.26;6.82;6.68;0.279;59.6;23.97;13.77;5.95;1.06;3.31;7.97;137.2;67.1;47.6;6.6;15.9;3.48;2.31;0.39;0.52;0.95;0.99;0.108;40.4;9.11;4.24;2.83;0.49;1.58;6.29;93;69.7;7.5;3.2;12.6;0.5;0.27;0.09;0.13
14;100;100;0;0;17.76;4.07;11.51;6.76;6.79;0.278;47.4;24.5;14.13;6.08;1.13;3.52;6.46;131;73.5;37.6;7;12.9;4.56;1.27;0.4;0.56;0.37;0.37;0.106;52.6;3.21;1.52;1.02;0.17;0.55;5.06;145.3;129.7;4.4;1.1;10.1;0.13;0.15;0.03;0.05
14;100;100;0;50;17.63;4.06;11.77;7.15;7.1;0.287;46.3;24.83;14.27;6.31;1.07;3.41;6.45;128.8;72.5;36.6;6.8;12.9;4.47;1.71;0.39;0.54;0.45;0.46;0.122;53.7;3.6;1.78;1.07;0.18;0.65;5.32;149.8;131.2;6.6;1.3;10.6;0.14;0.24;0.03;0.05
14;100;100;0;100;17.23;4.3;11.94;7.59;7.58;0.298;45.9;25.45;14.96;6.26;1.07;3.57;6.66;127.6;71.9;35.3;7.1;13.3;4.45;2.19;0.41;0.54;0.52;0.55;0.134;54.2;3.98;1.92;1.22;0.19;0.73;5.27;150.8;132.2;6.6;1.5;10.5;0.15;0.31;0.04;0.05
14;100;100;50;0;19.89;4.51;12.54;6.93;6.98;0.275;51.4;25.46;14.59;6.46;1.12;3.7;7.03;135.6;70.9;43.2;7.4;14.1;4.39;1.59;0.44;0.56;0.44;0.48;0.104;48.6;4.42;2.07;1.39;0.25;0.81;5.51;128.3;111.4;4.2;1.6;11;0.22;0.15;0.04;0.06
14;100;100;50;50;20.27;4.72;13.46;7.31;7.32;0.28;49.8;26.16;15.05;6.49;1.16;3.67;7.39;134;68.1;43.8;7.3;14.8;4.19;2.12;0.42;0.58;0.67;0.68;0.111;50.2;5.95;2.83;1.82;0.32;1.05;6.06;135.2;114.9;6.1;2.1;12.1;0.31;0.22;0.06;0.09
14;100;100;50;100;20.36;5.08;14.38;8.09;8.01;0.297;48.8;27.01;15.82;6.61;1.11;3.69;7.98;132.4;65.9;43.1;7.4;16;4.1;2.89;0.43;0.59;0.86;0.87;0.113;51.2;7.56;3.65;2.3;0.41;1.39;6.4;138.9;117.6;5.8;2.8;12.8;0.41;0.28;0.08;0.11
14;100;100;100;0;21.71;4.86;13.57;7.07;7.1;0.27;61.5;26.41;15.05;6.78;1.14;3.88;7.58;139.1;68.1;48;7.8;15.2;4.22;1.84;0.45;0.6;0.58;0.58;0.104;38.5;5.49;2.62;1.74;0.26;0.98;5.99;86.9;68.9;4;2;12;0.3;0.15;0.06;0.08
14;100;100;100;50;22.75;5.25;15.06;7.78;7.62;0.275;59.8;27.76;16.03;6.98;1.24;3.91;8.34;139.3;64.4;50.4;7.8;16.7;3.99;2.54;0.46;0.63;0.79;0.81;0.108;40.2;7.42;3.48;2.32;0.41;1.35;6.72;93.5;71.7;5.7;2.7;13.4;0.42;0.2;0.08;0.11
14;100;100;100;100;23.02;5.54;16.03;8.44;8.36;0.294;58.7;28.48;16.64;7.02;1.18;3.88;8.92;137.6;61.6;50.4;7.8;17.8;3.82;3.48;0.45;0.61;0.96;1;0.109;41.3;9.12;4.27;2.88;0.53;1.66;7.11;96.8;73.8;5.4;3.3;14.2;0.53;0.26;0.09;0.13
15;0;0;0;0;15.27;1.72;5.04;2.08;2.12;0.237;59.4;8.95;4.9;2.48;0.38;1.33;2.8;200.1;165.8;26;2.7;5.6;1.13;0.62;0.15;0.22;0.21;0.19;0.073;40.6;2.1;1.02;0.63;0.11;0.39;2.23;136.6;129.5;1.8;0.8;4.5;0.11;0.03;0.02;0.03
15;0;0;0;50;14.85;1.73;5.14;2.35;2.31;0.249;58.9;9.33;5.15;2.45;0.44;1.31;2.84;197.4;164.1;25.1;2.6;5.7;1.11;0.82;0.16;0.23;0.25;0.22;0.078;41.1;2.36;1.12;0.75;0.13;0.42;2.3;137.9;130.6;1.9;0.8;4.6;0.12;0.05;0.03;0.03
15;0;0;0;100;14.31;1.95;5.56;2.5;2.57;0.254;58.1;10.11;5.63;2.66;0.43;1.47;3.1;195;161.9;23.9;2.9;6.2;1.11;1.05;0.18;0.24;0.25;0.24;0.082;41.9;2.56;1.21;0.8;0.14;0.48;2.46;140.4;132;2.5;1;4.9;0.13;0.05;0.02;0.03
15;0;0;50;0;17.39;1.99;6.03;2.22;2.26;0.232;63.2;9.77;5.33;2.67;0.45;1.44;3.37;202;162.7;29.7;2.9;6.7;1.12;0.71;0.18;0.25;0.32;0.29;0.079;36.8;3.31;1.52;1.06;0.18;0.55;2.66;117.8;109.6;1.8;1.1;5.3;0.18;0.03;0.03;0.05
15;0;0;50;50;17.32;2.42;6.98;2.43;2.52;0.241;62.1;10.47;5.7;2.89;0.47;1.57;3.94;199.1;159.1;29;3.1;7.9;1.07;0.99;0.2;0.26;0.39;0.41;0.086;37.9;4.63;2.12;1.47;0.27;0.84;3.05;121.2;111.6;1.8;1.7;6.1;0.26;0.04;0.05;0.07
15;0;0;50;100;17.53;2.75;8.19;2.87;2.93;0.252;60.9;11.64;6.45;3.06;0.53;1.7;4.64;196.1;154.7;28.6;3.4;9.3;1.07;1.37;0.2;0.29;0.56;0.53;0.087;39.1;6.02;2.75;2;0.33;1.04;3.54;125.6;114;2.4;2.1;7.1;0.34;0.05;0.06;0.08
15;0;0;100;0;18.2;2.31;6.67;2.31;2.28;0.228;72.7;10.03;5.43;2.74;0.46;1.48;3.74;202;160.7;30.9;3;7.5;1.1;0.75;0.18;0.25;0.4;0.38;0.083;27.3;4.4;2.04;1.41;0.22;0.83;2.93;75.7;66.4;1.7;1.7;5.9;0.25;0.03;0.04;0.07
15;0;0;100;50;19.11;2.85;8.21;2.64;2.66;0.234;71.4;11.36;6.19;3.03;0.57;1.71;4.61;199.1;154.7;31.8;3.4;9.2;1.04;1.14;0.2;0.28;0.56;0.55;0.086;28.6;6.26;2.88;1.96;0.36;1.14;3.61;79.7;68.4;1.7;2.3;7.2;0.35;0.04;0.06;0.09
15;0;0;100;100;20.02;3.35;9.51;3.25;3.25;0.246;69.9;13.21;7.38;3.47;0.57;1.98;5.34;195.6;148.2;32.8;4;10.7;1.02;1.65;0.25;0.33;0.7;0.66;0.087;30.1;7.48;3.46;2.4;0.42;1.37;4.16;84.2;70.6;2.5;2.7;8.3;0.42;0.06;0.08;0.1
15;0;50;0;0;15.81;2.04;5.69;2.37;2.41;0.23;58.3;10.49;5.75;2.77;0.52;1.63;3.12;196.7;160.4;26.8;3.3;6.2;1.09;0.88;0.19;0.26;0.2;0.21;0.078;41.7;2.28;1.05;0.73;0.12;0.41;2.57;140.8;133.1;1.8;0.8;5.1;0.11;0.04;0.02;0.04
15;0;50;0;50;15.47;2.08;6.1;2.74;2.79;0.247;57.6;11.27;6.25;2.94;0.53;1.65;3.37;194;158.2;25.8;3.3;6.7;1.08;1.25;0.18;0.28;0.26;0.25;0.085;42.4;2.56;1.17;0.81;0.14;0.43;2.73;142.8;134.5;1.9;0.9;5.5;0.12;0.07;0.02;0.04
15;0;50;0;100;14.99;2.25;6.35;3.17;3.28;0.268;56.7;12.24;6.94;3.13;0.51;1.81;3.55;190.5;154.9;24.9;3.6;7.1;1.06;1.7;0.22;0.29;0.28;0.27;0.09;43.3;2.63;1.24;0.83;0.16;0.44;2.8;145.6;136.8;2.4;0.9;5.6;0.12;0.08;0.03;0.04
15;0;50;50;0;17.96;2.39;6.83;2.6;2.59;0.222;61.7;11.71;6.31;3.23;0.58;1.78;3.77;197.2;155.5;30.6;3.6;7.5;1.04;1.04;0.21;0.3;0.3;0.3;0.083;38.3;3.35;1.56;1.06;0.17;0.61;3.06;122.6;113.6;1.6;1.2;6.1;0.18;0.04;0.03;0.05
15;0;50;50;50;18.27;2.8;8.14;3.07;3.13;0.24;60.4;13.05;7.09;3.58;0.57;1.91;4.58;193.8;150.6;30.3;3.8;9.2;1.02;1.55;0.23;0.33;0.44;0.43;0.087;39.6;4.77;2.27;1.5;0.27;0.89;3.56;126.9;116.4;1.6;1.8;7.1;0.26;0.05;0.05;0.07
15;0;50;50;100;18.2;3.13;9.07;3.74;3.75;0.268;60.8;14;7.84;3.64;0.61;1.98;5.1;204.3;145.6;44.5;4;10.2;0.99;2.19;0.22;0.34;0.63;0.59;0.091;39.2;6.39;3.02;1.98;0.33;1.15;3.98;131.8;119.1;2.4;2.3;8;0.35;0.09;0.06;0.09
15;0;50;100;0;19.22;2.78;7.78;2.76;2.85;0.228;71.2;12.47;6.71;3.38;0.59;1.87;4.4;197.1;152.3;32.3;3.7;8.8;1;1.3;0.23;0.32;0.42;0.42;0.086;28.8;4.68;2.24;1.42;0.24;0.91;3.38;79.6;69.2;1.8;1.8;6.8;0.26;0.04;0.05;0.07
15;0;50;100;50;20.21;3.27;9.44;3.5;3.42;0.242;71.4;14.17;7.79;3.67;0.73;2.04;5.33;209.7;144.8;50.1;4.1;10.7;0.98;1.85;0.25;0.34;0.63;0.58;0.087;28.6;6.55;3.05;2.13;0.35;1.22;4.11;84;71.7;1.6;2.4;8.2;0.37;0.06;0.06;0.09
15;0;50;100;100;21.18;3.79;10.79;4.16;4.22;0.264;69.9;15.98;8.97;4.14;0.74;2.31;6.07;206.6;137.9;51.9;4.6;12.1;0.93;2.63;0.27;0.39;0.73;0.71;0.089;30.1;7.84;3.71;2.47;0.41;1.48;4.72;88.7;74;2.3;3;9.4;0.44;0.08;0.08;0.11
15;0;100;0;0;16.44;2.28;6.64;2.88;2.94;0.237;58.7;12.44;6.84;3.36;0.6;1.87;3.73;206.8;154.5;41.1;3.7;7.5;1.05;1.36;0.22;0.32;0.25;0.23;0.082;41.3;2.39;1.12;0.77;0.12;0.41;2.9;145.5;137;1.9;0.8;5.8;0.11;0.06;0.03;0.03
15;0;100;0;50;16.18;2.42;6.9;3.69;3.59;0.263;57.6;13.62;7.83;3.44;0.59;1.94;3.91;202.3;149.9;40.6;3.9;7.8;1.02;2;0.23;0.33;0.26;0.27;0.09;42.4;2.64;1.27;0.79;0.14;0.48;3;148.7;140;1.7;1;6;0.13;0.08;0.03;0.04
15;0;100;0;100;15.74;2.56;7.1;3.98;3.98;0.282;56.9;14.13;8.17;3.5;0.62;2.05;4.02;199.1;148.1;38.9;4.1;8;1.03;2.38;0.23;0.34;0.32;0.31;0.098;43.1;2.84;1.33;0.89;0.16;0.51;3.08;151;141.3;2.5;1;6.2;0.13;0.11;0.03;0.04
15;0;100;50;0;19.03;2.77;8.06;3.42;3.41;0.236;61.8;14.47;7.95;3.85;0.68;2.14;4.46;207.8;146.5;48.1;4.3;8.9;1.02;1.79;0.25;0.35;0.33;0.32;0.085;38.2;3.5;1.64;1.07;0.23;0.64;3.6;128.7;118.6;1.6;1.3;7.2;0.19;0.05;0.03;0.05
15;0;100;50;50;19.06;3.11;9.17;3.96;4.02;0.259;60.6;15.52;8.64;4.11;0.7;2.24;5.15;203.9;141.7;47.4;4.5;10.3;0.99;2.4;0.26;0.38;0.48;0.46;0.09;39.4;4.98;2.19;1.68;0.29;0.86;4.03;132.5;121.3;1.5;1.7;8.1;0.27;0.07;0.05;0.07
15;0;100;50;100;19.25;3.43;10.13;4.73;4.68;0.285;59.1;16.45;9.52;4.12;0.75;2.24;5.64;199.2;136.8;46.6;4.5;11.3;0.94;3.08;0.28;0.38;0.63;0.62;0.092;40.9;6.55;3.04;2.09;0.36;1.19;4.49;137.6;124;2.3;2.4;9;0.36;0.1;0.06;0.1
15;0;100;100;0;20.25;3.2;9.2;3.61;3.63;0.233;71.2;15.58;8.52;4.2;0.73;2.34;5.17;208.1;142.1;51;4.7;10.3;0.99;1.97;0.28;0.39;0.46;0.43;0.087;28.8;4.79;2.19;1.55;0.27;0.86;4.03;84;72.6;1.5;1.7;8.1;0.27;0.05;0.05;0.07
15;0;100;100;50;21.35;3.77;10.82;4.3;4.38;0.256;69.6;17.09;9.49;4.54;0.79;2.48;5.98;204;134.6;52.5;5;12;0.95;2.73;0.29;0.41;0.63;0.63;0.089;30.4;6.95;3.23;2.18;0.36;1.29;4.83;88.8;75.1;1.5;2.6;9.7;0.39;0.07;0.07;0.1
15;0;100;100;100;22.47;4.17;12.05;5.44;5.45;0.282;68;19.36;11.18;4.84;0.78;2.7;6.78;199.3;125.4;55;5.4;13.6;0.87;3.78;0.34;0.46;0.75;0.75;0.09;32;8.14;3.76;2.62;0.44;1.47;5.27;93.7;78.2;2;2.9;10.5;0.46;0.08;0.08;0.11
15;50;0;0;0;15.75;2.16;6.11;3.28;3.27;0.27;51.9;12.13;6.96;3.06;0.52;1.74;3.37;147.9;112.2;25.5;3.5;6.7;2.17;0.6;0.21;0.28;0.23;0.21;0.077;48.1;2.3;1.06;0.75;0.12;0.42;2.74;136.9;127.8;2.8;0.8;5.5;0.11;0.05;0.02;0.03
15;50;0;0;50;15.67;2.33;6.64;3.49;3.55;0.276;51.6;12.88;7.38;3.28;0.57;1.88;3.7;147.3;111.3;24.8;3.8;7.4;2.21;0.82;0.22;0.3;0.26;0.25;0.083;48.4;2.61;1.17;0.86;0.14;0.45;2.94;138.3;128.7;2.8;0.9;5.9;0.11;0.07;0.03;0.04
15;50;0;0;100;15.21;2.43;6.96;3.74;3.75;0.28;50.8;13.47;7.63;3.51;0.58;1.89;3.9;145.5;110.2;23.7;3.8;7.8;2.19;1.03;0.22;0.32;0.29;0.3;0.091;49.2;2.96;1.38;0.94;0.15;0.54;3.05;141.2;129.8;4.2;1.1;6.1;0.12;0.1;0.03;0.04
15;50;0;50;0;18;2.49;7.21;3.34;3.38;0.263;56.2;12.87;7.29;3.32;0.58;1.88;4.08;151.5;110.5;29.1;3.8;8.2;2.17;0.69;0.21;0.31;0.36;0.31;0.083;43.8;3.46;1.63;1.08;0.19;0.61;3.13;118.3;107.9;2.9;1.2;6.3;0.18;0.05;0.03;0.05
15;50;0;50;50;17.95;2.9;8.31;3.65;3.72;0.268;55.1;13.94;7.84;3.66;0.6;2;4.66;149.5;107.6;28.5;4;9.3;2.15;0.99;0.24;0.33;0.45;0.43;0.087;44.9;4.81;2.27;1.54;0.26;0.91;3.66;122;110.3;2.6;1.8;7.3;0.25;0.06;0.05;0.07
15;50;0;50;100;17.93;3.18;9.34;3.97;3.99;0.274;53.9;14.59;8.26;3.73;0.66;2.02;5.29;147.8;105.1;28.1;4;10.6;2.07;1.35;0.23;0.34;0.6;0.59;0.091;46.1;6.39;2.9;2.07;0.36;1.16;4.05;126.6;112.4;3.8;2.3;8.1;0.34;0.09;0.07;0.09
15;50;0;100;0;18.81;2.62;7.88;3.38;3.4;0.26;66.4;13.14;7.35;3.42;0.61;1.81;4.37;151.8;108.9;30.5;3.6;8.7;2.12;0.73;0.22;0.33;0.39;0.4;0.085;33.6;4.48;2.01;1.41;0.27;0.8;3.5;76.9;65.5;2.7;1.6;7;0.24;0.05;0.05;0.06
15;50;0;100;50;19.91;3.33;9.47;3.83;3.86;0.261;65.3;14.81;8.3;3.85;0.61;2.13;5.37;151.7;105;31.7;4.3;10.7;2.11;1.14;0.24;0.36;0.56;0.56;0.087;34.7;6.27;2.98;1.96;0.35;1.2;4.1;80.8;67.5;2.6;2.4;8.2;0.34;0.07;0.06;0.09
15;50;0;100;100;20.5;3.65;10.61;4.2;4.25;0.266;63.7;16.02;9.03;4.08;0.76;2.3;5.95;149.9;101;32.4;4.6;11.9;1.96;1.63;0.28;0.38;0.75;0.7;0.09;36.3;7.64;3.53;2.46;0.38;1.35;4.66;85.3;69.5;3.8;2.7;9.3;0.41;0.1;0.08;0.11
15;50;50;0;0;15.95;2.64;7.59;4.38;4.36;0.274;51.4;15.94;9.07;4.08;0.68;2.24;4.17;148.3;109.4;26.1;4.5;8.3;2.88;0.84;0.27;0.37;0.21;0.2;0.076;48.6;2.17;1;0.71;0.11;0.4;3.43;140.1;130.6;1.9;0.8;6.9;0.11;0.04;0.02;0.03
15;50;50;0;50;15.78;2.83;8.08;4.66;4.73;0.282;50.8;16.84;9.59;4.23;0.76;2.37;4.48;146.7;107.4;25.6;4.7;9;2.82;1.24;0.28;0.39;0.24;0.24;0.082;49.2;2.48;1.16;0.81;0.13;0.47;3.59;142.4;132.6;1.7;0.9;7.2;0.12;0.06;0.03;0.03
15;50;50;0;100;15.48;2.96;8.4;5.03;5.14;0.294;50;17.54;10.13;4.47;0.75;2.5;4.71;144.9;105.7;24.7;5;9.4;2.77;1.67;0.3;0.4;0.29;0.28;0.092;50;2.7;1.26;0.86;0.14;0.46;3.69;145.2;134.3;2.6;0.9;7.4;0.12;0.09;0.03;0.04
15;50;50;50;0;18.2;3.06;8.73;4.52;4.45;0.264;55.2;16.91;9.63;4.31;0.78;2.4;4.89;150.8;106.3;30;4.8;9.8;2.76;1;0.29;0.4;0.33;0.31;0.083;44.8;3.41;1.61;1.07;0.16;0.66;3.84;122.3;111.5;1.8;1.3;7.7;0.18;0.05;0.03;0.05
15;50;50;50;50;18.38;3.5;9.83;4.87;4.95;0.274;54.1;18.12;10.27;4.61;0.77;2.62;5.52;148.8;102.9;29.5;5.2;11;2.74;1.49;0.3;0.43;0.44;0.44;0.088;45.9;4.81;2.23;1.49;0.26;0.88;4.32;126.3;114.2;1.7;1.8;8.6;0.26;0.06;0.05;0.07
15;50;50;50;100;18.53;3.71;11.07;5.4;5.52;0.291;55.1;19.02;10.99;4.76;0.85;2.58;6.26;161.3;99.8;43.8;5.2;12.5;2.62;2.15;0.3;0.45;0.62;0.59;0.091;44.9;6.33;2.97;2.04;0.34;1.13;4.81;131.4;116.9;2.6;2.3;9.6;0.35;0.09;0.06;0.09
15;50;50;100;0;19.5;3.46;9.63;4.63;4.73;0.267;65.4;17.76;10.07;4.55;0.8;2.58;5.37;151.5;103.6;32;5.2;10.7;2.72;1.27;0.31;0.42;0.39;0.4;0.086;34.6;4.46;2.11;1.39;0.23;0.87;4.26;80.1;68.2;1.7;1.7;8.5;0.25;0.04;0.05;0.06
15;50;50;100;50;20.6;3.92;11.37;5.14;5.18;0.27;66.3;19.2;10.84;5;0.85;2.74;6.39;166.6;98.5;49.8;5.5;12.8;2.57;1.85;0.31;0.45;0.56;0.56;0.087;33.7;6.37;2.92;2.04;0.36;1.18;4.97;84.7;70.7;1.7;2.4;9.9;0.36;0.05;0.06;0.08
15;50;50;100;100;21.37;4.27;12.38;5.77;5.89;0.284;65;20.74;11.84;5.27;0.94;2.88;7.02;164.9;94;51.1;5.8;14;2.45;2.59;0.35;0.5;0.71;0.69;0.089;35;7.64;3.53;2.44;0.38;1.39;5.36;88.9;73;2.4;2.8;10.7;0.43;0.08;0.07;0.11
15;50;100;0;0;16.66;3.15;9.1;5.55;5.55;0.281;52.8;19.86;11.28;5.06;0.88;2.75;5.12;161.9;105.9;40.2;5.5;10.2;3.42;1.33;0.33;0.47;0.25;0.22;0.083;47.2;2.23;1.04;0.72;0.11;0.4;3.97;144.6;134.1;1.8;0.8;7.9;0.11;0.06;0.02;0.03
15;50;100;0;50;16.22;3.36;9.42;6.05;6.07;0.295;51.7;20.61;12;5.11;0.87;2.87;5.32;158.6;103.2;39;5.7;10.6;3.33;1.93;0.35;0.47;0.27;0.27;0.091;48.3;2.6;1.26;0.8;0.15;0.49;4.1;148.3;136.8;2.4;1;8.2;0.13;0.08;0.03;0.03
15;50;100;0;100;15.94;3.34;9.53;6.45;6.44;0.305;50.8;21.14;12.51;5.05;0.85;2.85;5.28;155.5;101.4;37.8;5.7;10.6;3.27;2.36;0.34;0.47;0.36;0.32;0.1;49.2;2.92;1.36;0.95;0.13;0.49;4.24;150.7;138.6;2.6;1;8.5;0.13;0.12;0.03;0.04
15;50;100;50;0;19.26;3.6;10.44;5.87;5.86;0.275;56.4;21.39;12.09;5.51;0.96;2.96;5.86;165.7;100.8;47.3;5.9;11.7;3.25;1.75;0.37;0.49;0.32;0.33;0.087;43.6;3.49;1.65;1.08;0.21;0.64;4.58;128.1;116;1.7;1.3;9.2;0.18;0.06;0.03;0.05
15;50;100;50;50;19.44;4.06;11.6;6.3;6.42;0.288;55.1;22.39;12.88;5.66;0.94;3.19;6.54;163.4;97.5;46.5;6.4;13.1;3.17;2.38;0.36;0.52;0.51;0.47;0.091;44.9;4.92;2.29;1.56;0.24;0.87;5.05;133;118.7;2.4;1.7;10.1;0.27;0.09;0.05;0.07
15;50;100;50;100;19.37;4.44;12.29;6.88;6.94;0.304;53.8;22.85;13.48;5.53;0.99;3.2;6.85;159.7;94.2;45.4;6.4;13.7;3.04;3.01;0.39;0.49;0.66;0.64;0.094;46.2;6.65;3.15;2.08;0.35;1.24;5.45;137.3;121.5;2.4;2.5;10.9;0.37;0.11;0.07;0.09
15;50;100;100;0;20.48;4.02;11.36;5.9;5.88;0.269;66.4;21.88;12.5;5.56;0.95;3.16;6.43;166.8;97.9;49.7;6.3;12.9;3.1;1.9;0.36;0.53;0.46;0.42;0.087;33.6;4.69;2.17;1.47;0.26;0.85;4.94;84.3;71.1;1.6;1.7;9.9;0.26;0.05;0.05;0.06
15;50;100;100;50;21.49;4.63;12.93;6.5;6.58;0.282;64.7;23.34;13.4;5.94;1.02;3.35;7.22;165.4;92.7;51.6;6.7;14.4;2.97;2.67;0.38;0.56;0.67;0.63;0.09;35.3;6.83;3.26;2.07;0.36;1.28;5.71;90.1;73.6;2.4;2.6;11.4;0.38;0.08;0.07;0.09
15;50;100;100;100;22.41;4.89;13.94;7.5;7.45;0.298;63.3;25;14.64;6.14;1.03;3.42;7.8;162.5;86.5;53.6;6.8;15.6;2.77;3.69;0.41;0.58;0.8;0.75;0.091;36.7;8.11;3.81;2.56;0.45;1.47;6.14;94.1;76.8;2.1;2.9;12.3;0.46;0.1;0.08;0.11
15;100;0;0;0;17.38;2.67;7.56;4.18;4.31;0.287;45.1;15.1;8.66;3.79;0.7;2.13;4.21;114.1;76.4;25;4.3;8.4;3.11;0.59;0.26;0.35;0.28;0.27;0.084;54.9;2.83;1.36;0.84;0.15;0.54;3.35;138.8;125.3;5.6;1.1;6.7;0.11;0.1;0.03;0.04
15;100;0;0;50;17.04;2.83;7.95;4.4;4.47;0.29;44.8;15.48;8.96;3.88;0.68;2.2;4.42;113.4;76.1;24.1;4.4;8.8;3.05;0.8;0.25;0.37;0.36;0.36;0.097;55.2;3.39;1.59;1.11;0.17;0.63;3.52;139.9;125.9;5.7;1.3;7;0.11;0.16;0.04;0.05
15;100;0;0;100;16.71;2.88;8.43;4.65;4.71;0.292;44.2;16.19;9.38;4.04;0.65;2.22;4.75;113.2;75.9;23.4;4.4;9.5;3.06;1.01;0.26;0.37;0.45;0.43;0.105;55.8;3.85;1.78;1.23;0.21;0.66;3.68;143.3;126.2;8.4;1.3;7.4;0.12;0.22;0.04;0.05
15;100;0;50;0;19.34;2.88;8.54;4.33;4.39;0.28;49.3;15.74;9.02;4.01;0.66;2.15;4.81;117.4;75.1;28.3;4.3;9.6;3.07;0.68;0.26;0.38;0.37;0.38;0.088;50.7;4.06;1.83;1.34;0.24;0.73;3.73;120.8;106.1;5.7;1.5;7.5;0.18;0.1;0.05;0.06
15;100;0;50;50;19.4;3.31;9.42;4.59;4.64;0.284;48.8;16.43;9.48;4.11;0.69;2.32;5.3;117.4;74.1;28;4.6;10.6;3.04;0.95;0.27;0.38;0.53;0.53;0.095;51.2;5.42;2.51;1.78;0.28;0.99;4.13;123.1;107.4;5.5;2;8.3;0.24;0.16;0.06;0.08
15;100;0;50;100;19.62;3.69;10.79;4.84;4.94;0.286;47.1;17.28;9.84;4.43;0.74;2.37;5.91;116.1;72;27.5;4.7;11.8;2.93;1.33;0.28;0.4;0.72;0.72;0.097;52.9;7.24;3.39;2.32;0.43;1.31;4.88;130.4;109.9;8.1;2.6;9.8;0.33;0.21;0.07;0.11
15;100;0;100;0;20.32;3.08;8.92;4.4;4.35;0.277;60.1;15.79;9.08;3.95;0.67;2.19;5.09;119.1;74.6;30;4.4;10.2;3;0.72;0.26;0.37;0.5;0.45;0.088;39.9;4.97;2.32;1.58;0.25;0.89;3.83;79.2;64.1;5.7;1.8;7.7;0.23;0.1;0.05;0.07
15;100;0;100;50;21.2;3.75;10.75;4.68;4.73;0.276;58.8;17.16;9.82;4.38;0.72;2.4;5.99;119.5;71.9;30.8;4.8;12;2.94;1.09;0.29;0.41;0.62;0.66;0.093;41.2;7.04;3.32;2.21;0.38;1.35;4.77;83.7;66.1;5.4;2.7;9.5;0.34;0.15;0.08;0.09
15;100;0;100;100;22.04;4.16;11.92;5.25;5.2;0.278;57.2;18.74;10.73;4.78;0.78;2.6;6.66;119.8;69.3;32;5.2;13.3;2.82;1.62;0.31;0.45;0.82;0.81;0.096;42.8;8.35;3.91;2.65;0.44;1.56;5.25;89.7;68;8.1;3.1;10.5;0.4;0.2;0.09;0.12
15;100;50;0;0;17.52;3.39;9.69;6.05;6.01;0.294;45.2;20.54;11.9;5.15;0.88;2.8;5.34;116.8;75.5;25;5.6;10.7;4.41;0.8;0.34;0.46;0.3;0.31;0.092;54.8;2.99;1.44;0.96;0.14;0.58;4.35;141.5;126.7;4.9;1.2;8.7;0.11;0.13;0.03;0.04
15;100;50;0;50;17.21;3.62;10.2;6.31;6.44;0.299;44.5;21.61;12.65;5.3;0.92;3.03;5.71;116.4;74.4;24.5;6.1;11.4;4.39;1.19;0.36;0.49;0.38;0.38;0.104;55.5;3.37;1.6;1.04;0.2;0.58;4.49;145.4;128.3;6.9;1.2;9;0.12;0.18;0.03;0.05
15;100;50;0;100;16.77;3.7;10.31;6.66;6.71;0.308;44;21.87;12.84;5.35;0.93;3.01;5.82;115;73.9;23.5;6;11.6;4.28;1.58;0.36;0.48;0.49;0.47;0.116;56;3.88;1.84;1.19;0.21;0.69;4.49;146.6;129.2;7;1.4;9;0.12;0.26;0.04;0.05
15;100;50;50;0;19.68;3.65;10.79;6.02;6.08;0.283;49.2;21.53;12.33;5.46;0.94;2.89;6.06;120.1;73.1;29;5.8;12.1;4.23;0.99;0.34;0.52;0.44;0.4;0.093;50.8;4.12;1.99;1.26;0.2;0.76;4.73;124.2;108.6;4.7;1.5;9.5;0.18;0.12;0.04;0.06
15;100;50;50;50;19.78;4.17;11.66;6.38;6.47;0.29;47.9;22.41;12.94;5.61;0.98;3.16;6.52;119.2;71.1;28.7;6.3;13;4.13;1.45;0.37;0.52;0.54;0.55;0.098;52.1;5.48;2.57;1.7;0.3;1.01;5.13;130;111.1;6.6;2;10.3;0.25;0.17;0.05;0.08
15;100;50;50;100;19.93;4.45;12.78;6.92;6.98;0.303;49.9;23.08;13.53;5.57;1.01;3.16;7.18;132.6;69.5;42.4;6.3;14.4;4.02;2.08;0.37;0.51;0.8;0.76;0.103;50.1;7.25;3.46;2.28;0.41;1.29;5.6;133.5;113.1;6.6;2.6;11.2;0.34;0.24;0.07;0.11
15;100;50;100;0;20.8;4.09;11.54;6.21;6.28;0.285;59.4;22.12;12.68;5.55;0.96;3.09;6.51;121.6;71.4;30.9;6.2;13;4.15;1.25;0.37;0.51;0.51;0.49;0.092;40.6;5.15;2.46;1.6;0.25;1;5.03;82.9;66.4;4.4;2;10.1;0.25;0.11;0.05;0.07
15;100;50;100;50;21.75;4.52;13.05;6.77;6.69;0.287;60.7;23.38;13.6;5.81;1;3.15;7.32;137.6;68.8;47.9;6.3;14.6;4.01;1.77;0.36;0.55;0.78;0.72;0.096;39.3;7.31;3.5;2.19;0.37;1.37;5.73;89.2;68.4;6.6;2.7;11.5;0.36;0.18;0.08;0.1
15;100;50;100;100;22.6;4.91;14.14;7.19;7.28;0.297;59.8;24.61;14.39;6.04;1.08;3.41;7.84;137.7;65.6;49.6;6.8;15.7;3.8;2.52;0.4;0.56;0.87;0.84;0.098;40.2;8.43;3.95;2.59;0.47;1.5;6.3;92.6;70.8;6.2;3;12.6;0.42;0.23;0.08;0.12
15;100;100;0;0;17.94;3.98;11.37;7.31;7.33;0.294;47.5;25.02;14.66;6.24;1.04;3.46;6.4;131.9;72.5;39.7;6.9;12.8;4.99;1.35;0.4;0.58;0.31;0.3;0.097;52.5;2.82;1.37;0.86;0.15;0.53;4.98;145.8;131.3;3.5;1.1;10;0.11;0.13;0.03;0.04
15;100;100;0;50;17.37;4.02;11.49;7.48;7.75;0.307;46.5;25.29;14.71;6.3;1.08;3.47;6.38;129.3;71.9;37.7;6.9;12.8;4.93;1.84;0.42;0.55;0.38;0.38;0.112;53.5;3.18;1.5;0.97;0.16;0.55;5.11;148.9;132.2;5.4;1.1;10.2;0.12;0.19;0.03;0.04
15;100;100;0;100;17.18;4.16;11.85;7.98;8.16;0.314;45.7;26.05;15.32;6.4;1.11;3.5;6.57;127.4;70.2;37;7;13.1;4.84;2.32;0.41;0.59;0.49;0.46;0.122;54.3;3.61;1.75;1.09;0.18;0.66;5.28;151.7;134.7;5.2;1.3;10.6;0.13;0.25;0.03;0.05
15;100;100;50;0;20.24;4.28;12.37;7.47;7.51;0.29;51.4;26;15.04;6.59;1.07;3.53;6.97;136.3;69.6;45.8;7.1;13.9;4.78;1.69;0.43;0.61;0.41;0.41;0.096;48.6;4.03;1.92;1.24;0.21;0.74;5.4;128.8;113;3.5;1.5;10.8;0.18;0.12;0.05;0.05
15;100;100;50;50;20.1;4.67;13.33;8.07;8.03;0.3;50.1;26.86;15.77;6.53;1.1;3.62;7.55;134.9;67.6;44.9;7.2;15.1;4.69;2.29;0.44;0.61;0.56;0.59;0.102;49.9;5.59;2.64;1.75;0.29;1.05;5.78;134.2;115.5;5;2.1;11.6;0.26;0.19;0.06;0.08
15;100;100;50;100;20.26;4.75;14.17;8.5;8.47;0.312;49.1;27.19;16.1;6.47;1.18;3.54;8;132.9;65.6;44.2;7.1;16;4.51;2.94;0.42;0.6;0.79;0.75;0.104;50.9;7.11;3.32;2.24;0.38;1.22;6.17;137.8;118;5;2.4;12.3;0.35;0.24;0.07;0.1
15;100;100;100;0;21.36;4.7;13.41;7.49;7.6;0.285;61.6;26.71;15.38;6.79;1.14;3.73;7.56;138.6;67.7;48.3;7.5;15.1;4.67;1.86;0.46;0.62;0.51;0.51;0.094;38.4;5.26;2.52;1.64;0.27;0.97;5.85;86.3;69.2;3.4;1.9;11.7;0.26;0.12;0.06;0.07
15;100;100;100;50;22.4;5.16;14.87;8.02;8.16;0.294;60;27.83;16.04;6.96;1.18;3.83;8.33;138.7;63.8;50.6;7.7;16.7;4.4;2.66;0.45;0.64;0.71;0.71;0.096;40;7.2;3.41;2.26;0.39;1.33;6.54;92.5;72.2;4.6;2.7;13.1;0.37;0.16;0.07;0.1
15;100;100;100;100;23.23;5.44;15.51;8.79;8.81;0.307;59;28.75;16.87;6.99;1.19;3.86;8.66;138;60.9;52;7.7;17.3;4.18;3.56;0.46;0.62;0.88;0.87;0.1;41;8.59;4.05;2.69;0.45;1.59;6.86;95.8;74.3;4.6;3.2;13.7;0.44;0.22;0.09;0.12