StrengthRatio;AttackA_Verticality;DefenseA_DefensiveLine;AttackB_Verticality;DefenseB_DefensiveLine;Seq_CountersCount;Seq_CornersCount;Seq_LooseBallsCount;TeamA_Goals;TeamA_TotalXG;TeamA_XGPerShot;TeamA_PossessionShare;TeamA_ShotsTotal;TeamA_ShotsOnTarget;TeamA_ShotsBlocked;TeamA_ShotsWoodwork;TeamA_CornersWon;TeamA_LooseBallsWon;TeamA_PassesTotal;TeamA_PassesOpenPlay;TeamA_PassesCounterAttack;TeamA_PassesCorner;TeamA_PassesLooseBall;TeamA_XGOpenPlay;TeamA_XGCounterAttack;TeamA_XGCorner;TeamA_XGLooseBall;TeamB_Goals;TeamB_TotalXG;TeamB_XGPerShot;TeamB_PossessionShare;TeamB_ShotsTotal;TeamB_ShotsOnTarget;TeamB_ShotsBlocked;TeamB_ShotsWoodwork;TeamB_CornersWon;TeamB_LooseBallsWon;TeamB_PassesTotal;TeamB_PassesOpenPlay;TeamB_PassesCounterAttack;TeamB_PassesCorner;TeamB_PassesLooseBall;TeamB_XGOpenPlay;TeamB_XGCounterAttack;TeamB_XGCorner;TeamB_XGLooseBall
-5;0;0;0;0;13.62;1.81;5.12;0.57;0.57;0.133;42.8;4.06;1.99;1.22;0.24;0.66;2.52;152.4;138.3;7.7;1.3;5;0.29;0.15;0.05;0.08;1.14;1.12;0.17;57.2;6.55;3.42;1.87;0.34;1.14;2.6;204.1;180.3;16.4;2.3;5.2;0.55;0.33;0.11;0.13
-5;0;0;0;50;13.39;1.96;5.57;0.58;0.59;0.14;43.1;4.04;2.01;1.22;0.21;0.7;2.62;153.7;140.4;6.7;1.4;5.2;0.29;0.17;0.06;0.07;1.37;1.34;0.172;56.9;7.73;3.94;2.24;0.39;1.26;2.96;202.6;177.4;16.8;2.5;5.9;0.58;0.46;0.13;0.16
-5;0;0;0;100;13.24;2.15;6.29;0.6;0.64;0.148;43;4.18;2.09;1.22;0.22;0.7;3.03;156.9;143.9;5.5;1.4;6.1;0.3;0.21;0.05;0.08;1.64;1.62;0.177;57;9.11;4.66;2.64;0.46;1.45;3.26;207.8;172.5;25.9;2.9;6.5;0.58;0.73;0.13;0.18
-5;0;0;50;0;15.58;2.35;6.55;0.6;0.65;0.135;48.3;4.66;2.21;1.42;0.23;0.8;3.1;153.9;135.1;11;1.6;6.2;0.28;0.22;0.06;0.08;1.68;1.68;0.181;51.7;9.27;4.86;2.57;0.45;1.55;3.45;164.7;138.5;16.3;3.1;6.9;1.03;0.33;0.14;0.18
-5;0;0;50;50;15.3;2.82;8.1;0.73;0.72;0.144;48.2;4.9;2.42;1.45;0.28;0.84;3.87;154.8;135.5;9.8;1.7;7.7;0.28;0.28;0.07;0.09;2.27;2.28;0.185;51.8;12.31;6.42;3.48;0.6;1.98;4.24;166.5;138;16.1;4;8.5;1.4;0.45;0.19;0.24
-5;0;0;50;100;15.37;3.31;9.54;0.76;0.81;0.156;47.2;5.06;2.5;1.52;0.25;0.86;4.58;157;137.2;8.9;1.7;9.2;0.29;0.37;0.07;0.09;2.94;2.92;0.19;52.8;15.36;8;4.39;0.74;2.46;4.96;175.6;136.3;24.4;4.9;9.9;1.72;0.68;0.24;0.29
-5;0;0;100;0;17.26;2.64;7.84;0.72;0.74;0.135;56.2;5.34;2.56;1.65;0.27;0.88;3.75;156.1;132.6;14.2;1.8;7.5;0.28;0.29;0.06;0.1;2.19;2.09;0.185;43.8;11.26;5.93;3.21;0.54;1.77;4.09;121.4;94;15.7;3.5;8.2;1.38;0.32;0.16;0.23
-5;0;0;100;50;17.42;3.58;10.04;0.79;0.86;0.146;55.4;5.78;2.9;1.69;0.29;1.04;4.74;156.7;131.7;13.4;2.1;9.5;0.28;0.4;0.08;0.1;3.05;3;0.189;44.6;15.83;8.27;4.4;0.77;2.54;5.29;125.9;94.6;15.6;5.1;10.6;2.01;0.44;0.24;0.3
-5;0;0;100;100;17.45;4.09;11.77;0.94;0.98;0.161;53.9;6;2.98;1.77;0.35;1.01;5.65;158.9;133.5;12.1;2;11.3;0.28;0.52;0.07;0.11;3.79;3.76;0.193;46.1;19.47;10.3;5.39;0.92;3.08;6.12;135.8;93.4;24;6.2;12.2;2.41;0.67;0.29;0.39
-5;0;50;0;0;13.13;1.87;5.41;0.69;0.66;0.138;42.9;4.59;2.25;1.37;0.23;0.77;2.66;152.5;138;7.7;1.5;5.3;0.3;0.21;0.06;0.08;1.24;1.2;0.177;57.1;6.74;3.51;1.91;0.35;1.1;2.75;203.5;180.7;15.2;2.2;5.5;0.56;0.41;0.1;0.13
-5;0;50;0;50;12.93;2.09;5.86;0.73;0.73;0.151;43.4;4.75;2.37;1.43;0.24;0.8;2.8;154.4;140.4;6.8;1.6;5.6;0.3;0.28;0.06;0.09;1.53;1.47;0.184;56.6;7.96;4.18;2.21;0.37;1.29;3.06;201.6;177.3;15.7;2.6;6.1;0.56;0.63;0.13;0.16
-5;0;50;0;100;12.73;2.21;6.53;0.75;0.76;0.159;43.4;4.68;2.31;1.4;0.25;0.78;3.18;157.5;144.2;5.4;1.6;6.4;0.32;0.3;0.06;0.09;1.81;1.86;0.199;56.6;9.34;4.87;2.61;0.46;1.44;3.35;205.8;172.1;24.1;2.9;6.7;0.56;0.97;0.14;0.18
-5;0;50;50;0;15.21;2.45;7.16;0.76;0.78;0.141;48.3;5.41;2.7;1.65;0.31;0.9;3.43;154;134.3;11.1;1.8;6.9;0.27;0.33;0.07;0.11;1.84;1.79;0.186;51.7;9.6;4.99;2.75;0.49;1.55;3.74;165.2;139.3;15.3;3.1;7.5;1.03;0.42;0.15;0.19
-5;0;50;50;50;15;2.93;8.49;0.91;0.89;0.154;48.2;5.67;2.85;1.68;0.25;0.91;4.01;154.8;135.1;9.8;1.8;8;0.29;0.42;0.06;0.11;2.55;2.44;0.192;51.8;12.68;6.69;3.54;0.65;2.02;4.47;166.5;138.4;15.1;4;8.9;1.38;0.61;0.19;0.25
-5;0;50;50;100;15.07;3.51;9.86;0.97;1.03;0.174;48;5.85;2.99;1.71;0.29;1.01;4.75;161.9;137;13.4;2;9.5;0.3;0.55;0.07;0.11;3.13;3.18;0.201;52;15.75;8.29;4.37;0.78;2.5;5.12;175;136.5;23.2;5;10.2;1.71;0.92;0.24;0.3
-5;0;50;100;0;16.95;3.01;8.43;0.98;0.97;0.146;55.8;6.55;3.25;1.99;0.31;1.13;4.02;154.9;130.2;14.5;2.3;8;0.29;0.48;0.09;0.11;2.18;2.2;0.19;44.2;11.54;6.06;3.18;0.55;1.89;4.41;122.8;95.7;14.5;3.8;8.8;1.41;0.39;0.18;0.22
-5;0;50;100;50;16.98;3.64;10.59;1.09;1.11;0.163;56.2;6.72;3.35;2.04;0.37;1.1;4.96;162.5;130.2;20.1;2.2;9.9;0.27;0.63;0.08;0.12;3.28;3.19;0.196;43.8;16.33;8.66;4.56;0.74;2.54;5.63;126.3;95.7;14.3;5.1;11.3;2.04;0.58;0.24;0.34
-5;0;50;100;100;17.02;4.29;12.32;1.21;1.26;0.179;54.9;6.99;3.57;2.08;0.31;1.21;6.03;164.6;132;18.1;2.4;12.1;0.29;0.76;0.09;0.12;4.05;3.99;0.202;45.1;19.75;10.52;5.52;0.92;3.08;6.29;135.2;94.4;22;6.2;12.6;2.43;0.9;0.29;0.37
-5;0;100;0;0;12.92;2.04;5.99;0.77;0.81;0.148;43.4;5.34;2.59;1.68;0.26;0.87;2.89;156.7;137.4;11.8;1.7;5.8;0.31;0.32;0.07;0.11;1.37;1.36;0.186;56.6;7.28;3.76;2.06;0.37;1.17;3.1;204.4;181.5;14.4;2.3;6.2;0.57;0.54;0.11;0.14
-5;0;100;0;50;12.6;2.22;6.42;0.87;0.9;0.164;44.1;5.4;2.71;1.61;0.3;0.89;3.08;158.5;140.6;9.9;1.8;6.2;0.33;0.4;0.07;0.1;1.7;1.67;0.199;55.9;8.39;4.41;2.37;0.41;1.33;3.33;201.1;177.1;14.7;2.7;6.7;0.56;0.82;0.13;0.16
-5;0;100;0;100;12.32;2.37;6.7;0.94;0.91;0.174;43.9;5.2;2.71;1.45;0.25;0.87;3.18;160.4;144;8.3;1.7;6.4;0.33;0.42;0.06;0.09;2.06;2.08;0.215;56.1;9.63;5.19;2.65;0.46;1.49;3.52;205.2;172.4;22.8;3;7;0.55;1.19;0.14;0.19
-5;0;100;50;0;14.89;2.69;7.66;1.02;1;0.156;49.1;6.37;3.21;1.88;0.33;1.09;3.69;159.6;133.7;16.4;2.2;7.4;0.31;0.5;0.08;0.11;1.88;1.91;0.191;50.9;9.99;5.17;2.87;0.47;1.6;3.97;165.3;139.9;14.2;3.2;7.9;1.03;0.53;0.15;0.19
-5;0;100;50;50;14.52;3.07;9.02;1.07;1.13;0.171;49;6.54;3.28;1.95;0.34;1.05;4.27;160.1;134.7;14.7;2.1;8.5;0.31;0.61;0.08;0.12;2.63;2.62;0.201;51;13.01;6.94;3.56;0.62;2.02;4.75;166.3;138.9;13.8;4;9.5;1.39;0.79;0.19;0.25
-5;0;100;50;100;14.63;3.56;10.38;1.21;1.24;0.19;48.1;6.46;3.4;1.85;0.31;1.05;4.92;161.7;136.5;13.2;2.1;9.8;0.31;0.74;0.08;0.11;3.52;3.43;0.211;51.9;16.25;8.77;4.43;0.78;2.51;5.46;174.5;137;21.5;5;10.9;1.74;1.15;0.23;0.31
-5;0;100;100;0;16.78;3.15;9.25;1.28;1.23;0.159;56.6;7.67;3.9;2.23;0.4;1.26;4.46;161.6;128.1;22.1;2.5;8.9;0.28;0.71;0.09;0.14;2.4;2.35;0.194;43.4;12.08;6.38;3.4;0.6;1.89;4.8;124;97.2;13.4;3.8;9.6;1.45;0.49;0.18;0.23
-5;0;100;100;50;16.83;3.99;11.41;1.36;1.41;0.177;55.9;7.94;4.07;2.29;0.39;1.33;5.44;162.1;128.2;20.4;2.7;10.9;0.29;0.88;0.1;0.14;3.4;3.42;0.202;44.1;16.91;8.99;4.73;0.83;2.66;5.98;127.6;97.1;13.3;5.3;12;2.09;0.74;0.25;0.34
-5;0;100;100;100;16.78;4.41;12.59;1.58;1.61;0.201;54.5;7.99;4.25;2.22;0.36;1.34;6.04;163;129.6;18.7;2.7;12.1;0.29;1.09;0.1;0.14;4.35;4.21;0.209;45.5;20.09;10.83;5.46;0.99;3.07;6.56;135.8;96.1;20.4;6.1;13.1;2.46;1.07;0.29;0.38
-5;50;0;0;0;15.61;2.19;6.46;0.85;0.85;0.138;37.1;6.06;2.94;1.88;0.31;1;3.08;121.3;105.6;7.5;2;6.2;0.51;0.15;0.07;0.11;1.21;1.22;0.166;62.9;7.25;3.66;2.11;0.37;1.18;3.38;205.6;176.7;19.8;2.4;6.8;0.55;0.4;0.11;0.15
-5;50;0;0;50;15.35;2.42;7.09;0.9;0.9;0.144;37.9;6.15;3.04;1.87;0.31;1.05;3.41;123.4;108.2;6.3;2.1;6.8;0.53;0.17;0.08;0.11;1.52;1.44;0.167;62.1;8.56;4.36;2.49;0.44;1.37;3.68;202.3;172;20.1;2.7;7.4;0.55;0.58;0.12;0.18
-5;50;0;0;100;15.5;2.67;7.78;0.93;0.91;0.146;37.8;6.11;2.97;1.84;0.31;1.01;3.72;126.7;111.8;5.4;2;7.4;0.53;0.2;0.08;0.1;1.97;1.9;0.18;62.2;10.48;5.45;3;0.49;1.66;4.06;208.2;165.3;31.5;3.3;8.1;0.54;0.99;0.16;0.21
-5;50;0;50;0;17.37;2.72;7.74;0.93;0.93;0.139;42.8;6.59;3.23;1.99;0.34;1.13;3.78;124.1;103.5;10.8;2.3;7.6;0.49;0.22;0.09;0.12;1.72;1.73;0.177;57.2;9.74;5.05;2.74;0.5;1.59;3.96;165.9;135.5;19.3;3.2;7.9;1;0.39;0.14;0.2
-5;50;0;50;50;17.33;3.16;9.38;0.98;0.99;0.144;42.9;6.77;3.34;2.05;0.32;1.12;4.45;125.5;104.8;9.6;2.2;8.9;0.51;0.27;0.09;0.13;2.41;2.35;0.18;57.1;13.04;6.65;3.8;0.65;2.04;4.93;167.3;133.7;19.7;4.1;9.9;1.32;0.59;0.19;0.25
-5;50;0;50;100;17.41;3.77;11.04;1.06;1.07;0.153;42;6.94;3.47;2.1;0.32;1.19;5.29;128.3;106.8;8.6;2.4;10.6;0.52;0.34;0.09;0.12;3.15;3.14;0.19;58;16.47;8.59;4.75;0.76;2.58;5.75;177.3;130.9;29.7;5.2;11.5;1.64;0.93;0.24;0.33
-5;50;0;100;0;19.3;3.16;8.92;0.92;1;0.138;50.2;7.12;3.44;2.18;0.37;1.23;4.19;126;101.1;14.1;2.5;8.4;0.49;0.28;0.09;0.13;2.16;2.14;0.182;49.8;11.73;6.12;3.27;0.57;1.93;4.73;125;92.6;19.1;3.9;9.5;1.36;0.39;0.17;0.22
-5;50;0;100;50;19.31;4.04;11.56;1.12;1.12;0.145;50;7.66;3.84;2.29;0.38;1.3;5.58;128.3;101.7;12.8;2.6;11.2;0.5;0.38;0.1;0.14;3.15;3.12;0.186;50;16.73;8.76;4.8;0.77;2.74;5.97;128.3;92;18.9;5.5;11.9;1.99;0.56;0.24;0.33
-5;50;0;100;100;19.38;4.47;12.95;1.2;1.23;0.157;48.4;7.78;3.95;2.23;0.4;1.34;6.3;130.6;103.7;11.5;2.7;12.6;0.5;0.49;0.1;0.15;4.02;3.94;0.193;51.6;20.37;10.65;5.75;0.99;3.14;6.65;139.1;90.1;29.5;6.3;13.3;2.32;0.92;0.3;0.39
-5;50;50;0;0;15.6;2.61;7.54;1.13;1.16;0.142;37.8;8.09;4.02;2.46;0.4;1.41;3.63;124.1;106.5;7.6;2.8;7.3;0.69;0.21;0.11;0.15;1.38;1.32;0.173;62.2;7.57;3.85;2.19;0.39;1.2;3.91;204.5;175.2;19;2.4;7.8;0.52;0.53;0.12;0.15
-5;50;50;0;50;15.44;2.87;8.33;1.2;1.19;0.147;38.8;8.05;3.96;2.41;0.43;1.34;4.04;126.7;109.7;6.3;2.7;8.1;0.7;0.25;0.1;0.14;1.74;1.71;0.182;61.2;9.4;4.88;2.72;0.43;1.53;4.29;200.4;169.3;19.5;3.1;8.6;0.55;0.84;0.14;0.18
-5;50;50;0;100;15.44;3.04;9.08;1.3;1.27;0.152;38.5;8.28;4.14;2.48;0.41;1.36;4.35;129.4;112.7;5.2;2.7;8.7;0.73;0.29;0.1;0.14;2.22;2.19;0.198;61.5;11.03;5.72;3.19;0.54;1.68;4.72;206.8;163.7;30.3;3.4;9.4;0.54;1.27;0.16;0.21
-5;50;50;50;0;17.38;3.19;9.36;1.29;1.3;0.142;43.1;9.05;4.45;2.74;0.46;1.52;4.55;126.4;103.6;10.6;3;9.1;0.69;0.32;0.12;0.17;1.86;1.89;0.183;56.9;10.34;5.32;2.96;0.52;1.67;4.81;166.8;135.3;18.5;3.3;9.6;1.01;0.52;0.15;0.2
-5;50;50;50;50;17.32;3.7;10.76;1.31;1.37;0.15;43.6;9.04;4.5;2.69;0.46;1.55;5.16;128.7;105.8;9.4;3.1;10.3;0.69;0.39;0.11;0.17;2.62;2.57;0.189;56.4;13.58;7.08;3.88;0.69;2.15;5.6;166.5;132.3;18.8;4.3;11.2;1.3;0.81;0.19;0.27
-5;50;50;50;100;17.66;4.17;12.14;1.5;1.51;0.162;43.3;9.25;4.69;2.71;0.5;1.57;5.84;135.2;107.4;13;3.1;11.7;0.69;0.53;0.12;0.17;3.47;3.4;0.2;56.7;16.94;8.95;4.7;0.83;2.61;6.29;177.1;130.1;29.2;5.2;12.6;1.62;1.22;0.24;0.32
-5;50;50;100;0;19.07;3.66;10.59;1.41;1.44;0.145;50.5;9.83;4.89;2.99;0.49;1.65;5.08;128.3;100.9;13.9;3.3;10.2;0.67;0.46;0.13;0.19;2.3;2.31;0.187;49.5;12.33;6.36;3.54;0.58;2.01;5.51;125.7;92.7;17.9;4;11;1.38;0.5;0.18;0.25
-5;50;50;100;50;19.2;4.47;12.76;1.51;1.57;0.156;51.6;10.02;4.98;2.97;0.53;1.71;6.11;136.8;101.9;19.2;3.4;12.2;0.67;0.59;0.13;0.18;3.35;3.38;0.194;48.4;17.46;9.1;4.87;0.86;2.76;6.65;128.4;91.7;17.9;5.5;13.3;2;0.76;0.26;0.36
-5;50;50;100;100;19.3;4.95;14.34;1.73;1.73;0.167;49.7;10.31;5.28;2.96;0.53;1.7;6.88;137.9;103.2;17.6;3.4;13.8;0.68;0.74;0.13;0.19;4.21;4.15;0.201;50.3;20.59;10.89;5.77;0.99;3.25;7.46;139.8;90.6;27.7;6.5;14.9;2.32;1.15;0.3;0.38
-5;50;100;0;0;15.61;3.16;8.99;1.6;1.56;0.146;39.4;10.55;5.33;3.15;0.57;1.85;4.43;131.4;107.7;11.1;3.7;8.9;0.91;0.31;0.14;0.2;1.58;1.56;0.188;60.6;8.28;4.28;2.41;0.38;1.31;4.56;202.7;172.8;18.1;2.6;9.1;0.54;0.74;0.13;0.16
-5;50;100;0;50;15.61;3.35;9.63;1.62;1.63;0.153;38.8;10.54;5.26;3.08;0.53;1.76;4.6;132.7;110.5;9.4;3.5;9.2;0.93;0.38;0.13;0.19;2.11;2.04;0.204;61.2;9.97;5.36;2.75;0.48;1.59;5.03;209.3;167.7;28.4;3.2;10.1;0.54;1.16;0.15;0.19
-5;50;100;0;100;15.36;3.5;10.31;1.7;1.71;0.158;39.7;10.7;5.41;3.14;0.54;1.83;4.92;134.9;113.4;7.9;3.7;9.8;0.95;0.42;0.14;0.2;2.57;2.53;0.223;60.3;11.37;6.1;3.14;0.53;1.67;5.38;205.1;162.3;28.7;3.3;10.8;0.54;1.63;0.15;0.21
-5;50;100;50;0;17.36;3.71;10.62;1.62;1.74;0.151;44.4;11.48;5.64;3.47;0.59;1.92;5.06;133.6;103.5;16.1;3.8;10.1;0.87;0.51;0.15;0.22;2.09;2.11;0.193;55.6;10.92;5.81;2.97;0.53;1.79;5.57;167.5;135.4;17.4;3.6;11.1;1.01;0.72;0.17;0.21
-5;50;100;50;50;17.34;4.12;11.94;1.81;1.82;0.158;43.5;11.43;5.74;3.41;0.56;1.95;5.72;135.5;106;14.2;3.9;11.4;0.88;0.6;0.14;0.2;2.92;2.87;0.204;56.5;14.03;7.44;3.94;0.65;2.17;6.22;175.8;132.1;26.9;4.3;12.4;1.29;1.1;0.2;0.27
-5;50;100;50;100;17.24;4.7;13.16;2.04;1.97;0.168;43.8;11.63;6.07;3.27;0.56;2.02;6.29;137;107.8;12.5;4;12.6;0.9;0.71;0.15;0.21;3.87;3.76;0.216;56.2;17.43;9.47;4.7;0.82;2.68;6.88;176;129.5;27.4;5.4;13.8;1.64;1.55;0.24;0.33
-5;50;100;100;0;19.01;4.22;12.03;1.81;1.89;0.152;51.9;12.36;6.15;3.72;0.63;2.18;5.76;137;100.5;20.7;4.4;11.5;0.84;0.67;0.16;0.22;2.48;2.51;0.195;48.1;12.86;6.77;3.59;0.62;2.04;6.27;126.7;93.1;17;4.1;12.5;1.38;0.69;0.19;0.25
-5;50;100;100;50;19.17;4.93;14.16;2.03;2.07;0.163;50.1;12.59;6.48;3.72;0.61;2.15;6.81;138.8;101.6;19.3;4.3;13.6;0.83;0.83;0.16;0.24;3.58;3.62;0.204;49.9;17.71;9.34;4.93;0.86;2.78;7.35;138.1;92.1;25.7;5.6;14.7;1.96;1.05;0.25;0.35
-5;50;100;100;100;19.11;5.5;15.6;2.2;2.25;0.176;50;12.73;6.65;3.64;0.59;2.17;7.42;139.8;103.2;17.4;4.3;14.8;0.86;1.01;0.16;0.22;4.64;4.53;0.213;50;21.21;11.5;5.88;0.91;3.33;8.18;139.8;90.6;26.2;6.7;16.4;2.34;1.49;0.3;0.4
-5;100;0;0;0;17.7;2.65;7.46;1.01;1.04;0.14;30.1;7.36;3.61;2.21;0.37;1.26;3.56;88.9;71.8;7.5;2.5;7.1;0.66;0.15;0.09;0.14;1.37;1.32;0.163;69.9;8.02;4.14;2.31;0.37;1.39;3.9;206.8;172.9;23.3;2.8;7.8;0.54;0.49;0.13;0.16
-5;100;0;0;50;17.75;2.95;8.3;1.08;1.11;0.145;30.9;7.63;3.84;2.24;0.38;1.35;3.96;90.9;73.6;6.6;2.7;7.9;0.68;0.18;0.11;0.15;1.68;1.67;0.17;69.1;9.8;5.02;2.87;0.46;1.6;4.35;203.7;167.8;24;3.2;8.7;0.54;0.78;0.15;0.2
-5;100;0;0;100;17.95;3.28;9.34;1.12;1.14;0.147;30.8;7.71;3.84;2.36;0.36;1.35;4.42;93.5;76.8;5.2;2.7;8.8;0.7;0.19;0.11;0.14;2.17;2.16;0.179;69.2;12.06;6.2;3.45;0.59;1.93;4.92;210.6;159.2;37.7;3.9;9.8;0.51;1.22;0.19;0.24
-5;100;0;50;0;19.36;3.1;8.74;1.05;1.1;0.14;35.3;7.79;3.81;2.32;0.43;1.33;4.19;91.8;70.3;10.4;2.7;8.4;0.65;0.2;0.1;0.14;1.78;1.82;0.175;64.7;10.38;5.36;3;0.51;1.77;4.55;168.4;132.7;23;3.5;9.1;0.98;0.47;0.16;0.2
-5;100;0;50;50;19.66;3.61;10.54;1.16;1.2;0.144;35.9;8.21;3.99;2.51;0.42;1.39;5.08;94.4;71.9;9.5;2.8;10.2;0.67;0.27;0.11;0.15;2.54;2.53;0.181;64.1;13.98;7.18;3.97;0.71;2.22;5.46;168.4;129.4;23.5;4.4;10.9;1.28;0.77;0.21;0.27
-5;100;0;50;100;19.77;4.21;12.24;1.22;1.26;0.151;34.8;8.32;4.13;2.49;0.39;1.43;5.75;96.2;73.7;8.1;2.9;11.5;0.68;0.33;0.1;0.15;3.46;3.35;0.188;65.2;17.82;9.29;5.04;0.9;2.78;6.5;180.5;125.6;36.3;5.6;13;1.58;1.16;0.26;0.36
-5;100;0;100;0;21.24;3.56;9.98;1.1;1.17;0.139;42.6;8.32;4.09;2.54;0.41;1.48;4.77;95;68.9;13.6;3;9.5;0.62;0.29;0.11;0.15;2.27;2.25;0.179;57.4;12.57;6.46;3.56;0.63;2.08;5.22;127.9;90.5;22.8;4.2;10.4;1.35;0.48;0.18;0.24
-5;100;0;100;50;21.48;4.34;12.58;1.29;1.3;0.145;42.6;8.92;4.49;2.61;0.48;1.54;6.02;97.3;69.6;12.5;3.1;12;0.65;0.38;0.11;0.16;3.38;3.29;0.186;57.4;17.66;9.16;5.04;0.87;2.8;6.56;131;89.5;22.8;5.6;13.1;1.95;0.75;0.25;0.34
-5;100;0;100;100;21.44;5.06;14.24;1.39;1.43;0.154;40.9;9.22;4.59;2.78;0.46;1.52;6.76;99.3;71.6;11.2;3;13.5;0.67;0.48;0.11;0.17;4.28;4.12;0.192;59.1;21.49;11.39;5.95;1.06;3.54;7.48;143.8;86.8;35;7.1;15;2.23;1.13;0.33;0.42
-5;100;50;0;0;17.9;3.3;9.29;1.58;1.54;0.143;31.3;10.75;5.36;3.18;0.53;1.89;4.57;93.3;73;7.3;3.8;9.1;0.99;0.21;0.15;0.2;1.55;1.49;0.171;68.7;8.68;4.41;2.52;0.42;1.41;4.72;204.6;169.5;22.8;2.8;9.4;0.52;0.67;0.13;0.17
-5;100;50;0;50;18.01;3.72;10.54;1.58;1.65;0.146;31.3;11.24;5.57;3.34;0.6;1.94;5.16;96;75.9;6;3.9;10.3;1.05;0.26;0.14;0.21;2.06;2;0.186;68.7;10.77;5.69;3;0.48;1.78;5.38;211.4;161.6;35.4;3.6;10.8;0.53;1.12;0.16;0.21
-5;100;50;0;100;18.11;3.91;11.53;1.68;1.7;0.15;32.2;11.3;5.66;3.37;0.55;1.92;5.57;98.3;78.4;5;3.8;11.1;1.07;0.28;0.14;0.21;2.61;2.57;0.198;67.8;12.98;6.84;3.65;0.6;1.99;5.96;207.4;154.8;36.8;4;11.9;0.52;1.6;0.2;0.25
-5;100;50;50;0;19.55;3.67;10.87;1.57;1.6;0.142;36.3;11.21;5.45;3.44;0.58;1.89;5.16;95.6;71.2;10.3;3.8;10.3;0.96;0.3;0.14;0.2;2.03;2.01;0.179;63.7;11.2;5.78;3.26;0.52;1.78;5.71;168.2;130.9;22.3;3.6;11.4;0.96;0.66;0.17;0.22
-5;100;50;50;50;19.6;4.37;12.56;1.73;1.77;0.148;35.6;11.84;5.92;3.51;0.6;2.05;6.17;98.4;73;9;4.1;12.3;1.01;0.39;0.15;0.22;2.86;2.81;0.191;64.4;14.64;7.67;4.11;0.71;2.31;6.39;178.5;127.2;33.9;4.6;12.8;1.25;1.06;0.21;0.28
-5;100;50;50;100;19.96;4.84;14.18;1.83;1.87;0.156;36.9;11.86;5.9;3.5;0.65;1.93;6.88;104.4;75;11.8;3.9;13.8;1.01;0.5;0.14;0.22;3.76;3.7;0.2;63.1;18.47;9.75;5.11;0.9;2.91;7.29;179;123.1;35.5;5.8;14.6;1.55;1.52;0.27;0.35
-5;100;50;100;0;21.3;4.25;12.24;1.66;1.76;0.145;43.3;12.06;5.84;3.65;0.65;2.03;5.83;98.5;69.4;13.4;4.1;11.7;0.94;0.44;0.15;0.23;2.46;2.46;0.184;56.7;13.38;7.05;3.74;0.66;2.21;6.42;128.9;89.8;21.8;4.4;12.8;1.34;0.65;0.21;0.27
-5;100;50;100;50;21.48;5.07;14.35;1.87;1.92;0.153;42.9;12.43;6.23;3.74;0.62;2.14;6.86;106.9;70.3;18.5;4.3;13.7;0.95;0.57;0.17;0.23;3.62;3.58;0.195;57.1;18.37;9.74;5.06;0.92;2.93;7.5;142.3;88.5;33;5.9;15;1.92;1.02;0.27;0.36
-5;100;50;100;100;21.61;5.6;16.21;2.04;2.08;0.161;43.3;12.86;6.46;3.81;0.64;2.14;7.81;109.1;72.6;16.6;4.3;15.6;0.99;0.7;0.15;0.23;4.54;4.42;0.201;56.7;21.99;11.74;6.13;1.05;3.46;8.4;143;85.4;33.9;6.9;16.8;2.18;1.48;0.33;0.44
-5;100;100;0;0;17.95;3.75;11.01;1.92;1.93;0.145;33.1;13.28;6.46;3.99;0.7;2.2;5.32;100.1;74.2;10.8;4.4;10.6;1.23;0.3;0.16;0.24;1.8;1.78;0.187;66.9;9.54;4.98;2.71;0.45;1.55;5.69;202.5;166.2;21.9;3.1;11.4;0.5;0.95;0.14;0.19
-5;100;100;0;50;18.06;4.07;11.91;1.99;2.05;0.151;32.6;13.5;6.73;4.04;0.69;2.28;5.7;101.6;76.6;9.1;4.6;11.4;1.26;0.36;0.18;0.25;2.32;2.35;0.204;67.4;11.51;6.03;3.28;0.57;1.79;6.21;209.9;159.6;34.4;3.6;12.4;0.5;1.46;0.17;0.22
-5;100;100;0;100;18.12;4.43;12.56;2.08;2.11;0.153;33.8;13.71;6.81;4.18;0.68;2.36;6.08;103.7;79.6;7.2;4.7;12.2;1.31;0.37;0.17;0.26;3.12;3.01;0.225;66.2;13.38;7.44;3.5;0.62;2.07;6.48;203.8;151.4;35.3;4.1;13;0.5;2.07;0.2;0.24
-5;100;100;50;0;19.7;4.33;12.4;2.08;2.09;0.149;38.2;13.99;6.92;4.17;0.67;2.42;5.85;103.8;71.7;15.6;4.8;11.7;1.18;0.48;0.19;0.25;2.34;2.32;0.191;61.8;12.13;6.39;3.39;0.59;1.91;6.55;168.2;129.8;21.4;3.8;13.1;0.97;0.93;0.17;0.24
-5;100;100;50;50;19.62;4.88;14.05;2.22;2.25;0.155;37.3;14.47;7.28;4.28;0.76;2.48;6.74;105.7;73.5;13.7;5;13.5;1.22;0.58;0.19;0.27;3.1;3.14;0.204;62.7;15.38;8.06;4.3;0.74;2.4;7.31;178;126.1;32.5;4.8;14.6;1.26;1.38;0.21;0.29
-5;100;100;50;100;19.84;5.48;15.38;2.31;2.38;0.163;37.7;14.59;7.46;4.27;0.73;2.56;7.41;107.4;75.6;11.9;5.1;14.8;1.25;0.68;0.2;0.26;4.16;4.12;0.218;62.3;18.88;10.18;5.2;0.86;2.92;7.98;177.4;121.9;33.7;5.8;16;1.53;1.96;0.28;0.34
-5;100;100;100;0;21.17;4.79;13.81;2.24;2.28;0.151;45.6;15.06;7.48;4.5;0.76;2.59;6.66;108.2;69.5;20.2;5.2;13.3;1.16;0.65;0.2;0.27;2.75;2.69;0.193;54.4;13.92;7.29;3.97;0.66;2.2;7.14;128.8;89.6;20.5;4.4;14.3;1.35;0.88;0.2;0.27
-5;100;100;100;50;21.49;5.5;15.93;2.39;2.41;0.159;43.4;15.15;7.63;4.56;0.77;2.52;7.5;109.1;70.5;18.5;5;15;1.16;0.78;0.2;0.27;4.02;3.87;0.205;56.6;18.92;10.09;5.26;0.91;2.97;8.43;142.4;88.2;31.4;5.9;16.9;1.91;1.33;0.29;0.35
-5;100;100;100;100;21.7;6.13;17.28;2.47;2.63;0.169;43.8;15.44;7.81;4.44;0.82;2.59;8.36;111.2;72.5;16.8;5.2;16.7;1.18;0.98;0.19;0.28;4.86;4.83;0.215;56.2;22.4;12.19;6.09;0.97;3.54;8.93;142.9;85.5;32.5;7.1;17.9;2.18;1.9;0.34;0.42
-4;0;0;0;0;13.59;1.77;5.16;0.6;0.64;0.141;44.2;4.4;2.16;1.33;0.21;0.76;2.49;157.7;142.5;8.6;1.5;5;0.33;0.17;0.06;0.08;1.06;1.05;0.165;55.8;6.3;3.11;1.91;0.34;1.01;2.67;199.2;176.5;15.4;2;5.3;0.52;0.31;0.09;0.12
-4;0;0;0;50;13.3;1.95;5.59;0.66;0.67;0.147;44.6;4.38;2.21;1.26;0.23;0.75;2.72;159.2;144.9;7.3;1.5;5.4;0.32;0.2;0.06;0.09;1.27;1.23;0.166;55.4;7.34;3.79;2.08;0.39;1.21;2.86;197.5;173.4;15.9;2.4;5.7;0.53;0.45;0.1;0.14
-4;0;0;0;100;13.22;2.16;6.23;0.69;0.71;0.155;44.3;4.48;2.27;1.32;0.23;0.75;3.03;161.7;147.6;6.5;1.5;6.1;0.33;0.24;0.07;0.08;1.51;1.49;0.174;55.7;8.53;4.42;2.49;0.41;1.41;3.21;203.5;169.9;24.3;2.8;6.4;0.52;0.67;0.12;0.17
-4;0;0;50;0;15.59;2.33;6.57;0.71;0.73;0.141;50;5.02;2.49;1.51;0.24;0.89;3.28;160;139.6;12;1.8;6.6;0.31;0.25;0.07;0.09;1.69;1.56;0.175;50;8.9;4.66;2.52;0.4;1.44;3.29;159.8;135.2;15.2;2.9;6.6;0.96;0.3;0.13;0.17
-4;0;0;50;50;15.43;2.8;7.9;0.73;0.77;0.15;49.9;5.07;2.5;1.51;0.27;0.91;3.89;160.7;140.3;10.8;1.8;7.8;0.3;0.3;0.07;0.09;2.09;2.07;0.179;50.1;11.59;6.02;3.35;0.56;1.89;4.01;161.6;134.5;15.3;3.8;8;1.25;0.42;0.17;0.23
-4;0;0;50;100;15.41;3.28;9.58;0.84;0.87;0.161;48.8;5.31;2.64;1.59;0.26;0.85;4.63;162.8;142.2;9.6;1.7;9.3;0.32;0.39;0.07;0.1;2.84;2.78;0.184;51.2;15.1;7.85;4.3;0.76;2.43;4.95;170.8;132.7;23.4;4.9;9.9;1.6;0.66;0.22;0.3
-4;0;0;100;0;17.35;2.76;7.85;0.8;0.81;0.14;57.7;5.6;2.8;1.68;0.28;1.03;3.83;161.3;136.6;15;2.1;7.7;0.3;0.31;0.08;0.11;1.99;1.97;0.179;42.3;10.97;5.63;3.13;0.57;1.73;4.02;118.4;92;14.8;3.5;8;1.3;0.3;0.16;0.21
-4;0;0;100;50;17.43;3.5;10;0.91;0.91;0.15;56.8;5.95;2.98;1.76;0.31;1;4.89;161.4;135.6;14;2;9.8;0.3;0.41;0.08;0.11;2.87;2.83;0.183;43.2;15.45;8;4.46;0.71;2.5;5.11;122.6;92.6;14.7;5;10.2;1.9;0.41;0.22;0.3
-4;0;0;100;100;17.2;3.92;11.45;1.03;1.06;0.166;55.4;6.31;3.17;1.82;0.33;1.04;5.48;163;136.9;12.9;2.1;11;0.32;0.54;0.09;0.11;3.55;3.47;0.187;44.6;18.57;9.62;5.25;0.9;2.88;5.97;131.3;91.8;21.8;5.8;11.9;2.23;0.61;0.26;0.36
-4;0;50;0;0;13.24;1.91;5.47;0.73;0.73;0.145;44.2;4.9;2.44;1.46;0.26;0.83;2.66;157.7;142.1;8.7;1.7;5.3;0.34;0.24;0.06;0.09;1.12;1.13;0.172;55.8;6.5;3.31;1.88;0.32;1.07;2.81;199.4;177.1;14.5;2.1;5.6;0.52;0.39;0.09;0.13
-4;0;50;0;50;12.89;2.09;6.09;0.81;0.8;0.157;44.7;5.03;2.52;1.5;0.27;0.85;2.93;159.6;144.6;7.5;1.7;5.9;0.33;0.32;0.07;0.09;1.37;1.39;0.18;55.3;7.69;3.99;2.24;0.38;1.24;3.16;197.4;173.9;14.7;2.5;6.3;0.51;0.61;0.11;0.16
-4;0;50;0;100;12.96;2.25;6.43;0.84;0.86;0.167;44.6;5.04;2.58;1.42;0.28;0.81;3.1;162.6;148.2;6.6;1.6;6.2;0.35;0.36;0.06;0.09;1.83;1.75;0.195;55.4;8.95;4.81;2.5;0.39;1.44;3.33;202;169.2;23.2;2.9;6.7;0.51;0.93;0.13;0.18
-4;0;50;50;0;15.2;2.44;7.13;0.85;0.86;0.146;49.7;5.8;2.83;1.79;0.31;0.96;3.51;159.2;138.1;12.1;1.9;7;0.32;0.35;0.08;0.11;1.69;1.66;0.18;50.3;9.17;4.75;2.65;0.44;1.48;3.62;160.9;136.6;14.1;3;7.2;0.96;0.38;0.14;0.17
-4;0;50;50;50;14.9;2.92;8.6;0.97;1.01;0.161;49.6;6.19;3.16;1.79;0.32;1.06;4.25;160.1;138.8;10.7;2.1;8.5;0.33;0.46;0.1;0.12;2.32;2.25;0.186;50.4;12.07;6.29;3.48;0.57;1.86;4.35;162.5;136;14.1;3.7;8.7;1.29;0.56;0.16;0.23
-4;0;50;50;100;14.99;3.53;9.89;1.11;1.12;0.179;49.4;6.21;3.27;1.8;0.28;1.09;4.81;166.9;140.6;14.6;2.2;9.6;0.34;0.59;0.08;0.12;3.03;2.98;0.195;50.6;15.22;7.97;4.33;0.75;2.44;5.08;170.9;134.3;21.6;4.9;10.2;1.62;0.86;0.21;0.28
-4;0;50;100;0;17.27;2.99;8.62;1.03;1.07;0.152;57.2;6.98;3.49;2.08;0.37;1.22;4.21;160.3;133.9;15.6;2.4;8.4;0.31;0.52;0.1;0.13;2.12;2.06;0.184;42.8;11.22;5.85;3.19;0.56;1.77;4.41;119.9;93.8;13.7;3.5;8.8;1.31;0.37;0.16;0.22
-4;0;50;100;50;17.14;3.79;10.83;1.18;1.22;0.167;57.5;7.24;3.63;2.17;0.36;1.18;5.29;167.8;133.6;21.3;2.4;10.6;0.32;0.67;0.09;0.14;3.03;3.01;0.189;42.5;15.94;8.34;4.5;0.81;2.61;5.54;124;94;13.7;5.2;11.1;1.93;0.55;0.23;0.31
-4;0;50;100;100;17.06;4.2;12.37;1.33;1.39;0.184;55.8;7.48;3.88;2.12;0.36;1.25;5.88;168.2;134;20;2.5;11.8;0.32;0.84;0.09;0.14;3.68;3.72;0.195;44.2;19.05;9.97;5.36;0.93;2.95;6.48;132.9;93.7;20.4;5.9;13;2.27;0.82;0.26;0.37
-4;0;100;0;0;12.81;2.13;5.99;0.84;0.88;0.153;44.8;5.63;2.78;1.7;0.3;0.96;2.95;162.2;141.5;12.9;1.9;5.9;0.34;0.36;0.08;0.11;1.32;1.26;0.181;55.2;6.96;3.67;1.94;0.34;1.17;3.04;199.8;177.9;13.5;2.3;6.1;0.54;0.5;0.09;0.13
-4;0;100;0;50;12.66;2.18;6.41;0.91;0.97;0.171;45.3;5.63;2.79;1.64;0.3;0.9;3.07;163.5;144.5;11.1;1.8;6.1;0.35;0.45;0.07;0.1;1.6;1.59;0.195;54.7;8.13;4.22;2.32;0.42;1.28;3.34;197.2;174;14;2.6;6.7;0.53;0.79;0.11;0.16
-4;0;100;0;100;12.2;2.31;6.75;1.01;1.03;0.183;45.1;5.57;2.97;1.57;0.28;0.92;3.26;165;147;9.6;1.8;6.5;0.35;0.51;0.07;0.1;2;1.93;0.211;54.9;9.12;4.92;2.52;0.43;1.39;3.49;201.2;170.7;20.7;2.8;7;0.54;1.09;0.12;0.18
-4;0;100;50;0;14.86;2.67;7.75;1.09;1.12;0.161;50.2;6.88;3.46;2.06;0.35;1.17;3.67;164;136.2;18.1;2.3;7.3;0.33;0.57;0.09;0.12;1.8;1.76;0.185;49.8;9.48;4.94;2.7;0.47;1.5;4.08;162.7;138.5;13;3;8.2;0.96;0.49;0.13;0.19
-4;0;100;50;50;14.86;3.06;9.07;1.22;1.23;0.176;50.2;6.91;3.52;1.98;0.35;1.13;4.43;165.1;137.3;16.7;2.3;8.9;0.33;0.7;0.08;0.12;2.41;2.41;0.195;49.8;12.36;6.44;3.56;0.59;1.93;4.64;163.7;137.4;13.1;3.9;9.3;1.29;0.73;0.17;0.23
-4;0;100;50;100;14.34;3.61;10.22;1.37;1.38;0.197;49.2;6.97;3.68;1.96;0.34;1.12;4.88;165.5;139;14.5;2.2;9.8;0.34;0.83;0.09;0.12;3.3;3.21;0.204;50.8;15.71;8.37;4.34;0.72;2.49;5.34;170.9;135.8;19.5;5;10.7;1.67;1.03;0.22;0.29
-4;0;100;100;0;16.72;3.23;9.18;1.34;1.33;0.162;58;8.15;4.19;2.37;0.38;1.36;4.42;166.9;131.9;23.4;2.7;8.8;0.33;0.75;0.11;0.15;2.21;2.19;0.188;42;11.65;6.08;3.26;0.57;1.86;4.76;120.7;95;12.4;3.7;9.5;1.33;0.46;0.17;0.23
-4;0;100;100;50;16.73;3.9;11.49;1.47;1.52;0.181;57.3;8.39;4.28;2.46;0.42;1.35;5.59;167.2;131.5;21.8;2.7;11.2;0.32;0.95;0.1;0.15;3.22;3.19;0.195;42.7;16.3;8.56;4.61;0.8;2.55;5.9;124.5;95.3;12.3;5.1;11.8;1.94;0.69;0.23;0.32
-4;0;100;100;100;16.7;4.55;12.69;1.73;1.75;0.205;55.7;8.54;4.52;2.37;0.44;1.42;6.09;167.1;132.1;20;2.8;12.2;0.32;1.18;0.11;0.15;3.96;3.95;0.202;44.3;19.53;10.36;5.42;0.96;3.14;6.6;133.1;94.9;18.7;6.3;13.2;2.32;0.98;0.28;0.37
-4;50;0;0;0;15.57;2.29;6.52;0.85;0.95;0.146;38.4;6.43;3.17;1.91;0.32;1.13;3.14;125.5;108.7;8.3;2.3;6.3;0.57;0.17;0.09;0.12;1.16;1.15;0.163;61.6;7.03;3.51;2.1;0.37;1.15;3.38;201.5;173.6;18.8;2.3;6.8;0.52;0.38;0.1;0.14
-4;50;0;0;50;15.48;2.47;7.01;0.93;0.98;0.15;39.3;6.44;3.14;2;0.33;1.09;3.39;127.9;111.6;7.4;2.2;6.8;0.58;0.2;0.09;0.12;1.4;1.35;0.163;60.7;8.23;4.26;2.36;0.39;1.38;3.63;197.9;168.6;19.3;2.8;7.3;0.49;0.57;0.12;0.16
-4;50;0;0;100;15.37;2.73;7.68;1.01;1.03;0.156;38.9;6.54;3.31;1.93;0.36;1.09;3.74;130.3;114.5;6.2;2.2;7.5;0.58;0.23;0.09;0.13;1.82;1.74;0.177;61.1;9.78;5.08;2.73;0.49;1.63;3.94;204.5;163.6;29.7;3.3;7.9;0.5;0.92;0.14;0.19
-4;50;0;50;0;17.33;2.76;7.83;0.94;1;0.145;44.1;6.8;3.35;2.02;0.36;1.19;3.74;128.1;106.8;11.5;2.4;7.5;0.55;0.23;0.1;0.12;1.62;1.64;0.172;55.9;9.52;4.84;2.81;0.46;1.57;4.09;162.3;132.5;18.4;3.1;8.2;0.93;0.38;0.14;0.2
-4;50;0;50;50;17.4;3.35;9.55;1.03;1.09;0.151;44.2;7.15;3.57;2.1;0.39;1.26;4.53;129.9;107.9;10.5;2.5;9.1;0.55;0.3;0.1;0.13;2.28;2.26;0.175;55.8;12.86;6.58;3.68;0.67;2.09;5.02;164.2;131.2;18.8;4.2;10;1.25;0.56;0.19;0.26
-4;50;0;50;100;17.42;3.87;10.86;1.2;1.18;0.16;43.3;7.34;3.71;2.14;0.39;1.25;5.27;132.5;110.2;9.2;2.5;10.5;0.58;0.37;0.1;0.13;3.02;2.99;0.185;56.7;16.14;8.36;4.56;0.8;2.62;5.59;173.2;128.1;28.7;5.2;11.2;1.55;0.89;0.24;0.31
-4;50;0;100;0;19.3;3.12;9.12;1.05;1.08;0.144;51.8;7.42;3.7;2.27;0.36;1.3;4.37;130.8;104.8;14.7;2.6;8.7;0.54;0.3;0.1;0.14;2.1;2.03;0.176;48.2;11.5;6;3.24;0.61;1.83;4.75;121.7;90;18.5;3.7;9.5;1.27;0.37;0.16;0.23
-4;50;0;100;50;19.39;4.05;11.5;1.22;1.19;0.151;51.3;7.81;3.87;2.37;0.41;1.31;5.59;132.3;104.8;13.6;2.6;11.2;0.53;0.4;0.11;0.15;2.86;2.96;0.18;48.7;16.39;8.51;4.73;0.76;2.74;5.91;125.6;90;18.3;5.5;11.8;1.85;0.55;0.25;0.32
-4;50;0;100;100;19.32;4.42;12.98;1.37;1.34;0.162;49.8;8.18;4.19;2.39;0.41;1.36;6.34;134.5;106.6;12.5;2.7;12.7;0.56;0.53;0.11;0.14;3.73;3.68;0.187;50.2;19.68;10.16;5.57;0.98;3.07;6.64;135.6;88.5;27.7;6.1;13.3;2.16;0.86;0.27;0.38
-4;50;50;0;0;15.46;2.68;7.68;1.24;1.29;0.149;39.1;8.62;4.25;2.61;0.42;1.42;3.72;128.5;109.6;8.6;2.8;7.4;0.78;0.24;0.11;0.17;1.3;1.27;0.171;60.9;7.4;3.83;2.13;0.36;1.25;3.97;200.4;172;17.9;2.5;7.9;0.5;0.5;0.12;0.15
-4;50;50;0;50;15.43;2.99;8.38;1.33;1.34;0.155;39.8;8.55;4.32;2.5;0.43;1.49;4.03;130.6;112.2;7.3;3;8.1;0.77;0.29;0.11;0.16;1.59;1.6;0.178;60.2;8.94;4.63;2.54;0.45;1.5;4.35;197.6;167.4;18.5;3;8.7;0.51;0.79;0.13;0.17
-4;50;50;0;100;15.24;3.13;9.04;1.4;1.42;0.161;39.6;8.76;4.41;2.58;0.43;1.47;4.36;133.1;115.2;6.2;2.9;8.7;0.8;0.34;0.11;0.16;2.13;2.03;0.195;60.4;10.38;5.54;2.86;0.51;1.66;4.67;203.3;162.2;28.4;3.3;9.3;0.51;1.18;0.15;0.19
-4;50;50;50;0;17.38;3.19;9.23;1.39;1.4;0.149;44.5;9.36;4.63;2.72;0.51;1.57;4.46;130.4;106.9;11.5;3.1;8.9;0.76;0.34;0.13;0.17;1.78;1.77;0.177;55.5;9.96;5.16;2.83;0.51;1.62;4.77;162.8;132.5;17.5;3.2;9.5;0.94;0.49;0.13;0.2
-4;50;50;50;50;17.19;3.64;10.8;1.54;1.49;0.157;44.8;9.45;4.8;2.71;0.49;1.58;5.28;132.5;108.6;10.2;3.2;10.6;0.76;0.43;0.12;0.17;2.52;2.44;0.184;55.2;13.2;6.86;3.74;0.68;2.07;5.52;163.2;130.2;17.8;4.1;11;1.25;0.75;0.18;0.26
-4;50;50;50;100;17.2;4.3;12.21;1.61;1.67;0.169;44.6;9.8;4.99;2.78;0.51;1.69;5.98;139.3;110.1;13.9;3.4;12;0.78;0.57;0.14;0.18;3.22;3.21;0.195;55.4;16.43;8.65;4.59;0.77;2.61;6.23;173;128.3;27;5.2;12.5;1.55;1.13;0.22;0.32
-4;50;50;100;0;19.13;3.72;10.55;1.52;1.56;0.151;52;10.26;5.12;3.05;0.53;1.76;5.1;132.5;104;14.8;3.5;10.2;0.74;0.5;0.14;0.18;2.15;2.16;0.181;48;11.93;6.15;3.4;0.6;1.96;5.45;122.5;90.7;17;3.9;10.9;1.28;0.48;0.18;0.23
-4;50;50;100;50;19.45;4.48;12.9;1.61;1.75;0.162;53;10.73;5.37;3.29;0.52;1.83;6.34;142;104.7;21;3.7;12.7;0.75;0.66;0.14;0.2;3.09;3.1;0.187;47;16.56;8.62;4.6;0.83;2.65;6.56;125.7;90.2;17.1;5.3;13.1;1.82;0.72;0.24;0.32
-4;50;50;100;100;19.16;5;14.21;1.82;1.88;0.173;51.1;10.79;5.47;3.17;0.53;1.79;6.91;142.1;105.8;18.9;3.6;13.8;0.75;0.8;0.14;0.19;4.06;3.92;0.195;48.9;20.03;10.54;5.6;0.97;3.21;7.29;136.1;89.2;25.9;6.4;14.6;2.17;1.09;0.29;0.37
-4;50;100;0;0;15.42;3.17;8.98;1.58;1.7;0.154;40.3;10.94;5.49;3.26;0.55;1.92;4.32;135.1;110.1;12.6;3.8;8.6;0.98;0.35;0.16;0.2;1.47;1.45;0.184;59.7;7.83;4.1;2.16;0.43;1.26;4.66;200;171.2;17;2.5;9.3;0.5;0.69;0.11;0.15
-4;50;100;0;50;15.17;3.39;9.66;1.83;1.82;0.162;40.1;11.22;5.74;3.26;0.57;1.92;4.64;136.9;113;10.9;3.8;9.3;1.03;0.43;0.15;0.21;1.92;1.88;0.201;59.9;9.35;5;2.58;0.46;1.47;5.02;205;166.2;25.9;2.9;10;0.51;1.06;0.13;0.18
-4;50;100;0;100;15.2;3.53;10.13;1.8;1.87;0.167;40.9;11.15;5.59;3.35;0.53;1.86;4.87;139;116.2;9.4;3.7;9.7;1.04;0.49;0.14;0.2;2.42;2.37;0.22;59.1;10.75;5.83;2.88;0.5;1.68;5.26;201.4;160.5;26.9;3.4;10.5;0.5;1.52;0.15;0.2
-4;50;100;50;0;17.13;3.72;10.61;1.89;1.92;0.158;45.9;12.12;6.08;3.6;0.58;2.05;5.19;138.5;106.5;17.5;4.1;10.4;0.97;0.54;0.17;0.23;1.91;1.93;0.187;54.1;10.27;5.35;2.93;0.49;1.67;5.43;163.5;132.9;16.4;3.3;10.9;0.93;0.67;0.15;0.19
-4;50;100;50;50;17.59;4.14;12.23;1.98;1.97;0.165;44.8;11.88;5.99;3.47;0.61;1.94;5.96;140.3;108.9;15.6;3.9;11.9;0.96;0.65;0.14;0.22;2.73;2.76;0.199;55.2;13.85;7.32;3.93;0.65;2.2;6.28;172.8;129.9;26;4.4;12.6;1.24;1.06;0.2;0.26
-4;50;100;50;100;17.43;4.64;13.44;2.14;2.18;0.177;45.1;12.27;6.28;3.5;0.61;2.04;6.49;141.7;110.5;14.2;4.1;13;1;0.81;0.16;0.22;3.58;3.55;0.21;54.9;16.88;9.04;4.66;0.77;2.6;6.96;173;127.7;26.1;5.2;13.9;1.53;1.5;0.22;0.31
-4;50;100;100;0;19.1;4.35;12.28;2;2.09;0.158;53.4;13.15;6.63;3.88;0.65;2.28;5.91;142.2;103.4;22.4;4.6;11.8;0.94;0.73;0.17;0.24;2.4;2.42;0.19;46.6;12.75;6.69;3.58;0.61;2.07;6.37;124;91.2;15.9;4.1;12.7;1.31;0.66;0.2;0.25
-4;50;100;100;50;19.05;4.95;14.13;2.2;2.26;0.169;51.4;13.33;6.73;3.93;0.67;2.27;6.85;142.6;103.8;20.5;4.5;13.7;0.95;0.89;0.18;0.24;3.43;3.37;0.198;48.6;17;9;4.72;0.84;2.68;7.28;134.8;90.9;23.9;5.4;14.6;1.84;0.97;0.24;0.32
-4;50;100;100;100;19.09;5.33;15.5;2.39;2.46;0.184;51.3;13.36;6.88;3.84;0.68;2.19;7.53;143.9;105.6;18.9;4.4;15.1;0.94;1.1;0.18;0.25;4.39;4.26;0.207;48.7;20.55;11.08;5.59;0.97;3.15;7.97;136.4;89.4;24.8;6.3;15.9;2.19;1.41;0.27;0.38
-4;100;0;0;0;17.58;2.63;7.58;1.15;1.19;0.148;31.4;7.93;4.03;2.33;0.41;1.38;3.71;92.4;74.2;8.1;2.8;7.4;0.75;0.16;0.11;0.16;1.27;1.23;0.159;68.6;7.69;3.86;2.32;0.35;1.25;3.87;202.1;169.3;22.5;2.5;7.7;0.51;0.46;0.11;0.15
-4;100;0;0;50;17.71;2.96;8.43;1.22;1.21;0.151;32.2;7.96;3.97;2.38;0.41;1.33;4.05;94.3;76.5;7.1;2.7;8.1;0.77;0.19;0.1;0.14;1.63;1.61;0.166;67.8;9.62;4.92;2.73;0.49;1.63;4.38;198.6;163.3;23.3;3.3;8.8;0.51;0.77;0.15;0.19
-4;100;0;0;100;17.81;3.24;9.33;1.25;1.25;0.154;32.1;8.02;4.03;2.38;0.42;1.38;4.52;97;79.2;6;2.8;9;0.78;0.22;0.11;0.14;2.05;2.04;0.176;67.9;11.54;5.9;3.36;0.58;1.86;4.81;205.7;156.2;36.1;3.7;9.6;0.48;1.16;0.17;0.23
-4;100;0;50;0;19.26;3.13;8.81;1.23;1.24;0.146;36.7;8.37;4.22;2.41;0.42;1.49;4.26;95.5;72.5;11.4;3;8.5;0.73;0.24;0.12;0.15;1.82;1.72;0.169;63.3;10.13;5.2;2.92;0.51;1.64;4.55;164.4;130.1;21.9;3.3;9.1;0.91;0.45;0.15;0.2
-4;100;0;50;50;19.42;3.66;10.53;1.27;1.29;0.151;37.1;8.45;4.23;2.45;0.45;1.45;5.09;97.3;74;10.2;2.9;10.2;0.73;0.29;0.11;0.15;2.5;2.42;0.176;62.9;13.71;7.15;3.89;0.64;2.21;5.44;164.9;127.2;22.4;4.4;10.9;1.21;0.74;0.19;0.28
-4;100;0;50;100;19.54;4.34;12.26;1.31;1.39;0.159;36.1;8.7;4.39;2.54;0.42;1.52;5.87;99.5;76;8.8;3;11.7;0.75;0.36;0.12;0.15;3.27;3.19;0.183;63.9;17.35;9.05;5.02;0.82;2.82;6.39;176.6;123.4;34.7;5.6;12.8;1.48;1.11;0.25;0.34
-4;100;0;100;0;21.14;3.43;9.96;1.26;1.29;0.146;44.2;8.79;4.27;2.7;0.44;1.45;4.87;98.5;71.2;14.6;2.9;9.7;0.7;0.3;0.12;0.16;2.13;2.12;0.175;55.8;12.14;6.22;3.49;0.58;1.98;5.09;124.2;88.4;21.6;4;10.2;1.26;0.44;0.19;0.23
-4;100;0;100;50;21.37;4.37;12.36;1.36;1.4;0.152;44;9.19;4.56;2.75;0.49;1.59;5.99;100.4;71.8;13.4;3.2;12;0.71;0.39;0.13;0.18;3.23;3.08;0.181;56;17.02;8.94;4.75;0.81;2.78;6.37;127.8;87.6;22;5.6;12.7;1.81;0.7;0.25;0.32
-4;100;0;100;100;21.52;5;14.31;1.58;1.57;0.161;42.3;9.68;4.92;2.8;0.51;1.67;6.94;102.8;73.3;12.2;3.3;13.9;0.73;0.53;0.13;0.18;3.91;3.87;0.186;57.7;20.82;10.83;6.01;1.04;3.33;7.37;140.6;85.6;33.6;6.7;14.7;2.08;1.08;0.3;0.41
-4;100;50;0;0;17.73;3.36;9.36;1.72;1.71;0.15;32.5;11.32;5.66;3.35;0.59;1.97;4.57;96.5;75.3;8.1;3.9;9.1;1.11;0.23;0.16;0.21;1.43;1.39;0.168;67.5;8.26;4.28;2.38;0.39;1.39;4.79;200.4;166.4;21.7;2.8;9.6;0.47;0.63;0.13;0.16
-4;100;50;0;50;17.89;3.52;10.34;1.79;1.78;0.154;32.1;11.45;5.66;3.44;0.62;1.86;5.02;98.3;77.6;7;3.7;10;1.13;0.29;0.14;0.21;1.84;1.87;0.183;67.9;10.18;5.19;2.95;0.52;1.66;5.32;208.3;160.5;33.8;3.3;10.6;0.48;1.04;0.16;0.19
-4;100;50;0;100;18.11;3.9;11.45;1.8;1.9;0.159;33.5;11.93;6;3.5;0.58;2.01;5.62;101.9;80.7;5.9;4;11.2;1.19;0.33;0.16;0.22;2.45;2.38;0.195;66.5;12.19;6.41;3.44;0.6;1.89;5.83;202.8;152.3;35.1;3.8;11.7;0.46;1.52;0.16;0.23
-4;100;50;50;0;19.53;3.79;10.94;1.76;1.79;0.15;37.7;11.9;6;3.52;0.57;2.04;5.32;99.3;73.4;11.2;4.1;10.6;1.08;0.32;0.17;0.23;1.95;1.91;0.174;62.3;10.9;5.59;3.15;0.55;1.75;5.63;164.3;128.4;21.2;3.5;11.3;0.92;0.62;0.15;0.22
-4;100;50;50;50;19.59;4.33;12.66;1.98;1.93;0.156;36.7;12.33;6.14;3.71;0.57;2.08;6.09;101.5;75.1;10;4.2;12.2;1.11;0.43;0.17;0.22;2.77;2.69;0.187;63.3;14.4;7.48;4.09;0.71;2.24;6.57;175;125.2;32.3;4.5;13.1;1.19;1.03;0.19;0.29
-4;100;50;50;100;19.76;4.9;14.11;2.03;2.05;0.164;38.2;12.41;6.33;3.65;0.58;2.1;6.84;108;77;13.2;4.2;13.7;1.12;0.53;0.18;0.22;3.56;3.48;0.195;61.8;17.82;9.38;5.07;0.86;2.8;7.27;175.3;121.5;33.7;5.6;14.5;1.45;1.44;0.25;0.35
-4;100;50;100;0;21.23;4.23;12.28;1.93;1.94;0.152;45;12.75;6.45;3.81;0.64;2.19;5.99;102.3;71.7;14.3;4.4;12;1.06;0.47;0.18;0.23;2.27;2.26;0.178;55;12.68;6.49;3.7;0.61;2.05;6.29;125.1;87.8;20.6;4.1;12.6;1.23;0.61;0.17;0.25
-4;100;50;100;50;21.55;5.04;14.51;2.02;2.11;0.16;44.5;13.15;6.63;3.88;0.68;2.21;7.1;111.3;72.7;19.9;4.4;14.2;1.07;0.62;0.17;0.25;3.43;3.37;0.189;55.5;17.8;9.31;5.03;0.83;2.83;7.41;138.6;86.5;31.6;5.7;14.8;1.77;0.99;0.25;0.35
-4;100;50;100;100;21.58;5.6;16.35;2.24;2.27;0.168;44.4;13.43;6.76;3.97;0.68;2.21;7.89;112.2;74.1;17.9;4.4;15.8;1.09;0.76;0.17;0.25;4.27;4.2;0.195;55.6;21.5;11.34;6.05;1.04;3.38;8.45;140.7;84.6;32.4;6.8;16.9;2.08;1.4;0.3;0.42
-4;100;100;0;0;17.93;3.77;11.06;2.04;2.11;0.153;34.3;13.75;6.83;4.17;0.68;2.38;5.4;103.8;76.2;12;4.8;10.8;1.35;0.33;0.18;0.26;1.75;1.68;0.183;65.7;9.13;4.67;2.64;0.49;1.39;5.66;199.1;163.9;21.1;2.8;11.3;0.49;0.9;0.12;0.18
-4;100;100;0;50;17.8;4.11;11.72;2.19;2.23;0.159;33.9;13.97;6.98;4.15;0.71;2.33;5.78;105;78.8;10.1;4.7;11.6;1.39;0.4;0.18;0.25;2.27;2.21;0.202;66.1;10.96;5.86;3.01;0.53;1.77;5.95;205.3;157.4;32.5;3.5;11.9;0.5;1.35;0.16;0.2
-4;100;100;0;100;17.81;4.36;12.58;2.32;2.35;0.163;34.7;14.38;7.15;4.27;0.73;2.35;6.08;106.7;81.4;8.5;4.7;12.2;1.44;0.45;0.19;0.27;2.93;2.86;0.222;65.3;12.86;7.08;3.44;0.57;2.01;6.49;201.2;150.6;33.6;4;13;0.47;1.96;0.18;0.24
-4;100;100;50;0;19.61;4.34;12.47;2.23;2.28;0.156;39.6;14.58;7.38;4.25;0.74;2.53;6;107.5;73.9;16.5;5.1;12;1.31;0.52;0.19;0.26;2.2;2.17;0.186;60.4;11.63;6.05;3.33;0.54;1.81;6.47;164.4;127.4;20.4;3.6;12.9;0.91;0.87;0.16;0.23
-4;100;100;50;50;19.52;4.8;14.1;2.31;2.43;0.162;38.5;14.93;7.49;4.49;0.71;2.51;6.73;109;75.7;14.7;5;13.5;1.35;0.61;0.2;0.27;3.01;2.95;0.199;61.5;14.79;7.76;4.14;0.72;2.29;7.37;174.2;123.9;30.9;4.6;14.7;1.17;1.31;0.19;0.28
-4;100;100;50;100;19.72;5.38;15.51;2.45;2.59;0.17;39;15.13;7.67;4.43;0.76;2.54;7.63;111;77.6;13.1;5.1;15.3;1.37;0.75;0.19;0.27;3.97;3.9;0.213;61;18.31;9.81;5.08;0.86;2.84;7.89;173.6;120.3;31.8;5.7;15.8;1.45;1.86;0.25;0.34
-4;100;100;100;0;21.31;4.8;13.89;2.46;2.47;0.157;46.8;15.62;7.8;4.63;0.79;2.57;6.71;111.7;71;22.1;5.1;13.4;1.25;0.72;0.21;0.29;2.5;2.54;0.188;53.2;13.46;7.07;3.86;0.63;2.23;7.18;127;88.6;19.5;4.5;14.4;1.25;0.83;0.2;0.26
-4;100;100;100;50;21.4;5.46;15.95;2.56;2.62;0.165;44.9;15.78;7.97;4.61;0.81;2.63;7.75;113;72.5;19.8;5.3;15.5;1.28;0.85;0.2;0.29;3.62;3.61;0.199;55.1;18.13;9.53;5.1;0.92;2.83;8.19;138.6;86.8;29.9;5.7;16.4;1.75;1.25;0.26;0.35
-4;100;100;100;100;21.51;6.18;17.49;2.84;2.91;0.177;45;16.37;8.46;4.67;0.81;2.77;8.41;114.6;74;18.2;5.5;16.8;1.32;1.07;0.22;0.3;4.7;4.58;0.21;55;21.81;11.68;6.02;1.06;3.41;9.08;140.3;84.8;30.5;6.8;18.2;2.05;1.8;0.31;0.42
-3;0;0;0;0;13.52;1.75;5.11;0.62;0.65;0.141;45.7;4.47;2.17;1.37;0.22;0.74;2.53;163.2;147.6;9.1;1.5;5.1;0.33;0.18;0.06;0.08;0.99;1;0.161;54.3;6.1;3.11;1.8;0.3;1.01;2.58;193.8;171.8;14.8;2;5.2;0.48;0.3;0.1;0.12
-3;0;0;0;50;13.27;1.98;5.67;0.71;0.72;0.148;46.1;4.71;2.34;1.4;0.25;0.79;2.75;164.7;149.2;8.4;1.6;5.5;0.34;0.22;0.07;0.09;1.17;1.16;0.163;53.9;7.06;3.61;2.1;0.33;1.19;2.92;192.8;169.8;14.8;2.4;5.8;0.49;0.43;0.1;0.14
-3;0;0;0;100;13.03;2.21;6.28;0.73;0.76;0.156;45.8;4.79;2.38;1.42;0.26;0.81;3.05;167.4;152.5;7.2;1.6;6.1;0.35;0.26;0.07;0.08;1.43;1.42;0.171;54.2;8.28;4.33;2.4;0.44;1.4;3.23;197.9;165.9;22.8;2.8;6.5;0.49;0.64;0.12;0.16
-3;0;0;50;0;15.51;2.33;6.68;0.72;0.75;0.139;51.4;5.22;2.58;1.59;0.28;0.89;3.27;165;144.1;12.6;1.8;6.5;0.33;0.26;0.06;0.1;1.59;1.49;0.17;48.6;8.75;4.56;2.48;0.43;1.45;3.42;156.1;132.1;14.3;2.9;6.8;0.9;0.29;0.12;0.18
-3;0;0;50;50;15.31;2.82;8.13;0.83;0.84;0.149;51.2;5.5;2.82;1.58;0.29;0.96;3.92;165.8;144.4;11.6;1.9;7.8;0.33;0.33;0.08;0.1;2.01;1.97;0.173;48.8;11.37;5.88;3.31;0.6;1.85;4.21;158.1;131.8;14.2;3.7;8.4;1.18;0.41;0.15;0.23
-3;0;0;50;100;15.29;3.28;9.45;0.91;0.93;0.164;50;5.63;2.87;1.61;0.28;0.95;4.55;167;145.2;10.7;1.9;9.1;0.33;0.43;0.08;0.1;2.59;2.58;0.179;50;14.41;7.43;4.18;0.69;2.33;4.9;167.2;131;21.7;4.7;9.8;1.48;0.6;0.21;0.29
-3;0;0;100;0;17.38;2.79;8.01;0.82;0.86;0.14;59.1;5.99;2.97;1.8;0.33;1.05;3.85;167;141;16.1;2.1;7.7;0.33;0.34;0.08;0.12;1.86;1.85;0.173;40.9;10.64;5.48;3.03;0.55;1.74;4.17;115.5;89.8;14;3.5;8.3;1.19;0.29;0.16;0.21
-3;0;0;100;50;17.44;3.4;10.03;0.88;0.95;0.151;58.3;6.22;3.07;1.89;0.31;1.06;4.88;167.1;140.2;15;2.1;9.8;0.31;0.43;0.08;0.12;2.63;2.62;0.177;41.7;14.81;7.52;4.32;0.77;2.35;5.14;119.2;90.3;14;4.7;10.3;1.73;0.39;0.21;0.29
-3;0;0;100;100;17.63;4;11.56;1.15;1.13;0.166;56.5;6.75;3.46;2;0.3;1.1;5.66;167.8;140.1;14.2;2.2;11.3;0.3;0.62;0.08;0.13;3.36;3.25;0.18;43.5;17.99;9.42;4.99;0.94;2.9;5.9;129.1;90.3;21.2;5.8;11.8;2.05;0.59;0.26;0.34
-3;0;50;0;0;13.2;1.86;5.48;0.74;0.74;0.145;45.5;5.02;2.46;1.51;0.28;0.84;2.6;162.7;146.4;9.4;1.7;5.2;0.33;0.25;0.06;0.1;1.11;1.08;0.169;54.5;6.34;3.27;1.85;0.33;1.03;2.88;194.7;173.3;13.6;2.1;5.8;0.49;0.37;0.09;0.13
-3;0;50;0;50;12.97;2.1;6.02;0.83;0.85;0.156;46.1;5.3;2.65;1.58;0.26;0.91;3;165;148.7;8.4;1.8;6;0.34;0.34;0.07;0.1;1.27;1.29;0.176;53.9;7.29;3.75;2.08;0.36;1.19;3.02;192.6;170.4;13.8;2.4;6;0.49;0.56;0.11;0.14
-3;0;50;0;100;12.69;2.29;6.68;0.89;0.93;0.169;45.8;5.43;2.68;1.63;0.25;0.84;3.22;167;151.8;7.1;1.7;6.4;0.36;0.4;0.07;0.11;1.58;1.66;0.191;54.2;8.63;4.55;2.39;0.46;1.45;3.46;197.9;166.7;21.3;2.9;6.9;0.5;0.87;0.11;0.17
-3;0;50;50;0;15.26;2.52;7.17;0.91;0.91;0.146;51.2;6.13;3.08;1.81;0.3;1.06;3.48;164.6;142.6;12.9;2.1;7;0.33;0.37;0.09;0.11;1.58;1.56;0.175;48.8;8.89;4.57;2.64;0.42;1.46;3.69;157.1;133.4;13.4;2.9;7.4;0.87;0.38;0.13;0.18
-3;0;50;50;50;14.93;2.91;8.54;1.01;1.05;0.161;50.8;6.47;3.25;1.92;0.33;1.07;4.14;164.2;142;11.8;2.1;8.3;0.33;0.51;0.09;0.12;2.03;2.1;0.181;49.2;11.56;5.95;3.38;0.57;1.84;4.4;159.3;133.9;12.9;3.7;8.8;1.19;0.52;0.16;0.23
-3;0;50;50;100;15.01;3.42;9.85;1.17;1.22;0.18;50.7;6.72;3.44;1.95;0.34;1.12;4.75;171.8;143.7;16.3;2.2;9.5;0.35;0.67;0.08;0.11;2.78;2.75;0.189;49.3;14.49;7.55;4.08;0.75;2.3;5.1;167;132.4;19.8;4.6;10.2;1.48;0.79;0.2;0.27
-3;0;50;100;0;17.17;3.01;8.72;1.06;1.1;0.151;58.5;7.25;3.55;2.21;0.38;1.2;4.23;165.2;138;16.4;2.4;8.5;0.33;0.55;0.1;0.13;1.92;1.96;0.178;41.5;11.01;5.66;3.16;0.55;1.81;4.5;117.1;91.6;12.8;3.6;9;1.23;0.35;0.16;0.22
-3;0;50;100;50;17.25;3.81;10.88;1.29;1.29;0.168;58.8;7.64;3.86;2.25;0.39;1.26;5.25;173.1;136.9;23.2;2.5;10.5;0.32;0.73;0.11;0.14;2.85;2.84;0.183;41.2;15.55;8.09;4.43;0.76;2.55;5.63;121.2;92.3;12.6;5.1;11.3;1.8;0.52;0.22;0.31
-3;0;50;100;100;17.09;4.27;12.16;1.42;1.44;0.185;57.3;7.71;4.02;2.18;0.36;1.25;5.96;173.4;137.8;21.2;2.5;11.9;0.31;0.89;0.1;0.14;3.53;3.51;0.189;42.7;18.56;9.71;5.22;0.9;3.02;6.21;129.3;91.7;19.1;6;12.4;2.13;0.78;0.26;0.34
-3;0;100;0;0;12.75;2.06;6.04;0.93;0.95;0.155;46.1;6.07;3;1.8;0.31;1.01;2.99;167.3;144.8;14.4;2;6;0.35;0.41;0.08;0.12;1.21;1.17;0.176;53.9;6.57;3.4;1.89;0.33;1.05;3.05;195.6;175.1;12.3;2.1;6.1;0.5;0.46;0.09;0.12
-3;0;100;0;50;12.29;2.16;6.35;1.08;1.06;0.172;46.3;6.07;3.18;1.65;0.31;1.03;3.05;167.5;146.8;12.5;2.1;6.1;0.35;0.52;0.08;0.11;1.48;1.43;0.191;53.7;7.49;3.95;2.12;0.36;1.13;3.3;194.1;172.7;12.5;2.3;6.6;0.5;0.7;0.09;0.14
-3;0;100;0;100;12.22;2.38;6.7;1.06;1.1;0.185;46.3;5.89;3.03;1.73;0.26;0.95;3.25;170;150.8;10.8;1.9;6.5;0.35;0.57;0.07;0.1;1.83;1.81;0.208;53.7;8.69;4.74;2.33;0.42;1.43;3.46;197.4;167.9;19.7;2.9;6.9;0.5;1.04;0.12;0.15
-3;0;100;50;0;14.87;2.75;7.77;1.23;1.19;0.162;51.6;7.29;3.75;2.12;0.34;1.23;3.8;169.5;139.8;19.6;2.5;7.6;0.34;0.61;0.1;0.14;1.68;1.65;0.18;48.4;9.11;4.71;2.65;0.46;1.52;3.96;158.8;135.9;11.9;3;7.9;0.9;0.45;0.13;0.17
-3;0;100;50;50;14.67;3.06;8.85;1.28;1.29;0.177;51.8;7.22;3.75;2;0.35;1.2;4.35;170.9;142.4;17.4;2.4;8.7;0.34;0.73;0.09;0.13;2.34;2.26;0.189;48.2;11.92;6.26;3.33;0.57;1.87;4.49;158.8;133.6;12.5;3.7;9;1.17;0.7;0.15;0.23
-3;0;100;50;100;14.67;3.48;10.05;1.55;1.48;0.199;50.6;7.4;3.93;2.08;0.36;1.17;4.88;171.1;142.6;16.5;2.3;9.8;0.34;0.93;0.09;0.13;3.1;2.96;0.198;49.4;14.89;7.85;4.21;0.63;2.31;5.17;166.9;133.5;18.5;4.6;10.3;1.49;0.98;0.21;0.28
-3;0;100;100;0;17.01;3.22;9.47;1.38;1.41;0.163;59.1;8.59;4.28;2.54;0.44;1.42;4.6;171.5;134.2;25.3;2.8;9.2;0.32;0.82;0.11;0.15;2.01;2.02;0.181;40.9;11.09;5.68;3.24;0.55;1.79;4.87;118.7;93.9;11.5;3.6;9.7;1.24;0.42;0.15;0.21
-3;0;100;100;50;17.07;4.11;11.44;1.64;1.65;0.182;58.5;9.07;4.7;2.56;0.46;1.55;5.66;172.3;134.3;23.6;3.1;11.3;0.33;1.04;0.12;0.17;3.01;2.99;0.189;41.5;15.79;8.29;4.51;0.75;2.56;5.78;122;93.8;11.5;5.1;11.6;1.81;0.64;0.24;0.31
-3;0;100;100;100;16.97;4.36;12.86;1.84;1.84;0.206;56.9;8.89;4.72;2.48;0.46;1.42;6.25;172;134.8;21.8;2.8;12.5;0.31;1.26;0.11;0.15;3.7;3.7;0.195;43.1;18.89;9.9;5.35;0.95;2.94;6.61;130.1;93.5;17.4;5.9;13.2;2.16;0.92;0.26;0.36
-3;50;0;0;0;15.5;2.23;6.44;0.92;0.98;0.146;40;6.67;3.25;1.99;0.34;1.13;3.18;130.3;112.5;9.2;2.3;6.4;0.59;0.18;0.09;0.12;1.09;1.06;0.158;60;6.65;3.41;1.93;0.34;1.11;3.27;195.4;168.8;17.9;2.2;6.5;0.48;0.36;0.09;0.13
-3;50;0;0;50;15.42;2.51;7.15;1.09;1.02;0.151;40.7;6.73;3.42;1.98;0.32;1.15;3.51;132.3;114.8;8.2;2.3;7;0.59;0.22;0.09;0.13;1.28;1.31;0.16;59.3;8.12;4.09;2.36;0.42;1.36;3.64;193.3;165;18.3;2.7;7.3;0.49;0.54;0.11;0.17
-3;50;0;0;100;15.29;2.7;8;1.05;1.09;0.155;40.3;6.97;3.5;2.05;0.36;1.16;3.85;134.7;117.9;6.8;2.3;7.7;0.61;0.26;0.1;0.12;1.74;1.7;0.175;59.7;9.67;4.93;2.85;0.48;1.54;4.15;199.9;160;28.5;3.1;8.3;0.48;0.89;0.14;0.19
-3;50;0;50;0;17.37;2.7;7.81;1;1.06;0.145;45.7;7.21;3.48;2.17;0.4;1.21;3.87;132.7;110;12.5;2.4;7.7;0.57;0.25;0.09;0.14;1.59;1.52;0.167;54.3;9.09;4.65;2.6;0.46;1.49;3.94;158;129.6;17.5;3;7.9;0.87;0.35;0.13;0.17
-3;50;0;50;50;17.34;3.26;9.49;1.05;1.13;0.15;45.8;7.44;3.61;2.25;0.36;1.24;4.62;134.7;112;11;2.5;9.2;0.59;0.31;0.1;0.14;2.2;2.13;0.17;54.2;12.47;6.36;3.63;0.6;2.03;4.87;159.2;127.3;18.2;4.1;9.7;1.15;0.54;0.18;0.25
-3;50;0;50;100;17.21;3.79;10.94;1.2;1.24;0.16;44.7;7.69;3.82;2.29;0.41;1.29;5.33;136.5;113.3;10;2.6;10.7;0.59;0.4;0.1;0.14;2.81;2.79;0.18;55.3;15.5;8.01;4.46;0.73;2.5;5.61;168.9;125.7;27;5;11.2;1.44;0.84;0.22;0.29
-3;50;0;100;0;19.11;3.07;9.09;1.13;1.14;0.144;53.3;7.82;3.83;2.41;0.38;1.32;4.44;135;107.7;15.8;2.6;8.9;0.55;0.33;0.1;0.15;1.95;1.9;0.171;46.7;11.06;5.6;3.25;0.59;1.75;4.65;118.1;88.2;17.1;3.5;9.3;1.17;0.34;0.16;0.23
-3;50;0;100;50;19.45;3.91;11.36;1.24;1.25;0.151;52.8;8.21;4.04;2.46;0.43;1.34;5.59;136.4;108;14.6;2.7;11.2;0.55;0.43;0.11;0.16;2.83;2.75;0.174;47.2;15.77;8.04;4.57;0.79;2.56;5.77;122.1;87.9;17.5;5.1;11.5;1.71;0.52;0.22;0.3
-3;50;0;100;100;19.28;4.58;12.96;1.37;1.41;0.163;50.8;8.58;4.32;2.51;0.41;1.45;6.23;137.6;108.8;13.4;2.9;12.5;0.56;0.58;0.12;0.15;3.56;3.49;0.181;49.2;19.2;9.99;5.47;0.93;3.12;6.74;133.3;87.2;26.4;6.2;13.5;2.03;0.82;0.27;0.37
-3;50;50;0;0;15.43;2.68;7.55;1.29;1.33;0.15;40.3;8.8;4.34;2.65;0.48;1.49;3.61;132.2;112.8;9.2;3;7.2;0.78;0.26;0.13;0.16;1.23;1.19;0.167;59.7;7.09;3.67;1.96;0.35;1.19;3.94;195.7;168.3;17.2;2.4;7.9;0.47;0.48;0.11;0.14
-3;50;50;0;50;15.45;3.05;8.67;1.41;1.48;0.156;41.4;9.38;4.75;2.73;0.52;1.64;4.21;135.7;115.9;8.1;3.3;8.4;0.83;0.33;0.13;0.18;1.51;1.53;0.175;58.6;8.7;4.49;2.49;0.45;1.41;4.45;192.5;163.3;17.5;2.8;8.9;0.47;0.76;0.12;0.18
-3;50;50;0;100;14.97;3.17;9.17;1.44;1.51;0.162;41.1;9.26;4.64;2.75;0.49;1.58;4.5;137.6;118.9;6.5;3.2;9;0.85;0.37;0.12;0.17;1.9;1.94;0.192;58.9;10.06;5.19;2.88;0.48;1.59;4.68;197.7;158.4;26.8;3.2;9.4;0.48;1.12;0.14;0.2
-3;50;50;50;0;17.4;3.23;9.34;1.44;1.48;0.149;46;9.87;4.87;3.01;0.5;1.69;4.57;135.2;110.2;12.5;3.4;9.1;0.78;0.37;0.14;0.18;1.67;1.66;0.172;54;9.58;4.92;2.76;0.47;1.54;4.77;158.6;129.4;16.7;3.1;9.5;0.86;0.47;0.14;0.19
-3;50;50;50;50;17.2;3.72;10.82;1.61;1.59;0.157;46;10.05;5.04;2.96;0.51;1.68;5.28;136.4;111.3;11.2;3.4;10.6;0.79;0.48;0.13;0.19;2.36;2.3;0.18;54;12.75;6.57;3.7;0.62;2.04;5.54;160;128.1;16.7;4.1;11.1;1.16;0.71;0.18;0.25
-3;50;50;50;100;17.46;4.35;12.25;1.69;1.76;0.17;46.2;10.31;5.31;2.96;0.51;1.79;6.09;144.7;113.5;15.4;3.6;12.2;0.8;0.63;0.14;0.19;3;3.01;0.19;53.8;15.78;8.23;4.5;0.77;2.56;6.16;168.5;125.4;25.7;5.1;12.3;1.41;1.08;0.22;0.29
-3;50;50;100;0;19.19;3.67;10.62;1.59;1.65;0.152;53.5;10.77;5.38;3.24;0.5;1.86;5.23;137.2;107;16;3.7;10.5;0.76;0.52;0.16;0.2;2.03;2;0.175;46.5;11.41;5.87;3.29;0.52;1.81;5.39;119.2;88.7;16.1;3.6;10.8;1.17;0.46;0.15;0.22
-3;50;50;100;50;19.31;4.53;12.84;1.83;1.81;0.163;54.2;11.07;5.62;3.25;0.54;1.84;6.25;145.7;107.2;22.3;3.7;12.5;0.75;0.7;0.15;0.21;2.97;2.96;0.182;45.8;16.27;8.44;4.63;0.82;2.69;6.6;123.3;88.6;16.1;5.4;13.2;1.7;0.69;0.24;0.33
-3;50;50;100;100;19.31;4.99;14.42;2;2.01;0.175;52.2;11.49;5.86;3.37;0.57;1.88;6.98;146.1;107.8;20.6;3.8;14;0.77;0.87;0.16;0.22;3.73;3.69;0.189;47.8;19.45;10;5.67;0.96;3.11;7.44;133.7;88.1;24.5;6.2;14.9;2.03;1.01;0.27;0.38
-3;50;100;0;0;15.53;3.15;9.18;1.76;1.78;0.154;41.7;11.49;5.82;3.36;0.57;1.94;4.43;139.9;113.4;13.8;3.9;8.9;1.02;0.39;0.16;0.21;1.38;1.4;0.181;58.3;7.7;3.93;2.26;0.38;1.21;4.75;195.5;167.3;16.2;2.4;9.5;0.48;0.65;0.11;0.17
-3;50;100;0;50;15.17;3.42;9.67;1.87;1.88;0.163;41.4;11.53;5.81;3.35;0.61;1.95;4.8;141.5;116.4;11.6;3.9;9.6;1.03;0.48;0.15;0.23;1.72;1.79;0.198;58.6;9.02;4.71;2.59;0.43;1.47;4.86;200.2;162.4;25.1;2.9;9.7;0.46;1.03;0.12;0.17
-3;50;100;0;100;14.83;3.5;10.33;1.85;1.96;0.167;42.2;11.66;5.84;3.41;0.58;1.94;5.02;143.3;119.6;9.8;3.9;10;1.08;0.51;0.16;0.21;2.26;2.25;0.216;57.8;10.38;5.61;2.79;0.5;1.56;5.31;196.3;157.3;25.2;3.1;10.6;0.48;1.44;0.13;0.2
-3;50;100;50;0;17.24;3.64;10.72;1.93;1.94;0.157;47.4;12.31;6.2;3.65;0.61;2.06;5.25;143.5;110.5;18.3;4.1;10.5;0.99;0.56;0.16;0.23;1.94;1.85;0.183;52.6;10.12;5.28;2.85;0.52;1.58;5.47;159;129;15.9;3.2;10.9;0.86;0.66;0.14;0.2
-3;50;100;50;50;17.37;4.13;12.11;2.08;2.11;0.166;46.3;12.66;6.46;3.69;0.62;2.12;5.92;144.8;111.5;17.2;4.2;11.8;1;0.71;0.17;0.23;2.56;2.54;0.194;53.7;13.06;6.87;3.68;0.59;2.02;6.19;168.1;127.8;23.8;4;12.4;1.13;0.98;0.18;0.25
-3;50;100;50;100;17.04;4.72;13.25;2.29;2.27;0.178;46.3;12.72;6.62;3.63;0.62;2.11;6.49;145.5;113.2;15.1;4.2;13;1.02;0.85;0.18;0.23;3.27;3.31;0.205;53.7;16.16;8.58;4.52;0.74;2.61;6.76;168.6;125.8;24.1;5.2;13.5;1.43;1.35;0.23;0.3
-3;50;100;100;0;19.3;4.28;12.18;2.15;2.18;0.159;54.8;13.68;6.89;4.05;0.67;2.32;6.01;146.6;105.8;24.2;4.6;12;0.95;0.79;0.18;0.26;2.27;2.2;0.184;45.2;11.95;6.25;3.37;0.57;1.97;6.16;121;89.7;15;3.9;12.3;1.19;0.61;0.17;0.22
-3;50;100;100;50;19.19;4.99;14.07;2.28;2.37;0.17;52.9;13.86;7.08;3.98;0.67;2.34;6.9;147.4;106.5;22.4;4.7;13.8;0.95;0.97;0.19;0.26;3.18;3.17;0.192;47.1;16.45;8.66;4.59;0.81;2.64;7.17;131.2;89.2;22.4;5.3;14.3;1.7;0.92;0.24;0.31
-3;50;100;100;100;19.26;5.43;15.57;2.56;2.62;0.185;52.5;14.11;7.37;4.04;0.69;2.35;7.55;147.8;107.2;20.8;4.7;15.1;0.96;1.22;0.18;0.26;4.03;3.94;0.201;47.5;19.61;10.45;5.37;0.89;3.09;8.02;133.6;88.5;22.8;6.2;16;2.02;1.28;0.27;0.37
-3;100;0;0;0;17.55;2.58;7.57;1.21;1.2;0.147;32.7;8.1;3.94;2.5;0.42;1.35;3.72;95.7;76.5;9;2.7;7.4;0.77;0.18;0.11;0.15;1.17;1.15;0.156;67.3;7.34;3.7;2.21;0.37;1.23;3.85;197;165.4;21.5;2.5;7.7;0.46;0.44;0.1;0.15
-3;100;0;0;50;17.75;3;8.52;1.35;1.29;0.151;33.6;8.45;4.28;2.53;0.42;1.42;4.19;98;78.8;8;2.8;8.4;0.8;0.22;0.11;0.16;1.52;1.51;0.164;66.4;9.21;4.76;2.61;0.46;1.58;4.33;194.1;159.9;22.3;3.2;8.7;0.46;0.73;0.13;0.19
-3;100;0;0;100;17.71;3.35;9.47;1.39;1.35;0.155;33.2;8.62;4.38;2.54;0.43;1.52;4.6;100.3;81.4;6.7;3;9.2;0.82;0.25;0.12;0.16;1.94;1.97;0.174;66.8;11.3;5.73;3.27;0.57;1.84;4.88;201.7;153.7;34.6;3.7;9.8;0.48;1.12;0.16;0.22
-3;100;0;50;0;19.38;2.95;8.89;1.28;1.27;0.146;38.1;8.65;4.24;2.61;0.44;1.44;4.36;98.7;74.9;12.2;2.9;8.7;0.74;0.26;0.11;0.17;1.67;1.61;0.164;61.9;9.77;4.94;2.82;0.5;1.51;4.53;160.3;127.1;21.2;3;9.1;0.85;0.44;0.13;0.19
-3;100;0;50;50;19.52;3.7;10.56;1.3;1.36;0.152;38.5;8.88;4.42;2.67;0.43;1.52;5.18;100.8;76.6;10.8;3;10.4;0.76;0.3;0.12;0.16;2.34;2.29;0.171;61.5;13.34;6.78;3.94;0.61;2.19;5.38;160.9;123.9;21.9;4.4;10.8;1.12;0.72;0.19;0.26
-3;100;0;50;100;19.47;4.29;12.27;1.49;1.48;0.159;37.4;9.3;4.65;2.77;0.43;1.52;5.99;102.8;78.1;9.7;3;12;0.8;0.39;0.12;0.17;3.01;2.98;0.179;62.6;16.61;8.68;4.79;0.76;2.77;6.29;172.2;121.3;32.8;5.5;12.6;1.38;1.04;0.23;0.32
-3;100;0;100;0;21.27;3.44;10.12;1.29;1.33;0.145;45.8;9.13;4.49;2.75;0.48;1.52;5.02;102.3;73.6;15.6;3;10;0.74;0.31;0.12;0.17;1.99;1.95;0.168;54.2;11.57;5.92;3.34;0.6;1.92;5.09;120.9;86.1;20.8;3.8;10.2;1.13;0.43;0.17;0.22
-3;100;0;100;50;21.23;4.43;12.57;1.48;1.49;0.151;45.6;9.82;4.88;2.98;0.5;1.69;6.12;104;74.3;14.1;3.4;12.2;0.76;0.42;0.13;0.18;2.96;2.92;0.175;54.4;16.66;8.61;4.75;0.84;2.74;6.45;124.4;85.3;20.8;5.5;12.9;1.66;0.69;0.23;0.34
-3;100;0;100;100;21.42;5.01;14.22;1.63;1.63;0.161;43.5;10.02;5.03;2.99;0.49;1.68;6.89;105.7;75.6;13;3.4;13.8;0.75;0.56;0.14;0.18;3.67;3.66;0.18;56.5;20.29;10.39;5.92;0.98;3.32;7.33;137.3;83.8;32.2;6.6;14.7;1.93;1.05;0.3;0.39
-3;100;50;0;0;17.91;3.4;9.62;1.8;1.79;0.15;33.9;11.86;5.91;3.59;0.56;2.02;4.66;100.2;77.9;9;4;9.3;1.15;0.25;0.17;0.22;1.33;1.34;0.164;66.1;8.11;4.13;2.34;0.38;1.38;4.96;195.9;162.2;21.1;2.8;9.9;0.44;0.63;0.12;0.16
-3;100;50;0;50;17.82;3.69;10.43;1.9;1.9;0.155;33.4;12.2;6.09;3.55;0.64;2.05;4.96;101.7;79.9;7.8;4.1;9.9;1.18;0.32;0.17;0.22;1.9;1.8;0.18;66.6;9.95;5.2;2.79;0.47;1.63;5.48;203.5;157.1;32.1;3.3;11;0.45;1.02;0.13;0.2
-3;100;50;0;100;17.74;4.07;11.34;1.93;1.97;0.159;34.5;12.33;6.26;3.62;0.59;2.13;5.59;104.7;82.9;6.4;4.3;11.2;1.22;0.36;0.17;0.22;2.31;2.3;0.193;65.5;11.85;6.23;3.36;0.57;1.94;5.75;198.6;150;33.2;3.9;11.5;0.45;1.44;0.18;0.23
-3;100;50;50;0;19.72;3.74;11.05;1.83;1.85;0.149;39.1;12.38;6.1;3.72;0.62;2.04;5.41;102.9;75.8;12.1;4.1;10.8;1.12;0.35;0.16;0.23;1.8;1.78;0.17;60.9;10.41;5.32;3.06;0.52;1.7;5.64;160.4;125.4;20.3;3.4;11.3;0.83;0.6;0.14;0.21
-3;100;50;50;50;19.43;4.43;12.63;1.95;2.01;0.156;38;12.8;6.38;3.86;0.65;2.19;6.17;104.7;77.2;10.8;4.4;12.3;1.13;0.47;0.17;0.24;2.63;2.54;0.183;62;13.84;7.22;3.98;0.68;2.23;6.46;171.1;122.9;30.8;4.5;12.9;1.09;0.97;0.21;0.26
-3;100;50;50;100;19.65;5.14;14.06;2.18;2.15;0.165;39.4;12.99;6.72;3.77;0.6;2.26;6.86;111.5;79;14.2;4.5;13.7;1.16;0.59;0.18;0.23;3.32;3.3;0.191;60.6;17.29;9.2;4.73;0.83;2.88;7.21;171.6;119.6;31.8;5.8;14.4;1.38;1.36;0.25;0.32
-3;100;50;100;0;21.27;4.2;12.24;2;2.01;0.152;46.2;13.17;6.55;3.86;0.67;2.16;6;105.3;73.6;15.4;4.3;12;1.07;0.51;0.17;0.25;2.13;2.16;0.173;53.8;12.44;6.4;3.52;0.63;2.03;6.24;122.6;86.2;19.8;4.1;12.5;1.16;0.58;0.18;0.25
-3;100;50;100;50;21.62;5.03;14.62;2.25;2.18;0.159;46;13.58;6.9;3.94;0.69;2.26;7.18;115;74.7;21.4;4.5;14.4;1.1;0.66;0.17;0.24;3.16;3.14;0.183;54;17.11;8.88;4.88;0.85;2.77;7.44;135.2;84.8;30.1;5.5;14.9;1.62;0.94;0.24;0.33
-3;100;50;100;100;21.6;5.53;16.42;2.28;2.37;0.168;46;14.01;7.03;4.16;0.73;2.36;8.06;116.4;76;19.5;4.7;16.1;1.13;0.81;0.18;0.25;3.95;3.9;0.19;54;20.53;10.61;5.95;1.04;3.17;8.36;136.8;83.2;30.5;6.3;16.7;1.91;1.33;0.28;0.38
-3;100;100;0;0;17.84;3.9;11.15;2.17;2.22;0.153;35.6;14.46;7.21;4.31;0.75;2.38;5.52;107.7;78.6;13.3;4.8;11;1.4;0.37;0.19;0.26;1.6;1.58;0.181;64.4;8.73;4.61;2.46;0.39;1.51;5.63;194.7;160.4;20;3;11.3;0.45;0.85;0.13;0.16
-3;100;100;0;50;17.57;4.13;11.9;2.42;2.37;0.159;35;14.76;7.47;4.27;0.73;2.47;5.72;108.5;80.7;11.5;4.9;11.4;1.45;0.45;0.2;0.27;2.1;2.09;0.199;65;10.51;5.55;2.89;0.5;1.66;6.19;201.5;155.3;30.5;3.3;12.4;0.45;1.29;0.14;0.2
-3;100;100;0;100;17.53;4.54;12.73;2.44;2.51;0.164;36;15.22;7.69;4.46;0.78;2.59;6.24;110.8;83.5;9.6;5.2;12.5;1.5;0.51;0.21;0.28;2.75;2.68;0.219;64;12.24;6.71;3.27;0.55;1.95;6.49;196.9;148.5;31.6;3.9;13;0.45;1.85;0.16;0.22
-3;100;100;50;0;19.36;4.43;12.51;2.38;2.41;0.156;40.8;15.32;7.67;4.5;0.78;2.57;6.09;111;75.8;17.9;5.1;12.2;1.35;0.56;0.21;0.29;2.05;2.03;0.183;59.2;11.09;5.8;3.17;0.54;1.86;6.42;161.2;125.4;19.2;3.7;12.8;0.83;0.82;0.17;0.22
-3;100;100;50;50;19.62;4.88;14.31;2.45;2.55;0.163;39.9;15.58;7.83;4.62;0.81;2.58;7.01;113.2;77.8;16.2;5.2;14;1.38;0.68;0.21;0.28;2.8;2.82;0.195;60.1;14.42;7.48;4.15;0.7;2.29;7.29;170.7;121.9;29.6;4.6;14.6;1.09;1.26;0.2;0.27
-3;100;100;50;100;19.58;5.31;15.37;2.76;2.72;0.171;40.2;15.78;8.02;4.58;0.8;2.58;7.57;114.1;79.5;14.3;5.2;15.1;1.41;0.81;0.2;0.3;3.76;3.68;0.208;59.8;17.63;9.56;4.76;0.78;2.73;7.8;170;118.6;30.3;5.5;15.6;1.34;1.77;0.25;0.32
-3;100;100;100;0;21.14;4.92;13.89;2.65;2.61;0.158;48.3;16.48;8.4;4.83;0.85;2.87;6.75;115.7;73.1;23.4;5.7;13.5;1.31;0.76;0.23;0.31;2.38;2.34;0.183;51.7;12.79;6.6;3.64;0.62;2.05;7.13;123.6;86.8;18.4;4.1;14.3;1.15;0.78;0.17;0.24
-3;100;100;100;50;21.45;5.82;16.13;2.78;2.76;0.166;46.2;16.55;8.49;4.82;0.83;2.8;7.86;117.1;74.5;21.3;5.6;15.7;1.32;0.91;0.22;0.31;3.5;3.46;0.193;53.8;17.87;9.53;4.96;0.84;3.02;8.27;136.2;85.1;28.6;6;16.5;1.65;1.21;0.25;0.35
-3;100;100;100;100;21.36;6.04;17.61;2.96;3;0.177;46.3;16.84;8.62;4.83;0.84;2.76;8.62;118;75.7;19.5;5.5;17.2;1.34;1.13;0.21;0.31;4.35;4.3;0.204;53.7;21.05;11.15;5.88;1.05;3.28;8.98;136.9;83.6;28.8;6.6;18;1.94;1.68;0.28;0.39
-2;0;0;0;0;13.43;1.72;5.21;0.74;0.72;0.146;47.1;4.79;2.35;1.47;0.21;0.73;2.55;168.2;151.5;10.2;1.5;5.1;0.37;0.2;0.06;0.09;0.91;0.94;0.156;52.9;5.89;2.95;1.74;0.29;0.98;2.65;189.1;168.3;13.6;2;5.3;0.46;0.28;0.08;0.12
-2;0;0;0;50;13.17;1.92;5.56;0.81;0.8;0.154;47.5;5.1;2.55;1.47;0.27;0.81;2.81;169.7;153.1;9.3;1.6;5.6;0.37;0.26;0.07;0.1;1.13;1.06;0.159;52.5;6.61;3.45;1.86;0.31;1.1;2.75;187.8;166.5;13.6;2.2;5.5;0.46;0.38;0.09;0.13
-2;0;0;0;100;13.02;2.15;6.15;0.81;0.83;0.161;47.1;5.06;2.44;1.59;0.29;0.81;3.06;172.1;156.3;8.1;1.6;6.1;0.38;0.3;0.06;0.1;1.32;1.31;0.167;52.9;7.77;3.98;2.22;0.4;1.34;3.09;193.1;162.8;21.4;2.7;6.2;0.46;0.6;0.11;0.14
-2;0;0;50;0;15.53;2.24;6.49;0.78;0.8;0.146;52.9;5.4;2.65;1.65;0.25;0.92;3.22;170.2;148.4;13.6;1.8;6.4;0.35;0.27;0.08;0.1;1.33;1.33;0.163;47.1;8.11;4.09;2.41;0.38;1.32;3.27;151.6;128.8;13.6;2.6;6.5;0.79;0.27;0.11;0.16
-2;0;0;50;50;15.44;2.76;8.04;0.9;0.91;0.154;52.5;5.78;2.9;1.71;0.3;0.96;3.97;170.6;148.3;12.5;1.9;7.9;0.35;0.36;0.08;0.12;1.81;1.84;0.167;47.5;10.94;5.57;3.18;0.53;1.8;4.08;154.3;128.9;13.7;3.6;8.2;1.09;0.38;0.16;0.21
-2;0;0;50;100;15.27;3.18;9.46;1.03;1.02;0.169;51.5;6;2.98;1.79;0.29;0.96;4.71;172.3;149.4;11.5;1.9;9.4;0.35;0.47;0.08;0.12;2.38;2.41;0.172;48.5;13.95;7.05;4.09;0.69;2.22;4.75;162.1;127.9;20.3;4.4;9.5;1.38;0.57;0.19;0.27
-2;0;0;100;0;17.2;2.69;7.94;0.9;0.92;0.145;60.6;6.22;3.09;1.89;0.31;1.06;3.88;172.3;145.5;16.9;2.1;7.8;0.36;0.35;0.09;0.12;1.67;1.71;0.167;39.4;10.19;5.11;3.06;0.54;1.63;4.06;112;87.6;12.9;3.3;8.1;1.09;0.27;0.14;0.21
-2;0;0;100;50;17.44;3.47;9.85;1.01;1.01;0.154;59.7;6.48;3.31;1.83;0.33;1.14;4.87;172.1;144.2;15.9;2.3;9.7;0.35;0.45;0.09;0.12;2.47;2.46;0.171;40.3;14.38;7.26;4.28;0.7;2.33;4.98;116;88.4;13;4.7;10;1.61;0.36;0.21;0.28
-2;0;0;100;100;17.41;4;11.61;1.23;1.2;0.17;58;6.99;3.6;1.99;0.35;1.16;5.73;173;144.3;14.9;2.3;11.5;0.35;0.63;0.09;0.13;3.12;3.05;0.174;42;17.51;9.04;5.03;0.84;2.84;5.88;125.4;88.3;19.6;5.7;11.8;1.91;0.56;0.24;0.34
-2;0;50;0;0;13.3;1.95;5.58;0.85;0.86;0.151;46.9;5.59;2.8;1.67;0.29;0.94;2.72;167.9;150.2;10.4;1.9;5.4;0.37;0.29;0.08;0.11;1.04;1;0.164;53.1;6.02;3.08;1.77;0.29;1.01;2.85;190.3;169.8;12.8;2;5.7;0.45;0.35;0.09;0.11
-2;0;50;0;50;12.77;2;5.97;0.89;0.91;0.162;47.4;5.51;2.8;1.63;0.28;0.92;2.86;169.5;152.8;9.1;1.8;5.7;0.38;0.36;0.07;0.1;1.23;1.2;0.171;52.6;6.9;3.52;2.02;0.33;1.08;3.11;188;166.8;12.8;2.2;6.2;0.45;0.52;0.09;0.13
-2;0;50;0;100;12.62;2.24;6.42;1.02;1.01;0.175;47.1;5.72;2.97;1.63;0.29;0.95;3.17;171.7;155.4;8.1;1.9;6.3;0.38;0.45;0.08;0.11;1.57;1.53;0.188;52.9;8.09;4.22;2.26;0.38;1.29;3.26;192.9;163.9;19.9;2.6;6.5;0.46;0.8;0.11;0.15
-2;0;50;50;0;15.08;2.49;7.2;0.92;0.98;0.15;52.8;6.41;3.21;1.86;0.3;1.11;3.67;170.1;146.9;13.6;2.2;7.3;0.36;0.39;0.09;0.12;1.4;1.44;0.168;47.2;8.53;4.34;2.48;0.42;1.38;3.53;152.2;130;12.3;2.8;7.1;0.82;0.35;0.11;0.16
-2;0;50;50;50;14.99;3.01;8.53;1.07;1.11;0.165;52.2;6.64;3.43;1.85;0.35;1.16;4.15;169.6;146.5;12.5;2.3;8.3;0.35;0.54;0.1;0.12;1.91;2;0.175;47.8;11.38;5.82;3.29;0.57;1.85;4.38;155.2;130.4;12.3;3.7;8.8;1.11;0.51;0.16;0.22
-2;0;50;50;100;14.83;3.36;9.69;1.28;1.27;0.184;52.1;6.83;3.58;1.89;0.32;1.13;4.75;176.7;147.8;17.2;2.3;9.5;0.37;0.69;0.09;0.11;2.62;2.58;0.183;47.9;14.02;7.28;4.01;0.72;2.23;4.94;162.1;129.3;18.5;4.5;9.9;1.38;0.75;0.2;0.26
-2;0;50;100;0;17.1;3.02;8.65;1.14;1.17;0.154;60;7.48;3.73;2.25;0.4;1.28;4.29;170.5;142.4;17;2.6;8.6;0.37;0.56;0.1;0.14;1.75;1.79;0.171;40;10.43;5.34;3;0.54;1.74;4.36;113.4;89.4;11.8;3.5;8.7;1.12;0.33;0.13;0.2
-2;0;50;100;50;17.41;3.71;10.83;1.29;1.35;0.171;60.3;7.87;3.96;2.42;0.39;1.26;5.37;179;141.5;24.2;2.5;10.7;0.34;0.76;0.1;0.15;2.63;2.61;0.176;39.7;14.81;7.72;4.22;0.69;2.45;5.46;117.9;89.9;12.2;4.9;10.9;1.63;0.49;0.2;0.29
-2;0;50;100;100;17.23;4.09;12.16;1.56;1.58;0.189;58.7;8.35;4.3;2.39;0.4;1.32;5.99;178.5;140.8;23.1;2.6;12;0.36;0.97;0.11;0.14;3.32;3.24;0.182;41.3;17.77;9.21;5.08;0.81;2.77;6.18;125.7;90.3;17.5;5.5;12.4;1.95;0.71;0.24;0.34
-2;0;100;0;0;12.56;2.07;5.99;1.03;1.04;0.159;47.5;6.43;3.23;1.9;0.32;1.05;3;172.5;148.8;15.7;2.1;6;0.39;0.44;0.08;0.13;1.1;1.07;0.172;52.5;6.14;3.15;1.82;0.29;1.02;2.99;190.6;171.4;11.2;2;6;0.45;0.41;0.09;0.12
-2;0;100;0;50;12.44;2.27;6.46;1.16;1.17;0.178;47.9;6.51;3.45;1.8;0.33;1.1;3.22;173.6;151.1;13.9;2.2;6.4;0.39;0.56;0.09;0.12;1.37;1.36;0.187;52.1;7.26;3.75;2.05;0.38;1.17;3.24;189.1;168.7;11.6;2.3;6.5;0.48;0.65;0.1;0.14
-2;0;100;0;100;12.03;2.33;6.71;1.24;1.23;0.191;47.6;6.42;3.42;1.76;0.31;1.08;3.31;175.1;154.1;12.2;2.2;6.6;0.4;0.63;0.09;0.12;1.7;1.68;0.204;52.4;8.25;4.34;2.34;0.4;1.25;3.39;192.5;165.3;17.9;2.5;6.8;0.47;0.95;0.11;0.16
-2;0;100;50;0;14.78;2.66;7.92;1.24;1.28;0.166;53.1;7.66;3.79;2.36;0.39;1.26;3.87;174.9;143.9;20.7;2.5;7.7;0.37;0.65;0.11;0.15;1.61;1.56;0.175;46.9;8.9;4.56;2.61;0.42;1.4;4.05;154.7;132.6;11.2;2.8;8.1;0.85;0.41;0.12;0.18
-2;0;100;50;50;14.54;3.13;8.89;1.41;1.39;0.181;52.9;7.64;3.94;2.19;0.37;1.25;4.31;174.9;144.8;19;2.5;8.6;0.37;0.78;0.1;0.14;2.11;2.12;0.184;47.1;11.54;5.93;3.32;0.55;1.88;4.58;155.8;131.9;11;3.8;9.2;1.11;0.63;0.16;0.22
-2;0;100;50;100;14.53;3.59;10.11;1.61;1.6;0.203;51.9;7.84;4.21;2.11;0.41;1.3;4.94;175.6;145.6;17.6;2.6;9.9;0.38;0.98;0.11;0.14;2.85;2.76;0.192;48.1;14.34;7.61;4.02;0.66;2.29;5.17;163;131.2;16.9;4.6;10.3;1.4;0.88;0.2;0.27
-2;0;100;100;0;16.95;3.2;9.29;1.43;1.46;0.166;60.5;8.75;4.37;2.56;0.44;1.44;4.53;176.8;138.8;26;2.9;9.1;0.35;0.84;0.12;0.15;1.98;1.92;0.176;39.5;10.91;5.62;3.15;0.54;1.76;4.76;115.4;91.4;10.9;3.5;9.5;1.15;0.4;0.16;0.21
-2;0;100;100;50;17.08;3.91;11.35;1.7;1.7;0.184;59.6;9.2;4.68;2.66;0.49;1.44;5.57;176.3;137.4;24.9;2.9;11.1;0.35;1.07;0.12;0.15;2.73;2.75;0.182;40.4;15.07;7.77;4.33;0.72;2.47;5.78;119.4;92.3;10.6;4.9;11.6;1.67;0.59;0.21;0.28
-2;0;100;100;100;16.8;4.45;12.98;1.97;2;0.209;58.2;9.53;5.12;2.62;0.45;1.47;6.5;176.9;137.9;23.1;2.9;13;0.35;1.36;0.12;0.17;3.44;3.46;0.188;41.8;18.34;9.6;5.19;0.9;2.98;6.48;126.8;92;15.9;6;13;2.01;0.85;0.26;0.34
-2;50;0;0;0;15.67;2.3;6.64;1.08;1.09;0.152;41.3;7.1;3.49;2.18;0.37;1.17;3.2;134.7;115.7;10.3;2.3;6.4;0.65;0.21;0.09;0.13;0.98;1.02;0.155;58.7;6.5;3.33;1.93;0.3;1.13;3.44;191.4;165.2;17.1;2.3;6.9;0.44;0.34;0.1;0.14
-2;50;0;0;50;15.38;2.43;7.19;1.18;1.14;0.157;41.9;7.19;3.62;2.16;0.38;1.18;3.49;136.2;117.8;9.1;2.4;7;0.65;0.25;0.1;0.14;1.23;1.21;0.157;58.1;7.64;3.78;2.31;0.41;1.26;3.7;189.3;162;17.3;2.5;7.4;0.44;0.51;0.11;0.15
-2;50;0;0;100;15.28;2.8;7.77;1.21;1.17;0.162;41.8;7.2;3.69;2.09;0.34;1.22;3.82;139.3;121.7;7.6;2.4;7.6;0.68;0.27;0.1;0.13;1.7;1.64;0.173;58.2;9.47;4.94;2.7;0.43;1.59;3.95;194.4;156.2;27.2;3.2;7.9;0.45;0.86;0.15;0.18
-2;50;0;50;0;17.35;2.74;8.07;1.08;1.15;0.151;47.2;7.54;3.72;2.29;0.4;1.27;3.96;137.4;113.7;13.2;2.5;7.9;0.63;0.27;0.1;0.15;1.48;1.46;0.162;52.8;9;4.58;2.61;0.46;1.48;4.11;154;126.1;16.7;3;8.2;0.8;0.35;0.13;0.18
-2;50;0;50;50;17.39;3.24;9.53;1.23;1.22;0.157;47.1;7.76;3.93;2.26;0.4;1.3;4.72;138.8;114.4;12.3;2.6;9.4;0.62;0.35;0.1;0.15;1.94;1.97;0.165;52.9;11.9;6.01;3.54;0.58;1.94;4.81;155.7;125.3;16.9;3.9;9.6;1.07;0.49;0.17;0.24
-2;50;0;50;100;17.41;3.86;10.99;1.34;1.36;0.166;46;8.1;4.13;2.41;0.41;1.37;5.38;140.9;116.3;11.1;2.7;10.8;0.64;0.45;0.11;0.15;2.63;2.65;0.175;54;15.09;7.73;4.36;0.77;2.49;5.61;165.2;123.2;25.8;5;11.2;1.32;0.8;0.22;0.3
-2;50;0;100;0;19.2;3.26;9.07;1.23;1.25;0.15;54.9;8.23;4.11;2.43;0.45;1.44;4.53;140.1;111.7;16.5;2.9;9.1;0.63;0.34;0.12;0.16;1.85;1.77;0.165;45.1;10.74;5.49;3.13;0.53;1.81;4.54;115;85.8;16.5;3.6;9.1;1.08;0.34;0.16;0.2
-2;50;0;100;50;19.4;3.92;11.35;1.37;1.37;0.156;54.1;8.71;4.38;2.59;0.42;1.45;5.57;140.6;110.8;15.8;2.9;11.1;0.62;0.47;0.11;0.16;2.54;2.54;0.168;45.9;15.06;7.61;4.38;0.79;2.47;5.78;119.1;86.4;16.2;4.9;11.6;1.56;0.48;0.21;0.29
-2;50;0;100;100;19.57;4.65;12.86;1.49;1.5;0.168;52.6;8.89;4.5;2.62;0.44;1.54;6.32;143.3;113.2;14.3;3.1;12.6;0.63;0.59;0.13;0.16;3.28;3.27;0.176;47.4;18.58;9.58;5.31;0.93;3.11;6.55;129.3;84.6;25.4;6.2;13.1;1.83;0.81;0.28;0.36
-2;50;50;0;0;15.45;2.69;7.64;1.42;1.45;0.155;41.7;9.28;4.71;2.7;0.42;1.58;3.77;136.7;115.9;10.1;3.2;7.5;0.86;0.29;0.13;0.17;1.11;1.1;0.163;58.3;6.71;3.45;1.89;0.34;1.1;3.87;190.9;164.9;16.1;2.2;7.7;0.44;0.44;0.1;0.13
-2;50;50;0;50;15.2;2.96;8.57;1.54;1.57;0.163;42.5;9.61;4.85;2.85;0.49;1.57;4.29;139.2;118.8;8.7;3.1;8.6;0.9;0.36;0.13;0.19;1.45;1.42;0.172;57.5;8.23;4.23;2.37;0.42;1.39;4.28;188.3;160.5;16.4;2.8;8.6;0.46;0.7;0.12;0.15
-2;50;50;0;100;14.98;3.12;9.01;1.67;1.64;0.169;41.9;9.67;4.89;2.85;0.5;1.56;4.28;140.4;121;7.7;3.1;8.6;0.91;0.44;0.12;0.17;1.8;1.79;0.189;58.1;9.45;5.02;2.69;0.41;1.55;4.73;194.8;157.2;25.1;3.1;9.5;0.44;1.04;0.13;0.18
-2;50;50;50;0;17.23;3.17;9.28;1.51;1.59;0.154;47.3;10.22;5.04;3.04;0.57;1.71;4.58;138.9;113;13.3;3.4;9.2;0.85;0.4;0.14;0.2;1.56;1.52;0.167;52.7;9.05;4.65;2.61;0.46;1.46;4.7;154.9;127;15.6;2.9;9.4;0.79;0.43;0.13;0.17
-2;50;50;50;50;17.2;3.75;10.62;1.67;1.68;0.163;47.3;10.27;5.18;2.96;0.53;1.73;5.15;140.3;114.4;12.1;3.5;10.3;0.85;0.51;0.14;0.18;2.21;2.14;0.175;52.7;12.25;6.38;3.48;0.6;2.01;5.47;156.1;125.3;15.9;4;10.9;1.06;0.68;0.17;0.23
-2;50;50;50;100;17.24;4.3;12.12;1.82;1.89;0.176;47.4;10.68;5.47;3.05;0.55;1.82;5.9;148.4;116.5;16.5;3.6;11.8;0.88;0.67;0.15;0.19;2.92;2.87;0.185;52.6;15.48;8.05;4.38;0.75;2.48;6.22;164.7;123;24.4;5;12.4;1.32;1.04;0.22;0.3
-2;50;50;100;0;19.1;3.66;10.64;1.74;1.74;0.157;54.7;11.05;5.65;3.21;0.55;1.89;5.25;140.8;109.9;16.6;3.8;10.5;0.83;0.55;0.15;0.22;1.9;1.88;0.17;45.3;11.05;5.62;3.19;0.59;1.77;5.39;116.5;87.1;15.1;3.5;10.8;1.09;0.42;0.16;0.22
-2;50;50;100;50;19.43;4.33;12.88;1.95;1.91;0.168;55.4;11.32;5.79;3.35;0.52;1.83;6.27;150;109.9;23.8;3.7;12.5;0.8;0.75;0.15;0.21;2.69;2.77;0.175;44.6;15.75;7.95;4.58;0.83;2.5;6.61;120.7;87.1;15.3;5;13.2;1.57;0.67;0.22;0.31
-2;50;50;100;100;19.51;4.95;14.32;2.14;2.12;0.18;53.5;11.78;6.11;3.34;0.54;1.93;6.97;150.6;110.8;22;3.9;13.9;0.82;0.93;0.15;0.22;3.47;3.48;0.183;46.5;18.93;9.79;5.39;0.97;3.02;7.36;130.6;86.4;23.4;6;14.7;1.87;0.99;0.26;0.36
-2;50;100;0;0;15.56;3.11;9.3;1.97;1.97;0.161;43.1;12.23;6.15;3.61;0.64;2;4.57;144.8;116.2;15.5;4;9.1;1.13;0.44;0.17;0.24;1.33;1.29;0.177;56.9;7.24;3.73;2.09;0.33;1.11;4.74;191.3;164.5;15.1;2.2;9.5;0.44;0.61;0.1;0.14
-2;50;100;0;50;15.15;3.43;9.76;2.12;2.07;0.17;42.7;12.16;6.24;3.5;0.58;2.04;4.84;146.1;119;13.3;4.1;9.7;1.14;0.54;0.17;0.22;1.64;1.69;0.194;57.3;8.67;4.5;2.52;0.4;1.39;4.92;196.4;160.2;23.6;2.8;9.8;0.45;0.94;0.12;0.17
-2;50;100;0;100;14.71;3.46;10.18;2.2;2.17;0.176;43.5;12.28;6.3;3.62;0.58;2;5.04;147.7;122.2;11.4;4;10.1;1.18;0.6;0.17;0.22;2.22;2.11;0.213;56.5;9.89;5.36;2.65;0.47;1.46;5.14;192.2;155.3;23.7;2.9;10.3;0.45;1.35;0.13;0.18
-2;50;100;50;0;17.22;3.77;10.76;2.16;2.13;0.163;48.7;13;6.59;3.9;0.6;2.13;5.32;147.7;112.9;19.9;4.3;10.6;1.09;0.61;0.17;0.26;1.65;1.69;0.178;51.3;9.48;4.91;2.68;0.47;1.63;5.44;155.7;127;14.5;3.3;10.9;0.78;0.59;0.14;0.18
-2;50;100;50;50;17.08;4.16;12.21;2.27;2.29;0.173;47.6;13.18;6.78;3.79;0.61;2.14;6.03;148.9;114.3;18.3;4.3;12.1;1.09;0.77;0.19;0.25;2.38;2.42;0.189;52.4;12.77;6.58;3.71;0.63;2.02;6.18;164;125.5;22.2;4;12.4;1.06;0.93;0.17;0.25
-2;50;100;50;100;17.01;4.64;13.28;2.44;2.47;0.184;47.6;13.37;6.93;3.84;0.65;2.19;6.49;149.7;115.8;16.6;4.4;13;1.12;0.95;0.17;0.24;3.15;3.09;0.199;52.4;15.47;8.19;4.31;0.74;2.46;6.79;164.6;123.7;22.4;4.9;13.6;1.31;1.28;0.21;0.29
-2;50;100;100;0;19.14;4.33;12.25;2.29;2.36;0.165;56.1;14.28;7.29;4.19;0.68;2.46;6.02;151;108.7;25.3;4.9;12;1.06;0.81;0.21;0.28;2.08;2.05;0.178;43.9;11.48;5.99;3.23;0.58;1.87;6.23;118.2;88;14;3.7;12.5;1.09;0.57;0.16;0.22
-2;50;100;100;50;19.31;4.9;14.29;2.5;2.54;0.175;54;14.44;7.37;4.14;0.7;2.34;7.1;151.1;108.3;23.9;4.7;14.2;1.03;1.05;0.19;0.27;3.01;2.98;0.186;46;16.05;8.33;4.55;0.81;2.56;7.2;128.8;88.3;21;5.1;14.4;1.62;0.85;0.21;0.3
-2;50;100;100;100;19.39;5.5;15.47;2.76;2.8;0.191;53.9;14.6;7.65;4.19;0.63;2.43;7.62;152.6;110.2;22.3;4.9;15.2;1.04;1.3;0.19;0.26;3.85;3.7;0.194;46.1;18.99;10.08;5.25;0.89;3.06;7.84;130.3;86.9;21.7;6.1;15.7;1.87;1.23;0.25;0.36
-2;100;0;0;0;17.81;2.65;7.52;1.29;1.31;0.154;33.9;8.44;4.31;2.36;0.43;1.46;3.69;98.8;78.5;10;2.9;7.4;0.83;0.21;0.12;0.15;1.12;1.1;0.151;66.1;7.16;3.6;2.13;0.38;1.19;3.84;192.7;161.8;20.9;2.4;7.7;0.43;0.43;0.1;0.14
-2;100;0;0;50;17.48;2.91;8.51;1.42;1.39;0.158;34.7;8.77;4.39;2.63;0.45;1.46;4.18;100.6;80.6;8.7;2.9;8.4;0.87;0.24;0.11;0.16;1.4;1.4;0.161;65.3;8.66;4.37;2.53;0.44;1.45;4.34;189.6;157;21;2.9;8.7;0.43;0.69;0.12;0.16
-2;100;0;0;100;17.46;3.25;9.35;1.39;1.46;0.163;34.4;8.94;4.48;2.62;0.45;1.49;4.65;102.9;83.3;7.3;3;9.3;0.89;0.27;0.14;0.17;1.87;1.87;0.172;65.6;10.85;5.56;3.2;0.5;1.76;4.7;196.8;150.9;33;3.5;9.4;0.44;1.06;0.16;0.21
-2;100;0;50;0;19.31;3.1;9.05;1.42;1.43;0.153;39.5;9.27;4.69;2.67;0.48;1.56;4.47;102.1;76.9;13.2;3.1;8.9;0.85;0.27;0.13;0.18;1.51;1.49;0.159;60.5;9.33;4.7;2.79;0.5;1.54;4.58;156.3;124.1;19.9;3.1;9.2;0.77;0.41;0.12;0.19
-2;100;0;50;50;19.32;3.63;10.58;1.51;1.47;0.157;39.9;9.31;4.64;2.8;0.48;1.55;5.3;103.9;78.5;11.7;3.1;10.6;0.85;0.33;0.12;0.17;2.18;2.13;0.167;60.1;12.75;6.57;3.63;0.65;2.08;5.28;156.7;121.3;20.7;4.2;10.6;1.04;0.67;0.19;0.24
-2;100;0;50;100;19.44;4.27;12.43;1.6;1.61;0.165;38.6;9.71;4.89;2.9;0.49;1.59;6.1;105.8;79.8;10.6;3.2;12.2;0.86;0.44;0.13;0.19;2.83;2.84;0.174;61.4;16.26;8.33;4.74;0.81;2.68;6.32;168.2;119.1;31.1;5.4;12.6;1.29;1;0.22;0.32
-2;100;0;100;0;20.98;3.51;10.23;1.43;1.49;0.152;47.2;9.77;4.84;2.93;0.5;1.63;5.16;105.3;75.5;16.3;3.3;10.3;0.82;0.34;0.14;0.2;1.85;1.85;0.163;52.8;11.31;5.72;3.33;0.57;1.88;5.07;118;84.4;19.6;3.8;10.1;1.07;0.41;0.16;0.21
-2;100;0;100;50;21.1;4.36;12.44;1.61;1.6;0.157;46.9;10.17;5.18;2.94;0.54;1.7;6.15;106.9;75.9;15.3;3.4;12.3;0.82;0.45;0.13;0.19;2.67;2.69;0.169;53.1;15.84;8.12;4.58;0.78;2.66;6.28;121.3;83.9;19.5;5.3;12.6;1.51;0.65;0.22;0.3
-2;100;0;100;100;21.26;4.99;14.37;1.76;1.78;0.167;44.8;10.62;5.4;3.09;0.54;1.78;7.06;108.7;77.1;13.9;3.6;14.1;0.83;0.6;0.15;0.2;3.4;3.43;0.175;55.2;19.56;9.99;5.76;0.96;3.21;7.31;134.1;82.6;30.4;6.4;14.6;1.8;0.98;0.27;0.38
-2;100;50;0;0;17.86;3.38;9.86;1.94;1.95;0.157;35.2;12.38;6.26;3.67;0.63;2.1;4.84;103.6;79.9;9.8;4.2;9.7;1.27;0.28;0.17;0.24;1.31;1.3;0.162;64.8;7.99;3.98;2.35;0.4;1.28;5.01;191.2;158.6;19.9;2.6;10;0.43;0.6;0.12;0.16
-2;100;50;0;50;17.64;3.68;10.56;2.05;2.06;0.162;34.7;12.67;6.38;3.78;0.63;2.11;5.19;105.1;82.2;8.3;4.2;10.4;1.32;0.34;0.17;0.22;1.73;1.69;0.178;65.3;9.45;4.88;2.72;0.44;1.57;5.37;197.8;153.5;30.5;3.1;10.7;0.42;0.95;0.14;0.18
-2;100;50;0;100;17.68;4.05;11.51;2.14;2.18;0.167;35.6;13;6.69;3.8;0.62;2.21;5.67;107.7;84.6;7.3;4.4;11.3;1.35;0.41;0.18;0.24;2.13;2.16;0.19;64.4;11.34;6;3.16;0.53;1.84;5.84;195;147.9;31.7;3.7;11.7;0.42;1.38;0.15;0.22
-2;100;50;50;0;19.5;3.85;11.02;2.03;2.02;0.156;40.3;12.89;6.57;3.73;0.62;2.2;5.39;105.8;77.8;12.8;4.4;10.8;1.23;0.37;0.18;0.24;1.71;1.68;0.166;59.7;10.08;5.17;2.98;0.46;1.65;5.63;156.6;122.6;19.4;3.3;11.3;0.76;0.56;0.15;0.2
-2;100;50;50;50;19.48;4.42;12.69;2.27;2.21;0.163;39.3;13.52;6.89;3.88;0.71;2.24;6.32;107.9;78.9;11.8;4.5;12.6;1.25;0.52;0.18;0.26;2.46;2.41;0.178;60.7;13.48;6.92;3.9;0.69;2.18;6.38;167;120.6;29.4;4.4;12.8;1.03;0.92;0.19;0.27
-2;100;50;50;100;19.64;5;14.27;2.37;2.41;0.172;40.7;13.94;7.08;4.06;0.65;2.34;7;115.1;80.5;16;4.7;14;1.29;0.67;0.19;0.26;3.11;3.11;0.186;59.3;16.64;8.68;4.71;0.8;2.66;7.28;167.7;117.9;29.9;5.3;14.6;1.26;1.29;0.23;0.33
-2;100;50;100;0;21.23;4.28;12.45;2.12;2.18;0.158;47.7;13.75;6.86;4.05;0.73;2.33;6.1;108.9;75.9;16.1;4.7;12.2;1.21;0.52;0.19;0.26;2.02;2;0.168;52.3;11.92;6.06;3.57;0.56;1.95;6.35;119.4;83.9;18.9;3.9;12.7;1.04;0.57;0.16;0.23
-2;100;50;100;50;21.36;5.03;14.61;2.37;2.35;0.166;47.3;14.15;7.25;4.08;0.68;2.32;7.26;118.2;76.7;22.4;4.6;14.5;1.22;0.68;0.18;0.27;2.98;2.96;0.178;52.7;16.61;8.57;4.75;0.83;2.71;7.35;131.7;83;28.6;5.4;14.7;1.51;0.9;0.23;0.32
-2;100;50;100;100;21.41;5.65;16;2.56;2.56;0.175;47.4;14.56;7.56;4.11;0.69;2.43;8.06;119.8;78.1;20.7;4.9;16.1;1.23;0.86;0.2;0.27;3.83;3.69;0.185;52.6;19.93;10.47;5.61;0.93;3.21;7.93;133.1;81.5;29.4;6.4;15.9;1.77;1.27;0.27;0.38
-2;100;100;0;0;17.6;3.91;11.41;2.4;2.44;0.16;36.7;15.19;7.6;4.48;0.77;2.52;5.63;110.9;80;14.6;5;11.3;1.54;0.42;0.2;0.29;1.49;1.5;0.177;63.3;8.42;4.38;2.35;0.46;1.39;5.78;191.3;158.3;18.6;2.8;11.6;0.43;0.8;0.12;0.16
-2;100;100;0;50;17.67;4.22;12.13;2.56;2.6;0.168;36.4;15.45;7.8;4.49;0.78;2.59;5.96;112.6;82.7;12.7;5.2;11.9;1.58;0.51;0.21;0.3;1.99;2.01;0.196;63.6;10.2;5.34;2.91;0.51;1.64;6.16;197.2;152.2;29.5;3.3;12.3;0.41;1.25;0.14;0.19
-2;100;100;0;100;17.41;4.36;12.79;2.66;2.69;0.172;37;15.57;8;4.49;0.82;2.55;6.27;113.6;85.2;10.8;5.1;12.5;1.62;0.57;0.21;0.28;2.62;2.54;0.216;63;11.72;6.37;3.22;0.55;1.8;6.51;193.3;146.5;30.2;3.6;13;0.42;1.75;0.15;0.23
-2;100;100;50;0;19.33;4.44;12.68;2.53;2.6;0.163;42.1;15.89;8.01;4.65;0.8;2.68;6.24;114.4;77.5;19.1;5.4;12.5;1.48;0.6;0.22;0.3;1.86;1.9;0.178;57.9;10.64;5.45;3.08;0.53;1.75;6.44;157.6;123;18.2;3.5;12.9;0.78;0.77;0.15;0.19
-2;100;100;50;50;19.32;4.81;14.12;2.77;2.77;0.17;41;16.3;8.22;4.77;0.83;2.6;7;115.8;79.3;17.4;5.2;14;1.52;0.73;0.21;0.31;2.61;2.62;0.191;59;13.72;7.14;3.86;0.68;2.21;7.13;166.5;120;27.9;4.4;14.3;1;1.17;0.19;0.25
-2;100;100;50;100;19.45;5.41;15.57;2.92;2.99;0.179;41.3;16.63;8.59;4.73;0.81;2.68;7.64;117.2;80.8;15.8;5.4;15.3;1.55;0.91;0.23;0.31;3.47;3.49;0.203;58.7;17.16;9.11;4.73;0.84;2.73;7.93;167;117.4;28.3;5.5;15.9;1.27;1.65;0.24;0.33
-2;100;100;100;0;21.14;4.89;13.92;2.77;2.76;0.163;49.6;16.86;8.54;4.93;0.82;2.79;6.86;118.8;75.2;24.3;5.6;13.7;1.45;0.77;0.23;0.31;2.26;2.23;0.178;50.4;12.5;6.57;3.5;0.61;2.1;7.06;120.6;84.7;17.5;4.2;14.1;1.06;0.75;0.19;0.24
-2;100;100;100;50;21.3;5.51;16.09;2.94;2.96;0.172;47.6;17.15;8.61;5.08;0.88;2.81;7.94;120.1;75.9;22.7;5.6;15.9;1.45;0.98;0.23;0.3;3.22;3.19;0.187;52.4;16.98;8.85;4.86;0.84;2.71;8.15;132.4;83.9;26.8;5.4;16.3;1.52;1.12;0.22;0.32
-2;100;100;100;100;21.54;6.16;17.65;3.16;3.23;0.184;47.3;17.44;9.04;4.99;0.88;2.84;8.63;121;77.1;21.1;5.7;17.3;1.45;1.23;0.22;0.32;4.07;4.07;0.198;52.7;20.5;10.82;5.74;1.01;3.32;9.02;134.9;82.6;27.6;6.6;18;1.8;1.62;0.28;0.38
-1;0;0;0;0;13.48;1.76;5.12;0.74;0.75;0.147;48.5;4.97;2.46;1.49;0.26;0.81;2.55;173.5;155.7;11;1.6;5.1;0.36;0.22;0.07;0.1;0.88;0.9;0.156;51.5;5.64;2.83;1.69;0.28;0.95;2.56;184.1;164.2;12.8;1.9;5.1;0.44;0.26;0.09;0.11
-1;0;0;0;50;13.35;1.98;5.55;0.8;0.83;0.155;48.8;5.31;2.66;1.6;0.28;0.92;2.72;174.8;157.4;10.1;1.8;5.4;0.38;0.28;0.07;0.1;1.04;1.02;0.159;51.2;6.31;3.25;1.78;0.29;1.06;2.84;183.3;162.4;13;2.1;5.7;0.44;0.36;0.1;0.12
-1;0;0;0;100;13.02;2.17;6.2;0.92;0.88;0.162;48.5;5.32;2.7;1.56;0.26;0.89;3.07;177.1;160.4;8.8;1.8;6.1;0.38;0.32;0.08;0.1;1.25;1.3;0.167;51.5;7.69;3.9;2.23;0.38;1.28;3.12;188.1;159.2;20.1;2.6;6.2;0.47;0.57;0.1;0.15
-1;0;0;50;0;15.44;2.31;6.46;0.85;0.84;0.147;54.4;5.63;2.82;1.64;0.28;0.94;3.26;175.7;153;14.3;1.9;6.5;0.37;0.28;0.09;0.11;1.36;1.31;0.164;45.6;7.96;4.14;2.28;0.38;1.36;3.21;147;125.2;12.7;2.7;6.4;0.79;0.26;0.11;0.15
-1;0;0;50;50;15.43;2.73;7.93;0.95;0.93;0.154;54;5.93;3;1.78;0.26;0.99;3.86;175.9;152.8;13.3;2;7.7;0.37;0.37;0.08;0.11;1.78;1.78;0.167;46;10.58;5.39;3.07;0.51;1.73;4.07;149.7;125.4;12.7;3.5;8.1;1.06;0.36;0.14;0.21
-1;0;0;50;100;15.37;3.31;9.21;1.05;1.07;0.17;52.9;6.29;3.2;1.86;0.32;1.06;4.57;177.1;153.5;12.4;2.1;9.1;0.36;0.5;0.09;0.12;2.33;2.31;0.173;47.1;13.36;6.9;3.82;0.66;2.25;4.63;157.8;124.9;19.2;4.5;9.3;1.33;0.54;0.19;0.26
-1;0;0;100;0;17.41;2.74;7.78;0.95;0.93;0.145;61.9;6.34;3.22;1.84;0.35;1.08;3.84;177;149.4;17.8;2.2;7.7;0.35;0.37;0.09;0.12;1.64;1.65;0.167;38.1;9.8;5;2.87;0.48;1.66;3.94;108.9;85.5;12.2;3.3;7.9;1.07;0.25;0.14;0.19
-1;0;0;100;50;17.7;3.44;9.86;1.08;1.1;0.154;61.1;7.04;3.57;1.98;0.38;1.22;5;177.4;147.8;17.2;2.4;10;0.36;0.51;0.1;0.13;2.37;2.32;0.17;38.9;13.63;7.04;3.87;0.75;2.22;4.86;112.6;86.3;12.1;4.4;9.7;1.53;0.34;0.19;0.26
-1;0;0;100;100;17.41;4.04;11.37;1.24;1.27;0.171;59.4;7.38;3.76;2.13;0.33;1.26;5.67;177.4;147.6;15.9;2.5;11.3;0.34;0.68;0.11;0.13;3.01;2.94;0.174;40.6;16.86;8.61;4.89;0.82;2.78;5.7;121.4;86.4;18;5.6;11.4;1.87;0.51;0.23;0.33
-1;0;50;0;0;13.25;1.91;5.51;0.93;0.89;0.15;48.3;5.83;2.89;1.76;0.28;0.99;2.75;172.9;154.1;11.3;2;5.5;0.38;0.32;0.08;0.11;0.93;0.94;0.164;51.7;5.68;2.86;1.64;0.28;0.92;2.76;185;165.9;11.7;1.8;5.5;0.44;0.32;0.08;0.1
-1;0;50;0;50;12.8;2.12;6.05;0.93;1;0.163;48.6;6.01;2.98;1.78;0.32;1.03;3.02;174.2;155.9;10.1;2.1;6;0.37;0.42;0.09;0.11;1.2;1.16;0.173;51.4;6.68;3.48;1.91;0.31;1.09;3.03;184.1;164;11.9;2.2;6.1;0.46;0.48;0.09;0.12
-1;0;50;0;100;12.51;2.25;6.41;1.14;1.1;0.177;48.3;6.14;3.2;1.79;0.28;0.99;3.17;176;158.8;8.9;2;6.3;0.39;0.51;0.08;0.11;1.43;1.44;0.188;51.7;7.64;4;2.14;0.38;1.26;3.24;188.3;161;18.3;2.5;6.5;0.45;0.73;0.11;0.15
-1;0;50;50;0;15.17;2.43;7.22;1;1.02;0.149;53.8;6.79;3.33;2.05;0.35;1.13;3.5;173.7;149.8;14.7;2.3;7;0.37;0.43;0.09;0.13;1.37;1.37;0.169;46.2;8.03;4.06;2.35;0.41;1.29;3.72;149.3;127.8;11.5;2.6;7.4;0.78;0.31;0.11;0.16
-1;0;50;50;50;15.03;2.92;8.4;1.15;1.15;0.164;53.6;6.91;3.49;2.04;0.35;1.12;4.11;174.5;150.8;13.3;2.2;8.2;0.36;0.57;0.09;0.13;1.92;1.92;0.175;46.4;10.94;5.66;3.14;0.5;1.8;4.29;150.8;127;11.5;3.6;8.6;1.08;0.48;0.14;0.22
-1;0;50;50;100;14.92;3.43;9.81;1.37;1.37;0.186;53.4;7.33;3.81;2.13;0.36;1.22;4.88;181.7;150.7;18.8;2.4;9.8;0.38;0.76;0.1;0.14;2.48;2.51;0.183;46.6;13.68;7.12;3.83;0.69;2.21;4.93;158.4;127;17.1;4.4;9.9;1.37;0.69;0.19;0.26
-1;0;50;100;0;17.23;2.93;8.34;1.3;1.19;0.154;61.3;7.68;3.88;2.28;0.39;1.27;4.13;174.9;145.8;18.3;2.5;8.3;0.34;0.6;0.1;0.14;1.76;1.73;0.172;38.7;10.04;5.15;2.86;0.52;1.66;4.21;110.3;87.4;11.2;3.3;8.4;1.08;0.31;0.15;0.19
-1;0;50;100;50;17.36;3.69;10.74;1.39;1.44;0.172;61.5;8.35;4.29;2.44;0.4;1.41;5.3;183.6;144;26.2;2.8;10.6;0.35;0.82;0.11;0.15;2.54;2.5;0.176;38.5;14.19;7.31;4.06;0.68;2.28;5.45;114.8;88.4;10.9;4.6;10.9;1.59;0.44;0.19;0.27
-1;0;50;100;100;17.12;4.24;12.07;1.69;1.62;0.189;60;8.52;4.54;2.37;0.41;1.42;5.99;183.5;144.6;24.1;2.8;12;0.36;1.01;0.1;0.15;3.21;3.17;0.182;40;17.37;9.02;4.93;0.86;2.82;6.09;122.3;88;16.4;5.6;12.2;1.93;0.67;0.25;0.32
-1;0;100;0;0;12.82;2.03;6.07;1.02;1.07;0.159;48.8;6.64;3.3;2.04;0.34;1.08;2.93;177.7;152.7;17;2.2;5.9;0.39;0.46;0.09;0.13;1.07;1.03;0.172;51.2;5.95;3.06;1.71;0.29;0.95;3.14;186.3;167.4;10.7;1.9;6.3;0.45;0.39;0.08;0.11
-1;0;100;0;50;12.34;2.16;6.48;1.24;1.26;0.179;49.1;6.99;3.64;2.02;0.33;1.16;3.19;178.5;154.3;15.4;2.3;6.4;0.41;0.62;0.09;0.13;1.26;1.26;0.186;50.9;6.74;3.49;1.92;0.34;1;3.29;184.8;165.7;10.6;2;6.6;0.46;0.58;0.09;0.13
-1;0;100;0;100;12.03;2.42;6.7;1.36;1.35;0.193;48.7;6.97;3.69;1.97;0.34;1.15;3.32;179.2;156.6;13.7;2.3;6.6;0.41;0.71;0.09;0.14;1.54;1.57;0.202;51.3;7.74;4.11;2.16;0.39;1.27;3.38;188.8;163.2;16.2;2.5;6.8;0.47;0.86;0.1;0.14
-1;0;100;50;0;14.96;2.73;7.84;1.27;1.34;0.165;54.5;8.05;4.08;2.38;0.41;1.35;3.91;180.3;147.3;22.5;2.7;7.8;0.38;0.7;0.12;0.15;1.42;1.46;0.175;45.5;8.32;4.26;2.36;0.43;1.38;3.93;150.7;129.8;10.3;2.8;7.9;0.8;0.38;0.12;0.15
-1;0;100;50;50;14.6;3.2;9;1.5;1.5;0.182;54.1;8.17;4.24;2.33;0.38;1.37;4.41;179.7;147.6;20.5;2.7;8.8;0.37;0.87;0.11;0.15;2.07;2.08;0.183;45.9;11.31;5.83;3.25;0.56;1.83;4.58;152.7;129.5;10.3;3.7;9.2;1.11;0.59;0.16;0.22
-1;0;100;50;100;14.4;3.51;10.26;1.72;1.72;0.205;53.1;8.4;4.42;2.35;0.4;1.29;5.07;180;148.3;19;2.6;10.1;0.38;1.08;0.11;0.15;2.72;2.66;0.191;46.9;13.88;7.33;3.94;0.71;2.22;5.19;159;129;15.3;4.4;10.4;1.38;0.81;0.19;0.28
-1;0;100;100;0;17.13;3.2;9.37;1.57;1.55;0.166;61.8;9.28;4.72;2.69;0.49;1.53;4.67;182;141.8;27.7;3.1;9.3;0.36;0.89;0.13;0.18;1.8;1.81;0.175;38.2;10.31;5.27;3.03;0.52;1.67;4.69;112.3;89.5;10.1;3.3;9.4;1.11;0.37;0.14;0.19
-1;0;100;100;50;17.27;3.99;11.49;1.79;1.79;0.184;61.1;9.66;5.01;2.77;0.49;1.56;5.76;182.4;141.2;26.5;3.1;11.5;0.36;1.13;0.12;0.17;2.67;2.66;0.182;38.9;14.57;7.59;4.26;0.67;2.42;5.73;116.1;89.8;9.9;4.8;11.5;1.62;0.55;0.21;0.28
-1;0;100;100;100;17.28;4.47;12.68;2.04;2.11;0.211;59.4;10;5.35;2.76;0.45;1.64;6.34;181.5;140.6;24.9;3.3;12.7;0.35;1.46;0.13;0.18;3.38;3.33;0.188;40.6;17.65;9.17;5.01;0.87;2.83;6.34;123.7;90.2;15.2;5.7;12.7;1.95;0.8;0.25;0.32
-1;50;0;0;0;15.61;2.26;6.65;1.18;1.15;0.151;42.8;7.53;3.71;2.24;0.37;1.22;3.3;139.1;119;11;2.4;6.6;0.67;0.24;0.1;0.14;0.96;0.96;0.154;57.2;6.14;3.06;1.84;0.32;1.04;3.35;186.1;161.2;16.1;2.1;6.7;0.42;0.33;0.09;0.11
-1;50;0;0;50;15.38;2.55;7.15;1.18;1.18;0.157;43.4;7.45;3.75;2.18;0.39;1.27;3.53;141;121.6;9.7;2.5;7.1;0.67;0.27;0.11;0.14;1.16;1.17;0.157;56.6;7.42;3.73;2.17;0.34;1.29;3.62;183.9;157.5;16.6;2.6;7.2;0.43;0.5;0.11;0.14
-1;50;0;0;100;15.15;2.75;7.88;1.24;1.27;0.163;43;7.72;3.84;2.29;0.37;1.28;3.93;143.3;124.4;8.5;2.6;7.9;0.7;0.3;0.11;0.15;1.56;1.54;0.172;57;8.87;4.6;2.58;0.43;1.47;3.95;189.9;153.6;25.5;2.9;7.9;0.44;0.8;0.13;0.17
-1;50;0;50;0;17.43;2.73;7.9;1.22;1.23;0.151;48.6;8.02;3.96;2.4;0.42;1.32;3.94;141.5;116.9;14.1;2.6;7.9;0.66;0.29;0.12;0.15;1.45;1.37;0.161;51.4;8.46;4.32;2.45;0.42;1.41;3.96;149.8;123.1;16;2.8;7.9;0.77;0.32;0.12;0.16
-1;50;0;50;50;17.42;3.3;9.44;1.33;1.29;0.156;48.5;8.17;4.2;2.39;0.39;1.38;4.64;142.8;117.5;13.3;2.8;9.3;0.66;0.37;0.11;0.16;1.89;1.9;0.165;51.5;11.43;5.84;3.37;0.58;1.92;4.8;151.7;122.4;15.9;3.8;9.6;1.04;0.47;0.16;0.23
-1;50;0;50;100;17.47;3.9;10.91;1.43;1.43;0.167;47.5;8.51;4.32;2.45;0.45;1.43;5.45;145.2;119.5;12;2.9;10.9;0.66;0.49;0.12;0.16;2.48;2.56;0.175;52.5;14.59;7.52;4.15;0.72;2.47;5.46;160.8;120.3;24.6;4.9;10.9;1.29;0.78;0.21;0.27
-1;50;0;100;0;19.3;3.16;9.05;1.17;1.27;0.149;56.2;8.45;4.11;2.59;0.45;1.43;4.48;143.7;114.4;17.5;2.9;9;0.62;0.37;0.12;0.16;1.73;1.7;0.165;43.8;10.3;5.2;3.06;0.5;1.73;4.57;112;83.9;15.6;3.5;9.1;1.05;0.32;0.15;0.19
-1;50;0;100;50;19.46;3.87;11.25;1.48;1.41;0.157;55.6;8.97;4.57;2.6;0.45;1.54;5.66;144.9;113.8;16.7;3.1;11.3;0.63;0.48;0.12;0.18;2.44;2.43;0.168;44.4;14.4;7.34;4.25;0.75;2.32;5.59;115.6;84.3;15.5;4.6;11.2;1.51;0.45;0.19;0.27
-1;50;0;100;100;19.29;4.49;12.81;1.51;1.59;0.169;53.6;9.38;4.71;2.79;0.48;1.54;6.32;145.7;114.7;15.3;3.1;12.6;0.62;0.66;0.14;0.17;3.1;3.14;0.176;46.4;17.83;9.2;5.15;0.85;2.95;6.5;126;83.7;23.4;5.9;13;1.82;0.72;0.26;0.35
-1;50;50;0;0;15.35;2.73;7.79;1.54;1.52;0.156;43.2;9.69;4.83;2.91;0.5;1.6;3.89;141.2;119.3;10.9;3.2;7.8;0.89;0.31;0.14;0.19;1.07;1.06;0.162;56.8;6.47;3.33;1.88;0.32;1.13;3.9;186;160.8;15.1;2.3;7.8;0.43;0.43;0.09;0.11
-1;50;50;0;50;15.27;2.94;8.39;1.61;1.6;0.163;43.9;9.78;4.91;2.8;0.48;1.62;4.18;143.4;122.1;9.7;3.2;8.4;0.89;0.39;0.13;0.18;1.38;1.38;0.172;56.1;7.98;4.09;2.33;0.39;1.32;4.21;183.5;156.8;15.6;2.6;8.4;0.44;0.68;0.11;0.15
-1;50;50;0;100;14.97;3.18;9.03;1.71;1.72;0.17;43.5;10.07;5.09;3;0.51;1.67;4.51;145.7;124.7;8.6;3.3;9;0.92;0.48;0.14;0.18;1.75;1.76;0.189;56.5;9.25;4.82;2.58;0.44;1.51;4.53;189;153.1;23.8;3;9.1;0.44;1;0.13;0.18
-1;50;50;50;0;17.18;3.18;9.35;1.61;1.64;0.154;48.7;10.56;5.22;3.23;0.49;1.76;4.62;143.1;116;14.3;3.5;9.2;0.88;0.42;0.14;0.2;1.43;1.46;0.167;51.3;8.69;4.34;2.55;0.43;1.41;4.73;150.8;124;14.5;2.8;9.5;0.77;0.4;0.11;0.17
-1;50;50;50;50;17.05;3.75;10.78;1.82;1.78;0.164;48.6;10.84;5.58;3.08;0.55;1.83;5.33;144.3;117.1;12.9;3.7;10.7;0.87;0.55;0.15;0.21;2.02;2.06;0.174;51.4;11.79;5.99;3.41;0.58;1.92;5.45;152.4;122.9;14.8;3.8;10.9;1.05;0.63;0.16;0.22
-1;50;50;50;100;17.39;4.26;12.2;1.98;1.99;0.177;48.6;11.22;5.78;3.24;0.54;1.82;6.02;152.4;118.6;18.1;3.6;12;0.89;0.75;0.15;0.2;2.81;2.76;0.185;51.4;14.9;7.84;4.23;0.71;2.44;6.18;161.4;121.2;22.9;4.9;12.4;1.31;0.97;0.21;0.28
-1;50;50;100;0;19.16;3.75;10.58;1.87;1.83;0.157;56;11.6;5.87;3.39;0.58;1.93;5.26;144.8;112.6;17.8;3.9;10.5;0.84;0.59;0.17;0.23;1.81;1.82;0.17;44;10.68;5.51;3.1;0.54;1.82;5.32;113.8;85.1;14.4;3.6;10.6;1.05;0.41;0.15;0.21
-1;50;50;100;50;19.22;4.46;12.79;2.07;2.01;0.168;56.7;11.92;6.13;3.41;0.58;2;6.37;153.8;112.2;24.9;4;12.7;0.84;0.77;0.17;0.23;2.55;2.64;0.175;43.3;15.03;7.62;4.41;0.75;2.47;6.43;117.4;85.5;14.2;4.9;12.9;1.56;0.6;0.2;0.28
-1;50;50;100;100;19.26;4.95;14.18;2.16;2.19;0.18;55.2;12.14;6.25;3.52;0.61;1.99;7.04;155.2;113.8;23.3;4;14.1;0.84;0.97;0.17;0.21;3.35;3.34;0.183;44.8;18.16;9.47;5.16;0.89;2.95;7.13;126.1;84.3;21.7;5.9;14.3;1.83;0.91;0.26;0.34
-1;50;100;0;0;15.29;3.15;9.34;2.05;2.02;0.161;44.6;12.49;6.31;3.68;0.63;2.09;4.69;149.4;119.9;15.9;4.2;9.4;1.15;0.44;0.18;0.24;1.27;1.26;0.177;55.4;7.07;3.64;2.04;0.37;1.07;4.65;185.8;159.9;14.4;2.1;9.3;0.44;0.59;0.1;0.13
-1;50;100;0;50;14.99;3.37;9.66;2.2;2.15;0.17;44.1;12.62;6.47;3.62;0.62;2.08;4.85;150.5;122.2;14.4;4.2;9.7;1.17;0.58;0.17;0.23;1.62;1.57;0.194;55.9;8.08;4.3;2.21;0.4;1.3;4.81;190.5;156.7;21.6;2.6;9.6;0.43;0.88;0.11;0.15
-1;50;100;0;100;14.62;3.56;10.28;2.29;2.3;0.177;44.6;12.93;6.68;3.73;0.64;2.1;5.15;151.8;124.4;12.9;4.2;10.3;1.2;0.67;0.18;0.25;2.05;1.95;0.213;55.4;9.16;5.04;2.5;0.41;1.45;5.13;188.5;153.5;21.8;2.9;10.3;0.44;1.24;0.12;0.15
-1;50;100;50;0;17.33;3.71;10.67;2.21;2.2;0.163;50.1;13.44;6.84;3.9;0.63;2.25;5.23;152.4;115.7;21.8;4.5;10.5;1.11;0.67;0.18;0.24;1.65;1.63;0.177;49.9;9.17;4.77;2.56;0.45;1.45;5.44;151.9;124.3;13.8;2.9;10.9;0.76;0.57;0.12;0.18
-1;50;100;50;50;17.06;4.2;12.26;2.33;2.42;0.173;48.8;13.93;7.03;4.05;0.67;2.25;6.08;152.9;116.7;19.6;4.5;12.2;1.14;0.82;0.2;0.27;2.31;2.29;0.188;51.2;12.14;6.35;3.43;0.6;1.95;6.18;160.1;123.3;20.6;3.9;12.4;1.05;0.85;0.16;0.23
-1;50;100;50;100;17.01;4.73;13.46;2.51;2.61;0.186;48.9;13.99;7.27;4.05;0.66;2.35;6.74;154.1;118;18;4.7;13.5;1.13;1.03;0.2;0.26;2.96;2.97;0.198;51.1;14.98;7.89;4.25;0.73;2.38;6.72;160.9;121.9;20.8;4.8;13.4;1.31;1.18;0.2;0.28
-1;50;100;100;0;19.57;4.24;12.18;2.47;2.43;0.165;57.3;14.73;7.55;4.25;0.74;2.45;6.04;155.4;110.6;27.9;4.9;12.1;1.04;0.9;0.21;0.28;1.98;1.94;0.178;42.7;10.91;5.64;3.17;0.52;1.79;6.14;115.6;86.6;13.2;3.6;12.3;1.05;0.53;0.15;0.21
-1;50;100;100;50;19.28;4.87;14.21;2.71;2.64;0.176;55.4;14.99;7.75;4.29;0.76;2.42;7;155.4;111.1;25.4;4.8;14;1.07;1.1;0.2;0.28;2.89;2.85;0.186;44.6;15.32;7.91;4.44;0.73;2.45;7.21;125;86.2;19.5;4.9;14.4;1.55;0.8;0.21;0.3
-1;50;100;100;100;19.23;5.43;15.74;2.99;2.95;0.192;54.9;15.36;8.08;4.27;0.76;2.41;7.79;155.8;111.6;23.8;4.8;15.6;1.07;1.4;0.2;0.28;3.55;3.61;0.194;45.1;18.59;9.78;5.34;0.86;3.02;7.96;127.7;85.9;19.9;6;15.9;1.86;1.13;0.26;0.35
-1;100;0;0;0;17.47;2.78;7.76;1.38;1.43;0.155;35.4;9.15;4.67;2.67;0.49;1.63;3.84;102.5;81;10.6;3.3;7.7;0.9;0.22;0.14;0.17;1.15;1.08;0.153;64.6;7;3.59;2;0.34;1.15;3.92;187.2;157.4;19.6;2.3;7.8;0.43;0.41;0.11;0.13
-1;100;0;0;50;17.29;3;8.6;1.47;1.48;0.158;36.2;9.31;4.75;2.71;0.46;1.61;4.28;104.4;83.2;9.4;3.2;8.6;0.92;0.26;0.13;0.17;1.41;1.37;0.161;63.8;8.46;4.26;2.54;0.42;1.38;4.32;184.2;152.9;19.9;2.8;8.6;0.43;0.66;0.12;0.17
-1;100;0;0;100;17.42;3.39;9.47;1.54;1.59;0.163;35.7;9.7;4.93;2.81;0.48;1.69;4.69;106.6;85.6;8.3;3.4;9.4;0.95;0.31;0.15;0.18;1.84;1.77;0.172;64.3;10.28;5.36;2.92;0.55;1.7;4.78;191.8;147.7;31.2;3.4;9.6;0.41;1.01;0.14;0.2
-1;100;0;50;0;19.11;3.17;9.02;1.48;1.49;0.152;40.9;9.74;4.75;2.96;0.51;1.62;4.46;105.2;79.3;13.8;3.2;8.9;0.88;0.3;0.13;0.19;1.48;1.46;0.16;59.1;9.1;4.63;2.58;0.48;1.56;4.56;152;120.8;18.9;3.1;9.1;0.74;0.4;0.14;0.18
-1;100;0;50;50;19.27;3.65;10.5;1.58;1.55;0.158;41.1;9.8;4.93;2.88;0.49;1.63;5.14;106.7;80.5;12.6;3.3;10.3;0.88;0.36;0.13;0.18;2.12;2.06;0.167;58.9;12.3;6.27;3.56;0.59;2.03;5.36;153.1;118.8;19.5;4.1;10.7;1.01;0.64;0.18;0.23
-1;100;0;50;100;19.47;4.21;12.22;1.68;1.69;0.166;39.9;10.16;5.05;3.06;0.51;1.67;6;108.9;81.9;11.6;3.3;12;0.89;0.48;0.14;0.18;2.72;2.71;0.174;60.1;15.55;7.99;4.51;0.75;2.54;6.22;163.9;116.5;29.8;5.1;12.4;1.25;0.95;0.21;0.31
-1;100;0;100;0;21.15;3.42;10.29;1.49;1.54;0.152;48.7;10.08;5.01;3.09;0.52;1.61;5.11;108.7;78.1;17.2;3.2;10.2;0.85;0.35;0.14;0.2;1.76;1.77;0.163;51.3;10.85;5.53;3.15;0.54;1.8;5.19;114.8;81.9;18.9;3.6;10.4;1.01;0.4;0.15;0.21
-1;100;0;100;50;21.23;4.39;12.62;1.72;1.7;0.158;48.3;10.71;5.41;3.19;0.53;1.8;6.33;110.5;78.3;15.9;3.6;12.7;0.87;0.47;0.16;0.2;2.52;2.62;0.169;51.7;15.42;7.77;4.61;0.81;2.6;6.29;118.3;81.6;18.9;5.2;12.6;1.48;0.62;0.22;0.3
-1;100;0;100;100;21.5;4.88;14.22;1.87;1.88;0.167;46.2;11.2;5.73;3.23;0.56;1.82;7.05;111.7;78.9;15.1;3.6;14.1;0.87;0.65;0.16;0.21;3.23;3.29;0.175;53.8;18.75;9.55;5.42;0.98;3.06;7.17;130.3;81;28.9;6.1;14.3;1.75;0.92;0.26;0.36
-1;100;50;0;0;17.53;3.46;9.9;2.08;2.06;0.157;36.5;13.07;6.54;3.94;0.65;2.15;4.92;106.7;82.3;10.3;4.3;9.8;1.34;0.29;0.18;0.25;1.19;1.22;0.161;63.5;7.48;3.77;2.16;0.41;1.31;4.98;186;154.8;18.6;2.6;10;0.41;0.56;0.11;0.14
-1;100;50;0;50;17.56;3.58;10.54;2.15;2.11;0.162;35.8;12.93;6.43;3.88;0.65;2.06;5.21;108;84.3;9.2;4.1;10.4;1.31;0.37;0.18;0.25;1.64;1.65;0.177;64.2;9.25;4.74;2.68;0.45;1.52;5.34;193.7;150.5;29.5;3;10.7;0.42;0.93;0.13;0.17
-1;100;50;0;100;17.33;3.9;11.56;2.29;2.27;0.167;36.9;13.56;6.92;3.97;0.65;2.21;5.76;110.7;86.8;7.9;4.4;11.5;1.4;0.44;0.18;0.25;2.03;2.05;0.19;63.1;10.77;5.53;3.15;0.51;1.69;5.8;189.8;145.1;29.7;3.4;11.6;0.41;1.3;0.14;0.2
-1;100;50;50;0;19.57;3.91;11.31;2.18;2.16;0.156;41.7;13.8;6.91;4.08;0.73;2.29;5.6;109.4;79.6;14;4.6;11.2;1.27;0.43;0.2;0.27;1.64;1.62;0.166;58.3;9.73;4.95;2.81;0.49;1.61;5.71;153.1;120.3;18.2;3.2;11.4;0.75;0.54;0.13;0.19
-1;100;50;50;50;19.47;4.48;12.81;2.32;2.27;0.163;40.5;13.85;7.03;4.09;0.68;2.3;6.42;110.9;81.1;12.4;4.6;12.8;1.27;0.53;0.19;0.27;2.33;2.32;0.178;59.5;13.03;6.75;3.74;0.61;2.18;6.39;163.1;117.9;28.1;4.4;12.8;1.02;0.89;0.18;0.24
-1;100;50;50;100;19.47;4.92;14.13;2.46;2.46;0.172;42.1;14.23;7.31;4.12;0.68;2.36;7.04;118.6;82.7;17;4.7;14.1;1.32;0.68;0.19;0.27;2.98;2.95;0.186;57.9;15.86;8.21;4.54;0.75;2.56;7.08;163;115.3;28.4;5.1;14.2;1.22;1.23;0.22;0.29
-1;100;50;100;0;21.32;4.26;12.34;2.4;2.3;0.158;49.1;14.55;7.39;4.22;0.72;2.38;6.19;112.2;77.6;17.4;4.8;12.4;1.23;0.59;0.2;0.28;1.92;1.91;0.168;50.9;11.33;5.76;3.29;0.56;1.88;6.14;116.2;82.4;17.8;3.8;12.3;1;0.53;0.16;0.22
-1;100;50;100;50;21.54;5.03;14.68;2.45;2.44;0.166;48.6;14.67;7.41;4.31;0.73;2.42;7.3;121.7;78.4;23.9;4.8;14.6;1.24;0.74;0.18;0.28;2.94;2.87;0.178;51.4;16.13;8.31;4.65;0.81;2.6;7.38;128.9;81.6;27.4;5.2;14.8;1.5;0.86;0.22;0.3
-1;100;50;100;100;21.45;5.6;16.08;2.67;2.68;0.176;48.5;15.23;7.81;4.39;0.78;2.49;7.98;122.8;79.4;22.5;5;16;1.26;0.93;0.2;0.28;3.59;3.54;0.185;51.5;19.14;9.95;5.44;0.95;3.11;8.1;130.3;80.5;27.4;6.2;16.2;1.73;1.18;0.28;0.35
-1;100;100;0;0;17.75;3.92;11.3;2.54;2.51;0.161;38.3;15.59;7.96;4.54;0.77;2.6;5.63;114.9;82.9;15.6;5.2;11.3;1.57;0.43;0.22;0.3;1.47;1.46;0.177;61.7;8.19;4.21;2.31;0.38;1.32;5.67;185.7;153.5;18.2;2.6;11.3;0.4;0.79;0.11;0.15
-1;100;100;0;50;17.76;4.19;12.02;2.6;2.69;0.168;37.6;15.92;8.06;4.58;0.82;2.64;5.87;116;84.7;14.3;5.3;11.7;1.6;0.57;0.22;0.3;1.84;1.91;0.196;62.4;9.71;5.1;2.66;0.51;1.55;6.14;193.1;149.6;28;3.1;12.3;0.41;1.17;0.13;0.19
-1;100;100;0;100;17.28;4.47;12.71;2.82;2.84;0.173;38.3;16.37;8.26;4.86;0.76;2.7;6.35;117.3;87.1;12.1;5.4;12.7;1.67;0.63;0.23;0.31;2.44;2.43;0.217;61.7;11.22;6.07;3.01;0.56;1.78;6.37;189.1;144.6;28.2;3.6;12.7;0.41;1.67;0.15;0.21
-1;100;100;50;0;19.38;4.51;12.82;2.72;2.71;0.163;43.7;16.59;8.34;5.01;0.82;2.81;6.42;119;79.9;20.6;5.6;12.8;1.53;0.64;0.23;0.32;1.9;1.84;0.178;56.3;10.29;5.36;2.98;0.48;1.7;6.41;153.2;119.8;17.2;3.4;12.8;0.75;0.74;0.15;0.19
-1;100;100;50;50;19.38;4.92;14.07;2.91;2.9;0.171;42.4;16.93;8.61;4.91;0.88;2.83;7.04;119.8;80.9;19.2;5.7;14.1;1.54;0.8;0.23;0.32;2.48;2.51;0.19;57.6;13.15;6.84;3.73;0.62;2.09;7.03;162.8;118.2;26.3;4.2;14.1;0.98;1.09;0.18;0.25
-1;100;100;50;100;19.31;5.43;15.62;3.01;3.12;0.18;42.4;17.24;8.91;4.94;0.89;2.87;7.67;120.6;82.3;17.3;5.7;15.3;1.58;0.99;0.24;0.32;3.3;3.31;0.202;57.6;16.32;8.56;4.61;0.77;2.56;7.94;163.7;116;26.6;5.1;15.9;1.25;1.54;0.23;0.3
-1;100;100;100;0;21.31;4.79;14;2.88;2.88;0.164;51;17.54;8.87;5.16;0.86;2.89;6.96;122.5;76.8;26;5.8;13.9;1.45;0.85;0.24;0.33;2.17;2.12;0.177;49;11.94;6.08;3.49;0.56;1.91;7.04;117.9;83.2;16.7;3.8;14.1;1.03;0.72;0.16;0.22
-1;100;100;100;50;21.53;5.75;16.3;3.08;3.12;0.173;48.7;17.96;9.21;5.25;0.89;3.01;8.03;123.6;77.1;24.4;6;16.1;1.47;1.06;0.25;0.34;3.06;3.12;0.187;51.3;16.59;8.62;4.72;0.86;2.74;8.27;130.2;82.9;25.3;5.5;16.5;1.51;1.05;0.24;0.32
-1;100;100;100;100;21.34;6.13;17.5;3.35;3.39;0.185;48.5;18.21;9.48;5.07;0.95;2.98;8.6;124;78.2;22.7;6;17.2;1.49;1.32;0.24;0.34;3.91;3.89;0.197;51.5;19.68;10.4;5.58;0.93;3.15;8.9;131.5;81.8;25.6;6.3;17.8;1.77;1.48;0.27;0.37
0;0;0;0;0;13.58;1.84;5.29;0.86;0.84;0.151;49.9;5.46;2.83;1.57;0.26;0.94;2.58;178.8;159.8;12;1.9;5.2;0.41;0.25;0.08;0.1;0.83;0.83;0.152;50.1;5.36;2.66;1.61;0.3;0.9;2.72;179.5;160.2;12;1.8;5.4;0.41;0.24;0.07;0.1
0;0;0;0;50;13.23;1.92;5.58;0.89;0.87;0.16;50.2;5.36;2.7;1.62;0.24;0.88;2.79;179.7;161.6;10.8;1.8;5.6;0.4;0.3;0.08;0.1;0.98;0.97;0.155;49.8;6.19;3.12;1.82;0.31;1.04;2.79;178.3;158.4;12.2;2.1;5.6;0.42;0.35;0.09;0.12
0;0;0;0;100;13.03;2.02;6.13;0.99;0.94;0.166;49.8;5.59;2.85;1.63;0.28;0.87;3.01;181.6;164;9.9;1.7;6;0.41;0.36;0.06;0.11;1.16;1.16;0.163;50.2;7.07;3.58;2.05;0.37;1.15;3.11;183.2;156;18.6;2.3;6.2;0.41;0.53;0.1;0.14
0;0;0;50;0;15.51;2.31;6.62;0.92;0.92;0.15;55.8;6.02;2.99;1.85;0.29;1;3.4;180.8;156.7;15.3;2;6.8;0.39;0.32;0.08;0.13;1.18;1.21;0.158;44.2;7.6;3.8;2.23;0.39;1.3;3.22;143.3;122.5;11.8;2.6;6.4;0.73;0.24;0.1;0.14
0;0;0;50;50;15.59;2.79;7.92;1.01;1.02;0.159;55.4;6.33;3.13;1.89;0.35;1.04;3.9;181.3;156.9;14.5;2.1;7.8;0.4;0.41;0.09;0.12;1.73;1.68;0.161;44.6;10.32;5.29;2.98;0.5;1.75;4.02;145.8;122.3;11.9;3.5;8;0.98;0.35;0.15;0.2
0;0;0;50;100;15.13;3.11;9.23;1.11;1.12;0.173;54.2;6.42;3.25;1.87;0.33;1.05;4.57;181.5;157.2;13;2.1;9.1;0.39;0.52;0.1;0.12;2.26;2.19;0.167;45.8;13.07;6.66;3.8;0.67;2.06;4.66;153.1;122.1;17.6;4.1;9.3;1.25;0.5;0.18;0.25
0;0;0;100;0;17.43;2.68;7.84;1.04;1.01;0.149;63.3;6.7;3.34;1.99;0.4;1.12;4;182.5;153.6;18.7;2.2;8;0.39;0.39;0.09;0.14;1.52;1.52;0.161;36.7;9.4;4.78;2.72;0.5;1.56;3.84;105.6;83.2;11.5;3.1;7.7;0.97;0.24;0.13;0.18
0;0;0;100;50;17.51;3.51;9.9;1.15;1.15;0.158;62.2;7.21;3.65;2.11;0.34;1.23;4.92;181.3;151.2;17.8;2.5;9.8;0.38;0.53;0.11;0.13;2.19;2.24;0.164;37.8;13.59;6.79;4.09;0.67;2.27;4.99;110.1;84.4;11.2;4.5;10;1.46;0.32;0.2;0.26
0;0;0;100;100;17.61;3.91;11.49;1.32;1.32;0.174;60.5;7.54;3.87;2.16;0.39;1.25;5.67;181.9;151.2;16.8;2.5;11.3;0.37;0.71;0.1;0.13;2.74;2.75;0.167;39.5;16.4;8.34;4.89;0.83;2.67;5.83;118.6;84.4;17.2;5.3;11.7;1.72;0.48;0.22;0.33
0;0;50;0;0;13.35;1.91;5.59;0.97;0.95;0.154;49.8;6.05;3;1.77;0.32;0.99;2.83;178.5;158.7;12.1;2;5.7;0.41;0.34;0.08;0.12;0.87;0.87;0.158;50.2;5.38;2.75;1.6;0.24;0.92;2.77;179.8;161.3;11.1;1.8;5.5;0.39;0.31;0.07;0.1
0;0;50;0;50;12.89;2.1;6.04;1.09;1.07;0.169;50.1;6.31;3.21;1.9;0.31;1.04;3.02;179.5;160.3;11;2.1;6;0.42;0.45;0.09;0.11;1.07;1.08;0.168;49.9;6.36;3.19;1.84;0.34;1.06;3.02;179;159.7;11.2;2.1;6;0.42;0.45;0.08;0.12
0;0;50;0;100;12.37;2.17;6.38;1.17;1.16;0.181;49.6;6.36;3.3;1.81;0.29;1.02;3.15;180.5;162.4;9.8;2;6.3;0.42;0.54;0.09;0.12;1.37;1.36;0.183;50.4;7.38;3.75;2.13;0.38;1.15;3.23;183.2;157.6;16.8;2.3;6.5;0.43;0.68;0.1;0.14
0;0;50;50;0;15.13;2.44;7.09;1.09;1.08;0.153;55.4;6.97;3.44;2.07;0.37;1.14;3.55;179.3;154.6;15.4;2.3;7.1;0.41;0.44;0.09;0.14;1.31;1.3;0.164;44.6;7.91;4.01;2.29;0.4;1.3;3.55;144.4;124.1;10.6;2.6;7.1;0.74;0.3;0.11;0.15
0;0;50;50;50;15.24;2.92;8.44;1.35;1.29;0.169;54.9;7.57;3.96;2.19;0.34;1.24;4.23;179.3;153.7;14.7;2.5;8.5;0.41;0.63;0.11;0.14;1.76;1.75;0.169;45.1;10.34;5.29;2.97;0.49;1.68;4.21;147.2;124.7;10.7;3.4;8.4;0.98;0.44;0.14;0.2
0;0;50;50;100;14.76;3.44;9.7;1.4;1.42;0.189;54.8;7.45;3.88;2.1;0.35;1.25;4.82;186.8;154.9;19.8;2.5;9.6;0.39;0.8;0.09;0.13;2.4;2.37;0.177;45.2;13.34;6.94;3.86;0.66;2.2;4.88;154;123.8;16;4.4;9.8;1.26;0.65;0.19;0.26
0;0;50;100;0;17.35;2.96;8.48;1.33;1.32;0.158;62.6;8.27;4.22;2.36;0.43;1.35;4.25;179.5;148.9;19.5;2.7;8.5;0.39;0.64;0.12;0.16;1.56;1.59;0.165;37.4;9.59;4.87;2.8;0.46;1.61;4.22;107.3;85.6;10.1;3.2;8.4;1;0.27;0.14;0.18
0;0;50;100;50;17.46;3.78;10.62;1.57;1.55;0.175;62.9;8.81;4.61;2.53;0.39;1.49;5.38;188.8;147.8;27.3;3;10.8;0.4;0.85;0.13;0.16;2.32;2.32;0.169;37.1;13.69;7.01;3.95;0.72;2.29;5.24;111.5;86.1;10.3;4.6;10.5;1.47;0.41;0.19;0.25
0;0;50;100;100;17.48;4.18;12.17;1.83;1.79;0.193;61;9.25;4.83;2.63;0.44;1.46;6.01;187.5;146.6;26;2.9;12;0.39;1.1;0.13;0.17;2.98;2.93;0.175;39;16.73;8.55;4.89;0.85;2.73;6.15;119.6;86.7;15.1;5.5;12.3;1.78;0.62;0.23;0.31
0;0;100;0;0;12.86;2.09;6.05;1.14;1.17;0.163;50.4;7.09;3.64;2.06;0.35;1.21;3.09;183.7;156.6;18.5;2.4;6.2;0.42;0.51;0.1;0.14;0.94;0.93;0.166;49.6;5.49;2.81;1.58;0.29;0.88;2.96;180.7;163.4;9.6;1.8;5.9;0.4;0.36;0.06;0.1
0;0;100;0;50;12.4;2.17;6.42;1.38;1.37;0.183;50.3;7.42;3.78;2.17;0.35;1.16;3.23;183.2;157.4;16.9;2.3;6.5;0.43;0.69;0.09;0.15;1.17;1.15;0.18;49.7;6.3;3.29;1.79;0.3;1.01;3.19;180.7;162.6;9.7;2;6.4;0.41;0.54;0.08;0.12
0;0;100;0;100;11.9;2.36;6.71;1.43;1.46;0.198;49.9;7.32;3.88;2.03;0.42;1.19;3.28;183.4;159.7;14.8;2.4;6.6;0.43;0.79;0.11;0.13;1.43;1.44;0.197;50.1;7.27;3.83;2.01;0.37;1.17;3.43;184.3;160.3;14.9;2.3;6.9;0.43;0.78;0.1;0.14
0;0;100;50;0;15.27;2.64;7.91;1.45;1.43;0.169;55.6;8.43;4.23;2.5;0.42;1.35;3.85;184.7;150.3;24;2.7;7.7;0.4;0.76;0.11;0.15;1.42;1.36;0.168;44.4;8.02;4.11;2.34;0.4;1.29;4.05;147.6;127.2;9.7;2.6;8.1;0.74;0.36;0.1;0.16
0;0;100;50;50;14.84;3.11;9.17;1.58;1.6;0.186;55.2;8.56;4.38;2.54;0.42;1.3;4.58;184.4;150.6;22;2.6;9.2;0.4;0.92;0.11;0.17;1.92;1.92;0.177;44.8;10.81;5.63;3.07;0.54;1.81;4.59;149.3;127;9.5;3.6;9.2;1.04;0.53;0.14;0.2
0;0;100;50;100;14.78;3.5;10.41;1.84;1.85;0.209;54;8.83;4.71;2.46;0.45;1.32;5.15;183.6;149.9;20.7;2.6;10.3;0.4;1.18;0.11;0.16;2.43;2.46;0.184;46;13.36;6.96;3.78;0.65;2.18;5.25;156.6;127.5;14.2;4.4;10.5;1.3;0.74;0.17;0.25
0;0;100;100;0;17.12;3.29;9.44;1.67;1.7;0.169;63.3;10;5.17;2.85;0.51;1.71;4.82;187.7;145.1;29.6;3.4;9.6;0.41;0.95;0.14;0.2;1.7;1.66;0.169;36.7;9.79;4.96;2.86;0.49;1.58;4.63;108.8;87.5;8.9;3.2;9.3;1.01;0.33;0.13;0.18
0;0;100;100;50;17.44;4.14;11.53;2;1.97;0.188;61.8;10.46;5.53;2.97;0.49;1.76;5.61;185.3;142;28.5;3.5;11.2;0.39;1.24;0.16;0.19;2.5;2.47;0.175;38.2;14.1;7.26;4.09;0.7;2.37;5.92;114.5;89;8.9;4.7;11.8;1.51;0.5;0.19;0.27
0;0;100;100;100;17.36;4.44;12.6;2.24;2.28;0.214;60.5;10.64;5.66;2.92;0.51;1.68;6.22;185;142.2;27;3.4;12.4;0.38;1.58;0.14;0.19;3.13;3.06;0.181;39.5;16.89;8.74;4.83;0.81;2.77;6.38;120.7;88.9;13.4;5.5;12.8;1.79;0.71;0.24;0.32
0;50;0;0;0;15.46;2.23;6.55;1.17;1.2;0.159;44.3;7.56;3.75;2.28;0.38;1.25;3.24;143.4;122.7;11.7;2.5;6.5;0.72;0.24;0.1;0.14;0.89;0.89;0.149;55.7;5.87;2.92;1.8;0.26;0.98;3.31;180.3;156.4;15.3;2;6.6;0.38;0.31;0.08;0.11
0;50;0;0;50;15.2;2.48;7.13;1.32;1.3;0.164;44.8;7.87;3.99;2.3;0.42;1.28;3.57;144.9;124.8;10.4;2.6;7.1;0.75;0.28;0.11;0.15;1.12;1.09;0.153;55.2;7.04;3.59;2.02;0.32;1.2;3.56;178.7;153.6;15.6;2.4;7.1;0.39;0.46;0.1;0.14
0;50;0;0;100;14.99;2.81;7.84;1.34;1.36;0.169;44.2;7.99;4.05;2.28;0.39;1.35;3.88;146.9;127.1;9.4;2.7;7.8;0.75;0.35;0.11;0.15;1.39;1.45;0.169;55.8;8.55;4.35;2.42;0.45;1.47;3.97;185.4;150.6;23.9;2.9;7.9;0.42;0.75;0.12;0.17
0;50;0;50;0;17.61;2.8;7.89;1.31;1.29;0.156;50;8.19;4.14;2.4;0.38;1.4;3.94;145.8;120;15.1;2.8;7.9;0.71;0.31;0.11;0.16;1.27;1.29;0.156;50;8.19;4.08;2.41;0.44;1.4;3.94;145.8;120;15.2;2.8;7.9;0.7;0.31;0.11;0.16
0;50;0;50;50;17.33;3.23;9.3;1.4;1.39;0.163;49.8;8.49;4.34;2.42;0.43;1.46;4.65;146.4;120.4;13.8;2.9;9.3;0.71;0.39;0.12;0.16;1.78;1.75;0.16;50.2;10.95;5.49;3.27;0.56;1.77;4.65;147.6;119.6;15.1;3.5;9.3;0.96;0.44;0.14;0.2
0;50;0;50;100;17.37;3.78;10.9;1.48;1.53;0.172;48.5;8.85;4.47;2.61;0.42;1.43;5.41;148.1;121.7;12.8;2.9;10.8;0.71;0.53;0.12;0.17;2.39;2.39;0.169;51.5;14.07;7.22;4.04;0.72;2.35;5.49;157.2;118.3;23.2;4.7;11;1.2;0.72;0.19;0.27
0;50;0;100;0;19.19;3.1;9.07;1.39;1.41;0.155;57.7;9.02;4.57;2.62;0.47;1.54;4.52;148.2;117.4;18.6;3.1;9;0.72;0.38;0.13;0.18;1.58;1.57;0.159;42.3;9.8;4.93;2.89;0.47;1.55;4.55;108.4;81.7;14.4;3.1;9.1;0.95;0.29;0.13;0.2
0;50;0;100;50;19.36;3.93;11.02;1.52;1.49;0.161;56.8;9.21;4.7;2.65;0.46;1.57;5.49;148.2;116.8;17.4;3.1;11;0.68;0.51;0.13;0.18;2.19;2.28;0.162;43.2;13.98;7.03;4.01;0.71;2.36;5.52;112.5;82.2;14.6;4.7;11;1.39;0.42;0.19;0.27
0;50;0;100;100;19.41;4.47;12.76;1.65;1.68;0.173;55;9.66;4.89;2.85;0.47;1.57;6.38;149.8;117.8;16.1;3.1;12.8;0.69;0.68;0.12;0.18;2.95;2.94;0.17;45;17.32;8.91;4.98;0.86;2.9;6.38;122.3;81.4;22.3;5.8;12.8;1.67;0.69;0.25;0.33
0;50;50;0;0;15.3;2.74;7.72;1.63;1.63;0.162;44.6;10;5.05;2.95;0.51;1.66;3.85;145.4;122.8;11.6;3.3;7.7;0.97;0.32;0.14;0.19;1.01;1.02;0.159;55.4;6.29;3.2;1.84;0.3;1.09;3.87;180.6;156.2;14.4;2.2;7.7;0.39;0.4;0.1;0.13
0;50;50;0;50;15.15;2.94;8.48;1.77;1.76;0.169;45.1;10.37;5.24;3.1;0.52;1.7;4.22;147.2;124.6;10.7;3.4;8.4;0.98;0.43;0.15;0.2;1.29;1.26;0.169;54.9;7.43;3.83;2.15;0.36;1.24;4.25;179.3;153.8;14.5;2.5;8.5;0.4;0.62;0.11;0.14
0;50;50;0;100;14.82;3.15;8.91;1.86;1.89;0.177;44.6;10.62;5.46;3.07;0.52;1.76;4.42;148.9;127;9.4;3.5;8.8;1;0.53;0.16;0.2;1.66;1.6;0.186;55.4;8.58;4.49;2.42;0.35;1.39;4.49;184.8;150.6;22.4;2.8;9;0.4;0.93;0.12;0.16
0;50;50;50;0;17.31;3.28;9.45;1.77;1.77;0.16;50.1;11.01;5.56;3.19;0.56;1.86;4.71;147.6;119.3;15.1;3.7;9.4;0.95;0.45;0.16;0.21;1.42;1.41;0.162;49.9;8.62;4.38;2.54;0.43;1.42;4.75;146.8;120.7;13.8;2.8;9.5;0.73;0.39;0.11;0.18
0;50;50;50;50;17.09;3.71;10.84;1.94;1.93;0.169;50.2;11.39;5.8;3.37;0.54;1.9;5.4;148.9;120.5;13.8;3.8;10.8;0.98;0.58;0.16;0.21;1.98;1.93;0.169;49.8;11.38;5.81;3.29;0.56;1.81;5.44;148;119.5;14;3.6;10.9;0.95;0.61;0.17;0.21
0;50;50;50;100;17.11;4.23;12.02;2.09;2.12;0.182;49.9;11.59;6.03;3.3;0.55;1.87;6.08;156.2;121.2;19.1;3.7;12.2;0.96;0.78;0.16;0.23;2.66;2.57;0.179;50.1;14.32;7.5;4.04;0.7;2.37;5.94;156.6;118.8;21.2;4.7;11.9;1.22;0.87;0.2;0.28
0;50;50;100;0;19.13;3.77;10.62;1.94;1.93;0.162;57.5;11.9;6.05;3.5;0.59;2.02;5.33;149.3;116.1;18.5;4;10.7;0.93;0.61;0.17;0.23;1.72;1.71;0.164;42.5;10.4;5.3;3.02;0.52;1.76;5.29;110.2;82.6;13.5;3.5;10.6;0.98;0.39;0.15;0.2
0;50;50;100;50;19.42;4.5;12.76;2.1;2.13;0.173;58.2;12.28;6.33;3.54;0.6;2.07;6.37;158.8;115.6;26.3;4.1;12.7;0.92;0.82;0.17;0.22;2.49;2.48;0.169;41.8;14.61;7.54;4.23;0.71;2.43;6.4;114.2;82.9;13.6;4.9;12.8;1.41;0.58;0.2;0.29
0;50;50;100;100;19.36;5.04;14.26;2.43;2.38;0.185;56.2;12.82;6.77;3.57;0.62;2.14;7.09;158.7;115.5;24.7;4.3;14.2;0.93;1.04;0.18;0.24;3.11;3.11;0.176;43.8;17.6;9.08;5.09;0.86;2.9;7.16;123.4;83;20.3;5.8;14.3;1.7;0.85;0.23;0.33
0;50;100;0;0;15.43;3.15;9.41;2.18;2.16;0.166;45.7;12.92;6.55;3.79;0.67;2.07;4.68;153.4;122;17.9;4.1;9.4;1.23;0.51;0.17;0.25;1.15;1.16;0.173;54.3;6.64;3.36;1.96;0.36;1.08;4.73;182.3;157.4;13.3;2.2;9.5;0.4;0.54;0.09;0.12
0;50;100;0;50;14.89;3.44;9.7;2.3;2.32;0.177;45.3;13.1;6.86;3.65;0.62;2.2;4.89;154.2;124.5;15.5;4.4;9.8;1.27;0.62;0.19;0.25;1.46;1.46;0.19;54.7;7.68;3.98;2.25;0.36;1.25;4.81;186.3;154;20.1;2.5;9.6;0.41;0.82;0.1;0.14
0;50;100;0;100;14.6;3.57;10.28;2.42;2.47;0.184;45.8;13.39;6.93;3.74;0.69;2.19;5.17;155.5;126.8;14;4.4;10.3;1.31;0.73;0.17;0.25;1.9;1.84;0.209;54.2;8.82;4.74;2.46;0.42;1.38;5.12;184.2;150.9;20.3;2.8;10.2;0.42;1.16;0.11;0.16
0;50;100;50;0;17.25;3.68;10.93;2.4;2.37;0.169;51.2;13.98;7.05;4.18;0.66;2.25;5.43;156;117.8;22.8;4.5;10.9;1.21;0.71;0.19;0.26;1.48;1.51;0.172;48.8;8.75;4.48;2.56;0.44;1.43;5.5;148.6;122.2;12.6;2.9;11;0.72;0.51;0.11;0.16
0;50;100;50;50;17.29;4.2;12.06;2.55;2.55;0.179;50.1;14.23;7.29;4.06;0.72;2.29;6;157.1;118.9;21.6;4.6;12;1.2;0.9;0.19;0.27;2.14;2.14;0.183;49.9;11.67;6.05;3.27;0.6;1.91;6.06;156.7;121.1;19.7;3.8;12.1;0.96;0.81;0.16;0.21
0;50;100;50;100;16.91;4.59;13.23;2.82;2.76;0.192;50;14.31;7.52;4.01;0.68;2.27;6.66;157.1;119.9;19.3;4.5;13.3;1.21;1.1;0.18;0.27;2.78;2.78;0.192;50;14.46;7.6;4.07;0.72;2.32;6.57;157.2;120.1;19.3;4.6;13.1;1.23;1.1;0.19;0.27
0;50;100;100;0;19.16;4.26;12.25;2.6;2.58;0.17;58.8;15.15;7.73;4.41;0.77;2.49;6.22;159.8;114.2;28.2;5;12.4;1.17;0.9;0.22;0.29;1.83;1.82;0.172;41.2;10.54;5.42;3.07;0.51;1.77;6.03;111.7;83.8;12.2;3.5;12.1;0.98;0.49;0.14;0.19
0;50;100;100;50;19.52;4.9;14.11;2.86;2.83;0.181;56.8;15.59;7.98;4.51;0.76;2.51;7.23;160.1;113.4;27.3;5;14.5;1.14;1.18;0.22;0.3;2.65;2.65;0.18;43.2;14.72;7.55;4.25;0.68;2.39;6.89;121.5;84.4;18.5;4.8;13.8;1.42;0.75;0.22;0.26
0;50;100;100;100;19.18;5.39;15.69;3.19;3.14;0.197;56.3;15.9;8.3;4.49;0.82;2.5;7.92;159.8;114.2;24.7;5;15.8;1.17;1.45;0.21;0.3;3.37;3.38;0.187;43.7;18.03;9.4;5.14;0.9;2.89;7.77;123.9;83.9;18.7;5.8;15.5;1.74;1.06;0.25;0.34
0;100;0;0;0;17.44;2.65;7.7;1.5;1.52;0.161;36.8;9.39;4.63;2.79;0.48;1.54;3.91;105.7;83.5;11.3;3.1;7.8;0.97;0.23;0.13;0.18;0.97;1;0.148;63.2;6.65;3.31;1.97;0.35;1.11;3.8;181.8;153.1;18.9;2.2;7.6;0.39;0.39;0.1;0.13
0;100;0;0;50;17.22;2.95;8.6;1.58;1.61;0.165;37.4;9.69;4.88;2.9;0.49;1.58;4.27;107.2;85.3;10.2;3.2;8.5;1;0.28;0.13;0.19;1.32;1.31;0.158;62.6;8.23;4.22;2.37;0.43;1.37;4.33;179.9;149.4;19.1;2.7;8.7;0.4;0.63;0.12;0.16
0;100;0;0;100;17.2;3.29;9.3;1.64;1.69;0.17;36.8;9.92;5.05;2.9;0.51;1.65;4.61;109;87.3;9.1;3.3;9.2;1.01;0.34;0.15;0.19;1.65;1.66;0.169;63.2;9.78;4.97;2.81;0.48;1.63;4.7;187.5;145.4;29.4;3.3;9.4;0.39;0.95;0.13;0.19
0;100;0;50;0;19.3;3.02;9.05;1.59;1.57;0.159;42.4;9.85;4.97;2.98;0.49;1.64;4.53;108.8;81.6;14.9;3.3;9.1;0.94;0.3;0.14;0.19;1.38;1.36;0.155;57.6;8.71;4.3;2.68;0.44;1.39;4.51;147.8;117.6;18.4;2.8;9;0.68;0.38;0.12;0.18
0;100;0;50;50;19.13;3.58;10.67;1.67;1.67;0.163;42.7;10.17;5.06;3.01;0.53;1.64;5.33;110.4;83;13.4;3.3;10.7;0.98;0.37;0.13;0.19;1.99;1.95;0.162;57.3;11.98;6.01;3.59;0.6;1.94;5.34;148.4;115.5;18.4;3.9;10.7;0.94;0.61;0.16;0.24
0;100;0;50;100;19.27;4.21;12.23;1.79;1.82;0.172;41.3;10.54;5.33;3.15;0.51;1.7;6.1;112;84;12.4;3.4;12.2;0.97;0.5;0.15;0.2;2.56;2.55;0.169;58.7;15.04;7.7;4.35;0.73;2.51;6.13;159.4;114;28.2;5;12.3;1.16;0.91;0.21;0.28
0;100;0;100;0;20.95;3.47;10.19;1.64;1.66;0.157;49.9;10.48;5.25;3.12;0.52;1.78;5.01;111.5;79.8;18.1;3.6;10;0.94;0.37;0.15;0.2;1.58;1.64;0.157;50.1;10.35;5.17;3.06;0.53;1.69;5.18;111.8;80.2;17.9;3.4;10.4;0.93;0.36;0.14;0.2
0;100;0;100;50;21.38;4.24;12.37;1.79;1.76;0.162;49.6;10.8;5.45;3.2;0.58;1.75;6.23;113.4;80.4;17;3.5;12.5;0.92;0.5;0.14;0.21;2.35;2.43;0.164;50.4;14.82;7.53;4.21;0.79;2.49;6.13;115.1;79.6;18.2;5;12.3;1.35;0.6;0.21;0.27
0;100;0;100;100;21.29;5;14.32;1.97;2;0.173;47.7;11.53;6;3.32;0.54;1.95;7.23;115.4;81.3;15.7;3.9;14.5;0.93;0.68;0.16;0.22;3.08;3.11;0.169;52.3;18.35;9.4;5.3;0.95;3.04;7.08;126.6;78.7;27.6;6.1;14.2;1.61;0.89;0.24;0.36
0;100;50;0;0;17.64;3.43;9.9;2.18;2.18;0.164;37.8;13.28;6.7;3.92;0.67;2.23;4.94;110.1;84.4;11.4;4.5;9.9;1.43;0.31;0.19;0.25;1.1;1.15;0.158;62.2;7.23;3.65;2.09;0.39;1.21;4.96;181.5;151.2;18;2.4;9.9;0.38;0.53;0.09;0.15
0;100;50;0;50;17.26;3.78;10.78;2.36;2.33;0.169;37.1;13.73;7.06;3.99;0.67;2.27;5.36;111.4;86.3;9.8;4.5;10.7;1.48;0.4;0.18;0.26;1.51;1.55;0.175;62.9;8.82;4.56;2.53;0.46;1.51;5.42;188.6;147.5;27.3;3;10.8;0.39;0.86;0.13;0.16
0;100;50;0;100;17.61;3.93;11.39;2.43;2.44;0.175;38.1;13.92;7.16;4.05;0.66;2.29;5.79;114.1;88.9;9;4.6;11.6;1.49;0.5;0.19;0.27;1.92;1.96;0.188;61.9;10.39;5.32;2.94;0.54;1.64;5.6;185.7;142.2;29;3.3;11.2;0.38;1.25;0.14;0.19
0;100;50;50;0;19.3;3.97;11.38;2.23;2.29;0.162;43;14.08;7.03;4.16;0.73;2.35;5.63;112.4;82.1;14.4;4.7;11.3;1.41;0.42;0.2;0.27;1.53;1.57;0.162;57;9.63;4.81;2.89;0.52;1.62;5.75;148.9;116.9;17.3;3.2;11.5;0.71;0.52;0.14;0.19
0;100;50;50;50;19.29;4.46;12.81;2.48;2.47;0.169;41.9;14.57;7.39;4.31;0.69;2.42;6.41;114.3;83.1;13.5;4.8;12.8;1.43;0.57;0.19;0.28;2.12;2.14;0.173;58.1;12.36;6.34;3.56;0.63;2.04;6.4;158.4;115.3;26.2;4.1;12.8;0.92;0.82;0.17;0.24
0;100;50;50;100;19.39;4.93;14.24;2.62;2.64;0.179;43.1;14.7;7.57;4.21;0.76;2.34;7.08;121.2;84;18.4;4.7;14.2;1.42;0.75;0.2;0.27;2.76;2.78;0.181;56.9;15.36;7.97;4.46;0.76;2.59;7.16;160.1;113.9;26.7;5.2;14.3;1.15;1.13;0.21;0.29
0;100;50;100;0;21.31;4.39;12.31;2.44;2.46;0.164;50.5;14.98;7.58;4.39;0.73;2.57;6.17;115.4;79.8;18.1;5.1;12.3;1.36;0.6;0.21;0.29;1.78;1.79;0.163;49.5;10.95;5.52;3.17;0.53;1.82;6.15;113.2;80.2;17;3.6;12.3;0.92;0.51;0.16;0.2
0;100;50;100;50;21.5;5.11;14.73;2.6;2.69;0.172;49.9;15.55;7.97;4.38;0.83;2.59;7.29;125;79.7;25.6;5.2;14.6;1.37;0.81;0.22;0.29;2.61;2.67;0.172;50.1;15.46;7.91;4.52;0.79;2.53;7.44;125.6;80.3;25.3;5.1;14.9;1.37;0.8;0.21;0.29
0;100;50;100;100;21.41;5.67;16.21;2.92;2.89;0.182;49.7;15.83;8.3;4.34;0.79;2.63;8.11;125.8;80.6;23.7;5.3;16.2;1.37;1.01;0.22;0.28;3.37;3.34;0.178;50.3;18.66;9.63;5.31;0.94;3.04;8.1;127.3;79.4;25.7;6.1;16.2;1.63;1.12;0.25;0.34
0;100;100;0;0;17.68;3.96;11.49;2.66;2.72;0.168;39.2;16.18;8.24;4.74;0.83;2.66;5.71;117.9;84.3;16.8;5.3;11.4;1.71;0.47;0.23;0.31;1.38;1.38;0.175;60.8;7.89;4.1;2.18;0.44;1.3;5.78;182.6;151.4;17;2.6;11.6;0.4;0.72;0.12;0.15
0;100;100;0;50;17.24;4.22;12.19;2.98;2.95;0.175;38.9;16.81;8.68;4.82;0.87;2.77;6.15;119.5;86.5;15.1;5.5;12.3;1.78;0.61;0.24;0.32;1.74;1.76;0.193;61.1;9.12;4.72;2.58;0.47;1.45;6.04;187.7;146.9;25.8;2.9;12.1;0.39;1.09;0.12;0.16
0;100;100;0;100;17.11;4.48;12.77;3.06;3.11;0.181;39.5;17.13;8.9;4.8;0.81;2.82;6.42;120.6;89;13.2;5.6;12.8;1.83;0.7;0.25;0.32;2.29;2.29;0.214;60.5;10.68;5.69;2.92;0.55;1.66;6.36;184.7;142.1;26.6;3.3;12.7;0.38;1.57;0.14;0.2
0;100;100;50;0;19.52;4.53;12.79;2.99;2.94;0.169;45;17.31;8.87;5.05;0.84;2.86;6.41;122.5;81.7;22.4;5.7;12.8;1.68;0.7;0.24;0.32;1.76;1.71;0.173;55;9.86;5.14;2.8;0.48;1.67;6.38;149.8;117.5;16.2;3.3;12.8;0.7;0.7;0.14;0.18
0;100;100;50;50;19.41;4.97;14.36;3.12;3.11;0.177;43.6;17.52;8.93;5.08;0.9;2.86;7.12;123.2;82.6;20.7;5.7;14.2;1.67;0.87;0.24;0.32;2.31;2.38;0.185;56.4;12.82;6.61;3.67;0.65;2.11;7.25;159.7;116.1;24.8;4.2;14.5;0.92;1.05;0.17;0.24
0;100;100;50;100;19.12;5.3;15.49;3.4;3.35;0.187;43.6;17.84;9.3;5.08;0.85;2.84;7.68;123.4;83.7;18.6;5.7;15.4;1.72;1.06;0.24;0.33;3.14;3.11;0.197;56.4;15.8;8.28;4.53;0.74;2.46;7.81;159.7;114.4;24.8;4.9;15.6;1.17;1.44;0.21;0.3
0;100;100;100;0;21.28;4.85;14.07;3.07;3.1;0.169;52.4;18.26;9.26;5.26;0.9;2.96;7.02;126.4;78.9;27.6;5.9;14;1.61;0.89;0.25;0.34;2;1.97;0.172;47.6;11.4;5.88;3.28;0.53;1.89;7.05;114.8;81.1;15.8;3.8;14.1;0.93;0.67;0.15;0.22
0;100;100;100;50;21.35;5.6;16.14;3.34;3.33;0.179;50.3;18.62;9.67;5.24;0.92;3.09;8.1;127.3;79.2;25.7;6.2;16.2;1.62;1.1;0.26;0.35;2.89;2.88;0.182;49.7;15.8;8.17;4.53;0.78;2.51;8.04;125.5;80.8;23.6;5;16.1;1.37;0.99;0.21;0.3
0;100;100;100;100;21.29;6.1;17.45;3.65;3.65;0.191;50;19;9.89;5.34;0.91;3.06;8.74;127.5;79.9;24;6.1;17.5;1.63;1.41;0.25;0.35;3.63;3.63;0.191;50;18.91;9.91;5.36;0.88;3.04;8.7;127.5;80.1;23.9;6.1;17.4;1.64;1.4;0.25;0.35
1;0;0;0;0;13.52;1.78;5.18;0.89;0.89;0.158;51.4;5.6;2.8;1.63;0.3;0.92;2.55;184;164.4;12.7;1.8;5.1;0.44;0.26;0.08;0.11;0.78;0.78;0.147;48.6;5.21;2.59;1.54;0.26;0.86;2.63;173.8;155.6;11.2;1.7;5.3;0.37;0.23;0.07;0.11
1;0;0;0;50;13.23;1.93;5.59;0.97;0.97;0.164;51.7;5.82;3.02;1.63;0.28;0.98;2.8;185.3;165.8;11.9;2;5.6;0.46;0.32;0.09;0.11;0.86;0.9;0.151;48.3;5.85;2.9;1.79;0.28;0.94;2.8;173.1;154.2;11.4;1.9;5.6;0.37;0.32;0.08;0.12
1;0;0;0;100;12.91;2.1;6.01;1.01;1.03;0.173;51.1;5.91;3;1.69;0.3;0.99;3.01;186.4;167.5;10.8;2;6;0.45;0.39;0.09;0.11;1.11;1.08;0.159;48.9;6.73;3.43;1.95;0.32;1.1;3;178;152.6;17.2;2.2;6;0.39;0.48;0.09;0.12
1;0;0;50;0;15.54;2.31;6.56;0.96;0.95;0.154;57.3;6.08;3.07;1.76;0.33;1.04;3.34;186.4;161.7;16;2.1;6.7;0.44;0.32;0.08;0.12;1.12;1.15;0.152;42.7;7.49;3.71;2.18;0.41;1.28;3.22;138.7;118.7;11;2.6;6.4;0.67;0.23;0.11;0.14
1;0;0;50;50;15.42;2.78;7.82;1.04;1.06;0.162;56.8;6.48;3.29;1.9;0.35;1.1;3.87;186;160.7;15.3;2.2;7.7;0.42;0.43;0.09;0.12;1.49;1.51;0.155;43.2;9.66;4.89;2.85;0.46;1.68;3.95;141.3;119.3;10.7;3.4;7.9;0.87;0.32;0.13;0.19
1;0;0;50;100;15.34;3.25;9.2;1.27;1.22;0.177;55.6;6.84;3.53;1.97;0.34;1.06;4.71;186.7;161.2;14;2.1;9.4;0.43;0.57;0.09;0.13;2;2.01;0.161;44.4;12.46;6.43;3.6;0.61;2.18;4.5;149;119;16.6;4.4;9;1.13;0.47;0.18;0.23
1;0;0;100;0;17.43;2.62;7.71;1.05;1.05;0.152;64.7;6.83;3.33;2.06;0.34;1.11;3.86;187.6;158.2;19.4;2.2;7.7;0.43;0.4;0.09;0.13;1.39;1.4;0.154;35.3;9.06;4.46;2.73;0.44;1.51;3.86;102.3;80.7;10.9;3;7.7;0.88;0.22;0.12;0.18
1;0;0;100;50;17.57;3.31;10.01;1.16;1.21;0.161;63.5;7.47;3.63;2.27;0.41;1.16;4.96;186.2;155.2;18.7;2.3;9.9;0.42;0.54;0.09;0.15;1.96;2.04;0.158;36.5;12.91;6.42;3.9;0.7;2.14;5.05;107;82.1;10.6;4.3;10.1;1.31;0.29;0.19;0.25
1;0;0;100;100;17.67;4;11.39;1.4;1.44;0.177;61.8;8.09;4.12;2.31;0.44;1.33;5.79;186.4;154.4;17.8;2.7;11.6;0.41;0.76;0.11;0.16;2.5;2.55;0.161;38.2;15.8;7.97;4.62;0.8;2.67;5.6;115;82.5;15.9;5.3;11.2;1.58;0.45;0.22;0.29
1;0;50;0;0;13.1;1.96;5.61;1.03;1.03;0.159;51.1;6.4;3.24;1.84;0.33;1.09;2.81;183;162.1;13.1;2.2;5.6;0.44;0.37;0.09;0.12;0.85;0.81;0.155;48.9;5.16;2.65;1.52;0.24;0.87;2.8;174.8;157.7;9.8;1.7;5.6;0.38;0.27;0.07;0.1
1;0;50;0;50;12.74;2.11;5.95;1.13;1.13;0.172;51.3;6.54;3.33;1.88;0.32;1.07;2.89;183.7;163.9;11.9;2.1;5.8;0.44;0.48;0.09;0.12;1.01;1.01;0.164;48.7;6.09;3.13;1.74;0.3;1.04;3.06;174.3;156.1;10;2.1;6.1;0.38;0.41;0.09;0.13
1;0;50;0;100;12.37;2.19;6.38;1.28;1.27;0.186;50.8;6.76;3.5;1.88;0.35;1.1;3.16;184.4;165.1;10.7;2.2;6.3;0.45;0.6;0.09;0.12;1.2;1.22;0.178;49.2;6.78;3.46;1.98;0.35;1.09;3.22;178.7;154.9;15.2;2.2;6.4;0.39;0.61;0.09;0.13
1;0;50;50;0;15.05;2.43;7.19;1.18;1.17;0.157;56.5;7.38;3.66;2.21;0.39;1.2;3.6;183.2;157.4;16.2;2.4;7.2;0.44;0.48;0.1;0.15;1.2;1.18;0.157;43.5;7.44;3.74;2.2;0.35;1.23;3.59;140.9;121.7;9.6;2.5;7.2;0.68;0.26;0.1;0.14
1;0;50;50;50;15.07;2.8;8.42;1.36;1.33;0.171;56.3;7.7;3.87;2.26;0.38;1.18;4.24;184.1;157.9;15.3;2.4;8.5;0.44;0.64;0.1;0.15;1.7;1.64;0.163;43.7;10.02;5.13;2.9;0.5;1.62;4.18;142.7;121.3;9.8;3.2;8.4;0.9;0.41;0.14;0.19
1;0;50;50;100;15.17;3.43;9.67;1.63;1.59;0.194;55.9;8.16;4.29;2.28;0.39;1.3;4.88;191.2;157;21.9;2.6;9.8;0.43;0.89;0.11;0.15;2.21;2.17;0.17;44.1;12.68;6.57;3.58;0.63;2.13;4.79;150.5;122;14.7;4.3;9.6;1.16;0.59;0.18;0.24
1;0;50;100;0;17.41;2.99;8.48;1.41;1.37;0.16;64;8.46;4.31;2.5;0.43;1.41;4.25;184.9;153.5;20.1;2.8;8.5;0.43;0.66;0.12;0.16;1.53;1.47;0.158;36;9.22;4.63;2.73;0.47;1.57;4.23;104;82.9;9.5;3.1;8.5;0.91;0.26;0.12;0.18
1;0;50;100;50;17.67;3.67;10.63;1.67;1.66;0.178;64.1;9.29;4.82;2.65;0.49;1.54;5.36;193.7;150.5;29.5;3.1;10.7;0.42;0.93;0.13;0.18;2.16;2.11;0.162;35.9;12.99;6.53;3.87;0.62;2.13;5.27;108.3;84.3;9.2;4.3;10.5;1.32;0.38;0.16;0.24
1;0;50;100;100;17.56;4.13;12.23;1.84;1.89;0.196;62.3;9.62;5.03;2.72;0.5;1.51;6.15;192.4;149.5;27.6;3;12.3;0.4;1.17;0.13;0.18;2.69;2.71;0.168;37.7;16.07;8.15;4.77;0.8;2.61;6.08;116.3;84.7;14.1;5.2;12.2;1.62;0.56;0.22;0.3
1;0;100;0;0;12.92;2.07;6.03;1.32;1.26;0.167;51.6;7.47;3.88;2.15;0.35;1.23;3.01;188.2;159.8;19.9;2.5;6;0.45;0.55;0.11;0.14;0.87;0.87;0.162;48.4;5.29;2.67;1.53;0.27;0.84;3.02;176.6;159.8;9;1.7;6;0.36;0.33;0.08;0.1
1;0;100;0;50;12.47;2.25;6.49;1.5;1.46;0.187;51.7;7.74;4.03;2.21;0.41;1.21;3.25;188.4;161.3;18.2;2.4;6.5;0.46;0.74;0.11;0.15;1.07;1.12;0.177;48.3;6.22;3.19;1.82;0.3;1.04;3.24;176;158.4;9;2.1;6.5;0.39;0.51;0.09;0.13
1;0;100;0;100;11.87;2.44;6.67;1.55;1.59;0.203;51.3;7.78;4.14;2.1;0.4;1.29;3.34;188.7;163.1;16.3;2.6;6.7;0.47;0.86;0.12;0.14;1.32;1.35;0.193;48.7;6.94;3.72;1.91;0.36;1.15;3.33;179.1;156.8;13.4;2.3;6.7;0.4;0.71;0.1;0.13
1;0;100;50;0;15.02;2.78;7.75;1.57;1.52;0.172;57;8.79;4.42;2.59;0.44;1.45;3.9;189.7;153.9;25.1;2.9;7.8;0.44;0.79;0.12;0.17;1.25;1.26;0.163;43;7.66;3.91;2.19;0.38;1.34;3.85;143;124.1;8.5;2.7;7.7;0.69;0.31;0.11;0.15
1;0;100;50;50;14.81;3.13;8.87;1.74;1.71;0.189;56.8;9.04;4.74;2.55;0.42;1.44;4.53;189.8;154.2;23.6;2.9;9.1;0.44;0.97;0.12;0.17;1.74;1.71;0.17;43.2;9.97;5.19;2.79;0.51;1.68;4.34;144.5;123.9;8.5;3.4;8.7;0.91;0.47;0.15;0.18
1;0;100;50;100;14.83;3.51;10.24;1.99;1.98;0.212;55.4;9.27;4.96;2.58;0.44;1.43;5.07;188.4;153.1;22.4;2.9;10.1;0.43;1.26;0.12;0.17;2.26;2.28;0.177;44.6;12.82;6.49;3.74;0.59;2.08;5.18;151.9;124.7;12.6;4.2;10.4;1.19;0.67;0.17;0.24
1;0;100;100;0;17.49;3.23;9.53;1.78;1.78;0.172;64.3;10.36;5.34;2.95;0.51;1.7;4.75;192.2;147.8;31.5;3.4;9.5;0.43;1.01;0.14;0.2;1.53;1.54;0.162;35.7;9.47;4.77;2.81;0.5;1.52;4.77;106.5;85.6;8.3;3;9.5;0.93;0.31;0.12;0.18
1;0;100;100;50;17.44;3.9;11.37;2.09;2.07;0.191;63.1;10.85;5.63;3.08;0.57;1.67;5.67;189.7;144.8;30.2;3.3;11.3;0.42;1.3;0.16;0.2;2.25;2.23;0.167;36.9;13.29;6.84;3.79;0.68;2.24;5.7;110.8;87;8;4.5;11.4;1.38;0.43;0.19;0.24
1;0;100;100;100;17.46;4.46;12.85;2.47;2.44;0.216;61.7;11.24;6.05;3.06;0.52;1.76;6.42;189.7;144.7;28.6;3.5;12.8;0.41;1.68;0.14;0.2;2.91;2.87;0.173;38.3;16.5;8.53;4.75;0.83;2.7;6.42;117.7;87;12.5;5.4;12.8;1.66;0.67;0.23;0.32
1;50;0;0;0;15.29;2.28;6.54;1.33;1.31;0.164;45.6;7.96;4.06;2.25;0.41;1.32;3.23;147;125.2;12.6;2.6;6.5;0.79;0.26;0.11;0.15;0.88;0.85;0.146;54.4;5.72;2.9;1.71;0.28;0.96;3.3;175.5;153;14;1.9;6.6;0.38;0.29;0.08;0.1
1;50;0;0;50;15.09;2.42;7.26;1.39;1.41;0.17;46.2;8.28;4.12;2.51;0.41;1.3;3.67;149.1;127.8;11.4;2.6;7.3;0.83;0.31;0.1;0.17;1.02;1.01;0.15;53.8;6.66;3.3;1.98;0.33;1.12;3.59;173.7;149.8;14.5;2.2;7.2;0.36;0.42;0.09;0.13
1;50;0;0;100;14.84;2.73;7.8;1.43;1.45;0.174;45.5;8.28;4.25;2.4;0.42;1.37;3.93;150.4;129.6;10.3;2.7;7.9;0.8;0.38;0.11;0.16;1.36;1.35;0.166;54.5;8.08;4.13;2.39;0.38;1.36;3.88;180.3;147.6;22.3;2.7;7.8;0.38;0.7;0.11;0.15
1;50;0;50;0;17.49;2.75;7.85;1.33;1.39;0.162;51.5;8.54;4.29;2.52;0.4;1.41;3.93;150;123.2;16;2.8;7.9;0.78;0.32;0.12;0.17;1.2;1.19;0.151;48.5;7.81;3.91;2.27;0.38;1.34;3.92;141.5;116.7;14.2;2.7;7.8;0.63;0.29;0.11;0.15
1;50;0;50;50;17.4;3.2;9.66;1.5;1.53;0.168;51.3;9.08;4.62;2.66;0.45;1.46;4.83;151;123.5;14.9;2.9;9.7;0.8;0.43;0.13;0.17;1.62;1.67;0.154;48.7;10.76;5.35;3.26;0.53;1.74;4.83;143.5;116.4;14;3.5;9.7;0.89;0.42;0.15;0.21
1;50;0;50;100;17.18;3.81;10.83;1.71;1.64;0.178;50;9.21;4.77;2.63;0.47;1.51;5.4;152.3;125;13.4;3;10.8;0.79;0.55;0.13;0.17;2.23;2.23;0.164;50;13.56;6.94;3.92;0.64;2.31;5.43;152.1;115.1;21.6;4.6;10.9;1.11;0.68;0.18;0.26
1;50;0;100;0;19.3;3.04;9.01;1.47;1.45;0.159;58.9;9.09;4.61;2.64;0.43;1.48;4.47;151.7;120.4;19.4;3;8.9;0.75;0.4;0.12;0.18;1.53;1.47;0.153;41.1;9.54;4.78;2.81;0.51;1.56;4.54;105.7;79.5;14;3.1;9.1;0.87;0.28;0.13;0.18
1;50;0;100;50;19.5;3.86;11.18;1.59;1.63;0.166;58.4;9.78;5.02;2.8;0.5;1.64;5.67;152.9;119.7;18.6;3.3;11.3;0.75;0.55;0.14;0.19;2.08;2.09;0.156;41.6;13.4;6.72;3.97;0.67;2.22;5.5;109;80;13.6;4.4;11;1.26;0.4;0.17;0.26
1;50;0;100;100;19.51;4.41;13.02;1.85;1.83;0.178;56.3;10.26;5.22;3.04;0.51;1.63;6.55;153.6;120;17.3;3.3;13.1;0.75;0.74;0.14;0.2;2.72;2.75;0.163;43.7;16.79;8.43;5.05;0.83;2.78;6.47;119.4;79.8;21.1;5.6;12.9;1.54;0.66;0.23;0.32
1;50;50;0;0;15.44;2.72;7.73;1.73;1.75;0.167;46;10.4;5.31;3.01;0.48;1.75;3.87;149.4;125.5;12.7;3.5;7.7;1.06;0.35;0.14;0.2;0.98;0.92;0.155;54;5.91;2.99;1.75;0.29;0.97;3.87;175.7;152.7;13.4;1.9;7.7;0.36;0.38;0.08;0.11
1;50;50;0;50;14.94;3.09;8.45;1.9;1.91;0.175;46.4;10.84;5.63;3.08;0.53;1.81;4.29;151;127.7;11.2;3.6;8.6;1.08;0.46;0.16;0.2;1.16;1.18;0.165;53.6;7.1;3.71;1.99;0.35;1.27;4.16;174.5;150;13.6;2.5;8.3;0.37;0.58;0.11;0.13
1;50;50;0;100;15.02;3.02;9.01;2.12;2.03;0.183;45.9;11.01;5.74;3.11;0.54;1.72;4.53;152.7;129.5;10.7;3.4;9.1;1.08;0.59;0.15;0.21;1.52;1.5;0.182;54.1;8.18;4.23;2.37;0.4;1.3;4.48;180.3;147.7;21;2.6;9;0.36;0.87;0.1;0.16
1;50;50;50;0;17.34;3.29;9.35;1.89;1.89;0.166;51.5;11.39;5.9;3.25;0.53;1.92;4.74;151.5;122.2;16;3.8;9.5;1.05;0.46;0.17;0.22;1.27;1.27;0.156;48.5;8.07;4.14;2.31;0.41;1.37;4.61;142.7;117.7;13;2.7;9.2;0.66;0.36;0.1;0.15
1;50;50;50;50;17.31;3.79;10.77;2.01;2.05;0.174;51.4;11.73;5.99;3.42;0.59;1.95;5.54;152.8;122.9;14.9;3.9;11.1;1.03;0.63;0.16;0.23;1.79;1.78;0.163;48.6;10.87;5.57;3.08;0.53;1.85;5.24;144.3;117;13.1;3.7;10.5;0.88;0.55;0.14;0.2
1;50;50;50;100;16.98;4.09;11.96;2.35;2.25;0.188;51.2;11.92;6.17;3.37;0.58;1.86;5.93;159.8;123.8;20.4;3.7;11.9;1.05;0.82;0.16;0.21;2.44;2.4;0.173;48.8;13.8;7.06;3.95;0.7;2.23;6.03;152.5;116.2;19.7;4.5;12.1;1.11;0.83;0.19;0.26
1;50;50;100;0;19.33;3.75;10.63;2.07;2.08;0.167;58.6;12.4;6.3;3.63;0.66;2.06;5.29;152.4;118;19.6;4.1;10.6;0.99;0.65;0.19;0.24;1.5;1.56;0.158;41.4;9.85;4.95;2.89;0.47;1.68;5.34;107.7;81;12.6;3.4;10.7;0.89;0.36;0.14;0.18
1;50;50;100;50;19.36;4.52;12.85;2.29;2.31;0.178;59.3;12.91;6.74;3.66;0.6;2.14;6.46;162.6;117.7;27.7;4.3;12.9;1;0.87;0.19;0.25;2.26;2.32;0.163;40.7;14.19;7.14;4.21;0.73;2.38;6.39;111.4;81.2;12.6;4.8;12.8;1.31;0.53;0.2;0.28
1;50;50;100;100;19.44;4.93;14.16;2.58;2.55;0.19;57.6;13.38;7.04;3.78;0.64;2.16;7.17;162.8;117.7;26.4;4.3;14.3;1;1.11;0.19;0.25;2.89;2.88;0.17;42.4;16.88;8.6;4.92;0.84;2.77;6.99;119.6;81.2;18.9;5.5;14;1.55;0.78;0.24;0.31
1;50;100;0;0;15.36;3.21;9.35;2.35;2.32;0.172;47.2;13.44;6.82;3.9;0.7;2.17;4.7;157.8;125.2;18.9;4.3;9.4;1.36;0.53;0.18;0.26;1.09;1.08;0.168;52.8;6.33;3.18;1.87;0.32;1.04;4.66;176.7;153;12.3;2.1;9.3;0.37;0.51;0.09;0.12
1;50;100;0;50;14.95;3.5;9.89;2.51;2.51;0.183;46.6;13.7;7.11;3.9;0.65;2.27;4.91;158.4;127.2;16.8;4.5;9.8;1.38;0.69;0.18;0.25;1.34;1.4;0.186;53.4;7.48;3.92;2.12;0.36;1.23;4.98;181.8;150.6;18.8;2.5;10;0.38;0.78;0.1;0.14
1;50;100;0;100;14.42;3.52;10.3;2.74;2.67;0.191;47.1;13.98;7.3;3.99;0.68;2.18;5.27;159.6;129.2;15.5;4.4;10.5;1.4;0.82;0.18;0.27;1.64;1.73;0.205;52.9;8.41;4.44;2.31;0.45;1.33;5.03;179.6;148.1;18.7;2.7;10.1;0.38;1.07;0.12;0.16
1;50;100;50;0;17.3;3.74;10.92;2.53;2.5;0.174;52.6;14.34;7.31;4.17;0.7;2.31;5.54;160.7;120.7;24.2;4.6;11.1;1.29;0.76;0.18;0.27;1.4;1.43;0.167;47.4;8.53;4.3;2.52;0.43;1.44;5.38;144.7;119.1;11.9;2.9;10.8;0.67;0.49;0.12;0.16
1;50;100;50;50;17.14;4.23;12.02;2.76;2.73;0.184;51.5;14.74;7.73;4.15;0.7;2.42;6.02;161.1;121.9;22.3;4.8;12;1.31;0.93;0.2;0.28;2.04;1.98;0.177;48.5;11.16;5.79;3.14;0.56;1.81;6;151.8;118;18.2;3.6;12;0.88;0.75;0.15;0.2
1;50;100;50;100;16.91;4.59;13.27;2.88;2.94;0.198;51.2;14.82;7.87;4.08;0.68;2.37;6.71;161.1;122.4;20.6;4.7;13.4;1.31;1.15;0.21;0.28;2.59;2.6;0.186;48.8;13.94;7.1;4.02;0.69;2.22;6.56;153.2;117.5;18.1;4.4;13.1;1.13;1.03;0.19;0.25
1;50;100;100;0;19.46;4.22;12.29;2.81;2.75;0.174;59.9;15.8;8.13;4.48;0.83;2.53;6.18;163.5;115.7;30.4;5.1;12.4;1.26;0.98;0.21;0.31;1.65;1.67;0.165;40.1;10.04;5.15;2.92;0.51;1.68;6.11;109.3;82.5;11.3;3.4;12.2;0.89;0.46;0.13;0.19
1;50;100;100;50;19.45;4.99;14.27;3.01;2.97;0.186;58.1;15.93;8.36;4.51;0.71;2.63;7.26;163.9;115.9;28.2;5.3;14.5;1.24;1.21;0.22;0.3;2.48;2.49;0.173;41.9;14.37;7.29;4.23;0.73;2.36;7.01;118.3;82.3;17.3;4.7;14;1.32;0.71;0.2;0.27
1;50;100;100;100;19.37;5.51;15.57;3.37;3.36;0.203;57.3;16.53;8.84;4.61;0.77;2.67;7.77;162.8;114.8;27.1;5.3;15.5;1.22;1.6;0.23;0.31;3.08;3.1;0.18;42.7;17.17;8.83;4.95;0.85;2.84;7.8;121.3;83;17;5.7;15.6;1.58;0.96;0.24;0.32
1;100;0;0;0;17.19;2.7;7.69;1.67;1.64;0.167;38;9.82;4.97;2.85;0.5;1.59;3.94;108.6;85.3;12.3;3.2;7.9;1.06;0.26;0.13;0.19;0.93;0.94;0.145;62;6.35;3.15;1.89;0.31;1.11;3.75;177.3;149.8;17.7;2.2;7.5;0.37;0.35;0.1;0.12
1;100;0;0;50;17.26;3.04;8.63;1.72;1.73;0.172;38.8;10.06;5.17;2.94;0.53;1.69;4.32;110.7;87.7;11;3.4;8.6;1.1;0.3;0.14;0.19;1.24;1.23;0.155;61.2;7.87;3.98;2.33;0.4;1.35;4.31;174.9;145.2;18.4;2.7;8.6;0.36;0.6;0.11;0.16
1;100;0;0;100;17.02;3.24;9.37;1.82;1.82;0.176;38;10.35;5.32;2.98;0.52;1.64;4.67;111.9;89.5;9.8;3.3;9.3;1.12;0.36;0.14;0.2;1.59;1.58;0.167;62;9.42;4.88;2.73;0.44;1.6;4.71;182.4;141.8;27.9;3.2;9.4;0.36;0.9;0.13;0.18
1;100;0;50;0;19.36;3.12;9.05;1.69;1.7;0.165;43.7;10.29;5.18;3.07;0.49;1.66;4.5;111.9;83.8;15.8;3.3;9;1.04;0.32;0.14;0.2;1.28;1.3;0.15;56.3;8.58;4.35;2.53;0.39;1.46;4.54;144;114.5;17.5;2.9;9.1;0.64;0.36;0.12;0.17
1;100;0;50;50;19.34;3.69;10.68;1.8;1.83;0.17;44.1;10.73;5.52;3.12;0.52;1.81;5.41;114;85.3;14.3;3.6;10.8;1.07;0.39;0.15;0.21;1.81;1.8;0.156;55.9;11.47;5.79;3.34;0.58;1.88;5.27;144.6;112.4;17.9;3.8;10.5;0.83;0.6;0.15;0.22
1;100;0;50;100;19.33;4.32;12.31;2.01;1.97;0.178;42.7;11.06;5.71;3.25;0.56;1.76;6.23;115.4;86.3;13.1;3.5;12.5;1.07;0.53;0.15;0.22;2.42;2.45;0.164;57.3;14.88;7.61;4.27;0.71;2.55;6.08;155.3;111;27.1;5.1;12.2;1.08;0.88;0.21;0.28
1;100;0;100;0;21.19;3.47;10.14;1.84;1.78;0.163;51.3;10.89;5.52;3.15;0.58;1.81;5.05;114.8;82.1;19;3.6;10.1;1.01;0.4;0.16;0.21;1.56;1.56;0.152;48.7;10.22;5.05;3.11;0.55;1.67;5.09;108.8;77.9;17.4;3.3;10.2;0.85;0.36;0.14;0.22
1;100;0;100;50;21.17;4.29;12.27;1.93;1.92;0.168;51;11.35;5.83;3.3;0.52;1.91;6.11;116.3;82.5;17.8;3.8;12.2;1.03;0.51;0.16;0.21;2.32;2.27;0.158;49;14.36;7.24;4.2;0.72;2.38;6.17;111.8;77.5;17.2;4.8;12.3;1.23;0.57;0.19;0.28
1;100;0;100;100;21.25;4.97;14.01;2.15;2.13;0.178;49;11.93;6.19;3.41;0.55;1.99;7.04;117.9;83.2;16.6;4;14.1;1.03;0.7;0.17;0.22;2.81;2.9;0.164;51;17.66;8.94;5.14;0.9;2.98;6.96;122.8;76.8;26.1;6;13.9;1.47;0.84;0.25;0.34
1;100;50;0;0;17.54;3.58;9.89;2.3;2.37;0.171;39;13.87;7.11;3.99;0.65;2.33;4.92;113.1;86.4;12.2;4.7;9.8;1.56;0.34;0.2;0.27;1.05;1.1;0.154;61;7.04;3.56;2.05;0.31;1.26;4.97;177.2;147.7;17;2.5;9.9;0.36;0.51;0.1;0.14
1;100;50;0;50;17.68;3.76;10.79;2.5;2.51;0.176;38.6;14.24;7.35;4.11;0.72;2.35;5.44;115.3;88.6;11.1;4.7;10.9;1.59;0.45;0.2;0.26;1.47;1.48;0.172;61.4;8.56;4.32;2.5;0.45;1.41;5.35;183.5;143.6;26.4;2.8;10.7;0.36;0.84;0.12;0.16
1;100;50;0;100;17;3.88;11.37;2.61;2.65;0.182;39;14.51;7.48;4.15;0.73;2.33;5.75;116;90.4;9.5;4.7;11.5;1.63;0.53;0.21;0.27;1.8;1.79;0.185;61;9.68;5.01;2.77;0.44;1.55;5.62;181.2;140.2;26.6;3.1;11.2;0.36;1.13;0.13;0.18
1;100;50;50;0;19.11;3.92;11.21;2.54;2.48;0.169;44.2;14.65;7.49;4.2;0.73;2.38;5.6;114.9;83.7;15.2;4.8;11.2;1.54;0.45;0.21;0.28;1.46;1.42;0.156;55.8;9;4.64;2.58;0.45;1.54;5.61;145.2;114.6;16.3;3.1;11.2;0.65;0.47;0.12;0.17
1;100;50;50;50;19.53;4.51;12.69;2.65;2.62;0.175;43.2;14.95;7.69;4.28;0.73;2.45;6.38;117.2;85.2;14.3;4.9;12.8;1.54;0.61;0.2;0.27;2.08;2.05;0.169;56.8;12.08;6.26;3.43;0.65;2.06;6.31;154.5;112.5;25.3;4.1;12.6;0.84;0.8;0.18;0.23
1;100;50;50;100;19.34;4.89;14.22;2.95;2.87;0.186;44.6;15.39;8.05;4.3;0.75;2.47;7.21;125.2;85.9;20;4.9;14.4;1.54;0.81;0.21;0.3;2.62;2.63;0.176;55.4;14.94;7.73;4.32;0.76;2.42;7.01;155.7;111.6;25.2;4.8;14;1.06;1.09;0.2;0.28
1;100;50;100;0;21.15;4.33;12.51;2.56;2.59;0.169;51.8;15.28;7.75;4.47;0.72;2.46;6.32;118.4;82.1;18.8;4.9;12.6;1.48;0.62;0.2;0.29;1.61;1.7;0.158;48.2;10.75;5.36;3.22;0.53;1.87;6.2;110.1;77.9;16.1;3.7;12.4;0.86;0.48;0.16;0.21
1;100;50;100;50;21.52;5.05;14.61;2.88;2.85;0.178;51.4;15.98;8.23;4.6;0.78;2.64;7.33;128.9;81.8;27.2;5.3;14.7;1.47;0.85;0.23;0.3;2.5;2.47;0.166;48.6;14.79;7.53;4.26;0.78;2.41;7.29;121.8;78.1;24.2;4.8;14.6;1.23;0.76;0.19;0.29
1;100;50;100;100;21.23;5.61;16.22;3.16;3.12;0.188;51;16.61;8.76;4.62;0.82;2.69;8.09;129;82.1;25.3;5.4;16.2;1.5;1.07;0.23;0.32;3.1;3.11;0.173;49;17.95;9.18;5.27;0.83;2.92;8.13;123.9;77.8;24;5.8;16.3;1.48;1.04;0.24;0.35
1;100;100;0;0;17.44;4.02;11.52;2.95;2.93;0.174;40.7;16.82;8.66;4.74;0.87;2.77;5.75;121.7;86.6;18.1;5.5;11.5;1.88;0.51;0.24;0.31;1.21;1.28;0.171;59.3;7.46;3.75;2.23;0.37;1.25;5.78;177.2;147.3;15.9;2.5;11.6;0.35;0.68;0.11;0.14
1;100;100;0;50;17.39;4.16;12.15;3.16;3.14;0.182;40;17.23;8.93;4.88;0.85;2.77;6.04;122.4;88.2;16.6;5.5;12.1;1.9;0.68;0.24;0.32;1.64;1.66;0.19;60;8.72;4.51;2.52;0.43;1.39;6.11;183.8;144.3;24.5;2.8;12.2;0.34;1.05;0.12;0.16
1;100;100;0;100;17.06;4.29;12.72;3.31;3.29;0.187;40.6;17.53;8.97;5.05;0.93;2.73;6.34;123.5;90.3;15.1;5.5;12.7;1.96;0.78;0.22;0.33;2.12;2.1;0.21;59.4;9.95;5.32;2.74;0.45;1.56;6.38;181.1;140.5;24.7;3.1;12.8;0.35;1.45;0.12;0.18
1;100;100;50;0;19.4;4.51;12.82;3.14;3.11;0.176;46.2;17.68;9.17;5.06;0.92;2.92;6.42;125.8;83.6;23.4;5.8;12.8;1.8;0.72;0.25;0.33;1.6;1.61;0.169;53.8;9.51;4.89;2.74;0.49;1.58;6.4;146.2;114.7;15.5;3.2;12.8;0.63;0.67;0.13;0.18
1;100;100;50;50;19.39;4.97;14.32;3.31;3.33;0.183;44.8;18.14;9.39;5.13;0.88;2.94;7.17;126.2;84.3;21.6;5.9;14.3;1.83;0.92;0.24;0.33;2.27;2.25;0.18;55.2;12.44;6.45;3.56;0.61;2.04;7.15;155.5;113.8;23.4;4.1;14.3;0.86;0.99;0.17;0.23
1;100;100;50;100;19.07;5.38;15.4;3.59;3.59;0.193;45;18.51;9.63;5.17;0.91;2.88;7.79;127;85.7;20;5.8;15.6;1.87;1.12;0.25;0.34;2.92;2.92;0.191;55;15.2;7.94;4.28;0.74;2.5;7.61;155.3;111.8;23.3;5;15.2;1.07;1.36;0.22;0.28
1;100;100;100;0;21.39;4.91;14.07;3.32;3.27;0.175;53.7;18.68;9.7;5.31;0.93;3.03;7.08;129.9;80.8;28.9;6.1;14.2;1.74;0.92;0.26;0.35;1.85;1.88;0.167;46.3;11.17;5.68;3.29;0.52;1.88;6.99;111.9;79.1;15;3.8;14;0.86;0.64;0.16;0.21
1;100;100;100;50;21.42;5.62;16.18;3.55;3.57;0.184;51.5;19.31;9.93;5.54;0.95;3.09;8.15;130.4;80.5;27.4;6.2;16.3;1.75;1.19;0.27;0.36;2.58;2.69;0.176;48.5;15.24;7.74;4.36;0.78;2.53;8.03;122.7;79.3;22.3;5.1;16.1;1.26;0.94;0.21;0.28
1;100;100;100;100;21.12;6.15;17.48;3.94;3.88;0.197;51.3;19.59;10.44;5.37;0.89;3.17;8.79;130.6;81.3;25.4;6.3;17.6;1.77;1.48;0.27;0.36;3.34;3.4;0.185;48.7;18.33;9.43;5.26;0.94;2.98;8.69;124.2;78.6;22.2;6;17.4;1.51;1.32;0.24;0.34
2;0;0;0;0;13.58;1.78;5.2;0.93;0.92;0.156;52.9;5.77;2.86;1.74;0.29;0.96;2.64;189.1;168.2;13.7;1.9;5.3;0.44;0.28;0.09;0.11;0.74;0.74;0.146;47.1;4.95;2.5;1.47;0.25;0.82;2.56;168.5;151.5;10.2;1.6;5.1;0.37;0.21;0.07;0.1
2;0;0;0;50;13.24;1.94;5.56;1.04;1.01;0.164;53;6.07;3.1;1.76;0.27;1.01;2.78;189.7;169.3;12.8;2;5.6;0.46;0.35;0.08;0.12;0.83;0.84;0.15;47;5.49;2.73;1.64;0.29;0.93;2.78;168.2;150.6;10.3;1.9;5.6;0.36;0.29;0.08;0.11
2;0;0;0;100;12.96;2.08;6.07;1;1.07;0.172;52.5;6.17;3.11;1.83;0.3;1.02;3.07;191.3;171.5;11.7;2;6.1;0.45;0.43;0.09;0.11;1.07;1.05;0.16;47.5;6.49;3.26;1.93;0.34;1.06;3;172.8;148.7;16;2.1;6;0.39;0.45;0.09;0.12
2;0;0;50;0;15.62;2.24;6.46;0.99;0.98;0.154;58.7;6.31;3.14;1.85;0.32;1.07;3.32;191.3;165.4;17.1;2.1;6.6;0.44;0.34;0.09;0.12;1.08;1.07;0.152;41.3;6.99;3.48;2.08;0.35;1.17;3.14;134.4;115.6;10.3;2.3;6.3;0.64;0.21;0.09;0.13
2;0;0;50;50;15.5;2.75;7.76;1.17;1.14;0.163;58.1;6.96;3.56;1.97;0.34;1.17;3.96;190.3;163.7;16.3;2.3;7.9;0.44;0.47;0.11;0.13;1.4;1.44;0.156;41.9;9.17;4.62;2.75;0.44;1.58;3.8;137.4;116.7;10;3.2;7.6;0.86;0.28;0.13;0.17
2;0;0;50;100;15.22;3.09;9.11;1.28;1.27;0.177;56.9;7.14;3.68;2.06;0.34;1.17;4.58;190.5;164.2;14.8;2.3;9.2;0.43;0.61;0.1;0.13;1.9;1.93;0.16;43.1;12.02;5.98;3.54;0.61;1.92;4.53;144.3;116.4;15;3.8;9.1;1.12;0.42;0.15;0.24
2;0;0;100;0;17.45;2.65;7.71;1.1;1.1;0.152;66;7.16;3.56;2.14;0.38;1.23;3.84;191.9;161.2;20.6;2.5;7.7;0.42;0.43;0.1;0.14;1.31;1.33;0.154;34;8.54;4.28;2.52;0.47;1.42;3.87;99;78.8;9.7;2.8;7.7;0.85;0.2;0.11;0.17
2;0;0;100;50;17.86;3.36;9.77;1.28;1.28;0.161;64.7;7.88;3.98;2.33;0.38;1.27;4.94;190.6;158.2;20;2.5;9.9;0.42;0.6;0.11;0.15;1.9;1.94;0.157;35.3;12.28;6.18;3.59;0.61;2.09;4.83;103.6;80.1;9.7;4.2;9.7;1.27;0.27;0.17;0.22
2;0;0;100;100;17.45;3.91;11.22;1.47;1.5;0.178;63.3;8.43;4.37;2.41;0.43;1.42;5.66;190.4;157.4;18.8;2.8;11.3;0.42;0.81;0.12;0.16;2.46;2.42;0.161;36.7;15.03;7.59;4.42;0.78;2.49;5.55;110.4;80.4;13.9;5;11.1;1.54;0.39;0.21;0.29
2;0;50;0;0;13.25;1.97;5.69;1.13;1.09;0.159;52.5;6.8;3.49;1.97;0.34;1.13;2.85;188;166;14.1;2.3;5.7;0.47;0.4;0.09;0.13;0.8;0.78;0.155;47.5;4.98;2.52;1.47;0.24;0.84;2.85;170;153.5;9.1;1.7;5.7;0.37;0.25;0.07;0.09
2;0;50;0;50;12.83;2.08;5.96;1.3;1.24;0.173;52.5;7.13;3.67;2.06;0.34;1.14;2.99;187.9;166.6;13;2.3;6;0.47;0.53;0.1;0.14;0.94;0.92;0.162;47.5;5.55;2.87;1.63;0.26;0.94;2.97;169.8;153;9;1.9;5.9;0.37;0.36;0.08;0.11
2;0;50;0;100;12.39;2.21;6.3;1.4;1.33;0.187;52.3;7.11;3.79;1.99;0.32;1.12;3.23;189.5;169.2;11.6;2.2;6.5;0.47;0.63;0.1;0.14;1.2;1.17;0.178;47.7;6.54;3.39;1.89;0.32;1.09;3.07;173.1;150.7;14.1;2.2;6.1;0.39;0.57;0.09;0.12
2;0;50;50;0;15;2.48;7.06;1.24;1.22;0.158;58.1;7.68;3.92;2.22;0.38;1.3;3.61;188.5;161.5;17.1;2.6;7.2;0.45;0.5;0.12;0.15;1.13;1.12;0.157;41.9;7.07;3.55;2.06;0.35;1.19;3.45;136;118.1;8.6;2.4;6.9;0.67;0.23;0.09;0.12
2;0;50;50;50;15.38;2.98;8.52;1.4;1.41;0.172;57.5;8.15;4.19;2.43;0.4;1.36;4.34;188.7;160.6;16.7;2.7;8.7;0.43;0.71;0.11;0.16;1.54;1.56;0.163;42.5;9.51;4.92;2.78;0.45;1.62;4.18;139.2;118.7;8.8;3.2;8.4;0.87;0.37;0.14;0.17
2;0;50;50;100;15.12;3.28;9.7;1.62;1.66;0.194;57.4;8.5;4.39;2.44;0.38;1.36;4.96;196.3;160.5;23.1;2.7;9.9;0.43;0.94;0.12;0.16;2.1;2.06;0.169;42.6;12.13;6.15;3.54;0.61;1.92;4.74;145.6;118.8;13.5;3.8;9.5;1.14;0.54;0.16;0.23
2;0;50;100;0;17.77;2.98;8.54;1.41;1.44;0.161;65.1;8.9;4.51;2.63;0.42;1.47;4.28;189.2;156.2;21.5;2.9;8.6;0.43;0.71;0.13;0.16;1.39;1.41;0.158;34.9;8.89;4.48;2.57;0.45;1.5;4.26;101.2;81;8.7;3;8.5;0.88;0.24;0.12;0.16
2;0;50;100;50;17.47;3.61;10.39;1.67;1.66;0.178;65.4;9.32;4.75;2.72;0.47;1.51;5.31;198.1;154.2;30.3;3;10.6;0.41;0.94;0.13;0.18;2.02;2.04;0.162;34.6;12.53;6.22;3.74;0.6;2.1;5.08;104.7;81.8;8.5;4.2;10.2;1.29;0.34;0.17;0.23
2;0;50;100;100;17.71;4.17;11.99;2.01;2;0.196;63.7;10.14;5.4;2.85;0.47;1.63;6.02;196.7;151.8;29.6;3.3;12;0.41;1.25;0.14;0.19;2.54;2.58;0.168;36.3;15.36;7.78;4.49;0.79;2.53;5.97;112.2;82.9;12.3;5.1;11.9;1.58;0.5;0.22;0.29
2;0;100;0;0;12.9;2.11;6.14;1.36;1.31;0.167;52.9;7.78;3.93;2.28;0.41;1.29;3.08;192.9;162.9;21.3;2.6;6.2;0.46;0.59;0.11;0.15;0.8;0.82;0.161;47.1;5;2.46;1.54;0.25;0.82;3.06;171.9;156.2;7.9;1.6;6.1;0.38;0.28;0.07;0.1
2;0;100;0;50;12.59;2.22;6.56;1.55;1.52;0.188;52.9;8.07;4.28;2.26;0.37;1.27;3.29;192.7;163.9;19.7;2.5;6.6;0.47;0.79;0.11;0.15;1;1.03;0.175;47.1;5.81;2.99;1.69;0.31;0.94;3.27;171.9;155.4;8.1;1.9;6.5;0.39;0.46;0.07;0.11
2;0;100;0;100;12.06;2.33;6.65;1.67;1.66;0.204;52.6;8.12;4.27;2.29;0.4;1.31;3.38;193.2;166.1;17.7;2.6;6.8;0.47;0.93;0.11;0.15;1.3;1.26;0.192;47.4;6.52;3.47;1.8;0.3;1.02;3.27;174.4;153.4;12.4;2;6.5;0.39;0.66;0.09;0.12
2;0;100;50;0;15.21;2.83;7.88;1.59;1.61;0.172;58.4;9.31;4.76;2.66;0.44;1.59;4.04;195.2;157;27;3.2;8.1;0.45;0.85;0.14;0.17;1.24;1.2;0.162;41.6;7.3;3.78;2.07;0.33;1.25;3.84;139.1;121.1;7.8;2.5;7.7;0.67;0.28;0.1;0.14
2;0;100;50;50;15.17;3.11;9.07;1.77;1.82;0.189;57.8;9.59;4.99;2.72;0.48;1.54;4.63;193.9;156.2;25.4;3.1;9.3;0.45;1.06;0.13;0.18;1.61;1.64;0.169;42.2;9.63;4.86;2.83;0.47;1.58;4.45;141.5;121.7;7.8;3.2;8.9;0.91;0.43;0.13;0.17
2;0;100;50;100;14.93;3.52;10.29;2.16;2.12;0.213;56.6;9.94;5.42;2.71;0.45;1.56;5.22;192.8;155.3;23.9;3.1;10.4;0.44;1.36;0.13;0.19;2.17;2.17;0.176;43.4;12.3;6.31;3.57;0.63;1.96;5.07;147.9;122.2;11.6;3.9;10.1;1.17;0.61;0.15;0.23
2;0;100;100;0;17.41;3.37;9.37;1.95;1.84;0.172;65.6;10.67;5.58;2.96;0.53;1.79;4.78;196.7;151;32.6;3.6;9.6;0.43;1.05;0.15;0.21;1.48;1.49;0.162;34.4;9.14;4.66;2.64;0.48;1.58;4.59;103.1;83.2;7.5;3.2;9.2;0.92;0.28;0.14;0.16
2;0;100;100;50;17.69;3.89;11.48;2.19;2.16;0.191;64.5;11.32;5.87;3.31;0.53;1.75;5.88;195.3;148.5;31.5;3.5;11.8;0.42;1.37;0.16;0.21;2.14;2.17;0.167;35.5;12.92;6.56;3.77;0.68;2.14;5.61;107.2;84.4;7.3;4.3;11.2;1.33;0.41;0.18;0.24
2;0;100;100;100;17.48;4.34;12.74;2.58;2.56;0.217;62.9;11.8;6.4;3.22;0.51;1.78;6.53;192.8;146.2;30;3.6;13.1;0.41;1.77;0.16;0.23;2.67;2.68;0.172;37.1;15.54;7.96;4.55;0.76;2.55;6.21;113.5;85.4;10.6;5.1;12.4;1.62;0.57;0.2;0.28
2;50;0;0;0;15.34;2.28;6.65;1.37;1.4;0.164;47.2;8.46;4.25;2.49;0.44;1.39;3.4;151.7;128.7;13.4;2.8;6.8;0.84;0.27;0.12;0.16;0.81;0.78;0.145;52.8;5.24;2.61;1.58;0.28;0.89;3.25;169.9;148.5;13.2;1.8;6.5;0.35;0.26;0.07;0.1
2;50;0;0;50;15.14;2.49;7.16;1.46;1.45;0.169;47.6;8.53;4.37;2.44;0.44;1.39;3.68;153.4;131;12.3;2.8;7.4;0.83;0.34;0.12;0.17;1.01;0.98;0.15;52.4;6.48;3.29;1.94;0.33;1.09;3.48;168.7;145.8;13.8;2.2;7;0.35;0.42;0.1;0.13
2;50;0;0;100;14.96;2.68;7.84;1.58;1.56;0.175;47;8.9;4.59;2.56;0.45;1.42;4;155;132.8;11.4;2.8;8;0.85;0.42;0.13;0.17;1.2;1.27;0.165;53;7.6;3.8;2.2;0.42;1.26;3.84;174.7;143.7;20.8;2.5;7.7;0.36;0.66;0.11;0.14
2;50;0;50;0;17.47;2.77;7.92;1.45;1.45;0.162;52.9;8.91;4.55;2.58;0.44;1.49;3.97;154.1;126.4;16.8;3;7.9;0.8;0.34;0.13;0.18;1.15;1.18;0.151;47.1;7.71;3.81;2.33;0.38;1.27;3.95;137.4;113.5;13.5;2.5;7.9;0.63;0.28;0.11;0.15
2;50;0;50;50;17.32;3.17;9.2;1.56;1.51;0.167;52.7;9.01;4.57;2.63;0.43;1.48;4.73;154.8;126.6;15.7;3;9.5;0.78;0.43;0.12;0.17;1.54;1.55;0.154;47.3;10.02;5.04;2.99;0.49;1.69;4.47;138.8;113.3;13.3;3.4;8.9;0.84;0.4;0.13;0.18
2;50;0;50;100;17.36;3.75;10.94;1.77;1.73;0.178;51.4;9.69;4.96;2.84;0.47;1.53;5.62;156.3;127.4;14.6;3.1;11.2;0.8;0.6;0.13;0.19;2.09;2.15;0.163;48.6;13.12;6.68;3.87;0.68;2.22;5.32;147.9;112.6;20.2;4.4;10.6;1.08;0.65;0.18;0.24
2;50;0;100;0;19.23;3.11;8.97;1.48;1.52;0.159;60.5;9.51;4.77;2.8;0.46;1.59;4.54;156.1;123.5;20.3;3.2;9.1;0.77;0.42;0.13;0.19;1.4;1.39;0.153;39.5;9.01;4.52;2.67;0.45;1.53;4.42;102;77.2;13;3.1;8.8;0.83;0.26;0.12;0.17
2;50;0;100;50;19.42;3.84;11.17;1.62;1.66;0.166;59.6;9.96;5.09;2.84;0.54;1.68;5.61;156.3;122.4;19.3;3.4;11.2;0.76;0.56;0.14;0.19;1.98;2.02;0.156;40.4;12.94;6.4;3.93;0.66;2.16;5.57;106.1;77.8;12.8;4.3;11.1;1.24;0.37;0.17;0.24
2;50;0;100;100;19.39;4.45;12.77;1.93;1.93;0.178;57.8;10.79;5.54;3.13;0.52;1.72;6.49;157.3;122.6;18.3;3.4;13;0.78;0.79;0.16;0.2;2.58;2.61;0.163;42.2;15.93;8.12;4.63;0.81;2.73;6.28;114.9;77.7;19.2;5.5;12.6;1.48;0.6;0.22;0.3
2;50;50;0;0;15.18;2.79;7.93;1.8;1.84;0.168;47.5;10.93;5.61;3.16;0.54;1.86;4.01;154;128.7;13.5;3.7;8;1.1;0.37;0.16;0.21;0.88;0.88;0.154;52.5;5.61;2.84;1.69;0.27;0.93;3.92;170.4;148.5;12.2;1.9;7.8;0.35;0.35;0.08;0.11
2;50;50;0;50;15.03;3.02;8.54;2.05;1.97;0.175;47.5;11.23;5.87;3.22;0.54;1.86;4.32;154.4;130;12;3.7;8.6;1.09;0.5;0.16;0.22;1.11;1.12;0.164;52.5;6.72;3.42;1.98;0.36;1.16;4.22;170.5;146.9;12.8;2.3;8.4;0.36;0.54;0.09;0.13
2;50;50;0;100;14.5;3.07;8.99;2.09;2.08;0.183;47.1;11.34;5.84;3.3;0.56;1.79;4.45;155.8;132.4;10.9;3.6;8.9;1.11;0.6;0.15;0.22;1.49;1.42;0.182;52.9;7.75;4.12;2.15;0.37;1.29;4.54;174.9;144.2;19.1;2.6;9.1;0.36;0.81;0.1;0.15
2;50;50;50;0;17.55;3.3;9.34;1.89;1.95;0.165;52.7;11.79;5.99;3.41;0.56;1.99;4.63;155;124.7;17.1;4;9.3;1.05;0.5;0.16;0.23;1.24;1.23;0.157;47.3;7.75;3.89;2.28;0.36;1.3;4.71;139.2;115;12.2;2.6;9.4;0.64;0.34;0.11;0.14
2;50;50;50;50;17.22;3.76;10.8;2.15;2.14;0.174;52.5;12.22;6.34;3.49;0.59;1.98;5.39;155.8;125.4;15.7;4;10.8;1.06;0.67;0.17;0.24;1.73;1.73;0.164;47.5;10.52;5.33;3.11;0.54;1.78;5.41;141;114.4;12.3;3.6;10.8;0.86;0.52;0.15;0.21
2;50;50;50;100;17.25;4.18;12.06;2.37;2.38;0.189;52.4;12.55;6.5;3.53;0.65;1.98;6.11;164.2;125.6;22.4;4;12.2;1.05;0.91;0.18;0.24;2.29;2.29;0.173;47.6;13.23;6.81;3.8;0.65;2.21;5.95;148.9;114.2;18.5;4.4;11.9;1.09;0.76;0.18;0.25
2;50;50;100;0;19.46;3.77;10.57;2.17;2.16;0.167;60.2;12.88;6.59;3.71;0.64;2.2;5.36;157.1;121.4;20.6;4.4;10.7;1.04;0.68;0.2;0.25;1.48;1.47;0.158;39.8;9.31;4.68;2.79;0.46;1.56;5.21;103.9;78.4;11.9;3.1;10.4;0.84;0.33;0.12;0.18
2;50;50;100;50;19.46;4.31;12.61;2.42;2.38;0.178;60.8;13.31;6.89;3.84;0.65;2.13;6.39;167.1;120.7;29.4;4.3;12.8;1.03;0.9;0.2;0.25;2.13;2.18;0.163;39.2;13.32;6.61;4;0.68;2.18;6.23;107.5;78.9;11.8;4.4;12.5;1.25;0.5;0.18;0.24
2;50;50;100;100;19.34;4.89;14.21;2.6;2.62;0.19;58.9;13.74;7.16;3.95;0.65;2.16;7.14;166.6;120.4;27.6;4.3;14.3;1.01;1.16;0.18;0.26;2.8;2.79;0.17;41.1;16.36;8.27;4.83;0.83;2.73;7.07;116.1;79;17.4;5.5;14.1;1.52;0.74;0.22;0.32
2;50;100;0;0;15.19;3.26;9.47;2.4;2.43;0.173;48.5;14;7.11;4.08;0.76;2.28;4.82;162.1;127.7;20.2;4.6;9.6;1.38;0.56;0.2;0.28;1.01;1.01;0.167;51.5;5.93;3.08;1.68;0.29;0.98;4.65;172.2;149.7;11.3;2;9.3;0.37;0.45;0.08;0.11
2;50;100;0;50;14.94;3.5;9.82;2.64;2.59;0.183;47.8;14.09;7.33;4.08;0.7;2.32;4.89;162.2;129.3;18.4;4.6;9.8;1.39;0.74;0.2;0.27;1.26;1.3;0.185;52.2;6.98;3.67;1.93;0.35;1.18;4.93;177.2;147.8;17.2;2.4;9.9;0.37;0.7;0.1;0.13
2;50;100;0;100;14.4;3.53;10.15;2.88;2.74;0.192;48.3;14.29;7.57;3.96;0.71;2.29;5.26;163.4;131.8;16.5;4.6;10.5;1.41;0.87;0.2;0.27;1.61;1.61;0.203;51.7;7.89;4.18;2.17;0.38;1.23;4.88;174.7;144.9;17.6;2.5;9.8;0.38;0.99;0.1;0.14
2;50;100;50;0;17.18;3.65;10.87;2.65;2.63;0.174;54;15.02;7.68;4.24;0.76;2.37;5.51;164.6;123.3;25.5;4.7;11;1.33;0.8;0.2;0.29;1.33;1.34;0.166;46;7.99;4.03;2.34;0.4;1.29;5.35;140.3;116.2;10.8;2.6;10.7;0.63;0.45;0.11;0.16
2;50;100;50;50;17.19;4.27;12.12;2.88;2.84;0.185;52.6;15.35;8.03;4.37;0.74;2.47;6.15;164.6;123.3;24.1;4.9;12.3;1.32;1.01;0.21;0.3;1.84;1.86;0.176;47.4;10.55;5.5;2.97;0.55;1.8;5.97;148.2;116.2;16.4;3.6;11.9;0.86;0.67;0.14;0.19
2;50;100;50;100;16.85;4.64;13.42;3.21;3.11;0.199;52.4;15.64;8.39;4.3;0.76;2.5;6.75;164.6;124;22.1;5;13.5;1.35;1.26;0.22;0.29;2.44;2.47;0.184;47.6;13.37;6.89;3.88;0.64;2.14;6.67;149.7;115.6;16.4;4.3;13.3;1.11;0.93;0.18;0.25
2;50;100;100;0;19.33;4.26;12.26;2.93;2.82;0.174;61.3;16.14;8.4;4.63;0.8;2.67;6.21;167.8;118.9;31.1;5.3;12.4;1.29;0.99;0.23;0.31;1.62;1.61;0.165;38.7;9.73;4.91;2.85;0.49;1.59;6.05;105.7;79.9;10.6;3.2;12.1;0.88;0.43;0.13;0.18
2;50;100;100;50;19.57;5.02;14.24;3.27;3.12;0.186;59.3;16.75;8.87;4.72;0.81;2.7;7.29;167.5;117.5;30.1;5.4;14.6;1.27;1.3;0.24;0.32;2.35;2.36;0.172;40.7;13.68;7.02;4.02;0.63;2.32;6.95;115.1;80.7;15.8;4.6;13.9;1.28;0.64;0.19;0.24
2;50;100;100;100;19.26;5.25;15.54;3.54;3.46;0.203;58.7;17;9.01;4.77;0.81;2.6;7.97;166.4;117.1;28.2;5.2;15.9;1.26;1.66;0.22;0.31;2.93;2.92;0.178;41.3;16.33;8.45;4.66;0.75;2.66;7.57;116.9;81;15.5;5.3;15.1;1.55;0.87;0.2;0.29
2;100;0;0;0;17.47;2.69;7.85;1.7;1.73;0.167;39.6;10.29;5.21;3.07;0.54;1.66;4;112.5;87.8;13.4;3.3;8;1.1;0.27;0.15;0.2;0.91;0.88;0.145;60.4;6.02;2.99;1.75;0.29;1.03;3.85;171.8;145.2;16.9;2.1;7.7;0.34;0.35;0.08;0.12
2;100;0;0;50;17;2.98;8.6;1.78;1.79;0.171;40;10.45;5.33;3.02;0.52;1.71;4.34;113.5;89.5;11.8;3.4;8.7;1.12;0.33;0.14;0.21;1.13;1.17;0.155;60;7.49;3.74;2.21;0.38;1.27;4.26;170.3;142.2;17;2.5;8.5;0.36;0.56;0.1;0.15
2;100;0;0;100;17.19;3.25;9.4;1.91;1.88;0.175;39.6;10.7;5.51;3.09;0.51;1.74;4.81;115.8;92;10.8;3.5;9.6;1.15;0.38;0.14;0.21;1.5;1.5;0.166;60.4;9.01;4.53;2.64;0.44;1.51;4.59;176.8;137.9;26.7;3;9.2;0.36;0.86;0.12;0.16
2;100;0;50;0;19.03;3.14;8.97;1.83;1.79;0.166;45.2;10.73;5.5;3.12;0.53;1.83;4.45;115;86.3;16.2;3.7;8.9;1.1;0.32;0.16;0.21;1.29;1.22;0.15;54.8;8.09;4.01;2.44;0.42;1.32;4.52;139.2;111;16.5;2.6;9;0.6;0.34;0.12;0.17
2;100;0;50;50;19.11;3.67;10.7;1.9;1.9;0.169;45.4;11.17;5.72;3.2;0.57;1.82;5.47;116.9;87.2;15.1;3.6;10.9;1.09;0.44;0.15;0.22;1.71;1.74;0.157;54.6;11.01;5.51;3.29;0.56;1.85;5.22;140.8;109.8;16.8;3.7;10.4;0.81;0.56;0.16;0.21
2;100;0;50;100;19.06;4.22;12.17;2.1;2.08;0.178;43.9;11.66;6;3.32;0.56;1.86;6.16;118;87.8;14.2;3.7;12.3;1.11;0.59;0.16;0.22;2.29;2.3;0.164;56.1;13.97;7.12;4.09;0.65;2.37;6.01;150.6;109;24.9;4.7;12;1.04;0.81;0.19;0.25
2;100;0;100;0;20.91;3.56;10.01;1.9;1.86;0.163;53;11.35;5.77;3.33;0.54;1.9;5.1;118.2;84.5;19.7;3.8;10.2;1.05;0.41;0.18;0.22;1.48;1.47;0.152;47;9.63;4.85;2.81;0.5;1.67;4.91;104.9;75.4;16.3;3.3;9.8;0.81;0.34;0.14;0.19
2;100;0;100;50;21.06;4.24;12.35;2.05;2.01;0.168;52.4;11.9;6.12;3.44;0.59;1.95;6.25;119.3;84.2;18.7;3.9;12.5;1.05;0.55;0.17;0.23;2.21;2.19;0.158;47.6;13.85;7.01;4.09;0.68;2.3;6.09;108.5;75.7;16;4.6;12.2;1.21;0.53;0.19;0.26
2;100;0;100;100;21.42;4.79;13.98;2.25;2.22;0.178;50.3;12.44;6.43;3.54;0.64;2.06;7.04;120.6;84.4;18;4.1;14.1;1.05;0.76;0.17;0.24;2.68;2.74;0.163;49.7;16.74;8.39;4.92;0.9;2.73;6.94;119.3;75.5;24.4;5.5;13.9;1.43;0.77;0.22;0.32
2;100;50;0;0;17.53;3.46;10.05;2.44;2.47;0.171;40.6;14.46;7.3;4.2;0.75;2.38;5.17;117;88.9;13.1;4.8;10.3;1.62;0.36;0.21;0.29;1.05;1.04;0.155;59.4;6.67;3.33;1.96;0.34;1.08;4.88;171.3;143.3;16;2.2;9.8;0.35;0.47;0.09;0.13
2;100;50;0;50;17.27;3.81;10.9;2.57;2.62;0.176;39.8;14.85;7.64;4.27;0.75;2.46;5.48;117.9;90.4;11.7;4.9;11;1.65;0.49;0.21;0.28;1.37;1.39;0.171;60.2;8.09;4.15;2.39;0.37;1.35;5.42;178.5;140.7;24.3;2.7;10.8;0.36;0.77;0.11;0.15
2;100;50;0;100;17.02;3.96;11.54;2.82;2.79;0.182;40.3;15.29;7.98;4.36;0.74;2.48;5.83;119.3;91.9;10.7;5;11.7;1.68;0.6;0.22;0.29;1.64;1.7;0.184;59.7;9.2;4.73;2.68;0.46;1.48;5.72;177.1;138;24.7;3;11.4;0.35;1.06;0.11;0.17
2;100;50;50;0;19.44;3.95;11.4;2.53;2.54;0.168;46;15.07;7.71;4.31;0.74;2.48;5.86;119.5;86.6;16.2;5;11.7;1.57;0.48;0.21;0.29;1.37;1.38;0.156;54;8.8;4.44;2.59;0.46;1.48;5.55;140.4;110.6;15.7;3;11.1;0.62;0.47;0.12;0.17
2;100;50;50;50;19.3;4.61;12.84;2.75;2.78;0.176;44.7;15.79;8.1;4.56;0.8;2.65;6.64;120.8;87.2;15.1;5.3;13.3;1.6;0.64;0.22;0.32;1.93;1.91;0.168;55.3;11.34;5.84;3.24;0.58;1.96;6.2;149.5;109.8;23.4;3.9;12.4;0.82;0.74;0.15;0.2
2;100;50;50;100;19.2;4.95;14.44;3.03;3.01;0.186;46.1;16.14;8.27;4.67;0.81;2.54;7.39;129;88.1;21.1;5.1;14.8;1.61;0.86;0.22;0.32;2.49;2.55;0.175;53.9;14.53;7.39;4.26;0.7;2.41;7.04;151.1;108.6;23.6;4.8;14.1;1.06;1.03;0.19;0.27
2;100;50;100;0;21.47;4.4;12.58;2.77;2.74;0.169;53.1;16.18;8.24;4.71;0.85;2.66;6.43;121.7;83.4;20.2;5.3;12.9;1.51;0.69;0.22;0.33;1.54;1.59;0.157;46.9;10.07;5.07;2.89;0.5;1.74;6.15;107.5;76.4;15.3;3.5;12.3;0.82;0.45;0.14;0.18
2;100;50;100;50;21.53;5.04;14.57;3.01;2.96;0.178;52.7;16.58;8.55;4.79;0.81;2.66;7.27;131.7;83.4;28.5;5.3;14.5;1.51;0.9;0.24;0.32;2.42;2.4;0.166;47.3;14.38;7.37;4.12;0.74;2.38;7.3;118.5;76.4;22.7;4.8;14.6;1.22;0.72;0.2;0.26
2;100;50;100;100;21.47;5.63;15.98;3.23;3.22;0.188;52.6;17.08;8.92;4.89;0.85;2.81;8.07;133;84;27.2;5.6;16.1;1.53;1.13;0.25;0.32;3;2.97;0.173;47.4;17.16;8.79;4.94;0.89;2.82;7.91;120;75.8;22.8;5.6;15.8;1.43;0.97;0.24;0.32
2;100;100;0;0;17.31;4.01;11.51;3.26;3.06;0.174;42.3;17.55;9.13;5.03;0.85;2.83;5.97;125.8;88.7;19.6;5.7;11.9;1.92;0.54;0.25;0.34;1.18;1.19;0.17;57.7;6.92;3.6;1.96;0.35;1.19;5.55;172.1;143.7;14.9;2.4;11.1;0.34;0.63;0.1;0.12
2;100;100;0;50;17.23;4.24;12.39;3.27;3.3;0.182;41.4;18.06;9.3;5.2;0.91;2.84;6.3;126.3;89.9;18.1;5.7;12.6;1.97;0.74;0.24;0.35;1.52;1.55;0.189;58.6;8.18;4.33;2.35;0.36;1.4;6.09;179.1;141.5;22.6;2.8;12.2;0.35;0.95;0.11;0.15
2;100;100;0;100;16.97;4.37;12.73;3.48;3.44;0.188;41.8;18.22;9.46;5.18;0.87;2.88;6.48;126.7;92;15.9;5.8;13;2;0.86;0.25;0.33;1.98;2;0.209;58.2;9.51;5.09;2.61;0.46;1.49;6.25;176.7;137.8;23.5;3;12.5;0.35;1.35;0.12;0.17
2;100;100;50;0;19.42;4.54;12.98;3.3;3.22;0.175;47.6;18.34;9.46;5.28;0.93;2.99;6.59;129.3;85.4;24.7;6;13.2;1.86;0.76;0.25;0.35;1.55;1.54;0.168;52.4;9.14;4.69;2.63;0.48;1.55;6.39;142.5;112.1;14.5;3.1;12.8;0.64;0.61;0.12;0.17
2;100;100;50;50;19.2;5.07;14.33;3.51;3.52;0.184;46.3;19.1;10.01;5.38;0.9;3.16;7.32;130;85.9;23.1;6.3;14.6;1.88;0.98;0.28;0.38;2.11;2.13;0.18;53.7;11.79;6.06;3.42;0.59;1.91;7.01;151;111.5;21.7;3.8;14;0.83;0.91;0.16;0.22
2;100;100;50;100;19.17;5.35;15.62;3.8;3.7;0.194;46.3;19.06;10.01;5.44;0.89;2.97;8.02;130.5;87.6;21;5.9;16;1.9;1.18;0.25;0.37;2.83;2.81;0.191;53.7;14.68;7.7;4.2;0.66;2.38;7.59;151.3;109.3;22.1;4.8;15.2;1.06;1.3;0.19;0.27
2;100;100;100;0;21.35;4.98;14.27;3.45;3.42;0.175;55.1;19.5;9.93;5.71;0.99;3.16;7.27;133.6;82.5;30.2;6.3;14.5;1.8;0.97;0.27;0.38;1.74;1.77;0.167;44.9;10.55;5.33;3.11;0.55;1.82;7;108.7;77.2;13.9;3.6;14;0.84;0.59;0.15;0.19
2;100;100;100;50;21.52;5.59;16.25;3.7;3.67;0.185;52.9;19.87;10.33;5.6;0.95;3.18;8.3;133.9;82.1;28.9;6.4;16.6;1.77;1.25;0.27;0.38;2.56;2.6;0.175;47.1;14.78;7.57;4.28;0.76;2.41;7.95;119.3;77.6;21.1;4.8;15.9;1.24;0.89;0.2;0.27
2;100;100;100;100;21.18;5.99;17.48;3.97;3.96;0.198;52.7;19.99;10.46;5.59;1.01;3.11;8.95;134;83.4;26.5;6.2;17.9;1.78;1.54;0.27;0.37;3.29;3.3;0.185;47.3;17.79;9.19;5.17;0.84;2.88;8.54;120.5;76.4;21.3;5.8;17.1;1.48;1.25;0.25;0.32
3;0;0;0;0;13.64;1.73;5.16;0.99;0.99;0.16;54.4;6.07;3.04;1.81;0.31;0.94;2.63;194.5;172.6;14.7;1.9;5.3;0.49;0.3;0.08;0.12;0.68;0.65;0.14;45.6;4.52;2.21;1.35;0.24;0.79;2.52;162.9;146.9;9.4;1.6;5;0.32;0.19;0.06;0.08
3;0;0;0;50;13.13;1.95;5.49;1.05;1.07;0.169;54.4;6.28;3.19;1.85;0.31;1.06;2.79;194.4;173.3;13.4;2.1;5.6;0.49;0.36;0.09;0.12;0.76;0.77;0.145;45.6;5.16;2.57;1.52;0.27;0.89;2.71;163;146.3;9.5;1.8;5.4;0.34;0.26;0.07;0.1
3;0;0;0;100;12.91;2.08;5.93;1.17;1.16;0.177;53.9;6.52;3.41;1.87;0.29;1.07;3.05;195.7;174.8;12.7;2.1;6.1;0.48;0.46;0.1;0.13;0.92;0.95;0.155;46.1;6.02;3;1.82;0.28;1.02;2.88;167.4;145.1;14.4;2;5.8;0.35;0.4;0.09;0.11
3;0;0;50;0;15.52;2.28;6.39;1.05;1.07;0.159;60;6.7;3.33;2.03;0.31;1.09;3.26;195.5;168.9;17.9;2.2;6.5;0.48;0.36;0.09;0.14;1.03;0.99;0.147;40;6.67;3.4;1.94;0.31;1.2;3.13;130.2;112.4;9.2;2.4;6.3;0.59;0.18;0.1;0.12
3;0;0;50;50;15.56;2.74;7.88;1.2;1.21;0.167;59.6;7.21;3.66;2.12;0.38;1.21;4.08;195.7;168;17.1;2.4;8.2;0.48;0.48;0.11;0.15;1.25;1.35;0.149;40.4;8.98;4.39;2.72;0.45;1.53;3.8;132.8;113;9.2;3.1;7.6;0.8;0.26;0.12;0.17
3;0;0;50;100;15.28;3.1;9.05;1.42;1.37;0.181;58.2;7.53;3.86;2.16;0.36;1.17;4.62;195.2;167.7;15.9;2.3;9.2;0.47;0.65;0.1;0.14;1.83;1.78;0.154;41.8;11.53;5.8;3.25;0.62;1.93;4.43;139.8;113.2;13.9;3.9;8.9;1.02;0.4;0.16;0.22
3;0;0;100;0;17.74;2.68;7.74;1.21;1.2;0.156;67.3;7.61;3.87;2.29;0.37;1.28;3.96;197.7;165.5;21.7;2.6;7.9;0.47;0.46;0.11;0.15;1.21;1.23;0.148;32.7;8.25;4.1;2.46;0.4;1.4;3.79;95.9;76.5;9;2.8;7.6;0.77;0.18;0.11;0.16
3;0;0;100;50;17.8;3.3;9.45;1.34;1.34;0.165;66.2;8.09;4.05;2.37;0.41;1.33;4.79;195.6;162.3;21.1;2.7;9.6;0.45;0.61;0.13;0.15;1.85;1.76;0.15;33.8;11.65;5.91;3.42;0.58;1.97;4.66;99.9;77.8;8.8;3.9;9.3;1.14;0.24;0.16;0.22
3;0;0;100;100;17.85;3.92;11.14;1.62;1.61;0.181;64.4;8.9;4.61;2.53;0.43;1.49;5.65;194.9;160.6;20;3;11.3;0.45;0.87;0.13;0.16;2.22;2.24;0.154;35.6;14.5;7.24;4.31;0.77;2.42;5.49;107.5;78.5;13.1;4.8;11;1.39;0.38;0.2;0.27
3;0;50;0;0;13.23;1.92;5.61;1.17;1.15;0.163;54;7;3.57;2.04;0.33;1.15;2.91;192.9;170.2;14.6;2.3;5.8;0.5;0.41;0.1;0.14;0.69;0.7;0.147;46;4.61;2.27;1.38;0.25;0.77;2.7;164.3;148.9;8.5;1.5;5.4;0.33;0.23;0.06;0.08
3;0;50;0;50;13.05;2.15;6.11;1.3;1.32;0.177;54;7.41;3.8;2.11;0.4;1.21;3.13;193.4;170.9;13.8;2.4;6.3;0.51;0.55;0.1;0.15;0.85;0.87;0.158;46;5.42;2.76;1.58;0.28;0.94;2.98;164.6;148.3;8.5;1.9;6;0.34;0.35;0.08;0.1
3;0;50;0;100;12.39;2.25;6.42;1.47;1.49;0.191;53.5;7.73;4.07;2.21;0.37;1.27;3.31;193.6;171.9;12.5;2.5;6.6;0.51;0.71;0.11;0.15;1.08;1.06;0.172;46.5;6.1;3.09;1.79;0.31;0.98;3.11;168.4;147.5;12.7;2;6.2;0.36;0.52;0.08;0.11
3;0;50;50;0;15.35;2.47;7.13;1.25;1.3;0.16;59.4;8.08;4.08;2.38;0.41;1.36;3.65;193.2;164.7;18.5;2.7;7.3;0.48;0.54;0.12;0.17;1;1.02;0.151;40.6;6.73;3.29;2.06;0.32;1.11;3.49;132.1;115;7.9;2.2;7;0.6;0.21;0.09;0.13
3;0;50;50;50;15.32;2.94;8.46;1.44;1.49;0.175;58.8;8.48;4.38;2.42;0.41;1.43;4.32;192.7;163.8;17.4;2.9;8.6;0.47;0.75;0.11;0.16;1.39;1.44;0.156;41.2;9.14;4.54;2.69;0.47;1.51;4.14;134.9;115.6;8;3;8.3;0.81;0.32;0.13;0.17
3;0;50;50;100;15.08;3.32;9.6;1.88;1.77;0.198;58.5;8.94;4.79;2.46;0.42;1.41;4.9;199.8;162.4;24.8;2.8;9.8;0.46;1.01;0.13;0.17;1.9;1.89;0.162;41.5;11.59;5.92;3.35;0.59;1.91;4.7;141.6;116.4;11.9;3.8;9.4;1.04;0.48;0.16;0.22
3;0;50;100;0;17.53;2.91;8.38;1.51;1.48;0.163;66.7;9.02;4.56;2.62;0.46;1.45;4.38;194.6;161;22;2.9;8.8;0.48;0.71;0.12;0.18;1.33;1.27;0.151;33.3;8.37;4.24;2.5;0.41;1.45;4.01;97.2;78.3;8;2.9;8;0.79;0.22;0.12;0.15
3;0;50;100;50;17.77;3.66;10.58;1.86;1.8;0.18;66.5;9.96;5.17;2.83;0.47;1.59;5.54;203.2;157;32;3.2;11.1;0.46;1.01;0.14;0.2;1.88;1.89;0.155;33.5;12.2;6.12;3.58;0.66;2.07;5.04;102.1;80;7.8;4.1;10.1;1.19;0.32;0.16;0.23
3;0;50;100;100;17.86;4.14;12.12;2.01;2.11;0.199;65;10.61;5.52;3.03;0.52;1.73;6.24;202.2;155.3;31;3.5;12.5;0.46;1.3;0.15;0.2;2.35;2.34;0.159;35;14.6;7.31;4.33;0.77;2.41;5.88;108.7;80.7;11.4;4.8;11.8;1.43;0.46;0.18;0.27
3;0;100;0;0;13.17;2.21;6.26;1.42;1.44;0.171;54.3;8.38;4.31;2.45;0.38;1.4;3.24;198.5;166.3;23;2.8;6.5;0.49;0.66;0.12;0.16;0.77;0.77;0.157;45.7;4.82;2.45;1.39;0.24;0.81;3.02;167.1;152.1;7.3;1.6;6;0.34;0.27;0.07;0.09
3;0;100;0;50;12.58;2.25;6.49;1.63;1.64;0.192;54.3;8.56;4.49;2.37;0.42;1.35;3.35;198;167.5;21.1;2.7;6.7;0.5;0.86;0.11;0.16;0.9;0.93;0.17;45.7;5.37;2.72;1.54;0.29;0.9;3.15;166.4;151.1;7.2;1.8;6.3;0.34;0.41;0.07;0.1
3;0;100;0;100;12.15;2.32;6.79;1.8;1.79;0.208;53.7;8.62;4.66;2.35;0.41;1.38;3.42;197;168.3;19.1;2.8;6.8;0.51;1;0.13;0.16;1.12;1.13;0.185;46.3;6.05;3.14;1.72;0.32;0.95;3.38;170.2;150.4;11.1;1.9;6.8;0.36;0.58;0.08;0.11
3;0;100;50;0;15.28;2.78;7.71;1.73;1.69;0.175;59.7;9.64;5.05;2.74;0.43;1.59;3.91;199.5;160;28.5;3.2;7.8;0.48;0.89;0.14;0.18;1.03;1.06;0.155;40.3;6.73;3.42;1.94;0.35;1.19;3.8;134.7;117.9;6.8;2.4;7.6;0.59;0.25;0.1;0.12
3;0;100;50;50;15.26;3.19;9.05;1.91;1.93;0.193;59.1;10.01;5.25;2.82;0.5;1.62;4.61;198.7;159.5;26.8;3.2;9.2;0.47;1.12;0.14;0.2;1.52;1.52;0.163;40.9;9.3;4.75;2.68;0.47;1.57;4.44;137.5;118.2;7.2;3.1;8.9;0.82;0.4;0.12;0.18
3;0;100;50;100;15.01;3.63;10.25;2.26;2.22;0.216;57.9;10.23;5.57;2.78;0.46;1.64;5.24;197.4;158.3;25.3;3.3;10.5;0.47;1.42;0.13;0.19;1.97;1.98;0.168;42.1;11.72;6.05;3.42;0.59;2;5.01;143.4;119;10.4;4;10;1.06;0.55;0.15;0.22
3;0;100;100;0;17.55;3.32;9.43;1.9;1.94;0.174;66.7;11.13;5.65;3.21;0.55;1.86;4.78;201.1;153.4;34.5;3.7;9.6;0.45;1.11;0.16;0.22;1.39;1.35;0.154;33.3;8.66;4.38;2.54;0.45;1.46;4.65;100.4;81.5;6.7;2.9;9.3;0.83;0.24;0.11;0.16
3;0;100;100;50;17.93;3.95;11.46;2.23;2.24;0.193;65.5;11.6;6.02;3.34;0.54;1.87;5.79;199.3;150.9;33.1;3.7;11.6;0.44;1.43;0.16;0.21;2.02;2.02;0.16;34.5;12.59;6.27;3.77;0.64;2.08;5.67;104.7;82.5;6.7;4.2;11.3;1.23;0.39;0.16;0.23
3;0;100;100;100;17.76;4.42;12.71;2.65;2.71;0.22;64.1;12.32;6.67;3.37;0.59;1.93;6.57;197.3;148.3;32;3.9;13.1;0.44;1.88;0.17;0.22;2.48;2.44;0.164;35.9;14.88;7.53;4.33;0.76;2.5;6.14;110.5;83.6;9.6;5;12.3;1.48;0.5;0.19;0.27
3;50;0;0;0;15.56;2.32;6.65;1.45;1.47;0.169;48.7;8.65;4.43;2.47;0.44;1.44;3.45;156.4;132.3;14.4;2.9;6.9;0.87;0.3;0.13;0.17;0.74;0.74;0.14;51.3;5.1;2.55;1.54;0.24;0.88;3.2;164.8;143.9;12.8;1.8;6.4;0.31;0.26;0.07;0.1
3;50;0;0;50;15.09;2.48;7.15;1.53;1.53;0.174;48.9;8.72;4.46;2.53;0.43;1.39;3.67;156.9;133.8;13;2.8;7.3;0.88;0.36;0.11;0.18;0.86;0.91;0.146;51.1;6.13;3.04;1.84;0.32;1.09;3.47;164.3;142.2;12.9;2.2;6.9;0.33;0.38;0.09;0.11
3;50;0;0;100;14.91;2.75;7.75;1.68;1.66;0.18;48.5;9.17;4.75;2.63;0.48;1.46;4.04;159.3;136.3;12;2.9;8.1;0.91;0.44;0.13;0.18;1.23;1.19;0.162;51.5;7.29;3.78;2.09;0.38;1.29;3.72;169.1;139.4;19.6;2.6;7.4;0.33;0.62;0.1;0.14
3;50;0;50;0;17.41;2.74;7.89;1.54;1.53;0.167;54.5;9.12;4.69;2.65;0.45;1.51;4.04;158.5;129.8;17.6;3;8.1;0.86;0.36;0.14;0.18;1.01;1.06;0.145;45.5;7.21;3.48;2.2;0.39;1.23;3.86;132.5;109.9;12.4;2.5;7.7;0.57;0.26;0.1;0.14
3;50;0;50;50;17.25;3.2;9.31;1.66;1.65;0.173;54.2;9.49;4.91;2.73;0.43;1.56;4.86;159.2;130;16.3;3.1;9.7;0.88;0.45;0.13;0.18;1.44;1.46;0.148;45.8;9.75;4.79;3.01;0.49;1.64;4.45;134.3;109.7;12.4;3.3;8.9;0.78;0.36;0.13;0.18
3;50;0;50;100;17.31;3.77;10.8;1.81;1.84;0.183;52.8;10.04;5.2;2.85;0.49;1.65;5.58;160.3;130.2;15.6;3.3;11.2;0.86;0.64;0.14;0.2;1.94;1.97;0.158;47.2;12.41;6.3;3.63;0.67;2.12;5.21;143.1;109.6;18.9;4.2;10.4;0.97;0.59;0.17;0.23
3;50;0;100;0;19.13;3.08;8.79;1.69;1.63;0.165;61.9;9.84;5.04;2.85;0.5;1.61;4.52;160.2;127.1;20.9;3.2;9;0.86;0.43;0.14;0.2;1.3;1.27;0.147;38.1;8.61;4.31;2.51;0.43;1.47;4.26;98.4;74.9;12.1;2.9;8.5;0.75;0.24;0.12;0.16
3;50;0;100;50;19.42;3.76;10.98;1.8;1.8;0.17;61.1;10.55;5.4;3.04;0.54;1.72;5.64;160.6;125.4;20.5;3.4;11.3;0.83;0.61;0.16;0.21;1.86;1.86;0.15;38.9;12.34;6.16;3.66;0.63;2.04;5.34;102.4;75.8;11.8;4.1;10.7;1.1;0.35;0.16;0.25
3;50;0;100;100;19.37;4.42;12.56;2.05;2.05;0.182;59;11.22;5.82;3.17;0.53;1.8;6.42;160.5;124.6;19.4;3.6;12.8;0.84;0.82;0.16;0.23;2.32;2.39;0.156;41;15.24;7.65;4.52;0.76;2.62;6.14;111.3;76.2;17.5;5.2;12.3;1.36;0.54;0.22;0.27
3;50;50;0;0;15.39;2.79;8.03;2.08;1.98;0.173;48.9;11.39;5.91;3.27;0.56;1.86;4.17;158.4;132;14.3;3.7;8.3;1.19;0.4;0.16;0.23;0.79;0.83;0.149;51.1;5.47;2.69;1.66;0.29;0.92;3.86;165.4;144.1;11.7;1.8;7.7;0.32;0.34;0.07;0.1
3;50;50;0;50;15.21;3.04;8.61;2.16;2.13;0.181;49;11.77;6.11;3.35;0.58;1.91;4.42;159.1;133.1;13.3;3.8;8.8;1.2;0.54;0.16;0.23;0.98;1.05;0.161;51;6.44;3.2;1.89;0.34;1.14;4.19;165.4;142.9;11.8;2.3;8.4;0.33;0.51;0.1;0.11
3;50;50;0;100;14.63;3.02;9.07;2.32;2.3;0.189;48.4;12.1;6.28;3.48;0.55;1.84;4.65;159.7;134.6;12.1;3.7;9.3;1.22;0.68;0.17;0.22;1.31;1.3;0.177;51.6;7.32;3.77;2.11;0.36;1.18;4.43;170.1;141.3;17.6;2.4;8.9;0.34;0.74;0.09;0.13
3;50;50;50;0;17.46;3.23;9.38;2.19;2.09;0.17;54.3;12.23;6.33;3.51;0.62;2.02;4.78;159.5;128;17.9;4;9.6;1.15;0.52;0.18;0.23;1.1;1.14;0.15;45.7;7.48;3.71;2.24;0.38;1.22;4.61;134.2;111.4;11.2;2.4;9.2;0.58;0.32;0.09;0.14
3;50;50;50;50;17.31;3.69;10.8;2.37;2.28;0.18;54;12.65;6.63;3.65;0.6;2.01;5.54;160.2;128.3;16.9;4;11.1;1.14;0.71;0.18;0.25;1.56;1.59;0.158;46;9.98;4.99;2.95;0.53;1.68;5.26;136.4;111.1;11.4;3.4;10.5;0.77;0.49;0.14;0.19
3;50;50;50;100;17.32;4.24;12.11;2.69;2.56;0.194;53.9;13.19;6.95;3.77;0.6;2.03;6.27;168.7;128.3;23.8;4.1;12.5;1.15;0.97;0.18;0.26;2.09;2.11;0.167;46.1;12.58;6.5;3.6;0.62;2.21;5.84;144.4;111.2;17.1;4.4;11.7;0.99;0.72;0.18;0.22
3;50;50;100;0;19.4;3.62;10.58;2.35;2.24;0.171;61.4;13.08;6.83;3.66;0.66;2.1;5.46;160.7;124.1;21.5;4.2;10.9;1.11;0.7;0.18;0.26;1.42;1.37;0.152;38.6;8.95;4.51;2.69;0.44;1.52;5.13;100.8;76.5;10.9;3;10.3;0.78;0.29;0.13;0.17
3;50;50;100;50;19.62;4.28;12.56;2.56;2.52;0.182;62;13.79;7.11;3.93;0.64;2.14;6.41;171.1;122.5;31.5;4.3;12.8;1.09;0.98;0.18;0.26;1.96;2;0.156;38;12.72;6.33;3.76;0.65;2.13;6.15;104.7;77.4;10.7;4.3;12.3;1.13;0.46;0.17;0.24
3;50;50;100;100;19.44;4.87;14.07;2.9;2.83;0.195;60.1;14.44;7.66;3.96;0.67;2.31;7.12;170;121.3;29.9;4.6;14.2;1.09;1.27;0.21;0.27;2.49;2.53;0.163;39.9;15.51;7.9;4.49;0.77;2.56;6.94;112.9;78.1;15.8;5.1;13.9;1.38;0.66;0.2;0.29
3;50;100;0;0;15.3;3.31;9.42;2.56;2.59;0.178;49.8;14.52;7.53;4.16;0.67;2.4;4.81;166.5;130.2;21.8;4.8;9.6;1.48;0.62;0.21;0.28;0.96;0.92;0.163;50.2;5.52;2.83;1.61;0.3;0.9;4.61;167.6;146.1;10.5;1.8;9.2;0.31;0.43;0.08;0.1
3;50;100;0;50;14.94;3.46;9.92;2.85;2.82;0.189;49.2;14.87;7.82;4.21;0.74;2.47;5.02;166.8;131.6;20.2;4.9;10;1.51;0.82;0.21;0.28;1.18;1.17;0.18;50.8;6.43;3.29;1.89;0.32;0.99;4.9;172;144.7;15.6;2;9.8;0.33;0.64;0.08;0.12
3;50;100;0;100;14.56;3.62;10.13;3.05;3;0.199;49.3;15.08;8;4.16;0.71;2.4;5.16;166.6;133.1;18.4;4.8;10.3;1.52;0.98;0.23;0.28;1.43;1.46;0.199;50.7;7.32;3.84;2.04;0.34;1.22;4.97;171.3;143;16;2.4;9.9;0.35;0.89;0.1;0.12
3;50;100;50;0;17.36;3.88;10.85;2.83;2.83;0.18;55.4;15.68;8.18;4.39;0.77;2.6;5.51;169.2;125.7;27.3;5.2;11;1.44;0.86;0.23;0.3;1.22;1.24;0.161;44.6;7.67;3.83;2.28;0.38;1.28;5.33;136.4;113.3;9.9;2.6;10.7;0.59;0.4;0.11;0.15
3;50;100;50;50;17.08;4.25;12.22;3.09;3.02;0.19;54.1;15.87;8.36;4.45;0.73;2.5;6.28;169;126;25.5;5;12.6;1.42;1.06;0.22;0.32;1.74;1.76;0.17;45.9;10.35;5.31;3.01;0.47;1.75;5.94;143.6;113;15.2;3.5;11.9;0.81;0.62;0.14;0.2
3;50;100;50;100;17.08;4.67;13.16;3.34;3.3;0.205;53.6;16.1;8.51;4.48;0.76;2.56;6.74;168.3;125.7;24.1;5.1;13.5;1.42;1.36;0.23;0.3;2.27;2.26;0.177;46.4;12.69;6.57;3.6;0.64;2.1;6.42;145.5;113.3;15.2;4.2;12.8;1.01;0.85;0.17;0.23
3;50;100;100;0;19.55;4.29;12.34;3.02;3;0.179;62.6;16.75;8.63;4.86;0.85;2.7;6.37;172.5;121.4;33;5.4;12.7;1.38;1.06;0.24;0.32;1.48;1.48;0.159;37.4;9.26;4.63;2.73;0.47;1.59;5.97;102.9;78;9.8;3.2;11.9;0.79;0.4;0.13;0.16
3;50;100;100;50;19.69;4.94;14.14;3.34;3.29;0.191;60.5;17.22;9.05;4.86;0.83;2.73;7.29;171.4;119.9;31.4;5.5;14.6;1.35;1.37;0.24;0.33;2.19;2.19;0.165;39.5;13.2;6.72;3.88;0.63;2.21;6.85;111.9;78.8;14.9;4.4;13.7;1.16;0.61;0.18;0.24
3;50;100;100;100;19.69;5.36;15.71;3.76;3.72;0.208;59.7;17.84;9.53;4.92;0.83;2.73;8.06;170.3;118.5;30.2;5.5;16.1;1.37;1.77;0.24;0.33;2.64;2.74;0.172;40.3;15.89;8;4.76;0.82;2.62;7.66;114.7;79.6;14.6;5.2;15.3;1.42;0.82;0.21;0.28
3;100;0;0;0;17.4;2.83;7.84;1.9;1.88;0.174;40.9;10.78;5.66;3.06;0.53;1.81;3.99;115.5;89.8;14.2;3.6;8;1.2;0.29;0.17;0.21;0.84;0.85;0.142;59.1;5.92;2.88;1.76;0.32;1.01;3.85;166.8;141;16;2;7.7;0.31;0.34;0.09;0.11
3;100;0;0;50;17.02;3;8.75;1.98;1.97;0.178;41.3;11.07;5.7;3.19;0.59;1.8;4.45;116.6;91.4;12.7;3.6;8.9;1.23;0.36;0.16;0.22;1.12;1.11;0.151;58.7;7.29;3.65;2.12;0.38;1.2;4.3;165.6;138.4;16.2;2.4;8.6;0.33;0.54;0.1;0.14
3;100;0;0;100;17.07;3.28;9.42;2.02;2.01;0.182;40.9;11.03;5.71;3.14;0.55;1.79;4.85;118.8;94;11.5;3.6;9.7;1.24;0.41;0.15;0.21;1.42;1.43;0.163;59.1;8.69;4.41;2.58;0.43;1.49;4.57;171.8;134;25.7;3;9.1;0.32;0.83;0.12;0.15
3;100;0;50;0;19.33;3.11;9.09;1.89;1.89;0.17;46.6;11.07;5.66;3.24;0.56;1.83;4.59;118.1;87.8;17.4;3.7;9.2;1.16;0.36;0.16;0.21;1.14;1.12;0.144;53.4;7.72;3.79;2.37;0.37;1.29;4.5;135.4;108.1;15.7;2.6;9;0.55;0.32;0.1;0.15
3;100;0;50;50;19.24;3.65;10.63;2.08;2.04;0.176;46.9;11.6;5.92;3.34;0.61;1.82;5.48;120.2;89.3;16.3;3.6;11;1.21;0.44;0.16;0.23;1.64;1.63;0.152;53.1;10.63;5.37;3.12;0.58;1.82;5.15;136.1;106.3;15.8;3.6;10.3;0.74;0.53;0.15;0.21
3;100;0;50;100;19.02;4.28;12.17;2.16;2.21;0.184;45.3;12.01;6.24;3.4;0.56;2.02;6.27;121;89.5;14.9;4;12.5;1.2;0.61;0.18;0.23;2.26;2.16;0.159;54.7;13.55;6.96;3.99;0.66;2.27;5.9;146.3;106.1;23.9;4.5;11.8;0.97;0.76;0.19;0.25
3;100;0;100;0;20.98;3.45;10.08;1.92;1.97;0.169;54.3;11.64;5.95;3.33;0.62;1.91;5.11;121;86.6;20.4;3.8;10.2;1.16;0.42;0.17;0.22;1.41;1.36;0.146;45.7;9.28;4.62;2.74;0.47;1.54;4.97;101.8;73.2;15.5;3.1;9.9;0.74;0.32;0.13;0.18
3;100;0;100;50;21.25;4.21;12.18;2.19;2.13;0.173;53.8;12.26;6.39;3.44;0.62;2.01;6.25;122.5;86.3;19.7;4;12.5;1.14;0.58;0.18;0.23;1.98;2;0.151;46.2;13.15;6.55;3.89;0.66;2.2;5.93;105.2;73.5;15.5;4.4;11.9;1.07;0.51;0.17;0.25
3;100;0;100;100;21.3;4.71;13.9;2.4;2.38;0.183;51.7;13.01;6.68;3.83;0.62;2.04;7.09;123.3;86.2;18.8;4.1;14.2;1.15;0.81;0.18;0.25;2.53;2.56;0.158;48.3;16.19;8.1;4.79;0.81;2.66;6.81;115.4;73.6;22.9;5.3;13.6;1.3;0.73;0.22;0.3
3;100;50;0;0;17.65;3.56;9.95;2.67;2.61;0.176;41.6;14.77;7.61;4.2;0.72;2.45;5;119.2;90.3;14;4.9;10;1.73;0.39;0.21;0.28;0.95;0.97;0.15;58.4;6.39;3.14;1.95;0.33;1.11;4.95;167.4;140.2;15.2;2.2;9.9;0.31;0.46;0.09;0.12
3;100;50;0;50;17.02;3.74;10.81;2.87;2.84;0.183;41.1;15.51;8.04;4.43;0.76;2.47;5.54;120.8;92.1;12.7;4.9;11.1;1.8;0.51;0.22;0.31;1.2;1.28;0.168;58.9;7.54;3.83;2.2;0.38;1.27;5.26;173;137.2;22.7;2.5;10.5;0.32;0.72;0.1;0.14
3;100;50;0;100;17.19;4;11.46;3;2.98;0.189;41.5;15.76;8.23;4.4;0.78;2.53;5.79;122;93.8;11.6;5.1;11.6;1.82;0.64;0.22;0.3;1.67;1.63;0.182;58.5;8.93;4.67;2.59;0.41;1.48;5.68;172.3;134.4;23.6;3;11.4;0.32;1.02;0.12;0.17
3;100;50;50;0;19.62;3.93;11.42;2.79;2.75;0.174;47.4;15.74;8.11;4.55;0.78;2.57;5.87;122.6;88.2;17.5;5.1;11.7;1.7;0.51;0.23;0.31;1.18;1.25;0.151;52.6;8.19;4.06;2.44;0.41;1.36;5.55;136.3;107.7;14.9;2.7;11.1;0.54;0.44;0.1;0.16
3;100;50;50;50;19.42;4.46;13.07;2.99;2.97;0.181;45.9;16.38;8.45;4.69;0.84;2.65;6.69;123.6;88.8;16.1;5.3;13.4;1.73;0.7;0.23;0.32;1.75;1.81;0.163;54.1;11.07;5.53;3.35;0.58;1.8;6.38;145.6;106.9;22.3;3.6;12.8;0.74;0.71;0.14;0.22
3;100;50;50;100;19.04;4.89;14.34;3.23;3.21;0.192;47.1;16.68;8.72;4.74;0.81;2.56;7.29;131.3;89;22.6;5.1;14.6;1.74;0.93;0.23;0.32;2.35;2.35;0.17;52.9;13.78;7.08;3.95;0.74;2.33;7.06;147.3;106.7;21.9;4.7;14.1;0.96;0.95;0.19;0.25
3;100;50;100;0;21.37;4.37;12.42;2.92;2.91;0.175;54.4;16.55;8.51;4.76;0.8;2.71;6.36;124.4;85.3;20.9;5.4;12.7;1.64;0.69;0.25;0.32;1.44;1.48;0.152;45.6;9.73;4.78;2.93;0.54;1.66;6.06;104.1;74.3;14.4;3.3;12.1;0.74;0.42;0.14;0.18
3;100;50;100;50;21.29;5.08;14.68;3.21;3.15;0.183;54.2;17.16;8.88;4.88;0.92;2.71;7.6;135.6;85.2;29.8;5.4;15.2;1.64;0.94;0.24;0.33;2.24;2.22;0.16;45.8;13.81;7;4.03;0.72;2.38;7.08;114.5;74.4;21.3;4.8;14.2;1.1;0.67;0.19;0.26
3;100;50;100;100;21.33;5.66;16.18;3.39;3.43;0.193;53.9;17.69;9.24;4.93;0.96;2.84;8.3;136.3;85.9;28.1;5.7;16.6;1.66;1.18;0.26;0.33;2.65;2.79;0.166;46.1;16.7;8.47;4.8;0.87;2.82;7.88;116.6;73.8;21.4;5.6;15.8;1.32;0.93;0.22;0.32
3;100;100;0;0;17.52;4.15;11.84;3.29;3.27;0.18;43.5;18.13;9.44;5.25;0.86;2.99;6.09;129.4;90.3;20.9;6;12.2;2.08;0.58;0.26;0.35;1.13;1.15;0.167;56.5;6.84;3.51;2.02;0.31;1.16;5.75;167.9;140.1;14;2.3;11.5;0.32;0.61;0.1;0.12
3;100;100;0;50;17.1;4.34;12.17;3.51;3.5;0.189;42.7;18.52;9.6;5.28;0.9;2.98;6.24;129.2;91.7;19.1;6;12.5;2.11;0.77;0.26;0.36;1.47;1.47;0.185;57.3;7.89;4.13;2.18;0.4;1.36;5.93;173.7;137.9;21.2;2.7;11.9;0.32;0.91;0.11;0.13
3;100;100;0;100;16.81;4.43;12.74;3.69;3.7;0.195;42.9;18.89;9.95;5.32;0.91;3.02;6.46;129.5;93.1;17.5;6;12.9;2.14;0.93;0.26;0.36;1.85;1.85;0.206;57.1;8.93;4.73;2.48;0.43;1.41;6.29;172.5;135.6;21.5;2.8;12.6;0.32;1.26;0.11;0.15
3;100;100;50;0;19.36;4.51;13.04;3.49;3.46;0.181;48.9;19.09;9.92;5.43;0.93;3.04;6.58;132.5;86.8;26.5;6.1;13.2;2;0.83;0.27;0.36;1.4;1.42;0.163;51.1;8.66;4.39;2.49;0.43;1.48;6.46;138.6;109.4;13.3;3;12.9;0.56;0.57;0.12;0.17
3;100;100;50;50;19.2;4.95;14.22;3.79;3.71;0.19;47.5;19.55;10.16;5.58;0.93;3.17;7.2;132.8;87.1;25;6.3;14.4;2.03;1.04;0.28;0.36;1.91;1.94;0.174;52.5;11.1;5.55;3.3;0.55;1.78;7.02;146.7;109.1;20;3.6;14;0.76;0.84;0.15;0.2
3;100;100;50;100;19.2;5.46;15.48;4.08;3.99;0.201;47.5;19.81;10.69;5.42;0.88;3.18;8;133.6;88.1;23.1;6.4;16;2.03;1.3;0.28;0.38;2.5;2.61;0.185;52.5;14.05;7.21;4.11;0.7;2.28;7.49;147.7;107.7;20.4;4.6;15;0.96;1.2;0.19;0.26
3;100;100;100;0;21.27;5.04;14.13;3.69;3.67;0.181;56.4;20.29;10.59;5.66;1;3.29;7.31;136.9;83.8;31.9;6.6;14.6;1.94;1.04;0.3;0.39;1.59;1.62;0.161;43.6;10.02;5.14;2.92;0.46;1.75;6.82;105.6;75.6;12.9;3.5;13.6;0.76;0.55;0.13;0.18
3;100;100;100;50;21.54;5.59;16.37;4.03;3.97;0.19;54.3;20.86;10.92;5.89;1.04;3.31;8.43;137.2;83;30.7;6.6;16.9;1.94;1.34;0.29;0.4;2.3;2.37;0.169;45.7;14.01;7.11;4.09;0.7;2.28;7.95;115.6;76.2;19;4.6;15.9;1.13;0.8;0.19;0.25
3;100;100;100;100;21.6;5.98;17.73;4.34;4.33;0.204;53.9;21.23;11.32;5.96;1.01;3.3;9.13;137.8;83.6;29.4;6.6;18.3;1.93;1.71;0.27;0.42;2.97;3;0.178;46.1;16.77;8.51;4.95;0.8;2.69;8.6;118;75.7;19.7;5.4;17.2;1.32;1.16;0.21;0.31
4;0;0;0;0;13.55;1.88;5.01;1.03;1.05;0.166;55.8;6.29;3.21;1.79;0.3;1.07;2.6;199.2;176.4;15.4;2.1;5.2;0.51;0.31;0.1;0.13;0.64;0.62;0.139;44.2;4.25;2.19;1.21;0.21;0.81;2.41;157.6;142.6;8.6;1.6;4.8;0.31;0.18;0.06;0.07
4;0;0;0;50;13;1.93;5.45;1.11;1.14;0.173;55.9;6.53;3.36;1.92;0.32;1.07;2.82;199.4;177.1;14.4;2.1;5.6;0.52;0.39;0.1;0.13;0.72;0.72;0.145;44.1;4.83;2.39;1.48;0.26;0.85;2.63;157.5;142.1;8.5;1.7;5.3;0.33;0.23;0.07;0.09
4;0;0;0;100;12.88;2.08;6.01;1.26;1.27;0.181;55.4;6.99;3.62;2.02;0.36;1.13;3.19;200.7;178.6;13.5;2.3;6.4;0.53;0.5;0.1;0.14;0.86;0.88;0.154;44.6;5.6;2.79;1.67;0.29;0.95;2.82;161.5;140.9;13;1.9;5.6;0.34;0.36;0.08;0.1
4;0;0;50;0;15.68;2.09;6.38;1.2;1.15;0.162;61.5;7.01;3.53;2.07;0.35;1.09;3.33;200.9;173.1;19;2.2;6.7;0.51;0.39;0.1;0.15;0.93;0.92;0.146;38.5;6.24;3.09;1.88;0.33;1;3.05;125.6;109;8.6;2;6.1;0.55;0.17;0.08;0.12
4;0;0;50;50;15.47;2.73;7.82;1.29;1.29;0.17;60.9;7.5;3.96;2.13;0.38;1.26;4.09;200.3;171.6;17.9;2.5;8.2;0.51;0.51;0.11;0.16;1.24;1.29;0.149;39.1;8.59;4.18;2.63;0.43;1.48;3.72;128.5;109.8;8.3;3;7.4;0.78;0.23;0.12;0.15
4;0;0;50;100;15.47;3.08;9;1.48;1.45;0.184;59.8;7.84;4.05;2.26;0.39;1.26;4.73;200.4;171.1;17.2;2.5;9.5;0.51;0.69;0.1;0.15;1.62;1.66;0.153;40.2;10.76;5.38;3.2;0.54;1.82;4.27;134.6;110.1;12.4;3.6;8.5;0.98;0.34;0.14;0.2
4;0;0;100;0;17.82;2.6;7.39;1.23;1.22;0.16;68.7;7.62;3.89;2.24;0.35;1.29;3.85;202.7;169.9;22.5;2.6;7.7;0.49;0.46;0.12;0.15;1.13;1.15;0.148;31.3;7.72;3.8;2.34;0.4;1.31;3.54;92.1;73.9;8.5;2.6;7.1;0.73;0.17;0.11;0.15
4;0;0;100;50;18.03;3.36;9.6;1.51;1.46;0.168;67.3;8.66;4.44;2.45;0.46;1.41;4.95;200.1;165.3;22.1;2.8;9.9;0.49;0.67;0.13;0.17;1.69;1.7;0.15;32.7;11.27;5.7;3.31;0.56;1.95;4.65;97;75.7;8.1;3.9;9.3;1.11;0.23;0.15;0.21
4;0;0;100;100;17.75;3.87;11.15;1.75;1.69;0.183;65.6;9.2;4.8;2.63;0.47;1.49;5.72;198.6;163.2;20.9;3;11.4;0.49;0.9;0.13;0.18;2.1;2.13;0.153;34.4;13.85;6.97;4.14;0.7;2.38;5.43;103.8;76.5;11.6;4.8;10.9;1.36;0.32;0.19;0.26
4;0;50;0;0;13.24;1.87;5.56;1.25;1.22;0.167;55.4;7.28;3.7;2.13;0.33;1.16;2.89;197.5;173.8;15.6;2.3;5.8;0.54;0.43;0.1;0.15;0.66;0.65;0.147;44.6;4.31;2.14;1.24;0.24;0.71;2.67;159;144.7;7.6;1.4;5.3;0.32;0.2;0.05;0.08
4;0;50;0;50;12.98;2.11;6.15;1.39;1.39;0.18;55.2;7.73;4.02;2.23;0.39;1.28;3.15;197.3;173.7;14.8;2.6;6.3;0.52;0.61;0.11;0.16;0.8;0.8;0.157;44.8;5.02;2.52;1.52;0.24;0.83;3;160;144.7;7.6;1.7;6;0.34;0.31;0.06;0.09
4;0;50;0;100;12.54;2.23;6.32;1.63;1.58;0.195;54.7;8.07;4.26;2.26;0.4;1.27;3.25;197.1;174.3;13.8;2.5;6.5;0.53;0.78;0.12;0.16;1;0.98;0.171;45.3;5.67;2.93;1.6;0.29;0.96;3.06;163.4;144.3;11;1.9;6.1;0.35;0.45;0.08;0.1
4;0;50;50;0;15.44;2.45;7.09;1.46;1.37;0.163;60.8;8.35;4.3;2.38;0.42;1.37;3.64;198.1;168.7;19.4;2.7;7.3;0.52;0.57;0.12;0.16;0.96;0.99;0.151;39.2;6.49;3.21;1.96;0.33;1.08;3.45;127.8;111.5;7.3;2.2;6.9;0.58;0.2;0.09;0.12
4;0;50;50;50;15.31;2.87;8.4;1.72;1.61;0.179;60.1;9;4.7;2.56;0.41;1.43;4.37;197.1;167;18.6;2.9;8.7;0.53;0.78;0.13;0.18;1.4;1.37;0.155;39.9;8.79;4.38;2.66;0.43;1.44;4.03;130.6;112.5;7.1;2.9;8.1;0.81;0.29;0.11;0.16
4;0;50;50;100;15.3;3.29;9.69;1.9;1.87;0.2;59.9;9.32;4.93;2.63;0.47;1.4;5.01;204.7;165.4;26.4;2.8;10;0.5;1.07;0.12;0.18;1.75;1.81;0.161;40.1;11.14;5.61;3.25;0.6;1.89;4.68;137;113.4;10.5;3.8;9.4;1.03;0.42;0.15;0.2
4;0;50;100;0;17.65;2.88;8.47;1.6;1.58;0.166;67.8;9.46;4.83;2.77;0.45;1.53;4.37;198.7;163.9;23;3.1;8.7;0.5;0.76;0.13;0.19;1.22;1.2;0.151;32.2;7.92;4.02;2.3;0.43;1.34;4.1;94.3;76.3;7.2;2.7;8.2;0.76;0.19;0.1;0.15
4;0;50;100;50;17.66;3.67;10.64;1.97;1.93;0.183;67.6;10.52;5.49;3.02;0.54;1.69;5.51;207.3;159.7;33.2;3.4;11;0.5;1.06;0.15;0.22;1.8;1.82;0.155;32.4;11.7;5.82;3.5;0.58;1.98;5.13;99;77.9;6.9;4;10.3;1.16;0.28;0.16;0.22
4;0;50;100;100;17.81;4.15;11.77;2.26;2.22;0.201;66.1;10.99;5.81;3.1;0.54;1.72;6;205.6;157.6;32.6;3.4;12;0.48;1.37;0.15;0.21;2.31;2.26;0.159;33.9;14.12;7.13;4.2;0.72;2.43;5.77;105.5;78.7;10.4;4.9;11.5;1.39;0.41;0.19;0.27
4;0;100;0;0;13.02;2.22;6.16;1.51;1.5;0.174;55.8;8.59;4.45;2.45;0.43;1.43;3.24;203.4;170.2;23.9;2.9;6.5;0.54;0.67;0.13;0.17;0.68;0.7;0.154;44.2;4.41;2.26;1.25;0.24;0.79;2.92;161.2;147.5;6.4;1.6;5.8;0.33;0.24;0.06;0.08
4;0;100;0;50;12.62;2.21;6.49;1.8;1.73;0.195;55.6;8.83;4.65;2.5;0.4;1.42;3.37;202.2;170.2;22.4;2.8;6.7;0.53;0.9;0.13;0.17;0.83;0.86;0.167;44.4;5.04;2.53;1.5;0.25;0.8;3.12;161.7;147.4;6.5;1.6;6.2;0.35;0.36;0.06;0.09
4;0;100;0;100;12.26;2.27;6.66;1.99;1.93;0.212;55;9.12;4.91;2.48;0.44;1.39;3.47;201.7;170.7;21.2;2.8;6.9;0.52;1.12;0.13;0.17;1.04;1.03;0.182;45;5.55;2.87;1.57;0.29;0.88;3.19;164.8;147;9.7;1.8;6.4;0.35;0.51;0.07;0.1
4;0;100;50;0;15.57;2.73;8.1;1.82;1.82;0.177;61;10.21;5.28;2.96;0.54;1.6;4.19;204.8;162.9;30.3;3.2;8.4;0.52;0.95;0.14;0.2;0.98;1.02;0.155;39;6.54;3.3;1.95;0.32;1.14;3.91;131.1;114.8;6.2;2.3;7.8;0.58;0.23;0.08;0.12
4;0;100;50;50;15.35;3.1;8.95;2.02;2.03;0.195;60.2;10.4;5.47;2.9;0.51;1.6;4.57;202.5;161.6;28.6;3.2;9.1;0.49;1.19;0.14;0.2;1.41;1.44;0.162;39.8;8.84;4.42;2.58;0.49;1.5;4.39;133.6;115.6;6.2;3;8.8;0.81;0.35;0.12;0.16
4;0;100;50;100;15.1;3.55;10.1;2.4;2.36;0.22;59;10.72;5.76;2.97;0.48;1.64;5.19;200.6;160.2;26.8;3.3;10.4;0.5;1.51;0.15;0.2;1.83;1.88;0.166;41;11.25;5.73;3.29;0.55;1.91;4.91;139.1;116.4;9;3.8;9.8;1.06;0.47;0.16;0.21
4;0;100;100;0;17.68;3.29;9.41;2.1;2.06;0.176;68;11.64;6.02;3.35;0.59;1.86;4.84;206;156.5;36.1;3.7;9.7;0.49;1.16;0.17;0.24;1.3;1.29;0.155;32;8.24;4.16;2.45;0.41;1.43;4.57;97;79.1;5.8;2.9;9.1;0.79;0.21;0.12;0.16
4;0;100;100;50;17.92;4.01;11.15;2.42;2.39;0.195;66.8;12.23;6.44;3.42;0.58;2.01;5.75;203.7;153.2;34.9;4;11.5;0.48;1.5;0.18;0.22;1.86;1.85;0.158;33.2;11.62;5.89;3.39;0.58;2;5.39;100.9;80.4;5.7;4;10.8;1.17;0.31;0.16;0.2
4;0;100;100;100;17.75;4.41;12.69;2.83;2.84;0.222;65.4;12.82;6.98;3.51;0.57;2.02;6.63;202;151.3;33.4;4;13.3;0.48;1.94;0.18;0.24;2.3;2.35;0.163;34.6;14.37;7.37;4.16;0.73;2.39;6.06;106.5;81.1;8.5;4.8;12.1;1.44;0.46;0.19;0.27
4;50;0;0;0;15.53;2.33;6.68;1.55;1.56;0.174;50.1;8.94;4.5;2.64;0.42;1.45;3.44;160.2;135.2;15.2;2.9;6.9;0.96;0.31;0.12;0.17;0.67;0.71;0.142;49.9;4.93;2.46;1.49;0.25;0.88;3.24;159.5;139.6;11.7;1.8;6.5;0.32;0.24;0.07;0.09
4;50;0;0;50;14.95;2.46;7.17;1.6;1.62;0.179;50.3;8.98;4.61;2.6;0.44;1.45;3.68;160.8;136.8;13.8;2.9;7.4;0.94;0.38;0.12;0.18;0.9;0.87;0.145;49.7;5.91;2.96;1.81;0.29;1.01;3.5;159;138;12;2;7;0.33;0.35;0.08;0.12
4;50;0;0;100;14.75;2.62;7.68;1.8;1.8;0.186;49.7;9.65;4.96;2.78;0.47;1.48;4.02;162.2;138.3;12.9;3;8;0.98;0.48;0.14;0.19;1.11;1.1;0.161;50.3;6.8;3.41;2;0.35;1.15;3.66;164.2;136.4;18.2;2.3;7.3;0.33;0.56;0.09;0.13
4;50;0;50;0;17.36;2.73;7.64;1.69;1.61;0.172;56;9.3;4.86;2.62;0.45;1.55;3.98;162.6;133;18.5;3.1;8;0.92;0.37;0.14;0.18;0.99;1.01;0.145;44;6.86;3.36;2.04;0.36;1.18;3.66;127.7;106.4;11.6;2.4;7.3;0.54;0.24;0.09;0.13
4;50;0;50;50;17.32;3.28;9.08;1.75;1.76;0.177;55.5;9.87;5.18;2.75;0.47;1.68;4.78;162.7;132.2;17.6;3.4;9.6;0.9;0.5;0.15;0.2;1.37;1.39;0.149;44.5;9.3;4.65;2.78;0.5;1.61;4.3;130.5;107;11.6;3.2;8.6;0.75;0.34;0.13;0.17
4;50;0;50;100;17.3;3.73;10.74;1.96;1.96;0.188;54.1;10.42;5.38;3.09;0.51;1.64;5.49;163.6;132.9;16.5;3.3;11;0.94;0.67;0.15;0.2;1.82;1.91;0.158;45.9;12.04;5.98;3.61;0.65;2.09;5.25;138.6;106.6;17.4;4.2;10.5;0.96;0.56;0.17;0.22
4;50;0;100;0;19.26;3.1;8.84;1.73;1.7;0.169;63.3;10.02;5.16;2.85;0.52;1.67;4.57;164.5;130.1;21.9;3.3;9.1;0.91;0.45;0.15;0.2;1.18;1.23;0.146;36.7;8.34;4.08;2.55;0.42;1.43;4.26;95.3;72.5;11.4;2.9;8.5;0.73;0.24;0.11;0.16
4;50;0;100;50;19.37;3.85;10.81;1.84;1.87;0.175;62.4;10.71;5.48;3.1;0.51;1.75;5.59;164.4;128.6;21.2;3.5;11.2;0.89;0.62;0.16;0.2;1.81;1.8;0.15;37.6;11.92;6.02;3.49;0.63;2.1;5.22;99;73.3;11;4.2;10.4;1.09;0.32;0.17;0.22
4;50;0;100;100;19.46;4.25;12.55;2.16;2.11;0.186;60.4;11.32;5.86;3.24;0.57;1.75;6.47;164.6;128.2;20;3.5;12.9;0.89;0.85;0.15;0.22;2.31;2.34;0.156;39.6;14.9;7.46;4.38;0.75;2.5;6.08;107.8;73.5;17.1;5;12.2;1.32;0.54;0.21;0.28
4;50;50;0;0;15.31;2.73;7.94;2.03;2.08;0.178;50.2;11.62;5.94;3.38;0.58;1.85;4.1;161.8;134.7;15.2;3.7;8.2;1.26;0.43;0.17;0.23;0.73;0.76;0.148;49.8;4.99;2.52;1.46;0.25;0.88;3.84;160.3;140.1;10.7;1.8;7.7;0.3;0.3;0.07;0.09
4;50;50;0;50;15.06;2.99;8.47;2.26;2.27;0.187;50.4;12.12;6.29;3.39;0.63;1.96;4.38;162.7;135.8;14.2;3.9;8.8;1.28;0.57;0.18;0.23;0.93;0.98;0.16;49.6;6.06;3.07;1.77;0.31;1.03;4.09;160.2;139;10.9;2.1;8.2;0.32;0.47;0.08;0.11
4;50;50;0;100;14.78;2.97;8.97;2.45;2.42;0.195;49.8;12.4;6.4;3.57;0.59;1.88;4.65;163.6;137.5;13;3.8;9.3;1.3;0.72;0.16;0.25;1.24;1.23;0.177;50.2;6.89;3.5;2.02;0.35;1.09;4.33;164.8;137.2;16.8;2.2;8.7;0.32;0.7;0.08;0.12
4;50;50;50;0;17.54;3.27;9.55;2.26;2.24;0.175;55.6;12.83;6.66;3.73;0.61;2.07;4.93;163.5;130.4;19.1;4.1;9.9;1.23;0.57;0.18;0.26;1.03;1.07;0.15;44.4;7.04;3.48;2.11;0.38;1.2;4.62;130.4;108.4;10.4;2.4;9.2;0.56;0.29;0.09;0.14
4;50;50;50;50;17.27;3.65;10.7;2.5;2.43;0.184;55.3;13.16;6.91;3.65;0.67;2.07;5.57;163.6;130.5;17.8;4.1;11.1;1.24;0.75;0.18;0.26;1.47;1.5;0.157;44.7;9.5;4.72;2.8;0.52;1.59;5.12;132.1;108.4;10.4;3.2;10.2;0.76;0.45;0.13;0.17
4;50;50;50;100;17.28;4.19;11.92;2.72;2.69;0.199;55.3;13.49;7.19;3.73;0.63;2.16;6.18;172.5;130.5;25.4;4.3;12.4;1.22;1.03;0.19;0.25;1.91;1.99;0.165;44.7;11.97;6.05;3.53;0.59;2.03;5.74;139.5;108.4;15.5;4.1;11.5;0.97;0.66;0.15;0.21
4;50;50;100;0;19.51;3.7;10.65;2.45;2.4;0.176;62.9;13.61;7.1;3.85;0.7;2.26;5.57;165.2;127.2;22.4;4.5;11.1;1.2;0.73;0.2;0.27;1.3;1.31;0.15;37.1;8.6;4.27;2.63;0.43;1.44;5.08;97.3;74;10.3;2.9;10.2;0.76;0.28;0.11;0.17
4;50;50;100;50;19.66;4.44;12.65;2.71;2.67;0.187;63.4;14.3;7.45;4.08;0.7;2.29;6.6;175.9;125.4;32.7;4.6;13.2;1.17;1.03;0.2;0.28;1.93;1.94;0.156;36.6;12.39;6.2;3.62;0.69;2.15;6.05;101.5;74.9;10.2;4.3;12.1;1.11;0.44;0.17;0.23
4;50;50;100;100;19.46;4.78;13.95;2.99;2.95;0.199;61.5;14.76;7.79;4.17;0.72;2.28;7.19;174.2;124.5;30.8;4.6;14.4;1.17;1.29;0.19;0.29;2.46;2.44;0.162;38.5;14.98;7.59;4.38;0.73;2.5;6.75;108.9;75.4;14.9;5;13.5;1.35;0.63;0.2;0.27
4;50;100;0;0;15.45;3.39;9.44;2.77;2.77;0.184;51.3;15.06;7.88;4.23;0.77;2.48;4.87;171.1;133;23.4;5;9.7;1.59;0.66;0.23;0.29;0.9;0.88;0.162;48.7;5.36;2.75;1.52;0.27;0.91;4.57;162.4;141.9;9.6;1.8;9.1;0.32;0.4;0.07;0.1
4;50;100;0;50;14.88;3.45;9.91;3.06;3.01;0.195;50.7;15.4;8.06;4.24;0.83;2.44;5.11;171.2;134.5;21.7;4.9;10.2;1.63;0.87;0.22;0.3;1.07;1.11;0.179;49.3;6.14;3.19;1.75;0.32;1.01;4.8;166.6;140.4;14.6;2;9.6;0.32;0.6;0.08;0.12
4;50;100;0;100;14.47;3.52;10.21;3.27;3.14;0.204;50.7;15.4;8.09;4.29;0.76;2.33;5.24;170.6;136;19.5;4.7;10.5;1.64;1.02;0.2;0.28;1.36;1.39;0.197;49.3;6.99;3.69;1.97;0.35;1.19;4.97;165.8;138.8;14.7;2.4;9.9;0.34;0.84;0.09;0.12
4;50;100;50;0;17.45;3.91;11;3.01;2.99;0.185;56.5;16.15;8.42;4.58;0.79;2.62;5.6;173.1;127.9;28.7;5.2;11.2;1.53;0.91;0.24;0.31;1.16;1.2;0.16;43.5;7.43;3.67;2.23;0.39;1.28;5.4;133;110.4;9.3;2.6;10.8;0.58;0.38;0.1;0.14
4;50;100;50;50;17.55;4.31;12.31;3.27;3.26;0.195;55.3;16.69;8.8;4.67;0.81;2.68;6.4;173.4;127.5;27.7;5.4;12.8;1.53;1.17;0.24;0.32;1.6;1.64;0.168;44.7;9.71;4.92;2.81;0.51;1.63;5.91;139.8;110.7;14;3.3;11.8;0.78;0.56;0.12;0.18
4;50;100;50;100;17.05;4.58;13.21;3.57;3.52;0.21;55;16.73;8.99;4.62;0.79;2.57;6.88;172.3;127.9;25.5;5.1;13.8;1.53;1.44;0.23;0.32;2.19;2.15;0.176;45;12.14;6.26;3.45;0.6;2.01;6.32;141;110.4;14;4;12.6;0.99;0.79;0.16;0.21
4;50;100;100;0;19.58;4.29;12.26;3.27;3.21;0.184;64;17.44;9.12;4.9;0.87;2.83;6.41;176.5;123.2;34.8;5.7;12.8;1.49;1.11;0.26;0.34;1.33;1.4;0.158;36;8.79;4.33;2.65;0.44;1.46;5.84;99.4;76.1;8.7;2.9;11.7;0.76;0.36;0.12;0.16
4;50;100;100;50;19.98;4.97;14.27;3.5;3.49;0.195;61.6;17.89;9.37;5.03;0.84;2.82;7.23;175;121.6;33.4;5.6;14.5;1.47;1.44;0.24;0.34;2.02;2.1;0.165;38.4;12.69;6.4;3.64;0.68;2.15;7.04;108.8;76.9;13.5;4.3;14.1;1.13;0.55;0.17;0.24
4;50;100;100;100;19.75;5.5;15.48;3.9;3.9;0.213;61;18.3;9.82;5;0.86;2.89;7.94;174;120.3;32;5.8;15.9;1.44;1.87;0.25;0.34;2.55;2.61;0.171;39;15.21;7.74;4.41;0.78;2.61;7.54;111.1;77.6;13.2;5.2;15.1;1.37;0.75;0.2;0.28
4;100;0;0;0;17.1;2.67;7.85;2.04;1.97;0.18;42.3;10.95;5.7;3.13;0.55;1.71;4.02;118.1;92.1;14.6;3.4;8;1.31;0.29;0.16;0.22;0.78;0.81;0.141;57.7;5.6;2.73;1.66;0.3;0.96;3.83;161.1;136.5;15;1.9;7.7;0.31;0.3;0.08;0.11
4;100;0;0;50;17.17;2.97;8.53;2.05;2.05;0.183;42.6;11.16;5.73;3.22;0.58;1.8;4.26;119.4;93.5;13.7;3.6;8.5;1.31;0.37;0.16;0.21;1.04;1.04;0.151;57.4;6.85;3.43;2.05;0.36;1.17;4.27;160.6;134.3;15.4;2.3;8.5;0.31;0.5;0.09;0.14
4;100;0;0;100;16.86;3.27;9.26;2.17;2.19;0.188;41.9;11.64;6.17;3.23;0.56;1.93;4.67;120.7;95;12.5;3.9;9.3;1.34;0.45;0.17;0.23;1.27;1.33;0.162;58.1;8.13;4.03;2.41;0.41;1.35;4.59;167.3;132;23.4;2.7;9.2;0.32;0.75;0.11;0.15
4;100;0;50;0;19.16;3.16;9;2.08;2.01;0.176;48.2;11.38;6;3.15;0.56;1.9;4.63;121.5;90.3;18.2;3.8;9.3;1.26;0.37;0.16;0.22;1.09;1.1;0.145;51.8;7.53;3.71;2.28;0.42;1.26;4.38;130.6;104.5;14.8;2.5;8.8;0.54;0.31;0.11;0.15
4;100;0;50;50;19.36;3.74;10.43;2.18;2.17;0.18;48;12.02;6.22;3.45;0.59;1.99;5.41;122.7;90.6;17.3;4;10.8;1.27;0.5;0.17;0.23;1.58;1.52;0.151;52;10;5.08;2.91;0.49;1.76;5.03;132.7;104.2;15;3.5;10.1;0.72;0.49;0.13;0.18
4;100;0;50;100;19.32;4.16;12.07;2.34;2.34;0.189;46.5;12.39;6.46;3.5;0.58;1.98;6.21;123.5;91.1;16;4;12.4;1.27;0.66;0.17;0.24;2.02;2.07;0.158;53.5;13.03;6.43;3.95;0.66;2.19;5.85;142.2;103.5;22.6;4.4;11.7;0.94;0.73;0.17;0.24
4;100;0;100;0;21.06;3.54;9.86;2.2;2.11;0.174;55.8;12.1;6.29;3.43;0.58;2.01;5.09;124.4;88.4;21.8;4;10.2;1.23;0.45;0.19;0.23;1.31;1.29;0.146;44.2;8.81;4.39;2.6;0.45;1.53;4.76;98.3;71.2;14.5;3.1;9.5;0.71;0.3;0.12;0.16
4;100;0;100;50;21.22;4.17;12.23;2.38;2.3;0.178;55.2;12.9;6.7;3.68;0.64;2.03;6.37;125.4;87.8;20.9;4.1;12.7;1.24;0.62;0.17;0.26;1.86;1.92;0.151;44.8;12.6;6.24;3.87;0.6;2.14;5.86;101.9;71.7;14.3;4.3;11.7;1.05;0.47;0.17;0.23
4;100;0;100;100;21.17;4.75;13.81;2.53;2.5;0.188;52.9;13.31;6.86;3.82;0.67;2.1;7.05;126;88.3;19.4;4.2;14.1;1.23;0.84;0.18;0.25;2.44;2.49;0.158;47.1;15.77;7.85;4.67;0.8;2.65;6.76;112.1;71.3;21.9;5.3;13.5;1.28;0.7;0.22;0.3
4;100;50;0;0;17.41;3.48;10.01;2.83;2.82;0.183;43.2;15.4;7.96;4.37;0.77;2.43;5.25;122.8;92.7;14.8;4.9;10.5;1.89;0.41;0.21;0.31;0.88;0.91;0.15;56.8;5.99;3.01;1.77;0.27;1.05;4.76;161.3;135.6;14.1;2.1;9.5;0.31;0.42;0.08;0.11
4;100;50;0;50;17.04;3.71;10.49;3.07;2.98;0.189;42.2;15.78;8.2;4.48;0.77;2.49;5.37;122.9;93.5;13.6;5;10.7;1.9;0.55;0.22;0.31;1.2;1.19;0.167;57.8;7.07;3.64;2.02;0.34;1.22;5.12;168.3;134.3;21.3;2.4;10.2;0.32;0.65;0.1;0.13
4;100;50;0;100;16.99;3.98;11.41;3.12;3.17;0.195;42.8;16.19;8.51;4.55;0.76;2.58;5.86;124.9;95.6;12.4;5.2;11.7;1.94;0.69;0.23;0.31;1.55;1.56;0.181;57.2;8.54;4.41;2.47;0.42;1.39;5.56;167.2;131;22.3;2.8;11.1;0.32;0.97;0.12;0.16
4;100;50;50;0;19.42;3.93;11.31;3.04;2.91;0.18;48.7;16.18;8.56;4.55;0.76;2.61;5.86;125.4;90;18.4;5.2;11.7;1.82;0.55;0.22;0.32;1.24;1.21;0.151;51.3;7.94;3.98;2.39;0.36;1.32;5.45;132.2;104.8;13.8;2.6;10.9;0.54;0.41;0.11;0.15
4;100;50;50;50;19.35;4.38;12.82;3.26;3.15;0.187;47;16.8;8.79;4.77;0.83;2.64;6.55;125.6;89.9;17.3;5.3;13.1;1.84;0.74;0.24;0.32;1.65;1.7;0.162;53;10.44;5.25;3.08;0.53;1.74;6.27;141.5;105;20.5;3.5;12.5;0.74;0.64;0.13;0.18
4;100;50;50;100;19.23;5.1;14.18;3.48;3.45;0.198;48.6;17.38;9.33;4.78;0.81;2.83;7.28;135;90.8;24;5.7;14.6;1.88;0.98;0.26;0.33;2.23;2.26;0.169;51.4;13.3;6.77;3.91;0.63;2.27;6.9;142.9;103.9;20.7;4.5;13.8;0.94;0.9;0.18;0.24
4;100;50;100;0;21.26;4.29;12.45;3.07;3.06;0.181;56;16.97;8.68;5.01;0.8;2.71;6.44;127.8;87.7;21.8;5.4;12.9;1.78;0.71;0.25;0.33;1.36;1.4;0.151;44;9.21;4.59;2.73;0.47;1.58;6.01;100.4;71.8;13.4;3.2;12;0.71;0.39;0.12;0.18
4;100;50;100;50;21.55;5.01;14.32;3.52;3.38;0.189;55.6;17.89;9.41;5.06;0.86;2.83;7.29;138.8;86.6;31.9;5.7;14.6;1.78;1;0.24;0.35;2.07;2.07;0.16;44.4;12.9;6.5;3.76;0.61;2.18;7.03;110.9;72.6;19.9;4.4;14.1;1.04;0.62;0.17;0.25
4;100;50;100;100;21.44;5.51;16.08;3.7;3.6;0.199;55.1;18.11;9.58;5.12;0.86;2.88;8.29;138.9;86.9;29.7;5.8;16.6;1.76;1.25;0.26;0.34;2.54;2.65;0.166;44.9;15.96;7.96;4.82;0.79;2.63;7.79;113.2;72.3;20;5.3;15.6;1.29;0.87;0.2;0.29
4;100;100;0;0;17.48;4.04;11.48;3.52;3.47;0.186;44.7;18.61;9.74;5.2;0.88;2.99;5.9;132.1;91.9;22.4;6;11.8;2.22;0.63;0.26;0.35;1.01;1.07;0.166;55.3;6.34;3.17;1.85;0.32;1.04;5.58;163.3;136.8;13.2;2.1;11.2;0.3;0.56;0.09;0.12
4;100;100;0;50;17.16;4.14;12.19;3.88;3.76;0.196;44.1;19.21;10.13;5.37;0.9;2.95;6.36;132.7;93.3;20.8;5.9;12.7;2.26;0.85;0.28;0.37;1.31;1.38;0.184;55.9;7.41;3.74;2.19;0.37;1.19;5.83;168.6;134.6;20;2.4;11.7;0.31;0.85;0.09;0.13
4;100;100;0;100;16.82;4.47;12.81;3.98;3.96;0.202;44.4;19.6;10.5;5.43;0.91;3.1;6.62;133.3;95.2;18.7;6.2;13.2;2.34;0.98;0.28;0.37;1.76;1.76;0.205;55.6;8.54;4.53;2.31;0.41;1.36;6.19;166.9;131.7;20.1;2.7;12.4;0.32;1.18;0.11;0.14
4;100;100;50;0;19.45;4.47;12.95;3.72;3.65;0.187;50.4;19.44;10.22;5.47;0.97;3.14;6.65;136;88.9;27.5;6.3;13.3;2.14;0.85;0.28;0.37;1.3;1.35;0.162;49.6;8.26;4.14;2.4;0.42;1.33;6.3;134.1;106.1;12.7;2.7;12.6;0.55;0.54;0.1;0.16
4;100;100;50;50;19.18;4.87;14.26;4.05;3.95;0.195;49;20.2;10.63;5.67;0.96;3.15;7.29;136.2;89.2;26.2;6.3;14.6;2.19;1.09;0.28;0.38;1.93;1.88;0.173;51;10.77;5.52;3.1;0.54;1.72;6.96;142;105.8;18.8;3.4;13.9;0.74;0.8;0.14;0.2
4;100;100;50;100;19.06;5.42;15.33;4.32;4.24;0.207;48.6;20.48;11.01;5.55;0.96;3.26;7.93;135.9;89.3;24.3;6.5;15.9;2.18;1.39;0.28;0.39;2.47;2.45;0.183;51.4;13.28;6.94;3.81;0.6;2.16;7.4;143.7;105.7;18.8;4.3;14.8;0.94;1.09;0.18;0.23
4;100;100;100;0;21.61;4.93;14.4;3.92;3.84;0.185;57.7;20.69;10.81;5.87;1.06;3.28;7.44;140.5;85.6;33.5;6.6;14.9;2.08;1.08;0.28;0.39;1.54;1.56;0.161;42.3;9.67;4.88;2.85;0.5;1.65;6.96;102.9;73.4;12.3;3.3;13.9;0.74;0.52;0.13;0.18
4;100;100;100;50;21.59;5.54;16.13;4.23;4.18;0.195;55.8;21.39;11.21;6.05;1.09;3.39;8.41;140.7;84.9;32.2;6.8;16.8;2.08;1.39;0.31;0.42;2.19;2.24;0.168;44.2;13.29;6.72;3.85;0.69;2.15;7.71;111.6;73.9;17.9;4.3;15.4;1.08;0.75;0.18;0.23
4;100;100;100;100;21.5;6.11;17.57;4.61;4.59;0.209;55.1;21.89;11.59;6.2;1.12;3.42;9.07;140.4;84.6;30.8;6.8;18.1;2.06;1.82;0.3;0.42;2.8;2.85;0.177;44.9;16.05;8.28;4.67;0.77;2.69;8.5;114.4;74.2;17.8;5.4;17;1.3;1.05;0.22;0.29
5;0;0;0;0;13.79;1.77;5.07;1.18;1.13;0.169;57.2;6.63;3.4;1.87;0.34;1.06;2.64;204.3;180.2;16.7;2.1;5.3;0.57;0.33;0.1;0.13;0.58;0.57;0.134;42.8;4.1;2.04;1.23;0.21;0.71;2.43;152.5;138.3;7.9;1.4;4.9;0.29;0.16;0.05;0.08
5;0;0;0;50;13.19;1.98;5.5;1.24;1.22;0.178;57.3;6.81;3.6;1.94;0.31;1.17;2.81;204.3;181.1;15.3;2.3;5.6;0.57;0.41;0.11;0.13;0.65;0.67;0.14;42.7;4.65;2.29;1.44;0.23;0.81;2.69;152.5;137.7;7.8;1.6;5.4;0.3;0.22;0.06;0.09
5;0;0;0;100;12.96;2.1;5.97;1.39;1.36;0.185;56.7;7.33;3.85;2.04;0.33;1.19;3.19;204.7;181.4;14.5;2.4;6.4;0.57;0.54;0.11;0.15;0.8;0.82;0.148;43.3;5.41;2.65;1.62;0.28;0.91;2.79;156.5;137.4;11.7;1.8;5.6;0.32;0.33;0.07;0.09
5;0;0;50;0;15.71;2.23;6.51;1.24;1.23;0.166;62.8;7.32;3.69;2.17;0.37;1.18;3.37;205.2;176.2;19.9;2.4;6.7;0.56;0.41;0.11;0.14;0.8;0.85;0.139;37.2;6.03;2.92;1.87;0.32;1.06;3.15;121.7;105.9;7.4;2.1;6.3;0.51;0.15;0.08;0.11
5;0;0;50;50;15.47;2.65;7.59;1.39;1.34;0.175;62.3;7.61;3.98;2.17;0.34;1.26;3.95;204.8;175.5;18.9;2.5;7.9;0.55;0.52;0.12;0.15;1.13;1.16;0.142;37.7;8.14;4.02;2.46;0.42;1.39;3.64;123.8;106.3;7.4;2.8;7.3;0.7;0.21;0.1;0.16
5;0;0;50;100;15.49;3.1;8.91;1.6;1.53;0.188;60.6;8.13;4.24;2.31;0.4;1.25;4.5;202.4;172.8;18.1;2.5;9;0.53;0.74;0.12;0.15;1.49;1.54;0.146;39.4;10.48;5.23;3.14;0.52;1.85;4.41;131.3;107.8;11;3.7;8.8;0.91;0.3;0.14;0.19
5;0;0;100;0;17.57;2.58;7.32;1.28;1.3;0.163;70;7.9;3.94;2.3;0.41;1.27;3.86;206.9;173.4;23.2;2.5;7.7;0.53;0.48;0.12;0.17;0.97;1.05;0.141;30;7.41;3.61;2.26;0.38;1.3;3.46;88.5;71.6;7.4;2.6;6.9;0.66;0.15;0.1;0.14
5;0;0;100;50;18.06;3.21;9.49;1.52;1.51;0.171;68.7;8.84;4.49;2.58;0.45;1.4;4.95;204.8;169;23;2.8;9.9;0.51;0.69;0.13;0.18;1.5;1.51;0.142;31.3;10.57;5.18;3.25;0.53;1.81;4.54;93.3;73.2;7.4;3.6;9.1;0.98;0.21;0.13;0.19
5;0;0;100;100;18.03;3.72;11.06;1.82;1.78;0.187;67;9.49;4.96;2.71;0.47;1.46;5.72;203.5;167.1;22.1;2.9;11.4;0.51;0.94;0.14;0.18;1.87;1.95;0.146;33;13.29;6.52;4.1;0.69;2.25;5.34;100.1;73.9;11;4.5;10.7;1.21;0.31;0.18;0.25
5;0;50;0;0;13.21;1.94;5.59;1.32;1.3;0.17;56.9;7.59;3.95;2.16;0.39;1.25;2.97;202.4;177.4;16.5;2.5;5.9;0.56;0.47;0.11;0.16;0.61;0.6;0.141;43.1;4.13;2.06;1.23;0.2;0.7;2.62;153.5;140.3;6.6;1.4;5.2;0.3;0.18;0.05;0.08
5;0;50;0;50;13.02;2.13;6.11;1.52;1.51;0.184;56.7;8.15;4.3;2.31;0.35;1.29;3.19;202.1;177.5;15.6;2.6;6.4;0.59;0.64;0.12;0.16;0.73;0.74;0.15;43.3;4.84;2.44;1.41;0.25;0.84;2.92;154.6;140.3;6.8;1.7;5.8;0.32;0.28;0.06;0.09
5;0;50;0;100;12.42;2.24;6.23;1.74;1.67;0.199;55.9;8.36;4.49;2.3;0.42;1.3;3.16;200.9;177.5;14.6;2.6;6.3;0.58;0.81;0.12;0.15;0.86;0.88;0.165;44.1;5.24;2.7;1.49;0.25;0.94;3.06;158.2;140.3;9.8;1.9;6.1;0.31;0.4;0.07;0.09
5;0;50;50;0;15.4;2.49;7.13;1.47;1.45;0.166;62.1;8.66;4.44;2.51;0.42;1.41;3.71;202.4;172.1;20.1;2.8;7.4;0.54;0.6;0.14;0.17;0.85;0.9;0.144;37.9;6.19;3.03;1.82;0.31;1.08;3.42;123.6;108.1;6.5;2.2;6.8;0.52;0.18;0.09;0.11
5;0;50;50;50;15.44;2.9;8.35;1.69;1.68;0.182;61.3;9.2;4.77;2.62;0.46;1.45;4.3;200.7;169.7;19.5;2.9;8.6;0.53;0.82;0.14;0.18;1.23;1.22;0.147;38.7;8.19;4.12;2.4;0.42;1.45;4.04;126.8;109.4;6.4;2.9;8.1;0.71;0.26;0.1;0.15
5;0;50;50;100;15.36;3.29;9.46;2.1;2.02;0.204;61.1;9.86;5.27;2.67;0.47;1.55;4.91;208.5;167.5;28;3.1;9.8;0.53;1.16;0.15;0.18;1.66;1.63;0.153;38.9;10.58;5.25;3.12;0.53;1.74;4.55;132.6;110.6;9.4;3.5;9.1;0.92;0.38;0.14;0.19
5;0;50;100;0;17.88;2.92;8.41;1.68;1.69;0.17;69;9.94;5.1;2.88;0.51;1.64;4.35;203.1;166.7;24.4;3.3;8.7;0.53;0.8;0.15;0.2;1.05;1.08;0.143;31;7.45;3.64;2.28;0.4;1.28;4.06;91;74;6.3;2.6;8.1;0.67;0.17;0.1;0.14
5;0;50;100;50;18.13;3.7;10.3;2.11;2.04;0.186;68.9;10.94;5.81;3.02;0.55;1.83;5.38;212;162;35.6;3.7;10.8;0.53;1.13;0.18;0.2;1.64;1.61;0.146;31.1;10.93;5.39;3.3;0.54;1.87;4.92;95.6;75.7;6.2;3.7;9.8;1.03;0.24;0.14;0.19
5;0;50;100;100;18.09;4.2;11.69;2.39;2.37;0.204;67.3;11.56;6.22;3.17;0.5;1.85;6.03;209.9;159.5;34.6;3.7;12.1;0.5;1.47;0.18;0.22;2.04;2.04;0.151;32.7;13.47;6.78;3.93;0.66;2.35;5.66;101.8;76.6;9.1;4.7;11.3;1.26;0.37;0.17;0.25
5;0;100;0;0;13.11;2.25;6.2;1.7;1.62;0.177;56.9;9.08;4.75;2.56;0.45;1.52;3.18;207.4;172.4;25.5;3;6.4;0.58;0.73;0.14;0.17;0.62;0.63;0.148;43.1;4.16;2.07;1.27;0.19;0.72;3.02;156.9;143.9;5.5;1.4;6;0.31;0.2;0.05;0.08
5;0;100;0;50;12.66;2.22;6.48;1.97;1.87;0.199;56.8;9.4;5.01;2.61;0.45;1.48;3.35;206.3;172.6;24;3;6.7;0.58;0.97;0.14;0.18;0.76;0.77;0.16;43.2;4.7;2.36;1.38;0.25;0.74;3.13;157.1;143.8;5.5;1.5;6.3;0.31;0.31;0.06;0.09
5;0;100;0;100;12.35;2.36;6.76;2.12;2.08;0.215;56.1;9.65;5.22;2.62;0.44;1.48;3.52;205.3;172.6;22.6;3;7;0.57;1.19;0.14;0.19;0.87;0.93;0.175;43.9;5.22;2.68;1.5;0.27;0.87;3.24;160.5;143.8;8.5;1.7;6.5;0.32;0.45;0.07;0.09
5;0;100;50;0;15.57;2.84;7.8;1.98;1.89;0.181;62.4;10.42;5.51;2.97;0.49;1.75;4.13;209.6;166.4;31.4;3.5;8.3;0.55;0.97;0.17;0.2;0.93;0.92;0.147;37.6;6.14;3.14;1.79;0.3;1.09;3.67;126.2;111.2;5.5;2.2;7.3;0.53;0.2;0.09;0.11
5;0;100;50;50;15.3;3.14;8.97;2.22;2.17;0.198;61.5;10.93;5.82;2.99;0.5;1.76;4.66;206.5;163.6;30.1;3.5;9.3;0.54;1.26;0.16;0.21;1.31;1.28;0.152;38.5;8.34;4.17;2.48;0.44;1.39;4.31;129.3;112.7;5.1;2.8;8.6;0.74;0.29;0.11;0.15
5;0;100;50;100;15.44;3.67;10.26;2.55;2.58;0.223;60.1;11.56;6.2;3.15;0.53;1.78;5.32;204.2;161;29;3.6;10.6;0.53;1.66;0.17;0.22;1.6;1.7;0.158;39.9;10.72;5.36;3.17;0.55;1.89;4.94;135.7;114.2;7.9;3.8;9.9;0.96;0.41;0.14;0.19
5;0;100;100;0;17.9;3.19;9.3;2.23;2.16;0.179;69.2;12.04;6.21;3.46;0.57;1.91;4.82;210.3;159.2;37.6;3.8;9.6;0.54;1.21;0.18;0.23;1.14;1.14;0.147;30.8;7.71;3.81;2.3;0.37;1.29;4.48;93.3;76.8;5;2.6;9;0.71;0.18;0.1;0.15
5;0;100;100;50;18.24;3.97;11.24;2.61;2.55;0.198;67.9;12.87;6.86;3.55;0.6;2.04;5.83;207.6;155;36.8;4.1;11.7;0.52;1.59;0.19;0.25;1.74;1.69;0.15;32.1;11.19;5.67;3.24;0.58;1.93;5.42;98.1;78.3;5.1;3.9;10.8;1.05;0.29;0.14;0.21
5;0;100;100;100;18.21;4.41;12.7;3.15;3.07;0.224;66.4;13.67;7.46;3.69;0.65;2.06;6.65;204.8;151.5;35.9;4.1;13.3;0.5;2.11;0.19;0.27;2.12;2.13;0.154;33.6;13.75;6.95;4.08;0.68;2.34;6.05;103.7;79.6;7.3;4.7;12.1;1.3;0.39;0.18;0.26
5;50;0;0;0;15.51;2.35;6.62;1.77;1.7;0.182;51.6;9.34;4.92;2.68;0.43;1.54;3.39;164.4;138.4;16.1;3.1;6.8;1.05;0.32;0.15;0.18;0.59;0.65;0.135;48.4;4.68;2.3;1.42;0.23;0.81;3.22;154.2;135.2;11;1.6;6.4;0.28;0.23;0.06;0.08
5;50;0;0;50;15.2;2.38;7.16;1.73;1.74;0.185;51.7;9.39;4.79;2.77;0.44;1.45;3.63;164.8;139.5;15.1;2.9;7.3;1.03;0.4;0.12;0.18;0.78;0.79;0.14;48.3;5.55;2.74;1.61;0.3;0.94;3.52;154;134.1;10.9;1.9;7;0.29;0.33;0.07;0.1
5;50;0;0;100;14.97;2.67;7.58;1.89;1.9;0.192;51.1;9.91;5.19;2.81;0.45;1.58;3.94;166.1;141;14;3.2;7.9;1.04;0.52;0.15;0.19;0.99;1.03;0.156;48.9;6.5;3.25;1.88;0.33;1.09;3.64;159.1;132.6;17;2.2;7.3;0.3;0.53;0.08;0.12
5;50;0;50;0;17.27;2.68;7.96;1.81;1.77;0.177;57.3;9.98;5.17;2.89;0.49;1.58;4.17;166.4;135.6;19.3;3.2;8.3;1.02;0.4;0.14;0.22;0.9;0.92;0.138;42.7;6.57;3.18;2.04;0.34;1.09;3.8;123.8;103.4;10.6;2.2;7.6;0.49;0.22;0.08;0.13
5;50;0;50;50;17.39;3.18;9.03;1.85;1.88;0.182;56.9;10.28;5.33;2.89;0.49;1.71;4.73;166.6;135.2;18.5;3.4;9.5;0.99;0.53;0.16;0.2;1.24;1.25;0.142;43.1;8.76;4.22;2.66;0.46;1.47;4.31;126;103.7;10.7;2.9;8.6;0.67;0.31;0.11;0.15
5;50;0;50;100;17.14;3.67;10.5;2.13;2.08;0.192;55.4;10.77;5.68;3.01;0.5;1.68;5.41;166.2;134.6;17.4;3.4;10.8;1;0.71;0.15;0.21;1.68;1.71;0.15;44.6;11.34;5.63;3.33;0.62;1.99;5.09;134;104.2;15.6;4;10.2;0.87;0.49;0.14;0.2
5;50;0;100;0;19.48;3.08;8.83;1.84;1.83;0.175;64.6;10.46;5.42;3;0.55;1.7;4.58;168.5;133.1;22.8;3.4;9.2;0.99;0.47;0.17;0.21;1.09;1.13;0.14;35.4;7.99;3.98;2.34;0.43;1.37;4.25;92.2;70.2;10.8;2.7;8.5;0.65;0.22;0.11;0.15
5;50;0;100;50;19.77;3.77;10.89;1.99;2.02;0.179;63.6;11.26;5.87;3.22;0.55;1.83;5.6;168;130.7;22.5;3.7;11.2;0.96;0.66;0.17;0.22;1.62;1.61;0.142;36.4;11.29;5.5;3.48;0.56;1.93;5.29;96.2;71.3;10.5;3.9;10.6;0.96;0.3;0.14;0.21
5;50;0;100;100;19.67;4.23;12.35;2.34;2.27;0.191;61.9;11.88;6.25;3.35;0.57;1.86;6.51;168.5;130.4;21.3;3.7;13;0.96;0.9;0.18;0.24;2.04;2.11;0.149;38.1;14.07;6.99;4.26;0.71;2.38;5.83;103.4;71.4;15.6;4.8;11.7;1.17;0.49;0.19;0.26
5;50;50;0;0;15.36;2.83;8.02;2.31;2.25;0.185;51.6;12.18;6.33;3.42;0.65;1.96;4.24;165.9;137.4;16.1;3.9;8.5;1.37;0.45;0.19;0.25;0.69;0.71;0.143;48.4;4.85;2.41;1.47;0.26;0.87;3.78;155.4;136.1;9.9;1.7;7.6;0.29;0.28;0.06;0.09
5;50;50;0;50;15.16;3.02;8.47;2.48;2.39;0.192;51.7;12.46;6.59;3.5;0.63;2.04;4.48;166.2;138;15.2;4.1;9;1.33;0.62;0.19;0.25;0.87;0.9;0.155;48.3;5.75;2.9;1.69;0.31;0.98;3.99;155.5;135.6;10;2;8;0.3;0.42;0.08;0.1
5;50;50;0;100;14.63;3.11;8.99;2.59;2.62;0.201;51.1;12.98;6.86;3.67;0.61;2.01;4.68;167.1;139.7;14;4;9.4;1.39;0.78;0.19;0.25;1.12;1.13;0.172;48.9;6.5;3.31;1.89;0.31;1.1;4.31;159.7;133.9;14.9;2.2;8.6;0.3;0.63;0.08;0.11
5;50;50;50;0;17.38;3.25;9.41;2.41;2.37;0.18;57.1;13.13;6.8;3.77;0.64;2.13;4.94;167.2;133;20.1;4.3;9.9;1.31;0.59;0.2;0.27;1.01;1;0.145;42.9;6.83;3.4;2.01;0.35;1.13;4.47;125.7;105.3;9.3;2.3;8.9;0.51;0.26;0.1;0.13
5;50;50;50;50;17.41;3.71;10.64;2.57;2.55;0.189;56.6;13.47;7;3.79;0.69;2.15;5.47;167.2;133.3;18.6;4.3;10.9;1.32;0.8;0.19;0.25;1.41;1.38;0.151;43.4;9.1;4.55;2.68;0.45;1.57;5.17;128.2;105;9.7;3.1;10.3;0.68;0.42;0.12;0.17
5;50;50;50;100;17.23;4.21;12.03;3.01;2.89;0.204;56.5;14.14;7.62;3.99;0.65;2.26;6.22;175.8;132.2;26.6;4.5;12.4;1.33;1.09;0.21;0.27;1.79;1.84;0.159;43.5;11.57;5.77;3.42;0.64;1.95;5.82;135.5;105.9;14;3.9;11.6;0.89;0.6;0.15;0.21
5;50;50;100;0;19.63;3.69;10.74;2.56;2.58;0.181;63.9;14.23;7.36;4.09;0.72;2.29;5.46;168.2;129;23.7;4.6;10.9;1.3;0.78;0.21;0.28;1.11;1.17;0.144;36.1;8.04;4.04;2.4;0.4;1.4;5.28;94.8;72.1;9.3;2.8;10.6;0.65;0.26;0.1;0.16
5;50;50;100;50;19.67;4.25;12.57;2.87;2.83;0.192;64.6;14.75;7.67;4.13;0.71;2.28;6.55;178.9;127.4;33.9;4.6;13.1;1.26;1.06;0.22;0.29;1.69;1.75;0.148;35.4;11.75;5.79;3.52;0.63;1.97;6.02;98.1;72.9;9.2;3.9;12;0.99;0.39;0.15;0.22
5;50;50;100;100;19.87;4.83;13.95;3.3;3.17;0.204;62.5;15.52;8.31;4.26;0.77;2.39;7.17;177.4;125.1;33.2;4.8;14.3;1.23;1.42;0.22;0.3;2.16;2.24;0.155;37.5;14.38;7.16;4.18;0.73;2.44;6.78;106.2;74;13.8;4.9;13.6;1.22;0.57;0.19;0.26
5;50;100;0;0;15.5;3.36;9.48;2.88;2.93;0.19;52.7;15.45;8.02;4.42;0.77;2.49;4.9;175.3;135.8;24.7;5;9.8;1.71;0.7;0.24;0.29;0.81;0.79;0.157;47.3;4.96;2.51;1.47;0.24;0.86;4.58;157.5;137.7;8.9;1.7;9.2;0.28;0.36;0.07;0.09
5;50;100;0;50;14.8;3.43;9.83;3.18;3.17;0.201;52;15.73;8.3;4.46;0.72;2.47;5.13;174.5;136.9;22.5;4.9;10.3;1.72;0.91;0.23;0.31;1.07;1.04;0.174;48;5.9;3.08;1.64;0.29;0.96;4.7;161.4;136.7;13.5;1.9;9.4;0.3;0.55;0.08;0.11
5;50;100;0;100;14.58;3.56;10.15;3.36;3.38;0.211;51.9;16.02;8.61;4.46;0.73;2.53;5.26;174.3;137.4;21.3;5.1;10.5;1.72;1.11;0.24;0.31;1.29;1.26;0.191;48.1;6.54;3.44;1.83;0.29;1.03;4.88;161.3;136.1;13.3;2.1;9.8;0.31;0.76;0.08;0.11
5;50;100;50;0;17.69;3.89;10.98;3.13;3.15;0.19;58;16.58;8.69;4.64;0.8;2.68;5.67;177.8;130.6;30.5;5.4;11.3;1.63;0.95;0.25;0.33;1.08;1.1;0.153;42;7.08;3.58;2.02;0.36;1.21;5.31;128.7;107.1;8.6;2.4;10.6;0.52;0.36;0.09;0.13
5;50;100;50;50;17.45;4.11;12.12;3.39;3.38;0.2;56.6;16.88;8.9;4.7;0.81;2.6;6.21;176.4;129.9;28.8;5.2;12.4;1.61;1.21;0.23;0.33;1.48;1.51;0.162;43.4;9.28;4.65;2.68;0.49;1.5;5.91;135;107.5;12.7;3;11.8;0.7;0.52;0.11;0.18
5;50;100;50;100;17.25;4.53;13.28;3.8;3.73;0.216;56;17.27;9.29;4.67;0.82;2.59;6.86;175.3;129.2;27.2;5.2;13.7;1.63;1.53;0.24;0.33;1.98;1.98;0.169;44;11.69;5.93;3.46;0.58;1.94;6.42;137.6;108;12.9;3.9;12.8;0.91;0.72;0.14;0.21
5;50;100;100;0;19.72;4.24;12.37;3.35;3.34;0.188;65;17.72;9.24;5.03;0.81;2.81;6.4;180.2;125.8;36;5.6;12.8;1.58;1.15;0.26;0.35;1.25;1.29;0.151;35;8.48;4.25;2.46;0.44;1.43;5.97;96.7;73.7;8.3;2.9;11.9;0.69;0.35;0.11;0.15
5;50;100;100;50;19.75;4.88;14.04;3.78;3.68;0.2;63.1;18.39;9.78;5.11;0.92;2.87;7.31;178.5;123.1;35.1;5.7;14.6;1.52;1.52;0.28;0.36;1.86;1.88;0.157;36.9;11.95;5.99;3.45;0.63;2.01;6.73;104.5;75;12;4;13.5;1.02;0.49;0.15;0.22
5;50;100;100;100;19.75;5.32;15.3;4.24;4.12;0.218;62.2;18.89;10.23;5.09;0.88;2.91;7.89;176.5;121.3;33.6;5.8;15.8;1.52;1.96;0.29;0.35;2.29;2.36;0.162;37.8;14.49;7.2;4.27;0.76;2.41;7.41;107.3;75.8;11.8;4.8;14.8;1.25;0.67;0.18;0.26
5;100;0;0;0;17.25;2.68;7.79;2.23;2.09;0.186;43.9;11.26;5.88;3.25;0.5;1.74;4.13;121.6;94.4;15.5;3.5;8.3;1.38;0.32;0.17;0.22;0.72;0.74;0.136;56.1;5.33;2.66;1.54;0.27;0.94;3.66;155.7;132.1;14.4;1.9;7.3;0.27;0.3;0.07;0.09
5;100;0;0;50;16.98;2.97;8.62;2.23;2.21;0.19;44.1;11.64;6.04;3.36;0.54;1.85;4.39;122.5;95.7;14.4;3.7;8.8;1.43;0.4;0.17;0.22;0.95;0.98;0.147;55.9;6.58;3.25;1.97;0.33;1.12;4.23;155.3;130.2;14.4;2.2;8.5;0.29;0.48;0.08;0.13
5;100;0;0;100;16.85;3.23;9.23;2.51;2.35;0.194;43.5;12.11;6.5;3.36;0.57;1.89;4.88;124.1;97.2;13.3;3.8;9.8;1.44;0.5;0.18;0.24;1.21;1.24;0.16;56.5;7.74;3.92;2.28;0.38;1.34;4.35;161.5;128;22.1;2.7;8.7;0.28;0.72;0.1;0.14
5;100;0;50;0;19.27;3.15;8.96;2.23;2.2;0.183;49.7;12.03;6.3;3.38;0.58;1.99;4.69;124.9;92.2;19.4;4;9.4;1.38;0.39;0.19;0.24;1.01;0.98;0.138;50.3;7;3.42;2.15;0.36;1.16;4.27;126.2;101.4;13.9;2.3;8.5;0.48;0.29;0.09;0.13
5;100;0;50;50;19.08;3.63;10.49;2.28;2.32;0.187;49.5;12.41;6.34;3.66;0.56;1.95;5.5;125.6;92.7;18;3.9;11;1.39;0.51;0.18;0.25;1.4;1.42;0.145;50.5;9.68;4.8;2.88;0.49;1.68;4.99;128;100.9;13.8;3.4;10;0.66;0.46;0.13;0.17
5;100;0;50;100;19.24;4.14;11.98;2.62;2.53;0.195;47.9;12.99;6.87;3.65;0.6;2.05;6.19;126.5;92.8;17.2;4.1;12.4;1.38;0.7;0.19;0.26;1.88;1.92;0.153;52.1;12.49;6.24;3.73;0.58;2.09;5.79;137.5;100.8;20.9;4.2;11.6;0.85;0.68;0.16;0.24
5;100;0;100;0;20.96;3.44;10.03;2.27;2.23;0.179;57.2;12.43;6.38;3.6;0.63;1.97;5.17;127;90.1;22.6;3.9;10.3;1.33;0.47;0.17;0.25;1.2;1.2;0.139;42.8;8.53;4.19;2.57;0.43;1.47;4.86;95.2;69.1;13.4;2.9;9.7;0.65;0.28;0.11;0.16
5;100;0;100;50;21.32;4.21;12.18;2.46;2.42;0.183;56.5;13.27;6.9;3.84;0.62;2.11;6.36;128.2;89.7;21.6;4.2;12.7;1.32;0.66;0.17;0.27;1.74;1.77;0.145;43.5;12.14;6.05;3.53;0.62;2.1;5.82;98.8;69.5;13.5;4.2;11.6;0.94;0.45;0.15;0.22
5;100;0;100;100;21.05;4.78;13.71;2.69;2.72;0.193;54.6;14.04;7.26;4;0.72;2.27;7.14;129.1;89.7;20.6;4.5;14.3;1.35;0.88;0.21;0.27;2.19;2.25;0.15;45.4;14.92;7.39;4.41;0.77;2.5;6.58;107.5;69.4;19.9;5;13.2;1.15;0.64;0.19;0.27
5;100;50;0;0;17.45;3.53;10.06;3.05;3.01;0.19;44.4;15.87;8.28;4.46;0.79;2.52;5.23;125.6;94.4;15.7;5;10.5;2.02;0.44;0.24;0.32;0.81;0.85;0.145;55.6;5.76;2.87;1.74;0.31;1.02;4.83;157.1;132;13.3;2;9.7;0.28;0.39;0.07;0.11
5;100;50;0;50;17.22;3.79;10.74;3.35;3.23;0.196;43.9;16.52;8.82;4.55;0.82;2.62;5.67;127;95.9;14.6;5.2;11.3;2.06;0.6;0.25;0.32;1.1;1.11;0.163;56.1;6.73;3.43;1.95;0.35;1.17;5.07;162.6;130;20.2;2.3;10.1;0.27;0.63;0.08;0.12
5;100;50;0;100;17.03;4;11.46;3.36;3.39;0.202;44;16.8;8.9;4.7;0.77;2.68;5.94;127.6;97.1;13.3;5.4;11.9;2.08;0.75;0.24;0.33;1.4;1.43;0.177;56;8.04;4.1;2.31;0.39;1.32;5.52;162.5;128.2;20.6;2.6;11;0.29;0.9;0.1;0.14
5;100;50;50;0;19.49;3.92;11.35;3.27;3.09;0.186;49.9;16.59;8.76;4.63;0.8;2.6;5.87;127.9;91.9;19.1;5.2;11.7;1.96;0.56;0.24;0.33;1.15;1.12;0.145;50.1;7.66;3.89;2.25;0.36;1.32;5.49;128.6;101.8;13.1;2.6;11;0.5;0.39;0.1;0.14
5;100;50;50;50;19.25;4.39;12.69;3.38;3.32;0.193;48.6;17.17;9.05;4.87;0.79;2.66;6.55;128.8;92.4;18;5.3;13.1;1.99;0.76;0.24;0.33;1.53;1.58;0.156;51.4;10.04;5.05;2.93;0.48;1.73;6.13;136.4;101.2;19.4;3.5;12.3;0.66;0.61;0.13;0.18
5;100;50;50;100;19.17;4.86;14.2;3.7;3.62;0.204;49.8;17.7;9.46;4.93;0.86;2.72;7.33;137.8;92.2;25.5;5.4;14.7;1.99;1.03;0.25;0.35;2.1;2.12;0.163;50.2;12.91;6.55;3.79;0.61;2.14;6.87;138.8;101.4;19.4;4.3;13.7;0.87;0.84;0.17;0.23
5;100;50;100;0;21.44;4.3;12.32;3.4;3.26;0.186;57.4;17.48;9.27;4.84;0.83;2.77;6.41;130.8;89.5;22.9;5.5;12.8;1.92;0.74;0.26;0.34;1.25;1.3;0.145;42.6;8.86;4.36;2.66;0.46;1.53;5.91;97;69.6;12.6;3.1;11.8;0.64;0.38;0.12;0.16
5;100;50;100;50;21.51;5.05;14.5;3.75;3.59;0.194;57.1;18.46;9.78;5.24;0.82;2.92;7.55;142.1;88;33.2;5.8;15.1;1.92;1.06;0.26;0.35;1.85;1.9;0.153;42.9;12.38;6.2;3.64;0.61;2.13;6.95;107;70.7;18.1;4.3;13.9;0.96;0.56;0.16;0.22
5;100;50;100;100;21.35;5.46;15.91;3.96;3.88;0.204;56.6;18.99;10.16;5.17;0.91;2.92;8.31;142.2;88.2;31.5;5.8;16.6;1.92;1.32;0.27;0.37;2.4;2.41;0.159;43.4;15.12;7.56;4.53;0.79;2.54;7.59;109.2;70.5;18.4;5.1;15.2;1.15;0.79;0.19;0.28
5;100;100;0;0;17.39;4.05;11.8;3.68;3.72;0.193;46.1;19.25;10.07;5.47;0.93;3.02;6.11;135.7;93.8;23.7;6;12.2;2.4;0.66;0.29;0.38;0.96;0.98;0.161;53.9;5.99;3.06;1.73;0.3;1.03;5.69;158.5;133;12.1;2.1;11.4;0.28;0.52;0.08;0.1
5;100;100;0;50;16.94;4.26;12.17;4.11;4.01;0.202;45.4;19.82;10.57;5.44;1.01;3.09;6.31;135.7;95.1;21.7;6.2;12.6;2.46;0.88;0.29;0.37;1.23;1.28;0.18;54.6;7.03;3.57;2.02;0.37;1.17;5.86;163.4;131;18.3;2.3;11.7;0.28;0.78;0.09;0.12
5;100;100;0;100;16.65;4.44;12.56;4.31;4.21;0.209;45.5;20.09;10.75;5.46;0.9;3.17;6.63;136;96.1;20.3;6.3;13.3;2.45;1.07;0.3;0.39;1.51;1.6;0.2;54.5;7.95;4.12;2.29;0.38;1.27;5.93;162.8;129.7;18.7;2.5;11.9;0.29;1.09;0.09;0.13
5;100;100;50;0;19.44;4.57;13.04;4.01;3.91;0.193;51.7;20.2;10.66;5.76;0.96;3.25;6.82;139.6;90.5;29;6.5;13.6;2.31;0.91;0.3;0.39;1.28;1.25;0.156;48.3;7.91;4;2.3;0.39;1.32;6.22;130.2;103.3;11.8;2.6;12.4;0.51;0.5;0.1;0.14
5;100;100;50;50;19.52;4.92;14.3;4.31;4.14;0.201;50.3;20.57;11;5.7;1.01;3.21;7.5;139.8;91;27.4;6.4;15;2.31;1.15;0.29;0.4;1.77;1.77;0.168;49.7;10.49;5.33;3.07;0.54;1.72;6.79;138;102.8;18.2;3.4;13.6;0.67;0.78;0.14;0.18
5;100;100;50;100;19.33;5.47;15.48;4.67;4.55;0.214;50;21.29;11.65;5.72;0.99;3.36;8.1;140;90.7;26.4;6.7;16.2;2.32;1.5;0.32;0.41;2.33;2.29;0.177;50;12.89;6.64;3.72;0.6;2.11;7.39;139.8;103.1;17.7;4.2;14.8;0.86;1.04;0.15;0.23
5;100;100;100;0;21.55;5.03;14.42;4.13;4.09;0.191;59.1;21.42;11.21;6.13;1.07;3.45;7.46;144.1;87.1;35.2;6.9;14.9;2.24;1.14;0.3;0.42;1.41;1.44;0.155;40.9;9.21;4.62;2.72;0.46;1.58;6.96;99.6;71.3;11.2;3.2;13.9;0.65;0.49;0.12;0.17
5;100;100;100;50;21.51;5.57;16.05;4.42;4.38;0.201;56.7;21.8;11.4;6.08;1.06;3.4;8.23;142.8;85.7;33.8;6.8;16.5;2.19;1.45;0.33;0.41;2.05;2.09;0.161;43.3;12.92;6.5;3.88;0.65;2.17;7.82;108.9;72.3;16.6;4.3;15.6;0.99;0.7;0.16;0.24
5;100;100;100;100;21.43;6;17.38;4.96;4.82;0.215;56.2;22.4;12.09;6.13;1.07;3.46;8.95;142.3;85.2;32.2;6.9;17.9;2.2;1.91;0.3;0.42;2.68;2.64;0.168;43.8;15.57;7.92;4.55;0.8;2.53;8.43;110.9;72.7;16.3;5.1;16.9;1.21;0.95;0.19;0.29
6;0;0;0;0;13.71;1.81;5.07;1.19;1.16;0.169;58.9;6.78;3.5;1.94;0.33;1.15;2.71;209.7;184.7;17.2;2.3;5.4;0.56;0.35;0.11;0.13;0.51;0.53;0.132;41.1;3.81;1.87;1.16;0.2;0.66;2.36;146.5;133.3;7.1;1.3;4.7;0.27;0.14;0.05;0.07
6;0;0;0;50;13.28;1.9;5.47;1.33;1.27;0.177;58.6;7.14;3.69;2.07;0.32;1.11;2.83;208.8;184.6;16.3;2.2;5.7;0.58;0.44;0.11;0.14;0.64;0.62;0.138;41.4;4.35;2.18;1.29;0.22;0.79;2.64;147.3;133.4;7;1.6;5.3;0.29;0.2;0.06;0.08
6;0;0;0;100;12.88;2;5.86;1.43;1.4;0.185;58.1;7.52;3.98;2.08;0.39;1.2;3.1;208.9;184.9;15.4;2.4;6.2;0.57;0.57;0.11;0.15;0.7;0.73;0.148;41.9;4.86;2.42;1.4;0.26;0.81;2.76;150.6;133.2;10.3;1.6;5.5;0.3;0.28;0.06;0.09
6;0;0;50;0;15.73;2.3;6.28;1.27;1.26;0.167;64.4;7.52;3.88;2.12;0.39;1.26;3.36;211.2;181.2;20.8;2.5;6.7;0.56;0.42;0.13;0.15;0.8;0.82;0.139;35.6;5.77;2.86;1.74;0.29;1.04;2.92;116.5;101.7;6.9;2.1;5.8;0.49;0.14;0.09;0.1
6;0;0;50;50;15.73;2.67;7.45;1.39;1.42;0.174;63.5;8.12;4.18;2.3;0.38;1.32;3.81;208.7;178.2;20.2;2.6;7.6;0.55;0.58;0.14;0.16;1.12;1.09;0.142;36.5;7.63;3.83;2.23;0.37;1.34;3.64;119.8;103.2;6.7;2.7;7.3;0.66;0.19;0.1;0.14
6;0;0;50;100;15.56;3.04;8.89;1.68;1.64;0.188;62.2;8.69;4.59;2.4;0.42;1.36;4.63;207.6;176.5;19;2.7;9.3;0.56;0.78;0.13;0.17;1.43;1.46;0.146;37.8;9.96;4.85;3.01;0.53;1.67;4.26;125.9;104;10;3.3;8.5;0.88;0.27;0.12;0.18
6;0;0;100;0;17.94;2.53;7.39;1.39;1.35;0.163;71.3;8.21;4.16;2.4;0.42;1.32;3.84;212.7;177.8;24.6;2.6;7.7;0.56;0.5;0.13;0.16;0.98;0.99;0.14;28.7;6.97;3.38;2.18;0.39;1.21;3.55;85.3;69;6.8;2.4;7.1;0.62;0.14;0.1;0.13
6;0;0;100;50;17.77;3.27;9.43;1.61;1.58;0.171;70;9.16;4.66;2.67;0.49;1.46;4.97;209.5;173.2;23.5;2.9;9.9;0.56;0.69;0.13;0.19;1.39;1.47;0.142;30;10.27;5.04;3.12;0.51;1.82;4.46;89.5;70.6;6.4;3.6;8.9;0.98;0.17;0.14;0.18
6;0;0;100;100;17.99;3.62;10.72;1.96;1.86;0.186;68.4;9.96;5.19;2.8;0.47;1.54;5.63;207.6;170;23.2;3.1;11.3;0.53;0.99;0.13;0.21;1.81;1.82;0.145;31.6;12.47;6.17;3.71;0.65;2.08;5.09;95.5;71.6;9.5;4.2;10.2;1.16;0.27;0.15;0.24
6;0;50;0;0;13.45;1.96;5.71;1.34;1.36;0.169;58.2;7.98;4.05;2.37;0.36;1.29;3.04;207.2;180.9;17.6;2.6;6.1;0.58;0.5;0.12;0.17;0.54;0.56;0.139;41.8;3.87;1.91;1.16;0.21;0.66;2.67;148.5;135.9;5.9;1.3;5.3;0.29;0.16;0.05;0.07
6;0;50;0;50;12.95;2.04;6;1.51;1.52;0.183;58;8.26;4.32;2.3;0.39;1.33;3.12;206.1;180.6;16.6;2.7;6.2;0.56;0.67;0.12;0.16;0.68;0.68;0.148;42;4.42;2.19;1.35;0.21;0.71;2.87;149.1;136.1;5.8;1.4;5.7;0.3;0.24;0.05;0.09
6;0;50;0;100;12.48;2.23;6.26;1.75;1.72;0.199;57.3;8.63;4.63;2.31;0.42;1.39;3.23;204.9;180.2;15.4;2.8;6.5;0.56;0.87;0.13;0.17;0.78;0.8;0.163;42.7;4.85;2.48;1.42;0.23;0.84;3.03;152.9;136.4;8.7;1.7;6.1;0.3;0.35;0.06;0.09
6;0;50;50;0;15.71;2.44;7.22;1.52;1.52;0.167;63.6;9.07;4.56;2.69;0.47;1.47;3.83;208;176.1;21.3;2.9;7.7;0.58;0.62;0.14;0.18;0.8;0.83;0.142;36.4;5.74;2.82;1.75;0.3;0.97;3.4;118.7;104.3;5.7;1.9;6.8;0.5;0.16;0.07;0.1
6;0;50;50;50;15.35;2.91;8.31;1.81;1.78;0.182;62.7;9.77;5.03;2.83;0.48;1.55;4.4;205.2;172.9;20.4;3.1;8.8;0.56;0.87;0.14;0.2;1.11;1.13;0.146;37.3;7.67;3.84;2.23;0.36;1.35;3.91;121.8;105.9;5.4;2.7;7.8;0.69;0.22;0.09;0.13
6;0;50;50;100;15.51;3.29;9.68;2.08;2.08;0.204;62.5;10.18;5.37;2.84;0.51;1.55;5.06;213.5;170.8;29.5;3.1;10.1;0.54;1.2;0.15;0.19;1.5;1.55;0.152;37.5;10.14;5.03;3.04;0.52;1.73;4.62;127.9;107;8.2;3.5;9.2;0.91;0.34;0.13;0.18
6;0;50;100;0;17.84;2.95;8.34;1.79;1.76;0.17;70.3;10.32;5.27;3;0.53;1.7;4.33;207.4;170;25.3;3.4;8.7;0.55;0.83;0.17;0.21;1.02;1.03;0.143;29.7;7.13;3.54;2.14;0.35;1.25;4.01;87.6;71.6;5.5;2.5;8;0.66;0.15;0.09;0.14
6;0;50;100;50;18.28;3.61;10.27;2.1;2.09;0.186;70.2;11.22;5.81;3.21;0.54;1.82;5.4;217.1;165.5;37.2;3.6;10.8;0.54;1.16;0.17;0.22;1.5;1.53;0.146;29.8;10.4;5.11;3.11;0.56;1.79;4.87;91.9;73.2;5.5;3.6;9.7;0.99;0.22;0.14;0.18
6;0;50;100;100;18.11;4.03;11.65;2.48;2.45;0.204;68.6;11.97;6.35;3.38;0.53;1.87;6.12;213.4;161.4;36;3.7;12.2;0.5;1.53;0.18;0.24;1.83;1.92;0.15;31.4;12.74;6.28;3.85;0.64;2.16;5.53;97.5;74.5;7.6;4.3;11.1;1.22;0.3;0.17;0.23
6;0;100;0;0;13.27;2.15;6.33;1.7;1.68;0.177;58.5;9.43;4.84;2.67;0.49;1.5;3.36;212.9;176;27.2;3;6.7;0.6;0.76;0.14;0.18;0.55;0.58;0.144;41.5;3.83;1.86;1.21;0.21;0.65;2.96;151.2;139.2;4.7;1.3;5.9;0.3;0.17;0.05;0.07
6;0;100;0;50;12.81;2.21;6.59;2.05;1.95;0.198;58;9.79;5.2;2.71;0.49;1.46;3.46;210.4;174.8;25.8;2.9;6.9;0.56;1.05;0.14;0.2;0.71;0.72;0.158;42;4.44;2.26;1.28;0.23;0.75;3.13;152.5;140;4.7;1.5;6.3;0.31;0.26;0.06;0.09
6;0;100;0;100;12.47;2.35;6.78;2.29;2.25;0.222;57.3;10.13;5.51;2.73;0.47;1.56;3.51;209;174.7;24.2;3.1;7;0.57;1.33;0.15;0.2;0.82;0.83;0.166;42.7;4.88;2.46;1.46;0.23;0.8;3.27;155.4;140.1;7.2;1.6;6.5;0.32;0.36;0.06;0.09
6;0;100;50;0;15.56;2.8;7.94;2.01;1.97;0.181;63.7;10.88;5.67;3.1;0.54;1.76;4.19;214;169.2;32.8;3.5;8.4;0.56;1.02;0.17;0.22;0.81;0.86;0.145;36.3;5.79;2.9;1.74;0.28;1.04;3.75;121.8;107.7;4.5;2.1;7.5;0.52;0.16;0.07;0.11
6;0;100;50;50;15.56;3.07;9.13;2.35;2.27;0.198;62.7;11.48;5.96;3.26;0.56;1.75;4.7;210.6;166.1;31.6;3.5;9.4;0.56;1.33;0.16;0.23;1.24;1.24;0.152;37.3;8.08;4;2.38;0.41;1.32;4.43;125.5;109.4;4.6;2.6;8.9;0.73;0.26;0.11;0.15
6;0;100;50;100;15.52;3.5;10.15;2.75;2.74;0.23;61.4;11.92;6.55;3.15;0.55;1.74;5.27;208.1;163.4;30.6;3.5;10.5;0.54;1.82;0.16;0.22;1.56;1.58;0.155;38.6;10.15;5.1;3.02;0.47;1.76;4.87;130.7;110.7;6.7;3.5;9.7;0.93;0.34;0.14;0.18
6;0;100;100;0;18.1;3.21;9.39;2.33;2.23;0.179;70.5;12.45;6.39;3.58;0.65;1.95;5.01;215.4;162.1;39.3;3.9;10;0.52;1.26;0.19;0.26;1.05;1.08;0.146;29.5;7.35;3.63;2.25;0.39;1.26;4.38;90.1;74.3;4.5;2.5;8.8;0.69;0.17;0.09;0.14
6;0;100;100;50;18.44;3.89;11.38;2.66;2.63;0.198;69.1;13.31;7;3.85;0.58;2.12;5.97;212.2;157.6;38.4;4.2;11.9;0.51;1.68;0.19;0.26;1.54;1.59;0.149;30.9;10.61;5.31;3.17;0.51;1.77;5.41;94.5;75.8;4.3;3.5;10.8;1.02;0.25;0.13;0.19
6;0;100;100;100;18.39;4.42;12.63;3.33;3.3;0.231;67.4;14.26;7.81;3.88;0.64;2.17;6.61;207.5;152.6;37.3;4.3;13.2;0.52;2.3;0.21;0.27;1.92;2;0.151;32.6;13.13;6.51;3.92;0.69;2.25;6.03;100.3;77.5;6.2;4.5;12.1;1.28;0.31;0.18;0.24
6;50;0;0;0;15.41;2.33;6.65;1.75;1.72;0.181;53.3;9.49;4.98;2.68;0.47;1.55;3.52;169.1;142.2;16.8;3.1;7;1.05;0.33;0.14;0.19;0.61;0.63;0.135;46.7;4.54;2.16;1.38;0.24;0.78;3.13;148.1;130.1;10.2;1.6;6.3;0.27;0.21;0.06;0.08
6;50;0;0;50;15.17;2.46;7.04;1.83;1.81;0.185;53.3;9.77;5.07;2.83;0.46;1.59;3.75;169.2;142.5;16.1;3.2;7.5;1.04;0.43;0.14;0.2;0.72;0.73;0.139;46.7;5.14;2.54;1.54;0.27;0.87;3.29;148.4;129.9;10.2;1.7;6.6;0.28;0.3;0.07;0.09
6;50;0;0;100;14.86;2.72;7.75;2.02;1.96;0.191;52.4;10.25;5.41;2.91;0.47;1.64;4.02;169.7;143.7;14.7;3.3;8;1.06;0.55;0.15;0.2;0.94;0.97;0.156;47.6;6.15;3.1;1.77;0.34;1.08;3.73;153.9;128.8;15.5;2.2;7.5;0.29;0.49;0.08;0.11
6;50;0;50;0;17.52;2.74;7.68;1.86;1.81;0.177;59;10.18;5.32;2.87;0.51;1.72;4.08;170.9;138.8;20.5;3.4;8.2;1.02;0.42;0.17;0.21;0.86;0.86;0.138;41;6.13;3;1.85;0.3;1.02;3.6;118.9;99.8;9.9;2;7.2;0.48;0.19;0.08;0.11
6;50;0;50;50;17.28;3.1;9.06;1.95;1.92;0.182;58.2;10.55;5.48;3.01;0.51;1.66;4.73;169.9;137.6;19.5;3.3;9.5;1;0.56;0.15;0.21;1.17;1.21;0.142;41.8;8.43;4.09;2.59;0.43;1.44;4.34;121.9;100.6;9.7;2.9;8.7;0.66;0.28;0.12;0.15
6;50;0;50;100;17.48;3.67;10.53;2.24;2.16;0.192;56.8;11.21;5.93;3.16;0.53;1.83;5.47;170.4;137.2;18.6;3.7;10.9;1.02;0.76;0.16;0.21;1.57;1.62;0.15;43.2;10.74;5.29;3.28;0.54;1.84;5.06;129.4;100.9;14.7;3.7;10.1;0.83;0.46;0.13;0.2
6;50;0;100;0;19.54;3.12;8.71;1.83;1.9;0.174;66.1;10.88;5.59;3.15;0.53;1.83;4.57;172.9;136.2;24;3.7;9.1;1;0.5;0.17;0.22;1.01;1.04;0.139;33.9;7.4;3.61;2.23;0.4;1.29;4.15;88.5;67.8;9.9;2.6;8.3;0.61;0.2;0.09;0.14
6;50;0;100;50;19.63;3.75;10.79;2.12;2.09;0.179;64.9;11.67;5.95;3.39;0.6;1.84;5.62;171.4;133.3;23.2;3.7;11.2;0.99;0.69;0.18;0.24;1.54;1.55;0.142;35.1;10.87;5.44;3.19;0.56;1.91;5.17;92.7;69.1;9.5;3.8;10.3;0.94;0.28;0.13;0.2
6;50;0;100;100;19.56;4.19;12.29;2.42;2.36;0.191;63.1;12.38;6.5;3.39;0.63;1.93;6.42;171.2;132.2;22.3;3.9;12.8;0.98;0.96;0.18;0.24;2.01;2;0.148;36.9;13.41;6.69;4.02;0.7;2.26;5.87;99.8;69.6;14;4.5;11.7;1.15;0.44;0.17;0.25
6;50;50;0;0;15.41;2.75;7.97;2.38;2.28;0.183;53;12.43;6.42;3.53;0.59;1.95;4.13;169.4;140.2;17;3.9;8.3;1.37;0.48;0.18;0.24;0.64;0.68;0.143;47;4.64;2.27;1.4;0.27;0.8;3.83;150.4;131.9;9.2;1.6;7.7;0.28;0.25;0.06;0.09
6;50;50;0;50;14.95;2.98;8.54;2.55;2.5;0.192;53.1;13.02;6.73;3.78;0.63;2.06;4.46;170;141.2;15.8;4.1;8.9;1.4;0.65;0.19;0.26;0.85;0.86;0.154;46.9;5.49;2.7;1.64;0.29;0.92;4.08;150.2;131;9.1;1.8;8.2;0.29;0.39;0.07;0.11
6;50;50;0;100;14.65;3.14;9.01;2.78;2.73;0.201;52.4;13.53;7.19;3.79;0.65;2.09;4.68;170.2;141.8;14.9;4.2;9.4;1.42;0.83;0.21;0.27;1.03;1.07;0.171;47.6;6.2;3.15;1.76;0.3;1.05;4.33;154.9;130.4;13.7;2.1;8.7;0.3;0.57;0.08;0.11
6;50;50;50;0;17.55;3.16;9.43;2.48;2.42;0.18;58.5;13.4;6.96;3.83;0.64;2.09;4.94;171.3;136.6;20.7;4.2;9.9;1.35;0.6;0.19;0.28;0.9;0.92;0.144;41.5;6.33;3.06;1.94;0.35;1.07;4.49;121.3;101.3;8.9;2.1;9;0.49;0.24;0.07;0.12
6;50;50;50;50;17.57;3.8;10.68;2.8;2.68;0.189;58;14.14;7.51;3.99;0.67;2.28;5.68;171;135.2;19.9;4.6;11.4;1.33;0.86;0.22;0.27;1.31;1.3;0.149;42;8.62;4.38;2.5;0.44;1.51;5;123.9;102.2;8.7;3;10;0.67;0.37;0.11;0.15
6;50;50;50;100;17.2;4.06;11.97;3;2.95;0.204;58.1;14.43;7.62;4.06;0.71;2.26;6.35;180.5;135.1;28.2;4.5;12.7;1.33;1.13;0.22;0.28;1.76;1.75;0.157;41.9;11.05;5.55;3.3;0.56;1.8;5.62;130.1;102.2;13;3.6;11.2;0.87;0.55;0.13;0.2
6;50;50;100;0;19.53;3.66;10.64;2.72;2.65;0.181;65.5;14.64;7.6;4.21;0.71;2.35;5.58;172.4;132;24.5;4.7;11.2;1.32;0.81;0.22;0.3;1.15;1.11;0.144;34.5;7.67;3.77;2.34;0.37;1.31;5.06;90.7;69.6;8.3;2.6;10.1;0.65;0.23;0.1;0.13
6;50;50;100;50;19.74;4.4;12.5;2.97;2.95;0.191;65.8;15.39;8.08;4.29;0.73;2.45;6.46;182.6;129;35.7;4.9;12.9;1.3;1.12;0.23;0.3;1.56;1.66;0.148;34.2;11.12;5.49;3.34;0.58;1.94;6.04;95;71;8;3.9;12.1;0.97;0.34;0.15;0.2
6;50;50;100;100;19.73;4.87;13.88;3.3;3.22;0.204;64.1;15.76;8.36;4.32;0.74;2.47;7.3;181.9;128.1;34.2;4.9;14.6;1.25;1.44;0.22;0.31;2.02;2.15;0.154;35.9;13.83;6.88;4.12;0.72;2.4;6.58;101.9;71.4;12.5;4.8;13.2;1.19;0.52;0.18;0.25
6;50;100;0;0;15.35;3.35;9.5;3.11;3.03;0.19;54.2;15.96;8.38;4.48;0.77;2.56;5;179.5;138.3;26.1;5.1;10;1.75;0.73;0.24;0.31;0.74;0.73;0.155;45.8;4.58;2.3;1.36;0.23;0.79;4.5;151.9;133.6;7.7;1.6;9;0.28;0.31;0.06;0.08
6;50;100;0;50;15.03;3.37;9.99;3.35;3.27;0.201;53.3;16.26;8.62;4.61;0.8;2.51;5.26;178.7;138.8;24.4;5;10.5;1.72;0.99;0.24;0.32;0.9;0.95;0.172;46.7;5.43;2.73;1.55;0.3;0.86;4.73;156.3;133.1;12;1.7;9.5;0.29;0.49;0.07;0.1
6;50;100;0;100;14.64;3.51;10.2;3.58;3.56;0.214;53;16.62;8.85;4.6;0.78;2.53;5.22;177.1;138.5;23;5.1;10.4;1.73;1.28;0.23;0.32;1.12;1.13;0.184;47;6.04;3.11;1.75;0.29;0.98;4.97;157.3;133.4;11.9;2;9.9;0.3;0.65;0.07;0.11
6;50;100;50;0;17.56;3.75;10.92;3.32;3.25;0.19;59.4;17.09;8.9;4.88;0.82;2.66;5.62;181.4;132.9;32;5.3;11.2;1.67;0.99;0.26;0.33;1.02;1.01;0.152;40.6;6.57;3.27;1.95;0.32;1.09;5.3;124;103.8;7.5;2.2;10.6;0.5;0.31;0.08;0.12
6;50;100;50;50;17.65;4.25;12.15;3.56;3.49;0.201;58.2;17.39;9.31;4.83;0.87;2.74;6.43;181.2;132.6;30.3;5.5;12.9;1.64;1.26;0.26;0.33;1.34;1.4;0.161;41.8;8.66;4.43;2.55;0.39;1.51;5.72;130.3;103.9;11.9;3;11.4;0.67;0.48;0.11;0.15
6;50;100;50;100;17.35;4.62;13.27;3.87;3.94;0.22;57.4;17.88;9.55;4.86;0.9;2.77;6.89;178.9;130.9;28.7;5.5;13.8;1.65;1.7;0.25;0.34;1.85;1.84;0.164;42.6;11.14;5.57;3.32;0.56;1.85;6.38;133;105.1;11.4;3.7;12.8;0.89;0.61;0.14;0.2
6;50;100;100;0;19.76;4.32;12.05;3.42;3.4;0.188;66.5;18.06;9.49;4.94;0.91;2.97;6.32;184.6;128.5;37.5;5.9;12.6;1.6;1.18;0.27;0.35;1.2;1.21;0.15;33.5;7.96;4.02;2.31;0.39;1.35;5.74;92.8;71.2;7.4;2.7;11.5;0.66;0.31;0.1;0.15
6;50;100;100;50;20.16;5;14.15;3.86;3.86;0.2;64.4;19.26;10.21;5.34;0.97;3.03;7.39;183.1;125.2;37;6.1;14.8;1.58;1.61;0.29;0.38;1.77;1.78;0.157;35.6;11.33;5.74;3.32;0.51;1.98;6.76;101;72.7;10.8;4;13.5;0.97;0.45;0.16;0.21
6;50;100;100;100;19.95;5.26;15.5;4.38;4.34;0.223;63.6;19.49;10.55;5.38;0.93;2.94;8.08;181;123.4;35.5;5.9;16.2;1.55;2.15;0.27;0.36;2.14;2.2;0.159;36.4;13.78;6.94;4.09;0.71;2.32;7.42;103.5;73.5;10.5;4.6;14.8;1.21;0.57;0.17;0.26
6;100;0;0;0;17.43;2.81;7.88;2.25;2.16;0.186;45.5;11.63;6.2;3.26;0.53;1.92;4.15;125.5;96.6;16.8;3.8;8.3;1.42;0.33;0.18;0.23;0.65;0.71;0.135;54.5;5.09;2.45;1.58;0.27;0.89;3.73;150.3;127.6;13.4;1.8;7.5;0.26;0.28;0.07;0.1
6;100;0;0;50;17.02;2.92;8.63;2.33;2.29;0.189;45.7;12.13;6.28;3.46;0.58;1.85;4.58;126.1;97.6;15.6;3.7;9.2;1.44;0.43;0.17;0.25;0.87;0.91;0.146;54.3;6.17;3.03;1.86;0.33;1.07;4.05;149.9;126.2;13.5;2.1;8.1;0.28;0.45;0.08;0.11
6;100;0;0;100;16.7;3.22;9.26;2.51;2.46;0.194;44.8;12.68;6.68;3.6;0.58;2;4.86;126.8;98.8;14.2;4;9.7;1.47;0.54;0.19;0.26;1.13;1.17;0.159;55.2;7.33;3.69;2.17;0.36;1.22;4.39;156.4;124.6;20.6;2.4;8.8;0.28;0.67;0.09;0.13
6;100;0;50;0;19.38;3.24;9.01;2.31;2.25;0.183;51.1;12.28;6.54;3.4;0.57;2.09;4.65;127.6;94.1;20;4.2;9.3;1.4;0.4;0.2;0.24;0.95;0.94;0.138;48.9;6.76;3.29;2.08;0.35;1.14;4.36;122.3;98.1;13.2;2.3;8.7;0.47;0.27;0.09;0.12
6;100;0;50;50;19.21;3.55;10.39;2.43;2.37;0.186;50.9;12.75;6.63;3.57;0.63;1.99;5.5;128.5;94.6;18.9;4;11;1.4;0.54;0.17;0.26;1.33;1.34;0.145;49.1;9.18;4.54;2.75;0.5;1.56;4.9;123.8;97.6;13.2;3.1;9.8;0.63;0.43;0.12;0.16
6;100;0;50;100;19.02;4.14;11.88;2.53;2.57;0.195;49.4;13.2;6.84;3.75;0.66;2.08;6.24;129.3;94.8;17.8;4.2;12.5;1.39;0.72;0.2;0.26;1.76;1.8;0.152;50.6;11.81;5.92;3.45;0.64;2.06;5.65;132.4;97.4;19.6;4.1;11.3;0.81;0.63;0.14;0.21
6;100;0;100;0;20.94;3.46;10.05;2.37;2.31;0.18;58.9;12.87;6.67;3.71;0.64;2.08;5.26;130.9;92.9;23.3;4.2;10.5;1.39;0.48;0.19;0.25;1.09;1.13;0.139;41.1;8.05;3.94;2.46;0.42;1.39;4.79;91.4;66.3;12.7;2.8;9.6;0.6;0.27;0.11;0.15
6;100;0;100;50;21.4;4.18;12.15;2.53;2.51;0.184;58.1;13.65;7.07;3.92;0.68;2.19;6.45;132;92.2;22.5;4.4;12.9;1.36;0.66;0.21;0.28;1.63;1.7;0.145;41.9;11.66;5.76;3.5;0.62;2;5.71;95.2;66.8;13;4;11.4;0.9;0.44;0.15;0.21
6;100;0;100;100;21.34;4.76;13.66;2.78;2.81;0.193;56.1;14.52;7.69;4.09;0.69;2.38;7.22;132.3;91.2;21.9;4.8;14.4;1.38;0.93;0.22;0.28;2.06;2.11;0.15;43.9;13.99;7.04;4.15;0.71;2.38;6.44;103.7;67.4;18.6;4.8;12.9;1.09;0.59;0.19;0.25
6;100;50;0;0;17.31;3.55;10.19;3.26;3.14;0.189;46.1;16.61;8.77;4.62;0.82;2.65;5.38;129.4;96.8;16.5;5.3;10.8;2.09;0.47;0.25;0.33;0.78;0.8;0.145;53.9;5.43;2.63;1.64;0.29;0.9;4.81;151.1;127.3;12.3;1.8;9.6;0.27;0.37;0.06;0.1
6;100;50;0;50;17.18;3.78;10.88;3.42;3.31;0.195;45.1;16.96;8.98;4.77;0.82;2.64;5.63;129.5;97.6;15.4;5.3;11.3;2.1;0.64;0.25;0.33;1.05;1.08;0.163;54.9;6.58;3.32;1.96;0.33;1.14;5.25;157.8;126.3;18.7;2.3;10.5;0.28;0.6;0.08;0.12
6;100;50;0;100;16.77;3.9;11.31;3.58;3.49;0.202;45.4;17.24;9.23;4.68;0.83;2.65;6.01;130.4;98.7;14.3;5.3;12;2.11;0.79;0.25;0.34;1.27;1.32;0.175;54.6;7.45;3.8;2.15;0.39;1.24;5.3;156.7;124.7;18.9;2.5;10.6;0.29;0.81;0.09;0.13
6;100;50;50;0;19.48;3.97;11.32;3.25;3.19;0.186;51.5;17.16;8.96;4.8;0.82;2.75;5.95;131.3;93.8;20.1;5.5;11.9;2;0.6;0.26;0.34;1.04;1.05;0.145;48.5;7.17;3.51;2.13;0.38;1.22;5.37;123.9;98.4;12.3;2.4;10.7;0.47;0.37;0.09;0.12
6;100;50;50;50;19.25;4.52;12.78;3.63;3.48;0.193;50.2;17.99;9.54;5.05;0.87;2.82;6.82;132.4;94.1;19;5.6;13.6;2.04;0.81;0.27;0.35;1.51;1.53;0.156;49.8;9.73;4.95;2.81;0.5;1.7;5.96;131.4;98.1;18;3.4;11.9;0.65;0.57;0.12;0.18
6;100;50;50;100;19.06;4.93;14.01;3.87;3.78;0.204;51.4;18.48;9.78;5.13;0.92;2.91;7.34;141.2;93.5;27.3;5.8;14.7;2.03;1.13;0.28;0.35;1.95;1.92;0.162;48.6;11.8;6.1;3.4;0.58;2.02;6.67;133.8;98.8;17.7;4;13.3;0.81;0.75;0.15;0.21
6;100;50;100;0;21.3;4.25;12.4;3.33;3.31;0.186;58.6;17.82;9.17;5.07;0.88;2.78;6.47;133.1;91.1;23.5;5.6;12.9;1.93;0.78;0.26;0.34;1.23;1.23;0.145;41.4;8.46;4.23;2.52;0.43;1.47;5.93;94.2;67.5;11.8;2.9;11.9;0.63;0.35;0.11;0.15
6;100;50;100;50;21.46;5.09;14.42;3.78;3.69;0.194;58.5;18.96;9.98;5.29;0.87;2.95;7.61;145.4;90.2;34.1;5.9;15.2;1.96;1.08;0.27;0.38;1.82;1.86;0.153;41.5;12.08;6.11;3.55;0.59;2.15;6.8;103.3;68.2;17.3;4.3;13.6;0.93;0.55;0.16;0.21
6;100;50;100;100;21.49;5.49;15.91;4.13;4;0.204;57.9;19.57;10.44;5.5;0.89;3.02;8.46;145.5;89.7;32.9;6;16.9;1.92;1.4;0.29;0.39;2.28;2.32;0.158;42.1;14.62;7.37;4.28;0.72;2.48;7.46;105.8;68.5;17.5;5;14.9;1.13;0.76;0.18;0.26
6;100;100;0;0;17.31;3.96;11.7;3.85;3.82;0.193;47.5;19.78;10.37;5.63;0.96;3.08;6.07;138.6;95.4;24.9;6.2;12.1;2.44;0.69;0.29;0.39;0.89;0.89;0.159;52.5;5.47;2.72;1.63;0.26;0.88;5.62;153.4;129.2;11.2;1.8;11.2;0.26;0.46;0.07;0.1
6;100;100;0;50;17.15;4.36;12.38;4.13;4.16;0.202;46.8;20.57;10.89;5.73;0.94;3.23;6.5;139.6;96.3;23.8;6.5;13;2.49;0.96;0.31;0.4;1.17;1.2;0.179;53.2;6.65;3.42;1.93;0.32;1.12;5.88;158.8;128;16.8;2.2;11.8;0.28;0.71;0.09;0.12
6;100;100;0;100;16.68;4.46;12.71;4.46;4.41;0.212;46.7;20.79;11.21;5.66;1.05;3.24;6.63;138.9;97.5;21.6;6.5;13.3;2.5;1.2;0.3;0.4;1.53;1.48;0.193;53.3;7.64;3.97;2.21;0.35;1.23;6.08;158.3;126.4;17.3;2.5;12.2;0.29;0.97;0.1;0.13
6;100;100;50;0;19.53;4.59;13.14;4.16;4.06;0.193;53.2;20.99;11.09;5.87;1.01;3.33;6.88;143.3;92.2;30.7;6.7;13.8;2.37;0.95;0.33;0.41;1.16;1.19;0.157;46.8;7.52;3.76;2.23;0.38;1.26;6.27;125.9;100;10.9;2.5;12.5;0.48;0.48;0.1;0.14
6;100;100;50;50;19.47;5.02;14.23;4.49;4.3;0.201;51.9;21.34;11.53;5.79;1.04;3.38;7.5;143.5;92.5;29.2;6.8;15;2.36;1.21;0.31;0.42;1.62;1.64;0.166;48.1;9.76;4.94;2.85;0.49;1.63;6.74;133.1;99.8;16.5;3.3;13.5;0.64;0.69;0.12;0.18
6;100;100;50;100;19.15;5.36;15.63;4.67;4.72;0.217;51.3;21.77;11.67;5.96;1.1;3.31;8.2;142.7;92.3;27.4;6.6;16.4;2.37;1.62;0.31;0.42;2.07;2.13;0.172;48.7;12.31;6.26;3.6;0.59;2.05;7.43;135.2;99.9;16.3;4.1;14.9;0.85;0.91;0.15;0.22
6;100;100;100;0;21.57;4.93;14.24;4.37;4.25;0.191;60.4;22.2;11.7;6.3;1.07;3.49;7.5;146.9;88.2;36.8;7;15;2.26;1.19;0.35;0.45;1.28;1.34;0.154;39.6;8.66;4.26;2.57;0.45;1.43;6.74;96.2;69.5;10.3;2.9;13.5;0.64;0.43;0.11;0.16
6;100;100;100;50;21.8;5.59;16.23;4.75;4.59;0.201;58.3;22.86;12.23;6.28;1.11;3.6;8.45;146.9;87;35.8;7.2;16.9;2.26;1.55;0.33;0.45;1.95;1.97;0.16;41.7;12.23;6.08;3.68;0.6;1.99;7.79;105;70.3;15.2;4;15.6;0.95;0.65;0.15;0.22
6;100;100;100;100;21.82;6.12;17.38;5.19;5.1;0.219;57.7;23.22;12.61;6.31;1.07;3.6;9.17;146.6;86.8;34.3;7.2;18.3;2.21;2.09;0.34;0.45;2.48;2.46;0.166;42.3;14.78;7.57;4.28;0.7;2.52;8.2;107.3;70.4;15.4;5;16.4;1.15;0.87;0.17;0.26
7;0;0;0;0;13.72;1.79;5.09;1.24;1.26;0.178;60.2;7.04;3.6;2;0.36;1.13;2.66;214;188.4;18.1;2.3;5.3;0.64;0.37;0.1;0.15;0.5;0.49;0.127;39.8;3.68;1.81;1.08;0.2;0.66;2.44;141.3;128.8;6.3;1.3;4.9;0.25;0.13;0.05;0.06
7;0;0;0;50;13.38;1.93;5.47;1.43;1.39;0.186;60;7.46;3.92;2.09;0.39;1.22;2.81;213.4;188.1;17.2;2.4;5.6;0.64;0.48;0.13;0.15;0.55;0.56;0.13;40;4.08;1.95;1.27;0.22;0.71;2.66;142;129;6.3;1.4;5.3;0.26;0.18;0.05;0.07
7;0;0;0;100;13.02;2.07;5.94;1.56;1.52;0.193;59.4;7.86;4.1;2.23;0.36;1.24;3.08;213.1;188.2;16.3;2.5;6.2;0.65;0.6;0.11;0.16;0.67;0.68;0.14;40.6;4.74;2.35;1.42;0.25;0.83;2.86;145.5;128.9;9.2;1.7;5.7;0.28;0.26;0.06;0.08
7;0;0;50;0;15.93;2.18;6.4;1.38;1.36;0.173;65.7;7.77;4;2.27;0.38;1.25;3.39;215.4;184.2;21.9;2.5;6.8;0.62;0.45;0.12;0.17;0.71;0.72;0.131;34.3;5.43;2.64;1.64;0.29;0.93;3.01;112.5;98.6;6.1;1.9;6;0.44;0.12;0.07;0.09
7;0;0;50;50;15.72;2.56;7.49;1.49;1.47;0.182;65;8.08;4.21;2.31;0.38;1.29;3.91;214.2;183;20.7;2.6;7.8;0.62;0.57;0.12;0.17;0.98;0.98;0.133;35;7.3;3.54;2.23;0.4;1.27;3.58;115;99.2;6.2;2.5;7.2;0.6;0.17;0.08;0.13
7;0;0;50;100;15.75;3.04;8.85;1.77;1.75;0.195;63.7;8.93;4.7;2.5;0.42;1.41;4.65;212.5;180.2;20.2;2.8;9.3;0.61;0.82;0.13;0.18;1.32;1.33;0.138;36.3;9.54;4.62;2.99;0.49;1.63;4.2;121.2;100.5;9;3.3;8.4;0.78;0.26;0.13;0.17
7;0;0;100;0;17.77;2.49;7.32;1.46;1.45;0.17;72.6;8.48;4.38;2.39;0.41;1.36;3.88;216.9;181.2;25.3;2.7;7.8;0.62;0.52;0.12;0.19;0.87;0.89;0.133;27.4;6.6;3.22;2;0.35;1.13;3.44;81.9;66.7;6;2.3;6.9;0.56;0.12;0.09;0.12
7;0;0;100;50;18;3.25;9.21;1.67;1.66;0.178;71.4;9.3;4.81;2.67;0.47;1.51;4.88;214.5;177.2;24.5;3;9.8;0.6;0.72;0.14;0.19;1.26;1.32;0.134;28.6;9.77;4.78;2.94;0.47;1.74;4.34;85.9;68;5.8;3.5;8.7;0.86;0.16;0.13;0.17
7;0;0;100;100;18.28;3.7;10.8;2.06;2.02;0.193;69.7;10.43;5.55;2.94;0.51;1.64;5.75;212;173;24.2;3.3;11.5;0.59;1.04;0.16;0.23;1.6;1.63;0.137;30.3;11.87;5.81;3.6;0.61;2.06;5.06;92.1;69.3;8.6;4.1;10.1;1.04;0.24;0.15;0.2
7;0;50;0;0;13.35;1.95;5.47;1.43;1.45;0.179;59.8;8.09;4.22;2.26;0.42;1.32;2.89;212.1;185.2;18.5;2.6;5.8;0.64;0.51;0.13;0.17;0.49;0.48;0.131;40.2;3.47;1.73;1.02;0.18;0.63;2.58;142.3;130.8;5;1.3;5.2;0.24;0.13;0.05;0.06
7;0;50;0;50;13.03;2.06;6.03;1.66;1.69;0.191;59.4;8.81;4.55;2.53;0.44;1.36;3.18;210.3;183.8;17.5;2.7;6.4;0.65;0.72;0.13;0.19;0.59;0.58;0.14;40.6;3.98;1.99;1.16;0.21;0.7;2.85;143.9;131.7;5.1;1.4;5.7;0.26;0.21;0.05;0.06
7;0;50;0;100;13.05;2.25;6.43;1.93;1.97;0.211;58.5;9.32;4.93;2.6;0.48;1.48;3.35;208.7;181.9;17.1;3;6.7;0.62;1.02;0.14;0.19;0.66;0.7;0.15;41.5;4.51;2.24;1.34;0.25;0.78;3.08;148.2;132.9;7.5;1.6;6.2;0.28;0.28;0.06;0.07
7;0;50;50;0;15.83;2.51;7.19;1.67;1.67;0.174;64.8;9.55;4.94;2.7;0.47;1.56;3.79;211.6;178.4;22.5;3.1;7.6;0.64;0.67;0.15;0.21;0.75;0.76;0.134;35.2;5.53;2.68;1.72;0.26;0.95;3.4;115.1;101.3;5;1.9;6.8;0.45;0.14;0.07;0.1
7;0;50;50;50;15.83;2.99;8.45;1.93;1.93;0.188;63.8;10.27;5.34;2.95;0.49;1.65;4.44;209.2;175.3;21.8;3.3;8.9;0.61;0.94;0.16;0.22;0.98;1.04;0.139;36.2;7.38;3.61;2.27;0.4;1.34;4.01;118.4;102.8;4.9;2.7;8;0.61;0.2;0.1;0.13
7;0;50;50;100;15.57;3.2;9.63;2.25;2.31;0.216;63.8;10.65;5.59;3.03;0.55;1.58;5.12;217.7;173.3;31.1;3.2;10.2;0.6;1.33;0.15;0.22;1.37;1.36;0.141;36.2;9.55;4.74;2.87;0.47;1.62;4.51;123.3;103.8;7.2;3.2;9;0.81;0.28;0.11;0.16
7;0;50;100;0;18.03;2.86;8.45;1.81;1.84;0.174;71.4;10.51;5.39;3.02;0.55;1.68;4.42;211.6;173.1;26.3;3.4;8.8;0.59;0.87;0.15;0.23;0.91;0.92;0.135;28.6;6.75;3.29;2.08;0.35;1.18;4.03;84.5;69.2;4.8;2.4;8.1;0.58;0.13;0.09;0.12
7;0;50;100;50;18.26;3.63;10.2;2.14;2.22;0.192;71.4;11.54;6.02;3.26;0.52;1.89;5.36;221.5;168.4;38.6;3.8;10.7;0.58;1.21;0.19;0.24;1.38;1.38;0.137;28.6;9.94;4.95;2.97;0.54;1.74;4.84;88.6;70.7;4.7;3.5;9.7;0.88;0.19;0.13;0.17
7;0;50;100;100;18.22;4.1;11.68;2.59;2.67;0.216;69.9;12.38;6.52;3.47;0.6;1.93;6.21;218.2;164.6;37.4;3.9;12.4;0.59;1.66;0.17;0.26;1.66;1.71;0.139;30.1;12.17;6.04;3.69;0.62;2.18;5.47;93.8;71.9;6.6;4.4;10.9;1.1;0.25;0.16;0.21
7;0;100;0;0;13.42;2.23;6.33;1.86;1.82;0.184;59.8;9.86;5.13;2.79;0.48;1.58;3.37;217.4;178.8;28.7;3.2;6.7;0.65;0.81;0.14;0.21;0.54;0.54;0.139;40.2;3.76;1.86;1.11;0.2;0.64;2.95;146.2;134.9;4.1;1.3;5.9;0.27;0.16;0.05;0.07
7;0;100;0;50;12.84;2.19;6.55;2.05;2.16;0.211;59.4;10.24;5.39;2.93;0.45;1.56;3.46;214.9;177.9;26.9;3.1;6.9;0.64;1.16;0.15;0.21;0.61;0.59;0.144;40.6;3.93;1.97;1.15;0.19;0.63;3.09;146.9;135.5;4;1.3;6.2;0.27;0.21;0.04;0.07
7;0;100;0;100;12.65;2.4;6.91;2.31;2.43;0.228;58.7;10.64;5.83;2.85;0.49;1.65;3.64;213.6;177.3;25.7;3.3;7.3;0.64;1.41;0.16;0.22;0.7;0.72;0.158;41.3;4.45;2.24;1.31;0.21;0.75;3.27;150;135.8;6.2;1.5;6.5;0.29;0.31;0.05;0.07
7;0;100;50;0;15.91;2.74;7.81;2.11;2.1;0.186;64.9;11.23;5.8;3.12;0.59;1.76;4.11;218.3;171.6;35;3.5;8.2;0.61;1.08;0.17;0.24;0.78;0.77;0.137;35.1;5.53;2.77;1.63;0.28;0.99;3.7;117.8;104.6;3.9;2;7.4;0.46;0.15;0.07;0.1
7;0;100;50;50;15.79;3.19;9.04;2.35;2.5;0.21;64;11.91;6.27;3.31;0.59;1.92;4.75;215.3;168.5;33.5;3.8;9.5;0.6;1.47;0.18;0.24;1.07;1.06;0.141;36;7.44;3.7;2.23;0.36;1.28;4.28;121;106;3.8;2.6;8.6;0.64;0.2;0.09;0.13
7;0;100;50;100;15.43;3.5;10.16;2.94;2.89;0.235;62.7;12.31;6.77;3.25;0.58;1.81;5.36;211.7;165.5;31.9;3.6;10.7;0.59;1.89;0.17;0.25;1.41;1.4;0.145;37.3;9.59;4.77;2.87;0.46;1.69;4.8;125.9;107.5;5.4;3.4;9.6;0.84;0.27;0.13;0.16
7;0;100;100;0;18.39;3.25;9.48;2.35;2.39;0.184;71.6;12.97;6.63;3.7;0.66;2.1;4.92;219.7;164.3;41.4;4.2;9.8;0.6;1.33;0.2;0.27;0.93;0.97;0.137;28.4;6.93;3.36;2.15;0.34;1.16;4.56;87.1;72;3.7;2.3;9.1;0.61;0.14;0.1;0.12
7;0;100;100;50;18.52;4.04;11.22;2.86;2.94;0.21;70.3;14.01;7.45;3.85;0.69;2.21;6.04;216.2;159.6;40.1;4.4;12.1;0.6;1.83;0.22;0.29;1.45;1.44;0.139;29.7;10.27;5.13;2.96;0.53;1.83;5.19;91.2;73.5;3.6;3.7;10.4;0.93;0.2;0.14;0.16
7;0;100;100;100;18.55;4.42;12.55;3.29;3.43;0.236;68.8;14.55;7.98;3.9;0.67;2.28;6.68;212.4;155.6;38.9;4.6;13.4;0.56;2.37;0.21;0.29;1.73;1.77;0.141;31.2;12.44;6.17;3.73;0.62;2.13;5.88;96;74.8;5.2;4.3;11.8;1.14;0.25;0.16;0.22
7;50;0;0;0;15.53;2.27;6.74;1.86;1.91;0.19;54.8;10.01;5.17;2.88;0.51;1.56;3.62;173;144.6;18.1;3.1;7.2;1.19;0.38;0.14;0.21;0.56;0.57;0.129;45.2;4.22;2.03;1.3;0.21;0.71;3.12;142.8;126.1;9;1.4;6.2;0.25;0.19;0.06;0.07
7;50;0;0;50;15.2;2.48;7.14;1.93;2.02;0.196;54.6;10.25;5.19;3.02;0.53;1.59;3.75;172.8;145.2;16.9;3.2;7.5;1.19;0.46;0.15;0.22;0.66;0.69;0.136;45.4;4.95;2.43;1.48;0.25;0.89;3.39;143.4;125.5;9.3;1.8;6.8;0.26;0.27;0.07;0.09
7;50;0;0;100;14.86;2.71;7.64;2.12;2.14;0.202;53.9;10.59;5.67;2.96;0.48;1.71;4.03;173.2;146;15.7;3.4;8.1;1.18;0.58;0.15;0.23;0.86;0.87;0.149;46.1;5.72;2.91;1.68;0.27;1;3.62;148.1;124.8;14;2;7.2;0.27;0.44;0.07;0.09
7;50;0;50;0;17.5;2.76;7.8;1.96;2;0.188;60.3;10.6;5.47;3.06;0.5;1.69;4.15;174.7;141.5;21.5;3.4;8.3;1.18;0.43;0.16;0.23;0.78;0.78;0.131;39.7;5.83;2.87;1.76;0.32;1.06;3.65;114.8;96.5;8.9;2.1;7.3;0.43;0.18;0.08;0.1
7;50;0;50;50;17.24;3.16;9.05;2.11;2.12;0.193;59.7;10.97;5.77;3.1;0.52;1.74;4.81;174;140.7;20.2;3.5;9.6;1.16;0.57;0.17;0.23;1.11;1.09;0.134;40.3;8.05;3.96;2.4;0.44;1.42;4.24;117.2;97;8.9;2.8;8.5;0.6;0.25;0.1;0.14
7;50;0;50;100;17.4;3.48;10.45;2.28;2.35;0.202;58.3;11.63;6.06;3.33;0.55;1.8;5.53;173.8;139.5;19.6;3.6;11.1;1.14;0.8;0.17;0.24;1.53;1.46;0.142;41.7;10.22;4.98;3.12;0.53;1.68;4.92;124.2;97.7;13.3;3.4;9.8;0.76;0.41;0.13;0.17
7;50;0;100;0;19.6;3.04;8.77;2.08;2.05;0.184;67.4;11.17;5.77;3.22;0.56;1.76;4.64;176.7;139;25;3.5;9.3;1.14;0.51;0.16;0.25;0.94;0.95;0.132;32.6;7.13;3.45;2.2;0.39;1.28;4.13;85.3;65.4;9.1;2.6;8.3;0.55;0.19;0.09;0.13
7;50;0;100;50;19.64;3.8;10.74;2.25;2.27;0.188;66.3;12.04;6.27;3.43;0.56;1.94;5.71;175.2;135.8;24.1;3.9;11.4;1.11;0.72;0.18;0.26;1.41;1.43;0.135;33.7;10.54;5.17;3.17;0.57;1.86;5.02;89.1;66.7;8.6;3.7;10;0.85;0.25;0.15;0.18
7;50;0;100;100;19.65;4.19;12.25;2.57;2.59;0.199;64.6;12.97;6.82;3.67;0.63;2.01;6.55;175;134.1;23.8;4;13.1;1.1;1.02;0.18;0.28;1.73;1.78;0.141;35.4;12.59;6.13;3.82;0.65;2.19;5.69;95.7;67.4;12.5;4.4;11.4;1.01;0.39;0.16;0.22
7;50;50;0;0;15.23;2.85;8.09;2.39;2.53;0.196;54.7;12.88;6.68;3.68;0.64;2.08;4.33;174.2;143.8;17.6;4.2;8.7;1.57;0.49;0.2;0.27;0.6;0.63;0.137;45.3;4.43;2.15;1.36;0.23;0.77;3.75;144.1;126.7;8.3;1.5;7.5;0.25;0.24;0.06;0.07
7;50;50;0;50;15.09;3.02;8.63;2.75;2.77;0.203;54.4;13.62;7.23;3.83;0.63;2.2;4.53;173.6;143;17.1;4.4;9.1;1.58;0.7;0.19;0.29;0.74;0.76;0.147;45.6;5.03;2.47;1.5;0.26;0.82;4.1;145.2;127.4;8;1.6;8.2;0.26;0.34;0.06;0.09
7;50;50;0;100;14.68;3.09;8.93;2.96;3;0.216;53.6;13.89;7.43;3.81;0.63;2.13;4.76;173.1;143.4;16;4.3;9.5;1.55;0.95;0.2;0.29;0.92;0.92;0.159;46.4;5.72;2.9;1.66;0.32;0.96;4.17;149.7;127.1;12.4;1.9;8.3;0.27;0.49;0.07;0.09
7;50;50;50;0;17.43;3.31;9.36;2.64;2.67;0.191;59.9;13.93;7.33;3.99;0.66;2.24;4.88;175;139.2;21.6;4.5;9.8;1.53;0.63;0.22;0.29;0.84;0.84;0.138;40.1;6.04;2.97;1.8;0.32;1.07;4.48;116.9;98;7.8;2.1;9;0.43;0.22;0.09;0.11
7;50;50;50;50;17.59;3.57;10.94;2.89;2.89;0.199;59.2;14.54;7.5;4.26;0.68;2.18;5.81;174.4;137.5;20.9;4.4;11.6;1.49;0.9;0.19;0.31;1.18;1.18;0.142;40.8;8.25;4.06;2.56;0.41;1.39;5.13;120.1;99;8;2.8;10.3;0.6;0.34;0.1;0.14
7;50;50;50;100;17.44;4.13;11.84;3.27;3.31;0.218;59.1;15.15;8.15;4.13;0.72;2.32;6.32;183.1;135.9;29.9;4.6;12.6;1.47;1.29;0.23;0.32;1.55;1.56;0.147;40.9;10.54;5.22;3.15;0.49;1.81;5.51;126.4;100;11.8;3.6;11;0.79;0.47;0.14;0.17
7;50;50;100;0;19.65;3.67;10.4;2.84;2.82;0.19;66.8;14.83;7.79;4.17;0.72;2.34;5.53;175.9;134.6;25.5;4.7;11.1;1.45;0.84;0.21;0.32;0.98;0.99;0.136;33.2;7.18;3.53;2.15;0.38;1.32;4.88;87.3;67.2;7.7;2.6;9.8;0.56;0.21;0.09;0.12
7;50;50;100;50;20.06;4.41;12.22;3.16;3.18;0.201;67.3;15.86;8.38;4.4;0.73;2.54;6.55;187.5;131.6;37.7;5.1;13.1;1.44;1.18;0.23;0.33;1.45;1.47;0.14;32.7;10.38;5.21;3.07;0.55;1.86;5.66;91.1;68.5;7.5;3.7;11.3;0.84;0.31;0.14;0.17
7;50;50;100;100;19.91;4.73;13.63;3.49;3.52;0.218;65.5;16.15;8.71;4.46;0.68;2.52;7.17;185.8;130.4;36;5;14.3;1.41;1.57;0.23;0.31;1.89;1.88;0.144;34.5;12.96;6.43;3.9;0.67;2.21;6.46;97.6;69;11.3;4.4;12.9;1.04;0.44;0.17;0.22
7;50;100;0;0;15.41;3.29;9.51;3.33;3.29;0.201;55.5;16.4;8.7;4.59;0.79;2.51;5.05;183.2;140.5;27.6;5;10.1;1.94;0.77;0.24;0.34;0.65;0.66;0.148;44.5;4.33;2.19;1.27;0.2;0.78;4.45;146.9;129.5;7;1.6;8.9;0.25;0.28;0.06;0.07
7;50;100;0;50;14.97;3.44;9.9;3.59;3.6;0.216;54.8;16.66;8.94;4.59;0.77;2.58;5.26;182.3;141.2;25.4;5.2;10.5;1.96;1.07;0.23;0.34;0.82;0.83;0.161;45.2;5.09;2.55;1.5;0.27;0.86;4.65;150.7;128.9;10.8;1.7;9.3;0.27;0.41;0.06;0.09
7;50;100;0;100;14.72;3.42;10.3;3.76;3.88;0.226;54.5;17.18;9.15;4.76;0.82;2.52;5.38;181.1;140.6;24.7;5;10.8;1.93;1.36;0.24;0.34;1.02;1.01;0.178;45.5;5.61;2.9;1.61;0.27;0.9;4.92;151.4;129.4;10.4;1.8;9.8;0.27;0.58;0.07;0.09
7;50;100;50;0;17.71;3.77;11.03;3.53;3.52;0.201;60.8;17.56;9.36;4.86;0.87;2.73;5.84;185.7;135.3;33.3;5.5;11.7;1.87;1.03;0.26;0.36;0.89;0.9;0.145;39.2;6.16;3.09;1.82;0.3;1.04;5.2;119.7;100.4;6.8;2.1;10.4;0.44;0.27;0.08;0.11
7;50;100;50;50;17.59;4.21;11.97;3.97;3.88;0.215;59.4;18.07;9.8;4.81;0.86;2.82;6.3;183.9;133.5;32.1;5.6;12.6;1.84;1.41;0.26;0.37;1.31;1.25;0.149;40.6;8.32;4.14;2.49;0.45;1.4;5.66;125.5;101.5;9.9;2.8;11.3;0.61;0.39;0.11;0.14
7;50;100;50;100;17.76;4.59;13.36;4.17;4.25;0.231;58.5;18.41;9.89;5.14;0.81;2.77;7.12;182.4;131.6;31;5.5;14.2;1.77;1.85;0.25;0.38;1.58;1.67;0.156;41.5;10.66;5.26;3.26;0.54;1.83;6.24;129.1;102.8;10.2;3.7;12.5;0.81;0.55;0.14;0.17
7;50;100;100;0;20;4.25;12.15;3.7;3.72;0.198;67.6;18.83;9.89;5.29;0.92;2.96;6.42;187.9;129.8;39.4;5.9;12.8;1.79;1.25;0.28;0.4;1.05;1.05;0.141;32.4;7.35;3.61;2.21;0.38;1.3;5.73;89.9;69.3;6.5;2.6;11.5;0.58;0.26;0.09;0.12
7;50;100;100;50;20.2;4.97;14.22;4.1;4.18;0.214;65.5;19.58;10.48;5.34;0.98;3.04;7.49;185.5;126.2;38.2;6.1;15;1.74;1.75;0.29;0.4;1.51;1.6;0.145;34.5;10.98;5.38;3.3;0.63;1.93;6.73;97.6;70.8;9.6;3.9;13.5;0.9;0.38;0.13;0.19
7;50;100;100;100;20.24;5.36;15.32;4.69;4.69;0.232;64.7;20.23;11.11;5.48;0.93;3.11;8.11;183.7;123.8;37.5;6.2;16.2;1.69;2.3;0.28;0.42;2.04;1.97;0.15;35.3;13.07;6.58;3.88;0.71;2.26;7.22;100.2;71.8;9.4;4.5;14.4;1.08;0.51;0.17;0.22
7;100;0;0;0;17.29;2.83;7.79;2.41;2.39;0.198;46.9;12.06;6.46;3.3;0.55;1.96;4.08;128;98.4;17.5;3.9;8.2;1.61;0.35;0.19;0.24;0.55;0.63;0.131;53.1;4.69;2.3;1.42;0.25;0.87;3.71;145.2;123.6;12.5;1.7;7.4;0.23;0.26;0.06;0.08
7;100;0;0;50;16.87;2.98;8.51;2.56;2.58;0.202;47;12.74;6.69;3.52;0.67;1.98;4.46;128.5;99;16.7;4;8.9;1.66;0.46;0.2;0.27;0.83;0.82;0.141;53;5.71;2.84;1.69;0.29;1;4.05;145;122.8;12.2;2;8.1;0.25;0.4;0.07;0.1
7;100;0;0;100;16.54;3.23;9.28;2.58;2.67;0.207;46.4;12.9;6.87;3.68;0.56;2.04;4.9;130;101.2;14.9;4.1;9.8;1.66;0.54;0.2;0.26;1.07;1.09;0.155;53.6;6.99;3.52;2.08;0.36;1.2;4.38;150.3;119.9;19.2;2.4;8.8;0.25;0.62;0.09;0.12
7;100;0;50;0;19.34;3.21;8.92;2.42;2.46;0.195;52.7;12.64;6.61;3.61;0.58;2.06;4.75;131;96.5;20.9;4.1;9.5;1.57;0.43;0.19;0.26;0.89;0.86;0.132;47.3;6.46;3.17;1.95;0.33;1.14;4.16;117.4;94.4;12.4;2.3;8.3;0.42;0.25;0.08;0.11
7;100;0;50;50;19.11;3.6;10.43;2.73;2.64;0.198;52.5;13.32;7.03;3.74;0.62;2.05;5.59;131.9;96.8;19.8;4.1;11.2;1.6;0.56;0.2;0.28;1.21;1.26;0.139;47.5;8.97;4.44;2.67;0.43;1.54;4.84;119.1;94.2;12.2;3.1;9.7;0.58;0.41;0.12;0.15
7;100;0;50;100;19.1;4.08;12;2.88;2.83;0.206;50.9;13.76;7.32;3.87;0.65;2.07;6.41;132.6;96.9;18.8;4.1;12.8;1.59;0.77;0.18;0.29;1.7;1.68;0.145;49.1;11.5;5.73;3.38;0.6;2;5.59;127.7;94.1;18.5;4;11.2;0.75;0.6;0.14;0.2
7;100;0;100;0;21.2;3.4;9.95;2.5;2.55;0.191;60.2;13.35;6.93;3.84;0.65;2.1;5.2;133.6;94.4;24.6;4.2;10.4;1.56;0.5;0.2;0.28;0.96;1;0.132;39.8;7.5;3.66;2.27;0.38;1.31;4.74;88.3;64.3;11.9;2.6;9.5;0.54;0.24;0.1;0.12
7;100;0;100;50;21.28;4.17;12.03;2.79;2.76;0.195;59.3;14.18;7.33;4.07;0.73;2.24;6.31;134.1;93.5;23.5;4.5;12.6;1.55;0.7;0.21;0.3;1.54;1.55;0.138;40.7;11.14;5.49;3.35;0.56;1.93;5.72;92;64.9;11.9;3.9;11.4;0.81;0.39;0.15;0.19
7;100;0;100;100;21.43;4.72;13.51;3.02;3.05;0.204;57.4;14.96;7.88;4.16;0.77;2.35;7.15;134.9;93.4;22.5;4.7;14.3;1.56;0.96;0.22;0.31;1.94;1.97;0.143;42.6;13.7;6.73;4.07;0.73;2.37;6.36;100.1;64.9;17.7;4.7;12.7;0.99;0.58;0.17;0.23
7;100;50;0;0;17.19;3.48;10.31;3.44;3.45;0.203;47.6;17.02;8.96;4.82;0.81;2.61;5.51;132.2;98.7;17.3;5.2;11;2.35;0.49;0.25;0.36;0.69;0.73;0.139;52.4;5.15;2.51;1.6;0.25;0.87;4.8;145.8;123.1;11.3;1.7;9.6;0.25;0.34;0.07;0.09
7;100;50;0;50;16.93;3.68;10.78;3.69;3.64;0.208;46.6;17.5;9.3;4.87;0.87;2.67;5.74;132.4;99.4;16.2;5.3;11.5;2.37;0.66;0.24;0.37;0.97;0.97;0.157;53.4;6.09;3.02;1.8;0.31;1.02;5.03;151.6;122.3;17.2;2;10.1;0.25;0.54;0.08;0.1
7;100;50;0;100;16.73;4.01;11.36;3.83;3.9;0.217;46.7;17.92;9.67;4.95;0.78;2.77;6.05;133;100.2;15.2;5.5;12.1;2.37;0.9;0.25;0.38;1.2;1.18;0.166;53.3;7.06;3.65;2.01;0.36;1.25;5.31;151.9;121.2;17.6;2.5;10.6;0.25;0.72;0.09;0.11
7;100;50;50;0;19.23;3.96;11.58;3.55;3.55;0.199;53;17.88;9.31;5.12;0.85;2.77;6.18;134.4;95.7;20.9;5.5;12.4;2.28;0.62;0.27;0.38;0.94;0.98;0.139;47;6.96;3.37;2.19;0.34;1.2;5.4;119.4;95.2;11.1;2.4;10.8;0.43;0.34;0.09;0.12
7;100;50;50;50;19.32;4.47;12.65;3.72;3.72;0.205;51.3;18.14;9.67;5.08;0.84;2.89;6.62;134.5;95.5;20;5.8;13.2;2.24;0.85;0.27;0.36;1.35;1.37;0.149;48.7;9.09;4.55;2.69;0.45;1.58;6.03;127.5;95.4;16.9;3.2;12.1;0.57;0.52;0.12;0.15
7;100;50;50;100;19.32;4.96;14.02;4.12;4.16;0.22;52.8;18.96;10.2;5.28;0.87;2.95;7.43;144.9;95.3;28.9;5.9;14.9;2.28;1.21;0.28;0.39;1.73;1.76;0.152;47.2;11.5;5.74;3.42;0.58;2.01;6.59;129.3;95.6;16.5;4;13.2;0.74;0.67;0.17;0.19
7;100;50;100;0;21.45;4.42;12.59;3.58;3.67;0.197;60;18.58;9.71;5.31;0.83;2.97;6.62;136.6;92.8;24.6;5.9;13.2;2.19;0.82;0.27;0.39;1.09;1.13;0.138;40;8.13;3.99;2.53;0.41;1.45;5.96;90.9;65.3;10.8;2.9;11.9;0.56;0.32;0.11;0.14
7;100;50;100;50;21.69;5;14.35;4.05;4;0.206;59.9;19.48;10.36;5.5;0.88;3.02;7.61;148.8;91.7;35.8;6;15.2;2.19;1.12;0.29;0.41;1.62;1.65;0.145;40.1;11.32;5.58;3.4;0.55;1.98;6.74;99.7;66;16.2;4;13.5;0.83;0.5;0.13;0.19
7;100;50;100;100;21.57;5.52;15.66;4.25;4.39;0.219;59.3;20.03;10.75;5.46;0.95;3.16;8.27;148.6;90.8;34.9;6.3;16.5;2.15;1.53;0.3;0.41;2.02;2.07;0.148;40.7;13.87;6.84;4.2;0.69;2.36;7.38;101.9;66.5;15.9;4.7;14.8;1;0.65;0.17;0.24
7;100;100;0;0;17.3;4.13;11.87;4.08;4.22;0.206;49.1;20.51;10.77;5.75;0.96;3.23;6.27;142.6;97.4;26.3;6.5;12.5;2.76;0.73;0.31;0.43;0.83;0.84;0.154;50.9;5.36;2.75;1.56;0.26;0.91;5.6;148;124.8;10.2;1.8;11.2;0.25;0.44;0.06;0.09
7;100;100;0;50;17.04;4.27;12.38;4.43;4.56;0.217;48.1;20.97;11.18;5.9;1.01;3.27;6.53;142.2;97.7;24.9;6.5;13.1;2.75;1.06;0.3;0.45;1.07;1.05;0.168;51.9;6.17;3.11;1.82;0.31;1.01;5.85;153.7;124.4;15.6;2;11.7;0.25;0.63;0.07;0.1
7;100;100;0;100;16.81;4.42;12.76;4.74;4.83;0.225;48.1;21.45;11.58;5.86;0.98;3.29;6.67;142.1;98.5;23.7;6.6;13.3;2.79;1.31;0.3;0.43;1.4;1.33;0.188;51.9;7.03;3.73;1.96;0.32;1.13;6.09;153.5;123.4;15.6;2.3;12.2;0.26;0.87;0.08;0.11
7;100;100;50;0;19.57;4.46;13.11;4.44;4.41;0.205;54.5;21.5;11.37;6.05;1.02;3.31;6.89;146.2;93.5;32.3;6.6;13.8;2.65;1.01;0.31;0.44;1.09;1.07;0.149;45.5;7.08;3.57;2.1;0.33;1.15;6.22;122;97.3;9.9;2.3;12.4;0.43;0.43;0.08;0.12
7;100;100;50;50;19.49;4.97;14.5;4.57;4.74;0.216;53.1;21.89;11.61;6.19;1.02;3.37;7.59;146.1;93.4;30.8;6.7;15.2;2.63;1.35;0.31;0.45;1.47;1.47;0.156;46.9;9.39;4.77;2.77;0.45;1.6;6.9;129.2;97.4;14.8;3.2;13.8;0.6;0.59;0.12;0.17
7;100;100;50;100;19.48;5.37;15.65;5.08;5.18;0.229;52.5;22.63;12.39;6.1;1.01;3.45;8.28;145.8;92.5;29.8;6.9;16.6;2.61;1.79;0.33;0.46;1.99;1.93;0.164;47.5;11.7;5.89;3.48;0.53;1.92;7.38;131.8;98.2;15;3.8;14.8;0.77;0.84;0.13;0.19
7;100;100;100;0;21.74;5.01;14.21;4.56;4.58;0.203;61.8;22.61;12.1;6.18;1.08;3.63;7.49;150.5;89.8;38.5;7.3;15;2.53;1.22;0.35;0.48;1.18;1.2;0.147;38.2;8.11;4;2.39;0.45;1.39;6.72;93;67.2;9.6;2.8;13.4;0.56;0.41;0.1;0.13
7;100;100;100;50;21.86;5.64;15.96;4.96;5.07;0.215;59.7;23.54;12.55;6.48;1.09;3.7;8.41;149.6;87.8;37.6;7.4;16.8;2.51;1.73;0.36;0.47;1.75;1.71;0.15;40.3;11.39;5.66;3.37;0.59;1.93;7.54;101.1;68.5;13.7;3.9;15.1;0.84;0.54;0.14;0.19
7;100;100;100;100;21.59;6.11;17.2;5.37;5.48;0.23;58.9;23.81;12.98;6.33;1.13;3.71;9.09;148.3;86.8;35.9;7.4;18.2;2.46;2.2;0.35;0.47;2.17;2.22;0.156;41.1;14.13;7.01;4.2;0.75;2.4;8.11;103.6;69.1;13.5;4.8;16.2;1.06;0.75;0.17;0.24
8;0;0;0;0;13.77;1.71;5.1;1.34;1.31;0.182;61.8;7.2;3.72;2.06;0.36;1.12;2.72;219.2;192.4;19.2;2.2;5.4;0.66;0.39;0.11;0.15;0.43;0.45;0.124;38.2;3.38;1.68;0.99;0.19;0.58;2.39;135.3;123.9;5.4;1.2;4.8;0.25;0.11;0.04;0.06
8;0;0;0;50;13.47;1.94;5.48;1.52;1.47;0.19;61.8;7.69;4.13;2.08;0.38;1.25;2.9;219.3;192.9;18.1;2.5;5.8;0.7;0.49;0.12;0.16;0.55;0.55;0.131;38.2;4.02;1.96;1.22;0.2;0.69;2.57;135.7;123.6;5.5;1.4;5.1;0.27;0.16;0.05;0.07
8;0;0;0;100;13.06;2.08;5.82;1.64;1.65;0.201;61;8.18;4.29;2.29;0.43;1.28;3.13;218.1;191.8;17.4;2.6;6.3;0.67;0.68;0.12;0.18;0.58;0.62;0.139;39;4.27;2.12;1.25;0.22;0.8;2.69;139.1;124.3;7.8;1.6;5.4;0.26;0.22;0.06;0.07
8;0;0;50;0;15.73;2.14;6.14;1.41;1.42;0.178;67.4;7.93;4.08;2.27;0.37;1.28;3.31;221.1;189.3;22.6;2.6;6.6;0.67;0.45;0.13;0.17;0.68;0.67;0.131;32.6;5.04;2.48;1.54;0.22;0.86;2.83;107;94.4;5.2;1.7;5.7;0.42;0.11;0.07;0.08
8;0;0;50;50;15.8;2.55;7.5;1.57;1.56;0.184;66.5;8.44;4.41;2.38;0.41;1.32;4.04;219.1;186.5;21.9;2.6;8.1;0.64;0.61;0.13;0.18;0.9;0.94;0.133;33.5;7.01;3.41;2.11;0.39;1.23;3.46;110.2;95.6;5.3;2.5;6.9;0.59;0.15;0.08;0.12
8;0;0;50;100;15.69;3.06;8.66;1.91;1.88;0.204;65.3;9.21;4.89;2.54;0.48;1.46;4.67;217.5;184.3;21;2.9;9.3;0.64;0.9;0.14;0.19;1.27;1.26;0.137;34.7;9.11;4.5;2.77;0.43;1.6;4;115.6;96.5;7.9;3.2;8;0.76;0.23;0.11;0.16
8;0;0;100;0;17.85;2.44;7.18;1.55;1.53;0.174;74;8.76;4.45;2.55;0.46;1.36;3.86;222.4;185.7;26.3;2.7;7.7;0.67;0.53;0.12;0.2;0.77;0.82;0.132;26;6.1;2.93;1.88;0.33;1.08;3.33;78;64;5.2;2.2;6.7;0.53;0.1;0.08;0.11
8;0;0;100;50;18.39;3.19;9.13;1.78;1.76;0.18;72.6;9.74;5.11;2.75;0.47;1.61;4.83;219.2;180.4;26;3.2;9.7;0.64;0.77;0.16;0.2;1.22;1.22;0.133;27.4;9.1;4.46;2.76;0.42;1.57;4.3;82.5;65.6;5.2;3.1;8.6;0.81;0.15;0.1;0.16
8;0;0;100;100;18.25;3.63;10.53;2.13;2.16;0.201;71;10.71;5.63;3.03;0.51;1.7;5.6;215.7;175.9;25.2;3.4;11.2;0.62;1.15;0.17;0.22;1.49;1.54;0.136;29;11.28;5.43;3.49;0.58;1.94;4.94;87.9;66.9;7.2;3.9;9.9;1.01;0.2;0.14;0.19
8;0;50;0;0;13.51;1.91;5.59;1.53;1.52;0.181;61.2;8.38;4.32;2.42;0.43;1.34;2.95;216.4;188.4;19.4;2.7;5.9;0.67;0.54;0.13;0.19;0.43;0.47;0.13;38.8;3.37;1.6;1.02;0.18;0.57;2.64;137.2;126.3;4.5;1.1;5.3;0.25;0.11;0.04;0.06
8;0;50;0;50;13.29;2.2;6.01;1.76;1.83;0.199;60.7;9.19;4.89;2.51;0.46;1.51;3.16;214.6;186.4;18.8;3;6.3;0.68;0.83;0.14;0.19;0.55;0.54;0.135;39.3;3.8;1.88;1.14;0.17;0.69;2.85;138.7;127.5;4.1;1.4;5.7;0.27;0.16;0.05;0.06
8;0;50;0;100;12.7;2.16;6.23;1.99;2.02;0.215;60.1;9.4;4.95;2.66;0.43;1.45;3.27;213.3;186.4;17.4;2.9;6.5;0.68;1.01;0.14;0.19;0.64;0.64;0.148;39.9;4.17;2.13;1.2;0.21;0.71;2.95;141.3;127.4;6.5;1.4;5.9;0.27;0.24;0.06;0.07
8;0;50;50;0;15.91;2.41;7.12;1.7;1.71;0.176;66.2;9.7;4.92;2.89;0.44;1.52;3.71;216.2;182.3;23.5;3;7.4;0.66;0.69;0.15;0.21;0.69;0.72;0.135;33.8;5.23;2.55;1.57;0.26;0.9;3.41;110.2;97.5;4.1;1.8;6.8;0.44;0.12;0.07;0.09
8;0;50;50;50;15.78;2.86;8.15;2.09;2.06;0.197;65.5;10.49;5.54;2.96;0.49;1.63;4.38;214.1;179.3;22.7;3.3;8.8;0.66;1.02;0.16;0.23;0.98;0.96;0.136;34.5;7.01;3.48;2.13;0.3;1.23;3.77;112.8;98.8;4;2.5;7.5;0.61;0.15;0.08;0.12
8;0;50;50;100;15.72;3.29;9.38;2.44;2.45;0.219;65.3;11.16;6.04;3.06;0.51;1.74;5.02;222.1;175.8;32.8;3.5;10;0.63;1.41;0.18;0.23;1.32;1.29;0.14;34.7;9.12;4.52;2.73;0.44;1.54;4.36;118;100.3;5.9;3.1;8.7;0.79;0.22;0.11;0.16
8;0;50;100;0;18.39;2.9;8.35;1.96;1.95;0.177;72.6;10.97;5.67;3.12;0.53;1.76;4.35;216.3;176.5;27.5;3.5;8.7;0.65;0.91;0.16;0.23;0.82;0.87;0.134;27.4;6.38;3.14;1.96;0.31;1.15;3.99;81.3;66.7;4.2;2.3;8;0.55;0.12;0.08;0.11
8;0;50;100;50;18.56;3.48;10.2;2.26;2.42;0.2;72.5;12.12;6.31;3.41;0.6;1.92;5.4;225.5;170;40.9;3.8;10.8;0.6;1.37;0.19;0.26;1.23;1.26;0.135;27.5;9.22;4.46;2.85;0.48;1.57;4.8;85.3;68.7;3.9;3.1;9.6;0.84;0.15;0.11;0.16
8;0;50;100;100;18.45;3.97;11.52;2.67;2.78;0.218;71.3;12.73;6.86;3.52;0.57;1.96;6.21;223.4;167.9;39.2;3.9;12.4;0.62;1.72;0.18;0.26;1.58;1.6;0.139;28.7;11.48;5.7;3.44;0.62;2.01;5.31;89.7;69.3;5.8;4;10.6;1.04;0.22;0.15;0.19
8;0;100;0;0;13.52;2.15;6.31;1.87;1.88;0.186;61.2;10.05;5.23;2.84;0.49;1.58;3.27;221.9;181.9;30.3;3.2;6.5;0.68;0.84;0.15;0.22;0.46;0.45;0.129;38.8;3.25;1.58;0.98;0.19;0.56;3.03;140.5;130.1;3.2;1.1;6.1;0.25;0.11;0.03;0.06
8;0;100;0;50;13.21;2.25;6.6;2.25;2.29;0.213;60.7;10.71;5.69;2.99;0.53;1.65;3.49;219.3;179.9;29.1;3.3;7;0.65;1.25;0.15;0.23;0.55;0.54;0.14;39.3;3.65;1.83;1.1;0.19;0.6;3.11;141.9;131.3;3.2;1.2;6.2;0.26;0.17;0.05;0.06
8;0;100;0;100;12.93;2.44;6.88;2.54;2.6;0.231;60.1;11.27;6.02;3.1;0.52;1.71;3.75;217.5;178.6;28;3.4;7.5;0.66;1.55;0.15;0.24;0.62;0.65;0.15;39.9;4.08;2.08;1.18;0.2;0.73;3.13;144.6;132;4.8;1.5;6.3;0.29;0.24;0.05;0.07
8;0;100;50;0;16.14;2.85;7.91;2.31;2.34;0.195;66.2;11.97;6.37;3.28;0.56;1.91;4.24;222.8;173.6;36.9;3.8;8.5;0.67;1.22;0.19;0.26;0.74;0.72;0.135;33.8;5.23;2.6;1.55;0.24;0.94;3.67;113.6;101.3;3.1;1.9;7.3;0.45;0.11;0.07;0.08
8;0;100;50;50;15.93;3.15;9.05;2.67;2.64;0.212;65.4;12.46;6.68;3.47;0.59;1.92;4.87;219.8;171;35.2;3.8;9.7;0.64;1.56;0.17;0.27;0.96;0.99;0.139;34.6;7.01;3.47;2.09;0.35;1.23;4.18;116.4;102.4;3.1;2.5;8.4;0.62;0.16;0.09;0.12
8;0;100;50;100;15.8;3.53;10.15;3.02;3.07;0.237;63.8;12.91;7.05;3.42;0.63;1.9;5.32;215;166.7;33.8;3.8;10.6;0.61;2.02;0.18;0.26;1.3;1.32;0.142;36.2;9.19;4.55;2.73;0.45;1.63;4.83;121.6;104.3;4.3;3.3;9.7;0.83;0.22;0.12;0.15
8;0;100;100;0;18.59;3.28;9.32;2.54;2.57;0.192;72.8;13.37;7.02;3.74;0.66;2.15;4.96;223.7;166.5;43;4.3;9.9;0.6;1.48;0.21;0.28;0.87;0.87;0.134;27.2;6.41;3.22;1.89;0.33;1.13;4.36;83.6;69.7;3;2.3;8.7;0.58;0.1;0.08;0.11
8;0;100;100;50;18.87;3.85;11.29;3.03;3.07;0.211;71.3;14.55;7.73;4.04;0.7;2.23;6.03;219.6;160.8;42.2;4.5;12.1;0.62;1.94;0.22;0.31;1.31;1.31;0.137;28.7;9.52;4.66;2.89;0.48;1.62;5.26;88;71.4;2.8;3.2;10.5;0.89;0.15;0.11;0.16
8;0;100;100;100;18.83;4.39;12.45;3.64;3.63;0.238;69.7;15.23;8.42;4.07;0.66;2.27;6.53;214.6;155.9;41.2;4.5;13.1;0.57;2.53;0.22;0.3;1.71;1.67;0.14;30.3;11.82;5.92;3.47;0.63;2.12;5.91;93.1;72.8;4.2;4.2;11.8;1.1;0.22;0.14;0.21
8;50;0;0;0;15.36;2.38;6.61;2.03;2.02;0.198;56.3;10.24;5.4;2.89;0.47;1.63;3.55;176.8;147.9;18.5;3.3;7.1;1.27;0.38;0.17;0.21;0.5;0.54;0.127;43.7;4.05;1.97;1.23;0.21;0.75;3.07;137.1;121;8.4;1.5;6.1;0.25;0.18;0.05;0.07
8;50;0;0;50;15.04;2.48;7.07;2.08;2.12;0.202;56.2;10.49;5.53;2.96;0.5;1.65;3.8;176.6;148.2;17.5;3.3;7.6;1.24;0.48;0.16;0.22;0.63;0.65;0.133;43.8;4.71;2.35;1.42;0.23;0.83;3.26;137.4;120.8;8.4;1.7;6.5;0.25;0.25;0.06;0.08
8;50;0;0;100;14.76;2.66;7.47;2.27;2.29;0.21;55.3;10.88;5.75;3.01;0.52;1.68;3.91;176.3;148.5;16.6;3.4;7.8;1.25;0.65;0.16;0.23;0.83;0.8;0.145;44.7;5.44;2.72;1.63;0.27;0.97;3.56;142.3;120.6;12.6;1.9;7.1;0.26;0.38;0.07;0.09
8;50;0;50;0;17.5;2.79;7.62;2.06;2.07;0.192;61.8;10.8;5.67;2.99;0.52;1.8;4.05;178.3;144.2;22.4;3.6;8.1;1.21;0.46;0.17;0.23;0.71;0.74;0.131;38.2;5.57;2.69;1.72;0.26;0.99;3.57;110.3;93;8.1;2;7.1;0.41;0.17;0.07;0.09
8;50;0;50;50;17.51;3.04;9.06;2.21;2.21;0.197;61.3;11.23;5.89;3.2;0.53;1.68;4.86;178.4;144.3;21;3.4;9.7;1.22;0.6;0.15;0.24;1.05;1.05;0.134;38.7;7.76;3.79;2.33;0.4;1.35;4.21;112.6;93;8.5;2.7;8.4;0.57;0.25;0.1;0.13
8;50;0;50;100;17.3;3.65;10.28;2.49;2.51;0.211;59.6;11.93;6.34;3.31;0.55;1.89;5.33;176.9;142;20.5;3.8;10.7;1.21;0.88;0.18;0.24;1.32;1.38;0.14;40.4;9.84;4.88;3.01;0.45;1.76;4.94;119.7;94.3;12;3.5;9.9;0.74;0.35;0.12;0.18
8;50;0;100;0;19.42;2.9;8.58;2.21;2.18;0.189;69.1;11.5;5.98;3.32;0.55;1.79;4.63;181.1;142.6;25.7;3.6;9.3;1.22;0.53;0.18;0.25;0.9;0.88;0.131;30.9;6.63;3.16;2.05;0.35;1.11;3.95;80.9;62.7;8.1;2.2;7.9;0.52;0.17;0.07;0.12
8;50;0;100;50;19.79;3.69;10.71;2.32;2.39;0.192;67.7;12.45;6.45;3.55;0.61;1.93;5.75;179.3;138.7;25.3;3.9;11.5;1.19;0.75;0.18;0.26;1.28;1.31;0.134;32.3;9.72;4.81;2.94;0.48;1.76;4.96;85.5;64.3;7.8;3.5;9.9;0.8;0.22;0.12;0.16
8;50;0;100;100;19.85;4.15;11.97;2.69;2.72;0.208;65.8;13.08;6.91;3.63;0.61;2.04;6.3;178.1;137;24.4;4.1;12.6;1.15;1.1;0.2;0.27;1.71;1.72;0.138;34.2;12.33;6.08;3.67;0.63;2.11;5.67;92.5;64.9;12.1;4.2;11.3;0.99;0.36;0.16;0.21
8;50;50;0;0;15.31;2.76;7.96;2.79;2.68;0.201;56.2;13.33;7.08;3.71;0.6;2.03;4.21;177.6;146.2;19;4.1;8.4;1.69;0.52;0.19;0.28;0.53;0.56;0.134;43.8;3.94;1.96;1.19;0.2;0.72;3.75;138.4;122.4;7.1;1.4;7.5;0.23;0.2;0.06;0.07
8;50;50;0;50;15.15;2.99;8.62;2.86;2.95;0.211;55.8;14.01;7.39;3.92;0.7;2.15;4.62;176.9;145.2;18.2;4.3;9.2;1.64;0.8;0.2;0.31;0.68;0.68;0.141;44.2;4.7;2.35;1.39;0.25;0.84;4;140;123.1;7.2;1.7;8;0.25;0.29;0.06;0.08
8;50;50;0;100;14.6;3.05;8.87;3.09;3.16;0.221;55.1;14.33;7.65;3.96;0.67;2.12;4.71;176.3;145.8;16.9;4.2;9.4;1.65;1;0.22;0.3;0.86;0.86;0.157;44.9;5.37;2.7;1.63;0.25;0.93;4.16;143.7;122.7;10.9;1.9;8.3;0.27;0.43;0.07;0.09
8;50;50;50;0;17.69;3.34;9.3;2.84;2.82;0.195;61.3;14.46;7.66;4.03;0.72;2.34;4.92;178.5;141.1;23;4.7;9.8;1.6;0.68;0.24;0.31;0.81;0.78;0.136;38.7;5.65;2.77;1.71;0.31;1;4.37;112.7;94.9;7.1;2;8.7;0.42;0.2;0.07;0.1
8;50;50;50;50;17.54;3.63;10.55;3.09;3.11;0.207;60.5;14.99;7.96;4.15;0.74;2.33;5.55;176.9;139.3;21.9;4.7;11.1;1.58;1;0.22;0.31;1.06;1.08;0.139;39.5;7.71;3.75;2.32;0.4;1.3;5.01;115.4;95.9;6.9;2.6;10;0.58;0.27;0.09;0.13
8;50;50;50;100;17.49;4.21;11.89;3.33;3.45;0.223;60.5;15.46;8.29;4.26;0.75;2.42;6.25;186.6;138;31.2;4.8;12.5;1.57;1.33;0.23;0.31;1.45;1.48;0.146;39.5;10.08;4.99;3;0.53;1.78;5.63;122;96.7;10.5;3.6;11.3;0.78;0.41;0.12;0.17
8;50;50;100;0;19.97;3.68;10.49;3.02;3.02;0.194;67.9;15.6;8.25;4.29;0.78;2.48;5.55;179.2;136.3;26.9;5;11.1;1.54;0.91;0.24;0.34;0.95;0.93;0.136;32.1;6.79;3.37;2.04;0.34;1.21;4.94;84.5;65.2;7;2.4;9.9;0.54;0.19;0.09;0.12
8;50;50;100;50;20.1;4.29;12.34;3.34;3.4;0.209;68.4;16.29;8.72;4.52;0.78;2.54;6.49;190.9;133.5;39.3;5.1;13;1.5;1.32;0.25;0.34;1.42;1.4;0.138;31.6;10.08;4.93;3.04;0.52;1.75;5.85;88.2;66.3;6.7;3.5;11.7;0.83;0.27;0.13;0.17
8;50;50;100;100;19.94;4.79;13.58;3.89;3.81;0.222;66.8;17.17;9.27;4.63;0.86;2.63;7.28;188.8;131.1;37.9;5.3;14.6;1.51;1.69;0.26;0.34;1.73;1.77;0.143;33.2;12.3;6.15;3.65;0.67;2.17;6.3;93.9;67.2;9.7;4.3;12.6;1.02;0.38;0.16;0.21
8;50;100;0;0;15.45;3.35;9.56;3.45;3.48;0.206;57.1;16.91;8.99;4.7;0.81;2.62;5.16;187.8;143.4;28.9;5.2;10.3;2.07;0.8;0.26;0.36;0.63;0.62;0.143;42.9;4.18;2.09;1.23;0.2;0.72;4.4;141.1;124.6;6.2;1.4;8.8;0.25;0.25;0.06;0.07
8;50;100;0;50;15.05;3.41;9.87;3.83;3.81;0.221;56.1;17.26;9.31;4.76;0.79;2.56;5.25;185.6;142.5;27.5;5.1;10.5;2.05;1.17;0.24;0.35;0.73;0.75;0.156;43.9;4.67;2.4;1.32;0.23;0.85;4.62;145.3;125.2;9.1;1.7;9.2;0.27;0.35;0.06;0.07
8;50;100;0;100;14.69;3.63;10.24;4.11;4.11;0.231;55.7;17.81;9.78;4.76;0.81;2.73;5.38;184.2;142.1;25.9;5.5;10.8;2.06;1.44;0.25;0.36;0.89;0.92;0.172;44.3;5.24;2.69;1.52;0.25;0.9;4.86;146.2;125.6;9.1;1.8;9.7;0.28;0.49;0.06;0.08
8;50;100;50;0;17.92;3.92;10.9;3.75;3.82;0.209;62.2;18.32;9.8;5.09;0.82;2.98;5.81;189.8;136.8;35.5;6;11.6;1.98;1.17;0.29;0.38;0.81;0.81;0.14;37.8;5.7;2.81;1.73;0.32;0.94;5.1;115.3;97.4;5.8;1.9;10.2;0.42;0.22;0.07;0.1
8;50;100;50;50;17.73;4.23;11.98;4.08;4.09;0.219;60.6;18.66;10.06;5.04;0.9;2.88;6.35;187;134.9;33.6;5.8;12.7;1.95;1.48;0.28;0.38;1.19;1.18;0.147;39.4;7.92;3.96;2.36;0.42;1.34;5.63;121.2;98.5;8.8;2.7;11.3;0.61;0.34;0.1;0.13
8;50;100;50;100;17.75;4.52;13.19;4.4;4.51;0.235;60.1;19.17;10.36;5.18;0.91;2.83;7.08;186.1;133.5;32.8;5.7;14.2;1.91;1.93;0.27;0.39;1.45;1.51;0.153;39.9;9.77;4.84;2.86;0.5;1.69;6.11;123.6;99.3;8.7;3.4;12.2;0.77;0.48;0.11;0.15
8;50;100;100;0;20.24;4.28;12.28;3.89;4.05;0.206;68.9;19.7;10.3;5.57;0.99;3.03;6.53;192.2;131.5;41.6;6.1;13.1;1.9;1.42;0.3;0.42;0.97;0.99;0.14;31.1;6.96;3.48;2.01;0.38;1.25;5.76;86.8;67.1;5.7;2.5;11.5;0.55;0.22;0.09;0.12
8;50;100;100;50;20.39;4.93;14.07;4.43;4.48;0.218;67;20.59;11.08;5.63;0.97;3.14;7.57;189.7;127.8;40.5;6.3;15.1;1.88;1.86;0.31;0.44;1.44;1.46;0.144;33;10.09;5.03;3.04;0.44;1.79;6.5;93.3;68.5;8.2;3.6;13;0.84;0.32;0.13;0.17
8;50;100;100;100;20.16;5.38;15.25;4.86;4.92;0.236;65.9;20.86;11.39;5.63;0.96;3.17;8.09;186.5;125;39;6.3;16.2;1.81;2.38;0.31;0.42;1.86;1.89;0.148;34.1;12.64;6.3;3.8;0.67;2.22;7.16;96.5;69.6;8.2;4.4;14.3;1.07;0.44;0.16;0.21
8;100;0;0;0;17.54;2.75;8.1;2.48;2.58;0.203;48.5;12.69;6.65;3.59;0.63;1.95;4.33;131.7;100.4;18.8;3.9;8.7;1.73;0.39;0.19;0.27;0.59;0.6;0.128;51.5;4.51;2.22;1.4;0.23;0.8;3.78;139.7;118.9;11.7;1.6;7.6;0.23;0.24;0.05;0.08
8;100;0;0;50;16.88;2.98;8.5;2.69;2.64;0.208;48.7;12.71;6.8;3.53;0.59;1.92;4.53;131.8;102;16.9;3.8;9.1;1.73;0.46;0.19;0.26;0.82;0.81;0.141;51.3;5.65;2.84;1.68;0.3;1.05;3.97;138.9;116.9;11.9;2.1;7.9;0.24;0.4;0.07;0.09
8;100;0;0;100;16.64;3.08;9.21;2.85;2.87;0.214;47.7;13.38;7.06;3.7;0.61;1.98;4.93;132.4;102.4;16.2;4;9.9;1.76;0.63;0.19;0.28;1.04;0.99;0.148;52.3;6.62;3.34;1.99;0.33;1.1;4.28;144.9;116.5;17.7;2.2;8.6;0.25;0.54;0.08;0.12
8;100;0;50;0;19.35;3.21;8.94;2.69;2.61;0.201;54.3;13.04;6.88;3.6;0.65;2.04;4.78;134.1;98.6;21.9;4.1;9.6;1.7;0.44;0.2;0.27;0.81;0.85;0.132;45.7;6.33;3.13;1.92;0.33;1.17;4.16;112.9;90.8;11.5;2.3;8.3;0.41;0.24;0.08;0.11
8;100;0;50;50;19.16;3.55;10.56;2.82;2.77;0.203;53.8;13.63;7.16;3.91;0.64;2.06;5.59;134.4;98.3;20.8;4.1;11.2;1.7;0.58;0.2;0.29;1.12;1.21;0.138;46.2;8.69;4.16;2.74;0.42;1.5;4.97;115.3;91;11.4;3;9.9;0.58;0.38;0.11;0.15
8;100;0;50;100;19.14;4.16;11.73;3.08;3.09;0.215;52.4;14.41;7.81;3.97;0.66;2.28;6.3;135;98;19.8;4.6;12.6;1.69;0.87;0.23;0.3;1.5;1.53;0.142;47.6;10.71;5.29;3.2;0.59;1.88;5.43;122.8;91.3;16.9;3.8;10.9;0.7;0.5;0.14;0.18
8;100;0;100;0;21.26;3.42;9.91;2.71;2.71;0.196;61.8;13.81;7.3;3.93;0.68;2.15;5.24;137;96.6;25.6;4.3;10.5;1.69;0.52;0.21;0.29;0.92;0.95;0.132;38.2;7.08;3.47;2.15;0.36;1.27;4.68;84.6;61.7;10.9;2.5;9.4;0.51;0.22;0.09;0.12
8;100;0;100;50;21.28;4.2;11.81;2.87;2.89;0.199;60.9;14.52;7.68;4.1;0.71;2.33;6.32;137.4;95.6;24.4;4.7;12.6;1.64;0.72;0.22;0.3;1.42;1.45;0.137;39.1;10.49;5.18;3.14;0.56;1.87;5.49;88.1;62.3;11;3.7;11;0.77;0.36;0.14;0.17
8;100;0;100;100;21.4;4.59;13.35;3.25;3.26;0.211;58.6;15.44;8.29;4.29;0.66;2.38;7.04;136.7;93.8;24;4.8;14.1;1.62;1.1;0.21;0.32;1.81;1.81;0.14;41.4;12.85;6.34;3.85;0.69;2.21;6.32;96.6;63.4;16.1;4.4;12.6;0.95;0.48;0.17;0.22
8;100;50;0;0;17.5;3.6;10.25;3.5;3.63;0.208;48.9;17.45;9.26;4.89;0.81;2.78;5.39;135.1;100.2;18.5;5.6;10.8;2.47;0.52;0.27;0.37;0.71;0.68;0.139;51.1;4.78;2.38;1.47;0.23;0.82;4.86;140.9;119.1;10.5;1.6;9.7;0.23;0.32;0.06;0.08
8;100;50;0;50;17.09;3.74;10.8;3.85;3.89;0.217;47.9;18;9.69;4.83;0.91;2.77;5.59;134.8;100.7;17.4;5.5;11.2;2.5;0.75;0.27;0.37;0.89;0.89;0.151;52.1;5.78;2.87;1.7;0.29;0.98;5.2;146.8;118.5;16;2;10.4;0.24;0.48;0.07;0.1
8;100;50;0;100;16.73;3.93;11.37;4.12;4.15;0.224;48.1;18.59;9.94;5.17;0.88;2.8;5.99;135.4;101.6;16.2;5.6;12;2.54;0.96;0.28;0.38;1.08;1.11;0.165;51.9;6.67;3.4;1.96;0.31;1.13;5.38;146.4;117.4;15.9;2.3;10.8;0.25;0.66;0.08;0.11
8;100;50;50;0;19.48;4.01;11.38;3.73;3.75;0.204;54.5;18.38;9.85;5.04;0.87;2.92;6.05;137.5;97.4;22.2;5.8;12.1;2.42;0.65;0.29;0.38;0.87;0.89;0.137;45.5;6.4;3.08;1.98;0.33;1.08;5.32;115;91.9;10.3;2.2;10.6;0.41;0.3;0.08;0.11
8;100;50;50;50;19.39;4.5;12.76;4.09;4.07;0.214;52.9;19.07;10.25;5.28;0.85;2.94;6.79;137.5;96.9;21.1;5.9;13.6;2.43;0.96;0.3;0.39;1.29;1.27;0.145;47.1;8.71;4.37;2.6;0.45;1.56;5.97;122.7;92.3;15.4;3.1;11.9;0.56;0.45;0.11;0.14
8;100;50;50;100;19.27;4.88;13.99;4.35;4.36;0.225;54.2;19.39;10.4;5.34;0.94;2.95;7.45;147.6;96.5;30.3;5.9;14.9;2.38;1.28;0.28;0.41;1.69;1.7;0.151;45.8;11.17;5.58;3.27;0.6;1.93;6.54;124.8;92.6;15.2;3.9;13.1;0.74;0.62;0.14;0.2
8;100;50;100;0;21.5;4.29;12.36;3.96;3.89;0.203;61.6;19.2;10.29;5.32;0.91;3.01;6.56;139.6;94.6;25.8;6;13.1;2.35;0.85;0.29;0.4;1.04;1.03;0.137;38.4;7.41;3.68;2.21;0.41;1.28;5.8;87;62.9;9.9;2.6;11.6;0.51;0.3;0.09;0.13
8;100;50;100;50;21.64;4.99;14.25;4.21;4.29;0.214;61.4;20.06;10.8;5.46;0.95;3.15;7.6;152.2;93.1;37.5;6.3;15.2;2.33;1.24;0.31;0.42;1.47;1.53;0.142;38.6;10.72;5.24;3.24;0.56;1.83;6.65;95.5;63.8;14.7;3.7;13.3;0.79;0.44;0.13;0.18
8;100;50;100;100;21.73;5.32;15.63;4.71;4.57;0.223;60.4;20.47;11.22;5.48;0.99;3.1;8.14;150.6;91.4;36.7;6.2;16.3;2.25;1.62;0.29;0.42;1.95;1.96;0.147;39.6;13.31;6.52;4.03;0.71;2.21;7.49;98.9;64.8;14.7;4.4;15;0.99;0.6;0.15;0.23
8;100;100;0;0;17.49;4.23;11.71;4.5;4.49;0.211;50.5;21.29;11.45;5.8;0.98;3.36;6.22;146;98.4;28.4;6.7;12.4;2.92;0.81;0.33;0.43;0.81;0.74;0.148;49.5;4.92;2.52;1.4;0.26;0.87;5.49;143.3;121.2;9.3;1.7;11;0.24;0.37;0.06;0.08
8;100;100;0;50;17.08;4.18;12.22;4.75;4.81;0.223;49.5;21.54;11.57;5.83;1.05;3.27;6.44;144.9;99;26.5;6.5;12.9;2.91;1.13;0.32;0.44;1.04;0.97;0.167;50.5;5.77;2.97;1.71;0.27;0.91;5.78;148.2;120.5;14.3;1.8;11.6;0.24;0.58;0.06;0.09
8;100;100;0;100;16.64;4.42;12.72;5.04;5.05;0.231;49.5;21.85;11.88;5.98;1;3.31;6.78;144.8;100.1;24.5;6.6;13.6;2.94;1.35;0.32;0.44;1.22;1.26;0.186;50.5;6.71;3.46;1.95;0.34;1.12;5.94;147.6;119.2;14.3;2.2;11.9;0.26;0.81;0.08;0.11
8;100;100;50;0;19.81;4.64;13.15;4.63;4.74;0.213;56;22.24;11.93;6.07;1.02;3.49;6.99;150.1;94.9;34.3;7;14;2.79;1.14;0.35;0.46;0.98;0.98;0.144;44;6.67;3.32;2.01;0.35;1.16;6.16;117.9;94.1;9.2;2.3;12.3;0.41;0.37;0.08;0.11
8;100;100;50;50;19.47;4.95;14.42;4.92;5.03;0.222;54.5;22.68;12.23;6.22;1.1;3.42;7.58;149;94.6;32.4;6.8;15.2;2.82;1.41;0.32;0.47;1.39;1.38;0.154;45.5;8.87;4.5;2.61;0.43;1.53;6.84;124.2;94.3;13.2;3.1;13.7;0.58;0.53;0.12;0.15
8;100;100;50;100;19.36;5.22;15.26;5.28;5.34;0.234;53.8;22.79;12.42;6.12;1.07;3.44;8.03;147.6;93.9;30.7;6.9;16.1;2.74;1.81;0.34;0.45;1.85;1.83;0.163;46.2;11.17;5.58;3.31;0.58;1.78;7.23;126.8;95;13.8;3.6;14.5;0.75;0.77;0.13;0.18
8;100;100;100;0;21.56;4.98;14.22;4.87;4.91;0.211;63.1;23.32;12.46;6.4;1.11;3.63;7.54;153.3;91.1;39.9;7.3;15.1;2.71;1.37;0.36;0.47;1.09;1.12;0.143;36.9;7.79;3.83;2.36;0.38;1.34;6.68;89.6;65;8.5;2.7;13.4;0.55;0.34;0.1;0.13
8;100;100;100;50;21.96;5.62;15.79;5.17;5.2;0.22;60.9;23.66;12.8;6.34;1.14;3.71;8.29;152.3;89.5;38.7;7.4;16.6;2.62;1.76;0.35;0.48;1.66;1.66;0.15;39.1;11.06;5.46;3.3;0.54;1.91;7.5;97.8;65.9;13.1;3.8;15;0.82;0.53;0.14;0.18
8;100;100;100;100;21.72;5.95;17.16;5.54;5.72;0.235;60.3;24.32;13.24;6.63;1.11;3.65;9.15;151.7;88.9;37.2;7.3;18.3;2.61;2.27;0.35;0.48;2.1;2.1;0.156;39.7;13.38;6.68;3.93;0.74;2.29;8.02;99.9;66.3;12.9;4.6;16;1.01;0.72;0.16;0.22
9;0;0;0;0;13.75;1.76;5.05;1.41;1.4;0.185;63.4;7.54;3.94;2.14;0.35;1.2;2.65;224.1;196.3;20.1;2.4;5.3;0.72;0.41;0.12;0.15;0.39;0.4;0.117;36.6;3.13;1.52;0.97;0.16;0.56;2.4;129.5;119.1;4.5;1.1;4.8;0.21;0.09;0.04;0.06
9;0;0;0;50;13.29;1.89;5.26;1.63;1.58;0.197;63.1;7.99;4.3;2.22;0.37;1.3;2.81;222.5;195.2;19.1;2.6;5.6;0.72;0.56;0.13;0.17;0.44;0.45;0.122;36.9;3.45;1.65;1.07;0.18;0.59;2.45;130.2;119.7;4.4;1.2;4.9;0.22;0.12;0.05;0.06
9;0;0;0;100;13.01;2.07;5.7;1.67;1.72;0.205;62.4;8.37;4.41;2.3;0.4;1.35;2.99;221.8;195.1;18;2.7;6;0.72;0.7;0.13;0.17;0.53;0.53;0.127;37.6;3.97;1.94;1.16;0.2;0.71;2.71;133.5;119.7;6.9;1.4;5.4;0.24;0.18;0.05;0.06
9;0;0;50;0;16.07;2.09;6.27;1.56;1.52;0.181;68.7;8.42;4.34;2.4;0.39;1.28;3.37;225.8;192.4;24.1;2.6;6.7;0.72;0.49;0.13;0.18;0.62;0.6;0.123;31.3;4.75;2.29;1.44;0.27;0.81;2.9;102.8;90.9;4.5;1.6;5.8;0.37;0.09;0.06;0.08
9;0;0;50;50;15.85;2.51;7.36;1.69;1.71;0.193;67.9;8.84;4.59;2.45;0.45;1.42;3.88;223.1;189.4;23;2.8;7.8;0.7;0.69;0.14;0.18;0.78;0.84;0.126;32.1;6.58;3.12;2.04;0.34;1.09;3.48;105.5;92.1;4.3;2.2;7;0.52;0.12;0.08;0.12
9;0;0;50;100;15.88;2.92;8.7;1.99;1.98;0.206;66.4;9.61;5.08;2.69;0.48;1.44;4.62;220.2;185.6;22.4;2.9;9.2;0.68;0.96;0.14;0.2;1.05;1.09;0.127;33.6;8.49;4.09;2.63;0.43;1.48;4.09;111.1;93.6;6.3;3;8.2;0.68;0.16;0.11;0.15
9;0;0;100;0;18.09;2.46;7.08;1.66;1.59;0.177;75.2;9;4.67;2.62;0.41;1.43;3.8;226.9;189.2;27.3;2.9;7.6;0.69;0.56;0.14;0.2;0.73;0.73;0.123;24.8;5.84;2.81;1.78;0.3;1.03;3.28;74.8;61.6;4.6;2.1;6.6;0.47;0.1;0.07;0.1
9;0;0;100;50;18.27;3.08;8.95;1.81;1.89;0.188;73.9;9.98;5.21;2.81;0.51;1.59;4.81;223;183.3;26.9;3.2;9.6;0.66;0.84;0.16;0.22;1.06;1.08;0.125;26.1;8.55;4.13;2.65;0.45;1.49;4.14;78.7;63.2;4.2;3;8.3;0.71;0.12;0.1;0.15
9;0;0;100;100;18.32;3.56;10.42;2.19;2.23;0.204;72.3;10.95;5.68;3.11;0.54;1.69;5.59;219.4;178.7;26.2;3.4;11.2;0.64;1.17;0.18;0.24;1.36;1.37;0.127;27.7;10.75;5.2;3.32;0.57;1.87;4.83;84;64.5;6.1;3.7;9.7;0.9;0.16;0.13;0.19
9;0;50;0;0;13.82;2.01;5.71;1.67;1.66;0.184;62.7;9.02;4.71;2.6;0.45;1.46;3.15;221.5;191.5;20.8;2.9;6.3;0.72;0.59;0.14;0.21;0.4;0.41;0.119;37.3;3.13;1.5;0.97;0.15;0.55;2.56;131.5;121.7;3.6;1.1;5.1;0.22;0.1;0.04;0.05
9;0;50;0;50;13.34;2.03;6.02;1.82;1.9;0.202;62.2;9.38;4.85;2.67;0.47;1.43;3.23;218.8;189.8;19.7;2.9;6.5;0.71;0.84;0.14;0.2;0.45;0.47;0.126;37.8;3.47;1.63;1.13;0.19;0.6;2.79;133;122.6;3.6;1.2;5.6;0.23;0.14;0.04;0.06
9;0;50;0;100;12.81;2.28;6.29;2.13;2.19;0.218;61.4;10.07;5.43;2.67;0.49;1.59;3.33;216.3;187.9;18.6;3.2;6.7;0.72;1.1;0.16;0.21;0.57;0.56;0.138;38.6;3.9;1.93;1.17;0.2;0.69;2.96;136.1;123.6;5.2;1.4;5.9;0.25;0.2;0.05;0.07
9;0;50;50;0;16;2.45;6.99;1.86;1.81;0.179;67.6;10.11;5.21;2.89;0.52;1.63;3.62;220.3;185.2;24.5;3.3;7.2;0.72;0.72;0.17;0.2;0.61;0.61;0.125;32.4;4.77;2.27;1.49;0.22;0.82;3.37;105.6;93.8;3.4;1.6;6.7;0.38;0.09;0.06;0.08
9;0;50;50;50;15.94;2.88;8.3;2.09;2.17;0.198;66.7;10.9;5.8;3.02;0.51;1.75;4.49;217.9;181.7;23.7;3.5;9;0.68;1.08;0.17;0.24;0.77;0.86;0.128;33.3;6.6;3.14;2.02;0.35;1.13;3.81;108.4;95.3;3.3;2.3;7.6;0.53;0.13;0.08;0.11
9;0;50;50;100;16.06;3.28;9.45;2.57;2.59;0.221;66.6;11.69;6.38;3.13;0.52;1.83;5.06;226.3;177.7;34.8;3.7;10.1;0.69;1.49;0.17;0.24;1.08;1.12;0.132;33.4;8.43;4.07;2.62;0.44;1.45;4.39;113.5;96.9;4.9;2.9;8.8;0.69;0.19;0.1;0.15
9;0;50;100;0;18.21;2.93;8.31;2.1;2.13;0.186;74;11.41;5.94;3.36;0.53;1.85;4.51;220.6;179.5;28.4;3.7;9;0.69;1;0.18;0.26;0.73;0.77;0.126;26;5.96;2.89;1.86;0.31;1.08;3.8;77.3;64.3;3.2;2.2;7.6;0.5;0.09;0.09;0.1
9;0;50;100;50;18.61;3.56;10.09;2.5;2.51;0.202;73.8;12.45;6.59;3.41;0.62;1.96;5.38;230;173;42.3;3.9;10.8;0.65;1.42;0.19;0.26;1.09;1.14;0.128;26.2;8.89;4.3;2.72;0.46;1.6;4.7;81.7;66;3.1;3.2;9.4;0.75;0.12;0.11;0.16
9;0;50;100;100;18.77;3.96;11.43;2.91;2.94;0.22;72.4;13.35;7.2;3.62;0.62;2.05;6.2;226.4;168.9;41;4.1;12.4;0.64;1.82;0.2;0.28;1.42;1.44;0.13;27.6;11;5.36;3.36;0.55;1.91;5.23;86.2;67.2;4.8;3.8;10.5;0.94;0.18;0.14;0.18
9;0;100;0;0;13.64;2.25;6.29;2.04;2.06;0.194;62.7;10.57;5.46;3.01;0.49;1.73;3.41;226.8;184.8;31.8;3.5;6.8;0.71;0.95;0.16;0.23;0.39;0.41;0.122;37.3;3.09;1.46;0.98;0.16;0.52;2.89;134.8;125.4;2.6;1;5.8;0.23;0.09;0.04;0.05
9;0;100;0;50;13.23;2.22;6.52;2.42;2.39;0.216;62.1;11.05;5.89;3.03;0.53;1.66;3.45;223.4;182.8;30.4;3.3;6.9;0.72;1.29;0.16;0.22;0.47;0.46;0.131;37.9;3.28;1.6;1.01;0.17;0.56;3.07;136.2;126.5;2.5;1.1;6.1;0.23;0.13;0.04;0.06
9;0;100;0;100;12.62;2.34;6.81;2.68;2.69;0.234;61.5;11.51;6.28;3.14;0.52;1.7;3.63;221.1;181.8;28.6;3.4;7.3;0.72;1.57;0.17;0.24;0.56;0.54;0.14;38.5;3.66;1.84;1.07;0.19;0.64;3.18;138.2;127;3.6;1.3;6.4;0.25;0.19;0.04;0.06
9;0;100;50;0;16.1;2.76;7.82;2.36;2.37;0.197;67.7;12.03;6.28;3.4;0.6;1.89;4.2;227.5;177.3;38;3.8;8.4;0.68;1.25;0.18;0.25;0.62;0.64;0.126;32.3;4.88;2.37;1.48;0.25;0.87;3.62;108.4;97;2.4;1.7;7.2;0.4;0.08;0.07;0.08
9;0;100;50;50;16.2;3.13;9.08;2.75;2.75;0.214;66.6;12.85;6.85;3.58;0.59;1.95;4.83;223.4;172.8;37;3.9;9.7;0.67;1.62;0.19;0.27;0.88;0.9;0.13;33.4;6.76;3.27;2.05;0.37;1.18;4.26;112.1;98.9;2.3;2.4;8.5;0.56;0.13;0.09;0.12
9;0;100;50;100;16.26;3.54;10.24;3.23;3.29;0.24;65.2;13.73;7.49;3.71;0.62;2.04;5.43;219.3;168.1;36.3;4.1;10.9;0.66;2.15;0.2;0.28;1.12;1.16;0.133;34.8;8.63;4.13;2.65;0.45;1.5;4.82;116.9;100.9;3.4;3;9.6;0.73;0.17;0.11;0.15
9;0;100;100;0;18.76;3.31;9.28;2.65;2.68;0.194;74;13.8;7.34;3.8;0.65;2.21;5;228.8;169.6;44.8;4.4;10;0.66;1.52;0.21;0.3;0.74;0.77;0.126;26;6;2.94;1.8;0.31;1.11;4.28;80.1;67;2.4;2.2;8.6;0.51;0.08;0.08;0.09
9;0;100;100;50;19.09;3.95;11.32;3.14;3.2;0.213;72.4;15.03;7.95;4.28;0.71;2.27;6.04;223.4;162.8;43.9;4.5;12.1;0.65;2;0.22;0.33;1.14;1.17;0.129;27.6;8.99;4.42;2.72;0.48;1.68;5.28;84.9;68.8;2.2;3.4;10.6;0.78;0.11;0.12;0.15
9;0;100;100;100;19.08;4.36;12.47;3.79;3.82;0.24;71.1;15.94;8.74;4.28;0.77;2.36;6.71;219;157.9;43;4.7;13.4;0.63;2.63;0.23;0.33;1.46;1.49;0.131;28.9;11.21;5.46;3.44;0.56;2;5.76;89;70.2;3.2;4;11.5;0.97;0.16;0.16;0.19
9;50;0;0;0;15.6;2.33;6.65;2.13;2.11;0.202;57.8;10.48;5.58;2.95;0.46;1.64;3.56;180.7;150.5;19.8;3.3;7.1;1.33;0.4;0.16;0.21;0.46;0.49;0.123;42.2;3.79;1.87;1.19;0.19;0.69;3.08;131.9;116.7;7.6;1.4;6.2;0.21;0.16;0.05;0.07
9;50;0;0;50;15.14;2.54;7.1;2.25;2.29;0.21;57.7;10.94;5.83;3.01;0.53;1.74;3.84;180.5;150.8;18.6;3.5;7.7;1.35;0.55;0.17;0.23;0.56;0.57;0.126;42.3;4.35;2.12;1.35;0.25;0.8;3.26;132.1;116.5;7.5;1.6;6.5;0.23;0.22;0.05;0.08
9;50;0;0;100;14.8;2.61;7.47;2.39;2.41;0.215;57;11.22;5.97;3.08;0.52;1.73;3.99;180.6;151.6;17.5;3.5;8;1.34;0.68;0.16;0.23;0.7;0.71;0.139;43;4.97;2.44;1.47;0.25;0.89;3.48;136.2;115.9;11.6;1.8;7;0.23;0.34;0.06;0.08
9;50;0;50;0;17.49;2.63;7.68;2.12;2.17;0.197;63.4;11.02;5.77;3.05;0.55;1.72;4.11;182.6;147.8;23.1;3.4;8.2;1.3;0.47;0.17;0.23;0.68;0.67;0.124;36.6;5.28;2.56;1.59;0.31;0.92;3.57;105.3;88.9;7.4;1.8;7.1;0.36;0.15;0.07;0.09
9;50;0;50;50;17.44;3.09;8.86;2.33;2.39;0.205;62.9;11.66;6.22;3.24;0.58;1.86;4.82;182.5;146.7;22.4;3.7;9.6;1.29;0.66;0.18;0.25;0.93;0.92;0.127;37.1;7.18;3.48;2.2;0.37;1.22;4.04;107.4;89.5;7.3;2.4;8.1;0.5;0.21;0.09;0.12
9;50;0;50;100;17.65;3.64;10.24;2.65;2.67;0.215;61.1;12.43;6.66;3.44;0.6;1.96;5.41;180.8;144.4;21.7;3.9;10.8;1.29;0.93;0.2;0.26;1.22;1.26;0.132;38.9;9.39;4.58;2.88;0.49;1.69;4.83;114.9;90.8;11.1;3.4;9.7;0.66;0.32;0.12;0.16
9;50;0;100;0;19.68;2.95;8.59;2.33;2.29;0.192;70.2;11.87;6.27;3.31;0.53;1.87;4.56;184.2;144.5;26.9;3.7;9.1;1.29;0.56;0.18;0.25;0.77;0.79;0.124;29.8;6.26;2.99;1.96;0.34;1.08;4.03;78.3;60.7;7.4;2.2;8.1;0.46;0.15;0.08;0.11
9;50;0;100;50;19.89;3.52;10.45;2.52;2.5;0.2;68.9;12.54;6.59;3.56;0.62;1.93;5.53;182.1;140.8;26.3;3.9;11.1;1.21;0.84;0.19;0.27;1.1;1.17;0.127;31.1;9.15;4.39;2.81;0.5;1.59;4.92;82.1;62;7.1;3.2;9.8;0.7;0.2;0.11;0.16
9;50;0;100;100;19.95;4.17;11.94;2.85;2.91;0.211;67.2;13.79;7.33;3.85;0.63;2.11;6.33;181.4;138.8;25.7;4.2;12.7;1.25;1.17;0.2;0.3;1.52;1.51;0.131;32.8;11.45;5.65;3.42;0.61;2.06;5.61;88.4;62.7;10.3;4.1;11.2;0.86;0.31;0.15;0.19
9;50;50;0;0;15.51;2.8;8;2.76;2.81;0.205;57.6;13.71;7.26;3.83;0.65;2.11;4.28;181.5;148.9;19.8;4.2;8.6;1.76;0.56;0.21;0.29;0.48;0.53;0.13;42.4;3.88;1.84;1.19;0.21;0.69;3.72;133.4;117.8;6.7;1.4;7.4;0.21;0.19;0.06;0.07
9;50;50;0;50;15.33;3.09;8.6;3.03;3.13;0.216;57.3;14.51;7.88;3.92;0.67;2.29;4.63;180.9;147.8;19.2;4.6;9.3;1.77;0.84;0.21;0.31;0.59;0.6;0.135;42.7;4.26;2.08;1.32;0.2;0.8;3.97;134.5;118.6;6.4;1.6;7.9;0.22;0.26;0.05;0.07
9;50;50;0;100;14.79;3.1;8.77;3.25;3.29;0.225;56.4;14.59;7.88;3.98;0.63;2.22;4.61;179.3;147.9;17.8;4.4;9.2;1.73;1.05;0.21;0.29;0.74;0.78;0.151;43.6;5.05;2.54;1.45;0.24;0.88;4.16;138.6;118.6;9.9;1.8;8.3;0.24;0.4;0.06;0.09
9;50;50;50;0;17.87;3.36;9.42;2.92;2.95;0.199;62.8;14.78;7.83;4.16;0.7;2.39;5.06;182.8;144.1;23.9;4.8;10.1;1.68;0.71;0.24;0.31;0.68;0.71;0.129;37.2;5.38;2.63;1.67;0.28;0.98;4.36;108.2;91;6.5;2;8.7;0.37;0.19;0.07;0.09
9;50;50;50;50;17.59;3.83;10.68;3.19;3.29;0.212;62;15.53;8.32;4.22;0.8;2.51;5.7;181.4;142;23;5;11.4;1.68;1.04;0.25;0.33;0.94;1.01;0.133;38;7.52;3.64;2.3;0.39;1.32;4.99;110.8;92.1;6.1;2.6;10;0.53;0.25;0.1;0.13
9;50;50;50;100;17.56;4.14;11.63;3.5;3.63;0.227;62;15.97;8.6;4.36;0.79;2.47;6.22;190.5;139.9;33.2;4.9;12.4;1.64;1.4;0.25;0.33;1.27;1.3;0.138;38;9.34;4.58;2.85;0.46;1.68;5.42;116.6;93.3;9.1;3.4;10.8;0.67;0.35;0.12;0.15
9;50;50;100;0;19.94;3.73;10.45;3.21;3.21;0.202;69.3;15.9;8.41;4.45;0.78;2.55;5.55;182.9;138.9;27.8;5.1;11.1;1.63;1;0.25;0.33;0.82;0.85;0.129;30.7;6.49;3.15;1.99;0.38;1.18;4.89;80.9;62.7;6;2.4;9.8;0.48;0.17;0.08;0.11
9;50;50;100;50;20.16;4.24;12.26;3.59;3.54;0.212;69.7;16.66;8.93;4.54;0.81;2.58;6.51;194.6;135.7;40.7;5.2;13;1.58;1.36;0.25;0.34;1.24;1.26;0.13;30.3;9.58;4.64;2.95;0.52;1.66;5.75;84.7;63.9;6;3.3;11.5;0.73;0.24;0.11;0.17
9;50;50;100;100;20.28;4.63;13.47;4.02;3.96;0.226;68;17.57;9.54;4.75;0.8;2.56;7.19;192.4;133.1;39.8;5.1;14.4;1.59;1.74;0.26;0.36;1.54;1.58;0.135;32;11.57;5.67;3.51;0.61;2.08;6.28;90.4;64.8;8.9;4.2;12.6;0.89;0.35;0.15;0.19
9;50;100;0;0;15.57;3.32;9.56;3.58;3.68;0.213;58.4;17.3;9.15;4.83;0.82;2.66;5.15;191.2;145.2;30.4;5.3;10.3;2.15;0.92;0.25;0.36;0.56;0.54;0.134;41.6;3.79;1.88;1.14;0.21;0.66;4.41;136.2;120.6;5.5;1.3;8.8;0.22;0.21;0.05;0.06
9;50;100;0;50;15.55;3.48;10.11;3.87;4.05;0.225;57.5;17.96;9.6;4.97;0.86;2.74;5.4;190.2;144.2;29.8;5.5;10.8;2.15;1.27;0.25;0.38;0.67;0.68;0.15;42.5;4.37;2.19;1.28;0.22;0.74;4.71;140.4;121.3;8.2;1.5;9.4;0.23;0.32;0.05;0.07
9;50;100;0;100;14.84;3.52;10.26;4.23;4.33;0.236;57.2;18.34;9.94;4.97;0.85;2.7;5.52;188.1;144;27.7;5.4;11;2.16;1.53;0.27;0.38;0.83;0.81;0.165;42.8;4.79;2.48;1.36;0.24;0.82;4.74;140.6;121.5;8.1;1.6;9.5;0.24;0.44;0.05;0.08
9;50;100;50;0;17.91;3.85;11.01;3.94;3.98;0.213;63.5;18.68;10.08;5.09;0.89;2.88;5.88;193.3;139.3;36.5;5.8;11.8;2.1;1.2;0.28;0.4;0.75;0.74;0.132;36.5;5.41;2.67;1.65;0.29;0.96;5.13;110.9;93.6;5.1;1.9;10.3;0.38;0.2;0.07;0.09
9;50;100;50;50;17.96;4.24;12.06;4.17;4.29;0.223;62.1;19.23;10.27;5.34;0.9;2.95;6.43;191.1;136.7;35.7;5.9;12.9;2.03;1.57;0.29;0.41;1.06;1.04;0.14;37.9;7.37;3.64;2.18;0.38;1.28;5.64;116.6;95.1;7.7;2.6;11.3;0.53;0.3;0.09;0.12
9;50;100;50;100;17.84;4.51;13.21;4.72;4.73;0.24;61.2;19.75;10.83;5.35;0.88;2.93;7.03;188.5;134.1;34.5;5.9;14.1;2;2.05;0.28;0.4;1.31;1.37;0.145;38.8;9.37;4.58;2.87;0.49;1.59;6.18;119.5;96.5;7.5;3.2;12.4;0.69;0.41;0.12;0.16
9;50;100;100;0;20.36;4.29;12.23;4.15;4.2;0.209;70.1;20.08;10.7;5.6;0.96;3.12;6.61;195.9;133.4;43;6.2;13.2;2.01;1.47;0.3;0.42;0.88;0.88;0.131;29.9;6.59;3.26;1.95;0.35;1.17;5.63;83.3;64.7;5;2.3;11.3;0.5;0.19;0.08;0.1
9;50;100;100;50;20.51;4.81;13.87;4.44;4.55;0.221;68.2;20.59;10.97;5.77;0.95;3.13;7.39;192.9;129.5;42.4;6.3;14.8;1.91;1.91;0.3;0.43;1.26;1.3;0.136;31.8;9.49;4.66;2.96;0.46;1.68;6.49;89.7;66.2;7.2;3.4;13;0.74;0.28;0.12;0.16
9;50;100;100;100;20.48;5.22;15.08;5.17;5.13;0.24;67;21.39;11.86;5.59;0.99;3.23;7.93;188.9;125;41.6;6.5;15.9;1.85;2.55;0.31;0.42;1.62;1.65;0.139;33;11.77;5.66;3.66;0.66;2;7.15;92.9;67.8;6.8;4;14.3;0.93;0.36;0.15;0.2
9;100;0;0;0;17.26;2.73;8.05;2.79;2.71;0.209;50.1;12.97;6.92;3.58;0.64;1.96;4.3;134.3;102.5;19.3;3.9;8.6;1.85;0.4;0.19;0.28;0.58;0.57;0.124;49.9;4.41;2.13;1.36;0.22;0.78;3.75;133.9;114.2;10.6;1.6;7.5;0.21;0.22;0.05;0.08
9;100;0;0;50;16.88;3;8.48;2.84;2.88;0.216;50.1;13.38;7.09;3.75;0.67;2.09;4.55;134.5;102.9;18.3;4.2;9.1;1.85;0.54;0.21;0.28;0.67;0.71;0.136;49.9;5.07;2.52;1.51;0.27;0.91;3.93;133.9;113.7;10.6;1.8;7.9;0.21;0.35;0.06;0.09
9;100;0;0;100;16.74;3.11;9.24;2.98;3.07;0.22;49.3;13.95;7.43;3.9;0.68;2.09;4.94;135.5;104.2;17.2;4.2;9.9;1.89;0.67;0.22;0.29;0.91;0.89;0.143;50.7;6.11;3.05;1.77;0.32;1.02;4.3;139.4;112.4;16.4;2;8.6;0.22;0.5;0.07;0.1
9;100;0;50;0;19.27;3.16;9.02;2.76;2.78;0.205;55.9;13.54;7.19;3.8;0.64;2.16;4.85;137.2;100.4;22.8;4.3;9.7;1.81;0.47;0.22;0.28;0.69;0.74;0.125;44.1;5.82;2.72;1.84;0.31;1;4.17;108.2;87.3;10.5;2;8.3;0.35;0.22;0.07;0.1
9;100;0;50;50;19.12;3.56;10.21;2.9;2.95;0.212;55.5;13.95;7.51;3.85;0.64;2.17;5.53;137.4;100.3;21.8;4.3;11.1;1.79;0.65;0.21;0.3;1.09;1.08;0.133;44.5;8.04;3.92;2.48;0.44;1.39;4.69;110;87.4;10.4;2.8;9.4;0.5;0.34;0.11;0.14
9;100;0;50;100;19.07;4.08;11.77;3.15;3.22;0.219;53.6;14.7;7.95;4.03;0.71;2.28;6.2;137.1;99.5;20.6;4.6;12.4;1.78;0.91;0.22;0.31;1.45;1.43;0.136;46.4;10.45;5.1;3.17;0.55;1.79;5.57;118.5;88.1;15.7;3.6;11.1;0.64;0.47;0.13;0.18
9;100;0;100;0;21.14;3.39;9.86;2.87;2.87;0.202;63.5;14.28;7.55;4.05;0.66;2.22;5.37;140.3;98.7;26.5;4.4;10.7;1.79;0.55;0.22;0.31;0.86;0.86;0.125;36.5;6.7;3.26;2.07;0.35;1.17;4.49;80.8;59.3;10.2;2.3;9;0.44;0.21;0.09;0.11
9;100;0;100;50;21.39;4;11.69;3.13;3.1;0.207;62.3;14.96;7.93;4.13;0.75;2.3;6.32;140;97.1;25.6;4.6;12.6;1.74;0.81;0.23;0.32;1.28;1.3;0.13;37.7;9.9;4.81;3.01;0.48;1.7;5.37;84.6;60.1;10.3;3.4;10.7;0.68;0.34;0.12;0.16
9;100;0;100;100;21.48;4.59;13.21;3.44;3.44;0.216;60.2;15.93;8.59;4.37;0.79;2.45;7.04;139.8;95.9;24.9;4.9;14.1;1.73;1.13;0.24;0.33;1.64;1.66;0.134;39.8;12.29;6.04;3.69;0.6;2.14;6.17;92.5;60.8;15;4.3;12.3;0.83;0.46;0.16;0.2
9;100;50;0;0;17.29;3.52;10.15;3.73;3.81;0.215;50.6;17.77;9.51;4.92;0.8;2.76;5.49;138.1;102.4;19.2;5.5;11;2.63;0.53;0.27;0.38;0.66;0.63;0.133;49.4;4.56;2.25;1.38;0.25;0.76;4.66;134.9;114.3;9.7;1.5;9.3;0.21;0.29;0.06;0.07
9;100;50;0;50;17.04;3.7;10.76;4.08;4.12;0.222;49.5;18.6;9.98;5.1;0.83;2.81;5.8;138;102.3;18.4;5.6;11.6;2.66;0.81;0.27;0.39;0.85;0.82;0.146;50.5;5.49;2.7;1.68;0.24;0.89;4.96;140.6;114.4;14.5;1.8;9.9;0.23;0.44;0.07;0.09
9;100;50;0;100;16.63;3.96;11.3;4.33;4.34;0.229;49.6;18.94;10.34;5.08;0.84;2.91;6.05;138.3;103.4;16.9;5.8;12.1;2.69;0.98;0.27;0.4;1.01;1.03;0.161;50.4;6.34;3.19;1.88;0.34;1.05;5.24;140.5;113.2;14.8;2.1;10.5;0.23;0.61;0.07;0.12
9;100;50;50;0;19.4;4.08;11.36;3.89;3.93;0.21;56;18.76;10.04;5.13;0.89;2.99;6.07;140.4;99.5;22.8;6;12.1;2.58;0.67;0.29;0.39;0.81;0.83;0.132;44;6.14;3.01;1.85;0.3;1.08;5.29;110.2;88.1;9.4;2.2;10.6;0.37;0.28;0.08;0.1
9;100;50;50;50;19.46;4.51;12.69;4.17;4.25;0.218;54.3;19.48;10.47;5.37;0.92;3.08;6.77;139.9;97.8;22.3;6.2;13.5;2.54;1.02;0.3;0.39;1.17;1.13;0.138;45.7;8.13;4.01;2.45;0.43;1.43;5.92;117.9;89.4;13.8;2.9;11.8;0.5;0.4;0.09;0.13
9;100;50;50;100;19.45;4.85;13.94;4.52;4.67;0.23;55.6;20.32;10.94;5.55;0.94;3.05;7.56;150.5;97.1;32.2;6.1;15.1;2.53;1.4;0.31;0.43;1.47;1.49;0.143;44.4;10.29;5.11;3.01;0.54;1.8;6.38;120.1;90.1;13.7;3.6;12.8;0.65;0.55;0.12;0.16
9;100;50;100;0;21.67;4.34;12.41;4.1;4.16;0.211;63;19.7;10.54;5.45;0.91;3.1;6.62;142.8;96.6;26.8;6.2;13.2;2.51;0.94;0.3;0.41;0.89;0.96;0.131;37;7.22;3.43;2.28;0.37;1.25;5.79;83.7;60.4;9.2;2.5;11.6;0.47;0.28;0.09;0.12
9;100;50;100;50;21.79;4.95;14.31;4.3;4.5;0.219;62.7;20.62;11;5.78;0.97;3.19;7.58;155.1;94.1;39.4;6.4;15.2;2.44;1.31;0.31;0.45;1.38;1.39;0.135;37.3;10.21;4.95;3.08;0.57;1.76;6.72;92.2;61.8;13.4;3.5;13.4;0.7;0.4;0.12;0.17
9;100;50;100;100;21.71;5.42;15.6;4.78;4.87;0.229;62;21.33;11.66;5.71;0.98;3.26;8.34;154.4;93.2;38;6.5;16.7;2.42;1.69;0.33;0.43;1.78;1.79;0.14;38;12.68;6.25;3.8;0.65;2.16;7.25;94.6;62.3;13.5;4.3;14.5;0.87;0.55;0.16;0.22
9;100;100;0;0;17.51;4.21;11.77;4.8;4.76;0.219;52;21.74;11.82;5.88;0.98;3.39;6.34;149.3;100.1;29.7;6.8;12.7;3.08;0.89;0.33;0.46;0.63;0.7;0.143;48;4.75;2.3;1.48;0.23;0.82;5.43;137.8;116.8;8.6;1.6;10.9;0.22;0.34;0.05;0.08
9;100;100;0;50;17.22;4.37;12.33;5.04;5.13;0.229;51;22.44;12.14;6.05;1.05;3.44;6.67;148.8;100.1;28.5;6.9;13.3;3.1;1.23;0.32;0.47;0.84;0.89;0.162;49;5.46;2.71;1.62;0.27;0.93;5.66;142.7;116.8;12.8;1.9;11.3;0.22;0.52;0.06;0.09
9;100;100;0;100;16.66;4.43;12.62;5.34;5.4;0.237;51;22.81;12.56;6.2;1.02;3.44;6.82;148.2;101.1;26.6;6.9;13.6;3.14;1.46;0.34;0.47;1.08;1.1;0.181;49;6.02;3.14;1.68;0.27;0.99;5.8;142.2;115.8;12.8;2;11.6;0.22;0.71;0.07;0.09
9;100;100;50;0;19.62;4.64;13.08;4.93;5.02;0.218;57.5;23.01;12.43;6.32;1.06;3.62;7.05;152.9;96;35.6;7.2;14.1;2.98;1.19;0.36;0.49;0.85;0.85;0.138;42.5;6.04;2.94;1.8;0.34;1.02;6.03;113.1;90.9;8.1;2;12.1;0.36;0.32;0.07;0.1
9;100;100;50;50;19.66;5.02;14.25;5.24;5.27;0.227;55.8;23.24;12.64;6.21;1.11;3.57;7.55;151.8;95.4;34.1;7.1;15.1;2.95;1.51;0.35;0.47;1.27;1.25;0.147;44.2;8.4;4.25;2.48;0.4;1.45;6.71;120.1;91.4;12.3;2.9;13.4;0.52;0.5;0.1;0.14
9;100;100;50;100;19.5;5.63;15.37;5.55;5.65;0.24;55.3;23.6;13.01;6.25;1.13;3.67;8.18;151.3;95;32.7;7.3;16.4;2.92;1.92;0.34;0.47;1.61;1.67;0.155;44.7;10.69;5.42;3.12;0.52;1.96;7.19;122.1;91.8;12;3.9;14.4;0.67;0.68;0.14;0.18
9;100;100;100;0;21.74;5.09;14.12;5.02;5.15;0.216;64.6;23.93;12.76;6.65;1.14;3.77;7.67;156.8;92.7;41.2;7.5;15.3;2.86;1.41;0.37;0.52;1.01;0.99;0.136;35.4;7.23;3.63;2.12;0.32;1.31;6.46;86;62.6;7.9;2.6;12.9;0.48;0.31;0.09;0.11
9;100;100;100;50;22.1;5.6;15.91;5.45;5.51;0.225;62.5;24.54;13.3;6.75;1.15;3.82;8.54;156.2;90.8;40.8;7.6;17.1;2.8;1.85;0.37;0.5;1.49;1.49;0.142;37.5;10.43;5.14;3.09;0.56;1.78;7.37;93.6;63.6;11.7;3.6;14.7;0.73;0.46;0.13;0.17
9;100;100;100;100;22.01;5.96;16.95;5.99;6.04;0.24;61.7;25.21;13.9;6.66;1.16;3.76;9.2;154.5;88.9;39.7;7.5;18.4;2.74;2.44;0.35;0.51;1.87;1.88;0.148;38.3;12.59;6.31;3.69;0.63;2.2;7.74;96;64.7;11.5;4.4;15.5;0.89;0.64;0.16;0.2
10;0;0;0;0;13.95;1.78;5.18;1.5;1.52;0.19;64.9;8.01;4.17;2.27;0.42;1.24;2.76;229.4;200.3;21.1;2.5;5.5;0.79;0.43;0.12;0.18;0.32;0.38;0.116;35.1;2.97;1.4;0.89;0.17;0.54;2.43;123.9;114.1;3.9;1.1;4.9;0.21;0.08;0.04;0.05
10;0;0;0;50;13.55;1.88;5.37;1.7;1.67;0.2;64.6;8.31;4.38;2.3;0.41;1.28;2.85;227.9;199.5;20.2;2.6;5.7;0.77;0.59;0.13;0.17;0.41;0.43;0.118;35.4;3.33;1.6;1.03;0.16;0.59;2.52;124.6;114.5;3.9;1.2;5;0.22;0.1;0.04;0.06
10;0;0;0;100;13.18;2.11;5.83;1.79;1.83;0.207;63.9;8.84;4.79;2.47;0.38;1.43;3.17;226.1;197.7;19.2;2.9;6.3;0.74;0.76;0.14;0.19;0.49;0.5;0.125;36.1;3.75;1.91;1.08;0.2;0.68;2.66;127.8;115.4;5.7;1.4;5.3;0.24;0.15;0.04;0.06
10;0;0;50;0;16.14;2.3;6.12;1.62;1.57;0.183;70;8.55;4.52;2.39;0.38;1.45;3.3;229.8;195.5;24.8;2.9;6.6;0.74;0.51;0.15;0.18;0.53;0.57;0.121;30;4.52;2.23;1.35;0.27;0.85;2.82;98.2;87.2;3.6;1.7;5.6;0.36;0.07;0.06;0.08
10;0;0;50;50;15.9;2.51;7.38;1.87;1.85;0.197;69.2;9.42;5.03;2.62;0.43;1.48;3.94;227.3;192.6;23.9;3;7.9;0.78;0.72;0.15;0.2;0.73;0.77;0.124;30.8;6.16;2.93;1.93;0.31;1.03;3.44;100.8;88.3;3.5;2.1;6.9;0.5;0.09;0.07;0.11
10;0;0;50;100;15.98;2.98;8.54;2.05;2.09;0.209;68.1;9.99;5.33;2.75;0.47;1.55;4.67;225.2;189.4;23.4;3.1;9.3;0.72;1.01;0.15;0.21;1.01;1.01;0.127;31.9;7.91;3.91;2.39;0.41;1.42;3.87;105.3;89.6;5.2;2.8;7.7;0.65;0.13;0.1;0.13
10;0;0;100;0;17.91;2.43;7.02;1.73;1.66;0.18;76.5;9.2;4.79;2.58;0.44;1.47;3.81;231.3;192.8;28;2.9;7.6;0.74;0.58;0.15;0.19;0.68;0.7;0.123;23.5;5.56;2.64;1.76;0.31;0.97;3.21;70.9;58.8;3.7;1.9;6.4;0.46;0.08;0.07;0.09
10;0;0;100;50;18.63;3.12;8.84;1.98;1.98;0.191;75;10.39;5.43;2.93;0.5;1.71;4.69;226.7;185.7;28.2;3.4;9.4;0.7;0.9;0.16;0.23;1.01;1.01;0.124;25;8.05;3.9;2.46;0.42;1.41;4.15;75.4;60.7;3.7;2.8;8.3;0.68;0.09;0.1;0.14
10;0;0;100;100;18.53;3.58;10.29;2.31;2.36;0.206;73.7;11.45;6.09;3.21;0.55;1.83;5.63;223.8;181.6;27.3;3.7;11.3;0.69;1.24;0.18;0.25;1.26;1.28;0.126;26.3;10.1;4.85;3.11;0.54;1.75;4.65;79.7;61.7;5.2;3.5;9.3;0.86;0.13;0.12;0.17
10;0;50;0;0;13.7;1.94;5.6;1.74;1.76;0.191;64.2;9.18;4.73;2.64;0.46;1.43;3.02;225.5;194.9;21.7;2.9;6;0.76;0.66;0.14;0.19;0.38;0.36;0.114;35.8;2.82;1.4;0.82;0.15;0.51;2.57;125.7;116.9;2.7;1;5.1;0.21;0.07;0.03;0.05
10;0;50;0;50;13.52;2.13;6.1;1.92;2;0.204;63.6;9.81;5.14;2.84;0.48;1.58;3.27;222.9;192.4;20.8;3.2;6.5;0.74;0.91;0.15;0.21;0.45;0.42;0.121;36.4;3.17;1.6;0.9;0.17;0.55;2.84;127.6;118.1;2.7;1.1;5.7;0.23;0.1;0.04;0.05
10;0;50;0;100;13.09;2.21;6.38;2.31;2.28;0.22;62.8;10.35;5.58;2.87;0.47;1.57;3.4;220.5;190.7;19.9;3.1;6.8;0.75;1.17;0.15;0.21;0.49;0.5;0.134;37.2;3.55;1.77;1.07;0.19;0.63;2.98;130.3;119;4.1;1.3;6;0.24;0.16;0.04;0.06
10;0;50;50;0;16.18;2.51;6.97;1.97;1.98;0.188;69.1;10.56;5.5;2.97;0.52;1.71;3.74;225.2;188.8;25.5;3.4;7.5;0.77;0.81;0.17;0.23;0.56;0.57;0.124;30.9;4.49;2.18;1.35;0.23;0.8;3.23;100.5;89.8;2.7;1.6;6.5;0.37;0.07;0.06;0.08
10;0;50;50;50;16.15;2.85;8.14;2.29;2.28;0.2;67.9;11.35;6.07;3.08;0.54;1.78;4.34;220.8;183.5;25;3.6;8.7;0.72;1.15;0.17;0.24;0.81;0.78;0.126;32.1;6.09;2.96;1.83;0.3;1.07;3.8;104.2;91.8;2.6;2.1;7.6;0.51;0.1;0.07;0.1
10;0;50;50;100;16.27;3.25;9.4;2.72;2.7;0.223;67.9;12.09;6.61;3.22;0.56;1.8;5.11;230.3;180.1;36.4;3.6;10.2;0.7;1.57;0.18;0.25;1.06;1.08;0.131;32.1;8.17;3.97;2.49;0.44;1.46;4.29;108.6;93.1;3.9;2.9;8.6;0.68;0.15;0.1;0.14
10;0;50;100;0;18.58;2.89;8.1;2.19;2.22;0.188;75.3;11.78;6.14;3.38;0.55;1.92;4.33;224.6;182.4;29.7;3.8;8.7;0.72;1.05;0.18;0.27;0.68;0.68;0.124;24.7;5.42;2.6;1.63;0.3;0.97;3.77;73.6;61.5;2.6;1.9;7.5;0.46;0.07;0.06;0.09
10;0;50;100;50;18.93;3.45;9.85;2.56;2.62;0.204;75.2;12.84;6.79;3.5;0.64;2.02;5.39;235.3;176.4;44.1;4;10.8;0.68;1.46;0.2;0.28;1.04;1.04;0.126;24.8;8.17;3.94;2.5;0.43;1.43;4.46;77.3;63;2.5;2.9;8.9;0.71;0.09;0.1;0.14
10;0;50;100;100;18.78;3.92;11.17;3.06;3.06;0.222;73.8;13.8;7.55;3.69;0.66;2.12;6.08;230.3;170.9;42.9;4.2;12.2;0.67;1.89;0.22;0.29;1.32;1.32;0.129;26.2;10.17;4.95;3.12;0.53;1.8;5.08;81.6;64.4;3.4;3.6;10.2;0.89;0.13;0.13;0.17
10;0;100;0;0;13.82;2.2;6.27;2.14;2.14;0.197;64.2;10.89;5.75;2.97;0.58;1.71;3.42;231.4;187.6;33.5;3.4;6.8;0.74;1;0.18;0.23;0.35;0.35;0.116;35.8;2.74;1.33;0.82;0.13;0.49;2.85;129.1;120.6;1.9;1;5.7;0.22;0.07;0.03;0.04
10;0;100;0;50;13.64;2.27;6.67;2.53;2.53;0.218;63.4;11.59;6.22;3.18;0.54;1.72;3.58;227.5;184.2;32.7;3.4;7.2;0.72;1.39;0.17;0.24;0.41;0.42;0.124;36.6;3.11;1.54;0.97;0.15;0.56;3.09;131.3;122.3;1.6;1.1;6.2;0.24;0.09;0.04;0.05
10;0;100;0;100;12.91;2.42;6.74;2.85;2.85;0.236;62.7;12.06;6.59;3.24;0.56;1.85;3.59;223.9;182.6;30.5;3.7;7.2;0.74;1.68;0.18;0.25;0.47;0.47;0.133;37.3;3.3;1.61;0.98;0.15;0.58;3.15;133.1;123.1;2.5;1.2;6.3;0.25;0.12;0.04;0.06
10;0;100;50;0;16.36;2.77;7.95;2.53;2.5;0.198;68.9;12.56;6.64;3.59;0.56;1.94;4.28;231.1;179;39.6;3.9;8.6;0.71;1.32;0.2;0.27;0.54;0.58;0.124;31.1;4.53;2.21;1.4;0.26;0.82;3.67;104.2;93.5;1.7;1.6;7.3;0.38;0.06;0.06;0.08
10;0;100;50;50;16.42;3.17;9.06;2.86;2.92;0.216;67.8;13.48;7.2;3.73;0.63;2.08;4.85;227.1;174.4;38.9;4.2;9.7;0.7;1.73;0.21;0.28;0.79;0.8;0.128;32.2;6.18;2.96;1.89;0.35;1.09;4.21;107.5;95.3;1.6;2.2;8.4;0.54;0.08;0.08;0.11
10;0;100;50;100;16.29;3.54;10.07;3.48;3.44;0.241;66.6;14.23;7.89;3.72;0.62;2.1;5.42;222.6;169.7;37.9;4.2;10.8;0.69;2.24;0.21;0.31;1;1.07;0.13;33.4;8.14;3.93;2.5;0.41;1.44;4.65;111.6;97.1;2.3;2.9;9.3;0.71;0.12;0.09;0.15
10;0;100;100;0;18.98;3.29;9.4;2.83;2.86;0.196;75.2;14.61;7.61;4.21;0.73;2.31;5.12;232.6;171;46.7;4.6;10.2;0.69;1.61;0.23;0.33;0.69;0.69;0.125;24.8;5.46;2.6;1.69;0.29;0.97;4.28;76.5;64.4;1.6;1.9;8.6;0.48;0.05;0.07;0.09
10;0;100;100;50;19.33;3.81;11.05;3.27;3.3;0.214;73.6;15.41;8.19;4.24;0.76;2.33;5.87;226.4;164.1;45.9;4.7;11.7;0.67;2.09;0.22;0.33;1.07;1.08;0.127;26.4;8.43;4.07;2.51;0.47;1.48;5.17;81;66.2;1.5;3;10.3;0.75;0.08;0.1;0.14
10;0;100;100;100;19.47;4.35;12.29;3.96;4;0.241;72.1;16.59;9.12;4.44;0.77;2.47;6.51;220.8;157.7;45.2;4.9;13;0.65;2.76;0.24;0.34;1.28;1.33;0.128;27.9;10.34;4.98;3.16;0.55;1.88;5.78;85.3;67.8;2.2;3.8;11.6;0.93;0.1;0.13;0.17
10;50;0;0;0;15.63;2.28;6.55;2.29;2.23;0.205;59.4;10.83;5.75;3.02;0.51;1.66;3.51;184.6;153.4;20.8;3.3;7;1.41;0.43;0.16;0.22;0.43;0.44;0.118;40.6;3.48;1.66;1.08;0.18;0.62;3.04;126;112;6.7;1.2;6.1;0.21;0.14;0.04;0.06
10;50;0;0;50;15.12;2.4;6.96;2.3;2.36;0.214;59.3;11.01;5.89;3.01;0.54;1.74;3.69;184.3;153.9;19.5;3.5;7.4;1.4;0.56;0.16;0.23;0.53;0.51;0.122;40.7;3.98;1.89;1.24;0.21;0.66;3.27;126.2;111.7;6.6;1.3;6.5;0.22;0.18;0.05;0.07
10;50;0;0;100;14.83;2.61;7.53;2.54;2.57;0.22;58.7;11.71;6.33;3.17;0.56;1.82;4.12;184.8;154.5;18.3;3.6;8.2;1.44;0.71;0.17;0.24;0.63;0.66;0.137;41.3;4.68;2.26;1.42;0.25;0.79;3.41;130;111.2;10.4;1.6;6.8;0.22;0.31;0.06;0.08
10;50;0;50;0;17.77;2.69;7.65;2.34;2.28;0.2;64.9;11.41;6.04;3.19;0.52;1.85;4.12;186.8;150.4;24.5;3.7;8.2;1.36;0.51;0.17;0.24;0.59;0.63;0.124;35.1;4.97;2.36;1.54;0.26;0.84;3.52;100.8;85.4;6.7;1.7;7;0.35;0.14;0.06;0.09
10;50;0;50;50;17.74;3.15;8.79;2.46;2.52;0.209;64.3;12.05;6.41;3.4;0.56;1.95;4.78;186;149;23.6;3.9;9.6;1.36;0.71;0.2;0.24;0.86;0.84;0.124;35.7;6.68;3.26;2.07;0.33;1.19;4.01;103.2;86.1;6.7;2.4;8;0.48;0.18;0.08;0.11
10;50;0;50;100;17.53;3.41;10.15;2.78;2.77;0.218;62.8;12.67;6.77;3.46;0.6;1.86;5.5;184.3;147.1;22.5;3.7;11;1.36;0.97;0.18;0.26;1.14;1.18;0.131;37.2;8.86;4.28;2.73;0.47;1.55;4.65;109.2;87.1;9.8;3.1;9.3;0.64;0.28;0.11;0.15
10;50;0;100;0;19.73;2.98;8.55;2.33;2.38;0.196;71.7;12.15;6.37;3.41;0.62;1.94;4.6;188.5;147.6;27.8;3.9;9.2;1.35;0.58;0.19;0.26;0.74;0.75;0.124;28.3;5.92;2.88;1.83;0.29;1.04;3.94;74.5;57.9;6.6;2.1;7.9;0.44;0.14;0.07;0.1
10;50;0;100;50;20.01;3.65;10.27;2.67;2.68;0.204;70.5;13.12;7.01;3.58;0.61;2.1;5.55;186.9;144.2;27.5;4.2;11.1;1.34;0.87;0.2;0.28;1.04;1.09;0.125;29.5;8.65;4.2;2.69;0.42;1.54;4.72;78;59;6.4;3.1;9.4;0.66;0.17;0.1;0.15
10;50;0;100;100;20.07;4.12;11.67;3.11;3.04;0.215;68.7;14.16;7.66;3.87;0.67;2.22;6.34;184.9;141;26.8;4.4;12.7;1.29;1.23;0.22;0.3;1.42;1.42;0.13;31.3;10.85;5.24;3.29;0.6;1.9;5.33;84;60.1;9.4;3.8;10.7;0.83;0.28;0.13;0.18
10;50;50;0;0;15.51;2.96;7.9;2.99;3;0.213;59.2;14.07;7.61;3.78;0.65;2.29;4.29;185.5;151.4;20.9;4.6;8.6;1.85;0.63;0.21;0.3;0.44;0.47;0.122;40.8;3.55;1.77;1.05;0.17;0.67;3.61;127.6;113.3;5.7;1.3;7.2;0.21;0.15;0.04;0.06
10;50;50;0;50;15.28;2.86;8.48;3.29;3.24;0.22;58.7;14.72;7.91;3.98;0.72;2.16;4.55;183.8;150.3;20.1;4.3;9.1;1.85;0.87;0.21;0.32;0.55;0.57;0.135;41.3;4.09;1.98;1.28;0.21;0.7;3.93;129.1;114.1;5.7;1.4;7.9;0.22;0.24;0.05;0.07
10;50;50;0;100;14.94;3.19;8.97;3.4;3.51;0.23;57.9;15.27;8.28;4.2;0.7;2.39;4.8;183.4;149.9;19.1;4.8;9.6;1.83;1.13;0.24;0.3;0.7;0.7;0.15;42.1;4.54;2.28;1.37;0.24;0.8;4.17;133;114.4;8.7;1.6;8.3;0.23;0.34;0.06;0.07
10;50;50;50;0;17.73;3.35;9.36;3.11;3.18;0.208;64.3;15.29;8.14;4.27;0.71;2.44;4.99;186.1;146.6;24.6;4.9;10;1.83;0.78;0.24;0.33;0.67;0.67;0.125;35.7;5.16;2.54;1.58;0.25;0.91;4.38;103.3;87.3;5.4;1.8;8.8;0.36;0.15;0.06;0.09
10;50;50;50;50;17.76;3.67;10.42;3.45;3.45;0.216;63.6;15.99;8.54;4.48;0.74;2.42;5.71;184.8;144.4;24.1;4.8;11.4;1.76;1.09;0.25;0.35;0.92;0.92;0.132;36.4;6.93;3.4;2.06;0.34;1.25;4.71;105.8;88.4;5.5;2.5;9.4;0.5;0.22;0.09;0.11
10;50;50;50;100;17.68;4.07;11.63;3.85;3.82;0.231;63.5;16.51;9.05;4.39;0.77;2.42;6.32;194.2;142.3;34.5;4.8;12.6;1.76;1.47;0.24;0.34;1.26;1.28;0.138;36.5;9.18;4.52;2.76;0.47;1.65;5.32;111.7;89.5;8.3;3.3;10.6;0.67;0.33;0.13;0.15
10;50;50;100;0;19.9;3.5;10.2;3.27;3.33;0.206;71;16.16;8.55;4.48;0.8;2.5;5.57;187.2;142.3;28.8;5;11.1;1.73;1.01;0.24;0.35;0.73;0.74;0.125;29;5.84;2.78;1.79;0.31;1;4.62;76.2;59.7;5.3;2;9.2;0.44;0.14;0.07;0.09
10;50;50;100;50;20.16;4.25;11.99;3.63;3.71;0.217;71.2;17.11;9.18;4.65;0.82;2.65;6.45;198.9;138.5;42.2;5.3;12.9;1.71;1.38;0.26;0.36;1.15;1.15;0.129;28.8;8.8;4.28;2.6;0.49;1.59;5.54;80.5;61;5.2;3.2;11.1;0.69;0.21;0.11;0.14
10;50;50;100;100;20.39;4.64;13.36;4.17;4.2;0.229;69.7;18.37;9.99;5.06;0.83;2.81;7.3;197.2;135;42;5.6;14.6;1.68;1.85;0.28;0.39;1.41;1.46;0.135;30.3;10.74;5.17;3.32;0.51;1.84;6.06;85.6;62.2;7.7;3.7;12.1;0.83;0.31;0.14;0.18
10;50;100;0;0;15.7;3.32;9.68;3.86;3.94;0.218;60;18.08;9.67;5.09;0.82;2.71;5.33;195.8;147.4;32.2;5.4;10.7;2.31;0.96;0.27;0.4;0.45;0.48;0.13;40;3.41;1.71;1;0.17;0.61;4.36;130.5;116.1;4.5;1.2;8.7;0.21;0.17;0.05;0.05
10;50;100;0;50;15.37;3.51;9.89;4.2;4.25;0.23;58.9;18.48;10.02;5.01;0.91;2.82;5.32;193.1;145.8;31.1;5.6;10.6;2.26;1.32;0.28;0.39;0.57;0.6;0.146;41.1;3.94;2;1.11;0.22;0.69;4.58;134.7;117.2;7;1.4;9.2;0.22;0.27;0.04;0.06
10;50;100;0;100;14.89;3.56;10.08;4.58;4.55;0.241;58.6;18.91;10.53;4.91;0.87;2.83;5.47;191;145.2;29.2;5.7;10.9;2.26;1.63;0.27;0.39;0.69;0.73;0.159;41.4;4.39;2.17;1.28;0.21;0.74;4.6;135.2;117.6;6.9;1.5;9.2;0.24;0.37;0.05;0.07
10;50;100;50;0;17.98;3.92;10.86;4.15;4.15;0.218;65;19.11;10.36;5.2;0.89;2.99;5.91;197.3;141.5;38;6;11.8;2.19;1.25;0.3;0.41;0.67;0.69;0.132;35;5.09;2.48;1.54;0.26;0.93;4.95;106;89.9;4.4;1.9;9.9;0.37;0.17;0.07;0.08
10;50;100;50;50;18.12;4.2;12.11;4.45;4.5;0.227;63.5;19.79;10.71;5.37;0.94;2.97;6.53;194.8;138.6;37.2;5.9;13.1;2.14;1.64;0.29;0.42;0.97;0.99;0.139;36.5;7.03;3.42;2.18;0.36;1.23;5.58;111.7;91.4;6.7;2.5;11.2;0.51;0.27;0.1;0.11
10;50;100;50;100;18;4.48;13.3;4.93;4.94;0.244;62.8;20.27;11.18;5.47;0.91;2.94;7.17;192.7;136.5;35.9;5.9;14.3;2.15;2.11;0.27;0.41;1.26;1.27;0.142;37.2;8.9;4.43;2.62;0.47;1.54;6.13;114.2;92.4;6.4;3.1;12.3;0.68;0.35;0.1;0.14
10;50;100;100;0;20.55;4.24;12.11;4.38;4.39;0.213;71.5;20.61;11.05;5.68;0.98;3.19;6.61;199.8;135.3;45;6.4;13.2;2.09;1.55;0.31;0.43;0.75;0.79;0.13;28.4;5.95;2.93;1.86;0.3;1.05;5.51;79.3;62.1;4.2;2.1;11;0.46;0.16;0.08;0.09
10;50;100;100;50;20.89;4.88;13.82;4.73;4.82;0.225;69.7;21.46;11.66;5.82;0.99;3.35;7.42;197;131.1;44.4;6.7;14.8;2.04;2.02;0.32;0.44;1.18;1.19;0.134;30.3;8.82;4.27;2.72;0.45;1.53;6.41;85.7;63.5;6.3;3.1;12.8;0.7;0.25;0.1;0.14
10;50;100;100;100;20.82;5.17;14.89;5.4;5.39;0.243;68.5;22.16;12.21;5.81;1;3.21;8.11;192.8;126.7;43.4;6.4;16.2;1.97;2.66;0.32;0.44;1.55;1.53;0.137;31.5;11.05;5.45;3.33;0.58;1.96;6.78;88.4;65;5.9;3.9;13.6;0.9;0.32;0.13;0.17
10;100;0;0;0;17.44;2.77;7.75;2.84;2.83;0.215;51.6;13.21;7.15;3.6;0.64;2.09;4.11;137.1;104.4;20.4;4.2;8.2;1.94;0.41;0.21;0.27;0.5;0.51;0.123;48.4;3.96;1.9;1.22;0.2;0.68;3.64;128.4;109.9;9.9;1.4;7.3;0.19;0.2;0.05;0.07
10;100;0;0;50;17;3;8.41;3.08;3.03;0.22;51.6;13.78;7.48;3.74;0.65;2.17;4.47;137.3;104.7;19.3;4.3;8.9;1.93;0.58;0.23;0.29;0.69;0.67;0.131;48.4;4.95;2.42;1.52;0.25;0.83;3.94;129;109.6;9.9;1.7;7.9;0.21;0.3;0.06;0.09
10;100;0;0;100;16.57;3.24;9.14;3.12;3.21;0.225;50.7;14.29;7.73;3.89;0.66;2.23;4.86;137.7;105.5;18.1;4.5;9.7;1.99;0.72;0.22;0.29;0.79;0.82;0.142;49.3;5.7;2.84;1.71;0.29;1.01;4.28;134;108.7;14.7;2;8.6;0.22;0.45;0.07;0.09
10;100;0;50;0;19.26;3.09;8.87;2.96;2.9;0.211;57.5;13.76;7.4;3.81;0.65;2.09;4.82;139.9;102.4;23.7;4.2;9.6;1.9;0.48;0.22;0.3;0.71;0.69;0.124;42.5;5.45;2.66;1.68;0.29;0.99;4.04;103.4;83.8;9.6;2;8.1;0.35;0.19;0.06;0.09
10;100;0;50;50;19.45;3.6;10.3;3.02;3.1;0.216;57;14.36;7.61;4.08;0.64;2.21;5.6;140.7;102.3;22.8;4.4;11.2;1.89;0.7;0.22;0.29;1.03;1.01;0.129;43;7.74;3.85;2.31;0.42;1.38;4.7;106;83.8;10;2.8;9.4;0.48;0.31;0.1;0.13
10;100;0;50;100;19.12;4.02;11.44;3.42;3.39;0.225;55.4;15.15;8.27;4.07;0.68;2.34;6.2;140.2;101.4;21.8;4.7;12.4;1.9;0.95;0.24;0.31;1.36;1.33;0.135;44.6;9.77;4.8;2.98;0.52;1.68;5.23;113;84.5;14.6;3.4;10.5;0.62;0.44;0.12;0.16
10;100;0;100;0;21.16;3.38;9.73;3.12;3.02;0.207;64.8;14.61;7.75;4.11;0.7;2.22;5.18;142.8;100.7;27.3;4.4;10.4;1.93;0.56;0.22;0.3;0.84;0.83;0.125;35.2;6.49;3.16;1.95;0.35;1.15;4.55;77.5;56.7;9.4;2.3;9.1;0.43;0.2;0.08;0.11
10;100;0;100;50;21.55;4.09;11.82;3.29;3.32;0.212;63.9;15.68;8.39;4.38;0.75;2.43;6.41;143.4;98.9;26.8;4.9;12.8;1.89;0.86;0.24;0.34;1.19;1.19;0.128;36.1;9.26;4.54;2.84;0.49;1.66;5.41;81;57.6;9.2;3.3;10.8;0.65;0.28;0.11;0.15
10;100;0;100;100;21.56;4.61;13.15;3.55;3.65;0.22;62;16.55;8.94;4.51;0.75;2.6;7.2;143.4;97.9;25.9;5.2;14.4;1.85;1.19;0.26;0.34;1.5;1.55;0.133;38;11.58;5.59;3.56;0.57;2;5.96;87.9;58.1;13.9;4;11.9;0.8;0.42;0.13;0.2
10;100;50;0;0;17.45;3.63;10.22;4.06;4.1;0.222;52;18.5;10.1;4.97;0.88;2.9;5.5;141;103.9;20.3;5.8;11;2.8;0.62;0.29;0.38;0.53;0.56;0.127;48;4.23;2.04;1.33;0.2;0.73;4.72;130.1;110.3;8.9;1.5;9.4;0.2;0.24;0.04;0.07
10;100;50;0;50;16.97;3.85;10.68;4.33;4.33;0.228;51;19.07;10.41;5.24;0.83;2.96;5.7;140.4;103.9;19.1;5.9;11.4;2.81;0.84;0.29;0.4;0.73;0.73;0.145;49;4.95;2.47;1.44;0.28;0.9;4.98;135;110.3;13;1.8;10;0.21;0.38;0.07;0.08
10;100;50;0;100;16.86;4.03;11.18;4.56;4.59;0.235;51;19.57;10.77;5.28;0.84;3.03;5.96;140.8;104.6;18.3;6.1;11.9;2.83;1.07;0.3;0.39;0.9;0.93;0.158;49;5.78;2.91;1.68;0.3;1;5.22;135.5;109.7;13.4;2;10.4;0.22;0.55;0.07;0.09
10;100;50;50;0;19.47;3.98;11.21;4.29;4.17;0.217;57.5;19.28;10.49;5.14;0.9;2.97;6.09;143.3;101;24.1;5.9;12.2;2.7;0.77;0.29;0.41;0.78;0.76;0.129;42.5;5.77;2.83;1.75;0.29;1.01;5.11;105.7;84.8;8.7;2;10.2;0.35;0.24;0.08;0.09
10;100;50;50;50;19.64;4.41;12.66;4.48;4.51;0.224;56;20.18;10.95;5.54;0.91;3.09;6.88;143.4;100;23.4;6.2;13.8;2.72;1.06;0.31;0.43;1.04;1.07;0.138;44;7.68;3.77;2.3;0.41;1.32;5.79;112.6;85.6;12.8;2.6;11.6;0.48;0.38;0.09;0.12
10;100;50;50;100;19.57;4.76;13.82;4.93;4.88;0.235;57.3;20.78;11.34;5.57;0.99;3.08;7.48;154.2;99.1;34;6.2;15;2.69;1.45;0.31;0.43;1.44;1.41;0.143;42.7;9.8;4.83;2.98;0.49;1.69;6.34;115;86.3;12.7;3.4;12.7;0.62;0.53;0.11;0.16
10;100;50;100;0;21.79;4.25;12.44;4.28;4.38;0.215;64.5;20.39;10.81;5.69;1;3.11;6.79;145.6;97.9;28;6.2;13.6;2.64;1.01;0.3;0.43;0.82;0.85;0.128;35.5;6.6;3.17;2.05;0.35;1.15;5.66;80.1;58.1;8.3;2.3;11.3;0.44;0.22;0.08;0.11
10;100;50;100;50;21.88;4.91;14.12;4.68;4.69;0.223;64.3;21.03;11.38;5.75;0.96;3.22;7.59;158.5;95.9;41;6.4;15.2;2.58;1.36;0.31;0.44;1.35;1.33;0.135;35.7;9.74;4.79;2.92;0.52;1.7;6.53;87.9;59.2;12.3;3.4;13.1;0.68;0.37;0.12;0.16
10;100;50;100;100;21.7;5.35;15.43;5.08;5.11;0.233;63.6;21.95;12.05;5.91;1;3.36;8.35;157.3;94.1;39.8;6.7;16.7;2.56;1.76;0.34;0.45;1.65;1.65;0.138;36.4;11.87;5.75;3.65;0.64;1.99;7.08;90;60;11.8;4;14.2;0.84;0.48;0.13;0.2
10;100;100;0;0;17.28;4.08;11.69;4.96;4.97;0.225;53.5;22.09;11.81;6.04;1.03;3.3;6.27;151.9;102.2;30.5;6.6;12.5;3.29;0.91;0.32;0.46;0.61;0.65;0.142;46.5;4.41;2.17;1.3;0.25;0.78;5.42;132.1;112.1;7.6;1.6;10.8;0.21;0.31;0.06;0.07
10;100;100;0;50;17.02;4.35;12.27;5.29;5.37;0.235;52.6;22.92;12.62;6.13;1.02;3.48;6.66;151.8;102.2;29.4;7;13.3;3.29;1.25;0.34;0.48;0.86;0.82;0.159;47.4;5.06;2.59;1.41;0.25;0.87;5.61;136.5;112.1;11.4;1.7;11.2;0.22;0.47;0.06;0.07
10;100;100;0;100;16.57;4.39;12.51;5.68;5.66;0.242;52.4;23.35;12.86;6.25;1.02;3.47;6.78;150.5;101.9;28.1;6.9;13.6;3.29;1.55;0.33;0.48;1;1;0.177;47.6;5.6;2.87;1.61;0.27;0.92;5.74;136.8;112.4;11.1;1.8;11.5;0.22;0.62;0.07;0.09
10;100;100;50;0;19.76;4.58;12.9;5.13;5.18;0.224;59.1;23.18;12.6;6.25;1.07;3.57;6.92;156.3;98.2;37.2;7.1;13.8;3.14;1.21;0.36;0.48;0.81;0.81;0.138;40.9;5.8;2.8;1.77;0.29;1.01;5.97;108.4;87;7.4;2;11.9;0.35;0.3;0.07;0.09
10;100;100;50;50;19.84;4.99;14.15;5.55;5.5;0.232;57.2;23.77;12.99;6.32;1.15;3.6;7.53;154.6;96.3;36;7.2;15.1;3.08;1.58;0.35;0.49;1.14;1.16;0.146;42.8;7.86;3.89;2.34;0.43;1.38;6.62;115.6;88.4;11.1;2.8;13.2;0.5;0.44;0.09;0.12
10;100;100;50;100;19.77;5.39;15.12;5.91;5.94;0.245;56.7;24.27;13.43;6.4;1.1;3.65;8.14;153.9;95.6;34.7;7.3;16.3;3.04;2.05;0.36;0.49;1.57;1.56;0.154;43.3;10.03;5.07;2.96;0.5;1.74;6.97;117.5;89;11.1;3.5;13.9;0.65;0.63;0.12;0.16
10;100;100;100;0;22.09;4.91;14.2;5.39;5.42;0.22;66;24.71;13.36;6.72;1.16;3.75;7.74;160.4;93.7;43.7;7.5;15.5;3.02;1.5;0.37;0.53;0.91;0.91;0.135;34;6.68;3.25;2.02;0.37;1.15;6.45;82.5;60.3;7;2.3;12.9;0.45;0.28;0.08;0.1
10;100;100;100;50;22.03;5.52;15.94;5.84;5.75;0.229;63.9;25.13;13.76;6.79;1.15;3.73;8.66;159.1;92;42.3;7.5;17.3;2.94;1.92;0.37;0.52;1.37;1.42;0.141;36.1;9.99;5.01;3;0.5;1.8;7.28;89.7;61.1;10.4;3.6;14.6;0.7;0.43;0.12;0.17
10;100;100;100;100;22.23;5.94;16.85;6.24;6.28;0.244;62.9;25.75;14.23;6.75;1.19;3.83;9.13;157;89.4;41.7;7.7;18.3;2.85;2.54;0.38;0.52;1.72;1.76;0.146;37.1;11.96;5.91;3.54;0.61;2.1;7.73;92.4;62.5;10.3;4.2;15.5;0.87;0.57;0.14;0.19
11;0;0;0;0;14.02;1.74;5.05;1.58;1.6;0.196;66.6;8.11;4.28;2.24;0.41;1.25;2.77;234.3;204;22.2;2.5;5.5;0.81;0.48;0.12;0.18;0.32;0.32;0.105;33.4;2.72;1.31;0.87;0.14;0.48;2.28;117.6;109;3.1;1;4.6;0.18;0.06;0.04;0.04
11;0;0;0;50;13.7;1.87;5.36;1.67;1.74;0.202;66.2;8.59;4.52;2.44;0.41;1.37;2.85;232.3;202.4;21.4;2.7;5.7;0.8;0.63;0.13;0.18;0.36;0.35;0.108;33.8;2.88;1.35;0.94;0.15;0.5;2.51;118.7;109.8;2.9;1;5;0.19;0.08;0.04;0.05
11;0;0;0;100;13.16;1.91;5.82;1.95;1.92;0.211;65.5;9.11;4.9;2.58;0.4;1.37;3.14;230.3;201.2;20;2.7;6.3;0.81;0.78;0.13;0.2;0.43;0.41;0.117;34.5;3.29;1.58;1.01;0.17;0.54;2.67;121.3;110.4;4.5;1.1;5.3;0.2;0.12;0.04;0.06
11;0;0;50;0;16.16;2.06;6.12;1.67;1.69;0.192;71.5;8.81;4.54;2.54;0.42;1.36;3.26;234.7;199.7;25.8;2.7;6.5;0.8;0.57;0.13;0.19;0.46;0.48;0.112;28.5;4.08;1.89;1.31;0.22;0.7;2.86;93.3;83.2;2.9;1.4;5.7;0.3;0.06;0.05;0.07
11;0;0;50;50;16.04;2.45;7.15;1.9;1.86;0.198;70.7;9.4;4.97;2.59;0.48;1.51;3.83;231.8;196;25.1;3;7.7;0.78;0.75;0.14;0.2;0.63;0.66;0.115;29.3;5.63;2.65;1.81;0.28;0.94;3.32;95.8;84.5;2.8;1.9;6.6;0.43;0.07;0.07;0.1
11;0;0;50;100;16.09;2.96;8.5;2.17;2.2;0.211;69.4;10.4;5.57;2.83;0.53;1.6;4.64;228.4;191.6;24.4;3.2;9.3;0.74;1.05;0.17;0.23;0.85;0.91;0.118;30.6;7.61;3.61;2.37;0.4;1.37;3.87;100.7;86.1;4.2;2.7;7.7;0.58;0.11;0.08;0.13
11;0;0;100;0;18.15;2.39;6.85;1.75;1.76;0.188;77.8;9.38;4.86;2.72;0.47;1.48;3.66;236.1;196.4;29.4;3;7.3;0.76;0.65;0.16;0.2;0.58;0.58;0.113;22.2;4.93;2.36;1.5;0.28;0.91;3.19;67.4;56.3;2.9;1.8;6.4;0.38;0.06;0.06;0.08
11;0;0;100;50;18.44;3.17;8.64;2;2.08;0.194;76.4;10.71;5.65;2.96;0.5;1.77;4.67;232;190.1;29;3.5;9.3;0.76;0.91;0.18;0.23;0.87;0.88;0.116;23.6;7.52;3.65;2.27;0.41;1.41;3.96;71.4;57.8;2.8;2.8;7.9;0.59;0.07;0.1;0.12
11;0;0;100;100;18.75;3.57;10.22;2.43;2.46;0.208;74.9;11.81;6.31;3.25;0.51;1.85;5.55;227.5;184.1;28.6;3.7;11.1;0.73;1.29;0.18;0.25;1.05;1.14;0.118;25.1;9.56;4.59;2.96;0.51;1.71;4.67;76.1;59.2;4.1;3.4;9.3;0.75;0.11;0.12;0.16
11;0;50;0;0;13.67;1.93;5.6;1.81;1.8;0.194;65.8;9.25;4.84;2.6;0.43;1.45;3.04;230.2;199;22.2;2.9;6.1;0.8;0.67;0.14;0.2;0.32;0.32;0.106;34.2;2.68;1.27;0.83;0.16;0.48;2.56;119.5;111.4;2;1;5.1;0.2;0.05;0.04;0.04
11;0;50;0;50;13.53;2.09;5.97;2.09;2.09;0.208;65.2;10.05;5.37;2.75;0.46;1.56;3.29;227.6;196.3;21.7;3.1;6.6;0.79;0.93;0.15;0.22;0.38;0.36;0.113;34.8;2.96;1.43;0.89;0.15;0.53;2.68;121.2;112.7;2.1;1.1;5.4;0.21;0.08;0.03;0.05
11;0;50;0;100;13.3;2.19;6.25;2.39;2.41;0.223;64.3;10.85;5.76;2.99;0.53;1.62;3.4;224.2;193;21.2;3.2;6.8;0.79;1.23;0.16;0.24;0.44;0.41;0.121;35.7;3.15;1.56;0.94;0.16;0.57;2.85;124.1;114.3;3;1.1;5.7;0.21;0.11;0.04;0.05
11;0;50;50;0;16.18;2.5;7.03;2.02;2.04;0.189;70.4;10.78;5.71;3;0.54;1.75;3.77;229.1;191.5;26.5;3.5;7.5;0.77;0.85;0.18;0.24;0.49;0.5;0.113;29.6;4.2;2.02;1.27;0.2;0.75;3.26;96;86.1;1.9;1.5;6.5;0.33;0.05;0.05;0.07
11;0;50;50;50;16.54;2.9;8.19;2.3;2.38;0.202;69.3;11.77;6.16;3.36;0.57;1.86;4.46;225.3;186.3;26.4;3.7;8.9;0.74;1.2;0.18;0.26;0.66;0.67;0.117;30.7;5.62;2.69;1.7;0.32;1.04;3.73;99.4;87.9;1.9;2.1;7.5;0.44;0.07;0.07;0.09
11;0;50;50;100;16.3;3.24;9.47;2.82;2.84;0.226;69.3;12.56;6.79;3.42;0.58;1.88;5.15;234.1;182.2;37.9;3.8;10.3;0.76;1.62;0.19;0.26;0.89;0.92;0.12;30.7;7.57;3.59;2.35;0.44;1.36;4.33;103.6;89.4;2.8;2.7;8.7;0.6;0.11;0.09;0.12
11;0;50;100;0;18.63;2.88;7.97;2.34;2.32;0.19;76.6;12.16;6.39;3.39;0.57;1.95;4.35;228.9;185.5;30.7;3.9;8.7;0.75;1.1;0.21;0.26;0.59;0.6;0.114;23.4;5.06;2.42;1.54;0.25;0.93;3.62;69.9;58.9;1.9;1.9;7.2;0.4;0.05;0.06;0.08
11;0;50;100;50;19.09;3.46;9.95;2.67;2.71;0.206;76.1;13.21;7.01;3.67;0.61;2.07;5.29;238.3;177.9;45.7;4.1;10.6;0.72;1.52;0.19;0.28;0.84;0.92;0.117;23.9;7.74;3.68;2.39;0.42;1.39;4.65;74.6;60.7;1.8;2.8;9.3;0.62;0.07;0.1;0.14
11;0;50;100;100;19.25;3.94;11.29;3.23;3.21;0.223;74.8;14.36;7.83;3.91;0.64;2.19;6.1;233.5;171.8;45.2;4.4;12.2;0.7;1.99;0.21;0.31;1.12;1.16;0.119;25.2;9.61;4.64;2.97;0.51;1.76;5.19;78.6;62.1;2.6;3.5;10.4;0.78;0.1;0.12;0.16
11;0;100;0;0;14.35;2.32;6.52;2.22;2.25;0.2;65.7;11.29;5.95;3.21;0.56;1.83;3.54;236.9;191.2;34.9;3.7;7.1;0.79;1.03;0.19;0.24;0.29;0.34;0.109;34.3;2.75;1.3;0.88;0.15;0.49;2.98;123.8;115.1;1.7;1;6;0.2;0.06;0.03;0.05
11;0;100;0;50;13.94;2.33;6.57;2.63;2.63;0.22;64.9;11.93;6.46;3.22;0.54;1.79;3.51;232.2;187.7;33.9;3.6;7;0.76;1.44;0.17;0.26;0.39;0.37;0.116;35.1;2.87;1.43;0.84;0.13;0.54;3.06;125.6;116.8;1.7;1.1;6.1;0.2;0.09;0.04;0.04
11;0;100;0;100;13.53;2.42;6.89;2.99;2.95;0.238;64.2;12.39;6.8;3.37;0.58;1.85;3.74;229.3;186.1;32.1;3.7;7.5;0.76;1.76;0.17;0.26;0.43;0.44;0.128;35.8;3.2;1.58;0.98;0.14;0.57;3.15;127.6;117.5;2.6;1.1;6.3;0.22;0.13;0.04;0.05
11;0;100;50;0;17.1;2.85;8.02;2.58;2.65;0.2;70.4;13.2;6.94;3.69;0.63;2.1;4.42;237.1;182.2;41.9;4.2;8.8;0.76;1.39;0.21;0.29;0.49;0.5;0.115;29.6;4.22;2.01;1.29;0.23;0.76;3.6;99.8;89.4;1.6;1.5;7.2;0.33;0.06;0.05;0.06
11;0;100;50;50;16.92;3.21;8.96;3.04;3.01;0.218;69.2;13.84;7.5;3.74;0.63;2.14;4.8;231.8;177.5;40.3;4.3;9.6;0.72;1.79;0.21;0.29;0.67;0.73;0.121;30.8;5.92;2.79;1.82;0.31;1.07;4.16;103.2;91.1;1.7;2.1;8.3;0.46;0.09;0.08;0.1
11;0;100;50;100;16.87;3.49;10.11;3.49;3.52;0.244;67.9;14.46;8.01;3.81;0.64;2.18;5.43;227;172.8;39.1;4.4;10.9;0.71;2.31;0.21;0.29;0.94;0.95;0.121;32.1;7.71;3.69;2.36;0.41;1.32;4.68;107.1;92.8;2.4;2.6;9.4;0.62;0.12;0.09;0.12
11;0;100;100;0;19.58;3.27;9.37;2.87;2.91;0.197;76.2;14.77;7.7;4.23;0.68;2.31;5.05;236.7;173.7;48.4;4.6;10.1;0.69;1.67;0.23;0.31;0.56;0.62;0.116;23.8;5.2;2.47;1.61;0.31;0.95;4.32;73.9;61.7;1.6;1.9;8.6;0.42;0.05;0.06;0.09
11;0;100;100;50;19.97;3.97;11.05;3.37;3.43;0.216;74.9;15.91;8.55;4.34;0.78;2.52;6.02;232.6;167.6;47.9;5;12;0.68;2.17;0.25;0.33;0.89;0.96;0.119;25.1;7.94;3.74;2.5;0.41;1.45;5.03;77.6;63.1;1.5;2.9;10.1;0.64;0.08;0.1;0.14
11;0;100;100;100;20.12;4.42;12.32;4.09;4.13;0.243;73.4;17.03;9.47;4.43;0.81;2.6;6.75;226.3;160.5;47;5.2;13.5;0.64;2.88;0.26;0.35;1.18;1.22;0.121;26.6;10.02;4.81;3.09;0.53;1.81;5.57;81.8;64.8;2.2;3.6;11.1;0.81;0.12;0.12;0.17
11;50;0;0;0;15.57;2.31;6.55;2.29;2.39;0.213;60.9;11.21;5.91;3.11;0.54;1.74;3.52;187.9;155.9;21.5;3.5;7;1.49;0.48;0.17;0.25;0.34;0.37;0.107;39.1;3.11;1.49;0.97;0.17;0.57;3.03;120.4;107.3;5.9;1.1;6.1;0.17;0.11;0.04;0.05
11;50;0;0;50;15.53;2.44;6.9;2.58;2.54;0.218;60.9;11.65;6.28;3.17;0.55;1.77;3.76;188.1;155.9;21.1;3.5;7.5;1.5;0.62;0.17;0.25;0.47;0.46;0.115;39.1;3.75;1.85;1.12;0.19;0.67;3.14;120.9;107.3;6;1.3;6.3;0.19;0.16;0.05;0.07
11;50;0;0;100;14.77;2.52;7.45;2.63;2.68;0.224;60;11.98;6.42;3.3;0.55;1.76;3.97;187.1;156.3;19.4;3.5;7.9;1.5;0.75;0.18;0.25;0.62;0.6;0.13;40;4.38;2.13;1.28;0.29;0.76;3.48;124.5;107.1;8.9;1.5;7;0.2;0.26;0.06;0.07
11;50;0;50;0;17.44;2.52;7.67;2.4;2.46;0.209;66.5;11.77;6.16;3.32;0.57;1.76;4.18;190.3;153.4;25;3.5;8.4;1.48;0.55;0.17;0.26;0.55;0.55;0.114;33.5;4.66;2.19;1.5;0.24;0.76;3.49;95.7;81.5;5.7;1.5;7;0.31;0.1;0.05;0.08
11;50;0;50;50;17.54;3.07;8.84;2.72;2.67;0.213;65.8;12.54;6.74;3.37;0.59;1.93;4.83;189.3;151.5;24.3;3.9;9.7;1.48;0.74;0.18;0.28;0.73;0.77;0.117;34.2;6.46;3.02;2.05;0.35;1.14;4.01;98.4;82.4;5.7;2.3;8;0.43;0.16;0.07;0.11
11;50;0;50;100;17.73;3.48;10.06;2.83;2.91;0.222;64.3;13.13;7.02;3.67;0.59;1.98;5.46;187.6;148.9;23.9;4;10.9;1.4;1.03;0.19;0.28;1.05;1.06;0.124;35.7;8.4;4.03;2.61;0.41;1.5;4.6;104.2;83.7;8.3;3;9.2;0.56;0.25;0.11;0.14
11;50;0;100;0;19.63;2.94;8.39;2.51;2.55;0.205;73.1;12.45;6.62;3.43;0.63;1.97;4.53;192.2;150.3;28.9;3.9;9.1;1.43;0.65;0.2;0.26;0.62;0.64;0.115;26.9;5.46;2.62;1.69;0.3;0.98;3.86;70.7;55.4;5.6;2;7.7;0.38;0.1;0.07;0.09
11;50;0;100;50;19.91;3.56;10.2;2.81;2.79;0.208;71.9;13.45;7.23;3.68;0.63;2.06;5.55;190.2;146.6;28.3;4.1;11.1;1.39;0.89;0.22;0.29;0.94;0.98;0.118;28.1;8.23;3.98;2.51;0.45;1.5;4.65;74.3;56.6;5.5;3;9.3;0.58;0.15;0.1;0.14
11;50;0;100;100;20.11;4.04;11.56;3.13;3.15;0.218;70.3;14.45;7.79;3.95;0.71;2.23;6.36;188.7;143.6;27.9;4.5;12.7;1.37;1.26;0.22;0.31;1.2;1.24;0.122;29.7;10.07;4.82;3.09;0.55;1.82;5.2;79.6;57.5;8.1;3.6;10.4;0.72;0.23;0.12;0.17
11;50;50;0;0;15.52;2.78;8.03;3.25;3.19;0.218;60.8;14.64;7.87;4.01;0.71;2.18;4.4;189.1;154.2;21.7;4.4;8.8;1.99;0.66;0.22;0.32;0.38;0.41;0.114;39.2;3.3;1.59;1.02;0.17;0.59;3.63;121.6;108.4;4.8;1.2;7.3;0.19;0.13;0.04;0.06
11;50;50;0;50;15.34;2.9;8.38;3.43;3.39;0.225;60.2;15.12;8.16;4.13;0.69;2.27;4.5;186.8;152.2;21.1;4.5;9;1.92;0.91;0.23;0.33;0.49;0.49;0.125;39.8;3.7;1.8;1.13;0.18;0.63;3.87;123.5;109.6;4.9;1.3;7.7;0.19;0.2;0.04;0.06
11;50;50;0;100;14.94;3.09;8.76;3.67;3.67;0.234;59.5;15.67;8.54;4.2;0.74;2.33;4.79;186.1;151.8;20;4.7;9.6;1.94;1.19;0.23;0.32;0.61;0.6;0.14;40.5;4.14;2.13;1.2;0.19;0.77;3.97;126.6;109.9;7.3;1.5;7.9;0.2;0.28;0.05;0.07
11;50;50;50;0;17.8;3.13;9.2;3.32;3.27;0.212;66;15.39;8.32;4.15;0.73;2.31;5.04;190.3;150;25.6;4.6;10.1;1.92;0.79;0.22;0.33;0.59;0.57;0.118;34;4.69;2.23;1.46;0.25;0.82;4.16;97.9;83.1;4.8;1.6;8.3;0.31;0.12;0.06;0.08
11;50;50;50;50;18.04;3.72;10.46;3.59;3.63;0.22;64.9;16.53;8.92;4.5;0.77;2.56;5.75;187.9;145.8;25.4;5.1;11.5;1.85;1.16;0.26;0.35;0.81;0.81;0.123;35.1;6.46;3.1;2.02;0.36;1.17;4.71;101.6;85.1;4.7;2.3;9.4;0.44;0.19;0.08;0.11
11;50;50;50;100;17.75;3.95;11.56;3.94;3.99;0.235;65;17;9.25;4.62;0.8;2.49;6.3;197.7;143.3;36.8;5;12.6;1.81;1.57;0.25;0.36;1.04;1.08;0.129;35;8.31;4.04;2.59;0.41;1.46;5.27;106.4;86.3;6.7;2.9;10.5;0.57;0.27;0.11;0.14
11;50;50;100;0;19.92;3.57;10.17;3.43;3.49;0.211;72.3;16.58;8.87;4.55;0.76;2.56;5.56;190.7;144.8;29.6;5.1;11.1;1.83;1.05;0.26;0.34;0.7;0.69;0.119;27.7;5.66;2.75;1.7;0.31;1;4.61;73;57.1;4.6;2;9.2;0.4;0.12;0.08;0.09
11;50;50;100;50;20.6;4.17;12.01;3.92;3.91;0.219;72.2;17.82;9.5;4.85;0.84;2.71;6.47;201.8;138.9;44.6;5.4;12.9;1.77;1.5;0.27;0.37;1.02;1.02;0.121;27.8;8.3;4.04;2.59;0.4;1.46;5.54;77.5;59;4.5;2.9;11.1;0.6;0.18;0.1;0.14
11;50;50;100;100;20.68;4.65;13.41;4.31;4.33;0.232;70.8;18.64;10.16;5.1;0.85;2.81;7.29;200.1;136.4;43.5;5.6;14.6;1.75;1.91;0.28;0.39;1.28;1.31;0.126;29.2;10.38;4.98;3.18;0.53;1.84;6.13;82.4;59.8;6.7;3.7;12.3;0.75;0.27;0.12;0.17
11;50;100;0;0;16;3.31;9.61;4.14;4.1;0.222;61.3;18.49;10.02;5.02;0.84;2.76;5.15;198.9;148.9;34.2;5.5;10.3;2.42;1.02;0.27;0.39;0.41;0.42;0.122;38.7;3.2;1.57;0.93;0.19;0.55;4.47;125.6;111.7;3.8;1.1;8.9;0.19;0.15;0.03;0.05
11;50;100;0;50;15.36;3.4;9.85;4.42;4.42;0.235;60.5;18.82;10.3;5.08;0.86;2.76;5.4;196.8;148.2;32.2;5.5;10.8;2.37;1.36;0.28;0.4;0.56;0.53;0.138;39.5;3.68;1.85;1.09;0.2;0.64;4.45;128.1;112.1;5.9;1.3;8.9;0.2;0.22;0.04;0.06
11;50;100;0;100;15;3.55;10;4.92;4.8;0.245;59.9;19.59;10.98;5.09;0.85;2.89;5.41;193.9;145.8;31.4;5.8;10.8;2.37;1.74;0.3;0.39;0.57;0.6;0.148;40.1;3.85;1.91;1.15;0.2;0.66;4.59;129.6;113.6;5.5;1.3;9.2;0.2;0.3;0.04;0.06
11;50;100;50;0;18.2;3.81;10.95;4.43;4.34;0.222;66.3;19.63;10.67;5.23;0.94;2.96;5.85;200.6;143.1;39.8;5.9;11.7;2.33;1.32;0.3;0.4;0.59;0.61;0.123;33.7;4.87;2.31;1.47;0.25;0.85;5.1;102;86.4;3.7;1.7;10.2;0.33;0.14;0.06;0.08
11;50;100;50;50;18.19;4.17;11.95;4.66;4.67;0.231;65.1;20.19;10.96;5.54;0.93;3.01;6.61;198.5;140.3;38.9;6;13.2;2.22;1.71;0.31;0.43;0.79;0.84;0.128;34.9;6.46;3.12;1.96;0.34;1.16;5.34;106.1;87.7;5.4;2.3;10.7;0.45;0.21;0.08;0.1
11;50;100;50;100;18.06;4.54;12.91;5.28;5.16;0.248;64;20.83;11.65;5.54;0.88;3.05;6.99;194.8;137;37.7;6.1;14;2.2;2.22;0.31;0.43;1.11;1.14;0.133;36;8.52;4.11;2.59;0.47;1.49;5.93;109.5;89.3;5.5;3;11.9;0.6;0.29;0.1;0.15
11;50;100;100;0;20.5;4.22;12.07;4.59;4.57;0.217;72.8;21.09;11.27;5.8;0.97;3.22;6.63;203.5;137.6;46.2;6.4;13.3;2.22;1.58;0.33;0.44;0.68;0.71;0.122;27.2;5.7;2.75;1.75;0.3;1;5.44;75.8;59.4;3.5;2;10.9;0.41;0.14;0.07;0.1
11;50;100;100;50;20.96;4.87;13.84;5;4.99;0.228;71;21.91;12;5.82;1.04;3.34;7.56;200.1;132.7;45.6;6.7;15.1;2.13;2.08;0.32;0.46;1.03;1.08;0.126;29;8.52;4.19;2.52;0.45;1.53;6.28;81.6;60.9;5.1;3.1;12.6;0.63;0.2;0.11;0.14
11;50;100;100;100;21.06;5.21;14.99;5.58;5.62;0.247;69.7;22.8;12.7;6.02;1.04;3.4;8.11;195.7;127.3;45.4;6.8;16.2;2.04;2.77;0.35;0.47;1.37;1.34;0.127;30.3;10.41;5.11;3.16;0.55;1.81;6.89;85;62.7;4.9;3.6;13.8;0.79;0.27;0.12;0.17
11;100;0;0;0;17.18;2.73;7.98;3.11;3.1;0.223;53.5;13.9;7.57;3.75;0.68;2.07;4.36;140.6;106.6;21.1;4.1;8.7;2.12;0.47;0.21;0.3;0.49;0.46;0.113;46.5;3.79;1.87;1.11;0.2;0.66;3.62;122.1;104.7;8.9;1.3;7.2;0.18;0.16;0.05;0.06
11;100;0;0;50;16.96;2.97;8.34;3.23;3.21;0.227;53.4;14.17;7.7;3.78;0.66;2.16;4.53;140.5;106.9;20.2;4.3;9.1;2.12;0.58;0.22;0.29;0.59;0.59;0.125;46.6;4.57;2.2;1.41;0.22;0.81;3.81;122.7;104.4;9;1.6;7.6;0.19;0.27;0.06;0.08
11;100;0;0;100;16.65;3.12;9.07;3.34;3.37;0.23;52.5;14.68;8.06;3.89;0.68;2.22;4.99;141;107.5;19.1;4.4;10;2.09;0.74;0.23;0.31;0.78;0.76;0.138;47.5;5.39;2.63;1.64;0.28;0.89;4.08;127.4;103.8;13.6;1.8;8.2;0.19;0.42;0.06;0.08
11;100;0;50;0;19.27;3.06;8.8;3.12;3.08;0.219;59.1;14.1;7.62;3.82;0.7;2.12;4.72;142.8;104.4;24.7;4.2;9.4;2.02;0.54;0.21;0.31;0.63;0.63;0.116;40.9;5.26;2.55;1.59;0.3;0.94;4.08;98.9;80;8.8;1.9;8.2;0.3;0.17;0.07;0.09
11;100;0;50;50;19.27;3.43;10.33;3.25;3.3;0.222;58.8;14.89;7.99;4.07;0.78;2.26;5.6;143.7;104.4;23.7;4.5;11.2;2.06;0.71;0.21;0.31;0.87;0.89;0.122;41.2;7.15;3.36;2.21;0.44;1.17;4.74;100.6;80;8.8;2.3;9.5;0.41;0.28;0.08;0.12
11;100;0;50;100;19.1;3.99;11.49;3.61;3.52;0.229;56.8;15.43;8.5;4.11;0.72;2.33;6.16;142.6;103;22.7;4.7;12.3;2;0.98;0.23;0.31;1.22;1.22;0.129;43.2;9.39;4.55;2.87;0.48;1.66;5.33;108.3;81;13.4;3.3;10.7;0.54;0.41;0.11;0.15
11;100;0;100;0;21.11;3.37;9.52;3.11;3.17;0.215;66.5;14.79;7.93;4.03;0.7;2.28;5.21;145.9;102.8;28.2;4.6;10.4;2;0.62;0.23;0.32;0.72;0.71;0.116;33.5;6.02;2.86;1.85;0.3;1.09;4.31;73.6;54.2;8.7;2.2;8.6;0.37;0.17;0.07;0.1
11;100;0;100;50;21.54;4;11.53;3.42;3.43;0.216;65.3;15.93;8.55;4.35;0.74;2.42;6.32;145.5;100.2;27.9;4.8;12.6;1.95;0.89;0.25;0.34;1.06;1.08;0.121;34.7;8.82;4.27;2.69;0.47;1.59;5.21;77.3;55.4;8.3;3.2;10.4;0.57;0.26;0.11;0.14
11;100;0;100;100;21.66;4.59;12.95;3.9;3.82;0.225;63.3;17.03;9.31;4.59;0.82;2.62;7.11;145.7;99.1;27.1;5.2;14.2;1.95;1.24;0.27;0.37;1.45;1.41;0.126;36.7;11.05;5.45;3.31;0.56;1.97;5.85;84.3;55.9;12.8;3.9;11.7;0.7;0.39;0.13;0.18
11;100;50;0;0;17.27;3.56;10.16;4.26;4.32;0.228;53.7;19.01;10.31;5.13;0.86;2.88;5.55;143.9;105.9;21.2;5.8;11.1;2.98;0.64;0.29;0.41;0.5;0.5;0.121;46.3;3.95;1.89;1.14;0.23;0.68;4.61;123.9;105.4;8;1.4;9.2;0.18;0.22;0.04;0.06
11;100;50;0;50;17.15;3.7;10.72;4.49;4.53;0.233;52.7;19.46;10.55;5.3;0.93;2.89;5.85;143.7;106.2;20.1;5.8;11.7;2.95;0.87;0.29;0.41;0.64;0.68;0.141;47.3;4.68;2.29;1.38;0.22;0.81;4.87;128.9;105.1;12.5;1.6;9.7;0.18;0.37;0.06;0.07
11;100;50;0;100;16.91;3.9;11.2;4.84;4.84;0.24;52.5;20.21;11.08;5.4;0.96;3;6.08;143.2;105.5;19.5;6;12.2;2.98;1.16;0.3;0.41;0.81;0.84;0.153;47.5;5.38;2.67;1.63;0.27;0.9;5.12;129.7;105.7;11.9;1.8;10.2;0.19;0.49;0.07;0.08
11;100;50;50;0;19.59;4.01;11.28;4.42;4.41;0.223;59.2;19.82;10.73;5.35;0.91;3.06;6.16;146.5;102.9;25.1;6.1;12.3;2.9;0.79;0.3;0.41;0.67;0.66;0.121;40.8;5.33;2.56;1.65;0.27;0.94;5.11;100.9;81;7.8;1.9;10.2;0.3;0.22;0.07;0.08
11;100;50;50;50;19.41;4.35;12.81;4.71;4.74;0.228;57.5;20.77;11.32;5.58;1.03;3.08;6.99;145.8;101.4;24.2;6.2;14;2.88;1.11;0.3;0.45;0.98;0.98;0.131;42.5;7.37;3.57;2.29;0.37;1.27;5.82;107.5;82.1;11.3;2.5;11.6;0.43;0.34;0.09;0.12
11;100;50;50;100;19.54;4.79;13.77;4.98;5.08;0.24;58.8;21.18;11.69;5.52;0.94;3.13;7.49;157;100.5;35.3;6.3;15;2.83;1.5;0.32;0.43;1.28;1.31;0.136;41.2;9.51;4.63;2.89;0.5;1.66;6.29;110.1;82.7;11.5;3.3;12.6;0.56;0.47;0.12;0.15
11;100;50;100;0;21.7;4.28;12.29;4.63;4.6;0.22;66;20.9;11.31;5.72;1.01;3.19;6.73;148.5;99.6;29.1;6.4;13.5;2.8;1.03;0.31;0.46;0.75;0.77;0.121;34;6.23;2.96;1.92;0.33;1.09;5.56;76.6;55.6;7.7;2.2;11.1;0.38;0.21;0.07;0.11
11;100;50;100;50;21.86;4.89;13.99;4.92;4.96;0.228;65.9;21.75;11.78;5.9;0.96;3.3;7.67;161.9;97.3;42.6;6.6;15.3;2.75;1.41;0.34;0.46;1.16;1.16;0.127;34.1;9.03;4.38;2.73;0.51;1.6;6.32;83.6;56.7;11;3.2;12.6;0.59;0.32;0.1;0.15
11;100;50;100;100;21.9;5.29;15.07;5.33;5.34;0.237;65.2;22.53;12.33;5.98;1.05;3.35;8.32;160.5;95.3;41.9;6.7;16.6;2.69;1.86;0.33;0.47;1.48;1.47;0.132;34.8;11.09;5.4;3.33;0.58;1.95;6.75;85.9;57.7;10.8;3.9;13.5;0.72;0.45;0.14;0.17
11;100;100;0;0;17.66;4.16;11.89;5.24;5.26;0.23;55.3;22.86;12.52;6.13;1.09;3.44;6.5;156.3;103.7;32.8;6.9;13;3.46;0.97;0.34;0.48;0.56;0.58;0.134;44.7;4.11;2.01;1.23;0.2;0.72;5.38;126.6;107.5;6.9;1.4;10.8;0.18;0.28;0.05;0.06
11;100;100;0;50;17.14;4.29;12.23;5.53;5.59;0.24;54;23.35;12.79;6.25;1.06;3.48;6.63;154.1;102.8;31.1;7;13.3;3.43;1.34;0.34;0.48;0.73;0.73;0.153;46;4.65;2.34;1.36;0.22;0.81;5.6;131.3;108.3;10.2;1.6;11.2;0.19;0.41;0.05;0.07
11;100;100;0;100;16.75;4.4;12.41;5.93;5.9;0.248;53.8;23.79;13.3;6.19;1.06;3.54;6.78;153.3;103;29.6;7.1;13.6;3.43;1.64;0.36;0.47;0.95;0.92;0.171;46.2;5.31;2.72;1.52;0.26;0.86;5.63;131.5;108.1;10.5;1.7;11.3;0.2;0.58;0.06;0.09
11;100;100;50;0;19.62;4.49;12.96;5.37;5.45;0.229;60.6;23.84;12.85;6.46;1.08;3.54;7.09;159.2;99.6;38.3;7.1;14.2;3.33;1.26;0.36;0.49;0.72;0.72;0.131;39.4;5.41;2.63;1.65;0.28;0.94;5.87;103.5;83.4;6.5;1.9;11.7;0.31;0.26;0.07;0.08
11;100;100;50;50;19.72;4.87;14.17;5.82;5.78;0.237;59;24.48;13.38;6.55;1.15;3.58;7.73;158;97.9;37.4;7.2;15.5;3.29;1.65;0.35;0.51;1.02;1.03;0.138;41;7.34;3.64;2.2;0.39;1.28;6.44;109.7;84.6;9.7;2.6;12.9;0.44;0.39;0.09;0.12
11;100;100;50;100;19.57;5.35;15.29;6.1;6.2;0.25;58.1;24.86;13.84;6.51;1.1;3.68;8.26;156;96.1;36;7.4;16.5;3.21;2.14;0.35;0.5;1.34;1.37;0.144;41.9;9.47;4.69;2.85;0.48;1.67;7.03;112.7;85.8;9.5;3.3;14.1;0.59;0.52;0.11;0.15
11;100;100;100;0;22.04;4.95;14.07;5.63;5.61;0.225;67.3;25.01;13.53;6.85;1.17;3.79;7.67;163.3;95.6;44.8;7.6;15.3;3.18;1.52;0.38;0.53;0.8;0.84;0.128;32.7;6.44;3.13;1.93;0.35;1.16;6.41;79.1;57.6;6.4;2.3;12.8;0.4;0.26;0.08;0.11
11;100;100;100;50;22.48;5.42;15.68;6.16;6.03;0.233;65.1;25.9;14.2;6.94;1.18;3.77;8.53;161.1;91.7;44.8;7.5;17.1;3.05;2.05;0.38;0.55;1.21;1.23;0.132;34.9;9.23;4.51;2.78;0.47;1.65;7.15;86.1;59.4;9.1;3.3;14.3;0.61;0.36;0.11;0.15
11;100;100;100;100;22.46;5.9;16.64;6.73;6.59;0.249;64.2;26.53;14.88;6.84;1.2;3.93;8.97;159;89.4;43.8;7.9;17.9;2.97;2.69;0.4;0.53;1.57;1.59;0.138;35.8;11.39;5.61;3.36;0.61;1.97;7.67;88.7;60.5;9;3.9;15.3;0.76;0.51;0.13;0.19
12;0;0;0;0;14.05;1.75;4.98;1.66;1.69;0.201;68.2;8.45;4.41;2.41;0.39;1.32;2.71;239;207.8;23.1;2.6;5.4;0.87;0.51;0.13;0.18;0.26;0.28;0.099;31.8;2.4;1.12;0.75;0.13;0.43;2.26;111.4;103.9;2.2;0.9;4.5;0.17;0.04;0.04;0.03
12;0;0;0;50;13.58;1.92;5.28;1.8;1.84;0.209;67.9;8.84;4.72;2.37;0.44;1.42;2.87;237.4;206.9;21.9;2.8;5.7;0.89;0.63;0.15;0.18;0.32;0.32;0.105;32.1;2.74;1.31;0.86;0.14;0.49;2.41;112.3;104.3;2.2;1;4.8;0.19;0.06;0.03;0.04
12;0;0;0;100;13.3;1.88;5.65;2.03;2;0.214;67.1;9.39;5.01;2.58;0.44;1.38;3.1;234.4;204.1;21.3;2.8;6.2;0.84;0.82;0.14;0.2;0.35;0.36;0.112;32.9;2.95;1.41;0.93;0.15;0.5;2.55;114.8;105.5;3.2;1;5.1;0.2;0.09;0.04;0.04
12;0;0;50;0;16.33;2.14;6.1;1.77;1.83;0.196;73.2;9.33;4.92;2.63;0.43;1.49;3.37;240.6;203.8;27;3;6.7;0.87;0.6;0.15;0.21;0.41;0.43;0.108;26.8;3.65;1.75;1.15;0.18;0.65;2.73;88.1;79.2;2.2;1.3;5.5;0.28;0.04;0.05;0.06
12;0;0;50;50;16.2;2.45;7.12;1.96;1.97;0.2;72.2;9.79;5.2;2.73;0.47;1.51;3.88;236.9;200;26.1;3;7.8;0.81;0.78;0.16;0.22;0.6;0.61;0.114;27.8;5.21;2.51;1.59;0.29;0.94;3.24;90.9;80.4;2.1;1.9;6.5;0.41;0.06;0.06;0.09
12;0;0;50;100;16.12;2.97;8.26;2.27;2.27;0.214;71;10.64;5.76;2.9;0.47;1.68;4.51;232.7;194.9;25.4;3.4;9;0.8;1.1;0.16;0.22;0.78;0.82;0.117;29;6.94;3.34;2.08;0.35;1.29;3.74;95;82.1;2.9;2.6;7.5;0.55;0.07;0.09;0.11
12;0;0;100;0;18.27;2.39;6.9;1.85;1.87;0.191;79;9.8;5.12;2.84;0.47;1.55;3.71;241;200.2;30.4;3.1;7.4;0.83;0.67;0.16;0.21;0.55;0.55;0.113;21;4.67;2.24;1.48;0.23;0.84;3.19;63.8;53.5;2.2;1.7;6.4;0.36;0.04;0.06;0.09
12;0;0;100;50;18.8;3.04;8.59;2.15;2.17;0.196;77.7;11.11;5.88;3.09;0.56;1.77;4.67;236;192.7;30.4;3.5;9.3;0.79;0.96;0.17;0.25;0.76;0.81;0.115;22.3;6.92;3.32;2.14;0.34;1.28;3.92;67.6;55.1;2.1;2.6;7.8;0.56;0.05;0.09;0.11
12;0;0;100;100;18.78;3.42;9.91;2.5;2.58;0.21;76.4;12.26;6.54;3.38;0.61;1.91;5.43;231.6;187.1;29.8;3.8;10.9;0.77;1.33;0.2;0.28;1.01;1.03;0.116;23.6;8.74;4.15;2.66;0.48;1.51;4.48;71.3;56.4;3;3;9;0.71;0.08;0.11;0.14
12;0;50;0;0;14.15;1.95;5.6;1.92;1.91;0.197;67.3;9.68;5.09;2.75;0.43;1.52;3.1;235.1;202.4;23.5;3;6.2;0.83;0.71;0.16;0.22;0.3;0.3;0.105;32.7;2.49;1.19;0.76;0.13;0.43;2.5;113.9;106.2;1.8;0.9;5;0.18;0.05;0.03;0.04
12;0;50;0;50;13.82;2.12;6;2.25;2.22;0.211;66.6;10.53;5.67;2.87;0.47;1.63;3.24;231.5;199.2;22.6;3.3;6.5;0.86;0.97;0.17;0.22;0.34;0.34;0.111;33.4;2.8;1.35;0.88;0.14;0.49;2.76;115.9;107.6;1.8;1;5.5;0.2;0.07;0.03;0.05
12;0;50;0;100;13.81;2.22;6.4;2.56;2.55;0.224;65.8;11.38;6.18;2.99;0.58;1.71;3.51;228.2;195.6;22.2;3.4;7;0.82;1.32;0.17;0.25;0.36;0.37;0.119;34.2;2.89;1.42;0.89;0.15;0.51;2.89;118.7;109.2;2.6;1;5.8;0.2;0.1;0.03;0.04
12;0;50;50;0;16.71;2.5;6.94;2.11;2.12;0.192;72;11.06;5.85;3.05;0.53;1.8;3.83;234.6;195.6;27.7;3.6;7.7;0.82;0.87;0.18;0.25;0.42;0.47;0.113;28;3.95;1.83;1.23;0.23;0.71;3.11;91.2;81.8;1.8;1.4;6.2;0.31;0.05;0.05;0.07
12;0;50;50;50;16.43;2.82;8.18;2.43;2.45;0.205;70.9;11.94;6.3;3.34;0.6;1.82;4.53;230.3;191.2;26.4;3.6;9.1;0.79;1.21;0.19;0.26;0.67;0.67;0.117;29.1;5.61;2.69;1.73;0.33;1;3.65;94.3;83.3;1.7;2;7.3;0.44;0.07;0.07;0.1
12;0;50;50;100;16.56;3.17;9.26;2.91;2.9;0.228;70.9;12.77;6.9;3.46;0.59;1.89;5.21;239.6;186.1;39.3;3.8;10.4;0.77;1.67;0.19;0.27;0.87;0.88;0.12;29.1;7.28;3.46;2.31;0.39;1.28;4.05;98;85;2.4;2.6;8.1;0.58;0.09;0.09;0.13
12;0;50;100;0;19.06;2.79;8.11;2.37;2.41;0.193;77.8;12.5;6.46;3.56;0.64;1.99;4.39;233.9;189.4;31.8;4;8.8;0.81;1.13;0.2;0.27;0.54;0.55;0.114;22.2;4.73;2.22;1.48;0.25;0.81;3.72;66.6;55.9;1.7;1.6;7.4;0.38;0.05;0.06;0.07
12;0;50;100;50;19.22;3.47;9.71;2.75;2.79;0.207;77.5;13.46;7.2;3.67;0.65;2.12;5.33;243.2;181.7;46.7;4.2;10.7;0.73;1.55;0.22;0.29;0.81;0.88;0.118;22.5;7.39;3.57;2.28;0.37;1.35;4.38;70.6;57.5;1.6;2.7;8.8;0.6;0.06;0.1;0.12
12;0;50;100;100;19.61;3.86;10.96;3.44;3.33;0.225;76.2;14.8;8.12;3.98;0.67;2.24;6.04;238.9;175.5;46.8;4.5;12.1;0.73;2.07;0.23;0.31;1.02;1.07;0.119;23.8;8.96;4.32;2.73;0.44;1.63;4.92;74.4;58.9;2.4;3.3;9.8;0.73;0.09;0.11;0.14
12;0;100;0;0;14.93;2.34;6.52;2.33;2.33;0.201;67;11.62;6.17;3.24;0.54;1.85;3.56;241.4;194.1;36.6;3.7;7.1;0.8;1.1;0.19;0.24;0.3;0.32;0.107;33;2.6;1.26;0.81;0.14;0.49;2.97;118.6;109.9;1.7;1;5.9;0.19;0.06;0.03;0.04
12;0;100;0;50;14.53;2.43;6.8;2.82;2.77;0.222;66.4;12.45;6.7;3.42;0.58;1.9;3.75;237.5;190.7;35.5;3.8;7.5;0.78;1.52;0.2;0.26;0.38;0.38;0.117;33.6;2.9;1.4;0.88;0.16;0.52;3.05;120.2;111.3;1.7;1;6.1;0.2;0.09;0.04;0.05
12;0;100;0;100;14.12;2.48;7.06;3.18;3.12;0.24;65.6;12.98;7.33;3.35;0.58;1.93;3.84;233.9;188.5;33.8;3.9;7.7;0.78;1.87;0.2;0.27;0.42;0.43;0.125;34.4;3.14;1.53;0.99;0.16;0.56;3.23;122.5;112.3;2.6;1.1;6.5;0.21;0.13;0.04;0.05
12;0;100;50;0;17.46;2.83;7.91;2.76;2.68;0.202;71.6;13.27;7.06;3.71;0.67;2.12;4.3;241.7;185.5;43.4;4.2;8.6;0.75;1.43;0.22;0.28;0.49;0.48;0.114;28.4;4.03;1.9;1.24;0.22;0.7;3.61;95.5;85.2;1.7;1.4;7.2;0.31;0.06;0.05;0.06
12;0;100;50;50;17.5;3.18;9.27;3.1;3.13;0.219;70.5;14.29;7.66;3.96;0.68;2.14;5.06;237.1;180.5;42.2;4.3;10.1;0.75;1.86;0.21;0.31;0.72;0.71;0.119;29.5;5.85;2.84;1.77;0.3;1.03;4.21;98.9;86.8;1.7;2.1;8.4;0.46;0.09;0.07;0.1
12;0;100;50;100;17.53;3.46;10.31;3.75;3.71;0.245;69.1;15.15;8.4;4.01;0.66;2.19;5.59;231.4;174.4;41.4;4.4;11.2;0.71;2.46;0.23;0.31;0.88;0.93;0.122;30.9;7.52;3.48;2.4;0.43;1.27;4.72;103.2;88.8;2.4;2.5;9.4;0.6;0.12;0.08;0.13
12;0;100;100;0;20.02;3.26;9.44;2.95;3.02;0.199;77.4;15.2;8.03;4.27;0.74;2.36;5.14;241.8;177.1;49.7;4.7;10.3;0.73;1.71;0.24;0.33;0.6;0.59;0.115;22.6;5.01;2.4;1.58;0.23;0.89;4.3;70.5;58.5;1.6;1.8;8.6;0.4;0.06;0.06;0.08
12;0;100;100;50;20.48;3.84;10.96;3.54;3.55;0.217;76;16.36;8.81;4.47;0.75;2.49;6.02;236.4;169.8;49.6;5;12;0.69;2.26;0.25;0.35;0.87;0.91;0.119;24;7.5;3.61;2.24;0.42;1.35;4.94;74.2;60.1;1.5;2.7;9.9;0.61;0.09;0.1;0.11
12;0;100;100;100;20.6;4.31;12.28;4.36;4.29;0.244;74.5;17.57;9.83;4.54;0.79;2.59;6.74;230.5;163.1;48.8;5.2;13.5;0.68;2.99;0.27;0.35;1.14;1.16;0.12;25.5;9.56;4.52;3.01;0.49;1.72;5.54;78.4;61.6;2.3;3.4;11.1;0.78;0.12;0.12;0.16
12;50;0;0;0;15.58;2.27;6.52;2.46;2.48;0.217;62.8;11.41;6.15;3.12;0.56;1.72;3.64;192.3;159.2;22.4;3.4;7.3;1.55;0.51;0.17;0.25;0.38;0.36;0.108;37.2;3.06;1.45;0.95;0.15;0.55;2.88;114;102;5.2;1.1;5.8;0.18;0.09;0.04;0.05
12;50;0;0;50;15.21;2.4;6.89;2.62;2.64;0.223;62.7;11.88;6.38;3.27;0.57;1.78;3.8;192;159.3;21.6;3.6;7.6;1.58;0.63;0.17;0.25;0.42;0.42;0.113;37.3;3.42;1.69;1.02;0.17;0.61;3.09;114.3;101.9;5;1.2;6.2;0.18;0.14;0.04;0.06
12;50;0;0;100;15.1;2.63;7.5;2.87;2.89;0.227;61.6;12.72;6.97;3.46;0.55;1.94;4.02;190.6;157.8;21;3.9;8;1.61;0.83;0.2;0.25;0.53;0.52;0.127;38.4;3.9;1.92;1.21;0.18;0.7;3.48;118.7;102.8;7.5;1.4;7;0.19;0.22;0.04;0.06
12;50;0;50;0;17.71;2.69;7.58;2.54;2.6;0.214;68;12.15;6.49;3.35;0.58;1.87;4.14;194.3;156.4;25.9;3.7;8.3;1.58;0.58;0.18;0.26;0.5;0.51;0.112;32;4.36;2.1;1.32;0.25;0.81;3.45;91.3;77.6;5.1;1.6;6.9;0.3;0.09;0.05;0.07
12;50;0;50;50;17.64;3.01;8.67;2.75;2.73;0.218;67.4;12.54;6.77;3.44;0.57;1.9;4.76;193.3;154.7;25.2;3.8;9.5;1.54;0.74;0.19;0.27;0.69;0.72;0.116;32.6;6.05;2.85;1.91;0.33;1.11;3.92;93.5;78.4;5;2.2;7.8;0.41;0.14;0.07;0.09
12;50;0;50;100;17.69;3.35;9.94;3.06;3.08;0.226;66;13.62;7.32;3.71;0.66;1.99;5.51;191.6;152.2;24.5;4;11;1.52;1.06;0.2;0.29;0.97;0.98;0.123;34;7.9;3.74;2.41;0.41;1.36;4.43;98.6;79.5;7.5;2.7;8.9;0.54;0.22;0.09;0.13
12;50;0;100;0;19.78;2.91;8.43;2.59;2.67;0.209;74.5;12.8;6.82;3.6;0.56;2;4.56;196.4;153.6;29.7;4;9.1;1.53;0.67;0.19;0.27;0.6;0.6;0.113;25.5;5.1;2.46;1.6;0.26;0.91;3.86;67.1;52.5;5.1;1.8;7.7;0.36;0.09;0.06;0.08
12;50;0;100;50;20.2;3.57;10.04;2.82;2.93;0.212;73.3;13.89;7.41;3.85;0.67;2.2;5.49;193.8;149;29.4;4.4;11;1.48;0.93;0.22;0.31;0.89;0.89;0.117;26.7;7.56;3.62;2.35;0.36;1.38;4.54;70.5;53.8;4.9;2.8;9.1;0.55;0.13;0.09;0.12
12;50;0;100;100;20.16;4.02;11.43;3.29;3.28;0.221;71.5;14.87;8.03;4.1;0.66;2.22;6.24;190.8;145;28.8;4.4;12.5;1.44;1.31;0.22;0.32;1.13;1.17;0.121;28.5;9.6;4.72;2.9;0.5;1.81;5.19;76;55;7;3.6;10.4;0.7;0.2;0.12;0.15
12;50;50;0;0;15.76;2.81;8.01;3.23;3.31;0.221;62.3;14.97;8.05;4.11;0.73;2.29;4.37;192.5;156;23.1;4.6;8.7;2.04;0.71;0.23;0.32;0.35;0.37;0.111;37.7;2.96;1.4;0.94;0.14;0.51;3.63;116.2;103.8;4.1;1;7.3;0.17;0.11;0.04;0.05
12;50;50;0;50;15.4;2.95;8.43;3.57;3.58;0.229;61.9;15.68;8.48;4.34;0.72;2.37;4.62;190.8;154.7;22.2;4.7;9.2;2.04;0.97;0.24;0.34;0.47;0.44;0.123;38.1;3.35;1.63;1.03;0.18;0.58;3.8;117.4;104.6;4;1.2;7.6;0.19;0.16;0.04;0.05
12;50;50;0;100;14.91;3.05;8.69;3.87;3.87;0.239;61.2;16.18;8.87;4.39;0.72;2.37;4.82;189.8;154.4;21;4.7;9.6;2.07;1.21;0.24;0.34;0.55;0.54;0.136;38.8;3.8;1.87;1.17;0.17;0.68;3.87;120;104.7;6.1;1.4;7.7;0.2;0.24;0.04;0.06
12;50;50;50;0;17.99;3.24;9.09;3.5;3.45;0.216;67.4;15.96;8.56;4.38;0.74;2.46;4.95;193.5;151.9;26.8;4.9;9.9;2.02;0.85;0.25;0.32;0.53;0.52;0.116;32.6;4.33;2.14;1.28;0.23;0.78;4.14;93.5;79.6;4.1;1.6;8.3;0.29;0.11;0.06;0.07
12;50;50;50;50;17.97;3.67;10.41;3.7;3.76;0.224;66.3;16.84;9.09;4.62;0.76;2.58;5.7;190.9;148.2;26.1;5.2;11.4;1.95;1.2;0.26;0.35;0.73;0.76;0.122;33.7;6.07;2.93;1.88;0.3;1.1;4.71;96.7;81.2;3.9;2.2;9.4;0.42;0.15;0.08;0.1
12;50;50;50;100;18.13;4.13;11.59;4.2;4.22;0.238;66.4;17.71;9.82;4.69;0.82;2.7;6.39;201.6;144.8;38.5;5.4;12.8;1.92;1.66;0.26;0.38;0.97;1;0.127;33.6;7.79;3.84;2.3;0.4;1.43;5.2;101.7;82.7;5.7;2.9;10.4;0.55;0.23;0.1;0.12
12;50;50;100;0;20.05;3.58;10.02;3.66;3.67;0.215;73.7;17.14;9.28;4.62;0.85;2.64;5.49;194;146.9;30.8;5.3;11;1.95;1.09;0.27;0.37;0.62;0.61;0.117;26.3;5.09;2.46;1.57;0.25;0.94;4.53;69.2;54.4;3.8;1.9;9.1;0.36;0.1;0.07;0.08
12;50;50;100;50;20.58;4.22;12.02;4.06;4.08;0.223;73.6;18.27;9.89;4.99;0.85;2.78;6.52;206.2;141.9;45.6;5.6;13;1.88;1.53;0.29;0.38;0.98;0.97;0.12;26.4;7.95;3.89;2.43;0.41;1.44;5.49;73.6;55.9;3.9;2.9;11;0.58;0.16;0.1;0.13
12;50;50;100;100;20.84;4.53;13.03;4.63;4.51;0.235;72.3;19.21;10.57;5.11;0.86;2.85;7.2;202.9;137.1;45.7;5.7;14.4;1.81;2.02;0.29;0.4;1.16;1.2;0.124;27.7;9.56;4.61;2.92;0.5;1.67;5.83;77.7;57.3;5.4;3.3;11.7;0.71;0.21;0.12;0.16
12;50;100;0;0;15.77;3.33;9.59;4.27;4.28;0.227;63;18.87;10.21;5.14;0.88;2.85;5.26;202.7;151.6;34.9;5.7;10.5;2.54;1.06;0.29;0.39;0.37;0.37;0.116;37;2.87;1.39;0.87;0.14;0.48;4.32;119;106.4;3;1;8.6;0.18;0.11;0.03;0.04
12;50;100;0;50;15.66;3.37;9.87;4.67;4.62;0.239;62.3;19.3;10.76;5.1;0.88;2.78;5.45;201.1;150.6;34.1;5.6;10.9;2.51;1.42;0.28;0.4;0.49;0.47;0.132;37.7;3.34;1.66;1;0.17;0.59;4.42;121.8;107;4.8;1.2;8.8;0.19;0.19;0.04;0.05
12;50;100;0;100;15.24;3.58;10.05;5;5;0.25;61.6;20.03;11.23;5.19;0.85;2.96;5.55;198.1;148.2;33;5.9;11.1;2.48;1.8;0.3;0.42;0.58;0.55;0.145;38.4;3.58;1.85;1.03;0.15;0.62;4.5;123.3;108.4;4.6;1.2;9;0.2;0.25;0.04;0.06
12;50;100;50;0;18.25;3.81;10.92;4.7;4.56;0.225;67.7;20.31;10.99;5.58;0.9;3.01;5.95;204.1;144.6;41.6;6;11.9;2.43;1.39;0.31;0.43;0.55;0.55;0.122;32.3;4.4;2.17;1.3;0.25;0.8;4.97;97.2;82.8;2.9;1.6;9.9;0.31;0.11;0.06;0.07
12;50;100;50;50;18.54;4.2;11.95;4.98;4.9;0.235;66.4;20.83;11.52;5.53;0.97;3.12;6.51;201.5;141.4;40.9;6.2;13;2.36;1.8;0.31;0.42;0.72;0.77;0.126;33.6;6.02;2.87;1.87;0.34;1.08;5.45;101.8;84.2;4.5;2.2;10.9;0.44;0.17;0.07;0.1
12;50;100;50;100;18.5;4.56;12.91;5.37;5.41;0.252;65.4;21.51;11.88;5.69;0.99;3.19;7.06;197.9;137.2;40.2;6.4;14.1;2.26;2.39;0.32;0.43;1.01;1.03;0.13;34.6;7.81;3.73;2.42;0.4;1.38;5.86;104.7;86;4.2;2.8;11.7;0.57;0.23;0.1;0.12
12;50;100;100;0;20.79;4.25;12.12;4.76;4.78;0.22;74;21.72;11.79;5.92;1;3.33;6.65;206.9;138.8;48.2;6.7;13.3;2.32;1.66;0.33;0.47;0.64;0.65;0.12;26;5.29;2.5;1.65;0.27;0.92;5.47;72.4;56.8;2.8;1.8;10.9;0.39;0.11;0.06;0.08
12;50;100;100;50;21.15;4.71;13.51;5.18;5.2;0.232;72.3;22.48;12.21;6.01;1.03;3.36;7.37;202.4;133;47.9;6.7;14.7;2.21;2.18;0.35;0.46;0.97;0.96;0.122;27.7;7.74;3.74;2.37;0.43;1.35;6.13;77.4;58.5;3.9;2.7;12.3;0.6;0.15;0.09;0.13
12;50;100;100;100;21.43;5.18;14.96;5.84;5.88;0.25;71;23.54;13.13;6.22;1.03;3.44;8.08;199;128.5;47.5;6.9;16.2;2.16;2.9;0.34;0.47;1.25;1.25;0.126;29;9.76;4.74;3.04;0.47;1.75;6.88;80.9;59.8;3.9;3.5;13.8;0.75;0.2;0.12;0.17
12;100;0;0;0;17.5;2.75;7.95;3.27;3.22;0.227;55.1;14.23;7.7;3.96;0.6;2.12;4.36;143.5;108;22.5;4.2;8.7;2.19;0.51;0.23;0.3;0.37;0.42;0.111;44.9;3.48;1.64;1.09;0.21;0.63;3.59;116.9;100.3;8.2;1.3;7.2;0.17;0.15;0.04;0.06
12;100;0;0;50;16.93;2.92;8.41;3.28;3.3;0.233;55.2;14.23;7.76;3.83;0.69;2.16;4.52;143.5;109.4;20.7;4.3;9;2.21;0.59;0.21;0.29;0.56;0.56;0.124;44.8;4.36;2.08;1.41;0.23;0.76;3.89;116.7;99.2;8.2;1.5;7.8;0.18;0.25;0.05;0.08
12;100;0;0;100;16.57;3.17;8.86;3.48;3.5;0.236;54.2;14.88;8.23;3.92;0.66;2.29;4.88;143.4;109.4;19.7;4.6;9.8;2.2;0.76;0.23;0.3;0.66;0.71;0.136;45.8;5.07;2.45;1.55;0.29;0.87;3.98;121.3;99.1;12.4;1.7;8;0.19;0.38;0.06;0.08
12;100;0;50;0;19.54;3.14;8.94;3.16;3.25;0.224;60.7;14.59;7.88;3.96;0.71;2.21;4.82;146.3;106.5;25.8;4.4;9.6;2.16;0.57;0.22;0.31;0.55;0.59;0.115;39.3;4.95;2.37;1.48;0.26;0.93;4.12;94.5;76.2;8.2;1.9;8.2;0.29;0.16;0.07;0.08
12;100;0;50;50;19.3;3.48;10.1;3.52;3.48;0.226;60.4;15.42;8.38;4.14;0.7;2.31;5.64;146.5;105.7;24.9;4.6;11.3;2.15;0.75;0.24;0.34;0.79;0.83;0.121;39.6;6.7;3.27;2.05;0.38;1.18;4.46;96;76.7;7.9;2.4;8.9;0.4;0.24;0.08;0.11
12;100;0;50;100;19.34;3.97;11.25;3.7;3.72;0.233;58.5;16;8.74;4.26;0.77;2.43;6.12;145.4;104.1;24.2;4.9;12.2;2.11;1.04;0.25;0.33;1.08;1.13;0.128;41.5;8.73;4.21;2.67;0.47;1.54;5.13;103;77.8;11.9;3.1;10.3;0.52;0.35;0.11;0.14
12;100;0;100;0;21.14;3.27;9.53;3.37;3.34;0.219;67.8;15.29;8.23;4.11;0.74;2.29;5.22;148.1;103.9;29.2;4.6;10.4;2.13;0.66;0.22;0.33;0.66;0.64;0.114;32.2;5.5;2.6;1.73;0.32;0.99;4.31;70.1;51.9;7.7;2;8.6;0.36;0.13;0.06;0.09
12;100;0;100;50;21.65;3.99;11.35;3.63;3.59;0.221;67.2;16.26;8.86;4.44;0.76;2.5;6.38;149.7;103.2;28.7;5;12.8;2.1;0.9;0.25;0.35;1;1;0.12;32.8;8.22;3.96;2.48;0.47;1.49;4.96;73;52.2;7.9;3;9.9;0.53;0.24;0.1;0.13
12;100;0;100;100;21.8;4.41;12.8;3.93;3.93;0.228;64.7;17.27;9.36;4.71;0.77;2.57;7.08;147.5;100.2;28.1;5.1;14.2;2.01;1.28;0.25;0.38;1.3;1.33;0.125;35.3;10.51;5.08;3.2;0.54;1.84;5.72;80.4;53.5;11.8;3.7;11.4;0.68;0.35;0.13;0.17
12;100;50;0;0;17.4;3.53;10.26;4.59;4.54;0.234;55.4;19.47;10.62;5.27;0.92;2.87;5.6;147;107.9;22.2;5.7;11.2;3.17;0.67;0.29;0.41;0.46;0.47;0.119;44.6;3.67;1.77;1.14;0.21;0.66;4.66;118.3;100.5;7.2;1.3;9.3;0.17;0.2;0.04;0.06
12;100;50;0;50;17.16;3.73;10.64;4.79;4.81;0.238;54.4;20.2;11.06;5.5;0.86;3;5.84;146.4;107.4;21.3;6;11.7;3.14;0.93;0.31;0.42;0.56;0.61;0.137;45.6;4.29;2.09;1.27;0.21;0.72;4.8;122.6;100.9;10.7;1.4;9.6;0.18;0.32;0.05;0.07
12;100;50;0;100;16.82;3.91;11.09;5.08;5.03;0.245;54.1;20.54;11.5;5.45;0.89;3.04;6.04;145.6;107.3;20.2;6.1;12.1;3.14;1.19;0.3;0.41;0.76;0.76;0.15;45.9;4.9;2.52;1.43;0.23;0.86;5.05;123.6;101;10.7;1.7;10.1;0.19;0.44;0.06;0.08
12;100;50;50;0;19.51;4.02;11.3;4.63;4.63;0.228;60.8;20.33;11.05;5.54;0.95;3.06;6.22;149.5;105.1;25.8;6.1;12.4;3.07;0.81;0.31;0.44;0.7;0.64;0.12;39.2;5.15;2.58;1.51;0.28;0.96;5.07;96.2;77.1;7.1;1.9;10.1;0.3;0.2;0.07;0.08
12;100;50;50;50;19.69;4.3;12.59;4.85;4.9;0.233;59.1;21.08;11.4;5.75;0.93;3.12;6.86;148.1;102.8;25.4;6.2;13.7;2.99;1.16;0.31;0.44;0.84;0.89;0.13;40.9;6.75;3.26;2.13;0.34;1.18;5.73;102.6;78.7;10.1;2.4;11.5;0.4;0.3;0.08;0.11
12;100;50;50;100;19.73;4.87;13.66;5.44;5.35;0.245;60.1;21.91;12.27;5.75;1.06;3.27;7.43;159.4;100.8;37.2;6.5;14.9;2.95;1.6;0.34;0.46;1.21;1.22;0.134;39.9;8.96;4.4;2.69;0.47;1.6;6.23;105.7;80;10.1;3.2;12.5;0.55;0.42;0.11;0.14
12;100;50;100;0;21.81;4.26;12.18;4.87;4.82;0.225;67.5;21.45;11.53;5.91;1.01;3.19;6.71;151.1;101.2;30.1;6.4;13.4;2.97;1.07;0.32;0.46;0.69;0.71;0.12;32.5;5.75;2.78;1.79;0.28;1.06;5.47;72.8;53.1;6.7;2.1;10.9;0.36;0.18;0.07;0.09
12;100;50;100;50;22.19;4.84;14.02;5.15;5.16;0.232;67.5;22.3;12.16;6.06;1.04;3.33;7.71;165.4;98.6;44.7;6.7;15.4;2.87;1.49;0.33;0.47;1.05;1.08;0.127;32.5;8.4;4.11;2.6;0.44;1.51;6.31;79.8;54.2;10;3;12.6;0.55;0.3;0.1;0.14
12;100;50;100;100;22.04;5.32;15.29;5.69;5.62;0.242;66.6;23.24;12.87;6.28;1.05;3.49;8.32;163.8;96.8;43.4;7;16.6;2.86;1.93;0.36;0.47;1.31;1.4;0.131;33.4;10.59;5.09;3.21;0.6;1.83;6.96;82.1;55;9.6;3.7;13.9;0.7;0.4;0.12;0.19
12;100;100;0;0;17.7;4.19;11.78;5.43;5.52;0.236;56.8;23.48;12.84;6.25;1.09;3.52;6.48;159.2;105;34.1;7;13;3.64;1.02;0.36;0.49;0.51;0.53;0.134;43.2;3.77;1.89;1.09;0.18;0.67;5.3;121;103;6.1;1.3;10.6;0.17;0.25;0.04;0.06
12;100;100;0;50;17.13;4.21;12.15;5.84;5.86;0.245;55.8;23.95;13.18;6.47;1.13;3.45;6.69;157.6;104.5;32.8;6.9;13.4;3.6;1.4;0.35;0.5;0.67;0.67;0.15;44.2;4.32;2.2;1.25;0.2;0.76;5.46;124.8;103.5;8.9;1.5;10.9;0.19;0.35;0.05;0.07
12;100;100;0;100;16.89;4.28;12.58;6.16;6.17;0.253;55.2;24.43;13.44;6.49;1.13;3.46;6.82;155.5;103.6;31.3;6.9;13.6;3.6;1.73;0.34;0.5;0.8;0.82;0.166;44.8;4.82;2.42;1.4;0.26;0.82;5.76;126.1;104.2;8.7;1.6;11.5;0.2;0.49;0.06;0.07
12;100;100;50;0;19.98;4.65;13.07;5.76;5.74;0.233;62.1;24.65;13.61;6.6;1.16;3.76;7.22;163.1;100.5;40.7;7.5;14.4;3.48;1.35;0.38;0.53;0.7;0.68;0.129;37.9;5.1;2.53;1.56;0.24;0.89;5.85;99.3;80.2;5.7;1.8;11.7;0.3;0.23;0.06;0.09
12;100;100;50;50;19.71;4.95;14.31;6.03;6.09;0.241;60.7;25.28;13.9;6.71;1.18;3.75;7.95;161.4;99.2;38.8;7.5;15.9;3.44;1.74;0.38;0.53;0.95;0.97;0.137;39.3;7.04;3.35;2.21;0.39;1.2;6.36;104.7;81;8.5;2.4;12.7;0.43;0.35;0.08;0.12
12;100;100;50;100;19.83;5.27;14.97;6.5;6.49;0.255;59.6;25.51;14.3;6.64;1.14;3.7;8.04;158.9;97.3;38.1;7.4;16.1;3.36;2.23;0.39;0.51;1.27;1.28;0.142;40.4;8.86;4.35;2.61;0.49;1.57;6.93;107.7;82.2;8.5;3.1;13.9;0.56;0.47;0.1;0.15
12;100;100;100;0;22.26;4.95;14.21;5.92;5.93;0.229;68.8;25.98;14.12;7.1;1.19;3.93;7.81;166.8;96.4;46.9;7.9;15.6;3.36;1.62;0.4;0.55;0.74;0.77;0.127;31.2;5.93;2.83;1.83;0.32;1.02;6.4;75.5;55.1;5.5;2;12.8;0.38;0.23;0.07;0.09
12;100;100;100;50;22.56;5.46;15.41;6.33;6.24;0.238;66.7;26.31;14.52;6.94;1.12;3.97;8.27;163.9;92.9;46.5;7.9;16.5;3.22;2.11;0.39;0.52;1.11;1.14;0.131;33.3;8.57;4.16;2.61;0.46;1.5;7.14;81.9;56.7;8;3;14.3;0.58;0.32;0.1;0.14
12;100;100;100;100;22.49;5.76;16.64;7.02;6.85;0.253;65.7;27.13;15.29;6.93;1.19;3.89;9.14;162.1;90.6;45.4;7.8;18.3;3.12;2.77;0.39;0.55;1.43;1.47;0.136;34.3;10.7;5.23;3.25;0.58;1.87;7.5;84.4;57.7;8;3.7;15;0.73;0.45;0.12;0.17
13;0;0;0;0;14.14;1.75;4.94;1.7;1.73;0.203;69.8;8.53;4.49;2.4;0.38;1.32;2.71;244;212.1;23.8;2.6;5.4;0.88;0.52;0.14;0.19;0.23;0.25;0.092;30.2;2.28;1.1;0.71;0.11;0.43;2.23;105.5;98.3;1.9;0.9;4.5;0.15;0.03;0.03;0.04
13;0;0;0;50;14.03;1.88;5.28;1.91;1.9;0.209;69.4;9.09;4.91;2.51;0.43;1.43;2.88;242.3;210.5;23.1;2.9;5.8;0.89;0.67;0.14;0.2;0.29;0.28;0.097;30.6;2.5;1.16;0.79;0.13;0.45;2.4;106.6;98.9;1.9;0.9;4.8;0.16;0.05;0.03;0.04
13;0;0;0;100;13.48;2.05;5.66;2.06;2.12;0.216;68.7;9.78;5.37;2.6;0.43;1.6;3.13;239;207.5;22;3.2;6.3;0.87;0.86;0.17;0.21;0.33;0.32;0.103;31.3;2.83;1.26;0.94;0.17;0.46;2.53;108.8;100.1;2.7;0.9;5.1;0.18;0.07;0.03;0.05
13;0;0;50;0;16.49;2.21;5.99;1.87;1.83;0.197;74.6;9.27;4.95;2.53;0.43;1.49;3.33;245.4;208.1;27.6;3;6.7;0.87;0.61;0.16;0.2;0.38;0.39;0.1;25.4;3.65;1.77;1.1;0.18;0.71;2.66;83.6;75.1;1.8;1.4;5.3;0.26;0.04;0.04;0.05
13;0;0;50;50;16.42;2.48;7.11;2.02;2.03;0.203;73.5;9.97;5.32;2.72;0.48;1.58;3.92;241;203.1;26.9;3.2;7.8;0.84;0.8;0.16;0.22;0.51;0.54;0.104;26.5;4.99;2.27;1.67;0.24;0.9;3.19;86.5;76.6;1.7;1.8;6.4;0.36;0.04;0.05;0.08
13;0;0;50;100;16.64;2.85;8.25;2.43;2.39;0.216;72.4;11.08;5.96;3.04;0.49;1.69;4.57;237.4;198.2;26.7;3.4;9.1;0.83;1.15;0.17;0.24;0.72;0.73;0.108;27.6;6.59;3.12;2.06;0.33;1.16;3.68;90.5;78.1;2.8;2.3;7.4;0.47;0.07;0.08;0.11
13;0;0;100;0;18.3;2.41;6.75;1.93;1.94;0.193;80.3;10.02;5.22;2.85;0.49;1.62;3.68;246.1;204.6;30.9;3.2;7.4;0.87;0.69;0.16;0.22;0.47;0.48;0.104;19.7;4.41;2.08;1.35;0.23;0.79;3.06;60.2;50.8;1.7;1.6;6.1;0.31;0.03;0.05;0.08
13;0;0;100;50;19.02;2.95;8.63;2.25;2.26;0.197;78.8;11.48;6.05;3.22;0.59;1.79;4.65;240;195.7;31.4;3.6;9.3;0.82;1.01;0.18;0.25;0.67;0.71;0.107;21.2;6.53;3.06;2.05;0.37;1.16;3.98;64.4;52.5;1.6;2.3;8;0.48;0.04;0.08;0.11
13;0;0;100;100;19.15;3.52;9.89;2.6;2.67;0.212;77.5;12.62;6.76;3.5;0.59;2.02;5.44;235.7;190;30.8;4;10.9;0.8;1.39;0.2;0.28;0.88;0.89;0.108;22.5;8.15;3.91;2.55;0.43;1.5;4.45;68.1;53.7;2.5;3;8.9;0.6;0.06;0.1;0.13
13;0;50;0;0;14.66;1.99;5.62;2;1.98;0.199;68.9;9.92;5.28;2.76;0.45;1.52;3.08;240.2;206.6;24.4;3;6.2;0.87;0.73;0.16;0.22;0.29;0.27;0.097;31.1;2.41;1.2;0.73;0.13;0.47;2.54;108.3;100.5;1.8;0.9;5.1;0.16;0.05;0.03;0.04
13;0;50;0;50;14.5;2.13;6.14;2.27;2.29;0.212;68.3;10.82;5.81;2.97;0.49;1.66;3.41;237.5;203.6;23.8;3.3;6.8;0.86;1.02;0.17;0.24;0.28;0.31;0.104;31.7;2.69;1.27;0.81;0.13;0.47;2.73;110;101.7;1.8;0.9;5.5;0.17;0.07;0.03;0.04
13;0;50;0;100;14.05;2.14;6.42;2.61;2.58;0.227;67.4;11.41;6.13;3.12;0.54;1.62;3.54;233.2;200;22.9;3.2;7.1;0.83;1.34;0.17;0.24;0.35;0.35;0.109;32.6;2.83;1.39;0.85;0.16;0.52;2.88;112.4;103.1;2.5;1;5.8;0.18;0.1;0.03;0.04
13;0;50;50;0;17.04;2.4;7.09;2.18;2.17;0.193;73.3;11.26;5.94;3.15;0.57;1.69;3.94;239.4;199.6;28.5;3.4;7.9;0.83;0.9;0.18;0.26;0.39;0.43;0.105;26.7;3.84;1.83;1.2;0.21;0.71;3.15;87.1;77.6;1.8;1.4;6.3;0.27;0.04;0.05;0.07
13;0;50;50;50;17.19;2.91;8.18;2.57;2.58;0.207;72.3;12.45;6.67;3.46;0.59;1.95;4.52;235.5;194.5;28;3.9;9;0.83;1.27;0.21;0.27;0.55;0.59;0.109;27.7;5.24;2.46;1.65;0.26;0.96;3.67;90.2;79.2;1.8;1.9;7.3;0.37;0.07;0.06;0.09
13;0;50;50;100;17.36;3.17;9.37;3.03;3.07;0.229;72;13.39;7.27;3.63;0.62;1.99;5.13;243.3;187.6;41.4;4;10.3;0.79;1.79;0.21;0.28;0.74;0.77;0.111;28;6.83;3.23;2.14;0.37;1.18;4.23;94.5;81.3;2.4;2.4;8.5;0.49;0.09;0.08;0.11
13;0;50;100;0;19.32;2.89;8.01;2.51;2.47;0.193;78.7;12.73;6.75;3.53;0.61;2.05;4.36;237.5;192.2;32.5;4.1;8.7;0.81;1.17;0.2;0.29;0.46;0.5;0.106;21.3;4.54;2.15;1.38;0.26;0.84;3.65;63.9;53.3;1.7;1.7;7.3;0.32;0.04;0.06;0.08
13;0;50;100;50;20.05;3.43;9.87;2.96;2.96;0.209;78.6;14.15;7.56;3.9;0.69;2.2;5.42;249.5;185.2;49.1;4.4;10.8;0.79;1.63;0.23;0.31;0.71;0.75;0.109;21.4;6.8;3.19;2.13;0.38;1.23;4.44;67.6;54.7;1.6;2.5;8.9;0.49;0.06;0.08;0.12
13;0;50;100;100;20.2;3.89;11.19;3.48;3.47;0.227;77.1;15.34;8.33;4.2;0.7;2.29;6.12;242.6;177.4;48.4;4.6;12.2;0.74;2.16;0.25;0.33;0.9;0.98;0.11;22.9;8.77;4.14;2.76;0.47;1.59;5.07;71.8;56.2;2.3;3.2;10.1;0.64;0.08;0.11;0.15
13;0;100;0;0;15.31;2.33;6.67;2.38;2.38;0.201;68.7;11.84;6.29;3.39;0.56;1.87;3.65;247.1;198.1;38;3.7;7.3;0.81;1.14;0.18;0.26;0.29;0.3;0.1;31.3;2.55;1.22;0.81;0.12;0.46;3.02;112.6;103.9;1.7;0.9;6;0.16;0.06;0.03;0.04
13;0;100;0;50;15.14;2.54;7.05;2.77;2.87;0.225;68;12.81;6.99;3.48;0.6;2.04;3.87;243.4;194.8;36.9;4.1;7.7;0.83;1.57;0.2;0.27;0.34;0.35;0.108;32;2.83;1.35;0.87;0.15;0.5;3.18;114.3;105.2;1.7;1;6.4;0.18;0.09;0.03;0.05
13;0;100;0;100;14.67;2.6;7.19;3.24;3.28;0.242;67.1;13.55;7.51;3.56;0.6;2.09;3.99;238.8;191;35.6;4.2;8;0.81;1.98;0.22;0.28;0.38;0.39;0.12;32.9;3.01;1.43;0.95;0.15;0.51;3.2;116.7;106.8;2.5;1;6.4;0.18;0.13;0.04;0.05
13;0;100;50;0;17.9;2.87;8.1;2.82;2.82;0.204;73.1;13.82;7.28;3.92;0.66;2.17;4.58;247.5;189.3;44.7;4.3;9.2;0.8;1.48;0.23;0.31;0.42;0.43;0.106;26.9;3.82;1.83;1.2;0.19;0.7;3.52;90.8;80.8;1.7;1.4;7;0.27;0.05;0.05;0.06
13;0;100;50;50;17.92;3.27;9.3;3.27;3.27;0.221;71.9;14.78;8.03;4.01;0.71;2.28;5.15;241.8;183.5;43.4;4.6;10.3;0.77;1.94;0.24;0.31;0.59;0.63;0.111;28.1;5.52;2.6;1.76;0.29;0.99;4.15;94.4;82.5;1.6;2;8.3;0.39;0.09;0.06;0.09
13;0;100;50;100;18.03;3.63;10.25;3.87;3.85;0.247;70.5;15.62;8.62;4.23;0.66;2.3;5.62;235.8;176.9;43;4.6;11.2;0.75;2.54;0.24;0.33;0.79;0.84;0.113;29.5;7.28;3.45;2.23;0.39;1.33;4.63;98.6;84.5;2.2;2.7;9.3;0.52;0.11;0.09;0.12
13;0;100;100;0;20.42;3.37;9.43;3.12;3.12;0.2;78.4;15.61;8.28;4.33;0.76;2.52;5.21;246.3;179.9;51;5;10.4;0.76;1.76;0.24;0.35;0.52;0.53;0.107;21.6;4.75;2.23;1.55;0.26;0.85;4.22;67.5;55.7;1.6;1.7;8.4;0.34;0.05;0.06;0.07
13;0;100;100;50;21.04;3.92;11.02;3.72;3.68;0.218;77;16.85;9.07;4.67;0.75;2.6;5.97;240.5;172.2;51.1;5.2;11.9;0.72;2.33;0.26;0.36;0.78;0.8;0.11;23;7.13;3.44;2.17;0.37;1.31;5.04;71.5;57.3;1.5;2.6;10.1;0.52;0.08;0.09;0.11
13;0;100;100;100;21.13;4.24;12.48;4.39;4.43;0.245;75.5;18.09;9.99;4.82;0.79;2.67;6.83;233.7;164.2;50.5;5.3;13.7;0.68;3.09;0.28;0.38;0.98;1.03;0.112;24.5;9.14;4.27;2.9;0.53;1.58;5.64;75.4;58.9;2.1;3.2;11.3;0.67;0.11;0.11;0.15
13;50;0;0;0;15.7;2.3;6.61;2.6;2.62;0.223;64.5;11.75;6.32;3.26;0.56;1.77;3.6;196.3;162.3;23.3;3.5;7.2;1.67;0.52;0.18;0.25;0.31;0.31;0.1;35.5;2.79;1.33;0.87;0.16;0.53;3;107.9;96.5;4.4;1.1;6;0.15;0.08;0.04;0.04
13;50;0;0;50;15.34;2.44;6.96;2.66;2.72;0.228;64.3;11.98;6.59;3.21;0.57;1.9;3.81;195.6;161.9;22.3;3.8;7.6;1.63;0.64;0.18;0.26;0.39;0.38;0.106;35.7;3.29;1.55;1.05;0.17;0.55;3.15;108.7;96.7;4.6;1.1;6.3;0.17;0.12;0.04;0.05
13;50;0;0;100;15.03;2.64;7.33;3.05;2.99;0.232;63.4;12.91;7.07;3.4;0.61;1.98;4.04;194.2;160.6;21.6;4;8.1;1.69;0.84;0.19;0.27;0.45;0.46;0.12;36.6;3.63;1.76;1.13;0.16;0.66;3.28;111.9;97.4;6.6;1.3;6.6;0.17;0.19;0.04;0.06
13;50;0;50;0;17.77;2.64;7.5;2.69;2.72;0.217;69.6;12.54;6.72;3.44;0.57;1.87;4.18;198.1;158.8;27.2;3.7;8.4;1.64;0.61;0.2;0.28;0.43;0.45;0.105;30.4;4.08;1.94;1.28;0.21;0.77;3.32;86.3;73.9;4.2;1.5;6.6;0.26;0.08;0.05;0.07
13;50;0;50;50;17.79;3.04;8.57;2.97;2.91;0.221;68.9;13.19;7.22;3.5;0.65;2.03;4.73;196.8;156.7;26.5;4.1;9.5;1.62;0.8;0.2;0.28;0.64;0.63;0.11;31.1;5.61;2.61;1.77;0.29;1.01;3.84;88.7;74.8;4.2;2;7.7;0.35;0.11;0.08;0.09
13;50;0;50;100;17.79;3.4;9.69;3.25;3.21;0.23;67.5;13.99;7.74;3.75;0.62;2.15;5.35;194.2;153.4;25.8;4.3;10.7;1.59;1.1;0.22;0.31;0.81;0.84;0.114;32.5;7.19;3.44;2.25;0.38;1.26;4.34;93.3;76.1;6;2.5;8.7;0.46;0.17;0.08;0.12
13;50;0;100;0;19.6;2.95;8.2;2.88;2.83;0.214;76;13.27;7.12;3.67;0.65;2.07;4.51;199.9;156.4;30.4;4.1;9;1.64;0.69;0.22;0.29;0.51;0.51;0.105;24;4.72;2.26;1.48;0.23;0.88;3.69;63.1;49.9;4.1;1.8;7.4;0.31;0.08;0.05;0.08
13;50;0;100;50;20.23;3.44;10.07;3.1;3.1;0.215;74.7;14.45;7.7;4.03;0.69;2.18;5.56;197.8;151.8;30.5;4.4;11.1;1.59;0.97;0.22;0.32;0.73;0.78;0.109;25.3;7.04;3.29;2.25;0.35;1.26;4.5;66.7;51.2;4;2.5;9;0.46;0.11;0.09;0.12
13;50;0;100;100;20.29;3.98;11.21;3.51;3.46;0.225;72.9;15.41;8.45;4.13;0.68;2.37;6.12;193.8;146.6;30.2;4.7;12.2;1.52;1.36;0.25;0.33;0.99;1.02;0.113;27.1;8.86;4.17;2.8;0.48;1.62;5.09;71.7;52.6;5.8;3.2;10.2;0.59;0.16;0.11;0.15
13;50;50;0;0;15.73;2.83;7.99;3.44;3.47;0.227;64.2;15.32;8.31;4.13;0.73;2.34;4.42;196.8;159.4;23.9;4.7;8.8;2.19;0.72;0.24;0.32;0.3;0.32;0.101;35.8;2.74;1.29;0.85;0.15;0.49;3.57;109.5;98;3.3;1;7.1;0.15;0.09;0.03;0.04
13;50;50;0;50;15.38;2.95;8.43;3.72;3.76;0.233;63.5;16.16;8.86;4.36;0.72;2.42;4.66;193.8;156.7;23;4.8;9.3;2.14;1.01;0.26;0.35;0.38;0.37;0.113;36.5;3.03;1.47;0.94;0.16;0.53;3.77;111.4;99.5;3.3;1.1;7.5;0.16;0.13;0.03;0.05
13;50;50;0;100;15.08;3.03;8.69;4.16;4.05;0.243;62.7;16.7;9.24;4.41;0.73;2.44;4.77;192;155.3;22.3;4.9;9.5;2.16;1.31;0.26;0.33;0.45;0.46;0.127;37.3;3.4;1.67;1.04;0.19;0.59;3.92;114;100.2;4.8;1.2;7.8;0.17;0.19;0.04;0.06
13;50;50;50;0;18.06;3.2;9.08;3.62;3.62;0.22;68.9;16.46;8.94;4.35;0.78;2.52;4.95;197.1;154.1;28;5;9.9;2.14;0.89;0.25;0.34;0.43;0.43;0.106;31.1;3.83;1.79;1.22;0.2;0.68;4.13;88.6;75.8;3.2;1.4;8.3;0.24;0.08;0.05;0.06
13;50;50;50;50;18.12;3.58;10.34;3.94;3.88;0.227;67.8;17.14;9.4;4.63;0.83;2.58;5.65;193.8;150;27.3;5.2;11.3;2.03;1.24;0.25;0.37;0.62;0.64;0.113;32.2;5.54;2.62;1.72;0.29;0.99;4.69;92;77.5;3.2;2;9.4;0.36;0.12;0.07;0.09
13;50;50;50;100;18.13;4.01;11.48;4.38;4.39;0.242;68;18.12;9.94;4.93;0.83;2.66;6.32;204.8;146.9;39.9;5.3;12.6;2.03;1.7;0.27;0.38;0.86;0.87;0.117;32;7.31;3.51;2.23;0.4;1.35;5.16;96.4;78.7;4.7;2.7;10.3;0.48;0.18;0.09;0.12
13;50;50;100;0;20.32;3.51;10.16;3.86;3.8;0.218;74.9;17.51;9.46;4.81;0.76;2.63;5.6;197.4;149.1;31.9;5.3;11.2;2.03;1.13;0.27;0.38;0.55;0.55;0.109;25.1;4.92;2.36;1.53;0.28;0.89;4.56;65.9;51.9;3.1;1.8;9.1;0.32;0.09;0.06;0.08
13;50;50;100;50;20.7;4.05;11.64;4.31;4.22;0.227;75.1;18.64;10.17;4.97;0.83;2.75;6.42;209.8;143.7;47.8;5.5;12.8;1.97;1.57;0.27;0.41;0.78;0.81;0.112;24.9;7.13;3.39;2.17;0.38;1.31;5.22;69.4;53.4;3;2.6;10.4;0.48;0.12;0.09;0.12
13;50;50;100;100;20.8;4.58;13.15;4.79;4.71;0.239;73.7;19.76;10.95;5.33;0.89;2.92;7.33;206.8;139.6;46.8;5.8;14.7;1.93;2.07;0.29;0.42;1.01;1.06;0.115;26.3;9.08;4.29;2.84;0.5;1.66;5.83;73.8;54.5;4.4;3.3;11.7;0.62;0.18;0.11;0.15
13;50;100;0;0;16.11;3.34;9.68;4.55;4.46;0.231;64.7;19.35;10.6;5.19;0.92;2.85;5.32;207.3;154.1;36.9;5.7;10.6;2.66;1.1;0.3;0.41;0.32;0.33;0.106;35.3;2.69;1.31;0.82;0.13;0.49;4.36;112.9;100.9;2.4;1;8.7;0.16;0.09;0.03;0.05
13;50;100;0;50;15.65;3.46;9.81;5;4.87;0.244;63.8;20.03;11.09;5.27;0.93;2.92;5.41;203.7;151.4;35.6;5.8;10.8;2.62;1.52;0.31;0.42;0.39;0.39;0.119;36.2;3.01;1.46;0.94;0.15;0.53;4.4;115.6;102.3;3.4;1.1;8.8;0.17;0.14;0.04;0.05
13;50;100;0;100;15.3;3.54;10.21;5.23;5.22;0.254;63.2;20.61;11.47;5.42;0.95;2.95;5.66;200.9;149.4;34.3;5.9;11.3;2.58;1.91;0.3;0.43;0.45;0.46;0.131;36.8;3.25;1.64;0.97;0.12;0.59;4.55;117.1;103.4;3.4;1.2;9.1;0.18;0.19;0.03;0.05
13;50;100;50;0;18.5;3.84;10.81;4.83;4.73;0.229;69.3;20.7;11.4;5.5;0.93;3.1;5.96;208.2;146.7;43.5;6.2;11.9;2.53;1.44;0.32;0.44;0.47;0.47;0.112;30.7;4.01;1.93;1.26;0.2;0.74;4.84;92.2;78.8;2.2;1.5;9.7;0.26;0.09;0.05;0.07
13;50;100;50;50;18.53;4.04;11.78;5.25;5.11;0.239;68;21.45;11.84;5.71;0.96;3.07;6.51;204.3;142.5;42.7;6.1;13;2.47;1.89;0.31;0.45;0.64;0.64;0.115;32;5.45;2.58;1.68;0.29;0.97;5.27;96.1;80.5;3.1;1.9;10.5;0.37;0.12;0.07;0.08
13;50;100;50;100;18.51;4.61;12.72;5.74;5.62;0.255;66.9;22.01;12.51;5.61;0.97;3.31;7;200.9;138.5;41.7;6.6;14;2.37;2.47;0.34;0.44;0.84;0.87;0.118;33.1;7.27;3.45;2.29;0.35;1.3;5.71;99.2;82.1;3.1;2.6;11.4;0.5;0.16;0.09;0.12
13;50;100;100;0;20.8;4.25;11.96;5.16;4.98;0.225;75.2;22.2;12.22;5.95;0.97;3.38;6.54;209.8;140.8;49.1;6.8;13.1;2.47;1.68;0.37;0.46;0.55;0.57;0.11;24.8;5;2.4;1.53;0.26;0.87;5.42;68.9;54.1;2.2;1.7;10.8;0.34;0.08;0.06;0.08
13;50;100;100;50;21.64;4.8;13.58;5.65;5.45;0.235;73.6;23.29;12.91;6.2;1.02;3.46;7.54;206.3;134.3;50;6.9;15.1;2.31;2.29;0.36;0.49;0.8;0.85;0.114;26.4;7.31;3.53;2.27;0.38;1.34;6.04;73.9;55.9;3.3;2.7;12.1;0.51;0.13;0.09;0.12
13;50;100;100;100;21.7;5.19;14.87;6.22;6.16;0.253;72.4;24.34;13.75;6.26;1.11;3.55;8.19;202.3;129.5;49.2;7.1;16.4;2.29;3;0.36;0.51;1.06;1.08;0.116;27.6;9.16;4.37;2.87;0.48;1.65;6.68;76.9;57.2;3.1;3.3;13.4;0.65;0.17;0.11;0.15
13;100;0;0;0;17.4;2.75;7.76;3.39;3.34;0.233;57.1;14.34;7.85;3.77;0.69;2.15;4.34;146.5;110.5;23;4.3;8.7;2.3;0.51;0.23;0.3;0.4;0.37;0.104;42.9;3.32;1.58;1.02;0.18;0.59;3.42;110.1;94.6;7.5;1.2;6.8;0.15;0.14;0.04;0.05
13;100;0;0;50;17.03;3.05;8.5;3.42;3.56;0.236;56.9;15.13;8.3;4.07;0.69;2.33;4.69;146.5;110.4;22;4.7;9.4;2.34;0.66;0.23;0.33;0.5;0.49;0.118;43.1;3.95;1.93;1.19;0.2;0.72;3.81;111;94.7;7.3;1.4;7.6;0.16;0.22;0.04;0.06
13;100;0;0;100;16.84;3.09;8.87;3.65;3.68;0.239;55.8;15.42;8.47;4.11;0.73;2.29;4.93;146.1;110.5;21.1;4.6;9.9;2.28;0.83;0.24;0.33;0.62;0.63;0.131;44.2;4.63;2.21;1.45;0.22;0.8;3.94;115.5;94.6;11.4;1.6;7.9;0.16;0.34;0.05;0.08
13;100;0;50;0;19.29;3.02;8.61;3.54;3.43;0.229;62.6;14.99;8.22;3.98;0.63;2.23;4.72;148.9;108.4;26.5;4.5;9.4;2.3;0.58;0.23;0.31;0.5;0.5;0.108;37.4;4.51;2.05;1.43;0.26;0.79;3.88;88.9;72.4;7.2;1.6;7.8;0.24;0.14;0.05;0.07
13;100;0;50;50;19.03;3.45;9.98;3.72;3.6;0.232;62.1;15.59;8.57;4.21;0.69;2.3;5.53;148.9;107.7;25.5;4.6;11.1;2.28;0.76;0.24;0.32;0.73;0.74;0.115;37.9;6.35;3.02;1.97;0.33;1.15;4.45;90.9;72.8;6.9;2.3;8.9;0.35;0.22;0.08;0.1
13;100;0;50;100;19.39;4.03;11.24;3.92;3.9;0.238;60.3;16.45;9.12;4.31;0.77;2.49;6.21;148.5;106;25;5;12.4;2.23;1.08;0.25;0.35;0.97;1.03;0.121;39.7;8.36;4.01;2.59;0.46;1.54;5.03;97.7;73.8;10.7;3.1;10.1;0.45;0.33;0.11;0.14
13;100;0;100;0;20.83;3.22;9.26;3.51;3.44;0.225;69.6;15.32;8.26;4.14;0.7;2.26;5.13;151.4;107.2;29.5;4.5;10.3;2.24;0.65;0.23;0.32;0.62;0.6;0.109;30.4;5.35;2.58;1.66;0.28;0.96;4.13;66;48.7;7.1;1.9;8.3;0.31;0.13;0.07;0.09
13;100;0;100;50;21.7;3.94;11.33;3.77;3.75;0.225;68.4;16.7;9.12;4.57;0.77;2.48;6.33;151.5;104.2;29.7;5;12.7;2.19;0.94;0.25;0.36;0.9;0.9;0.113;31.6;7.79;3.76;2.41;0.39;1.45;5;69.9;49.9;7.1;2.9;10;0.46;0.22;0.1;0.12
13;100;0;100;100;21.75;4.42;12.56;4.15;4.07;0.232;66.4;17.55;9.58;4.75;0.82;2.63;6.98;150.2;101.8;29.2;5.3;14;2.12;1.33;0.26;0.36;1.06;1.16;0.118;33.6;9.71;4.59;3.07;0.49;1.79;5.58;76;50.9;10.3;3.6;11.2;0.57;0.31;0.12;0.16
13;100;50;0;0;17.39;3.52;10.08;4.9;4.75;0.239;57.1;19.92;11.04;5.27;0.91;2.91;5.52;149.5;109.4;23.2;5.8;11;3.34;0.7;0.3;0.42;0.38;0.42;0.113;42.9;3.42;1.63;1.06;0.17;0.6;4.56;112.1;95.5;6.2;1.2;9.1;0.15;0.17;0.04;0.05
13;100;50;0;50;17.33;3.83;10.72;5.03;5.02;0.244;56.1;20.65;11.47;5.47;0.96;3.11;5.86;149.3;109;22.4;6.2;11.7;3.3;0.98;0.32;0.42;0.55;0.56;0.13;43.9;4.09;1.99;1.26;0.22;0.72;4.86;116.7;95.9;9.7;1.4;9.7;0.16;0.29;0.05;0.06
13;100;50;0;100;16.96;3.9;11.09;5.3;5.33;0.25;55.7;21.36;11.91;5.62;0.92;3.17;6.08;147.8;107.7;21.6;6.3;12.2;3.29;1.28;0.33;0.44;0.62;0.66;0.143;44.3;4.45;2.14;1.38;0.23;0.74;5;117.6;96.9;9.2;1.5;10;0.16;0.37;0.05;0.07
13;100;50;50;0;19.66;3.87;11.14;5.02;4.83;0.233;62.4;20.75;11.43;5.54;0.94;3.03;6.12;151.7;106.3;27.1;6.1;12.2;3.25;0.85;0.3;0.44;0.55;0.54;0.114;37.6;4.6;2.2;1.41;0.26;0.84;5.03;91.5;73.6;6.1;1.7;10.1;0.24;0.16;0.06;0.07
13;100;50;50;50;19.64;4.32;12.38;5.11;5.14;0.238;60.8;21.58;11.79;5.82;1;3.2;6.83;151.1;104.7;26.3;6.4;13.7;3.16;1.18;0.34;0.45;0.82;0.82;0.124;39.2;6.49;3.12;1.97;0.34;1.12;5.55;97.3;74.6;9.3;2.2;11.1;0.35;0.27;0.08;0.11
13;100;50;50;100;19.69;4.74;13.5;5.57;5.52;0.25;61.9;22.15;12.33;5.79;1.04;3.26;7.44;162.5;102.7;38.4;6.5;14.9;3.1;1.64;0.34;0.45;1.06;1.08;0.127;38.1;8.35;4.09;2.5;0.48;1.48;6.06;100.1;75.9;9.1;3;12.1;0.47;0.37;0.1;0.13
13;100;50;100;0;21.59;4.26;12.05;5.06;5.01;0.231;69;21.76;11.83;5.83;1.05;3.25;6.67;153.9;103.4;30.6;6.5;13.3;3.14;1.09;0.34;0.45;0.63;0.62;0.112;31;5.42;2.6;1.64;0.28;1;5.38;69.1;50.3;6;2;10.8;0.31;0.17;0.06;0.08
13;100;50;100;50;22.29;4.82;13.75;5.43;5.39;0.236;69;22.85;12.63;6.05;1.09;3.4;7.56;168.2;99.8;46.5;6.8;15.1;3.03;1.55;0.34;0.47;0.91;0.94;0.12;31;7.74;3.75;2.35;0.42;1.41;6.19;75.7;51.7;8.8;2.8;12.4;0.46;0.25;0.11;0.12
13;100;50;100;100;22.02;5.31;14.84;5.8;5.73;0.246;68;23.31;12.98;6.04;1.06;3.44;8.19;166;98;44.8;6.9;16.4;2.96;1.96;0.35;0.47;1.17;1.26;0.124;32;10.04;4.85;3.06;0.53;1.87;6.65;78.1;52.4;8.6;3.7;13.3;0.6;0.36;0.13;0.16
13;100;100;0;0;17.75;4.18;11.71;5.76;5.72;0.241;58.5;23.83;13.16;6.29;1.13;3.56;6.42;162.3;106.4;35.9;7.1;12.8;3.82;1.06;0.35;0.5;0.47;0.46;0.125;41.5;3.45;1.68;1.05;0.17;0.61;5.29;115;97.9;5.3;1.2;10.6;0.16;0.21;0.04;0.05
13;100;100;0;50;17.32;4.16;12.02;6.22;6.11;0.25;57.5;24.47;13.7;6.34;1.11;3.48;6.7;160.3;105.6;34.4;7;13.4;3.78;1.46;0.36;0.51;0.55;0.58;0.143;42.5;3.93;1.93;1.16;0.23;0.68;5.32;118.5;98.6;8;1.4;10.6;0.16;0.31;0.05;0.06
13;100;100;0;100;17.01;4.25;12.4;6.66;6.44;0.258;56.8;24.99;14.16;6.43;1.06;3.49;6.79;158.2;104.3;33.3;7;13.6;3.74;1.85;0.35;0.5;0.69;0.73;0.159;43.2;4.45;2.23;1.31;0.22;0.75;5.61;120.1;99.6;7.8;1.5;11.2;0.17;0.44;0.05;0.07
13;100;100;50;0;20.04;4.55;12.97;5.97;5.96;0.238;63.7;25.12;13.83;6.72;1.11;3.69;7.25;165.8;101.9;42;7.4;14.5;3.65;1.4;0.38;0.54;0.58;0.6;0.121;36.3;4.77;2.3;1.45;0.27;0.86;5.72;94.5;76.3;5.1;1.7;11.4;0.26;0.2;0.06;0.08
13;100;100;50;50;20.1;4.95;14.12;6.33;6.32;0.246;62.1;25.74;14.3;6.85;1.18;3.76;7.79;164;99.9;41.1;7.5;15.6;3.59;1.81;0.39;0.53;0.82;0.85;0.128;37.9;6.54;3.22;1.92;0.37;1.19;6.32;99.9;77.6;7.3;2.4;12.6;0.37;0.3;0.08;0.1
13;100;100;50;100;19.94;5.35;14.97;6.75;6.78;0.259;61.3;26.21;14.91;6.73;1.2;3.9;8.27;162.1;97.8;39.9;7.8;16.5;3.51;2.35;0.38;0.54;1.11;1.12;0.133;38.7;8.26;4.04;2.48;0.41;1.45;6.7;102.4;78.8;7.4;2.9;13.4;0.49;0.41;0.1;0.12
13;100;100;100;0;22.38;4.86;13.92;6.1;6.09;0.233;70.1;26.16;14.32;6.97;1.26;3.89;7.64;169;97.5;48.4;7.8;15.3;3.51;1.64;0.39;0.55;0.64;0.65;0.118;29.9;5.38;2.57;1.68;0.29;0.97;6.28;71.9;52.6;4.8;1.9;12.6;0.32;0.19;0.06;0.08
13;100;100;100;50;22.85;5.37;15.46;6.66;6.56;0.241;68.2;27.25;15.07;7.28;1.23;3.97;8.5;167.4;93.5;49;7.9;17;3.33;2.24;0.41;0.58;1;1;0.124;31.8;7.92;3.83;2.41;0.44;1.4;6.96;77.9;54.3;6.9;2.8;13.9;0.48;0.28;0.1;0.14
13;100;100;100;100;23.02;5.91;16.55;7.22;7.15;0.257;67;27.87;15.8;7.21;1.2;4.08;9;164.6;90.5;47.9;8.2;18;3.25;2.91;0.43;0.56;1.19;1.28;0.128;33;9.87;4.77;3.04;0.56;1.83;7.55;81;55.5;6.8;3.7;15.1;0.62;0.38;0.12;0.16
14;0;0;0;0;14.91;1.74;5.01;1.81;1.83;0.208;71.3;8.81;4.61;2.44;0.44;1.31;2.83;249.2;215.7;25.2;2.6;5.7;0.92;0.56;0.14;0.21;0.22;0.24;0.09;28.7;2.21;1.03;0.72;0.12;0.42;2.18;100.1;93;1.9;0.8;4.4;0.15;0.04;0.03;0.03
14;0;0;0;50;14.52;1.91;5.39;2;2.02;0.215;70.9;9.4;5.06;2.6;0.45;1.47;2.97;247;213.9;24.2;2.9;5.9;0.95;0.71;0.16;0.2;0.24;0.26;0.093;29.1;2.38;1.08;0.78;0.13;0.44;2.41;101.2;93.7;1.8;0.9;4.8;0.15;0.05;0.03;0.04
14;0;0;0;100;14.11;2.02;5.81;2.21;2.24;0.222;70.2;10.16;5.46;2.73;0.53;1.53;3.3;244.3;211.3;23.3;3.1;6.6;0.93;0.92;0.17;0.23;0.31;0.31;0.102;29.8;2.71;1.31;0.85;0.13;0.49;2.51;103.3;94.6;2.7;1;5;0.17;0.07;0.03;0.04
14;0;0;50;0;16.82;2.12;5.94;1.88;1.93;0.206;76.1;9.38;4.94;2.61;0.44;1.46;3.32;251.2;213.3;28.4;2.9;6.6;0.95;0.61;0.15;0.22;0.38;0.38;0.1;23.9;3.49;1.71;1.07;0.18;0.66;2.62;78.9;70.4;1.9;1.3;5.2;0.24;0.04;0.04;0.06
14;0;0;50;50;17.03;2.55;7.07;2.1;2.18;0.209;75;10.45;5.54;2.93;0.5;1.68;3.95;246.7;207.4;28.1;3.4;7.9;0.92;0.86;0.18;0.23;0.51;0.5;0.104;25;4.65;2.21;1.46;0.25;0.87;3.12;81.9;72.1;1.8;1.7;6.2;0.33;0.05;0.05;0.07
14;0;0;50;100;17.03;2.96;8.33;2.52;2.5;0.22;73.6;11.33;6.05;3.14;0.55;1.7;4.62;241.4;201.4;27.4;3.4;9.2;0.88;1.19;0.18;0.25;0.68;0.71;0.108;26.4;6.46;3.17;2.02;0.29;1.26;3.71;86.2;73.7;2.5;2.5;7.4;0.47;0.07;0.08;0.1
14;0;0;100;0;18.2;2.41;6.8;1.93;1.99;0.201;81.4;9.91;5.29;2.69;0.49;1.61;3.73;250.7;209.3;30.8;3.2;7.5;0.92;0.68;0.18;0.21;0.47;0.48;0.104;18.6;4.47;2.13;1.41;0.24;0.8;3.06;57.1;47.7;1.7;1.6;6.1;0.32;0.03;0.05;0.07
14;0;0;100;50;19.21;2.88;8.37;2.24;2.28;0.202;80.1;11.3;5.9;3.18;0.57;1.76;4.58;245.7;201.3;31.7;3.5;9.2;0.86;1;0.18;0.25;0.64;0.68;0.105;19.9;6.28;2.98;1.92;0.34;1.12;3.8;60.7;49.2;1.7;2.2;7.6;0.46;0.04;0.07;0.11
14;0;0;100;100;19.71;3.4;9.77;2.75;2.8;0.216;78.7;12.95;6.87;3.58;0.62;1.94;5.37;240.3;193.6;32.1;3.9;10.7;0.86;1.45;0.2;0.28;0.82;0.85;0.108;21.3;7.8;3.72;2.44;0.41;1.46;4.4;64.9;50.6;2.6;2.9;8.8;0.57;0.06;0.09;0.13
14;0;50;0;0;15.13;2.01;5.76;2.06;2.09;0.204;70.4;10.25;5.47;2.84;0.51;1.59;3.15;245;209.9;25.6;3.2;6.3;0.92;0.77;0.17;0.23;0.25;0.26;0.095;29.6;2.33;1.1;0.71;0.12;0.41;2.61;102.9;95.2;1.7;0.8;5.2;0.15;0.04;0.03;0.04
14;0;50;0;50;15.06;2.13;6.14;2.36;2.42;0.217;69.8;11.15;5.88;3.08;0.53;1.69;3.39;242;206.8;25;3.4;6.8;0.92;1.07;0.19;0.24;0.27;0.28;0.099;30.2;2.45;1.12;0.8;0.13;0.44;2.75;104.4;96.3;1.7;0.9;5.5;0.15;0.07;0.02;0.04
14;0;50;0;100;14.58;2.18;6.43;2.72;2.73;0.231;68.9;11.82;6.42;3.13;0.6;1.69;3.55;237.2;202.8;24;3.4;7.1;0.88;1.41;0.18;0.26;0.34;0.34;0.109;31.1;2.76;1.31;0.85;0.14;0.49;2.88;107.1;97.8;2.6;1;5.8;0.17;0.09;0.03;0.05
14;0;50;50;0;17.52;2.4;7.05;2.24;2.28;0.199;74.8;11.47;6.08;3.25;0.55;1.77;3.89;244.8;204;29.5;3.5;7.8;0.91;0.92;0.19;0.26;0.4;0.4;0.103;25.2;3.59;1.72;1.09;0.19;0.63;3.16;82.3;73;1.8;1.3;6.3;0.25;0.04;0.04;0.06
14;0;50;50;50;17.68;2.87;8.22;2.65;2.66;0.211;73.7;12.63;6.78;3.46;0.62;1.98;4.61;240.1;197.9;29;4;9.2;0.86;1.32;0.2;0.28;0.54;0.56;0.107;26.3;5.03;2.38;1.56;0.27;0.89;3.61;85.5;74.7;1.7;1.8;7.2;0.36;0.07;0.05;0.08
14;0;50;50;100;18;3.3;9.35;3.22;3.17;0.233;73.5;13.6;7.49;3.64;0.65;2.1;5.19;249.4;191.9;43;4.2;10.4;0.84;1.84;0.22;0.28;0.75;0.76;0.112;26.5;6.68;3.19;2.09;0.35;1.21;4.16;89.7;76.4;2.6;2.4;8.3;0.47;0.1;0.08;0.11
14;0;50;100;0;19.23;2.76;8.05;2.42;2.5;0.2;80.1;12.56;6.59;3.55;0.61;1.97;4.49;243.3;198.1;32.2;3.9;9;0.87;1.14;0.2;0.29;0.49;0.5;0.105;19.9;4.6;2.11;1.48;0.26;0.79;3.56;60.1;49.8;1.7;1.6;7.1;0.33;0.04;0.05;0.08
14;0;50;100;50;20.23;3.45;9.64;3.02;3.02;0.213;79.8;14.2;7.68;3.87;0.69;2.23;5.38;253.9;188.7;50;4.5;10.8;0.81;1.66;0.24;0.32;0.72;0.73;0.108;20.2;6.63;3.13;2.05;0.36;1.23;4.25;64.1;51.5;1.6;2.5;8.5;0.48;0.06;0.08;0.1
14;0;50;100;100;20.73;3.86;10.95;3.56;3.59;0.23;78.4;15.65;8.48;4.21;0.72;2.36;6.09;247.8;180.7;50.2;4.7;12.2;0.78;2.22;0.24;0.35;0.84;0.9;0.11;21.6;8.14;3.86;2.49;0.44;1.51;4.86;68.1;53;2.4;3;9.7;0.6;0.09;0.1;0.13
14;0;100;0;0;15.76;2.37;6.71;2.49;2.55;0.208;70.2;12.29;6.54;3.33;0.6;1.92;3.62;252.2;201.6;39.5;3.8;7.2;0.91;1.17;0.21;0.26;0.27;0.29;0.1;29.8;2.49;1.22;0.72;0.15;0.44;3.09;106.9;98.2;1.6;0.9;6.2;0.16;0.06;0.03;0.04
14;0;100;0;50;15.69;2.4;7.03;2.95;3.01;0.228;69.5;13.18;7.05;3.62;0.61;1.93;3.9;248;197.5;38.9;3.9;7.8;0.87;1.65;0.21;0.28;0.33;0.32;0.107;30.5;2.6;1.27;0.79;0.12;0.46;3.13;108.7;99.8;1.7;0.9;6.3;0.16;0.09;0.03;0.04
14;0;100;0;100;15.36;2.6;7.46;3.51;3.47;0.246;68.5;14.12;7.87;3.75;0.63;2.07;4.12;243;193.1;37.6;4.1;8.2;0.86;2.1;0.21;0.3;0.36;0.39;0.119;31.5;2.94;1.42;0.86;0.17;0.53;3.35;111.7;101.4;2.6;1.1;6.7;0.18;0.13;0.03;0.04
14;0;100;50;0;18.7;2.77;8.32;2.95;2.96;0.207;74.2;14.27;7.5;4.08;0.66;2.12;4.56;251.1;191;46.7;4.2;9.1;0.85;1.56;0.23;0.32;0.4;0.42;0.105;25.8;3.78;1.69;1.26;0.22;0.65;3.77;87;76.6;1.6;1.3;7.5;0.26;0.06;0.04;0.06
14;0;100;50;50;18.53;3.29;9.25;3.36;3.44;0.225;73.3;15.32;8.35;4.15;0.68;2.36;5.15;246.6;186;45.5;4.7;10.3;0.83;2.02;0.26;0.34;0.61;0.59;0.111;26.7;5.16;2.46;1.59;0.28;0.93;4.1;89.7;78;1.6;1.9;8.2;0.36;0.08;0.06;0.08
14;0;100;50;100;18.35;3.53;10.15;4.05;3.94;0.25;72.2;15.77;8.83;4.12;0.72;2.24;5.74;241.6;181.6;44.1;4.5;11.5;0.79;2.58;0.24;0.33;0.74;0.81;0.114;27.8;6.96;3.31;2.14;0.35;1.29;4.41;93;79.2;2.4;2.6;8.8;0.5;0.12;0.08;0.11
14;0;100;100;0;20.25;3.29;9.42;3.02;3.16;0.205;79.8;15.44;8.07;4.35;0.73;2.4;5.25;251.7;185.9;50.5;4.8;10.5;0.84;1.73;0.25;0.35;0.53;0.54;0.107;20.2;4.9;2.29;1.58;0.25;0.89;4.17;63.7;52;1.5;1.8;8.3;0.35;0.06;0.06;0.08
14;0;100;100;50;21.25;3.93;10.96;3.82;3.82;0.222;78.1;17.23;9.35;4.68;0.77;2.65;6.02;244.3;174.7;52.3;5.3;12;0.79;2.38;0.28;0.37;0.75;0.78;0.109;21.9;6.98;3.3;2.21;0.36;1.28;4.94;68.1;54.1;1.5;2.6;9.9;0.51;0.08;0.08;0.11
14;0;100;100;100;21.6;4.35;12.01;4.69;4.64;0.248;77;18.66;10.47;4.84;0.78;2.75;6.81;239.1;167.9;52.1;5.5;13.6;0.76;3.19;0.31;0.39;0.93;0.99;0.112;23;8.69;4.09;2.7;0.45;1.6;5.21;71.1;55.4;2.2;3.2;10.4;0.63;0.11;0.1;0.14
14;50;0;0;0;15.92;2.29;6.52;2.75;2.82;0.232;66.3;12.2;6.67;3.26;0.56;1.84;3.6;200.4;164.9;24.7;3.7;7.2;1.82;0.55;0.18;0.27;0.29;0.28;0.096;33.7;2.54;1.21;0.77;0.13;0.45;2.92;101.8;91.5;3.6;0.9;5.8;0.14;0.07;0.03;0.04
14;50;0;0;50;15.46;2.42;7.04;2.88;2.96;0.237;65.9;12.58;6.84;3.48;0.58;1.9;3.88;199;164;23.4;3.8;7.8;1.8;0.69;0.19;0.28;0.32;0.33;0.102;34.1;2.94;1.39;0.92;0.17;0.53;3.16;102.9;91.9;3.6;1.1;6.3;0.16;0.1;0.03;0.05
14;50;0;0;100;15.19;2.56;7.19;3.14;3.16;0.24;65.1;13.22;7.33;3.5;0.57;1.99;4;197.2;162.3;22.9;4;8;1.78;0.89;0.21;0.28;0.38;0.4;0.114;34.9;3.23;1.56;1.01;0.18;0.58;3.2;105.5;92.8;5.2;1.2;6.4;0.16;0.15;0.04;0.05
14;50;0;50;0;18;2.65;7.5;2.8;2.9;0.228;71.4;12.76;6.9;3.49;0.61;1.95;4.18;202.8;162.2;28.3;3.9;8.4;1.8;0.62;0.21;0.27;0.36;0.4;0.102;28.6;3.68;1.74;1.18;0.2;0.69;3.32;81.1;69.6;3.5;1.4;6.6;0.24;0.07;0.04;0.06
14;50;0;50;50;17.99;2.91;8.48;3.03;3.07;0.229;70.6;13.44;7.31;3.63;0.6;2.01;4.69;200.4;159.3;27.7;4;9.4;1.75;0.84;0.21;0.28;0.55;0.56;0.107;29.4;5.05;2.33;1.61;0.26;0.89;3.79;83.5;70.7;3.4;1.8;7.6;0.33;0.09;0.06;0.08
14;50;0;50;100;17.93;3.41;9.81;3.42;3.43;0.238;69;14.49;7.88;3.9;0.67;2.13;5.48;197.6;155.6;26.9;4.3;11;1.72;1.17;0.23;0.32;0.79;0.8;0.113;31;6.96;3.31;2.22;0.38;1.28;4.33;88.5;72.1;5.3;2.6;8.7;0.45;0.15;0.08;0.11
14;50;0;100;0;19.22;2.86;8.13;2.85;2.93;0.223;77.4;13.16;7.09;3.6;0.63;2.04;4.54;203.2;159.8;30.3;4.1;9.1;1.74;0.69;0.22;0.28;0.52;0.51;0.104;22.6;4.68;2.23;1.45;0.23;0.83;3.59;59.4;47;3.5;1.7;7.2;0.31;0.07;0.06;0.07
14;50;0;100;50;20.09;3.34;9.87;3.19;3.23;0.223;76.1;14.54;7.75;3.97;0.73;2.14;5.49;200.6;154.1;31.2;4.3;11;1.7;1;0.22;0.31;0.71;0.72;0.107;23.9;6.62;3.19;2.02;0.35;1.2;4.37;62.8;48.4;3.3;2.4;8.7;0.45;0.09;0.08;0.1
14;50;0;100;100;20.43;3.85;11.13;3.63;3.65;0.231;74.6;15.83;8.59;4.34;0.76;2.36;6.2;197.7;149.3;31.3;4.7;12.4;1.63;1.42;0.26;0.34;0.82;0.92;0.111;25.4;8.16;3.85;2.52;0.46;1.49;4.94;67.1;49.6;4.7;3;9.9;0.56;0.14;0.09;0.14
14;50;50;0;0;15.79;2.79;7.82;3.63;3.69;0.237;65.8;15.63;8.51;4.16;0.68;2.35;4.29;199.8;161.5;25;4.7;8.6;2.37;0.75;0.24;0.33;0.27;0.28;0.1;34.2;2.44;1.19;0.76;0.1;0.44;3.53;103.6;93.2;2.5;0.9;7.1;0.14;0.07;0.03;0.04
14;50;50;0;50;15.59;2.91;8.19;3.9;3.96;0.243;65.2;16.35;9.04;4.24;0.74;2.39;4.55;197.5;159.3;24.2;4.8;9.1;2.33;1.04;0.26;0.34;0.29;0.32;0.108;34.8;2.69;1.28;0.82;0.15;0.52;3.64;105.1;94.2;2.6;1;7.3;0.15;0.11;0.03;0.04
14;50;50;0;100;15.4;3.08;8.61;4.32;4.29;0.251;64.2;17.13;9.61;4.42;0.79;2.53;4.8;194.5;156.1;23.7;5.1;9.6;2.26;1.4;0.27;0.36;0.39;0.4;0.119;35.8;3.07;1.51;0.93;0.17;0.55;3.81;108.2;95.8;3.7;1.1;7.6;0.17;0.15;0.03;0.05
14;50;50;50;0;18.2;3.15;9.33;3.79;3.88;0.229;70.6;17;9.15;4.76;0.8;2.5;5.22;200.9;156.5;29;5;10.4;2.31;0.93;0.26;0.38;0.41;0.41;0.105;29.4;3.68;1.76;1.14;0.19;0.65;4.12;83.7;71.7;2.5;1.3;8.2;0.24;0.07;0.04;0.06
14;50;50;50;50;18.3;3.67;10.12;4.19;4.19;0.236;69.5;17.81;9.78;4.74;0.83;2.69;5.7;197.7;152.5;28.5;5.4;11.4;2.23;1.3;0.3;0.37;0.55;0.57;0.11;30.5;5.07;2.47;1.51;0.28;0.98;4.42;86.5;73.2;2.5;2;8.8;0.34;0.1;0.06;0.08
14;50;50;50;100;18.27;3.94;11.34;4.56;4.59;0.25;69.5;18.38;10.18;4.89;0.84;2.67;6.26;207.8;148.2;41.7;5.3;12.5;2.15;1.77;0.28;0.39;0.79;0.81;0.115;30.5;6.97;3.37;2.1;0.37;1.26;5.08;90.9;74.8;3.5;2.5;10.2;0.47;0.14;0.08;0.12
14;50;50;100;0;19.73;3.47;10.18;3.92;4;0.228;76.4;17.62;9.67;4.81;0.78;2.64;5.66;200.7;152.6;31.5;5.3;11.3;2.22;1.12;0.28;0.38;0.5;0.52;0.105;23.6;4.76;2.2;1.55;0.23;0.82;4.51;61.9;48.8;2.4;1.6;9;0.33;0.06;0.05;0.08
14;50;50;100;50;20.75;3.97;11.54;4.54;4.44;0.234;76.6;18.99;10.38;5.16;0.84;2.77;6.49;213.8;146.2;49.2;5.5;13;2.12;1.62;0.29;0.41;0.73;0.74;0.11;23.4;6.64;3.15;2.07;0.34;1.2;5.06;65.2;50.4;2.3;2.4;10.1;0.46;0.1;0.07;0.11
14;50;50;100;100;21.07;4.59;12.76;4.89;4.91;0.245;74.9;20.06;11.25;5.24;0.87;3.03;7.05;209;139.8;49.1;6.1;14.1;2.01;2.16;0.31;0.43;0.91;0.96;0.112;25.1;8.4;3.96;2.67;0.44;1.56;5.7;69.8;51.9;3.3;3.1;11.4;0.59;0.13;0.1;0.14
14;50;100;0;0;16.4;3.33;9.52;4.82;4.74;0.24;66.1;19.83;10.84;5.22;0.97;2.88;5.22;210.1;154.9;39.1;5.8;10.4;2.84;1.17;0.31;0.42;0.32;0.3;0.102;33.9;2.51;1.24;0.73;0.13;0.45;4.3;107.8;96.4;1.8;0.9;8.6;0.16;0.07;0.03;0.04
14;50;100;0;50;15.85;3.46;9.69;5.14;5.13;0.253;65.4;20.33;11.41;5.29;0.9;2.97;5.37;206.8;152.9;37.3;5.9;10.7;2.81;1.58;0.31;0.43;0.32;0.33;0.111;34.6;2.62;1.28;0.81;0.15;0.48;4.32;109.6;97.4;2.6;1;8.6;0.16;0.09;0.03;0.04
14;50;100;0;100;15.46;3.5;10.07;5.43;5.5;0.263;64.9;20.95;11.79;5.48;0.95;3;5.66;204.5;151.4;35.8;6;11.3;2.76;1.98;0.32;0.43;0.4;0.39;0.122;35.1;2.92;1.44;0.85;0.16;0.5;4.42;110.5;98.1;2.6;1;8.8;0.17;0.14;0.03;0.04
14;50;100;50;0;18.99;3.92;11.06;5.01;5.07;0.237;70.8;21.44;11.83;5.72;0.99;3.25;6.19;212.8;148.4;45.6;6.5;12.4;2.74;1.53;0.35;0.46;0.4;0.42;0.107;29.2;3.69;1.75;1.18;0.17;0.67;4.87;87.5;74.7;1.7;1.3;9.7;0.25;0.07;0.05;0.06
14;50;100;50;50;18.73;4.2;11.91;5.34;5.41;0.247;69.6;21.91;12.2;5.86;0.98;3.22;6.58;208.9;145.3;43.9;6.4;13.2;2.67;1.95;0.35;0.44;0.56;0.6;0.113;30.4;5.14;2.46;1.61;0.24;0.98;5.33;91;75.8;2.5;2;10.7;0.36;0.09;0.06;0.08
14;50;100;50;100;19.05;4.49;12.9;6.07;5.98;0.263;68.3;22.75;12.96;5.89;0.99;3.24;7.13;203.9;139.4;43.8;6.5;14.3;2.59;2.58;0.34;0.47;0.72;0.79;0.114;31.7;6.8;3.22;2.14;0.37;1.25;5.77;94.4;78;2.4;2.5;11.5;0.48;0.13;0.07;0.11
14;50;100;100;0;20.56;4.1;11.86;5.22;5.15;0.233;76.7;22.15;12.12;5.94;0.99;3.22;6.66;213.3;144.2;49.3;6.4;13.3;2.64;1.69;0.35;0.47;0.53;0.55;0.108;23.3;4.86;2.28;1.55;0.24;0.88;5.2;64.7;50.8;1.7;1.8;10.4;0.34;0.07;0.06;0.08
14;50;100;100;50;21.58;4.76;13.56;5.66;5.72;0.242;75.1;23.68;13.07;6.34;1.01;3.5;7.61;210.1;136.6;51.3;7;15.2;2.52;2.33;0.36;0.51;0.7;0.76;0.111;24.9;6.76;3.21;2.06;0.38;1.26;5.95;69.4;52.7;2.3;2.5;11.9;0.49;0.09;0.08;0.11
14;50;100;100;100;22.02;5.11;14.48;6.36;6.35;0.26;73.7;24.45;13.76;6.39;1.06;3.52;8.02;204.3;130.2;51.1;7;16;2.36;3.1;0.38;0.5;0.92;0.98;0.113;26.3;8.57;4.11;2.62;0.44;1.59;6.46;72.7;54.3;2.3;3.2;12.9;0.62;0.12;0.1;0.14
14;100;0;0;0;17.38;2.76;7.79;3.57;3.66;0.244;59.1;15;8.23;3.99;0.7;2.22;4.45;149.9;112.5;24.1;4.4;8.9;2.55;0.53;0.24;0.34;0.37;0.34;0.103;40.9;3.02;1.47;0.91;0.17;0.54;3.34;103.9;89.6;6.5;1.1;6.7;0.14;0.12;0.04;0.05
14;100;0;0;50;16.95;2.87;8.29;3.67;3.78;0.248;58.7;15.26;8.44;4.06;0.68;2.2;4.57;149;112.7;22.8;4.4;9.1;2.55;0.66;0.24;0.33;0.46;0.46;0.115;41.3;3.71;1.8;1.13;0.2;0.68;3.72;104.8;89.4;6.5;1.4;7.4;0.15;0.2;0.04;0.07
14;100;0;0;100;16.77;3.1;8.76;3.98;3.95;0.25;57.5;15.87;8.88;4.1;0.69;2.32;4.85;148.3;111.8;22.1;4.6;9.7;2.51;0.88;0.25;0.32;0.54;0.57;0.128;42.5;4.31;2.07;1.29;0.23;0.77;3.91;109.4;90.1;9.9;1.5;7.8;0.16;0.3;0.05;0.07
14;100;0;50;0;19.52;3.06;8.78;3.63;3.7;0.24;64.5;15.48;8.49;4.13;0.74;2.32;4.89;152.6;110.5;27.7;4.6;9.8;2.51;0.62;0.25;0.33;0.45;0.46;0.106;35.5;4.18;1.95;1.35;0.21;0.75;3.89;84;68.3;6.4;1.5;7.8;0.23;0.12;0.04;0.07
14;100;0;50;50;19.36;3.43;10;3.8;3.89;0.241;63.9;16.17;8.85;4.35;0.77;2.38;5.64;152.4;109.5;26.8;4.8;11.3;2.48;0.81;0.25;0.35;0.68;0.69;0.114;36.1;5.94;2.77;1.89;0.33;1.06;4.36;86.1;68.8;6.4;2.1;8.7;0.33;0.19;0.07;0.1
14;100;0;50;100;19.51;3.85;11.12;4.14;4.18;0.247;62.1;16.99;9.46;4.47;0.77;2.52;6.23;150.9;107.1;26.3;5;12.5;2.42;1.14;0.26;0.36;0.88;0.92;0.119;37.9;7.64;3.65;2.42;0.4;1.34;4.89;92;70.2;9.3;2.7;9.8;0.43;0.28;0.08;0.13
14;100;0;100;0;20.65;3.22;9.45;3.62;3.7;0.236;71;15.74;8.54;4.36;0.68;2.28;5.3;153.9;109.1;29.6;4.6;10.6;2.45;0.67;0.24;0.34;0.57;0.58;0.107;29;5.28;2.48;1.67;0.28;0.93;4.15;62.7;46.1;6.4;1.9;8.3;0.31;0.12;0.06;0.09
14;100;0;100;50;21.47;3.86;10.96;4.05;3.99;0.234;69.9;17.07;9.41;4.5;0.81;2.55;6.06;153.3;105.6;30.5;5.1;12.1;2.38;0.97;0.28;0.36;0.82;0.83;0.112;30.1;7.3;3.47;2.22;0.4;1.31;4.9;66;47.3;6.2;2.6;9.8;0.44;0.19;0.08;0.11
14;100;0;100;100;21.98;4.23;12.35;4.44;4.34;0.24;67.9;18.1;9.93;4.79;0.82;2.61;6.8;152.3;102.9;30.6;5.2;13.6;2.3;1.39;0.27;0.38;1.08;1.07;0.117;32.1;9.02;4.37;2.83;0.45;1.63;5.55;71.9;48.4;9.2;3.3;11.1;0.54;0.28;0.1;0.14
14;100;50;0;0;17.56;3.47;10.1;5.14;5.06;0.25;59;20.25;11.29;5.25;0.96;2.91;5.63;152.6;111.3;24.2;5.8;11.3;3.6;0.73;0.29;0.44;0.37;0.37;0.108;41;3.12;1.52;0.97;0.14;0.56;4.47;106.1;90.5;5.5;1.1;8.9;0.14;0.15;0.03;0.05
14;100;50;0;50;17.35;3.82;10.59;5.28;5.4;0.255;58;21.23;11.86;5.56;0.98;3.14;5.92;152.1;110.4;23.5;6.3;11.8;3.59;1.02;0.35;0.44;0.47;0.5;0.129;42;3.69;1.84;1.09;0.15;0.68;4.67;110.1;91.1;8.3;1.4;9.3;0.15;0.25;0.05;0.06
14;100;50;0;100;16.98;3.87;11.16;5.6;5.67;0.261;57.5;21.79;12.2;5.75;1;3.12;6.25;150.9;109.5;22.7;6.2;12.5;3.54;1.33;0.33;0.48;0.62;0.61;0.139;42.5;4.23;2.08;1.28;0.18;0.76;4.91;111.3;91.8;8.2;1.5;9.8;0.16;0.34;0.04;0.06
14;100;50;50;0;19.77;3.99;11.12;5.21;5.22;0.245;64.3;21.4;11.91;5.62;0.95;3.21;6.19;155.3;108.3;28.2;6.4;12.4;3.54;0.89;0.35;0.44;0.5;0.5;0.113;35.7;4.3;2.07;1.33;0.21;0.78;4.93;86.3;69.5;5.3;1.6;9.9;0.24;0.14;0.05;0.07
14;100;50;50;50;19.96;4.37;12.29;5.59;5.51;0.247;62.4;22.34;12.47;5.79;1.03;3.3;6.85;153.1;104.8;28;6.6;13.7;3.39;1.29;0.35;0.48;0.72;0.73;0.121;37.6;5.92;2.85;1.85;0.31;1.07;5.44;92.2;71.4;7.8;2.1;10.9;0.33;0.23;0.06;0.1
14;100;50;50;100;19.74;4.72;13.46;5.89;5.94;0.259;63.4;22.99;12.94;5.91;1.02;3.33;7.43;164.8;102.9;40.4;6.7;14.9;3.35;1.75;0.36;0.48;0.98;0.98;0.124;36.6;7.77;3.85;2.35;0.39;1.4;6.03;95;72.5;7.6;2.8;12.1;0.46;0.31;0.09;0.12
14;100;50;100;0;21.24;4.19;12.14;5.24;5.35;0.242;70.5;22.15;12.19;5.86;0.99;3.27;6.76;156.1;105.3;30.8;6.5;13.5;3.43;1.09;0.34;0.48;0.56;0.6;0.111;29.5;5.25;2.52;1.61;0.29;0.91;5.38;65.1;47.5;5.1;1.8;10.8;0.31;0.14;0.06;0.09
14;100;50;100;50;22.08;4.77;13.58;5.75;5.77;0.246;70.6;23.51;13.02;6.29;1.09;3.45;7.61;170.8;101.1;47.6;6.9;15.2;3.3;1.59;0.38;0.51;0.9;0.87;0.117;29.4;7.32;3.5;2.29;0.4;1.32;5.97;70.9;49;7.3;2.6;11.9;0.45;0.22;0.09;0.12
14;100;50;100;100;22.29;5.19;14.67;6.21;6.18;0.255;69.6;24.29;13.59;6.29;1.06;3.53;8.17;168.7;98.1;47.1;7.1;16.3;3.21;2.08;0.38;0.51;1.06;1.11;0.121;30.4;9.12;4.27;2.89;0.47;1.66;6.5;73.7;50.1;7.3;3.3;13;0.57;0.3;0.11;0.14
14;100;100;0;0;17.85;4.11;11.73;6.11;6.13;0.252;60.3;24.35;13.48;6.37;1.11;3.55;6.43;165.4;108;37.4;7.1;12.9;4.15;1.11;0.38;0.49;0.42;0.41;0.122;39.7;3.14;1.55;0.97;0.17;0.56;5.29;109.1;92.9;4.5;1.1;10.6;0.15;0.18;0.03;0.05
14;100;100;0;50;17.58;4.35;12.04;6.45;6.57;0.261;59.2;25.24;14.24;6.51;1.14;3.73;6.7;163.5;106.1;36.5;7.5;13.4;4.09;1.56;0.4;0.53;0.47;0.51;0.136;40.8;3.52;1.7;1.08;0.18;0.62;5.34;112.6;94.3;6.4;1.2;10.7;0.15;0.26;0.04;0.05
14;100;100;0;100;17.07;4.36;12.27;6.84;6.85;0.269;58.7;25.54;14.57;6.5;1.13;3.7;6.83;161.2;105.3;34.8;7.4;13.7;4.02;1.92;0.39;0.53;0.61;0.63;0.153;41.3;3.91;1.97;1.19;0.21;0.66;5.43;113.6;94.9;6.5;1.3;10.9;0.16;0.36;0.05;0.06
14;100;100;50;0;20.3;4.54;12.77;6.31;6.32;0.248;65.3;25.54;14.16;6.67;1.22;3.75;7.15;168.5;102.9;43.9;7.5;14.3;3.94;1.45;0.4;0.53;0.51;0.54;0.118;34.7;4.39;2.06;1.42;0.23;0.79;5.62;89.6;72.5;4.2;1.6;11.2;0.25;0.17;0.05;0.07
14;100;100;50;50;20.4;4.96;14.06;6.63;6.74;0.255;63.7;26.45;14.87;6.91;1.19;3.88;7.73;166.9;100.4;43.3;7.8;15.5;3.86;1.92;0.41;0.55;0.73;0.76;0.126;36.3;5.93;2.88;1.83;0.31;1.08;6.33;95;73.9;6.3;2.2;12.7;0.34;0.25;0.07;0.1
14;100;100;50;100;20.2;5.26;14.81;7.06;7.26;0.269;62.7;27.07;15.21;7.05;1.16;3.9;8.16;164.1;97.7;42.3;7.8;16.3;3.77;2.51;0.42;0.55;0.96;0.99;0.129;37.3;7.53;3.63;2.31;0.4;1.35;6.65;97.4;75.4;5.9;2.7;13.3;0.46;0.33;0.08;0.12
14;100;100;100;0;21.79;4.81;13.93;6.4;6.46;0.244;71.7;26.55;14.7;6.96;1.26;3.88;7.81;171.4;99.9;48.1;7.8;15.6;3.83;1.65;0.41;0.57;0.64;0.63;0.116;28.3;5.32;2.54;1.64;0.28;0.92;6.12;67.7;49.4;4.1;1.8;12.2;0.32;0.17;0.06;0.09
14;100;100;100;50;22.85;5.25;15.59;6.75;6.94;0.25;69.9;27.8;15.26;7.45;1.3;4;8.72;170.5;95.2;49.9;8;17.4;3.64;2.28;0.42;0.6;0.9;0.91;0.121;30.1;7.42;3.48;2.32;0.41;1.25;6.87;73.5;51.2;6;2.5;13.7;0.47;0.24;0.08;0.12
14;100;100;100;100;23.06;5.7;16.48;7.52;7.6;0.265;68.7;28.77;16.18;7.53;1.28;4.07;9.2;167.4;90.9;50;8.1;18.4;3.49;3.07;0.44;0.6;1.16;1.16;0.124;31.3;9.21;4.39;2.86;0.46;1.63;7.29;76.1;52.8;5.5;3.3;14.6;0.6;0.31;0.11;0.14
15;0;0;0;0;15.28;1.81;4.93;1.98;1.94;0.215;73;9.06;4.94;2.41;0.42;1.42;2.77;254.8;220.4;26;2.8;5.5;1.01;0.58;0.16;0.19;0.26;0.22;0.082;27;2.15;1.05;0.63;0.12;0.4;2.16;94.2;87.2;1.9;0.8;4.3;0.13;0.03;0.02;0.03
15;0;0;0;50;14.77;1.86;5.38;2.09;2.07;0.22;72.6;9.43;5.11;2.65;0.43;1.43;3;252.2;218.5;24.8;2.9;6;0.98;0.73;0.16;0.21;0.26;0.25;0.087;27.4;2.43;1.12;0.76;0.15;0.43;2.38;95.2;87.8;1.8;0.9;4.8;0.14;0.05;0.03;0.04
15;0;0;0;100;14.69;2;5.75;2.39;2.36;0.227;71.9;10.43;5.63;2.89;0.44;1.53;3.22;249.4;215.3;24.6;3.1;6.4;1.01;0.96;0.17;0.22;0.3;0.27;0.093;28.1;2.51;1.21;0.78;0.13;0.47;2.53;97.5;88.9;2.6;0.9;5.1;0.14;0.07;0.03;0.04
15;0;0;50;0;17.33;2.03;5.98;2.03;2.03;0.209;77.4;9.72;5.17;2.72;0.47;1.41;3.42;255.9;216.8;29.5;2.8;6.8;1;0.65;0.16;0.23;0.35;0.33;0.092;22.6;3.26;1.53;1.05;0.19;0.62;2.57;74.5;66.3;1.8;1.2;5.1;0.2;0.03;0.04;0.05
15;0;0;50;50;17.39;2.42;7.07;2.25;2.22;0.213;76.5;10.45;5.58;2.9;0.51;1.58;4;252.2;212.1;28.9;3.2;8;0.95;0.87;0.17;0.23;0.49;0.46;0.096;23.5;4.57;2.11;1.47;0.26;0.83;3.07;77.1;67.5;1.9;1.7;6.1;0.29;0.05;0.05;0.07
15;0;0;50;100;17.49;2.91;8.34;2.55;2.59;0.225;75.2;11.55;6.25;3.13;0.57;1.78;4.73;247.2;205.8;28.5;3.6;9.5;0.93;1.22;0.18;0.26;0.64;0.63;0.1;24.8;6.23;2.93;1.95;0.36;1.13;3.62;81.2;69.1;2.6;2.3;7.2;0.4;0.07;0.07;0.1
15;0;0;100;0;18.36;2.36;6.71;2.05;2.03;0.206;82.5;9.91;5.27;2.78;0.47;1.52;3.74;255.5;213.7;31.2;3;7.5;0.96;0.69;0.15;0.23;0.44;0.43;0.095;17.5;4.3;2.03;1.35;0.24;0.83;2.96;54;44.7;1.7;1.7;5.9;0.28;0.03;0.05;0.07
15;0;0;100;50;19.28;2.85;8.36;2.42;2.41;0.208;81.3;11.6;6.12;3.21;0.56;1.77;4.69;250.1;205.2;32;3.5;9.4;0.93;1.02;0.2;0.26;0.64;0.61;0.096;18.7;6.22;2.91;1.95;0.37;1.08;3.67;57.4;46.1;1.7;2.2;7.3;0.41;0.04;0.07;0.1
15;0;0;100;100;20.17;3.57;9.64;2.91;2.92;0.221;80;13.27;7.32;3.54;0.62;2.11;5.43;246;197.9;33;4.2;10.9;0.92;1.49;0.23;0.29;0.78;0.75;0.099;20;7.38;3.51;2.27;0.42;1.46;4.21;61.3;47.4;2.6;2.9;8.4;0.47;0.07;0.09;0.12
15;0;50;0;0;15.62;2;5.76;2.21;2.24;0.21;72.1;10.65;5.59;2.98;0.52;1.59;3.3;250.5;214.3;26.5;3.2;6.6;1.01;0.8;0.18;0.25;0.25;0.23;0.087;27.9;2.2;1.06;0.7;0.1;0.41;2.46;96.7;89.2;1.7;0.8;4.9;0.13;0.04;0.03;0.03
15;0;50;0;50;15.36;2.16;6.15;2.47;2.49;0.222;71.5;11.23;6.04;3.12;0.52;1.71;3.41;247;211.2;25.6;3.4;6.8;0.96;1.09;0.19;0.25;0.28;0.28;0.094;28.5;2.51;1.17;0.76;0.13;0.45;2.73;98.5;90.3;1.8;0.9;5.5;0.14;0.07;0.03;0.04
15;0;50;0;100;14.99;2.3;6.47;2.85;2.84;0.235;70.6;12.09;6.61;3.24;0.55;1.77;3.65;242.6;206.9;24.9;3.5;7.3;0.93;1.45;0.19;0.27;0.3;0.32;0.101;29.4;2.69;1.31;0.82;0.14;0.53;2.82;101;91.7;2.6;1.1;5.6;0.14;0.1;0.03;0.04
15;0;50;50;0;18.09;2.54;6.99;2.52;2.44;0.203;76.1;12.02;6.41;3.29;0.54;1.91;3.9;249.4;207.2;30.6;3.8;7.8;1;0.97;0.2;0.27;0.38;0.34;0.093;23.9;3.4;1.6;1.05;0.19;0.63;3.09;77.9;68.7;1.8;1.3;6.2;0.21;0.04;0.04;0.05
15;0;50;50;50;18.23;2.9;8.24;2.87;2.8;0.215;75;13.05;7.07;3.56;0.62;2.02;4.59;243.9;200.5;30.2;4;9.2;0.93;1.37;0.22;0.28;0.54;0.5;0.1;25;4.85;2.3;1.52;0.28;0.88;3.64;81.1;70.4;1.6;1.8;7.3;0.31;0.06;0.05;0.08
15;0;50;50;100;18.15;3.23;9.25;3.32;3.29;0.237;74.9;13.87;7.67;3.62;0.67;2.07;5.16;253.1;194.6;44;4.1;10.3;0.89;1.88;0.22;0.29;0.67;0.67;0.102;25.1;6.38;3.01;2.01;0.34;1.17;4.09;84.7;71.9;2.3;2.3;8.2;0.41;0.09;0.07;0.1
15;0;50;100;0;19.24;2.79;7.82;2.63;2.59;0.205;81.2;12.64;6.74;3.45;0.62;1.99;4.32;247.2;202.3;32.3;4;8.6;0.95;1.14;0.22;0.28;0.51;0.46;0.095;18.8;4.53;2.13;1.37;0.26;0.81;3.5;57;46.6;1.7;1.6;7;0.29;0.05;0.05;0.07
15;0;50;100;50;20.11;3.4;9.66;3.09;3.09;0.217;81;14.21;7.7;3.89;0.64;2.17;5.43;258.7;193.8;49.6;4.3;10.9;0.88;1.65;0.24;0.31;0.71;0.67;0.099;19;6.65;3.15;2.07;0.36;1.23;4.22;60.6;48.1;1.6;2.5;8.4;0.43;0.07;0.07;0.1
15;0;50;100;100;21.07;3.77;10.98;3.76;3.74;0.233;79.6;16.06;8.8;4.32;0.76;2.36;6.17;252.6;183.9;51.6;4.7;12.3;0.84;2.29;0.26;0.35;0.86;0.82;0.102;20.4;7.91;3.72;2.42;0.45;1.41;4.81;64.6;49.7;2.4;2.8;9.6;0.51;0.09;0.09;0.12
15;0;100;0;0;16.3;2.29;6.79;2.66;2.64;0.21;71.8;12.55;6.69;3.49;0.56;1.89;3.73;257.1;205.1;40.8;3.8;7.5;0.96;1.22;0.19;0.27;0.26;0.26;0.093;28.2;2.37;1.11;0.73;0.13;0.4;3.06;101;92.3;1.7;0.8;6.1;0.13;0.06;0.02;0.04
15;0;100;0;50;15.95;2.54;7.05;3.13;3.12;0.232;71.1;13.44;7.42;3.6;0.57;2.06;3.93;253;201.1;39.9;4.1;7.9;0.93;1.69;0.22;0.29;0.32;0.3;0.102;28.9;2.62;1.27;0.78;0.14;0.49;3.12;102.4;93.7;1.6;1;6.2;0.15;0.08;0.03;0.04
15;0;100;0;100;15.95;2.64;7.32;3.64;3.59;0.249;70.2;14.42;8.05;3.76;0.64;2.15;4.1;247.9;195.9;39.5;4.3;8.2;0.89;2.18;0.23;0.3;0.33;0.34;0.11;29.8;2.74;1.29;0.87;0.13;0.49;3.22;105.2;95.4;2.4;1;6.4;0.15;0.12;0.03;0.04
15;0;100;50;0;18.81;2.86;8.17;2.97;3.03;0.211;75.8;14.39;7.65;4.04;0.68;2.21;4.54;256.4;195.3;47.6;4.4;9.1;0.9;1.57;0.24;0.32;0.4;0.37;0.097;24.2;3.58;1.68;1.12;0.21;0.64;3.64;81.9;71.7;1.6;1.3;7.3;0.22;0.05;0.05;0.05
15;0;100;50;50;19.09;3.24;9.23;3.63;3.53;0.227;74.8;15.53;8.52;4.19;0.72;2.31;5.24;251.8;189.4;47.3;4.6;10.5;0.87;2.06;0.24;0.35;0.54;0.53;0.103;25.2;4.97;2.42;1.48;0.3;0.93;3.99;84.6;73.2;1.6;1.9;8;0.31;0.08;0.05;0.09
15;0;100;50;100;19.12;3.52;10.28;4.38;4.21;0.253;73.4;16.68;9.45;4.29;0.74;2.38;5.77;245.1;182.1;46.7;4.8;11.5;0.82;2.78;0.26;0.35;0.7;0.71;0.106;26.6;6.54;3.04;2.06;0.4;1.14;4.51;88.6;75.1;2.3;2.3;9;0.41;0.12;0.07;0.11
15;0;100;100;0;20.24;3.33;9.31;3.19;3.21;0.208;80.9;15.47;8.24;4.29;0.73;2.47;5.26;255.7;189.6;50.7;4.9;10.5;0.87;1.75;0.25;0.34;0.47;0.49;0.098;19.1;4.83;2.25;1.53;0.25;0.87;4.05;60.2;48.8;1.5;1.7;8.1;0.31;0.05;0.05;0.08
15;0;100;100;50;21.37;3.77;11.03;3.8;3.84;0.225;79.5;17.09;9.24;4.63;0.8;2.54;6.17;249.9;180.1;52.4;5.1;12.3;0.83;2.37;0.27;0.37;0.73;0.7;0.101;20.5;6.8;3.28;2.08;0.34;1.24;4.86;64.2;50.4;1.6;2.5;9.7;0.44;0.08;0.07;0.1
15;0;100;100;100;22.53;4.32;12.17;4.94;4.85;0.251;77.9;19.38;10.87;5.06;0.84;2.8;6.79;242.3;168.2;55;5.6;13.6;0.79;3.36;0.31;0.4;0.91;0.84;0.104;22.1;8.01;3.86;2.48;0.44;1.52;5.38;68.3;52.4;2.1;3;10.8;0.52;0.11;0.09;0.12
15;50;0;0;0;15.93;2.19;6.39;2.92;2.97;0.243;68.3;12.27;6.74;3.3;0.56;1.78;3.56;204.7;168.4;25.6;3.6;7.1;1.96;0.55;0.2;0.26;0.26;0.24;0.088;31.7;2.28;1.07;0.73;0.14;0.41;2.83;95.1;85.8;2.8;0.8;5.7;0.12;0.06;0.03;0.04
15;50;0;0;50;15.55;2.34;6.69;3.21;3.19;0.245;67.7;13.02;7.19;3.4;0.59;1.86;3.7;202.4;166.6;24.7;3.7;7.4;1.99;0.73;0.2;0.27;0.31;0.29;0.094;32.3;2.63;1.25;0.81;0.15;0.48;3;96.4;86.6;2.9;1;6;0.13;0.08;0.04;0.04
15;50;0;0;100;15.35;2.46;7.09;3.27;3.3;0.247;67.1;13.39;7.42;3.53;0.6;1.97;4.05;201.1;165;24;3.9;8.1;1.89;0.93;0.2;0.28;0.36;0.33;0.103;32.9;2.83;1.36;0.88;0.15;0.5;3.04;98.5;87.3;4.2;1;6.1;0.14;0.12;0.03;0.04
15;50;0;50;0;17.73;2.61;7.25;3.01;3.04;0.237;73.1;12.89;6.96;3.5;0.58;1.92;4.11;205.7;164.9;28.7;3.8;8.2;1.92;0.63;0.21;0.28;0.36;0.36;0.094;26.9;3.54;1.69;1.09;0.2;0.69;3.14;75.8;65.5;2.6;1.4;6.3;0.21;0.05;0.04;0.05
15;50;0;50;50;17.9;2.88;8.41;3.31;3.29;0.238;72.2;13.86;7.57;3.72;0.68;2.02;4.78;204.1;162;28.5;4;9.6;1.9;0.86;0.22;0.3;0.54;0.49;0.098;27.8;4.82;2.29;1.48;0.28;0.87;3.63;78.3;66.5;2.8;1.7;7.3;0.28;0.08;0.05;0.08
15;50;0;50;100;17.99;3.41;9.63;3.59;3.63;0.245;70.7;14.9;8.27;3.94;0.67;2.2;5.4;200.6;157.5;27.9;4.4;10.8;1.86;1.22;0.23;0.32;0.71;0.68;0.103;29.3;6.45;3.14;1.98;0.32;1.21;4.23;82.8;68;4;2.4;8.5;0.39;0.12;0.07;0.11
15;50;0;100;0;18.83;2.89;8;3.02;3.09;0.234;78.8;13.26;7.3;3.46;0.62;2.05;4.42;206.7;163.4;30.4;4.1;8.8;1.92;0.67;0.22;0.28;0.49;0.46;0.095;21.2;4.56;2.15;1.45;0.23;0.84;3.58;55.7;44;2.8;1.7;7.2;0.28;0.05;0.05;0.07
15;50;0;100;50;19.98;3.27;9.62;3.4;3.42;0.232;77.6;14.79;8.02;3.98;0.67;2.18;5.38;203.9;157.1;31.7;4.4;10.8;1.85;1;0.25;0.33;0.65;0.64;0.099;22.4;6.37;2.9;2.05;0.36;1.09;4.24;58.8;45.4;2.7;2.2;8.5;0.4;0.07;0.07;0.11
15;50;0;100;100;20.52;3.84;10.69;3.89;3.85;0.237;76;16.28;8.93;4.36;0.73;2.38;5.98;200.3;151;32.5;4.8;12;1.75;1.48;0.27;0.36;0.85;0.8;0.103;24;7.65;3.71;2.31;0.41;1.45;4.71;63;46.8;3.9;2.9;9.4;0.47;0.11;0.09;0.13
15;50;50;0;0;15.9;2.75;7.86;3.96;3.94;0.246;67.7;16.09;9.02;4.21;0.72;2.37;4.46;203.9;164.4;25.9;4.7;8.9;2.56;0.78;0.25;0.35;0.23;0.23;0.087;32.3;2.19;1.03;0.67;0.13;0.39;3.39;96.9;87.6;1.8;0.8;6.8;0.12;0.05;0.02;0.03
15;50;50;0;50;15.71;2.98;8.28;4.27;4.27;0.251;66.9;17.01;9.55;4.45;0.74;2.55;4.57;200.6;161.2;25.2;5.1;9.1;2.54;1.09;0.27;0.37;0.33;0.28;0.094;33.1;2.46;1.21;0.75;0.12;0.44;3.71;99.2;89;1.9;0.9;7.4;0.13;0.08;0.03;0.04
15;50;50;0;100;15.39;3.01;8.71;4.47;4.57;0.26;66.1;17.64;9.88;4.58;0.83;2.53;4.91;198;158.7;24.5;5.1;9.8;2.49;1.43;0.28;0.38;0.34;0.32;0.104;33.9;2.73;1.32;0.84;0.16;0.48;3.8;101.3;90.1;2.6;1;7.6;0.15;0.1;0.03;0.04
15;50;50;50;0;18.64;3.15;8.96;3.99;4.06;0.237;72.1;17.2;9.33;4.62;0.81;2.52;4.96;204;158.6;30.4;5;9.9;2.46;0.97;0.27;0.36;0.36;0.34;0.094;27.9;3.32;1.62;0.99;0.17;0.64;4.01;78.8;67.6;1.9;1.3;8;0.2;0.05;0.04;0.05
15;50;50;50;50;18.46;3.61;10.14;4.44;4.43;0.243;71.1;18.25;10.22;4.83;0.83;2.76;5.75;200.8;154.1;29.7;5.5;11.5;2.4;1.35;0.29;0.39;0.48;0.49;0.1;28.9;4.69;2.19;1.47;0.29;0.85;4.39;81.3;69.1;1.7;1.7;8.8;0.29;0.06;0.06;0.07
15;50;50;50;100;18.43;4.01;11.3;4.97;4.95;0.258;71.1;19.26;10.88;5;0.88;2.83;6.27;211;149.3;43.6;5.7;12.5;2.38;1.87;0.31;0.39;0.7;0.68;0.103;28.9;6.38;3.12;1.99;0.32;1.18;5.03;85.6;70.8;2.4;2.4;10.1;0.4;0.1;0.07;0.11
15;50;50;100;0;19.56;3.57;9.9;4.19;4.24;0.237;77.8;17.96;9.96;4.83;0.75;2.78;5.53;203.3;154.8;31.9;5.6;11.1;2.42;1.14;0.29;0.39;0.49;0.45;0.095;22.2;4.52;2.14;1.39;0.23;0.79;4.37;58;45.9;1.7;1.6;8.7;0.29;0.04;0.05;0.07
15;50;50;100;50;20.52;4.04;11.51;4.69;4.69;0.243;77.7;19.41;10.8;5.09;0.91;2.89;6.39;216;147.9;49.5;5.8;12.8;2.32;1.64;0.31;0.42;0.69;0.66;0.1;22.3;6.49;3.07;2.02;0.35;1.16;5.12;61.7;47.5;1.7;2.3;10.2;0.42;0.07;0.08;0.1
15;50;50;100;100;21.32;4.42;12.63;5.26;5.24;0.251;76.5;20.88;11.65;5.54;0.91;3.04;7.1;212.9;141.7;51;6.1;14.2;2.21;2.26;0.32;0.45;0.82;0.8;0.103;23.5;7.61;3.62;2.36;0.4;1.38;5.53;65.1;48.9;2.4;2.8;11.1;0.48;0.1;0.1;0.12
15;50;100;0;0;16.88;3.37;9.62;5.01;4.98;0.248;67.9;20.11;11.26;5.33;0.91;2.94;5.32;215;158.1;40.4;5.9;10.6;3.03;1.21;0.33;0.42;0.25;0.27;0.093;32.1;2.4;1.13;0.76;0.12;0.43;4.3;101.7;90.4;1.8;0.9;8.6;0.13;0.07;0.03;0.04
15;50;100;0;50;16.57;3.42;9.82;5.33;5.38;0.26;66.9;20.73;11.64;5.34;0.96;2.97;5.44;210.6;154.4;39.4;5.9;10.9;2.94;1.68;0.32;0.43;0.33;0.3;0.103;33.1;2.57;1.27;0.76;0.14;0.45;4.38;104.2;92;2.5;0.9;8.8;0.14;0.09;0.03;0.04
15;50;100;0;100;16.21;3.52;9.93;5.84;5.74;0.27;66.3;21.27;12.13;5.45;0.92;2.98;5.55;207.4;152.1;38.2;6;11.1;2.9;2.08;0.32;0.44;0.38;0.37;0.115;33.7;2.87;1.41;0.87;0.17;0.54;4.39;105.4;93.1;2.5;1.1;8.8;0.15;0.14;0.03;0.05
15;50;100;50;0;19.42;3.78;10.88;5.23;5.29;0.245;72.4;21.61;11.89;5.76;1;3.14;6.13;217;151.5;46.9;6.3;12.3;2.94;1.55;0.34;0.46;0.35;0.37;0.096;27.6;3.51;1.68;1.05;0.2;0.64;4.74;82.5;70;1.8;1.3;9.5;0.22;0.06;0.04;0.05
15;50;100;50;50;19.42;4.21;11.64;5.66;5.63;0.254;71;22.23;12.52;5.69;0.98;3.26;6.51;212;146.3;46.1;6.5;13;2.78;2.04;0.35;0.45;0.54;0.54;0.104;29;4.98;2.38;1.54;0.28;0.95;5.13;86.4;71.8;2.4;1.9;10.3;0.31;0.1;0.06;0.08
15;50;100;50;100;19.46;4.54;12.84;6.23;6.27;0.27;69.9;23.28;13.22;6.01;1.05;3.34;7.22;208.2;141.6;45.5;6.7;14.4;2.73;2.69;0.37;0.49;0.76;0.72;0.107;30.1;6.56;3.15;2.03;0.34;1.21;5.62;89.3;73.4;2.3;2.4;11.2;0.41;0.13;0.08;0.1
15;50;100;100;0;20.51;4.14;11.87;5.33;5.34;0.241;77.8;22.24;12.2;5.99;1.01;3.22;6.72;216.3;147.1;49.4;6.4;13.4;2.8;1.69;0.36;0.49;0.5;0.5;0.101;22.2;4.79;2.26;1.51;0.26;0.92;5.15;61.5;47.7;1.7;1.8;10.3;0.3;0.06;0.06;0.08
15;50;100;100;50;21.49;4.56;13.27;5.94;5.83;0.249;76.3;23.49;13.08;6.18;1.07;3.36;7.45;212.4;139.3;51.5;6.7;14.9;2.63;2.34;0.37;0.49;0.71;0.7;0.103;23.7;6.71;3.13;2.2;0.32;1.2;5.83;65.9;49.4;2.4;2.4;11.7;0.43;0.09;0.08;0.11
15;50;100;100;100;22.45;5.09;14.32;6.77;6.68;0.265;74.9;25.22;14.33;6.44;1.1;3.64;8;207.1;130.4;53.4;7.3;16;2.49;3.26;0.4;0.53;0.87;0.86;0.104;25.1;8.09;3.75;2.56;0.44;1.46;6.33;69.1;51.4;2.1;2.9;12.7;0.52;0.12;0.09;0.13
15;100;0;0;0;17.46;2.7;7.85;3.82;3.88;0.254;60.9;15.31;8.45;4.07;0.72;2.22;4.47;152.6;114.1;25.1;4.4;8.9;2.73;0.57;0.24;0.34;0.31;0.29;0.094;39.1;2.78;1.32;0.88;0.17;0.48;3.38;97.8;84.5;5.6;1;6.8;0.12;0.11;0.03;0.04
15;100;0;0;50;17.04;2.84;8.02;4.02;4.03;0.258;60.8;15.64;8.77;4.1;0.68;2.25;4.5;152.3;114.7;24.1;4.5;9;2.76;0.7;0.24;0.33;0.42;0.39;0.11;39.2;3.33;1.61;0.97;0.18;0.59;3.52;98.1;84.1;5.8;1.2;7;0.12;0.18;0.04;0.05
15;100;0;0;100;16.66;3.04;8.66;4.15;4.19;0.26;59.6;16.15;9.11;4.21;0.7;2.36;4.8;151;113.5;23.1;4.7;9.6;2.71;0.9;0.25;0.33;0.45;0.49;0.121;40.4;3.87;1.82;1.2;0.23;0.69;3.85;102.4;84.9;8.4;1.4;7.7;0.14;0.25;0.04;0.06
15;100;0;50;0;19.53;3.03;8.46;3.91;3.93;0.251;66.5;15.7;8.78;4.08;0.69;2.33;4.83;155.9;112.7;28.8;4.7;9.7;2.72;0.62;0.26;0.33;0.39;0.38;0.097;33.5;3.72;1.74;1.23;0.18;0.69;3.63;78.3;64.1;5.6;1.4;7.3;0.19;0.1;0.04;0.05
15;100;0;50;50;19.44;3.43;9.54;4.22;4.14;0.252;65.7;16.48;9.25;4.25;0.77;2.44;5.35;154.7;111.2;27.9;4.9;10.7;2.71;0.83;0.26;0.33;0.59;0.58;0.105;34.3;5.34;2.61;1.61;0.29;0.98;4.19;80.7;64.9;5.5;2;8.4;0.27;0.17;0.06;0.09
15;100;0;50;100;19.5;3.87;10.95;4.38;4.42;0.256;64;17.32;9.74;4.54;0.82;2.58;6.15;153.6;108.9;27.3;5.2;12.3;2.61;1.17;0.28;0.36;0.81;0.81;0.111;36;7.17;3.35;2.31;0.38;1.28;4.79;86.4;66;8.2;2.6;9.6;0.37;0.25;0.08;0.11
15;100;0;100;0;20.4;3.21;9.22;3.87;3.92;0.246;72.6;15.94;8.85;4.23;0.73;2.32;5.15;155.9;111;30;4.6;10.3;2.64;0.68;0.26;0.33;0.53;0.5;0.099;27.4;4.93;2.34;1.5;0.29;0.89;4.06;58.8;43.3;5.6;1.8;8.1;0.27;0.1;0.05;0.08
15;100;0;100;50;21.18;3.87;10.89;4.23;4.25;0.245;71.7;17.38;9.63;4.6;0.78;2.6;6.16;156.4;108.2;30.7;5.2;12.3;2.62;0.97;0.29;0.37;0.8;0.75;0.105;28.3;7.05;3.38;2.22;0.36;1.27;4.73;61.7;44.3;5.4;2.5;9.5;0.39;0.17;0.08;0.12
15;100;0;100;100;21.88;4.25;12.21;4.53;4.66;0.248;69.7;18.82;10.36;4.99;0.87;2.75;6.81;154.5;103.6;31.8;5.5;13.6;2.49;1.45;0.3;0.41;0.95;0.91;0.107;30.3;8.32;3.92;2.61;0.42;1.5;5.4;67.1;45.8;7.5;3;10.8;0.46;0.23;0.09;0.13
15;100;50;0;0;17.68;3.51;10.05;5.34;5.42;0.262;60.9;20.77;11.69;5.48;0.92;2.98;5.64;155.7;113.3;25.1;6;11.3;3.9;0.76;0.32;0.44;0.33;0.34;0.103;39.1;2.93;1.36;0.94;0.17;0.53;4.4;99.9;85;5;1.1;8.8;0.12;0.13;0.04;0.05
15;100;50;0;50;17.42;3.72;10.43;5.76;5.74;0.266;60;21.65;12.25;5.63;0.94;3.1;5.96;154.7;112;24.6;6.2;11.9;3.89;1.05;0.34;0.46;0.47;0.43;0.118;40;3.35;1.69;1.02;0.16;0.62;4.47;103.1;85.9;7;1.2;8.9;0.13;0.21;0.04;0.05
15;100;50;0;100;16.95;3.75;10.83;6.08;6.02;0.271;59.1;22.27;12.64;5.72;1.03;3.07;6.01;151.9;110.1;23.7;6.1;12;3.82;1.4;0.33;0.47;0.55;0.52;0.133;40.9;3.77;1.87;1.13;0.2;0.68;4.82;105;87.2;6.8;1.4;9.6;0.14;0.28;0.05;0.06
15;100;50;50;0;19.89;3.81;11.27;5.45;5.58;0.254;65.9;22.02;12.14;5.85;1;3.08;6.34;157.8;109.7;29.2;6.2;12.7;3.83;0.93;0.33;0.48;0.43;0.43;0.103;34.1;3.96;1.86;1.24;0.22;0.73;4.93;81.6;65.6;4.7;1.5;9.9;0.2;0.13;0.04;0.06
15;100;50;50;50;19.91;4.24;12.26;5.81;5.83;0.258;64.3;22.67;12.66;5.98;1.03;3.28;6.89;156;107;28.7;6.6;13.8;3.68;1.31;0.36;0.48;0.65;0.64;0.113;35.7;5.58;2.6;1.8;0.3;0.96;5.37;86.6;67;6.9;1.9;10.7;0.29;0.2;0.06;0.09
15;100;50;50;100;20.02;4.63;13.08;6.41;6.3;0.268;65.2;23.55;13.32;6.06;1.02;3.32;7.28;167.7;103.8;42.7;6.6;14.6;3.62;1.83;0.37;0.48;0.84;0.83;0.116;34.8;7.09;3.41;2.18;0.38;1.32;5.8;89.3;68.6;6.5;2.6;11.6;0.38;0.27;0.08;0.11
15;100;50;100;0;21;4.17;11.81;5.74;5.66;0.253;72;22.44;12.66;5.85;0.95;3.28;6.61;157.7;106.8;31.1;6.6;13.2;3.71;1.1;0.37;0.47;0.52;0.52;0.102;28;4.94;2.34;1.57;0.27;0.89;5.2;61.3;44.7;4.4;1.8;10.4;0.27;0.12;0.06;0.07
15;100;50;100;50;21.74;4.67;13.32;5.9;5.98;0.256;72.1;23.4;13.07;6.07;1.13;3.38;7.47;172.9;103.3;47.8;6.8;14.9;3.54;1.58;0.37;0.49;0.83;0.78;0.108;27.9;7.06;3.39;2.1;0.43;1.29;5.86;66.7;45.9;6.5;2.6;11.7;0.4;0.19;0.08;0.11
15;100;50;100;100;22.49;5.12;14.46;6.47;6.51;0.263;71.2;24.83;14.1;6.36;1.07;3.58;8.12;171.7;99.1;49.2;7.2;16.2;3.42;2.18;0.39;0.52;0.97;0.95;0.112;28.8;8.39;4.04;2.55;0.48;1.54;6.34;69.3;47.3;6.3;3.1;12.7;0.48;0.25;0.09;0.14
15;100;100;0;0;17.84;4.16;11.63;6.58;6.54;0.262;62.2;24.99;14.1;6.51;1.13;3.62;6.6;169;109.5;39.1;7.2;13.2;4.46;1.16;0.4;0.53;0.37;0.35;0.11;37.8;2.87;1.43;0.87;0.13;0.54;5.03;102.5;87.6;3.7;1.1;10.1;0.13;0.15;0.04;0.04
15;100;100;0;50;17.7;4.23;11.88;6.86;6.89;0.271;61;25.48;14.59;6.47;1.09;3.65;6.6;166.2;107.4;38.2;7.3;13.2;4.36;1.62;0.39;0.52;0.47;0.45;0.126;39;3.31;1.66;1;0.15;0.58;5.27;106.3;89;5.5;1.2;10.5;0.14;0.22;0.04;0.06
15;100;100;0;100;17.38;4.4;12.25;7.22;7.34;0.278;60.4;26.41;15.22;6.54;1.17;3.75;6.89;164.2;105.8;37.1;7.5;13.8;4.34;2.06;0.41;0.53;0.53;0.53;0.143;39.6;3.55;1.78;1.03;0.18;0.65;5.36;107.5;90.1;5.4;1.3;10.7;0.14;0.3;0.04;0.05
15;100;100;50;0;20.15;4.44;12.82;6.74;6.74;0.258;67.1;26.18;14.72;6.83;1.17;3.73;7.2;172;104.9;45.3;7.5;14.4;4.3;1.49;0.4;0.55;0.47;0.44;0.109;32.9;3.88;1.85;1.2;0.21;0.71;5.62;84.2;68.1;3.5;1.4;11.2;0.2;0.14;0.05;0.06
15;100;100;50;50;20.43;4.77;13.71;7.14;7.09;0.265;65.6;26.84;15.24;6.92;1.21;3.81;7.71;169.7;101.7;45;7.6;15.4;4.14;1.97;0.42;0.56;0.68;0.64;0.116;34.4;5.43;2.6;1.67;0.28;0.96;6;88.7;69.7;5.1;1.9;12;0.29;0.21;0.06;0.08
15;100;100;50;100;20.38;5.14;14.84;7.59;7.61;0.277;64.3;27.48;15.74;6.98;1.23;3.85;8.14;166.2;98.2;43.9;7.7;16.3;4.04;2.6;0.41;0.55;0.91;0.88;0.119;35.7;7.22;3.56;2.21;0.39;1.29;6.69;92.2;71.4;4.8;2.6;13.4;0.4;0.28;0.08;0.11
15;100;100;100;0;21.52;4.86;13.86;6.6;6.84;0.254;73.1;27.05;14.95;7.18;1.23;3.99;7.77;173.4;101.1;48.8;8;15.5;4.16;1.69;0.42;0.57;0.59;0.56;0.107;26.9;5.02;2.37;1.58;0.27;0.87;6.1;63.8;46.6;3.3;1.7;12.2;0.28;0.13;0.06;0.09
15;100;100;100;50;22.52;5.33;15.24;7.25;7.24;0.26;71.4;27.91;15.78;7.23;1.25;4.04;8.57;172.2;96.9;50.1;8.1;17.1;3.96;2.27;0.43;0.58;0.82;0.8;0.11;28.6;7.13;3.38;2.25;0.4;1.29;6.68;69;48.1;5;2.6;13.4;0.42;0.2;0.08;0.11
15;100;100;100;100;23.31;5.53;16.2;8.01;7.96;0.273;70.2;29.25;16.67;7.54;1.28;4.03;9.11;169.5;91.5;51.8;8.1;18.2;3.72;3.18;0.47;0.6;1;0.99;0.114;29.8;8.53;4.05;2.61;0.48;1.5;7.1;71.9;49.9;4.8;3;14.2;0.5;0.27;0.09;0.13
16;0;0;0;0;15.84;1.76;5.09;2.01;2;0.215;74.6;9.3;4.96;2.56;0.46;1.4;2.88;260.3;224.7;27.1;2.8;5.8;1.03;0.6;0.16;0.21;0.19;0.19;0.076;25.4;2.05;0.94;0.65;0.11;0.36;2.21;88.2;81.2;1.9;0.7;4.4;0.1;0.04;0.02;0.03
16;0;0;0;50;15.27;1.9;5.46;2.13;2.15;0.223;74.2;9.68;5.28;2.58;0.44;1.48;3.04;257.8;223.2;25.6;3;6.1;1.04;0.76;0.15;0.2;0.24;0.23;0.081;25.8;2.36;1.12;0.76;0.11;0.42;2.42;89.3;81.7;1.9;0.8;4.8;0.11;0.05;0.03;0.04
16;0;0;0;100;15;2.05;5.73;2.42;2.4;0.229;73.5;10.48;5.72;2.78;0.49;1.61;3.19;254.3;219.6;25;3.2;6.4;1.03;0.97;0.17;0.23;0.28;0.27;0.091;26.5;2.58;1.19;0.82;0.14;0.44;2.54;91.5;82.8;2.8;0.9;5.1;0.12;0.07;0.03;0.05
16;0;0;50;0;17.93;2.15;6.03;2.09;2.12;0.212;78.8;10.05;5.41;2.76;0.49;1.56;3.37;261.8;221.2;30.7;3.1;6.7;1.05;0.68;0.16;0.22;0.28;0.28;0.083;21.2;3;1.44;0.93;0.14;0.59;2.65;70.2;61.9;1.9;1.2;5.3;0.16;0.04;0.04;0.04
16;0;0;50;50;17.83;2.42;6.88;2.28;2.33;0.216;78.1;10.81;5.72;2.98;0.51;1.61;3.92;257.8;216.5;30.2;3.2;7.8;1.01;0.9;0.18;0.24;0.37;0.39;0.087;21.9;4.26;1.94;1.33;0.23;0.81;2.96;72.2;63;1.7;1.6;5.9;0.23;0.04;0.04;0.07
16;0;0;50;100;18.04;2.76;8.17;2.68;2.69;0.226;76.6;11.94;6.38;3.29;0.57;1.71;4.56;251.2;209;29.7;3.4;9.1;0.95;1.28;0.19;0.28;0.62;0.55;0.091;23.4;5.84;2.73;1.82;0.32;1.05;3.61;76.6;64.7;2.6;2.1;7.2;0.32;0.07;0.06;0.09
16;0;0;100;0;18.27;2.29;6.8;2.08;2.1;0.21;83.7;10.03;5.25;2.81;0.45;1.48;3.84;260.9;219.3;31;3;7.7;1.03;0.69;0.15;0.23;0.41;0.4;0.087;16.3;4.43;2.02;1.44;0.27;0.81;2.96;50.8;41.5;1.8;1.6;5.9;0.25;0.04;0.05;0.07
16;0;0;100;50;19.3;2.91;8.32;2.44;2.4;0.211;82.4;11.39;6.1;3.12;0.58;1.77;4.57;255.6;211;31.9;3.5;9.1;0.97;1;0.2;0.24;0.6;0.57;0.089;17.6;6.3;2.9;2;0.35;1.14;3.76;54.3;42.8;1.7;2.3;7.5;0.36;0.04;0.06;0.11
16;0;0;100;100;20.16;3.34;9.66;2.89;2.96;0.222;81.2;13.32;7.26;3.58;0.66;2.03;5.51;250.4;202.3;33;4.1;11;0.93;1.5;0.23;0.29;0.75;0.68;0.091;18.8;7.35;3.44;2.33;0.39;1.31;4.15;57.6;44.2;2.5;2.6;8.3;0.42;0.07;0.09;0.11
16;0;50;0;0;16.25;2.04;5.86;2.25;2.27;0.21;73.7;10.84;5.78;3.05;0.49;1.66;3.32;255.7;218.1;27.6;3.3;6.6;1;0.84;0.18;0.25;0.23;0.21;0.079;26.3;2.13;1.05;0.63;0.12;0.39;2.54;90.9;83.2;1.8;0.8;5.1;0.11;0.04;0.03;0.03
16;0;50;0;50;15.98;2.09;6.32;2.67;2.6;0.221;73;11.75;6.29;3.22;0.55;1.68;3.59;251.4;213.9;27;3.4;7.2;0.97;1.18;0.19;0.26;0.23;0.24;0.089;27;2.33;1.06;0.76;0.15;0.41;2.73;92.5;84.5;1.7;0.8;5.5;0.11;0.06;0.03;0.04
16;0;50;0;100;15.56;2.31;6.64;2.97;2.97;0.237;72.3;12.51;6.8;3.4;0.57;1.8;3.74;247.8;210.7;26;3.6;7.5;0.97;1.52;0.2;0.27;0.27;0.29;0.097;27.7;2.64;1.25;0.83;0.13;0.51;2.9;94.8;85.5;2.5;1;5.8;0.12;0.09;0.03;0.05
16;0;50;50;0;18.55;2.42;6.93;2.48;2.45;0.202;77.6;12.11;6.37;3.36;0.6;1.83;3.91;253.8;210.5;31.7;3.7;7.8;0.95;1.01;0.21;0.27;0.33;0.3;0.085;22.4;3.19;1.51;0.99;0.16;0.59;3.03;73.2;64.3;1.6;1.2;6.1;0.17;0.04;0.03;0.05
16;0;50;50;50;18.74;2.87;8.15;2.86;2.89;0.216;76.6;13.39;7.18;3.67;0.64;2.05;4.66;249.7;205;31.2;4.1;9.3;0.95;1.41;0.22;0.31;0.46;0.44;0.092;23.4;4.51;2.13;1.45;0.23;0.82;3.49;76;65.6;1.7;1.6;7;0.24;0.07;0.05;0.08
16;0;50;50;100;18.74;3.2;9.14;3.48;3.39;0.238;76.4;14.25;7.92;3.69;0.66;2.08;5.18;258.8;198.4;45.8;4.2;10.4;0.91;1.95;0.23;0.31;0.65;0.6;0.095;23.6;6.1;2.91;1.9;0.33;1.12;3.96;79.8;67.1;2.5;2.2;7.9;0.34;0.09;0.07;0.1
16;0;50;100;0;19.3;2.77;8.02;2.63;2.6;0.206;82.4;12.65;6.73;3.53;0.59;1.94;4.53;252.7;207.4;32.4;3.9;9.1;0.95;1.15;0.21;0.29;0.48;0.43;0.089;17.6;4.67;2.19;1.46;0.25;0.83;3.48;53.7;43.4;1.7;1.7;7;0.26;0.04;0.06;0.07
16;0;50;100;50;20.22;3.42;9.69;3.17;3.16;0.219;82.1;14.4;7.79;3.96;0.67;2.18;5.49;263.7;198.3;50;4.4;11;0.94;1.66;0.24;0.32;0.64;0.61;0.091;17.9;6.49;3.11;1.96;0.34;1.24;4.2;57.2;44.8;1.6;2.5;8.4;0.37;0.06;0.08;0.1
16;0;50;100;100;20.99;3.8;10.78;3.87;3.74;0.235;80.9;15.93;8.92;4.18;0.69;2.38;6.11;257.5;189.2;51.3;4.8;12.2;0.87;2.27;0.27;0.34;0.78;0.73;0.093;19.1;7.67;3.63;2.41;0.43;1.42;4.68;60.7;46.2;2.3;2.8;9.4;0.44;0.09;0.09;0.11
16;0;100;0;0;16.77;2.41;6.78;2.67;2.73;0.21;73.5;12.98;6.88;3.64;0.61;1.99;3.87;262.3;208;42.7;4;7.7;0.93;1.28;0.22;0.3;0.24;0.22;0.083;26.5;2.17;1.04;0.67;0.11;0.42;2.91;94.7;86.3;1.7;0.8;5.8;0.11;0.06;0.02;0.03
16;0;100;0;50;16.71;2.49;7.1;3.21;3.21;0.233;72.8;13.81;7.52;3.69;0.65;2.06;4.03;257.9;203.8;41.9;4.1;8.1;0.92;1.77;0.23;0.3;0.27;0.28;0.096;27.2;2.52;1.18;0.78;0.15;0.44;3.08;96.4;87.6;1.7;0.9;6.2;0.12;0.1;0.03;0.04
16;0;100;0;100;16.24;2.6;7.57;3.75;3.74;0.252;71.9;14.88;8.3;3.92;0.66;2.12;4.28;253.4;200.2;40.4;4.2;8.6;0.96;2.22;0.24;0.32;0.34;0.32;0.105;28.1;2.77;1.28;0.88;0.16;0.47;3.29;98.7;88.7;2.4;0.9;6.6;0.13;0.12;0.03;0.04
16;0;100;50;0;19.46;2.89;8.29;3.16;3.14;0.212;77.2;14.85;7.95;4.13;0.73;2.27;4.67;262.1;198.8;49.4;4.5;9.3;0.91;1.63;0.26;0.34;0.33;0.33;0.088;22.8;3.43;1.56;1.09;0.18;0.62;3.61;77.2;67;1.7;1.2;7.2;0.18;0.06;0.04;0.05
16;0;100;50;50;19.5;3.25;9.21;3.64;3.61;0.228;76.1;15.8;8.6;4.29;0.71;2.37;5.11;255.5;191.9;48.7;4.7;10.2;0.88;2.14;0.25;0.33;0.5;0.47;0.093;23.9;4.75;2.27;1.52;0.23;0.88;4.11;80.1;68.6;1.5;1.8;8.2;0.26;0.07;0.06;0.08
16;0;100;50;100;19.67;3.67;10.45;4.44;4.32;0.254;74.8;17.03;9.64;4.48;0.74;2.48;5.84;249.7;185;48;5;11.7;0.86;2.84;0.27;0.35;0.69;0.64;0.098;25.2;6.39;3.12;1.95;0.32;1.19;4.6;84;70.2;2.3;2.4;9.2;0.35;0.11;0.07;0.1
16;0;100;100;0;20.29;3.32;9.28;3.21;3.23;0.209;81.9;15.45;8.2;4.26;0.75;2.35;5.24;259.6;193.8;50.6;4.7;10.5;0.86;1.74;0.26;0.35;0.49;0.45;0.091;18.1;4.84;2.33;1.52;0.26;0.97;4.04;57.2;45.5;1.7;1.9;8.1;0.27;0.06;0.05;0.07
16;0;100;100;50;21.47;3.94;11.11;3.88;3.94;0.226;80.6;17.44;9.54;4.67;0.82;2.71;6.27;253.5;182.8;52.7;5.4;12.5;0.86;2.41;0.28;0.39;0.68;0.64;0.092;19.4;6.83;3.22;2.14;0.38;1.24;4.84;60.7;47.1;1.4;2.5;9.7;0.39;0.07;0.07;0.11
16;0;100;100;100;22.43;4.3;12.2;5.02;4.88;0.252;79;19.41;10.9;5.07;0.86;2.82;6.78;245.3;171.4;54.7;5.6;13.6;0.81;3.36;0.31;0.4;0.79;0.78;0.095;21;8.07;3.71;2.57;0.43;1.48;5.42;64.8;48.9;2.1;3;10.8;0.46;0.11;0.09;0.12
16;50;0;0;0;15.99;2.18;6.33;3.09;3.09;0.245;70.1;12.67;7.03;3.34;0.56;1.81;3.6;208;170.7;26.5;3.6;7.2;2.02;0.59;0.21;0.27;0.2;0.19;0.073;29.9;2.03;0.95;0.65;0.11;0.37;2.73;88.6;80.3;2.2;0.7;5.5;0.1;0.04;0.02;0.03
16;50;0;0;50;15.57;2.37;6.7;3.18;3.24;0.249;69.8;13.08;7.32;3.47;0.55;1.93;3.81;206.7;169.6;25.6;3.9;7.6;2;0.74;0.21;0.29;0.23;0.23;0.083;30.2;2.32;1.07;0.72;0.13;0.45;2.88;89.4;80.7;2.1;0.9;5.8;0.11;0.06;0.03;0.03
16;50;0;0;100;15.27;2.55;7.13;3.44;3.53;0.254;69.2;13.97;7.81;3.61;0.66;2.06;4.1;205.2;168.2;24.7;4.1;8.2;2.07;0.94;0.23;0.3;0.29;0.29;0.094;30.8;2.67;1.22;0.82;0.16;0.49;3.04;91.4;81.3;3;1;6.1;0.12;0.09;0.03;0.04
16;50;0;50;0;18.03;2.46;7.18;3.12;3.12;0.238;74.8;13.15;7.2;3.59;0.6;1.91;4.07;210;167.8;30.2;3.8;8.1;1.96;0.67;0.21;0.29;0.32;0.28;0.083;25.2;3.08;1.45;0.93;0.17;0.56;3.11;70.5;61.2;2;1.1;6.2;0.17;0.04;0.04;0.05
16;50;0;50;50;18.07;2.93;8.23;3.37;3.39;0.241;73.9;14.15;7.71;3.86;0.65;2.11;4.72;207.5;164.3;29.6;4.2;9.4;1.94;0.89;0.24;0.31;0.42;0.4;0.088;26.1;4.35;2.04;1.41;0.23;0.82;3.52;73;62.3;2;1.6;7;0.23;0.06;0.05;0.06
16;50;0;50;100;18.19;3.28;9.5;3.82;3.76;0.249;72.6;15.17;8.54;3.97;0.71;2.19;5.4;204;159.8;29;4.4;10.8;1.95;1.25;0.23;0.33;0.58;0.56;0.092;27.4;5.88;2.79;1.84;0.32;1.09;4.1;76.9;63.7;2.8;2.2;8.2;0.32;0.08;0.06;0.09
16;50;0;100;0;18.38;2.84;7.87;3.16;3.17;0.24;80.4;13.32;7.4;3.46;0.63;2.03;4.53;210.7;167.3;30.3;4.1;9.1;1.99;0.68;0.22;0.28;0.44;0.4;0.086;19.6;4.36;2.07;1.35;0.23;0.82;3.34;51.3;40.9;2.1;1.6;6.7;0.24;0.04;0.04;0.07
16;50;0;100;50;19.47;3.31;9.59;3.42;3.44;0.236;78.9;14.63;8.1;3.8;0.71;2.15;5.38;206.7;160.2;31.5;4.3;10.8;1.91;0.99;0.24;0.31;0.58;0.58;0.089;21.1;6.28;2.89;2.03;0.37;1.15;4.21;55;42.4;1.9;2.3;8.4;0.35;0.05;0.07;0.1
16;50;0;100;100;20.41;3.83;10.91;3.87;3.98;0.241;77.6;16.52;9.04;4.47;0.77;2.45;6.2;203.9;154;32.6;4.9;12.4;1.86;1.49;0.27;0.36;0.73;0.7;0.093;22.4;7.4;3.44;2.29;0.44;1.38;4.71;58.7;43.7;2.9;2.8;9.4;0.41;0.08;0.09;0.11
16;50;50;0;0;16.39;2.68;7.73;4.03;4.02;0.249;69.6;16.17;9.01;4.27;0.71;2.3;4.42;208.1;167.7;27;4.6;8.8;2.61;0.8;0.25;0.36;0.24;0.21;0.081;30.4;2.15;1.02;0.64;0.1;0.38;3.31;90.8;81.5;1.9;0.8;6.6;0.1;0.05;0.02;0.04
16;50;50;0;50;16.16;2.86;8.26;4.26;4.3;0.255;68.8;16.93;9.4;4.49;0.78;2.4;4.71;205;164.5;26.2;4.8;9.4;2.55;1.12;0.26;0.37;0.27;0.25;0.089;31.2;2.42;1.2;0.75;0.11;0.46;3.55;92.6;82.8;1.8;0.9;7.1;0.12;0.07;0.03;0.04
16;50;50;0;100;15.84;3.12;8.5;4.78;4.67;0.264;67.9;17.77;10.22;4.47;0.75;2.59;4.8;201.8;161.5;25.5;5.2;9.6;2.56;1.47;0.28;0.36;0.31;0.31;0.1;32.1;2.75;1.31;0.86;0.13;0.53;3.71;95.1;84;2.6;1.1;7.4;0.13;0.11;0.04;0.04
16;50;50;50;0;18.86;3.22;8.98;4.24;4.18;0.24;73.6;17.52;9.73;4.67;0.76;2.6;4.99;207.5;161.1;31.2;5.2;10;2.52;0.99;0.29;0.38;0.3;0.31;0.086;26.4;3.22;1.5;1.04;0.17;0.62;4;74.2;63.3;1.7;1.2;8;0.17;0.04;0.04;0.06
16;50;50;50;50;18.92;3.53;10.09;4.51;4.55;0.246;72.7;18.54;10.19;4.96;0.86;2.73;5.69;204.5;156.8;30.8;5.5;11.4;2.45;1.39;0.31;0.4;0.45;0.42;0.091;27.3;4.4;2.07;1.35;0.25;0.8;4.4;76.7;64.6;1.7;1.6;8.8;0.24;0.07;0.05;0.07
16;50;50;50;100;18.98;3.83;11.17;5.11;5.05;0.26;72.6;19.52;10.99;5.04;0.86;2.73;6.33;214.7;151.1;45.4;5.5;12.7;2.38;1.95;0.29;0.43;0.6;0.59;0.095;27.4;6.08;2.86;1.91;0.29;1.1;4.83;80.8;66.4;2.5;2.2;9.7;0.33;0.1;0.06;0.1
16;50;50;100;0;19.37;3.36;9.8;4.27;4.28;0.241;79;17.78;9.76;4.77;0.86;2.57;5.46;206.7;159;31.6;5.1;10.9;2.5;1.12;0.27;0.38;0.42;0.41;0.088;21;4.42;2.02;1.43;0.24;0.79;4.34;54.6;42.6;1.7;1.6;8.7;0.25;0.04;0.05;0.07
16;50;50;100;50;20.44;3.99;11.48;4.71;4.71;0.246;79;19.2;10.62;5.08;0.87;2.81;6.48;219.4;151.6;49.2;5.6;13;2.35;1.64;0.31;0.4;0.62;0.6;0.091;21;6.46;3.05;2.02;0.34;1.19;5;58.2;44.2;1.7;2.4;10;0.37;0.07;0.08;0.1
16;50;50;100;100;21.29;4.4;12.71;5.24;5.3;0.255;77.7;20.79;11.57;5.45;0.93;2.97;7.17;215.9;145;50.6;5.9;14.3;2.29;2.24;0.33;0.44;0.74;0.73;0.094;22.3;7.68;3.63;2.41;0.4;1.43;5.54;61.9;45.5;2.5;2.9;11.1;0.43;0.1;0.09;0.11
16;50;100;0;0;17.16;3.34;9.39;5.18;5.08;0.252;69.7;20.21;11.3;5.24;0.93;2.95;5.29;219.1;161;41.6;5.9;10.6;3.1;1.24;0.32;0.43;0.27;0.24;0.088;30.3;2.28;1.11;0.7;0.13;0.39;4.1;95;84.2;1.8;0.8;8.2;0.11;0.07;0.03;0.04
16;50;100;0;50;16.84;3.46;9.73;5.58;5.53;0.264;68.8;21.03;11.91;5.33;0.91;2.99;5.53;215.2;157.5;40.6;6;11.1;3.05;1.73;0.32;0.44;0.28;0.27;0.096;31.2;2.43;1.18;0.72;0.13;0.47;4.2;97.5;85.7;2.5;0.9;8.4;0.12;0.09;0.03;0.03
16;50;100;0;100;16.74;3.56;10.19;5.98;5.93;0.273;67.8;21.78;12.43;5.53;1;3.05;5.7;210.7;153.3;39.9;6.1;11.4;2.92;2.23;0.33;0.45;0.34;0.33;0.108;32.2;2.75;1.31;0.87;0.14;0.51;4.49;99.8;87.4;2.4;1;9;0.13;0.13;0.03;0.04
16;50;100;50;0;19.78;3.77;10.82;5.38;5.43;0.248;73.9;21.97;12.2;5.77;1.01;3.17;6.16;220.9;153.8;48.4;6.3;12.3;3;1.6;0.35;0.48;0.36;0.34;0.091;26.1;3.41;1.61;1.08;0.17;0.6;4.66;77.8;65.6;1.7;1.2;9.3;0.18;0.07;0.04;0.05
16;50;100;50;50;19.84;4.01;11.73;5.92;5.83;0.257;72.7;22.73;12.74;5.9;1.02;3.19;6.67;216.3;148.9;47.7;6.4;13.3;2.9;2.1;0.35;0.48;0.47;0.46;0.095;27.3;4.61;2.14;1.45;0.26;0.82;5.06;81.2;67.1;2.4;1.6;10.1;0.25;0.09;0.05;0.07
16;50;100;50;100;20.06;4.44;12.69;6.53;6.43;0.272;71.3;23.68;13.53;6.06;1.06;3.29;7.18;210.8;142.3;47.5;6.6;14.4;2.74;2.84;0.35;0.5;0.65;0.63;0.1;28.7;6.15;2.96;1.88;0.31;1.15;5.51;84.6;69.1;2.2;2.3;11;0.34;0.12;0.07;0.1
16;50;100;100;0;20.54;4.18;11.78;5.39;5.46;0.245;79;22.39;12.37;5.93;1;3.27;6.6;219.5;150;49.7;6.5;13.2;2.9;1.72;0.37;0.48;0.48;0.46;0.092;21;4.79;2.26;1.53;0.25;0.91;5.18;58.3;44.5;1.6;1.8;10.4;0.26;0.06;0.06;0.08
16;50;100;100;50;21.41;4.71;13.45;5.97;5.98;0.253;77.5;23.75;13.24;6.26;1.1;3.38;7.64;215.9;142.6;51.2;6.8;15.3;2.76;2.33;0.37;0.52;0.68;0.66;0.094;22.5;6.84;3.29;2.1;0.37;1.32;5.82;62.6;46;2.4;2.6;11.6;0.39;0.09;0.08;0.1
16;50;100;100;100;22.58;5;14.24;6.84;6.79;0.268;76.3;25.37;14.52;6.45;1.05;3.53;8.14;211;133.8;53.8;7.1;16.3;2.58;3.28;0.39;0.54;0.8;0.78;0.097;23.7;7.87;3.74;2.4;0.37;1.48;6.09;65.2;47.8;2.3;3;12.2;0.44;0.12;0.09;0.12
16;100;0;0;0;17.6;2.78;7.76;4.04;4.05;0.259;63;15.68;8.79;4.05;0.72;2.3;4.4;155.8;116.2;26.1;4.6;8.8;2.88;0.6;0.25;0.32;0.31;0.27;0.089;37;2.66;1.27;0.85;0.14;0.48;3.36;91.4;78.8;4.9;1;6.7;0.1;0.09;0.03;0.04
16;100;0;0;50;17.01;2.88;8.04;4.09;4.18;0.263;62.8;15.93;9.01;4.07;0.69;2.32;4.57;155;116.3;25;4.6;9.1;2.87;0.72;0.26;0.33;0.34;0.33;0.101;37.2;3;1.45;0.95;0.14;0.56;3.47;91.7;78.7;4.9;1.1;6.9;0.11;0.15;0.03;0.05
16;100;0;0;100;16.68;3.03;8.72;4.5;4.43;0.265;61.6;16.81;9.55;4.28;0.8;2.37;4.91;153.5;115;24;4.7;9.8;2.88;0.94;0.26;0.35;0.43;0.43;0.114;38.4;3.58;1.7;1.14;0.19;0.66;3.82;95.6;79.6;7.1;1.3;7.6;0.12;0.22;0.04;0.05
16;100;0;50;0;19.5;2.95;8.43;4.02;4.01;0.254;68.2;15.83;8.84;4.12;0.72;2.27;4.75;158;114.5;29.5;4.5;9.5;2.78;0.65;0.24;0.34;0.37;0.36;0.092;31.8;3.67;1.75;1.13;0.23;0.67;3.68;73.7;60;4.9;1.3;7.4;0.16;0.09;0.05;0.06
16;100;0;50;50;19.53;3.41;9.51;4.3;4.31;0.255;67.4;16.96;9.61;4.29;0.73;2.52;5.33;157.1;112.3;29.1;5;10.7;2.8;0.88;0.27;0.36;0.55;0.51;0.098;32.6;5.08;2.37;1.56;0.29;0.89;4.18;75.9;61;4.8;1.8;8.4;0.23;0.14;0.06;0.08
16;100;0;50;100;19.67;3.73;10.75;4.61;4.63;0.26;65.8;17.86;10.01;4.65;0.79;2.53;6.08;155.8;110;28.5;5.1;12.2;2.73;1.22;0.29;0.38;0.7;0.71;0.103;34.2;6.7;3.16;2.1;0.35;1.19;4.68;80.8;62.1;7;2.4;9.4;0.31;0.21;0.08;0.1
16;100;0;100;0;20.11;3.33;9.31;4.15;4.13;0.254;74.3;16.35;9.24;4.28;0.72;2.43;5.29;159.1;113.7;30.1;4.9;10.6;2.84;0.68;0.28;0.34;0.47;0.47;0.092;25.7;4.91;2.29;1.58;0.27;0.91;4.02;55.1;40.3;4.9;1.8;8;0.24;0.09;0.06;0.08
16;100;0;100;50;20.66;3.77;10.72;4.38;4.33;0.25;73.2;17.36;9.63;4.58;0.74;2.58;6.03;158.1;110.1;30.7;5.2;12.1;2.72;0.97;0.28;0.36;0.71;0.68;0.096;26.8;6.9;3.14;2.21;0.36;1.19;4.69;57.7;41.4;4.6;2.4;9.4;0.34;0.14;0.08;0.11
16;100;0;100;100;21.5;4.16;11.98;4.89;4.8;0.254;71.5;18.99;10.68;4.9;0.88;2.74;6.81;157.1;106.2;31.8;5.5;13.6;2.65;1.44;0.3;0.41;0.85;0.82;0.1;28.5;8.04;3.75;2.54;0.43;1.42;5.17;62.4;42.6;6.7;2.8;10.3;0.4;0.2;0.09;0.13
16;100;50;0;0;17.66;3.46;10;5.58;5.66;0.266;62.9;21.34;12.02;5.48;0.98;2.98;5.67;158.3;114.6;26.4;6;11.3;4.08;0.8;0.32;0.46;0.28;0.27;0.093;37.1;2.57;1.2;0.82;0.13;0.48;4.33;93.3;79.8;3.9;1;8.7;0.1;0.1;0.03;0.04
16;100;50;0;50;17.42;3.71;10.54;5.92;5.93;0.271;62;21.98;12.54;5.64;0.94;3.13;6.05;157.5;113.7;25.5;6.3;12.1;4.04;1.09;0.34;0.46;0.37;0.38;0.109;38;3.16;1.5;0.98;0.18;0.58;4.49;96.4;80.3;5.9;1.2;9;0.12;0.17;0.04;0.05
16;100;50;0;100;17.31;3.84;10.8;6.51;6.29;0.275;61.3;22.91;13.29;5.65;1.01;3.25;6.19;155.5;111.5;25.1;6.5;12.4;3.97;1.48;0.38;0.47;0.41;0.46;0.123;38.7;3.47;1.66;1.1;0.18;0.59;4.61;98;81.6;5.9;1.2;9.2;0.12;0.24;0.04;0.06
16;100;50;50;0;19.71;3.79;10.91;5.79;5.73;0.26;67.8;22.15;12.43;5.7;0.99;3.12;6.13;159.9;111.4;30;6.2;12.3;3.98;0.95;0.34;0.46;0.38;0.36;0.093;32.2;3.61;1.71;1.12;0.18;0.67;4.78;76;61.5;3.7;1.3;9.6;0.17;0.1;0.04;0.05
16;100;50;50;50;20.16;4.17;12.22;6.06;6.07;0.262;66.3;23.23;13.01;6.04;1.1;3.24;6.95;159.1;108.8;29.9;6.5;13.9;3.87;1.36;0.36;0.49;0.54;0.54;0.104;33.7;5.08;2.43;1.57;0.26;0.93;5.27;80.9;62.7;5.8;1.9;10.5;0.24;0.17;0.06;0.08
16;100;50;50;100;20;4.67;12.94;6.46;6.46;0.272;67.2;23.77;13.61;6.06;0.98;3.43;7.31;170.8;105.3;44;6.9;14.6;3.73;1.87;0.37;0.49;0.72;0.73;0.107;32.8;6.7;3.2;2.03;0.38;1.24;5.63;83.4;64.3;5.4;2.5;11.3;0.32;0.22;0.08;0.11
16;100;50;100;0;20.32;4;11.76;5.82;5.83;0.259;73.7;22.56;12.61;5.78;1.07;3.15;6.73;160.2;109.5;30.9;6.3;13.5;3.92;1.09;0.33;0.49;0.53;0.48;0.094;26.3;4.9;2.3;1.56;0.24;0.86;5.03;57;41.6;3.7;1.7;10.1;0.25;0.1;0.05;0.08
16;100;50;100;50;21.67;4.7;13.37;6.37;6.25;0.261;73.6;24;13.53;6.18;1.09;3.44;7.53;174.6;104.4;48.2;6.9;15.1;3.76;1.62;0.37;0.5;0.71;0.7;0.099;26.4;6.9;3.25;2.15;0.37;1.26;5.84;62.7;43.1;5.4;2.5;11.7;0.36;0.16;0.09;0.1
16;100;50;100;100;22.21;5.03;14.37;6.71;6.7;0.268;72.8;25.06;14.24;6.34;1.11;3.56;8.08;173.7;100.9;49.5;7.1;16.2;3.62;2.18;0.4;0.5;0.88;0.86;0.103;27.2;8.16;3.95;2.56;0.4;1.47;6.29;64.9;44.2;5.2;2.9;12.6;0.41;0.22;0.09;0.13
16;100;100;0;0;17.78;4.15;11.59;6.74;6.81;0.267;63.9;25.6;14.55;6.49;1.14;3.65;6.51;171.1;110.3;40.4;7.3;13;4.66;1.21;0.39;0.55;0.28;0.29;0.099;36.1;2.57;1.24;0.76;0.16;0.49;5.08;96.4;82.4;2.9;1;10.2;0.11;0.12;0.03;0.04
16;100;100;0;50;17.64;4.24;11.89;7.15;7.18;0.276;63.1;26.11;14.91;6.59;1.17;3.72;6.75;169.1;108.5;39.7;7.4;13.5;4.57;1.67;0.39;0.54;0.36;0.35;0.111;36.9;2.85;1.39;0.87;0.16;0.51;5.14;99;83.5;4.2;1;10.3;0.12;0.16;0.03;0.04
16;100;100;0;100;17.59;4.36;12.12;7.82;7.61;0.282;62.1;27.01;15.77;6.67;1.1;3.77;6.8;166;105.6;39.3;7.5;13.6;4.48;2.19;0.41;0.54;0.46;0.44;0.125;37.9;3.23;1.59;0.97;0.17;0.59;5.32;101.2;85.3;4.1;1.2;10.6;0.12;0.23;0.04;0.05
16;100;100;50;0;20.34;4.48;12.69;6.97;6.97;0.262;68.8;26.68;15.09;6.97;1.12;3.79;7.17;174.9;105.5;47.4;7.6;14.3;4.42;1.56;0.4;0.57;0.41;0.38;0.099;31.2;3.6;1.74;1.11;0.17;0.69;5.51;79.3;64.2;2.7;1.4;11;0.17;0.11;0.04;0.06
16;100;100;50;50;20.55;4.65;13.63;7.43;7.37;0.269;67.5;27.48;15.59;7.04;1.23;3.81;7.76;172.6;102.6;46.9;7.6;15.5;4.32;2.06;0.43;0.56;0.55;0.53;0.104;32.5;4.93;2.29;1.58;0.25;0.84;5.87;83;65.5;4.1;1.7;11.7;0.24;0.16;0.05;0.08
16;100;100;50;100;20.64;5.02;14.35;8.1;7.87;0.281;66.1;28.05;16.22;6.98;1.24;3.82;8.01;168.4;98.4;46.3;7.6;16;4.14;2.75;0.42;0.55;0.73;0.72;0.107;33.9;6.56;3.12;1.98;0.36;1.2;6.34;86.3;67.5;3.8;2.4;12.7;0.34;0.21;0.07;0.1
16;100;100;100;0;21.13;4.87;13.7;7.11;7.04;0.26;74.5;27.19;15.45;7.02;1.22;3.97;7.69;175.1;103;48.7;7.9;15.4;4.37;1.67;0.43;0.57;0.48;0.5;0.096;25.5;4.97;2.34;1.52;0.28;0.91;6.01;59.9;43.5;2.6;1.8;12;0.26;0.1;0.06;0.08
16;100;100;100;50;21.9;5.34;15.05;7.34;7.41;0.265;72.9;28.03;15.86;7.27;1.23;4.04;8.53;173.7;98.9;49.7;8.1;17.1;4.15;2.24;0.43;0.59;0.75;0.72;0.099;27.1;7.07;3.33;2.14;0.4;1.3;6.52;64.4;44.8;3.9;2.6;13;0.38;0.15;0.08;0.11
16;100;100;100;100;23.12;5.51;16.08;8.29;8.13;0.276;71.5;29.45;16.8;7.59;1.26;4.01;8.89;170.4;92;52.6;8;17.8;3.87;3.23;0.43;0.59;0.95;0.86;0.102;28.5;8.26;3.97;2.56;0.42;1.5;7.19;68;46.9;3.7;3;14.4;0.44;0.2;0.09;0.13
17;0;0;0;0;16.23;1.75;5.08;2.04;2.05;0.217;76.3;9.47;5.07;2.58;0.44;1.4;2.94;265.6;228.9;27.9;2.8;5.9;1.05;0.63;0.16;0.22;0.2;0.19;0.073;23.7;2.01;0.92;0.65;0.11;0.34;2.14;82.3;75.4;2;0.7;4.3;0.1;0.04;0.02;0.03
17;0;0;0;50;15.72;1.89;5.47;2.24;2.25;0.226;76;9.98;5.41;2.71;0.46;1.52;3.1;263.3;227.3;26.7;3;6.2;1.09;0.78;0.16;0.21;0.21;0.21;0.077;24;2.23;0.99;0.74;0.13;0.37;2.38;83.2;75.9;1.8;0.7;4.8;0.11;0.05;0.02;0.03
17;0;0;0;100;15.59;2.02;5.85;2.55;2.49;0.229;75.1;10.89;5.96;2.96;0.49;1.58;3.37;259.2;222.9;26.3;3.2;6.7;1.02;1.04;0.17;0.25;0.25;0.25;0.089;24.9;2.42;1.13;0.76;0.14;0.44;2.48;85.6;77.1;2.8;0.9;5;0.11;0.07;0.03;0.04
17;0;0;50;0;17.78;2.06;5.84;2.07;2.09;0.214;80.5;9.79;5.27;2.72;0.44;1.49;3.41;267.2;226.7;30.6;3;6.8;1.04;0.67;0.17;0.22;0.26;0.27;0.081;19.5;2.94;1.35;0.95;0.17;0.57;2.43;64.7;57;1.8;1.1;4.9;0.16;0.03;0.03;0.04
17;0;0;50;50;18.12;2.34;6.87;2.37;2.34;0.218;79.6;10.75;5.75;2.97;0.52;1.59;3.92;263;221.4;30.6;3.2;7.8;1.02;0.91;0.18;0.22;0.41;0.37;0.087;20.4;4.1;1.89;1.32;0.21;0.75;2.95;67.2;58.1;1.8;1.5;5.9;0.23;0.04;0.04;0.06
17;0;0;50;100;18.61;2.87;8.11;2.83;2.77;0.228;78.2;12.22;6.75;3.27;0.56;1.85;4.63;257.1;213.4;30.7;3.7;9.3;0.97;1.33;0.2;0.27;0.53;0.51;0.091;21.8;5.39;2.56;1.65;0.31;1.02;3.47;71.4;59.7;2.7;2;6.9;0.3;0.07;0.06;0.08
17;0;0;100;0;18.31;2.31;6.81;2.12;2.16;0.214;84.8;10.11;5.37;2.76;0.52;1.53;3.86;265.9;224.2;30.9;3.1;7.7;1.08;0.69;0.17;0.23;0.41;0.4;0.087;15.2;4.38;2.04;1.37;0.25;0.78;2.94;47.5;38.2;1.8;1.6;5.9;0.25;0.03;0.05;0.07
17;0;0;100;50;19.25;2.9;8.25;2.54;2.46;0.215;83.7;11.44;6.15;3.13;0.53;1.75;4.66;260.6;215.9;31.9;3.5;9.3;1.03;0.99;0.19;0.26;0.57;0.56;0.088;16.3;6.19;2.87;1.96;0.39;1.15;3.6;50.6;39.4;1.7;2.3;7.2;0.35;0.05;0.07;0.1
17;0;0;100;100;20.01;3.37;9.59;3.01;2.94;0.224;82.3;13.16;7.18;3.57;0.6;1.95;5.44;254.1;206.4;32.9;3.9;10.9;0.94;1.49;0.22;0.29;0.68;0.69;0.091;17.7;7.39;3.49;2.29;0.44;1.42;4.15;54.3;40.7;2.4;2.8;8.3;0.42;0.06;0.09;0.12
17;0;50;0;0;16.7;2.06;5.85;2.33;2.36;0.214;75.3;11.1;5.9;3.04;0.55;1.69;3.27;260.3;221.8;28.6;3.4;6.5;1.06;0.86;0.2;0.25;0.2;0.2;0.077;24.7;2.06;0.96;0.64;0.13;0.37;2.58;85;77.4;1.8;0.7;5.2;0.1;0.04;0.02;0.03
17;0;50;0;50;16.4;2.24;6.28;2.66;2.66;0.223;74.7;11.88;6.51;3.15;0.56;1.81;3.53;255.9;217.5;27.7;3.6;7.1;1;1.2;0.2;0.25;0.21;0.24;0.087;25.3;2.33;1.09;0.73;0.13;0.43;2.74;86.6;78.6;1.7;0.9;5.5;0.11;0.06;0.03;0.04
17;0;50;0;100;16.19;2.31;6.7;3.08;3.05;0.238;73.9;12.83;7.09;3.39;0.57;1.86;3.83;252.3;213.8;27.2;3.7;7.7;0.98;1.59;0.2;0.28;0.27;0.28;0.098;26.1;2.51;1.19;0.8;0.12;0.45;2.88;88.9;79.6;2.6;0.9;5.8;0.12;0.1;0.03;0.04
17;0;50;50;0;18.6;2.43;6.96;2.53;2.51;0.207;79.2;12.17;6.53;3.34;0.56;1.85;3.98;259.6;216.2;31.8;3.7;8;1.02;1;0.2;0.28;0.34;0.3;0.086;20.8;3.2;1.51;1;0.19;0.58;2.97;68;59.1;1.7;1.2;5.9;0.17;0.04;0.04;0.05
17;0;50;50;50;19.13;2.91;8.21;3.06;2.98;0.218;77.9;13.72;7.46;3.75;0.66;2.11;4.61;252.9;207.4;32.1;4.2;9.2;0.99;1.46;0.23;0.3;0.42;0.42;0.091;22.1;4.37;2.03;1.4;0.24;0.8;3.6;71.4;61;1.6;1.6;7.2;0.24;0.06;0.05;0.07
17;0;50;50;100;19.34;3.27;9.41;3.66;3.57;0.239;77.7;14.96;8.28;4.02;0.67;2.21;5.34;262.8;200.1;47.7;4.4;10.7;0.94;2.06;0.24;0.33;0.59;0.56;0.094;22.3;5.83;2.74;1.79;0.34;1.06;4.07;75.2;62.5;2.5;2.1;8.1;0.32;0.09;0.06;0.08
17;0;50;100;0;19.27;2.88;8.01;2.68;2.68;0.21;83.5;12.79;6.77;3.59;0.61;1.98;4.52;257.1;211.8;32.4;4;9;1.02;1.15;0.21;0.3;0.46;0.43;0.089;16.5;4.62;2.22;1.46;0.23;0.9;3.49;50.4;40;1.7;1.8;7;0.26;0.04;0.06;0.07
17;0;50;100;50;20.17;3.37;9.68;3.26;3.16;0.221;83.2;14.33;7.82;3.91;0.65;2.16;5.5;267.2;201.7;50.2;4.3;11;0.93;1.67;0.23;0.32;0.59;0.6;0.09;16.8;6.51;3.06;2.02;0.4;1.22;4.18;53.6;41.4;1.5;2.4;8.4;0.37;0.05;0.07;0.1
17;0;50;100;100;21.15;3.8;10.9;3.89;3.79;0.236;82;16.09;8.95;4.2;0.75;2.36;6.23;261.3;192.4;51.7;4.7;12.5;0.88;2.3;0.26;0.36;0.74;0.74;0.094;18;7.8;3.65;2.43;0.41;1.44;4.67;57.1;42.6;2.2;2.9;9.3;0.44;0.09;0.09;0.12
17;0;100;0;0;17.42;2.49;6.97;2.91;2.86;0.213;75.1;13.47;7.27;3.7;0.61;2.08;3.99;267.8;211.5;44.1;4.2;8;1;1.34;0.22;0.3;0.23;0.23;0.085;24.9;2.27;1.01;0.75;0.12;0.41;2.98;88.7;80.2;1.7;0.8;6;0.11;0.06;0.02;0.03
17;0;100;0;50;17.08;2.56;7.25;3.33;3.33;0.235;74.4;14.22;7.78;3.79;0.69;2.14;4.1;262.7;207.1;43.1;4.3;8.2;0.96;1.83;0.24;0.31;0.25;0.26;0.094;25.6;2.35;1.09;0.78;0.12;0.42;3.15;90.2;81.5;1.6;0.8;6.3;0.11;0.09;0.02;0.04
17;0;100;0;100;17.06;2.65;7.73;3.82;3.91;0.258;73.4;15.17;8.47;3.97;0.7;2.15;4.34;257.5;202.1;42.3;4.3;8.7;0.92;2.43;0.24;0.32;0.32;0.33;0.106;26.6;2.76;1.3;0.84;0.17;0.49;3.38;93.2;82.8;2.7;1;6.8;0.13;0.13;0.03;0.04
17;0;100;50;0;19.81;2.93;8.25;3.21;3.18;0.212;78.5;15.01;8.03;4.16;0.69;2.29;4.65;265.5;201.3;50.3;4.6;9.3;0.9;1.68;0.26;0.34;0.31;0.34;0.09;21.5;3.47;1.58;1.12;0.19;0.64;3.6;72.3;62.2;1.6;1.3;7.2;0.19;0.06;0.04;0.05
17;0;100;50;50;20.13;3.36;9.26;3.85;3.8;0.23;77.5;16.57;9.16;4.38;0.73;2.53;5.19;259.3;193.2;50.6;5.1;10.4;0.9;2.25;0.28;0.37;0.45;0.45;0.094;22.5;4.51;2.12;1.37;0.24;0.83;4.06;75.1;63.9;1.4;1.7;8.1;0.25;0.07;0.05;0.07
17;0;100;50;100;20.44;3.71;10.49;4.67;4.67;0.262;76.1;17.86;10.22;4.53;0.74;2.63;5.95;252.7;185.3;50.2;5.3;11.9;0.87;3.12;0.3;0.38;0.6;0.62;0.098;23.9;6.13;2.82;1.99;0.31;1.08;4.54;79;65.5;2.3;2.2;9.1;0.34;0.12;0.06;0.1
17;0;100;100;0;20.21;3.29;9.09;3.32;3.27;0.211;83.2;15.45;8.36;4.21;0.75;2.4;5.14;264.4;198.6;50.8;4.8;10.3;0.92;1.74;0.26;0.35;0.49;0.45;0.09;16.8;4.77;2.27;1.44;0.25;0.9;3.95;53;41.8;1.5;1.8;7.9;0.27;0.05;0.06;0.08
17;0;100;100;50;21.33;3.87;10.85;3.85;3.94;0.228;81.9;17.31;9.32;4.74;0.77;2.58;6.12;258.5;188.3;52.8;5.2;12.2;0.88;2.38;0.28;0.39;0.64;0.64;0.094;18.1;6.68;3.14;2.11;0.33;1.29;4.73;56.8;43.2;1.5;2.6;9.5;0.38;0.08;0.08;0.11
17;0;100;100;100;22.19;4.34;12.2;4.92;4.99;0.26;80.5;19.19;10.8;4.98;0.88;2.79;6.93;250.3;176.6;54.2;5.6;13.9;0.81;3.45;0.32;0.41;0.77;0.79;0.094;19.5;8.15;3.84;2.52;0.48;1.54;5.27;60.5;44.8;2.1;3.1;10.5;0.46;0.1;0.09;0.13
17;50;0;0;0;16.38;2.27;6.44;3.19;3.24;0.25;72;13.06;7.23;3.48;0.61;1.91;3.63;212.8;174.1;27.6;3.8;7.3;2.13;0.62;0.22;0.28;0.17;0.18;0.076;28;1.94;0.86;0.65;0.12;0.36;2.81;82.7;74.5;1.9;0.7;5.6;0.1;0.04;0.02;0.03
17;50;0;0;50;16.03;2.36;6.61;3.35;3.33;0.25;71.4;13.34;7.44;3.47;0.62;1.96;3.7;209.6;171.7;26.6;3.9;7.4;2.04;0.79;0.22;0.28;0.23;0.21;0.078;28.6;2.23;1.01;0.74;0.12;0.4;2.91;83.9;75.4;1.9;0.8;5.8;0.11;0.05;0.02;0.04
17;50;0;0;100;15.67;2.49;7.06;3.63;3.6;0.255;70.8;14.16;8;3.63;0.61;2.03;4.02;208;170.1;25.8;4.1;8;2.07;1;0.24;0.3;0.26;0.26;0.087;29.2;2.48;1.2;0.77;0.13;0.46;3.04;85.7;76;2.7;0.9;6.1;0.12;0.08;0.03;0.03
17;50;0;50;0;17.83;2.44;7.26;3.23;3.26;0.245;76.6;13.38;7.37;3.63;0.57;1.9;4.17;214.4;172.2;30.2;3.8;8.3;2.08;0.66;0.23;0.29;0.28;0.28;0.082;23.4;3.03;1.37;0.99;0.16;0.55;3.09;65.5;56.4;1.8;1.1;6.2;0.16;0.03;0.03;0.05
17;50;0;50;50;18.55;2.85;8.26;3.6;3.55;0.245;75.5;14.59;8.12;3.86;0.66;2.11;4.65;211.2;167;30.7;4.2;9.3;2.07;0.93;0.24;0.31;0.42;0.37;0.086;24.5;4.06;1.94;1.26;0.22;0.75;3.61;68.3;57.8;1.8;1.5;7.2;0.22;0.05;0.04;0.06
17;50;0;50;100;18.63;3.24;9.29;3.86;3.86;0.25;74.3;15.5;8.63;4.02;0.72;2.21;5.29;207.9;162.5;30.3;4.4;10.6;1.97;1.31;0.24;0.34;0.53;0.51;0.092;25.7;5.39;2.56;1.66;0.26;1.03;3.99;71.7;59.1;2.6;2.1;8;0.3;0.07;0.06;0.08
17;50;0;100;0;18.43;2.81;7.91;3.16;3.24;0.242;81.6;13.4;7.37;3.61;0.61;2.01;4.53;214.1;170.4;30.6;4;9.1;2.05;0.69;0.22;0.29;0.4;0.39;0.086;18.4;4.33;1.98;1.38;0.23;0.81;3.39;48.1;37.8;1.8;1.6;6.8;0.24;0.03;0.05;0.06
17;50;0;100;50;19.48;3.34;9.49;3.54;3.55;0.239;80.3;14.95;8.25;3.94;0.67;2.2;5.4;210.4;163.3;32;4.4;10.8;1.96;1.02;0.25;0.32;0.59;0.56;0.089;19.7;6.11;2.87;1.95;0.3;1.14;4.1;51.4;39.2;1.7;2.3;8.2;0.35;0.05;0.07;0.09
17;50;0;100;100;20.25;3.66;10.64;4.17;4.04;0.244;79.1;16.55;9.16;4.34;0.74;2.36;6.14;206.7;156.9;32.8;4.7;12.3;1.91;1.5;0.27;0.36;0.69;0.67;0.091;20.9;7.17;3.28;2.33;0.4;1.3;4.5;54.5;40.3;2.6;2.6;9;0.41;0.08;0.08;0.11
17;50;50;0;0;17.04;2.85;7.9;4.13;4.18;0.251;71.1;16.7;9.26;4.39;0.74;2.45;4.43;211.6;169.7;28.2;4.9;8.9;2.69;0.87;0.26;0.36;0.23;0.21;0.08;28.9;2.07;0.97;0.64;0.1;0.39;3.46;85.7;76.2;1.8;0.8;6.9;0.1;0.05;0.03;0.03
17;50;50;0;50;16.68;3;8.36;4.41;4.49;0.258;70.6;17.49;9.81;4.59;0.79;2.59;4.79;209.2;167.1;27.3;5.2;9.6;2.65;1.19;0.28;0.37;0.24;0.24;0.086;29.4;2.25;1.09;0.7;0.12;0.41;3.57;86.9;77.1;1.8;0.8;7.1;0.11;0.07;0.02;0.04
17;50;50;0;100;16.45;3.11;8.59;4.96;4.84;0.265;69.6;18.31;10.48;4.64;0.83;2.65;4.89;204.9;163;26.9;5.3;9.8;2.58;1.59;0.29;0.38;0.27;0.27;0.092;30.4;2.43;1.17;0.71;0.14;0.47;3.7;89.3;78.6;2.3;0.9;7.4;0.12;0.09;0.03;0.03
17;50;50;50;0;18.92;3.09;8.92;4.2;4.24;0.244;75.4;17.45;9.57;4.57;0.79;2.52;5.09;211.7;165;31.5;5;10.2;2.59;0.99;0.27;0.39;0.28;0.29;0.086;24.6;3.13;1.42;1;0.19;0.57;3.83;68.9;58.4;1.7;1.1;7.7;0.17;0.04;0.03;0.05
17;50;50;50;50;19.55;3.52;10.24;4.62;4.73;0.249;74.3;19.06;10.52;5.12;0.86;2.76;5.81;208.4;159.3;31.9;5.5;11.6;2.55;1.46;0.3;0.42;0.4;0.41;0.092;25.7;4.21;1.96;1.32;0.26;0.76;4.43;72.1;59.9;1.7;1.5;8.9;0.23;0.07;0.05;0.06
17;50;50;50;100;19.72;3.92;10.86;5.19;5.15;0.262;74.5;19.68;11.22;5.01;0.91;2.9;6.14;219.9;154.4;47.4;5.8;12.3;2.41;2;0.33;0.41;0.59;0.55;0.096;25.5;5.56;2.66;1.73;0.31;1.01;4.72;75.3;61.3;2.5;2;9.4;0.3;0.1;0.06;0.09
17;50;50;100;0;19.42;3.49;9.87;4.38;4.4;0.245;80.4;17.99;9.97;4.73;0.84;2.66;5.58;210.7;162.4;31.9;5.3;11.2;2.58;1.14;0.3;0.38;0.41;0.41;0.088;19.6;4.46;2.08;1.44;0.25;0.83;4.29;51.2;39.3;1.6;1.7;8.6;0.25;0.04;0.05;0.07
17;50;50;100;50;20.35;3.96;11.3;4.79;4.77;0.251;80.2;19.09;10.61;5.04;0.85;2.79;6.3;222.2;155;49;5.6;12.6;2.44;1.61;0.32;0.4;0.62;0.6;0.091;19.8;6.51;3;2.05;0.37;1.17;5;54.7;40.7;1.7;2.3;10;0.37;0.07;0.07;0.1
17;50;50;100;100;21.25;4.45;12.37;5.38;5.36;0.259;79;20.78;11.65;5.37;0.93;2.98;7.01;219;148;51;6;14;2.35;2.24;0.33;0.44;0.74;0.73;0.094;21;7.61;3.63;2.33;0.42;1.46;5.36;57.9;42;2.3;2.9;10.7;0.43;0.09;0.09;0.12
17;50;100;0;0;17.82;3.47;9.37;5.37;5.27;0.255;71.3;20.79;11.71;5.36;0.94;3.06;5.27;223.1;162.6;43.9;6.1;10.5;3.18;1.31;0.34;0.44;0.23;0.21;0.084;28.7;2.04;1.01;0.59;0.1;0.41;4.1;89.5;78.8;1.7;0.8;8.2;0.1;0.06;0.02;0.03
17;50;100;0;50;17.46;3.51;9.77;5.81;5.73;0.267;70.5;21.54;12.29;5.5;0.93;3.09;5.59;219.5;159.7;42.4;6.2;11.2;3.12;1.81;0.35;0.45;0.25;0.26;0.094;29.5;2.32;1.1;0.7;0.15;0.42;4.17;91.5;79.9;2.5;0.8;8.3;0.11;0.09;0.02;0.03
17;50;100;0;100;17.21;3.58;10.13;6.26;6.24;0.281;69.7;22.26;12.87;5.62;0.96;3.1;5.79;215.1;156.1;41.2;6.2;11.6;3.06;2.37;0.34;0.47;0.34;0.31;0.103;30.3;2.66;1.31;0.76;0.14;0.48;4.34;93.2;81.2;2.4;1;8.7;0.12;0.13;0.03;0.04
17;50;100;50;0;20.11;3.84;10.8;5.55;5.56;0.251;75.3;22.2;12.35;5.99;0.95;3.23;6.07;223.8;155.8;49.4;6.5;12.1;3.06;1.64;0.38;0.48;0.36;0.32;0.09;24.7;3.25;1.56;1;0.17;0.61;4.72;73.2;60.9;1.7;1.2;9.4;0.17;0.06;0.04;0.05
17;50;100;50;50;20.4;4.09;11.85;5.96;5.94;0.259;74.1;23.03;12.92;6.04;1.06;3.26;6.78;220.2;150.5;49.6;6.5;13.6;2.89;2.2;0.35;0.49;0.46;0.46;0.096;25.9;4.53;2.13;1.39;0.28;0.84;5.08;76.6;62.4;2.4;1.7;10.2;0.24;0.09;0.05;0.07
17;50;100;50;100;20.54;4.38;12.66;6.58;6.69;0.28;72.9;23.95;13.65;6.12;1.04;3.31;7.16;214.2;144.2;49.1;6.6;14.3;2.8;3.02;0.37;0.51;0.62;0.6;0.097;27.1;5.99;2.9;1.85;0.31;1.07;5.5;79.5;64.1;2.3;2.1;11;0.33;0.11;0.06;0.09
17;50;100;100;0;20.34;4.13;11.62;5.39;5.46;0.249;80.2;22.01;12.17;5.82;0.97;3.24;6.5;222.2;153.5;49.2;6.5;13;2.94;1.68;0.36;0.48;0.52;0.46;0.091;19.8;4.83;2.32;1.51;0.27;0.89;5.12;54.6;40.9;1.6;1.8;10.2;0.27;0.06;0.05;0.08
17;50;100;100;50;21.48;4.63;13.26;6.05;6.03;0.256;78.9;23.59;13.35;5.99;1.06;3.45;7.5;219.2;146;51.2;6.9;15;2.83;2.32;0.37;0.51;0.66;0.64;0.094;21.1;6.71;3.08;2.15;0.38;1.18;5.75;58.5;42.3;2.3;2.4;11.5;0.38;0.09;0.07;0.1
17;50;100;100;100;22.32;5.03;14.39;7.04;6.92;0.277;77.6;25.01;14.48;6.28;1.1;3.5;8.17;214.2;138;52.8;7;16.3;2.67;3.36;0.38;0.52;0.81;0.81;0.096;22.4;8.22;3.79;2.62;0.48;1.53;6.21;61.5;43.8;2.2;3.1;12.4;0.46;0.12;0.09;0.13
17;100;0;0;0;17.58;2.69;7.68;4.27;4.22;0.265;65.1;16;9.11;4.09;0.69;2.23;4.34;158.7;118.5;27.1;4.5;8.7;3.03;0.6;0.26;0.34;0.24;0.24;0.084;34.9;2.38;1.16;0.74;0.13;0.45;3.35;85;73.2;4.2;0.9;6.7;0.1;0.08;0.03;0.04
17;100;0;0;50;17.25;2.79;8.02;4.44;4.4;0.267;64.9;16.54;9.4;4.26;0.68;2.3;4.57;158;118;26.3;4.6;9.1;3.02;0.77;0.26;0.35;0.3;0.3;0.096;35.1;2.76;1.3;0.86;0.13;0.49;3.45;85.5;73.5;4.1;1;6.9;0.1;0.13;0.03;0.04
17;100;0;0;100;16.86;3.05;8.55;4.62;4.68;0.269;63.9;17.45;9.9;4.43;0.78;2.5;4.89;156.7;116.6;25.2;5;9.8;3.04;0.98;0.3;0.37;0.4;0.37;0.108;36.1;3.16;1.56;0.96;0.14;0.56;3.66;88.6;74.2;6;1.1;7.3;0.11;0.18;0.04;0.05
17;100;0;50;0;19.21;2.94;8.39;4.25;4.24;0.26;70.3;16.34;9.27;4.13;0.76;2.37;4.74;161;116.9;29.9;4.7;9.5;2.98;0.66;0.26;0.35;0.35;0.33;0.09;29.7;3.4;1.6;1.06;0.19;0.58;3.65;68.1;55.5;4.1;1.2;7.3;0.16;0.08;0.04;0.06
17;100;0;50;50;19.55;3.37;9.64;4.52;4.48;0.259;69.2;17.34;9.87;4.46;0.77;2.54;5.41;159.8;114.1;29.8;5.1;10.8;2.91;0.91;0.28;0.37;0.47;0.48;0.096;30.8;4.77;2.21;1.49;0.26;0.83;4.24;71;56.7;4.1;1.7;8.5;0.22;0.13;0.05;0.07
17;100;0;50;100;19.45;3.69;10.7;4.85;4.75;0.264;67.6;18.02;10.26;4.64;0.78;2.48;5.97;157.9;111.9;29;5;11.9;2.84;1.25;0.28;0.37;0.64;0.65;0.101;32.4;6.29;3;1.98;0.34;1.21;4.73;75.5;57.6;6;2.4;9.5;0.3;0.18;0.07;0.1
17;100;0;100;0;19.64;3.23;9.12;4.32;4.24;0.259;76;16.43;9.35;4.22;0.71;2.39;5.13;161;115.6;30.3;4.8;10.3;2.95;0.68;0.27;0.34;0.46;0.44;0.089;24;4.68;2.14;1.49;0.27;0.84;3.99;50.8;37.3;3.9;1.7;8;0.24;0.07;0.05;0.08
17;100;0;100;50;20.47;3.88;10.8;4.5;4.51;0.256;74.9;17.66;9.98;4.52;0.81;2.62;6.21;160.7;112.4;30.7;5.2;12.4;2.88;0.97;0.29;0.37;0.63;0.64;0.093;25.1;6.71;3.12;2.14;0.32;1.26;4.59;53.9;38.2;4;2.5;9.2;0.35;0.12;0.07;0.1
17;100;0;100;100;21.42;4.35;12.03;4.93;4.9;0.258;72.9;19.05;10.8;4.87;0.82;2.8;6.8;158.9;107.8;31.9;5.6;13.6;2.74;1.45;0.31;0.41;0.76;0.8;0.098;27.1;8.03;3.77;2.54;0.41;1.55;5.23;58.9;39.5;5.9;3.1;10.5;0.41;0.18;0.09;0.12
17;100;50;0;0;17.69;3.5;9.94;6.02;5.92;0.273;65.2;21.78;12.51;5.55;0.95;3.07;5.76;162.2;117.4;27.2;6.1;11.5;4.31;0.81;0.34;0.46;0.25;0.25;0.089;34.8;2.34;1.14;0.71;0.11;0.44;4.17;86.4;73.8;3.3;0.9;8.3;0.09;0.09;0.03;0.03
17;100;50;0;50;17.46;3.65;10.26;6.22;6.15;0.276;63.9;22.4;12.86;5.67;0.97;3.15;5.77;159.5;115.1;26.5;6.3;11.5;4.21;1.13;0.35;0.46;0.33;0.33;0.102;36.1;2.75;1.32;0.83;0.15;0.5;4.49;89.8;75.1;4.8;1;9;0.1;0.15;0.03;0.04
17;100;50;0;100;17.35;3.77;10.64;6.61;6.5;0.28;63.2;23.26;13.39;5.87;1.01;3.24;6.01;157.2;112.6;26.1;6.5;12;4.16;1.52;0.34;0.48;0.39;0.37;0.114;36.8;2.96;1.45;0.91;0.14;0.53;4.63;91.3;76.5;4.5;1.1;9.3;0.11;0.18;0.03;0.04
17;100;50;50;0;19.6;3.83;10.95;6.02;5.96;0.265;69.6;22.62;12.76;5.86;0.95;3.19;6.21;162.7;113.3;30.6;6.4;12.4;4.17;0.98;0.35;0.47;0.37;0.34;0.091;30.4;3.48;1.68;1.07;0.19;0.64;4.74;70.8;57;3.1;1.3;9.5;0.17;0.08;0.03;0.06
17;100;50;50;50;20.18;4.27;12.03;6.37;6.32;0.266;68.2;23.82;13.54;6.15;1.06;3.43;6.9;161.3;109.5;31.2;6.9;13.8;4.01;1.42;0.38;0.5;0.48;0.46;0.099;31.8;4.48;2.19;1.39;0.25;0.84;5.14;75;58.6;4.5;1.7;10.3;0.22;0.13;0.05;0.06
17;100;50;50;100;20.23;4.61;12.85;6.77;6.75;0.276;69.2;24.47;14.04;6.19;1.02;3.47;7.33;173.8;106.3;45.8;6.9;14.7;3.92;1.96;0.36;0.5;0.62;0.63;0.104;30.8;6;2.85;1.91;0.32;1.14;5.52;77.4;59.9;4.2;2.3;11;0.3;0.18;0.07;0.09
17;100;50;100;0;20.21;4.05;11.57;6.14;5.99;0.265;75.2;22.7;12.98;5.74;1;3.24;6.51;162.1;111.5;31;6.5;13;4.06;1.1;0.36;0.46;0.47;0.45;0.092;24.8;4.71;2.19;1.52;0.24;0.81;5.05;53.2;38.4;3.1;1.6;10.1;0.24;0.08;0.05;0.08
17;100;50;100;50;21.27;4.75;13.26;6.51;6.47;0.267;75.3;24.3;13.8;6.2;1.1;3.49;7.47;177;106.6;48.5;7;14.9;3.97;1.6;0.38;0.52;0.72;0.67;0.098;24.7;6.76;3.29;2.08;0.32;1.26;5.79;58.1;39.8;4.2;2.5;11.6;0.36;0.13;0.08;0.11
17;100;50;100;100;21.98;5.1;14.28;7.09;6.93;0.272;74.3;25.53;14.69;6.38;1.09;3.65;8.12;175.4;102;49.8;7.3;16.2;3.77;2.22;0.41;0.53;0.85;0.82;0.1;25.7;8.06;3.85;2.48;0.46;1.45;6.16;60.5;41;4.2;2.9;12.3;0.43;0.18;0.09;0.12
17;100;100;0;0;18.27;4.05;11.51;7.17;7.04;0.27;66;26.11;14.93;6.7;1.14;3.67;6.58;174.7;111.4;42.9;7.3;13.2;4.8;1.29;0.4;0.55;0.24;0.24;0.088;34;2.19;1.03;0.68;0.12;0.38;4.92;89.9;77.2;2.1;0.8;9.8;0.1;0.08;0.02;0.03
17;100;100;0;50;17.79;4.16;11.83;7.58;7.49;0.28;65;26.88;15.45;6.76;1.15;3.69;6.8;172;109.3;41.7;7.4;13.6;4.74;1.79;0.41;0.55;0.29;0.29;0.101;35;2.45;1.2;0.77;0.11;0.47;5.03;92.4;78.3;3.1;0.9;10.1;0.11;0.12;0.03;0.03
17;100;100;0;100;17.42;4.2;12.12;7.82;7.91;0.291;64.3;27.27;15.76;6.88;1.16;3.74;6.89;169;107.5;40.2;7.5;13.8;4.64;2.3;0.41;0.56;0.36;0.35;0.112;35.7;2.78;1.33;0.89;0.15;0.47;5.23;93.7;79.3;3;0.9;10.5;0.12;0.16;0.03;0.04
17;100;100;50;0;20.26;4.49;12.66;7.24;7.23;0.268;70.6;27.12;15.47;6.92;1.19;3.87;7.13;177.4;107.5;47.9;7.7;14.3;4.65;1.58;0.43;0.56;0.38;0.35;0.095;29.4;3.43;1.64;1.04;0.19;0.63;5.53;73.9;59.4;2.1;1.3;11.1;0.17;0.09;0.04;0.05
17;100;100;50;50;20.76;4.76;13.44;7.7;7.64;0.272;69.4;28.14;16.04;7.11;1.23;3.99;7.62;175.6;103.2;49.2;8;15.2;4.46;2.15;0.45;0.58;0.48;0.45;0.1;30.6;4.35;2.01;1.38;0.23;0.78;5.82;77.3;61.2;2.9;1.6;11.6;0.23;0.11;0.05;0.07
17;100;100;50;100;20.79;5.04;14.26;8.25;8.3;0.289;68.4;28.77;16.63;7.24;1.19;3.97;8.23;172.3;99.7;48.1;7.9;16.5;4.31;2.95;0.44;0.59;0.67;0.61;0.101;31.6;5.9;2.79;1.82;0.29;1.08;6.03;79.7;62.6;2.8;2.2;12.1;0.31;0.15;0.06;0.08
17;100;100;100;0;20.88;4.74;13.6;7.18;7.23;0.265;76;27.36;15.41;7.07;1.18;3.85;7.69;177.1;105.4;48.7;7.7;15.4;4.56;1.66;0.43;0.58;0.49;0.48;0.094;24;4.86;2.28;1.55;0.26;0.89;5.91;55.7;40.1;2;1.8;11.8;0.26;0.08;0.06;0.08
17;100;100;100;50;21.83;5.25;15.23;7.72;7.67;0.27;74.4;28.55;16.3;7.34;1.25;3.99;8.65;175.7;100.2;50.3;8;17.3;4.35;2.29;0.43;0.61;0.69;0.67;0.096;25.6;6.83;3.24;2.11;0.39;1.26;6.58;60.2;41.6;3;2.5;13.2;0.38;0.12;0.07;0.1
17;100;100;100;100;22.71;5.6;16.11;8.36;8.47;0.286;73.4;29.69;17.07;7.48;1.26;4.15;9.13;173.4;94.8;52;8.3;18.3;4.11;3.3;0.45;0.6;0.83;0.81;0.098;26.6;8.16;3.77;2.62;0.43;1.45;6.98;62.7;43;2.8;2.9;14;0.45;0.15;0.09;0.13
18;0;0;0;0;16.36;1.77;4.99;2.12;2.14;0.227;78.2;9.46;5.16;2.54;0.41;1.42;2.82;271.8;234.9;28.4;2.8;5.6;1.16;0.61;0.16;0.2;0.2;0.18;0.073;21.8;1.88;0.85;0.64;0.09;0.35;2.17;75.7;68.9;1.7;0.7;4.3;0.09;0.03;0.02;0.03
18;0;0;0;50;16.11;1.95;5.34;2.37;2.32;0.23;77.7;10.13;5.55;2.64;0.5;1.52;3.1;268.7;231.8;27.7;3;6.2;1.12;0.81;0.16;0.22;0.25;0.22;0.082;22.3;2.2;1.09;0.65;0.1;0.44;2.24;76.9;69.7;1.8;0.9;4.5;0.1;0.05;0.03;0.03
18;0;0;0;100;16.01;2.02;5.91;2.57;2.58;0.234;76.9;11.07;6.04;2.97;0.52;1.59;3.41;264.7;227.5;27.2;3.2;6.8;1.08;1.07;0.18;0.25;0.24;0.25;0.087;23.1;2.39;1.14;0.74;0.14;0.43;2.5;79.3;70.8;2.7;0.9;5;0.11;0.07;0.03;0.04
18;0;0;50;0;17.84;2.02;5.69;2.27;2.16;0.221;81.9;9.79;5.35;2.65;0.42;1.48;3.29;271.9;231.7;30.7;3;6.6;1.11;0.67;0.16;0.22;0.31;0.27;0.081;18.1;2.99;1.39;0.92;0.16;0.54;2.4;59.9;52.2;1.8;1.1;4.8;0.16;0.03;0.03;0.04
18;0;0;50;50;18.59;2.34;6.87;2.53;2.46;0.222;81.1;11.1;6;3.05;0.52;1.62;3.97;268;225.3;31.5;3.2;7.9;1.09;0.94;0.18;0.25;0.41;0.37;0.087;18.9;3.95;1.86;1.25;0.23;0.72;2.9;62.4;53.4;1.8;1.4;5.8;0.21;0.05;0.04;0.06
18;0;0;50;100;18.84;2.83;8.01;2.98;2.94;0.233;79.7;12.64;6.91;3.4;0.54;1.86;4.61;261.2;216.7;31.6;3.7;9.2;1.07;1.36;0.21;0.29;0.54;0.49;0.091;20.3;5.24;2.49;1.58;0.3;0.96;3.39;66.2;55;2.5;1.9;6.8;0.29;0.07;0.06;0.08
18;0;0;100;0;18.35;2.37;6.66;2.14;2.17;0.217;85.8;10.05;5.45;2.71;0.48;1.59;3.75;269.8;228.1;31.1;3.2;7.5;1.06;0.7;0.18;0.23;0.44;0.4;0.087;14.2;4.43;2.06;1.43;0.25;0.79;2.91;44.5;35.3;1.8;1.6;5.8;0.25;0.04;0.05;0.07
18;0;0;100;50;19.07;2.89;8.39;2.51;2.49;0.218;84.7;11.49;6.23;3.11;0.52;1.7;4.76;264.6;220;31.6;3.4;9.5;1.03;1.01;0.19;0.26;0.64;0.58;0.089;15.3;6.41;3.04;2.01;0.33;1.19;3.63;47.7;36.3;1.8;2.4;7.3;0.36;0.05;0.07;0.1
18;0;0;100;100;20.14;3.32;9.49;3.1;3.03;0.228;83.6;13.32;7.28;3.6;0.59;2;5.46;259.2;211.1;33.2;4;10.9;1;1.51;0.22;0.3;0.68;0.66;0.09;16.4;7.19;3.3;2.3;0.39;1.32;4.04;50.6;37.4;2.5;2.6;8.1;0.41;0.06;0.07;0.11
18;0;50;0;0;17.17;1.98;6.02;2.53;2.47;0.216;77.1;11.48;6.09;3.22;0.52;1.63;3.47;265.5;225.7;29.7;3.3;6.9;1.1;0.91;0.19;0.27;0.2;0.19;0.078;22.9;1.97;0.9;0.63;0.11;0.34;2.55;78.8;71.2;1.7;0.7;5.1;0.1;0.04;0.02;0.03
18;0;50;0;50;16.94;2.12;6.3;2.81;2.76;0.228;76.5;12.17;6.52;3.38;0.58;1.73;3.6;261.5;221.9;28.9;3.5;7.2;1.06;1.24;0.19;0.27;0.23;0.22;0.085;23.5;2.13;1.02;0.68;0.1;0.39;2.7;80.1;72.2;1.7;0.8;5.4;0.1;0.07;0.03;0.03
18;0;50;0;100;16.73;2.3;6.78;3.37;3.24;0.242;75.5;13.43;7.43;3.47;0.64;1.9;3.87;255.4;215.5;28.4;3.8;7.7;1.06;1.67;0.21;0.3;0.28;0.26;0.096;24.5;2.34;1.13;0.74;0.14;0.4;2.91;82.8;73.7;2.5;0.8;5.8;0.11;0.09;0.02;0.03
18;0;50;50;0;18.5;2.45;6.78;2.51;2.52;0.21;80.8;12.02;6.43;3.31;0.54;1.84;3.97;264.5;221.2;31.6;3.7;7.9;1.04;1;0.2;0.28;0.29;0.3;0.086;19.2;3.18;1.46;1.01;0.16;0.61;2.81;62.6;54.1;1.6;1.2;5.6;0.17;0.04;0.04;0.05
18;0;50;50;50;19.29;2.91;8.01;3.03;3.03;0.221;79.7;13.73;7.48;3.74;0.59;2.13;4.66;258.8;212.6;32.6;4.3;9.3;1.01;1.46;0.23;0.32;0.4;0.39;0.091;20.3;4.13;1.96;1.3;0.22;0.78;3.35;65.6;55.7;1.6;1.6;6.7;0.23;0.06;0.04;0.06
18;0;50;50;100;19.89;3.28;9.28;3.73;3.69;0.242;79.3;15.26;8.51;4.05;0.65;2.3;5.28;268.2;203.3;49.7;4.6;10.6;0.98;2.13;0.24;0.33;0.58;0.54;0.094;20.7;5.51;2.59;1.73;0.31;0.99;4;69.7;57.5;2.3;2;8;0.3;0.09;0.06;0.09
18;0;50;100;0;19.02;2.76;7.79;2.67;2.67;0.214;84.9;12.47;6.59;3.48;0.59;1.89;4.51;262.4;217.6;32;3.8;9;1.05;1.13;0.21;0.28;0.42;0.41;0.087;15.1;4.54;2.09;1.46;0.23;0.87;3.27;46.6;36.6;1.7;1.7;6.5;0.26;0.04;0.05;0.07
18;0;50;100;50;20.38;3.23;9.57;3.2;3.19;0.223;84.4;14.31;7.63;4;0.64;2.07;5.47;272.2;206.5;50.6;4.1;10.9;0.95;1.69;0.23;0.32;0.6;0.59;0.09;15.6;6.4;2.96;2.02;0.38;1.16;4.1;50.2;38;1.7;2.3;8.2;0.36;0.06;0.07;0.1
18;0;50;100;100;21.14;3.79;10.9;3.95;3.84;0.24;83.2;16.05;8.95;4.22;0.71;2.36;6.27;265.8;196.9;51.6;4.7;12.5;0.95;2.29;0.26;0.35;0.73;0.73;0.092;16.8;7.72;3.54;2.54;0.38;1.44;4.64;53.6;39.2;2.3;2.9;9.3;0.44;0.09;0.08;0.11
18;0;100;0;0;17.99;2.45;6.88;3.07;2.99;0.217;76.9;13.79;7.5;3.72;0.69;2.12;3.93;273.5;215.3;46.1;4.2;7.9;1.07;1.36;0.24;0.32;0.23;0.2;0.083;23.1;1.97;0.88;0.66;0.1;0.32;2.94;82.1;73.8;1.8;0.6;5.9;0.09;0.06;0.02;0.03
18;0;100;0;50;17.69;2.6;7.2;3.56;3.46;0.238;76.1;14.59;8.08;3.84;0.66;2.18;4.1;267.5;210;45;4.4;8.2;1;1.9;0.25;0.31;0.25;0.26;0.095;23.9;2.38;1.15;0.72;0.13;0.42;3.1;83.8;75.1;1.7;0.8;6.2;0.11;0.09;0.03;0.04
18;0;100;0;100;17.35;2.63;7.76;4.06;4.09;0.261;75.1;15.69;8.81;4.06;0.72;2.2;4.45;261.4;204.4;43.7;4.4;8.9;0.99;2.52;0.24;0.34;0.31;0.3;0.102;24.9;2.59;1.21;0.83;0.14;0.42;3.31;86.4;76.5;2.5;0.8;6.6;0.12;0.12;0.02;0.04
18;0;100;50;0;19.52;2.85;8.12;3.21;3.19;0.216;80.3;14.78;7.91;4.08;0.73;2.23;4.68;271.7;208;49.9;4.5;9.4;0.97;1.64;0.24;0.34;0.33;0.32;0.088;19.7;3.31;1.57;1.03;0.17;0.62;3.44;66.3;56.6;1.6;1.2;6.9;0.18;0.05;0.04;0.05
18;0;100;50;50;20.61;3.37;9.27;4;3.93;0.232;79.1;16.93;9.36;4.37;0.79;2.57;5.31;264.3;196.5;52;5.1;10.6;0.96;2.31;0.29;0.36;0.39;0.42;0.093;20.9;4.28;1.95;1.39;0.24;0.8;3.96;69.8;58.7;1.5;1.6;7.9;0.24;0.08;0.04;0.06
18;0;100;50;100;20.95;3.63;10.4;4.9;4.83;0.264;77.7;18.33;10.36;4.76;0.8;2.6;5.95;257;187.7;52.2;5.2;11.9;0.91;3.24;0.29;0.4;0.61;0.57;0.097;22.3;5.7;2.61;1.83;0.3;1.02;4.45;73.6;60.4;2.3;2;8.9;0.31;0.11;0.06;0.09
18;0;100;100;0;20.32;3.26;9.15;3.43;3.35;0.215;84.4;15.54;8.49;4.16;0.74;2.38;5.28;269.2;203;50.8;4.8;10.6;0.99;1.74;0.27;0.35;0.48;0.45;0.089;15.6;4.81;2.2;1.55;0.25;0.87;3.88;49.6;38.4;1.7;1.7;7.8;0.27;0.05;0.05;0.07
18;0;100;100;50;21.37;3.82;10.96;4.09;3.99;0.23;83.1;17.33;9.52;4.65;0.79;2.56;6.24;262.4;192.1;52.7;5.1;12.5;0.92;2.4;0.29;0.39;0.63;0.64;0.092;16.9;6.78;3.12;2.19;0.38;1.25;4.72;53.2;39.8;1.5;2.5;9.4;0.38;0.08;0.07;0.11
18;0;100;100;100;22.42;4.25;12.17;5.06;5.09;0.262;81.7;19.45;10.98;5.05;0.88;2.8;6.99;254.3;179.7;54.9;5.6;14;0.85;3.51;0.31;0.42;0.82;0.75;0.093;18.3;7.91;3.8;2.44;0.38;1.45;5.19;56.6;41.3;2.1;2.9;10.4;0.46;0.1;0.08;0.11
18;50;0;0;0;16.77;2.29;6.3;3.45;3.38;0.258;73.9;13.17;7.44;3.38;0.61;1.91;3.58;217;177.5;28.5;3.8;7.2;2.27;0.63;0.21;0.28;0.18;0.17;0.071;26.1;1.84;0.89;0.56;0.08;0.37;2.72;76.5;68.5;1.8;0.7;5.4;0.09;0.03;0.02;0.02
18;50;0;0;50;16.46;2.36;6.67;3.58;3.54;0.26;73.4;13.71;7.72;3.55;0.6;1.98;3.79;214.7;175.6;27.6;4;7.6;2.21;0.82;0.22;0.29;0.18;0.2;0.078;26.6;2.09;0.96;0.67;0.11;0.38;2.88;77.6;69.2;1.9;0.8;5.8;0.1;0.05;0.02;0.03
18;50;0;0;100;16.1;2.42;7.07;3.91;3.8;0.262;72.8;14.54;8.21;3.73;0.67;1.97;4.13;212.3;173.3;26.8;3.9;8.3;2.21;1.04;0.23;0.31;0.23;0.25;0.09;27.2;2.34;1.13;0.72;0.13;0.45;2.94;79.4;69.9;2.7;0.9;5.9;0.11;0.08;0.03;0.03
18;50;0;50;0;17.82;2.5;7.05;3.53;3.44;0.256;78.2;13.51;7.64;3.51;0.6;1.92;4.02;217.8;175.8;30.1;3.8;8;2.28;0.66;0.21;0.29;0.3;0.28;0.081;21.8;3.05;1.43;0.96;0.17;0.57;3.03;60.6;51.7;1.7;1.1;6.1;0.17;0.03;0.04;0.05
18;50;0;50;50;18.52;2.75;7.92;3.65;3.57;0.252;77.4;14.24;7.93;3.72;0.63;2.02;4.51;215.3;171.2;31;4;9;2.12;0.93;0.22;0.3;0.36;0.37;0.088;22.6;3.94;1.83;1.25;0.21;0.73;3.41;62.9;52.8;1.8;1.5;6.8;0.21;0.05;0.05;0.06
18;50;0;50;100;18.82;3.22;9.1;3.97;3.98;0.257;76.1;15.49;8.72;4.01;0.64;2.27;5.15;211.8;166.1;30.8;4.5;10.3;2.09;1.32;0.25;0.32;0.52;0.5;0.092;23.9;5.27;2.42;1.65;0.31;0.95;3.95;66.5;54.1;2.6;1.9;7.9;0.29;0.08;0.05;0.08
18;50;0;100;0;18.27;2.76;7.88;3.48;3.44;0.254;82.9;13.63;7.69;3.57;0.61;1.94;4.59;218.1;174.6;30.5;3.9;9.2;2.24;0.68;0.21;0.3;0.45;0.4;0.085;17.1;4.36;2.1;1.37;0.21;0.82;3.29;44.8;34.7;1.8;1.6;6.6;0.25;0.03;0.05;0.07
18;50;0;100;50;19.35;3.26;9.46;3.69;3.65;0.249;81.6;14.73;8.21;3.89;0.63;2.11;5.3;214.1;167.6;31.6;4.2;10.6;2.13;0.98;0.22;0.32;0.56;0.55;0.088;18.4;6.12;2.84;1.93;0.34;1.15;4.16;48.2;35.9;1.7;2.3;8.3;0.35;0.04;0.06;0.09
18;50;0;100;100;20.23;3.68;10.82;4.18;4.13;0.251;80.3;16.48;9.16;4.32;0.75;2.32;6.22;210.1;160.4;32.7;4.6;12.4;2.02;1.5;0.26;0.36;0.7;0.69;0.092;19.7;7.37;3.41;2.44;0.39;1.36;4.6;51.5;37.1;2.5;2.7;9.2;0.42;0.07;0.08;0.11
18;50;50;0;0;17.31;2.73;7.62;4.42;4.35;0.261;73.3;16.71;9.5;4.21;0.73;2.4;4.41;216.3;173.6;29.1;4.8;8.8;2.86;0.87;0.27;0.35;0.17;0.18;0.076;26.7;1.88;0.83;0.65;0.1;0.34;3.21;78.6;69.8;1.7;0.7;6.4;0.09;0.04;0.02;0.03
18;50;50;0;50;17.12;2.99;8.26;4.7;4.69;0.266;72.5;17.73;10.15;4.39;0.83;2.58;4.74;212.7;169.9;28.2;5.2;9.5;2.82;1.22;0.28;0.38;0.23;0.23;0.086;27.5;2.2;1.03;0.7;0.13;0.41;3.52;80.6;71;1.7;0.8;7;0.1;0.07;0.03;0.03
18;50;50;0;100;17.21;3.08;8.85;5.01;5.07;0.272;71.4;18.72;10.69;4.76;0.84;2.67;5.03;209;165.4;28.2;5.3;10.1;2.72;1.66;0.29;0.4;0.29;0.28;0.099;28.6;2.48;1.17;0.77;0.14;0.41;3.83;83.6;72.5;2.6;0.8;7.7;0.11;0.1;0.03;0.04
18;50;50;50;0;18.72;3.14;8.84;4.43;4.44;0.254;77.2;17.55;9.78;4.59;0.8;2.53;5.17;216;169.5;31.1;5.1;10.3;2.8;0.98;0.27;0.39;0.32;0.29;0.084;22.8;3.17;1.52;0.99;0.16;0.61;3.67;63.5;53.3;1.7;1.2;7.3;0.17;0.04;0.03;0.05
18;50;50;50;50;19.66;3.56;10.03;4.9;4.84;0.256;76;19;10.75;4.87;0.84;2.78;5.72;212;162.8;32.3;5.6;11.4;2.65;1.48;0.31;0.4;0.46;0.42;0.093;24;4.29;2;1.35;0.22;0.79;4.3;66.9;54.9;1.8;1.6;8.6;0.23;0.08;0.05;0.06
18;50;50;50;100;20.02;3.86;10.89;5.5;5.39;0.268;76;20.14;11.59;5.02;0.88;2.85;6.2;223;156.2;48.7;5.7;12.4;2.55;2.1;0.33;0.41;0.55;0.53;0.095;24;5.4;2.55;1.73;0.3;1;4.69;70.4;56.6;2.5;2;9.4;0.3;0.1;0.06;0.08
18;50;50;100;0;19.21;3.38;9.6;4.48;4.44;0.254;81.7;17.61;9.75;4.62;0.8;2.51;5.51;213.9;166.2;31.7;5;11;2.67;1.12;0.27;0.38;0.43;0.41;0.087;18.3;4.53;2.13;1.45;0.24;0.87;4.09;47.7;36.1;1.6;1.7;8.2;0.26;0.04;0.05;0.07
18;50;50;100;50;20.53;3.96;11.43;4.99;4.98;0.257;81.5;19.41;10.88;5.06;0.87;2.81;6.5;226.3;158;49.7;5.6;13;2.6;1.65;0.31;0.42;0.59;0.6;0.091;18.5;6.43;2.95;2.11;0.35;1.16;4.94;51.3;37.5;1.6;2.3;9.9;0.36;0.06;0.07;0.1
18;50;50;100;100;21.34;4.4;12.44;5.65;5.53;0.265;80.2;20.92;11.94;5.34;0.89;3;7.06;222;150.9;51;6;14.1;2.49;2.25;0.33;0.46;0.73;0.73;0.093;19.8;7.63;3.5;2.45;0.4;1.4;5.37;54.6;38.7;2.3;2.8;10.7;0.43;0.09;0.08;0.12
18;50;100;0;0;18.25;3.37;9.41;5.61;5.45;0.262;73.2;20.86;11.88;5.29;0.91;3.01;5.35;227.2;165.5;45;6;10.7;3.33;1.35;0.33;0.44;0.2;0.21;0.084;26.8;2.04;0.93;0.68;0.11;0.36;4.05;83;72.5;1.7;0.7;8.1;0.1;0.07;0.02;0.03
18;50;100;0;50;17.76;3.4;9.67;5.94;5.84;0.274;72.4;21.41;12.26;5.39;0.96;2.97;5.56;223.3;162.4;43.8;5.9;11.1;3.21;1.86;0.34;0.44;0.28;0.25;0.093;27.6;2.28;1.09;0.69;0.13;0.43;4.11;85.1;73.5;2.5;0.9;8.2;0.11;0.09;0.02;0.03
18;50;100;0;100;17.73;3.54;10.15;6.43;6.47;0.288;71.6;22.53;12.99;5.74;0.94;3.12;5.81;219.3;158.2;43.2;6.2;11.6;3.19;2.48;0.35;0.46;0.29;0.29;0.103;28.4;2.46;1.16;0.78;0.12;0.42;4.35;86.8;74.9;2.4;0.8;8.7;0.11;0.12;0.02;0.03
18;50;100;50;0;19.88;3.77;10.54;5.7;5.65;0.259;77.2;21.88;12.38;5.66;0.97;3.19;6.07;227.9;160.2;49.2;6.4;12.1;3.21;1.63;0.35;0.47;0.3;0.31;0.089;22.8;3.17;1.5;1;0.17;0.59;4.47;67.3;55.6;1.6;1.2;8.9;0.17;0.06;0.03;0.05
18;50;100;50;50;20.68;4.11;11.59;6.26;6.16;0.266;75.7;23.2;13.19;5.89;1.02;3.32;6.56;223;152.8;50.5;6.6;13.1;3.07;2.23;0.38;0.47;0.43;0.45;0.096;24.3;4.44;2.07;1.43;0.23;0.79;5.04;71.4;57.4;2.4;1.6;10.1;0.24;0.09;0.05;0.07
18;50;100;50;100;21.06;4.33;12.46;7.08;6.96;0.286;74.6;24.4;14.05;6.17;1.04;3.3;7.17;218.2;146.2;51;6.6;14.3;2.94;3.15;0.37;0.51;0.63;0.57;0.099;25.4;5.62;2.66;1.76;0.3;1.03;5.29;74;59;2.3;2.1;10.6;0.31;0.12;0.06;0.08
18;50;100;100;0;20.43;4.06;11.43;5.79;5.67;0.257;81.6;22.12;12.4;5.79;0.94;3.15;6.47;226.7;157.5;49.9;6.3;12.9;3.15;1.69;0.37;0.47;0.43;0.45;0.093;18.4;4.69;2.22;1.51;0.24;0.91;4.95;50.9;37.6;1.6;1.8;9.9;0.26;0.06;0.06;0.07
18;50;100;100;50;21.57;4.62;13.15;6.33;6.23;0.263;80.2;23.78;13.49;6.17;1.04;3.44;7.57;222.6;148.7;51.9;6.9;15.1;2.97;2.38;0.38;0.5;0.66;0.64;0.094;19.8;6.63;3.08;2.08;0.38;1.18;5.59;54.9;39;2.3;2.4;11.2;0.37;0.09;0.07;0.1
18;50;100;100;100;22.43;4.99;14.31;7.24;7.23;0.283;78.9;25.57;14.77;6.47;1.08;3.51;8.25;216.7;139.5;53.6;7;16.5;2.85;3.43;0.39;0.55;0.82;0.77;0.094;21.1;7.99;3.77;2.5;0.43;1.48;6.06;57.6;40.5;2;3;12.1;0.46;0.1;0.09;0.12
18;100;0;0;0;17.58;2.72;7.56;4.55;4.47;0.276;67.4;16.28;9.38;4.09;0.73;2.3;4.35;161.6;120.4;27.9;4.6;8.7;3.26;0.61;0.26;0.35;0.22;0.21;0.079;32.6;2.12;1.02;0.7;0.09;0.42;3.21;78.1;67.5;3.3;0.8;6.4;0.09;0.06;0.02;0.03
18;100;0;0;50;17.18;2.87;7.81;4.74;4.63;0.278;67;16.74;9.73;4.14;0.73;2.42;4.48;160.4;119.7;26.9;4.8;9;3.23;0.78;0.27;0.34;0.29;0.27;0.094;33;2.55;1.21;0.77;0.12;0.45;3.33;78.8;67.8;3.4;0.9;6.7;0.1;0.11;0.03;0.04
18;100;0;0;100;16.97;2.93;8.36;4.94;4.85;0.277;66;17.58;10.16;4.4;0.79;2.42;4.84;158.9;117.9;26.5;4.8;9.7;3.17;1.03;0.27;0.38;0.31;0.32;0.102;34;2.78;1.33;0.86;0.15;0.51;3.52;81.7;68.7;4.9;1;7;0.1;0.14;0.03;0.04
18;100;0;50;0;18.88;2.81;8.3;4.52;4.5;0.272;72.2;16.59;9.37;4.27;0.71;2.22;4.79;163.1;119;30;4.4;9.6;3.23;0.66;0.25;0.37;0.31;0.3;0.087;27.8;3.2;1.5;1.02;0.19;0.59;3.51;62.6;51;3.4;1.2;7;0.16;0.06;0.03;0.05
18;100;0;50;50;19.39;3.31;9.16;4.79;4.73;0.27;71.5;17.55;9.96;4.48;0.75;2.48;5.2;162.5;116.4;30.7;5;10.4;3.16;0.91;0.28;0.37;0.44;0.43;0.094;28.5;4.34;2.08;1.32;0.2;0.82;3.96;64.8;52;3.3;1.6;7.9;0.21;0.1;0.05;0.07
18;100;0;50;100;19.82;3.56;10.35;5.29;5.05;0.271;69.9;18.67;10.74;4.72;0.82;2.58;5.93;160.4;112.5;30.9;5.2;11.9;3.04;1.34;0.29;0.38;0.6;0.57;0.098;30.1;5.67;2.63;1.79;0.33;0.98;4.43;68.9;53.4;4.7;2;8.9;0.28;0.14;0.07;0.08
18;100;0;100;0;19.15;3.12;9.02;4.51;4.49;0.271;77.7;16.67;9.43;4.29;0.74;2.29;5.21;163.4;118.2;30.2;4.6;10.4;3.19;0.68;0.27;0.35;0.46;0.43;0.089;22.3;4.57;2.12;1.47;0.24;0.83;3.81;46.9;34.3;3.3;1.7;7.6;0.24;0.07;0.05;0.07
18;100;0;100;50;20.05;3.69;10.68;4.68;4.73;0.267;76.5;17.78;10.03;4.67;0.77;2.51;6.09;162.7;114.5;31.1;5;12.2;3.1;0.96;0.28;0.38;0.65;0.6;0.092;23.5;6.33;2.97;1.98;0.37;1.18;4.59;49.8;35.2;3.1;2.4;9.2;0.34;0.09;0.07;0.09
18;100;0;100;100;20.95;4.18;12;5.12;5.14;0.267;74.8;19.32;10.95;4.96;0.88;2.77;6.88;161;109.6;32.1;5.5;13.8;2.96;1.46;0.31;0.41;0.72;0.74;0.095;25.2;7.68;3.57;2.43;0.42;1.42;5.12;54.2;36.4;4.7;2.8;10.2;0.41;0.13;0.08;0.12
18;100;50;0;0;17.7;3.45;9.84;6.23;6.24;0.283;67.2;22.17;12.77;5.54;1.01;3.06;5.65;164;118.3;28.3;6.1;11.3;4.58;0.86;0.34;0.46;0.23;0.21;0.081;32.8;2.06;0.98;0.65;0.12;0.39;4.19;80;68.5;2.3;0.8;8.4;0.09;0.07;0.03;0.03
18;100;50;0;50;17.64;3.61;10.15;6.66;6.52;0.284;66;23.06;13.33;5.81;0.93;3.18;5.78;161.2;115.2;28;6.4;11.6;4.47;1.22;0.35;0.48;0.24;0.26;0.094;34;2.33;1.1;0.73;0.13;0.43;4.37;83;70;3.4;0.9;8.7;0.1;0.1;0.03;0.04
18;100;50;0;100;17.41;3.77;10.6;7.02;6.85;0.289;65.3;23.78;13.98;5.85;0.94;3.3;6.07;159.2;113.2;27.2;6.6;12.1;4.4;1.61;0.36;0.48;0.31;0.32;0.105;34.7;2.67;1.27;0.83;0.16;0.47;4.54;84.5;71;3.4;0.9;9.1;0.11;0.14;0.03;0.04
18;100;50;50;0;19.32;3.79;10.84;6.32;6.31;0.276;71.8;22.93;13.06;5.94;0.99;3.18;6.28;165.5;115.7;30.9;6.4;12.6;4.5;0.97;0.35;0.49;0.31;0.31;0.088;28.2;3.21;1.49;1.02;0.16;0.61;4.56;64.9;52.2;2.4;1.2;9.1;0.16;0.07;0.04;0.05
18;100;50;50;50;19.89;4.11;11.59;6.75;6.6;0.276;70.2;23.97;13.78;6.02;0.99;3.32;6.64;162.4;110.9;31.6;6.6;13.3;4.31;1.44;0.37;0.49;0.41;0.43;0.095;29.8;4.27;2;1.36;0.24;0.79;4.95;68.8;54;3.3;1.6;9.9;0.22;0.1;0.04;0.06
18;100;50;50;100;20.34;4.47;12.91;7.17;7.12;0.285;70.9;25.08;14.61;6.18;1.05;3.44;7.32;175.9;106.9;47.5;6.9;14.6;4.18;2.05;0.38;0.52;0.59;0.58;0.098;29.1;5.72;2.76;1.78;0.29;1.04;5.59;72;55.5;3.2;2.1;11.2;0.3;0.13;0.06;0.09
18;100;50;100;0;19.8;4.07;11.63;6.37;6.32;0.277;76.7;22.92;13.11;5.79;1.02;3.2;6.55;164.2;113.6;31;6.4;13.1;4.4;1.09;0.36;0.47;0.45;0.44;0.09;23.3;4.69;2.15;1.47;0.27;0.87;5.08;49.7;35.4;2.3;1.7;10.2;0.25;0.06;0.05;0.07
18;100;50;100;50;20.74;4.57;12.95;6.76;6.7;0.277;77;24.28;14;6.05;1.05;3.36;7.5;179;108.8;48.4;6.7;15;4.22;1.59;0.37;0.52;0.61;0.62;0.094;23;6.49;3.03;2.04;0.33;1.22;5.45;53.3;36.6;3.3;2.4;10.9;0.36;0.1;0.06;0.1
18;100;50;100;100;21.49;4.93;14.11;7.39;7.18;0.281;76;25.6;14.84;6.32;1.11;3.5;8.12;176.7;103.5;49.9;7;16.2;4.04;2.22;0.4;0.52;0.79;0.76;0.095;24;7.8;3.67;2.45;0.4;1.43;5.99;55.8;37.9;3;2.9;12;0.43;0.12;0.09;0.12
18;100;100;0;0;18.39;4.06;11.54;7.48;7.44;0.281;67.9;26.61;15.36;6.73;1.13;3.67;6.55;177.6;112.9;44.3;7.3;13.1;5.14;1.32;0.42;0.56;0.21;0.22;0.088;32.1;2.06;0.99;0.67;0.1;0.4;4.99;83.7;71.2;1.8;0.8;10;0.09;0.07;0.02;0.03
18;100;100;0;50;18.22;4.09;11.57;7.93;7.78;0.289;67.1;27.03;15.92;6.54;1.08;3.69;6.71;174.5;110.2;43.5;7.4;13.4;4.98;1.83;0.4;0.56;0.27;0.26;0.098;32.9;2.25;1.09;0.69;0.12;0.41;4.86;85.6;72.5;2.5;0.8;9.7;0.1;0.1;0.02;0.03
18;100;100;0;100;18.02;4.24;11.84;8.35;8.28;0.3;66.3;27.71;16.32;6.81;1.12;3.8;6.77;171.6;108.1;42.3;7.6;13.5;4.88;2.43;0.42;0.55;0.32;0.31;0.108;33.7;2.55;1.25;0.77;0.12;0.44;5.07;87.2;73.6;2.6;0.9;10.1;0.11;0.14;0.02;0.04
18;100;100;50;0;20.2;4.36;12.51;7.64;7.54;0.277;72.4;27.31;15.76;6.85;1.19;3.77;7.11;179.5;109;48.7;7.5;14.2;4.96;1.61;0.4;0.58;0.32;0.32;0.091;27.6;3.18;1.48;1.01;0.17;0.59;5.39;68.3;54.7;1.6;1.2;10.8;0.17;0.06;0.03;0.05
18;100;100;50;50;20.84;4.58;13.46;7.95;7.96;0.281;71.2;28.39;16.27;7.12;1.3;3.82;7.68;177.5;104.7;49.8;7.6;15.4;4.75;2.19;0.43;0.59;0.44;0.42;0.097;28.8;4.17;1.98;1.27;0.22;0.76;5.78;71.8;56.3;2.4;1.5;11.6;0.22;0.09;0.05;0.06
18;100;100;50;100;21.25;4.94;14.17;8.7;8.68;0.297;70;29.3;17.08;7.31;1.19;3.98;8.08;174.3;99.9;50.3;8;16.2;4.55;3.1;0.44;0.6;0.62;0.57;0.099;30;5.59;2.58;1.77;0.3;0.96;6.09;74.5;58.1;2.3;1.9;12.2;0.3;0.12;0.06;0.08
18;100;100;100;0;20.59;4.59;13.15;7.81;7.55;0.275;77.6;27.55;15.87;6.89;1.19;3.73;7.57;178.9;107.4;48.9;7.5;15.1;4.87;1.66;0.44;0.58;0.48;0.45;0.093;22.4;4.65;2.13;1.48;0.29;0.86;5.58;51.6;37;1.8;1.7;11.2;0.25;0.07;0.05;0.07
18;100;100;100;50;21.58;5.27;14.78;8.1;7.92;0.279;76;28.46;16.55;7.17;1.2;4.01;8.38;177.4;102.1;50.5;8;16.8;4.61;2.28;0.44;0.58;0.66;0.65;0.095;24;6.68;3.18;2.06;0.37;1.26;6.4;56.1;38.3;2.5;2.5;12.8;0.37;0.1;0.08;0.1
18;100;100;100;100;22.36;5.46;15.74;8.82;8.66;0.294;74.8;29.52;17.3;7.3;1.21;4;8.93;174.3;96.2;52.2;8;17.9;4.32;3.3;0.45;0.59;0.86;0.79;0.096;25.2;8.05;3.82;2.54;0.45;1.46;6.81;58.6;39.7;2.3;2.9;13.6;0.45;0.12;0.09;0.13
19;0;0;0;0;17.03;1.76;5.04;2.23;2.28;0.235;79.9;9.78;5.33;2.6;0.42;1.43;2.9;277.2;238.8;29.7;2.9;5.8;1.24;0.65;0.16;0.23;0.13;0.15;0.065;20.1;1.7;0.81;0.52;0.09;0.33;2.15;69.5;62.8;1.8;0.7;4.3;0.07;0.03;0.02;0.03
19;0;0;0;50;16.72;1.92;5.4;2.52;2.48;0.239;79.4;10.45;5.73;2.75;0.51;1.54;3.06;273.2;235.3;28.8;3.1;6.1;1.21;0.85;0.18;0.24;0.17;0.18;0.072;20.6;2.02;0.94;0.64;0.1;0.38;2.34;70.8;63.6;1.8;0.8;4.7;0.08;0.05;0.02;0.03
19;0;0;0;100;16.32;2.09;5.97;2.65;2.76;0.244;78.7;11.36;6.19;3.06;0.53;1.67;3.44;270;231.9;27.9;3.3;6.9;1.22;1.08;0.19;0.27;0.23;0.22;0.08;21.3;2.26;1.1;0.67;0.12;0.43;2.52;72.8;64.3;2.6;0.9;5;0.09;0.07;0.02;0.03
19;0;0;50;0;17.95;2.14;5.7;2.27;2.32;0.23;83.3;10.08;5.46;2.71;0.47;1.58;3.29;276.6;235.9;31;3.2;6.6;1.2;0.69;0.19;0.24;0.28;0.26;0.075;16.7;2.99;1.38;0.94;0.21;0.56;2.4;55.3;47.6;1.8;1.1;4.8;0.14;0.04;0.04;0.05
19;0;0;50;50;18.55;2.4;6.79;2.52;2.56;0.23;82.5;11.11;6.08;2.98;0.5;1.66;3.9;272.4;229.7;31.6;3.3;7.8;1.16;0.95;0.19;0.27;0.33;0.32;0.079;17.5;3.83;1.78;1.27;0.2;0.74;2.89;57.7;48.6;1.8;1.5;5.8;0.18;0.04;0.04;0.06
19;0;0;50;100;19.23;2.81;8.05;3.02;3.01;0.238;81.3;12.66;7.05;3.36;0.57;1.86;4.63;266.4;221.2;32.3;3.7;9.3;1.1;1.4;0.21;0.3;0.43;0.43;0.083;18.7;4.96;2.31;1.59;0.29;0.94;3.42;61.1;50;2.4;1.9;6.8;0.23;0.06;0.05;0.08
19;0;0;100;0;18.13;2.34;6.66;2.23;2.29;0.231;87.1;9.99;5.34;2.74;0.52;1.47;3.84;276;234.6;30.8;2.9;7.7;1.2;0.69;0.17;0.23;0.39;0.36;0.078;12.9;4.36;2.04;1.41;0.24;0.87;2.82;40.9;31.9;1.7;1.7;5.6;0.21;0.03;0.05;0.06
19;0;0;100;50;19.18;2.9;8.36;2.61;2.63;0.228;85.9;11.59;6.17;3.17;0.57;1.7;4.8;269.7;224.9;31.8;3.4;9.6;1.15;1.02;0.19;0.27;0.54;0.52;0.08;14.1;6.28;2.91;2.06;0.31;1.2;3.56;44.1;32.9;1.7;2.4;7.1;0.31;0.05;0.07;0.09
19;0;0;100;100;20.09;3.39;9.53;3.04;3.1;0.235;84.8;13.21;7.16;3.66;0.57;1.98;5.43;264.6;216.9;32.9;4;10.9;1.08;1.5;0.23;0.3;0.64;0.62;0.083;15.2;7.31;3.44;2.28;0.38;1.42;4.09;47.4;33.8;2.6;2.8;8.2;0.35;0.07;0.09;0.11
19;0;50;0;0;17.77;2.12;5.9;2.59;2.57;0.223;78.9;11.58;6.29;3.15;0.54;1.8;3.37;271;230;30.7;3.6;6.7;1.16;0.93;0.2;0.28;0.17;0.17;0.069;21.1;1.89;0.86;0.62;0.09;0.32;2.53;72.2;64.7;1.8;0.6;5.1;0.08;0.05;0.02;0.03
19;0;50;0;50;17.54;2.27;6.3;3.02;2.97;0.235;78.3;12.68;6.94;3.36;0.59;1.89;3.65;266;224.7;30.2;3.8;7.3;1.17;1.31;0.21;0.29;0.17;0.19;0.077;21.7;1.99;0.92;0.6;0.13;0.38;2.66;73.6;65.9;1.6;0.8;5.3;0.08;0.06;0.02;0.03
19;0;50;0;100;17.33;2.38;6.96;3.44;3.39;0.248;77.3;13.71;7.69;3.59;0.6;1.97;4.02;260.9;219.6;29.3;3.9;8;1.11;1.73;0.22;0.32;0.27;0.26;0.094;22.7;2.4;1.09;0.8;0.15;0.41;2.94;76.4;67;2.7;0.8;5.9;0.09;0.1;0.02;0.04
19;0;50;50;0;18.82;2.45;6.95;2.67;2.66;0.219;82.1;12.2;6.53;3.36;0.57;1.83;3.96;269.1;225.5;32;3.7;7.9;1.15;1.01;0.2;0.29;0.28;0.28;0.079;17.9;3.27;1.51;1.06;0.17;0.62;2.99;58.3;49.3;1.9;1.2;6;0.15;0.05;0.04;0.05
19;0;50;50;50;19.33;2.83;8.05;3.06;3.12;0.228;81.2;13.71;7.37;3.76;0.63;2.03;4.68;263.7;217.6;32.7;4.1;9.4;1.08;1.48;0.23;0.33;0.39;0.37;0.084;18.8;4.17;1.97;1.32;0.23;0.8;3.37;60.7;50.6;1.8;1.6;6.7;0.19;0.07;0.05;0.06
19;0;50;50;100;20.2;3.24;9.21;3.96;3.98;0.255;80.9;15.66;8.85;4.05;0.67;2.3;5.34;272.8;206.5;50.9;4.6;10.7;1.07;2.3;0.26;0.35;0.48;0.47;0.086;19.1;5.27;2.37;1.7;0.33;0.94;3.86;64.3;52.4;2.3;1.9;7.7;0.25;0.09;0.05;0.08
19;0;50;100;0;19.08;2.73;7.86;2.75;2.8;0.222;86.1;12.64;6.78;3.49;0.61;1.87;4.62;267.5;222.4;32.2;3.7;9.2;1.14;1.14;0.21;0.31;0.41;0.38;0.08;13.9;4.57;2.11;1.47;0.25;0.86;3.25;43.1;33.2;1.7;1.7;6.5;0.22;0.05;0.05;0.07
19;0;50;100;50;20.2;3.38;9.68;3.38;3.31;0.231;85.5;14.34;7.96;3.81;0.62;2.12;5.54;276.8;211.5;50;4.2;11.1;1.07;1.67;0.24;0.33;0.61;0.56;0.083;14.5;6.62;3.08;2.15;0.35;1.26;4.13;46.8;34.4;1.6;2.5;8.3;0.32;0.07;0.07;0.1
19;0;50;100;100;21.1;3.89;10.84;3.94;4.03;0.252;84.2;16.01;8.88;4.19;0.73;2.4;6.2;269.3;200.7;51.5;4.8;12.4;0.98;2.39;0.28;0.37;0.71;0.69;0.085;15.8;7.91;3.69;2.52;0.48;1.49;4.64;50.2;35.6;2.3;3;9.3;0.38;0.09;0.09;0.13
19;0;100;0;0;18.44;2.49;7.01;3.07;3.09;0.221;78.5;14.04;7.61;3.75;0.67;2.11;4.01;277.9;218.1;47.6;4.2;8;1.09;1.43;0.24;0.33;0.18;0.19;0.076;21.5;1.95;0.94;0.62;0.09;0.38;3;75.7;67.3;1.6;0.8;6;0.08;0.06;0.02;0.03
19;0;100;0;50;18.37;2.67;7.47;3.73;3.69;0.242;77.8;15.24;8.43;4.08;0.68;2.26;4.32;272.1;212;46.9;4.5;8.6;1.07;2.01;0.26;0.35;0.25;0.24;0.088;22.2;2.28;1.06;0.73;0.14;0.41;3.15;77.4;68.7;1.6;0.8;6.3;0.09;0.09;0.03;0.04
19;0;100;0;100;17.92;2.77;7.7;4.34;4.32;0.267;76.8;16.23;9.28;4.11;0.73;2.32;4.36;265.1;205.8;45.9;4.6;8.7;1.05;2.64;0.27;0.36;0.28;0.26;0.092;23.2;2.4;1.12;0.77;0.13;0.45;3.34;79.7;70;2.1;0.9;6.7;0.1;0.1;0.03;0.04
19;0;100;50;0;19.69;2.87;8.04;3.32;3.32;0.222;81.7;14.99;8.04;4.12;0.72;2.27;4.6;275.2;211.1;50.4;4.5;9.2;1.03;1.67;0.25;0.36;0.33;0.29;0.081;18.3;3.26;1.55;1;0.17;0.6;3.44;61.3;51.6;1.6;1.2;6.9;0.15;0.06;0.04;0.05
19;0;100;50;50;20.36;3.2;9.28;3.92;3.94;0.238;80.7;16.62;9.05;4.54;0.73;2.35;5.33;269.3;202.5;51.4;4.7;10.7;1.02;2.27;0.26;0.39;0.41;0.41;0.087;19.3;4.44;2.08;1.36;0.24;0.84;3.95;64.2;53.1;1.6;1.7;7.9;0.2;0.08;0.06;0.07
19;0;100;50;100;21.32;3.6;10.34;4.89;4.94;0.269;79.4;18.4;10.48;4.64;0.82;2.57;5.97;262.4;192.1;53.2;5.1;11.9;0.97;3.26;0.29;0.42;0.55;0.52;0.091;20.6;5.58;2.63;1.8;0.24;1.03;4.37;68;54.8;2.4;2.1;8.7;0.26;0.11;0.06;0.08
19;0;100;100;0;20.26;3.29;9.11;3.45;3.43;0.22;85.5;15.56;8.4;4.25;0.73;2.38;5.24;272.9;206.7;51;4.8;10.5;1.02;1.76;0.27;0.37;0.42;0.4;0.082;14.5;4.71;2.18;1.48;0.29;0.91;3.86;46;34.9;1.6;1.8;7.7;0.23;0.05;0.05;0.07
19;0;100;100;50;21.19;3.87;10.88;4.15;4.07;0.236;84.3;17.24;9.57;4.54;0.76;2.59;6.22;266.3;196.4;52.3;5.2;12.4;1;2.38;0.29;0.4;0.65;0.6;0.085;15.7;6.9;3.25;2.18;0.37;1.28;4.66;49.4;36;1.5;2.6;9.3;0.33;0.08;0.08;0.11
19;0;100;100;100;22.46;4.27;12.28;5.1;5.17;0.268;82.9;19.34;11.06;4.97;0.83;2.79;7.03;258.9;184.7;54.6;5.6;14.1;0.95;3.47;0.31;0.43;0.78;0.73;0.087;17.1;8.2;3.87;2.53;0.45;1.48;5.26;53;37.3;2.2;3;10.5;0.4;0.11;0.1;0.13
19;50;0;0;0;17.02;2.17;6.12;3.52;3.55;0.272;76;13.1;7.44;3.28;0.61;1.81;3.61;221.4;181.5;29.1;3.6;7.2;2.4;0.63;0.21;0.3;0.15;0.15;0.066;24;1.79;0.84;0.54;0.11;0.37;2.52;69.8;62.1;1.9;0.7;5;0.08;0.03;0.02;0.02
19;50;0;0;50;16.95;2.34;6.58;3.8;3.8;0.273;75.6;13.97;8.01;3.52;0.6;1.96;3.82;219.5;179.2;28.8;3.9;7.6;2.42;0.84;0.23;0.31;0.21;0.18;0.072;24.4;2;0.97;0.6;0.11;0.38;2.75;70.8;62.7;1.8;0.8;5.5;0.08;0.05;0.02;0.03
19;50;0;0;100;16.52;2.51;7.03;3.99;4.01;0.273;74.5;14.75;8.38;3.83;0.63;2.07;3.98;215.1;175.3;27.7;4.1;8;2.36;1.09;0.24;0.33;0.21;0.23;0.082;25.5;2.27;1.07;0.68;0.13;0.43;3.05;73.4;63.9;2.6;0.9;6.1;0.09;0.07;0.03;0.03
19;50;0;50;0;17.88;2.48;6.98;3.66;3.59;0.269;79.8;13.42;7.7;3.45;0.54;1.95;3.97;221.2;179.2;30.2;3.9;7.9;2.41;0.67;0.22;0.29;0.28;0.25;0.074;20.2;3.04;1.37;0.98;0.19;0.54;3.01;55.9;47.1;1.8;1.1;6;0.14;0.03;0.03;0.05
19;50;0;50;50;18.58;2.81;7.98;3.83;3.82;0.266;79;14.47;8.18;3.76;0.63;2.08;4.62;219.3;174.8;31;4.2;9.2;2.33;0.94;0.24;0.32;0.36;0.34;0.08;21;3.99;1.84;1.3;0.2;0.73;3.36;58;48;1.8;1.5;6.7;0.18;0.05;0.05;0.06
19;50;0;50;100;19.45;3.21;9.16;4.31;4.26;0.267;77.6;16.03;9.13;4.03;0.7;2.28;5.22;214.8;167.5;32.3;4.6;10.4;2.24;1.4;0.26;0.36;0.44;0.44;0.084;22.4;5.05;2.34;1.56;0.28;0.93;3.94;62;49.6;2.6;1.9;7.9;0.24;0.08;0.05;0.08
19;50;0;100;0;18.36;2.72;7.95;3.56;3.63;0.267;84.2;13.63;7.71;3.5;0.65;1.9;4.63;221.8;178.3;30.5;3.8;9.3;2.41;0.69;0.22;0.32;0.37;0.36;0.078;15.8;4.37;2;1.38;0.28;0.82;3.32;41.6;31.5;1.8;1.6;6.6;0.21;0.04;0.05;0.07
19;50;0;100;50;19.41;3.32;9.46;3.86;3.92;0.262;82.9;15.07;8.43;4.01;0.65;2.19;5.49;217.6;170.6;31.6;4.4;11;2.32;1.01;0.24;0.35;0.52;0.49;0.08;17.1;6.06;2.8;1.97;0.33;1.14;3.98;44.6;32.6;1.8;2.3;8;0.3;0.05;0.06;0.09
19;50;0;100;100;20.08;3.67;10.62;4.25;4.28;0.264;81.7;16.26;9.17;4.16;0.74;2.36;6.11;214.1;164.6;32.6;4.7;12.2;2.18;1.46;0.27;0.36;0.64;0.62;0.082;18.3;7.29;3.39;2.31;0.43;1.31;4.52;47.7;33.5;2.5;2.6;9;0.36;0.07;0.07;0.12
19;50;50;0;0;17.93;2.67;7.78;4.71;4.63;0.274;75.1;17.01;9.73;4.29;0.75;2.33;4.45;219.9;176;30.3;4.7;8.9;3.09;0.92;0.26;0.37;0.18;0.17;0.071;24.9;1.84;0.84;0.62;0.1;0.34;3.32;72.8;63.7;1.8;0.7;6.6;0.08;0.05;0.02;0.03
19;50;50;0;50;17.63;2.79;8.21;4.95;4.93;0.277;74.3;17.86;10.19;4.5;0.8;2.4;4.67;215.9;172.3;29.4;4.8;9.3;2.99;1.27;0.27;0.39;0.21;0.21;0.079;25.7;2.15;1;0.66;0.12;0.38;3.54;74.3;64.8;1.7;0.8;7.1;0.09;0.07;0.02;0.03
19;50;50;0;100;17.38;2.96;8.67;5.26;5.3;0.284;73.4;18.73;10.74;4.71;0.8;2.54;5.01;212.3;168.4;28.8;5.1;10;2.92;1.68;0.27;0.42;0.3;0.26;0.091;26.6;2.44;1.15;0.78;0.12;0.42;3.66;76.6;65.9;2.5;0.8;7.3;0.1;0.1;0.03;0.03
19;50;50;50;0;18.83;3.02;8.76;4.62;4.65;0.267;78.8;17.46;9.91;4.46;0.77;2.47;5.04;219.3;172.9;31.4;4.9;10.1;2.99;0.99;0.27;0.4;0.28;0.27;0.076;21.2;3.18;1.48;1.02;0.16;0.55;3.72;58.8;48.4;1.8;1.1;7.4;0.15;0.05;0.03;0.05
19;50;50;50;50;19.59;3.44;9.89;5.1;5.12;0.27;77.7;19.05;10.81;4.88;0.83;2.64;5.63;215.2;166.4;32.3;5.3;11.3;2.93;1.45;0.31;0.43;0.38;0.37;0.084;22.3;4.12;1.96;1.28;0.23;0.79;4.26;61.6;49.9;1.7;1.6;8.5;0.19;0.07;0.04;0.07
19;50;50;50;100;20.48;3.92;10.84;5.82;5.87;0.284;77.6;20.75;12.07;5.15;0.89;2.94;6.25;226.5;157.8;50.4;5.9;12.5;2.79;2.27;0.34;0.47;0.48;0.48;0.088;22.4;5.26;2.44;1.67;0.29;0.98;4.59;65.3;51.8;2.4;2;9.2;0.24;0.09;0.06;0.08
19;50;50;100;0;19.44;3.31;9.58;4.66;4.74;0.268;83.1;17.78;10.12;4.52;0.78;2.51;5.49;217.9;170;31.9;5;11;2.93;1.13;0.28;0.4;0.4;0.37;0.079;16.9;4.46;2.04;1.44;0.23;0.81;4.09;44.3;32.7;1.7;1.6;8.2;0.22;0.04;0.05;0.06
19;50;50;100;50;20.42;3.93;11.24;5.15;5.19;0.269;82.7;19.38;10.93;4.97;0.87;2.75;6.41;229.3;161.4;49.6;5.5;12.8;2.79;1.66;0.31;0.43;0.56;0.53;0.081;17.3;6.37;2.88;2.02;0.37;1.18;4.83;47.6;34;1.6;2.4;9.7;0.31;0.06;0.06;0.09
19;50;50;100;100;21.34;4.45;12.53;5.77;5.89;0.28;81.5;21.09;12.1;5.4;0.9;3;7.23;225.4;153.6;51.4;6;14.5;2.68;2.41;0.32;0.48;0.68;0.66;0.084;18.5;7.64;3.51;2.44;0.43;1.45;5.3;51;35.1;2.3;2.9;10.6;0.37;0.09;0.08;0.11
19;50;100;0;0;18.75;3.29;9.45;5.71;5.78;0.275;75.1;21.08;11.99;5.44;0.91;2.91;5.34;231.6;168.5;46.6;5.8;10.7;3.59;1.38;0.33;0.47;0.22;0.2;0.077;24.9;2.02;0.94;0.6;0.13;0.38;4.11;76.6;65.9;1.7;0.8;8.2;0.08;0.07;0.02;0.03
19;50;100;0;50;18.44;3.4;9.72;6.17;6.22;0.285;74.1;21.91;12.49;5.57;0.99;3;5.54;226.7;163.9;45.8;6;11.1;3.45;1.94;0.35;0.48;0.24;0.24;0.092;25.9;2.19;1.03;0.7;0.1;0.4;4.18;79;67.2;2.6;0.8;8.4;0.08;0.1;0.02;0.03
19;50;100;0;100;18.28;3.5;10.06;6.67;6.77;0.299;73.5;22.74;13.23;5.63;1.01;3.06;5.83;222.4;159.7;44.9;6.1;11.7;3.35;2.58;0.35;0.49;0.29;0.28;0.099;26.5;2.48;1.17;0.81;0.13;0.44;4.23;80.2;68.5;2.4;0.9;8.5;0.1;0.12;0.03;0.04
19;50;100;50;0;19.9;3.75;10.53;5.88;5.98;0.274;78.8;21.95;12.46;5.58;1.05;3.13;6.05;231.5;164;49.2;6.3;12.1;3.52;1.63;0.35;0.48;0.28;0.29;0.081;21.2;3.22;1.47;1.05;0.18;0.62;4.48;62.2;50.4;1.6;1.2;9;0.15;0.06;0.04;0.05
19;50;100;50;50;20.52;4.05;11.48;6.53;6.46;0.278;77.5;23.3;13.34;5.88;1.04;3.26;6.65;226.8;156.5;50.5;6.5;13.3;3.33;2.22;0.38;0.52;0.39;0.41;0.088;22.5;4.45;2.04;1.42;0.23;0.79;4.83;65.6;52;2.3;1.6;9.7;0.2;0.1;0.04;0.07
19;50;100;50;100;21.64;4.39;12.34;7.28;7.31;0.296;76.2;24.78;14.51;6.11;1.03;3.39;7.1;221.3;147.4;52.9;6.8;14.2;3.13;3.26;0.39;0.53;0.55;0.51;0.091;23.8;5.35;2.58;1.6;0.34;1;5.24;68.7;54;2.2;2;10.5;0.25;0.12;0.06;0.08
19;50;100;100;0;20.35;3.94;11.49;5.94;5.96;0.27;83;22.16;12.56;5.76;0.97;3.08;6.62;230.1;160.8;49.9;6.2;13.2;3.41;1.69;0.35;0.51;0.44;0.42;0.083;17;4.76;2.22;1.5;0.27;0.86;4.87;47.1;34.1;1.6;1.7;9.7;0.23;0.06;0.05;0.08
19;50;100;100;50;21.27;4.57;13.1;6.45;6.47;0.276;81.4;23.52;13.49;6.04;1.02;3.33;7.52;225.7;153.2;50.8;6.7;15;3.26;2.3;0.37;0.53;0.6;0.61;0.086;18.6;6.87;3.2;2.15;0.37;1.25;5.58;51.3;35.2;2.5;2.5;11.2;0.33;0.09;0.08;0.11
19;50;100;100;100;22.27;4.99;14.16;7.24;7.39;0.294;80.4;25.15;14.73;6.2;1.06;3.52;8.19;220.3;144;52.9;7;16.4;3.08;3.35;0.41;0.54;0.69;0.72;0.087;19.6;8.07;3.67;2.59;0.47;1.47;5.98;53.6;36.5;2.2;2.9;12;0.39;0.12;0.09;0.11
19;100;0;0;0;17.79;2.64;7.34;4.81;4.82;0.293;69.8;16.52;9.64;4.12;0.68;2.31;4.13;164.4;122.2;29.3;4.6;8.3;3.57;0.64;0.27;0.34;0.17;0.16;0.068;30.2;1.83;0.85;0.58;0.11;0.33;3.21;71.2;61.5;2.6;0.7;6.4;0.07;0.05;0.02;0.03
19;100;0;0;50;17.3;2.72;7.97;4.95;5.04;0.294;69.4;17.23;10;4.33;0.75;2.31;4.58;163.4;121.6;28;4.6;9.2;3.59;0.81;0.26;0.39;0.25;0.22;0.082;30.6;2.25;1.07;0.71;0.12;0.41;3.39;72.1;61.8;2.7;0.8;6.8;0.08;0.08;0.03;0.03
19;100;0;0;100;17.08;2.91;8.34;5.17;5.15;0.291;68.3;17.79;10.4;4.37;0.76;2.44;4.82;160.8;118.8;27.5;4.9;9.6;3.42;1.09;0.26;0.39;0.27;0.27;0.09;31.7;2.56;1.22;0.81;0.15;0.47;3.52;74.7;63;3.7;0.9;7;0.09;0.11;0.03;0.04
19;100;0;50;0;18.69;2.89;8.16;4.74;4.81;0.289;74.3;16.72;9.57;4.23;0.73;2.34;4.67;165.3;120.9;30.4;4.7;9.3;3.5;0.68;0.27;0.36;0.27;0.26;0.077;25.7;3.06;1.39;0.99;0.18;0.56;3.5;57.3;46.6;2.6;1.1;7;0.14;0.05;0.04;0.04
19;100;0;50;50;19.09;3.21;9.14;5.1;5.07;0.287;73.4;17.76;10.32;4.39;0.78;2.46;5.22;164.3;118.1;30.8;4.9;10.4;3.48;0.92;0.28;0.39;0.4;0.37;0.084;26.6;4.18;1.87;1.4;0.21;0.74;3.92;59.4;47.5;2.6;1.5;7.8;0.18;0.08;0.05;0.06
19;100;0;50;100;19.75;3.5;10.25;5.5;5.44;0.287;72.2;19.06;11.01;4.79;0.78;2.55;5.95;163.1;114.5;31.6;5.1;11.9;3.38;1.36;0.29;0.41;0.51;0.47;0.087;27.8;5.19;2.42;1.68;0.26;0.96;4.3;62.9;48.7;3.7;1.9;8.6;0.23;0.11;0.05;0.08
19;100;0;100;0;18.98;3.12;8.92;4.79;4.83;0.288;79.3;16.84;9.68;4.18;0.73;2.33;5.12;165.6;120.2;30.5;4.7;10.2;3.52;0.69;0.25;0.36;0.35;0.36;0.078;20.7;4.3;1.93;1.4;0.22;0.79;3.8;43.1;31.2;2.7;1.6;7.6;0.2;0.05;0.04;0.06
19;100;0;100;50;19.8;3.73;10.54;5.08;5.07;0.281;78.1;18.17;10.43;4.55;0.8;2.58;6.09;164.2;115.6;31.3;5.2;12.2;3.37;1.01;0.29;0.41;0.55;0.53;0.082;21.9;6.31;2.86;2.04;0.33;1.15;4.45;45.9;32.2;2.5;2.3;8.9;0.3;0.08;0.06;0.09
19;100;0;100;100;20.5;4.06;11.79;5.38;5.43;0.281;76.8;19.39;11.16;4.87;0.82;2.7;6.85;162.7;111.6;32;5.4;13.7;3.23;1.46;0.3;0.44;0.65;0.66;0.085;23.2;7.54;3.5;2.39;0.42;1.36;4.94;49.2;33.1;3.5;2.7;9.9;0.36;0.1;0.08;0.11
19;100;50;0;0;18.06;3.49;9.86;6.61;6.75;0.299;69.3;22.7;13.23;5.64;0.99;3.12;5.68;166.7;119.7;29.4;6.2;11.4;5;0.91;0.33;0.5;0.2;0.18;0.073;30.7;1.93;0.95;0.56;0.12;0.37;4.19;73.6;62.6;1.9;0.7;8.4;0.08;0.05;0.02;0.03
19;100;50;0;50;17.79;3.54;10.01;6.97;6.99;0.3;68.3;23.41;13.71;5.76;0.98;3.14;5.76;163.5;116.8;28.9;6.3;11.5;4.86;1.27;0.36;0.5;0.21;0.22;0.084;31.7;2.15;1.03;0.67;0.12;0.39;4.25;75.8;63.9;2.6;0.8;8.5;0.08;0.08;0.03;0.03
19;100;50;0;100;17.58;3.66;10.4;7.35;7.32;0.304;67.7;24.13;14.18;5.87;1;3.25;6.01;161.4;114.6;28.3;6.5;12;4.77;1.68;0.37;0.5;0.26;0.25;0.09;32.3;2.36;1.1;0.74;0.13;0.41;4.39;77;64.9;2.6;0.8;8.8;0.09;0.11;0.02;0.03
19;100;50;50;0;19.06;3.8;10.7;6.57;6.77;0.294;73.6;23.16;13.32;5.78;0.98;3.21;6.13;166.9;117.3;30.9;6.4;12.3;4.92;0.99;0.36;0.51;0.32;0.27;0.078;26.4;3.08;1.48;0.97;0.19;0.59;4.57;59.8;47.8;1.7;1.2;9.1;0.14;0.05;0.03;0.05
19;100;50;50;50;19.79;4.14;11.53;7.05;7.02;0.292;72.3;24.13;14.03;5.99;1;3.4;6.65;164.7;112.6;32;6.8;13.3;4.67;1.45;0.37;0.52;0.36;0.36;0.084;27.7;4.05;1.88;1.3;0.21;0.75;4.88;63.1;49.3;2.5;1.5;9.8;0.19;0.08;0.04;0.06
19;100;50;50;100;20.56;4.46;12.52;7.64;7.69;0.303;73;25.43;14.91;6.21;1.07;3.48;7.14;178.9;108.2;49.5;7;14.3;4.56;2.21;0.38;0.53;0.5;0.48;0.087;27;5.24;2.49;1.6;0.26;0.98;5.38;65.9;50.8;2.4;2;10.8;0.24;0.1;0.06;0.08
19;100;50;100;0;19.65;4.04;11.48;6.79;6.81;0.294;78.5;23.29;13.54;5.84;0.97;3.2;6.59;166.5;115.5;31.5;6.4;13.2;4.83;1.11;0.36;0.5;0.4;0.38;0.081;21.5;4.51;2.12;1.4;0.24;0.84;4.89;45.5;32.3;1.8;1.7;9.8;0.21;0.05;0.05;0.07
19;100;50;100;50;20.62;4.49;12.96;7.12;7.15;0.292;78.6;24.55;14.22;6.13;1.04;3.27;7.53;180.9;110.6;48.6;6.5;15.1;4.61;1.62;0.37;0.54;0.64;0.55;0.084;21.4;6.34;3;2;0.33;1.22;5.43;49.2;33.3;2.6;2.4;10.9;0.3;0.08;0.07;0.09
19;100;50;100;100;21.36;4.97;14.01;7.62;7.7;0.3;77.6;25.73;14.97;6.39;1.08;3.5;8.13;178.8;105.6;49.9;7;16.3;4.41;2.32;0.41;0.55;0.7;0.67;0.086;22.4;7.66;3.64;2.41;0.43;1.47;5.89;51.6;34.4;2.5;2.9;11.8;0.37;0.1;0.09;0.12
19;100;100;0;0;18.88;3.92;11.22;8.01;7.89;0.296;70.2;26.74;15.7;6.53;1.14;3.6;6.46;180.9;114.7;46.1;7.2;12.9;5.54;1.37;0.41;0.57;0.18;0.2;0.079;29.8;1.94;0.88;0.64;0.11;0.32;4.76;76.7;64.8;1.7;0.6;9.5;0.08;0.07;0.02;0.03
19;100;100;0;50;18.76;4.04;11.57;8.21;8.25;0.304;69.1;27.23;15.88;6.74;1.13;3.65;6.62;177.9;112.3;45;7.3;13.2;5.36;1.91;0.41;0.57;0.28;0.25;0.093;30.9;2.25;1.09;0.69;0.1;0.4;4.95;79.3;65.9;2.7;0.8;9.9;0.08;0.11;0.02;0.04
19;100;100;0;100;18.42;4.29;11.81;8.65;8.75;0.314;68.2;27.98;16.71;6.67;1.17;3.82;6.72;173.9;108.9;44;7.6;13.4;5.21;2.53;0.43;0.58;0.31;0.29;0.1;31.8;2.48;1.23;0.73;0.13;0.47;5.09;81;67.4;2.5;0.9;10.2;0.09;0.14;0.03;0.03
19;100;100;50;0;19.99;4.36;12.14;8.05;7.97;0.294;74.2;27.2;15.98;6.63;1.13;3.72;7.04;181.5;111.9;48.1;7.4;14.1;5.37;1.59;0.42;0.59;0.3;0.31;0.085;25.8;3.32;1.56;1.03;0.18;0.64;5.1;62.9;49.6;1.8;1.3;10.2;0.15;0.07;0.04;0.05
19;100;100;50;50;20.61;4.69;13.01;8.46;8.32;0.296;73;28.18;16.62;6.87;1.14;3.83;7.57;179.4;107.1;49.5;7.7;15.1;5.1;2.18;0.44;0.6;0.43;0.41;0.089;27;4.33;2.04;1.36;0.22;0.85;5.44;66.3;51.1;2.5;1.7;10.9;0.2;0.11;0.05;0.06
19;100;100;50;100;21.7;4.99;13.98;9.16;9.15;0.309;71.8;29.67;17.58;7.09;1.19;4.01;8.12;176.9;100.6;52;8;16.2;4.85;3.22;0.45;0.63;0.54;0.51;0.092;28.2;5.36;2.49;1.7;0.3;0.97;5.86;69.2;53.3;2.3;1.9;11.7;0.25;0.12;0.06;0.08
19;100;100;100;0;20.35;4.71;12.97;7.93;7.93;0.292;78.9;27.27;15.8;6.8;1.19;3.77;7.4;180.7;109.8;48.6;7.5;14.8;5.27;1.65;0.44;0.57;0.43;0.41;0.084;21.1;4.73;2.23;1.44;0.24;0.94;5.57;48.2;33.5;1.7;1.9;11.1;0.23;0.07;0.06;0.06
19;100;100;100;50;21.73;5.17;14.76;8.32;8.37;0.293;77.5;28.7;16.65;7.16;1.25;3.95;8.55;179.3;103.6;50.8;7.9;17.1;4.97;2.31;0.45;0.64;0.59;0.59;0.086;22.5;6.72;3.09;2.13;0.4;1.22;6.2;52.1;34.9;2.4;2.4;12.4;0.33;0.1;0.07;0.1
19;100;100;100;100;22.66;5.55;15.73;8.99;9.12;0.307;76.2;29.8;17.57;7.33;1.26;4.06;8.98;176.3;97.5;52.8;8.1;18;4.66;3.35;0.47;0.64;0.71;0.71;0.087;23.8;7.99;3.72;2.54;0.44;1.49;6.75;54.9;36.2;2.2;3;13.5;0.39;0.12;0.09;0.12
20;0;0;0;0;17.5;1.8;5.09;2.33;2.34;0.234;81.7;10.03;5.5;2.69;0.45;1.48;2.99;282.3;242.7;30.6;3;6;1.25;0.69;0.16;0.24;0.13;0.15;0.06;18.3;1.69;0.78;0.55;0.09;0.32;2.1;63.1;56.5;1.8;0.6;4.2;0.07;0.03;0.02;0.02
20;0;0;0;50;17.15;1.87;5.38;2.53;2.52;0.239;81.2;10.57;5.78;2.84;0.46;1.5;3.06;278.7;239.7;29.8;3;6.1;1.23;0.88;0.17;0.24;0.19;0.18;0.07;18.8;1.98;0.92;0.61;0.1;0.37;2.32;64.2;57.1;1.7;0.7;4.6;0.08;0.04;0.02;0.03
20;0;0;0;100;17.22;2.11;6;2.9;2.85;0.243;80.4;11.8;6.64;3;0.55;1.71;3.49;274.5;234.6;29.5;3.4;7;1.21;1.16;0.19;0.28;0.2;0.22;0.08;19.6;2.24;1.04;0.71;0.11;0.41;2.51;66.7;58.1;2.8;0.8;5;0.09;0.08;0.02;0.03
20;0;0;50;0;17.82;2.07;5.8;2.28;2.33;0.234;84.8;10.01;5.48;2.7;0.42;1.5;3.32;281.9;241.3;30.9;3;6.6;1.24;0.69;0.18;0.23;0.26;0.25;0.073;15.2;3;1.36;0.99;0.16;0.57;2.48;50.3;42.5;1.7;1.1;5;0.14;0.03;0.03;0.04
20;0;0;50;50;18.5;2.5;6.87;2.59;2.6;0.233;84;11.19;6.08;2.95;0.56;1.74;3.94;277.4;234.4;31.6;3.5;7.9;1.19;0.96;0.18;0.26;0.33;0.34;0.079;16;4.02;1.83;1.29;0.23;0.76;2.92;52.5;43.5;1.6;1.5;5.8;0.19;0.04;0.05;0.06
20;0;0;50;100;19.45;2.77;7.91;3.15;3.04;0.24;82.9;12.68;6.96;3.41;0.55;1.84;4.59;272.1;226.6;32.7;3.7;9.2;1.13;1.41;0.21;0.29;0.47;0.42;0.082;17.1;4.95;2.35;1.54;0.26;0.93;3.32;55.8;44.6;2.6;1.9;6.6;0.23;0.07;0.05;0.08
20;0;0;100;0;18.22;2.35;6.66;2.2;2.28;0.231;88.2;9.93;5.38;2.67;0.48;1.49;3.9;281.9;240.3;30.9;3;7.8;1.18;0.7;0.16;0.23;0.37;0.36;0.077;11.8;4.38;2.03;1.39;0.24;0.85;2.76;37.6;28.5;1.8;1.7;5.5;0.21;0.03;0.05;0.06
20;0;0;100;50;19.26;2.81;8.25;2.69;2.66;0.231;87.3;11.56;6.35;3.12;0.54;1.69;4.85;276.4;231.4;31.9;3.4;9.7;1.19;1;0.19;0.28;0.52;0.5;0.079;12.7;6.14;2.85;2;0.32;1.12;3.4;40.1;29.4;1.8;2.2;6.8;0.3;0.05;0.06;0.09
20;0;0;100;100;20.13;3.41;9.59;3.16;3.19;0.239;86;13.42;7.48;3.55;0.6;2.07;5.58;269.1;220.8;33.1;4.1;11.2;1.13;1.51;0.24;0.31;0.59;0.6;0.08;14;7.3;3.33;2.39;0.4;1.34;4.02;43.5;30.4;2.4;2.7;8;0.36;0.06;0.08;0.1
20;0;50;0;0;18.33;2.12;5.9;2.65;2.67;0.225;80.8;11.92;6.45;3.21;0.56;1.78;3.41;276.5;234.2;32;3.6;6.8;1.22;0.97;0.21;0.28;0.17;0.16;0.069;19.2;1.73;0.83;0.53;0.1;0.34;2.49;65.6;58.2;1.8;0.7;5;0.07;0.05;0.02;0.02
20;0;50;0;50;17.97;2.3;6.49;3.12;3.05;0.235;80.1;13.01;7.2;3.43;0.61;1.91;3.79;270.6;228.3;31;3.8;7.6;1.16;1.35;0.23;0.31;0.2;0.2;0.078;19.9;2.08;0.98;0.68;0.09;0.39;2.69;67.2;59.3;1.7;0.8;5.4;0.08;0.07;0.02;0.03
20;0;50;0;100;17.89;2.47;6.88;3.54;3.57;0.254;79.1;14.05;7.88;3.65;0.65;2.03;3.96;265.1;222.5;30.6;4.1;7.9;1.13;1.89;0.23;0.33;0.23;0.24;0.089;20.9;2.24;1.08;0.69;0.09;0.43;2.92;69.7;60.4;2.6;0.9;5.8;0.09;0.1;0.02;0.03
20;0;50;50;0;18.73;2.47;6.97;2.69;2.71;0.221;83.8;12.28;6.67;3.36;0.56;1.86;3.99;273.9;230.2;32;3.7;8;1.19;1.02;0.21;0.29;0.29;0.27;0.075;16.2;3.14;1.47;1.01;0.2;0.6;2.98;52.9;44.1;1.7;1.2;6;0.15;0.04;0.03;0.05
20;0;50;50;50;19.51;2.75;8.18;3.29;3.21;0.229;82.8;14.03;7.68;3.75;0.62;2.05;4.72;267.5;220.8;33.1;4.1;9.4;1.13;1.52;0.23;0.33;0.38;0.35;0.08;17.2;4.08;1.82;1.31;0.24;0.71;3.46;55.3;45.4;1.5;1.4;6.9;0.19;0.06;0.04;0.06
20;0;50;50;100;20;3.18;9.07;3.85;3.96;0.257;82.5;15.44;8.49;4.12;0.74;2.18;5.26;277.8;212.6;50.4;4.4;10.5;1.1;2.24;0.26;0.36;0.49;0.47;0.086;17.5;5.25;2.41;1.6;0.31;1;3.81;58.7;46.6;2.4;2;7.6;0.25;0.09;0.06;0.07
20;0;50;100;0;19.27;2.7;7.73;2.74;2.78;0.223;87.3;12.49;6.78;3.36;0.59;1.9;4.53;272.6;227.3;32.4;3.8;9.1;1.13;1.14;0.21;0.29;0.38;0.37;0.078;12.7;4.47;2.03;1.46;0.24;0.8;3.2;39.5;29.8;1.7;1.6;6.4;0.22;0.04;0.05;0.06
20;0;50;100;50;20.21;3.29;9.48;3.43;3.36;0.233;86.8;14.46;7.89;3.82;0.67;2.09;5.58;281.4;215.6;50.4;4.2;11.2;1.09;1.68;0.23;0.35;0.55;0.53;0.081;13.2;6.4;2.95;2.06;0.35;1.2;3.9;42.6;30.9;1.5;2.4;7.8;0.32;0.06;0.07;0.08
20;0;50;100;100;21.09;3.7;10.75;3.99;4.1;0.255;85.7;16.11;8.89;4.33;0.73;2.29;6.2;275.8;207;51.8;4.6;12.4;1.07;2.39;0.27;0.37;0.7;0.66;0.084;14.3;7.65;3.49;2.46;0.43;1.4;4.55;45.9;31.7;2.3;2.8;9.1;0.37;0.09;0.09;0.11
20;0;100;0;0;19.13;2.52;7.2;3.2;3.23;0.222;80.4;14.55;7.87;4;0.67;2.17;4.18;283.7;221.5;49.5;4.3;8.4;1.15;1.48;0.24;0.37;0.2;0.19;0.076;19.6;1.9;0.9;0.61;0.09;0.35;3.03;69;60.6;1.7;0.7;6.1;0.08;0.06;0.02;0.03
20;0;100;0;50;18.64;2.69;7.42;3.87;3.89;0.251;79.8;15.52;8.65;4.09;0.72;2.29;4.36;277.5;215.9;48.3;4.6;8.7;1.12;2.15;0.25;0.36;0.18;0.21;0.081;20.2;2.04;0.96;0.61;0.12;0.4;3.06;70.1;61.7;1.5;0.8;6.1;0.08;0.08;0.02;0.03
20;0;100;0;100;18.82;2.79;7.98;4.42;4.45;0.266;78.6;16.73;9.35;4.39;0.74;2.35;4.59;269.8;207.9;48;4.7;9.2;1.03;2.77;0.27;0.37;0.29;0.26;0.094;21.4;2.38;1.14;0.76;0.12;0.44;3.39;73.3;63.2;2.4;0.9;6.8;0.09;0.12;0.02;0.03
20;0;100;50;0;19.68;2.9;8.11;3.35;3.38;0.226;83.3;15;8.15;4.02;0.67;2.27;4.61;280.4;216.5;50.2;4.5;9.2;1.11;1.66;0.27;0.35;0.28;0.29;0.08;16.7;3.34;1.55;1.08;0.18;0.64;3.49;55.9;46.1;1.6;1.3;7;0.15;0.05;0.04;0.05
20;0;100;50;50;20.44;3.32;9.27;4.01;4.12;0.246;82.4;16.76;9.19;4.5;0.79;2.45;5.38;274.3;206.8;51.8;4.9;10.8;1.05;2.4;0.28;0.4;0.38;0.39;0.085;17.6;4.3;2.02;1.32;0.23;0.87;3.9;58.5;47.5;1.5;1.7;7.8;0.2;0.08;0.05;0.06
20;0;100;50;100;21.3;3.61;10.22;4.85;4.93;0.27;81;18.31;10.41;4.67;0.79;2.58;5.9;266;196.1;53;5.2;11.8;0.98;3.26;0.29;0.41;0.54;0.51;0.088;19;5.53;2.57;1.73;0.31;1.03;4.33;62;49;2.3;2.1;8.7;0.26;0.11;0.06;0.08
20;0;100;100;0;20.1;3.24;9.2;3.44;3.45;0.224;86.9;15.43;8.38;4.26;0.7;2.35;5.37;279.4;213.6;50.4;4.7;10.7;1.1;1.72;0.27;0.38;0.43;0.4;0.081;13.1;4.83;2.22;1.55;0.26;0.89;3.83;42.1;31.1;1.6;1.8;7.7;0.23;0.06;0.04;0.07
20;0;100;100;50;21.41;3.8;10.89;4.2;4.24;0.244;85.5;17.36;9.63;4.63;0.77;2.55;6.27;270.9;200.5;52.8;5.1;12.5;1.02;2.52;0.29;0.4;0.55;0.57;0.083;14.5;6.67;3.08;2.16;0.35;1.25;4.62;45.6;32.3;1.5;2.5;9.2;0.33;0.08;0.07;0.09
20;0;100;100;100;22.14;4.15;12.16;5.12;5.18;0.268;84.3;19.35;10.89;5.04;0.86;2.64;7.08;262.4;188.5;54.5;5.3;14.2;0.94;3.47;0.3;0.46;0.75;0.69;0.085;15.7;8.04;3.77;2.54;0.43;1.51;5.07;48.6;33.5;2;3;10.1;0.39;0.09;0.09;0.12
20;50;0;0;0;17.66;2.27;6.26;3.67;3.68;0.273;77.9;13.57;7.74;3.47;0.59;1.93;3.65;225.7;184.1;30.4;3.9;7.3;2.46;0.69;0.23;0.3;0.16;0.15;0.065;22.1;1.73;0.83;0.52;0.08;0.34;2.62;63.8;56;1.9;0.7;5.2;0.07;0.04;0.02;0.02
20;50;0;0;50;17.36;2.25;6.6;3.87;3.86;0.276;77.6;14.06;8.01;3.62;0.58;1.9;3.89;223.8;182.7;29.5;3.8;7.8;2.46;0.86;0.22;0.31;0.17;0.17;0.07;22.4;1.9;0.88;0.58;0.09;0.34;2.71;64.4;56.4;1.9;0.7;5.4;0.08;0.05;0.02;0.02
20;50;0;0;100;17.2;2.52;7.09;4.08;4.14;0.275;76.6;15.13;8.61;3.84;0.66;2.14;4.09;220;178.4;29.2;4.3;8.2;2.4;1.15;0.26;0.33;0.22;0.22;0.082;23.4;2.19;1.01;0.69;0.12;0.39;3;67;57.5;2.7;0.8;6;0.08;0.08;0.02;0.03
20;50;0;50;0;17.93;2.53;6.91;3.66;3.63;0.274;81.5;13.34;7.63;3.42;0.56;1.89;3.96;225.6;183.4;30.4;3.8;7.9;2.46;0.67;0.21;0.29;0.28;0.26;0.074;18.5;3.1;1.49;0.97;0.17;0.64;2.95;51.1;42.1;1.9;1.3;5.9;0.14;0.04;0.04;0.04
20;50;0;50;50;18.44;2.79;7.89;3.92;3.88;0.27;80.7;14.41;8.28;3.61;0.64;2.05;4.51;222.3;178.3;30.9;4.1;9;2.4;0.93;0.23;0.32;0.36;0.34;0.078;19.3;4.05;1.88;1.29;0.22;0.74;3.38;53.1;43;1.8;1.5;6.8;0.19;0.05;0.04;0.06
20;50;0;50;100;19.36;3.22;9.01;4.42;4.31;0.272;79.5;15.91;9.19;4.02;0.69;2.26;5.21;219.4;172.4;32.1;4.5;10.4;2.32;1.37;0.26;0.36;0.45;0.44;0.084;20.5;5.05;2.36;1.59;0.25;0.96;3.8;56.3;44.2;2.6;1.9;7.6;0.23;0.08;0.06;0.07
20;50;0;100;0;18.17;2.7;7.63;3.56;3.59;0.273;85.5;13.21;7.5;3.33;0.58;1.89;4.36;225.5;182.4;30.5;3.8;8.7;2.42;0.67;0.21;0.29;0.36;0.35;0.077;14.5;4.34;1.99;1.4;0.22;0.81;3.27;38.2;28.2;1.8;1.6;6.5;0.21;0.03;0.04;0.07
20;50;0;100;50;19.2;3.31;9.37;3.92;3.92;0.267;84.4;14.78;8.35;3.94;0.62;2.12;5.44;222.5;176.1;31.3;4.2;10.9;2.37;0.98;0.24;0.33;0.59;0.51;0.08;15.6;6.22;2.94;1.95;0.34;1.19;3.93;41.1;29;1.8;2.4;7.9;0.3;0.05;0.07;0.09
20;50;0;100;100;20.18;3.61;10.55;4.33;4.33;0.267;83;16.26;9.24;4.2;0.65;2.26;6.07;217.7;168.4;32.6;4.5;12.1;2.24;1.47;0.26;0.36;0.62;0.62;0.082;17;7.33;3.4;2.35;0.39;1.35;4.49;44.3;30;2.6;2.7;9;0.36;0.08;0.08;0.1
20;50;50;0;0;18.08;2.69;7.53;4.76;4.7;0.278;77.3;16.98;9.69;4.33;0.74;2.33;4.45;224.4;180.1;30.7;4.7;8.9;3.13;0.91;0.26;0.39;0.16;0.16;0.068;22.7;1.74;0.83;0.55;0.09;0.36;3.07;65.7;57;1.8;0.7;6.1;0.07;0.05;0.02;0.02
20;50;50;0;50;18.23;2.83;8.13;5.05;5.02;0.278;76.4;18.13;10.41;4.59;0.73;2.47;4.79;220;174.9;30.6;4.9;9.6;2.99;1.34;0.28;0.41;0.18;0.2;0.082;23.6;1.99;0.92;0.63;0.1;0.36;3.34;67.6;58.4;1.8;0.7;6.7;0.08;0.07;0.02;0.02
20;50;50;0;100;17.96;3.05;8.61;5.55;5.51;0.291;75.4;19.02;11.14;4.74;0.82;2.61;4.9;216;171;30;5.2;9.8;2.96;1.84;0.3;0.41;0.25;0.25;0.092;24.6;2.35;1.1;0.74;0.11;0.44;3.72;70.4;59.4;2.7;0.9;7.4;0.09;0.1;0.03;0.03
20;50;50;50;0;18.99;3.04;8.65;4.74;4.74;0.272;80.6;17.51;9.96;4.52;0.76;2.46;5;223.2;176.6;31.6;4.9;10;3.07;0.99;0.28;0.39;0.29;0.27;0.077;19.4;3.14;1.49;1;0.17;0.58;3.65;53.6;43.3;1.8;1.2;7.3;0.15;0.04;0.03;0.05
20;50;50;50;50;19.49;3.45;9.7;5.14;5.14;0.272;79.4;18.99;10.85;4.79;0.83;2.66;5.58;217.7;168.7;32.5;5.3;11.2;2.92;1.49;0.3;0.43;0.42;0.37;0.083;20.6;4.21;1.97;1.32;0.24;0.79;4.12;56.3;44.9;1.6;1.6;8.2;0.2;0.06;0.05;0.06
20;50;50;50;100;20.35;3.82;10.66;5.87;5.81;0.287;79.4;20.29;11.78;4.99;0.87;2.81;6.14;230.5;162.1;50.4;5.6;12.3;2.8;2.25;0.31;0.44;0.48;0.46;0.087;20.6;5.1;2.42;1.62;0.24;1.01;4.51;59.6;46.1;2.4;2;9;0.24;0.1;0.05;0.07
20;50;50;100;0;19.22;3.31;9.59;4.99;4.9;0.273;84.5;17.98;10.27;4.6;0.77;2.44;5.59;222.1;174.3;31.7;4.9;11.2;3.08;1.12;0.28;0.41;0.41;0.38;0.08;15.5;4.57;2.16;1.4;0.26;0.86;4;40.7;29.3;1.7;1.7;8;0.22;0.05;0.05;0.07
20;50;50;100;50;20.42;3.99;11.12;5.33;5.27;0.273;84.2;19.41;11.17;4.91;0.84;2.72;6.52;233.8;165.7;49.6;5.4;13;2.87;1.67;0.31;0.43;0.55;0.54;0.082;15.8;6.43;3.02;1.95;0.36;1.27;4.6;43.9;30.4;1.7;2.5;9.2;0.31;0.07;0.08;0.09
20;50;50;100;100;21.36;4.4;12.4;5.94;5.93;0.284;82.9;20.98;12.13;5.27;0.91;2.94;7.19;228.9;157.3;51.3;5.9;14.4;2.73;2.39;0.34;0.47;0.63;0.65;0.083;17.1;7.61;3.59;2.42;0.41;1.46;5.21;47;31.4;2.2;2.9;10.4;0.37;0.09;0.08;0.11
20;50;100;0;0;19.21;3.39;9.29;5.95;5.94;0.276;77.2;21.63;12.38;5.46;0.89;3.08;5.37;235.8;170.3;48.7;6.2;10.7;3.63;1.46;0.37;0.48;0.2;0.18;0.077;22.8;1.79;0.83;0.59;0.09;0.31;3.92;69.7;59.6;1.6;0.6;7.8;0.07;0.06;0.02;0.02
20;50;100;0;50;19;3.45;9.76;6.35;6.5;0.292;76.1;22.36;12.86;5.59;0.98;3.05;5.62;230.5;165.6;47.6;6.1;11.2;3.52;2.12;0.36;0.5;0.22;0.23;0.085;23.9;2.17;0.99;0.7;0.12;0.4;4.14;72.3;60.8;2.5;0.8;8.3;0.09;0.09;0.02;0.03
20;50;100;0;100;18.74;3.57;10.03;6.97;6.96;0.301;75.3;23.23;13.59;5.68;0.96;3.12;5.82;225.9;161.3;46.7;6.2;11.6;3.41;2.7;0.35;0.5;0.29;0.28;0.099;24.7;2.4;1.19;0.72;0.11;0.46;4.22;73.7;61.9;2.5;0.9;8.4;0.09;0.13;0.03;0.03
20;50;100;50;0;19.77;3.65;10.36;5.98;6;0.277;80.4;21.8;12.39;5.59;0.96;3.01;6.03;234.2;167.2;48.9;6;12.1;3.54;1.62;0.34;0.5;0.32;0.3;0.083;19.6;3.36;1.54;1.07;0.21;0.64;4.33;56.8;45.2;1.7;1.3;8.7;0.15;0.07;0.04;0.05
20;50;100;50;50;20.37;4;11.47;6.53;6.66;0.287;79.3;23.28;13.41;5.84;1.01;3.2;6.71;230.4;160.4;50.2;6.4;13.4;3.44;2.34;0.35;0.52;0.44;0.4;0.087;20.7;4.41;2.06;1.4;0.24;0.81;4.76;59.9;46.5;2.3;1.6;9.5;0.2;0.09;0.05;0.06
20;50;100;50;100;21.48;4.44;12.32;7.3;7.38;0.3;78.1;24.72;14.54;6.09;1.05;3.44;7.11;224.8;151.4;52.4;6.9;14.2;3.22;3.23;0.4;0.53;0.54;0.5;0.09;21.9;5.37;2.5;1.68;0.29;1;5.22;62.8;48.2;2.2;2;10.4;0.25;0.12;0.06;0.07
20;50;100;100;0;20.43;3.98;11.29;6.08;6.09;0.274;84.2;22.36;12.74;5.74;0.95;3.12;6.51;233.3;164.1;49.9;6.2;13;3.52;1.71;0.35;0.51;0.45;0.4;0.082;15.8;4.64;2.1;1.46;0.28;0.86;4.78;43.6;30.6;1.7;1.7;9.6;0.22;0.07;0.05;0.07
20;50;100;100;50;21.34;4.49;12.93;6.69;6.67;0.284;82.8;23.59;13.6;5.9;1.07;3.21;7.55;228.7;155.9;51.3;6.4;15.1;3.33;2.45;0.35;0.53;0.62;0.58;0.084;17.2;6.75;3.1;2.17;0.38;1.27;5.38;47.2;31.6;2.3;2.5;10.8;0.33;0.08;0.07;0.09
20;50;100;100;100;22.36;4.99;14.25;7.5;7.55;0.297;81.7;25.48;14.89;6.3;1.09;3.48;8.36;223.4;146.3;53.3;7;16.7;3.17;3.42;0.39;0.57;0.76;0.7;0.086;18.3;8.04;3.79;2.59;0.4;1.5;5.89;49.8;32.9;2.2;3;11.8;0.39;0.11;0.09;0.11
20;100;0;0;0;17.81;2.71;7.39;4.97;5.03;0.297;72.2;17;9.95;4.16;0.63;2.37;4.21;167.4;124.2;30.1;4.7;8.4;3.74;0.67;0.27;0.36;0.14;0.15;0.066;27.8;1.76;0.83;0.57;0.08;0.35;3.18;64.3;55.5;1.8;0.7;6.4;0.07;0.04;0.02;0.03
20;100;0;0;50;17.38;2.73;7.69;5.24;5.23;0.298;71.8;17.64;10.39;4.37;0.68;2.4;4.44;165.8;122.8;29.3;4.8;8.9;3.71;0.85;0.29;0.39;0.16;0.17;0.07;28.2;1.83;0.83;0.58;0.12;0.34;3.25;64.9;56;1.8;0.7;6.5;0.07;0.05;0.02;0.02
20;100;0;0;100;17.24;2.94;8.26;5.36;5.42;0.295;70.9;18.44;10.78;4.54;0.78;2.53;4.79;163.8;120.4;28.7;5.1;9.6;3.6;1.13;0.29;0.41;0.22;0.22;0.083;29.1;2.17;1.03;0.67;0.14;0.41;3.47;67.2;56.9;2.6;0.8;6.9;0.08;0.08;0.02;0.03
20;100;0;50;0;18.12;2.89;8.03;4.98;5.01;0.3;76.7;16.85;9.85;4.14;0.69;2.33;4.66;168.4;124.2;30.2;4.7;9.3;3.74;0.64;0.26;0.37;0.23;0.25;0.075;23.3;2.99;1.38;0.96;0.19;0.56;3.37;51.2;41.5;1.8;1.1;6.7;0.14;0.04;0.04;0.04
20;100;0;50;50;18.71;3.27;9.04;5.33;5.26;0.293;75.7;18.02;10.55;4.44;0.78;2.49;5.21;166.6;120.4;30.8;5;10.4;3.67;0.92;0.27;0.39;0.34;0.33;0.079;24.3;3.94;1.84;1.23;0.23;0.78;3.83;53.5;42.6;1.7;1.6;7.7;0.19;0.05;0.05;0.05
20;100;0;50;100;19.52;3.62;10.18;5.69;5.58;0.29;74.3;19.33;11.35;4.7;0.84;2.66;5.92;164.5;115.5;31.8;5.3;11.8;3.46;1.39;0.3;0.43;0.45;0.44;0.084;25.7;5.08;2.37;1.64;0.26;0.95;4.26;57;44;2.5;1.9;8.5;0.24;0.08;0.06;0.07
20;100;0;100;0;18.45;3.14;8.92;4.93;5.01;0.295;81.1;17.05;9.81;4.26;0.78;2.35;5.11;167.9;122.7;30.3;4.7;10.2;3.68;0.68;0.28;0.37;0.34;0.35;0.077;18.9;4.26;1.94;1.41;0.23;0.78;3.81;39;28;1.8;1.6;7.6;0.2;0.04;0.04;0.06
20;100;0;100;50;19.51;3.62;10.37;5.36;5.26;0.288;80;18.36;10.65;4.61;0.76;2.47;6.04;166.7;118.3;31.4;4.9;12.1;3.57;0.99;0.29;0.41;0.49;0.51;0.08;20;6.12;2.8;1.93;0.34;1.15;4.33;41.7;28.9;1.9;2.3;8.7;0.3;0.06;0.07;0.09
20;100;0;100;100;20.2;4.01;11.6;5.54;5.59;0.287;78.6;19.56;11.27;4.96;0.83;2.67;6.68;164.4;113.4;32.3;5.3;13.4;3.39;1.46;0.31;0.43;0.62;0.61;0.082;21.4;7.24;3.37;2.33;0.4;1.34;4.92;44.7;29.8;2.4;2.7;9.8;0.35;0.07;0.08;0.1
20;100;50;0;0;18.47;3.35;9.59;6.76;6.83;0.303;71.6;22.66;13.25;5.53;0.95;3.02;5.47;169.2;121.8;30.4;6;10.9;5.07;0.93;0.35;0.48;0.18;0.17;0.07;28.4;1.82;0.85;0.59;0.09;0.32;4.11;67.1;56.4;1.9;0.6;8.2;0.07;0.05;0.02;0.03
20;100;50;0;50;18.22;3.52;9.99;7.27;7.16;0.305;70.6;23.61;13.92;5.66;1.04;3.15;5.78;166.8;119.1;29.9;6.3;11.6;5;1.29;0.36;0.51;0.21;0.21;0.083;29.4;2.11;0.97;0.67;0.12;0.37;4.22;69.2;57.4;2.6;0.7;8.4;0.08;0.08;0.02;0.03
20;100;50;0;100;17.98;3.71;10.21;7.5;7.52;0.313;70;24.15;14.36;5.79;1;3.26;5.89;164.4;116.9;29.2;6.5;11.8;4.88;1.77;0.37;0.5;0.28;0.25;0.092;30;2.27;1.11;0.67;0.11;0.45;4.32;70.5;58.2;2.7;0.9;8.6;0.08;0.11;0.03;0.03
20;100;50;50;0;19.04;3.79;10.44;6.76;6.83;0.299;75.6;22.98;13.37;5.74;0.94;3.17;6.1;169.5;120.1;30.9;6.3;12.2;4.99;0.98;0.35;0.51;0.3;0.28;0.08;24.4;3.19;1.48;0.99;0.18;0.61;4.34;54.5;42.7;1.9;1.2;8.7;0.14;0.05;0.03;0.04
20;100;50;50;50;19.73;4.09;11.33;7.18;7.13;0.298;74.3;24.05;14.13;5.9;1.04;3.29;6.54;167.2;115.7;31.8;6.6;13.1;4.79;1.43;0.38;0.53;0.38;0.37;0.085;25.7;4.11;1.91;1.3;0.24;0.8;4.79;57.8;43.9;2.7;1.6;9.6;0.19;0.08;0.04;0.06
20;100;50;50;100;20.63;4.43;12.34;7.72;7.78;0.306;75;25.49;15.05;6.21;1.06;3.48;7.21;181.2;110.1;49.7;7;14.4;4.58;2.24;0.41;0.55;0.45;0.47;0.089;25;5.17;2.36;1.68;0.29;0.96;5.13;60.3;45.5;2.6;1.9;10.3;0.24;0.1;0.06;0.07
20;100;50;100;0;19.47;4.02;11.38;6.96;6.92;0.299;80;23.27;13.74;5.65;0.96;3.18;6.55;168.8;118;31.4;6.4;13.1;4.95;1.11;0.37;0.5;0.39;0.37;0.079;20;4.49;2.08;1.48;0.24;0.85;4.83;42;28.9;1.7;1.7;9.7;0.22;0.05;0.05;0.06
20;100;50;100;50;20.63;4.47;12.74;7.25;7.24;0.298;80;24.42;14.28;5.99;1.05;3.29;7.38;183;112.7;49;6.6;14.8;4.72;1.61;0.37;0.54;0.57;0.54;0.083;20;6.32;2.91;2.01;0.35;1.18;5.37;45.6;29.9;2.6;2.4;10.7;0.31;0.08;0.07;0.09
20;100;50;100;100;21.43;4.79;13.67;7.82;7.78;0.304;79;25.73;15.04;6.25;1.05;3.38;7.87;180.3;106.8;51;6.8;15.7;4.48;2.35;0.39;0.56;0.67;0.64;0.084;21;7.42;3.48;2.36;0.39;1.41;5.8;47.7;31.1;2.3;2.8;11.6;0.36;0.09;0.08;0.1
20;100;100;0;0;19.37;4.05;11.26;8.12;8;0.298;72.3;26.95;15.92;6.59;1.12;3.71;6.55;184;115.8;47.6;7.4;13.1;5.55;1.43;0.43;0.59;0.18;0.19;0.079;27.7;1.94;0.84;0.66;0.11;0.34;4.71;70.5;58.7;1.8;0.7;9.4;0.08;0.07;0.02;0.02
20;100;100;0;50;19.14;4.02;11.48;8.59;8.55;0.31;71.3;27.69;16.45;6.66;1.16;3.69;6.67;180.4;112.9;46.7;7.4;13.3;5.44;2.09;0.41;0.6;0.21;0.21;0.086;28.7;2.06;0.93;0.66;0.11;0.33;4.81;72.5;59.8;2.5;0.7;9.6;0.08;0.09;0.02;0.03
20;100;100;0;100;19.02;4.2;11.95;9.01;9.03;0.317;70.5;28.58;17.03;6.8;1.24;3.77;6.94;177.4;110;46;7.5;13.9;5.34;2.65;0.43;0.61;0.29;0.27;0.098;29.5;2.43;1.13;0.78;0.12;0.43;5.01;74.2;60.9;2.4;0.9;10;0.09;0.13;0.02;0.03
20;100;100;50;0;20;4.14;12.22;8.16;8.1;0.298;76.1;27.25;15.85;6.77;1.17;3.54;7.17;183.3;113.6;48.2;7.1;14.3;5.48;1.6;0.39;0.62;0.33;0.3;0.083;23.9;3.34;1.52;1.08;0.18;0.6;5.05;57.6;44.5;1.8;1.2;10.1;0.15;0.07;0.03;0.04
20;100;100;50;50;20.76;4.65;13.13;8.42;8.6;0.305;74.8;28.32;16.55;7.05;1.13;3.85;7.54;181.5;108.8;49.9;7.7;15.1;5.25;2.3;0.44;0.61;0.39;0.4;0.087;25.2;4.35;1.98;1.41;0.23;0.8;5.59;61;45.9;2.4;1.6;11.2;0.2;0.09;0.04;0.06
20;100;100;50;100;21.73;4.89;13.96;9.25;9.22;0.313;73.6;29.52;17.5;7.1;1.18;3.86;8.1;178.2;102.5;51.8;7.7;16.2;4.95;3.2;0.44;0.63;0.48;0.5;0.089;26.4;5.39;2.51;1.73;0.31;1.03;5.87;63.8;47.7;2.2;2.1;11.7;0.25;0.12;0.06;0.07
20;100;100;100;0;20.52;4.62;12.96;8.09;8.07;0.296;80.7;27.34;16.08;6.65;1.18;3.78;7.58;184.3;112.5;49.1;7.6;15.2;5.4;1.66;0.42;0.58;0.43;0.39;0.082;19.3;4.59;2.11;1.51;0.26;0.83;5.38;44;30;1.6;1.7;10.8;0.22;0.07;0.04;0.07
20;100;100;100;50;21.46;5.07;14.39;8.63;8.63;0.302;79.1;28.66;16.88;6.9;1.24;3.88;8.34;181.6;106.2;51;7.8;16.7;5.15;2.41;0.45;0.62;0.61;0.56;0.084;20.9;6.54;2.99;2.1;0.34;1.19;6.05;48;31.2;2.3;2.4;12.1;0.32;0.09;0.06;0.09
20;100;100;100;100;22.49;5.35;15.57;9.23;9.24;0.31;77.8;29.87;17.62;7.27;1.25;3.88;9.02;178.1;99.4;52.9;7.8;18;4.77;3.37;0.45;0.65;0.71;0.7;0.086;22.2;7.89;3.65;2.53;0.44;1.47;6.55;50.7;32.5;2.2;2.9;13.1;0.38;0.12;0.08;0.11
21;0;0;0;0;17.54;1.79;5.01;2.33;2.37;0.238;83.5;10;5.48;2.69;0.45;1.49;2.84;287.3;247.9;30.8;3;5.7;1.27;0.69;0.17;0.23;0.17;0.15;0.062;16.5;1.66;0.78;0.52;0.08;0.3;2.17;56.5;49.8;1.8;0.6;4.3;0.07;0.03;0.02;0.02
21;0;0;0;50;17.76;1.98;5.37;2.68;2.65;0.244;83.2;10.87;6.07;2.79;0.48;1.64;3.14;285;244.5;31;3.3;6.3;1.31;0.89;0.18;0.26;0.18;0.17;0.069;16.8;1.86;0.87;0.58;0.11;0.34;2.23;57.3;50.4;1.8;0.7;4.5;0.07;0.05;0.02;0.02
21;0;0;0;100;17.45;2.15;5.9;3.06;2.96;0.247;82.5;12.02;6.81;3.12;0.53;1.79;3.48;280.5;239.7;30.3;3.6;7;1.27;1.19;0.22;0.28;0.22;0.2;0.078;17.5;2.03;0.96;0.61;0.12;0.36;2.43;59.4;51.2;2.6;0.7;4.9;0.08;0.07;0.02;0.03
21;0;0;50;0;17.79;1.91;5.68;2.4;2.35;0.24;86.4;9.83;5.4;2.6;0.45;1.37;3.34;287.4;247.3;30.7;2.7;6.7;1.28;0.68;0.16;0.23;0.26;0.24;0.072;13.6;2.97;1.36;0.96;0.16;0.54;2.35;45;37.4;1.8;1.1;4.7;0.14;0.03;0.03;0.04
21;0;0;50;50;18.42;2.43;6.94;2.65;2.69;0.239;85.6;11.25;6.17;3.04;0.53;1.68;3.98;282.5;239.8;31.4;3.4;8;1.26;0.95;0.2;0.27;0.35;0.33;0.078;14.4;4.05;1.86;1.33;0.22;0.76;2.95;47.5;38.3;1.8;1.5;5.9;0.19;0.04;0.04;0.06
21;0;0;50;100;19.4;2.78;8.05;3.2;3.14;0.245;84.5;12.84;7.18;3.42;0.57;1.87;4.67;276.3;230.7;32.5;3.7;9.3;1.2;1.43;0.21;0.29;0.45;0.42;0.081;15.5;4.93;2.29;1.52;0.31;0.92;3.38;50.6;39.4;2.6;1.8;6.8;0.23;0.07;0.05;0.07
21;0;0;100;0;18.14;2.28;6.44;2.34;2.36;0.239;89.4;9.88;5.43;2.57;0.48;1.47;3.72;286.5;245.2;30.9;2.9;7.4;1.28;0.68;0.17;0.24;0.35;0.35;0.078;10.6;4.36;1.99;1.42;0.23;0.81;2.72;33.9;25;1.9;1.6;5.4;0.21;0.03;0.05;0.06
21;0;0;100;50;19.24;2.88;8.21;2.72;2.69;0.234;88.4;11.53;6.32;3.12;0.49;1.73;4.79;280.8;235.8;32;3.5;9.6;1.2;1.02;0.21;0.26;0.53;0.49;0.078;11.6;6.1;2.8;1.96;0.33;1.15;3.43;36.7;25.8;1.7;2.3;6.9;0.3;0.04;0.06;0.09
21;0;0;100;100;20.08;3.26;9.57;3.27;3.2;0.243;87.3;13.23;7.34;3.49;0.63;1.91;5.55;274;226.2;33;3.8;11.1;1.19;1.5;0.22;0.3;0.66;0.61;0.081;12.7;7.4;3.37;2.45;0.42;1.35;4.02;39.8;26.6;2.5;2.7;8;0.36;0.07;0.07;0.11
21;0;50;0;0;18.16;2.03;5.79;2.76;2.69;0.23;82.8;11.76;6.42;3.12;0.52;1.71;3.38;281.6;239.7;31.7;3.4;6.8;1.26;0.95;0.2;0.28;0.17;0.16;0.068;17.2;1.78;0.83;0.58;0.08;0.32;2.41;58.3;51.2;1.7;0.6;4.8;0.07;0.05;0.02;0.02
21;0;50;0;50;18.59;2.29;6.6;3.12;3.16;0.237;82;13.35;7.35;3.57;0.6;1.93;3.83;275.8;231.9;32.4;3.9;7.7;1.22;1.41;0.22;0.32;0.18;0.19;0.077;18;1.92;0.9;0.63;0.09;0.37;2.77;60.4;52.5;1.6;0.7;5.5;0.07;0.07;0.02;0.03
21;0;50;0;100;18.54;2.53;7;3.67;3.73;0.257;81.1;14.53;8.1;3.76;0.69;2.09;4.11;269.6;225.4;31.8;4.2;8.2;1.18;1.97;0.24;0.33;0.24;0.23;0.086;18.9;2.25;1.1;0.64;0.14;0.44;2.89;62.7;53.5;2.5;0.9;5.8;0.09;0.09;0.02;0.03
21;0;50;50;0;18.67;2.49;6.87;2.81;2.75;0.227;85.4;12.16;6.76;3.23;0.56;1.85;3.98;280.1;236.6;31.8;3.7;8;1.24;1;0.22;0.29;0.26;0.27;0.078;14.6;3.17;1.46;1.06;0.16;0.63;2.89;47.5;38.7;1.8;1.3;5.8;0.15;0.05;0.04;0.04
21;0;50;50;50;19.33;2.71;8.09;3.33;3.26;0.234;84.5;13.96;7.66;3.67;0.68;1.96;4.78;272.7;226.3;32.9;3.9;9.6;1.18;1.49;0.23;0.35;0.37;0.35;0.08;15.5;4.11;1.89;1.33;0.23;0.75;3.3;49.7;40;1.6;1.5;6.6;0.2;0.06;0.04;0.06
21;0;50;50;100;20.13;3.19;9.11;3.9;3.97;0.259;84.1;15.36;8.57;4.01;0.73;2.17;5.32;282.4;217;50.4;4.3;10.6;1.11;2.26;0.24;0.36;0.51;0.47;0.086;15.9;5.38;2.56;1.66;0.29;1.01;3.79;53.2;41.1;2.5;2;7.6;0.25;0.09;0.06;0.07
21;0;50;100;0;19.28;2.74;7.7;2.87;2.84;0.229;88.5;12.46;6.81;3.37;0.58;1.87;4.51;277.9;232.7;32.5;3.7;9;1.2;1.14;0.21;0.29;0.36;0.36;0.077;11.5;4.43;2.01;1.42;0.25;0.86;3.19;35.9;26;1.8;1.7;6.4;0.22;0.04;0.05;0.06
21;0;50;100;50;20.1;3.44;9.38;3.42;3.4;0.238;88;14.3;7.79;3.77;0.69;2.17;5.48;286.9;221.6;50.1;4.3;11;1.16;1.66;0.25;0.32;0.56;0.55;0.082;12;6.56;3.05;2.1;0.36;1.27;3.91;38.9;27;1.6;2.5;7.8;0.32;0.07;0.08;0.1
21;0;50;100;100;20.99;3.69;10.63;4.14;4.13;0.258;87;16.06;9.01;4.2;0.69;2.29;6.22;279.8;211;51.8;4.6;12.4;1.1;2.39;0.26;0.38;0.66;0.65;0.083;13;7.68;3.5;2.45;0.45;1.39;4.42;41.7;27.8;2.3;2.8;8.8;0.37;0.09;0.07;0.12
21;0;100;0;0;18.96;2.48;7.08;3.29;3.24;0.227;82.5;14.33;7.77;3.96;0.68;2.15;4.13;289.5;227.7;49.2;4.3;8.3;1.2;1.46;0.24;0.33;0.18;0.17;0.075;17.5;1.8;0.81;0.59;0.11;0.33;2.95;61.4;53.1;1.7;0.7;5.9;0.07;0.06;0.02;0.02
21;0;100;0;50;19.4;2.69;7.51;3.95;4.01;0.253;81.5;15.93;8.78;4.18;0.74;2.3;4.33;280.9;217.5;50.1;4.6;8.7;1.14;2.24;0.26;0.37;0.21;0.22;0.083;18.5;2.11;1;0.64;0.11;0.39;3.18;63.6;54.8;1.6;0.8;6.4;0.08;0.08;0.02;0.03
21;0;100;0;100;19.11;2.81;8.1;4.53;4.62;0.27;80.8;17.18;9.72;4.45;0.73;2.37;4.84;275.8;212.3;49.1;4.7;9.7;1.12;2.83;0.26;0.41;0.26;0.25;0.095;19.2;2.26;1.11;0.68;0.11;0.44;3.27;65.4;55.7;2.3;0.9;6.5;0.09;0.11;0.02;0.03
21;0;100;50;0;19.44;2.87;8.05;3.46;3.39;0.229;85;14.87;8.11;4.05;0.74;2.24;4.69;285.7;221.9;49.9;4.5;9.4;1.14;1.65;0.24;0.36;0.3;0.29;0.08;15;3.32;1.55;1.02;0.2;0.63;3.36;50.1;40.5;1.6;1.3;6.7;0.15;0.05;0.04;0.04
21;0;100;50;50;20.52;3.21;9.34;4.09;4.18;0.249;84;16.81;9.34;4.44;0.76;2.41;5.42;279.1;211.4;52;4.8;10.8;1.1;2.4;0.27;0.41;0.39;0.4;0.086;16;4.38;2.03;1.41;0.23;0.8;3.92;52.8;41.8;1.6;1.6;7.8;0.2;0.08;0.05;0.07
21;0;100;50;100;21.28;3.61;10.27;5.19;5.08;0.273;82.8;18.62;10.65;4.73;0.82;2.6;6;270.5;199.8;53.4;5.2;12;1.06;3.3;0.3;0.42;0.54;0.49;0.088;17.2;5.4;2.54;1.7;0.3;1.01;4.28;56;43.3;2.2;2;8.6;0.25;0.1;0.06;0.08
21;0;100;100;0;20.32;3.27;9.06;3.58;3.53;0.226;88.1;15.63;8.59;4.19;0.7;2.35;5.32;283.4;216.7;51.4;4.7;10.6;1.12;1.76;0.28;0.37;0.37;0.39;0.08;11.9;4.66;2.19;1.45;0.26;0.92;3.74;38.2;27.4;1.5;1.8;7.5;0.23;0.05;0.05;0.06
21;0;100;100;50;21.21;3.77;10.68;4.19;4.22;0.247;87;17.11;9.39;4.56;0.75;2.48;6.25;276.5;206.6;52.4;5;12.5;1.05;2.48;0.28;0.41;0.61;0.58;0.083;13;6.81;3.15;2.15;0.36;1.29;4.42;41.2;28.2;1.6;2.6;8.8;0.33;0.08;0.08;0.09
21;0;100;100;100;22.05;4.2;11.98;5.29;5.17;0.272;85.7;19.06;10.85;4.89;0.8;2.65;7.02;267.4;194.3;53.7;5.3;14;1.03;3.41;0.31;0.43;0.73;0.71;0.084;14.3;8.2;3.79;2.65;0.46;1.55;4.96;44.3;29.2;2.1;3.1;9.9;0.4;0.1;0.09;0.12
21;50;0;0;0;17.39;2.11;6.2;3.79;3.77;0.284;80.2;13.34;7.63;3.43;0.59;1.8;3.64;230.2;189.3;30;3.6;7.3;2.61;0.67;0.2;0.3;0.15;0.15;0.064;19.8;1.7;0.76;0.56;0.08;0.31;2.56;56.7;49.1;1.9;0.6;5.1;0.07;0.03;0.02;0.02
21;50;0;0;50;17.77;2.35;6.52;4.04;3.99;0.282;79.8;14.25;8.27;3.53;0.59;2.02;3.82;227.7;185.4;30.6;4;7.6;2.54;0.9;0.23;0.32;0.17;0.17;0.068;20.2;1.85;0.84;0.6;0.09;0.33;2.7;57.7;49.9;1.7;0.7;5.4;0.08;0.04;0.02;0.03
21;50;0;0;100;17.47;2.5;7.03;4.33;4.28;0.282;78.9;15.24;8.77;3.82;0.71;2.1;4.11;224.3;182;29.9;4.2;8.2;2.54;1.17;0.23;0.34;0.22;0.21;0.08;21.1;2.1;1.02;0.65;0.1;0.39;2.92;59.9;50.7;2.5;0.8;5.8;0.08;0.08;0.02;0.03
21;50;0;50;0;17.89;2.42;6.82;3.71;3.71;0.284;83.5;13.17;7.6;3.29;0.58;1.83;3.99;230.2;188.2;30.3;3.7;8;2.57;0.66;0.2;0.28;0.26;0.24;0.072;16.5;2.97;1.39;0.94;0.18;0.58;2.83;45.5;36.9;1.8;1.2;5.7;0.14;0.03;0.03;0.04
21;50;0;50;50;18.56;2.73;7.83;4.13;4.05;0.279;82.6;14.59;8.46;3.62;0.64;2.01;4.54;227.1;182.8;31.2;4;9.1;2.55;0.94;0.23;0.33;0.37;0.33;0.078;17.4;3.93;1.86;1.23;0.2;0.72;3.29;47.6;37.8;1.8;1.4;6.6;0.18;0.05;0.04;0.06
21;50;0;50;100;19.28;3.12;8.97;4.47;4.39;0.278;81.4;15.86;9.16;3.97;0.66;2.19;5.26;222.8;176;31.9;4.4;10.5;2.39;1.39;0.25;0.35;0.42;0.42;0.082;18.6;4.96;2.3;1.57;0.26;0.93;3.71;50.8;39;2.6;1.9;7.4;0.23;0.07;0.05;0.07
21;50;0;100;0;18.32;2.68;7.47;3.86;3.75;0.282;86.9;13.41;7.76;3.33;0.57;1.86;4.39;229.2;186;30.7;3.7;8.8;2.55;0.69;0.22;0.29;0.39;0.35;0.076;13.1;4.3;2.03;1.3;0.24;0.82;3.08;34.3;24.8;1.8;1.6;6.2;0.21;0.03;0.05;0.06
21;50;0;100;50;19.4;3.25;9.18;4.15;4.03;0.273;85.8;14.85;8.51;3.77;0.62;2.09;5.38;226.1;179.3;31.9;4.2;10.8;2.45;1.01;0.24;0.33;0.56;0.49;0.079;14.2;6.09;2.75;2.03;0.31;1.16;3.81;37.2;25.5;1.8;2.3;7.6;0.3;0.05;0.06;0.09
21;50;0;100;100;20.11;3.66;10.48;4.48;4.46;0.275;84.6;16.32;9.32;4.1;0.7;2.29;6.09;221.7;172.3;32.6;4.6;12.2;2.37;1.47;0.25;0.36;0.63;0.61;0.082;15.4;7.28;3.31;2.37;0.35;1.36;4.4;40.3;26.3;2.5;2.7;8.8;0.35;0.08;0.08;0.1
21;50;50;0;0;18.3;2.74;7.72;4.91;4.9;0.284;79.4;17.35;9.97;4.41;0.75;2.38;4.58;228.1;183.1;31.1;4.8;9.2;3.28;0.96;0.26;0.4;0.16;0.17;0.071;20.6;1.8;0.83;0.55;0.11;0.36;3.13;59.2;50.5;1.7;0.7;6.3;0.07;0.05;0.02;0.02
21;50;50;0;50;18.66;2.84;8.17;5.39;5.25;0.284;78.5;18.54;10.77;4.61;0.83;2.49;4.76;223.5;177.5;31.5;5;9.5;3.15;1.39;0.29;0.42;0.21;0.2;0.079;21.5;1.95;0.92;0.63;0.1;0.35;3.41;61;51.7;1.8;0.7;6.8;0.07;0.08;0.02;0.03
21;50;50;0;100;18.45;3.08;8.57;5.79;5.8;0.296;77.6;19.71;11.54;4.83;0.83;2.7;5.03;219;172.4;31.2;5.4;10.1;3.09;1.95;0.33;0.44;0.24;0.22;0.087;22.4;2.13;1.02;0.64;0.12;0.38;3.54;63.1;52.8;2.5;0.8;7.1;0.08;0.09;0.02;0.03
21;50;50;50;0;18.69;2.96;8.48;4.9;4.85;0.281;82.5;17.35;9.91;4.4;0.73;2.38;4.97;227;180.9;31.4;4.8;9.9;3.2;0.99;0.28;0.38;0.28;0.27;0.078;17.5;3.19;1.43;1.05;0.17;0.59;3.51;48.1;38.1;1.8;1.2;7;0.15;0.05;0.03;0.04
21;50;50;50;50;19.59;3.36;9.56;5.39;5.26;0.28;81.4;18.87;11;4.68;0.77;2.62;5.59;222.2;173.3;32.5;5.2;11.2;3.06;1.47;0.3;0.42;0.37;0.36;0.082;18.6;4.11;1.91;1.29;0.23;0.74;3.97;50.5;39.4;1.7;1.5;7.9;0.19;0.07;0.05;0.06
21;50;50;50;100;20.3;3.78;10.63;5.95;6;0.295;81.4;20.43;11.88;5.05;0.89;2.81;6.31;234.5;166;50.3;5.6;12.6;2.97;2.25;0.33;0.45;0.48;0.45;0.085;18.6;5.12;2.42;1.6;0.29;0.96;4.32;53.5;40.6;2.4;1.9;8.6;0.24;0.09;0.06;0.07
21;50;50;100;0;19.28;3.31;9.51;5.02;5.01;0.282;85.9;17.83;10.36;4.46;0.78;2.48;5.61;226.1;178.2;31.7;5;11.2;3.22;1.12;0.27;0.4;0.4;0.37;0.078;14.1;4.47;2.02;1.45;0.27;0.83;3.9;36.8;25.6;1.7;1.7;7.8;0.22;0.04;0.05;0.06
21;50;50;100;50;20.28;3.9;11.13;5.37;5.42;0.282;85.6;19.34;11.13;4.86;0.84;2.64;6.56;237.4;169.7;49.3;5.3;13.1;3.04;1.63;0.31;0.44;0.54;0.53;0.081;14.4;6.44;3;2.05;0.36;1.26;4.57;39.9;26.6;1.6;2.5;9.1;0.32;0.06;0.07;0.09
21;50;50;100;100;21.06;4.31;12.37;5.93;6.05;0.291;84.4;20.85;12.19;5.15;0.88;2.92;7.23;232.4;161.5;50.6;5.8;14.5;2.88;2.35;0.35;0.47;0.67;0.65;0.082;15.6;7.69;3.55;2.47;0.43;1.39;5.14;42.9;27.5;2.3;2.8;10.3;0.38;0.08;0.08;0.11
21;50;100;0;0;19.25;3.22;9.25;6.2;6.1;0.285;79.2;21.52;12.41;5.45;0.89;2.88;5.34;239.2;174.1;48.7;5.8;10.7;3.82;1.46;0.34;0.48;0.19;0.19;0.079;20.8;1.85;0.86;0.59;0.09;0.34;3.91;62.7;52.4;1.7;0.7;7.8;0.07;0.07;0.02;0.03
21;50;100;0;50;19.54;3.48;9.66;6.84;6.79;0.299;78.5;22.82;13.56;5.53;0.91;3.15;5.7;235.9;168.9;49.3;6.3;11.4;3.74;2.19;0.36;0.5;0.22;0.21;0.085;21.5;1.97;0.93;0.6;0.12;0.34;3.96;64.6;53.6;2.4;0.7;7.9;0.08;0.09;0.02;0.03
21;50;100;0;100;19.19;3.54;10.01;7.25;7.18;0.307;77.6;23.45;13.91;5.7;0.96;3.14;5.87;230.4;164.2;48.1;6.3;11.7;3.56;2.76;0.36;0.5;0.27;0.27;0.1;22.4;2.33;1.1;0.7;0.12;0.41;4.14;66.2;54.6;2.5;0.8;8.3;0.09;0.13;0.02;0.03
21;50;100;50;0;19.59;3.72;10.11;6.29;6.22;0.286;82.2;21.81;12.73;5.38;0.94;3.06;5.85;237.9;171.4;48.7;6.1;11.7;3.77;1.61;0.37;0.47;0.31;0.3;0.082;17.8;3.38;1.6;1.05;0.16;0.66;4.26;51.2;39.7;1.7;1.3;8.5;0.15;0.06;0.03;0.05
21;50;100;50;50;20.41;3.95;11.32;6.66;6.81;0.295;81.2;23.16;13.42;5.83;0.94;3.2;6.62;234.5;164.5;50.3;6.4;13.2;3.63;2.31;0.36;0.5;0.42;0.38;0.086;18.8;4.28;1.97;1.39;0.22;0.75;4.7;54.2;40.9;2.4;1.5;9.4;0.2;0.09;0.04;0.06
21;50;100;50;100;21.25;4.31;12.42;7.55;7.53;0.306;79.9;24.65;14.54;5.97;1.11;3.28;7.28;227.5;154.5;51.9;6.6;14.6;3.4;3.2;0.38;0.55;0.49;0.51;0.089;20.1;5.56;2.55;1.82;0.32;1.03;5.14;57;42.5;2.2;2.1;10.3;0.26;0.11;0.06;0.08
21;50;100;100;0;20.14;3.84;11.11;6.28;6.13;0.282;85.6;21.88;12.57;5.53;0.93;2.94;6.45;236.1;167.8;49.6;5.9;12.9;3.61;1.68;0.34;0.49;0.39;0.41;0.081;14.4;4.77;2.21;1.54;0.28;0.91;4.66;39.6;26.8;1.6;1.8;9.3;0.23;0.06;0.05;0.07
21;50;100;100;50;21.34;4.51;12.77;6.78;6.87;0.29;84.2;23.82;13.82;5.93;0.98;3.29;7.46;231.9;158.4;51.9;6.6;14.9;3.46;2.49;0.39;0.54;0.59;0.56;0.084;15.8;6.57;3.02;2.1;0.37;1.22;5.3;43.2;27.8;2.3;2.4;10.6;0.32;0.08;0.07;0.09
21;50;100;100;100;22.23;4.91;13.85;7.64;7.62;0.304;83.2;25.15;14.87;6.04;1.05;3.43;8.05;226.2;149.8;53.5;6.9;16.1;3.29;3.4;0.39;0.53;0.71;0.7;0.085;16.8;7.96;3.7;2.52;0.46;1.48;5.81;45.4;28.8;2;3;11.6;0.39;0.1;0.09;0.11
21;100;0;0;0;17.73;2.61;7.2;5.2;5.16;0.308;74.8;16.85;10.01;4.08;0.68;2.28;4.18;170.3;127.1;30.3;4.6;8.4;3.86;0.67;0.27;0.36;0.14;0.15;0.064;25.2;1.67;0.8;0.5;0.09;0.33;3.02;57.3;48.8;1.8;0.7;6;0.07;0.04;0.02;0.02
21;100;0;0;50;17.98;2.77;7.77;5.43;5.44;0.305;74.3;17.95;10.52;4.42;0.77;2.42;4.52;169.3;125;30.5;4.8;9;3.87;0.91;0.28;0.39;0.17;0.18;0.074;25.7;1.84;0.85;0.62;0.1;0.34;3.25;58.5;49.5;1.8;0.7;6.5;0.07;0.06;0.02;0.03
21;100;0;0;100;17.61;2.9;8.11;5.57;5.63;0.303;73.4;18.66;10.97;4.54;0.76;2.54;4.75;166.9;122.8;29.5;5.1;9.5;3.76;1.18;0.3;0.4;0.22;0.21;0.081;26.6;2.05;0.97;0.65;0.12;0.36;3.36;60.4;50.2;2.8;0.7;6.7;0.08;0.08;0.02;0.03
21;100;0;50;0;18.07;2.78;7.97;5.05;5.17;0.309;78.7;16.81;9.92;4.12;0.7;2.23;4.65;171;126.9;30.3;4.5;9.3;3.89;0.65;0.24;0.37;0.25;0.24;0.073;21.3;2.87;1.31;0.95;0.16;0.55;3.32;46.1;36.6;1.8;1.1;6.6;0.13;0.03;0.03;0.04
21;100;0;50;50;18.67;3.17;8.9;5.48;5.36;0.302;77.8;17.89;10.61;4.36;0.73;2.41;5.17;169.3;123.1;31;4.8;10.3;3.76;0.94;0.29;0.38;0.34;0.34;0.079;22.2;3.96;1.84;1.27;0.19;0.76;3.73;48.3;37.5;1.8;1.5;7.5;0.18;0.05;0.04;0.05
21;100;0;50;100;19.59;3.51;9.99;5.9;5.78;0.299;76.4;19.42;11.46;4.79;0.77;2.56;5.81;167.1;118.2;32.2;5.1;11.6;3.65;1.4;0.3;0.42;0.44;0.42;0.083;23.6;4.87;2.24;1.55;0.27;0.95;4.18;51.5;38.8;2.5;1.9;8.4;0.23;0.08;0.05;0.06
21;100;0;100;0;18.34;2.96;8.84;5.16;5.21;0.307;83;17.06;9.99;4.25;0.7;2.19;5.21;171.3;126.1;30.4;4.4;10.4;3.89;0.68;0.26;0.37;0.38;0.35;0.076;17;4.29;1.94;1.38;0.25;0.77;3.63;35;24.5;1.8;1.5;7.3;0.21;0.03;0.04;0.06
21;100;0;100;50;19.46;3.64;10.35;5.39;5.35;0.296;81.5;18.15;10.72;4.41;0.77;2.51;5.93;168.4;120.1;31.4;5;11.9;3.67;1;0.28;0.4;0.51;0.5;0.079;18.5;6.13;2.78;1.98;0.35;1.13;4.42;38.3;25.4;1.7;2.3;8.8;0.3;0.05;0.06;0.09
21;100;0;100;100;20.21;4.04;11.44;5.7;5.75;0.296;80.3;19.51;11.35;4.79;0.84;2.65;6.69;167.2;116.2;32.3;5.3;13.4;3.57;1.45;0.3;0.43;0.63;0.61;0.081;19.7;7.26;3.33;2.31;0.4;1.38;4.75;41;26.1;2.6;2.8;9.5;0.35;0.08;0.08;0.1
21;100;50;0;0;18.52;3.34;9.5;7.02;7.1;0.314;74;22.72;13.45;5.48;1.01;3.01;5.47;172.1;124.6;30.5;6;10.9;5.34;0.93;0.35;0.49;0.19;0.16;0.071;26;1.78;0.81;0.57;0.11;0.33;4.04;60.3;49.6;1.9;0.7;8.1;0.07;0.05;0.02;0.02
21;100;50;0;50;18.76;3.52;9.79;7.48;7.36;0.312;73;23.68;14.19;5.6;1.01;3.15;5.64;169.1;120.4;31.1;6.3;11.3;5.14;1.35;0.36;0.5;0.21;0.19;0.079;27;1.96;0.92;0.64;0.09;0.37;4.15;62.6;51;2.6;0.7;8.3;0.08;0.07;0.02;0.03
21;100;50;0;100;18.51;3.71;10.22;7.68;7.82;0.319;72.4;24.61;14.59;5.9;1.01;3.29;6.03;167.2;118.2;30.4;6.6;12.1;5.04;1.89;0.38;0.52;0.23;0.23;0.088;27.6;2.21;1.04;0.69;0.12;0.42;4.19;63.6;51.8;2.6;0.8;8.4;0.08;0.1;0.02;0.03
21;100;50;50;0;18.97;3.58;10.2;7.22;7.11;0.311;77.8;23;13.69;5.54;0.96;3.01;5.94;171.7;122.8;31.1;6;11.9;5.29;0.98;0.34;0.5;0.25;0.27;0.078;22.2;3.04;1.38;0.98;0.2;0.57;4.26;49;37.6;1.7;1.1;8.5;0.14;0.05;0.03;0.05
21;100;50;50;50;19.65;3.96;11.22;7.49;7.42;0.307;76.4;24.27;14.44;5.76;1.04;3.19;6.59;169.1;117.6;31.9;6.4;13.2;5.06;1.46;0.37;0.53;0.39;0.36;0.083;23.6;4.08;1.89;1.3;0.25;0.76;4.63;52.2;38.9;2.5;1.5;9.3;0.19;0.07;0.04;0.06
21;100;50;50;100;20.41;4.31;12.23;8.12;7.99;0.317;77.1;25.32;15.04;6.15;1.05;3.3;7.15;183.5;113.2;49.4;6.6;14.3;4.87;2.22;0.38;0.52;0.44;0.45;0.084;22.9;5.06;2.39;1.58;0.29;1;5.08;54.5;40;2.3;2;10.2;0.24;0.09;0.06;0.06
21;100;50;100;0;19.55;3.95;10.99;7.21;7.1;0.309;81.9;23.11;13.72;5.61;0.92;3.13;6.47;171.6;120.7;31.6;6.3;12.9;5.14;1.12;0.35;0.5;0.38;0.36;0.078;18.1;4.36;2.02;1.42;0.24;0.82;4.51;37.8;25.3;1.8;1.6;9;0.21;0.05;0.04;0.06
21;100;50;100;50;20.5;4.28;12.58;7.65;7.44;0.307;81.6;24.33;14.5;5.8;1.01;3.15;7.38;185.1;115.2;48.9;6.3;14.8;4.92;1.61;0.36;0.54;0.55;0.53;0.081;18.4;6.35;2.9;2.04;0.33;1.14;5.2;41.6;26.3;2.6;2.3;10.4;0.31;0.08;0.06;0.08
21;100;50;100;100;21.23;4.88;13.6;7.91;7.96;0.313;80.7;25.5;15.17;6.16;1.03;3.48;7.82;183.1;110.2;50.3;7;15.6;4.72;2.3;0.4;0.55;0.7;0.65;0.084;19.3;7.59;3.51;2.35;0.41;1.4;5.79;43.8;27.1;2.4;2.8;11.6;0.37;0.09;0.08;0.11
21;100;100;0;0;19.52;3.85;11.11;8.22;8.25;0.309;74.5;26.86;15.79;6.57;1.15;3.54;6.41;186;118.2;47.9;7.1;12.8;5.83;1.44;0.4;0.59;0.17;0.18;0.077;25.5;1.84;0.83;0.6;0.09;0.31;4.7;63.5;51.7;1.7;0.6;9.4;0.07;0.07;0.02;0.03
21;100;100;0;50;19.77;4.03;11.3;8.82;8.83;0.318;73.7;27.88;16.63;6.64;1.13;3.65;6.65;184.1;114.6;48.9;7.3;13.3;5.64;2.18;0.42;0.59;0.26;0.22;0.089;26.3;2.09;0.98;0.67;0.1;0.37;4.65;65.6;52.9;2.6;0.7;9.3;0.08;0.1;0.02;0.03
21;100;100;0;100;19.55;4.18;11.86;9.2;9.31;0.325;72.9;28.77;17.29;6.79;1.21;3.77;6.89;180.6;111.4;47.9;7.5;13.8;5.53;2.75;0.43;0.6;0.27;0.26;0.103;27.1;2.27;1.08;0.71;0.12;0.41;4.97;67.2;54;2.4;0.8;9.9;0.08;0.13;0.02;0.03
21;100;100;50;0;20.04;4.17;11.93;8.38;8.31;0.308;78.1;27.09;16.03;6.61;1.07;3.55;6.95;185.9;116.2;48.7;7.1;13.9;5.71;1.62;0.41;0.58;0.33;0.3;0.082;21.9;3.26;1.55;1.03;0.16;0.62;4.98;52.2;39.2;1.7;1.2;10;0.15;0.07;0.03;0.05
21;100;100;50;50;20.72;4.55;12.88;8.75;8.81;0.314;76.8;28.19;16.77;6.75;1.09;3.72;7.42;183.3;110.9;50;7.4;14.8;5.48;2.32;0.42;0.59;0.4;0.4;0.087;23.2;4.33;2.04;1.38;0.24;0.83;5.45;55.4;40.5;2.3;1.7;10.9;0.2;0.09;0.05;0.06
21;100;100;50;100;21.51;4.91;13.75;9.44;9.5;0.322;75.7;29.64;17.75;6.97;1.27;3.89;8.07;180.6;104.9;51.8;7.8;16.1;5.19;3.21;0.47;0.63;0.54;0.51;0.09;24.3;5.52;2.57;1.72;0.3;1.02;5.68;57.8;42;2.3;2;11.4;0.26;0.13;0.05;0.07
21;100;100;100;0;20.56;4.49;12.88;8.41;8.33;0.304;82;27.49;16.11;6.76;1.09;3.6;7.53;185.4;113.7;49.4;7.2;15.1;5.61;1.7;0.41;0.61;0.38;0.39;0.082;18;4.58;2.09;1.49;0.26;0.88;5.34;40.6;26.5;1.7;1.8;10.7;0.22;0.07;0.04;0.06
21;100;100;100;50;21.6;5.06;14.34;8.83;8.84;0.31;80.5;28.61;16.92;6.94;1.2;3.79;8.36;183.6;108.2;51.1;7.6;16.7;5.34;2.45;0.44;0.62;0.58;0.57;0.084;19.5;6.55;3.05;2.08;0.37;1.27;5.98;44.4;27.4;2.5;2.5;12;0.32;0.09;0.07;0.09
21;100;100;100;100;22.42;5.36;15.46;9.44;9.46;0.319;79.6;29.74;17.88;7.09;1.21;3.88;9.07;180.9;102.3;52.7;7.8;18.1;5.03;3.34;0.45;0.63;0.72;0.69;0.086;20.4;7.87;3.65;2.52;0.47;1.47;6.38;46.3;28.4;2.2;2.9;12.8;0.38;0.12;0.08;0.11
22;0;0;0;0;17.47;1.78;5.06;2.41;2.47;0.25;85.6;9.94;5.51;2.68;0.48;1.44;3;294.1;254.7;30.5;2.9;6;1.37;0.68;0.17;0.24;0.12;0.14;0.058;14.4;1.68;0.77;0.55;0.09;0.34;2.06;49.5;42.8;1.8;0.7;4.1;0.06;0.04;0.02;0.02
22;0;0;0;50;17.66;1.91;5.37;2.81;2.79;0.255;85.2;11.01;6.17;2.88;0.49;1.58;3.17;290.6;250.2;31;3.2;6.3;1.43;0.9;0.2;0.26;0.18;0.15;0.062;14.8;1.75;0.82;0.53;0.1;0.33;2.2;50.3;43.5;1.8;0.7;4.4;0.06;0.04;0.02;0.02
22;0;0;0;100;17.88;2.09;5.96;3;3.03;0.252;84.4;12.07;6.72;3.19;0.55;1.72;3.51;285.5;243.9;31.1;3.4;7;1.31;1.22;0.22;0.28;0.18;0.17;0.072;15.6;1.95;0.93;0.57;0.13;0.37;2.45;52.6;44.3;2.6;0.7;4.9;0.06;0.07;0.02;0.03
22;0;0;50;0;17.79;2.01;5.72;2.41;2.47;0.25;88;9.94;5.52;2.61;0.47;1.48;3.37;293.1;252.7;30.7;3;6.7;1.39;0.68;0.16;0.24;0.22;0.22;0.066;12;2.95;1.29;0.99;0.17;0.53;2.35;39.9;32.3;1.8;1.1;4.7;0.12;0.03;0.03;0.04
22;0;0;50;50;18.42;2.32;6.7;2.79;2.73;0.248;87.3;11.04;6.17;2.83;0.51;1.54;3.98;288.2;245.8;31.4;3.1;8;1.33;0.94;0.19;0.27;0.31;0.3;0.07;12.7;4;1.83;1.34;0.24;0.79;2.72;41.9;33.1;1.8;1.6;5.4;0.16;0.04;0.04;0.05
22;0;0;50;100;19.22;2.87;7.8;3.31;3.31;0.261;86.2;12.76;7.18;3.26;0.6;1.86;4.66;282.2;236.8;32.4;3.7;9.3;1.31;1.47;0.23;0.3;0.41;0.38;0.074;13.8;4.95;2.32;1.57;0.27;1;3.14;44.8;34;2.5;2;6.3;0.19;0.07;0.06;0.07
22;0;0;100;0;18.08;2.13;6.53;2.47;2.49;0.251;90.6;9.97;5.51;2.61;0.46;1.36;3.81;292.1;250.8;30.9;2.7;7.6;1.42;0.69;0.16;0.22;0.33;0.31;0.067;9.4;4.3;1.93;1.44;0.25;0.77;2.72;30.4;21.7;1.7;1.5;5.4;0.18;0.03;0.04;0.06
22;0;0;100;50;19.16;2.79;8.08;2.76;2.84;0.246;89.7;11.63;6.46;3.05;0.52;1.72;4.75;286.5;241.5;32;3.4;9.5;1.35;1;0.21;0.27;0.47;0.43;0.07;10.3;6;2.71;1.96;0.33;1.07;3.33;32.8;22.3;1.7;2.1;6.7;0.25;0.04;0.06;0.08
22;0;0;100;100;20.22;3.4;9.31;3.35;3.45;0.258;88.6;13.44;7.43;3.55;0.59;1.97;5.58;279.5;231.1;33.3;3.9;11.2;1.31;1.58;0.25;0.32;0.57;0.53;0.072;11.4;7.16;3.28;2.27;0.38;1.43;3.73;35.8;23.1;2.5;2.9;7.5;0.29;0.07;0.08;0.09
22;0;50;0;0;18.11;1.98;5.75;2.82;2.75;0.239;84.9;11.57;6.46;3.09;0.49;1.65;3.42;288;246.4;31.5;3.3;6.8;1.35;0.94;0.2;0.27;0.14;0.15;0.063;15.1;1.76;0.78;0.58;0.08;0.33;2.33;51.2;44;1.9;0.7;4.7;0.06;0.05;0.01;0.02
22;0;50;0;50;18.51;2.34;6.46;3.22;3.25;0.246;84.1;13.27;7.37;3.51;0.61;1.97;3.74;281;237.4;32.2;3.9;7.5;1.32;1.38;0.24;0.32;0.17;0.17;0.07;15.9;1.9;0.87;0.62;0.1;0.38;2.72;53.1;45.3;1.6;0.8;5.4;0.06;0.06;0.02;0.03
22;0;50;0;100;18.78;2.5;7.15;3.84;3.89;0.265;83.2;14.75;8.31;3.85;0.65;2.09;4.19;275.1;230.1;32.4;4.2;8.4;1.31;1.99;0.25;0.35;0.2;0.21;0.079;16.8;2.13;1.02;0.67;0.11;0.42;2.96;55.5;46.3;2.4;0.8;5.9;0.07;0.09;0.02;0.03
22;0;50;50;0;18.51;2.42;6.7;2.83;2.78;0.233;87.1;11.94;6.63;3.09;0.54;1.8;3.86;284.4;241.3;31.8;3.6;7.7;1.28;1;0.22;0.28;0.26;0.25;0.069;12.9;3.27;1.5;1.05;0.2;0.62;2.84;42.1;33.5;1.7;1.2;5.7;0.13;0.04;0.03;0.04
22;0;50;50;50;19.53;2.84;8.03;3.32;3.35;0.24;86.2;14.01;7.74;3.75;0.68;2.06;4.75;278.4;231.7;33.1;4.1;9.5;1.27;1.51;0.24;0.34;0.38;0.32;0.074;13.8;4.08;1.85;1.31;0.23;0.78;3.28;44.4;34.5;1.7;1.6;6.6;0.16;0.06;0.05;0.05
22;0;50;50;100;20.31;3.26;9.07;4.14;4.11;0.266;85.7;15.52;8.8;3.98;0.67;2.21;5.3;287;220.9;51;4.4;10.6;1.22;2.29;0.25;0.35;0.45;0.42;0.077;14.3;5.27;2.47;1.65;0.28;1.05;3.77;47.6;35.7;2.3;2.1;7.5;0.21;0.08;0.06;0.07
22;0;50;100;0;18.93;2.69;7.73;2.93;2.94;0.237;89.7;12.47;6.81;3.41;0.54;1.79;4.55;282.7;237.9;32;3.6;9.1;1.3;1.13;0.22;0.31;0.35;0.34;0.07;10.3;4.59;2.12;1.46;0.26;0.91;3.17;32.4;22.6;1.6;1.8;6.3;0.19;0.04;0.05;0.06
22;0;50;100;50;20.08;3.39;9.33;3.46;3.57;0.251;89.1;14.26;7.96;3.69;0.64;2.1;5.44;291.5;226.4;50;4.2;10.9;1.23;1.74;0.27;0.33;0.51;0.49;0.073;10.9;6.47;3.02;2.05;0.35;1.29;3.89;35.3;23.4;1.6;2.6;7.8;0.26;0.06;0.08;0.09
22;0;50;100;100;21.07;3.74;10.57;4.2;4.21;0.264;88.3;15.98;9;4.19;0.73;2.27;6.28;286;217.2;51.7;4.5;12.6;1.2;2.36;0.27;0.38;0.64;0.57;0.075;11.7;7.53;3.5;2.35;0.42;1.47;4.29;37.9;24;2.3;2.9;8.6;0.31;0.08;0.08;0.1
22;0;100;0;0;18.97;2.4;6.91;3.39;3.32;0.233;84.4;14.3;7.8;3.85;0.68;2.05;4.07;293.8;232.2;49.4;4.1;8.1;1.28;1.46;0.24;0.34;0.15;0.17;0.066;15.6;1.85;0.83;0.6;0.09;0.35;2.84;54;46;1.6;0.7;5.7;0.06;0.06;0.02;0.03
22;0;100;0;50;19.42;2.71;7.41;4.11;4.17;0.259;83.7;16.15;9.06;4.16;0.7;2.33;4.36;286.4;222.3;50.7;4.7;8.7;1.25;2.25;0.3;0.37;0.2;0.19;0.077;16.3;1.95;0.92;0.62;0.1;0.38;3.04;55.7;47.4;1.5;0.8;6.1;0.06;0.08;0.02;0.03
22;0;100;0;100;19.89;2.94;8.08;4.9;4.83;0.273;82.5;17.76;10.22;4.46;0.77;2.52;4.73;278.5;212.6;51.4;5;9.5;1.15;2.97;0.31;0.4;0.25;0.23;0.09;17.5;2.23;1.05;0.67;0.13;0.42;3.35;58.6;48.7;2.4;0.8;6.7;0.07;0.11;0.02;0.03
22;0;100;50;0;19.63;2.68;7.92;3.54;3.49;0.235;86.8;14.88;8.15;4;0.69;2.1;4.71;291.2;227.3;50.2;4.2;9.4;1.22;1.64;0.26;0.36;0.27;0.26;0.072;13.2;3.26;1.48;1.06;0.18;0.58;3.21;44.2;35;1.7;1.2;6.4;0.12;0.06;0.03;0.05
22;0;100;50;50;20.42;3.29;9.22;4.31;4.3;0.255;85.7;16.89;9.42;4.46;0.72;2.44;5.42;283.1;215.7;51.7;4.9;10.8;1.19;2.41;0.3;0.39;0.4;0.37;0.077;14.3;4.47;2.15;1.38;0.25;0.85;3.8;47.1;36.2;1.6;1.7;7.6;0.17;0.08;0.05;0.06
22;0;100;50;100;21.29;3.62;10.28;5.11;5.14;0.278;84.4;18.57;10.68;4.62;0.83;2.58;5.98;274.5;203.6;53.7;5.2;12;1.12;3.3;0.31;0.41;0.45;0.44;0.078;15.6;5.41;2.46;1.71;0.32;1.04;4.3;50.3;37.5;2.1;2.1;8.6;0.21;0.1;0.05;0.08
22;0;100;100;0;20.09;3.2;9.01;3.64;3.6;0.234;89.3;15.47;8.58;4.04;0.76;2.29;5.25;288.2;222.4;50.7;4.6;10.5;1.22;1.73;0.28;0.37;0.39;0.36;0.072;10.7;4.77;2.23;1.5;0.25;0.91;3.76;34.5;23.7;1.5;1.8;7.5;0.19;0.05;0.05;0.07
22;0;100;100;50;21.34;3.85;10.82;4.32;4.36;0.251;88.1;17.38;9.75;4.59;0.78;2.59;6.39;280.4;209.7;52.7;5.2;12.8;1.11;2.53;0.3;0.42;0.52;0.51;0.074;11.9;6.7;3.04;2.16;0.36;1.25;4.43;37.5;24.6;1.6;2.5;8.9;0.27;0.08;0.07;0.09
22;0;100;100;100;22.19;4.26;12.01;5.37;5.3;0.275;86.9;19.29;11.03;4.96;0.83;2.69;7.08;271.1;197.2;54.3;5.4;14.2;1.07;3.47;0.33;0.43;0.71;0.63;0.075;13.1;8.09;3.75;2.53;0.47;1.57;4.94;40.7;25.4;2.2;3.1;9.9;0.33;0.11;0.08;0.1
22;50;0;0;0;17.48;2.11;6.03;3.98;3.98;0.3;82.4;13.43;7.87;3.3;0.54;1.82;3.56;233.8;192.8;30.2;3.6;7.1;2.78;0.67;0.22;0.3;0.13;0.13;0.059;17.6;1.69;0.75;0.57;0.09;0.29;2.46;49.9;42.5;1.8;0.6;4.9;0.06;0.04;0.01;0.02
22;50;0;0;50;17.85;2.32;6.48;4.24;4.2;0.296;82;14.31;8.36;3.58;0.62;1.98;3.83;232.3;189.9;30.7;4;7.7;2.74;0.9;0.25;0.32;0.17;0.16;0.063;18;1.85;0.85;0.59;0.11;0.34;2.65;50.9;43;1.9;0.7;5.3;0.06;0.05;0.02;0.03
22;50;0;0;100;18.27;2.57;7.11;4.47;4.51;0.291;81;15.61;9.11;3.9;0.68;2.2;4.16;228.1;184.1;31.3;4.4;8.3;2.66;1.23;0.27;0.35;0.17;0.18;0.073;19;1.99;0.94;0.6;0.13;0.37;2.96;53.4;44.1;2.6;0.7;5.9;0.06;0.07;0.02;0.03
22;50;0;50;0;17.98;2.38;6.81;3.93;3.95;0.296;85.2;13.44;7.88;3.32;0.56;1.82;4.01;233.6;191.4;30.6;3.6;8;2.75;0.68;0.22;0.3;0.21;0.21;0.065;14.8;2.94;1.28;0.92;0.19;0.56;2.8;40.6;32.1;1.8;1.1;5.6;0.12;0.03;0.03;0.04
22;50;0;50;50;18.38;2.73;7.66;4.11;4.12;0.292;84.5;14.23;8.32;3.49;0.59;2.01;4.5;230.9;186.9;31;4;9;2.65;0.93;0.24;0.3;0.32;0.3;0.069;15.5;3.94;1.8;1.28;0.23;0.72;3.15;42.2;32.7;1.7;1.4;6.3;0.15;0.05;0.04;0.05
22;50;0;50;100;19.36;3.25;8.95;4.68;4.7;0.294;83.1;16.07;9.4;3.97;0.69;2.28;5.22;226.3;179.1;32.1;4.6;10.4;2.59;1.48;0.27;0.36;0.4;0.39;0.075;16.9;4.97;2.3;1.6;0.26;0.97;3.73;45.8;33.8;2.6;1.9;7.5;0.19;0.08;0.05;0.07
22;50;0;100;0;18.39;2.68;7.55;3.97;3.94;0.294;88.1;13.53;7.9;3.41;0.54;1.86;4.43;232.8;189.4;30.8;3.7;8.9;2.71;0.7;0.23;0.3;0.31;0.31;0.068;11.9;4.25;1.92;1.43;0.22;0.82;3.12;31.3;21.6;1.8;1.6;6.2;0.17;0.03;0.05;0.06
22;50;0;100;50;19.42;3.17;9.26;4.21;4.24;0.287;87;14.86;8.55;3.78;0.64;1.99;5.35;229;182.5;31.8;4;10.7;2.66;1;0.24;0.33;0.46;0.45;0.07;13;6.1;2.82;2.01;0.32;1.17;3.91;34.2;22.2;1.8;2.3;7.8;0.25;0.05;0.07;0.08
22;50;0;100;100;20.15;3.71;10.47;4.7;4.76;0.29;85.9;16.51;9.63;4.11;0.72;2.31;6.17;225.4;175.7;32.8;4.6;12.3;2.54;1.58;0.29;0.36;0.57;0.54;0.073;14.1;7.18;3.27;2.4;0.35;1.4;4.29;36.8;22.9;2.6;2.8;8.6;0.29;0.08;0.07;0.1
22;50;50;0;0;18.08;2.61;7.37;5.05;5.11;0.301;81.7;17.1;9.97;4.16;0.76;2.26;4.37;231.8;187.7;30.8;4.5;8.7;3.52;0.93;0.28;0.37;0.16;0.16;0.065;18.3;1.84;0.81;0.59;0.11;0.36;3.01;51.9;43.5;1.7;0.7;6;0.06;0.05;0.02;0.03
22;50;50;0;50;18.83;2.81;8.13;5.48;5.47;0.297;80.9;18.49;10.8;4.63;0.74;2.46;4.81;228;181.6;31.9;4.9;9.6;3.37;1.39;0.3;0.41;0.18;0.18;0.073;19.1;1.91;0.89;0.61;0.1;0.35;3.32;53.8;44.6;1.8;0.7;6.6;0.06;0.07;0.02;0.02
22;50;50;0;100;19.08;3;8.43;5.95;5.95;0.305;79.8;19.58;11.5;4.71;0.89;2.6;4.92;222.7;175.3;32.4;5.2;9.8;3.23;1.99;0.31;0.42;0.21;0.21;0.081;20.2;2.05;0.97;0.62;0.11;0.4;3.5;56.1;45.8;2.5;0.8;7;0.06;0.1;0.02;0.02
22;50;50;50;0;18.65;2.88;8.3;5.08;5.08;0.295;84.4;17.32;10.12;4.25;0.75;2.33;4.93;230.7;184.8;31.3;4.7;9.9;3.41;0.99;0.29;0.39;0.25;0.24;0.069;15.6;3.15;1.41;1.03;0.17;0.54;3.37;42.6;33;1.8;1.1;6.7;0.12;0.05;0.03;0.04
22;50;50;50;50;19.57;3.4;9.53;5.49;5.51;0.292;83.2;18.96;11.02;4.72;0.76;2.63;5.57;225.3;176.5;32.5;5.3;11.1;3.29;1.49;0.32;0.42;0.31;0.33;0.073;16.8;4.23;1.91;1.37;0.24;0.77;3.96;45.3;34.2;1.6;1.5;7.9;0.16;0.06;0.04;0.06
22;50;50;50;100;20.62;3.62;10.6;6.22;6.23;0.305;83.1;20.52;11.99;5.06;0.91;2.7;6.23;237.5;168.6;51;5.4;12.5;3.17;2.29;0.33;0.45;0.42;0.4;0.077;16.9;5.06;2.26;1.68;0.26;0.92;4.38;48.1;35.3;2.3;1.8;8.8;0.2;0.08;0.05;0.07
22;50;50;100;0;19.33;3.36;9.32;5.15;5.22;0.294;87.2;17.88;10.4;4.51;0.73;2.46;5.49;229.1;181.1;32.1;4.9;11;3.39;1.13;0.3;0.4;0.38;0.34;0.071;12.8;4.49;2.1;1.44;0.21;0.89;3.83;33.5;22.3;1.7;1.8;7.7;0.18;0.05;0.06;0.05
22;50;50;100;50;20.42;4.02;10.94;5.74;5.78;0.297;86.8;19.58;11.41;4.85;0.85;2.74;6.47;240.5;172;50.1;5.5;12.9;3.24;1.77;0.33;0.43;0.49;0.48;0.073;13.2;6.31;2.87;2.04;0.34;1.28;4.48;36.3;23.2;1.6;2.6;9;0.26;0.06;0.07;0.08
22;50;50;100;100;21.33;4.37;12.11;6.22;6.26;0.3;85.7;20.93;12.25;5.26;0.81;2.85;7.11;235.4;164;51.5;5.7;14.2;3.04;2.41;0.35;0.46;0.6;0.57;0.074;14.3;7.5;3.48;2.35;0.4;1.52;4.99;39.2;23.9;2.3;3;10;0.31;0.08;0.08;0.1
22;50;100;0;0;19.04;3.15;9.04;6.36;6.32;0.299;81.5;21.27;12.39;5.3;0.91;2.82;5.37;243;178.4;48.3;5.6;10.7;4.06;1.44;0.35;0.47;0.17;0.16;0.071;18.5;1.8;0.85;0.58;0.07;0.33;3.68;54.9;45.2;1.7;0.7;7.4;0.06;0.06;0.02;0.02
22;50;100;0;50;19.59;3.29;9.64;6.95;7.04;0.312;80.5;22.71;13.29;5.66;0.9;2.92;5.62;238.4;171.6;49.7;5.8;11.2;4;2.19;0.35;0.49;0.2;0.2;0.08;19.5;2;0.94;0.63;0.11;0.37;4.01;57.6;46.5;2.4;0.7;8;0.06;0.09;0.02;0.02
22;50;100;0;100;20.29;3.77;10.16;7.59;7.66;0.315;79.7;24.38;14.54;5.81;1.05;3.33;6.06;234.1;164.1;51.2;6.7;12.1;3.78;2.95;0.4;0.53;0.25;0.25;0.093;20.3;2.23;1.07;0.7;0.12;0.44;4.11;59.3;47.9;2.4;0.9;8.2;0.07;0.12;0.02;0.03
22;50;100;50;0;19.79;3.63;10.19;6.4;6.44;0.297;84;21.79;12.68;5.42;0.96;2.95;5.99;241.2;174.1;49.3;5.9;12;3.96;1.64;0.35;0.49;0.3;0.27;0.075;16;3.34;1.61;1.03;0.17;0.68;4.21;45.9;34.5;1.7;1.4;8.4;0.13;0.06;0.04;0.04
22;50;100;50;50;20.63;4.01;11.23;7.09;7.11;0.306;82.8;23.33;13.83;5.76;0.96;3.15;6.52;236.8;166.5;51;6.3;13;3.89;2.34;0.37;0.53;0.37;0.37;0.079;17.2;4.36;2.06;1.36;0.2;0.86;4.71;49.2;35.6;2.5;1.7;9.4;0.17;0.09;0.05;0.06
22;50;100;50;100;21.47;4.24;12.22;7.73;7.77;0.316;81.8;24.69;14.72;5.95;0.99;3.27;7.11;230.9;157.3;52.8;6.5;14.2;3.6;3.25;0.38;0.54;0.5;0.46;0.082;18.2;5.41;2.46;1.73;0.31;0.98;5.11;51.3;36.8;2.3;2;10.2;0.21;0.12;0.05;0.08
22;50;100;100;0;20.45;3.95;11.02;6.49;6.48;0.293;86.9;22.21;13.05;5.43;0.91;3.08;6.44;240;170.6;50.3;6.2;12.9;3.9;1.72;0.36;0.5;0.36;0.37;0.075;13.1;4.68;2.11;1.49;0.28;0.87;4.58;35.9;23.3;1.7;1.7;9.2;0.19;0.06;0.05;0.07
22;50;100;100;50;21.5;4.5;12.7;6.98;7.1;0.301;85.6;23.7;13.86;5.82;0.99;3.24;7.51;235.1;161.6;52;6.5;15;3.7;2.49;0.37;0.54;0.6;0.53;0.076;14.4;6.77;3.12;2.12;0.41;1.25;5.19;39.4;24.2;2.3;2.5;10.4;0.27;0.09;0.07;0.09
22;50;100;100;100;22.07;4.82;13.77;7.82;7.78;0.314;84.6;24.83;14.73;6.02;1.03;3.24;8.15;229.3;153.7;52.8;6.5;16.3;3.53;3.34;0.38;0.53;0.66;0.64;0.077;15.4;8.07;3.75;2.61;0.43;1.58;5.62;41.4;24.9;2.1;3.2;11.2;0.33;0.11;0.09;0.11
22;100;0;0;0;17.62;2.53;7;5.47;5.47;0.328;77.4;16.79;10.15;3.98;0.66;2.23;4.08;172.7;130;30;4.5;8.2;4.21;0.65;0.27;0.35;0.16;0.14;0.058;22.6;1.67;0.79;0.54;0.08;0.3;2.93;50.4;42.1;1.8;0.6;5.9;0.06;0.03;0.02;0.03
22;100;0;0;50;17.98;2.73;7.5;5.5;5.63;0.322;77;17.58;10.47;4.21;0.72;2.38;4.44;172;127.8;30.6;4.8;8.9;4.1;0.88;0.27;0.38;0.14;0.15;0.065;23;1.81;0.82;0.59;0.1;0.36;3.06;51.3;42.7;1.7;0.7;6.1;0.06;0.05;0.02;0.02
22;100;0;0;100;18.12;2.81;7.92;5.95;5.86;0.318;76;18.56;11.11;4.34;0.77;2.42;4.65;169.6;124.9;30.6;4.8;9.3;4.01;1.19;0.28;0.38;0.21;0.19;0.076;24;2.04;0.99;0.61;0.11;0.39;3.27;53.5;43.5;2.7;0.8;6.5;0.06;0.08;0.02;0.03
22;100;0;50;0;17.96;2.79;7.75;5.46;5.48;0.324;80.8;16.98;10.21;4.04;0.69;2.24;4.6;172.9;129;30.2;4.5;9.2;4.16;0.67;0.28;0.37;0.25;0.22;0.067;19.2;2.92;1.34;0.96;0.15;0.55;3.15;41;31.8;1.8;1.1;6.3;0.11;0.04;0.04;0.04
22;100;0;50;50;18.67;3.21;8.76;5.6;5.68;0.318;80;17.95;10.63;4.36;0.74;2.44;5.21;172;125.7;30.9;4.9;10.4;4.06;0.93;0.3;0.39;0.32;0.29;0.071;20;3.87;1.78;1.24;0.22;0.77;3.55;42.8;32.5;1.7;1.5;7.1;0.15;0.05;0.04;0.05
22;100;0;50;100;19.4;3.48;9.8;5.95;6.02;0.317;78.6;19.07;11.36;4.57;0.83;2.56;5.75;169.4;121;31.9;5.1;11.5;3.84;1.46;0.31;0.41;0.42;0.39;0.075;21.4;4.94;2.26;1.58;0.28;0.92;4.05;46;33.5;2.6;1.8;8.1;0.19;0.08;0.05;0.06
22;100;0;100;0;18.57;3.04;8.53;5.43;5.46;0.323;84.4;17.01;10.2;4.05;0.7;2.25;5.04;173.1;127.9;30.6;4.5;10.1;4.13;0.69;0.27;0.37;0.31;0.3;0.069;15.6;4.15;1.86;1.34;0.23;0.79;3.5;31.9;21.3;2;1.6;7;0.17;0.04;0.05;0.05
22;100;0;100;50;19.52;3.55;10.13;5.7;5.6;0.313;83.1;18.02;10.72;4.34;0.76;2.37;5.88;171.1;123.2;31.4;4.7;11.8;3.95;0.99;0.29;0.38;0.48;0.46;0.071;16.9;6.23;2.8;2.02;0.35;1.18;4.25;34.7;22;1.8;2.4;8.5;0.25;0.05;0.06;0.09
22;100;0;100;100;20.2;4.04;11.47;6.09;6.09;0.314;81.8;19.52;11.49;4.73;0.85;2.58;6.75;169.3;118.5;32.2;5.2;13.5;3.83;1.54;0.29;0.43;0.6;0.56;0.074;18.2;7.37;3.43;2.34;0.4;1.46;4.72;37.6;22.7;2.6;2.9;9.4;0.3;0.08;0.08;0.09
22;100;50;0;0;18.19;3.32;9.11;7.4;7.52;0.335;76.8;22.6;13.57;5.35;0.92;2.96;5.37;175;127.9;30.5;5.9;10.7;5.8;0.9;0.36;0.47;0.14;0.15;0.064;23.2;1.77;0.81;0.56;0.1;0.35;3.73;52.6;42.7;1.7;0.7;7.5;0.06;0.05;0.02;0.03
22;100;50;0;50;18.91;3.48;9.74;7.81;7.8;0.327;75.6;23.97;14.47;5.64;0.96;3.11;5.74;172;122.8;31.5;6.2;11.5;5.53;1.4;0.37;0.5;0.2;0.19;0.077;24.4;1.93;0.94;0.58;0.1;0.37;4;55.5;44.1;2.6;0.7;8;0.06;0.08;0.02;0.03
22;100;50;0;100;19.15;3.57;10.09;8.2;8.25;0.333;74.9;24.89;15.04;5.83;0.92;3.17;5.9;169.2;119.2;31.8;6.3;11.8;5.39;1.97;0.39;0.5;0.21;0.21;0.081;25.1;2.08;0.96;0.66;0.12;0.4;4.2;56.7;45.1;2.4;0.8;8.4;0.06;0.1;0.02;0.03
22;100;50;50;0;18.82;3.6;10.18;7.37;7.51;0.329;79.7;22.99;13.77;5.42;0.99;2.98;5.89;173.6;125.1;30.8;6;11.8;5.69;0.97;0.36;0.49;0.23;0.24;0.07;20.3;3.07;1.44;0.99;0.17;0.62;4.29;44.1;32.6;1.7;1.2;8.6;0.12;0.05;0.04;0.04
22;100;50;50;50;19.7;3.92;11.07;7.75;7.76;0.323;78.6;24.13;14.37;5.76;1;3.17;6.51;171.8;120.5;31.9;6.3;13;5.42;1.45;0.38;0.52;0.35;0.34;0.077;21.4;4.16;1.87;1.36;0.22;0.75;4.56;46.8;33.6;2.6;1.5;9.1;0.16;0.08;0.05;0.06
22;100;50;50;100;20.42;4.27;12.14;8.07;8.26;0.33;78.9;25.18;15.14;5.95;0.99;3.24;7.09;185.2;115.2;49.4;6.5;14.2;5.11;2.24;0.38;0.53;0.46;0.43;0.079;21.1;5.25;2.45;1.65;0.28;1.03;5.05;49.4;34.7;2.5;2.1;10.1;0.2;0.1;0.06;0.08
22;100;50;100;0;19.53;3.84;10.8;7.49;7.54;0.328;83.4;23.16;13.95;5.48;0.93;3.04;6.29;173.5;123.3;31.6;6.1;12.6;5.58;1.1;0.37;0.49;0.36;0.33;0.072;16.6;4.37;2;1.44;0.23;0.8;4.52;34.4;22;1.8;1.6;9;0.17;0.05;0.05;0.07
22;100;50;100;50;20.61;4.42;12.55;7.89;7.99;0.326;83.2;24.61;14.71;5.97;0.91;3.18;7.44;188.1;117.6;49.2;6.4;14.9;5.37;1.73;0.37;0.53;0.48;0.47;0.074;16.8;6.22;2.86;1.98;0.36;1.24;5.11;37.9;22.8;2.4;2.5;10.2;0.25;0.07;0.07;0.09
22;100;50;100;100;21.28;4.8;13.62;8.29;8.27;0.326;82.1;25.45;15.27;6.11;1.01;3.29;8;185;112.3;50.2;6.6;16;5;2.33;0.39;0.54;0.59;0.6;0.076;17.9;7.69;3.56;2.43;0.41;1.51;5.62;40.3;23.5;2.5;3;11.2;0.31;0.1;0.08;0.11
22;100;100;0;0;19.28;3.95;10.71;8.65;8.68;0.325;77.1;26.83;16.19;6.31;1.09;3.58;6.32;188.7;121.2;47.7;7.2;12.6;6.24;1.44;0.44;0.57;0.18;0.18;0.074;22.9;1.9;0.89;0.61;0.09;0.37;4.39;55.9;44.6;1.8;0.7;8.8;0.06;0.07;0.02;0.02
22;100;100;0;50;19.84;3.96;11.37;9.17;9.27;0.332;76.1;28.08;16.9;6.7;1.11;3.59;6.73;186.3;116.2;49.5;7.2;13.5;6.03;2.22;0.41;0.61;0.2;0.2;0.08;23.9;2;0.95;0.63;0.1;0.37;4.64;58.4;46;2.4;0.7;9.3;0.06;0.09;0.02;0.03
22;100;100;0;100;20.24;4.2;11.84;9.58;9.8;0.336;75.3;29.31;17.56;7.07;1.14;3.79;6.96;183.5;111.9;50.1;7.6;13.9;5.83;2.89;0.46;0.63;0.25;0.26;0.096;24.7;2.27;1.08;0.7;0.13;0.41;4.88;60.1;47.2;2.4;0.8;9.8;0.07;0.13;0.02;0.03
22;100;100;50;0;19.93;4.18;11.76;8.75;8.76;0.324;80.1;27.14;16.21;6.52;1.13;3.56;6.87;188.1;118.5;48.7;7.1;13.7;6.15;1.61;0.42;0.59;0.29;0.28;0.075;19.9;3.38;1.57;1;0.21;0.63;4.88;46.7;34;1.7;1.3;9.8;0.13;0.07;0.04;0.05
22;100;100;50;50;20.35;4.5;12.55;9.23;9.25;0.329;79.1;28.23;16.99;6.63;1.19;3.69;7.49;186.1;114.1;49.6;7.4;15;5.9;2.29;0.45;0.6;0.39;0.37;0.08;20.9;4.39;2.03;1.39;0.24;0.82;5.06;49.2;34.9;2.5;1.6;10.1;0.17;0.1;0.05;0.06
22;100;100;50;100;21.39;4.95;13.48;9.88;9.84;0.336;77.9;29.38;17.95;6.81;1.14;3.88;7.89;182.8;107.7;51.5;7.8;15.8;5.59;3.18;0.47;0.6;0.47;0.47;0.083;22.1;5.52;2.59;1.73;0.27;1.07;5.59;51.8;36.2;2.3;2.1;11.2;0.21;0.12;0.06;0.07
22;100;100;100;0;20.36;4.53;12.62;8.7;8.73;0.321;83.6;27.38;16.39;6.55;1.11;3.69;7.38;187.3;116;49.2;7.4;14.8;6.01;1.68;0.44;0.59;0.4;0.36;0.073;16.4;4.69;2.12;1.51;0.27;0.84;5.24;36.7;23;1.5;1.7;10.5;0.19;0.06;0.05;0.06
22;100;100;100;50;21.59;5.06;14.08;9.15;9.2;0.325;82;28.44;17.15;6.69;1.15;3.78;8.17;185.2;110.3;51;7.6;16.3;5.73;2.43;0.46;0.59;0.52;0.51;0.076;18;6.61;3.04;2.07;0.4;1.28;5.91;40.5;23.8;2.3;2.6;11.8;0.27;0.09;0.07;0.09
22;100;100;100;100;22.45;5.37;15.29;9.75;9.84;0.331;81;29.81;17.96;6.96;1.23;3.84;9;182.4;103.7;53.1;7.7;18;5.36;3.38;0.47;0.63;0.62;0.64;0.078;19;7.96;3.67;2.53;0.45;1.53;6.29;42.6;24.7;2.2;3.1;12.6;0.32;0.12;0.08;0.11
23;0;0;0;0;17.46;1.75;4.96;2.61;2.59;0.256;87.6;10.19;5.63;2.68;0.49;1.46;3;299;259.3;30.8;2.9;6;1.47;0.7;0.18;0.24;0.13;0.13;0.056;12.4;1.65;0.73;0.54;0.09;0.29;1.97;42.1;35.8;1.8;0.6;3.9;0.06;0.03;0.02;0.02
23;0;0;0;50;17.68;1.84;5.3;2.95;2.82;0.259;87.3;10.97;6.24;2.86;0.46;1.54;3.18;295.8;255.2;31.2;3.1;6.4;1.45;0.91;0.19;0.26;0.14;0.14;0.062;12.7;1.74;0.78;0.57;0.09;0.3;2.12;42.9;36.2;1.8;0.6;4.2;0.06;0.04;0.02;0.02
23;0;0;0;100;18.29;2.15;5.9;3.21;3.21;0.263;86.5;12.31;6.93;3.16;0.53;1.74;3.52;290.7;248.3;31.9;3.5;7;1.39;1.33;0.21;0.28;0.2;0.19;0.074;13.5;2;0.95;0.64;0.1;0.41;2.38;45.3;37;2.7;0.8;4.8;0.06;0.07;0.02;0.03
23;0;0;50;0;17.86;2.04;5.59;2.51;2.55;0.257;89.6;10;5.63;2.57;0.45;1.5;3.29;298.7;258.2;30.9;3;6.6;1.46;0.68;0.18;0.23;0.25;0.22;0.066;10.4;2.98;1.35;0.97;0.16;0.55;2.31;34.6;27.1;1.8;1.1;4.6;0.12;0.04;0.03;0.04
23;0;0;50;50;18.43;2.33;6.68;2.94;2.88;0.255;88.9;11.38;6.38;2.89;0.52;1.58;3.97;293.2;250.5;31.6;3.2;7.9;1.44;0.96;0.2;0.27;0.28;0.29;0.069;11.1;3.94;1.77;1.27;0.21;0.75;2.71;36.4;27.8;1.7;1.5;5.4;0.16;0.04;0.04;0.05
23;0;0;50;100;19.33;2.88;7.98;3.34;3.39;0.264;87.9;12.89;7.27;3.36;0.57;1.91;4.7;287.1;241.3;32.6;3.8;9.4;1.35;1.5;0.23;0.29;0.42;0.38;0.072;12.1;5.03;2.29;1.64;0.27;0.97;3.28;39.5;28.5;2.5;1.9;6.6;0.2;0.07;0.05;0.06
23;0;0;100;0;18.13;2.24;6.31;2.5;2.46;0.254;91.7;9.78;5.53;2.51;0.43;1.42;3.73;297.9;256.6;31;2.8;7.5;1.38;0.69;0.17;0.22;0.31;0.31;0.067;8.3;4.23;1.94;1.34;0.23;0.82;2.59;26.8;18.2;1.8;1.6;5.2;0.17;0.03;0.05;0.05
23;0;0;100;50;19.15;2.89;8.18;2.84;2.83;0.249;90.8;11.45;6.34;2.99;0.56;1.64;4.88;291.5;246.6;31.8;3.3;9.8;1.36;1;0.2;0.27;0.44;0.44;0.069;9.2;6.19;2.86;1.96;0.37;1.25;3.3;29.5;18.7;1.7;2.5;6.6;0.26;0.04;0.06;0.08
23;0;0;100;100;19.99;3.33;9.31;3.48;3.45;0.261;89.9;13.26;7.52;3.37;0.61;1.93;5.56;284.5;236.6;33;3.9;11.1;1.33;1.56;0.23;0.32;0.53;0.53;0.072;10.1;7.22;3.25;2.37;0.41;1.4;3.76;31.9;19.3;2.3;2.8;7.5;0.3;0.06;0.07;0.1
23;0;50;0;0;18.01;1.99;5.73;2.85;2.83;0.244;86.9;11.7;6.46;3.14;0.51;1.67;3.39;292.8;251.2;31.5;3.3;6.8;1.39;0.95;0.21;0.28;0.16;0.15;0.064;13.1;1.76;0.84;0.55;0.1;0.32;2.34;43.8;36.7;1.8;0.6;4.7;0.06;0.04;0.02;0.02
23;0;50;0;50;18.62;2.23;6.34;3.36;3.34;0.255;86.4;13.19;7.36;3.5;0.58;1.89;3.78;287.2;243.5;32.4;3.8;7.6;1.31;1.48;0.23;0.32;0.17;0.18;0.072;13.6;1.91;0.87;0.62;0.12;0.34;2.56;45.1;37.6;1.8;0.7;5.1;0.06;0.07;0.02;0.03
23;0;50;0;100;19.23;2.56;7.02;3.92;4.03;0.266;85.3;15.2;8.61;3.8;0.63;2.17;4.21;278.9;232.7;33.5;4.3;8.4;1.33;2.08;0.26;0.36;0.21;0.2;0.08;14.7;2.04;0.96;0.66;0.1;0.39;2.81;47.7;38.8;2.4;0.8;5.6;0.06;0.09;0.03;0.02
23;0;50;50;0;18.54;2.44;6.74;2.98;2.93;0.239;88.8;12.29;6.83;3.2;0.56;1.85;4.01;290.1;246.5;31.9;3.7;8;1.38;1.02;0.23;0.29;0.25;0.24;0.068;11.2;3.18;1.44;1.04;0.18;0.59;2.73;36.4;28.1;1.7;1.2;5.5;0.12;0.04;0.03;0.04
23;0;50;50;50;19.29;2.8;7.84;3.39;3.46;0.251;88;13.8;7.67;3.59;0.63;2;4.66;283.5;237.5;32.7;4;9.3;1.31;1.56;0.25;0.33;0.34;0.32;0.072;12;4.16;1.87;1.37;0.21;0.8;3.17;38.5;28.9;1.7;1.6;6.3;0.16;0.06;0.04;0.05
23;0;50;50;100;20.27;3.25;8.94;4.16;4.18;0.269;87.5;15.58;8.93;3.92;0.65;2.28;5.27;292.3;225.9;51.2;4.6;10.5;1.27;2.29;0.28;0.35;0.41;0.4;0.075;12.5;5.13;2.32;1.63;0.29;0.97;3.67;41.4;29.9;2.3;1.9;7.3;0.2;0.08;0.05;0.07
23;0;50;100;0;19.14;2.73;7.78;3.08;3.06;0.242;90.9;12.69;6.95;3.47;0.58;1.85;4.62;288;242.8;32.3;3.7;9.2;1.39;1.14;0.21;0.31;0.34;0.33;0.069;9.1;4.52;2.07;1.47;0.23;0.88;3.16;28.7;18.9;1.7;1.8;6.3;0.18;0.04;0.04;0.06
23;0;50;100;50;20.06;3.36;9.34;3.49;3.63;0.254;90.5;14.32;8.01;3.74;0.65;2.16;5.53;297.1;231.7;50;4.3;11.1;1.27;1.74;0.27;0.35;0.52;0.47;0.071;9.5;6.42;2.87;2.06;0.35;1.2;3.81;31.2;19.6;1.6;2.4;7.6;0.26;0.06;0.06;0.09
23;0;50;100;100;21.06;3.68;10.63;4.33;4.31;0.266;89.4;16.21;9.13;4.16;0.73;2.27;6.2;288.5;219.5;52.1;4.5;12.4;1.24;2.42;0.28;0.36;0.6;0.57;0.073;10.6;7.61;3.48;2.46;0.39;1.41;4.42;34.1;20.3;2.2;2.8;8.8;0.31;0.08;0.07;0.1
23;0;100;0;0;18.9;2.41;6.94;3.49;3.39;0.236;86.5;14.42;7.94;3.9;0.64;2.06;4.11;298.8;237;49.5;4.1;8.2;1.31;1.48;0.25;0.34;0.15;0.16;0.069;13.5;1.83;0.81;0.59;0.1;0.35;2.83;46.3;38.3;1.6;0.7;5.7;0.06;0.06;0.02;0.02
23;0;100;0;50;19.59;2.7;7.59;4.18;4.2;0.26;85.7;16.19;9.1;4.26;0.67;2.28;4.48;290.6;226.1;51;4.6;9;1.25;2.3;0.27;0.38;0.19;0.2;0.075;14.3;2.08;0.98;0.64;0.12;0.42;3.11;48.1;39.5;1.5;0.8;6.2;0.07;0.08;0.02;0.03
23;0;100;0;100;20.1;2.82;8.21;4.99;4.92;0.275;84.9;17.95;10.33;4.51;0.79;2.43;4.89;283.7;217;52.1;4.9;9.8;1.2;3.02;0.29;0.41;0.23;0.22;0.086;15.1;2.12;0.96;0.69;0.11;0.39;3.31;50.3;40.6;2.3;0.8;6.6;0.07;0.11;0.02;0.02
23;0;100;50;0;19.47;2.78;7.89;3.61;3.6;0.244;88.4;14.84;8.09;4.01;0.68;2.12;4.71;295.2;231.5;50.1;4.2;9.4;1.24;1.77;0.24;0.35;0.27;0.26;0.071;11.6;3.23;1.54;0.98;0.19;0.66;3.18;38.6;29.4;1.6;1.3;6.4;0.12;0.06;0.03;0.04
23;0;100;50;50;20.38;3.23;9.07;4.27;4.33;0.258;87.5;16.82;9.39;4.37;0.74;2.42;5.35;288.4;221;51.9;4.8;10.7;1.24;2.4;0.29;0.4;0.38;0.35;0.076;12.5;4.36;2;1.38;0.24;0.81;3.72;40.9;30.3;1.5;1.6;7.4;0.17;0.08;0.04;0.06
23;0;100;50;100;21.32;3.64;10.25;5.09;5.22;0.28;86.4;18.73;10.67;4.66;0.84;2.61;6.11;279.7;208.7;53.5;5.2;12.2;1.16;3.31;0.31;0.44;0.46;0.44;0.078;13.6;5.44;2.5;1.74;0.27;1.02;4.14;43.8;31.3;2.2;2;8.3;0.22;0.1;0.05;0.07
23;0;100;100;0;20.12;3.21;9.02;3.84;3.79;0.243;90.5;15.68;8.7;4.16;0.74;2.26;5.36;292.4;226.2;50.9;4.5;10.7;1.27;1.85;0.27;0.39;0.39;0.35;0.071;9.5;4.76;2.2;1.52;0.26;0.94;3.65;30.6;19.9;1.5;1.9;7.3;0.19;0.05;0.04;0.06
23;0;100;100;50;21.38;3.79;10.88;4.36;4.42;0.255;89.5;17.4;9.72;4.6;0.78;2.52;6.42;285.5;214.8;52.9;5;12.8;1.19;2.54;0.29;0.41;0.58;0.5;0.072;10.5;6.65;3.1;2.08;0.34;1.26;4.46;33.4;20.5;1.4;2.5;8.9;0.27;0.07;0.07;0.08
23;0;100;100;100;22.21;4.22;11.84;5.55;5.39;0.278;88.4;19.42;11.29;4.79;0.82;2.65;7.1;275.7;201.7;54.6;5.3;14.2;1.14;3.48;0.33;0.44;0.69;0.62;0.075;11.6;7.99;3.75;2.52;0.43;1.58;4.75;35.9;21.3;2;3.2;9.5;0.33;0.1;0.08;0.1
23;50;0;0;0;17.5;2.12;5.97;4.09;4.12;0.309;84.8;13.42;7.94;3.27;0.55;1.8;3.55;238.2;197.2;30.3;3.6;7.1;2.95;0.66;0.21;0.3;0.13;0.13;0.057;15.2;1.68;0.74;0.54;0.11;0.32;2.42;42.7;35.3;1.9;0.6;4.8;0.06;0.04;0.02;0.02
23;50;0;0;50;17.86;2.24;6.23;4.32;4.27;0.304;84.4;14.12;8.37;3.36;0.58;1.89;3.67;235.6;193.6;30.8;3.8;7.3;2.84;0.9;0.23;0.3;0.16;0.15;0.064;15.6;1.86;0.85;0.57;0.12;0.35;2.55;43.5;35.9;1.8;0.7;5.1;0.06;0.05;0.02;0.02
23;50;0;0;100;18.21;2.43;6.92;4.55;4.68;0.303;83.6;15.53;8.96;3.91;0.65;2.07;4.1;232.3;188.6;31.4;4.1;8.2;2.78;1.3;0.25;0.35;0.2;0.19;0.075;16.4;1.98;0.91;0.62;0.12;0.36;2.82;45.6;36.7;2.6;0.7;5.6;0.06;0.08;0.02;0.03
23;50;0;50;0;17.86;2.39;6.59;3.95;4.08;0.309;87.1;13.35;7.81;3.32;0.51;1.81;3.86;238.1;196.1;30.6;3.6;7.7;2.9;0.67;0.22;0.3;0.24;0.22;0.067;12.9;2.92;1.31;0.96;0.16;0.58;2.73;35.2;26.8;1.8;1.2;5.5;0.11;0.03;0.03;0.04
23;50;0;50;50;18.54;2.7;7.86;4.33;4.34;0.299;86.2;14.59;8.48;3.67;0.6;1.92;4.61;234.4;190.2;31.2;3.8;9.2;2.82;0.95;0.23;0.34;0.33;0.3;0.07;13.8;4.03;1.87;1.28;0.22;0.78;3.25;37.4;27.5;1.8;1.6;6.5;0.16;0.05;0.04;0.06
23;50;0;50;100;19.33;3.1;8.74;4.74;4.8;0.302;85.3;16;9.28;4.02;0.7;2.19;5.14;230.4;183.3;32.4;4.4;10.3;2.71;1.48;0.27;0.35;0.32;0.36;0.073;14.7;4.73;2.09;1.59;0.24;0.9;3.6;39.6;28.3;2.4;1.8;7.2;0.19;0.07;0.05;0.06
23;50;0;100;0;18.22;2.6;7.43;3.99;4.03;0.306;89.5;13.29;7.78;3.28;0.55;1.75;4.33;237.3;194.6;30.6;3.5;8.7;2.85;0.68;0.21;0.29;0.33;0.32;0.069;10.5;4.36;2;1.35;0.24;0.85;3.1;27.7;18;1.8;1.7;6.2;0.18;0.03;0.04;0.06
23;50;0;100;50;19.22;3.28;9.14;4.35;4.37;0.295;88.6;14.94;8.68;3.76;0.63;2.06;5.47;233.8;187.1;31.7;4.1;10.9;2.77;1;0.25;0.34;0.47;0.44;0.069;11.4;6.1;2.83;1.89;0.35;1.22;3.67;29.9;18.6;1.6;2.4;7.3;0.25;0.04;0.06;0.08
23;50;0;100;100;20;3.6;10.24;4.78;4.81;0.298;87.4;16.26;9.53;3.94;0.69;2.23;6.08;228.8;179.7;32.5;4.5;12.2;2.63;1.54;0.28;0.36;0.53;0.54;0.072;12.6;7.33;3.25;2.39;0.41;1.37;4.16;32.7;19.1;2.5;2.7;8.3;0.3;0.07;0.07;0.11
23;50;50;0;0;18.24;2.6;7.32;5.25;5.22;0.306;84;17.14;10.13;4.15;0.76;2.3;4.29;235;190.5;31.4;4.6;8.6;3.59;0.96;0.29;0.38;0.15;0.14;0.063;16;1.7;0.78;0.54;0.1;0.31;3.03;44.8;36.4;1.7;0.6;6.1;0.06;0.04;0.02;0.02
23;50;50;0;50;18.61;2.72;7.87;5.64;5.71;0.311;83.4;18.46;10.84;4.55;0.75;2.36;4.7;231.6;185.4;32.1;4.7;9.4;3.54;1.47;0.29;0.41;0.16;0.17;0.073;16.6;1.86;0.87;0.58;0.09;0.36;3.17;45.8;37.1;1.6;0.7;6.3;0.06;0.07;0.02;0.03
23;50;50;0;100;18.96;2.97;8.42;6.16;6.14;0.314;82.5;19.68;11.64;4.81;0.78;2.56;5.01;227.2;179.7;32.4;5.1;10;3.4;1.98;0.32;0.43;0.19;0.2;0.082;17.5;2.03;0.93;0.66;0.11;0.41;3.42;48.1;38;2.5;0.8;6.8;0.06;0.09;0.02;0.03
23;50;50;50;0;18.72;3.05;8.19;5.28;5.27;0.304;86.2;17.43;10.35;4.18;0.71;2.41;4.88;234.5;188.4;31.6;4.8;9.8;3.6;0.99;0.29;0.38;0.26;0.24;0.069;13.8;3.14;1.48;1.01;0.15;0.65;3.32;37.3;27.7;1.7;1.3;6.6;0.12;0.05;0.04;0.04
23;50;50;50;50;19.32;3.38;9.36;5.72;5.75;0.307;85.3;18.85;11.08;4.59;0.8;2.58;5.56;229.9;181.5;32.1;5.2;11.1;3.5;1.53;0.3;0.42;0.34;0.33;0.074;14.7;4.16;1.92;1.34;0.23;0.81;3.8;39.4;28.5;1.7;1.6;7.6;0.16;0.07;0.04;0.05
23;50;50;50;100;20.4;3.84;10.38;6.55;6.36;0.311;84.8;20.55;12.31;4.89;0.84;2.79;6.09;239.8;171.7;50.3;5.6;12.2;3.26;2.3;0.36;0.43;0.49;0.43;0.078;15.2;5.36;2.53;1.65;0.3;1.05;4.29;42.8;29.6;2.5;2.1;8.6;0.21;0.1;0.06;0.07
23;50;50;100;0;19.38;3.29;9.09;5.45;5.37;0.3;88.6;17.98;10.59;4.34;0.76;2.42;5.37;232.2;184.3;32.3;4.8;10.7;3.52;1.16;0.3;0.4;0.33;0.32;0.07;11.4;4.33;1.98;1.42;0.21;0.86;3.72;29.7;18.8;1.8;1.7;7.4;0.17;0.05;0.04;0.06
23;50;50;100;50;20.7;3.85;10.86;5.88;5.89;0.303;88.2;19.52;11.47;4.78;0.83;2.63;6.37;243.9;175.2;50.7;5.3;12.7;3.36;1.8;0.32;0.42;0.51;0.46;0.072;11.8;6.23;2.89;1.97;0.36;1.22;4.5;32.5;19.5;1.6;2.4;9;0.25;0.06;0.06;0.08
23;50;50;100;100;21.28;4.27;12.1;6.35;6.4;0.308;87.1;20.87;12.3;5.11;0.86;2.79;7.17;239.3;168.1;51.3;5.6;14.3;3.2;2.38;0.34;0.46;0.59;0.57;0.074;12.9;7.55;3.46;2.4;0.43;1.48;4.92;35.2;20;2.4;3;9.8;0.31;0.09;0.07;0.1
23;50;100;0;0;19.23;3.24;9.04;6.47;6.5;0.306;83.8;21.37;12.55;5.38;0.87;2.88;5.31;247;182;48.6;5.8;10.6;4.23;1.46;0.34;0.47;0.17;0.17;0.07;16.2;1.86;0.85;0.58;0.1;0.35;3.73;47.6;37.7;1.8;0.7;7.5;0.06;0.06;0.02;0.03
23;50;100;0;50;19.58;3.4;9.52;7.05;7.18;0.317;83;22.77;13.56;5.43;0.99;3.01;5.71;242.1;174.9;49.8;6;11.4;4.07;2.23;0.37;0.51;0.23;0.19;0.08;17;2;0.97;0.61;0.11;0.39;3.8;49.4;38.7;2.3;0.8;7.6;0.07;0.09;0.02;0.02
23;50;100;0;100;20.16;3.62;9.91;7.76;7.79;0.321;82.2;24.34;14.56;5.71;1.02;3.25;5.92;236.2;166.7;51.1;6.5;11.8;3.9;2.98;0.4;0.52;0.24;0.23;0.09;17.8;2.13;0.98;0.69;0.11;0.37;4;51;40;2.3;0.7;8;0.07;0.12;0.02;0.03
23;50;100;50;0;19.54;3.52;9.82;6.73;6.69;0.312;86.1;21.55;12.79;5.25;0.9;2.89;5.89;245.8;179.4;48.9;5.8;11.8;4.19;1.7;0.34;0.47;0.27;0.26;0.073;13.9;3.26;1.49;1.07;0.17;0.62;3.93;39.4;28.7;1.6;1.2;7.9;0.12;0.06;0.03;0.04
23;50;100;50;50;20.52;3.82;11.11;7.09;7.17;0.313;84.8;23.01;13.71;5.52;0.98;3.06;6.46;240.1;170.3;50.8;6.1;12.9;3.97;2.33;0.36;0.51;0.37;0.36;0.077;15.2;4.35;1.95;1.44;0.27;0.76;4.65;43;29.8;2.4;1.5;9.3;0.17;0.09;0.04;0.07
23;50;100;50;100;21.46;4.31;12;8.1;8;0.323;83.8;24.9;14.99;5.87;1.02;3.24;7.14;233.8;160.1;53;6.5;14.3;3.79;3.27;0.39;0.55;0.51;0.46;0.081;16.2;5.5;2.56;1.74;0.3;1.06;4.87;45;30.9;2.2;2.1;9.7;0.22;0.11;0.06;0.08
23;50;100;100;0;20.29;3.88;10.96;6.66;6.72;0.307;88.3;22.03;12.97;5.33;0.92;2.94;6.43;243.6;174.8;50.1;5.9;12.9;4.09;1.8;0.35;0.48;0.39;0.37;0.073;11.7;4.8;2.21;1.56;0.27;0.93;4.54;32.1;19.5;1.6;1.9;9.1;0.19;0.06;0.05;0.07
23;50;100;100;50;21.35;4.36;12.53;7.03;7.22;0.308;87.2;23.62;13.77;5.82;1.03;3.15;7.46;239;165.8;52;6.3;14.9;3.83;2.49;0.38;0.53;0.6;0.5;0.074;12.8;6.55;3.05;2.04;0.38;1.21;5.06;35;20.2;2.3;2.4;10.1;0.27;0.08;0.06;0.1
23;50;100;100;100;22.5;4.85;13.73;8;8.02;0.318;86;25.3;15.04;6.06;1.08;3.31;8.15;232.4;155.6;53.9;6.6;16.3;3.61;3.45;0.41;0.55;0.66;0.64;0.079;14;8.03;3.65;2.56;0.47;1.54;5.57;37.6;21;2.4;3.1;11.1;0.32;0.13;0.08;0.11
23;100;0;0;0;17.69;2.49;7.06;5.62;5.67;0.337;80.1;16.92;10.17;4.02;0.67;2.17;4.14;175.3;132.6;30;4.3;8.3;4.38;0.67;0.26;0.36;0.13;0.14;0.059;19.9;1.74;0.77;0.57;0.1;0.32;2.92;43.5;35.1;1.9;0.6;5.8;0.06;0.04;0.01;0.02
23;100;0;0;50;17.95;2.56;7.4;5.87;5.84;0.332;79.7;17.72;10.66;4.19;0.7;2.22;4.34;174;130.5;30.4;4.4;8.7;4.3;0.9;0.26;0.38;0.16;0.16;0.067;20.3;1.8;0.85;0.55;0.11;0.34;3.05;44.2;35.6;1.8;0.7;6.1;0.06;0.06;0.02;0.02
23;100;0;0;100;18.41;2.9;7.92;6.11;6.13;0.33;78.9;18.72;11.31;4.43;0.78;2.49;4.73;173.2;127.7;31.1;5;9.5;4.16;1.28;0.29;0.39;0.2;0.2;0.08;21.1;2.07;1;0.66;0.1;0.41;3.2;46.3;36.2;2.9;0.8;6.4;0.06;0.09;0.02;0.03
23;100;0;50;0;18.16;2.7;7.8;5.67;5.62;0.333;82.9;17.02;10.25;4.01;0.7;2.11;4.65;175.3;131.1;30.6;4.2;9.3;4.29;0.7;0.27;0.36;0.25;0.23;0.066;17.1;3.07;1.37;0.99;0.17;0.58;3.15;36.1;26.7;1.9;1.2;6.3;0.12;0.04;0.03;0.04
23;100;0;50;50;18.75;3.08;8.79;5.82;5.8;0.328;82.1;17.84;10.75;4.29;0.69;2.31;5.18;174;128.1;30.9;4.6;10.4;4.21;0.94;0.26;0.38;0.29;0.31;0.07;17.9;4.04;1.83;1.34;0.22;0.77;3.6;37.9;27.3;1.9;1.5;7.2;0.16;0.06;0.04;0.06
23;100;0;50;100;19.5;3.42;9.8;6.24;6.23;0.327;81;19.17;11.59;4.56;0.76;2.47;5.84;172.5;123.9;32;4.9;11.7;4.05;1.46;0.3;0.42;0.37;0.38;0.075;19;4.86;2.2;1.58;0.27;0.95;3.96;40.5;28;2.7;1.9;7.9;0.19;0.09;0.05;0.06
23;100;0;100;0;18.52;2.93;8.53;5.62;5.62;0.332;86;17.04;10.27;4.08;0.68;2.13;4.98;175.3;130.4;30.7;4.3;10;4.3;0.71;0.26;0.35;0.36;0.3;0.067;14;4.21;1.94;1.32;0.25;0.8;3.55;28.5;17.9;1.9;1.6;7.1;0.17;0.03;0.05;0.05
23;100;0;100;50;19.37;3.61;9.98;5.79;5.82;0.324;85;18.09;10.9;4.25;0.72;2.39;5.92;174.5;126.4;31.4;4.8;11.8;4.16;0.98;0.29;0.39;0.45;0.44;0.071;15;6.05;2.79;1.95;0.33;1.22;4.07;30.8;18.4;1.9;2.4;8.1;0.25;0.06;0.06;0.08
23;100;0;100;100;20.44;3.83;11.45;6.33;6.35;0.321;83.6;19.9;11.8;4.84;0.81;2.5;6.75;171.3;120.2;32.6;5;13.5;4.01;1.6;0.3;0.44;0.56;0.54;0.073;16.4;7.26;3.21;2.37;0.4;1.33;4.7;33.7;19.1;2.5;2.7;9.4;0.3;0.08;0.07;0.09
23;100;50;0;0;18.23;3.13;8.86;7.63;7.68;0.345;79.5;22.38;13.57;5.21;0.87;2.78;5.18;176.4;130;30.4;5.6;10.4;5.96;0.91;0.34;0.46;0.17;0.15;0.064;20.5;1.79;0.83;0.54;0.09;0.34;3.67;45.5;35.7;1.8;0.7;7.3;0.06;0.05;0.02;0.02
23;100;50;0;50;18.75;3.34;9.48;7.96;8.07;0.344;78.7;23.61;14.36;5.44;0.95;3.03;5.64;175.4;126.7;31.4;6.1;11.3;5.8;1.42;0.37;0.48;0.19;0.18;0.073;21.3;1.9;0.88;0.61;0.12;0.32;3.84;47.5;36.4;2.7;0.6;7.7;0.06;0.08;0.02;0.03
23;100;50;0;100;19.33;3.68;9.98;8.35;8.5;0.341;77.8;25.06;15.33;5.77;0.95;3.31;5.9;172;121.2;32.4;6.6;11.8;5.59;2;0.39;0.53;0.2;0.2;0.081;22.2;1.99;0.94;0.61;0.11;0.37;4.08;49.1;37.7;2.5;0.7;8.2;0.06;0.1;0.01;0.03
23;100;50;50;0;19;3.5;9.82;7.69;7.67;0.337;82;22.88;13.97;5.26;0.91;2.93;5.78;175.8;127.2;31.3;5.9;11.6;5.83;1;0.36;0.48;0.25;0.24;0.069;18;3.11;1.4;1;0.19;0.57;4.05;38.5;27.4;1.8;1.1;8.1;0.12;0.05;0.03;0.04
23;100;50;50;50;19.53;3.79;10.9;8.12;8.11;0.338;81;24.16;14.63;5.64;0.95;3.06;6.56;174.4;123.2;32;6.1;13.1;5.69;1.54;0.38;0.51;0.34;0.32;0.075;19;4.05;1.83;1.36;0.22;0.73;4.35;40.8;28.1;2.6;1.5;8.7;0.16;0.07;0.04;0.05
23;100;50;50;100;20.44;4.17;12;8.53;8.55;0.34;81.2;25.32;15.34;5.9;1.05;3.17;7.1;187.4;117.1;49.8;6.3;14.2;5.4;2.24;0.38;0.54;0.44;0.41;0.077;18.8;5.16;2.5;1.57;0.26;1;4.9;43.4;29.1;2.4;2;9.8;0.2;0.1;0.05;0.07
23;100;50;100;0;19.25;3.71;10.74;7.76;7.77;0.339;85.1;23.07;13.94;5.43;0.94;2.87;6.3;175.7;126.1;31.3;5.7;12.6;5.84;1.09;0.36;0.49;0.37;0.33;0.071;14.9;4.48;2.02;1.49;0.24;0.84;4.44;30.7;18.4;1.8;1.7;8.9;0.18;0.05;0.05;0.06
23;100;50;100;50;20.29;4.29;12.33;8.1;8.16;0.335;84.9;24.42;14.87;5.69;0.99;3.14;7.33;190.1;120.1;49;6.3;14.7;5.53;1.72;0.38;0.52;0.5;0.46;0.072;15.1;6.23;2.78;2.06;0.35;1.15;5.01;33.7;19.1;2.3;2.3;10;0.25;0.07;0.06;0.08
23;100;50;100;100;21.24;4.67;13.36;8.58;8.59;0.336;83.9;25.68;15.5;5.99;1.05;3.28;7.84;187.1;114.1;50.7;6.6;15.7;5.3;2.36;0.41;0.52;0.6;0.56;0.073;16.1;7.45;3.29;2.45;0.43;1.39;5.51;35.8;19.8;2.2;2.8;11;0.31;0.08;0.07;0.1
23;100;100;0;0;19.26;3.8;10.41;9.01;8.93;0.337;79.8;26.7;16.24;6.15;1.06;3.41;6.2;190.8;123.5;48.1;6.8;12.4;6.52;1.43;0.42;0.56;0.19;0.18;0.072;20.2;1.9;0.93;0.58;0.12;0.38;4.21;48.1;37.2;1.7;0.8;8.4;0.06;0.07;0.02;0.03
23;100;100;0;50;19.75;3.89;10.89;9.58;9.46;0.342;78.8;27.82;17.02;6.42;1.11;3.51;6.41;187.7;118.6;49.3;7;12.8;6.25;2.21;0.43;0.58;0.21;0.21;0.082;21.2;2.01;0.96;0.61;0.12;0.38;4.48;50.6;38.3;2.6;0.8;9;0.06;0.1;0.02;0.03
23;100;100;0;100;20.37;4.17;11.36;10.01;9.97;0.344;78;29.11;17.96;6.57;1.12;3.76;6.66;184.9;113;51;7.5;13.3;6.01;2.92;0.44;0.6;0.25;0.23;0.09;22;2.13;1.02;0.67;0.11;0.41;4.7;52;39.5;2.2;0.8;9.4;0.07;0.12;0.02;0.03
23;100;100;50;0;19.61;4.06;11.53;9.05;9.12;0.339;82.6;27.07;16.45;6.31;1.09;3.46;6.96;191;121.7;48.4;6.9;13.9;6.44;1.7;0.41;0.58;0.26;0.26;0.072;17.4;3.24;1.49;1;0.18;0.6;4.58;40.3;28.4;1.6;1.2;9.2;0.12;0.06;0.03;0.04
23;100;100;50;50;20.67;4.35;12.31;9.57;9.45;0.338;81.2;28.11;17.09;6.53;1.1;3.54;7.28;187.9;115.8;50.4;7.1;14.6;6.12;2.33;0.42;0.58;0.38;0.36;0.08;18.8;4.26;1.98;1.34;0.23;0.81;5.04;43.6;29.4;2.5;1.6;10.1;0.16;0.1;0.04;0.06
23;100;100;50;100;21.57;4.76;13.47;10.02;10.11;0.343;80.1;29.56;17.93;6.9;1.18;3.73;7.99;185;109.3;52.3;7.5;16;5.8;3.23;0.46;0.62;0.47;0.45;0.081;19.9;5.34;2.48;1.68;0.29;1.03;5.48;45.7;30.5;2.2;2.1;11;0.21;0.12;0.05;0.07
23;100;100;100;0;20.25;4.37;12.31;9.07;9.03;0.335;85.2;27.11;16.41;6.3;1.07;3.44;7.3;189.8;119.2;49.2;6.9;14.6;6.27;1.77;0.42;0.57;0.4;0.36;0.073;14.8;4.7;2.2;1.47;0.25;0.93;5.01;32.8;19.2;1.7;1.9;10;0.19;0.07;0.04;0.06
23;100;100;100;50;21.52;4.94;13.96;9.4;9.38;0.332;83.7;28.38;17.18;6.71;1.14;3.62;8.27;187.6;112.7;51.2;7.2;16.5;5.87;2.45;0.44;0.61;0.53;0.53;0.076;16.3;6.67;3.05;2.17;0.34;1.31;5.69;36.5;19.9;2.5;2.6;11.4;0.27;0.1;0.07;0.09
23;100;100;100;100;22.23;5.32;14.8;10.06;10.02;0.34;82.8;29.59;18.1;6.7;1.18;3.8;8.75;183.8;105.9;52.8;7.6;17.5;5.59;3.36;0.46;0.61;0.69;0.62;0.076;17.2;7.88;3.65;2.48;0.46;1.53;6.05;38;20.7;2.1;3.1;12.1;0.32;0.11;0.08;0.1
24;0;0;0;0;17.5;1.75;4.79;2.62;2.64;0.27;88;9.88;5.61;2.5;0.47;1.41;2.85;304.6;265.3;30.7;2.8;5.7;1.56;0.68;0.18;0.23;0.14;0.14;0.06;12;1.74;0.8;0.56;0.07;0.35;1.94;41.6;35.1;1.9;0.7;3.9;0.06;0.03;0.02;0.02
24;0;0;0;50;17.8;1.91;5.24;2.99;2.95;0.273;87.7;10.9;6.28;2.71;0.5;1.56;3.09;302.1;261.7;31.1;3.1;6.2;1.61;0.89;0.19;0.26;0.15;0.15;0.063;12.3;1.85;0.86;0.59;0.1;0.36;2.15;42.3;35.5;1.8;0.7;4.3;0.06;0.05;0.02;0.03
24;0;0;0;100;18.38;2.1;5.89;3.29;3.35;0.271;86.9;12.41;6.98;3.24;0.52;1.76;3.53;296.2;253.4;32.2;3.5;7.1;1.51;1.33;0.22;0.3;0.16;0.17;0.07;13.1;1.85;0.86;0.59;0.11;0.34;2.35;44.3;36.4;2.5;0.7;4.7;0.06;0.07;0.02;0.02
24;0;0;50;0;17.84;2;5.66;2.62;2.68;0.271;89.9;10.01;5.65;2.57;0.43;1.38;3.42;304.7;264.3;30.8;2.8;6.8;1.58;0.68;0.17;0.24;0.25;0.23;0.066;10.1;3.07;1.43;0.96;0.19;0.62;2.24;34;26.4;1.9;1.2;4.5;0.12;0.04;0.03;0.04
24;0;0;50;50;18.47;2.31;6.49;2.95;2.88;0.264;89.4;11;6.25;2.82;0.49;1.55;3.88;300;257.5;31.6;3.1;7.8;1.48;0.94;0.2;0.26;0.3;0.29;0.069;10.6;3.9;1.78;1.22;0.21;0.76;2.6;35.6;27;1.9;1.5;5.2;0.15;0.05;0.04;0.05
24;0;0;50;100;19.29;2.8;7.72;3.38;3.48;0.274;88.3;12.81;7.29;3.15;0.59;1.86;4.64;292.1;246.5;32.6;3.7;9.3;1.46;1.48;0.23;0.3;0.39;0.37;0.072;11.7;4.96;2.29;1.6;0.27;0.94;3.08;38.5;27.9;2.6;1.9;6.2;0.2;0.06;0.05;0.06
24;0;0;100;0;18.41;2.23;6.43;2.75;2.69;0.269;91.9;10.11;5.77;2.58;0.41;1.43;3.78;303.3;261.7;31.2;2.9;7.6;1.59;0.7;0.18;0.23;0.32;0.3;0.067;8.1;4.24;1.9;1.39;0.22;0.8;2.65;26.5;17.7;1.9;1.6;5.3;0.17;0.03;0.04;0.06
24;0;0;100;50;19.34;2.76;8.14;2.97;2.98;0.259;91;11.58;6.42;3.07;0.51;1.58;4.8;296.6;251.6;32.2;3.2;9.6;1.49;1.02;0.2;0.27;0.45;0.44;0.069;9;6.1;2.81;1.99;0.34;1.17;3.35;29.2;18.3;1.8;2.3;6.7;0.25;0.05;0.06;0.08
24;0;0;100;100;19.96;3.18;9.32;3.48;3.57;0.271;90.2;13.21;7.41;3.39;0.58;1.81;5.56;289.9;242.3;32.8;3.6;11.1;1.48;1.56;0.22;0.31;0.57;0.53;0.071;9.8;7.29;3.35;2.31;0.38;1.36;3.77;31.5;18.8;2.4;2.7;7.5;0.3;0.06;0.07;0.1
24;0;50;0;0;18.01;2.11;5.8;2.96;2.99;0.254;87.3;11.88;6.66;3.17;0.53;1.77;3.48;298.1;256;31.6;3.5;7;1.52;0.96;0.21;0.3;0.15;0.15;0.063;12.7;1.82;0.87;0.56;0.09;0.34;2.33;43.1;36.1;1.7;0.7;4.7;0.06;0.04;0.02;0.02
24;0;50;0;50;18.61;2.3;6.31;3.49;3.53;0.265;86.7;13.42;7.59;3.48;0.59;1.95;3.74;291;247.2;32.4;3.9;7.5;1.48;1.5;0.25;0.3;0.16;0.15;0.065;13.3;1.78;0.84;0.57;0.08;0.35;2.57;44.6;37.1;1.7;0.7;5.1;0.06;0.06;0.01;0.02
24;0;50;0;100;19.04;2.5;6.83;4.05;4.06;0.274;85.8;14.89;8.47;3.76;0.69;2.1;4.05;284.7;239.3;33.2;4.2;8.1;1.42;2.05;0.27;0.33;0.22;0.2;0.079;14.2;2.07;0.99;0.63;0.1;0.4;2.78;46.8;37.9;2.5;0.8;5.6;0.07;0.09;0.02;0.03
24;0;50;50;0;18.64;2.39;6.67;3;3.03;0.25;89.1;12.23;6.82;3.21;0.56;1.79;3.9;294.6;251.1;32.1;3.6;7.8;1.5;1.02;0.23;0.28;0.26;0.24;0.067;10.9;3.2;1.49;1;0.15;0.6;2.77;35.9;27.5;1.6;1.2;5.5;0.13;0.04;0.03;0.04
24;0;50;50;50;19.47;2.8;7.86;3.55;3.61;0.26;88.3;13.91;7.8;3.62;0.62;2.01;4.66;288.3;241.9;33.1;4;9.3;1.45;1.58;0.25;0.32;0.31;0.32;0.073;11.7;4.13;1.88;1.35;0.25;0.79;3.2;37.9;28.2;1.7;1.6;6.4;0.16;0.06;0.04;0.05
24;0;50;50;100;20.08;3.1;9.01;4.34;4.3;0.276;88;15.6;8.92;3.97;0.69;2.13;5.48;297.9;232;50.7;4.3;11;1.38;2.28;0.26;0.37;0.39;0.42;0.077;12;5.19;2.34;1.7;0.3;0.97;3.52;40.4;29;2.4;1.9;7;0.2;0.09;0.06;0.06
24;0;50;100;0;19.05;2.66;7.46;3.12;3.11;0.252;91.3;12.46;6.87;3.32;0.53;1.8;4.45;294;249.1;32.4;3.6;8.9;1.47;1.13;0.22;0.29;0.35;0.33;0.07;8.7;4.48;2.04;1.44;0.25;0.86;3.01;27.9;18.4;1.8;1.7;6;0.18;0.04;0.04;0.06
24;0;50;100;50;20.22;3.25;9.33;3.83;3.79;0.263;90.7;14.49;8.19;3.74;0.64;2;5.58;301.5;235.9;50.4;4;11.2;1.43;1.78;0.25;0.34;0.48;0.48;0.072;9.3;6.45;2.9;2.14;0.33;1.24;3.74;30.7;19.2;1.6;2.5;7.5;0.27;0.06;0.07;0.08
24;0;50;100;100;21.2;3.71;10.73;4.38;4.43;0.273;89.7;16.27;9.24;4.15;0.72;2.27;6.45;294.4;225;52;4.5;12.9;1.35;2.43;0.28;0.37;0.6;0.56;0.073;10.3;7.56;3.39;2.48;0.45;1.44;4.28;33.5;19.7;2.3;2.9;8.6;0.31;0.09;0.07;0.09
24;0;100;0;0;19.12;2.36;6.94;3.42;3.51;0.243;86.9;14.5;7.89;3.94;0.63;2.04;4.1;303.6;241.4;49.9;4.1;8.2;1.42;1.49;0.25;0.36;0.16;0.16;0.069;13.1;1.84;0.82;0.62;0.1;0.32;2.84;45.7;37.7;1.7;0.6;5.7;0.06;0.06;0.02;0.02
24;0;100;0;50;19.48;2.58;7.44;4.33;4.34;0.269;86.2;16.16;9.18;4.13;0.76;2.25;4.33;295.9;231.9;50.8;4.5;8.7;1.42;2.28;0.27;0.37;0.22;0.19;0.079;13.8;1.93;0.89;0.63;0.1;0.33;3.11;47.3;38.7;1.6;0.7;6.2;0.06;0.08;0.02;0.03
24;0;100;0;100;20.08;2.95;8.01;5.05;5.05;0.28;85.2;18.07;10.47;4.51;0.72;2.54;4.74;287;220;52.4;5.1;9.5;1.29;3.04;0.31;0.41;0.24;0.22;0.085;14.8;2.14;1.03;0.67;0.09;0.41;3.27;49.6;40;2.2;0.8;6.5;0.07;0.11;0.02;0.02
24;0;100;50;0;19.53;2.82;7.87;3.77;3.82;0.255;88.8;15.09;8.52;3.91;0.7;2.2;4.72;301;237.1;50;4.4;9.4;1.43;1.75;0.27;0.36;0.24;0.25;0.072;11.2;3.2;1.48;1.01;0.19;0.62;3.15;37.8;28.6;1.7;1.2;6.3;0.12;0.06;0.03;0.04
24;0;100;50;50;20.55;3.22;9.08;4.39;4.47;0.264;87.8;16.99;9.66;4.35;0.76;2.39;5.38;292.4;224.7;52.1;4.8;10.8;1.33;2.42;0.3;0.41;0.36;0.34;0.076;12.2;4.21;1.94;1.35;0.22;0.82;3.7;40.3;29.6;1.6;1.6;7.4;0.17;0.08;0.04;0.05
24;0;100;50;100;21.15;3.6;10.13;5.29;5.23;0.286;86.9;18.36;10.66;4.65;0.73;2.53;6.04;285.2;214.9;53.2;5.1;12.1;1.25;3.26;0.31;0.41;0.5;0.46;0.08;13.1;5.5;2.57;1.75;0.3;1.06;4.08;42.9;30.4;2.2;2.1;8.2;0.22;0.11;0.06;0.07
24;0;100;100;0;20.04;3.21;8.82;3.93;3.9;0.252;90.9;15.53;8.7;4.05;0.68;2.28;5.26;298.4;232.5;50.8;4.6;10.5;1.41;1.83;0.28;0.37;0.36;0.35;0.071;9.1;4.7;2.18;1.48;0.26;0.93;3.56;29.9;19.3;1.6;1.9;7.1;0.19;0.05;0.05;0.06
24;0;100;100;50;21.23;3.75;10.95;4.36;4.56;0.261;89.7;17.51;9.75;4.69;0.76;2.5;6.45;290.1;219.4;52.8;5;12.9;1.3;2.53;0.31;0.43;0.55;0.5;0.072;10.3;6.71;3.06;2.16;0.39;1.25;4.5;33;20.1;1.4;2.5;9;0.28;0.07;0.06;0.09
24;0;100;100;100;22.23;4.24;11.89;5.62;5.52;0.284;88.6;19.48;11.36;4.78;0.8;2.74;7.04;279.2;204.9;54.7;5.5;14.1;1.26;3.49;0.33;0.44;0.65;0.6;0.074;11.4;7.95;3.62;2.6;0.42;1.5;4.86;35.7;20.8;2.1;3;9.7;0.33;0.1;0.07;0.1
24;50;0;0;0;17.49;1.98;5.69;4.24;4.25;0.327;85.2;13.12;7.88;3.09;0.53;1.69;3.38;242;201.5;30.3;3.4;6.8;3.11;0.66;0.2;0.28;0.13;0.13;0.057;14.8;1.65;0.75;0.54;0.08;0.3;2.31;41.8;34.7;1.9;0.6;4.6;0.06;0.03;0.01;0.02
24;50;0;0;50;17.85;2.25;6.24;4.49;4.51;0.32;84.8;14.2;8.56;3.3;0.6;1.92;3.75;240;197.7;30.9;3.8;7.5;3.07;0.91;0.23;0.3;0.16;0.15;0.065;15.2;1.85;0.84;0.61;0.08;0.34;2.49;42.7;35.3;1.8;0.7;5;0.06;0.05;0.02;0.02
24;50;0;0;100;18.16;2.41;6.76;4.74;4.88;0.319;84;15.43;9.17;3.75;0.64;2.05;4.04;236.4;192.9;31.3;4.1;8.1;2.99;1.29;0.25;0.35;0.19;0.18;0.073;16;1.9;0.9;0.6;0.1;0.36;2.72;44.8;36;2.6;0.7;5.4;0.06;0.08;0.02;0.02
24;50;0;50;0;17.98;2.33;6.59;4.22;4.3;0.326;87.4;13.33;7.94;3.18;0.58;1.77;3.83;241.6;199.7;30.7;3.5;7.7;3.12;0.68;0.22;0.28;0.21;0.22;0.065;12.6;2.98;1.32;1.01;0.16;0.56;2.77;34.7;26.3;1.8;1.1;5.5;0.12;0.03;0.03;0.04
24;50;0;50;50;18.49;2.62;7.5;4.44;4.48;0.316;86.8;14.3;8.45;3.54;0.58;1.88;4.44;238.7;194.8;31.3;3.8;8.9;2.99;0.94;0.23;0.32;0.31;0.28;0.069;13.2;3.87;1.77;1.24;0.22;0.74;3.06;36.1;26.8;1.7;1.5;6.1;0.15;0.04;0.03;0.05
24;50;0;50;100;19.16;3.05;8.71;4.91;4.98;0.317;85.7;15.77;9.37;3.86;0.64;2.12;5.19;234.8;188.2;32;4.2;10.4;2.93;1.47;0.25;0.33;0.41;0.39;0.076;14.3;5.03;2.26;1.64;0.27;0.93;3.52;39;27.5;2.6;1.9;7;0.2;0.08;0.06;0.06
24;50;0;100;0;18.16;2.6;7.23;4.23;4.29;0.325;89.9;13.34;7.99;3.18;0.52;1.75;4.24;241;198.3;30.8;3.5;8.5;3.1;0.68;0.21;0.3;0.31;0.3;0.067;10.1;4.26;1.98;1.31;0.23;0.85;2.99;27;17.6;1.8;1.7;6;0.17;0.03;0.04;0.06
24;50;0;100;50;19.28;3.04;9.13;4.67;4.61;0.31;88.8;15;8.87;3.69;0.62;1.91;5.41;236.8;190.3;31.8;3.8;10.8;3;1.02;0.25;0.34;0.46;0.43;0.069;11.2;6.08;2.75;2;0.34;1.13;3.73;29.6;18.2;1.7;2.3;7.5;0.25;0.05;0.06;0.08
24;50;0;100;100;20.05;3.69;10.13;5.07;5.1;0.314;87.9;16.41;9.8;3.89;0.66;2.24;6.07;233;183.8;32.5;4.5;12.1;2.92;1.55;0.28;0.36;0.57;0.55;0.073;12.1;7.34;3.35;2.32;0.43;1.45;4.06;32.1;18.7;2.4;2.9;8.1;0.3;0.07;0.07;0.1
24;50;50;0;0;18.17;2.53;7.17;5.67;5.64;0.331;84.6;17.19;10.44;4.05;0.68;2.19;4.29;240.3;196;31.3;4.4;8.6;4.06;0.93;0.27;0.37;0.16;0.14;0.062;15.4;1.74;0.85;0.51;0.09;0.34;2.88;43.7;35.5;1.7;0.7;5.8;0.06;0.05;0.02;0.02
24;50;50;0;50;18.61;2.73;7.73;5.91;5.95;0.325;83.8;18.44;11.03;4.35;0.8;2.39;4.63;234.6;188.5;32.1;4.8;9.3;3.77;1.49;0.29;0.41;0.17;0.17;0.073;16.2;1.88;0.87;0.6;0.1;0.34;3.1;45.3;36.6;1.7;0.7;6.2;0.06;0.07;0.02;0.02
24;50;50;0;100;19.13;2.96;8.41;6.18;6.49;0.327;82.9;19.91;11.81;4.67;0.85;2.57;5.03;230.3;182.3;32.8;5.1;10.1;3.71;2.02;0.31;0.44;0.2;0.2;0.081;17.1;2.06;0.98;0.61;0.12;0.39;3.38;47.4;37.5;2.3;0.8;6.8;0.07;0.09;0.02;0.02
24;50;50;50;0;18.63;2.9;8.07;5.56;5.55;0.321;86.6;17.41;10.46;4.19;0.67;2.29;4.75;237.6;192;31.6;4.6;9.5;3.89;1;0.29;0.37;0.25;0.24;0.068;13.4;3.12;1.41;0.98;0.2;0.6;3.32;36.6;27.1;1.7;1.2;6.6;0.12;0.05;0.03;0.04
24;50;50;50;50;19.38;3.28;9.28;5.97;6.08;0.321;85.8;19.07;11.42;4.57;0.76;2.5;5.59;233.7;184.9;32.6;5;11.2;3.77;1.57;0.32;0.42;0.33;0.31;0.073;14.2;4.07;1.84;1.29;0.22;0.79;3.69;38.5;27.9;1.6;1.6;7.4;0.16;0.07;0.03;0.05
24;50;50;50;100;20.39;3.64;10.26;6.61;6.61;0.326;85.4;20.38;12.31;4.84;0.82;2.65;6.05;244.4;176.4;50.6;5.3;12.1;3.57;2.28;0.33;0.43;0.43;0.42;0.077;14.6;5.2;2.43;1.6;0.28;0.99;4.21;41.6;28.8;2.4;2;8.4;0.2;0.09;0.05;0.07
24;50;50;100;0;19.25;3.21;9.2;5.59;5.68;0.319;89.1;17.94;10.59;4.36;0.76;2.35;5.61;237.3;189.5;31.9;4.7;11.2;3.84;1.14;0.28;0.41;0.35;0.33;0.07;10.9;4.52;2.07;1.48;0.24;0.86;3.6;28.9;18.2;1.8;1.7;7.2;0.18;0.05;0.04;0.06
24;50;50;100;50;20.02;3.72;10.54;6.07;6.06;0.322;88.7;18.98;11.36;4.47;0.78;2.46;6.33;247.8;181.2;49.1;4.9;12.7;3.64;1.71;0.31;0.4;0.49;0.47;0.071;11.3;6.45;2.92;2.08;0.36;1.25;4.21;31.4;18.8;1.7;2.5;8.4;0.27;0.07;0.06;0.08
24;50;50;100;100;21.1;4.2;11.88;6.67;6.71;0.322;87.6;20.96;12.55;5.02;0.84;2.76;7.1;243;172;51.3;5.5;14.2;3.53;2.39;0.34;0.45;0.58;0.56;0.073;12.4;7.46;3.38;2.42;0.42;1.44;4.78;34.2;19.5;2.3;2.9;9.6;0.31;0.08;0.07;0.1
24;50;100;0;0;19;3.1;8.63;7.09;6.94;0.326;84.4;21.41;12.95;4.96;0.89;2.75;5.18;250.6;186.1;48.6;5.5;10.4;4.68;1.44;0.36;0.46;0.16;0.17;0.068;15.6;1.84;0.83;0.59;0.12;0.34;3.45;46.3;37;1.7;0.7;6.9;0.06;0.06;0.02;0.02
24;50;100;0;50;19.35;3.23;9.09;7.48;7.49;0.333;83.6;22.6;13.65;5.3;0.91;2.9;5.48;245.6;178.9;49.9;5.8;11;4.43;2.22;0.36;0.48;0.23;0.18;0.076;16.4;1.9;0.91;0.58;0.09;0.33;3.61;48.1;38;2.2;0.7;7.2;0.06;0.08;0.02;0.02
24;50;100;0;100;20.23;3.57;9.85;8.07;8.17;0.336;82.7;24.44;14.83;5.74;0.95;3.19;5.92;240;170.1;51.7;6.4;11.8;4.27;2.97;0.4;0.53;0.25;0.23;0.089;17.3;2.14;1.04;0.68;0.11;0.39;3.93;50.2;39.3;2.2;0.8;7.9;0.07;0.12;0.02;0.03
24;50;100;50;0;19.77;3.44;9.56;7.16;7.13;0.328;86.4;21.86;13.28;5.03;0.87;2.83;5.72;248.2;181.4;49.6;5.7;11.4;4.58;1.73;0.35;0.47;0.27;0.25;0.071;13.6;3.19;1.45;1.01;0.16;0.6;3.84;38.8;28.2;1.6;1.2;7.7;0.12;0.06;0.03;0.04
24;50;100;50;50;20.34;3.81;10.93;7.34;7.55;0.329;85.5;23.1;13.76;5.57;0.94;3.03;6.59;244.9;175.1;50.6;6.1;13.2;4.35;2.33;0.37;0.51;0.34;0.34;0.076;14.5;4.24;1.94;1.39;0.23;0.78;4.34;41.4;28.9;2.2;1.6;8.7;0.17;0.09;0.04;0.05
24;50;100;50;100;21.37;4.12;11.71;8.26;8.18;0.335;84.4;24.51;14.95;5.74;0.91;3.13;6.97;237.3;164.1;53;6.3;13.9;4.02;3.25;0.38;0.53;0.48;0.45;0.081;15.6;5.36;2.4;1.74;0.32;0.99;4.74;43.8;30.1;2.2;2;9.5;0.21;0.12;0.05;0.07
24;50;100;100;0;20.26;3.77;10.7;7.09;7.08;0.323;88.8;22.06;13.25;5.3;0.9;2.85;6.39;247;178.7;49.9;5.7;12.8;4.44;1.8;0.35;0.48;0.35;0.35;0.073;11.2;4.64;2.16;1.49;0.25;0.92;4.31;31.2;19;1.7;1.8;8.6;0.19;0.06;0.05;0.06
24;50;100;100;50;21.38;4.38;12.45;7.41;7.55;0.32;87.4;23.7;14.06;5.72;0.99;3.13;7.4;241.1;167.6;52.4;6.3;14.8;4.13;2.52;0.38;0.53;0.5;0.51;0.074;12.6;6.66;3.01;2.16;0.35;1.25;5.05;34.6;19.8;2.2;2.5;10.1;0.27;0.08;0.06;0.09
24;50;100;100;100;22.38;4.83;13.39;8.27;8.31;0.331;86.5;25.2;15.37;5.79;1.01;3.32;7.89;234.9;158.2;54.2;6.6;15.8;3.93;3.44;0.41;0.53;0.59;0.61;0.076;13.5;7.82;3.52;2.54;0.4;1.51;5.5;36.6;20.5;2.1;3;11;0.32;0.11;0.08;0.1
24;100;0;0;0;17.58;2.46;6.71;6.04;6.07;0.359;80.7;16.98;10.64;3.73;0.63;2.15;3.99;177.7;135.2;30.2;4.3;8;4.78;0.68;0.26;0.34;0.13;0.14;0.058;19.3;1.7;0.73;0.57;0.1;0.3;2.72;42.4;34.6;1.8;0.6;5.4;0.06;0.03;0.02;0.02
24;100;0;0;50;17.76;2.55;7.17;6.2;6.2;0.354;80.5;17.64;10.94;4.02;0.68;2.21;4.35;177.1;133.5;30.5;4.4;8.7;4.67;0.89;0.27;0.38;0.15;0.15;0.064;19.5;1.77;0.83;0.54;0.1;0.34;2.82;43;34.9;1.7;0.7;5.6;0.06;0.05;0.02;0.02
24;100;0;0;100;18.37;2.72;7.58;6.31;6.41;0.346;79.3;18.64;11.27;4.26;0.76;2.36;4.46;173.9;128.8;31.4;4.7;8.9;4.42;1.3;0.29;0.39;0.18;0.18;0.072;20.7;1.91;0.89;0.59;0.12;0.36;3.12;45.4;36;2.5;0.7;6.2;0.06;0.08;0.02;0.02
24;100;0;50;0;17.73;2.59;7.43;6.02;6.01;0.36;83.7;16.79;10.38;3.86;0.64;2.01;4.5;178.1;135;30.1;4;9;4.75;0.66;0.24;0.36;0.24;0.22;0.067;16.3;2.97;1.41;0.9;0.17;0.59;2.94;34.7;26;1.7;1.2;5.9;0.12;0.03;0.03;0.04
24;100;0;50;50;18.7;3.05;8.55;5.97;6.15;0.346;82.7;17.9;10.9;4.13;0.69;2.32;5.09;176.7;130.6;31.4;4.6;10.2;4.53;0.96;0.29;0.38;0.29;0.3;0.07;17.3;3.92;1.75;1.32;0.19;0.73;3.46;36.8;26.7;1.7;1.5;6.9;0.15;0.05;0.04;0.06
24;100;0;50;100;19.54;3.31;9.59;6.56;6.59;0.345;81.5;19.2;11.66;4.52;0.76;2.4;5.68;174.6;126.2;32.2;4.8;11.4;4.42;1.47;0.3;0.4;0.39;0.37;0.074;18.5;4.85;2.22;1.57;0.26;0.91;3.92;39.7;27.4;2.6;1.8;7.8;0.19;0.08;0.04;0.06
24;100;0;100;0;18.49;2.86;8.3;5.78;5.92;0.358;86.4;16.66;10.21;3.79;0.65;2.02;4.84;178;133.6;30.6;4;9.7;4.67;0.67;0.23;0.35;0.34;0.31;0.068;13.6;4.32;1.99;1.39;0.23;0.84;3.45;27.9;17.5;1.9;1.7;6.9;0.17;0.04;0.04;0.06
24;100;0;100;50;19.19;3.5;9.87;6.13;6.16;0.344;85.5;18.05;11.02;4.24;0.69;2.28;5.94;176.7;129.1;31.2;4.6;11.9;4.51;0.98;0.28;0.39;0.49;0.45;0.07;14.5;6.17;2.85;1.97;0.34;1.22;3.93;30;18;1.7;2.4;7.9;0.25;0.06;0.06;0.08
24;100;0;100;100;20.23;3.92;11;6.54;6.62;0.34;84.2;19.61;11.97;4.49;0.8;2.55;6.64;174.5;123.5;32.5;5.1;13.3;4.34;1.56;0.3;0.42;0.57;0.53;0.072;15.8;7.2;3.27;2.29;0.41;1.37;4.36;32.6;18.6;2.6;2.7;8.7;0.3;0.08;0.07;0.09
24;100;50;0;0;18.34;3.13;8.61;8.14;8.2;0.365;80;22.59;14.13;5.04;0.86;2.79;5.15;178.9;132.1;30.9;5.6;10.3;6.45;0.94;0.35;0.46;0.16;0.15;0.064;20;1.78;0.82;0.55;0.09;0.34;3.46;44.6;35.2;1.8;0.7;6.9;0.06;0.05;0.02;0.02
24;100;50;0;50;18.78;3.34;9.15;8.38;8.56;0.365;79.1;23.63;14.66;5.35;0.89;2.98;5.44;177.3;128.9;31.5;6;10.9;6.28;1.43;0.37;0.48;0.2;0.18;0.076;20.9;1.95;0.91;0.62;0.1;0.36;3.71;46.9;35.9;2.8;0.7;7.4;0.06;0.08;0.02;0.03
24;100;50;0;100;19.25;3.5;9.71;8.94;8.94;0.36;78.2;25.02;15.58;5.65;0.97;3.09;5.81;173.8;123.5;32.5;6.2;11.6;6.01;2.02;0.39;0.52;0.23;0.21;0.081;21.8;2.11;1.02;0.61;0.13;0.42;3.91;48.3;37.1;2.5;0.8;7.8;0.07;0.09;0.02;0.03
24;100;50;50;0;18.72;3.46;9.52;8.17;8.18;0.363;82.5;22.73;14.12;5.1;0.86;2.81;5.58;178.1;130.3;30.9;5.6;11.2;6.41;0.98;0.34;0.45;0.28;0.26;0.071;17.5;3.27;1.54;1.02;0.18;0.64;3.94;37.7;26.7;1.8;1.3;7.9;0.12;0.05;0.04;0.04
24;100;50;50;50;19.7;3.79;10.68;8.44;8.51;0.357;81.5;23.99;14.82;5.38;0.96;3;6.46;176.7;125.5;32.2;6;12.9;6.11;1.55;0.35;0.5;0.34;0.33;0.073;18.5;4.14;1.87;1.36;0.24;0.79;4.23;40.1;27.5;2.6;1.6;8.5;0.16;0.07;0.04;0.05
24;100;50;50;100;20.34;4.12;11.57;8.8;8.95;0.358;81.8;25.14;15.5;5.75;0.96;3.13;6.88;189.7;120;49.7;6.3;13.8;5.82;2.22;0.39;0.53;0.43;0.42;0.078;18.2;5.15;2.39;1.62;0.28;0.99;4.69;42.3;28.4;2.5;2;9.4;0.2;0.1;0.05;0.07
24;100;50;100;0;19.32;3.62;10.42;8.19;8.19;0.357;85.5;23.1;14.25;5.31;0.9;2.77;6.19;177.3;127.7;31.7;5.5;12.4;6.23;1.14;0.35;0.48;0.36;0.32;0.069;14.5;4.37;2.02;1.41;0.23;0.85;4.23;30;18.1;1.7;1.7;8.5;0.18;0.05;0.04;0.05
24;100;50;100;50;20.32;4.15;12.1;8.6;8.6;0.356;85.1;24.28;15.02;5.58;0.95;2.95;7.21;191.6;122.6;48.7;5.9;14.4;6.03;1.7;0.36;0.52;0.47;0.47;0.072;14.9;6.35;2.89;2.01;0.35;1.19;4.89;33.4;18.7;2.6;2.4;9.8;0.26;0.07;0.06;0.08
24;100;50;100;100;21.07;4.54;13.35;8.77;8.95;0.353;84.2;25.46;15.52;5.87;1.03;3.1;7.97;189.3;117.1;50.1;6.2;15.9;5.68;2.34;0.38;0.54;0.62;0.57;0.073;15.8;7.64;3.5;2.46;0.41;1.44;5.38;35.4;19.3;2.5;2.9;10.8;0.31;0.09;0.07;0.1
24;100;100;0;0;19.23;3.66;10.41;9.5;9.53;0.358;80.2;26.81;16.54;6.12;1.07;3.31;6.18;193;126;48;6.6;12.4;7.12;1.44;0.4;0.56;0.17;0.17;0.069;19.8;1.86;0.87;0.58;0.12;0.35;4.24;47.4;36.6;1.7;0.7;8.5;0.06;0.06;0.02;0.02
24;100;100;0;50;19.7;3.79;10.66;9.86;9.98;0.362;79.4;27.76;17.2;6.32;1.04;3.41;6.41;190.4;121.4;49.3;6.8;12.8;6.79;2.2;0.42;0.57;0.2;0.21;0.083;20.6;2.06;0.95;0.67;0.1;0.38;4.25;49.4;37.6;2.6;0.8;8.5;0.06;0.1;0.02;0.03
24;100;100;0;100;20.12;3.88;11.16;10.48;10.49;0.362;78.8;29.11;18.16;6.57;1.08;3.51;6.77;187.7;116.3;50.8;7;13.5;6.54;2.91;0.42;0.62;0.25;0.24;0.093;21.2;2.15;1;0.69;0.1;0.37;4.38;50.4;38.7;2.2;0.7;8.8;0.07;0.12;0.02;0.03
24;100;100;50;0;19.86;3.91;11.23;9.45;9.58;0.358;82.8;26.92;16.55;6.23;1.06;3.3;6.73;192.2;123.5;48.7;6.6;13.5;6.9;1.72;0.4;0.56;0.25;0.25;0.071;17.2;3.18;1.38;1.08;0.19;0.61;4.5;39.9;27.8;1.8;1.2;9;0.12;0.06;0.03;0.04
24;100;100;50;50;20.3;4.33;12.21;9.65;9.86;0.357;81.5;27.82;17.14;6.36;1.07;3.47;7.24;189.2;118.4;49.4;6.9;14.5;6.55;2.29;0.43;0.58;0.41;0.36;0.078;18.5;4.45;2.07;1.41;0.22;0.86;4.97;42.9;28.7;2.5;1.7;9.9;0.17;0.1;0.04;0.05
24;100;100;50;100;21.16;4.58;13.05;10.52;10.54;0.362;80.6;29.2;18.21;6.55;1.1;3.56;7.7;186.1;112;51.6;7.1;15.4;6.35;3.18;0.42;0.59;0.46;0.45;0.081;19.4;5.41;2.48;1.74;0.28;1.01;5.34;44.6;29.7;2.1;2;10.7;0.21;0.12;0.05;0.07
24;100;100;100;0;20.46;4.33;12.09;9.48;9.61;0.352;85.7;27.45;16.89;6.22;1.1;3.47;7.23;192.3;120.9;50.1;6.9;14.5;6.78;1.82;0.42;0.59;0.39;0.35;0.074;14.3;4.5;2.11;1.41;0.25;0.86;4.86;31.9;18.8;1.6;1.7;9.7;0.18;0.06;0.05;0.06
24;100;100;100;50;21.42;4.84;13.87;9.68;9.95;0.352;84.2;28.41;17.38;6.52;1.17;3.57;8.28;190;115.3;51;7.1;16.6;6.48;2.42;0.44;0.6;0.55;0.52;0.075;15.8;6.75;3.07;2.17;0.38;1.27;5.59;35.6;19.4;2.4;2.5;11.2;0.27;0.09;0.06;0.09
24;100;100;100;100;22.23;5.32;14.79;10.41;10.54;0.357;83.2;29.64;18.32;6.73;1.15;3.75;8.78;186.3;108.5;52.7;7.5;17.6;6.12;3.35;0.46;0.61;0.65;0.62;0.076;16.8;7.98;3.65;2.53;0.45;1.56;6.01;37.4;20.2;2.1;3.1;12;0.33;0.11;0.08;0.1
25;0;0;0;0;17.48;1.78;4.83;2.74;2.78;0.278;88.2;10.06;5.83;2.49;0.43;1.45;2.94;311.5;271.9;30.8;2.9;5.9;1.68;0.68;0.18;0.24;0.13;0.13;0.057;11.8;1.71;0.79;0.56;0.1;0.33;1.89;41.4;35.1;1.9;0.7;3.8;0.06;0.03;0.01;0.02
25;0;0;0;50;17.84;1.84;5.31;3;3;0.275;87.8;11;6.29;2.83;0.46;1.53;3.16;307;266.3;31.4;3.1;6.3;1.62;0.92;0.19;0.26;0.12;0.14;0.062;12.2;1.77;0.75;0.58;0.11;0.31;2.16;42.4;35.6;1.8;0.6;4.3;0.06;0.05;0.01;0.02
25;0;0;0;100;18.04;1.98;5.83;3.3;3.32;0.278;87.2;12.06;6.9;3.12;0.49;1.65;3.54;302.4;260.4;31.6;3.3;7.1;1.54;1.3;0.19;0.29;0.18;0.17;0.072;12.8;1.93;0.89;0.63;0.11;0.33;2.29;44;36.3;2.5;0.7;4.6;0.06;0.07;0.02;0.02
25;0;0;50;0;17.83;1.94;5.48;2.62;2.67;0.276;90.2;9.8;5.55;2.49;0.45;1.38;3.25;310.9;270.6;31;2.8;6.5;1.61;0.68;0.16;0.22;0.21;0.21;0.065;9.8;2.88;1.29;0.91;0.17;0.56;2.23;33.8;26.4;1.8;1.1;4.5;0.11;0.03;0.03;0.04
25;0;0;50;50;18.52;2.37;6.81;3.06;3.04;0.268;89.4;11.44;6.5;2.98;0.51;1.61;4.07;304.3;261.2;31.7;3.2;8.1;1.57;0.98;0.2;0.29;0.3;0.3;0.069;10.6;4.02;1.86;1.26;0.23;0.76;2.75;35.9;27.1;1.7;1.5;5.5;0.16;0.05;0.04;0.05
25;0;0;50;100;19.34;2.72;7.8;3.54;3.52;0.277;88.5;12.77;7.31;3.28;0.57;1.79;4.65;298.6;253;32.7;3.6;9.3;1.52;1.49;0.22;0.3;0.31;0.36;0.072;11.5;4.82;2.12;1.62;0.29;0.92;3.15;38.5;27.8;2.5;1.8;6.3;0.19;0.07;0.04;0.07
25;0;0;100;0;18.14;2.21;6.36;2.68;2.74;0.278;92.1;9.98;5.66;2.58;0.44;1.35;3.81;310.1;268.9;30.9;2.7;7.6;1.64;0.68;0.18;0.24;0.3;0.31;0.068;7.9;4.3;1.96;1.36;0.26;0.86;2.55;26.3;17.7;1.8;1.7;5.1;0.17;0.04;0.05;0.05
25;0;0;100;50;19.25;2.84;8.14;3.03;3.07;0.264;91.1;11.71;6.65;2.99;0.49;1.67;4.76;301.3;256.3;32.1;3.3;9.5;1.56;1.03;0.22;0.27;0.42;0.44;0.069;8.9;6.15;2.75;2.05;0.34;1.17;3.38;29.2;18.4;1.7;2.3;6.8;0.25;0.04;0.06;0.08
25;0;0;100;100;20.21;3.19;9.46;3.61;3.64;0.274;90.2;13.4;7.62;3.38;0.59;1.85;5.63;293.7;245.5;33.3;3.7;11.3;1.5;1.59;0.23;0.31;0.52;0.53;0.071;9.8;7.24;3.25;2.46;0.41;1.33;3.82;31.6;18.9;2.4;2.7;7.6;0.3;0.06;0.07;0.1
25;0;50;0;0;18.09;2;5.66;2.99;3.01;0.259;87.6;11.74;6.59;3.04;0.53;1.67;3.41;304.1;262.2;31.7;3.3;6.8;1.57;0.97;0.2;0.27;0.12;0.14;0.062;12.4;1.68;0.76;0.53;0.1;0.33;2.24;43;36.1;1.8;0.7;4.5;0.06;0.05;0.01;0.02
25;0;50;0;50;18.48;2.12;6.22;3.55;3.55;0.27;87;13.26;7.56;3.38;0.55;1.78;3.78;297.9;254.4;32.3;3.6;7.6;1.53;1.48;0.22;0.32;0.15;0.16;0.068;13;1.81;0.82;0.58;0.09;0.33;2.44;44.3;36.9;1.8;0.7;4.9;0.06;0.06;0.02;0.02
25;0;50;0;100;19.03;2.45;7.04;4.06;4.16;0.279;86.1;14.99;8.58;3.8;0.65;2.08;4.23;290.6;244.7;33.2;4.2;8.5;1.52;2.04;0.25;0.35;0.2;0.19;0.078;13.9;2.02;0.96;0.63;0.11;0.37;2.81;46.7;37.9;2.4;0.7;5.6;0.06;0.09;0.02;0.03
25;0;50;50;0;18.39;2.29;6.67;3.01;3.09;0.256;89.4;12.21;6.77;3.26;0.55;1.72;3.96;300.6;257.5;31.8;3.4;7.9;1.57;1;0.21;0.31;0.2;0.23;0.065;10.6;3.06;1.38;0.99;0.18;0.57;2.71;35.6;27.4;1.6;1.1;5.4;0.12;0.04;0.03;0.04
25;0;50;50;50;19.43;2.81;7.69;3.63;3.59;0.263;88.5;13.73;7.75;3.55;0.58;1.98;4.6;293.7;247.4;33.1;4;9.2;1.46;1.58;0.23;0.32;0.3;0.32;0.072;11.5;4.14;1.88;1.34;0.21;0.83;3.09;37.8;28.2;1.7;1.7;6.2;0.16;0.06;0.04;0.05
25;0;50;50;100;20.04;3.18;8.91;4.22;4.3;0.28;88.2;15.42;8.81;3.86;0.68;2.15;5.4;303.5;237.8;50.5;4.3;10.8;1.42;2.25;0.27;0.36;0.38;0.41;0.075;11.8;5.21;2.39;1.63;0.3;1.02;3.51;40.4;29;2.3;2;7;0.21;0.08;0.05;0.06
25;0;50;100;0;19.16;2.7;7.64;3.15;3.16;0.253;91.3;12.53;6.97;3.24;0.61;1.75;4.61;298.7;253.8;32.3;3.5;9.2;1.49;1.14;0.22;0.31;0.34;0.34;0.07;8.7;4.59;2.15;1.49;0.25;0.95;3.04;28.3;18.5;1.8;1.9;6.1;0.19;0.05;0.05;0.06
25;0;50;100;50;20.26;3.25;9.32;3.7;3.75;0.266;90.9;14.15;8.04;3.63;0.62;2.01;5.59;307.5;242;50.3;4;11.2;1.43;1.74;0.25;0.33;0.42;0.45;0.069;9.1;6.37;2.88;2.06;0.35;1.24;3.72;30.6;19.1;1.6;2.5;7.4;0.27;0.05;0.06;0.08
25;0;50;100;100;20.97;3.68;10.67;4.4;4.37;0.276;90;15.92;9.14;4.04;0.65;2.22;6.48;300.2;231.5;51.2;4.4;13;1.35;2.38;0.28;0.36;0.6;0.59;0.073;10;7.83;3.52;2.62;0.4;1.46;4.19;33.4;19.7;2.4;2.9;8.4;0.32;0.08;0.07;0.11
25;0;100;0;0;18.87;2.49;6.64;3.59;3.59;0.254;87.1;14.21;7.95;3.71;0.63;2.11;3.98;309.2;247.5;49.4;4.2;8;1.44;1.55;0.26;0.34;0.16;0.16;0.067;12.9;1.9;0.9;0.59;0.11;0.38;2.66;45.4;37.6;1.7;0.8;5.3;0.06;0.06;0.02;0.03
25;0;100;0;50;19.6;2.66;7.42;4.31;4.36;0.271;86.5;16.16;9.16;4.17;0.7;2.29;4.46;302;237.3;51.2;4.6;8.9;1.41;2.28;0.3;0.37;0.18;0.19;0.077;13.5;2.02;0.93;0.62;0.1;0.38;2.95;47;38.7;1.6;0.8;5.9;0.07;0.08;0.02;0.02
25;0;100;0;100;19.86;2.93;8.01;5.02;5.08;0.283;85.6;17.98;10.39;4.45;0.8;2.54;4.87;293.5;226.5;52.2;5.1;9.7;1.33;3.01;0.31;0.42;0.2;0.21;0.083;14.4;2.07;0.96;0.64;0.12;0.39;3.13;49.1;39.9;2.1;0.8;6.3;0.07;0.1;0.02;0.03
25;0;100;50;0;19.51;2.77;7.72;3.69;3.78;0.256;89;14.84;8.23;3.93;0.7;2.17;4.64;306.8;243;50.2;4.3;9.3;1.41;1.75;0.27;0.35;0.24;0.25;0.071;11;3.23;1.44;1.03;0.2;0.59;3.08;37.6;28.6;1.7;1.2;6.2;0.12;0.06;0.03;0.04
25;0;100;50;50;20.39;3.24;9.04;4.42;4.45;0.267;88.1;16.77;9.52;4.29;0.75;2.36;5.52;298.4;230.8;51.8;4.7;11;1.35;2.39;0.3;0.4;0.32;0.34;0.075;11.9;4.28;1.99;1.4;0.22;0.87;3.53;40;29.6;1.6;1.7;7.1;0.17;0.08;0.04;0.05
25;0;100;50;100;21.13;3.55;10.08;5.38;5.35;0.289;87;18.58;10.76;4.63;0.78;2.5;6;288.9;218.7;53.2;5;12;1.33;3.29;0.32;0.42;0.45;0.44;0.078;13;5.38;2.49;1.67;0.31;1.06;4.09;43.1;30.5;2.3;2.1;8.2;0.21;0.1;0.05;0.07
25;0;100;100;0;20.04;2.99;8.89;3.84;3.91;0.254;91.1;15.43;8.5;4.14;0.73;2.15;5.37;304.2;238.3;50.9;4.3;10.7;1.44;1.83;0.27;0.38;0.32;0.33;0.069;8.9;4.59;2.08;1.47;0.24;0.84;3.52;29.6;19.3;1.6;1.7;7;0.19;0.05;0.04;0.06
25;0;100;100;50;21.34;3.77;10.79;4.63;4.61;0.264;89.9;17.52;9.95;4.53;0.72;2.5;6.44;294.4;223.6;52.8;5;12.9;1.35;2.55;0.31;0.41;0.46;0.5;0.072;10.1;6.75;2.94;2.26;0.38;1.28;4.34;32.9;20.1;1.5;2.6;8.7;0.28;0.08;0.06;0.09
25;0;100;100;100;22.23;4.29;11.87;5.55;5.52;0.286;88.8;19.38;11.16;4.78;0.84;2.68;7.08;284.3;210;54.8;5.4;14.2;1.27;3.49;0.32;0.43;0.56;0.62;0.075;11.2;7.98;3.67;2.58;0.44;1.61;4.8;35.6;20.8;1.9;3.2;9.6;0.33;0.09;0.09;0.1
25;50;0;0;0;17.49;2;5.6;4.42;4.46;0.336;85.5;13.39;8.12;3.1;0.55;1.7;3.33;246.2;205.6;30.6;3.4;6.7;3.28;0.68;0.21;0.29;0.13;0.13;0.058;14.5;1.63;0.72;0.53;0.1;0.3;2.27;41.8;34.8;1.8;0.6;4.5;0.06;0.03;0.02;0.03
25;50;0;0;50;17.72;2.19;6.09;4.69;4.65;0.33;85.1;14.18;8.65;3.32;0.53;1.84;3.69;244.4;202.5;30.8;3.7;7.4;3.22;0.89;0.22;0.32;0.14;0.15;0.063;14.9;1.81;0.79;0.58;0.12;0.35;2.4;42.6;35.2;1.8;0.7;4.8;0.06;0.05;0.02;0.02
25;50;0;0;100;18.31;2.44;6.66;4.88;5;0.325;84.1;15.48;9.32;3.69;0.61;2.06;3.9;239.8;196.2;31.6;4.1;7.8;3.09;1.31;0.26;0.33;0.16;0.18;0.072;15.9;1.93;0.92;0.57;0.1;0.38;2.76;45.1;36.1;2.7;0.8;5.5;0.06;0.07;0.02;0.03
25;50;0;50;0;17.79;2.22;6.49;4.43;4.46;0.337;87.7;13.38;8.02;3.22;0.57;1.65;3.86;245.9;204.4;30.4;3.3;7.7;3.29;0.67;0.21;0.3;0.2;0.22;0.065;12.3;2.94;1.31;0.98;0.15;0.57;2.63;34.4;26.2;1.8;1.1;5.3;0.11;0.03;0.03;0.04
25;50;0;50;50;18.43;2.62;7.37;4.62;4.61;0.327;87.1;14.25;8.54;3.33;0.59;1.86;4.43;243.4;199.6;31.2;3.7;8.9;3.15;0.93;0.23;0.3;0.28;0.3;0.071;12.9;3.96;1.79;1.3;0.2;0.77;2.94;36;26.7;1.8;1.5;5.9;0.15;0.05;0.04;0.05
25;50;0;50;100;19.32;3;8.6;5.05;5.1;0.323;85.9;15.89;9.55;3.73;0.67;2.04;5.17;238.5;191.7;32.4;4.1;10.3;3.02;1.48;0.26;0.35;0.37;0.37;0.073;14.1;4.88;2.23;1.55;0.25;0.96;3.43;38.9;27.6;2.6;1.9;6.9;0.19;0.07;0.04;0.06
25;50;0;100;0;18.28;2.54;7.21;4.52;4.44;0.334;90.2;13.41;8.22;3.13;0.52;1.73;4.32;245.9;202.9;30.9;3.5;8.6;3.25;0.69;0.22;0.29;0.28;0.31;0.067;9.8;4.25;1.9;1.38;0.26;0.82;2.89;26.8;17.6;1.8;1.6;5.8;0.17;0.04;0.04;0.05
25;50;0;100;50;19.3;3.19;8.96;4.76;4.76;0.318;89.1;15.1;9.05;3.53;0.61;2.03;5.39;241.3;194.5;32;4.1;10.8;3.15;1.02;0.26;0.33;0.42;0.44;0.069;10.9;6.1;2.68;2.03;0.36;1.15;3.57;29.4;18.2;1.7;2.3;7.1;0.25;0.05;0.06;0.08
25;50;0;100;100;20.11;3.44;10;5.18;5.11;0.317;88.1;16.21;9.65;3.85;0.71;2.11;6.05;236.6;187.3;33;4.2;12.1;2.93;1.56;0.27;0.35;0.52;0.53;0.072;11.9;7.16;3.19;2.35;0.39;1.32;3.94;31.7;18.7;2.5;2.6;7.9;0.29;0.07;0.07;0.09
25;50;50;0;0;18.02;2.51;7.06;5.68;5.67;0.337;84.6;16.97;10.21;4.01;0.72;2.13;4.15;243;199.4;31;4.3;8.3;4.09;0.94;0.27;0.36;0.14;0.15;0.065;15.4;1.78;0.85;0.54;0.09;0.38;2.91;43.9;35.7;1.7;0.8;5.8;0.06;0.04;0.02;0.02
25;50;50;0;50;18.69;2.77;7.71;6.07;6.14;0.333;84;18.6;11.24;4.31;0.8;2.41;4.64;238;191.7;32.3;4.8;9.3;3.93;1.51;0.3;0.41;0.14;0.16;0.066;16;1.83;0.84;0.61;0.09;0.36;3.07;45.2;36.8;1.6;0.7;6.1;0.06;0.06;0.02;0.02
25;50;50;0;100;19.13;2.94;8.25;6.5;6.6;0.335;83.2;19.82;12;4.61;0.82;2.57;5.03;235;187;32.8;5.1;10.1;3.84;2.02;0.32;0.43;0.21;0.2;0.08;16.8;2.05;0.94;0.67;0.12;0.37;3.22;47.2;37.4;2.5;0.7;6.4;0.06;0.09;0.02;0.02
25;50;50;50;0;18.65;2.88;8.06;5.79;5.76;0.331;86.9;17.56;10.54;4.19;0.74;2.27;4.88;242.2;196.3;31.6;4.5;9.8;4.08;1.01;0.29;0.38;0.22;0.23;0.068;13.1;3.05;1.38;0.98;0.19;0.62;3.19;36.4;27.1;1.7;1.2;6.4;0.12;0.04;0.03;0.04
25;50;50;50;50;19.52;3.21;9.01;6.06;6.13;0.327;86;18.87;11.28;4.48;0.76;2.46;5.45;237.2;188.6;32.8;4.9;10.9;3.82;1.57;0.32;0.42;0.28;0.31;0.073;14;4.04;1.81;1.32;0.21;0.75;3.56;38.3;27.9;1.8;1.5;7.1;0.16;0.07;0.04;0.05
25;50;50;50;100;20.23;3.61;10.05;6.59;6.68;0.333;85.7;20.18;12.19;4.62;0.83;2.64;6.01;247.5;179.8;50.4;5.3;12;3.68;2.26;0.32;0.43;0.39;0.4;0.075;14.3;5.12;2.3;1.64;0.32;0.96;4.04;41.2;28.9;2.4;1.9;8.1;0.2;0.08;0.05;0.07
25;50;50;100;0;19.25;3.19;8.92;5.75;5.76;0.328;89.2;17.71;10.59;4.19;0.74;2.28;5.31;240.3;193;32.1;4.6;10.6;3.95;1.13;0.3;0.39;0.31;0.33;0.07;10.8;4.45;2.08;1.44;0.23;0.91;3.61;29.1;18.3;1.8;1.8;7.2;0.18;0.05;0.05;0.06
25;50;50;100;50;20.17;3.73;10.88;6.22;6.31;0.328;88.8;19.33;11.55;4.64;0.79;2.45;6.58;252.2;184.9;49.3;4.9;13.2;3.83;1.74;0.3;0.43;0.47;0.48;0.072;11.2;6.51;2.95;2.15;0.34;1.28;4.29;31.7;18.9;1.7;2.6;8.6;0.27;0.07;0.06;0.08
25;50;50;100;100;21.15;4.17;11.63;6.87;6.78;0.329;87.8;20.72;12.55;4.87;0.81;2.68;7.03;246.3;175.6;51.3;5.4;14.1;3.62;2.37;0.34;0.45;0.55;0.58;0.074;12.2;7.6;3.5;2.44;0.4;1.48;4.6;34;19.5;2.3;3;9.2;0.31;0.09;0.08;0.1
25;50;100;0;0;19.03;3.05;8.57;7.05;7.1;0.338;84.5;21.19;12.82;4.96;0.85;2.67;5.11;254.1;189.9;48.7;5.3;10.2;4.78;1.53;0.33;0.46;0.17;0.17;0.07;15.5;1.91;0.87;0.61;0.09;0.38;3.46;46.4;37;1.6;0.8;6.9;0.06;0.06;0.02;0.03
25;50;100;0;50;19.45;3.19;9.13;7.6;7.63;0.34;83.5;22.54;13.74;5.22;0.85;2.8;5.41;248.3;182.3;49.6;5.6;10.8;4.58;2.23;0.34;0.48;0.2;0.2;0.08;16.5;1.98;0.94;0.63;0.11;0.4;3.71;48.8;38.1;2.5;0.8;7.4;0.06;0.09;0.02;0.02
25;50;100;0;100;20.16;3.46;9.59;8.17;8.2;0.341;82.8;24.13;14.67;5.58;0.96;3.06;5.73;242.8;173.7;51.4;6.1;11.5;4.33;2.97;0.38;0.52;0.22;0.23;0.092;17.2;2.09;1.01;0.63;0.11;0.41;3.86;50.3;39.3;2.4;0.8;7.7;0.06;0.12;0.02;0.02
25;50;100;50;0;19.75;3.43;9.59;7.18;7.2;0.333;86.6;21.79;13.13;5.17;0.93;2.82;5.79;251.6;184.5;49.8;5.6;11.6;4.61;1.76;0.35;0.48;0.25;0.25;0.071;13.4;3.23;1.47;1.01;0.19;0.61;3.81;38.8;28.4;1.6;1.2;7.6;0.13;0.05;0.03;0.04
25;50;100;50;50;20.34;3.85;10.66;7.66;7.72;0.336;85.6;23.1;14.04;5.42;0.89;2.99;6.44;247.7;178.1;50.7;6;12.9;4.52;2.35;0.36;0.49;0.34;0.35;0.077;14.4;4.29;1.98;1.36;0.21;0.86;4.22;41.5;29;2.3;1.7;8.4;0.17;0.09;0.04;0.05
25;50;100;50;100;21.28;4.23;11.78;8.48;8.38;0.343;84.5;24.55;15.06;5.68;0.96;3.11;7.12;240.9;168.1;52.3;6.2;14.2;4.25;3.24;0.37;0.52;0.46;0.48;0.081;15.5;5.66;2.65;1.79;0.32;1.12;4.67;44;30.1;2.3;2.2;9.3;0.22;0.12;0.06;0.07
25;50;100;100;0;20.25;3.77;10.52;7.21;7.24;0.329;89;22.14;13.33;5.17;0.93;2.86;6.31;250.6;182;50.3;5.7;12.6;4.56;1.82;0.37;0.49;0.35;0.35;0.071;11;4.65;2.12;1.49;0.25;0.91;4.21;30.9;19.1;1.6;1.8;8.4;0.19;0.06;0.05;0.06
25;50;100;100;50;21.3;4.41;12.36;7.83;7.78;0.33;87.6;23.7;14.28;5.66;0.95;3.08;7.46;245.1;172.3;51.7;6.2;14.9;4.41;2.48;0.38;0.52;0.51;0.52;0.075;12.4;6.8;3.11;2.21;0.4;1.33;4.91;34.5;19.8;2.2;2.7;9.8;0.28;0.08;0.07;0.09
25;50;100;100;100;22.37;4.78;13.49;8.43;8.53;0.338;86.8;25.34;15.35;5.95;0.99;3.24;8.17;239.3;162.5;54;6.5;16.3;4.15;3.45;0.39;0.54;0.57;0.6;0.075;13.2;7.8;3.54;2.51;0.4;1.53;5.33;36.3;20.5;2.2;3.1;10.7;0.32;0.11;0.08;0.1
25;100;0;0;0;17.54;2.45;6.73;6.08;6.21;0.369;81;16.93;10.59;3.76;0.66;2.12;4.04;180.7;138.3;30.2;4.2;8.1;4.92;0.68;0.26;0.35;0.11;0.12;0.057;19;1.57;0.73;0.5;0.1;0.33;2.69;42.4;34.6;1.8;0.7;5.4;0.06;0.03;0.02;0.02
25;100;0;0;50;18;2.48;7.05;6.29;6.33;0.362;80.6;17.61;11.01;3.92;0.64;2.16;4.26;179.6;135.9;30.9;4.3;8.5;4.79;0.91;0.27;0.37;0.14;0.15;0.066;19.4;1.78;0.76;0.62;0.1;0.33;2.79;43.1;35.1;1.8;0.7;5.6;0.06;0.05;0.02;0.02
25;100;0;0;100;18.47;2.66;7.55;6.62;6.7;0.356;79.7;18.96;11.63;4.32;0.74;2.33;4.51;177.2;131.8;31.7;4.7;9;4.69;1.32;0.29;0.41;0.16;0.16;0.07;20.3;1.79;0.81;0.6;0.09;0.33;3.04;45.2;36;2.5;0.7;6.1;0.06;0.07;0.02;0.02
25;100;0;50;0;17.92;2.6;7.29;6.12;6.15;0.371;83.8;16.68;10.42;3.64;0.65;2;4.35;180.7;137.5;30.5;4;8.7;4.89;0.66;0.25;0.34;0.18;0.22;0.064;16.2;2.97;1.35;0.92;0.19;0.61;2.94;34.9;26.1;1.8;1.2;5.9;0.12;0.03;0.03;0.04
25;100;0;50;50;18.52;2.91;8.37;6.35;6.32;0.359;83;17.72;10.98;3.97;0.69;2.14;4.99;179;133.8;30.9;4.3;10;4.76;0.93;0.26;0.37;0.26;0.29;0.07;17;3.88;1.74;1.32;0.21;0.77;3.38;36.7;26.6;1.7;1.5;6.8;0.15;0.05;0.04;0.05
25;100;0;50;100;19.26;3.26;9.44;6.74;6.72;0.354;81.9;19.08;11.78;4.42;0.74;2.3;5.7;177.3;129.3;32;4.6;11.4;4.57;1.46;0.28;0.41;0.38;0.38;0.072;18.1;4.98;2.26;1.55;0.27;0.95;3.73;39.2;27.4;2.5;1.9;7.5;0.2;0.07;0.05;0.06
25;100;0;100;0;18.28;2.76;8.15;6.22;6.13;0.369;86.8;16.71;10.43;3.74;0.62;1.94;4.86;180.7;136.6;30.4;3.9;9.7;4.87;0.68;0.25;0.33;0.28;0.31;0.067;13.2;4.33;1.9;1.42;0.26;0.82;3.29;27.5;17.5;1.8;1.6;6.6;0.18;0.03;0.04;0.06
25;100;0;100;50;19.2;3.5;9.81;6.39;6.38;0.352;85.7;18.26;11.33;4.17;0.69;2.34;5.95;179.5;131.6;31.3;4.7;11.9;4.7;1.01;0.29;0.38;0.43;0.44;0.07;14.3;6.1;2.77;1.93;0.33;1.16;3.86;29.8;18;1.8;2.3;7.7;0.25;0.05;0.06;0.08
25;100;0;100;100;20.13;3.8;10.86;6.74;6.71;0.349;84.4;19.39;11.97;4.36;0.79;2.4;6.56;176.6;126.2;32.5;4.8;13.1;4.45;1.55;0.3;0.41;0.52;0.54;0.072;15.6;7.28;3.29;2.35;0.4;1.4;4.3;32.5;18.6;2.5;2.8;8.6;0.3;0.07;0.08;0.09
25;100;50;0;0;18.12;2.94;8.5;8.37;8.38;0.378;80.3;22.31;13.97;4.99;0.85;2.61;5.06;181.4;135.4;30.7;5.2;10.1;6.67;0.93;0.33;0.45;0.13;0.15;0.065;19.7;1.76;0.77;0.59;0.09;0.33;3.44;44.5;35.2;1.8;0.7;6.9;0.06;0.05;0.02;0.03
25;100;50;0;50;18.64;3.18;9;8.67;8.78;0.374;79.4;23.64;14.81;5.21;0.91;2.86;5.47;179.3;131.1;31.6;5.7;10.9;6.49;1.46;0.35;0.47;0.15;0.17;0.071;20.6;1.85;0.82;0.6;0.09;0.33;3.53;46.4;36.1;2.6;0.7;7.1;0.06;0.07;0.01;0.02
25;100;50;0;100;19.29;3.41;9.42;9.19;9.1;0.369;78.5;24.79;15.55;5.45;0.93;3.01;5.68;175.9;126;32.5;6;11.4;6.22;2.01;0.37;0.5;0.19;0.21;0.079;21.5;2.07;0.96;0.66;0.11;0.4;3.74;48;37.2;2.5;0.8;7.5;0.06;0.1;0.02;0.02
25;100;50;50;0;18.83;3.38;9.39;8.42;8.42;0.371;82.9;22.81;14.4;5.01;0.84;2.79;5.59;181.1;132.9;31.4;5.6;11.2;6.61;1;0.36;0.45;0.21;0.23;0.068;17.1;3.04;1.37;1;0.16;0.59;3.8;37.3;26.8;1.7;1.2;7.6;0.12;0.05;0.03;0.04
25;100;50;50;50;19.52;3.69;10.53;8.59;8.7;0.366;81.7;23.91;14.89;5.39;0.93;2.9;6.35;179.1;128.4;32.2;5.8;12.7;6.28;1.55;0.37;0.49;0.3;0.33;0.075;18.3;4.1;1.85;1.34;0.2;0.79;4.18;40.1;27.5;2.7;1.6;8.4;0.16;0.08;0.04;0.06
25;100;50;50;100;20.28;3.96;11.51;9.08;9.12;0.368;81.9;24.91;15.49;5.62;0.99;2.95;6.82;191.7;122.6;49.5;5.9;13.6;6.04;2.2;0.36;0.51;0.4;0.41;0.076;18.1;5.19;2.39;1.64;0.31;1.01;4.68;42.3;28.4;2.5;2;9.4;0.2;0.09;0.05;0.07
25;100;50;100;0;19.38;3.56;10.36;8.47;8.45;0.369;85.9;23.07;14.34;5.07;0.94;2.74;6.27;180.5;130.8;31.7;5.5;12.5;6.51;1.14;0.35;0.46;0.32;0.32;0.069;14.1;4.41;2.03;1.42;0.28;0.82;4.09;29.7;18.1;1.8;1.6;8.2;0.18;0.04;0.04;0.06
25;100;50;100;50;20.2;4.16;11.75;8.76;8.74;0.364;85.6;24.14;15.13;5.34;0.92;2.94;7.17;194.4;125.2;49;5.9;14.3;6.15;1.72;0.37;0.51;0.46;0.47;0.072;14.4;6.32;2.83;2.07;0.34;1.21;4.58;32.7;18.7;2.4;2.4;9.2;0.26;0.07;0.06;0.09
25;100;50;100;100;21.23;4.68;13.04;8.97;9.09;0.362;84.3;25.25;15.63;5.65;0.95;3.18;7.69;190.6;118.6;50.3;6.4;15.4;5.84;2.33;0.4;0.52;0.51;0.57;0.073;15.7;7.69;3.45;2.51;0.44;1.5;5.35;35.4;19.4;2.3;3;10.7;0.32;0.09;0.07;0.09
25;100;100;0;0;19.06;3.55;10.02;9.83;9.79;0.371;80.5;26.58;16.69;5.91;1.03;3.2;6.01;194.6;128.3;47.9;6.4;12;7.3;1.53;0.41;0.55;0.15;0.16;0.068;19.5;1.85;0.83;0.62;0.1;0.35;4.01;47.1;36.7;1.7;0.7;8;0.06;0.06;0.01;0.02
25;100;100;0;50;19.74;3.8;10.31;10.28;10.2;0.371;79.6;27.66;17.45;6;1.02;3.43;6.21;192.5;123.5;49.6;6.9;12.4;7.01;2.21;0.43;0.56;0.2;0.2;0.08;20.4;2.05;0.92;0.65;0.11;0.37;4.1;49.1;37.7;2.5;0.7;8.2;0.07;0.09;0.02;0.03
25;100;100;0;100;20.17;3.89;10.72;10.67;10.62;0.371;78.9;28.79;18.03;6.37;1.11;3.51;6.43;188.9;118.2;50.8;7;12.9;6.7;2.89;0.44;0.59;0.24;0.24;0.092;21.1;2.15;1.02;0.65;0.13;0.38;4.28;50.5;38.8;2.4;0.8;8.6;0.07;0.13;0.02;0.03
25;100;100;50;0;19.57;3.81;10.83;9.76;9.82;0.37;83.2;26.72;16.65;5.92;1.03;3.2;6.53;194.6;126.4;48.7;6.4;13.1;7.19;1.7;0.39;0.54;0.24;0.26;0.074;16.8;3.23;1.5;1.02;0.16;0.61;4.3;39.3;27.8;1.7;1.2;8.6;0.12;0.06;0.04;0.04
25;100;100;50;50;20.62;4.29;11.94;10.06;10.21;0.365;81.9;28.13;17.42;6.27;1.11;3.49;7.19;192.3;120.5;50.5;7;14.4;6.85;2.34;0.43;0.59;0.36;0.35;0.078;18.1;4.27;1.97;1.38;0.22;0.8;4.75;42.3;28.8;2.4;1.6;9.5;0.16;0.09;0.04;0.05
25;100;100;50;100;21.34;4.57;12.94;10.69;10.67;0.369;80.8;29.06;18.22;6.38;1.12;3.54;7.7;188.2;113.7;52;7.1;15.4;6.45;3.2;0.44;0.59;0.46;0.46;0.08;19.2;5.47;2.51;1.78;0.31;1.03;5.25;44.7;29.9;2.3;2.1;10.5;0.21;0.12;0.05;0.07
25;100;100;100;0;20.3;4.26;12.01;9.62;9.8;0.364;85.9;27.09;16.76;6.09;1.05;3.35;7.22;194.4;123.9;49.4;6.7;14.4;7.05;1.79;0.41;0.56;0.36;0.35;0.072;14.1;4.71;2.17;1.52;0.25;0.91;4.78;31.9;18.8;1.6;1.8;9.6;0.19;0.06;0.04;0.06
25;100;100;100;50;21.23;4.71;13.49;10.09;10.08;0.36;84.3;28.14;17.53;6.35;1.07;3.41;8;191;117.1;51.2;6.8;16;6.64;2.44;0.42;0.58;0.46;0.51;0.074;15.7;6.7;3;2.18;0.38;1.3;5.49;35.4;19.5;2.3;2.6;11;0.27;0.08;0.06;0.09
25;100;100;100;100;22.41;5.05;14.8;10.67;10.72;0.363;83.4;29.68;18.47;6.69;1.14;3.54;8.89;188.2;110.1;53.2;7.1;17.8;6.24;3.4;0.45;0.63;0.56;0.63;0.077;16.6;7.97;3.6;2.6;0.43;1.51;5.91;37.4;20.3;2.3;3;11.8;0.33;0.12;0.08;0.1