StrengthRatio;AttackA_Verticality;DefenseA_DefensiveLine;AttackB_Verticality;DefenseB_DefensiveLine;Seq_CountersCount;Seq_CornersCount;Seq_LooseBallsCount;TeamA_Goals;TeamA_TotalXG;TeamA_XGPerShot;TeamA_PossessionShare;TeamA_ShotsTotal;TeamA_ShotsOnTarget;TeamA_ShotsBlocked;TeamA_ShotsWoodwork;TeamA_CornersWon;TeamA_LooseBallsWon;TeamA_PassesTotal;TeamA_PassesOpenPlay;TeamA_PassesCounterAttack;TeamA_PassesCorner;TeamA_PassesLooseBall;TeamA_XGOpenPlay;TeamA_XGCounterAttack;TeamA_XGCorner;TeamA_XGLooseBall;TeamB_Goals;TeamB_TotalXG;TeamB_XGPerShot;TeamB_PossessionShare;TeamB_ShotsTotal;TeamB_ShotsOnTarget;TeamB_ShotsBlocked;TeamB_ShotsWoodwork;TeamB_CornersWon;TeamB_LooseBallsWon;TeamB_PassesTotal;TeamB_PassesOpenPlay;TeamB_PassesCounterAttack;TeamB_PassesCorner;TeamB_PassesLooseBall;TeamB_XGOpenPlay;TeamB_XGCounterAttack;TeamB_XGCorner;TeamB_XGLooseBall
-3;0;0;0;0;13.73;1.84;5.37;0.58;0.57;0.119;45.4;4.65;2.23;1.46;0.24;0.8;2.55;162.6;146.3;9.6;1.6;5.1;0.27;0.17;0.05;0.07;0.81;0.83;0.134;54.6;6.14;2.99;1.86;0.34;1.04;2.82;195.5;173.3;14.5;2.1;5.6;0.41;0.25;0.08;0.1
-3;0;0;0;50;13.23;2.01;5.77;0.57;0.58;0.124;46;4.53;2.19;1.34;0.24;0.75;2.84;164.5;149;8.4;1.5;5.7;0.27;0.19;0.05;0.07;0.91;0.99;0.137;54;7.17;3.47;2.18;0.39;1.26;2.93;193.1;170.1;14.6;2.5;5.9;0.43;0.35;0.09;0.11
-3;0;0;0;100;13.05;2.23;6.32;0.62;0.63;0.131;45.7;4.77;2.37;1.42;0.23;0.86;3.12;167;151.9;7.2;1.7;6.2;0.29;0.21;0.06;0.07;1.12;1.14;0.139;54.3;8.18;4.02;2.51;0.39;1.37;3.2;198.5;166.6;22.7;2.7;6.4;0.41;0.5;0.1;0.13
-3;0;0;50;0;15.52;2.42;6.84;0.66;0.64;0.119;51.2;5.29;2.58;1.65;0.29;0.93;3.33;164.7;143.4;12.7;1.9;6.7;0.27;0.22;0.06;0.09;1.2;1.2;0.14;48.8;8.54;4.27;2.54;0.44;1.49;3.51;156.9;132.7;14.3;3;7;0.72;0.25;0.1;0.13
-3;0;0;50;50;15.41;2.89;8.18;0.72;0.73;0.127;51.1;5.61;2.77;1.66;0.3;0.98;4.04;165.8;143.9;11.9;2;8.1;0.28;0.29;0.07;0.09;1.6;1.62;0.144;48.9;11.2;5.57;3.33;0.58;1.91;4.14;158.4;132.3;14;3.8;8.3;0.97;0.33;0.14;0.18
-3;0;0;50;100;15.39;3.29;9.7;0.71;0.78;0.136;50.2;5.61;2.7;1.74;0.26;0.94;4.82;167.9;145.8;10.5;1.9;9.6;0.27;0.35;0.07;0.09;2.19;2.12;0.146;49.8;14.46;7.13;4.29;0.75;2.35;4.88;166.8;130.5;21.9;4.7;9.8;1.23;0.49;0.17;0.23
-3;0;0;100;0;17.44;2.91;8.13;0.7;0.72;0.118;59;5.99;2.9;1.83;0.3;1.07;3.98;166.9;140.7;16.1;2.1;8;0.27;0.28;0.07;0.1;1.48;1.54;0.144;41;10.69;5.31;3.13;0.57;1.84;4.14;115.8;90;13.9;3.7;8.3;1;0.23;0.13;0.18
-3;0;0;100;50;17.62;3.65;10.26;0.81;0.8;0.128;58.2;6.21;3;1.89;0.34;1.06;5.02;167.2;140.1;15;2.1;10;0.27;0.37;0.07;0.09;2.21;2.21;0.147;41.8;14.98;7.44;4.46;0.77;2.6;5.24;119.9;90.4;13.9;5.2;10.5;1.46;0.33;0.19;0.24
-3;0;0;100;100;17.53;4.23;12.06;0.94;0.93;0.138;56.6;6.67;3.25;2.01;0.34;1.13;5.89;168.7;140.9;13.8;2.3;11.8;0.27;0.49;0.07;0.1;2.77;2.74;0.149;43.4;18.44;9.08;5.52;0.92;3.1;6.17;129.5;89.8;21.2;6.2;12.3;1.74;0.48;0.23;0.3
-3;0;50;0;0;13.18;2.05;5.72;0.63;0.65;0.123;45.5;5.17;2.54;1.58;0.25;0.92;2.77;162.8;146.2;9.3;1.8;5.5;0.29;0.22;0.06;0.08;0.89;0.92;0.142;54.5;6.39;3.17;1.93;0.36;1.13;2.95;195.1;173.5;13.5;2.3;5.9;0.41;0.31;0.08;0.1
-3;0;50;0;50;13.1;2.22;6.36;0.72;0.73;0.13;46;5.49;2.66;1.74;0.26;0.96;3.08;164.9;148.4;8.4;1.9;6.2;0.31;0.28;0.06;0.08;1.13;1.1;0.145;54;7.53;3.77;2.24;0.41;1.25;3.28;193.8;170.8;13.9;2.5;6.6;0.42;0.47;0.09;0.12
-3;0;50;0;100;12.57;2.28;6.77;0.79;0.78;0.142;45.8;5.4;2.68;1.67;0.28;0.9;3.32;166.9;151.3;7.2;1.8;6.6;0.31;0.33;0.06;0.08;1.3;1.35;0.16;54.2;8.41;4.14;2.57;0.42;1.38;3.45;197.7;167.3;20.8;2.8;6.9;0.41;0.71;0.09;0.13
-3;0;50;50;0;15.26;2.47;7.47;0.8;0.77;0.123;50.8;6.19;3.02;1.82;0.34;1.05;3.59;163.5;141.4;12.8;2.1;7.2;0.28;0.32;0.07;0.09;1.32;1.3;0.146;49.2;8.91;4.35;2.72;0.45;1.42;3.88;158.2;134.5;13.1;2.8;7.8;0.76;0.31;0.09;0.14
-3;0;50;50;50;15.06;3.2;8.77;0.83;0.86;0.133;50.9;6.39;3.11;1.88;0.34;1.13;4.28;165.4;142.9;11.6;2.3;8.6;0.29;0.4;0.08;0.09;1.8;1.79;0.149;49.1;11.94;6.03;3.54;0.6;2.07;4.5;159.3;133.1;13.1;4.1;9;1.01;0.43;0.15;0.19
-3;0;50;50;100;14.97;3.56;10.19;0.93;0.96;0.147;50.8;6.45;3.18;1.96;0.31;1.08;5.04;172.2;144.4;15.6;2.2;10.1;0.28;0.5;0.07;0.1;2.34;2.33;0.158;49.2;14.72;7.48;4.28;0.75;2.49;5.16;167.1;131.7;20;5;10.3;1.24;0.68;0.18;0.23
-3;0;50;100;0;17.2;2.99;8.79;0.85;0.91;0.128;58.6;7.05;3.34;2.23;0.38;1.21;4.29;165.6;138.5;16.2;2.4;8.6;0.28;0.45;0.08;0.11;1.66;1.63;0.148;41.4;10.98;5.49;3.25;0.57;1.78;4.5;116.7;91.3;12.8;3.6;9;1.02;0.31;0.13;0.17
-3;0;50;100;50;17.41;3.9;11.22;1.07;1.07;0.139;58.9;7.61;3.73;2.3;0.41;1.29;5.46;173.9;137.6;22.8;2.6;10.9;0.28;0.59;0.09;0.11;2.33;2.36;0.151;41.1;15.65;7.74;4.64;0.81;2.61;5.76;121.5;91.8;12.9;5.2;11.5;1.49;0.43;0.18;0.26
-3;0;50;100;100;17.54;4.43;12.91;1.28;1.22;0.152;57.2;8.01;4.15;2.32;0.39;1.37;6.3;174.7;137.6;21.8;2.7;12.6;0.26;0.75;0.09;0.12;2.83;2.93;0.157;42.8;18.66;9.26;5.57;0.97;3.06;6.61;130.7;91.8;19.6;6.1;13.2;1.75;0.67;0.21;0.3
-3;0;100;0;0;12.92;2.18;6.16;0.77;0.77;0.128;46;5.96;2.9;1.8;0.32;1.02;2.98;167.2;145;14.2;2;6;0.3;0.31;0.07;0.09;1.02;0.97;0.146;54;6.62;3.37;1.95;0.32;1.16;3.17;196.1;174.9;12.5;2.3;6.3;0.41;0.38;0.08;0.1
-3;0;100;0;50;12.35;2.31;6.58;0.89;0.88;0.144;46.6;6.02;2.98;1.77;0.33;1.04;3.22;168.8;147.9;12.4;2.1;6.4;0.31;0.42;0.07;0.09;1.24;1.23;0.159;53.4;7.67;3.84;2.3;0.4;1.27;3.36;193.2;171.5;12.5;2.5;6.7;0.41;0.6;0.09;0.12
-3;0;100;0;100;12.07;2.42;7.02;0.93;0.93;0.154;46.4;6.03;3.06;1.77;0.31;1.01;3.44;170.6;151.1;10.6;2;6.9;0.32;0.45;0.07;0.09;1.45;1.51;0.171;53.6;8.8;4.43;2.65;0.41;1.41;3.58;197;167.5;19.5;2.8;7.2;0.42;0.84;0.11;0.15
-3;0;100;50;0;14.84;2.8;8.07;0.96;0.99;0.134;51.6;7.31;3.56;2.23;0.37;1.29;3.96;169.6;139.7;19.4;2.6;7.9;0.29;0.49;0.09;0.11;1.3;1.37;0.149;48.4;9.2;4.51;2.72;0.51;1.52;4.11;159.3;136.1;12;3;8.2;0.76;0.35;0.11;0.15
-3;0;100;50;50;14.68;3.32;9.29;1.09;1.1;0.149;51.5;7.34;3.62;2.19;0.4;1.28;4.55;170.5;141.1;17.7;2.6;9.1;0.29;0.62;0.08;0.11;1.93;1.92;0.158;48.5;12.16;6.25;3.44;0.65;2.04;4.75;160.3;134.8;11.9;4.1;9.5;1.01;0.57;0.14;0.2
-3;0;100;50;100;14.76;3.74;10.87;1.23;1.25;0.166;50.3;7.48;3.73;2.2;0.38;1.23;5.24;171.1;141.9;16.3;2.5;10.5;0.29;0.77;0.08;0.11;2.39;2.49;0.164;49.7;15.2;7.57;4.56;0.76;2.51;5.63;168.7;134.1;18.3;5;11.3;1.27;0.8;0.18;0.24
-3;0;100;100;0;17;3.29;9.57;1.13;1.13;0.134;59.2;8.4;4.08;2.57;0.42;1.47;4.58;172.1;135.2;24.9;2.9;9.2;0.28;0.64;0.09;0.12;1.69;1.7;0.15;40.8;11.29;5.56;3.43;0.52;1.82;4.99;118.5;93.3;11.6;3.6;10;1.04;0.34;0.14;0.18
-3;0;100;100;50;17.09;4.26;11.88;1.33;1.37;0.152;58.3;8.98;4.49;2.72;0.44;1.53;5.81;172;133.9;23.4;3.1;11.6;0.28;0.86;0.1;0.14;2.46;2.48;0.157;41.7;15.8;7.98;4.64;0.78;2.73;6.07;122.9;94.1;11.2;5.5;12.1;1.52;0.53;0.19;0.25
-3;0;100;100;100;17.03;4.65;13.36;1.52;1.57;0.17;56.8;9.17;4.64;2.7;0.45;1.48;6.57;172.5;134.7;21.7;3;13.1;0.28;1.06;0.1;0.13;3;3.08;0.161;43.2;19.06;9.54;5.68;0.9;3.17;6.78;130.8;93.6;17.3;6.3;13.6;1.81;0.75;0.23;0.29
-3;50;0;0;0;15.65;2.28;6.64;0.81;0.83;0.124;40;6.61;3.2;2.03;0.35;1.18;3.23;130.6;112.6;9.1;2.4;6.5;0.49;0.15;0.08;0.1;0.91;0.91;0.131;60;6.84;3.29;2.06;0.36;1.09;3.41;195.7;168.6;18.2;2.2;6.8;0.4;0.31;0.08;0.12
-3;50;0;0;50;15.52;2.55;7.57;0.82;0.88;0.128;40.6;6.83;3.32;2.07;0.38;1.18;3.75;132.7;114.8;8.1;2.4;7.5;0.51;0.19;0.08;0.11;1.08;1.1;0.134;59.4;8.18;3.93;2.52;0.43;1.37;3.81;193.9;165.1;18.5;2.7;7.6;0.41;0.46;0.09;0.13
-3;50;0;0;100;15.56;2.84;8.23;0.89;0.9;0.13;40.3;6.89;3.31;2.18;0.36;1.15;4.03;135.3;118;6.9;2.3;8.1;0.52;0.21;0.07;0.11;1.42;1.41;0.143;59.7;9.84;4.92;2.87;0.52;1.69;4.2;200.5;159.9;28.8;3.4;8.4;0.41;0.73;0.11;0.16
-3;50;0;50;0;17.44;2.82;8.04;0.82;0.86;0.122;45.5;7.01;3.38;2.16;0.35;1.19;3.88;132.5;110.2;12.2;2.4;7.8;0.47;0.21;0.08;0.11;1.25;1.33;0.139;54.5;9.51;4.59;2.87;0.47;1.63;4.17;158.9;129.4;17.9;3.3;8.3;0.74;0.31;0.12;0.15
-3;50;0;50;50;17.57;3.4;9.77;0.93;0.97;0.128;45.5;7.51;3.63;2.3;0.4;1.31;4.7;134.2;110.8;11.4;2.6;9.4;0.5;0.27;0.09;0.11;1.71;1.74;0.142;54.5;12.26;6.09;3.72;0.6;2.09;5.07;160.9;128.7;17.9;4.2;10.1;0.96;0.44;0.14;0.2
-3;50;0;50;100;17.58;4;11.23;1.04;1.02;0.134;44.5;7.54;3.69;2.29;0.39;1.31;5.43;136.7;113.1;10.1;2.6;10.9;0.49;0.33;0.09;0.11;2.3;2.32;0.148;55.5;15.6;7.78;4.69;0.81;2.69;5.79;170.2;125.8;27.4;5.4;11.6;1.18;0.69;0.19;0.25
-3;50;0;100;0;19.27;3.27;9.49;0.95;0.96;0.121;53.2;7.85;3.78;2.4;0.43;1.36;4.61;135.2;107.6;15.7;2.7;9.2;0.48;0.27;0.09;0.12;1.54;1.59;0.142;46.8;11.21;5.51;3.39;0.55;1.91;4.88;118.9;88.2;17.1;3.8;9.8;0.99;0.29;0.13;0.18
-3;50;0;100;50;19.52;4;11.83;1.03;1.06;0.128;52.7;8.18;3.93;2.56;0.41;1.4;5.75;136.9;108;14.7;2.8;11.5;0.47;0.37;0.09;0.12;2.31;2.31;0.145;47.3;15.92;7.84;4.83;0.83;2.6;6.08;122.8;88;17.4;5.2;12.2;1.42;0.44;0.19;0.26
-3;50;0;100;100;19.63;4.71;13.56;1.1;1.19;0.136;50.8;8.68;4.11;2.74;0.47;1.46;6.62;138.5;108.8;13.5;2.9;13.2;0.48;0.48;0.1;0.13;2.86;2.87;0.15;49.2;19.18;9.5;5.73;0.99;3.24;6.94;134;87.3;26.3;6.5;13.9;1.67;0.66;0.23;0.31
-3;50;50;0;0;15.64;2.78;8.05;1.11;1.15;0.126;40.5;9.05;4.32;2.82;0.47;1.55;3.92;133.3;113.1;9.3;3.1;7.8;0.69;0.22;0.1;0.14;0.98;1.01;0.139;59.5;7.2;3.52;2.15;0.41;1.23;4.13;195.7;167.9;17.1;2.5;8.3;0.39;0.42;0.08;0.12
-3;50;50;0;50;15.41;3.1;8.85;1.17;1.21;0.131;41.5;9.19;4.42;2.85;0.5;1.58;4.41;136.1;116.2;8;3.2;8.8;0.7;0.26;0.1;0.14;1.26;1.27;0.144;58.5;8.77;4.43;2.56;0.42;1.52;4.43;192.3;162.9;17.6;3;8.9;0.4;0.61;0.12;0.14
-3;50;50;0;100;15.12;3.27;9.49;1.24;1.28;0.137;40.9;9.29;4.5;2.87;0.5;1.58;4.63;137.6;118.3;6.8;3.2;9.3;0.71;0.33;0.1;0.15;1.56;1.62;0.161;59.1;10.05;5.08;2.96;0.49;1.69;4.85;199.2;159.4;26.7;3.4;9.7;0.4;0.95;0.12;0.15
-3;50;50;50;0;17.47;3.29;9.73;1.17;1.23;0.126;46;9.71;4.58;3.04;0.55;1.68;4.73;135.4;110.4;12.2;3.4;9.5;0.66;0.3;0.11;0.15;1.43;1.42;0.144;54;9.81;4.81;3.01;0.51;1.6;5;159.3;129.2;16.9;3.2;10;0.73;0.41;0.12;0.16
-3;50;50;50;50;17.48;3.93;11.23;1.31;1.32;0.131;46.1;10;4.87;3.07;0.54;1.75;5.53;137.4;111.6;11.2;3.5;11.1;0.67;0.39;0.11;0.15;1.92;1.89;0.148;53.9;12.77;6.4;3.77;0.68;2.18;5.71;160.4;127.7;16.9;4.4;11.4;0.94;0.59;0.15;0.2
-3;50;50;50;100;17.75;4.38;12.76;1.37;1.43;0.14;45.9;10.13;4.91;3.12;0.5;1.68;6.22;144.6;113.4;15.4;3.4;12.4;0.67;0.5;0.1;0.16;2.54;2.56;0.158;54.1;16.1;8.16;4.68;0.83;2.7;6.54;170.2;125.6;26.1;5.4;13.1;1.18;0.94;0.19;0.25
-3;50;50;100;0;19.51;3.85;11.04;1.32;1.4;0.129;53.4;10.85;5.24;3.33;0.56;1.92;5.46;137.7;106.8;16.1;3.8;10.9;0.64;0.47;0.12;0.17;1.65;1.67;0.146;46.6;11.4;5.69;3.41;0.56;1.93;5.58;120.1;88.9;16.2;3.9;11.2;0.97;0.38;0.13;0.19
-3;50;50;100;50;19.69;4.64;13.38;1.47;1.5;0.136;54.3;10.94;5.43;3.29;0.55;1.92;6.67;146.9;107.6;22.1;3.8;13.3;0.63;0.58;0.13;0.16;2.44;2.45;0.15;45.7;16.36;8.17;4.89;0.89;2.72;6.71;123.7;88.3;16.6;5.4;13.4;1.41;0.58;0.2;0.26
-3;50;50;100;100;19.37;5.14;14.98;1.61;1.63;0.143;52.1;11.33;5.57;3.34;0.58;1.88;7.21;146.2;107.9;20.1;3.8;14.4;0.65;0.69;0.12;0.17;3.08;3.13;0.158;47.9;19.82;9.98;5.84;0.99;3.27;7.77;134.5;88;24.4;6.5;15.5;1.71;0.86;0.24;0.32
-3;50;100;0;0;15.47;3.18;9.34;1.55;1.51;0.129;41.8;11.66;5.66;3.6;0.6;1.97;4.57;140.3;113.2;14;3.9;9.1;0.88;0.32;0.13;0.18;1.15;1.12;0.149;58.2;7.49;3.7;2.25;0.35;1.21;4.76;195.7;167.7;16.1;2.4;9.5;0.38;0.53;0.09;0.12
-3;50;100;0;50;15.39;3.45;10.07;1.55;1.6;0.137;41.3;11.62;5.74;3.48;0.61;2.03;4.92;141.8;115.9;12;4.1;9.8;0.89;0.41;0.13;0.18;1.46;1.44;0.16;58.7;8.98;4.51;2.67;0.47;1.42;5.15;201.3;163.2;24.9;2.8;10.3;0.39;0.8;0.11;0.14
-3;50;100;0;100;15.12;3.69;10.84;1.61;1.7;0.141;42.3;11.99;5.83;3.61;0.64;2.06;5.32;144.4;119.3;10.4;4.1;10.6;0.93;0.45;0.13;0.19;1.85;1.86;0.179;57.7;10.37;5.37;2.94;0.52;1.63;5.52;197.3;157.8;25.2;3.3;11;0.39;1.18;0.12;0.16
-3;50;100;50;0;17.35;3.9;11.01;1.61;1.64;0.132;47.1;12.39;6.07;3.74;0.61;2.15;5.39;143.1;109.3;18.7;4.3;10.8;0.84;0.47;0.14;0.19;1.5;1.52;0.151;52.9;10.01;4.97;3.01;0.53;1.74;5.61;160.8;130.6;15.5;3.5;11.2;0.73;0.51;0.13;0.15
-3;50;100;50;50;17.51;4.26;12.47;1.78;1.78;0.14;46.2;12.63;6.21;3.79;0.66;2.11;6.07;145;111.6;17;4.2;12.1;0.85;0.6;0.14;0.19;2.11;2.09;0.158;53.8;13.16;6.57;3.9;0.67;2.15;6.4;168.8;127.7;24;4.3;12.8;0.94;0.79;0.15;0.21
-3;50;100;50;100;17.29;4.76;13.89;1.88;1.91;0.15;46;12.73;6.31;3.79;0.68;2.12;6.75;145.4;112.4;15.3;4.2;13.5;0.85;0.73;0.15;0.19;2.69;2.76;0.169;54;16.27;8.3;4.73;0.83;2.65;7.14;170.4;126.8;24.1;5.3;14.3;1.2;1.12;0.19;0.25
-3;50;100;100;0;19.49;4.39;12.62;1.86;1.81;0.132;54.7;13.64;6.66;4.14;0.74;2.35;6.09;147.1;106.1;24.1;4.7;12.2;0.82;0.63;0.16;0.2;1.83;1.85;0.152;45.3;12.16;6.02;3.61;0.59;2.04;6.53;121.8;89.5;15.2;4.1;13.1;0.99;0.52;0.15;0.19
-3;50;100;100;50;19.43;5.2;14.71;1.95;2.02;0.144;52.8;14;6.95;4.25;0.69;2.49;7.16;148;106.1;22.6;5;14.3;0.82;0.82;0.17;0.2;2.64;2.61;0.158;47.2;16.55;8.29;4.87;0.84;2.71;7.55;132.4;89.5;22.4;5.4;15.1;1.43;0.74;0.19;0.25
-3;50;100;100;100;19.5;5.59;16.28;2.12;2.19;0.155;52.7;14.15;7.11;4.18;0.7;2.44;8.06;149.1;107.4;20.7;4.9;16.1;0.83;1;0.16;0.21;3.29;3.29;0.166;47.3;19.79;9.9;5.9;0.93;3.15;8.22;133.9;88.4;22.8;6.3;16.4;1.7;1.07;0.21;0.31
-3;100;0;0;0;17.64;2.64;7.93;0.96;1.04;0.125;32.7;8.25;3.93;2.58;0.47;1.39;3.92;96;76.2;9.2;2.8;7.8;0.65;0.16;0.09;0.14;0.95;0.97;0.13;67.3;7.42;3.56;2.33;0.41;1.25;4.01;198;166.1;21.4;2.5;8;0.39;0.37;0.09;0.12
-3;100;0;0;50;17.61;3;8.71;1.05;1.1;0.129;33.5;8.53;4.12;2.62;0.49;1.49;4.2;97.8;78.7;7.8;3;8.4;0.68;0.19;0.1;0.13;1.24;1.26;0.137;66.5;9.13;4.37;2.8;0.48;1.51;4.51;194.3;160.3;22;3;9;0.38;0.63;0.1;0.15
-3;100;0;0;100;17.59;3.37;9.74;1.15;1.12;0.13;33;8.54;4.22;2.54;0.42;1.49;4.65;99.9;81;6.6;3;9.3;0.7;0.2;0.09;0.12;1.53;1.59;0.143;67;11.09;5.49;3.4;0.61;1.88;5.09;202.7;154.6;34.2;3.8;10.2;0.38;0.89;0.13;0.19
-3;100;0;50;0;19.53;3.21;9.14;1.04;1.1;0.124;38.1;8.8;4.3;2.6;0.46;1.57;4.48;99.2;74.6;12.5;3.1;9;0.64;0.21;0.1;0.14;1.33;1.34;0.137;61.9;9.78;4.82;2.9;0.52;1.65;4.66;161.3;127.6;21.1;3.3;9.3;0.71;0.35;0.12;0.16
-3;100;0;50;50;19.52;3.84;11.06;1.18;1.17;0.129;38.6;9.08;4.4;2.81;0.47;1.56;5.41;101.3;76.4;10.9;3.1;10.8;0.67;0.26;0.1;0.14;1.86;1.91;0.144;61.4;13.29;6.62;3.9;0.7;2.28;5.65;161.5;124.3;21.3;4.6;11.3;0.93;0.61;0.16;0.22
-3;100;0;50;100;19.75;4.5;12.79;1.2;1.25;0.134;37.4;9.33;4.57;2.81;0.48;1.65;6.26;103.4;77.8;9.9;3.3;12.5;0.67;0.33;0.11;0.15;2.5;2.47;0.147;62.6;16.79;8.34;5.09;0.87;2.86;6.53;173.4;121.8;32.8;5.7;13.1;1.16;0.85;0.2;0.27
-3;100;0;100;0;21.15;3.64;10.43;1.13;1.16;0.123;45.7;9.4;4.51;2.88;0.49;1.68;5.11;102.3;73.4;15.4;3.4;10.2;0.63;0.28;0.11;0.15;1.63;1.65;0.14;54.3;11.72;5.79;3.56;0.61;1.96;5.32;121.7;86.4;20.7;3.9;10.6;0.96;0.35;0.15;0.2
-3;100;0;100;50;21.42;4.43;12.87;1.21;1.27;0.129;45.4;9.78;4.76;2.92;0.51;1.69;6.28;104.3;73.8;14.6;3.4;12.6;0.64;0.36;0.11;0.15;2.33;2.41;0.146;54.6;16.43;8.09;4.98;0.82;2.74;6.59;125.3;85.9;20.7;5.5;13.2;1.37;0.57;0.19;0.27
-3;100;0;100;100;21.55;5.05;14.95;1.3;1.39;0.135;43.6;10.23;4.94;3.06;0.57;1.76;7.34;106.6;75.4;13;3.5;14.7;0.66;0.45;0.11;0.16;2.96;3.01;0.149;56.4;20.25;10.08;6.12;0.96;3.28;7.61;137.7;84;32;6.6;15.2;1.62;0.83;0.23;0.33
-3;100;50;0;0;17.99;3.47;9.97;1.45;1.51;0.127;33.9;11.83;5.72;3.64;0.65;2.06;4.83;100.6;77.9;8.9;4.1;9.7;0.98;0.21;0.13;0.19;1.15;1.16;0.138;66.1;8.36;4.08;2.47;0.44;1.41;5.13;196.1;162.1;21;2.8;10.3;0.39;0.53;0.1;0.14
-3;100;50;0;50;17.88;3.76;10.86;1.57;1.6;0.13;33.6;12.18;5.94;3.58;0.67;2.1;5.37;102.6;80.1;7.6;4.2;10.7;1.01;0.25;0.14;0.19;1.5;1.5;0.149;66.4;10.05;4.98;3.04;0.52;1.67;5.48;203.2;156.6;32.3;3.3;11;0.39;0.84;0.12;0.16
-3;100;50;0;100;17.84;4.21;11.89;1.68;1.71;0.135;34.7;12.61;6.21;3.75;0.64;2.23;5.9;105.6;82.8;6.5;4.5;11.8;1.06;0.3;0.15;0.2;1.86;1.92;0.161;65.3;11.91;5.97;3.54;0.61;1.98;5.99;199;150.1;32.9;4;12;0.38;1.22;0.14;0.19
-3;100;50;50;0;19.77;3.93;11.29;1.51;1.56;0.126;39;12.31;5.87;3.86;0.59;2.1;5.51;103.1;75.9;11.9;4.2;11;0.94;0.3;0.13;0.19;1.46;1.5;0.142;61;10.52;5.27;3.1;0.53;1.83;5.77;161;125.2;20.5;3.7;11.5;0.68;0.52;0.13;0.17
-3;100;50;50;50;19.41;4.57;13.27;1.65;1.71;0.131;38;13.03;6.26;4.08;0.68;2.21;6.47;105.2;77.2;10.7;4.4;12.9;0.99;0.37;0.15;0.2;2.04;2.11;0.151;62;13.97;6.97;4.11;0.74;2.37;6.8;171.7;122.8;30.5;4.7;13.6;0.92;0.8;0.17;0.22
-3;100;50;50;100;19.74;5.07;14.69;1.76;1.77;0.137;39.5;12.88;6.33;3.87;0.66;2.21;7.19;111.9;79.1;14;4.4;14.4;1;0.44;0.14;0.19;2.74;2.76;0.159;60.5;17.34;8.63;5.17;0.91;2.86;7.5;171.7;119.4;31.7;5.7;15;1.15;1.15;0.2;0.27
-3;100;50;100;0;21.44;4.24;12.76;1.69;1.71;0.129;46.3;13.22;6.36;4.07;0.71;2.23;6.22;105.8;73.8;15.1;4.5;12.4;0.93;0.43;0.16;0.2;1.78;1.8;0.145;53.7;12.42;6.17;3.75;0.65;2.01;6.54;122.9;85.9;19.9;4;13.1;0.95;0.51;0.14;0.2
-3;100;50;100;50;21.8;5.25;15.25;1.84;1.86;0.134;46;13.81;6.77;4.22;0.72;2.36;7.51;116;74.6;21.7;4.7;15;0.94;0.56;0.15;0.21;2.6;2.62;0.152;54;17.25;8.65;5.09;0.89;2.89;7.74;136.3;85;30;5.8;15.5;1.35;0.78;0.21;0.28
-3;100;50;100;100;21.4;5.88;16.9;1.98;1.98;0.14;45.7;14.08;7.02;4.24;0.67;2.42;8.21;115.9;75.8;18.8;4.8;16.4;0.97;0.64;0.16;0.21;3.37;3.33;0.158;54.3;21.01;10.59;6.25;1.06;3.45;8.69;138;83.4;30.3;6.9;17.4;1.64;1.1;0.25;0.35
-3;100;100;0;0;17.84;3.94;11.55;1.89;1.88;0.129;35.5;14.57;7.08;4.46;0.77;2.48;5.49;107.7;78.2;13.5;5;11;1.2;0.3;0.17;0.21;1.33;1.33;0.149;64.5;8.9;4.42;2.67;0.43;1.46;6.06;196;161.3;19.7;2.9;12.1;0.38;0.7;0.11;0.15
-3;100;100;0;50;17.73;4.27;12.3;1.9;2;0.135;35.1;14.73;7.12;4.44;0.84;2.54;5.96;109;80.8;11.2;5.1;11.9;1.23;0.38;0.17;0.22;1.77;1.7;0.161;64.9;10.53;5.32;3.07;0.53;1.73;6.33;201.8;155.2;30.5;3.5;12.7;0.37;1.03;0.13;0.16
-3;100;100;0;100;17.84;4.67;13.35;2.04;2.1;0.138;35.9;15.2;7.46;4.6;0.8;2.63;6.44;111.2;83.3;9.7;5.3;12.9;1.28;0.41;0.17;0.24;2.19;2.25;0.18;64.1;12.44;6.47;3.56;0.6;2.05;6.9;198.4;148.9;31.6;4.1;13.8;0.38;1.53;0.13;0.21
-3;100;100;50;0;19.77;4.55;12.99;2.01;2.03;0.131;41.2;15.47;7.57;4.68;0.79;2.7;6.45;112.7;76;18.4;5.4;12.9;1.16;0.46;0.17;0.24;1.68;1.66;0.15;58.8;11.03;5.55;3.26;0.54;1.85;6.55;161.1;125.1;19.2;3.7;13.1;0.69;0.67;0.13;0.17
-3;100;100;50;50;19.53;5;14.41;2.15;2.16;0.138;39.8;15.64;7.65;4.71;0.83;2.69;7.07;113;77.5;16;5.4;14.1;1.18;0.57;0.18;0.24;2.38;2.29;0.159;60.2;14.4;7.28;4.19;0.73;2.32;7.33;171.2;122.3;29.6;4.6;14.7;0.91;1;0.17;0.22
-3;100;100;50;100;19.73;5.75;16.16;2.23;2.3;0.144;40.2;15.88;7.95;4.73;0.82;2.79;7.91;115.1;79.4;14.4;5.6;15.8;1.2;0.68;0.18;0.24;3.07;3.1;0.172;59.8;18;9.22;5.22;0.88;2.96;8.24;171.6;119;30.3;5.9;16.5;1.14;1.47;0.22;0.28
-3;100;100;100;0;21.32;4.91;14.34;2.09;2.16;0.132;48.3;16.34;7.87;4.99;0.86;2.8;7.01;116;73.3;23;5.6;14;1.12;0.6;0.18;0.26;2.04;1.96;0.151;51.7;12.92;6.47;3.78;0.65;2.12;7.33;123.9;86.5;18.5;4.2;14.7;0.95;0.65;0.15;0.2
-3;100;100;100;50;21.47;5.82;16.64;2.24;2.33;0.14;46.2;16.52;8.15;4.98;0.83;2.83;8.05;117.3;74.2;21.4;5.7;16.1;1.12;0.77;0.19;0.25;2.87;2.83;0.158;53.8;17.84;9.03;5.24;0.89;2.99;8.59;136.9;85.5;28.3;6;17.2;1.37;0.95;0.22;0.28
-3;100;100;100;100;21.6;6.3;18.35;2.52;2.55;0.149;46.4;17.11;8.4;5.24;0.89;2.83;9.04;119.2;76;19.4;5.7;18.1;1.16;0.94;0.18;0.27;3.61;3.59;0.169;53.6;21.2;10.87;6.13;1.03;3.46;9.31;137.6;83.2;28.8;6.9;18.6;1.59;1.41;0.26;0.32
-2;0;0;0;0;13.51;1.81;5.16;0.59;0.59;0.12;47;4.79;2.24;1.48;0.25;0.8;2.56;168;150.9;10.4;1.6;5.1;0.28;0.18;0.06;0.07;0.75;0.76;0.129;53;5.75;2.83;1.72;0.31;1.01;2.6;189.8;168.9;13.6;2;5.2;0.37;0.22;0.07;0.09
-2;0;0;0;50;13.39;1.96;5.63;0.67;0.63;0.126;47.4;4.89;2.38;1.45;0.26;0.82;2.75;169.9;153.4;9.4;1.6;5.5;0.29;0.21;0.06;0.07;0.95;0.9;0.132;52.6;6.73;3.29;2.05;0.33;1.13;2.88;188.3;166.2;14.1;2.3;5.8;0.37;0.33;0.08;0.11
-2;0;0;0;100;13.09;2.25;6.32;0.72;0.68;0.13;47.2;5.13;2.57;1.5;0.26;0.92;3.19;172.5;156.3;8;1.8;6.4;0.3;0.24;0.06;0.08;1.08;1.07;0.135;52.8;7.84;3.87;2.36;0.39;1.33;3.13;193.1;162.8;21.4;2.7;6.3;0.38;0.48;0.09;0.12
-2;0;0;50;0;15.54;2.38;6.75;0.64;0.65;0.118;52.8;5.36;2.58;1.62;0.3;0.94;3.31;170.5;148.3;13.7;1.9;6.6;0.28;0.23;0.06;0.08;1.15;1.14;0.136;47.2;8.38;4.17;2.46;0.46;1.44;3.44;152.1;128.8;13.5;2.9;6.9;0.68;0.22;0.1;0.14
-2;0;0;50;50;15.41;2.83;8.37;0.69;0.73;0.127;52.6;5.7;2.7;1.79;0.31;0.95;4.06;171.1;148.6;12.5;1.9;8.1;0.29;0.3;0.06;0.09;1.54;1.53;0.138;47.4;11.02;5.37;3.45;0.58;1.87;4.32;154.4;128.6;13.4;3.7;8.6;0.9;0.32;0.13;0.18
-2;0;0;50;100;15.45;3.43;9.83;0.87;0.84;0.137;51.4;6.06;3.01;1.9;0.27;1.03;4.84;172.4;149.1;11.6;2.1;9.7;0.28;0.39;0.07;0.1;1.97;1.99;0.141;48.6;14.08;6.91;4.24;0.76;2.4;4.99;163.3;128.2;20.3;4.8;10;1.14;0.45;0.17;0.23
-2;0;0;100;0;17.52;2.75;8.1;0.74;0.74;0.118;60.4;6.13;2.98;1.85;0.32;1.06;3.96;172;145.3;16.7;2.1;7.9;0.28;0.29;0.08;0.1;1.42;1.43;0.137;39.6;10.36;5.04;3.17;0.51;1.69;4.14;112.9;87.8;13.5;3.4;8.3;0.91;0.23;0.12;0.17
-2;0;0;100;50;17.64;3.57;10.48;0.85;0.86;0.128;59.5;6.65;3.21;2.04;0.35;1.14;5.15;172.1;143.3;16.2;2.3;10.3;0.27;0.41;0.08;0.1;2.06;2.04;0.141;40.5;14.51;7.2;4.4;0.76;2.43;5.33;117.3;88.9;12.8;4.9;10.7;1.33;0.31;0.17;0.23
-2;0;0;100;100;17.56;4.26;11.88;0.97;0.99;0.139;57.9;7.07;3.53;2.15;0.34;1.27;5.87;173.2;143.9;15;2.5;11.7;0.27;0.53;0.09;0.11;2.53;2.51;0.143;42.1;17.56;8.7;5.28;0.89;2.99;6.01;126;88.6;19.5;6;12;1.57;0.44;0.22;0.28
-2;0;50;0;0;13.25;2.02;5.76;0.66;0.69;0.123;47;5.52;2.66;1.7;0.29;0.96;2.83;168.4;150.4;10.4;1.9;5.7;0.29;0.25;0.07;0.08;0.8;0.84;0.137;53;6.06;2.95;1.84;0.32;1.05;2.92;190.1;169.5;12.6;2.1;5.8;0.37;0.3;0.07;0.1
-2;0;50;0;50;12.97;2.13;6.22;0.77;0.75;0.131;47.4;5.63;2.72;1.73;0.29;0.91;3.06;169.8;152.7;9.2;1.8;6.1;0.3;0.3;0.06;0.09;1.04;1.01;0.141;52.6;7.14;3.52;2.11;0.35;1.23;3.16;188.7;166.9;13;2.5;6.3;0.38;0.43;0.08;0.12
-2;0;50;0;100;12.68;2.31;6.75;0.85;0.85;0.145;47.1;5.8;2.88;1.72;0.29;0.99;3.31;171.8;155;8.3;2;6.6;0.31;0.39;0.07;0.09;1.22;1.28;0.156;52.9;8.16;4.02;2.51;0.39;1.32;3.44;193.3;164.3;19.4;2.6;6.9;0.39;0.67;0.1;0.13
-2;0;50;50;0;15.24;2.54;7.47;0.83;0.82;0.123;52.6;6.54;3.13;2.05;0.35;1.12;3.75;169.9;146.4;13.8;2.2;7.5;0.29;0.34;0.08;0.1;1.15;1.2;0.14;47.4;8.51;4.14;2.63;0.4;1.43;3.72;153;130.5;12.2;2.9;7.4;0.67;0.29;0.1;0.14
-2;0;50;50;50;15.17;3.05;8.85;0.92;0.92;0.133;52.3;6.86;3.34;2.11;0.36;1.15;4.33;170.6;146.8;12.8;2.3;8.7;0.29;0.45;0.08;0.1;1.65;1.62;0.143;47.7;11.27;5.57;3.35;0.55;1.9;4.52;155.3;130.2;12.3;3.8;9;0.9;0.41;0.13;0.18
-2;0;50;50;100;14.81;3.55;10.23;1.04;1.03;0.149;52;6.91;3.48;2.07;0.33;1.17;5.03;176.8;147.2;17.2;2.3;10.1;0.29;0.56;0.08;0.11;2.13;2.17;0.152;48;14.28;7.04;4.29;0.75;2.38;5.2;163.2;129.8;18.2;4.8;10.4;1.15;0.62;0.17;0.22
-2;0;50;100;0;17.19;3.07;8.9;0.93;0.95;0.128;59.8;7.4;3.56;2.25;0.4;1.26;4.38;170.3;141.8;17.2;2.5;8.8;0.27;0.49;0.08;0.11;1.47;1.52;0.142;40.2;10.65;5.21;3.29;0.54;1.81;4.53;114.4;89.7;12;3.6;9.1;0.93;0.28;0.13;0.18
-2;0;50;100;50;17.46;3.98;10.97;1.14;1.13;0.14;60.2;8.02;4.01;2.35;0.41;1.43;5.41;178.9;140.6;24.6;2.9;10.8;0.28;0.64;0.1;0.11;2.14;2.16;0.144;39.8;14.91;7.4;4.38;0.78;2.55;5.55;118.4;90.4;11.8;5.1;11.1;1.35;0.39;0.18;0.23
-2;0;50;100;100;17.29;4.51;12.79;1.32;1.28;0.151;58.5;8.44;4.25;2.51;0.46;1.44;6.3;179.1;140.8;22.8;2.9;12.6;0.29;0.77;0.09;0.13;2.67;2.73;0.151;41.5;18.05;8.98;5.34;0.98;3.08;6.49;127;90.3;17.6;6.2;13;1.62;0.6;0.22;0.28
-2;0;100;0;0;12.99;2.17;6.22;0.83;0.83;0.128;47.5;6.4;3.15;1.92;0.34;1.14;3.08;173.1;149;15.7;2.3;6.2;0.31;0.35;0.08;0.1;0.91;0.9;0.141;52.5;6.33;3.11;1.89;0.34;1.03;3.14;191.1;171.2;11.6;2.1;6.3;0.38;0.35;0.07;0.1
-2;0;100;0;50;12.34;2.24;6.59;0.98;0.96;0.146;47.8;6.52;3.25;1.93;0.33;1.09;3.21;173.5;150.9;14;2.2;6.4;0.32;0.48;0.07;0.1;1.09;1.09;0.155;52.2;7.02;3.58;2.07;0.33;1.15;3.37;189.3;169;11.3;2.3;6.7;0.38;0.53;0.07;0.11
-2;0;100;0;100;12.02;2.45;6.84;1.04;1;0.155;47.4;6.38;3.25;1.85;0.32;1.07;3.31;174.5;153.4;12.4;2.1;6.6;0.31;0.53;0.07;0.09;1.37;1.36;0.166;52.6;8.17;4.17;2.29;0.41;1.37;3.53;193.4;166.2;17.5;2.7;7.1;0.4;0.74;0.1;0.13
-2;0;100;50;0;14.89;2.75;8.28;0.97;1.03;0.134;52.9;7.62;3.64;2.35;0.44;1.27;4.11;174.7;143.5;20.4;2.5;8.2;0.29;0.53;0.09;0.12;1.26;1.29;0.143;47.1;9;4.44;2.79;0.44;1.48;4.17;155.5;132.9;11.3;3;8.3;0.71;0.34;0.1;0.15
-2;0;100;50;50;14.9;3.25;9.28;1.2;1.19;0.15;52.9;7.91;3.91;2.42;0.36;1.31;4.6;175.7;144.5;19.4;2.6;9.2;0.3;0.68;0.1;0.12;1.8;1.76;0.152;47.1;11.56;5.79;3.37;0.57;1.94;4.68;156.6;132.1;11.2;3.9;9.4;0.92;0.53;0.14;0.18
-2;0;100;50;100;14.79;3.62;10.88;1.36;1.34;0.166;51.7;8.02;4.05;2.42;0.39;1.28;5.32;176;145;17.8;2.6;10.6;0.3;0.83;0.08;0.12;2.29;2.3;0.157;48.3;14.62;7.25;4.48;0.71;2.34;5.56;164.4;131.7;16.9;4.7;11.1;1.17;0.73;0.16;0.24
-2;0;100;100;0;17.19;3.47;9.81;1.25;1.25;0.135;60.3;9.23;4.49;2.76;0.51;1.6;4.8;177;137.4;26.8;3.2;9.6;0.29;0.71;0.11;0.14;1.53;1.57;0.144;39.7;10.91;5.41;3.3;0.54;1.87;5.02;116.7;92.3;10.6;3.7;10;0.95;0.32;0.13;0.17
-2;0;100;100;50;17.05;4.1;11.84;1.48;1.44;0.153;59.6;9.4;4.7;2.75;0.48;1.55;5.83;176.9;137.2;24.9;3.1;11.7;0.28;0.91;0.1;0.14;2.3;2.29;0.15;40.4;15.22;7.52;4.58;0.75;2.55;6.01;119.9;92.3;10.4;5.1;12;1.39;0.49;0.18;0.24
-2;0;100;100;100;17.13;4.57;13.21;1.69;1.68;0.172;58.1;9.75;5.01;2.75;0.49;1.6;6.55;177.1;137.1;23.7;3.2;13.1;0.27;1.15;0.11;0.15;2.89;2.81;0.155;41.9;18.13;9.17;5.29;0.96;2.98;6.66;127.5;92.4;15.8;6;13.3;1.63;0.68;0.21;0.28
-2;50;0;0;0;15.49;2.3;6.69;0.82;0.87;0.124;41.5;6.96;3.29;2.16;0.41;1.19;3.3;135;116.4;9.7;2.4;6.6;0.52;0.17;0.08;0.11;0.87;0.84;0.127;58.5;6.52;3.23;1.96;0.35;1.11;3.4;190.4;164.2;17.3;2.2;6.8;0.36;0.29;0.08;0.11
-2;50;0;0;50;15.34;2.57;7.38;0.9;0.94;0.128;42;7.27;3.5;2.24;0.36;1.24;3.58;136.8;118.2;9;2.5;7.2;0.53;0.21;0.08;0.11;1.03;1.01;0.131;58;7.71;3.75;2.33;0.4;1.32;3.81;189;161.5;17.3;2.6;7.6;0.36;0.43;0.1;0.13
-2;50;0;0;100;15.41;2.78;8.13;0.97;0.95;0.131;41.6;7.19;3.45;2.28;0.39;1.23;4;139.3;121.2;7.7;2.5;8;0.53;0.23;0.08;0.11;1.3;1.3;0.14;58.4;9.26;4.53;2.73;0.5;1.55;4.13;195.7;156.9;27.4;3.1;8.3;0.37;0.68;0.1;0.14
-2;50;0;50;0;17.51;2.94;8.1;0.98;0.94;0.123;47;7.59;3.74;2.27;0.4;1.37;3.93;137.3;113.5;13.2;2.7;7.9;0.51;0.22;0.09;0.12;1.19;1.2;0.133;53;8.97;4.41;2.73;0.43;1.58;4.17;154.7;126.3;16.8;3.2;8.3;0.65;0.29;0.11;0.15
-2;50;0;50;50;17.54;3.39;9.71;0.97;1.02;0.128;47.2;7.86;3.76;2.4;0.42;1.31;4.82;139.4;115;12.2;2.6;9.6;0.51;0.29;0.09;0.13;1.66;1.64;0.136;52.8;11.98;5.91;3.57;0.63;2.08;4.89;155.8;124.7;17.2;4.2;9.8;0.87;0.43;0.15;0.19
-2;50;0;50;100;17.48;3.98;11.42;1.13;1.1;0.135;46.1;8.06;4.02;2.44;0.38;1.4;5.62;141.4;116.4;10.9;2.8;11.2;0.51;0.37;0.1;0.12;2.29;2.21;0.143;53.9;15.4;7.75;4.53;0.8;2.58;5.8;165.6;123.1;25.7;5.2;11.6;1.11;0.67;0.19;0.25
-2;50;0;100;0;19.21;3.12;9.3;0.98;0.97;0.121;54.7;7.95;3.75;2.49;0.44;1.34;4.58;139.5;111.4;16.3;2.7;9.2;0.49;0.28;0.09;0.12;1.53;1.46;0.136;45.3;10.73;5.26;3.23;0.56;1.77;4.72;115.4;85.9;16.5;3.5;9.4;0.89;0.28;0.13;0.17
-2;50;0;100;50;19.5;4.09;11.69;1.13;1.12;0.129;54.1;8.64;4.19;2.61;0.46;1.47;5.81;141;111;15.5;2.9;11.6;0.5;0.39;0.11;0.13;2.14;2.13;0.139;45.9;15.3;7.54;4.6;0.77;2.62;5.88;119.5;86.3;16.2;5.2;11.8;1.3;0.41;0.19;0.23
-2;50;0;100;100;19.49;4.67;13.49;1.31;1.26;0.137;52;9.17;4.53;2.76;0.47;1.56;6.57;142;111.1;14.6;3.1;13.1;0.49;0.52;0.11;0.14;2.62;2.66;0.144;48;18.46;9.19;5.54;0.94;3.11;6.92;130.9;86.2;24.6;6.2;13.8;1.53;0.62;0.22;0.3
-2;50;50;0;0;15.65;2.77;8.12;1.17;1.2;0.127;41.8;9.43;4.55;2.92;0.49;1.6;4.03;137.5;116.1;10.1;3.2;8.1;0.69;0.25;0.11;0.15;0.89;0.95;0.136;58.2;6.95;3.34;2.13;0.39;1.16;4.1;191.5;164.7;16.3;2.3;8.2;0.37;0.39;0.08;0.11
-2;50;50;0;50;15.23;3.04;8.73;1.32;1.28;0.131;42.4;9.71;4.79;2.87;0.52;1.71;4.28;139.3;118.4;8.9;3.4;8.6;0.72;0.3;0.11;0.15;1.18;1.15;0.14;57.6;8.16;4.08;2.42;0.41;1.34;4.45;189.2;161.1;16.5;2.7;8.9;0.37;0.56;0.09;0.13
-2;50;50;0;100;15.09;3.2;9.45;1.29;1.35;0.138;42.2;9.73;4.79;2.96;0.46;1.66;4.63;141.8;121.7;7.6;3.3;9.3;0.74;0.35;0.12;0.14;1.58;1.52;0.158;57.8;9.59;4.91;2.81;0.52;1.54;4.82;194;156.2;25.1;3.1;9.6;0.37;0.88;0.11;0.16
-2;50;50;50;0;17.47;3.37;9.51;1.36;1.29;0.126;47.1;10.19;4.92;3.1;0.56;1.76;4.65;138.9;112.8;13.3;3.5;9.3;0.68;0.33;0.12;0.16;1.26;1.29;0.139;52.9;9.23;4.51;2.81;0.5;1.61;4.86;155.9;127.2;15.8;3.2;9.7;0.66;0.38;0.11;0.14
-2;50;50;50;50;17.18;3.82;11.23;1.5;1.4;0.132;47.4;10.56;5.16;3.23;0.54;1.75;5.5;141.1;114.7;11.9;3.5;11;0.7;0.42;0.12;0.16;1.69;1.77;0.143;52.6;12.38;6.04;3.75;0.65;2.07;5.72;156.3;125;15.8;4.1;11.4;0.87;0.55;0.14;0.2
-2;50;50;50;100;17.57;4.37;12.62;1.57;1.55;0.141;47.5;10.89;5.39;3.29;0.55;1.81;6.3;149.4;116.1;17.1;3.6;12.6;0.7;0.56;0.11;0.17;2.31;2.35;0.153;52.5;15.31;7.66;4.56;0.76;2.56;6.32;165.4;123.4;24.3;5.1;12.6;1.06;0.86;0.19;0.24
-2;50;50;100;0;19.38;3.83;10.96;1.47;1.45;0.129;54.7;11.18;5.53;3.4;0.56;1.95;5.39;141.5;110.1;16.8;3.9;10.8;0.66;0.48;0.13;0.17;1.51;1.56;0.141;45.3;11.09;5.43;3.32;0.58;1.88;5.57;117.2;87;15.4;3.8;11.1;0.88;0.37;0.13;0.18
-2;50;50;100;50;19.61;4.64;13.45;1.61;1.6;0.136;55.4;11.67;5.73;3.53;0.64;2.01;6.57;150.8;109.8;23.9;4;13.1;0.67;0.61;0.14;0.18;2.28;2.28;0.144;44.6;15.81;7.88;4.73;0.82;2.63;6.88;121.5;87.2;15.3;5.3;13.8;1.31;0.53;0.19;0.25
-2;50;50;100;100;19.45;5.26;14.73;1.74;1.7;0.144;53.5;11.76;5.89;3.5;0.59;2.04;7.14;151;111;21.6;4.1;14.3;0.66;0.73;0.14;0.18;2.91;2.89;0.152;46.5;19;9.62;5.49;0.95;3.23;7.58;131.1;86.2;23.2;6.5;15.2;1.54;0.82;0.22;0.31
-2;50;100;0;0;15.55;3.27;9.64;1.6;1.58;0.129;43.1;12.22;5.95;3.71;0.61;2.06;4.78;145.1;116.4;15.1;4.1;9.6;0.9;0.35;0.14;0.19;1.07;1.06;0.146;56.9;7.28;3.57;2.23;0.36;1.21;4.86;191.4;164.2;15.1;2.4;9.7;0.37;0.51;0.08;0.11
-2;50;100;0;50;15.07;3.69;10.13;1.75;1.73;0.138;42.7;12.46;6.23;3.73;0.63;2.21;4.95;146.4;119.1;13;4.4;9.9;0.93;0.45;0.15;0.2;1.37;1.35;0.157;57.3;8.6;4.35;2.54;0.42;1.47;5.19;196.3;160.1;22.9;2.9;10.4;0.37;0.75;0.1;0.14
-2;50;100;0;100;15.25;3.7;10.63;1.82;1.76;0.142;43.3;12.28;6.15;3.57;0.62;2.08;5.22;148.1;121.8;11.8;4.2;10.4;0.93;0.51;0.14;0.18;1.74;1.74;0.176;56.7;9.89;5.08;2.86;0.5;1.62;5.42;194.1;156;24;3.2;10.8;0.36;1.13;0.1;0.15
-2;50;100;50;0;17.45;3.82;11.18;1.75;1.72;0.131;48.6;13.03;6.35;4.01;0.65;2.21;5.46;148;112.6;20.1;4.4;10.9;0.88;0.5;0.14;0.2;1.41;1.4;0.146;51.4;9.53;4.77;2.87;0.47;1.61;5.72;156.5;127.4;14.5;3.2;11.4;0.65;0.49;0.11;0.14
-2;50;100;50;50;17.41;4.38;12.42;1.84;1.84;0.141;47.5;12.99;6.41;3.89;0.69;2.2;6.12;149.2;114.5;18.1;4.4;12.2;0.85;0.64;0.15;0.19;2.08;1.97;0.154;52.5;12.8;6.51;3.76;0.61;2.17;6.29;164.9;125.3;22.7;4.3;12.6;0.88;0.74;0.16;0.19
-2;50;100;50;100;17.32;4.9;13.68;2;2.02;0.15;47.5;13.42;6.74;3.91;0.65;2.33;6.75;150.2;115.4;16.7;4.7;13.5;0.89;0.78;0.16;0.2;2.59;2.56;0.164;52.5;15.61;7.95;4.51;0.75;2.57;6.92;165.9;124.2;22.6;5.1;13.8;1.1;1.05;0.18;0.23
-2;50;100;100;0;19.41;4.4;12.69;1.93;1.91;0.133;55.9;14.36;6.96;4.32;0.81;2.42;6.26;151.4;108.3;25.7;4.8;12.5;0.84;0.68;0.16;0.22;1.69;1.7;0.146;44.1;11.6;5.82;3.5;0.57;1.98;6.43;119.2;88.3;14.1;4;12.9;0.91;0.47;0.14;0.19
-2;50;100;100;50;19.34;5.09;14.55;2.1;2.08;0.144;53.9;14.37;7.14;4.2;0.69;2.48;7.11;151.1;108.1;23.8;5;14.2;0.82;0.87;0.17;0.21;2.47;2.46;0.151;46.1;16.18;8.04;4.83;0.8;2.61;7.44;129.3;88.4;20.8;5.2;14.9;1.33;0.68;0.19;0.25
-2;50;100;100;100;19.64;5.61;16.32;2.31;2.31;0.155;53.8;14.85;7.39;4.4;0.77;2.41;7.98;153.1;109.9;22.4;4.8;16;0.85;1.08;0.16;0.22;3.08;3.09;0.16;46.2;19.27;9.73;5.61;0.94;3.19;8.34;131.7;87.1;21.6;6.4;16.7;1.54;1.02;0.23;0.31
-2;100;0;0;0;17.55;2.77;7.86;1.14;1.09;0.125;34.1;8.68;4.2;2.71;0.44;1.52;3.9;99.4;78.6;9.9;3;7.8;0.69;0.17;0.1;0.13;0.94;0.93;0.126;65.9;7.26;3.52;2.2;0.38;1.25;3.96;192.3;161.5;20.4;2.5;7.9;0.37;0.35;0.09;0.12
-2;100;0;0;50;17.52;2.94;8.75;1.16;1.13;0.129;34.8;8.71;4.24;2.68;0.44;1.48;4.3;101;80.7;8.8;3;8.6;0.69;0.2;0.1;0.14;1.14;1.2;0.135;65.2;8.84;4.23;2.75;0.49;1.46;4.45;189.7;156.8;21;2.9;8.9;0.35;0.6;0.11;0.14
-2;100;0;0;100;17.59;3.21;9.61;1.21;1.17;0.13;34.4;8.93;4.39;2.65;0.45;1.52;4.7;103.1;83.3;7.4;3;9.4;0.72;0.22;0.1;0.13;1.55;1.5;0.14;65.6;10.69;5.19;3.26;0.57;1.69;4.91;197.1;150.9;33;3.4;9.8;0.35;0.86;0.12;0.17
-2;100;0;50;0;19.43;3.32;9.23;1.14;1.12;0.123;39.4;8.99;4.3;2.8;0.48;1.55;4.5;102;77;12.9;3.1;9;0.67;0.22;0.1;0.13;1.25;1.28;0.132;60.6;9.66;4.81;2.83;0.5;1.77;4.73;157.1;123.9;20.2;3.5;9.5;0.66;0.34;0.13;0.15
-2;100;0;50;50;19.41;3.8;11.03;1.22;1.21;0.128;39.8;9.37;4.51;2.83;0.5;1.58;5.4;104.1;78.5;11.7;3.2;10.8;0.69;0.27;0.1;0.15;1.78;1.8;0.139;60.2;12.95;6.41;3.88;0.67;2.22;5.64;157.6;121.4;20.5;4.4;11.3;0.85;0.59;0.16;0.21
-2;100;0;50;100;19.63;4.48;12.76;1.27;1.3;0.134;38.6;9.67;4.7;2.94;0.52;1.68;6.19;106.2;79.9;10.6;3.4;12.4;0.69;0.36;0.11;0.15;2.39;2.34;0.142;61.4;16.44;8.21;4.88;0.83;2.8;6.58;169.2;118.9;31.5;5.6;13.2;1.06;0.83;0.18;0.27
-2;100;0;100;0;21.17;3.63;10.29;1.2;1.21;0.123;46.9;9.76;4.7;3.04;0.5;1.68;5.04;105.1;75.2;16.4;3.4;10.1;0.65;0.29;0.11;0.16;1.5;1.51;0.135;53.1;11.21;5.45;3.35;0.59;1.95;5.25;118.8;84.8;19.7;3.9;10.5;0.87;0.33;0.14;0.17
-2;100;0;100;50;21.23;4.5;12.79;1.26;1.3;0.129;46.7;10.07;4.86;3.12;0.55;1.73;6.31;106.9;76;14.8;3.5;12.6;0.65;0.39;0.11;0.15;2.24;2.27;0.141;53.3;16.06;7.9;4.8;0.8;2.77;6.48;122.3;83.8;20;5.5;13;1.26;0.56;0.21;0.24
-2;100;0;100;100;21.42;5.13;14.66;1.52;1.46;0.135;44.8;10.72;5.23;3.23;0.55;1.83;7.26;109;76.8;14.1;3.7;14.5;0.67;0.5;0.12;0.16;2.77;2.79;0.143;55.2;19.45;9.66;5.8;1.03;3.3;7.4;134.2;83;29.9;6.6;14.8;1.48;0.77;0.24;0.31
-2;100;50;0;0;17.67;3.47;9.99;1.61;1.58;0.127;35.2;12.38;5.98;3.79;0.63;2.16;4.91;103.6;80;9.5;4.3;9.8;1.03;0.22;0.14;0.19;1.07;1.07;0.135;64.8;7.82;3.85;2.36;0.37;1.31;5.08;190.9;158.4;19.7;2.6;10.2;0.35;0.5;0.09;0.13
-2;100;50;0;50;17.73;3.9;10.8;1.65;1.66;0.131;34.7;12.63;6.2;3.83;0.6;2.23;5.31;105.6;82.2;8.3;4.5;10.6;1.04;0.27;0.16;0.19;1.41;1.42;0.146;65.3;9.69;4.8;2.88;0.47;1.67;5.5;198.6;153.4;30.8;3.3;11;0.35;0.8;0.12;0.15
-2;100;50;0;100;17.63;4.1;12.03;1.75;1.79;0.135;35.7;13.18;6.46;4;0.67;2.22;5.95;108.3;84.7;7.2;4.4;11.9;1.09;0.34;0.15;0.21;1.76;1.81;0.159;64.3;11.37;5.71;3.34;0.57;1.87;6.08;195;147.7;31.4;3.7;12.2;0.35;1.15;0.13;0.18
-2;100;50;50;0;19.71;3.99;11.66;1.7;1.69;0.127;40.4;13.22;6.44;4.05;0.68;2.3;5.72;106.6;77.6;13;4.6;11.4;0.99;0.33;0.17;0.2;1.39;1.43;0.138;59.6;10.3;5.03;3.17;0.54;1.69;5.94;157.4;122.8;19.4;3.4;11.9;0.65;0.49;0.12;0.17
-2;100;50;50;50;19.43;4.42;13.13;1.79;1.77;0.131;39.2;13.43;6.5;4.07;0.71;2.29;6.48;107.9;78.8;11.6;4.6;13;1;0.41;0.16;0.21;2;1.97;0.146;60.8;13.44;6.53;4.11;0.76;2.14;6.65;167.6;120.7;29.3;4.3;13.3;0.85;0.75;0.16;0.21
-2;100;50;50;100;19.76;5.22;14.89;1.94;1.91;0.138;40.7;13.76;6.87;4.02;0.73;2.42;7.26;115.7;80.4;16;4.8;14.5;1.02;0.53;0.16;0.21;2.47;2.6;0.154;59.3;16.84;8.21;5.12;0.93;2.8;7.63;168.9;118.1;30;5.6;15.3;1.05;1.09;0.2;0.27
-2;100;50;100;0;21.43;4.45;12.77;1.76;1.81;0.129;47.6;13.96;6.73;4.31;0.71;2.39;6.23;109.1;75.6;16.3;4.8;12.5;0.96;0.46;0.16;0.22;1.65;1.68;0.14;52.4;11.97;6;3.57;0.58;2.06;6.53;120.3;84.3;18.8;4.1;13.1;0.86;0.47;0.15;0.2
-2;100;50;100;50;21.54;5.39;15.27;2.01;1.95;0.135;47.1;14.41;7.09;4.35;0.74;2.52;7.47;118.6;76.2;22.4;5;14.9;0.97;0.59;0.18;0.22;2.43;2.48;0.146;52.9;16.9;8.42;5.06;0.87;2.86;7.8;133.3;83.6;28.4;5.7;15.6;1.26;0.75;0.2;0.27
-2;100;50;100;100;21.59;5.85;16.89;2.1;2.07;0.14;47.1;14.71;7.35;4.37;0.76;2.53;8.36;119.9;77.6;20.5;5.1;16.7;0.99;0.7;0.16;0.22;3.17;3.08;0.153;52.9;20.11;10.13;5.84;1.04;3.31;8.53;134.5;82;28.8;6.6;17.1;1.48;1.05;0.24;0.3
-2;100;100;0;0;17.64;4.07;11.49;2.03;1.95;0.129;36.9;15.06;7.39;4.63;0.74;2.64;5.67;111.3;80.6;14.2;5.3;11.3;1.23;0.31;0.18;0.23;1.24;1.23;0.146;63.1;8.38;4.18;2.48;0.43;1.43;5.82;190.6;157.1;19;2.9;11.6;0.33;0.67;0.1;0.13
-2;100;100;0;50;17.74;4.22;12.51;2.19;2.11;0.136;36.4;15.49;7.57;4.77;0.76;2.59;6.18;112.8;82.6;12.6;5.2;12.4;1.26;0.44;0.17;0.24;1.57;1.6;0.158;63.6;10.08;5.01;3.03;0.53;1.63;6.33;197.5;152.4;29.1;3.3;12.7;0.34;0.98;0.12;0.16
-2;100;100;0;100;17.54;4.51;13.21;2.29;2.18;0.138;37.2;15.69;7.74;4.73;0.79;2.61;6.62;114.3;85.3;10.5;5.2;13.2;1.3;0.46;0.18;0.24;2.11;2.11;0.179;62.8;11.82;6.06;3.41;0.55;1.9;6.59;193.2;146.2;30;3.8;13.2;0.35;1.46;0.13;0.17
-2;100;100;50;0;19.39;4.55;12.93;2.23;2.09;0.131;42.2;15.92;7.81;4.76;0.9;2.7;6.34;114.9;77.8;19;5.4;12.7;1.19;0.48;0.18;0.24;1.52;1.56;0.146;57.8;10.66;5.29;3.16;0.51;1.85;6.59;157.6;122.5;18.2;3.7;13.2;0.63;0.64;0.13;0.17
-2;100;100;50;50;19.73;5.07;14.71;2.25;2.26;0.138;41.1;16.28;7.96;4.97;0.86;2.78;7.26;116.8;79.2;17.5;5.6;14.5;1.21;0.61;0.19;0.26;2.08;2.14;0.155;58.9;13.78;6.86;4.14;0.71;2.29;7.45;167.5;120.1;28;4.6;14.9;0.82;0.94;0.16;0.22
-2;100;100;50;100;19.69;5.56;16.22;2.4;2.41;0.145;41.3;16.51;8.19;4.9;0.86;2.79;7.97;118.2;80.9;15.8;5.6;15.9;1.23;0.74;0.19;0.25;2.97;2.89;0.167;58.7;17.26;8.72;5.05;0.85;2.76;8.24;168;117.3;28.8;5.5;16.5;1.05;1.39;0.18;0.26
-2;100;100;100;0;21.33;4.92;14.33;2.37;2.27;0.132;49.7;17.13;8.39;5.17;0.9;2.86;7.06;119.6;75;24.7;5.7;14.1;1.16;0.65;0.21;0.26;1.8;1.82;0.146;50.3;12.4;6.11;3.71;0.62;2.06;7.26;121.1;84.9;17.5;4.1;14.5;0.86;0.62;0.15;0.19
-2;100;100;100;50;21.57;5.68;16.76;2.55;2.44;0.141;47.4;17.27;8.55;5.2;0.88;2.86;8.23;120.6;75.6;22.8;5.7;16.5;1.15;0.83;0.19;0.26;2.63;2.62;0.153;52.6;17.13;8.59;5.09;0.82;2.82;8.53;133.7;84.3;26.7;5.6;17.1;1.26;0.9;0.19;0.27
-2;100;100;100;100;21.48;6.43;18.25;2.68;2.66;0.15;47.4;17.69;8.8;5.32;0.88;2.96;9.02;121.9;77.2;20.7;5.9;18;1.18;1;0.2;0.27;3.4;3.36;0.163;52.6;20.57;10.5;5.98;1.04;3.46;9.23;135.1;82.5;27.3;6.9;18.5;1.48;1.32;0.24;0.32
-1;0;0;0;0;13.67;1.84;5.21;0.63;0.62;0.119;48.5;5.08;2.45;1.56;0.25;0.89;2.56;173.6;155.4;11.3;1.8;5.1;0.3;0.19;0.06;0.08;0.71;0.72;0.129;51.5;5.5;2.68;1.65;0.27;0.95;2.65;184.5;164.6;12.8;1.9;5.3;0.35;0.21;0.07;0.09
-1;0;0;0;50;13.18;2.02;5.8;0.71;0.68;0.127;48.8;5.27;2.58;1.59;0.3;0.91;2.85;174.9;157.5;9.9;1.8;5.7;0.3;0.24;0.06;0.08;0.86;0.86;0.132;51.2;6.44;3.16;1.97;0.32;1.1;2.95;183.5;162.3;13.1;2.2;5.9;0.37;0.31;0.07;0.11
-1;0;0;0;100;12.91;2.24;6.3;0.82;0.73;0.131;48.4;5.46;2.73;1.58;0.29;0.94;3.1;176.5;159.3;9.1;1.9;6.2;0.31;0.27;0.06;0.09;1.06;1.03;0.136;51.6;7.51;3.71;2.3;0.36;1.3;3.21;188.6;160.4;19.2;2.6;6.4;0.38;0.44;0.09;0.12
-1;0;0;50;0;15.55;2.46;6.86;0.69;0.71;0.119;54.3;5.83;2.8;1.83;0.33;1.04;3.38;176;152.9;14.2;2.1;6.8;0.3;0.24;0.07;0.09;1.08;1.09;0.135;45.7;8.02;3.94;2.4;0.43;1.43;3.48;147.8;125.3;12.7;2.9;7;0.65;0.22;0.1;0.13
-1;0;0;50;50;15.59;2.86;8.26;0.74;0.79;0.129;53.9;6.06;2.88;1.86;0.35;1.03;4.08;175.9;152.2;13.5;2.1;8.2;0.29;0.33;0.08;0.09;1.5;1.47;0.138;46.1;10.64;5.32;3.15;0.52;1.83;4.18;150.6;125.8;12.7;3.7;8.4;0.89;0.3;0.12;0.17
-1;0;0;50;100;15.61;3.3;9.66;0.93;0.88;0.138;52.8;6.33;3.11;1.87;0.34;1.03;4.82;177.3;153.1;12.5;2.1;9.6;0.28;0.43;0.07;0.1;1.97;1.93;0.141;47.2;13.67;6.71;4.1;0.71;2.28;4.84;158.7;125.1;19.4;4.6;9.7;1.11;0.44;0.16;0.22
-1;0;0;100;0;17.4;2.73;7.96;0.79;0.76;0.118;61.8;6.31;3.05;1.94;0.3;1.1;3.89;176.9;149.3;17.7;2.2;7.8;0.28;0.3;0.08;0.1;1.29;1.35;0.138;38.2;9.79;4.7;3.02;0.52;1.63;4.06;109.3;85.5;12.4;3.3;8.1;0.87;0.2;0.11;0.16
-1;0;0;100;50;17.57;3.54;10.19;0.89;0.89;0.129;60.9;6.84;3.34;2.13;0.35;1.2;5.08;177;147.7;16.8;2.4;10.2;0.28;0.42;0.08;0.11;1.95;1.95;0.141;39.1;13.84;6.81;4.13;0.77;2.34;5.12;113.4;86.4;12.1;4.7;10.2;1.28;0.29;0.16;0.22
-1;0;0;100;100;17.55;4.11;11.98;1.08;1.04;0.139;59.1;7.44;3.66;2.28;0.37;1.24;5.89;177.1;146.9;16;2.5;11.8;0.28;0.56;0.09;0.11;2.42;2.42;0.142;40.9;16.98;8.42;5.13;0.84;2.87;6.09;122.7;86.8;17.9;5.7;12.2;1.55;0.4;0.19;0.27
-1;0;50;0;0;13.33;2.01;5.79;0.74;0.74;0.123;48.3;5.87;2.8;1.82;0.32;1.01;2.85;173.2;154.2;11.2;2;5.7;0.31;0.27;0.07;0.09;0.77;0.8;0.136;51.7;5.79;2.9;1.76;0.31;1.01;2.94;185.5;165.8;11.8;2;5.9;0.36;0.28;0.07;0.09
-1;0;50;0;50;12.97;2.06;6.14;0.84;0.81;0.132;48.5;6.04;2.93;1.81;0.35;1.01;3.02;174;155.5;10.4;2;6;0.3;0.34;0.07;0.09;0.95;0.91;0.14;51.5;6.43;3.15;1.96;0.32;1.05;3.12;184.6;164.4;11.8;2.1;6.2;0.36;0.38;0.07;0.1
-1;0;50;0;100;12.38;2.3;6.46;0.96;0.9;0.145;48.3;6.16;3.07;1.78;0.34;1.04;3.19;175.7;158.3;9;2.1;6.4;0.32;0.42;0.07;0.09;1.18;1.17;0.156;51.7;7.51;3.76;2.18;0.39;1.27;3.28;188.4;161.4;17.9;2.5;6.6;0.37;0.6;0.08;0.12
-1;0;50;50;0;15.28;2.56;7.32;0.85;0.84;0.123;53.9;6.73;3.28;2.08;0.34;1.15;3.65;174.6;150.1;14.9;2.3;7.3;0.29;0.36;0.08;0.1;1.11;1.14;0.141;46.1;8.07;4.07;2.37;0.41;1.41;3.67;149.1;127.6;11.4;2.8;7.3;0.65;0.26;0.1;0.13
-1;0;50;50;50;15.08;3.08;8.88;0.94;0.95;0.133;53.5;7.08;3.46;2.15;0.36;1.21;4.41;174.7;150;13.5;2.4;8.8;0.29;0.47;0.08;0.11;1.57;1.59;0.144;46.5;11.06;5.49;3.31;0.56;1.87;4.47;151.6;127.6;11.3;3.7;8.9;0.91;0.38;0.14;0.17
-1;0;50;50;100;15.18;3.5;10.31;1.14;1.12;0.149;53.3;7.45;3.76;2.17;0.4;1.25;5.08;182.3;150.6;19.1;2.5;10.2;0.3;0.62;0.08;0.12;2.1;2.09;0.151;46.7;13.76;6.82;4.05;0.73;2.25;5.23;159.5;127.2;17.3;4.5;10.5;1.12;0.59;0.15;0.22
-1;0;50;100;0;17.07;3.03;8.66;0.98;1;0.129;61.2;7.73;3.75;2.33;0.42;1.32;4.32;174.8;145.6;17.9;2.6;8.6;0.28;0.51;0.1;0.12;1.45;1.43;0.142;38.8;10.06;5.01;2.95;0.53;1.71;4.34;110.7;87.5;11.1;3.4;8.7;0.91;0.25;0.12;0.15
-1;0;50;100;50;17.45;3.94;11.07;1.2;1.18;0.14;61.5;8.39;4.24;2.49;0.42;1.49;5.53;183.9;143.8;26;3;11.1;0.28;0.67;0.1;0.13;2.13;2.07;0.144;38.5;14.33;7.17;4.25;0.76;2.45;5.54;115.3;88.5;10.8;4.9;11.1;1.32;0.36;0.17;0.23
-1;0;50;100;100;17.44;4.26;12.69;1.43;1.36;0.152;59.6;8.86;4.43;2.69;0.46;1.42;6.24;182.7;142.5;24.9;2.8;12.5;0.27;0.85;0.1;0.14;2.54;2.59;0.15;40.4;17.22;8.49;5.14;0.94;2.85;6.45;124;89.1;16.2;5.7;12.9;1.58;0.55;0.21;0.26
-1;0;100;0;0;13.04;2.18;6.35;0.93;0.88;0.128;48.8;6.82;3.32;2.13;0.34;1.11;3.1;178.1;152.3;17.4;2.2;6.2;0.32;0.38;0.08;0.1;0.83;0.86;0.141;51.2;6.03;3.02;1.79;0.3;1.07;3.25;187.1;167.9;10.6;2.1;6.5;0.37;0.32;0.07;0.1
-1;0;100;0;50;12.55;2.3;6.64;1.02;1.04;0.147;49.2;7.01;3.56;2.01;0.36;1.2;3.36;179;154.7;15.2;2.4;6.7;0.32;0.52;0.09;0.11;1.14;1.07;0.154;50.8;6.86;3.4;2.08;0.34;1.1;3.29;185.1;165.3;11;2.2;6.6;0.37;0.52;0.07;0.1
-1;0;100;0;100;12.15;2.41;7.15;1.07;1.07;0.156;48.8;6.85;3.48;1.99;0.34;1.11;3.54;180.3;157.5;13.5;2.2;7.1;0.32;0.58;0.07;0.1;1.32;1.34;0.166;51.2;8.04;4.05;2.39;0.41;1.31;3.62;188.9;162.4;16.7;2.6;7.2;0.39;0.73;0.1;0.13
-1;0;100;50;0;15.05;2.75;8.01;1.09;1.06;0.134;54.3;7.9;3.82;2.37;0.45;1.34;3.96;180;147;22.4;2.7;7.9;0.29;0.56;0.09;0.12;1.17;1.22;0.143;45.7;8.45;4.09;2.6;0.46;1.41;4.05;151.2;130;10.3;2.8;8.1;0.67;0.31;0.11;0.14
-1;0;100;50;50;14.91;3.29;9.36;1.29;1.27;0.151;54;8.41;4.25;2.45;0.41;1.42;4.65;180.2;147.1;20.9;2.8;9.3;0.31;0.74;0.09;0.13;1.65;1.68;0.152;46;11.05;5.51;3.25;0.57;1.87;4.71;153.4;129.9;10.3;3.7;9.4;0.9;0.48;0.13;0.17
-1;0;100;50;100;14.99;3.74;10.57;1.39;1.42;0.168;52.9;8.41;4.29;2.44;0.42;1.43;5.1;180.4;147.9;19.4;2.9;10.2;0.3;0.9;0.09;0.12;2.28;2.2;0.157;47.1;13.98;7.05;4.06;0.7;2.31;5.47;160.7;129.3;15.9;4.6;10.9;1.13;0.69;0.17;0.22
-1;0;100;100;0;17.2;3.31;9.65;1.35;1.29;0.135;61.5;9.52;4.69;2.85;0.5;1.58;4.68;181.4;140.6;28.3;3.2;9.4;0.28;0.75;0.11;0.15;1.47;1.49;0.144;38.5;10.3;5.08;3.12;0.51;1.73;4.98;113.4;90.2;9.8;3.5;10;0.91;0.29;0.12;0.17
-1;0;100;100;50;17.25;4.08;11.9;1.5;1.5;0.153;60.8;9.77;4.87;2.86;0.54;1.63;5.92;181.9;140.2;26.6;3.3;11.8;0.28;0.96;0.11;0.15;2.18;2.21;0.15;39.2;14.72;7.38;4.4;0.73;2.44;5.97;117;90.4;9.8;4.9;11.9;1.35;0.46;0.16;0.24
-1;0;100;100;100;17.47;4.57;13.34;1.76;1.77;0.172;59.3;10.25;5.31;2.96;0.49;1.7;6.64;181.6;139.7;25.2;3.4;13.3;0.28;1.23;0.11;0.15;2.77;2.74;0.154;40.7;17.73;8.88;5.26;0.87;2.88;6.69;124.7;90.6;14.9;5.8;13.4;1.62;0.64;0.21;0.27
-1;50;0;0;0;15.61;2.27;6.72;0.93;0.92;0.123;42.8;7.37;3.5;2.31;0.39;1.24;3.33;139.3;119.2;10.9;2.5;6.7;0.53;0.19;0.09;0.12;0.78;0.79;0.128;57.2;6.14;2.9;1.94;0.33;1.02;3.39;185.9;160.9;16.2;2;6.8;0.35;0.27;0.07;0.1
-1;50;0;0;50;15.27;2.56;7.39;0.99;0.98;0.129;43.4;7.5;3.74;2.26;0.39;1.35;3.64;141.2;121.5;9.7;2.7;7.3;0.54;0.22;0.1;0.12;0.92;0.97;0.13;56.6;7.35;3.47;2.3;0.36;1.22;3.75;184;157.6;16.5;2.4;7.5;0.35;0.41;0.08;0.12
-1;50;0;0;100;15.02;2.79;8.11;1.06;1.04;0.131;43.1;7.89;3.86;2.43;0.37;1.35;4.13;143.8;124.2;8.6;2.7;8.3;0.57;0.26;0.09;0.13;1.21;1.23;0.14;56.9;8.69;4.27;2.58;0.46;1.45;3.98;189.6;153.8;24.9;2.9;8;0.36;0.63;0.1;0.14
-1;50;0;50;0;17.42;2.9;8.22;0.96;0.98;0.123;48.5;7.95;3.87;2.41;0.4;1.42;4.06;141.5;116.3;14.2;2.8;8.1;0.51;0.25;0.09;0.13;1.12;1.16;0.134;51.5;8.65;4.25;2.62;0.46;1.48;4.17;150.5;123.7;15.5;3;8.3;0.65;0.27;0.11;0.14
-1;50;0;50;50;17.48;3.38;9.7;1.11;1.07;0.128;48.7;8.29;4.03;2.49;0.43;1.44;4.8;143.6;118;13.1;2.9;9.6;0.54;0.32;0.09;0.12;1.51;1.57;0.137;51.3;11.44;5.55;3.48;0.62;1.94;4.9;151.5;121.9;16;3.9;9.8;0.84;0.41;0.13;0.19
-1;50;0;50;100;17.38;3.9;11.25;1.21;1.16;0.135;47.1;8.5;4.22;2.47;0.44;1.46;5.47;144.2;118.1;12.2;2.9;10.9;0.52;0.41;0.1;0.13;2.04;2.08;0.143;52.9;14.48;7.17;4.4;0.74;2.45;5.78;161.9;121.7;23.8;4.9;11.6;1.08;0.6;0.17;0.23
-1;50;0;100;0;19.38;3.22;9.27;1.03;1.03;0.122;56.2;8.38;4.1;2.56;0.42;1.47;4.56;144.2;114.7;17.4;2.9;9.1;0.51;0.29;0.1;0.13;1.42;1.4;0.136;43.8;10.3;5.06;3.12;0.55;1.75;4.7;112.2;83.7;15.7;3.5;9.4;0.85;0.27;0.12;0.16
-1;50;0;100;50;19.49;3.98;11.79;1.16;1.15;0.129;55.4;8.88;4.31;2.65;0.46;1.49;5.88;144.8;113.9;16.2;3;11.8;0.5;0.41;0.1;0.14;2.06;2.09;0.139;44.6;15.01;7.35;4.58;0.76;2.49;5.91;116.7;84.2;15.6;5;11.8;1.29;0.39;0.18;0.24
-1;50;0;100;100;19.59;4.61;13.48;1.38;1.3;0.136;53.6;9.47;4.74;2.8;0.48;1.64;6.7;146.6;114.6;15.3;3.3;13.4;0.51;0.54;0.1;0.14;2.65;2.59;0.144;46.4;17.98;8.87;5.43;0.93;2.97;6.78;126.8;83.8;23.6;5.9;13.6;1.51;0.59;0.2;0.29
-1;50;50;0;0;15.46;2.81;8.04;1.25;1.24;0.126;43.3;9.77;4.74;2.95;0.51;1.71;3.97;141.9;119.8;10.8;3.4;7.9;0.73;0.25;0.11;0.15;0.93;0.9;0.136;56.7;6.55;3.26;1.98;0.32;1.1;4.06;185.7;160.1;15.2;2.2;8.1;0.36;0.36;0.08;0.1
-1;50;50;0;50;15.12;3.12;8.77;1.31;1.32;0.131;43.7;10.01;4.87;3.03;0.51;1.76;4.38;143.4;121.4;9.7;3.5;8.8;0.72;0.33;0.12;0.16;1.1;1.12;0.141;56.3;7.9;3.92;2.36;0.43;1.36;4.39;184.6;157.9;15.2;2.7;8.8;0.37;0.53;0.1;0.12
-1;50;50;0;100;15.06;3.32;9.46;1.43;1.44;0.139;43.6;10.32;5.13;3.07;0.54;1.81;4.75;146.2;124.5;8.5;3.6;9.5;0.75;0.4;0.12;0.17;1.4;1.45;0.157;56.4;9.16;4.49;2.74;0.47;1.51;4.71;189.4;153.3;23.6;3;9.4;0.35;0.85;0.11;0.14
-1;50;50;50;0;17.21;3.39;9.59;1.36;1.35;0.126;48.6;10.65;5.18;3.18;0.58;1.83;4.7;143.1;115.8;14.3;3.7;9.4;0.7;0.36;0.12;0.17;1.19;1.24;0.14;51.4;8.86;4.4;2.66;0.45;1.56;4.89;151.6;124.2;14.4;3.1;9.8;0.64;0.34;0.11;0.14
-1;50;50;50;50;17.56;3.81;11.21;1.44;1.45;0.132;48.7;10.89;5.33;3.31;0.58;1.83;5.55;145.3;117.2;13.3;3.7;11.1;0.69;0.46;0.13;0.17;1.68;1.68;0.143;51.3;11.78;5.78;3.6;0.61;1.98;5.67;153.1;122.7;15.1;4;11.3;0.84;0.52;0.13;0.19
-1;50;50;50;100;17.35;4.39;12.55;1.67;1.62;0.142;48.4;11.32;5.55;3.4;0.57;1.9;6.14;152.3;118;18.2;3.8;12.3;0.71;0.6;0.14;0.17;2.3;2.28;0.153;51.6;14.85;7.52;4.36;0.75;2.49;6.41;162.2;121.8;22.6;5;12.8;1.07;0.8;0.18;0.24
-1;50;50;100;0;19.35;3.83;10.68;1.49;1.47;0.129;56.2;11.37;5.57;3.44;0.59;1.99;5.26;145.6;113.5;17.6;4;10.5;0.67;0.49;0.14;0.17;1.55;1.51;0.141;43.8;10.66;5.29;3.16;0.58;1.84;5.42;113.6;84.5;14.6;3.7;10.8;0.85;0.35;0.14;0.17
-1;50;50;100;50;19.52;4.65;13.5;1.62;1.66;0.136;56.7;12.12;5.99;3.71;0.59;2.07;6.66;155;112.7;24.8;4.1;13.3;0.68;0.64;0.14;0.2;2.21;2.2;0.144;43.3;15.26;7.6;4.56;0.76;2.58;6.84;118.3;85.1;14.4;5.2;13.7;1.28;0.5;0.18;0.24
-1;50;50;100;100;19.31;5.17;14.98;1.83;1.78;0.145;54.9;12.27;6.02;3.79;0.62;2.09;7.38;155.4;113.2;23.2;4.2;14.8;0.66;0.78;0.14;0.2;2.81;2.8;0.151;45.1;18.46;9.3;5.42;0.95;3.08;7.6;127.6;84.7;21.5;6.2;15.2;1.52;0.77;0.21;0.29
-1;50;100;0;0;15.32;3.33;9.61;1.66;1.64;0.129;44.6;12.61;6.21;3.81;0.62;2.17;4.78;149.8;119.6;16.3;4.3;9.6;0.92;0.36;0.15;0.2;0.99;1.01;0.146;55.4;6.88;3.35;2.11;0.36;1.15;4.83;186.5;160.4;14.1;2.3;9.7;0.35;0.48;0.07;0.11
-1;50;100;0;50;15.11;3.53;10.09;1.73;1.79;0.139;44.1;12.82;6.33;3.81;0.7;2.22;4.98;150.9;121.8;14.7;4.4;10;0.93;0.5;0.15;0.2;1.34;1.28;0.157;55.9;8.12;4.09;2.35;0.4;1.31;5.11;191.5;157.2;21.5;2.6;10.2;0.36;0.7;0.09;0.13
-1;50;100;0;100;14.78;3.68;10.64;1.87;1.86;0.143;44.6;12.92;6.39;3.86;0.68;2.15;5.31;152.3;124.5;12.9;4.3;10.6;0.95;0.55;0.15;0.2;1.64;1.64;0.175;55.4;9.38;4.79;2.73;0.44;1.52;5.33;189.2;153.5;22;3;10.7;0.36;1.03;0.11;0.14
-1;50;100;50;0;17.3;3.92;10.97;1.9;1.78;0.132;50;13.44;6.65;3.99;0.7;2.33;5.46;152.3;115.4;21.3;4.7;10.9;0.88;0.54;0.16;0.2;1.34;1.34;0.146;50;9.17;4.59;2.73;0.46;1.58;5.51;152.5;124.6;13.7;3.2;11;0.64;0.45;0.11;0.14
-1;50;100;50;50;17.32;4.49;12.57;1.98;1.97;0.142;48.9;13.83;6.91;4.16;0.69;2.43;6.27;153.7;116.7;19.6;4.9;12.5;0.9;0.69;0.17;0.22;1.93;1.87;0.153;51.1;12.2;6.17;3.51;0.66;2.06;6.3;160.9;123.2;20.9;4.1;12.6;0.86;0.68;0.15;0.18
-1;50;100;50;100;17.26;4.72;13.96;2.17;2.13;0.151;48.9;14.06;6.99;4.25;0.73;2.33;6.99;154.8;117.6;18.5;4.7;14;0.9;0.86;0.15;0.22;2.38;2.42;0.163;51.1;14.82;7.42;4.41;0.75;2.39;6.97;161.8;122.3;20.8;4.8;13.9;1.07;0.97;0.16;0.23
-1;50;100;100;0;19.33;4.3;12.44;2.02;1.93;0.132;57.2;14.51;7.08;4.4;0.73;2.47;6.05;155;111.1;26.8;4.9;12.1;0.84;0.7;0.17;0.22;1.71;1.65;0.146;42.8;11.22;5.57;3.36;0.55;1.83;6.39;116;86.2;13.3;3.7;12.8;0.89;0.45;0.14;0.18
-1;50;100;100;50;19.43;5.18;14.74;2.21;2.17;0.144;55.4;15.04;7.49;4.45;0.76;2.61;7.29;156.4;111.2;25.3;5.2;14.6;0.85;0.92;0.17;0.23;2.34;2.36;0.151;44.6;15.56;7.67;4.63;0.77;2.57;7.45;125.7;86.1;19.6;5.1;14.9;1.29;0.64;0.18;0.25
-1;50;100;100;100;19.39;5.68;16.2;2.43;2.41;0.156;54.9;15.33;7.75;4.47;0.74;2.58;8.05;156.4;111.4;23.7;5.2;16.1;0.84;1.16;0.17;0.24;2.93;2.97;0.159;45.1;18.61;9.33;5.5;0.93;3.1;8.15;128.6;86;20.1;6.2;16.3;1.53;0.93;0.22;0.29
-1;100;0;0;0;17.53;2.82;7.91;1.21;1.15;0.125;35.4;9.13;4.54;2.7;0.48;1.63;3.93;102.6;81;10.5;3.3;7.9;0.72;0.18;0.11;0.14;0.9;0.89;0.126;64.6;6.96;3.31;2.17;0.37;1.19;3.98;187.6;157.5;19.7;2.4;8;0.35;0.34;0.09;0.11
-1;100;0;0;50;17.26;3.09;8.73;1.2;1.21;0.129;36.1;9.32;4.51;2.8;0.51;1.58;4.25;104.1;83.2;9.2;3.2;8.5;0.74;0.21;0.11;0.15;1.19;1.16;0.135;63.9;8.54;4.19;2.57;0.46;1.51;4.48;184.8;152.7;20.1;3;9;0.34;0.58;0.1;0.13
-1;100;0;0;100;17.32;3.46;9.65;1.3;1.26;0.131;35.6;9.53;4.7;2.84;0.51;1.71;4.81;106.5;85.2;8.3;3.4;9.6;0.74;0.25;0.12;0.14;1.45;1.43;0.14;64.4;10.2;5.07;3.03;0.53;1.76;4.83;192.5;148.4;30.8;3.5;9.7;0.35;0.81;0.12;0.16
-1;100;0;50;0;19.25;3.14;9.19;1.23;1.16;0.124;40.9;9.34;4.58;2.8;0.51;1.57;4.56;105.4;79.3;13.8;3.1;9.1;0.68;0.23;0.11;0.15;1.22;1.21;0.131;59.1;9.18;4.45;2.79;0.5;1.58;4.63;152.4;120.7;19.3;3.2;9.3;0.62;0.34;0.11;0.14
-1;100;0;50;50;19.26;3.95;10.96;1.27;1.3;0.129;41.3;10.02;4.92;2.96;0.54;1.77;5.49;107.7;80.6;12.6;3.5;11;0.71;0.31;0.12;0.16;1.7;1.73;0.139;58.7;12.41;6.05;3.69;0.66;2.18;5.47;153.2;118.6;19.3;4.4;10.9;0.84;0.55;0.15;0.19
-1;100;0;50;100;19.5;4.37;12.74;1.4;1.38;0.134;40.2;10.28;5.06;3.06;0.48;1.71;6.35;109.9;82.3;11.5;3.4;12.7;0.73;0.39;0.11;0.16;2.32;2.27;0.143;59.8;15.89;7.95;4.73;0.82;2.67;6.39;163.8;115.9;29.8;5.3;12.8;1.02;0.8;0.19;0.25
-1;100;0;100;0;21.13;3.51;10.54;1.28;1.25;0.122;48.5;10.12;4.89;3.07;0.51;1.69;5.19;108.6;77.6;17.2;3.4;10.4;0.69;0.3;0.11;0.15;1.4;1.47;0.135;51.5;10.87;5.26;3.27;0.63;1.82;5.35;115.4;82.4;18.7;3.6;10.7;0.85;0.31;0.13;0.18
-1;100;0;100;50;21.36;4.52;12.84;1.35;1.38;0.129;48.2;10.65;5.21;3.2;0.56;1.84;6.43;110.7;78.3;15.8;3.7;12.9;0.68;0.4;0.13;0.17;2.1;2.18;0.14;51.8;15.49;7.63;4.61;0.8;2.67;6.4;118.8;81.6;19.1;5.3;12.8;1.22;0.54;0.18;0.23
-1;100;0;100;100;21.58;5.18;14.71;1.47;1.53;0.136;46.2;11.21;5.51;3.4;0.6;1.94;7.25;112.4;79.1;14.9;3.9;14.5;0.69;0.52;0.13;0.18;2.71;2.72;0.143;53.8;18.94;9.27;5.67;0.99;3.23;7.46;131.1;80.8;29;6.5;14.9;1.45;0.76;0.22;0.29
-1;100;50;0;0;17.8;3.54;10.31;1.72;1.67;0.128;36.6;13.05;6.39;3.96;0.7;2.24;5.25;107.7;82.2;10.5;4.5;10.5;1.05;0.25;0.15;0.22;1.04;1.04;0.135;63.4;7.64;3.75;2.32;0.41;1.3;5.06;186.5;154.9;18.8;2.6;10.1;0.36;0.48;0.09;0.12
-1;100;50;0;50;17.87;3.82;10.93;1.75;1.72;0.131;35.9;13.13;6.5;3.96;0.66;2.24;5.36;108.7;84.1;9.4;4.5;10.7;1.05;0.31;0.15;0.21;1.38;1.36;0.146;64.1;9.26;4.59;2.74;0.49;1.58;5.58;194.6;150.9;29.4;3.2;11.2;0.34;0.76;0.11;0.15
-1;100;50;0;100;17.58;4.1;11.9;1.87;1.82;0.136;36.7;13.38;6.5;4.06;0.74;2.26;5.92;110.9;86.7;7.9;4.5;11.8;1.09;0.37;0.15;0.21;1.68;1.76;0.159;63.3;11.05;5.47;3.27;0.6;1.84;5.98;191.2;145.4;30.2;3.7;12;0.35;1.1;0.13;0.18
-1;100;50;50;0;19.57;4.03;11.59;1.73;1.75;0.127;41.9;13.73;6.73;4.16;0.7;2.4;5.81;110.2;79.8;13.9;4.8;11.6;1.02;0.35;0.18;0.21;1.32;1.37;0.138;58.1;9.83;4.83;2.97;0.51;1.64;5.78;153.1;119.9;18.3;3.3;11.6;0.63;0.46;0.12;0.15
-1;100;50;50;50;19.56;4.71;13.29;1.96;1.86;0.132;40.7;14.08;7;4.24;0.71;2.5;6.61;111.9;81.2;12.5;5;13.2;1.04;0.43;0.17;0.21;1.82;1.92;0.146;59.3;13.12;6.39;3.98;0.66;2.22;6.68;163.5;117.7;28;4.4;13.4;0.84;0.72;0.16;0.2
-1;100;50;50;100;19.65;5.2;14.79;2.06;2.01;0.139;42.2;14.42;7.2;4.31;0.72;2.5;7.36;119.4;82.6;17.1;5;14.7;1.06;0.55;0.17;0.22;2.45;2.48;0.154;57.8;16.08;7.98;4.79;0.85;2.7;7.43;164;115.5;28.3;5.4;14.9;1.02;1.03;0.18;0.25
-1;100;50;100;0;21.32;4.54;12.87;1.84;1.87;0.129;48.9;14.4;7.03;4.41;0.72;2.53;6.3;112.3;77.6;17;5.1;12.6;0.99;0.48;0.17;0.22;1.64;1.64;0.14;51.1;11.67;5.82;3.5;0.6;2.01;6.57;117.3;82.3;17.8;4;13.1;0.86;0.44;0.15;0.19
-1;100;50;100;50;21.38;5.33;15.14;2.02;2;0.135;48.3;14.76;7.25;4.44;0.76;2.6;7.31;121.4;77.7;23.9;5.2;14.6;0.98;0.62;0.18;0.22;2.32;2.4;0.146;51.7;16.34;7.97;5;0.87;2.74;7.83;130.1;82.3;26.7;5.5;15.7;1.25;0.69;0.2;0.26
-1;100;50;100;100;21.41;5.91;16.88;2.15;2.16;0.141;48.5;15.3;7.54;4.6;0.8;2.61;8.4;123.5;79.5;22.1;5.2;16.8;1.02;0.74;0.18;0.23;2.89;2.96;0.153;51.5;19.37;9.69;5.82;0.96;3.3;8.48;131.2;80.4;27.2;6.6;17;1.43;1;0.23;0.31
-1;100;100;0;0;17.75;4.01;11.91;2.06;2.03;0.129;38.3;15.77;7.62;4.84;0.88;2.62;6;115.7;82.8;15.7;5.2;12;1.26;0.35;0.17;0.25;1.16;1.2;0.146;61.7;8.2;4;2.49;0.45;1.39;5.91;186.3;153.7;18;2.8;11.8;0.34;0.64;0.1;0.13
-1;100;100;0;50;17.71;4.35;12.53;2.27;2.22;0.136;37.6;16.21;8.04;4.85;0.83;2.75;6.19;116.6;84.5;14.2;5.5;12.4;1.3;0.48;0.19;0.25;1.58;1.53;0.158;62.4;9.64;4.93;2.79;0.51;1.6;6.34;193.3;150;27.4;3.2;12.7;0.34;0.93;0.11;0.15
-1;100;100;0;100;17.46;4.62;13.2;2.4;2.31;0.14;38.3;16.5;8.27;4.86;0.83;2.83;6.5;117.7;87;12.1;5.7;13;1.34;0.53;0.2;0.24;2.03;2;0.178;61.7;11.19;5.84;3.15;0.53;1.79;6.7;189.9;144.8;28.2;3.6;13.4;0.34;1.36;0.13;0.17
-1;100;100;50;0;19.49;4.58;13.31;2.16;2.19;0.132;43.7;16.58;8.11;5.08;0.86;2.78;6.57;119.2;80.1;20.4;5.6;13.1;1.22;0.51;0.19;0.26;1.52;1.53;0.146;56.3;10.45;5.22;3.07;0.56;1.8;6.75;153.9;119.4;17.4;3.6;13.5;0.63;0.61;0.13;0.16
-1;100;100;50;50;19.24;5.19;14.67;2.4;2.38;0.139;42.5;17.07;8.46;5.01;0.91;3.01;7.26;120.3;81;18.7;6;14.5;1.25;0.67;0.2;0.25;2.01;2.04;0.154;57.5;13.17;6.63;3.86;0.66;2.18;7.41;163.1;118.1;25.9;4.4;14.8;0.82;0.86;0.15;0.2
-1;100;100;50;100;19.51;5.64;16.21;2.52;2.5;0.146;42.4;17.09;8.46;5.14;0.86;2.9;7.93;121.2;82.7;16.9;5.8;15.9;1.26;0.79;0.19;0.26;2.76;2.79;0.167;57.6;16.73;8.48;4.83;0.86;2.74;8.27;164.4;115.4;27;5.5;16.5;1.03;1.3;0.2;0.26
-1;100;100;100;0;21.49;5.11;14.64;2.39;2.33;0.132;51.1;17.64;8.7;5.29;0.92;3.02;7.24;123.7;77.4;25.8;6;14.5;1.18;0.67;0.2;0.28;1.76;1.79;0.146;48.9;12.24;6.07;3.67;0.65;2.08;7.4;118.5;82.6;16.9;4.2;14.8;0.85;0.61;0.14;0.2
-1;100;100;100;50;21.53;5.8;16.74;2.59;2.54;0.141;48.9;17.95;8.87;5.35;0.95;2.99;8.37;124.5;77.6;24.1;6;16.7;1.18;0.87;0.2;0.29;2.63;2.54;0.152;51.1;16.63;8.45;4.84;0.83;2.82;8.37;130;82.3;25.3;5.6;16.7;1.24;0.86;0.19;0.25
-1;100;100;100;100;21.6;6.26;18.24;2.89;2.78;0.151;48.6;18.39;9.12;5.47;0.96;2.99;9.02;125;78.3;22.7;6;18;1.19;1.1;0.21;0.28;3.18;3.21;0.163;51.4;19.67;9.94;5.79;0.96;3.27;9.22;132.2;81.6;25.6;6.5;18.4;1.44;1.24;0.22;0.3
0;0;0;0;0;13.77;1.8;5.34;0.67;0.68;0.124;50;5.36;2.57;1.66;0.29;0.89;2.71;179.3;160.2;11.9;1.8;5.4;0.33;0.2;0.06;0.08;0.69;0.68;0.124;50;5.36;2.6;1.62;0.28;0.91;2.63;179.3;159.8;12.4;1.8;5.3;0.33;0.21;0.06;0.08
0;0;0;0;50;13.44;2.05;5.81;0.72;0.75;0.132;50.3;5.58;2.77;1.68;0.31;0.99;2.94;180.5;161.7;10.9;2;5.9;0.34;0.25;0.06;0.09;0.82;0.8;0.129;49.7;6.13;2.98;1.91;0.31;1.06;2.87;178.6;158.3;12.4;2.1;5.7;0.34;0.29;0.08;0.09
0;0;0;0;100;13.27;2.27;6.31;0.77;0.8;0.136;49.7;5.77;2.83;1.74;0.32;1.01;3.15;182.1;163.6;10.1;2;6.3;0.33;0.31;0.07;0.09;1;0.95;0.132;50.3;7.15;3.55;2.15;0.38;1.25;3.16;184.1;156.4;18.9;2.5;6.3;0.34;0.42;0.09;0.11
0;0;0;50;0;15.66;2.27;6.61;0.76;0.75;0.123;55.8;5.95;2.88;1.83;0.31;1.02;3.3;181;156.8;15.6;2;6.6;0.32;0.26;0.08;0.1;1.01;0.98;0.13;44.2;7.49;3.65;2.31;0.38;1.25;3.31;143.3;122.4;11.8;2.5;6.6;0.57;0.19;0.09;0.12
0;0;0;50;50;15.65;2.84;8.15;0.82;0.85;0.132;55.4;6.36;3.15;1.91;0.31;1.13;4.06;181.3;156.6;14.3;2.3;8.1;0.33;0.35;0.08;0.1;1.35;1.36;0.132;44.6;10.2;4.98;3.08;0.53;1.72;4.09;146.2;122.5;12;3.4;8.2;0.79;0.28;0.12;0.17
0;0;0;50;100;15.46;3.33;9.58;0.97;0.95;0.141;54.1;6.62;3.35;1.94;0.35;1.14;4.7;181.6;156.6;13.4;2.3;9.4;0.32;0.45;0.08;0.1;1.75;1.76;0.135;45.9;12.96;6.29;4;0.68;2.2;4.88;154.3;122.6;17.6;4.4;9.8;1;0.39;0.16;0.21
0;0;0;100;0;17.5;2.63;7.88;0.8;0.81;0.122;63.2;6.59;3.12;2.08;0.36;1.1;3.87;182.1;153.4;18.7;2.2;7.7;0.31;0.32;0.08;0.11;1.3;1.23;0.131;36.8;9.34;4.53;2.86;0.47;1.53;4.02;105.9;83.3;11.5;3.1;8;0.78;0.19;0.11;0.14
0;0;0;100;50;17.77;3.51;10.2;0.96;0.97;0.132;62.3;7.29;3.54;2.27;0.36;1.2;5.13;182.5;151.7;18.2;2.4;10.3;0.31;0.46;0.08;0.12;1.83;1.8;0.134;37.7;13.4;6.55;4.08;0.69;2.31;5.07;110.2;84.1;11.3;4.6;10.1;1.16;0.28;0.15;0.21
0;0;0;100;100;17.77;4.05;11.87;1.14;1.13;0.143;60.6;7.85;3.94;2.32;0.41;1.33;6.01;182.6;150.8;17.1;2.7;12;0.31;0.6;0.09;0.12;2.2;2.21;0.136;39.4;16.27;7.93;4.96;0.89;2.72;5.86;118.6;84.6;16.8;5.4;11.7;1.39;0.37;0.19;0.26
0;0;50;0;0;13.17;2.02;5.78;0.82;0.8;0.128;49.9;6.16;3.09;1.86;0.3;1.09;2.94;179;158.9;12.1;2.2;5.9;0.34;0.29;0.07;0.1;0.69;0.75;0.132;50.1;5.57;2.68;1.69;0.31;0.93;2.84;179.6;161.1;10.9;1.9;5.7;0.33;0.26;0.07;0.08
0;0;50;0;50;12.93;2.11;6.12;0.88;0.87;0.136;50;6.33;3.08;1.97;0.34;1.07;3.11;179.3;159.9;11;2.1;6.2;0.33;0.37;0.07;0.1;0.9;0.87;0.137;50;6.28;3.09;1.81;0.36;1.03;3.01;179.2;160.1;11.1;2.1;6;0.34;0.36;0.08;0.1
0;0;50;0;100;12.63;2.33;6.56;0.96;0.97;0.15;49.5;6.38;3.15;1.93;0.34;1.07;3.23;180.5;162.1;9.8;2.1;6.5;0.33;0.46;0.07;0.1;1.1;1.12;0.152;50.5;7.34;3.66;2.14;0.37;1.25;3.33;184;157.9;16.9;2.5;6.7;0.34;0.58;0.09;0.11
0;0;50;50;0;15.37;2.58;7.39;0.92;0.92;0.127;55.2;7.16;3.47;2.26;0.35;1.24;3.69;179.5;154;15.6;2.5;7.4;0.32;0.39;0.08;0.12;1.04;1.07;0.135;44.8;7.85;3.81;2.4;0.39;1.33;3.69;145.4;124.5;10.8;2.7;7.4;0.59;0.25;0.09;0.13
0;0;50;50;50;15.38;3.07;8.74;1.07;1.05;0.137;54.9;7.57;3.73;2.31;0.37;1.3;4.33;179.6;153.7;14.6;2.6;8.7;0.33;0.51;0.09;0.11;1.39;1.43;0.137;45.1;10.36;5.03;3.1;0.54;1.77;4.41;147.7;124.7;10.6;3.5;8.8;0.8;0.36;0.12;0.16
0;0;50;50;100;14.93;3.52;10.07;1.21;1.2;0.154;54.5;7.77;3.94;2.27;0.36;1.33;4.98;186.1;153.2;20.3;2.7;10;0.33;0.65;0.1;0.12;1.92;1.92;0.145;45.5;13.19;6.54;3.94;0.67;2.19;5.09;155.2;125.1;15.5;4.4;10.2;1.04;0.53;0.15;0.21
0;0;50;100;0;17.48;3;8.63;1.08;1.07;0.132;62.6;8.1;3.9;2.49;0.4;1.36;4.31;180.4;149.6;19.5;2.7;8.6;0.31;0.55;0.1;0.12;1.36;1.31;0.135;37.4;9.62;4.78;2.81;0.52;1.64;4.31;107.5;85.2;10.3;3.3;8.6;0.8;0.24;0.11;0.15
0;0;50;100;50;17.66;3.84;11.07;1.3;1.24;0.143;62.8;8.61;4.22;2.64;0.45;1.47;5.51;189.3;148.2;27.1;2.9;11;0.31;0.69;0.11;0.13;1.91;1.93;0.138;37.2;13.99;6.88;4.21;0.71;2.37;5.56;112.2;85.9;10.4;4.7;11.1;1.2;0.35;0.16;0.23
0;0;50;100;100;17.58;4.36;12.53;1.53;1.46;0.155;61.1;9.36;4.81;2.75;0.43;1.57;6.29;188.7;146.8;26.2;3.1;12.6;0.32;0.89;0.12;0.14;2.47;2.4;0.143;38.9;16.7;8.35;4.95;0.81;2.8;6.24;119.9;86.6;15.2;5.6;12.5;1.43;0.52;0.2;0.26
0;0;100;0;0;12.89;2.08;6.34;0.89;0.93;0.132;50.2;6.99;3.31;2.22;0.34;1.17;3.19;183.3;156.3;18.3;2.3;6.4;0.33;0.41;0.08;0.11;0.73;0.78;0.136;49.8;5.62;2.65;1.76;0.32;0.92;3.15;181.6;163.7;9.8;1.8;6.3;0.34;0.29;0.07;0.08
0;0;100;0;50;12.38;2.38;6.61;1.12;1.11;0.152;50.4;7.3;3.65;2.16;0.36;1.26;3.33;183.7;158;16.5;2.5;6.7;0.35;0.56;0.09;0.11;0.94;0.98;0.151;49.6;6.49;3.25;1.97;0.32;1.12;3.28;180.6;162;9.8;2.2;6.6;0.34;0.46;0.08;0.1
0;0;100;0;100;12.07;2.54;7.08;1.21;1.19;0.162;49.9;7.29;3.79;2.06;0.35;1.25;3.47;184.1;159.7;15;2.5;6.9;0.34;0.65;0.09;0.1;1.13;1.22;0.161;50.1;7.54;3.82;2.25;0.38;1.28;3.61;184.9;160.3;14.9;2.6;7.2;0.36;0.65;0.08;0.12
0;0;100;50;0;15.06;2.87;8.19;1.14;1.18;0.138;55.7;8.51;4.16;2.59;0.46;1.53;4.13;185.4;150.4;23.7;3.1;8.3;0.33;0.6;0.11;0.14;1.17;1.12;0.137;44.3;8.12;4;2.49;0.42;1.34;4.06;147.3;127.2;9.4;2.7;8.1;0.62;0.28;0.09;0.13
0;0;100;50;50;14.83;3.28;9.34;1.29;1.33;0.154;55.3;8.61;4.25;2.56;0.49;1.44;4.62;184.9;150.6;22.2;2.9;9.2;0.33;0.78;0.1;0.13;1.54;1.55;0.145;44.7;10.62;5.29;3.15;0.55;1.84;4.72;149.4;127;9.2;3.7;9.4;0.82;0.44;0.12;0.16
0;0;100;50;100;15;3.7;10.64;1.61;1.54;0.172;54.2;8.96;4.6;2.58;0.44;1.46;5.3;185.2;150.7;21;2.9;10.6;0.33;0.98;0.1;0.14;2.07;2.01;0.15;45.8;13.36;6.74;3.92;0.65;2.24;5.33;156.5;127;14.3;4.5;10.7;1.04;0.61;0.16;0.21
0;0;100;100;0;17.24;3.39;9.73;1.38;1.37;0.138;63;9.92;4.82;3.03;0.5;1.66;4.91;187.4;144.7;29.5;3.3;9.8;0.31;0.78;0.12;0.16;1.39;1.37;0.137;37;9.91;4.96;2.94;0.52;1.73;4.82;109.8;87.6;9;3.5;9.6;0.83;0.27;0.11;0.16
0;0;100;100;50;17.41;4.14;11.82;1.58;1.61;0.156;62;10.29;5.18;3.02;0.56;1.73;5.96;186.2;142.5;28.3;3.5;11.9;0.31;1.03;0.12;0.16;2.05;2.03;0.143;38;14.14;6.96;4.29;0.74;2.41;5.87;114.1;88.7;8.8;4.8;11.7;1.23;0.41;0.17;0.21
0;0;100;100;100;17.53;4.61;13.34;1.82;1.88;0.176;60.4;10.7;5.54;3.08;0.52;1.77;6.66;185.7;142;26.9;3.5;13.3;0.31;1.29;0.12;0.16;2.48;2.49;0.147;39.6;16.93;8.5;4.96;0.85;2.83;6.67;121.5;89;13.5;5.7;13.3;1.47;0.57;0.19;0.26
0;50;0;0;0;15.5;2.51;6.69;1.01;1.01;0.13;44.2;7.72;3.79;2.3;0.41;1.37;3.31;143.4;122.4;11.6;2.7;6.6;0.59;0.2;0.1;0.12;0.74;0.75;0.123;55.8;5.99;2.95;1.82;0.3;1.14;3.38;181.1;156.7;15.3;2.3;6.8;0.32;0.26;0.08;0.09
0;50;0;0;50;15.24;2.68;7.37;1.03;1.07;0.135;44.9;7.88;3.81;2.39;0.41;1.39;3.69;145.6;124.8;10.7;2.8;7.4;0.6;0.24;0.1;0.13;0.88;0.92;0.127;55.1;7.13;3.51;2.15;0.37;1.3;3.68;179;153.6;15.5;2.6;7.4;0.32;0.39;0.09;0.12
0;50;0;0;100;14.96;2.82;8.1;1.14;1.13;0.138;44.1;8.19;4.09;2.43;0.4;1.37;4;146.7;126.7;9.3;2.7;8;0.62;0.28;0.11;0.13;1.13;1.15;0.137;55.9;8.34;4.07;2.51;0.43;1.45;4.1;185.9;151.1;23.6;2.9;8.2;0.33;0.59;0.1;0.13
0;50;0;50;0;17.45;2.86;8.03;0.99;1.05;0.128;49.9;8.18;3.94;2.48;0.45;1.43;4;145.8;119.9;15.1;2.9;8;0.57;0.26;0.1;0.13;1.02;1.05;0.128;50.1;8.11;3.92;2.46;0.43;1.44;4.03;146.1;120.1;15;2.9;8.1;0.57;0.25;0.1;0.12
0;50;0;50;50;17.35;3.28;9.52;1.18;1.15;0.134;49.9;8.51;4.19;2.58;0.44;1.4;4.79;146.9;120.7;13.9;2.8;9.6;0.57;0.34;0.1;0.13;1.47;1.45;0.131;50.1;10.98;5.32;3.35;0.58;1.89;4.73;147.6;119.3;15.1;3.8;9.5;0.78;0.37;0.13;0.17
0;50;0;50;100;17.44;3.87;11.35;1.24;1.26;0.141;48.5;8.88;4.35;2.69;0.46;1.48;5.67;148.4;121.2;12.9;3;11.3;0.57;0.44;0.1;0.14;1.99;1.94;0.137;51.5;14.07;6.92;4.26;0.76;2.39;5.68;157.6;118.8;22.7;4.8;11.4;0.99;0.57;0.16;0.22
0;50;0;100;0;19.13;3.29;9.13;1.1;1.12;0.126;57.6;8.78;4.27;2.64;0.45;1.54;4.62;148;117.6;18.1;3.1;9.2;0.56;0.31;0.1;0.14;1.3;1.29;0.13;42.4;9.88;4.83;2.95;0.53;1.75;4.51;108.9;81.6;14.7;3.5;9;0.78;0.24;0.12;0.15
0;50;0;100;50;19.62;4.13;11.82;1.26;1.29;0.134;56.7;9.59;4.72;2.95;0.47;1.66;5.93;149;116.4;17.4;3.3;11.9;0.57;0.44;0.12;0.16;1.92;1.9;0.133;43.3;14.22;6.99;4.34;0.75;2.47;5.89;113.6;82.4;14.5;4.9;11.8;1.15;0.36;0.16;0.22
0;50;0;100;100;19.64;4.55;13.2;1.38;1.38;0.141;55;9.7;4.82;2.9;0.48;1.62;6.58;150.3;117.6;16.3;3.2;13.2;0.56;0.56;0.11;0.15;2.34;2.38;0.138;45;17.24;8.44;5.22;0.88;2.93;6.62;123.1;81.6;22.4;5.9;13.2;1.35;0.56;0.21;0.26
0;50;50;0;0;15.39;2.78;8.09;1.36;1.34;0.133;44.7;10.08;4.84;3.13;0.54;1.68;4.12;146;122.9;11.5;3.4;8.2;0.79;0.28;0.12;0.16;0.84;0.85;0.132;55.3;6.39;3.14;1.92;0.33;1.1;3.97;180.8;156.2;14.5;2.2;7.9;0.33;0.35;0.08;0.1
0;50;50;0;50;15.17;2.93;8.87;1.5;1.44;0.137;45.3;10.46;5.15;3.15;0.55;1.71;4.49;148;125.1;10.4;3.4;9;0.82;0.34;0.12;0.16;0.99;1.04;0.137;54.7;7.54;3.6;2.34;0.4;1.22;4.38;178.9;153.2;14.5;2.4;8.8;0.32;0.51;0.09;0.12
0;50;50;0;100;14.76;3.28;9.42;1.52;1.57;0.145;44.7;10.75;5.3;3.24;0.56;1.84;4.72;149.5;127.2;9.2;3.7;9.4;0.82;0.44;0.13;0.18;1.32;1.35;0.154;55.3;8.72;4.33;2.59;0.44;1.44;4.7;184.8;150.4;22.1;2.9;9.4;0.33;0.78;0.1;0.14
0;50;50;50;0;17.4;3.38;9.67;1.44;1.45;0.131;50;11.01;5.47;3.29;0.57;1.92;4.85;147.5;118.8;15.2;3.8;9.7;0.76;0.38;0.13;0.18;1.1;1.15;0.134;50;8.54;4.18;2.65;0.4;1.47;4.83;147.6;121.2;13.9;2.9;9.7;0.59;0.33;0.1;0.14
0;50;50;50;50;17.19;3.9;11.15;1.51;1.57;0.137;50;11.34;5.48;3.46;0.56;1.93;5.59;148.8;120;13.7;3.9;11.2;0.78;0.47;0.13;0.19;1.65;1.58;0.138;50;11.44;5.71;3.45;0.61;1.97;5.56;149;120;14;3.9;11.1;0.78;0.48;0.14;0.18
0;50;50;50;100;17.41;4.4;12.45;1.84;1.74;0.148;49.8;11.71;5.84;3.49;0.57;1.98;6.09;156.5;120.9;19.5;4;12.2;0.79;0.63;0.14;0.17;2.13;2.12;0.147;50.2;14.36;7.12;4.29;0.7;2.42;6.36;157.9;119.1;21.2;4.8;12.7;0.98;0.75;0.17;0.23
0;50;50;100;0;19.48;3.83;11.07;1.61;1.62;0.134;57.5;12.05;5.96;3.65;0.62;2.1;5.55;150.1;115.9;18.9;4.2;11.1;0.76;0.53;0.14;0.19;1.41;1.39;0.135;42.5;10.25;4.99;3.18;0.55;1.73;5.52;110.7;82.7;13.5;3.5;11;0.78;0.32;0.12;0.17
0;50;50;100;50;19.34;4.54;13.23;1.78;1.77;0.141;58.2;12.51;6.16;3.82;0.65;2.1;6.67;159.3;115.5;26.3;4.2;13.3;0.76;0.67;0.14;0.2;2.12;2.01;0.138;41.8;14.56;7.22;4.31;0.75;2.45;6.57;114.4;83;13.4;4.9;13.1;1.15;0.46;0.17;0.22
0;50;50;100;100;19.68;5.1;14.82;2;1.93;0.15;56.3;12.87;6.41;3.82;0.69;2.1;7.47;159.8;116;24.7;4.2;14.9;0.74;0.84;0.15;0.2;2.61;2.6;0.145;43.7;17.84;8.87;5.25;0.95;3;7.35;124.1;82.7;20.7;6;14.7;1.38;0.73;0.21;0.28
0;50;100;0;0;15.45;3.35;9.5;1.79;1.75;0.135;45.8;12.95;6.31;3.91;0.69;2.2;4.75;153.7;122.3;17.5;4.4;9.5;1;0.39;0.15;0.21;0.98;0.96;0.142;54.2;6.72;3.4;1.95;0.34;1.15;4.75;182.1;157;13.3;2.3;9.5;0.33;0.45;0.09;0.11
0;50;100;0;50;15.06;3.63;10.35;1.98;1.96;0.145;45.4;13.47;6.85;3.97;0.7;2.29;5.2;155.5;124.8;15.8;4.6;10.4;1.04;0.55;0.16;0.22;1.3;1.22;0.153;54.6;7.89;4;2.34;0.41;1.34;5.16;186.8;153.7;20.1;2.7;10.3;0.32;0.67;0.09;0.12
0;50;100;0;100;14.66;3.62;10.64;2.08;2.02;0.15;45.9;13.43;6.74;3.96;0.68;2.19;5.32;156.2;127.2;14;4.4;10.6;1.06;0.6;0.16;0.21;1.56;1.51;0.172;54.1;8.75;4.49;2.58;0.41;1.43;5.32;184.3;150.3;20.5;2.9;10.6;0.32;0.96;0.1;0.14
0;50;100;50;0;17.22;3.83;11.16;2.02;1.95;0.138;51.5;14.14;6.98;4.26;0.69;2.35;5.69;157.1;118.3;22.7;4.7;11.4;0.99;0.57;0.17;0.22;1.24;1.24;0.141;48.5;8.8;4.36;2.62;0.44;1.48;5.47;148.2;121.7;12.6;3;10.9;0.59;0.42;0.1;0.14
0;50;100;50;50;17.34;4.31;12.45;2.1;2.1;0.147;50.4;14.22;7.09;4.2;0.7;2.4;6.36;158.2;119.8;20.9;4.8;12.7;0.99;0.72;0.17;0.22;1.77;1.74;0.148;49.6;11.73;5.79;3.56;0.6;1.92;6.09;155.9;120.2;19.7;3.8;12.2;0.78;0.64;0.14;0.17
0;50;100;50;100;17.07;4.88;14.03;2.28;2.31;0.157;49.8;14.65;7.45;4.28;0.7;2.48;6.98;157.7;119.5;19.3;5;14;1;0.91;0.17;0.22;2.3;2.29;0.157;50.2;14.54;7.35;4.28;0.73;2.39;7.06;158.6;120.5;19.3;4.8;14.1;1;0.9;0.17;0.22
0;50;100;100;0;19.45;4.43;12.53;2.07;2.1;0.138;58.6;15.21;7.51;4.54;0.76;2.62;6.19;159.6;113.5;28.5;5.2;12.4;0.93;0.75;0.18;0.23;1.51;1.49;0.14;41.4;10.63;5.28;3.2;0.52;1.81;6.33;112.9;84.3;12.2;3.6;12.7;0.8;0.41;0.12;0.17
0;50;100;100;50;19.7;5.08;15.09;2.35;2.38;0.149;56.7;15.92;7.82;4.82;0.85;2.63;7.62;160.8;113.3;27.1;5.3;15.2;0.95;1;0.18;0.25;2.11;2.15;0.145;43.3;14.82;7.22;4.55;0.75;2.45;7.47;122.6;84.5;18.3;4.9;14.9;1.16;0.6;0.17;0.23
0;50;100;100;100;19.5;5.64;16.41;2.47;2.58;0.162;56;15.94;7.95;4.72;0.84;2.58;8.06;160;113.5;25.3;5.2;16.1;0.93;1.22;0.18;0.24;2.84;2.76;0.153;44;18.03;9.2;5.29;0.9;3.06;8.35;125.7;84.4;18.5;6.1;16.7;1.4;0.87;0.2;0.29
0;100;0;0;0;17.36;2.75;7.98;1.3;1.25;0.131;36.6;9.46;4.65;2.86;0.5;1.64;3.97;105.6;82.9;11.4;3.3;7.9;0.78;0.2;0.11;0.15;0.83;0.81;0.122;63.4;6.57;3.16;2.04;0.36;1.11;4.01;182.9;154.1;18.5;2.2;8;0.32;0.31;0.07;0.11
0;100;0;0;50;17.43;3.15;8.76;1.31;1.33;0.136;37.3;9.79;4.86;2.92;0.5;1.73;4.32;107.5;84.8;10.5;3.5;8.6;0.81;0.25;0.13;0.15;1.02;1.06;0.132;62.7;7.97;3.84;2.42;0.44;1.42;4.44;181;150.3;19;2.8;8.9;0.31;0.53;0.1;0.12
0;100;0;0;100;17.1;3.4;9.65;1.38;1.38;0.138;36.8;9.99;4.88;3.04;0.51;1.74;4.74;109.3;87.3;9;3.5;9.5;0.84;0.27;0.12;0.15;1.35;1.35;0.137;63.2;9.75;4.82;2.97;0.47;1.66;4.91;187.7;145.3;29.2;3.3;9.8;0.32;0.76;0.11;0.16
0;100;0;50;0;19.27;3.24;9.35;1.34;1.31;0.13;42.4;10.05;4.92;3.05;0.55;1.73;4.64;109;81.5;14.8;3.5;9.3;0.78;0.25;0.12;0.16;1.13;1.12;0.127;57.6;8.79;4.26;2.71;0.49;1.51;4.71;148.4;117.7;18.2;3;9.4;0.56;0.31;0.1;0.15
0;100;0;50;50;19.43;3.89;10.93;1.39;1.4;0.135;42.5;10.3;5.09;3.09;0.51;1.82;5.42;110.8;82.6;13.8;3.6;10.8;0.79;0.32;0.13;0.16;1.56;1.59;0.134;57.5;11.86;5.83;3.58;0.59;2.07;5.51;149.9;116.2;18.6;4.1;11;0.76;0.52;0.14;0.18
0;100;0;50;100;19.43;4.34;12.55;1.57;1.53;0.141;41.1;10.82;5.34;3.21;0.56;1.81;6.23;112.3;83.7;12.6;3.6;12.5;0.79;0.43;0.13;0.17;2.15;2.1;0.138;58.9;15.21;7.5;4.56;0.75;2.53;6.32;160.7;114.5;28.5;5.1;12.6;0.94;0.74;0.18;0.24
0;100;0;100;0;21.12;3.74;10.49;1.32;1.37;0.129;50;10.59;5.21;3.2;0.54;1.89;5.24;112.2;79.8;18.2;3.8;10.5;0.75;0.32;0.13;0.16;1.35;1.36;0.129;50;10.47;5.14;3.17;0.55;1.85;5.26;112.2;80.2;17.8;3.7;10.5;0.76;0.31;0.13;0.17
0;100;0;100;50;21.5;4.47;12.78;1.5;1.5;0.135;49.7;11.13;5.46;3.38;0.57;1.92;6.45;114.2;80.4;17;3.8;12.9;0.76;0.43;0.14;0.17;2;2.03;0.135;50.3;14.97;7.29;4.58;0.78;2.55;6.33;115.5;79.6;18.1;5.1;12.7;1.1;0.51;0.19;0.23
0;100;0;100;100;21.43;5.1;14.65;1.65;1.66;0.141;47.6;11.77;5.75;3.52;0.65;1.98;7.35;115.4;81;15.8;4;14.7;0.78;0.57;0.13;0.19;2.56;2.52;0.138;52.4;18.23;9.03;5.38;0.97;3.12;7.3;127.1;79;27.2;6.2;14.6;1.31;0.71;0.22;0.28
0;100;50;0;0;18.02;3.53;10.12;1.77;1.8;0.134;37.8;13.38;6.58;4;0.69;2.28;5.08;110.5;84.4;11.4;4.6;10.2;1.16;0.27;0.16;0.21;0.98;0.95;0.132;62.2;7.15;3.45;2.22;0.37;1.25;5.04;181.9;151.2;18.2;2.5;10.1;0.3;0.46;0.09;0.1
0;100;50;0;50;17.56;3.8;11.23;1.92;1.9;0.138;37.3;13.8;6.83;4.21;0.68;2.3;5.53;112.2;86.3;10.1;4.6;11.1;1.2;0.33;0.16;0.21;1.24;1.27;0.143;62.7;8.83;4.36;2.67;0.42;1.5;5.7;189;147.3;27.3;3;11.4;0.32;0.71;0.1;0.14
0;100;50;0;100;17.29;4.07;11.84;2.03;2.03;0.143;38;14.16;7.03;4.22;0.73;2.38;5.9;113.9;88.4;8.9;4.8;11.8;1.23;0.42;0.16;0.22;1.65;1.61;0.156;62;10.28;5.16;3.04;0.52;1.69;5.94;186.2;143.1;27.8;3.4;11.9;0.32;1.01;0.12;0.15
0;100;50;50;0;19.53;4.07;11.48;1.95;1.9;0.133;43.3;14.22;7.05;4.28;0.69;2.48;5.83;113.4;82.2;14.6;5;11.7;1.14;0.36;0.18;0.23;1.28;1.26;0.133;56.7;9.42;4.59;2.84;0.48;1.59;5.65;148.6;116.7;17.4;3.2;11.3;0.57;0.44;0.11;0.14
0;100;50;50;50;19.57;4.68;13.23;2.03;2;0.138;41.8;14.49;7.11;4.39;0.78;2.45;6.63;114.7;83.2;13.3;4.9;13.3;1.15;0.45;0.17;0.23;1.75;1.78;0.142;58.2;12.55;6.25;3.67;0.69;2.24;6.6;159.6;115.2;26.7;4.5;13.2;0.75;0.68;0.15;0.2
0;100;50;50;100;19.47;5.11;14.78;2.17;2.18;0.145;43.3;14.97;7.3;4.46;0.83;2.46;7.35;122.3;84.3;18.4;4.9;14.7;1.17;0.6;0.18;0.23;2.27;2.32;0.149;56.7;15.49;7.7;4.57;0.84;2.64;7.42;160.2;113.6;26.6;5.3;14.8;0.93;0.96;0.19;0.24
0;100;50;100;0;21.39;4.4;12.95;2.04;2.03;0.135;50.4;15.04;7.29;4.59;0.81;2.51;6.51;115.7;79.7;18;5;13;1.1;0.52;0.18;0.24;1.55;1.51;0.134;49.6;11.19;5.54;3.36;0.58;1.89;6.44;114;80.3;17;3.8;12.9;0.78;0.43;0.12;0.18
0;100;50;100;50;21.46;5.23;15.05;2.23;2.23;0.141;50.2;15.77;7.82;4.65;0.8;2.68;7.58;126.1;79.9;25.6;5.4;15.2;1.12;0.66;0.19;0.25;2.25;2.18;0.14;49.8;15.47;7.57;4.68;0.78;2.55;7.47;125.3;80.1;25.1;5.1;14.9;1.11;0.65;0.18;0.24
0;100;50;100;100;21.52;5.93;16.86;2.37;2.37;0.147;49.9;16.08;7.99;4.79;0.82;2.75;8.48;127.1;80.9;23.7;5.5;17;1.13;0.8;0.19;0.26;2.77;2.77;0.147;50.1;18.77;9.34;5.59;0.95;3.18;8.39;127.9;79.1;25.7;6.4;16.8;1.31;0.93;0.23;0.3
0;100;100;0;0;17.72;4.15;11.92;2.17;2.23;0.136;39.6;16.39;8.05;4.91;0.86;2.79;5.98;119.1;84.9;16.7;5.6;12;1.4;0.38;0.19;0.26;1.14;1.14;0.143;60.4;7.95;3.94;2.37;0.39;1.36;5.94;181.8;150.2;17;2.7;11.9;0.31;0.6;0.09;0.13
0;100;100;0;50;17.5;4.34;12.53;2.42;2.41;0.143;38.9;16.74;8.24;5.05;0.89;2.82;6.28;120.1;86.5;15.4;5.6;12.6;1.43;0.52;0.2;0.26;1.43;1.42;0.155;61.1;9.1;4.56;2.71;0.47;1.52;6.25;188.4;147;25.9;3;12.5;0.31;0.86;0.11;0.14
0;100;100;0;100;17.52;4.53;13.36;2.5;2.52;0.147;39.6;17.09;8.51;5.1;0.83;2.87;6.75;121.7;88.9;13.6;5.7;13.5;1.47;0.58;0.2;0.26;1.94;1.88;0.175;60.4;10.7;5.48;3.14;0.54;1.66;6.61;185.5;142.1;26.9;3.3;13.2;0.31;1.29;0.12;0.16
0;100;100;50;0;19.4;4.75;13.32;2.46;2.4;0.138;45;17.36;8.7;5.05;0.89;3.03;6.67;122.8;81.8;21.6;6.1;13.3;1.38;0.54;0.2;0.27;1.38;1.41;0.142;55;9.92;4.89;3.01;0.51;1.72;6.65;150.1;117.3;16.1;3.4;13.3;0.57;0.57;0.13;0.15
0;100;100;50;50;19.43;5.12;14.78;2.54;2.55;0.145;43.8;17.51;8.67;5.26;0.93;2.97;7.42;124;83.2;20;5.9;14.8;1.38;0.71;0.2;0.26;2;1.93;0.15;56.2;12.84;6.44;3.72;0.67;2.15;7.36;159.2;115.2;25;4.3;14.7;0.75;0.84;0.14;0.2
0;100;100;50;100;19.44;5.63;16.4;2.74;2.76;0.153;43.9;18.01;9.02;5.35;0.91;3.01;8.22;125.2;84.1;18.6;6;16.4;1.4;0.88;0.2;0.28;2.58;2.58;0.161;56.1;15.98;8.03;4.7;0.84;2.62;8.18;160.3;113.8;24.9;5.2;16.4;0.95;1.21;0.18;0.24
0;100;100;100;0;21.59;5.04;14.65;2.61;2.57;0.138;52.5;18.57;9.02;5.74;0.95;3.14;7.3;127.5;78.7;27.9;6.3;14.6;1.32;0.73;0.23;0.3;1.63;1.63;0.141;47.5;11.54;5.62;3.54;0.59;1.9;7.35;115.5;81.3;15.8;3.8;14.7;0.75;0.56;0.13;0.19
0;100;100;100;50;21.72;5.9;17.04;2.79;2.78;0.147;50.2;18.88;9.35;5.72;0.94;3.19;8.49;128.3;78.9;26.1;6.4;17;1.31;0.96;0.22;0.3;2.33;2.37;0.147;49.8;16.08;7.97;4.84;0.83;2.7;8.55;127.3;81.1;23.6;5.4;17.1;1.12;0.81;0.19;0.26
0;100;100;100;100;21.6;6.4;18.3;3.01;2.97;0.157;49.9;18.95;9.53;5.59;0.92;3.15;9.06;128.3;79.8;24.1;6.3;18.1;1.32;1.16;0.21;0.28;2.94;2.99;0.157;50.1;19.06;9.57;5.68;0.91;3.25;9.24;129;80.2;23.8;6.5;18.5;1.33;1.16;0.22;0.29
1;0;0;0;0;13.76;1.87;5.38;0.75;0.74;0.129;51.3;5.64;2.77;1.73;0.29;0.98;2.62;183.9;163.5;13.2;2;5.2;0.35;0.23;0.07;0.09;0.6;0.62;0.119;48.7;5.07;2.41;1.59;0.29;0.89;2.76;174.7;156.4;11;1.8;5.5;0.3;0.18;0.06;0.08
1;0;0;0;50;13.02;1.97;5.83;0.82;0.8;0.136;51.6;5.79;2.87;1.75;0.27;0.99;2.94;184.7;165.4;11.5;2;5.9;0.37;0.28;0.07;0.09;0.75;0.73;0.123;48.4;5.84;2.81;1.81;0.3;0.99;2.89;173.5;154.6;11.2;2;5.8;0.31;0.27;0.06;0.09
1;0;0;0;100;12.88;2.17;6.29;0.87;0.86;0.141;51.1;6.07;3;1.83;0.31;1.04;3.16;186.5;167.5;10.6;2.1;6.3;0.37;0.32;0.07;0.1;0.92;0.88;0.128;48.9;6.77;3.26;2.03;0.37;1.12;3.13;178.3;152.7;17.1;2.2;6.3;0.31;0.38;0.08;0.1
1;0;0;50;0;15.58;2.33;6.65;0.78;0.8;0.127;57.1;6.21;2.95;1.93;0.35;1.06;3.38;185.8;160.6;16.3;2.1;6.8;0.34;0.28;0.07;0.1;0.93;0.91;0.123;42.9;7.29;3.55;2.22;0.37;1.26;3.27;139.3;119.4;10.8;2.5;6.5;0.53;0.18;0.08;0.12
1;0;0;50;50;15.53;2.86;8.09;0.86;0.89;0.136;56.7;6.51;3.17;1.94;0.37;1.15;4.05;185.8;160;15.3;2.3;8.1;0.35;0.36;0.07;0.1;1.24;1.23;0.126;43.3;9.68;4.7;2.99;0.52;1.71;4.04;142;119.8;10.7;3.4;8.1;0.72;0.25;0.11;0.15
1;0;0;50;100;15.44;3.29;9.51;1.02;1.02;0.145;55.5;6.94;3.44;2.05;0.33;1.16;4.74;186.7;160.6;14.2;2.3;9.5;0.36;0.48;0.08;0.11;1.7;1.64;0.129;44.5;12.64;6.14;3.86;0.66;2.14;4.76;149.5;119.4;16.3;4.3;9.5;0.92;0.37;0.15;0.2
1;0;0;100;0;17.43;2.77;7.94;0.9;0.9;0.127;64.7;7.01;3.42;2.08;0.42;1.19;4.04;187.9;157.9;19.5;2.4;8.1;0.35;0.34;0.09;0.11;1.17;1.15;0.125;35.3;9.13;4.42;2.82;0.45;1.58;3.9;102.4;80.8;10.6;3.2;7.8;0.71;0.18;0.11;0.15
1;0;0;100;50;17.62;3.46;10.12;0.95;1;0.135;63.5;7.35;3.51;2.31;0.41;1.23;5.07;186.7;155.5;18.6;2.5;10.1;0.34;0.46;0.09;0.12;1.65;1.66;0.127;36.5;12.95;6.3;3.93;0.67;2.23;5.06;107;82;10.4;4.5;10.1;1.05;0.25;0.16;0.2
1;0;0;100;100;17.64;4.02;11.82;1.1;1.18;0.146;61.7;8.03;3.88;2.5;0.42;1.34;5.81;186;153.8;17.9;2.7;11.6;0.34;0.62;0.1;0.12;2.09;2.06;0.129;38.3;15.91;7.67;4.87;0.83;2.69;6.01;115.5;82.8;15.3;5.4;12;1.28;0.34;0.19;0.25
1;0;50;0;0;13.33;2.04;5.87;0.81;0.86;0.132;51.2;6.45;3.1;1.99;0.34;1.1;3;183.8;162.6;13;2.2;6;0.37;0.31;0.08;0.11;0.66;0.68;0.127;48.8;5.24;2.55;1.6;0.26;0.94;2.87;174.9;157.2;10.1;1.9;5.7;0.3;0.24;0.06;0.08
1;0;50;0;50;12.88;2.12;6.25;0.98;0.95;0.141;51.2;6.68;3.34;2.01;0.33;1.11;3.14;183.8;163.4;11.9;2.2;6.3;0.37;0.4;0.08;0.11;0.84;0.8;0.132;48.8;5.97;2.96;1.8;0.3;1.01;3.11;174.9;156.5;10.2;2;6.2;0.31;0.33;0.07;0.09
1;0;50;0;100;12.43;2.35;6.72;1.07;1.08;0.155;50.8;6.96;3.41;2.07;0.39;1.15;3.37;185;165.2;10.8;2.3;6.7;0.38;0.51;0.08;0.11;1.06;1.03;0.147;49.2;6.96;3.51;2.05;0.38;1.19;3.35;179;154.8;15.1;2.4;6.7;0.32;0.52;0.09;0.11
1;0;50;50;0;15.2;2.58;7.25;0.95;0.97;0.131;56.7;7.37;3.66;2.15;0.38;1.27;3.61;184.2;158.1;16.4;2.5;7.2;0.36;0.4;0.09;0.12;0.96;0.96;0.129;43.3;7.42;3.62;2.23;0.41;1.31;3.63;140.8;121.2;9.7;2.6;7.3;0.53;0.22;0.09;0.12
1;0;50;50;50;15.28;3.07;8.84;1.16;1.11;0.14;56.1;7.88;3.88;2.37;0.4;1.33;4.43;183.8;156.7;15.6;2.7;8.9;0.36;0.54;0.09;0.12;1.26;1.32;0.131;43.9;10;4.85;3.05;0.56;1.74;4.41;143.9;122.2;9.4;3.5;8.8;0.73;0.31;0.11;0.16
1;0;50;50;100;15.24;3.54;10.11;1.3;1.28;0.157;56;8.1;4.17;2.36;0.38;1.4;5.13;192.1;157.2;21.9;2.8;10.3;0.34;0.71;0.1;0.12;1.83;1.76;0.138;44;12.65;6.25;3.81;0.64;2.15;4.98;150.7;121.9;14.6;4.3;10;0.92;0.5;0.14;0.19
1;0;50;100;0;17.51;3.1;8.95;1.16;1.17;0.135;63.9;8.65;4.21;2.57;0.46;1.45;4.56;185.2;152.9;20.2;2.9;9.1;0.36;0.57;0.11;0.14;1.21;1.21;0.129;36.1;9.32;4.58;2.89;0.46;1.65;4.38;104.5;83.1;9.3;3.3;8.8;0.73;0.22;0.11;0.15
1;0;50;100;50;17.66;3.71;10.85;1.3;1.32;0.146;64;9;4.37;2.8;0.44;1.49;5.47;193.8;150.8;29.1;3;10.9;0.33;0.74;0.11;0.14;1.76;1.73;0.131;36;13.16;6.39;3.96;0.73;2.22;5.38;108.7;84.1;9.4;4.4;10.8;1.07;0.31;0.16;0.2
1;0;50;100;100;17.61;4.38;12.49;1.57;1.53;0.158;62.5;9.63;4.91;2.84;0.46;1.61;6.34;193.8;150.3;27.6;3.2;12.7;0.34;0.93;0.11;0.15;2.18;2.22;0.137;37.5;16.17;7.96;4.86;0.83;2.78;6.15;116.1;84.4;13.8;5.6;12.3;1.29;0.47;0.2;0.26
1;0;100;0;0;13;2.18;6.29;1.03;1.03;0.136;51.6;7.51;3.65;2.23;0.41;1.28;3.12;188.6;159.8;20;2.6;6.2;0.37;0.44;0.09;0.12;0.74;0.73;0.132;48.4;5.42;2.63;1.68;0.3;0.9;3.17;177;159.9;9;1.8;6.3;0.3;0.27;0.07;0.09
1;0;100;0;50;12.46;2.29;6.5;1.17;1.2;0.156;51.6;7.65;3.75;2.31;0.38;1.25;3.3;188.1;160.8;18.2;2.5;6.6;0.38;0.61;0.09;0.12;0.89;0.88;0.145;48.4;6.03;3;1.75;0.32;1.05;3.21;176.2;158.9;8.8;2.1;6.4;0.31;0.41;0.07;0.09
1;0;100;0;100;11.93;2.44;6.95;1.31;1.29;0.166;51.3;7.75;3.9;2.29;0.38;1.28;3.55;188.9;162.9;16.3;2.6;7.1;0.38;0.7;0.09;0.12;1.08;1.07;0.157;48.7;6.79;3.44;2.03;0.33;1.16;3.4;179.2;157;13.1;2.3;6.8;0.31;0.58;0.08;0.1
1;0;100;50;0;15.23;2.83;8.25;1.25;1.28;0.141;57;9.07;4.46;2.76;0.44;1.54;4.13;190.6;153.5;25.8;3.1;8.3;0.37;0.65;0.11;0.15;1.02;1.01;0.131;43;7.67;3.76;2.36;0.41;1.29;4.12;143.8;124.4;8.5;2.6;8.2;0.55;0.25;0.09;0.13
1;0;100;50;50;15.19;3.24;9.46;1.41;1.46;0.157;56.6;9.26;4.67;2.71;0.42;1.55;4.77;190.4;153.8;24;3.1;9.5;0.36;0.85;0.1;0.15;1.4;1.43;0.139;43.4;10.24;4.96;3.1;0.51;1.69;4.69;145.7;124.2;8.8;3.4;9.4;0.74;0.42;0.11;0.16
1;0;100;50;100;14.77;3.64;10.59;1.61;1.63;0.175;55.5;9.32;4.72;2.77;0.45;1.49;5.35;189.3;153.5;22.1;3;10.7;0.36;1.03;0.09;0.15;1.88;1.83;0.143;44.5;12.78;6.32;3.76;0.64;2.15;5.24;152;124.5;12.8;4.3;10.5;0.95;0.55;0.14;0.19
1;0;100;100;0;17.31;3.35;9.63;1.47;1.43;0.14;64.4;10.2;5.1;3.04;0.5;1.73;4.92;192.5;148.1;31.1;3.5;9.8;0.34;0.81;0.12;0.17;1.3;1.25;0.131;35.6;9.52;4.62;2.94;0.48;1.62;4.71;106.3;85.4;8.2;3.2;9.4;0.75;0.25;0.11;0.15
1;0;100;100;50;17.58;4.17;11.77;1.71;1.71;0.159;63.2;10.76;5.4;3.14;0.56;1.79;5.93;191.1;146;29.6;3.6;11.9;0.34;1.08;0.13;0.16;1.92;1.86;0.136;36.8;13.62;6.68;4.17;0.68;2.38;5.83;111;86.4;8.2;4.8;11.7;1.1;0.39;0.16;0.21
1;0;100;100;100;17.45;4.61;13.27;2.09;2.02;0.178;61.4;11.32;5.9;3.21;0.55;1.82;6.59;188.9;143.6;28.5;3.6;13.2;0.34;1.39;0.12;0.17;2.3;2.29;0.139;38.6;16.39;8.05;4.93;0.91;2.79;6.68;118.3;87.5;11.9;5.6;13.4;1.33;0.5;0.19;0.27
1;50;0;0;0;15.54;2.38;6.86;1.08;1.07;0.135;45.8;7.91;3.86;2.4;0.41;1.35;3.46;148.1;125.9;12.6;2.7;6.9;0.65;0.21;0.09;0.12;0.74;0.71;0.119;54.2;5.82;2.84;1.77;0.33;1.04;3.41;175.5;152.2;14.4;2.1;6.8;0.3;0.24;0.07;0.1
1;50;0;0;50;15.03;2.55;7.36;1.22;1.17;0.141;46.1;8.28;4.17;2.42;0.44;1.4;3.72;149;127.5;11.3;2.8;7.4;0.67;0.27;0.1;0.13;0.84;0.85;0.123;53.9;6.82;3.26;2.08;0.35;1.15;3.63;174.3;150.2;14.5;2.3;7.3;0.31;0.35;0.08;0.11
1;50;0;0;100;14.98;2.76;8.23;1.18;1.21;0.143;45.8;8.44;4.17;2.55;0.44;1.44;4.15;151.7;130.4;10.1;2.9;8.3;0.68;0.31;0.1;0.13;1.12;1.09;0.134;54.2;8.1;3.97;2.46;0.43;1.32;4.09;179.8;146.5;22.4;2.6;8.2;0.29;0.58;0.09;0.13
1;50;0;50;0;17.62;2.78;8.15;1.14;1.14;0.133;51.5;8.51;4.15;2.61;0.43;1.46;4.06;150.4;123.3;16.1;2.9;8.1;0.64;0.27;0.1;0.13;0.99;0.96;0.122;48.5;7.83;3.76;2.38;0.38;1.32;4.1;141.7;116.7;14.2;2.6;8.2;0.51;0.24;0.09;0.12
1;50;0;50;50;17.39;3.37;9.71;1.26;1.25;0.139;51;8.91;4.38;2.67;0.47;1.5;4.81;150.6;123.3;14.7;3;9.6;0.64;0.36;0.1;0.14;1.39;1.35;0.126;49;10.67;5.26;3.22;0.52;1.87;4.9;144.5;116.7;14.2;3.7;9.8;0.7;0.36;0.12;0.17
1;50;0;50;100;17.33;3.78;11.15;1.38;1.35;0.146;50;9.25;4.58;2.73;0.5;1.54;5.6;152.6;124.6;13.7;3.1;11.2;0.65;0.46;0.11;0.14;1.86;1.8;0.132;50;13.57;6.56;4.13;0.69;2.24;5.55;152.5;115.5;21.4;4.5;11.1;0.89;0.54;0.15;0.22
1;50;0;100;0;19.3;3.16;9.21;1.25;1.22;0.132;58.9;9.2;4.53;2.74;0.47;1.56;4.62;151.8;120.2;19.3;3.1;9.2;0.63;0.33;0.11;0.15;1.14;1.18;0.124;41.1;9.43;4.5;2.92;0.52;1.6;4.59;105.7;79.6;13.7;3.2;9.2;0.69;0.23;0.11;0.15
1;50;0;100;50;19.36;4.05;11.48;1.35;1.36;0.138;58.2;9.81;4.89;2.9;0.51;1.67;5.88;152.7;119.3;18.4;3.3;11.8;0.61;0.47;0.11;0.16;1.75;1.71;0.127;41.8;13.41;6.59;4.05;0.68;2.37;5.6;109.5;80.2;13.3;4.7;11.2;1.02;0.32;0.17;0.2
1;50;0;100;100;19.54;4.61;13.33;1.53;1.51;0.146;56.2;10.33;5.17;3.05;0.54;1.73;6.65;153.7;119.7;17.2;3.5;13.3;0.63;0.61;0.11;0.16;2.28;2.21;0.131;43.8;16.77;8.27;5.01;0.87;2.88;6.69;119.6;80;20.5;5.8;13.4;1.24;0.52;0.19;0.26
1;50;50;0;0;15.52;2.81;8.34;1.43;1.49;0.138;46.1;10.75;5.23;3.34;0.53;1.77;4.2;150.6;125.8;12.8;3.5;8.4;0.89;0.31;0.12;0.18;0.76;0.78;0.128;53.9;6.03;2.9;1.86;0.32;1.04;4.14;176;152.3;13.4;2.1;8.3;0.28;0.33;0.07;0.1
1;50;50;0;50;15.09;3.03;8.86;1.57;1.57;0.144;46.4;10.89;5.36;3.29;0.56;1.83;4.39;151.4;127.6;11.4;3.7;8.8;0.89;0.37;0.13;0.17;1.01;0.97;0.133;53.6;7.21;3.55;2.17;0.37;1.19;4.47;174.8;150.1;13.4;2.4;8.9;0.3;0.47;0.08;0.12
1;50;50;0;100;14.78;3.15;9.23;1.63;1.67;0.151;46;11.03;5.48;3.28;0.56;1.78;4.71;153;129.8;10.3;3.6;9.4;0.9;0.47;0.13;0.17;1.25;1.22;0.15;54;8.07;4.04;2.4;0.43;1.36;4.52;179.7;147.3;20.6;2.7;9;0.3;0.71;0.09;0.12
1;50;50;50;0;17.48;3.31;9.63;1.52;1.54;0.136;51.5;11.25;5.44;3.42;0.6;1.87;4.84;151.9;122.4;16;3.7;9.7;0.84;0.39;0.13;0.18;1.07;1.08;0.129;48.5;8.3;3.99;2.56;0.42;1.44;4.79;143.2;117.5;13.2;2.9;9.6;0.53;0.32;0.1;0.13
1;50;50;50;50;17.18;3.84;11.2;1.73;1.7;0.143;51.4;11.89;5.94;3.56;0.6;2;5.68;153;123;14.7;4;11.4;0.86;0.51;0.14;0.19;1.51;1.45;0.132;48.6;10.96;5.33;3.37;0.56;1.84;5.52;144.8;117;13.1;3.7;11;0.7;0.46;0.13;0.17
1;50;50;50;100;17.27;4.28;12.53;1.89;1.86;0.153;51;12.14;6.13;3.58;0.63;1.99;6.27;160.1;123.1;20.5;4;12.5;0.86;0.67;0.15;0.19;1.94;1.94;0.141;49;13.72;6.81;4.1;0.69;2.29;6.26;153.6;116.8;19.7;4.6;12.5;0.9;0.68;0.15;0.21
1;50;50;100;0;19.46;3.84;10.84;1.75;1.74;0.139;58.7;12.47;6.11;3.77;0.64;2.12;5.39;153.2;118.4;19.8;4.2;10.8;0.83;0.56;0.16;0.2;1.3;1.27;0.129;41.3;9.8;4.8;2.94;0.53;1.72;5.45;107.7;80.8;12.6;3.4;10.9;0.7;0.3;0.12;0.16
1;50;50;100;50;19.41;4.61;13.19;1.88;1.92;0.146;59.3;13.05;6.51;3.89;0.62;2.25;6.72;162.9;117.1;27.9;4.5;13.4;0.81;0.73;0.16;0.21;1.86;1.84;0.131;40.7;13.96;6.77;4.22;0.77;2.36;6.47;111.6;81.6;12.4;4.7;12.9;1.05;0.43;0.16;0.21
1;50;50;100;100;19.54;5.2;14.87;2.12;2.08;0.154;57.6;13.44;6.83;3.93;0.71;2.24;7.49;163.7;117.9;26.3;4.5;15;0.83;0.88;0.15;0.21;2.38;2.35;0.139;42.4;16.92;8.39;5.09;0.88;2.96;7.38;120.4;81.1;18.6;5.9;14.8;1.24;0.66;0.2;0.26
1;50;100;0;0;15.5;3.38;9.63;1.92;1.9;0.141;47.2;13.49;6.63;4.12;0.69;2.31;4.87;158.6;125;19.2;4.6;9.7;1.1;0.43;0.16;0.21;0.89;0.86;0.137;52.8;6.25;3.11;1.84;0.33;1.07;4.76;177.3;153.3;12.4;2.1;9.5;0.3;0.4;0.07;0.09
1;50;100;0;50;14.97;3.41;10.16;1.99;2.05;0.151;46.8;13.54;6.67;4.05;0.69;2.22;5.18;159.4;127.6;17;4.4;10.4;1.11;0.57;0.16;0.22;1.17;1.13;0.15;53.2;7.51;3.72;2.26;0.43;1.19;4.99;181.5;150.1;19;2.4;10;0.3;0.63;0.09;0.12
1;50;100;0;100;14.79;3.64;10.66;2.21;2.2;0.157;46.9;14.01;7.06;4.08;0.71;2.27;5.4;159.7;128.6;15.8;4.5;10.8;1.14;0.68;0.16;0.22;1.37;1.38;0.167;53.1;8.22;4.22;2.43;0.39;1.37;5.27;180.9;148.8;18.8;2.7;10.5;0.3;0.88;0.08;0.12
1;50;100;50;0;17.53;3.88;11.23;2.04;2.09;0.143;52.6;14.59;7.27;4.26;0.74;2.46;5.64;161.3;120.7;24.4;4.9;11.3;1.07;0.62;0.18;0.22;1.25;1.16;0.135;47.4;8.54;4.26;2.6;0.42;1.43;5.6;145.1;119.1;11.9;2.9;11.2;0.53;0.4;0.1;0.13
1;50;100;50;50;17.27;4.5;12.63;2.31;2.3;0.153;51.4;14.96;7.48;4.39;0.78;2.53;6.34;161.6;121.3;22.5;5.1;12.7;1.07;0.81;0.19;0.23;1.69;1.61;0.142;48.6;11.33;5.7;3.34;0.57;1.97;6.29;153;118.5;18;3.9;12.6;0.72;0.59;0.13;0.18
1;50;100;50;100;17.28;4.82;14.14;2.47;2.48;0.163;51.1;15.19;7.74;4.47;0.75;2.51;7.05;161.9;121.7;21.1;5;14.1;1.08;1;0.17;0.23;2.13;2.13;0.151;48.9;14.09;7.02;4.24;0.7;2.31;7.09;155;118.2;18;4.6;14.2;0.91;0.84;0.16;0.22
1;50;100;100;0;19.61;4.29;12.71;2.24;2.25;0.142;60;15.77;7.81;4.71;0.82;2.64;6.37;164.3;116.4;29.9;5.3;12.7;1.04;0.79;0.18;0.25;1.36;1.35;0.134;40;10.07;4.92;3.06;0.49;1.65;6.34;109.6;82.1;11.6;3.3;12.7;0.71;0.38;0.11;0.16
1;50;100;100;50;19.5;5.21;14.77;2.37;2.48;0.154;57.9;16.07;8.05;4.8;0.82;2.69;7.39;164;115.8;28.1;5.4;14.8;1.03;1.02;0.18;0.25;2.12;2.02;0.139;42.1;14.48;7.27;4.27;0.68;2.52;7.38;119.3;82.4;17.1;5;14.8;1.06;0.56;0.18;0.22
1;50;100;100;100;19.48;5.63;16.08;2.81;2.75;0.167;57.4;16.47;8.44;4.7;0.84;2.75;8.01;163.8;115.4;26.9;5.5;16;1.03;1.29;0.19;0.24;2.61;2.51;0.146;42.6;17.13;8.54;5.08;0.96;2.88;8.07;121.4;82.6;16.9;5.8;16.1;1.25;0.79;0.19;0.27
1;100;0;0;0;17.52;2.83;7.95;1.36;1.37;0.138;38.3;9.89;4.84;3.03;0.5;1.7;4.08;109.6;85.7;12.4;3.4;8.2;0.88;0.21;0.12;0.16;0.73;0.75;0.119;61.7;6.3;3.04;1.95;0.29;1.13;3.88;176.8;149;17.8;2.3;7.8;0.27;0.31;0.08;0.1
1;100;0;0;50;17.21;3.12;8.89;1.36;1.42;0.142;38.7;9.97;4.83;3.02;0.54;1.71;4.36;110.6;87.6;10.8;3.4;8.7;0.9;0.25;0.12;0.16;0.98;1.04;0.129;61.3;8.03;3.92;2.42;0.43;1.41;4.53;175.4;145.3;18.2;2.8;9.1;0.29;0.52;0.09;0.14
1;100;0;0;100;17.27;3.37;9.68;1.55;1.49;0.144;38.1;10.36;5.1;3.1;0.56;1.69;4.93;112.6;89.5;9.9;3.4;9.9;0.91;0.3;0.11;0.17;1.28;1.27;0.135;61.9;9.38;4.66;2.78;0.51;1.68;4.75;182.7;141.9;28;3.4;9.5;0.29;0.73;0.12;0.14
1;100;0;50;0;19.34;3.19;9.21;1.34;1.39;0.136;43.9;10.18;4.95;3.09;0.5;1.75;4.68;112.5;84;15.7;3.5;9.4;0.85;0.26;0.12;0.16;1.09;1.03;0.121;56.1;8.43;4.11;2.57;0.41;1.44;4.53;143.6;114.3;17.4;2.9;9.1;0.5;0.31;0.1;0.13
1;100;0;50;50;19.33;3.77;10.91;1.51;1.52;0.141;44;10.77;5.27;3.21;0.56;1.79;5.57;114.1;85.1;14.3;3.6;11.1;0.87;0.35;0.13;0.17;1.49;1.49;0.129;56;11.48;5.59;3.48;0.61;1.97;5.34;145.2;112.7;17.8;3.9;10.7;0.67;0.51;0.14;0.17
1;100;0;50;100;19.55;4.29;12.54;1.6;1.61;0.146;42.5;11.01;5.47;3.31;0.57;1.85;6.21;115.4;86.1;13.2;3.7;12.4;0.88;0.44;0.12;0.18;2.02;1.95;0.133;57.5;14.67;7.07;4.46;0.73;2.44;6.33;156.3;111.3;27.4;4.9;12.7;0.85;0.71;0.17;0.22
1;100;0;100;0;21.27;3.6;10.59;1.44;1.51;0.134;51.4;11.22;5.35;3.5;0.58;1.9;5.28;115.4;82;19.1;3.8;10.6;0.86;0.34;0.14;0.18;1.26;1.26;0.123;48.6;10.16;4.82;3.19;0.55;1.7;5.31;109.1;78;17;3.4;10.6;0.68;0.3;0.12;0.16
1;100;0;100;50;21.29;4.46;12.84;1.62;1.61;0.14;51;11.48;5.62;3.49;0.58;1.95;6.42;117;82.4;17.8;3.9;12.8;0.84;0.45;0.14;0.18;1.9;1.88;0.129;49;14.56;7.02;4.52;0.8;2.52;6.42;112.6;77.6;17.1;5;12.8;0.99;0.49;0.16;0.24
1;100;0;100;100;21.53;5.08;14.43;1.81;1.77;0.146;49;12.06;5.99;3.67;0.6;2.02;7.28;118.5;83.2;16.8;4;14.6;0.84;0.59;0.14;0.19;2.47;2.34;0.132;51;17.68;8.82;5.18;0.92;3.06;7.14;123.5;76.9;26.2;6.1;14.3;1.17;0.69;0.21;0.27
1;100;50;0;0;17.64;3.52;10.18;1.94;1.93;0.141;39.2;13.72;6.81;4.16;0.71;2.33;5.19;113.9;86.9;11.9;4.7;10.4;1.28;0.28;0.16;0.22;0.94;0.91;0.128;60.8;7.03;3.48;2.11;0.37;1.19;4.99;176.4;146.8;17.3;2.4;10;0.28;0.43;0.08;0.12
1;100;50;0;50;17.44;3.93;11.2;2.12;2.11;0.145;38.7;14.55;7.31;4.38;0.72;2.53;5.63;115.7;88.4;11;5.1;11.3;1.33;0.37;0.18;0.23;1.17;1.18;0.14;61.3;8.39;4.08;2.6;0.43;1.4;5.56;183.6;143.9;25.8;2.8;11.1;0.28;0.67;0.1;0.13
1;100;50;0;100;17.37;4.17;11.75;2.12;2.18;0.15;39.2;14.5;7.24;4.32;0.69;2.5;5.92;117.1;90.5;9.7;5;11.8;1.33;0.46;0.18;0.22;1.54;1.53;0.153;60.8;9.96;4.97;2.94;0.54;1.67;5.83;181.8;139.9;26.9;3.3;11.7;0.29;0.98;0.11;0.15
1;100;50;50;0;19.28;4.01;11.83;2.06;2.07;0.139;44.5;14.84;7.33;4.47;0.78;2.52;5.9;116.2;84.1;15.3;5;11.8;1.28;0.38;0.18;0.23;1.11;1.16;0.128;55.5;8.97;4.32;2.74;0.44;1.49;5.94;145.1;114;16.3;3;11.9;0.51;0.41;0.1;0.14
1;100;50;50;50;19.44;4.64;13.27;2.23;2.17;0.143;43.1;15.09;7.57;4.46;0.78;2.56;6.67;117.5;84.7;14.4;5.1;13.3;1.27;0.5;0.17;0.23;1.64;1.62;0.136;56.9;11.86;5.82;3.69;0.58;2.08;6.6;155.4;113.2;24.8;4.2;13.2;0.68;0.63;0.13;0.18
1;100;50;50;100;19.46;5.12;14.81;2.38;2.35;0.151;44.6;15.47;7.73;4.63;0.79;2.56;7.43;125.8;85.9;19.9;5.1;14.9;1.28;0.65;0.18;0.24;2.13;2.16;0.144;55.4;14.97;7.39;4.5;0.77;2.56;7.38;156.6;111.6;25.2;5.1;14.8;0.85;0.9;0.17;0.24
1;100;50;100;0;21.33;4.43;12.68;2.19;2.18;0.141;51.7;15.49;7.7;4.55;0.79;2.62;6.32;118.4;81.6;19;5.2;12.6;1.22;0.54;0.19;0.24;1.38;1.35;0.129;48.3;10.45;5.19;3.14;0.53;1.82;6.35;110.8;78.4;16.1;3.6;12.7;0.67;0.4;0.12;0.16
1;100;50;100;50;21.69;5.35;14.99;2.38;2.37;0.146;51.5;16.18;8.04;4.8;0.8;2.69;7.62;129.7;82;27.1;5.4;15.2;1.22;0.71;0.19;0.26;2.04;2.04;0.135;48.5;14.98;7.49;4.45;0.73;2.66;7.38;122.2;78;24.1;5.3;14.8;0.98;0.63;0.19;0.24
1;100;50;100;100;21.51;5.9;16.73;2.5;2.53;0.153;51;16.56;8.29;4.89;0.84;2.77;8.37;130;82.6;25.1;5.5;16.7;1.24;0.85;0.19;0.26;2.58;2.58;0.142;49;18.14;9.03;5.42;0.89;3.13;8.37;124.6;77.4;24.2;6.3;16.7;1.18;0.88;0.22;0.28
1;100;100;0;0;17.79;4.22;12.01;2.4;2.42;0.142;40.9;17;8.4;5.15;0.86;2.87;6.03;122.9;86.5;18.6;5.7;12.1;1.55;0.41;0.2;0.26;1.05;1.04;0.139;59.1;7.45;3.67;2.25;0.38;1.36;5.98;178;147.4;15.9;2.7;12;0.29;0.56;0.09;0.11
1;100;100;0;50;17.31;4.29;12.58;2.67;2.62;0.15;40.2;17.41;8.7;5.11;0.93;2.88;6.32;123.2;88.3;16.5;5.8;12.6;1.59;0.56;0.2;0.27;1.41;1.33;0.152;59.8;8.74;4.33;2.57;0.49;1.41;6.26;183.5;144.1;24;2.8;12.5;0.29;0.82;0.1;0.13
1;100;100;0;100;17.18;4.54;13.19;2.67;2.72;0.154;40.5;17.58;8.79;5.12;0.92;2.86;6.56;123.7;90.4;14.5;5.7;13.1;1.6;0.63;0.2;0.28;1.77;1.78;0.173;59.5;10.28;5.16;2.98;0.52;1.68;6.63;181.9;140.1;25.2;3.4;13.3;0.29;1.22;0.11;0.15
1;100;100;50;0;19.57;4.63;13.29;2.58;2.58;0.144;46.3;17.87;8.72;5.42;0.93;3;6.67;126.4;83.7;23.4;6;13.3;1.5;0.58;0.22;0.28;1.24;1.31;0.137;53.7;9.49;4.61;2.91;0.47;1.63;6.62;146.6;114.7;15.4;3.3;13.2;0.51;0.54;0.11;0.14
1;100;100;50;50;19.37;5.19;14.74;2.78;2.77;0.151;45.1;18.27;9.2;5.46;0.92;3.08;7.48;127.4;84.8;21.5;6.2;15;1.51;0.75;0.21;0.3;1.94;1.8;0.145;54.9;12.35;6.28;3.65;0.61;2.11;7.26;155.2;113.1;23.3;4.2;14.5;0.67;0.79;0.15;0.19
1;100;100;50;100;19.53;5.51;16.15;2.97;2.97;0.159;45.1;18.61;9.23;5.59;0.96;3.02;8.2;128.2;85.9;19.8;6;16.4;1.54;0.93;0.21;0.29;2.41;2.38;0.156;54.9;15.22;7.64;4.46;0.78;2.49;7.95;156.2;111.6;23.8;5;15.9;0.85;1.15;0.15;0.23
1;100;100;100;0;21.46;5.14;14.63;2.73;2.72;0.143;53.8;18.96;9.41;5.62;1;3.21;7.35;130.8;80.7;29;6.4;14.7;1.44;0.76;0.22;0.29;1.51;1.52;0.136;46.2;11.12;5.55;3.27;0.59;1.93;7.28;112.3;79.2;14.7;3.9;14.6;0.68;0.52;0.13;0.18
1;100;100;100;50;21.84;5.79;16.82;2.97;2.93;0.153;51.4;19.16;9.55;5.74;0.98;3.16;8.35;131.1;80.7;27.4;6.3;16.7;1.42;1;0.22;0.29;2.24;2.2;0.141;48.6;15.49;7.7;4.62;0.85;2.64;8.46;124;79.2;22.6;5.3;16.9;1.01;0.77;0.17;0.25
1;100;100;100;100;21.45;6.2;18.21;3.25;3.2;0.162;51.2;19.66;9.87;5.76;1.02;3.13;9.2;131.3;81.3;25.3;6.3;18.4;1.45;1.23;0.22;0.3;2.72;2.77;0.15;48.8;18.34;9.04;5.44;0.96;3.07;9.01;125.1;78.6;22.4;6.1;18;1.2;1.09;0.21;0.27
2;0;0;0;0;13.48;1.88;5.36;0.78;0.77;0.129;52.9;5.85;2.89;1.77;0.29;1.02;2.69;189.4;168.4;13.6;2;5.4;0.37;0.23;0.07;0.1;0.64;0.62;0.12;47.1;5.01;2.42;1.53;0.27;0.86;2.67;168.7;151.4;10.3;1.7;5.3;0.3;0.17;0.06;0.08
2;0;0;0;50;13.04;1.99;5.72;0.82;0.83;0.137;53.2;5.99;2.93;1.82;0.32;0.99;2.9;190.6;170.4;12.4;2;5.8;0.37;0.29;0.07;0.1;0.76;0.71;0.123;46.8;5.63;2.76;1.66;0.3;1;2.82;167.6;149.6;10.4;2;5.6;0.3;0.26;0.07;0.09
2;0;0;0;100;12.96;2.22;6.15;0.88;0.88;0.141;52.4;6.22;3.06;1.9;0.31;1.05;3.06;190.9;171.1;11.6;2.1;6.1;0.37;0.35;0.07;0.1;0.88;0.84;0.128;47.6;6.44;3.14;1.96;0.32;1.17;3.09;173.3;149;15.8;2.3;6.2;0.31;0.35;0.08;0.1
2;0;0;50;0;15.68;2.27;6.71;0.78;0.82;0.126;58.5;6.42;2.94;2.08;0.36;1.05;3.41;190.8;164.7;17.2;2.1;6.8;0.35;0.29;0.07;0.1;0.91;0.87;0.123;41.5;7;3.38;2.12;0.35;1.22;3.3;135.1;116;10.1;2.4;6.6;0.51;0.17;0.08;0.1
2;0;0;50;50;15.56;2.8;8.08;0.96;0.95;0.136;58;6.89;3.35;2.15;0.36;1.16;4.11;190.6;163.9;16.1;2.3;8.2;0.36;0.39;0.08;0.11;1.23;1.19;0.126;42;9.39;4.58;2.83;0.55;1.64;3.97;137.8;116.5;10;3.3;7.9;0.7;0.24;0.11;0.14
2;0;0;50;100;15.26;3.28;9.49;1.05;1.07;0.146;56.7;7.28;3.62;2.17;0.39;1.24;4.75;190.4;163.4;15;2.5;9.5;0.36;0.51;0.09;0.12;1.66;1.56;0.129;43.3;12.04;5.86;3.67;0.67;2.04;4.74;145.2;116.9;14.7;4.1;9.5;0.9;0.33;0.14;0.19
2;0;0;100;0;17.57;2.66;7.76;0.91;0.9;0.127;66.1;7.07;3.51;2.11;0.37;1.27;3.89;192.9;162;20.6;2.5;7.8;0.36;0.34;0.09;0.11;1.08;1.08;0.124;33.9;8.57;4.07;2.67;0.44;1.39;3.87;98.8;78.4;9.9;2.8;7.7;0.68;0.16;0.1;0.14
2;0;0;100;50;17.85;3.43;9.92;1.01;1.08;0.135;64.8;7.92;3.83;2.37;0.42;1.32;5.04;191.1;158.3;20.1;2.6;10.1;0.34;0.51;0.1;0.12;1.56;1.56;0.127;35.2;12.19;5.96;3.69;0.59;2.11;4.87;103.5;80;9.5;4.2;9.7;1.01;0.22;0.15;0.18
2;0;0;100;100;17.81;4.12;11.63;1.3;1.26;0.146;63.1;8.61;4.39;2.48;0.42;1.51;5.93;191;157.3;18.8;3;11.9;0.36;0.67;0.11;0.13;1.97;1.97;0.129;36.9;15.24;7.34;4.71;0.8;2.61;5.69;111.5;80.5;14.4;5.2;11.4;1.24;0.32;0.18;0.23
2;0;50;0;0;13.38;2.01;5.73;0.89;0.9;0.132;52.6;6.74;3.31;2.02;0.36;1.19;2.91;188.5;166.2;14.1;2.4;5.8;0.37;0.33;0.09;0.11;0.62;0.62;0.126;47.4;4.84;2.31;1.5;0.24;0.82;2.82;169.8;153.3;9.2;1.6;5.6;0.28;0.22;0.05;0.07
2;0;50;0;50;12.92;2.25;6.24;1.03;1.03;0.142;52.5;7.22;3.6;2.15;0.35;1.25;3.12;188.3;166.5;13;2.5;6.2;0.39;0.43;0.09;0.12;0.74;0.76;0.131;47.5;5.69;2.74;1.73;0.29;1;3.12;170.2;153;9;2;6.2;0.31;0.3;0.07;0.09
2;0;50;0;100;12.56;2.27;6.74;1.13;1.11;0.155;52.1;7.1;3.52;2.16;0.37;1.17;3.42;189.7;168.9;11.7;2.3;6.8;0.37;0.55;0.08;0.11;0.94;0.97;0.146;47.9;6.6;3.29;1.93;0.36;1.11;3.32;174.1;151;14.3;2.2;6.6;0.31;0.49;0.07;0.1
2;0;50;50;0;15.52;2.49;7.35;1.01;1.02;0.13;58;7.78;3.81;2.36;0.39;1.3;3.71;189.1;161.5;17.6;2.6;7.4;0.36;0.44;0.1;0.13;0.96;0.91;0.128;42;7.05;3.48;2.13;0.35;1.19;3.63;136.8;118.2;9;2.4;7.3;0.52;0.21;0.08;0.11
2;0;50;50;50;15.49;3.13;8.87;1.09;1.18;0.141;57.2;8.36;4.16;2.47;0.43;1.46;4.39;188.1;159.8;16.6;2.9;8.8;0.35;0.59;0.11;0.13;1.35;1.3;0.131;42.8;9.84;4.84;3.01;0.48;1.67;4.49;140.6;119.3;9;3.3;9;0.72;0.3;0.12;0.16
2;0;50;50;100;15.12;3.44;10.09;1.37;1.34;0.157;57.3;8.49;4.32;2.5;0.42;1.43;5.16;196.3;160.1;23;2.9;10.3;0.36;0.74;0.1;0.13;1.78;1.7;0.138;42.7;12.27;6.02;3.78;0.61;2.02;4.93;146.2;119.1;13.2;4;9.9;0.92;0.45;0.14;0.18
2;0;50;100;0;17.6;3.02;8.88;1.26;1.22;0.135;65.2;9.01;4.38;2.79;0.48;1.47;4.55;189.9;156.6;21.3;2.9;9.1;0.36;0.61;0.1;0.14;1.14;1.14;0.129;34.8;8.79;4.32;2.64;0.47;1.56;4.33;101.1;80.8;8.6;3.1;8.7;0.7;0.2;0.1;0.13
2;0;50;100;50;17.68;3.73;10.87;1.39;1.41;0.146;65.4;9.6;4.76;2.87;0.49;1.63;5.58;198.9;154.3;30.2;3.3;11.2;0.35;0.78;0.12;0.15;1.7;1.67;0.131;34.6;12.75;6.22;3.86;0.67;2.09;5.29;105.3;81.8;8.7;4.2;10.6;1.04;0.29;0.15;0.2
2;0;50;100;100;17.64;4.29;12.29;1.64;1.6;0.158;63.6;10.06;5.17;2.88;0.51;1.67;6.18;196.8;151.9;29.2;3.3;12.4;0.35;0.98;0.12;0.15;2.09;2.11;0.136;36.4;15.47;7.57;4.67;0.82;2.62;6.11;112.7;82.8;12.4;5.2;12.2;1.27;0.41;0.18;0.24
2;0;100;0;0;13.17;2.25;6.36;1.19;1.11;0.136;52.8;8.09;4.04;2.42;0.41;1.37;3.23;193;162.2;21.7;2.7;6.5;0.39;0.48;0.1;0.14;0.69;0.67;0.129;47.2;5.05;2.51;1.53;0.27;0.88;3.14;172.9;156.9;8;1.8;6.3;0.3;0.23;0.06;0.08
2;0;100;0;50;12.71;2.38;6.71;1.28;1.3;0.156;52.8;8.31;4.19;2.44;0.41;1.38;3.39;192.8;163.1;20.1;2.8;6.8;0.39;0.69;0.1;0.13;0.84;0.83;0.144;47.2;5.67;2.9;1.65;0.28;0.99;3.32;172.6;156;7.9;2;6.6;0.3;0.37;0.07;0.08
2;0;100;0;100;12.01;2.49;7.02;1.44;1.37;0.167;52.5;8.19;4.23;2.39;0.38;1.35;3.62;193.5;166.3;17.3;2.7;7.2;0.38;0.76;0.1;0.12;1.03;1.04;0.155;47.5;6.66;3.38;1.96;0.32;1.14;3.4;174.8;153.3;12.5;2.3;6.8;0.32;0.55;0.08;0.1
2;0;100;50;0;15.34;2.83;8;1.3;1.3;0.141;58.5;9.23;4.56;2.77;0.47;1.58;4.08;195.8;157.6;27;3.2;8.2;0.36;0.68;0.12;0.15;0.96;0.95;0.131;41.5;7.21;3.5;2.18;0.37;1.25;3.92;139.1;120.8;8;2.5;7.8;0.51;0.24;0.09;0.11
2;0;100;50;50;15.14;3.34;9.41;1.52;1.52;0.158;57.8;9.63;4.88;2.84;0.47;1.64;4.83;194.4;156.4;25;3.3;9.7;0.36;0.89;0.11;0.16;1.43;1.38;0.138;42.2;9.96;4.98;2.92;0.5;1.7;4.58;142;121.5;7.9;3.4;9.2;0.74;0.37;0.11;0.15
2;0;100;50;100;15.02;3.62;10.73;1.75;1.77;0.176;56.8;10.04;5.14;2.93;0.53;1.57;5.56;194.1;155.9;24;3.1;11.1;0.36;1.12;0.12;0.16;1.73;1.76;0.142;43.2;12.28;6;3.73;0.65;2.05;5.17;147.8;121.9;11.5;4.1;10.3;0.92;0.5;0.14;0.19
2;0;100;100;0;17.46;3.43;9.58;1.59;1.52;0.14;65.8;10.78;5.41;3.19;0.57;1.88;4.93;197.8;151.7;32.5;3.8;9.9;0.36;0.85;0.14;0.17;1.26;1.17;0.13;34.2;8.94;4.45;2.69;0.45;1.56;4.64;102.8;82.9;7.5;3.1;9.3;0.71;0.23;0.1;0.14
2;0;100;100;50;17.65;4.02;11.83;1.8;1.79;0.159;64.5;11.26;5.65;3.4;0.54;1.83;6.04;195.6;148.8;31;3.7;12.1;0.35;1.13;0.14;0.17;1.76;1.78;0.136;35.5;13.06;6.35;3.98;0.68;2.19;5.79;107.6;84.2;7.5;4.4;11.6;1.08;0.35;0.15;0.2
2;0;100;100;100;17.68;4.65;13.35;2.08;2.13;0.179;62.7;11.92;6.13;3.39;0.63;1.98;6.74;193.4;145.9;30.1;4;13.5;0.35;1.47;0.14;0.18;2.21;2.18;0.138;37.3;15.7;7.79;4.68;0.83;2.67;6.62;114.8;85.5;10.7;5.3;13.2;1.3;0.46;0.18;0.24
2;50;0;0;0;15.6;2.42;6.78;1.09;1.13;0.135;47.2;8.31;4.12;2.44;0.41;1.45;3.47;152.4;129.1;13.5;2.9;6.9;0.67;0.23;0.1;0.13;0.69;0.66;0.119;52.8;5.46;2.66;1.65;0.28;0.97;3.31;170.2;148;13.6;1.9;6.6;0.28;0.23;0.07;0.08
2;50;0;0;50;15.23;2.56;7.37;1.26;1.21;0.141;47.5;8.59;4.24;2.59;0.47;1.45;3.77;153.4;130.6;12.4;2.9;7.5;0.69;0.28;0.11;0.14;0.78;0.8;0.123;52.5;6.39;3.06;1.97;0.32;1.11;3.6;169.3;146.3;13.5;2.2;7.2;0.29;0.33;0.07;0.1
2;50;0;0;100;14.96;2.77;7.97;1.32;1.27;0.143;47;8.89;4.41;2.67;0.46;1.51;4.07;155.2;132.9;11.2;3;8.1;0.69;0.34;0.1;0.14;1.05;1.02;0.134;53;7.56;3.74;2.26;0.39;1.26;3.9;174.8;143.6;20.9;2.5;7.8;0.28;0.53;0.1;0.11
2;50;0;50;0;17.31;2.83;8.04;1.24;1.18;0.133;52.9;8.81;4.36;2.68;0.44;1.53;4.12;154.1;126.2;16.7;3.1;8.2;0.65;0.28;0.11;0.14;0.96;0.93;0.122;47.1;7.55;3.69;2.29;0.38;1.3;3.93;137.2;113.7;13.1;2.6;7.9;0.51;0.22;0.09;0.12
2;50;0;50;50;17.34;3.37;9.62;1.22;1.31;0.14;52.6;9.35;4.59;2.79;0.52;1.64;4.93;155;126.2;15.7;3.3;9.9;0.66;0.38;0.12;0.15;1.26;1.26;0.126;47.4;9.97;4.82;3.1;0.53;1.74;4.69;139.5;113.6;13;3.5;9.4;0.68;0.32;0.11;0.14
2;50;0;50;100;17.35;3.9;11.18;1.4;1.41;0.146;51.3;9.62;4.76;2.87;0.52;1.61;5.66;156.4;127.3;14.5;3.2;11.3;0.66;0.48;0.11;0.16;1.74;1.74;0.132;48.7;13.16;6.45;3.99;0.69;2.28;5.51;148.3;112.6;20.1;4.6;11;0.87;0.52;0.15;0.2
2;50;0;100;0;19.49;3.23;9.39;1.2;1.25;0.131;60.5;9.49;4.6;2.96;0.51;1.6;4.84;157;124.1;20;3.2;9.7;0.63;0.35;0.11;0.16;1.16;1.14;0.124;39.5;9.19;4.5;2.75;0.51;1.63;4.54;102.5;76.8;13.3;3.3;9.1;0.67;0.22;0.1;0.15
2;50;0;100;50;19.57;4.06;11.46;1.39;1.41;0.138;59.5;10.15;5.03;3.06;0.53;1.73;5.79;156.8;122.5;19.2;3.5;11.6;0.63;0.49;0.12;0.16;1.66;1.67;0.127;40.5;13.1;6.41;3.93;0.69;2.33;5.66;106.8;77.8;13;4.7;11.3;0.99;0.32;0.15;0.21
2;50;0;100;100;19.41;4.58;13.11;1.55;1.57;0.146;57.7;10.71;5.35;3.18;0.55;1.83;6.69;157.6;122.4;18.2;3.7;13.4;0.63;0.64;0.13;0.17;2.13;2.11;0.131;42.3;15.99;7.79;4.85;0.85;2.75;6.42;115.3;77.9;19.1;5.5;12.8;1.19;0.48;0.18;0.25
2;50;50;0;0;15.45;2.8;8.23;1.56;1.52;0.138;47.4;11;5.47;3.31;0.55;1.84;4.21;154.1;128.4;13.6;3.7;8.4;0.88;0.33;0.13;0.18;0.72;0.74;0.127;52.6;5.7;2.75;1.76;0.32;0.95;4.02;171.2;148.8;12.4;1.9;8;0.28;0.3;0.07;0.09
2;50;50;0;50;15.22;3.19;8.86;1.64;1.65;0.144;47.8;11.44;5.67;3.44;0.64;1.94;4.53;155.9;130.7;12.2;3.9;9.1;0.92;0.4;0.14;0.18;0.9;0.91;0.133;52.2;6.77;3.34;2;0.35;1.24;4.33;170;146.1;12.8;2.5;8.7;0.29;0.44;0.08;0.1
2;50;50;0;100;14.88;3.29;9.46;1.74;1.8;0.152;47.3;11.8;5.84;3.59;0.57;1.97;4.81;157.1;132.3;11.3;3.9;9.6;0.93;0.54;0.15;0.19;1.18;1.19;0.15;52.7;7.85;3.89;2.34;0.4;1.32;4.64;175.4;144.3;19.1;2.6;9.3;0.29;0.67;0.1;0.12
2;50;50;50;0;17.45;3.31;9.54;1.63;1.64;0.137;52.9;11.93;5.89;3.62;0.57;2.01;4.86;156;125;17.2;4;9.7;0.88;0.42;0.15;0.18;0.99;0.98;0.128;47.1;7.56;3.68;2.28;0.39;1.3;4.67;138.6;114.6;12;2.6;9.3;0.49;0.29;0.09;0.11
2;50;50;50;50;17.41;3.93;11.25;1.78;1.76;0.143;52.5;12.28;6.18;3.7;0.63;2.1;5.72;156.6;125.3;15.7;4.2;11.4;0.86;0.55;0.16;0.19;1.45;1.41;0.132;47.5;10.63;5.2;3.22;0.55;1.83;5.54;141.4;114.4;12.2;3.7;11.1;0.7;0.43;0.12;0.16
2;50;50;50;100;17.08;4.37;12.41;1.93;1.93;0.153;52.5;12.54;6.37;3.56;0.67;2.13;6.29;164.7;126.1;21.7;4.3;12.6;0.87;0.71;0.15;0.19;1.97;1.89;0.141;47.5;13.35;6.58;3.96;0.74;2.24;6.12;148.8;113.7;18.4;4.5;12.2;0.88;0.65;0.15;0.21
2;50;50;100;0;19.58;3.84;10.97;1.82;1.81;0.139;60.1;12.99;6.37;3.88;0.68;2.2;5.62;157.4;121;20.8;4.4;11.2;0.85;0.59;0.16;0.21;1.26;1.22;0.129;39.9;9.43;4.66;2.88;0.47;1.63;5.35;104.5;78.7;11.8;3.3;10.7;0.68;0.28;0.11;0.15
2;50;50;100;50;19.39;4.52;13.1;1.93;1.97;0.146;60.8;13.42;6.65;4;0.69;2.27;6.68;167.3;120.2;29.2;4.5;13.4;0.84;0.76;0.16;0.21;1.78;1.76;0.131;39.2;13.37;6.46;4.11;0.68;2.25;6.42;108;79.1;11.5;4.5;12.8;1;0.4;0.15;0.21
2;50;50;100;100;19.75;5.13;14.61;2.14;2.15;0.155;58.9;13.89;6.99;4.11;0.67;2.31;7.37;167.6;119.9;28.3;4.6;14.7;0.84;0.95;0.16;0.21;2.19;2.25;0.139;41.1;16.17;8.03;4.85;0.86;2.81;7.24;116.9;79.3;17.5;5.6;14.5;1.19;0.61;0.2;0.24
2;50;100;0;0;15.32;3.34;9.62;2.02;1.96;0.141;48.4;13.91;6.85;4.15;0.7;2.32;4.87;162;127.5;20.2;4.6;9.7;1.12;0.46;0.16;0.22;0.82;0.84;0.138;51.6;6.02;2.88;1.93;0.32;1.02;4.75;172.9;150;11.4;2;9.5;0.29;0.38;0.08;0.1
2;50;100;0;50;14.9;3.51;10.24;2.18;2.21;0.152;48;14.49;7.24;4.31;0.74;2.4;5.21;163.1;129.3;18.6;4.8;10.4;1.16;0.64;0.18;0.23;1.01;1;0.148;52;6.74;3.31;2.04;0.34;1.11;5.03;177;147.8;16.9;2.2;10.1;0.28;0.55;0.07;0.1
2;50;100;0;100;14.74;3.81;10.62;2.39;2.31;0.157;48.2;14.62;7.49;4.2;0.71;2.44;5.47;164.1;131.1;17.2;4.9;10.9;1.17;0.73;0.17;0.23;1.31;1.32;0.166;51.8;7.89;4.03;2.29;0.42;1.37;5.15;176.2;145.7;17.4;2.7;10.3;0.3;0.81;0.09;0.11
2;50;100;50;0;17.33;3.96;11.17;2.17;2.17;0.143;53.9;15.13;7.44;4.53;0.8;2.52;5.67;165.2;123.2;25.6;5;11.3;1.09;0.65;0.19;0.25;1.14;1.1;0.135;46.1;8.08;4;2.42;0.4;1.44;5.5;141;116.3;10.9;2.9;11;0.51;0.36;0.1;0.12
2;50;100;50;50;17.29;4.41;12.6;2.37;2.37;0.153;52.7;15.43;7.69;4.58;0.8;2.58;6.36;165.6;123.6;24.1;5.2;12.7;1.11;0.85;0.18;0.23;1.52;1.5;0.141;47.3;10.61;5.28;3.1;0.57;1.83;6.24;148.5;116;16.4;3.7;12.5;0.7;0.53;0.12;0.16
2;50;100;50;100;17.16;4.92;14.01;2.6;2.61;0.164;52.2;15.89;8.19;4.49;0.82;2.67;7.07;165.2;123.3;22.4;5.3;14.1;1.1;1.07;0.19;0.25;2.03;2.02;0.15;47.8;13.46;6.71;3.96;0.69;2.25;6.95;151.1;116.2;16.5;4.5;13.9;0.9;0.77;0.15;0.2
2;50;100;100;0;19.65;4.51;12.67;2.3;2.35;0.143;61.3;16.42;8.1;4.93;0.84;2.83;6.4;168.7;118.6;31.6;5.7;12.8;1.05;0.83;0.2;0.26;1.38;1.33;0.134;38.7;9.86;4.78;3.02;0.49;1.68;6.27;106.6;80.1;10.7;3.4;12.5;0.7;0.36;0.12;0.15
2;50;100;100;50;19.76;5.2;14.88;2.55;2.59;0.154;59.1;16.71;8.47;4.92;0.85;2.82;7.53;168.3;117.6;30;5.6;15.1;1.03;1.09;0.2;0.27;2;1.93;0.138;40.9;13.89;6.88;4.18;0.71;2.38;7.35;116.2;80.7;16.1;4.8;14.7;1.03;0.52;0.16;0.22
2;50;100;100;100;19.73;5.54;16.33;2.94;2.91;0.167;58.4;17.37;8.9;4.99;0.88;2.81;8.2;166.9;116.1;28.8;5.6;16.4;1.03;1.41;0.2;0.28;2.39;2.41;0.145;41.6;16.6;8.06;5.02;0.87;2.73;8.13;118.9;81.5;15.7;5.5;16.3;1.25;0.74;0.17;0.25
2;100;0;0;0;17.48;2.77;8.03;1.49;1.42;0.138;39.5;10.29;5.11;3.07;0.52;1.71;4.09;112.6;87.6;13.3;3.4;8.2;0.89;0.23;0.13;0.17;0.76;0.74;0.118;60.5;6.21;2.98;1.91;0.34;1.06;3.94;172.3;145.5;16.8;2.1;7.9;0.28;0.3;0.07;0.09
2;100;0;0;50;17.26;3.15;8.82;1.51;1.49;0.142;40;10.5;5.17;3.14;0.57;1.83;4.4;113.8;89.4;12;3.7;8.8;0.92;0.29;0.13;0.16;1;0.98;0.129;60;7.53;3.71;2.31;0.4;1.32;4.42;171.2;142.4;17.3;2.6;8.8;0.28;0.49;0.09;0.12
2;100;0;0;100;17.12;3.39;9.6;1.6;1.56;0.144;39.4;10.81;5.43;3.21;0.52;1.81;4.82;115.7;91.6;10.8;3.6;9.6;0.94;0.32;0.13;0.17;1.22;1.22;0.134;60.6;9.04;4.44;2.68;0.5;1.58;4.78;177.7;138.6;26.5;3.2;9.6;0.28;0.7;0.1;0.14
2;100;0;50;0;19.5;3.24;9.42;1.46;1.45;0.135;45.3;10.65;5.18;3.25;0.56;1.79;4.8;115.9;86.1;16.6;3.6;9.6;0.87;0.28;0.12;0.17;1.02;1;0.122;54.7;8.18;4.01;2.47;0.42;1.45;4.62;140.1;111.3;16.7;2.9;9.2;0.49;0.29;0.1;0.12
2;100;0;50;50;19.45;3.77;10.94;1.66;1.59;0.141;45.4;11.25;5.59;3.35;0.59;1.87;5.58;117.4;87.1;15.3;3.7;11.2;0.9;0.37;0.14;0.18;1.47;1.44;0.129;54.6;11.11;5.42;3.33;0.61;1.89;5.36;141.2;109.8;16.9;3.8;10.7;0.66;0.48;0.12;0.17
2;100;0;50;100;19.3;4.22;12.51;1.71;1.69;0.146;44;11.48;5.69;3.4;0.59;1.94;6.33;118.7;88;14.2;3.9;12.7;0.9;0.47;0.14;0.17;1.97;1.87;0.132;56;14.08;6.86;4.31;0.73;2.28;6.19;151.2;108.8;25.5;4.6;12.4;0.83;0.66;0.16;0.22
2;100;0;100;0;21.27;3.51;10.41;1.51;1.53;0.134;53;11.32;5.51;3.52;0.58;1.89;5.3;118.6;84.5;19.7;3.8;10.6;0.87;0.34;0.13;0.18;1.23;1.18;0.123;47;9.59;4.54;3.03;0.49;1.62;5.11;105.4;75.4;16.5;3.2;10.2;0.65;0.28;0.11;0.15
2;100;0;100;50;21.22;4.3;12.72;1.64;1.68;0.14;52.2;11.95;5.79;3.69;0.6;1.96;6.42;119.5;83.9;18.8;3.9;12.8;0.85;0.48;0.15;0.2;1.82;1.79;0.129;47.8;13.82;6.7;4.3;0.69;2.34;6.3;109.3;75.9;16.1;4.7;12.6;0.96;0.45;0.15;0.22
2;100;0;100;100;21.47;5.06;14.44;1.9;1.87;0.146;50.4;12.73;6.38;3.75;0.66;2.15;7.34;121.5;84.7;17.9;4.3;14.7;0.88;0.64;0.15;0.2;2.24;2.24;0.132;49.6;16.88;8.26;5.12;0.84;2.91;7.11;119.6;75.3;24.3;5.8;14.2;1.13;0.64;0.2;0.27
2;100;50;0;0;17.64;3.64;10.29;2.08;2.03;0.141;40.5;14.4;7.16;4.3;0.74;2.48;5.19;117;88.5;13.2;5;10.4;1.32;0.31;0.17;0.23;0.81;0.84;0.128;59.5;6.5;3.15;1.95;0.35;1.16;5.1;172.4;144;15.9;2.3;10.2;0.27;0.4;0.07;0.1
2;100;50;0;50;17.39;3.94;11.27;2.17;2.17;0.144;39.9;14.98;7.49;4.48;0.79;2.55;5.74;118.8;90.4;11.8;5.1;11.5;1.36;0.39;0.18;0.25;1.15;1.12;0.14;60.1;7.96;3.96;2.42;0.38;1.39;5.52;178.8;140.6;24.4;2.8;11;0.28;0.63;0.09;0.12
2;100;50;0;100;17.26;4.08;11.9;2.31;2.29;0.15;40.3;15.22;7.55;4.56;0.78;2.49;5.98;119.7;92;10.7;5;12;1.38;0.5;0.18;0.24;1.38;1.43;0.152;59.7;9.33;4.64;2.79;0.48;1.59;5.93;177.7;137.8;24.9;3.2;11.9;0.28;0.91;0.1;0.14
2;100;50;50;0;19.69;3.99;11.71;2.15;2.11;0.139;45.8;15.17;7.49;4.57;0.74;2.58;5.86;119.5;86;16.6;5.2;11.7;1.28;0.41;0.18;0.24;1.1;1.12;0.128;54.2;8.67;4.14;2.67;0.47;1.42;5.85;141.4;111.3;15.6;2.8;11.7;0.5;0.4;0.09;0.14
2;100;50;50;50;19.34;4.63;13.37;2.23;2.29;0.144;44.8;15.88;7.83;4.78;0.87;2.64;6.83;121.5;87.5;15.1;5.3;13.7;1.32;0.53;0.2;0.25;1.64;1.59;0.137;55.2;11.62;5.74;3.5;0.59;1.98;6.54;149.9;109.4;23.5;4;13.1;0.66;0.62;0.14;0.18
2;100;50;50;100;19.44;5.18;14.83;2.48;2.47;0.152;45.9;16.23;8.14;4.81;0.79;2.72;7.5;129.3;87.7;21.2;5.4;15;1.33;0.69;0.19;0.26;2;2.08;0.143;54.1;14.41;7.16;4.3;0.74;2.46;7.33;152.2;109.1;23.6;4.9;14.7;0.84;0.85;0.16;0.23
2;100;50;100;0;21.46;4.43;12.95;2.21;2.27;0.141;53.1;16.13;7.94;4.86;0.81;2.69;6.58;122;83.5;20;5.4;13.2;1.25;0.56;0.19;0.27;1.35;1.32;0.128;46.9;10.22;5.01;3.1;0.53;1.74;6.37;107.7;76.3;15.2;3.5;12.7;0.67;0.38;0.11;0.16
2;100;50;100;50;21.57;5.34;15.14;2.46;2.46;0.146;52.8;16.77;8.32;4.92;0.9;2.87;7.63;132.9;83.4;28.5;5.7;15.3;1.27;0.73;0.21;0.25;1.88;1.91;0.135;47.2;14.14;6.95;4.3;0.75;2.46;7.51;118.6;76.4;22.3;4.9;15;0.97;0.57;0.17;0.21
2;100;50;100;100;21.72;5.83;16.75;2.67;2.67;0.153;52.5;17.45;8.72;5.12;0.87;2.9;8.5;133.8;84;27;5.8;17;1.26;0.92;0.2;0.29;2.49;2.45;0.141;47.5;17.34;8.64;5.13;0.87;2.94;8.25;121.1;75.9;22.9;5.9;16.5;1.15;0.84;0.2;0.27
2;100;100;0;0;17.55;4.18;12.19;2.5;2.53;0.142;42.3;17.74;8.75;5.31;0.9;2.97;6.21;126.5;88.6;19.5;5.9;12.4;1.59;0.44;0.21;0.29;1.01;1;0.139;57.7;7.16;3.48;2.19;0.41;1.21;5.98;173.1;143.8;15;2.4;12;0.27;0.54;0.08;0.11
2;100;100;0;50;17.36;4.39;12.64;2.71;2.7;0.15;41.6;17.93;8.94;5.29;0.91;3.01;6.51;127.2;90.4;17.7;6;13;1.62;0.59;0.21;0.28;1.32;1.25;0.151;58.4;8.24;4.17;2.47;0.42;1.38;6.13;178.5;140.7;22.8;2.8;12.3;0.28;0.77;0.09;0.12
2;100;100;0;100;17.09;4.58;13.19;2.82;2.83;0.155;41.8;18.28;9.02;5.46;0.93;3.05;6.57;127.3;91.9;16.1;6.1;13.1;1.64;0.69;0.22;0.28;1.66;1.65;0.171;58.2;9.61;4.87;2.76;0.5;1.53;6.62;177.4;138;23.2;3.1;13.2;0.28;1.12;0.1;0.14
2;100;100;50;0;19.52;4.69;13.47;2.66;2.68;0.144;47.7;18.59;9.28;5.53;0.96;3.11;6.86;130.4;85.6;24.9;6.2;13.7;1.52;0.63;0.23;0.3;1.25;1.25;0.136;52.3;9.1;4.49;2.75;0.45;1.58;6.61;142.8;111.9;14.5;3.2;13.2;0.5;0.51;0.1;0.14
2;100;100;50;50;19.54;5.21;14.82;2.74;2.9;0.152;46.5;19.04;9.47;5.66;0.98;3.29;7.58;131.3;86.3;23.3;6.6;15.2;1.54;0.82;0.23;0.31;1.78;1.69;0.144;53.5;11.67;5.79;3.5;0.56;1.93;7.24;151.3;111;22;3.9;14.5;0.65;0.73;0.12;0.18
2;100;100;50;100;19.25;5.65;16.19;3.15;3.1;0.16;46.4;19.35;9.89;5.59;0.95;3.21;8.29;131.5;87.4;21.1;6.4;16.6;1.57;0.99;0.24;0.3;2.28;2.28;0.155;53.6;14.61;7.36;4.3;0.73;2.44;7.9;152;109.5;21.9;4.9;15.8;0.84;1.07;0.16;0.21
2;100;100;100;0;21.52;5.12;14.7;2.87;2.81;0.143;55;19.6;9.73;5.86;0.96;3.31;7.38;134;82.4;30.3;6.6;14.8;1.47;0.8;0.23;0.31;1.45;1.45;0.135;45;10.63;5.21;3.23;0.55;1.81;7.31;109.4;77.3;13.9;3.6;14.6;0.67;0.49;0.12;0.16
2;100;100;100;50;21.66;5.89;17.01;3.04;3.06;0.153;52.8;19.98;10.07;5.9;1.01;3.33;8.57;134.5;82.3;28.4;6.7;17.1;1.46;1.05;0.23;0.31;2.15;2.13;0.141;47.2;15.08;7.53;4.5;0.78;2.56;8.44;120.4;77.4;21;5.1;16.9;1;0.72;0.17;0.24
2;100;100;100;100;21.37;6.32;18.28;3.36;3.34;0.163;52.5;20.46;10.37;6.01;1.02;3.36;9.24;134.7;82.8;26.7;6.7;18.5;1.49;1.29;0.24;0.32;2.69;2.66;0.149;47.5;17.73;8.89;5.26;0.89;2.96;9.04;121.8;76.9;20.9;5.9;18.1;1.19;1;0.2;0.27
3;0;0;0;0;13.65;1.82;5.26;0.85;0.83;0.133;54.4;6.17;3;1.85;0.33;1.03;2.73;194.8;172.6;14.7;2.1;5.5;0.41;0.25;0.08;0.1;0.57;0.56;0.118;45.6;4.53;2.19;1.42;0.2;0.79;2.53;163;146.9;9.4;1.6;5.1;0.27;0.16;0.05;0.07
3;0;0;0;50;13.21;1.97;5.81;0.96;0.92;0.142;54.4;6.45;3.22;1.97;0.33;1.09;2.93;195;173.4;13.6;2.2;5.9;0.42;0.32;0.08;0.11;0.62;0.66;0.122;45.6;5.29;2.48;1.64;0.27;0.88;2.88;163.1;146.3;9.3;1.8;5.8;0.3;0.22;0.06;0.09
3;0;0;0;100;12.77;2.15;6.12;0.97;0.96;0.146;53.8;6.55;3.27;1.86;0.34;1.12;3.12;195.3;174.5;12.3;2.2;6.2;0.4;0.37;0.08;0.11;0.77;0.77;0.128;46.2;6;2.94;1.83;0.32;1.03;3;167.6;145.3;14.2;2.1;6;0.3;0.32;0.07;0.09
3;0;0;50;0;15.71;2.39;6.76;0.86;0.9;0.132;60.1;6.77;3.34;2.08;0.34;1.2;3.5;196.7;169.3;18;2.4;7;0.39;0.3;0.09;0.11;0.76;0.84;0.123;39.9;6.7;3.18;2.08;0.34;1.19;3.26;130.4;112.2;9.3;2.4;6.5;0.49;0.16;0.08;0.11
3;0;0;50;50;15.71;2.82;7.88;0.98;1.01;0.14;59.5;7.15;3.52;2.12;0.36;1.2;4.05;195.6;167.9;17.2;2.4;8.1;0.39;0.42;0.09;0.11;1.11;1.15;0.127;40.5;9.01;4.42;2.71;0.5;1.62;3.83;133.2;113;9.2;3.2;7.7;0.68;0.22;0.12;0.13
3;0;0;50;100;15.42;3.28;9.5;1.13;1.15;0.149;58.1;7.66;3.78;2.31;0.38;1.28;4.8;195.2;167;16;2.6;9.6;0.39;0.54;0.1;0.12;1.45;1.49;0.129;41.9;11.55;5.62;3.56;0.6;2;4.7;140.6;113.6;13.6;4;9.4;0.88;0.3;0.13;0.18
3;0;0;100;0;17.55;2.78;7.84;0.95;0.98;0.129;67.2;7.5;3.67;2.3;0.38;1.29;4;197.4;165.4;21.4;2.6;8;0.39;0.38;0.09;0.12;1.01;1.05;0.125;32.8;8.31;4.04;2.52;0.43;1.49;3.84;96.2;76.5;9;3;7.7;0.66;0.15;0.11;0.13
3;0;0;100;50;17.77;3.49;9.93;1.09;1.14;0.139;66.2;8.17;4.05;2.41;0.45;1.41;5.12;196.4;162.7;20.6;2.8;10.2;0.38;0.52;0.1;0.13;1.47;1.53;0.127;33.8;11.97;5.8;3.6;0.65;2.08;4.81;100.3;77.6;8.9;4.2;9.6;1;0.21;0.14;0.19
3;0;0;100;100;17.95;4.04;11.31;1.34;1.32;0.149;64.4;8.85;4.47;2.57;0.46;1.49;5.81;194.9;160.4;19.9;3;11.6;0.37;0.7;0.11;0.14;1.97;1.86;0.129;35.6;14.4;7.09;4.3;0.77;2.55;5.5;107.8;78.6;13.1;5.1;11;1.19;0.29;0.17;0.22
3;0;50;0;0;13.29;1.95;5.81;0.95;0.95;0.136;53.9;6.95;3.36;2.14;0.35;1.13;2.87;192.8;170;14.8;2.3;5.7;0.41;0.35;0.08;0.11;0.6;0.61;0.126;46.1;4.71;2.32;1.41;0.28;0.82;2.94;164.8;149.1;8.2;1.6;5.9;0.29;0.19;0.05;0.08
3;0;50;0;50;12.95;2.13;6.16;1.08;1.06;0.145;54;7.31;3.56;2.27;0.38;1.19;3.11;193.3;171.1;13.7;2.4;6.2;0.41;0.45;0.09;0.11;0.75;0.71;0.132;46;5.33;2.64;1.6;0.3;0.94;3.05;164.6;148.2;8.5;1.9;6.1;0.28;0.28;0.07;0.08
3;0;50;0;100;12.53;2.33;6.68;1.28;1.24;0.159;53.4;7.76;3.9;2.33;0.41;1.31;3.39;193.5;171.3;12.8;2.6;6.8;0.42;0.61;0.09;0.13;0.86;0.88;0.146;46.6;6.02;2.98;1.82;0.31;1.02;3.29;168.9;148;12.3;2;6.6;0.3;0.42;0.07;0.09
3;0;50;50;0;15.56;2.66;7.45;1.08;1.09;0.134;59.3;8.09;3.94;2.48;0.37;1.41;3.82;193.8;164.9;18.4;2.8;7.6;0.4;0.46;0.1;0.13;0.85;0.9;0.128;40.7;6.97;3.42;2.12;0.38;1.25;3.63;132.8;114.9;8.2;2.5;7.3;0.52;0.19;0.08;0.11
3;0;50;50;50;15.53;3.08;8.76;1.23;1.26;0.144;58.7;8.71;4.33;2.56;0.48;1.45;4.5;193.1;163.6;17.6;2.9;9;0.4;0.61;0.1;0.14;1.16;1.19;0.13;41.3;9.08;4.45;2.74;0.48;1.64;4.26;135.5;115.7;8;3.3;8.5;0.69;0.26;0.1;0.14
3;0;50;50;100;15.29;3.41;10.26;1.47;1.46;0.16;58.6;9.07;4.56;2.65;0.47;1.46;5.28;201.1;163.1;24.5;2.9;10.6;0.39;0.81;0.1;0.15;1.54;1.62;0.137;41.4;11.77;5.71;3.62;0.63;1.94;4.98;142;116;12.2;3.9;10;0.89;0.43;0.12;0.18
3;0;50;100;0;17.68;2.98;8.67;1.25;1.27;0.138;66.5;9.21;4.47;2.79;0.48;1.56;4.51;194;159.5;22.4;3.1;9;0.38;0.63;0.11;0.15;1.04;1.07;0.128;33.5;8.29;4.02;2.56;0.43;1.42;4.16;97.8;79;7.7;2.8;8.3;0.69;0.17;0.09;0.12
3;0;50;100;50;17.78;3.78;10.76;1.5;1.47;0.148;66.6;9.85;4.93;2.91;0.5;1.67;5.54;203.9;157.6;31.9;3.3;11.1;0.38;0.82;0.11;0.16;1.54;1.6;0.131;33.4;12.23;5.85;3.76;0.62;2.11;5.22;102.2;79.7;7.8;4.2;10.4;1.01;0.27;0.15;0.18
3;0;50;100;100;17.86;4.3;12.44;1.82;1.71;0.161;64.8;10.59;5.44;3.06;0.53;1.77;6.33;201.7;154.8;30.7;3.5;12.7;0.38;1.03;0.13;0.17;1.99;2.03;0.135;35.2;14.93;7.21;4.58;0.81;2.53;6.1;109.6;80.9;11.4;5.1;12.2;1.24;0.39;0.17;0.23
3;0;100;0;0;13.07;2.2;6.4;1.19;1.15;0.139;54.2;8.2;4.08;2.44;0.39;1.35;3.22;198.1;166.8;22.2;2.7;6.4;0.42;0.5;0.1;0.13;0.63;0.66;0.131;45.8;4.93;2.42;1.51;0.26;0.85;3.19;167.3;151.7;7.5;1.7;6.4;0.29;0.23;0.06;0.08
3;0;100;0;50;12.6;2.27;6.72;1.36;1.35;0.16;54.2;8.45;4.27;2.52;0.43;1.4;3.4;197.5;167.1;20.8;2.8;6.8;0.42;0.71;0.1;0.13;0.74;0.77;0.142;45.8;5.32;2.57;1.65;0.27;0.87;3.32;167;151.5;7.2;1.7;6.6;0.3;0.33;0.06;0.08
3;0;100;0;100;12.13;2.49;6.89;1.53;1.49;0.171;53.7;8.74;4.46;2.52;0.44;1.41;3.58;197.4;168.4;19.1;2.8;7.2;0.42;0.82;0.1;0.14;0.97;0.93;0.153;46.3;6.01;3.08;1.73;0.29;1.07;3.32;170.1;150.4;11;2.1;6.6;0.31;0.47;0.07;0.09
3;0;100;50;0;15.21;2.83;8.04;1.32;1.37;0.143;59.8;9.54;4.63;2.91;0.51;1.6;4.15;200.3;160.8;28;3.2;8.3;0.4;0.71;0.11;0.15;0.9;0.91;0.13;40.2;6.92;3.37;2.1;0.35;1.22;3.89;134.5;117.4;6.8;2.4;7.8;0.52;0.2;0.08;0.11
3;0;100;50;50;15.33;3.3;9.4;1.6;1.62;0.161;59.1;10.05;5.12;2.96;0.47;1.69;4.86;198.9;158.8;27.1;3.4;9.7;0.39;0.95;0.12;0.16;1.23;1.29;0.137;40.9;9.39;4.59;2.83;0.46;1.6;4.54;137.8;118.7;6.9;3.2;9.1;0.73;0.32;0.11;0.14
3;0;100;50;100;15.14;3.68;10.64;1.91;1.88;0.179;57.9;10.53;5.41;3.02;0.53;1.64;5.45;197.7;158;25.5;3.3;10.9;0.4;1.2;0.12;0.17;1.66;1.68;0.141;42.1;11.85;5.91;3.47;0.63;2.04;5.18;143.8;119.2;10.2;4.1;10.4;0.92;0.44;0.14;0.18
3;0;100;100;0;17.85;3.38;9.71;1.59;1.61;0.142;66.8;11.23;5.5;3.42;0.61;1.87;4.99;202.2;154;34.5;3.7;10;0.39;0.9;0.14;0.19;1.12;1.12;0.13;33.2;8.57;4.19;2.54;0.45;1.51;4.72;100.4;81.2;6.7;3;9.4;0.7;0.2;0.1;0.13
3;0;100;100;50;17.63;3.99;11.63;1.88;1.91;0.161;65.5;11.83;6.01;3.5;0.57;1.98;5.89;199.1;150.3;33.1;4;11.8;0.37;1.21;0.15;0.19;1.7;1.66;0.134;34.5;12.28;5.95;3.67;0.69;2.01;5.74;104.6;82.8;6.3;4;11.5;1.04;0.3;0.13;0.19
3;0;100;100;100;17.88;4.58;13.21;2.2;2.21;0.181;64;12.23;6.29;3.5;0.6;1.94;6.79;198.2;149.2;31.5;3.9;13.6;0.37;1.52;0.14;0.19;2.04;2.11;0.138;36;15.18;7.48;4.59;0.78;2.64;6.43;111.2;83.2;9.9;5.3;12.9;1.27;0.42;0.18;0.23
3;50;0;0;0;15.67;2.35;6.85;1.29;1.24;0.14;48.7;8.81;4.38;2.59;0.47;1.45;3.61;156.8;132.1;14.5;2.9;7.2;0.73;0.25;0.1;0.15;0.59;0.62;0.119;51.3;5.11;2.45;1.55;0.28;0.9;3.24;165;144;12.7;1.8;6.5;0.27;0.21;0.06;0.08
3;50;0;0;50;15.03;2.65;7.43;1.27;1.31;0.146;48.9;8.97;4.45;2.64;0.46;1.54;3.81;157.4;133.8;12.8;3.1;7.6;0.75;0.31;0.1;0.15;0.8;0.78;0.123;51.1;6.22;3.02;1.89;0.31;1.1;3.62;164.4;142.2;12.8;2.2;7.2;0.29;0.32;0.07;0.1
3;50;0;0;100;14.74;2.82;8.04;1.32;1.39;0.149;48.3;9.29;4.59;2.76;0.51;1.58;4.06;158.8;135.5;12;3.2;8.1;0.76;0.36;0.12;0.15;1.01;0.97;0.133;51.7;7.26;3.49;2.23;0.38;1.24;3.98;169.9;140.3;19.2;2.5;8;0.3;0.48;0.08;0.11
3;50;0;50;0;17.58;2.83;8.15;1.28;1.29;0.139;54.3;9.24;4.54;2.89;0.47;1.58;4.11;158.4;129.3;17.7;3.2;8.2;0.72;0.3;0.12;0.15;0.9;0.9;0.122;45.7;7.27;3.54;2.19;0.42;1.25;4.03;133.3;110.3;12.5;2.5;8.1;0.49;0.21;0.08;0.11
3;50;0;50;50;17.3;3.22;9.56;1.39;1.39;0.145;54;9.62;4.78;2.85;0.49;1.61;4.81;158.9;129.4;16.7;3.2;9.6;0.72;0.4;0.12;0.15;1.21;1.24;0.126;46;9.76;4.71;2.97;0.53;1.61;4.75;135.2;110.2;12.3;3.2;9.5;0.67;0.3;0.11;0.15
3;50;0;50;100;17.42;3.95;11.06;1.5;1.52;0.151;52.6;10.07;4.99;3.05;0.51;1.7;5.61;160;129.8;15.5;3.4;11.2;0.73;0.51;0.11;0.17;1.58;1.67;0.132;47.4;12.54;6.12;3.82;0.67;2.26;5.44;144;109.9;18.8;4.5;10.9;0.85;0.47;0.16;0.18
3;50;0;100;0;19.39;3.19;9.11;1.33;1.34;0.136;61.9;9.83;4.84;2.96;0.5;1.67;4.7;160.8;126.9;21.2;3.3;9.4;0.7;0.37;0.12;0.16;1.04;1.08;0.124;38.1;8.64;4.13;2.65;0.45;1.52;4.4;99.1;75;12.3;3;8.8;0.64;0.2;0.11;0.13
3;50;0;100;50;19.66;4.01;11.27;1.49;1.51;0.143;60.9;10.55;5.25;3.15;0.52;1.84;5.83;161.1;125.4;20.3;3.7;11.7;0.7;0.52;0.13;0.17;1.59;1.58;0.127;39.1;12.45;6.07;3.81;0.63;2.17;5.43;103.1;75.8;12.1;4.3;10.9;0.96;0.29;0.14;0.19
3;50;0;100;100;19.47;4.59;13.01;1.72;1.7;0.151;59.1;11.26;5.57;3.42;0.56;1.87;6.74;161.7;125.2;19.2;3.7;13.5;0.7;0.68;0.14;0.18;2.02;2.03;0.131;40.9;15.41;7.53;4.64;0.82;2.72;6.27;111.7;75.9;17.8;5.4;12.5;1.16;0.45;0.18;0.23
3;50;50;0;0;15.61;2.8;8.24;1.62;1.63;0.144;48.7;11.31;5.58;3.46;0.59;1.81;4.14;158;131.6;14.5;3.6;8.3;0.97;0.34;0.14;0.18;0.69;0.71;0.128;51.3;5.46;2.7;1.64;0.27;0.99;4.1;166.4;144.6;11.7;2;8.2;0.28;0.28;0.07;0.08
3;50;50;0;50;14.99;3.09;8.84;1.7;1.76;0.149;49.1;11.76;5.81;3.5;0.6;2.01;4.49;159.4;133.2;13.1;4;9;0.99;0.45;0.14;0.18;0.8;0.86;0.133;50.9;6.4;3.12;1.93;0.34;1.08;4.35;165.3;142.8;11.6;2.2;8.7;0.28;0.41;0.07;0.1
3;50;50;0;100;14.74;3.29;9.38;1.91;1.89;0.158;48.5;11.98;6.16;3.5;0.6;2.05;4.79;160.4;134.7;12;4.1;9.6;1;0.56;0.14;0.19;1.05;1.1;0.149;51.5;7.32;3.62;2.2;0.39;1.24;4.58;170.5;141.1;17.7;2.5;9.2;0.29;0.62;0.08;0.11
3;50;50;50;0;17.32;3.34;9.68;1.7;1.74;0.142;54.4;12.24;6.01;3.73;0.57;2.03;5.03;160;128.2;17.7;4.1;10.1;0.95;0.44;0.14;0.2;0.91;0.96;0.128;45.6;7.43;3.66;2.2;0.4;1.31;4.65;134.3;111.2;11.2;2.6;9.3;0.5;0.27;0.09;0.11
3;50;50;50;50;17.56;4;11.06;1.94;1.89;0.148;54;12.7;6.42;3.79;0.62;2.17;5.66;160.9;128.1;17.1;4.3;11.3;0.94;0.58;0.16;0.2;1.31;1.33;0.132;46;10.03;4.99;2.94;0.56;1.83;5.39;137;111.3;11.3;3.7;10.8;0.67;0.39;0.12;0.15
3;50;50;50;100;17.46;4.36;12.56;2.11;2.09;0.159;53.8;13.12;6.6;3.81;0.72;2.21;6.38;169.1;128.1;23.8;4.4;12.8;0.95;0.77;0.16;0.2;1.76;1.8;0.14;46.2;12.8;6.29;3.78;0.69;2.15;6.18;144.9;111.3;17;4.3;12.4;0.86;0.61;0.14;0.19
3;50;50;100;0;19.48;3.76;11.14;1.81;1.92;0.143;61.5;13.38;6.53;4.08;0.71;2.2;5.71;161.6;124.3;21.5;4.4;11.4;0.93;0.62;0.16;0.22;1.15;1.16;0.128;38.5;8.97;4.3;2.79;0.44;1.56;5.43;101.2;76.4;10.8;3.1;10.9;0.66;0.26;0.1;0.14
3;50;50;100;50;19.64;4.45;13.02;2.15;2.11;0.151;62.1;13.97;6.97;4.18;0.68;2.28;6.62;171.9;122.9;31.3;4.6;13.2;0.92;0.81;0.16;0.22;1.67;1.67;0.131;37.9;12.71;6.16;3.84;0.71;2.17;6.41;105;77.2;10.7;4.3;12.8;0.96;0.37;0.14;0.2
3;50;50;100;100;19.77;5.13;14.58;2.33;2.33;0.159;60.3;14.64;7.43;4.21;0.78;2.42;7.47;171.8;122.4;29.7;4.8;14.9;0.92;1;0.18;0.24;2.12;2.17;0.138;39.7;15.65;7.71;4.66;0.8;2.72;7.11;113.2;77.5;16.1;5.4;14.2;1.17;0.57;0.19;0.24
3;50;100;0;0;15.51;3.35;9.91;2.09;2.12;0.146;49.8;14.46;7.14;4.3;0.78;2.37;5.06;167.2;130.5;21.8;4.7;10.1;1.22;0.49;0.17;0.23;0.76;0.8;0.137;50.2;5.78;2.81;1.79;0.33;0.98;4.86;168.2;145.8;10.7;2;9.7;0.28;0.36;0.07;0.09
3;50;100;0;50;15.36;3.59;10.27;2.26;2.33;0.158;49.3;14.78;7.32;4.34;0.78;2.47;5.29;168.1;132;20.5;4.9;10.6;1.24;0.7;0.17;0.23;1.01;0.98;0.148;50.7;6.59;3.25;1.95;0.34;1.11;4.98;172.5;144.1;16.2;2.2;10;0.29;0.53;0.07;0.1
3;50;100;0;100;14.73;3.83;10.68;2.49;2.49;0.164;49.5;15.18;7.65;4.49;0.74;2.51;5.52;168.1;133.9;18.2;5;11;1.28;0.8;0.19;0.23;1.25;1.24;0.165;50.5;7.45;3.77;2.18;0.38;1.32;5.16;171.2;142.1;16.1;2.6;10.3;0.3;0.75;0.08;0.1
3;50;100;50;0;17.67;4.06;11.27;2.32;2.33;0.148;55.3;15.69;7.81;4.66;0.84;2.7;5.74;170.2;125.7;27.7;5.4;11.5;1.19;0.7;0.2;0.25;1.03;1.05;0.134;44.7;7.74;3.74;2.31;0.45;1.36;5.54;137.3;113.3;10.3;2.7;11.1;0.51;0.34;0.09;0.11
3;50;100;50;50;17.12;4.43;12.63;2.63;2.57;0.159;54.1;16.18;8.19;4.7;0.82;2.67;6.47;169.5;125.6;25.6;5.3;12.9;1.21;0.91;0.2;0.25;1.43;1.45;0.141;45.9;10.29;5.1;3.08;0.54;1.76;6.17;144;113.3;14.8;3.5;12.3;0.69;0.48;0.13;0.16
3;50;100;50;100;17.35;4.81;13.96;2.77;2.76;0.169;53.6;16.32;8.2;4.88;0.86;2.59;7.08;169.4;125.9;24.2;5.2;14.2;1.2;1.12;0.18;0.26;1.83;1.9;0.149;46.4;12.73;6.35;3.82;0.59;2.22;6.88;146.5;113.1;15.2;4.4;13.8;0.87;0.7;0.15;0.19
3;50;100;100;0;19.64;4.45;12.78;2.45;2.49;0.147;62.5;16.91;8.32;5.12;0.88;2.78;6.56;172.8;121.1;33;5.6;13.1;1.14;0.88;0.2;0.27;1.23;1.25;0.134;37.5;9.31;4.58;2.86;0.46;1.66;6.22;103.7;78.2;9.7;3.3;12.4;0.67;0.33;0.12;0.14
3;50;100;100;50;19.85;5.15;14.75;2.67;2.78;0.159;60.7;17.43;8.79;5.13;0.89;2.94;7.68;173;120;31.7;5.9;15.4;1.13;1.15;0.22;0.28;1.79;1.82;0.138;39.3;13.11;6.36;4;0.69;2.21;7.08;111.9;78.8;14.5;4.4;14.2;0.99;0.47;0.16;0.19
3;50;100;100;100;19.8;5.72;16.29;3.09;3.09;0.172;59.8;17.93;9.22;5.11;0.92;2.95;8.34;171.7;119.1;30;5.9;16.7;1.13;1.46;0.21;0.28;2.27;2.33;0.144;40.2;16.08;7.97;4.81;0.82;2.77;7.94;115.2;79.3;14.5;5.5;15.9;1.22;0.68;0.18;0.25
3;100;0;0;0;17.54;2.82;8.11;1.5;1.51;0.144;41.1;10.49;5.22;3.14;0.56;1.78;4.18;116.1;90.2;14;3.6;8.4;0.98;0.23;0.13;0.17;0.72;0.71;0.117;58.9;5.89;2.9;1.82;0.31;1.04;3.93;166.5;140.4;16.1;2.1;7.9;0.26;0.28;0.07;0.09
3;100;0;0;50;17.27;3.06;8.98;1.54;1.62;0.148;41.7;10.94;5.37;3.3;0.6;1.8;4.72;117.7;91.8;12.9;3.6;9.4;1.02;0.3;0.13;0.18;0.87;0.93;0.128;58.3;7.16;3.44;2.24;0.38;1.25;4.26;165;137.7;16.3;2.5;8.5;0.28;0.46;0.09;0.11
3;100;0;0;100;17.08;3.42;9.7;1.76;1.71;0.151;40.9;11.31;5.72;3.34;0.55;1.92;5.02;119.2;93.6;11.6;3.8;10;1.04;0.35;0.15;0.18;1.15;1.17;0.134;59.1;8.65;4.19;2.67;0.44;1.49;4.68;172;134.6;25.1;3;9.4;0.28;0.66;0.1;0.13
3;100;0;50;0;19.31;3.15;9.43;1.57;1.59;0.142;46.9;11.2;5.5;3.35;0.6;1.84;4.83;118.9;88.2;17.4;3.7;9.7;0.99;0.29;0.13;0.18;0.96;0.94;0.121;53.1;7.72;3.68;2.39;0.42;1.3;4.6;134.9;107.6;15.5;2.6;9.2;0.47;0.27;0.08;0.12
3;100;0;50;50;19.15;3.85;11.09;1.74;1.71;0.146;46.5;11.67;5.79;3.55;0.58;1.92;5.58;119.7;88.7;16;3.8;11.2;1;0.39;0.14;0.19;1.36;1.4;0.129;53.5;10.85;5.3;3.29;0.57;1.92;5.51;137.7;107.1;15.7;3.8;11;0.66;0.45;0.13;0.16
3;100;0;50;100;19.21;4.32;12.49;1.82;1.81;0.152;45.4;11.93;5.96;3.51;0.64;1.99;6.48;121.7;89.8;15;4;13;0.99;0.5;0.14;0.19;1.82;1.79;0.132;54.6;13.5;6.58;4.03;0.77;2.33;6.01;146.3;105.7;24;4.7;12;0.82;0.61;0.15;0.21
3;100;0;100;0;21.11;3.63;10.38;1.67;1.64;0.14;54.5;11.72;5.8;3.51;0.59;2.02;5.31;121.9;86.7;20.5;4;10.6;0.97;0.35;0.14;0.18;1.15;1.16;0.123;45.5;9.36;4.47;2.9;0.5;1.62;5.07;101.8;73.2;15.3;3.2;10.1;0.64;0.27;0.1;0.15
3;100;0;100;50;21.36;4.42;12.78;1.78;1.81;0.145;53.6;12.43;6.17;3.74;0.6;2.06;6.48;122.9;86.1;19.7;4.1;13;0.96;0.49;0.15;0.2;1.71;1.75;0.129;46.4;13.5;6.51;4.19;0.72;2.35;6.3;106.2;73.7;15.3;4.7;12.6;0.95;0.43;0.17;0.2
3;100;0;100;100;21.29;4.94;14.37;1.98;1.95;0.151;51.5;12.91;6.36;3.93;0.65;2.08;7.25;123.5;86.3;18.6;4.2;14.5;0.96;0.65;0.14;0.2;2.1;2.16;0.132;48.5;16.31;8.02;4.91;0.82;2.87;7.12;116.4;73.5;23;5.7;14.2;1.12;0.6;0.19;0.25
3;100;50;0;0;17.67;3.66;10.48;2.19;2.21;0.147;41.8;15.02;7.52;4.51;0.75;2.51;5.37;120.2;90.7;13.8;5;10.7;1.46;0.33;0.18;0.24;0.79;0.83;0.129;58.2;6.39;3.15;1.97;0.33;1.15;5.12;167.2;139.5;15.1;2.3;10.2;0.27;0.38;0.08;0.1
3;100;50;0;50;17.27;3.81;11.31;2.36;2.34;0.151;41.2;15.51;7.77;4.65;0.77;2.52;5.83;121.4;92.1;12.7;5;11.7;1.48;0.42;0.17;0.25;1.04;1.05;0.139;58.8;7.51;3.69;2.26;0.38;1.29;5.48;173.5;137.2;22.7;2.6;11;0.28;0.58;0.08;0.11
3;100;50;0;100;17.23;4.28;11.77;2.44;2.51;0.157;41.7;15.95;7.96;4.66;0.84;2.71;6.08;123.3;94.1;11.6;5.4;12.2;1.51;0.54;0.2;0.25;1.39;1.36;0.153;58.3;8.87;4.51;2.6;0.45;1.58;5.69;172.1;133.9;23.6;3.2;11.4;0.27;0.86;0.11;0.13
3;100;50;50;0;19.39;4.05;11.65;2.29;2.29;0.145;47.3;15.8;7.84;4.66;0.78;2.66;6.07;122.7;87.9;17.3;5.3;12.1;1.42;0.43;0.18;0.26;1.05;1.06;0.129;52.7;8.22;4;2.52;0.38;1.39;5.58;136.6;108;14.6;2.8;11.2;0.48;0.36;0.1;0.13
3;100;50;50;50;19.48;4.55;13.13;2.45;2.45;0.15;45.8;16.34;8.11;4.82;0.85;2.71;6.71;123.5;88.5;16.1;5.4;13.4;1.43;0.56;0.19;0.26;1.51;1.5;0.136;54.2;11;5.34;3.29;0.64;1.84;6.43;145.9;107.3;22.1;3.7;12.9;0.65;0.56;0.13;0.16
3;100;50;50;100;19.61;4.98;14.8;2.77;2.64;0.158;47.3;16.72;8.38;5;0.85;2.61;7.65;132.8;89.6;22.7;5.2;15.3;1.43;0.74;0.19;0.28;1.96;2;0.144;52.7;13.87;6.94;4.17;0.7;2.37;7.15;147.8;106;22.8;4.7;14.3;0.8;0.83;0.15;0.21
3;100;50;100;0;21.53;4.5;12.98;2.33;2.4;0.146;54.5;16.45;8.16;4.97;0.85;2.8;6.6;125.3;85.9;20.7;5.6;13.2;1.35;0.59;0.2;0.26;1.2;1.29;0.129;45.5;9.99;4.78;3.1;0.5;1.7;6.38;104.6;73.8;14.7;3.4;12.8;0.64;0.38;0.11;0.16
3;100;50;100;50;21.49;5.22;15.1;2.52;2.61;0.152;54.2;17.17;8.48;5.15;0.86;2.92;7.66;136.1;85.3;29.7;5.8;15.3;1.38;0.77;0.2;0.26;1.83;1.85;0.134;45.8;13.71;6.71;4.14;0.7;2.3;7.44;114.9;74.3;21.1;4.6;14.9;0.94;0.54;0.16;0.21
3;100;50;100;100;21.68;5.79;16.67;2.8;2.81;0.158;53.6;17.75;8.92;5.2;0.93;2.89;8.4;136.4;85.2;28.6;5.8;16.8;1.37;0.96;0.19;0.29;2.37;2.34;0.14;46.4;16.64;8.25;4.97;0.82;2.9;8.26;118;74.4;21.3;5.8;16.5;1.13;0.77;0.19;0.26
3;100;100;0;0;17.59;4.21;11.99;2.73;2.69;0.149;43.7;18.09;8.95;5.46;0.93;3.05;6.2;130.1;90.7;20.9;6.1;12.4;1.73;0.46;0.22;0.29;0.95;0.95;0.138;56.3;6.83;3.33;2.08;0.35;1.16;5.79;167.6;139.4;14.3;2.3;11.6;0.27;0.51;0.07;0.1
3;100;100;0;50;17.22;4.46;12.67;2.97;2.94;0.157;42.8;18.68;9.45;5.48;0.96;3.14;6.47;130.2;91.8;19.2;6.3;12.9;1.76;0.66;0.22;0.3;1.19;1.21;0.151;57.2;7.98;3.97;2.38;0.4;1.32;6.2;174.1;137.7;21.3;2.6;12.4;0.28;0.72;0.09;0.12
3;100;100;0;100;17.05;4.56;13.27;3.13;3.1;0.162;43.1;19.15;9.59;5.65;0.97;3.08;6.8;130.8;93.4;17.7;6.2;13.6;1.8;0.77;0.23;0.3;1.51;1.54;0.171;56.9;9.01;4.62;2.59;0.44;1.48;6.47;172.6;135.1;21.6;3;12.9;0.27;1.04;0.1;0.13
3;100;100;50;0;19.66;4.82;13.57;2.84;2.89;0.15;48.9;19.31;9.62;5.79;0.97;3.23;6.93;133.6;86.8;26.4;6.5;13.9;1.66;0.68;0.23;0.32;1.23;1.21;0.137;51.1;8.79;4.39;2.6;0.46;1.59;6.64;139.4;109.4;13.5;3.2;13.3;0.49;0.49;0.11;0.12
3;100;100;50;50;19.35;5.08;14.89;3.02;3.08;0.158;47.7;19.53;9.78;5.7;0.99;3.17;7.62;134;87.8;24.6;6.3;15.2;1.68;0.88;0.23;0.3;1.71;1.65;0.144;52.3;11.41;5.64;3.45;0.58;1.91;7.27;147.1;108.1;20.6;3.8;14.5;0.65;0.7;0.13;0.17
3;100;100;50;100;19.48;5.53;16.25;3.35;3.28;0.166;47.5;19.73;10.09;5.64;1.02;3.19;8.37;134.5;88.5;22.9;6.4;16.7;1.68;1.06;0.23;0.32;2.09;2.22;0.154;52.5;14.33;7.11;4.23;0.81;2.34;7.88;148.7;107.3;21;4.7;15.8;0.84;1.01;0.15;0.22
3;100;100;100;0;21.57;5.21;14.87;3.01;3;0.148;56.4;20.22;10.02;6.11;1;3.41;7.52;137.8;84.1;31.9;6.8;15;1.62;0.84;0.23;0.32;1.34;1.4;0.135;43.6;10.28;5.05;3.09;0.55;1.81;7.35;106.7;75.3;13.1;3.6;14.7;0.65;0.47;0.12;0.16
3;100;100;100;50;21.76;5.83;16.8;3.23;3.28;0.158;54.1;20.7;10.29;6.14;1.04;3.37;8.55;138;83.6;30.6;6.7;17.1;1.59;1.12;0.25;0.32;1.97;2;0.141;45.9;14.18;7.01;4.31;0.66;2.47;8.26;116.8;75.7;19.7;4.9;16.5;0.95;0.67;0.16;0.22
3;100;100;100;100;21.3;6.4;18.35;3.54;3.61;0.169;53.7;21.37;10.84;6.21;1.13;3.5;9.38;137.8;83.4;28.6;7;18.8;1.62;1.39;0.26;0.33;2.46;2.53;0.149;46.3;16.95;8.36;5.05;0.92;2.9;8.97;118.7;75.8;19.1;5.8;17.9;1.16;0.92;0.19;0.25
4;0;0;0;0;13.62;1.88;5.24;0.85;0.88;0.137;55.8;6.36;3.13;1.88;0.33;1.1;2.71;199.5;176.2;15.7;2.2;5.4;0.43;0.27;0.08;0.11;0.48;0.53;0.119;44.2;4.31;2.03;1.39;0.23;0.78;2.53;157.9;142.8;8.5;1.6;5.1;0.27;0.14;0.05;0.06
4;0;0;0;50;13.12;1.96;5.63;0.95;0.97;0.146;55.8;6.58;3.26;1.94;0.35;1.12;2.83;199.3;177.1;14.4;2.2;5.7;0.44;0.34;0.08;0.1;0.64;0.63;0.122;44.2;4.98;2.38;1.55;0.25;0.84;2.81;157.9;142.1;8.5;1.7;5.6;0.29;0.2;0.05;0.08
4;0;0;0;100;13.09;2.15;6.26;1.06;1.06;0.15;55.2;7.03;3.53;2.04;0.38;1.17;3.19;200.5;178.3;13.5;2.3;6.4;0.45;0.41;0.08;0.11;0.74;0.74;0.127;44.8;5.73;2.77;1.78;0.29;0.98;3.07;162.5;141.2;13.3;2;6.1;0.29;0.29;0.07;0.09
4;0;0;50;0;15.71;2.26;6.63;0.97;0.96;0.135;61.6;7.03;3.51;2.08;0.36;1.19;3.42;201.6;173.2;19.2;2.4;6.8;0.44;0.32;0.09;0.11;0.79;0.78;0.123;38.4;6.31;3.06;1.91;0.33;1.07;3.21;125.8;108.9;8.4;2.1;6.4;0.48;0.14;0.07;0.1
4;0;0;50;50;15.72;2.81;7.99;1.02;1.07;0.143;60.7;7.43;3.69;2.22;0.41;1.29;4.04;200.2;171.3;18.2;2.6;8.1;0.42;0.44;0.09;0.12;1.08;1.09;0.126;39.3;8.57;4.21;2.57;0.44;1.52;3.95;129.3;110;8.3;3;7.9;0.67;0.2;0.09;0.13
4;0;0;50;100;15.68;3.27;9.34;1.27;1.24;0.153;59.5;8.04;4.07;2.38;0.38;1.37;4.8;200.1;170.6;17.2;2.7;9.6;0.42;0.58;0.1;0.13;1.38;1.42;0.128;40.5;11.01;5.28;3.41;0.58;1.9;4.53;136;110.4;12.7;3.8;9.1;0.85;0.29;0.12;0.17
4;0;0;100;0;17.81;2.56;7.68;0.98;1.01;0.132;68.6;7.58;3.63;2.3;0.4;1.24;3.97;202.6;169.7;22.4;2.5;7.9;0.41;0.39;0.09;0.12;0.96;0.98;0.124;31.4;7.82;3.67;2.48;0.42;1.31;3.71;92.5;74;8.5;2.6;7.4;0.63;0.14;0.08;0.12
4;0;0;100;50;17.97;3.38;9.66;1.2;1.2;0.141;67.5;8.44;4.16;2.51;0.45;1.41;4.9;201.3;166.8;21.9;2.8;9.8;0.42;0.55;0.1;0.14;1.38;1.43;0.127;32.5;11.22;5.34;3.38;0.6;1.96;4.76;96.8;75.1;8.2;3.9;9.5;0.94;0.2;0.13;0.17
4;0;0;100;100;18.06;3.95;11.55;1.45;1.41;0.152;65.7;9.3;4.65;2.73;0.51;1.49;6.01;200.1;164;21.1;3;12;0.41;0.74;0.11;0.15;1.71;1.79;0.129;34.3;13.86;6.78;4.24;0.69;2.47;5.54;104.4;76.2;12.2;4.9;11.1;1.15;0.28;0.16;0.2
4;0;50;0;0;13.31;2.04;5.8;1.07;1.04;0.14;55.4;7.43;3.66;2.26;0.35;1.27;3;198.1;173.8;15.7;2.5;6;0.45;0.38;0.09;0.12;0.52;0.57;0.125;44.6;4.37;2.08;1.39;0.25;0.77;2.81;159.2;144.6;7.4;1.5;5.6;0.27;0.18;0.05;0.07
4;0;50;0;50;12.97;2.2;6.22;1.15;1.17;0.149;55.3;7.85;3.94;2.3;0.39;1.34;3.22;197.8;173.9;14.8;2.7;6.4;0.45;0.49;0.1;0.13;0.65;0.66;0.13;44.7;5;2.44;1.54;0.25;0.86;3;159.6;144.6;7.3;1.7;6;0.28;0.25;0.05;0.07
4;0;50;0;100;12.45;2.27;6.59;1.24;1.31;0.163;54.8;7.98;4.06;2.33;0.38;1.31;3.38;197.8;174.9;13.5;2.6;6.8;0.44;0.64;0.1;0.13;0.85;0.84;0.144;45.2;5.73;2.84;1.71;0.33;0.96;3.21;163.1;143.8;11;1.9;6.4;0.3;0.38;0.06;0.09
4;0;50;50;0;15.6;2.57;7.3;1.13;1.16;0.138;60.7;8.39;4.14;2.52;0.46;1.45;3.68;198.5;168.7;19.5;2.9;7.4;0.44;0.47;0.1;0.14;0.75;0.81;0.128;39.3;6.3;3.04;1.92;0.34;1.12;3.62;128.3;111.5;7.3;2.2;7.2;0.48;0.17;0.07;0.1
4;0;50;50;50;15.6;3.05;8.7;1.33;1.35;0.147;60;9.14;4.51;2.64;0.48;1.51;4.5;197.2;166.6;18.6;3;9;0.43;0.65;0.12;0.14;1.09;1.13;0.13;40;8.67;4.19;2.65;0.46;1.53;4.2;131.4;112.7;7.2;3.1;8.4;0.67;0.24;0.09;0.13
4;0;50;50;100;15.55;3.38;9.99;1.59;1.53;0.163;59.9;9.35;4.76;2.72;0.47;1.49;5.13;205.8;166.1;26.4;3;10.3;0.42;0.85;0.11;0.15;1.49;1.53;0.137;40.1;11.12;5.35;3.46;0.58;1.89;4.86;137.5;113;11;3.8;9.7;0.87;0.38;0.12;0.17
4;0;50;100;0;17.98;3.03;8.69;1.28;1.35;0.14;67.6;9.59;4.74;2.92;0.5;1.65;4.41;198.9;163.3;23.4;3.3;8.8;0.41;0.66;0.12;0.16;1.02;1.02;0.128;32.4;7.88;3.78;2.46;0.42;1.38;4.28;95;76.5;7.2;2.8;8.6;0.64;0.17;0.08;0.12
4;0;50;100;50;18.07;3.74;10.77;1.52;1.58;0.151;67.8;10.4;5.15;3.12;0.53;1.76;5.54;208.8;160.1;34.1;3.5;11.1;0.42;0.87;0.13;0.17;1.46;1.5;0.13;32.2;11.5;5.57;3.5;0.59;1.98;5.23;99.1;77.7;6.9;4;10.5;0.97;0.23;0.13;0.17
4;0;50;100;100;17.82;4.21;12.13;1.79;1.77;0.163;66.2;10.8;5.4;3.25;0.56;1.75;6.26;206.5;158.5;32;3.5;12.5;0.4;1.07;0.13;0.17;1.91;1.93;0.135;33.8;14.26;7.05;4.32;0.7;2.46;5.87;105.4;78.3;10.4;4.9;11.7;1.2;0.35;0.17;0.22
4;0;100;0;0;13.22;2.25;6.54;1.27;1.25;0.142;55.6;8.72;4.34;2.66;0.42;1.45;3.38;203.5;169.7;24.1;2.9;6.8;0.44;0.55;0.11;0.15;0.55;0.62;0.129;44.4;4.66;2.29;1.41;0.23;0.8;3.15;162.3;147.8;6.6;1.6;6.3;0.29;0.2;0.05;0.08
4;0;100;0;50;12.79;2.35;6.74;1.41;1.47;0.163;55.6;8.97;4.49;2.63;0.45;1.48;3.44;202.8;170.1;22.8;3;6.9;0.44;0.77;0.11;0.14;0.68;0.73;0.14;44.4;5.05;2.48;1.55;0.25;0.86;3.31;162.1;147.5;6.3;1.7;6.6;0.29;0.3;0.05;0.08
4;0;100;0;100;12.23;2.51;6.97;1.64;1.61;0.174;55.1;9.23;4.79;2.64;0.46;1.53;3.58;202.2;171.2;20.8;3.1;7.2;0.46;0.9;0.11;0.14;0.93;0.88;0.151;44.9;5.72;2.98;1.58;0.26;0.98;3.4;165;146.7;9.6;2;6.8;0.31;0.42;0.06;0.08
4;0;100;50;0;15.44;2.88;8.07;1.44;1.45;0.146;61.2;9.93;5.03;2.93;0.52;1.72;4.21;205.5;163.9;29.7;3.4;8.4;0.43;0.74;0.12;0.16;0.88;0.88;0.13;38.8;6.68;3.23;2.04;0.36;1.16;3.85;130.4;114.2;6.1;2.3;7.7;0.52;0.19;0.08;0.1
4;0;100;50;50;15.42;3.33;9.46;1.68;1.77;0.164;60.3;10.83;5.53;3.09;0.59;1.84;4.93;203.7;161.4;28.8;3.7;9.9;0.43;1.02;0.14;0.18;1.14;1.21;0.137;39.7;8.78;4.17;2.77;0.46;1.5;4.53;133.8;115.7;6;3;9.1;0.68;0.29;0.11;0.13
4;0;100;50;100;15.59;3.79;10.78;2;2.03;0.182;59;11.14;5.8;3.1;0.56;1.83;5.56;201.9;159.6;27.5;3.7;11.1;0.42;1.3;0.13;0.17;1.5;1.58;0.14;41;11.2;5.52;3.45;0.58;1.96;5.22;140.4;116.8;9.3;3.9;10.4;0.89;0.4;0.12;0.16
4;0;100;100;0;17.76;3.31;9.81;1.73;1.68;0.145;67.9;11.59;5.79;3.43;0.6;1.9;5.01;206.2;156.6;35.7;3.8;10;0.42;0.93;0.13;0.19;1.04;1.09;0.13;32.1;8.33;3.93;2.62;0.43;1.41;4.8;97.5;79.1;6;2.8;9.6;0.69;0.18;0.08;0.13
4;0;100;100;50;18.07;4.01;11.72;2.01;2.01;0.163;66.7;12.3;6.23;3.56;0.65;1.98;5.98;203.9;152.9;35;4;12;0.4;1.28;0.14;0.2;1.62;1.61;0.134;33.3;11.92;5.9;3.53;0.61;2.03;5.74;101.8;80.5;5.7;4.1;11.5;1.02;0.27;0.14;0.18
4;0;100;100;100;17.96;4.55;12.97;2.5;2.4;0.183;65.2;13.06;6.82;3.69;0.66;2.1;6.72;201.5;150;33.9;4.2;13.4;0.39;1.64;0.16;0.21;1.9;1.96;0.137;34.8;14.27;7.02;4.22;0.72;2.46;6.25;107.3;81.6;8.2;4.9;12.5;1.23;0.35;0.16;0.21
4;50;0;0;0;15.4;2.38;6.85;1.28;1.31;0.146;50.1;8.94;4.4;2.68;0.48;1.48;3.53;160.4;135.3;15;3;7.1;0.8;0.25;0.11;0.15;0.58;0.61;0.118;49.9;5;2.4;1.52;0.27;0.91;3.32;159.7;139.5;11.7;1.8;6.6;0.28;0.2;0.06;0.08
4;50;0;0;50;15.28;2.61;7.31;1.32;1.38;0.151;50.5;9.07;4.58;2.62;0.45;1.56;3.8;161.8;137;14.2;3.1;7.6;0.79;0.33;0.11;0.14;0.7;0.73;0.122;49.5;5.83;2.81;1.78;0.31;1.05;3.51;158.9;137.8;12;2.1;7;0.28;0.3;0.06;0.09
4;50;0;0;100;14.89;2.79;7.86;1.43;1.47;0.154;49.7;9.53;4.75;2.82;0.46;1.61;4.04;162.7;138.3;13.1;3.2;8.1;0.81;0.39;0.11;0.15;0.9;0.91;0.133;50.3;6.77;3.33;2.07;0.33;1.18;3.82;164.4;136.4;17.9;2.4;7.6;0.28;0.45;0.08;0.1
4;50;0;50;0;17.39;2.79;7.96;1.3;1.36;0.144;55.9;9.43;4.63;2.85;0.47;1.6;4.11;162.7;132.9;18.3;3.2;8.2;0.78;0.31;0.12;0.15;0.81;0.85;0.122;44.1;6.88;3.26;2.1;0.39;1.19;3.86;128.3;106.5;11.6;2.4;7.7;0.47;0.2;0.08;0.1
4;50;0;50;50;17.45;3.3;9.55;1.52;1.51;0.149;55.4;10.07;5;3.04;0.52;1.65;4.86;162.9;132.2;17.6;3.3;9.7;0.79;0.43;0.12;0.17;1.15;1.19;0.126;44.6;9.37;4.49;2.87;0.51;1.65;4.69;131.2;107;11.5;3.3;9.4;0.65;0.28;0.11;0.14
4;50;0;50;100;17.6;3.8;10.91;1.63;1.62;0.156;54;10.39;5.18;3.13;0.54;1.69;5.59;163.8;132.4;16.7;3.4;11.2;0.76;0.56;0.12;0.17;1.57;1.58;0.132;46;11.95;5.82;3.62;0.62;2.11;5.32;139.4;106.9;17.6;4.2;10.6;0.81;0.45;0.14;0.18
4;50;0;100;0;19.33;3.18;9.09;1.42;1.43;0.141;63.2;10.14;5.08;2.99;0.53;1.73;4.62;164.4;129.8;21.9;3.5;9.2;0.77;0.38;0.12;0.17;1.04;1.04;0.124;36.8;8.37;4.08;2.54;0.38;1.44;4.47;95.8;72.7;11.3;2.9;8.9;0.63;0.19;0.1;0.13
4;50;0;100;50;19.72;3.83;11.29;1.56;1.57;0.147;62.2;10.69;5.28;3.16;0.56;1.74;5.8;164.6;128.2;21.3;3.5;11.6;0.74;0.54;0.13;0.17;1.43;1.53;0.126;37.8;12.08;5.84;3.73;0.62;2.1;5.48;99.9;73.5;11.3;4.2;11;0.93;0.29;0.13;0.18
4;50;0;100;100;19.64;4.38;12.89;1.75;1.79;0.154;60.6;11.56;5.73;3.49;0.6;1.94;6.7;165.4;127.7;20.4;3.9;13.4;0.75;0.72;0.13;0.18;1.89;1.9;0.131;39.4;14.51;7;4.53;0.72;2.44;6.2;107.5;73.8;16.4;4.9;12.4;1.11;0.42;0.16;0.22
4;50;50;0;0;15.67;2.81;8.34;1.79;1.77;0.149;50.2;11.85;5.92;3.52;0.58;1.98;4.27;162.3;134.3;15.5;4;8.5;1.07;0.37;0.14;0.18;0.65;0.66;0.126;49.8;5.09;2.43;1.59;0.29;0.83;4.07;161.1;140.5;10.8;1.7;8.1;0.27;0.26;0.05;0.08
4;50;50;0;50;15.32;3.05;8.82;1.92;1.86;0.154;50.4;12.02;6.07;3.56;0.59;2;4.58;163.1;135.8;14.2;4;9.2;1.05;0.47;0.15;0.19;0.78;0.82;0.132;49.6;6.15;2.98;1.92;0.3;1.04;4.24;160.7;139;11.1;2.1;8.5;0.28;0.38;0.07;0.09
4;50;50;0;100;14.75;3.23;9.37;2.01;2.04;0.164;49.9;12.48;6.29;3.73;0.62;2;4.84;164.2;137.6;13;4;9.7;1.08;0.6;0.15;0.2;1.04;1.05;0.149;50.1;7.03;3.52;2.11;0.36;1.23;4.53;165.2;137.2;16.5;2.5;9.1;0.28;0.59;0.08;0.1
4;50;50;50;0;17.45;3.35;9.69;1.88;1.85;0.147;55.6;12.59;6.16;3.85;0.68;2.06;4.94;163.6;130.9;18.6;4.1;9.9;1.03;0.46;0.15;0.2;0.89;0.92;0.128;44.4;7.12;3.51;2.19;0.38;1.29;4.75;130.6;108;10.5;2.6;9.5;0.48;0.26;0.08;0.11
4;50;50;50;50;17.44;3.84;11.07;1.96;2.02;0.153;55.4;13.16;6.59;3.88;0.68;2.23;5.77;164.6;130.9;17.6;4.5;11.5;1.02;0.6;0.17;0.22;1.3;1.28;0.131;44.6;9.69;4.72;2.91;0.52;1.61;5.3;132.6;108.1;10.7;3.2;10.6;0.66;0.36;0.1;0.15
4;50;50;50;100;17.17;4.44;12.39;2.23;2.24;0.164;55.3;13.65;6.92;3.94;0.68;2.25;6.48;173.1;131;24.7;4.5;13;1.05;0.8;0.17;0.22;1.71;1.72;0.14;44.7;12.26;6.09;3.66;0.55;2.19;5.91;139.8;108;15.6;4.4;11.8;0.85;0.55;0.14;0.18
4;50;50;100;0;19.64;3.76;10.88;2.04;2.05;0.148;62.8;13.8;6.9;4.06;0.72;2.32;5.58;165.2;126.8;22.6;4.6;11.2;1.01;0.64;0.18;0.23;1.06;1.11;0.128;37.2;8.56;4.13;2.66;0.46;1.44;5.29;97.9;74.2;10.2;2.9;10.6;0.63;0.25;0.1;0.13
4;50;50;100;50;19.57;4.54;12.89;2.28;2.25;0.156;63.5;14.46;7.34;4.21;0.68;2.44;6.75;176.4;125.7;32.3;4.9;13.5;1;0.83;0.19;0.23;1.58;1.61;0.131;36.5;12.28;5.99;3.69;0.67;2.1;6.14;101.2;74.8;9.9;4.2;12.3;0.94;0.36;0.13;0.18
4;50;50;100;100;19.73;5.12;14.37;2.46;2.46;0.164;61.6;15.04;7.62;4.3;0.74;2.47;7.41;175.5;124.6;31.2;4.9;14.8;1;1.04;0.19;0.23;2;2.07;0.138;38.4;14.96;7.41;4.47;0.75;2.65;6.95;109.5;75.4;14.9;5.3;13.9;1.14;0.53;0.18;0.22
4;50;100;0;0;15.49;3.36;9.8;2.29;2.28;0.152;51.4;14.99;7.55;4.43;0.8;2.49;5.12;171.7;133.2;23.3;5;10.2;1.33;0.52;0.18;0.25;0.7;0.73;0.135;48.6;5.29;2.52;1.6;0.29;0.88;4.68;162.4;141.7;9.6;1.8;9.4;0.27;0.32;0.06;0.07
4;50;100;0;50;15.24;3.64;10.33;2.46;2.52;0.164;50.4;15.38;7.83;4.43;0.83;2.58;5.2;171.1;133.9;21.7;5.2;10.4;1.35;0.74;0.19;0.24;0.88;0.92;0.147;49.6;6.22;3.07;1.82;0.33;1.06;5.14;168;141;14.7;2.1;10.3;0.28;0.48;0.07;0.09
4;50;100;0;100;14.58;3.78;10.75;2.69;2.66;0.169;50.8;15.66;8.1;4.43;0.77;2.57;5.56;171.8;136.1;19.4;5.1;11.1;1.39;0.84;0.19;0.24;1.1;1.17;0.165;49.2;7.06;3.55;2.09;0.36;1.21;5.19;166.2;138.6;14.8;2.4;10.4;0.29;0.7;0.08;0.11
4;50;100;50;0;17.88;4.02;11.58;2.47;2.49;0.153;56.8;16.26;8.16;4.84;0.82;2.7;6.01;175.2;128.5;29.4;5.4;12;1.3;0.73;0.19;0.27;1;1.02;0.134;43.2;7.55;3.68;2.33;0.4;1.32;5.57;133.1;110;9.4;2.6;11.1;0.5;0.32;0.09;0.11
4;50;100;50;50;17.53;4.36;12.62;2.63;2.69;0.163;55.4;16.43;8.22;4.85;0.84;2.67;6.53;173.8;128.3;27.1;5.3;13.1;1.29;0.95;0.19;0.26;1.39;1.39;0.14;44.6;9.85;4.85;2.92;0.51;1.69;6.08;139.7;110.1;14.1;3.4;12.2;0.67;0.46;0.11;0.15
4;50;100;50;100;17.38;4.91;13.81;2.91;2.96;0.175;54.9;16.91;8.71;4.91;0.8;2.84;7.14;173.2;127.7;25.5;5.7;14.3;1.28;1.2;0.2;0.27;1.76;1.81;0.148;45.1;12.19;6.04;3.59;0.64;2.06;6.67;141.9;110.5;13.9;4.1;13.3;0.85;0.65;0.14;0.18
4;50;100;100;0;19.8;4.46;12.7;2.57;2.63;0.152;63.8;17.33;8.65;5.15;0.9;2.92;6.64;176.7;123.2;34.4;5.8;13.3;1.23;0.9;0.21;0.28;1.15;1.18;0.133;36.2;8.82;4.34;2.68;0.42;1.54;6.06;100.2;76.1;8.9;3.1;12.1;0.66;0.3;0.1;0.12
4;50;100;100;50;19.81;5.06;14.74;2.81;2.91;0.164;61.8;17.77;8.95;5.22;0.91;2.94;7.58;175.8;121.8;33;5.9;15.2;1.22;1.19;0.22;0.28;1.7;1.74;0.137;38.2;12.64;6.21;3.75;0.68;2.12;7.16;108.7;76.8;13.3;4.2;14.3;0.98;0.43;0.13;0.19
4;50;100;100;100;19.68;5.54;16.13;3.21;3.24;0.176;61.1;18.33;9.35;5.4;0.92;2.94;8.39;174.9;120.4;31.8;5.9;16.8;1.21;1.53;0.21;0.29;2.11;2.18;0.143;38.9;15.14;7.46;4.6;0.76;2.6;7.74;111;77.5;12.8;5.2;15.5;1.18;0.6;0.18;0.22
4;100;0;0;0;17.42;2.88;8.13;1.58;1.68;0.15;42.5;11.17;5.61;3.28;0.57;1.9;4.26;119.3;92.2;14.8;3.8;8.5;1.1;0.25;0.14;0.19;0.62;0.66;0.118;57.5;5.48;2.6;1.69;0.28;0.98;3.88;161.3;136.4;15.2;2;7.8;0.26;0.26;0.06;0.08
4;100;0;0;50;17.06;2.98;8.98;1.7;1.73;0.154;42.7;11.23;5.56;3.39;0.58;1.8;4.56;119.7;93.8;13.3;3.6;9.1;1.11;0.31;0.13;0.18;0.85;0.9;0.128;57.3;6.97;3.33;2.19;0.37;1.18;4.42;160.5;133.9;15.4;2.4;8.8;0.27;0.44;0.08;0.11
4;100;0;0;100;17.08;3.34;9.58;1.76;1.86;0.156;42.1;11.89;5.91;3.54;0.6;2;4.95;121.6;94.8;12.9;4;9.9;1.12;0.39;0.15;0.2;1.11;1.08;0.134;57.9;7.99;3.89;2.38;0.42;1.35;4.63;167.5;132.2;23.3;2.7;9.3;0.27;0.6;0.09;0.12
4;100;0;50;0;19.25;3.22;9.43;1.68;1.73;0.148;48.2;11.73;5.78;3.48;0.63;1.93;4.85;122;90.2;18.3;3.9;9.7;1.1;0.31;0.14;0.19;0.93;0.91;0.122;51.8;7.45;3.61;2.29;0.38;1.29;4.59;130.9;104.6;14.5;2.6;9.2;0.47;0.25;0.09;0.11
4;100;0;50;50;19.29;3.78;10.88;1.82;1.84;0.152;48.1;12.05;5.92;3.64;0.63;2;5.61;122.9;90.8;16.9;4;11.2;1.08;0.41;0.15;0.19;1.27;1.33;0.129;51.9;10.27;5.03;3.11;0.55;1.77;5.27;132.9;103.9;14.9;3.5;10.5;0.63;0.42;0.13;0.15
4;100;0;50;100;19.27;4.21;12.61;1.95;1.97;0.157;46.7;12.5;6.2;3.73;0.66;2.03;6.46;124.5;91.6;16;4.1;12.9;1.09;0.53;0.14;0.2;1.69;1.74;0.132;53.3;13.08;6.34;4;0.7;2.19;6.14;142.3;103;22.6;4.4;12.3;0.79;0.59;0.15;0.2
4;100;0;100;0;21.17;3.6;10.37;1.73;1.76;0.145;56;12.12;5.97;3.68;0.63;2.05;5.47;125.4;88.7;21.6;4.1;10.9;1.04;0.37;0.14;0.2;1.02;1.08;0.123;44;8.75;4.24;2.63;0.47;1.55;4.9;98.4;71;14.5;3.1;9.8;0.6;0.25;0.1;0.13
4;100;0;100;50;21.34;4.38;12.65;1.79;1.94;0.15;55.3;12.91;6.39;3.85;0.66;2.21;6.5;126.5;88.3;20.8;4.4;13;1.05;0.53;0.16;0.21;1.59;1.65;0.129;44.7;12.71;6.13;3.94;0.63;2.17;6.15;102.1;71.3;14.2;4.3;12.3;0.89;0.41;0.15;0.2
4;100;0;100;100;21.52;4.91;14.19;2.11;2.07;0.156;53;13.28;6.65;3.92;0.69;2.19;7.3;126.7;88.1;19.6;4.4;14.6;1.02;0.69;0.16;0.21;1.99;2.07;0.131;47;15.68;7.67;4.78;0.8;2.73;6.89;112.6;71.4;21.9;5.5;13.8;1.08;0.57;0.17;0.24
4;100;50;0;0;17.71;3.62;10.31;2.3;2.36;0.153;43.3;15.4;7.63;4.51;0.79;2.56;5.34;123.4;92.8;14.8;5.1;10.7;1.57;0.35;0.19;0.25;0.71;0.78;0.128;56.7;6.06;2.93;1.87;0.32;1.06;4.97;161.9;135.4;14.4;2.1;9.9;0.26;0.36;0.07;0.09
4;100;50;0;50;17.31;3.92;11.17;2.52;2.53;0.157;42.5;16.09;8.14;4.64;0.83;2.68;5.78;124.6;94;13.6;5.4;11.6;1.62;0.45;0.2;0.25;0.96;1;0.139;57.5;7.14;3.48;2.24;0.33;1.25;5.38;168.4;133.5;21.6;2.5;10.8;0.26;0.55;0.08;0.11
4;100;50;0;100;17.14;4.08;11.88;2.67;2.69;0.163;42.9;16.44;8.24;4.82;0.85;2.66;6.14;125.5;95.6;12.4;5.3;12.3;1.66;0.58;0.19;0.27;1.25;1.3;0.151;57.1;8.54;4.25;2.54;0.45;1.42;5.75;167.4;131.1;22;2.8;11.5;0.28;0.81;0.09;0.12
4;100;50;50;0;19.61;4.05;11.8;2.4;2.45;0.151;48.5;16.26;8.13;4.82;0.82;2.68;6.05;125.6;89.7;18.4;5.4;12.1;1.54;0.46;0.2;0.27;0.93;1.01;0.128;51.5;7.8;3.76;2.44;0.39;1.37;5.75;133.2;105.1;13.8;2.7;11.5;0.46;0.34;0.09;0.12
4;100;50;50;50;19.52;4.52;13.09;2.65;2.61;0.156;47.3;16.79;8.4;5.01;0.78;2.79;6.77;126.6;90.4;17.1;5.6;13.5;1.55;0.59;0.21;0.26;1.42;1.43;0.136;52.7;10.52;5.06;3.23;0.55;1.73;6.32;141.3;104.4;20.8;3.5;12.6;0.63;0.53;0.12;0.15
4;100;50;50;100;19.37;5.19;14.82;2.82;2.83;0.163;48.7;17.27;8.82;5.02;0.83;2.93;7.66;136.1;91.1;23.8;5.9;15.3;1.57;0.78;0.2;0.27;1.79;1.9;0.143;51.3;13.27;6.42;4.09;0.69;2.26;7.16;143.2;103.5;20.9;4.5;14.3;0.8;0.76;0.14;0.2
4;100;50;100;0;21.39;4.58;12.77;2.61;2.62;0.152;56;17.2;8.67;5.03;0.87;2.9;6.59;128.4;87.7;21.7;5.8;13.2;1.51;0.61;0.22;0.27;1.14;1.2;0.129;44;9.31;4.59;2.76;0.48;1.68;6.18;100.7;71.7;13.3;3.4;12.4;0.62;0.33;0.11;0.15
4;100;50;100;50;21.64;5.3;15;2.83;2.84;0.157;55.7;18.05;9.22;5.24;0.86;3.05;7.75;139.7;86.4;31.7;6.1;15.5;1.5;0.83;0.22;0.29;1.73;1.75;0.134;44.3;12.98;6.33;3.94;0.71;2.25;7.24;111.2;72.7;19.5;4.5;14.5;0.91;0.5;0.15;0.19
4;100;50;100;100;21.61;5.81;16.72;3.1;3.06;0.163;55.2;18.7;9.47;5.5;0.94;3.03;8.71;140.5;87;29.9;6.1;17.4;1.52;1.02;0.21;0.31;2.17;2.27;0.14;44.8;16.11;7.88;4.84;0.86;2.78;8;113.8;72.2;20;5.6;16;1.1;0.73;0.19;0.25
4;100;100;0;0;17.47;4.22;12.1;2.99;2.92;0.155;44.9;18.84;9.53;5.46;0.97;3.13;6.23;133;92.2;22.1;6.3;12.5;1.89;0.49;0.23;0.3;0.86;0.89;0.138;55.1;6.42;3.15;1.94;0.34;1.1;5.88;163.4;136.4;13.1;2.2;11.8;0.26;0.47;0.07;0.1
4;100;100;0;50;17.37;4.5;12.89;3.09;3.17;0.164;44.2;19.38;9.78;5.72;1.01;3.26;6.6;133.9;93.4;20.8;6.5;13.2;1.92;0.71;0.23;0.31;1.16;1.13;0.15;55.8;7.49;3.75;2.26;0.38;1.24;6.3;169.4;134.4;20;2.5;12.6;0.27;0.67;0.08;0.11
4;100;100;0;100;16.9;4.55;13.17;3.21;3.28;0.168;44.5;19.49;9.95;5.61;0.97;3.22;6.78;133.9;95.2;18.6;6.4;13.6;1.94;0.79;0.23;0.31;1.46;1.45;0.17;55.5;8.51;4.28;2.44;0.44;1.33;6.39;167.3;131.6;20.3;2.7;12.8;0.27;0.98;0.09;0.12
4;100;100;50;0;19.85;4.72;13.57;3.07;3.07;0.155;50.4;19.76;9.96;5.75;1.02;3.27;6.93;137.1;88.8;27.9;6.5;13.9;1.81;0.71;0.24;0.32;1.15;1.15;0.136;49.6;8.43;4.15;2.54;0.43;1.46;6.65;135.3;106.2;12.8;2.9;13.3;0.48;0.46;0.09;0.13
4;100;100;50;50;19.61;5.17;14.82;3.3;3.31;0.164;49;20.23;10.3;5.95;0.96;3.32;7.66;137.4;89.2;26.2;6.6;15.3;1.82;0.92;0.25;0.32;1.56;1.56;0.143;51;10.87;5.38;3.26;0.53;1.85;7.16;143;105.8;19.2;3.7;14.3;0.64;0.65;0.13;0.16
4;100;100;50;100;19.53;5.74;16.21;3.49;3.58;0.172;48.7;20.74;10.64;5.99;0.98;3.41;8.37;137.6;89.1;24.9;6.8;16.7;1.83;1.17;0.25;0.33;2;2.07;0.153;51.3;13.47;6.87;3.93;0.68;2.32;7.84;145.1;105.8;18.9;4.6;15.7;0.82;0.91;0.15;0.2
4;100;100;100;0;21.65;5.11;14.88;3.22;3.23;0.154;57.7;21.03;10.52;6.21;1.07;3.41;7.6;141.1;85.2;33.8;6.8;15.2;1.75;0.9;0.24;0.34;1.33;1.31;0.135;42.3;9.69;4.81;2.88;0.5;1.7;7.28;103.6;73.6;11.9;3.4;14.6;0.63;0.43;0.11;0.15
4;100;100;100;50;21.78;5.83;16.86;3.51;3.55;0.164;55.9;21.72;10.88;6.37;1.14;3.53;8.86;142.4;85.3;32.2;7.1;17.7;1.76;1.18;0.26;0.36;1.89;1.91;0.14;44.1;13.54;6.65;4.11;0.68;2.3;8;112.4;73.6;18.2;4.6;16;0.92;0.63;0.15;0.2
4;100;100;100;100;21.74;6.32;18.16;3.78;3.82;0.174;55.1;21.91;11.14;6.37;1.11;3.52;9.4;141.4;84.9;30.7;7;18.8;1.73;1.49;0.25;0.35;2.42;2.43;0.149;44.9;16.27;8.09;4.83;0.85;2.8;8.76;115.3;73.9;18.3;5.6;17.5;1.11;0.89;0.18;0.25
5;0;0;0;0;13.64;1.86;5.28;0.9;0.92;0.137;57.4;6.62;3.2;2.01;0.36;1.12;2.77;204.9;180.8;16.3;2.2;5.5;0.45;0.27;0.08;0.11;0.52;0.49;0.113;42.6;4.16;2.03;1.24;0.23;0.74;2.51;152.2;137.9;7.8;1.5;5;0.25;0.13;0.04;0.06
5;0;0;0;50;13.23;2.03;5.6;1;1;0.146;57.4;6.82;3.47;1.99;0.32;1.19;2.93;205.1;181.8;15.1;2.4;5.9;0.45;0.35;0.09;0.11;0.56;0.57;0.117;42.6;4.74;2.25;1.46;0.26;0.84;2.67;152.2;137.2;8;1.7;5.3;0.25;0.2;0.06;0.07
5;0;0;0;100;12.89;2.13;6.18;1.1;1.09;0.149;56.6;7.27;3.63;2.14;0.38;1.22;3.19;204.7;181.6;14.2;2.4;6.4;0.46;0.43;0.09;0.12;0.66;0.67;0.122;43.4;5.4;2.53;1.72;0.28;0.91;2.99;156.9;137.3;11.8;1.8;6;0.27;0.26;0.06;0.08
5;0;0;50;0;15.62;2.18;6.5;1.05;0.96;0.134;62.8;7.12;3.54;2.05;0.37;1.13;3.31;205.7;177;19.9;2.3;6.6;0.43;0.33;0.08;0.11;0.72;0.72;0.117;37.2;6.1;2.92;1.86;0.32;1.05;3.18;121.6;105.5;7.7;2.1;6.4;0.43;0.13;0.07;0.1
5;0;0;50;50;15.56;2.82;7.81;1.11;1.12;0.143;62.2;7.76;3.81;2.28;0.4;1.28;4.08;205;175.3;18.9;2.6;8.2;0.44;0.46;0.1;0.12;1;1.01;0.12;37.8;8.34;4.06;2.55;0.41;1.54;3.73;124.3;106.4;7.4;3.1;7.5;0.6;0.18;0.1;0.13
5;0;0;50;100;15.55;3.25;9.42;1.26;1.3;0.153;60.9;8.46;4.18;2.59;0.4;1.38;4.94;204.6;174;17.9;2.8;9.9;0.46;0.6;0.11;0.14;1.27;1.3;0.122;39.1;10.57;5.1;3.25;0.55;1.87;4.48;131.1;107.1;11.3;3.7;9;0.77;0.25;0.12;0.16
5;0;0;100;0;17.88;2.62;7.68;1.03;1.06;0.133;70;7.93;3.86;2.46;0.41;1.37;4;208;173.5;23.7;2.7;8;0.43;0.4;0.1;0.13;0.88;0.87;0.117;30;7.36;3.47;2.31;0.39;1.25;3.69;88.8;71.6;7.4;2.5;7.4;0.55;0.13;0.08;0.11
5;0;0;100;50;18.19;3.39;9.73;1.29;1.25;0.141;68.8;8.8;4.42;2.55;0.46;1.49;5.15;206.2;169.9;23.1;3;10.3;0.42;0.58;0.11;0.14;1.29;1.29;0.12;31.2;10.7;5.18;3.35;0.55;1.9;4.58;93.2;72.9;7.4;3.8;9.2;0.84;0.17;0.13;0.16
5;0;0;100;100;18.03;3.81;11.42;1.42;1.44;0.152;67.1;9.5;4.71;2.9;0.47;1.6;5.95;204.4;167.6;21.7;3.2;11.9;0.4;0.77;0.12;0.16;1.71;1.63;0.121;32.9;13.42;6.39;4.19;0.67;2.21;5.47;100.1;73.7;11.1;4.4;10.9;1.04;0.26;0.14;0.2
5;0;50;0;0;13.33;1.97;5.76;1.07;1.07;0.14;56.9;7.62;3.82;2.31;0.34;1.26;2.98;203;178.1;16.4;2.5;6;0.46;0.39;0.1;0.12;0.5;0.51;0.119;43.1;4.13;1.95;1.25;0.22;0.71;2.77;153.7;139.8;6.9;1.4;5.5;0.25;0.16;0.05;0.06
5;0;50;0;50;12.95;2.08;6.21;1.22;1.18;0.148;56.6;7.95;3.99;2.33;0.41;1.3;3.25;201.9;177.3;15.5;2.6;6.5;0.45;0.51;0.09;0.13;0.59;0.6;0.125;43.4;4.74;2.25;1.49;0.25;0.78;2.96;154.5;140.4;6.7;1.6;5.9;0.26;0.22;0.05;0.07
5;0;50;0;100;12.71;2.33;6.6;1.39;1.39;0.163;56.1;8.49;4.32;2.48;0.44;1.42;3.51;202.2;177.7;14.6;2.8;7;0.46;0.69;0.1;0.14;0.76;0.75;0.139;43.9;5.32;2.58;1.61;0.27;0.91;3.1;158.3;140.1;10.1;1.8;6.2;0.27;0.35;0.06;0.07
5;0;50;50;0;15.52;2.56;7.24;1.22;1.21;0.137;62.1;8.8;4.3;2.62;0.45;1.47;3.76;202.8;172;20.4;2.9;7.5;0.45;0.51;0.11;0.15;0.66;0.76;0.121;37.9;6.16;2.87;1.93;0.32;1.08;3.48;123.7;108.2;6.4;2.2;7;0.44;0.15;0.07;0.09
5;0;50;50;50;15.58;3.05;8.94;1.31;1.4;0.147;61.3;9.48;4.66;2.87;0.5;1.59;4.64;201.8;169.9;19.5;3.2;9.3;0.45;0.68;0.12;0.16;1.01;1.04;0.124;38.7;8.36;4.01;2.61;0.46;1.47;4.29;127.2;109.4;6.4;2.9;8.6;0.61;0.21;0.09;0.13
5;0;50;50;100;15.39;3.39;9.71;1.61;1.59;0.163;61.1;9.71;4.86;2.85;0.47;1.56;5.01;208.9;168;27.7;3.1;10;0.42;0.9;0.11;0.16;1.41;1.37;0.129;38.9;10.55;5.09;3.24;0.54;1.83;4.69;132.8;110.3;9.4;3.7;9.4;0.78;0.32;0.12;0.15
5;0;50;100;0;17.73;3.1;8.55;1.37;1.41;0.141;69.2;9.93;4.95;2.93;0.52;1.73;4.49;204.1;167.6;24.1;3.5;9;0.44;0.67;0.14;0.16;0.9;0.93;0.121;30.8;7.57;3.68;2.33;0.35;1.37;4.06;90.9;73.7;6.3;2.7;8.1;0.58;0.15;0.09;0.11
5;0;50;100;50;18.07;3.68;10.66;1.61;1.62;0.151;68.9;10.66;5.3;3.13;0.55;1.72;5.57;212.7;162.8;35.3;3.4;11.1;0.41;0.9;0.13;0.18;1.39;1.36;0.123;31.1;11.03;5.36;3.33;0.62;1.95;5.09;95.7;75.4;6.2;3.9;10.2;0.87;0.2;0.13;0.16
5;0;50;100;100;18.09;4.18;12.13;1.9;1.87;0.163;67.4;11.47;5.81;3.41;0.54;1.86;6.33;210.9;160.5;34;3.7;12.7;0.41;1.15;0.13;0.19;1.74;1.7;0.127;32.6;13.38;6.38;4.1;0.69;2.32;5.8;101.9;76.3;9.3;4.6;11.6;1.05;0.32;0.14;0.19
5;0;100;0;0;13.24;2.15;6.53;1.35;1.28;0.141;56.9;9;4.45;2.66;0.51;1.43;3.36;207.7;172.5;25.6;2.9;6.7;0.45;0.58;0.1;0.15;0.51;0.54;0.122;43.1;4.27;2.03;1.35;0.25;0.71;3.16;157.1;143.9;5.5;1.4;6.3;0.26;0.17;0.05;0.07
5;0;100;0;50;12.79;2.39;6.75;1.59;1.55;0.163;56.7;9.44;4.79;2.8;0.47;1.55;3.47;206.3;172.1;24.2;3.1;6.9;0.45;0.83;0.11;0.15;0.64;0.64;0.132;43.3;4.66;2.32;1.41;0.24;0.84;3.28;157.8;144.2;5.4;1.7;6.6;0.27;0.25;0.05;0.07
5;0;100;0;100;12.51;2.48;7.09;1.78;1.72;0.175;56.1;9.83;5.06;2.83;0.49;1.59;3.64;205.9;172.8;22.7;3.2;7.3;0.47;0.98;0.11;0.15;0.78;0.77;0.145;43.9;5.24;2.58;1.55;0.25;0.89;3.45;160.9;143.7;8.5;1.8;6.9;0.27;0.37;0.06;0.07
5;0;100;50;0;15.36;2.89;8.16;1.54;1.52;0.146;62.5;10.39;5.16;3.15;0.49;1.75;4.34;210.2;166.9;31.2;3.5;8.7;0.44;0.78;0.13;0.17;0.72;0.78;0.123;37.5;6.23;3.03;1.89;0.32;1.14;3.82;126.1;111;5.2;2.3;7.6;0.46;0.15;0.07;0.09
5;0;100;50;50;15.48;3.31;9.38;1.86;1.82;0.163;61.5;11.12;5.72;3.13;0.57;1.83;4.96;207.4;163.8;30;3.7;9.9;0.43;1.07;0.13;0.18;1.08;1.11;0.129;38.5;8.56;4.14;2.6;0.42;1.48;4.42;129.8;112.6;5.3;3;8.8;0.63;0.25;0.09;0.14
5;0;100;50;100;15.4;3.71;10.72;2.11;2.1;0.182;60.2;11.49;6;3.26;0.54;1.86;5.5;205.2;161.8;28.7;3.7;11;0.43;1.35;0.14;0.18;1.36;1.42;0.132;39.8;10.74;5.23;3.28;0.6;1.85;5.21;135.7;113.7;7.9;3.7;10.4;0.81;0.34;0.11;0.16
5;0;100;100;0;18.14;3.43;9.74;1.83;1.77;0.144;69.1;12.24;6.09;3.65;0.62;2.08;5.02;211;158.8;38;4.2;10;0.42;1.01;0.15;0.2;0.91;0.95;0.123;30.9;7.69;3.67;2.38;0.4;1.36;4.71;94.2;76.9;5.1;2.7;9.4;0.59;0.16;0.08;0.12
5;0;100;100;50;18.29;4.13;11.62;2.1;2.11;0.163;68;12.89;6.55;3.7;0.61;2.18;6.11;208.9;155.7;36.7;4.4;12.2;0.42;1.34;0.16;0.2;1.4;1.43;0.127;32;11.26;5.4;3.52;0.58;1.95;5.51;98;78;5;3.9;11;0.89;0.24;0.12;0.17
5;0;100;100;100;18.21;4.54;13.16;2.39;2.47;0.183;66.3;13.47;6.89;3.89;0.66;2.14;6.81;205.7;152.5;35.2;4.3;13.6;0.4;1.71;0.15;0.21;1.8;1.81;0.129;33.7;13.89;6.68;4.24;0.77;2.4;6.35;104.2;79.2;7.5;4.8;12.7;1.1;0.33;0.16;0.2
5;50;0;0;0;15.64;2.38;6.76;1.38;1.34;0.146;51.7;9.18;4.54;2.77;0.51;1.52;3.53;164.8;138.6;16.1;3;7.1;0.81;0.27;0.11;0.16;0.56;0.55;0.113;48.3;4.73;2.28;1.47;0.24;0.86;3.23;154.2;135;11;1.7;6.5;0.24;0.19;0.05;0.07
5;50;0;0;50;15.2;2.47;7.43;1.49;1.46;0.151;51.8;9.63;4.83;2.85;0.48;1.56;3.88;165.3;139.6;14.8;3.1;7.8;0.84;0.35;0.11;0.16;0.61;0.65;0.118;48.2;5.43;2.47;1.73;0.32;0.91;3.55;154;134;11;1.8;7.1;0.25;0.27;0.05;0.08
5;50;0;0;100;15;2.68;8.08;1.62;1.52;0.154;51.2;9.88;4.99;2.97;0.48;1.58;4.23;166.9;141.6;13.7;3.2;8.5;0.84;0.41;0.12;0.16;0.85;0.86;0.129;48.8;6.63;3.19;1.99;0.36;1.1;3.85;159.2;132.1;17.2;2.2;7.7;0.26;0.44;0.07;0.1
5;50;0;50;0;17.57;2.84;8.07;1.45;1.43;0.144;57.3;9.97;4.99;2.98;0.48;1.7;4.16;166.8;135.4;19.7;3.4;8.3;0.82;0.33;0.12;0.17;0.73;0.77;0.116;42.7;6.53;3.1;2.02;0.35;1.14;3.91;124.2;103.6;10.6;2.3;7.8;0.42;0.17;0.07;0.11
5;50;0;50;50;17.42;3.38;9.37;1.49;1.53;0.149;56.8;10.27;5.12;3.07;0.53;1.77;4.84;166.7;135.1;18.4;3.5;9.7;0.79;0.45;0.13;0.16;1.09;1.08;0.12;43.2;8.9;4.35;2.65;0.48;1.6;4.53;126.7;103.7;10.7;3.2;9.1;0.57;0.27;0.11;0.13
5;50;0;50;100;17.43;3.72;10.82;1.7;1.69;0.155;55.4;10.85;5.44;3.16;0.54;1.77;5.58;166.9;134.5;17.6;3.5;11.2;0.8;0.59;0.12;0.17;1.42;1.42;0.125;44.6;11.32;5.49;3.46;0.59;1.95;5.24;134.2;104.2;15.7;3.9;10.5;0.74;0.39;0.13;0.17
5;50;0;100;0;19.66;3.14;9.16;1.48;1.49;0.14;64.7;10.61;5.23;3.2;0.53;1.77;4.82;169.1;132.6;23.3;3.5;9.6;0.77;0.41;0.13;0.18;0.91;0.93;0.117;35.3;7.86;3.78;2.45;0.42;1.38;4.35;92.4;70.4;10.6;2.8;8.7;0.54;0.18;0.09;0.12
5;50;0;100;50;19.92;3.91;11.21;1.72;1.66;0.147;63.7;11.26;5.59;3.39;0.57;1.9;5.87;169.4;131.5;22.4;3.8;11.7;0.78;0.56;0.14;0.18;1.37;1.38;0.12;36.3;11.48;5.48;3.51;0.6;2.01;5.34;96.2;70.9;10.6;4;10.7;0.82;0.27;0.13;0.17
5;50;0;100;100;19.98;4.48;12.8;1.94;1.85;0.154;61.8;11.99;6.09;3.52;0.59;1.98;6.71;169;130.1;21.6;4;13.4;0.76;0.76;0.14;0.19;1.68;1.73;0.124;38.2;13.89;6.7;4.31;0.74;2.5;6.08;104.3;71.6;15.6;5;12.2;0.98;0.39;0.16;0.2
5;50;50;0;0;15.46;2.83;8.14;1.91;1.83;0.149;51.8;12.23;6.06;3.58;0.63;1.95;4.28;166.4;137.7;16.3;3.9;8.6;1.11;0.38;0.14;0.2;0.6;0.6;0.121;48.2;4.84;2.34;1.51;0.21;0.88;3.87;155.1;135.8;9.8;1.8;7.7;0.24;0.23;0.05;0.07
5;50;50;0;50;15.14;2.92;8.8;2.01;1.92;0.154;51.9;12.41;6.23;3.69;0.6;1.98;4.63;167.2;139;14.9;4;9.3;1.08;0.49;0.14;0.2;0.78;0.74;0.127;48.1;5.76;2.78;1.74;0.31;0.94;4.17;154.9;134.6;10.1;1.9;8.3;0.25;0.35;0.06;0.09
5;50;50;0;100;14.86;3.26;9.24;2.23;2.13;0.163;50.9;13.03;6.76;3.67;0.62;2.13;4.8;166.8;138.7;14.3;4.3;9.6;1.1;0.68;0.15;0.21;0.89;0.94;0.143;49.1;6.46;3.2;1.94;0.35;1.13;4.44;160.9;134.9;14.9;2.3;8.9;0.26;0.52;0.07;0.09
5;50;50;50;0;17.51;3.42;9.7;1.99;1.92;0.147;57.1;13.13;6.58;3.92;0.67;2.2;5.04;168;133.8;19.7;4.4;10.1;1.05;0.5;0.16;0.21;0.82;0.85;0.122;42.9;6.84;3.28;2.1;0.35;1.22;4.66;126.1;104.7;9.6;2.4;9.3;0.42;0.24;0.08;0.1
5;50;50;50;50;17.36;3.83;11;2.14;2.1;0.153;56.6;13.74;6.87;4.05;0.71;2.29;5.63;167.4;132.8;18.9;4.6;11.3;1.06;0.64;0.18;0.22;1.14;1.13;0.125;43.4;8.96;4.37;2.69;0.51;1.55;5.37;128.5;105.5;9.2;3.1;10.7;0.57;0.32;0.1;0.14
5;50;50;50;100;17.41;4.38;12.45;2.39;2.34;0.163;56.4;14.28;7.29;4.18;0.7;2.35;6.44;176.2;132;26.6;4.7;12.9;1.05;0.89;0.17;0.23;1.55;1.55;0.133;43.6;11.56;5.66;3.48;0.58;2.04;6.01;136.4;106;14.3;4.1;12;0.75;0.51;0.13;0.17
5;50;50;100;0;19.57;3.79;10.91;2.06;2.1;0.148;64.1;14.21;7.04;4.26;0.75;2.36;5.74;168.9;129.2;23.5;4.7;11.5;1.02;0.68;0.17;0.24;0.96;1;0.122;35.9;8.11;3.83;2.56;0.42;1.42;5.17;94.3;72;9.1;2.8;10.3;0.57;0.21;0.1;0.12
5;50;50;100;50;19.64;4.46;13.09;2.24;2.31;0.155;64.6;14.84;7.34;4.37;0.8;2.37;6.84;179.7;127.7;33.6;4.7;13.7;1.01;0.87;0.18;0.25;1.49;1.49;0.124;35.4;11.95;5.81;3.69;0.64;2.09;6.25;98.6;72.8;9.2;4.2;12.5;0.85;0.32;0.13;0.18
5;50;50;100;100;19.97;4.99;14.42;2.67;2.56;0.164;62.9;15.62;7.95;4.54;0.77;2.57;7.52;179.6;126.4;33.1;5.1;15;1.01;1.11;0.19;0.24;1.84;1.88;0.131;37.1;14.31;6.96;4.38;0.73;2.43;6.9;105.8;73.4;13.8;4.9;13.8;1.01;0.49;0.16;0.21
5;50;100;0;0;15.48;3.47;9.91;2.36;2.37;0.152;52.7;15.58;7.76;4.61;0.81;2.58;5.17;175.9;135.8;24.6;5.2;10.3;1.37;0.55;0.19;0.25;0.67;0.68;0.131;47.3;5.1;2.49;1.56;0.27;0.89;4.74;157.6;137.6;8.7;1.8;9.5;0.25;0.3;0.06;0.07
5;50;100;0;50;15.1;3.58;10.32;2.64;2.62;0.163;52;16.04;8.1;4.71;0.76;2.62;5.45;175.8;136.6;23;5.2;10.9;1.38;0.79;0.19;0.26;0.89;0.83;0.142;48;5.76;2.87;1.72;0.29;0.96;4.87;161.9;136.9;13.4;1.9;9.7;0.25;0.43;0.06;0.08
5;50;100;0;100;14.58;3.76;10.62;2.75;2.76;0.17;52;16.27;8.29;4.77;0.82;2.67;5.5;175.1;137.7;21;5.3;11;1.41;0.91;0.19;0.26;1.02;1.04;0.158;48;6.48;3.27;1.9;0.33;1.09;5.13;161.4;135.8;13.2;2.2;10.3;0.26;0.62;0.07;0.09
5;50;100;50;0;17.74;3.99;11.47;2.61;2.55;0.153;58.1;16.63;8.46;4.9;0.81;2.79;5.96;178.5;131;30.1;5.6;11.9;1.32;0.76;0.21;0.26;0.9;0.9;0.127;41.9;7.02;3.42;2.15;0.34;1.2;5.51;128.8;106.8;8.6;2.4;11;0.44;0.29;0.07;0.1
5;50;100;50;50;17.54;4.45;12.68;2.85;2.82;0.163;56.7;17.22;8.75;4.98;0.9;2.83;6.56;177.7;130.3;28.6;5.7;13.1;1.33;1.01;0.2;0.28;1.24;1.25;0.134;43.3;9.26;4.51;2.77;0.49;1.63;6.12;135.5;107.3;12.7;3.3;12.2;0.59;0.42;0.11;0.14
5;50;100;50;100;17.63;4.85;13.92;3.08;3.09;0.175;56.1;17.61;9.07;5.06;0.86;2.78;7.18;176.8;129.5;27.3;5.6;14.4;1.31;1.29;0.22;0.27;1.65;1.67;0.141;43.9;11.74;5.87;3.47;0.61;2.07;6.74;138.3;107.8;12.8;4.1;13.5;0.76;0.6;0.14;0.17
5;50;100;100;0;19.86;4.44;12.68;2.8;2.71;0.151;65.1;17.86;9;5.3;0.9;2.97;6.63;181.1;125.9;36;5.9;13.3;1.25;0.95;0.22;0.29;1.14;1.05;0.126;34.9;8.27;4.12;2.51;0.4;1.46;6.05;96.8;73.6;8.2;2.9;12.1;0.57;0.27;0.09;0.12
5;50;100;100;50;20.04;5.21;14.46;3.08;3.05;0.164;63.2;18.58;9.52;5.35;0.88;3.13;7.56;180;123.4;35.3;6.3;15.1;1.23;1.28;0.24;0.3;1.55;1.55;0.13;36.8;11.82;5.83;3.57;0.55;2.08;6.9;104.8;74.8;12;4.2;13.8;0.85;0.39;0.14;0.17
5;50;100;100;100;20.25;5.67;16.04;3.38;3.38;0.177;62.3;19.07;9.74;5.54;0.91;3.08;8.36;179;122.2;33.9;6.2;16.7;1.22;1.64;0.23;0.3;1.94;1.99;0.136;37.7;14.5;7.15;4.39;0.74;2.59;7.68;108.3;75.4;12.3;5.2;15.4;1.04;0.58;0.16;0.22
5;100;0;0;0;17.27;2.84;8.16;1.64;1.7;0.15;44;11.38;5.66;3.38;0.61;1.9;4.28;122.3;94.3;15.7;3.8;8.6;1.11;0.26;0.14;0.19;0.6;0.6;0.113;56;5.18;2.5;1.55;0.26;0.93;3.88;156;132.3;14.1;1.9;7.8;0.23;0.24;0.06;0.07
5;100;0;0;50;16.95;3.04;8.8;1.9;1.79;0.154;44.3;11.61;5.87;3.44;0.57;1.87;4.65;123.3;96;14.2;3.7;9.3;1.13;0.33;0.14;0.19;0.77;0.83;0.124;55.7;6.55;3.14;1.98;0.37;1.17;4.15;155;129.8;14.6;2.3;8.3;0.24;0.41;0.07;0.1
5;100;0;0;100;16.95;3.31;9.62;1.89;1.9;0.156;43.6;12.18;6.1;3.62;0.63;1.98;5.07;124.7;97.2;13.4;4;10.1;1.15;0.4;0.15;0.2;0.99;1;0.13;56.4;7.62;3.71;2.3;0.37;1.33;4.55;161.7;128;21.9;2.7;9.1;0.24;0.57;0.08;0.11
5;100;0;50;0;19.29;3.2;9.32;1.75;1.75;0.147;49.6;11.85;5.88;3.62;0.58;1.94;4.79;124.9;92.4;19;3.9;9.6;1.08;0.32;0.15;0.2;0.89;0.85;0.116;50.4;7.23;3.48;2.25;0.39;1.26;4.53;126.8;101.3;14;2.5;9.1;0.42;0.24;0.09;0.11
5;100;0;50;50;19.2;3.73;10.83;1.94;1.88;0.152;49.7;12.34;6.2;3.63;0.61;2.05;5.66;126.6;93.3;17.9;4.1;11.3;1.11;0.42;0.14;0.2;1.17;1.22;0.123;50.3;9.81;4.69;3.04;0.49;1.67;5.17;128;100.3;14.1;3.3;10.3;0.56;0.4;0.11;0.15
5;100;0;50;100;19.24;4.34;12.34;2.14;2.05;0.157;48.1;13.01;6.61;3.86;0.63;2.12;6.45;127.3;93.2;17;4.2;12.9;1.11;0.57;0.16;0.21;1.62;1.59;0.127;51.9;12.47;6.09;3.76;0.66;2.22;5.89;137.6;100.4;20.9;4.4;11.8;0.71;0.56;0.15;0.18
5;100;0;100;0;21.03;3.67;10.48;1.85;1.86;0.146;57.4;12.79;6.33;3.89;0.65;2.17;5.45;128.4;90.7;22.4;4.3;10.9;1.1;0.39;0.16;0.22;1.04;1;0.117;42.6;8.48;4.06;2.65;0.45;1.5;5.03;95.2;68.7;13.4;3;10.1;0.54;0.23;0.09;0.14
5;100;0;100;50;21.37;4.41;12.6;1.98;1.98;0.15;56.4;13.17;6.51;4.02;0.69;2.18;6.44;128.8;90.1;21.5;4.4;12.9;1.06;0.54;0.16;0.21;1.43;1.53;0.123;43.6;12.41;5.99;3.8;0.65;2.23;6.16;99.6;69.2;13.7;4.5;12.3;0.8;0.39;0.15;0.19
5;100;0;100;100;21.35;4.88;14.18;2.23;2.18;0.156;54.5;13.96;7.03;4.08;0.69;2.29;7.4;129.8;89.8;20.5;4.6;14.8;1.07;0.73;0.16;0.22;1.91;1.88;0.125;45.5;14.95;7.21;4.58;0.79;2.58;6.78;108.3;69.3;20.3;5.2;13.6;0.97;0.52;0.16;0.23
5;100;50;0;0;17.64;3.69;10.44;2.48;2.46;0.153;44.7;16.07;8.08;4.75;0.82;2.69;5.48;126.7;94.6;15.8;5.4;11;1.62;0.38;0.2;0.26;0.67;0.71;0.124;55.3;5.67;2.75;1.75;0.29;1.01;4.96;157;131.8;13.3;2;9.9;0.23;0.33;0.07;0.08
5;100;50;0;50;17.19;3.9;11.13;2.7;2.61;0.157;43.9;16.62;8.38;4.84;0.84;2.7;5.81;127.3;95.7;14.6;5.4;11.6;1.65;0.49;0.21;0.27;0.98;0.92;0.135;56.1;6.75;3.45;1.99;0.36;1.2;5.32;163;130.2;19.7;2.4;10.6;0.24;0.51;0.07;0.1
5;100;50;0;100;16.97;4.15;11.89;2.86;2.78;0.163;44.3;16.98;8.63;4.95;0.82;2.79;6.24;128.7;97.3;13.4;5.6;12.5;1.68;0.63;0.2;0.27;1.14;1.2;0.148;55.7;8.04;3.91;2.46;0.41;1.36;5.65;162.3;127.9;20.4;2.7;11.3;0.25;0.74;0.08;0.12
5;100;50;50;0;19.44;4;11.82;2.56;2.54;0.151;50.1;16.84;8.34;4.95;0.85;2.74;6.14;129;92.1;19.1;5.5;12.3;1.59;0.48;0.2;0.27;0.89;0.93;0.123;49.9;7.53;3.56;2.39;0.36;1.26;5.68;128.3;101.5;12.9;2.5;11.4;0.41;0.32;0.08;0.12
5;100;50;50;50;19.38;4.56;13.4;2.71;2.73;0.155;48.6;17.56;8.75;5.35;0.88;2.88;6.89;129.6;91.9;18.1;5.8;13.8;1.6;0.63;0.21;0.28;1.3;1.3;0.13;51.4;9.92;4.79;3.05;0.52;1.68;6.51;137.1;101.7;18.9;3.4;13;0.56;0.48;0.11;0.15
5;100;50;50;100;19.44;5.07;14.78;3.02;2.92;0.164;49.9;17.84;9.18;5.11;0.89;2.9;7.67;139.2;92.5;25.5;5.8;15.3;1.58;0.85;0.22;0.28;1.72;1.78;0.137;50.1;12.89;6.24;3.92;0.71;2.17;7.12;139.5;101.1;19.8;4.3;14.2;0.72;0.72;0.15;0.19
5;100;50;100;0;21.49;4.56;12.9;2.69;2.68;0.151;57.2;17.72;8.94;5.18;0.88;2.98;6.62;131.1;88.9;23;6;13.2;1.53;0.65;0.22;0.28;1.08;1.08;0.123;42.8;8.77;4.29;2.71;0.44;1.58;6.28;98.1;70;12.3;3.2;12.6;0.54;0.31;0.1;0.13
5;100;50;100;50;21.68;5.17;15.14;2.82;2.88;0.157;57.3;18.31;9.2;5.46;0.89;3.01;7.97;143.7;89.3;32.5;6;15.9;1.54;0.82;0.21;0.3;1.63;1.61;0.128;42.7;12.52;6.05;3.86;0.66;2.16;7.17;107.2;69.8;18.8;4.3;14.3;0.81;0.49;0.13;0.18
5;100;50;100;100;21.64;5.77;16.48;3.12;3.1;0.163;56.4;18.93;9.62;5.55;0.9;3.11;8.45;142.7;88.2;31.4;6.2;16.9;1.52;1.06;0.22;0.3;2.03;2.05;0.134;43.6;15.28;7.45;4.63;0.81;2.65;8.04;110.3;70.5;18.4;5.3;16.1;0.98;0.67;0.18;0.22
5;100;100;0;0;17.43;4.31;12.15;3.03;3.02;0.155;46.3;19.48;9.78;5.77;0.95;3.29;6.28;136.6;94.1;23.4;6.6;12.6;1.94;0.52;0.24;0.31;0.77;0.8;0.133;53.7;5.88;2.88;1.81;0.29;1.02;5.88;158.4;132.5;12.1;2;11.8;0.23;0.42;0.06;0.09
5;100;100;0;50;17.1;4.45;12.74;3.27;3.24;0.163;45.4;19.79;9.99;5.83;0.99;3.24;6.53;136.2;95.2;21.5;6.5;13.1;1.96;0.73;0.23;0.32;1.07;1.06;0.146;54.6;7.15;3.6;2.08;0.39;1.21;6.21;164.2;130.9;18.4;2.4;12.4;0.25;0.62;0.08;0.11
5;100;100;0;100;16.65;4.58;13.23;3.57;3.43;0.168;45.7;20.39;10.45;5.96;0.99;3.3;6.86;136.8;96.3;20.3;6.6;13.7;1.99;0.87;0.25;0.33;1.37;1.33;0.166;54.3;7.98;4.05;2.33;0.4;1.28;6.37;163;129.4;18.3;2.6;12.7;0.25;0.88;0.09;0.12
5;100;100;50;0;19.61;4.82;13.64;3.28;3.2;0.155;51.8;20.59;10.32;6.12;1.04;3.4;7.04;140.8;90.3;29.6;6.8;14.1;1.87;0.75;0.25;0.33;1.04;1.04;0.131;48.2;7.89;3.88;2.39;0.39;1.43;6.6;131;103.5;11.4;2.9;13.2;0.42;0.4;0.1;0.12
5;100;100;50;50;19.6;5.29;14.93;3.37;3.44;0.164;50.4;21.02;10.63;6.25;1.02;3.52;7.75;140.9;90.6;27.8;7;15.5;1.86;0.99;0.25;0.34;1.49;1.42;0.138;49.6;10.23;5.17;3;0.51;1.77;7.19;138.9;103.2;17.7;3.5;14.4;0.56;0.59;0.12;0.15
5;100;100;50;100;19.46;5.56;16.23;3.68;3.65;0.172;50.1;21.15;10.82;6.12;1.05;3.41;8.44;140.7;91.3;25.7;6.8;16.9;1.86;1.2;0.24;0.34;1.88;1.92;0.148;49.9;12.96;6.37;3.89;0.7;2.15;7.8;140.2;102.5;17.9;4.3;15.6;0.73;0.87;0.13;0.19
5;100;100;100;0;21.76;5.18;14.84;3.33;3.32;0.154;59.1;21.54;10.76;6.42;1.12;3.55;7.69;144.8;87.2;35.1;7.1;15.4;1.78;0.91;0.26;0.37;1.22;1.22;0.129;40.9;9.35;4.58;2.85;0.48;1.62;7.15;100.2;71.2;11.4;3.2;14.3;0.56;0.4;0.11;0.15
5;100;100;100;50;21.55;5.82;16.63;3.61;3.58;0.164;57;21.88;11.1;6.44;1.06;3.57;8.68;144.4;86.6;33.3;7.1;17.4;1.77;1.19;0.27;0.35;1.68;1.74;0.133;43;12.96;6.34;3.9;0.72;2.25;7.95;108.7;71.7;16.7;4.5;15.9;0.84;0.55;0.15;0.2
5;100;100;100;100;21.85;6.24;18.17;3.99;3.94;0.174;56.5;22.6;11.63;6.51;1.08;3.62;9.46;144.8;86.3;32.4;7.2;18.9;1.76;1.56;0.26;0.36;2.2;2.22;0.142;43.5;15.56;7.68;4.66;0.83;2.62;8.71;111.5;71.9;16.9;5.2;17.4;0.99;0.83;0.17;0.23
6;0;0;0;0;13.65;1.87;5.31;0.95;0.96;0.138;58.8;6.93;3.41;2.11;0.37;1.17;2.77;209.8;184.7;17.2;2.3;5.5;0.46;0.29;0.09;0.12;0.48;0.46;0.112;41.2;3.88;1.91;1.18;0.2;0.7;2.54;146.8;133.3;7;1.4;5.1;0.24;0.12;0.05;0.06
6;0;0;0;50;13.45;2.08;5.57;1.09;1.07;0.145;58.7;7.3;3.68;2.14;0.37;1.27;2.97;209.6;184.5;16.7;2.5;5.9;0.45;0.4;0.1;0.12;0.52;0.52;0.116;41.3;4.27;2.09;1.28;0.21;0.81;2.6;147.2;133.5;6.8;1.6;5.2;0.24;0.16;0.06;0.06
6;0;0;0;100;12.79;2.11;6.03;1.21;1.14;0.149;58.1;7.59;3.81;2.24;0.34;1.26;3.17;209.1;185.1;15.1;2.5;6.3;0.46;0.46;0.1;0.12;0.65;0.62;0.122;41.9;5.03;2.4;1.57;0.25;0.86;2.85;150.9;133;10.5;1.7;5.7;0.26;0.24;0.05;0.07
6;0;0;50;0;15.57;2.29;6.66;1;1.02;0.135;64.4;7.51;3.66;2.32;0.36;1.28;3.51;211.1;181;20.5;2.6;7;0.44;0.35;0.09;0.12;0.73;0.7;0.116;35.6;5.86;2.81;1.82;0.29;1.01;3.15;116.8;101.8;6.7;2;6.3;0.43;0.11;0.07;0.09
6;0;0;50;50;15.73;2.79;7.8;1.22;1.18;0.143;63.6;8.18;4.08;2.42;0.44;1.4;4.07;209.9;178.9;20;2.8;8.1;0.45;0.49;0.11;0.13;0.91;0.95;0.12;36.4;7.79;3.74;2.43;0.4;1.39;3.72;119.8;102.8;6.8;2.8;7.4;0.57;0.16;0.1;0.12
6;0;0;50;100;15.65;3.23;9.16;1.41;1.34;0.153;62.3;8.72;4.47;2.5;0.43;1.45;4.83;208.6;177.1;19;2.9;9.7;0.44;0.64;0.11;0.15;1.22;1.23;0.122;37.7;10.03;4.8;3.1;0.53;1.78;4.33;126;103.8;10;3.6;8.7;0.74;0.23;0.12;0.14
6;0;0;100;0;17.72;2.58;7.6;1.11;1.1;0.132;71.3;8.27;4.02;2.56;0.44;1.35;3.98;212.3;177.4;24.2;2.7;8;0.44;0.42;0.1;0.14;0.87;0.83;0.118;28.7;6.97;3.35;2.19;0.33;1.23;3.62;85.5;69.1;6.6;2.5;7.2;0.53;0.11;0.08;0.1
6;0;0;100;50;18;3.41;9.64;1.3;1.32;0.142;70;9.29;4.57;2.81;0.49;1.56;5;210.4;173.5;23.8;3.1;10;0.45;0.6;0.13;0.15;1.21;1.24;0.12;30;10.23;4.89;3.14;0.56;1.85;4.63;89.9;70.5;6.4;3.7;9.3;0.8;0.16;0.12;0.15
6;0;0;100;100;18.07;3.95;11.15;1.51;1.51;0.152;68.4;9.93;4.99;2.94;0.5;1.7;5.88;208.7;170.8;22.7;3.4;11.8;0.43;0.81;0.12;0.15;1.56;1.56;0.121;31.6;12.78;6.13;3.98;0.68;2.25;5.28;96.2;71.4;9.7;4.5;10.6;1;0.22;0.15;0.19
6;0;50;0;0;13.55;2.08;5.91;1.11;1.13;0.139;58.4;8.07;3.97;2.44;0.43;1.39;3.12;208.1;181.5;17.6;2.8;6.2;0.47;0.42;0.1;0.13;0.54;0.5;0.118;41.6;4.03;1.99;1.25;0.18;0.69;2.79;148.5;135.5;6;1.4;5.6;0.24;0.15;0.05;0.06
6;0;50;0;50;13.09;2.25;6.17;1.22;1.23;0.148;58;8.31;4.13;2.46;0.4;1.42;3.24;206.4;180.5;16.6;2.8;6.5;0.44;0.55;0.1;0.14;0.59;0.57;0.123;42;4.48;2.22;1.39;0.2;0.83;2.94;149.7;136.2;5.9;1.7;5.9;0.25;0.2;0.05;0.07
6;0;50;0;100;12.67;2.3;6.57;1.51;1.46;0.164;57.4;8.89;4.54;2.6;0.45;1.45;3.47;206.1;180.6;15.7;2.9;6.9;0.47;0.73;0.11;0.15;0.63;0.68;0.136;42.6;4.88;2.38;1.5;0.25;0.85;3.1;152.6;136.1;8.6;1.7;6.2;0.26;0.29;0.05;0.07
6;0;50;50;0;15.72;2.5;7.26;1.28;1.25;0.137;63.6;9.07;4.49;2.7;0.48;1.51;3.79;207.9;175.9;21.4;3;7.6;0.45;0.53;0.11;0.15;0.7;0.7;0.121;36.4;5.72;2.73;1.8;0.3;0.99;3.47;119.1;104.4;5.8;2;6.9;0.42;0.14;0.06;0.09
6;0;50;50;50;15.71;2.96;8.67;1.47;1.44;0.146;62.7;9.8;4.76;3.02;0.47;1.59;4.54;205.6;172.8;20.5;3.2;9.1;0.44;0.71;0.12;0.16;0.98;0.97;0.123;37.3;7.87;3.79;2.38;0.4;1.38;4.13;122.5;105.9;5.6;2.8;8.3;0.59;0.18;0.08;0.11
6;0;50;50;100;15.62;3.53;10.02;1.78;1.72;0.163;62.5;10.51;5.37;3.04;0.53;1.72;5.32;214.2;170.6;29.5;3.4;10.6;0.44;0.98;0.13;0.18;1.34;1.33;0.128;37.5;10.27;4.96;3.16;0.52;1.81;4.7;128.4;107.1;8.3;3.6;9.4;0.78;0.28;0.12;0.15
6;0;50;100;0;18.15;2.95;8.63;1.39;1.44;0.14;70.2;10.25;5.11;3.13;0.49;1.77;4.45;208;170.3;25.3;3.5;8.9;0.44;0.71;0.12;0.17;0.8;0.86;0.121;29.8;7.08;3.31;2.24;0.39;1.19;4.18;88;71.5;5.7;2.4;8.4;0.55;0.13;0.07;0.11
6;0;50;100;50;18.23;3.75;10.82;1.76;1.72;0.151;70.1;11.33;5.7;3.35;0.55;1.84;5.73;217.3;164.9;37.3;3.7;11.5;0.42;0.97;0.13;0.2;1.24;1.29;0.122;29.9;10.52;5.05;3.28;0.6;1.9;5.09;92.6;73.4;5.2;3.8;10.2;0.85;0.17;0.12;0.16
6;0;50;100;100;18.51;4.11;12.31;1.98;1.97;0.163;68.5;12.02;6.11;3.52;0.63;1.93;6.42;214.9;162;36.2;3.9;12.8;0.41;1.22;0.14;0.2;1.61;1.61;0.126;31.5;12.74;6.16;3.99;0.64;2.18;5.9;98.6;74.4;8;4.4;11.8;1.02;0.27;0.13;0.19
6;0;100;0;0;13.38;2.34;6.47;1.4;1.35;0.142;58.4;9.51;4.79;2.76;0.49;1.64;3.35;212.9;175.7;27.2;3.3;6.7;0.46;0.61;0.12;0.16;0.49;0.49;0.122;41.6;3.9;1.89;1.2;0.2;0.7;3.12;151.8;139.4;4.8;1.4;6.2;0.24;0.14;0.05;0.06
6;0;100;0;50;12.77;2.39;6.72;1.58;1.62;0.164;58.3;9.89;4.95;2.88;0.51;1.63;3.56;211.8;176;25.5;3.3;7.1;0.47;0.86;0.13;0.16;0.59;0.6;0.133;41.7;4.41;2.19;1.34;0.21;0.77;3.15;151.7;139.2;4.6;1.5;6.3;0.26;0.22;0.05;0.07
6;0;100;0;100;12.68;2.51;7.19;1.79;1.8;0.175;57.4;10.29;5.25;2.96;0.53;1.65;3.78;210.1;174.9;24.4;3.3;7.6;0.45;1.06;0.12;0.17;0.69;0.7;0.142;42.6;4.84;2.44;1.43;0.25;0.86;3.41;155.9;140;7.4;1.7;6.8;0.27;0.32;0.05;0.07
6;0;100;50;0;15.87;2.84;8.34;1.59;1.6;0.146;63.7;10.92;5.32;3.35;0.58;1.79;4.33;214.8;169.3;33.3;3.6;8.7;0.45;0.83;0.13;0.18;0.73;0.75;0.122;36.3;6.03;2.88;1.89;0.31;1.04;4.01;122.4;107.7;4.6;2.1;8;0.45;0.14;0.07;0.1
6;0;100;50;50;15.77;3.27;9.37;1.83;1.85;0.163;62.7;11.33;5.64;3.34;0.58;1.8;4.8;211.7;166.8;31.7;3.6;9.6;0.43;1.11;0.13;0.18;1.04;1.05;0.128;37.3;8.12;4;2.42;0.43;1.47;4.57;125.7;109;4.7;2.9;9.1;0.61;0.22;0.09;0.12
6;0;100;50;100;15.71;3.69;10.68;2.24;2.19;0.183;61.4;12.01;6.24;3.39;0.63;1.9;5.49;209.1;163.4;30.9;3.8;11;0.42;1.44;0.15;0.19;1.34;1.35;0.131;38.6;10.26;5.04;3.13;0.57;1.79;5.19;131.4;110.7;6.8;3.6;10.4;0.78;0.29;0.12;0.16
6;0;100;100;0;18.22;3.41;9.75;1.86;1.82;0.145;70.3;12.54;6.21;3.81;0.62;2.13;5.06;215.4;162;39.1;4.3;10.1;0.43;1.03;0.15;0.2;0.86;0.89;0.122;29.7;7.28;3.49;2.23;0.39;1.28;4.69;90.8;74.4;4.5;2.6;9.4;0.58;0.14;0.08;0.1
6;0;100;100;50;18.5;4.05;11.7;2.14;2.21;0.163;69.1;13.5;6.77;4.04;0.7;2.16;6.18;212.8;157.6;38.5;4.3;12.4;0.41;1.41;0.16;0.23;1.32;1.33;0.125;30.9;10.51;5.14;3.14;0.55;1.88;5.52;94.9;75.8;4.3;3.8;11;0.86;0.2;0.11;0.16
6;0;100;100;100;18.58;4.55;13.14;2.6;2.63;0.184;67.7;14.3;7.37;4.17;0.7;2.3;6.91;210.3;154.5;37.4;4.6;13.8;0.41;1.82;0.17;0.23;1.61;1.68;0.128;32.3;13.02;6.27;3.95;0.69;2.25;6.23;100.3;76.9;6.5;4.5;12.5;1.06;0.29;0.14;0.2
6;50;0;0;0;15.36;2.41;6.88;1.38;1.39;0.146;53.2;9.53;4.73;2.94;0.44;1.62;3.59;168.9;141.8;16.6;3.2;7.2;0.84;0.28;0.12;0.16;0.49;0.52;0.113;46.8;4.45;2.1;1.4;0.24;0.79;3.29;148.7;130.4;10.1;1.6;6.6;0.23;0.17;0.05;0.07
6;50;0;0;50;15.14;2.56;7.46;1.51;1.51;0.151;53.3;10.01;4.99;2.99;0.53;1.65;3.92;169.8;142.9;15.7;3.3;7.8;0.86;0.37;0.12;0.16;0.65;0.61;0.117;46.7;5.11;2.48;1.6;0.27;0.91;3.54;148.5;129.5;10.2;1.8;7.1;0.23;0.25;0.05;0.07
6;50;0;0;100;14.95;2.8;7.99;1.69;1.61;0.154;52.5;10.47;5.3;3.09;0.56;1.73;4.17;170.4;143.7;14.9;3.5;8.3;0.86;0.45;0.13;0.17;0.8;0.81;0.129;47.5;6.19;3.03;1.86;0.32;1.08;3.82;153.9;128.7;15.3;2.2;7.6;0.25;0.39;0.07;0.09
6;50;0;50;0;17.61;2.77;8.1;1.44;1.45;0.143;58.8;10.15;4.95;3.04;0.52;1.62;4.19;171.1;139;20.5;3.2;8.4;0.82;0.34;0.12;0.17;0.72;0.75;0.116;41.2;6.33;3.02;1.97;0.33;1.15;3.91;119.7;99.7;9.9;2.3;7.8;0.41;0.17;0.07;0.1
6;50;0;50;50;17.28;3.33;9.25;1.59;1.6;0.149;58.5;10.69;5.34;3.18;0.5;1.81;4.96;171.4;138.5;19.3;3.6;9.9;0.82;0.46;0.14;0.18;1.04;1.02;0.12;41.5;8.47;4.12;2.61;0.42;1.52;4.29;121.4;100;9.8;3;8.6;0.56;0.24;0.1;0.12
6;50;0;50;100;17.51;3.75;10.93;1.75;1.74;0.155;56.9;11.19;5.62;3.29;0.6;1.86;5.63;171;137.4;18.7;3.7;11.3;0.8;0.62;0.13;0.19;1.36;1.38;0.125;43.1;10.97;5.25;3.44;0.58;1.89;5.3;129.7;100.7;14.6;3.8;10.6;0.72;0.38;0.12;0.16
6;50;0;100;0;19.46;3.15;9.01;1.55;1.56;0.141;66.1;11.04;5.5;3.28;0.56;1.88;4.69;173.3;136.3;23.8;3.8;9.4;0.82;0.41;0.14;0.19;0.88;0.88;0.117;33.9;7.46;3.62;2.26;0.36;1.27;4.32;88.6;67.7;9.7;2.5;8.6;0.52;0.16;0.08;0.12
6;50;0;100;50;19.67;3.82;11.25;1.67;1.71;0.146;65.1;11.65;5.71;3.54;0.6;1.93;5.93;172.9;134;23.2;3.9;11.9;0.79;0.59;0.13;0.2;1.27;1.32;0.12;34.9;10.94;5.16;3.46;0.59;1.89;5.32;92.7;68.8;9.5;3.8;10.6;0.8;0.23;0.12;0.17
6;50;0;100;100;19.71;4.44;12.8;1.94;1.92;0.154;63;12.4;6.17;3.65;0.65;2.01;6.67;171.9;132.3;22.2;4;13.3;0.78;0.78;0.14;0.21;1.66;1.7;0.124;37;13.64;6.64;4.16;0.73;2.43;6.13;100.9;69.5;14.3;4.9;12.3;0.98;0.36;0.16;0.21
6;50;50;0;0;15.35;2.86;8.19;1.99;1.88;0.149;53.1;12.59;6.33;3.71;0.62;2.05;4.24;169.9;140.4;17;4.1;8.5;1.11;0.41;0.16;0.2;0.57;0.57;0.121;46.9;4.54;2.26;1.33;0.23;0.81;3.95;150.2;131.7;8.9;1.6;7.9;0.23;0.22;0.05;0.07
6;50;50;0;50;15.23;3;8.98;2.05;2.05;0.154;53.3;13.25;6.53;3.94;0.74;2.1;4.77;171.2;141.5;15.9;4.2;9.5;1.13;0.53;0.16;0.22;0.69;0.69;0.126;46.7;5.35;2.59;1.64;0.28;0.91;4.21;150.2;130.7;9.3;1.8;8.4;0.24;0.32;0.06;0.08
6;50;50;0;100;14.72;3.3;9.37;2.26;2.25;0.163;52.5;13.72;6.97;3.98;0.74;2.24;4.85;170.9;141.8;14.9;4.5;9.7;1.16;0.7;0.16;0.22;0.81;0.87;0.143;47.5;6.03;2.92;1.85;0.34;1.06;4.52;154.8;130.5;13.1;2.1;9;0.25;0.47;0.07;0.09
6;50;50;50;0;17.65;3.43;9.49;2.03;1.97;0.147;58.5;13.4;6.75;3.87;0.7;2.27;4.95;171.7;136.7;20.6;4.5;9.9;1.07;0.51;0.18;0.21;0.78;0.8;0.122;41.5;6.47;3.06;2;0.34;1.16;4.54;121.6;101.2;9;2.3;9.1;0.42;0.21;0.08;0.09
6;50;50;50;50;17.46;3.98;11.22;2.2;2.18;0.152;57.9;14.32;7.21;4.27;0.7;2.4;5.84;171.4;135.3;19.6;4.8;11.7;1.07;0.7;0.18;0.24;1.11;1.11;0.125;42.1;8.79;4.32;2.66;0.46;1.58;5.38;124.6;102.1;8.6;3.2;10.8;0.57;0.3;0.1;0.13
6;50;50;50;100;17.51;4.35;12.46;2.44;2.4;0.164;57.7;14.68;7.51;4.25;0.74;2.42;6.45;180.1;134.2;28.1;4.8;12.9;1.06;0.92;0.18;0.24;1.5;1.5;0.132;42.3;11.33;5.45;3.48;0.6;1.94;6.01;131.7;102.9;13;3.9;12;0.76;0.46;0.12;0.17
6;50;50;100;0;19.68;3.81;10.88;2.14;2.18;0.148;65.6;14.71;7.31;4.45;0.72;2.5;5.75;173.3;132.2;24.5;5;11.5;1.03;0.71;0.19;0.25;0.95;0.94;0.122;34.4;7.68;3.71;2.36;0.43;1.31;5.14;90.8;69.6;8.3;2.6;10.3;0.53;0.21;0.08;0.11
6;50;50;100;50;19.97;4.54;13.1;2.41;2.39;0.155;66;15.41;7.73;4.58;0.8;2.55;6.86;184.7;130.3;35.6;5.1;13.7;1.04;0.92;0.18;0.25;1.38;1.41;0.124;34;11.32;5.46;3.48;0.59;1.98;6.24;95.2;70.4;8.4;4;12.5;0.82;0.3;0.13;0.17
6;50;50;100;100;19.95;4.98;14.21;2.65;2.61;0.164;64.2;15.94;8.01;4.7;0.78;2.51;7.47;182.7;128.3;34.4;5;14.9;1;1.16;0.19;0.26;1.79;1.77;0.13;35.8;13.62;6.75;4.03;0.69;2.46;6.75;101.9;71.3;12.2;4.9;13.5;1;0.42;0.16;0.2
6;50;100;0;0;15.36;3.46;9.97;2.48;2.42;0.151;54.2;16;8;4.77;0.84;2.64;5.19;180.2;138.7;25.8;5.3;10.4;1.41;0.57;0.18;0.26;0.62;0.61;0.128;45.8;4.6;2.31;1.37;0.23;0.82;4.78;152.2;133.2;7.8;1.6;9.6;0.24;0.25;0.05;0.07
6;50;100;0;50;15.06;3.64;10.21;2.75;2.69;0.164;53.5;16.4;8.35;4.71;0.83;2.7;5.4;179.8;139;24.5;5.4;10.8;1.4;0.82;0.2;0.26;0.81;0.77;0.14;46.5;5.38;2.63;1.62;0.3;0.94;4.8;156.2;133;11.8;1.9;9.6;0.25;0.38;0.06;0.07
6;50;100;0;100;14.62;3.76;10.64;2.9;2.87;0.17;53.5;16.87;8.66;4.79;0.86;2.72;5.61;179.3;140;22.6;5.4;11.2;1.41;0.98;0.21;0.27;1.05;0.99;0.157;46.5;6.22;3.22;1.74;0.3;1.04;5.03;156.1;132.1;11.9;2.1;10.1;0.26;0.57;0.07;0.09
6;50;100;50;0;17.6;3.99;11.41;2.63;2.62;0.153;59.6;17.15;8.57;5.15;0.83;2.8;5.97;182.8;133.9;31.4;5.6;11.9;1.35;0.79;0.21;0.28;0.87;0.85;0.127;40.4;6.61;3.23;1.97;0.36;1.19;5.44;124;103.1;7.6;2.4;10.9;0.42;0.26;0.07;0.1
6;50;100;50;50;17.82;4.51;12.89;2.99;2.93;0.164;57.9;17.91;9.13;5.24;0.89;2.99;6.65;181.2;131.2;30.7;6;13.3;1.32;1.1;0.23;0.28;1.12;1.18;0.132;42.1;8.9;4.25;2.76;0.48;1.52;6.25;131.6;104.9;11.2;3;12.5;0.59;0.37;0.09;0.14
6;50;100;50;100;17.5;4.89;13.79;3.19;3.15;0.175;57.6;17.94;9.37;5.18;0.84;2.93;7.21;180.7;131.8;28.7;5.9;14.4;1.31;1.34;0.22;0.28;1.56;1.57;0.14;42.4;11.18;5.52;3.37;0.56;1.96;6.58;133;104.5;11.5;3.9;13.2;0.75;0.54;0.12;0.16
6;50;100;100;0;19.96;4.44;12.62;2.8;2.8;0.152;66.5;18.45;9.16;5.51;0.9;3.07;6.61;185.7;128.8;37.5;6.1;13.2;1.29;0.97;0.24;0.3;1.07;1.01;0.126;33.5;7.95;3.89;2.37;0.41;1.37;6.01;93.3;71.1;7.5;2.7;12;0.55;0.25;0.08;0.12
6;50;100;100;50;20.27;5.07;14.75;3.12;3.18;0.164;64.5;19.4;9.75;5.76;0.97;3.13;7.75;183.9;125.3;36.9;6.3;15.5;1.28;1.34;0.24;0.32;1.44;1.46;0.129;35.5;11.25;5.42;3.42;0.57;1.94;7;101.1;72.7;10.5;3.9;14;0.83;0.34;0.13;0.16
6;50;100;100;100;20.15;5.6;16.14;3.59;3.54;0.177;63.6;19.95;10.37;5.71;0.97;3.24;8.5;182.3;123.2;35.5;6.5;17;1.25;1.72;0.24;0.32;1.91;1.88;0.134;36.4;13.89;6.9;4.21;0.7;2.37;7.64;104.2;73.6;10.6;4.7;15.3;1.03;0.49;0.15;0.21
6;100;0;0;0;17.5;2.85;8.34;1.78;1.78;0.149;45.4;11.91;5.97;3.56;0.63;1.95;4.37;125.7;96.4;16.7;3.9;8.7;1.15;0.28;0.15;0.2;0.58;0.58;0.112;54.6;5;2.4;1.5;0.28;0.91;3.97;151.1;127.9;13.5;1.8;7.9;0.23;0.23;0.05;0.07
6;100;0;0;50;17.14;3.12;8.82;1.89;1.87;0.154;45.8;12.11;6.12;3.54;0.62;2.03;4.59;126.6;97.9;15.4;4.1;9.2;1.17;0.35;0.16;0.19;0.81;0.77;0.124;54.2;6.15;2.94;1.98;0.3;1.09;4.22;150.1;125.8;13.6;2.2;8.4;0.23;0.38;0.07;0.09
6;100;0;0;100;16.85;3.4;9.54;1.97;1.95;0.156;45;12.48;6.34;3.6;0.65;2.12;5.07;127.7;99.3;14.1;4.2;10.1;1.17;0.42;0.16;0.2;0.96;0.97;0.13;55;7.4;3.61;2.26;0.39;1.27;4.47;156.3;124;20.8;2.5;8.9;0.24;0.55;0.08;0.11
6;100;0;50;0;19.13;3.26;9.43;1.81;1.83;0.147;51.3;12.41;6.14;3.74;0.64;2.04;4.93;128.3;94.5;19.8;4.1;9.9;1.14;0.34;0.15;0.21;0.8;0.81;0.117;48.7;6.89;3.25;2.18;0.38;1.21;4.5;122;97.7;12.9;2.4;9;0.4;0.22;0.09;0.1
6;100;0;50;50;19.23;3.75;10.88;2.01;1.98;0.152;51.1;13.02;6.5;3.89;0.69;2.12;5.71;129.5;95;18.8;4.2;11.4;1.15;0.45;0.16;0.22;1.15;1.15;0.122;48.9;9.32;4.51;2.81;0.49;1.63;5.17;123.8;97.2;13;3.3;10.3;0.54;0.37;0.09;0.14
6;100;0;50;100;19.4;4.2;12.38;2.16;2.11;0.157;49.5;13.4;6.72;3.95;0.66;2.14;6.52;130.3;95.1;17.9;4.3;13;1.12;0.6;0.16;0.22;1.55;1.53;0.127;50.5;12.03;5.88;3.63;0.62;2.07;5.86;133;97.1;20.1;4.1;11.7;0.69;0.53;0.14;0.17
6;100;0;100;0;21.16;3.65;10.4;1.9;1.91;0.145;58.8;13.17;6.55;3.9;0.64;2.21;5.47;131.5;92.6;23.5;4.4;10.9;1.12;0.41;0.16;0.23;0.95;0.95;0.117;41.2;8.09;3.88;2.54;0.4;1.44;4.94;92;66.5;12.8;2.9;9.9;0.52;0.22;0.09;0.12
6;100;0;100;50;21.34;4.32;12.46;2.05;2.02;0.15;58.1;13.51;6.72;4.02;0.73;2.25;6.61;132.3;92.4;22.2;4.5;13.2;1.09;0.56;0.16;0.22;1.44;1.45;0.122;41.9;11.79;5.66;3.62;0.64;2.07;5.85;95.3;66.7;12.8;4.1;11.7;0.78;0.37;0.13;0.17
6;100;0;100;100;21.48;4.87;14.24;2.28;2.27;0.156;55.9;14.52;7.33;4.28;0.71;2.4;7.39;132.7;91.4;21.7;4.8;14.8;1.1;0.76;0.18;0.23;1.72;1.8;0.125;44.1;14.3;6.84;4.45;0.76;2.47;6.85;104.8;67.3;18.9;4.9;13.7;0.93;0.49;0.16;0.22
6;100;50;0;0;17.72;3.73;10.56;2.56;2.55;0.153;46.1;16.66;8.3;4.98;0.84;2.75;5.51;129.9;96.6;16.7;5.5;11;1.66;0.4;0.21;0.27;0.71;0.69;0.123;53.9;5.52;2.64;1.7;0.29;0.99;5.04;152;127.5;12.4;2;10.1;0.23;0.32;0.06;0.08
6;100;50;0;50;17.48;3.96;11.19;2.8;2.68;0.157;45.4;17.08;8.71;4.99;0.83;2.8;5.87;130.9;97.9;15.7;5.6;11.7;1.69;0.51;0.21;0.27;0.8;0.88;0.136;54.6;6.45;3.12;1.98;0.35;1.16;5.31;157.6;125.9;18.8;2.3;10.6;0.23;0.48;0.08;0.1
6;100;50;0;100;17.06;4.17;11.81;2.8;2.85;0.164;45.7;17.39;8.79;5.07;0.89;2.88;6.17;131.7;99.2;14.4;5.8;12.3;1.69;0.67;0.22;0.27;1.14;1.11;0.148;54.3;7.47;3.77;2.19;0.35;1.29;5.64;156.9;124;19;2.6;11.3;0.24;0.69;0.08;0.1
6;100;50;50;0;19.51;4.2;11.84;2.63;2.63;0.151;51.9;17.36;8.8;5.02;0.9;2.94;6.29;133;94.8;19.8;5.9;12.6;1.63;0.49;0.22;0.28;0.92;0.89;0.122;48.1;7.21;3.48;2.18;0.38;1.27;5.55;123.2;97.5;12.1;2.5;11.1;0.4;0.32;0.08;0.1
6;100;50;50;50;19.4;4.67;13.32;2.82;2.8;0.155;50.2;18.02;9.09;5.32;0.89;2.95;6.99;133.1;94.4;18.9;5.9;14;1.64;0.65;0.23;0.29;1.28;1.27;0.13;49.8;9.72;4.81;2.86;0.53;1.72;6.33;131.9;97.8;18;3.4;12.7;0.55;0.48;0.11;0.14
6;100;50;50;100;19.36;5.17;14.57;3.02;3.03;0.164;51.4;18.47;9.36;5.36;0.93;3.04;7.54;142.3;94.3;26.9;6.1;15.1;1.62;0.87;0.24;0.3;1.69;1.69;0.137;48.6;12.25;6.08;3.62;0.64;2.13;7.02;134.5;98;18.3;4.3;14;0.7;0.67;0.14;0.18
6;100;50;100;0;21.48;4.5;13.07;2.85;2.77;0.151;58.8;18.3;9.19;5.4;0.94;3.01;6.83;134.7;91.2;23.9;6;13.7;1.57;0.67;0.22;0.31;0.97;1.04;0.122;41.2;8.43;4.07;2.61;0.46;1.49;6.23;94.4;67.5;11.5;3;12.5;0.53;0.29;0.09;0.13
6;100;50;100;50;21.59;5.19;14.89;2.9;2.95;0.157;58.4;18.79;9.45;5.53;0.93;3.11;7.74;146;90.4;33.9;6.2;15.5;1.54;0.87;0.23;0.31;1.54;1.57;0.128;41.6;12.17;5.92;3.73;0.64;2.08;7.15;103.9;68;17.5;4.2;14.3;0.79;0.45;0.14;0.19
6;100;50;100;100;21.7;5.7;16.42;3.3;3.22;0.164;57.8;19.64;9.93;5.8;0.97;3.23;8.51;146;89.5;32.9;6.5;17;1.55;1.11;0.24;0.31;1.9;1.94;0.133;42.2;14.56;7.06;4.45;0.77;2.47;7.91;106.4;68.6;17.1;4.9;15.8;0.95;0.62;0.16;0.22
6;100;100;0;0;17.58;4.29;12.32;3.14;3.11;0.154;47.8;20.1;10.17;5.86;1.04;3.31;6.42;140.5;95.8;25.2;6.6;12.8;1.96;0.57;0.26;0.33;0.75;0.77;0.133;52.2;5.7;2.79;1.7;0.32;0.98;5.9;153.8;128.6;11.4;2;11.8;0.22;0.4;0.06;0.08
6;100;100;0;50;17.11;4.56;12.85;3.38;3.37;0.164;46.9;20.57;10.5;5.95;0.99;3.42;6.73;140.2;96.6;23.3;6.8;13.5;2;0.79;0.25;0.33;1.01;0.98;0.146;53.1;6.68;3.38;1.95;0.34;1.14;6.12;158.9;127.5;16.8;2.3;12.2;0.25;0.56;0.07;0.09
6;100;100;0;100;16.8;4.7;13.31;3.65;3.55;0.169;47.1;21.03;10.81;6.07;1.06;3.47;6.97;140.3;97.9;21.6;6.9;13.9;2.02;0.93;0.26;0.34;1.24;1.25;0.164;52.9;7.53;3.74;2.26;0.36;1.23;6.34;158;125.9;16.9;2.5;12.7;0.25;0.82;0.08;0.11
6;100;100;50;0;19.61;4.67;13.63;3.4;3.25;0.155;53.3;20.98;10.5;6.17;1.12;3.36;7.16;144.3;92.5;30.8;6.7;14.3;1.89;0.77;0.25;0.35;1.01;0.99;0.13;46.7;7.56;3.67;2.33;0.35;1.31;6.48;126.3;99.8;10.9;2.6;13;0.41;0.4;0.08;0.11
6;100;100;50;50;19.78;5.24;15.06;3.55;3.51;0.164;51.8;21.47;11;6.29;1.03;3.51;7.94;144.4;92.3;29.2;7;15.9;1.87;1.03;0.26;0.35;1.3;1.37;0.137;48.2;9.9;4.87;3;0.49;1.73;7.12;134.3;99.9;16.7;3.5;14.2;0.55;0.56;0.11;0.15
6;100;100;50;100;19.5;5.64;16.16;3.88;3.82;0.173;51.4;22.09;11.48;6.32;1.09;3.55;8.47;143.9;91.9;28;7.1;16.9;1.89;1.31;0.26;0.36;1.81;1.81;0.146;48.6;12.28;6.06;3.69;0.64;2.09;7.69;135.9;100.3;16;4.2;15.4;0.71;0.78;0.13;0.18
6;100;100;100;0;21.77;5.2;14.93;3.49;3.42;0.154;60.4;22.24;11.21;6.49;1.17;3.64;7.78;148;88.6;36.6;7.3;15.6;1.82;0.96;0.28;0.35;1.1;1.13;0.128;39.6;8.77;4.29;2.69;0.45;1.56;7.15;97;69.2;10.4;3.1;14.3;0.55;0.36;0.09;0.12
6;100;100;100;50;21.88;5.8;16.84;3.82;3.76;0.164;58.4;22.96;11.7;6.67;1.18;3.71;8.8;148;87.4;35.6;7.4;17.6;1.8;1.31;0.27;0.37;1.58;1.63;0.133;41.6;12.2;5.97;3.66;0.65;2.09;8.05;105.6;70;15.3;4.2;16.1;0.79;0.52;0.13;0.19
6;100;100;100;100;22.02;6.33;18;4.21;4.08;0.175;57.8;23.35;12.01;6.72;1.09;3.72;9.63;147.9;87.2;34;7.4;19.3;1.78;1.65;0.28;0.37;2.12;2.1;0.141;42.2;14.81;7.33;4.41;0.8;2.61;8.37;107.7;70.2;15.6;5.2;16.7;0.97;0.75;0.17;0.21
7;0;0;0;0;13.64;1.87;5.31;1.04;1.03;0.142;60.2;7.25;3.64;2.11;0.37;1.23;2.77;214.3;188.3;18.1;2.5;5.5;0.5;0.31;0.09;0.12;0.41;0.41;0.104;39.8;3.71;1.76;1.15;0.2;0.65;2.54;141.3;128.9;6.1;1.3;5.1;0.21;0.1;0.04;0.06
7;0;0;0;50;13.34;1.95;5.71;1.13;1.14;0.149;60.2;7.57;3.78;2.25;0.39;1.23;3.04;214.4;188.7;17.2;2.5;6.1;0.51;0.4;0.09;0.13;0.47;0.48;0.11;39.8;4.13;1.96;1.31;0.2;0.72;2.67;141.6;128.6;6.2;1.4;5.3;0.22;0.15;0.05;0.06
7;0;0;0;100;12.84;2.12;6.04;1.28;1.22;0.153;59.6;7.93;4.02;2.37;0.37;1.3;3.24;213.7;188.7;15.9;2.6;6.5;0.5;0.48;0.09;0.14;0.57;0.55;0.115;40.4;4.63;2.19;1.43;0.26;0.82;2.8;145;128.6;9.2;1.6;5.6;0.23;0.21;0.05;0.07
7;0;0;50;0;15.9;2.4;6.64;1.09;1.11;0.138;65.7;8;3.96;2.37;0.43;1.4;3.56;216.2;184.3;21.9;2.8;7.1;0.48;0.38;0.1;0.14;0.58;0.61;0.11;34.3;5.47;2.56;1.72;0.32;0.99;3.08;112.6;98.5;6;2;6.2;0.37;0.1;0.06;0.08
7;0;0;50;50;15.77;2.66;7.73;1.25;1.23;0.146;65;8.4;4.14;2.52;0.44;1.39;4.06;214.4;182.4;21.1;2.8;8.1;0.48;0.51;0.1;0.14;0.8;0.82;0.112;35;7.23;3.42;2.28;0.37;1.27;3.67;115.3;99.5;5.9;2.5;7.3;0.5;0.14;0.08;0.11
7;0;0;50;100;15.78;3.24;9.1;1.46;1.42;0.156;63.8;9.05;4.61;2.67;0.42;1.53;4.82;213.7;181;20;3.1;9.6;0.48;0.67;0.12;0.15;1.06;1.1;0.114;36.2;9.52;4.57;2.98;0.49;1.71;4.27;121.1;100.1;9;3.4;8.5;0.65;0.21;0.1;0.14
7;0;0;100;0;18;2.67;7.45;1.23;1.2;0.136;72.4;8.8;4.35;2.63;0.44;1.49;3.91;216.8;180.3;25.7;3;7.8;0.49;0.45;0.12;0.15;0.72;0.72;0.11;27.6;6.44;3.1;1.98;0.36;1.18;3.54;82.4;67;5.9;2.4;7.1;0.46;0.09;0.08;0.09
7;0;0;100;50;18.32;3.28;9.49;1.32;1.38;0.144;71.3;9.54;4.72;2.82;0.5;1.61;5.04;215.1;176.8;24.9;3.2;10.1;0.47;0.63;0.12;0.17;1.12;1.08;0.112;28.7;9.57;4.58;3.02;0.48;1.66;4.45;86.2;68.1;5.9;3.3;8.9;0.7;0.14;0.1;0.14
7;0;0;100;100;18.55;3.81;11.02;1.64;1.63;0.154;69.7;10.54;5.3;3.09;0.49;1.72;5.87;212.7;173.1;24.5;3.4;11.7;0.46;0.87;0.13;0.17;1.44;1.36;0.114;30.3;11.9;5.83;3.63;0.6;2.09;5.15;92.4;69.3;8.6;4.2;10.3;0.86;0.19;0.13;0.17
7;0;50;0;0;13.49;1.94;5.83;1.17;1.16;0.142;59.8;8.15;3.95;2.44;0.45;1.31;3.08;212.6;185.3;18.6;2.6;6.2;0.5;0.44;0.1;0.13;0.44;0.43;0.11;40.2;3.65;1.75;1.14;0.2;0.63;2.75;142.6;130.8;5;1.3;5.5;0.21;0.12;0.04;0.05
7;0;50;0;50;12.97;2.17;6.3;1.36;1.34;0.151;59.4;8.83;4.41;2.67;0.46;1.43;3.37;210.8;183.8;17.4;2.9;6.7;0.48;0.59;0.11;0.15;0.44;0.49;0.115;40.6;4.04;1.96;1.2;0.24;0.75;2.94;144;131.7;4.9;1.5;5.9;0.22;0.16;0.04;0.06
7;0;50;0;100;12.88;2.32;6.62;1.6;1.56;0.167;58.6;9.33;4.84;2.68;0.43;1.54;3.48;209.7;182.8;16.9;3.1;7;0.49;0.8;0.12;0.15;0.58;0.61;0.128;41.4;4.58;2.2;1.43;0.24;0.78;3.14;147.8;132.3;7.6;1.6;6.3;0.23;0.26;0.05;0.07
7;0;50;50;0;15.91;2.58;7.43;1.29;1.35;0.14;64.9;9.62;4.7;2.95;0.47;1.6;3.98;212.7;179.2;22.3;3.2;8;0.49;0.56;0.13;0.16;0.63;0.64;0.112;35.1;5.52;2.6;1.72;0.3;0.98;3.45;114.9;101;5.1;2;6.9;0.38;0.12;0.06;0.08
7;0;50;50;50;15.84;3;8.58;1.54;1.52;0.149;63.9;10.16;5.1;2.96;0.52;1.68;4.48;209.9;175.9;21.7;3.4;9;0.48;0.75;0.13;0.16;0.88;0.86;0.115;36.1;7.36;3.54;2.32;0.36;1.32;4.1;118.3;102.6;4.9;2.6;8.2;0.51;0.15;0.08;0.11
7;0;50;50;100;15.68;3.37;9.8;1.84;1.77;0.166;63.8;10.65;5.44;3.08;0.52;1.71;5.14;218;173.4;31;3.4;10.3;0.45;1.01;0.13;0.18;1.18;1.16;0.119;36.2;9.63;4.61;2.93;0.54;1.66;4.66;123.5;103.7;7.2;3.3;9.3;0.68;0.24;0.1;0.14
7;0;50;100;0;18.14;3.03;8.6;1.53;1.55;0.143;71.7;10.81;5.43;3.23;0.55;1.87;4.61;213.1;173.7;26.4;3.7;9.2;0.47;0.75;0.14;0.18;0.73;0.77;0.113;28.3;6.69;3.14;2.12;0.33;1.15;3.99;84.1;69;4.7;2.3;8;0.48;0.12;0.07;0.1
7;0;50;100;50;18.14;3.7;10.52;1.78;1.77;0.154;71.3;11.48;5.82;3.32;0.6;1.89;5.44;221.5;168.8;38;3.8;10.9;0.46;0.98;0.14;0.19;1.17;1.17;0.114;28.7;10.11;4.82;3.08;0.53;1.81;5.08;89;70.6;4.6;3.6;10.2;0.75;0.15;0.11;0.16
7;0;50;100;100;18.11;4.24;12.04;2.11;2.07;0.166;69.7;12.47;6.38;3.58;0.59;2.04;6.31;218;164.5;36.8;4.1;12.6;0.46;1.25;0.16;0.2;1.41;1.47;0.118;30.3;12.41;5.84;3.94;0.64;2.2;5.74;94.3;72;6.5;4.4;11.5;0.93;0.22;0.14;0.19
7;0;100;0;0;13.61;2.31;6.59;1.46;1.45;0.145;59.8;10.01;4.99;2.94;0.51;1.67;3.5;218.2;178.9;28.9;3.3;7;0.51;0.65;0.13;0.17;0.39;0.43;0.113;40.2;3.62;1.7;1.1;0.21;0.64;3.1;146.4;134.8;4.1;1.3;6.2;0.22;0.12;0.04;0.05
7;0;100;0;50;13.17;2.44;6.93;1.7;1.75;0.166;59.4;10.5;5.31;3.08;0.49;1.78;3.7;215.9;177.7;27.2;3.6;7.4;0.51;0.94;0.13;0.17;0.52;0.51;0.123;40.6;4.02;1.94;1.22;0.22;0.67;3.24;147.4;135.6;4;1.3;6.5;0.23;0.19;0.04;0.05
7;0;100;0;100;12.56;2.42;7.13;1.94;1.9;0.178;59;10.67;5.54;3.1;0.5;1.69;3.85;214.9;178.1;25.6;3.4;7.7;0.5;1.1;0.13;0.17;0.56;0.59;0.134;41;4.33;2.08;1.29;0.24;0.74;3.27;149.3;135.3;5.9;1.5;6.5;0.23;0.26;0.04;0.06
7;0;100;50;0;16.06;2.89;8.28;1.73;1.73;0.148;64.9;11.64;5.78;3.47;0.62;1.94;4.32;219;171.2;35.3;3.9;8.6;0.48;0.9;0.15;0.2;0.64;0.64;0.114;35.1;5.47;2.59;1.69;0.3;0.95;3.96;118.4;104.8;3.8;1.9;7.9;0.38;0.12;0.06;0.08
7;0;100;50;50;15.86;3.31;9.55;1.97;2.02;0.166;64.2;12.13;6.17;3.46;0.66;1.98;5.09;217;169.5;33.3;4;10.2;0.49;1.18;0.15;0.2;0.86;0.9;0.119;35.8;7.44;3.58;2.34;0.38;1.33;4.46;121;105.6;3.9;2.7;8.9;0.53;0.18;0.08;0.11
7;0;100;50;100;15.93;3.64;10.83;2.32;2.36;0.185;62.8;12.74;6.53;3.8;0.6;2.02;5.72;213.3;165.5;32.3;4;11.4;0.47;1.52;0.16;0.21;1.2;1.19;0.121;37.2;9.7;4.64;3;0.52;1.62;5.11;126.5;107.5;5.6;3.2;10.2;0.7;0.25;0.09;0.14
7;0;100;100;0;18.26;3.31;9.66;1.94;1.89;0.146;71.7;12.93;6.41;3.83;0.68;2.13;5.1;220.1;164.7;41;4.3;10.2;0.45;1.07;0.16;0.21;0.76;0.78;0.113;28.3;6.77;3.17;2.11;0.37;1.19;4.56;87;71.9;3.5;2.4;9.1;0.5;0.11;0.07;0.1
7;0;100;100;50;18.54;3.99;11.58;2.35;2.29;0.165;70.2;13.85;7.01;4.08;0.67;2.26;6.15;216.3;159.3;40.1;4.5;12.3;0.45;1.45;0.16;0.23;1.17;1.17;0.116;29.8;9.97;4.77;3.11;0.54;1.73;5.43;91.4;73.6;3.5;3.5;10.9;0.76;0.16;0.1;0.14
7;0;100;100;100;18.75;4.58;13.15;2.63;2.74;0.186;68.7;14.75;7.64;4.21;0.72;2.39;6.98;213.4;155.7;38.9;4.8;14;0.43;1.89;0.18;0.24;1.5;1.48;0.119;31.3;12.42;6.02;3.73;0.7;2.19;6.17;96.8;74.7;5.4;4.4;12.3;0.95;0.23;0.13;0.18
7;50;0;0;0;15.53;2.3;6.83;1.51;1.48;0.15;54.6;9.85;4.9;2.92;0.49;1.58;3.57;172.5;144.5;17.8;3.2;7.1;0.89;0.31;0.12;0.16;0.49;0.48;0.108;45.4;4.25;2.01;1.33;0.25;0.72;3.27;143.3;126.1;9.2;1.4;6.5;0.2;0.16;0.05;0.06
7;50;0;0;50;15.13;2.54;7.37;1.61;1.63;0.156;54.9;10.39;5.2;3.04;0.53;1.68;3.91;173.8;146.1;16.6;3.4;7.8;0.94;0.39;0.13;0.17;0.55;0.58;0.113;45.1;4.96;2.31;1.56;0.27;0.86;3.46;142.7;124.8;9.3;1.7;6.9;0.21;0.23;0.06;0.07
7;50;0;0;100;14.69;2.81;7.81;1.69;1.69;0.159;54;10.6;5.34;3.17;0.51;1.78;4.09;173.6;146.5;15.4;3.6;8.2;0.92;0.45;0.14;0.17;0.73;0.73;0.124;46;5.8;2.82;1.75;0.31;1.03;3.72;148;124.4;14;2.1;7.4;0.23;0.35;0.06;0.09
7;50;0;50;0;17.47;2.87;8.06;1.57;1.58;0.148;60.4;10.68;5.26;3.14;0.53;1.77;4.32;175.4;142.1;21.1;3.5;8.6;0.91;0.37;0.13;0.18;0.68;0.68;0.11;39.6;6.05;2.89;1.85;0.31;1.09;3.75;114.9;96.1;9.1;2.2;7.5;0.36;0.15;0.07;0.09
7;50;0;50;50;17.49;3.29;9.32;1.71;1.7;0.154;59.9;11.03;5.51;3.29;0.56;1.81;4.92;175.3;141.5;20.4;3.6;9.8;0.89;0.49;0.14;0.18;0.95;0.93;0.113;40.1;8.09;3.96;2.4;0.42;1.48;4.4;117.3;96.5;9.1;3;8.8;0.49;0.23;0.09;0.12
7;50;0;50;100;17.4;3.76;10.82;1.92;1.85;0.16;58.2;11.58;5.93;3.36;0.55;1.9;5.69;174.3;139.8;19.3;3.8;11.4;0.87;0.65;0.14;0.19;1.29;1.25;0.118;41.8;10.52;5.08;3.23;0.57;1.86;5.13;125;97.6;13.5;3.7;10.3;0.64;0.34;0.11;0.16
7;50;0;100;0;19.52;3.16;8.98;1.64;1.62;0.145;67.5;11.12;5.54;3.31;0.57;1.88;4.74;177.4;139.4;24.8;3.8;9.5;0.86;0.43;0.14;0.18;0.79;0.79;0.11;32.5;7.04;3.43;2.16;0.37;1.28;4.23;85.2;65.2;9;2.6;8.5;0.45;0.16;0.07;0.11
7;50;0;100;50;19.64;3.77;11.07;1.83;1.81;0.151;66.4;12.01;5.96;3.68;0.57;1.97;5.86;176.1;136.3;24.1;3.9;11.7;0.86;0.61;0.14;0.21;1.19;1.18;0.113;33.6;10.38;4.98;3.19;0.56;1.8;5.21;88.9;66.5;8.4;3.6;10.4;0.7;0.21;0.12;0.15
7;50;0;100;100;19.97;4.42;12.67;2.04;2.05;0.158;64.4;12.96;6.54;3.79;0.65;2.16;6.7;175.6;134.4;23.5;4.3;13.4;0.85;0.84;0.16;0.21;1.48;1.5;0.117;35.6;12.71;6.08;3.99;0.67;2.26;5.97;96.8;67.3;13;4.5;11.9;0.84;0.33;0.15;0.18
7;50;50;0;0;15.43;2.85;8.16;2.05;1.99;0.155;54.8;12.88;6.47;3.78;0.64;2.09;4.37;174.9;144.1;17.9;4.2;8.7;1.21;0.41;0.16;0.21;0.54;0.52;0.115;45.1;4.37;2.08;1.34;0.23;0.77;3.79;143.9;126.4;8.3;1.5;7.6;0.21;0.2;0.05;0.06
7;50;50;0;50;15.24;3.15;8.91;2.15;2.18;0.16;54.7;13.65;6.95;3.97;0.7;2.28;4.72;174.8;143.8;17;4.6;9.4;1.21;0.56;0.18;0.23;0.68;0.63;0.121;45.3;5.08;2.44;1.52;0.28;0.87;4.19;145;126.7;8.2;1.7;8.4;0.22;0.29;0.06;0.07
7;50;50;0;100;14.8;3.27;9.12;2.33;2.35;0.169;53.8;13.9;7.12;3.95;0.72;2.31;4.83;174;143.8;16;4.6;9.7;1.2;0.75;0.17;0.23;0.79;0.79;0.138;46.2;5.64;2.82;1.64;0.28;0.96;4.29;149.5;126.7;12.3;1.9;8.6;0.22;0.43;0.06;0.08
7;50;50;50;0;17.61;3.41;9.6;2.15;2.13;0.151;60;14.08;6.98;4.16;0.74;2.33;5.05;175.5;138.8;21.9;4.7;10.1;1.17;0.54;0.19;0.23;0.78;0.71;0.115;40;6.07;2.96;1.83;0.33;1.08;4.54;117.1;98.2;7.7;2.2;9.1;0.36;0.18;0.07;0.09
7;50;50;50;50;17.7;3.88;11.07;2.37;2.3;0.157;59.4;14.65;7.43;4.3;0.72;2.41;5.83;175.5;138.2;20.8;4.8;11.7;1.16;0.72;0.18;0.24;1.08;1;0.119;40.6;8.32;4.09;2.55;0.42;1.47;5.24;120;98.5;8;2.9;10.5;0.5;0.28;0.1;0.12
7;50;50;50;100;17.47;4.42;12.43;2.63;2.55;0.168;59.2;15.12;7.89;4.26;0.76;2.5;6.6;184.3;136.8;29.3;5;13.2;1.15;0.96;0.2;0.25;1.32;1.37;0.126;40.8;10.81;5.2;3.29;0.59;1.92;5.83;126.9;99.5;11.9;3.8;11.7;0.67;0.43;0.12;0.15
7;50;50;100;0;19.83;3.68;10.9;2.27;2.29;0.152;66.8;15.05;7.39;4.55;0.75;2.4;5.8;176.8;134.9;25.5;4.8;11.6;1.14;0.72;0.18;0.26;0.81;0.84;0.114;33.2;7.25;3.44;2.19;0.39;1.28;5.1;87.6;67.1;7.8;2.6;10.2;0.47;0.19;0.08;0.1
7;50;50;100;50;20.05;4.55;12.92;2.51;2.52;0.159;67.2;15.81;8.02;4.64;0.77;2.65;6.81;188.3;132.3;37;5.3;13.6;1.11;0.96;0.19;0.26;1.29;1.25;0.116;32.8;10.69;5.18;3.28;0.54;1.9;6.11;91.9;68.2;7.7;3.8;12.2;0.72;0.27;0.11;0.16
7;50;50;100;100;20.11;4.99;14.23;2.91;2.77;0.168;65.3;16.49;8.51;4.76;0.78;2.7;7.5;186.1;129.8;35.9;5.4;15;1.08;1.21;0.21;0.26;1.56;1.6;0.122;34.7;13.01;6.25;3.94;0.73;2.29;6.72;98.7;69.3;11.4;4.6;13.4;0.87;0.4;0.14;0.19
7;50;100;0;0;15.52;3.49;10.02;2.61;2.61;0.157;55.6;16.65;8.44;4.88;0.82;2.74;5.33;184.5;140.6;27.7;5.5;10.7;1.5;0.62;0.21;0.28;0.58;0.55;0.122;44.4;4.38;2.11;1.35;0.23;0.75;4.7;147.2;129.4;7;1.5;9.4;0.21;0.24;0.04;0.06
7;50;100;0;50;15.1;3.48;10.36;2.8;2.83;0.169;54.7;16.77;8.47;4.89;0.83;2.64;5.48;182.9;140.9;25.8;5.3;11;1.48;0.87;0.19;0.28;0.73;0.69;0.135;45.3;5.09;2.53;1.56;0.24;0.84;4.88;151.1;129.2;10.6;1.7;9.8;0.23;0.34;0.05;0.07
7;50;100;0;100;14.9;3.8;10.83;3.15;3.06;0.175;54.6;17.42;8.96;5.07;0.86;2.81;5.76;182.8;141.2;24.5;5.6;11.5;1.5;1.06;0.2;0.29;0.86;0.87;0.151;45.4;5.68;2.88;1.69;0.29;0.99;5.07;151.9;128.9;10.8;2;10.1;0.22;0.51;0.06;0.08
7;50;100;50;0;17.86;3.93;11.57;2.8;2.8;0.158;60.9;17.77;8.97;5.23;0.92;2.87;6.15;187.2;135.7;33.5;5.7;12.3;1.44;0.84;0.22;0.3;0.79;0.77;0.12;39.1;6.31;3.05;1.95;0.31;1.06;5.43;120;100.2;6.9;2.1;10.9;0.38;0.23;0.06;0.1
7;50;100;50;50;17.78;4.34;12.61;3.12;3.06;0.168;59.5;18.21;9.28;5.29;0.89;2.9;6.66;185.2;134.1;32;5.8;13.3;1.43;1.13;0.21;0.3;1.08;1.05;0.125;40.5;8.28;3.94;2.57;0.42;1.44;5.95;126.2;101.2;10.2;2.9;11.9;0.51;0.33;0.09;0.12
7;50;100;50;100;17.71;4.88;13.82;3.4;3.4;0.18;59;18.88;9.79;5.37;0.9;3.05;7.43;184.6;132.7;31;6.1;14.9;1.41;1.45;0.23;0.31;1.4;1.39;0.132;41;10.47;5.1;3.14;0.55;1.82;6.39;128.4;102.1;9.9;3.6;12.8;0.66;0.47;0.11;0.15
7;50;100;100;0;20.11;4.36;12.52;3.04;2.93;0.156;67.7;18.81;9.5;5.45;0.96;3.08;6.55;189;130.6;39.1;6.2;13.1;1.38;1.02;0.23;0.3;0.91;0.91;0.12;32.3;7.55;3.65;2.32;0.38;1.28;5.97;90.1;68.9;6.7;2.6;11.9;0.48;0.23;0.08;0.12
7;50;100;100;50;20.16;5.02;14.66;3.34;3.3;0.168;65.7;19.66;10.03;5.72;0.99;3.15;7.74;187;126.9;38.3;6.3;15.5;1.34;1.39;0.24;0.32;1.32;1.33;0.121;34.3;10.85;5.12;3.41;0.58;1.87;6.92;97.4;70.5;9.3;3.7;13.8;0.74;0.31;0.12;0.16
7;50;100;100;100;20.21;5.56;15.91;3.67;3.7;0.182;64.8;20.37;10.57;5.8;1;3.25;8.4;185.1;124.4;37.4;6.5;16.8;1.3;1.82;0.25;0.32;1.67;1.68;0.127;35.2;13.12;6.37;4.02;0.65;2.31;7.5;100.6;71.5;9.4;4.6;15;0.9;0.44;0.15;0.19
7;100;0;0;0;17.33;2.89;8.02;1.98;1.87;0.155;46.9;12.01;6.11;3.47;0.58;2;4.27;128.3;98.5;17.2;4;8.5;1.23;0.29;0.16;0.19;0.53;0.55;0.109;53.1;4.88;2.34;1.54;0.25;0.89;3.75;145.3;123.3;12.7;1.8;7.5;0.2;0.22;0.06;0.07
7;100;0;0;50;17.05;3.08;8.93;2.01;2.02;0.16;47.3;12.65;6.38;3.67;0.67;2.09;4.79;129.8;99.7;16.3;4.2;9.6;1.27;0.38;0.16;0.2;0.69;0.7;0.119;52.7;5.77;2.79;1.76;0.31;0.99;4.14;144.6;121.8;12.5;2;8.3;0.21;0.35;0.06;0.08
7;100;0;0;100;16.93;3.42;9.73;2.09;2.1;0.161;46.4;13.01;6.53;3.9;0.7;2.14;5.11;130.6;101.1;15.1;4.3;10.2;1.27;0.45;0.16;0.22;0.91;0.91;0.127;53.6;7.11;3.46;2.21;0.36;1.28;4.62;151.3;120.1;19.4;2.6;9.2;0.22;0.51;0.08;0.1
7;100;0;50;0;19.36;3.33;9.46;1.92;1.95;0.153;52.8;12.74;6.37;3.82;0.64;2.1;5;132;96.9;20.9;4.2;10;1.22;0.35;0.16;0.22;0.75;0.74;0.111;47.2;6.6;3.2;2;0.36;1.23;4.46;117.8;94.1;12.3;2.5;8.9;0.35;0.21;0.08;0.1
7;100;0;50;50;19.36;3.77;10.84;2.07;2.08;0.157;52.3;13.26;6.72;3.85;0.68;2.19;5.59;132;96.5;19.9;4.4;11.2;1.22;0.48;0.16;0.22;1.03;1.06;0.117;47.7;8.96;4.28;2.72;0.49;1.58;5.25;120.4;94.4;12.3;3.2;10.5;0.48;0.34;0.09;0.14
7;100;0;50;100;19.22;4.28;12.36;2.29;2.28;0.163;50.9;14.01;7.09;4.11;0.69;2.28;6.52;133;96.7;18.7;4.6;13;1.25;0.63;0.18;0.22;1.4;1.37;0.12;49.1;11.28;5.49;3.46;0.58;1.99;5.84;128.1;94.3;18.2;4;11.7;0.61;0.48;0.12;0.16
7;100;0;100;0;21.17;3.6;10.43;2;2.01;0.151;60.3;13.35;6.63;3.99;0.72;2.22;5.49;134.8;95.1;24.3;4.4;11;1.2;0.41;0.17;0.22;0.85;0.88;0.111;39.7;7.82;3.73;2.41;0.43;1.37;4.93;88.5;63.8;12.1;2.7;9.9;0.46;0.21;0.09;0.12
7;100;0;100;50;21.48;4.28;12.34;2.21;2.21;0.155;59.5;14.29;7.13;4.25;0.72;2.33;6.56;135.5;94;23.7;4.7;13.1;1.2;0.6;0.18;0.24;1.34;1.31;0.116;40.5;11.17;5.45;3.39;0.55;1.95;5.79;92;64.5;12;3.9;11.6;0.67;0.35;0.12;0.16
7;100;0;100;100;21.38;4.92;14.02;2.43;2.4;0.161;57.3;14.9;7.56;4.35;0.72;2.44;7.47;135.3;93.2;22.3;4.9;14.9;1.18;0.79;0.19;0.24;1.63;1.66;0.119;42.7;13.91;6.69;4.33;0.71;2.47;6.54;100.9;65;17.8;4.9;13.1;0.84;0.47;0.16;0.2
7;100;50;0;0;17.22;3.78;10.51;2.73;2.74;0.159;47.7;17.18;8.72;5.03;0.84;2.88;5.56;133;98.9;17.2;5.8;11.1;1.83;0.41;0.22;0.28;0.65;0.61;0.118;52.3;5.02;2.47;1.47;0.26;0.9;4.95;145.8;122.8;11.3;1.8;9.9;0.2;0.28;0.06;0.07
7;100;50;0;50;17.37;3.9;11.35;2.92;2.87;0.162;46.6;17.66;8.87;5.26;0.9;2.81;5.97;133.3;99.3;16.5;5.6;11.9;1.82;0.55;0.21;0.29;0.83;0.82;0.131;53.4;6.18;3.06;1.86;0.34;1.09;5.38;152.7;122.4;17.3;2.2;10.8;0.21;0.44;0.07;0.09
7;100;50;0;100;17.02;4.18;12.08;3.11;3.09;0.17;47.2;18.23;9.29;5.36;0.85;2.96;6.49;135.2;101.1;15.2;5.9;13;1.87;0.71;0.21;0.3;1;1.04;0.144;52.8;7.14;3.48;2.19;0.39;1.22;5.59;151.4;120;17.8;2.4;11.2;0.21;0.65;0.08;0.1
7;100;50;50;0;19.38;4.17;12.09;2.85;2.84;0.157;53.3;18.1;9.1;5.42;0.94;2.97;6.41;136;96.5;20.7;5.9;12.8;1.8;0.51;0.23;0.3;0.81;0.83;0.118;46.7;6.95;3.35;2.15;0.35;1.19;5.69;119.2;94.4;11;2.4;11.4;0.35;0.29;0.08;0.1
7;100;50;50;50;19.52;4.67;13.41;2.98;2.97;0.16;51.5;18.51;9.44;5.34;0.93;3.06;7.05;135.9;95.8;19.9;6.1;14.1;1.74;0.7;0.22;0.31;1.1;1.15;0.125;48.5;9.17;4.38;2.9;0.46;1.62;6.36;127.9;95.1;16.9;3.2;12.7;0.47;0.44;0.1;0.14
7;100;50;50;100;19.51;5.14;14.71;3.38;3.21;0.169;52.7;18.98;9.8;5.41;0.96;3.11;7.7;145.6;95.2;28.8;6.2;15.4;1.73;0.94;0.23;0.31;1.52;1.54;0.131;47.3;11.7;5.68;3.68;0.61;2.03;7;130.6;95.7;16.8;4.1;14;0.62;0.61;0.13;0.17
7;100;50;100;0;21.6;4.42;12.95;2.92;2.95;0.157;60.3;18.8;9.41;5.52;0.96;3.11;6.84;137.8;93.3;24.6;6.2;13.7;1.72;0.7;0.22;0.3;0.94;0.92;0.116;39.7;7.9;3.75;2.47;0.42;1.31;6.1;90.7;65;10.9;2.6;12.2;0.46;0.27;0.08;0.12
7;100;50;100;50;21.56;5.21;14.88;3.28;3.19;0.162;60.1;19.7;9.93;5.81;1;3.18;7.97;150;92.1;35.5;6.4;15.9;1.69;0.93;0.25;0.33;1.43;1.39;0.121;39.9;11.42;5.46;3.55;0.54;2.03;6.91;99.6;65.7;16;4.1;13.8;0.69;0.42;0.12;0.16
7;100;50;100;100;21.84;5.73;16.64;3.43;3.44;0.168;59.3;20.4;10.44;6.03;0.97;3.27;8.78;149.9;90.7;35.2;6.5;17.6;1.66;1.19;0.24;0.34;1.67;1.76;0.127;40.7;13.82;6.65;4.32;0.71;2.46;7.86;103.1;66.6;15.8;4.9;15.7;0.83;0.57;0.16;0.2
7;100;100;0;0;17.49;4.21;12.46;3.35;3.31;0.16;49.2;20.63;10.42;6.01;1.06;3.32;6.53;143.6;97.6;26.3;6.6;13.1;2.13;0.59;0.25;0.34;0.65;0.7;0.128;50.8;5.38;2.52;1.73;0.29;0.89;5.93;148.5;124.5;10.3;1.8;11.9;0.2;0.36;0.05;0.08
7;100;100;0;50;17.02;4.54;12.83;3.61;3.61;0.17;48.5;21.23;10.89;6.09;1.08;3.5;6.77;143.9;98.5;24.9;7;13.5;2.17;0.83;0.27;0.34;0.94;0.88;0.142;51.5;6.16;3.12;1.8;0.34;1.05;6.06;153;123.4;15.3;2.1;12.1;0.21;0.52;0.07;0.09
7;100;100;0;100;16.71;4.61;13.43;3.87;3.8;0.175;48.4;21.76;11.24;6.28;1.06;3.43;7.19;143.5;99;23.3;6.9;14.4;2.16;1.02;0.26;0.37;1.15;1.15;0.16;51.6;7.15;3.54;2.15;0.33;1.18;6.24;153.3;122.8;15.6;2.4;12.5;0.22;0.76;0.07;0.1
7;100;100;50;0;19.56;4.79;13.65;3.69;3.5;0.161;54.6;21.78;11.15;6.26;1.09;3.57;7.12;147.3;93.8;32.1;7.1;14.2;2.07;0.81;0.28;0.34;0.86;0.89;0.125;45.4;7.07;3.37;2.21;0.36;1.22;6.53;122.3;96.9;9.8;2.4;13.1;0.36;0.34;0.08;0.11
7;100;100;50;50;19.61;5.09;15.03;3.82;3.76;0.169;53.2;22.28;11.32;6.47;1.13;3.51;8;147.2;93.1;31.1;7;16;2.02;1.12;0.25;0.37;1.15;1.21;0.13;46.8;9.21;4.44;2.88;0.46;1.58;7.03;129.6;97.6;14.7;3.2;14.1;0.49;0.49;0.1;0.14
7;100;100;50;100;19.46;5.63;16.11;4.08;4.02;0.178;52.8;22.5;11.72;6.37;1.08;3.58;8.46;146.8;93.7;29.1;7.2;16.9;2.04;1.35;0.27;0.35;1.67;1.65;0.14;47.2;11.71;5.84;3.47;0.63;2.05;7.65;131.5;97.1;14.9;4.1;15.3;0.63;0.72;0.12;0.17
7;100;100;100;0;21.9;5.12;14.76;3.72;3.63;0.159;61.9;22.92;11.54;6.73;1.15;3.68;7.86;151.9;90.1;38.7;7.4;15.7;1.96;1.01;0.27;0.38;1.04;1;0.122;38.1;8.11;3.92;2.5;0.44;1.43;6.9;93.3;67;9.6;2.9;13.8;0.46;0.33;0.08;0.12
7;100;100;100;50;21.91;5.85;16.9;3.91;3.96;0.169;59.7;23.48;11.89;6.81;1.22;3.77;8.92;151.2;88.7;37.1;7.5;17.8;1.94;1.33;0.29;0.39;1.48;1.48;0.126;40.3;11.68;5.7;3.59;0.66;2.08;7.99;102;67.9;14;4.2;16;0.71;0.47;0.13;0.17
7;100;100;100;100;21.94;6.32;18.05;4.36;4.3;0.18;59.1;23.93;12.46;6.79;1.12;3.89;9.56;150.5;87.9;35.7;7.8;19.1;1.92;1.71;0.29;0.39;1.83;1.9;0.133;40.9;14.15;6.93;4.29;0.74;2.42;8.49;104.1;68.4;13.9;4.8;17;0.86;0.68;0.15;0.2
8;0;0;0;0;13.91;1.89;5.35;1.03;1.07;0.143;61.9;7.38;3.67;2.19;0.36;1.26;2.81;220;192.5;19.3;2.5;5.6;0.52;0.33;0.09;0.12;0.38;0.4;0.105;38.1;3.54;1.65;1.11;0.18;0.63;2.54;135.6;123.8;5.4;1.3;5.1;0.21;0.09;0.04;0.06
8;0;0;0;50;13.42;1.97;5.56;1.21;1.16;0.153;61.6;7.61;3.82;2.21;0.39;1.26;2.89;218.6;192.4;17.9;2.5;5.8;0.53;0.42;0.09;0.12;0.45;0.45;0.11;38.4;3.89;1.9;1.19;0.2;0.71;2.67;136.2;123.9;5.5;1.4;5.3;0.21;0.14;0.04;0.06
8;0;0;0;100;12.9;2.11;5.92;1.38;1.29;0.156;61;8.25;4.25;2.4;0.38;1.38;3.18;218;191.8;17.1;2.8;6.4;0.53;0.52;0.11;0.13;0.48;0.49;0.114;39;4.17;1.96;1.27;0.22;0.73;2.74;139;124.3;7.8;1.5;5.5;0.22;0.17;0.04;0.06
8;0;0;50;0;15.96;2.28;6.64;1.13;1.16;0.142;67.2;8.16;4.04;2.5;0.41;1.36;3.53;221.5;189.1;22.7;2.7;7.1;0.53;0.39;0.1;0.14;0.57;0.57;0.11;32.8;5.12;2.45;1.55;0.3;0.92;3.11;107.8;94.5;5.3;1.8;6.2;0.35;0.09;0.05;0.08
8;0;0;50;50;15.78;2.71;7.65;1.27;1.3;0.15;66.5;8.62;4.33;2.57;0.42;1.45;4.11;219.3;186.5;21.8;2.9;8.2;0.52;0.52;0.11;0.14;0.76;0.78;0.111;33.5;6.89;3.3;2.14;0.37;1.26;3.54;110.3;95.6;5.1;2.5;7.1;0.48;0.12;0.07;0.1
8;0;0;50;100;15.94;3.2;9.07;1.5;1.49;0.159;65.2;9.36;4.74;2.67;0.53;1.54;4.87;217.6;183.7;21.1;3.1;9.7;0.51;0.71;0.11;0.15;0.99;1.04;0.114;34.8;9.1;4.31;2.84;0.47;1.66;4.2;116.2;96.8;7.7;3.3;8.4;0.64;0.18;0.1;0.13
8;0;0;100;0;18.01;2.6;7.45;1.24;1.24;0.139;73.8;8.86;4.34;2.71;0.45;1.51;3.89;221.9;184.7;26.4;3;7.8;0.52;0.45;0.11;0.16;0.71;0.69;0.11;26.2;6.22;2.99;1.94;0.32;1.09;3.56;78.9;64.3;5.2;2.2;7.1;0.45;0.09;0.07;0.09
8;0;0;100;50;18.32;3.21;9.4;1.43;1.44;0.147;72.5;9.79;4.86;2.93;0.5;1.61;5.05;219.1;180;25.8;3.2;10.1;0.49;0.65;0.12;0.17;1.03;1.04;0.112;27.5;9.19;4.33;2.87;0.52;1.59;4.36;82.7;65.7;5.1;3.2;8.7;0.68;0.13;0.1;0.13
8;0;0;100;100;18.26;3.78;10.79;1.63;1.64;0.157;71.2;10.44;5.32;3.01;0.53;1.74;5.75;217.5;177.6;24.9;3.5;11.5;0.48;0.85;0.13;0.17;1.28;1.32;0.114;28.8;11.52;5.45;3.62;0.59;2.04;5.05;88;66.4;7.4;4.1;10.1;0.85;0.17;0.13;0.17
8;0;50;0;0;13.74;2.04;5.84;1.23;1.27;0.145;61.3;8.68;4.29;2.6;0.43;1.46;3.15;217.1;188.1;19.7;2.9;6.3;0.53;0.47;0.11;0.15;0.39;0.39;0.109;38.7;3.39;1.59;1.06;0.19;0.58;2.69;137.2;126.4;4.3;1.2;5.4;0.21;0.1;0.03;0.05
8;0;50;0;50;13.28;2.16;6.23;1.41;1.41;0.154;60.9;9.12;4.55;2.73;0.46;1.5;3.33;215.6;187.2;18.7;3;6.7;0.52;0.62;0.11;0.16;0.44;0.45;0.115;39.1;3.78;1.85;1.12;0.23;0.66;2.9;138.4;127;4.3;1.3;5.8;0.22;0.14;0.04;0.06
8;0;50;0;100;12.9;2.28;6.63;1.67;1.64;0.17;60.2;9.65;4.93;2.79;0.47;1.53;3.58;214;186.2;17.6;3.1;7.2;0.53;0.83;0.12;0.16;0.53;0.55;0.127;39.8;4.25;2.06;1.3;0.23;0.75;3.04;141.6;127.6;6.5;1.5;6.1;0.23;0.22;0.05;0.06
8;0;50;50;0;16.13;2.58;7.32;1.39;1.4;0.142;66.2;9.83;4.84;2.96;0.51;1.67;3.83;216.5;181.7;23.8;3.3;7.7;0.51;0.6;0.13;0.17;0.58;0.59;0.113;33.8;5.12;2.42;1.61;0.27;0.91;3.48;110.6;97.7;4.2;1.8;7;0.36;0.1;0.06;0.08
8;0;50;50;50;16.06;2.98;8.65;1.59;1.62;0.152;65.4;10.63;5.24;3.26;0.53;1.74;4.63;214.9;179.4;22.7;3.5;9.3;0.52;0.79;0.14;0.17;0.8;0.81;0.115;34.6;6.98;3.37;2.12;0.38;1.24;4.02;113.3;98.7;4.1;2.5;8;0.5;0.13;0.08;0.1
8;0;50;50;100;15.95;3.37;9.96;1.93;1.92;0.169;65.3;11.34;5.79;3.25;0.59;1.81;5.33;223.5;176.5;32.7;3.6;10.7;0.52;1.06;0.15;0.19;1.05;1.1;0.119;34.7;9.16;4.32;2.92;0.48;1.57;4.62;118.6;100;6.2;3.1;9.2;0.66;0.21;0.1;0.14
8;0;50;100;0;18.19;2.91;8.64;1.57;1.61;0.145;72.7;11.05;5.47;3.33;0.57;1.79;4.58;216.7;176.8;27.1;3.6;9.2;0.51;0.77;0.14;0.19;0.68;0.73;0.113;27.3;6.36;3.06;1.96;0.33;1.12;4.06;81;66.7;4;2.2;8.1;0.47;0.09;0.07;0.1
8;0;50;100;50;18.9;3.69;10.51;1.83;1.89;0.156;72.6;12.15;6.08;3.59;0.63;2.05;5.58;227;170.7;41;4.1;11.2;0.47;1.06;0.16;0.2;1.05;1.05;0.114;27.4;9.18;4.4;2.89;0.5;1.64;4.93;85.5;68.5;3.9;3.3;9.9;0.69;0.13;0.1;0.13
8;0;50;100;100;18.5;4.07;11.86;2.17;2.15;0.167;70.9;12.84;6.46;3.78;0.65;2;6.17;222.1;166.3;39.4;4;12.3;0.45;1.33;0.15;0.21;1.34;1.36;0.117;29.1;11.57;5.51;3.6;0.57;2.07;5.69;90.8;69.7;5.5;4.1;11.4;0.88;0.19;0.12;0.17
8;0;100;0;0;13.53;2.27;6.45;1.51;1.49;0.147;61.3;10.12;5.03;2.96;0.5;1.67;3.44;222.5;181.9;30.3;3.3;6.9;0.52;0.67;0.13;0.17;0.41;0.39;0.111;38.7;3.33;1.62;1.03;0.18;0.6;3.01;140.4;130.1;3.1;1.2;6;0.22;0.09;0.04;0.05
8;0;100;0;50;13.22;2.32;6.8;1.76;1.8;0.169;60.9;10.65;5.41;3.03;0.54;1.71;3.63;220.4;180.9;28.8;3.4;7.3;0.52;0.98;0.13;0.17;0.5;0.47;0.121;39.1;3.73;1.79;1.18;0.2;0.62;3.17;141.6;130.6;3.4;1.2;6.3;0.22;0.16;0.04;0.05
8;0;100;0;100;12.91;2.62;7.13;1.96;2.04;0.181;60.4;11.31;5.84;3.3;0.51;1.9;3.83;219.3;180.3;27.6;3.8;7.7;0.54;1.17;0.14;0.19;0.54;0.54;0.131;39.6;3.99;1.98;1.19;0.23;0.72;3.29;143.9;131;4.9;1.4;6.6;0.23;0.21;0.05;0.05
8;0;100;50;0;16.28;2.9;8.34;1.79;1.8;0.15;66.2;11.93;5.94;3.6;0.6;1.97;4.36;223.8;174.3;36.8;3.9;8.7;0.52;0.93;0.16;0.19;0.57;0.6;0.113;33.8;5.18;2.44;1.63;0.25;0.93;3.98;113.9;101;3.1;1.9;8;0.38;0.09;0.06;0.07
8;0;100;50;50;15.99;3.28;9.31;2.1;2.09;0.168;65.4;12.43;6.37;3.59;0.6;2.07;4.98;220.4;171.1;35.2;4.1;10;0.5;1.24;0.15;0.2;0.84;0.83;0.117;34.6;6.99;3.31;2.25;0.38;1.21;4.33;116.4;102.4;2.9;2.4;8.7;0.52;0.14;0.08;0.1
8;0;100;50;100;15.91;3.65;10.52;2.44;2.44;0.187;64.2;13.06;6.78;3.75;0.66;2.06;5.6;217.7;168.4;34;4.1;11.2;0.5;1.57;0.16;0.22;1.11;1.1;0.12;35.8;9.08;4.32;2.76;0.49;1.59;4.92;121;103.6;4.4;3.2;9.8;0.68;0.19;0.1;0.13
8;0;100;100;0;18.61;3.42;9.63;2.01;2.01;0.148;72.8;13.54;6.71;4.08;0.72;2.26;5.12;225;167.4;42.9;4.5;10.2;0.48;1.12;0.18;0.23;0.75;0.73;0.113;27.2;6.39;3.09;1.98;0.32;1.16;4.51;83.8;69.4;3;2.3;9;0.48;0.09;0.07;0.09
8;0;100;100;50;18.86;4.03;11.7;2.42;2.44;0.167;71.3;14.56;7.37;4.26;0.73;2.39;6.12;220.4;161.4;42;4.8;12.2;0.49;1.53;0.18;0.23;1.13;1.13;0.117;28.7;9.59;4.62;2.94;0.55;1.64;5.58;88.5;71.2;2.8;3.3;11.2;0.74;0.14;0.11;0.15
8;0;100;100;100;18.94;4.47;13;2.82;2.86;0.187;70;15.25;7.92;4.35;0.74;2.42;6.92;217.2;157.7;40.8;4.8;13.8;0.46;1.97;0.18;0.24;1.41;1.4;0.118;30;11.77;5.6;3.77;0.62;2.05;6.08;92.8;72.3;4.3;4.1;12.2;0.91;0.18;0.13;0.18
8;50;0;0;0;15.54;2.45;6.76;1.67;1.64;0.156;56.5;10.47;5.33;3.03;0.54;1.75;3.65;177.7;147.9;18.9;3.5;7.3;1.01;0.32;0.14;0.18;0.41;0.43;0.106;43.5;3.85;1.82;1.16;0.21;0.7;3.11;136.9;121;8.3;1.4;6.2;0.19;0.14;0.04;0.06
8;50;0;0;50;15.29;2.46;7.31;1.64;1.69;0.161;56.3;10.48;5.22;3.08;0.54;1.66;3.86;177.5;148.9;17.6;3.3;7.7;0.98;0.41;0.13;0.18;0.53;0.54;0.112;43.7;4.68;2.16;1.48;0.25;0.8;3.45;137.4;120.3;8.7;1.6;6.9;0.21;0.21;0.05;0.07
8;50;0;0;100;14.93;2.71;7.72;1.83;1.8;0.163;55.4;11.05;5.56;3.23;0.53;1.74;4.08;177.1;148.7;16.8;3.5;8.2;0.99;0.5;0.14;0.18;0.69;0.67;0.123;44.6;5.33;2.66;1.57;0.26;0.97;3.63;142.3;120.4;12.7;1.9;7.3;0.21;0.32;0.06;0.08
8;50;0;50;0;17.6;2.75;7.99;1.68;1.65;0.153;61.9;10.77;5.37;3.19;0.55;1.72;4.31;179.3;145;22.3;3.4;8.6;0.95;0.37;0.14;0.18;0.61;0.63;0.109;38.1;5.65;2.7;1.76;0.29;1.04;3.68;110.2;92.5;8.3;2.1;7.4;0.35;0.14;0.06;0.08
8;50;0;50;50;17.6;3.24;9.03;1.81;1.79;0.158;61.1;11.3;5.68;3.25;0.58;1.9;4.69;177.9;143.2;21.5;3.8;9.4;0.94;0.52;0.15;0.18;0.89;0.87;0.113;38.9;7.65;3.62;2.38;0.4;1.34;4.34;113.1;93.6;8.2;2.7;8.7;0.48;0.2;0.08;0.11
8;50;0;50;100;17.52;3.67;10.73;1.94;1.98;0.165;60;12.05;6.03;3.59;0.58;1.93;5.77;179;143.3;20.4;3.9;11.5;0.96;0.68;0.15;0.2;1.2;1.19;0.118;40;10.01;4.68;3.14;0.56;1.74;4.96;119.2;93.6;12.3;3.5;9.9;0.62;0.31;0.11;0.14
8;50;0;100;0;19.48;3.09;8.89;1.76;1.73;0.15;68.9;11.54;5.79;3.41;0.55;1.87;4.68;181.4;142.5;25.7;3.7;9.4;0.96;0.44;0.15;0.19;0.73;0.76;0.11;31.1;6.77;3.21;2.13;0.33;1.22;4.21;81.7;62.7;8.1;2.4;8.4;0.44;0.14;0.08;0.1
8;50;0;100;50;19.66;3.82;10.97;1.94;1.95;0.155;67.8;12.57;6.33;3.75;0.61;2.05;5.88;180;139;25.2;4.1;11.8;0.93;0.64;0.16;0.22;1.09;1.12;0.113;32.2;9.88;4.73;3.06;0.52;1.77;5.09;85.4;64.1;7.6;3.5;10.2;0.67;0.19;0.11;0.15
8;50;0;100;100;19.9;4.37;12.45;2.08;2.15;0.162;65.8;13.24;6.7;3.92;0.64;2.18;6.54;179;137;24.6;4.4;13.1;0.89;0.86;0.17;0.22;1.39;1.43;0.117;34.2;12.13;5.81;3.77;0.67;2.19;5.91;92.9;64.9;11.8;4.4;11.8;0.81;0.3;0.13;0.19
8;50;50;0;0;15.55;2.98;8.2;2.12;2.12;0.159;56.3;13.28;6.73;3.86;0.63;2.26;4.44;178.8;146.5;18.9;4.5;8.9;1.28;0.45;0.17;0.22;0.47;0.48;0.115;43.7;4.03;1.95;1.25;0.2;0.72;3.76;138.6;122.1;7.5;1.4;7.5;0.19;0.18;0.05;0.06
8;50;50;0;50;15.09;3.06;8.88;2.31;2.29;0.164;56.3;13.95;7.07;4.12;0.68;2.25;4.85;179.1;147.1;17.8;4.5;9.7;1.3;0.58;0.17;0.24;0.61;0.58;0.121;43.7;4.67;2.33;1.4;0.24;0.81;4.03;138.8;121.6;7.4;1.6;8.1;0.2;0.26;0.05;0.07
8;50;50;0;100;14.75;3.3;9.2;2.53;2.51;0.174;55.4;14.42;7.34;4.19;0.68;2.34;4.93;178;146.4;17.1;4.7;9.9;1.3;0.79;0.19;0.24;0.74;0.73;0.137;44.6;5.28;2.65;1.6;0.27;0.96;4.27;143.4;122.2;10.7;1.9;8.5;0.21;0.38;0.06;0.08
8;50;50;50;0;17.68;3.4;9.66;2.27;2.25;0.156;61.5;14.39;7.24;4.26;0.72;2.38;5.13;179.9;142.2;22.7;4.8;10.3;1.26;0.56;0.18;0.24;0.66;0.66;0.114;38.5;5.71;2.8;1.68;0.3;1.02;4.54;112.3;94.2;7;2;9.1;0.35;0.17;0.06;0.09
8;50;50;50;50;17.71;3.81;10.93;2.45;2.42;0.161;60.7;15;7.6;4.32;0.72;2.41;5.78;178.5;140.2;22;4.8;11.6;1.22;0.76;0.18;0.24;0.95;0.94;0.118;39.3;7.91;3.83;2.38;0.39;1.4;5.14;115.6;95.4;7.1;2.8;10.3;0.49;0.25;0.09;0.12
8;50;50;50;100;17.54;4.34;12.4;2.7;2.74;0.172;60.8;15.89;8.16;4.61;0.78;2.6;6.64;188.6;138.7;31.4;5.2;13.3;1.24;1.04;0.2;0.27;1.25;1.27;0.125;39.2;10.1;4.89;3.02;0.53;1.74;5.76;121.7;96.2;10.4;3.5;11.5;0.64;0.37;0.11;0.14
8;50;50;100;0;19.99;3.77;10.7;2.34;2.4;0.156;68.2;15.38;7.62;4.59;0.78;2.53;5.67;180.6;137.6;26.6;5.1;11.3;1.2;0.75;0.19;0.27;0.75;0.8;0.114;31.8;6.86;3.27;2.12;0.36;1.24;5.03;84.2;64.7;7;2.5;10.1;0.45;0.17;0.08;0.11
8;50;50;100;50;20.19;4.44;12.71;2.71;2.7;0.163;68.4;16.55;8.41;4.84;0.8;2.72;6.72;191.8;133.6;39.3;5.4;13.4;1.19;1.02;0.21;0.28;1.18;1.16;0.116;31.6;9.91;4.76;3.05;0.51;1.71;5.99;88.4;66.2;6.7;3.4;12;0.68;0.23;0.11;0.14
8;50;50;100;100;20.24;4.97;14.1;3.06;2.95;0.171;66.9;17.24;8.93;4.97;0.87;2.83;7.52;190.6;131.9;38;5.7;15;1.18;1.28;0.21;0.28;1.54;1.5;0.121;33.1;12.26;5.82;3.8;0.66;2.14;6.59;94.4;66.9;10;4.3;13.2;0.84;0.35;0.13;0.17
8;50;100;0;0;15.7;3.6;10.06;2.81;2.79;0.162;57.2;17.23;8.67;5.1;0.83;2.87;5.31;189.1;143.8;28.9;5.7;10.6;1.64;0.65;0.22;0.27;0.55;0.52;0.122;42.8;4.13;1.99;1.29;0.21;0.73;4.75;141.5;124.3;6.3;1.5;9.5;0.2;0.22;0.04;0.06
8;50;100;0;50;15.2;3.62;10.35;3;3.01;0.174;56.3;17.34;8.89;5.03;0.87;2.84;5.45;187.5;143.4;27.5;5.7;10.9;1.6;0.93;0.21;0.28;0.61;0.62;0.132;43.7;4.55;2.19;1.37;0.27;0.79;4.9;145.2;124.6;9.3;1.6;9.8;0.21;0.3;0.05;0.07
8;50;100;0;100;14.92;3.83;10.78;3.29;3.28;0.181;56.2;18.14;9.47;5.12;0.88;2.91;5.86;187;143.4;26.1;5.8;11.7;1.62;1.13;0.23;0.31;0.84;0.82;0.15;43.8;5.4;2.73;1.55;0.28;0.92;4.92;145.8;124.6;9.5;1.8;9.8;0.23;0.45;0.06;0.08
8;50;100;50;0;17.95;4.11;11.59;2.99;2.97;0.162;62.1;18.3;9.35;5.26;0.94;3.03;6.17;190.6;137.5;34.7;6.1;12.3;1.54;0.89;0.24;0.31;0.74;0.74;0.12;37.9;6.08;2.96;1.89;0.31;1.07;5.43;116;96.9;6.1;2.1;10.9;0.38;0.21;0.07;0.09
8;50;100;50;50;17.95;4.4;12.69;3.21;3.23;0.173;60.8;18.73;9.52;5.49;0.9;3;6.71;188.9;135.8;33.6;6;13.4;1.52;1.19;0.22;0.31;1;0.99;0.124;39.2;7.89;3.79;2.44;0.38;1.4;5.99;121.6;97.9;8.9;2.8;12;0.5;0.29;0.08;0.12
8;50;100;50;100;17.85;4.75;13.96;3.55;3.61;0.185;60.1;19.52;10.01;5.65;1;3.02;7.49;187.3;133.7;32.6;6;15;1.51;1.53;0.24;0.32;1.27;1.3;0.129;39.9;9.92;4.82;3;0.54;1.73;6.47;124.3;99.2;8.7;3.5;12.9;0.64;0.41;0.1;0.14
8;50;100;100;0;20.25;4.43;12.74;3.19;3.15;0.159;69;19.76;9.99;5.77;1.01;3.23;6.87;193.5;132;41.3;6.5;13.7;1.48;1.08;0.25;0.34;0.82;0.82;0.118;31;6.91;3.26;2.17;0.37;1.2;5.87;86.8;66.9;5.8;2.4;11.7;0.46;0.19;0.07;0.1
8;50;100;100;50;20.51;5.15;14.55;3.36;3.47;0.172;66.9;20.22;10.31;5.86;1.02;3.36;7.66;190.5;128.4;40.1;6.7;15.3;1.44;1.45;0.25;0.33;1.25;1.24;0.12;33.1;10.2;4.9;3.15;0.53;1.78;6.89;94.2;68.3;8.5;3.6;13.8;0.72;0.27;0.1;0.14
8;50;100;100;100;20.51;5.62;15.79;3.93;3.93;0.185;66;21.18;11.06;6;1.07;3.49;8.37;188.1;125.1;39.3;7;16.7;1.41;1.91;0.26;0.34;1.6;1.57;0.125;34;12.47;5.95;3.86;0.66;2.13;7.42;96.8;69.6;8.1;4.3;14.8;0.88;0.38;0.14;0.18
8;100;0;0;0;17.52;2.93;8.19;2.08;2.02;0.161;48.6;12.59;6.45;3.63;0.63;2.13;4.36;132.1;100.6;18.5;4.3;8.7;1.34;0.32;0.16;0.2;0.52;0.52;0.109;51.4;4.62;2.23;1.46;0.23;0.8;3.83;139.7;118.6;11.9;1.6;7.7;0.19;0.2;0.05;0.07
8;100;0;0;50;17.13;3.13;8.77;2.16;2.15;0.165;48.7;13.04;6.65;3.75;0.66;2.15;4.67;132.4;101.5;17.3;4.3;9.3;1.36;0.41;0.17;0.22;0.67;0.67;0.119;51.3;5.55;2.67;1.68;0.31;0.98;4.09;139.4;117.6;11.7;2;8.2;0.2;0.34;0.06;0.07
8;100;0;0;100;16.73;3.28;9.56;2.23;2.22;0.167;47.8;13.33;6.71;3.98;0.62;2.16;5.09;133;102.5;16;4.3;10.2;1.38;0.47;0.16;0.21;0.79;0.83;0.126;52.2;6.5;3.11;2.06;0.33;1.12;4.47;145.1;116.3;17.6;2.2;8.9;0.21;0.46;0.07;0.09
8;100;0;50;0;19.38;3.23;9.32;2.07;2.06;0.158;54.2;13.05;6.54;3.86;0.64;2.11;4.96;134.4;98.4;21.8;4.2;9.9;1.3;0.37;0.16;0.22;0.67;0.7;0.11;45.8;6.23;2.94;1.92;0.34;1.12;4.37;113.4;90.9;11.4;2.2;8.7;0.34;0.19;0.07;0.09
8;100;0;50;50;19.33;3.67;10.84;2.2;2.21;0.162;54;13.61;6.82;4.03;0.67;2.18;5.78;135.3;98.8;20.6;4.4;11.6;1.33;0.5;0.16;0.22;0.99;0.99;0.116;46;8.45;4.05;2.62;0.48;1.49;5.06;115.2;90.6;11.5;3;10.1;0.46;0.33;0.09;0.12
8;100;0;50;100;19.13;4.24;12.18;2.39;2.42;0.167;52.4;14.47;7.32;4.25;0.72;2.37;6.53;135.7;98;19.9;4.7;13.1;1.33;0.67;0.18;0.24;1.31;1.28;0.12;47.6;10.66;5.12;3.32;0.59;1.88;5.65;123.1;91.3;16.7;3.8;11.3;0.59;0.43;0.11;0.15
8;100;0;100;0;21.15;3.54;10.18;2.1;2.14;0.156;61.8;13.74;6.87;4.05;0.68;2.3;5.37;137.3;96.6;25.4;4.6;10.7;1.3;0.44;0.18;0.22;0.8;0.79;0.11;38.2;7.12;3.37;2.28;0.38;1.24;4.81;85;61.8;11.1;2.5;9.6;0.43;0.19;0.07;0.11
8;100;0;100;50;21.43;4.28;12.37;2.31;2.34;0.159;60.7;14.74;7.48;4.25;0.77;2.4;6.46;137.7;95;24.9;4.8;12.9;1.3;0.64;0.17;0.24;1.18;1.21;0.116;39.3;10.34;5.01;3.21;0.58;1.88;5.91;89;62.7;10.7;3.8;11.8;0.64;0.3;0.12;0.15
8;100;0;100;100;21.63;4.72;13.82;2.5;2.56;0.165;58.9;15.51;7.77;4.61;0.76;2.46;7.41;138.5;94.9;23.8;4.9;14.8;1.27;0.83;0.19;0.26;1.55;1.54;0.118;41.1;12.93;6.17;3.93;0.73;2.26;6.41;96.7;62.8;16.6;4.5;12.8;0.78;0.43;0.14;0.19
8;100;50;0;0;17.58;3.76;10.79;2.95;2.92;0.165;49.2;17.72;9.01;5.13;0.91;2.84;5.67;136.3;100.9;18.4;5.7;11.3;1.98;0.43;0.21;0.3;0.56;0.6;0.119;50.8;4.96;2.38;1.56;0.25;0.91;5.13;141;118.3;10.7;1.8;10.3;0.19;0.28;0.06;0.07
8;100;50;0;50;17.22;3.98;11.21;3.06;3.08;0.169;48.3;18.29;9.37;5.23;0.93;3.01;6.03;136.7;101.3;17.3;6;12.1;1.97;0.57;0.23;0.31;0.78;0.75;0.129;51.7;5.72;2.76;1.73;0.28;0.97;5.18;146.1;117.8;16;1.9;10.4;0.2;0.41;0.06;0.08
8;100;50;0;100;17.05;4.21;11.95;3.36;3.3;0.176;48.3;18.77;9.72;5.41;0.94;3.07;6.3;137;101.9;16.3;6.1;12.6;1.99;0.77;0.24;0.3;0.92;0.97;0.143;51.7;6.74;3.25;2.06;0.31;1.14;5.64;146.8;117;16.2;2.3;11.3;0.21;0.59;0.07;0.1
8;100;50;50;0;19.74;4.08;11.89;3.03;2.96;0.162;54.6;18.34;9.32;5.29;0.92;2.9;6.39;138.5;97.7;22.2;5.8;12.8;1.88;0.55;0.22;0.31;0.78;0.78;0.117;45.4;6.56;3.14;2.04;0.36;1.19;5.5;115.3;91.5;10.4;2.4;11;0.34;0.27;0.08;0.09
8;100;50;50;50;19.77;4.56;13.41;3.17;3.16;0.166;53.1;19.08;9.75;5.57;0.92;3.03;7.17;139;97.5;21.2;6.1;14.3;1.88;0.74;0.23;0.31;1.07;1.08;0.124;46.9;8.67;4.17;2.68;0.49;1.54;6.24;123;91.8;15.6;3.1;12.5;0.45;0.41;0.09;0.12
8;100;50;50;100;19.47;5.13;14.7;3.42;3.42;0.174;54.3;19.59;10.11;5.62;0.98;3.18;7.84;148.8;96.9;29.9;6.4;15.7;1.87;0.99;0.24;0.32;1.39;1.44;0.129;45.7;11.08;5.41;3.34;0.57;1.95;6.86;125.4;92.3;15.5;3.9;13.7;0.61;0.56;0.12;0.15
8;100;50;100;0;21.7;4.49;12.93;3.13;3.12;0.162;61.7;19.29;9.71;5.64;0.96;3.15;6.92;141;95.1;25.7;6.3;13.8;1.84;0.72;0.24;0.32;0.85;0.9;0.116;38.3;7.64;3.67;2.38;0.38;1.34;6.01;87.5;62.6;10.2;2.7;12;0.44;0.25;0.08;0.12
8;100;50;100;50;21.81;5.28;14.78;3.4;3.37;0.167;61.5;20.18;10.33;5.89;0.98;3.33;7.85;153.6;93.5;37.7;6.7;15.7;1.81;0.97;0.26;0.33;1.29;1.3;0.121;38.5;10.68;5.13;3.32;0.54;1.94;6.94;96.1;63.6;14.7;3.9;13.9;0.65;0.38;0.12;0.15
8;100;50;100;100;21.67;5.72;16.23;3.66;3.62;0.173;60.7;20.9;10.61;6.08;1.11;3.34;8.66;152.5;92.4;36.1;6.7;17.3;1.79;1.23;0.26;0.35;1.69;1.7;0.126;39.3;13.41;6.5;4.07;0.7;2.38;7.57;98.8;64.2;14.6;4.8;15.1;0.82;0.54;0.15;0.2
8;100;100;0;0;17.41;4.28;12.54;3.5;3.55;0.166;51;21.34;10.79;6.26;1.07;3.39;6.79;147.9;99.9;27.7;6.8;13.6;2.31;0.62;0.26;0.35;0.63;0.67;0.127;49;5.15;2.42;1.63;0.27;0.89;5.76;142.2;119.4;9.5;1.8;11.5;0.2;0.34;0.05;0.08
8;100;100;0;50;17.14;4.49;12.87;3.81;3.81;0.175;49.8;21.69;11.12;6.19;1.12;3.45;6.79;146.7;99.9;26.3;6.9;13.6;2.31;0.89;0.26;0.35;0.79;0.83;0.14;50.2;5.88;2.89;1.76;0.3;1.04;6.08;147.9;119.5;14.2;2.1;12.2;0.21;0.48;0.06;0.09
8;100;100;0;100;16.94;4.69;13.24;4.14;4.04;0.181;49.7;22.34;11.63;6.29;1.1;3.61;7.1;146.5;99.9;25.2;7.2;14.2;2.31;1.09;0.27;0.37;1.01;1.04;0.159;50.3;6.48;3.25;1.92;0.34;1.08;6.14;148.3;119.4;14.4;2.2;12.3;0.21;0.68;0.06;0.09
8;100;100;50;0;19.65;4.92;13.7;3.76;3.75;0.166;56;22.55;11.56;6.53;1.13;3.74;7.25;150.7;95;33.7;7.5;14.5;2.21;0.86;0.29;0.37;0.83;0.82;0.124;44;6.56;3.2;2.06;0.33;1.18;6.45;118.2;94;9;2.4;12.9;0.34;0.31;0.07;0.1
8;100;100;50;50;19.55;5.21;14.79;3.88;3.97;0.174;54.7;22.78;11.68;6.45;1.19;3.68;7.85;150.2;94.9;32.2;7.4;15.7;2.2;1.13;0.27;0.37;1.14;1.15;0.13;45.3;8.76;4.26;2.63;0.43;1.53;6.93;124.5;94;13.5;3.1;13.9;0.47;0.45;0.1;0.13
8;100;100;50;100;19.56;5.71;15.94;4.47;4.29;0.184;54;23.32;12.39;6.48;1.14;3.71;8.52;149.4;93.9;31;7.4;17;2.16;1.47;0.28;0.38;1.56;1.55;0.138;46;11.11;5.58;3.27;0.56;2;7.43;127.4;94.9;13.6;4;14.9;0.62;0.65;0.13;0.15
8;100;100;100;0;21.8;5.22;14.73;4.02;3.87;0.164;63.3;23.68;12.19;6.72;1.18;3.84;7.9;154.7;91.2;40;7.7;15.8;2.13;1.05;0.3;0.39;0.9;0.94;0.122;36.7;7.68;3.73;2.35;0.4;1.38;6.83;89.8;64.9;8.5;2.8;13.7;0.45;0.3;0.09;0.1
8;100;100;100;50;22.12;5.86;16.57;4.18;4.2;0.173;61.3;24.23;12.4;6.97;1.21;3.95;8.95;154.7;89.9;39;7.9;17.9;2.07;1.43;0.31;0.4;1.34;1.39;0.125;38.7;10.98;5.24;3.4;0.56;1.9;7.62;97.6;65.7;12.8;3.8;15.2;0.68;0.42;0.12;0.16
8;100;100;100;100;22.1;6.28;17.95;4.6;4.58;0.184;60.4;24.85;12.84;7.19;1.2;3.96;9.64;153.3;88.7;37.4;7.9;19.3;2.05;1.82;0.3;0.41;1.8;1.78;0.132;39.6;13.39;6.51;4.07;0.69;2.32;8.31;100.5;66.4;12.8;4.6;16.6;0.84;0.62;0.15;0.18
9;0;0;0;0;13.97;1.89;5.3;1.1;1.16;0.148;63.4;7.75;3.8;2.33;0.37;1.32;2.82;224.7;196;20.4;2.6;5.6;0.57;0.34;0.11;0.13;0.32;0.34;0.096;36.6;3.19;1.48;0.99;0.18;0.56;2.48;129.8;119.2;4.5;1.1;5;0.18;0.07;0.03;0.05
9;0;0;0;50;13.47;1.95;5.54;1.23;1.25;0.156;63.3;8.01;4;2.4;0.4;1.35;3.01;224.1;196.2;19.2;2.7;6;0.56;0.45;0.1;0.14;0.41;0.38;0.101;36.7;3.49;1.66;1.09;0.18;0.61;2.54;130;119.1;4.6;1.2;5.1;0.18;0.11;0.04;0.05
9;0;0;0;100;13.05;2.04;6.09;1.36;1.35;0.159;62.5;8.45;4.25;2.5;0.44;1.31;3.28;222.7;195.5;18;2.6;6.6;0.57;0.54;0.1;0.14;0.48;0.46;0.107;37.5;4.06;1.94;1.27;0.2;0.73;2.81;133.4;119.5;6.8;1.5;5.6;0.2;0.15;0.05;0.06
9;0;0;50;0;15.95;2.24;6.52;1.24;1.22;0.144;68.6;8.4;4.14;2.56;0.43;1.34;3.5;225.6;192.2;23.7;2.7;7;0.56;0.41;0.1;0.14;0.52;0.5;0.101;31.4;4.77;2.35;1.45;0.25;0.9;3.02;103.1;90.9;4.3;1.8;6;0.3;0.07;0.05;0.07
9;0;0;50;50;15.81;2.6;7.62;1.32;1.36;0.153;67.8;8.9;4.45;2.67;0.46;1.48;4.05;223.3;189.4;22.8;3;8.1;0.55;0.55;0.11;0.15;0.69;0.68;0.103;32.2;6.48;3;2.03;0.4;1.12;3.57;105.7;92.1;4.2;2.2;7.1;0.43;0.1;0.06;0.09
9;0;0;50;100;15.91;3.08;8.97;1.59;1.56;0.162;66.5;9.64;4.89;2.81;0.49;1.51;4.76;221.4;186.9;22;3;9.5;0.55;0.73;0.12;0.17;0.99;0.93;0.107;33.5;8.63;4.14;2.65;0.46;1.56;4.2;111.3;93.1;6.7;3.1;8.4;0.55;0.15;0.1;0.12
9;0;0;100;0;18.13;2.56;7.44;1.3;1.3;0.142;75.1;9.12;4.55;2.76;0.46;1.54;3.92;227.3;188.9;27.5;3.1;7.8;0.55;0.47;0.12;0.15;0.63;0.6;0.102;24.9;5.76;2.69;1.86;0.3;1.02;3.52;75.2;61.7;4.4;2;7;0.38;0.07;0.07;0.08
9;0;0;100;50;18.21;3.24;9.19;1.52;1.52;0.15;73.9;10.11;5.01;3.03;0.52;1.71;4.91;223.9;184;26.7;3.4;9.8;0.55;0.67;0.13;0.17;0.94;0.92;0.104;26.1;8.68;4.15;2.66;0.44;1.53;4.29;78.9;63;4.2;3.1;8.6;0.59;0.1;0.1;0.12
9;0;0;100;100;18.67;3.68;10.93;1.78;1.81;0.159;72.1;11.36;5.68;3.4;0.57;1.81;5.77;220.1;178.5;26.5;3.6;11.5;0.52;0.95;0.14;0.2;1.16;1.14;0.106;27.9;10.74;5.05;3.32;0.6;1.86;5.16;85.1;64.5;6.5;3.7;10.3;0.72;0.14;0.11;0.17
9;0;50;0;0;13.73;2.03;5.92;1.28;1.33;0.148;62.6;8.95;4.37;2.76;0.47;1.46;3.17;221.3;191.5;20.5;2.9;6.3;0.57;0.49;0.11;0.15;0.36;0.34;0.1;37.4;3.14;1.52;0.96;0.18;0.56;2.76;131.8;121.7;3.5;1.1;5.5;0.18;0.08;0.03;0.05
9;0;50;0;50;13.29;2.17;6.29;1.52;1.52;0.158;62.4;9.65;4.88;2.83;0.5;1.58;3.38;220.2;190.7;19.6;3.2;6.8;0.59;0.65;0.12;0.16;0.41;0.39;0.106;37.6;3.43;1.64;1.05;0.18;0.59;2.9;132.6;122.1;3.5;1.2;5.8;0.19;0.12;0.03;0.05
9;0;50;0;100;12.97;2.29;6.73;1.72;1.74;0.172;61.7;10.08;5.21;2.88;0.52;1.63;3.7;218.6;189.2;18.6;3.3;7.4;0.56;0.89;0.12;0.17;0.51;0.48;0.116;38.3;3.95;1.94;1.2;0.21;0.67;3.02;135.5;122.9;5.2;1.3;6;0.2;0.18;0.04;0.06
9;0;50;50;0;16.09;2.56;7.34;1.47;1.47;0.145;67.5;10.14;5.01;3;0.54;1.64;3.85;220.7;185.1;24.6;3.3;7.7;0.56;0.61;0.13;0.17;0.48;0.52;0.104;32.5;4.86;2.32;1.52;0.27;0.92;3.49;106;93.9;3.3;1.8;7;0.32;0.07;0.06;0.08
9;0;50;50;50;15.9;2.91;8.53;1.75;1.67;0.154;66.8;10.8;5.44;3.22;0.56;1.73;4.54;218.6;182.5;23.6;3.5;9.1;0.55;0.8;0.13;0.19;0.7;0.71;0.107;33.2;6.6;3.09;2.07;0.38;1.18;3.99;108.5;94.9;3.3;2.4;8;0.43;0.11;0.07;0.1
9;0;50;50;100;16.01;3.4;9.78;2.04;2;0.171;66.7;11.64;5.98;3.4;0.54;1.85;5.24;227.3;178.9;34.2;3.7;10.5;0.56;1.11;0.15;0.18;0.95;0.97;0.11;33.3;8.71;4.03;2.79;0.47;1.55;4.53;113.4;96.4;4.9;3.1;9.1;0.58;0.17;0.09;0.13
9;0;50;100;0;18.49;2.95;8.41;1.7;1.67;0.147;74;11.3;5.68;3.37;0.56;1.91;4.46;221.1;179.8;28.5;3.8;8.9;0.53;0.81;0.15;0.19;0.65;0.63;0.104;26;5.9;2.8;1.84;0.33;1.04;3.96;77.6;64.2;3.4;2.1;7.9;0.4;0.08;0.06;0.09
9;0;50;100;50;18.76;3.68;10.5;2.05;2.01;0.158;73.8;12.71;6.55;3.62;0.68;2.12;5.67;231.3;173.5;42.2;4.2;11.3;0.53;1.11;0.16;0.21;0.92;0.93;0.105;26.2;8.71;4.09;2.75;0.46;1.56;4.83;81.8;65.9;3.2;3.1;9.7;0.61;0.1;0.09;0.13
9;0;50;100;100;18.69;4.03;11.84;2.39;2.3;0.17;72.4;13.54;6.89;3.94;0.7;2.11;6.36;227.2;168.9;41.3;4.2;12.7;0.51;1.4;0.16;0.22;1.19;1.18;0.108;27.6;10.83;5.11;3.32;0.57;1.92;5.48;86.4;67.2;4.5;3.8;11;0.76;0.15;0.12;0.15
9;0;100;0;0;13.75;2.33;6.71;1.6;1.61;0.15;62.8;10.7;5.32;3.17;0.56;1.76;3.63;227.7;185.1;31.8;3.5;7.3;0.57;0.72;0.14;0.18;0.32;0.35;0.102;37.2;3.17;1.47;1.02;0.15;0.57;3.08;134.9;125.2;2.5;1.1;6.2;0.19;0.07;0.03;0.05
9;0;100;0;50;13.51;2.46;7.07;2.02;1.99;0.172;62.1;11.56;6;3.33;0.56;1.88;3.75;224.3;182.2;30.8;3.8;7.5;0.57;1.07;0.15;0.2;0.38;0.4;0.11;37.9;3.34;1.6;1.03;0.21;0.58;3.31;137;126.8;2.4;1.2;6.6;0.19;0.12;0.03;0.05
9;0;100;0;100;12.94;2.49;7.23;2.19;2.15;0.183;61.6;11.75;6.09;3.41;0.58;1.86;3.89;222.4;182;28.9;3.7;7.8;0.56;1.24;0.15;0.2;0.48;0.46;0.12;38.4;3.69;1.8;1.12;0.23;0.63;3.34;138.7;126.9;3.8;1.3;6.7;0.2;0.17;0.04;0.05
9;0;100;50;0;16.26;2.79;8.25;1.89;1.86;0.153;67.9;12.11;6.08;3.57;0.63;1.93;4.5;229.3;178.8;37.7;3.9;9;0.56;0.94;0.16;0.2;0.53;0.52;0.104;32.1;4.85;2.28;1.52;0.26;0.86;3.76;108.2;96.5;2.5;1.7;7.5;0.32;0.08;0.05;0.07
9;0;100;50;50;16.25;3.23;9.37;2.2;2.21;0.17;66.7;12.96;6.49;3.81;0.67;2.06;5.04;224.6;173.3;37;4.1;10.1;0.53;1.3;0.16;0.21;0.71;0.72;0.108;33.3;6.53;3.06;2.03;0.38;1.17;4.33;112;98.7;2.3;2.3;8.7;0.45;0.1;0.07;0.1
9;0;100;50;100;16.2;3.69;10.56;2.54;2.58;0.189;65.4;13.66;7.2;3.83;0.64;2.21;5.7;221;169.4;35.8;4.4;11.4;0.51;1.67;0.16;0.23;0.97;0.96;0.111;34.6;8.58;4.05;2.68;0.46;1.48;4.86;116.5;100.3;3.6;3;9.7;0.59;0.16;0.09;0.12
9;0;100;100;0;18.91;3.33;9.74;2.1;2.09;0.15;73.9;13.94;6.84;4.18;0.74;2.23;5.17;228.8;169.1;44.9;4.5;10.3;0.51;1.17;0.16;0.24;0.69;0.65;0.104;26.1;6.08;2.9;1.89;0.33;1.09;4.57;80.7;67.1;2.3;2.2;9.1;0.42;0.07;0.06;0.09
9;0;100;100;50;19.21;4.11;11.53;2.58;2.54;0.169;72.5;15.02;7.67;4.34;0.72;2.46;6.18;224.6;163.4;43.9;4.9;12.4;0.51;1.6;0.19;0.25;0.98;0.97;0.107;27.5;8.98;4.31;2.82;0.47;1.66;5.35;85;68.7;2.4;3.3;10.7;0.64;0.11;0.1;0.13
9;0;100;100;100;19.21;4.57;13.06;3.06;3;0.189;70.9;15.88;8.39;4.49;0.79;2.53;6.92;219.2;157.6;42.7;5.1;13.8;0.47;2.07;0.19;0.26;1.29;1.23;0.108;29.1;11.26;5.39;3.54;0.61;2.03;6.14;89.9;70.3;3.3;4.1;12.3;0.8;0.14;0.12;0.16
9;50;0;0;0;15.67;2.47;6.9;1.69;1.71;0.161;57.9;10.65;5.48;3.11;0.55;1.78;3.73;181.6;150.8;19.8;3.6;7.5;1.06;0.34;0.13;0.18;0.38;0.39;0.099;42.1;3.69;1.75;1.13;0.19;0.68;3.17;131.7;116.5;7.5;1.4;6.3;0.17;0.13;0.04;0.05
9;50;0;0;50;15.3;2.46;7.34;1.81;1.82;0.166;57.9;11;5.49;3.27;0.56;1.66;4;181.4;151.5;18.6;3.3;8;1.06;0.44;0.14;0.19;0.45;0.47;0.105;42.1;4.24;2;1.33;0.22;0.79;3.34;131.9;116;7.7;1.6;6.7;0.18;0.19;0.04;0.06
9;50;0;0;100;14.74;2.72;7.96;1.89;1.93;0.168;57.1;11.48;5.74;3.43;0.56;1.8;4.3;181.2;151.6;17.4;3.6;8.6;1.07;0.52;0.13;0.2;0.56;0.61;0.118;42.9;5.05;2.41;1.57;0.29;0.92;3.65;136.3;115.9;11.3;1.8;7.3;0.19;0.29;0.06;0.07
9;50;0;50;0;17.9;2.9;7.95;1.69;1.77;0.157;63.6;11.26;5.66;3.27;0.59;1.93;4.34;184.1;148;23.6;3.9;8.7;1.03;0.4;0.15;0.19;0.53;0.55;0.103;36.4;5.25;2.46;1.67;0.28;0.96;3.61;105.5;88.8;7.5;1.9;7.2;0.29;0.13;0.05;0.08
9;50;0;50;50;17.68;3.3;9.4;1.9;1.95;0.162;62.8;12.01;6.07;3.55;0.6;1.97;5.06;183;146.5;22.5;3.9;10.1;1.04;0.54;0.16;0.21;0.76;0.78;0.107;37.2;7.19;3.37;2.27;0.41;1.33;4.34;108.4;89.7;7.4;2.7;8.7;0.41;0.18;0.08;0.11
9;50;0;50;100;17.66;3.69;10.66;2.14;2.11;0.169;61.3;12.49;6.37;3.62;0.6;2.01;5.73;181.8;144.8;21.5;4;11.5;1.02;0.71;0.16;0.21;1.11;1.07;0.111;38.7;9.54;4.61;2.92;0.54;1.67;4.93;114.8;90.6;10.9;3.3;9.9;0.55;0.28;0.1;0.14
9;50;0;100;0;19.53;3.16;8.71;1.83;1.83;0.155;70.3;11.83;5.91;3.41;0.62;1.99;4.64;185.3;145.5;26.6;4;9.3;1.03;0.45;0.16;0.2;0.67;0.67;0.103;29.7;6.37;3.05;1.92;0.34;1.17;4.07;78.1;60.3;7.3;2.3;8.1;0.38;0.13;0.07;0.09
9;50;0;100;50;19.9;3.72;10.76;1.97;2.02;0.159;69.1;12.72;6.37;3.7;0.65;2.05;5.81;183.8;141.9;26.2;4.1;11.6;0.97;0.66;0.16;0.22;0.97;0.98;0.105;30.9;9.22;4.37;2.83;0.53;1.67;4.96;82.1;61.6;7.3;3.3;9.9;0.57;0.18;0.1;0.13
9;50;0;100;100;19.8;4.23;12.4;2.29;2.25;0.166;67.4;13.56;6.97;3.96;0.63;2.17;6.65;182.9;140.2;25.1;4.3;13.3;0.98;0.87;0.17;0.23;1.29;1.29;0.109;32.6;11.7;5.57;3.67;0.64;2.06;5.75;88.5;62.2;10.7;4.1;11.5;0.72;0.27;0.13;0.17
9;50;50;0;0;15.59;2.94;8.41;2.28;2.28;0.164;57.7;13.87;7.02;3.98;0.75;2.26;4.52;182.2;148.9;19.7;4.5;9;1.4;0.47;0.18;0.23;0.4;0.44;0.107;42.3;3.89;1.78;1.23;0.24;0.68;3.89;133.7;117.8;6.7;1.4;7.8;0.18;0.16;0.04;0.06
9;50;50;0;50;15.21;3.11;8.83;2.41;2.44;0.169;57.5;14.39;7.43;4.19;0.69;2.36;4.7;181.9;148.9;18.9;4.7;9.4;1.39;0.62;0.19;0.24;0.53;0.51;0.113;42.5;4.29;2.06;1.34;0.2;0.75;4.12;134.1;117.9;6.5;1.5;8.2;0.18;0.23;0.04;0.06
9;50;50;0;100;14.96;3.25;9.36;2.61;2.65;0.178;56.6;14.86;7.66;4.24;0.74;2.4;4.99;181.1;148.2;18.1;4.8;10;1.38;0.85;0.17;0.24;0.59;0.66;0.13;43.4;4.94;2.37;1.54;0.27;0.86;4.37;138.7;118.4;9.8;1.7;8.7;0.19;0.34;0.05;0.07
9;50;50;50;0;17.98;3.39;9.79;2.28;2.37;0.16;62.9;14.86;7.45;4.42;0.72;2.43;5.23;183.8;144.6;23.9;4.9;10.5;1.34;0.59;0.18;0.26;0.58;0.59;0.109;37.1;5.38;2.51;1.67;0.31;0.95;4.56;108.2;90.7;6.5;1.9;9.1;0.3;0.16;0.06;0.08
9;50;50;50;50;17.91;3.86;11.14;2.64;2.59;0.166;62;15.65;8.01;4.54;0.81;2.55;5.96;182.1;142.2;22.9;5.1;11.9;1.33;0.79;0.2;0.27;0.85;0.83;0.111;38;7.45;3.56;2.32;0.42;1.31;5.18;111.3;92;6.3;2.6;10.4;0.42;0.23;0.08;0.11
9;50;50;50;100;17.73;4.29;12.3;2.93;2.88;0.177;62.1;16.3;8.47;4.71;0.8;2.65;6.53;191.8;140.1;33.3;5.3;13.1;1.31;1.09;0.21;0.26;1.1;1.1;0.116;37.9;9.34;4.48;2.94;0.49;1.64;5.78;117.1;93.2;9.1;3.3;11.6;0.55;0.32;0.1;0.13
9;50;50;100;0;19.96;3.8;10.67;2.51;2.53;0.16;69.6;15.78;7.97;4.56;0.81;2.64;5.78;184.6;140.2;27.6;5.3;11.6;1.28;0.77;0.2;0.27;0.72;0.7;0.107;30.4;6.47;3.02;2.05;0.38;1.16;4.89;80.7;62.2;6.3;2.3;9.8;0.39;0.15;0.07;0.09
9;50;50;100;50;20.29;4.43;12.71;2.85;2.79;0.167;69.8;16.72;8.57;4.83;0.82;2.72;6.84;196;136.4;40.5;5.4;13.7;1.25;1.04;0.22;0.28;1.08;1.06;0.109;30.2;9.67;4.62;3.03;0.56;1.71;5.87;84.8;63.6;6.1;3.4;11.7;0.6;0.22;0.1;0.14
9;50;50;100;100;20.14;4.97;13.9;3.2;3.1;0.175;68;17.7;9.21;4.94;0.83;2.89;7.44;193.3;133.1;39.5;5.8;14.9;1.25;1.33;0.23;0.29;1.38;1.34;0.113;32;11.74;5.67;3.55;0.63;2.08;6.46;90.6;64.8;8.7;4.2;12.9;0.74;0.3;0.13;0.17
9;50;100;0;0;15.57;3.58;9.89;3.01;2.93;0.167;58.5;17.6;9.13;4.99;0.91;2.92;5.31;192.3;145.2;30.6;5.8;10.6;1.72;0.69;0.24;0.29;0.41;0.44;0.114;41.5;3.7;1.79;1.13;0.22;0.66;4.58;136.3;120.6;5.2;1.3;9.2;0.18;0.17;0.04;0.06
9;50;100;0;50;15.35;3.63;10.39;3.19;3.24;0.179;57.8;18.14;9.32;5.24;0.88;2.9;5.65;191.5;145.3;29.1;5.8;11.3;1.71;1;0.23;0.3;0.62;0.57;0.126;42.2;4.38;2.19;1.29;0.23;0.73;4.74;139.8;120.5;8.4;1.5;9.5;0.19;0.27;0.04;0.06
9;50;100;0;100;15.04;3.76;10.78;3.45;3.45;0.186;57.5;18.58;9.69;5.28;0.9;2.94;5.81;190.3;145.1;27.7;5.9;11.6;1.72;1.19;0.23;0.31;0.69;0.71;0.143;42.5;4.9;2.41;1.52;0.24;0.81;4.97;140.6;120.6;8.3;1.6;9.9;0.19;0.39;0.05;0.07
9;50;100;50;0;18.22;4.09;11.6;3.11;3.16;0.167;63.6;18.99;9.62;5.56;0.97;3.11;6.16;194.9;139.5;36.9;6.2;12.3;1.67;0.93;0.24;0.32;0.62;0.63;0.112;36.4;5.5;2.64;1.73;0.29;0.98;5.44;111.6;93.5;5.2;2;10.9;0.31;0.18;0.06;0.08
9;50;100;50;50;17.95;4.31;12.55;3.41;3.42;0.177;62.5;19.29;9.94;5.58;0.91;3.07;6.82;193.1;138.1;35.3;6.1;13.6;1.62;1.23;0.24;0.32;0.92;0.85;0.116;37.5;7.28;3.53;2.26;0.37;1.24;5.74;116;94.3;7.8;2.5;11.5;0.43;0.24;0.07;0.11
9;50;100;50;100;17.85;4.87;13.8;3.78;3.75;0.189;61.4;19.81;10.36;5.57;1;3.16;7.37;190.1;135.4;33.6;6.3;14.7;1.6;1.58;0.24;0.32;1.15;1.17;0.122;38.6;9.53;4.61;2.99;0.5;1.71;6.43;119.5;95.7;7.5;3.4;12.9;0.57;0.36;0.1;0.14
9;50;100;100;0;20.57;4.44;12.77;3.34;3.28;0.163;70.1;20.11;10.19;6;0.95;3.26;6.8;197.2;134;43.1;6.5;13.6;1.57;1.12;0.24;0.34;0.74;0.74;0.111;29.9;6.56;3.07;2.1;0.34;1.18;5.97;83.9;64.5;5.1;2.4;11.9;0.4;0.17;0.07;0.1
9;50;100;100;50;20.77;5.11;14.72;3.67;3.67;0.175;68.4;20.93;10.72;6.04;1.06;3.36;7.91;195.3;130.7;42.1;6.7;15.8;1.55;1.53;0.25;0.34;1.06;1.1;0.113;31.6;9.64;4.6;3.06;0.48;1.76;6.81;90.1;65.7;7.3;3.5;13.6;0.61;0.24;0.11;0.14
9;50;100;100;100;20.81;5.55;16;4.05;4.1;0.189;67.2;21.72;11.35;6.19;1.07;3.45;8.63;191.8;126.6;41.1;6.9;17.3;1.48;1.99;0.26;0.37;1.33;1.39;0.117;32.8;11.81;5.65;3.71;0.63;2.1;7.37;93.4;67.2;7.2;4.2;14.7;0.76;0.34;0.12;0.17
9;100;0;0;0;17.69;2.9;8.35;2.14;2.14;0.166;50.2;12.92;6.58;3.73;0.68;2.1;4.47;135.4;102.8;19.5;4.2;8.9;1.44;0.33;0.16;0.21;0.49;0.48;0.102;49.8;4.52;2.1;1.44;0.26;0.8;3.88;134.3;113.9;11;1.6;7.8;0.18;0.19;0.05;0.06
9;100;0;0;50;17.11;3.1;8.91;2.26;2.28;0.171;50.3;13.38;6.82;3.9;0.65;2.15;4.8;135.6;103.7;18;4.3;9.6;1.47;0.42;0.17;0.22;0.6;0.61;0.115;49.7;5.24;2.49;1.65;0.29;0.95;4.11;134;112.8;11;1.9;8.2;0.18;0.31;0.06;0.07
9;100;0;0;100;16.69;3.35;9.59;2.32;2.4;0.172;49.5;13.94;7.05;4.09;0.71;2.25;5.2;136.4;104.5;17;4.5;10.4;1.49;0.51;0.17;0.23;0.82;0.77;0.123;50.5;6.2;3.04;1.89;0.34;1.1;4.4;139.3;111.9;16.4;2.2;8.8;0.18;0.43;0.07;0.09
9;100;0;50;0;19.22;3.22;9.31;2.22;2.21;0.163;56;13.59;6.86;3.93;0.68;2.25;5;137.6;100.4;22.7;4.5;10;1.43;0.39;0.17;0.23;0.63;0.63;0.104;44;5.88;2.71;1.88;0.32;0.97;4.32;108.2;87.3;10.4;1.9;8.6;0.29;0.18;0.06;0.09
9;100;0;50;50;19.27;3.72;10.72;2.27;2.39;0.168;55.5;14.27;7.12;4.2;0.73;2.3;5.7;138.2;100.4;21.8;4.6;11.4;1.44;0.52;0.19;0.24;0.93;0.91;0.111;44.5;8.1;3.84;2.55;0.45;1.42;5.02;110.6;87.3;10.5;2.8;10;0.4;0.3;0.09;0.12
9;100;0;50;100;19.16;4.21;12.1;2.61;2.55;0.172;53.7;14.8;7.61;4.25;0.72;2.41;6.32;137.9;99.7;20.8;4.8;12.6;1.42;0.71;0.19;0.23;1.23;1.2;0.114;46.3;10.38;4.92;3.22;0.58;1.81;5.78;118.7;87.9;15.6;3.6;11.6;0.52;0.41;0.11;0.15
9;100;0;100;0;21.12;3.57;10.06;2.23;2.26;0.161;63.3;14.1;7.16;4.17;0.66;2.33;5.39;140.4;98.9;26.1;4.7;10.8;1.4;0.45;0.18;0.23;0.74;0.73;0.104;36.7;6.88;3.3;2.14;0.33;1.25;4.67;81.3;59.2;10.3;2.5;9.3;0.37;0.18;0.08;0.1
9;100;0;100;50;21.7;4.33;12.28;2.44;2.48;0.164;62.2;15.15;7.65;4.38;0.8;2.5;6.6;141;97.2;25.6;5;13.2;1.38;0.66;0.19;0.25;1.12;1.1;0.109;37.8;9.99;4.85;3.13;0.51;1.83;5.68;85.5;60.1;10.4;3.7;11.4;0.56;0.3;0.11;0.14
9;100;0;100;100;21.54;4.81;13.52;2.75;2.7;0.169;60.3;15.92;8.18;4.65;0.74;2.55;7.27;140.8;96.2;25;5.1;14.5;1.35;0.89;0.21;0.26;1.38;1.39;0.112;39.7;12.28;5.89;3.8;0.59;2.26;6.25;92.8;60.7;15.1;4.5;12.5;0.68;0.4;0.14;0.17
9;100;50;0;0;17.74;3.73;10.77;3.07;3.11;0.171;50.7;18.22;9.27;5.29;0.95;2.92;5.74;139.4;102.6;19.5;5.8;11.5;2.12;0.46;0.22;0.3;0.51;0.52;0.112;49.3;4.5;2.16;1.37;0.24;0.82;5.03;135.5;114.1;9.8;1.6;10.1;0.16;0.25;0.05;0.07
9;100;50;0;50;17.1;4.03;11.25;3.25;3.28;0.174;49.7;18.81;9.63;5.44;0.95;3.01;6.04;139.1;102.9;18.1;6;12.1;2.12;0.6;0.24;0.31;0.72;0.7;0.126;50.3;5.46;2.68;1.6;0.29;1.02;5.21;140.9;113.8;14.7;2;10.4;0.18;0.38;0.06;0.07
9;100;50;0;100;16.79;4.09;11.81;3.41;3.46;0.181;49.7;19.09;9.77;5.51;1.01;3;6.32;139.3;103.7;17;6;12.6;2.12;0.8;0.23;0.31;0.89;0.88;0.139;50.3;6.29;3.09;1.88;0.33;1.1;5.49;140.8;112.9;14.7;2.2;11;0.19;0.54;0.07;0.09
9;100;50;50;0;19.72;4.21;11.97;3.26;3.2;0.167;56.1;19.16;9.77;5.59;0.93;3.11;6.43;141.8;99.7;23;6.2;12.9;2.06;0.58;0.25;0.32;0.68;0.69;0.111;43.9;6.13;2.92;1.89;0.32;1.1;5.54;110.7;87.9;9.6;2.2;11.1;0.29;0.24;0.07;0.09
9;100;50;50;50;19.57;4.54;13.28;3.27;3.35;0.171;54.5;19.59;9.96;5.63;0.97;3.1;7.12;141.4;99.1;21.9;6.2;14.2;2.03;0.76;0.24;0.32;1.04;0.99;0.117;45.5;8.37;4.03;2.64;0.41;1.43;6.16;117.9;88.4;14.3;2.9;12.3;0.41;0.37;0.09;0.12
9;100;50;50;100;19.59;5.04;14.49;3.73;3.67;0.18;55.8;20.44;10.56;5.87;1.01;3.21;7.74;151.9;97.8;32.2;6.4;15.5;2.04;1.05;0.25;0.33;1.25;1.28;0.123;44.2;10.3;4.97;3.14;0.56;1.83;6.74;120.3;89.4;13.7;3.7;13.5;0.52;0.5;0.11;0.15
9;100;50;100;0;21.81;4.47;12.87;3.31;3.33;0.167;63;19.98;10.05;5.88;1.05;3.23;6.95;143.6;96.4;26.9;6.5;13.9;1.96;0.77;0.25;0.34;0.81;0.79;0.11;37;7.13;3.38;2.26;0.35;1.24;5.92;84.3;60.5;9.4;2.5;11.8;0.37;0.24;0.08;0.1
9;100;50;100;50;22.02;5.11;14.91;3.52;3.57;0.172;62.7;20.86;10.58;6.07;1.07;3.27;7.91;156.2;94.3;39.5;6.5;15.8;1.93;1.03;0.26;0.35;1.21;1.19;0.114;37.3;10.32;4.99;3.16;0.53;1.84;7;92.9;61.7;13.6;3.7;14;0.57;0.35;0.12;0.15
9;100;50;100;100;22.02;5.76;16.05;3.84;3.85;0.178;62.1;21.62;11.14;6.2;1.07;3.49;8.68;156.1;93.5;38.3;7;17.4;1.91;1.29;0.28;0.36;1.51;1.51;0.119;37.9;12.59;6.07;3.85;0.63;2.27;7.37;95;62.1;13.6;4.5;14.7;0.7;0.49;0.14;0.18
9;100;100;0;0;17.53;4.39;12.32;3.73;3.76;0.172;52.2;21.88;11.23;6.22;1.11;3.55;6.61;150.4;101;29.1;7.1;13.2;2.47;0.65;0.28;0.36;0.6;0.59;0.123;47.8;4.68;2.28;1.42;0.23;0.84;5.71;137.6;115.8;8.7;1.7;11.4;0.17;0.31;0.05;0.06
9;100;100;0;50;17.24;4.58;12.88;4.09;4.06;0.181;51.1;22.41;11.7;6.38;1.06;3.64;6.83;149.6;100.8;27.9;7.3;13.7;2.46;0.96;0.29;0.35;0.77;0.76;0.135;48.9;5.52;2.7;1.68;0.29;0.94;6.06;142.9;116;12.9;1.9;12.1;0.18;0.44;0.06;0.08
9;100;100;0;100;17.1;4.7;13.34;4.28;4.26;0.186;51.1;22.85;11.87;6.48;1.08;3.61;7.17;149.6;101.3;26.7;7.2;14.3;2.46;1.15;0.27;0.37;0.96;0.98;0.154;48.9;6.27;3.14;1.87;0.29;1.08;6.17;143.2;115.5;13.2;2.2;12.3;0.19;0.64;0.06;0.09
9;100;100;50;0;19.76;4.85;13.84;3.84;3.93;0.171;57.6;22.96;11.77;6.61;1.16;3.78;7.37;154.3;96.9;35.1;7.6;14.7;2.36;0.89;0.29;0.38;0.76;0.76;0.117;42.4;6.36;3.04;1.97;0.35;1.06;6.46;113.5;90.2;8.3;2.1;12.9;0.3;0.3;0.07;0.09
9;100;100;50;50;19.75;5.24;14.86;4.27;4.23;0.18;56.2;23.59;12.22;6.74;1.21;3.83;7.95;153.7;95.7;34.4;7.7;15.9;2.34;1.21;0.29;0.39;1.08;1.03;0.123;43.8;8.26;3.94;2.57;0.45;1.41;6.91;119.9;91.1;12.2;2.8;13.8;0.41;0.41;0.09;0.12
9;100;100;50;100;19.63;5.55;16.33;4.51;4.55;0.189;55.5;24.06;12.52;6.84;1.18;3.71;8.76;152.8;95.1;32.8;7.4;17.5;2.32;1.54;0.29;0.39;1.35;1.38;0.131;44.5;10.49;5.1;3.18;0.61;1.84;7.57;122.7;91.6;12.2;3.7;15.1;0.54;0.59;0.1;0.15
9;100;100;100;0;21.86;5.17;14.73;4.09;4.07;0.169;64.5;24.14;12.28;6.98;1.21;3.86;7.82;157.7;92.9;41.5;7.7;15.6;2.28;1.08;0.3;0.41;0.86;0.85;0.115;35.5;7.3;3.49;2.26;0.38;1.31;6.91;86.7;62.5;7.8;2.6;13.8;0.39;0.28;0.08;0.11
9;100;100;100;50;22.16;5.82;16.5;4.46;4.42;0.178;62.7;24.86;12.85;7.14;1.22;3.99;8.97;157.9;91.2;40.7;8;17.9;2.21;1.48;0.31;0.42;1.25;1.25;0.119;37.3;10.41;4.95;3.19;0.53;1.83;7.54;93.9;63.4;11.7;3.7;15.1;0.58;0.4;0.12;0.15
9;100;100;100;100;21.92;6.24;17.9;4.9;4.8;0.189;61.9;25.4;13.38;7.14;1.23;4.02;9.71;156.3;90.2;38.7;8;19.4;2.22;1.86;0.31;0.41;1.57;1.61;0.124;38.1;12.83;6.18;3.89;0.66;2.22;8.19;96.1;64;11.3;4.4;16.4;0.74;0.55;0.14;0.18
10;0;0;0;0;13.96;1.85;5.2;1.21;1.2;0.152;64.9;7.86;3.93;2.31;0.41;1.32;2.78;229.4;200.1;21.1;2.6;5.6;0.6;0.36;0.1;0.13;0.33;0.32;0.095;35.1;3.01;1.45;0.91;0.17;0.53;2.42;123.9;114.2;3.8;1.1;4.8;0.18;0.07;0.03;0.04
10;0;0;0;50;13.4;2.02;5.56;1.28;1.34;0.16;64.6;8.35;4.2;2.42;0.41;1.4;2.94;227.9;199.4;19.9;2.8;5.9;0.62;0.47;0.11;0.14;0.37;0.36;0.099;35.4;3.34;1.6;1.04;0.15;0.62;2.61;124.8;114.5;3.8;1.2;5.2;0.18;0.09;0.04;0.05
10;0;0;0;100;13.06;2.02;6.08;1.41;1.46;0.163;63.9;8.95;4.49;2.66;0.46;1.4;3.25;226.4;198;19.1;2.8;6.5;0.62;0.57;0.11;0.15;0.42;0.4;0.104;36.1;3.62;1.72;1.14;0.17;0.62;2.83;127.5;115.3;5.4;1.2;5.7;0.19;0.12;0.04;0.06
10;0;0;50;0;15.86;2.2;6.26;1.23;1.25;0.149;70.2;8.4;4.17;2.51;0.41;1.35;3.36;230.9;197.1;24.4;2.7;6.7;0.6;0.4;0.1;0.15;0.52;0.48;0.101;29.8;4.53;2.16;1.38;0.25;0.84;2.9;97.8;86.6;3.7;1.7;5.8;0.29;0.06;0.06;0.06
10;0;0;50;50;16.07;2.65;7.54;1.45;1.47;0.156;69.2;9.4;4.79;2.71;0.46;1.55;4.07;227.9;192.7;24;3.1;8.1;0.6;0.59;0.12;0.16;0.67;0.63;0.103;30.8;6.01;2.84;1.9;0.3;1.1;3.47;101.1;88.3;3.6;2.2;6.9;0.4;0.09;0.07;0.08
10;0;0;50;100;15.95;3.09;8.94;1.64;1.64;0.164;67.9;10.03;5.02;3.01;0.49;1.56;4.87;225;189.1;23.1;3.1;9.7;0.56;0.79;0.12;0.18;0.87;0.86;0.105;32.1;8.09;3.88;2.51;0.45;1.53;4.07;106.2;89.7;5.3;3.1;8.1;0.54;0.12;0.09;0.11
10;0;0;100;0;18.3;2.47;7.27;1.34;1.37;0.145;76.5;9.44;4.61;2.82;0.52;1.51;3.94;232.2;192.7;28.6;3;7.9;0.6;0.49;0.11;0.17;0.59;0.55;0.101;23.5;5.32;2.54;1.63;0.28;0.96;3.33;71.1;58.9;3.6;1.9;6.7;0.36;0.06;0.05;0.08
10;0;0;100;50;18.44;3.2;9.16;1.57;1.58;0.152;75.1;10.43;5.28;3.03;0.56;1.75;4.96;227.7;186.3;28;3.5;9.9;0.56;0.71;0.13;0.18;0.83;0.85;0.103;24.9;8.09;3.77;2.57;0.43;1.45;4.2;75.3;60.5;3.5;2.9;8.4;0.56;0.08;0.09;0.12
10;0;0;100;100;18.57;3.71;10.62;1.97;1.88;0.161;73.6;11.61;5.95;3.41;0.55;1.89;5.72;224.1;181.4;27.4;3.8;11.4;0.56;0.97;0.15;0.19;1.11;1.07;0.105;26.4;10.14;4.8;3.21;0.51;1.82;4.9;80.2;61.7;5;3.6;9.8;0.7;0.11;0.11;0.15
10;0;50;0;0;13.93;2.07;5.84;1.42;1.4;0.152;64.3;9.23;4.63;2.75;0.46;1.56;3.15;226.8;195.8;21.6;3.1;6.3;0.62;0.51;0.12;0.15;0.29;0.32;0.099;35.7;2.89;1.37;0.9;0.15;0.51;2.69;125.7;116.4;2.9;1;5.4;0.17;0.07;0.03;0.04
10;0;50;0;50;13.39;2.11;6.25;1.54;1.58;0.16;63.7;9.88;4.99;2.94;0.5;1.57;3.32;223.5;193.2;20.6;3.1;6.6;0.61;0.68;0.13;0.17;0.36;0.34;0.102;36.3;3.09;1.46;0.95;0.16;0.55;2.92;127.4;117.7;2.8;1.1;5.8;0.18;0.09;0.03;0.04
10;0;50;0;100;12.98;2.3;6.58;1.78;1.82;0.175;63;10.4;5.31;3.07;0.5;1.66;3.59;221.6;191.6;19.5;3.3;7.2;0.6;0.91;0.13;0.18;0.41;0.42;0.112;37;3.49;1.68;1.06;0.19;0.64;2.99;129.8;118.5;4;1.3;6;0.2;0.14;0.03;0.05
10;0;50;50;0;16.01;2.56;7.14;1.55;1.53;0.148;69.2;10.37;5.14;3.04;0.53;1.72;3.87;225.8;189.4;25.3;3.4;7.7;0.6;0.63;0.13;0.18;0.48;0.48;0.104;30.8;4.48;2.15;1.38;0.23;0.84;3.27;100.4;89.6;2.6;1.7;6.5;0.3;0.06;0.05;0.06
10;0;50;50;50;16.19;3.05;8.47;1.75;1.78;0.156;68.1;11.35;5.68;3.39;0.57;1.93;4.57;222.6;184.8;24.9;3.9;9.1;0.58;0.86;0.15;0.2;0.63;0.66;0.105;31.9;6.19;2.93;1.9;0.34;1.12;3.91;104;91.3;2.6;2.2;7.8;0.42;0.09;0.06;0.09
10;0;50;50;100;16.11;3.28;9.59;2.12;2.08;0.173;67.9;12.03;6.12;3.53;0.58;1.9;5.14;230.3;180.3;35.9;3.8;10.3;0.56;1.17;0.15;0.2;0.91;0.89;0.109;32.1;8.1;3.84;2.55;0.38;1.39;4.45;108.6;93.1;3.9;2.8;8.9;0.56;0.13;0.09;0.11
10;0;50;100;0;18.66;2.95;8.54;1.77;1.79;0.149;75.2;11.96;5.98;3.55;0.57;2;4.6;225.1;182.1;29.8;4;9.2;0.57;0.86;0.15;0.21;0.59;0.58;0.103;24.8;5.47;2.63;1.72;0.28;0.95;3.94;73.9;61.6;2.5;1.9;7.9;0.38;0.06;0.06;0.08
10;0;50;100;50;18.82;3.6;10.31;2.05;2.06;0.16;75.2;12.85;6.49;3.79;0.67;2.12;5.61;236.2;177.2;43.6;4.2;11.2;0.56;1.11;0.16;0.22;0.94;0.86;0.104;24.8;8.18;3.92;2.54;0.42;1.48;4.71;77.7;62.8;2.5;3;9.4;0.58;0.09;0.08;0.11
10;0;50;100;100;18.93;4.04;11.67;2.48;2.4;0.171;73.6;14;7.13;4.1;0.67;2.21;6.36;230.6;170.7;42.7;4.4;12.7;0.54;1.46;0.17;0.23;1.1;1.1;0.107;26.4;10.23;4.83;3.21;0.53;1.83;5.31;82.4;64.5;3.6;3.7;10.6;0.73;0.12;0.11;0.13
10;0;100;0;0;13.83;2.32;6.65;1.73;1.69;0.152;64.2;11.11;5.53;3.28;0.59;1.78;3.64;231.8;187.5;33.4;3.6;7.3;0.6;0.75;0.14;0.19;0.27;0.31;0.097;35.8;2.8;1.34;0.84;0.16;0.54;3.01;129.4;120.6;1.7;1.1;6;0.18;0.05;0.03;0.04
10;0;100;0;50;13.52;2.5;6.96;2.04;2.06;0.174;63.4;11.86;6.04;3.42;0.63;1.92;3.75;228.2;184.4;32.4;3.8;7.5;0.6;1.11;0.15;0.2;0.36;0.35;0.106;36.6;3.04;1.5;0.92;0.15;0.58;3.2;131.4;122.2;1.7;1.2;6.4;0.19;0.08;0.03;0.04
10;0;100;0;100;13.35;2.59;7.21;2.37;2.32;0.186;62.7;12.5;6.58;3.46;0.62;2.06;3.82;224.9;181.6;31.5;4.1;7.6;0.6;1.37;0.16;0.2;0.36;0.39;0.11;37.3;3.26;1.5;1.04;0.2;0.53;3.38;133.8;123.6;2.4;1.1;6.8;0.2;0.1;0.03;0.05
10;0;100;50;0;16.41;2.92;8.28;1.95;1.96;0.155;69;12.66;6.38;3.7;0.67;2.09;4.43;232.7;180.1;39.6;4.2;8.9;0.58;1;0.16;0.21;0.49;0.48;0.103;31;4.54;2.16;1.39;0.26;0.83;3.84;104.2;93.1;1.7;1.7;7.7;0.32;0.05;0.05;0.07
10;0;100;50;50;16.48;3.3;9.52;2.28;2.32;0.172;67.8;13.5;6.94;3.89;0.65;2.18;5.05;227.7;174.7;38.5;4.4;10.1;0.57;1.36;0.17;0.22;0.7;0.68;0.106;32.2;6.31;3.01;1.93;0.35;1.12;4.47;108;95.2;1.6;2.2;8.9;0.45;0.08;0.06;0.09
10;0;100;50;100;16.54;3.62;10.65;2.79;2.75;0.191;66.5;14.41;7.56;4.13;0.71;2.2;5.66;223.7;170.1;37.9;4.4;11.3;0.55;1.78;0.18;0.24;0.87;0.89;0.108;33.5;8.09;3.8;2.49;0.46;1.42;4.99;112.4;97;2.6;2.8;10;0.57;0.11;0.08;0.12
10;0;100;100;0;18.9;3.33;9.61;2.32;2.22;0.152;75.4;14.56;7.35;4.28;0.72;2.35;5.27;233.8;172.1;46.5;4.7;10.5;0.57;1.22;0.18;0.25;0.6;0.58;0.103;24.6;5.44;2.51;1.75;0.3;0.97;4.34;76.3;64.1;1.6;1.9;8.7;0.39;0.04;0.06;0.08
10;0;100;100;50;19.02;4.03;11.34;2.61;2.6;0.171;73.8;15.22;7.8;4.4;0.74;2.53;6.09;228.2;166;45;5.1;12.2;0.53;1.62;0.2;0.25;0.9;0.91;0.105;26.2;8.53;4.02;2.67;0.46;1.5;5.25;80.7;65.7;1.5;3;10.5;0.62;0.07;0.09;0.13
10;0;100;100;100;19.45;4.45;12.87;3.13;3.13;0.191;72.4;16.44;8.66;4.61;0.81;2.59;6.96;223.9;160.2;44.6;5.2;13.9;0.52;2.14;0.2;0.27;1.13;1.13;0.107;27.6;10.49;5;3.25;0.56;1.85;5.9;85;67.1;2.4;3.7;11.8;0.76;0.11;0.11;0.15
10;50;0;0;0;15.37;2.39;6.67;1.81;1.79;0.165;59.5;10.83;5.52;3.16;0.53;1.78;3.71;185;153.5;20.5;3.6;7.4;1.11;0.35;0.14;0.19;0.35;0.36;0.099;40.5;3.42;1.59;1.07;0.17;0.62;2.96;125.7;112;6.6;1.2;5.9;0.17;0.11;0.04;0.04
10;50;0;0;50;15.37;2.67;7.33;1.92;1.94;0.171;59.6;11.37;5.89;3.24;0.58;1.94;4;186;154.4;19.7;3.9;8;1.15;0.46;0.15;0.19;0.47;0.45;0.106;40.4;4.11;1.96;1.25;0.21;0.73;3.33;126.2;111.3;6.8;1.5;6.7;0.18;0.17;0.05;0.06
10;50;0;0;100;14.86;2.71;7.79;2.01;2.03;0.172;58.5;11.78;6.03;3.42;0.57;1.87;4.21;184.3;154;18.2;3.7;8.4;1.13;0.55;0.15;0.2;0.59;0.56;0.116;41.5;4.74;2.29;1.44;0.27;0.84;3.58;130.8;111.6;10.3;1.7;7.2;0.19;0.26;0.05;0.06
10;50;0;50;0;17.64;2.64;7.86;1.79;1.83;0.162;65;11.3;5.61;3.35;0.59;1.75;4.25;187.2;151.1;24.1;3.5;8.5;1.09;0.4;0.14;0.2;0.57;0.53;0.102;35;5.04;2.41;1.52;0.27;0.89;3.61;100.7;85;6.7;1.8;7.2;0.29;0.11;0.05;0.07
10;50;0;50;50;17.62;3.25;9.12;2.04;2.04;0.167;64.3;12.21;6.26;3.5;0.63;2.04;4.88;186.3;149.1;23.5;4.1;9.8;1.11;0.56;0.17;0.2;0.68;0.72;0.105;35.7;6.72;3.09;2.12;0.38;1.21;4.24;103.5;86.1;6.5;2.4;8.5;0.39;0.16;0.07;0.09
10;50;0;50;100;17.64;3.64;10.56;2.23;2.26;0.172;62.8;13.12;6.66;3.86;0.65;2.06;5.72;185.3;147.1;22.6;4.1;11.4;1.1;0.77;0.16;0.23;1.03;0.99;0.111;37.2;8.88;4.26;2.77;0.46;1.57;4.84;109.6;87.1;9.7;3.1;9.7;0.52;0.25;0.1;0.13
10;50;0;100;0;19.71;3.13;8.85;1.9;1.94;0.159;71.8;12.22;6.13;3.62;0.68;2.01;4.81;189.7;148.4;27.7;4;9.6;1.1;0.47;0.16;0.21;0.62;0.62;0.103;28.2;5.95;2.83;1.88;0.33;1.12;4.04;74.5;57.6;6.6;2.2;8.1;0.36;0.11;0.07;0.08
10;50;0;100;50;20.12;3.79;10.65;2.06;2.12;0.162;70.4;13.09;6.61;3.82;0.68;2.18;5.68;187.6;144.5;27.4;4.4;11.4;1.05;0.69;0.16;0.22;0.92;0.93;0.105;29.6;8.77;4.13;2.69;0.52;1.61;4.96;78.6;58.9;6.5;3.2;9.9;0.55;0.16;0.09;0.13
10;50;0;100;100;20.19;4.3;12.37;2.35;2.43;0.169;68.6;14.4;7.27;4.29;0.72;2.34;6.68;185.7;140.9;26.7;4.7;13.4;1.05;0.95;0.19;0.25;1.17;1.19;0.108;31.4;10.86;5.12;3.41;0.6;1.96;5.69;84.8;60.1;9.4;3.9;11.4;0.68;0.24;0.11;0.16
10;50;50;0;0;15.71;3;8.34;2.41;2.43;0.169;59.3;14.41;7.35;4.16;0.72;2.36;4.51;186.4;151.7;21;4.7;9;1.5;0.5;0.19;0.24;0.38;0.39;0.105;40.7;3.44;1.63;1.05;0.18;0.63;3.83;127.9;113.2;5.8;1.3;7.7;0.16;0.14;0.04;0.05
10;50;50;0;50;15.52;3.08;8.81;2.65;2.57;0.173;58.9;14.86;7.68;4.26;0.73;2.38;4.81;185.2;150.6;20.2;4.8;9.6;1.46;0.67;0.19;0.25;0.47;0.47;0.113;41.1;3.96;1.85;1.27;0.21;0.7;4;129.2;113.9;5.9;1.4;8;0.17;0.2;0.04;0.05
10;50;50;0;100;14.91;3.36;9.34;2.76;2.87;0.183;58.2;15.67;8.04;4.57;0.77;2.56;5.07;184.5;150.2;19.1;5.1;10.1;1.5;0.9;0.21;0.26;0.61;0.58;0.125;41.8;4.42;2.19;1.31;0.24;0.8;4.27;132.5;114.2;8.2;1.6;8.5;0.19;0.28;0.04;0.06
10;50;50;50;0;17.95;3.37;9.81;2.39;2.52;0.165;64.2;15.35;7.61;4.59;0.83;2.41;5.23;186.7;146.5;24.9;4.8;10.5;1.44;0.62;0.2;0.26;0.55;0.56;0.108;35.8;5.08;2.47;1.6;0.25;0.95;4.59;103.8;87.4;5.4;1.9;9.2;0.3;0.13;0.07;0.07
10;50;50;50;50;17.84;3.81;10.92;2.64;2.71;0.17;63.6;16;8.11;4.63;0.85;2.6;5.89;185.8;144.9;23.9;5.2;11.8;1.42;0.83;0.2;0.26;0.81;0.76;0.109;36.4;6.83;3.29;2.09;0.38;1.21;5.03;106.1;88.2;5.5;2.4;10.1;0.4;0.19;0.07;0.1
10;50;50;50;100;17.81;4.29;12.26;3;3.02;0.181;63.7;16.75;8.66;4.86;0.83;2.63;6.72;196.1;142.7;34.6;5.3;13.4;1.41;1.13;0.21;0.29;1.02;1.05;0.116;36.3;9;4.4;2.71;0.47;1.66;5.54;111.8;89.3;8.1;3.3;11.1;0.54;0.29;0.1;0.12
10;50;50;100;0;20.13;3.62;10.73;2.57;2.67;0.164;70.9;16.27;8.13;4.84;0.8;2.59;5.78;188;142.5;28.7;5.2;11.6;1.39;0.81;0.21;0.27;0.64;0.65;0.106;29.1;5.98;2.78;1.93;0.33;1.03;4.96;77;59.6;5.5;2.1;9.9;0.37;0.13;0.06;0.09
10;50;50;100;50;20.5;4.41;12.65;2.99;2.97;0.171;71.1;17.38;8.89;5;0.89;2.79;6.81;200.2;138.6;42.4;5.6;13.6;1.37;1.09;0.22;0.29;0.96;0.98;0.108;28.9;8.98;4.32;2.8;0.45;1.62;5.84;81.2;60.9;5.4;3.2;11.7;0.57;0.18;0.1;0.13
10;50;50;100;100;20.56;4.87;13.84;3.35;3.25;0.178;69.5;18.27;9.47;5.16;0.88;2.89;7.53;197.6;135.1;41.6;5.8;15.1;1.32;1.41;0.22;0.3;1.25;1.24;0.113;30.5;10.94;5.29;3.4;0.51;1.98;6.31;86.5;62.1;7.8;4;12.6;0.7;0.28;0.12;0.15
10;50;100;0;0;16.01;3.62;10.14;3.15;3.12;0.17;59.9;18.34;9.32;5.38;0.9;2.97;5.45;196.7;147.2;32.6;5.9;10.9;1.83;0.75;0.23;0.31;0.47;0.44;0.113;40.1;3.64;1.82;1.08;0.18;0.64;4.69;131.6;116.2;4.7;1.3;9.4;0.17;0.16;0.04;0.05
10;50;100;0;50;15.47;3.59;10.4;3.31;3.4;0.183;59.1;18.54;9.56;5.35;0.85;2.87;5.61;194.7;146.7;30.9;5.7;11.2;1.8;1.05;0.23;0.32;0.52;0.51;0.122;40.9;4.03;2.01;1.18;0.18;0.72;4.79;134.5;116.5;6.9;1.4;9.6;0.19;0.23;0.04;0.06
10;50;100;0;100;15.04;3.79;10.56;3.66;3.6;0.191;58.7;18.92;10;5.33;0.88;3.04;5.67;192.6;146.2;29;6.1;11.3;1.81;1.25;0.24;0.3;0.62;0.63;0.138;41.3;4.44;2.16;1.36;0.21;0.75;4.89;135.2;116.9;7;1.5;9.8;0.19;0.33;0.04;0.07
10;50;100;50;0;18.14;3.98;11.54;3.35;3.31;0.171;65.1;19.37;9.87;5.68;0.94;3.1;6.22;199;142.3;38.1;6.2;12.4;1.78;0.96;0.24;0.33;0.61;0.57;0.11;34.9;5.06;2.44;1.54;0.29;0.89;5.31;106.4;89.5;4.5;1.8;10.6;0.3;0.15;0.05;0.07
10;50;100;50;50;18.19;4.43;12.44;3.65;3.61;0.181;63.8;19.95;10.36;5.72;0.93;3.21;6.8;196.3;139.2;37;6.4;13.6;1.72;1.32;0.24;0.33;0.85;0.8;0.115;36.2;6.89;3.3;2.17;0.35;1.22;5.63;111.3;91.1;6.5;2.4;11.3;0.42;0.21;0.08;0.09
10;50;100;50;100;18.22;4.88;13.81;3.9;3.97;0.194;62.8;20.53;10.78;5.79;0.98;3.25;7.39;194.3;137.3;35.6;6.5;14.8;1.71;1.67;0.26;0.33;1.15;1.1;0.12;37.2;9.06;4.39;2.81;0.46;1.63;6.42;114.8;92;6.7;3.3;12.8;0.55;0.32;0.1;0.13
10;50;100;100;0;20.6;4.47;12.77;3.43;3.47;0.167;71.5;20.8;10.62;6.04;1.02;3.39;6.9;201.2;136.1;44.6;6.8;13.8;1.69;1.17;0.25;0.36;0.7;0.68;0.109;28.5;6.08;2.9;1.87;0.32;1.09;5.87;80;61.8;4.3;2.2;11.7;0.38;0.15;0.06;0.09
10;50;100;100;50;20.89;5.05;14.57;3.81;3.88;0.179;69.7;21.69;11.17;6.31;1.06;3.47;7.88;198.6;132;43.9;6.9;15.8;1.65;1.6;0.27;0.37;1.04;1.01;0.111;30.3;9.01;4.29;2.79;0.47;1.58;6.68;86;63.2;6.3;3.2;13.4;0.59;0.2;0.09;0.13
10;50;100;100;100;20.98;5.5;15.76;4.35;4.31;0.193;68.6;22.37;11.74;6.29;1.09;3.46;8.53;194.9;127.9;43;6.9;17.1;1.6;2.08;0.26;0.37;1.37;1.3;0.115;31.4;11.18;5.4;3.45;0.58;2.04;7.23;89.1;64.6;6;4.1;14.5;0.73;0.29;0.12;0.16
10;100;0;0;0;17.45;2.95;8.36;2.26;2.3;0.171;51.8;13.44;6.88;3.89;0.71;2.18;4.51;138.4;104.8;20.3;4.4;9;1.55;0.35;0.17;0.23;0.47;0.44;0.103;48.2;4.15;2.02;1.23;0.22;0.77;3.85;128.6;109.5;9.9;1.5;7.7;0.16;0.18;0.05;0.06
10;100;0;0;50;17.06;3.1;8.79;2.4;2.41;0.176;51.7;13.78;7.07;4;0.68;2.23;4.67;138.1;105.2;19.1;4.5;9.3;1.55;0.46;0.17;0.23;0.56;0.58;0.115;48.3;4.96;2.35;1.53;0.27;0.87;4.12;129.1;109;10;1.7;8.2;0.17;0.29;0.06;0.07
10;100;0;0;100;16.66;3.36;9.67;2.48;2.55;0.178;51;14.39;7.48;4.13;0.73;2.34;5.2;139.2;106.4;17.7;4.7;10.4;1.6;0.54;0.18;0.24;0.75;0.73;0.122;49;5.88;2.87;1.83;0.29;1.02;4.46;133.9;107.8;15.1;2;8.9;0.18;0.4;0.06;0.09
10;100;0;50;0;19.3;3.2;9.44;2.42;2.37;0.169;57.7;14.09;7.18;4.21;0.68;2.2;5.1;141.2;103;23.6;4.4;10.2;1.56;0.4;0.17;0.25;0.6;0.59;0.104;42.3;5.54;2.68;1.68;0.27;1.01;4.34;103.6;83.3;9.6;2;8.7;0.28;0.17;0.06;0.08
10;100;0;50;50;19.16;3.74;10.69;2.5;2.51;0.173;57;14.58;7.47;4.26;0.7;2.35;5.66;141;102.6;22.4;4.7;11.3;1.54;0.55;0.18;0.24;0.86;0.87;0.111;43;7.72;3.67;2.38;0.4;1.38;5.03;106.2;83.6;9.8;2.8;10.1;0.39;0.28;0.08;0.12
10;100;0;50;100;19.26;4.29;11.88;2.77;2.73;0.178;55.5;15.36;7.97;4.36;0.75;2.53;6.35;141.2;101.6;21.9;5.1;12.7;1.54;0.72;0.2;0.25;1.14;1.13;0.113;44.5;9.87;4.73;3.04;0.49;1.77;5.54;113.3;84.4;14.3;3.5;11.1;0.51;0.38;0.1;0.14
10;100;0;100;0;21.23;3.59;10.28;2.36;2.44;0.166;64.8;14.75;7.45;4.4;0.73;2.4;5.47;143.6;100.9;26.9;4.8;10.9;1.54;0.47;0.18;0.25;0.69;0.68;0.103;35.2;6.46;3.06;2.02;0.34;1.18;4.81;78.1;56.6;9.5;2.4;9.6;0.35;0.17;0.07;0.09
10;100;0;100;50;21.58;4.22;12.12;2.45;2.59;0.169;63.8;15.37;7.75;4.52;0.76;2.54;6.46;143.8;99.4;26.5;5.1;12.9;1.47;0.67;0.19;0.25;1.02;1.05;0.109;36.2;9.53;4.47;2.96;0.54;1.68;5.66;81.7;57.4;9.7;3.4;11.3;0.53;0.28;0.1;0.14
10;100;0;100;100;21.41;4.88;13.56;2.78;2.86;0.174;61.8;16.43;8.49;4.75;0.81;2.74;7.2;143.4;97.9;25.6;5.5;14.4;1.48;0.89;0.22;0.28;1.37;1.32;0.111;38.2;11.79;5.68;3.58;0.61;2.14;6.36;88.7;58.1;13.6;4.3;12.7;0.67;0.36;0.12;0.17
10;100;50;0;0;17.51;3.67;10.6;3.31;3.29;0.177;52.2;18.61;9.54;5.37;0.94;2.93;5.68;142;104.6;20.2;5.9;11.4;2.25;0.48;0.24;0.32;0.48;0.49;0.11;47.8;4.25;2.05;1.29;0.23;0.74;4.91;129.8;109.7;8.8;1.5;9.8;0.16;0.22;0.04;0.06
10;100;50;0;50;17.27;3.97;11.35;3.45;3.47;0.18;51.4;19.29;9.9;5.58;0.97;3.1;6.14;142.7;105.1;19.1;6.2;12.3;2.28;0.64;0.24;0.31;0.64;0.64;0.123;48.6;5.02;2.45;1.53;0.23;0.86;5.21;134.8;109.2;13.5;1.7;10.4;0.17;0.35;0.05;0.07
10;100;50;0;100;17.01;4.12;12;3.53;3.72;0.187;51.2;19.94;10.31;5.7;0.97;3.15;6.44;142.6;104.8;18.6;6.3;12.9;2.27;0.87;0.25;0.32;0.8;0.8;0.137;48.8;5.79;2.79;1.76;0.33;0.97;5.57;135.7;109.4;13.2;1.9;11.1;0.18;0.48;0.05;0.08
10;100;50;50;0;19.75;4.2;11.95;3.42;3.36;0.173;57.6;19.49;10.04;5.68;0.95;3.19;6.43;144.6;101.2;24.1;6.4;12.9;2.18;0.6;0.25;0.33;0.64;0.66;0.11;42.4;5.85;2.71;1.91;0.3;1.01;5.52;106.3;84.7;8.6;2;11;0.29;0.22;0.07;0.08
10;100;50;50;50;19.72;4.61;13.38;3.52;3.59;0.176;56;20.41;10.49;5.83;1.08;3.24;7.16;144.3;100.3;23.3;6.5;14.3;2.18;0.82;0.25;0.34;0.91;0.92;0.116;44;7.8;3.71;2.4;0.42;1.37;6.22;113.4;85.4;12.8;2.7;12.4;0.39;0.33;0.08;0.11
10;100;50;50;100;19.55;4.97;14.38;3.88;3.82;0.185;57.2;20.7;10.75;5.87;1.03;3.25;7.67;154.5;99.5;33.2;6.5;15.3;2.14;1.09;0.25;0.34;1.25;1.22;0.122;42.8;9.96;4.8;3.1;0.5;1.73;6.71;115.5;86;12.7;3.5;13.4;0.52;0.46;0.1;0.14
10;100;50;100;0;21.82;4.47;12.97;3.45;3.54;0.172;64.7;20.61;10.51;6.02;1.01;3.32;7.07;147.2;98.4;28;6.6;14.1;2.11;0.8;0.26;0.36;0.72;0.74;0.109;35.3;6.63;3.09;2.11;0.39;1.15;5.89;80.4;57.9;8.5;2.3;11.8;0.35;0.22;0.07;0.1
10;100;50;100;50;22;5.04;14.86;3.66;3.76;0.176;64.3;21.37;10.84;6.2;1.04;3.33;8;159.5;96.1;40.8;6.7;16;2.08;1.06;0.26;0.36;1.13;1.11;0.113;35.7;9.7;4.7;2.99;0.5;1.72;6.87;88.4;59.1;12.2;3.4;13.7;0.55;0.32;0.1;0.13
10;100;50;100;100;22;5.66;16.08;3.98;4.02;0.182;63.7;22.07;11.36;6.33;1.06;3.48;8.76;159.2;95.1;39.6;7;17.5;2.05;1.34;0.27;0.36;1.42;1.42;0.118;36.3;11.91;5.82;3.59;0.65;2.18;7.32;90.8;59.6;12.2;4.4;14.6;0.68;0.44;0.13;0.16
10;100;100;0;0;17.81;4.45;12.56;3.96;4.01;0.177;53.8;22.67;11.68;6.56;1.12;3.68;6.75;154.5;102.5;31.1;7.4;13.5;2.65;0.69;0.29;0.39;0.57;0.55;0.12;46.2;4.39;2.16;1.34;0.22;0.77;5.81;132.5;111.8;7.6;1.5;11.6;0.17;0.28;0.04;0.06
10;100;100;0;50;17.33;4.44;12.77;4.36;4.3;0.187;52.6;23.04;12.03;6.53;1.1;3.57;6.83;152.3;101.9;29.7;7.1;13.7;2.62;1.01;0.28;0.38;0.69;0.67;0.132;47.4;4.97;2.45;1.46;0.26;0.87;5.94;137.4;112.4;11.3;1.7;11.9;0.18;0.37;0.05;0.07
10;100;100;0;100;16.78;4.75;13.27;4.55;4.52;0.192;52.8;23.55;12.4;6.6;1.15;3.73;7.26;152.8;103.2;27.6;7.5;14.5;2.65;1.18;0.3;0.38;0.88;0.89;0.152;47.2;5.77;2.92;1.7;0.27;1.02;6.01;136.9;111;11.8;2;12;0.19;0.56;0.06;0.08
10;100;100;50;0;19.86;4.77;13.78;4.07;4.14;0.176;59.1;23.52;11.91;6.85;1.21;3.73;7.41;157.7;98.6;36.8;7.5;14.8;2.52;0.94;0.3;0.38;0.72;0.68;0.116;40.9;5.79;2.77;1.78;0.29;1.03;6.37;108.9;86.7;7.5;2.1;12.7;0.29;0.26;0.06;0.08
10;100;100;50;50;19.78;5.18;14.77;4.43;4.45;0.185;57.6;24.11;12.58;6.82;1.1;3.79;7.98;156.3;97.2;35.6;7.6;16;2.5;1.25;0.3;0.4;0.98;0.96;0.121;42.4;7.79;3.79;2.38;0.38;1.39;6.79;115.1;87.7;11;2.8;13.6;0.41;0.36;0.08;0.11
10;100;100;50;100;19.74;5.63;16.2;4.63;4.77;0.194;56.9;24.58;12.77;6.95;1.22;3.86;8.73;155.9;96.2;34.4;7.7;17.5;2.45;1.62;0.3;0.4;1.25;1.3;0.13;43.1;10.01;4.87;3.05;0.51;1.77;7.46;117.8;88.5;10.9;3.5;14.9;0.53;0.53;0.1;0.14
10;100;100;100;0;22.05;5.21;14.82;4.21;4.27;0.173;66;24.7;12.61;7.09;1.28;3.94;8.03;161.6;94.8;42.8;7.9;16.1;2.42;1.12;0.31;0.42;0.8;0.8;0.114;34;6.92;3.32;2.07;0.39;1.26;6.79;83;59.7;7.3;2.5;13.6;0.37;0.26;0.06;0.1
10;100;100;100;50;22.48;5.83;16.64;4.54;4.64;0.183;64;25.45;13.1;7.4;1.2;4.05;8.88;160.7;92.4;42.5;8.1;17.8;2.37;1.54;0.32;0.41;1.16;1.16;0.118;36;9.74;4.68;3.06;0.48;1.78;7.77;90.6;60.9;10.6;3.6;15.5;0.56;0.36;0.1;0.14
10;100;100;100;100;22.56;6.35;17.97;4.92;5.08;0.194;62.9;26.27;13.82;7.38;1.28;4.24;9.57;158.8;89.4;41.8;8.5;19.1;2.3;2.03;0.32;0.43;1.43;1.48;0.123;37.1;11.96;5.82;3.72;0.62;2.11;8.4;93.6;62.5;10.1;4.2;16.8;0.7;0.48;0.13;0.17
11;0;0;0;0;13.94;1.84;5.19;1.19;1.28;0.156;66.7;8.19;4.05;2.49;0.38;1.35;2.85;235.2;204.9;21.9;2.7;5.7;0.66;0.37;0.11;0.14;0.25;0.26;0.087;33.3;2.64;1.25;0.85;0.13;0.49;2.33;117.2;108.6;3;1;4.7;0.14;0.05;0.03;0.04
11;0;0;0;50;13.59;1.93;5.53;1.36;1.39;0.162;66.3;8.54;4.33;2.51;0.45;1.41;3.06;233;202.9;21.1;2.8;6.1;0.64;0.49;0.11;0.15;0.31;0.29;0.091;33.7;2.92;1.37;0.92;0.17;0.52;2.47;118.5;109.5;2.9;1;4.9;0.15;0.07;0.03;0.04
11;0;0;0;100;13.12;2.06;5.94;1.51;1.51;0.166;65.7;9.09;4.59;2.72;0.41;1.46;3.29;231.8;202.4;19.9;2.9;6.6;0.65;0.59;0.11;0.16;0.35;0.35;0.096;34.3;3.33;1.6;1.07;0.17;0.6;2.65;120.7;109.8;4.4;1.2;5.3;0.16;0.1;0.03;0.05
11;0;0;50;0;16.2;2.25;6.34;1.34;1.33;0.151;71.6;8.8;4.44;2.65;0.44;1.48;3.42;235.4;199.9;25.7;3;6.8;0.63;0.44;0.12;0.15;0.42;0.4;0.092;28.4;4.15;1.94;1.31;0.23;0.77;2.92;93.4;83.1;2.9;1.5;5.8;0.25;0.05;0.04;0.06
11;0;0;50;50;16.04;2.7;7.53;1.53;1.54;0.158;70.7;9.71;4.95;2.83;0.5;1.65;4.09;232.9;196.6;24.9;3.3;8.2;0.63;0.61;0.13;0.17;0.59;0.57;0.095;29.3;5.83;2.76;1.77;0.31;1.05;3.44;96.2;84.3;2.9;2.1;6.9;0.35;0.07;0.06;0.08
11;0;0;50;100;16.36;3.07;8.75;1.8;1.76;0.167;69.5;10.56;5.43;3.03;0.53;1.74;4.83;230.1;192.2;24.7;3.5;9.7;0.62;0.82;0.14;0.18;0.77;0.74;0.097;30.5;7.53;3.46;2.45;0.41;1.33;3.92;100.6;85.9;4.2;2.7;7.8;0.46;0.1;0.08;0.11
11;0;0;100;0;18.18;2.48;7.21;1.38;1.43;0.148;77.8;9.63;4.7;2.82;0.53;1.54;3.92;237;196.8;29.3;3.1;7.8;0.64;0.51;0.12;0.17;0.52;0.49;0.094;22.2;5.04;2.4;1.58;0.29;0.94;3.29;67.6;56.2;3;1.9;6.6;0.31;0.05;0.06;0.07
11;0;0;100;50;18.51;3.08;8.82;1.67;1.65;0.155;76.5;10.61;5.3;3.11;0.54;1.73;4.79;232.9;191.1;28.8;3.5;9.6;0.62;0.71;0.13;0.18;0.74;0.73;0.095;23.5;7.52;3.47;2.33;0.41;1.35;4.03;71.2;57.6;2.9;2.7;8.1;0.47;0.07;0.08;0.1
11;0;0;100;100;18.8;3.68;10.56;1.9;1.95;0.163;74.8;11.93;5.98;3.58;0.56;1.88;5.69;227.9;184.2;28.6;3.8;11.4;0.58;1.01;0.14;0.22;0.93;0.93;0.097;25.2;9.5;4.49;2.96;0.49;1.8;4.87;76.6;59.2;4.1;3.6;9.7;0.59;0.09;0.1;0.14
11;0;50;0;0;14.15;2.06;5.84;1.47;1.48;0.154;65.8;9.55;4.84;2.81;0.54;1.59;3.12;231;198.7;22.9;3.2;6.2;0.65;0.54;0.12;0.17;0.25;0.26;0.088;34.2;2.6;1.2;0.84;0.13;0.47;2.72;120;111.6;2.1;0.9;5.4;0.15;0.05;0.03;0.04
11;0;50;0;50;13.35;2.18;6.2;1.72;1.69;0.164;65.3;10.31;5.22;3.03;0.53;1.63;3.41;228.2;196.7;21.4;3.3;6.8;0.68;0.7;0.13;0.18;0.28;0.3;0.093;34.7;2.83;1.37;0.86;0.15;0.54;2.79;121;112.5;1.8;1.1;5.6;0.15;0.06;0.04;0.04
11;0;50;0;100;13.17;2.31;6.51;1.95;1.92;0.178;64.5;10.79;5.65;3.04;0.54;1.74;3.54;225.3;194.1;20.6;3.5;7.1;0.63;0.97;0.15;0.18;0.35;0.35;0.102;35.5;3.19;1.52;1.01;0.16;0.57;2.97;123.7;113.7;2.9;1.1;5.9;0.17;0.1;0.03;0.05
11;0;50;50;0;16.35;2.52;7.28;1.6;1.63;0.149;70.6;10.89;5.39;3.26;0.54;1.79;3.99;230.5;192.4;26.6;3.6;8;0.64;0.67;0.13;0.19;0.36;0.4;0.094;29.4;4.07;1.85;1.3;0.21;0.73;3.29;95.8;85.8;2;1.5;6.6;0.25;0.05;0.04;0.06
11;0;50;50;50;16.47;3.03;8.52;1.85;1.9;0.159;69.4;11.92;5.92;3.55;0.64;1.97;4.58;226.5;187.3;26.1;3.9;9.2;0.64;0.9;0.16;0.21;0.55;0.56;0.097;30.6;5.67;2.67;1.77;0.3;1.06;3.94;99.5;87.6;1.9;2.1;7.9;0.35;0.06;0.06;0.08
11;0;50;50;100;16.48;3.42;9.65;2.19;2.2;0.175;69.3;12.57;6.44;3.6;0.59;2.02;5.19;234.7;182.3;38.1;4;10.4;0.58;1.24;0.17;0.21;0.77;0.77;0.099;30.7;7.62;3.59;2.42;0.42;1.4;4.46;103.9;89.4;2.8;2.8;8.9;0.48;0.1;0.08;0.11
11;0;50;100;0;18.6;3.07;8.31;1.85;1.85;0.152;76.5;12.18;6.2;3.48;0.64;2.07;4.51;229.8;186.1;30.6;4.1;9;0.61;0.87;0.16;0.21;0.52;0.5;0.095;23.5;5.13;2.47;1.56;0.28;1;3.8;70.2;58.8;1.9;2;7.6;0.32;0.04;0.06;0.08
11;0;50;100;50;19.1;3.61;10.25;2.08;2.17;0.162;76.3;13.45;6.68;4.02;0.71;2.19;5.59;240.3;179.1;45.7;4.4;11.2;0.58;1.19;0.17;0.23;0.74;0.74;0.096;23.7;7.58;3.56;2.35;0.41;1.42;4.66;74.4;60.4;1.8;2.8;9.3;0.49;0.06;0.08;0.11
11;0;50;100;100;19.41;4.12;11.77;2.58;2.55;0.173;74.9;14.77;7.63;4.22;0.71;2.37;6.46;235.2;172.4;45.2;4.7;12.9;0.58;1.54;0.18;0.26;0.99;0.95;0.098;25.1;9.6;4.56;3.04;0.51;1.75;5.31;78.8;62;2.7;3.5;10.6;0.62;0.09;0.11;0.13
11;0;100;0;0;14.44;2.38;6.82;1.77;1.78;0.154;65.5;11.58;5.7;3.49;0.63;1.85;3.66;236.7;190.6;35;3.7;7.3;0.64;0.8;0.15;0.2;0.3;0.27;0.09;34.5;2.69;1.27;0.82;0.14;0.52;3.16;124.4;115.4;1.7;1;6.3;0.16;0.05;0.03;0.04
11;0;100;0;50;13.87;2.47;7.01;2.07;2.11;0.176;65;11.94;6.16;3.4;0.58;1.92;3.77;233.6;189.2;33.1;3.8;7.5;0.63;1.13;0.15;0.2;0.34;0.33;0.1;35;3.06;1.48;0.92;0.17;0.55;3.24;125.5;116.1;1.9;1.1;6.5;0.17;0.09;0.03;0.05
11;0;100;0;100;13.56;2.55;7.36;2.33;2.38;0.188;64.3;12.69;6.53;3.67;0.63;2.01;3.99;230.6;186.4;32.2;4;8;0.61;1.4;0.16;0.21;0.38;0.36;0.105;35.7;3.14;1.49;0.95;0.18;0.54;3.37;127.7;117.4;2.6;1.1;6.7;0.17;0.11;0.03;0.04
11;0;100;50;0;17.18;2.88;8.46;2.07;2.05;0.157;70.3;13.09;6.61;3.85;0.7;2.13;4.54;237.8;183;41.5;4.3;9.1;0.62;1.04;0.17;0.22;0.43;0.42;0.094;29.7;4.3;2.01;1.39;0.25;0.75;3.92;100.2;89.1;1.8;1.5;7.8;0.27;0.05;0.05;0.06
11;0;100;50;50;16.96;3.39;9.5;2.39;2.42;0.174;69.3;13.94;7.22;4.09;0.67;2.28;5.25;233.8;178.5;40.2;4.6;10.5;0.58;1.43;0.18;0.23;0.59;0.59;0.098;30.7;5.91;2.78;1.84;0.34;1.1;4.25;103.1;90.7;1.7;2.2;8.5;0.37;0.07;0.06;0.08
11;0;100;50;100;16.94;3.66;10.65;2.86;2.81;0.193;67.9;14.59;7.66;4.15;0.7;2.23;5.75;228.4;173.3;39.1;4.5;11.5;0.56;1.82;0.18;0.24;0.78;0.81;0.1;32.1;7.95;3.69;2.48;0.44;1.44;4.91;107.6;92.6;2.4;2.9;9.8;0.5;0.1;0.09;0.11
11;0;100;100;0;19.68;3.38;9.54;2.35;2.3;0.154;76.3;14.91;7.44;4.33;0.77;2.44;5.17;238.2;174.6;48.3;4.9;10.3;0.58;1.26;0.2;0.25;0.5;0.52;0.095;23.7;5.29;2.46;1.64;0.3;0.94;4.37;73.8;61.5;1.7;1.9;8.7;0.33;0.05;0.06;0.08
11;0;100;100;50;20.11;4.03;11.6;2.74;2.81;0.172;74.9;16.31;8.35;4.72;0.84;2.62;6.35;233;167.1;48;5.2;12.7;0.56;1.75;0.21;0.28;0.8;0.79;0.097;25.1;7.95;3.7;2.49;0.46;1.42;5.25;78.1;63.2;1.5;2.8;10.5;0.51;0.07;0.09;0.11
11;0;100;100;100;20.21;4.42;13;3.29;3.31;0.192;73.3;17.24;8.97;4.88;0.86;2.65;7.02;226.8;160.3;47;5.3;14;0.54;2.28;0.21;0.28;1.06;0.98;0.097;26.7;9.97;4.69;3.17;0.53;1.77;5.97;82.5;64.9;2.2;3.5;11.9;0.66;0.09;0.1;0.13
11;50;0;0;0;15.75;2.41;6.98;1.85;1.94;0.17;61.2;11.38;5.77;3.37;0.56;1.81;3.78;189.7;156.9;21.7;3.6;7.6;1.23;0.37;0.14;0.2;0.31;0.33;0.092;38.8;3.27;1.52;1.02;0.19;0.6;3.2;120.2;106.7;5.9;1.2;6.4;0.15;0.1;0.04;0.04
11;50;0;0;50;15.18;2.52;7.32;1.94;2.02;0.175;60.9;11.56;5.91;3.33;0.6;1.85;3.97;188.5;156.5;20.4;3.7;7.9;1.2;0.48;0.14;0.19;0.39;0.4;0.098;39.1;3.77;1.81;1.18;0.21;0.67;3.35;120.8;106.9;5.9;1.3;6.7;0.15;0.15;0.04;0.06
11;50;0;0;100;14.98;2.69;7.79;2.15;2.15;0.176;60.2;12.2;6.3;3.48;0.6;1.95;4.29;188.5;156.4;19.6;3.9;8.6;1.2;0.59;0.15;0.2;0.49;0.49;0.11;39.8;4.27;2.04;1.34;0.21;0.74;3.5;124.4;107;9;1.5;7;0.16;0.23;0.04;0.06
11;50;0;50;0;17.84;2.72;7.87;1.96;1.96;0.166;66.7;11.86;5.97;3.48;0.6;1.89;4.33;191.7;153.9;25.4;3.8;8.7;1.18;0.43;0.15;0.2;0.44;0.44;0.094;33.3;4.5;2.05;1.43;0.25;0.82;3.54;95.8;81.3;5.8;1.6;7.1;0.23;0.1;0.04;0.06
11;50;0;50;50;17.78;3.09;9.08;2.05;2.11;0.17;65.9;12.39;6.34;3.66;0.59;1.98;4.92;190.3;152;24.6;4;9.8;1.16;0.59;0.15;0.21;0.64;0.62;0.098;34.1;6.25;2.93;2.02;0.31;1.11;4.16;98.4;82.2;5.7;2.2;8.3;0.33;0.14;0.06;0.09
11;50;0;50;100;17.69;3.6;10.42;2.26;2.32;0.176;64.5;13.2;6.73;3.85;0.64;2.11;5.71;189;149.8;23.6;4.2;11.4;1.14;0.79;0.17;0.22;0.88;0.87;0.103;35.5;8.36;3.91;2.62;0.49;1.49;4.71;104;83.2;8.4;3;9.4;0.44;0.21;0.09;0.13
11;50;0;100;0;19.77;3.09;8.73;2.1;2.04;0.163;73.2;12.55;6.38;3.65;0.63;2.08;4.78;193.6;151.4;28.5;4.2;9.6;1.17;0.49;0.16;0.22;0.59;0.55;0.096;26.8;5.57;2.62;1.75;0.3;1.01;3.95;70.9;55.1;5.9;2;7.9;0.3;0.1;0.06;0.08
11;50;0;100;50;20.11;3.76;10.53;2.19;2.26;0.166;71.9;13.57;6.91;3.96;0.65;2.3;5.75;191.3;146.9;28.3;4.6;11.5;1.13;0.72;0.18;0.23;0.8;0.79;0.097;28.1;8.04;3.75;2.54;0.45;1.46;4.78;74.6;56.5;5.6;2.9;9.6;0.46;0.14;0.08;0.11
11;50;0;100;100;20.1;4.2;12.12;2.48;2.52;0.173;70.2;14.61;7.46;4.2;0.75;2.33;6.63;189.3;143.8;27.6;4.7;13.3;1.11;0.98;0.18;0.25;1.07;1.05;0.101;29.8;10.32;4.86;3.2;0.6;1.87;5.49;80.4;57.4;8.2;3.7;11;0.58;0.21;0.11;0.14
11;50;50;0;0;15.76;2.97;8.29;2.54;2.57;0.174;61.1;14.8;7.57;4.2;0.74;2.4;4.59;190.7;154.6;22.1;4.8;9.2;1.61;0.52;0.19;0.25;0.33;0.34;0.098;38.9;3.18;1.5;1;0.16;0.57;3.7;121.5;108.1;4.9;1.1;7.4;0.14;0.12;0.03;0.05
11;50;50;0;50;15.45;3.09;9;2.73;2.74;0.178;60.5;15.38;7.9;4.45;0.8;2.44;4.9;189;153.2;21;4.9;9.8;1.59;0.7;0.19;0.26;0.42;0.43;0.106;39.5;3.83;1.82;1.2;0.21;0.66;4.09;123.4;109;5;1.3;8.2;0.16;0.18;0.04;0.06
11;50;50;0;100;14.94;3.25;9.29;2.86;2.96;0.188;59.7;15.78;8.2;4.54;0.8;2.52;5.05;187.5;152.5;19.9;5;10.1;1.56;0.93;0.2;0.26;0.51;0.52;0.12;40.3;4.17;1.99;1.32;0.21;0.73;4.23;126.7;109.4;7.3;1.5;8.5;0.16;0.26;0.04;0.06
11;50;50;50;0;18.14;3.4;9.71;2.57;2.64;0.169;66;15.67;7.85;4.54;0.82;2.55;5.29;191.4;149.8;25.9;5.1;10.6;1.54;0.64;0.2;0.26;0.43;0.48;0.098;34;4.71;2.17;1.53;0.26;0.85;4.41;98.6;83.2;4.8;1.7;8.8;0.25;0.12;0.05;0.07
11;50;50;50;50;18.04;3.85;10.88;2.99;2.89;0.174;64.9;16.63;8.63;4.7;0.83;2.68;5.89;188.5;146.3;25;5.4;11.8;1.52;0.87;0.22;0.28;0.68;0.68;0.102;35.1;6.54;3.1;2.02;0.36;1.17;4.99;101.9;84.9;4.7;2.3;10;0.35;0.16;0.07;0.09
11;50;50;50;100;18.09;4.23;12.1;3.25;3.2;0.185;65;17.35;8.97;4.93;0.89;2.75;6.54;198.9;143.7;36.6;5.5;13.1;1.49;1.2;0.22;0.29;0.9;0.91;0.107;35;8.37;3.95;2.62;0.41;1.48;5.56;107.2;86.1;7;3;11.1;0.45;0.25;0.08;0.12
11;50;50;100;0;20.11;3.76;10.76;2.81;2.83;0.169;72.2;16.79;8.59;4.88;0.87;2.73;5.83;191.6;144.9;29.5;5.5;11.7;1.49;0.84;0.21;0.29;0.56;0.56;0.098;27.8;5.59;2.57;1.83;0.29;1.03;4.92;73.6;57.1;4.6;2.1;9.8;0.31;0.11;0.05;0.08
11;50;50;100;50;20.59;4.37;12.54;3.12;3.1;0.174;72.2;17.86;9.19;5.16;0.9;2.88;6.7;202.8;139.4;44.3;5.8;13.4;1.41;1.15;0.24;0.3;0.85;0.83;0.099;27.8;8.29;3.91;2.62;0.45;1.49;5.85;77.9;58.9;4.4;3;11.7;0.48;0.15;0.09;0.12
11;50;50;100;100;20.62;4.83;13.92;3.43;3.41;0.182;70.8;18.77;9.71;5.35;0.9;2.98;7.58;200.9;136.7;43.1;6;15.2;1.41;1.45;0.22;0.32;1.08;1.08;0.104;29.2;10.34;4.86;3.27;0.56;1.85;6.33;82.5;59.7;6.5;3.7;12.7;0.6;0.23;0.1;0.15
11;50;100;0;0;15.92;3.54;10.07;3.27;3.24;0.176;61.7;18.52;9.54;5.31;0.95;2.97;5.56;201;150.2;33.8;5.9;11.1;1.95;0.75;0.23;0.31;0.36;0.35;0.101;38.3;3.18;1.51;0.99;0.19;0.57;4.51;124.9;110.9;3.8;1.1;9;0.15;0.13;0.03;0.05
11;50;100;0;50;15.43;3.59;10.38;3.47;3.58;0.188;60.7;19.04;9.81;5.49;0.93;2.96;5.61;198;148.7;32.2;5.9;11.2;1.93;1.09;0.24;0.32;0.48;0.42;0.111;39.3;3.57;1.73;1.08;0.2;0.63;4.77;128.2;111.8;5.6;1.3;9.5;0.16;0.18;0.04;0.05
11;50;100;0;100;15.12;3.9;10.94;3.73;3.83;0.195;60.4;19.65;10.31;5.57;0.94;3.16;5.99;197.1;148.4;30.4;6.3;12;1.93;1.32;0.25;0.33;0.54;0.56;0.128;39.6;4.22;2.07;1.31;0.21;0.74;4.95;129.3;112;5.9;1.5;9.9;0.17;0.28;0.04;0.06
11;50;100;50;0;18.28;3.95;11.68;3.4;3.48;0.175;66.4;19.92;10.1;5.88;0.93;3.14;6.34;202.4;143.9;39.6;6.3;12.7;1.88;1.01;0.26;0.33;0.52;0.51;0.101;33.6;4.86;2.21;1.58;0.28;0.81;5.34;102.1;86;3.8;1.6;10.7;0.26;0.13;0.05;0.07
11;50;100;50;50;18.27;4.33;12.63;3.78;3.82;0.185;65.2;20.67;10.58;5.99;1.01;3.16;6.93;200;140.9;38.9;6.3;13.9;1.84;1.38;0.25;0.35;0.69;0.69;0.105;34.8;6.43;3.06;2.06;0.33;1.17;5.7;106.6;87.4;5.4;2.3;11.4;0.36;0.18;0.06;0.09
11;50;100;50;100;18.29;4.79;13.66;4.08;4.17;0.197;64.2;21.13;11.09;6;0.98;3.29;7.41;197;137.8;37.8;6.6;14.8;1.79;1.76;0.26;0.35;0.94;0.93;0.11;35.8;8.32;4.01;2.59;0.41;1.5;6.26;109.6;88.9;5.2;3;12.5;0.47;0.25;0.09;0.11
11;50;100;100;0;20.92;4.44;12.7;3.54;3.64;0.171;72.8;21.35;10.85;6.2;1.08;3.41;6.89;205.4;138;46.8;6.8;13.8;1.79;1.22;0.27;0.36;0.6;0.58;0.101;27.2;5.62;2.66;1.73;0.29;1.03;5.8;76.5;59.3;3.5;2.1;11.6;0.32;0.12;0.07;0.08
11;50;100;100;50;21.11;5.13;14.48;4.01;4.06;0.182;70.9;22.3;11.58;6.35;1.11;3.59;7.9;201.3;132.6;45.7;7.2;15.8;1.73;1.67;0.28;0.39;0.92;0.88;0.103;29.1;8.47;3.98;2.65;0.44;1.55;6.58;82.3;61;5.1;3.1;13.2;0.5;0.17;0.09;0.11
11;50;100;100;100;21.41;5.45;15.89;4.5;4.54;0.196;69.8;23.18;12.11;6.58;1.18;3.54;8.72;198.3;128.7;45.2;7.1;17.4;1.68;2.19;0.27;0.39;1.1;1.1;0.105;30.2;10.36;4.98;3.25;0.54;1.91;7.17;85.5;62.2;5.1;3.8;14.3;0.62;0.24;0.1;0.14
11;100;0;0;0;17.44;2.93;8.47;2.31;2.45;0.177;53.5;13.84;7.11;4;0.69;2.25;4.5;141.4;106.7;21.2;4.5;9;1.68;0.36;0.17;0.23;0.38;0.4;0.096;46.5;3.9;1.83;1.28;0.19;0.68;3.97;122.9;104.6;9;1.4;7.9;0.14;0.16;0.04;0.06
11;100;0;0;50;17.02;3.19;8.79;2.58;2.58;0.182;53.6;14.23;7.37;4.03;0.7;2.29;4.79;141.8;107.5;20.1;4.6;9.6;1.7;0.46;0.18;0.24;0.52;0.53;0.109;46.4;4.7;2.28;1.44;0.27;0.89;4.01;122.7;103.8;9.1;1.8;8;0.15;0.26;0.05;0.07
11;100;0;0;100;16.65;3.33;9.33;2.66;2.68;0.183;52.5;14.71;7.64;4.21;0.73;2.38;5.01;141.4;107.6;19;4.8;10;1.69;0.57;0.19;0.24;0.66;0.64;0.118;47.5;5.36;2.56;1.66;0.3;0.95;4.32;127.8;103.7;13.5;1.9;8.6;0.15;0.36;0.06;0.07
11;100;0;50;0;19.51;3.21;9.32;2.5;2.49;0.174;59.2;14.33;7.29;4.22;0.69;2.28;5.06;144;104.7;24.7;4.6;10.1;1.64;0.42;0.18;0.24;0.51;0.52;0.096;40.8;5.25;2.4;1.67;0.27;0.93;4.26;99.1;79.8;8.9;1.9;8.5;0.25;0.15;0.05;0.07
11;100;0;50;50;19.41;3.63;10.64;2.64;2.68;0.177;58.7;15.17;7.73;4.4;0.79;2.38;5.8;144.1;103.9;23.9;4.8;11.6;1.65;0.59;0.18;0.26;0.74;0.74;0.104;41.3;7.04;3.32;2.21;0.38;1.25;4.84;101.3;80.3;8.7;2.5;9.7;0.32;0.25;0.07;0.1
11;100;0;50;100;19.34;4.17;11.96;2.89;2.88;0.182;57.1;15.88;8.23;4.53;0.77;2.5;6.54;144;102.8;23.1;5;13.1;1.64;0.78;0.2;0.27;0.97;0.98;0.107;42.9;9.14;4.37;2.89;0.5;1.67;5.42;108.2;81.1;12.9;3.3;10.8;0.43;0.33;0.09;0.13
11;100;0;100;0;21.33;3.54;10.02;2.54;2.57;0.17;66.6;15.1;7.66;4.46;0.76;2.47;5.47;147.2;103.1;28.3;4.9;10.9;1.63;0.49;0.19;0.26;0.65;0.58;0.097;33.4;5.91;2.87;1.77;0.32;1.07;4.55;73.9;54;8.7;2.1;9.1;0.29;0.15;0.06;0.08
11;100;0;100;50;21.52;4.28;11.97;2.68;2.78;0.173;65.4;16.08;8.24;4.74;0.77;2.67;6.46;147;101.1;27.6;5.3;12.9;1.6;0.7;0.2;0.28;0.98;0.92;0.102;34.6;8.83;4.25;2.72;0.47;1.61;5.51;77.7;54.9;8.5;3.2;11;0.45;0.24;0.1;0.13
11;100;0;100;100;21.71;4.69;13.54;2.86;2.98;0.178;63.4;16.76;8.56;4.91;0.82;2.75;7.36;146.5;99.3;27;5.5;14.7;1.54;0.94;0.21;0.28;1.18;1.17;0.104;36.6;11.1;5.27;3.49;0.59;1.94;6.18;84.7;55.8;12.7;3.9;12.4;0.57;0.33;0.12;0.16
11;100;50;0;0;17.75;3.71;10.78;3.35;3.48;0.182;54.2;19.17;9.77;5.6;0.95;3.03;6.02;146.1;106.6;21.4;6.1;12;2.42;0.51;0.23;0.33;0.44;0.43;0.104;45.8;3.94;1.8;1.27;0.24;0.68;4.76;123.7;104.7;8.1;1.4;9.5;0.14;0.2;0.04;0.05
11;100;50;0;50;17.2;4.05;11.37;3.58;3.65;0.185;52.9;19.7;10.21;5.68;0.97;3.19;6.17;145.2;106.5;20;6.4;12.3;2.41;0.67;0.25;0.32;0.62;0.59;0.119;47.1;4.81;2.36;1.48;0.23;0.86;5.19;129.1;104.8;12.1;1.7;10.4;0.15;0.32;0.05;0.07
11;100;50;0;100;17.08;4.13;12.02;3.85;3.93;0.192;52.7;20.45;10.58;5.9;0.97;3.22;6.48;145.1;106.4;19.2;6.4;13;2.42;0.91;0.26;0.34;0.7;0.73;0.133;47.3;5.45;2.63;1.67;0.31;0.91;5.54;130.3;104.9;12.5;1.8;11.1;0.15;0.45;0.05;0.08
11;100;50;50;0;19.75;4.21;11.91;3.48;3.57;0.178;59.4;20.1;10.39;5.81;0.98;3.25;6.54;148;103.3;25.1;6.5;13.1;2.34;0.62;0.26;0.35;0.57;0.57;0.103;40.6;5.39;2.53;1.7;0.29;0.96;5.37;101.1;80.7;7.7;1.9;10.7;0.24;0.19;0.06;0.08
11;100;50;50;50;19.94;4.5;13.36;3.61;3.76;0.181;57.6;20.85;10.68;6.03;1.05;3.23;7.23;147.1;101.6;24.5;6.5;14.5;2.29;0.86;0.26;0.36;0.81;0.8;0.109;42.4;7.24;3.42;2.26;0.35;1.27;6.14;108.3;82;11.5;2.5;12.3;0.34;0.29;0.06;0.1
11;100;50;50;100;19.74;4.95;14.4;4.01;4.02;0.189;58.9;21.23;11.01;6.05;0.99;3.32;7.81;158.3;100.9;35.1;6.6;15.6;2.29;1.14;0.25;0.35;1.09;1.08;0.115;41.1;9.32;4.48;2.87;0.5;1.63;6.59;110.4;82.4;11.6;3.3;13.2;0.44;0.42;0.1;0.13
11;100;50;100;0;21.91;4.52;12.78;3.7;3.72;0.177;66;21.08;10.81;6.17;1.05;3.4;6.9;149.5;99.9;29;6.8;13.8;2.27;0.83;0.27;0.35;0.64;0.64;0.103;34;6.11;2.92;1.88;0.34;1.12;5.88;77.1;55.5;7.6;2.2;11.8;0.29;0.19;0.07;0.08
11;100;50;100;50;22.24;5.18;14.63;3.94;3.96;0.181;65.8;21.94;11.34;6.26;1.1;3.59;7.9;163;97.2;42.8;7.2;15.8;2.2;1.11;0.29;0.37;1;0.98;0.106;34.2;9.09;4.32;2.84;0.51;1.59;6.73;84.7;56.8;11.3;3.2;13.5;0.46;0.29;0.1;0.13
11;100;50;100;100;22.14;5.61;15.98;4.31;4.24;0.187;65.1;22.73;11.82;6.51;1.14;3.56;8.74;162;95.9;41.5;7.1;17.5;2.17;1.41;0.28;0.38;1.29;1.25;0.111;34.9;11.16;5.41;3.38;0.59;2.05;7.24;86.9;57.4;10.9;4.1;14.5;0.58;0.4;0.12;0.15
11;100;100;0;0;17.51;4.33;12.63;4.27;4.23;0.183;55.7;23.15;11.94;6.78;1.13;3.63;6.97;158.3;104.9;32.3;7.3;13.9;2.84;0.72;0.29;0.38;0.48;0.49;0.114;44.3;4.09;1.96;1.26;0.23;0.71;5.66;125.8;106.3;6.7;1.4;11.3;0.15;0.24;0.04;0.06
11;100;100;0;50;17.5;4.54;12.96;4.42;4.54;0.192;54.3;23.68;12.25;6.79;1.14;3.74;7.03;156.3;103.4;31.4;7.5;14.1;2.78;1.08;0.29;0.39;0.65;0.63;0.128;45.7;4.79;2.35;1.48;0.25;0.8;5.93;131.5;107.7;10.3;1.6;11.9;0.16;0.35;0.05;0.07
11;100;100;0;100;17.16;4.66;13.46;4.7;4.76;0.197;54.1;24.15;12.69;6.81;1.16;3.7;7.32;155.4;103.8;29.6;7.4;14.6;2.79;1.28;0.3;0.4;0.8;0.81;0.147;45.9;5.4;2.71;1.61;0.27;0.95;6.15;132.1;107.4;10.6;1.9;12.3;0.16;0.52;0.05;0.07
11;100;100;50;0;19.84;4.84;13.63;4.36;4.36;0.182;60.6;24.07;12.48;6.76;1.23;3.91;7.37;160.6;99.6;38.4;7.8;14.7;2.69;0.97;0.32;0.39;0.61;0.62;0.109;39.4;5.56;2.56;1.8;0.28;0.93;6.26;104.2;83.4;6.5;1.9;12.5;0.25;0.23;0.06;0.08
11;100;100;50;50;19.99;5.28;14.89;4.57;4.71;0.189;59.1;24.9;12.8;7.2;1.18;3.92;8.12;159.8;98.4;37.4;7.8;16.2;2.64;1.33;0.32;0.42;0.92;0.87;0.116;40.9;7.45;3.61;2.33;0.39;1.35;6.77;110.5;84.2;10;2.7;13.5;0.35;0.34;0.08;0.1
11;100;100;50;100;19.9;5.66;16.08;4.99;5.08;0.199;58.5;25.58;13.53;7.15;1.23;4.01;8.78;158.8;96.8;36.5;8;17.6;2.63;1.71;0.31;0.43;1.16;1.14;0.121;41.5;9.32;4.5;2.86;0.51;1.65;7.31;112.8;85.4;9.5;3.3;14.6;0.45;0.46;0.09;0.13
11;100;100;100;0;22.32;5.16;14.89;4.47;4.48;0.177;67.2;25.33;12.87;7.47;1.25;4.02;8.02;164.3;95.4;44.8;8;16;2.55;1.18;0.32;0.43;0.71;0.71;0.107;32.8;6.47;3.07;2.05;0.35;1.13;6.87;80;57.6;6.4;2.3;13.7;0.32;0.23;0.07;0.09
11;100;100;100;50;22.4;5.81;16.46;4.83;4.89;0.187;65.6;26.17;13.7;7.45;1.25;4.17;9.04;164;93.8;43.8;8.3;18.1;2.53;1.58;0.34;0.44;1;1;0.11;34.4;9.03;4.29;2.79;0.5;1.64;7.41;85.9;58.4;9.3;3.3;14.8;0.47;0.32;0.09;0.12
11;100;100;100;100;22.52;6.16;17.82;5.25;5.29;0.198;64.4;26.78;13.95;7.52;1.29;4.14;9.71;161.5;90.5;43.4;8.3;19.4;2.44;2.1;0.32;0.44;1.29;1.32;0.114;35.6;11.38;5.41;3.52;0.63;2.02;8.11;89.3;60;9;4;16.2;0.61;0.43;0.12;0.15
12;0;0;0;0;14.09;1.8;5.21;1.34;1.3;0.155;68.2;8.4;4.23;2.53;0.42;1.38;2.84;239.7;208.3;22.9;2.8;5.7;0.66;0.39;0.11;0.14;0.25;0.24;0.083;31.8;2.45;1.14;0.77;0.14;0.43;2.37;111.6;103.6;2.3;0.9;4.7;0.14;0.04;0.03;0.04
12;0;0;0;50;13.62;1.98;5.53;1.5;1.44;0.162;67.9;8.88;4.58;2.59;0.44;1.47;3.05;238.1;207.2;21.8;2.9;6.1;0.67;0.52;0.11;0.15;0.24;0.26;0.088;32.1;2.66;1.25;0.83;0.13;0.51;2.48;112.3;104.1;2.2;1;5;0.15;0.05;0.03;0.04
12;0;0;0;100;13.38;2.05;6.05;1.6;1.58;0.165;67.1;9.61;4.87;2.83;0.5;1.54;3.34;235.2;204.1;21.3;3.1;6.7;0.66;0.64;0.12;0.17;0.32;0.3;0.091;32.9;3.01;1.39;0.96;0.16;0.51;2.71;115;105.5;3.1;1;5.4;0.16;0.07;0.03;0.04
12;0;0;50;0;16.13;2.27;6.4;1.34;1.4;0.151;73.1;9.21;4.53;2.85;0.45;1.52;3.52;240.9;204.3;26.5;3;7;0.66;0.45;0.12;0.16;0.36;0.38;0.091;26.9;3.93;1.83;1.22;0.2;0.75;2.89;88.4;79;2.2;1.5;5.8;0.24;0.04;0.05;0.06
12;0;0;50;50;16.28;2.63;7.32;1.57;1.57;0.158;72.1;9.95;5.06;2.87;0.49;1.65;4.02;236.9;199.3;26.2;3.3;8;0.63;0.64;0.13;0.17;0.5;0.5;0.094;27.9;5.19;2.47;1.61;0.29;0.98;3.29;91.3;80.6;2.1;2;6.6;0.33;0.05;0.05;0.07
12;0;0;50;100;16.18;2.97;8.6;1.84;1.79;0.166;71;10.78;5.57;3.04;0.55;1.74;4.76;233.4;195.1;25.3;3.5;9.5;0.62;0.85;0.14;0.19;0.71;0.68;0.095;29;7.01;3.26;2.2;0.37;1.23;3.84;95.2;82;3.1;2.5;7.7;0.44;0.07;0.07;0.1
12;0;0;100;0;18.3;2.52;7.03;1.45;1.47;0.147;79;9.94;5.02;2.87;0.49;1.69;3.77;240.7;199.3;30.4;3.4;7.5;0.63;0.52;0.13;0.18;0.47;0.45;0.092;21;4.66;2.14;1.45;0.26;0.83;3.26;64;53.7;2.2;1.7;6.5;0.29;0.04;0.05;0.07
12;0;0;100;50;18.64;3.12;8.92;1.75;1.74;0.155;77.8;11.23;5.66;3.36;0.54;1.83;4.84;237.3;194;29.9;3.7;9.7;0.64;0.75;0.15;0.2;0.69;0.68;0.095;22.2;7.03;3.27;2.21;0.38;1.28;4.08;67.7;54.8;2.1;2.6;8.2;0.45;0.05;0.08;0.1
12;0;0;100;100;18.83;3.62;10.29;2.07;2.01;0.163;76.4;12.32;6.3;3.63;0.6;1.98;5.73;232.8;188;29.4;4;11.5;0.59;1.04;0.16;0.22;0.9;0.86;0.095;23.6;8.94;4.16;2.79;0.48;1.64;4.57;71.7;56.2;3.1;3.3;9.1;0.57;0.07;0.1;0.12
12;0;50;0;0;14.2;2;5.98;1.52;1.54;0.155;67.4;9.94;4.87;3;0.55;1.58;3.29;235.8;202.7;23.4;3.2;6.6;0.67;0.56;0.13;0.17;0.25;0.25;0.085;32.6;2.5;1.18;0.79;0.13;0.42;2.69;114.1;106.1;1.7;0.8;5.4;0.15;0.04;0.02;0.03
12;0;50;0;50;14.1;2.24;6.42;1.69;1.72;0.162;66.7;10.62;5.36;3.13;0.54;1.75;3.48;233;199.7;22.9;3.5;7;0.65;0.75;0.14;0.18;0.25;0.28;0.091;33.3;2.78;1.29;0.91;0.14;0.49;2.94;116.1;107.4;1.8;1;5.9;0.16;0.06;0.03;0.04
12;0;50;0;100;13.8;2.37;6.68;1.98;2.01;0.177;66;11.36;5.8;3.26;0.56;1.78;3.71;229.9;196.9;22.1;3.6;7.4;0.64;1.04;0.14;0.19;0.29;0.33;0.099;34;3.02;1.43;0.96;0.15;0.58;2.97;118.5;108.6;2.7;1.2;5.9;0.16;0.09;0.03;0.04
12;0;50;50;0;16.63;2.53;7.24;1.69;1.67;0.15;72.1;11.13;5.65;3.28;0.58;1.85;4.02;236;196.7;27.6;3.7;8;0.64;0.68;0.16;0.2;0.39;0.37;0.093;27.9;3.86;1.84;1.19;0.21;0.68;3.21;91;81.5;1.7;1.4;6.4;0.24;0.04;0.04;0.05
12;0;50;50;50;16.95;2.96;8.6;1.97;1.96;0.158;70.7;12.35;6.21;3.65;0.63;1.96;4.67;230.3;189.9;27.2;3.9;9.3;0.62;0.95;0.17;0.22;0.56;0.53;0.095;29.3;5.49;2.57;1.74;0.3;1;3.93;95.3;83.7;1.7;2;7.9;0.35;0.06;0.05;0.08
12;0;50;50;100;16.91;3.37;9.69;2.26;2.26;0.175;70.7;12.94;6.66;3.77;0.6;2.05;5.27;239.9;185.6;39.6;4.1;10.5;0.58;1.29;0.17;0.22;0.71;0.72;0.098;29.3;7.21;3.4;2.27;0.39;1.32;4.42;99.2;85.1;2.6;2.6;8.8;0.46;0.09;0.08;0.1
12;0;50;100;0;18.86;2.92;8.34;1.87;1.91;0.152;77.8;12.53;6.13;3.76;0.68;2.08;4.55;234.3;189.6;31.5;4.2;9.1;0.63;0.89;0.17;0.22;0.47;0.46;0.094;22.2;4.8;2.18;1.52;0.27;0.84;3.8;66.7;55.8;1.6;1.7;7.6;0.31;0.04;0.05;0.07
12;0;50;100;50;19.49;3.54;10.13;2.21;2.21;0.161;77.5;13.71;6.92;4;0.71;2.21;5.53;244.9;182.3;47.1;4.4;11.1;0.58;1.21;0.18;0.24;0.68;0.71;0.095;22.5;7.3;3.38;2.33;0.38;1.32;4.6;70.9;57.4;1.7;2.6;9.2;0.47;0.05;0.08;0.11
12;0;50;100;100;19.73;3.94;11.55;2.53;2.53;0.173;76.1;14.62;7.44;4.25;0.76;2.26;6.3;239.9;176.6;46.1;4.5;12.6;0.55;1.54;0.19;0.25;0.93;0.9;0.097;23.9;9.16;4.37;2.83;0.48;1.68;5.25;75;58.6;2.6;3.4;10.5;0.59;0.09;0.09;0.13
12;0;100;0;0;14.68;2.37;6.89;1.84;1.84;0.154;67.3;11.91;5.96;3.54;0.61;1.94;3.82;242.7;195.4;35.9;3.9;7.6;0.65;0.81;0.16;0.21;0.25;0.27;0.088;32.7;2.63;1.22;0.8;0.15;0.43;3.07;118.1;109.3;1.8;0.9;6.1;0.15;0.05;0.03;0.04
12;0;100;0;50;14.63;2.54;7.08;2.14;2.18;0.176;66.5;12.42;6.37;3.54;0.65;2;3.87;239;191.9;35.3;4;7.7;0.61;1.2;0.16;0.21;0.32;0.31;0.099;33.5;2.82;1.39;0.82;0.17;0.54;3.2;120.1;110.8;1.8;1.1;6.4;0.15;0.09;0.03;0.04
12;0;100;0;100;14.29;2.66;7.5;2.53;2.47;0.187;65.5;13.18;6.88;3.72;0.67;2.08;4.05;234.5;188.3;33.9;4.2;8.1;0.61;1.47;0.16;0.22;0.35;0.36;0.104;34.5;3.13;1.48;0.99;0.17;0.58;3.45;123.1;112.4;2.7;1.2;6.9;0.17;0.11;0.03;0.04
12;0;100;50;0;17.46;2.88;8.52;2.06;2.1;0.156;71.8;13.46;6.73;4.02;0.65;2.12;4.74;243.3;186.6;42.9;4.2;9.5;0.6;1.08;0.16;0.25;0.42;0.41;0.094;28.2;4.14;1.96;1.3;0.23;0.76;3.77;95.5;84.8;1.6;1.5;7.5;0.26;0.05;0.05;0.06
12;0;100;50;50;17.57;3.39;9.51;2.44;2.48;0.173;70.8;14.34;7.26;4.16;0.77;2.33;5.31;239;181.6;42.1;4.7;10.6;0.58;1.48;0.18;0.26;0.58;0.57;0.099;29.2;5.65;2.67;1.79;0.31;1.06;4.19;98.6;86.5;1.7;2.1;8.4;0.35;0.08;0.06;0.08
12;0;100;50;100;17.44;3.73;10.72;2.92;2.88;0.193;69.4;14.98;7.87;4.16;0.75;2.4;5.88;233.9;176.7;40.6;4.8;11.8;0.55;1.9;0.18;0.25;0.83;0.78;0.1;30.6;7.67;3.55;2.5;0.4;1.32;4.83;102.8;88;2.5;2.6;9.7;0.48;0.11;0.08;0.11
12;0;100;100;0;19.99;3.46;9.65;2.33;2.33;0.153;77.5;15.16;7.69;4.4;0.76;2.52;5.3;243.2;178.2;49.4;5;10.6;0.56;1.29;0.21;0.27;0.51;0.49;0.094;22.5;5.05;2.36;1.6;0.28;0.94;4.35;70.4;58.3;1.5;1.9;8.7;0.32;0.05;0.06;0.07
12;0;100;100;50;20.38;4.14;11.64;2.82;2.84;0.172;76;16.54;8.52;4.81;0.83;2.69;6.4;237.6;170.7;48.7;5.4;12.8;0.56;1.8;0.21;0.28;0.79;0.75;0.097;24;7.66;3.63;2.4;0.38;1.45;5.24;74.8;59.9;1.5;2.9;10.5;0.5;0.07;0.08;0.1
12;0;100;100;100;20.88;4.45;12.95;3.49;3.44;0.192;74.4;17.92;9.36;5.13;0.84;2.73;7.08;231;162.4;49;5.5;14.2;0.52;2.39;0.22;0.3;0.89;0.94;0.098;25.6;9.49;4.35;3.04;0.51;1.72;5.87;79;61.7;2.1;3.4;11.7;0.62;0.09;0.1;0.13
12;50;0;0;0;15.79;2.43;6.96;2;1.99;0.17;62.8;11.72;5.99;3.51;0.54;1.87;3.78;193.4;159.6;22.6;3.7;7.6;1.24;0.39;0.15;0.21;0.3;0.3;0.09;37.2;3.01;1.43;0.95;0.17;0.56;3.18;114.4;101.7;5.1;1.1;6.4;0.14;0.09;0.04;0.04
12;50;0;0;50;15.3;2.58;7.26;2.16;2.13;0.175;62.8;12.2;6.32;3.49;0.61;1.98;4.01;193;159.7;21.4;4;8;1.26;0.51;0.16;0.2;0.36;0.35;0.096;37.2;3.38;1.59;1.07;0.16;0.6;3.25;114.5;101.7;5.1;1.2;6.5;0.14;0.13;0.04;0.04
12;50;0;0;100;15.1;2.69;7.93;2.24;2.24;0.176;61.9;12.72;6.54;3.65;0.63;1.99;4.33;192.4;159.2;20.6;4;8.7;1.25;0.62;0.16;0.21;0.42;0.46;0.109;38.1;4.06;1.95;1.25;0.23;0.7;3.59;118.5;102;7.9;1.4;7.2;0.15;0.2;0.04;0.06
12;50;0;50;0;17.94;2.84;7.95;2.03;2.03;0.166;68.1;12.29;6.28;3.6;0.6;2.01;4.35;195.5;156.6;26.2;4;8.7;1.21;0.45;0.17;0.21;0.39;0.43;0.094;31.9;4.4;2.09;1.41;0.22;0.83;3.6;91.4;77.6;5;1.7;7.2;0.23;0.09;0.05;0.06
12;50;0;50;50;17.83;3.2;9.01;2.16;2.18;0.169;67.3;12.89;6.58;3.67;0.67;2.12;4.86;193.5;154;25.5;4.2;9.7;1.18;0.62;0.16;0.22;0.6;0.59;0.098;32.7;5.94;2.78;1.86;0.34;1.09;4.15;94.1;78.7;5;2.2;8.3;0.32;0.12;0.06;0.08
12;50;0;50;100;17.71;3.6;10.27;2.42;2.39;0.176;66;13.62;7.04;3.96;0.66;2.16;5.66;192;151.8;24.6;4.3;11.3;1.16;0.83;0.17;0.23;0.83;0.81;0.102;34;7.83;3.73;2.46;0.42;1.44;4.61;99;79.6;7.2;2.9;9.2;0.43;0.18;0.09;0.1
12;50;0;100;0;19.8;3.02;8.57;2.11;2.07;0.163;74.8;12.77;6.53;3.74;0.62;2.07;4.72;198.3;154.9;29.7;4.1;9.4;1.19;0.5;0.16;0.22;0.51;0.49;0.095;25.2;5.03;2.41;1.55;0.26;0.95;3.85;66.7;52.1;5;1.9;7.7;0.28;0.09;0.06;0.07
12;50;0;100;50;20.2;3.6;10.37;2.27;2.33;0.166;73.5;14.05;7.04;4.13;0.69;2.27;5.75;195.2;149.7;29.4;4.5;11.5;1.16;0.74;0.18;0.24;0.76;0.73;0.096;26.5;7.43;3.47;2.32;0.43;1.33;4.62;70.3;53.6;4.8;2.7;9.2;0.43;0.12;0.08;0.1
12;50;0;100;100;20.23;4.22;11.79;2.46;2.56;0.172;71.6;14.88;7.58;4.28;0.75;2.44;6.46;192.1;145.7;28.6;4.9;12.9;1.1;1.01;0.2;0.26;0.99;0.97;0.099;28.4;9.66;4.55;3.03;0.48;1.78;5.33;76.1;54.8;7.1;3.6;10.7;0.56;0.18;0.1;0.13
12;50;50;0;0;15.78;2.91;8.48;2.59;2.61;0.173;62.6;15.07;7.67;4.42;0.75;2.37;4.65;194.2;157.3;22.9;4.7;9.3;1.62;0.54;0.19;0.26;0.33;0.32;0.096;37.4;3.06;1.44;0.97;0.16;0.55;3.84;116;103.1;4.2;1.1;7.7;0.14;0.1;0.03;0.04
12;50;50;0;50;15.52;3.15;8.84;2.86;2.81;0.178;62;15.83;8.2;4.53;0.76;2.55;4.86;192.2;155.4;22;5.1;9.7;1.61;0.73;0.2;0.27;0.41;0.37;0.102;38;3.39;1.58;1.11;0.18;0.61;3.98;117.5;104.2;4.1;1.2;8;0.15;0.14;0.03;0.05
12;50;50;0;100;15.18;3.23;9.24;3.13;3.07;0.187;61.2;16.41;8.54;4.67;0.8;2.55;5.06;190.5;154.1;21.1;5.1;10.1;1.59;1;0.21;0.27;0.47;0.47;0.117;38.8;3.81;1.84;1.21;0.2;0.69;4.18;120.8;104.9;6.1;1.4;8.4;0.16;0.22;0.05;0.05
12;50;50;50;0;18.14;3.48;9.77;2.76;2.77;0.169;67.5;16.43;8.45;4.78;0.81;2.69;5.35;195.3;152.4;26.9;5.4;10.7;1.59;0.67;0.22;0.29;0.45;0.43;0.098;32.5;4.24;2.04;1.28;0.27;0.79;4.42;93.8;79.4;4;1.6;8.8;0.23;0.1;0.04;0.06
12;50;50;50;50;17.9;3.78;10.7;2.94;2.94;0.174;66.5;16.92;8.68;4.84;0.82;2.69;5.86;192.1;149.1;25.9;5.4;11.7;1.55;0.88;0.21;0.29;0.65;0.62;0.1;33.5;6.06;2.84;1.91;0.34;1.09;4.84;96.6;80.8;4;2.2;9.7;0.34;0.13;0.06;0.08
12;50;50;50;100;18.07;4.27;12.21;3.26;3.29;0.184;66.5;17.86;9.24;5.12;0.91;2.85;6.64;202.8;145.7;38.2;5.7;13.3;1.52;1.24;0.23;0.31;0.86;0.85;0.105;33.5;7.95;3.71;2.54;0.43;1.42;5.57;102.1;82.3;5.8;2.8;11.1;0.45;0.21;0.08;0.1
12;50;50;100;0;20.18;3.7;10.83;2.82;2.94;0.169;73.7;17.42;8.78;5.19;0.84;2.77;5.92;195.8;147.9;30.5;5.5;11.8;1.54;0.86;0.22;0.31;0.54;0.53;0.098;26.3;5.23;2.45;1.63;0.29;0.92;4.91;69.7;54.2;3.8;1.8;9.8;0.3;0.1;0.06;0.07
12;50;50;100;50;20.57;4.32;12.44;3.24;3.18;0.174;73.9;18.31;9.39;5.26;0.94;2.87;6.85;208.1;143.1;45.6;5.7;13.7;1.48;1.17;0.23;0.3;0.78;0.78;0.099;26.1;7.73;3.67;2.41;0.41;1.45;5.59;73.4;55.6;3.8;2.9;11.2;0.46;0.13;0.09;0.11
12;50;50;100;100;20.76;4.77;13.62;3.65;3.46;0.181;72.3;19.11;9.96;5.37;0.96;2.95;7.52;204.3;138.5;44.8;5.9;15;1.4;1.52;0.23;0.32;1.04;1.01;0.103;27.7;9.72;4.72;2.97;0.49;1.81;6.09;78.3;56.9;5.6;3.6;12.2;0.58;0.19;0.11;0.13
12;50;100;0;0;16.04;3.55;10.26;3.4;3.36;0.175;63.1;19.24;9.77;5.61;1.01;3.02;5.57;204.7;151.9;35.6;6;11.1;1.99;0.8;0.24;0.33;0.32;0.32;0.098;36.9;2.93;1.41;0.92;0.17;0.53;4.69;119.6;106.2;3;1.1;9.4;0.14;0.1;0.03;0.05
12;50;100;0;50;15.69;3.63;10.41;3.73;3.68;0.188;62.1;19.61;10.31;5.43;0.94;3.04;5.55;201;149.9;33.9;6.1;11.1;1.95;1.16;0.25;0.32;0.41;0.39;0.109;37.9;3.33;1.64;1.01;0.18;0.59;4.86;122.8;107.4;4.6;1.2;9.7;0.15;0.15;0.04;0.05
12;50;100;0;100;15.35;3.83;10.69;4.06;3.93;0.195;61.8;20.21;10.85;5.57;0.98;3.2;5.82;199.9;148.9;32.9;6.4;11.6;1.94;1.42;0.25;0.32;0.49;0.46;0.121;38.2;3.59;1.73;1.11;0.18;0.63;4.87;123.4;108;4.4;1.3;9.7;0.16;0.21;0.04;0.05
12;50;100;50;0;18.45;4.22;11.55;3.49;3.58;0.175;68.2;20.48;10.6;5.82;1.04;3.4;6.39;207.7;146.6;41.4;6.8;12.8;1.92;1.04;0.27;0.35;0.45;0.45;0.1;31.8;4.29;2.08;1.35;0.23;0.82;5.16;96.8;81.9;2.9;1.6;10.3;0.24;0.1;0.05;0.06
12;50;100;50;50;18.62;4.47;12.57;3.99;3.93;0.185;66.6;21.27;10.96;6.13;1.04;3.37;6.85;203.5;142.1;41;6.7;13.7;1.86;1.44;0.26;0.36;0.63;0.62;0.103;33.4;5.86;2.86;1.83;0.29;1.1;5.72;101.8;83.9;4.2;2.2;11.4;0.34;0.14;0.06;0.08
12;50;100;50;100;18.65;4.83;13.76;4.29;4.3;0.197;65.5;21.8;11.47;6.24;1.01;3.44;7.41;200;138.5;39.8;6.9;14.8;1.81;1.85;0.28;0.36;0.91;0.85;0.107;34.5;7.79;3.79;2.42;0.39;1.4;6.36;105.2;85.4;4.3;2.8;12.7;0.46;0.2;0.08;0.11
12;50;100;100;0;20.95;4.45;12.77;3.83;3.75;0.17;74.2;22.02;11.37;6.27;1.13;3.5;7.14;209.2;139.9;48;7;14.3;1.82;1.26;0.28;0.39;0.54;0.54;0.098;25.8;5.27;2.46;1.67;0.3;0.95;5.63;72.6;56.5;2.9;1.9;11.3;0.31;0.1;0.06;0.07
12;50;100;100;50;21.45;5.11;14.3;4.05;4.15;0.182;72.3;22.81;11.69;6.57;1.16;3.65;7.74;204.8;134;48;7.3;15.5;1.75;1.74;0.29;0.38;0.78;0.79;0.1;27.7;7.73;3.67;2.38;0.39;1.46;6.56;78.2;58.2;3.9;2.9;13.1;0.47;0.13;0.09;0.1
12;50;100;100;100;21.56;5.46;15.63;4.72;4.67;0.196;71.3;23.84;12.58;6.7;1.16;3.7;8.61;201.5;129.7;47.3;7.4;17.2;1.7;2.28;0.29;0.4;1.01;1.01;0.104;28.7;9.67;4.55;3;0.56;1.76;7.03;81;59.5;4;3.5;14.1;0.59;0.18;0.1;0.13
12;100;0;0;0;17.43;3.01;8.39;2.54;2.55;0.177;55.5;14.45;7.42;4.16;0.74;2.35;4.65;145;109.1;22;4.7;9.3;1.74;0.38;0.19;0.25;0.42;0.38;0.096;44.5;3.7;1.8;1.11;0.2;0.66;3.75;116.5;99.4;8.2;1.3;7.5;0.14;0.15;0.04;0.05
12;100;0;0;50;17.39;3.13;8.85;2.68;2.66;0.18;55.2;14.76;7.62;4.27;0.68;2.35;4.8;144.6;108.9;21.5;4.7;9.6;1.71;0.51;0.2;0.24;0.48;0.48;0.108;44.8;4.28;2.03;1.34;0.22;0.78;4.05;117.6;99.6;8.3;1.6;8.1;0.14;0.23;0.04;0.06
12;100;0;0;100;16.82;3.41;9.36;2.73;2.78;0.182;54.1;15.28;7.83;4.35;0.79;2.5;5.09;144.3;109.1;19.9;5;10.2;1.72;0.6;0.2;0.26;0.6;0.6;0.115;45.9;5.06;2.4;1.58;0.28;0.92;4.27;122.3;99.4;12.5;1.8;8.5;0.15;0.33;0.05;0.07
12;100;0;50;0;19.26;3.25;9.22;2.55;2.53;0.174;60.9;14.55;7.55;4.1;0.72;2.4;4.95;146.9;106.9;25.4;4.8;9.9;1.68;0.42;0.19;0.24;0.45;0.49;0.096;39.1;4.93;2.26;1.63;0.25;0.86;4.28;94.3;75.9;8.1;1.7;8.6;0.23;0.14;0.06;0.07
12;100;0;50;50;19.42;3.65;10.6;2.74;2.76;0.177;60.5;15.63;8.05;4.5;0.8;2.48;5.85;147.8;106.2;24.9;5;11.7;1.69;0.6;0.2;0.28;0.7;0.71;0.104;39.5;6.67;3.12;2.14;0.35;1.18;4.75;96.3;76.4;8.1;2.4;9.5;0.31;0.23;0.07;0.1
12;100;0;50;100;19.3;3.98;11.75;3;2.91;0.181;58.7;16.07;8.32;4.55;0.75;2.44;6.41;146.3;104.7;23.9;4.9;12.8;1.64;0.8;0.2;0.27;0.94;0.95;0.106;41.3;8.79;4.17;2.77;0.48;1.54;5.34;102.8;77.4;11.7;3.1;10.7;0.42;0.3;0.09;0.13
12;100;0;100;0;21.48;3.57;10.03;2.6;2.64;0.171;68.1;15.52;7.92;4.51;0.76;2.54;5.46;150.5;105.3;29.3;5.1;10.9;1.67;0.5;0.2;0.26;0.55;0.56;0.096;31.9;5.63;2.6;1.8;0.31;1.03;4.57;70.5;51.3;8;2.1;9.1;0.28;0.14;0.06;0.08
12;100;0;100;50;21.49;4.11;11.71;2.83;2.82;0.173;67;16.32;8.38;4.62;0.83;2.65;6.32;149.3;102.8;28.6;5.3;12.6;1.62;0.72;0.21;0.28;0.83;0.84;0.101;33;8.19;3.81;2.56;0.47;1.46;5.4;73.6;52.4;7.5;2.9;10.8;0.43;0.21;0.08;0.12
12;100;0;100;100;21.71;4.54;13.24;3.14;3.05;0.178;65;17.19;8.79;4.99;0.84;2.72;7.29;149.1;101.2;27.9;5.4;14.6;1.59;0.97;0.21;0.28;1.08;1.08;0.103;35;10.32;4.88;3.24;0.55;1.82;5.95;80.2;53;11.6;3.6;11.9;0.53;0.3;0.1;0.14
12;100;50;0;0;17.59;3.73;10.74;3.61;3.56;0.182;55.5;19.61;10.14;5.57;1;3.03;5.81;148;108.2;22.1;6.1;11.6;2.46;0.53;0.24;0.33;0.39;0.41;0.105;44.5;3.68;1.77;1.17;0.18;0.7;4.93;118.6;100.2;7.2;1.4;9.9;0.13;0.18;0.04;0.05
12;100;50;0;50;17.43;3.96;11.29;3.94;3.78;0.185;54.6;20.48;10.77;5.76;0.97;3.19;6.21;148;107.8;21.4;6.4;12.4;2.46;0.71;0.25;0.35;0.53;0.53;0.117;45.4;4.35;2.07;1.3;0.24;0.77;5.09;123;100.6;10.8;1.5;10.2;0.14;0.28;0.04;0.06
12;100;50;0;100;17;4.12;11.75;4.02;3.99;0.192;54.3;20.78;10.86;5.89;1.02;3.23;6.44;147.4;108;20;6.5;12.9;2.44;0.93;0.26;0.36;0.67;0.68;0.13;45.7;5.09;2.49;1.52;0.25;0.88;5.31;123.8;100.4;11.1;1.8;10.6;0.15;0.4;0.06;0.07
12;100;50;50;0;19.88;4.2;11.95;3.68;3.66;0.177;60.9;20.68;10.66;5.9;1.03;3.27;6.63;150.9;105.2;25.9;6.5;13.3;2.39;0.65;0.26;0.36;0.49;0.53;0.102;39.1;5.04;2.34;1.61;0.27;0.92;5.32;96.7;77.1;7.1;1.8;10.6;0.23;0.18;0.05;0.07
12;100;50;50;50;19.83;4.65;13.14;3.9;3.88;0.181;59.1;21.48;11.05;6.19;1.06;3.42;7.12;149.7;103.1;25.4;6.8;14.2;2.34;0.88;0.28;0.37;0.75;0.76;0.109;40.9;6.83;3.29;2.1;0.34;1.23;6.01;103.4;78.4;10.5;2.5;12;0.32;0.28;0.07;0.1
12;100;50;50;100;19.92;5;14.34;4.21;4.13;0.189;60.3;21.89;11.55;6.08;1.12;3.47;7.74;160.9;101.5;37;6.9;15.5;2.29;1.2;0.26;0.37;0.98;1;0.113;39.7;8.77;4.11;2.75;0.49;1.53;6.61;105.9;79.5;10.2;3.1;13.2;0.42;0.37;0.08;0.12
12;100;50;100;0;21.9;4.62;12.78;3.89;3.86;0.177;67.7;21.89;11.23;6.41;1.05;3.54;7.1;153.2;101.8;30.1;7.1;14.2;2.33;0.86;0.28;0.38;0.62;0.6;0.102;32.3;5.75;2.75;1.75;0.31;1.08;5.68;73;52.8;6.7;2.2;11.4;0.29;0.17;0.06;0.08
12;100;50;100;50;22.21;5.1;14.41;3.98;4.02;0.181;67.4;22.29;11.44;6.43;1.08;3.53;7.93;166.3;99.3;44.1;7.1;15.9;2.23;1.14;0.28;0.38;0.91;0.91;0.105;32.6;8.52;4.01;2.64;0.45;1.58;6.49;80.2;53.9;10.2;3.2;13;0.45;0.26;0.09;0.11
12;100;50;100;100;22.39;5.63;15.84;4.38;4.36;0.187;66.7;23.4;12.27;6.53;1.15;3.71;8.71;165.7;97.4;43.5;7.4;17.4;2.21;1.47;0.3;0.39;1.18;1.17;0.11;33.3;10.54;5.05;3.25;0.56;1.92;7.13;82.8;54.7;10;3.8;14.3;0.55;0.36;0.11;0.15
12;100;100;0;0;17.79;4.4;12.43;4.33;4.29;0.182;57;23.59;12.19;6.7;1.19;3.74;6.69;160.7;105.7;34.2;7.5;13.4;2.84;0.76;0.3;0.39;0.48;0.45;0.113;43;3.79;1.83;1.1;0.2;0.66;5.74;121.4;102.4;6.2;1.3;11.5;0.14;0.22;0.04;0.05
12;100;100;0;50;17.53;4.49;13.07;4.7;4.64;0.192;56;24.27;12.65;6.93;1.25;3.72;7.18;159.8;105.1;32.9;7.4;14.4;2.82;1.12;0.3;0.41;0.55;0.56;0.126;44;4.33;2.05;1.4;0.2;0.77;5.89;125.3;102.9;9.2;1.5;11.8;0.15;0.31;0.05;0.06
12;100;100;0;100;16.79;4.83;13.33;4.85;4.88;0.197;55.7;24.75;13.08;6.93;1.22;3.94;7.31;158.1;105.1;30.5;7.9;14.6;2.83;1.31;0.32;0.41;0.68;0.72;0.142;44.3;4.97;2.48;1.48;0.23;0.89;6.02;125.8;102.9;9.1;1.8;12;0.16;0.44;0.05;0.07
12;100;100;50;0;20.08;4.79;13.9;4.52;4.48;0.181;62.3;24.83;12.87;7.15;1.18;3.89;7.59;164.7;101.6;40.2;7.8;15.2;2.72;1.02;0.32;0.42;0.58;0.58;0.11;37.7;5.17;2.43;1.63;0.29;0.91;6.32;99.8;79.4;5.9;1.8;12.6;0.23;0.22;0.05;0.08
12;100;100;50;50;20.18;5.24;14.81;4.86;4.79;0.189;60.8;25.34;13.31;7.18;1.17;4.07;8.1;163.3;99.7;39.3;8.1;16.2;2.67;1.38;0.32;0.42;0.76;0.79;0.113;39.2;6.91;3.25;2.15;0.35;1.18;6.71;105.1;80.7;8.6;2.4;13.4;0.33;0.29;0.07;0.1
12;100;100;50;100;20;5.65;16.06;5.27;5.19;0.199;59.9;26.11;13.75;7.28;1.27;4.07;8.79;161.4;97.6;38.1;8.1;17.6;2.64;1.8;0.32;0.43;1.06;1.07;0.118;40.1;8.9;4.24;2.79;0.44;1.58;7.26;108.1;82.1;8.4;3.2;14.5;0.45;0.41;0.08;0.12
12;100;100;100;0;22.31;5.15;14.87;4.72;4.61;0.177;69.1;26.05;13.57;7.54;1.23;4.13;8.31;168.9;97.7;46.3;8.3;16.6;2.62;1.21;0.32;0.45;0.65;0.62;0.105;30.9;5.79;2.73;1.8;0.28;1.02;6.57;75.3;54.6;5.6;2;13.1;0.3;0.19;0.06;0.07
12;100;100;100;50;22.81;5.81;16.45;5.01;5;0.186;67;26.86;14.01;7.66;1.28;4.23;9.02;167;94.3;46.2;8.5;18;2.53;1.68;0.33;0.46;0.97;0.95;0.109;33;8.61;4.09;2.65;0.45;1.59;7.43;82.3;56.1;8.2;3.2;14.9;0.46;0.28;0.09;0.12
12;100;100;100;100;22.55;6.2;17.63;5.59;5.44;0.198;65.8;27.52;14.65;7.61;1.35;4.25;9.62;164;91.5;44.8;8.5;19.2;2.48;2.16;0.34;0.46;1.25;1.22;0.113;34.2;10.71;5.18;3.25;0.58;1.95;8.01;85;57.3;7.8;3.9;16;0.59;0.37;0.11;0.15
13;0;0;0;0;14.22;1.81;5.13;1.42;1.36;0.157;69.8;8.63;4.36;2.52;0.4;1.39;2.84;244;211.8;23.8;2.8;5.7;0.69;0.41;0.11;0.15;0.19;0.21;0.076;30.2;2.33;1.06;0.77;0.12;0.42;2.29;105.6;98.4;1.8;0.8;4.6;0.12;0.03;0.03;0.03
13;0;0;0;50;13.92;1.9;5.58;1.54;1.53;0.166;69.5;9.19;4.63;2.72;0.46;1.42;3.08;242.9;210.9;22.9;2.8;6.2;0.72;0.53;0.12;0.16;0.24;0.23;0.078;30.5;2.54;1.19;0.77;0.16;0.47;2.5;106.5;98.7;1.8;0.9;5;0.13;0.04;0.03;0.03
13;0;0;0;100;13.59;2.07;6.05;1.66;1.66;0.167;68.8;9.9;4.98;2.96;0.46;1.58;3.39;240.3;208.4;22;3.2;6.8;0.7;0.66;0.13;0.17;0.28;0.26;0.082;31.2;2.8;1.3;0.9;0.14;0.49;2.66;108.7;99.8;2.7;1;5.3;0.14;0.06;0.03;0.04
13;0;0;50;0;16.34;2.11;6.27;1.42;1.46;0.155;74.5;9.41;4.64;2.79;0.5;1.49;3.44;245.5;208;27.6;3;6.9;0.71;0.46;0.11;0.17;0.34;0.32;0.082;25.5;3.62;1.66;1.18;0.18;0.62;2.83;83.7;75.1;1.7;1.2;5.7;0.2;0.03;0.04;0.05
13;0;0;50;50;16.35;2.55;7.41;1.58;1.63;0.161;73.8;10.07;5.08;3.02;0.5;1.64;4.09;243.4;205.2;26.8;3.3;8.2;0.69;0.63;0.13;0.18;0.46;0.45;0.085;26.2;5.08;2.36;1.6;0.28;0.91;3.32;86.2;76;1.8;1.8;6.6;0.28;0.04;0.06;0.07
13;0;0;50;100;16.69;3.1;8.67;1.98;1.91;0.169;72.3;11.32;5.86;3.3;0.58;1.87;4.8;238.2;198.4;26.5;3.7;9.6;0.65;0.9;0.15;0.2;0.62;0.59;0.087;27.7;6.69;3.05;2.14;0.36;1.23;3.88;90.9;78;2.7;2.5;7.8;0.37;0.06;0.07;0.09
13;0;0;100;0;18.3;2.47;7.09;1.54;1.53;0.15;80.1;10.17;5.08;3.01;0.54;1.66;3.86;245.5;203.7;30.7;3.3;7.7;0.68;0.54;0.13;0.19;0.36;0.39;0.084;19.9;4.48;2.05;1.46;0.24;0.81;3.23;60.8;50.9;1.8;1.6;6.5;0.25;0.03;0.05;0.06
13;0;0;100;50;19;3.06;8.74;1.75;1.75;0.156;79;11.23;5.67;3.3;0.59;1.85;4.82;241.8;197.5;31;3.7;9.6;0.63;0.78;0.14;0.2;0.61;0.57;0.085;21;6.53;3.05;2.1;0.35;1.21;3.92;64.3;52.2;1.8;2.4;7.8;0.37;0.04;0.07;0.09
13;0;0;100;100;19.25;3.6;10.34;2.12;2.08;0.165;77.5;12.59;6.38;3.75;0.63;2.04;5.68;236.7;190.7;30.6;4.1;11.4;0.63;1.07;0.16;0.22;0.76;0.74;0.087;22.5;8.37;3.91;2.66;0.47;1.55;4.66;68.6;53.6;2.6;3.1;9.3;0.47;0.06;0.09;0.11
13;0;50;0;0;14.84;2.09;5.98;1.56;1.58;0.156;68.9;10.16;5.08;3.02;0.54;1.64;3.28;241.1;206.8;24.5;3.3;6.6;0.69;0.59;0.13;0.18;0.26;0.22;0.079;31.1;2.37;1.13;0.73;0.13;0.45;2.7;108.6;100.4;1.9;0.9;5.4;0.12;0.05;0.03;0.03
13;0;50;0;50;14.45;2.2;6.42;1.85;1.81;0.164;68.3;11.06;5.6;3.2;0.56;1.73;3.64;237.6;203.1;23.7;3.5;7.3;0.68;0.8;0.14;0.2;0.26;0.24;0.082;31.7;2.57;1.23;0.82;0.13;0.46;2.78;110.1;101.9;1.8;0.9;5.6;0.13;0.06;0.03;0.03
13;0;50;0;100;14.18;2.33;6.79;2.08;2.06;0.18;67.5;11.5;5.9;3.4;0.53;1.77;3.73;234.4;200.8;22.6;3.5;7.5;0.66;1.05;0.14;0.2;0.32;0.3;0.092;32.5;2.97;1.45;0.93;0.15;0.56;3.06;112.8;102.8;2.8;1.1;6.1;0.14;0.09;0.03;0.04
13;0;50;50;0;17.27;2.58;7.22;1.74;1.72;0.151;73.4;11.37;5.7;3.35;0.58;1.89;3.98;240.7;200.2;28.8;3.8;8;0.66;0.71;0.15;0.2;0.35;0.34;0.084;26.6;3.75;1.76;1.17;0.22;0.69;3.25;87.1;77.5;1.8;1.4;6.5;0.2;0.04;0.04;0.05
13;0;50;50;50;17.25;2.95;8.48;2.04;1.97;0.159;72.2;12.35;6.26;3.55;0.62;1.95;4.67;235.5;194.4;27.9;3.9;9.3;0.63;0.97;0.16;0.21;0.46;0.47;0.087;27.8;5.27;2.45;1.66;0.29;1;3.81;90.6;79.2;1.8;2;7.6;0.29;0.06;0.05;0.07
13;0;50;50;100;17.31;3.31;9.83;2.46;2.38;0.177;72;13.48;6.88;3.91;0.68;2.05;5.42;244.6;188.7;41;4.1;10.8;0.63;1.35;0.16;0.24;0.69;0.64;0.091;28;6.96;3.26;2.19;0.4;1.26;4.41;94.8;81;2.5;2.5;8.8;0.38;0.09;0.08;0.1
13;0;50;100;0;19.14;2.91;8.33;1.85;1.94;0.154;79;12.59;6.27;3.74;0.67;2.04;4.63;239.8;194.6;31.8;4.1;9.3;0.66;0.91;0.16;0.21;0.42;0.4;0.084;21;4.55;2.16;1.38;0.22;0.87;3.7;63.6;52.8;1.7;1.7;7.4;0.26;0.04;0.05;0.06
13;0;50;100;50;19.91;3.65;10.08;2.32;2.31;0.163;78.6;14.13;7.16;4.17;0.66;2.32;5.54;250.2;186;48.5;4.6;11.1;0.62;1.26;0.19;0.25;0.66;0.62;0.087;21.4;6.92;3.23;2.2;0.39;1.32;4.54;67.8;54.5;1.6;2.6;9.1;0.39;0.06;0.07;0.1
13;0;50;100;100;20.16;4.03;11.44;2.78;2.65;0.174;77.4;15.25;7.94;4.37;0.75;2.44;6.45;244.7;178.9;48;4.9;12.9;0.57;1.62;0.19;0.27;0.84;0.77;0.088;22.6;8.67;4.03;2.69;0.46;1.58;4.99;71.4;55.9;2.3;3.2;10;0.5;0.08;0.09;0.11
13;0;100;0;0;15.45;2.39;6.98;1.91;1.88;0.155;68.7;12.09;6.02;3.65;0.58;1.94;3.84;247.7;198.1;38.1;3.9;7.7;0.65;0.85;0.16;0.21;0.25;0.24;0.082;31.3;2.55;1.24;0.79;0.14;0.46;3.14;112.8;103.9;1.7;0.9;6.3;0.13;0.05;0.03;0.04
13;0;100;0;50;14.97;2.45;7.17;2.24;2.24;0.177;68.1;12.61;6.47;3.69;0.58;1.95;3.98;244;195.4;36.7;3.9;8;0.62;1.24;0.16;0.21;0.29;0.27;0.089;31.9;2.71;1.32;0.85;0.13;0.5;3.2;114.1;105;1.7;1;6.4;0.13;0.08;0.03;0.04
13;0;100;0;100;14.56;2.68;7.53;2.49;2.58;0.19;67.4;13.63;7.03;3.84;0.7;2.16;4.22;240.7;192.8;35.1;4.3;8.4;0.65;1.52;0.18;0.23;0.32;0.31;0.097;32.6;2.93;1.36;0.94;0.15;0.52;3.31;116.2;106;2.5;1;6.6;0.14;0.1;0.03;0.04
13;0;100;50;0;17.92;2.96;8.43;2.19;2.17;0.158;73.1;13.8;6.92;4.1;0.7;2.25;4.66;247.8;189.6;44.3;4.5;9.3;0.63;1.12;0.18;0.24;0.37;0.35;0.086;26.9;3.89;1.84;1.25;0.2;0.71;3.77;91.2;80.7;1.6;1.4;7.5;0.21;0.05;0.04;0.06
13;0;100;50;50;18.14;3.31;9.57;2.6;2.6;0.175;71.9;14.9;7.66;4.31;0.74;2.38;5.26;242.8;183.7;43.8;4.8;10.5;0.59;1.56;0.19;0.26;0.52;0.5;0.09;28.1;5.36;2.45;1.67;0.33;0.93;4.31;94.6;82.5;1.7;1.9;8.6;0.29;0.08;0.05;0.07
13;0;100;50;100;18.14;3.78;10.94;3.05;3.09;0.194;70.6;15.93;8.34;4.53;0.81;2.48;6.04;238.2;178.3;42.8;5;12.1;0.61;2.01;0.2;0.28;0.71;0.67;0.092;29.4;7.22;3.42;2.31;0.37;1.3;4.9;98.7;84.1;2.2;2.6;9.8;0.4;0.1;0.08;0.1
13;0;100;100;0;20.34;3.4;9.8;2.38;2.4;0.155;78.6;15.51;7.81;4.55;0.82;2.53;5.41;248.1;181.7;50.5;5.1;10.8;0.61;1.32;0.2;0.27;0.45;0.43;0.086;21.4;4.81;2.24;1.54;0.24;0.87;4.39;67.5;55.4;1.6;1.7;8.8;0.27;0.05;0.05;0.06
13;0;100;100;50;21.03;4;11.62;2.97;2.94;0.173;77;16.98;8.64;5.02;0.84;2.63;6.36;242;173.3;50.7;5.3;12.7;0.58;1.85;0.22;0.29;0.69;0.66;0.09;23;7.32;3.42;2.3;0.38;1.37;5.27;71.9;57.1;1.5;2.7;10.5;0.41;0.07;0.08;0.1
13;0;100;100;100;21.3;4.49;12.98;3.51;3.54;0.193;75.6;18.35;9.61;5.23;0.88;2.86;7.11;236;165.4;50.6;5.7;14.2;0.55;2.45;0.23;0.31;0.85;0.82;0.09;24.4;9.03;4.17;2.85;0.51;1.63;5.87;75.7;58.7;2.1;3.3;11.7;0.51;0.09;0.09;0.12
13;50;0;0;0;15.9;2.35;6.92;2.08;2.07;0.174;64.7;11.89;6.05;3.49;0.6;1.84;3.78;197.8;163;23.5;3.7;7.6;1.31;0.4;0.15;0.21;0.29;0.26;0.084;35.3;2.79;1.33;0.88;0.15;0.52;3.13;107.9;96.1;4.6;1;6.3;0.11;0.08;0.03;0.04
13;50;0;0;50;15.39;2.52;7.2;2.27;2.21;0.179;64.3;12.4;6.45;3.54;0.59;1.98;3.93;196.1;161.6;22.7;4;7.9;1.31;0.53;0.16;0.21;0.33;0.3;0.088;35.7;3.1;1.45;0.98;0.17;0.53;3.26;108.7;96.8;4.2;1.1;6.5;0.12;0.11;0.03;0.04
13;50;0;0;100;15.05;2.72;7.59;2.39;2.33;0.18;63.6;12.93;6.75;3.67;0.58;2.08;4.24;195.3;161;21.6;4.2;8.5;1.29;0.64;0.18;0.22;0.38;0.38;0.099;36.4;3.61;1.67;1.16;0.21;0.64;3.35;111.7;97.2;6.5;1.3;6.7;0.13;0.16;0.03;0.05
13;50;0;50;0;17.98;2.86;7.99;2.12;2.18;0.171;69.7;12.81;6.52;3.71;0.66;2.12;4.44;199.7;159.5;27.1;4.2;8.9;1.32;0.47;0.17;0.23;0.39;0.37;0.085;30.3;4.09;1.87;1.33;0.2;0.74;3.55;86.6;73.6;4.4;1.5;7.1;0.2;0.08;0.04;0.05
13;50;0;50;50;18.02;3.04;8.97;2.29;2.29;0.174;68.8;13.16;6.6;3.92;0.66;2.03;4.89;197.2;156.8;26.5;4.1;9.8;1.25;0.64;0.17;0.22;0.49;0.51;0.089;31.2;5.51;2.53;1.77;0.32;1;4.08;89.2;74.7;4.3;2;8.2;0.27;0.1;0.06;0.08
13;50;0;50;100;17.81;3.53;10.14;2.58;2.52;0.179;67.4;14.05;7.28;3.96;0.73;2.24;5.53;194.7;153.4;25.8;4.5;11.1;1.23;0.87;0.18;0.24;0.7;0.69;0.093;32.6;7.34;3.38;2.29;0.43;1.29;4.61;93.9;76.1;6;2.6;9.2;0.36;0.15;0.07;0.1
13;50;0;100;0;19.55;3.06;8.56;2.23;2.19;0.167;76;13.12;6.76;3.83;0.64;2.16;4.74;201.3;157.4;30.1;4.3;9.5;1.28;0.52;0.17;0.22;0.47;0.44;0.087;24;4.83;2.25;1.55;0.26;0.9;3.82;63.3;49.7;4.2;1.8;7.6;0.24;0.07;0.05;0.07
13;50;0;100;50;20.18;3.48;10.25;2.42;2.42;0.17;74.8;14.28;7.2;4.23;0.7;2.25;5.66;198.6;152.2;30.6;4.5;11.3;1.22;0.76;0.18;0.25;0.63;0.64;0.089;25.2;7;3.21;2.29;0.38;1.23;4.59;66.7;51.1;4;2.5;9.2;0.36;0.1;0.08;0.1
13;50;0;100;100;20.4;4.08;11.71;2.67;2.7;0.175;73.1;15.42;7.89;4.48;0.78;2.49;6.42;195.5;147.7;29.9;5;12.8;1.18;1.04;0.21;0.27;0.86;0.83;0.091;26.9;8.94;4.07;2.89;0.48;1.59;5.29;72;52.3;6;3.2;10.6;0.46;0.15;0.09;0.12
13;50;50;0;0;15.87;2.97;8.44;2.7;2.74;0.178;64.3;15.43;7.86;4.48;0.78;2.45;4.66;197.8;159.7;23.9;4.9;9.3;1.71;0.57;0.2;0.26;0.28;0.28;0.087;35.7;2.82;1.3;0.91;0.15;0.52;3.79;109.8;97.9;3.3;1;7.6;0.12;0.08;0.03;0.04
13;50;50;0;50;15.56;3.12;8.85;3.07;2.96;0.182;63.6;16.29;8.5;4.61;0.8;2.58;4.85;195.2;157.3;23.1;5.2;9.7;1.69;0.78;0.22;0.27;0.32;0.32;0.092;36.4;3.11;1.49;0.99;0.17;0.54;4;111.6;99.2;3.3;1.1;8;0.13;0.11;0.03;0.04
13;50;50;0;100;15.26;3.22;9.25;3.21;3.2;0.191;62.8;16.73;8.77;4.69;0.79;2.64;5.04;193.6;156.1;22.1;5.3;10.1;1.68;1.03;0.2;0.28;0.39;0.38;0.107;37.2;3.39;1.62;1.08;0.16;0.58;4.21;114.4;99.8;5;1.2;8.4;0.13;0.18;0.03;0.05
13;50;50;50;0;18.25;3.35;9.65;2.91;2.85;0.172;68.9;16.59;8.51;4.82;0.85;2.64;5.22;197.9;154.2;28;5.3;10.4;1.65;0.7;0.22;0.29;0.37;0.36;0.087;31.1;3.88;1.75;1.25;0.24;0.7;4.43;89.3;75.8;3.2;1.4;8.9;0.19;0.07;0.04;0.05
13;50;50;50;50;18.1;3.85;10.9;3.1;3.08;0.177;68;17.41;9.01;5;0.87;2.79;6.06;195.8;151;27.1;5.6;12.1;1.62;0.94;0.22;0.3;0.56;0.53;0.09;32;5.67;2.65;1.82;0.3;1.06;4.84;91.9;77.1;3;2.1;9.7;0.29;0.1;0.06;0.08
13;50;50;50;100;18.23;4.09;11.79;3.57;3.39;0.188;68;18.09;9.55;5.07;0.87;2.76;6.46;205.8;147.5;39.8;5.5;12.9;1.57;1.3;0.22;0.3;0.76;0.72;0.097;32;7.31;3.42;2.29;0.43;1.33;5.34;96.6;78.5;4.8;2.7;10.7;0.37;0.17;0.09;0.1
13;50;50;100;0;20.21;3.63;10.72;3;3.05;0.172;75;17.72;9.01;5.19;0.86;2.74;5.9;198.7;150.1;31.3;5.5;11.8;1.62;0.89;0.22;0.31;0.47;0.45;0.088;25;4.89;2.26;1.59;0.25;0.89;4.82;66.2;51.6;3.2;1.8;9.6;0.25;0.08;0.05;0.07
13;50;50;100;50;20.82;4.33;12.43;3.35;3.37;0.177;75.1;19.05;9.67;5.47;0.96;2.94;6.94;211.3;144.3;47.3;5.9;13.9;1.57;1.23;0.23;0.33;0.71;0.67;0.09;24.9;7.25;3.48;2.23;0.38;1.39;5.49;70;53.2;3;2.8;11;0.38;0.11;0.08;0.1
13;50;50;100;100;20.91;4.74;13.6;3.83;3.7;0.185;73.6;20.06;10.49;5.69;0.94;3.11;7.55;207.4;139.4;46.7;6.2;15.1;1.52;1.59;0.25;0.34;0.88;0.86;0.093;26.4;9.07;4.23;2.83;0.49;1.63;6.04;74.3;54.5;4.4;3.3;12.1;0.48;0.15;0.1;0.13
13;50;100;0;0;16.01;3.56;10.06;3.57;3.53;0.18;64.9;19.67;10.1;5.62;0.98;3.08;5.59;208.7;154.6;36.8;6.2;11.2;2.12;0.82;0.25;0.34;0.26;0.25;0.086;35.1;2.56;1.2;0.79;0.13;0.48;4.47;112.8;100.6;2.3;1;8.9;0.12;0.07;0.03;0.03
13;50;100;0;50;15.65;3.69;10.46;3.93;3.89;0.192;64;20.29;10.63;5.72;0.92;3.14;5.85;205.6;152.3;35.3;6.3;11.7;2.08;1.21;0.26;0.35;0.33;0.32;0.096;36;2.97;1.41;0.93;0.17;0.55;4.61;115.7;101.8;3.5;1.1;9.2;0.13;0.12;0.03;0.04
13;50;100;0;100;15.5;3.88;10.88;4.15;4.15;0.199;63.2;20.9;11.07;5.97;0.94;3.33;5.93;202.4;149.5;34.3;6.7;11.9;2.04;1.49;0.27;0.35;0.36;0.37;0.106;36.8;3.24;1.51;1.01;0.2;0.56;4.95;117.6;103.3;3.3;1.1;9.9;0.14;0.15;0.03;0.05
13;50;100;50;0;18.74;4.12;11.68;3.77;3.76;0.178;69.4;21.13;10.84;6.16;1.08;3.38;6.44;210.7;147.8;43.3;6.8;12.9;2.02;1.1;0.27;0.37;0.41;0.38;0.09;30.6;3.99;1.9;1.24;0.19;0.74;5.24;92.6;78.4;2.3;1.5;10.5;0.2;0.08;0.04;0.06
13;50;100;50;50;18.67;4.42;12.59;4.02;4.12;0.189;68.1;21.86;11.24;6.28;1.08;3.4;6.94;206.8;143.5;42.7;6.8;13.9;1.95;1.5;0.28;0.38;0.53;0.52;0.093;31.9;5.44;2.57;1.65;0.32;1.02;5.65;96.6;80.1;3.1;2;11.3;0.29;0.1;0.06;0.07
13;50;100;50;100;18.79;4.86;13.67;4.51;4.51;0.201;67.1;22.5;11.88;6.33;1.07;3.48;7.64;203.5;140;41.3;7;15.3;1.9;1.94;0.29;0.38;0.75;0.73;0.097;32.9;7.43;3.54;2.29;0.39;1.38;6.03;99.6;81.5;3.3;2.8;12.1;0.39;0.16;0.08;0.1
13;50;100;100;0;20.55;4.51;12.68;3.87;3.9;0.175;75.5;22.33;11.4;6.43;1.11;3.56;7.16;212.5;142.7;48.3;7.1;14.3;1.96;1.27;0.29;0.39;0.48;0.46;0.089;24.5;5.04;2.36;1.61;0.24;0.95;5.53;68.7;53.6;2.1;1.9;11.1;0.27;0.07;0.05;0.07
13;50;100;100;50;21.53;4.97;14.34;4.31;4.34;0.185;73.6;23.43;12.03;6.86;1.14;3.65;7.87;207.7;135.3;49.4;7.3;15.7;1.84;1.8;0.29;0.41;0.69;0.68;0.091;26.4;7.34;3.39;2.35;0.38;1.32;6.47;74.3;55.6;3.1;2.6;12.9;0.4;0.1;0.08;0.11
13;50;100;100;100;21.65;5.46;15.27;4.9;4.79;0.199;72.5;24.07;12.78;6.69;1.15;3.74;8.4;203.5;130.4;48.8;7.5;16.8;1.75;2.35;0.3;0.4;0.94;0.86;0.093;27.5;9.11;4.32;2.84;0.48;1.72;6.86;77.1;56.9;3;3.4;13.7;0.5;0.13;0.1;0.13
13;100;0;0;0;17.46;2.99;8.31;2.59;2.68;0.183;57.4;14.63;7.61;4.13;0.7;2.35;4.63;148.3;111.4;22.9;4.7;9.3;1.85;0.38;0.2;0.24;0.33;0.32;0.088;42.6;3.34;1.6;1.06;0.17;0.64;3.68;110;93.9;7.5;1.3;7.4;0.11;0.13;0.03;0.05
13;100;0;0;50;17.13;3.12;8.71;2.74;2.8;0.186;56.9;15.09;7.86;4.22;0.74;2.42;4.74;146.7;110.4;22;4.8;9.5;1.83;0.52;0.19;0.26;0.43;0.42;0.101;43.1;3.91;1.84;1.23;0.21;0.7;3.97;111.3;94.7;7.2;1.4;7.9;0.12;0.2;0.04;0.05
13;100;0;0;100;16.76;3.22;9.37;2.93;2.89;0.187;56;15.5;8.07;4.33;0.78;2.43;5.1;146.9;110.9;21;4.9;10.2;1.83;0.62;0.2;0.25;0.5;0.53;0.109;44;4.72;2.19;1.53;0.26;0.79;4.27;115.6;94.3;11.1;1.6;8.5;0.13;0.29;0.04;0.07
13;100;0;50;0;19.42;3.34;9.18;2.75;2.7;0.179;62.9;15.11;7.9;4.29;0.75;2.46;5.16;150.9;109.2;26.4;4.9;10.3;1.79;0.45;0.2;0.26;0.43;0.43;0.091;37.1;4.51;2.15;1.45;0.21;0.88;4.03;89;71.9;7.3;1.8;8.1;0.19;0.13;0.06;0.06
13;100;0;50;50;19.5;3.74;10.43;2.81;2.86;0.181;62.2;15.77;8.12;4.57;0.73;2.56;5.81;150.6;108;25.9;5.1;11.6;1.75;0.63;0.21;0.27;0.6;0.61;0.097;37.8;6.2;2.94;1.99;0.32;1.18;4.61;91.5;72.6;7.3;2.4;9.2;0.26;0.21;0.06;0.09
13;100;0;50;100;19.48;4.16;11.7;3.1;3.08;0.186;60.4;16.59;8.71;4.67;0.76;2.69;6.41;149.4;106.2;25;5.4;12.8;1.75;0.83;0.21;0.28;0.86;0.83;0.099;39.6;8.24;3.88;2.6;0.43;1.47;5.29;98;73.7;10.8;2.9;10.6;0.35;0.28;0.08;0.11
13;100;0;100;0;21.25;3.5;9.95;2.72;2.76;0.175;69.5;15.77;8.07;4.53;0.82;2.51;5.47;152.7;106.9;29.8;5;10.9;1.77;0.52;0.2;0.27;0.49;0.49;0.089;30.5;5.31;2.44;1.71;0.29;0.99;4.48;66.9;48.9;7.1;2;9;0.24;0.12;0.05;0.07
13;100;0;100;50;21.76;4.04;11.74;2.98;2.99;0.177;68.5;16.93;8.66;4.89;0.87;2.68;6.51;152.6;104.6;29.6;5.4;13;1.72;0.76;0.22;0.29;0.77;0.73;0.094;31.5;7.67;3.58;2.42;0.41;1.36;5.23;70.1;49.8;7.1;2.7;10.5;0.35;0.2;0.07;0.11
13;100;0;100;100;21.75;4.54;13.18;3.27;3.26;0.182;66.5;17.94;9.26;5.18;0.85;2.8;7.28;151.5;102.3;29.1;5.6;14.6;1.7;1.02;0.22;0.31;0.97;0.94;0.097;33.5;9.66;4.5;3.09;0.53;1.74;5.9;76.3;50.7;10.2;3.5;11.8;0.44;0.27;0.1;0.13
13;100;50;0;0;17.53;3.88;10.67;3.79;3.8;0.188;57.5;20.28;10.54;5.85;0.94;3.24;5.91;151.4;110.2;22.9;6.5;11.8;2.65;0.54;0.27;0.34;0.36;0.36;0.096;42.5;3.43;1.6;1.09;0.18;0.64;4.76;112;94.8;6.4;1.3;9.5;0.12;0.16;0.04;0.05
13;100;50;0;50;17.24;4.01;11.19;4.01;3.95;0.19;56.4;20.81;10.98;5.84;1.03;3.27;6.18;150.7;109.5;22.3;6.5;12.4;2.59;0.73;0.27;0.36;0.47;0.46;0.11;43.6;3.96;1.94;1.17;0.21;0.74;5.01;116.3;95.4;9.4;1.5;10;0.12;0.24;0.04;0.05
13;100;50;0;100;16.73;4.09;11.65;4.27;4.21;0.198;56.4;21.31;11.17;6.03;1.04;3.31;6.53;150.5;109.9;20.9;6.6;13.1;2.62;0.96;0.27;0.35;0.56;0.58;0.123;43.6;4.54;2.2;1.37;0.22;0.78;5.12;116.4;95.1;9.5;1.6;10.2;0.13;0.34;0.05;0.06
13;100;50;50;0;19.84;4.13;12.04;3.81;3.84;0.183;62.5;21.1;10.81;6.09;1.07;3.23;6.62;153.6;106.8;27;6.5;13.2;2.54;0.68;0.26;0.36;0.51;0.47;0.095;37.5;4.71;2.23;1.48;0.25;0.9;5.42;92.1;73.3;6.2;1.8;10.8;0.19;0.16;0.05;0.06
13;100;50;50;50;20.05;4.59;13.31;4.11;4.08;0.185;60.9;22.04;11.38;6.3;1.13;3.45;7.27;152.9;104.8;26.7;6.9;14.5;2.51;0.92;0.27;0.37;0.63;0.65;0.1;39.1;6.34;2.99;1.95;0.34;1.15;6.04;98;74.6;9.1;2.3;12.1;0.27;0.23;0.06;0.09
13;100;50;50;100;19.89;5.01;14.3;4.51;4.4;0.194;61.8;22.78;11.91;6.44;1.12;3.52;7.88;163.5;102.2;38.5;7;15.8;2.45;1.27;0.3;0.39;0.92;0.88;0.105;38.2;8.28;3.95;2.59;0.49;1.49;6.41;100.8;76.1;8.9;3;12.8;0.36;0.32;0.09;0.11
13;100;50;100;0;21.92;4.49;12.9;4.01;4.02;0.181;68.9;22.21;11.46;6.39;1.11;3.49;7.08;155.3;103.4;30.8;7;14.2;2.47;0.89;0.28;0.38;0.57;0.53;0.094;31.1;5.44;2.61;1.7;0.29;0.99;5.81;70;50.3;6.1;2;11.6;0.24;0.16;0.06;0.07
13;100;50;100;50;22.19;4.97;14.5;4.26;4.27;0.186;69.2;23.04;11.95;6.57;1.09;3.6;8.05;170.2;101.3;45.6;7.2;16.1;2.42;1.17;0.3;0.38;0.81;0.78;0.097;30.8;7.94;3.71;2.49;0.41;1.37;6.46;75.7;51.1;8.9;2.7;12.9;0.37;0.23;0.07;0.11
13;100;50;100;100;22.37;5.48;15.85;4.71;4.57;0.191;67.9;24.03;12.51;6.85;1.14;3.69;8.68;167.5;97.5;45.2;7.4;17.4;2.34;1.54;0.3;0.4;1.03;1.01;0.101;32.1;9.89;4.67;3.15;0.5;1.78;7.17;79;52.6;8.4;3.6;14.3;0.47;0.31;0.1;0.14
13;100;100;0;0;18;4.41;12.64;4.46;4.53;0.187;58.9;24.21;12.51;6.96;1.19;3.78;7;164.8;107.5;35.8;7.6;14;3.03;0.79;0.3;0.41;0.35;0.38;0.104;41.1;3.41;1.64;1.04;0.2;0.62;5.63;114.9;97.1;5.3;1.2;11.3;0.12;0.18;0.04;0.05
13;100;100;0;50;17.74;4.55;13.01;4.88;4.9;0.197;57.7;24.92;13.1;6.96;1.24;3.86;7.14;162.9;106.2;34.6;7.7;14.3;3;1.18;0.31;0.42;0.5;0.49;0.118;42.3;3.96;1.93;1.19;0.21;0.69;5.87;119.3;98.1;8.1;1.4;11.7;0.12;0.27;0.04;0.06
13;100;100;0;100;17.1;4.66;13.35;5.17;5.13;0.202;57.3;25.4;13.48;7.06;1.23;3.91;7.36;160.9;105.6;32.7;7.8;14.7;2.98;1.41;0.32;0.42;0.59;0.61;0.135;42.7;4.41;2.14;1.35;0.22;0.75;5.99;119.8;98.6;7.8;1.5;12;0.13;0.38;0.04;0.06
13;100;100;50;0;20.08;4.86;13.75;4.71;4.73;0.186;63.6;25.52;13.16;7.28;1.23;3.94;7.44;166.9;102.1;42;7.9;14.9;2.9;1.07;0.33;0.43;0.53;0.49;0.101;36.4;4.75;2.31;1.45;0.24;0.92;6.31;95.6;76.2;4.9;1.8;12.6;0.2;0.18;0.05;0.07
13;100;100;50;50;20.2;5.22;14.79;5.05;5.05;0.194;62.2;26.12;13.83;7.29;1.19;4.06;8.11;165.3;99.9;41.1;8.1;16.2;2.83;1.46;0.32;0.44;0.68;0.68;0.104;37.8;6.37;3.05;1.94;0.33;1.16;6.68;100.3;77.5;7.1;2.3;13.4;0.28;0.24;0.07;0.08
13;100;100;50;100;20.32;5.43;16.03;5.41;5.43;0.203;61.4;26.75;13.99;7.67;1.3;4.01;8.82;164.2;98;40.5;8;17.6;2.76;1.91;0.32;0.44;0.92;0.91;0.11;38.6;8.12;3.83;2.53;0.4;1.41;7.21;103.1;78.7;7.2;2.8;14.4;0.37;0.34;0.09;0.11
13;100;100;100;0;22.33;5.15;14.81;4.99;4.85;0.182;70.3;26.69;13.85;7.6;1.3;4.15;8.17;171;98.6;47.8;8.3;16.3;2.82;1.25;0.32;0.46;0.58;0.55;0.098;29.7;5.49;2.61;1.75;0.28;1;6.63;72.1;52.2;4.6;2;13.3;0.25;0.16;0.06;0.08
13;100;100;100;50;22.88;5.74;16.2;5.39;5.25;0.191;68.6;27.58;14.52;7.71;1.32;4.31;9.04;170;94.9;48.4;8.6;18.1;2.67;1.75;0.36;0.47;0.82;0.79;0.1;31.4;7.79;3.69;2.4;0.42;1.43;7.16;77.9;53.7;7;2.9;14.3;0.37;0.23;0.08;0.1
13;100;100;100;100;22.96;6.05;17.46;5.91;5.71;0.202;67.4;28.33;15.03;7.94;1.35;4.3;9.77;167.2;91.8;47.2;8.6;19.5;2.59;2.28;0.35;0.48;1.06;1.04;0.104;32.6;9.87;4.57;3.14;0.53;1.75;7.7;80.6;55;6.8;3.5;15.4;0.48;0.33;0.1;0.13
14;0;0;0;0;14.71;1.87;5.26;1.37;1.44;0.162;71.5;8.88;4.47;2.6;0.45;1.45;2.9;250.5;217.1;24.7;2.9;5.8;0.75;0.41;0.12;0.16;0.2;0.2;0.073;28.5;2.22;1.02;0.7;0.13;0.43;2.36;99.9;92.5;1.8;0.9;4.7;0.11;0.03;0.02;0.03
14;0;0;0;50;14.46;1.98;5.64;1.53;1.58;0.168;71.1;9.4;4.75;2.77;0.47;1.55;3.17;248.3;214.9;23.9;3.1;6.3;0.72;0.56;0.12;0.17;0.23;0.22;0.078;28.9;2.41;1.13;0.78;0.12;0.43;2.46;101;93.3;1.9;0.9;4.9;0.12;0.04;0.03;0.03
14;0;0;0;100;14.2;2.1;6.07;1.74;1.71;0.169;70.2;10.1;5.17;3;0.5;1.6;3.35;244.8;211.7;23.2;3.2;6.7;0.7;0.7;0.13;0.18;0.26;0.26;0.085;29.8;2.77;1.32;0.85;0.16;0.49;2.72;103.7;94.5;2.8;1;5.4;0.13;0.06;0.03;0.04
14;0;0;50;0;16.94;2.08;6.21;1.52;1.49;0.155;76;9.57;4.77;2.86;0.49;1.5;3.47;251.1;212.6;28.6;3;6.9;0.7;0.49;0.12;0.18;0.34;0.3;0.081;24;3.38;1.56;1.1;0.17;0.58;2.74;79.1;70.6;1.8;1.2;5.5;0.18;0.03;0.03;0.05
14;0;0;50;50;17.03;2.54;7.46;1.67;1.71;0.163;75.1;10.5;5.25;3.1;0.55;1.64;4.16;247.7;208.1;28;3.3;8.3;0.71;0.68;0.13;0.19;0.42;0.42;0.085;24.9;4.8;2.23;1.51;0.26;0.9;3.29;82;71.9;1.8;1.8;6.6;0.26;0.04;0.05;0.07
14;0;0;50;100;16.86;2.87;8.43;1.94;1.91;0.171;73.9;11.2;5.78;3.17;0.56;1.77;4.68;243.1;203.1;27.1;3.5;9.4;0.67;0.9;0.15;0.19;0.61;0.55;0.086;26.1;6.27;2.93;1.91;0.36;1.1;3.75;85.5;73.3;2.5;2.2;7.5;0.35;0.05;0.06;0.08
14;0;0;100;0;18.46;2.51;7.05;1.59;1.57;0.154;81.4;10.22;5.14;3.03;0.49;1.7;3.93;251.2;208.9;31;3.4;7.9;0.71;0.54;0.14;0.18;0.42;0.39;0.083;18.6;4.46;2.12;1.42;0.21;0.81;3.11;57.4;47.8;1.8;1.6;6.2;0.25;0.03;0.04;0.06
14;0;0;100;50;19.26;3.15;8.73;1.88;1.87;0.159;80.1;11.73;5.99;3.43;0.59;1.97;4.8;246.5;201.2;31.8;3.9;9.6;0.69;0.81;0.16;0.21;0.56;0.56;0.086;19.9;6.32;2.92;1.99;0.36;1.18;3.93;61.1;49.2;1.7;2.4;7.9;0.36;0.04;0.07;0.09
14;0;0;100;100;19.72;3.49;10.03;2.23;2.19;0.167;78.7;13.13;6.71;3.74;0.66;2.08;5.53;240.9;193.7;32;4.2;11.1;0.65;1.13;0.17;0.23;0.7;0.69;0.086;21.3;7.81;3.57;2.51;0.42;1.41;4.5;64.9;50.6;2.5;2.8;9;0.44;0.06;0.08;0.11
14;0;50;0;0;15.3;2.08;6.01;1.67;1.64;0.159;70.5;10.36;5.14;3.1;0.52;1.65;3.36;246.3;210.8;25.5;3.3;6.7;0.72;0.61;0.14;0.17;0.21;0.22;0.078;29.5;2.35;1.08;0.75;0.13;0.43;2.65;102.7;94.8;1.7;0.9;5.3;0.12;0.04;0.02;0.03
14;0;50;0;50;14.94;2.33;6.37;1.89;1.85;0.167;69.9;11.15;5.72;3.22;0.56;1.82;3.59;243.1;207.6;24.7;3.6;7.2;0.69;0.81;0.15;0.2;0.24;0.25;0.083;30.1;2.57;1.25;0.77;0.15;0.52;2.77;104.4;96;1.8;1;5.5;0.12;0.06;0.03;0.03
14;0;50;0;100;14.67;2.43;6.86;2.2;2.17;0.182;69;11.96;6.23;3.4;0.56;1.93;3.84;239;203.7;23.8;3.9;7.7;0.69;1.12;0.16;0.21;0.28;0.29;0.092;31;2.9;1.32;0.94;0.17;0.5;3.01;107.1;97.5;2.6;1;6;0.14;0.09;0.03;0.04
14;0;50;50;0;17.7;2.58;7.26;1.8;1.8;0.153;74.7;11.72;5.86;3.53;0.56;1.92;4.07;245;203.6;29.5;3.8;8.1;0.69;0.74;0.16;0.21;0.33;0.31;0.083;25.3;3.54;1.61;1.16;0.2;0.66;3.2;82.7;73.1;1.8;1.3;6.4;0.19;0.04;0.03;0.05
14;0;50;50;50;17.72;3.04;8.57;2.08;2.07;0.162;73.6;12.79;6.5;3.72;0.62;2.04;4.71;240.2;197.8;28.8;4.1;9.4;0.68;1;0.17;0.23;0.47;0.46;0.087;26.4;5.14;2.43;1.57;0.27;1;3.85;86.1;74.7;1.7;2;7.7;0.28;0.06;0.05;0.07
14;0;50;50;100;17.91;3.54;9.72;2.61;2.49;0.178;73.3;13.97;7.36;3.95;0.68;2.27;5.32;249.5;191.3;43;4.5;10.6;0.65;1.41;0.19;0.24;0.68;0.62;0.09;26.7;6.72;3.23;2.07;0.32;1.28;4.41;90.5;76.5;2.6;2.6;8.8;0.37;0.09;0.07;0.09
14;0;50;100;0;19.34;2.85;8.33;1.94;1.96;0.156;80;12.56;6.32;3.65;0.66;1.99;4.59;243.8;198.5;32.2;4;9.2;0.67;0.9;0.16;0.22;0.42;0.4;0.084;20;4.56;2.15;1.44;0.25;0.86;3.74;60.6;49.7;1.7;1.7;7.5;0.26;0.04;0.05;0.06
14;0;50;100;50;20.29;3.51;10.25;2.4;2.41;0.165;79.7;14.62;7.4;4.27;0.76;2.34;5.73;254.5;188.5;49.9;4.7;11.5;0.64;1.3;0.19;0.27;0.6;0.58;0.086;20.3;6.59;3.01;2.17;0.34;1.17;4.52;64.5;51.5;1.6;2.3;9;0.38;0.05;0.07;0.09
14;0;50;100;100;20.79;3.95;11.51;2.85;2.77;0.175;78.5;15.81;8.12;4.57;0.81;2.5;6.42;249.6;181.6;50.1;5;12.8;0.58;1.7;0.21;0.28;0.71;0.72;0.088;21.5;8.04;3.69;2.56;0.44;1.45;5.09;68.2;52.8;2.3;2.9;10.2;0.46;0.08;0.07;0.11
14;0;100;0;0;15.71;2.43;6.87;1.93;1.94;0.158;70.4;12.27;6.11;3.66;0.58;1.97;3.82;253.5;203.1;38.8;3.9;7.6;0.69;0.86;0.17;0.21;0.28;0.24;0.082;29.6;2.54;1.21;0.81;0.13;0.46;3.05;106.5;97.7;1.8;0.9;6.1;0.13;0.05;0.03;0.04
14;0;100;0;50;15.65;2.57;7.3;2.36;2.37;0.18;69.5;13.21;6.84;3.73;0.66;2.1;4.04;248.5;197.9;38.3;4.2;8.1;0.66;1.3;0.18;0.23;0.3;0.27;0.089;30.5;2.7;1.27;0.85;0.14;0.47;3.27;108.8;99.6;1.7;0.9;6.5;0.13;0.08;0.03;0.03
14;0;100;0;100;15.16;2.67;7.73;2.67;2.66;0.191;68.7;13.93;7.24;4.02;0.69;2.13;4.3;244.7;195;36.8;4.3;8.6;0.66;1.59;0.17;0.24;0.32;0.31;0.096;31.3;2.96;1.42;0.92;0.14;0.55;3.43;111.1;100.7;2.5;1.1;6.9;0.14;0.11;0.03;0.04
14;0;100;50;0;18.48;2.96;8.62;2.26;2.28;0.159;74.4;14.32;7.18;4.27;0.7;2.26;4.79;252.7;192.6;46.1;4.5;9.6;0.66;1.17;0.19;0.26;0.35;0.34;0.085;25.6;3.8;1.76;1.21;0.22;0.7;3.83;86.8;76.2;1.6;1.4;7.7;0.21;0.05;0.04;0.05
14;0;100;50;50;18.59;3.3;9.76;2.66;2.68;0.177;73.4;15.2;7.83;4.38;0.79;2.39;5.45;248.3;187.6;45;4.8;10.9;0.63;1.59;0.2;0.27;0.52;0.49;0.09;26.6;5.29;2.41;1.68;0.3;0.91;4.3;89.6;77.6;1.6;1.8;8.6;0.29;0.08;0.05;0.07
14;0;100;50;100;18.67;3.81;10.74;3.24;3.17;0.196;72.1;16.22;8.6;4.53;0.75;2.56;6.04;242.5;180.7;44.7;5.1;12.1;0.6;2.1;0.21;0.26;0.66;0.65;0.092;27.9;6.97;3.22;2.27;0.37;1.25;4.7;93.6;79.5;2.2;2.5;9.4;0.39;0.1;0.07;0.1
14;0;100;100;0;20.09;3.34;9.66;2.34;2.42;0.157;79.7;15.37;7.72;4.61;0.74;2.48;5.32;252.3;186.6;50.1;5;10.6;0.63;1.3;0.22;0.27;0.47;0.44;0.086;20.3;4.87;2.24;1.6;0.26;0.86;4.34;63.9;51.9;1.6;1.7;8.7;0.27;0.04;0.05;0.07
14;0;100;100;50;21.43;3.97;11.54;3;3.03;0.174;78.3;17.37;8.75;5.11;0.87;2.7;6.44;246.9;176.4;52.2;5.4;12.9;0.59;1.91;0.22;0.31;0.64;0.63;0.09;21.7;6.93;3.16;2.22;0.43;1.27;5.1;68.1;53.8;1.6;2.5;10.2;0.39;0.07;0.07;0.1
14;0;100;100;100;21.89;4.41;12.93;3.67;3.66;0.194;76.9;18.85;9.81;5.29;0.95;2.9;7.2;240.4;167.8;52.4;5.8;14.4;0.57;2.54;0.24;0.32;0.83;0.77;0.09;23.1;8.46;3.93;2.7;0.46;1.52;5.73;72;55.4;2.1;3;11.5;0.48;0.09;0.08;0.11
14;50;0;0;0;15.78;2.38;6.76;2.24;2.17;0.179;66.5;12.21;6.35;3.4;0.66;1.92;3.76;201.5;165.6;24.5;3.8;7.5;1.38;0.42;0.16;0.21;0.25;0.23;0.08;33.5;2.46;1.17;0.78;0.12;0.46;3;101.5;91.1;3.5;0.9;6;0.11;0.06;0.03;0.03
14;50;0;0;50;15.59;2.5;7.39;2.33;2.35;0.183;66;12.88;6.58;3.72;0.64;1.98;4.1;200.3;164.5;23.6;4;8.2;1.41;0.57;0.16;0.22;0.26;0.28;0.087;34;2.87;1.31;0.92;0.17;0.52;3.29;102.9;91.7;3.6;1;6.6;0.12;0.09;0.03;0.04
14;50;0;0;100;15.12;2.74;7.61;2.5;2.45;0.184;65.2;13.36;7;3.73;0.65;2.13;4.23;198.2;163.1;22.4;4.3;8.5;1.37;0.67;0.18;0.23;0.36;0.35;0.097;34.8;3.39;1.64;1.04;0.18;0.61;3.38;105.9;92.3;5.5;1.2;6.8;0.13;0.15;0.04;0.04
14;50;0;50;0;17.91;2.83;7.63;2.22;2.2;0.175;71.4;12.6;6.61;3.54;0.58;2.12;4.23;203.2;162.8;27.8;4.2;8.5;1.35;0.47;0.17;0.21;0.34;0.34;0.084;28.6;3.79;1.76;1.19;0.22;0.72;3.4;81.3;69.4;3.6;1.4;6.8;0.19;0.06;0.04;0.05
14;50;0;50;50;17.9;3.15;8.9;2.46;2.46;0.178;70.6;13.82;7.16;3.97;0.66;2.2;5.02;201.2;159.4;27.4;4.4;10;1.36;0.67;0.18;0.25;0.48;0.47;0.088;29.4;5.17;2.37;1.6;0.3;0.95;3.88;83.8;70.7;3.4;1.9;7.8;0.26;0.08;0.05;0.07
14;50;0;50;100;17.87;3.58;10.1;2.79;2.63;0.183;69;14.39;7.58;4.02;0.72;2.22;5.55;198.3;156.2;26.6;4.4;11.1;1.31;0.9;0.18;0.24;0.62;0.65;0.093;31;6.95;3.27;2.22;0.34;1.36;4.54;88.8;71.8;5.2;2.7;9.1;0.35;0.13;0.08;0.1
14;50;0;100;0;19.31;3.01;8.73;2.28;2.32;0.172;77.3;13.56;6.86;4.01;0.7;2.13;4.86;204.5;160.1;30.4;4.3;9.7;1.37;0.53;0.18;0.24;0.41;0.41;0.084;22.7;4.64;2.12;1.52;0.24;0.88;3.87;59.8;46.9;3.4;1.8;7.7;0.24;0.06;0.05;0.06
14;50;0;100;50;20.14;3.58;10.11;2.44;2.52;0.173;76.3;14.56;7.56;4.19;0.66;2.37;5.67;202.5;155.1;31.3;4.7;11.3;1.3;0.79;0.19;0.25;0.63;0.57;0.086;23.7;6.45;3.03;2.01;0.35;1.21;4.44;62.8;48.1;3.4;2.4;8.9;0.34;0.08;0.06;0.08
14;50;0;100;100;20.54;4.1;11.53;2.84;2.83;0.179;74.6;15.85;8.24;4.44;0.76;2.55;6.43;199.2;150.3;30.9;5.1;12.9;1.26;1.09;0.21;0.27;0.8;0.78;0.091;25.4;8.43;3.93;2.64;0.5;1.55;5.1;67.7;49.3;5.1;3.1;10.2;0.44;0.13;0.09;0.11
14;50;50;0;0;16.08;2.94;8.44;2.8;2.88;0.182;66;15.89;8.2;4.5;0.8;2.51;4.68;201.9;162.5;25.1;5;9.4;1.8;0.6;0.21;0.27;0.23;0.24;0.082;34;2.48;1.14;0.8;0.13;0.43;3.76;103.7;92.7;2.7;0.9;7.5;0.11;0.06;0.02;0.04
14;50;50;0;50;15.84;3.19;8.96;3.05;3.1;0.186;65.2;16.69;8.68;4.76;0.83;2.65;4.86;199.1;159.9;24.2;5.3;9.7;1.8;0.8;0.22;0.28;0.28;0.3;0.091;34.8;2.92;1.4;0.92;0.14;0.53;4.1;105.9;94;2.7;1.1;8.2;0.12;0.1;0.03;0.04
14;50;50;0;100;15.34;3.24;9.38;3.27;3.37;0.195;64.5;17.3;8.96;4.91;0.85;2.67;5.23;197;158;23.2;5.3;10.5;1.77;1.09;0.21;0.3;0.35;0.35;0.1;35.5;3.19;1.51;1;0.16;0.57;4.15;108.3;94.9;4;1.1;8.3;0.13;0.14;0.03;0.04
14;50;50;50;0;18.31;3.33;9.54;2.93;2.96;0.176;70.8;16.83;8.53;4.93;0.87;2.69;5.26;202.6;157.7;29;5.4;10.5;1.74;0.72;0.22;0.28;0.35;0.33;0.085;29.2;3.6;1.66;1.13;0.2;0.65;4.28;83.6;71.3;2.5;1.3;8.6;0.18;0.06;0.04;0.05
14;50;50;50;50;18.31;3.75;10.81;3.2;3.23;0.18;69.5;17.95;9.19;5.14;0.93;2.8;5.98;198.7;153;28.2;5.6;12;1.72;0.99;0.22;0.31;0.53;0.48;0.089;30.5;5.25;2.49;1.64;0.27;0.95;4.83;87.1;73;2.5;1.9;9.7;0.27;0.08;0.05;0.07
14;50;50;50;100;18.41;4.2;12.03;3.61;3.61;0.192;69.6;18.89;9.93;5.29;0.91;2.97;6.6;209.6;148.8;41.6;5.9;13.2;1.71;1.35;0.24;0.31;0.69;0.64;0.092;30.4;6.79;3.21;2.15;0.34;1.23;5.43;91.2;74.5;3.4;2.5;10.9;0.36;0.12;0.06;0.09
14;50;50;100;0;19.92;3.72;10.69;3.09;3.18;0.177;76.3;17.97;9.21;5.28;0.87;2.85;5.91;201.9;152.8;31.5;5.7;11.8;1.73;0.89;0.24;0.32;0.43;0.42;0.086;23.7;4.73;2.2;1.52;0.25;0.87;4.78;62.4;48.7;2.4;1.7;9.6;0.26;0.05;0.05;0.06
14;50;50;100;50;20.82;4.33;12.33;3.49;3.53;0.181;76.4;19.6;10.04;5.63;0.97;3.09;6.86;214.7;146;48.8;6.2;13.7;1.66;1.28;0.25;0.34;0.63;0.62;0.088;23.6;6.81;3.14;2.17;0.39;1.23;5.47;66.1;50.4;2.3;2.5;10.9;0.37;0.08;0.07;0.1
14;50;50;100;100;21.18;4.71;13.5;3.92;3.85;0.188;75.1;20.53;10.77;5.85;0.97;3.19;7.53;211.4;141;49;6.4;15.1;1.59;1.64;0.26;0.35;0.76;0.76;0.091;24.9;8.22;3.87;2.58;0.45;1.52;5.96;69.8;51.6;3.2;3;11.9;0.45;0.11;0.09;0.11
14;50;100;0;0;16.38;3.62;10.28;3.71;3.66;0.183;66.4;20.03;10.43;5.82;0.97;3.14;5.69;212.6;156.6;38.4;6.3;11.4;2.19;0.87;0.26;0.34;0.24;0.24;0.082;33.6;2.45;1.18;0.74;0.13;0.48;4.59;107.5;95.6;1.8;1;9.2;0.12;0.06;0.03;0.03
14;50;100;0;50;16;3.63;10.51;3.98;4.05;0.196;65.6;20.75;10.9;5.87;1.03;3.16;5.86;209.4;153.9;37.5;6.3;11.7;2.16;1.27;0.25;0.37;0.26;0.27;0.091;34.4;2.58;1.2;0.84;0.15;0.47;4.66;109.7;96.9;2.5;0.9;9.3;0.12;0.08;0.03;0.04
14;50;100;0;100;15.78;3.9;10.89;4.37;4.36;0.203;64.9;21.54;11.35;6.04;1.03;3.36;6.04;206.3;151.4;36.2;6.7;12.1;2.16;1.57;0.27;0.36;0.36;0.32;0.101;35.1;2.91;1.43;0.87;0.16;0.54;4.86;111.6;98.2;2.6;1.1;9.7;0.13;0.12;0.03;0.04
14;50;100;50;0;18.82;3.89;11.45;3.85;3.86;0.182;71.2;21.25;10.83;6.2;1.08;3.22;6.49;215.1;150.8;44.9;6.4;13;2.09;1.13;0.27;0.37;0.36;0.33;0.085;28.8;3.56;1.68;1.08;0.19;0.67;4.96;86.7;73.8;1.7;1.3;9.9;0.19;0.06;0.03;0.05
14;50;100;50;50;19.05;4.33;12.67;4.23;4.28;0.192;69.7;22.34;11.52;6.42;1.12;3.4;7.06;210.4;145;44.4;6.8;14.1;2.04;1.58;0.27;0.38;0.52;0.49;0.091;30.3;5.19;2.46;1.59;0.29;0.93;5.61;91.5;76;2.4;1.9;11.2;0.28;0.08;0.05;0.07
14;50;100;50;100;18.98;4.8;13.52;4.72;4.7;0.204;68.6;23.05;12.19;6.42;1.11;3.61;7.54;206.7;140.6;43.8;7.2;15.1;1.99;2.03;0.29;0.39;0.68;0.63;0.093;31.4;6.66;3.13;2.11;0.39;1.19;5.98;94.3;77.6;2.4;2.4;12;0.37;0.11;0.07;0.09
14;50;100;100;0;20.75;4.44;12.66;4.05;4.03;0.178;76.7;22.64;11.62;6.58;1.14;3.59;7.04;215.2;144.4;49.5;7.2;14.1;2.04;1.31;0.29;0.39;0.43;0.42;0.086;23.3;4.68;2.16;1.47;0.27;0.85;5.62;65.3;50.8;1.6;1.7;11.2;0.26;0.05;0.05;0.06
14;50;100;100;50;21.64;4.93;14.27;4.42;4.49;0.189;75.1;23.81;12.37;6.75;1.15;3.65;7.95;211.3;137.5;50.6;7.3;15.9;1.94;1.84;0.3;0.41;0.62;0.63;0.089;24.9;6.9;3.2;2.2;0.38;1.27;6.32;70;52.5;2.3;2.5;12.6;0.39;0.07;0.07;0.1
14;50;100;100;100;22.02;5.48;15.54;4.88;5.05;0.202;73.8;25.03;13.11;7.08;1.19;3.87;8.57;206.8;130.9;51;7.7;17.1;1.85;2.48;0.31;0.42;0.83;0.78;0.09;26.2;8.51;4.02;2.67;0.43;1.61;6.97;73.4;54.1;2.1;3.2;13.9;0.48;0.1;0.09;0.11
14;100;0;0;0;17.58;2.99;8.44;2.83;2.86;0.188;59.3;15.27;7.98;4.28;0.78;2.44;4.75;151.7;113.2;24.1;4.9;9.5;1.99;0.41;0.19;0.27;0.28;0.29;0.087;40.7;3.02;1.39;1;0.14;0.54;3.69;104;89.1;6.5;1.1;7.4;0.11;0.11;0.03;0.04
14;100;0;0;50;17.07;3.11;8.63;2.99;2.93;0.192;58.9;15.3;8.11;4.26;0.7;2.42;4.74;150.2;113;22.8;4.8;9.5;1.95;0.53;0.21;0.25;0.41;0.39;0.1;41.1;3.7;1.8;1.14;0.2;0.69;3.89;104.9;89.2;6.6;1.4;7.8;0.12;0.18;0.04;0.05
14;100;0;0;100;16.88;3.4;9.31;3.11;3.09;0.192;57.9;16.18;8.5;4.51;0.79;2.58;5.23;150.3;112.6;22;5.2;10.5;1.94;0.67;0.22;0.26;0.52;0.5;0.11;42.1;4.39;2.16;1.34;0.23;0.82;4.08;109.3;89.5;10.1;1.6;8.2;0.12;0.26;0.05;0.06
14;100;0;50;0;19.48;3.23;9.12;2.85;2.89;0.184;64.6;15.74;8.17;4.49;0.76;2.5;5.09;153.5;110.8;27.6;5;10.2;1.95;0.47;0.2;0.27;0.4;0.37;0.087;35.4;4.03;1.87;1.24;0.23;0.73;4.04;84;68.1;6.4;1.5;8.1;0.17;0.1;0.04;0.06
14;100;0;50;50;19.61;3.6;10.34;3.02;3.02;0.186;63.8;16.28;8.44;4.73;0.8;2.56;5.75;152.7;109.2;26.9;5.1;11.5;1.87;0.65;0.21;0.29;0.58;0.57;0.095;36.2;5.81;2.7;1.85;0.31;1.04;4.59;86.7;69;6.4;2.1;9.2;0.25;0.17;0.06;0.08
14;100;0;50;100;19.58;4.03;11.63;3.31;3.26;0.19;62.3;17.18;8.91;4.82;0.88;2.65;6.49;152.4;108;26.1;5.3;13;1.87;0.88;0.23;0.29;0.8;0.77;0.098;37.7;7.71;3.57;2.47;0.41;1.37;5.14;92.2;69.7;9.5;2.7;10.3;0.33;0.25;0.07;0.1
14;100;0;100;0;20.8;3.48;9.81;2.91;2.85;0.181;71.1;15.85;8.12;4.62;0.8;2.5;5.45;155;109.2;29.9;5;10.9;1.86;0.52;0.2;0.28;0.47;0.47;0.089;28.9;5.13;2.4;1.62;0.28;0.97;4.36;63;46;6.3;1.9;8.7;0.24;0.1;0.06;0.07
14;100;0;100;50;21.63;4.11;11.67;3.16;3.18;0.182;70.2;17.48;8.99;5.08;0.88;2.8;6.52;155.9;106.5;30.8;5.6;13;1.86;0.77;0.24;0.3;0.67;0.67;0.093;29.8;7.13;3.31;2.23;0.41;1.31;5.15;66.1;47;6.1;2.6;10.3;0.33;0.17;0.07;0.1
14;100;0;100;100;21.81;4.56;13.06;3.44;3.43;0.186;68.2;18.5;9.58;5.3;0.89;2.91;7.29;154.3;103.6;30.2;5.8;14.6;1.8;1.07;0.24;0.32;0.95;0.87;0.096;31.8;9.02;4.27;2.84;0.49;1.64;5.77;71.8;48.1;8.9;3.3;11.5;0.42;0.23;0.09;0.12
14;100;50;0;0;17.61;3.88;10.64;3.92;3.99;0.193;59.3;20.67;10.83;5.81;0.99;3.27;5.91;154.6;112.3;24;6.5;11.8;2.8;0.57;0.27;0.35;0.37;0.33;0.095;40.7;3.18;1.57;0.91;0.19;0.6;4.74;106;89.8;5.6;1.2;9.5;0.11;0.14;0.03;0.04
14;100;50;0;50;17.39;3.98;11.38;4.2;4.21;0.195;58.1;21.65;11.28;6.1;1.09;3.31;6.33;153.4;110.8;23.3;6.6;12.7;2.79;0.78;0.27;0.38;0.42;0.42;0.108;41.9;3.7;1.74;1.16;0.18;0.67;5.05;110.4;90.8;8.2;1.3;10.1;0.12;0.21;0.04;0.05
14;100;50;0;100;17.15;4.15;11.9;4.39;4.49;0.202;57.8;22.27;11.63;6.3;1.14;3.39;6.67;152.7;110.1;22.5;6.8;13.3;2.75;1.07;0.28;0.39;0.53;0.52;0.12;42.2;4.19;2.03;1.28;0.21;0.76;5.23;111.6;91.4;8.2;1.5;10.5;0.12;0.3;0.05;0.06
14;100;50;50;0;20;4.15;11.91;4.05;4.05;0.188;64.3;21.62;11.28;6.2;1;3.37;6.64;156.8;108.8;28;6.7;13.3;2.71;0.69;0.27;0.38;0.41;0.42;0.093;35.7;4.29;1.97;1.4;0.2;0.78;5.28;86.9;69.3;5.6;1.6;10.6;0.18;0.14;0.04;0.06
14;100;50;50;50;20.08;4.66;13.13;4.33;4.3;0.19;62.7;22.66;11.77;6.49;1.08;3.56;7.37;155.6;106;27.7;7.1;14.7;2.64;0.97;0.3;0.39;0.63;0.6;0.099;37.3;5.96;2.81;1.91;0.31;1.09;5.76;92.4;70.8;7.9;2.2;11.5;0.26;0.2;0.06;0.08
14;100;50;50;100;19.9;4.94;14.05;4.59;4.58;0.198;63.8;23.14;12.19;6.37;1.14;3.59;7.86;167.2;104;40.4;7.2;15.7;2.58;1.32;0.29;0.39;0.83;0.8;0.104;36.2;7.66;3.56;2.45;0.41;1.35;6.19;94.8;71.9;7.8;2.7;12.4;0.35;0.28;0.07;0.1
14;100;50;100;0;21.52;4.47;12.82;4.12;4.16;0.188;70.6;22.22;11.53;6.33;1.11;3.53;7.14;158;106.3;30.4;7.1;14.3;2.65;0.85;0.28;0.37;0.51;0.51;0.092;29.4;5.38;2.45;1.77;0.29;0.94;5.68;65.9;47.1;5.5;1.9;11.4;0.25;0.14;0.05;0.07
14;100;50;100;50;22.15;5.09;14.32;4.48;4.47;0.19;70.6;23.6;12.31;6.75;1.14;3.68;7.93;172.3;102;47;7.4;15.9;2.55;1.22;0.31;0.4;0.72;0.72;0.097;29.4;7.38;3.47;2.34;0.38;1.41;6.39;71.7;48.7;7.4;2.8;12.8;0.35;0.19;0.08;0.1
14;100;50;100;100;22.51;5.5;15.61;4.73;4.76;0.195;69.8;24.49;12.79;7.02;1.15;3.85;8.71;171.3;99.2;47.1;7.7;17.4;2.46;1.58;0.3;0.42;0.95;0.92;0.1;30.2;9.09;4.25;2.87;0.52;1.65;6.91;74.2;49.7;7.3;3.3;13.8;0.44;0.27;0.09;0.13
14;100;100;0;0;17.92;4.4;12.53;4.7;4.76;0.192;60.5;24.8;12.92;6.99;1.21;3.85;6.98;167.4;108.8;36.9;7.7;14;3.19;0.83;0.31;0.42;0.37;0.35;0.102;39.5;3.17;1.5;0.99;0.17;0.55;5.55;109.1;92.3;4.6;1.1;11.1;0.11;0.17;0.03;0.04
14;100;100;0;50;17.69;4.67;13.12;5.06;5.15;0.202;59.5;25.56;13.65;7.11;1.22;4.02;7.27;166;107.4;36;8;14.5;3.18;1.23;0.32;0.43;0.42;0.42;0.113;40.5;3.56;1.69;1.14;0.18;0.65;5.85;113;93.4;6.6;1.3;11.7;0.12;0.23;0.03;0.04
14;100;100;0;100;17.52;4.74;13.15;5.41;5.38;0.207;58.9;25.99;13.81;7.2;1.2;4.04;7.3;163.9;106.2;35;8.1;14.6;3.12;1.51;0.33;0.42;0.52;0.55;0.13;41.1;4.04;1.93;1.24;0.24;0.7;5.84;114.1;94.2;6.8;1.4;11.7;0.13;0.33;0.04;0.05
14;100;100;50;0;20.28;4.94;13.88;5.07;4.97;0.19;65.5;26.19;13.84;7.38;1.26;4.12;7.79;171.2;104;43.4;8.2;15.6;3.07;1.11;0.34;0.46;0.45;0.46;0.098;34.5;4.49;2.16;1.39;0.24;0.83;6.09;90;71.9;4.3;1.7;12.2;0.2;0.16;0.05;0.06
14;100;100;50;50;20.35;5.23;14.92;5.27;5.32;0.198;64.2;26.86;14.19;7.53;1.29;4.16;8.37;169.7;101.8;42.9;8.3;16.7;3.01;1.52;0.34;0.45;0.66;0.62;0.102;35.8;5.88;2.83;1.85;0.32;1.07;6.55;94.6;73.1;6.2;2.1;13.1;0.27;0.21;0.06;0.08
14;100;100;50;100;20.4;5.57;15.93;5.67;5.67;0.208;62.9;27.29;14.55;7.54;1.33;4.17;8.71;166.3;98.7;41.8;8.3;17.4;2.92;1.96;0.33;0.45;0.89;0.84;0.107;37.1;7.71;3.71;2.38;0.42;1.39;7.21;98.1;74.8;6.1;2.8;14.4;0.36;0.3;0.07;0.1
14;100;100;100;0;21.99;5.17;14.69;5.03;5;0.187;71.6;26.83;13.9;7.63;1.33;4.22;8.04;172.7;100.1;48.1;8.4;16.1;2.94;1.26;0.35;0.45;0.53;0.52;0.095;28.4;5.36;2.49;1.68;0.28;0.95;6.65;68.6;49.4;4;1.9;13.3;0.26;0.14;0.05;0.07
14;100;100;100;50;22.93;5.8;16.25;5.52;5.48;0.195;70;28.18;14.92;7.87;1.38;4.47;9.09;172.5;95.8;49.6;8.9;18.2;2.82;1.82;0.36;0.48;0.78;0.73;0.097;30;7.35;3.42;2.3;0.39;1.33;7.16;73.8;51;5.9;2.7;14.3;0.36;0.2;0.07;0.1
14;100;100;100;100;23.34;6;17.52;6.11;5.96;0.205;68.7;29.07;15.45;8.1;1.44;4.3;9.67;169.6;92;49.6;8.6;19.3;2.71;2.4;0.35;0.5;1;0.96;0.102;31.3;9.24;4.39;2.91;0.49;1.69;7.85;77.1;52.4;5.7;3.4;15.7;0.46;0.28;0.09;0.13
15;0;0;0;0;15.11;1.92;5.25;1.46;1.5;0.168;73.1;8.96;4.57;2.62;0.42;1.5;2.95;255.8;221.3;25.6;3;5.9;0.78;0.43;0.13;0.16;0.19;0.2;0.073;26.9;2.23;1.03;0.73;0.12;0.42;2.3;94.1;86.9;1.8;0.8;4.6;0.11;0.03;0.02;0.03
15;0;0;0;50;14.93;2.08;5.59;1.64;1.67;0.173;72.6;9.63;4.95;2.82;0.43;1.62;3.12;253.1;218.6;24.9;3.2;6.2;0.78;0.58;0.14;0.17;0.21;0.22;0.076;27.4;2.44;1.15;0.79;0.12;0.46;2.48;95.5;87.7;1.9;0.9;5;0.12;0.05;0.02;0.03
15;0;0;0;100;14.56;2.19;6.01;1.82;1.8;0.175;71.9;10.3;5.34;2.95;0.5;1.69;3.34;250.5;216.4;24;3.4;6.7;0.77;0.71;0.14;0.18;0.28;0.26;0.085;28.1;2.68;1.29;0.86;0.12;0.5;2.67;97.6;88.5;2.8;1;5.3;0.12;0.07;0.03;0.04
15;0;0;50;0;17.28;2.29;6.36;1.59;1.62;0.162;77.4;10.01;5.04;2.93;0.52;1.67;3.58;256.4;216.5;29.4;3.3;7.2;0.79;0.51;0.14;0.18;0.28;0.29;0.08;22.6;3.3;1.55;1.05;0.18;0.63;2.78;74.9;66.4;1.7;1.3;5.6;0.18;0.03;0.04;0.05
15;0;0;50;50;17.48;2.53;7.41;1.75;1.78;0.168;76.4;10.64;5.39;3.13;0.52;1.68;4.16;252.3;211.8;28.9;3.4;8.3;0.75;0.7;0.13;0.19;0.41;0.41;0.084;23.6;4.69;2.17;1.5;0.26;0.85;3.25;77.6;67.6;1.9;1.7;6.5;0.26;0.04;0.05;0.06
15;0;0;50;100;17.5;3;8.41;2.1;2.06;0.176;75.3;11.7;6.04;3.3;0.56;1.88;4.65;248.1;206.7;28.4;3.8;9.3;0.76;0.95;0.16;0.2;0.59;0.54;0.087;24.7;6.05;2.87;1.88;0.31;1.12;3.75;81.1;68.8;2.5;2.2;7.5;0.34;0.05;0.06;0.09
15;0;0;100;0;18.31;2.43;7;1.6;1.59;0.159;82.5;10.01;5.05;2.97;0.5;1.63;3.88;256.1;214.3;30.8;3.3;7.8;0.75;0.53;0.13;0.18;0.4;0.38;0.082;17.5;4.46;2.02;1.41;0.26;0.81;3.11;54.3;44.6;1.8;1.6;6.2;0.25;0.03;0.04;0.06
15;0;0;100;50;19.46;3.03;8.84;1.79;1.91;0.164;81.3;11.64;5.74;3.54;0.61;1.87;4.96;252.2;206.8;31.8;3.7;9.9;0.74;0.8;0.15;0.21;0.55;0.55;0.085;18.7;6.28;2.93;2.04;0.33;1.17;3.88;57.8;45.9;1.9;2.3;7.8;0.35;0.05;0.07;0.08
15;0;0;100;100;20.11;3.41;10;2.23;2.25;0.171;79.9;13.2;6.7;3.78;0.69;2.06;5.59;245.8;197.8;32.7;4.1;11.2;0.69;1.16;0.17;0.23;0.69;0.65;0.086;20.1;7.42;3.45;2.36;0.42;1.35;4.42;61.6;47.4;2.6;2.7;8.8;0.42;0.06;0.07;0.1
15;0;50;0;0;15.69;2.16;5.91;1.73;1.72;0.164;72.2;10.52;5.41;3.02;0.53;1.74;3.3;251.7;215.2;26.4;3.5;6.6;0.77;0.62;0.15;0.18;0.19;0.2;0.076;27.8;2.18;1.01;0.71;0.12;0.42;2.61;96.7;88.9;1.8;0.8;5.2;0.11;0.04;0.02;0.03
15;0;50;0;50;15.53;2.29;6.61;1.97;1.99;0.17;71.4;11.68;5.99;3.41;0.6;1.85;3.74;247.2;210.1;25.9;3.7;7.5;0.75;0.87;0.16;0.21;0.23;0.24;0.083;28.6;2.49;1.14;0.81;0.13;0.44;2.87;99;90.6;1.7;0.9;5.7;0.12;0.06;0.03;0.03
15;0;50;0;100;15.19;2.47;6.92;2.2;2.28;0.186;70.7;12.26;6.41;3.48;0.57;1.97;3.86;243.9;207.4;24.9;3.9;7.7;0.74;1.17;0.16;0.21;0.27;0.27;0.09;29.3;2.65;1.26;0.8;0.15;0.5;3.05;101.1;91.6;2.4;1;6.1;0.13;0.08;0.03;0.04
15;0;50;50;0;18.18;2.61;7.22;1.87;1.88;0.157;76.2;11.93;5.99;3.56;0.59;1.96;4.07;250.5;207.7;30.7;3.9;8.1;0.74;0.76;0.16;0.22;0.32;0.31;0.083;23.8;3.39;1.61;1.04;0.18;0.65;3.16;77.9;68.6;1.7;1.3;6.3;0.18;0.04;0.04;0.05
15;0;50;50;50;18.02;2.99;8.52;2.19;2.15;0.166;75.1;12.99;6.62;3.81;0.64;2.04;4.79;245.3;201.9;29.8;4.1;9.6;0.71;1.03;0.17;0.23;0.45;0.44;0.087;24.9;4.85;2.34;1.53;0.24;0.95;3.73;81.1;70;1.7;1.9;7.5;0.27;0.06;0.05;0.07
15;0;50;50;100;18.54;3.48;9.56;2.66;2.59;0.182;74.9;14.26;7.46;3.98;0.71;2.33;5.35;255.1;194.8;44.9;4.7;10.7;0.69;1.46;0.19;0.24;0.59;0.58;0.09;25.1;6.3;2.95;2.01;0.34;1.16;4.21;85.1;71.8;2.5;2.3;8.4;0.35;0.08;0.07;0.09
15;0;50;100;0;19.32;2.9;8.32;2.01;2.01;0.161;81.3;12.53;6.33;3.76;0.61;2.06;4.61;248.9;203.3;32.2;4.1;9.2;0.71;0.92;0.16;0.21;0.4;0.4;0.084;18.7;4.58;2.1;1.47;0.23;0.83;3.71;57.2;46.5;1.7;1.7;7.4;0.26;0.04;0.04;0.06
15;0;50;100;50;20.44;3.5;10.09;2.4;2.47;0.169;80.9;14.62;7.42;4.22;0.74;2.33;5.64;259.5;193.4;50.2;4.7;11.3;0.71;1.31;0.2;0.26;0.59;0.57;0.086;19.1;6.43;2.99;2.05;0.36;1.16;4.46;60.9;48.1;1.6;2.3;8.9;0.36;0.06;0.07;0.08
15;0;50;100;100;21.2;3.98;11.34;2.99;2.91;0.179;79.6;16.29;8.38;4.72;0.81;2.61;6.31;253.8;184.3;51.6;5.2;12.6;0.66;1.75;0.22;0.28;0.71;0.7;0.089;20.4;7.77;3.62;2.41;0.42;1.36;5.03;64.8;49.7;2.3;2.7;10.1;0.44;0.08;0.08;0.11
15;0;100;0;0;16.37;2.57;7.06;2.1;2.06;0.161;72;12.76;6.5;3.71;0.64;2.13;4;259;205.8;41;4.3;8;0.74;0.91;0.17;0.23;0.21;0.23;0.083;28;2.44;1.12;0.79;0.13;0.45;3.05;100.8;92.1;1.7;0.9;6.1;0.12;0.05;0.03;0.03
15;0;100;0;50;16.27;2.62;7.52;2.48;2.51;0.183;71.1;13.75;7.11;3.97;0.67;2.12;4.24;253.8;200.7;40.3;4.2;8.5;0.71;1.37;0.18;0.25;0.26;0.26;0.088;28.9;2.59;1.24;0.76;0.17;0.5;3.28;103;93.8;1.6;1;6.6;0.12;0.08;0.02;0.04
15;0;100;0;100;15.74;2.69;7.62;2.77;2.77;0.195;70.4;14.24;7.4;4.02;0.68;2.17;4.3;249.7;198.3;38.5;4.3;8.6;0.69;1.65;0.18;0.24;0.34;0.31;0.098;29.6;2.89;1.37;0.89;0.15;0.52;3.32;104.7;94.6;2.5;1;6.6;0.13;0.11;0.03;0.04
15;0;100;50;0;19.1;2.96;8.61;2.43;2.35;0.162;75.8;14.47;7.4;4.2;0.76;2.33;4.78;258.3;196.2;47.8;4.7;9.6;0.69;1.21;0.19;0.25;0.35;0.32;0.084;24.2;3.56;1.69;1.15;0.19;0.62;3.83;82.1;71.5;1.7;1.2;7.7;0.19;0.05;0.03;0.05
15;0;100;50;50;19.27;3.39;9.75;2.84;2.85;0.179;74.8;15.88;8.1;4.62;0.81;2.46;5.53;253.6;190.2;47.4;4.9;11.1;0.69;1.68;0.2;0.29;0.5;0.46;0.09;25.2;4.93;2.36;1.5;0.27;0.93;4.21;85.1;73;1.8;1.9;8.4;0.26;0.08;0.05;0.07
15;0;100;50;100;19.36;3.78;10.81;3.31;3.35;0.198;73.3;16.92;8.95;4.72;0.8;2.61;5.97;245.7;182;46.6;5.2;11.9;0.65;2.19;0.22;0.29;0.64;0.61;0.092;26.7;6.5;3.04;2.03;0.37;1.17;4.84;89.4;75.1;2.3;2.3;9.7;0.36;0.1;0.06;0.09
15;0;100;100;0;20.1;3.42;9.6;2.51;2.47;0.161;81;15.37;7.82;4.45;0.78;2.51;5.43;257.5;191.5;50.1;5;10.9;0.68;1.31;0.21;0.27;0.47;0.43;0.085;19;4.83;2.28;1.58;0.24;0.91;4.16;60.2;48.5;1.6;1.8;8.3;0.27;0.04;0.05;0.07
15;0;100;100;50;21.47;4.08;11.5;3.05;3.1;0.178;79.5;17.43;8.86;5.08;0.87;2.8;6.43;251.2;180.4;52.3;5.6;12.9;0.67;1.9;0.22;0.31;0.65;0.63;0.089;20.5;6.9;3.22;2.19;0.37;1.28;5.07;64.7;50.3;1.6;2.6;10.1;0.39;0.08;0.07;0.09
15;0;100;100;100;22.44;4.45;12.89;3.87;3.84;0.197;78;19.53;10.27;5.46;0.94;2.97;7.23;244.2;169.5;54.3;5.9;14.5;0.62;2.64;0.25;0.33;0.74;0.73;0.089;22;8.02;3.71;2.52;0.43;1.48;5.67;68.5;52.2;2.1;3;11.3;0.46;0.09;0.08;0.1
15;50;0;0;0;16.25;2.36;6.93;2.3;2.36;0.187;68.2;12.64;6.48;3.7;0.66;1.93;3.81;205.5;168.1;25.9;3.9;7.6;1.53;0.44;0.16;0.22;0.23;0.21;0.077;31.8;2.33;1.09;0.77;0.12;0.43;3.12;95.8;85.9;2.9;0.9;6.2;0.11;0.05;0.03;0.03
15;50;0;0;50;15.53;2.53;7.23;2.5;2.54;0.192;67.9;13.26;6.91;3.75;0.68;2.05;4.08;203.8;167;24.5;4.1;8.2;1.56;0.58;0.17;0.24;0.23;0.24;0.081;32.1;2.56;1.19;0.81;0.14;0.47;3.15;96.3;86.4;2.6;0.9;6.3;0.12;0.06;0.02;0.04
15;50;0;0;100;15.25;2.7;7.84;2.62;2.66;0.192;67;13.88;7.29;3.91;0.7;2.15;4.36;202.2;165.6;23.6;4.3;8.7;1.53;0.72;0.17;0.24;0.33;0.31;0.091;33;3.06;1.42;0.99;0.16;0.56;3.48;99.2;87;4.1;1.1;7;0.13;0.11;0.03;0.04
15;50;0;50;0;18.21;2.74;7.82;2.42;2.42;0.182;73;13.3;6.87;3.85;0.64;2.09;4.36;207.3;164.9;29.4;4.2;8.7;1.5;0.51;0.17;0.24;0.32;0.31;0.082;27;3.46;1.63;1.1;0.22;0.65;3.46;76.6;65.5;2.9;1.3;6.9;0.18;0.05;0.04;0.05
15;50;0;50;50;18.09;3.08;8.85;2.56;2.63;0.186;72.3;14.2;7.39;4.08;0.71;2.22;5.01;205.2;162.3;28.4;4.4;10;1.49;0.7;0.19;0.25;0.45;0.43;0.087;27.7;4.73;2.2;1.5;0.25;0.86;3.84;78.5;66.4;2.7;1.7;7.7;0.25;0.07;0.05;0.06
15;50;0;50;100;18.2;3.44;10.05;2.76;2.84;0.19;70.9;15;7.64;4.34;0.7;2.31;5.66;202.1;158.1;28.1;4.6;11.3;1.44;0.95;0.19;0.27;0.63;0.58;0.09;29.1;6.27;2.89;2.06;0.33;1.13;4.4;82.9;67.8;4;2.3;8.8;0.33;0.1;0.07;0.08
15;50;0;100;0;19;2.89;8.57;2.3;2.4;0.181;78.8;13.35;6.8;3.93;0.67;2.1;4.81;207.9;163.8;30.3;4.2;9.6;1.46;0.52;0.18;0.24;0.4;0.39;0.083;21.2;4.51;1.99;1.5;0.27;0.79;3.76;55.9;43.9;3;1.6;7.5;0.24;0.05;0.04;0.06
15;50;0;100;50;19.79;3.58;10.05;2.62;2.72;0.181;77.6;15.02;7.69;4.32;0.76;2.43;5.66;205.3;157.6;31.5;4.9;11.3;1.45;0.8;0.21;0.26;0.57;0.55;0.086;22.4;6.24;2.88;2;0.34;1.15;4.39;59;45.3;2.6;2.3;8.8;0.34;0.06;0.06;0.08
15;50;0;100;100;20.62;4;11.28;2.98;3.02;0.185;76.1;16.34;8.51;4.6;0.85;2.61;6.29;201.9;151.9;32.2;5.2;12.6;1.39;1.14;0.21;0.28;0.75;0.69;0.089;23.9;7.59;3.57;2.33;0.41;1.39;4.99;63.2;46.6;3.9;2.8;10;0.41;0.1;0.08;0.1
15;50;50;0;0;16.12;2.98;8.4;3.03;3.13;0.192;67.7;16.39;8.47;4.68;0.82;2.59;4.69;205.1;164.6;25.9;5.2;9.4;2.01;0.62;0.21;0.29;0.21;0.2;0.078;32.3;2.2;1;0.71;0.12;0.39;3.72;97.6;87.4;1.9;0.8;7.4;0.11;0.05;0.02;0.03
15;50;50;0;50;15.78;3.06;8.87;3.26;3.32;0.195;67.1;17.12;8.91;4.88;0.8;2.58;4.98;202.5;162.1;25.2;5.2;10;1.97;0.84;0.21;0.3;0.2;0.24;0.084;32.9;2.44;1.13;0.78;0.15;0.47;3.89;99.1;88.6;1.8;0.9;7.8;0.11;0.07;0.02;0.04
15;50;50;0;100;15.79;3.32;9.15;3.61;3.64;0.203;66.1;17.98;9.6;4.93;0.85;2.84;5.11;199;158.2;24.9;5.7;10.2;1.92;1.18;0.23;0.3;0.29;0.28;0.092;33.9;2.68;1.32;0.84;0.15;0.48;4.04;102;90.3;2.6;1;8.1;0.12;0.09;0.03;0.03
15;50;50;50;0;18.48;3.4;9.54;3.18;3.22;0.185;72.2;17.4;9.06;4.89;0.9;2.78;5.27;205.5;159.5;30;5.6;10.5;1.94;0.74;0.23;0.3;0.29;0.3;0.083;27.8;3.37;1.51;1.07;0.2;0.63;4.27;78.9;67.3;1.8;1.3;8.5;0.18;0.04;0.03;0.05
15;50;50;50;50;18.43;3.65;10.78;3.5;3.49;0.189;71.5;18.53;9.59;5.3;0.92;2.82;6.2;203.7;156.2;29.4;5.6;12.4;1.91;1.02;0.23;0.32;0.46;0.43;0.087;28.5;4.73;2.17;1.56;0.24;0.83;4.58;81;68.4;1.8;1.7;9.2;0.26;0.06;0.04;0.07
15;50;50;50;100;18.6;4.24;11.87;3.86;3.88;0.198;71.2;19.61;10.38;5.44;0.96;3.07;6.68;212.5;149.6;43.4;6.1;13.4;1.85;1.43;0.26;0.34;0.6;0.57;0.089;28.8;6.28;2.97;1.93;0.34;1.18;5.19;85.6;70.7;2.2;2.4;10.4;0.35;0.08;0.06;0.08
15;50;50;100;0;19.57;3.68;10.37;3.43;3.37;0.186;77.8;18.21;9.55;5.1;0.91;2.87;5.78;205;155.9;31.8;5.7;11.6;1.92;0.91;0.24;0.31;0.4;0.39;0.085;22.2;4.38;2.05;1.39;0.21;0.81;4.59;58.3;45.7;1.8;1.6;9.2;0.24;0.04;0.04;0.06
15;50;50;100;50;20.47;4.43;12.23;3.67;3.72;0.188;77.8;19.82;10.43;5.54;0.98;3.21;6.89;217.8;148.7;48.9;6.4;13.8;1.82;1.29;0.27;0.35;0.59;0.58;0.087;22.2;6.53;3.08;2.04;0.38;1.22;5.34;62.1;47.3;1.7;2.4;10.7;0.37;0.06;0.07;0.09
15;50;50;100;100;21.28;4.67;13.23;4.1;4.04;0.194;76.6;20.88;11.03;5.83;1.03;3.26;7.47;214.6;142.7;50.5;6.5;14.9;1.72;1.69;0.27;0.37;0.7;0.71;0.09;23.4;7.75;3.58;2.5;0.44;1.41;5.76;65.4;48.7;2.3;2.8;11.5;0.43;0.08;0.08;0.11
15;50;100;0;0;16.84;3.49;10.2;3.85;3.87;0.192;68.1;20.25;10.48;5.79;1.03;3.09;5.7;216.9;159.4;39.9;6.2;11.4;2.38;0.89;0.25;0.35;0.26;0.23;0.082;31.9;2.32;1.09;0.74;0.11;0.41;4.5;101.4;89.8;1.8;0.8;9;0.11;0.06;0.02;0.03
15;50;100;0;50;16.65;3.73;10.54;4.25;4.3;0.205;67.3;21.06;11.17;5.86;1.03;3.25;5.9;214;156.6;39.1;6.5;11.8;2.35;1.33;0.27;0.36;0.28;0.27;0.091;32.7;2.62;1.25;0.81;0.14;0.48;4.64;104;91.1;2.7;1;9.3;0.12;0.09;0.02;0.03
15;50;100;0;100;16.24;3.83;10.86;4.63;4.59;0.211;66.4;21.82;11.69;6.04;1.05;3.33;5.99;209.5;153.2;37.6;6.7;12;2.31;1.64;0.28;0.36;0.33;0.32;0.101;33.6;2.81;1.35;0.88;0.15;0.5;4.87;105.9;92.6;2.5;1;9.7;0.13;0.12;0.03;0.04
15;50;100;50;0;19.32;3.95;11.32;4.11;4.08;0.19;72.6;21.53;11.15;6.11;1.02;3.31;6.4;218.9;153;46.4;6.6;12.8;2.27;1.16;0.28;0.36;0.33;0.33;0.085;27.4;3.59;1.67;1.15;0.21;0.64;4.92;82.4;69.5;1.7;1.3;9.8;0.19;0.06;0.04;0.05
15;50;100;50;50;19.51;4.43;12.66;4.42;4.53;0.2;71.2;22.74;11.92;6.46;1.11;3.51;7.11;214.6;147.5;45.8;7;14.2;2.21;1.63;0.3;0.39;0.47;0.47;0.091;28.8;5.01;2.31;1.6;0.26;0.92;5.55;86.8;71.4;2.5;1.8;11.1;0.27;0.08;0.05;0.07
15;50;100;50;100;19.67;4.77;13.48;4.97;4.91;0.211;69.8;23.33;12.5;6.45;1.1;3.56;7.48;209;141.5;45.4;7.1;15;2.09;2.14;0.3;0.38;0.6;0.63;0.094;30.2;6.6;3.1;2.07;0.35;1.22;6;90.3;73.4;2.5;2.4;12;0.36;0.11;0.07;0.09
15;50;100;100;0;20.65;4.37;12.61;4.3;4.19;0.186;78;22.57;11.85;6.38;1.1;3.51;7.18;219.2;148.2;49.5;7;14.4;2.21;1.3;0.29;0.39;0.43;0.42;0.087;22;4.67;2.17;1.49;0.26;0.85;5.43;61.6;47.4;1.6;1.7;10.9;0.26;0.06;0.05;0.06
15;50;100;100;50;21.75;5.01;14.17;4.68;4.7;0.196;76.3;24.04;12.73;6.79;1.11;3.74;7.95;214.8;140.1;51.3;7.5;15.9;2.1;1.87;0.32;0.41;0.62;0.61;0.089;23.7;6.72;3.12;2.16;0.37;1.27;6.22;66.6;49.2;2.3;2.5;12.4;0.38;0.08;0.07;0.08
15;50;100;100;100;22.53;5.33;15.21;5.34;5.28;0.208;75;25.43;13.58;7;1.18;3.83;8.49;210;132.6;52.8;7.7;17;1.98;2.56;0.32;0.43;0.78;0.76;0.092;25;8.11;3.75;2.49;0.45;1.5;6.72;69.6;50.9;2.3;3;13.4;0.46;0.11;0.09;0.1
15;100;0;0;0;17.56;2.87;8.26;2.98;3.03;0.199;61.2;15.28;8.02;4.36;0.75;2.36;4.67;154.4;115.6;24.8;4.7;9.3;2.17;0.42;0.2;0.26;0.27;0.28;0.084;38.8;2.9;1.33;0.9;0.16;0.51;3.59;97.7;83.5;6;1;7.2;0.1;0.1;0.03;0.04
15;100;0;0;50;17.06;3.08;8.76;3.11;3.18;0.202;60.8;15.85;8.44;4.47;0.74;2.46;4.93;153.3;114.7;23.8;4.9;9.9;2.15;0.56;0.2;0.28;0.33;0.36;0.098;39.2;3.43;1.56;1.09;0.18;0.62;3.83;98.7;84.1;5.7;1.2;7.7;0.12;0.16;0.04;0.04
15;100;0;0;100;16.87;3.17;9.19;3.38;3.31;0.201;59.7;16.52;8.75;4.59;0.78;2.49;5.16;152.3;113.9;23.1;5;10.3;2.14;0.69;0.2;0.28;0.47;0.43;0.105;40.3;3.89;1.87;1.18;0.18;0.68;4.03;102.6;84.6;8.6;1.4;8.1;0.12;0.22;0.04;0.05
15;100;0;50;0;19.58;3.17;9.03;3.1;3.08;0.194;66.4;15.95;8.25;4.52;0.77;2.45;5.06;156.4;112.8;28.6;4.9;10.1;2.12;0.49;0.2;0.26;0.35;0.36;0.088;33.6;3.91;1.81;1.21;0.2;0.72;3.96;79.2;64;5.8;1.4;7.9;0.17;0.1;0.04;0.06
15;100;0;50;50;19.6;3.57;10.21;3.21;3.24;0.196;65.6;16.61;8.64;4.68;0.83;2.6;5.7;155.8;111.3;27.9;5.2;11.4;2.07;0.68;0.21;0.29;0.57;0.54;0.095;34.4;5.58;2.6;1.74;0.33;0.97;4.52;81.5;64.8;5.7;1.9;9;0.24;0.17;0.06;0.08
15;100;0;50;100;19.71;3.94;11.6;3.4;3.47;0.199;64.1;17.47;9.09;4.94;0.9;2.66;6.48;155.2;109.6;27.3;5.3;13;2.05;0.91;0.21;0.3;0.73;0.71;0.097;35.9;7.2;3.34;2.28;0.42;1.29;5.11;86.8;65.7;8.4;2.6;10.2;0.32;0.22;0.07;0.1
15;100;0;100;0;20.58;3.51;9.84;3.06;3.11;0.193;72.6;16.23;8.53;4.6;0.79;2.62;5.43;157.7;111.5;30.1;5.2;10.9;2.1;0.52;0.22;0.27;0.47;0.44;0.087;27.4;4.9;2.29;1.58;0.27;0.89;4.41;59.3;43.1;5.6;1.8;8.8;0.23;0.09;0.05;0.07
15;100;0;100;50;21.24;4.09;11.5;3.27;3.39;0.192;71.6;17.7;9.21;5.03;0.89;2.78;6.42;157.3;108.4;30.6;5.6;12.8;2.07;0.78;0.24;0.3;0.66;0.66;0.093;28.4;7.02;3.27;2.21;0.36;1.31;5.09;62.4;44.2;5.4;2.6;10.2;0.34;0.15;0.08;0.09
15;100;0;100;100;22.02;4.5;12.74;3.62;3.63;0.193;69.8;18.84;9.93;5.32;0.88;2.98;7.14;156.6;104.8;31.5;6;14.3;1.94;1.12;0.24;0.32;0.84;0.82;0.095;30.2;8.43;3.99;2.64;0.45;1.52;5.6;67.6;45.4;8;3;11.2;0.4;0.21;0.09;0.12
15;100;50;0;0;17.62;3.79;10.7;4.27;4.31;0.204;61.2;21.18;11.18;5.9;1.03;3.28;6.02;157.5;113.7;25.1;6.6;12;3.08;0.6;0.27;0.36;0.29;0.29;0.091;38.8;2.9;1.37;0.87;0.18;0.52;4.67;99.8;84.8;4.6;1;9.3;0.11;0.12;0.03;0.04
15;100;50;0;50;17.33;3.92;11.17;4.49;4.49;0.206;60.1;21.84;11.58;6.11;1.03;3.31;6.31;156.2;112.6;24.3;6.6;12.6;3.04;0.8;0.28;0.36;0.37;0.37;0.104;39.9;3.26;1.56;1.01;0.18;0.61;4.86;103.5;85.5;7;1.2;9.7;0.11;0.18;0.03;0.04
15;100;50;0;100;17.37;4.07;11.64;4.61;4.75;0.212;59.4;22.46;11.88;6.25;1.09;3.43;6.47;154.6;111;23.8;6.9;12.9;2.97;1.13;0.28;0.37;0.48;0.46;0.117;40.6;3.79;1.83;1.16;0.19;0.65;5.17;105.4;86.6;7.1;1.3;10.3;0.12;0.26;0.04;0.05
15;100;50;50;0;20.07;4.13;11.95;4.32;4.37;0.198;66.1;22.15;11.66;6.31;1.06;3.4;6.68;159.7;110.5;29.1;6.8;13.4;3;0.73;0.26;0.38;0.41;0.4;0.093;33.9;4.04;1.86;1.29;0.23;0.73;5.26;81.8;65.2;4.6;1.5;10.5;0.17;0.12;0.04;0.05
15;100;50;50;50;20.12;4.5;12.98;4.49;4.57;0.2;64.6;22.95;11.93;6.52;1.14;3.53;7.3;158.1;107.9;28.6;7.1;14.6;2.91;1;0.28;0.39;0.57;0.55;0.098;35.4;5.42;2.57;1.69;0.29;0.97;5.68;86.7;66.6;6.9;1.9;11.4;0.24;0.18;0.06;0.07
15;100;50;50;100;20.09;4.95;14;4.94;4.94;0.207;65.7;23.89;12.78;6.61;1.14;3.68;7.9;170.6;105.2;42.2;7.4;15.8;2.85;1.38;0.31;0.4;0.79;0.72;0.101;34.3;7.04;3.35;2.12;0.4;1.27;6.1;89.1;67.9;6.5;2.5;12.2;0.33;0.24;0.07;0.09
15;100;50;100;0;21.04;4.36;12.74;4.39;4.43;0.198;71.9;22.48;11.81;6.42;1.03;3.46;7.05;159.3;107.7;30.5;6.9;14.1;2.89;0.88;0.28;0.38;0.5;0.47;0.09;28.1;5.09;2.35;1.68;0.29;0.9;5.69;62.3;44.4;4.7;1.8;11.4;0.25;0.12;0.04;0.07
15;100;50;100;50;21.95;4.93;14.14;4.72;4.73;0.199;72.1;23.82;12.48;6.73;1.15;3.64;7.87;173.9;103.2;47.7;7.3;15.7;2.8;1.23;0.3;0.41;0.71;0.68;0.094;27.9;7.15;3.37;2.27;0.37;1.29;6.27;67.4;45.9;6.4;2.6;12.5;0.36;0.16;0.07;0.09
15;100;50;100;100;22.72;5.45;15.56;5.05;5.08;0.203;71.3;25.1;13.24;7.07;1.23;3.89;8.75;174.3;100;49;7.8;17.5;2.71;1.64;0.3;0.43;0.87;0.84;0.098;28.7;8.41;4;2.66;0.42;1.56;6.81;70;47;6.2;3.1;13.6;0.42;0.23;0.08;0.11
15;100;100;0;0;18.1;4.38;12.56;5.18;5.15;0.203;62.2;25.46;13.49;7.21;1.17;3.9;6.94;170.5;109.6;39.2;7.8;13.9;3.51;0.88;0.33;0.42;0.32;0.31;0.097;37.8;2.91;1.29;0.95;0.17;0.49;5.62;103.4;87.5;3.6;1;11.2;0.11;0.13;0.02;0.04
15;100;100;0;50;17.8;4.49;12.84;5.53;5.52;0.212;61.3;26.07;13.89;7.23;1.27;3.93;7.18;168.3;108.4;37.7;7.9;14.4;3.48;1.28;0.32;0.44;0.44;0.37;0.106;38.7;3.22;1.59;0.95;0.18;0.56;5.66;106.3;88.4;5.5;1.1;11.3;0.12;0.18;0.03;0.04
15;100;100;0;100;17.43;4.7;13.26;5.72;5.78;0.217;60.7;26.71;14.4;7.24;1.26;4.04;7.42;166.3;107;36.5;8.1;14.8;3.42;1.58;0.34;0.44;0.47;0.47;0.122;39.3;3.65;1.79;1.11;0.17;0.66;5.84;107.7;89.3;5.4;1.3;11.7;0.13;0.26;0.03;0.05
15;100;100;50;0;20.53;4.83;13.65;5.3;5.32;0.2;67.1;26.66;13.91;7.5;1.37;4.11;7.55;173.7;104.9;45.5;8.2;15.1;3.37;1.15;0.34;0.46;0.43;0.4;0.096;32.9;3.98;1.91;1.23;0.21;0.72;6.11;85.2;68;3.5;1.4;12.2;0.18;0.12;0.04;0.05
15;100;100;50;50;20.3;5.21;14.72;5.65;5.62;0.207;65.7;27.16;14.41;7.63;1.28;4.17;8.27;171.5;102.6;44;8.3;16.5;3.26;1.57;0.34;0.46;0.6;0.58;0.101;34.3;5.63;2.68;1.75;0.3;1.04;6.45;89.4;69.2;5.3;2.1;12.9;0.27;0.18;0.06;0.07
15;100;100;50;100;20.37;5.37;15.55;5.87;6;0.217;64.8;27.67;14.8;7.58;1.31;4.11;8.67;169.1;100.2;43.3;8.2;17.3;3.19;2.01;0.34;0.46;0.82;0.76;0.105;35.2;7.17;3.41;2.27;0.36;1.26;6.88;91.8;70.4;5.1;2.5;13.8;0.35;0.25;0.07;0.09
15;100;100;100;0;21.47;5.06;14.51;5.38;5.34;0.198;73.3;27.06;14.3;7.6;1.3;4.17;8.19;175.9;103.3;47.8;8.3;16.4;3.31;1.23;0.35;0.46;0.55;0.49;0.093;26.7;5.1;2.36;1.58;0.27;0.89;6.31;63.8;45.9;3.5;1.8;12.6;0.25;0.12;0.05;0.06
15;100;100;100;50;22.64;5.67;16.15;5.7;5.78;0.204;71.5;28.36;15.06;7.96;1.32;4.35;9.05;174.6;98.2;49.6;8.7;18.1;3.13;1.81;0.37;0.47;0.72;0.71;0.097;28.5;7.23;3.35;2.31;0.42;1.33;7.1;69.5;47.6;5;2.7;14.2;0.36;0.17;0.07;0.1
15;100;100;100;100;23.53;6.14;17.25;6.24;6.31;0.213;70.3;29.61;15.83;8.29;1.37;4.55;9.64;172.5;92.6;51.5;9.1;19.3;2.94;2.49;0.38;0.49;0.85;0.85;0.1;29.7;8.43;4.02;2.65;0.44;1.59;7.61;72.7;49.5;4.8;3.2;15.2;0.43;0.23;0.08;0.11
16;0;0;0;0;15.78;1.91;5.26;1.49;1.52;0.166;74.8;9.21;4.71;2.61;0.49;1.52;3.01;261.6;225.8;26.8;3;6;0.77;0.45;0.13;0.17;0.19;0.19;0.073;25.2;2.1;0.98;0.69;0.11;0.39;2.25;88;80.9;1.9;0.8;4.5;0.11;0.03;0.02;0.03
16;0;0;0;50;15.46;2.07;5.71;1.7;1.72;0.172;74.2;10.02;5.15;2.87;0.48;1.65;3.23;258.5;222.7;26;3.3;6.5;0.78;0.62;0.14;0.18;0.2;0.21;0.077;25.8;2.29;1.04;0.73;0.12;0.43;2.48;89.5;81.8;1.9;0.9;5;0.11;0.04;0.02;0.03
16;0;0;0;100;15.21;2.11;6.09;1.85;1.83;0.174;73.6;10.51;5.37;3.04;0.5;1.62;3.47;255.8;220.5;25.1;3.2;6.9;0.77;0.75;0.13;0.18;0.22;0.24;0.081;26.4;2.53;1.21;0.8;0.14;0.49;2.62;91.6;82.5;2.8;1;5.2;0.12;0.06;0.02;0.04
16;0;0;50;0;17.83;2.21;6.22;1.61;1.6;0.161;78.9;9.94;5.07;2.94;0.48;1.61;3.5;262.9;222.1;30.5;3.2;7;0.76;0.51;0.14;0.18;0.28;0.28;0.08;21.1;3.17;1.46;1.03;0.16;0.6;2.71;70.1;61.7;1.8;1.2;5.4;0.17;0.03;0.03;0.05
16;0;0;50;50;17.92;2.44;7.23;1.75;1.79;0.167;78;10.74;5.4;3.22;0.52;1.65;4;258.3;217;30;3.3;8;0.74;0.71;0.14;0.19;0.35;0.37;0.083;22;4.26;1.96;1.35;0.22;0.79;3.23;72.7;62.8;1.8;1.6;6.5;0.23;0.04;0.04;0.06
16;0;0;50;100;17.95;2.93;8.3;2.12;2.06;0.175;76.8;11.85;6.09;3.33;0.58;1.86;4.65;253.1;210.6;29.5;3.7;9.3;0.73;0.98;0.16;0.21;0.48;0.51;0.087;23.2;5.73;2.68;1.78;0.31;1.07;3.65;76.3;64.3;2.6;2.1;7.3;0.32;0.06;0.06;0.08
16;0;0;100;0;18.34;2.52;7.16;1.6;1.6;0.159;83.6;10.04;5.13;2.96;0.51;1.64;4;261.8;219.7;30.9;3.3;8;0.75;0.53;0.14;0.18;0.35;0.39;0.083;16.4;4.44;2.05;1.43;0.27;0.88;3.16;51.3;41.5;1.7;1.8;6.3;0.25;0.03;0.05;0.06
16;0;0;100;50;19.29;3.07;8.67;1.91;1.92;0.164;82.5;11.69;5.87;3.43;0.6;1.88;4.98;257;211.5;31.8;3.8;10;0.74;0.81;0.16;0.21;0.53;0.55;0.085;17.5;6.25;2.88;2.05;0.34;1.19;3.69;54.3;42.7;1.8;2.4;7.4;0.35;0.04;0.07;0.09
16;0;0;100;100;20.02;3.43;9.97;2.38;2.26;0.171;81.2;13.17;6.83;3.81;0.64;2.1;5.61;251.4;203.3;32.7;4.2;11.2;0.71;1.14;0.18;0.22;0.6;0.65;0.086;18.8;7.42;3.34;2.45;0.42;1.32;4.36;57.9;44;2.5;2.6;8.7;0.42;0.05;0.07;0.1
16;0;50;0;0;16.18;2.05;5.95;1.81;1.73;0.162;73.8;10.67;5.35;3.19;0.52;1.69;3.34;256.4;218.9;27.5;3.4;6.7;0.75;0.65;0.14;0.19;0.22;0.19;0.073;26.2;2.07;0.95;0.69;0.09;0.37;2.61;90.7;83;1.7;0.7;5.2;0.11;0.04;0.02;0.03
16;0;50;0;50;15.96;2.31;6.53;1.97;1.99;0.169;73;11.81;6;3.4;0.61;1.86;3.69;251.8;214;26.8;3.7;7.4;0.73;0.9;0.16;0.21;0.23;0.23;0.081;27;2.4;1.13;0.76;0.14;0.45;2.84;92.8;84.5;1.7;0.9;5.7;0.12;0.06;0.03;0.03
16;0;50;0;100;15.69;2.42;7.06;2.45;2.36;0.185;72.3;12.75;6.67;3.64;0.63;1.92;4.04;248.8;210.8;26.1;3.8;8.1;0.74;1.23;0.16;0.23;0.25;0.27;0.09;27.7;2.62;1.26;0.81;0.12;0.5;3.02;95;85.5;2.5;1;6;0.12;0.08;0.03;0.03
16;0;50;50;0;18.7;2.55;7.34;1.84;1.89;0.156;77.7;12.09;6.14;3.51;0.66;1.94;4.13;255.8;212.2;31.4;3.9;8.3;0.73;0.78;0.16;0.22;0.31;0.29;0.083;22.3;3.27;1.5;1.04;0.16;0.61;3.2;73.4;63.9;1.8;1.2;6.4;0.17;0.04;0.03;0.04
16;0;50;50;50;18.67;2.95;8.5;2.27;2.22;0.164;76.6;13.49;6.83;3.97;0.63;2.1;4.88;250;205.1;30.9;4.2;9.8;0.72;1.08;0.17;0.25;0.42;0.42;0.087;23.4;4.64;2.1;1.52;0.25;0.85;3.62;76.3;65.6;1.7;1.7;7.2;0.25;0.06;0.05;0.06
16;0;50;50;100;19.04;3.36;9.78;2.7;2.64;0.182;76.3;14.56;7.62;4.09;0.69;2.28;5.5;260.2;198.5;46.2;4.6;11;0.71;1.49;0.19;0.25;0.53;0.55;0.089;23.7;6.03;2.73;1.99;0.32;1.08;4.29;80.4;67.1;2.6;2.2;8.6;0.33;0.08;0.05;0.08
16;0;50;100;0;19.42;2.87;8.32;1.98;2.01;0.16;82.4;12.62;6.34;3.71;0.67;2.04;4.7;253.8;207.9;32.4;4.1;9.4;0.69;0.92;0.16;0.23;0.39;0.4;0.084;17.6;4.53;2.08;1.51;0.23;0.84;3.62;54;43.3;1.8;1.7;7.2;0.25;0.04;0.04;0.06
16;0;50;100;50;20.42;3.44;10.09;2.39;2.43;0.169;82.1;14.44;7.28;4.33;0.71;2.27;5.65;264.5;198.3;50.3;4.5;11.3;0.69;1.3;0.19;0.26;0.55;0.56;0.086;17.9;6.39;2.92;2.03;0.37;1.17;4.43;57.6;44.8;1.6;2.3;8.9;0.36;0.05;0.06;0.08
16;0;50;100;100;20.94;3.9;11.44;2.87;2.89;0.179;80.9;16.17;8.25;4.75;0.81;2.47;6.48;259.4;190.3;51.1;4.9;13;0.66;1.72;0.21;0.29;0.7;0.7;0.089;19.1;7.77;3.59;2.45;0.43;1.43;4.97;61.1;46;2.3;2.9;9.9;0.44;0.08;0.08;0.11
16;0;100;0;0;16.89;2.55;7.18;2.17;2.1;0.16;73.5;13.08;6.65;3.81;0.68;2.13;4.03;263.7;208.9;42.5;4.3;8.1;0.74;0.95;0.17;0.24;0.21;0.21;0.078;26.5;2.23;1.05;0.69;0.14;0.42;3.16;94.9;86;1.7;0.8;6.3;0.11;0.05;0.02;0.03
16;0;100;0;50;16.69;2.63;7.71;2.46;2.57;0.182;72.7;14.11;7.15;4.09;0.72;2.16;4.35;258.6;204;41.6;4.3;8.7;0.71;1.42;0.18;0.26;0.23;0.26;0.089;27.3;2.54;1.16;0.83;0.14;0.47;3.36;96.9;87.6;1.7;0.9;6.7;0.12;0.08;0.03;0.03
16;0;100;0;100;16.37;2.87;8.04;2.91;2.9;0.194;72;14.93;7.86;4.18;0.75;2.32;4.55;255.1;201.2;40.1;4.6;9.1;0.7;1.74;0.2;0.25;0.3;0.31;0.099;28;2.8;1.41;0.82;0.16;0.55;3.49;99;88.4;2.6;1.1;7;0.13;0.11;0.03;0.04
16;0;100;50;0;19.46;3.01;8.41;2.42;2.4;0.161;77.4;14.85;7.53;4.35;0.7;2.38;4.86;263.5;199.7;49.3;4.8;9.7;0.68;1.25;0.2;0.27;0.28;0.3;0.084;22.6;3.34;1.51;1.08;0.15;0.63;3.56;76.9;66.8;1.7;1.3;7.1;0.18;0.05;0.03;0.04
16;0;100;50;50;19.73;3.45;9.84;2.94;2.91;0.179;76.2;16.21;8.39;4.65;0.78;2.56;5.6;258;193;48.7;5.1;11.2;0.68;1.72;0.21;0.29;0.39;0.45;0.09;23.8;4.82;2.19;1.57;0.26;0.89;4.24;80.2;68.4;1.6;1.8;8.5;0.26;0.08;0.04;0.06
16;0;100;50;100;19.73;3.82;10.92;3.39;3.39;0.198;74.9;17.13;9.02;4.79;0.79;2.61;6.17;251.7;186.4;47.7;5.2;12.3;0.65;2.23;0.22;0.3;0.56;0.6;0.092;25.1;6.39;2.96;2.09;0.32;1.21;4.75;84;69.9;2.2;2.4;9.5;0.35;0.1;0.07;0.09
16;0;100;100;0;20.4;3.52;9.83;2.56;2.54;0.16;81.9;15.85;8.04;4.66;0.83;2.59;5.48;261.2;194.1;51;5.2;11;0.69;1.35;0.22;0.28;0.41;0.43;0.086;18.1;4.85;2.18;1.61;0.26;0.92;4.35;57.5;45.4;1.5;1.8;8.7;0.27;0.04;0.05;0.07
16;0;100;100;50;21.62;4.01;11.61;2.99;3.13;0.178;80.8;17.6;8.95;5.11;0.9;2.82;6.6;256.8;185.1;52.8;5.6;13.2;0.67;1.92;0.23;0.31;0.56;0.59;0.088;19.2;6.63;3.02;2.13;0.37;1.19;5.01;60.7;46.8;1.5;2.4;10;0.38;0.07;0.06;0.09
16;0;100;100;100;22.5;4.61;12.77;3.92;3.84;0.197;79.1;19.53;10.38;5.4;0.95;3.08;7.1;247.3;172.4;54.6;6.2;14.2;0.6;2.65;0.26;0.33;0.66;0.74;0.09;20.9;8.15;3.75;2.56;0.41;1.53;5.67;65.1;48.7;1.9;3.1;11.3;0.46;0.08;0.08;0.11
16;50;0;0;0;16.11;2.4;6.77;2.5;2.44;0.188;70.3;12.99;6.84;3.6;0.63;2;3.81;209.8;171.5;26.7;4;7.6;1.6;0.45;0.17;0.23;0.18;0.18;0.071;29.7;2.02;0.93;0.67;0.11;0.39;2.96;88.7;79.9;2;0.8;5.9;0.1;0.03;0.02;0.03
16;50;0;0;50;15.58;2.57;7.06;2.59;2.57;0.191;69.9;13.48;7.03;3.82;0.62;2.16;4.05;207.8;169.9;25.4;4.3;8.1;1.55;0.6;0.19;0.23;0.2;0.22;0.079;30.1;2.4;1.09;0.76;0.14;0.41;3;89.5;80.6;2.1;0.8;6;0.11;0.05;0.02;0.03
16;50;0;0;100;15.45;2.73;7.6;2.87;2.73;0.191;68.9;14.37;7.61;3.97;0.69;2.24;4.3;204.6;166.5;25.1;4.5;8.6;1.53;0.76;0.19;0.26;0.24;0.25;0.085;31.1;2.59;1.2;0.85;0.15;0.49;3.3;92.4;82;2.9;1;6.6;0.12;0.08;0.02;0.03
16;50;0;50;0;18.12;2.71;7.56;2.55;2.47;0.183;74.8;13.58;6.98;3.87;0.63;2.11;4.26;210.8;167.8;30.3;4.2;8.5;1.54;0.52;0.18;0.23;0.26;0.27;0.079;25.2;3.08;1.42;0.97;0.17;0.6;3.29;71;61.2;2;1.2;6.6;0.17;0.03;0.03;0.04
16;50;0;50;50;18.37;3.13;8.69;2.74;2.67;0.186;74;14.42;7.63;4.08;0.66;2.31;4.93;209.1;164.9;29.8;4.6;9.9;1.51;0.72;0.2;0.25;0.38;0.39;0.085;26;4.4;2.02;1.42;0.25;0.82;3.76;73.4;62.2;2.1;1.6;7.5;0.24;0.05;0.05;0.06
16;50;0;50;100;18.33;3.33;9.86;2.96;2.88;0.19;72.7;15.23;7.94;4.38;0.71;2.29;5.58;205.2;160.4;29.1;4.6;11.2;1.46;0.97;0.19;0.27;0.52;0.52;0.087;27.3;5.83;2.64;1.89;0.34;1.04;4.29;77;63.5;2.8;2.1;8.6;0.32;0.07;0.06;0.07
16;50;0;100;0;18.48;3.08;8.35;2.42;2.48;0.182;80.2;13.62;7.11;3.87;0.64;2.21;4.67;211.1;167;30.3;4.4;9.3;1.53;0.52;0.19;0.24;0.4;0.39;0.084;19.8;4.46;2.11;1.38;0.26;0.87;3.67;52.1;41;2;1.7;7.3;0.25;0.03;0.05;0.06
16;50;0;100;50;19.46;3.56;9.99;2.72;2.72;0.183;79.2;14.95;7.79;4.18;0.71;2.4;5.73;209.3;161.8;31.3;4.8;11.5;1.48;0.78;0.19;0.27;0.53;0.55;0.085;20.8;6.22;2.86;2.03;0.33;1.16;4.26;54.8;42.1;1.9;2.3;8.5;0.35;0.05;0.06;0.09
16;50;0;100;100;20.42;3.98;11.35;3.1;3.05;0.185;77.5;16.49;8.66;4.62;0.82;2.59;6.34;205;154.5;32.6;5.2;12.7;1.4;1.14;0.22;0.29;0.63;0.67;0.088;22.5;7.42;3.44;2.42;0.41;1.39;5.02;59.2;43.6;2.8;2.8;10;0.41;0.07;0.08;0.1
16;50;50;0;0;16.29;2.9;8.3;3.08;3.12;0.192;69.7;16.31;8.44;4.7;0.78;2.52;4.64;209.6;168.9;26.4;5;9.3;2.02;0.62;0.21;0.27;0.2;0.2;0.075;30.3;2.1;0.99;0.64;0.12;0.38;3.66;90.8;81;1.8;0.8;7.3;0.1;0.04;0.02;0.03
16;50;50;0;50;16.29;3.08;8.99;3.43;3.36;0.193;68.9;17.42;9.16;4.97;0.86;2.64;5.06;206.4;164.8;26.3;5.3;10.1;1.96;0.87;0.22;0.31;0.23;0.23;0.083;31.1;2.4;1.1;0.81;0.13;0.44;3.93;93.1;82.7;1.7;0.9;7.9;0.11;0.06;0.03;0.03
16;50;50;0;100;15.9;3.18;9.07;3.81;3.63;0.203;68.1;17.96;9.57;4.95;0.85;2.71;5.15;203.1;162.2;25.2;5.4;10.3;1.92;1.19;0.23;0.3;0.26;0.27;0.091;31.9;2.65;1.24;0.8;0.16;0.47;3.93;95.1;83.7;2.6;0.9;7.9;0.12;0.09;0.02;0.03
16;50;50;50;0;19.21;3.44;9.63;3.34;3.27;0.184;73.8;17.87;9.34;5.07;0.9;2.82;5.45;210.2;162.4;31.3;5.6;10.9;1.95;0.79;0.23;0.31;0.26;0.28;0.082;26.2;3.16;1.5;0.97;0.17;0.63;4.18;74.4;62.9;1.8;1.3;8.4;0.17;0.04;0.03;0.04
16;50;50;50;50;19.08;3.82;10.67;3.51;3.51;0.187;72.7;18.82;9.88;5.29;0.9;2.98;6.04;205.9;157.2;30.7;6;12.1;1.86;1.07;0.25;0.33;0.37;0.4;0.086;27.3;4.44;2.09;1.38;0.27;0.84;4.64;77.1;64.5;1.6;1.7;9.3;0.24;0.06;0.04;0.06
16;50;50;50;100;19.05;4.05;11.82;3.92;3.87;0.198;72.9;19.58;10.32;5.49;0.93;2.96;6.7;217.6;153.3;45.1;5.9;13.4;1.83;1.46;0.25;0.33;0.52;0.55;0.091;27.1;5.96;2.76;1.9;0.35;1.1;5.11;80.7;65.7;2.5;2.2;10.2;0.33;0.09;0.06;0.08
16;50;50;100;0;19.33;3.63;10.5;3.36;3.32;0.186;79.1;17.91;9.36;5.05;0.87;2.8;5.83;208.7;160;31.4;5.6;11.7;1.9;0.89;0.23;0.3;0.38;0.41;0.085;20.9;4.6;2.07;1.53;0.29;0.83;4.67;55.1;42.4;1.7;1.7;9.3;0.26;0.04;0.05;0.06
16;50;50;100;50;20.76;4.32;12.19;3.71;3.71;0.188;78.9;19.82;10.3;5.57;1.03;3.15;6.86;221;151.4;49.5;6.3;13.7;1.8;1.3;0.27;0.35;0.53;0.57;0.087;21.1;6.44;2.95;2.08;0.36;1.17;5.33;58.9;44.2;1.7;2.3;10.7;0.36;0.06;0.06;0.08
16;50;50;100;100;21.33;4.65;13.2;4.11;4.06;0.194;77.9;20.95;11.01;5.86;0.99;3.26;7.45;218.3;146.6;50.2;6.5;14.9;1.75;1.69;0.27;0.35;0.7;0.7;0.089;22.1;7.71;3.56;2.5;0.39;1.39;5.75;61.9;45.2;2.4;2.8;11.5;0.43;0.09;0.07;0.11
16;50;100;0;0;17.55;3.57;10.11;3.95;3.91;0.191;69.9;20.55;10.76;5.8;0.95;3.16;5.64;221.5;161.8;42.1;6.3;11.3;2.36;0.94;0.26;0.35;0.2;0.21;0.079;30.1;2.18;1;0.71;0.1;0.41;4.47;95.4;83.9;1.7;0.8;8.9;0.1;0.06;0.02;0.03
16;50;100;0;50;17.14;3.71;10.41;4.34;4.32;0.204;69;21.29;11.37;5.88;0.98;3.31;5.88;217.8;158.8;40.6;6.6;11.8;2.32;1.37;0.27;0.36;0.25;0.25;0.091;31;2.39;1.1;0.78;0.14;0.4;4.53;97.6;85.1;2.6;0.8;9.1;0.11;0.09;0.02;0.03
16;50;100;0;100;16.8;3.78;10.84;4.78;4.61;0.21;68.2;22.05;11.8;6.08;1;3.28;6.13;213.8;155.5;39.5;6.6;12.3;2.26;1.71;0.27;0.38;0.32;0.31;0.099;31.8;2.78;1.37;0.83;0.15;0.51;4.71;99.5;86.5;2.6;1;9.4;0.12;0.12;0.03;0.04
16;50;100;50;0;19.73;4.07;11.4;4.16;4.11;0.189;74.1;21.85;11.51;6.14;1.01;3.41;6.48;223.1;155.5;47.9;6.8;13;2.24;1.21;0.29;0.37;0.33;0.32;0.086;25.9;3.44;1.61;1.07;0.2;0.65;4.91;77.9;65;1.8;1.3;9.8;0.18;0.06;0.04;0.04
16;50;100;50;50;19.87;4.45;12.57;4.53;4.58;0.199;72.7;23.08;12.23;6.48;1.06;3.58;7.1;218.9;150.2;47.3;7.2;14.2;2.21;1.67;0.3;0.4;0.43;0.44;0.091;27.3;4.71;2.16;1.5;0.26;0.87;5.47;81.8;66.7;2.5;1.7;10.9;0.25;0.08;0.05;0.06
16;50;100;50;100;20.28;4.77;13.52;5.02;5.03;0.211;71.5;23.94;12.77;6.63;1.16;3.65;7.58;214.1;144.3;47.4;7.3;15.2;2.11;2.22;0.31;0.4;0.58;0.59;0.094;28.5;6.13;2.85;1.9;0.34;1.12;5.94;84.9;68.5;2.3;2.2;11.9;0.33;0.11;0.06;0.08
16;50;100;100;0;20.53;4.42;12.6;4.18;4.17;0.187;79;22.37;11.64;6.36;1.1;3.5;7.02;221.8;151.7;49;7;14;2.22;1.29;0.28;0.38;0.45;0.44;0.087;21;4.82;2.26;1.55;0.28;0.92;5.59;58.8;44.1;1.6;1.8;11.2;0.27;0.05;0.05;0.06
16;50;100;100;50;21.62;4.99;14.16;4.7;4.7;0.196;77.6;24;12.64;6.86;1.15;3.75;8.02;218.6;144.1;51;7.5;16;2.12;1.85;0.32;0.41;0.57;0.61;0.089;22.4;6.73;3.09;2.17;0.36;1.24;6.13;62.8;45.7;2.3;2.5;12.3;0.38;0.08;0.07;0.09
16;50;100;100;100;22.63;5.32;15.43;5.26;5.31;0.208;76.2;25.59;13.54;7.14;1.21;3.87;8.63;212.9;134.8;53.1;7.7;17.3;1.98;2.58;0.33;0.43;0.71;0.73;0.09;23.8;7.96;3.7;2.56;0.44;1.44;6.8;66.2;47.6;2.2;2.9;13.6;0.45;0.1;0.08;0.11
16;100;0;0;0;17.53;2.93;8.09;3.2;3.11;0.198;63.2;15.75;8.37;4.26;0.79;2.48;4.54;156.9;117.1;25.8;5;9.1;2.21;0.44;0.21;0.26;0.24;0.24;0.084;36.8;2.59;1.2;0.81;0.14;0.45;3.55;91.2;78.2;5;0.9;7.1;0.1;0.08;0.02;0.04
16;100;0;0;50;17.19;3.03;8.65;3.16;3.25;0.202;62.8;16.18;8.55;4.46;0.77;2.45;4.89;156.1;116.8;24.7;4.9;9.8;2.2;0.57;0.2;0.28;0.3;0.33;0.096;37.2;3.12;1.48;0.97;0.18;0.58;3.75;92.3;78.5;5.1;1.2;7.5;0.11;0.14;0.03;0.04
16;100;0;0;100;16.88;3.23;9.32;3.48;3.38;0.201;61.9;16.89;8.98;4.74;0.81;2.58;5.26;155.5;115.9;23.9;5.2;10.5;2.17;0.71;0.21;0.29;0.37;0.4;0.103;38.1;3.61;1.7;1.14;0.19;0.65;4.06;95.7;79;7.3;1.3;8.1;0.11;0.2;0.04;0.05
16;100;0;50;0;19.65;3.14;9.1;3.18;3.15;0.193;68.3;16.36;8.5;4.71;0.77;2.48;5.12;159.5;114.6;29.7;5;10.2;2.15;0.51;0.21;0.29;0.32;0.33;0.085;31.7;3.61;1.67;1.15;0.23;0.67;3.98;74.1;60;4.8;1.3;8;0.16;0.08;0.04;0.05
16;100;0;50;50;19.66;3.6;10.23;3.35;3.35;0.195;67.5;17.18;9.07;4.73;0.88;2.66;5.83;158.8;113;28.8;5.3;11.7;2.11;0.7;0.23;0.3;0.49;0.48;0.092;32.5;5.08;2.4;1.61;0.28;0.94;4.4;76.4;60.7;4.9;1.9;8.8;0.23;0.14;0.05;0.07
16;100;0;50;100;19.63;4.02;11.5;3.63;3.59;0.198;66;18.16;9.67;5.05;0.82;2.8;6.49;157.5;110.5;28.4;5.6;13;2.09;0.96;0.23;0.31;0.58;0.65;0.095;34;6.69;3.09;2.13;0.35;1.22;5.01;81;61.9;6.7;2.4;10;0.31;0.18;0.07;0.09
16;100;0;100;0;20;3.4;9.74;3.28;3.17;0.193;74.3;16.45;8.68;4.67;0.77;2.49;5.51;159.8;113.9;29.9;5;11;2.15;0.51;0.22;0.29;0.38;0.43;0.087;25.7;4.82;2.17;1.56;0.27;0.91;4.23;55.3;40.2;4.9;1.8;8.5;0.24;0.08;0.05;0.06
16;100;0;100;50;20.98;4.03;11.58;3.27;3.38;0.193;73.2;17.59;9.16;5.01;0.84;2.71;6.5;159.9;111;30.5;5.4;13;2.09;0.77;0.23;0.3;0.6;0.64;0.091;26.8;6.94;3.28;2.21;0.37;1.33;5.09;58.6;41.1;4.7;2.7;10.2;0.34;0.14;0.07;0.09
16;100;0;100;100;21.48;4.41;12.78;3.76;3.66;0.195;71.7;18.87;9.96;5.37;0.94;2.94;7.26;159.4;107.9;31.1;5.9;14.5;2.01;1.09;0.24;0.32;0.74;0.78;0.093;28.3;8.25;3.78;2.61;0.44;1.48;5.51;63;42;7;3;11;0.4;0.18;0.08;0.11
16;100;50;0;0;17.7;3.82;10.8;4.43;4.39;0.204;63.2;21.64;11.51;6.03;1.1;3.31;6.12;160.7;115.9;25.9;6.6;12.2;3.13;0.62;0.28;0.37;0.29;0.27;0.088;36.8;2.66;1.26;0.86;0.13;0.51;4.68;93.3;79;4;1;9.4;0.1;0.11;0.03;0.03
16;100;50;0;50;17.49;4.02;11.07;4.56;4.59;0.206;62.2;22.37;11.89;6.18;1.03;3.46;6.29;159;114.1;25.3;6.9;12.6;3.08;0.83;0.3;0.37;0.3;0.32;0.098;37.8;2.97;1.41;0.95;0.13;0.56;4.78;96.6;80.1;5.9;1.1;9.6;0.11;0.15;0.03;0.04
16;100;50;0;100;17.24;4.21;11.54;4.94;4.91;0.212;61.5;23.25;12.45;6.3;1.1;3.6;6.54;157.2;112.3;24.6;7.2;13.1;3.06;1.17;0.29;0.39;0.4;0.4;0.112;38.5;3.38;1.65;1.03;0.17;0.62;5;98.4;81.2;6;1.2;10;0.11;0.21;0.03;0.05
16;100;50;50;0;19.9;4.07;11.67;4.62;4.46;0.198;68.1;22.63;12.01;6.31;1.06;3.42;6.65;162.6;112.4;30.1;6.8;13.3;3.04;0.74;0.28;0.4;0.32;0.34;0.09;31.9;3.52;1.62;1.12;0.19;0.66;5.02;76.2;61;3.8;1.3;10;0.16;0.1;0.03;0.04
16;100;50;50;50;20.16;4.49;13.03;4.71;4.69;0.199;66.3;23.61;12.38;6.68;1.13;3.57;7.38;160.7;109.2;29.6;7.1;14.8;2.94;1.04;0.3;0.41;0.47;0.5;0.096;33.7;5.06;2.33;1.65;0.3;0.92;5.66;81.5;62.5;5.8;1.8;11.3;0.23;0.15;0.05;0.07
16;100;50;50;100;20.21;4.95;13.94;5.17;5.02;0.207;67.3;24.35;12.98;6.78;1.14;3.66;7.95;173.3;106.3;43.8;7.3;15.9;2.87;1.42;0.31;0.42;0.65;0.67;0.099;32.7;6.63;3.13;2.08;0.36;1.29;5.99;84;63.8;5.6;2.6;12;0.32;0.2;0.07;0.08
16;100;50;100;0;20.67;4.39;12.64;4.55;4.54;0.199;73.5;22.88;12.07;6.46;1.09;3.51;7.01;162;110.1;30.8;7;14;3;0.86;0.29;0.39;0.42;0.45;0.09;26.5;4.82;2.17;1.6;0.27;0.88;5.63;58.2;41.4;3.8;1.8;11.3;0.24;0.09;0.05;0.07
16;100;50;100;50;21.66;5.01;14.2;4.91;4.83;0.199;73.8;24.32;12.96;6.66;1.21;3.78;8.04;177;105.3;48.1;7.6;16.1;2.85;1.26;0.32;0.41;0.58;0.64;0.092;26.2;6.82;3.11;2.28;0.33;1.23;6.16;62.9;42.9;5.3;2.5;12.3;0.35;0.13;0.07;0.09
16;100;50;100;100;22.34;5.35;15.23;5.21;5.17;0.203;72.9;25.52;13.56;7;1.23;3.85;8.69;175.9;101.7;49.2;7.7;17.4;2.76;1.65;0.33;0.44;0.79;0.79;0.096;27.1;8.12;3.76;2.59;0.44;1.5;6.54;65.3;44;5.3;3;13.1;0.41;0.19;0.08;0.1
16;100;100;0;0;18.02;4.42;12.61;5.27;5.26;0.202;64.3;26.09;13.98;7.2;1.24;3.96;7.13;174;111.5;40.4;7.9;14.3;3.57;0.9;0.33;0.45;0.27;0.26;0.09;35.7;2.53;1.21;0.78;0.12;0.45;5.48;96.4;81.7;2.9;0.9;11;0.11;0.1;0.03;0.04
16;100;100;0;50;17.67;4.5;12.61;5.72;5.61;0.212;63.4;26.56;14.33;7.2;1.23;3.99;7.18;171.4;109.6;39.5;8;14.4;3.5;1.33;0.33;0.44;0.32;0.3;0.1;36.6;2.71;1.3;0.8;0.15;0.5;5.43;98.7;82.8;4;1;10.9;0.11;0.13;0.03;0.03
16;100;100;0;100;17.49;4.69;13.31;5.93;5.92;0.216;62.7;27.45;14.75;7.58;1.24;4.13;7.57;169.3;107.7;38.3;8.3;15.1;3.45;1.66;0.34;0.47;0.41;0.4;0.115;37.3;3.23;1.55;0.98;0.16;0.56;5.74;100.9;84;4.2;1.1;11.5;0.12;0.21;0.03;0.04
16;100;100;50;0;20.52;4.79;13.78;5.46;5.4;0.2;68.9;27.11;14.24;7.66;1.38;4.09;7.75;177.2;106.8;46.7;8.2;15.5;3.41;1.18;0.35;0.46;0.36;0.36;0.092;31.1;3.66;1.76;1.13;0.2;0.71;6.03;79.9;63.6;2.8;1.4;12.1;0.17;0.1;0.04;0.05
16;100;100;50;50;20.78;5.2;14.59;5.78;5.78;0.207;67.6;28.03;14.96;7.82;1.28;4.26;8.24;175.2;103.6;46.6;8.5;16.5;3.3;1.64;0.36;0.48;0.47;0.5;0.098;32.4;4.94;2.36;1.51;0.28;0.94;6.35;83.9;65.1;4.3;1.9;12.7;0.24;0.14;0.05;0.07
16;100;100;50;100;20.75;5.57;15.64;6.28;6.19;0.216;66.4;28.7;15.5;7.9;1.24;4.29;8.83;171.8;100.1;45.4;8.6;17.7;3.2;2.14;0.37;0.48;0.67;0.69;0.1;33.6;6.71;3.14;2.13;0.36;1.28;6.82;86.8;66.7;4;2.6;13.6;0.34;0.2;0.06;0.08
16;100;100;100;0;21.25;5.16;14.54;5.52;5.43;0.197;74.5;27.61;14.6;7.63;1.36;4.23;8.2;177.4;104.1;48.4;8.5;16.4;3.33;1.27;0.36;0.47;0.45;0.47;0.092;25.5;4.97;2.29;1.57;0.29;0.92;6.34;60.5;43.2;2.7;1.8;12.7;0.25;0.1;0.06;0.06
16;100;100;100;50;22.49;5.67;16.19;5.83;5.84;0.204;72.8;28.68;15.25;7.99;1.42;4.38;9.06;176;99.1;50;8.8;18.1;3.16;1.82;0.36;0.49;0.63;0.66;0.093;27.2;6.98;3.19;2.25;0.39;1.29;7.13;65.7;44.8;4.1;2.6;14.3;0.37;0.13;0.06;0.09
16;100;100;100;100;23.23;6.1;17.09;6.55;6.36;0.214;71.8;29.85;16.28;8;1.37;4.58;9.6;173.9;94;51.6;9.2;19.2;2.99;2.5;0.38;0.49;0.79;0.82;0.097;28.2;8.35;3.86;2.67;0.44;1.53;7.49;68.2;46.3;3.8;3.1;15;0.44;0.19;0.08;0.11
17;0;0;0;0;16.05;1.85;5.36;1.56;1.58;0.169;76.5;9.43;4.73;2.77;0.48;1.47;3.1;267.4;230.7;27.6;2.9;6.2;0.82;0.46;0.13;0.18;0.19;0.18;0.071;23.5;2.06;0.94;0.66;0.1;0.38;2.26;82.1;74.9;1.9;0.8;4.5;0.1;0.03;0.02;0.03
17;0;0;0;50;15.77;2.03;5.73;1.68;1.76;0.175;76;10.1;5.12;2.92;0.49;1.63;3.26;264.4;227.9;26.7;3.3;6.5;0.82;0.63;0.13;0.18;0.19;0.2;0.075;24;2.16;0.99;0.68;0.1;0.41;2.47;83.2;75.7;1.8;0.8;4.9;0.1;0.05;0.02;0.03
17;0;0;0;100;15.49;2.11;6.1;1.96;1.88;0.177;75.4;10.69;5.54;3.1;0.51;1.67;3.47;261.3;225.2;25.9;3.3;6.9;0.79;0.76;0.14;0.19;0.24;0.24;0.081;24.6;2.49;1.14;0.79;0.14;0.44;2.63;85.3;76.4;2.7;0.9;5.3;0.12;0.06;0.03;0.03
17;0;0;50;0;17.86;2.15;6.22;1.61;1.61;0.164;80.3;9.87;4.95;2.88;0.52;1.57;3.55;267.3;226.6;30.5;3.1;7.1;0.79;0.52;0.13;0.18;0.25;0.27;0.08;19.7;3.12;1.43;1.02;0.2;0.58;2.67;65.3;57;1.8;1.2;5.3;0.17;0.03;0.03;0.04
17;0;0;50;50;18.26;2.52;7.25;1.84;1.87;0.17;79.5;11.02;5.63;3.24;0.54;1.73;4.12;263.7;221.2;30.8;3.5;8.2;0.79;0.73;0.14;0.2;0.34;0.35;0.084;20.5;4.05;1.87;1.3;0.21;0.79;3.13;67.8;58.1;1.8;1.6;6.3;0.22;0.04;0.04;0.05
17;0;0;50;100;18.41;2.99;8.69;2.23;2.18;0.175;78.2;12.41;6.32;3.69;0.59;1.92;4.94;258;214;30.4;3.8;9.9;0.76;1.03;0.15;0.23;0.49;0.5;0.087;21.8;5.63;2.62;1.82;0.27;1.07;3.75;71.9;59.6;2.6;2.1;7.5;0.31;0.06;0.06;0.07
17;0;0;100;0;18.25;2.43;7.08;1.68;1.69;0.164;84.8;10.3;5.17;3.04;0.49;1.61;3.99;266.7;224.7;30.8;3.2;8;0.83;0.53;0.13;0.2;0.36;0.38;0.084;15.2;4.39;2.02;1.46;0.23;0.82;3.09;47.8;38.2;1.8;1.6;6.2;0.24;0.03;0.05;0.06
17;0;0;100;50;19.49;2.99;8.78;1.91;1.95;0.166;83.7;11.74;5.92;3.55;0.57;1.89;5.03;261.8;216;32;3.8;10.1;0.77;0.81;0.16;0.22;0.53;0.53;0.084;16.3;6.15;2.78;2.01;0.36;1.1;3.75;50.9;39.4;1.8;2.2;7.5;0.35;0.04;0.06;0.08
17;0;0;100;100;20.01;3.36;10.06;2.31;2.32;0.174;82.5;13.35;6.76;3.91;0.69;2;5.75;256.2;208.1;32.6;4;11.5;0.76;1.14;0.17;0.25;0.66;0.64;0.085;17.5;7.35;3.39;2.37;0.39;1.36;4.31;54.3;40.5;2.4;2.7;8.6;0.42;0.05;0.07;0.09
17;0;50;0;0;16.6;2.13;5.97;1.77;1.79;0.164;75.5;10.92;5.45;3.17;0.51;1.72;3.44;261.7;223.2;28.2;3.4;6.9;0.78;0.66;0.15;0.2;0.18;0.19;0.077;24.5;2.09;1;0.64;0.11;0.41;2.53;84.8;77;1.9;0.8;5.1;0.1;0.04;0.02;0.03
17;0;50;0;50;16.44;2.39;6.58;2.11;2.07;0.172;74.9;12.1;6.23;3.5;0.57;1.95;3.81;258;218.7;27.8;3.9;7.6;0.77;0.91;0.16;0.23;0.2;0.22;0.079;25.1;2.28;1.05;0.71;0.13;0.44;2.77;86.4;78.2;1.7;0.9;5.5;0.11;0.06;0.02;0.03
17;0;50;0;100;16.14;2.62;7.11;2.34;2.44;0.187;73.9;13.06;6.74;3.74;0.63;2.15;4;253.5;214.3;26.9;4.3;8;0.76;1.27;0.19;0.22;0.24;0.26;0.089;26.1;2.52;1.18;0.79;0.13;0.48;3.11;89.1;79.5;2.4;1;6.2;0.12;0.08;0.03;0.03
17;0;50;50;0;18.69;2.47;7.17;1.95;1.93;0.159;79.2;12.15;6.04;3.61;0.59;1.89;4.04;260.4;216.8;31.7;3.8;8.1;0.77;0.78;0.16;0.22;0.26;0.28;0.082;20.8;3.11;1.44;1;0.16;0.58;3.13;68.2;59;1.8;1.2;6.3;0.17;0.04;0.03;0.04
17;0;50;50;50;19.31;3.08;8.75;2.33;2.33;0.166;78;14.04;7.14;4.07;0.76;2.27;5.01;254.6;207.8;32.2;4.5;10;0.75;1.13;0.2;0.26;0.36;0.4;0.086;22;4.39;2.01;1.42;0.24;0.81;3.75;71.6;60.9;1.6;1.6;7.5;0.24;0.06;0.04;0.06
17;0;50;50;100;19.42;3.29;9.74;2.79;2.7;0.182;77.8;14.85;7.67;4.26;0.74;2.23;5.51;264.7;201.6;47.6;4.5;11;0.7;1.55;0.19;0.26;0.47;0.53;0.089;22.2;5.75;2.57;1.87;0.31;1.07;4.24;75.1;62.2;2.3;2.1;8.5;0.32;0.08;0.05;0.07
17;0;50;100;0;19.3;2.81;8.35;2.11;2.07;0.162;83.5;12.74;6.43;3.75;0.65;1.98;4.61;257.5;211.9;32.4;4;9.2;0.75;0.93;0.17;0.23;0.37;0.41;0.084;16.5;4.56;2.01;1.54;0.26;0.83;3.74;50.8;39.9;1.7;1.7;7.5;0.25;0.04;0.05;0.06
17;0;50;100;50;20.34;3.45;10.12;2.54;2.48;0.171;83.2;14.53;7.46;4.23;0.73;2.27;5.69;268.7;202.5;50.2;4.5;11.4;0.72;1.3;0.2;0.25;0.52;0.57;0.086;16.8;6.45;2.9;2.15;0.36;1.17;4.43;54;41.2;1.6;2.3;8.9;0.37;0.05;0.05;0.09
17;0;50;100;100;21.19;3.93;11.42;2.95;2.92;0.181;82.1;16.19;8.35;4.63;0.81;2.48;6.58;264.2;194.6;51.6;5;13.2;0.69;1.73;0.21;0.29;0.65;0.69;0.089;17.9;7.66;3.56;2.43;0.41;1.45;4.84;57.2;42.3;2.3;2.9;9.7;0.43;0.08;0.08;0.1
17;0;100;0;0;17.3;2.54;7.24;2.2;2.16;0.162;75.2;13.38;6.84;3.91;0.67;2.14;4.12;269.1;212.7;43.9;4.3;8.2;0.76;0.98;0.18;0.25;0.19;0.21;0.079;24.8;2.19;0.99;0.7;0.14;0.4;3.12;88.7;79.9;1.7;0.8;6.2;0.11;0.05;0.02;0.03
17;0;100;0;50;17.19;2.71;7.78;2.59;2.67;0.184;74.4;14.54;7.45;4.24;0.71;2.27;4.41;263.9;207.3;43.2;4.5;8.8;0.74;1.48;0.19;0.26;0.23;0.25;0.088;25.6;2.44;1.11;0.79;0.15;0.44;3.37;90.7;81.4;1.7;0.9;6.7;0.12;0.08;0.02;0.03
17;0;100;0;100;17.07;2.92;8.08;3.04;3;0.195;73.5;15.37;8.07;4.33;0.75;2.41;4.58;258.9;202.8;42.2;4.8;9.2;0.71;1.81;0.21;0.27;0.26;0.29;0.097;26.5;2.67;1.28;0.83;0.15;0.52;3.5;93.2;82.6;2.5;1;7;0.12;0.11;0.03;0.03
17;0;100;50;0;19.59;3.06;8.66;2.42;2.46;0.164;78.8;15.05;7.74;4.35;0.72;2.46;4.88;268.2;204;49.6;4.9;9.8;0.74;1.25;0.19;0.27;0.29;0.3;0.084;21.2;3.28;1.52;1.03;0.19;0.6;3.78;72.1;61.7;1.6;1.2;7.6;0.18;0.05;0.04;0.04
17;0;100;50;50;20.47;3.38;9.91;3.09;3.01;0.18;77.4;16.78;8.68;4.86;0.83;2.58;5.52;260.4;193.1;51.1;5.2;11;0.67;1.81;0.22;0.31;0.43;0.41;0.088;22.6;4.49;2.06;1.43;0.28;0.8;4.39;75.9;63.9;1.6;1.6;8.8;0.25;0.07;0.04;0.06
17;0;100;50;100;20.34;3.89;11.06;3.57;3.59;0.2;76.4;18;9.53;5.06;0.86;2.78;6.41;256.2;187.9;49.9;5.6;12.8;0.69;2.33;0.24;0.32;0.55;0.56;0.091;23.6;5.98;2.78;1.93;0.31;1.12;4.66;78.7;65;2.2;2.2;9.3;0.33;0.09;0.06;0.07
17;0;100;100;0;20.16;3.35;9.59;2.47;2.51;0.163;83.3;15.43;7.81;4.47;0.77;2.48;5.43;266.9;200.8;50.3;5;10.9;0.72;1.3;0.21;0.27;0.41;0.43;0.086;16.7;4.84;2.17;1.55;0.26;0.87;4.16;53.1;41.5;1.6;1.7;8.3;0.27;0.05;0.05;0.07
17;0;100;100;50;21.39;3.98;11.47;3.02;3.14;0.179;82;17.56;8.95;5.09;0.9;2.73;6.57;260.5;189.5;52.4;5.5;13.1;0.68;1.9;0.23;0.33;0.6;0.61;0.089;18;6.71;3.1;2.11;0.36;1.25;4.9;56.9;43;1.6;2.5;9.8;0.38;0.07;0.07;0.08
17;0;100;100;100;22.39;4.47;12.8;3.9;3.84;0.198;80.6;19.4;10.32;5.42;0.89;2.99;7.29;252.8;178.1;54.1;6;14.6;0.63;2.61;0.26;0.34;0.69;0.73;0.09;19.4;8.09;3.7;2.62;0.44;1.48;5.51;60.6;44.6;2;3;11;0.46;0.09;0.08;0.1
17;50;0;0;0;16.27;2.44;6.63;2.57;2.5;0.192;72.1;13.1;6.89;3.68;0.59;2.08;3.72;213.8;174.9;27.3;4.2;7.4;1.64;0.46;0.18;0.22;0.17;0.17;0.07;27.9;1.92;0.88;0.59;0.11;0.36;2.92;82.6;74.2;1.8;0.7;5.8;0.1;0.03;0.02;0.02
17;50;0;0;50;16.1;2.54;7.21;2.64;2.66;0.194;71.7;13.74;7.14;3.97;0.68;2.14;4.14;212.4;173.1;26.7;4.3;8.3;1.61;0.63;0.18;0.24;0.2;0.2;0.075;28.3;2.17;0.98;0.72;0.1;0.4;3.07;83.7;74.9;1.9;0.8;6.1;0.11;0.04;0.02;0.03
17;50;0;0;100;15.8;2.68;7.69;2.89;2.81;0.195;70.9;14.52;7.63;4.14;0.69;2.21;4.42;210;171;25.8;4.4;8.8;1.6;0.77;0.18;0.26;0.22;0.24;0.083;29.1;2.48;1.13;0.8;0.15;0.47;3.27;85.9;75.7;2.8;0.9;6.5;0.11;0.07;0.03;0.03
17;50;0;50;0;18.05;2.63;7.51;2.58;2.5;0.186;76.6;13.44;6.99;3.87;0.65;2.1;4.29;215.7;172.6;30.4;4.2;8.6;1.58;0.52;0.18;0.23;0.24;0.26;0.079;23.4;2.96;1.33;0.94;0.14;0.54;3.22;65.6;56.3;1.8;1.1;6.4;0.16;0.03;0.03;0.04
17;50;0;50;50;18.45;3.08;8.61;2.79;2.78;0.19;75.7;14.73;7.61;4.21;0.77;2.3;4.87;212.9;168;30.5;4.6;9.7;1.58;0.74;0.21;0.25;0.34;0.37;0.084;24.3;4.12;1.85;1.34;0.25;0.78;3.74;68.3;57.5;1.8;1.6;7.5;0.22;0.05;0.04;0.06
17;50;0;50;100;18.75;3.47;9.84;2.98;3.01;0.193;74.3;15.69;8.19;4.37;0.76;2.45;5.53;209.1;162.9;30.2;4.9;11.1;1.52;1.02;0.21;0.26;0.46;0.49;0.087;25.7;5.5;2.53;1.75;0.32;1.02;4.31;72.2;58.9;2.6;2;8.6;0.3;0.07;0.05;0.07
17;50;0;100;0;18.5;2.92;8.36;2.56;2.53;0.187;81.6;13.63;7.15;3.83;0.67;2.11;4.76;215.1;170.7;30.6;4.2;9.5;1.58;0.53;0.18;0.24;0.38;0.38;0.083;18.4;4.34;1.97;1.4;0.23;0.81;3.59;48.4;37.8;1.8;1.6;7.2;0.25;0.03;0.05;0.05
17;50;0;100;50;19.4;3.51;10.04;2.77;2.78;0.187;80.4;14.97;7.77;4.3;0.72;2.33;5.7;212.3;165.1;31.2;4.7;11.4;1.54;0.79;0.19;0.26;0.54;0.55;0.085;19.6;6.28;2.85;2.04;0.36;1.18;4.34;51.6;38.8;1.8;2.4;8.7;0.36;0.05;0.07;0.08
17;50;0;100;100;20.32;4.01;11.42;3.14;3.14;0.188;79;16.73;8.82;4.74;0.81;2.66;6.45;208.4;157.7;32.5;5.3;12.9;1.47;1.16;0.23;0.29;0.62;0.65;0.087;21;7.39;3.39;2.36;0.4;1.35;4.97;55.3;40.2;2.5;2.7;9.9;0.42;0.06;0.07;0.1
17;50;50;0;0;16.95;2.97;8.38;3.16;3.24;0.194;71.4;16.77;8.78;4.69;0.81;2.58;4.81;213.6;170.9;27.9;5.2;9.6;2.07;0.66;0.21;0.3;0.18;0.19;0.075;28.6;2.04;0.95;0.64;0.11;0.4;3.57;85.4;75.7;1.8;0.8;7.1;0.1;0.04;0.02;0.03
17;50;50;0;50;16.86;3.06;8.94;3.52;3.45;0.196;70.5;17.7;9.21;5.03;0.88;2.63;5.05;209.9;167.1;27.4;5.3;10.1;2.01;0.92;0.21;0.31;0.19;0.22;0.082;29.5;2.25;1.05;0.68;0.13;0.42;3.89;87.6;77.1;1.9;0.8;7.8;0.1;0.07;0.02;0.03
17;50;50;0;100;16.45;3.35;9.34;3.81;3.78;0.206;69.8;18.42;9.82;5.07;0.89;2.86;5.33;207.5;164.8;26.3;5.7;10.7;1.99;1.24;0.24;0.32;0.27;0.28;0.093;30.2;2.71;1.25;0.89;0.14;0.49;4.01;89.7;78;2.7;1;8;0.12;0.1;0.03;0.04
17;50;50;50;0;18.88;3.26;9.57;3.3;3.31;0.189;75.5;17.62;9.12;5.12;0.89;2.69;5.38;214;166.9;31;5.4;10.8;2.01;0.77;0.22;0.31;0.26;0.28;0.082;24.5;3.08;1.4;1;0.18;0.56;4.19;69.1;57.8;1.8;1.1;8.4;0.16;0.04;0.03;0.04
17;50;50;50;50;19.44;3.69;10.55;3.58;3.61;0.191;74.4;18.99;9.87;5.36;0.96;2.91;5.97;210;160.7;31.6;5.8;11.9;1.94;1.08;0.24;0.34;0.4;0.39;0.087;25.6;4.24;1.95;1.34;0.22;0.78;4.58;72;59.6;1.7;1.6;9.2;0.23;0.06;0.04;0.05
17;50;50;50;100;19.71;4.18;11.76;4.08;4.02;0.2;74.4;20.15;10.62;5.67;0.94;3.09;6.71;221.5;154.7;47.1;6.2;13.4;1.85;1.55;0.27;0.35;0.55;0.55;0.092;25.6;5.82;2.76;1.83;0.31;1.09;5.05;76;61.2;2.5;2.2;10.1;0.31;0.09;0.06;0.08
17;50;50;100;0;19.56;3.72;10.36;3.4;3.43;0.19;80.5;18.15;9.51;5.18;0.89;2.89;5.9;212.6;163.1;31.9;5.8;11.8;1.95;0.91;0.25;0.32;0.38;0.38;0.083;19.5;4.37;2.05;1.38;0.22;0.83;4.46;51.4;39.2;1.7;1.7;8.9;0.25;0.04;0.04;0.06
17;50;50;100;50;20.58;4.17;12.02;3.82;3.78;0.193;80.4;19.71;10.25;5.59;0.97;3.01;6.88;225.5;156.2;49.5;6;13.8;1.9;1.28;0.26;0.34;0.55;0.55;0.086;19.6;6.26;2.89;1.98;0.35;1.17;5.14;54.7;40.5;1.7;2.3;10.3;0.35;0.06;0.06;0.08
17;50;50;100;100;21.48;4.61;13.31;4.3;4.17;0.197;79;21.23;11.2;6.05;1.02;3.2;7.53;221.1;148.7;50.9;6.4;15.1;1.81;1.73;0.27;0.37;0.64;0.69;0.089;21;7.6;3.51;2.37;0.42;1.41;5.77;58.6;41.8;2.4;2.8;11.5;0.43;0.08;0.08;0.1
17;50;100;0;0;17.82;3.61;10.23;4.03;4.01;0.194;71.5;20.75;10.88;5.88;1.02;3.21;5.75;225.5;164.6;43;6.4;11.5;2.42;0.97;0.27;0.35;0.21;0.22;0.083;28.5;2.22;1;0.71;0.13;0.4;4.47;89.6;78;1.8;0.8;8.9;0.11;0.06;0.02;0.03
17;50;100;0;50;17.52;3.67;10.48;4.49;4.45;0.207;70.7;21.57;11.43;5.89;1.08;3.25;5.93;221.6;161;42.2;6.5;11.9;2.38;1.43;0.28;0.36;0.24;0.25;0.089;29.3;2.42;1.1;0.76;0.15;0.41;4.55;91.9;79.4;2.6;0.8;9.1;0.11;0.08;0.02;0.03
17;50;100;0;100;17.31;3.82;11.02;4.93;4.82;0.213;70;22.63;12.09;6.27;1.02;3.34;6.34;218.4;158;41;6.7;12.7;2.37;1.77;0.28;0.39;0.31;0.31;0.101;30;2.8;1.29;0.9;0.15;0.48;4.68;93.4;80.5;2.6;1;9.4;0.13;0.13;0.03;0.04
17;50;100;50;0;19.99;4.09;11.16;4.33;4.27;0.192;75.6;22.28;11.66;6.16;1.09;3.46;6.42;226.4;157.9;48.7;6.9;12.8;2.34;1.24;0.3;0.39;0.31;0.31;0.087;24.4;3.26;1.49;1.06;0.17;0.63;4.74;72.8;60.3;1.7;1.3;9.5;0.17;0.06;0.04;0.04
17;50;100;50;50;20.4;4.43;12.45;4.75;4.73;0.202;74.4;23.5;12.4;6.62;1.13;3.62;7.14;222.8;151.9;49.3;7.2;14.3;2.27;1.74;0.32;0.4;0.38;0.4;0.09;25.6;4.35;2.04;1.39;0.21;0.81;5.31;76.5;62;2.3;1.6;10.6;0.24;0.07;0.04;0.05
17;50;100;50;100;20.67;4.79;13.71;5.15;5.22;0.214;73.2;24.51;13.13;6.84;1.13;3.72;7.84;218.4;146.6;48.7;7.4;15.7;2.19;2.29;0.32;0.42;0.53;0.56;0.093;26.8;5.87;2.67;1.9;0.36;1.07;5.87;79.6;63.5;2.3;2.1;11.7;0.32;0.1;0.06;0.08
17;50;100;100;0;20.57;4.4;12.53;4.38;4.32;0.191;80.3;22.71;11.87;6.49;1.07;3.52;7.06;225.2;154.5;49.5;7;14.1;2.32;1.3;0.31;0.39;0.4;0.43;0.087;19.7;4.81;2.2;1.54;0.27;0.88;5.46;55;40.8;1.5;1.8;10.9;0.27;0.05;0.05;0.06
17;50;100;100;50;21.55;4.93;13.91;4.84;4.76;0.2;79;23.9;12.6;6.71;1.17;3.7;7.91;221.7;147.4;51;7.4;15.8;2.19;1.85;0.31;0.4;0.62;0.6;0.089;21;6.64;3.13;2.07;0.38;1.23;6;58.9;42.1;2.4;2.5;12;0.37;0.08;0.07;0.09
17;50;100;100;100;22.68;5.42;15.36;5.42;5.4;0.211;77.7;25.65;13.79;7.04;1.18;3.86;8.77;217.4;139.1;53;7.7;17.5;2.06;2.59;0.32;0.43;0.72;0.74;0.091;22.3;7.99;3.79;2.47;0.43;1.56;6.59;62.2;43.6;2.3;3.1;13.2;0.45;0.11;0.07;0.11
17;100;0;0;0;17.83;2.93;8.29;3.34;3.3;0.203;65.1;16.36;8.74;4.53;0.8;2.5;4.65;160;118.6;27.1;5;9.3;2.33;0.46;0.22;0.29;0.21;0.22;0.077;34.9;2.34;1.08;0.73;0.12;0.44;3.64;85.6;73.1;4.3;0.9;7.3;0.1;0.07;0.02;0.03
17;100;0;0;50;17.41;3.1;8.59;3.51;3.42;0.206;65;16.67;8.95;4.58;0.8;2.58;4.88;159.6;118.4;26.2;5.2;9.8;2.31;0.61;0.22;0.28;0.29;0.29;0.091;35;2.81;1.35;0.89;0.15;0.53;3.72;85.9;73.3;4.2;1.1;7.4;0.1;0.12;0.03;0.04
17;100;0;0;100;17.01;3.27;9.17;3.63;3.59;0.205;63.9;17.59;9.31;4.89;0.83;2.7;5.19;158;117;25.3;5.4;10.4;2.3;0.77;0.23;0.3;0.29;0.34;0.1;36.1;3.12;1.45;0.95;0.18;0.57;3.98;89.1;74;6;1.1;8;0.11;0.16;0.03;0.04
17;100;0;50;0;19.45;3.22;8.97;3.25;3.25;0.199;70.3;16.42;8.7;4.59;0.76;2.6;5.09;162.4;117.2;29.8;5.2;10.2;2.25;0.51;0.21;0.29;0.3;0.3;0.082;29.7;3.39;1.56;1.09;0.2;0.62;3.89;68.5;55.4;4.1;1.2;7.8;0.16;0.07;0.03;0.04
17;100;0;50;50;19.72;3.59;10.01;3.52;3.5;0.201;69.5;17.5;9.27;4.85;0.84;2.7;5.58;161.5;115;30;5.4;11.2;2.26;0.72;0.23;0.3;0.46;0.44;0.091;30.5;4.64;2.19;1.44;0.25;0.9;4.42;70.9;56.3;4;1.8;8.8;0.22;0.11;0.04;0.06
17;100;0;50;100;19.72;3.96;11.25;3.9;3.77;0.203;68;18.61;9.87;5.16;0.89;2.83;6.35;160.1;112.3;29.4;5.7;12.7;2.23;0.99;0.24;0.31;0.57;0.6;0.094;32;6.18;2.83;1.97;0.35;1.13;4.9;75.4;57.4;6;2.3;9.8;0.29;0.15;0.07;0.08
17;100;0;100;0;19.66;3.32;9.79;3.4;3.32;0.199;76.1;16.73;8.85;4.72;0.83;2.51;5.59;163;116.8;29.9;5;11.2;2.31;0.52;0.21;0.28;0.42;0.4;0.085;23.9;4.57;2.03;1.47;0.28;0.8;4.2;51.2;37;4.2;1.6;8.4;0.23;0.07;0.04;0.06
17;100;0;100;50;20.86;4.02;11.55;3.5;3.56;0.197;74.8;18.09;9.39;5.21;0.86;2.76;6.54;162.4;112.8;31;5.5;13.1;2.22;0.78;0.22;0.33;0.59;0.6;0.09;25.2;6.6;3.07;2.12;0.34;1.26;5;54.8;38.1;4.2;2.5;10;0.34;0.12;0.06;0.09
17;100;0;100;100;21.39;4.4;12.78;3.92;3.86;0.199;73.3;19.45;10.35;5.4;0.95;3.02;7.27;161.1;108.9;31.6;6;14.5;2.14;1.12;0.26;0.33;0.75;0.72;0.091;26.7;7.83;3.61;2.53;0.46;1.38;5.5;58.6;39.1;5.7;2.8;11;0.4;0.15;0.07;0.11
17;100;50;0;0;17.74;3.82;10.81;4.64;4.62;0.209;65.3;22.18;11.86;6.07;1.09;3.4;6.17;163.8;117.7;27;6.8;12.3;3.31;0.64;0.28;0.38;0.21;0.23;0.083;34.7;2.38;1.08;0.82;0.13;0.42;4.64;87;73.7;3.2;0.8;9.3;0.1;0.08;0.02;0.03
17;100;50;0;50;17.79;3.92;11.13;4.93;4.81;0.209;64.4;23.07;12.32;6.45;1.09;3.46;6.49;162.3;115.5;26.9;6.9;13;3.21;0.9;0.29;0.41;0.28;0.28;0.096;35.6;2.59;1.23;0.79;0.16;0.46;4.64;89.8;74.9;4.7;0.9;9.3;0.1;0.12;0.02;0.03
17;100;50;0;100;17.44;4.23;11.64;5.17;5.11;0.217;63.6;23.66;12.75;6.51;1.09;3.66;6.58;159.9;113.8;25.6;7.3;13.2;3.2;1.21;0.3;0.39;0.31;0.35;0.104;36.4;3.03;1.44;0.94;0.16;0.57;5.06;91.6;75.8;4.5;1.1;10.1;0.11;0.16;0.03;0.04
17;100;50;50;0;19.73;4.22;11.75;4.73;4.68;0.203;69.9;23.11;12.33;6.42;1.04;3.56;6.75;165.4;114.3;30.4;7.1;13.5;3.22;0.76;0.3;0.4;0.33;0.33;0.087;30.1;3.49;1.61;1.16;0.17;0.66;5;71;56.6;3.1;1.3;10;0.17;0.08;0.04;0.05
17;100;50;50;50;20.24;4.47;12.88;5.06;4.91;0.204;68.3;24.21;12.88;6.72;1.19;3.62;7.34;163.1;110.4;30.8;7.2;14.7;3.11;1.08;0.31;0.42;0.44;0.45;0.094;31.7;4.64;2.22;1.44;0.27;0.85;5.55;75.5;58.2;4.5;1.7;11.1;0.23;0.12;0.05;0.06
17;100;50;50;100;20.37;4.97;13.93;5.25;5.27;0.211;69.4;25.03;13.45;6.84;1.2;3.83;7.92;176.7;107.6;45.6;7.7;15.8;3.03;1.5;0.32;0.42;0.56;0.59;0.097;30.6;6;2.79;1.89;0.35;1.14;6.01;78;59.4;4.3;2.3;12;0.3;0.16;0.06;0.08
17;100;50;100;0;20.1;4.41;12.49;4.81;4.71;0.205;75.4;23.09;12.34;6.34;1.08;3.53;7.12;164.7;112.8;30.6;7.1;14.2;3.16;0.87;0.29;0.39;0.41;0.44;0.088;24.6;4.84;2.26;1.52;0.28;0.89;5.37;53.7;38.1;3.1;1.8;10.7;0.25;0.08;0.05;0.07
17;100;50;100;50;21.18;4.89;14.09;5.07;4.95;0.205;75.3;24.25;12.91;6.71;1.18;3.64;7.98;178.7;107.9;47.6;7.3;16;2.99;1.23;0.31;0.41;0.58;0.63;0.091;24.7;6.75;3.14;2.09;0.37;1.26;6.11;58.6;39.4;4.5;2.5;12.2;0.36;0.12;0.07;0.08
17;100;50;100;100;22.12;5.33;15.29;5.46;5.34;0.208;74.4;25.79;13.85;7.11;1.25;3.85;8.69;178;103.3;49.7;7.7;17.4;2.89;1.68;0.32;0.45;0.72;0.75;0.094;25.6;7.83;3.61;2.51;0.41;1.49;6.61;61.1;40.7;4.2;3;13.2;0.41;0.15;0.08;0.1
17;100;100;0;0;18.29;4.42;12.62;5.5;5.5;0.207;66.2;26.7;14.15;7.38;1.3;4.03;7.08;177.3;112.7;42.4;8.1;14.2;3.75;0.95;0.34;0.45;0.23;0.23;0.086;33.8;2.27;1.05;0.74;0.12;0.4;5.55;90.5;76.4;2.2;0.8;11.1;0.1;0.08;0.02;0.03
17;100;100;0;50;17.98;4.43;12.8;5.97;5.87;0.216;65.3;27.24;14.68;7.42;1.25;3.96;7.3;174.5;110.5;41.4;7.9;14.6;3.66;1.41;0.33;0.46;0.26;0.27;0.095;34.7;2.46;1.15;0.78;0.13;0.48;5.51;92.6;77.6;3;1;11;0.11;0.1;0.03;0.03
17;100;100;0;100;17.78;4.67;13.34;6.29;6.2;0.221;64.6;28.17;15.25;7.66;1.34;4.15;7.61;172.2;108.5;40.2;8.3;15.2;3.62;1.74;0.36;0.48;0.34;0.34;0.105;35.4;2.9;1.35;0.94;0.16;0.52;5.73;94.4;78.8;3.1;1;11.5;0.12;0.15;0.03;0.04
17;100;100;50;0;20.41;4.75;13.57;5.74;5.62;0.205;70.9;27.5;14.68;7.51;1.38;4.14;7.68;180.3;108.7;47.9;8.3;15.4;3.61;1.19;0.35;0.46;0.31;0.32;0.088;29.1;3.36;1.59;1.05;0.18;0.62;5.89;74;58.9;2.1;1.2;11.8;0.17;0.07;0.03;0.04
17;100;100;50;50;20.94;5.34;14.48;6.08;6.03;0.211;69.6;28.67;15.38;7.8;1.37;4.46;8.33;178.2;104.3;48.3;8.9;16.7;3.46;1.71;0.38;0.49;0.42;0.44;0.093;30.4;4.54;2.15;1.4;0.26;0.88;6.15;77.8;60.8;2.9;1.8;12.3;0.24;0.1;0.04;0.06
17;100;100;50;100;21.05;5.51;15.63;6.53;6.47;0.22;68.5;29.45;15.99;8.12;1.34;4.39;8.94;175.5;100.9;47.9;8.8;17.9;3.36;2.24;0.36;0.51;0.56;0.58;0.097;31.5;5.85;2.83;1.8;0.33;1.12;6.69;80.6;62.2;2.9;2.2;13.4;0.31;0.14;0.06;0.08
17;100;100;100;0;21.01;5.28;14.53;5.68;5.64;0.202;76.2;28.04;14.88;7.79;1.26;4.36;8.34;180.2;106.1;48.7;8.7;16.7;3.5;1.3;0.36;0.49;0.44;0.44;0.09;23.8;4.75;2.23;1.48;0.28;0.92;6.19;56.2;39.9;2.1;1.8;12.4;0.25;0.07;0.05;0.06
17;100;100;100;50;21.97;5.66;16.12;5.96;6.03;0.209;74.5;28.91;15.35;8.07;1.33;4.34;9.1;178;101.2;49.9;8.7;18.2;3.35;1.82;0.37;0.49;0.62;0.64;0.091;25.5;6.89;3.2;2.18;0.36;1.32;7.03;61;41.3;3;2.6;14.1;0.38;0.1;0.07;0.09
17;100;100;100;100;23.01;6.08;17.08;6.67;6.57;0.218;73.5;30.23;16.45;8.17;1.42;4.59;9.65;175.9;95.4;52;9.2;19.3;3.16;2.53;0.38;0.5;0.76;0.76;0.093;26.5;8.01;3.75;2.49;0.47;1.49;7.43;63.4;42.9;2.6;3;14.9;0.44;0.13;0.08;0.11
18;0;0;0;0;16.61;1.82;5.36;1.64;1.66;0.173;78.2;9.63;4.88;2.81;0.48;1.5;3.11;272.5;234.8;28.5;3;6.2;0.87;0.49;0.12;0.17;0.16;0.16;0.07;21.8;1.85;0.86;0.6;0.1;0.33;2.25;76;69;1.9;0.7;4.5;0.09;0.03;0.02;0.02
18;0;0;0;50;16.43;1.95;5.71;1.94;1.88;0.18;77.8;10.47;5.42;3;0.54;1.59;3.32;269.8;231.8;28.1;3.2;6.6;0.89;0.66;0.13;0.19;0.19;0.18;0.072;22.2;2;0.95;0.62;0.1;0.35;2.39;76.9;69.7;1.7;0.7;4.8;0.1;0.04;0.02;0.02
18;0;0;0;100;16.29;2.14;6.47;1.99;2.02;0.18;76.9;11.29;5.79;3.34;0.59;1.73;3.7;266.1;228;27.2;3.5;7.4;0.84;0.83;0.14;0.21;0.22;0.22;0.082;23.1;2.34;1.04;0.79;0.13;0.41;2.77;79.8;70.6;2.8;0.8;5.5;0.11;0.07;0.02;0.03
18;0;0;50;0;17.92;2.15;6.04;1.75;1.71;0.173;81.9;9.97;5.21;2.81;0.5;1.61;3.43;273.2;232.3;30.8;3.2;6.9;0.88;0.51;0.14;0.18;0.24;0.26;0.078;18.1;2.94;1.34;0.97;0.16;0.55;2.61;60.2;52.1;1.8;1.1;5.2;0.16;0.03;0.03;0.04
18;0;0;50;50;18.67;2.64;7.32;1.94;2;0.174;80.9;11.51;5.91;3.3;0.59;1.85;4.21;268.6;224.9;31.6;3.7;8.4;0.86;0.77;0.15;0.21;0.33;0.35;0.084;19.1;3.96;1.83;1.27;0.21;0.79;3.11;63.1;53.4;1.8;1.6;6.2;0.22;0.04;0.04;0.05
18;0;0;50;100;19.09;3;8.48;2.33;2.28;0.179;79.6;12.75;6.64;3.58;0.68;2.02;4.8;261.8;216.5;31.7;4;9.6;0.8;1.08;0.17;0.23;0.44;0.46;0.086;20.4;5.22;2.47;1.66;0.28;0.98;3.68;66.9;55;2.5;2;7.4;0.29;0.06;0.05;0.07
18;0;0;100;0;18.25;2.44;6.88;1.72;1.71;0.171;86;10.03;5.11;2.91;0.51;1.61;3.93;272.4;230.5;30.8;3.2;7.9;0.88;0.52;0.13;0.18;0.35;0.38;0.083;14;4.36;2.01;1.41;0.22;0.83;2.94;44.3;35;1.8;1.7;5.9;0.25;0.03;0.05;0.06
18;0;0;100;50;19.2;3.09;8.65;2;2.01;0.172;84.7;11.7;6;3.32;0.62;1.88;4.91;266.2;221.1;31.5;3.8;9.8;0.83;0.81;0.17;0.2;0.53;0.54;0.085;15.3;6.28;2.9;2.02;0.35;1.21;3.74;47.8;36.2;1.7;2.4;7.5;0.36;0.04;0.06;0.09
18;0;0;100;100;19.99;3.44;10.06;2.41;2.39;0.178;83.6;13.45;7;3.83;0.66;2.08;5.8;260.5;212.1;32.6;4.2;11.6;0.81;1.15;0.18;0.25;0.64;0.64;0.085;16.4;7.38;3.37;2.38;0.42;1.36;4.26;50.9;37.3;2.4;2.7;8.5;0.43;0.05;0.07;0.09
18;0;50;0;0;17.13;2.21;6.12;1.84;1.91;0.169;77.3;11.35;5.81;3.31;0.58;1.89;3.49;267.3;227.1;29.4;3.8;7;0.85;0.7;0.17;0.2;0.16;0.17;0.071;22.7;1.85;0.84;0.59;0.1;0.33;2.63;78.5;70.9;1.7;0.7;5.3;0.09;0.04;0.02;0.02
18;0;50;0;50;17.09;2.45;6.77;2.19;2.23;0.175;76.4;12.73;6.59;3.61;0.62;2.03;3.89;261.9;221.1;29;4.1;7.8;0.85;0.98;0.17;0.23;0.24;0.21;0.08;23.6;2.21;1.06;0.68;0.12;0.42;2.88;80.8;72.4;1.8;0.8;5.8;0.1;0.06;0.02;0.03
18;0;50;0;100;16.79;2.51;7.13;2.48;2.53;0.19;75.7;13.35;6.98;3.76;0.63;2.06;4.13;258.3;217.8;28.2;4.1;8.3;0.8;1.32;0.18;0.23;0.28;0.26;0.09;24.3;2.48;1.16;0.78;0.14;0.45;3;82.8;73.2;2.7;0.9;6;0.11;0.09;0.03;0.03
18;0;50;50;0;18.74;2.62;7.22;1.94;2.01;0.164;80.7;12.25;6.16;3.57;0.61;1.99;4.11;265.8;221.7;31.9;4;8.2;0.83;0.79;0.17;0.22;0.28;0.29;0.083;19.3;3.18;1.51;0.98;0.18;0.63;3.11;63.3;54;1.8;1.3;6.2;0.17;0.04;0.03;0.04
18;0;50;50;50;19.53;2.98;8.46;2.4;2.35;0.17;79.6;13.87;7.04;4.05;0.69;2.18;4.82;259.8;213;32.8;4.4;9.6;0.79;1.13;0.19;0.25;0.34;0.37;0.085;20.4;4.14;1.92;1.3;0.23;0.81;3.64;66.3;55.7;1.7;1.6;7.3;0.22;0.06;0.04;0.05
18;0;50;50;100;20.05;3.44;9.77;2.95;2.89;0.186;79.3;15.56;8.15;4.46;0.76;2.41;5.52;269.6;204;49.8;4.8;11;0.78;1.62;0.2;0.28;0.5;0.5;0.09;20.7;5.44;2.58;1.68;0.28;1.03;4.25;70.2;57.3;2.3;2.1;8.5;0.3;0.08;0.05;0.07
18;0;50;100;0;19.29;2.87;8.19;2.11;2.14;0.168;84.8;12.82;6.48;3.74;0.65;2.03;4.7;263.4;217.5;32.4;4.1;9.4;0.81;0.92;0.17;0.24;0.39;0.4;0.085;15.2;4.51;2.09;1.46;0.26;0.84;3.49;47;36.6;1.8;1.7;7;0.25;0.04;0.05;0.06
18;0;50;100;50;20.45;3.52;10.1;2.54;2.52;0.174;84.4;14.51;7.39;4.29;0.73;2.28;5.8;274;207.5;50.3;4.6;11.6;0.76;1.3;0.19;0.27;0.53;0.57;0.086;15.6;6.49;3.05;2.04;0.34;1.24;4.3;50.6;37.9;1.6;2.5;8.6;0.37;0.06;0.06;0.08
18;0;50;100;100;21.31;4.08;11.35;2.99;3;0.184;83;16.32;8.43;4.68;0.82;2.6;6.35;267.4;197.8;51.8;5.2;12.7;0.75;1.75;0.22;0.29;0.7;0.7;0.09;17;7.73;3.64;2.41;0.41;1.48;5.01;54.5;39.1;2.5;3;10;0.43;0.08;0.08;0.1
18;0;100;0;0;17.99;2.54;7.28;2.28;2.24;0.164;76.9;13.72;6.89;4.11;0.7;2.16;4.17;274.5;215.9;45.9;4.3;8.3;0.78;1.03;0.18;0.25;0.18;0.19;0.076;23.1;1.98;0.92;0.64;0.09;0.38;3.11;82.3;73.7;1.6;0.8;6.2;0.1;0.05;0.02;0.02
18;0;100;0;50;17.67;2.7;7.71;2.76;2.76;0.186;76.1;14.83;7.67;4.19;0.72;2.26;4.4;268.6;210.2;45.1;4.5;8.8;0.76;1.54;0.2;0.26;0.24;0.23;0.085;23.9;2.28;1.09;0.7;0.12;0.43;3.31;84.1;75.1;1.5;0.9;6.6;0.11;0.07;0.02;0.03
18;0;100;0;100;17.36;2.77;8.24;3.13;3.13;0.198;75.2;15.79;8.33;4.33;0.81;2.33;4.73;263.2;205.7;43.5;4.7;9.5;0.77;1.88;0.2;0.28;0.27;0.27;0.092;24.8;2.52;1.16;0.8;0.14;0.45;3.51;86.4;76.2;2.3;0.9;7;0.12;0.1;0.02;0.03
18;0;100;50;0;19.83;3.14;8.61;2.66;2.58;0.167;80.2;15.46;8.01;4.42;0.75;2.52;4.92;272.3;206.9;50.5;5;9.8;0.79;1.29;0.22;0.28;0.3;0.3;0.083;19.8;3.26;1.54;1;0.17;0.62;3.69;67;56.8;1.6;1.2;7.4;0.17;0.05;0.03;0.04
18;0;100;50;50;20.42;3.55;9.79;3.05;3.08;0.183;79.2;16.81;8.76;4.75;0.84;2.72;5.59;266.9;199;51.2;5.4;11.2;0.74;1.81;0.24;0.29;0.39;0.41;0.089;20.8;4.38;2.07;1.38;0.21;0.82;4.2;69.8;58.2;1.5;1.6;8.4;0.24;0.07;0.04;0.06
18;0;100;50;100;21.06;3.88;10.95;3.73;3.69;0.202;77.9;18.29;9.78;5;0.85;2.79;6.31;260.8;190.7;52;5.6;12.6;0.71;2.43;0.24;0.31;0.49;0.54;0.092;22.1;5.66;2.6;1.83;0.32;1.09;4.64;73.6;59.8;2.3;2.2;9.3;0.31;0.1;0.05;0.07
18;0;100;100;0;20.14;3.41;9.66;2.56;2.57;0.165;84.3;15.57;7.95;4.5;0.78;2.54;5.53;269.8;203.5;50.2;5.1;11.1;0.74;1.33;0.21;0.29;0.43;0.43;0.085;15.7;4.84;2.25;1.56;0.26;0.88;4.14;50;38.4;1.6;1.8;8.3;0.27;0.04;0.04;0.06
18;0;100;100;50;21.44;4.03;11.33;3.13;3.16;0.182;83.1;17.36;9.02;4.9;0.83;2.72;6.52;264.6;193.8;52.3;5.4;13;0.73;1.88;0.23;0.32;0.56;0.61;0.089;16.9;6.81;3.14;2.21;0.35;1.31;4.81;53.4;39.6;1.6;2.6;9.6;0.39;0.07;0.07;0.08
18;0;100;100;100;22.32;4.47;12.84;3.95;3.94;0.2;81.7;19.69;10.42;5.52;0.93;2.98;7.38;256.6;181.4;54.5;6;14.8;0.68;2.66;0.25;0.35;0.68;0.73;0.089;18.3;8.06;3.73;2.54;0.42;1.49;5.46;57.1;41.1;2.1;3;10.9;0.46;0.09;0.08;0.11
18;50;0;0;0;16.86;2.39;6.81;2.61;2.67;0.199;74.1;13.45;7.05;3.78;0.66;2.02;3.93;218.8;178.5;28.4;4;7.9;1.77;0.49;0.17;0.24;0.17;0.17;0.069;25.9;1.85;0.9;0.6;0.07;0.36;2.87;76.5;68.2;1.8;0.7;5.7;0.09;0.03;0.02;0.03
18;50;0;0;50;16.49;2.42;7.12;2.75;2.77;0.203;73.6;13.7;7.09;3.98;0.66;2.02;4.07;216.5;176.8;27.5;4;8.1;1.73;0.64;0.17;0.24;0.18;0.19;0.073;26.4;2.12;0.96;0.67;0.13;0.4;3.05;77.5;68.7;1.9;0.8;6.1;0.1;0.05;0.02;0.03
18;50;0;0;100;16.2;2.69;7.64;2.9;2.96;0.203;72.8;14.71;7.74;4.11;0.73;2.26;4.38;213.9;173.9;26.7;4.5;8.8;1.72;0.8;0.19;0.26;0.23;0.23;0.082;27.2;2.34;1.1;0.73;0.14;0.43;3.26;79.8;69.7;2.7;0.9;6.5;0.11;0.07;0.02;0.03
18;50;0;50;0;18.14;2.64;7.57;2.6;2.65;0.196;78.2;13.63;7.09;3.86;0.67;2.1;4.34;219.2;175.9;30.4;4.2;8.7;1.7;0.52;0.18;0.24;0.25;0.26;0.078;21.8;2.95;1.33;0.97;0.17;0.53;3.24;61;51.7;1.8;1.1;6.5;0.16;0.03;0.03;0.04
18;50;0;50;50;18.68;3.01;8.75;2.89;2.92;0.197;77.3;14.87;7.74;4.26;0.75;2.26;4.99;217.2;171.7;31.1;4.5;10;1.7;0.76;0.19;0.26;0.32;0.35;0.084;22.7;3.99;1.8;1.27;0.22;0.74;3.77;63.5;52.7;1.7;1.5;7.5;0.22;0.04;0.04;0.05
18;50;0;50;100;19.09;3.41;9.73;3.14;3.13;0.199;76.1;15.79;8.29;4.46;0.75;2.42;5.56;213.4;166.4;31;4.8;11.1;1.62;1.04;0.19;0.27;0.48;0.47;0.087;23.9;5.24;2.47;1.66;0.26;0.98;4.17;66.9;54;2.6;2;8.3;0.29;0.07;0.05;0.07
18;50;0;100;0;18.37;2.93;8.28;2.58;2.64;0.195;82.9;13.61;7;3.95;0.66;2.12;4.79;219.1;175.1;30.2;4.2;9.6;1.68;0.52;0.19;0.24;0.37;0.37;0.082;17.1;4.33;1.98;1.4;0.23;0.81;3.49;45.2;34.7;1.9;1.6;7;0.25;0.03;0.04;0.05
18;50;0;100;50;19.48;3.57;10.07;2.96;2.96;0.195;81.6;15.24;8.02;4.29;0.75;2.39;5.75;216.2;168.4;31.5;4.8;11.5;1.69;0.8;0.21;0.27;0.54;0.54;0.085;18.4;6.2;2.87;2.02;0.34;1.18;4.32;48.6;35.8;1.8;2.4;8.6;0.35;0.05;0.06;0.08
18;50;0;100;100;20.16;3.94;11.31;3.33;3.27;0.197;80.4;16.68;8.86;4.67;0.79;2.53;6.54;212.9;162.4;32.3;5.1;13.1;1.62;1.13;0.22;0.29;0.61;0.65;0.087;19.6;7.31;3.35;2.38;0.4;1.41;4.77;51.6;36.8;2.5;2.8;9.5;0.41;0.07;0.08;0.09
18;50;50;0;0;17.23;2.92;8.4;3.5;3.46;0.203;73.4;17.11;9.07;4.79;0.81;2.54;4.89;218.5;175;28.6;5.1;9.8;2.24;0.68;0.23;0.3;0.19;0.19;0.074;26.6;2;0.9;0.64;0.12;0.38;3.51;78.9;69.4;1.8;0.8;7;0.1;0.05;0.02;0.02
18;50;50;0;50;17.24;3.16;8.9;3.66;3.64;0.205;72.6;17.8;9.5;4.97;0.82;2.75;5.03;215;171.3;28.1;5.5;10.1;2.17;0.93;0.23;0.3;0.21;0.22;0.082;27.4;2.28;1.04;0.73;0.11;0.41;3.88;81.1;70.6;1.9;0.8;7.8;0.1;0.06;0.02;0.03
18;50;50;0;100;17.05;3.34;9.27;3.92;4.01;0.213;71.5;18.9;10.17;5.15;0.86;2.87;5.24;210.5;166.5;27.8;5.7;10.5;2.14;1.3;0.25;0.34;0.25;0.25;0.09;28.5;2.4;1.16;0.77;0.11;0.47;4.03;83.7;72.2;2.5;0.9;8.1;0.11;0.09;0.02;0.03
18;50;50;50;0;18.92;3.25;9.44;3.49;3.53;0.197;77.1;17.99;9.31;5.13;0.89;2.68;5.38;216.9;169.5;31.3;5.4;10.8;2.19;0.78;0.24;0.33;0.29;0.29;0.083;22.9;3.21;1.45;1.04;0.18;0.57;4.06;64.2;53.3;1.7;1.1;8.1;0.17;0.04;0.03;0.04
18;50;50;50;50;19.79;3.76;10.62;3.82;3.8;0.197;76;19.32;10.12;5.58;0.9;2.97;6.06;213.6;163.2;32.3;5.9;12.1;2.08;1.13;0.27;0.33;0.33;0.37;0.086;24;4.12;1.94;1.27;0.21;0.79;4.56;67.1;54.8;1.6;1.6;9.1;0.22;0.05;0.04;0.06
18;50;50;50;100;20.19;4.07;11.55;4.25;4.2;0.206;76;20.4;10.83;5.66;0.98;3.03;6.58;224.8;157;48.6;6.1;13.2;2;1.59;0.26;0.35;0.52;0.51;0.091;24;5.43;2.55;1.72;0.29;1.04;4.97;70.9;56.4;2.5;2.1;9.9;0.29;0.09;0.06;0.07
18;50;50;100;0;19.5;3.58;10.35;3.56;3.58;0.198;81.7;18.1;9.55;5.09;0.88;2.77;5.9;216.6;167.5;31.8;5.5;11.8;2.13;0.9;0.23;0.32;0.39;0.39;0.083;18.3;4.42;2.04;1.44;0.21;0.82;4.44;48.2;35.9;1.8;1.6;8.9;0.25;0.04;0.04;0.06
18;50;50;100;50;20.34;4.25;12.13;3.98;3.96;0.2;81.4;19.82;10.53;5.61;0.93;3.01;6.87;228.1;159.4;49;6;13.7;2.07;1.27;0.26;0.36;0.57;0.59;0.088;18.6;6.6;3.08;2.08;0.36;1.25;5.26;51.8;37.3;1.6;2.5;10.5;0.37;0.06;0.07;0.09
18;50;50;100;100;21.38;4.67;13.36;4.36;4.33;0.204;80.2;21.33;11.28;5.98;1;3.21;7.71;224.8;152.2;50.8;6.4;15.4;1.95;1.73;0.28;0.38;0.67;0.7;0.089;19.8;7.71;3.58;2.47;0.41;1.46;5.65;55.2;38.4;2.5;2.9;11.3;0.44;0.09;0.07;0.1
18;50;100;0;0;18.19;3.71;10.1;4.21;4.26;0.202;73.5;21.18;11.28;5.82;1.02;3.33;5.76;230.2;167.3;44.7;6.7;11.5;2.62;1;0.29;0.36;0.2;0.2;0.079;26.5;2.05;0.98;0.61;0.11;0.38;4.34;83;71.9;1.7;0.8;8.7;0.1;0.06;0.02;0.03
18;50;100;0;50;18.02;3.76;10.74;4.63;4.7;0.214;72.5;22.05;11.75;6.27;1.03;3.33;6.12;226.3;163.6;43.8;6.7;12.2;2.54;1.49;0.28;0.39;0.2;0.24;0.088;27.5;2.29;1.06;0.73;0.14;0.43;4.63;85.7;73.1;2.5;0.9;9.3;0.1;0.08;0.02;0.03
18;50;100;0;100;17.89;3.85;10.96;4.98;4.97;0.22;71.8;22.7;12.28;6.16;1.07;3.39;6.28;222;159.8;42.9;6.8;12.6;2.46;1.85;0.28;0.39;0.28;0.29;0.099;28.2;2.57;1.23;0.8;0.14;0.47;4.68;87.2;74.4;2.5;0.9;9.4;0.11;0.12;0.02;0.03
18;50;100;50;0;19.92;4.05;11.37;4.3;4.42;0.2;77.2;22.14;11.62;6.35;1.05;3.44;6.5;230.2;161.6;48.7;6.9;13;2.5;1.24;0.29;0.39;0.3;0.3;0.086;22.8;3.25;1.48;1.05;0.17;0.61;4.87;67.8;55.2;1.7;1.2;9.7;0.17;0.06;0.03;0.04
18;50;100;50;50;20.73;4.39;12.38;4.85;4.89;0.208;75.8;23.51;12.54;6.46;1.15;3.59;7.06;225.6;154.4;49.9;7.2;14.1;2.41;1.78;0.31;0.39;0.39;0.42;0.091;24.2;4.45;2.06;1.4;0.26;0.81;5.33;71.7;57;2.5;1.6;10.7;0.24;0.08;0.05;0.06
18;50;100;50;100;21.19;4.74;13.54;5.33;5.44;0.22;74.9;24.81;13.34;6.8;1.19;3.71;7.8;222.6;149;50.6;7.4;15.6;2.34;2.35;0.32;0.43;0.53;0.54;0.095;25.1;5.56;2.6;1.74;0.31;1.03;5.75;74.2;58.3;2.4;2.1;11.5;0.3;0.12;0.05;0.07
18;50;100;100;0;20.53;4.35;12.42;4.43;4.49;0.198;81.7;22.71;11.91;6.38;1.17;3.52;7.16;229.4;158.4;49.6;7;14.3;2.48;1.31;0.31;0.4;0.41;0.42;0.087;18.3;4.74;2.11;1.57;0.28;0.83;5.27;51.3;37.4;1.6;1.7;10.5;0.26;0.06;0.04;0.06
18;50;100;100;50;21.69;4.94;14.02;4.89;4.94;0.206;80;24.02;12.7;6.62;1.25;3.67;7.99;224.6;150.1;51.1;7.3;16;2.33;1.87;0.33;0.42;0.57;0.61;0.089;20;6.72;3.11;2.16;0.34;1.27;6.03;55.9;38.8;2.5;2.5;12.1;0.38;0.08;0.07;0.08
18;50;100;100;100;22.47;5.19;14.98;5.46;5.48;0.218;79;25.25;13.46;6.92;1.23;3.69;8.59;219.6;142.2;52.9;7.4;17.2;2.2;2.54;0.32;0.42;0.72;0.73;0.09;21;7.96;3.74;2.52;0.42;1.51;6.4;58.1;40.1;2.2;3;12.8;0.45;0.1;0.08;0.1
18;100;0;0;0;17.61;2.9;8.14;3.49;3.55;0.215;67.7;16.64;8.8;4.62;0.82;2.48;4.71;163.5;121.4;27.8;5;9.4;2.58;0.47;0.22;0.28;0.18;0.19;0.075;32.3;2.1;1.01;0.62;0.11;0.42;3.43;78;67;3.4;0.8;6.9;0.09;0.06;0.02;0.02
18;100;0;0;50;17.32;3.02;8.55;3.62;3.68;0.216;67.1;17.11;9.19;4.69;0.78;2.59;4.88;162;120.1;27;5.2;9.8;2.52;0.63;0.23;0.29;0.24;0.25;0.087;32.9;2.5;1.16;0.8;0.13;0.43;3.67;79.2;67.6;3.4;0.9;7.3;0.1;0.1;0.02;0.03
18;100;0;0;100;17.04;3.23;9.12;3.9;3.8;0.214;66.2;17.86;9.71;4.88;0.77;2.69;5.31;160.8;118.5;26.2;5.4;10.6;2.48;0.8;0.22;0.31;0.32;0.3;0.093;33.8;2.88;1.38;0.91;0.16;0.54;3.82;82.1;68.4;5;1.1;7.6;0.11;0.13;0.03;0.04
18;100;0;50;0;19.12;3.12;8.85;3.51;3.51;0.211;72.3;16.75;8.91;4.69;0.76;2.51;5.05;164.8;119.6;30.1;5;10.1;2.49;0.51;0.22;0.29;0.29;0.29;0.082;27.7;3.22;1.46;1.04;0.17;0.61;3.8;63.2;50.8;3.6;1.2;7.6;0.15;0.06;0.03;0.04
18;100;0;50;50;19.45;3.42;9.96;3.61;3.72;0.211;71.6;17.76;9.44;4.95;0.89;2.63;5.67;164.2;117.3;30.3;5.3;11.3;2.46;0.72;0.22;0.31;0.41;0.4;0.089;28.4;4.28;1.97;1.33;0.23;0.78;4.28;65.1;51.7;3.3;1.6;8.6;0.21;0.09;0.05;0.05
18;100;0;50;100;19.76;3.99;11.07;4.03;3.99;0.212;70.1;18.91;10.24;5.19;0.86;2.95;6.3;162.7;113.9;30.3;5.9;12.6;2.41;1.01;0.26;0.32;0.54;0.53;0.092;29.9;5.67;2.63;1.73;0.35;1.05;4.77;69.3;52.9;4.7;2.1;9.5;0.28;0.13;0.06;0.07
18;100;0;100;0;19.52;3.46;9.77;3.51;3.56;0.21;77.7;17.01;9.07;4.77;0.78;2.62;5.55;165.5;118.7;30.5;5.2;11.1;2.53;0.53;0.22;0.28;0.36;0.39;0.083;22.3;4.42;2.01;1.42;0.24;0.84;4.22;47.5;34.2;3.3;1.7;8.4;0.23;0.06;0.04;0.06
18;100;0;100;50;20.13;3.84;11.11;3.73;3.7;0.208;76.5;17.89;9.41;5.01;0.85;2.67;6.31;163.7;114.7;31;5.3;12.6;2.4;0.78;0.23;0.29;0.53;0.57;0.088;23.5;6.38;2.96;1.98;0.35;1.17;4.8;50.3;35.1;3.2;2.3;9.6;0.34;0.09;0.06;0.08
18;100;0;100;100;20.92;4.4;12.6;4;4.04;0.207;74.9;19.54;10.44;5.37;0.94;2.98;7.2;162.4;110.3;31.7;6;14.4;2.32;1.13;0.25;0.34;0.69;0.71;0.089;25.1;7.76;3.5;2.54;0.43;1.42;5.4;54.4;36.2;4.6;2.8;10.8;0.41;0.12;0.07;0.1
18;100;50;0;0;18.07;3.73;10.63;5;4.98;0.219;67.4;22.81;12.32;6.16;1.1;3.35;6.08;166.3;118.8;28.6;6.7;12.2;3.6;0.68;0.3;0.4;0.19;0.2;0.077;32.6;2.07;0.97;0.64;0.1;0.37;4.55;80.5;68.3;2.3;0.7;9.1;0.09;0.06;0.02;0.03
18;100;50;0;50;17.79;3.91;11.12;5.11;5.14;0.22;66.4;23.47;12.64;6.39;1.11;3.46;6.42;164.4;116.9;27.8;6.9;12.8;3.53;0.92;0.29;0.41;0.22;0.24;0.087;33.6;2.33;1.09;0.74;0.11;0.45;4.71;83.1;69.2;3.6;0.9;9.4;0.1;0.09;0.02;0.03
18;100;50;0;100;17.61;4.13;11.71;5.33;5.45;0.226;65.7;24.21;13.06;6.65;1.14;3.57;6.71;162.5;115.1;26.9;7.1;13.4;3.46;1.27;0.3;0.42;0.32;0.32;0.099;34.3;2.8;1.38;0.85;0.13;0.56;5;84.9;70.1;3.7;1.1;10;0.11;0.14;0.03;0.04
18;100;50;50;0;19.48;4.16;11.43;5.08;4.96;0.215;71.8;23.18;12.69;6.25;1.07;3.57;6.52;167.1;116.4;30.6;7.1;13;3.49;0.76;0.32;0.39;0.3;0.3;0.084;28.2;3.19;1.48;1.04;0.16;0.58;4.91;65.4;52;2.4;1.2;9.8;0.16;0.06;0.03;0.04
18;100;50;50;50;20.2;4.52;12.56;5.22;5.19;0.214;70.3;24.34;13.05;6.64;1.13;3.75;7.08;165.3;112;31.6;7.5;14.2;3.38;1.09;0.32;0.41;0.4;0.41;0.091;29.7;4.33;2;1.36;0.25;0.77;5.48;69.7;53.6;3.6;1.5;11;0.22;0.09;0.04;0.06
18;100;50;50;100;20.5;4.87;13.77;5.66;5.62;0.22;71.2;25.67;13.78;7.02;1.21;3.83;7.88;178.8;107.7;47.7;7.7;15.8;3.29;1.56;0.33;0.44;0.51;0.53;0.094;28.8;5.56;2.53;1.8;0.3;1.04;5.89;72.3;55.2;3.2;2.1;11.8;0.29;0.12;0.06;0.07
18;100;50;100;0;19.85;4.32;12.48;5;5.06;0.216;77.1;23.53;12.59;6.39;1.21;3.5;7.18;167.2;115;30.8;7;14.4;3.48;0.87;0.31;0.4;0.41;0.41;0.086;22.9;4.6;2.09;1.46;0.26;0.81;5.3;49.7;35.1;2.4;1.6;10.6;0.25;0.06;0.04;0.06
18;100;50;100;50;20.66;4.89;14.15;5.26;5.32;0.215;77;24.78;13.19;6.85;1.22;3.7;8.08;180.9;109.8;47.5;7.4;16.2;3.33;1.23;0.33;0.42;0.61;0.61;0.089;23;6.69;3.07;2.21;0.38;1.19;6.07;54.1;36.4;3.2;2.4;12.1;0.37;0.09;0.06;0.09
18;100;50;100;100;21.7;5.36;15.23;5.53;5.6;0.216;75.8;25.98;13.95;7.14;1.22;3.9;8.6;178.7;104.2;49.5;7.8;17.2;3.14;1.68;0.34;0.45;0.72;0.72;0.091;24.2;7.89;3.59;2.47;0.44;1.45;6.63;57;37.8;3.1;2.9;13.3;0.44;0.11;0.08;0.1
18;100;100;0;0;18.65;4.47;12.46;5.83;5.82;0.216;68.3;27.03;14.57;7.41;1.29;4.08;7.1;180.5;114.1;44.1;8.2;14.2;4.02;0.99;0.35;0.46;0.2;0.2;0.081;31.7;2.06;1.02;0.62;0.12;0.39;5.36;83.8;70.6;1.7;0.8;10.7;0.1;0.06;0.02;0.03
18;100;100;0;50;18.34;4.61;12.78;6.11;6.23;0.225;67.2;27.69;14.95;7.51;1.32;4.16;7.25;177.5;111.5;43.1;8.3;14.5;3.94;1.46;0.35;0.48;0.26;0.25;0.091;32.8;2.31;1.12;0.72;0.13;0.45;5.53;86.5;71.9;2.7;0.9;11.1;0.1;0.09;0.02;0.03
18;100;100;0;100;18.12;4.51;13.18;6.49;6.5;0.229;66.4;28.43;15.26;7.85;1.38;4.07;7.57;174.2;108.7;42.3;8.1;15.1;3.82;1.83;0.35;0.5;0.27;0.29;0.099;33.6;2.52;1.18;0.8;0.13;0.44;5.61;87.9;73.3;2.5;0.9;11.2;0.11;0.12;0.03;0.03
18;100;100;50;0;20.18;4.75;13.46;6.01;5.94;0.214;72.6;27.81;14.94;7.64;1.33;4.16;7.75;181.8;110.1;47.9;8.3;15.5;3.9;1.22;0.34;0.48;0.3;0.29;0.084;27.4;3.18;1.46;1.02;0.18;0.59;5.71;68.6;54.3;1.7;1.2;11.4;0.17;0.06;0.03;0.04
18;100;100;50;50;20.97;5.13;14.49;6.24;6.36;0.22;71.3;28.99;15.62;7.9;1.37;4.35;8.29;180.3;105.7;49.3;8.7;16.6;3.74;1.74;0.37;0.5;0.41;0.41;0.091;28.7;4.3;1.96;1.34;0.24;0.78;6.2;72.4;55.9;2.5;1.6;12.4;0.23;0.09;0.04;0.05
18;100;100;50;100;21.42;5.5;15.35;6.79;6.81;0.228;70.4;29.91;16.37;7.97;1.4;4.51;8.89;178;101.4;49.9;9;17.8;3.58;2.34;0.39;0.5;0.47;0.53;0.094;29.6;5.46;2.49;1.75;0.3;0.98;6.46;74.7;57.6;2.3;2;12.9;0.3;0.11;0.05;0.07
18;100;100;100;0;20.61;5.13;14.44;5.9;5.97;0.213;77.6;28.08;14.96;7.75;1.3;4.26;8.27;182.2;108.8;48.4;8.5;16.5;3.86;1.26;0.36;0.49;0.41;0.43;0.087;22.4;4.72;2.16;1.55;0.27;0.87;6.18;52.4;36.6;1.7;1.7;12.4;0.26;0.06;0.04;0.07
18;100;100;100;50;21.88;5.45;15.9;6.31;6.32;0.217;76.1;29.16;15.58;8.05;1.45;4.29;9.05;180.1;102.7;50.7;8.6;18.1;3.61;1.85;0.37;0.5;0.57;0.59;0.088;23.9;6.47;2.94;2.03;0.37;1.17;6.85;56.5;38.1;2.3;2.3;13.7;0.36;0.08;0.06;0.08
18;100;100;100;100;22.96;6.02;17.08;6.78;6.84;0.226;74.8;30.4;16.34;8.37;1.47;4.51;9.69;177.6;96.9;52.3;9;19.4;3.41;2.54;0.38;0.51;0.79;0.74;0.092;25.2;8;3.79;2.53;0.42;1.51;7.39;59.7;39.6;2.4;3;14.8;0.45;0.11;0.08;0.1
19;0;0;0;0;17;1.88;5.34;1.73;1.76;0.179;79.9;9.86;4.98;2.84;0.52;1.55;3;277.6;239.1;29.4;3.1;6;0.94;0.5;0.14;0.18;0.14;0.14;0.061;20.1;1.75;0.79;0.56;0.11;0.33;2.33;69.8;62.7;1.7;0.7;4.7;0.08;0.03;0.02;0.02
19;0;0;0;50;16.86;2.01;5.77;1.87;1.93;0.185;79.4;10.45;5.33;3.02;0.49;1.61;3.29;275;236.3;28.8;3.2;6.6;0.95;0.67;0.14;0.18;0.16;0.17;0.068;20.6;2.05;0.96;0.65;0.14;0.41;2.48;71;63.3;1.9;0.8;5;0.08;0.05;0.02;0.03
19;0;0;0;100;16.59;2.2;6.26;2.08;2.1;0.184;78.7;11.48;5.9;3.32;0.52;1.76;3.63;270.7;231.7;28.2;3.5;7.3;0.89;0.85;0.15;0.21;0.21;0.2;0.074;21.3;2.3;1.07;0.74;0.14;0.44;2.63;73.1;64.3;2.6;0.9;5.3;0.09;0.06;0.02;0.03
19;0;0;50;0;17.96;2.12;6.16;1.72;1.78;0.176;83.3;10.11;5.19;2.89;0.51;1.6;3.51;278;236.9;30.9;3.2;7;0.93;0.52;0.14;0.19;0.23;0.23;0.07;16.7;2.98;1.31;1.03;0.13;0.52;2.65;55.5;47.4;1.8;1;5.3;0.14;0.03;0.03;0.04
19;0;0;50;50;18.71;2.51;7.19;1.98;2.02;0.18;82.5;11.25;5.72;3.26;0.55;1.78;4.09;273.9;230.6;31.5;3.6;8.2;0.91;0.76;0.15;0.2;0.34;0.31;0.076;17.5;3.93;1.79;1.28;0.22;0.73;3.09;57.9;48.4;1.8;1.5;6.2;0.18;0.04;0.04;0.05
19;0;0;50;100;19.37;2.92;8.53;2.46;2.37;0.184;81.2;12.92;6.73;3.69;0.61;1.94;4.91;268;221.9;32.4;3.9;9.8;0.88;1.09;0.16;0.23;0.42;0.4;0.077;18.8;4.95;2.27;1.62;0.27;0.98;3.62;61.7;49.9;2.6;2;7.2;0.23;0.06;0.05;0.06
19;0;0;100;0;18.36;2.44;6.95;1.74;1.79;0.175;87;10.27;5.19;3.02;0.51;1.61;3.95;276.7;234.5;31.1;3.2;7.9;0.93;0.54;0.14;0.19;0.34;0.34;0.074;13;4.32;1.98;1.34;0.25;0.82;3;41.2;31.9;1.7;1.6;6;0.21;0.03;0.04;0.06
19;0;0;100;50;19.37;3.03;8.56;1.94;2;0.177;85.9;11.33;5.81;3.25;0.57;1.8;4.83;271.8;226.7;31.8;3.6;9.7;0.86;0.79;0.15;0.2;0.48;0.49;0.076;14.1;6.28;2.89;2.01;0.32;1.23;3.73;44.5;32.7;1.9;2.5;7.5;0.31;0.05;0.06;0.08
19;0;0;100;100;20.12;3.46;9.98;2.39;2.4;0.182;84.8;13.29;6.92;3.79;0.63;2.11;5.74;265.5;217;32.9;4.2;11.5;0.83;1.16;0.18;0.24;0.57;0.57;0.077;15.2;7.27;3.3;2.36;0.4;1.35;4.24;47.4;33.8;2.4;2.7;8.5;0.36;0.06;0.07;0.09
19;0;50;0;0;17.69;2.15;6.15;1.98;1.97;0.172;79;11.48;5.87;3.33;0.55;1.79;3.53;272.5;231.4;30.5;3.6;7.1;0.88;0.72;0.16;0.21;0.17;0.17;0.067;21;1.92;0.86;0.62;0.12;0.36;2.62;72.2;64.4;1.8;0.7;5.2;0.08;0.04;0.02;0.02
19;0;50;0;50;17.38;2.35;6.68;2.22;2.25;0.179;78.3;12.55;6.5;3.52;0.63;1.98;3.82;267.5;226.2;29.7;4;7.6;0.88;0.97;0.18;0.22;0.17;0.18;0.072;21.7;2.1;0.95;0.69;0.11;0.38;2.85;73.7;65.5;1.7;0.8;5.7;0.09;0.06;0.02;0.02
19;0;50;0;100;17.33;2.48;7.26;2.61;2.66;0.194;77.4;13.79;7.22;3.89;0.67;2.06;4.18;262.4;220.6;29.4;4.1;8.4;0.86;1.38;0.19;0.24;0.22;0.22;0.082;22.6;2.33;1.05;0.8;0.12;0.42;3.08;76.2;66.8;2.4;0.8;6.2;0.09;0.08;0.02;0.03
19;0;50;50;0;18.61;2.57;7.14;2.14;2.06;0.169;82.3;12.2;6.29;3.52;0.58;1.98;4.08;270.6;226.7;31.8;4;8.2;0.88;0.79;0.17;0.22;0.23;0.25;0.072;17.7;3.08;1.44;0.98;0.16;0.59;3.06;58;49.1;1.6;1.2;6.1;0.14;0.04;0.03;0.04
19;0;50;50;50;19.59;3.09;8.62;2.37;2.47;0.174;81.2;14.19;7.33;4.11;0.72;2.29;5.02;265.2;217.5;33.1;4.6;10;0.85;1.15;0.21;0.26;0.32;0.35;0.079;18.8;4.19;1.89;1.4;0.22;0.81;3.6;61;50.6;1.6;1.6;7.2;0.19;0.06;0.04;0.06
19;0;50;50;100;20.37;3.42;9.79;2.96;2.96;0.189;80.8;15.68;8.27;4.4;0.74;2.44;5.6;275;208.5;50.5;4.9;11.2;0.82;1.64;0.22;0.28;0.42;0.46;0.082;19.2;5.35;2.46;1.7;0.32;0.98;4.19;64.9;52.1;2.5;2;8.4;0.25;0.09;0.05;0.07
19;0;50;100;0;19.16;2.86;8.16;2.18;2.17;0.172;86;12.61;6.46;3.61;0.64;1.98;4.73;268.3;222.6;32.3;4;9.5;0.85;0.91;0.17;0.23;0.35;0.37;0.076;14;4.66;2.09;1.53;0.25;0.88;3.43;43.5;33.2;1.7;1.8;6.9;0.23;0.04;0.05;0.06
19;0;50;100;50;20.28;3.44;9.97;2.44;2.52;0.178;85.6;14.2;7.09;4.26;0.72;2.19;5.73;278.6;213.1;49.7;4.4;11.5;0.8;1.27;0.19;0.26;0.51;0.51;0.077;14.4;6.47;3.01;2.04;0.35;1.25;4.24;46.8;34.2;1.6;2.5;8.5;0.32;0.05;0.06;0.08
19;0;50;100;100;21.18;3.96;11.3;3.03;3;0.187;84.5;16.13;8.35;4.58;0.8;2.5;6.6;272.9;203.4;51.3;5;13.2;0.76;1.73;0.22;0.29;0.58;0.63;0.08;15.5;7.67;3.55;2.45;0.41;1.46;4.7;50;35.3;2.4;2.9;9.4;0.37;0.08;0.07;0.1
19;0;100;0;0;18.64;2.65;7.35;2.47;2.39;0.167;78.6;14.36;7.28;4.2;0.68;2.28;4.27;279.2;218.1;48;4.6;8.5;0.85;1.08;0.2;0.26;0.18;0.18;0.07;21.4;2;0.9;0.65;0.11;0.37;3.08;75.8;67.3;1.6;0.7;6.2;0.08;0.05;0.02;0.03
19;0;100;0;50;18.34;2.79;7.96;2.75;2.87;0.189;77.9;15.19;7.86;4.42;0.73;2.36;4.58;274.4;213.9;46.6;4.7;9.2;0.82;1.58;0.2;0.27;0.21;0.22;0.08;22.1;2.23;1.04;0.69;0.12;0.42;3.38;77.4;68.2;1.6;0.8;6.8;0.09;0.08;0.02;0.03
19;0;100;0;100;18.09;2.9;8.31;3.37;3.29;0.201;77;16.4;8.66;4.58;0.82;2.48;4.76;267.6;207.4;45.8;5;9.5;0.81;1.98;0.21;0.28;0.26;0.25;0.086;23;2.41;1.1;0.78;0.13;0.42;3.55;79.9;69.7;2.3;0.8;7.1;0.09;0.1;0.02;0.03
19;0;100;50;0;19.73;3.04;8.57;2.64;2.61;0.171;81.6;15.3;7.83;4.44;0.77;2.41;4.84;276;211.3;50.2;4.8;9.7;0.84;1.28;0.22;0.28;0.23;0.27;0.075;18.4;3.29;1.5;1.07;0.17;0.63;3.72;61.8;51.6;1.5;1.3;7.4;0.15;0.04;0.03;0.04
19;0;100;50;50;20.48;3.53;9.8;3.05;3.14;0.186;80.7;16.88;8.77;4.84;0.8;2.67;5.68;271.5;203.7;51.1;5.3;11.4;0.79;1.81;0.24;0.3;0.38;0.38;0.083;19.3;4.4;2.04;1.38;0.25;0.86;4.12;64.5;52.9;1.7;1.7;8.2;0.2;0.08;0.05;0.05
19;0;100;50;100;21.4;3.87;11.09;3.74;3.83;0.205;79.5;18.78;9.92;5.25;0.91;2.86;6.42;265.4;193.9;52.9;5.7;12.8;0.77;2.48;0.25;0.33;0.44;0.48;0.084;20.5;5.49;2.49;1.79;0.31;1.01;4.68;68.2;54.5;2.4;2;9.4;0.26;0.1;0.05;0.07
19;0;100;100;0;20.25;3.41;9.57;2.76;2.67;0.17;85.5;15.76;8.05;4.6;0.75;2.48;5.48;274.9;208.2;50.8;5;11;0.83;1.33;0.23;0.28;0.37;0.39;0.078;14.5;4.79;2.17;1.55;0.28;0.93;4.09;46.3;34.8;1.5;1.9;8.2;0.23;0.05;0.05;0.06
19;0;100;100;50;21.17;4.06;11.39;3.17;3.19;0.185;84.4;17.26;9.02;4.9;0.84;2.75;6.53;269;198.4;52;5.5;13.1;0.76;1.88;0.24;0.31;0.55;0.56;0.079;15.6;6.93;3.19;2.23;0.37;1.31;4.86;49.6;35.8;1.4;2.6;9.7;0.34;0.07;0.07;0.09
19;0;100;100;100;22.35;4.43;12.99;4.03;4;0.203;83;19.69;10.4;5.52;0.97;2.95;7.51;261;185.8;54.3;5.9;15;0.77;2.62;0.25;0.36;0.65;0.66;0.08;17;8.04;3.68;2.62;0.45;1.48;5.48;53;37.2;1.9;3;11;0.4;0.08;0.07;0.1
19;50;0;0;0;17.3;2.31;6.76;2.73;2.77;0.208;76;13.4;7;3.9;0.64;1.98;3.88;222.8;181.8;29.3;4;7.8;1.86;0.5;0.17;0.24;0.15;0.14;0.061;24;1.79;0.82;0.58;0.09;0.33;2.88;70.3;62;1.9;0.7;5.8;0.08;0.03;0.02;0.02
19;50;0;0;50;16.93;2.53;7.11;2.96;2.94;0.21;75.5;14.03;7.54;3.79;0.71;2.14;4.06;220.4;179.5;28.5;4.3;8.1;1.84;0.67;0.18;0.24;0.17;0.18;0.07;24.5;2.05;0.94;0.67;0.11;0.39;3.05;71.4;62.7;1.8;0.8;6.1;0.08;0.05;0.02;0.03
19;50;0;0;100;16.6;2.74;7.56;2.95;3.09;0.209;74.8;14.83;7.84;4.16;0.69;2.31;4.33;218.1;177.2;27.6;4.6;8.7;1.82;0.82;0.2;0.26;0.2;0.2;0.076;25.2;2.24;1.05;0.7;0.11;0.43;3.23;73.3;63.3;2.6;0.9;6.5;0.09;0.06;0.02;0.03
19;50;0;50;0;18.12;2.62;7.46;2.71;2.77;0.206;79.8;13.57;7.17;3.8;0.64;2.05;4.28;223.1;180.1;30.4;4.1;8.6;1.84;0.52;0.18;0.24;0.23;0.24;0.072;20.2;3;1.38;0.95;0.17;0.57;3.18;56.2;46.9;1.9;1.1;6.4;0.14;0.03;0.03;0.04
19;50;0;50;50;18.72;3.05;8.5;2.91;3.01;0.206;79.1;14.69;7.75;4.09;0.71;2.25;4.89;221.2;175.9;31.1;4.5;9.8;1.8;0.75;0.21;0.25;0.3;0.32;0.077;20.9;3.96;1.82;1.29;0.22;0.8;3.6;58.4;47.8;1.8;1.6;7.2;0.18;0.05;0.04;0.05
19;50;0;50;100;19.35;3.29;9.66;3.31;3.3;0.207;77.8;16.04;8.52;4.43;0.76;2.37;5.49;217.3;169.8;31.8;4.7;11;1.77;1.05;0.21;0.27;0.43;0.42;0.079;22.2;5.06;2.3;1.65;0.28;0.92;4.18;61.9;49.1;2.5;1.8;8.4;0.24;0.07;0.04;0.07
19;50;0;100;0;18.43;2.92;8.32;2.76;2.82;0.205;84.2;13.78;7.2;3.89;0.65;2.09;4.84;223.3;179.1;30.4;4.2;9.7;1.87;0.53;0.18;0.24;0.33;0.34;0.074;15.8;4.33;1.98;1.42;0.24;0.83;3.48;41.9;31.4;1.8;1.7;7;0.21;0.03;0.04;0.06
19;50;0;100;50;19.53;3.5;9.96;2.97;3.03;0.201;82.8;15.14;7.88;4.33;0.71;2.31;5.66;218.9;171.1;31.8;4.6;11.3;1.75;0.81;0.2;0.27;0.45;0.48;0.076;17.2;6.14;2.78;1.97;0.34;1.19;4.29;45.3;32.6;1.8;2.4;8.6;0.3;0.04;0.06;0.08
19;50;0;100;100;20.24;3.89;11.21;3.36;3.39;0.203;81.8;16.77;8.81;4.74;0.81;2.48;6.57;216.2;165.6;32.4;5;13.1;1.73;1.15;0.22;0.3;0.58;0.59;0.079;18.2;7.28;3.39;2.37;0.39;1.42;4.64;48;33.4;2.5;2.8;9.3;0.35;0.06;0.08;0.09
19;50;50;0;0;17.82;2.98;8.29;3.52;3.6;0.21;75.3;17.18;9.11;4.83;0.74;2.61;4.83;222.3;177.6;29.8;5.2;9.7;2.36;0.71;0.22;0.3;0.16;0.16;0.068;24.7;1.85;0.86;0.58;0.09;0.38;3.45;72.6;63.2;1.8;0.8;6.9;0.08;0.05;0.02;0.02
19;50;50;0;50;17.72;3.21;9.02;3.8;3.87;0.211;74.5;18.43;9.86;5.08;0.89;2.8;5.23;218.7;173;29.5;5.6;10.5;2.32;0.99;0.24;0.33;0.16;0.19;0.073;25.5;2.04;0.96;0.65;0.09;0.41;3.78;74.5;64.6;1.6;0.8;7.6;0.08;0.06;0.02;0.03
19;50;50;0;100;17.25;3.31;9.27;4.01;4.14;0.221;73.6;18.87;10.12;5.12;0.94;2.86;5.26;214.8;170.3;28.3;5.7;10.5;2.26;1.33;0.24;0.32;0.26;0.24;0.085;26.4;2.44;1.14;0.76;0.14;0.45;4;77;65.4;2.7;0.9;8;0.09;0.1;0.03;0.03
19;50;50;50;0;18.97;3.32;9.38;3.58;3.65;0.206;78.9;17.8;9.43;4.97;0.83;2.72;5.4;221.7;174.1;31.4;5.4;10.8;2.33;0.77;0.24;0.32;0.24;0.26;0.075;21.1;3.15;1.47;1;0.15;0.61;3.97;59.1;48.2;1.8;1.2;7.9;0.14;0.04;0.03;0.04
19;50;50;50;50;19.7;3.71;10.64;3.84;3.93;0.205;77.7;19.25;10.07;5.51;0.93;2.92;6.13;217.2;166.8;32.3;5.8;12.3;2.22;1.13;0.24;0.34;0.31;0.34;0.078;22.3;4.1;1.86;1.3;0.24;0.79;4.52;62;49.8;1.6;1.6;9;0.19;0.05;0.04;0.05
19;50;50;50;100;20.51;4.08;11.55;4.45;4.38;0.213;77.8;20.68;11.06;5.7;0.97;3.11;6.71;229.6;160;50;6.2;13.4;2.12;1.63;0.28;0.35;0.46;0.45;0.084;22.2;5.22;2.4;1.69;0.28;0.97;4.85;65.3;51.3;2.4;1.9;9.7;0.24;0.09;0.05;0.07
19;50;50;100;0;19.41;3.61;10.25;3.67;3.72;0.207;82.9;17.98;9.52;5.03;0.91;2.75;5.8;219.6;171;31.4;5.5;11.6;2.28;0.89;0.24;0.31;0.35;0.37;0.077;17.1;4.6;2.09;1.5;0.24;0.85;4.45;45;32.6;1.8;1.7;8.9;0.22;0.04;0.05;0.06
19;50;50;100;50;20.58;4.25;11.79;4.04;4.03;0.207;82.7;19.5;10.31;5.29;0.96;3;6.68;231;162.1;49.5;6;13.4;2.17;1.28;0.25;0.33;0.49;0.52;0.078;17.3;6.48;2.99;2.07;0.33;1.25;5.12;48.2;33.9;1.6;2.5;10.2;0.32;0.06;0.06;0.08
19;50;50;100;100;21.42;4.59;13.15;4.52;4.43;0.21;81.7;21.18;11.35;5.78;1.01;3.14;7.63;228.3;155.7;51.1;6.3;15.3;2.07;1.73;0.26;0.37;0.6;0.63;0.081;18.3;7.59;3.47;2.46;0.43;1.46;5.52;51.1;34.8;2.4;2.9;11;0.37;0.08;0.07;0.1
19;50;100;0;0;18.86;3.59;9.96;4.42;4.41;0.208;75.3;21.24;11.32;5.88;0.98;3.21;5.72;234;169.6;46.5;6.4;11.4;2.72;1.04;0.28;0.37;0.16;0.18;0.074;24.7;1.93;0.91;0.59;0.1;0.38;4.25;76.6;65.6;1.8;0.8;8.5;0.08;0.06;0.02;0.02
19;50;100;0;50;18.51;3.71;10.57;4.86;4.93;0.222;74.5;22.29;12.01;6.13;1.06;3.32;6.18;230.6;166.4;45.2;6.6;12.4;2.73;1.53;0.28;0.39;0.21;0.22;0.083;25.5;2.2;0.98;0.72;0.12;0.39;4.39;78.6;66.5;2.5;0.8;8.8;0.09;0.09;0.02;0.02
19;50;100;0;100;18.43;3.88;10.9;5.33;5.26;0.227;73.6;23.23;12.66;6.33;1;3.38;6.25;225.3;161.4;44.7;6.8;12.5;2.65;1.93;0.3;0.39;0.24;0.27;0.095;26.4;2.48;1.17;0.77;0.14;0.49;4.65;80.7;68;2.5;1;9.3;0.09;0.12;0.03;0.03
19;50;100;50;0;19.96;3.96;11.16;4.59;4.63;0.21;78.8;22.19;11.73;6.13;1.06;3.33;6.38;232.9;164.8;48.6;6.7;12.8;2.73;1.23;0.29;0.38;0.28;0.28;0.077;21.2;3.3;1.53;1.01;0.2;0.63;4.78;62.7;50.2;1.6;1.3;9.6;0.15;0.06;0.03;0.04
19;50;100;50;50;20.77;4.38;12.59;4.89;5.09;0.216;77.4;23.64;12.69;6.46;1.18;3.58;7.15;229.1;157.6;50.1;7.2;14.3;2.6;1.78;0.3;0.4;0.36;0.38;0.082;22.6;4.38;2;1.4;0.26;0.81;5.44;66.7;51.8;2.4;1.6;10.9;0.2;0.08;0.04;0.06
19;50;100;50;100;21.63;4.71;13.49;5.65;5.68;0.225;76.3;25.27;13.72;6.84;1.17;3.68;7.72;224.1;149;52.3;7.4;15.4;2.46;2.46;0.33;0.43;0.47;0.49;0.086;23.7;5.48;2.52;1.74;0.33;1.03;5.77;69.5;53.7;2.2;2.1;11.5;0.26;0.1;0.06;0.07
19;50;100;100;0;20.54;4.31;12.13;4.61;4.63;0.206;82.9;22.58;12.18;6.18;1.11;3.45;7.01;231.9;161.4;49.6;6.9;14;2.62;1.3;0.3;0.4;0.38;0.37;0.077;17.1;4.65;2.09;1.51;0.26;0.86;5.12;47.6;34;1.6;1.7;10.2;0.22;0.05;0.04;0.06
19;50;100;100;50;21.57;4.78;13.77;5.09;5.07;0.214;81.4;23.8;12.64;6.68;1.11;3.5;7.89;228;154;51.2;7;15.8;2.5;1.86;0.3;0.41;0.56;0.56;0.081;18.6;6.73;3.12;2.06;0.4;1.28;5.88;51.8;35.1;2.4;2.6;11.8;0.33;0.08;0.07;0.08
19;50;100;100;100;22.51;5.4;14.87;5.66;5.65;0.223;80.2;25.39;13.89;6.83;1.17;3.87;8.45;222;144.3;53.1;7.7;16.9;2.32;2.57;0.34;0.42;0.7;0.68;0.083;19.8;8.03;3.76;2.53;0.42;1.53;6.42;54.5;36.5;2.2;3.1;12.8;0.39;0.1;0.08;0.1
19;100;0;0;0;17.73;2.91;8.13;3.76;3.78;0.223;69.9;17;9.21;4.57;0.81;2.56;4.67;166;122.7;28.9;5.1;9.3;2.78;0.5;0.22;0.29;0.15;0.16;0.065;30.1;1.88;0.86;0.62;0.09;0.35;3.46;71.6;61.3;2.6;0.7;6.9;0.07;0.04;0.01;0.03
19;100;0;0;50;17.36;3.07;8.38;3.94;3.92;0.226;69.4;17.45;9.48;4.71;0.78;2.63;4.81;164.5;121.5;28.1;5.3;9.6;2.74;0.66;0.22;0.3;0.18;0.2;0.076;30.6;2.25;1.04;0.7;0.13;0.44;3.57;72.3;61.9;2.4;0.9;7.1;0.08;0.07;0.02;0.03
19;100;0;0;100;17.38;3.28;9.1;4.12;4.13;0.223;68.5;18.61;10.08;5.07;0.9;2.78;5.28;163.7;120;27.6;5.6;10.6;2.73;0.83;0.25;0.32;0.24;0.25;0.084;31.5;2.53;1.23;0.75;0.15;0.5;3.82;75.1;62.5;3.9;1;7.6;0.09;0.1;0.02;0.03
19;100;0;50;0;18.52;3.19;8.88;3.75;3.8;0.223;74.4;17.16;9.34;4.6;0.8;2.59;5.12;167.5;122.3;29.8;5.2;10.2;2.78;0.51;0.21;0.3;0.25;0.26;0.074;25.6;3.11;1.46;0.99;0.15;0.6;3.76;57.5;46.1;2.7;1.2;7.5;0.14;0.05;0.03;0.04
19;100;0;50;50;18.99;3.37;9.87;3.94;3.98;0.222;73.7;18;9.64;4.88;0.88;2.6;5.72;166.6;119.8;30.2;5.2;11.4;2.72;0.72;0.23;0.31;0.34;0.35;0.08;26.3;4.16;1.87;1.33;0.23;0.77;4.15;59.4;47;2.6;1.5;8.3;0.18;0.08;0.04;0.05
19;100;0;50;100;19.86;3.9;10.96;4.25;4.24;0.22;72.3;19.38;10.41;5.34;0.91;2.95;6.31;165.3;115.4;31.4;5.9;12.6;2.6;1.05;0.26;0.33;0.44;0.43;0.082;27.7;5.09;2.33;1.63;0.28;0.95;4.65;63.3;48.4;3.7;1.9;9.3;0.22;0.1;0.04;0.07
19;100;0;100;0;18.89;3.35;9.71;3.85;3.81;0.222;79.3;17.25;9.36;4.71;0.81;2.54;5.53;167.2;121;30.1;5.1;11.1;2.77;0.52;0.22;0.3;0.34;0.35;0.075;20.7;4.41;1.97;1.42;0.27;0.81;4.19;43.5;31;2.5;1.6;8.4;0.21;0.04;0.04;0.06
19;100;0;100;50;19.95;3.93;11.28;3.91;4;0.218;78.2;18.47;9.85;5.14;0.85;2.77;6.47;166.5;116.8;31.2;5.5;12.9;2.65;0.79;0.24;0.32;0.48;0.5;0.078;21.8;6.23;2.86;1.97;0.35;1.16;4.81;46.5;32;2.6;2.3;9.6;0.29;0.07;0.05;0.08
19;100;0;100;100;20.66;4.46;12.37;4.25;4.29;0.216;76.8;19.89;10.76;5.43;0.91;3.1;7.12;165;112.4;32.2;6.2;14.2;2.54;1.14;0.27;0.34;0.64;0.6;0.08;23.2;7.33;3.39;2.33;0.41;1.36;5.25;49.7;32.9;3.5;2.7;10.5;0.34;0.09;0.07;0.1
19;100;50;0;0;18.11;3.72;10.46;5.23;5.25;0.23;69.6;22.9;12.44;6.16;1.03;3.35;6.05;168.9;121;29.2;6.7;12.1;3.88;0.69;0.28;0.39;0.17;0.17;0.069;30.4;1.89;0.9;0.59;0.11;0.37;4.42;73.6;62.1;1.9;0.7;8.8;0.08;0.05;0.02;0.02
19;100;50;0;50;17.86;3.87;11.06;5.43;5.48;0.231;68.7;23.87;12.99;6.45;1.13;3.5;6.37;167.2;118.8;28.7;7;12.7;3.83;0.95;0.3;0.4;0.19;0.2;0.078;31.3;2.1;0.95;0.66;0.11;0.38;4.69;75.9;63;2.7;0.8;9.4;0.08;0.07;0.02;0.03
19;100;50;0;100;17.82;4.08;11.35;5.79;5.83;0.235;67.8;24.88;13.64;6.57;1.1;3.65;6.55;164;115.2;28.4;7.3;13.1;3.75;1.34;0.31;0.43;0.22;0.24;0.085;32.2;2.37;1.09;0.74;0.15;0.44;4.8;77.7;64.6;2.6;0.9;9.6;0.09;0.09;0.02;0.03
19;100;50;50;0;19.27;4.13;11.47;5.18;5.29;0.225;73.8;23.58;12.75;6.45;1.09;3.51;6.62;169.6;118.4;30.9;7;13.2;3.81;0.77;0.31;0.4;0.24;0.26;0.077;26.2;3.12;1.46;0.98;0.15;0.62;4.85;60.1;47.4;1.8;1.2;9.7;0.14;0.05;0.04;0.04
19;100;50;50;50;19.73;4.51;12.66;5.47;5.52;0.224;72.5;24.71;13.43;6.74;1.16;3.74;7.31;168;114.6;31.3;7.5;14.6;3.69;1.09;0.31;0.42;0.33;0.35;0.081;27.5;4.17;1.83;1.37;0.23;0.77;5.35;63.6;48.7;2.7;1.5;10.7;0.19;0.07;0.04;0.05
19;100;50;50;100;20.89;4.85;13.47;5.93;5.93;0.228;73.2;26.17;14.22;7.09;1.2;3.9;7.79;181.5;108.5;49.6;7.8;15.6;3.52;1.63;0.33;0.45;0.42;0.43;0.082;26.8;5.05;2.32;1.61;0.28;0.95;5.69;66.3;50.7;2.4;1.9;11.4;0.24;0.09;0.05;0.06
19;100;50;100;0;19.47;4.35;12.34;5.26;5.35;0.227;78.7;23.64;12.78;6.46;1.09;3.48;7.16;169.3;117.2;30.8;7;14.3;3.76;0.87;0.31;0.4;0.34;0.37;0.077;21.3;4.55;2.11;1.46;0.25;0.88;5.18;45.7;31.9;1.7;1.8;10.4;0.22;0.05;0.05;0.06
19;100;50;100;50;20.58;4.94;13.86;5.67;5.63;0.225;78.7;25.09;13.58;6.83;1.19;3.72;8.04;183.8;111.9;48.4;7.4;16.1;3.63;1.24;0.33;0.43;0.51;0.51;0.08;21.3;6.3;2.96;1.97;0.36;1.22;5.82;49.6;33;2.5;2.4;11.6;0.3;0.07;0.06;0.08
19;100;50;100;100;21.51;5.31;15.13;5.93;5.95;0.226;77.6;26.46;14.3;7.21;1.24;3.89;8.73;181.5;106.5;49.8;7.8;17.5;3.46;1.7;0.35;0.45;0.63;0.62;0.081;22.4;7.57;3.51;2.42;0.41;1.42;6.39;52.3;34.2;2.5;2.8;12.8;0.37;0.09;0.07;0.09
19;100;100;0;0;19.12;4.39;12.25;6.13;6.09;0.226;70.3;27.11;14.75;7.38;1.18;4.01;7.05;183.7;115.8;45.8;8;14.1;4.26;1.03;0.35;0.46;0.16;0.18;0.074;29.7;1.95;0.88;0.6;0.12;0.38;5.21;77.3;64.4;1.8;0.8;10.4;0.08;0.06;0.02;0.03
19;100;100;0;50;18.97;4.45;12.63;6.51;6.52;0.235;69.2;27.91;15.25;7.42;1.3;4.03;7.19;180;112.9;44.7;8.1;14.4;4.18;1.52;0.36;0.47;0.24;0.23;0.083;30.8;2.3;1.06;0.72;0.11;0.42;5.44;80;65.6;2.6;0.8;10.9;0.09;0.09;0.02;0.03
19;100;100;0;100;18.71;4.74;13.15;6.76;6.86;0.238;68.5;28.93;15.78;7.83;1.34;4.29;7.54;177.7;109.9;44.1;8.6;15.1;4.07;1.91;0.38;0.49;0.26;0.27;0.094;31.5;2.53;1.22;0.77;0.13;0.45;5.61;81.5;67;2.5;0.9;11.2;0.1;0.12;0.02;0.03
19;100;100;50;0;19.99;4.72;13.24;6.17;6.21;0.226;74.4;27.58;14.98;7.43;1.29;4.09;7.64;184.4;113.3;47.6;8.2;15.3;4.19;1.18;0.36;0.47;0.27;0.28;0.078;25.6;3.26;1.54;0.98;0.18;0.64;5.6;63.3;49.1;1.7;1.3;11.2;0.15;0.06;0.03;0.04
19;100;100;50;50;20.86;5.17;14.32;6.53;6.6;0.229;73.1;28.88;15.78;7.73;1.35;4.33;8.22;182.8;108.3;49.4;8.7;16.4;3.99;1.74;0.38;0.48;0.39;0.39;0.083;26.9;4.39;2.03;1.41;0.26;0.84;6.11;67.1;50.7;2.5;1.7;12.2;0.2;0.08;0.04;0.06
19;100;100;50;100;21.83;5.35;15.14;6.95;7.06;0.236;72;30.02;16.34;8.08;1.35;4.35;8.72;179.8;102.4;51.2;8.7;17.4;3.77;2.4;0.38;0.5;0.52;0.47;0.086;28;5.31;2.49;1.69;0.27;1;6.42;69.9;52.7;2.4;2;12.8;0.25;0.12;0.05;0.06
19;100;100;100;0;20.49;4.92;14.29;6.29;6.19;0.223;79;27.87;15.04;7.57;1.29;4.06;8.25;183.9;111.3;48;8.1;16.5;4.12;1.26;0.34;0.47;0.36;0.38;0.079;21;4.67;2.1;1.51;0.27;0.86;6.03;48.7;33.2;1.7;1.7;12.1;0.22;0.06;0.04;0.06
19;100;100;100;50;21.49;5.61;15.79;6.57;6.62;0.227;77.7;29.19;15.86;7.99;1.35;4.37;9.23;183;105.7;50;8.7;18.5;3.93;1.81;0.38;0.51;0.52;0.54;0.08;22.3;6.61;3.02;2.14;0.39;1.24;6.56;52.3;34.4;2.3;2.5;13.1;0.32;0.08;0.06;0.08
19;100;100;100;100;22.69;6.06;16.77;7.03;7.11;0.234;76.4;30.45;16.8;7.97;1.42;4.58;9.61;179.6;99;52.3;9.2;19.2;3.68;2.52;0.39;0.52;0.63;0.65;0.082;23.6;7.79;3.58;2.52;0.42;1.48;7.16;55.3;35.9;2.1;3;14.3;0.38;0.1;0.07;0.1
20;0;0;0;0;17.39;1.9;5.31;1.76;1.75;0.177;81.7;9.94;5.14;2.85;0.48;1.57;3.07;283.4;243.7;30.4;3.1;6.1;0.92;0.51;0.14;0.18;0.14;0.14;0.062;18.3;1.75;0.8;0.57;0.11;0.32;2.24;63.3;56.4;1.8;0.6;4.5;0.07;0.03;0.02;0.02
20;0;0;0;50;17.36;2.01;5.7;2.04;1.98;0.184;81.4;10.8;5.67;3.07;0.54;1.68;3.29;280.9;240.9;30.1;3.4;6.6;0.93;0.7;0.15;0.2;0.14;0.15;0.064;18.6;1.78;0.83;0.56;0.1;0.33;2.42;64.1;56.9;1.8;0.7;4.8;0.07;0.04;0.02;0.02
20;0;0;0;100;17.1;2.19;6.33;2.17;2.15;0.183;80.6;11.72;6.05;3.36;0.59;1.81;3.71;276.7;236.4;29.3;3.6;7.4;0.9;0.87;0.16;0.21;0.18;0.19;0.072;19.4;2.16;1.01;0.71;0.11;0.38;2.63;66.4;57.8;2.6;0.8;5.3;0.08;0.06;0.02;0.03
20;0;0;50;0;18.02;2.11;6.23;1.78;1.8;0.177;84.8;10.26;5.2;3.04;0.5;1.57;3.59;283;241.7;31;3.1;7.2;0.94;0.53;0.13;0.2;0.24;0.23;0.071;15.2;2.93;1.34;0.93;0.17;0.54;2.64;50.6;42.4;1.8;1.1;5.3;0.14;0.03;0.03;0.04
20;0;0;50;50;18.49;2.58;7.18;1.96;2.03;0.18;84.1;11.34;5.91;3.17;0.56;1.8;4.13;279;235.8;31.4;3.6;8.3;0.9;0.76;0.17;0.2;0.31;0.32;0.075;15.9;4;1.86;1.27;0.23;0.78;3.05;52.7;43.3;1.7;1.6;6.1;0.19;0.04;0.04;0.05
20;0;0;50;100;19.18;2.9;8.22;2.45;2.38;0.185;83;12.91;6.76;3.64;0.6;2.01;4.8;272.9;227.2;32.1;4;9.6;0.89;1.08;0.17;0.23;0.39;0.39;0.077;17;4.9;2.2;1.58;0.28;0.89;3.42;55.7;44.5;2.5;1.8;6.8;0.23;0.05;0.04;0.06
20;0;0;100;0;18.16;2.37;6.8;1.69;1.75;0.176;88.3;9.93;5.07;2.85;0.5;1.57;3.92;283.5;241.7;30.8;3.1;7.8;0.92;0.52;0.13;0.17;0.34;0.34;0.074;11.7;4.33;1.93;1.42;0.23;0.8;2.88;37.4;28.4;1.7;1.6;5.8;0.21;0.03;0.04;0.06
20;0;0;100;50;19.26;3.03;8.56;1.98;2.04;0.176;87.1;11.6;5.97;3.3;0.56;1.87;4.93;276.5;231;31.9;3.7;9.9;0.87;0.8;0.16;0.2;0.48;0.47;0.075;12.9;6.11;2.78;2.03;0.33;1.16;3.63;40.6;29.4;1.7;2.3;7.3;0.3;0.04;0.05;0.08
20;0;0;100;100;20.04;3.58;9.99;2.37;2.42;0.183;85.9;13.31;6.92;3.77;0.59;2.17;5.74;270.7;222.4;32.5;4.3;11.5;0.86;1.15;0.18;0.24;0.58;0.59;0.077;14.1;7.51;3.39;2.42;0.44;1.41;4.25;44.1;30.2;2.5;2.8;8.5;0.37;0.06;0.07;0.1
20;0;50;0;0;18.19;2.23;6.18;2.06;2.03;0.172;80.9;11.83;6.08;3.39;0.58;1.9;3.55;277.9;235.5;31.5;3.8;7.1;0.9;0.74;0.17;0.21;0.16;0.16;0.068;19.1;1.81;0.83;0.55;0.11;0.34;2.63;65.6;57.9;1.7;0.7;5.3;0.07;0.04;0.02;0.02
20;0;50;0;50;18.09;2.52;6.85;2.4;2.33;0.178;80.1;13.15;6.86;3.73;0.67;2.15;3.95;272.1;228.9;31;4.3;7.9;0.88;1.03;0.18;0.25;0.17;0.18;0.071;19.9;2.02;0.93;0.64;0.1;0.37;2.91;67.5;59.2;1.7;0.7;5.8;0.08;0.06;0.02;0.02
20;0;50;0;100;17.72;2.61;7.32;2.74;2.71;0.193;79.3;14.11;7.36;4.04;0.67;2.18;4.29;267.9;224.8;30.1;4.4;8.6;0.86;1.41;0.19;0.26;0.2;0.22;0.085;20.7;2.24;1.04;0.73;0.13;0.43;3.03;69.5;60;2.6;0.9;6.1;0.09;0.09;0.02;0.03
20;0;50;50;0;18.62;2.54;7.24;2.11;2.1;0.17;83.9;12.4;6.34;3.64;0.61;1.98;4.17;276;231.9;31.8;4;8.3;0.91;0.79;0.17;0.23;0.28;0.26;0.075;16.1;3.14;1.43;1.02;0.18;0.56;3.07;52.8;43.9;1.7;1.1;6.1;0.15;0.04;0.03;0.04
20;0;50;50;50;19.49;2.96;8.43;2.48;2.43;0.173;82.9;14.06;7.19;4.02;0.7;2.19;5.03;269.7;222.4;32.9;4.4;10.1;0.83;1.14;0.19;0.27;0.35;0.34;0.077;17.1;4.15;1.88;1.36;0.22;0.77;3.4;55.3;45.2;1.7;1.5;6.8;0.19;0.05;0.04;0.05
20;0;50;50;100;20.43;3.46;9.71;3.04;3;0.189;82.4;15.96;8.34;4.45;0.76;2.46;5.62;278.5;211.4;51;4.9;11.2;0.82;1.68;0.23;0.28;0.43;0.45;0.083;17.6;5.28;2.44;1.73;0.3;0.99;4.09;59.4;46.8;2.5;2;8.2;0.25;0.08;0.06;0.07
20;0;50;100;0;19.24;2.91;8.18;2.11;2.2;0.173;87.2;12.77;6.49;3.74;0.64;2.03;4.74;274;228.1;32.4;4.1;9.5;0.88;0.91;0.17;0.24;0.34;0.35;0.076;12.8;4.47;2.1;1.37;0.25;0.88;3.44;40;29.7;1.7;1.8;6.9;0.22;0.04;0.04;0.05
20;0;50;100;50;20.18;3.51;9.84;2.59;2.56;0.178;86.8;14.4;7.46;4.12;0.7;2.31;5.7;283.5;217.5;50;4.6;11.4;0.8;1.29;0.2;0.26;0.48;0.51;0.078;13.2;6.44;2.89;2.05;0.37;1.2;4.13;42.9;30.7;1.5;2.4;8.3;0.31;0.05;0.07;0.08
20;0;50;100;100;21.11;4.07;11.46;3.04;3.05;0.187;85.5;16.37;8.56;4.73;0.74;2.56;6.63;277.2;207.2;51.6;5.1;13.3;0.78;1.75;0.23;0.3;0.61;0.63;0.08;14.5;7.68;3.53;2.5;0.45;1.5;4.83;46.7;31.7;2.3;3;9.7;0.37;0.08;0.07;0.1
20;0;100;0;0;18.98;2.67;7.37;2.45;2.42;0.167;80.5;14.51;7.45;4.13;0.69;2.32;4.23;284.9;222.8;49;4.6;8.5;0.87;1.1;0.2;0.26;0.16;0.16;0.068;19.5;1.85;0.83;0.6;0.09;0.35;3.15;69;60.4;1.7;0.7;6.3;0.07;0.05;0.02;0.02
20;0;100;0;50;18.96;2.82;7.82;2.98;2.95;0.189;79.8;15.68;8.19;4.47;0.73;2.44;4.55;278.8;216.4;48.4;4.9;9.1;0.82;1.65;0.21;0.28;0.2;0.19;0.08;20.2;2;0.96;0.61;0.1;0.39;3.27;70.5;61.6;1.5;0.8;6.5;0.08;0.07;0.02;0.02
20;0;100;0;100;18.8;3.04;8.45;3.44;3.38;0.201;78.8;16.91;8.97;4.65;0.84;2.57;4.9;273.1;210.5;47.6;5.1;9.8;0.82;2.05;0.23;0.29;0.23;0.24;0.089;21.2;2.34;1.15;0.69;0.13;0.47;3.55;73.1;62.7;2.3;0.9;7.1;0.09;0.1;0.02;0.03
20;0;100;50;0;19.65;2.92;8.6;2.59;2.58;0.171;83.4;15.08;7.77;4.32;0.75;2.34;4.95;282.4;218.1;49.8;4.7;9.9;0.85;1.27;0.2;0.27;0.25;0.27;0.077;16.6;3.27;1.48;1.05;0.18;0.58;3.65;55.9;45.8;1.6;1.2;7.3;0.15;0.05;0.03;0.04
20;0;100;50;50;20.4;3.49;9.88;3.1;3.14;0.186;82.4;16.86;8.81;4.84;0.84;2.67;5.71;276.2;208.4;51.1;5.3;11.4;0.79;1.81;0.23;0.31;0.36;0.38;0.082;17.6;4.45;2.04;1.44;0.25;0.82;4.18;58.8;47.2;1.6;1.6;8.4;0.21;0.08;0.05;0.05
20;0;100;50;100;21.27;3.93;10.96;3.81;3.8;0.204;81.1;18.68;9.95;5.18;0.9;2.87;6.38;269.1;197.9;52.7;5.7;12.8;0.74;2.49;0.25;0.33;0.47;0.48;0.084;18.9;5.54;2.53;1.77;0.3;1.06;4.58;62.3;48.7;2.3;2.1;9.2;0.26;0.1;0.05;0.07
20;0;100;100;0;20.23;3.41;9.64;2.68;2.65;0.169;86.7;15.7;8.07;4.54;0.77;2.52;5.53;280;213.3;50.7;5;11.1;0.81;1.33;0.22;0.29;0.38;0.39;0.077;13.3;4.82;2.21;1.57;0.24;0.9;4.12;42.8;31.1;1.7;1.8;8.2;0.23;0.04;0.05;0.07
20;0;100;100;50;21.28;3.99;11.36;3.2;3.24;0.186;85.6;17.45;9.04;4.95;0.87;2.71;6.58;273.7;203.1;52.1;5.4;13.2;0.79;1.88;0.25;0.31;0.54;0.56;0.079;14.4;6.82;3.11;2.26;0.35;1.28;4.78;45.7;32.1;1.5;2.6;9.6;0.33;0.07;0.07;0.09
20;0;100;100;100;22.39;4.51;12.82;3.93;3.97;0.203;84.3;19.61;10.28;5.48;0.97;2.98;7.47;265.3;190;54.4;6;14.9;0.72;2.65;0.27;0.34;0.63;0.66;0.081;15.7;8.02;3.71;2.59;0.42;1.53;5.36;49.1;33.3;2;3.1;10.7;0.39;0.09;0.08;0.1
20;50;0;0;0;17.56;2.33;6.65;2.89;2.78;0.207;78.1;13.5;7.24;3.73;0.62;2;3.91;227.9;186.2;29.9;4;7.8;1.87;0.5;0.17;0.24;0.14;0.14;0.06;21.9;1.74;0.8;0.54;0.08;0.33;2.75;63.7;55.5;2;0.7;5.5;0.07;0.03;0.02;0.02
20;50;0;0;50;17.23;2.57;7.13;2.89;2.98;0.209;77.7;14.33;7.63;4;0.69;2.21;4.22;225.3;183.2;29.3;4.4;8.4;1.83;0.68;0.2;0.26;0.14;0.16;0.066;22.3;1.94;0.88;0.62;0.12;0.37;2.91;64.6;56.3;1.8;0.7;5.8;0.08;0.04;0.02;0.02
20;50;0;0;100;17.18;2.71;7.69;3.15;3.12;0.207;76.9;15.19;8.03;4.36;0.71;2.3;4.57;222.9;180.4;28.8;4.6;9.1;1.78;0.86;0.2;0.28;0.19;0.2;0.076;23.1;2.12;1;0.66;0.1;0.41;3.12;66.8;57;2.7;0.8;6.2;0.08;0.07;0.02;0.03
20;50;0;50;0;17.94;2.63;7.51;2.83;2.81;0.207;81.6;13.71;7.24;3.85;0.66;2.05;4.35;227.7;184.6;30.3;4.1;8.7;1.88;0.52;0.18;0.24;0.23;0.23;0.071;18.4;2.94;1.35;0.91;0.18;0.58;3.16;51.1;41.8;1.8;1.2;6.3;0.14;0.03;0.03;0.04
20;50;0;50;50;18.7;3.06;8.34;2.97;2.97;0.204;80.8;14.61;7.75;4.04;0.68;2.29;4.78;224.3;179.1;31.1;4.6;9.6;1.76;0.76;0.2;0.25;0.3;0.32;0.076;19.2;3.95;1.86;1.23;0.2;0.77;3.56;53.3;42.9;1.8;1.5;7.1;0.18;0.04;0.04;0.05
20;50;0;50;100;19.44;3.36;9.58;3.29;3.31;0.205;79.6;16.22;8.57;4.62;0.78;2.44;5.54;220.8;172.8;32.1;4.9;11.1;1.73;1.07;0.22;0.29;0.37;0.39;0.078;20.4;4.82;2.21;1.54;0.27;0.92;4.04;56.5;44.1;2.5;1.8;8.1;0.23;0.06;0.05;0.06
20;50;0;100;0;18.47;2.9;8.23;2.77;2.74;0.204;85.4;13.53;7.08;3.79;0.67;2.04;4.78;226.8;182.6;30.5;4.1;9.6;1.81;0.53;0.17;0.24;0.36;0.35;0.075;14.6;4.4;2.04;1.42;0.26;0.86;3.44;38.7;28.2;1.9;1.7;6.9;0.21;0.03;0.04;0.06
20;50;0;100;50;19.47;3.39;9.82;3.02;3.03;0.202;84.3;15.02;7.94;4.25;0.68;2.25;5.63;223.6;176.2;31.7;4.5;11.3;1.78;0.79;0.2;0.26;0.5;0.48;0.076;15.7;6.1;2.76;1.98;0.33;1.14;4.2;41.4;29;1.8;2.3;8.4;0.3;0.04;0.06;0.08
20;50;0;100;100;20.19;3.89;11.22;3.37;3.35;0.203;83.1;16.56;8.73;4.67;0.84;2.53;6.51;220;169.6;32.3;5.1;13;1.71;1.13;0.21;0.29;0.6;0.57;0.077;16.9;7.26;3.35;2.32;0.4;1.36;4.71;44.5;29.9;2.5;2.7;9.4;0.36;0.06;0.06;0.09
20;50;50;0;0;18.22;2.9;8.34;3.53;3.57;0.208;77.4;17.22;9.13;4.78;0.84;2.55;4.9;226.6;181.1;30.6;5.1;9.8;2.32;0.73;0.22;0.31;0.14;0.16;0.067;22.6;1.82;0.8;0.62;0.1;0.34;3.44;66.2;56.8;1.8;0.7;6.9;0.07;0.04;0.02;0.02
20;50;50;0;50;18.19;3.12;9.05;3.91;3.91;0.21;76.6;18.75;9.98;5.28;0.89;2.77;5.34;222.8;176.2;30.5;5.5;10.7;2.31;1.02;0.24;0.34;0.18;0.18;0.072;23.4;1.99;0.9;0.65;0.11;0.35;3.72;67.9;58.1;1.8;0.7;7.4;0.08;0.06;0.02;0.03
20;50;50;0;100;18.07;3.32;9.28;4.23;4.24;0.218;75.5;19.53;10.48;5.33;0.9;2.93;5.32;217.7;171.3;29.9;5.9;10.6;2.22;1.42;0.27;0.34;0.25;0.22;0.082;24.5;2.25;1.06;0.69;0.15;0.39;3.96;70.4;59.3;2.5;0.8;7.9;0.09;0.09;0.02;0.03
20;50;50;50;0;18.82;3.27;9.3;3.68;3.66;0.206;80.9;17.8;9.56;4.84;0.87;2.75;5.48;226.1;178.3;31.3;5.5;11;2.34;0.78;0.23;0.3;0.2;0.24;0.073;19.1;3.02;1.3;1.03;0.19;0.52;3.82;53.4;43;1.7;1;7.6;0.14;0.04;0.03;0.04
20;50;50;50;50;19.74;3.73;10.43;3.98;3.94;0.205;79.5;19.32;10.25;5.33;0.94;2.96;6.01;220.8;170.4;32.5;5.9;12;2.21;1.13;0.26;0.35;0.34;0.34;0.078;20.5;4.12;1.89;1.3;0.23;0.77;4.42;56.6;44.5;1.7;1.5;8.8;0.19;0.06;0.04;0.05
20;50;50;50;100;20.47;4.1;11.59;4.5;4.4;0.213;79.4;20.74;11.18;5.72;0.94;3.1;6.72;232.9;163.5;49.8;6.2;13.4;2.13;1.63;0.27;0.36;0.39;0.45;0.084;20.6;5.28;2.42;1.67;0.32;1.01;4.87;60.2;45.9;2.6;2;9.7;0.24;0.09;0.05;0.07
20;50;50;100;0;19.33;3.7;10.09;3.72;3.74;0.207;84.5;18.13;9.71;4.91;0.85;2.83;5.91;224.4;175.3;31.6;5.7;11.8;2.29;0.9;0.24;0.31;0.38;0.36;0.076;15.5;4.54;2.06;1.49;0.24;0.86;4.17;41;29.1;1.8;1.7;8.3;0.22;0.04;0.05;0.05
20;50;50;100;50;20.31;4.17;11.81;4.06;4.07;0.209;84.2;19.58;10.46;5.4;0.88;2.98;6.85;236.3;167.7;48.9;6;13.7;2.23;1.26;0.26;0.33;0.51;0.5;0.077;15.8;6.36;2.85;2.09;0.34;1.19;4.97;44;30.1;1.6;2.4;9.9;0.31;0.05;0.06;0.08
20;50;50;100;100;21.41;4.65;13.15;4.6;4.43;0.211;82.9;21.1;11.29;5.84;0.99;3.13;7.62;231.9;159.6;50.8;6.3;15.2;2.08;1.71;0.27;0.37;0.58;0.63;0.081;17.1;7.65;3.52;2.51;0.41;1.51;5.53;47.7;31.2;2.5;3;11.1;0.37;0.09;0.07;0.1
20;50;100;0;0;19.28;3.67;10.09;4.69;4.53;0.208;77.3;21.91;11.75;6.04;1.04;3.34;5.82;238.3;172;48;6.7;11.6;2.77;1.08;0.3;0.39;0.16;0.17;0.071;22.7;1.8;0.84;0.58;0.1;0.33;4.27;70;59.1;1.6;0.7;8.5;0.07;0.05;0.02;0.02
20;50;100;0;50;19.23;3.73;10.49;5;4.95;0.22;76.3;22.59;12.14;6.17;1.02;3.32;6.05;234.1;167.8;47.6;6.6;12.1;2.67;1.61;0.29;0.38;0.2;0.21;0.082;23.7;2.08;0.99;0.65;0.11;0.41;4.44;72.4;60.2;2.5;0.8;8.9;0.08;0.08;0.02;0.02
20;50;100;0;100;18.86;3.87;11.17;5.44;5.34;0.225;75.6;23.76;12.86;6.48;1.1;3.45;6.52;229.3;163.1;46.3;6.9;13;2.62;2;0.29;0.42;0.23;0.25;0.092;24.4;2.39;1.13;0.76;0.13;0.42;4.65;74;61.4;2.4;0.8;9.3;0.09;0.11;0.02;0.03
20;50;100;50;0;19.89;3.95;11.21;4.66;4.59;0.208;80.5;22.18;11.76;6.16;1.11;3.3;6.51;237;168.4;49;6.6;13;2.67;1.25;0.28;0.4;0.3;0.28;0.078;19.5;3.32;1.56;1.07;0.18;0.65;4.69;57.3;44.9;1.7;1.3;9.4;0.15;0.06;0.04;0.04
20;50;100;50;50;20.83;4.42;12.32;5.11;5.11;0.215;79.2;23.83;12.74;6.55;1.13;3.56;7.17;232.9;160.7;50.8;7.1;14.3;2.58;1.8;0.32;0.42;0.36;0.38;0.083;20.8;4.36;2.06;1.39;0.25;0.86;5.15;60.9;46.4;2.5;1.7;10.3;0.2;0.08;0.05;0.05
20;50;100;50;100;21.6;4.72;13.39;5.59;5.61;0.225;78.2;24.98;13.51;6.85;1.12;3.7;7.74;227.9;153;52;7.4;15.5;2.42;2.43;0.32;0.43;0.49;0.48;0.085;21.8;5.46;2.53;1.74;0.28;1.01;5.65;63.5;47.9;2.3;2;11.3;0.26;0.1;0.06;0.06
20;50;100;100;0;20.59;4.34;12.25;4.66;4.63;0.206;84.2;22.63;12.12;6.28;1.04;3.49;7.11;236;164.9;49.9;7;14.2;2.62;1.31;0.31;0.4;0.39;0.38;0.077;15.8;4.7;2.15;1.5;0.3;0.85;5.14;44.1;30.5;1.6;1.7;10.3;0.23;0.05;0.04;0.06
20;50;100;100;50;21.52;5.04;13.79;5.17;5.08;0.214;82.7;23.89;12.87;6.48;1.11;3.67;7.98;231.4;157.2;50.9;7.3;16;2.51;1.86;0.31;0.41;0.55;0.57;0.08;17.3;6.89;3.16;2.21;0.38;1.36;5.81;48.2;31.5;2.4;2.7;11.6;0.33;0.08;0.07;0.08
20;50;100;100;100;22.52;5.3;15;5.89;5.69;0.223;81.6;25.52;13.96;6.83;1.21;3.78;8.71;226.1;148.1;53;7.6;17.4;2.35;2.58;0.33;0.43;0.67;0.67;0.082;18.4;8;3.63;2.6;0.47;1.52;6.29;50.7;32.6;2.4;3;12.6;0.39;0.11;0.07;0.1
20;100;0;0;0;17.75;2.89;8.05;3.94;3.85;0.224;72.5;17.28;9.48;4.6;0.79;2.55;4.66;169.4;125.3;29.7;5.1;9.3;2.84;0.5;0.22;0.29;0.14;0.14;0.063;27.5;1.73;0.8;0.54;0.1;0.34;3.39;64.3;55;1.9;0.7;6.8;0.07;0.03;0.02;0.02
20;100;0;0;50;17.54;3;8.53;4.07;4.02;0.225;72;17.94;9.73;4.9;0.83;2.62;4.98;168.3;123.9;29.2;5.2;10;2.8;0.68;0.22;0.31;0.15;0.17;0.068;28;1.92;0.91;0.6;0.1;0.38;3.55;65.2;55.6;1.8;0.8;7.1;0.08;0.05;0.02;0.02
20;100;0;0;100;17.29;3.31;8.92;4.21;4.16;0.222;71;18.84;10.28;4.98;0.93;2.9;5.17;165.7;121;28.5;5.8;10.3;2.71;0.86;0.27;0.32;0.2;0.2;0.077;29;2.22;1.02;0.75;0.12;0.41;3.75;67.6;56.7;2.6;0.8;7.5;0.09;0.07;0.02;0.03
20;100;0;50;0;18.24;3.16;8.83;3.91;3.85;0.224;76.6;17.34;9.43;4.73;0.82;2.59;5.09;169.8;124.4;30.1;5.2;10.2;2.82;0.51;0.22;0.3;0.25;0.24;0.07;23.4;2.98;1.36;0.94;0.19;0.57;3.75;51.9;41.4;1.9;1.1;7.5;0.14;0.03;0.03;0.04
20;100;0;50;50;18.87;3.47;9.79;3.96;4;0.222;75.8;18.13;9.72;4.97;0.85;2.71;5.64;168.9;121.6;30.6;5.4;11.3;2.73;0.73;0.24;0.3;0.3;0.32;0.077;24.2;3.98;1.81;1.31;0.22;0.76;4.14;54;42.2;1.9;1.5;8.3;0.18;0.05;0.04;0.05
20;100;0;50;100;19.58;3.85;10.87;4.34;4.28;0.219;74.5;19.59;10.65;5.25;0.92;2.9;6.42;167;116.9;31.5;5.8;12.8;2.61;1.07;0.25;0.34;0.39;0.41;0.079;25.5;4.98;2.29;1.6;0.28;0.95;4.45;57;43.6;2.6;1.9;8.9;0.23;0.07;0.05;0.06
20;100;0;100;0;18.63;3.31;9.68;3.81;3.84;0.222;81.2;17.39;9.32;4.74;0.81;2.52;5.61;170;123.5;30.3;5;11.2;2.81;0.52;0.22;0.3;0.3;0.32;0.074;18.8;4.19;1.91;1.38;0.23;0.8;4.07;39.4;27.9;1.8;1.6;8.1;0.2;0.03;0.04;0.05
20;100;0;100;50;19.43;3.96;11.06;4.07;4.03;0.218;80;18.56;10;5.01;0.93;2.77;6.45;168.6;119;31.2;5.5;12.9;2.67;0.79;0.25;0.33;0.47;0.48;0.077;20;6.05;2.76;1.95;0.32;1.18;4.61;42.1;28.7;1.8;2.4;9.2;0.3;0.05;0.06;0.08
20;100;0;100;100;20.26;4.39;12.37;4.35;4.32;0.217;78.6;19.97;10.79;5.48;0.94;3.02;7.12;166.6;114.3;32.1;6;14.2;2.58;1.13;0.26;0.34;0.58;0.58;0.078;21.4;7.3;3.3;2.39;0.39;1.37;5.25;45.3;29.6;2.4;2.7;10.5;0.36;0.06;0.07;0.09
20;100;50;0;0;18.55;3.77;10.6;5.25;5.32;0.229;72;23.36;12.61;6.31;1.12;3.42;6.2;172.9;123.4;30.3;6.8;12.4;3.89;0.71;0.3;0.41;0.16;0.16;0.069;28;1.77;0.86;0.52;0.11;0.34;4.41;67.1;55.8;1.8;0.7;8.8;0.07;0.05;0.02;0.02
20;100;50;0;50;18.23;3.92;11.05;5.59;5.53;0.23;71.1;24.16;13.22;6.51;1.18;3.53;6.48;170.5;121;29.5;7.1;13;3.83;0.96;0.31;0.42;0.19;0.19;0.075;28.9;2.02;0.98;0.61;0.1;0.39;4.58;69.2;56.7;2.6;0.8;9.2;0.08;0.07;0.02;0.02
20;100;50;0;100;18.06;4.07;11.24;5.78;5.78;0.234;70.2;24.73;13.55;6.49;1.16;3.62;6.53;167.3;118.1;28.9;7.2;13.1;3.7;1.35;0.32;0.41;0.22;0.24;0.084;29.8;2.36;1.09;0.73;0.13;0.46;4.71;70.8;57.8;2.6;0.9;9.4;0.09;0.1;0.02;0.03
20;100;50;50;0;19.02;3.98;11.33;5.32;5.24;0.226;75.8;23.3;12.71;6.21;1.09;3.44;6.54;172;121.4;30.6;6.9;13.1;3.79;0.76;0.3;0.39;0.26;0.25;0.074;24.2;3.06;1.36;1.02;0.17;0.54;4.79;54.7;42.3;1.8;1.1;9.6;0.14;0.05;0.03;0.04
20;100;50;50;50;19.75;4.47;12.39;5.6;5.51;0.224;74.6;24.72;13.46;6.7;1.11;3.69;7.23;170.4;116.8;31.7;7.4;14.5;3.66;1.1;0.32;0.42;0.34;0.34;0.08;25.4;4.05;1.86;1.31;0.23;0.79;5.16;58;43.6;2.6;1.6;10.3;0.18;0.07;0.04;0.05
20;100;50;50;100;20.77;4.74;13.55;6.06;5.87;0.228;75;25.83;14.16;6.9;1.15;3.77;7.8;183.8;111.7;48.9;7.5;15.6;3.51;1.59;0.33;0.44;0.44;0.45;0.083;25;5.23;2.39;1.73;0.3;0.97;5.75;61.2;45.1;2.7;1.9;11.5;0.24;0.1;0.05;0.07
20;100;50;100;0;19.6;4.36;12.55;5.31;5.36;0.226;80;23.81;12.8;6.67;1.08;3.53;7.21;171.8;119.3;31;7.1;14.4;3.76;0.88;0.3;0.42;0.37;0.35;0.076;20;4.45;2.03;1.46;0.27;0.83;5.34;42.8;28.7;1.8;1.7;10.7;0.21;0.04;0.04;0.06
20;100;50;100;50;20.62;4.84;13.92;5.62;5.59;0.225;80;24.95;13.61;6.72;1.11;3.6;8.05;185.7;114.1;48.3;7.2;16.1;3.6;1.25;0.32;0.43;0.49;0.51;0.078;20;6.38;3;2;0.32;1.24;5.87;46.4;29.7;2.5;2.5;11.7;0.31;0.07;0.06;0.08
20;100;50;100;100;21.51;5.35;14.87;6.06;5.88;0.226;79;26.14;14.39;6.9;1.25;3.9;8.58;183.7;108.8;49.9;7.8;17.2;3.4;1.68;0.35;0.44;0.62;0.62;0.081;21;7.58;3.52;2.43;0.43;1.45;6.28;48.6;30.7;2.4;2.9;12.6;0.37;0.09;0.07;0.1
20;100;100;0;0;19.58;4.4;12.6;6.17;6.13;0.224;72.5;27.46;14.93;7.53;1.28;4.03;7.3;187.6;117.9;47.1;8.1;14.6;4.26;1.06;0.34;0.47;0.17;0.18;0.075;27.5;1.94;0.93;0.62;0.1;0.38;5.3;71;57.9;1.7;0.8;10.6;0.08;0.06;0.02;0.03
20;100;100;0;50;19.31;4.61;12.71;6.57;6.55;0.234;71.6;28.11;15.41;7.49;1.36;4.18;7.28;184.4;115;46.4;8.4;14.6;4.16;1.57;0.35;0.46;0.22;0.22;0.083;28.4;2.16;1.04;0.7;0.09;0.42;5.43;73.2;59;2.5;0.8;10.9;0.08;0.09;0.02;0.03
20;100;100;0;100;19.21;4.66;12.96;6.92;6.86;0.237;70.7;29.01;16.04;7.6;1.32;4.21;7.53;180.7;111.7;45.5;8.4;15.1;4.03;1.97;0.37;0.48;0.29;0.27;0.097;29.3;2.46;1.17;0.77;0.14;0.45;5.43;74.7;60.3;2.7;0.9;10.9;0.09;0.13;0.02;0.03
20;100;100;50;0;20.07;4.74;13.15;6.24;6.23;0.225;76.3;27.75;15.01;7.53;1.21;4.12;7.6;186.8;115.5;47.8;8.2;15.2;4.2;1.21;0.36;0.47;0.29;0.28;0.079;23.7;3.31;1.5;1.08;0.19;0.61;5.55;58;44;1.8;1.2;11.1;0.15;0.06;0.03;0.04
20;100;100;50;50;20.97;5.11;14.29;6.61;6.63;0.228;75;29.11;15.94;7.82;1.3;4.28;8.33;184.8;109.7;49.9;8.6;16.7;3.98;1.77;0.37;0.51;0.36;0.37;0.083;25;4.32;1.98;1.38;0.23;0.83;5.96;61.6;45.6;2.4;1.7;11.9;0.2;0.08;0.04;0.05
20;100;100;50;100;21.66;5.38;15.21;7.21;7.06;0.236;73.9;30.01;16.58;8.03;1.32;4.36;8.82;182.5;104.9;51.2;8.7;17.6;3.78;2.39;0.39;0.5;0.47;0.49;0.087;26.1;5.51;2.51;1.82;0.28;1.02;6.39;64.2;47;2.3;2;12.8;0.26;0.11;0.06;0.07
20;100;100;100;0;20.67;4.96;14.28;6.22;6.2;0.223;80.5;28.01;15.16;7.6;1.31;4.15;8.25;186.9;113.5;48.6;8.3;16.5;4.09;1.28;0.36;0.48;0.38;0.38;0.079;19.5;4.62;2.06;1.53;0.25;0.81;6.03;45.2;29.8;1.7;1.6;12.1;0.22;0.06;0.04;0.06
20;100;100;100;50;21.77;5.58;15.6;6.61;6.57;0.227;78.9;29.06;15.97;7.68;1.36;4.31;8.96;184.3;107;50.7;8.6;17.9;3.85;1.85;0.4;0.48;0.53;0.53;0.079;21.1;6.53;3.12;2.06;0.34;1.27;6.64;49.3;31;2.4;2.5;13.3;0.32;0.08;0.06;0.08
20;100;100;100;100;22.48;5.88;16.68;7.18;7.07;0.234;77.9;30.27;16.64;8.08;1.38;4.38;9.63;181.5;101.4;52;8.8;19.3;3.67;2.51;0.38;0.51;0.67;0.66;0.082;22.1;7.9;3.62;2.52;0.43;1.51;7.04;51.4;32.1;2.2;3;14.1;0.39;0.1;0.08;0.1