StrengthRatio;AttackA_Verticality;DefenseA_DefensiveLine;AttackB_Verticality;DefenseB_DefensiveLine;Seq_CountersCount;Seq_CornersCount;Seq_LooseBallsCount;TeamA_Goals;TeamA_TotalXG;TeamA_XGPerShot;TeamA_PossessionShare;TeamA_ShotsTotal;TeamA_ShotsOnTarget;TeamA_ShotsBlocked;TeamA_ShotsWoodwork;TeamA_CornersWon;TeamA_LooseBallsWon;TeamA_PassesTotal;TeamA_PassesOpenPlay;TeamA_PassesCounterAttack;TeamA_PassesCorner;TeamA_PassesLooseBall;TeamA_XGOpenPlay;TeamA_XGCounterAttack;TeamA_XGCorner;TeamA_XGLooseBall;TeamB_Goals;TeamB_TotalXG;TeamB_XGPerShot;TeamB_PossessionShare;TeamB_ShotsTotal;TeamB_ShotsOnTarget;TeamB_ShotsBlocked;TeamB_ShotsWoodwork;TeamB_CornersWon;TeamB_LooseBallsWon;TeamB_PassesTotal;TeamB_PassesOpenPlay;TeamB_PassesCounterAttack;TeamB_PassesCorner;TeamB_PassesLooseBall;TeamB_XGOpenPlay;TeamB_XGCounterAttack;TeamB_XGCorner;TeamB_XGLooseBall
-15;0;0;0;0;13.73;1.74;4.87;0.32;0.33;0.088;49.9;3.54;1.61;1.13;0.19;0.65;2.12;178.4;167;5.8;1.3;4.2;0.15;0.1;0.03;0.05;1.72;1.78;0.248;50.1;7.21;3.99;1.9;0.3;1.09;2.74;179.4;153;18.8;2.2;5.5;1.02;0.45;0.12;0.18
-15;0;0;0;50;13.22;1.74;4.97;0.34;0.33;0.09;49.9;3.35;1.6;1.03;0.18;0.61;2.19;178.2;167.8;4.7;1.2;4.4;0.14;0.11;0.03;0.05;1.82;1.89;0.249;50.1;7.63;4.17;2.05;0.34;1.13;2.77;178.9;152.2;18.9;2.3;5.5;1.09;0.47;0.14;0.19
-15;0;0;0;100;13.01;1.9;5.35;0.3;0.33;0.091;50.3;3.32;1.5;1.07;0.2;0.61;2.33;179.9;170.3;3.8;1.2;4.7;0.15;0.1;0.03;0.04;2;2.08;0.246;49.7;8.45;4.68;2.23;0.35;1.29;3.02;177.5;149.7;19.2;2.6;6;1.11;0.61;0.16;0.2
-15;0;0;50;0;15.25;2.13;6;0.39;0.39;0.092;55.3;4.03;1.93;1.22;0.21;0.76;2.65;179.2;163.7;8.7;1.5;5.3;0.14;0.15;0.04;0.06;2.82;2.73;0.28;44.7;9.8;5.74;2.43;0.41;1.36;3.35;144.8;117.2;18.1;2.7;6.7;1.92;0.42;0.16;0.23
-15;0;0;50;50;15.01;2.35;6.6;0.4;0.43;0.098;55.1;4.11;1.99;1.25;0.2;0.77;2.91;179.1;163.9;7.9;1.5;5.8;0.14;0.18;0.04;0.06;3.17;3.17;0.282;44.9;11.23;6.47;2.83;0.47;1.58;3.7;145.9;117.1;18.3;3.2;7.4;2.26;0.47;0.19;0.25
-15;0;0;50;100;14.71;2.59;7.38;0.43;0.43;0.102;55.3;4.03;1.93;1.27;0.2;0.75;3.35;180.7;165.9;6.6;1.5;6.7;0.14;0.2;0.04;0.06;3.73;3.73;0.284;44.7;13.16;7.56;3.29;0.58;1.85;4.02;146.1;115.5;18.8;3.7;8;2.61;0.6;0.22;0.3
-15;0;0;100;0;17.06;2.55;7.4;0.47;0.45;0.095;62.3;4.55;2.11;1.43;0.24;0.81;3.33;181;160.8;12;1.6;6.7;0.13;0.21;0.05;0.06;3.43;3.58;0.292;37.7;12.29;7.08;3.16;0.52;1.75;4.08;109.4;79.6;18.1;3.5;8.2;2.66;0.43;0.2;0.28
-15;0;0;100;50;16.68;2.77;8.09;0.51;0.52;0.106;61.8;4.79;2.27;1.49;0.27;0.86;3.6;179.6;159.6;11.1;1.7;7.2;0.14;0.27;0.05;0.07;4.24;4.26;0.3;38.2;14.26;8.31;3.45;0.65;1.91;4.49;110.8;80.2;17.8;3.8;9;3.27;0.44;0.23;0.32
-15;0;0;100;100;16.58;3.27;9.32;0.57;0.57;0.111;61.5;4.99;2.4;1.5;0.29;0.93;4.13;180.6;160.5;10;1.9;8.3;0.14;0.31;0.05;0.07;5.19;5.17;0.302;38.5;17.22;10.16;4.19;0.71;2.34;5.2;112.9;79.8;18.1;4.7;10.4;3.93;0.57;0.28;0.4
-15;0;50;0;0;13.16;1.8;5.08;0.37;0.35;0.087;50.2;3.7;1.72;1.2;0.19;0.67;2.25;179.2;167.7;5.6;1.3;4.5;0.15;0.11;0.04;0.06;1.97;1.94;0.259;49.8;7.49;4.3;1.92;0.35;1.13;2.83;178;152.3;17.7;2.3;5.7;1.05;0.59;0.13;0.18
-15;0;50;0;50;12.94;1.91;5.21;0.36;0.36;0.092;50.4;3.58;1.74;1.08;0.18;0.69;2.29;179.9;169.2;4.7;1.4;4.6;0.15;0.12;0.04;0.05;2.06;2.09;0.258;49.6;8.12;4.55;2.09;0.38;1.22;2.93;177.2;150.8;18.2;2.4;5.9;1.1;0.65;0.14;0.2
-15;0;50;0;100;12.55;1.97;5.57;0.38;0.36;0.095;50.7;3.52;1.61;1.11;0.18;0.65;2.47;181.2;171.3;3.7;1.3;4.9;0.16;0.12;0.03;0.05;2.17;2.26;0.256;49.3;8.8;4.94;2.3;0.37;1.33;3.1;175.8;148.7;18.3;2.7;6.2;1.1;0.8;0.15;0.21
-15;0;50;50;0;14.86;2.28;6.43;0.45;0.42;0.092;55.5;4.37;2.11;1.33;0.25;0.86;2.76;179.9;164.1;8.6;1.7;5.5;0.15;0.16;0.04;0.06;2.87;2.91;0.285;44.5;10.23;5.86;2.6;0.45;1.42;3.67;144.4;116.9;17.3;2.8;7.3;1.93;0.57;0.17;0.24
-15;0;50;50;50;14.73;2.45;7.11;0.46;0.47;0.1;55.3;4.46;2.06;1.43;0.27;0.77;3.13;180.3;164.8;7.7;1.5;6.3;0.15;0.21;0.04;0.06;3.31;3.38;0.287;44.7;11.81;6.73;3.04;0.54;1.68;3.99;145.4;116.4;17.6;3.4;8;2.27;0.64;0.19;0.28
-15;0;50;50;100;14.21;2.63;7.59;0.52;0.49;0.108;55.4;4.39;2.07;1.39;0.23;0.76;3.3;180.6;165.7;6.8;1.5;6.6;0.15;0.24;0.04;0.06;3.92;3.92;0.293;44.6;13.46;7.83;3.37;0.55;1.87;4.29;145.5;115.7;17.5;3.7;8.6;2.63;0.75;0.22;0.31
-15;0;50;100;0;16.9;2.63;7.55;0.53;0.55;0.101;62.6;5.22;2.46;1.65;0.28;0.93;3.39;181.7;160.9;12.2;1.9;6.8;0.15;0.27;0.05;0.08;3.7;3.67;0.298;37.4;12.39;7.24;3.06;0.5;1.71;4.16;108.4;79.6;17.2;3.4;8.3;2.63;0.57;0.2;0.27
-15;0;50;100;50;16.59;3.01;8.69;0.6;0.59;0.106;62.1;5.37;2.59;1.69;0.28;0.99;3.9;181.4;160.5;11.2;2;7.8;0.15;0.31;0.05;0.08;4.4;4.46;0.301;37.9;14.83;8.61;3.78;0.61;2.02;4.79;110.4;79.8;17.1;4;9.6;3.25;0.62;0.25;0.33
-15;0;50;100;100;16.27;3.34;9.58;0.66;0.67;0.12;61.7;5.4;2.62;1.6;0.28;0.96;4.22;181.2;160.9;9.9;1.9;8.4;0.15;0.39;0.05;0.07;5.26;5.34;0.306;38.3;17.52;10.25;4.35;0.72;2.37;5.36;112.3;79.6;17.3;4.7;10.7;3.91;0.75;0.29;0.39
-15;0;100;0;0;12.87;1.82;5.34;0.39;0.37;0.092;50.5;3.9;1.78;1.24;0.19;0.68;2.33;180.5;168.8;5.6;1.4;4.7;0.16;0.13;0.04;0.05;2.07;2.1;0.265;49.5;7.95;4.46;2.09;0.35;1.14;3.01;176.5;151.2;17;2.3;6;1.05;0.72;0.13;0.2
-15;0;100;0;50;12.39;1.91;5.28;0.4;0.38;0.095;50.9;3.85;1.87;1.17;0.2;0.73;2.34;181.5;170.7;4.6;1.5;4.7;0.16;0.13;0.05;0.05;2.3;2.21;0.266;49.1;8.32;4.76;2.04;0.39;1.18;2.95;174.6;149.3;17.1;2.4;5.9;1.03;0.85;0.14;0.19
-15;0;100;0;100;12.06;1.94;5.66;0.42;0.4;0.101;51.1;3.79;1.8;1.2;0.2;0.67;2.45;182;172.2;3.5;1.3;4.9;0.16;0.15;0.04;0.06;2.42;2.44;0.269;48.9;9.08;5.19;2.25;0.39;1.27;3.2;174.1;147.8;17.4;2.5;6.4;1.08;0.99;0.14;0.23
-15;0;100;50;0;14.39;2.34;6.61;0.47;0.48;0.098;55.7;4.72;2.25;1.48;0.25;0.91;2.91;180.6;164.2;8.7;1.8;5.8;0.16;0.21;0.05;0.07;3.08;3.06;0.291;44.3;10.54;6.09;2.63;0.47;1.43;3.69;143.4;116.8;16.3;2.9;7.4;1.97;0.66;0.18;0.25
-15;0;100;50;50;14.3;2.54;7.22;0.56;0.53;0.108;55.8;4.78;2.32;1.47;0.24;0.9;3.19;181.5;165.5;7.8;1.8;6.4;0.15;0.26;0.06;0.06;3.45;3.51;0.293;44.2;12.03;6.94;3.06;0.5;1.65;4.03;143.9;115.9;16.7;3.3;8.1;2.21;0.82;0.19;0.28
-15;0;100;50;100;13.96;2.83;7.79;0.57;0.58;0.117;55.9;4.82;2.35;1.5;0.21;0.89;3.43;182.5;167.3;6.6;1.8;6.9;0.17;0.3;0.05;0.07;4.11;4.09;0.298;44.1;13.77;8.09;3.35;0.58;1.94;4.36;143.9;114.5;16.8;3.9;8.7;2.58;0.96;0.22;0.32
-15;0;100;100;0;16.33;2.85;7.84;0.62;0.61;0.107;62.6;5.51;2.64;1.65;0.3;1.05;3.44;181.8;160.8;12;2.1;6.9;0.15;0.33;0.06;0.07;3.88;3.88;0.3;37.4;12.96;7.61;3.18;0.54;1.8;4.39;108.3;79.6;16.3;3.6;8.8;2.67;0.69;0.23;0.29
-15;0;100;100;50;16;3.16;8.81;0.73;0.67;0.113;62.3;5.78;2.83;1.75;0.31;1.1;3.92;181.3;160.2;11.1;2.2;7.8;0.15;0.37;0.06;0.08;4.71;4.66;0.307;37.7;15.22;9.12;3.62;0.62;2.06;4.89;109.7;79.9;15.9;4.1;9.8;3.28;0.78;0.25;0.35
-15;0;100;100;100;15.81;3.42;9.82;0.79;0.77;0.128;61.8;5.88;2.83;1.79;0.31;1.02;4.3;181.3;160.6;10;2;8.6;0.15;0.48;0.06;0.08;5.55;5.58;0.311;38.2;17.98;10.58;4.36;0.78;2.4;5.51;111.7;79.7;16.2;4.8;11;3.93;0.93;0.3;0.42
-15;50;0;0;0;15.76;2.17;6.23;0.49;0.48;0.088;43.7;5.27;2.45;1.62;0.3;0.98;2.78;140.8;127.8;5.5;2;5.6;0.25;0.1;0.05;0.08;1.92;1.92;0.24;56.3;7.99;4.38;2.2;0.36;1.19;3.44;181.3;149.6;22.4;2.4;6.9;1.03;0.54;0.15;0.2
-15;50;0;0;50;15.38;2.21;6.36;0.53;0.49;0.092;43.8;5.22;2.45;1.68;0.29;0.98;2.77;140.7;128.6;4.6;2;5.5;0.25;0.11;0.06;0.07;2.03;2.01;0.238;56.2;8.45;4.7;2.19;0.41;1.23;3.58;180.7;148.6;22.5;2.5;7.2;1.07;0.58;0.15;0.21
-15;50;0;0;100;15.05;2.37;6.88;0.49;0.49;0.092;44.4;5.15;2.43;1.63;0.29;0.96;3.04;142.7;131.1;3.6;1.9;6.1;0.26;0.1;0.05;0.08;2.22;2.22;0.234;55.6;9.49;5.25;2.47;0.44;1.4;3.84;178.4;145.2;22.7;2.8;7.7;1.06;0.76;0.17;0.23
-15;50;0;50;0;17.27;2.51;7.33;0.58;0.53;0.09;48.9;5.75;2.71;1.83;0.3;1.02;3.13;141.7;124.8;8.6;2;6.3;0.25;0.15;0.05;0.08;2.87;2.84;0.272;51.1;10.49;6.03;2.64;0.45;1.48;4.2;148.2;115.2;21.6;3;8.4;1.92;0.51;0.17;0.25
-15;50;0;50;50;17.09;2.76;7.96;0.56;0.57;0.096;49.1;5.82;2.71;1.82;0.33;1.02;3.53;142.8;126;7.7;2;7.1;0.25;0.18;0.05;0.08;3.3;3.27;0.272;50.9;12.05;6.96;3.05;0.49;1.73;4.43;148.2;114;21.9;3.5;8.9;2.19;0.58;0.21;0.28
-15;50;0;50;100;16.86;3.09;8.8;0.61;0.59;0.099;49.2;5.82;2.74;1.83;0.32;1.05;3.9;144;127.5;6.6;2.1;7.8;0.25;0.2;0.06;0.09;3.85;3.88;0.274;50.8;14.23;8.15;3.57;0.62;2.04;4.9;148.7;112.5;22.4;4.1;9.8;2.54;0.75;0.25;0.34
-15;50;0;100;0;19.3;2.88;8.52;0.57;0.6;0.093;56.1;6.26;2.89;2.01;0.34;1.13;3.75;144.5;122.9;11.7;2.3;7.5;0.24;0.2;0.07;0.09;3.56;3.62;0.285;43.9;12.78;7.35;3.21;0.58;1.76;4.77;113;78;21.9;3.5;9.5;2.59;0.51;0.21;0.3
-15;50;0;100;50;18.7;3.33;9.34;0.64;0.65;0.099;55.7;6.33;3;1.95;0.34;1.17;4.12;144;122.8;10.6;2.3;8.2;0.24;0.26;0.07;0.08;4.39;4.4;0.29;44.3;15.22;8.79;3.81;0.66;2.17;5.22;114.3;78.2;21.4;4.3;10.4;3.24;0.57;0.25;0.34
-15;50;0;100;100;18.57;3.79;10.57;0.73;0.7;0.103;55.5;6.63;3.2;2.03;0.35;1.21;4.59;145;123.9;9.5;2.4;9.2;0.25;0.3;0.06;0.09;5.29;5.27;0.292;44.5;18.12;10.66;4.48;0.74;2.57;5.98;116;77.4;21.5;5.1;12;3.82;0.73;0.3;0.42
-15;50;50;0;0;15.58;2.39;6.63;0.57;0.55;0.088;44.3;6.14;2.84;1.98;0.33;1.15;2.91;142.6;128.8;5.7;2.3;5.8;0.31;0.1;0.06;0.09;2.07;2.07;0.251;55.7;8.24;4.65;2.1;0.36;1.24;3.72;179.5;148.2;21.4;2.5;7.4;1.01;0.7;0.15;0.2
-15;50;50;0;50;15.3;2.47;7.03;0.57;0.57;0.091;44.8;6.14;2.79;1.97;0.35;1.11;3.12;144;131;4.5;2.2;6.2;0.31;0.12;0.06;0.09;2.36;2.29;0.25;55.2;9.15;5.18;2.35;0.38;1.37;3.91;177.7;145.3;21.9;2.7;7.8;1.02;0.88;0.16;0.22
-15;50;50;0;100;15.17;2.71;7.5;0.63;0.58;0.093;45.1;6.13;2.89;1.9;0.34;1.15;3.28;145.3;132.9;3.6;2.3;6.6;0.31;0.12;0.06;0.08;2.5;2.56;0.252;54.9;10.19;5.76;2.63;0.44;1.56;4.23;176.7;142.9;22.3;3.1;8.5;1.05;1.08;0.18;0.25
-15;50;50;50;0;17.09;2.8;8.01;0.62;0.62;0.091;49.6;6.73;3.12;2.19;0.39;1.26;3.49;144.4;126.4;8.5;2.5;7;0.3;0.16;0.07;0.1;2.99;3;0.276;50.4;10.89;6.23;2.75;0.48;1.54;4.52;146.8;113.6;21;3.1;9;1.87;0.69;0.19;0.26
-15;50;50;50;50;17.11;3.11;8.77;0.73;0.68;0.096;49.6;6.93;3.33;2.2;0.35;1.33;3.83;145.3;127.3;7.6;2.7;7.7;0.3;0.21;0.07;0.1;3.51;3.54;0.28;50.4;12.68;7.24;3.16;0.53;1.78;4.93;147.5;112.7;21.4;3.6;9.9;2.17;0.86;0.22;0.29
-15;50;50;50;100;16.55;3.27;9.42;0.73;0.69;0.1;49.6;6.81;3.21;2.07;0.4;1.24;4.07;145.6;128.5;6.4;2.5;8.1;0.3;0.23;0.07;0.09;4.09;4.1;0.285;50.4;14.45;8.42;3.61;0.57;2.02;5.35;147.7;111.5;21.5;4;10.7;2.49;1.01;0.25;0.35
-15;50;50;100;0;18.88;3.15;9.3;0.71;0.72;0.096;56.5;7.39;3.44;2.32;0.41;1.32;4.1;145.9;123.5;11.6;2.6;8.2;0.29;0.25;0.07;0.11;3.8;3.85;0.291;43.5;13.28;7.66;3.32;0.61;1.83;5.2;112.3;77.7;20.5;3.7;10.4;2.64;0.68;0.21;0.31
-15;50;50;100;50;18.43;3.57;10.26;0.78;0.76;0.099;56.2;7.52;3.55;2.35;0.38;1.4;4.51;146.2;124.1;10.2;2.8;9;0.29;0.29;0.07;0.1;4.65;4.66;0.296;43.8;15.84;9.23;3.96;0.65;2.18;5.75;113.8;77.2;20.7;4.4;11.5;3.21;0.83;0.25;0.38
-15;50;50;100;100;18.77;3.96;11.2;0.88;0.87;0.11;56;7.78;3.68;2.42;0.46;1.39;4.86;147.4;125;9.9;2.8;9.7;0.3;0.39;0.08;0.11;5.47;5.48;0.298;44;18.4;10.76;4.56;0.76;2.56;6.34;115.6;76.7;21.1;5.1;12.7;3.73;1.01;0.3;0.43
-15;50;100;0;0;15.58;2.73;7.79;0.69;0.68;0.091;44.9;7.4;3.42;2.42;0.42;1.39;3.39;145.5;130.3;5.7;2.8;6.8;0.37;0.13;0.08;0.1;2.19;2.29;0.257;55.1;8.96;5;2.38;0.41;1.34;4.39;178.5;146.3;20.7;2.7;8.8;1.01;0.9;0.15;0.23
-15;50;100;0;50;15.12;2.88;7.85;0.68;0.67;0.091;45.4;7.25;3.41;2.27;0.39;1.37;3.49;146.6;132.4;4.4;2.7;7;0.37;0.13;0.07;0.1;2.51;2.52;0.259;54.6;9.74;5.54;2.44;0.42;1.51;4.36;176.1;143.4;21;3;8.7;1.03;1.07;0.18;0.23
-15;50;100;0;100;14.84;2.88;8.05;0.76;0.7;0.094;45.8;7.3;3.51;2.26;0.37;1.38;3.54;147.3;134;3.5;2.8;7.1;0.38;0.15;0.08;0.1;2.88;2.83;0.273;54.2;10.39;5.96;2.6;0.44;1.5;4.52;174.5;141.3;21.1;3;9;1.05;1.37;0.17;0.24
-15;50;100;50;0;17;3.09;8.82;0.78;0.76;0.094;50.1;7.93;3.69;2.52;0.41;1.46;3.96;146.6;127.2;8.5;2.9;7.9;0.35;0.21;0.08;0.11;3.12;3.14;0.279;49.9;11.3;6.47;2.85;0.48;1.63;4.86;146;112.8;20.3;3.3;9.7;1.83;0.88;0.19;0.25
-15;50;100;50;50;16.65;3.38;9.61;0.82;0.8;0.097;50;8.11;3.81;2.6;0.41;1.51;4.09;146.7;128.1;7.4;3;8.2;0.37;0.25;0.08;0.11;3.7;3.75;0.285;50;13.19;7.65;3.38;0.5;1.87;5.52;146.9;111.9;20.3;3.7;11;2.19;1.03;0.22;0.31
-15;50;100;50;100;16.42;3.49;10.16;0.87;0.84;0.104;50.2;7.96;3.75;2.5;0.43;1.45;4.43;147.9;129.7;6.4;2.9;8.9;0.36;0.29;0.08;0.11;4.41;4.42;0.297;49.8;14.9;8.74;3.71;0.67;2.03;5.73;146.4;110.3;20.6;4.1;11.5;2.5;1.33;0.24;0.35
-15;50;100;100;0;18.5;3.49;9.99;0.96;0.9;0.099;56.8;8.97;4.18;2.85;0.48;1.57;4.4;147.4;123.9;11.5;3.1;8.8;0.36;0.33;0.09;0.13;4.06;3.97;0.294;43.2;13.56;8.01;3.3;0.54;1.92;5.59;111.8;77.4;19.4;3.8;11.2;2.61;0.83;0.23;0.3
-15;50;100;100;50;18.4;3.9;11;0.93;0.92;0.102;56.8;8.84;4.14;2.74;0.49;1.61;4.82;148.7;125.4;10.5;3.2;9.6;0.35;0.35;0.09;0.12;4.83;4.84;0.297;43.2;16.34;9.58;4.02;0.66;2.29;6.18;113.2;76.4;19.8;4.6;12.4;3.15;1.04;0.28;0.37
-15;50;100;100;100;17.9;4.07;11.83;1.06;1.02;0.111;56.6;9.06;4.23;2.95;0.42;1.57;5.27;148.8;125.6;9.5;3.1;10.5;0.36;0.45;0.09;0.13;5.74;5.71;0.309;43.4;18.49;10.96;4.48;0.75;2.5;6.56;113.9;76.3;19.5;5;13.1;3.73;1.26;0.29;0.42
-15;100;0;0;0;17.86;2.39;7.12;0.58;0.58;0.088;35.5;6.42;2.96;2.08;0.35;1.15;3.18;100.8;86.5;5.6;2.3;6.4;0.32;0.1;0.07;0.1;1.94;1.96;0.231;64.5;8.51;4.6;2.31;0.4;1.24;3.94;183.2;146.9;25.9;2.5;7.9;0.98;0.62;0.15;0.21
-15;100;0;0;50;17.63;2.69;7.61;0.61;0.59;0.09;35.9;6.41;3.03;1.98;0.38;1.21;3.35;101.5;88;4.5;2.4;6.7;0.33;0.11;0.07;0.09;2.21;2.22;0.231;64.1;9.61;5.21;2.62;0.44;1.48;4.26;181.8;144.1;26.2;3;8.5;1.02;0.79;0.18;0.23
-15;100;0;0;100;17.53;2.76;7.93;0.61;0.58;0.091;36.3;6.28;2.96;2;0.34;1.12;3.51;102.4;89.7;3.5;2.2;7;0.33;0.1;0.06;0.09;2.52;2.54;0.236;63.7;10.77;5.94;2.85;0.5;1.64;4.42;179.6;140.5;27;3.3;8.8;1;1.06;0.2;0.27
-15;100;0;50;0;19.34;2.9;8.27;0.69;0.63;0.09;40.7;6.82;3.23;2.1;0.36;1.29;3.73;103.4;84.9;8.4;2.6;7.5;0.31;0.15;0.07;0.09;2.84;2.92;0.26;59.3;11.19;6.17;2.98;0.54;1.6;4.54;150.4;112.6;25.6;3.2;9.1;1.85;0.61;0.18;0.27
-15;100;0;50;50;19.28;3.23;9;0.63;0.66;0.095;40.8;6.85;3.16;2.21;0.37;1.26;3.89;103.8;86.1;7.4;2.5;7.8;0.31;0.18;0.07;0.1;3.56;3.49;0.265;59.2;13.25;7.56;3.38;0.55;1.97;5.11;150.9;110.9;25.9;3.9;10.2;2.16;0.78;0.23;0.32
-15;100;0;50;100;19.09;3.52;9.94;0.67;0.68;0.096;41.1;7.02;3.32;2.2;0.38;1.32;4.34;105.1;87.4;6.4;2.6;8.7;0.33;0.19;0.07;0.09;4.05;4.12;0.272;58.9;15.22;8.64;3.91;0.75;2.2;5.61;150.5;108.9;26;4.4;11.2;2.46;1.03;0.27;0.37
-15;100;0;100;0;21.19;3.23;9.35;0.7;0.69;0.092;47.7;7.4;3.43;2.35;0.41;1.3;4.11;105.9;83.4;11.6;2.6;8.2;0.31;0.2;0.07;0.12;3.67;3.72;0.277;52.3;13.51;7.72;3.31;0.58;1.93;5.24;116.2;76.6;25.3;3.9;10.5;2.57;0.62;0.24;0.3
-15;100;0;100;50;20.96;3.66;10.57;0.73;0.76;0.098;47.5;7.6;3.57;2.38;0.41;1.39;4.67;106.7;84.2;10.4;2.8;9.3;0.31;0.26;0.08;0.11;4.49;4.56;0.281;52.5;16.32;9.31;4.17;0.7;2.28;5.9;117.7;75.8;25.5;4.6;11.8;3.13;0.78;0.27;0.38
-15;100;0;100;100;20.64;4.04;11.74;0.82;0.8;0.1;47.4;7.8;3.7;2.4;0.42;1.39;5.17;107.3;85;9.2;2.8;10.3;0.32;0.28;0.07;0.12;5.37;5.48;0.289;52.6;19.04;10.93;4.81;0.84;2.65;6.56;118.8;75;25.4;5.3;13.1;3.71;1.01;0.31;0.46
-15;100;50;0;0;18;2.88;8.28;0.73;0.7;0.088;36.5;7.88;3.66;2.49;0.45;1.42;3.68;103.9;88.4;5.4;2.8;7.4;0.41;0.1;0.08;0.11;2.25;2.28;0.241;63.5;9.46;5.21;2.59;0.43;1.46;4.6;180.9;143.3;25.5;2.9;9.2;0.98;0.89;0.17;0.24
-15;100;50;0;50;17.74;2.91;8.72;0.72;0.71;0.089;37;7.84;3.58;2.55;0.42;1.4;3.88;104.9;89.9;4.4;2.8;7.8;0.42;0.1;0.08;0.11;2.52;2.53;0.242;63;10.46;5.79;2.78;0.48;1.51;4.84;178.8;140.1;25.9;3;9.7;1;1.09;0.18;0.25
-15;100;50;0;100;17.46;3.18;9.04;0.78;0.74;0.091;37.5;8.02;3.78;2.49;0.4;1.48;4.03;105.9;91.5;3.4;3;8.1;0.43;0.12;0.08;0.12;2.76;2.81;0.245;62.5;11.52;6.32;3.07;0.5;1.7;5;176.5;136.9;26.2;3.4;10;1;1.32;0.21;0.29
-15;100;50;50;0;19.43;3.34;9.49;0.8;0.76;0.089;41.6;8.43;3.97;2.58;0.47;1.59;4.17;106.2;86.4;8.3;3.2;8.3;0.4;0.16;0.08;0.12;3.11;3.18;0.267;58.4;11.99;6.75;3.07;0.53;1.75;5.32;149.4;110.4;24.8;3.5;10.6;1.83;0.88;0.2;0.27
-15;100;50;50;50;19.14;3.53;10.2;0.85;0.82;0.093;41.7;8.62;4.04;2.68;0.47;1.55;4.47;106.6;87.4;7.2;3.1;8.9;0.41;0.2;0.08;0.12;3.76;3.72;0.271;58.3;13.76;7.84;3.49;0.61;1.98;5.73;149.4;109;25;4;11.5;2.1;1.05;0.24;0.32
-15;100;50;50;100;19.11;3.77;10.99;0.85;0.82;0.096;41.9;8.44;3.92;2.67;0.45;1.55;4.81;107.6;88.8;6.1;3.1;9.6;0.41;0.21;0.08;0.11;4.31;4.32;0.275;58.1;15.78;8.99;4.11;0.69;2.23;6.18;149.2;106.8;25.6;4.5;12.4;2.4;1.28;0.27;0.38
-15;100;50;100;0;21.05;3.52;10.62;0.85;0.85;0.094;48.3;8.91;4.06;2.85;0.51;1.56;4.64;108.3;84.5;11.3;3.1;9.3;0.39;0.25;0.08;0.13;3.9;3.97;0.28;51.7;14.22;8.12;3.62;0.6;1.96;5.97;115.8;75.5;24.5;3.9;11.9;2.54;0.86;0.23;0.34
-15;100;50;100;50;20.89;4.06;11.7;0.88;0.91;0.097;48.2;9.25;4.29;2.98;0.5;1.68;5.15;109.1;85.1;10.3;3.4;10.3;0.39;0.29;0.09;0.13;4.8;4.82;0.286;51.8;16.89;9.75;4.2;0.79;2.38;6.55;117.4;74.9;24.6;4.8;13.1;3.1;1.04;0.28;0.39
-15;100;50;100;100;20.79;4.44;12.72;0.97;0.99;0.104;48.1;9.4;4.34;2.94;0.52;1.67;5.6;110;86.1;9.4;3.3;11.2;0.41;0.37;0.09;0.13;5.56;5.63;0.29;51.9;19.45;11.36;4.75;0.88;2.77;7.12;118.5;73.9;24.9;5.5;14.2;3.63;1.25;0.3;0.45
-15;100;100;0;0;17.81;3.29;9.37;0.94;0.88;0.089;37.4;9.74;4.59;3.07;0.52;1.8;4.16;106.7;89.5;5.3;3.6;8.3;0.52;0.12;0.1;0.14;2.45;2.47;0.249;62.6;9.93;5.55;2.55;0.45;1.49;5.21;179;141;24.6;3;10.4;0.96;1.08;0.19;0.24
-15;100;100;0;50;17.73;3.37;9.88;0.89;0.9;0.09;37.8;9.85;4.56;3.12;0.54;1.77;4.32;107.6;91;4.4;3.5;8.6;0.52;0.13;0.1;0.14;2.75;2.82;0.256;62.2;11.06;6.14;2.91;0.54;1.6;5.56;177.2;137.9;24.9;3.2;11.1;0.95;1.4;0.19;0.28
-15;100;100;0;100;17.72;3.52;10.13;0.97;0.88;0.091;38.3;9.54;4.52;3.01;0.49;1.77;4.33;108.5;92.9;3.4;3.5;8.7;0.52;0.13;0.1;0.12;3.19;3.2;0.265;61.7;12.08;6.81;3.13;0.52;1.75;5.8;175.2;134.3;25.8;3.5;11.6;0.96;1.75;0.21;0.28
-15;100;100;50;0;19.43;3.71;10.55;1;0.94;0.091;42.2;10.21;4.79;3.22;0.5;1.87;4.61;108.4;87.3;8.1;3.7;9.2;0.5;0.2;0.1;0.14;3.34;3.37;0.27;57.8;12.48;7.16;3.22;0.52;1.84;5.95;148.6;109;24;3.7;11.9;1.78;1.07;0.21;0.3
-15;100;100;50;50;19.3;3.87;11.41;1.03;0.99;0.094;42.6;10.34;4.88;3.2;0.57;1.86;5.04;109.9;89.1;7;3.7;10.1;0.51;0.23;0.11;0.14;4.04;4.05;0.279;57.4;14.54;8.3;3.68;0.66;2;6.37;147.9;106.4;24.8;4;12.7;2.07;1.39;0.24;0.34
-15;100;100;50;100;18.91;4.17;12.06;1.03;1.04;0.099;42.8;10.41;4.85;3.31;0.56;1.94;5.23;110.4;90.1;6;3.9;10.5;0.52;0.27;0.11;0.14;4.61;4.68;0.289;57.2;16.25;9.3;4.19;0.7;2.23;6.83;147.7;104.9;24.7;4.5;13.7;2.35;1.67;0.26;0.39
-15;100;100;100;0;20.91;4.03;11.7;1.07;1.05;0.096;49;10.84;5.1;3.4;0.58;1.95;5.19;110.8;85.5;11;3.9;10.4;0.48;0.31;0.11;0.15;4.08;4.16;0.284;51;14.73;8.44;3.75;0.63;2.09;6.5;115.3;74.5;23.6;4.2;13;2.51;1.06;0.26;0.34
-15;100;100;100;50;20.84;4.49;12.59;1.22;1.12;0.099;49;11.21;5.32;3.55;0.61;2.06;5.57;112;86.4;10.3;4.1;11.1;0.5;0.35;0.12;0.16;5.11;4.97;0.293;51;17.06;10.07;4.1;0.69;2.43;7.02;116.3;73.6;23.8;4.9;14;2.98;1.34;0.28;0.38
-15;100;100;100;100;20.59;4.8;13.61;1.19;1.21;0.106;48.8;11.25;5.32;3.47;0.62;2.06;5.96;112.3;87.3;9;4.1;11.9;0.5;0.43;0.12;0.16;6.06;6.03;0.302;51.2;20.03;11.81;4.9;0.84;2.74;7.65;117.6;72.7;24.1;5.5;15.3;3.6;1.63;0.33;0.46
-14;0;0;0;0;13.88;1.66;5.01;0.39;0.37;0.094;49.9;3.69;1.75;1.2;0.18;0.65;2.25;178.8;166.7;6.3;1.3;4.5;0.17;0.1;0.03;0.06;1.68;1.67;0.237;50.1;7.08;3.86;1.89;0.32;1.01;2.75;179.3;153.3;18.5;2;5.5;0.94;0.44;0.12;0.17
-14;0;0;0;50;13.08;1.73;5.02;0.34;0.37;0.098;49.7;3.56;1.68;1.13;0.18;0.65;2.19;177.4;166.6;5.2;1.3;4.4;0.17;0.12;0.04;0.05;1.7;1.71;0.236;50.3;7.24;3.97;1.97;0.32;1.08;2.83;179.4;153.4;18.1;2.2;5.7;0.97;0.45;0.13;0.17
-14;0;0;0;100;12.95;1.83;5.44;0.38;0.38;0.101;50.3;3.58;1.7;1.11;0.19;0.62;2.43;179.9;169.6;4.2;1.2;4.9;0.18;0.12;0.04;0.05;1.91;1.93;0.233;49.7;8.26;4.49;2.26;0.38;1.21;3.01;177.4;150.4;18.7;2.4;6;1;0.59;0.14;0.2
-14;0;0;50;0;15.3;2.15;6.21;0.42;0.44;0.098;55.2;4.28;1.99;1.37;0.21;0.81;2.77;179.3;163;9.2;1.6;5.5;0.17;0.16;0.05;0.06;2.61;2.54;0.264;44.8;9.69;5.57;2.44;0.41;1.34;3.44;145.2;117.8;17.9;2.7;6.9;1.76;0.41;0.16;0.21
-14;0;0;50;50;14.99;2.42;6.86;0.49;0.47;0.104;55.1;4.29;2.09;1.32;0.24;0.8;3.1;179.5;163.6;8.1;1.6;6.2;0.17;0.19;0.05;0.06;2.93;2.96;0.265;44.9;11.18;6.33;2.86;0.51;1.63;3.76;146.1;117.3;18;3.3;7.5;2.07;0.46;0.18;0.25
-14;0;0;50;100;14.76;2.58;7.49;0.47;0.47;0.107;55.1;4.18;1.99;1.29;0.22;0.77;3.32;180;164.6;7.2;1.5;6.6;0.16;0.21;0.04;0.06;3.45;3.45;0.268;44.9;12.91;7.31;3.33;0.58;1.81;4.17;146.6;116.6;18.1;3.6;8.3;2.37;0.57;0.22;0.29
-14;0;0;100;0;17.1;2.56;7.44;0.53;0.5;0.1;62.4;4.85;2.36;1.46;0.25;0.88;3.33;180.9;160.1;12.4;1.8;6.7;0.16;0.22;0.05;0.07;3.33;3.29;0.274;37.6;12.05;6.95;3.06;0.52;1.68;4.11;109.1;80;17.6;3.4;8.2;2.41;0.42;0.2;0.27
-14;0;0;100;50;16.8;2.84;8.32;0.56;0.57;0.111;61.7;5.01;2.34;1.61;0.26;0.84;3.68;179.5;158.8;11.6;1.7;7.4;0.16;0.29;0.05;0.08;3.96;3.96;0.28;38.3;14.2;8.13;3.62;0.6;2;4.64;111.2;80.6;17.4;4;9.3;2.96;0.44;0.26;0.31
-14;0;0;100;100;16.56;3.31;9.44;0.57;0.61;0.114;61.4;5.19;2.48;1.59;0.29;0.96;4.18;180;159.5;10.2;1.9;8.4;0.17;0.32;0.05;0.07;4.87;4.8;0.282;38.6;17.03;9.86;4.25;0.67;2.35;5.26;113.1;80.2;17.6;4.7;10.5;3.6;0.55;0.28;0.37
-14;0;50;0;0;13.21;1.75;5.07;0.39;0.38;0.095;50.2;3.76;1.73;1.19;0.23;0.68;2.23;179.1;167;6.2;1.4;4.5;0.17;0.11;0.04;0.05;1.82;1.78;0.244;49.8;7.29;4.02;1.96;0.31;1.07;2.84;177.9;153;17.1;2.1;5.7;0.97;0.53;0.12;0.16
-14;0;50;0;50;12.67;1.83;5.18;0.38;0.39;0.1;50.3;3.67;1.7;1.2;0.2;0.65;2.3;179.2;168.3;5;1.3;4.6;0.17;0.12;0.04;0.05;1.87;1.86;0.241;49.7;7.74;4.25;2.06;0.33;1.18;2.88;177.2;151.7;17.3;2.4;5.8;0.96;0.58;0.13;0.18
-14;0;50;0;100;12.38;1.92;5.53;0.37;0.42;0.105;50.6;3.79;1.78;1.21;0.19;0.7;2.42;180.4;169.9;4.2;1.4;4.8;0.18;0.15;0.04;0.06;2.13;2.07;0.246;49.4;8.39;4.67;2.23;0.38;1.22;3.11;176.1;150.1;17.4;2.4;6.2;1;0.74;0.13;0.2
-14;0;50;50;0;15.03;2.24;6.51;0.46;0.45;0.097;55.5;4.4;2.08;1.42;0.22;0.78;2.92;180.1;163.4;9.4;1.6;5.8;0.17;0.17;0.04;0.06;2.6;2.66;0.266;44.5;10.01;5.67;2.61;0.41;1.46;3.59;144.5;117.5;16.9;2.9;7.2;1.74;0.52;0.17;0.22
-14;0;50;50;50;14.51;2.46;7;0.52;0.51;0.11;55.4;4.47;2.12;1.42;0.23;0.82;3.13;180;164;8.2;1.6;6.3;0.17;0.23;0.05;0.06;3.11;3.08;0.269;44.6;11.5;6.55;2.89;0.5;1.64;3.86;145;117;17;3.3;7.7;2.07;0.57;0.19;0.25
-14;0;50;50;100;14.37;2.71;7.77;0.53;0.54;0.115;55.3;4.53;2.21;1.37;0.23;0.83;3.47;180.6;164.9;7.1;1.7;6.9;0.17;0.26;0.05;0.06;3.67;3.64;0.275;44.7;13.32;7.61;3.43;0.57;1.89;4.3;145.8;116.3;17.1;3.8;8.6;2.38;0.74;0.21;0.31
-14;0;50;100;0;16.78;2.69;7.83;0.58;0.57;0.106;62.5;5.29;2.45;1.69;0.29;0.94;3.49;181.3;160.2;12.3;1.9;7;0.16;0.28;0.05;0.08;3.51;3.48;0.276;37.5;12.64;7.26;3.21;0.52;1.75;4.33;108.8;79.9;16.7;3.5;8.7;2.45;0.53;0.22;0.28
-14;0;50;100;50;16.48;2.96;8.74;0.63;0.66;0.116;62;5.53;2.64;1.73;0.3;1.01;3.93;180.4;159;11.5;2;7.9;0.17;0.35;0.05;0.08;4.17;4.08;0.28;38;14.56;8.44;3.63;0.63;1.94;4.81;110.6;80.5;16.5;3.9;9.6;2.98;0.55;0.22;0.32
-14;0;50;100;100;16.36;3.39;9.82;0.7;0.73;0.126;61.6;5.66;2.72;1.78;0.31;1.02;4.3;180.7;159.6;10.5;2;8.6;0.17;0.42;0.06;0.08;4.88;4.95;0.286;38.4;17.32;9.89;4.38;0.74;2.37;5.52;112.6;80.2;16.6;4.7;11;3.55;0.73;0.28;0.38
-14;0;100;0;0;12.84;1.91;5.43;0.41;0.42;0.098;50.5;4.11;1.91;1.3;0.21;0.74;2.39;180.3;168;6.1;1.5;4.8;0.19;0.14;0.04;0.06;2;1.99;0.255;49.5;7.84;4.37;2.09;0.37;1.16;3.04;176.8;152;16.4;2.3;6.1;0.96;0.7;0.14;0.19
-14;0;100;0;50;12.61;1.96;5.71;0.41;0.46;0.105;50.8;4.16;1.95;1.32;0.24;0.78;2.55;181.3;169.4;5.3;1.6;5.1;0.19;0.17;0.04;0.06;2.04;2.08;0.255;49.2;8.16;4.51;2.21;0.38;1.19;3.15;175.8;150.6;16.6;2.4;6.3;0.94;0.82;0.13;0.19
-14;0;100;0;100;11.93;1.98;5.73;0.44;0.45;0.108;51.2;3.95;1.86;1.24;0.22;0.72;2.53;182.2;171.7;4;1.4;5.1;0.19;0.16;0.04;0.06;2.33;2.32;0.259;48.8;8.97;5.01;2.34;0.39;1.26;3.21;173.9;148.3;16.7;2.5;6.4;0.99;0.97;0.15;0.21
-14;0;100;50;0;14.29;2.45;6.71;0.53;0.53;0.104;55.6;4.98;2.37;1.53;0.27;0.94;3.02;180.1;163.1;9.1;1.9;6;0.18;0.22;0.06;0.07;2.71;2.79;0.275;44.4;10.18;5.81;2.57;0.47;1.5;3.69;143.8;117.7;15.7;3;7.4;1.75;0.64;0.18;0.22
-14;0;100;50;50;14.2;2.62;7.36;0.59;0.57;0.112;55.5;4.95;2.36;1.52;0.27;0.88;3.27;180.6;164.3;8.1;1.8;6.5;0.18;0.27;0.05;0.08;3.31;3.3;0.278;44.5;11.91;6.89;2.98;0.54;1.74;4.09;144.4;116.8;16;3.5;8.2;2.05;0.79;0.2;0.27
-14;0;100;50;100;13.88;2.81;7.95;0.59;0.63;0.125;55.6;4.96;2.45;1.49;0.25;0.88;3.55;181.4;165.4;7.1;1.8;7.1;0.18;0.33;0.05;0.07;3.79;3.78;0.282;44.4;13.47;7.74;3.37;0.6;1.94;4.4;144.7;115.9;16.1;3.9;8.8;2.34;0.92;0.22;0.3
-14;0;100;100;0;16.11;2.82;8.16;0.65;0.67;0.11;62.4;5.89;2.73;1.85;0.33;1;3.52;180.4;159;12.3;2;7;0.18;0.35;0.05;0.08;3.55;3.6;0.284;37.6;12.73;7.3;3.18;0.53;1.81;4.63;108.6;80.5;15.2;3.6;9.3;2.47;0.64;0.22;0.28
-14;0;100;100;50;16.18;3.18;9.07;0.71;0.72;0.118;62.1;6;2.87;1.87;0.33;1.08;4.03;181;159.2;11.5;2.2;8.1;0.18;0.4;0.06;0.08;4.28;4.29;0.289;37.9;14.93;8.69;3.75;0.61;2.1;5.04;110.3;80.4;15.6;4.2;10.1;2.97;0.75;0.25;0.33
-14;0;100;100;100;15.76;3.48;9.96;0.82;0.83;0.134;61.9;6.1;2.99;1.84;0.34;1.13;4.47;181.1;159.4;10.6;2.3;8.9;0.17;0.5;0.07;0.08;5.17;5.1;0.293;38.1;17.49;10.11;4.37;0.72;2.35;5.49;111.3;80.3;15.3;4.7;11;3.57;0.89;0.28;0.37
-14;50;0;0;0;15.69;2.11;6.24;0.54;0.52;0.095;43.6;5.33;2.5;1.71;0.29;0.98;2.73;140.4;127.2;5.8;2;5.5;0.29;0.1;0.06;0.08;1.78;1.76;0.23;56.4;7.68;4.19;2.08;0.35;1.13;3.5;181.6;150.5;21.9;2.3;7;0.94;0.51;0.13;0.18
-14;50;0;0;50;15.51;2.28;6.47;0.52;0.55;0.099;43.8;5.34;2.5;1.69;0.29;1;2.87;141;128.1;5.2;2;5.7;0.29;0.12;0.06;0.08;1.91;1.88;0.226;56.2;8.35;4.59;2.25;0.36;1.28;3.61;181;149.2;22;2.6;7.2;0.97;0.58;0.14;0.19
-14;50;0;0;100;15.21;2.35;6.85;0.56;0.54;0.1;44.4;5.27;2.46;1.71;0.27;0.95;3.04;142.7;130.7;4;1.9;6.1;0.3;0.11;0.05;0.07;2.07;2.06;0.223;55.6;9.27;4.96;2.58;0.42;1.4;3.81;178.6;145.7;22.5;2.8;7.6;0.94;0.75;0.15;0.22
-14;50;0;50;0;17.46;2.5;7.25;0.58;0.58;0.098;49.1;5.77;2.72;1.81;0.28;1.04;3.26;142.4;124.8;9;2.1;6.5;0.28;0.15;0.06;0.08;2.67;2.6;0.254;50.9;10.26;5.82;2.65;0.41;1.45;3.99;147.7;115.2;21.6;2.9;8;1.69;0.5;0.17;0.23
-14;50;0;50;50;17.02;2.82;8.09;0.62;0.62;0.103;48.8;5.9;2.77;1.87;0.33;1.03;3.53;142.3;125.4;7.8;2.1;7.1;0.28;0.19;0.06;0.09;3.11;3.11;0.257;51.2;12.13;6.85;3.13;0.51;1.79;4.57;148.9;114.6;21.6;3.6;9.1;2.05;0.57;0.21;0.28
-14;50;0;50;100;17.01;3.13;8.81;0.58;0.62;0.105;49.1;5.8;2.67;1.81;0.33;1.03;3.92;143.7;127;6.9;2.1;7.8;0.28;0.2;0.06;0.08;3.55;3.58;0.259;50.9;13.88;7.84;3.58;0.63;2.1;4.89;149;113;22;4.2;9.8;2.3;0.72;0.24;0.32
-14;50;0;100;0;19.14;2.96;8.58;0.64;0.64;0.099;56.2;6.35;2.92;2.01;0.37;1.17;3.81;144.6;122.6;12;2.3;7.6;0.28;0.21;0.07;0.09;3.34;3.35;0.266;43.8;12.62;7.08;3.27;0.56;1.79;4.77;112.7;78.3;21.2;3.6;9.5;2.34;0.51;0.21;0.28
-14;50;0;100;50;18.79;3.39;9.52;0.71;0.72;0.106;55.7;6.63;3.15;2.02;0.36;1.21;4.18;144.3;122.4;11.1;2.4;8.4;0.28;0.27;0.07;0.09;4.15;4.11;0.271;44.3;15.23;8.74;3.88;0.62;2.18;5.34;114.6;78.4;21.1;4.4;10.7;2.93;0.56;0.27;0.34
-14;50;0;100;100;18.7;3.8;10.78;0.74;0.76;0.109;55.8;6.8;3.17;2.15;0.34;1.21;4.87;146;123.6;10.2;2.4;9.7;0.29;0.31;0.07;0.09;4.92;4.86;0.273;44.2;17.83;10.31;4.49;0.79;2.59;5.91;115.7;77.6;21.1;5.2;11.8;3.45;0.71;0.31;0.39
-14;50;50;0;0;15.55;2.43;6.8;0.63;0.62;0.096;44.3;6.33;2.96;2.02;0.36;1.18;3;142.8;128.5;5.9;2.4;6;0.35;0.11;0.07;0.09;1.94;1.93;0.236;55.7;8.18;4.52;2.15;0.38;1.25;3.8;179.7;148.7;20.9;2.5;7.6;0.94;0.65;0.15;0.19
-14;50;50;0;50;15.43;2.46;7.21;0.62;0.65;0.099;44.7;6.38;2.96;2.07;0.32;1.16;3.23;144;130.2;5;2.3;6.5;0.36;0.13;0.07;0.09;2.12;2.14;0.24;55.3;8.89;4.86;2.39;0.41;1.3;3.98;178.4;146.4;21.4;2.6;8;0.92;0.85;0.15;0.21
-14;50;50;0;100;14.99;2.57;7.62;0.66;0.66;0.101;45.2;6.44;3;2.05;0.35;1.14;3.39;145.3;132.3;4;2.3;6.8;0.37;0.14;0.06;0.09;2.42;2.41;0.243;54.8;9.95;5.51;2.56;0.47;1.44;4.24;176.3;143.6;21.4;2.9;8.5;0.97;1.05;0.17;0.23
-14;50;50;50;0;16.92;2.83;8.1;0.71;0.68;0.097;49.4;6.88;3.18;2.23;0.35;1.23;3.54;143.9;125.7;8.6;2.5;7.1;0.35;0.16;0.07;0.1;2.87;2.82;0.258;50.6;10.93;6.19;2.77;0.51;1.61;4.55;147.2;114.3;20.6;3.2;9.1;1.73;0.64;0.19;0.25
-14;50;50;50;50;16.92;3.09;8.93;0.73;0.76;0.105;49.4;7.06;3.35;2.27;0.37;1.27;3.91;144.7;126.6;7.7;2.5;7.8;0.35;0.23;0.08;0.1;3.31;3.34;0.266;50.6;12.58;7.1;3.25;0.59;1.82;5.02;147.9;113.4;20.8;3.6;10;2.01;0.83;0.21;0.28
-14;50;50;50;100;16.64;3.3;9.52;0.76;0.77;0.107;49.8;7.13;3.41;2.16;0.37;1.3;4.24;146;128.2;6.8;2.6;8.5;0.36;0.24;0.07;0.1;3.88;3.83;0.269;50.2;14.28;8.09;3.66;0.64;2;5.28;147.3;111.8;20.9;4;10.6;2.28;0.99;0.23;0.33
-14;50;50;100;0;18.84;3.27;9.23;0.75;0.79;0.102;56.6;7.63;3.6;2.4;0.42;1.44;4.11;146.2;122.9;12.2;2.9;8.2;0.34;0.27;0.08;0.1;3.5;3.44;0.27;43.4;12.77;7.34;3.26;0.52;1.83;5.12;111.9;78.1;20;3.7;10.2;2.33;0.61;0.22;0.28
-14;50;50;100;50;18.88;3.67;10.57;0.8;0.88;0.109;56.3;7.97;3.67;2.58;0.43;1.42;4.71;147;123.7;11;2.8;9.4;0.35;0.34;0.07;0.11;4.29;4.3;0.277;43.7;15.56;8.99;3.92;0.61;2.25;5.86;114.1;77.5;20.4;4.5;11.7;2.89;0.82;0.26;0.34
-14;50;50;100;100;18.49;3.96;11.52;0.94;0.95;0.117;56;8.03;3.8;2.55;0.45;1.44;5.12;147.1;123.8;10.2;2.9;10.2;0.34;0.41;0.08;0.11;5.07;5.11;0.282;44;18.18;10.4;4.6;0.78;2.52;6.4;115.5;77.5;20.2;5;12.8;3.44;0.97;0.3;0.4
-14;50;100;0;0;15.23;2.64;7.61;0.68;0.74;0.098;44.9;7.47;3.46;2.34;0.4;1.36;3.41;145.1;129.8;5.7;2.7;6.8;0.42;0.13;0.08;0.11;2.12;2.1;0.248;55.1;8.54;4.76;2.24;0.41;1.28;4.2;177.9;146.9;20.1;2.6;8.4;0.91;0.86;0.15;0.19
-14;50;100;0;50;14.95;2.77;8.08;0.74;0.78;0.101;45.3;7.6;3.48;2.47;0.42;1.36;3.61;146.4;131.6;4.8;2.7;7.2;0.43;0.15;0.08;0.12;2.31;2.36;0.249;54.7;9.5;5.24;2.49;0.47;1.41;4.47;176.5;144.5;20.3;2.8;8.9;0.94;1.04;0.16;0.22
-14;50;100;0;100;14.75;2.83;8.15;0.78;0.79;0.104;45.9;7.53;3.55;2.4;0.38;1.38;3.69;147.8;133.7;4;2.8;7.4;0.43;0.16;0.08;0.11;2.69;2.6;0.256;54.1;10.14;5.74;2.58;0.48;1.46;4.47;174.3;141.8;20.7;2.9;8.9;0.91;1.3;0.17;0.22
-14;50;100;50;0;16.77;3.19;8.87;0.81;0.82;0.099;50;8.06;3.8;2.52;0.43;1.53;3.89;146.1;126.5;8.8;3.1;7.8;0.41;0.21;0.09;0.11;3.01;3.02;0.268;50;11.31;6.42;2.9;0.49;1.66;4.98;146.2;113.5;19.4;3.3;10;1.75;0.82;0.19;0.25
-14;50;100;50;50;16.64;3.45;9.79;0.85;0.88;0.105;50.2;8.23;3.9;2.58;0.47;1.53;4.34;147.6;128.1;7.8;3.1;8.7;0.42;0.25;0.09;0.12;3.45;3.53;0.27;49.8;13.11;7.45;3.43;0.54;1.91;5.44;146.4;111.9;19.8;3.8;10.9;1.99;1.02;0.22;0.3
-14;50;100;50;100;16.44;3.65;10.1;0.87;0.92;0.112;50.4;8.15;3.94;2.45;0.45;1.51;4.47;148.2;129.5;6.8;3;8.9;0.42;0.3;0.09;0.11;4.08;4.11;0.279;49.6;14.79;8.47;3.71;0.64;2.15;5.63;146;110.5;20;4.3;11.3;2.28;1.26;0.25;0.32
-14;50;100;100;0;18.86;3.45;10.18;0.89;0.94;0.105;56.8;8.79;4.09;2.8;0.48;1.58;4.51;147.9;123.6;12.1;3.2;9;0.39;0.34;0.08;0.13;3.62;3.68;0.275;43.2;13.4;7.61;3.46;0.6;1.88;5.67;112.2;77.6;19.5;3.8;11.3;2.33;0.83;0.21;0.31
-14;50;100;100;50;18.45;3.95;11.24;1;0.98;0.108;56.6;8.95;4.28;2.77;0.49;1.65;4.99;148.3;124.2;10.8;3.3;10;0.4;0.37;0.09;0.12;4.46;4.52;0.281;43.4;16.13;9.25;4.09;0.74;2.3;6.25;113.6;77.2;19.3;4.6;12.5;2.91;0.98;0.27;0.36
-14;50;100;100;100;18.32;4.26;12.19;1.02;1.1;0.119;56.2;9.15;4.39;2.8;0.47;1.67;5.37;148.3;124.1;10.1;3.3;10.7;0.4;0.48;0.1;0.13;5.3;5.34;0.289;43.8;18.52;10.75;4.65;0.79;2.59;6.82;115.5;77.3;19.4;5.2;13.6;3.45;1.19;0.29;0.41
-14;100;0;0;0;17.81;2.53;7.05;0.6;0.62;0.096;35.4;6.4;2.99;2.02;0.32;1.19;3.11;100.7;86.3;5.8;2.4;6.2;0.36;0.1;0.07;0.09;1.91;1.89;0.221;64.6;8.55;4.67;2.28;0.39;1.34;3.93;183.6;147.4;25.6;2.7;7.9;0.92;0.62;0.15;0.21
-14;100;0;0;50;17.57;2.69;7.71;0.6;0.67;0.098;35.9;6.67;3.06;2.11;0.37;1.27;3.4;101.8;87.7;4.8;2.5;6.8;0.39;0.12;0.07;0.1;2.11;2.1;0.222;64.1;9.51;5.2;2.56;0.44;1.43;4.31;181.9;144.6;25.8;2.9;8.6;0.92;0.77;0.17;0.24
-14;100;0;0;100;17.53;2.8;8.1;0.72;0.67;0.099;36.4;6.63;3.11;2.06;0.35;1.19;3.55;102.9;89.5;3.9;2.4;7.1;0.39;0.11;0.07;0.09;2.37;2.37;0.221;63.6;10.7;5.79;2.89;0.51;1.61;4.54;179.7;141;26.4;3.2;9.1;0.93;0.99;0.19;0.26
-14;100;0;50;0;19.45;2.87;8.17;0.69;0.68;0.097;40.7;6.81;3.22;2.13;0.37;1.25;3.62;103.2;84.5;9;2.5;7.2;0.35;0.15;0.07;0.1;2.72;2.71;0.247;59.3;11.01;6.16;2.88;0.52;1.62;4.55;150.7;113.2;25.1;3.2;9.1;1.67;0.59;0.2;0.26
-14;100;0;50;50;19.2;3.25;9.21;0.69;0.72;0.101;40.9;7.02;3.26;2.24;0.4;1.29;4.11;104.3;85.9;7.5;2.6;8.2;0.37;0.18;0.07;0.1;3.33;3.27;0.25;59.1;13.11;7.43;3.37;0.58;1.97;5.1;150.8;111.1;25.6;3.9;10.2;1.96;0.77;0.23;0.3
-14;100;0;50;100;19.11;3.53;9.91;0.76;0.75;0.103;41.1;7.2;3.49;2.17;0.36;1.36;4.39;105.1;86.7;6.9;2.7;8.8;0.38;0.2;0.08;0.1;3.7;3.73;0.254;58.9;14.74;8.23;3.84;0.69;2.17;5.53;150.8;109.9;25.5;4.3;11.1;2.21;0.93;0.25;0.34
-14;100;0;100;0;20.95;3.27;9.32;0.74;0.75;0.099;47.9;7.49;3.54;2.39;0.38;1.38;4.11;106.2;83.4;11.8;2.8;8.2;0.36;0.2;0.08;0.11;3.42;3.4;0.26;52.1;13.16;7.35;3.42;0.57;1.89;5.21;115.4;76.6;24.6;3.8;10.4;2.28;0.59;0.22;0.31
-14;100;0;100;50;20.85;3.68;10.61;0.75;0.82;0.105;47.6;7.74;3.58;2.5;0.4;1.37;4.74;106.7;83.7;10.8;2.7;9.5;0.36;0.26;0.07;0.12;4.19;4.22;0.265;52.4;16;8.96;4.12;0.71;2.31;5.87;117.4;76.3;24.7;4.6;11.7;2.84;0.75;0.28;0.36
-14;100;0;100;100;20.89;4.23;11.89;0.91;0.89;0.108;47.3;8.1;3.92;2.49;0.43;1.49;5.16;107.5;84;10.1;3;10.3;0.37;0.32;0.08;0.12;5.03;5.04;0.268;52.7;18.81;10.67;4.91;0.81;2.73;6.73;119.8;76;24.8;5.5;13.5;3.36;0.92;0.33;0.43
-14;100;50;0;0;17.78;2.74;8.5;0.71;0.78;0.095;36.6;8.12;3.76;2.64;0.42;1.44;3.8;104.2;88.1;5.6;2.9;7.6;0.49;0.1;0.08;0.12;2.07;2.08;0.225;63.4;9.19;4.9;2.59;0.43;1.3;4.7;180.5;143.8;24.7;2.6;9.4;0.89;0.81;0.15;0.23
-14;100;50;0;50;17.64;3.08;8.87;0.81;0.81;0.098;36.9;8.15;3.86;2.56;0.45;1.52;3.92;104.9;89.3;4.8;3;7.8;0.49;0.12;0.08;0.12;2.47;2.42;0.234;63.1;10.34;5.7;2.78;0.47;1.56;4.96;179.7;141.5;25.2;3.1;9.9;0.93;1.07;0.18;0.24
-14;100;50;0;100;17.68;3.21;9.17;0.8;0.83;0.099;37.4;8.2;3.8;2.58;0.41;1.47;4.06;105.8;90.9;3.8;2.9;8.1;0.5;0.13;0.09;0.11;2.62;2.66;0.236;62.6;11.3;6.18;3.08;0.53;1.74;5.11;177.6;138.1;25.8;3.5;10.2;0.9;1.29;0.2;0.27
-14;100;50;50;0;19.3;3.32;9.64;0.84;0.86;0.097;41.7;8.76;4.04;2.8;0.49;1.6;4.25;106.7;86.2;8.7;3.2;8.5;0.48;0.16;0.09;0.13;2.98;2.92;0.248;58.3;11.81;6.63;3.08;0.52;1.72;5.39;149.1;110.6;24.2;3.4;10.8;1.64;0.8;0.2;0.28
-14;100;50;50;50;19.24;3.62;10.44;0.9;0.95;0.103;41.9;9.05;4.25;2.82;0.52;1.68;4.68;107.7;87.2;7.7;3.4;9.4;0.49;0.23;0.1;0.14;3.48;3.49;0.257;58.1;13.62;7.6;3.53;0.65;1.95;5.75;149.1;109.2;24.5;3.9;11.5;1.91;1.04;0.22;0.31
-14;100;50;50;100;19.1;3.85;10.88;0.85;0.93;0.105;41.8;8.73;4.03;2.74;0.48;1.55;4.78;107.5;88.1;6.7;3.1;9.6;0.47;0.24;0.09;0.13;3.97;4.07;0.261;58.2;15.59;8.78;3.94;0.74;2.3;6.1;149.8;107.8;25.2;4.6;12.2;2.18;1.25;0.29;0.35
-14;100;50;100;0;20.97;3.71;10.79;0.91;0.97;0.101;48.4;9.47;4.4;3.06;0.49;1.72;4.78;108.7;83.9;11.8;3.4;9.6;0.46;0.27;0.09;0.14;3.69;3.62;0.262;51.6;13.86;7.87;3.56;0.6;1.99;6.01;115.8;76.1;23.7;4;12;2.3;0.77;0.24;0.31
-14;100;50;100;50;20.82;4.12;11.84;0.99;1.01;0.105;48.4;9.48;4.38;3.04;0.52;1.68;5.32;109.8;85.3;10.6;3.4;10.6;0.47;0.32;0.09;0.14;4.36;4.47;0.269;51.6;16.64;9.49;4.2;0.73;2.44;6.53;116.9;74.7;24.2;4.9;13.1;2.78;1.03;0.29;0.38
-14;100;50;100;100;20.53;4.46;12.77;1.09;1.09;0.111;48.1;9.68;4.62;2.99;0.52;1.73;5.64;109.7;85.4;9.5;3.5;11.3;0.47;0.38;0.1;0.13;5.29;5.28;0.275;51.9;19.25;11.04;4.9;0.79;2.73;7.13;118.3;74.6;23.9;5.5;14.3;3.34;1.2;0.32;0.43
-14;100;100;0;0;17.89;3.34;9.52;0.95;0.96;0.097;37.5;9.79;4.61;3.04;0.52;1.85;4.28;107.2;89.5;5.5;3.7;8.6;0.59;0.13;0.11;0.14;2.37;2.43;0.24;62.5;10.17;5.5;2.77;0.45;1.49;5.25;178.9;141;24.5;3;10.5;0.91;1.12;0.18;0.23
-14;100;100;0;50;17.7;3.47;9.96;0.98;1.01;0.099;37.9;10.04;4.72;3.23;0.51;1.87;4.39;108;90.7;4.8;3.7;8.8;0.61;0.15;0.1;0.14;2.62;2.69;0.248;62.1;10.87;6.04;2.84;0.52;1.6;5.58;177.4;138.6;24.4;3.2;11.2;0.88;1.37;0.19;0.25
-14;100;100;0;100;17.54;3.6;10.38;0.97;1.02;0.1;38.4;10.03;4.69;3.18;0.54;1.81;4.62;109.2;92.6;3.7;3.6;9.2;0.62;0.16;0.1;0.14;2.98;3.01;0.252;61.6;11.97;6.68;3.09;0.52;1.79;5.76;175;134.8;25.1;3.6;11.5;0.88;1.64;0.21;0.27
-14;100;100;50;0;19.31;3.83;10.87;1.07;1.06;0.099;42.4;10.65;5.1;3.29;0.55;1.98;4.83;109.4;87.1;8.6;4;9.7;0.59;0.21;0.11;0.15;3.2;3.21;0.259;57.6;12.46;7.07;3.24;0.54;1.86;6.04;148.5;109.3;23.4;3.7;12.1;1.65;1.05;0.22;0.29
-14;100;100;50;50;19.03;3.93;11.42;1.06;1.1;0.102;42.5;10.69;5.01;3.39;0.56;1.91;4.98;109.6;88.2;7.6;3.8;10;0.6;0.24;0.11;0.15;3.75;3.76;0.267;57.5;14.1;8.01;3.6;0.61;2.02;6.44;148.2;107.6;23.7;4;12.9;1.88;1.32;0.24;0.32
-14;100;100;50;100;19.15;4.22;12.18;1.18;1.17;0.107;42.9;10.82;5.11;3.37;0.63;1.92;5.42;111.2;89.8;6.7;3.8;10.8;0.6;0.3;0.11;0.15;4.37;4.35;0.271;57.1;16.08;9.19;4.04;0.69;2.3;6.76;147.8;105.3;24.4;4.6;13.5;2.12;1.61;0.27;0.35
-14;100;100;100;0;21;4.06;11.84;1.2;1.16;0.103;49.1;11.2;5.25;3.49;0.62;2.01;5.28;111.3;85.1;11.6;4;10.6;0.56;0.32;0.12;0.16;3.86;3.85;0.268;50.9;14.4;8.18;3.73;0.58;2.05;6.56;115.3;74.9;23.2;4.1;13.1;2.25;1.03;0.24;0.32
-14;100;100;100;50;20.87;4.45;13.18;1.2;1.22;0.105;48.9;11.51;5.4;3.69;0.63;2.05;5.81;112;85.6;10.7;4.1;11.6;0.58;0.37;0.11;0.16;4.67;4.7;0.277;51.1;16.97;9.72;4.36;0.75;2.4;7.37;117.1;74.4;23.2;4.8;14.7;2.75;1.29;0.28;0.38
-14;100;100;100;100;20.59;4.84;14.12;1.27;1.31;0.112;48.9;11.63;5.44;3.69;0.61;2.07;6.22;112.8;86.7;9.6;4.1;12.4;0.59;0.45;0.11;0.16;5.54;5.57;0.282;51.1;19.77;11.4;5.01;0.78;2.77;7.9;117.9;73.3;23.2;5.5;15.8;3.26;1.54;0.33;0.44
-13;0;0;0;0;13.52;1.77;4.87;0.38;0.39;0.096;49.8;3.81;1.77;1.16;0.22;0.72;2.16;177.9;165.6;6.6;1.4;4.3;0.17;0.12;0.05;0.05;1.61;1.61;0.232;50.2;6.95;3.8;1.87;0.32;1.04;2.7;179.5;154.4;17.6;2.1;5.4;0.92;0.41;0.13;0.16
-13;0;0;0;50;13.25;1.78;5.02;0.38;0.38;0.1;49.9;3.6;1.73;1.12;0.19;0.67;2.25;178.3;167;5.5;1.3;4.5;0.17;0.12;0.04;0.05;1.72;1.68;0.228;50.1;7.35;4.01;1.99;0.33;1.11;2.77;178.9;153;18.1;2.2;5.5;0.92;0.45;0.14;0.18
-13;0;0;0;100;12.71;1.82;5.19;0.32;0.39;0.103;50.4;3.56;1.66;1.11;0.19;0.66;2.32;179.5;169.1;4.4;1.3;4.6;0.17;0.13;0.04;0.05;1.82;1.8;0.228;49.6;7.89;4.28;2.1;0.33;1.16;2.87;176.9;150.9;18;2.3;5.7;0.92;0.56;0.14;0.18
-13;0;0;50;0;15.22;2.24;6.3;0.45;0.43;0.097;55.4;4.23;2.04;1.29;0.23;0.81;2.85;179.7;162.9;9.5;1.6;5.7;0.17;0.16;0.05;0.06;2.41;2.44;0.252;44.6;9.69;5.39;2.55;0.45;1.43;3.45;144.9;117.8;17.4;2.9;6.9;1.64;0.41;0.17;0.22
-13;0;0;50;50;15.11;2.38;6.76;0.48;0.48;0.106;55.2;4.33;2.13;1.31;0.22;0.8;3.03;179.8;163.3;8.8;1.6;6.1;0.17;0.2;0.05;0.06;2.84;2.78;0.254;44.8;10.96;6.2;2.84;0.46;1.58;3.73;145.7;117.5;17.5;3.2;7.5;1.9;0.45;0.18;0.25
-13;0;0;50;100;14.62;2.61;7.6;0.5;0.51;0.113;55;4.33;2.08;1.32;0.25;0.79;3.4;179.5;163.7;7.4;1.6;6.8;0.17;0.24;0.05;0.06;3.29;3.31;0.258;45;12.86;7.16;3.38;0.63;1.82;4.19;146.8;117.2;17.6;3.6;8.4;2.26;0.55;0.21;0.29
-13;0;0;100;0;17.08;2.64;7.43;0.49;0.51;0.101;62.5;4.91;2.32;1.56;0.27;0.91;3.31;181.2;159.9;12.8;1.8;6.6;0.17;0.22;0.05;0.07;3.07;3.09;0.263;37.5;11.78;6.67;3.02;0.54;1.73;4.12;108.8;80;17;3.5;8.2;2.22;0.4;0.2;0.27
-13;0;0;100;50;16.97;2.99;8.47;0.57;0.6;0.111;61.7;5.25;2.55;1.61;0.29;1.01;3.77;179.6;158;12.1;2;7.5;0.16;0.3;0.06;0.08;3.7;3.74;0.268;38.3;14.01;7.98;3.56;0.62;1.98;4.7;111.4;81;17;4;9.4;2.78;0.42;0.22;0.32
-13;0;0;100;100;16.56;3.38;9.6;0.66;0.66;0.12;61.4;5.33;2.62;1.62;0.24;1;4.31;179.8;158.4;10.8;2;8.6;0.17;0.36;0.06;0.07;4.58;4.56;0.27;38.6;16.91;9.59;4.27;0.79;2.38;5.28;113.1;80.8;17;4.8;10.6;3.37;0.53;0.28;0.38
-13;0;50;0;0;13.09;1.8;5.18;0.37;0.4;0.097;50.1;3.98;1.81;1.31;0.22;0.72;2.34;179.2;166.5;6.6;1.4;4.7;0.18;0.12;0.04;0.06;1.69;1.68;0.236;49.9;7.12;3.96;1.86;0.34;1.08;2.84;178.1;153.5;16.8;2.2;5.7;0.87;0.51;0.14;0.17
-13;0;50;0;50;12.93;1.86;5.43;0.4;0.42;0.101;50.3;3.98;1.88;1.26;0.19;0.72;2.44;179.6;167.7;5.6;1.4;4.9;0.18;0.14;0.04;0.06;1.75;1.77;0.232;49.7;7.61;4.16;2.01;0.35;1.14;2.99;177.5;152.3;17;2.3;6;0.9;0.58;0.12;0.17
-13;0;50;0;100;12.46;1.93;5.7;0.4;0.43;0.105;50.8;3.89;1.83;1.17;0.26;0.71;2.61;181.5;170.4;4.4;1.4;5.2;0.19;0.15;0.04;0.05;2;1.98;0.235;49.2;8.46;4.66;2.2;0.44;1.22;3.09;175.5;149.6;17.3;2.4;6.2;0.93;0.71;0.14;0.2
-13;0;50;50;0;15.02;2.28;6.51;0.47;0.46;0.098;55.6;4.48;2.14;1.37;0.27;0.82;2.94;180.4;163.4;9.5;1.6;5.9;0.17;0.18;0.05;0.06;2.56;2.52;0.255;44.4;9.91;5.63;2.54;0.43;1.47;3.57;144.2;117.5;16.6;2.9;7.1;1.62;0.52;0.16;0.22
-13;0;50;50;50;14.57;2.46;7.17;0.53;0.53;0.11;55.2;4.67;2.24;1.44;0.23;0.85;3.11;179.6;163.1;8.6;1.7;6.2;0.17;0.25;0.05;0.06;2.91;2.93;0.257;44.8;11.42;6.34;2.98;0.52;1.61;4.05;145.5;117.7;16.5;3.2;8.1;1.92;0.56;0.18;0.27
-13;0;50;50;100;14.54;2.72;7.98;0.57;0.57;0.115;55.4;4.76;2.3;1.47;0.26;0.84;3.6;181.3;164.9;7.5;1.7;7.2;0.18;0.27;0.05;0.07;3.47;3.45;0.261;44.6;13.29;7.44;3.47;0.59;1.88;4.38;145.9;116.3;17.1;3.8;8.8;2.23;0.7;0.21;0.31
-13;0;50;100;0;16.73;2.72;7.76;0.57;0.58;0.105;62.7;5.35;2.55;1.68;0.26;0.96;3.52;182;160.5;12.6;1.9;7;0.18;0.27;0.06;0.08;3.25;3.19;0.264;37.3;12.12;6.86;3.11;0.51;1.75;4.24;108.1;79.8;16.4;3.5;8.5;2.22;0.52;0.19;0.26
-13;0;50;100;50;16.52;2.94;8.8;0.67;0.67;0.117;61.9;5.64;2.68;1.74;0.33;0.95;3.93;180;158.1;12.1;1.9;7.9;0.17;0.37;0.05;0.09;3.86;3.84;0.269;38.1;14.31;8.09;3.67;0.6;1.99;4.87;110.7;80.9;16;4;9.7;2.76;0.53;0.23;0.32
-13;0;50;100;100;16.26;3.45;9.85;0.77;0.76;0.129;61.5;5.81;2.85;1.77;0.32;1.05;4.35;180.2;158.5;10.9;2.1;8.7;0.17;0.45;0.06;0.08;4.61;4.64;0.272;38.5;17.08;9.69;4.33;0.74;2.4;5.5;112.5;80.7;15.9;4.8;11;3.33;0.65;0.27;0.38
-13;0;100;0;0;12.79;1.92;5.47;0.44;0.45;0.101;50.2;4.32;2.05;1.35;0.24;0.78;2.4;179.3;166.3;6.6;1.6;4.8;0.19;0.15;0.05;0.06;1.75;1.82;0.248;49.8;7.36;4.06;1.92;0.36;1.13;3.07;177.8;153.7;15.8;2.3;6.1;0.88;0.65;0.13;0.16
-13;0;100;0;50;12.35;2;5.67;0.41;0.47;0.107;50.5;4.25;2.05;1.29;0.23;0.78;2.53;180.3;168.2;5.5;1.6;5.1;0.19;0.18;0.05;0.07;2.01;2;0.25;49.5;8.02;4.55;2.08;0.36;1.22;3.14;176.5;151.8;15.9;2.4;6.3;0.91;0.77;0.14;0.18
-13;0;100;0;100;11.98;2.01;5.79;0.43;0.47;0.11;51;4.09;1.96;1.26;0.2;0.78;2.57;181.7;170.6;4.4;1.6;5.1;0.19;0.17;0.05;0.06;2.19;2.2;0.252;49;8.72;4.85;2.26;0.39;1.23;3.22;174.6;149.4;16.3;2.5;6.4;0.93;0.94;0.14;0.2
-13;0;100;50;0;14.48;2.43;6.71;0.5;0.54;0.104;55.6;5;2.3;1.59;0.28;0.9;2.94;180.2;162.9;9.6;1.8;5.9;0.18;0.24;0.05;0.07;2.7;2.65;0.264;44.4;10.08;5.8;2.52;0.45;1.53;3.77;143.9;117.9;15.4;3.1;7.5;1.61;0.65;0.17;0.22
-13;0;100;50;50;14.09;2.56;7.34;0.62;0.6;0.117;55.6;5.04;2.44;1.51;0.27;0.87;3.31;180.8;163.9;8.5;1.7;6.6;0.18;0.3;0.05;0.08;3.16;3.15;0.268;44.4;11.79;6.67;3.01;0.5;1.69;4.03;144;117.1;15.5;3.4;8.1;1.92;0.77;0.2;0.26
-13;0;100;50;100;13.93;2.83;7.93;0.65;0.65;0.125;55.7;5.08;2.47;1.56;0.27;0.9;3.53;181.8;165.5;7.5;1.8;7.1;0.19;0.34;0.05;0.07;3.69;3.62;0.271;44.3;13.37;7.66;3.37;0.58;1.94;4.4;144.5;115.9;15.9;3.9;8.8;2.17;0.92;0.22;0.3
-13;0;100;100;0;16.64;2.94;8.18;0.66;0.68;0.112;62.4;5.95;2.79;1.84;0.32;1.1;3.65;181.1;158.5;13.1;2.2;7.3;0.18;0.36;0.06;0.08;3.32;3.37;0.272;37.6;12.45;7.08;3.23;0.53;1.84;4.53;108.8;80.8;15.3;3.7;9.1;2.26;0.64;0.21;0.27
-13;0;100;100;50;16.14;3.27;9.11;0.76;0.79;0.124;61.8;6.25;3.03;1.92;0.33;1.12;3.97;179.7;157.4;12.1;2.2;7.9;0.17;0.46;0.07;0.09;4.17;4.07;0.277;38.2;14.74;8.61;3.59;0.66;2.15;5.14;110.8;81.3;15;4.3;10.3;2.79;0.73;0.23;0.32
-13;0;100;100;100;15.78;3.58;10.13;0.84;0.85;0.134;61.8;6.27;3.05;1.97;0.3;1.14;4.54;181;158.9;10.8;2.3;9.1;0.18;0.51;0.07;0.09;4.92;4.86;0.28;38.2;17.36;10.06;4.28;0.72;2.45;5.59;111.7;80.6;15;4.9;11.2;3.33;0.85;0.28;0.39
-13;50;0;0;0;15.86;2.24;6.34;0.54;0.55;0.096;43.9;5.63;2.62;1.74;0.31;1.07;2.85;141.6;127.3;6.5;2.1;5.7;0.3;0.11;0.06;0.08;1.72;1.71;0.22;56.1;7.76;4.26;2.07;0.34;1.17;3.5;181;150.3;21.4;2.3;7;0.86;0.53;0.14;0.18
-13;50;0;0;50;15.33;2.29;6.58;0.58;0.57;0.1;43.9;5.58;2.62;1.77;0.29;1.02;2.9;141.4;128.1;5.4;2;5.8;0.3;0.13;0.06;0.08;1.82;1.83;0.219;56.1;8.37;4.5;2.3;0.41;1.26;3.69;180.5;149.2;21.4;2.5;7.4;0.89;0.58;0.15;0.22
-13;50;0;0;100;15.15;2.41;6.92;0.59;0.6;0.104;44.4;5.66;2.68;1.74;0.31;1.04;3.15;142.8;129.9;4.5;2.1;6.3;0.31;0.14;0.06;0.09;1.97;1.97;0.218;55.6;9;4.77;2.52;0.42;1.36;3.77;178.8;146.9;21.7;2.7;7.5;0.88;0.71;0.16;0.22
-13;50;0;50;0;17.4;2.69;7.54;0.57;0.6;0.098;49.1;6.05;2.82;1.88;0.32;1.12;3.33;142.8;124.5;9.4;2.2;6.7;0.3;0.16;0.07;0.08;2.53;2.52;0.245;50.9;10.33;5.78;2.72;0.42;1.57;4.21;147.9;115.5;20.9;3.1;8.4;1.61;0.5;0.18;0.23
-13;50;0;50;50;16.99;2.82;8.05;0.66;0.64;0.103;49.1;6.09;2.95;1.84;0.32;1.1;3.62;142.7;125;8.3;2.2;7.2;0.3;0.19;0.07;0.08;2.93;2.88;0.247;50.9;11.67;6.46;3.14;0.48;1.72;4.43;148.2;115;20.8;3.4;8.9;1.88;0.54;0.2;0.26
-13;50;0;50;100;16.95;3.2;9.03;0.67;0.71;0.109;49.2;6.38;3.09;1.95;0.32;1.19;4.08;144.3;126.1;7.6;2.4;8.2;0.3;0.24;0.07;0.1;3.38;3.37;0.249;50.8;13.57;7.5;3.6;0.62;2;4.95;148.7;113.9;21;4;9.9;2.14;0.7;0.23;0.3
-13;50;0;100;0;19.01;3.04;8.75;0.64;0.68;0.1;56.3;6.64;3.16;2.05;0.34;1.23;3.92;144.8;122.1;12.5;2.5;7.8;0.29;0.21;0.07;0.1;3.14;3.18;0.256;43.7;12.46;6.93;3.25;0.58;1.81;4.83;112.3;78.6;20.4;3.6;9.7;2.21;0.49;0.2;0.28
-13;50;0;100;50;18.75;3.41;9.74;0.74;0.73;0.107;55.7;6.75;3.15;2.13;0.38;1.18;4.31;144.1;121.5;11.6;2.4;8.6;0.28;0.28;0.07;0.1;3.75;3.85;0.26;44.3;14.86;8.35;3.83;0.69;2.23;5.43;114.7;79;20.4;4.5;10.9;2.71;0.54;0.26;0.34
-13;50;0;100;100;18.83;3.76;10.72;0.79;0.8;0.114;55.8;6.91;3.31;2.12;0.35;1.25;4.84;146;123.2;10.6;2.5;9.7;0.29;0.34;0.07;0.1;4.68;4.59;0.261;44.2;17.63;9.86;4.61;0.79;2.51;5.89;115.4;77.9;20.7;5;11.8;3.2;0.7;0.29;0.4
-13;50;50;0;0;15.46;2.54;6.86;0.67;0.64;0.096;44.3;6.5;3.09;1.98;0.34;1.28;3.09;143.1;128;6.4;2.6;6.2;0.36;0.12;0.07;0.09;1.89;1.87;0.23;55.7;8.12;4.5;2.15;0.36;1.26;3.77;179.7;149.3;20.3;2.5;7.5;0.9;0.63;0.15;0.19
-13;50;50;0;50;15.15;2.47;7.22;0.68;0.66;0.1;44.7;6.49;3.08;2;0.36;1.18;3.17;143.9;130;5.3;2.4;6.3;0.37;0.13;0.08;0.09;2.14;2.05;0.23;55.3;8.93;4.92;2.4;0.4;1.29;4.05;178.2;146.7;20.8;2.6;8.1;0.89;0.79;0.15;0.21
-13;50;50;0;100;14.95;2.67;7.65;0.67;0.69;0.103;45.2;6.56;3.12;2.03;0.35;1.19;3.46;145.4;131.9;4.3;2.4;6.9;0.37;0.15;0.07;0.1;2.29;2.33;0.237;54.8;9.84;5.39;2.67;0.43;1.48;4.19;176.6;144.2;21.1;3;8.4;0.89;1.03;0.17;0.23
-13;50;50;50;0;17.17;2.89;8.21;0.71;0.71;0.098;49.7;7.07;3.32;2.2;0.36;1.3;3.74;144.9;125.5;9.3;2.6;7.5;0.35;0.18;0.08;0.1;2.63;2.63;0.248;50.3;10.63;5.91;2.84;0.47;1.59;4.47;146.8;114.5;20.2;3.2;8.9;1.58;0.63;0.18;0.24
-13;50;50;50;50;17.08;3.05;9.02;0.75;0.78;0.106;49.7;7.24;3.45;2.24;0.42;1.3;4.06;145.6;126.5;8.4;2.6;8.1;0.35;0.25;0.08;0.11;3.29;3.15;0.252;50.3;12.56;7.03;3.31;0.5;1.75;4.96;147.4;113.5;20.5;3.5;9.9;1.87;0.79;0.2;0.28
-13;50;50;50;100;16.63;3.33;9.74;0.78;0.81;0.109;49.7;7.36;3.53;2.3;0.4;1.33;4.33;146;127.4;7.4;2.7;8.7;0.36;0.27;0.08;0.11;3.66;3.66;0.26;50.3;14.11;7.88;3.74;0.61;2;5.41;147.9;112.6;20.4;4;10.8;2.13;0.97;0.24;0.32
-13;50;50;100;0;18.75;3.24;9.44;0.79;0.82;0.103;56.7;7.78;3.66;2.48;0.42;1.43;4.25;146.4;122.5;12.6;2.9;8.5;0.34;0.28;0.08;0.12;3.29;3.27;0.259;43.3;12.68;7.18;3.3;0.54;1.81;5.19;111.8;78.4;19.5;3.6;10.4;2.17;0.6;0.21;0.29
-13;50;50;100;50;18.59;3.72;10.43;0.88;0.91;0.11;56.3;8.13;3.85;2.53;0.44;1.47;4.66;146.6;122.8;11.5;2.9;9.3;0.35;0.35;0.09;0.12;4.14;4.03;0.264;43.7;15.3;8.77;3.83;0.67;2.25;5.77;113.7;78.1;19.5;4.5;11.5;2.71;0.74;0.25;0.34
-13;50;50;100;100;18.43;4.06;11.41;1.04;0.97;0.118;55.9;8.16;3.99;2.46;0.39;1.49;5.06;146.8;123.3;10.4;3;10.1;0.34;0.43;0.09;0.12;4.95;4.88;0.27;44.1;18.09;10.31;4.55;0.8;2.57;6.36;115.5;77.8;19.9;5.1;12.7;3.22;0.96;0.29;0.4
-13;50;100;0;0;15.36;2.7;7.64;0.7;0.75;0.099;44.7;7.5;3.48;2.42;0.39;1.36;3.3;144.7;129.2;6.2;2.7;6.6;0.42;0.15;0.08;0.11;2;2.05;0.239;55.3;8.53;4.73;2.25;0.37;1.33;4.33;178.9;147.8;19.8;2.7;8.7;0.85;0.85;0.15;0.2
-13;50;100;0;50;15.05;2.73;8.13;0.77;0.79;0.101;45.3;7.71;3.57;2.45;0.42;1.37;3.65;146.4;131.1;5.3;2.7;7.3;0.44;0.17;0.08;0.12;2.31;2.28;0.243;54.7;9.36;5.19;2.5;0.42;1.36;4.48;176.8;145.2;19.9;2.7;9;0.89;1.02;0.15;0.22
-13;50;100;0;100;14.65;2.87;8.19;0.77;0.8;0.103;45.7;7.58;3.58;2.33;0.43;1.36;3.63;147.3;132.9;4.4;2.7;7.3;0.44;0.18;0.08;0.1;2.53;2.51;0.252;54.3;9.99;5.53;2.6;0.46;1.5;4.57;175;142.8;20.1;3;9.1;0.86;1.25;0.17;0.23
-13;50;100;50;0;16.87;3.05;8.9;0.89;0.86;0.101;50.2;8.4;3.89;2.7;0.43;1.5;3.99;146.6;126.2;9.4;3;8;0.42;0.22;0.1;0.12;2.86;2.78;0.257;49.8;10.87;6.1;2.77;0.49;1.55;4.91;145.6;113.8;18.9;3.1;9.8;1.57;0.81;0.17;0.23
-13;50;100;50;50;16.66;3.42;9.8;0.88;0.93;0.108;50.3;8.52;4.03;2.69;0.47;1.57;4.4;147.7;127.6;8.2;3.1;8.8;0.43;0.29;0.09;0.12;3.37;3.31;0.261;49.7;12.72;7.21;3.25;0.57;1.85;5.4;146.2;112.4;19.3;3.7;10.8;1.82;0.99;0.22;0.29
-13;50;100;50;100;16.36;3.62;10.43;0.92;0.98;0.112;50.3;8.61;4.1;2.71;0.42;1.59;4.65;148.3;128.6;7.2;3.2;9.3;0.43;0.33;0.1;0.12;3.93;3.88;0.269;49.7;14.44;8.29;3.71;0.59;2.03;5.78;146.5;111.4;19.5;4.1;11.6;2.11;1.22;0.22;0.33
-13;50;100;100;0;18.66;3.5;10.3;0.99;0.99;0.106;57;9.18;4.29;2.89;0.47;1.61;4.6;148.1;123.4;12.3;3.2;9.2;0.41;0.34;0.11;0.13;3.59;3.55;0.265;43;13.41;7.55;3.55;0.61;1.89;5.71;111.7;77.7;18.8;3.8;11.4;2.2;0.82;0.22;0.31
-13;50;100;100;50;18.45;4.06;11.22;1.03;1.08;0.113;56.7;9.42;4.53;2.89;0.47;1.73;5.04;148.8;123.8;11.4;3.5;10.1;0.41;0.42;0.11;0.14;4.29;4.25;0.27;43.3;15.77;9.05;3.93;0.7;2.33;6.18;113.4;77.5;18.9;4.7;12.4;2.65;0.98;0.27;0.34
-13;50;100;100;100;18.1;4.36;12.23;1.1;1.15;0.12;56.7;9.48;4.57;2.9;0.52;1.73;5.58;149.5;124.8;10.1;3.5;11.2;0.42;0.48;0.11;0.14;5.14;5.06;0.277;43.3;18.29;10.48;4.65;0.8;2.62;6.65;114.2;76.8;18.8;5.2;13.3;3.17;1.19;0.31;0.4
-13;100;0;0;0;17.87;2.55;7.23;0.66;0.66;0.096;35.6;6.76;3.16;2.09;0.37;1.26;3.21;101.3;86.1;6.3;2.5;6.4;0.38;0.11;0.08;0.09;1.79;1.79;0.216;64.4;8.32;4.49;2.28;0.38;1.3;4.02;183.5;147.8;25.1;2.6;8;0.84;0.6;0.15;0.2
-13;100;0;0;50;17.62;2.66;7.57;0.71;0.68;0.099;35.9;6.72;3.17;2.08;0.38;1.22;3.38;101.8;87.4;5.3;2.4;6.8;0.38;0.12;0.07;0.1;2.04;2.01;0.215;64.1;9.33;5.04;2.56;0.42;1.44;4.19;181.9;145.2;25.4;2.9;8.4;0.86;0.76;0.17;0.22
-13;100;0;0;100;17.51;2.8;8.25;0.59;0.69;0.101;36.5;6.74;3.07;2.19;0.38;1.21;3.65;103.2;89.2;4.3;2.4;7.3;0.4;0.13;0.07;0.1;2.22;2.27;0.217;63.5;10.45;5.59;2.88;0.47;1.58;4.6;179.9;141.6;25.9;3.2;9.2;0.87;0.96;0.19;0.25
-13;100;0;50;0;19.48;2.94;8.54;0.69;0.71;0.098;40.8;7.13;3.3;2.25;0.37;1.28;3.81;103.9;84.5;9.3;2.6;7.6;0.37;0.16;0.08;0.1;2.65;2.63;0.238;59.2;11.09;6.14;3.01;0.5;1.66;4.73;150.7;113.3;24.6;3.3;9.5;1.59;0.6;0.19;0.26
-13;100;0;50;50;19.11;3.29;9.39;0.73;0.77;0.102;40.9;7.39;3.49;2.31;0.41;1.37;4.18;104.5;85.3;8.1;2.7;8.4;0.39;0.19;0.08;0.11;3.16;3.11;0.243;59.1;12.87;7.16;3.46;0.55;1.93;5.21;151;112.1;24.7;3.9;10.4;1.85;0.74;0.23;0.29
-13;100;0;50;100;19.04;3.43;10.16;0.73;0.78;0.105;41.2;7.24;3.32;2.34;0.37;1.25;4.57;105.4;86.7;7.1;2.5;9.1;0.38;0.22;0.07;0.1;3.68;3.62;0.245;58.8;14.79;8.21;3.94;0.67;2.17;5.59;150.7;110;25.1;4.3;11.2;2.11;0.92;0.25;0.34
-13;100;0;100;0;21.02;3.45;9.65;0.78;0.81;0.099;48.1;7.98;3.67;2.53;0.46;1.45;4.44;107.2;83;12.4;2.9;8.9;0.37;0.22;0.09;0.12;3.26;3.26;0.249;51.9;13.08;7.37;3.34;0.65;1.99;5.21;115.4;77;23.9;4;10.4;2.16;0.58;0.22;0.3
-13;100;0;100;50;20.79;3.78;10.85;0.79;0.84;0.104;47.7;7.91;3.66;2.53;0.41;1.43;4.88;107.2;83.7;10.9;2.9;9.8;0.37;0.27;0.08;0.12;4.04;4.08;0.254;52.3;16.1;9.02;4.19;0.75;2.35;5.98;117.3;76.3;24.4;4.7;12;2.68;0.75;0.28;0.37
-13;100;0;100;100;20.81;4.08;11.94;0.88;0.92;0.111;47.6;8.12;3.9;2.52;0.44;1.53;5.31;108;84;10.3;3.1;10.6;0.37;0.34;0.09;0.12;4.88;4.79;0.258;52.4;18.59;10.48;4.81;0.81;2.55;6.64;118.9;76;24.6;5.1;13.3;3.15;0.91;0.31;0.42
-13;100;50;0;0;17.96;2.96;8.34;0.79;0.82;0.097;36.7;8.33;3.89;2.63;0.43;1.56;3.77;104.8;87.9;6.3;3.1;7.5;0.49;0.11;0.09;0.12;2.01;2.01;0.22;63.3;9.13;4.93;2.48;0.43;1.4;4.58;180.6;144.2;24.5;2.8;9.2;0.81;0.8;0.17;0.22
-13;100;50;0;50;17.67;3.08;8.87;0.77;0.85;0.098;37.1;8.48;3.91;2.77;0.42;1.52;4.02;105.5;89.2;5.2;3;8;0.5;0.13;0.09;0.12;2.3;2.23;0.223;62.9;10.02;5.51;2.64;0.46;1.57;4.85;179.2;141.6;24.8;3.1;9.7;0.84;0.98;0.18;0.22
-13;100;50;0;100;17.59;3.26;9.52;0.88;0.87;0.101;37.5;8.48;4.02;2.64;0.45;1.55;4.33;106.7;90.8;4.1;3.1;8.7;0.51;0.15;0.09;0.12;2.38;2.6;0.231;62.5;11.27;6.01;3.14;0.54;1.71;5.2;177.6;138.5;25.3;3.4;10.4;0.86;1.28;0.19;0.27
-13;100;50;50;0;19.17;3.33;9.79;0.88;0.88;0.097;41.8;8.99;4.16;2.85;0.52;1.6;4.39;106.8;85.9;9;3.2;8.8;0.49;0.17;0.09;0.13;2.83;2.78;0.241;58.2;11.6;6.45;3.07;0.56;1.73;5.4;149;111.2;23.6;3.5;10.8;1.54;0.78;0.2;0.27
-13;100;50;50;50;19.28;3.74;10.38;0.93;0.95;0.103;41.9;9.06;4.31;2.81;0.49;1.73;4.61;107.6;87;7.9;3.5;9.2;0.49;0.23;0.1;0.13;3.43;3.29;0.244;58.1;13.52;7.62;3.49;0.62;2.02;5.77;149.4;109.6;24.3;4;11.5;1.77;0.98;0.22;0.31
-13;100;50;50;100;19;3.89;11.18;0.93;0.97;0.106;42.2;9.12;4.29;2.85;0.49;1.67;5.03;108.6;88.2;7;3.3;10.1;0.49;0.24;0.1;0.14;3.84;3.86;0.253;57.8;15.29;8.49;4.04;0.68;2.21;6.15;148.9;107.8;24.5;4.4;12.3;2.02;1.23;0.25;0.35
-13;100;50;100;0;21.06;3.78;10.99;0.9;0.97;0.102;48.6;9.48;4.36;3.08;0.51;1.65;4.95;109.5;84.2;12.1;3.3;9.9;0.46;0.27;0.1;0.14;3.45;3.48;0.251;51.4;13.91;7.81;3.65;0.65;2.13;6.04;115.8;75.8;23.7;4.3;12.1;2.14;0.78;0.24;0.32
-13;100;50;100;50;20.84;4.19;11.71;1.06;1.06;0.107;48.6;9.81;4.74;3;0.51;1.82;5.32;110.1;84.6;11.3;3.6;10.6;0.47;0.34;0.11;0.14;4.21;4.11;0.256;51.4;16.09;9.11;4.11;0.71;2.37;6.39;116.5;75.4;23.5;4.7;12.8;2.56;0.93;0.27;0.35
-13;100;50;100;100;20.76;4.56;13.03;1.16;1.15;0.113;48.2;10.03;4.83;3.11;0.55;1.77;5.8;110.4;85;10.3;3.5;11.6;0.48;0.41;0.11;0.15;5.09;5.04;0.264;51.8;19.13;10.84;4.91;0.83;2.8;7.24;118.8;75;23.7;5.6;14.5;3.1;1.21;0.32;0.42
-13;100;100;0;0;17.83;3.44;9.62;0.99;1.03;0.098;37.4;10.4;4.88;3.23;0.58;1.96;4.3;107.4;88.8;6.1;3.9;8.6;0.61;0.15;0.12;0.15;2.17;2.27;0.233;62.6;9.71;5.28;2.62;0.45;1.48;5.32;179.6;142.5;23.6;3;10.6;0.8;1.06;0.17;0.23
-13;100;100;0;50;17.58;3.5;9.97;0.99;1.03;0.1;37.8;10.23;4.77;3.22;0.55;1.9;4.43;108;90.3;5;3.8;8.9;0.61;0.16;0.1;0.15;2.59;2.63;0.243;62.2;10.79;5.93;2.93;0.46;1.6;5.54;177.6;139.3;24;3.2;11.1;0.84;1.35;0.19;0.26
-13;100;100;0;100;17.49;3.59;10.3;1.1;1.07;0.102;38.4;10.37;4.84;3.33;0.53;1.85;4.62;109.1;92.1;4.1;3.7;9.2;0.63;0.17;0.12;0.15;2.93;2.89;0.247;61.6;11.67;6.62;3;0.52;1.74;5.69;175.1;135.8;24.4;3.5;11.4;0.83;1.59;0.21;0.26
-13;100;100;50;0;19.34;3.75;10.91;1.11;1.09;0.099;42.4;10.85;5.06;3.44;0.58;1.95;4.84;109.3;86.6;9.1;3.9;9.7;0.59;0.22;0.12;0.16;2.99;3.01;0.25;57.6;12.05;6.67;3.24;0.53;1.8;6.07;148.7;110.2;22.8;3.6;12.1;1.51;1.02;0.21;0.27
-13;100;100;50;50;18.84;4.06;11.5;1.14;1.17;0.105;42.6;10.99;5.22;3.48;0.58;2.06;5.23;110;87.7;7.8;4.1;10.5;0.61;0.27;0.13;0.17;3.6;3.59;0.261;57.4;13.79;7.77;3.56;0.61;2;6.27;148.1;108.5;23;4;12.5;1.79;1.25;0.24;0.3
-13;100;100;50;100;18.8;4.21;12.27;1.18;1.21;0.108;42.8;11.03;5.25;3.37;0.62;1.98;5.48;110.9;89.1;6.9;4;11;0.61;0.31;0.13;0.16;4.29;4.21;0.264;57.2;15.99;9.01;4.15;0.71;2.22;6.79;148;106.4;23.6;4.4;13.6;2.05;1.55;0.26;0.36
-13;100;100;100;0;20.76;4.04;11.99;1.21;1.22;0.104;49.3;11.66;5.44;3.72;0.6;2.06;5.35;111.6;84.8;12;4.1;10.7;0.59;0.33;0.13;0.17;3.74;3.65;0.259;50.7;14.12;8.03;3.56;0.62;1.98;6.64;114.8;75.2;22.4;4;13.3;2.11;0.99;0.22;0.34
-13;100;100;100;50;20.91;4.55;12.96;1.26;1.31;0.109;49.1;11.82;5.61;3.74;0.61;2.17;5.78;112.4;85.3;11.2;4.3;11.6;0.58;0.42;0.14;0.17;4.61;4.49;0.268;50.9;16.8;9.6;4.3;0.72;2.38;7.18;116.5;74.7;22.7;4.8;14.4;2.58;1.27;0.27;0.38
-13;100;100;100;100;20.56;5.02;14.24;1.33;1.37;0.113;49;11.94;5.65;3.71;0.66;2.18;6.41;113.3;86.2;9.9;4.4;12.8;0.6;0.47;0.13;0.17;5.34;5.36;0.272;51;19.69;11.24;5.03;0.88;2.85;7.83;117.9;73.8;22.8;5.7;15.7;3.08;1.5;0.33;0.44
-12;0;0;0;0;13.52;1.75;4.96;0.4;0.41;0.101;49.8;3.83;1.74;1.21;0.23;0.67;2.27;178.3;165.6;6.8;1.3;4.5;0.19;0.12;0.04;0.06;1.55;1.57;0.226;50.2;6.95;3.78;1.87;0.3;1.08;2.69;179.4;154.4;17.4;2.2;5.4;0.87;0.41;0.14;0.15
-12;0;0;0;50;13.16;1.85;4.96;0.46;0.43;0.106;49.9;3.83;1.87;1.16;0.18;0.72;2.29;178.2;166.1;6;1.4;4.6;0.2;0.14;0.04;0.06;1.53;1.59;0.224;50.1;7.08;3.82;1.92;0.33;1.13;2.67;178.8;153.9;17.3;2.3;5.3;0.86;0.43;0.13;0.16
-12;0;0;0;100;12.9;1.86;5.38;0.46;0.46;0.112;50.1;3.88;1.79;1.23;0.21;0.68;2.44;179;167.8;5;1.4;4.9;0.2;0.16;0.04;0.06;1.77;1.75;0.224;49.9;7.82;4.21;2.18;0.35;1.18;2.95;178.1;152.2;17.6;2.4;5.9;0.88;0.55;0.13;0.18
-12;0;0;50;0;15.26;2.29;6.42;0.48;0.48;0.103;55.4;4.49;2.11;1.43;0.22;0.82;2.97;180;162.4;10.1;1.6;5.9;0.19;0.18;0.05;0.06;2.34;2.34;0.247;44.6;9.51;5.36;2.46;0.42;1.47;3.45;144.9;118.2;16.8;2.9;6.9;1.57;0.4;0.16;0.21
-12;0;0;50;50;14.88;2.31;6.87;0.54;0.52;0.111;55.2;4.53;2.15;1.43;0.22;0.78;3.16;179.5;162.7;8.9;1.6;6.3;0.2;0.21;0.05;0.06;2.74;2.7;0.249;44.8;10.87;6.07;2.87;0.47;1.52;3.71;145.4;118;17;3;7.4;1.84;0.44;0.17;0.24
-12;0;0;50;100;14.61;2.65;7.58;0.57;0.57;0.119;54.8;4.57;2.22;1.41;0.24;0.8;3.38;178.9;162.6;7.9;1.6;6.8;0.19;0.26;0.05;0.07;3.09;3.15;0.253;45.2;12.48;6.97;3.31;0.51;1.85;4.2;147.2;118;17;3.7;8.4;2.13;0.52;0.21;0.28
-12;0;0;100;0;17.03;2.57;7.52;0.53;0.54;0.105;62.5;5;2.29;1.6;0.26;0.87;3.4;181;159.6;13;1.7;6.8;0.19;0.22;0.05;0.07;2.98;3.02;0.256;37.5;11.81;6.56;3.11;0.53;1.71;4.12;108.6;80.2;16.7;3.4;8.2;2.15;0.4;0.2;0.27
-12;0;0;100;50;17.13;3.04;8.69;0.63;0.62;0.115;61.9;5.29;2.55;1.67;0.28;0.96;4.01;180.7;158.4;12.4;1.9;8;0.19;0.3;0.06;0.08;3.52;3.63;0.26;38.1;14;7.8;3.72;0.61;2.08;4.67;111.2;80.8;16.8;4.2;9.3;2.66;0.43;0.23;0.31
-12;0;0;100;100;16.82;3.44;9.71;0.68;0.7;0.126;61.4;5.45;2.62;1.7;0.29;0.99;4.42;180.2;158;11.3;2;8.8;0.18;0.38;0.06;0.09;4.35;4.4;0.263;38.6;16.78;9.46;4.41;0.72;2.45;5.29;113.3;81;16.8;4.9;10.6;3.22;0.54;0.28;0.37
-12;0;50;0;0;13.21;1.84;5.21;0.46;0.42;0.101;50.2;3.98;1.9;1.22;0.21;0.69;2.33;179.4;166.4;6.9;1.4;4.7;0.2;0.12;0.04;0.06;1.71;1.67;0.233;49.8;7.21;4.01;1.93;0.3;1.15;2.88;178.1;153.6;16.4;2.3;5.8;0.87;0.51;0.13;0.17
-12;0;50;0;50;12.73;1.91;5.38;0.49;0.45;0.107;50.3;3.99;1.95;1.24;0.21;0.73;2.47;179.4;167.2;5.7;1.5;4.9;0.2;0.15;0.05;0.06;1.72;1.75;0.23;49.7;7.63;4.24;2.02;0.34;1.18;2.91;177.4;152.8;16.5;2.4;5.8;0.88;0.56;0.13;0.17
-12;0;50;0;100;12.39;1.96;5.58;0.48;0.49;0.116;50.6;4;1.93;1.27;0.19;0.72;2.55;180.6;169.2;4.8;1.4;5.1;0.21;0.17;0.04;0.06;1.92;1.89;0.231;49.4;8.19;4.46;2.22;0.38;1.23;3.03;176.1;150.8;16.8;2.5;6.1;0.88;0.68;0.14;0.19
-12;0;50;50;0;14.94;2.3;6.64;0.49;0.51;0.104;55.6;4.72;2.2;1.52;0.25;0.82;3.01;180.5;162.8;10;1.6;6;0.2;0.19;0.05;0.07;2.44;2.46;0.25;44.4;9.87;5.5;2.61;0.41;1.48;3.63;144;117.9;15.9;3;7.3;1.57;0.5;0.17;0.22
-12;0;50;50;50;14.62;2.56;7.25;0.55;0.6;0.117;55.2;4.98;2.36;1.52;0.29;0.86;3.23;179.5;162.3;9.1;1.7;6.5;0.21;0.26;0.05;0.07;2.68;2.77;0.252;44.8;11.03;6.2;2.87;0.51;1.7;4.02;145.8;118.3;16.1;3.4;8;1.8;0.54;0.18;0.25
-12;0;50;50;100;14.28;2.74;7.9;0.65;0.64;0.126;55.3;4.94;2.38;1.51;0.25;0.84;3.57;180.4;163.4;8.1;1.7;7.1;0.2;0.31;0.05;0.07;3.31;3.31;0.256;44.7;12.96;7.26;3.45;0.55;1.9;4.33;145.8;117.4;15.9;3.8;8.7;2.14;0.66;0.22;0.29
-12;0;50;100;0;16.87;2.74;7.87;0.61;0.62;0.11;62.6;5.5;2.6;1.74;0.28;1;3.52;181.3;158.8;13.5;2;7;0.19;0.29;0.06;0.08;3.03;3.09;0.259;37.4;11.96;6.69;3.15;0.54;1.74;4.35;108.3;80.6;15.6;3.5;8.7;2.13;0.49;0.2;0.27
-12;0;50;100;50;16.38;3.13;8.93;0.69;0.72;0.121;62;5.86;2.76;1.84;0.27;1.03;4.12;180.4;158;12.1;2.1;8.2;0.2;0.37;0.06;0.08;3.62;3.72;0.263;38;14.21;7.95;3.7;0.66;2.1;4.81;110.3;81;15.5;4.2;9.6;2.65;0.52;0.23;0.31
-12;0;50;100;100;16.2;3.51;9.84;0.83;0.8;0.133;61.4;5.92;2.99;1.76;0.3;1.08;4.35;179.6;157.2;11.5;2.2;8.7;0.19;0.46;0.07;0.08;4.43;4.46;0.266;38.6;16.77;9.51;4.35;0.69;2.43;5.49;112.6;81.4;15.4;4.9;11;3.19;0.63;0.27;0.37
-12;0;100;0;0;12.88;1.9;5.42;0.47;0.48;0.107;50.4;4.36;2.08;1.38;0.24;0.79;2.45;180;166.5;7;1.6;4.9;0.21;0.16;0.05;0.07;1.8;1.77;0.239;49.6;7.42;4.14;1.95;0.33;1.11;2.97;177.3;153.5;15.6;2.2;5.9;0.86;0.62;0.13;0.17
-12;0;100;0;50;12.4;1.95;5.53;0.49;0.51;0.113;50.6;4.33;2.13;1.28;0.23;0.81;2.44;180.3;167.9;6;1.6;4.9;0.21;0.18;0.05;0.06;1.91;1.92;0.246;49.4;7.8;4.31;2.09;0.35;1.14;3.09;176.1;152.1;15.5;2.3;6.2;0.86;0.75;0.12;0.18
-12;0;100;0;100;11.82;2.03;5.77;0.57;0.54;0.117;50.9;4.35;2.17;1.37;0.21;0.78;2.6;181.3;169.6;4.9;1.6;5.2;0.21;0.2;0.05;0.07;2.06;2.09;0.249;49.1;8.42;4.72;2.2;0.38;1.25;3.17;174.6;150.4;15.4;2.5;6.3;0.85;0.89;0.15;0.2
-12;0;100;50;0;14.59;2.4;6.86;0.61;0.58;0.11;55.6;5.13;2.46;1.61;0.27;0.93;3.08;180.5;162.4;10.1;1.9;6.2;0.2;0.24;0.05;0.08;2.54;2.58;0.255;44.4;10.12;5.64;2.62;0.49;1.48;3.78;143.8;118.2;15.1;3;7.6;1.58;0.6;0.17;0.23
-12;0;100;50;50;14.23;2.65;7.5;0.64;0.67;0.122;55.7;5.37;2.52;1.69;0.29;0.94;3.46;181.1;163.1;9.2;1.9;6.9;0.21;0.32;0.06;0.08;2.96;3.01;0.263;44.3;11.49;6.5;2.93;0.51;1.71;4.03;144.2;117.6;15.1;3.4;8.1;1.83;0.74;0.19;0.25
-12;0;100;50;100;13.92;2.79;8.02;0.74;0.7;0.131;55.6;5.24;2.53;1.59;0.29;0.91;3.65;181.3;164.1;8.1;1.8;7.3;0.21;0.37;0.06;0.07;3.6;3.52;0.266;44.4;13.25;7.5;3.42;0.62;1.88;4.37;144.7;116.9;15.2;3.8;8.7;2.13;0.88;0.22;0.3
-12;0;100;100;0;16.44;2.82;8.11;0.74;0.71;0.116;62.6;6;2.89;1.83;0.3;1.05;3.71;180.8;157.9;13.4;2.1;7.4;0.19;0.37;0.07;0.08;3.09;3.17;0.263;37.4;12.07;6.77;3.19;0.52;1.76;4.4;108;81;14.7;3.5;8.8;2.13;0.58;0.2;0.26
-12;0;100;100;50;16.26;3.27;9.23;0.75;0.82;0.128;62;6.34;2.98;1.99;0.34;1.12;4.17;180.4;157.5;12.3;2.2;8.3;0.2;0.46;0.07;0.09;3.89;3.95;0.27;38;14.63;8.29;3.75;0.66;2.14;5.06;110.4;81.2;14.7;4.3;10.1;2.67;0.72;0.25;0.31
-12;0;100;100;100;15.98;3.47;10.33;0.94;0.92;0.138;61.6;6.58;3.19;2;0.33;1.12;4.66;180.1;157.1;11.4;2.2;9.3;0.21;0.55;0.07;0.1;4.64;4.65;0.274;38.4;17.02;9.63;4.52;0.69;2.35;5.67;112.1;81.4;14.6;4.7;11.3;3.19;0.83;0.26;0.37
-12;50;0;0;0;15.65;2.18;6.21;0.58;0.6;0.104;43.8;5.68;2.68;1.78;0.3;1.01;2.81;141.2;126.7;6.8;2;5.6;0.34;0.11;0.06;0.09;1.65;1.63;0.219;56.2;7.46;4.05;1.99;0.33;1.17;3.4;180.9;151;20.7;2.3;6.8;0.84;0.49;0.13;0.17
-12;50;0;0;50;15.3;2.34;6.47;0.6;0.64;0.108;43.8;5.8;2.72;1.82;0.31;1.03;2.92;141.2;127.5;5.7;2.1;5.8;0.35;0.14;0.06;0.09;1.74;1.73;0.216;56.2;8.01;4.34;2.17;0.39;1.31;3.56;180.8;150;21.1;2.6;7.1;0.85;0.55;0.15;0.18
-12;50;0;0;100;14.96;2.35;6.9;0.63;0.64;0.11;44.3;5.74;2.69;1.8;0.3;1.01;3.06;142.3;129.4;4.8;2;6.1;0.36;0.14;0.06;0.08;1.87;1.9;0.216;55.7;8.83;4.75;2.39;0.43;1.34;3.84;178.9;147.5;21.1;2.7;7.7;0.86;0.69;0.15;0.21
-12;50;0;50;0;17.46;2.63;7.57;0.62;0.66;0.104;49.2;6.18;2.87;1.97;0.35;1.12;3.42;143.1;124.1;9.9;2.2;6.8;0.33;0.16;0.07;0.09;2.36;2.4;0.239;50.8;10.05;5.51;2.69;0.47;1.51;4.15;147.6;115.9;20.5;3;8.3;1.53;0.48;0.15;0.24
-12;50;0;50;50;17.28;2.94;8.36;0.72;0.71;0.11;49.1;6.38;3.04;2.01;0.3;1.16;3.7;143.4;124.6;9.1;2.3;7.4;0.34;0.21;0.06;0.09;2.82;2.84;0.241;50.9;11.79;6.52;3.13;0.52;1.78;4.65;148.7;115.4;20.4;3.6;9.3;1.81;0.55;0.2;0.27
-12;50;0;50;100;16.79;3.19;8.94;0.71;0.74;0.115;49.1;6.3;2.93;2.05;0.32;1.12;4.07;143.7;125.7;7.7;2.2;8.1;0.34;0.24;0.07;0.09;3.19;3.26;0.245;50.9;13.36;7.39;3.56;0.62;2.07;4.86;148.8;114.3;20.6;4.1;9.7;2.07;0.67;0.23;0.29
-12;50;0;100;0;18.99;3.03;8.84;0.69;0.72;0.105;56.3;6.76;3.15;2.11;0.37;1.2;3.93;144.9;121.7;12.9;2.4;7.9;0.33;0.23;0.07;0.1;3.06;3.06;0.25;43.7;12.26;6.9;3.25;0.55;1.82;4.91;112.2;78.9;19.9;3.6;9.8;2.09;0.48;0.2;0.29
-12;50;0;100;50;18.89;3.37;9.82;0.79;0.79;0.112;56;6.99;3.29;2.26;0.34;1.2;4.46;145.3;122;12;2.4;8.9;0.33;0.29;0.07;0.11;3.69;3.71;0.252;44;14.74;8.19;3.87;0.7;2.17;5.36;114;78.7;20.3;4.3;10.7;2.58;0.55;0.25;0.33
-12;50;0;100;100;18.73;3.83;10.9;0.88;0.88;0.121;55.5;7.18;3.5;2.15;0.4;1.28;4.88;145.2;121.7;11.1;2.6;9.8;0.32;0.37;0.09;0.1;4.42;4.44;0.256;44.5;17.38;9.71;4.57;0.76;2.54;6.02;116.1;78.8;20.1;5.1;12;3.08;0.68;0.28;0.39
-12;50;50;0;0;15.33;2.44;6.9;0.71;0.7;0.104;44.2;6.67;3.18;2.06;0.35;1.21;3.07;142.6;127.4;6.6;2.4;6.1;0.42;0.12;0.07;0.1;1.76;1.76;0.226;55.8;7.78;4.21;2.15;0.37;1.23;3.83;180;150.1;19.8;2.5;7.7;0.84;0.6;0.13;0.18
-12;50;50;0;50;15.11;2.44;7.2;0.74;0.73;0.108;44.6;6.73;3.15;2.06;0.39;1.15;3.31;143.7;129.1;5.7;2.3;6.6;0.42;0.14;0.07;0.1;1.96;1.95;0.226;55.4;8.6;4.7;2.3;0.37;1.29;3.89;178.4;147.8;20.2;2.6;7.8;0.85;0.76;0.15;0.19
-12;50;50;0;100;14.81;2.73;7.66;0.76;0.78;0.112;45.3;6.9;3.28;2.13;0.36;1.24;3.51;145.8;131.6;4.7;2.5;7;0.44;0.17;0.08;0.1;2.16;2.18;0.228;54.7;9.54;5.16;2.57;0.43;1.49;4.15;176.2;144.5;20.4;3;8.3;0.85;0.94;0.17;0.21
-12;50;50;50;0;16.95;2.92;8.25;0.77;0.77;0.105;49.7;7.25;3.42;2.28;0.37;1.3;3.77;144.9;125.2;9.6;2.6;7.5;0.41;0.18;0.08;0.1;2.48;2.54;0.243;50.3;10.45;5.8;2.8;0.46;1.62;4.48;146.5;114.8;19.5;3.2;9;1.52;0.61;0.17;0.23
-12;50;50;50;50;16.61;3.15;8.99;0.82;0.84;0.112;49.6;7.38;3.48;2.31;0.39;1.33;3.98;145;125.8;8.6;2.7;8;0.41;0.24;0.08;0.11;3.06;3.04;0.248;50.4;12.3;6.89;3.2;0.55;1.82;5;147.2;114.2;19.3;3.6;10;1.81;0.75;0.2;0.28
-12;50;50;50;100;16.65;3.4;9.69;0.86;0.9;0.118;49.8;7.49;3.61;2.31;0.4;1.36;4.35;146.2;127;7.7;2.7;8.7;0.41;0.3;0.09;0.1;3.5;3.51;0.252;50.2;13.97;7.76;3.66;0.62;2.03;5.34;147.5;113;19.8;4.1;10.7;2.06;0.9;0.23;0.32
-12;50;50;100;0;18.77;3.26;9.52;0.92;0.89;0.109;56.4;8.02;3.84;2.45;0.45;1.43;4.21;145.8;121.5;13;2.9;8.4;0.39;0.29;0.09;0.12;3.11;3.22;0.254;43.6;12.69;6.99;3.42;0.56;1.84;5.31;112.4;79;19.1;3.7;10.6;2.12;0.59;0.21;0.29
-12;50;50;100;50;18.6;3.69;10.53;0.95;0.97;0.116;56.4;8.25;3.94;2.56;0.46;1.46;4.75;146.7;122.2;12.1;2.9;9.5;0.39;0.37;0.09;0.12;3.87;3.88;0.258;43.6;15.04;8.39;3.9;0.7;2.23;5.79;113.4;78.5;18.9;4.5;11.6;2.57;0.72;0.25;0.33
-12;50;50;100;100;18.53;4.06;11.66;1.03;1.05;0.123;56;8.41;4.03;2.6;0.46;1.49;5.33;147.2;122.6;10.9;3;10.7;0.4;0.43;0.09;0.13;4.59;4.63;0.262;44;17.69;10.03;4.58;0.75;2.57;6.33;115.3;78.3;19.3;5.1;12.7;3.09;0.87;0.29;0.38
-12;50;100;0;0;15.23;2.7;7.7;0.78;0.82;0.105;45;7.71;3.68;2.41;0.42;1.42;3.44;145.5;129.3;6.5;2.8;6.9;0.49;0.15;0.08;0.11;1.91;1.94;0.232;55;8.37;4.56;2.29;0.38;1.28;4.26;177.9;147.6;19.2;2.6;8.5;0.81;0.78;0.14;0.2
-12;50;100;0;50;14.95;2.77;8.01;0.87;0.87;0.109;45.3;7.84;3.77;2.4;0.42;1.41;3.6;146.3;130.7;5.5;2.8;7.2;0.49;0.18;0.08;0.11;2.32;2.23;0.24;54.7;9.3;5.12;2.54;0.43;1.35;4.41;176.7;145.7;19.5;2.7;8.8;0.85;1.01;0.15;0.22
-12;50;100;0;100;14.69;2.84;8.35;0.84;0.88;0.111;45.7;7.82;3.75;2.41;0.4;1.37;3.76;147.5;132.5;4.8;2.7;7.5;0.5;0.2;0.08;0.1;2.46;2.44;0.248;54.3;9.81;5.53;2.56;0.41;1.47;4.59;175.1;143.3;19.6;2.9;9.2;0.82;1.23;0.15;0.23
-12;50;100;50;0;16.88;3.03;9.06;0.88;0.92;0.107;50.1;8.52;3.96;2.72;0.47;1.49;4.13;146.5;125.4;9.8;3;8.3;0.48;0.23;0.09;0.13;2.59;2.64;0.249;49.9;10.64;5.87;2.81;0.47;1.55;4.93;146;114.6;18.4;3.1;9.9;1.5;0.74;0.18;0.23
-12;50;100;50;50;16.69;3.33;9.72;0.98;0.99;0.114;50.1;8.52;4.03;2.65;0.49;1.48;4.37;147;126.8;8.5;3;8.7;0.48;0.3;0.09;0.12;3.25;3.22;0.257;49.9;12.58;7.04;3.34;0.54;1.85;5.35;146.6;113.2;19;3.7;10.7;1.78;0.97;0.2;0.27
-12;50;100;50;100;16.33;3.72;10.39;1.1;1.06;0.119;50.3;8.85;4.28;2.71;0.44;1.59;4.65;148.1;128.1;7.6;3.2;9.3;0.5;0.35;0.1;0.12;3.76;3.78;0.265;49.7;14.29;8.17;3.61;0.63;2.13;5.75;146.6;111.9;18.9;4.3;11.5;2.04;1.18;0.24;0.31
-12;50;100;100;0;18.57;3.65;10.33;1.05;1.05;0.112;57;9.29;4.47;2.85;0.51;1.7;4.66;148;122.6;12.7;3.4;9.3;0.46;0.35;0.11;0.13;3.3;3.34;0.257;43;13.01;7.31;3.44;0.56;1.94;5.68;111.8;78.3;18.2;3.9;11.4;2.11;0.73;0.2;0.29
-12;50;100;100;50;18.34;3.95;11.4;1.09;1.14;0.119;56.7;9.54;4.54;2.98;0.47;1.71;5.2;148.4;122.7;11.9;3.4;10.4;0.47;0.44;0.1;0.14;3.97;4.11;0.265;43.3;15.53;8.68;4.04;0.69;2.24;6.2;113.2;78.2;18.1;4.5;12.4;2.58;0.93;0.26;0.33
-12;50;100;100;100;18.26;4.35;12.38;1.26;1.25;0.126;56.5;9.84;4.82;3.01;0.47;1.77;5.59;148.9;123;11.1;3.5;11.2;0.47;0.54;0.1;0.14;4.84;4.85;0.272;43.5;17.88;10.27;4.58;0.74;2.58;6.79;114.8;78;18;5.2;13.6;3.03;1.14;0.29;0.4
-12;100;0;0;0;17.83;2.46;7.25;0.74;0.72;0.104;35.6;6.86;3.23;2.17;0.35;1.23;3.23;101.4;85.9;6.5;2.5;6.5;0.44;0.11;0.07;0.1;1.74;1.74;0.211;64.4;8.22;4.41;2.24;0.36;1.23;4.03;183.4;148.1;24.8;2.5;8.1;0.82;0.59;0.13;0.2
-12;100;0;0;50;17.65;2.72;7.76;0.74;0.76;0.107;36.1;7.03;3.26;2.23;0.4;1.22;3.49;102.6;87.5;5.7;2.4;7;0.45;0.13;0.08;0.11;1.94;1.96;0.211;63.9;9.27;4.99;2.49;0.45;1.5;4.27;181.5;145.1;24.9;3;8.5;0.81;0.77;0.17;0.21
-12;100;0;0;100;17.34;2.75;8.12;0.79;0.77;0.109;36.4;6.97;3.22;2.19;0.37;1.22;3.61;103.1;88.7;4.7;2.4;7.2;0.46;0.14;0.07;0.1;2.33;2.19;0.213;63.6;10.27;5.57;2.75;0.51;1.53;4.5;179.9;142.7;25.2;3.1;9;0.84;0.94;0.16;0.25
-12;100;0;50;0;19.66;2.96;8.63;0.82;0.79;0.105;41;7.41;3.51;2.32;0.4;1.35;3.88;104.6;84.3;9.8;2.7;7.8;0.43;0.17;0.08;0.11;2.42;2.53;0.231;59;10.94;5.83;3.06;0.53;1.61;4.75;150.6;113.6;24.3;3.2;9.5;1.49;0.6;0.18;0.26
-12;100;0;50;50;19;3.24;9.23;0.84;0.84;0.109;41;7.57;3.58;2.35;0.43;1.33;4.12;104.4;85;8.6;2.7;8.2;0.44;0.2;0.09;0.11;3;2.99;0.237;59;12.61;6.99;3.35;0.59;1.91;5.11;150.5;112.6;23.9;3.8;10.2;1.76;0.72;0.21;0.29
-12;100;0;50;100;18.95;3.41;10.22;0.88;0.86;0.113;41.1;7.51;3.56;2.34;0.41;1.28;4.53;105.3;86.2;7.5;2.6;9.1;0.44;0.23;0.08;0.11;3.44;3.49;0.24;58.9;14.6;7.91;3.98;0.68;2.13;5.69;150.9;110.8;24.5;4.3;11.4;2.02;0.91;0.23;0.33
-12;100;0;100;0;20.97;3.4;9.81;0.88;0.87;0.106;48.2;8.12;3.8;2.68;0.41;1.45;4.48;107.2;82.7;12.6;2.9;9;0.43;0.22;0.1;0.12;3.09;3.18;0.245;51.8;13.02;7.11;3.56;0.58;1.95;5.34;115.4;77.3;23.5;3.9;10.7;2.1;0.57;0.23;0.29
-12;100;0;100;50;21.04;3.74;10.9;0.91;0.92;0.111;47.9;8.17;3.89;2.52;0.43;1.45;4.99;107.7;83;11.8;2.9;10;0.42;0.3;0.09;0.12;3.87;3.88;0.248;52.1;15.66;8.57;4.26;0.68;2.28;5.91;117.3;77;23.9;4.6;11.8;2.56;0.73;0.25;0.33
-12;100;0;100;100;20.8;4.24;11.99;0.92;1;0.117;47.6;8.41;3.99;2.65;0.4;1.5;5.42;108.1;83.6;10.7;3;10.8;0.43;0.35;0.09;0.12;4.62;4.61;0.253;52.4;18.23;10.24;4.8;0.79;2.74;6.58;118.8;76.4;23.7;5.5;13.2;3.02;0.86;0.31;0.41
-12;100;50;0;0;17.68;2.83;8.47;0.87;0.91;0.104;36.7;8.67;3.99;2.74;0.47;1.5;3.87;104.7;87.3;6.6;3;7.7;0.57;0.12;0.09;0.13;1.87;1.94;0.217;63.3;8.9;4.71;2.53;0.41;1.32;4.6;180.9;145.3;23.7;2.6;9.2;0.8;0.77;0.15;0.22
-12;100;50;0;50;17.86;3.16;8.89;0.88;0.93;0.107;37.2;8.58;4.07;2.71;0.41;1.59;4.14;106;88.8;5.7;3.2;8.3;0.56;0.14;0.1;0.13;2.16;2.19;0.22;62.8;9.97;5.41;2.71;0.46;1.57;4.75;179.4;142.3;24.4;3.1;9.5;0.82;0.97;0.17;0.22
-12;100;50;0;100;17.19;3.25;9.3;0.95;0.98;0.11;37.4;8.79;4.12;2.81;0.45;1.57;4.17;106.1;90.2;4.4;3.1;8.3;0.59;0.16;0.1;0.13;2.42;2.44;0.223;62.6;10.93;5.95;2.94;0.49;1.67;5.13;177.6;139.6;24.4;3.3;10.3;0.84;1.16;0.19;0.26
-12;100;50;50;0;19.3;3.36;9.68;0.91;0.97;0.105;41.7;9.09;4.23;2.84;0.5;1.66;4.32;106.7;85.2;9.6;3.3;8.6;0.54;0.18;0.11;0.14;2.65;2.68;0.236;58.3;11.34;6.25;3.05;0.53;1.7;5.36;149.6;112.2;23.2;3.4;10.7;1.48;0.75;0.19;0.26
-12;100;50;50;50;19.08;3.66;10.62;1.02;1.05;0.111;41.9;9.37;4.46;2.92;0.52;1.63;4.84;107.8;86.5;8.3;3.3;9.7;0.56;0.25;0.1;0.14;3.21;3.21;0.24;58.1;13.39;7.44;3.53;0.61;2.03;5.77;149.5;110.2;23.7;4.1;11.5;1.73;0.95;0.23;0.3
-12;100;50;50;100;19.11;3.95;11.29;0.99;1.08;0.115;41.9;9.35;4.42;2.94;0.48;1.69;4.98;108.2;87.3;7.6;3.4;10;0.56;0.29;0.1;0.14;3.79;3.72;0.245;58.1;15.25;8.51;3.97;0.69;2.27;6.32;150.2;109.1;24;4.5;12.6;1.98;1.14;0.25;0.34
-12;100;50;100;0;20.96;3.73;10.8;1.02;1.06;0.108;48.7;9.76;4.59;3.11;0.51;1.73;4.87;109.3;83.5;12.5;3.5;9.7;0.53;0.28;0.11;0.14;3.29;3.28;0.246;51.3;13.37;7.37;3.6;0.65;2;5.93;115.2;76.5;22.8;4;11.9;2.01;0.75;0.22;0.3
-12;100;50;100;50;20.84;4.09;12.11;1.15;1.16;0.113;48.7;10.16;4.81;3.17;0.53;1.78;5.49;110.5;84.5;11.5;3.6;11;0.55;0.35;0.11;0.15;4.09;4.05;0.25;51.3;16.24;8.99;4.26;0.79;2.31;6.62;116.5;75.5;23.1;4.6;13.2;2.49;0.94;0.24;0.38
-12;100;50;100;100;20.83;4.51;13;1.27;1.23;0.119;48.4;10.21;4.96;3.08;0.53;1.81;5.88;110.8;84.8;10.6;3.6;11.8;0.55;0.42;0.12;0.14;4.81;4.77;0.255;51.6;18.72;10.47;4.93;0.78;2.69;7.12;118.2;75.2;23.3;5.4;14.2;2.95;1.11;0.29;0.42
-12;100;100;0;0;17.86;3.37;9.69;1.08;1.12;0.105;37.5;10.59;4.91;3.39;0.57;1.9;4.34;107.6;88.7;6.5;3.8;8.7;0.71;0.15;0.11;0.15;2.18;2.19;0.226;62.5;9.66;5.23;2.56;0.47;1.47;5.35;179.4;142.6;23.1;2.9;10.7;0.8;0.99;0.18;0.22
-12;100;100;0;50;17.54;3.5;10.1;1.09;1.14;0.108;38;10.45;4.96;3.3;0.57;1.92;4.56;108.5;90.2;5.4;3.8;9.1;0.7;0.16;0.12;0.16;2.55;2.56;0.241;62;10.65;5.86;2.83;0.51;1.57;5.53;177.5;139.7;23.6;3.1;11.1;0.81;1.33;0.18;0.24
-12;100;100;0;100;17.29;3.71;10.43;1.16;1.2;0.11;38.3;10.82;5.11;3.39;0.55;2;4.69;109.1;91.1;4.6;4;9.4;0.72;0.19;0.12;0.17;2.78;2.8;0.245;61.7;11.41;6.36;3.04;0.53;1.71;5.74;176.2;137.7;23.6;3.4;11.5;0.81;1.53;0.19;0.27
-12;100;100;50;0;19.26;3.8;10.97;1.19;1.2;0.106;42.7;11.17;5.29;3.5;0.57;1.98;4.98;110;86.8;9.4;4;10;0.69;0.23;0.12;0.16;2.85;2.88;0.241;57.3;11.97;6.6;3.19;0.52;1.82;5.99;148;109.9;22.5;3.6;12;1.44;0.96;0.21;0.27
-12;100;100;50;50;19.19;4.12;11.76;1.24;1.29;0.112;42.6;11.43;5.5;3.53;0.62;2.11;5.24;110.5;87.4;8.4;4.2;10.5;0.7;0.31;0.13;0.17;3.54;3.51;0.255;57.4;13.79;7.69;3.68;0.59;2;6.52;148.7;109;22.7;4;13;1.71;1.26;0.22;0.32
-12;100;100;50;100;19.01;4.26;12.52;1.25;1.33;0.116;43;11.41;5.44;3.56;0.63;2.01;5.69;111.6;88.8;7.4;4;11.4;0.7;0.34;0.12;0.17;3.99;4.04;0.259;57;15.59;8.73;4.04;0.71;2.25;6.83;148;106.8;23.1;4.5;13.7;1.92;1.52;0.25;0.35
-12;100;100;100;0;20.95;4.15;12.16;1.3;1.31;0.11;49.6;11.84;5.58;3.69;0.62;2.1;5.59;112.7;84.9;12.4;4.2;11.2;0.67;0.34;0.12;0.18;3.6;3.49;0.249;50.4;14.07;7.94;3.63;0.66;2.05;6.58;114.6;75.1;22.3;4.1;13.2;1.99;0.96;0.22;0.32
-12;100;100;100;50;20.67;4.59;13.24;1.39;1.42;0.116;49.2;12.17;5.84;3.81;0.61;2.2;5.96;112.7;85;11.4;4.4;11.9;0.68;0.42;0.14;0.18;4.29;4.36;0.262;50.8;16.63;9.32;4.38;0.72;2.39;7.28;116.3;75;22;4.8;14.6;2.47;1.24;0.26;0.38
-12;100;100;100;100;20.54;4.9;14.27;1.42;1.46;0.12;49.1;12.07;5.78;3.73;0.62;2.13;6.54;113.5;86;10.1;4.3;13.1;0.68;0.48;0.13;0.17;5.23;5.14;0.267;50.9;19.26;10.98;5.01;0.81;2.77;7.73;117.4;74;22.4;5.5;15.5;2.96;1.47;0.3;0.41
-11;0;0;0;0;13.62;1.76;5.05;0.44;0.42;0.102;49.9;3.91;1.87;1.2;0.22;0.71;2.28;178.6;165.2;7.4;1.4;4.6;0.19;0.13;0.04;0.06;1.42;1.48;0.217;50.1;6.79;3.63;1.9;0.3;1.05;2.77;179.3;154.8;16.9;2.1;5.5;0.79;0.4;0.12;0.16
-11;0;0;0;50;13.16;1.88;5.22;0.46;0.46;0.109;50;4.05;2;1.23;0.2;0.76;2.39;178.7;166.1;6.3;1.5;4.8;0.2;0.15;0.05;0.06;1.52;1.54;0.216;50;7.16;3.85;1.88;0.36;1.12;2.82;178.7;153.9;17;2.2;5.6;0.82;0.44;0.11;0.18
-11;0;0;0;100;12.92;1.94;5.45;0.45;0.48;0.115;50.3;4.04;1.97;1.23;0.23;0.76;2.49;179.7;167.8;5.4;1.5;5;0.21;0.17;0.05;0.06;1.67;1.65;0.215;49.7;7.67;4.09;2.11;0.38;1.18;2.96;177.6;152.2;17.2;2.4;5.9;0.8;0.54;0.14;0.18
-11;0;0;50;0;15.52;2.23;6.29;0.48;0.49;0.104;55.5;4.51;2.15;1.38;0.26;0.84;2.94;180.6;162.5;10.5;1.7;5.9;0.19;0.17;0.05;0.07;2.26;2.22;0.236;44.5;9.43;5.19;2.51;0.43;1.4;3.34;144.5;118.1;16.9;2.8;6.7;1.43;0.4;0.18;0.21
-11;0;0;50;50;14.98;2.33;6.99;0.54;0.53;0.112;55;4.6;2.18;1.43;0.26;0.77;3.16;178.9;161.6;9.5;1.5;6.3;0.19;0.23;0.05;0.06;2.56;2.56;0.239;45;10.75;5.85;2.91;0.51;1.56;3.84;146.2;118.8;16.6;3.1;7.7;1.72;0.42;0.17;0.25
-11;0;0;50;100;14.74;2.6;7.55;0.6;0.58;0.12;55.2;4.67;2.32;1.42;0.23;0.84;3.45;180;162.9;8.6;1.7;6.9;0.2;0.26;0.06;0.07;3.01;2.94;0.24;44.8;12.25;6.83;3.19;0.56;1.76;4.11;146.2;117.8;16.6;3.5;8.2;1.94;0.53;0.19;0.28
-11;0;0;100;0;17.23;2.68;7.6;0.6;0.56;0.105;62.5;5.13;2.46;1.6;0.27;0.93;3.42;181.2;158.9;13.6;1.9;6.8;0.19;0.23;0.06;0.07;2.83;2.84;0.244;37.5;11.65;6.47;3.11;0.51;1.75;4.18;108.8;80.6;16.3;3.5;8.4;1.99;0.39;0.19;0.27
-11;0;0;100;50;16.9;2.99;8.49;0.63;0.65;0.116;61.9;5.48;2.62;1.7;0.3;1.02;3.85;179.9;157.2;12.9;2;7.7;0.19;0.31;0.06;0.08;3.48;3.38;0.249;38.1;13.59;7.65;3.54;0.61;1.97;4.64;110.6;81.4;15.9;3.9;9.3;2.45;0.39;0.22;0.31
-11;0;0;100;100;16.72;3.35;9.65;0.69;0.7;0.126;61.6;5.49;2.66;1.72;0.28;0.94;4.45;180.4;158;11.6;1.9;8.9;0.18;0.38;0.06;0.08;4.2;4.12;0.251;38.4;16.44;9.17;4.31;0.75;2.42;5.2;112.6;81;16.3;4.8;10.4;2.98;0.51;0.26;0.37
-11;0;50;0;0;13.16;1.78;5.21;0.46;0.44;0.103;50.2;4.17;1.97;1.3;0.21;0.73;2.38;179.5;166;7.3;1.5;4.8;0.21;0.13;0.04;0.06;1.58;1.56;0.222;49.8;6.97;3.8;1.91;0.31;1.06;2.83;177.8;154;16;2.1;5.7;0.79;0.5;0.11;0.16
-11;0;50;0;50;12.8;1.94;5.3;0.5;0.48;0.11;50.1;4.2;2.03;1.29;0.21;0.8;2.36;178.8;166.2;6.3;1.6;4.7;0.21;0.16;0.05;0.06;1.68;1.63;0.222;49.9;7.3;3.99;1.95;0.34;1.14;2.94;178;153.8;16;2.3;5.9;0.81;0.53;0.12;0.17
-11;0;50;0;100;12.36;1.93;5.66;0.53;0.51;0.117;50.5;4.19;1.99;1.31;0.22;0.76;2.55;180.1;168.1;5.4;1.5;5.1;0.21;0.19;0.04;0.06;1.78;1.79;0.224;49.5;8;4.25;2.23;0.38;1.17;3.11;176.5;151.9;16.1;2.3;6.2;0.82;0.66;0.13;0.19
-11;0;50;50;0;15.02;2.26;6.72;0.55;0.53;0.105;55.6;4.89;2.33;1.54;0.24;0.85;3.08;180.7;162.5;10.3;1.7;6.2;0.2;0.2;0.06;0.07;2.39;2.35;0.238;44.4;9.85;5.37;2.66;0.43;1.41;3.65;144.1;118.1;15.9;2.8;7.3;1.45;0.51;0.16;0.22
-11;0;50;50;50;14.74;2.52;7.28;0.66;0.62;0.118;55.4;5.09;2.47;1.54;0.3;0.9;3.33;180.3;162.3;9.5;1.8;6.7;0.21;0.28;0.06;0.07;2.67;2.67;0.241;44.6;11.1;6.12;2.93;0.54;1.62;3.94;145.1;118.3;15.7;3.2;7.9;1.7;0.54;0.19;0.25
-11;0;50;50;100;14.37;2.81;7.98;0.63;0.65;0.127;55.2;5.04;2.4;1.55;0.27;0.89;3.66;180.3;162.9;8.3;1.8;7.3;0.2;0.32;0.06;0.08;3.17;3.14;0.245;44.8;12.84;7.12;3.37;0.61;1.92;4.32;146.1;117.8;15.8;3.8;8.6;1.99;0.64;0.22;0.29
-11;0;50;100;0;16.84;2.8;7.93;0.67;0.64;0.11;62.5;5.67;2.68;1.85;0.27;1;3.63;180.9;158.1;13.6;2;7.3;0.19;0.31;0.05;0.09;3;2.95;0.248;37.5;11.9;6.7;3.08;0.56;1.81;4.3;108.6;81;15.4;3.6;8.6;2.01;0.47;0.2;0.26
-11;0;50;100;50;16.25;3.12;8.96;0.8;0.75;0.121;62;6.02;2.93;1.79;0.32;1.04;4.08;180.1;157.3;12.6;2.1;8.2;0.2;0.39;0.07;0.09;3.58;3.52;0.25;38;14.12;7.93;3.68;0.64;2.08;4.87;110.1;81.4;14.9;4.2;9.7;2.47;0.52;0.22;0.31
-11;0;50;100;100;16.33;3.44;9.96;0.84;0.85;0.137;61.7;6.08;2.94;1.87;0.31;1.04;4.58;180.6;157.6;11.8;2.1;9.2;0.2;0.5;0.06;0.09;4.34;4.2;0.253;38.3;16.63;9.4;4.25;0.74;2.4;5.38;112;81.2;15.2;4.8;10.8;2.94;0.63;0.26;0.37
-11;0;100;0;0;12.65;1.88;5.52;0.5;0.5;0.107;50.4;4.51;2.12;1.42;0.25;0.78;2.53;179.8;166;7.2;1.6;5.1;0.22;0.17;0.05;0.06;1.66;1.67;0.231;49.6;7.23;3.97;1.95;0.32;1.1;2.99;177;154;14.8;2.2;6;0.78;0.6;0.13;0.16
-11;0;100;0;50;12.28;1.98;5.54;0.54;0.52;0.113;50.6;4.44;2.15;1.33;0.22;0.79;2.57;180.3;167.5;6.1;1.6;5.1;0.21;0.19;0.05;0.06;1.84;1.82;0.234;49.4;7.76;4.23;2.12;0.33;1.19;2.96;176;152.5;15.2;2.4;5.9;0.81;0.7;0.13;0.17
-11;0;100;0;100;11.93;1.98;5.71;0.53;0.55;0.123;50.8;4.38;2.08;1.36;0.23;0.73;2.62;180.8;168.9;5.2;1.5;5.2;0.21;0.23;0.05;0.07;1.99;1.96;0.238;49.2;8.27;4.55;2.18;0.42;1.25;3.09;174.9;151.1;15.2;2.5;6.2;0.81;0.82;0.14;0.18
-11;0;100;50;0;14.71;2.48;6.97;0.67;0.61;0.11;55.7;5.39;2.63;1.67;0.28;0.99;3.19;180.7;161.8;10.5;2;6.4;0.21;0.25;0.06;0.08;2.39;2.4;0.245;44.3;9.81;5.53;2.56;0.44;1.48;3.79;143.8;118.7;14.6;3;7.6;1.43;0.58;0.16;0.22
-11;0;100;50;50;14.42;2.66;7.68;0.7;0.7;0.123;55.5;5.55;2.72;1.7;0.28;1;3.54;180.8;162.2;9.5;2;7.1;0.21;0.34;0.06;0.08;2.88;2.84;0.249;44.5;11.43;6.32;3.07;0.51;1.66;4.13;144.8;118.3;14.8;3.3;8.3;1.71;0.69;0.18;0.26
-11;0;100;50;100;13.97;2.89;8.17;0.72;0.76;0.135;55.5;5.49;2.68;1.64;0.27;0.96;3.82;180.9;163;8.4;1.9;7.6;0.21;0.41;0.06;0.08;3.37;3.26;0.253;44.5;12.91;7.26;3.37;0.56;1.93;4.35;145.2;117.8;14.9;3.9;8.7;1.97;0.81;0.21;0.27
-11;0;100;100;0;16.32;2.94;8.27;0.76;0.76;0.117;62.6;6.34;3.01;1.97;0.34;1.16;3.79;180.8;157.1;13.8;2.3;7.6;0.21;0.38;0.07;0.09;2.99;3.02;0.252;37.4;12.02;6.67;3.12;0.56;1.78;4.48;107.9;81.4;14;3.6;9;2.01;0.55;0.19;0.27
-11;0;100;100;50;16.11;3.28;9.2;0.82;0.84;0.128;62;6.46;3.1;1.99;0.29;1.1;4.15;180.1;156.8;12.8;2.2;8.3;0.2;0.47;0.07;0.09;3.79;3.72;0.256;38;14.55;8.27;3.75;0.63;2.18;5.05;110.2;81.6;14.1;4.4;10.1;2.49;0.67;0.24;0.32
-11;0;100;100;100;15.81;3.6;10.28;0.93;0.97;0.144;61.6;6.64;3.25;2.02;0.34;1.16;4.62;179.9;156.5;11.9;2.3;9.2;0.21;0.59;0.08;0.09;4.46;4.35;0.26;38.4;16.8;9.52;4.37;0.72;2.43;5.66;111.8;81.8;13.8;4.9;11.3;2.97;0.76;0.26;0.36
-11;50;0;0;0;15.8;2.21;6.32;0.62;0.61;0.104;43.8;5.76;2.76;1.82;0.29;1.06;2.89;141.2;126.1;7.2;2.1;5.8;0.34;0.12;0.07;0.09;1.61;1.58;0.212;56.2;7.44;3.98;2.08;0.34;1.14;3.43;181.5;151.9;20.5;2.3;6.9;0.79;0.48;0.13;0.17
-11;50;0;0;50;15.39;2.33;6.67;0.65;0.65;0.108;44;5.88;2.8;1.87;0.3;1.1;3.06;141.9;127.4;6.2;2.2;6.1;0.35;0.14;0.07;0.09;1.65;1.66;0.208;56;7.95;4.23;2.17;0.4;1.23;3.61;180.4;150.2;20.5;2.5;7.2;0.8;0.55;0.13;0.18
-11;50;0;0;100;15.04;2.43;7;0.63;0.66;0.111;44.4;5.87;2.82;1.83;0.3;1.09;3.22;142.9;129.2;5.1;2.2;6.4;0.36;0.16;0.06;0.08;1.86;1.85;0.21;55.6;8.8;4.7;2.43;0.41;1.34;3.78;178.7;147.7;20.7;2.7;7.6;0.82;0.68;0.15;0.2
-11;50;0;50;0;17.38;2.68;7.63;0.68;0.69;0.105;49.3;6.4;3.04;2.04;0.32;1.19;3.46;143.5;123.9;10.3;2.4;6.9;0.34;0.17;0.08;0.09;2.35;2.32;0.23;50.7;10.09;5.54;2.67;0.42;1.5;4.17;147.3;116.1;19.9;3;8.3;1.44;0.48;0.17;0.23
-11;50;0;50;50;17.16;2.9;8.3;0.72;0.74;0.111;49.2;6.54;3.11;2.05;0.34;1.19;3.84;143.6;124;9.6;2.4;7.7;0.34;0.23;0.07;0.09;2.6;2.62;0.231;50.8;11.35;6.25;2.99;0.54;1.72;4.47;148.2;116;19.8;3.4;8.9;1.65;0.53;0.18;0.26
-11;50;0;50;100;16.81;3.12;9;0.73;0.78;0.117;49.3;6.6;3.16;2.02;0.34;1.18;4.13;144.3;125.5;8.1;2.4;8.3;0.34;0.26;0.08;0.1;3.29;3.14;0.235;50.7;13.38;7.37;3.62;0.6;1.95;4.87;148.4;114.5;20.3;3.9;9.7;1.93;0.66;0.23;0.32
-11;50;0;100;0;19.09;3;8.78;0.79;0.73;0.105;56.4;6.81;3.22;2.16;0.38;1.18;3.96;145;121.2;13.5;2.4;7.9;0.32;0.23;0.07;0.1;2.88;2.92;0.24;43.6;12.21;6.72;3.28;0.56;1.82;4.83;112.2;79.2;19.7;3.6;9.7;1.96;0.47;0.21;0.28
-11;50;0;100;50;18.86;3.38;9.79;0.83;0.82;0.113;56.1;7.17;3.44;2.19;0.38;1.27;4.52;145.1;121;12.5;2.5;9;0.33;0.31;0.08;0.11;3.5;3.48;0.242;43.9;14.44;7.92;3.84;0.68;2.11;5.27;113.4;79.3;19.3;4.2;10.5;2.42;0.52;0.22;0.33
-11;50;0;100;100;18.68;3.8;10.89;0.88;0.89;0.121;55.8;7.32;3.53;2.25;0.39;1.29;5.01;145.7;121.7;11.4;2.6;10;0.33;0.37;0.08;0.11;4.19;4.18;0.245;44.2;17.07;9.41;4.52;0.8;2.5;5.88;115.3;78.8;19.7;5;11.8;2.88;0.64;0.28;0.38
-11;50;50;0;0;15.38;2.43;7.1;0.73;0.73;0.104;44.4;6.86;3.26;2.12;0.38;1.25;3.23;143.6;127.5;7.2;2.5;6.5;0.42;0.13;0.08;0.11;1.65;1.71;0.218;55.6;7.83;4.14;2.21;0.4;1.18;3.88;179.6;150;19.5;2.4;7.8;0.78;0.61;0.13;0.2
-11;50;50;0;50;15.21;2.53;7.24;0.73;0.76;0.108;44.7;6.89;3.27;2.16;0.38;1.25;3.27;144.2;128.9;6.2;2.5;6.5;0.42;0.16;0.08;0.1;1.91;1.83;0.219;55.3;8.34;4.59;2.21;0.39;1.28;3.96;178.4;148.2;19.8;2.6;7.9;0.75;0.75;0.14;0.19
-11;50;50;0;100;14.99;2.57;7.61;0.83;0.79;0.113;45;6.89;3.33;2.13;0.32;1.21;3.54;145;130.3;5.2;2.4;7.1;0.42;0.19;0.07;0.11;2.05;2.05;0.222;55;9.24;4.95;2.55;0.43;1.36;4.06;177.3;146.3;20.2;2.7;8.1;0.79;0.91;0.14;0.2
-11;50;50;50;0;17.26;2.94;8.37;0.85;0.82;0.105;49.8;7.62;3.6;2.45;0.39;1.41;3.79;145.4;124.7;10.3;2.8;7.6;0.41;0.2;0.09;0.11;2.38;2.42;0.234;50.2;10.38;5.65;2.79;0.48;1.53;4.58;146.6;115.3;19.1;3.1;9.2;1.4;0.6;0.17;0.25
-11;50;50;50;50;16.92;3.23;9.08;0.86;0.88;0.113;49.8;7.65;3.65;2.35;0.4;1.42;4.22;146.1;125.7;9.1;2.8;8.4;0.41;0.27;0.09;0.11;2.8;2.84;0.237;50.2;11.99;6.6;3.19;0.58;1.81;4.86;146.9;114.3;19.3;3.6;9.7;1.63;0.74;0.2;0.27
-11;50;50;50;100;16.7;3.34;9.71;0.88;0.91;0.119;49.8;7.57;3.53;2.42;0.42;1.33;4.45;146.5;126.7;8.2;2.7;8.9;0.4;0.31;0.08;0.11;3.37;3.31;0.241;50.2;13.73;7.55;3.72;0.58;2;5.27;147.4;113.3;19.5;4;10.5;1.88;0.89;0.22;0.32
-11;50;50;100;0;18.86;3.28;9.55;0.94;0.92;0.109;56.8;8.31;3.89;2.6;0.42;1.43;4.35;146.7;121.5;13.6;2.9;8.7;0.4;0.3;0.09;0.12;2.93;2.99;0.242;43.2;12.37;6.78;3.3;0.57;1.85;5.19;111.6;79;18.5;3.7;10.4;1.93;0.58;0.2;0.28
-11;50;50;100;50;18.75;3.61;10.63;1.01;1.01;0.116;56.5;8.6;4.11;2.67;0.46;1.54;4.88;147.1;121.8;12.4;3.1;9.8;0.41;0.38;0.09;0.12;3.69;3.62;0.246;43.5;14.7;8.15;3.82;0.68;2.07;5.75;113.2;78.8;18.8;4.1;11.5;2.36;0.71;0.22;0.32
-11;50;50;100;100;18.46;4.12;11.75;1.11;1.13;0.127;55.9;8.8;4.2;2.69;0.47;1.53;5.28;146.8;121.5;11.6;3.1;10.6;0.41;0.5;0.1;0.13;4.45;4.39;0.251;44.1;17.53;9.87;4.54;0.76;2.6;6.47;115.6;79;18.4;5.2;12.9;2.86;0.84;0.3;0.39
-11;50;100;0;0;15.26;2.73;7.75;0.89;0.87;0.106;45;8.06;3.82;2.57;0.44;1.44;3.54;145.7;128.7;7.1;2.9;7.1;0.49;0.16;0.09;0.12;1.89;1.85;0.225;55;8.21;4.5;2.19;0.38;1.29;4.21;178.1;148.5;18.6;2.6;8.4;0.76;0.77;0.14;0.18
-11;50;100;0;50;14.96;2.79;8.03;0.92;0.91;0.11;45.2;8.19;3.88;2.52;0.45;1.45;3.63;146;129.8;6.1;2.9;7.3;0.51;0.19;0.09;0.12;2.11;2.05;0.229;54.8;8.93;4.89;2.36;0.41;1.34;4.39;177.3;147;18.9;2.7;8.8;0.8;0.9;0.15;0.2
-11;50;100;0;100;14.64;2.86;8.27;0.91;0.94;0.115;45.5;8.08;3.82;2.47;0.44;1.42;3.74;146.8;131.4;5.1;2.8;7.5;0.5;0.22;0.09;0.12;2.29;2.34;0.243;54.5;9.6;5.38;2.55;0.41;1.44;4.53;175.9;144.8;19.2;2.9;9.1;0.77;1.19;0.17;0.22
-11;50;100;50;0;16.79;3.22;9.05;0.95;0.97;0.108;50.3;8.82;4.28;2.7;0.45;1.62;4.2;147.4;125.6;10.2;3.2;8.4;0.49;0.24;0.1;0.13;2.48;2.52;0.239;49.7;10.58;5.81;2.85;0.46;1.59;4.85;145.3;114.4;18;3.2;9.7;1.37;0.73;0.17;0.25
-11;50;100;50;50;16.64;3.35;9.77;0.98;1.03;0.116;50;8.76;4.16;2.69;0.47;1.57;4.36;146.8;125.7;9.2;3.1;8.7;0.47;0.33;0.09;0.13;2.94;2.99;0.243;50;12.3;6.75;3.3;0.54;1.78;5.41;147;114.3;18.3;3.6;10.8;1.62;0.89;0.19;0.29
-11;50;100;50;100;16.43;3.63;10.58;1.13;1.13;0.124;50.2;9.1;4.39;2.86;0.48;1.64;4.85;148.2;127;8.2;3.3;9.7;0.5;0.4;0.1;0.13;3.65;3.54;0.255;49.8;13.87;7.72;3.58;0.67;2;5.73;146.7;113;18.3;4;11.5;1.88;1.14;0.22;0.3
-11;50;100;100;0;18.73;3.46;10.29;1.07;1.06;0.112;57.1;9.38;4.43;2.92;0.48;1.65;4.75;148.4;122.2;13.4;3.3;9.5;0.46;0.37;0.1;0.14;3.25;3.14;0.246;42.9;12.78;7.14;3.35;0.61;1.81;5.54;111.2;78.5;18;3.6;11.1;1.93;0.73;0.2;0.28
-11;50;100;100;50;18.39;4;11.47;1.18;1.18;0.119;56.9;9.77;4.64;2.98;0.55;1.74;5.29;149.1;122.9;12.2;3.5;10.6;0.47;0.45;0.11;0.14;3.87;3.86;0.25;43.1;15.44;8.56;4.07;0.72;2.27;6.18;112.8;78.1;17.8;4.5;12.4;2.37;0.89;0.26;0.34
-11;50;100;100;100;18.28;4.38;12.29;1.28;1.29;0.13;56.4;9.88;4.81;3.05;0.52;1.78;5.61;148.8;122.5;11.5;3.6;11.2;0.47;0.58;0.1;0.15;4.62;4.62;0.261;43.6;17.76;9.99;4.53;0.79;2.6;6.69;114.7;78.3;17.8;5.2;13.4;2.83;1.11;0.3;0.38
-11;100;0;0;0;17.84;2.61;7.33;0.77;0.75;0.104;35.8;7.12;3.35;2.23;0.36;1.3;3.31;102.1;85.8;7;2.6;6.6;0.45;0.12;0.08;0.1;1.67;1.69;0.205;64.2;8.21;4.42;2.25;0.36;1.31;4.01;183.2;148.4;24.2;2.6;8;0.76;0.58;0.15;0.2
-11;100;0;0;50;17.68;2.65;7.82;0.75;0.77;0.107;36.1;7.09;3.35;2.21;0.35;1.27;3.55;102.8;87;6.1;2.5;7.1;0.45;0.14;0.07;0.1;1.85;1.87;0.206;63.9;9.08;4.79;2.57;0.43;1.38;4.27;181.8;146;24.5;2.8;8.5;0.76;0.74;0.15;0.22
-11;100;0;0;100;17.32;2.82;8.18;0.83;0.8;0.11;36.5;7.16;3.36;2.25;0.39;1.25;3.71;103.2;88.4;5;2.5;7.4;0.46;0.15;0.08;0.1;2.01;2.1;0.209;63.5;10.05;5.29;2.79;0.49;1.57;4.47;180.1;143.3;24.7;3.1;8.9;0.77;0.92;0.17;0.24
-11;100;0;50;0;19.51;3.05;8.8;0.85;0.83;0.105;41.2;7.77;3.71;2.44;0.42;1.4;4.06;105.1;84.1;10.1;2.8;8.1;0.44;0.18;0.09;0.12;2.41;2.41;0.224;58.8;10.78;5.79;3.04;0.51;1.65;4.75;150.2;113.8;23.6;3.3;9.5;1.4;0.57;0.19;0.26
-11;100;0;50;50;19.43;3.3;9.4;0.86;0.87;0.11;41.5;7.82;3.7;2.48;0.37;1.41;4.41;106;85.3;9;2.8;8.8;0.45;0.21;0.09;0.12;2.83;2.82;0.227;58.5;12.43;6.77;3.33;0.56;1.9;4.99;149.7;112;24;3.8;10;1.59;0.73;0.21;0.29
-11;100;0;50;100;18.95;3.58;10.29;0.94;0.91;0.114;41.4;7.9;3.78;2.5;0.4;1.4;4.73;106.2;86.1;7.8;2.8;9.5;0.46;0.25;0.09;0.12;3.33;3.33;0.231;58.6;14.41;7.95;3.86;0.63;2.18;5.56;150.3;110.8;24.1;4.4;11.1;1.87;0.88;0.25;0.32
-11;100;0;100;0;20.99;3.44;9.57;0.91;0.87;0.105;48.5;8.17;4.01;2.48;0.44;1.56;4.37;107.8;82.8;13.1;3.1;8.7;0.44;0.22;0.09;0.12;2.98;2.95;0.234;51.5;12.64;6.96;3.31;0.57;1.88;5.2;114.5;77.2;23.2;3.8;10.4;1.88;0.56;0.22;0.29
-11;100;0;100;50;21.14;3.83;10.97;0.9;0.96;0.112;48.2;8.45;3.92;2.67;0.45;1.5;5.09;108.6;83;12.4;3;10.2;0.43;0.3;0.09;0.13;3.62;3.59;0.237;51.8;15.17;8.36;4.08;0.72;2.34;5.88;116.9;77;23.5;4.7;11.8;2.28;0.72;0.25;0.34
-11;100;0;100;100;20.74;4.24;12.06;0.98;1.03;0.118;47.7;8.64;4.14;2.66;0.44;1.54;5.51;108.3;83;11.3;3.1;11;0.43;0.37;0.09;0.13;4.32;4.31;0.242;52.3;17.86;9.96;4.66;0.8;2.7;6.55;118.6;77;23.1;5.4;13.1;2.77;0.85;0.29;0.4
-11;100;50;0;0;17.49;2.87;8.59;0.92;0.93;0.104;36.8;8.87;4.09;2.83;0.5;1.57;3.94;105;87.1;6.8;3.1;7.9;0.58;0.12;0.1;0.14;1.83;1.84;0.212;63.2;8.68;4.62;2.41;0.43;1.3;4.66;180.7;145.8;23;2.6;9.3;0.74;0.75;0.15;0.2
-11;100;50;0;50;17.49;3.07;8.99;0.96;0.96;0.107;37.1;8.94;4.16;2.87;0.51;1.6;4.08;105.6;88.4;5.9;3.2;8.2;0.59;0.15;0.1;0.13;2.1;2.07;0.214;62.9;9.67;5.15;2.68;0.49;1.48;4.91;179.6;143.2;23.6;3;9.8;0.76;0.93;0.15;0.22
-11;100;50;0;100;17.31;3.25;9.37;0.98;1;0.111;37.6;8.93;4.28;2.73;0.49;1.63;4.36;106.9;90.1;4.8;3.3;8.7;0.59;0.18;0.1;0.13;2.32;2.32;0.217;62.4;10.65;5.71;2.97;0.49;1.63;5;177.3;139.8;24.2;3.3;10;0.75;1.14;0.18;0.24
-11;100;50;50;0;19.27;3.41;9.81;0.97;1.02;0.105;42;9.58;4.51;3.02;0.5;1.77;4.54;107.8;85;10.1;3.5;9.1;0.57;0.2;0.1;0.15;2.48;2.48;0.228;58;10.9;5.93;2.94;0.51;1.64;5.26;148.8;112.4;22.5;3.3;10.5;1.33;0.72;0.18;0.25
-11;100;50;50;50;19.09;3.65;10.63;1.07;1.06;0.111;42;9.48;4.51;2.92;0.53;1.71;4.83;108;86.1;8.8;3.4;9.7;0.57;0.25;0.11;0.14;3.05;3.06;0.232;58;13.17;7.18;3.55;0.61;1.95;5.8;149.3;110.8;23;3.9;11.6;1.61;0.92;0.22;0.31
-11;100;50;50;100;18.84;3.91;11.42;1.11;1.12;0.115;42.3;9.64;4.6;3.01;0.51;1.72;5.3;109.2;87.4;7.7;3.4;10.6;0.58;0.29;0.11;0.15;3.51;3.5;0.236;57.7;14.85;8.15;3.95;0.69;2.2;6.12;148.8;108.9;23.3;4.4;12.2;1.81;1.11;0.25;0.33
-11;100;50;100;0;20.73;3.78;10.89;1.12;1.11;0.108;48.9;10.14;4.85;3.17;0.51;1.86;5.01;109.9;83.1;13;3.7;10;0.55;0.29;0.12;0.15;3.12;3.09;0.237;51.1;13.08;7.12;3.54;0.64;1.92;5.88;114.5;76.9;22.1;3.8;11.8;1.88;0.71;0.21;0.29
-11;100;50;100;50;20.66;4.21;12.03;1.19;1.17;0.114;48.7;10.2;4.88;3.16;0.53;1.84;5.48;110.4;83.9;11.9;3.7;11;0.55;0.35;0.12;0.15;3.84;3.82;0.241;51.3;15.85;8.81;4.16;0.7;2.37;6.54;116.3;76.1;22.4;4.7;13.1;2.32;0.88;0.26;0.36
-11;100;50;100;100;20.82;4.56;13.32;1.28;1.28;0.122;48.4;10.4;4.98;3.26;0.55;1.87;5.97;111;84.2;11.1;3.7;11.9;0.55;0.47;0.1;0.16;4.49;4.52;0.245;51.7;18.5;10.34;4.94;0.79;2.69;7.35;118.5;75.8;22.6;5.4;14.7;2.71;1.09;0.3;0.43
-11;100;100;0;0;17.86;3.33;9.75;1.1;1.14;0.106;37.6;10.71;5.05;3.38;0.57;1.93;4.4;108.1;88.5;6.9;3.9;8.8;0.7;0.16;0.12;0.16;2.13;2.07;0.22;62.4;9.42;5.06;2.52;0.45;1.41;5.35;179.1;142.9;22.7;2.8;10.7;0.73;0.97;0.15;0.22
-11;100;100;0;50;17.39;3.51;10.14;1.21;1.19;0.108;37.8;10.91;5.27;3.38;0.55;1.98;4.54;108.3;89.4;5.8;4;9.1;0.72;0.19;0.12;0.16;2.54;2.41;0.23;62.2;10.43;5.76;2.77;0.48;1.53;5.61;178.1;141.1;22.7;3.1;11.2;0.79;1.21;0.17;0.23
-11;100;100;0;100;17.11;3.69;10.33;1.22;1.22;0.111;38.4;10.91;5.19;3.31;0.58;1.93;4.65;109.2;91.3;4.8;3.9;9.3;0.73;0.21;0.12;0.16;2.63;2.71;0.24;61.6;11.27;6.15;3.02;0.49;1.77;5.68;175.6;137.5;23.3;3.5;11.4;0.73;1.53;0.2;0.26
-11;100;100;50;0;19.19;3.78;11.04;1.2;1.23;0.107;42.8;11.41;5.35;3.58;0.62;2.1;5.06;110.4;86.5;9.6;4.2;10.1;0.7;0.23;0.13;0.17;2.79;2.73;0.233;57.2;11.72;6.39;3.2;0.52;1.68;5.98;147.8;110.3;22.1;3.4;12;1.32;0.94;0.19;0.27
-11;100;100;50;50;19.04;4.09;11.63;1.31;1.3;0.113;42.7;11.43;5.5;3.51;0.63;2.05;5.3;110.5;87.1;8.7;4.1;10.6;0.69;0.31;0.13;0.16;3.26;3.27;0.243;57.3;13.48;7.48;3.48;0.62;2.04;6.34;148.3;109.3;22.2;4.1;12.7;1.56;1.17;0.23;0.3
-11;100;100;50;100;18.82;4.34;12.47;1.41;1.39;0.118;43;11.73;5.75;3.59;0.6;2.12;5.67;111.5;88.2;7.8;4.2;11.3;0.72;0.38;0.13;0.17;3.9;3.82;0.251;57;15.21;8.59;3.97;0.63;2.22;6.8;148.1;107.8;22.3;4.4;13.6;1.79;1.45;0.25;0.33
-11;100;100;100;0;20.85;4.25;12.27;1.3;1.37;0.111;49.4;12.28;5.77;3.81;0.7;2.21;5.57;112.4;83.9;12.9;4.4;11.1;0.68;0.37;0.14;0.18;3.42;3.34;0.241;50.6;13.9;7.65;3.69;0.64;2.04;6.7;115;76.1;21.4;4.1;13.4;1.87;0.91;0.23;0.32
-11;100;100;100;50;20.68;4.63;13.16;1.4;1.44;0.116;49.4;12.34;5.91;3.77;0.71;2.19;6.06;113;84.8;11.7;4.4;12.1;0.68;0.44;0.14;0.19;4.07;4.06;0.249;50.6;16.32;9.07;4.27;0.73;2.44;7.11;115.9;75.2;21.7;4.9;14.2;2.26;1.16;0.27;0.36
-11;100;100;100;100;20.55;4.93;14.34;1.55;1.56;0.123;49.1;12.58;6.17;3.77;0.68;2.22;6.42;113.5;85;11.2;4.4;12.8;0.69;0.55;0.13;0.18;4.77;4.81;0.257;50.9;18.73;10.38;4.92;0.84;2.71;7.91;117.7;75;21.5;5.4;15.8;2.68;1.42;0.3;0.41
-10;0;0;0;0;13.49;1.73;5.13;0.51;0.49;0.113;49.9;4.17;1.96;1.31;0.22;0.71;2.38;178.6;164.7;7.8;1.4;4.8;0.23;0.15;0.05;0.07;1.42;1.38;0.207;50.1;6.65;3.59;1.82;0.31;1.01;2.75;179.1;155.3;16.2;2;5.5;0.77;0.36;0.11;0.15
-10;0;0;0;50;13.2;1.78;5.19;0.49;0.48;0.114;50;4.07;1.93;1.27;0.21;0.7;2.5;178.8;165.7;6.7;1.4;5;0.23;0.15;0.04;0.06;1.42;1.42;0.207;50;6.87;3.67;1.89;0.3;1.07;2.69;178.4;154.3;16.5;2.1;5.4;0.78;0.38;0.11;0.15
-10;0;0;0;100;12.84;1.95;5.57;0.53;0.52;0.122;50.2;4.12;2.04;1.21;0.19;0.75;2.57;179.6;167.2;5.8;1.5;5.1;0.23;0.18;0.05;0.06;1.66;1.67;0.211;49.8;7.86;4.21;2.16;0.4;1.2;3;177.8;152.8;16.6;2.4;6;0.83;0.54;0.13;0.18
-10;0;0;50;0;15.35;2.28;6.43;0.52;0.57;0.115;55.4;4.77;2.33;1.44;0.24;0.88;2.94;180;161.4;10.9;1.8;5.9;0.22;0.21;0.06;0.08;2.12;2.09;0.226;44.6;9.29;5.1;2.45;0.41;1.4;3.49;144.8;118.9;16.1;2.8;7;1.39;0.36;0.15;0.2
-10;0;0;50;50;15.06;2.44;6.83;0.56;0.58;0.118;55.1;4.75;2.28;1.46;0.24;0.85;3.16;179.2;161.4;9.7;1.7;6.3;0.22;0.23;0.06;0.08;2.48;2.4;0.229;44.9;10.51;5.71;2.84;0.46;1.59;3.67;145.8;118.9;16.4;3.2;7.3;1.62;0.38;0.17;0.22
-10;0;0;50;100;14.96;2.71;7.72;0.61;0.64;0.127;55;4.91;2.33;1.53;0.26;0.84;3.58;179.7;161.9;9;1.7;7.2;0.22;0.29;0.06;0.08;2.81;2.84;0.234;45;12.16;6.73;3.24;0.55;1.86;4.14;147;118.6;16.4;3.7;8.3;1.87;0.51;0.19;0.27
-10;0;0;100;0;17.1;2.6;7.58;0.65;0.63;0.116;62.5;5.3;2.57;1.59;0.26;0.93;3.49;180.8;158;14;1.9;7;0.21;0.27;0.07;0.08;2.66;2.65;0.235;37.5;11.33;6.17;3.03;0.53;1.67;4.08;108.3;81;15.7;3.3;8.2;1.9;0.35;0.17;0.24
-10;0;0;100;50;16.99;2.96;8.63;0.65;0.68;0.121;61.8;5.53;2.58;1.73;0.29;0.95;3.96;179.5;156.6;13.1;1.9;7.9;0.21;0.32;0.06;0.09;3.33;3.2;0.238;38.2;13.47;7.47;3.66;0.56;2.01;4.67;110.9;81.7;15.8;4;9.3;2.36;0.37;0.19;0.28
-10;0;0;100;100;16.69;3.42;9.72;0.77;0.78;0.132;61.6;5.84;2.83;1.75;0.3;1.05;4.6;180.4;156.9;12.2;2.1;9.2;0.22;0.41;0.06;0.09;3.95;3.89;0.243;38.4;16.03;8.88;4.26;0.7;2.37;5.12;112.1;81.6;15.6;4.7;10.2;2.81;0.49;0.25;0.33
-10;0;50;0;0;13.35;1.87;5.38;0.49;0.52;0.113;50.2;4.38;2.13;1.36;0.25;0.78;2.47;179.6;165.3;7.9;1.6;4.9;0.23;0.16;0.05;0.08;1.55;1.54;0.219;49.8;7.04;3.81;1.92;0.32;1.09;2.91;178.3;154.7;15.6;2.2;5.8;0.78;0.49;0.11;0.16
-10;0;50;0;50;12.55;1.91;5.38;0.53;0.51;0.115;50.2;4.28;2.08;1.28;0.24;0.76;2.45;179.1;166.1;6.6;1.5;4.9;0.23;0.17;0.05;0.06;1.62;1.61;0.218;49.8;7.37;4.02;1.98;0.34;1.15;2.94;177.4;153.9;15.3;2.3;5.9;0.79;0.53;0.13;0.16
-10;0;50;0;100;12.4;2.03;5.63;0.53;0.56;0.124;50.5;4.3;2.12;1.26;0.24;0.79;2.58;180.1;167.7;5.7;1.6;5.2;0.24;0.2;0.05;0.06;1.68;1.71;0.219;49.5;7.8;4.22;2.13;0.37;1.24;3.05;176.6;152.3;15.7;2.5;6.1;0.78;0.63;0.12;0.17
-10;0;50;50;0;14.86;2.32;6.67;0.57;0.58;0.114;55.7;5;2.36;1.59;0.25;0.89;3.11;180.8;162;10.9;1.8;6.2;0.23;0.23;0.05;0.07;2.19;2.2;0.233;44.3;9.42;5.21;2.47;0.46;1.43;3.56;143.5;118.5;15;2.9;7.1;1.37;0.47;0.15;0.21
-10;0;50;50;50;14.56;2.58;7.26;0.61;0.65;0.124;55.2;5.15;2.45;1.61;0.28;0.89;3.28;179.3;161.1;9.9;1.8;6.6;0.23;0.28;0.06;0.08;2.62;2.55;0.236;44.8;10.81;6.02;2.87;0.46;1.7;3.98;145.4;119.2;14.9;3.4;8;1.63;0.5;0.18;0.24
-10;0;50;50;100;14.2;2.76;7.99;0.74;0.72;0.133;55.2;5.33;2.63;1.57;0.26;0.92;3.7;179.7;161.6;8.9;1.8;7.4;0.23;0.35;0.06;0.08;2.94;2.94;0.238;44.8;12.36;6.86;3.31;0.53;1.84;4.29;145.9;118.8;14.8;3.7;8.6;1.88;0.61;0.19;0.26
-10;0;50;100;0;16.89;2.81;7.88;0.67;0.69;0.116;62.5;5.86;2.79;1.82;0.3;1.05;3.59;180.7;157;14.5;2.1;7.2;0.22;0.32;0.06;0.09;2.69;2.73;0.241;37.5;11.36;6.27;3.01;0.53;1.76;4.29;108.2;81.5;14.5;3.5;8.6;1.87;0.44;0.18;0.23
-10;0;50;100;50;16.56;3.13;8.87;0.79;0.78;0.127;62.1;6.04;2.97;1.84;0.31;0.99;4.12;180.3;156.9;13.2;2;8.2;0.22;0.39;0.06;0.1;3.27;3.34;0.243;37.9;13.77;7.62;3.52;0.65;2.14;4.75;110;81.6;14.7;4.3;9.5;2.33;0.49;0.23;0.29
-10;0;50;100;100;16.34;3.58;10.03;0.93;0.92;0.142;61.6;6.38;3.17;1.91;0.33;1.15;4.62;180;156.3;12.2;2.3;9.2;0.23;0.52;0.07;0.1;4.04;3.99;0.246;38.4;16.26;9.01;4.27;0.75;2.43;5.41;112.1;81.9;14.6;4.9;10.8;2.81;0.6;0.25;0.34
-10;0;100;0;0;12.66;1.92;5.48;0.51;0.54;0.112;50.4;4.62;2.18;1.51;0.21;0.8;2.52;179.9;165.7;7.6;1.6;5;0.25;0.17;0.05;0.07;1.6;1.61;0.227;49.6;7.13;3.88;1.91;0.32;1.12;2.96;176.8;154.3;14.4;2.2;5.9;0.75;0.58;0.13;0.16
-10;0;100;0;50;12.45;1.92;5.59;0.56;0.57;0.12;50.6;4.62;2.23;1.46;0.23;0.79;2.56;180.4;167;6.7;1.6;5.1;0.24;0.21;0.05;0.07;1.79;1.72;0.228;49.4;7.52;4.09;2.02;0.35;1.14;3.03;176.1;153;14.8;2.3;6.1;0.74;0.69;0.12;0.16
-10;0;100;0;100;11.98;2;5.84;0.6;0.62;0.13;50.8;4.61;2.2;1.41;0.24;0.77;2.69;180.9;168.2;5.8;1.5;5.4;0.24;0.25;0.05;0.07;1.92;1.91;0.232;49.2;8.2;4.55;2.2;0.36;1.23;3.15;175.3;151.8;14.7;2.5;6.3;0.79;0.81;0.14;0.17
-10;0;100;50;0;14.64;2.39;6.88;0.68;0.65;0.116;55.7;5.46;2.61;1.66;0.31;0.96;3.19;180.5;161.1;11.1;1.9;6.4;0.23;0.27;0.06;0.09;2.31;2.3;0.238;44.3;9.64;5.27;2.58;0.48;1.43;3.7;143.6;119.2;14.2;2.9;7.4;1.37;0.56;0.15;0.21
-10;0;100;50;50;14.16;2.62;7.57;0.79;0.74;0.129;55.5;5.63;2.73;1.71;0.29;0.98;3.53;180.4;161.6;9.7;2;7.1;0.24;0.35;0.07;0.09;2.63;2.69;0.242;44.5;11.12;6.06;2.97;0.56;1.64;4.04;144.3;118.8;14.2;3.3;8.1;1.62;0.67;0.17;0.24
-10;0;100;50;100;13.81;2.79;8.2;0.84;0.81;0.142;55.4;5.6;2.73;1.67;0.3;0.95;3.75;180.1;161.9;8.9;1.9;7.5;0.24;0.43;0.05;0.09;3.18;3.12;0.246;44.6;12.7;7.06;3.35;0.56;1.84;4.45;145.2;118.6;14;3.7;8.9;1.9;0.77;0.18;0.28
-10;0;100;100;0;16.36;2.91;8.29;0.82;0.81;0.122;62.6;6.54;3.18;1.98;0.36;1.15;3.82;180.7;156.4;14.4;2.3;7.6;0.23;0.4;0.07;0.11;2.83;2.86;0.245;37.4;11.68;6.43;3.11;0.55;1.76;4.47;107.8;81.8;13.5;3.5;8.9;1.9;0.53;0.18;0.25
-10;0;100;100;50;16.18;3.29;9.2;0.93;0.9;0.133;62.2;6.67;3.31;2.04;0.29;1.14;4.29;180.5;156.4;13.3;2.3;8.6;0.23;0.49;0.07;0.11;3.51;3.51;0.249;37.8;14.14;7.88;3.66;0.61;2.14;4.91;109.6;81.8;13.6;4.3;9.8;2.36;0.64;0.23;0.29
-10;0;100;100;100;15.82;3.52;10.3;1.03;1.01;0.149;61.8;6.73;3.34;2;0.34;1.11;4.77;180.4;156.5;12.1;2.2;9.5;0.23;0.6;0.08;0.11;4.29;4.21;0.251;38.2;16.76;9.37;4.38;0.73;2.41;5.53;111.4;81.7;13.8;4.8;11.1;2.84;0.77;0.25;0.35
-10;50;0;0;0;15.76;2.27;6.48;0.67;0.71;0.114;43.9;6.1;2.88;1.89;0.33;1.1;3.03;141.8;126;7.5;2.2;6.1;0.4;0.14;0.07;0.1;1.51;1.48;0.201;56.1;7.31;3.88;2.06;0.35;1.17;3.44;181.3;152;20;2.3;6.9;0.75;0.44;0.12;0.16
-10;50;0;0;50;15.21;2.36;6.61;0.69;0.72;0.116;43.8;6.11;2.86;1.93;0.32;1.07;2.99;141.1;126.4;6.5;2.1;6;0.4;0.15;0.07;0.1;1.55;1.57;0.2;56.2;7.81;4.18;2.11;0.38;1.29;3.62;181.1;151.4;19.9;2.6;7.2;0.78;0.48;0.14;0.16
-10;50;0;0;100;15.16;2.55;7.1;0.7;0.73;0.119;44.5;6.03;2.94;1.82;0.32;1.15;3.29;143.5;129.2;5.5;2.3;6.6;0.4;0.17;0.07;0.09;1.8;1.8;0.204;55.5;8.79;4.69;2.44;0.43;1.41;3.81;178.8;147.8;20.6;2.8;7.6;0.76;0.69;0.15;0.2
-10;50;0;50;0;17.43;2.74;7.87;0.7;0.78;0.115;49.3;6.63;3.22;2.02;0.37;1.23;3.65;143.7;123.2;10.7;2.5;7.3;0.39;0.21;0.07;0.11;2.14;2.17;0.22;50.7;9.91;5.27;2.85;0.44;1.51;4.22;147.7;116.8;19.5;3;8.4;1.37;0.44;0.15;0.22
-10;50;0;50;50;16.89;2.86;8.26;0.79;0.78;0.118;49.3;6.55;3.13;2.04;0.35;1.16;3.82;143.6;123.9;9.8;2.3;7.6;0.38;0.23;0.07;0.1;2.52;2.5;0.222;50.7;11.29;6.11;3.1;0.5;1.7;4.44;147.6;116.1;19.3;3.4;8.9;1.58;0.48;0.18;0.25
-10;50;0;50;100;16.89;3.25;9.11;0.84;0.84;0.124;49.2;6.64;3.27;2;0.35;1.21;4.2;144.3;125.1;8.3;2.4;8.4;0.38;0.27;0.08;0.11;3.04;3.01;0.228;50.8;13.26;7.27;3.56;0.62;2.04;4.91;148.8;114.9;20;4.1;9.8;1.84;0.66;0.21;0.29
-10;50;0;100;0;18.88;3.03;8.76;0.86;0.84;0.116;56.5;7.15;3.39;2.21;0.38;1.24;4.09;145.1;120.6;13.8;2.5;8.2;0.37;0.27;0.08;0.12;2.78;2.72;0.23;43.5;11.85;6.54;3.11;0.56;1.78;4.68;111.5;79.6;19;3.6;9.4;1.86;0.42;0.19;0.25
-10;50;0;100;50;18.96;3.45;9.87;0.89;0.89;0.12;56.2;7.28;3.55;2.24;0.41;1.33;4.62;145.6;120.8;12.8;2.7;9.2;0.36;0.32;0.09;0.12;3.33;3.3;0.231;43.8;14.27;7.81;3.83;0.67;2.12;5.26;113.5;79.5;19.3;4.2;10.5;2.29;0.48;0.22;0.31
-10;50;0;100;100;18.78;3.83;10.89;0.98;0.99;0.127;55.8;7.67;3.64;2.37;0.42;1.32;5.05;145.7;120.8;12.2;2.6;10.1;0.38;0.4;0.09;0.12;3.99;3.94;0.238;44.2;16.58;9.26;4.3;0.74;2.51;5.84;115.3;79.5;19.1;5;11.7;2.7;0.62;0.27;0.34
-10;50;50;0;0;15.44;2.36;7.02;0.73;0.8;0.114;44.4;6.96;3.25;2.16;0.39;1.22;3.21;143.3;127;7.5;2.4;6.4;0.47;0.15;0.07;0.11;1.58;1.6;0.211;55.6;7.53;4.04;2.05;0.38;1.14;3.81;179.8;150.7;19.2;2.3;7.6;0.7;0.6;0.12;0.17
-10;50;50;0;50;15.13;2.47;7.53;0.86;0.85;0.116;44.6;7.19;3.45;2.3;0.36;1.24;3.35;144;128.4;6.5;2.5;6.7;0.49;0.16;0.08;0.12;1.9;1.83;0.215;55.4;8.47;4.51;2.34;0.4;1.23;4.17;178.9;148.8;19.3;2.5;8.3;0.77;0.74;0.13;0.2
-10;50;50;0;100;14.81;2.76;7.72;0.87;0.88;0.121;45;7.11;3.43;2.24;0.37;1.28;3.51;145.1;130.2;5.4;2.6;7;0.49;0.2;0.08;0.11;1.96;2.01;0.218;55;9.18;4.91;2.57;0.45;1.47;4.21;177.3;146.4;19.5;2.9;8.4;0.74;0.89;0.17;0.21
-10;50;50;50;0;17.02;2.9;8.42;0.87;0.88;0.115;49.6;7.56;3.61;2.33;0.42;1.35;3.81;144.8;124;10.5;2.7;7.6;0.46;0.22;0.09;0.12;2.29;2.3;0.228;50.4;10.12;5.49;2.73;0.46;1.55;4.62;146.9;116;18.6;3.1;9.2;1.35;0.58;0.15;0.22
-10;50;50;50;50;16.71;3.24;9.03;0.97;0.94;0.12;49.7;7.75;3.77;2.35;0.4;1.43;4.11;145.4;125;9.4;2.9;8.2;0.46;0.27;0.09;0.11;2.72;2.75;0.232;50.3;11.85;6.47;3.2;0.53;1.81;4.92;147.1;115;18.6;3.6;9.8;1.58;0.71;0.19;0.26
-10;50;50;50;100;16.5;3.39;9.72;1.01;1.01;0.126;49.7;7.91;3.82;2.41;0.4;1.37;4.48;145.9;125.5;8.7;2.7;9;0.47;0.33;0.09;0.12;3.17;3.13;0.236;50.3;13.31;7.29;3.61;0.59;2.02;5.24;147.7;114.5;18.7;4;10.5;1.78;0.84;0.21;0.29
-10;50;50;100;0;18.89;3.31;9.63;0.94;1;0.116;56.9;8.5;4.01;2.66;0.45;1.48;4.4;147;121.2;14;3;8.8;0.45;0.31;0.1;0.14;2.9;2.86;0.235;43.1;12.18;6.69;3.21;0.55;1.83;5.23;111.3;79.2;18;3.7;10.5;1.83;0.57;0.19;0.26
-10;50;50;100;50;18.47;3.77;10.7;1.04;1.08;0.123;56.5;8.7;4.23;2.7;0.45;1.6;4.94;147.1;121.2;12.8;3.2;9.9;0.46;0.39;0.11;0.13;3.54;3.51;0.24;43.5;14.63;8.07;3.85;0.7;2.17;5.76;113;79.2;17.9;4.3;11.5;2.29;0.68;0.23;0.31
-10;50;50;100;100;18.48;4.17;11.7;1.17;1.19;0.134;56.2;8.8;4.36;2.69;0.43;1.58;5.39;147.3;121.5;11.9;3.2;10.8;0.45;0.5;0.1;0.14;4.16;4.18;0.243;43.8;17.19;9.6;4.48;0.77;2.59;6.31;114.9;79;18.1;5.2;12.6;2.7;0.83;0.28;0.36
-10;50;100;0;0;15.15;2.76;7.76;0.93;0.95;0.115;45;8.19;3.96;2.51;0.44;1.49;3.58;145.6;128.2;7.2;3;7.2;0.56;0.16;0.1;0.13;1.79;1.8;0.221;55;8.13;4.41;2.26;0.35;1.27;4.18;178.2;149;18.3;2.5;8.4;0.73;0.75;0.14;0.18
-10;50;100;0;50;14.93;2.77;8.11;0.99;1;0.118;45.2;8.39;3.96;2.63;0.49;1.44;3.7;146.2;129.3;6.6;2.9;7.4;0.57;0.21;0.09;0.13;1.96;1.93;0.224;54.8;8.62;4.73;2.29;0.4;1.33;4.41;177.3;147.7;18.2;2.7;8.8;0.73;0.88;0.13;0.19
-10;50;100;0;100;14.45;2.87;8.38;1.01;1.05;0.124;45.7;8.41;4.03;2.56;0.46;1.45;3.91;147.3;131.2;5.5;2.9;7.8;0.57;0.25;0.09;0.14;2.13;2.19;0.233;54.3;9.39;5.14;2.5;0.43;1.42;4.47;175.4;145.1;18.5;2.8;8.9;0.72;1.11;0.16;0.21
-10;50;100;50;0;17.01;3.17;9.08;1.05;1.04;0.115;50.2;8.89;4.28;2.72;0.46;1.58;4.25;147.1;124.8;10.7;3.2;8.5;0.53;0.26;0.1;0.14;2.39;2.45;0.233;49.8;10.51;5.8;2.78;0.48;1.59;4.83;145.8;115.2;17.7;3.2;9.7;1.33;0.72;0.16;0.23
-10;50;100;50;50;16.77;3.36;9.96;1.1;1.13;0.123;50.1;9.06;4.34;2.77;0.48;1.57;4.57;147.5;125.6;9.6;3.1;9.1;0.54;0.34;0.1;0.15;2.95;2.91;0.237;49.9;12.28;6.8;3.28;0.55;1.79;5.4;146.7;114.4;18;3.6;10.8;1.56;0.88;0.19;0.27
-10;50;100;50;100;16.44;3.63;10.56;1.18;1.22;0.131;50.3;9.22;4.53;2.86;0.46;1.64;4.83;148.3;126.8;8.5;3.3;9.7;0.56;0.41;0.11;0.14;3.32;3.37;0.245;49.7;13.76;7.57;3.71;0.57;2;5.73;146.5;113.2;17.9;4;11.5;1.79;1.07;0.21;0.3
-10;50;100;100;0;18.58;3.71;10.32;1.22;1.2;0.12;57.2;9.96;4.88;2.94;0.51;1.83;4.78;148.4;121.3;13.9;3.7;9.6;0.54;0.38;0.12;0.16;3.06;3.03;0.24;42.8;12.63;6.97;3.32;0.6;1.88;5.54;111.1;79.1;17.1;3.8;11.1;1.87;0.69;0.21;0.26
-10;50;100;100;50;18.47;4.03;11.45;1.26;1.26;0.126;56.8;9.94;4.78;3.07;0.55;1.76;5.28;148.8;122.2;12.6;3.5;10.6;0.53;0.47;0.11;0.16;3.79;3.69;0.244;43.2;15.16;8.51;3.94;0.65;2.27;6.17;113;78.6;17.5;4.5;12.3;2.27;0.86;0.24;0.32
-10;50;100;100;100;18.42;4.39;12.56;1.34;1.42;0.137;56.4;10.23;5.07;3.03;0.54;1.8;5.79;148.8;121.6;12;3.6;11.6;0.53;0.61;0.12;0.16;4.34;4.37;0.251;43.6;17.47;9.69;4.58;0.8;2.6;6.78;114.9;78.9;17.2;5.2;13.6;2.71;1.04;0.27;0.36
-10;100;0;0;0;17.51;2.67;7.43;0.79;0.87;0.114;35.8;7.44;3.54;2.31;0.39;1.37;3.4;102.3;85.3;7.4;2.7;6.8;0.51;0.14;0.09;0.12;1.61;1.57;0.196;64.2;8;4.3;2.23;0.35;1.3;4.03;183.2;149.4;23.2;2.6;8.1;0.73;0.52;0.13;0.19
-10;100;0;0;50;17.42;2.75;7.7;0.88;0.88;0.116;36.1;7.49;3.66;2.22;0.38;1.34;3.56;102.8;86.6;6.4;2.7;7.1;0.52;0.15;0.09;0.12;1.77;1.79;0.202;63.9;8.81;4.72;2.44;0.4;1.42;4.14;181.8;146.8;23.9;2.8;8.3;0.72;0.71;0.16;0.2
-10;100;0;0;100;17.14;2.81;8.13;0.89;0.89;0.119;36.5;7.33;3.49;2.28;0.37;1.24;3.66;103.3;88.1;5.4;2.5;7.3;0.52;0.16;0.09;0.12;1.98;2.03;0.205;63.5;9.91;5.28;2.7;0.5;1.57;4.47;180;143.8;24.1;3.1;8.9;0.74;0.89;0.17;0.24
-10;100;0;50;0;19.31;2.99;8.64;0.87;0.9;0.115;41.2;7.72;3.71;2.35;0.4;1.37;3.96;104.9;83.9;10.3;2.7;7.9;0.49;0.2;0.09;0.13;2.31;2.25;0.214;58.8;10.53;5.69;2.85;0.53;1.62;4.69;149.9;114.2;23.1;3.2;9.4;1.32;0.52;0.18;0.24
-10;100;0;50;50;19.24;3.4;9.55;0.94;0.95;0.117;41.6;8.01;3.88;2.44;0.41;1.47;4.47;106.6;85.2;9.5;2.9;8.9;0.51;0.22;0.1;0.13;2.64;2.73;0.22;58.4;12.42;6.67;3.42;0.57;1.93;5.08;149.7;112.2;23.4;3.9;10.2;1.51;0.74;0.2;0.27
-10;100;0;50;100;18.82;3.67;10.2;1.04;0.99;0.122;41.2;8.04;3.87;2.44;0.43;1.4;4.58;105.8;85.5;8.3;2.8;9.2;0.51;0.26;0.09;0.13;3.16;3.2;0.225;58.8;14.24;7.76;3.88;0.62;2.28;5.62;150.8;111.8;23.2;4.6;11.2;1.78;0.87;0.24;0.32
-10;100;0;100;0;20.92;3.29;9.66;0.94;0.96;0.115;48.3;8.27;3.92;2.52;0.47;1.45;4.4;107.3;81.9;13.7;2.9;8.8;0.49;0.25;0.09;0.13;2.72;2.76;0.225;51.7;12.3;6.65;3.33;0.59;1.84;5.26;114.7;78.1;22.4;3.7;10.5;1.8;0.49;0.19;0.27
-10;100;0;100;50;20.93;3.77;11.09;1.07;1.06;0.118;48.3;8.83;4.24;2.73;0.5;1.51;5.11;108.8;83;12.6;3;10.2;0.51;0.31;0.1;0.15;3.53;3.48;0.23;51.7;15.15;8.31;4.02;0.67;2.26;5.98;116.3;77;22.8;4.5;12;2.2;0.7;0.24;0.34
-10;100;0;100;100;20.8;4.29;12.25;1.09;1.13;0.125;47.8;8.93;4.27;2.79;0.48;1.61;5.54;108.7;82.7;11.7;3.2;11.1;0.5;0.38;0.11;0.14;4.12;4.16;0.235;52.2;17.7;9.76;4.76;0.78;2.68;6.72;118.6;77.3;22.5;5.4;13.4;2.67;0.83;0.28;0.38
-10;100;50;0;0;17.81;2.94;8.58;0.98;1.02;0.114;36.9;8.82;4.11;2.76;0.48;1.53;3.97;105.5;87.2;7.3;3.1;7.9;0.63;0.14;0.1;0.14;1.81;1.82;0.206;63.1;8.82;4.71;2.5;0.4;1.42;4.61;180.8;145.6;23.2;2.8;9.2;0.7;0.78;0.15;0.2
-10;100;50;0;50;17.49;3.11;8.91;1.08;1.05;0.116;37.1;8.99;4.33;2.74;0.51;1.58;4.14;105.9;88.2;6.3;3.2;8.3;0.65;0.16;0.11;0.14;2.05;2.03;0.211;62.9;9.64;5.22;2.65;0.44;1.53;4.77;179.5;143.6;23.2;3.1;9.5;0.73;0.93;0.16;0.21
-10;100;50;0;100;17.22;3.26;9.44;1.07;1.11;0.12;37.5;9.16;4.34;2.85;0.52;1.66;4.33;106.7;89.6;5.1;3.3;8.7;0.67;0.18;0.11;0.15;2.33;2.29;0.214;62.5;10.67;5.7;2.94;0.49;1.6;5.11;177.9;140.8;23.6;3.2;10.2;0.76;1.11;0.17;0.24
-10;100;50;50;0;19.14;3.35;9.76;1.11;1.11;0.115;41.9;9.56;4.55;3.01;0.49;1.68;4.4;107.5;85.1;10.2;3.4;8.8;0.63;0.21;0.11;0.15;2.53;2.47;0.222;58.1;11.15;6.12;2.9;0.53;1.67;5.36;148.7;112.4;22.3;3.3;10.7;1.3;0.74;0.17;0.26
-10;100;50;50;50;19.02;3.6;10.65;1.16;1.2;0.12;42.2;9.91;4.75;3.09;0.52;1.76;4.97;108.6;85.7;9.4;3.5;9.9;0.64;0.27;0.12;0.16;2.9;2.87;0.227;57.8;12.66;6.92;3.42;0.58;1.84;5.68;148.9;111.5;22.3;3.7;11.4;1.52;0.87;0.19;0.28
-10;100;50;50;100;18.82;4.09;11.26;1.2;1.23;0.123;42.2;9.88;4.78;3.01;0.5;1.77;5.17;109;86.9;8.2;3.5;10.3;0.65;0.31;0.12;0.15;3.4;3.37;0.231;57.8;14.65;8.11;3.84;0.67;2.32;6.08;149.2;109.7;22.7;4.6;12.2;1.73;1.08;0.25;0.32
-10;100;50;100;0;20.94;3.78;10.93;1.22;1.21;0.116;49;10.33;4.96;3.17;0.54;1.83;5.06;110.2;82.8;13.6;3.7;10.1;0.61;0.31;0.12;0.17;2.94;2.97;0.23;51;12.92;6.99;3.51;0.62;1.95;5.88;114.6;77.2;21.7;3.9;11.8;1.78;0.71;0.21;0.27
-10;100;50;100;50;20.82;4.32;12.2;1.27;1.3;0.121;48.8;10.63;5.21;3.18;0.57;1.99;5.64;111;83.5;12.2;4;11.3;0.62;0.38;0.13;0.17;3.7;3.7;0.234;51.2;15.8;8.61;4.32;0.72;2.33;6.55;116.3;76.5;22.1;4.7;13.1;2.21;0.89;0.25;0.35
-10;100;50;100;100;20.83;4.64;13.36;1.4;1.42;0.13;48.6;10.85;5.3;3.29;0.58;1.87;6.18;111.6;84;11.5;3.7;12.4;0.63;0.49;0.12;0.17;4.29;4.35;0.238;51.4;18.28;10.03;4.8;0.88;2.76;7.18;118;76;22.1;5.5;14.4;2.61;1.07;0.29;0.38
-10;100;100;0;0;17.75;3.38;9.71;1.24;1.23;0.114;37.8;10.74;5.18;3.23;0.56;1.96;4.51;108.4;88.5;7;3.9;9;0.79;0.16;0.12;0.16;2.02;2.02;0.215;62.2;9.37;5.06;2.54;0.43;1.42;5.19;178.8;143;22.6;2.8;10.4;0.69;0.97;0.15;0.21
-10;100;100;0;50;17.52;3.54;10.15;1.24;1.31;0.118;37.9;11.06;5.32;3.44;0.59;2.02;4.58;108.7;89.3;6.2;4;9.2;0.8;0.2;0.14;0.17;2.32;2.28;0.225;62.1;10.1;5.5;2.69;0.49;1.53;5.57;178.1;141.4;22.5;3.1;11.1;0.7;1.2;0.15;0.22
-10;100;100;0;100;17.12;3.7;10.49;1.38;1.37;0.121;38.3;11.29;5.46;3.5;0.57;2.01;4.87;109.4;90.5;5.2;4;9.7;0.83;0.23;0.13;0.18;2.5;2.5;0.23;61.7;10.82;6.01;2.82;0.51;1.7;5.62;176.2;139;22.5;3.4;11.2;0.72;1.38;0.17;0.23
-10;100;100;50;0;19.29;3.8;11.14;1.33;1.35;0.115;42.9;11.63;5.56;3.61;0.62;2.06;5.12;110.8;86.3;10.1;4.1;10.2;0.79;0.24;0.13;0.19;2.7;2.68;0.228;57.1;11.77;6.35;3.17;0.51;1.74;6.02;147.7;110.5;21.6;3.5;12;1.3;0.92;0.19;0.26
-10;100;100;50;50;19.08;4.01;11.66;1.4;1.45;0.121;42.8;11.82;5.61;3.75;0.6;2.06;5.38;110.9;86.8;9.3;4.1;10.8;0.78;0.33;0.14;0.19;3.1;3.09;0.237;57.2;13.09;7.14;3.49;0.6;1.95;6.28;148.1;109.9;21.8;3.9;12.6;1.47;1.15;0.2;0.29
-10;100;100;50;100;18.75;4.39;12.48;1.54;1.52;0.126;43;11.95;5.84;3.57;0.6;2.15;5.78;111.6;87.6;8.2;4.3;11.6;0.81;0.39;0.14;0.19;3.66;3.6;0.242;57;14.93;8.27;4.04;0.66;2.24;6.7;148.3;108.6;21.9;4.5;13.4;1.71;1.34;0.23;0.32
-10;100;100;100;0;20.94;4.34;12.1;1.5;1.47;0.118;49.4;12.37;6.01;3.73;0.65;2.29;5.51;112.4;83.2;13.5;4.6;11;0.75;0.39;0.14;0.19;3.17;3.16;0.235;50.6;13.47;7.32;3.63;0.65;2.05;6.59;115;76.8;20.9;4.1;13.2;1.77;0.89;0.22;0.28
-10;100;100;100;50;20.75;4.7;13.32;1.57;1.57;0.124;49.4;12.62;6.13;3.88;0.67;2.28;6.13;113.4;84.4;12.2;4.6;12.3;0.76;0.46;0.15;0.2;3.95;3.92;0.243;50.6;16.15;8.98;4.27;0.7;2.42;7.19;116;75.6;21.2;4.8;14.4;2.18;1.13;0.26;0.35
-10;100;100;100;100;20.63;4.92;14.17;1.62;1.67;0.131;49.2;12.61;6.09;3.86;0.67;2.22;6.54;113.5;84.5;11.5;4.4;13.1;0.76;0.57;0.15;0.2;4.58;4.52;0.247;50.8;18.32;10.25;4.77;0.84;2.7;7.63;117.3;75.5;21.2;5.4;15.3;2.57;1.3;0.28;0.38
-9;0;0;0;0;13.72;1.81;5.19;0.51;0.51;0.113;49.9;4.35;2.1;1.34;0.23;0.81;2.39;178.7;164.1;8.2;1.6;4.8;0.23;0.16;0.05;0.07;1.32;1.33;0.202;50.1;6.55;3.5;1.87;0.28;1;2.8;179.6;155.9;16.1;2;5.6;0.72;0.36;0.11;0.14
-9;0;0;0;50;13.24;1.82;5.22;0.52;0.52;0.119;49.9;4.23;2.02;1.34;0.23;0.75;2.46;178.2;164.5;7.3;1.5;4.9;0.23;0.18;0.05;0.07;1.3;1.37;0.203;50.1;6.72;3.52;1.92;0.32;1.07;2.76;179.2;155.5;16.1;2.1;5.5;0.74;0.37;0.11;0.15
-9;0;0;0;100;13.04;2.01;5.58;0.51;0.55;0.123;50.2;4.29;2.11;1.29;0.23;0.78;2.61;179.6;166.6;6.3;1.6;5.2;0.23;0.19;0.06;0.07;1.49;1.53;0.203;49.8;7.53;4.03;2.12;0.35;1.23;2.97;178.3;153.4;16.4;2.5;5.9;0.74;0.49;0.13;0.17
-9;0;0;50;0;15.26;2.15;6.34;0.56;0.55;0.114;55.6;4.68;2.23;1.44;0.25;0.81;3.02;180.2;161.3;11.2;1.6;6;0.22;0.21;0.05;0.08;2.02;1.99;0.22;44.4;9.05;4.81;2.52;0.43;1.34;3.33;144.1;119.1;15.7;2.7;6.7;1.31;0.35;0.14;0.19
-9;0;0;50;50;14.96;2.33;7.05;0.62;0.61;0.123;55;4.85;2.36;1.49;0.25;0.83;3.27;178.8;160.1;10.4;1.7;6.5;0.22;0.27;0.05;0.08;2.23;2.29;0.224;45;10.25;5.48;2.83;0.49;1.5;3.77;146;119.9;15.5;3;7.5;1.54;0.36;0.16;0.22
-9;0;0;50;100;14.63;2.76;7.81;0.69;0.67;0.128;55;5.15;2.51;1.55;0.3;0.92;3.65;179.3;160.8;9.4;1.8;7.3;0.22;0.31;0.06;0.08;2.78;2.71;0.226;45;12;6.58;3.23;0.56;1.84;4.16;146.8;119.4;15.4;3.7;8.3;1.82;0.46;0.2;0.25
-9;0;0;100;0;17.26;2.67;7.6;0.63;0.64;0.116;62.7;5.41;2.65;1.72;0.27;0.98;3.5;181.5;158;14.6;2;7;0.21;0.28;0.06;0.09;2.51;2.53;0.228;37.3;11.11;6;3;0.49;1.69;4.1;108.1;81;15.5;3.4;8.2;1.77;0.34;0.18;0.25
-9;0;0;100;50;17.06;3.06;8.62;0.73;0.74;0.127;61.8;5.75;2.81;1.72;0.3;1.05;4;179.5;155.7;13.7;2.1;8;0.21;0.37;0.07;0.09;3.13;3.11;0.232;38.2;13.42;7.32;3.68;0.62;2.01;4.62;110.7;82.2;15.3;4;9.2;2.24;0.36;0.22;0.29
-9;0;0;100;100;16.9;3.49;9.86;0.82;0.79;0.132;61.5;5.88;2.85;1.81;0.32;1.04;4.7;180;155.8;12.7;2.1;9.4;0.21;0.42;0.06;0.09;3.56;3.72;0.235;38.5;15.85;8.63;4.27;0.75;2.46;5.15;112.5;82.1;15.2;4.9;10.3;2.69;0.45;0.27;0.32
-9;0;50;0;0;13.15;1.85;5.22;0.46;0.5;0.113;50.1;4.29;2.04;1.31;0.25;0.76;2.36;178.9;164.7;8;1.5;4.7;0.23;0.16;0.05;0.07;1.45;1.47;0.214;49.9;6.83;3.64;1.86;0.32;1.09;2.86;178.3;155.3;15.1;2.2;5.7;0.72;0.48;0.12;0.15
-9;0;50;0;50;12.75;1.82;5.38;0.55;0.55;0.121;50.2;4.43;2.15;1.38;0.23;0.77;2.49;179.1;165.4;7.2;1.5;5;0.23;0.2;0.05;0.07;1.49;1.48;0.213;49.8;6.97;3.74;1.87;0.34;1.05;2.9;177.4;154.6;15;2.1;5.8;0.72;0.51;0.11;0.15
-9;0;50;0;100;12.37;2.01;5.72;0.57;0.6;0.127;50.3;4.56;2.27;1.36;0.24;0.84;2.59;179.6;166.5;6.2;1.7;5.2;0.24;0.23;0.06;0.07;1.65;1.67;0.215;49.7;7.73;4.12;2.15;0.34;1.16;3.13;177.3;153.5;15.2;2.3;6.3;0.76;0.62;0.11;0.17
-9;0;50;50;0;14.98;2.32;6.7;0.63;0.61;0.115;55.5;5.14;2.46;1.58;0.27;0.9;3.12;180.2;161;11.1;1.8;6.2;0.23;0.24;0.06;0.08;2.11;2.11;0.228;44.5;9.29;5.03;2.52;0.41;1.43;3.58;144.1;119.3;14.9;2.9;7.2;1.31;0.46;0.15;0.19
-9;0;50;50;50;14.88;2.58;7.36;0.64;0.67;0.124;55.2;5.33;2.55;1.63;0.28;0.94;3.41;179.6;160.3;10.5;1.9;6.8;0.23;0.3;0.06;0.08;2.4;2.44;0.23;44.8;10.64;5.79;2.9;0.47;1.64;3.95;145.8;119.8;14.8;3.3;7.9;1.55;0.5;0.17;0.23
-9;0;50;50;100;14.41;2.83;7.98;0.74;0.74;0.133;55.1;5.44;2.66;1.6;0.3;0.93;3.62;179.5;161.1;9.3;1.9;7.2;0.23;0.36;0.06;0.08;2.93;2.9;0.234;44.9;12.44;6.89;3.29;0.55;1.91;4.36;146.5;119.2;14.7;3.8;8.7;1.82;0.59;0.21;0.28
-9;0;50;100;0;16.96;2.81;7.95;0.72;0.73;0.122;62.7;5.92;2.85;1.83;0.31;1.06;3.76;181.6;157.4;14.6;2.1;7.5;0.22;0.35;0.07;0.1;2.65;2.69;0.234;37.3;11.46;6.31;3.09;0.49;1.76;4.19;107.8;81.3;14.6;3.5;8.4;1.8;0.45;0.2;0.24
-9;0;50;100;50;16.61;3.15;9.01;0.84;0.81;0.126;62;6.31;3.05;1.88;0.34;1.09;4.13;180;155.8;13.8;2.2;8.3;0.23;0.42;0.07;0.1;3.28;3.22;0.237;38;13.6;7.48;3.64;0.62;2.05;4.88;110.3;82.1;14.4;4.1;9.8;2.24;0.48;0.21;0.29
-9;0;50;100;100;16.65;3.6;10.31;0.88;0.95;0.144;61.5;6.5;3.22;1.93;0.37;1.16;4.82;180.1;155.3;12.9;2.3;9.6;0.22;0.56;0.07;0.11;3.79;3.87;0.24;38.5;16.18;8.81;4.39;0.74;2.45;5.5;112.6;82.3;14.4;4.9;11;2.69;0.59;0.25;0.34
-9;0;100;0;0;12.83;1.9;5.39;0.61;0.57;0.117;50.2;4.68;2.29;1.44;0.25;0.85;2.47;179.3;164.3;8.3;1.7;4.9;0.24;0.2;0.06;0.07;1.46;1.53;0.223;49.8;6.84;3.68;1.87;0.31;1.04;2.92;177.7;155.7;14.1;2.1;5.8;0.72;0.54;0.12;0.15
-9;0;100;0;50;12.45;1.95;5.71;0.62;0.6;0.122;50.4;4.83;2.34;1.49;0.25;0.83;2.61;179.8;165.7;7.2;1.7;5.2;0.24;0.23;0.06;0.08;1.58;1.67;0.225;49.6;7.41;3.94;2.08;0.33;1.11;3.1;177.1;154.3;14.3;2.2;6.2;0.71;0.67;0.13;0.16
-9;0;100;0;100;12.01;2.09;5.97;0.61;0.65;0.13;50.8;4.83;2.31;1.53;0.26;0.85;2.78;181;167.8;6;1.7;5.6;0.25;0.26;0.06;0.08;1.81;1.85;0.228;49.2;8.09;4.39;2.18;0.35;1.24;3.19;175.5;152.2;14.4;2.5;6.4;0.75;0.8;0.13;0.17
-9;0;100;50;0;14.62;2.42;7;0.68;0.69;0.12;55.7;5.64;2.7;1.75;0.3;1;3.3;180.5;160.8;11.1;2;6.6;0.24;0.3;0.07;0.09;2.13;2.21;0.233;44.3;9.48;5.13;2.54;0.44;1.43;3.7;143.6;119.4;13.9;2.9;7.4;1.32;0.54;0.15;0.2
-9;0;100;50;50;14.18;2.74;7.61;0.75;0.75;0.13;55.3;5.67;2.81;1.71;0.3;1.05;3.49;179.6;160.2;10.3;2.1;7;0.23;0.36;0.07;0.09;2.57;2.6;0.238;44.7;10.95;6.08;2.92;0.51;1.69;4.12;144.9;119.8;13.5;3.4;8.2;1.57;0.62;0.17;0.24
-9;0;100;50;100;14.06;2.88;8.39;0.82;0.86;0.143;55.3;5.89;2.9;1.78;0.3;1.01;3.91;180.3;160.9;9.5;2;7.8;0.24;0.46;0.07;0.09;2.92;3.01;0.241;44.7;12.51;6.86;3.34;0.59;1.87;4.47;145.7;119.3;13.7;3.7;8.9;1.8;0.75;0.19;0.28
-9;0;100;100;0;16.42;2.87;8.32;0.84;0.85;0.128;62.6;6.6;3.21;1.98;0.36;1.16;3.84;180.5;155.7;14.9;2.3;7.7;0.23;0.45;0.07;0.11;2.74;2.74;0.239;37.4;11.47;6.35;3.11;0.49;1.71;4.48;107.6;82.2;13.1;3.4;9;1.8;0.52;0.18;0.24
-9;0;100;100;50;16.27;3.31;9.44;0.94;0.94;0.134;62.1;6.96;3.43;2.09;0.35;1.21;4.44;180.3;155.1;13.8;2.4;8.9;0.23;0.51;0.09;0.11;3.31;3.38;0.243;37.9;13.94;7.65;3.7;0.63;2.1;5;109.8;82.4;13.2;4.2;10;2.27;0.6;0.21;0.3
-9;0;100;100;100;15.89;3.68;10.55;1.13;1.07;0.15;61.5;7.1;3.55;2.11;0.39;1.23;4.83;179.3;154.5;12.7;2.5;9.7;0.24;0.65;0.08;0.11;3.96;4.04;0.246;38.5;16.45;9.06;4.4;0.73;2.45;5.73;112.1;82.8;13;4.9;11.5;2.72;0.71;0.26;0.35
-9;50;0;0;0;15.75;2.25;6.45;0.71;0.71;0.114;43.9;6.12;2.94;1.93;0.32;1.1;3;141.9;125.6;8;2.2;6;0.39;0.15;0.07;0.1;1.31;1.4;0.197;56.1;7.1;3.69;2.02;0.33;1.15;3.45;181.3;152.5;19.6;2.3;6.9;0.69;0.43;0.11;0.16
-9;50;0;0;50;15.24;2.31;6.63;0.74;0.73;0.118;44.1;6.06;2.9;1.89;0.32;1.05;3.14;141.9;126.6;7;2.1;6.3;0.39;0.17;0.06;0.1;1.5;1.5;0.196;55.9;7.67;4.05;2.17;0.36;1.26;3.49;180.2;151.2;19.5;2.5;7;0.73;0.48;0.13;0.16
-9;50;0;0;100;14.95;2.49;7.03;0.74;0.78;0.12;44.3;6.31;3.02;1.93;0.31;1.13;3.27;142.8;127.9;6.1;2.3;6.5;0.41;0.19;0.08;0.1;1.64;1.68;0.197;55.7;8.5;4.52;2.27;0.43;1.36;3.76;179.5;149.5;19.7;2.7;7.5;0.76;0.6;0.13;0.19
-9;50;0;50;0;17.35;2.64;7.69;0.76;0.78;0.115;49.4;6.68;3.17;2.07;0.37;1.19;3.6;143.7;123.1;11;2.4;7.2;0.39;0.21;0.08;0.11;2.01;2.06;0.216;50.6;9.57;5.08;2.64;0.48;1.45;4.09;147.1;116.9;19.1;2.9;8.2;1.28;0.42;0.16;0.2
-9;50;0;50;50;17.07;2.9;8.38;0.82;0.83;0.121;49.2;6.76;3.27;2.04;0.34;1.19;3.93;143.6;123.3;10;2.4;7.9;0.39;0.25;0.08;0.11;2.44;2.43;0.217;50.8;11.2;5.99;3.08;0.48;1.72;4.46;148.3;116.7;19.3;3.4;8.9;1.55;0.47;0.17;0.23
-9;50;0;50;100;16.82;3.3;9.1;0.9;0.88;0.124;49.1;6.98;3.39;2.11;0.35;1.26;4.16;143.9;124;9.1;2.5;8.3;0.4;0.29;0.08;0.11;2.79;2.81;0.22;50.9;12.81;7.04;3.41;0.59;2.03;4.93;149.1;116;19.2;4.1;9.9;1.73;0.58;0.22;0.28
-9;50;0;100;0;19.17;3.1;8.9;0.82;0.86;0.116;56.7;7.26;3.58;2.15;0.4;1.3;4.19;146.1;120.8;14.3;2.6;8.4;0.38;0.27;0.09;0.12;2.55;2.57;0.223;43.3;11.56;6.31;3.14;0.55;1.8;4.71;111.3;79.4;18.9;3.6;9.4;1.72;0.42;0.18;0.25
-9;50;0;100;50;18.97;3.48;9.98;0.92;0.95;0.124;56.1;7.56;3.66;2.32;0.4;1.35;4.64;145.3;119.9;13.5;2.7;9.3;0.37;0.36;0.09;0.12;3.14;3.17;0.226;43.9;14.04;7.53;3.86;0.69;2.13;5.34;113.7;80.1;18.7;4.3;10.7;2.18;0.46;0.23;0.3
-9;50;0;100;100;18.75;3.81;11.2;0.98;0.99;0.127;55.8;7.73;3.71;2.32;0.42;1.31;5.16;145.7;120.4;12.4;2.6;10.3;0.38;0.41;0.09;0.12;3.76;3.85;0.229;44.2;16.8;9.09;4.57;0.81;2.5;6.04;115.4;79.7;18.6;5;12.1;2.62;0.58;0.27;0.37
-9;50;50;0;0;15.44;2.45;6.97;0.85;0.83;0.114;44.4;7.19;3.46;2.24;0.35;1.29;3.18;143.5;126.7;7.9;2.6;6.4;0.48;0.15;0.08;0.11;1.57;1.53;0.208;55.6;7.34;3.9;2.03;0.34;1.15;3.79;179.6;151.1;18.7;2.3;7.6;0.67;0.58;0.12;0.16
-9;50;50;0;50;15.1;2.62;7.38;0.84;0.88;0.118;44.7;7.36;3.52;2.27;0.37;1.3;3.4;144.5;128.2;7;2.6;6.8;0.49;0.19;0.09;0.12;1.74;1.75;0.212;55.3;8.23;4.45;2.16;0.4;1.31;3.98;178.5;149.1;18.8;2.6;8;0.7;0.72;0.14;0.19
-9;50;50;0;100;14.66;2.71;7.71;0.86;0.9;0.122;45.2;7.29;3.53;2.2;0.4;1.34;3.58;145.5;129.7;6;2.7;7.2;0.49;0.21;0.08;0.11;1.9;1.92;0.215;54.9;8.91;4.77;2.42;0.43;1.37;4.13;176.8;147;18.8;2.7;8.3;0.72;0.86;0.14;0.2
-9;50;50;50;0;17.18;2.99;8.32;0.91;0.91;0.116;49.8;7.8;3.76;2.39;0.38;1.4;3.94;145.5;124;10.9;2.8;7.9;0.47;0.23;0.09;0.12;2.17;2.22;0.223;50.2;9.92;5.34;2.69;0.45;1.59;4.38;146.4;116;18.4;3.2;8.8;1.27;0.57;0.17;0.2
-9;50;50;50;50;16.8;3.14;9.22;0.98;0.97;0.121;49.8;7.94;3.85;2.41;0.4;1.42;4.22;145.7;124.5;10;2.8;8.4;0.47;0.28;0.09;0.12;2.53;2.65;0.227;50.2;11.66;6.17;3.29;0.59;1.72;4.99;147.1;115.5;18.2;3.4;10;1.5;0.69;0.19;0.26
-9;50;50;50;100;16.65;3.45;9.84;1;1.03;0.127;49.8;8.01;3.85;2.46;0.44;1.38;4.62;146.4;125.6;8.9;2.8;9.2;0.47;0.34;0.09;0.13;2.98;3.05;0.231;50.2;13.21;7.15;3.56;0.6;2.08;5.22;147.5;114.4;18.5;4.2;10.4;1.72;0.84;0.21;0.27
-9;50;50;100;0;18.93;3.49;9.8;1.04;1.07;0.12;56.9;8.81;4.32;2.7;0.45;1.65;4.51;147.5;120.9;14.3;3.3;9;0.46;0.35;0.11;0.14;2.72;2.77;0.23;43.1;12.07;6.51;3.36;0.55;1.84;5.28;111.4;79.4;17.8;3.7;10.6;1.73;0.56;0.19;0.28
-9;50;50;100;50;18.85;3.72;10.79;1.12;1.09;0.123;56.5;8.76;4.27;2.64;0.46;1.51;4.99;147.2;120.9;13.3;3;10;0.45;0.4;0.1;0.14;3.38;3.4;0.234;43.5;14.55;7.97;3.88;0.69;2.21;5.8;113.3;79.4;17.9;4.4;11.6;2.17;0.68;0.23;0.32
-9;50;50;100;100;18.37;4.18;11.76;1.27;1.23;0.135;56.1;9.03;4.43;2.73;0.47;1.57;5.47;147;120.5;12.5;3.1;10.9;0.45;0.53;0.1;0.15;3.9;4.02;0.238;43.9;16.91;9.18;4.49;0.77;2.61;6.28;114.9;79.7;17.5;5.2;12.6;2.6;0.79;0.28;0.35
-9;50;100;0;0;15.13;2.69;7.95;1;1;0.117;45;8.46;4.11;2.6;0.42;1.51;3.72;145.9;127.6;7.9;3;7.4;0.57;0.19;0.1;0.13;1.71;1.74;0.218;55;7.99;4.25;2.23;0.42;1.18;4.22;178.3;149.9;17.6;2.4;8.4;0.71;0.73;0.12;0.17
-9;50;100;0;50;14.82;2.86;8.14;1.04;1.02;0.118;45.2;8.54;4.12;2.57;0.45;1.51;3.73;146.3;129;6.8;3;7.5;0.58;0.21;0.1;0.14;1.92;1.91;0.221;54.8;8.64;4.7;2.31;0.41;1.35;4.41;177.3;148;17.8;2.7;8.8;0.71;0.88;0.14;0.18
-9;50;100;0;100;14.49;2.93;8.34;1.05;1.09;0.125;45.7;8.63;4.16;2.61;0.48;1.55;3.95;147.5;130.7;5.8;3.1;7.9;0.58;0.25;0.11;0.14;2.19;2.12;0.23;54.3;9.2;4.96;2.53;0.45;1.38;4.39;175.5;145.8;18.2;2.8;8.8;0.7;1.08;0.14;0.2
-9;50;100;50;0;16.96;3.11;9.11;1.06;1.07;0.118;50.2;9.01;4.25;2.79;0.49;1.56;4.24;147.1;124.5;11.1;3.1;8.5;0.54;0.29;0.1;0.14;2.37;2.35;0.228;49.8;10.31;5.54;2.86;0.48;1.56;4.88;145.7;115.5;17.3;3.1;9.8;1.25;0.7;0.17;0.23
-9;50;100;50;50;16.46;3.41;10.06;1.19;1.18;0.124;50.3;9.45;4.58;2.87;0.5;1.66;4.75;147.9;125.1;10;3.3;9.5;0.56;0.35;0.11;0.16;2.79;2.77;0.233;49.7;11.91;6.52;3.17;0.61;1.75;5.3;146.1;114.9;17;3.5;10.6;1.5;0.83;0.18;0.27
-9;50;100;50;100;16.5;3.72;10.53;1.25;1.26;0.133;50.1;9.4;4.58;2.88;0.47;1.67;4.89;147.9;125.7;9.1;3.3;9.8;0.55;0.44;0.11;0.15;3.21;3.27;0.241;49.9;13.59;7.51;3.6;0.65;2.04;5.64;147.2;114.3;17.5;4.1;11.3;1.72;1.05;0.22;0.28
-9;50;100;100;0;18.85;3.68;10.49;1.25;1.24;0.123;57.1;10.01;4.89;2.99;0.53;1.81;4.85;148.4;120.7;14.4;3.6;9.7;0.53;0.43;0.12;0.16;2.81;2.88;0.234;42.9;12.32;6.72;3.3;0.6;1.87;5.64;111.3;79.6;16.8;3.7;11.3;1.75;0.68;0.19;0.26
-9;50;100;100;50;18.36;4.06;11.74;1.28;1.33;0.127;56.7;10.34;5;3.2;0.51;1.77;5.42;148.6;121;13.3;3.5;10.8;0.54;0.49;0.13;0.17;3.41;3.53;0.238;43.3;14.82;8.18;3.99;0.68;2.29;6.32;113.2;79.3;16.6;4.6;12.6;2.15;0.82;0.24;0.33
-9;50;100;100;100;18.2;4.35;12.63;1.4;1.41;0.137;56.4;10.24;5.07;3.1;0.52;1.8;5.76;148.5;121.3;12.1;3.6;11.5;0.53;0.61;0.12;0.16;4.16;4.25;0.245;43.6;17.35;9.5;4.68;0.82;2.55;6.87;114.9;79.1;16.9;5.1;13.7;2.6;1.01;0.26;0.37
-9;100;0;0;0;17.63;2.57;7.49;0.85;0.88;0.114;36.2;7.56;3.63;2.35;0.39;1.38;3.61;103.2;85.4;7.8;2.8;7.2;0.52;0.14;0.09;0.12;1.49;1.51;0.192;63.8;7.83;4.01;2.22;0.39;1.19;3.88;182.3;149.2;23;2.4;7.8;0.7;0.51;0.12;0.18
-9;100;0;0;50;17.37;2.75;7.88;0.89;0.9;0.118;36.2;7.53;3.69;2.21;0.43;1.39;3.64;103.2;86.4;6.7;2.8;7.3;0.52;0.17;0.09;0.12;1.71;1.72;0.194;63.8;8.84;4.61;2.5;0.4;1.36;4.24;181.7;147.1;23.4;2.7;8.5;0.71;0.66;0.15;0.2
-9;100;0;0;100;17.23;2.89;8.17;0.91;0.92;0.12;36.6;7.62;3.66;2.33;0.43;1.38;3.78;103.9;87.8;5.8;2.8;7.6;0.53;0.18;0.09;0.12;1.9;1.94;0.202;63.4;9.6;5.06;2.68;0.44;1.51;4.39;179.9;144.4;23.7;3;8.8;0.69;0.87;0.16;0.21
-9;100;0;50;0;19.27;3.04;8.87;0.92;0.93;0.116;41.2;7.99;3.78;2.51;0.43;1.39;4.12;105.1;83.5;10.6;2.8;8.2;0.5;0.2;0.09;0.14;2.13;2.19;0.21;58.8;10.44;5.59;2.89;0.47;1.64;4.75;150.3;114.8;22.7;3.3;9.5;1.29;0.51;0.16;0.23
-9;100;0;50;50;19.17;3.38;9.5;0.96;0.98;0.12;41.3;8.09;3.89;2.47;0.41;1.48;4.38;105.8;84.4;9.6;3;8.8;0.51;0.25;0.1;0.12;2.52;2.58;0.213;58.7;12.09;6.43;3.38;0.59;1.9;5.11;150.3;113.4;22.9;3.8;10.2;1.47;0.64;0.19;0.27
-9;100;0;50;100;19.01;3.69;10.41;0.98;1.03;0.123;41.5;8.28;4.04;2.45;0.45;1.52;4.86;106.8;85.1;8.9;3;9.7;0.51;0.28;0.1;0.13;3.06;3.08;0.221;58.5;13.97;7.59;3.83;0.66;2.17;5.55;150.7;112.3;22.9;4.3;11.1;1.71;0.84;0.22;0.31
-9;100;0;100;0;20.96;3.31;9.65;1;0.99;0.115;48.7;8.51;4.07;2.61;0.46;1.52;4.47;108.1;81.9;14.2;3;8.9;0.5;0.27;0.1;0.13;2.73;2.6;0.219;51.3;11.9;6.44;3.24;0.55;1.79;5.18;114;78.1;21.9;3.6;10.4;1.68;0.48;0.19;0.26
-9;100;0;100;50;20.85;3.85;11.01;1.02;1.09;0.122;48.4;8.83;4.21;2.7;0.51;1.59;5.16;108.8;82.4;12.9;3.2;10.3;0.5;0.34;0.11;0.14;3.33;3.31;0.223;51.6;14.85;8.05;4.07;0.66;2.26;5.85;116.2;77.6;22.3;4.5;11.7;2.13;0.62;0.24;0.32
-9;100;0;100;100;20.59;4.2;12.23;1.14;1.13;0.125;48.1;8.99;4.35;2.7;0.46;1.59;5.7;109.1;82.9;11.7;3.2;11.4;0.51;0.38;0.1;0.15;4.11;4.05;0.229;51.9;17.7;9.63;4.75;0.83;2.6;6.53;117.7;77.1;22.3;5.2;13.1;2.56;0.84;0.26;0.39
-9;100;50;0;0;17.88;3;8.49;1.03;1.04;0.114;36.8;9.02;4.26;2.83;0.47;1.61;3.92;105.5;86.8;7.7;3.2;7.8;0.64;0.15;0.1;0.14;1.66;1.74;0.204;63.2;8.55;4.51;2.38;0.39;1.39;4.56;181;146.5;22.7;2.8;9.1;0.67;0.75;0.13;0.2
-9;100;50;0;50;17.51;3.17;9.07;1.07;1.1;0.117;37.3;9.27;4.41;2.83;0.5;1.69;4.2;106.5;88.1;6.6;3.4;8.4;0.67;0.18;0.11;0.15;1.97;1.99;0.207;62.7;9.59;5.04;2.71;0.47;1.48;4.87;179.5;143.9;22.9;3;9.7;0.7;0.92;0.15;0.22
-9;100;50;0;100;17.24;3.16;9.37;1.13;1.13;0.12;37.4;9.33;4.51;2.83;0.5;1.61;4.33;106.4;88.9;5.7;3.2;8.7;0.67;0.21;0.1;0.15;2.13;2.18;0.211;62.6;10.3;5.32;2.93;0.49;1.55;5.04;178.4;142.2;23;3.1;10.1;0.7;1.08;0.17;0.23
-9;100;50;50;0;19.24;3.42;10.04;1.14;1.16;0.115;42.1;9.94;4.74;3.1;0.52;1.74;4.66;108.2;84.7;10.7;3.5;9.3;0.65;0.23;0.12;0.16;2.29;2.35;0.218;57.9;10.79;5.8;3.01;0.47;1.68;5.38;148.7;112.9;21.7;3.4;10.8;1.24;0.71;0.17;0.24
-9;100;50;50;50;19.18;3.7;10.68;1.23;1.22;0.12;42.2;10.07;4.9;3.04;0.52;1.83;4.99;108.8;85.3;9.8;3.7;10;0.65;0.28;0.12;0.17;2.77;2.79;0.222;57.8;12.58;6.75;3.41;0.64;1.87;5.69;149.2;112;22.1;3.7;11.4;1.45;0.88;0.19;0.27
-9;100;50;50;100;18.87;3.96;11.49;1.25;1.26;0.124;42.1;10.07;4.87;3.08;0.52;1.77;5.32;108.7;86;8.5;3.5;10.6;0.65;0.33;0.12;0.16;3.23;3.28;0.226;57.9;14.51;7.83;3.98;0.65;2.19;6.17;149.8;110.9;22.2;4.4;12.3;1.7;1.06;0.22;0.3
-9;100;50;100;0;21.09;3.71;11;1.23;1.24;0.119;49.2;10.4;4.89;3.28;0.56;1.76;5.12;110.7;83.1;13.8;3.5;10.2;0.62;0.33;0.12;0.17;2.89;2.9;0.225;50.8;12.91;6.99;3.54;0.58;1.96;5.88;114.3;76.9;21.7;3.9;11.8;1.7;0.7;0.21;0.28
-9;100;50;100;50;20.74;4.23;12.33;1.32;1.34;0.122;48.9;10.93;5.22;3.38;0.57;1.91;5.76;111.1;82.9;12.8;3.8;11.5;0.63;0.4;0.13;0.18;3.48;3.54;0.229;51.1;15.42;8.45;4.15;0.72;2.33;6.57;116.2;77.1;21.3;4.7;13.1;2.1;0.85;0.25;0.34
-9;100;50;100;100;20.64;4.66;13.43;1.42;1.43;0.13;48.7;10.9;5.36;3.29;0.54;1.96;6.26;111.6;83.5;11.7;3.9;12.5;0.63;0.5;0.13;0.17;4.12;4.23;0.234;51.3;18.11;9.79;4.97;0.85;2.71;7.17;117.8;76.5;21.5;5.4;14.3;2.52;1.03;0.28;0.39
-9;100;100;0;0;17.35;3.45;9.92;1.3;1.34;0.116;37.9;11.48;5.47;3.52;0.64;2.01;4.68;108.8;88;7.4;4;9.4;0.83;0.19;0.13;0.19;1.96;1.94;0.213;62.1;9.06;4.9;2.49;0.43;1.44;5.23;178.7;144;21.3;2.9;10.5;0.67;0.92;0.15;0.2
-9;100;100;0;50;17.29;3.49;10.27;1.35;1.35;0.117;38.2;11.46;5.47;3.57;0.61;2.01;4.82;109.4;89.1;6.6;4;9.6;0.84;0.2;0.13;0.18;2.18;2.19;0.223;61.8;9.82;5.29;2.68;0.47;1.48;5.45;177.4;141.8;21.7;3;10.9;0.68;1.15;0.16;0.21
-9;100;100;0;100;17.16;3.73;10.57;1.5;1.42;0.122;38.4;11.58;5.64;3.51;0.62;2.03;4.92;109.8;90.2;5.7;4.1;9.8;0.84;0.25;0.14;0.2;2.48;2.48;0.229;61.6;10.86;5.94;2.9;0.47;1.7;5.65;176.4;139.7;22.1;3.4;11.3;0.7;1.37;0.18;0.23
-9;100;100;50;0;19.1;3.75;11.14;1.36;1.39;0.117;42.7;11.78;5.57;3.75;0.64;2.05;5.1;110.4;85.7;10.5;4.1;10.2;0.79;0.28;0.13;0.19;2.45;2.52;0.224;57.3;11.27;6.08;3.07;0.52;1.7;6.04;148;111.5;21;3.4;12.1;1.21;0.88;0.18;0.25
-9;100;100;50;50;19.08;4;11.94;1.46;1.46;0.121;42.9;11.97;5.72;3.76;0.62;2.06;5.52;111.3;86.5;9.7;4.1;11;0.8;0.34;0.13;0.19;3.05;3.01;0.233;57.1;12.96;7.22;3.41;0.61;1.94;6.42;148.2;110.3;21.1;3.9;12.8;1.41;1.13;0.2;0.27
-9;100;100;50;100;18.78;4.32;12.68;1.58;1.55;0.126;43.1;12.16;5.83;3.78;0.65;2.06;5.91;112.1;87.8;8.4;4.1;11.8;0.82;0.4;0.13;0.2;3.56;3.55;0.237;56.9;14.95;8.26;4;0.65;2.26;6.78;148;108.3;21.6;4.5;13.6;1.64;1.34;0.23;0.33
-9;100;100;100;0;20.83;4.3;12.2;1.54;1.55;0.121;49.8;12.71;6.04;3.94;0.68;2.29;5.67;113.2;83.5;13.8;4.6;11.3;0.78;0.42;0.15;0.2;3.04;3.04;0.229;50.2;13.24;7.16;3.56;0.61;2.01;6.54;114;76.5;20.4;4;13.1;1.67;0.87;0.2;0.29
-9;100;100;100;50;20.58;4.68;13.38;1.61;1.63;0.124;49.6;13.06;6.27;3.96;0.69;2.27;6.3;113.8;83.8;12.8;4.5;12.6;0.79;0.47;0.15;0.22;3.74;3.76;0.238;50.4;15.8;8.63;4.22;0.72;2.4;7.08;115.5;76.2;20.4;4.8;14.2;2.08;1.08;0.25;0.34
-9;100;100;100;100;20.6;5.01;14.56;1.68;1.76;0.132;49.3;13.21;6.45;4.06;0.67;2.36;6.71;114.1;84;11.9;4.7;13.4;0.79;0.6;0.16;0.21;4.28;4.38;0.242;50.8;18.12;9.95;4.84;0.87;2.65;7.85;117.5;76;20.5;5.3;15.7;2.45;1.27;0.27;0.4
-8;0;0;0;0;13.47;1.77;5.04;0.51;0.53;0.118;49.9;4.29;2.11;1.29;0.23;0.78;2.38;178.3;163.3;8.6;1.6;4.8;0.24;0.16;0.05;0.07;1.25;1.24;0.195;50.1;6.29;3.25;1.81;0.29;0.99;2.66;179.3;156.7;15.4;2;5.3;0.66;0.34;0.1;0.13
-8;0;0;0;50;13.24;1.79;5.17;0.59;0.57;0.125;49.9;4.39;2.14;1.32;0.24;0.77;2.49;178.5;164.3;7.7;1.5;5;0.25;0.2;0.05;0.07;1.29;1.28;0.194;50.1;6.56;3.45;1.8;0.33;1.02;2.68;178.9;155.7;15.7;2;5.4;0.67;0.36;0.11;0.14
-8;0;0;0;100;12.89;1.9;5.56;0.58;0.57;0.129;50.1;4.33;2.12;1.34;0.22;0.75;2.59;179.1;165.9;6.6;1.5;5.2;0.26;0.2;0.05;0.07;1.46;1.46;0.197;49.9;7.42;3.91;2.09;0.36;1.14;2.97;178.2;154.1;15.9;2.3;5.9;0.72;0.46;0.12;0.16
-8;0;0;50;0;15.59;2.31;6.48;0.6;0.61;0.119;55.5;4.91;2.38;1.48;0.25;0.91;3.06;180.5;160.7;11.9;1.8;6.1;0.25;0.22;0.06;0.08;1.96;1.89;0.209;44.5;9.03;4.84;2.5;0.42;1.4;3.43;144.6;119.5;15.4;2.8;6.9;1.21;0.35;0.15;0.19
-8;0;0;50;50;15.16;2.44;7.04;0.68;0.66;0.128;55.1;5.06;2.5;1.55;0.27;0.89;3.23;179.2;160.2;10.7;1.8;6.5;0.25;0.27;0.06;0.08;2.18;2.16;0.212;44.9;10.21;5.44;2.77;0.48;1.56;3.81;145.9;119.8;15.3;3.1;7.6;1.42;0.36;0.16;0.23
-8;0;0;50;100;14.61;2.73;7.78;0.71;0.7;0.132;54.9;5.14;2.53;1.54;0.26;0.89;3.61;179;160.3;9.7;1.8;7.2;0.25;0.31;0.05;0.08;2.61;2.57;0.216;45.1;11.92;6.43;3.25;0.55;1.85;4.16;146.7;119.8;14.9;3.7;8.3;1.68;0.43;0.19;0.27
-8;0;0;100;0;17.17;2.76;7.78;0.69;0.69;0.121;62.7;5.59;2.79;1.67;0.27;1.04;3.67;181.5;157.3;14.8;2.1;7.3;0.25;0.28;0.06;0.1;2.41;2.4;0.217;37.3;11.08;5.98;3.02;0.52;1.72;4.1;108;81.4;15;3.4;8.2;1.65;0.33;0.17;0.25
-8;0;0;100;50;17.15;2.94;8.81;0.77;0.79;0.131;62.1;5.93;2.88;1.79;0.32;1;4.19;180.3;155.7;14.2;2;8.4;0.24;0.39;0.07;0.09;3.01;2.88;0.219;37.9;13.17;7.11;3.55;0.66;1.94;4.62;110.1;82.1;14.8;3.9;9.2;2.05;0.35;0.19;0.29
-8;0;0;100;100;16.86;3.34;9.9;0.86;0.83;0.136;61.5;6.01;2.94;1.81;0.31;0.95;4.57;179.9;155.8;13.1;1.9;9.1;0.23;0.43;0.06;0.1;3.59;3.49;0.221;38.5;15.82;8.51;4.32;0.74;2.39;5.33;112.6;82.1;15.1;4.8;10.7;2.45;0.46;0.24;0.34
-8;0;50;0;0;13.29;1.83;5.39;0.54;0.57;0.118;50.2;4.64;2.19;1.42;0.27;0.81;2.5;179.5;164.1;8.7;1.6;5;0.27;0.18;0.05;0.08;1.32;1.32;0.201;49.8;6.54;3.44;1.91;0.28;1.02;2.89;178.2;155.9;14.5;2;5.8;0.65;0.43;0.1;0.15
-8;0;50;0;50;12.56;1.84;5.43;0.57;0.58;0.125;50.1;4.51;2.18;1.43;0.21;0.8;2.48;178.8;164.7;7.5;1.6;5;0.26;0.2;0.05;0.07;1.35;1.39;0.2;49.9;6.9;3.63;1.94;0.34;1.05;2.95;177.7;155.3;14.4;2.1;5.9;0.66;0.46;0.11;0.16
-8;0;50;0;100;12.36;2;5.72;0.64;0.62;0.132;50.5;4.54;2.24;1.41;0.24;0.81;2.67;180.1;166.6;6.5;1.6;5.3;0.26;0.23;0.05;0.08;1.6;1.57;0.204;49.5;7.7;4.11;2.15;0.35;1.19;3.05;176.8;153.4;14.9;2.4;6.1;0.69;0.58;0.13;0.17
-8;0;50;50;0;15.07;2.27;6.72;0.65;0.64;0.12;55.8;5.23;2.52;1.63;0.28;0.9;3.18;180.8;160.9;11.7;1.8;6.4;0.26;0.24;0.06;0.08;1.98;1.94;0.213;44.3;9.09;4.93;2.45;0.41;1.37;3.54;143.5;119.3;14.3;2.7;7.1;1.17;0.43;0.14;0.19
-8;0;50;50;50;14.58;2.53;7.51;0.72;0.75;0.134;55.3;5.5;2.65;1.7;0.31;0.94;3.48;179.6;160;10.8;1.9;7;0.25;0.34;0.07;0.09;2.28;2.28;0.216;44.7;10.55;5.65;2.9;0.53;1.59;4.04;145.3;120;14;3.2;8.1;1.42;0.45;0.17;0.24
-8;0;50;50;100;14.32;2.89;7.96;0.79;0.78;0.139;55.2;5.57;2.78;1.64;0.29;1;3.73;179.9;160.7;9.8;2;7.5;0.26;0.37;0.07;0.09;2.69;2.63;0.219;44.8;12.01;6.55;3.25;0.55;1.89;4.23;145.9;119.5;14.2;3.8;8.5;1.62;0.55;0.2;0.25
-8;0;50;100;0;16.91;2.8;8.19;0.8;0.8;0.126;62.7;6.29;3.06;2.01;0.31;1.11;3.77;181.7;156.8;15.1;2.2;7.5;0.26;0.37;0.07;0.1;2.48;2.46;0.219;37.3;11.23;6.06;3.03;0.55;1.69;4.42;107.8;81.6;14;3.4;8.8;1.62;0.42;0.17;0.25
-8;0;50;100;50;16.53;3.24;9.03;0.87;0.88;0.136;62;6.37;3.15;1.9;0.32;1.15;4.16;180.1;155.5;14;2.3;8.3;0.25;0.46;0.07;0.1;3.04;3;0.222;38;13.53;7.25;3.66;0.63;2.09;4.88;110.1;82.3;13.9;4.2;9.8;2.05;0.45;0.2;0.29
-8;0;50;100;100;16.34;3.53;10.07;1;0.99;0.147;61.6;6.65;3.31;1.96;0.36;1.14;4.7;179.5;154.7;13.1;2.3;9.4;0.25;0.56;0.07;0.11;3.58;3.57;0.225;38.4;15.84;8.6;4.24;0.71;2.39;5.37;111.8;82.7;13.6;4.8;10.7;2.46;0.52;0.26;0.33
-8;0;100;0;0;12.57;1.87;5.47;0.59;0.61;0.123;50.3;4.85;2.31;1.48;0.27;0.86;2.54;179.3;164.3;8.3;1.7;5.1;0.27;0.21;0.06;0.08;1.44;1.45;0.213;49.7;6.75;3.62;1.83;0.33;1.02;2.93;177.1;155.7;13.5;2;5.9;0.66;0.55;0.1;0.14
-8;0;100;0;50;12.32;1.92;5.65;0.65;0.67;0.13;50.3;5.05;2.42;1.52;0.26;0.83;2.63;179.4;164.7;7.7;1.7;5.3;0.28;0.26;0.05;0.09;1.6;1.55;0.218;49.7;7.09;3.83;1.95;0.32;1.09;3.02;177;155.3;13.5;2.2;6;0.66;0.63;0.11;0.16
-8;0;100;0;100;11.91;2.07;5.96;0.75;0.72;0.138;50.7;5.12;2.6;1.49;0.25;0.87;2.85;180.6;166.6;6.6;1.7;5.7;0.28;0.29;0.06;0.09;1.78;1.73;0.222;49.3;7.76;4.28;2.08;0.37;1.2;3.1;175.6;153.4;13.6;2.4;6.2;0.68;0.75;0.13;0.17
-8;0;100;50;0;14.59;2.35;6.99;0.72;0.74;0.125;55.7;5.78;2.8;1.78;0.3;0.98;3.3;180.3;159.9;11.9;2;6.6;0.26;0.32;0.06;0.1;2.11;2.04;0.222;44.3;9.15;4.95;2.48;0.46;1.37;3.68;143.3;120.1;13.1;2.7;7.4;1.18;0.52;0.14;0.2
-8;0;100;50;50;14.27;2.69;7.69;0.81;0.8;0.134;55.5;5.9;2.93;1.72;0.31;1.05;3.61;180.1;160;10.8;2.1;7.2;0.27;0.38;0.06;0.09;2.5;2.44;0.226;44.5;10.78;5.88;2.96;0.49;1.65;4.08;144.5;120;13.1;3.3;8.2;1.42;0.62;0.17;0.22
-8;0;100;50;100;13.88;2.86;8.26;0.91;0.9;0.148;55.4;5.97;2.98;1.79;0.3;1.01;3.89;180.1;160.6;9.7;2;7.8;0.26;0.47;0.07;0.09;2.84;2.82;0.23;44.6;12.27;6.72;3.29;0.56;1.84;4.37;145.2;119.5;13.2;3.7;8.7;1.64;0.72;0.19;0.27
-8;0;100;100;0;16.68;2.94;8.52;0.92;0.91;0.132;62.5;6.86;3.35;2.1;0.34;1.19;3.95;180.6;155;15.3;2.4;7.9;0.26;0.46;0.08;0.11;2.48;2.6;0.226;37.5;11.51;6.2;3.14;0.55;1.75;4.58;108.2;82.5;13;3.5;9.2;1.65;0.53;0.18;0.24
-8;0;100;100;50;16.3;3.31;9.34;0.99;0.97;0.137;62.2;6.95;3.43;2.06;0.38;1.18;4.49;180.2;154.6;14.2;2.4;9;0.25;0.52;0.08;0.12;3.13;3.16;0.23;37.8;13.7;7.51;3.61;0.64;2.12;4.85;109.5;82.7;12.9;4.2;9.7;2.07;0.59;0.22;0.28
-8;0;100;100;100;16.18;3.78;10.45;1.12;1.13;0.154;61.5;7.29;3.76;2.1;0.34;1.29;4.84;179.3;153.6;13.5;2.6;9.7;0.26;0.68;0.09;0.12;3.77;3.73;0.233;38.5;15.99;8.77;4.25;0.75;2.5;5.6;112.2;83.2;12.8;5;11.2;2.46;0.68;0.26;0.33
-8;50;0;0;0;15.75;2.26;6.38;0.74;0.78;0.121;43.9;6.31;3.01;1.96;0.32;1.14;3;141.9;125;8.6;2.3;6;0.44;0.16;0.08;0.11;1.36;1.33;0.19;56.1;6.97;3.65;1.99;0.34;1.12;3.39;181.3;153.3;19;2.2;6.8;0.64;0.42;0.11;0.16
-8;50;0;0;50;15.27;2.3;6.71;0.81;0.8;0.125;44.1;6.34;3.06;1.93;0.35;1.08;3.15;142.2;126.6;7.2;2.2;6.3;0.45;0.18;0.07;0.1;1.42;1.43;0.188;55.9;7.6;3.95;2.15;0.39;1.21;3.57;180;151.2;19.2;2.4;7.1;0.65;0.48;0.13;0.18
-8;50;0;0;100;14.95;2.51;7.1;0.79;0.85;0.128;44.4;6.52;3.15;2;0.34;1.19;3.33;143;127.6;6.3;2.4;6.7;0.46;0.2;0.08;0.11;1.6;1.59;0.19;55.6;8.31;4.29;2.37;0.42;1.32;3.77;179.3;149.8;19.3;2.6;7.5;0.68;0.59;0.13;0.19
-8;50;0;50;0;17.28;2.6;7.7;0.86;0.85;0.121;49.5;6.87;3.33;2.05;0.37;1.16;3.65;143.9;122.8;11.5;2.3;7.3;0.44;0.21;0.08;0.11;1.85;1.93;0.205;50.5;9.4;4.94;2.63;0.45;1.45;4.05;146.7;117.2;18.5;2.9;8.1;1.16;0.41;0.16;0.2
-8;50;0;50;50;17.31;2.94;8.53;0.85;0.9;0.127;49.4;6.96;3.36;2.15;0.37;1.22;4.02;144.4;123.5;10.5;2.4;8;0.44;0.27;0.08;0.11;2.25;2.25;0.205;50.6;11.01;5.83;3.06;0.54;1.72;4.51;148;116.5;19;3.4;9;1.37;0.48;0.18;0.23
-8;50;0;50;100;17;3.12;9.16;0.94;0.93;0.132;49.2;7.01;3.45;2.13;0.35;1.22;4.34;144.2;123.5;9.6;2.4;8.7;0.42;0.31;0.09;0.11;2.65;2.64;0.209;50.8;12.65;6.61;3.57;0.63;1.9;4.83;149;116.5;19.1;3.8;9.7;1.59;0.58;0.2;0.27
-8;50;0;100;0;19.38;3.05;8.87;0.91;0.89;0.122;56.8;7.29;3.58;2.17;0.38;1.29;4.12;146.1;120.4;14.9;2.6;8.2;0.41;0.28;0.08;0.12;2.43;2.43;0.211;43.2;11.49;6.1;3.24;0.53;1.76;4.75;111.1;79.7;18.4;3.5;9.5;1.59;0.41;0.18;0.25
-8;50;0;100;50;19;3.45;9.87;0.94;0.99;0.129;56.1;7.54;3.61;2.33;0.4;1.32;4.61;144.9;119.3;13.8;2.6;9.2;0.41;0.36;0.09;0.13;3.02;2.98;0.215;43.9;13.86;7.36;3.8;0.67;2.13;5.26;113.4;80.5;18.1;4.3;10.5;2.02;0.44;0.23;0.29
-8;50;0;100;100;18.74;3.92;11.2;1.06;1.07;0.133;55.7;7.98;3.89;2.39;0.45;1.43;5.21;145.6;119.6;12.8;2.9;10.4;0.42;0.42;0.09;0.13;3.59;3.56;0.218;44.3;16.36;8.82;4.5;0.76;2.5;6;115.5;80.3;18.2;5;12;2.4;0.55;0.26;0.35
-8;50;50;0;0;15.29;2.49;7.11;0.86;0.9;0.121;44.4;7.36;3.49;2.25;0.39;1.31;3.31;143.6;126.1;8.3;2.6;6.6;0.53;0.17;0.09;0.12;1.5;1.46;0.198;55.6;7.36;3.94;2.12;0.31;1.19;3.8;179.9;151.9;18.1;2.4;7.6;0.64;0.53;0.12;0.17
-8;50;50;0;50;15.29;2.63;7.36;0.98;0.96;0.127;44.7;7.51;3.62;2.3;0.37;1.3;3.45;144.7;127.6;7.6;2.6;6.9;0.53;0.21;0.1;0.12;1.68;1.63;0.2;55.3;8.12;4.37;2.19;0.39;1.32;3.91;179;149.9;18.6;2.6;7.8;0.64;0.67;0.13;0.18
-8;50;50;0;100;14.81;2.69;7.85;0.96;1;0.129;45.1;7.63;3.64;2.39;0.42;1.29;3.66;145.5;129.3;6.2;2.6;7.3;0.56;0.23;0.08;0.13;1.84;1.86;0.209;54.9;8.85;4.69;2.43;0.44;1.39;4.19;177.4;147.6;18.6;2.8;8.4;0.65;0.85;0.16;0.2
-8;50;50;50;0;17.15;3.01;8.55;0.98;1;0.122;49.9;8.14;3.95;2.46;0.44;1.44;4.05;145.9;123.4;11.6;2.9;8.1;0.53;0.24;0.1;0.13;2.07;2.08;0.21;50.1;9.9;5.33;2.76;0.47;1.57;4.5;146.3;116.6;17.6;3.1;9;1.18;0.52;0.18;0.21
-8;50;50;50;50;16.8;3.18;9.22;1.04;1.08;0.13;49.9;8.26;3.93;2.54;0.5;1.39;4.36;146.2;124.2;10.5;2.8;8.7;0.53;0.33;0.09;0.14;2.44;2.44;0.214;50.1;11.41;6.09;3.14;0.53;1.79;4.86;146.8;115.8;17.7;3.6;9.7;1.37;0.64;0.19;0.24
-8;50;50;50;100;16.61;3.51;9.84;1.13;1.12;0.134;49.6;8.32;4.07;2.52;0.39;1.49;4.57;145.8;124.1;9.5;3;9.1;0.52;0.37;0.1;0.13;2.81;2.87;0.221;50.4;12.97;7;3.54;0.6;2.02;5.27;148.2;115.9;17.7;4;10.5;1.59;0.8;0.19;0.28
-8;50;50;100;0;18.87;3.3;9.73;1.08;1.09;0.125;57.1;8.68;4.14;2.67;0.48;1.48;4.56;147.5;120.9;14.5;3;9.1;0.51;0.35;0.1;0.14;2.62;2.57;0.216;42.9;11.9;6.41;3.26;0.56;1.82;5.17;110.7;79.4;17.3;3.6;10.3;1.6;0.52;0.19;0.26
-8;50;50;100;50;18.88;3.84;10.91;1.22;1.23;0.133;56.5;9.19;4.5;2.72;0.5;1.61;5.11;147.5;120.2;13.9;3.2;10.2;0.51;0.46;0.11;0.15;3.07;3.12;0.219;43.5;14.23;7.68;3.88;0.69;2.23;5.8;113.3;79.9;17.4;4.5;11.6;1.96;0.63;0.21;0.32
-8;50;50;100;100;18.6;4.13;11.85;1.37;1.31;0.14;56.1;9.24;4.57;2.79;0.47;1.58;5.52;146.9;119.8;12.9;3.2;11;0.5;0.55;0.11;0.14;3.64;3.75;0.226;43.9;16.58;8.98;4.51;0.77;2.55;6.33;115;80.1;17.1;5.1;12.7;2.37;0.77;0.26;0.35
-8;50;100;0;0;15.09;2.79;7.95;1.09;1.1;0.123;44.9;8.85;4.21;2.73;0.49;1.56;3.73;145.7;126.8;8.4;3.1;7.5;0.64;0.22;0.1;0.14;1.57;1.63;0.211;55.1;7.71;4.13;2.08;0.37;1.24;4.22;178.9;151;16.9;2.5;8.4;0.64;0.69;0.13;0.17
-8;50;100;0;50;14.74;2.81;8.18;1.11;1.14;0.128;45.1;8.81;4.21;2.69;0.49;1.52;3.84;146.1;128.1;7.3;3;7.7;0.64;0.25;0.1;0.14;1.84;1.8;0.215;54.9;8.35;4.49;2.33;0.41;1.28;4.34;177.7;149.2;17.2;2.6;8.7;0.65;0.83;0.13;0.18
-8;50;100;0;100;14.37;2.81;8.37;1.18;1.17;0.131;45.4;8.81;4.25;2.7;0.44;1.49;3.86;146.6;129.6;6.4;3;7.7;0.65;0.27;0.1;0.14;1.96;2.03;0.224;54.6;9.03;4.78;2.46;0.45;1.32;4.51;176.2;147.2;17.3;2.6;9;0.65;1.04;0.13;0.2
-8;50;100;50;0;16.84;3.26;9.35;1.19;1.2;0.125;50.1;9.56;4.59;2.97;0.52;1.68;4.39;147;123.5;11.3;3.4;8.8;0.62;0.31;0.11;0.16;2.25;2.23;0.22;49.9;10.17;5.53;2.78;0.47;1.58;4.96;146.3;116.5;16.7;3.2;9.9;1.18;0.67;0.16;0.22
-8;50;100;50;50;16.41;3.46;10.04;1.27;1.26;0.13;50.3;9.6;4.65;2.91;0.49;1.65;4.77;147.7;124.7;10.2;3.3;9.5;0.63;0.36;0.12;0.15;2.61;2.62;0.223;49.7;11.73;6.35;3.23;0.54;1.82;5.27;146.1;115.3;16.7;3.6;10.5;1.38;0.81;0.17;0.25
-8;50;100;50;100;16.33;3.61;10.65;1.38;1.35;0.138;50.2;9.64;4.76;2.97;0.48;1.66;5.01;148;125.2;9.5;3.3;10;0.62;0.46;0.11;0.15;3.12;3.08;0.231;49.8;13.34;7.28;3.62;0.57;1.95;5.63;146.9;114.8;16.9;3.9;11.3;1.59;1.01;0.2;0.28
-8;50;100;100;0;18.72;3.64;10.38;1.34;1.33;0.129;57.1;10.26;5.05;3.03;0.54;1.83;4.82;148;119.9;14.8;3.7;9.6;0.59;0.45;0.12;0.16;2.69;2.67;0.223;42.9;11.94;6.52;3.26;0.55;1.81;5.56;111.1;80;16.3;3.6;11.1;1.58;0.65;0.18;0.26
-8;50;100;100;50;18.64;4.06;11.52;1.39;1.41;0.133;56.8;10.53;5.19;3.13;0.56;1.85;5.31;148.6;120.3;14;3.7;10.6;0.59;0.52;0.13;0.17;3.26;3.31;0.227;43.2;14.57;7.98;3.85;0.65;2.21;6.21;113;79.8;16.3;4.4;12.4;1.96;0.8;0.24;0.31
-8;50;100;100;100;18.27;4.44;12.55;1.56;1.53;0.143;56.5;10.64;5.31;3.19;0.53;1.82;5.93;148.9;120.5;12.8;3.6;11.9;0.6;0.64;0.12;0.18;3.9;3.94;0.233;43.5;16.89;9.22;4.58;0.73;2.62;6.61;114.4;79.6;16.3;5.2;13.2;2.36;0.96;0.27;0.36
-8;100;0;0;0;17.6;2.55;7.49;0.97;0.94;0.121;35.9;7.68;3.68;2.39;0.43;1.32;3.41;102.6;84.8;8.3;2.6;6.8;0.58;0.15;0.09;0.12;1.46;1.44;0.187;64.1;7.64;3.98;2.16;0.4;1.23;4.08;183.4;150.5;22.3;2.5;8.2;0.65;0.49;0.13;0.17
-8;100;0;0;50;17.47;2.73;7.91;1;0.97;0.125;36.3;7.67;3.73;2.33;0.4;1.35;3.67;103.4;86.3;7.1;2.7;7.3;0.58;0.18;0.09;0.12;1.65;1.63;0.187;63.7;8.67;4.52;2.46;0.42;1.38;4.25;181.8;147.5;23;2.8;8.5;0.65;0.65;0.14;0.19
-8;100;0;0;100;17.23;2.88;8.3;1.02;1.01;0.127;36.7;7.91;3.86;2.4;0.39;1.41;3.9;104.4;87.6;6.2;2.8;7.8;0.6;0.19;0.09;0.13;1.88;1.82;0.19;63.3;9.54;5;2.63;0.47;1.48;4.4;179.8;144.8;23.3;3;8.8;0.64;0.82;0.15;0.21
-8;100;0;50;0;19.12;3.01;8.8;1.03;1.02;0.122;41.5;8.29;3.98;2.56;0.45;1.43;4.11;105.7;83.5;11;2.9;8.2;0.58;0.2;0.09;0.14;2.04;2.04;0.2;58.5;10.16;5.41;2.75;0.53;1.58;4.69;149.2;114.7;22;3.2;9.4;1.14;0.5;0.17;0.23
-8;100;0;50;50;19.21;3.32;9.54;1.07;1.1;0.127;41.5;8.57;4.13;2.65;0.45;1.47;4.5;106.3;83.9;10.5;2.9;9;0.58;0.27;0.1;0.15;2.42;2.38;0.203;58.5;11.68;6.21;3.14;0.56;1.85;5.03;150.2;114.2;22.2;3.7;10.1;1.32;0.62;0.19;0.25
-8;100;0;50;100;19.01;3.62;10.44;1.13;1.1;0.129;41.7;8.49;4.17;2.52;0.46;1.47;4.94;107.3;85.3;9.2;2.9;9.9;0.58;0.28;0.1;0.14;2.88;2.87;0.207;58.3;13.83;7.38;3.85;0.67;2.15;5.5;150;112;22.6;4.3;11;1.53;0.79;0.23;0.31
-8;100;0;100;0;21.07;3.39;9.97;1.04;1.08;0.122;48.9;8.74;4.21;2.69;0.48;1.58;4.69;109.1;82.2;14.4;3.2;9.4;0.56;0.27;0.11;0.13;2.48;2.48;0.207;51.1;12;6.32;3.37;0.63;1.81;5.28;113.8;77.8;21.8;3.6;10.6;1.54;0.49;0.18;0.27
-8;100;0;100;50;20.83;3.74;10.96;1.16;1.19;0.128;48.6;9.27;4.45;2.84;0.49;1.6;5.14;109.1;82;13.7;3.2;10.3;0.58;0.36;0.11;0.15;3.06;3.04;0.212;51.4;14.35;7.7;3.88;0.7;2.14;5.82;115.4;78;21.4;4.3;11.6;1.9;0.6;0.23;0.31
-8;100;0;100;100;20.98;4.28;12.38;1.24;1.23;0.131;48.2;9.28;4.51;2.83;0.48;1.62;5.79;110;82.7;12.5;3.2;11.6;0.56;0.41;0.11;0.14;3.76;3.74;0.215;51.8;17.43;9.37;4.77;0.81;2.66;6.59;118.1;77.3;22.3;5.3;13.2;2.3;0.78;0.27;0.39
-8;100;50;0;0;17.62;3.08;8.56;1.08;1.17;0.122;37;9.48;4.6;2.87;0.47;1.73;4.01;106;86.5;8.1;3.5;8;0.74;0.16;0.12;0.15;1.63;1.61;0.193;63;8.32;4.44;2.33;0.33;1.35;4.56;180.6;147;21.8;2.7;9.1;0.61;0.67;0.14;0.18
-8;100;50;0;50;17.31;3.03;9.08;1.15;1.21;0.125;37.2;9.56;4.52;3;0.53;1.63;4.24;106.4;87.6;7.1;3.3;8.5;0.74;0.19;0.12;0.16;1.88;1.81;0.196;62.8;9.24;4.93;2.51;0.42;1.39;4.85;179.5;144.9;22.1;2.8;9.7;0.63;0.84;0.14;0.2
-8;100;50;0;100;17.09;3.39;9.43;1.23;1.26;0.128;37.7;9.74;4.78;2.93;0.52;1.78;4.41;107.3;89;6;3.6;8.8;0.77;0.22;0.12;0.15;2.1;2.08;0.206;62.3;10.07;5.39;2.82;0.48;1.61;5.03;177.7;142;22.4;3.2;10.1;0.62;1.07;0.17;0.22
-8;100;50;50;0;19.35;3.54;10.08;1.21;1.26;0.122;42.3;10.24;4.92;3.2;0.53;1.85;4.75;109;84.5;11.2;3.7;9.5;0.73;0.24;0.12;0.17;2.2;2.2;0.205;57.7;10.74;5.66;3.04;0.53;1.69;5.33;148.5;113.2;21.3;3.4;10.7;1.14;0.66;0.17;0.24
-8;100;50;50;50;19.06;3.69;10.78;1.34;1.36;0.129;42.3;10.46;5.08;3.2;0.56;1.85;5.11;109.2;85.2;10.1;3.7;10.2;0.74;0.32;0.13;0.17;2.64;2.59;0.209;57.7;12.38;6.58;3.44;0.56;1.84;5.68;148.8;112.2;21.6;3.7;11.4;1.32;0.8;0.19;0.27
-8;100;50;50;100;18.88;3.88;11.6;1.39;1.37;0.131;42.2;10.39;5.08;3.14;0.54;1.76;5.46;109.3;85.8;9.1;3.5;10.9;0.73;0.35;0.12;0.17;3.08;3.11;0.217;57.8;14.31;7.6;3.96;0.71;2.12;6.13;149.6;111.3;21.8;4.2;12.3;1.55;1.03;0.22;0.31
-8;100;50;100;0;21.01;3.92;11.12;1.4;1.37;0.125;49.5;10.91;5.3;3.37;0.56;1.94;5.29;111.4;82.6;14.4;3.9;10.6;0.71;0.35;0.13;0.18;2.7;2.65;0.211;50.5;12.57;6.76;3.48;0.57;1.99;5.82;113.9;77.4;20.8;4;11.6;1.54;0.65;0.2;0.27
-8;100;50;100;50;20.94;4.28;12.44;1.44;1.48;0.131;49;11.24;5.43;3.49;0.6;1.95;5.84;111.7;82.5;13.6;3.9;11.7;0.71;0.46;0.13;0.18;3.21;3.27;0.216;51;15.16;8.16;4.06;0.72;2.33;6.61;116.2;77.5;20.8;4.7;13.2;1.91;0.78;0.24;0.33
-8;100;50;100;100;20.41;4.65;13.36;1.57;1.55;0.136;48.8;11.32;5.54;3.39;0.57;1.96;6.26;111.7;83;12.3;3.9;12.5;0.72;0.52;0.13;0.17;3.94;3.93;0.223;51.2;17.61;9.53;4.78;0.83;2.69;7.1;117.3;77;20.7;5.4;14.2;2.29;0.98;0.27;0.38
-8;100;100;0;0;17.55;3.45;9.92;1.43;1.43;0.123;37.8;11.52;5.74;3.42;0.59;2.1;4.63;108.8;87.4;8;4.2;9.3;0.91;0.2;0.13;0.19;1.81;1.85;0.208;62.2;8.87;4.66;2.54;0.41;1.35;5.29;179.5;145.3;20.9;2.7;10.6;0.63;0.88;0.14;0.2
-8;100;100;0;50;17.11;3.56;10.2;1.5;1.5;0.127;38.1;11.8;5.67;3.65;0.62;2.08;4.86;109.4;88.6;7;4.2;9.7;0.93;0.24;0.14;0.19;2.06;2.08;0.218;61.9;9.52;5.06;2.66;0.46;1.49;5.34;177.6;142.9;21;3;10.7;0.61;1.11;0.15;0.2
-8;100;100;0;100;16.88;3.77;10.55;1.5;1.54;0.129;38.4;11.85;5.73;3.6;0.59;2.12;4.87;109.8;89.9;6;4.2;9.7;0.95;0.26;0.15;0.19;2.39;2.37;0.223;61.6;10.6;5.79;2.88;0.47;1.66;5.68;176.2;140.2;21.3;3.3;11.4;0.63;1.33;0.17;0.24
-8;100;100;50;0;19.35;3.97;11.28;1.48;1.54;0.125;42.9;12.28;5.93;3.78;0.65;2.17;5.26;111.4;85.5;11;4.3;10.5;0.89;0.29;0.16;0.2;2.35;2.42;0.215;57.1;11.21;6.07;2.97;0.56;1.79;6.02;148.1;111.8;20.7;3.6;12;1.11;0.87;0.18;0.25
-8;100;100;50;50;18.88;4.23;11.85;1.57;1.6;0.128;43;12.38;6.03;3.75;0.63;2.21;5.55;111.5;86.2;9.8;4.4;11.1;0.9;0.34;0.15;0.2;2.9;2.9;0.225;57;12.91;7.09;3.42;0.61;2.02;6.3;148.2;110.7;20.8;4;12.6;1.31;1.1;0.21;0.28
-8;100;100;50;100;18.92;4.35;12.62;1.68;1.67;0.134;43;12.39;6.09;3.77;0.66;2.15;5.86;111.9;86.9;9;4.3;11.7;0.9;0.44;0.15;0.19;3.28;3.33;0.229;57;14.56;7.83;3.92;0.69;2.2;6.76;148.6;109.7;21;4.4;13.5;1.49;1.3;0.22;0.32
-8;100;100;100;0;20.71;4.26;12.36;1.69;1.65;0.127;49.7;12.94;6.31;3.94;0.65;2.26;5.69;112.9;83;14;4.5;11.4;0.87;0.43;0.15;0.2;2.94;2.91;0.22;50.3;13.21;7.15;3.54;0.64;2;6.67;114.2;77;19.9;4;13.3;1.56;0.85;0.21;0.29
-8;100;100;100;50;20.7;4.65;13.43;1.75;1.72;0.13;49.6;13.15;6.41;4.02;0.69;2.28;6.31;113.9;83.5;13.2;4.6;12.6;0.87;0.48;0.15;0.21;3.5;3.59;0.228;50.4;15.73;8.46;4.24;0.75;2.37;7.13;115.6;76.5;20.1;4.7;14.3;1.93;1.06;0.26;0.34
-8;100;100;100;100;20.45;5.12;14.55;1.84;1.85;0.138;49.3;13.34;6.62;4.04;0.63;2.36;6.77;114;83.7;12.1;4.7;13.5;0.88;0.61;0.16;0.21;4.18;4.22;0.232;50.7;18.19;9.89;4.97;0.83;2.76;7.77;117.4;76.3;20.1;5.5;15.5;2.28;1.24;0.28;0.41
-7;0;0;0;0;13.54;1.76;5.17;0.58;0.54;0.119;49.8;4.4;2.1;1.34;0.23;0.75;2.44;178.3;163;8.9;1.5;4.9;0.25;0.17;0.05;0.07;1.2;1.2;0.191;50.2;6.28;3.29;1.81;0.32;1.01;2.73;179.7;157;15.2;2;5.5;0.63;0.34;0.1;0.14
-7;0;0;0;50;13.04;1.76;5.12;0.55;0.57;0.124;50;4.39;2.14;1.3;0.24;0.74;2.41;178.5;164.3;7.9;1.5;4.8;0.26;0.19;0.05;0.07;1.32;1.25;0.189;50;6.58;3.46;1.75;0.31;1.02;2.71;178.4;155.7;15.2;2;5.4;0.64;0.36;0.1;0.14
-7;0;0;0;100;12.93;1.92;5.59;0.61;0.63;0.131;50.2;4.61;2.28;1.36;0.24;0.82;2.67;179.5;165.6;7;1.6;5.3;0.27;0.23;0.06;0.08;1.39;1.39;0.191;49.8;7.22;3.73;2.07;0.35;1.1;2.92;178;154.4;15.6;2.2;5.8;0.66;0.45;0.12;0.16
-7;0;0;50;0;15.4;2.32;6.54;0.62;0.62;0.12;55.5;5.01;2.43;1.56;0.27;0.89;3.07;180.2;160.3;12;1.8;6.1;0.26;0.22;0.06;0.08;1.77;1.81;0.204;44.5;8.86;4.67;2.49;0.41;1.43;3.46;144.5;119.8;14.9;2.9;6.9;1.16;0.32;0.14;0.19
-7;0;0;50;50;14.96;2.49;7.03;0.67;0.68;0.129;55.1;5.13;2.52;1.54;0.27;0.93;3.36;179;159.3;11.1;1.9;6.7;0.24;0.29;0.07;0.08;2.06;2.06;0.207;44.9;9.95;5.28;2.81;0.47;1.56;3.67;145.6;120.6;14.6;3.1;7.3;1.35;0.34;0.15;0.21
-7;0;0;50;100;14.69;2.69;7.79;0.73;0.74;0.138;55.1;5.28;2.63;1.52;0.28;0.92;3.69;179.4;160.1;10.1;1.8;7.4;0.25;0.34;0.06;0.09;2.46;2.42;0.209;44.9;11.57;6.2;3.28;0.52;1.77;4.1;146.4;120;14.7;3.5;8.2;1.55;0.43;0.18;0.26
-7;0;0;100;0;17.18;2.69;7.68;0.68;0.71;0.121;62.8;5.73;2.74;1.74;0.35;0.99;3.63;181.5;156.7;15.5;2;7.3;0.24;0.3;0.07;0.1;2.3;2.26;0.21;37.2;10.76;5.84;2.96;0.48;1.69;4.05;107.4;81.6;14.3;3.4;8.1;1.54;0.32;0.17;0.23
-7;0;0;100;50;17.16;3.07;8.7;0.81;0.8;0.132;62;5.99;2.95;1.75;0.34;1.04;4.14;179.9;154.8;14.7;2.1;8.3;0.24;0.39;0.08;0.1;2.73;2.74;0.212;38;12.88;6.87;3.59;0.6;2.03;4.57;110.3;82.6;14.5;4.1;9.1;1.93;0.34;0.2;0.27
-7;0;0;100;100;16.93;3.48;9.81;0.94;0.9;0.142;61.6;6.24;3.15;1.85;0.3;1.1;4.6;180.2;155;13.8;2.2;9.2;0.24;0.48;0.07;0.1;3.28;3.26;0.214;38.4;15.23;8.21;4.17;0.71;2.38;5.2;112.1;82.5;14.4;4.8;10.4;2.26;0.43;0.23;0.34
-7;0;50;0;0;12.89;1.81;5.25;0.6;0.57;0.119;50.2;4.63;2.26;1.38;0.23;0.8;2.5;179.1;163.7;8.8;1.6;5;0.27;0.17;0.06;0.08;1.24;1.27;0.197;49.8;6.4;3.29;1.85;0.31;1.01;2.75;177.7;156.3;13.9;2;5.5;0.62;0.4;0.1;0.15
-7;0;50;0;50;12.86;1.93;5.51;0.58;0.63;0.128;50.3;4.8;2.3;1.44;0.28;0.85;2.63;179.6;164.6;8;1.7;5.3;0.27;0.22;0.06;0.08;1.35;1.35;0.196;49.7;6.84;3.6;1.93;0.32;1.08;2.88;177.7;155.4;14.4;2.2;5.8;0.63;0.46;0.1;0.15
-7;0;50;0;100;12.17;1.99;5.7;0.67;0.67;0.137;50.4;4.75;2.34;1.45;0.25;0.83;2.69;179.5;165.6;6.9;1.7;5.4;0.27;0.27;0.06;0.07;1.48;1.48;0.201;49.6;7.37;3.91;2.05;0.34;1.16;3.01;176.8;154.4;14;2.3;6;0.67;0.53;0.12;0.16
-7;0;50;50;0;14.87;2.32;6.69;0.63;0.66;0.12;55.9;5.33;2.55;1.67;0.28;0.94;3.2;181.1;160.6;12.2;1.9;6.4;0.26;0.24;0.06;0.09;1.95;1.86;0.208;44.1;8.92;4.86;2.41;0.42;1.38;3.49;143;119.5;13.7;2.8;7;1.13;0.4;0.13;0.19
-7;0;50;50;50;14.57;2.61;7.37;0.79;0.78;0.134;55.3;5.68;2.8;1.72;0.28;0.99;3.47;179.6;159.6;11;2;6.9;0.26;0.35;0.07;0.1;2.21;2.16;0.21;44.7;10.31;5.56;2.79;0.46;1.62;3.9;145.1;120.3;13.8;3.2;7.8;1.33;0.44;0.17;0.22
-7;0;50;50;100;14.33;2.83;7.97;0.84;0.83;0.144;55.1;5.68;2.76;1.75;0.31;0.98;3.75;179.3;159.8;10.1;2;7.5;0.26;0.41;0.07;0.09;2.55;2.51;0.213;44.9;11.76;6.28;3.23;0.55;1.84;4.23;146.1;120.2;13.8;3.7;8.5;1.56;0.52;0.18;0.25
-7;0;50;100;0;16.84;2.83;8;0.87;0.81;0.127;62.9;6.3;3.14;1.86;0.35;1.13;3.8;181.6;156.2;15.6;2.3;7.6;0.26;0.37;0.08;0.1;2.35;2.36;0.213;37.1;11.05;5.89;3.05;0.5;1.71;4.2;107;81.9;13.3;3.4;8.4;1.55;0.4;0.17;0.24
-7;0;50;100;50;16.54;3.17;9.13;0.89;0.92;0.138;62;6.6;3.23;2.01;0.35;1.13;4.24;179.7;154.4;14.5;2.3;8.5;0.25;0.48;0.08;0.11;2.84;2.86;0.215;38;13.29;7.03;3.69;0.62;2.04;4.89;110;82.8;13.3;4.1;9.8;1.94;0.42;0.2;0.3
-7;0;50;100;100;16.3;3.53;10.19;1.07;1.08;0.153;61.6;6.94;3.46;2.03;0.34;1.21;4.83;179.3;153.6;13.6;2.4;9.7;0.25;0.62;0.09;0.11;3.47;3.42;0.219;38.4;15.64;8.39;4.3;0.74;2.33;5.36;111.7;83.2;13.1;4.7;10.7;2.34;0.5;0.24;0.34
-7;0;100;0;0;12.56;1.89;5.53;0.63;0.65;0.123;50.3;5.12;2.46;1.56;0.27;0.88;2.66;179.3;163.3;8.9;1.8;5.3;0.28;0.23;0.06;0.08;1.32;1.33;0.204;49.7;6.45;3.38;1.8;0.3;1.01;2.87;177.4;156.7;12.9;2;5.7;0.62;0.48;0.1;0.13
-7;0;100;0;50;12.16;2;5.74;0.7;0.71;0.131;50.2;5.32;2.6;1.56;0.3;0.95;2.7;179;163.7;8;1.9;5.4;0.29;0.27;0.06;0.09;1.51;1.47;0.209;49.8;6.97;3.69;1.96;0.29;1.06;3.04;177.3;156.3;12.8;2.1;6.1;0.66;0.56;0.1;0.15
-7;0;100;0;100;11.79;2.1;5.94;0.71;0.75;0.143;50.6;5.16;2.56;1.52;0.28;0.9;2.82;180;165.7;6.8;1.8;5.6;0.29;0.31;0.06;0.09;1.56;1.65;0.218;49.4;7.57;4;2.1;0.38;1.21;3.12;176;154.3;13.1;2.4;6.2;0.66;0.72;0.11;0.16
-7;0;100;50;0;14.54;2.51;7.21;0.79;0.76;0.126;55.5;5.94;2.92;1.81;0.3;1.04;3.41;179.7;158.5;12.3;2.1;6.8;0.26;0.33;0.07;0.1;1.88;1.97;0.215;44.5;9.14;4.93;2.56;0.47;1.48;3.8;144.2;121.1;12.5;3;7.6;1.16;0.46;0.15;0.19
-7;0;100;50;50;14.3;2.7;7.63;0.86;0.86;0.14;55.3;6.08;3;1.84;0.31;1.07;3.55;179.4;158.7;11.4;2.1;7.1;0.26;0.43;0.07;0.09;2.3;2.29;0.218;44.7;10.48;5.66;2.85;0.5;1.63;4.07;145;120.9;12.6;3.3;8.1;1.34;0.55;0.17;0.23
-7;0;100;50;100;13.9;2.98;8.19;0.95;0.92;0.15;55.2;6.1;3.09;1.8;0.31;1.06;3.81;179.4;159.6;10.1;2.1;7.6;0.26;0.49;0.08;0.1;2.6;2.7;0.224;44.8;12.06;6.54;3.22;0.57;1.92;4.38;145.6;120.3;12.7;3.8;8.8;1.56;0.7;0.18;0.26
-7;0;100;100;0;16.64;2.86;8.43;0.91;0.95;0.133;62.6;7.08;3.39;2.19;0.38;1.19;3.92;180.1;154;15.9;2.4;7.8;0.26;0.49;0.09;0.11;2.41;2.41;0.218;37.4;11.06;5.9;3.06;0.52;1.68;4.51;107.7;83;12.3;3.4;9;1.55;0.45;0.16;0.24
-7;0;100;100;50;16.35;3.26;9.5;1.05;1.07;0.144;62;7.36;3.63;2.2;0.4;1.25;4.47;179;152.5;15.1;2.5;8.9;0.25;0.61;0.1;0.12;2.88;2.93;0.222;38;13.21;7.17;3.63;0.58;2.01;5.03;109.8;83.8;12;4;10.1;1.93;0.51;0.2;0.29
-7;0;100;100;100;16.14;3.74;10.49;1.22;1.17;0.155;61.7;7.5;3.85;2.14;0.38;1.29;4.97;179.7;153.2;14;2.6;9.9;0.26;0.7;0.09;0.12;3.56;3.57;0.226;38.3;15.77;8.63;4.24;0.68;2.44;5.51;111.5;83.4;12.2;4.9;11;2.32;0.67;0.24;0.34
-7;50;0;0;0;15.59;2.2;6.53;0.81;0.79;0.121;43.8;6.41;3.1;1.97;0.35;1.1;3.01;141.6;124.6;8.8;2.2;6;0.45;0.16;0.07;0.1;1.24;1.27;0.186;56.2;6.79;3.55;1.97;0.3;1.09;3.52;181.4;153.9;18.3;2.2;7;0.63;0.4;0.09;0.15
-7;50;0;0;50;15.35;2.38;6.78;0.86;0.85;0.127;44.1;6.64;3.25;2;0.34;1.19;3.21;142.3;125.6;7.9;2.4;6.4;0.45;0.21;0.08;0.11;1.37;1.37;0.183;55.9;7.43;3.82;2.18;0.35;1.19;3.57;180.6;152.6;18.5;2.4;7.1;0.63;0.46;0.11;0.17
-7;50;0;0;100;14.78;2.46;7.13;0.88;0.87;0.131;44.3;6.56;3.22;1.96;0.37;1.16;3.38;142.9;127.2;6.6;2.3;6.8;0.46;0.22;0.08;0.11;1.53;1.54;0.186;55.7;8.21;4.21;2.39;0.39;1.3;3.75;179.3;150.4;18.8;2.6;7.5;0.65;0.58;0.13;0.18
-7;50;0;50;0;17.37;2.63;7.77;0.86;0.85;0.121;49.6;6.89;3.32;2.12;0.38;1.19;3.71;144.4;122.7;11.9;2.4;7.4;0.44;0.22;0.08;0.11;1.88;1.85;0.199;50.4;9.3;4.91;2.6;0.46;1.44;4.06;146.6;117.3;18.2;2.9;8.1;1.11;0.4;0.14;0.21
-7;50;0;50;50;17.32;3.06;8.43;0.92;0.93;0.128;49.5;7.17;3.5;2.19;0.34;1.32;4.05;144.6;122.9;10.9;2.6;8.1;0.45;0.27;0.09;0.12;2.12;2.13;0.2;50.5;10.67;5.73;2.89;0.54;1.73;4.38;147.8;117.1;18.4;3.5;8.8;1.29;0.45;0.16;0.24
-7;50;0;50;100;16.85;3.14;9.25;0.96;0.99;0.135;49.3;7.3;3.58;2.17;0.39;1.23;4.36;144.4;123.2;10;2.5;8.7;0.44;0.34;0.09;0.12;2.54;2.52;0.203;50.7;12.37;6.64;3.41;0.56;1.91;4.89;148.7;116.8;18.3;3.8;9.8;1.5;0.56;0.19;0.27
-7;50;0;100;0;19.14;3.09;8.88;0.94;0.96;0.123;57;7.73;3.7;2.4;0.41;1.33;4.21;146.3;119.7;15.5;2.7;8.4;0.44;0.29;0.1;0.13;2.34;2.32;0.207;43;11.21;5.97;3.06;0.6;1.75;4.67;110.5;80.2;17.5;3.5;9.3;1.51;0.38;0.19;0.24
-7;50;0;100;50;18.97;3.49;10.13;1.03;1.05;0.13;56.3;8.01;3.94;2.44;0.42;1.38;4.81;145.8;119.2;14.3;2.8;9.6;0.43;0.39;0.1;0.13;2.83;2.82;0.208;43.7;13.57;7.26;3.72;0.67;2.11;5.32;113.2;80.5;17.8;4.2;10.6;1.89;0.43;0.21;0.29
-7;50;0;100;100;18.79;3.79;11.34;1.1;1.15;0.138;55.7;8.29;3.96;2.57;0.43;1.39;5.29;145.2;118.3;13.5;2.8;10.6;0.43;0.48;0.1;0.14;3.51;3.39;0.212;44.3;16.02;8.63;4.39;0.78;2.41;6.04;115.5;81.1;17.5;4.8;12.1;2.27;0.53;0.25;0.35
-7;50;50;0;0;15.55;2.42;7.1;0.88;0.92;0.122;44.4;7.5;3.58;2.31;0.38;1.34;3.28;143.8;125.8;8.7;2.7;6.6;0.54;0.17;0.09;0.12;1.4;1.39;0.193;55.6;7.17;3.8;1.99;0.32;1.08;3.82;180;152.2;18;2.2;7.6;0.6;0.52;0.11;0.16
-7;50;50;0;50;15;2.62;7.46;0.96;0.97;0.126;44.6;7.59;3.74;2.3;0.38;1.39;3.49;144.3;126.8;7.8;2.8;7;0.54;0.22;0.09;0.12;1.54;1.52;0.197;55.4;7.71;4.09;2.17;0.36;1.24;3.97;179.1;151;17.7;2.5;7.9;0.61;0.63;0.12;0.16
-7;50;50;0;100;14.81;2.71;7.77;1.06;1.03;0.133;44.9;7.7;3.82;2.34;0.38;1.35;3.66;144.9;128.1;6.8;2.7;7.3;0.55;0.26;0.1;0.13;1.65;1.71;0.201;55.1;8.5;4.43;2.44;0.41;1.35;4.1;178.1;149.3;17.9;2.7;8.2;0.63;0.76;0.14;0.18
-7;50;50;50;0;17.13;2.96;8.47;0.98;0.99;0.122;50;7.97;3.87;2.42;0.41;1.42;4;146;123.6;11.6;2.8;8;0.52;0.23;0.1;0.13;2;2;0.204;50;9.78;5.16;2.73;0.51;1.54;4.47;146;116.4;17.5;3.1;8.9;1.12;0.52;0.15;0.21
-7;50;50;50;50;16.8;3.13;9.12;1.17;1.09;0.131;49.8;8.26;4.06;2.54;0.39;1.44;4.38;145.7;123.2;10.9;2.9;8.8;0.51;0.34;0.1;0.13;2.35;2.31;0.208;50.2;11.08;5.91;3.07;0.53;1.69;4.75;147;116.8;17.3;3.4;9.5;1.3;0.61;0.16;0.23
-7;50;50;50;100;16.58;3.48;10.09;1.17;1.17;0.136;49.7;8.53;4.11;2.61;0.47;1.42;4.73;146.4;124.3;9.8;2.8;9.5;0.54;0.4;0.1;0.13;2.71;2.75;0.212;50.3;12.98;6.88;3.63;0.61;2.06;5.36;147.9;115.7;17.4;4.1;10.7;1.5;0.76;0.21;0.28
-7;50;50;100;0;18.85;3.37;9.66;1.19;1.14;0.125;56.9;9.05;4.42;2.69;0.46;1.57;4.45;146.5;119.2;15.3;3.1;8.9;0.52;0.37;0.11;0.14;2.31;2.4;0.21;43.1;11.38;6.01;3.24;0.53;1.8;5.21;111.1;80.5;16.5;3.6;10.4;1.51;0.47;0.17;0.25
-7;50;50;100;50;18.83;3.7;10.85;1.27;1.24;0.133;56.5;9.23;4.51;2.81;0.46;1.61;5.06;147;119.5;14.2;3.2;10.1;0.51;0.46;0.11;0.15;2.93;2.97;0.213;43.5;13.93;7.39;3.87;0.68;2.09;5.8;113;80.3;16.9;4.2;11.6;1.88;0.6;0.2;0.3
-7;50;50;100;100;18.72;4.21;11.94;1.37;1.4;0.145;56.3;9.6;4.7;2.92;0.49;1.65;5.64;147.7;119.7;13.4;3.3;11.3;0.52;0.61;0.12;0.16;3.54;3.56;0.217;43.7;16.42;8.85;4.48;0.74;2.56;6.3;114.8;80.2;16.9;5.1;12.6;2.24;0.73;0.24;0.35
-7;50;100;0;0;15.09;2.73;8.07;1.09;1.12;0.124;45;8.89;4.29;2.71;0.51;1.56;3.76;146;126.7;8.6;3.1;7.5;0.64;0.22;0.11;0.15;1.48;1.52;0.202;55;7.53;3.98;2.09;0.39;1.16;4.31;178.7;151;16.8;2.3;8.6;0.59;0.65;0.11;0.18
-7;50;100;0;50;14.68;2.78;8.08;1.18;1.16;0.129;44.9;8.9;4.38;2.6;0.5;1.55;3.76;145.5;127.2;7.7;3.1;7.5;0.64;0.27;0.11;0.14;1.66;1.66;0.206;55.1;8.04;4.19;2.26;0.41;1.22;4.32;178.4;150.4;16.8;2.4;8.6;0.61;0.76;0.12;0.17
-7;50;100;0;100;14.42;2.9;8.28;1.22;1.21;0.134;45.4;8.91;4.38;2.66;0.45;1.52;3.88;146.6;129.1;6.7;3;7.8;0.65;0.31;0.11;0.14;2;1.98;0.222;54.6;8.94;4.82;2.43;0.4;1.39;4.39;176.5;147.8;17.1;2.8;8.8;0.63;1.02;0.15;0.19
-7;50;100;50;0;16.98;3.25;9.21;1.2;1.19;0.125;50.2;9.45;4.62;2.81;0.49;1.7;4.32;147.1;123.2;11.8;3.4;8.6;0.61;0.31;0.12;0.15;2.09;2.09;0.21;49.8;9.93;5.33;2.79;0.45;1.54;4.89;146.2;116.8;16.5;3.1;9.8;1.1;0.63;0.15;0.21
-7;50;100;50;50;16.62;3.4;10.23;1.29;1.32;0.134;50;9.82;4.76;3.02;0.5;1.7;4.77;147.3;123.4;11;3.4;9.5;0.62;0.42;0.12;0.17;2.48;2.48;0.214;50;11.57;6.21;3.23;0.54;1.7;5.46;147.1;116.6;16.2;3.4;10.9;1.3;0.74;0.17;0.26
-7;50;100;50;100;16.15;3.64;10.62;1.38;1.38;0.139;50.1;9.8;4.82;2.91;0.54;1.7;5;147.4;124.5;9.6;3.4;10;0.63;0.46;0.12;0.16;2.92;2.96;0.225;49.9;13.12;7.07;3.6;0.6;1.95;5.62;147;115.5;16.3;3.9;11.2;1.52;0.97;0.19;0.29
-7;50;100;100;0;18.69;3.74;10.64;1.39;1.38;0.129;57.3;10.66;5.16;3.19;0.58;1.86;4.97;148.9;120.2;15.1;3.7;9.9;0.62;0.46;0.13;0.17;2.55;2.56;0.215;42.7;11.92;6.43;3.18;0.59;1.88;5.67;110.9;79.9;15.9;3.8;11.3;1.5;0.61;0.19;0.26
-7;50;100;100;50;18.53;4.14;11.7;1.44;1.48;0.137;57;10.73;5.22;3.25;0.56;1.91;5.57;149.1;120.1;14.1;3.8;11.1;0.6;0.56;0.14;0.17;3.15;3.13;0.218;43;14.36;7.75;3.97;0.66;2.23;6.13;112.5;80;15.8;4.5;12.3;1.88;0.73;0.21;0.3
-7;50;100;100;100;18.26;4.5;12.8;1.56;1.58;0.144;56.6;10.94;5.38;3.3;0.55;1.9;6.05;149.1;120.1;13.1;3.8;12.1;0.61;0.67;0.14;0.17;3.82;3.84;0.227;43.4;16.89;9.19;4.58;0.77;2.6;6.74;114.4;79.9;15.8;5.2;13.5;2.26;0.95;0.26;0.36
-7;100;0;0;0;17.71;2.67;7.58;0.97;0.98;0.122;36;7.96;3.81;2.49;0.41;1.4;3.53;103.3;84.6;8.9;2.8;7.1;0.59;0.17;0.1;0.12;1.42;1.4;0.183;64;7.62;3.99;2.19;0.38;1.27;4.05;183.4;150.9;21.9;2.5;8.1;0.62;0.49;0.12;0.17
-7;100;0;0;50;17.39;2.78;7.99;1.01;1;0.126;36.3;7.89;3.8;2.45;0.41;1.39;3.76;103.8;86;7.5;2.8;7.5;0.59;0.19;0.09;0.13;1.66;1.59;0.184;63.7;8.59;4.5;2.43;0.41;1.39;4.23;181.9;148.1;22.6;2.8;8.5;0.63;0.63;0.14;0.19
-7;100;0;0;100;17.25;2.85;8.32;1.08;1.06;0.13;36.6;8.08;3.93;2.47;0.42;1.42;3.9;104.2;86.9;6.7;2.8;7.8;0.6;0.22;0.1;0.14;1.74;1.73;0.187;63.4;9.22;4.8;2.63;0.43;1.43;4.42;180.7;146.3;22.7;2.9;8.8;0.61;0.78;0.13;0.21
-7;100;0;50;0;19.35;3;8.85;1.07;1.05;0.123;41.6;8.44;4;2.64;0.46;1.47;4.11;106.2;83.2;11.8;2.9;8.2;0.59;0.21;0.11;0.14;1.91;1.94;0.195;58.4;9.89;5.14;2.82;0.5;1.53;4.74;149.3;115.2;21.6;3.1;9.5;1.08;0.48;0.15;0.23
-7;100;0;50;50;19.05;3.42;9.59;1.11;1.09;0.127;41.5;8.47;4.13;2.5;0.44;1.49;4.49;106.5;83.9;10.6;3;9;0.58;0.26;0.11;0.13;2.4;2.39;0.199;58.5;11.97;6.32;3.29;0.62;1.93;5.1;150;114.2;21.8;3.9;10.2;1.31;0.62;0.19;0.27
-7;100;0;50;100;18.85;3.66;10.51;1.16;1.14;0.131;41.4;8.59;4.17;2.65;0.43;1.5;4.92;106.7;84.4;9.4;3;9.8;0.59;0.31;0.1;0.14;2.75;2.77;0.203;58.6;13.62;7.17;3.88;0.65;2.16;5.59;150.9;113.3;22.1;4.3;11.2;1.5;0.75;0.21;0.3
-7;100;0;100;0;20.99;3.49;9.88;1.13;1.12;0.123;49;9.02;4.34;2.79;0.46;1.59;4.72;109.1;81.7;14.8;3.2;9.4;0.57;0.28;0.12;0.15;2.41;2.41;0.202;51;11.91;6.32;3.32;0.56;1.9;5.15;113.6;78.3;21.2;3.8;10.3;1.47;0.48;0.2;0.25
-7;100;0;100;50;21.11;3.99;11.01;1.12;1.19;0.129;48.4;9.15;4.42;2.78;0.46;1.65;5.11;109.2;81.7;14;3.3;10.2;0.56;0.36;0.11;0.15;3.01;2.99;0.206;51.6;14.51;7.82;3.93;0.65;2.34;5.9;116.4;78.3;21.6;4.7;11.8;1.83;0.6;0.23;0.32
-7;100;0;100;100;20.99;4.46;12.39;1.23;1.29;0.136;48.2;9.44;4.57;2.89;0.49;1.72;5.78;110;82;12.9;3.4;11.6;0.56;0.46;0.12;0.15;3.58;3.59;0.209;51.8;17.16;9.32;4.65;0.78;2.74;6.62;118.3;78;21.6;5.5;13.2;2.18;0.76;0.27;0.37
-7;100;50;0;0;17.57;2.92;8.73;1.18;1.18;0.122;37;9.64;4.62;3.02;0.49;1.65;4.14;106.2;86.1;8.5;3.3;8.3;0.75;0.17;0.11;0.16;1.55;1.54;0.189;63;8.13;4.15;2.45;0.39;1.27;4.59;180.7;147.7;21.2;2.5;9.2;0.58;0.65;0.13;0.18
-7;100;50;0;50;17.58;3.21;9.2;1.29;1.27;0.126;37.2;9.96;4.89;3.06;0.52;1.73;4.31;106.8;87.1;7.6;3.5;8.6;0.76;0.21;0.13;0.17;1.71;1.75;0.193;62.8;9.05;4.71;2.55;0.44;1.48;4.88;180.4;145.8;21.8;3;9.8;0.6;0.81;0.15;0.19
-7;100;50;0;100;17.21;3.33;9.58;1.32;1.33;0.131;37.6;10.09;4.88;3.1;0.55;1.74;4.54;107.4;88.2;6.7;3.5;9.1;0.77;0.26;0.12;0.18;2.03;1.99;0.198;62.4;10.01;5.34;2.79;0.44;1.58;5.04;178.7;143.6;21.8;3.2;10.1;0.64;0.97;0.17;0.21
-7;100;50;50;0;19.04;3.47;10.12;1.27;1.27;0.122;42.2;10.3;4.88;3.25;0.57;1.78;4.76;108.4;84;11.3;3.6;9.5;0.74;0.24;0.12;0.17;2.1;2.14;0.201;57.8;10.64;5.66;2.96;0.5;1.7;5.37;148.8;114;20.6;3.4;10.7;1.11;0.63;0.17;0.24
-7;100;50;50;50;19.11;3.7;10.86;1.4;1.37;0.129;42.3;10.49;5.05;3.17;0.56;1.81;5.16;109.3;85;10.3;3.6;10.3;0.74;0.32;0.13;0.17;2.51;2.52;0.204;57.7;12.37;6.5;3.5;0.58;1.88;5.71;149;112.5;21.3;3.8;11.4;1.27;0.8;0.19;0.27
-7;100;50;50;100;18.68;4;11.45;1.41;1.44;0.134;42.2;10.69;5.19;3.24;0.59;1.86;5.38;109.2;85.2;9.5;3.7;10.8;0.74;0.39;0.13;0.18;2.96;2.88;0.209;57.8;13.79;7.36;3.75;0.68;2.14;6.07;149.6;112.2;21.1;4.3;12.1;1.44;0.93;0.21;0.3
-7;100;50;100;0;20.98;3.93;11.24;1.38;1.39;0.125;49.3;11.02;5.28;3.35;0.61;1.91;5.24;111.2;82.1;14.8;3.8;10.5;0.71;0.36;0.13;0.18;2.56;2.6;0.206;50.7;12.63;6.81;3.38;0.62;2.02;6;114.2;77.9;20.3;4;12;1.49;0.63;0.21;0.27
-7;100;50;100;50;20.9;4.35;12.39;1.48;1.51;0.131;49.2;11.42;5.54;3.53;0.57;2;5.84;112.1;82.5;13.9;4;11.7;0.73;0.45;0.14;0.19;3.11;3.13;0.21;50.8;14.89;7.93;4.06;0.76;2.34;6.55;115.7;77.5;20.4;4.7;13.1;1.82;0.77;0.22;0.32
-7;100;50;100;100;20.68;4.71;13.62;1.59;1.62;0.14;48.6;11.46;5.67;3.41;0.67;1.98;6.28;111.9;82.6;12.8;4;12.6;0.72;0.57;0.14;0.19;3.79;3.76;0.214;51.4;17.59;9.47;4.8;0.86;2.73;7.34;118.1;77.4;20.5;5.5;14.7;2.18;0.93;0.26;0.39
-7;100;100;0;0;17.57;3.35;10.05;1.55;1.47;0.124;37.7;11.79;5.74;3.63;0.59;2.02;4.73;108.8;86.8;8.5;4;9.5;0.92;0.22;0.13;0.2;1.68;1.72;0.199;62.3;8.62;4.52;2.48;0.42;1.32;5.31;180.1;146.5;20.4;2.6;10.6;0.59;0.81;0.13;0.19
-7;100;100;0;50;17.36;3.6;10.27;1.47;1.53;0.127;38.1;11.99;5.81;3.6;0.64;2.15;4.9;109.7;88.2;7.4;4.3;9.8;0.94;0.25;0.14;0.2;1.98;2.01;0.215;61.9;9.33;4.97;2.64;0.39;1.44;5.38;178.1;143.6;20.8;2.9;10.8;0.58;1.09;0.14;0.2
-7;100;100;0;100;17.05;3.75;10.55;1.64;1.6;0.132;38.3;12.08;5.93;3.66;0.61;2.16;4.89;109.7;89.2;6.4;4.3;9.8;0.96;0.29;0.16;0.19;2.27;2.27;0.22;61.7;10.27;5.66;2.76;0.41;1.59;5.66;177;141.5;21;3.2;11.3;0.6;1.29;0.16;0.22
-7;100;100;50;0;19.17;4.01;11.29;1.62;1.6;0.125;43.1;12.7;6.25;3.81;0.6;2.25;5.4;111.9;84.9;11.6;4.5;10.8;0.92;0.31;0.16;0.21;2.35;2.3;0.207;56.9;11.09;5.99;3;0.56;1.76;5.89;147.7;112.6;19.8;3.5;11.8;1.09;0.8;0.17;0.24
-7;100;100;50;50;18.73;4.07;12.09;1.59;1.65;0.13;43.2;12.6;6.06;3.87;0.66;2.18;5.79;112;86;10.1;4.4;11.6;0.92;0.38;0.14;0.21;2.67;2.75;0.22;56.8;12.52;6.67;3.45;0.61;1.89;6.3;147.5;111.1;20.1;3.8;12.6;1.23;1.07;0.19;0.26
-7;100;100;50;100;18.81;4.46;12.67;1.8;1.74;0.135;43;12.76;6.3;3.85;0.65;2.13;6.01;112.2;86.5;9.4;4.3;12;0.91;0.46;0.15;0.21;3.16;3.23;0.224;57;14.39;7.94;3.81;0.63;2.34;6.66;148.8;110.3;20.5;4.7;13.3;1.42;1.28;0.23;0.31
-7;100;100;100;0;20.79;4.38;12.39;1.78;1.7;0.128;49.9;13.21;6.51;4.01;0.68;2.33;5.92;113.7;82.5;14.6;4.7;11.8;0.87;0.45;0.16;0.23;2.76;2.71;0.211;50.1;12.81;6.93;3.51;0.62;2.05;6.48;113.9;77.5;19.3;4.1;13;1.47;0.77;0.2;0.26
-7;100;100;100;50;20.81;4.81;13.49;1.73;1.79;0.133;49.7;13.38;6.59;3.98;0.72;2.41;6.33;114.3;83.2;13.6;4.8;12.7;0.88;0.53;0.17;0.22;3.33;3.4;0.222;50.3;15.31;8.28;4.18;0.7;2.4;7.16;115.7;76.8;19.8;4.8;14.3;1.79;1.06;0.23;0.32
-7;100;100;100;100;20.37;5.14;14.6;1.88;1.91;0.139;49.5;13.62;6.73;4.06;0.71;2.4;6.93;114.6;83.3;12.7;4.8;13.9;0.88;0.63;0.17;0.22;4.01;4.03;0.226;50.5;17.82;9.64;4.83;0.8;2.74;7.67;117;76.7;19.5;5.5;15.3;2.16;1.22;0.27;0.37
-6;0;0;0;0;13.47;1.83;5.05;0.63;0.6;0.126;50;4.64;2.29;1.38;0.23;0.82;2.49;179;162.8;9.5;1.6;5;0.28;0.18;0.06;0.08;1.14;1.1;0.18;50;6.04;3.15;1.72;0.3;1.01;2.55;178.7;157.2;14.3;2;5.1;0.56;0.32;0.1;0.12
-6;0;0;0;50;12.92;1.81;5.14;0.64;0.65;0.133;49.8;4.71;2.26;1.46;0.24;0.79;2.48;177.6;162.7;8.3;1.6;5;0.28;0.22;0.06;0.09;1.14;1.13;0.181;50.2;6.2;3.25;1.76;0.28;1.03;2.66;179.2;157.3;14.5;2.1;5.3;0.57;0.33;0.1;0.13
-6;0;0;0;100;12.75;2;5.43;0.7;0.67;0.14;50;4.62;2.33;1.28;0.27;0.83;2.57;178.6;164.2;7.6;1.7;5.1;0.28;0.25;0.06;0.08;1.34;1.29;0.183;50;7;3.71;1.97;0.32;1.16;2.86;178.6;155.8;14.8;2.3;5.7;0.59;0.43;0.12;0.15
-6;0;0;50;0;15.42;2.29;6.61;0.66;0.66;0.125;55.4;5.15;2.47;1.57;0.31;0.91;3.08;179.9;159.5;12.5;1.8;6.2;0.28;0.24;0.06;0.08;1.65;1.68;0.192;44.6;8.75;4.53;2.44;0.44;1.39;3.53;144.6;120.4;14.3;2.8;7.1;1.04;0.32;0.13;0.19
-6;0;0;50;50;14.98;2.42;7.11;0.69;0.73;0.135;55.2;5.29;2.58;1.62;0.28;0.91;3.41;179.3;159;11.6;1.8;6.8;0.28;0.29;0.07;0.09;2.01;1.92;0.194;44.8;9.91;5.24;2.73;0.49;1.51;3.7;145.4;120.7;14.2;3;7.4;1.23;0.33;0.16;0.2
-6;0;0;50;100;14.99;2.81;7.87;0.81;0.79;0.143;54.9;5.44;2.7;1.62;0.28;0.96;3.68;179.2;159.2;10.7;1.9;7.4;0.28;0.36;0.06;0.09;2.23;2.24;0.196;45.1;11.45;5.94;3.22;0.57;1.85;4.19;147.2;120.6;14.5;3.7;8.4;1.42;0.42;0.17;0.23
-6;0;0;100;0;17.28;2.76;7.77;0.72;0.73;0.126;62.8;5.71;2.77;1.72;0.31;0.99;3.67;181.9;156.9;15.7;2;7.3;0.27;0.29;0.07;0.1;2.16;2.14;0.197;37.2;10.86;5.78;3.06;0.48;1.77;4.1;107.4;81.6;14.1;3.5;8.2;1.41;0.32;0.18;0.23
-6;0;0;100;50;17.03;3.06;8.77;0.83;0.83;0.136;62.2;6.02;3;1.75;0.32;1.04;4.22;180.5;155.1;14.9;2.1;8.4;0.26;0.39;0.08;0.1;2.55;2.52;0.198;37.8;12.7;6.78;3.51;0.63;2.02;4.54;109.5;82.5;13.9;4;9.1;1.73;0.33;0.2;0.27
-6;0;0;100;100;16.83;3.4;10.06;0.95;0.95;0.147;61.6;6.39;3.2;1.9;0.33;1.09;4.78;179.8;154.2;13.9;2.2;9.6;0.27;0.49;0.08;0.1;3.22;3.07;0.201;38.4;15.25;8.14;4.2;0.73;2.32;5.28;112;82.9;13.9;4.6;10.6;2.12;0.41;0.23;0.32
-6;0;50;0;0;13.07;1.76;5.21;0.62;0.61;0.125;50.2;4.72;2.24;1.47;0.27;0.8;2.49;179.2;163.2;9.4;1.6;5;0.29;0.18;0.06;0.08;1.19;1.16;0.188;49.8;6.11;3.21;1.7;0.29;0.96;2.71;177.8;156.8;13.6;1.9;5.4;0.55;0.39;0.1;0.12
-6;0;50;0;50;12.65;1.94;5.55;0.71;0.67;0.133;50.2;4.9;2.48;1.45;0.26;0.88;2.69;179.4;163.8;8.4;1.8;5.4;0.3;0.22;0.06;0.09;1.25;1.26;0.187;49.8;6.66;3.51;1.88;0.32;1.06;2.86;177.6;156.2;13.7;2.1;5.7;0.57;0.44;0.11;0.14
-6;0;50;0;100;12.25;1.95;5.85;0.71;0.72;0.144;50.3;4.92;2.39;1.53;0.27;0.82;2.74;179.2;164.8;7.3;1.6;5.5;0.3;0.29;0.06;0.08;1.41;1.4;0.191;49.7;7.31;3.87;2.06;0.38;1.13;3.11;177.4;155.2;13.7;2.3;6.2;0.61;0.53;0.11;0.16
-6;0;50;50;0;15.05;2.38;6.84;0.76;0.73;0.127;55.8;5.62;2.72;1.75;0.29;0.97;3.29;180.9;159.6;12.8;1.9;6.6;0.28;0.27;0.07;0.11;1.78;1.73;0.196;44.2;8.84;4.71;2.46;0.42;1.41;3.55;143.5;120.3;13.3;2.8;7.1;1.01;0.41;0.13;0.19
-6;0;50;50;50;14.65;2.58;7.36;0.8;0.8;0.139;55.2;5.68;2.82;1.66;0.26;0.96;3.44;179.2;158.8;11.6;1.9;6.9;0.28;0.36;0.07;0.09;2.02;2.01;0.198;44.8;10.16;5.38;2.83;0.46;1.61;3.92;145.2;120.9;13.2;3.2;7.8;1.22;0.43;0.16;0.21
-6;0;50;50;100;14.34;2.74;8.13;0.9;0.91;0.149;55;5.99;2.97;1.85;0.29;0.98;3.84;179.1;158.6;10.8;2;7.7;0.29;0.44;0.08;0.1;2.36;2.33;0.201;45;11.57;6.1;3.19;0.57;1.76;4.28;146.3;121;13.2;3.5;8.6;1.4;0.5;0.18;0.24
-6;0;50;100;0;16.98;2.96;8.03;0.86;0.89;0.132;62.8;6.61;3.17;1.99;0.38;1.18;3.8;181.6;155.3;16.3;2.4;7.6;0.28;0.4;0.1;0.11;2.21;2.17;0.201;37.2;10.81;5.86;3.01;0.47;1.78;4.23;107.4;82.4;13;3.6;8.5;1.38;0.38;0.18;0.23
-6;0;50;100;50;16.6;3.16;9.29;0.92;0.96;0.142;62;6.71;3.27;2.06;0.37;1.16;4.32;179.3;153.5;14.9;2.3;8.6;0.27;0.49;0.08;0.11;2.71;2.65;0.202;38;13.11;6.98;3.65;0.62;2;4.97;110;83.3;12.8;4;9.9;1.77;0.4;0.2;0.28
-6;0;50;100;100;16.47;3.62;10.22;1.11;1.11;0.159;61.4;6.95;3.5;2.08;0.33;1.19;4.77;178.8;152.8;14.1;2.4;9.5;0.27;0.64;0.09;0.11;3.23;3.17;0.205;38.6;15.46;8.29;4.24;0.72;2.43;5.45;112.1;83.6;12.8;4.9;10.9;2.12;0.49;0.24;0.32
-6;0;100;0;0;12.66;1.97;5.51;0.66;0.7;0.131;50.3;5.2;2.55;1.58;0.27;0.96;2.63;179.6;163.1;9.3;1.9;5.3;0.3;0.23;0.07;0.09;1.34;1.29;0.196;49.7;6.53;3.48;1.79;0.33;1.02;2.88;177.5;156.9;12.8;2;5.8;0.58;0.48;0.1;0.13
-6;0;100;0;50;12.33;2.04;5.79;0.77;0.76;0.138;50.3;5.36;2.71;1.55;0.3;0.97;2.78;179.5;163.7;8.3;1.9;5.6;0.31;0.28;0.07;0.09;1.41;1.38;0.2;49.7;6.88;3.65;1.89;0.34;1.07;3;177.3;156.3;12.9;2.1;6;0.58;0.56;0.11;0.14
-6;0;100;0;100;11.88;2.08;5.91;0.82;0.81;0.15;50.4;5.31;2.69;1.56;0.25;0.92;2.82;179.6;164.6;7.5;1.8;5.6;0.3;0.35;0.07;0.09;1.59;1.53;0.204;49.6;7.45;3.97;2.1;0.33;1.16;3.09;176.5;155.4;12.7;2.3;6.2;0.6;0.66;0.12;0.15
-6;0;100;50;0;14.54;2.45;7.01;0.8;0.82;0.131;55.5;6.19;3;1.86;0.31;1.09;3.29;179.4;157.8;12.8;2.2;6.6;0.29;0.35;0.08;0.1;1.85;1.81;0.202;44.5;8.93;4.76;2.42;0.43;1.36;3.72;143.9;121.6;12.2;2.7;7.4;1.03;0.45;0.14;0.18
-6;0;100;50;50;14.16;2.72;7.65;0.91;0.92;0.145;55.3;6.23;3.1;1.84;0.32;1.09;3.65;179.3;158.3;11.5;2.2;7.3;0.29;0.44;0.08;0.11;2.21;2.15;0.206;44.7;10.43;5.58;2.83;0.49;1.64;4;144.8;121.3;12.2;3.3;8;1.24;0.54;0.15;0.21
-6;0;100;50;100;13.95;2.99;8.34;1;1.04;0.16;55.1;6.41;3.24;1.88;0.31;1.09;3.96;179.3;158.4;10.8;2.2;7.9;0.29;0.55;0.08;0.11;2.55;2.49;0.209;44.9;11.91;6.4;3.28;0.56;1.9;4.38;146;121.2;12.2;3.8;8.8;1.42;0.63;0.2;0.25
-6;0;100;100;0;16.41;2.94;8.64;0.95;1.02;0.138;62.7;7.31;3.51;2.28;0.38;1.27;4.13;180.5;153.5;16.2;2.5;8.3;0.29;0.49;0.09;0.14;2.3;2.25;0.205;37.3;10.97;5.77;3.1;0.53;1.67;4.52;107.3;83.2;11.7;3.3;9;1.42;0.44;0.16;0.23
-6;0;100;100;50;16.51;3.36;9.7;1.11;1.12;0.148;62.2;7.54;3.72;2.27;0.4;1.32;4.64;180.1;152.8;15.4;2.6;9.3;0.29;0.61;0.09;0.13;2.8;2.74;0.207;37.8;13.19;7.08;3.6;0.64;2.04;5.06;109.5;83.6;11.7;4.1;10.1;1.76;0.52;0.19;0.27
-6;0;100;100;100;16.29;3.61;10.58;1.26;1.25;0.165;61.6;7.55;3.81;2.26;0.39;1.22;5.07;179.2;152.3;14.3;2.4;10.1;0.28;0.75;0.09;0.13;3.32;3.27;0.21;38.4;15.54;8.21;4.34;0.71;2.39;5.51;111.6;83.8;12;4.8;11;2.11;0.62;0.23;0.31
-6;50;0;0;0;15.52;2.21;6.51;0.86;0.88;0.129;43.9;6.69;3.23;2.06;0.35;1.15;3.1;141.8;123.9;9.3;2.3;6.2;0.5;0.17;0.08;0.12;1.13;1.17;0.177;56.1;6.55;3.34;1.95;0.33;1.06;3.4;181.5;154.7;17.8;2.1;6.8;0.55;0.38;0.1;0.13
-6;50;0;0;50;15.39;2.37;6.69;0.83;0.9;0.134;44.2;6.65;3.19;1.98;0.35;1.16;3.2;142.6;125.7;8.2;2.3;6.4;0.5;0.2;0.08;0.12;1.26;1.3;0.176;55.8;7.32;3.72;2.11;0.39;1.21;3.5;180.4;152.5;18.5;2.4;7;0.57;0.45;0.12;0.16
-6;50;0;0;100;14.94;2.42;7.15;0.92;0.93;0.137;44.3;6.69;3.27;2.02;0.34;1.14;3.4;142.9;126.8;7;2.3;6.8;0.51;0.23;0.07;0.11;1.41;1.43;0.179;55.7;7.96;4.15;2.25;0.41;1.28;3.75;179.5;150.9;18.5;2.6;7.5;0.58;0.56;0.12;0.16
-6;50;0;50;0;17.45;2.7;7.84;0.94;0.95;0.129;49.7;7.29;3.52;2.2;0.41;1.26;3.8;144.6;122.2;12.3;2.5;7.6;0.5;0.23;0.09;0.13;1.79;1.74;0.188;50.3;9.24;4.78;2.6;0.47;1.44;4.03;146.6;117.8;17.8;2.9;8.1;1.02;0.39;0.14;0.19
-6;50;0;50;50;17.2;3.02;8.62;0.99;1.01;0.135;49.3;7.42;3.68;2.25;0.38;1.31;4.07;144.3;122;11.5;2.6;8.1;0.49;0.3;0.09;0.13;1.96;2.02;0.189;50.7;10.67;5.47;3.09;0.51;1.71;4.55;148.4;118;17.9;3.4;9.1;1.18;0.44;0.16;0.23
-6;50;0;50;100;16.85;3.2;9.18;1.07;1.04;0.141;49.2;7.28;3.58;2.18;0.39;1.26;4.37;144.3;122.7;10.3;2.5;8.7;0.47;0.35;0.09;0.12;2.45;2.35;0.192;50.8;12.22;6.52;3.37;0.61;1.93;4.8;148.7;117.3;17.9;3.9;9.6;1.36;0.55;0.19;0.25
-6;50;0;100;0;19.2;3.1;9.03;0.99;1;0.128;56.9;7.7;3.81;2.34;0.4;1.35;4.25;146.4;119.6;15.6;2.7;8.5;0.48;0.29;0.09;0.14;2.19;2.16;0.193;43.1;11.17;5.83;3.16;0.56;1.75;4.78;110.8;80.3;17.4;3.5;9.6;1.37;0.38;0.17;0.24
-6;50;0;100;50;18.82;3.5;10.13;1.1;1.12;0.135;56.4;8.21;3.96;2.51;0.4;1.41;4.79;145.8;118.8;14.7;2.8;9.6;0.48;0.4;0.1;0.14;2.65;2.62;0.195;43.6;13.42;6.99;3.79;0.65;2.09;5.34;112.8;80.8;17.1;4.2;10.7;1.7;0.43;0.21;0.28
-6;50;0;100;100;18.8;3.99;11.25;1.26;1.22;0.143;56;8.46;4.16;2.61;0.41;1.43;5.42;146.3;118.7;13.9;2.9;10.8;0.48;0.5;0.1;0.15;3.17;3.12;0.198;44;15.77;8.33;4.39;0.74;2.56;5.83;114.7;80.9;17.1;5.1;11.7;2.04;0.52;0.25;0.31
-6;50;50;0;0;15.27;2.55;7.1;1;1.02;0.13;44.5;7.72;3.84;2.28;0.41;1.39;3.32;144.1;125.6;9.1;2.8;6.6;0.59;0.18;0.1;0.14;1.45;1.36;0.186;55.5;7.29;3.84;2.04;0.37;1.15;3.78;179.6;152.6;17.2;2.3;7.6;0.58;0.51;0.11;0.16
-6;50;50;0;50;15.04;2.54;7.29;1.06;1.04;0.133;44.7;7.68;3.79;2.26;0.41;1.34;3.44;144.3;126.5;8.2;2.7;6.9;0.6;0.22;0.09;0.13;1.5;1.44;0.189;55.3;7.61;4;2.09;0.4;1.2;3.85;178.7;151.3;17.3;2.4;7.7;0.55;0.62;0.12;0.15
-6;50;50;0;100;14.56;2.84;7.79;1.18;1.14;0.141;44.9;8.02;4;2.32;0.43;1.43;3.66;145.1;128;7;2.9;7.3;0.62;0.28;0.1;0.13;1.67;1.67;0.193;55.1;8.57;4.56;2.38;0.4;1.41;4.13;178;149.4;17.6;2.8;8.3;0.58;0.76;0.15;0.18
-6;50;50;50;0;17.24;3.05;8.57;1.08;1.11;0.13;50.3;8.48;4.22;2.53;0.41;1.58;4.2;147;123.1;12.3;3.2;8.4;0.59;0.26;0.12;0.15;1.94;1.84;0.193;49.7;9.53;5.05;2.71;0.44;1.47;4.37;145.4;116.9;16.9;2.9;8.7;1;0.51;0.15;0.19
-6;50;50;50;50;16.69;3.23;9.19;1.18;1.17;0.137;49.8;8.45;4.12;2.56;0.42;1.41;4.41;145.9;123.1;11.2;2.8;8.8;0.58;0.35;0.09;0.15;2.2;2.2;0.198;50.2;11.1;5.9;3.08;0.52;1.83;4.78;146.9;116.9;16.7;3.7;9.6;1.18;0.61;0.18;0.22
-6;50;50;50;100;16.54;3.55;10.14;1.19;1.28;0.144;49.7;8.81;4.33;2.64;0.46;1.56;4.79;146.4;123.3;10.4;3.1;9.6;0.6;0.42;0.11;0.15;2.62;2.54;0.201;50.3;12.62;6.73;3.47;0.64;1.98;5.35;148.1;116.7;16.8;4;10.7;1.37;0.72;0.2;0.25
-6;50;50;100;0;18.95;3.29;9.69;1.2;1.21;0.132;57.3;9.04;4.32;2.82;0.52;1.55;4.67;147.9;120;15.5;3.1;9.3;0.56;0.37;0.11;0.16;2.23;2.25;0.198;42.7;11.36;5.95;3.17;0.56;1.75;5.02;110.2;80;16.7;3.5;10;1.35;0.48;0.18;0.23
-6;50;50;100;50;19;3.97;11.04;1.35;1.39;0.14;56.6;9.86;4.94;2.93;0.51;1.78;5.17;147.6;118.6;15.1;3.6;10.3;0.58;0.5;0.13;0.18;2.75;2.74;0.201;43.4;13.64;7.3;3.68;0.63;2.19;5.87;113.2;80.9;16.2;4.4;11.7;1.67;0.59;0.2;0.28
-6;50;50;100;100;18.53;4.22;12.07;1.46;1.48;0.151;56.3;9.76;4.84;2.89;0.52;1.64;5.7;147.5;119.1;13.7;3.3;11.4;0.57;0.62;0.12;0.17;3.42;3.36;0.205;43.7;16.42;8.72;4.55;0.78;2.58;6.38;114.6;80.6;16.1;5.2;12.8;2.06;0.7;0.26;0.35
-6;50;100;0;0;15.01;2.75;7.79;1.2;1.2;0.132;44.8;9.01;4.41;2.67;0.45;1.56;3.67;145.3;125.8;9;3.1;7.3;0.7;0.22;0.12;0.16;1.5;1.44;0.194;55.2;7.4;3.98;2.05;0.32;1.2;4.12;178.8;152.2;16;2.4;8.2;0.56;0.62;0.12;0.15
-6;50;100;0;50;14.79;2.86;8.29;1.27;1.25;0.136;45.2;9.13;4.53;2.73;0.46;1.59;3.98;146.5;127.5;7.9;3.2;8;0.71;0.28;0.11;0.15;1.61;1.63;0.198;54.8;8.17;4.27;2.3;0.39;1.27;4.31;177.7;150.1;16.5;2.5;8.6;0.56;0.77;0.13;0.16
-6;50;100;0;100;14.11;3.01;8.18;1.34;1.31;0.142;45.2;9.11;4.66;2.61;0.45;1.63;3.79;146;128.1;7.1;3.3;7.6;0.72;0.32;0.12;0.16;1.82;1.78;0.209;54.8;8.48;4.6;2.27;0.41;1.37;4.39;176.9;149.2;16.1;2.7;8.8;0.57;0.91;0.13;0.17
-6;50;100;50;0;16.98;3.27;9.14;1.36;1.29;0.132;50.2;9.66;4.83;2.86;0.5;1.73;4.26;147.1;122.7;12.4;3.5;8.5;0.67;0.33;0.12;0.17;2.02;1.96;0.2;49.8;9.82;5.21;2.71;0.49;1.55;4.88;145.9;117.3;15.8;3.1;9.8;0.99;0.61;0.15;0.21
-6;50;100;50;50;16.58;3.47;10.09;1.41;1.43;0.141;50.2;10.06;4.93;3.12;0.49;1.74;4.77;147.8;123.5;11.3;3.5;9.5;0.69;0.43;0.13;0.18;2.37;2.31;0.203;49.8;11.36;6;3.18;0.53;1.73;5.32;146.5;116.5;15.9;3.5;10.6;1.17;0.74;0.17;0.24
-6;50;100;50;100;16.39;3.8;10.51;1.51;1.53;0.15;50;10.13;5.16;2.94;0.49;1.77;4.97;147.6;123.7;10.4;3.5;9.9;0.69;0.54;0.12;0.18;2.87;2.7;0.211;50;12.81;7.01;3.42;0.59;2.03;5.54;147.4;116.3;16;4.1;11.1;1.36;0.9;0.19;0.25
-6;50;100;100;0;18.8;3.72;10.75;1.46;1.46;0.136;57.3;10.66;5.24;3.25;0.54;1.9;5.1;148.8;119.3;15.5;3.8;10.2;0.66;0.47;0.14;0.19;2.39;2.38;0.202;42.7;11.78;6.21;3.35;0.56;1.82;5.65;110.8;80.5;15.4;3.6;11.3;1.38;0.59;0.17;0.24
-6;50;100;100;50;18.44;4.04;11.49;1.54;1.57;0.143;57.1;10.92;5.48;3.17;0.57;1.94;5.45;148.8;119.4;14.7;3.9;10.9;0.66;0.58;0.15;0.18;2.95;2.85;0.206;42.9;13.83;7.37;3.8;0.67;2.1;6.04;112;80.4;15.3;4.2;12.1;1.66;0.69;0.2;0.29
-6;50;100;100;100;18.25;4.49;12.77;1.64;1.73;0.154;56.6;11.17;5.61;3.35;0.54;2;6.08;148.9;119.1;13.7;4;12.2;0.67;0.72;0.15;0.19;3.46;3.46;0.211;43.4;16.34;8.68;4.58;0.74;2.49;6.69;114.2;80.6;15.3;5;13.4;2.03;0.87;0.24;0.32
-6;100;0;0;0;17.65;2.64;7.5;1.05;1.07;0.13;36;8.11;3.94;2.43;0.44;1.41;3.57;103.3;84.2;9.2;2.8;7.1;0.64;0.18;0.11;0.14;1.27;1.29;0.173;64;7.37;3.79;2.16;0.37;1.23;3.92;183.5;151.6;21.6;2.5;7.8;0.53;0.48;0.12;0.15
-6;100;0;0;50;17.48;2.85;8.14;1.14;1.11;0.133;36.4;8.25;4.13;2.5;0.41;1.49;3.84;104.3;85.7;8;3;7.7;0.67;0.2;0.1;0.15;1.55;1.5;0.177;63.6;8.43;4.37;2.41;0.46;1.36;4.3;182;148.7;22;2.7;8.6;0.56;0.63;0.13;0.18
-6;100;0;0;100;17.07;2.86;8.43;1.15;1.16;0.137;36.9;8.38;4.1;2.52;0.42;1.42;4;104.8;86.9;7.1;2.8;8;0.69;0.23;0.1;0.14;1.67;1.64;0.18;63.1;9.09;4.69;2.55;0.48;1.44;4.43;179.8;146.1;22;2.9;8.9;0.55;0.76;0.13;0.2
-6;100;0;50;0;19.23;3.07;8.96;1.21;1.15;0.13;41.7;8.8;4.33;2.67;0.46;1.51;4.32;106.6;83;12;3;8.6;0.67;0.22;0.11;0.16;1.82;1.83;0.185;58.3;9.86;5.12;2.81;0.49;1.56;4.64;149;115.5;21.1;3.1;9.3;1;0.47;0.16;0.2
-6;100;0;50;50;19.37;3.42;9.82;1.15;1.2;0.134;41.7;8.88;4.34;2.71;0.5;1.54;4.66;107.4;83.7;11.3;3.1;9.3;0.65;0.29;0.11;0.16;2.28;2.18;0.188;58.3;11.58;6.13;3.22;0.56;1.88;5.17;150;114.5;21.4;3.8;10.3;1.15;0.61;0.18;0.24
-6;100;0;50;100;18.93;3.55;10.46;1.2;1.24;0.139;41.7;8.82;4.31;2.63;0.45;1.56;4.95;107.2;84.2;10;3.1;9.9;0.65;0.34;0.11;0.14;2.63;2.53;0.191;58.3;13.2;6.82;3.82;0.66;1.99;5.51;150.3;113.7;21.6;4;11;1.33;0.75;0.18;0.27
-6;100;0;100;0;21;3.5;10.01;1.23;1.21;0.129;49;9.3;4.53;2.78;0.51;1.68;4.73;109.3;80.9;15.6;3.4;9.5;0.64;0.29;0.11;0.16;2.2;2.2;0.19;51;11.55;6.01;3.28;0.58;1.82;5.28;113.8;79.1;20.5;3.6;10.6;1.33;0.45;0.18;0.23
-6;100;0;100;50;21.15;3.96;11.34;1.34;1.31;0.135;48.8;9.63;4.8;2.9;0.5;1.73;5.44;110.2;81.3;14.6;3.5;10.9;0.63;0.39;0.12;0.17;2.78;2.76;0.194;51.2;14.25;7.47;4;0.72;2.23;5.9;115.7;78.7;20.7;4.5;11.8;1.66;0.59;0.22;0.29
-6;100;0;100;100;20.67;4.29;12.64;1.3;1.4;0.142;48.2;9.81;4.89;2.91;0.54;1.68;6;109.8;81.4;13.1;3.4;12;0.63;0.47;0.12;0.18;3.3;3.33;0.197;51.8;16.87;8.82;4.75;0.81;2.61;6.64;117.9;78.6;20.8;5.2;13.3;2.01;0.73;0.26;0.34
-6;100;50;0;0;17.61;3.05;8.74;1.35;1.32;0.131;37.2;10.06;4.86;3.01;0.56;1.75;4.18;106.9;85.9;9.2;3.5;8.4;0.84;0.18;0.13;0.18;1.53;1.47;0.182;62.8;8.03;4.18;2.29;0.39;1.3;4.55;180.5;148.2;20.6;2.6;9.1;0.53;0.64;0.12;0.17
-6;100;50;0;50;17.33;3.18;9.21;1.38;1.35;0.134;37.4;10.03;4.91;3.03;0.51;1.73;4.39;107.1;87;7.8;3.5;8.8;0.84;0.21;0.12;0.18;1.67;1.68;0.186;62.6;9;4.62;2.6;0.43;1.45;4.82;179.6;145.9;21.1;2.9;9.6;0.55;0.81;0.14;0.18
-6;100;50;0;100;16.96;3.19;9.55;1.5;1.43;0.138;37.7;10.29;5.1;3.02;0.55;1.73;4.52;107.5;88.2;6.8;3.5;9;0.87;0.26;0.13;0.18;1.9;1.87;0.191;62.3;9.75;5.05;2.78;0.46;1.46;5.02;177.9;143.5;21.4;2.9;10;0.54;0.96;0.15;0.21
-6;100;50;50;0;19.38;3.51;10.19;1.36;1.4;0.13;42.5;10.68;5.08;3.33;0.59;1.8;4.89;109.7;84.2;12.1;3.6;9.8;0.83;0.25;0.13;0.19;2.03;1.98;0.19;57.5;10.38;5.52;2.87;0.51;1.71;5.3;148.2;113.7;20.5;3.4;10.6;0.97;0.63;0.16;0.22
-6;100;50;50;50;19.09;3.81;10.97;1.46;1.49;0.137;42.4;10.79;5.24;3.27;0.58;1.85;5.22;109.7;84.6;11;3.7;10.4;0.81;0.35;0.13;0.19;2.44;2.4;0.194;57.6;12.33;6.5;3.41;0.63;1.95;5.75;149.3;113.2;20.7;3.9;11.5;1.16;0.8;0.19;0.25
-6;100;50;50;100;18.78;4;11.55;1.51;1.57;0.141;42.5;11.03;5.31;3.43;0.54;1.86;5.56;110.2;85.2;10.1;3.7;11.1;0.83;0.41;0.14;0.19;2.79;2.68;0.198;57.5;13.51;7.19;3.72;0.64;2.14;5.99;148.9;112.2;20.5;4.3;12;1.28;0.92;0.21;0.27
-6;100;50;100;0;20.79;3.82;11.12;1.51;1.49;0.133;49.7;11.13;5.49;3.32;0.59;1.94;5.34;111.8;82.2;15;3.9;10.7;0.79;0.35;0.15;0.19;2.51;2.38;0.194;50.3;12.27;6.47;3.47;0.58;1.88;5.78;113.1;77.8;20;3.8;11.6;1.33;0.62;0.18;0.26
-6;100;50;100;50;20.64;4.32;12.28;1.61;1.63;0.139;49.2;11.67;5.83;3.46;0.57;2.06;5.87;111.8;81.6;14.4;4.1;11.7;0.79;0.47;0.16;0.2;2.97;2.87;0.199;50.8;14.43;7.66;3.99;0.69;2.25;6.41;115.3;78.4;19.5;4.5;12.8;1.64;0.72;0.22;0.29
-6;100;50;100;100;20.74;4.72;13.52;1.69;1.73;0.147;48.8;11.74;5.85;3.49;0.63;2.01;6.36;112.2;82.1;13.3;4;12.7;0.8;0.6;0.14;0.2;3.52;3.47;0.202;51.2;17.13;9.09;4.72;0.89;2.71;7.17;117.6;77.9;19.9;5.4;14.3;1.96;0.9;0.27;0.34
-6;100;100;0;0;17.59;3.55;10;1.52;1.61;0.133;37.8;12.01;5.88;3.6;0.65;2.2;4.75;109.2;86.6;8.7;4.4;9.5;1.01;0.22;0.16;0.21;1.64;1.63;0.192;62.2;8.48;4.48;2.43;0.43;1.34;5.25;180.1;146.7;20.1;2.7;10.5;0.52;0.81;0.13;0.17
-6;100;100;0;50;17.2;3.55;10.28;1.62;1.67;0.136;38.2;12.23;5.99;3.71;0.64;2.15;4.92;109.9;88;7.7;4.3;9.8;1.03;0.26;0.16;0.22;1.94;1.89;0.202;61.8;9.3;4.94;2.56;0.44;1.4;5.36;177.8;143.9;20.3;2.8;10.7;0.53;1.03;0.14;0.19
-6;100;100;0;100;17.02;3.72;10.62;1.76;1.72;0.14;38.5;12.27;6.03;3.73;0.61;2.13;5.08;110.3;89.3;6.6;4.3;10.2;1.05;0.31;0.15;0.21;2.19;2.12;0.208;61.5;10.16;5.52;2.79;0.48;1.6;5.54;176.5;141.5;20.7;3.2;11.1;0.53;1.23;0.15;0.21
-6;100;100;50;0;19.06;4.03;11.27;1.7;1.71;0.133;42.9;12.82;6.31;3.86;0.67;2.24;5.43;111.5;84.4;11.7;4.5;10.9;1;0.32;0.16;0.24;2.13;2.14;0.198;57.1;10.82;5.78;2.98;0.49;1.79;5.84;148.1;113.4;19.4;3.6;11.7;0.98;0.77;0.18;0.22
-6;100;100;50;50;18.85;4.13;12.12;1.75;1.82;0.139;43.2;13.02;6.35;4.01;0.65;2.19;5.78;112.3;85.5;10.8;4.4;11.6;1.01;0.41;0.17;0.24;2.59;2.57;0.206;56.8;12.49;6.68;3.49;0.58;1.94;6.34;147.9;111.7;19.6;3.9;12.7;1.12;1;0.18;0.27
-6;100;100;50;100;18.63;4.32;12.77;1.84;1.89;0.145;43.3;12.95;6.34;3.96;0.65;2.17;6.21;112.7;86.4;9.6;4.3;12.4;1.01;0.49;0.16;0.23;3.09;2.98;0.21;56.7;14.17;7.56;3.98;0.64;2.15;6.56;147.8;110.5;19.9;4.3;13.1;1.3;1.19;0.21;0.28
-6;100;100;100;0;20.95;4.31;12.39;1.85;1.81;0.135;50.1;13.4;6.55;4.07;0.69;2.26;5.92;114;82.7;15;4.5;11.8;0.97;0.46;0.16;0.23;2.61;2.54;0.2;49.9;12.67;6.72;3.53;0.61;2.05;6.47;113.6;77.3;19.2;4.1;12.9;1.31;0.77;0.21;0.25
-6;100;100;100;50;20.6;4.75;13.47;1.88;1.93;0.141;49.6;13.66;6.73;4.1;0.71;2.38;6.35;113.9;82.3;14.1;4.8;12.7;0.96;0.56;0.17;0.24;3.24;3.13;0.208;50.4;15.04;8.12;4.11;0.74;2.36;7.12;115.6;77.7;19;4.7;14.2;1.63;0.95;0.24;0.31
-6;100;100;100;100;20.56;5.16;14.37;2.12;2.11;0.149;49.4;14.07;7.11;4.07;0.71;2.47;6.8;114.3;82.3;13.5;4.9;13.6;0.97;0.72;0.18;0.24;3.77;3.64;0.211;50.6;17.22;9.27;4.67;0.83;2.69;7.58;117.1;77.7;18.8;5.4;15.2;1.93;1.1;0.26;0.35
-5;0;0;0;0;13.69;1.79;5.16;0.66;0.63;0.127;50;4.83;2.35;1.44;0.29;0.82;2.53;179.2;162.6;9.9;1.6;5.1;0.29;0.18;0.06;0.09;1.1;1.09;0.181;50;5.99;3.12;1.69;0.32;0.97;2.63;179.1;157.4;14.5;1.9;5.3;0.55;0.31;0.1;0.12
-5;0;0;0;50;12.96;1.81;5.25;0.62;0.63;0.132;49.8;4.64;2.28;1.37;0.23;0.81;2.5;177.9;162.6;8.6;1.6;5;0.28;0.22;0.06;0.08;1.17;1.15;0.181;50.2;6.29;3.22;1.86;0.32;1;2.75;179.1;157.4;14.2;2;5.5;0.58;0.33;0.1;0.14
-5;0;0;0;100;12.84;1.95;5.59;0.71;0.7;0.14;50;4.84;2.41;1.44;0.25;0.8;2.68;178.9;164;7.9;1.6;5.4;0.29;0.26;0.05;0.09;1.25;1.27;0.183;50;6.88;3.57;1.99;0.33;1.14;2.91;178.5;156;14.4;2.3;5.8;0.59;0.42;0.1;0.15
-5;0;0;50;0;15.46;2.22;6.53;0.72;0.68;0.126;55.5;5.26;2.56;1.59;0.28;0.91;3.16;180.2;159;13;1.8;6.3;0.28;0.25;0.07;0.09;1.66;1.63;0.191;44.5;8.5;4.36;2.47;0.41;1.3;3.37;144.2;120.8;14.1;2.6;6.7;1.02;0.31;0.13;0.17
-5;0;0;50;50;15.06;2.52;7.18;0.71;0.75;0.135;55.2;5.43;2.63;1.67;0.29;0.93;3.49;179.3;158.6;11.8;1.9;7;0.28;0.31;0.07;0.1;1.95;1.91;0.194;44.8;9.82;5.25;2.71;0.45;1.59;3.69;145.7;121;14.1;3.2;7.4;1.22;0.33;0.16;0.2
-5;0;0;50;100;14.88;2.71;7.95;0.83;0.83;0.145;55.1;5.68;2.77;1.7;0.31;0.95;3.85;179.7;159;11.1;1.9;7.7;0.28;0.38;0.07;0.1;2.21;2.23;0.196;44.9;11.36;5.93;3.2;0.56;1.76;4.11;146.4;120.7;13.9;3.5;8.2;1.41;0.41;0.17;0.24
-5;0;0;100;0;17.26;2.72;7.72;0.81;0.77;0.127;62.9;5.99;2.88;1.84;0.33;1.04;3.73;181.8;155.9;16.4;2.1;7.5;0.27;0.31;0.08;0.11;2.07;2.07;0.197;37.1;10.49;5.47;2.98;0.52;1.68;3.99;106.9;82.1;13.5;3.4;8;1.39;0.3;0.17;0.22
-5;0;0;100;50;17.14;3.04;8.67;0.89;0.87;0.137;62.2;6.23;3.02;1.91;0.31;1.06;4.21;180.4;154.2;15.6;2.1;8.4;0.26;0.41;0.08;0.11;2.47;2.48;0.199;37.8;12.45;6.54;3.47;0.66;1.98;4.45;109.3;82.9;13.5;4;8.9;1.7;0.32;0.2;0.25
-5;0;0;100;100;16.91;3.45;9.94;0.97;0.97;0.147;61.7;6.53;3.22;1.93;0.36;1.11;4.83;179.9;153.5;14.5;2.2;9.7;0.26;0.52;0.08;0.11;2.99;2.98;0.201;38.3;14.83;7.88;4.15;0.71;2.35;5.11;111.5;83.2;13.4;4.7;10.2;2.06;0.4;0.22;0.3
-5;0;50;0;0;13.18;1.8;5.34;0.62;0.64;0.127;50.1;4.9;2.34;1.5;0.27;0.83;2.56;179.3;162.7;9.8;1.7;5.1;0.29;0.19;0.06;0.09;1.21;1.15;0.187;49.9;6.11;3.17;1.71;0.32;0.97;2.78;178.2;157.3;13.4;1.9;5.6;0.55;0.39;0.09;0.12
-5;0;50;0;50;12.63;1.91;5.5;0.65;0.68;0.134;50;4.98;2.38;1.5;0.27;0.84;2.6;178.3;162.5;8.9;1.7;5.2;0.29;0.24;0.06;0.09;1.25;1.24;0.188;50;6.55;3.48;1.86;0.33;1.07;2.9;178.5;157.5;13.1;2.1;5.8;0.59;0.41;0.11;0.14
-5;0;50;0;100;12.25;2.04;5.66;0.79;0.77;0.145;50.3;5.19;2.6;1.51;0.27;0.89;2.71;179.2;164.2;7.8;1.8;5.4;0.31;0.3;0.07;0.09;1.34;1.36;0.191;49.7;7.06;3.67;2.03;0.32;1.16;2.94;177.3;155.8;13.3;2.3;5.9;0.59;0.52;0.12;0.14
-5;0;50;50;0;15.08;2.34;6.84;0.82;0.75;0.127;55.6;5.78;2.84;1.76;0.3;0.97;3.26;180.4;158.7;13.2;1.9;6.5;0.29;0.28;0.08;0.1;1.72;1.7;0.196;44.4;8.64;4.57;2.41;0.41;1.37;3.57;143.7;121;12.9;2.7;7.1;1.02;0.38;0.13;0.17
-5;0;50;50;50;14.67;2.58;7.52;0.86;0.86;0.141;55.3;6;2.99;1.84;0.28;1;3.61;179.5;158.3;12;2;7.2;0.29;0.38;0.08;0.11;1.94;1.96;0.198;44.7;9.92;5.21;2.83;0.48;1.58;3.91;145.2;121.3;12.9;3.2;7.8;1.2;0.41;0.16;0.19
-5;0;50;50;100;14.43;2.88;8.1;0.92;0.92;0.149;55.1;6.08;3.03;1.79;0.33;1.08;3.83;179.5;158.6;11.1;2.2;7.7;0.29;0.46;0.07;0.1;2.39;2.31;0.201;44.9;11.47;6.11;3.18;0.58;1.8;4.26;146.1;121.1;13;3.6;8.5;1.38;0.5;0.19;0.24
-5;0;50;100;0;17.07;2.8;8.28;0.85;0.89;0.132;62.9;6.64;3.3;2.01;0.36;1.16;4.06;181.6;154.7;16.4;2.3;8.1;0.28;0.4;0.09;0.12;2.11;2.14;0.2;37.1;10.7;5.58;3.05;0.5;1.64;4.21;107.1;82.7;12.7;3.3;8.4;1.4;0.37;0.15;0.22
-5;0;50;100;50;16.73;3.12;9.17;0.98;0.99;0.142;62.3;6.92;3.39;2.08;0.37;1.17;4.46;180.3;153.4;15.6;2.3;8.9;0.28;0.51;0.08;0.12;2.58;2.58;0.202;37.7;12.73;6.68;3.59;0.62;1.95;4.71;109;83.3;12.4;3.9;9.4;1.74;0.39;0.2;0.26
-5;0;50;100;100;16.55;3.52;10.22;1.18;1.14;0.159;61.7;7.13;3.65;2.07;0.37;1.18;5.01;179.4;152.5;14.5;2.4;10;0.27;0.66;0.08;0.12;3.17;3.09;0.205;38.3;15.07;8.09;4.1;0.74;2.34;5.2;111.3;83.7;12.4;4.7;10.4;2.09;0.47;0.23;0.3
-5;0;100;0;0;12.53;1.85;5.48;0.72;0.71;0.13;50.2;5.36;2.6;1.6;0.29;0.9;2.61;178.8;162.1;9.7;1.8;5.2;0.31;0.24;0.06;0.09;1.25;1.22;0.196;49.8;6.17;3.31;1.72;0.29;0.94;2.86;177.7;157.9;12.2;1.9;5.7;0.55;0.45;0.1;0.13
-5;0;100;0;50;12.26;1.96;5.7;0.78;0.77;0.138;50.1;5.45;2.73;1.59;0.29;0.94;2.68;178.7;162.6;8.9;1.9;5.4;0.31;0.3;0.07;0.09;1.32;1.32;0.2;49.9;6.59;3.44;1.83;0.32;1.02;3.02;177.7;157.4;12.2;2;6;0.56;0.53;0.09;0.14
-5;0;100;0;100;11.77;2.14;5.89;0.84;0.85;0.15;50.5;5.56;2.73;1.69;0.26;0.95;2.86;179.7;164.4;7.7;1.9;5.7;0.32;0.36;0.08;0.1;1.5;1.47;0.205;49.5;7.15;3.83;1.97;0.33;1.19;3.02;176.3;155.6;12.3;2.4;6;0.58;0.63;0.11;0.14
-5;0;100;50;0;14.59;2.34;7.09;0.85;0.84;0.131;55.6;6.31;3.07;1.89;0.31;1.08;3.37;179.6;157.5;13.2;2.2;6.7;0.3;0.35;0.08;0.11;1.83;1.77;0.202;44.4;8.75;4.58;2.49;0.43;1.26;3.72;143.6;121.8;11.8;2.5;7.4;1.03;0.44;0.13;0.18
-5;0;100;50;50;14.24;2.65;7.72;0.96;0.95;0.146;55.3;6.47;3.25;1.91;0.33;1.12;3.68;179.1;157.2;12.2;2.2;7.4;0.3;0.46;0.08;0.11;2.09;2.07;0.206;44.7;10.06;5.36;2.8;0.44;1.53;4.04;144.8;122.1;11.6;3.1;8.1;1.21;0.5;0.15;0.2
-5;0;100;50;100;13.98;2.84;8.49;1.09;1.07;0.16;55.3;6.59;3.27;2.02;0.33;1.05;4.15;179.9;158.2;11.3;2.1;8.3;0.3;0.57;0.08;0.12;2.46;2.43;0.208;44.7;11.65;6.19;3.24;0.56;1.78;4.34;145.4;121.4;11.8;3.6;8.7;1.41;0.62;0.16;0.24
-5;0;100;100;0;16.87;2.9;8.46;0.99;1;0.137;62.6;7.27;3.54;2.19;0.39;1.24;4.02;180.2;152.8;16.9;2.5;8;0.29;0.51;0.09;0.12;2.17;2.15;0.205;37.4;10.48;5.6;2.97;0.49;1.66;4.44;107.4;83.6;11.6;3.3;8.9;1.36;0.42;0.16;0.21
-5;0;100;100;50;16.39;3.32;9.45;1.15;1.13;0.149;62.2;7.51;3.77;2.24;0.4;1.3;4.54;179.7;152.3;15.7;2.6;9.1;0.28;0.62;0.1;0.13;2.69;2.69;0.208;37.8;12.93;6.84;3.62;0.59;2.02;4.91;109.1;83.9;11.4;4;9.8;1.73;0.51;0.2;0.26
-5;0;100;100;100;16.14;3.73;10.73;1.28;1.31;0.165;61.5;7.91;4.01;2.33;0.38;1.36;5.12;178.7;150.9;14.8;2.7;10.2;0.29;0.79;0.09;0.13;3.26;3.21;0.21;38.5;15.26;8.21;4.14;0.71;2.37;5.61;111.7;84.5;11.2;4.7;11.2;2.11;0.58;0.21;0.3
-5;50;0;0;0;15.6;2.29;6.41;0.91;0.89;0.129;44.1;6.78;3.34;2.03;0.34;1.21;3.12;142.6;124.4;9.6;2.4;6.2;0.5;0.18;0.09;0.12;1.2;1.18;0.177;55.9;6.58;3.4;1.86;0.33;1.08;3.29;180.6;154.1;17.8;2.2;6.6;0.55;0.39;0.11;0.14
-5;50;0;0;50;15.15;2.39;6.71;0.94;0.95;0.134;44.1;6.95;3.42;2.05;0.35;1.22;3.16;142.2;124.8;8.7;2.4;6.3;0.51;0.22;0.09;0.12;1.24;1.24;0.175;55.9;7.04;3.59;2.02;0.36;1.17;3.55;180.6;153.6;17.5;2.3;7.1;0.56;0.43;0.11;0.14
-5;50;0;0;100;15.1;2.6;7.2;1.01;1;0.14;44.4;7.07;3.53;2.14;0.33;1.26;3.47;143.6;126.3;7.8;2.5;6.9;0.52;0.26;0.09;0.13;1.44;1.43;0.179;55.6;7.95;4.13;2.28;0.4;1.34;3.73;179.7;151.6;17.9;2.7;7.5;0.58;0.55;0.13;0.17
-5;50;0;50;0;17.46;2.76;7.82;1.01;0.95;0.128;49.6;7.33;3.68;2.17;0.37;1.3;3.69;144.6;121.7;12.9;2.6;7.4;0.5;0.24;0.09;0.12;1.6;1.67;0.187;50.4;8.89;4.61;2.61;0.42;1.46;4.13;146.7;118.3;17.2;2.9;8.3;0.96;0.38;0.14;0.19
-5;50;0;50;50;17.12;2.87;8.45;1.01;1.01;0.135;49.4;7.43;3.68;2.2;0.39;1.29;4.07;144.3;121.8;11.8;2.6;8.1;0.49;0.3;0.1;0.13;2.04;1.95;0.189;50.6;10.32;5.38;2.94;0.5;1.58;4.38;147.5;118.2;17.3;3.2;8.8;1.16;0.43;0.16;0.21
-5;50;0;50;100;16.8;3.29;9.36;1.08;1.1;0.142;49.5;7.68;3.78;2.29;0.39;1.33;4.54;145.1;122.6;10.8;2.7;9.1;0.5;0.36;0.11;0.14;2.36;2.33;0.192;50.5;12.12;6.32;3.48;0.64;1.96;4.82;148.2;117.4;17.2;3.9;9.6;1.36;0.54;0.18;0.25
-5;50;0;100;0;19.18;3.09;8.93;1.03;1.02;0.128;57.3;7.86;3.84;2.43;0.42;1.38;4.33;147.2;119.7;16.1;2.8;8.7;0.49;0.3;0.09;0.14;2.13;2.08;0.193;42.7;10.77;5.67;3.05;0.49;1.71;4.59;109.7;80.2;16.9;3.4;9.2;1.33;0.37;0.17;0.21
-5;50;0;100;50;19.05;3.48;10.16;1.14;1.14;0.135;56.6;8.32;4.11;2.52;0.42;1.44;4.87;146.7;118.8;15.3;2.9;9.7;0.49;0.4;0.1;0.14;2.49;2.54;0.195;43.4;13.05;6.81;3.67;0.63;2.04;5.29;112.3;80.8;16.8;4.1;10.6;1.66;0.42;0.2;0.27
-5;50;0;100;100;19.07;3.95;11.33;1.25;1.25;0.143;56.1;8.68;4.33;2.56;0.44;1.46;5.51;146.5;118.1;14.5;2.9;11;0.48;0.52;0.1;0.16;3.1;3.08;0.198;43.9;15.54;8.21;4.37;0.76;2.49;5.82;114.6;81.3;16.7;5;11.6;2.02;0.51;0.24;0.31
-5;50;50;0;0;15.22;2.46;7.23;1.08;1.04;0.13;44.3;7.97;3.95;2.35;0.43;1.38;3.39;143.4;124.3;9.6;2.8;6.8;0.61;0.2;0.1;0.14;1.28;1.29;0.186;55.7;6.9;3.57;2.06;0.3;1.08;3.84;180.6;154.2;16.5;2.2;7.7;0.56;0.47;0.11;0.15
-5;50;50;0;50;14.91;2.7;7.41;1.1;1.09;0.134;44.8;8.06;3.93;2.42;0.43;1.43;3.61;144.8;126.1;8.6;2.9;7.2;0.62;0.23;0.1;0.14;1.44;1.43;0.19;55.2;7.5;4;2.06;0.38;1.27;3.79;178.7;151.8;16.7;2.5;7.6;0.56;0.59;0.12;0.15
-5;50;50;0;100;14.54;2.65;7.82;1.16;1.18;0.141;45;8.3;4.07;2.5;0.44;1.41;3.78;145.3;127.4;7.6;2.8;7.6;0.64;0.29;0.1;0.15;1.55;1.56;0.192;55;8.08;4.18;2.28;0.4;1.25;4.03;177.5;150.2;16.7;2.5;8.1;0.56;0.72;0.12;0.16
-5;50;50;50;0;17.05;3.1;8.7;1.2;1.15;0.13;50;8.82;4.38;2.65;0.42;1.6;4.16;146.2;121.9;12.8;3.2;8.3;0.61;0.28;0.11;0.16;1.81;1.8;0.193;50;9.3;4.87;2.66;0.46;1.5;4.54;146.1;118.1;15.9;3;9.1;1;0.48;0.14;0.19
-5;50;50;50;50;16.89;3.28;9.3;1.23;1.23;0.138;49.9;8.86;4.38;2.68;0.47;1.54;4.42;146.3;122.7;11.7;3.1;8.8;0.6;0.37;0.12;0.15;2.17;2.16;0.198;50.1;10.91;5.78;3.11;0.48;1.74;4.88;146.9;117.3;16.4;3.5;9.8;1.17;0.58;0.17;0.23
-5;50;50;50;100;16.58;3.46;9.99;1.3;1.32;0.145;49.8;9.09;4.48;2.71;0.47;1.57;4.83;146.4;122.7;10.9;3.1;9.7;0.6;0.45;0.12;0.15;2.46;2.46;0.201;50.2;12.23;6.35;3.49;0.58;1.9;5.15;147.7;117.3;16.3;3.8;10.3;1.34;0.69;0.17;0.25
-5;50;50;100;0;19.03;3.45;9.8;1.24;1.27;0.132;57.3;9.52;4.62;2.96;0.49;1.69;4.62;148.2;119.2;16.4;3.4;9.2;0.58;0.4;0.12;0.17;2.26;2.22;0.198;42.7;11.23;5.93;3.12;0.5;1.77;5.18;110.2;80.5;15.8;3.5;10.4;1.34;0.47;0.17;0.24
-5;50;50;100;50;18.7;3.82;10.75;1.38;1.35;0.139;56.9;9.64;4.77;2.85;0.5;1.63;5.22;147.7;119;15.1;3.3;10.4;0.58;0.49;0.11;0.17;2.63;2.67;0.201;43.1;13.28;7.02;3.61;0.64;2.18;5.54;111.9;80.7;15.8;4.4;11.1;1.65;0.56;0.21;0.26
-5;50;50;100;100;18.47;4.19;12;1.54;1.51;0.15;56.3;9.99;5.02;2.92;0.5;1.7;5.7;147.4;118.5;14;3.4;11.4;0.59;0.64;0.12;0.17;3.29;3.27;0.204;43.7;15.99;8.41;4.44;0.78;2.49;6.3;114.4;81;15.9;5;12.6;2.02;0.68;0.24;0.32
-5;50;100;0;0;15.13;2.73;8.07;1.23;1.24;0.132;45;9.3;4.55;2.88;0.48;1.6;3.9;146.4;125.7;9.7;3.2;7.8;0.71;0.24;0.11;0.17;1.42;1.41;0.194;55;7.23;3.81;2.02;0.33;1.13;4.17;178.8;152.4;15.8;2.3;8.3;0.55;0.6;0.11;0.15
-5;50;100;0;50;14.52;2.84;8.32;1.25;1.29;0.136;45.1;9.38;4.59;2.85;0.5;1.58;3.97;146.2;126.7;8.4;3.2;7.9;0.73;0.28;0.11;0.17;1.58;1.57;0.198;54.9;7.89;4.2;2.17;0.38;1.27;4.35;177.9;151.1;15.6;2.5;8.7;0.57;0.72;0.12;0.16
-5;50;100;0;100;14.14;3.03;8.48;1.4;1.36;0.143;45.4;9.45;4.78;2.73;0.49;1.68;4.09;147;127.9;7.5;3.4;8.2;0.73;0.34;0.12;0.17;1.72;1.77;0.209;54.6;8.46;4.56;2.27;0.4;1.34;4.38;176.7;149.4;15.8;2.7;8.8;0.57;0.9;0.12;0.17
-5;50;100;50;0;16.63;3.17;9.35;1.33;1.33;0.132;50.3;9.95;4.88;3.04;0.51;1.72;4.43;147.3;122.6;12.4;3.4;8.9;0.7;0.33;0.13;0.17;1.88;1.9;0.199;49.7;9.49;5.02;2.68;0.43;1.46;4.92;145.4;117.4;15.2;2.9;9.8;0.97;0.59;0.14;0.19
-5;50;100;50;50;16.63;3.61;10.1;1.46;1.45;0.141;50.2;10.2;5.06;3;0.51;1.84;4.86;147.8;122.6;11.8;3.7;9.7;0.69;0.45;0.13;0.18;2.18;2.27;0.204;49.8;11.14;5.91;3.13;0.56;1.77;5.24;146.8;117.4;15.4;3.5;10.5;1.17;0.71;0.16;0.23
-5;50;100;50;100;16.32;3.73;10.63;1.6;1.58;0.15;50;10.48;5.23;3.14;0.55;1.8;5.08;147.6;122.7;11.1;3.6;10.2;0.71;0.56;0.13;0.18;2.62;2.6;0.211;50;12.32;6.62;3.33;0.59;1.93;5.55;147.3;117.3;15.1;3.9;11.1;1.33;0.85;0.19;0.24
-5;50;100;100;0;18.66;3.67;10.68;1.53;1.5;0.136;57.4;10.94;5.37;3.31;0.56;1.86;5.06;148.8;119;16;3.7;10.1;0.68;0.48;0.14;0.19;2.39;2.34;0.203;42.6;11.55;6.11;3.29;0.58;1.8;5.63;110.4;80.7;14.9;3.6;11.3;1.35;0.57;0.17;0.25
-5;50;100;100;50;18.55;4;11.81;1.61;1.64;0.143;57;11.38;5.58;3.45;0.59;1.9;5.63;148.9;118.5;15.4;3.8;11.3;0.69;0.61;0.14;0.2;2.85;2.83;0.206;43;13.72;7.26;3.9;0.63;2.1;6.19;112.3;81;14.7;4.2;12.4;1.66;0.69;0.2;0.28
-5;50;100;100;100;18.35;4.5;12.78;1.71;1.78;0.155;56.6;11.42;5.65;3.46;0.58;1.9;6.15;149;118.8;14.1;3.8;12.3;0.67;0.75;0.16;0.2;3.45;3.42;0.212;43.4;16.12;8.72;4.39;0.78;2.6;6.63;114.1;80.8;14.9;5.2;13.3;2;0.85;0.25;0.32
-5;100;0;0;0;17.37;2.67;7.54;1.08;1.11;0.131;36.3;8.39;4.14;2.49;0.46;1.51;3.65;103.8;84.3;9.2;3;7.3;0.67;0.18;0.11;0.15;1.32;1.27;0.175;63.7;7.26;3.71;2.1;0.34;1.16;3.9;182.6;151.4;21;2.3;7.8;0.54;0.46;0.12;0.15
-5;100;0;0;50;17.23;2.84;8.06;1.19;1.15;0.134;36.5;8.52;4.2;2.48;0.46;1.49;3.83;104.2;85.4;8.2;3;7.7;0.68;0.21;0.11;0.15;1.41;1.46;0.177;63.5;8.23;4.21;2.35;0.41;1.35;4.23;181.8;149.2;21.4;2.7;8.5;0.55;0.61;0.13;0.17
-5;100;0;0;100;17.19;3.05;8.46;1.22;1.2;0.139;36.9;8.62;4.32;2.55;0.42;1.56;4.04;105.2;86.6;7.4;3.1;8.1;0.68;0.25;0.12;0.14;1.65;1.64;0.18;63.1;9.06;4.76;2.61;0.46;1.49;4.41;180.3;146.8;21.8;3;8.8;0.54;0.77;0.14;0.19
-5;100;0;50;0;19.22;3.1;8.96;1.24;1.17;0.13;41.6;8.92;4.36;2.68;0.47;1.54;4.19;106.5;82.7;12.4;3.1;8.4;0.67;0.23;0.12;0.16;1.82;1.82;0.185;58.4;9.81;5.14;2.77;0.49;1.56;4.78;149.3;116;20.6;3.1;9.6;0.99;0.46;0.15;0.22
-5;100;0;50;50;19.02;3.4;9.68;1.3;1.24;0.135;41.9;9.09;4.46;2.74;0.45;1.61;4.68;107.5;83.3;11.6;3.2;9.4;0.67;0.29;0.12;0.16;2.12;2.13;0.188;58.1;11.28;5.87;3.22;0.54;1.79;5;149.3;115;20.6;3.6;10;1.14;0.58;0.17;0.24
-5;100;0;50;100;18.97;3.65;10.64;1.29;1.3;0.139;42;9.23;4.5;2.82;0.48;1.57;5.15;108.2;84.4;10.4;3.1;10.3;0.67;0.35;0.11;0.17;2.5;2.56;0.192;58;13.31;6.93;3.79;0.6;2.08;5.49;149.8;113.4;21.2;4.2;11;1.31;0.75;0.21;0.28
-5;100;0;100;0;20.87;3.44;9.95;1.3;1.25;0.13;49.2;9.52;4.64;2.83;0.53;1.61;4.82;109.5;80.9;15.8;3.2;9.6;0.65;0.3;0.12;0.18;2.19;2.18;0.191;50.8;11.41;5.98;3.22;0.55;1.83;5.13;113.2;79.1;20.2;3.7;10.3;1.32;0.44;0.18;0.23
-5;100;0;100;50;20.87;3.88;11.15;1.38;1.32;0.135;48.8;9.67;4.76;2.91;0.51;1.7;5.3;110;81.1;14.9;3.4;10.6;0.64;0.39;0.12;0.17;2.76;2.69;0.193;51.2;13.91;7.27;3.98;0.74;2.18;5.86;115.2;78.9;20.2;4.4;11.7;1.62;0.58;0.2;0.29
-5;100;0;100;100;20.73;4.37;12.45;1.43;1.43;0.142;48.5;10.05;5.02;2.94;0.54;1.72;6.01;110.5;81.3;13.7;3.4;12;0.65;0.49;0.12;0.18;3.29;3.27;0.198;51.5;16.52;8.81;4.55;0.77;2.65;6.43;117.1;78.7;20.3;5.3;12.9;1.98;0.7;0.25;0.34
-5;100;50;0;0;17.54;2.96;8.75;1.33;1.32;0.13;37.2;10.08;4.91;3.07;0.55;1.72;4.2;106.8;85.6;9.4;3.4;8.4;0.84;0.19;0.11;0.18;1.42;1.41;0.182;62.8;7.7;4;2.18;0.37;1.24;4.55;180.8;148.8;20.3;2.5;9.1;0.51;0.62;0.12;0.15
-5;100;50;0;50;17.25;3.14;9.14;1.43;1.4;0.134;37.4;10.37;5.1;3.15;0.51;1.76;4.36;107.2;86.6;8.3;3.5;8.7;0.86;0.23;0.13;0.18;1.62;1.61;0.186;62.6;8.64;4.45;2.43;0.45;1.38;4.78;179.6;146.8;20.5;2.8;9.6;0.53;0.77;0.13;0.18
-5;100;50;0;100;17.09;3.3;9.84;1.46;1.47;0.138;37.8;10.55;5.09;3.25;0.56;1.76;4.78;108.2;88;7.1;3.5;9.6;0.89;0.28;0.11;0.19;1.84;1.85;0.191;62.2;9.68;5.05;2.76;0.48;1.54;5.06;178.2;144;21;3.1;10.1;0.55;0.95;0.14;0.2
-5;100;50;50;0;18.94;3.51;10.16;1.44;1.43;0.131;42.6;10.84;5.28;3.29;0.59;1.88;4.88;109.4;83.9;12;3.8;9.8;0.84;0.25;0.14;0.19;1.93;1.96;0.19;57.4;10.26;5.33;2.92;0.49;1.63;5.28;147.7;114.2;19.7;3.3;10.6;0.97;0.61;0.16;0.22
-5;100;50;50;50;18.96;3.78;10.88;1.53;1.52;0.137;42.5;11.02;5.45;3.31;0.54;1.9;5.28;110;84.3;11.3;3.8;10.6;0.83;0.35;0.14;0.2;2.33;2.32;0.195;57.5;11.89;6.27;3.35;0.58;1.88;5.6;148.6;113.5;20.2;3.8;11.2;1.13;0.75;0.2;0.24
-5;100;50;50;100;18.71;4.11;11.69;1.57;1.6;0.141;42.6;11.21;5.46;3.35;0.6;1.94;5.72;110.6;85;10.2;3.9;11.4;0.84;0.41;0.14;0.2;2.62;2.68;0.199;57.4;13.48;7.01;3.81;0.63;2.17;5.97;148.8;112.4;20.1;4.3;11.9;1.29;0.91;0.21;0.28
-5;100;50;100;0;20.95;3.87;11.34;1.59;1.55;0.133;49.7;11.63;5.71;3.47;0.58;1.98;5.5;112;81.4;15.7;4;11;0.81;0.39;0.15;0.21;2.35;2.31;0.194;50.3;11.89;6.24;3.4;0.59;1.89;5.85;113.5;78.6;19.4;3.8;11.7;1.3;0.59;0.18;0.25
-5;100;50;100;50;20.91;4.35;12.5;1.68;1.67;0.138;49.3;12;5.88;3.68;0.66;2.06;5.96;112.4;81.4;15;4.1;11.9;0.82;0.49;0.15;0.21;2.81;2.82;0.199;50.7;14.19;7.58;3.92;0.71;2.29;6.54;115.4;78.6;19.2;4.6;13.1;1.6;0.71;0.22;0.29
-5;100;50;100;100;20.46;4.65;13.66;1.84;1.83;0.148;49;12.32;6.03;3.84;0.62;2.02;6.49;112.3;81.5;13.8;4;13;0.82;0.64;0.16;0.21;3.45;3.41;0.203;51;16.81;8.91;4.73;0.78;2.63;7.16;117.1;78.5;19.1;5.3;14.3;1.95;0.85;0.26;0.34
-5;100;100;0;0;17.32;3.38;9.99;1.67;1.63;0.132;38;12.23;5.99;3.69;0.67;2.12;4.79;109.6;86.6;9.2;4.2;9.6;1.03;0.23;0.16;0.21;1.63;1.59;0.191;62;8.27;4.35;2.34;0.42;1.26;5.2;179.2;146.8;19.5;2.5;10.4;0.51;0.79;0.12;0.17
-5;100;100;0;50;16.98;3.51;10.4;1.73;1.71;0.136;38;12.5;6.15;3.82;0.63;2.14;4.96;109.5;87.3;8;4.3;9.9;1.05;0.27;0.16;0.23;1.88;1.86;0.202;62;9.16;4.86;2.58;0.46;1.38;5.45;178.6;145.3;19.6;2.8;10.9;0.54;1;0.13;0.19
-5;100;100;0;100;16.8;3.72;10.71;1.82;1.77;0.14;38.6;12.56;6.19;3.83;0.62;2.15;5.2;110.6;88.9;7;4.3;10.4;1.07;0.32;0.16;0.21;2.08;2.07;0.208;61.4;9.92;5.28;2.76;0.47;1.57;5.51;176.3;142.2;19.9;3.1;11;0.54;1.19;0.14;0.19
-5;100;100;50;0;19.16;3.99;11.35;1.73;1.74;0.133;43.2;13.01;6.39;3.92;0.7;2.29;5.46;112.2;84.3;12.3;4.6;10.9;1.01;0.32;0.17;0.24;2.13;2.1;0.197;56.8;10.63;5.61;2.95;0.52;1.7;5.88;147.7;113.5;19;3.4;11.8;0.96;0.77;0.17;0.21
-5;100;100;50;50;18.79;4.2;11.91;1.87;1.86;0.139;43.3;13.29;6.61;3.93;0.67;2.25;5.78;112.4;85.2;11.2;4.5;11.6;1.03;0.42;0.17;0.23;2.56;2.5;0.206;56.7;12.12;6.5;3.25;0.58;1.94;6.13;147.5;112.2;19.1;3.9;12.3;1.11;0.97;0.18;0.24
-5;100;100;50;100;18.52;4.36;12.74;2.01;1.95;0.145;43.1;13.39;6.55;4.12;0.69;2.22;6.02;112.3;85.4;10.4;4.4;12;1.04;0.53;0.17;0.22;2.86;2.87;0.21;56.9;13.66;7.33;3.74;0.63;2.13;6.72;148.5;111.9;18.9;4.3;13.4;1.27;1.12;0.21;0.28
-5;100;100;100;0;20.69;4.38;12.47;1.99;1.86;0.135;50;13.66;6.84;4.08;0.67;2.35;5.9;113.9;82;15.4;4.7;11.8;0.98;0.46;0.17;0.25;2.45;2.52;0.201;50;12.56;6.63;3.5;0.62;2.02;6.57;113.7;78;18.5;4;13.1;1.32;0.74;0.2;0.27
-5;100;100;100;50;20.57;4.6;13.48;1.99;1.97;0.14;50;13.98;6.8;4.29;0.73;2.33;6.51;114.6;82.5;14.4;4.7;13;1;0.57;0.16;0.24;3.07;3.06;0.208;50;14.68;7.86;4.01;0.69;2.27;6.97;114.6;77.5;18.6;4.5;13.9;1.6;0.92;0.23;0.3
-5;100;100;100;100;20.61;5.12;14.69;2.15;2.12;0.149;49.7;14.19;7.09;4.11;0.75;2.41;7.12;115.4;82.8;13.5;4.8;14.2;0.99;0.72;0.17;0.24;3.66;3.65;0.211;50.3;17.29;9.27;4.82;0.79;2.71;7.57;116.6;77.2;18.9;5.4;15.1;1.92;1.13;0.25;0.35
-4;0;0;0;0;13.55;1.76;5.08;0.64;0.64;0.13;50;4.73;2.3;1.41;0.24;0.81;2.44;178.7;162.1;10.2;1.6;4.9;0.31;0.19;0.05;0.09;1.06;1.04;0.176;50;5.85;3.04;1.64;0.3;0.95;2.64;179;157.9;13.8;1.9;5.3;0.52;0.31;0.09;0.12
-4;0;0;0;50;13.01;1.84;5.17;0.7;0.69;0.138;49.8;4.86;2.41;1.45;0.26;0.88;2.48;177.7;161.7;9.3;1.8;5;0.31;0.24;0.07;0.08;1.04;1.06;0.176;50.2;5.93;3.06;1.69;0.27;0.96;2.69;179.3;158.3;13.7;1.9;5.4;0.54;0.31;0.09;0.13
-4;0;0;0;100;12.69;1.87;5.54;0.77;0.74;0.145;50;4.97;2.49;1.52;0.25;0.82;2.66;178.4;163.2;8.2;1.6;5.3;0.31;0.27;0.06;0.09;1.17;1.2;0.178;50;6.71;3.41;1.91;0.32;1.05;2.88;178.6;156.8;13.9;2.1;5.8;0.56;0.41;0.1;0.13
-4;0;0;50;0;15.57;2.3;6.51;0.72;0.72;0.131;55.6;5.38;2.7;1.61;0.25;0.99;3.12;180.3;158.4;13.7;2;6.2;0.31;0.25;0.07;0.09;1.5;1.51;0.185;44.4;8.13;4.21;2.34;0.4;1.3;3.39;144.1;121.2;13.5;2.6;6.8;0.93;0.3;0.12;0.16
-4;0;0;50;50;15.2;2.48;7.12;0.8;0.79;0.139;55.2;5.61;2.75;1.69;0.29;0.96;3.43;179.4;158.1;12.6;1.9;6.9;0.31;0.32;0.07;0.1;1.75;1.78;0.187;44.8;9.48;4.86;2.66;0.49;1.52;3.69;145.4;121.4;13.6;3;7.4;1.13;0.32;0.14;0.19
-4;0;0;50;100;14.67;2.77;8.06;0.86;0.87;0.148;55;5.75;2.87;1.73;0.31;0.98;3.9;179.2;158.2;11.2;2;7.8;0.31;0.38;0.07;0.11;2.13;2.13;0.19;45;11.19;5.87;3.18;0.52;1.79;4.16;146.5;121.3;13.3;3.6;8.3;1.35;0.39;0.16;0.23
-4;0;0;100;0;17.33;2.75;7.75;0.82;0.8;0.131;63;6.02;2.97;1.78;0.32;1.05;3.8;181.9;155.6;16.6;2.1;7.6;0.3;0.31;0.08;0.11;1.88;1.95;0.19;37;10.24;5.4;2.94;0.49;1.7;3.95;106.9;82.2;13.4;3.4;7.9;1.29;0.29;0.16;0.21
-4;0;0;100;50;17.43;3.05;8.98;0.94;0.93;0.14;62.1;6.52;3.21;2.02;0.34;1.08;4.3;180.1;153.2;16.2;2.2;8.6;0.3;0.43;0.08;0.11;2.32;2.36;0.192;37.9;12.29;6.4;3.52;0.61;1.98;4.68;109.9;83.4;13.2;4;9.4;1.63;0.31;0.18;0.25
-4;0;0;100;100;16.94;3.43;9.99;1.04;1.02;0.151;61.7;6.66;3.36;1.97;0.32;1.12;4.86;179.8;153.1;14.8;2.2;9.7;0.29;0.53;0.08;0.11;2.8;2.86;0.194;38.3;14.71;7.61;4.25;0.69;2.31;5.13;111.5;83.5;13.2;4.6;10.3;1.95;0.39;0.22;0.3
-4;0;50;0;0;13.38;1.9;5.38;0.72;0.68;0.132;50.1;5.07;2.47;1.49;0.31;0.88;2.59;179.3;162.1;10.2;1.8;5.2;0.33;0.2;0.06;0.09;1.08;1.12;0.182;49.9;6.08;3.17;1.71;0.29;1.02;2.79;178.6;157.9;13.1;2;5.6;0.53;0.38;0.08;0.13
-4;0;50;0;50;12.75;1.89;5.48;0.77;0.75;0.139;50.1;5.27;2.6;1.56;0.28;0.89;2.64;178.6;162.2;9.3;1.8;5.3;0.34;0.25;0.07;0.09;1.17;1.17;0.183;49.9;6.36;3.31;1.82;0.31;1.01;2.84;178.2;157.8;12.8;2;5.7;0.55;0.4;0.1;0.13
-4;0;50;0;100;12.51;2.1;5.8;0.86;0.83;0.152;50.1;5.35;2.76;1.53;0.27;0.93;2.86;179;163.2;8.3;1.9;5.7;0.33;0.33;0.07;0.1;1.25;1.3;0.187;49.9;6.93;3.59;2.01;0.34;1.17;2.94;178.2;156.8;13.2;2.3;5.9;0.56;0.49;0.1;0.14
-4;0;50;50;0;15.2;2.35;6.83;0.81;0.79;0.131;55.7;5.92;2.87;1.79;0.31;1;3.33;180.6;158.3;13.6;2;6.7;0.32;0.28;0.07;0.11;1.64;1.62;0.19;44.3;8.47;4.43;2.41;0.41;1.35;3.5;143.7;121.3;12.7;2.7;7;0.95;0.37;0.13;0.17
-4;0;50;50;50;14.64;2.6;7.46;0.92;0.91;0.145;55.2;6.23;3.13;1.85;0.3;1.04;3.58;179;157;12.7;2.1;7.2;0.33;0.4;0.08;0.11;1.91;1.86;0.192;44.8;9.67;5.08;2.69;0.5;1.56;3.87;145.2;122.2;12.1;3.1;7.7;1.14;0.38;0.15;0.2
-4;0;50;50;100;14.48;2.87;8.31;0.96;0.98;0.155;54.9;6.29;3.15;1.86;0.34;1.12;4.01;178.7;156.7;11.7;2.2;8;0.31;0.49;0.07;0.1;2.17;2.17;0.195;45.1;11.13;5.84;3.21;0.55;1.76;4.3;146.8;122.5;12.3;3.5;8.6;1.33;0.46;0.16;0.23
-4;0;50;100;0;17.04;2.89;8.05;0.96;0.95;0.136;62.7;6.88;3.36;2.14;0.34;1.16;3.82;180.7;153.6;17.2;2.3;7.6;0.31;0.42;0.1;0.12;1.99;2.03;0.194;37.3;10.42;5.53;2.79;0.53;1.74;4.23;107.3;83.2;12.2;3.5;8.5;1.31;0.35;0.17;0.21
-4;0;50;100;50;17.14;3.21;9.19;1.09;1.08;0.146;62.2;7.27;3.68;2.13;0.38;1.22;4.47;180.3;152.5;16.5;2.4;8.9;0.3;0.55;0.1;0.13;2.39;2.42;0.195;37.8;12.38;6.52;3.4;0.64;1.99;4.72;109.4;83.7;12.2;4;9.4;1.6;0.38;0.18;0.26
-4;0;50;100;100;16.57;3.54;10.51;1.24;1.21;0.163;61.5;7.4;3.75;2.2;0.37;1.23;5.12;178.9;151.2;15;2.5;10.2;0.31;0.68;0.1;0.13;2.88;2.95;0.198;38.5;14.9;7.78;4.26;0.78;2.31;5.39;111.7;84.4;11.8;4.6;10.8;1.99;0.44;0.21;0.3
-4;0;100;0;0;12.77;2.03;5.49;0.81;0.76;0.136;50.2;5.49;2.77;1.59;0.29;0.99;2.67;179.4;161.6;10.5;2;5.3;0.34;0.26;0.07;0.1;1.12;1.18;0.191;49.8;6.09;3.24;1.68;0.3;1.04;2.81;177.8;158.4;11.7;2.1;5.6;0.52;0.43;0.09;0.13
-4;0;100;0;50;12.25;1.93;5.71;0.93;0.84;0.144;50.1;5.7;2.84;1.75;0.26;0.95;2.79;178.5;161.5;9.5;1.9;5.6;0.34;0.32;0.08;0.09;1.26;1.25;0.195;49.9;6.37;3.37;1.83;0.31;0.98;2.92;177.8;158.5;11.5;2;5.8;0.53;0.5;0.09;0.13
-4;0;100;0;100;11.87;2.08;6.04;0.9;0.91;0.156;50.3;5.73;2.86;1.72;0.29;0.97;2.93;179.2;163.1;8.3;1.9;5.9;0.34;0.39;0.07;0.1;1.47;1.45;0.2;49.7;7.21;3.83;2.02;0.36;1.11;3.11;177.2;156.9;11.9;2.2;6.2;0.57;0.63;0.1;0.15
-4;0;100;50;0;14.47;2.48;7.06;0.92;0.89;0.136;55.7;6.45;3.23;1.96;0.31;1.09;3.48;180;157.3;13.6;2.2;7;0.33;0.35;0.09;0.12;1.67;1.68;0.196;44.3;8.51;4.51;2.38;0.42;1.38;3.57;143.2;122;11.3;2.8;7.1;0.96;0.41;0.13;0.17
-4;0;100;50;50;14.39;2.7;7.72;1.07;1.03;0.15;55.3;6.77;3.4;1.99;0.33;1.1;3.77;179.2;156.7;12.8;2.2;7.5;0.33;0.49;0.09;0.12;1.91;1.96;0.2;44.7;9.79;5.15;2.72;0.47;1.59;3.95;144.8;122.5;11.3;3.2;7.9;1.13;0.49;0.15;0.19
-4;0;100;50;100;13.96;2.89;8.38;1.16;1.11;0.165;55.2;6.67;3.46;1.97;0.35;1.09;4.1;179.2;157.2;11.6;2.2;8.2;0.32;0.59;0.08;0.12;2.32;2.31;0.202;44.8;11.37;6.06;3.17;0.52;1.8;4.28;145.6;122.1;11.3;3.6;8.6;1.32;0.59;0.17;0.23
-4;0;100;100;0;16.85;2.98;8.58;1.13;1.07;0.141;62.6;7.54;3.78;2.24;0.38;1.28;4.08;180.3;152.4;17.2;2.6;8.2;0.32;0.52;0.1;0.13;2.03;2.09;0.198;37.4;10.56;5.5;3.01;0.52;1.7;4.5;107.5;83.8;11.3;3.4;9;1.3;0.42;0.15;0.21
-4;0;100;100;50;16.36;3.28;9.64;1.17;1.2;0.151;62.3;7.83;3.92;2.34;0.4;1.3;4.75;179.9;151.9;15.9;2.6;9.5;0.33;0.63;0.1;0.14;2.6;2.54;0.201;37.7;12.63;6.72;3.48;0.61;1.99;4.89;108.7;84.1;10.8;4;9.8;1.64;0.49;0.17;0.24
-4;0;100;100;100;16.26;3.75;10.6;1.36;1.37;0.169;61.4;8.03;4.1;2.33;0.4;1.27;5.02;177.9;150;15.3;2.5;10;0.32;0.81;0.11;0.13;3.16;3.08;0.204;38.6;15.11;8.19;4.14;0.71;2.48;5.57;111.9;85;10.8;5;11.1;1.98;0.56;0.24;0.3
-4;50;0;0;0;15.64;2.28;6.49;0.95;0.95;0.137;44.1;6.87;3.44;2.06;0.34;1.2;3.16;142.7;123.8;10.2;2.4;6.3;0.54;0.19;0.1;0.12;1.1;1.14;0.173;55.9;6.53;3.32;1.95;0.3;1.08;3.33;180.9;154.9;17.2;2.2;6.7;0.52;0.38;0.1;0.14
-4;50;0;0;50;15.3;2.39;6.92;1.01;1.01;0.14;44.2;7.11;3.48;2.15;0.36;1.2;3.36;143.1;124.8;9.1;2.4;6.7;0.57;0.23;0.09;0.12;1.15;1.21;0.172;55.8;7;3.59;2.05;0.37;1.19;3.56;180.4;153.6;17.3;2.4;7.1;0.53;0.43;0.1;0.15
-4;50;0;0;100;14.97;2.49;7.24;1.06;1.07;0.146;44.5;7.26;3.6;2.24;0.33;1.25;3.53;143.7;126.1;8;2.5;7.1;0.58;0.27;0.1;0.13;1.37;1.36;0.174;55.5;7.73;3.92;2.28;0.41;1.24;3.71;179.2;151.9;17.4;2.5;7.4;0.54;0.54;0.11;0.17
-4;50;0;50;0;17.43;2.8;7.91;1.1;1.05;0.136;49.8;7.65;3.83;2.29;0.39;1.34;3.87;145.2;121.5;13.3;2.7;7.7;0.56;0.25;0.11;0.14;1.67;1.62;0.183;50.2;8.84;4.62;2.55;0.44;1.46;4.05;146.4;118.5;16.9;2.9;8.1;0.93;0.37;0.13;0.19
-4;50;0;50;50;17.12;2.96;8.58;1.07;1.08;0.141;49.5;7.56;3.72;2.29;0.35;1.27;4.16;144.7;121.6;12.2;2.5;8.3;0.54;0.31;0.1;0.13;1.92;1.9;0.183;50.5;10.35;5.33;3.02;0.52;1.68;4.41;147.6;118.4;17;3.4;8.8;1.11;0.42;0.16;0.2
-4;50;0;50;100;16.88;3.24;9.36;1.22;1.16;0.147;49.5;7.83;3.93;2.34;0.41;1.3;4.55;145.2;122.3;11.2;2.6;9.1;0.55;0.38;0.1;0.14;2.14;2.22;0.186;50.5;11.92;6.1;3.43;0.58;1.94;4.81;148.2;117.7;17;3.9;9.6;1.27;0.53;0.16;0.26
-4;50;0;100;0;19.14;3.05;8.89;1.17;1.08;0.134;57.1;7.98;3.92;2.38;0.41;1.34;4.27;146.6;118.9;16.4;2.7;8.5;0.52;0.31;0.11;0.14;2.14;2.04;0.187;42.9;10.87;5.71;3.07;0.54;1.71;4.62;109.9;80.7;16.5;3.4;9.2;1.29;0.37;0.17;0.22
-4;50;0;100;50;19.1;3.59;10.01;1.25;1.2;0.141;56.5;8.42;4.15;2.53;0.47;1.47;4.76;146.3;118;15.9;2.9;9.5;0.52;0.42;0.11;0.14;2.39;2.44;0.189;43.5;12.92;6.81;3.65;0.6;2.12;5.25;112.4;81.3;16.3;4.2;10.5;1.57;0.4;0.19;0.28
-4;50;0;100;100;18.59;3.86;11.12;1.33;1.3;0.149;56;8.67;4.35;2.5;0.43;1.47;5.32;145.7;117.5;14.7;2.9;10.6;0.52;0.52;0.11;0.15;2.97;2.92;0.192;44;15.25;7.92;4.35;0.71;2.4;5.8;114.2;81.7;16.1;4.8;11.6;1.91;0.49;0.22;0.31
-4;50;50;0;0;15.28;2.49;7.03;1.11;1.1;0.137;44.6;7.94;3.93;2.4;0.41;1.43;3.37;144.3;124.7;9.9;2.9;6.7;0.66;0.19;0.1;0.14;1.18;1.21;0.18;55.4;6.68;3.38;1.92;0.34;1.06;3.66;179.5;153.7;16.4;2.1;7.3;0.5;0.48;0.1;0.13
-4;50;50;0;50;14.84;2.53;7.5;1.21;1.17;0.141;44.8;8.23;4.09;2.47;0.38;1.38;3.65;144.6;125.6;9;2.8;7.3;0.67;0.25;0.11;0.15;1.32;1.37;0.185;55.2;7.38;3.76;2.12;0.36;1.15;3.84;178.6;152.5;16.1;2.3;7.7;0.53;0.58;0.11;0.15
-4;50;50;0;100;14.56;2.63;7.77;1.26;1.23;0.148;45.1;8.23;4.11;2.48;0.42;1.38;3.78;145.4;127.3;7.8;2.8;7.6;0.67;0.3;0.11;0.15;1.51;1.53;0.189;54.9;8.06;4.1;2.37;0.41;1.25;3.99;177.3;150.3;16.5;2.5;8;0.53;0.72;0.11;0.17
-4;50;50;50;0;17.06;2.98;8.5;1.26;1.2;0.136;50.2;8.73;4.36;2.57;0.48;1.53;4.16;146.5;122;13.1;3.1;8.3;0.65;0.27;0.12;0.15;1.7;1.71;0.188;49.8;9.05;4.69;2.61;0.45;1.45;4.34;145.3;118;15.7;2.9;8.7;0.92;0.46;0.13;0.19
-4;50;50;50;50;16.86;3.25;9.37;1.33;1.32;0.145;50;9.05;4.44;2.77;0.47;1.54;4.6;146.5;122.1;12.2;3.1;9.2;0.65;0.39;0.12;0.16;2.02;2.03;0.192;50;10.58;5.58;2.93;0.54;1.71;4.77;146.8;117.9;15.9;3.4;9.5;1.1;0.57;0.16;0.21
-4;50;50;50;100;16.64;3.5;9.99;1.42;1.4;0.15;49.8;9.22;4.6;2.72;0.48;1.51;4.9;146.6;122.7;11.1;3;9.8;0.66;0.47;0.12;0.16;2.38;2.38;0.195;50.2;12.15;6.43;3.39;0.57;1.99;5.09;147.6;117.3;16.1;4;10.2;1.25;0.7;0.18;0.24
-4;50;50;100;0;18.88;3.32;9.86;1.35;1.33;0.138;57.6;9.56;4.74;2.83;0.5;1.62;4.83;148.5;119.1;16.5;3.2;9.7;0.64;0.4;0.12;0.17;2.17;2.1;0.191;42.4;10.97;5.86;3.07;0.5;1.7;5.03;109.4;80.6;15.4;3.4;10.1;1.27;0.46;0.16;0.22
-4;50;50;100;50;18.76;3.72;11.01;1.47;1.43;0.145;56.6;9.81;4.84;2.93;0.48;1.61;5.26;147;117.6;15.6;3.2;10.5;0.62;0.51;0.13;0.17;2.54;2.6;0.195;43.4;13.3;6.9;3.85;0.66;2.11;5.75;112.6;81.6;15.3;4.2;11.5;1.59;0.54;0.19;0.27
-4;50;50;100;100;18.71;4.2;12.15;1.57;1.62;0.157;56.4;10.26;5.17;3.04;0.52;1.75;5.92;148.1;118.1;14.7;3.5;11.8;0.63;0.67;0.15;0.18;3.11;3.12;0.198;43.6;15.75;8.16;4.53;0.77;2.45;6.23;114.2;81.3;15.6;4.9;12.5;1.91;0.67;0.23;0.31
-4;50;100;0;0;15.23;2.75;7.88;1.33;1.33;0.14;44.9;9.46;4.77;2.77;0.5;1.67;3.78;146.1;125;10.2;3.3;7.6;0.78;0.25;0.13;0.17;1.25;1.32;0.189;55.1;6.9;3.53;2.01;0.38;1.08;4.11;179;153.4;15.3;2.2;8.2;0.49;0.58;0.1;0.14
-4;50;100;0;50;14.59;2.89;8.33;1.41;1.4;0.144;45.4;9.67;4.82;2.91;0.49;1.69;4.11;147.2;126.7;8.8;3.4;8.2;0.8;0.3;0.13;0.17;1.53;1.5;0.195;54.6;7.68;4.05;2.2;0.34;1.2;4.22;177.2;151;15.3;2.4;8.4;0.52;0.71;0.11;0.16
-4;50;100;0;100;14.22;2.94;8.4;1.47;1.44;0.15;45.3;9.54;4.78;2.79;0.48;1.63;4.02;146.4;127.2;7.9;3.3;8;0.79;0.37;0.13;0.16;1.67;1.71;0.205;54.8;8.32;4.37;2.36;0.41;1.31;4.39;177.2;150.4;15.4;2.6;8.8;0.54;0.88;0.11;0.18
-4;50;100;50;0;16.88;3.27;9.4;1.39;1.44;0.139;50.4;10.29;5.06;3.14;0.54;1.76;4.58;147.8;122;13.1;3.5;9.2;0.76;0.35;0.14;0.18;1.73;1.81;0.194;49.6;9.27;4.84;2.64;0.43;1.5;4.82;145.5;118;14.9;3;9.6;0.91;0.57;0.14;0.19
-4;50;100;50;50;16.6;3.63;10.03;1.6;1.57;0.148;50.1;10.53;5.27;3.05;0.55;1.87;4.87;147.6;121.8;12.3;3.7;9.7;0.76;0.48;0.14;0.18;2.07;2.14;0.198;49.9;10.81;5.67;3;0.52;1.76;5.16;146.8;118.2;14.8;3.5;10.3;1.09;0.68;0.15;0.23
-4;50;100;50;100;16.31;3.79;10.62;1.68;1.65;0.157;50;10.46;5.38;3.03;0.49;1.82;5.09;147.5;122.7;11;3.6;10.2;0.76;0.57;0.15;0.18;2.56;2.57;0.205;50;12.52;6.62;3.38;0.64;1.97;5.53;147.4;117.3;15.1;3.9;11.1;1.29;0.86;0.18;0.24
-4;50;100;100;0;18.6;3.65;10.54;1.66;1.59;0.142;57.4;11.16;5.54;3.3;0.55;1.9;5.07;148.6;117.9;16.7;3.8;10.1;0.73;0.51;0.15;0.2;2.19;2.19;0.197;42.6;11.12;5.78;3.18;0.54;1.75;5.47;110.1;81.4;14.3;3.5;10.9;1.26;0.54;0.16;0.23
-4;50;100;100;50;18.66;3.93;11.66;1.71;1.7;0.149;57.1;11.35;5.6;3.42;0.57;1.85;5.72;149;118.1;15.8;3.7;11.4;0.72;0.63;0.14;0.2;2.64;2.68;0.199;42.9;13.41;6.95;3.79;0.66;2.08;5.93;111.8;81.3;14.5;4.2;11.9;1.56;0.67;0.18;0.27
-4;50;100;100;100;18.17;4.45;12.8;1.83;1.85;0.16;56.6;11.5;5.85;3.37;0.53;1.95;6.21;148.7;117.9;14.4;3.9;12.4;0.73;0.77;0.15;0.2;3.28;3.29;0.205;43.4;15.99;8.49;4.45;0.74;2.5;6.58;113.7;81.4;14.2;5;13.2;1.91;0.82;0.24;0.32
-4;100;0;0;0;17.68;2.72;7.66;1.15;1.21;0.138;36.3;8.68;4.22;2.65;0.43;1.49;3.66;104.3;84;10;3;7.3;0.75;0.18;0.12;0.15;1.2;1.22;0.17;63.7;7.11;3.67;2;0.35;1.23;4;183.1;152;20.6;2.5;8;0.51;0.45;0.11;0.15
-4;100;0;0;50;17.33;2.83;8.08;1.25;1.23;0.141;36.6;8.65;4.28;2.6;0.46;1.49;3.9;104.8;85.2;8.8;3;7.8;0.74;0.22;0.11;0.16;1.33;1.4;0.174;63.4;8.03;4.11;2.32;0.41;1.33;4.18;181.7;149.7;21;2.7;8.4;0.52;0.59;0.13;0.17
-4;100;0;0;100;16.96;2.99;8.55;1.33;1.3;0.145;36.9;8.9;4.46;2.6;0.45;1.57;4.1;105.3;86.3;7.7;3.1;8.2;0.77;0.25;0.12;0.16;1.54;1.6;0.178;63.1;8.99;4.54;2.65;0.46;1.42;4.44;180.2;147.5;21;2.8;8.9;0.54;0.74;0.13;0.2
-4;100;0;50;0;19.2;3.05;8.96;1.36;1.26;0.137;41.8;9.14;4.53;2.75;0.47;1.52;4.34;106.8;82.3;12.8;3;8.7;0.73;0.24;0.12;0.17;1.67;1.71;0.18;58.2;9.48;4.88;2.7;0.5;1.53;4.63;149;116.5;20.2;3.1;9.3;0.92;0.45;0.14;0.2
-4;100;0;50;50;19.04;3.46;9.81;1.33;1.33;0.142;42;9.33;4.66;2.74;0.5;1.61;4.74;107.9;83.5;11.7;3.2;9.5;0.75;0.29;0.13;0.17;2.05;2.05;0.183;58;11.17;5.79;3.19;0.51;1.84;5.07;149.1;114.8;20.5;3.7;10.1;1.07;0.58;0.17;0.23
-4;100;0;50;100;18.63;3.73;10.66;1.41;1.4;0.146;41.8;9.49;4.73;2.78;0.45;1.63;5.08;107.8;83.6;10.7;3.3;10.2;0.75;0.36;0.13;0.16;2.35;2.41;0.187;58.2;12.85;6.69;3.67;0.63;2.1;5.58;150.2;114.6;20.2;4.2;11.2;1.25;0.7;0.18;0.27
-4;100;0;100;0;21.17;3.38;10.07;1.31;1.3;0.136;49.3;9.56;4.68;2.85;0.49;1.57;4.9;109.9;80.9;16.1;3.1;9.8;0.7;0.31;0.12;0.17;2.14;2.1;0.184;50.7;11.39;5.83;3.32;0.56;1.81;5.17;113.1;79.1;20;3.6;10.3;1.25;0.45;0.17;0.23
-4;100;0;100;50;21.02;3.92;11.22;1.44;1.42;0.142;49;9.99;5.05;2.89;0.54;1.76;5.48;110.6;80.9;15.2;3.5;11;0.7;0.41;0.13;0.18;2.62;2.57;0.188;51;13.66;7.08;3.94;0.7;2.15;5.75;115;79.1;20.1;4.3;11.5;1.53;0.56;0.2;0.28
-4;100;0;100;100;20.94;4.35;12.45;1.54;1.52;0.148;48.6;10.2;5.05;3.08;0.51;1.73;6.04;110.8;81.1;14.2;3.5;12.1;0.71;0.5;0.14;0.17;3.12;3.1;0.191;51.4;16.22;8.44;4.57;0.82;2.62;6.41;117;78.9;20;5.2;12.8;1.85;0.69;0.23;0.33
-4;100;50;0;0;17.45;3.13;8.82;1.5;1.45;0.138;37.3;10.39;5.18;3.16;0.48;1.78;4.35;107.4;85.5;9.6;3.6;8.7;0.93;0.19;0.14;0.19;1.33;1.4;0.179;62.7;7.82;4.06;2.26;0.37;1.35;4.47;180.6;149;20;2.7;8.9;0.5;0.62;0.12;0.16
-4;100;50;0;50;17.05;3.26;9.22;1.56;1.52;0.142;37.6;10.71;5.32;3.19;0.56;1.85;4.45;107.7;86.4;8.7;3.7;8.9;0.97;0.23;0.14;0.18;1.51;1.55;0.183;62.4;8.45;4.38;2.39;0.39;1.41;4.77;179.2;147.1;19.7;2.8;9.5;0.51;0.74;0.13;0.17
-4;100;50;0;100;16.87;3.36;9.57;1.69;1.59;0.147;37.8;10.77;5.41;3.19;0.53;1.87;4.7;108.2;87.3;7.8;3.7;9.4;0.96;0.3;0.14;0.19;1.79;1.75;0.188;62.2;9.32;4.87;2.67;0.46;1.49;4.87;178.2;145.4;20.1;3;9.7;0.52;0.91;0.14;0.18
-4;100;50;50;0;19.01;3.55;10.13;1.55;1.53;0.137;42.5;11.11;5.48;3.41;0.58;1.95;4.86;109.6;83.2;12.7;3.9;9.7;0.92;0.27;0.15;0.2;1.83;1.83;0.186;57.5;9.86;5.13;2.79;0.44;1.6;5.27;148.1;115.2;19.1;3.2;10.5;0.9;0.58;0.15;0.2
-4;100;50;50;50;18.87;3.79;10.99;1.65;1.63;0.144;42.5;11.24;5.58;3.44;0.6;1.92;5.22;110;84;11.7;3.8;10.4;0.92;0.36;0.15;0.2;2.23;2.23;0.189;57.5;11.73;6.19;3.27;0.58;1.86;5.77;148.7;114;19.4;3.7;11.5;1.06;0.74;0.18;0.25
-4;100;50;50;100;18.88;3.96;11.78;1.69;1.7;0.149;42.5;11.36;5.63;3.43;0.6;1.88;5.75;110.5;84.4;10.8;3.8;11.5;0.91;0.44;0.15;0.2;2.51;2.56;0.194;57.5;13.22;6.87;3.73;0.7;2.08;6.04;149.4;113.4;19.8;4.2;12.1;1.23;0.87;0.19;0.27
-4;100;50;100;0;21;3.94;11.19;1.64;1.63;0.139;49.7;11.67;5.75;3.52;0.61;2.02;5.32;112.1;81.2;16.2;4;10.6;0.88;0.39;0.16;0.21;2.19;2.24;0.188;50.3;11.85;6.21;3.33;0.57;1.92;5.87;113.3;78.8;18.9;3.8;11.7;1.23;0.59;0.17;0.25
-4;100;50;100;50;20.81;4.27;12.7;1.81;1.8;0.145;49.6;12.36;6.14;3.68;0.68;2.08;6.17;113.1;81.3;15.3;4.2;12.3;0.9;0.51;0.16;0.22;2.68;2.7;0.193;50.4;14.03;7.31;4.03;0.65;2.19;6.53;115.1;78.7;19;4.4;13.1;1.51;0.71;0.2;0.29
-4;100;50;100;100;20.65;4.79;13.52;2;1.92;0.154;49.1;12.41;6.27;3.61;0.64;2.11;6.55;112.9;81.3;14.3;4.2;13.1;0.89;0.64;0.17;0.22;3.23;3.25;0.196;50.9;16.52;8.79;4.58;0.78;2.68;6.97;116.9;78.7;18.9;5.4;13.9;1.83;0.84;0.24;0.34
-4;100;100;0;0;17.25;3.55;10.11;1.78;1.8;0.14;38;12.74;6.32;3.87;0.66;2.19;4.89;109.9;86.3;9.4;4.4;9.8;1.16;0.24;0.18;0.22;1.49;1.54;0.189;62;8.14;4.28;2.28;0.37;1.36;5.22;179.4;147.4;18.8;2.7;10.4;0.5;0.75;0.13;0.16
-4;100;100;0;50;17.15;3.66;10.32;1.93;1.85;0.143;38.3;12.81;6.38;3.77;0.72;2.21;5.04;110.5;87.3;8.7;4.4;10.1;1.16;0.29;0.17;0.22;1.75;1.8;0.2;61.7;9.01;4.68;2.59;0.41;1.45;5.28;178.2;145.5;19.3;2.9;10.6;0.49;0.98;0.15;0.19
-4;100;100;0;100;16.48;3.64;10.59;1.98;1.93;0.148;38.5;13.02;6.45;3.87;0.69;2.17;5.14;110.2;88.1;7.5;4.3;10.3;1.19;0.35;0.16;0.24;1.92;1.96;0.205;61.5;9.53;5;2.69;0.46;1.46;5.45;176.6;143.8;19;2.9;10.9;0.5;1.12;0.14;0.19
-4;100;100;50;0;19.16;3.96;11.39;1.86;1.88;0.14;43.3;13.4;6.58;4;0.66;2.26;5.52;112.5;84;12.9;4.5;11;1.13;0.34;0.17;0.25;2.06;2;0.192;56.7;10.39;5.58;2.87;0.51;1.7;5.87;147.4;113.9;18.4;3.4;11.7;0.89;0.75;0.16;0.21
-4;100;100;50;50;18.72;4.1;12.12;1.99;1.97;0.145;43;13.49;6.66;4.12;0.66;2.21;5.76;112;84.4;11.6;4.4;11.5;1.13;0.44;0.16;0.24;2.42;2.4;0.201;57;11.93;6.32;3.28;0.55;1.88;6.36;148.3;113.4;18.4;3.8;12.7;1.07;0.92;0.17;0.24
-4;100;100;50;100;18.56;4.45;12.74;2.15;2.11;0.153;43.2;13.74;6.88;4.01;0.71;2.3;6.22;112.9;85.1;10.7;4.6;12.4;1.13;0.56;0.18;0.24;2.75;2.79;0.205;56.8;13.55;7.21;3.78;0.64;2.15;6.52;148.5;112.4;18.8;4.3;13;1.2;1.1;0.21;0.27
-4;100;100;100;0;20.9;4.21;12.34;2.03;1.96;0.142;50.4;13.78;6.91;4.04;0.73;2.3;5.97;114.6;82;16.1;4.6;11.9;1.07;0.47;0.18;0.25;2.43;2.36;0.194;49.6;12.1;6.46;3.43;0.52;1.91;6.37;112.9;78;18.3;3.8;12.7;1.21;0.73;0.17;0.25
-4;100;100;100;50;20.8;4.66;13.71;2.15;2.1;0.147;49.8;14.26;7.05;4.29;0.71;2.39;6.5;114.5;81.8;14.9;4.8;13;1.08;0.6;0.17;0.25;2.95;2.95;0.202;50.2;14.58;7.67;4.24;0.63;2.27;7.21;115.3;78.2;18.2;4.5;14.4;1.5;0.93;0.21;0.3
-4;100;100;100;100;20.56;5.12;14.66;2.28;2.28;0.156;49.7;14.57;7.26;4.33;0.78;2.47;7.07;115.2;81.8;14.3;4.9;14.1;1.08;0.75;0.19;0.26;3.5;3.46;0.205;50.3;16.84;8.99;4.61;0.83;2.65;7.59;116.5;78.2;17.9;5.3;15.2;1.81;1.06;0.25;0.34
-3;0;0;0;0;13.63;1.78;5.07;0.68;0.7;0.14;50;4.9;2.39;1.53;0.23;0.82;2.5;179.1;161.5;10.9;1.6;5;0.33;0.22;0.06;0.09;0.93;0.95;0.166;50;5.62;2.85;1.62;0.29;0.96;2.57;178.8;158.5;13.3;1.9;5.1;0.48;0.27;0.09;0.12
-3;0;0;0;50;13;1.82;5.33;0.77;0.78;0.149;50;5.13;2.58;1.56;0.24;0.88;2.66;178.7;161.9;9.7;1.8;5.3;0.35;0.26;0.07;0.09;1.01;1;0.166;50;5.95;3.04;1.72;0.29;0.94;2.66;178.5;158.1;13.1;1.9;5.3;0.51;0.29;0.09;0.12
-3;0;0;0;100;12.65;1.97;5.54;0.73;0.79;0.152;50;5.11;2.57;1.49;0.26;0.88;2.69;178.4;162.7;8.6;1.8;5.4;0.35;0.29;0.07;0.09;1.17;1.13;0.17;50;6.56;3.41;1.82;0.35;1.09;2.85;178.5;157.3;13.3;2.2;5.7;0.53;0.36;0.1;0.13
-3;0;0;50;0;15.39;2.29;6.62;0.73;0.79;0.14;55.6;5.54;2.71;1.67;0.28;0.98;3.2;180.2;157.9;13.9;2;6.4;0.33;0.29;0.08;0.1;1.42;1.45;0.177;44.4;8.15;4.19;2.33;0.41;1.31;3.42;144;121.6;13;2.6;6.8;0.9;0.27;0.11;0.17
-3;0;0;50;50;15.13;2.46;7.14;0.89;0.86;0.149;55.5;5.73;2.87;1.7;0.28;0.96;3.52;180.3;158.2;13.1;1.9;7;0.34;0.35;0.08;0.1;1.68;1.69;0.179;44.5;9.39;4.86;2.69;0.48;1.5;3.62;144.4;121.3;12.9;3;7.2;1.06;0.28;0.14;0.2
-3;0;0;50;100;14.86;2.77;8.01;0.9;0.92;0.154;54.9;5.91;2.98;1.72;0.31;1.01;3.91;179;157;12.1;2;7.8;0.33;0.41;0.08;0.1;1.99;2;0.182;45.1;10.96;5.66;3.13;0.55;1.75;4.1;146.9;122.3;12.9;3.5;8.2;1.27;0.35;0.16;0.22
-3;0;0;100;0;17.16;2.63;7.76;0.86;0.86;0.14;62.9;6.05;2.99;1.83;0.32;1.04;3.76;181.2;154.4;17.1;2.1;7.5;0.32;0.35;0.08;0.11;1.85;1.84;0.182;37.1;10.09;5.2;2.96;0.48;1.59;4;106.5;82.8;12.6;3.2;8;1.23;0.25;0.15;0.2
-3;0;0;100;50;17.22;3.08;8.77;0.98;1.01;0.15;62.3;6.68;3.29;2;0.34;1.12;4.24;180.3;153;16.6;2.2;8.5;0.33;0.47;0.09;0.12;2.22;2.19;0.183;37.7;11.89;6.21;3.38;0.59;1.96;4.53;109.1;83.5;12.7;3.9;9.1;1.49;0.27;0.18;0.24
-3;0;0;100;100;17.05;3.42;10.03;1.12;1.08;0.156;61.9;6.9;3.49;2.08;0.33;1.13;5.01;180.4;152.5;15.6;2.3;10;0.31;0.55;0.1;0.13;2.68;2.68;0.186;38.1;14.41;7.49;4.14;0.7;2.29;5.02;111.1;83.7;12.8;4.6;10;1.82;0.35;0.22;0.29
-3;0;50;0;0;13.15;1.87;5.39;0.74;0.75;0.141;50.2;5.21;2.6;1.58;0.26;0.91;2.64;179.4;161.8;10.6;1.8;5.3;0.36;0.23;0.07;0.1;1.02;1.07;0.178;49.8;5.95;2.96;1.75;0.3;0.96;2.75;178.1;158.2;12.4;1.9;5.5;0.49;0.37;0.09;0.13
-3;0;50;0;50;12.75;1.97;5.48;0.77;0.8;0.148;50;5.28;2.6;1.57;0.29;0.94;2.67;178.6;161.7;9.7;1.9;5.3;0.35;0.28;0.07;0.09;1.08;1.1;0.178;50;6.13;3.17;1.75;0.28;1.03;2.81;178.4;158.3;12.5;2.1;5.6;0.51;0.39;0.08;0.12
-3;0;50;0;100;12.27;2.04;5.81;0.93;0.89;0.157;50.1;5.58;2.83;1.62;0.29;0.96;2.79;178.7;162.5;8.7;1.9;5.6;0.36;0.35;0.08;0.1;1.29;1.26;0.183;49.9;6.85;3.56;1.95;0.34;1.08;3.02;178.1;157.5;12.3;2.2;6;0.53;0.48;0.1;0.14
-3;0;50;50;0;15.26;2.35;6.87;0.83;0.85;0.139;55.8;5.98;2.91;1.77;0.34;1.03;3.4;180.9;157.9;14.1;2.1;6.8;0.35;0.32;0.07;0.11;1.4;1.53;0.185;44.2;8.23;4.17;2.42;0.43;1.31;3.47;143.3;121.6;12.2;2.6;6.9;0.88;0.36;0.12;0.17
-3;0;50;50;50;14.62;2.5;7.43;0.95;0.92;0.148;55.4;6.08;3.03;1.81;0.33;1.01;3.69;179.3;157;12.9;2;7.4;0.33;0.4;0.08;0.11;1.69;1.76;0.186;44.7;9.43;4.85;2.75;0.46;1.49;3.75;144.6;122.3;11.9;3;7.5;1.06;0.37;0.13;0.2
-3;0;50;50;100;14.46;2.88;8.15;1.11;1.04;0.159;54.9;6.49;3.27;1.88;0.32;1.06;3.98;178.6;156.3;12.2;2.1;8;0.34;0.5;0.08;0.11;2.1;2.1;0.189;45.1;11.09;5.79;3.11;0.52;1.81;4.17;146.6;122.8;11.9;3.6;8.3;1.26;0.46;0.17;0.22
-3;0;50;100;0;17.04;2.9;8.14;0.99;1.02;0.145;63;6.97;3.44;2.07;0.37;1.21;3.96;181.5;153.7;17.5;2.4;7.9;0.34;0.46;0.09;0.13;1.85;1.93;0.188;37;10.27;5.32;2.91;0.47;1.69;4.18;106.6;83.1;11.7;3.4;8.4;1.21;0.35;0.16;0.21
-3;0;50;100;50;16.81;3.21;9.25;1.09;1.11;0.15;62.2;7.34;3.68;2.17;0.39;1.23;4.51;179.7;151.4;16.8;2.5;9;0.32;0.55;0.1;0.14;2.27;2.31;0.189;37.8;12.23;6.37;3.46;0.6;1.98;4.74;109.1;84.3;11.4;4;9.5;1.51;0.37;0.17;0.26
-3;0;50;100;100;16.5;3.68;10.33;1.29;1.27;0.166;61.7;7.59;3.92;2.15;0.36;1.31;5.08;179.3;151;15.5;2.6;10.2;0.33;0.7;0.11;0.13;2.69;2.77;0.191;38.3;14.52;7.6;4.15;0.66;2.37;5.25;111.2;84.5;11.4;4.7;10.5;1.84;0.45;0.2;0.28
-3;0;100;0;0;12.61;1.92;5.56;0.86;0.85;0.145;50.1;5.74;2.9;1.66;0.29;0.99;2.73;178.8;160.5;10.9;2;5.5;0.37;0.3;0.08;0.1;1.05;1.11;0.187;49.9;5.87;3.02;1.69;0.29;0.93;2.83;178.1;159.5;11.1;1.9;5.7;0.5;0.41;0.08;0.11
-3;0;100;0;50;12.37;1.95;5.9;0.83;0.88;0.149;50.1;5.85;2.84;1.82;0.33;0.97;2.94;179;161.2;9.9;1.9;5.9;0.36;0.33;0.08;0.11;1.2;1.23;0.191;49.9;6.38;3.28;1.84;0.32;0.98;2.96;177.9;158.8;11.3;2;5.9;0.52;0.49;0.09;0.12
-3;0;100;0;100;11.8;2.02;5.94;0.94;0.93;0.16;50.2;5.75;2.84;1.7;0.28;0.91;2.89;178.6;162.5;8.5;1.8;5.8;0.37;0.4;0.07;0.1;1.33;1.37;0.195;49.8;6.95;3.6;1.96;0.33;1.11;3.05;177.3;157.5;11.4;2.2;6.1;0.54;0.59;0.1;0.14
-3;0;100;50;0;14.55;2.36;7.17;0.96;0.97;0.145;55.7;6.66;3.27;2.01;0.39;1.08;3.55;179.8;156.3;14.2;2.2;7.1;0.36;0.41;0.09;0.12;1.55;1.58;0.191;44.3;8.26;4.25;2.4;0.38;1.28;3.62;143.2;122.8;10.6;2.6;7.2;0.91;0.39;0.12;0.16
-3;0;100;50;50;14.3;2.7;7.77;1.05;1.08;0.155;55.3;6.89;3.44;2.03;0.36;1.17;3.81;179.3;156.1;13.2;2.3;7.6;0.36;0.5;0.09;0.13;1.86;1.86;0.193;44.7;9.6;5.02;2.73;0.48;1.53;3.95;144.7;122.9;10.8;3.1;7.9;1.06;0.48;0.14;0.19
-3;0;100;50;100;14.09;2.95;8.54;1.18;1.19;0.169;55.1;6.96;3.54;2.03;0.32;1.15;4.17;179.2;156.4;12.2;2.3;8.3;0.35;0.63;0.09;0.12;2.13;2.21;0.197;44.9;11.22;5.92;3.17;0.56;1.8;4.37;145.9;122.7;10.9;3.6;8.7;1.24;0.57;0.16;0.24
-3;0;100;100;0;16.58;2.82;8.37;1.07;1.13;0.15;62.9;7.47;3.68;2.22;0.42;1.2;4.09;180.5;152.4;17.5;2.4;8.2;0.34;0.56;0.1;0.13;1.95;1.96;0.192;37.1;10.2;5.33;2.89;0.48;1.62;4.29;106.2;83.8;10.6;3.2;8.6;1.21;0.4;0.15;0.2
-3;0;100;100;50;16.76;3.44;9.79;1.26;1.29;0.156;62.1;8.21;4.21;2.34;0.42;1.44;4.76;179.8;150.5;16.9;2.9;9.5;0.35;0.69;0.11;0.14;2.35;2.43;0.194;37.9;12.46;6.4;3.63;0.62;2;5.03;109.5;84.8;10.7;4;10.1;1.51;0.48;0.18;0.25
-3;0;100;100;100;16.1;3.63;10.83;1.44;1.43;0.173;61.5;8.2;4.19;2.41;0.4;1.33;5.32;177.9;148.9;15.6;2.7;10.6;0.33;0.84;0.11;0.14;2.92;2.94;0.197;38.5;14.94;7.86;4.25;0.75;2.3;5.51;111.4;85.5;10.2;4.6;11;1.89;0.54;0.21;0.3
-3;50;0;0;0;15.37;2.25;6.47;1;1.05;0.145;44.3;7.18;3.52;2.18;0.38;1.2;3.17;142.9;123.8;10.4;2.4;6.3;0.62;0.21;0.09;0.13;1.07;1.03;0.164;55.7;6.25;3.19;1.78;0.33;1.05;3.3;180.1;154.9;16.5;2.1;6.6;0.47;0.34;0.09;0.13
-3;50;0;0;50;15.13;2.47;6.88;1.07;1.13;0.151;44;7.43;3.71;2.21;0.34;1.28;3.32;142.3;123.7;9.4;2.6;6.6;0.62;0.26;0.11;0.14;1.13;1.14;0.163;56;6.9;3.54;1.95;0.38;1.19;3.56;181.1;155;16.6;2.4;7.1;0.51;0.38;0.1;0.14
-3;50;0;0;100;14.74;2.45;7.05;1.06;1.1;0.152;44.4;7.2;3.55;2.13;0.41;1.23;3.42;143.1;125.5;8.3;2.5;6.8;0.61;0.27;0.09;0.13;1.32;1.26;0.166;55.6;7.5;3.86;2.17;0.34;1.22;3.63;179.2;152.6;16.9;2.4;7.3;0.5;0.48;0.12;0.15
-3;50;0;50;0;17.47;2.73;7.92;1.11;1.13;0.144;49.8;7.76;3.81;2.29;0.39;1.32;3.91;145.1;120.8;13.9;2.6;7.8;0.6;0.28;0.1;0.15;1.47;1.5;0.174;50.2;8.6;4.42;2.45;0.42;1.41;4.01;146.3;119.2;16.3;2.8;8;0.87;0.33;0.12;0.18
-3;50;0;50;50;17.13;2.93;8.65;1.14;1.18;0.15;49.4;7.8;3.83;2.37;0.39;1.33;4.18;144.5;120.7;12.8;2.7;8.4;0.58;0.36;0.1;0.14;1.77;1.79;0.175;50.6;10.17;5.16;2.96;0.5;1.6;4.46;147.7;119.3;16.3;3.2;8.9;1.06;0.37;0.14;0.22
-3;50;0;50;100;17.02;3.23;9.49;1.22;1.23;0.153;49.2;8;3.95;2.4;0.44;1.32;4.62;144.6;121.1;11.6;2.6;9.2;0.58;0.4;0.1;0.15;2.07;2.09;0.178;50.8;11.74;6.02;3.33;0.58;1.91;4.88;149.1;118.9;16.6;3.8;9.8;1.22;0.47;0.17;0.23
-3;50;0;100;0;19.09;3.08;8.95;1.18;1.19;0.142;57.4;8.29;4.1;2.51;0.39;1.42;4.38;147.1;118.6;16.9;2.8;8.8;0.58;0.36;0.11;0.14;1.91;1.85;0.179;42.6;10.37;5.33;3.03;0.5;1.65;4.58;109.3;80.9;15.9;3.3;9.2;1.17;0.32;0.15;0.21
-3;50;0;100;50;19.11;3.57;10.31;1.35;1.32;0.15;56.7;8.72;4.34;2.56;0.47;1.45;5.12;146.9;117.6;16.2;2.9;10.2;0.58;0.47;0.11;0.16;2.3;2.34;0.18;43.3;12.97;6.76;3.71;0.65;2.12;5.19;112.1;81.6;15.9;4.2;10.4;1.5;0.37;0.2;0.27
-3;50;0;100;100;18.92;3.94;11.41;1.41;1.39;0.154;56.1;8.94;4.5;2.6;0.48;1.5;5.56;146.3;117;15.1;3;11.1;0.57;0.55;0.12;0.16;2.73;2.78;0.183;43.9;15.17;7.76;4.36;0.78;2.44;5.86;114.4;82;15.9;4.9;11.7;1.8;0.45;0.22;0.31
-3;50;50;0;0;15.16;2.45;7.14;1.18;1.19;0.145;44.6;8.14;4.09;2.4;0.41;1.43;3.42;144.4;124.4;10.3;2.9;6.8;0.73;0.22;0.11;0.14;1.21;1.2;0.177;55.4;6.71;3.44;1.93;0.34;1.02;3.72;179.3;154.1;15.7;2;7.4;0.49;0.47;0.09;0.14
-3;50;50;0;50;14.91;2.63;7.54;1.25;1.27;0.149;44.8;8.41;4.21;2.51;0.41;1.47;3.64;145;125.5;9.3;2.9;7.3;0.74;0.27;0.11;0.14;1.28;1.32;0.181;55.2;7.23;3.7;2.08;0.35;1.17;3.9;178.7;152.6;16;2.3;7.8;0.49;0.57;0.1;0.15
-3;50;50;0;100;14.51;2.64;7.67;1.34;1.31;0.155;45;8.43;4.25;2.49;0.39;1.36;3.79;145.2;126.6;8.4;2.7;7.6;0.73;0.32;0.11;0.15;1.42;1.47;0.186;55;7.83;4;2.24;0.4;1.28;3.87;177.7;151.2;16.1;2.6;7.7;0.49;0.69;0.13;0.15
-3;50;50;50;0;17.06;2.95;8.67;1.24;1.3;0.144;50.1;8.96;4.46;2.68;0.45;1.54;4.22;146.5;121.5;13.5;3.1;8.4;0.71;0.31;0.12;0.16;1.61;1.67;0.183;49.9;9.06;4.65;2.57;0.46;1.41;4.45;145.7;118.5;15.4;2.8;8.9;0.89;0.45;0.13;0.19
-3;50;50;50;50;16.86;3.23;9.33;1.36;1.37;0.15;50;9.06;4.53;2.7;0.46;1.55;4.57;146.7;122;12.4;3.1;9.1;0.71;0.38;0.12;0.15;1.9;1.98;0.187;50;10.57;5.39;3.07;0.47;1.68;4.76;146.4;118;15.6;3.4;9.5;1.05;0.56;0.16;0.21
-3;50;50;50;100;16.54;3.6;10.12;1.52;1.49;0.157;49.8;9.45;4.83;2.71;0.46;1.62;5;146.6;121.8;11.5;3.2;10;0.72;0.47;0.13;0.17;2.23;2.31;0.19;50.2;12.14;6.29;3.49;0.56;1.98;5.12;147.7;118.2;15.3;4;10.2;1.23;0.66;0.17;0.24
-3;50;50;100;0;18.69;3.37;9.84;1.46;1.45;0.147;57.3;9.79;4.88;2.94;0.52;1.69;4.68;147.3;117.6;17;3.4;9.4;0.69;0.44;0.13;0.18;1.96;2;0.186;42.7;10.72;5.53;3.07;0.54;1.68;5.17;109.8;81.6;14.5;3.4;10.3;1.19;0.42;0.15;0.23
-3;50;50;100;50;18.89;3.87;10.92;1.61;1.54;0.15;56.8;10.19;5.17;2.96;0.51;1.72;5.28;147.7;117.5;16.2;3.4;10.6;0.69;0.53;0.14;0.18;2.35;2.46;0.189;43.2;12.98;6.66;3.75;0.65;2.14;5.64;112.2;81.7;14.9;4.3;11.3;1.46;0.54;0.2;0.26
-3;50;50;100;100;18.55;4.22;12.2;1.73;1.71;0.162;56.4;10.52;5.36;3.04;0.52;1.77;5.95;147.7;116.9;15.3;3.5;11.9;0.69;0.7;0.13;0.18;3.01;2.95;0.192;43.6;15.37;8.14;4.35;0.72;2.45;6.25;114;82.1;14.5;4.9;12.5;1.8;0.63;0.22;0.3
-3;50;100;0;0;14.91;2.83;7.93;1.35;1.43;0.148;45;9.62;4.74;2.91;0.49;1.68;3.86;146.2;124.9;10.2;3.4;7.7;0.85;0.28;0.13;0.17;1.23;1.28;0.186;55;6.82;3.53;1.95;0.33;1.15;4.07;178.7;153.5;14.8;2.3;8.1;0.47;0.57;0.1;0.14
-3;50;100;0;50;14.64;2.81;8.2;1.38;1.45;0.15;45.1;9.6;4.72;2.91;0.46;1.6;3.97;146.1;125.8;9.2;3.2;7.9;0.85;0.31;0.12;0.17;1.41;1.44;0.191;54.9;7.51;3.92;2.13;0.35;1.21;4.23;178.2;152.3;15;2.4;8.5;0.49;0.68;0.11;0.15
-3;50;100;0;100;14.19;2.92;8.53;1.58;1.57;0.157;45.2;9.96;4.93;3;0.5;1.65;4.11;146.3;126.4;8.4;3.3;8.2;0.88;0.39;0.13;0.17;1.59;1.62;0.201;54.8;8;4.23;2.26;0.37;1.28;4.42;177.7;151.4;14.9;2.6;8.8;0.51;0.83;0.11;0.16
-3;50;100;50;0;16.84;3.26;9.37;1.54;1.57;0.148;50.4;10.57;5.27;3.17;0.54;1.8;4.61;147.7;121;13.9;3.6;9.2;0.84;0.4;0.14;0.19;1.73;1.71;0.189;49.6;9.03;4.75;2.55;0.44;1.47;4.76;145.5;119;14;2.9;9.5;0.86;0.54;0.13;0.18
-3;50;100;50;50;16.6;3.57;10.15;1.66;1.67;0.154;50.2;10.79;5.4;3.19;0.56;1.88;4.89;147.8;121.5;12.7;3.8;9.8;0.83;0.49;0.16;0.19;2.13;2.11;0.193;49.8;10.87;5.73;3.05;0.54;1.69;5.26;146.8;118.5;14.4;3.4;10.5;1.04;0.67;0.17;0.23
-3;50;100;50;100;16.22;3.87;10.89;1.72;1.79;0.162;50;10.96;5.54;3.22;0.56;1.87;5.23;147.6;121.7;11.7;3.7;10.5;0.85;0.61;0.15;0.18;2.43;2.44;0.2;50;12.21;6.5;3.35;0.6;2;5.65;147.8;118.3;14.2;4;11.3;1.22;0.81;0.18;0.24
-3;50;100;100;0;18.9;3.75;10.75;1.68;1.73;0.151;57.5;11.41;5.75;3.44;0.56;2;5.23;149.2;117.7;17.1;4;10.5;0.8;0.57;0.16;0.2;2.03;2.11;0.19;42.5;11.04;5.67;3.25;0.51;1.75;5.52;110.3;81.6;14.2;3.5;11;1.19;0.54;0.15;0.23
-3;50;100;100;50;18.63;4.1;11.8;1.79;1.81;0.154;57;11.71;5.79;3.52;0.62;1.96;5.68;148.9;117.3;16.3;3.9;11.4;0.8;0.65;0.15;0.21;2.61;2.6;0.194;43;13.37;7.05;3.75;0.64;2.14;6.12;112.3;81.8;14;4.3;12.2;1.48;0.65;0.2;0.27
-3;50;100;100;100;18.47;4.45;12.81;1.98;1.99;0.166;56.4;11.95;6.08;3.5;0.57;1.96;6.15;148.1;116.4;15.5;3.9;12.3;0.8;0.81;0.16;0.22;3.06;3.11;0.199;43.6;15.58;8.27;4.31;0.78;2.5;6.66;114.5;82.4;13.8;5;13.3;1.79;0.77;0.23;0.32
-3;100;0;0;0;17.59;2.69;7.66;1.34;1.29;0.147;36.5;8.75;4.36;2.66;0.43;1.47;3.79;104.8;84.1;10.2;2.9;7.6;0.8;0.21;0.12;0.16;1.18;1.16;0.161;63.5;7.14;3.66;2.06;0.38;1.22;3.87;182.4;151.9;20.3;2.4;7.7;0.47;0.42;0.11;0.15
-3;100;0;0;50;17.17;2.81;8.03;1.25;1.33;0.15;36.6;8.77;4.36;2.63;0.42;1.53;3.91;104.9;85;9;3.1;7.8;0.8;0.25;0.12;0.15;1.33;1.3;0.164;63.4;7.87;4.04;2.28;0.38;1.28;4.13;181.5;150;20.7;2.6;8.3;0.47;0.54;0.12;0.17
-3;100;0;0;100;16.95;2.96;8.71;1.34;1.39;0.152;36.9;9.06;4.53;2.71;0.47;1.5;4.26;105.6;85.9;8.1;3;8.5;0.83;0.28;0.12;0.16;1.44;1.53;0.174;63.1;8.75;4.42;2.62;0.44;1.47;4.45;180.6;148.1;20.7;2.9;8.9;0.51;0.72;0.12;0.19
-3;100;0;50;0;19.32;3.19;9.04;1.36;1.37;0.145;41.9;9.38;4.64;2.82;0.46;1.62;4.4;107.6;82.1;13.5;3.2;8.8;0.8;0.28;0.12;0.17;1.57;1.6;0.171;58.1;9.31;4.8;2.7;0.45;1.57;4.64;149;116.9;19.6;3.1;9.3;0.87;0.4;0.14;0.2
-3;100;0;50;50;19.03;3.34;9.72;1.42;1.41;0.15;41.8;9.35;4.63;2.73;0.48;1.52;4.71;107.3;82.6;12.3;3;9.4;0.79;0.34;0.12;0.17;1.9;1.92;0.175;58.2;10.93;5.64;3.12;0.54;1.82;5.01;149.7;116.1;19.9;3.6;10;1.01;0.52;0.16;0.22
-3;100;0;50;100;18.92;3.62;10.56;1.41;1.49;0.153;41.9;9.67;4.75;2.92;0.46;1.61;5.19;108.2;83.1;11.5;3.2;10.4;0.8;0.39;0.13;0.17;2.23;2.28;0.182;58.1;12.52;6.43;3.59;0.57;2;5.37;150;115.4;19.9;4;10.7;1.17;0.68;0.17;0.25
-3;100;0;100;0;21.34;3.51;10.24;1.37;1.42;0.144;49.6;9.8;4.87;2.96;0.55;1.72;5;111;80.8;16.8;3.4;10;0.77;0.34;0.12;0.18;1.82;1.95;0.175;50.4;11.09;5.57;3.32;0.53;1.79;5.24;112.9;79.2;19.6;3.6;10.5;1.15;0.41;0.15;0.24
-3;100;0;100;50;20.9;3.77;11.22;1.54;1.54;0.15;49.2;10.19;5.08;3.04;0.52;1.69;5.48;110.6;80.6;15.7;3.4;11;0.77;0.45;0.14;0.18;2.38;2.39;0.179;50.8;13.31;6.83;3.81;0.69;2.08;5.74;114.4;79.4;19.4;4.2;11.5;1.42;0.5;0.19;0.27
-3;100;0;100;100;20.86;4.45;12.74;1.57;1.64;0.154;48.7;10.64;5.24;3.18;0.51;1.79;6.22;111.3;80.4;14.9;3.6;12.4;0.78;0.53;0.14;0.19;2.92;2.98;0.185;51.3;16.07;8.48;4.55;0.77;2.66;6.52;117.2;79.6;19.2;5.3;13;1.73;0.69;0.24;0.32
-3;100;50;0;0;17.32;3.1;8.84;1.59;1.59;0.147;37.3;10.77;5.38;3.22;0.55;1.86;4.28;107.4;85;10.1;3.7;8.6;1.02;0.23;0.15;0.2;1.37;1.35;0.175;62.7;7.63;3.95;2.18;0.36;1.23;4.56;180.8;149.9;19.3;2.5;9.1;0.47;0.6;0.12;0.16
-3;100;50;0;50;16.96;3.2;9.17;1.61;1.63;0.151;37.4;10.79;5.38;3.26;0.52;1.84;4.47;107.5;85.8;9.1;3.7;8.9;1.02;0.27;0.15;0.19;1.45;1.49;0.18;62.6;8.27;4.26;2.35;0.4;1.35;4.7;179.9;148.4;19.4;2.7;9.4;0.48;0.72;0.12;0.17
-3;100;50;0;100;16.83;3.27;9.58;1.68;1.69;0.154;37.7;10.89;5.44;3.23;0.57;1.84;4.67;108;86.9;8.1;3.7;9.3;1.03;0.31;0.14;0.2;1.67;1.69;0.185;62.3;9.12;4.68;2.63;0.47;1.44;4.92;178.8;146.3;19.8;2.9;9.8;0.48;0.89;0.13;0.19
-3;100;50;50;0;19.11;3.52;10.35;1.62;1.67;0.146;42.7;11.43;5.61;3.46;0.59;1.92;5;110.2;83.2;13.2;3.8;10;1.01;0.31;0.14;0.21;1.74;1.81;0.181;57.3;9.96;5.14;2.86;0.48;1.61;5.35;148.1;115.3;18.9;3.2;10.7;0.86;0.58;0.15;0.21
-3;100;50;50;50;18.82;3.89;11.02;1.73;1.76;0.151;42.5;11.62;5.8;3.46;0.6;2.03;5.36;110.1;83.2;12.2;4.1;10.7;1;0.39;0.16;0.2;2.05;2.1;0.185;57.5;11.36;5.87;3.3;0.52;1.86;5.66;149.1;115.3;18.8;3.7;11.3;1.01;0.7;0.16;0.24
-3;100;50;50;100;18.63;4.06;11.74;1.81;1.82;0.155;42.6;11.63;5.81;3.46;0.59;1.95;5.75;110.6;84.1;11.1;3.9;11.5;1;0.45;0.16;0.21;2.46;2.49;0.189;57.4;13.18;6.85;3.78;0.63;2.11;5.99;149.3;113.9;19.3;4.2;12;1.17;0.87;0.2;0.25
-3;100;50;100;0;20.92;3.81;11.28;1.73;1.78;0.148;50;12.01;5.93;3.57;0.61;2.01;5.48;112.5;80.9;16.6;4;11;0.97;0.44;0.16;0.21;2.09;2.11;0.183;50;11.51;5.91;3.28;0.58;1.79;5.8;112.7;79.1;18.4;3.6;11.6;1.16;0.57;0.16;0.23
-3;100;50;100;50;20.82;4.41;12.38;1.89;1.86;0.15;49.5;12.32;6.17;3.58;0.64;2.09;5.99;112.9;81;15.7;4.2;12;0.98;0.5;0.16;0.22;2.54;2.61;0.187;50.5;13.9;7.26;3.98;0.65;2.32;6.38;114.9;79;18.5;4.6;12.8;1.43;0.69;0.21;0.28
-3;100;50;100;100;20.56;4.74;13.64;2.1;2.02;0.159;49.3;12.64;6.44;3.67;0.62;2.08;6.68;113.2;81;14.7;4.2;13.4;0.98;0.66;0.15;0.22;3.08;3.12;0.191;50.7;16.33;8.62;4.55;0.78;2.66;6.96;116.5;79;18.3;5.3;13.9;1.72;0.82;0.25;0.33
-3;100;100;0;0;17.48;3.53;10.01;1.87;1.92;0.149;38;12.86;6.41;3.81;0.64;2.24;4.86;110.1;85.7;10.2;4.5;9.7;1.24;0.28;0.17;0.23;1.48;1.5;0.185;62;8.04;4.24;2.28;0.41;1.29;5.14;179.9;148.6;18.5;2.6;10.3;0.47;0.74;0.12;0.17
-3;100;100;0;50;17.11;3.66;10.36;1.96;1.97;0.15;38.4;13.03;6.56;3.83;0.64;2.26;5.11;110.9;87.1;9.1;4.5;10.2;1.26;0.3;0.17;0.24;1.71;1.75;0.196;61.6;8.88;4.64;2.42;0.46;1.4;5.24;178;145.8;18.9;2.8;10.5;0.47;0.97;0.13;0.18
-3;100;100;0;100;16.81;3.82;10.72;2.04;2.05;0.155;38.5;13.15;6.64;3.84;0.69;2.29;5.22;110.8;87.8;7.9;4.6;10.4;1.27;0.37;0.18;0.23;1.89;1.93;0.202;61.5;9.52;5.04;2.66;0.43;1.52;5.5;177.5;144.3;19.1;3;11;0.48;1.13;0.14;0.19
-3;100;100;50;0;19.11;3.94;11.35;2.03;2.03;0.148;43.3;13.64;6.75;4.14;0.68;2.29;5.55;112.6;83.8;13.2;4.6;11.1;1.23;0.37;0.18;0.25;1.91;1.92;0.188;56.7;10.18;5.24;2.98;0.47;1.65;5.79;147.3;114.3;18.1;3.3;11.6;0.84;0.72;0.15;0.21
-3;100;100;50;50;18.54;4.22;12.11;2.08;2.13;0.152;43.4;13.88;6.95;4.14;0.72;2.36;6;113;84.3;12;4.7;12;1.24;0.46;0.18;0.25;2.3;2.29;0.197;56.6;11.61;6.09;3.29;0.56;1.86;6.11;147.5;113.6;17.9;3.7;12.2;0.99;0.9;0.18;0.22
-3;100;100;50;100;18.47;4.32;12.79;2.2;2.22;0.159;43.1;13.84;6.87;4.12;0.7;2.28;6.18;112.4;84.5;11;4.6;12.4;1.23;0.56;0.18;0.24;2.68;2.67;0.2;56.9;13.32;6.99;3.75;0.66;2.04;6.61;148.8;113.3;18.2;4.1;13.2;1.15;1.06;0.18;0.27
-3;100;100;100;0;20.82;4.4;12.47;2.05;2.18;0.151;50.6;14.44;7.06;4.34;0.72;2.5;6.18;115.3;81.4;16.5;5;12.4;1.19;0.54;0.18;0.27;2.18;2.23;0.189;49.4;11.73;6.13;3.3;0.55;1.9;6.29;112.5;78.6;17.5;3.8;12.6;1.14;0.69;0.17;0.23
-3;100;100;100;50;20.69;4.75;13.76;2.22;2.25;0.153;49.9;14.63;7.34;4.4;0.74;2.47;6.58;114.9;81.4;15.4;4.9;13.2;1.18;0.62;0.2;0.26;2.8;2.85;0.197;50.1;14.46;7.51;4.14;0.69;2.28;7.18;115.2;78.6;17.6;4.6;14.4;1.44;0.9;0.21;0.29
-3;100;100;100;100;20.55;5.01;15.03;2.33;2.43;0.162;49.8;14.95;7.4;4.54;0.78;2.44;7.34;115.5;81.2;14.7;4.9;14.7;1.18;0.79;0.19;0.27;3.21;3.31;0.199;50.2;16.6;8.69;4.71;0.78;2.57;7.69;116.6;78.8;17.3;5.1;15.4;1.72;1.03;0.23;0.34
-2;0;0;0;0;13.7;1.8;5.24;0.73;0.78;0.147;49.9;5.25;2.53;1.62;0.25;0.88;2.57;178.9;160.7;11.3;1.8;5.1;0.38;0.24;0.07;0.1;0.93;0.9;0.157;50.1;5.61;2.82;1.62;0.29;0.92;2.66;179.3;159.3;12.8;1.8;5.3;0.44;0.26;0.08;0.11
-2;0;0;0;50;13.09;1.79;5.21;0.78;0.81;0.153;49.9;5.13;2.57;1.5;0.25;0.87;2.58;178;161.1;10;1.7;5.2;0.37;0.27;0.07;0.09;0.96;0.91;0.157;50.1;5.73;2.9;1.69;0.28;0.92;2.63;179;158.9;13;1.8;5.3;0.44;0.28;0.09;0.11
-2;0;0;0;100;12.79;1.96;5.45;0.86;0.87;0.162;50;5.27;2.66;1.58;0.24;0.93;2.67;178.4;162;9.3;1.9;5.3;0.38;0.33;0.07;0.09;1.05;1.01;0.16;50;6.28;3.16;1.84;0.29;1.03;2.79;178.6;158;13;2.1;5.6;0.45;0.35;0.09;0.12
-2;0;0;50;0;15.36;2.29;6.61;0.85;0.84;0.145;55.6;5.73;2.82;1.74;0.3;1;3.28;180.3;157.4;14.3;2;6.6;0.36;0.3;0.08;0.11;1.33;1.32;0.165;44.4;7.94;3.98;2.32;0.41;1.3;3.33;143.7;122;12.5;2.6;6.7;0.8;0.25;0.11;0.16
-2;0;0;50;50;15.37;2.47;7.07;0.9;0.93;0.155;55.2;5.92;2.97;1.69;0.33;0.99;3.48;179.4;156.7;13.8;2;7;0.36;0.37;0.09;0.11;1.58;1.52;0.166;44.8;9.11;4.66;2.61;0.47;1.48;3.59;145.3;122.5;12.8;3;7.2;0.93;0.27;0.13;0.18
-2;0;0;50;100;14.92;2.76;7.92;1.01;1;0.163;55;6.07;3.04;1.79;0.32;0.98;3.95;179.3;157.1;12.3;2;7.9;0.37;0.44;0.07;0.12;1.83;1.8;0.168;45;10.63;5.48;3.06;0.49;1.78;3.97;146.4;122.2;12.8;3.6;7.9;1.1;0.34;0.15;0.2
-2;0;0;100;0;17.35;2.76;7.76;0.9;0.92;0.145;63.3;6.3;3.18;1.82;0.33;1.11;3.9;182.9;155.3;17.6;2.2;7.8;0.35;0.36;0.08;0.12;1.71;1.67;0.167;36.7;9.93;5.19;2.75;0.51;1.64;3.86;106;82.3;12.6;3.3;7.7;1.06;0.27;0.15;0.19
-2;0;0;100;50;17.2;3;8.92;0.98;1.04;0.154;62.5;6.66;3.33;2;0.33;1.14;4.46;180.7;152.7;16.8;2.3;8.9;0.34;0.47;0.09;0.13;2.02;2;0.169;37.5;11.8;6.02;3.47;0.58;1.86;4.46;108.5;83.6;12.3;3.7;8.9;1.34;0.26;0.17;0.24
-2;0;0;100;100;17.07;3.59;10.13;1.1;1.18;0.164;61.8;7.1;3.56;2.09;0.39;1.23;5.02;180.1;151.7;15.9;2.5;10;0.34;0.61;0.09;0.14;2.52;2.44;0.171;38.2;14.22;7.39;4.08;0.66;2.36;5.11;111.2;84.1;12.1;4.7;10.2;1.63;0.33;0.2;0.28
-2;0;50;0;0;13.16;1.91;5.28;0.78;0.79;0.146;50.1;5.28;2.68;1.55;0.27;0.91;2.56;179.2;161.1;11.2;1.8;5.1;0.37;0.24;0.08;0.1;0.97;0.96;0.165;49.9;5.77;2.98;1.64;0.28;1;2.72;178.2;158.9;11.9;2;5.4;0.43;0.33;0.09;0.11
-2;0;50;0;50;12.69;1.9;5.59;0.87;0.86;0.154;50;5.49;2.74;1.62;0.3;0.91;2.76;178.4;160.9;10.1;1.8;5.5;0.38;0.3;0.07;0.11;1.02;1;0.164;50;6.04;3.14;1.74;0.28;0.99;2.82;178.7;159.1;12;2;5.6;0.46;0.35;0.08;0.12
-2;0;50;0;100;12.25;2;5.74;0.9;0.95;0.166;50;5.6;2.8;1.67;0.28;0.89;2.81;178.3;161.7;9.2;1.8;5.6;0.38;0.39;0.07;0.11;1.08;1.11;0.169;50;6.52;3.33;1.85;0.33;1.11;2.92;178.3;158.3;11.9;2.2;5.8;0.46;0.43;0.1;0.12
-2;0;50;50;0;15.22;2.37;6.75;0.87;0.89;0.145;55.8;6.03;2.98;1.83;0.31;1.05;3.33;180.7;157.4;14.5;2.1;6.7;0.36;0.33;0.08;0.11;1.45;1.37;0.169;44.2;8.03;4.15;2.33;0.38;1.32;3.42;143.2;122;11.7;2.6;6.8;0.78;0.32;0.11;0.16
-2;0;50;50;50;14.78;2.57;7.49;1.02;1.02;0.159;55.3;6.38;3.18;1.89;0.31;1.06;3.71;179.4;156.3;13.6;2.1;7.4;0.37;0.45;0.08;0.13;1.67;1.62;0.171;44.7;9.44;4.8;2.74;0.49;1.51;3.78;144.9;122.8;11.6;3;7.6;0.93;0.35;0.15;0.18
-2;0;50;50;100;14.48;2.83;8.11;1.13;1.11;0.168;55.1;6.55;3.33;1.88;0.33;1.04;4.08;179;156.4;12.4;2.1;8.2;0.37;0.54;0.08;0.12;1.97;1.89;0.173;44.9;10.89;5.67;3.1;0.49;1.78;4.03;145.8;122.7;11.5;3.6;8.1;1.11;0.41;0.16;0.2
-2;0;50;100;0;17.13;2.94;8.2;1.07;1.07;0.148;63;7.13;3.56;2.13;0.36;1.24;4;181.6;152.9;18.2;2.5;8;0.37;0.48;0.09;0.13;1.71;1.73;0.172;37;10.01;5.17;2.86;0.49;1.7;4.19;106.5;83.5;11.2;3.4;8.4;1.07;0.31;0.15;0.2
-2;0;50;100;50;17.04;3.18;9.28;1.17;1.21;0.159;62.3;7.56;3.81;2.19;0.4;1.27;4.6;179.9;150.9;17.3;2.5;9.2;0.36;0.61;0.1;0.15;2.12;2.06;0.172;37.7;11.95;6.18;3.39;0.58;1.91;4.68;108.9;84.6;11.2;3.8;9.4;1.35;0.32;0.17;0.22
-2;0;50;100;100;16.73;3.57;10.52;1.26;1.35;0.176;61.6;7.63;3.87;2.26;0.41;1.23;5.2;178.9;150;16;2.5;10.4;0.34;0.76;0.1;0.15;2.64;2.53;0.174;38.4;14.47;7.47;4.15;0.74;2.33;5.32;111.5;85;11.2;4.7;10.6;1.65;0.4;0.2;0.28
-2;0;100;0;0;12.9;1.95;5.59;0.85;0.88;0.15;50;5.79;2.86;1.7;0.3;0.96;2.68;178.7;159.8;11.5;1.9;5.4;0.39;0.31;0.07;0.1;1.03;1.01;0.173;50;5.8;2.98;1.66;0.29;0.99;2.91;178.8;160.2;10.8;2;5.8;0.44;0.38;0.08;0.11
-2;0;100;0;50;12.29;1.99;5.7;0.98;0.94;0.159;50.1;5.81;2.97;1.69;0.27;0.96;2.84;178.6;160.8;10.2;1.9;5.7;0.39;0.36;0.08;0.11;1.17;1.14;0.178;49.9;6.34;3.32;1.79;0.3;1.02;2.86;178;159.2;11;2;5.7;0.46;0.45;0.1;0.12
-2;0;100;0;100;11.69;2.14;6.01;1.02;1.03;0.171;50.2;5.96;3.04;1.75;0.29;1.01;2.96;178.8;161.9;8.9;2;5.9;0.4;0.44;0.09;0.11;1.26;1.25;0.182;49.8;6.85;3.6;1.93;0.33;1.13;3.04;177.3;158.1;10.8;2.3;6.1;0.48;0.55;0.1;0.14
-2;0;100;50;0;14.73;2.48;7.01;1;1.01;0.15;55.6;6.66;3.36;1.97;0.33;1.15;3.41;179.8;156.1;14.5;2.3;6.8;0.38;0.41;0.09;0.13;1.52;1.44;0.175;44.4;8.19;4.18;2.34;0.4;1.32;3.6;143.4;122.9;10.6;2.6;7.2;0.79;0.37;0.12;0.16
-2;0;100;50;50;14.44;2.79;7.77;1.18;1.17;0.165;55.2;7.08;3.64;1.99;0.33;1.17;3.81;178.9;155.1;13.8;2.3;7.6;0.39;0.55;0.1;0.13;1.72;1.72;0.178;44.8;9.6;5.09;2.68;0.45;1.63;3.96;145.2;123.6;10.4;3.3;7.9;0.95;0.44;0.15;0.19
-2;0;100;50;100;14.06;2.84;8.46;1.28;1.26;0.178;54.9;6.99;3.59;2.06;0.36;1.11;4.13;178.4;155.5;12.4;2.2;8.3;0.38;0.67;0.08;0.13;2.08;1.98;0.181;45.1;10.92;5.72;3.1;0.52;1.73;4.33;146.2;123.4;10.7;3.5;8.7;1.1;0.52;0.15;0.21
-2;0;100;100;0;16.55;2.85;8.54;1.17;1.21;0.154;63;7.76;3.85;2.31;0.42;1.3;4.2;180.4;151.5;17.9;2.6;8.4;0.38;0.58;0.1;0.15;1.9;1.79;0.176;37;10.14;5.24;2.9;0.48;1.55;4.33;106.1;84.3;10;3.1;8.7;1.1;0.35;0.15;0.19
-2;0;100;100;50;16.57;3.33;9.69;1.32;1.37;0.165;62.1;8.23;4.17;2.42;0.41;1.38;4.73;179.1;149.7;17.2;2.8;9.5;0.37;0.73;0.11;0.16;2.19;2.2;0.178;37.9;12.31;6.29;3.52;0.65;1.95;4.96;109.2;85.2;10.2;3.9;9.9;1.35;0.43;0.17;0.24
-2;0;100;100;100;16.57;3.76;10.9;1.46;1.56;0.182;61.4;8.51;4.34;2.42;0.45;1.37;5.29;178.2;148.4;16.5;2.7;10.6;0.37;0.92;0.11;0.16;2.69;2.65;0.18;38.6;14.65;7.61;4.2;0.73;2.39;5.61;111.9;85.8;10.1;4.8;11.2;1.64;0.51;0.21;0.29
-2;50;0;0;0;15.35;2.27;6.64;1.05;1.11;0.152;44.1;7.24;3.59;2.15;0.37;1.23;3.3;142.8;123;10.7;2.5;6.6;0.65;0.22;0.09;0.15;0.98;0.99;0.156;55.9;6.31;3.15;1.9;0.3;1.04;3.34;180.8;156;16;2.1;6.7;0.45;0.33;0.09;0.12
-2;50;0;0;50;15.01;2.38;6.78;1.16;1.17;0.157;44;7.38;3.75;2.17;0.35;1.27;3.28;142.2;123.4;9.7;2.5;6.6;0.66;0.27;0.1;0.14;1.01;1.04;0.155;56;6.67;3.36;1.95;0.33;1.11;3.51;180.8;155.5;16.1;2.2;7;0.45;0.37;0.1;0.13
-2;50;0;0;100;15.03;2.47;7.17;1.21;1.22;0.161;44.3;7.48;3.74;2.2;0.36;1.25;3.52;143.3;124.6;9.2;2.5;7;0.66;0.33;0.09;0.13;1.17;1.17;0.158;55.7;7.36;3.73;2.12;0.41;1.22;3.65;180.2;153.9;16.6;2.4;7.3;0.45;0.47;0.11;0.14
-2;50;0;50;0;17.49;2.77;7.91;1.18;1.19;0.151;49.8;7.83;3.82;2.4;0.41;1.34;3.84;145.1;120.8;14;2.7;7.7;0.65;0.29;0.1;0.15;1.44;1.39;0.162;50.2;8.54;4.36;2.43;0.4;1.43;4.08;146.4;119.2;16.2;2.9;8.2;0.78;0.33;0.12;0.16
-2;50;0;50;50;16.95;3.07;8.52;1.22;1.26;0.157;49.5;7.95;4.03;2.29;0.42;1.41;4.11;144.4;120.6;12.8;2.8;8.2;0.65;0.34;0.11;0.16;1.59;1.63;0.164;50.5;9.92;5.04;2.93;0.47;1.66;4.41;147.4;119.4;15.8;3.3;8.8;0.92;0.36;0.15;0.2
-2;50;0;50;100;16.86;3.31;9.43;1.33;1.39;0.164;49.4;8.43;4.25;2.46;0.44;1.43;4.64;145.2;120.8;12.2;2.9;9.3;0.66;0.44;0.12;0.16;1.97;1.9;0.166;50.6;11.4;5.83;3.33;0.54;1.88;4.79;148.5;119.2;16;3.8;9.6;1.06;0.46;0.16;0.21
-2;50;0;100;0;19.35;3.1;8.98;1.25;1.27;0.149;57.4;8.47;4.15;2.51;0.46;1.41;4.47;147.6;118.2;17.6;2.8;8.9;0.62;0.37;0.12;0.16;1.73;1.71;0.165;42.6;10.29;5.24;2.97;0.51;1.69;4.51;109.3;81.2;15.7;3.4;9;1.03;0.32;0.15;0.2
-2;50;0;100;50;19.08;3.57;10.24;1.34;1.39;0.156;56.8;8.86;4.46;2.6;0.46;1.51;5.03;147;117.2;16.7;3;10.1;0.62;0.48;0.12;0.17;2.05;2.06;0.167;43.2;12.34;6.32;3.56;0.64;2.07;5.21;111.8;81.9;15.4;4.1;10.4;1.29;0.35;0.18;0.25
-2;50;0;100;100;18.91;4.05;11.4;1.52;1.52;0.164;56.4;9.22;4.75;2.68;0.44;1.61;5.68;147.1;117;15.5;3.2;11.4;0.63;0.59;0.13;0.17;2.6;2.51;0.17;43.6;14.78;7.65;4.22;0.74;2.44;5.72;113.7;82;15.4;4.9;11.4;1.58;0.43;0.21;0.28
-2;50;50;0;0;15.23;2.5;7.24;1.29;1.3;0.153;44.8;8.45;4.18;2.58;0.41;1.46;3.58;145.1;124.3;10.8;2.9;7.2;0.8;0.23;0.11;0.16;1.15;1.08;0.163;55.2;6.56;3.34;1.89;0.34;1.05;3.66;179.1;154.3;15.4;2.1;7.3;0.43;0.42;0.09;0.13
-2;50;50;0;50;14.87;2.6;7.5;1.35;1.34;0.157;44.7;8.49;4.25;2.51;0.41;1.42;3.7;144.9;124.8;9.8;2.8;7.4;0.79;0.29;0.12;0.15;1.19;1.2;0.168;55.3;7.08;3.6;2.12;0.35;1.18;3.8;178.9;153.6;15.4;2.4;7.6;0.43;0.52;0.11;0.13
-2;50;50;0;100;14.35;2.75;7.84;1.42;1.43;0.164;44.9;8.65;4.4;2.48;0.43;1.45;3.82;145.1;126.1;8.5;2.9;7.6;0.8;0.35;0.12;0.16;1.39;1.37;0.173;55.1;7.89;4.12;2.23;0.38;1.31;4.02;178.1;151.9;15.6;2.6;8;0.46;0.64;0.12;0.15
-2;50;50;50;0;17.18;2.95;8.57;1.32;1.38;0.151;50.1;9.07;4.48;2.74;0.45;1.52;4.16;146.5;121;14;3;8.3;0.77;0.32;0.12;0.17;1.55;1.49;0.168;49.9;8.82;4.48;2.54;0.44;1.42;4.41;145.6;119;15;2.8;8.8;0.77;0.42;0.13;0.17
-2;50;50;50;50;16.95;3.3;9.37;1.48;1.52;0.16;50;9.47;4.79;2.78;0.47;1.62;4.61;146.7;120.9;13.3;3.2;9.2;0.77;0.45;0.13;0.18;1.76;1.76;0.172;50;10.19;5.24;2.87;0.5;1.68;4.76;146.9;119.1;15;3.4;9.5;0.91;0.5;0.15;0.2
-2;50;50;50;100;16.55;3.46;10.08;1.58;1.57;0.166;49.8;9.39;4.77;2.74;0.47;1.49;5;146.6;121.8;11.8;3;10;0.76;0.51;0.12;0.17;2.15;2.1;0.175;50.2;11.98;6.16;3.37;0.61;1.96;5.08;147.5;118.2;15.2;3.9;10.2;1.07;0.63;0.17;0.23
-2;50;50;100;0;19.11;3.38;9.7;1.51;1.53;0.153;57.4;9.92;4.85;3.05;0.51;1.62;4.73;148;117.5;17.7;3.2;9.5;0.74;0.46;0.14;0.19;1.88;1.79;0.171;42.6;10.48;5.46;2.99;0.52;1.76;4.97;109.7;81.6;14.6;3.5;9.9;1.04;0.39;0.16;0.2
-2;50;50;100;50;18.77;3.71;10.9;1.66;1.66;0.16;57;10.33;5.2;3.02;0.55;1.72;5.37;147.9;117;16.7;3.4;10.7;0.74;0.59;0.14;0.19;2.35;2.18;0.173;43;12.58;6.52;3.63;0.57;1.99;5.53;111.3;82;14.3;4;11.1;1.29;0.48;0.17;0.24
-2;50;50;100;100;18.64;4.28;12.2;1.76;1.82;0.171;56.4;10.6;5.38;3.07;0.55;1.76;6;147.7;116.7;15.5;3.5;12;0.75;0.74;0.14;0.2;2.69;2.7;0.176;43.6;15.29;7.92;4.39;0.72;2.52;6.2;114.1;82.2;14.5;5;12.4;1.59;0.58;0.23;0.3
-2;50;100;0;0;14.81;2.75;7.77;1.46;1.51;0.155;44.9;9.7;4.79;2.88;0.52;1.6;3.87;145.8;124.2;10.7;3.2;7.7;0.91;0.29;0.13;0.19;1.16;1.15;0.173;55.1;6.57;3.48;1.84;0.29;1.16;3.9;178.7;154.4;14.1;2.3;7.8;0.41;0.51;0.1;0.13
-2;50;100;0;50;14.65;2.83;8.41;1.57;1.59;0.16;45;9.93;4.93;2.93;0.51;1.64;4.12;146.4;125.2;9.7;3.3;8.2;0.92;0.35;0.12;0.2;1.4;1.35;0.178;55;7.55;3.92;2.17;0.37;1.19;4.29;178.7;153.1;14.6;2.4;8.6;0.45;0.64;0.1;0.15
-2;50;100;0;100;14.29;2.83;8.45;1.63;1.68;0.167;45.2;10.04;5.08;2.98;0.51;1.64;4.08;146.4;126.3;8.7;3.3;8.2;0.94;0.43;0.13;0.18;1.61;1.48;0.189;54.8;7.81;4.17;2.19;0.38;1.18;4.37;177.3;151.6;14.6;2.4;8.7;0.43;0.78;0.11;0.16
-2;50;100;50;0;16.81;3.34;9.49;1.65;1.65;0.154;50.3;10.64;5.29;3.19;0.56;1.77;4.66;147.8;121;13.9;3.5;9.3;0.89;0.4;0.14;0.21;1.61;1.62;0.175;49.7;9.23;4.8;2.62;0.47;1.57;4.83;145.8;119;14;3.1;9.7;0.79;0.52;0.14;0.18
-2;50;100;50;50;16.69;3.63;10.03;1.8;1.77;0.163;50.1;10.83;5.54;3.12;0.57;1.87;4.95;147.7;120.8;13.3;3.7;9.9;0.89;0.54;0.14;0.2;1.88;1.86;0.179;49.9;10.36;5.38;2.99;0.5;1.76;5.07;146.8;119.2;13.9;3.5;10.1;0.91;0.6;0.17;0.18
-2;50;100;50;100;16.36;3.75;10.87;1.9;1.91;0.171;50.1;11.1;5.63;3.26;0.55;1.82;5.3;147.9;121.6;12;3.6;10.6;0.93;0.65;0.14;0.19;2.23;2.21;0.185;49.9;11.93;6.21;3.36;0.56;1.92;5.57;147.4;118.4;14.1;3.8;11.1;1.06;0.75;0.17;0.23
-2;50;100;100;0;18.76;3.79;10.61;1.81;1.81;0.157;57.7;11.47;5.81;3.34;0.59;1.97;5.22;149.4;117.5;17.5;3.9;10.4;0.88;0.56;0.16;0.21;2;1.91;0.175;42.3;10.86;5.69;3.13;0.49;1.82;5.39;109.6;81.7;13.5;3.6;10.8;1.06;0.49;0.16;0.2
-2;50;100;100;50;18.44;4.05;11.87;1.96;1.99;0.164;57.1;12.1;6.12;3.52;0.6;2.01;5.84;149;116.7;16.5;4;11.7;0.88;0.71;0.17;0.23;2.42;2.33;0.178;42.9;13.04;6.7;3.8;0.59;2.04;6.03;111.7;82.2;13.4;4.1;12.1;1.31;0.58;0.18;0.25
-2;50;100;100;100;18.27;4.57;12.79;2.05;2.13;0.175;56.7;12.1;6.2;3.5;0.58;2.05;6.25;148.6;116.8;15.2;4.1;12.5;0.88;0.85;0.17;0.22;2.9;2.84;0.183;43.4;15.44;8.04;4.37;0.77;2.52;6.54;113.6;82.2;13.4;5;13.1;1.6;0.72;0.23;0.29
-2;100;0;0;0;17.45;2.63;7.69;1.33;1.38;0.153;36.3;8.97;4.42;2.65;0.47;1.5;3.68;104.3;83.2;10.7;3;7.4;0.87;0.22;0.12;0.17;1.1;1.07;0.153;63.7;6.92;3.42;2.11;0.35;1.14;4.02;183.4;153.5;19.6;2.3;8;0.43;0.4;0.1;0.14
-2;100;0;0;50;17.3;2.9;8.2;1.35;1.45;0.158;36.9;9.13;4.55;2.73;0.45;1.56;4.07;105.7;84.9;9.5;3.1;8.1;0.9;0.26;0.13;0.17;1.22;1.24;0.158;63.1;7.83;3.94;2.27;0.41;1.33;4.13;181.1;150.1;20;2.7;8.3;0.43;0.53;0.12;0.16
-2;100;0;0;100;16.86;2.83;8.3;1.53;1.49;0.161;36.9;9.16;4.59;2.69;0.44;1.47;4.07;105.3;85.7;8.6;2.9;8.1;0.9;0.3;0.11;0.17;1.37;1.35;0.161;63.1;8.32;4.21;2.43;0.42;1.36;4.23;180;148.6;20.2;2.7;8.5;0.41;0.65;0.13;0.17
-2;100;0;50;0;19.28;3.07;8.97;1.39;1.43;0.152;42.1;9.35;4.63;2.79;0.5;1.58;4.39;107.8;82.2;13.6;3.2;8.8;0.86;0.27;0.12;0.18;1.49;1.47;0.16;57.9;9.13;4.61;2.74;0.41;1.5;4.58;148.3;116.7;19.5;3;9.2;0.75;0.4;0.14;0.18
-2;100;0;50;50;19.12;3.49;9.75;1.52;1.55;0.157;42.1;9.78;4.9;2.9;0.47;1.67;4.81;108.4;82.5;12.9;3.3;9.6;0.88;0.35;0.13;0.18;1.86;1.78;0.164;57.9;10.79;5.59;3.06;0.52;1.82;4.94;149.1;116.2;19.4;3.6;9.9;0.9;0.51;0.17;0.2
-2;100;0;50;100;19.09;3.62;10.63;1.48;1.57;0.163;41.9;9.61;4.77;2.88;0.47;1.57;5.17;108.4;83.1;11.9;3.1;10.3;0.84;0.43;0.13;0.18;2.24;2.11;0.167;58.1;12.58;6.55;3.59;0.61;2.05;5.46;150.4;115.4;20;4.1;10.9;1.02;0.66;0.19;0.24
-2;100;0;100;0;21.02;3.44;10.04;1.52;1.52;0.151;49.7;9.96;5.01;2.92;0.52;1.66;4.94;110.7;80.4;17.1;3.3;9.9;0.84;0.35;0.13;0.2;1.82;1.77;0.163;50.3;10.8;5.5;3.17;0.57;1.78;5.1;112.2;79.6;18.9;3.6;10.2;1.01;0.39;0.15;0.22
-2;100;0;100;50;21.07;3.97;11.19;1.6;1.62;0.157;49.2;10.32;5.18;3.04;0.55;1.75;5.5;111.1;80.2;16.3;3.5;11;0.83;0.47;0.14;0.19;2.24;2.2;0.167;50.8;13.1;6.77;3.73;0.65;2.22;5.69;114.6;79.8;19;4.4;11.4;1.25;0.5;0.2;0.25
-2;100;0;100;100;20.8;4.37;12.75;1.73;1.77;0.163;49;10.84;5.49;3.25;0.52;1.75;6.32;111.7;80.5;15.1;3.5;12.6;0.86;0.57;0.13;0.22;2.7;2.67;0.17;51.1;15.68;8.03;4.49;0.79;2.62;6.43;116.5;79.5;18.8;5.2;12.9;1.52;0.62;0.22;0.31
-2;100;50;0;0;17.3;3.07;8.9;1.7;1.73;0.155;37.4;11.13;5.52;3.32;0.54;1.85;4.39;107.8;84.7;10.5;3.7;8.8;1.14;0.23;0.16;0.21;1.26;1.21;0.162;62.6;7.39;3.75;2.17;0.38;1.22;4.5;180.6;150.5;18.7;2.4;9;0.42;0.53;0.11;0.15
-2;100;50;0;50;17.29;3.31;9.27;1.67;1.73;0.158;37.6;10.92;5.53;3.17;0.56;1.95;4.53;108.2;85.9;9.4;3.9;9.1;1.1;0.28;0.15;0.2;1.46;1.41;0.167;62.4;8.41;4.21;2.49;0.44;1.35;4.74;179.8;148.2;19.4;2.7;9.5;0.43;0.7;0.12;0.16
-2;100;50;0;100;16.98;3.4;9.61;1.79;1.84;0.164;37.8;11.2;5.76;3.22;0.53;1.96;4.75;108.5;86.5;8.6;3.9;9.5;1.13;0.35;0.16;0.21;1.57;1.56;0.173;62.2;8.96;4.56;2.65;0.43;1.45;4.86;179.1;147;19.4;2.9;9.7;0.43;0.81;0.14;0.17
-2;100;50;50;0;19.13;3.5;10.2;1.75;1.78;0.153;42.7;11.56;5.76;3.48;0.58;1.95;5;110.4;82.7;13.7;3.9;10;1.09;0.32;0.15;0.22;1.67;1.59;0.166;57.3;9.49;4.85;2.73;0.48;1.54;5.2;147.9;115.9;18.5;3.1;10.4;0.74;0.53;0.14;0.18
-2;100;50;50;50;19.01;3.8;10.91;1.81;1.87;0.16;42.8;11.67;5.83;3.44;0.6;1.97;5.43;110.8;83.5;12.5;3.9;10.9;1.08;0.42;0.15;0.22;2;1.92;0.17;57.2;11.25;5.78;3.2;0.56;1.83;5.48;148.3;114.8;18.9;3.7;11;0.88;0.66;0.16;0.22
-2;100;50;50;100;18.7;4.15;11.72;1.99;1.99;0.165;42.6;12;6.13;3.49;0.61;2;5.7;110.6;83.8;11.4;4;11.4;1.1;0.5;0.16;0.22;2.32;2.25;0.175;57.4;12.87;6.7;3.63;0.67;2.15;6.02;149.4;114.3;18.8;4.3;12;1.02;0.79;0.19;0.25
-2;100;50;100;0;20.86;3.92;11.47;1.9;1.93;0.155;50.2;12.44;6.15;3.75;0.66;2.09;5.69;113.3;80.8;16.9;4.2;11.4;1.07;0.45;0.17;0.24;1.96;1.92;0.169;49.8;11.36;5.85;3.2;0.58;1.83;5.78;112.2;79.2;17.8;3.7;11.6;1.02;0.52;0.16;0.22
-2;100;50;100;50;20.78;4.4;12.73;1.96;2.03;0.16;49.9;12.66;6.39;3.73;0.6;2.15;6.44;113.9;80.7;16;4.3;12.9;1.06;0.56;0.16;0.24;2.38;2.35;0.172;50.1;13.62;7.04;3.99;0.68;2.25;6.3;114.4;79.3;18;4.5;12.6;1.27;0.62;0.2;0.26
-2;100;50;100;100;20.58;4.69;13.76;2.14;2.19;0.169;49.4;12.89;6.61;3.74;0.68;2.1;6.78;113.6;80.8;15;4.2;13.6;1.07;0.71;0.16;0.25;2.87;2.82;0.175;50.6;16.06;8.3;4.64;0.78;2.59;6.98;116.4;79.2;18.1;5.2;14;1.52;0.76;0.23;0.31
-2;100;100;0;0;17.3;3.48;10.04;2.01;2.07;0.156;38.1;13.19;6.6;3.94;0.66;2.22;4.93;110.3;85.5;10.5;4.4;9.9;1.36;0.3;0.16;0.25;1.4;1.36;0.173;61.9;7.82;3.98;2.23;0.39;1.26;5.11;179.7;148.9;18;2.5;10.2;0.4;0.68;0.12;0.15
-2;100;100;0;50;16.79;3.54;10.34;2.13;2.14;0.16;38.1;13.36;6.72;3.89;0.7;2.21;5.03;110.1;86.1;9.5;4.4;10.1;1.38;0.35;0.17;0.25;1.59;1.57;0.184;61.9;8.51;4.45;2.38;0.38;1.33;5.32;179;147.8;17.9;2.7;10.6;0.43;0.85;0.12;0.17
-2;100;100;0;100;16.66;3.71;10.91;2.22;2.25;0.165;38.4;13.58;6.86;4.04;0.69;2.23;5.37;110.9;87.3;8.4;4.5;10.7;1.39;0.42;0.17;0.26;1.83;1.76;0.189;61.6;9.25;4.85;2.6;0.44;1.48;5.54;177.8;145.4;18.3;3;11.1;0.43;1.04;0.12;0.17
-2;100;100;50;0;19.06;3.94;11.54;2.1;2.15;0.156;43.4;13.74;6.88;4.08;0.71;2.33;5.62;113;83.6;13.5;4.7;11.2;1.32;0.38;0.19;0.25;1.76;1.76;0.174;56.6;10.06;5.19;2.9;0.51;1.61;5.92;147.4;114.6;17.7;3.2;11.8;0.74;0.67;0.14;0.21
-2;100;100;50;50;18.71;4.2;12.08;2.27;2.28;0.162;43.2;14.04;7.04;4.12;0.73;2.28;5.97;112.7;83.7;12.5;4.6;11.9;1.34;0.51;0.18;0.26;2.1;2.08;0.182;56.8;11.36;5.97;3.22;0.52;1.92;6.11;148.1;114.5;17.5;3.8;12.2;0.87;0.82;0.16;0.22
-2;100;100;50;100;18.55;4.51;12.91;2.34;2.41;0.169;43.2;14.21;7.18;4.17;0.75;2.37;6.34;113.2;84.3;11.4;4.7;12.7;1.34;0.62;0.18;0.27;2.55;2.47;0.186;56.8;13.22;6.95;3.66;0.62;2.14;6.57;148.8;113.5;17.9;4.3;13.1;1.02;1.01;0.18;0.25
-2;100;100;100;0;20.82;4.21;12.71;2.23;2.3;0.157;50.6;14.53;7.24;4.31;0.77;2.34;6.28;115.3;81.4;16.7;4.7;12.6;1.28;0.54;0.19;0.27;2.12;2.07;0.174;49.4;11.83;6.09;3.36;0.6;1.87;6.42;112.5;78.6;17.2;3.7;12.8;1.02;0.66;0.16;0.23
-2;100;100;100;50;20.58;4.69;13.61;2.35;2.44;0.163;50.2;14.94;7.43;4.41;0.78;2.44;6.69;115.2;81.1;15.8;4.9;13.4;1.29;0.68;0.2;0.28;2.56;2.53;0.182;49.8;13.88;7.15;3.93;0.66;2.25;6.91;114.2;78.9;17.1;4.5;13.8;1.24;0.82;0.21;0.26
-2;100;100;100;100;20.86;5.2;14.89;2.51;2.62;0.172;49.9;15.18;7.72;4.5;0.76;2.55;7.38;116.2;81.3;15;5.1;14.8;1.28;0.85;0.2;0.29;3.16;3.02;0.184;50.1;16.32;8.65;4.52;0.79;2.65;7.51;116.4;78.7;17.4;5.3;15;1.5;0.99;0.23;0.3
-1;0;0;0;0;13.47;1.83;5.07;0.79;0.77;0.145;50;5.12;2.58;1.47;0.28;0.88;2.54;178.8;160.4;11.6;1.8;5.1;0.37;0.23;0.07;0.09;0.84;0.87;0.157;50;5.44;2.75;1.59;0.26;0.95;2.54;178.9;159.6;12.4;1.9;5.1;0.43;0.25;0.08;0.1
-1;0;0;0;50;12.99;1.88;5.39;0.83;0.86;0.155;49.8;5.46;2.67;1.68;0.28;0.92;2.67;178.1;160.4;10.6;1.8;5.3;0.39;0.29;0.08;0.1;0.93;0.91;0.157;50.2;5.74;2.91;1.71;0.27;0.95;2.72;179.3;159.6;12.3;1.9;5.4;0.45;0.27;0.08;0.11
-1;0;0;0;100;12.88;1.92;5.62;0.85;0.89;0.163;49.9;5.35;2.71;1.62;0.23;0.9;2.79;178.5;161.5;9.6;1.8;5.6;0.36;0.34;0.08;0.11;1.01;1.02;0.16;50.1;6.32;3.18;1.88;0.32;1.03;2.83;179;158.5;12.8;2.1;5.7;0.46;0.35;0.09;0.13
-1;0;0;50;0;15.33;2.21;6.66;0.83;0.85;0.146;55.9;5.74;2.79;1.8;0.28;0.93;3.35;180.9;157.8;14.6;1.9;6.7;0.37;0.29;0.08;0.11;1.32;1.31;0.165;44.1;7.95;4.11;2.27;0.4;1.29;3.31;142.9;121.6;12.1;2.6;6.6;0.8;0.25;0.11;0.15
-1;0;0;50;50;15.18;2.55;7.21;0.96;0.94;0.155;55.1;6;2.98;1.8;0.3;0.98;3.52;179.1;156;14.1;2;7;0.36;0.38;0.08;0.11;1.56;1.52;0.166;44.9;9.12;4.68;2.66;0.43;1.57;3.69;145.6;123;12.1;3.1;7.4;0.95;0.26;0.13;0.18
-1;0;0;50;100;14.83;2.8;7.85;1.03;1.05;0.164;55;6.3;3.2;1.79;0.3;1.07;3.92;178.9;156;12.9;2.1;7.8;0.37;0.47;0.09;0.11;1.76;1.76;0.168;45;10.42;5.28;3.1;0.49;1.73;3.94;146.3;123;12;3.5;7.9;1.09;0.32;0.15;0.2
-1;0;0;100;0;17.47;2.74;7.73;0.96;0.98;0.145;63.3;6.63;3.27;2.02;0.35;1.16;3.84;182.3;154;18.4;2.3;7.7;0.37;0.38;0.09;0.13;1.64;1.6;0.167;36.7;9.54;4.89;2.74;0.49;1.59;3.89;105.8;83;11.8;3.2;7.8;1.05;0.24;0.13;0.18
-1;0;0;100;50;17.18;3.09;8.7;1.11;1.07;0.154;62.5;6.84;3.46;2.05;0.35;1.17;4.29;180.6;152.3;17.4;2.3;8.6;0.35;0.5;0.1;0.13;2.03;1.97;0.169;37.5;11.62;6.01;3.22;0.59;1.92;4.41;108.3;83.9;11.8;3.8;8.8;1.32;0.26;0.17;0.22
-1;0;0;100;100;17.08;3.55;10.1;1.21;1.23;0.165;61.7;7.41;3.75;2.14;0.39;1.22;5.03;179.6;150.4;16.6;2.4;10.1;0.35;0.63;0.1;0.15;2.38;2.39;0.171;38.3;13.93;7.09;4.05;0.69;2.33;5.08;111.1;84.8;11.6;4.7;10.2;1.6;0.32;0.21;0.27
-1;0;50;0;0;13.19;1.83;5.41;0.86;0.83;0.148;50.1;5.52;2.74;1.7;0.27;0.94;2.72;179;160;11.7;1.9;5.4;0.38;0.26;0.08;0.11;0.89;0.9;0.162;49.9;5.45;2.76;1.61;0.27;0.89;2.69;178.5;160;11.4;1.8;5.4;0.43;0.31;0.06;0.1
-1;0;50;0;50;12.54;1.91;5.53;0.88;0.89;0.155;49.9;5.67;2.82;1.7;0.28;0.96;2.72;178.1;160.3;10.4;1.9;5.4;0.39;0.31;0.08;0.11;1.02;0.98;0.165;50.1;5.88;2.98;1.69;0.29;0.95;2.81;178.6;159.7;11.4;1.9;5.6;0.45;0.33;0.08;0.11
-1;0;50;0;100;12.38;2.02;5.87;0.99;0.97;0.167;50.2;5.73;2.93;1.67;0.29;0.95;2.97;179.2;161.8;9.6;1.9;5.9;0.39;0.39;0.08;0.11;1.14;1.11;0.168;49.8;6.56;3.39;1.88;0.33;1.07;2.9;177.9;158.2;11.7;2.1;5.8;0.47;0.42;0.09;0.12
-1;0;50;50;0;15.24;2.34;6.74;0.91;0.91;0.146;55.9;6.2;3.1;1.85;0.33;1.06;3.42;181;157;15;2.1;6.8;0.38;0.34;0.09;0.11;1.35;1.34;0.169;44.1;7.85;4.03;2.22;0.37;1.28;3.33;142.7;122.2;11.2;2.6;6.7;0.78;0.3;0.11;0.15
-1;0;50;50;50;14.7;2.58;7.54;1.05;1.04;0.159;55.3;6.47;3.26;1.92;0.33;1.07;3.75;179.3;155.8;13.8;2.1;7.5;0.38;0.45;0.08;0.12;1.57;1.57;0.17;44.7;9.2;4.71;2.66;0.46;1.52;3.78;144.7;123.1;11;3;7.6;0.94;0.33;0.13;0.17
-1;0;50;50;100;14.65;2.97;8.16;1.2;1.16;0.17;55.1;6.8;3.54;1.94;0.36;1.14;4.06;179.3;155.8;13.1;2.3;8.1;0.37;0.57;0.09;0.13;1.86;1.84;0.173;44.9;10.61;5.5;2.94;0.49;1.83;4.1;146.3;123.2;11.3;3.7;8.2;1.08;0.41;0.15;0.2
-1;0;50;100;0;17.01;2.81;8.14;1.07;1.1;0.15;63;7.28;3.6;2.18;0.38;1.22;4.05;180.9;152;18.4;2.4;8.1;0.37;0.49;0.11;0.14;1.7;1.67;0.172;37;9.68;4.94;2.81;0.49;1.59;4.1;106;84;10.7;3.2;8.2;1.07;0.28;0.14;0.18
-1;0;50;100;50;16.97;3.21;9.16;1.16;1.25;0.161;62.3;7.72;3.85;2.31;0.4;1.27;4.56;179.7;150.4;17.6;2.5;9.1;0.37;0.62;0.12;0.15;2.07;2;0.172;37.7;11.61;6;3.29;0.59;1.94;4.61;108.6;84.8;10.7;3.9;9.2;1.32;0.31;0.16;0.21
-1;0;50;100;100;16.9;3.6;10.46;1.3;1.38;0.176;61.8;7.78;3.96;2.24;0.41;1.25;5.17;179.5;150;16.6;2.5;10.3;0.35;0.78;0.1;0.14;2.56;2.49;0.174;38.2;14.23;7.33;4.13;0.69;2.35;5.29;111;85;10.8;4.7;10.6;1.61;0.4;0.2;0.27
-1;0;100;0;0;12.94;1.93;5.57;0.91;0.9;0.151;50.2;5.89;2.94;1.76;0.31;1.01;2.75;179.4;160.1;11.8;2;5.5;0.39;0.32;0.08;0.12;1.01;1;0.172;49.8;5.75;2.88;1.73;0.3;0.93;2.81;178;159.9;10.6;1.9;5.6;0.43;0.38;0.08;0.11
-1;0;100;0;50;12.29;2.05;5.8;0.98;0.99;0.16;50;6.15;3.13;1.76;0.33;1.05;2.9;178.6;160;10.6;2.1;5.8;0.4;0.39;0.09;0.11;1.09;1.08;0.176;50;6.04;3.13;1.72;0.31;1;2.9;178.3;160;10.5;2;5.8;0.45;0.43;0.08;0.11
-1;0;100;0;100;11.7;2.13;5.96;1.07;1.08;0.172;50.1;6.2;3.2;1.82;0.29;1.06;2.96;178.3;160.9;9.4;2.1;5.9;0.41;0.46;0.1;0.11;1.22;1.19;0.181;49.9;6.53;3.38;1.89;0.31;1.07;3;177.6;159.1;10.4;2.1;6;0.47;0.51;0.09;0.12
-1;0;100;50;0;14.76;2.49;6.98;1;1.04;0.15;55.5;6.88;3.38;2.05;0.35;1.17;3.44;179.3;154.9;15.2;2.3;6.9;0.38;0.43;0.1;0.13;1.41;1.39;0.175;44.5;7.94;4.09;2.28;0.41;1.32;3.54;143.5;123.8;10;2.6;7.1;0.78;0.35;0.11;0.15
-1;0;100;50;50;14.37;2.73;7.79;1.19;1.19;0.164;55.3;7.2;3.66;2.09;0.36;1.22;3.91;178.9;154.5;14.1;2.4;7.8;0.39;0.57;0.09;0.14;1.68;1.66;0.178;44.7;9.27;4.78;2.64;0.45;1.5;3.88;144.8;124.1;9.9;3;7.8;0.94;0.41;0.14;0.17
-1;0;100;50;100;14.23;2.93;8.59;1.29;1.32;0.18;54.9;7.32;3.75;2.14;0.36;1.22;4.2;178.4;154.4;13.1;2.4;8.4;0.39;0.7;0.1;0.13;1.97;1.95;0.18;45.1;10.78;5.56;3.08;0.52;1.71;4.39;146.6;124.2;10.2;3.4;8.8;1.1;0.5;0.14;0.2
-1;0;100;100;0;16.58;2.96;8.43;1.24;1.24;0.155;62.9;7.95;3.98;2.37;0.39;1.36;4.12;180.3;150.8;18.6;2.7;8.2;0.37;0.6;0.12;0.15;1.73;1.73;0.176;37.1;9.84;5.01;2.84;0.52;1.6;4.3;106.1;84.6;9.7;3.2;8.6;1.06;0.34;0.14;0.19
-1;0;100;100;50;16.93;3.43;9.73;1.36;1.41;0.166;62.3;8.46;4.36;2.47;0.41;1.45;4.81;180.1;149.7;17.9;2.9;9.6;0.38;0.75;0.12;0.16;2.16;2.13;0.178;37.7;11.97;6.2;3.43;0.61;1.98;4.92;109;85.2;10.1;4;9.8;1.32;0.42;0.16;0.23
-1;0;100;100;100;16.51;3.87;10.71;1.6;1.62;0.183;61.5;8.79;4.59;2.5;0.42;1.45;5.34;178.1;147.7;16.8;2.9;10.7;0.37;0.97;0.12;0.17;2.58;2.59;0.18;38.5;14.34;7.45;4.01;0.73;2.42;5.38;111.3;86.2;9.6;4.8;10.8;1.63;0.48;0.21;0.27
-1;50;0;0;0;15.38;2.23;6.51;1.07;1.13;0.152;44.4;7.34;3.65;2.15;0.36;1.23;3.33;143.5;123.3;11.1;2.5;6.7;0.67;0.22;0.1;0.14;0.98;0.95;0.155;55.6;6.06;3.05;1.76;0.32;1.01;3.18;179.8;155.5;15.9;2;6.4;0.42;0.32;0.09;0.12
-1;50;0;0;50;14.94;2.36;6.85;1.17;1.17;0.157;44.2;7.42;3.76;2.15;0.38;1.27;3.4;142.9;123.5;10.1;2.5;6.8;0.66;0.28;0.1;0.13;1.02;1.03;0.155;55.8;6.65;3.29;2.03;0.34;1.09;3.46;180.2;155.4;15.7;2.2;6.9;0.45;0.36;0.09;0.14
-1;50;0;0;100;14.59;2.46;7.15;1.19;1.25;0.163;44.4;7.64;3.84;2.26;0.37;1.29;3.49;143.1;124.4;9.1;2.6;7;0.68;0.32;0.11;0.14;1.19;1.15;0.158;55.6;7.2;3.64;2.15;0.35;1.18;3.66;179.6;154.1;15.8;2.4;7.3;0.45;0.45;0.1;0.14
-1;50;0;50;0;17.27;2.73;7.96;1.17;1.24;0.151;50;8.15;4.04;2.49;0.44;1.41;3.92;145.4;120.1;14.7;2.8;7.8;0.66;0.3;0.12;0.16;1.42;1.35;0.162;50;8.31;4.21;2.4;0.43;1.32;4.03;145.6;119.9;15;2.6;8.1;0.76;0.31;0.12;0.16
-1;50;0;50;50;17.2;3.11;8.64;1.34;1.33;0.157;49.6;8.39;4.24;2.47;0.43;1.44;4.28;145;119.8;13.8;2.9;8.6;0.65;0.39;0.12;0.16;1.58;1.57;0.163;50.4;9.63;4.94;2.8;0.47;1.67;4.36;147.6;120.2;15.4;3.3;8.7;0.9;0.35;0.13;0.19
-1;50;0;50;100;16.88;3.25;9.37;1.39;1.38;0.164;49.2;8.38;4.26;2.45;0.44;1.41;4.57;144.3;119.8;12.6;2.8;9.1;0.64;0.46;0.13;0.15;1.95;1.89;0.166;50.8;11.36;5.71;3.36;0.57;1.84;4.8;149;120.2;15.5;3.7;9.6;1.08;0.44;0.16;0.21
-1;50;0;100;0;19.34;3.17;9.07;1.22;1.29;0.15;57.5;8.55;4.2;2.61;0.44;1.45;4.5;147.9;118.4;17.6;2.9;9;0.63;0.36;0.12;0.17;1.78;1.7;0.165;42.5;10.28;5.33;2.99;0.48;1.72;4.57;109.1;81.1;15.5;3.4;9.1;1.03;0.32;0.15;0.2
-1;50;0;100;50;18.92;3.54;10.24;1.36;1.42;0.156;56.9;9.06;4.52;2.71;0.46;1.54;5.04;147.3;117.2;17;3.1;10.1;0.65;0.48;0.12;0.18;2.02;2.04;0.166;43.1;12.26;6.2;3.6;0.57;2.01;5.2;111.3;81.9;15;4;10.4;1.28;0.35;0.17;0.24
-1;50;0;100;100;18.89;3.97;11.32;1.51;1.55;0.164;56.4;9.39;4.73;2.79;0.45;1.59;5.56;146.8;116.2;16.3;3.2;11.1;0.63;0.61;0.14;0.18;2.47;2.44;0.169;43.6;14.41;7.39;4.19;0.67;2.38;5.75;113.5;82.5;14.7;4.8;11.5;1.54;0.42;0.21;0.28
-1;50;50;0;0;15.31;2.48;7.19;1.32;1.3;0.153;44.7;8.45;4.27;2.55;0.43;1.42;3.58;144.9;123.8;11.1;2.8;7.2;0.78;0.24;0.12;0.16;1.03;1.05;0.163;55.3;6.36;3.26;1.83;0.31;1.06;3.61;179.3;154.9;15.1;2.1;7.2;0.42;0.41;0.09;0.13
-1;50;50;0;50;14.79;2.58;7.51;1.35;1.39;0.158;44.7;8.74;4.36;2.65;0.43;1.47;3.71;144.7;124.2;10.2;2.9;7.4;0.8;0.3;0.12;0.17;1.14;1.16;0.167;55.3;6.91;3.47;2.03;0.35;1.11;3.79;179;154.4;14.9;2.2;7.6;0.45;0.49;0.09;0.13
-1;50;50;0;100;14.5;2.67;7.84;1.5;1.5;0.165;44.8;9.01;4.54;2.62;0.49;1.45;3.87;144.9;125;9.3;2.9;7.7;0.82;0.38;0.13;0.17;1.33;1.29;0.172;55.2;7.47;3.85;2.14;0.37;1.23;3.98;178.7;153.3;15.1;2.5;8;0.45;0.61;0.11;0.14
-1;50;50;50;0;17.13;2.95;8.7;1.4;1.43;0.151;50.3;9.42;4.72;2.85;0.45;1.55;4.37;147.2;120.8;14.6;3.1;8.7;0.79;0.34;0.12;0.18;1.49;1.45;0.168;49.7;8.59;4.35;2.51;0.41;1.4;4.33;145.1;119.3;14.4;2.8;8.7;0.77;0.39;0.12;0.16
-1;50;50;50;50;16.7;3.21;9.33;1.55;1.54;0.16;50;9.54;4.89;2.76;0.47;1.61;4.62;146.6;120.6;13.5;3.2;9.2;0.78;0.45;0.13;0.18;1.71;1.7;0.171;50;9.87;5.08;2.9;0.48;1.59;4.71;146.3;119.4;14.3;3.2;9.4;0.88;0.48;0.14;0.19
-1;50;50;50;100;16.54;3.48;10.22;1.6;1.64;0.167;49.8;9.81;4.98;2.85;0.5;1.63;5.06;146.5;120.6;12.6;3.3;10.1;0.78;0.55;0.13;0.18;2.03;2.01;0.175;50.2;11.46;5.94;3.31;0.58;1.85;5.16;147.9;119.4;14.4;3.7;10.3;1.05;0.58;0.16;0.22
-1;50;50;100;0;19.1;3.41;9.79;1.59;1.56;0.154;57.7;10.13;5.11;3.01;0.5;1.67;4.91;148.9;117.9;17.8;3.3;9.8;0.76;0.46;0.15;0.19;1.81;1.78;0.17;42.3;10.46;5.34;3.01;0.53;1.74;4.89;109;81.4;14.4;3.5;9.8;1.03;0.4;0.15;0.2
-1;50;50;100;50;18.71;3.9;10.86;1.62;1.69;0.16;57.2;10.5;5.26;3.1;0.55;1.78;5.42;148.5;117;17;3.6;10.8;0.76;0.59;0.15;0.19;2.16;2.15;0.173;42.8;12.35;6.33;3.54;0.63;2.11;5.45;111.1;82;14;4.2;10.9;1.27;0.46;0.19;0.23
-1;50;50;100;100;18.61;4.23;12.2;1.83;1.83;0.172;56.4;10.61;5.4;3.15;0.5;1.74;6;147.5;116.1;15.9;3.5;12;0.75;0.75;0.14;0.19;2.67;2.65;0.176;43.6;15.02;7.7;4.36;0.79;2.49;6.2;114;82.6;14.1;5;12.4;1.59;0.55;0.21;0.29
-1;50;100;0;0;14.99;2.79;8.02;1.6;1.61;0.156;45;10.32;5.22;2.98;0.51;1.73;3.99;146.3;123.4;11.5;3.5;8;0.95;0.32;0.14;0.2;1.12;1.12;0.172;55;6.45;3.35;1.85;0.3;1.06;4.03;179.2;155.5;13.5;2.1;8.1;0.42;0.49;0.09;0.12
-1;50;100;0;50;14.64;2.87;8.41;1.6;1.66;0.16;45.1;10.31;5.17;3.06;0.51;1.7;4.23;146.6;124.5;10.3;3.4;8.5;0.95;0.37;0.13;0.2;1.26;1.27;0.177;54.9;7.13;3.65;2.11;0.33;1.17;4.18;178.7;154.1;13.9;2.3;8.4;0.44;0.6;0.1;0.13
-1;50;100;0;100;14.09;2.97;8.39;1.81;1.76;0.168;45.3;10.44;5.31;2.97;0.55;1.73;4.18;146.6;125.7;9.1;3.5;8.4;0.97;0.44;0.15;0.2;1.44;1.45;0.188;54.7;7.67;3.91;2.18;0.4;1.23;4.21;177.2;152.4;14;2.5;8.4;0.44;0.76;0.1;0.15
-1;50;100;50;0;16.81;3.23;9.33;1.68;1.67;0.155;50.5;10.76;5.41;3.21;0.51;1.81;4.63;148.1;120.7;14.6;3.6;9.3;0.9;0.41;0.15;0.21;1.57;1.54;0.174;49.5;8.83;4.5;2.56;0.44;1.42;4.7;144.9;119.3;13.4;2.8;9.4;0.76;0.49;0.12;0.17
-1;50;100;50;50;16.43;3.43;10.12;1.84;1.81;0.163;50.3;11.07;5.59;3.29;0.54;1.81;4.96;147.7;120.7;13.5;3.6;9.9;0.92;0.55;0.15;0.2;1.83;1.81;0.178;49.7;10.13;5.19;2.88;0.5;1.63;5.16;146.1;119.3;13.2;3.3;10.3;0.89;0.58;0.14;0.2
-1;50;100;50;100;16.26;3.78;10.78;1.96;1.99;0.173;50.3;11.48;5.88;3.32;0.56;1.93;5.43;148.5;121.1;12.6;3.9;10.9;0.93;0.69;0.16;0.21;2.21;2.15;0.184;49.7;11.66;6.04;3.25;0.58;1.85;5.35;146.6;118.9;13.3;3.7;10.7;1.05;0.73;0.15;0.22
-1;50;100;100;0;18.75;3.75;10.74;1.85;1.88;0.157;57.7;11.89;5.96;3.56;0.59;2.02;5.31;149.6;116.9;18;4;10.6;0.89;0.59;0.16;0.24;1.97;1.87;0.175;42.3;10.66;5.57;3;0.5;1.74;5.44;109.5;82;13.2;3.5;10.9;1.04;0.48;0.15;0.2
-1;50;100;100;50;18.61;4.19;11.84;2.01;2;0.164;57.2;12.09;6.21;3.49;0.56;2.09;5.93;149.3;116.2;17.1;4.2;11.9;0.88;0.72;0.17;0.23;2.27;2.28;0.178;42.8;12.8;6.54;3.71;0.66;2.1;5.91;111.5;82.5;13;4.2;11.8;1.3;0.56;0.18;0.24
-1;50;100;100;100;18.34;4.37;12.87;2.11;2.17;0.175;56.7;12.3;6.29;3.54;0.64;2.02;6.34;148.6;115.7;16.1;4;12.7;0.89;0.89;0.17;0.22;2.8;2.72;0.182;43.3;14.9;7.73;4.24;0.73;2.35;6.53;113.4;82.8;12.8;4.7;13.1;1.57;0.69;0.19;0.28
-1;100;0;0;0;17.52;2.67;7.68;1.43;1.42;0.154;36.7;9.13;4.58;2.69;0.46;1.54;3.88;105.4;83.6;11;3.1;7.8;0.89;0.22;0.12;0.18;1.03;1.04;0.152;63.3;6.75;3.36;1.98;0.36;1.13;3.81;182.1;152.9;19.4;2.3;7.6;0.42;0.4;0.1;0.13
-1;100;0;0;50;17.17;2.89;8.12;1.52;1.51;0.159;37.1;9.46;4.9;2.64;0.5;1.65;4.15;106.2;84.6;10;3.3;8.3;0.92;0.27;0.14;0.18;1.26;1.18;0.156;62.9;7.53;3.83;2.22;0.38;1.24;3.97;180.6;150.8;19.4;2.5;7.9;0.42;0.52;0.1;0.15
-1;100;0;0;100;16.86;2.85;8.63;1.44;1.52;0.162;37;9.36;4.61;2.78;0.49;1.47;4.28;105.9;85.5;8.9;2.9;8.6;0.91;0.32;0.12;0.19;1.4;1.37;0.162;63;8.43;4.32;2.47;0.43;1.38;4.35;180.2;149;19.8;2.8;8.7;0.43;0.64;0.12;0.17
-1;100;0;50;0;19.19;3.13;8.96;1.49;1.5;0.153;42;9.76;4.91;2.93;0.46;1.66;4.36;107.8;81.4;14.3;3.3;8.7;0.88;0.3;0.14;0.18;1.44;1.42;0.16;58;8.84;4.44;2.63;0.43;1.47;4.6;148.7;117.9;18.7;2.9;9.2;0.74;0.38;0.13;0.17
-1;100;0;50;50;18.96;3.53;9.89;1.52;1.57;0.158;42;9.87;4.96;2.94;0.52;1.67;4.82;108.2;82.1;13.2;3.3;9.6;0.87;0.37;0.15;0.18;1.74;1.76;0.164;58;10.71;5.49;3.12;0.5;1.86;5.07;149.8;116.9;19;3.7;10.1;0.89;0.5;0.16;0.21
-1;100;0;50;100;18.9;3.69;10.86;1.62;1.68;0.163;42.1;10.25;5.06;3.08;0.54;1.66;5.33;109.1;82.8;12.3;3.3;10.7;0.89;0.45;0.15;0.19;2.06;2.07;0.167;57.9;12.33;6.29;3.61;0.61;2.03;5.53;150.1;115.8;19.1;4.1;11.1;1.02;0.63;0.18;0.25
-1;100;0;100;0;20.86;3.55;10.09;1.54;1.54;0.152;50;10.11;5.13;2.96;0.49;1.77;5.06;111.4;80.6;17.2;3.5;10.1;0.86;0.35;0.14;0.19;1.78;1.77;0.163;50;10.8;5.46;3.11;0.56;1.78;5.03;111.5;79.4;18.5;3.6;10.1;1.02;0.38;0.16;0.21
-1;100;0;100;50;20.69;4.02;11.33;1.65;1.69;0.158;49.4;10.69;5.39;3.14;0.54;1.86;5.61;111.3;80;16.4;3.7;11.2;0.86;0.47;0.15;0.21;2.22;2.17;0.167;50.6;13;6.62;3.76;0.64;2.16;5.72;114;80;18.2;4.3;11.4;1.27;0.47;0.18;0.25
-1;100;0;100;100;20.82;4.4;12.66;1.77;1.81;0.164;48.9;11;5.59;3.1;0.59;1.86;6.32;111.6;79.8;15.5;3.7;12.6;0.85;0.59;0.16;0.21;2.67;2.65;0.17;51.1;15.61;7.98;4.57;0.75;2.54;6.35;116.5;80.2;18.5;5.1;12.7;1.54;0.6;0.21;0.3
-1;100;50;0;0;17.16;2.99;8.94;1.78;1.75;0.155;37.6;11.22;5.62;3.39;0.53;1.81;4.48;108.3;84.8;10.9;3.6;9;1.14;0.24;0.15;0.22;1.2;1.17;0.161;62.4;7.2;3.63;2.08;0.37;1.18;4.46;179.9;150.3;18.3;2.4;8.9;0.4;0.53;0.1;0.14
-1;100;50;0;50;17.03;3.19;9.28;1.73;1.8;0.159;37.6;11.3;5.67;3.31;0.54;1.86;4.57;108.2;85.5;9.9;3.7;9.1;1.14;0.29;0.15;0.22;1.36;1.34;0.166;62.4;8.03;4.08;2.35;0.39;1.33;4.71;179.8;149.1;18.6;2.7;9.4;0.42;0.66;0.1;0.16
-1;100;50;0;100;16.78;3.35;9.64;1.88;1.88;0.164;37.8;11.42;5.83;3.31;0.57;1.86;4.83;108.6;86.5;8.7;3.7;9.7;1.15;0.35;0.16;0.22;1.51;1.53;0.172;62.2;8.84;4.55;2.54;0.45;1.49;4.82;178.5;146.9;19;3;9.6;0.43;0.8;0.12;0.17
-1;100;50;50;0;19.29;3.45;10.24;1.83;1.81;0.153;43;11.78;5.84;3.51;0.62;1.91;5.06;110.9;82.6;14.4;3.8;10.1;1.11;0.33;0.15;0.22;1.57;1.54;0.166;57;9.28;4.72;2.72;0.43;1.54;5.18;147.4;116.1;17.9;3.1;10.4;0.72;0.52;0.13;0.18
-1;100;50;50;50;18.71;3.78;10.95;1.88;1.91;0.16;42.8;11.84;5.93;3.51;0.59;1.94;5.46;110.8;83;13;3.9;10.9;1.1;0.43;0.16;0.22;1.87;1.86;0.17;57.2;10.92;5.52;3.21;0.53;1.84;5.49;148;115.5;17.9;3.7;11;0.87;0.63;0.15;0.22
-1;100;50;50;100;18.69;4.12;12.02;2.03;2.06;0.166;42.9;12.4;6.25;3.69;0.64;2.06;6.07;111.8;83.5;12.1;4.1;12.1;1.12;0.52;0.17;0.25;2.26;2.19;0.174;57.1;12.59;6.51;3.63;0.62;2.07;5.95;148.9;114.8;18.1;4.1;11.9;1.01;0.77;0.17;0.24
-1;100;50;100;0;20.84;3.92;11.46;1.97;1.96;0.155;50.3;12.61;6.3;3.8;0.65;2.09;5.72;113.5;80.6;17.2;4.2;11.4;1.09;0.46;0.16;0.24;1.92;1.87;0.168;49.7;11.13;5.74;3.17;0.55;1.83;5.74;112;79.4;17.5;3.7;11.5;1.02;0.5;0.15;0.21
-1;100;50;100;50;20.9;4.33;12.56;2.09;2.07;0.161;49.8;12.82;6.46;3.77;0.66;2.14;6.15;113.5;80.3;16.5;4.3;12.3;1.07;0.58;0.18;0.24;2.35;2.32;0.172;50.2;13.47;6.92;3.92;0.65;2.19;6.4;114.5;79.7;17.6;4.4;12.8;1.25;0.62;0.19;0.27
-1;100;50;100;100;20.57;4.83;13.8;2.25;2.23;0.17;49.3;13.1;6.72;3.83;0.66;2.19;6.77;113.4;79.9;15.6;4.4;13.5;1.06;0.75;0.18;0.24;2.74;2.78;0.175;50.7;15.83;8.19;4.56;0.78;2.65;7.03;116.7;80.1;17.3;5.3;14.1;1.53;0.73;0.23;0.29
-1;100;100;0;0;17.28;3.47;10.3;2.04;2.13;0.158;38.3;13.49;6.81;3.96;0.69;2.28;5.16;111.1;85.4;10.8;4.6;10.3;1.38;0.3;0.19;0.27;1.37;1.33;0.172;61.7;7.7;3.91;2.3;0.41;1.2;5.13;179.3;149.2;17.5;2.4;10.3;0.41;0.67;0.1;0.15
-1;100;100;0;50;16.98;3.67;10.63;2.13;2.18;0.161;38.2;13.54;6.75;4.03;0.72;2.28;5.2;110.8;86.1;9.7;4.6;10.4;1.39;0.35;0.19;0.26;1.59;1.55;0.183;61.8;8.44;4.44;2.42;0.4;1.39;5.42;179.2;147.7;17.9;2.8;10.8;0.43;0.85;0.12;0.16
-1;100;100;0;100;16.65;3.75;10.85;2.25;2.28;0.166;38.5;13.69;6.95;4.04;0.71;2.29;5.35;111.2;87;8.9;4.6;10.7;1.4;0.43;0.18;0.27;1.73;1.73;0.189;61.5;9.13;4.73;2.63;0.45;1.46;5.5;177.8;146;17.8;2.9;11;0.43;1;0.12;0.18
-1;100;100;50;0;19.05;3.98;11.51;2.23;2.2;0.156;43.4;14.07;7.1;4.18;0.69;2.35;5.63;113;82.9;14.1;4.7;11.3;1.35;0.41;0.18;0.26;1.68;1.7;0.174;56.7;9.77;5.05;2.78;0.47;1.63;5.89;147.7;115.7;17;3.3;11.8;0.75;0.64;0.14;0.18
-1;100;100;50;50;18.75;4.25;12.24;2.35;2.4;0.163;43.6;14.64;7.33;4.35;0.74;2.44;6.23;113.8;83.2;13.3;4.9;12.5;1.36;0.54;0.2;0.29;2.09;2.04;0.182;56.4;11.18;5.87;3.13;0.56;1.81;6;147.5;115.2;16.7;3.6;12;0.87;0.81;0.16;0.2
-1;100;100;50;100;18.61;4.4;12.99;2.53;2.49;0.17;43.2;14.6;7.53;4.21;0.75;2.35;6.4;113.3;83.7;12.1;4.7;12.8;1.35;0.67;0.2;0.27;2.39;2.38;0.186;56.8;12.82;6.63;3.67;0.62;2.04;6.58;149;114.5;17.3;4.1;13.2;1;0.98;0.17;0.24
-1;100;100;100;0;20.86;4.25;12.64;2.39;2.36;0.158;50.7;14.89;7.41;4.39;0.77;2.38;6.26;115.6;80.8;17.5;4.8;12.5;1.3;0.57;0.19;0.29;2.01;2.01;0.174;49.3;11.5;5.83;3.4;0.56;1.86;6.37;112.4;79.2;16.7;3.7;12.7;1;0.63;0.16;0.22
-1;100;100;100;50;20.56;4.78;13.57;2.45;2.48;0.164;50.3;15.09;7.62;4.35;0.79;2.57;6.59;115.6;80.7;16.5;5.1;13.2;1.3;0.69;0.21;0.28;2.53;2.49;0.181;49.7;13.7;7.09;3.9;0.69;2.21;6.97;114.1;79.3;16.5;4.4;13.9;1.24;0.79;0.19;0.27
-1;100;100;100;100;20.65;5.25;14.78;2.62;2.67;0.172;50;15.43;7.93;4.49;0.79;2.63;7.36;116;80.5;15.6;5.3;14.7;1.3;0.86;0.22;0.29;2.95;2.91;0.184;50;15.81;8.28;4.46;0.79;2.63;7.42;116.1;79.5;16.5;5.3;14.8;1.5;0.91;0.21;0.29
0;0;0;0;0;13.49;1.79;5.16;0.86;0.83;0.152;50.1;5.34;2.69;1.55;0.28;0.94;2.64;179.3;160;12.1;1.9;5.3;0.4;0.25;0.08;0.1;0.77;0.82;0.151;49.9;5.33;2.63;1.6;0.27;0.85;2.52;178.5;160;11.8;1.7;5;0.4;0.25;0.07;0.1
0;0;0;0;50;13.04;1.81;5.43;0.84;0.89;0.159;49.7;5.48;2.67;1.64;0.27;0.87;2.73;177.8;159.7;10.9;1.7;5.5;0.4;0.3;0.07;0.11;0.87;0.88;0.152;50.3;5.63;2.82;1.69;0.29;0.94;2.71;179.6;160.3;12;1.9;5.4;0.43;0.25;0.08;0.11
0;0;0;0;100;12.63;1.86;5.55;0.99;0.94;0.167;49.9;5.51;2.83;1.64;0.25;0.88;2.77;177.9;160.6;9.9;1.8;5.5;0.41;0.35;0.07;0.11;0.92;0.95;0.156;50.1;6.01;3;1.78;0.34;0.98;2.79;178.9;159.4;12;2;5.6;0.43;0.32;0.09;0.11
0;0;0;50;0;15.54;2.23;6.54;0.94;0.91;0.151;55.8;5.94;2.97;1.76;0.29;1;3.25;180.9;157;15.4;2;6.5;0.39;0.31;0.09;0.11;1.19;1.22;0.158;44.2;7.68;3.86;2.28;0.4;1.24;3.29;143.2;122.3;11.8;2.5;6.6;0.72;0.25;0.1;0.15
0;0;0;50;50;15.11;2.56;7.22;0.96;0.99;0.16;55.4;6.15;3.09;1.82;0.34;1.04;3.68;179.8;156.3;14.1;2.1;7.4;0.4;0.38;0.09;0.12;1.42;1.43;0.16;44.6;8.92;4.5;2.63;0.48;1.52;3.54;144.8;122.8;11.9;3;7.1;0.87;0.26;0.13;0.17
0;0;0;50;100;14.98;2.75;7.92;1.09;1.06;0.168;55.2;6.29;3.27;1.79;0.31;1.03;4.01;179.9;156.4;13.4;2.1;8;0.39;0.47;0.08;0.12;1.68;1.69;0.162;44.8;10.4;5.21;3.03;0.51;1.72;3.91;145.8;122.7;11.9;3.4;7.8;1.01;0.33;0.15;0.2
0;0;0;100;0;17.36;2.72;7.75;0.96;1;0.149;63.4;6.63;3.35;1.96;0.33;1.16;3.92;182.7;153.8;18.7;2.3;7.8;0.39;0.39;0.1;0.13;1.56;1.53;0.161;36.6;9.44;4.8;2.78;0.49;1.56;3.83;105.3;83.1;11.4;3.1;7.7;0.97;0.24;0.14;0.18
0;0;0;100;50;17.55;3.09;9.07;1.19;1.14;0.157;62.4;7.2;3.62;2.12;0.36;1.21;4.54;181;151.5;18;2.4;9.1;0.4;0.52;0.09;0.13;1.82;1.85;0.162;37.6;11.38;5.72;3.35;0.6;1.88;4.54;108.7;84.3;11.6;3.8;9.1;1.22;0.25;0.15;0.22
0;0;0;100;100;17.11;3.46;10.12;1.3;1.25;0.169;61.9;7.34;3.73;2.16;0.34;1.19;5.14;179.7;150.2;16.8;2.4;10.3;0.38;0.63;0.1;0.14;2.27;2.26;0.164;38.1;13.74;6.95;3.98;0.72;2.27;4.97;110.6;84.9;11.2;4.5;9.9;1.51;0.3;0.19;0.26
0;0;50;0;0;13.05;1.83;5.4;0.85;0.86;0.152;50.2;5.58;2.75;1.68;0.33;0.89;2.73;179.3;160.2;11.8;1.8;5.5;0.42;0.26;0.07;0.11;0.9;0.89;0.159;49.8;5.46;2.78;1.58;0.3;0.93;2.67;178.1;159.8;11.1;1.9;5.3;0.41;0.3;0.08;0.11
0;0;50;0;50;12.86;1.92;5.54;0.91;0.9;0.158;50;5.6;2.85;1.62;0.28;0.93;2.76;178.6;160.1;11.1;1.9;5.5;0.4;0.33;0.07;0.1;0.97;0.96;0.159;50;5.9;2.98;1.72;0.3;0.99;2.78;178.7;159.9;11.2;2;5.6;0.43;0.33;0.09;0.12
0;0;50;0;100;12.26;2.08;5.86;1.05;1.06;0.172;49.9;6.1;3.14;1.74;0.31;1.02;2.93;178.2;160.3;10;2;5.9;0.43;0.42;0.08;0.12;1.05;1.05;0.164;50.1;6.32;3.19;1.81;0.33;1.06;2.93;178.7;159.7;11;2.1;5.9;0.44;0.4;0.09;0.12
0;0;50;50;0;15.04;2.42;6.93;0.97;0.99;0.15;55.8;6.51;3.26;1.94;0.35;1.1;3.48;180.4;156;15.2;2.2;7;0.41;0.35;0.09;0.13;1.32;1.29;0.163;44.2;7.85;4.01;2.27;0.39;1.31;3.45;143.1;123;10.6;2.6;6.9;0.74;0.29;0.11;0.15
0;0;50;50;50;14.91;2.63;7.63;1.1;1.1;0.163;55.2;6.65;3.41;1.91;0.33;1.11;3.87;179.1;154.9;14.3;2.2;7.7;0.4;0.48;0.09;0.13;1.48;1.49;0.164;44.8;9.06;4.56;2.64;0.49;1.52;3.76;145.2;123.8;10.8;3;7.5;0.88;0.32;0.12;0.17
0;0;50;50;100;14.7;2.91;8.3;1.19;1.23;0.173;54.8;7.03;3.64;2.01;0.34;1.18;4.03;178.1;154;13.7;2.4;8.1;0.4;0.6;0.1;0.13;1.68;1.73;0.167;45.2;10.35;5.22;3.05;0.5;1.73;4.26;147.1;124.5;10.6;3.5;8.5;1;0.38;0.15;0.2
0;0;50;100;0;17.11;2.83;8.08;1.17;1.14;0.153;63.1;7.4;3.77;2.13;0.39;1.27;3.99;181.2;151.7;19;2.5;8;0.4;0.5;0.11;0.14;1.66;1.59;0.165;36.9;9.62;4.86;2.81;0.49;1.56;4.08;105.7;84.1;10.2;3.1;8.2;0.99;0.28;0.13;0.19
0;0;50;100;50;16.88;3.19;9.06;1.25;1.26;0.164;62.6;7.63;3.88;2.16;0.43;1.28;4.65;180.7;151;17.8;2.6;9.3;0.39;0.61;0.11;0.15;1.93;1.91;0.165;37.4;11.53;5.94;3.25;0.58;1.92;4.41;107.6;84.5;10.5;3.8;8.8;1.23;0.31;0.17;0.21
0;0;50;100;100;16.86;3.56;10.34;1.48;1.49;0.18;61.7;8.21;4.22;2.37;0.39;1.33;5.17;178.6;148.2;17.3;2.7;10.3;0.38;0.83;0.12;0.15;2.38;2.29;0.167;38.3;13.63;6.95;4.02;0.63;2.23;5.17;110.8;85.9;10.1;4.5;10.3;1.48;0.36;0.18;0.26
0;0;100;0;0;12.61;1.94;5.51;0.98;0.96;0.155;50;6.11;3.08;1.82;0.3;1.01;2.75;178.4;158.8;12.1;2;5.5;0.43;0.33;0.09;0.11;0.96;0.92;0.167;50;5.41;2.8;1.55;0.27;0.93;2.76;178.4;161.2;9.8;1.9;5.5;0.4;0.34;0.08;0.1
0;0;100;0;50;12.19;2.01;5.78;1.03;1.04;0.164;50;6.27;3.19;1.86;0.29;1.08;2.91;178.1;159.3;10.9;2.2;5.8;0.43;0.4;0.1;0.12;1.01;1.01;0.172;50;5.79;2.91;1.71;0.3;0.93;2.87;178.3;160.7;9.9;1.9;5.7;0.42;0.41;0.08;0.1
0;0;100;0;100;11.73;2.07;6;1.18;1.15;0.177;49.9;6.44;3.33;1.81;0.34;1.04;2.94;177.7;159.6;10.1;2.1;5.9;0.44;0.5;0.09;0.12;1.16;1.14;0.177;50.1;6.36;3.36;1.77;0.32;1.03;3.06;178.4;160.4;9.8;2.1;6.1;0.44;0.48;0.1;0.12
0;0;100;50;0;14.73;2.38;7.16;1.12;1.08;0.154;55.7;6.96;3.51;2.05;0.34;1.11;3.6;179.9;155.1;15.4;2.2;7.2;0.42;0.43;0.09;0.14;1.34;1.33;0.169;44.3;7.86;4.07;2.18;0.42;1.28;3.56;143.2;123.7;9.8;2.6;7.1;0.74;0.34;0.11;0.15
0;0;100;50;50;14.32;2.73;7.86;1.25;1.26;0.169;55.3;7.41;3.77;2.21;0.32;1.25;4;179;154.1;14.4;2.5;8;0.42;0.59;0.11;0.14;1.55;1.56;0.171;44.7;9.07;4.59;2.65;0.48;1.48;3.86;144.7;124.5;9.6;3;7.7;0.87;0.4;0.12;0.17
0;0;100;50;100;14.29;3.06;8.65;1.37;1.42;0.184;54.7;7.66;3.93;2.23;0.39;1.22;4.31;177.9;153.3;13.6;2.4;8.6;0.42;0.75;0.11;0.15;1.8;1.87;0.174;45.3;10.66;5.49;3.05;0.55;1.84;4.34;147.2;125.1;9.7;3.7;8.7;1.03;0.48;0.16;0.2
0;0;100;100;0;16.83;2.9;8.49;1.28;1.3;0.158;63;8.2;4.11;2.42;0.42;1.33;4.28;180.4;150.1;19;2.7;8.6;0.4;0.63;0.11;0.16;1.64;1.63;0.169;37;9.61;4.95;2.68;0.47;1.56;4.21;106;84.9;9.5;3.1;8.4;0.98;0.34;0.13;0.18
0;0;100;100;50;16.92;3.32;9.82;1.57;1.5;0.169;62.2;8.8;4.47;2.59;0.44;1.4;4.94;179.4;148.2;18.5;2.8;9.9;0.41;0.79;0.12;0.17;2.02;2.02;0.171;37.8;11.79;5.93;3.48;0.62;1.93;4.88;108.8;85.9;9.3;3.9;9.8;1.24;0.4;0.15;0.23
0;0;100;100;100;16.59;3.79;10.75;1.64;1.67;0.187;61.6;8.91;4.64;2.6;0.42;1.44;5.46;178.1;146.8;17.5;2.9;10.9;0.39;0.98;0.13;0.17;2.38;2.41;0.173;38.4;13.93;7.1;4.02;0.72;2.34;5.3;111;86.6;9.1;4.7;10.6;1.51;0.44;0.19;0.26
0;50;0;0;0;15.68;2.29;6.69;1.18;1.24;0.158;44.4;7.76;3.82;2.36;0.42;1.29;3.4;144;122.8;11.8;2.6;6.8;0.74;0.24;0.11;0.15;0.94;0.92;0.15;55.6;6.05;3.01;1.77;0.34;1;3.29;180.2;156.3;15.3;2;6.6;0.4;0.32;0.08;0.11
0;50;0;0;50;14.97;2.37;6.79;1.27;1.25;0.163;44.2;7.64;3.89;2.19;0.39;1.25;3.4;142.9;123.1;10.5;2.5;6.8;0.72;0.29;0.1;0.15;0.95;0.98;0.15;55.8;6.44;3.31;1.88;0.31;1.12;3.38;180.2;155.8;15.4;2.2;6.8;0.4;0.35;0.09;0.13
0;50;0;0;100;14.65;2.46;7.04;1.36;1.34;0.169;44.4;7.88;4.01;2.29;0.35;1.31;3.53;143.3;124;9.6;2.6;7.1;0.73;0.34;0.12;0.15;1.12;1.09;0.154;55.6;7.02;3.56;2.08;0.35;1.15;3.51;179.5;154.7;15.5;2.3;7;0.41;0.44;0.09;0.15
0;50;0;50;0;17.3;2.77;7.84;1.43;1.31;0.157;50;8.3;4.29;2.36;0.46;1.42;3.92;145.5;119.8;15;2.8;7.8;0.72;0.31;0.12;0.17;1.24;1.27;0.157;50;8.07;4.05;2.4;0.39;1.35;3.92;145.6;120.2;14.8;2.7;7.8;0.7;0.3;0.12;0.16
0;50;0;50;50;17.07;2.91;8.52;1.36;1.36;0.162;49.8;8.35;4.23;2.43;0.44;1.36;4.19;145.3;120;14.1;2.7;8.4;0.71;0.38;0.12;0.16;1.44;1.48;0.157;50.2;9.39;4.7;2.75;0.48;1.55;4.33;146.6;120;14.9;3.1;8.7;0.82;0.34;0.13;0.19
0;50;0;50;100;16.69;3.3;9.35;1.54;1.48;0.169;49.4;8.7;4.48;2.49;0.41;1.43;4.67;144.8;119.5;13.1;2.9;9.3;0.71;0.47;0.12;0.17;1.72;1.77;0.161;50.6;10.95;5.45;3.26;0.56;1.87;4.68;148.3;120.5;14.7;3.7;9.4;0.98;0.41;0.16;0.21
0;50;0;100;0;19.26;3.07;9.11;1.35;1.36;0.154;57.6;8.74;4.4;2.57;0.47;1.44;4.51;147.6;117.3;18.4;2.9;9;0.69;0.38;0.12;0.17;1.6;1.58;0.159;42.5;9.86;5;2.87;0.5;1.63;4.6;108.8;81.8;14.5;3.3;9.2;0.97;0.29;0.13;0.19
0;50;0;100;50;19.05;3.5;10.22;1.52;1.5;0.161;57;9.29;4.67;2.76;0.48;1.5;5.05;147.2;116.5;17.6;3;10.1;0.69;0.51;0.13;0.17;1.97;1.93;0.16;43;12.02;6.07;3.52;0.6;2;5.17;111.1;82.4;14.4;4;10.3;1.2;0.33;0.17;0.24
0;50;0;100;100;19;3.89;11.4;1.62;1.61;0.169;56.4;9.51;4.83;2.8;0.46;1.53;5.64;146.9;116.1;16.5;3.1;11.3;0.69;0.62;0.13;0.18;2.37;2.33;0.162;43.6;14.29;7.28;4.08;0.76;2.36;5.75;113.6;82.6;14.7;4.7;11.5;1.44;0.42;0.19;0.28
0;50;50;0;0;15.21;2.55;7.24;1.41;1.42;0.159;44.7;8.84;4.5;2.57;0.42;1.5;3.56;145.1;123.3;11.7;3;7.1;0.87;0.26;0.13;0.16;0.96;1;0.159;55.3;6.2;3.1;1.84;0.31;1.05;3.68;179.5;155.6;14.5;2.1;7.4;0.4;0.39;0.09;0.12
0;50;50;0;50;14.78;2.57;7.46;1.47;1.48;0.164;44.7;8.96;4.5;2.58;0.47;1.46;3.74;144.9;123.8;10.7;2.9;7.5;0.87;0.31;0.12;0.18;1.09;1.11;0.164;55.3;6.72;3.38;1.98;0.36;1.1;3.72;179.1;154.9;14.5;2.2;7.4;0.4;0.48;0.1;0.13
0;50;50;0;100;14.56;2.7;7.87;1.53;1.58;0.171;44.9;9.14;4.64;2.66;0.46;1.5;3.96;145.4;124.6;9.8;3;7.9;0.87;0.41;0.13;0.17;1.23;1.23;0.168;55.1;7.29;3.69;2.16;0.36;1.2;3.91;178.6;153.8;14.6;2.4;7.8;0.41;0.59;0.09;0.14
0;50;50;50;0;17.34;2.99;8.66;1.53;1.51;0.157;50.2;9.62;4.88;2.82;0.48;1.63;4.33;146.9;119.7;15.3;3.3;8.7;0.83;0.36;0.13;0.19;1.4;1.36;0.162;49.8;8.33;4.25;2.4;0.43;1.36;4.33;145.9;120.3;14.2;2.7;8.7;0.7;0.39;0.11;0.16
0;50;50;50;50;16.91;3.25;9.31;1.66;1.64;0.166;49.9;9.83;4.99;2.87;0.5;1.61;4.69;146.5;119.7;14.2;3.2;9.4;0.83;0.48;0.14;0.19;1.6;1.61;0.166;50.1;9.67;4.99;2.83;0.44;1.64;4.62;146.8;120.3;13.9;3.3;9.2;0.83;0.46;0.14;0.18
0;50;50;50;100;16.51;3.43;10.26;1.76;1.75;0.172;49.8;10.11;5.2;2.94;0.54;1.61;5.14;146.4;119.8;13;3.2;10.3;0.85;0.57;0.13;0.2;1.96;1.89;0.169;50.2;11.15;5.68;3.27;0.58;1.81;5.12;147.8;120.2;13.8;3.6;10.2;0.98;0.56;0.15;0.2
0;50;50;100;0;18.98;3.46;9.81;1.64;1.65;0.159;57.5;10.38;5.27;3.05;0.51;1.75;4.83;148.2;116.9;18.2;3.5;9.7;0.81;0.49;0.16;0.2;1.67;1.67;0.164;42.5;10.16;5.22;2.9;0.49;1.71;4.98;109.3;82.1;13.9;3.4;10;0.95;0.38;0.14;0.2
0;50;50;100;50;18.88;3.79;10.99;1.84;1.8;0.166;57.2;10.86;5.56;3.1;0.54;1.78;5.57;148.4;116.1;17.5;3.6;11.1;0.82;0.62;0.16;0.21;2.08;2.03;0.167;42.8;12.15;6.29;3.52;0.58;2;5.41;111;82.6;13.6;4;10.8;1.19;0.45;0.17;0.22
0;50;50;100;100;18.67;4.28;12.13;1.98;1.95;0.177;56.4;10.98;5.64;3.15;0.54;1.82;5.99;147.5;115.3;16.5;3.6;12;0.81;0.78;0.15;0.2;2.47;2.5;0.17;43.6;14.73;7.54;4.26;0.77;2.46;6.15;113.7;83.1;13.4;4.9;12.3;1.47;0.54;0.21;0.28
0;50;100;0;0;14.93;2.77;7.87;1.6;1.65;0.162;44.9;10.16;5.05;3.04;0.52;1.69;3.93;146.2;123.2;11.7;3.4;7.9;0.99;0.33;0.16;0.18;1.11;1.1;0.169;55.1;6.46;3.31;1.86;0.35;1.08;3.94;179.1;155.7;13.4;2.2;7.9;0.4;0.48;0.1;0.12
0;50;100;0;50;14.69;2.88;8.31;1.79;1.74;0.166;45.1;10.44;5.31;3.02;0.53;1.74;4.16;146.6;124.1;10.7;3.5;8.3;1.01;0.39;0.13;0.2;1.23;1.23;0.173;54.9;7.06;3.58;2.03;0.37;1.14;4.16;178.7;154.5;13.6;2.3;8.3;0.4;0.61;0.09;0.13
0;50;100;0;100;13.96;2.95;8.42;1.9;1.85;0.174;45;10.57;5.5;3.06;0.47;1.76;4.15;145.8;124.6;9.3;3.5;8.3;1.04;0.46;0.16;0.2;1.38;1.38;0.184;55;7.44;3.83;2.17;0.38;1.19;4.27;178.3;153.9;13.5;2.4;8.5;0.41;0.72;0.11;0.14
0;50;100;50;0;16.88;3.36;9.31;1.76;1.77;0.16;50.5;11.02;5.71;3.13;0.52;1.95;4.67;148.2;120;15;3.9;9.3;0.98;0.43;0.16;0.21;1.44;1.45;0.169;49.5;8.58;4.4;2.47;0.41;1.41;4.63;145.1;120;13;2.8;9.3;0.72;0.46;0.11;0.16
0;50;100;50;50;16.54;3.5;10.13;1.85;1.93;0.169;50.3;11.33;5.75;3.35;0.54;1.91;5.11;148;120;14;3.8;10.2;0.97;0.57;0.16;0.22;1.78;1.74;0.172;49.7;10.03;5.13;2.93;0.52;1.6;5.01;146.2;120;13;3.2;10;0.84;0.57;0.14;0.19
0;50;100;50;100;16.16;3.72;10.77;2.02;2.05;0.179;50;11.44;5.92;3.31;0.53;1.9;5.34;147.4;120;12.9;3.8;10.7;0.98;0.69;0.16;0.22;2.09;2.06;0.179;50;11.47;5.84;3.3;0.61;1.82;5.43;147.3;120;12.8;3.6;10.9;0.98;0.7;0.16;0.22
0;50;100;100;0;18.82;3.81;10.77;1.99;1.98;0.162;57.9;12.13;6.26;3.5;0.64;2.09;5.39;150;116.4;18.7;4.2;10.8;0.96;0.61;0.17;0.24;1.8;1.76;0.169;42.1;10.4;5.38;2.91;0.52;1.72;5.38;109.1;82.4;12.5;3.4;10.8;0.97;0.45;0.14;0.19
0;50;100;100;50;18.68;4.11;11.86;2.12;2.09;0.169;57.2;12.32;6.31;3.55;0.62;2.06;5.91;149.2;115.8;17.5;4.1;11.8;0.95;0.74;0.17;0.23;2.23;2.17;0.172;42.8;12.61;6.47;3.72;0.64;2.05;5.96;111.5;82.8;12.7;4.1;11.9;1.21;0.55;0.17;0.25
0;50;100;100;100;18.44;4.48;12.75;2.38;2.29;0.181;56.6;12.62;6.59;3.57;0.62;2.1;6.35;148.1;114.6;16.6;4.2;12.7;0.95;0.93;0.17;0.24;2.63;2.62;0.176;43.4;14.79;7.6;4.29;0.73;2.37;6.4;113.5;83.6;12.3;4.7;12.8;1.48;0.66;0.21;0.27
0;100;0;0;0;17.38;2.78;7.61;1.54;1.52;0.161;36.7;9.41;4.74;2.71;0.47;1.6;3.76;105.5;83.1;11.6;3.2;7.5;0.97;0.23;0.14;0.18;1;1.02;0.15;63.3;6.73;3.34;1.97;0.36;1.18;3.85;182.3;153.7;18.5;2.4;7.7;0.4;0.38;0.11;0.13
0;100;0;0;50;17.22;2.74;8.15;1.61;1.57;0.164;36.8;9.51;4.83;2.77;0.48;1.54;4.06;105.6;84.1;10.3;3.1;8.1;0.98;0.29;0.12;0.18;1.16;1.14;0.153;63.2;7.42;3.69;2.21;0.35;1.2;4.09;181.5;151.7;19.2;2.4;8.2;0.4;0.5;0.09;0.15
0;100;0;0;100;16.74;2.91;8.47;1.62;1.63;0.169;36.9;9.63;4.87;2.81;0.53;1.6;4.19;105.6;84.9;9.2;3.2;8.4;0.99;0.33;0.13;0.19;1.29;1.27;0.158;63.1;7.99;3.98;2.37;0.42;1.31;4.29;180.6;150.3;19.1;2.6;8.6;0.4;0.61;0.11;0.15
0;100;0;50;0;19.44;3.13;9.21;1.59;1.61;0.16;42.6;10.04;5.04;3.01;0.5;1.69;4.7;109.6;82;14.8;3.4;9.4;0.96;0.3;0.15;0.2;1.35;1.37;0.154;57.4;8.87;4.39;2.69;0.47;1.43;4.51;147.4;117;18.6;2.9;9;0.69;0.39;0.12;0.17
0;100;0;50;50;19.18;3.48;9.75;1.71;1.69;0.165;42.2;10.22;5.18;2.95;0.55;1.71;4.88;108.9;81.9;13.8;3.4;9.8;0.95;0.38;0.16;0.19;1.71;1.66;0.158;57.8;10.43;5.26;3.05;0.53;1.77;4.87;149.1;117.2;18.6;3.5;9.7;0.82;0.49;0.15;0.2
0;100;0;50;100;18.78;3.67;10.72;1.72;1.78;0.169;42.3;10.46;5.34;3.07;0.53;1.74;5.45;109.3;82.2;12.7;3.5;10.9;0.96;0.47;0.14;0.2;1.85;1.91;0.162;57.7;11.74;5.88;3.45;0.61;1.93;5.27;149.4;116.7;18.4;3.9;10.5;0.94;0.59;0.16;0.22
0;100;0;100;0;21.09;3.5;9.97;1.71;1.65;0.158;49.9;10.41;5.22;3.07;0.57;1.7;5;111.4;79.9;18;3.4;10;0.92;0.37;0.15;0.2;1.65;1.65;0.158;50.1;10.41;5.28;3.04;0.53;1.8;4.97;111.7;80.1;18.1;3.6;9.9;0.93;0.37;0.15;0.2
0;100;0;100;50;21.05;3.86;11.22;1.75;1.77;0.163;49.5;10.82;5.43;3.16;0.53;1.81;5.57;111.6;79.9;17;3.6;11.1;0.93;0.48;0.15;0.2;2.07;2.05;0.161;50.5;12.76;6.41;3.68;0.71;2.05;5.65;113.7;80.1;18.2;4.1;11.3;1.15;0.48;0.18;0.24
0;100;0;100;100;20.86;4.46;12.57;1.85;1.87;0.17;49.2;11;5.66;3.2;0.55;1.84;6.3;112.1;80.1;15.7;3.7;12.6;0.91;0.59;0.17;0.2;2.6;2.55;0.164;50.8;15.5;7.97;4.43;0.75;2.62;6.27;115.9;79.9;18.3;5.2;12.5;1.43;0.6;0.22;0.3
0;100;50;0;0;17.46;3.13;8.68;1.8;1.83;0.163;37.6;11.24;5.75;3.27;0.55;1.94;4.33;108.5;84.4;11.5;3.9;8.7;1.21;0.24;0.17;0.21;1.14;1.11;0.158;62.4;6.99;3.57;2.01;0.33;1.19;4.34;180.4;151.2;18.1;2.4;8.7;0.37;0.51;0.1;0.14
0;100;50;0;50;17.25;3.29;9.27;1.95;1.91;0.165;37.8;11.5;5.88;3.32;0.53;1.96;4.67;109.1;85.4;10.5;3.9;9.3;1.23;0.31;0.16;0.21;1.29;1.32;0.163;62.2;8;4.04;2.33;0.42;1.33;4.6;179.5;149.2;18.4;2.7;9.2;0.39;0.66;0.11;0.16
0;100;50;0;100;16.82;3.37;9.74;1.97;2;0.171;37.9;11.65;5.92;3.38;0.59;1.91;4.92;109.1;86.1;9.3;3.8;9.8;1.24;0.38;0.16;0.22;1.49;1.49;0.169;62.1;8.77;4.46;2.6;0.43;1.46;4.82;178.8;147.8;18.5;2.9;9.6;0.41;0.79;0.12;0.17
0;100;50;50;0;19.1;3.46;10.13;1.87;1.9;0.16;43;11.87;5.94;3.48;0.59;2;5.01;111;82.4;14.6;4;10;1.19;0.33;0.17;0.22;1.49;1.48;0.161;57;9.16;4.55;2.71;0.47;1.46;5.12;147.2;116.4;17.6;2.9;10.2;0.68;0.51;0.12;0.17
0;100;50;50;50;18.91;3.87;11.1;1.98;2.04;0.167;42.9;12.19;6.2;3.54;0.63;2.04;5.5;111.3;82.8;13.4;4.1;11;1.2;0.44;0.18;0.23;1.75;1.8;0.165;57.1;10.88;5.5;3.19;0.54;1.82;5.6;148.3;115.9;17.6;3.6;11.2;0.82;0.62;0.15;0.21
0;100;50;50;100;18.66;4.1;11.89;2.14;2.15;0.172;42.7;12.46;6.37;3.61;0.64;2.05;5.88;111.1;82.8;12.5;4.1;11.8;1.2;0.54;0.17;0.23;2.08;2.12;0.169;57.3;12.47;6.35;3.68;0.63;2.04;6.02;149.5;115.8;17.5;4.1;12;0.95;0.75;0.17;0.24
0;100;50;100;0;20.75;3.95;11.33;2.1;2.07;0.161;50.6;12.78;6.49;3.7;0.67;2.15;5.69;114.1;80.6;17.8;4.3;11.4;1.18;0.46;0.19;0.24;1.83;1.79;0.163;49.4;10.98;5.54;3.2;0.54;1.8;5.64;111.4;79.4;17.1;3.6;11.3;0.93;0.5;0.15;0.2
0;100;50;100;50;20.88;4.38;12.63;2.11;2.21;0.166;50.1;13.23;6.65;3.87;0.69;2.2;6.28;114.3;80.1;17.2;4.4;12.6;1.17;0.6;0.18;0.25;2.19;2.17;0.166;49.9;13.03;6.67;3.75;0.67;2.17;6.35;113.9;79.9;16.9;4.3;12.7;1.14;0.6;0.18;0.25
0;100;50;100;100;20.64;4.61;13.83;2.33;2.36;0.175;49.6;13.44;6.87;3.93;0.67;2.14;6.9;114;79.9;16;4.3;13.8;1.17;0.77;0.18;0.24;2.62;2.61;0.169;50.4;15.42;7.77;4.55;0.83;2.47;6.93;115.8;80.1;16.9;4.9;13.9;1.4;0.72;0.21;0.29
0;100;100;0;0;17.16;3.44;10.19;2.28;2.25;0.164;38.3;13.69;6.97;4.05;0.7;2.26;5.15;111.1;85;11.3;4.5;10.3;1.49;0.31;0.19;0.26;1.25;1.25;0.168;61.7;7.41;3.75;2.14;0.37;1.18;5.04;179.3;150;16.9;2.4;10.1;0.38;0.64;0.09;0.14
0;100;100;0;50;16.83;3.67;10.49;2.39;2.35;0.168;38.5;14;7.23;4.04;0.68;2.37;5.32;111.4;85.8;10.2;4.7;10.6;1.51;0.38;0.2;0.28;1.48;1.47;0.18;61.5;8.17;4.18;2.38;0.41;1.3;5.17;178.5;148.4;17.1;2.6;10.3;0.39;0.82;0.1;0.16
0;100;100;0;100;16.85;3.74;10.73;2.4;2.42;0.173;38.5;13.92;7.16;3.99;0.68;2.31;5.33;111.3;86.6;9.4;4.6;10.7;1.49;0.47;0.2;0.26;1.75;1.68;0.186;61.5;8.98;4.75;2.46;0.46;1.43;5.4;178.2;146.8;17.8;2.9;10.8;0.39;1;0.11;0.17
0;100;100;50;0;18.95;3.97;11.38;2.4;2.36;0.163;43.5;14.45;7.42;4.15;0.71;2.43;5.71;113.4;82.4;14.6;4.9;11.4;1.45;0.42;0.21;0.28;1.57;1.61;0.169;56.5;9.49;4.83;2.77;0.48;1.54;5.66;147.2;116.3;16.4;3.1;11.3;0.69;0.61;0.13;0.19
0;100;100;50;50;18.71;4.17;12.17;2.48;2.48;0.169;43.5;14.63;7.51;4.22;0.73;2.41;6.17;113.5;83;13.3;4.8;12.3;1.46;0.54;0.19;0.28;1.92;1.95;0.177;56.5;10.98;5.63;3.22;0.54;1.76;6;147.6;115.5;16.6;3.5;12;0.81;0.79;0.15;0.2
0;100;100;50;100;18.47;4.57;12.88;2.63;2.61;0.176;43.3;14.74;7.64;4.16;0.75;2.44;6.39;113.5;83.4;12.5;4.9;12.8;1.46;0.68;0.21;0.27;2.27;2.3;0.181;56.7;12.67;6.57;3.6;0.67;2.13;6.48;148.8;114.9;16.7;4.3;13;0.94;0.95;0.18;0.24
0;100;100;100;0;20.68;4.53;12.61;2.47;2.52;0.164;50.9;15.3;7.81;4.41;0.75;2.63;6.31;116;80.5;17.6;5.3;12.6;1.43;0.57;0.22;0.3;1.85;1.9;0.169;49.1;11.2;5.75;3.23;0.53;1.9;6.29;112;79.5;16.1;3.8;12.6;0.93;0.6;0.16;0.21
0;100;100;100;50;20.55;4.66;13.57;2.61;2.63;0.169;50.4;15.52;7.85;4.58;0.76;2.51;6.83;115.8;80.1;17.1;5;13.7;1.4;0.72;0.21;0.3;2.41;2.33;0.175;49.6;13.23;6.8;3.81;0.66;2.14;6.75;113.7;79.9;16;4.3;13.5;1.15;0.76;0.18;0.24
0;100;100;100;100;20.38;5;14.79;2.88;2.8;0.178;50;15.68;8.23;4.47;0.82;2.53;7.34;115.8;80.1;15.9;5.1;14.7;1.4;0.89;0.21;0.3;2.82;2.81;0.178;50;15.74;8.06;4.54;0.79;2.47;7.45;115.8;79.9;16;4.9;14.9;1.39;0.9;0.21;0.3
1;0;0;0;0;13.48;1.76;5.2;0.92;0.89;0.157;50;5.58;2.82;1.67;0.28;0.91;2.62;178.8;159.3;12.4;1.8;5.2;0.44;0.26;0.08;0.11;0.75;0.76;0.147;50;5.08;2.53;1.54;0.27;0.85;2.58;179.1;160.7;11.6;1.7;5.2;0.36;0.23;0.07;0.1
1;0;0;0;50;13.24;1.88;5.46;0.94;0.94;0.164;49.8;5.67;2.9;1.65;0.28;0.93;2.72;178.2;159.4;11.6;1.9;5.4;0.44;0.32;0.08;0.11;0.81;0.83;0.148;50.2;5.53;2.77;1.63;0.29;0.95;2.74;179.6;160.6;11.6;1.9;5.5;0.4;0.25;0.08;0.11
1;0;0;0;100;12.54;1.98;5.56;1.04;1;0.172;50;5.75;3;1.68;0.26;0.95;2.89;178.6;160.7;10.3;1.9;5.8;0.44;0.37;0.08;0.13;0.93;0.9;0.151;50;5.91;2.99;1.72;0.31;1.03;2.67;178.3;159.3;11.5;2.1;5.3;0.39;0.32;0.08;0.11
1;0;0;50;0;15.59;2.22;6.58;1.01;0.96;0.156;55.8;6.07;3.1;1.79;0.3;1.01;3.31;180.7;156.3;15.8;2;6.6;0.42;0.31;0.09;0.12;1.15;1.15;0.152;44.2;7.54;3.69;2.28;0.4;1.2;3.27;143.1;122.8;11.4;2.4;6.5;0.68;0.24;0.1;0.14
1;0;0;50;50;15.26;2.45;7.24;1.11;1.04;0.164;55.2;6.3;3.21;1.79;0.35;1.03;3.66;179.2;155;14.9;2.1;7.3;0.42;0.4;0.09;0.13;1.33;1.32;0.153;44.8;8.6;4.27;2.57;0.47;1.42;3.58;145.2;123.8;11.4;2.8;7.2;0.8;0.24;0.11;0.17
1;0;0;50;100;15.04;2.71;7.93;1.17;1.12;0.172;55.1;6.47;3.39;1.85;0.31;1.08;4.04;179.3;155.2;13.9;2.2;8.1;0.41;0.5;0.09;0.12;1.52;1.55;0.155;44.9;9.93;5.03;2.88;0.49;1.63;3.89;145.9;123.6;11.2;3.3;7.8;0.92;0.31;0.13;0.19
1;0;0;100;0;17.52;2.69;7.75;1.01;1.04;0.152;63.4;6.76;3.38;2;0.35;1.14;3.88;182.5;153.3;19.2;2.3;7.8;0.42;0.39;0.09;0.13;1.41;1.42;0.154;36.6;9.15;4.57;2.7;0.47;1.55;3.87;105.4;83.3;11.2;3.1;7.7;0.89;0.23;0.13;0.18
1;0;0;100;50;17.3;3.09;8.89;1.23;1.18;0.161;62.5;7.24;3.72;2.11;0.34;1.23;4.49;180.3;150.4;18.5;2.5;9;0.4;0.53;0.1;0.14;1.66;1.73;0.155;37.5;11.1;5.55;3.26;0.57;1.86;4.41;108.2;84.8;10.8;3.7;8.8;1.14;0.23;0.15;0.22
1;0;0;100;100;17.27;3.54;10.1;1.37;1.34;0.172;61.9;7.71;3.93;2.23;0.4;1.22;5.12;180;149.8;17.6;2.4;10.2;0.41;0.66;0.12;0.15;2.07;2.12;0.157;38.1;13.43;6.74;3.93;0.7;2.32;4.98;110.5;85.1;10.8;4.6;10;1.37;0.3;0.19;0.26
1;0;50;0;0;13.25;1.86;5.3;0.88;0.91;0.157;50.1;5.75;2.85;1.74;0.29;0.95;2.66;179.1;159.4;12.5;1.9;5.3;0.44;0.27;0.08;0.12;0.87;0.86;0.155;49.9;5.43;2.75;1.58;0.26;0.91;2.65;178.5;160.6;10.8;1.8;5.3;0.38;0.29;0.08;0.11
1;0;50;0;50;12.68;1.87;5.49;1.02;0.95;0.163;50;5.75;2.97;1.66;0.28;0.93;2.73;178.2;159.6;11.3;1.9;5.5;0.44;0.33;0.07;0.11;0.84;0.88;0.155;50;5.61;2.82;1.69;0.28;0.94;2.76;178.5;160.4;10.7;1.9;5.5;0.38;0.31;0.08;0.11
1;0;50;0;100;12.36;2;5.73;1.12;1.06;0.176;50;5.97;3.12;1.68;0.32;0.98;2.92;178.4;160.2;10.4;2;5.8;0.44;0.43;0.08;0.11;1;0.98;0.159;50;6.07;3.09;1.75;0.33;1.02;2.82;178.3;159.8;10.8;2;5.6;0.39;0.39;0.08;0.12
1;0;50;50;0;15.07;2.39;6.79;1.01;1.02;0.154;55.8;6.5;3.32;1.88;0.33;1.1;3.4;180.6;155.9;15.8;2.2;6.8;0.44;0.35;0.1;0.12;1.22;1.22;0.158;44.2;7.66;3.87;2.26;0.36;1.29;3.38;142.9;123.1;10.4;2.6;6.8;0.68;0.28;0.11;0.14
1;0;50;50;50;14.87;2.55;7.46;1.23;1.16;0.167;55.1;6.88;3.49;2.01;0.32;1.07;3.7;178.5;154;14.9;2.1;7.4;0.44;0.5;0.09;0.13;1.43;1.42;0.158;44.9;8.95;4.54;2.58;0.43;1.48;3.76;145.3;124.5;10.4;3;7.5;0.82;0.31;0.13;0.17
1;0;50;50;100;14.65;2.88;8.32;1.36;1.28;0.177;54.9;7.17;3.74;2.06;0.33;1.13;4.25;178.7;153.8;14.1;2.3;8.5;0.43;0.62;0.09;0.14;1.53;1.66;0.161;45.1;10.27;5.14;3.06;0.51;1.75;4.06;146.4;124.6;10.2;3.5;8.1;0.94;0.37;0.15;0.2
1;0;50;100;0;17.02;2.88;8.05;1.21;1.18;0.156;63.2;7.48;3.75;2.2;0.36;1.26;4.06;181.2;151.3;19.2;2.5;8.1;0.42;0.5;0.11;0.15;1.53;1.51;0.158;36.8;9.47;4.85;2.7;0.44;1.62;3.99;105.6;84.3;10;3.2;8;0.92;0.28;0.14;0.18
1;0;50;100;50;16.86;3.27;9.21;1.36;1.35;0.167;62.3;7.99;4.2;2.26;0.37;1.42;4.62;179.4;149.1;18.3;2.8;9.2;0.42;0.64;0.13;0.15;1.81;1.82;0.159;37.7;11.42;5.66;3.35;0.64;1.86;4.59;108.3;85.5;9.9;3.7;9.2;1.15;0.29;0.16;0.22
1;0;50;100;100;17.02;3.76;10.39;1.62;1.58;0.183;61.6;8.59;4.53;2.39;0.42;1.45;5.23;178.5;147;18.1;2.9;10.5;0.42;0.88;0.12;0.16;2.14;2.18;0.161;38.4;13.53;6.81;3.93;0.71;2.31;5.16;110.9;86.5;9.5;4.6;10.3;1.39;0.35;0.2;0.25
1;0;100;0;0;12.61;1.88;5.58;0.99;1;0.16;50;6.18;3.16;1.79;0.3;1.01;2.76;178.5;158.4;12.5;2;5.5;0.46;0.34;0.09;0.12;0.88;0.88;0.162;50;5.36;2.72;1.58;0.27;0.87;2.82;178.3;161.6;9.3;1.7;5.6;0.38;0.33;0.07;0.1
1;0;100;0;50;12.34;2.01;5.87;1.15;1.1;0.168;49.9;6.49;3.37;1.85;0.33;1.09;2.94;178;158.3;11.7;2.2;5.9;0.45;0.43;0.09;0.13;0.98;0.98;0.168;50.1;5.77;2.92;1.7;0.29;0.92;2.93;178.9;161.7;9.5;1.8;5.9;0.39;0.39;0.08;0.12
1;0;100;0;100;11.74;2.11;5.95;1.23;1.19;0.181;50.1;6.51;3.41;1.84;0.3;1.06;3.01;178.3;159.8;10.3;2.1;6;0.48;0.5;0.1;0.12;1.1;1.08;0.172;49.9;6.23;3.22;1.78;0.33;1.05;2.94;177.7;160.2;9.6;2.1;5.9;0.4;0.48;0.09;0.12
1;0;100;50;0;14.79;2.45;7;1.17;1.15;0.158;55.5;7.24;3.67;2.09;0.36;1.22;3.52;179.1;153.4;16.2;2.4;7;0.44;0.46;0.11;0.14;1.22;1.22;0.162;44.5;7.47;3.8;2.17;0.35;1.23;3.48;143.5;124.9;9.2;2.5;7;0.67;0.31;0.1;0.14
1;0;100;50;50;14.53;2.76;7.82;1.36;1.32;0.172;55.1;7.62;3.94;2.17;0.37;1.25;3.95;178.1;152.5;15.3;2.5;7.9;0.45;0.62;0.11;0.14;1.46;1.47;0.165;44.9;8.86;4.49;2.59;0.43;1.5;3.87;145.4;125.7;9;3;7.7;0.82;0.37;0.12;0.17
1;0;100;50;100;14.11;2.96;8.55;1.43;1.46;0.188;54.8;7.74;4.01;2.22;0.37;1.26;4.34;177.8;152.6;14;2.5;8.7;0.45;0.76;0.11;0.14;1.72;1.73;0.167;45.2;10.26;5.29;3.05;0.48;1.7;4.21;146.4;125.5;9.1;3.4;8.4;0.95;0.44;0.15;0.18
1;0;100;100;0;16.76;2.94;8.48;1.38;1.35;0.161;63.2;8.3;4.21;2.41;0.4;1.37;4.39;180.8;149.8;19.5;2.7;8.8;0.44;0.63;0.12;0.16;1.57;1.54;0.162;36.8;9.46;4.76;2.81;0.45;1.57;4.09;105.4;85.1;9;3.1;8.2;0.93;0.31;0.14;0.17
1;0;100;100;50;16.6;3.3;9.67;1.57;1.51;0.172;62.2;8.77;4.51;2.52;0.44;1.39;4.88;178.6;147.5;18.6;2.8;9.8;0.42;0.8;0.11;0.17;1.87;1.91;0.164;37.8;11.58;5.89;3.31;0.58;1.91;4.79;108.4;86.2;8.8;3.8;9.6;1.16;0.37;0.16;0.22
1;0;100;100;100;16.59;3.73;10.94;1.76;1.74;0.189;61.7;9.2;4.84;2.61;0.43;1.44;5.6;178.3;146.4;17.8;2.9;11.2;0.43;1.02;0.12;0.17;2.23;2.28;0.166;38.3;13.73;6.93;4.04;0.69;2.28;5.34;110.7;86.8;8.7;4.6;10.7;1.4;0.43;0.19;0.27
1;50;0;0;0;15.4;2.16;6.52;1.28;1.28;0.164;44.4;7.75;3.93;2.24;0.39;1.24;3.34;143.6;122.3;12.1;2.5;6.7;0.78;0.24;0.1;0.16;0.81;0.83;0.145;55.6;5.63;2.72;1.73;0.3;0.92;3.19;180.1;156.9;15;1.8;6.4;0.34;0.3;0.07;0.11
1;50;0;0;50;15.01;2.46;6.79;1.41;1.36;0.17;44.4;8;4.14;2.27;0.38;1.37;3.51;143.5;122.7;11;2.7;7;0.8;0.3;0.11;0.15;0.98;0.94;0.146;55.6;6.39;3.23;1.85;0.32;1.09;3.29;180;156.4;14.9;2.2;6.6;0.4;0.34;0.09;0.12
1;50;0;0;100;14.96;2.59;7.26;1.43;1.42;0.174;44.5;8.07;4.17;2.34;0.4;1.37;3.68;144.2;124;10.2;2.7;7.4;0.79;0.36;0.11;0.15;1.09;1.06;0.15;55.5;7.02;3.57;2.11;0.32;1.22;3.58;179.6;154.7;15.3;2.4;7.2;0.38;0.45;0.1;0.13
1;50;0;50;0;17.29;2.79;7.98;1.43;1.38;0.162;50;8.47;4.32;2.46;0.43;1.4;4.06;145.8;119.6;15.3;2.8;8.1;0.78;0.31;0.12;0.17;1.18;1.23;0.151;50;8.07;3.96;2.44;0.43;1.39;3.92;145.5;120.4;14.5;2.8;7.8;0.67;0.3;0.11;0.15
1;50;0;50;50;17.27;3.02;8.72;1.44;1.42;0.167;49.6;8.46;4.27;2.46;0.44;1.38;4.37;145.4;119.3;14.6;2.8;8.7;0.75;0.39;0.11;0.17;1.36;1.43;0.151;50.4;9.41;4.61;2.82;0.48;1.64;4.36;147.4;120.7;14.7;3.3;8.7;0.79;0.34;0.13;0.18
1;50;0;50;100;16.78;3.3;9.39;1.56;1.52;0.174;49.6;8.69;4.52;2.44;0.44;1.47;4.73;145.4;119.7;13.3;2.9;9.5;0.76;0.48;0.12;0.16;1.67;1.7;0.155;50.4;10.91;5.44;3.24;0.56;1.83;4.66;147.8;120.3;14.5;3.7;9.3;0.92;0.42;0.15;0.21
1;50;0;100;0;19.37;3.11;9.05;1.47;1.44;0.16;57.8;8.97;4.54;2.73;0.42;1.49;4.61;148.4;117.3;18.9;3;9.2;0.75;0.39;0.13;0.18;1.44;1.48;0.153;42.2;9.59;4.79;2.91;0.47;1.63;4.45;108.2;81.8;14.2;3.3;8.9;0.87;0.28;0.13;0.19
1;50;0;100;50;19.32;3.56;10.23;1.69;1.61;0.166;57;9.67;5.03;2.75;0.45;1.61;5.09;147.3;115.7;18.2;3.2;10.2;0.76;0.53;0.14;0.18;1.74;1.83;0.154;43;11.78;5.83;3.46;0.59;1.95;5.14;111.2;82.9;14.1;3.9;10.3;1.1;0.32;0.17;0.24
1;50;0;100;100;19.04;3.97;11.38;1.73;1.71;0.173;56.5;9.82;5.02;2.86;0.46;1.61;5.74;146.9;115.2;17.1;3.2;11.5;0.74;0.65;0.14;0.19;2.22;2.21;0.156;43.5;14.11;7.15;4.09;0.73;2.36;5.64;113.3;83.2;14;4.7;11.3;1.35;0.4;0.2;0.26
1;50;50;0;0;15.15;2.31;7.18;1.5;1.47;0.166;44.8;8.85;4.49;2.56;0.52;1.41;3.61;145.1;122.9;12.2;2.8;7.2;0.92;0.26;0.12;0.17;0.87;0.93;0.154;55.2;5.93;2.88;1.77;0.33;0.9;3.57;179.1;156.2;13.9;1.8;7.1;0.36;0.38;0.08;0.11
1;50;50;0;50;14.8;2.61;7.51;1.59;1.57;0.17;44.9;9.18;4.74;2.63;0.46;1.56;3.88;145.5;123.5;11.1;3.1;7.8;0.93;0.33;0.13;0.17;1.05;1.05;0.16;55.1;6.53;3.28;1.97;0.31;1.05;3.63;178.7;155.3;14;2.1;7.3;0.38;0.46;0.09;0.13
1;50;50;0;100;14.36;2.6;7.71;1.7;1.66;0.178;44.8;9.31;4.82;2.66;0.47;1.48;3.86;144.7;124;10;3;7.7;0.94;0.42;0.13;0.18;1.14;1.17;0.165;55.2;7.06;3.56;2.07;0.34;1.13;3.85;178.7;154.7;14;2.3;7.7;0.38;0.56;0.1;0.14
1;50;50;50;0;17.16;2.99;8.63;1.68;1.58;0.163;50.3;9.7;5.01;2.73;0.51;1.61;4.38;147.1;119.6;15.6;3.2;8.8;0.9;0.36;0.14;0.19;1.31;1.32;0.157;49.7;8.35;4.25;2.4;0.43;1.38;4.25;145.3;120.4;13.6;2.8;8.5;0.67;0.37;0.12;0.16
1;50;50;50;50;16.78;3.31;9.4;1.74;1.73;0.172;50.2;10.03;5.16;2.9;0.49;1.64;4.86;147.3;120;14.3;3.3;9.7;0.9;0.48;0.15;0.2;1.55;1.58;0.16;49.8;9.78;4.92;2.85;0.52;1.67;4.55;146;120;13.6;3.3;9.1;0.79;0.47;0.13;0.19
1;50;50;50;100;16.47;3.46;10.13;1.8;1.82;0.178;49.9;10.24;5.25;2.98;0.53;1.66;5.11;146.7;119.8;13.4;3.3;10.2;0.92;0.58;0.14;0.19;1.76;1.81;0.164;50.1;11.02;5.48;3.26;0.55;1.81;5.03;147.3;120.2;13.4;3.6;10.1;0.91;0.54;0.16;0.2
1;50;50;100;0;18.95;3.44;9.69;1.81;1.72;0.164;57.6;10.47;5.31;3.04;0.53;1.72;4.78;148.2;116.4;18.8;3.4;9.6;0.88;0.49;0.15;0.2;1.61;1.59;0.158;42.4;10;5.11;2.85;0.49;1.72;4.9;108.9;82.4;13.2;3.4;9.8;0.9;0.36;0.14;0.19
1;50;50;100;50;18.82;3.86;10.85;1.91;1.85;0.17;57.3;10.83;5.57;3.14;0.49;1.82;5.47;148.5;116;18;3.6;10.9;0.87;0.63;0.16;0.2;1.98;1.94;0.161;42.7;12.05;6.11;3.5;0.63;2.04;5.38;110.6;82.7;13;4.1;10.8;1.11;0.43;0.17;0.24
1;50;50;100;100;18.78;4.08;12.38;2.08;2.07;0.182;56.6;11.37;5.79;3.35;0.56;1.77;6.24;148.1;114.8;17.3;3.5;12.5;0.87;0.84;0.15;0.21;2.34;2.33;0.163;43.4;14.3;7.19;4.27;0.7;2.31;6.15;113.4;83.5;13;4.6;12.3;1.34;0.53;0.19;0.28
1;50;100;0;0;15.18;2.73;8.02;1.83;1.77;0.168;44.9;10.49;5.33;3.06;0.56;1.67;4.05;146.5;122.8;12.3;3.3;8.1;1.07;0.34;0.15;0.21;1.1;1.06;0.164;55.1;6.42;3.27;1.93;0.3;1.06;3.97;179.6;156.3;13.2;2.1;7.9;0.37;0.48;0.09;0.12
1;50;100;0;50;14.35;2.88;8.19;1.84;1.83;0.173;45;10.54;5.38;3.04;0.54;1.69;4.1;146.2;123.6;11;3.4;8.2;1.08;0.39;0.15;0.2;1.16;1.17;0.17;55;6.84;3.56;1.94;0.33;1.19;4.08;178.7;155.2;12.9;2.4;8.2;0.38;0.56;0.1;0.13
1;50;100;0;100;14.22;3;8.64;1.92;1.94;0.18;45.1;10.7;5.52;3.09;0.52;1.77;4.34;146.5;124.2;10.1;3.5;8.7;1.09;0.49;0.15;0.21;1.32;1.36;0.18;54.9;7.49;3.79;2.23;0.39;1.23;4.3;178.7;154.4;13.2;2.5;8.6;0.4;0.73;0.1;0.13
1;50;100;50;0;17;3.29;9.43;1.89;1.86;0.165;50.5;11.25;5.69;3.28;0.56;1.85;4.71;148.2;119.5;15.6;3.7;9.4;1.04;0.46;0.15;0.21;1.45;1.41;0.163;49.5;8.57;4.37;2.5;0.42;1.44;4.71;145.5;120.5;12.7;2.9;9.4;0.66;0.47;0.11;0.17
1;50;100;50;50;16.62;3.56;10.27;2.01;2.04;0.175;50.2;11.64;5.9;3.45;0.57;1.91;5.21;148.1;119.3;14.6;3.8;10.4;1.05;0.6;0.16;0.23;1.59;1.66;0.167;49.8;9.88;5.01;2.92;0.48;1.65;5.06;146.7;120.7;12.6;3.3;10.1;0.78;0.55;0.15;0.19
1;50;100;50;100;16.36;3.7;10.75;2.25;2.19;0.184;50;11.85;6.11;3.37;0.6;1.88;5.45;147.4;119;13.7;3.8;10.9;1.05;0.75;0.17;0.22;1.93;1.94;0.173;50;11.17;5.72;3.25;0.55;1.83;5.3;147.7;121;12.4;3.7;10.6;0.9;0.68;0.16;0.2
1;50;100;100;0;18.83;3.63;10.56;2.03;2.07;0.167;57.9;12.33;6.29;3.48;0.63;2.03;5.34;149.6;115.5;19.3;4.1;10.7;1.03;0.62;0.17;0.24;1.68;1.63;0.163;42.1;9.98;5.01;2.93;0.52;1.6;5.22;108.6;83;11.9;3.2;10.4;0.89;0.43;0.14;0.18
1;50;100;100;50;18.7;4.04;11.75;2.23;2.19;0.174;57.3;12.55;6.45;3.59;0.62;2.02;5.91;149.4;115.3;18.2;4;11.8;1.01;0.76;0.18;0.24;2.02;2.05;0.166;42.7;12.3;6.2;3.67;0.56;2.02;5.84;111;83.1;12.2;4;11.7;1.11;0.53;0.17;0.24
1;50;100;100;100;18.47;4.5;12.82;2.46;2.41;0.186;56.7;12.95;6.75;3.63;0.62;2.07;6.51;148.6;114.3;17.1;4.1;13;1.02;0.97;0.18;0.24;2.45;2.45;0.17;43.3;14.36;7.35;4.15;0.69;2.44;6.31;113.3;83.8;12;4.9;12.6;1.34;0.65;0.2;0.26
1;100;0;0;0;17.47;2.72;7.74;1.65;1.63;0.167;36.9;9.71;4.94;2.8;0.49;1.59;3.94;106.2;83.1;12;3.2;7.9;1.06;0.25;0.13;0.18;0.94;0.95;0.145;63.1;6.46;3.26;1.9;0.32;1.13;3.81;181.8;153.8;18.1;2.3;7.6;0.35;0.38;0.09;0.12
1;100;0;0;50;17.15;2.83;8.27;1.64;1.7;0.171;36.8;9.92;4.99;3.01;0.44;1.6;4.14;105.9;83.5;10.9;3.2;8.3;1.07;0.3;0.14;0.2;1.06;1.07;0.149;63.2;7.07;3.57;2.09;0.36;1.23;4.13;182;152.9;18.3;2.5;8.3;0.36;0.47;0.1;0.14
1;100;0;0;100;16.81;2.95;8.64;1.75;1.76;0.175;37.1;9.98;5.2;2.86;0.5;1.64;4.36;106.3;84.6;9.7;3.3;8.7;1.08;0.34;0.14;0.2;1.3;1.25;0.155;62.9;7.99;4.01;2.4;0.42;1.31;4.28;180.6;150.8;18.6;2.6;8.6;0.38;0.6;0.11;0.15
1;100;0;50;0;19.27;3.18;9.2;1.7;1.72;0.165;42.7;10.32;5.22;3.09;0.5;1.69;4.76;109.6;81.5;15.2;3.4;9.5;1.05;0.31;0.15;0.21;1.24;1.3;0.149;57.3;8.62;4.2;2.62;0.44;1.48;4.43;147.4;117.7;17.9;3;8.9;0.65;0.36;0.11;0.17
1;100;0;50;50;19;3.36;9.91;1.78;1.75;0.169;42.2;10.32;5.26;2.99;0.53;1.65;4.99;108.7;81.4;14;3.3;10;1.02;0.39;0.13;0.2;1.55;1.57;0.153;57.8;10.18;5.11;2.99;0.52;1.71;4.92;149.1;117.9;17.9;3.4;9.8;0.77;0.47;0.14;0.19
1;100;0;50;100;18.64;3.64;10.67;1.86;1.85;0.175;42.2;10.55;5.41;3.1;0.5;1.68;5.41;109.1;81.9;13;3.4;10.8;1.03;0.47;0.14;0.21;1.89;1.85;0.157;57.8;11.73;5.83;3.51;0.59;1.96;5.27;149.4;117.1;17.9;3.9;10.5;0.9;0.57;0.16;0.22
1;100;0;100;0;21.12;3.48;10.13;1.75;1.73;0.163;50.3;10.56;5.31;3.12;0.53;1.72;5.21;112.3;80.1;18.3;3.4;10.4;0.99;0.38;0.16;0.21;1.58;1.59;0.151;49.7;10.43;5.15;3.18;0.53;1.76;4.92;111;79.9;17.8;3.5;9.8;0.86;0.38;0.15;0.2
1;100;0;100;50;20.81;3.98;11.48;1.85;1.88;0.168;49.7;11.15;5.67;3.23;0.59;1.83;5.8;112;79.4;17.3;3.7;11.6;1;0.51;0.16;0.22;1.93;1.96;0.155;50.3;12.57;6.33;3.75;0.63;2.15;5.68;113.6;80.6;17.4;4.3;11.4;1.08;0.45;0.18;0.24
1;100;0;100;100;20.9;4.37;12.5;2.03;1.99;0.174;49.2;11.43;5.86;3.3;0.55;1.83;6.33;112.2;79.2;16.6;3.7;12.7;0.99;0.64;0.15;0.21;2.36;2.35;0.158;50.8;14.83;7.52;4.26;0.74;2.53;6.17;115.6;80.8;17.5;5.1;12.3;1.3;0.57;0.21;0.27
1;100;50;0;0;17.11;3.04;9;2;1.97;0.169;37.5;11.64;5.89;3.49;0.56;1.87;4.46;108.2;84.1;11.4;3.7;8.9;1.32;0.26;0.17;0.23;1.1;1.11;0.155;62.5;7.09;3.53;2.08;0.38;1.17;4.54;180.7;151.8;17.6;2.3;9.1;0.36;0.51;0.1;0.14
1;100;50;0;50;16.86;3.21;9.24;2.03;2.01;0.172;37.7;11.65;5.87;3.34;0.59;1.89;4.69;108.6;85;10.4;3.8;9.4;1.33;0.31;0.16;0.22;1.22;1.25;0.16;62.3;7.75;3.97;2.3;0.35;1.33;4.55;179.4;149.9;17.7;2.7;9.1;0.36;0.64;0.1;0.15
1;100;50;0;100;16.41;3.32;9.5;2.2;2.13;0.178;37.8;11.92;6.15;3.44;0.55;1.95;4.86;108.6;85.5;9.5;3.9;9.7;1.34;0.39;0.17;0.22;1.38;1.41;0.166;62.2;8.44;4.28;2.42;0.47;1.36;4.64;178.8;149;17.7;2.7;9.3;0.38;0.75;0.12;0.16
1;100;50;50;0;19.18;3.43;10.14;2.03;2;0.166;43.1;12.02;6.12;3.5;0.62;1.91;5.1;111.2;82.1;15;3.8;10.2;1.27;0.33;0.16;0.24;1.37;1.41;0.157;56.9;8.92;4.49;2.63;0.45;1.52;5.04;147.1;116.8;17.2;3;10.1;0.62;0.48;0.13;0.17
1;100;50;50;50;18.91;3.93;11.02;2.29;2.21;0.173;42.8;12.72;6.7;3.58;0.62;2.13;5.51;111.2;82;14;4.3;11;1.3;0.48;0.18;0.24;1.67;1.71;0.16;57.2;10.6;5.29;3.12;0.53;1.8;5.5;148.7;117.1;17.1;3.6;11;0.75;0.61;0.15;0.2
1;100;50;50;100;18.7;4.08;11.77;2.26;2.27;0.178;42.8;12.71;6.58;3.68;0.6;2.07;6;111.6;82.3;13.2;4.1;12;1.27;0.57;0.18;0.25;1.92;1.98;0.164;57.2;12.03;6.06;3.53;0.59;2.02;5.77;149.3;116.6;17.2;4;11.5;0.87;0.72;0.18;0.22
1;100;50;100;0;20.87;4;11.3;2.08;2.16;0.167;50.7;12.94;6.56;3.75;0.69;2.21;5.74;114.5;80.3;18.3;4.4;11.5;1.25;0.48;0.18;0.25;1.67;1.66;0.157;49.3;10.53;5.43;3.04;0.5;1.79;5.56;111.2;79.7;16.8;3.6;11.1;0.84;0.48;0.14;0.2
1;100;50;100;50;20.81;4.3;12.33;2.32;2.3;0.172;50;13.33;6.88;3.8;0.64;2.25;6.12;113.7;79.3;17.7;4.5;12.2;1.24;0.62;0.19;0.25;2.1;2.04;0.16;50;12.7;6.4;3.76;0.64;2.05;6.22;113.7;80.7;16.4;4.1;12.4;1.06;0.57;0.17;0.24
1;100;50;100;100;20.7;4.8;13.58;2.56;2.48;0.181;49.6;13.66;7.14;3.79;0.67;2.26;6.81;114.1;79.3;16.7;4.5;13.6;1.24;0.8;0.19;0.25;2.54;2.5;0.163;50.4;15.22;7.82;4.34;0.78;2.54;6.77;115.8;80.7;16.5;5.1;13.5;1.3;0.7;0.21;0.29
1;100;100;0;0;17.29;3.38;10.04;2.41;2.37;0.171;38.1;13.82;7.04;4.08;0.68;2.19;5.04;110.8;84.6;11.7;4.4;10.1;1.58;0.32;0.2;0.27;1.27;1.22;0.165;61.9;7.3;3.72;2.15;0.34;1.19;5;180;150.7;16.9;2.4;10;0.35;0.63;0.1;0.14
1;100;100;0;50;16.89;3.61;10.52;2.53;2.46;0.174;38.4;14.11;7.26;4.08;0.71;2.29;5.29;111.3;85.5;10.7;4.6;10.6;1.62;0.39;0.19;0.26;1.42;1.42;0.177;61.6;8.01;4.14;2.31;0.41;1.32;5.24;178.8;149.1;16.6;2.6;10.5;0.36;0.81;0.11;0.15
1;100;100;0;100;16.56;3.85;10.69;2.62;2.59;0.18;38.5;14.35;7.43;4.15;0.69;2.37;5.36;111.2;86.1;9.7;4.7;10.7;1.63;0.48;0.21;0.27;1.6;1.6;0.183;61.5;8.71;4.53;2.47;0.41;1.47;5.33;178.2;147.9;16.7;2.9;10.7;0.38;0.93;0.12;0.17
1;100;100;50;0;19;4.11;11.5;2.47;2.49;0.169;43.7;14.65;7.56;4.22;0.74;2.5;5.86;113.9;82.4;14.9;5;11.7;1.55;0.43;0.22;0.29;1.5;1.55;0.164;56.3;9.39;4.79;2.73;0.45;1.61;5.63;147.1;116.4;16.1;3.2;11.3;0.64;0.6;0.13;0.17
1;100;100;50;50;18.61;4.22;12.1;2.61;2.61;0.176;43.5;14.81;7.63;4.21;0.72;2.43;6.1;113.5;82.6;13.8;4.9;12.2;1.55;0.57;0.21;0.28;1.91;1.89;0.172;56.5;10.9;5.58;3.14;0.51;1.79;6;147.8;116.1;16.2;3.6;12;0.75;0.79;0.15;0.2
1;100;100;50;100;18.32;4.51;12.82;2.79;2.76;0.183;43.4;15.03;7.72;4.34;0.7;2.42;6.49;113.7;83;12.9;4.8;13;1.57;0.68;0.22;0.29;2.16;2.2;0.176;56.6;12.43;6.35;3.65;0.6;2.09;6.34;148.7;115.6;16.3;4.2;12.7;0.88;0.91;0.17;0.24
1;100;100;100;0;20.92;4.39;12.58;2.67;2.63;0.17;51;15.48;7.95;4.46;0.77;2.55;6.35;116.4;80.1;18.5;5.1;12.7;1.51;0.61;0.22;0.3;1.74;1.78;0.163;49;10.85;5.51;3.17;0.51;1.84;6.23;111.8;79.9;15.8;3.7;12.5;0.85;0.59;0.14;0.21
1;100;100;100;50;20.62;4.76;13.75;2.75;2.79;0.175;50.6;15.87;8.12;4.51;0.83;2.55;6.98;116.6;80;17.5;5.1;14;1.52;0.73;0.22;0.32;2.25;2.25;0.17;49.4;13.14;6.78;3.72;0.66;2.21;6.76;113.5;80;15.6;4.4;13.5;1.06;0.75;0.19;0.24
1;100;100;100;100;20.35;5.09;14.79;2.97;2.95;0.184;49.9;16;8.33;4.46;0.8;2.55;7.31;115.7;79.5;16.5;5.1;14.6;1.51;0.92;0.22;0.29;2.64;2.67;0.172;50.1;15.43;7.88;4.45;0.74;2.55;7.48;116.1;80.5;15.5;5.1;15;1.3;0.88;0.21;0.29
2;0;0;0;0;13.54;1.78;5.15;0.92;0.89;0.157;50;5.62;2.82;1.65;0.3;0.91;2.58;178.8;158.8;13;1.8;5.2;0.44;0.26;0.08;0.12;0.77;0.77;0.147;50;5.13;2.55;1.55;0.27;0.87;2.56;179;161.2;10.9;1.7;5.1;0.37;0.22;0.07;0.1
2;0;0;0;50;13.1;1.85;5.36;0.98;0.95;0.164;49.7;5.71;2.95;1.65;0.27;0.94;2.69;177.8;158.6;12;1.9;5.4;0.43;0.33;0.08;0.12;0.78;0.79;0.147;50.3;5.3;2.62;1.55;0.31;0.91;2.67;179.7;161.4;11.1;1.8;5.3;0.38;0.24;0.07;0.1
2;0;0;0;100;12.86;1.91;5.61;1.09;1.04;0.172;49.9;5.94;3.08;1.7;0.27;0.98;2.88;178.5;159.8;11;2;5.8;0.45;0.39;0.08;0.12;0.83;0.88;0.15;50.1;5.74;2.82;1.75;0.29;0.93;2.73;178.9;160.2;11.4;1.9;5.5;0.38;0.31;0.07;0.11
2;0;0;50;0;15.69;2.22;6.63;1;0.97;0.155;55.8;6.23;3.11;1.85;0.34;1;3.32;180.8;155.8;16.3;2;6.6;0.43;0.33;0.09;0.12;1.05;1.1;0.151;44.2;7.24;3.55;2.17;0.36;1.21;3.3;143.2;123.2;11.1;2.4;6.6;0.65;0.22;0.08;0.14
2;0;0;50;50;15.29;2.53;7.2;1.09;1.06;0.164;55.3;6.38;3.25;1.82;0.36;1.06;3.62;179.5;154.9;15.2;2.1;7.2;0.43;0.41;0.1;0.13;1.22;1.3;0.153;44.7;8.46;4.21;2.55;0.43;1.47;3.58;144.8;123.8;10.9;2.9;7.2;0.79;0.23;0.11;0.17
2;0;0;50;100;15.04;2.77;7.92;1.21;1.18;0.172;54.9;6.78;3.48;1.91;0.35;1.1;4;178.5;153.9;14.4;2.2;8;0.43;0.52;0.1;0.13;1.51;1.55;0.156;45.1;9.92;4.96;2.93;0.51;1.68;3.93;146.6;124.6;10.8;3.4;7.9;0.93;0.29;0.14;0.18
2;0;0;100;0;17.53;2.73;7.78;1.16;1.07;0.152;63.3;6.96;3.55;2.01;0.35;1.14;3.92;182.1;152.4;19.6;2.3;7.8;0.43;0.41;0.1;0.14;1.36;1.42;0.154;36.7;9.12;4.52;2.7;0.49;1.59;3.86;105.4;83.8;10.7;3.2;7.7;0.89;0.22;0.13;0.18
2;0;0;100;50;17.41;3.08;8.78;1.19;1.2;0.162;62.6;7.38;3.71;2.14;0.39;1.22;4.47;180.6;150.3;18.9;2.4;8.9;0.42;0.54;0.1;0.15;1.64;1.68;0.155;37.4;10.83;5.44;3.16;0.57;1.86;4.31;107.7;84.9;10.5;3.7;8.6;1.11;0.23;0.15;0.2
2;0;0;100;100;17.16;3.56;10.18;1.36;1.36;0.172;61.8;7.86;4.02;2.27;0.38;1.26;5.19;179.4;148.6;17.8;2.5;10.4;0.42;0.68;0.11;0.15;1.97;2.07;0.157;38.2;13.1;6.56;3.93;0.65;2.29;4.99;110.6;85.7;10.3;4.6;10;1.37;0.27;0.18;0.24
2;0;50;0;0;13.1;1.83;5.27;0.93;0.91;0.157;50.2;5.72;2.91;1.65;0.28;0.95;2.63;179.2;159.2;12.8;1.9;5.3;0.45;0.27;0.08;0.11;0.74;0.8;0.153;49.8;5.14;2.59;1.46;0.29;0.88;2.63;178;160.8;10.1;1.8;5.3;0.36;0.28;0.06;0.1
2;0;50;0;50;12.58;1.83;5.55;0.97;1.01;0.165;50;6.05;3.07;1.77;0.3;0.98;2.82;178.2;158.6;11.9;2;5.6;0.45;0.35;0.09;0.12;0.82;0.84;0.154;50;5.38;2.65;1.64;0.27;0.85;2.73;178.5;161.4;9.9;1.7;5.5;0.38;0.28;0.06;0.11
2;0;50;0;100;12.25;2.12;5.83;1.17;1.12;0.177;49.9;6.28;3.37;1.75;0.24;1.06;2.93;177.9;159.2;10.8;2.1;5.9;0.46;0.46;0.09;0.12;0.89;0.98;0.159;50.1;6.07;2.96;1.85;0.29;1.06;2.89;178.9;160.8;10.2;2.1;5.8;0.41;0.37;0.09;0.11
2;0;50;50;0;15.18;2.48;6.91;1.1;1.05;0.154;55.7;6.75;3.4;1.95;0.36;1.1;3.46;180.2;155;16.1;2.2;6.9;0.46;0.37;0.1;0.13;1.17;1.21;0.157;44.3;7.64;3.91;2.27;0.35;1.37;3.45;143.3;123.7;10;2.7;6.9;0.68;0.28;0.11;0.15
2;0;50;50;50;14.7;2.54;7.43;1.22;1.18;0.167;55.3;6.96;3.56;2.02;0.33;1.13;3.84;179;153.6;15.4;2.3;7.7;0.43;0.51;0.1;0.14;1.27;1.34;0.157;44.7;8.46;4.13;2.55;0.45;1.42;3.59;144.5;124.8;9.7;2.8;7.2;0.79;0.28;0.11;0.16
2;0;50;50;100;14.74;2.9;8.36;1.33;1.31;0.178;54.7;7.32;3.78;2.15;0.36;1.19;4.16;177.8;152.4;14.6;2.4;8.3;0.43;0.63;0.11;0.14;1.54;1.62;0.16;45.3;10.09;5.05;2.96;0.5;1.71;4.2;147.2;125.7;9.7;3.4;8.4;0.95;0.35;0.13;0.2
2;0;50;100;0;17.2;2.87;7.95;1.3;1.21;0.157;63.4;7.66;3.92;2.21;0.38;1.26;4.16;181.8;151.1;19.9;2.5;8.3;0.42;0.52;0.12;0.15;1.42;1.42;0.158;36.6;8.97;4.62;2.57;0.47;1.61;3.79;104.9;84.5;9.6;3.2;7.6;0.87;0.26;0.12;0.17
2;0;50;100;50;17.14;3.25;9.21;1.41;1.39;0.167;62.5;8.26;4.16;2.39;0.47;1.34;4.74;180.1;148.8;19.2;2.7;9.5;0.42;0.68;0.12;0.17;1.64;1.74;0.158;37.5;10.94;5.5;3.18;0.57;1.91;4.47;107.9;85.6;9.5;3.8;8.9;1.11;0.28;0.15;0.21
2;0;50;100;100;16.85;3.71;10.37;1.63;1.59;0.183;61.8;8.6;4.53;2.41;0.41;1.42;5.3;178.9;147.4;18;2.8;10.6;0.43;0.87;0.12;0.17;2.23;2.16;0.16;38.2;13.45;6.88;3.82;0.71;2.29;5.06;110.4;86.3;9.4;4.6;10.1;1.38;0.34;0.19;0.26
2;0;100;0;0;12.73;1.93;5.56;1.04;1.04;0.16;49.9;6.4;3.25;1.86;0.31;1.07;2.83;178.2;157.4;13;2.1;5.7;0.46;0.35;0.1;0.13;0.8;0.85;0.161;50.1;5.16;2.58;1.54;0.23;0.86;2.74;178.9;162.6;9.1;1.7;5.5;0.38;0.31;0.07;0.09
2;0;100;0;50;12.24;2.06;5.77;1.15;1.13;0.169;49.8;6.64;3.4;1.92;0.32;1.1;2.9;177.5;157.5;12;2.2;5.8;0.46;0.43;0.1;0.14;0.93;0.95;0.166;50.2;5.65;2.9;1.61;0.32;0.95;2.86;179.1;162.5;9;1.9;5.7;0.4;0.37;0.08;0.11
2;0;100;0;100;11.81;2.07;5.94;1.29;1.24;0.182;49.9;6.78;3.54;1.92;0.34;1.08;3.05;177.7;158.5;11;2.2;6.1;0.47;0.55;0.1;0.13;1.02;1.03;0.171;50.1;5.94;3.04;1.75;0.26;0.98;2.89;178.4;161.5;9.2;2;5.8;0.39;0.45;0.08;0.11
2;0;100;50;0;14.83;2.44;7.13;1.2;1.17;0.158;55.5;7.37;3.69;2.2;0.38;1.21;3.62;179.1;153;16.5;2.4;7.2;0.44;0.47;0.11;0.15;1.18;1.21;0.162;44.5;7.42;3.71;2.17;0.38;1.23;3.51;143.5;125.3;8.8;2.5;7;0.68;0.3;0.1;0.13
2;0;100;50;50;14.49;2.7;7.78;1.36;1.35;0.173;55.1;7.77;3.96;2.27;0.38;1.22;3.93;178.2;152.2;15.7;2.4;7.9;0.45;0.64;0.12;0.15;1.42;1.44;0.165;44.9;8.68;4.42;2.5;0.46;1.48;3.85;145.1;125.9;8.6;3;7.7;0.8;0.36;0.11;0.17
2;0;100;50;100;14.17;2.89;8.41;1.51;1.49;0.189;54.6;7.84;4.08;2.22;0.4;1.21;4.2;176.8;151.2;14.8;2.4;8.4;0.43;0.8;0.11;0.15;1.65;1.67;0.167;45.4;9.96;5.09;2.95;0.49;1.68;4.21;146.9;126.6;8.5;3.4;8.4;0.93;0.43;0.13;0.19
2;0;100;100;0;16.92;2.97;8.53;1.42;1.36;0.161;63.1;8.38;4.33;2.39;0.42;1.43;4.34;180.6;149.1;19.9;2.9;8.7;0.43;0.65;0.12;0.16;1.47;1.5;0.161;36.9;9.22;4.63;2.69;0.49;1.54;4.19;105.5;85.5;8.6;3.1;8.4;0.9;0.3;0.11;0.18
2;0;100;100;50;16.68;3.29;9.66;1.6;1.55;0.172;62.3;8.94;4.62;2.56;0.43;1.44;4.87;178.7;146.8;19.2;2.9;9.7;0.44;0.81;0.13;0.17;1.83;1.85;0.163;37.7;11.27;5.65;3.29;0.57;1.84;4.79;108.2;86.6;8.3;3.7;9.6;1.15;0.35;0.14;0.21
2;0;100;100;100;16.55;3.75;10.77;1.83;1.78;0.19;61.4;9.35;4.9;2.62;0.46;1.51;5.46;177.1;144.9;18.3;3;10.9;0.43;1.03;0.13;0.18;2.16;2.25;0.165;38.6;13.55;6.81;3.99;0.68;2.24;5.31;111;87.5;8.4;4.5;10.6;1.4;0.41;0.19;0.25
2;50;0;0;0;15.55;2.37;6.5;1.34;1.31;0.165;44.3;7.93;4.13;2.25;0.38;1.37;3.33;143.6;121.7;12.6;2.7;6.7;0.78;0.26;0.12;0.15;0.82;0.85;0.145;55.7;5.7;2.83;1.71;0.3;1.01;3.17;180.5;157.8;14.4;2;6.3;0.37;0.29;0.08;0.1
2;50;0;0;50;15.17;2.43;6.98;1.33;1.39;0.17;44.2;8.18;4.14;2.38;0.42;1.39;3.47;143.3;122;11.6;2.8;6.9;0.8;0.32;0.12;0.16;0.9;0.92;0.145;55.8;6.2;3.04;1.9;0.34;1.04;3.51;181.1;157.4;14.6;2.1;7;0.38;0.33;0.08;0.12
2;50;0;0;100;14.69;2.53;7.29;1.48;1.48;0.175;44.6;8.42;4.36;2.46;0.42;1.41;3.7;144.1;123.3;10.6;2.8;7.4;0.83;0.37;0.12;0.16;1;1;0.149;55.5;6.64;3.34;1.96;0.34;1.12;3.59;179.4;155.6;14.4;2.2;7.2;0.38;0.41;0.08;0.13
2;50;0;50;0;17.5;2.75;7.87;1.41;1.38;0.162;50.1;8.45;4.31;2.36;0.44;1.39;3.96;146;119.3;16;2.8;7.9;0.77;0.32;0.13;0.16;1.18;1.2;0.15;49.9;7.93;3.98;2.33;0.41;1.36;3.9;145.4;120.7;14.2;2.7;7.8;0.65;0.29;0.11;0.15
2;50;0;50;50;17.06;2.99;8.62;1.47;1.47;0.168;49.8;8.72;4.46;2.54;0.4;1.47;4.35;145.4;118.9;14.8;2.9;8.7;0.77;0.41;0.13;0.17;1.41;1.41;0.151;50.2;9.26;4.57;2.74;0.48;1.52;4.27;146.7;121.1;14.1;3;8.5;0.8;0.31;0.12;0.18
2;50;0;50;100;16.85;3.22;9.57;1.64;1.59;0.175;49.6;9.06;4.66;2.63;0.47;1.44;4.87;145.5;119;13.9;2.9;9.7;0.78;0.5;0.13;0.18;1.62;1.66;0.154;50.4;10.71;5.31;3.17;0.58;1.78;4.69;148;121;14.1;3.6;9.4;0.92;0.39;0.14;0.21
2;50;0;100;0;19.27;3.19;8.95;1.45;1.47;0.16;57.9;9.15;4.59;2.71;0.44;1.55;4.53;148.4;116.8;19.4;3.1;9.1;0.76;0.4;0.13;0.18;1.43;1.45;0.153;42.1;9.43;4.76;2.75;0.51;1.63;4.42;108;82.1;13.8;3.3;8.8;0.86;0.28;0.13;0.18
2;50;0;100;50;19.25;3.57;10.19;1.66;1.62;0.167;57.2;9.65;4.99;2.76;0.49;1.6;5.15;147.8;115.7;18.6;3.2;10.3;0.75;0.53;0.15;0.19;1.72;1.77;0.153;42.8;11.49;5.72;3.39;0.6;1.97;5.04;110.7;82.9;13.8;3.9;10.1;1.07;0.32;0.15;0.22
2;50;0;100;100;18.89;3.96;11.5;1.73;1.76;0.174;56.6;10.06;5.12;2.91;0.51;1.65;5.8;147.3;115.1;17.2;3.3;11.6;0.76;0.65;0.15;0.2;2.1;2.19;0.156;43.4;13.95;6.97;4.1;0.72;2.32;5.7;112.9;83.2;13.7;4.6;11.4;1.33;0.39;0.2;0.27
2;50;50;0;0;15.22;2.59;7.26;1.54;1.54;0.166;44.8;9.25;4.73;2.65;0.5;1.6;3.64;145.5;122.5;12.6;3.2;7.3;0.95;0.27;0.14;0.17;0.92;0.92;0.154;55.2;5.87;2.96;1.7;0.28;0.98;3.62;179.4;156.7;13.4;2;7.2;0.36;0.37;0.08;0.11
2;50;50;0;50;14.73;2.62;7.5;1.59;1.6;0.171;44.6;9.32;4.8;2.73;0.45;1.57;3.84;144.8;122.5;11.4;3.1;7.7;0.93;0.34;0.14;0.2;1.02;1.03;0.16;55.4;6.41;3.23;1.89;0.34;1.05;3.65;179.6;156.6;13.5;2.1;7.3;0.38;0.44;0.09;0.12
2;50;50;0;100;14.36;2.72;7.73;1.77;1.73;0.178;45;9.66;4.98;2.77;0.48;1.58;3.94;145.5;123.9;10.5;3.2;7.9;0.97;0.43;0.15;0.18;1.13;1.13;0.164;55;6.84;3.45;1.99;0.35;1.14;3.79;178.2;154.8;13.5;2.3;7.6;0.36;0.55;0.09;0.13
2;50;50;50;0;17.05;2.96;8.63;1.64;1.59;0.163;50.3;9.75;4.89;2.89;0.47;1.6;4.34;146.9;119.3;15.7;3.2;8.7;0.9;0.36;0.14;0.19;1.26;1.3;0.157;49.7;8.24;4.11;2.46;0.45;1.36;4.29;145.3;120.7;13.3;2.7;8.6;0.66;0.37;0.11;0.16
2;50;50;50;50;16.71;3.32;9.35;1.75;1.76;0.172;50;10.2;5.24;2.91;0.51;1.74;4.78;146.7;118.8;14.9;3.5;9.6;0.91;0.5;0.16;0.19;1.43;1.49;0.16;50;9.26;4.71;2.68;0.49;1.58;4.56;146.5;121.2;13;3.2;9.1;0.76;0.43;0.13;0.17
2;50;50;50;100;16.53;3.59;10.02;1.92;1.86;0.178;49.9;10.38;5.46;2.89;0.51;1.73;5.14;146.8;119.2;13.8;3.5;10.3;0.92;0.59;0.16;0.19;1.74;1.77;0.163;50.1;10.81;5.48;3.17;0.53;1.86;4.87;147.3;120.8;13.1;3.7;9.7;0.9;0.53;0.14;0.19
2;50;50;100;0;18.98;3.51;9.62;1.84;1.77;0.164;58;10.76;5.57;3.13;0.5;1.79;4.87;149.1;116.3;19.5;3.6;9.7;0.9;0.51;0.15;0.21;1.47;1.51;0.157;42;9.52;4.8;2.81;0.46;1.72;4.75;107.9;82.5;12.5;3.4;9.5;0.85;0.34;0.13;0.18
2;50;50;100;50;18.85;3.78;10.92;1.95;1.92;0.171;57.4;11.22;5.76;3.19;0.53;1.87;5.58;148.5;115;18.6;3.7;11.2;0.88;0.65;0.17;0.21;1.87;1.88;0.16;42.6;11.73;5.79;3.54;0.62;1.91;5.34;110.2;83.3;12.4;3.8;10.7;1.09;0.41;0.15;0.23
2;50;50;100;100;18.8;4.17;12.04;2.19;2.1;0.182;56.8;11.48;6.04;3.21;0.54;1.91;6.09;148.1;114.5;17.6;3.8;12.2;0.88;0.84;0.17;0.21;2.24;2.27;0.162;43.2;13.95;7.01;4.13;0.71;2.26;5.95;112.6;83.7;12.5;4.5;11.9;1.33;0.49;0.17;0.27
2;50;100;0;0;14.97;2.83;7.9;1.87;1.82;0.169;45.2;10.7;5.51;3.03;0.55;1.79;4.12;147.3;122.9;12.6;3.6;8.2;1.1;0.34;0.17;0.21;0.97;1.01;0.163;54.8;6.15;3.1;1.8;0.31;1.04;3.78;178.4;156.1;12.7;2.1;7.6;0.36;0.46;0.08;0.12
2;50;100;0;50;14.5;2.91;8.3;1.96;1.9;0.173;45;10.91;5.73;3.14;0.49;1.81;4.22;146.4;122.8;11.6;3.6;8.4;1.1;0.42;0.16;0.22;1.11;1.13;0.169;55;6.64;3.41;1.94;0.34;1.1;4.08;179.1;156.3;12.4;2.2;8.2;0.38;0.54;0.08;0.13
2;50;100;0;100;14.14;2.85;8.45;1.99;2;0.181;45;11;5.67;3.17;0.55;1.75;4.25;146.1;123.6;10.4;3.5;8.5;1.11;0.52;0.17;0.21;1.3;1.28;0.179;55;7.08;3.64;2.01;0.33;1.1;4.2;178.5;155.2;12.7;2.2;8.4;0.38;0.68;0.09;0.13
2;50;100;50;0;16.74;3.21;9.24;1.98;1.88;0.166;50.6;11.25;5.71;3.25;0.54;1.8;4.68;148.1;119.4;15.7;3.6;9.4;1.06;0.44;0.17;0.22;1.3;1.37;0.164;49.4;8.33;4.23;2.37;0.44;1.4;4.56;144.8;120.6;12.3;2.8;9.1;0.65;0.45;0.12;0.16
2;50;100;50;50;16.68;3.58;10.09;2.06;2.08;0.176;50.3;11.79;6.13;3.29;0.58;2;5.14;148.1;118.8;15;4;10.3;1.06;0.61;0.19;0.23;1.57;1.6;0.166;49.7;9.58;4.93;2.72;0.46;1.58;4.95;146.5;121.2;12.2;3.2;9.9;0.77;0.53;0.12;0.18
2;50;100;50;100;16.27;3.82;10.77;2.31;2.22;0.185;50.1;11.96;6.28;3.31;0.57;1.93;5.58;147.9;118.9;14;3.9;11.2;1.07;0.74;0.18;0.23;1.85;1.9;0.172;49.9;10.98;5.65;3.16;0.57;1.89;5.19;147.2;121.1;12;3.8;10.4;0.9;0.66;0.15;0.19
2;50;100;100;0;18.87;3.77;10.56;2.08;2.08;0.168;58;12.38;6.37;3.52;0.59;2.12;5.32;149.9;115.4;19.6;4.2;10.6;1.03;0.63;0.19;0.23;1.54;1.62;0.162;42;9.89;4.98;2.91;0.49;1.66;5.24;108.5;83;11.7;3.3;10.5;0.87;0.43;0.13;0.19
2;50;100;100;50;18.68;4.19;12.07;2.29;2.28;0.174;57.4;13.03;6.66;3.83;0.64;2.1;6.16;149.7;114.5;18.7;4.2;12.3;1.03;0.8;0.18;0.26;1.9;2.01;0.165;42.6;12.13;6.11;3.66;0.56;2.09;5.91;111.2;83.7;11.6;4.2;11.8;1.11;0.51;0.17;0.23
2;50;100;100;100;18.54;4.44;12.83;2.46;2.42;0.187;56.7;12.95;6.79;3.67;0.61;2.11;6.51;148.6;113.8;17.5;4.2;13;1;0.97;0.2;0.25;2.42;2.42;0.169;43.3;14.26;7.25;4.19;0.71;2.33;6.32;113.2;84.1;11.8;4.7;12.6;1.34;0.63;0.19;0.26
2;100;0;0;0;17.36;2.69;7.75;1.73;1.66;0.168;36.8;9.86;5.06;2.81;0.52;1.61;3.92;106;82.7;12.2;3.2;7.8;1.07;0.25;0.14;0.2;0.92;0.94;0.144;63.2;6.43;3.19;1.92;0.34;1.08;3.83;182.2;154.6;17.7;2.2;7.7;0.36;0.37;0.09;0.12
2;100;0;0;50;17;2.87;8.15;1.72;1.72;0.172;37.1;9.95;5.14;2.85;0.51;1.69;4.18;106.6;83.9;10.9;3.4;8.4;1.09;0.3;0.14;0.19;1;1.07;0.148;62.9;7.1;3.41;2.17;0.37;1.19;3.98;180.7;152.2;18.1;2.4;8;0.36;0.48;0.09;0.13
2;100;0;0;100;16.73;2.93;8.41;1.8;1.75;0.176;37.3;9.87;5.07;2.85;0.49;1.59;4.34;106.6;84.8;9.9;3.2;8.7;1.07;0.34;0.15;0.19;1.27;1.23;0.154;62.7;7.93;4.04;2.27;0.38;1.34;4.07;179.6;150.4;18.4;2.7;8.1;0.38;0.6;0.1;0.15
2;100;0;50;0;19.18;3.17;8.95;1.73;1.69;0.165;42.4;10.21;5.28;2.94;0.49;1.74;4.55;108.9;80.9;15.4;3.5;9.1;1.02;0.32;0.15;0.2;1.24;1.25;0.149;57.6;8.36;4.14;2.51;0.38;1.44;4.4;147.8;118.6;17.5;2.9;8.8;0.63;0.35;0.11;0.16
2;100;0;50;50;18.85;3.4;9.8;1.81;1.78;0.17;42.4;10.42;5.34;3.03;0.53;1.68;4.91;109;81.5;14.4;3.4;9.8;1.03;0.39;0.14;0.21;1.46;1.54;0.153;57.6;10.02;4.99;2.93;0.49;1.73;4.89;148.5;117.8;17.5;3.5;9.8;0.75;0.46;0.13;0.19
2;100;0;50;100;18.96;3.77;10.74;1.94;1.9;0.176;42.4;10.77;5.5;3.15;0.55;1.7;5.59;110;81.9;13.6;3.4;11.2;1.03;0.49;0.16;0.21;1.72;1.84;0.157;57.6;11.72;5.84;3.42;0.63;2.07;5.15;149.6;117.2;17.9;4.1;10.3;0.88;0.58;0.17;0.22
2;100;0;100;0;21.01;3.51;10.01;1.77;1.81;0.164;50.4;10.98;5.55;3.25;0.55;1.82;5.17;112.3;79.5;18.9;3.6;10.3;1.03;0.39;0.16;0.22;1.48;1.49;0.151;49.6;9.84;4.87;2.93;0.48;1.69;4.84;110.7;80.5;17.1;3.4;9.7;0.84;0.34;0.13;0.18
2;100;0;100;50;20.97;3.89;11.32;1.98;1.93;0.169;50;11.4;5.77;3.35;0.57;1.83;5.8;112.8;79.3;18.2;3.7;11.6;1.02;0.52;0.17;0.22;1.86;1.9;0.154;50;12.26;6.07;3.68;0.61;2.06;5.52;112.9;80.7;17.1;4.1;11;1.05;0.45;0.16;0.23
2;100;0;100;100;20.67;4.4;12.59;2.04;2.04;0.175;49.5;11.61;5.93;3.34;0.59;1.91;6.42;112.7;79.4;16.7;3.8;12.8;1.02;0.62;0.18;0.23;2.27;2.34;0.158;50.5;14.79;7.42;4.34;0.76;2.5;6.17;115;80.6;17;5;12.3;1.3;0.56;0.2;0.29
2;100;50;0;0;17.19;3.05;8.75;1.98;2;0.17;37.6;11.75;5.98;3.42;0.62;1.93;4.47;108.7;83.8;12.1;3.9;8.9;1.32;0.26;0.18;0.23;1.01;1.03;0.154;62.4;6.63;3.35;1.93;0.34;1.12;4.28;180.3;152.5;17;2.2;8.6;0.35;0.47;0.09;0.13
2;100;50;0;50;17.06;3.21;9.17;2.15;2.05;0.173;37.7;11.83;6.04;3.47;0.54;1.9;4.58;108.8;84.6;11.2;3.8;9.2;1.33;0.32;0.18;0.22;1.19;1.23;0.16;62.3;7.63;3.87;2.25;0.35;1.31;4.58;180;150.9;17.3;2.6;9.2;0.36;0.61;0.12;0.13
2;100;50;0;100;16.63;3.22;9.7;2.25;2.17;0.178;37.9;12.17;6.27;3.5;0.58;1.88;4.9;109;85.3;10.1;3.8;9.8;1.36;0.42;0.16;0.23;1.32;1.36;0.165;62.1;8.2;4.09;2.41;0.41;1.34;4.8;179;149.4;17.4;2.7;9.6;0.37;0.74;0.1;0.16
2;100;50;50;0;19.04;3.55;10.28;2.09;2.08;0.167;43.1;12.43;6.24;3.71;0.62;2.01;5.22;111.6;81.8;15.4;4;10.4;1.29;0.35;0.18;0.25;1.38;1.41;0.156;56.9;8.97;4.52;2.62;0.47;1.54;5.06;147.2;117.4;16.6;3.1;10.1;0.65;0.47;0.12;0.17
2;100;50;50;50;18.68;3.82;11.19;2.3;2.25;0.173;43.1;12.92;6.64;3.75;0.64;2.11;5.7;111.9;82;14.3;4.2;11.4;1.32;0.48;0.19;0.25;1.67;1.67;0.16;56.9;10.45;5.2;3.11;0.58;1.71;5.49;147.9;117;16.5;3.4;11;0.75;0.59;0.13;0.2
2;100;50;50;100;18.58;4.06;11.69;2.42;2.33;0.178;42.9;13.03;6.79;3.67;0.62;2.09;5.97;111.7;82.1;13.6;4.2;11.9;1.31;0.59;0.19;0.25;1.99;1.94;0.163;57.1;11.84;6;3.39;0.6;1.97;5.72;148.8;116.9;16.5;3.9;11.4;0.88;0.7;0.15;0.21
2;100;50;100;0;20.84;3.88;11.34;2.25;2.2;0.167;50.7;13.2;6.67;3.88;0.63;2.05;5.82;114.3;79.8;18.8;4.1;11.6;1.27;0.49;0.18;0.27;1.64;1.66;0.157;49.3;10.54;5.35;3.12;0.52;1.83;5.52;111.1;80.2;16.2;3.7;11;0.85;0.47;0.14;0.19
2;100;50;100;50;20.85;4.47;12.57;2.42;2.38;0.172;50.2;13.76;7.15;3.88;0.72;2.34;6.39;114.6;79.2;17.9;4.7;12.8;1.27;0.63;0.2;0.27;1.99;2.02;0.16;49.8;12.62;6.37;3.75;0.62;2.13;6.18;113.5;80.8;16.1;4.3;12.4;1.07;0.56;0.16;0.24
2;100;50;100;100;20.52;4.69;13.68;2.62;2.56;0.182;49.8;14.02;7.28;3.95;0.69;2.24;6.92;114.4;79;17.1;4.5;13.8;1.26;0.81;0.21;0.27;2.38;2.44;0.163;50.2;14.93;7.49;4.41;0.78;2.45;6.75;115.2;81;15.8;4.9;13.5;1.29;0.66;0.2;0.29
2;100;100;0;0;17.06;3.49;10.07;2.48;2.42;0.172;38.4;14.05;7.22;4.13;0.68;2.34;5.2;111.7;84.6;12;4.7;10.4;1.6;0.33;0.21;0.28;1.19;1.18;0.164;61.6;7.12;3.62;2.07;0.37;1.15;4.88;179.2;150.8;16.3;2.3;9.8;0.34;0.62;0.09;0.13
2;100;100;0;50;16.91;3.69;10.65;2.51;2.54;0.175;38.5;14.5;7.44;4.2;0.73;2.39;5.43;112;85.2;11.2;4.8;10.9;1.65;0.4;0.22;0.27;1.29;1.38;0.176;61.5;7.83;3.94;2.33;0.42;1.3;5.22;179;149.6;16.3;2.6;10.4;0.36;0.78;0.1;0.15
2;100;100;0;100;16.29;3.68;10.86;2.76;2.63;0.18;38.4;14.56;7.54;4.26;0.69;2.32;5.48;111.2;85.5;10;4.6;11;1.65;0.5;0.2;0.27;1.48;1.53;0.182;61.6;8.38;4.28;2.43;0.43;1.36;5.38;178.4;148.9;16.1;2.7;10.8;0.37;0.91;0.1;0.16
2;100;100;50;0;19.02;3.94;11.38;2.65;2.54;0.169;43.6;14.96;7.63;4.32;0.77;2.39;5.78;113.8;81.9;15.6;4.8;11.6;1.57;0.45;0.22;0.29;1.49;1.5;0.164;56.4;9.1;4.62;2.64;0.44;1.54;5.6;147.1;117.2;15.6;3.1;11.2;0.62;0.59;0.13;0.16
2;100;100;50;50;18.7;4.12;12.12;2.76;2.66;0.176;43.5;15.11;7.85;4.33;0.76;2.42;6.08;113.6;82.3;14.3;4.8;12.2;1.59;0.57;0.21;0.29;1.77;1.83;0.171;56.5;10.63;5.34;3.14;0.53;1.7;6.04;147.7;116.6;15.6;3.4;12.1;0.74;0.75;0.13;0.21
2;100;100;50;100;18.15;4.37;12.89;2.8;2.79;0.183;43.3;15.21;7.88;4.27;0.75;2.44;6.59;113.5;82.3;13.1;4.9;13.2;1.59;0.7;0.21;0.29;2.1;2.13;0.174;56.7;12.15;6.09;3.55;0.61;1.93;6.3;148.5;116.5;15.5;3.9;12.6;0.89;0.86;0.15;0.22
2;100;100;100;0;20.82;4.41;12.58;2.68;2.66;0.17;51.1;15.56;7.96;4.54;0.79;2.52;6.41;116.5;79.8;18.8;5;12.8;1.53;0.6;0.23;0.3;1.69;1.78;0.164;48.9;10.86;5.47;3.19;0.52;1.89;6.17;111.3;80.2;15;3.8;12.3;0.87;0.56;0.16;0.2
2;100;100;100;50;20.6;4.71;13.61;2.93;2.82;0.175;50.7;16.06;8.36;4.51;0.79;2.61;6.92;116.4;79.3;18.1;5.2;13.8;1.54;0.75;0.23;0.31;2.13;2.14;0.169;49.3;12.63;6.42;3.74;0.63;2.1;6.69;113.2;80.7;14.9;4.2;13.4;1.04;0.69;0.16;0.24
2;100;100;100;100;20.53;5.06;15.02;3.07;2.99;0.184;50;16.18;8.48;4.52;0.84;2.58;7.54;116.3;79;17;5.2;15.1;1.5;0.96;0.23;0.31;2.59;2.64;0.172;50;15.32;7.79;4.52;0.8;2.48;7.48;116.1;81;15.2;5;15;1.29;0.87;0.19;0.29
3;0;0;0;0;13.32;1.79;5.09;0.98;0.95;0.168;50;5.61;2.89;1.63;0.26;0.92;2.61;178.5;158.5;13;1.8;5.2;0.49;0.26;0.08;0.11;0.69;0.71;0.142;50;4.93;2.45;1.49;0.26;0.88;2.48;178.9;161.5;10.7;1.8;5;0.34;0.21;0.07;0.09
3;0;0;0;50;13.15;1.89;5.24;1.02;1.06;0.179;49.9;5.88;3.05;1.65;0.27;0.97;2.72;178.2;158.4;12.4;1.9;5.4;0.48;0.36;0.09;0.12;0.72;0.75;0.14;50.1;5.22;2.57;1.51;0.28;0.92;2.51;179.2;161.6;10.8;1.8;5;0.36;0.23;0.07;0.09
3;0;0;0;100;12.77;2;5.68;1.09;1.12;0.187;49.8;5.97;3.13;1.67;0.31;0.99;2.85;177.9;159;11.3;2;5.7;0.5;0.43;0.08;0.12;0.8;0.85;0.145;50.2;5.76;2.86;1.75;0.3;1.01;2.83;179.4;161;10.7;2;5.7;0.37;0.3;0.08;0.1
3;0;0;50;0;15.63;2.29;6.59;1.02;1.05;0.165;55.8;6.34;3.18;1.87;0.33;1.03;3.33;180.8;155.3;16.7;2.1;6.7;0.48;0.35;0.1;0.13;1.09;1.06;0.145;44.2;7.25;3.62;2.16;0.41;1.25;3.26;143.1;123.5;10.6;2.5;6.5;0.61;0.22;0.1;0.14
3;0;0;50;50;15.27;2.49;7.17;1.21;1.17;0.177;55.4;6.59;3.44;1.87;0.3;1.05;3.73;179.7;154.5;15.6;2.1;7.5;0.48;0.46;0.09;0.15;1.15;1.22;0.145;44.6;8.31;4.07;2.48;0.46;1.45;3.43;144.4;124.1;10.5;2.9;6.9;0.72;0.24;0.11;0.15
3;0;0;50;100;14.93;2.73;8.01;1.3;1.29;0.186;55.1;6.91;3.58;1.95;0.33;1.11;4.15;179.3;154;14.7;2.2;8.3;0.5;0.56;0.09;0.15;1.4;1.45;0.148;44.9;9.72;4.8;2.96;0.53;1.63;3.87;145.9;124.5;10.5;3.3;7.7;0.85;0.29;0.13;0.18
3;0;0;100;0;17.44;2.64;7.82;1.16;1.17;0.162;63.6;7.18;3.55;2.19;0.36;1.15;4.03;182.9;152.4;20.2;2.3;8.1;0.5;0.42;0.1;0.15;1.23;1.3;0.147;36.4;8.81;4.28;2.72;0.48;1.5;3.79;104.4;83.8;10;3;7.6;0.81;0.21;0.12;0.16
3;0;0;100;50;17.62;3.07;8.86;1.26;1.32;0.174;62.7;7.54;3.79;2.22;0.41;1.25;4.53;181.1;149.9;19.6;2.5;9.1;0.46;0.61;0.12;0.15;1.5;1.56;0.147;37.3;10.59;5.22;3.16;0.54;1.82;4.33;107.5;85;10.2;3.6;8.7;1.01;0.22;0.14;0.19
3;0;0;100;100;17.27;3.52;10.05;1.48;1.5;0.185;61.8;8.05;4.14;2.34;0.4;1.25;5.09;179;147.8;18.5;2.5;10.2;0.47;0.75;0.12;0.17;1.89;1.93;0.149;38.2;12.91;6.41;3.8;0.66;2.27;4.96;110.5;86.1;9.9;4.5;9.9;1.26;0.27;0.17;0.23
3;0;50;0;0;13.04;1.86;5.33;1.01;1.01;0.167;50.2;6;3.12;1.72;0.31;0.99;2.76;179.2;158.7;13.1;2;5.5;0.51;0.29;0.08;0.13;0.74;0.75;0.147;49.8;4.97;2.46;1.49;0.26;0.87;2.57;178.1;161.3;9.8;1.7;5.1;0.34;0.26;0.06;0.09
3;0;50;0;50;12.71;1.94;5.51;1.09;1.12;0.18;50.1;6.19;3.18;1.8;0.32;1.05;2.84;179;158.9;12.4;2.1;5.7;0.52;0.37;0.1;0.13;0.81;0.83;0.148;49.9;5.46;2.71;1.63;0.25;0.9;2.68;178;161.1;9.8;1.8;5.4;0.36;0.29;0.07;0.1
3;0;50;0;100;12.3;2.02;5.76;1.22;1.25;0.191;49.8;6.46;3.37;1.83;0.32;1.07;2.96;177.7;158.3;11.4;2.1;5.9;0.51;0.5;0.1;0.14;0.86;0.85;0.148;50.2;5.65;2.84;1.64;0.28;0.96;2.8;178.9;161.7;9.7;1.9;5.6;0.36;0.32;0.07;0.1
3;0;50;50;0;15.02;2.33;6.87;1.12;1.11;0.163;55.7;6.78;3.5;1.99;0.31;1.12;3.49;179.9;154;16.8;2.2;7;0.48;0.38;0.1;0.14;1.05;1.1;0.15;44.3;7.31;3.62;2.15;0.38;1.21;3.38;143;124.5;9.3;2.4;6.8;0.63;0.25;0.09;0.13
3;0;50;50;50;14.96;2.6;7.43;1.26;1.29;0.181;55.2;7.1;3.6;2.03;0.39;1.15;3.81;178.5;152.6;16;2.3;7.6;0.47;0.57;0.1;0.14;1.2;1.26;0.15;44.8;8.32;4.15;2.45;0.43;1.45;3.62;145.1;125.6;9.4;2.9;7.2;0.73;0.27;0.11;0.15
3;0;50;50;100;14.47;2.83;8.31;1.41;1.43;0.191;54.9;7.44;3.92;2.05;0.36;1.2;4.29;177.9;152.2;14.8;2.4;8.6;0.48;0.69;0.11;0.15;1.44;1.49;0.15;45.1;9.88;4.86;2.97;0.54;1.63;4.01;146.4;125.9;9.2;3.3;8;0.88;0.32;0.13;0.17
3;0;50;100;0;17.16;2.83;8.09;1.25;1.31;0.165;63.3;7.91;3.95;2.32;0.38;1.32;4.16;181.3;150;20.4;2.6;8.3;0.48;0.54;0.12;0.17;1.31;1.35;0.15;36.7;8.93;4.45;2.67;0.46;1.51;3.93;105;85;9.1;3;7.9;0.82;0.25;0.12;0.16
3;0;50;100;50;17.25;3.11;9.09;1.45;1.47;0.179;62.5;8.18;4.24;2.35;0.35;1.31;4.64;179.6;148.1;19.6;2.6;9.3;0.46;0.73;0.11;0.17;1.6;1.63;0.15;37.5;10.78;5.29;3.24;0.58;1.8;4.45;107.6;85.9;9.1;3.6;8.9;1.03;0.26;0.14;0.2
3;0;50;100;100;17.09;3.6;10.51;1.67;1.71;0.196;61.7;8.68;4.51;2.47;0.45;1.39;5.4;178.5;146.2;18.7;2.8;10.8;0.46;0.95;0.12;0.17;1.92;1.99;0.151;38.3;13.14;6.54;3.99;0.68;2.21;5.11;110.6;86.9;9.1;4.4;10.2;1.26;0.31;0.18;0.23
3;0;100;0;0;12.6;1.93;5.47;1.12;1.11;0.171;50.1;6.46;3.34;1.87;0.33;1.08;2.85;178.8;157.7;13.3;2.2;5.7;0.52;0.35;0.1;0.14;0.8;0.77;0.152;49.9;4.98;2.5;1.5;0.24;0.84;2.62;177.9;162.3;8.7;1.7;5.2;0.33;0.28;0.07;0.09
3;0;100;0;50;12.22;2.05;5.78;1.23;1.24;0.182;49.7;6.76;3.51;1.92;0.34;1.13;2.93;177.4;156.8;12.5;2.3;5.9;0.52;0.48;0.1;0.14;0.85;0.86;0.155;50.3;5.42;2.72;1.57;0.31;0.92;2.84;179.3;163.2;8.5;1.8;5.7;0.36;0.33;0.07;0.1
3;0;100;0;100;11.73;2.06;5.92;1.36;1.36;0.196;49.8;6.88;3.67;1.97;0.31;1.09;3.03;177.1;157.6;11.3;2.2;6.1;0.53;0.58;0.1;0.14;0.93;0.93;0.161;50.2;5.74;2.93;1.65;0.27;0.96;2.89;178.7;162.4;8.6;1.9;5.8;0.36;0.4;0.07;0.1
3;0;100;50;0;14.85;2.48;7.23;1.3;1.3;0.167;55.6;7.73;3.92;2.27;0.39;1.27;3.63;179.8;153;17;2.5;7.3;0.53;0.49;0.11;0.16;1.14;1.14;0.153;44.4;7.41;3.71;2.25;0.37;1.21;3.61;143.4;125.3;8.5;2.4;7.2;0.61;0.29;0.1;0.14
3;0;100;50;50;14.65;2.73;7.7;1.45;1.44;0.185;55.1;7.73;4.02;2.21;0.38;1.25;3.92;178.1;151.8;16;2.5;7.8;0.5;0.68;0.11;0.15;1.25;1.31;0.155;44.9;8.4;4.16;2.55;0.41;1.48;3.78;145.2;126.2;8.5;3;7.6;0.73;0.32;0.11;0.15
3;0;100;50;100;14.43;3.05;8.53;1.57;1.67;0.202;54.6;8.22;4.31;2.37;0.39;1.32;4.34;177;150.5;15.2;2.6;8.7;0.48;0.88;0.13;0.17;1.59;1.57;0.157;45.4;9.9;5.04;2.89;0.47;1.73;4.2;147.4;127.1;8.4;3.5;8.4;0.87;0.39;0.14;0.17
3;0;100;100;0;17.1;3.02;8.54;1.49;1.53;0.174;63;8.75;4.54;2.51;0.42;1.5;4.37;180.4;147.7;20.9;3;8.7;0.48;0.74;0.13;0.18;1.27;1.37;0.152;37;8.96;4.36;2.71;0.45;1.53;4.16;105.7;86.1;8.1;3.1;8.3;0.83;0.27;0.12;0.16
3;0;100;100;50;16.76;3.43;9.53;1.65;1.65;0.185;62.1;8.9;4.66;2.5;0.41;1.5;4.83;178.1;145.9;19.6;3;9.7;0.47;0.88;0.13;0.17;1.73;1.71;0.154;37.9;11.09;5.6;3.26;0.59;1.93;4.71;108.5;87.1;8.2;3.9;9.4;1.06;0.31;0.14;0.2
3;0;100;100;100;16.95;3.81;10.76;1.9;1.96;0.202;61.7;9.65;5.12;2.66;0.47;1.54;5.6;178.1;144.7;19.2;3.1;11.2;0.49;1.13;0.14;0.21;2;2.04;0.156;38.3;13.05;6.53;3.9;0.66;2.27;5.16;110.6;87.7;8.1;4.5;10.3;1.25;0.38;0.18;0.23
3;50;0;0;0;15.61;2.32;6.55;1.42;1.46;0.177;44.4;8.17;4.25;2.33;0.39;1.37;3.4;144;121.5;12.9;2.7;6.8;0.91;0.26;0.12;0.16;0.79;0.78;0.139;55.6;5.48;2.7;1.61;0.3;0.95;3.15;180.4;158;14.2;1.9;6.3;0.34;0.28;0.07;0.09
3;50;0;0;50;15.26;2.38;6.88;1.51;1.56;0.185;44.4;8.4;4.28;2.48;0.41;1.34;3.5;143.8;121.9;12.2;2.7;7;0.9;0.36;0.13;0.17;0.84;0.85;0.141;55.6;6.01;2.95;1.87;0.29;1.04;3.38;180.4;157.4;14.1;2.1;6.8;0.33;0.33;0.08;0.11
3;50;0;0;100;14.52;2.51;7.2;1.62;1.63;0.191;44.4;8.5;4.5;2.37;0.41;1.41;3.67;143.6;122.6;10.9;2.8;7.3;0.92;0.4;0.13;0.17;0.94;0.97;0.145;55.6;6.59;3.24;1.99;0.35;1.11;3.53;179.7;156.6;13.9;2.2;7.1;0.36;0.4;0.09;0.12
3;50;0;50;0;17.28;2.78;7.94;1.47;1.52;0.174;50.1;8.68;4.47;2.54;0.42;1.46;4.06;146;118.7;16.3;2.9;8.1;0.87;0.34;0.13;0.18;1.12;1.12;0.144;49.9;7.72;3.83;2.31;0.4;1.31;3.88;145.2;121.3;13.5;2.6;7.8;0.61;0.27;0.1;0.14
3;50;0;50;50;17.04;2.98;8.56;1.67;1.65;0.183;49.9;9.01;4.7;2.56;0.43;1.47;4.4;145.6;118.6;15.3;2.9;8.8;0.88;0.46;0.13;0.18;1.28;1.29;0.144;50.1;8.92;4.41;2.74;0.43;1.51;4.16;146.4;121.4;13.7;3;8.3;0.71;0.31;0.11;0.16
3;50;0;50;100;16.84;3.36;9.35;1.74;1.74;0.189;49.6;9.17;4.81;2.57;0.45;1.53;4.78;145.6;118.8;14.2;3.1;9.6;0.87;0.55;0.13;0.18;1.49;1.57;0.148;50.4;10.57;5.25;3.13;0.53;1.83;4.58;147.7;121.2;13.7;3.7;9.2;0.84;0.4;0.15;0.19
3;50;0;100;0;19.36;3.08;9.1;1.56;1.58;0.171;58;9.23;4.71;2.72;0.42;1.49;4.69;148.9;116.9;19.6;3;9.4;0.85;0.41;0.14;0.19;1.32;1.37;0.145;42;9.41;4.59;2.86;0.5;1.59;4.41;107.6;82.1;13.5;3.2;8.8;0.8;0.29;0.12;0.17
3;50;0;100;50;19.25;3.54;10.09;1.7;1.72;0.18;57.1;9.54;4.83;2.79;0.48;1.49;5.11;147.2;115;19;3;10.2;0.81;0.58;0.13;0.19;1.61;1.67;0.146;42.9;11.4;5.68;3.41;0.57;2.06;4.98;110.7;83.4;13.3;4.1;10;1.01;0.31;0.15;0.2
3;50;0;100;100;18.98;3.94;11.54;1.86;1.94;0.188;56.5;10.28;5.34;3.02;0.5;1.67;5.78;147;114.2;18;3.3;11.6;0.85;0.72;0.14;0.22;2;2.03;0.149;43.5;13.58;6.72;4.03;0.7;2.28;5.76;113;83.9;13;4.6;11.5;1.23;0.37;0.19;0.24
3;50;50;0;0;15.02;2.56;7.32;1.72;1.71;0.179;44.7;9.51;4.89;2.72;0.48;1.55;3.69;145.1;121.7;12.9;3.1;7.4;1.1;0.28;0.13;0.19;0.82;0.87;0.148;55.3;5.79;2.86;1.72;0.31;1;3.63;179.7;157.7;12.7;2;7.3;0.34;0.35;0.07;0.11
3;50;50;0;50;14.91;2.69;7.6;1.66;1.78;0.185;44.8;9.55;4.95;2.79;0.47;1.6;3.85;145.7;122.8;12;3.2;7.7;1.06;0.38;0.14;0.2;0.97;0.97;0.149;55.2;6.39;3.19;1.84;0.36;1.09;3.75;179.2;156.3;13.2;2.2;7.5;0.34;0.42;0.09;0.11
3;50;50;0;100;14.39;2.62;7.78;1.8;1.88;0.193;44.9;9.71;4.94;2.86;0.47;1.48;4.01;145.3;123.6;10.8;3;8;1.09;0.47;0.13;0.19;1.1;1.07;0.155;55.1;6.86;3.46;1.99;0.35;1.15;3.77;178.3;155.2;13.2;2.3;7.5;0.36;0.5;0.1;0.12
3;50;50;50;0;16.97;2.97;8.47;1.79;1.77;0.175;50.4;10.07;5.2;2.86;0.5;1.65;4.24;146.9;118.8;16.4;3.3;8.5;1.03;0.38;0.15;0.21;1.22;1.18;0.15;49.6;7.81;3.91;2.35;0.38;1.32;4.23;144.8;121.2;12.5;2.6;8.5;0.59;0.34;0.1;0.15
3;50;50;50;50;17.04;3.23;9.27;1.85;1.93;0.187;50.1;10.31;5.33;2.96;0.49;1.65;4.73;147;118.7;15.5;3.3;9.5;1.02;0.54;0.15;0.22;1.44;1.39;0.15;49.9;9.26;4.7;2.66;0.42;1.58;4.54;146.4;121.3;12.9;3.2;9.1;0.71;0.41;0.12;0.16
3;50;50;50;100;16.69;3.48;10.17;1.97;2.07;0.193;49.8;10.68;5.45;3.08;0.53;1.69;5.16;146.5;118.5;14.3;3.4;10.3;1.03;0.67;0.16;0.21;1.63;1.66;0.153;50.2;10.74;5.37;3.23;0.53;1.79;5.02;147.9;121.5;12.8;3.6;10;0.83;0.49;0.15;0.19
3;50;50;100;0;18.85;3.33;9.71;1.91;1.9;0.175;58.1;10.86;5.6;3.08;0.52;1.75;5.03;149.2;116;19.6;3.5;10.1;1.03;0.51;0.15;0.22;1.39;1.41;0.15;41.9;9.37;4.62;2.87;0.45;1.58;4.69;107.3;82.7;12.2;3.2;9.4;0.8;0.33;0.12;0.16
3;50;50;100;50;18.97;3.74;10.93;2.16;2.13;0.185;57.4;11.48;5.95;3.27;0.56;1.83;5.54;148.5;114.6;19.1;3.7;11.1;1;0.72;0.16;0.24;1.76;1.74;0.15;42.7;11.53;5.78;3.36;0.61;1.91;5.39;110.4;83.6;12.2;3.8;10.8;1;0.39;0.15;0.21
3;50;50;100;100;18.83;4.22;12.16;2.25;2.32;0.196;56.7;11.8;6.15;3.35;0.59;1.88;6.22;148.1;113.7;18.2;3.8;12.4;1;0.92;0.17;0.24;2.08;2.09;0.152;43.3;13.64;6.89;3.99;0.69;2.34;5.94;112.8;84.2;12.1;4.7;11.9;1.22;0.46;0.17;0.24
3;50;100;0;0;14.84;2.72;7.84;2;1.98;0.182;45;10.88;5.67;3.07;0.53;1.76;4.08;146.6;121.6;13.3;3.5;8.2;1.24;0.36;0.16;0.22;0.87;0.89;0.153;55;5.72;2.84;1.71;0.3;0.97;3.76;179;157.9;11.7;1.9;7.5;0.33;0.39;0.08;0.1
3;50;100;0;50;14.55;2.85;8.22;2.04;2.09;0.189;45;11.04;5.69;3.19;0.52;1.79;4.19;146.6;122.7;11.9;3.6;8.4;1.24;0.46;0.16;0.22;1.03;1.03;0.159;55;6.44;3.21;1.91;0.34;1.06;4.03;178.9;156.4;12.3;2.1;8.1;0.33;0.5;0.08;0.12
3;50;100;0;100;14.05;2.88;8.43;2.12;2.2;0.197;45;11.15;5.83;3.14;0.52;1.75;4.32;146.1;123.1;10.9;3.5;8.6;1.24;0.56;0.17;0.22;1.23;1.19;0.169;55;6.99;3.6;2.01;0.36;1.13;4.1;178.6;155.9;12.2;2.3;8.2;0.36;0.62;0.09;0.12
3;50;100;50;0;16.67;3.27;9.36;2.05;2.09;0.179;50.6;11.69;6.04;3.35;0.58;1.89;4.84;148.4;118.7;16.2;3.8;9.7;1.23;0.45;0.17;0.24;1.23;1.24;0.153;49.4;8.04;4.07;2.38;0.37;1.38;4.51;144.6;121.3;11.5;2.8;9;0.61;0.38;0.11;0.14
3;50;100;50;50;16.57;3.49;10.06;2.24;2.28;0.19;50.2;11.95;6.19;3.45;0.59;1.88;5.13;147.8;118.3;15.4;3.8;10.3;1.19;0.66;0.18;0.24;1.6;1.5;0.157;49.8;9.55;4.86;2.76;0.51;1.61;4.93;146.6;121.7;11.8;3.2;9.9;0.72;0.49;0.13;0.16
3;50;100;50;100;16.34;3.79;10.74;2.45;2.41;0.2;50;12.06;6.38;3.39;0.58;1.94;5.49;147.7;118.2;14.6;3.9;11;1.19;0.82;0.17;0.24;1.73;1.79;0.163;50;10.93;5.57;3.2;0.55;1.85;5.25;147.6;121.8;11.6;3.7;10.5;0.84;0.61;0.14;0.2
3;50;100;100;0;18.8;3.72;10.73;2.21;2.3;0.182;58;12.62;6.47;3.69;0.61;2.07;5.49;150;115;19.9;4.1;11;1.16;0.69;0.19;0.26;1.44;1.49;0.153;42;9.73;4.84;2.92;0.48;1.65;5.24;108.5;83.3;11.4;3.3;10.5;0.81;0.38;0.13;0.17
3;50;100;100;50;18.66;4.26;11.72;2.42;2.47;0.189;57.3;13;6.85;3.69;0.64;2.21;5.91;149;113.8;18.9;4.4;11.8;1.15;0.85;0.2;0.26;1.79;1.84;0.155;42.7;11.82;5.94;3.46;0.61;2.05;5.81;111.1;84.1;11.2;4.1;11.6;1.02;0.45;0.16;0.21
3;50;100;100;100;18.69;4.42;13.07;2.6;2.69;0.201;56.7;13.37;7.03;3.78;0.65;2.09;6.65;148.8;113;18.4;4.2;13.3;1.14;1.09;0.19;0.27;2.18;2.24;0.159;43.3;13.98;7.06;4.15;0.67;2.33;6.42;113.4;84.7;11.2;4.7;12.8;1.23;0.58;0.17;0.26
3;100;0;0;0;17.3;2.75;7.79;1.83;1.83;0.182;36.9;10.06;5.16;2.88;0.49;1.63;4.04;106.4;82.5;12.6;3.3;8.1;1.22;0.26;0.15;0.21;0.89;0.89;0.14;63.1;6.26;3.09;1.92;0.31;1.12;3.76;182;155;17.2;2.2;7.5;0.34;0.36;0.08;0.11
3;100;0;0;50;17.08;2.73;8.15;1.8;1.86;0.187;37;9.9;5.11;2.81;0.49;1.58;4.16;106.5;83.4;11.6;3.2;8.3;1.19;0.33;0.14;0.19;1;1.01;0.144;63;6.92;3.38;2.18;0.34;1.15;3.99;181.2;153.2;17.6;2.3;8;0.33;0.46;0.09;0.13
3;100;0;0;100;16.61;2.94;8.47;1.91;1.97;0.192;37.2;10.26;5.33;2.92;0.43;1.65;4.3;106.6;84.1;10.6;3.3;8.6;1.23;0.4;0.15;0.2;1.12;1.16;0.15;62.8;7.71;3.75;2.35;0.4;1.29;4.17;180.3;151.8;17.6;2.6;8.3;0.36;0.57;0.09;0.14
3;100;0;50;0;19.02;3.09;9.09;1.86;1.87;0.179;42.7;10.43;5.36;3.05;0.5;1.68;4.67;109.6;81;15.8;3.4;9.3;1.18;0.32;0.15;0.22;1.09;1.2;0.143;57.3;8.33;4.02;2.54;0.46;1.41;4.42;147;118.4;16.9;2.8;8.8;0.59;0.35;0.1;0.16
3;100;0;50;50;19.03;3.41;9.74;1.99;2.01;0.186;42.6;10.83;5.58;3.07;0.53;1.74;4.97;109.9;81.2;15.3;3.5;9.9;1.19;0.45;0.16;0.21;1.41;1.43;0.147;57.4;9.71;4.86;2.81;0.51;1.67;4.77;148;118.2;16.9;3.3;9.5;0.68;0.45;0.13;0.18
3;100;0;50;100;18.74;3.83;10.66;2.12;2.1;0.191;42.3;10.97;5.77;3.1;0.5;1.82;5.45;109.7;81.3;13.9;3.6;10.9;1.19;0.53;0.17;0.22;1.67;1.73;0.15;57.7;11.47;5.75;3.46;0.59;2.01;5.21;149.6;118.1;17.1;4;10.4;0.82;0.55;0.15;0.2
3;100;0;100;0;20.96;3.53;10.29;1.9;1.94;0.176;50.5;11.01;5.68;3.17;0.56;1.84;5.17;112.8;79.6;19.2;3.7;10.3;1.17;0.39;0.16;0.22;1.42;1.46;0.144;49.5;10.07;4.95;3.04;0.54;1.69;5.12;110.7;80.4;16.6;3.4;10.2;0.79;0.35;0.12;0.19
3;100;0;100;50;21.07;3.98;11.39;2.02;2.1;0.183;50;11.43;5.99;3.17;0.55;1.93;5.83;113.1;79.1;18.5;3.9;11.7;1.13;0.57;0.17;0.23;1.75;1.8;0.147;50;12.2;5.97;3.71;0.67;2.04;5.56;113;80.9;16.8;4.1;11.1;0.97;0.46;0.15;0.22
3;100;0;100;100;20.57;4.35;12.6;2.31;2.32;0.19;49.5;12.2;6.34;3.45;0.58;1.97;6.45;112.6;78;17.8;3.9;12.9;1.16;0.73;0.18;0.25;2.14;2.13;0.15;50.5;14.08;7.07;4.18;0.69;2.38;6.15;115;82;16;4.8;12.3;1.18;0.51;0.18;0.26
3;100;50;0;0;17.16;3.07;8.76;2.2;2.22;0.184;37.7;12.06;6.24;3.48;0.57;1.94;4.56;109;83.5;12.5;3.9;9.1;1.52;0.27;0.18;0.25;0.95;0.98;0.15;62.3;6.47;3.22;1.91;0.34;1.13;4.2;180.3;153.1;16.6;2.3;8.4;0.32;0.45;0.09;0.11
3;100;50;0;50;16.88;3.35;9.38;2.21;2.36;0.189;38;12.46;6.47;3.56;0.59;2.07;4.79;109.7;84.4;11.6;4.1;9.6;1.55;0.37;0.19;0.25;1.12;1.11;0.15;62;7.35;3.72;2.19;0.35;1.29;4.59;179.5;151.2;16.5;2.6;9.2;0.32;0.56;0.11;0.13
3;100;50;0;100;16.49;3.38;9.53;2.35;2.43;0.195;38;12.46;6.55;3.54;0.59;2.05;4.91;109.3;84.9;10.5;4.1;9.8;1.53;0.45;0.19;0.25;1.22;1.25;0.155;62;8;3.96;2.36;0.41;1.32;4.63;178.9;150.1;16.9;2.6;9.3;0.34;0.67;0.1;0.15
3;100;50;50;0;19.18;3.65;10.29;2.31;2.29;0.18;43.3;12.69;6.57;3.69;0.62;2.13;5.28;112.1;81.5;15.8;4.3;10.6;1.47;0.36;0.19;0.26;1.28;1.35;0.15;56.7;8.92;4.41;2.65;0.47;1.53;5.01;147.1;117.7;16.3;3.1;10;0.6;0.47;0.12;0.16
3;100;50;50;50;18.81;3.85;10.98;2.47;2.47;0.189;43;13.04;6.78;3.78;0.64;2.13;5.55;111.7;81.5;14.8;4.3;11.1;1.49;0.53;0.19;0.25;1.52;1.52;0.15;57;10.06;5.04;2.99;0.51;1.72;5.43;148.1;117.8;16;3.4;10.9;0.68;0.52;0.14;0.17
3;100;50;50;100;18.66;4.16;11.79;2.51;2.56;0.194;42.9;13.2;6.95;3.72;0.64;2.16;6.04;112;81.9;13.7;4.3;12.1;1.48;0.63;0.19;0.26;1.8;1.81;0.154;57.1;11.66;5.81;3.52;0.62;2;5.75;149.1;117.2;16.4;4;11.5;0.8;0.64;0.16;0.21
3;100;50;100;0;20.88;3.91;11.36;2.32;2.44;0.18;51;13.57;6.97;3.96;0.64;2.21;5.83;114.8;79.5;19.3;4.4;11.7;1.46;0.5;0.19;0.29;1.5;1.55;0.151;49;10.21;5.06;3.1;0.48;1.7;5.53;110.4;80.5;15.4;3.4;11.1;0.77;0.44;0.14;0.19
3;100;50;100;50;20.73;4.32;12.56;2.49;2.61;0.188;50.3;13.86;7.12;4.03;0.69;2.25;6.4;114.4;78.9;18.2;4.5;12.8;1.43;0.68;0.21;0.29;1.85;1.88;0.15;49.7;12.43;6.15;3.74;0.65;2.07;6.16;113.1;81.1;15.6;4.1;12.3;0.98;0.51;0.16;0.22
3;100;50;100;100;20.73;4.75;13.78;2.73;2.82;0.197;49.9;14.29;7.49;4.01;0.73;2.3;7.04;115;78.5;17.8;4.6;14.1;1.43;0.89;0.21;0.3;2.19;2.25;0.153;50.1;14.63;7.23;4.39;0.76;2.45;6.74;115.3;81.5;15.4;4.9;13.5;1.18;0.61;0.2;0.27
3;100;100;0;0;17.03;3.51;10.17;2.65;2.68;0.186;38.4;14.38;7.52;4.05;0.71;2.3;5.21;111.7;84.2;12.4;4.6;10.4;1.84;0.33;0.21;0.29;1.1;1.1;0.154;61.6;7.08;3.57;2.15;0.33;1.21;4.96;179.5;151.6;15.6;2.4;9.9;0.33;0.57;0.09;0.12
3;100;100;0;50;16.55;3.57;10.24;2.79;2.8;0.191;38.3;14.64;7.71;4.09;0.72;2.36;5.26;111;84.3;11.5;4.7;10.5;1.84;0.44;0.21;0.31;1.25;1.24;0.166;61.7;7.4;3.78;2.09;0.4;1.22;4.98;179.3;151.5;15.5;2.4;10;0.32;0.69;0.1;0.12
3;100;100;0;100;16.38;3.79;10.81;2.8;2.92;0.197;38.5;14.82;7.81;4.19;0.71;2.4;5.49;111.5;85.3;10.4;4.8;11;1.86;0.54;0.23;0.3;1.46;1.45;0.172;61.5;8.37;4.27;2.48;0.4;1.39;5.33;178.5;149.3;15.8;2.8;10.7;0.34;0.86;0.1;0.15
3;100;100;50;0;18.93;4;11.48;2.76;2.77;0.183;43.9;15.11;7.87;4.32;0.75;2.48;5.91;114.4;81.8;15.8;5;11.8;1.79;0.46;0.22;0.3;1.44;1.39;0.153;56.1;8.97;4.46;2.65;0.5;1.52;5.57;146.6;117.2;15.2;3;11.1;0.58;0.54;0.11;0.15
3;100;100;50;50;18.57;4.21;12.22;2.95;2.95;0.192;43.6;15.37;8;4.45;0.71;2.46;6.3;114.1;81.8;14.7;4.9;12.6;1.77;0.64;0.23;0.31;1.69;1.69;0.161;56.4;10.45;5.22;3.14;0.52;1.75;5.92;147.8;117.3;15.2;3.5;11.8;0.7;0.68;0.13;0.18
3;100;100;50;100;18.09;4.53;12.82;3.17;3.13;0.199;43.4;15.69;8.32;4.32;0.76;2.5;6.57;113.7;82;13.6;5;13.1;1.81;0.78;0.22;0.32;1.94;1.97;0.165;56.6;11.89;6;3.48;0.59;2.03;6.25;148.6;117.1;15;4.1;12.5;0.81;0.8;0.15;0.21
3;100;100;100;0;20.66;4.48;12.55;3;3;0.186;51.3;16.17;8.47;4.62;0.8;2.67;6.45;117;79.4;19.4;5.3;12.9;1.75;0.69;0.25;0.32;1.62;1.62;0.154;48.7;10.45;5.28;3.09;0.52;1.81;6.11;111;80.6;14.6;3.6;12.2;0.77;0.52;0.15;0.19
3;100;100;100;50;20.65;4.74;13.78;3.09;3.15;0.191;50.7;16.5;8.58;4.74;0.78;2.62;7.06;116.6;78.6;18.6;5.2;14.1;1.72;0.85;0.24;0.34;2;2.03;0.16;49.3;12.66;6.41;3.74;0.62;2.12;6.72;113.4;81.4;14.4;4.2;13.4;0.98;0.66;0.17;0.22
3;100;100;100;100;20.72;5.18;14.89;3.27;3.34;0.2;50.3;16.69;8.78;4.74;0.83;2.7;7.63;116.9;78.6;17.6;5.4;15.3;1.71;1.04;0.26;0.33;2.39;2.42;0.162;49.7;14.88;7.46;4.45;0.73;2.48;7.26;115.5;81.4;14.7;5;14.5;1.18;0.79;0.2;0.26
4;0;0;0;0;13.65;1.82;5.22;1;1.05;0.175;50;5.95;2.93;1.76;0.29;0.96;2.65;179.1;158.1;13.8;1.9;5.3;0.53;0.31;0.09;0.12;0.69;0.68;0.132;50;4.97;2.44;1.52;0.27;0.86;2.57;179.2;161.9;10.5;1.7;5.1;0.31;0.2;0.07;0.09
4;0;0;0;50;13.12;1.87;5.34;1.09;1.11;0.183;49.9;6.01;3.1;1.7;0.3;0.98;2.78;178.5;158.3;12.6;2;5.6;0.53;0.37;0.09;0.12;0.69;0.69;0.132;50.1;5.14;2.52;1.51;0.28;0.89;2.56;179;161.7;10.4;1.8;5.1;0.33;0.21;0.07;0.09
4;0;0;0;100;12.54;1.93;5.61;1.17;1.16;0.191;49.9;6.01;3.2;1.66;0.31;0.98;2.89;177.9;158.6;11.5;2;5.8;0.52;0.43;0.09;0.12;0.78;0.78;0.136;50.1;5.63;2.79;1.71;0.28;0.95;2.71;178.9;161.4;10.2;1.9;5.4;0.34;0.26;0.07;0.1
4;0;0;50;0;15.67;2.27;6.43;1.07;1.09;0.173;56;6.28;3.29;1.78;0.3;1.07;3.35;181.2;155.1;17.2;2.1;6.7;0.49;0.37;0.1;0.13;0.94;0.95;0.136;44;6.9;3.4;2.12;0.34;1.2;3.09;142.5;123.6;10.3;2.4;6.2;0.55;0.19;0.09;0.12
4;0;0;50;50;15.23;2.48;7.19;1.19;1.21;0.18;55.4;6.68;3.4;1.95;0.31;1.09;3.73;179.3;153.4;16.3;2.2;7.5;0.5;0.48;0.1;0.13;1.13;1.11;0.136;44.6;8.03;3.99;2.44;0.43;1.39;3.45;144.6;125;9.9;2.8;6.9;0.67;0.19;0.1;0.14
4;0;0;50;100;14.91;2.74;7.66;1.36;1.33;0.19;54.9;6.95;3.66;1.94;0.3;1.11;3.87;178;152.7;15.3;2.2;7.7;0.5;0.58;0.1;0.14;1.4;1.31;0.14;45.1;9.34;4.69;2.77;0.42;1.63;3.79;146.3;125.5;10;3.3;7.6;0.77;0.24;0.13;0.17
4;0;0;100;0;17.52;2.68;7.67;1.18;1.24;0.17;63.6;7.22;3.71;2.12;0.34;1.19;3.93;182.7;151.8;20.6;2.4;7.9;0.51;0.46;0.11;0.15;1.18;1.19;0.138;36.4;8.55;4.24;2.58;0.41;1.49;3.74;104.4;84.1;9.9;3;7.5;0.73;0.19;0.12;0.15
4;0;0;100;50;17.6;3.01;8.77;1.37;1.37;0.178;62.7;7.66;4;2.18;0.4;1.25;4.5;180.7;149.1;20.1;2.5;9;0.49;0.61;0.11;0.16;1.44;1.44;0.138;37.3;10.31;5.05;3.14;0.56;1.76;4.26;107.2;85.5;9.7;3.5;8.5;0.92;0.19;0.14;0.18
4;0;0;100;100;17.37;3.57;9.97;1.58;1.53;0.188;62.1;8.11;4.29;2.26;0.42;1.32;5.14;179.9;147.9;19.1;2.6;10.3;0.49;0.76;0.12;0.17;1.76;1.76;0.14;37.9;12.5;6.27;3.76;0.63;2.25;4.83;109.8;86.1;9.6;4.5;9.7;1.13;0.24;0.17;0.22
4;0;50;0;0;13.15;1.94;5.32;1.08;1.1;0.176;50.2;6.18;3.24;1.77;0.3;1.07;2.75;179.5;158;13.9;2.1;5.5;0.55;0.33;0.1;0.13;0.69;0.69;0.138;49.8;4.84;2.4;1.48;0.26;0.88;2.57;178.1;162;9.2;1.8;5.1;0.31;0.23;0.06;0.09
4;0;50;0;50;12.62;1.83;5.54;1.15;1.18;0.183;50.1;6.38;3.23;1.86;0.33;0.95;2.91;178.6;158.2;12.7;1.9;5.8;0.56;0.4;0.09;0.13;0.79;0.75;0.14;49.9;5.23;2.6;1.57;0.27;0.87;2.64;178;161.8;9.1;1.7;5.3;0.32;0.26;0.07;0.09
4;0;50;0;100;12.17;2.02;5.71;1.31;1.28;0.195;49.9;6.52;3.49;1.8;0.28;1.05;2.97;177.7;157.9;11.8;2.1;5.9;0.54;0.52;0.09;0.13;0.79;0.82;0.144;50.1;5.62;2.72;1.74;0.3;0.97;2.74;178.7;162.1;9.2;1.9;5.5;0.34;0.31;0.08;0.1
4;0;50;50;0;15.11;2.38;6.82;1.23;1.23;0.172;55.9;7.07;3.61;2.08;0.33;1.15;3.54;180.8;154.3;17.1;2.3;7.1;0.55;0.42;0.11;0.15;1.01;1.01;0.141;44.1;7.09;3.54;2.09;0.38;1.23;3.29;142.4;124.3;9;2.5;6.6;0.56;0.23;0.09;0.13
4;0;50;50;50;15.07;2.51;7.59;1.4;1.38;0.184;55.4;7.45;3.78;2.25;0.36;1.16;3.97;179.4;152.6;16.5;2.3;7.9;0.53;0.59;0.1;0.16;1.18;1.18;0.141;44.6;8.28;3.96;2.57;0.42;1.35;3.62;144.6;125.5;9.2;2.7;7.2;0.67;0.26;0.11;0.14
4;0;50;50;100;14.7;2.94;8.24;1.53;1.53;0.195;55;7.83;4.11;2.27;0.35;1.26;4.32;178.7;152.1;15.4;2.5;8.6;0.54;0.71;0.12;0.16;1.43;1.39;0.144;45;9.59;4.79;2.86;0.47;1.67;3.92;146.1;125.9;9;3.3;7.8;0.78;0.31;0.13;0.17
4;0;50;100;0;17.33;2.71;8.12;1.4;1.38;0.172;63.3;8.01;4.08;2.31;0.37;1.26;4.16;181.2;149.3;21;2.5;8.3;0.49;0.61;0.11;0.16;1.24;1.24;0.141;36.7;8.67;4.26;2.64;0.46;1.45;3.96;104.9;85.3;8.8;2.9;7.9;0.74;0.22;0.11;0.16
4;0;50;100;50;17.37;3.28;9.31;1.56;1.59;0.183;62.6;8.66;4.52;2.46;0.41;1.49;4.89;180.4;147.4;20.3;3;9.8;0.51;0.77;0.13;0.18;1.59;1.51;0.141;37.4;10.65;5.36;3.16;0.55;1.79;4.42;107.6;86.3;8.8;3.6;8.8;0.95;0.24;0.13;0.19
4;0;50;100;100;17;3.6;10.4;1.84;1.82;0.199;61.8;9.12;4.85;2.53;0.45;1.42;5.3;178.4;145.6;19.4;2.8;10.6;0.52;1;0.13;0.18;1.84;1.84;0.144;38.2;12.73;6.27;3.82;0.66;2.17;5.1;110;87.2;8.2;4.3;10.2;1.15;0.28;0.17;0.23
4;0;100;0;0;12.85;1.98;5.58;1.17;1.23;0.179;50;6.83;3.48;1.98;0.33;1.14;2.85;178.6;156.6;14;2.3;5.7;0.56;0.41;0.11;0.14;0.73;0.74;0.145;50;4.97;2.48;1.48;0.25;0.84;2.73;178.9;163.4;8.4;1.7;5.5;0.31;0.28;0.06;0.09
4;0;100;0;50;12.16;1.99;5.74;1.29;1.28;0.187;49.8;6.82;3.52;1.95;0.31;1.08;3.04;177.4;156.3;12.8;2.2;6.1;0.54;0.5;0.11;0.14;0.84;0.8;0.151;50.2;5.25;2.65;1.59;0.27;0.91;2.7;179.1;163.7;8.2;1.8;5.4;0.34;0.31;0.07;0.08
4;0;100;0;100;11.92;2.05;6.04;1.43;1.4;0.2;49.6;6.97;3.7;1.96;0.34;1.09;3.07;176.9;156.6;11.9;2.2;6.1;0.55;0.62;0.09;0.14;0.92;0.91;0.156;50.4;5.74;2.88;1.72;0.29;0.96;2.98;179.5;163.4;8.3;1.9;6;0.35;0.39;0.07;0.1
4;0;100;50;0;14.93;2.48;7.16;1.4;1.36;0.175;55.6;7.76;4.05;2.19;0.4;1.24;3.73;179.4;152.1;17.3;2.5;7.5;0.55;0.54;0.11;0.17;1.06;1.06;0.146;44.4;7.17;3.57;2.14;0.37;1.24;3.43;143.4;125.9;8.1;2.5;6.9;0.57;0.27;0.09;0.13
4;0;100;50;50;14.49;2.72;7.79;1.57;1.55;0.189;55.1;8.13;4.2;2.33;0.39;1.32;4.03;177.9;150.9;16.4;2.6;8.1;0.54;0.72;0.12;0.17;1.3;1.24;0.148;44.9;8.36;4.15;2.43;0.47;1.41;3.76;145.1;126.9;7.9;2.8;7.5;0.68;0.32;0.1;0.14
4;0;100;50;100;14.61;2.92;8.52;1.77;1.74;0.205;54.6;8.47;4.56;2.31;0.38;1.29;4.42;176.8;149.5;15.9;2.6;8.8;0.53;0.91;0.12;0.18;1.48;1.47;0.15;45.4;9.71;4.83;2.94;0.49;1.64;4.1;147.3;127.9;7.9;3.3;8.2;0.8;0.37;0.13;0.17
4;0;100;100;0;16.96;2.96;8.58;1.59;1.6;0.177;63.2;8.97;4.67;2.57;0.43;1.47;4.42;180.5;147.6;21.1;2.9;8.8;0.53;0.74;0.14;0.19;1.32;1.29;0.145;36.8;8.8;4.39;2.62;0.45;1.49;4.15;105.2;86.2;7.7;3;8.3;0.75;0.26;0.11;0.16
4;0;100;100;50;16.72;3.45;9.48;1.7;1.75;0.188;62.3;9.28;4.84;2.65;0.47;1.54;4.91;178.7;145.6;20.2;3.1;9.8;0.5;0.9;0.15;0.2;1.67;1.61;0.147;37.7;10.87;5.5;3.1;0.55;1.91;4.58;107.9;87.2;7.7;3.8;9.2;0.97;0.3;0.15;0.19
4;0;100;100;100;16.83;3.64;10.63;2.03;2;0.205;61.6;9.73;5.14;2.69;0.49;1.5;5.49;177.2;143.6;19.6;3;11;0.5;1.17;0.14;0.18;1.94;1.91;0.148;38.4;12.81;6.36;3.83;0.6;2.15;5.14;110.4;88.2;7.6;4.3;10.3;1.16;0.35;0.17;0.23
4;50;0;0;0;15.41;2.23;6.62;1.57;1.57;0.185;44.3;8.43;4.36;2.32;0.41;1.34;3.4;143.6;120.7;13.5;2.7;6.8;0.97;0.31;0.12;0.17;0.77;0.73;0.13;55.7;5.44;2.62;1.66;0.3;0.88;3.21;180.7;159.1;13.4;1.8;6.4;0.31;0.25;0.07;0.1
4;50;0;0;50;14.84;2.33;6.85;1.57;1.64;0.191;44.3;8.57;4.38;2.49;0.45;1.36;3.53;143.3;121.1;12.4;2.7;7.1;0.96;0.37;0.13;0.18;0.79;0.77;0.132;55.7;5.74;2.78;1.75;0.3;0.97;3.31;180.4;158.5;13.3;1.9;6.6;0.32;0.27;0.08;0.1
4;50;0;0;100;14.75;2.5;7.05;1.65;1.68;0.197;44.4;8.54;4.47;2.48;0.39;1.39;3.58;143.6;122.3;11.3;2.8;7.2;0.96;0.42;0.13;0.17;0.9;0.89;0.136;55.6;6.43;3.12;1.91;0.34;1.12;3.47;179.9;156.9;13.8;2.2;6.9;0.32;0.36;0.09;0.12
4;50;0;50;0;17.24;2.76;7.9;1.64;1.62;0.183;50.3;8.86;4.64;2.55;0.4;1.47;4.07;146.5;118.8;16.6;2.9;8.1;0.94;0.37;0.14;0.18;1.07;1.03;0.135;49.7;7.51;3.69;2.31;0.36;1.28;3.83;144.7;121.2;13.3;2.6;7.7;0.54;0.25;0.1;0.14
4;50;0;50;50;17.03;3.01;8.65;1.78;1.74;0.188;49.9;9.21;4.86;2.67;0.41;1.51;4.5;145.9;118.1;15.7;3;9;0.95;0.46;0.13;0.19;1.21;1.19;0.135;50.1;8.71;4.32;2.63;0.45;1.5;4.15;146.3;121.9;13.1;3;8.3;0.65;0.27;0.11;0.15
4;50;0;50;100;16.93;3.24;9.5;1.76;1.82;0.194;49.8;9.38;4.91;2.68;0.45;1.53;4.94;146.1;118.2;15;3.1;9.9;0.92;0.59;0.13;0.19;1.42;1.44;0.139;50.2;10.27;5.03;3.1;0.55;1.71;4.57;147.5;121.8;13.1;3.4;9.1;0.76;0.35;0.13;0.19
4;50;0;100;0;19.3;3.15;8.85;1.73;1.71;0.179;58.1;9.51;4.97;2.74;0.44;1.6;4.5;148.7;116.1;20.4;3.2;9;0.93;0.45;0.14;0.2;1.22;1.23;0.137;41.9;8.9;4.42;2.7;0.44;1.55;4.35;107.2;82.6;12.8;3.1;8.7;0.71;0.24;0.12;0.16
4;50;0;100;50;19.09;3.41;10.15;1.87;1.84;0.185;57.4;9.93;5.12;2.88;0.49;1.5;5.25;147.7;114.9;19.4;3;10.5;0.9;0.6;0.14;0.21;1.53;1.53;0.138;42.6;11.06;5.4;3.3;0.65;1.91;4.9;109.8;83.4;12.8;3.8;9.8;0.91;0.27;0.15;0.2
4;50;0;100;100;19.12;3.93;11.25;2;1.96;0.192;56.7;10.19;5.36;2.84;0.48;1.63;5.86;147.3;113.8;18.5;3.3;11.7;0.87;0.75;0.14;0.2;1.91;1.87;0.139;43.3;13.31;6.55;4.05;0.67;2.3;5.4;112.3;84.1;12.8;4.6;10.8;1.12;0.34;0.17;0.23
4;50;50;0;0;15.11;2.51;7.09;1.75;1.79;0.187;45;9.53;5;2.64;0.48;1.54;3.72;146;122.1;13.4;3.1;7.4;1.14;0.31;0.14;0.2;0.86;0.79;0.14;55;5.54;2.77;1.59;0.28;0.97;3.37;178.5;157.3;12.6;1.9;6.7;0.3;0.32;0.07;0.09
4;50;50;0;50;14.61;2.6;7.53;1.83;1.87;0.192;44.9;9.73;5.01;2.87;0.44;1.55;3.98;145.5;122.1;12.3;3.1;8;1.14;0.39;0.14;0.2;0.86;0.89;0.144;55.1;6.04;3;1.83;0.34;1.06;3.55;178.8;157.2;12.5;2.1;7.1;0.31;0.39;0.08;0.11
4;50;50;0;100;14.15;2.72;7.69;1.95;1.96;0.2;44.9;9.83;5.12;2.83;0.49;1.55;3.98;145.1;123;11.1;3.1;8;1.14;0.49;0.14;0.2;1.06;1;0.15;55.1;6.6;3.38;1.92;0.31;1.17;3.71;178.5;156;12.7;2.3;7.4;0.31;0.49;0.09;0.12
4;50;50;50;0;17.23;2.98;8.51;1.92;1.89;0.184;50.5;10.29;5.26;3.01;0.48;1.66;4.34;147.5;118.7;16.8;3.3;8.7;1.11;0.42;0.16;0.21;1.08;1.09;0.141;49.5;7.66;3.77;2.24;0.43;1.32;4.17;144.8;121.3;12.4;2.6;8.3;0.53;0.32;0.11;0.14
4;50;50;50;50;16.82;3.21;9.3;2.04;2.05;0.192;50.1;10.66;5.53;3.07;0.53;1.7;4.77;146.9;118;16;3.4;9.5;1.1;0.57;0.15;0.23;1.33;1.32;0.145;49.9;9.07;4.5;2.69;0.48;1.52;4.53;146.2;122;12.1;3;9.1;0.65;0.38;0.13;0.16
4;50;50;50;100;16.51;3.47;10;2.17;2.2;0.199;49.9;11.04;5.87;3.06;0.54;1.78;5.22;146.7;117.8;14.9;3.6;10.4;1.11;0.68;0.17;0.23;1.54;1.51;0.147;50.1;10.23;5.03;3.05;0.53;1.69;4.78;147.2;122.2;12.1;3.4;9.6;0.76;0.45;0.13;0.18
4;50;50;100;0;19.05;3.32;9.65;2.02;2.03;0.183;58;11.09;5.72;3.17;0.55;1.75;4.96;148.8;115.2;20.2;3.5;9.9;1.07;0.57;0.16;0.23;1.35;1.31;0.141;42;9.2;4.56;2.74;0.44;1.57;4.69;107.6;83.2;11.9;3.1;9.4;0.73;0.3;0.12;0.16
4;50;50;100;50;18.82;3.74;10.93;2.19;2.21;0.189;57.5;11.64;6.01;3.36;0.58;1.84;5.66;148.5;114;19.4;3.7;11.3;1.06;0.74;0.18;0.24;1.65;1.62;0.143;42.5;11.25;5.56;3.34;0.57;1.89;5.26;109.9;84;11.6;3.8;10.5;0.92;0.37;0.14;0.19
4;50;50;100;100;18.96;4.17;12.06;2.39;2.44;0.201;57;12.13;6.35;3.42;0.58;1.9;6.35;148.7;113.4;18.8;3.8;12.7;1.07;0.95;0.17;0.25;2;1.96;0.146;43;13.36;6.61;4.05;0.68;2.26;5.71;112.1;84.4;11.7;4.5;11.4;1.11;0.44;0.17;0.23
4;50;100;0;0;14.59;2.7;7.73;2.1;2.09;0.19;45;10.99;5.69;3.11;0.55;1.76;4.05;146.1;121.2;13.3;3.5;8.1;1.32;0.39;0.15;0.23;0.86;0.84;0.148;55;5.61;2.82;1.65;0.28;0.94;3.68;178.9;158.4;11.2;1.9;7.4;0.31;0.37;0.07;0.1
4;50;100;0;50;14.57;2.94;8.21;2.25;2.21;0.194;45;11.33;6.05;3.16;0.52;1.82;4.25;146.6;121.9;12.6;3.6;8.5;1.33;0.49;0.16;0.23;0.98;0.99;0.154;55;6.3;3.2;1.84;0.32;1.12;3.97;179.3;157.5;11.6;2.2;7.9;0.31;0.48;0.09;0.11
4;50;100;0;100;13.96;2.89;8.41;2.34;2.29;0.202;45.1;11.3;6.04;3.12;0.56;1.78;4.39;146.4;122.9;11.2;3.6;8.8;1.34;0.57;0.15;0.22;1.09;1.12;0.165;54.9;6.71;3.4;1.96;0.33;1.11;4.03;178.1;156.1;11.7;2.2;8.1;0.32;0.6;0.08;0.11
4;50;100;50;0;16.9;3.31;9.35;2.26;2.22;0.187;50.6;11.9;6.19;3.4;0.58;1.94;4.8;148.4;118;16.9;3.9;9.6;1.29;0.52;0.18;0.24;1.23;1.19;0.147;49.4;7.98;4.03;2.34;0.38;1.36;4.55;145.2;122;11.3;2.7;9.1;0.56;0.39;0.1;0.14
4;50;100;50;50;16.68;3.53;9.95;2.35;2.37;0.196;50.3;12.12;6.33;3.44;0.59;1.97;5.16;147.8;117.8;15.8;3.9;10.3;1.27;0.67;0.19;0.24;1.41;1.38;0.15;49.7;9.16;4.59;2.72;0.42;1.56;4.79;146.3;122.2;11.4;3.1;9.6;0.66;0.46;0.11;0.15
4;50;100;50;100;16.34;3.71;10.76;2.58;2.55;0.205;50;12.4;6.59;3.44;0.59;1.99;5.64;147.7;117.5;14.9;4;11.3;1.27;0.85;0.17;0.25;1.66;1.64;0.156;50;10.42;5.14;3.19;0.54;1.72;5.12;147.4;122.5;11.3;3.4;10.2;0.76;0.57;0.14;0.17
4;50;100;100;0;18.89;3.55;10.56;2.31;2.35;0.187;58.1;12.6;6.47;3.65;0.6;1.95;5.43;150;114.9;20.3;3.9;10.9;1.23;0.7;0.17;0.25;1.37;1.41;0.147;41.9;9.52;4.68;2.87;0.48;1.6;5.13;108.1;83.4;11.2;3.2;10.3;0.73;0.38;0.13;0.16
4;50;100;100;50;18.82;4.07;11.68;2.58;2.57;0.193;57.5;13.29;6.88;3.84;0.67;2.13;6;149.3;113.3;19.7;4.3;12;1.23;0.89;0.2;0.26;1.71;1.7;0.149;42.5;11.36;5.7;3.41;0.56;1.94;5.67;110.5;84.5;10.8;3.9;11.3;0.92;0.44;0.15;0.19
4;50;100;100;100;18.61;4.53;12.79;2.79;2.78;0.205;56.8;13.53;7.2;3.78;0.67;2.22;6.57;148.4;112;18.8;4.4;13.1;1.2;1.11;0.21;0.27;2.1;2.09;0.153;43.2;13.61;6.77;4.14;0.64;2.31;6.22;113;85.3;10.6;4.6;12.4;1.13;0.54;0.18;0.23
4;100;0;0;0;17.31;2.65;7.67;1.89;1.92;0.19;37;10.07;5.19;2.94;0.49;1.6;3.96;106.6;82.4;13.1;3.2;7.9;1.27;0.29;0.15;0.2;0.83;0.81;0.131;63;6.06;3.02;1.81;0.34;1.05;3.71;181.8;155.3;17;2.1;7.4;0.3;0.32;0.09;0.11
4;100;0;0;50;17.13;2.79;8.1;2.04;2.02;0.194;37.1;10.41;5.46;2.92;0.52;1.64;4.19;106.9;83.1;12.2;3.3;8.4;1.3;0.36;0.15;0.21;0.98;0.92;0.134;62.9;6.74;3.31;2.01;0.38;1.15;3.91;181.1;153.8;17.2;2.3;7.8;0.3;0.42;0.08;0.11
4;100;0;0;100;16.61;2.94;8.41;2.04;2.08;0.199;37.4;10.48;5.5;2.9;0.52;1.68;4.32;107;84.2;10.9;3.4;8.6;1.33;0.39;0.15;0.21;1.14;1.06;0.141;62.6;7.45;3.69;2.22;0.35;1.25;4.09;179.7;151.7;17.3;2.5;8.2;0.31;0.53;0.09;0.13
4;100;0;50;0;19.26;3.17;8.95;1.92;2;0.187;42.8;10.69;5.52;3.01;0.54;1.76;4.64;109.8;80.7;16.3;3.5;9.3;1.26;0.36;0.15;0.22;1.11;1.1;0.134;57.2;8.08;3.94;2.45;0.42;1.41;4.31;147.1;119;16.6;2.8;8.6;0.53;0.31;0.11;0.15
4;100;0;50;50;18.94;3.34;9.9;2.08;2.1;0.191;42.6;10.96;5.73;3.17;0.53;1.74;5.17;109.9;80.8;15.3;3.5;10.3;1.25;0.46;0.16;0.23;1.31;1.33;0.138;57.4;9.58;4.7;2.92;0.5;1.61;4.73;148;118.8;16.6;3.2;9.5;0.64;0.39;0.13;0.17
4;100;0;50;100;18.84;3.73;10.8;2.21;2.24;0.197;42.5;11.34;6.1;3.16;0.53;1.83;5.6;110.3;80.9;14.5;3.7;11.2;1.27;0.56;0.17;0.24;1.61;1.6;0.142;57.5;11.2;5.51;3.42;0.58;1.9;5.2;149.5;118.6;16.8;3.8;10.4;0.74;0.5;0.15;0.19
4;100;0;100;0;20.91;3.42;10.04;2.1;2.11;0.184;50.5;11.45;5.9;3.24;0.57;1.78;5.11;112.5;78.8;19.9;3.6;10.2;1.25;0.46;0.17;0.23;1.36;1.32;0.136;49.5;9.68;4.75;2.96;0.48;1.64;4.93;110.3;81.2;15.9;3.3;9.9;0.72;0.3;0.12;0.18
4;100;0;100;50;20.83;3.97;11.2;2.22;2.23;0.189;50.1;11.75;6.21;3.25;0.59;1.93;5.74;112.9;78.7;18.8;3.9;11.5;1.24;0.57;0.18;0.24;1.63;1.65;0.139;49.9;11.8;5.77;3.5;0.65;2.04;5.46;112.3;81.3;16.1;4.1;10.9;0.89;0.39;0.16;0.21
4;100;0;100;100;20.89;4.38;12.66;2.31;2.36;0.195;49.6;12.09;6.34;3.43;0.6;1.95;6.52;113.1;78.3;17.9;3.9;13;1.23;0.72;0.17;0.24;2;2.02;0.142;50.4;14.14;7.02;4.22;0.75;2.43;6.15;114.8;81.7;16;4.9;12.3;1.09;0.48;0.18;0.26
4;100;50;0;0;17.24;3.14;8.8;2.28;2.35;0.192;37.7;12.25;6.39;3.42;0.62;1.99;4.49;109.4;83.3;13.1;4;9;1.6;0.31;0.19;0.25;0.97;0.96;0.142;62.3;6.7;3.39;1.93;0.36;1.15;4.31;180.6;153.4;16.3;2.3;8.6;0.29;0.44;0.1;0.13
4;100;50;0;50;16.91;3.18;9.31;2.37;2.44;0.195;37.9;12.5;6.48;3.65;0.59;1.96;4.89;109.7;83.7;12.3;3.9;9.8;1.6;0.39;0.18;0.27;1.05;1.06;0.146;62.1;7.17;3.58;2.13;0.37;1.22;4.42;180;152.6;16.1;2.4;8.8;0.31;0.53;0.09;0.13
4;100;50;0;100;16.6;3.34;9.42;2.52;2.53;0.201;37.9;12.57;6.59;3.5;0.62;2;4.94;109.3;84.6;10.9;4;9.9;1.61;0.48;0.18;0.25;1.29;1.21;0.152;62.1;7.92;3.94;2.33;0.41;1.34;4.48;179;150.9;16.5;2.7;9;0.32;0.66;0.1;0.13
4;100;50;50;0;19.13;3.46;10.1;2.44;2.39;0.188;43.3;12.7;6.65;3.61;0.6;2.02;5.18;112.1;81.1;16.6;4;10.4;1.54;0.41;0.17;0.26;1.23;1.21;0.141;56.7;8.49;4.21;2.62;0.4;1.44;4.92;146.8;118.4;15.6;2.9;9.8;0.53;0.42;0.12;0.15
4;100;50;50;50;18.86;3.86;10.91;2.62;2.58;0.195;43.2;13.23;7.01;3.63;0.66;2.1;5.7;112.4;81.3;15.5;4.2;11.4;1.57;0.55;0.19;0.27;1.5;1.47;0.146;56.8;10.01;5.03;2.98;0.52;1.76;5.21;147.6;118;15.7;3.5;10.4;0.63;0.52;0.15;0.17
4;100;50;50;100;18.66;4.06;11.97;2.79;2.75;0.2;43;13.75;7.26;3.93;0.67;2.15;6.19;112.5;81.3;14.5;4.3;12.4;1.59;0.68;0.19;0.28;1.75;1.7;0.149;57;11.39;5.77;3.38;0.58;1.91;5.78;149;118.1;15.6;3.8;11.6;0.73;0.63;0.15;0.2
4;100;50;100;0;20.9;3.96;11.45;2.56;2.59;0.188;50.9;13.78;7.13;3.92;0.67;2.23;5.87;115.1;78.9;19.9;4.5;11.7;1.53;0.57;0.2;0.29;1.42;1.43;0.142;49.1;10.05;5.06;2.95;0.56;1.72;5.57;110.8;81.1;15.1;3.4;11.1;0.71;0.41;0.13;0.19
4;100;50;100;50;20.57;4.18;12.56;2.73;2.74;0.193;50.5;14.2;7.35;4;0.72;2.17;6.51;114.8;78.6;18.8;4.3;13;1.53;0.72;0.2;0.28;1.85;1.76;0.144;49.5;12.18;6.03;3.61;0.65;2;6.06;112.5;81.4;15;4;12.1;0.91;0.49;0.15;0.21
4;100;50;100;100;20.82;4.8;13.7;2.82;2.9;0.202;50;14.37;7.59;4.05;0.67;2.29;7.08;115.2;78.5;18;4.6;14.2;1.51;0.91;0.2;0.28;2.08;2.12;0.147;50;14.31;7.05;4.33;0.73;2.51;6.62;115;81.5;15.3;5;13.2;1.07;0.61;0.19;0.25
4;100;100;0;0;16.77;3.5;9.97;2.87;2.87;0.195;38.4;14.76;7.83;4.09;0.69;2.36;5.21;111.7;83.8;12.8;4.7;10.4;1.97;0.37;0.22;0.32;1.04;1.02;0.151;61.6;6.68;3.37;1.98;0.32;1.14;4.75;179.2;152.5;14.9;2.3;9.5;0.29;0.53;0.09;0.11
4;100;100;0;50;16.66;3.6;10.54;3.01;2.96;0.198;38.5;14.97;7.86;4.27;0.75;2.35;5.47;112;84.4;12;4.7;10.9;1.98;0.46;0.21;0.3;1.23;1.23;0.163;61.5;7.49;3.81;2.17;0.37;1.25;5.07;179;151.2;15.2;2.5;10.1;0.31;0.69;0.1;0.13
4;100;100;0;100;16.12;3.67;10.64;3.16;3.1;0.203;38.5;15.21;8.13;4.21;0.68;2.39;5.47;111.3;84.9;10.7;4.8;10.9;2.02;0.55;0.22;0.3;1.41;1.35;0.169;61.5;7.95;4.1;2.28;0.42;1.28;5.17;178.2;150.1;15.2;2.6;10.3;0.31;0.81;0.09;0.14
4;100;100;50;0;18.75;3.93;11.27;2.9;2.92;0.191;43.7;15.22;7.95;4.33;0.75;2.46;5.76;113.9;81.1;16.3;4.9;11.5;1.9;0.49;0.22;0.3;1.27;1.3;0.149;56.3;8.64;4.3;2.54;0.44;1.47;5.51;146.8;118.3;14.5;2.9;11;0.53;0.5;0.12;0.14
4;100;100;50;50;18.59;4.21;11.87;3.06;3.09;0.198;43.6;15.56;8.16;4.29;0.79;2.49;6.1;113.9;81.5;15.2;5;12.2;1.88;0.66;0.24;0.31;1.63;1.6;0.157;56.4;10.12;5.09;2.97;0.5;1.72;5.76;147.7;117.8;15;3.4;11.5;0.62;0.67;0.13;0.18
4;100;100;50;100;18.41;4.45;12.87;3.2;3.27;0.205;43.4;15.92;8.4;4.43;0.78;2.49;6.66;114.1;81.4;14.4;5;13.3;1.89;0.82;0.22;0.33;1.91;1.87;0.16;56.6;11.62;5.87;3.46;0.54;1.96;6.21;149.1;117.9;14.8;3.9;12.4;0.74;0.79;0.15;0.2
4;100;100;100;0;20.8;4.38;12.5;3.1;3.11;0.192;51.2;16.2;8.55;4.55;0.75;2.64;6.35;116.7;78.7;20;5.3;12.7;1.84;0.69;0.26;0.32;1.49;1.51;0.148;48.8;10.17;5.04;3.09;0.52;1.74;6.15;111.1;81.3;14;3.5;12.3;0.71;0.49;0.13;0.18
4;100;100;100;50;20.72;4.82;13.57;3.36;3.26;0.196;50.9;16.61;8.79;4.65;0.77;2.7;7.04;117.2;78.6;19.1;5.4;14.1;1.83;0.85;0.25;0.33;1.83;1.89;0.154;49.1;12.23;6.12;3.63;0.64;2.12;6.53;113;81.4;14.3;4.2;13.1;0.88;0.65;0.16;0.21
4;100;100;100;100;20.53;5.15;14.92;3.44;3.49;0.205;50.2;16.99;9.03;4.74;0.82;2.68;7.66;116.6;77.8;18.1;5.4;15.3;1.82;1.08;0.24;0.35;2.31;2.29;0.156;49.8;14.65;7.37;4.36;0.73;2.47;7.25;115.6;82.2;14;4.9;14.5;1.1;0.74;0.19;0.26
5;0;0;0;0;13.73;1.83;5.11;1.1;1.09;0.18;50.1;5.99;3.15;1.67;0.28;0.99;2.67;179.4;157.7;14.4;2;5.3;0.56;0.31;0.09;0.13;0.63;0.62;0.125;49.9;4.78;2.28;1.45;0.27;0.85;2.44;178.9;162.3;10;1.7;4.9;0.28;0.19;0.06;0.09
5;0;0;0;50;13.13;1.86;5.19;1.17;1.13;0.187;50;5.96;3.14;1.63;0.27;0.97;2.73;178.5;158.1;13;1.9;5.5;0.55;0.37;0.09;0.12;0.71;0.65;0.126;50;5.06;2.49;1.54;0.26;0.88;2.47;178.6;161.9;10;1.8;4.9;0.3;0.21;0.06;0.09
5;0;0;0;100;12.59;1.95;5.48;1.21;1.24;0.196;49.8;6.29;3.29;1.79;0.31;1.01;2.82;177.7;157.9;12.2;2;5.6;0.56;0.46;0.1;0.13;0.73;0.71;0.131;50.2;5.29;2.59;1.58;0.28;0.94;2.66;179.2;162.1;9.8;1.9;5.3;0.3;0.25;0.07;0.1
5;0;0;50;0;15.43;2.29;6.43;1.18;1.18;0.178;56;6.58;3.44;1.85;0.3;1.09;3.39;181.1;154.7;17.4;2.2;6.8;0.55;0.38;0.1;0.14;0.95;0.89;0.129;44;6.82;3.34;2.04;0.38;1.21;3.04;142.2;124;9.7;2.4;6.1;0.5;0.18;0.09;0.12
5;0;0;50;50;15.2;2.38;7.09;1.28;1.28;0.184;55.4;6.88;3.54;1.98;0.32;1.09;3.69;179;152.8;16.6;2.2;7.4;0.53;0.49;0.11;0.15;1.08;1.02;0.13;44.6;7.8;3.78;2.39;0.43;1.29;3.4;144.3;125.4;9.5;2.6;6.8;0.6;0.19;0.1;0.14
5;0;0;50;100;15.01;2.84;8.12;1.42;1.42;0.194;55;7.29;3.86;2.02;0.33;1.18;4.16;178.8;152.3;15.8;2.4;8.3;0.56;0.6;0.11;0.15;1.23;1.25;0.132;45;9.35;4.62;2.82;0.49;1.67;3.96;146.4;125.7;9.4;3.3;7.9;0.72;0.24;0.12;0.17
5;0;0;100;0;17.55;2.62;7.44;1.21;1.24;0.174;63.7;7.05;3.64;2.08;0.34;1.19;3.81;182.8;151.9;20.9;2.4;7.6;0.52;0.45;0.11;0.15;1.15;1.08;0.13;36.3;8.24;4.03;2.48;0.43;1.43;3.63;103.9;84.1;9.7;2.9;7.3;0.66;0.18;0.1;0.15
5;0;0;100;50;17.52;3.08;8.82;1.5;1.45;0.183;62.7;7.91;4.12;2.24;0.39;1.27;4.59;180.6;148.6;20.3;2.5;9.2;0.53;0.62;0.13;0.17;1.36;1.34;0.131;37.3;10.19;5.01;3.1;0.53;1.81;4.23;107.2;85.7;9.4;3.6;8.5;0.85;0.19;0.13;0.18
5;0;0;100;100;17.38;3.31;9.88;1.55;1.58;0.191;62.1;8.25;4.26;2.35;0.39;1.23;5.14;179.6;147.1;19.7;2.5;10.3;0.51;0.78;0.12;0.17;1.74;1.64;0.133;37.9;12.31;5.99;3.71;0.67;2.08;4.74;109.3;86.4;9.2;4.2;9.5;1.03;0.23;0.16;0.22
5;0;50;0;0;13.32;1.88;5.38;1.18;1.18;0.182;50.2;6.47;3.33;1.89;0.3;1.05;2.77;179.5;157.5;14.3;2.1;5.5;0.6;0.34;0.11;0.13;0.68;0.66;0.133;49.8;4.79;2.37;1.41;0.27;0.82;2.62;178.4;162.5;9.1;1.6;5.2;0.29;0.23;0.06;0.09
5;0;50;0;50;12.75;1.97;5.56;1.21;1.25;0.188;49.9;6.6;3.43;1.9;0.31;1.09;2.88;178.1;156.9;13.3;2.2;5.8;0.58;0.43;0.1;0.14;0.75;0.7;0.134;50.1;5.14;2.52;1.55;0.27;0.88;2.68;179.1;163.1;8.9;1.8;5.4;0.3;0.25;0.07;0.09
5;0;50;0;100;12.27;2.03;5.8;1.34;1.37;0.201;49.8;6.79;3.61;1.86;0.3;1.08;3.04;177.8;157.4;12.2;2.2;6.1;0.59;0.53;0.1;0.14;0.78;0.78;0.138;50.2;5.51;2.69;1.68;0.28;0.95;2.76;179;162.6;8.9;1.9;5.5;0.31;0.3;0.06;0.1
5;0;50;50;0;15.2;2.36;6.86;1.25;1.25;0.175;55.7;7.11;3.64;2.03;0.36;1.16;3.49;179.8;152.9;17.6;2.3;7;0.55;0.44;0.11;0.15;0.94;0.95;0.134;44.3;6.99;3.43;2.12;0.36;1.19;3.37;143.1;125.3;8.7;2.4;6.7;0.52;0.22;0.09;0.12
5;0;50;50;50;14.94;2.62;7.54;1.37;1.45;0.189;55.3;7.63;3.95;2.19;0.36;1.21;3.94;179;151.9;16.8;2.4;7.9;0.55;0.61;0.12;0.16;1.07;1.09;0.135;44.7;8;3.92;2.42;0.4;1.41;3.59;144.7;126.1;8.6;2.8;7.2;0.61;0.23;0.1;0.14
5;0;50;50;100;14.78;2.79;8.29;1.54;1.57;0.198;54.9;7.91;4.17;2.22;0.37;1.25;4.24;178.2;151.2;16;2.5;8.5;0.57;0.73;0.12;0.16;1.32;1.28;0.136;45.1;9.32;4.5;2.83;0.5;1.54;4.05;146.2;126.6;8.4;3.1;8.1;0.71;0.29;0.11;0.16
5;0;50;100;0;17.41;2.74;8.14;1.45;1.45;0.176;63.4;8.19;4.19;2.43;0.4;1.33;4.24;181.7;149.1;21.5;2.7;8.5;0.55;0.61;0.12;0.18;1.15;1.14;0.134;36.6;8.44;4.11;2.57;0.47;1.41;3.9;104.6;85.5;8.5;2.8;7.8;0.67;0.21;0.1;0.15
5;0;50;100;50;17.27;3.14;9.2;1.63;1.58;0.186;62.6;8.48;4.42;2.42;0.41;1.36;4.8;180;147.3;20.4;2.7;9.6;0.52;0.76;0.13;0.17;1.41;1.41;0.134;37.4;10.43;5.08;3.17;0.55;1.78;4.39;107.3;86.4;8.6;3.6;8.8;0.86;0.24;0.13;0.18
5;0;50;100;100;17.14;3.61;10.36;1.8;1.82;0.202;61.8;8.99;4.8;2.53;0.39;1.44;5.33;178.1;144.9;19.7;2.9;10.7;0.51;1;0.14;0.18;1.77;1.72;0.136;38.2;12.59;6.19;3.79;0.68;2.16;5.03;110.2;87.5;8.2;4.3;10.1;1.06;0.28;0.16;0.23
5;0;100;0;0;12.87;1.97;5.5;1.21;1.27;0.184;50;6.89;3.59;1.96;0.34;1.17;2.87;178.7;156;14.7;2.3;5.7;0.58;0.43;0.12;0.14;0.68;0.67;0.139;50;4.67;2.31;1.36;0.29;0.8;2.63;178.7;164;7.8;1.6;5.3;0.28;0.26;0.05;0.08
5;0;100;0;50;12.3;2.04;5.73;1.33;1.39;0.191;49.6;7.21;3.75;2.03;0.37;1.18;2.98;176.9;155.2;13.4;2.4;6;0.59;0.53;0.12;0.15;0.79;0.74;0.144;50.4;4.99;2.48;1.49;0.26;0.85;2.75;179.7;164.8;7.7;1.7;5.5;0.3;0.3;0.06;0.08
5;0;100;0;100;11.79;2.04;6;1.5;1.5;0.204;49.6;7.3;3.86;2.06;0.35;1.14;3.12;176.5;155.6;12.4;2.3;6.2;0.59;0.65;0.11;0.15;0.82;0.83;0.15;50.4;5.47;2.7;1.64;0.3;0.9;2.87;179.6;164.4;7.7;1.8;5.7;0.31;0.35;0.06;0.1
5;0;100;50;0;14.86;2.44;7.17;1.39;1.4;0.179;55.6;7.8;3.96;2.28;0.4;1.26;3.7;179.3;151.6;17.8;2.5;7.4;0.58;0.54;0.12;0.16;1.01;0.97;0.138;44.4;6.96;3.43;2.1;0.38;1.19;3.46;143.3;126.3;7.7;2.4;6.9;0.53;0.25;0.08;0.12
5;0;100;50;50;14.68;2.71;7.72;1.65;1.6;0.193;55.1;8.23;4.39;2.27;0.43;1.33;4.02;177.9;150.2;17;2.7;8;0.57;0.73;0.13;0.17;1.19;1.14;0.14;44.9;8;4.02;2.38;0.39;1.39;3.7;145.2;127.4;7.6;2.8;7.4;0.61;0.28;0.1;0.15
5;0;100;50;100;14.28;2.92;8.61;1.74;1.79;0.209;54.5;8.58;4.54;2.39;0.41;1.31;4.49;176.4;148.7;16.1;2.6;9;0.57;0.92;0.12;0.18;1.28;1.34;0.143;45.5;9.35;4.6;2.79;0.49;1.6;4.12;147.2;128.5;7.3;3.2;8.2;0.73;0.34;0.11;0.16
5;0;100;100;0;16.98;3;8.39;1.65;1.66;0.182;63.3;9.08;4.74;2.56;0.44;1.51;4.41;180.6;147.2;21.5;3;8.8;0.58;0.74;0.15;0.19;1.2;1.2;0.138;36.7;8.58;4.17;2.64;0.45;1.49;3.98;104.8;86.4;7.4;3;8;0.69;0.24;0.12;0.15
5;0;100;100;50;16.8;3.37;9.65;1.86;1.85;0.191;62.2;9.68;5.04;2.77;0.49;1.52;5.01;178;144.1;20.8;3;10;0.55;0.96;0.15;0.19;1.44;1.45;0.139;37.8;10.38;5.14;3.13;0.54;1.85;4.64;107.9;87.9;7;3.7;9.3;0.87;0.27;0.13;0.18
5;0;100;100;100;16.91;3.68;10.67;2.11;2.06;0.208;61.5;9.88;5.2;2.79;0.48;1.52;5.56;176.7;142.5;20;3;11.1;0.53;1.18;0.15;0.2;1.79;1.76;0.139;38.5;12.54;6.18;3.73;0.64;2.16;5.11;110.4;88.8;7.1;4.3;10.2;1.07;0.33;0.15;0.21
5;50;0;0;0;15.29;2.28;6.52;1.71;1.64;0.193;44.4;8.52;4.56;2.33;0.43;1.35;3.38;144;120.9;13.6;2.7;6.8;1.04;0.3;0.13;0.18;0.69;0.69;0.127;55.6;5.31;2.6;1.56;0.28;0.93;3.14;180;158.8;13.1;1.9;6.3;0.28;0.25;0.07;0.09
5;50;0;0;50;14.91;2.33;6.78;1.71;1.7;0.197;44.2;8.61;4.46;2.42;0.41;1.35;3.47;143.2;120.8;12.8;2.7;6.9;1.03;0.37;0.13;0.17;0.7;0.73;0.127;55.8;5.65;2.71;1.74;0.33;0.98;3.31;180.6;158.9;13.1;2;6.6;0.28;0.27;0.08;0.1
5;50;0;0;100;14.54;2.56;7.01;1.78;1.77;0.202;44.3;8.72;4.68;2.4;0.4;1.44;3.59;143.2;121.5;11.7;2.9;7.2;1.02;0.44;0.14;0.17;0.87;0.83;0.132;55.7;6.17;3.1;1.85;0.33;1.12;3.42;180.2;158.1;13;2.2;6.8;0.29;0.34;0.09;0.11
5;50;0;50;0;17.36;2.69;7.8;1.71;1.69;0.188;50.3;8.95;4.64;2.52;0.47;1.4;4.04;146.4;118.4;17.2;2.8;8.1;1.01;0.37;0.12;0.18;1;0.96;0.129;49.7;7.36;3.64;2.2;0.38;1.29;3.76;144.6;121.6;12.9;2.6;7.5;0.5;0.23;0.1;0.13
5;50;0;50;50;17.25;3.05;8.51;1.83;1.81;0.194;50.1;9.33;4.87;2.69;0.43;1.5;4.48;146.4;118.1;16.4;3;9;1.01;0.48;0.15;0.18;1.15;1.12;0.129;49.9;8.6;4.22;2.56;0.44;1.55;4.03;145.9;121.9;12.8;3.1;8.1;0.59;0.27;0.12;0.14
5;50;0;50;100;16.96;3.22;9.3;1.95;1.93;0.2;49.7;9.65;5.08;2.72;0.46;1.52;4.84;145.7;117.6;15.5;3;9.7;0.99;0.6;0.14;0.2;1.44;1.31;0.132;50.3;9.88;4.9;2.94;0.49;1.69;4.46;147.5;122.4;12.8;3.4;8.9;0.68;0.34;0.12;0.17
5;50;0;100;0;19.48;3.02;8.84;1.79;1.77;0.185;58.3;9.57;5;2.71;0.45;1.57;4.6;149.3;116.2;20.8;3.1;9.2;0.98;0.46;0.14;0.2;1.17;1.14;0.129;41.7;8.74;4.2;2.68;0.48;1.46;4.24;106.6;82.5;12.7;2.9;8.5;0.64;0.24;0.1;0.16
5;50;0;100;50;19.31;3.55;10.12;1.94;1.94;0.19;57.5;10.18;5.38;2.88;0.49;1.66;5.3;148.4;114.7;19.8;3.3;10.6;0.96;0.61;0.15;0.21;1.48;1.43;0.13;42.5;10.89;5.33;3.3;0.58;1.89;4.82;109.7;83.6;12.7;3.8;9.6;0.83;0.26;0.14;0.19
5;50;0;100;100;19.09;3.9;11.24;2.13;2.09;0.198;56.7;10.57;5.52;3;0.51;1.6;5.86;147.2;113.5;18.8;3.2;11.7;0.96;0.75;0.16;0.22;1.76;1.73;0.133;43.3;12.97;6.43;3.87;0.69;2.3;5.38;112.3;84.3;12.6;4.6;10.8;1.01;0.32;0.17;0.22
5;50;50;0;0;15.1;2.41;7.04;1.95;1.86;0.193;44.7;9.59;5.13;2.67;0.45;1.52;3.64;145.2;120.9;13.9;3;7.3;1.19;0.33;0.14;0.19;0.8;0.74;0.134;55.3;5.35;2.67;1.61;0.28;0.89;3.4;179.4;158.8;12.1;1.8;6.8;0.27;0.3;0.07;0.09
5;50;50;0;50;14.78;2.58;7.39;1.99;1.94;0.198;44.8;9.83;5.21;2.74;0.47;1.56;3.87;145.4;121.8;12.7;3.1;7.7;1.2;0.41;0.14;0.2;0.89;0.85;0.14;55.2;5.99;2.99;1.77;0.31;1.03;3.52;179.1;157.6;12.4;2.1;7;0.29;0.39;0.08;0.1
5;50;50;0;100;14.33;2.76;7.73;2.02;2.06;0.206;44.8;9.98;5.31;2.79;0.44;1.62;4.07;145.3;122.2;11.7;3.2;8.1;1.2;0.51;0.16;0.2;0.92;0.96;0.146;55.2;6.5;3.23;1.92;0.34;1.14;3.65;178.8;157;12.2;2.3;7.3;0.3;0.47;0.08;0.11
5;50;50;50;0;17.06;2.92;8.68;2.03;2.01;0.189;50.6;10.62;5.5;3;0.54;1.63;4.6;147.7;118.1;17.2;3.3;9.2;1.18;0.43;0.17;0.23;1.02;1.03;0.135;49.4;7.54;3.67;2.33;0.41;1.29;4.08;144.4;121.9;11.7;2.6;8.2;0.5;0.3;0.1;0.13
5;50;50;50;50;16.83;3.2;9.28;2.15;2.13;0.197;50.2;10.81;5.72;2.97;0.53;1.74;4.85;147.2;117.6;16.4;3.5;9.7;1.17;0.58;0.16;0.22;1.22;1.21;0.138;49.8;8.74;4.31;2.66;0.43;1.46;4.43;145.9;122.4;11.7;2.9;8.9;0.59;0.37;0.11;0.15
5;50;50;50;100;16.61;3.5;10.02;2.24;2.22;0.203;50;10.92;5.8;3.02;0.53;1.72;5.26;146.9;117.6;15.3;3.4;10.5;1.16;0.69;0.15;0.22;1.43;1.46;0.141;50;10.24;4.99;3.12;0.56;1.78;4.77;147.2;122.4;11.7;3.6;9.5;0.69;0.45;0.14;0.18
5;50;50;100;0;19.12;3.41;9.79;2.13;2.13;0.188;58.2;11.26;5.84;3.27;0.54;1.74;5.08;149.8;115.4;20.8;3.5;10.2;1.14;0.58;0.16;0.24;1.21;1.24;0.134;41.8;9.12;4.51;2.7;0.49;1.67;4.71;107.4;83.1;11.6;3.3;9.4;0.66;0.3;0.11;0.16
5;50;50;100;50;18.99;3.78;11.01;2.31;2.34;0.194;57.6;12;6.25;3.42;0.58;1.91;5.79;149.2;113.7;20;3.8;11.6;1.14;0.76;0.18;0.25;1.55;1.52;0.137;42.4;11.04;5.43;3.35;0.55;1.87;5.22;109.8;84.2;11.4;3.7;10.4;0.84;0.36;0.14;0.19
5;50;50;100;100;18.88;4.21;12.03;2.57;2.51;0.206;57;12.18;6.58;3.35;0.58;1.93;6.29;148.5;112.7;19.4;3.9;12.6;1.1;0.98;0.18;0.25;1.93;1.85;0.139;43;13.19;6.58;3.94;0.69;2.28;5.74;112;84.9;11.1;4.6;11.5;1.02;0.43;0.17;0.23
5;50;100;0;0;14.86;2.77;7.81;2.19;2.19;0.196;44.9;11.19;5.85;3.22;0.51;1.82;4.04;146.5;120.7;14.1;3.6;8.1;1.37;0.42;0.17;0.23;0.84;0.81;0.144;55.1;5.53;2.74;1.67;0.26;0.95;3.77;179.6;159.1;11;1.9;7.5;0.27;0.37;0.07;0.1
5;50;100;0;50;14.4;2.81;8.31;2.38;2.34;0.201;44.9;11.65;6.16;3.32;0.57;1.8;4.3;146.2;121.2;12.9;3.6;8.6;1.42;0.51;0.18;0.24;0.93;0.93;0.15;55.1;6.15;3.06;1.82;0.32;1.01;4.01;179.6;158.5;11.1;2;8;0.29;0.46;0.08;0.11
5;50;100;0;100;13.78;2.94;8.21;2.49;2.41;0.209;44.8;11.52;6.21;3.1;0.55;1.78;4.27;145.4;121.6;11.7;3.6;8.5;1.39;0.61;0.18;0.22;1.08;1.06;0.16;55.2;6.57;3.42;1.81;0.3;1.16;3.94;179.3;157.9;11.2;2.3;7.9;0.31;0.56;0.08;0.11
5;50;100;50;0;16.86;3.18;9.45;2.38;2.33;0.192;50.6;12.12;6.4;3.44;0.55;1.91;4.88;148.3;117.2;17.5;3.8;9.8;1.35;0.54;0.18;0.25;1.07;1.07;0.141;49.4;7.58;3.71;2.3;0.41;1.27;4.57;145;122.8;10.6;2.5;9.1;0.5;0.36;0.08;0.13
5;50;100;50;50;16.8;3.53;10.21;2.55;2.51;0.201;50.2;12.5;6.63;3.54;0.58;1.95;5.34;148.1;116.9;16.6;3.9;10.7;1.35;0.72;0.19;0.26;1.25;1.31;0.145;49.8;9.01;4.48;2.68;0.45;1.59;4.87;146.8;123.1;10.8;3.2;9.7;0.6;0.45;0.11;0.15
5;50;100;50;100;16.45;3.75;10.72;2.69;2.67;0.211;50;12.64;6.8;3.43;0.61;1.99;5.62;147.5;116.8;15.5;4;11.2;1.34;0.89;0.19;0.25;1.57;1.55;0.15;50;10.28;5.15;3.12;0.48;1.76;5.1;147.7;123.2;10.8;3.5;10.2;0.69;0.56;0.13;0.17
5;50;100;100;0;18.86;3.65;10.44;2.55;2.51;0.192;58.4;13.06;6.79;3.71;0.63;2.04;5.55;150.6;114.5;20.9;4.1;11.1;1.31;0.73;0.2;0.28;1.31;1.3;0.14;41.6;9.19;4.53;2.75;0.49;1.61;4.89;107.2;83.7;10.5;3.2;9.8;0.66;0.36;0.12;0.16
5;50;100;100;50;18.83;4.24;11.82;2.67;2.72;0.199;57.5;13.67;7.26;3.81;0.64;2.21;6.18;149.8;112.8;20.2;4.4;12.4;1.31;0.92;0.21;0.28;1.65;1.61;0.142;42.5;11.27;5.63;3.4;0.57;2.03;5.64;110.5;84.8;10.4;4.1;11.3;0.84;0.43;0.15;0.19
5;50;100;100;100;18.59;4.44;12.78;2.97;2.91;0.21;56.8;13.84;7.43;3.73;0.68;2.19;6.63;148.4;111.5;19.2;4.4;13.3;1.29;1.14;0.21;0.27;2;1.95;0.145;43.2;13.4;6.68;4.04;0.64;2.25;6.16;112.7;85.6;10.2;4.5;12.3;1.04;0.52;0.15;0.23
5;100;0;0;0;17.47;2.69;7.73;1.99;2.06;0.197;37.1;10.45;5.47;2.98;0.55;1.65;4.06;107.1;82;13.6;3.3;8.1;1.37;0.3;0.16;0.22;0.73;0.75;0.126;62.9;5.82;2.81;1.77;0.29;1.04;3.67;182;155.9;16.6;2.1;7.3;0.26;0.31;0.08;0.1
5;100;0;0;50;17;2.8;8.15;2.18;2.15;0.2;37.2;10.69;5.65;3;0.48;1.66;4.25;107.1;82.7;12.6;3.3;8.5;1.39;0.37;0.17;0.22;0.9;0.89;0.131;62.8;6.67;3.26;2.05;0.31;1.14;3.9;181.3;154.5;16.6;2.3;7.8;0.28;0.41;0.08;0.12
5;100;0;0;100;16.73;2.9;8.53;2.22;2.2;0.204;37.2;10.76;5.75;3.01;0.46;1.65;4.47;107.1;83.1;11.7;3.3;8.9;1.37;0.45;0.15;0.22;0.97;1.01;0.137;62.8;7.3;3.59;2.26;0.36;1.25;4.06;181.1;153.8;16.7;2.5;8.1;0.29;0.5;0.09;0.13
5;100;0;50;0;19.18;3.16;9;2.06;2.09;0.194;42.8;10.78;5.67;3.02;0.5;1.7;4.65;110;80.5;16.8;3.4;9.3;1.35;0.36;0.16;0.22;1.02;1.06;0.129;57.2;8.11;3.97;2.45;0.38;1.46;4.35;146.9;119.3;16;2.9;8.7;0.5;0.3;0.11;0.14
5;100;0;50;50;19.09;3.44;9.88;2.23;2.23;0.197;42.6;11.27;5.93;3.17;0.56;1.78;5.11;110.2;80.5;16;3.6;10.2;1.35;0.48;0.17;0.23;1.26;1.26;0.133;57.4;9.46;4.67;2.87;0.48;1.66;4.77;148.3;119.3;16.1;3.3;9.5;0.58;0.4;0.13;0.16
5;100;0;50;100;18.75;3.71;10.68;2.39;2.33;0.203;42.5;11.46;6.12;3.15;0.55;1.82;5.56;110.4;80.7;14.9;3.6;11.1;1.34;0.57;0.18;0.23;1.48;1.52;0.136;57.5;11.08;5.47;3.28;0.59;1.89;5.12;149.2;118.9;16.3;3.8;10.2;0.68;0.49;0.14;0.2
5;100;0;100;0;21.11;3.55;10.02;2.25;2.17;0.19;50.7;11.41;6.06;3.14;0.55;1.87;5.2;113.2;78.7;20.4;3.7;10.4;1.29;0.46;0.18;0.24;1.17;1.24;0.129;49.3;9.52;4.6;2.91;0.49;1.68;4.82;110.2;81.3;15.9;3.4;9.6;0.65;0.31;0.12;0.17
5;100;0;100;50;20.96;3.95;11.33;2.33;2.34;0.194;50.3;12.01;6.33;3.36;0.58;1.97;5.89;113.5;78.3;19.5;3.9;11.8;1.3;0.6;0.19;0.24;1.6;1.54;0.132;49.7;11.6;5.69;3.48;0.62;1.98;5.44;112.2;81.7;15.6;4;10.9;0.82;0.38;0.14;0.2
5;100;0;100;100;21.01;4.41;12.51;2.55;2.51;0.2;49.8;12.52;6.7;3.48;0.59;2.06;6.49;113.7;77.7;18.9;4.1;13;1.3;0.76;0.19;0.25;1.85;1.85;0.135;50.2;13.63;6.68;4.11;0.7;2.35;6.02;114.7;82.3;15.6;4.7;12;0.97;0.47;0.17;0.23
5;100;50;0;0;17.24;3;8.8;2.41;2.45;0.199;37.8;12.32;6.45;3.48;0.55;1.88;4.54;109.4;83;13.6;3.8;9.1;1.71;0.31;0.18;0.25;0.89;0.88;0.136;62.2;6.38;3.11;1.98;0.32;1.11;4.25;180.4;154;15.7;2.2;8.5;0.27;0.42;0.08;0.11
5;100;50;0;50;16.89;3.22;9.22;2.57;2.54;0.202;37.9;12.6;6.76;3.41;0.63;1.99;4.82;109.5;83.5;12.4;4;9.6;1.71;0.4;0.19;0.25;1;1.02;0.142;62.1;7.07;3.5;2.13;0.39;1.23;4.41;180;153;15.7;2.5;8.8;0.29;0.51;0.09;0.13
5;100;50;0;100;16.47;3.32;9.43;2.73;2.67;0.208;37.9;12.82;6.89;3.53;0.62;2.05;4.87;109.3;84.1;11.4;4.1;9.7;1.73;0.5;0.19;0.25;1.15;1.12;0.148;62.1;7.48;3.72;2.23;0.39;1.27;4.56;179.4;151.9;15.8;2.5;9.1;0.27;0.63;0.09;0.12
5;100;50;50;0;18.96;3.52;10.05;2.65;2.54;0.195;43.4;13.05;6.88;3.58;0.65;2.1;5.2;112.3;80.9;16.8;4.2;10.4;1.68;0.41;0.2;0.26;1.14;1.14;0.136;56.6;8.31;4.08;2.56;0.42;1.42;4.86;146.4;118.7;15.1;2.8;9.7;0.49;0.39;0.1;0.16
5;100;50;50;50;18.73;3.87;10.97;2.74;2.75;0.202;43.2;13.63;7.28;3.77;0.68;2.2;5.75;112.4;80.6;15.9;4.4;11.5;1.66;0.58;0.23;0.29;1.36;1.37;0.139;56.8;9.74;4.83;2.88;0.53;1.67;5.22;147.9;119.1;15;3.3;10.4;0.58;0.49;0.13;0.17
5;100;50;50;100;18.29;4.07;11.69;2.91;2.84;0.206;43;13.77;7.46;3.7;0.67;2.18;6.17;112.1;80.7;14.7;4.4;12.3;1.68;0.67;0.21;0.29;1.59;1.59;0.143;57;11.06;5.46;3.35;0.6;1.89;5.52;148.7;118.9;15;3.8;11;0.68;0.58;0.13;0.19
5;100;50;100;0;20.82;4.01;11.24;2.73;2.75;0.194;51.4;14.12;7.52;3.91;0.66;2.34;5.96;115.9;79.1;20.2;4.7;11.9;1.65;0.57;0.23;0.3;1.45;1.33;0.135;48.6;9.79;4.85;2.92;0.55;1.67;5.28;109.5;80.9;14.6;3.3;10.6;0.65;0.39;0.12;0.17
5;100;50;100;50;20.94;4.33;12.46;2.83;2.83;0.198;50.4;14.26;7.4;4.12;0.66;2.28;6.48;114.8;77.8;19.4;4.6;13;1.58;0.73;0.22;0.3;1.65;1.65;0.138;49.6;11.9;5.85;3.65;0.63;2.05;5.98;113.1;82.2;14.8;4.1;12;0.82;0.48;0.14;0.21
5;100;50;100;100;20.57;4.84;13.53;3.13;3.1;0.208;50.3;14.92;7.98;4.08;0.72;2.43;7.15;115.6;77.9;18.5;4.9;14.3;1.63;0.94;0.23;0.31;2.04;1.97;0.14;49.7;13.95;6.95;4.12;0.7;2.41;6.38;114.2;82.1;14.5;4.8;12.8;0.99;0.58;0.17;0.23
5;100;100;0;0;16.93;3.5;9.91;3.04;3.01;0.201;38.5;14.94;7.96;4.08;0.72;2.37;5.21;112;83.4;13.4;4.7;10.4;2.09;0.39;0.22;0.31;0.94;0.97;0.147;61.5;6.56;3.27;1.89;0.33;1.12;4.7;179.4;153.2;14.5;2.2;9.4;0.27;0.51;0.08;0.11
5;100;100;0;50;16.47;3.6;10.37;3.04;3.11;0.205;38.4;15.18;7.95;4.24;0.77;2.36;5.43;111.6;83.8;12.3;4.7;10.9;2.08;0.48;0.23;0.32;1.1;1.16;0.158;61.6;7.24;3.58;2.19;0.35;1.24;4.94;179.4;152.5;14.6;2.5;9.9;0.28;0.66;0.09;0.12
5;100;100;0;100;16.23;3.67;10.53;3.24;3.2;0.21;38.2;15.22;8.13;4.21;0.67;2.36;5.39;110.8;84.1;11.3;4.7;10.8;2.08;0.59;0.23;0.3;1.24;1.29;0.166;61.8;7.76;4;2.23;0.37;1.31;5.15;179.5;151.9;14.7;2.6;10.3;0.28;0.78;0.09;0.14
5;100;100;50;0;18.95;3.92;11.38;3.04;3.09;0.198;43.9;15.61;8.17;4.34;0.79;2.44;5.93;114.6;81.1;16.8;4.9;11.9;2.02;0.51;0.23;0.32;1.26;1.26;0.143;56.1;8.73;4.3;2.63;0.42;1.48;5.45;146.5;118.4;14.3;3;10.9;0.5;0.5;0.11;0.15
5;100;100;50;50;18.72;4.21;12.07;3.4;3.3;0.204;43.6;16.16;8.67;4.43;0.79;2.52;6.26;114.3;80.6;16.1;5;12.5;2.03;0.7;0.24;0.33;1.54;1.49;0.151;56.4;9.83;4.97;2.87;0.5;1.68;5.81;148.2;119;14.1;3.4;11.6;0.57;0.63;0.12;0.17
5;100;100;50;100;18.29;4.45;12.75;3.42;3.39;0.212;43.5;16.02;8.6;4.33;0.72;2.48;6.58;114.2;81.4;14.7;5;13.2;2.02;0.82;0.23;0.33;1.86;1.8;0.155;56.5;11.57;5.82;3.45;0.56;1.96;6.17;148.5;117.9;14.4;3.9;12.3;0.67;0.78;0.14;0.21
5;100;100;100;0;20.71;4.33;12.53;3.22;3.27;0.197;51.4;16.56;8.67;4.72;0.78;2.59;6.47;116.9;78.7;20.1;5.2;12.9;1.96;0.71;0.25;0.34;1.43;1.44;0.142;48.6;10.08;4.95;3.05;0.51;1.73;6.06;110.7;81.3;13.8;3.5;12.1;0.65;0.49;0.12;0.18
5;100;100;100;50;20.71;4.85;13.53;3.43;3.42;0.203;51.1;16.9;8.95;4.73;0.84;2.77;7.01;117.5;78.6;19.4;5.5;14;1.96;0.86;0.26;0.34;1.73;1.81;0.148;48.9;12.12;6.01;3.57;0.65;2.08;6.52;112.4;81.4;13.8;4.2;13;0.8;0.63;0.16;0.21
5;100;100;100;100;20.66;5.09;14.64;3.71;3.64;0.211;50.4;17.25;9.16;4.76;0.84;2.64;7.72;117;77.6;18.7;5.3;15.4;1.92;1.11;0.25;0.36;2.14;2.15;0.149;49.6;14.34;7.12;4.24;0.75;2.45;6.93;115;82.4;13.8;4.9;13.9;1;0.73;0.17;0.24
6;0;0;0;0;13.73;1.83;5.13;1.1;1.12;0.181;50.2;6.13;3.18;1.76;0.28;1.03;2.65;179.7;157.6;14.7;2.1;5.3;0.59;0.32;0.09;0.12;0.59;0.58;0.124;49.8;4.5;2.23;1.34;0.23;0.8;2.48;178.5;162.4;9.5;1.6;5;0.27;0.18;0.05;0.08
6;0;0;0;50;13.16;1.77;5.32;1.22;1.18;0.188;49.8;6.25;3.24;1.76;0.31;0.98;2.76;177.9;156.7;13.6;2;5.5;0.56;0.4;0.09;0.13;0.63;0.62;0.125;50.2;4.78;2.28;1.5;0.23;0.79;2.56;179.4;163.3;9.5;1.6;5.1;0.3;0.18;0.06;0.09
6;0;0;0;100;12.59;1.99;5.57;1.29;1.29;0.197;49.8;6.54;3.44;1.83;0.31;1.09;2.92;177.7;157.2;12.5;2.2;5.8;0.57;0.48;0.11;0.13;0.71;0.7;0.131;50.2;5.23;2.57;1.6;0.27;0.9;2.66;179.3;162.8;9.4;1.8;5.3;0.3;0.24;0.07;0.09
6;0;0;50;0;15.62;2.24;6.45;1.2;1.19;0.176;56;6.68;3.4;1.97;0.31;1.09;3.33;180.8;153.8;18.2;2.2;6.7;0.55;0.4;0.1;0.13;0.85;0.85;0.129;44;6.52;3.16;1.98;0.37;1.15;3.13;142.3;124.7;9;2.3;6.3;0.5;0.16;0.07;0.12
6;0;0;50;50;15.4;2.42;7.18;1.3;1.3;0.185;55.5;7.01;3.63;2.05;0.33;1.08;3.76;179.7;152.7;17.3;2.2;7.5;0.55;0.51;0.1;0.14;0.98;1.02;0.13;44.5;7.75;3.74;2.38;0.41;1.34;3.43;144.2;125.4;9.2;2.7;6.9;0.6;0.18;0.1;0.14
6;0;0;50;100;15.2;2.73;7.89;1.46;1.42;0.194;55;7.3;3.83;2.05;0.35;1.15;4.13;178.8;152;16.1;2.3;8.3;0.54;0.61;0.12;0.15;1.23;1.21;0.132;45;9.11;4.47;2.78;0.45;1.58;3.76;146;126;9.3;3.2;7.5;0.7;0.24;0.11;0.16
6;0;0;100;0;17.61;2.67;7.63;1.31;1.28;0.174;63.8;7.35;3.76;2.13;0.36;1.18;4.01;183;151.2;21.4;2.4;8;0.53;0.48;0.12;0.15;1.1;1.1;0.131;36.2;8.34;4.1;2.54;0.4;1.49;3.62;103.8;84.4;9.2;3;7.2;0.66;0.18;0.11;0.15
6;0;0;100;50;17.54;2.98;8.72;1.49;1.49;0.182;63;8.11;4.25;2.31;0.37;1.26;4.62;181.2;148.6;20.9;2.5;9.2;0.55;0.64;0.13;0.17;1.3;1.3;0.13;37;9.87;4.84;2.97;0.47;1.73;4.1;106.3;85.7;9;3.5;8.2;0.83;0.18;0.13;0.16
6;0;0;100;100;17.47;3.47;9.87;1.7;1.64;0.191;62.1;8.51;4.45;2.4;0.36;1.31;5.14;179.3;146.1;20.3;2.6;10.3;0.53;0.81;0.13;0.18;1.6;1.6;0.133;37.9;11.99;5.85;3.65;0.66;2.16;4.73;109.4;87;8.7;4.3;9.5;1.02;0.22;0.16;0.2
6;0;50;0;0;13.06;1.83;5.28;1.12;1.15;0.181;50.3;6.3;3.23;1.79;0.33;1.04;2.75;179.6;157.5;14.5;2.1;5.5;0.58;0.33;0.1;0.13;0.65;0.65;0.133;49.7;4.75;2.28;1.47;0.25;0.78;2.53;177.6;162.5;8.5;1.6;5.1;0.28;0.22;0.06;0.09
6;0;50;0;50;12.61;1.86;5.43;1.23;1.25;0.188;50;6.63;3.42;1.83;0.34;1.05;2.88;178.1;156.5;13.7;2.1;5.8;0.59;0.43;0.1;0.13;0.66;0.66;0.133;50;4.82;2.37;1.42;0.28;0.81;2.55;178.5;163.5;8.3;1.6;5.1;0.29;0.22;0.05;0.09
6;0;50;0;100;12.29;1.9;5.67;1.41;1.37;0.2;49.8;6.8;3.63;1.9;0.34;1.03;3.04;177.4;156.6;12.7;2.1;6.1;0.57;0.56;0.1;0.14;0.77;0.74;0.137;50.2;5.27;2.49;1.66;0.27;0.86;2.63;178.7;163.4;8.3;1.7;5.3;0.3;0.29;0.06;0.1
6;0;50;50;0;15.14;2.35;6.74;1.23;1.29;0.177;56;7.25;3.74;2.08;0.33;1.21;3.56;180.5;153;18;2.4;7.1;0.58;0.43;0.11;0.17;0.95;0.92;0.133;44;6.79;3.3;2.08;0.36;1.15;3.18;142;125.2;8.1;2.3;6.4;0.51;0.21;0.08;0.12
6;0;50;50;50;14.83;2.63;7.42;1.49;1.44;0.189;55.4;7.62;4.01;2.12;0.38;1.22;3.94;179.1;151.6;17.2;2.4;7.9;0.57;0.61;0.12;0.15;1.03;1.06;0.133;44.6;7.85;3.84;2.35;0.43;1.41;3.48;144;126.3;8;2.8;7;0.61;0.22;0.1;0.13
6;0;50;50;100;14.67;2.89;8.17;1.57;1.58;0.198;54.8;7.97;4.26;2.2;0.39;1.28;4.26;177.6;150.3;16.3;2.6;8.5;0.54;0.76;0.12;0.16;1.29;1.26;0.136;45.2;9.2;4.51;2.79;0.44;1.61;3.92;146.4;127.3;8.1;3.2;7.8;0.71;0.28;0.12;0.16
6;0;50;100;0;17.19;2.7;8.22;1.43;1.47;0.177;63.6;8.27;4.23;2.42;0.44;1.27;4.38;181.7;148.8;21.6;2.5;8.8;0.55;0.61;0.13;0.18;1.07;1.13;0.133;36.4;8.38;4.08;2.53;0.45;1.43;3.84;104;85.6;7.9;2.9;7.7;0.69;0.2;0.1;0.14
6;0;50;100;50;17.42;3.19;9.14;1.71;1.62;0.186;62.6;8.7;4.55;2.46;0.41;1.39;4.76;179.9;146.5;21.1;2.8;9.5;0.54;0.78;0.13;0.17;1.39;1.38;0.134;37.4;10.23;4.98;3.15;0.53;1.8;4.38;107.2;86.8;8.1;3.6;8.8;0.85;0.22;0.13;0.18
6;0;50;100;100;17.16;3.49;10.29;1.91;1.87;0.202;61.8;9.2;4.92;2.52;0.46;1.41;5.37;177.8;144;20.2;2.8;10.7;0.51;1.02;0.15;0.19;1.64;1.66;0.135;38.2;12.2;5.95;3.78;0.63;2.08;4.93;109.8;88;7.7;4.2;9.9;1.03;0.26;0.15;0.22
6;0;100;0;0;12.65;1.92;5.51;1.24;1.26;0.182;50.1;6.88;3.54;1.98;0.33;1.11;2.94;178.6;155.6;14.9;2.2;5.9;0.59;0.43;0.1;0.14;0.66;0.67;0.14;49.9;4.62;2.24;1.44;0.23;0.8;2.57;178.2;164.4;7.1;1.6;5.1;0.29;0.23;0.07;0.08
6;0;100;0;50;12.18;2.02;5.78;1.41;1.39;0.191;49.7;7.25;3.77;2.09;0.35;1.16;2.94;177;155.3;13.6;2.3;5.9;0.61;0.52;0.11;0.15;0.71;0.74;0.143;50.3;4.99;2.47;1.44;0.27;0.86;2.85;179.5;164.7;7.3;1.7;5.7;0.3;0.29;0.06;0.09
6;0;100;0;100;12.02;2.17;5.87;1.54;1.52;0.204;49.7;7.41;3.99;2.03;0.36;1.18;3.12;177.2;155.7;12.9;2.4;6.2;0.59;0.67;0.11;0.15;0.8;0.82;0.151;50.3;5.36;2.73;1.54;0.26;0.99;2.75;179.4;164.3;7.6;2;5.5;0.3;0.36;0.08;0.09
6;0;100;50;0;14.89;2.43;7.23;1.39;1.44;0.178;55.7;8.03;4.09;2.35;0.41;1.27;3.82;179.7;151.3;18.3;2.5;7.6;0.59;0.56;0.12;0.17;0.95;0.96;0.139;44.3;6.87;3.35;2.12;0.34;1.16;3.41;142.8;126.6;7.1;2.3;6.8;0.52;0.24;0.09;0.12
6;0;100;50;50;14.52;2.63;7.81;1.58;1.6;0.192;55.1;8.29;4.29;2.31;0.43;1.28;4.1;177.8;149.8;17.2;2.6;8.2;0.57;0.74;0.12;0.17;1.11;1.12;0.14;44.9;7.94;3.88;2.42;0.39;1.35;3.71;145;127.6;7.2;2.7;7.4;0.61;0.28;0.09;0.14
6;0;100;50;100;14.41;2.94;8.42;1.89;1.82;0.209;54.5;8.7;4.73;2.34;0.39;1.37;4.35;176.5;148.3;16.8;2.7;8.7;0.56;0.95;0.13;0.18;1.28;1.33;0.143;45.5;9.21;4.52;2.79;0.5;1.57;4.06;147.1;128.8;7;3.1;8.1;0.71;0.33;0.12;0.16
6;0;100;100;0;17.29;2.89;8.46;1.7;1.66;0.18;63.3;9.15;4.77;2.63;0.47;1.47;4.51;180.7;146.5;22.2;2.9;9;0.55;0.77;0.14;0.19;1.15;1.15;0.137;36.7;8.33;4.01;2.59;0.44;1.42;3.95;104.7;86.8;7.2;2.8;7.9;0.68;0.23;0.1;0.14
6;0;100;100;50;16.96;3.26;9.55;1.83;1.82;0.191;62.6;9.5;4.95;2.68;0.46;1.49;5.11;179;144.7;21.1;3;10.2;0.54;0.93;0.15;0.2;1.45;1.45;0.138;37.4;10.37;5.09;3.22;0.53;1.77;4.43;107.1;87.6;7;3.5;8.9;0.87;0.27;0.12;0.19
6;0;100;100;100;16.99;3.82;10.65;2.12;2.12;0.208;61.5;10.15;5.53;2.79;0.42;1.67;5.58;176.7;141.6;20.6;3.3;11.2;0.54;1.21;0.16;0.21;1.69;1.73;0.14;38.5;12.25;6.07;3.68;0.65;2.15;5.07;110.4;89.2;6.7;4.3;10.1;1.05;0.31;0.16;0.21
6;50;0;0;0;15.4;2.22;6.37;1.67;1.64;0.192;44.6;8.5;4.56;2.29;0.41;1.36;3.32;144.3;120.7;14.3;2.7;6.6;1.02;0.31;0.14;0.17;0.67;0.65;0.125;55.4;5.09;2.48;1.55;0.28;0.86;3.05;179.7;159.1;12.8;1.7;6.1;0.26;0.24;0.06;0.09
6;50;0;0;50;14.85;2.42;6.68;1.74;1.7;0.197;44.5;8.62;4.65;2.38;0.41;1.44;3.53;144;121;13.1;2.9;7.1;1.01;0.38;0.14;0.17;0.73;0.72;0.127;55.5;5.58;2.75;1.7;0.3;0.99;3.15;179.6;158.7;12.7;2;6.3;0.28;0.27;0.07;0.1
6;50;0;0;100;14.65;2.51;7.17;1.86;1.84;0.203;44.6;9.05;4.81;2.5;0.47;1.43;3.81;144.2;121.6;12.2;2.9;7.6;1.06;0.45;0.15;0.18;0.86;0.83;0.132;55.4;6.23;3.04;1.9;0.32;1.08;3.36;179.6;157.9;12.7;2.2;6.7;0.31;0.34;0.08;0.11
6;50;0;50;0;17.41;2.73;7.72;1.71;1.7;0.187;50.4;9.05;4.71;2.57;0.44;1.48;4;146.5;117.9;17.7;3;8;0.98;0.4;0.14;0.19;0.96;0.93;0.129;49.6;7.16;3.55;2.15;0.36;1.25;3.72;144.5;122.1;12.4;2.5;7.4;0.49;0.23;0.09;0.13
6;50;0;50;50;17.11;3.04;8.47;1.87;1.82;0.193;50;9.41;4.92;2.63;0.48;1.49;4.4;146;117.4;16.8;3;8.8;0.99;0.49;0.15;0.19;1.16;1.11;0.13;50;8.47;4.23;2.46;0.44;1.54;4.08;146.3;122.6;12.5;3.1;8.2;0.58;0.26;0.12;0.15
6;50;0;50;100;16.84;3.26;9.19;2.04;1.93;0.2;49.6;9.65;5.13;2.74;0.43;1.53;4.75;145.4;117.2;15.7;3.1;9.5;0.99;0.6;0.15;0.19;1.3;1.3;0.132;50.4;9.79;4.86;2.91;0.47;1.73;4.43;147.5;122.8;12.3;3.5;8.9;0.68;0.33;0.12;0.17
6;50;0;100;0;19.21;3.15;9.01;1.82;1.84;0.185;58.3;9.88;5.15;2.85;0.49;1.62;4.67;149.1;115.6;20.9;3.2;9.3;1;0.47;0.16;0.21;1.11;1.14;0.129;41.7;8.75;4.25;2.67;0.48;1.53;4.34;106.6;83;11.9;3.1;8.7;0.66;0.22;0.1;0.16
6;50;0;100;50;19.28;3.49;9.97;1.97;1.97;0.191;57.7;10.32;5.44;2.93;0.48;1.66;5.31;148.6;114.2;20.5;3.3;10.6;0.97;0.62;0.16;0.22;1.33;1.36;0.13;42.3;10.39;5.11;3.17;0.53;1.84;4.66;108.8;83.9;12;3.7;9.3;0.8;0.25;0.13;0.18
6;50;0;100;100;19.14;3.92;11.1;2.2;2.15;0.198;56.9;10.87;5.81;3.02;0.51;1.76;5.73;147.4;113;19.4;3.5;11.5;0.97;0.78;0.18;0.22;1.77;1.69;0.132;43.1;12.69;6.12;3.79;0.68;2.15;5.37;111.6;84.7;11.9;4.3;10.7;1;0.31;0.15;0.22
6;50;50;0;0;14.96;2.51;7.16;1.91;1.9;0.193;44.8;9.79;5.14;2.75;0.47;1.56;3.71;145.5;120.7;14.3;3.1;7.4;1.23;0.33;0.14;0.19;0.73;0.73;0.134;55.2;5.31;2.68;1.63;0.24;0.95;3.45;179.3;159.1;11.3;1.9;6.9;0.29;0.28;0.07;0.09
6;50;50;0;50;14.66;2.52;7.42;2.04;1.99;0.197;44.6;10.06;5.31;2.85;0.47;1.54;3.82;144.8;120.6;13.5;3.1;7.6;1.22;0.42;0.15;0.2;0.83;0.8;0.14;55.4;5.66;2.85;1.67;0.32;0.98;3.6;179.9;159.2;11.5;2;7.2;0.28;0.35;0.06;0.11
6;50;50;0;100;14.42;2.78;7.74;2.18;2.17;0.205;44.7;10.53;5.63;2.85;0.54;1.71;4.15;145.3;121.1;12.4;3.4;8.3;1.24;0.55;0.16;0.22;0.94;0.92;0.145;55.3;6.26;3.11;1.86;0.34;1.07;3.59;179.6;158.5;11.8;2.1;7.2;0.3;0.45;0.07;0.1
6;50;50;50;0;17.26;3.02;8.51;2.13;2.03;0.189;50.4;10.74;5.71;2.98;0.51;1.72;4.38;147.2;117.2;17.9;3.4;8.8;1.18;0.45;0.17;0.23;0.97;0.99;0.134;49.6;7.3;3.58;2.19;0.37;1.3;4.13;145.1;122.8;11.4;2.6;8.3;0.49;0.29;0.08;0.13
6;50;50;50;50;16.79;3.17;9.06;2.26;2.12;0.197;50.2;10.75;5.8;2.93;0.48;1.67;4.78;146.8;117.2;16.7;3.3;9.6;1.15;0.59;0.16;0.22;1.15;1.19;0.138;49.8;8.57;4.25;2.55;0.42;1.5;4.28;145.8;122.8;11.4;3;8.6;0.58;0.36;0.11;0.15
6;50;50;50;100;16.49;3.43;10.08;2.27;2.31;0.204;50;11.32;5.97;3.16;0.56;1.77;5.3;146.8;117;15.7;3.5;10.6;1.18;0.73;0.17;0.23;1.42;1.4;0.141;50;9.9;4.86;3.07;0.5;1.65;4.78;147;123;11.1;3.3;9.6;0.68;0.42;0.12;0.18
6;50;50;100;0;19.11;3.35;9.93;2.16;2.17;0.188;58.2;11.5;5.95;3.28;0.59;1.79;5.12;149.8;114.8;21.1;3.6;10.2;1.15;0.6;0.18;0.24;1.22;1.23;0.134;41.8;9.06;4.39;2.81;0.47;1.55;4.82;107.5;83.5;11.3;3.1;9.6;0.67;0.29;0.11;0.16
6;50;50;100;50;19.15;3.77;10.87;2.33;2.32;0.194;57.6;11.95;6.24;3.36;0.56;1.9;5.62;149;113.4;20.6;3.8;11.2;1.13;0.77;0.18;0.24;1.48;1.49;0.137;42.4;10.83;5.25;3.24;0.57;1.87;5.25;109.7;84.4;11;3.7;10.5;0.82;0.35;0.13;0.19
6;50;50;100;100;18.99;4.2;11.94;2.62;2.55;0.206;56.8;12.36;6.64;3.33;0.57;1.92;6.18;147.9;112;19.7;3.8;12.4;1.13;0.99;0.19;0.24;1.77;1.8;0.138;43.2;12.95;6.39;3.84;0.69;2.28;5.76;112.4;85.3;10.9;4.6;11.5;1.01;0.42;0.15;0.23
6;50;100;0;0;14.9;2.7;7.91;2.31;2.25;0.196;44.9;11.51;6.03;3.22;0.59;1.8;4.04;146.4;120.1;14.6;3.6;8.1;1.42;0.43;0.17;0.23;0.73;0.78;0.144;55.1;5.35;2.6;1.63;0.3;0.9;3.88;179.9;159.9;10.5;1.8;7.8;0.27;0.36;0.06;0.09
6;50;100;0;50;14.36;2.83;8.22;2.42;2.35;0.201;45;11.71;6.22;3.29;0.56;1.81;4.37;146.6;121;13.2;3.6;8.7;1.42;0.51;0.18;0.25;0.86;0.9;0.148;55;5.95;2.93;1.77;0.3;1.02;3.85;179.2;158.6;10.8;2;7.7;0.29;0.44;0.07;0.1
6;50;100;0;100;14.02;2.93;8.38;2.5;2.47;0.209;44.8;11.81;6.32;3.25;0.53;1.82;4.34;145.7;121.1;12.2;3.6;8.7;1.41;0.65;0.18;0.23;1;1.04;0.159;55.2;6.43;3.24;1.82;0.33;1.11;4.03;179.6;158.5;10.8;2.2;8.1;0.3;0.56;0.08;0.1
6;50;100;50;0;16.67;3.31;9.35;2.4;2.37;0.192;50.7;12.33;6.43;3.47;0.61;1.97;4.9;148.5;117.2;17.6;3.9;9.8;1.39;0.54;0.19;0.25;1.05;1.07;0.141;49.3;7.5;3.78;2.18;0.38;1.34;4.45;144.6;122.8;10.2;2.7;8.9;0.5;0.35;0.09;0.13
6;50;100;50;50;16.45;3.41;10.1;2.56;2.54;0.201;50.3;12.62;6.63;3.62;0.59;1.93;5.31;147.8;116.5;16.8;3.9;10.6;1.36;0.72;0.2;0.26;1.27;1.26;0.143;49.7;8.74;4.32;2.58;0.47;1.48;4.79;146.2;123.5;10.2;3;9.6;0.6;0.42;0.11;0.15
6;50;100;50;100;16.11;3.71;10.42;2.78;2.69;0.211;50;12.74;6.89;3.46;0.58;2.01;5.46;147.1;116.3;15.9;4;10.9;1.35;0.89;0.21;0.25;1.46;1.48;0.149;50;9.84;4.92;2.84;0.51;1.7;4.96;147.1;123.7;10.1;3.4;9.9;0.67;0.52;0.12;0.16
6;50;100;100;0;18.91;3.68;10.59;2.57;2.56;0.192;58.2;13.31;6.98;3.78;0.65;2.15;5.53;150;113.2;21.4;4.3;11.1;1.32;0.75;0.21;0.28;1.26;1.26;0.139;41.8;8.96;4.39;2.77;0.47;1.53;5.05;107.7;84.5;10;3.1;10.1;0.66;0.33;0.11;0.15
6;50;100;100;50;18.69;4.04;11.69;2.84;2.72;0.199;57.7;13.67;7.24;3.92;0.63;2.13;6.06;149.7;112.8;20.5;4.3;12.1;1.34;0.9;0.21;0.27;1.55;1.57;0.141;42.3;11.01;5.42;3.25;0.58;1.91;5.62;109.8;84.8;9.9;3.8;11.2;0.83;0.41;0.14;0.19
6;50;100;100;100;18.47;4.4;12.77;3.04;3;0.21;57;14.23;7.6;3.9;0.7;2.16;6.73;148.8;111.4;19.6;4.3;13.5;1.32;1.17;0.23;0.28;1.82;1.92;0.145;43;13.11;6.37;3.99;0.64;2.24;6.04;112;85.7;9.7;4.5;12.1;1.01;0.51;0.16;0.23
6;100;0;0;0;17.43;2.63;7.64;2.05;2.05;0.197;37.2;10.41;5.51;2.92;0.49;1.64;3.99;107.4;82.1;14;3.3;8;1.38;0.3;0.16;0.22;0.75;0.74;0.125;62.8;5.8;2.74;1.81;0.29;1;3.64;181.3;155.9;16.2;2;7.3;0.27;0.3;0.07;0.1
6;100;0;0;50;16.91;2.84;8.26;2.22;2.21;0.2;37.3;11.03;5.84;3.09;0.51;1.7;4.31;107.7;82.7;13;3.4;8.6;1.44;0.38;0.16;0.23;0.86;0.88;0.132;62.7;6.56;3.19;1.98;0.34;1.14;3.95;181;154.7;16.2;2.3;7.9;0.27;0.4;0.09;0.11
6;100;0;0;100;16.77;3.01;8.48;2.19;2.21;0.205;37.3;10.79;5.73;3.03;0.51;1.7;4.49;107.5;83.3;11.9;3.4;9;1.39;0.44;0.16;0.22;0.96;1.01;0.137;62.7;7.32;3.63;2.17;0.38;1.31;4;180.6;153.4;16.5;2.6;8;0.3;0.5;0.09;0.12
6;100;0;50;0;19.24;3.04;8.93;2.23;2.16;0.193;43.1;11.17;5.86;3.12;0.54;1.72;4.7;110.7;80.3;17.5;3.4;9.4;1.38;0.38;0.17;0.23;1.02;1;0.128;56.9;7.74;3.74;2.38;0.38;1.32;4.22;146.1;119.5;15.5;2.6;8.4;0.47;0.3;0.1;0.13
6;100;0;50;50;18.96;3.34;9.81;2.26;2.27;0.197;42.8;11.49;6.09;3.21;0.56;1.79;5.1;110.5;80.3;16.4;3.6;10.2;1.37;0.48;0.17;0.25;1.23;1.2;0.132;57.2;9.04;4.37;2.78;0.48;1.55;4.71;147.6;119.5;15.6;3.1;9.4;0.55;0.38;0.11;0.16
6;100;0;50;100;18.53;3.62;10.58;2.4;2.4;0.202;42.5;11.85;6.28;3.25;0.59;1.83;5.46;110;79.9;15.5;3.7;10.9;1.39;0.6;0.17;0.24;1.44;1.43;0.135;57.5;10.45;5.09;3.21;0.54;1.78;5.12;149.1;120.1;15.2;3.6;10.2;0.66;0.45;0.13;0.18
6;100;0;100;0;21;3.48;10.14;2.2;2.19;0.19;50.9;11.5;6;3.31;0.6;1.85;5.31;113.7;78.8;20.5;3.7;10.6;1.31;0.46;0.18;0.23;1.22;1.22;0.129;49.1;9.4;4.62;2.88;0.49;1.63;4.83;109.6;81.2;15.5;3.3;9.7;0.65;0.29;0.11;0.17
6;100;0;100;50;21.05;3.88;11.18;2.36;2.36;0.195;50.6;12.09;6.36;3.39;0.6;1.94;5.92;114.1;78.4;19.9;3.9;11.8;1.33;0.59;0.19;0.25;1.46;1.51;0.132;49.4;11.3;5.43;3.47;0.66;1.94;5.26;111.3;81.6;15.3;3.9;10.5;0.79;0.37;0.14;0.2
6;100;0;100;100;20.75;4.33;12.52;2.6;2.52;0.2;49.9;12.57;6.73;3.5;0.6;2.01;6.55;113.5;77.7;18.7;4;13.1;1.31;0.75;0.19;0.26;1.82;1.84;0.135;50.1;13.57;6.58;4.08;0.75;2.32;5.97;114.2;82.3;15.3;4.6;11.9;0.98;0.46;0.16;0.24
6;100;50;0;0;17.18;3.02;8.89;2.55;2.54;0.198;38;12.82;6.69;3.63;0.64;1.99;4.73;110.3;82.7;14.2;4;9.5;1.74;0.34;0.19;0.27;0.85;0.84;0.136;62;6.11;3;1.81;0.33;1.03;4.16;180.1;154.7;15.1;2.1;8.3;0.26;0.4;0.07;0.1
6;100;50;0;50;16.72;3.17;9.23;2.62;2.62;0.202;38;12.96;6.82;3.63;0.63;2.02;4.89;110;83.4;12.8;4;9.8;1.75;0.4;0.19;0.27;0.98;0.98;0.142;62;6.84;3.37;2.03;0.35;1.14;4.34;179.4;153.2;15.2;2.3;8.7;0.28;0.5;0.08;0.12
6;100;50;0;100;16.53;3.28;9.57;2.81;2.74;0.208;37.8;13.16;6.98;3.61;0.64;2.02;5.03;109.5;83.5;11.8;4;10.1;1.74;0.52;0.19;0.28;1.08;1.11;0.148;62.2;7.46;3.68;2.31;0.37;1.27;4.54;180.2;153;15.6;2.5;9.1;0.28;0.61;0.09;0.13
6;100;50;50;0;19.22;3.54;10.31;2.67;2.59;0.195;43.6;13.27;7.09;3.79;0.57;2.12;5.39;113.1;80.7;17.4;4.2;10.8;1.68;0.42;0.2;0.28;1.07;1.12;0.135;56.4;8.24;4.02;2.53;0.42;1.43;4.92;146.4;119;14.7;2.9;9.8;0.49;0.4;0.1;0.14
6;100;50;50;50;18.77;3.71;10.9;2.79;2.73;0.201;43.2;13.58;7.1;3.82;0.62;2.04;5.66;112.2;80.5;16.3;4.1;11.3;1.69;0.58;0.19;0.27;1.29;1.32;0.139;56.8;9.44;4.63;2.86;0.45;1.66;5.24;147.7;119.2;14.7;3.3;10.5;0.57;0.48;0.11;0.15
6;100;50;50;100;18.45;4.11;11.83;2.97;2.91;0.206;43;14.13;7.6;3.85;0.66;2.26;6.15;112.6;80.4;15.4;4.5;12.3;1.7;0.71;0.22;0.28;1.53;1.57;0.143;57;10.95;5.35;3.29;0.61;1.85;5.68;149.1;119.4;14.6;3.7;11.4;0.67;0.58;0.13;0.19
6;100;50;100;0;20.98;3.97;11.19;2.8;2.76;0.194;51.2;14.19;7.39;4.01;0.68;2.27;5.84;115.5;78.5;20.8;4.5;11.7;1.65;0.58;0.23;0.29;1.34;1.31;0.135;48.8;9.63;4.77;2.88;0.51;1.7;5.35;110;81.5;14.4;3.4;10.7;0.64;0.38;0.12;0.16
6;100;50;100;50;20.87;4.3;12.4;2.96;2.88;0.198;50.8;14.53;7.74;4;0.7;2.36;6.57;115.7;78;19.8;4.7;13.1;1.61;0.75;0.23;0.3;1.58;1.6;0.137;49.2;11.58;5.65;3.54;0.62;1.94;5.83;111.8;82;14.3;3.9;11.7;0.8;0.47;0.13;0.2
6;100;50;100;100;20.58;4.54;13.64;3.19;3.09;0.207;50.2;14.88;7.94;4.12;0.7;2.23;7.11;115.2;77.7;18.9;4.5;14.2;1.63;0.95;0.21;0.31;1.92;1.96;0.14;49.8;13.87;6.75;4.2;0.75;2.32;6.53;114.2;82.3;14.2;4.6;13.1;0.98;0.57;0.17;0.24
6;100;100;0;0;16.91;3.41;10.07;3.09;3.02;0.201;38.4;15.03;7.87;4.21;0.76;2.32;5.2;111.8;83.2;13.6;4.6;10.4;2.1;0.4;0.22;0.3;0.96;0.97;0.146;61.6;6.53;3.24;1.94;0.32;1.09;4.87;179.7;153.6;14.2;2.2;9.7;0.27;0.51;0.07;0.11
6;100;100;0;50;16.52;3.63;10.31;3.25;3.16;0.205;38.4;15.44;8.19;4.24;0.77;2.4;5.45;111.8;83.5;12.5;4.8;10.9;2.12;0.49;0.24;0.31;1.06;1.13;0.158;61.6;7.11;3.53;2.13;0.35;1.24;4.86;179.3;152.9;14.2;2.5;9.7;0.29;0.65;0.09;0.11
6;100;100;0;100;15.95;3.71;10.63;3.37;3.31;0.21;38.5;15.7;8.47;4.26;0.74;2.48;5.61;111.8;83.9;11.8;5;11.2;2.13;0.61;0.24;0.32;1.21;1.25;0.164;61.5;7.55;3.73;2.27;0.38;1.24;5.02;178.7;152.3;13.9;2.5;10;0.29;0.74;0.09;0.13
6;100;100;50;0;18.79;3.95;11.43;3.22;3.19;0.199;44.1;16.07;8.51;4.45;0.78;2.49;6;115;80.9;17.1;5;12;2.07;0.52;0.26;0.34;1.19;1.22;0.144;55.9;8.42;4.14;2.54;0.45;1.45;5.43;146.1;118.6;13.7;2.9;10.9;0.48;0.49;0.11;0.15
6;100;100;50;50;18.54;4.13;12.11;3.46;3.31;0.204;43.7;16.23;8.65;4.53;0.75;2.42;6.36;114.4;80.6;16.3;4.8;12.7;2.04;0.71;0.24;0.33;1.49;1.48;0.15;56.3;9.8;4.93;2.89;0.49;1.71;5.75;147.7;119.1;13.6;3.4;11.5;0.58;0.62;0.12;0.17
6;100;100;50;100;18.34;4.45;12.88;3.51;3.51;0.212;43.5;16.58;8.86;4.53;0.81;2.56;6.7;114.5;80.6;15.4;5.1;13.4;2.06;0.87;0.24;0.33;1.76;1.73;0.154;56.5;11.2;5.61;3.34;0.56;1.89;6.18;148.9;119.1;13.7;3.8;12.4;0.67;0.74;0.14;0.18
6;100;100;100;0;20.67;4.42;12.5;3.28;3.31;0.198;51.8;16.77;8.8;4.73;0.83;2.7;6.59;117.9;78.7;20.7;5.4;13.2;2;0.71;0.25;0.35;1.4;1.4;0.142;48.2;9.82;4.89;2.94;0.51;1.72;5.91;109.9;81.3;13.3;3.4;11.8;0.64;0.47;0.12;0.18
6;100;100;100;50;20.7;4.81;13.7;3.48;3.49;0.202;51.1;17.23;9.14;4.88;0.8;2.78;7.22;117.6;77.8;19.8;5.6;14.4;1.95;0.9;0.27;0.36;1.71;1.77;0.147;48.9;11.94;5.9;3.58;0.59;2.03;6.48;112.6;82.2;13.4;4.1;13;0.81;0.6;0.15;0.21
6;100;100;100;100;20.53;5.1;14.57;3.78;3.72;0.211;50.5;17.63;9.45;4.8;0.84;2.75;7.5;116.9;77;19.4;5.5;15;1.97;1.15;0.26;0.35;2.06;2.08;0.149;49.5;13.86;6.87;4.19;0.69;2.36;7.07;114.8;83;12.9;4.7;14.1;0.97;0.69;0.17;0.24
7;0;0;0;0;13.7;1.77;5.26;1.18;1.22;0.191;50.1;6.35;3.27;1.81;0.32;0.99;2.78;179.5;156.8;15.1;2;5.6;0.64;0.33;0.1;0.14;0.59;0.56;0.119;49.9;4.54;2.15;1.39;0.27;0.78;2.48;178.7;163.2;9;1.6;5;0.26;0.17;0.05;0.07
7;0;0;0;50;13.12;1.78;5.29;1.26;1.27;0.196;49.8;6.41;3.3;1.91;0.3;0.99;2.81;178.1;156.3;14.2;2;5.6;0.61;0.42;0.09;0.14;0.53;0.56;0.119;50.2;4.56;2.19;1.35;0.24;0.79;2.48;179.2;163.7;9;1.6;5;0.26;0.17;0.06;0.07
7;0;0;0;100;12.79;1.98;5.5;1.35;1.37;0.206;49.9;6.63;3.52;1.85;0.3;1.04;3.02;178.2;156.9;13.1;2.1;6;0.64;0.48;0.1;0.15;0.63;0.65;0.124;50.1;5.08;2.51;1.53;0.24;0.93;2.48;178.9;163.1;9;1.9;5;0.28;0.22;0.07;0.08
7;0;0;50;0;15.56;2.25;6.68;1.32;1.32;0.186;56.1;7.03;3.67;2.02;0.36;1.12;3.55;181.5;153.8;18.3;2.2;7.1;0.64;0.41;0.11;0.16;0.81;0.81;0.121;43.9;6.61;3.19;2.01;0.36;1.13;3.13;141.9;124.6;8.7;2.3;6.3;0.46;0.17;0.08;0.1
7;0;0;50;50;15.4;2.45;7.29;1.41;1.41;0.193;55.5;7.24;3.76;2.08;0.36;1.14;3.88;179.9;152.3;17.5;2.3;7.8;0.61;0.52;0.11;0.16;0.91;0.94;0.122;44.5;7.62;3.66;2.36;0.41;1.31;3.41;144.2;125.8;9;2.6;6.8;0.54;0.18;0.09;0.13
7;0;0;50;100;15.05;2.81;7.88;1.57;1.52;0.202;55.1;7.51;4;2.1;0.36;1.18;4.24;178.7;151.3;16.6;2.4;8.5;0.6;0.64;0.12;0.17;1.09;1.11;0.124;44.9;8.88;4.4;2.64;0.48;1.63;3.64;145.8;126.5;8.7;3.3;7.3;0.64;0.22;0.1;0.15
7;0;0;100;0;17.75;2.69;7.65;1.4;1.41;0.182;63.9;7.69;4.02;2.19;0.38;1.25;4.04;183.2;150.5;22.1;2.5;8.1;0.62;0.49;0.12;0.18;1;1;0.122;36.1;8.09;3.91;2.43;0.45;1.43;3.61;103.4;84.7;8.6;2.9;7.2;0.6;0.17;0.1;0.13
7;0;0;100;50;17.64;2.99;8.81;1.59;1.59;0.189;63;8.4;4.39;2.39;0.43;1.36;4.7;181;147.4;21.5;2.7;9.4;0.59;0.68;0.14;0.18;1.17;1.2;0.122;37;9.72;4.55;3.11;0.52;1.64;4.12;106.2;86.3;8.4;3.3;8.2;0.75;0.17;0.11;0.16
7;0;0;100;100;17.44;3.43;9.93;1.64;1.69;0.198;62.3;8.51;4.46;2.37;0.4;1.33;5.29;179.9;146.4;20.2;2.7;10.6;0.57;0.81;0.13;0.18;1.56;1.51;0.124;37.7;12.04;5.83;3.69;0.63;2.1;4.64;108.7;86.8;8.5;4.2;9.3;0.94;0.22;0.15;0.2
7;0;50;0;0;12.96;1.86;5.27;1.3;1.26;0.191;50.1;6.58;3.46;1.86;0.34;1.08;2.74;178.7;156.2;14.8;2.2;5.5;0.66;0.35;0.11;0.15;0.59;0.59;0.127;49.9;4.5;2.21;1.32;0.26;0.78;2.53;178.3;163.8;7.9;1.6;5.1;0.26;0.2;0.05;0.07
7;0;50;0;50;12.63;1.9;5.4;1.32;1.33;0.196;49.9;6.71;3.51;1.88;0.36;1.07;2.83;177.8;156;14.1;2.1;5.7;0.63;0.44;0.1;0.15;0.59;0.62;0.127;50.1;4.75;2.31;1.44;0.23;0.83;2.57;178.9;164;8.1;1.7;5.1;0.26;0.22;0.06;0.08
7;0;50;0;100;12.37;1.85;5.69;1.53;1.49;0.208;49.6;7.12;3.75;2.01;0.35;1.01;2.94;176.6;155.3;13.4;2;5.9;0.64;0.6;0.1;0.15;0.67;0.67;0.131;50.4;5;2.39;1.5;0.26;0.84;2.75;179.8;164.7;7.9;1.7;5.5;0.26;0.27;0.06;0.08
7;0;50;50;0;15.26;2.32;6.71;1.42;1.38;0.183;55.8;7.49;3.91;2.11;0.35;1.22;3.48;180;151.7;18.9;2.4;7;0.63;0.47;0.11;0.17;0.83;0.83;0.126;44.2;6.5;3.11;2;0.34;1.1;3.23;142.5;126.2;7.6;2.2;6.5;0.45;0.19;0.08;0.11
7;0;50;50;50;15.18;2.61;7.62;1.57;1.59;0.196;55.2;8.1;4.22;2.32;0.38;1.28;4.04;178.7;150;18;2.6;8.1;0.62;0.66;0.12;0.19;0.98;0.98;0.126;44.8;7.66;3.72;2.37;0.41;1.32;3.58;145;127.5;7.7;2.6;7.2;0.55;0.21;0.09;0.13
7;0;50;50;100;14.75;2.82;8.19;1.71;1.7;0.206;54.9;8.22;4.37;2.32;0.4;1.26;4.32;177.9;149.9;16.9;2.5;8.6;0.61;0.77;0.13;0.19;1.17;1.16;0.129;45.1;8.89;4.34;2.59;0.52;1.56;3.87;146.2;127.6;7.8;3.1;7.7;0.63;0.26;0.11;0.15
7;0;50;100;0;17.52;2.74;8.01;1.57;1.53;0.183;63.5;8.32;4.36;2.35;0.41;1.33;4.2;181.3;148.1;22.1;2.7;8.4;0.59;0.63;0.13;0.18;1.05;1.03;0.126;36.5;8.15;3.93;2.51;0.41;1.41;3.81;104.2;86;7.8;2.8;7.6;0.61;0.19;0.1;0.13
7;0;50;100;50;17.28;3.11;9.07;1.78;1.75;0.193;63;9.06;4.78;2.51;0.43;1.4;4.89;180.6;146.5;21.6;2.8;9.8;0.6;0.81;0.15;0.2;1.27;1.25;0.126;37;9.82;4.74;3.02;0.5;1.71;4.18;106;86.8;7.5;3.4;8.4;0.75;0.21;0.12;0.16
7;0;50;100;100;17.14;3.58;10.19;2.06;2.05;0.215;61.8;9.55;5.09;2.67;0.41;1.47;5.37;177.4;142.9;20.8;2.9;10.7;0.59;1.11;0.14;0.21;1.54;1.52;0.127;38.2;11.9;5.85;3.58;0.59;2.11;4.82;109.7;88.6;7.3;4.2;9.6;0.94;0.24;0.15;0.19
7;0;100;0;0;12.78;1.9;5.48;1.44;1.4;0.193;49.9;7.25;3.81;2.04;0.36;1.13;2.93;178.1;154.6;15.4;2.3;5.9;0.67;0.45;0.12;0.17;0.59;0.6;0.132;50.1;4.43;2.12;1.38;0.23;0.76;2.55;179;165.4;7;1.5;5.1;0.26;0.23;0.05;0.07
7;0;100;0;50;12.42;2;5.67;1.47;1.49;0.198;49.6;7.46;3.87;2.1;0.4;1.15;3.03;177.2;154.2;14.6;2.3;6.1;0.65;0.56;0.11;0.17;0.67;0.66;0.137;50.4;4.73;2.36;1.36;0.23;0.85;2.63;179.8;165.8;7;1.7;5.3;0.27;0.27;0.06;0.07
7;0;100;0;100;12.06;2.04;6;1.62;1.66;0.218;49.4;7.63;4.03;2.16;0.37;1.15;3.16;176.1;154;13.5;2.3;6.3;0.65;0.73;0.11;0.17;0.68;0.74;0.142;50.6;5.1;2.48;1.56;0.26;0.89;2.83;180.5;166;7;1.8;5.7;0.28;0.31;0.06;0.08
7;0;100;50;0;14.92;2.46;6.94;1.54;1.53;0.187;55.5;8.15;4.3;2.28;0.38;1.33;3.58;178.8;149.9;19.1;2.7;7.2;0.64;0.58;0.13;0.17;0.85;0.85;0.131;44.5;6.43;3.14;1.95;0.36;1.14;3.36;143.2;127.6;6.6;2.3;6.7;0.45;0.21;0.08;0.11
7;0;100;50;50;14.61;2.61;7.74;1.74;1.7;0.2;55;8.48;4.44;2.36;0.44;1.27;4.03;177.5;149.1;17.9;2.5;8.1;0.64;0.76;0.12;0.18;1;1.05;0.133;45;7.78;3.79;2.32;0.46;1.34;3.71;145.1;128.2;6.8;2.7;7.4;0.55;0.26;0.1;0.13
7;0;100;50;100;14.38;2.95;8.22;1.92;1.95;0.221;54.5;8.77;4.73;2.37;0.45;1.4;4.37;176.2;147.5;17.1;2.8;8.7;0.61;1.01;0.14;0.19;1.25;1.2;0.134;45.5;8.88;4.39;2.65;0.43;1.54;3.86;146.8;129.3;6.7;3.1;7.7;0.65;0.3;0.11;0.14
7;0;100;100;0;17.24;2.87;8.38;1.81;1.79;0.187;63.2;9.56;4.95;2.73;0.49;1.49;4.36;179.7;145.1;22.9;3;8.7;0.62;0.81;0.15;0.21;1.04;1.06;0.13;36.8;8.08;3.85;2.47;0.4;1.37;4.02;104.7;87.5;6.5;2.7;8;0.61;0.22;0.1;0.14
7;0;100;100;50;17.08;3.35;9.62;1.91;1.99;0.198;62.5;10.03;5.3;2.84;0.48;1.61;5.13;178.7;143.2;22;3.2;10.3;0.62;0.99;0.16;0.22;1.29;1.31;0.13;37.5;9.96;4.84;3.03;0.52;1.74;4.49;107.2;88.4;6.3;3.5;9;0.77;0.25;0.13;0.16
7;0;100;100;100;17.01;3.63;10.76;2.24;2.28;0.22;61.4;10.33;5.61;2.78;0.49;1.53;5.67;175.8;140.5;21;3.1;11.3;0.59;1.31;0.15;0.23;1.54;1.6;0.131;38.6;12.14;5.86;3.74;0.57;2.1;5.09;110.5;89.8;6.3;4.2;10.2;0.96;0.3;0.15;0.2
7;50;0;0;0;15.46;2.25;6.45;1.78;1.74;0.203;44.6;8.57;4.54;2.42;0.4;1.33;3.45;144.5;120.2;14.7;2.7;6.9;1.11;0.32;0.12;0.19;0.63;0.63;0.12;55.4;5.1;2.5;1.57;0.27;0.92;3;179.8;159.7;12.3;1.8;6;0.25;0.23;0.07;0.08
7;50;0;0;50;15.03;2.4;6.78;1.89;1.89;0.209;44.5;9.04;4.9;2.48;0.43;1.43;3.61;144.1;120.2;13.8;2.9;7.2;1.15;0.4;0.14;0.2;0.66;0.67;0.122;55.5;5.39;2.59;1.66;0.29;0.97;3.17;180.1;159.7;12.2;1.9;6.3;0.26;0.25;0.07;0.09
7;50;0;0;100;14.69;2.51;7.08;2.02;1.97;0.213;44.4;9.22;4.97;2.54;0.39;1.42;3.77;143.7;120.5;12.9;2.8;7.5;1.15;0.49;0.14;0.2;0.76;0.77;0.126;55.7;6.01;2.91;1.83;0.31;1.09;3.31;180.4;159.4;12.2;2.2;6.6;0.27;0.33;0.08;0.09
7;50;0;50;0;17.42;2.78;7.81;1.87;1.89;0.2;50.6;9.45;5.07;2.54;0.49;1.54;4.16;147.4;117.8;18.1;3.1;8.3;1.14;0.4;0.15;0.2;0.89;0.88;0.123;49.4;7.11;3.43;2.22;0.34;1.24;3.65;144;122.2;12;2.5;7.3;0.44;0.23;0.09;0.12
7;50;0;50;50;17.29;2.92;8.53;1.97;1.97;0.204;50;9.66;5.1;2.72;0.45;1.5;4.43;146.2;116.8;17.6;3;8.9;1.11;0.51;0.15;0.21;1.03;1.01;0.122;50;8.21;3.95;2.53;0.42;1.42;4.1;146;123.2;11.8;2.8;8.2;0.53;0.25;0.1;0.14
7;50;0;50;100;16.81;3.25;9.43;2.05;2.11;0.21;49.7;10.03;5.29;2.85;0.48;1.55;4.96;145.9;116.6;16.3;3.1;9.9;1.11;0.63;0.15;0.21;1.19;1.21;0.125;50.3;9.54;4.64;2.88;0.53;1.7;4.47;147.6;123.4;11.8;3.4;8.9;0.62;0.31;0.12;0.15
7;50;0;100;0;19.26;3;8.77;1.98;1.94;0.195;58.6;9.9;5.18;2.84;0.48;1.55;4.69;149.6;115.6;21.5;3.1;9.4;1.09;0.48;0.16;0.21;1.02;1.03;0.122;41.4;8.34;4;2.57;0.43;1.45;4.08;105.6;82.9;11.6;2.9;8.2;0.57;0.22;0.1;0.13
7;50;0;100;50;19.2;3.51;10.1;2.17;2.15;0.2;57.6;10.75;5.78;2.94;0.5;1.68;5.35;148.2;113.2;20.9;3.4;10.7;1.08;0.66;0.17;0.24;1.24;1.28;0.123;42.4;10.3;4.95;3.18;0.52;1.83;4.75;108.9;84.5;11.3;3.7;9.5;0.74;0.24;0.14;0.16
7;50;0;100;100;19.02;3.97;11.33;2.3;2.3;0.207;56.9;11.07;5.81;3.08;0.53;1.73;5.95;147.4;112.3;19.7;3.5;11.9;1.09;0.8;0.18;0.24;1.51;1.58;0.125;43.1;12.56;6.13;3.75;0.69;2.24;5.39;111.7;85.1;11.3;4.5;10.8;0.91;0.3;0.16;0.21
7;50;50;0;0;14.96;2.45;6.97;2.02;2.03;0.207;44.9;9.8;5.17;2.74;0.48;1.51;3.7;145.7;120.7;14.6;3;7.4;1.33;0.33;0.16;0.21;0.69;0.69;0.13;55.1;5.22;2.58;1.56;0.29;0.94;3.27;178.9;159.1;11.4;1.9;6.5;0.25;0.29;0.07;0.09
7;50;50;0;50;14.67;2.6;7.57;2.13;2.18;0.209;44.5;10.43;5.51;2.85;0.51;1.61;3.94;144.8;120;13.7;3.2;7.9;1.35;0.45;0.16;0.22;0.74;0.79;0.134;55.5;5.74;2.75;1.77;0.32;0.99;3.63;180.5;160.1;11.2;2;7.3;0.27;0.35;0.08;0.09
7;50;50;0;100;14.5;2.71;7.71;2.38;2.32;0.218;44.7;10.62;5.78;2.88;0.47;1.65;4.08;145.2;120.9;12.8;3.3;8.2;1.35;0.56;0.17;0.23;0.86;0.88;0.139;55.3;6.17;3.06;1.85;0.32;1.06;3.63;179.6;158.8;11.4;2.1;7.3;0.27;0.43;0.07;0.1
7;50;50;50;0;16.99;2.98;8.35;2.15;2.14;0.201;50.6;10.68;5.61;2.94;0.53;1.66;4.36;147.7;117.5;18.2;3.3;8.7;1.3;0.44;0.17;0.22;0.95;0.94;0.128;49.4;7.23;3.57;2.1;0.38;1.32;3.99;144.1;122.5;10.9;2.6;8;0.45;0.27;0.09;0.12
7;50;50;50;50;16.85;3.19;9.28;2.33;2.32;0.208;50.1;11.12;5.88;3.16;0.49;1.71;4.88;146.8;116.5;17.1;3.4;9.8;1.3;0.62;0.16;0.24;1.11;1.12;0.131;49.9;8.48;4.13;2.61;0.46;1.48;4.41;146.1;123.5;10.9;3;8.8;0.54;0.34;0.11;0.14
7;50;50;50;100;16.6;3.48;10.08;2.49;2.49;0.214;49.9;11.59;6.17;3.22;0.52;1.76;5.35;146.9;116.4;16.3;3.5;10.7;1.3;0.75;0.18;0.26;1.27;1.33;0.134;50.1;9.85;4.78;2.98;0.54;1.72;4.73;147.4;123.6;10.9;3.4;9.5;0.62;0.42;0.13;0.16
7;50;50;100;0;19.23;3.4;9.76;2.34;2.36;0.199;58.5;11.86;6.26;3.37;0.54;1.85;5.22;150.5;114.3;22;3.7;10.4;1.28;0.62;0.18;0.28;1.09;1.11;0.128;41.5;8.64;4.2;2.63;0.48;1.55;4.54;106.6;83.8;10.7;3.1;9.1;0.58;0.27;0.11;0.14
7;50;50;100;50;18.97;3.71;10.59;2.6;2.48;0.205;57.5;12.14;6.47;3.3;0.55;1.88;5.5;148.1;112.3;21;3.8;11;1.26;0.78;0.19;0.25;1.34;1.36;0.129;42.5;10.48;5.09;3.14;0.57;1.84;5.08;109.4;85.1;10.4;3.7;10.2;0.75;0.32;0.13;0.17
7;50;50;100;100;18.94;4.14;11.83;2.76;2.74;0.22;57;12.48;6.69;3.48;0.58;1.93;6.26;148.1;111.5;20.2;3.9;12.5;1.23;1.06;0.19;0.26;1.73;1.65;0.131;43;12.58;6.2;3.82;0.65;2.22;5.57;111.7;85.7;10.4;4.4;11.1;0.91;0.39;0.15;0.21
7;50;100;0;0;14.95;2.72;7.74;2.44;2.4;0.208;44.9;11.54;6.21;3.13;0.56;1.85;4.06;146.5;119.6;15.1;3.7;8.1;1.54;0.44;0.18;0.25;0.69;0.73;0.138;55.1;5.24;2.48;1.64;0.29;0.86;3.68;179.7;160.5;10.2;1.7;7.4;0.25;0.34;0.06;0.08
7;50;100;0;50;14.52;2.84;8.11;2.46;2.51;0.213;44.8;11.79;6.29;3.25;0.58;1.83;4.24;146.2;120.2;13.9;3.7;8.5;1.55;0.53;0.19;0.25;0.81;0.85;0.144;55.2;5.77;2.81;1.74;0.29;1.01;3.87;179.9;159.8;10.4;2;7.7;0.26;0.42;0.08;0.09
7;50;100;0;100;14.08;2.83;8.51;2.63;2.71;0.224;44.9;12.11;6.5;3.36;0.61;1.82;4.55;146.3;120.8;12.8;3.6;9.1;1.56;0.71;0.18;0.25;0.97;0.94;0.15;55.1;6.17;3.07;1.82;0.36;1.01;3.96;179.3;159;10.4;2;7.9;0.26;0.5;0.07;0.1
7;50;100;50;0;16.96;3.21;9.26;2.62;2.56;0.204;50.7;12.54;6.73;3.45;0.55;2;4.85;148.6;116.4;18.5;4;9.7;1.53;0.56;0.19;0.27;0.96;0.98;0.134;49.3;7.2;3.49;2.2;0.42;1.22;4.4;144.7;123.6;9.9;2.4;8.8;0.44;0.33;0.09;0.12
7;50;100;50;50;16.63;3.58;9.99;2.8;2.74;0.212;50.2;12.91;6.98;3.53;0.6;2.02;5.26;147.8;115.7;17.6;4;10.5;1.51;0.75;0.2;0.27;1.11;1.17;0.137;49.8;8.48;4.11;2.59;0.46;1.56;4.74;146.7;124.3;9.8;3.1;9.5;0.53;0.39;0.11;0.14
7;50;100;50;100;16.32;3.63;10.71;2.87;2.94;0.225;49.9;13.03;6.97;3.58;0.63;1.9;5.62;147.2;115.8;16.3;3.8;11.2;1.5;0.97;0.19;0.27;1.39;1.39;0.139;50.1;9.9;4.89;2.92;0.52;1.72;5.09;147.7;124.2;9.9;3.4;10.2;0.63;0.48;0.12;0.17
7;50;100;100;0;18.75;3.57;10.43;2.68;2.7;0.203;58.5;13.29;7.06;3.68;0.62;2.12;5.44;150.6;113.6;21.8;4.2;10.9;1.47;0.74;0.2;0.28;1.19;1.17;0.132;41.5;8.77;4.23;2.67;0.44;1.46;4.99;106.7;84.2;9.6;2.9;10;0.59;0.33;0.11;0.14
7;50;100;100;50;18.81;4.04;11.68;2.95;2.88;0.209;57.6;13.8;7.43;3.79;0.63;2.12;6.13;149.2;111.8;20.9;4.2;12.3;1.45;0.93;0.2;0.3;1.38;1.47;0.134;42.4;10.86;5.3;3.36;0.54;1.93;5.54;110;85.5;9.6;3.9;11.1;0.76;0.39;0.14;0.18
7;50;100;100;100;18.66;4.48;12.78;3.27;3.23;0.224;56.8;14.43;7.94;3.82;0.68;2.24;6.79;148.3;109.8;20.5;4.5;13.6;1.42;1.27;0.22;0.32;1.69;1.73;0.135;43.2;12.76;6.27;3.83;0.69;2.24;5.99;112.5;86.8;9.2;4.5;12;0.92;0.45;0.16;0.2
7;100;0;0;0;17.33;2.75;7.86;2.25;2.32;0.21;37.3;11.04;5.83;3.1;0.52;1.74;4.16;107.9;81.6;14.5;3.5;8.3;1.57;0.33;0.18;0.24;0.68;0.72;0.122;62.7;5.78;2.78;1.79;0.31;1.01;3.71;181.7;156.7;15.5;2;7.4;0.24;0.3;0.08;0.1
7;100;0;0;50;16.87;2.87;8.21;2.37;2.37;0.213;37.2;11.09;5.97;3.04;0.53;1.71;4.32;107.5;82;13.4;3.4;8.6;1.56;0.4;0.17;0.24;0.83;0.82;0.126;62.8;6.4;3.15;1.96;0.34;1.16;3.89;181.5;156;15.5;2.3;7.8;0.26;0.38;0.08;0.11
7;100;0;0;100;16.69;2.96;8.33;2.44;2.41;0.218;37.2;11.04;6.06;2.96;0.5;1.74;4.37;107.3;82.6;12.4;3.5;8.7;1.53;0.46;0.18;0.24;0.96;0.95;0.132;62.8;7.09;3.5;2.1;0.37;1.22;3.96;181.1;154.8;16;2.4;7.9;0.27;0.48;0.08;0.11
7;100;0;50;0;19.24;3.12;8.93;2.35;2.31;0.205;43.1;11.22;6.02;3.13;0.54;1.74;4.71;110.8;80.1;17.8;3.5;9.4;1.49;0.39;0.18;0.24;0.99;0.95;0.122;56.9;7.7;3.75;2.34;0.41;1.39;4.21;146.4;119.9;15.3;2.8;8.4;0.44;0.29;0.1;0.13
7;100;0;50;50;19.16;3.33;9.52;2.38;2.43;0.21;43;11.57;6.16;3.23;0.51;1.82;5.08;111;79.9;17.2;3.6;10.2;1.49;0.5;0.19;0.25;1.12;1.11;0.126;57;8.75;4.24;2.66;0.46;1.51;4.44;147.4;120.1;15.4;3;8.9;0.5;0.37;0.11;0.14
7;100;0;50;100;18.68;3.65;10.51;2.55;2.53;0.214;42.7;11.81;6.41;3.2;0.54;1.86;5.55;110.5;80.1;15.6;3.7;11.1;1.5;0.6;0.18;0.25;1.41;1.35;0.129;57.3;10.38;5.04;3.17;0.55;1.79;4.96;148.7;119.9;15.3;3.6;9.9;0.6;0.46;0.13;0.17
7;100;0;100;0;20.87;3.44;10.1;2.42;2.43;0.202;51;12.06;6.34;3.36;0.6;1.86;5.36;113.7;78.2;21.1;3.7;10.7;1.5;0.48;0.18;0.27;1.06;1.11;0.123;49;8.94;4.33;2.67;0.53;1.58;4.74;109.2;81.8;14.7;3.2;9.5;0.58;0.27;0.11;0.15
7;100;0;100;50;21.09;3.91;11.24;2.58;2.57;0.205;50.5;12.51;6.64;3.5;0.66;1.92;5.94;113.9;77.7;20.5;3.8;11.9;1.47;0.64;0.19;0.27;1.44;1.4;0.126;49.5;11.06;5.42;3.29;0.59;1.99;5.29;111.6;82.3;14.7;4;10.6;0.73;0.35;0.15;0.18
7;100;0;100;100;21;4.33;12.54;2.65;2.71;0.21;50.2;12.88;6.9;3.55;0.6;2.08;6.71;114.4;77.2;19.6;4.2;13.4;1.44;0.8;0.2;0.27;1.7;1.69;0.128;49.8;13.13;6.37;4.03;0.73;2.24;5.83;113.6;82.8;14.6;4.5;11.7;0.88;0.44;0.16;0.21
7;100;50;0;0;17.12;3.08;8.75;2.67;2.7;0.212;37.8;12.72;6.77;3.57;0.61;2.03;4.53;109.7;82.3;14.2;4.1;9.1;1.9;0.34;0.2;0.27;0.81;0.81;0.131;62.2;6.08;2.98;1.88;0.31;1.05;4.22;180.7;155.4;14.8;2.1;8.4;0.24;0.39;0.07;0.1
7;100;50;0;50;16.73;3.16;9.13;2.83;2.83;0.215;37.9;13.16;7.14;3.65;0.57;2.07;4.77;109.8;82.7;13.5;4.1;9.5;1.93;0.42;0.2;0.28;0.92;0.9;0.137;62.1;6.46;3.21;1.9;0.36;1.09;4.36;180.1;154.6;14.6;2.2;8.7;0.24;0.47;0.08;0.11
7;100;50;0;100;16.3;3.32;9.55;3.01;2.97;0.221;38;13.4;7.29;3.69;0.62;2.08;5.09;109.9;83.3;12.2;4.2;10.2;1.94;0.54;0.2;0.29;1.06;1.05;0.143;62;7.23;3.59;2.15;0.36;1.23;4.46;179.6;153.4;14.8;2.5;8.9;0.26;0.58;0.08;0.12
7;100;50;50;0;18.84;3.45;10.16;2.81;2.79;0.208;43.8;13.38;7.11;3.78;0.64;2.02;5.37;113;80.9;17.3;4;10.7;1.89;0.42;0.2;0.28;1.05;1.07;0.129;56.2;8.15;3.94;2.52;0.43;1.43;4.79;145.3;118.7;14.2;2.9;9.6;0.45;0.38;0.1;0.13
7;100;50;50;50;18.56;3.77;10.99;2.89;3;0.214;43.4;14.04;7.45;3.86;0.7;2.15;5.9;112.9;80.2;16.7;4.3;11.8;1.87;0.6;0.21;0.32;1.22;1.25;0.134;56.6;9.27;4.54;2.83;0.48;1.62;5.1;147.3;119.7;14.1;3.2;10.2;0.51;0.46;0.13;0.16
7;100;50;50;100;18.42;4.12;11.7;3.09;3.14;0.218;43.1;14.38;7.72;4.01;0.64;2.28;6.19;112.7;80;15.7;4.6;12.4;1.88;0.73;0.21;0.31;1.45;1.46;0.136;56.9;10.65;5.25;3.18;0.56;1.84;5.51;148.8;119.9;14.1;3.7;11;0.6;0.56;0.13;0.17
7;100;50;100;0;21.11;3.91;11.19;2.96;2.96;0.205;51.5;14.44;7.72;3.94;0.68;2.33;5.9;116.2;78.3;21.5;4.7;11.8;1.83;0.61;0.22;0.31;1.22;1.19;0.128;48.5;9.22;4.44;2.87;0.48;1.58;5.29;109.5;81.7;14;3.2;10.6;0.56;0.37;0.09;0.15
7;100;50;100;50;20.77;4.28;12.42;3.1;3.14;0.21;51;14.91;8.01;4.16;0.66;2.35;6.52;116;77.9;20.4;4.7;13;1.83;0.76;0.23;0.31;1.51;1.5;0.131;49;11.33;5.49;3.47;0.58;1.93;5.9;111.5;82.1;13.7;3.9;11.8;0.72;0.45;0.14;0.19
7;100;50;100;100;20.63;4.71;13.62;3.31;3.37;0.223;50.4;15.15;8.23;4.14;0.72;2.3;7.2;115.8;77.6;19.2;4.6;14.4;1.8;1.01;0.24;0.33;1.89;1.86;0.134;49.6;13.81;6.78;4.16;0.74;2.41;6.42;114;82.4;13.9;4.8;12.8;0.89;0.56;0.18;0.23
7;100;100;0;0;16.8;3.51;10.02;3.35;3.37;0.216;38.4;15.63;8.39;4.26;0.79;2.41;5.24;112.2;82.7;14.2;4.8;10.5;2.37;0.42;0.25;0.34;0.86;0.9;0.141;61.6;6.23;3.06;1.82;0.33;1.1;4.78;179.9;154.6;13.5;2.2;9.6;0.24;0.48;0.07;0.1
7;100;100;0;50;16.48;3.56;10.29;3.3;3.39;0.219;38.4;15.52;8.26;4.32;0.73;2.39;5.34;111.9;83.3;13.1;4.8;10.7;2.33;0.5;0.24;0.32;1.07;1.07;0.154;61.6;6.87;3.41;2.03;0.36;1.17;4.95;179.4;153.4;13.8;2.3;9.9;0.25;0.63;0.08;0.11
7;100;100;0;100;16.2;3.69;10.51;3.6;3.6;0.226;38.4;15.93;8.68;4.33;0.75;2.42;5.62;111.7;83.2;12.5;4.8;11.2;2.33;0.69;0.24;0.34;1.18;1.13;0.154;61.6;7.24;3.66;2.13;0.37;1.26;4.9;179.6;153.6;13.7;2.5;9.8;0.25;0.68;0.08;0.11
7;100;100;50;0;18.53;3.95;11.21;3.33;3.38;0.211;44.1;15.98;8.46;4.44;0.8;2.52;6;115;80.7;17.2;5;12;2.25;0.53;0.25;0.34;1.16;1.14;0.137;55.9;8.23;4.04;2.5;0.41;1.44;5.21;145.5;119;13.3;2.9;10.4;0.44;0.47;0.1;0.13
7;100;100;50;50;18.32;4.08;12.04;3.58;3.58;0.218;43.9;16.46;8.89;4.51;0.76;2.5;6.4;114.6;80.4;16.4;5;12.8;2.28;0.7;0.25;0.35;1.36;1.37;0.144;56.2;9.44;4.65;2.89;0.48;1.58;5.63;146.9;119.4;13.1;3.2;11.3;0.52;0.59;0.12;0.14
7;100;100;50;100;18.31;4.33;12.69;3.8;3.8;0.227;43.4;16.72;9.03;4.62;0.76;2.5;6.68;114.2;79.9;15.9;5;13.4;2.24;0.95;0.25;0.36;1.6;1.54;0.143;56.6;10.73;5.35;3.19;0.54;1.83;6;148.9;120.1;13;3.7;12;0.6;0.66;0.11;0.17
7;100;100;100;0;20.85;4.37;12.55;3.56;3.6;0.21;51.8;17.14;9.18;4.73;0.83;2.72;6.57;118.2;78.2;21.4;5.4;13.1;2.22;0.74;0.28;0.36;1.25;1.3;0.135;48.2;9.59;4.66;2.89;0.54;1.66;5.98;110;81.8;12.9;3.3;12;0.57;0.46;0.11;0.16
7;100;100;100;50;20.57;4.75;13.55;3.72;3.74;0.214;51.2;17.47;9.34;4.83;0.8;2.72;7.21;117.7;77.4;20.5;5.4;14.4;2.17;0.92;0.26;0.38;1.71;1.64;0.14;48.8;11.63;5.8;3.52;0.6;2.02;6.34;112.1;82.6;12.7;4;12.7;0.73;0.58;0.14;0.19
7;100;100;100;100;20.51;5.02;14.6;3.95;4.01;0.226;50.6;17.75;9.6;4.87;0.81;2.68;7.72;117.1;76.7;19.7;5.4;15.4;2.17;1.21;0.25;0.38;1.92;1.9;0.139;49.4;13.63;6.63;4.15;0.69;2.33;6.88;114.4;83.3;12.7;4.7;13.8;0.89;0.62;0.18;0.21
8;0;0;0;0;13.53;1.79;5.1;1.25;1.23;0.194;50;6.28;3.29;1.8;0.29;1.01;2.68;179.1;156.2;15.5;2;5.4;0.65;0.34;0.1;0.14;0.55;0.53;0.118;50;4.36;2.12;1.29;0.27;0.78;2.42;178.8;163.8;8.6;1.6;4.8;0.25;0.17;0.05;0.07
8;0;0;0;50;12.94;1.82;5.16;1.39;1.32;0.202;50;6.5;3.52;1.77;0.31;1.03;2.82;178.3;156.3;14.2;2.1;5.6;0.67;0.41;0.11;0.14;0.55;0.55;0.118;50;4.51;2.17;1.4;0.23;0.79;2.34;178.5;163.7;8.5;1.6;4.7;0.26;0.17;0.05;0.07
8;0;0;0;100;12.47;1.93;5.28;1.38;1.43;0.214;49.7;6.63;3.54;1.81;0.3;1.06;2.77;177;156;13.4;2.1;5.5;0.65;0.52;0.11;0.14;0.61;0.62;0.123;50.3;4.88;2.4;1.45;0.25;0.87;2.51;179.2;164;8.4;1.7;5;0.27;0.21;0.06;0.08
8;0;0;50;0;15.63;2.21;6.42;1.45;1.37;0.189;56;7.18;3.79;2.02;0.34;1.12;3.47;180.9;152.7;19;2.2;6.9;0.65;0.43;0.11;0.17;0.75;0.76;0.121;44;6.16;2.96;1.93;0.32;1.09;2.94;142;125.5;8.4;2.2;5.9;0.43;0.16;0.07;0.09
8;0;0;50;50;15.46;2.58;6.97;1.49;1.47;0.199;55.6;7.37;3.95;2.07;0.32;1.2;3.72;179.9;151.9;18.2;2.4;7.4;0.66;0.52;0.12;0.16;0.91;0.91;0.122;44.4;7.32;3.58;2.21;0.37;1.38;3.25;143.7;126.1;8.3;2.8;6.5;0.53;0.16;0.1;0.12
8;0;0;50;100;15.27;2.67;7.85;1.55;1.63;0.211;55;7.72;4.07;2.14;0.4;1.17;4.12;178.5;150.5;17.4;2.3;8.2;0.63;0.71;0.12;0.17;1;1.05;0.124;45;8.43;4.04;2.6;0.45;1.5;3.73;145.8;127.1;8.3;3;7.5;0.61;0.21;0.1;0.14
8;0;0;100;0;17.77;2.58;7.6;1.43;1.42;0.185;63.9;7.66;3.97;2.23;0.37;1.24;4.04;182.9;149.7;22.6;2.5;8.1;0.62;0.51;0.13;0.16;0.93;0.96;0.121;36.1;7.82;3.71;2.47;0.44;1.33;3.56;103.2;85.2;8.2;2.7;7.1;0.59;0.16;0.09;0.12
8;0;0;100;50;17.71;2.97;8.62;1.64;1.61;0.193;63.1;8.32;4.39;2.33;0.41;1.32;4.58;181.2;147.5;22;2.6;9.2;0.62;0.67;0.13;0.19;1.11;1.16;0.122;36.9;9.44;4.52;2.92;0.51;1.65;4.05;105.9;86.3;8.2;3.3;8.1;0.73;0.16;0.11;0.16
8;0;0;100;100;17.44;3.39;10.04;1.79;1.86;0.207;62.1;8.97;4.67;2.57;0.45;1.31;5.27;179.1;144.8;21.1;2.6;10.5;0.62;0.9;0.14;0.2;1.41;1.44;0.124;37.9;11.58;5.58;3.63;0.58;2.08;4.76;109;87.6;7.8;4.2;9.5;0.91;0.2;0.13;0.19
8;0;50;0;0;13.15;1.81;5.18;1.3;1.3;0.195;50.1;6.65;3.51;1.84;0.32;1.05;2.72;178.9;155.7;15.6;2.1;5.4;0.68;0.36;0.11;0.15;0.57;0.57;0.126;49.9;4.37;2.13;1.33;0.23;0.77;2.46;178.4;164.3;7.6;1.5;4.9;0.25;0.19;0.06;0.07
8;0;50;0;50;12.64;1.95;5.34;1.43;1.38;0.201;49.8;6.82;3.7;1.86;0.33;1.11;2.83;177.8;155.5;14.4;2.2;5.7;0.67;0.45;0.11;0.14;0.59;0.61;0.126;50.2;4.67;2.29;1.4;0.22;0.84;2.52;178.9;164.5;7.7;1.7;5;0.27;0.21;0.06;0.07
8;0;50;0;100;12.23;1.99;5.69;1.49;1.54;0.218;49.8;7.06;3.78;1.98;0.33;1.11;3.02;177.4;155.6;13.6;2.2;6;0.66;0.62;0.12;0.15;0.66;0.67;0.13;50.2;5.02;2.46;1.54;0.24;0.88;2.67;179.1;164.4;7.6;1.8;5.3;0.27;0.26;0.06;0.08
8;0;50;50;0;15.15;2.41;6.82;1.39;1.43;0.188;55.9;7.54;3.96;2.09;0.38;1.23;3.58;180.4;151.9;18.8;2.5;7.2;0.67;0.47;0.12;0.16;0.8;0.84;0.126;44.1;6.57;3.14;2.05;0.37;1.17;3.24;142.2;126.1;7.4;2.3;6.5;0.46;0.19;0.08;0.11
8;0;50;50;50;14.94;2.61;7.54;1.64;1.64;0.201;55.5;8.11;4.27;2.35;0.38;1.28;4.1;179.5;150.7;18.1;2.6;8.2;0.67;0.65;0.13;0.18;0.94;0.96;0.126;44.5;7.56;3.63;2.34;0.39;1.33;3.44;143.9;127;7.4;2.7;6.9;0.54;0.21;0.09;0.12
8;0;50;50;100;14.9;2.85;8.32;1.77;1.83;0.215;54.8;8.48;4.52;2.39;0.4;1.31;4.37;177.8;149;17.4;2.6;8.7;0.66;0.84;0.14;0.19;1.09;1.15;0.128;45.2;8.88;4.22;2.77;0.47;1.54;3.95;146.6;128.2;7.4;3.1;7.9;0.64;0.26;0.1;0.15
8;0;50;100;0;17.52;2.76;7.99;1.62;1.64;0.187;63.5;8.71;4.56;2.44;0.44;1.39;4.15;181.2;147.2;22.9;2.8;8.3;0.65;0.66;0.14;0.19;0.97;1;0.126;36.5;7.88;3.8;2.41;0.43;1.37;3.84;104.1;86.4;7.2;2.7;7.7;0.59;0.18;0.1;0.13
8;0;50;100;50;17.43;3.18;9.13;1.82;1.82;0.196;62.7;9.23;4.88;2.59;0.45;1.46;4.86;179.5;144.7;22.2;2.9;9.7;0.63;0.83;0.15;0.21;1.17;1.2;0.125;37.3;9.54;4.63;2.92;0.55;1.72;4.27;106.7;87.6;7.1;3.4;8.5;0.74;0.19;0.12;0.15
8;0;50;100;100;17.06;3.56;10.25;2.06;2.08;0.218;61.8;9.54;5.1;2.6;0.49;1.44;5.42;177.3;142.4;21.2;2.9;10.8;0.61;1.11;0.15;0.21;1.48;1.49;0.126;38.2;11.71;5.74;3.58;0.6;2.12;4.83;109.4;88.8;6.7;4.2;9.7;0.94;0.22;0.14;0.19
8;0;100;0;0;12.77;1.96;5.57;1.38;1.45;0.197;50;7.34;3.75;2.12;0.39;1.15;3;178.5;154.6;15.7;2.3;6;0.7;0.45;0.12;0.18;0.62;0.59;0.128;50;4.45;2.24;1.31;0.24;0.82;2.56;178.7;165.4;6.6;1.6;5.1;0.26;0.21;0.05;0.07
8;0;100;0;50;12.4;2.02;5.77;1.63;1.56;0.204;49.6;7.6;4.13;2.07;0.36;1.18;3.06;176.9;153.8;14.7;2.4;6.1;0.7;0.56;0.13;0.16;0.65;0.65;0.132;50.4;4.76;2.3;1.49;0.26;0.85;2.71;180;166.2;6.7;1.7;5.4;0.28;0.25;0.05;0.07
8;0;100;0;100;11.96;2.08;5.93;1.76;1.75;0.222;49.5;7.85;4.26;2.13;0.36;1.21;3.17;176.4;153.8;13.8;2.4;6.3;0.7;0.75;0.12;0.17;0.76;0.72;0.138;50.5;5.08;2.58;1.48;0.28;0.88;2.76;180;166.2;6.6;1.8;5.5;0.28;0.3;0.06;0.08
8;0;100;50;0;15;2.48;7.1;1.59;1.59;0.189;55.6;8.37;4.32;2.34;0.43;1.33;3.77;179.1;149.5;19.4;2.7;7.5;0.67;0.6;0.14;0.18;0.81;0.84;0.128;44.4;6.49;3.13;1.96;0.34;1.14;3.33;143.1;127.8;6.3;2.3;6.7;0.46;0.2;0.08;0.11
8;0;100;50;50;14.63;2.72;7.7;1.81;1.81;0.21;55;8.63;4.62;2.41;0.39;1.37;4.08;177.4;148.3;18.2;2.7;8.2;0.66;0.82;0.14;0.2;1.02;1.01;0.13;45;7.72;3.75;2.39;0.36;1.35;3.62;145;128.8;6.3;2.7;7.2;0.56;0.24;0.09;0.13
8;0;100;50;100;14.35;2.95;8.3;2.08;2.04;0.225;54.4;9.05;4.93;2.42;0.41;1.4;4.35;175.5;146.7;17.3;2.8;8.7;0.67;1.04;0.15;0.18;1.15;1.16;0.131;45.6;8.75;4.32;2.59;0.45;1.55;3.95;147.3;130;6.3;3.1;7.9;0.64;0.27;0.11;0.14
8;0;100;100;0;17.35;2.98;8.41;1.9;1.86;0.192;63.2;9.67;5.11;2.79;0.43;1.54;4.43;180;144.7;23.4;3.1;8.9;0.66;0.81;0.17;0.22;1.02;1.03;0.127;36.8;8.03;3.93;2.39;0.42;1.44;3.98;104.7;87.7;6.2;2.9;8;0.61;0.19;0.1;0.13
8;0;100;100;50;17.09;3.31;9.57;2.07;2.11;0.206;62.3;10.21;5.4;2.9;0.49;1.62;4.98;177.8;142.1;22.5;3.2;10;0.64;1.07;0.17;0.22;1.2;1.25;0.128;37.7;9.71;4.62;3.05;0.47;1.69;4.59;107.5;89;6;3.4;9.2;0.76;0.22;0.12;0.16
8;0;100;100;100;17.02;3.68;10.51;2.38;2.34;0.223;61.5;10.46;5.78;2.84;0.44;1.66;5.48;176.2;140.4;21.5;3.3;11;0.63;1.32;0.16;0.22;1.58;1.54;0.129;38.5;11.81;5.78;3.6;0.58;2.02;5.03;110.1;89.8;6.2;4;10.1;0.93;0.27;0.14;0.2
8;50;0;0;0;15.43;2.22;6.51;1.84;1.89;0.209;44.6;9.02;4.77;2.54;0.43;1.39;3.47;144.8;119.6;15.4;2.8;6.9;1.21;0.34;0.14;0.2;0.63;0.61;0.12;55.4;4.92;2.35;1.5;0.26;0.83;3.04;179.8;160.5;11.6;1.7;6.1;0.25;0.21;0.05;0.09
8;50;0;0;50;15.16;2.39;6.73;2;1.96;0.213;44.4;9.16;4.92;2.49;0.42;1.42;3.59;144;119.6;14.4;2.8;7.2;1.2;0.42;0.14;0.21;0.66;0.66;0.12;55.6;5.37;2.57;1.64;0.3;0.97;3.14;180.6;160.5;11.8;1.9;6.3;0.26;0.25;0.06;0.09
8;50;0;0;100;14.48;2.46;6.91;2.1;2.06;0.223;44.3;9.25;5.07;2.45;0.45;1.44;3.59;143.3;120.2;13.1;2.9;7.2;1.21;0.52;0.15;0.18;0.74;0.74;0.125;55.7;5.79;2.79;1.75;0.3;1.02;3.31;180.2;159.8;11.8;2;6.6;0.27;0.31;0.07;0.09
8;50;0;50;0;17.32;2.64;7.88;1.96;1.97;0.205;50.6;9.62;5.07;2.74;0.46;1.46;4.21;147.4;117.3;18.8;2.9;8.4;1.2;0.41;0.14;0.22;0.83;0.84;0.122;49.4;6.83;3.26;2.2;0.33;1.18;3.67;143.8;122.7;11.4;2.4;7.3;0.43;0.22;0.08;0.11
8;50;0;50;50;17.16;2.9;8.46;2.09;2.05;0.21;50.1;9.8;5.24;2.73;0.44;1.53;4.49;146.1;116.5;17.6;3.1;9;1.16;0.53;0.16;0.21;0.95;0.98;0.122;49.9;8.01;3.79;2.51;0.44;1.37;3.96;145.8;123.5;11.6;2.7;7.9;0.52;0.23;0.09;0.14
8;50;0;50;100;16.87;3.19;9.34;2.16;2.23;0.22;49.9;10.13;5.44;2.78;0.48;1.58;5;146.3;116.4;16.7;3.2;10;1.17;0.66;0.17;0.22;1.1;1.16;0.124;50.1;9.3;4.48;2.89;0.43;1.61;4.33;146.9;123.6;11.4;3.2;8.7;0.61;0.3;0.1;0.15
8;50;0;100;0;19.25;3.06;8.73;2.03;2.02;0.201;58.6;10.03;5.32;2.77;0.47;1.58;4.62;149.5;115.4;21.8;3.2;9.2;1.16;0.48;0.17;0.21;1.03;1.02;0.122;41.4;8.31;4.07;2.54;0.4;1.48;4.1;105.7;83.1;11.4;3;8.2;0.57;0.22;0.11;0.13
8;50;0;100;50;19.19;3.48;10.04;2.23;2.19;0.205;57.7;10.7;5.67;2.98;0.51;1.67;5.32;148.3;113;21.3;3.3;10.6;1.14;0.66;0.17;0.23;1.27;1.25;0.122;42.3;10.18;4.93;3.08;0.54;1.81;4.72;108.7;84.6;11.1;3.6;9.4;0.74;0.23;0.12;0.15
8;50;0;100;100;19.26;3.89;11.12;2.46;2.47;0.216;57.3;11.43;6.13;3.16;0.5;1.73;6;148.4;112.4;20.5;3.5;12;1.15;0.88;0.18;0.26;1.56;1.53;0.124;42.7;12.26;5.95;3.67;0.65;2.16;5.11;110.8;85.1;11.2;4.3;10.2;0.89;0.3;0.15;0.2
8;50;50;0;0;15.09;2.48;7;2.19;2.15;0.212;45;10.12;5.42;2.72;0.51;1.54;3.76;146.1;120.3;15.2;3.1;7.5;1.41;0.35;0.16;0.22;0.68;0.68;0.128;55;5.14;2.58;1.52;0.25;0.94;3.24;178.9;159.6;10.9;1.9;6.5;0.25;0.28;0.06;0.09
8;50;50;0;50;14.55;2.55;7.15;2.33;2.21;0.216;44.7;10.26;5.62;2.72;0.45;1.59;3.77;144.8;120.1;14;3.2;7.5;1.4;0.44;0.16;0.22;0.75;0.75;0.134;55.3;5.46;2.68;1.63;0.29;0.97;3.39;179.4;159.9;10.8;1.9;6.8;0.25;0.34;0.08;0.09
8;50;50;0;100;14.34;2.76;7.73;2.49;2.44;0.227;44.7;10.76;5.91;2.9;0.46;1.67;4.1;145;120.3;13.2;3.3;8.2;1.44;0.61;0.17;0.22;0.82;0.82;0.134;55.3;5.99;2.95;1.83;0.3;1.08;3.63;179.8;159.6;10.8;2.2;7.3;0.27;0.38;0.07;0.1
8;50;50;50;0;17.2;2.95;8.46;2.25;2.28;0.205;50.7;11.09;5.94;3.09;0.52;1.8;4.47;148.1;116.5;19;3.6;8.9;1.37;0.48;0.18;0.25;0.85;0.87;0.127;49.3;6.74;3.24;2.06;0.38;1.14;4;144.2;123.5;10.4;2.3;8;0.42;0.26;0.07;0.12
8;50;50;50;50;16.82;3.14;9.37;2.49;2.46;0.214;50.4;11.51;6.2;3.19;0.54;1.75;5.03;147.6;116.4;17.7;3.5;10.1;1.38;0.64;0.18;0.26;1.09;1.08;0.13;49.6;8.24;4.03;2.54;0.4;1.39;4.33;145.5;123.6;10.4;2.8;8.7;0.53;0.33;0.09;0.13
8;50;50;50;100;16.59;3.46;10.02;2.65;2.64;0.224;49.9;11.79;6.42;3.19;0.54;1.81;5.41;146.8;115.7;16.7;3.6;10.8;1.37;0.81;0.19;0.26;1.25;1.27;0.13;50.1;9.68;4.71;2.99;0.51;1.66;4.61;147.2;124.3;10.4;3.3;9.2;0.63;0.37;0.11;0.15
8;50;50;100;0;19.34;3.34;9.67;2.5;2.43;0.204;58.5;11.95;6.32;3.36;0.6;1.81;5.16;150.5;114;22.5;3.6;10.3;1.36;0.63;0.19;0.26;1.07;1.09;0.127;41.5;8.49;4.12;2.61;0.44;1.53;4.51;106.5;84;10.5;3.1;9;0.58;0.27;0.11;0.13
8;50;50;100;50;18.95;3.82;10.79;2.63;2.62;0.21;57.8;12.52;6.63;3.48;0.6;1.97;5.73;149.2;112.2;21.5;3.9;11.5;1.34;0.81;0.2;0.27;1.29;1.33;0.129;42.2;10.26;5.02;3.13;0.54;1.85;5.07;108.9;85.2;9.9;3.7;10.1;0.73;0.31;0.13;0.16
8;50;50;100;100;18.83;4.13;11.95;2.92;2.92;0.225;57.3;13;7.1;3.5;0.62;2.02;6.44;149;111.3;20.7;4;12.9;1.34;1.09;0.2;0.29;1.64;1.58;0.128;42.7;12.26;5.97;3.75;0.61;2.11;5.52;110.9;85.8;9.8;4.2;11;0.89;0.35;0.14;0.2
8;50;100;0;0;15;2.61;7.78;2.61;2.51;0.213;44.9;11.75;6.3;3.27;0.52;1.74;4.16;146.5;119.2;15.4;3.5;8.3;1.6;0.46;0.19;0.26;0.7;0.7;0.132;55.1;5.19;2.53;1.6;0.28;0.87;3.61;180;161;10;1.7;7.2;0.25;0.32;0.05;0.08
8;50;100;0;50;14.45;2.87;8.14;2.72;2.68;0.219;44.7;12.26;6.65;3.32;0.56;1.89;4.36;145.9;119.1;14.3;3.8;8.7;1.65;0.56;0.19;0.28;0.79;0.77;0.137;55.3;5.5;2.79;1.61;0.27;0.99;3.78;180.6;161.2;9.8;2;7.6;0.25;0.37;0.06;0.08
8;50;100;0;100;14.04;2.86;8.15;2.96;2.81;0.23;44.8;12.23;6.75;3.22;0.56;1.85;4.37;145.6;119.9;13.2;3.7;8.7;1.65;0.72;0.19;0.26;0.92;0.91;0.148;55.2;6.04;2.95;1.81;0.32;1.01;3.79;179.6;160.1;9.9;2;7.6;0.27;0.47;0.07;0.1
8;50;100;50;0;16.85;3.23;9.26;2.63;2.65;0.209;50.7;12.63;6.79;3.47;0.59;1.97;4.91;148.8;116.3;18.7;3.9;9.8;1.59;0.57;0.21;0.27;1;0.95;0.13;49.3;7.19;3.58;2.18;0.36;1.26;4.35;144.5;123.7;9.5;2.5;8.7;0.45;0.3;0.09;0.11
8;50;100;50;50;16.72;3.5;10.11;2.89;2.89;0.22;50.2;13.13;7.13;3.56;0.62;2.05;5.33;147.9;115.1;18;4.1;10.7;1.58;0.83;0.2;0.28;1.16;1.13;0.134;49.8;8.39;4.11;2.58;0.46;1.45;4.78;146.8;124.9;9.5;2.9;9.6;0.52;0.37;0.1;0.13
8;50;100;50;100;16.14;3.63;10.52;3.08;3.08;0.231;49.9;13.34;7.35;3.56;0.64;2.02;5.68;146.9;114.7;16.7;4;11.4;1.59;0.99;0.21;0.29;1.3;1.3;0.138;50.1;9.36;4.62;2.83;0.48;1.61;4.84;147.3;125.3;9.1;3.2;9.7;0.62;0.43;0.11;0.14
8;50;100;100;0;18.82;3.56;10.37;2.93;2.82;0.208;58.4;13.6;7.29;3.79;0.62;2.07;5.43;150.2;112.9;22.3;4.1;10.9;1.55;0.77;0.21;0.29;1.1;1.12;0.129;41.6;8.59;4.12;2.62;0.44;1.49;4.93;106.9;84.7;9.3;3;9.9;0.58;0.29;0.1;0.14
8;50;100;100;50;18.89;4.08;11.59;2.98;3.08;0.217;57.8;14.14;7.55;3.92;0.66;2.2;6.15;150.1;111.9;21.5;4.4;12.3;1.52;1.03;0.23;0.3;1.38;1.4;0.132;42.2;10.54;5.16;3.17;0.54;1.88;5.45;109.4;85.4;9.4;3.8;10.9;0.73;0.37;0.13;0.18
8;50;100;100;100;18.58;4.33;12.61;3.27;3.31;0.229;56.9;14.43;7.88;3.85;0.68;2.19;6.72;148;109.6;20.6;4.4;13.4;1.49;1.27;0.23;0.31;1.71;1.69;0.134;43.1;12.55;6.12;3.82;0.68;2.14;5.89;112;86.9;9.1;4.3;11.8;0.91;0.43;0.14;0.2
8;100;0;0;0;17.15;2.69;7.57;2.41;2.38;0.217;37.3;10.97;5.93;2.97;0.54;1.75;4.03;107.6;81.3;14.8;3.5;8.1;1.64;0.32;0.18;0.24;0.67;0.68;0.121;62.7;5.53;2.63;1.69;0.31;0.94;3.54;181.5;157.4;15.1;1.9;7.1;0.24;0.28;0.07;0.09
8;100;0;0;50;16.93;2.85;8.09;2.48;2.45;0.22;37.3;11.16;6.06;3.01;0.54;1.76;4.29;107.8;81.9;13.9;3.5;8.6;1.64;0.4;0.18;0.23;0.78;0.79;0.126;62.7;6.17;2.97;1.94;0.31;1.09;3.81;181.1;156.2;15.1;2.2;7.6;0.25;0.37;0.07;0.1
8;100;0;0;100;16.49;3;8.4;2.56;2.6;0.227;37.4;11.43;6.19;3.14;0.57;1.78;4.5;107.8;82.6;12.7;3.6;9;1.65;0.5;0.2;0.25;0.9;0.92;0.132;62.6;6.88;3.37;2.06;0.33;1.22;3.9;180.4;154.9;15.3;2.4;7.8;0.26;0.46;0.08;0.11
8;100;0;50;0;19.17;3.09;8.88;2.45;2.43;0.212;43.3;11.43;6.15;3.2;0.52;1.77;4.8;111.4;80;18.2;3.5;9.6;1.6;0.39;0.18;0.26;0.95;0.92;0.122;56.7;7.44;3.65;2.25;0.4;1.32;4.08;145.7;120;14.9;2.6;8.2;0.42;0.28;0.09;0.12
8;100;0;50;50;18.85;3.43;9.74;2.51;2.57;0.217;43;11.86;6.43;3.29;0.51;1.88;5.12;111;79.8;17.2;3.8;10.2;1.62;0.5;0.19;0.26;1.11;1.11;0.126;57;8.8;4.23;2.77;0.43;1.55;4.61;147.4;120.3;14.8;3.1;9.2;0.5;0.36;0.11;0.15
8;100;0;50;100;18.74;3.68;10.54;2.75;2.73;0.223;42.7;12.25;6.66;3.25;0.59;1.87;5.67;110.8;79.5;16.3;3.7;11.3;1.6;0.68;0.19;0.26;1.33;1.33;0.128;57.3;10.25;5.01;3.07;0.55;1.81;4.87;148.9;120.8;14.7;3.6;9.7;0.61;0.44;0.12;0.16
8;100;0;100;0;21.09;3.47;9.91;2.52;2.48;0.208;51.2;11.93;6.36;3.23;0.56;1.87;5.21;114;78.2;21.7;3.7;10.4;1.56;0.48;0.19;0.25;1.06;1.09;0.122;48.8;8.86;4.28;2.77;0.47;1.59;4.7;108.9;81.8;14.5;3.2;9.4;0.56;0.28;0.1;0.15
8;100;0;100;50;20.92;3.86;11.07;2.66;2.66;0.211;50.6;12.6;6.71;3.54;0.55;2.02;5.83;113.9;77.4;20.9;4;11.7;1.54;0.64;0.21;0.27;1.35;1.34;0.124;49.4;10.66;5.19;3.23;0.55;1.84;5.24;111.1;82.6;14.3;3.7;10.5;0.7;0.34;0.12;0.18
8;100;0;100;100;20.82;4.31;12.36;2.96;2.89;0.22;50.1;13.12;7.05;3.55;0.64;1.97;6.58;114.1;76.9;20.1;3.9;13.2;1.55;0.85;0.2;0.29;1.63;1.67;0.128;49.9;13.02;6.36;4.02;0.68;2.34;5.78;113.5;83.1;14.2;4.7;11.6;0.87;0.43;0.16;0.22
8;100;50;0;0;16.84;3.04;8.63;2.94;2.9;0.22;37.9;13.22;7.08;3.64;0.63;1.99;4.52;109.8;82.1;14.8;4;9;2.07;0.34;0.21;0.29;0.8;0.77;0.131;62.1;5.76;2.88;1.67;0.28;1.05;4.11;180.2;155.9;14;2.1;8.2;0.23;0.37;0.08;0.09
8;100;50;0;50;16.64;3.09;9.18;2.96;2.96;0.222;38.1;13.29;7.14;3.67;0.64;1.96;5;110.2;82.8;13.6;3.9;10;2.03;0.42;0.21;0.3;0.92;0.9;0.136;61.9;6.57;3.18;1.99;0.38;1.12;4.18;179.4;154.5;14.3;2.2;8.4;0.26;0.48;0.07;0.1
8;100;50;0;100;16.31;3.33;9.6;3.22;3.19;0.23;38.1;13.87;7.61;3.73;0.67;2.1;5.17;110.3;82.9;12.9;4.2;10.3;2.07;0.6;0.22;0.31;1.03;0.98;0.137;61.9;7.05;3.53;2.12;0.33;1.23;4.43;179.6;154.3;14;2.5;8.9;0.25;0.53;0.08;0.11
8;100;50;50;0;18.9;3.48;10.09;3.02;2.97;0.214;43.7;13.86;7.52;3.8;0.62;2.14;5.35;113.2;80.1;18.1;4.3;10.7;1.99;0.45;0.23;0.31;1;1.03;0.129;56.3;7.87;3.81;2.44;0.41;1.35;4.74;145.7;119.8;13.7;2.7;9.5;0.43;0.37;0.1;0.13
8;100;50;50;50;18.65;3.82;10.84;3.14;3.14;0.22;43.4;14.26;7.7;3.83;0.7;2.19;5.75;113;79.8;17.3;4.4;11.5;1.98;0.62;0.22;0.31;1.15;1.22;0.133;56.6;9.14;4.46;2.75;0.5;1.64;5.09;147.4;120.3;13.7;3.3;10.2;0.51;0.46;0.11;0.15
8;100;50;50;100;18.57;3.95;11.72;3.41;3.33;0.227;43.1;14.66;7.97;3.99;0.66;2.17;6.24;112.7;79.4;16.4;4.3;12.5;1.97;0.8;0.23;0.32;1.45;1.4;0.132;56.9;10.52;5.17;3.23;0.51;1.78;5.48;149.1;120.9;13.7;3.6;11;0.6;0.51;0.12;0.17
8;100;50;100;0;21.05;3.88;11.15;3.15;3.16;0.212;51.8;14.89;8.04;3.99;0.76;2.35;6.02;116.8;78.2;21.9;4.7;12;1.96;0.62;0.25;0.33;1.23;1.16;0.128;48.2;9.02;4.39;2.76;0.47;1.52;5.13;108.7;81.8;13.6;3;10.3;0.56;0.35;0.1;0.15
8;100;50;100;50;20.9;4.28;12.11;3.29;3.28;0.216;50.9;15.2;8.17;4.14;0.71;2.36;6.41;115.8;77.2;21;4.7;12.8;1.92;0.79;0.24;0.33;1.48;1.45;0.13;49.1;11.02;5.37;3.28;0.57;1.92;5.71;111.5;82.8;13.5;3.8;11.4;0.7;0.43;0.13;0.18
8;100;50;100;100;20.49;4.65;13.42;3.49;3.49;0.228;50.4;15.28;8.42;4.02;0.69;2.31;7.15;115.3;76.8;19.6;4.6;14.3;1.9;1.03;0.24;0.32;1.79;1.76;0.13;49.6;13.41;6.57;4.15;0.66;2.34;6.28;113.8;83.2;13.4;4.7;12.6;0.88;0.5;0.16;0.22
8;100;100;0;0;16.72;3.45;9.86;3.59;3.48;0.222;38.5;15.67;8.52;4.33;0.71;2.39;5.18;112.2;82.3;14.7;4.8;10.4;2.48;0.43;0.24;0.33;0.87;0.83;0.136;61.5;6.03;2.96;1.88;0.29;1.06;4.68;179.8;155.4;12.9;2.1;9.4;0.24;0.43;0.07;0.1
8;100;100;0;50;16.49;3.6;10.21;3.64;3.58;0.225;38.5;15.92;8.66;4.4;0.74;2.43;5.44;112.4;82.8;13.8;4.9;10.9;2.47;0.52;0.25;0.34;1.01;0.99;0.148;61.5;6.63;3.33;1.96;0.33;1.17;4.77;179.4;154.4;13.1;2.3;9.5;0.24;0.57;0.07;0.1
8;100;100;0;100;16.15;3.81;10.7;3.79;3.82;0.233;38.5;16.42;9.03;4.45;0.75;2.56;5.71;112.3;82.8;13;5.1;11.4;2.49;0.72;0.25;0.36;1.08;1.11;0.154;61.5;7.17;3.58;2.14;0.35;1.25;4.98;180;154.4;13;2.5;10;0.26;0.66;0.09;0.11
8;100;100;50;0;18.65;3.89;11.14;3.64;3.56;0.218;44.2;16.36;8.87;4.46;0.79;2.51;5.96;115.1;80.2;17.9;5;11.9;2.39;0.55;0.27;0.35;1.13;1.07;0.133;55.8;7.99;4;2.34;0.4;1.38;5.18;145.6;119.7;12.8;2.8;10.4;0.43;0.42;0.09;0.13
8;100;100;50;50;18.42;4.27;11.93;3.71;3.79;0.226;43.8;16.76;9.12;4.42;0.83;2.61;6.34;115;79.7;17.4;5.2;12.7;2.39;0.78;0.27;0.35;1.3;1.31;0.14;56.2;9.26;4.57;2.83;0.46;1.66;5.58;147.4;120.4;12.5;3.3;11.2;0.51;0.54;0.12;0.14
8;100;100;50;100;18.42;4.37;12.68;3.96;3.97;0.233;43.5;17;9.29;4.61;0.77;2.52;6.71;114.7;79.5;16.7;5;13.4;2.37;0.98;0.26;0.36;1.52;1.54;0.143;56.5;10.67;5.29;3.19;0.56;1.85;5.97;149.1;120.7;12.8;3.7;11.9;0.6;0.65;0.13;0.17
8;100;100;100;0;20.86;4.19;12.33;3.72;3.68;0.215;51.7;17.14;9.24;4.63;0.81;2.63;6.5;117.7;77.6;21.9;5.3;13;2.28;0.76;0.27;0.38;1.25;1.25;0.131;48.3;9.48;4.61;2.88;0.47;1.56;5.83;109.8;82.4;12.6;3.1;11.7;0.57;0.42;0.1;0.16
8;100;100;100;50;20.59;4.73;13.47;3.88;3.98;0.223;51.2;17.87;9.56;4.86;0.86;2.74;7.15;117.4;76.7;20.9;5.5;14.3;2.29;1.02;0.27;0.39;1.59;1.57;0.137;48.8;11.4;5.63;3.39;0.61;1.99;6.32;112.2;83.3;12.2;4;12.6;0.72;0.53;0.14;0.18
8;100;100;100;100;20.29;5.08;14.66;4.14;4.21;0.232;50.6;18.17;9.89;4.93;0.89;2.79;7.75;117.2;76.2;19.9;5.6;15.5;2.3;1.24;0.29;0.38;1.83;1.85;0.137;49.4;13.35;6.57;4.01;0.69;2.3;6.92;114.2;83.8;12;4.6;13.8;0.88;0.59;0.15;0.22
9;0;0;0;0;13.62;1.78;5.21;1.29;1.31;0.202;50.1;6.43;3.37;1.81;0.31;0.97;2.8;179.5;156.1;15.8;1.9;5.6;0.72;0.35;0.1;0.15;0.47;0.51;0.113;49.9;4.35;2.1;1.31;0.22;0.81;2.4;178.5;163.9;8.3;1.6;4.8;0.23;0.16;0.05;0.07
9;0;0;0;50;13.04;1.82;5.16;1.44;1.45;0.215;49.7;6.73;3.64;1.84;0.31;1.03;2.74;177.5;155.1;14.9;2.1;5.5;0.72;0.47;0.11;0.15;0.51;0.52;0.113;50.3;4.43;2.08;1.36;0.21;0.79;2.42;179.5;164.9;8.1;1.6;4.8;0.24;0.16;0.05;0.07
9;0;0;0;100;12.8;1.92;5.47;1.48;1.53;0.223;49.8;6.84;3.7;1.88;0.31;1.04;2.92;177.8;156;13.9;2.1;5.8;0.71;0.55;0.12;0.14;0.57;0.58;0.118;50.2;4.78;2.3;1.47;0.24;0.88;2.54;179.2;164;8.3;1.8;5.1;0.23;0.22;0.06;0.08
9;0;0;50;0;15.67;2.16;6.39;1.41;1.41;0.198;56;7.13;3.77;1.95;0.33;1.1;3.42;180.7;152.1;19.5;2.2;6.8;0.7;0.43;0.11;0.16;0.68;0.72;0.114;44;6.18;2.88;1.96;0.32;1.06;2.97;141.9;125.9;7.9;2.1;5.9;0.4;0.15;0.07;0.09
9;0;0;50;50;15.4;2.45;7;1.53;1.54;0.21;55.5;7.33;3.9;2.04;0.34;1.15;3.71;179.5;151.4;18.4;2.3;7.4;0.7;0.56;0.13;0.15;0.83;0.86;0.115;44.5;7.36;3.56;2.23;0.37;1.3;3.3;143.8;126.5;8.2;2.6;6.6;0.49;0.16;0.09;0.12
9;0;0;50;100;15.12;2.67;7.88;1.68;1.7;0.219;55.1;7.79;4.2;2.14;0.36;1.2;4.2;178.6;150.3;17.5;2.4;8.4;0.71;0.7;0.13;0.17;0.98;0.99;0.116;44.9;8.45;3.94;2.73;0.42;1.48;3.67;145.4;127.3;7.9;3;7.3;0.57;0.2;0.1;0.13
9;0;0;100;0;17.52;2.53;7.46;1.54;1.52;0.193;64.1;7.83;4.09;2.25;0.41;1.19;4.01;182.9;149.7;22.8;2.4;8;0.7;0.51;0.12;0.18;0.91;0.88;0.114;35.9;7.55;3.66;2.32;0.39;1.34;3.45;102.5;85.1;7.8;2.7;6.9;0.52;0.15;0.09;0.12
9;0;0;100;50;17.75;3.03;8.58;1.64;1.71;0.205;63.1;8.37;4.43;2.29;0.4;1.38;4.55;181.1;146.8;22.4;2.8;9.1;0.68;0.72;0.14;0.18;1.03;1.07;0.115;36.9;9.28;4.44;2.87;0.47;1.65;4.02;105.7;86.6;7.8;3.3;8;0.66;0.15;0.11;0.15
9;0;0;100;100;17.53;3.45;9.87;1.83;1.9;0.214;62.4;8.88;4.74;2.44;0.45;1.4;5.3;179.8;145.1;21.3;2.8;10.6;0.66;0.91;0.15;0.18;1.28;1.33;0.116;37.6;11.38;5.39;3.48;0.66;2.05;4.57;108.3;87.5;7.5;4.1;9.1;0.82;0.19;0.13;0.18
9;0;50;0;0;13.14;1.78;5.25;1.36;1.38;0.203;50.2;6.81;3.57;1.94;0.33;1.05;2.82;179.4;155.6;16;2.1;5.6;0.74;0.38;0.11;0.15;0.48;0.52;0.119;49.8;4.15;1.98;1.26;0.23;0.73;2.44;177.9;164.4;7.2;1.5;4.9;0.22;0.18;0.05;0.07
9;0;50;0;50;12.65;1.88;5.49;1.48;1.53;0.213;49.9;7.13;3.8;2.05;0.32;1.11;2.91;177.9;154.8;15.1;2.2;5.8;0.75;0.51;0.12;0.15;0.53;0.56;0.119;50.1;4.5;2.14;1.4;0.24;0.77;2.58;178.9;165.2;7;1.5;5.2;0.24;0.2;0.06;0.07
9;0;50;0;100;12.24;1.97;5.73;1.61;1.66;0.226;49.5;7.34;3.97;2.04;0.32;1.11;3.06;176.5;154.2;14;2.2;6.1;0.74;0.65;0.12;0.16;0.59;0.61;0.12;50.5;4.9;2.38;1.48;0.27;0.86;2.67;179.9;165.8;7.1;1.7;5.3;0.26;0.22;0.05;0.08
9;0;50;50;0;15.35;2.24;6.76;1.53;1.52;0.195;56;7.78;4.04;2.25;0.35;1.17;3.64;180.4;151;19.8;2.3;7.3;0.75;0.48;0.11;0.18;0.73;0.74;0.118;44;6.14;2.94;1.92;0.32;1.07;3.12;142;126.8;6.9;2.1;6.2;0.4;0.17;0.07;0.1
9;0;50;50;50;15.22;2.64;7.41;1.77;1.76;0.212;55.3;8.3;4.45;2.29;0.36;1.29;3.97;178.6;149.2;18.9;2.6;7.9;0.72;0.73;0.14;0.18;0.9;0.89;0.119;44.7;7.4;3.59;2.21;0.41;1.34;3.45;144.6;128.1;6.9;2.7;6.9;0.49;0.19;0.09;0.12
9;0;50;50;100;14.84;2.78;8.36;1.86;1.89;0.221;54.9;8.54;4.47;2.46;0.41;1.27;4.55;178;148.5;17.8;2.5;9.1;0.71;0.86;0.12;0.19;1.02;1.04;0.119;45.1;8.71;4.15;2.72;0.48;1.51;3.81;146.1;128.6;6.8;3;7.6;0.58;0.21;0.1;0.15
9;0;50;100;0;17.45;2.68;7.98;1.68;1.69;0.193;63.6;8.69;4.57;2.45;0.41;1.37;4.21;181.2;146.9;23.2;2.7;8.4;0.71;0.65;0.14;0.19;0.89;0.91;0.117;36.4;7.68;3.65;2.4;0.39;1.31;3.76;103.5;86.6;6.8;2.6;7.5;0.54;0.17;0.09;0.12
9;0;50;100;50;17.41;3.12;9;1.97;1.93;0.207;62.8;9.29;5.01;2.55;0.43;1.44;4.82;179.4;144.4;22.6;2.9;9.6;0.68;0.89;0.15;0.21;1.11;1.12;0.118;37.2;9.41;4.51;2.89;0.53;1.69;4.18;106.2;87.8;6.7;3.4;8.4;0.67;0.18;0.11;0.16
9;0;50;100;100;17.54;3.6;10.35;2.19;2.21;0.223;61.7;9.9;5.36;2.71;0.43;1.52;5.46;177.4;141.5;21.9;3;10.9;0.67;1.17;0.16;0.21;1.31;1.37;0.118;38.3;11.52;5.53;3.58;0.6;2.08;4.89;109.8;89.3;6.6;4.2;9.8;0.83;0.21;0.14;0.19
9;0;100;0;0;12.76;1.95;5.42;1.54;1.53;0.205;49.9;7.47;4;2.07;0.35;1.2;2.85;178.2;153.9;16.2;2.4;5.7;0.77;0.47;0.12;0.17;0.53;0.54;0.124;50.1;4.2;2.04;1.21;0.23;0.74;2.56;178.8;166.1;6.1;1.5;5.1;0.22;0.19;0.05;0.07
9;0;100;0;50;12.33;1.92;5.68;1.65;1.65;0.215;49.6;7.62;4.12;2.1;0.35;1.17;3.02;176.6;153.1;15.2;2.3;6;0.74;0.62;0.12;0.17;0.56;0.57;0.126;50.4;4.39;2.13;1.34;0.24;0.74;2.66;179.8;166.9;6.1;1.5;5.3;0.24;0.22;0.05;0.07
9;0;100;0;100;12.02;2.14;5.95;1.83;1.85;0.23;49.5;8.04;4.36;2.18;0.4;1.26;3.24;176.4;153.2;14.2;2.5;6.5;0.77;0.78;0.13;0.18;0.67;0.67;0.132;50.5;4.94;2.43;1.52;0.26;0.88;2.71;180.2;166.8;6.2;1.8;5.4;0.25;0.28;0.06;0.08
9;0;100;50;0;14.99;2.45;6.95;1.65;1.66;0.197;55.6;8.43;4.45;2.38;0.38;1.37;3.76;179.1;148.9;19.9;2.7;7.5;0.71;0.61;0.15;0.19;0.72;0.75;0.12;44.4;6.13;2.91;1.91;0.31;1.08;3.19;142.8;128.3;5.9;2.2;6.4;0.41;0.18;0.07;0.1
9;0;100;50;50;14.76;2.72;7.68;1.92;1.94;0.216;55;8.96;4.74;2.47;0.47;1.36;4.16;177.5;147.6;18.8;2.7;8.3;0.73;0.85;0.15;0.2;0.9;0.91;0.123;45;7.34;3.58;2.27;0.37;1.35;3.53;145;129.3;6;2.7;7.1;0.49;0.22;0.09;0.12
9;0;100;50;100;14.41;2.84;8.29;2.15;2.09;0.23;54.4;9.08;4.97;2.4;0.44;1.37;4.42;175.6;146.1;18;2.7;8.8;0.71;1.07;0.13;0.19;1.04;1.07;0.125;45.6;8.53;4.13;2.59;0.46;1.47;3.87;146.9;130.5;5.8;2.9;7.7;0.58;0.25;0.1;0.14
9;0;100;100;0;17.4;2.88;8.41;1.9;1.99;0.202;63.4;9.85;5.16;2.78;0.47;1.53;4.52;180.5;144.5;23.8;3.1;9;0.73;0.88;0.16;0.22;0.9;0.94;0.12;36.6;7.71;3.69;2.4;0.43;1.35;3.89;104.1;87.7;5.9;2.7;7.8;0.53;0.18;0.1;0.13
9;0;100;100;50;17.36;3.34;9.51;2.24;2.21;0.211;62.4;10.48;5.61;2.9;0.5;1.59;5.09;178;141.4;23.2;3.2;10.2;0.71;1.12;0.16;0.23;1.08;1.16;0.121;37.6;9.45;4.61;2.83;0.52;1.75;4.42;107.3;89.3;5.7;3.5;8.8;0.67;0.21;0.13;0.15
9;0;100;100;100;17.17;3.65;10.63;2.49;2.5;0.228;61.6;10.94;5.92;2.96;0.54;1.65;5.69;176.1;139;22.4;3.3;11.4;0.69;1.39;0.17;0.24;1.43;1.39;0.121;38.4;11.36;5.55;3.46;0.58;1.99;4.94;109.8;90.5;5.4;4;9.9;0.83;0.24;0.13;0.19
9;50;0;0;0;15.55;2.3;6.45;1.94;1.98;0.22;44.6;9.04;4.86;2.43;0.43;1.41;3.46;144.7;119.3;15.6;2.8;6.9;1.3;0.35;0.14;0.19;0.58;0.58;0.115;55.5;4.91;2.4;1.45;0.24;0.89;2.99;180.2;160.9;11.5;1.8;6;0.23;0.22;0.06;0.08
9;50;0;0;50;15.18;2.32;6.69;2.03;2.07;0.227;44.4;9.12;4.93;2.52;0.44;1.4;3.54;143.9;119.3;14.8;2.8;7.1;1.28;0.46;0.15;0.2;0.62;0.61;0.115;55.7;5.21;2.48;1.59;0.29;0.92;3.15;180.7;161;11.5;1.8;6.3;0.24;0.24;0.06;0.09
9;50;0;0;100;14.56;2.41;7.03;2.24;2.21;0.234;44.3;9.47;5.16;2.6;0.42;1.42;3.82;143.6;119.5;13.6;2.8;7.6;1.32;0.53;0.15;0.21;0.62;0.69;0.12;55.7;5.61;2.66;1.77;0.3;1;3.21;180.5;160.6;11.5;2;6.4;0.24;0.3;0.06;0.09
9;50;0;50;0;17.56;2.65;7.74;2.1;2.06;0.215;50.8;9.59;5.22;2.61;0.44;1.47;4.16;147.9;117.4;19.3;2.9;8.3;1.29;0.42;0.15;0.21;0.76;0.78;0.115;49.2;6.66;3.21;2.06;0.35;1.18;3.58;143.4;122.6;11.2;2.4;7.2;0.38;0.22;0.08;0.1
9;50;0;50;50;16.99;2.94;8.54;2.13;2.22;0.224;50.3;9.95;5.33;2.81;0.45;1.57;4.57;146.7;116.4;18;3.1;9.1;1.28;0.56;0.16;0.22;0.97;0.93;0.115;49.7;7.96;3.85;2.48;0.43;1.37;3.98;145.2;123.6;10.9;2.7;8;0.48;0.23;0.09;0.14
9;50;0;50;100;17.01;3.28;9.23;2.37;2.38;0.229;50;10.42;5.61;2.83;0.5;1.61;5.02;146.7;116.3;17.2;3.2;10;1.28;0.71;0.17;0.22;1.1;1.11;0.119;50;9.21;4.37;2.87;0.49;1.67;4.21;146.7;123.8;11.2;3.3;8.4;0.54;0.3;0.11;0.15
9;50;0;100;0;19.25;3.08;8.62;2.13;2.1;0.209;58.7;10.07;5.46;2.73;0.47;1.62;4.64;149.7;114.7;22.5;3.2;9.3;1.22;0.5;0.16;0.22;0.95;0.95;0.115;41.3;8.17;3.86;2.5;0.46;1.46;3.99;105.2;83.5;10.8;2.9;8;0.52;0.21;0.1;0.13
9;50;0;100;50;19.27;3.42;9.96;2.36;2.39;0.217;57.7;10.99;5.94;3.06;0.47;1.7;5.35;148.4;112.3;22;3.4;10.7;1.23;0.73;0.18;0.24;1.14;1.14;0.115;42.3;9.82;4.69;3.07;0.52;1.73;4.61;108.6;85.2;10.8;3.5;9.2;0.65;0.22;0.12;0.16
9;50;0;100;100;19.13;3.83;11.24;2.54;2.55;0.224;57.2;11.42;6.13;3.2;0.53;1.74;6.06;147.9;111.4;20.9;3.5;12.1;1.24;0.89;0.17;0.26;1.4;1.4;0.117;42.8;11.86;5.73;3.72;0.61;2.09;5.18;110.7;85.7;10.5;4.2;10.4;0.8;0.27;0.14;0.19
9;50;50;0;0;15.14;2.48;7.04;2.25;2.29;0.223;44.9;10.27;5.5;2.81;0.5;1.6;3.78;146;119.5;15.7;3.2;7.6;1.52;0.37;0.17;0.22;0.61;0.64;0.123;55.1;5.03;2.38;1.56;0.28;0.88;3.26;179.4;160.6;10.5;1.8;6.5;0.22;0.27;0.06;0.08
9;50;50;0;50;14.64;2.52;7.31;2.41;2.44;0.23;44.7;10.62;5.77;2.92;0.48;1.61;3.92;145.1;119.4;14.7;3.2;7.8;1.55;0.49;0.17;0.23;0.71;0.67;0.124;55.3;5.29;2.57;1.62;0.27;0.91;3.4;179.9;160.8;10.4;1.8;6.8;0.23;0.29;0.06;0.08
9;50;50;0;100;14.31;2.63;7.71;2.55;2.56;0.238;44.4;10.8;5.88;2.92;0.52;1.59;4.05;144.3;119.5;13.5;3.2;8.1;1.54;0.62;0.17;0.23;0.79;0.79;0.13;55.6;5.99;2.91;1.84;0.31;1.04;3.66;180.6;160.6;10.5;2.1;7.3;0.25;0.38;0.07;0.1
9;50;50;50;0;16.97;2.87;8.45;2.34;2.39;0.217;50.8;11;5.83;3.09;0.54;1.67;4.54;148.3;116.9;19;3.3;9.1;1.51;0.46;0.18;0.24;0.83;0.84;0.121;49.2;6.84;3.32;2.07;0.38;1.2;3.91;143.4;123.1;10.1;2.4;7.8;0.39;0.26;0.08;0.11
9;50;50;50;50;16.89;3.21;9.16;2.64;2.62;0.227;50.2;11.54;6.25;3.14;0.54;1.73;4.87;147.2;115.7;18.3;3.5;9.7;1.5;0.69;0.18;0.25;1.02;1;0.121;49.8;8.18;3.99;2.42;0.44;1.48;4.29;145.9;124.3;10.1;3;8.6;0.48;0.29;0.09;0.14
9;50;50;50;100;16.54;3.52;10.05;2.75;2.79;0.233;49.9;11.99;6.57;3.22;0.56;1.84;5.4;146.6;115;17.1;3.7;10.8;1.51;0.83;0.19;0.27;1.18;1.18;0.123;50.1;9.44;4.52;2.93;0.52;1.68;4.65;147.5;125;9.9;3.4;9.3;0.57;0.35;0.11;0.15
9;50;50;100;0;19.28;3.36;9.56;2.64;2.58;0.213;58.6;12.12;6.55;3.34;0.56;1.9;5.1;150.3;113.4;23;3.8;10.2;1.47;0.65;0.2;0.26;0.99;0.99;0.12;41.4;8.16;3.96;2.51;0.43;1.46;4.46;106.1;84.4;9.8;2.9;8.9;0.51;0.25;0.1;0.13
9;50;50;100;50;19.05;3.82;10.61;2.81;2.81;0.222;58;12.65;6.91;3.37;0.6;1.98;5.76;149.6;112.2;22;4;11.5;1.45;0.87;0.21;0.28;1.22;1.21;0.12;42;10.05;4.87;3.02;0.53;1.84;4.85;108.4;85.2;9.7;3.7;9.7;0.65;0.28;0.12;0.15
9;50;50;100;100;18.84;4.12;11.71;3.1;3.05;0.233;57.2;13.1;7.15;3.52;0.6;2.02;6.32;148.2;110.3;21.2;4;12.6;1.44;1.13;0.2;0.28;1.47;1.48;0.122;42.8;12.07;5.77;3.7;0.66;2.11;5.39;110.9;86.5;9.4;4.2;10.8;0.8;0.33;0.15;0.19
9;50;100;0;0;14.75;2.76;7.7;2.75;2.71;0.227;44.9;12;6.59;3.21;0.53;1.86;4.12;146.5;119;15.6;3.7;8.2;1.8;0.46;0.2;0.26;0.65;0.65;0.128;55.1;4.99;2.38;1.57;0.25;0.9;3.58;179.7;161.3;9.4;1.8;7.2;0.22;0.3;0.06;0.08
9;50;100;0;50;14.37;2.84;8.12;2.84;2.84;0.233;44.9;12.21;6.74;3.32;0.55;1.88;4.42;146.4;119.3;14.5;3.8;8.8;1.78;0.59;0.19;0.28;0.76;0.76;0.133;55.1;5.58;2.73;1.71;0.29;0.96;3.7;179.8;161;9.5;1.9;7.4;0.24;0.37;0.07;0.08
9;50;100;0;100;13.76;2.84;8.18;2.97;3.02;0.241;44.9;12.56;6.87;3.37;0.55;1.85;4.47;145.9;119.5;13.7;3.7;8.9;1.81;0.75;0.19;0.27;0.86;0.84;0.143;55.1;5.76;2.87;1.72;0.29;0.99;3.71;179.2;160.6;9.2;2;7.4;0.24;0.45;0.07;0.09
9;50;100;50;0;16.81;3.31;9.15;2.9;2.83;0.218;50.6;12.96;7.06;3.47;0.61;2.04;4.93;148.4;115.3;19.2;4.1;9.9;1.73;0.61;0.21;0.28;0.85;0.87;0.123;49.4;6.95;3.38;2.12;0.37;1.27;4.21;144.7;124.7;9;2.5;8.4;0.4;0.29;0.08;0.11
9;50;100;50;50;16.61;3.45;10.06;3.08;3.09;0.231;50.5;13.36;7.3;3.7;0.56;2.06;5.45;148.5;115.2;18.3;4.1;10.9;1.76;0.83;0.21;0.29;1.06;1.05;0.127;49.5;8.16;3.96;2.53;0.43;1.39;4.62;145.8;124.8;9;2.8;9.2;0.47;0.35;0.1;0.13
9;50;100;50;100;16.49;3.73;10.63;3.29;3.28;0.241;50;13.63;7.57;3.7;0.6;2.08;5.77;147.5;114.2;17.6;4.2;11.5;1.72;1.05;0.23;0.28;1.25;1.26;0.132;50;9.44;4.6;2.87;0.5;1.65;4.86;147.7;125.8;8.9;3.3;9.7;0.56;0.44;0.11;0.15
9;50;100;100;0;19.07;3.49;10.39;3.03;3.1;0.22;58.5;14.07;7.55;3.86;0.68;2.09;5.47;150.4;111.9;23.3;4.2;10.9;1.72;0.86;0.21;0.3;1.06;1;0.122;41.5;8.12;3.89;2.53;0.4;1.4;4.92;106.7;85.4;8.6;2.8;9.8;0.51;0.27;0.09;0.13
9;50;100;100;50;18.81;3.98;11.66;3.2;3.24;0.226;57.7;14.34;7.75;3.94;0.69;2.16;6.19;149.3;110.6;22;4.3;12.4;1.65;1.05;0.22;0.33;1.27;1.29;0.124;42.3;10.34;4.91;3.21;0.56;1.81;5.47;109.5;86.2;8.7;3.6;10.9;0.66;0.34;0.11;0.17
9;50;100;100;100;18.79;4.34;12.53;3.54;3.53;0.237;57.1;14.86;8.08;4.01;0.68;2.18;6.75;148.6;109.5;21.3;4.4;13.5;1.66;1.33;0.22;0.31;1.57;1.57;0.127;42.9;12.22;5.96;3.69;0.65;2.16;5.78;111.6;87;8.7;4.3;11.6;0.81;0.42;0.14;0.2
9;100;0;0;0;17;2.67;7.61;2.45;2.55;0.229;37.3;11.13;6.03;3.04;0.51;1.72;4.08;107.9;81;15.3;3.4;8.2;1.79;0.33;0.19;0.24;0.67;0.64;0.117;62.7;5.4;2.57;1.68;0.31;0.95;3.54;181.3;158;14.4;1.9;7.1;0.22;0.27;0.07;0.08
9;100;0;0;50;16.78;2.79;8.17;2.59;2.7;0.234;37.4;11.54;6.18;3.25;0.5;1.74;4.4;108;81.5;14.2;3.5;8.8;1.82;0.45;0.18;0.26;0.7;0.74;0.121;62.6;5.97;2.85;1.87;0.3;1.05;3.77;181.3;157.1;14.6;2.1;7.5;0.23;0.35;0.06;0.09
9;100;0;0;100;16.49;2.99;8.37;2.71;2.79;0.238;37.5;11.72;6.39;3.2;0.56;1.83;4.5;108;82.1;13.3;3.7;9;1.82;0.54;0.19;0.25;0.85;0.85;0.128;62.5;6.56;3.15;1.92;0.34;1.16;3.87;180.6;155.8;14.7;2.3;7.7;0.23;0.44;0.08;0.1
9;100;0;50;0;18.97;3.08;8.67;2.71;2.62;0.224;43.4;11.71;6.48;3.15;0.53;1.8;4.7;111.3;79.7;18.6;3.6;9.4;1.78;0.41;0.19;0.25;0.89;0.85;0.117;56.6;7.2;3.49;2.17;0.36;1.28;3.96;145.1;120.5;14.2;2.6;7.9;0.38;0.26;0.09;0.12
9;100;0;50;50;18.91;3.32;9.61;2.75;2.77;0.23;43.1;12.08;6.54;3.31;0.54;1.78;5.25;111.2;79.4;17.8;3.6;10.5;1.73;0.56;0.19;0.28;1.02;1.05;0.119;56.9;8.69;4.17;2.61;0.46;1.53;4.36;147.2;120.9;14.5;3.1;8.7;0.46;0.35;0.1;0.13
9;100;0;50;100;18.75;3.58;10.4;2.87;2.87;0.234;42.8;12.28;6.64;3.38;0.55;1.78;5.58;111;79.5;16.7;3.6;11.2;1.74;0.68;0.19;0.26;1.23;1.24;0.123;57.2;10.03;4.87;3;0.51;1.81;4.82;148.4;120.7;14.5;3.6;9.6;0.53;0.43;0.12;0.16
9;100;0;100;0;21.23;3.33;9.95;2.52;2.63;0.219;51.3;12.07;6.41;3.34;0.59;1.84;5.3;114.4;78.1;22.1;3.7;10.6;1.7;0.48;0.18;0.27;0.96;0.99;0.115;48.7;8.52;4.04;2.66;0.44;1.49;4.66;108.6;81.9;14.3;3;9.3;0.5;0.27;0.09;0.13
9;100;0;100;50;20.98;3.93;10.94;2.89;2.88;0.225;50.8;12.8;6.96;3.39;0.62;1.99;5.88;114.3;77.2;21.4;4;11.8;1.71;0.69;0.2;0.27;1.23;1.25;0.119;49.2;10.44;5.09;3.16;0.56;1.94;5.06;110.7;82.8;13.9;3.9;10.1;0.63;0.32;0.13;0.16
9;100;0;100;100;20.82;4.21;12.26;2.97;3.04;0.23;50.2;13.17;7.17;3.5;0.62;2.03;6.54;113.9;76.6;20.2;4.1;13.1;1.7;0.84;0.22;0.28;1.55;1.54;0.12;49.8;12.69;6.06;3.97;0.66;2.19;5.72;113;83.4;13.8;4.4;11.4;0.78;0.41;0.14;0.21
9;100;50;0;0;17.01;3.06;8.58;3.11;3.09;0.233;38;13.27;7.36;3.56;0.58;2.07;4.54;110.2;82;15;4.1;9.1;2.23;0.35;0.22;0.28;0.72;0.74;0.126;62;5.73;2.74;1.75;0.3;0.99;4.04;180;156.1;13.9;2;8.1;0.22;0.37;0.07;0.09
9;100;50;0;50;16.57;3.16;9.06;3.08;3.21;0.238;38.2;13.51;7.34;3.66;0.64;2.09;4.9;110.6;82.6;14;4.2;9.8;2.26;0.46;0.21;0.28;0.87;0.82;0.127;61.8;6.33;3.11;1.91;0.36;1.07;4.16;179.1;154.8;13.9;2.1;8.3;0.22;0.43;0.07;0.1
9;100;50;0;100;16.21;3.24;9.44;3.4;3.39;0.242;37.8;13.99;7.71;3.77;0.63;2.05;5.05;109.6;82.1;13.3;4.1;10.1;2.24;0.62;0.21;0.31;0.99;0.93;0.134;62.2;6.86;3.42;2.09;0.32;1.2;4.39;180.6;155.7;13.7;2.4;8.8;0.23;0.5;0.08;0.11
9;100;50;50;0;19.21;3.45;10.03;3.07;3.14;0.225;43.7;13.94;7.56;3.79;0.62;2.15;5.27;113.4;79.7;18.9;4.3;10.5;2.15;0.47;0.23;0.29;0.92;0.94;0.123;56.3;7.54;3.58;2.4;0.4;1.3;4.75;146.1;120.5;13.6;2.6;9.5;0.37;0.36;0.08;0.12
9;100;50;50;50;18.72;3.65;10.8;3.28;3.36;0.235;43.7;14.31;7.69;3.91;0.67;2.09;5.79;113.4;80;17.6;4.2;11.6;2.19;0.65;0.22;0.29;1.13;1.1;0.123;56.3;8.9;4.28;2.68;0.49;1.55;5.01;146.4;120;13.3;3.1;10;0.46;0.4;0.1;0.14
9;100;50;50;100;18.59;4.02;11.47;3.55;3.49;0.238;43;14.67;8.12;3.86;0.67;2.22;6.06;112.6;79.2;16.8;4.4;12.1;2.13;0.83;0.23;0.3;1.31;1.31;0.127;57;10.25;5;3.01;0.57;1.79;5.41;149.1;121.2;13.5;3.6;10.8;0.53;0.5;0.11;0.17
9;100;50;100;0;21.03;3.78;11.06;3.26;3.31;0.222;51.7;14.91;8.05;4.06;0.69;2.26;5.94;116.4;77.6;22.4;4.5;11.9;2.11;0.64;0.22;0.34;1.12;1.08;0.121;48.3;8.77;4.2;2.71;0.44;1.52;5.12;108.7;82.4;13;3;10.2;0.5;0.35;0.1;0.13
9;100;50;100;50;20.83;4.4;12.32;3.41;3.53;0.23;51.1;15.38;8.31;4.18;0.72;2.35;6.66;116.4;77;21.3;4.7;13.3;2.09;0.86;0.25;0.33;1.3;1.33;0.122;48.9;10.87;5.28;3.33;0.59;2.04;5.66;111.3;83;13;4.1;11.3;0.64;0.39;0.13;0.17
9;100;50;100;100;20.63;4.63;13.53;3.69;3.75;0.238;50.5;15.75;8.55;4.25;0.77;2.31;7.29;115.8;76.4;20.2;4.6;14.6;2.09;1.09;0.23;0.34;1.61;1.62;0.124;49.5;13.01;6.29;3.96;0.7;2.32;6.24;113.6;83.6;12.8;4.6;12.5;0.79;0.47;0.15;0.2
9;100;100;0;0;16.85;3.44;9.88;3.69;3.75;0.235;38.6;15.97;8.7;4.31;0.75;2.44;5.3;112.8;82.1;15.2;4.9;10.6;2.71;0.44;0.26;0.34;0.82;0.8;0.133;61.4;5.96;2.88;1.84;0.32;1;4.58;179.7;155.8;12.7;2;9.2;0.21;0.42;0.07;0.1
9;100;100;0;50;16.29;3.58;10.11;3.88;3.88;0.24;38.4;16.18;9.01;4.19;0.71;2.46;5.42;112;82.3;14;4.9;10.8;2.71;0.57;0.26;0.35;0.96;0.95;0.143;61.6;6.53;3.27;1.92;0.35;1.13;4.69;179.9;155.4;12.9;2.3;9.4;0.23;0.54;0.07;0.1
9;100;100;0;100;16.07;3.52;10.34;3.88;3.96;0.246;38.4;16.13;8.85;4.25;0.77;2.33;5.58;111.6;82.7;13.1;4.7;11.2;2.68;0.71;0.24;0.33;1.08;1.05;0.149;61.6;6.97;3.5;2.04;0.37;1.18;4.76;179.4;154.6;13;2.4;9.5;0.23;0.63;0.08;0.11
9;100;100;50;0;18.64;3.85;11.13;3.76;3.8;0.23;44.3;16.57;8.91;4.5;0.8;2.49;5.98;115.4;80;18.4;5;12;2.62;0.57;0.27;0.35;0.96;1;0.127;55.7;7.75;3.73;2.43;0.35;1.36;5.16;145.4;120;12.3;2.7;10.3;0.38;0.41;0.08;0.13
9;100;100;50;50;18.39;4;11.87;3.94;3.99;0.238;43.8;16.82;9.2;4.51;0.77;2.47;6.34;114.6;79.4;17.5;4.9;12.7;2.59;0.79;0.25;0.36;1.19;1.21;0.134;56.2;8.96;4.37;2.76;0.45;1.53;5.53;147.3;120.9;12.3;3.1;11.1;0.45;0.52;0.09;0.15
9;100;100;50;100;18.22;4.27;12.54;4.27;4.26;0.245;43.7;17.41;9.57;4.6;0.8;2.5;6.84;114.8;79.4;16.7;5;13.7;2.62;1;0.27;0.37;1.43;1.44;0.138;56.3;10.41;5.04;3.16;0.55;1.77;5.7;148.2;120.9;12.3;3.5;11.4;0.53;0.63;0.12;0.16
9;100;100;100;0;20.77;4.32;12.12;3.92;4.02;0.23;52.2;17.54;9.49;4.74;0.87;2.69;6.6;118.6;77.6;22.4;5.4;13.2;2.53;0.82;0.28;0.38;1.14;1.14;0.126;47.8;8.95;4.34;2.69;0.5;1.63;5.52;108.8;82.4;12;3.3;11;0.49;0.4;0.11;0.14
9;100;100;100;50;20.36;4.64;13.36;4.11;4.23;0.234;51.4;18.11;9.91;4.88;0.83;2.83;7.18;117.7;76.4;21.2;5.7;14.4;2.52;1.02;0.28;0.4;1.42;1.43;0.13;48.6;10.92;5.16;3.38;0.56;1.81;6.18;111.2;83.6;11.7;3.6;12.4;0.64;0.49;0.12;0.17
9;100;100;100;100;20.59;4.98;14.52;4.3;4.42;0.242;50.7;18.29;10.02;4.87;0.88;2.72;7.8;117.5;75.8;20.7;5.4;15.6;2.46;1.29;0.28;0.39;1.73;1.72;0.131;49.3;12.98;6.29;3.99;0.7;2.26;6.71;114;84.2;11.8;4.5;13.4;0.78;0.59;0.14;0.2
10;0;0;0;0;13.65;1.74;4.97;1.38;1.36;0.206;50.1;6.57;3.52;1.82;0.29;1.02;2.72;179.3;155.3;16.5;2;5.4;0.74;0.37;0.11;0.15;0.49;0.48;0.112;49.9;4.09;1.96;1.27;0.23;0.72;2.25;178.5;164.7;7.9;1.4;4.5;0.22;0.14;0.05;0.06
10;0;0;0;50;12.99;1.83;5.19;1.52;1.52;0.219;49.8;6.92;3.71;1.92;0.32;1.09;2.77;177.6;154.7;15.2;2.2;5.5;0.77;0.48;0.11;0.15;0.54;0.5;0.112;50.2;4.25;2.08;1.25;0.26;0.74;2.42;179.3;165.3;7.7;1.5;4.8;0.23;0.15;0.05;0.07
10;0;0;0;100;12.9;1.95;5.55;1.61;1.61;0.226;49.7;7.13;3.82;1.97;0.35;1.06;2.99;177.6;154.9;14.6;2.1;6;0.77;0.58;0.11;0.16;0.58;0.56;0.114;50.3;4.76;2.31;1.44;0.25;0.89;2.55;179.8;165.1;7.8;1.8;5.1;0.24;0.19;0.06;0.07
10;0;0;50;0;15.68;2.19;6.41;1.45;1.5;0.201;56.1;7.43;3.84;2.17;0.36;1.14;3.46;181.1;151.9;20;2.3;6.9;0.75;0.45;0.12;0.17;0.69;0.7;0.114;43.9;5.98;2.84;1.83;0.32;1.05;2.95;141.5;126;7.5;2.1;5.9;0.39;0.14;0.07;0.1
10;0;0;50;50;15.39;2.46;7.05;1.59;1.63;0.213;55.5;7.65;4.02;2.16;0.38;1.17;3.77;179.2;150.3;19;2.3;7.5;0.73;0.59;0.13;0.18;0.81;0.82;0.115;44.5;7.06;3.45;2.11;0.4;1.29;3.28;143.9;127.2;7.5;2.6;6.6;0.47;0.15;0.09;0.11
10;0;0;50;100;15.12;2.71;7.61;1.77;1.77;0.222;55.2;7.98;4.43;2.11;0.33;1.27;4.11;178.7;149.8;18.1;2.5;8.2;0.73;0.72;0.13;0.18;0.95;0.94;0.115;44.8;8.11;3.89;2.46;0.44;1.44;3.49;145;127.6;7.5;2.9;7;0.54;0.18;0.1;0.13
10;0;0;100;0;17.73;2.57;7.33;1.6;1.56;0.196;64.1;7.96;4.19;2.18;0.39;1.25;3.91;182.8;148.8;23.7;2.5;7.8;0.72;0.53;0.14;0.18;0.82;0.85;0.114;35.9;7.3;3.49;2.26;0.39;1.33;3.42;102.5;85.6;7.4;2.7;6.8;0.51;0.14;0.09;0.12
10;0;0;100;50;17.7;3.05;8.48;1.76;1.79;0.208;63.3;8.59;4.64;2.31;0.4;1.39;4.64;181.3;146.6;22.6;2.8;9.3;0.71;0.74;0.15;0.18;1.04;1.04;0.115;36.7;9.03;4.32;2.84;0.47;1.66;3.85;105.2;86.7;7.5;3.3;7.7;0.65;0.15;0.11;0.14
10;0;0;100;100;17.66;3.39;9.68;1.9;1.95;0.216;62.4;9.03;4.85;2.48;0.41;1.39;5.19;179.7;144.5;22;2.8;10.4;0.69;0.92;0.15;0.19;1.23;1.27;0.115;37.6;10.99;5.23;3.42;0.56;1.99;4.49;108.1;87.8;7.3;4;9;0.79;0.17;0.13;0.18
10;0;50;0;0;13.21;1.89;5.14;1.43;1.43;0.206;50;6.95;3.7;1.91;0.35;1.13;2.71;178.6;154.4;16.5;2.3;5.4;0.77;0.39;0.12;0.15;0.51;0.5;0.116;50;4.13;1.97;1.24;0.23;0.76;2.42;178.8;165.6;6.8;1.5;4.8;0.23;0.16;0.05;0.06
10;0;50;0;50;12.98;1.91;5.47;1.52;1.55;0.216;49.8;7.18;3.77;2.01;0.35;1.09;2.93;178.1;154.3;15.8;2.2;5.9;0.76;0.53;0.11;0.15;0.51;0.53;0.117;50.2;4.41;2.15;1.38;0.21;0.82;2.55;179.4;165.7;6.9;1.6;5.1;0.23;0.18;0.05;0.07
10;0;50;0;100;12.17;1.9;5.57;1.75;1.75;0.229;49.5;7.62;4.13;2.06;0.38;1.11;3.03;176.4;153.6;14.6;2.2;6.1;0.77;0.67;0.13;0.18;0.58;0.57;0.121;50.5;4.57;2.19;1.4;0.25;0.79;2.54;179.7;166.4;6.6;1.6;5.1;0.23;0.21;0.06;0.07
10;0;50;50;0;15.3;2.34;6.64;1.55;1.57;0.2;56.2;7.84;4.11;2.21;0.39;1.25;3.69;181.3;151.5;20;2.5;7.4;0.77;0.49;0.14;0.17;0.73;0.72;0.116;43.8;6.13;2.9;1.92;0.34;1.09;2.96;141.1;126.4;6.6;2.2;5.9;0.4;0.15;0.07;0.09
10;0;50;50;50;15.15;2.52;7.43;1.87;1.82;0.216;55.3;8.44;4.61;2.28;0.37;1.27;4.02;178.3;148.5;19.3;2.5;8;0.76;0.73;0.13;0.19;0.8;0.84;0.116;44.7;7.14;3.35;2.3;0.37;1.25;3.41;144.4;128.6;6.4;2.5;6.8;0.48;0.16;0.08;0.11
10;0;50;50;100;14.8;2.81;8.16;1.91;1.95;0.224;54.8;8.7;4.72;2.29;0.42;1.32;4.41;177.1;147.4;18.2;2.6;8.8;0.73;0.89;0.14;0.19;0.99;1.01;0.119;45.2;8.43;4.01;2.65;0.41;1.49;3.75;146.3;129.4;6.4;3;7.5;0.57;0.2;0.1;0.13
10;0;50;100;0;17.45;2.83;7.93;1.81;1.84;0.203;63.8;9.05;4.85;2.51;0.44;1.49;4.28;181.8;146.4;23.8;3;8.6;0.76;0.72;0.16;0.2;0.91;0.88;0.116;36.2;7.54;3.67;2.33;0.39;1.34;3.66;103.1;86.8;6.3;2.7;7.3;0.53;0.15;0.09;0.12
10;0;50;100;50;17.42;3.05;9.05;1.99;1.99;0.21;62.8;9.48;5;2.66;0.45;1.42;4.95;179.2;143.6;22.9;2.8;9.9;0.71;0.92;0.15;0.22;1.06;1.06;0.115;37.2;9.16;4.33;2.87;0.52;1.63;4.1;106;88.2;6.4;3.3;8.2;0.67;0.15;0.1;0.14
10;0;50;100;100;17.25;3.44;10.07;2.28;2.28;0.226;62;10.06;5.42;2.73;0.48;1.5;5.46;177.5;141.4;22.2;3;10.9;0.72;1.17;0.16;0.22;1.29;1.3;0.116;38;11.06;5.25;3.44;0.59;1.94;4.61;108.5;89.3;6.1;3.9;9.2;0.82;0.19;0.12;0.17
10;0;100;0;0;12.85;1.88;5.37;1.6;1.56;0.211;49.8;7.42;3.98;2;0.37;1.14;2.89;177.8;153;16.8;2.3;5.8;0.76;0.53;0.13;0.15;0.51;0.52;0.122;50.2;4.14;2.05;1.24;0.19;0.74;2.48;179.2;167;5.7;1.5;5;0.23;0.18;0.05;0.06
10;0;100;0;50;12.5;1.98;5.71;1.71;1.73;0.219;49.7;7.88;4.2;2.18;0.4;1.21;3.11;177.2;152.8;15.8;2.4;6.2;0.79;0.64;0.13;0.18;0.58;0.58;0.126;50.3;4.43;2.08;1.36;0.26;0.77;2.59;179.7;167.2;5.8;1.5;5.2;0.24;0.22;0.05;0.07
10;0;100;0;100;11.91;2.05;5.88;1.94;1.9;0.232;49.3;8.16;4.52;2.21;0.34;1.2;3.17;175.6;152.1;14.7;2.4;6.3;0.81;0.8;0.13;0.17;0.57;0.61;0.13;50.7;4.57;2.27;1.4;0.23;0.85;2.71;180.7;167.9;5.7;1.7;5.4;0.24;0.25;0.05;0.07
10;0;100;50;0;15.05;2.39;7;1.74;1.77;0.204;55.6;8.69;4.54;2.48;0.4;1.34;3.81;179;148.3;20.4;2.7;7.6;0.75;0.68;0.14;0.2;0.73;0.73;0.12;44.4;6;2.9;1.85;0.3;1.06;3.19;142.8;128.8;5.6;2.1;6.4;0.39;0.17;0.07;0.1
10;0;100;50;50;14.68;2.67;7.68;1.97;1.97;0.218;55;9.04;4.86;2.5;0.43;1.38;4.12;177.1;146.8;19.3;2.8;8.2;0.75;0.88;0.15;0.2;0.92;0.88;0.121;45;7.17;3.49;2.22;0.36;1.29;3.55;145;129.9;5.5;2.6;7.1;0.49;0.2;0.08;0.12
10;0;100;50;100;14.52;2.87;8.5;2.26;2.24;0.233;54.3;9.59;5.23;2.56;0.46;1.42;4.56;175.6;145;18.6;2.8;9.1;0.76;1.12;0.15;0.21;0.97;1.05;0.124;45.7;8.38;3.95;2.73;0.45;1.45;3.94;147.5;131.3;5.5;2.9;7.9;0.57;0.24;0.09;0.14
10;0;100;100;0;17.2;2.92;8.27;2.02;2.02;0.205;63.5;9.82;5.24;2.72;0.48;1.56;4.45;180.2;144;24.2;3.1;8.9;0.74;0.89;0.17;0.22;0.84;0.91;0.119;36.5;7.53;3.6;2.29;0.39;1.36;3.82;103.7;88;5.3;2.7;7.6;0.53;0.16;0.09;0.12
10;0;100;100;50;17.15;3.31;9.47;2.23;2.28;0.214;62.5;10.66;5.66;2.98;0.48;1.64;5.2;178.1;140.9;23.5;3.3;10.4;0.74;1.13;0.18;0.24;1.13;1.11;0.119;37.5;9.24;4.51;2.81;0.46;1.67;4.27;106.6;89.5;5.2;3.3;8.5;0.68;0.19;0.11;0.14
10;0;100;100;100;17.23;3.72;10.37;2.57;2.54;0.231;61.6;10.98;6.09;2.87;0.53;1.69;5.63;175.9;138.7;22.6;3.4;11.3;0.71;1.39;0.19;0.24;1.33;1.36;0.121;38.4;11.19;5.39;3.44;0.58;2.03;4.74;109.5;90.7;5.3;4.1;9.5;0.83;0.23;0.13;0.17
10;50;0;0;0;15.31;2.22;6.38;2.15;2.09;0.226;44.7;9.25;5;2.5;0.45;1.41;3.45;144.9;119.1;16.1;2.8;6.9;1.39;0.36;0.15;0.2;0.52;0.56;0.115;55.3;4.71;2.2;1.46;0.24;0.81;2.92;179.6;161.3;10.8;1.6;5.8;0.22;0.2;0.06;0.08
10;50;0;0;50;14.88;2.23;6.58;2.17;2.16;0.233;44.4;9.27;5.05;2.48;0.46;1.38;3.52;143.7;118.8;15.2;2.8;7;1.35;0.46;0.14;0.2;0.59;0.58;0.115;55.6;4.9;2.38;1.52;0.28;0.86;3.05;180.3;161.6;10.8;1.7;6.1;0.22;0.22;0.06;0.08
10;50;0;0;100;14.59;2.38;6.99;2.44;2.33;0.239;44.5;9.77;5.4;2.6;0.43;1.44;3.84;144.1;119.3;14.3;2.9;7.7;1.4;0.56;0.15;0.21;0.63;0.64;0.115;55.5;5.43;2.6;1.74;0.27;0.95;3.15;180.1;161;10.9;1.9;6.3;0.23;0.26;0.06;0.09
10;50;0;50;0;17.37;2.7;7.76;2.22;2.16;0.22;50.6;9.86;5.38;2.69;0.46;1.53;4.11;147.3;116.5;19.5;3.1;8.2;1.36;0.44;0.16;0.2;0.73;0.77;0.115;49.4;6.61;3.14;2.08;0.32;1.17;3.65;143.8;123.5;10.7;2.3;7.3;0.39;0.2;0.08;0.11
10;50;0;50;50;17.36;2.89;8.33;2.29;2.28;0.227;50.3;10.06;5.42;2.76;0.49;1.55;4.54;146.8;115.7;18.9;3.1;9.1;1.31;0.59;0.16;0.21;0.84;0.87;0.114;49.7;7.52;3.54;2.4;0.35;1.33;3.79;145.1;124.3;10.6;2.7;7.6;0.46;0.22;0.08;0.11
10;50;0;50;100;16.94;3.2;9.27;2.46;2.49;0.233;49.8;10.67;5.88;2.88;0.47;1.66;5;146.1;115;17.7;3.3;10;1.35;0.73;0.18;0.23;0.97;1.04;0.115;50.2;8.95;4.15;2.86;0.5;1.54;4.26;147.1;125;10.4;3.1;8.5;0.54;0.25;0.1;0.14
10;50;0;100;0;19.34;2.94;8.57;2.23;2.19;0.214;58.7;10.25;5.46;2.84;0.48;1.56;4.59;149.5;114.3;22.8;3.1;9.2;1.3;0.51;0.16;0.23;0.89;0.91;0.115;41.3;7.87;3.68;2.52;0.42;1.38;3.98;105.1;83.8;10.6;2.8;8;0.5;0.2;0.09;0.13
10;50;0;100;50;19.35;3.44;9.9;2.41;2.45;0.222;58;11.06;6.05;2.98;0.47;1.75;5.36;148.9;112.7;22;3.5;10.7;1.3;0.73;0.18;0.24;1.19;1.14;0.115;42;9.82;4.67;3.06;0.53;1.68;4.54;107.9;84.9;10.6;3.4;9.1;0.65;0.23;0.11;0.16
10;50;0;100;100;19.13;3.85;10.99;2.61;2.6;0.228;57.4;11.41;6.3;3.03;0.51;1.78;5.98;148.4;111.6;21.2;3.6;12;1.28;0.9;0.19;0.24;1.38;1.34;0.115;42.6;11.63;5.54;3.57;0.63;2.06;5.01;110;85.6;10.3;4.1;10;0.78;0.25;0.13;0.18
10;50;50;0;0;15.18;2.49;7.08;2.39;2.45;0.229;45;10.72;5.88;2.9;0.48;1.66;3.82;146.6;119.4;16.3;3.3;7.6;1.66;0.38;0.18;0.24;0.61;0.58;0.119;55;4.76;2.33;1.42;0.26;0.83;3.26;179;160.8;10;1.7;6.5;0.21;0.24;0.06;0.08
10;50;50;0;50;14.68;2.51;7.26;2.49;2.56;0.235;44.7;10.9;5.95;2.97;0.53;1.67;3.94;145.3;118.8;15.3;3.3;7.9;1.63;0.51;0.18;0.24;0.68;0.64;0.124;55.3;5.09;2.45;1.54;0.29;0.84;3.32;179.7;161.6;9.8;1.7;6.6;0.23;0.28;0.06;0.08
10;50;50;0;100;14.21;2.63;7.49;2.73;2.68;0.243;44.5;11.07;6.12;2.96;0.5;1.64;3.98;144.4;118.9;14.2;3.3;8;1.61;0.65;0.17;0.24;0.74;0.75;0.13;55.5;5.68;2.74;1.76;0.3;0.99;3.51;180.3;161.4;9.9;2;7;0.24;0.35;0.07;0.1
10;50;50;50;0;17.2;3.07;8.33;2.6;2.51;0.22;50.6;11.41;6.28;3.02;0.51;1.84;4.46;147.9;115.5;19.8;3.7;8.9;1.57;0.5;0.19;0.25;0.88;0.81;0.118;49.4;6.75;3.3;2.05;0.37;1.23;3.87;144.3;124.5;9.6;2.5;7.7;0.39;0.23;0.08;0.11
10;50;50;50;50;17;3.06;9.18;2.71;2.67;0.231;50.3;11.58;6.28;3.18;0.53;1.7;5.05;147.4;115.1;18.7;3.4;10.1;1.54;0.71;0.17;0.26;0.94;0.96;0.12;49.7;7.88;3.75;2.47;0.41;1.36;4.12;145.6;124.9;9.7;2.7;8.2;0.47;0.28;0.09;0.12
10;50;50;50;100;16.77;3.47;9.88;2.95;2.9;0.237;49.9;12.26;6.76;3.25;0.58;1.83;5.42;146.9;114.4;18;3.7;10.8;1.56;0.88;0.19;0.28;1.15;1.14;0.123;50.1;9.17;4.5;2.74;0.48;1.63;4.46;147.4;125.6;9.6;3.3;8.9;0.55;0.34;0.11;0.15
10;50;50;100;0;19.24;3.26;9.36;2.72;2.71;0.222;58.7;12.25;6.56;3.31;0.59;1.85;5.04;150.2;113.1;23.4;3.7;10.1;1.55;0.7;0.2;0.27;0.94;0.95;0.118;41.3;7.98;3.82;2.44;0.43;1.41;4.32;105.5;84.6;9.4;2.8;8.6;0.5;0.22;0.09;0.14
10;50;50;100;50;18.99;3.67;10.61;2.82;2.88;0.227;58;12.73;6.83;3.48;0.59;1.94;5.75;149.2;111.4;22.4;3.9;11.5;1.52;0.89;0.21;0.27;1.12;1.17;0.119;42;9.79;4.66;3.02;0.49;1.72;4.86;108;85.7;9.1;3.4;9.7;0.65;0.27;0.11;0.15
10;50;50;100;100;19.12;4.13;11.9;3.1;3.19;0.237;57.2;13.49;7.39;3.69;0.63;2.02;6.44;148.6;109.8;21.9;4;12.9;1.51;1.16;0.22;0.3;1.4;1.44;0.121;42.8;11.75;5.62;3.65;0.64;2.11;5.46;111.1;86.8;9.1;4.2;10.9;0.78;0.32;0.14;0.18
10;50;100;0;0;14.56;2.71;7.68;2.86;2.86;0.234;44.9;12.23;6.74;3.27;0.56;1.89;4.16;146.5;118.3;16.1;3.8;8.3;1.88;0.51;0.21;0.27;0.63;0.62;0.126;55.1;4.81;2.35;1.47;0.23;0.82;3.53;179.7;162.3;8.7;1.6;7.1;0.23;0.27;0.06;0.07
10;50;100;0;50;14.32;2.83;8.01;3;2.96;0.239;44.9;12.42;6.84;3.29;0.55;1.85;4.35;146.3;118.8;15.1;3.7;8.7;1.89;0.61;0.2;0.26;0.72;0.72;0.133;55.1;5.31;2.66;1.58;0.29;0.98;3.65;179.8;161.6;9;2;7.3;0.23;0.34;0.06;0.08
10;50;100;0;100;13.84;2.77;8.25;3.18;3.17;0.246;44.7;12.87;7.09;3.43;0.58;1.83;4.57;145.5;118.7;14.1;3.7;9.1;1.91;0.77;0.2;0.29;0.77;0.81;0.143;55.3;5.61;2.73;1.7;0.29;0.94;3.68;179.9;161.8;8.9;1.9;7.4;0.23;0.43;0.06;0.09
10;50;100;50;0;16.86;3.13;9.24;2.98;3.02;0.228;50.9;13.3;7.2;3.65;0.66;2.01;5.02;149.1;115.1;20;4;10;1.84;0.67;0.21;0.3;0.82;0.83;0.123;49.1;6.63;3.1;2.08;0.36;1.12;4.22;144.1;124.9;8.5;2.2;8.4;0.38;0.27;0.07;0.11
10;50;100;50;50;16.66;3.43;9.75;3.17;3.18;0.236;50.2;13.49;7.36;3.63;0.6;1.99;5.24;147.7;114.5;18.8;4;10.5;1.81;0.85;0.22;0.29;1;1.02;0.127;49.8;7.95;3.87;2.4;0.4;1.44;4.51;146.3;125.5;8.8;2.9;9;0.46;0.33;0.09;0.13
10;50;100;50;100;16.46;3.7;10.44;3.41;3.39;0.245;49.7;13.86;7.75;3.6;0.58;2.04;5.64;146.7;113.2;18.1;4.1;11.3;1.78;1.09;0.22;0.3;1.16;1.23;0.131;50.3;9.27;4.43;2.84;0.49;1.66;4.8;148.3;126.8;8.5;3.3;9.6;0.56;0.42;0.1;0.15
10;50;100;100;0;19.01;3.59;10.34;3.1;3.17;0.225;58.7;14.08;7.55;3.84;0.7;2.18;5.58;150.8;112;23.3;4.4;11.2;1.77;0.87;0.23;0.29;0.96;1.01;0.122;41.3;8.17;3.87;2.6;0.43;1.41;4.75;106.1;85.4;8.5;2.8;9.5;0.52;0.26;0.1;0.13
10;50;100;100;50;18.81;3.93;11.33;3.46;3.39;0.23;57.8;14.76;8.07;3.96;0.67;2.2;6.08;149.2;109.6;23;4.4;12.2;1.74;1.1;0.23;0.32;1.2;1.21;0.123;42.2;9.75;4.74;2.97;0.49;1.73;5.24;108.9;86.9;8;3.5;10.5;0.64;0.31;0.11;0.16
10;50;100;100;100;18.91;4.34;12.58;3.62;3.62;0.242;57;14.99;8.4;3.92;0.66;2.27;6.71;148.3;108.6;21.8;4.5;13.4;1.72;1.35;0.25;0.31;1.41;1.54;0.127;43;12.03;5.73;3.74;0.65;2.07;5.87;111.8;87.6;8.2;4.1;11.7;0.8;0.4;0.14;0.19
10;100;0;0;0;17.14;2.64;7.6;2.73;2.66;0.234;37.3;11.34;6.33;2.96;0.51;1.69;4.14;108;80.7;15.7;3.4;8.3;1.89;0.35;0.18;0.25;0.58;0.62;0.115;62.7;5.27;2.51;1.64;0.29;0.95;3.46;181.6;158.7;14.2;1.9;6.9;0.22;0.26;0.06;0.08
10;100;0;0;50;16.71;2.72;7.95;2.82;2.78;0.24;37.3;11.61;6.37;3.1;0.52;1.71;4.3;107.8;81;14.8;3.4;8.6;1.89;0.46;0.17;0.25;0.63;0.68;0.117;62.7;5.73;2.77;1.77;0.29;1.01;3.65;181.3;158;14;2;7.3;0.22;0.3;0.07;0.09
10;100;0;0;100;16.49;2.84;8.25;2.94;2.87;0.245;37.4;11.77;6.55;3.09;0.56;1.74;4.46;107.9;81.6;13.8;3.5;8.9;1.9;0.54;0.18;0.25;0.8;0.79;0.121;62.6;6.39;3.06;1.98;0.34;1.11;3.79;180.7;156.7;14.2;2.2;7.6;0.23;0.4;0.07;0.09
10;100;0;50;0;18.93;3.07;8.87;2.77;2.71;0.229;43.3;11.84;6.55;3.08;0.56;1.77;4.75;111.2;79.2;19;3.5;9.5;1.85;0.42;0.18;0.26;0.81;0.85;0.116;56.7;7.24;3.49;2.22;0.37;1.3;4.11;145.7;121.2;13.7;2.6;8.2;0.39;0.26;0.08;0.12
10;100;0;50;50;18.91;3.25;9.58;2.95;2.88;0.235;43.1;12.29;6.72;3.29;0.6;1.77;5.19;111.3;79.1;18.3;3.5;10.4;1.85;0.58;0.18;0.27;0.98;0.99;0.116;56.9;8.42;3.97;2.61;0.42;1.49;4.38;146.9;121.3;13.8;3;8.8;0.45;0.31;0.1;0.13
10;100;0;50;100;18.81;3.6;10.48;3.08;3.03;0.239;43;12.7;7.05;3.31;0.59;1.9;5.7;111.7;79;17.5;3.8;11.4;1.85;0.72;0.19;0.27;1.17;1.17;0.119;57;9.71;4.66;3.08;0.49;1.7;4.78;148.3;121.6;13.8;3.4;9.6;0.52;0.39;0.11;0.15
10;100;0;100;0;21.07;3.4;9.64;2.84;2.78;0.224;51.5;12.44;6.82;3.35;0.53;1.9;5.15;114.6;77.8;22.7;3.8;10.3;1.8;0.5;0.2;0.27;0.99;0.99;0.116;48.5;8.42;3.98;2.55;0.46;1.5;4.49;107.9;82.2;13.7;3;9;0.49;0.26;0.1;0.14
10;100;0;100;50;21.17;3.83;10.89;3;2.98;0.229;50.9;13.02;7.05;3.53;0.6;1.96;5.86;114.5;76.8;22;3.9;11.7;1.78;0.72;0.21;0.28;1.2;1.2;0.116;49.1;10.3;4.93;3.17;0.54;1.87;5.04;110.5;83.2;13.5;3.7;10.1;0.62;0.3;0.12;0.17
10;100;0;100;100;20.88;4.38;12.25;3.21;3.2;0.234;50.3;13.65;7.51;3.75;0.56;2.05;6.64;114.6;76.2;21.1;4.1;13.3;1.78;0.9;0.22;0.3;1.5;1.49;0.118;49.7;12.5;6.12;3.79;0.63;2.33;5.61;113.1;83.8;13.4;4.7;11.2;0.77;0.37;0.15;0.19
10;100;50;0;0;17;2.96;8.65;3.2;3.22;0.239;38.2;13.5;7.41;3.65;0.61;1.99;4.66;110.8;81.8;15.6;4;9.3;2.35;0.36;0.22;0.29;0.75;0.69;0.12;61.8;5.63;2.74;1.71;0.31;0.97;3.99;179.7;156.3;13.4;1.9;8;0.21;0.33;0.06;0.09
10;100;50;0;50;16.48;3.13;9.01;3.39;3.37;0.243;38.2;13.89;7.7;3.7;0.63;2.06;5;110.8;82;14.7;4.1;10;2.36;0.49;0.22;0.3;0.77;0.79;0.128;61.8;6.08;2.95;1.9;0.3;1.07;4.02;179.5;156.1;13.3;2.1;8;0.21;0.4;0.07;0.1
10;100;50;0;100;16.19;3.33;9.43;3.51;3.47;0.249;37.9;13.96;7.82;3.64;0.62;2.11;5.07;110;82.1;13.5;4.2;10.1;2.35;0.62;0.21;0.3;0.93;0.94;0.133;62.1;6.96;3.45;2.12;0.37;1.23;4.35;180.3;155.8;13.3;2.5;8.7;0.24;0.51;0.08;0.11
10;100;50;50;0;18.85;3.48;10.03;3.33;3.34;0.232;44.1;14.4;7.85;3.88;0.71;2.21;5.43;114;79.8;19;4.4;10.9;2.33;0.47;0.23;0.31;0.93;0.91;0.12;55.9;7.47;3.58;2.33;0.41;1.27;4.6;144.9;120.3;12.9;2.5;9.2;0.38;0.32;0.09;0.12
10;100;50;50;50;18.66;3.78;10.81;3.55;3.52;0.24;43.6;14.71;8.15;3.88;0.68;2.19;5.88;113.4;79.2;18;4.4;11.8;2.28;0.68;0.22;0.33;1.09;1.11;0.123;56.4;8.88;4.29;2.73;0.44;1.59;4.92;147;121.1;12.9;3.2;9.8;0.46;0.4;0.11;0.14
10;100;50;50;100;18.45;4.07;11.6;3.75;3.69;0.243;43.2;15.16;8.49;3.89;0.72;2.27;6.29;113.2;78.7;17.4;4.5;12.6;2.26;0.86;0.24;0.32;1.25;1.28;0.126;56.8;10.07;4.91;3.09;0.49;1.8;5.31;148.9;122;12.7;3.6;10.6;0.53;0.47;0.11;0.17
10;100;50;100;0;20.79;3.69;11.07;3.45;3.48;0.231;51.9;15.09;8.1;4.25;0.7;2.18;6.01;116.6;77.6;22.6;4.4;12;2.24;0.68;0.22;0.33;1.03;1.03;0.119;48.1;8.62;4.04;2.72;0.5;1.51;5.06;108;82.4;12.5;3;10.1;0.49;0.31;0.1;0.13
10;100;50;100;50;20.61;4.15;12.22;3.68;3.68;0.234;51.2;15.73;8.55;4.23;0.76;2.32;6.6;116.1;76.4;21.8;4.6;13.2;2.21;0.88;0.25;0.35;1.33;1.29;0.121;48.8;10.57;5.05;3.34;0.55;1.83;5.62;110.7;83.6;12.2;3.7;11.2;0.63;0.37;0.12;0.17
10;100;50;100;100;20.81;4.64;13.32;3.86;3.86;0.243;50.5;15.91;8.78;4.23;0.72;2.4;7.1;115.9;75.6;21.2;4.8;14.2;2.15;1.13;0.24;0.33;1.52;1.57;0.123;49.5;12.63;6.09;3.86;0.7;2.24;6.22;113.7;84.4;12.4;4.5;12.4;0.77;0.46;0.14;0.2
10;100;100;0;0;16.84;3.41;9.73;3.93;3.9;0.244;38.7;16.04;8.89;4.23;0.7;2.36;5.29;112.9;82.1;15.5;4.7;10.6;2.83;0.48;0.25;0.33;0.81;0.79;0.132;61.3;5.84;2.9;1.7;0.33;1.04;4.44;179.3;155.8;12.5;2.1;8.9;0.21;0.42;0.07;0.09
10;100;100;0;50;16.08;3.58;10.13;4.05;4.09;0.246;38.4;16.61;9.29;4.32;0.81;2.53;5.43;112.2;81.7;14.5;5.1;10.9;2.86;0.6;0.27;0.35;0.87;0.89;0.142;61.6;6.14;2.97;1.9;0.31;1.05;4.71;179.9;156.5;11.9;2.1;9.4;0.22;0.51;0.07;0.09
10;100;100;0;100;15.97;3.48;10.39;4.26;4.18;0.252;38.2;16.64;9.24;4.34;0.77;2.34;5.57;111.4;82.1;13.5;4.7;11.1;2.84;0.74;0.25;0.35;0.99;1.05;0.15;61.8;6.93;3.33;2.12;0.36;1.14;4.82;180.2;155.8;12.4;2.3;9.6;0.23;0.63;0.07;0.11
10;100;100;50;0;18.9;3.84;11.09;3.98;3.98;0.237;44.2;16.8;9.22;4.55;0.72;2.5;5.94;115.5;79.3;19.3;5;11.9;2.72;0.64;0.27;0.35;1.01;0.99;0.127;55.8;7.67;3.72;2.34;0.38;1.34;5.15;146;121.1;12;2.7;10.3;0.39;0.39;0.1;0.12
10;100;100;50;50;18.35;4.1;11.73;4.2;4.19;0.244;43.9;17.2;9.52;4.61;0.77;2.56;6.31;114.9;79.2;18;5.1;12.6;2.75;0.81;0.26;0.37;1.18;1.2;0.134;56.1;8.88;4.27;2.77;0.42;1.53;5.42;147;121.3;11.8;3.1;10.8;0.45;0.5;0.11;0.14
10;100;100;50;100;18.31;4.27;12.45;4.49;4.36;0.251;43.5;17.43;9.81;4.51;0.77;2.53;6.63;114.4;78.7;17.4;5.1;13.3;2.71;1.04;0.26;0.35;1.39;1.4;0.137;56.5;10.17;5;3.13;0.5;1.74;5.82;149;122;11.9;3.5;11.6;0.53;0.6;0.11;0.16
10;100;100;100;0;20.71;4.25;12.27;4.22;4.19;0.234;52.1;17.91;9.77;4.89;0.85;2.69;6.63;118.5;77;22.9;5.4;13.3;2.66;0.86;0.28;0.39;1.08;1.11;0.125;47.9;8.8;4.24;2.71;0.46;1.56;5.64;108.8;83;11.4;3.1;11.3;0.49;0.38;0.1;0.14
10;100;100;100;50;20.53;4.56;13.31;4.44;4.39;0.239;51.5;18.4;10.13;4.86;0.85;2.71;7.23;118;76.3;21.9;5.4;14.5;2.66;1.05;0.29;0.39;1.42;1.42;0.13;48.5;10.81;5.15;3.4;0.58;1.85;6.09;111.1;83.7;11.5;3.7;12.2;0.63;0.49;0.13;0.17
10;100;100;100;100;20.49;5;14.2;4.63;4.53;0.247;50.7;18.33;10.17;4.82;0.83;2.68;7.6;117;75.6;20.9;5.4;15.2;2.58;1.29;0.28;0.38;1.73;1.72;0.132;49.3;12.96;6.47;3.81;0.62;2.33;6.6;113.8;84.4;11.6;4.7;13.2;0.78;0.58;0.16;0.2
11;0;0;0;0;13.65;1.75;5.09;1.44;1.47;0.216;50;6.75;3.58;1.87;0.34;1.02;2.77;179;154.5;16.9;2;5.5;0.78;0.4;0.12;0.16;0.4;0.42;0.101;50;3.98;1.86;1.26;0.24;0.73;2.32;178.9;165.5;7.3;1.5;4.6;0.2;0.12;0.04;0.06
11;0;0;0;50;13.36;1.9;5.29;1.56;1.58;0.224;49.9;7.03;3.8;1.93;0.33;1.08;2.94;178.5;154.5;16;2.2;5.9;0.8;0.49;0.12;0.17;0.45;0.46;0.102;50.1;4.28;2.04;1.31;0.24;0.82;2.36;179.3;165.5;7.5;1.6;4.7;0.21;0.14;0.05;0.06
11;0;0;0;100;12.75;1.88;5.35;1.64;1.63;0.231;49.6;7.06;3.87;1.85;0.33;1.07;2.88;176.9;153.9;15.1;2.1;5.8;0.77;0.59;0.12;0.15;0.46;0.49;0.106;50.4;4.46;2.11;1.39;0.24;0.81;2.47;179.8;166.1;7.2;1.6;4.9;0.22;0.16;0.05;0.07
11;0;0;50;0;15.9;2.16;6.3;1.58;1.57;0.209;56.2;7.45;3.92;2.07;0.34;1.13;3.43;181.3;151.4;20.8;2.3;6.9;0.78;0.5;0.12;0.17;0.6;0.61;0.103;43.8;5.72;2.71;1.78;0.32;1.03;2.86;141.4;126.4;7.2;2.1;5.7;0.34;0.12;0.06;0.09
11;0;0;50;50;15.58;2.46;7.04;1.67;1.67;0.218;55.6;7.68;4.19;2.05;0.37;1.22;3.89;179.9;150.2;19.4;2.4;7.8;0.76;0.61;0.13;0.18;0.7;0.73;0.104;44.4;6.89;3.21;2.22;0.36;1.25;3.15;143.4;127.3;7.3;2.5;6.3;0.42;0.13;0.08;0.1
11;0;0;50;100;15.27;2.73;7.82;1.86;1.9;0.227;55.2;8.36;4.52;2.25;0.4;1.29;4.27;178.9;149.1;18.6;2.6;8.5;0.81;0.75;0.15;0.19;0.86;0.87;0.106;44.8;8.05;3.76;2.56;0.44;1.43;3.55;145.1;128.1;7;2.9;7.1;0.49;0.16;0.09;0.12
11;0;0;100;0;17.79;2.62;7.39;1.63;1.66;0.205;64;8.1;4.28;2.28;0.35;1.27;3.98;182.7;148.2;24.1;2.5;8;0.75;0.58;0.14;0.2;0.73;0.76;0.104;36;7.16;3.37;2.29;0.36;1.34;3.4;102.5;85.9;7.1;2.7;6.8;0.45;0.12;0.08;0.11
11;0;0;100;50;17.93;3;8.55;1.93;1.87;0.211;63.2;8.85;4.75;2.42;0.43;1.36;4.68;181.2;145.5;23.6;2.7;9.4;0.73;0.77;0.16;0.21;0.88;0.93;0.104;36.8;8.87;4.17;2.8;0.49;1.64;3.88;105.2;87.2;7;3.3;7.8;0.57;0.13;0.1;0.13
11;0;0;100;100;17.65;3.36;9.68;2.09;2.08;0.22;62.5;9.43;5.12;2.56;0.43;1.45;5.35;179.7;143.5;22.6;2.9;10.7;0.74;0.96;0.16;0.22;1.12;1.14;0.106;37.5;10.66;4.93;3.43;0.56;1.91;4.33;107.6;88.2;6.8;3.8;8.7;0.71;0.15;0.12;0.16
11;0;50;0;0;13.26;1.86;5.12;1.54;1.54;0.216;49.9;7.12;3.89;1.93;0.33;1.14;2.75;178.4;153.5;17;2.3;5.5;0.81;0.44;0.13;0.16;0.45;0.45;0.108;50.1;3.96;1.9;1.21;0.21;0.73;2.37;179;166.5;6.4;1.5;4.7;0.2;0.14;0.05;0.06
11;0;50;0;50;12.83;1.88;5.33;1.68;1.65;0.222;49.7;7.41;4.09;2;0.32;1.17;2.84;177.5;153.3;16.2;2.3;5.7;0.81;0.54;0.13;0.17;0.45;0.46;0.109;50.3;4.09;1.92;1.29;0.2;0.71;2.49;179.4;166.7;6.3;1.4;5;0.2;0.16;0.04;0.06
11;0;50;0;100;12.52;1.93;5.66;1.87;1.82;0.234;49.4;7.77;4.29;2.03;0.31;1.13;3.08;176.3;152.6;15.3;2.3;6.2;0.8;0.71;0.13;0.18;0.55;0.55;0.112;50.6;4.66;2.21;1.47;0.25;0.8;2.58;180.6;167.4;6.4;1.6;5.2;0.22;0.21;0.05;0.07
11;0;50;50;0;15.49;2.35;6.61;1.69;1.68;0.207;56;8.1;4.33;2.21;0.42;1.23;3.64;180.6;150.1;20.7;2.5;7.3;0.79;0.56;0.13;0.2;0.63;0.66;0.109;44;5.93;2.8;1.8;0.31;1.12;2.96;141.8;127.4;6.2;2.2;5.9;0.35;0.14;0.07;0.09
11;0;50;50;50;15.15;2.54;7.39;1.81;1.83;0.219;55.4;8.34;4.45;2.33;0.4;1.27;4.03;178.8;148.4;19.7;2.5;8.1;0.74;0.74;0.14;0.2;0.74;0.77;0.108;44.6;7.02;3.27;2.24;0.37;1.27;3.36;144.2;128.7;6.2;2.5;6.7;0.42;0.16;0.07;0.11
11;0;50;50;100;14.85;2.87;8.06;2.08;2.05;0.228;54.7;8.97;4.92;2.45;0.38;1.36;4.36;176.8;146.4;19;2.7;8.7;0.76;0.93;0.15;0.21;0.9;0.9;0.11;45.3;8.06;3.87;2.5;0.44;1.51;3.7;146.5;130.2;5.9;3;7.4;0.5;0.18;0.09;0.12
11;0;50;100;0;17.69;2.75;7.78;1.88;1.86;0.205;63.9;9.06;4.82;2.47;0.42;1.43;4.26;181.7;145.6;24.7;2.9;8.5;0.74;0.75;0.16;0.21;0.77;0.79;0.107;36.1;7.24;3.44;2.29;0.36;1.32;3.52;102.8;87.2;5.9;2.6;7;0.46;0.14;0.08;0.11
11;0;50;100;50;17.47;3.15;8.84;2.24;2.11;0.214;62.8;9.85;5.34;2.67;0.48;1.51;4.79;179.1;142.8;23.7;3;9.6;0.77;0.95;0.17;0.23;0.99;0.95;0.107;37.2;8.84;4.21;2.74;0.46;1.64;4.05;105.9;88.6;5.9;3.3;8.1;0.58;0.15;0.1;0.13
11;0;50;100;100;17.48;3.53;10.04;2.37;2.35;0.229;62;10.21;5.59;2.7;0.5;1.52;5.44;177.6;140.9;22.8;3;10.9;0.72;1.21;0.18;0.23;1.19;1.2;0.108;38;11;5.21;3.41;0.56;2;4.61;108.8;89.5;6;4;9.2;0.73;0.19;0.12;0.16
11;0;100;0;0;12.91;1.9;5.29;1.73;1.69;0.216;49.8;7.79;4.25;2.08;0.38;1.19;2.84;177.7;152.2;17.4;2.4;5.7;0.83;0.54;0.13;0.18;0.48;0.46;0.114;50.2;3.85;1.9;1.16;0.19;0.71;2.45;179.3;167.8;5.3;1.4;4.9;0.19;0.16;0.05;0.06
11;0;100;0;50;12.52;1.94;5.62;1.8;1.79;0.223;49.5;8.04;4.31;2.19;0.38;1.16;3.08;176.5;151.6;16.4;2.3;6.2;0.81;0.67;0.13;0.18;0.49;0.51;0.117;50.5;4.21;2;1.33;0.19;0.78;2.53;180.4;168.4;5.4;1.6;5.1;0.21;0.19;0.04;0.06
11;0;100;0;100;11.97;2.03;5.77;2.04;2.02;0.238;49.1;8.53;4.66;2.3;0.38;1.24;3.16;174.9;150.7;15.4;2.5;6.3;0.83;0.85;0.15;0.19;0.57;0.56;0.122;50.9;4.42;2.19;1.34;0.2;0.78;2.61;181.3;169.3;5.2;1.6;5.2;0.22;0.23;0.05;0.07
11;0;100;50;0;15.04;2.4;6.98;1.79;1.83;0.21;55.7;8.71;4.6;2.42;0.43;1.36;3.81;179.4;148.4;20.7;2.7;7.6;0.8;0.67;0.14;0.21;0.67;0.68;0.112;44.3;5.94;2.82;1.85;0.34;1.04;3.17;142.4;128.7;5.2;2.1;6.3;0.36;0.17;0.07;0.09
11;0;100;50;50;14.75;2.64;7.66;2.13;2.08;0.222;55;9.32;5.06;2.56;0.46;1.37;4.21;177.1;146.1;19.9;2.7;8.4;0.79;0.91;0.15;0.22;0.8;0.8;0.113;45;6.96;3.38;2.14;0.37;1.27;3.46;144.9;130.5;5;2.5;6.9;0.43;0.18;0.09;0.1
11;0;100;50;100;14.45;2.85;8.22;2.3;2.33;0.244;54.5;9.56;5.31;2.55;0.41;1.43;4.49;175.5;144.7;19;2.9;9;0.78;1.18;0.16;0.21;0.94;0.93;0.115;45.5;8.04;3.86;2.51;0.42;1.42;3.73;146.7;131.5;5;2.8;7.5;0.5;0.22;0.09;0.12
11;0;100;100;0;17.34;2.89;8.24;2.11;2.12;0.208;63.3;10.22;5.4;2.88;0.5;1.58;4.51;179.4;142.3;24.9;3.2;9;0.74;0.95;0.18;0.25;0.75;0.8;0.11;36.7;7.21;3.39;2.2;0.41;1.3;3.72;103.9;88.9;5;2.6;7.4;0.47;0.15;0.08;0.11
11;0;100;100;50;17.33;3.37;9.41;2.39;2.38;0.218;62.5;10.91;5.92;2.99;0.53;1.68;5.15;177.8;140.2;24;3.4;10.3;0.78;1.15;0.2;0.26;0.95;1.01;0.111;37.5;8.99;4.29;2.78;0.48;1.69;4.26;106.7;89.9;4.9;3.4;8.5;0.59;0.18;0.1;0.14
11;0;100;100;100;17.31;3.64;10.49;2.79;2.7;0.241;61.5;11.23;6.27;2.95;0.5;1.67;5.73;175.2;137.3;23.2;3.3;11.5;0.75;1.51;0.19;0.26;1.2;1.22;0.111;38.5;10.92;5.17;3.39;0.61;1.98;4.75;109.7;91.4;4.9;4;9.5;0.74;0.2;0.12;0.16
11;50;0;0;0;15.39;2.19;6.35;2.1;2.16;0.234;44.7;9.22;5.03;2.47;0.44;1.37;3.49;145;118.7;16.6;2.7;7;1.4;0.39;0.14;0.22;0.48;0.49;0.104;55.3;4.57;2.15;1.44;0.26;0.82;2.86;179.6;161.8;10.5;1.6;5.7;0.19;0.18;0.05;0.07
11;50;0;0;50;15.03;2.31;6.69;2.33;2.32;0.24;44.5;9.65;5.31;2.6;0.42;1.4;3.63;144.3;118.6;15.7;2.8;7.3;1.47;0.48;0.15;0.21;0.55;0.53;0.104;55.5;4.92;2.37;1.54;0.25;0.91;3.06;180.2;161.9;10.4;1.8;6.1;0.21;0.2;0.06;0.07
11;50;0;0;100;14.59;2.47;6.99;2.43;2.43;0.246;44.6;9.9;5.54;2.58;0.47;1.47;3.91;144.8;119.4;14.6;2.9;7.8;1.47;0.57;0.17;0.23;0.63;0.61;0.11;55.4;5.44;2.59;1.69;0.29;0.99;3.08;179.5;160.9;10.5;2;6.2;0.21;0.26;0.06;0.08
11;50;0;50;0;17.34;2.63;7.7;2.31;2.31;0.229;50.5;10.12;5.47;2.71;0.48;1.49;4.18;146.9;115.6;20;3;8.4;1.42;0.49;0.16;0.24;0.66;0.68;0.105;49.5;6.38;2.99;2.01;0.34;1.14;3.52;143.9;124.4;10.1;2.3;7;0.35;0.17;0.07;0.1
11;50;0;50;50;17.1;2.89;8.29;2.48;2.44;0.234;50.4;10.44;5.67;2.85;0.44;1.55;4.56;146.8;115.4;19.2;3.1;9.1;1.42;0.61;0.17;0.24;0.78;0.8;0.105;49.6;7.46;3.49;2.31;0.42;1.34;3.73;144.8;124.6;10;2.7;7.5;0.41;0.19;0.09;0.11
11;50;0;50;100;17.02;3.17;9.28;2.55;2.56;0.239;49.8;10.74;5.78;2.93;0.51;1.58;5.05;146.1;114.8;18.1;3.2;10.1;1.4;0.75;0.18;0.24;1.02;0.97;0.108;50.2;8.93;4.24;2.82;0.44;1.59;4.23;147.2;125.2;10.3;3.2;8.5;0.49;0.25;0.1;0.13
11;50;0;100;0;19.5;2.99;8.46;2.37;2.36;0.224;58.8;10.57;5.78;2.82;0.48;1.67;4.57;149.7;113.4;23.8;3.3;9.1;1.37;0.57;0.18;0.24;0.81;0.79;0.104;41.2;7.48;3.54;2.39;0.37;1.32;3.9;104.8;84.4;10;2.6;7.8;0.44;0.17;0.08;0.11
11;50;0;100;50;19.39;3.44;9.83;2.62;2.58;0.227;57.9;11.39;6.2;3.07;0.54;1.69;5.36;148.7;111.5;23;3.4;10.7;1.36;0.76;0.19;0.27;1;0.99;0.105;42.1;9.31;4.49;2.83;0.49;1.75;4.47;107.9;85.6;9.8;3.5;8.9;0.56;0.18;0.11;0.14
11;50;0;100;100;19.24;3.84;11.07;2.82;2.74;0.232;57.3;11.79;6.48;3.17;0.52;1.76;6.05;147.9;110.4;21.9;3.5;12.1;1.32;0.95;0.2;0.27;1.23;1.22;0.107;42.7;11.35;5.5;3.56;0.56;2.08;5.02;110.4;86.4;9.8;4.2;10;0.69;0.24;0.12;0.17
11;50;50;0;0;15.13;2.42;6.91;2.53;2.54;0.238;44.8;10.71;5.88;2.83;0.48;1.59;3.67;145.5;118.4;16.6;3.2;7.3;1.7;0.43;0.18;0.24;0.48;0.53;0.111;55.3;4.51;2.09;1.44;0.25;0.82;3.23;179.7;162.2;9.5;1.6;6.5;0.19;0.21;0.05;0.07
11;50;50;0;50;14.64;2.52;7.42;2.64;2.66;0.242;44.7;11.06;6.08;2.94;0.52;1.64;4;145.5;118.6;15.6;3.3;8;1.7;0.54;0.18;0.25;0.59;0.62;0.117;55.3;5.09;2.44;1.63;0.25;0.88;3.42;179.9;161.9;9.5;1.8;6.8;0.2;0.28;0.06;0.08
11;50;50;0;100;13.96;2.71;7.6;2.77;2.84;0.25;44.5;11.37;6.33;2.96;0.52;1.72;4.07;144.5;118.6;14.4;3.4;8.1;1.74;0.66;0.2;0.24;0.67;0.68;0.122;55.5;5.43;2.6;1.73;0.28;0.99;3.53;180.1;161.9;9.2;2;7.1;0.21;0.33;0.06;0.08
11;50;50;50;0;16.93;2.81;8.26;2.62;2.62;0.231;50.9;11.34;6.13;3.11;0.5;1.7;4.57;148.3;115.7;20;3.4;9.1;1.65;0.52;0.18;0.26;0.67;0.7;0.11;49.1;6.32;2.97;2.01;0.34;1.12;3.69;143;124.3;9.1;2.2;7.4;0.34;0.21;0.07;0.09
11;50;50;50;50;16.8;3.13;9.01;2.85;2.84;0.237;50.3;11.96;6.58;3.24;0.55;1.77;4.91;147.3;114.5;19.4;3.5;9.8;1.64;0.74;0.19;0.27;0.9;0.86;0.113;49.7;7.5;3.63;2.26;0.43;1.36;4.1;145.4;125.5;9.1;2.7;8.2;0.41;0.26;0.08;0.11
11;50;50;50;100;16.69;3.42;9.72;3.03;3;0.243;50;12.35;6.84;3.24;0.57;1.82;5.34;146.7;114.1;18.3;3.6;10.7;1.63;0.9;0.2;0.27;1;1.02;0.115;50;8.78;4.21;2.69;0.43;1.6;4.38;147.1;125.9;9.2;3.2;8.8;0.48;0.32;0.09;0.13
11;50;50;100;0;19.06;3.25;9.4;2.85;2.85;0.228;59;12.54;6.76;3.46;0.56;1.88;5.18;150.7;112.9;23.7;3.8;10.4;1.64;0.72;0.2;0.3;0.85;0.84;0.109;41;7.62;3.58;2.4;0.42;1.37;4.22;104.8;84.8;8.9;2.7;8.4;0.44;0.21;0.08;0.12
11;50;50;100;50;19.05;3.67;10.59;3.03;3;0.232;57.9;12.96;7.14;3.49;0.55;1.94;5.69;148.9;110.8;22.9;3.9;11.4;1.6;0.9;0.2;0.3;1.07;1.08;0.111;42.1;9.65;4.55;2.96;0.57;1.74;4.9;108.3;86.1;8.9;3.5;9.8;0.57;0.25;0.11;0.15
11;50;50;100;100;18.96;4.07;11.7;3.31;3.25;0.243;57.1;13.42;7.44;3.6;0.59;1.97;6.33;147.7;109.1;22;3.9;12.7;1.56;1.17;0.22;0.3;1.37;1.31;0.112;42.9;11.55;5.58;3.57;0.62;2.1;5.37;110.8;87.3;8.6;4.2;10.7;0.7;0.3;0.13;0.17
11;50;100;0;0;14.82;2.66;7.52;3.03;2.97;0.24;44.9;12.36;6.81;3.27;0.57;1.82;4.1;146.4;117.9;16.7;3.6;8.2;1.95;0.53;0.2;0.28;0.53;0.57;0.12;55.1;4.59;2.2;1.41;0.22;0.84;3.42;179.8;162.8;8.4;1.7;6.8;0.19;0.26;0.05;0.06
11;50;100;0;50;14.42;2.77;7.89;3.18;3.12;0.245;44.9;12.74;7.1;3.4;0.57;1.89;4.3;146.4;118.2;15.8;3.8;8.6;1.97;0.64;0.22;0.28;0.68;0.66;0.126;55.1;5.09;2.45;1.56;0.27;0.88;3.6;179.8;162.4;8.5;1.8;7.2;0.2;0.33;0.06;0.08
11;50;100;0;100;13.93;2.86;8.16;3.31;3.29;0.253;44.3;13.03;7.32;3.38;0.56;1.93;4.33;144.5;117.3;14.7;3.9;8.7;1.97;0.81;0.22;0.28;0.72;0.74;0.135;55.7;5.37;2.64;1.63;0.27;0.93;3.83;181.6;163.6;8.4;1.9;7.7;0.21;0.4;0.06;0.08
11;50;100;50;0;17.23;3.19;9.03;3.1;3.05;0.233;50.7;13.13;7.26;3.48;0.6;1.99;4.87;148.9;114.5;20.7;4;9.7;1.87;0.68;0.21;0.29;0.74;0.76;0.116;49.3;6.48;3.14;2;0.32;1.2;4.16;144.6;125.5;8.4;2.4;8.3;0.34;0.26;0.07;0.1
11;50;100;50;50;16.63;3.35;9.73;3.46;3.33;0.241;50.1;13.83;7.62;3.63;0.64;1.99;5.28;147.2;113.1;19.6;4;10.6;1.91;0.9;0.22;0.3;0.94;0.91;0.118;49.9;7.65;3.68;2.37;0.4;1.36;4.45;146.4;126.9;7.9;2.7;8.9;0.41;0.31;0.08;0.11
11;50;100;50;100;16.27;3.62;10.46;3.64;3.57;0.255;50;14.01;7.85;3.65;0.61;2.02;5.79;147.2;113.4;18.2;4;11.6;1.9;1.13;0.22;0.31;1.07;1.13;0.124;50;9.01;4.38;2.77;0.42;1.6;4.67;147.3;126.6;8.2;3.2;9.3;0.49;0.41;0.1;0.13
11;50;100;100;0;18.96;3.51;10.54;3.32;3.34;0.231;58.7;14.49;7.84;4.04;0.69;2.13;5.76;150.8;111.2;23.9;4.3;11.5;1.88;0.9;0.23;0.33;0.92;0.9;0.113;41.3;7.86;3.68;2.51;0.44;1.38;4.78;106;85.9;7.8;2.8;9.6;0.45;0.25;0.08;0.12
11;50;100;100;50;18.99;4.04;11.4;3.35;3.49;0.236;57.7;14.82;8.03;4;0.69;2.23;6.13;149.3;109.3;23.2;4.5;12.3;1.81;1.11;0.23;0.34;1.13;1.14;0.116;42.3;9.76;4.73;2.98;0.5;1.81;5.27;109.2;87.1;8;3.6;10.5;0.58;0.3;0.11;0.15
11;50;100;100;100;18.82;4.27;12.45;3.87;3.83;0.251;57.1;15.25;8.6;3.98;0.63;2.24;6.75;148.5;107.9;22.6;4.5;13.5;1.79;1.47;0.24;0.33;1.38;1.38;0.118;42.9;11.59;5.58;3.6;0.61;2.03;5.7;111.3;88;7.8;4.1;11.4;0.7;0.38;0.13;0.18
11;100;0;0;0;17.24;2.65;7.58;2.79;2.8;0.244;37.4;11.48;6.37;3.05;0.49;1.73;4.09;108.4;80.5;16.3;3.5;8.2;1.97;0.38;0.18;0.26;0.51;0.55;0.105;62.6;5.12;2.39;1.6;0.3;0.92;3.48;181.4;159;13.6;1.8;7;0.19;0.23;0.05;0.07
11;100;0;0;50;16.87;2.73;8.04;2.93;2.93;0.248;37.4;11.85;6.6;3.12;0.56;1.7;4.37;108.3;81.1;15.1;3.4;8.7;2;0.47;0.18;0.27;0.64;0.65;0.111;62.6;5.76;2.73;1.81;0.31;1.03;3.66;181.1;157.8;13.9;2.1;7.3;0.2;0.31;0.06;0.09
11;100;0;0;100;16.36;2.85;8.44;3.02;3.03;0.251;37.4;12.07;6.7;3.24;0.54;1.75;4.6;108.1;81.3;14.1;3.5;9.2;2;0.57;0.19;0.27;0.74;0.74;0.117;62.6;6.16;3.01;1.93;0.33;1.11;3.83;180.9;157.3;13.7;2.2;7.7;0.19;0.38;0.07;0.09
11;100;0;50;0;19.09;3.06;8.83;2.88;2.87;0.239;43.3;12.05;6.64;3.23;0.54;1.79;4.73;111.4;78.8;19.5;3.6;9.5;1.93;0.47;0.19;0.28;0.78;0.76;0.106;56.7;7.06;3.35;2.2;0.38;1.27;4.11;146;121.8;13.5;2.5;8.2;0.34;0.23;0.08;0.11
11;100;0;50;50;18.8;3.28;9.67;3.05;3.01;0.242;43.1;12.44;6.88;3.29;0.58;1.84;5.18;111.4;78.7;18.7;3.7;10.4;1.94;0.58;0.2;0.28;0.89;0.9;0.109;56.9;8.2;3.88;2.58;0.47;1.44;4.49;147;121.9;13.2;2.9;9;0.4;0.3;0.08;0.12
11;100;0;50;100;18.77;3.58;10.42;3.24;3.13;0.246;42.8;12.75;7.1;3.34;0.6;1.86;5.67;111.2;78.4;17.7;3.7;11.3;1.92;0.73;0.2;0.28;1.05;1.08;0.112;57.2;9.58;4.61;2.98;0.49;1.72;4.75;148.6;122.4;13.3;3.4;9.5;0.47;0.37;0.1;0.14
11;100;0;100;0;21.09;3.33;9.7;2.97;2.93;0.233;51.5;12.61;6.88;3.39;0.58;1.85;5.27;114.6;77.2;23.1;3.7;10.5;1.87;0.56;0.21;0.29;0.88;0.88;0.105;48.5;8.27;3.92;2.57;0.45;1.48;4.42;107.9;82.8;13.3;3;8.8;0.44;0.22;0.09;0.12
11;100;0;100;50;21.02;3.81;10.89;3.09;3.08;0.236;51;13.07;7.12;3.46;0.63;1.97;5.93;114.5;76.4;22.3;3.9;11.9;1.86;0.72;0.21;0.29;1.04;1.09;0.107;49;10.07;4.79;3.15;0.55;1.84;4.96;110.1;83.6;13;3.7;9.9;0.56;0.28;0.1;0.15
11;100;0;100;100;20.79;4.13;12.07;3.35;3.29;0.241;50.4;13.69;7.49;3.59;0.61;2.01;6.5;114.2;75.7;21.5;4;13;1.86;0.91;0.21;0.31;1.37;1.35;0.11;49.6;12.16;5.78;3.76;0.64;2.12;5.56;112.5;84.3;12.8;4.2;11.1;0.68;0.35;0.13;0.19
11;100;50;0;0;17.02;2.89;8.5;3.43;3.39;0.248;38.2;13.66;7.45;3.65;0.62;1.89;4.68;110.7;81.5;16;3.8;9.4;2.46;0.4;0.21;0.32;0.65;0.66;0.116;61.9;5.54;2.62;1.74;0.29;1;3.82;179.7;156.9;13.1;2;7.6;0.19;0.32;0.06;0.08
11;100;50;0;50;16.65;3.17;8.86;3.61;3.56;0.25;38.1;14.25;8.01;3.77;0.6;2.16;4.85;110.7;81.3;15.4;4.3;9.7;2.47;0.52;0.24;0.32;0.77;0.72;0.122;61.9;5.82;2.87;1.74;0.29;1.01;4.01;180.2;157.4;12.8;2;8;0.19;0.39;0.06;0.08
11;100;50;0;100;16.27;3.26;9.18;3.65;3.66;0.255;37.7;14.37;8.08;3.68;0.65;2.11;4.96;109.6;81.1;14.4;4.2;9.9;2.43;0.68;0.23;0.31;0.79;0.83;0.128;62.3;6.41;3.1;1.98;0.33;1.15;4.22;181.3;157.9;12.7;2.3;8.4;0.2;0.47;0.07;0.09
11;100;50;50;0;19.19;3.48;10;3.52;3.51;0.24;44;14.63;8.06;3.96;0.66;2.15;5.48;114.3;79.1;20;4.3;11;2.39;0.54;0.24;0.33;0.82;0.83;0.113;56;7.25;3.46;2.28;0.37;1.33;4.52;145.6;121.4;12.5;2.7;9;0.34;0.31;0.08;0.11
11;100;50;50;50;18.74;3.7;10.67;3.63;3.64;0.247;43.7;14.78;8.19;3.86;0.65;2.17;5.79;113.6;79.1;18.6;4.3;11.6;2.39;0.7;0.23;0.32;1.04;1.02;0.116;56.3;8.66;4.13;2.67;0.46;1.54;4.88;146.7;121.4;12.5;3.1;9.8;0.41;0.39;0.1;0.12
11;100;50;50;100;18.61;4;11.51;3.75;3.84;0.251;43.4;15.33;8.52;4.02;0.67;2.3;6.26;113.6;78.6;17.9;4.6;12.5;2.38;0.87;0.25;0.34;1.14;1.17;0.119;56.6;9.73;4.62;3;0.56;1.7;5.25;148.5;122.1;12.5;3.4;10.5;0.47;0.46;0.1;0.14
11;100;50;100;0;20.81;3.77;10.69;3.71;3.63;0.237;52;15.31;8.5;4.04;0.69;2.31;5.83;116.5;76.9;23.3;4.6;11.7;2.32;0.71;0.25;0.35;0.94;0.92;0.111;48;8.17;3.9;2.51;0.44;1.46;4.86;107.7;83.1;12;2.9;9.7;0.43;0.29;0.09;0.11
11;100;50;100;50;20.78;4.25;12.27;3.9;3.85;0.241;51.4;16;8.86;4.28;0.71;2.36;6.74;117;76.4;22.3;4.7;13.5;2.33;0.9;0.25;0.37;1.12;1.2;0.114;48.6;10.44;4.93;3.26;0.57;1.89;5.53;110.4;83.6;12;3.8;11.1;0.55;0.37;0.12;0.16
11;100;50;100;100;20.65;4.53;13.43;4.11;4.08;0.249;50.6;16.42;9.11;4.34;0.78;2.37;7.25;115.9;75;21.6;4.7;14.5;2.28;1.17;0.25;0.38;1.42;1.43;0.115;49.4;12.34;5.91;3.82;0.64;2.17;6.18;113.3;85;11.7;4.3;12.4;0.69;0.43;0.13;0.18
11;100;100;0;0;16.97;3.43;9.77;4.06;4.04;0.25;38.4;16.17;8.98;4.28;0.73;2.39;5.25;112.6;81.1;16.2;4.8;10.5;2.92;0.5;0.26;0.36;0.73;0.72;0.125;61.6;5.65;2.81;1.74;0.29;1.04;4.53;181;157.8;12.1;2.1;9.1;0.2;0.39;0.06;0.08
11;100;100;0;50;16.43;3.48;10.06;4.23;4.25;0.253;38.6;16.78;9.36;4.44;0.74;2.44;5.57;112.9;81.7;15.2;4.9;11.1;2.97;0.62;0.27;0.38;0.86;0.85;0.139;61.4;6.04;2.99;1.8;0.32;1.04;4.48;179.6;156.7;11.8;2.1;9;0.19;0.51;0.07;0.09
11;100;100;0;100;16.12;3.57;10.39;4.33;4.37;0.259;38.3;16.91;9.47;4.36;0.77;2.41;5.67;112;81.5;14.3;4.8;11.3;2.95;0.78;0.26;0.38;0.94;0.97;0.144;61.7;6.66;3.29;2.03;0.34;1.16;4.71;180.6;157;11.9;2.3;9.4;0.21;0.6;0.07;0.09
11;100;100;50;0;18.64;3.88;11.04;4.31;4.24;0.245;44.4;17.38;9.71;4.49;0.82;2.62;6.04;116.1;79;19.7;5.2;12.1;2.9;0.66;0.28;0.4;0.91;0.89;0.12;55.6;7.27;3.57;2.16;0.39;1.26;5;145.3;121.5;11.3;2.5;10;0.33;0.38;0.08;0.11
11;100;100;50;50;18.67;4.13;11.65;4.34;4.37;0.25;43.9;17.5;9.63;4.62;0.81;2.55;6.4;115.3;78.5;18.9;5.1;12.8;2.83;0.86;0.28;0.41;1.14;1.11;0.127;56.1;8.63;4.28;2.55;0.45;1.58;5.25;147.4;122.2;11.5;3.2;10.5;0.4;0.49;0.1;0.12
11;100;100;50;100;18.24;4.27;12.56;4.57;4.65;0.26;43.5;17.86;9.97;4.7;0.76;2.55;6.86;114.8;78.1;17.8;5.1;13.7;2.85;1.1;0.28;0.41;1.14;1.27;0.13;56.5;9.72;4.67;3.02;0.51;1.72;5.71;148.9;122.8;11.3;3.4;11.4;0.47;0.57;0.1;0.14
11;100;100;100;0;20.62;4.22;12;4.35;4.35;0.242;52.2;18.02;10.03;4.71;0.78;2.7;6.5;118.3;76.5;23.4;5.4;13;2.78;0.87;0.3;0.39;0.99;1.02;0.118;47.8;8.6;4.11;2.57;0.46;1.52;5.5;108.5;83.5;11;3;11;0.44;0.36;0.1;0.13
11;100;100;100;50;20.55;4.63;13.18;4.63;4.57;0.246;51.7;18.61;10.37;4.94;0.83;2.74;7.23;118.3;76;22.4;5.5;14.5;2.79;1.07;0.31;0.41;1.29;1.27;0.122;48.3;10.38;5.07;3.08;0.56;1.88;5.95;110.6;84;10.9;3.8;11.9;0.56;0.46;0.12;0.14
11;100;100;100;100;20.44;4.97;14.35;4.88;4.85;0.257;50.7;18.9;10.52;5.04;0.81;2.72;7.71;117.1;74.7;21.6;5.4;15.4;2.72;1.41;0.3;0.42;1.52;1.55;0.123;49.3;12.48;6.01;3.87;0.62;2.25;6.64;113.9;85.3;10.8;4.5;13.3;0.69;0.54;0.14;0.18
12;0;0;0;0;13.61;1.73;4.96;1.56;1.53;0.224;50.1;6.8;3.69;1.87;0.32;1.03;2.72;179.2;154.3;17.4;2.1;5.4;0.85;0.41;0.11;0.16;0.41;0.41;0.102;49.9;3.86;1.81;1.2;0.22;0.7;2.24;178.5;165.7;6.9;1.4;4.5;0.2;0.11;0.04;0.06
12;0;0;0;50;13.07;1.86;5.16;1.59;1.66;0.23;49.8;7.2;3.93;1.93;0.35;1.11;2.87;177.8;153.5;16.3;2.2;5.7;0.84;0.52;0.14;0.17;0.39;0.43;0.102;50.2;4;1.89;1.21;0.22;0.75;2.29;179.4;166.5;6.8;1.5;4.6;0.2;0.12;0.05;0.06
12;0;0;0;100;12.64;1.92;5.38;1.71;1.75;0.239;49.6;7.32;4.02;1.95;0.3;1.12;3.01;176.9;153.5;15.2;2.2;6;0.85;0.6;0.13;0.17;0.45;0.49;0.106;50.4;4.39;2.01;1.43;0.24;0.8;2.37;179.6;166.5;6.8;1.6;4.7;0.21;0.16;0.05;0.07
12;0;0;50;0;15.76;2.17;6.24;1.53;1.6;0.216;56.1;7.39;3.98;1.98;0.36;1.19;3.35;180.6;150.8;20.8;2.4;6.7;0.79;0.5;0.14;0.17;0.6;0.6;0.103;43.9;5.67;2.65;1.76;0.31;0.98;2.9;141.6;126.9;6.9;2;5.8;0.34;0.12;0.06;0.08
12;0;0;50;50;15.46;2.48;6.98;1.81;1.78;0.226;55.8;7.87;4.32;2.15;0.37;1.25;3.86;180.2;150.3;19.7;2.5;7.7;0.85;0.61;0.14;0.18;0.7;0.72;0.104;44.2;6.84;3.22;2.11;0.4;1.23;3.12;142.8;127.3;6.8;2.5;6.2;0.42;0.12;0.08;0.1
12;0;0;50;100;15.11;2.62;7.7;1.87;1.91;0.232;55.2;8.23;4.45;2.24;0.36;1.24;4.27;178.5;148.5;19;2.5;8.5;0.83;0.76;0.14;0.19;0.77;0.82;0.105;44.8;7.7;3.5;2.5;0.42;1.38;3.43;144.7;128.6;6.5;2.8;6.9;0.48;0.15;0.08;0.11
12;0;0;100;0;17.64;2.57;7.4;1.78;1.77;0.212;64.3;8.35;4.47;2.33;0.37;1.29;4.09;183.2;148;24.5;2.6;8.2;0.82;0.6;0.14;0.2;0.7;0.73;0.104;35.7;6.96;3.32;2.18;0.39;1.28;3.31;101.7;86;6.5;2.6;6.6;0.44;0.11;0.08;0.1
12;0;0;100;50;17.73;2.92;8.45;2;1.98;0.218;63.4;9.11;4.88;2.5;0.45;1.39;4.69;180.9;144.7;24;2.8;9.4;0.81;0.79;0.16;0.22;0.88;0.89;0.103;36.6;8.46;4;2.64;0.46;1.53;3.76;104.5;87.6;6.3;3.1;7.5;0.56;0.11;0.09;0.12
12;0;0;100;100;18.02;3.35;9.56;2.21;2.15;0.225;62.4;9.53;5.23;2.57;0.41;1.47;5.24;179.1;142.3;23.4;2.9;10.5;0.79;0.98;0.16;0.21;1.05;1.1;0.105;37.6;10.38;4.86;3.28;0.55;1.89;4.32;107.8;88.8;6.6;3.8;8.6;0.7;0.14;0.12;0.15
12;0;50;0;0;13.32;1.75;5.02;1.56;1.58;0.222;50.2;7.08;3.79;1.91;0.35;1.03;2.75;179.4;154.2;17.6;2.1;5.5;0.86;0.44;0.12;0.16;0.44;0.43;0.106;49.8;3.82;1.81;1.19;0.18;0.72;2.27;177.8;165.8;6;1.4;4.5;0.19;0.14;0.04;0.06
12;0;50;0;50;12.69;1.94;5.33;1.71;1.72;0.231;49.6;7.45;4.06;1.98;0.34;1.14;2.88;176.9;152.6;16.3;2.3;5.8;0.87;0.54;0.13;0.17;0.47;0.47;0.108;50.4;4.16;2;1.25;0.22;0.8;2.44;179.8;167.4;5.9;1.6;4.9;0.22;0.14;0.05;0.06
12;0;50;0;100;12.48;1.9;5.56;1.97;1.96;0.246;49.4;7.99;4.4;2.13;0.38;1.17;3.04;176;151.9;15.7;2.3;6.1;0.87;0.78;0.12;0.18;0.51;0.49;0.112;50.6;4.2;2;1.31;0.22;0.73;2.52;180.5;168.1;6;1.5;5;0.2;0.18;0.05;0.06
12;0;50;50;0;15.33;2.27;6.55;1.7;1.76;0.216;56;8.17;4.37;2.23;0.43;1.26;3.56;180.4;149.6;21.2;2.5;7.1;0.87;0.56;0.15;0.18;0.59;0.61;0.107;44;5.6;2.58;1.76;0.34;1.01;3;141.5;127.8;5.6;2;6;0.34;0.13;0.06;0.08
12;0;50;50;50;15.23;2.55;7.18;2;1.95;0.227;55.4;8.6;4.66;2.37;0.41;1.34;3.91;178.9;148.1;20.3;2.7;7.8;0.86;0.75;0.15;0.19;0.7;0.74;0.107;44.6;6.73;3.15;2.07;0.37;1.21;3.27;143.7;128.9;5.8;2.4;6.5;0.41;0.15;0.08;0.1
12;0;50;50;100;14.96;2.77;7.99;2.08;2.18;0.24;54.7;9.1;4.95;2.47;0.43;1.34;4.35;176.8;146.1;19.3;2.7;8.7;0.83;0.99;0.14;0.22;0.88;0.88;0.11;45.3;7.92;3.78;2.38;0.45;1.42;3.64;146.2;130.4;5.7;2.8;7.3;0.49;0.18;0.09;0.12
12;0;50;100;0;17.8;2.69;7.78;2.02;1.99;0.213;63.8;9.34;5.02;2.54;0.44;1.42;4.24;181.6;145.2;25.1;2.8;8.5;0.84;0.76;0.17;0.22;0.74;0.76;0.107;36.2;7.01;3.3;2.24;0.36;1.27;3.54;102.9;87.4;5.8;2.5;7.1;0.45;0.13;0.08;0.1
12;0;50;100;50;17.53;3.09;8.76;2.17;2.18;0.219;63;9.94;5.33;2.75;0.44;1.5;4.86;179.3;142.5;24.1;3;9.7;0.8;0.97;0.16;0.24;0.92;0.92;0.106;37;8.53;4.06;2.62;0.45;1.59;3.9;105.2;88.8;5.5;3.2;7.8;0.56;0.14;0.09;0.12
12;0;50;100;100;17.63;3.59;10.03;2.51;2.5;0.24;61.9;10.43;5.78;2.76;0.46;1.61;5.5;177.2;139.6;23.4;3.2;11;0.76;1.33;0.18;0.24;1.2;1.16;0.107;38.1;10.64;5.14;3.25;0.57;1.98;4.53;108.8;90.2;5.5;4;9.1;0.71;0.17;0.12;0.15
12;0;100;0;0;12.88;1.9;5.39;1.77;1.79;0.224;49.8;7.96;4.36;2.14;0.37;1.22;2.92;177.8;151.7;17.7;2.4;5.8;0.91;0.55;0.15;0.19;0.43;0.45;0.111;50.2;3.77;1.8;1.17;0.22;0.68;2.47;179.5;168.3;5;1.4;4.9;0.2;0.15;0.04;0.06
12;0;100;0;50;12.49;1.97;5.61;1.9;1.9;0.23;49.4;8.24;4.52;2.22;0.4;1.25;3.05;176.4;151;16.7;2.5;6.1;0.89;0.68;0.14;0.19;0.47;0.49;0.117;50.6;3.99;1.93;1.2;0.23;0.73;2.56;180.6;169;5.1;1.5;5.1;0.2;0.18;0.04;0.06
12;0;100;0;100;12.1;2.12;5.78;2.06;2.12;0.249;49.2;8.52;4.77;2.21;0.41;1.35;3.21;175.5;150.6;15.8;2.7;6.4;0.88;0.91;0.15;0.19;0.52;0.53;0.118;50.8;4.31;2.08;1.32;0.23;0.76;2.57;181.1;169.4;5;1.5;5.1;0.21;0.21;0.05;0.06
12;0;100;50;0;15.24;2.39;6.96;1.92;1.94;0.214;55.6;9.09;4.85;2.54;0.42;1.37;3.83;179.1;147;21.7;2.7;7.7;0.85;0.72;0.15;0.22;0.66;0.64;0.111;44.4;5.62;2.69;1.74;0.29;1.02;3.13;142.9;129.7;4.8;2;6.3;0.34;0.15;0.06;0.08
12;0;100;50;50;14.94;2.6;7.61;2.17;2.18;0.228;55;9.54;5.22;2.57;0.43;1.47;4.14;177;145.2;20.5;2.9;8.3;0.85;0.94;0.17;0.22;0.77;0.76;0.112;45;6.68;3.13;2.14;0.37;1.14;3.47;145;131.1;4.7;2.3;6.9;0.42;0.18;0.07;0.1
12;0;100;50;100;14.58;2.9;8.26;2.4;2.46;0.249;54.4;9.89;5.46;2.67;0.44;1.46;4.51;175.3;143.8;19.6;2.9;9;0.84;1.23;0.17;0.22;0.9;0.9;0.112;45.6;7.91;3.75;2.43;0.43;1.43;3.75;147.2;132.2;4.7;2.9;7.5;0.5;0.19;0.08;0.12
12;0;100;100;0;17.55;2.88;8.27;2.25;2.24;0.214;63.5;10.46;5.65;2.88;0.52;1.67;4.54;180.1;142.1;25.6;3.3;9.1;0.85;0.96;0.18;0.25;0.76;0.77;0.11;36.5;6.91;3.24;2.15;0.41;1.22;3.73;103.4;88.9;4.6;2.4;7.5;0.45;0.14;0.08;0.1
12;0;100;100;50;17.42;3.2;9.28;2.42;2.43;0.222;62.5;10.93;5.88;3.04;0.5;1.65;5.04;177.6;139.4;24.8;3.3;10.1;0.82;1.17;0.19;0.25;0.93;0.96;0.11;37.5;8.62;4.04;2.7;0.46;1.55;4.24;106.4;90.3;4.6;3.1;8.5;0.57;0.17;0.09;0.13
12;0;100;100;100;17.28;3.6;10.33;2.79;2.79;0.245;61.5;11.4;6.36;2.99;0.54;1.71;5.62;174.9;136.4;23.9;3.4;11.2;0.78;1.54;0.19;0.27;1.14;1.19;0.11;38.5;10.71;5.06;3.37;0.56;1.89;4.71;109.4;91.8;4.3;3.8;9.4;0.73;0.18;0.12;0.16
12;50;0;0;0;15.39;2.21;6.45;2.3;2.38;0.246;44.6;9.68;5.3;2.66;0.44;1.43;3.54;144.9;118.1;16.9;2.9;7.1;1.57;0.41;0.17;0.23;0.43;0.47;0.103;55.4;4.39;2.05;1.37;0.24;0.78;2.91;180.1;162.6;10.2;1.6;5.8;0.19;0.17;0.04;0.07
12;50;0;0;50;14.97;2.37;6.66;2.45;2.47;0.251;44.6;9.89;5.59;2.54;0.43;1.5;3.71;144.9;118.4;16.1;3;7.4;1.58;0.5;0.16;0.23;0.51;0.52;0.105;55.4;4.81;2.29;1.51;0.26;0.87;2.94;179.8;162.2;10;1.7;5.9;0.2;0.19;0.06;0.07
12;50;0;0;100;14.6;2.37;6.96;2.66;2.59;0.255;44.5;10.16;5.69;2.7;0.43;1.43;3.87;144.1;118.5;15;2.9;7.7;1.59;0.6;0.16;0.24;0.61;0.59;0.11;55.6;5.26;2.5;1.63;0.27;0.94;3.08;180.2;162;10.1;1.9;6.2;0.21;0.25;0.06;0.07
12;50;0;50;0;17.26;2.57;7.63;2.43;2.43;0.24;51;10.15;5.57;2.74;0.46;1.46;4.24;148;116.2;20.4;2.9;8.5;1.55;0.48;0.15;0.24;0.66;0.65;0.104;49;6.12;2.88;1.91;0.34;1.11;3.39;142.5;123.8;9.7;2.2;6.8;0.33;0.16;0.07;0.09
12;50;0;50;50;17.16;2.92;8.41;2.62;2.6;0.244;50.4;10.69;5.97;2.78;0.52;1.57;4.68;147.2;115.1;19.6;3.1;9.4;1.56;0.62;0.17;0.25;0.76;0.79;0.105;49.6;7.41;3.47;2.31;0.41;1.35;3.73;144.7;124.9;9.7;2.7;7.5;0.41;0.18;0.08;0.11
12;50;0;50;100;16.86;3.1;9.04;2.68;2.7;0.248;49.9;10.91;6.08;2.87;0.49;1.59;5.01;145.8;114;18.6;3.2;10;1.51;0.76;0.17;0.25;0.91;0.93;0.107;50.1;8.54;3.98;2.66;0.49;1.51;4.03;146.7;126;9.6;3;8.1;0.48;0.23;0.1;0.12
12;50;0;100;0;19.51;2.99;8.54;2.47;2.51;0.233;59;10.82;5.91;2.9;0.5;1.66;4.64;150.3;113.5;24.2;3.3;9.3;1.5;0.58;0.18;0.25;0.72;0.76;0.104;41;7.22;3.38;2.25;0.41;1.33;3.89;104.4;84.4;9.6;2.7;7.8;0.42;0.16;0.08;0.1
12;50;0;100;50;19.39;3.42;9.84;2.74;2.72;0.236;58;11.58;6.42;3.07;0.55;1.71;5.29;149;111.5;23.4;3.4;10.6;1.49;0.78;0.19;0.27;0.98;0.99;0.105;42;9.26;4.41;2.85;0.52;1.72;4.55;107.7;85.6;9.6;3.4;9.1;0.55;0.19;0.11;0.14
12;50;0;100;100;19.3;3.73;11.11;2.9;2.88;0.241;57.3;11.93;6.6;3.22;0.52;1.74;6;148;110;22.5;3.5;12;1.47;0.95;0.18;0.28;1.17;1.2;0.107;42.7;11.15;5.24;3.54;0.6;1.98;5.11;110.3;86.7;9.4;4;10.2;0.69;0.23;0.12;0.17
12;50;50;0;0;15.08;2.43;6.88;2.66;2.68;0.25;45;10.74;6;2.8;0.5;1.6;3.76;146.3;118.6;16.9;3.2;7.5;1.83;0.42;0.18;0.24;0.51;0.53;0.111;55;4.58;2.17;1.4;0.24;0.83;3.12;179.1;161.9;9.3;1.7;6.2;0.19;0.22;0.05;0.07
12;50;50;0;50;14.65;2.49;7.19;2.84;2.86;0.252;44.8;11.35;6.33;2.95;0.52;1.64;4;145.5;118;16.2;3.3;8;1.87;0.55;0.18;0.25;0.58;0.57;0.116;55.2;4.79;2.26;1.49;0.25;0.84;3.19;179.6;162.6;8.9;1.7;6.4;0.2;0.25;0.05;0.07
12;50;50;0;100;14.39;2.65;7.43;2.96;2.99;0.262;44.3;11.43;6.46;2.98;0.48;1.67;4.02;144;117.3;15.3;3.3;8;1.79;0.75;0.18;0.26;0.66;0.65;0.122;55.7;5.25;2.56;1.58;0.26;0.98;3.41;181.3;163.6;8.9;2;6.8;0.21;0.31;0.06;0.07
12;50;50;50;0;17.18;2.86;8.22;2.78;2.8;0.24;50.8;11.73;6.41;3.14;0.53;1.73;4.5;148.2;114.8;20.9;3.5;9;1.78;0.56;0.19;0.27;0.69;0.7;0.111;49.2;6.19;2.93;2;0.34;1.13;3.73;143.5;125.2;8.6;2.3;7.5;0.33;0.21;0.07;0.09
12;50;50;50;50;16.83;3.24;9.05;2.9;3.01;0.248;50.2;12.17;6.66;3.28;0.55;1.85;4.89;147;113.9;19.5;3.7;9.8;1.79;0.74;0.2;0.28;0.81;0.86;0.114;49.8;7.46;3.57;2.28;0.42;1.4;4.16;145.9;126.1;8.7;2.8;8.3;0.41;0.25;0.09;0.11
12;50;50;50;100;16.55;3.45;9.87;3.25;3.26;0.257;50;12.7;7.15;3.32;0.56;1.85;5.42;147.1;113.8;18.8;3.7;10.8;1.83;0.95;0.2;0.28;1;1.02;0.115;50;8.68;4.24;2.71;0.43;1.6;4.45;147;126.2;8.6;3.2;8.9;0.47;0.31;0.1;0.13
12;50;50;100;0;19.02;3.25;9.33;3;3.01;0.237;58.9;12.69;6.84;3.46;0.64;1.88;5.12;150.4;112.3;24.1;3.8;10.2;1.78;0.73;0.21;0.29;0.81;0.83;0.109;41.1;7.51;3.55;2.32;0.45;1.38;4.21;104.8;85.1;8.5;2.8;8.4;0.44;0.2;0.09;0.11
12;50;50;100;50;19.23;3.66;10.46;3.19;3.16;0.241;58.2;13.14;7.39;3.34;0.59;1.96;5.74;149.9;111;23.5;3.9;11.5;1.73;0.93;0.21;0.29;1;1.06;0.111;41.8;9.39;4.46;2.96;0.47;1.7;4.73;107.6;86;8.7;3.4;9.5;0.55;0.26;0.1;0.14
12;50;50;100;100;19.02;4.07;11.7;3.46;3.51;0.255;57.3;13.77;7.67;3.63;0.62;2.01;6.39;148.3;108.8;22.7;4;12.8;1.72;1.27;0.21;0.31;1.23;1.27;0.112;42.7;11.26;5.37;3.53;0.6;2.06;5.3;110.4;87.5;8.2;4.1;10.6;0.69;0.3;0.12;0.17
12;50;100;0;0;14.62;2.67;7.65;3.11;3.15;0.251;44.9;12.56;6.99;3.3;0.6;1.87;4.23;146.6;117.4;17;3.7;8.5;2.11;0.54;0.21;0.3;0.54;0.56;0.118;55.1;4.57;2.19;1.42;0.24;0.8;3.42;180;163.5;8;1.6;6.8;0.2;0.25;0.05;0.07
12;50;100;0;50;14.37;2.77;7.89;3.28;3.28;0.254;44.5;12.97;7.18;3.43;0.58;1.88;4.28;145.3;116.7;16.2;3.8;8.6;2.09;0.69;0.21;0.29;0.64;0.64;0.126;55.5;4.95;2.38;1.49;0.3;0.89;3.62;181.4;164.4;8;1.8;7.2;0.2;0.31;0.05;0.07
12;50;100;0;100;13.8;2.79;7.95;3.48;3.49;0.266;44.5;13.16;7.47;3.35;0.57;1.91;4.42;144.8;116.8;15.3;3.8;8.8;2.1;0.88;0.21;0.3;0.66;0.68;0.131;55.5;5.11;2.43;1.62;0.26;0.88;3.53;180.8;164.2;7.8;1.8;7.1;0.2;0.36;0.05;0.07
12;50;100;50;0;16.97;3.23;8.98;3.31;3.31;0.243;50.7;13.61;7.58;3.59;0.61;2.04;4.89;148.6;113.7;21;4.1;9.8;2.07;0.69;0.24;0.32;0.78;0.74;0.115;49.3;6.31;3.08;1.92;0.31;1.19;4.09;144.6;126.3;7.8;2.4;8.2;0.34;0.24;0.07;0.09
12;50;100;50;50;16.82;3.41;9.67;3.42;3.5;0.252;50.2;13.93;7.68;3.64;0.65;2.05;5.24;147.5;112.8;20.1;4.1;10.5;2.06;0.9;0.23;0.3;0.9;0.88;0.118;49.8;7.42;3.65;2.22;0.38;1.37;4.43;146.5;127.2;7.7;2.7;8.9;0.41;0.3;0.08;0.1
12;50;100;50;100;16.37;3.65;10.29;3.81;3.78;0.265;49.7;14.28;8.14;3.68;0.62;2.09;5.59;146.3;112.1;18.8;4.2;11.2;2.03;1.18;0.25;0.32;1.01;1.05;0.12;50.3;8.66;4.11;2.67;0.49;1.56;4.69;148.2;127.9;7.8;3.1;9.4;0.48;0.36;0.09;0.12
12;50;100;100;0;19.18;3.65;10.19;3.46;3.49;0.239;58.6;14.63;8.05;3.93;0.7;2.25;5.55;150.6;110.3;24.7;4.5;11.1;1.97;0.92;0.25;0.35;0.8;0.87;0.114;41.4;7.58;3.63;2.33;0.4;1.4;4.64;106.2;86.5;7.7;2.8;9.3;0.44;0.24;0.08;0.11
12;50;100;100;50;18.97;3.9;11.25;3.75;3.74;0.245;58.1;15.28;8.45;4.01;0.72;2.24;6.28;150;109.1;23.8;4.5;12.6;1.99;1.14;0.27;0.34;1.09;1.07;0.114;41.9;9.29;4.43;2.89;0.5;1.66;4.97;108;87.3;7.4;3.3;9.9;0.56;0.29;0.1;0.13
12;50;100;100;100;19.01;4.25;12.24;4.07;4.01;0.259;57.1;15.49;8.79;4;0.68;2.26;6.76;148;106.9;23;4.5;13.5;1.91;1.5;0.25;0.35;1.28;1.3;0.116;42.9;11.19;5.36;3.51;0.57;1.99;5.48;111.1;88.7;7.4;4;11;0.69;0.33;0.12;0.16
12;100;0;0;0;17;2.63;7.39;3.05;3.01;0.256;37.5;11.81;6.6;3.06;0.52;1.71;4.05;108.4;80.3;16.6;3.4;8.1;2.16;0.41;0.19;0.26;0.56;0.54;0.105;62.5;5.01;2.37;1.52;0.29;0.93;3.33;181.2;159.5;13.2;1.9;6.7;0.19;0.22;0.06;0.07
12;100;0;0;50;16.82;2.73;7.85;3.04;3.08;0.258;37.4;11.94;6.67;3.15;0.53;1.75;4.27;108.2;80.4;15.7;3.5;8.5;2.13;0.5;0.19;0.27;0.63;0.62;0.111;62.6;5.49;2.62;1.68;0.29;0.98;3.59;181.6;159.2;13.3;2;7.2;0.19;0.29;0.06;0.08
12;100;0;0;100;16.41;2.9;8.27;3.2;3.24;0.263;37.6;12.37;6.91;3.22;0.55;1.79;4.61;108.7;81.2;14.7;3.6;9.2;2.18;0.6;0.19;0.27;0.76;0.74;0.117;62.4;6.19;2.98;1.83;0.36;1.12;3.66;180.7;157.6;13.5;2.2;7.3;0.2;0.38;0.07;0.09
12;100;0;50;0;18.8;2.89;8.78;3.07;3.07;0.25;43.5;12.29;6.77;3.32;0.52;1.73;4.81;111.6;78.5;20;3.5;9.6;2.11;0.48;0.2;0.28;0.73;0.72;0.104;56.5;6.75;3.15;2.12;0.38;1.16;3.97;145.2;122.3;12.6;2.3;7.9;0.33;0.22;0.07;0.1
12;100;0;50;50;18.9;3.32;9.55;3.15;3.18;0.252;43.2;12.62;7.05;3.34;0.55;1.85;5.2;111.7;78.4;19.2;3.7;10.4;2.08;0.61;0.21;0.29;0.93;0.89;0.109;56.8;8.05;3.88;2.44;0.46;1.47;4.35;146.9;122.4;12.9;2.9;8.7;0.4;0.28;0.09;0.12
12;100;0;50;100;18.5;3.59;10.25;3.37;3.34;0.257;43.1;13.03;7.33;3.4;0.61;1.93;5.65;111.6;78.3;18.1;3.9;11.3;2.1;0.74;0.22;0.28;1.01;1.05;0.112;56.9;9.27;4.39;2.86;0.5;1.66;4.6;147.7;122.5;12.7;3.3;9.2;0.46;0.35;0.1;0.14
12;100;0;100;0;21.02;3.38;9.65;3.1;3.13;0.245;51.9;12.79;7.13;3.38;0.56;1.9;5.25;115.4;77.6;23.5;3.8;10.5;2.07;0.56;0.21;0.28;0.82;0.85;0.106;48.1;7.96;3.74;2.5;0.44;1.47;4.4;107;82.4;12.8;2.9;8.8;0.42;0.22;0.09;0.12
12;100;0;100;50;20.86;3.84;10.94;3.17;3.3;0.246;51;13.42;7.43;3.56;0.62;2.01;5.88;114.6;76.2;22.6;4;11.8;2.05;0.74;0.21;0.31;1.06;1.08;0.108;49;9.93;4.71;3.02;0.57;1.83;5.06;110;83.8;12.4;3.7;10.1;0.55;0.27;0.11;0.15
12;100;0;100;100;20.88;4.29;11.99;3.5;3.54;0.25;50.9;14.18;7.94;3.69;0.64;2.17;6.65;115.5;75.7;22.1;4.3;13.3;2.04;0.94;0.24;0.33;1.27;1.29;0.11;49.1;11.63;5.53;3.61;0.63;2.12;5.34;111.6;84.3;12.4;4.2;10.7;0.66;0.34;0.13;0.17
12;100;50;0;0;16.9;2.89;8.4;3.68;3.63;0.261;38.2;14;7.87;3.6;0.65;1.97;4.65;111;81;16.8;3.9;9.3;2.68;0.42;0.21;0.31;0.59;0.61;0.115;61.8;5.13;2.41;1.61;0.27;0.92;3.76;179.5;158;12.2;1.8;7.5;0.18;0.3;0.06;0.07
12;100;50;0;50;16.56;3.17;8.88;3.71;3.75;0.262;38;14.35;8.15;3.59;0.68;2.09;4.86;110.7;81.1;15.7;4.2;9.7;2.66;0.54;0.23;0.32;0.74;0.73;0.122;62;5.93;2.89;1.78;0.32;1.08;4.03;180.5;157.8;12.5;2.2;8.1;0.2;0.39;0.07;0.08
12;100;50;0;100;16.12;3.28;9.26;3.88;3.95;0.271;37.9;14.62;8.31;3.76;0.65;2.16;5.06;110.2;81.3;14.5;4.3;10.1;2.69;0.71;0.23;0.32;0.8;0.82;0.128;62.1;6.31;3.08;1.9;0.34;1.13;4.2;180.4;157.4;12.3;2.3;8.4;0.2;0.46;0.07;0.09
12;100;50;50;0;18.98;3.37;9.81;3.6;3.7;0.254;44.1;14.64;8.08;3.83;0.68;2.18;5.37;114.3;79;20.2;4.4;10.7;2.6;0.53;0.25;0.33;0.77;0.8;0.112;55.9;7.03;3.27;2.28;0.37;1.2;4.44;144.8;121.5;12;2.4;8.9;0.33;0.3;0.07;0.1
12;100;50;50;50;18.51;3.58;10.7;3.88;3.9;0.258;43.7;15.16;8.42;4.07;0.69;2.12;5.81;113.6;78.4;19.3;4.2;11.6;2.6;0.73;0.23;0.34;0.97;0.97;0.116;56.3;8.27;3.96;2.54;0.45;1.46;4.89;146.7;122.3;11.7;2.9;9.8;0.4;0.36;0.09;0.12
12;100;50;50;100;18.32;4;11.27;4.14;4.13;0.265;43.3;15.63;8.91;3.92;0.68;2.35;6.17;113.4;77.8;18.5;4.7;12.3;2.59;0.94;0.26;0.34;1.09;1.13;0.119;56.7;9.41;4.48;2.96;0.49;1.65;5.1;148.4;123.3;11.6;3.3;10.2;0.46;0.43;0.1;0.14
12;100;50;100;0;20.8;3.79;10.87;3.89;3.86;0.249;52.2;15.55;8.75;4.02;0.76;2.32;5.97;117.2;77;23.7;4.6;11.9;2.53;0.71;0.26;0.35;0.92;0.93;0.111;47.8;8.27;3.89;2.62;0.44;1.47;4.9;107.4;83;11.6;2.9;9.8;0.43;0.29;0.09;0.12
12;100;50;100;50;20.93;4.24;11.84;4.13;4.05;0.251;51.7;16.18;9.18;4.18;0.74;2.45;6.57;117.2;76;23.2;4.9;13.1;2.5;0.92;0.27;0.37;1.08;1.12;0.113;48.3;9.78;4.65;3.04;0.52;1.79;5.28;109.7;84;11.6;3.6;10.6;0.52;0.35;0.1;0.14
12;100;50;100;100;20.63;4.5;13.21;4.25;4.32;0.263;50.9;16.48;9.19;4.35;0.73;2.34;7.31;116.6;75.1;22.2;4.7;14.6;2.47;1.23;0.26;0.37;1.35;1.4;0.115;49.1;12.07;5.75;3.78;0.62;2.15;5.9;112.3;84.9;11.3;4.3;11.8;0.68;0.42;0.13;0.18
12;100;100;0;0;16.72;3.21;9.67;4.31;4.35;0.263;38.5;16.57;9.24;4.31;0.76;2.27;5.28;112.6;80.8;16.7;4.5;10.6;3.21;0.52;0.25;0.38;0.63;0.67;0.125;61.5;5.27;2.46;1.63;0.31;0.94;4.39;180.2;158.4;11.2;1.9;8.8;0.19;0.36;0.05;0.07
12;100;100;0;50;16.33;3.6;10;4.43;4.52;0.265;38.4;17.08;9.68;4.41;0.75;2.55;5.52;112.7;80.7;15.8;5.1;11;3.19;0.66;0.29;0.39;0.8;0.79;0.132;61.6;5.89;2.87;1.76;0.3;1.05;4.48;180.8;158.5;11.2;2.1;9;0.19;0.45;0.06;0.08
12;100;100;0;100;16.09;3.65;10.32;4.66;4.72;0.274;38.4;17.26;9.89;4.38;0.78;2.46;5.66;112.3;81.4;14.7;4.9;11.3;3.23;0.84;0.27;0.39;0.88;0.9;0.139;61.6;6.45;3.19;1.9;0.33;1.19;4.66;180.4;157.3;11.5;2.4;9.3;0.2;0.55;0.07;0.09
12;100;100;50;0;18.77;3.74;10.9;4.34;4.4;0.256;44.3;17.26;9.59;4.54;0.76;2.49;5.94;115.8;78.6;20.3;5;11.9;3.06;0.68;0.29;0.38;0.85;0.87;0.121;55.7;7.15;3.43;2.21;0.42;1.25;4.96;145.6;122;11.2;2.5;9.9;0.32;0.38;0.07;0.11
12;100;100;50;50;18.51;4.04;11.7;4.71;4.64;0.261;43.8;17.82;10.14;4.57;0.81;2.58;6.41;115;77.6;19.4;5.2;12.8;3.05;0.9;0.28;0.4;1.05;1.03;0.123;56.2;8.34;4.03;2.63;0.42;1.46;5.28;147.9;123.6;10.9;2.9;10.6;0.4;0.43;0.09;0.12
12;100;100;50;100;18.4;4.29;12.39;4.89;4.94;0.272;43.7;18.19;10.26;4.79;0.78;2.56;6.86;115.2;78;18.4;5.1;13.7;3.1;1.15;0.29;0.4;1.18;1.22;0.125;56.3;9.62;4.62;3.01;0.48;1.72;5.53;148.4;123;10.8;3.4;11.1;0.47;0.52;0.1;0.14
12;100;100;100;0;20.63;4.05;12.12;4.6;4.63;0.253;52.5;18.34;10.17;4.84;0.82;2.56;6.65;119;76.8;23.8;5.1;13.3;3.07;0.87;0.28;0.41;0.94;1;0.117;47.5;8.39;3.99;2.63;0.41;1.49;5.46;107.8;83.2;10.7;3;10.9;0.43;0.35;0.09;0.13
12;100;100;100;50;20.76;4.68;13.09;4.76;4.82;0.256;51.5;18.92;10.54;4.98;0.81;2.86;7.05;118;74.9;23.3;5.7;14.1;2.96;1.13;0.33;0.4;1.26;1.24;0.119;48.5;10.33;5;3.18;0.51;1.82;6.04;111.3;85.1;10.5;3.6;12.1;0.55;0.42;0.11;0.16
12;100;100;100;100;20.75;5.08;14.27;5.1;5.14;0.266;50.9;19.31;11;4.97;0.84;2.84;7.79;117.8;74;22.5;5.7;15.6;2.92;1.49;0.3;0.43;1.44;1.47;0.12;49.1;12.13;5.84;3.71;0.66;2.24;6.48;113.8;86;10.4;4.5;13;0.67;0.49;0.14;0.17
13;0;0;0;0;13.7;1.74;4.97;1.64;1.6;0.231;50.3;6.96;3.87;1.87;0.3;1.06;2.75;179.9;154.6;17.7;2.1;5.5;0.9;0.42;0.12;0.16;0.39;0.39;0.095;49.7;3.82;1.77;1.18;0.21;0.67;2.22;178.1;165.4;6.9;1.3;4.4;0.17;0.12;0.04;0.06
13;0;0;0;50;13.37;1.8;5.16;1.74;1.71;0.234;49.7;7.3;4.04;1.96;0.3;1.1;2.85;177.9;152.9;17.1;2.2;5.7;0.87;0.54;0.13;0.18;0.36;0.39;0.095;50.3;3.88;1.75;1.26;0.22;0.7;2.3;179.8;167.1;6.6;1.4;4.6;0.18;0.12;0.04;0.06
13;0;0;0;100;12.83;1.88;5.28;1.9;1.86;0.247;49.6;7.53;4.22;1.92;0.33;1.13;2.89;176.8;152.7;16.1;2.3;5.8;0.89;0.67;0.14;0.16;0.44;0.43;0.099;50.4;4.17;1.94;1.32;0.21;0.74;2.39;180;167.3;6.5;1.5;4.8;0.18;0.15;0.04;0.06
13;0;0;50;0;15.64;2.26;6.42;1.62;1.73;0.223;56.4;7.75;4.21;2.11;0.33;1.25;3.6;181.9;151.1;21;2.5;7.2;0.9;0.51;0.13;0.19;0.59;0.57;0.097;43.6;5.71;2.64;1.81;0.31;1.01;2.81;140.8;126.7;6.5;2;5.6;0.31;0.11;0.07;0.09
13;0;0;50;50;15.58;2.3;6.91;1.8;1.81;0.227;55.6;7.96;4.29;2.18;0.4;1.16;3.79;179.3;148.8;20.6;2.3;7.6;0.85;0.64;0.14;0.19;0.62;0.64;0.096;44.4;6.53;2.98;2.12;0.34;1.14;3.12;143.3;128.4;6.4;2.3;6.2;0.36;0.11;0.07;0.1
13;0;0;50;100;15.26;2.68;7.7;2.12;2.06;0.24;55;8.58;4.91;2.24;0.36;1.3;4.21;178.1;147.5;19.7;2.6;8.4;0.85;0.85;0.16;0.2;0.76;0.76;0.098;45;7.61;3.57;2.37;0.43;1.38;3.49;145.5;129.4;6.3;2.8;7;0.42;0.15;0.08;0.11
13;0;0;100;0;17.97;2.58;7.21;1.89;1.81;0.215;64.4;8.39;4.61;2.21;0.4;1.3;4.05;183.7;147.9;25;2.6;8.1;0.86;0.6;0.15;0.2;0.66;0.66;0.096;35.6;6.75;3.22;2.13;0.34;1.27;3.15;101.3;86;6.4;2.5;6.3;0.38;0.11;0.07;0.1
13;0;0;100;50;17.74;2.9;8.33;2.04;1.99;0.221;63.4;8.98;4.92;2.42;0.38;1.39;4.55;180.8;144.6;24.2;2.8;9.1;0.84;0.79;0.16;0.21;0.79;0.81;0.096;36.6;8.33;3.89;2.59;0.45;1.5;3.78;104.5;87.7;6.2;3;7.6;0.5;0.11;0.08;0.12
13;0;0;100;100;17.68;3.25;9.49;2.24;2.25;0.235;62.6;9.58;5.24;2.58;0.43;1.43;5.23;179.6;142.9;23.4;2.9;10.5;0.82;1.04;0.17;0.22;1.06;1.01;0.098;37.4;10.22;4.78;3.17;0.6;1.81;4.26;106.9;88.6;6.2;3.6;8.5;0.6;0.14;0.11;0.16
13;0;50;0;0;13.23;1.74;5.08;1.72;1.67;0.227;50.1;7.37;4;2;0.37;1.09;2.81;178.8;153;18;2.2;5.6;0.91;0.46;0.13;0.17;0.37;0.38;0.099;49.9;3.6;1.67;1.15;0.2;0.65;2.26;178.4;167;5.6;1.3;4.5;0.17;0.13;0.04;0.05
13;0;50;0;50;12.76;1.84;5.28;1.76;1.76;0.234;49.8;7.54;4.11;2.04;0.35;1.11;2.93;177.5;152.6;16.8;2.2;5.9;0.89;0.56;0.13;0.18;0.42;0.42;0.101;50.2;3.94;1.86;1.24;0.21;0.72;2.35;179.2;167.4;5.6;1.4;4.7;0.18;0.14;0.04;0.06
13;0;50;0;100;12.39;1.99;5.62;1.99;2.03;0.25;49.3;8.12;4.46;2.18;0.36;1.2;3.08;176;151.3;16.1;2.4;6.2;0.93;0.79;0.13;0.18;0.44;0.46;0.106;50.7;4.2;1.98;1.31;0.21;0.79;2.54;180.8;168.7;5.4;1.6;5.1;0.19;0.17;0.05;0.06
13;0;50;50;0;15.34;2.27;6.58;1.8;1.82;0.22;56.2;8.26;4.46;2.29;0.39;1.27;3.69;181;149.7;21.4;2.5;7.4;0.91;0.56;0.14;0.21;0.57;0.57;0.1;43.8;5.59;2.63;1.78;0.29;1;2.89;140.9;127.7;5.4;2;5.8;0.3;0.13;0.06;0.08
13;0;50;50;50;15.26;2.54;7.37;2.06;2.06;0.229;55.4;8.97;4.91;2.4;0.46;1.35;4.08;178.9;147.1;20.9;2.7;8.2;0.89;0.8;0.16;0.21;0.61;0.67;0.1;44.6;6.56;3.04;2.13;0.34;1.19;3.29;143.8;129.7;5.2;2.4;6.6;0.36;0.14;0.08;0.1
13;0;50;50;100;15.01;2.78;8.11;2.2;2.24;0.243;54.7;9.22;5.07;2.47;0.39;1.34;4.38;176.8;145.6;19.7;2.7;8.8;0.87;1.01;0.16;0.21;0.79;0.81;0.102;45.3;7.83;3.65;2.48;0.41;1.44;3.72;146.5;130.8;5.4;2.9;7.4;0.44;0.17;0.08;0.11
13;0;50;100;0;17.71;2.73;7.72;2.12;2.07;0.215;63.8;9.61;5.23;2.57;0.46;1.45;4.25;181.2;144.2;25.6;2.9;8.5;0.88;0.78;0.17;0.24;0.66;0.68;0.099;36.2;6.71;3.16;2.09;0.36;1.28;3.46;102.5;87.9;5.1;2.6;6.9;0.39;0.12;0.08;0.09
13;0;50;100;50;17.6;3.06;8.92;2.26;2.23;0.223;63.1;9.99;5.45;2.75;0.44;1.54;4.92;179.9;142.4;24.6;3.1;9.8;0.84;0.97;0.18;0.23;0.83;0.86;0.099;36.9;8.58;3.96;2.76;0.52;1.52;4;105;88.8;5.2;3;8;0.5;0.14;0.09;0.13
13;0;50;100;100;17.64;3.58;10.09;2.66;2.62;0.244;62.1;10.77;6.04;2.81;0.49;1.62;5.64;177.6;139.1;24;3.2;11.3;0.84;1.34;0.19;0.26;1;1.06;0.1;37.9;10.48;4.91;3.29;0.59;1.96;4.45;108.4;90.4;5.2;3.9;8.9;0.63;0.16;0.12;0.15
13;0;100;0;0;13.03;1.86;5.5;1.86;1.8;0.224;49.7;8.04;4.4;2.16;0.38;1.16;3.06;177.6;150.7;18.5;2.3;6.1;0.9;0.59;0.12;0.19;0.36;0.4;0.105;50.3;3.65;1.72;1.14;0.2;0.69;2.44;180;169.3;4.5;1.4;4.9;0.18;0.14;0.04;0.05
13;0;100;0;50;12.33;2.03;5.59;2.02;1.97;0.235;49.3;8.4;4.64;2.24;0.4;1.29;3.08;175.8;150.1;17;2.6;6.2;0.93;0.7;0.15;0.2;0.46;0.44;0.105;50.7;3.96;1.94;1.22;0.19;0.74;2.52;180.9;169.9;4.5;1.5;5;0.19;0.15;0.04;0.06
13;0;100;0;100;11.96;2.02;5.8;2.2;2.2;0.252;49;8.75;4.95;2.26;0.36;1.3;3.26;174.4;149.2;16.1;2.6;6.5;0.9;0.95;0.15;0.2;0.48;0.48;0.11;51;4.2;1.97;1.29;0.22;0.71;2.54;181.9;170.8;4.6;1.4;5.1;0.2;0.18;0.04;0.06
13;0;100;50;0;15.24;2.38;6.97;2.06;2;0.219;55.6;9.13;4.97;2.48;0.42;1.4;3.83;179.1;146.7;21.9;2.8;7.7;0.91;0.72;0.16;0.22;0.59;0.58;0.103;44.4;5.52;2.56;1.78;0.31;0.98;3.14;142.7;130;4.5;2;6.3;0.3;0.14;0.06;0.08
13;0;100;50;50;15.06;2.72;7.72;2.22;2.29;0.236;54.8;9.7;5.24;2.64;0.47;1.47;4.22;176.6;144.1;21.1;2.9;8.4;0.88;1.02;0.17;0.22;0.7;0.7;0.103;45.2;6.67;3.17;2.07;0.41;1.25;3.5;145.8;131.9;4.4;2.5;7;0.38;0.15;0.07;0.1
13;0;100;50;100;14.74;2.95;8.36;2.62;2.55;0.252;54.3;10.12;5.71;2.64;0.43;1.52;4.65;175.2;142.8;20.1;3;9.3;0.88;1.27;0.17;0.23;0.81;0.83;0.105;45.7;7.8;3.63;2.46;0.44;1.43;3.7;147.5;132.9;4.3;2.9;7.4;0.44;0.18;0.09;0.12
13;0;100;100;0;17.43;2.9;8.11;2.3;2.29;0.218;63.4;10.51;5.7;2.85;0.49;1.63;4.4;179.3;141.3;25.9;3.3;8.8;0.89;0.96;0.19;0.24;0.68;0.69;0.101;36.6;6.69;3.18;2.09;0.37;1.26;3.71;103.4;89.4;4.1;2.5;7.4;0.4;0.12;0.07;0.1
13;0;100;100;50;17.35;3.19;9.36;2.52;2.57;0.231;62.6;11.1;6.02;3.04;0.53;1.64;5.2;177.6;139;25;3.3;10.4;0.85;1.26;0.19;0.27;0.84;0.87;0.101;37.4;8.5;4.04;2.65;0.46;1.56;4.16;106.2;90.5;4.2;3.1;8.3;0.51;0.14;0.09;0.13
13;0;100;100;100;17.32;3.56;10.35;2.88;2.86;0.247;61.7;11.55;6.4;3.11;0.52;1.69;5.73;175.5;136.4;24.2;3.4;11.5;0.81;1.58;0.2;0.26;1;1.06;0.102;38.3;10.3;4.83;3.26;0.57;1.87;4.62;108.9;91.8;4.1;3.7;9.2;0.62;0.17;0.11;0.16
13;50;0;0;0;15.32;2.21;6.37;2.5;2.46;0.253;44.7;9.78;5.52;2.52;0.43;1.42;3.53;145.3;118;17.4;2.8;7.1;1.67;0.41;0.16;0.23;0.44;0.44;0.098;55.3;4.33;2.07;1.35;0.23;0.79;2.84;179.5;162.7;9.6;1.6;5.7;0.17;0.16;0.04;0.07
13;50;0;0;50;14.97;2.34;6.51;2.54;2.54;0.256;44.6;9.93;5.56;2.63;0.43;1.47;3.59;144.6;117.9;16.6;2.9;7.2;1.63;0.5;0.17;0.23;0.48;0.47;0.099;55.4;4.62;2.16;1.44;0.22;0.86;2.92;179.9;162.8;9.6;1.7;5.8;0.17;0.18;0.05;0.07
13;50;0;0;100;14.75;2.48;6.84;2.6;2.7;0.262;44.3;10.3;5.88;2.63;0.43;1.54;3.78;143.8;117.5;15.6;3.1;7.6;1.62;0.67;0.18;0.24;0.58;0.54;0.104;55.7;5.03;2.44;1.52;0.25;0.94;3.06;181.1;163.3;9.8;1.9;6.1;0.18;0.23;0.05;0.07
13;50;0;50;0;17.36;2.61;7.41;2.5;2.49;0.246;50.7;10.17;5.68;2.68;0.45;1.51;3.98;147.3;115.4;20.9;3;8;1.6;0.49;0.19;0.22;0.62;0.6;0.097;49.3;6.06;2.83;1.89;0.34;1.1;3.43;143.1;124.6;9.5;2.2;6.9;0.3;0.16;0.06;0.09
13;50;0;50;50;17.29;2.91;8.31;2.74;2.66;0.248;50.4;10.74;6.05;2.74;0.5;1.55;4.63;147;114.5;20.1;3.1;9.3;1.59;0.63;0.18;0.26;0.72;0.73;0.099;49.6;7.32;3.5;2.27;0.4;1.36;3.67;145;125.5;9.4;2.7;7.3;0.36;0.19;0.08;0.11
13;50;0;50;100;17.11;3.08;9.08;2.8;2.82;0.257;50;10.99;6.12;2.91;0.48;1.54;5.05;146.4;114.1;19.1;3.1;10.1;1.59;0.81;0.17;0.25;0.83;0.85;0.101;50;8.33;3.96;2.6;0.46;1.55;4.03;146.5;125.9;9.5;3.1;8.1;0.41;0.24;0.09;0.11
13;50;0;100;0;19.36;2.92;8.59;2.5;2.56;0.239;59.2;10.72;5.79;2.96;0.48;1.61;4.74;150.6;113.7;24.3;3.2;9.5;1.55;0.57;0.19;0.25;0.69;0.74;0.099;40.8;7.32;3.41;2.37;0.4;1.31;3.85;104;84.2;9.4;2.6;7.7;0.38;0.16;0.09;0.11
13;50;0;100;50;19.27;3.47;9.52;2.8;2.77;0.241;58.1;11.53;6.43;2.99;0.54;1.79;5.19;148.7;111.1;23.6;3.6;10.4;1.54;0.77;0.2;0.26;0.91;0.9;0.098;41.9;9.03;4.33;2.73;0.47;1.68;4.33;107.1;85.9;9.1;3.4;8.7;0.49;0.17;0.1;0.13
13;50;0;100;100;19.36;3.78;10.96;3.06;3.04;0.25;57.5;12.17;6.8;3.18;0.56;1.75;6.06;148.4;109.9;22.9;3.5;12.1;1.54;1.02;0.21;0.28;1.04;1.11;0.1;42.5;10.96;5.13;3.47;0.6;2.04;4.9;109.7;86.8;9.1;4.1;9.8;0.6;0.22;0.12;0.16
13;50;50;0;0;15.16;2.39;6.87;2.78;2.81;0.255;45;11.04;6.15;2.88;0.49;1.61;3.76;146.5;118.2;17.6;3.2;7.5;1.94;0.44;0.18;0.25;0.42;0.47;0.107;55;4.27;1.95;1.34;0.25;0.78;3.11;178.9;162.4;8.7;1.6;6.2;0.16;0.21;0.04;0.06
13;50;50;0;50;14.72;2.49;7.19;2.95;2.92;0.258;44.7;11.33;6.37;2.92;0.55;1.64;3.98;145.5;117.8;16.5;3.3;8;1.93;0.55;0.18;0.25;0.54;0.55;0.11;55.3;4.77;2.26;1.49;0.25;0.85;3.22;179.9;163;8.8;1.7;6.4;0.18;0.26;0.05;0.07
13;50;50;0;100;14.15;2.64;7.44;3.18;3.16;0.269;44.6;11.79;6.74;3.02;0.51;1.72;4.12;144.7;117.7;15.3;3.4;8.2;1.94;0.76;0.21;0.26;0.64;0.62;0.118;55.5;5.14;2.52;1.57;0.24;0.93;3.32;180.3;163;8.8;1.9;6.6;0.18;0.31;0.06;0.08
13;50;50;50;0;17.32;2.89;8.27;2.9;2.92;0.246;51;11.93;6.62;3.19;0.52;1.74;4.6;149.1;115.1;21.3;3.5;9.2;1.87;0.57;0.2;0.29;0.6;0.66;0.104;49;6.16;2.95;1.92;0.33;1.15;3.67;143.1;124.9;8.6;2.3;7.3;0.29;0.21;0.07;0.09
13;50;50;50;50;16.95;3.18;8.8;3.18;3.12;0.253;50.6;12.34;6.94;3.19;0.55;1.82;4.92;148.1;114.4;20.3;3.6;9.8;1.88;0.75;0.22;0.28;0.78;0.79;0.107;49.4;7.22;3.41;2.27;0.37;1.36;3.89;144.6;125.6;8.5;2.7;7.8;0.34;0.25;0.09;0.11
13;50;50;50;100;16.57;3.38;9.64;3.3;3.28;0.261;49.7;12.6;7.08;3.24;0.57;1.84;5.21;145.7;112.5;19.1;3.7;10.4;1.82;0.98;0.21;0.28;0.93;0.95;0.109;50.3;8.6;4.1;2.71;0.45;1.54;4.43;147.7;127.5;8.3;3.1;8.9;0.43;0.29;0.1;0.13
13;50;50;100;0;19.24;3.26;9.22;3.15;3.1;0.242;59.1;12.85;7.13;3.39;0.58;1.89;5.16;150.9;112;24.9;3.8;10.3;1.83;0.75;0.22;0.29;0.79;0.76;0.102;40.9;7.29;3.47;2.3;0.37;1.37;4.06;104.4;85.3;8.2;2.7;8.1;0.38;0.19;0.08;0.11
13;50;50;100;50;19.23;3.69;10.51;3.45;3.36;0.245;58;13.72;7.64;3.54;0.64;2;5.81;149.2;109.4;24.2;4;11.6;1.83;0.97;0.23;0.33;0.94;0.95;0.103;42;9.06;4.28;2.9;0.47;1.69;4.71;107.9;87.1;8;3.4;9.4;0.49;0.23;0.1;0.13
13;50;50;100;100;19.18;4;11.54;3.69;3.62;0.259;57.4;14;7.94;3.63;0.63;1.98;6.42;148.2;108.1;23.3;4;12.8;1.76;1.31;0.24;0.31;1.07;1.16;0.105;42.6;10.91;5.12;3.41;0.6;2.02;5.12;110.1;87.9;7.9;4;10.2;0.6;0.28;0.12;0.17
13;50;100;0;0;14.88;2.69;7.52;3.38;3.3;0.256;44.7;12.95;7.31;3.33;0.58;1.86;4.11;146.3;116.4;18;3.7;8.2;2.2;0.58;0.23;0.29;0.49;0.52;0.115;55.3;4.38;2.13;1.33;0.24;0.84;3.41;180.9;164.8;7.7;1.7;6.8;0.17;0.24;0.05;0.07
13;50;100;0;50;14.46;2.7;7.84;3.57;3.42;0.261;44.8;13.13;7.49;3.4;0.56;1.83;4.39;146.2;117;16.8;3.7;8.8;2.22;0.68;0.21;0.3;0.58;0.58;0.116;55.2;4.83;2.29;1.49;0.26;0.86;3.45;180.4;164;7.8;1.7;6.9;0.17;0.28;0.05;0.07
13;50;100;0;100;13.81;2.9;8.02;3.7;3.68;0.272;44.3;13.56;7.78;3.38;0.58;2;4.39;144.4;115.8;15.8;4;8.8;2.22;0.93;0.24;0.29;0.64;0.64;0.123;55.7;5.06;2.45;1.53;0.26;0.9;3.63;181.9;165.6;7.2;1.8;7.3;0.19;0.32;0.05;0.07
13;50;100;50;0;16.86;3.23;8.93;3.37;3.42;0.249;50.9;13.76;7.66;3.67;0.6;2.08;4.97;149.1;113.8;21.2;4.2;9.9;2.15;0.7;0.24;0.33;0.7;0.69;0.109;49.1;6.17;3;1.84;0.33;1.15;3.95;143.8;126.2;7.4;2.3;7.9;0.3;0.23;0.07;0.09
13;50;100;50;50;16.47;3.49;9.58;3.74;3.68;0.261;50.4;14.14;8.03;3.63;0.66;2.13;5.32;147.9;112.8;20.2;4.3;10.6;2.16;0.95;0.25;0.32;0.79;0.81;0.109;49.6;7.33;3.5;2.21;0.41;1.35;4.25;145.7;127.2;7.2;2.7;8.5;0.36;0.26;0.09;0.1
13;50;100;50;100;16.46;3.63;10.33;3.85;3.86;0.27;49.8;14.35;8.1;3.72;0.66;2.07;5.67;146.8;111.9;19.4;4.1;11.3;2.12;1.2;0.23;0.31;0.96;0.97;0.113;50.2;8.5;4.04;2.62;0.44;1.56;4.66;147.9;128.1;7.4;3.1;9.3;0.42;0.34;0.09;0.12
13;50;100;100;0;19.33;3.44;10.1;3.78;3.64;0.244;58.8;14.96;8.3;3.95;0.71;2.2;5.56;150.6;109.6;25.5;4.4;11.1;2.1;0.95;0.25;0.34;0.74;0.77;0.106;41.2;7.22;3.29;2.28;0.41;1.24;4.53;105.7;87;7.2;2.5;9.1;0.38;0.22;0.07;0.1
13;50;100;100;50;19.21;4.01;11.25;3.81;3.84;0.253;58;15.21;8.55;4;0.66;2.29;6.23;149.7;108.4;24.3;4.6;12.5;2.02;1.22;0.26;0.34;0.96;0.98;0.106;42;9.2;4.38;2.88;0.47;1.71;5.02;108.5;87.8;7.3;3.4;10;0.49;0.26;0.1;0.13
13;50;100;100;100;18.93;4.32;12.36;4.27;4.22;0.264;57.1;15.99;9.02;4.09;0.73;2.25;6.82;148.1;106.3;23.6;4.5;13.6;2.05;1.55;0.27;0.35;1.16;1.21;0.108;42.9;11.07;5.23;3.49;0.55;2.07;5.55;111.2;89.1;6.9;4.1;11.1;0.61;0.32;0.12;0.16
13;100;0;0;0;17.15;2.63;7.36;3.08;3.1;0.263;37.6;11.86;6.65;3.12;0.51;1.74;4.06;108.9;80.1;17.2;3.5;8.1;2.23;0.41;0.2;0.26;0.48;0.49;0.1;62.4;4.76;2.22;1.5;0.25;0.9;3.29;181;159.8;12.9;1.8;6.6;0.16;0.21;0.05;0.07
13;100;0;0;50;16.69;2.7;7.67;3.25;3.17;0.265;37.5;12.01;6.8;3.08;0.56;1.72;4.24;108.3;80.3;16;3.4;8.5;2.21;0.5;0.2;0.27;0.55;0.58;0.107;62.5;5.34;2.52;1.64;0.27;0.98;3.43;180.9;159.4;12.8;2;6.9;0.17;0.28;0.06;0.07
13;100;0;0;100;16.41;2.84;8.2;3.37;3.32;0.272;37.7;12.23;6.98;3.15;0.53;1.74;4.63;108.8;81.1;15;3.5;9.3;2.24;0.62;0.19;0.27;0.68;0.7;0.113;62.3;6.08;2.87;1.91;0.32;1.1;3.57;180.3;157.9;13.1;2.2;7.1;0.18;0.37;0.06;0.09
13;100;0;50;0;19.19;2.94;8.59;3.07;3.09;0.256;43.6;12.13;6.71;3.17;0.59;1.73;4.75;112.2;78.7;20.5;3.5;9.5;2.13;0.48;0.2;0.28;0.68;0.67;0.1;56.4;6.63;3.14;2.06;0.39;1.21;3.84;144.9;121.9;12.9;2.4;7.7;0.28;0.22;0.07;0.1
13;100;0;50;50;18.89;3.3;9.34;3.35;3.3;0.259;43.6;12.8;7.27;3.33;0.56;1.9;5.22;112.5;78.4;19.8;3.8;10.4;2.18;0.61;0.21;0.3;0.78;0.81;0.103;56.4;7.79;3.64;2.37;0.44;1.4;4.12;145.8;122.4;12.4;2.8;8.2;0.34;0.27;0.08;0.11
13;100;0;50;100;18.59;3.63;10.33;3.41;3.48;0.266;43;13.1;7.39;3.35;0.62;1.93;5.66;111.8;78.1;18.5;3.9;11.3;2.18;0.79;0.22;0.29;0.98;1;0.107;57;9.32;4.42;2.91;0.53;1.7;4.67;148.1;122.8;12.6;3.4;9.3;0.41;0.35;0.1;0.14
13;100;0;100;0;21.24;3.31;9.61;3.3;3.22;0.249;51.8;13;7.28;3.42;0.58;1.89;5.25;115.2;76.7;24.2;3.8;10.5;2.11;0.59;0.21;0.31;0.75;0.78;0.099;48.2;7.81;3.63;2.49;0.44;1.42;4.35;107.4;83.3;12.5;2.8;8.7;0.37;0.21;0.08;0.12
13;100;0;100;50;20.73;3.72;10.61;3.47;3.42;0.252;51.3;13.62;7.64;3.53;0.54;2.03;5.84;114.7;75.8;23.2;4.1;11.7;2.11;0.75;0.24;0.31;0.99;0.98;0.101;48.7;9.61;4.52;2.96;0.51;1.69;4.77;109.2;84.2;12;3.4;9.5;0.48;0.26;0.1;0.14
13;100;0;100;100;20.72;4.3;11.98;3.62;3.65;0.259;50.8;14.11;7.83;3.79;0.61;2.12;6.66;115.2;75.4;22.2;4.2;13.3;2.11;0.99;0.24;0.31;1.17;1.23;0.104;49.2;11.77;5.51;3.65;0.65;2.19;5.32;111.6;84.6;12;4.4;10.6;0.59;0.34;0.13;0.17
13;100;50;0;0;17.14;2.96;8.57;3.79;3.79;0.266;38.3;14.26;8.16;3.69;0.61;2.04;4.7;111.7;80.9;17.3;4.1;9.4;2.78;0.44;0.24;0.32;0.6;0.6;0.112;61.7;5.23;2.49;1.67;0.27;0.92;3.87;179.9;158.2;12.1;1.8;7.7;0.16;0.3;0.06;0.08
13;100;50;0;50;16.39;3.13;8.89;3.96;3.94;0.269;38;14.67;8.31;3.85;0.65;2.07;4.91;110.6;80.7;16;4.1;9.8;2.8;0.54;0.26;0.34;0.65;0.68;0.117;62;5.67;2.75;1.72;0.3;1.06;3.98;180.5;158.6;11.8;2.1;8;0.17;0.36;0.06;0.08
13;100;50;0;100;16.16;3.13;9.16;4.22;4.08;0.276;37.7;14.81;8.52;3.71;0.64;2.04;4.96;109.6;80.4;15.2;4.1;9.9;2.76;0.76;0.24;0.32;0.76;0.77;0.124;62.3;6.19;2.98;1.92;0.31;1.09;4.2;181.6;159.2;11.8;2.2;8.4;0.18;0.44;0.07;0.09
13;100;50;50;0;18.91;3.54;9.69;3.86;3.85;0.26;44.3;14.85;8.37;3.88;0.66;2.23;5.4;114.8;79;20.6;4.5;10.8;2.71;0.54;0.27;0.33;0.73;0.76;0.108;55.7;6.89;3.33;2.12;0.34;1.31;4.29;144.4;121.6;11.7;2.6;8.6;0.28;0.29;0.08;0.1
13;100;50;50;50;18.72;3.71;10.43;4.1;4.04;0.263;43.7;15.39;8.71;3.92;0.7;2.23;5.87;113.9;77.9;19.9;4.5;11.7;2.67;0.76;0.26;0.36;0.9;0.9;0.11;56.3;8.08;3.79;2.56;0.43;1.48;4.56;146.7;123.2;11.5;3;9.1;0.35;0.35;0.09;0.12
13;100;50;50;100;18.62;3.94;11.3;4.31;4.24;0.27;43.3;15.74;8.96;3.96;0.72;2.25;6.31;113.5;77.5;18.9;4.5;12.6;2.65;0.98;0.26;0.34;1;1.06;0.113;56.7;9.29;4.38;2.92;0.55;1.69;4.99;148.6;123.7;11.5;3.4;10;0.41;0.42;0.1;0.13
13;100;50;100;0;20.88;3.74;10.6;4.01;3.96;0.254;52.3;15.62;8.76;4.05;0.72;2.28;5.86;117.3;76.8;24.3;4.6;11.7;2.62;0.72;0.27;0.35;0.88;0.86;0.106;47.7;8.03;3.77;2.48;0.45;1.46;4.75;106.8;83.2;11.2;2.9;9.5;0.37;0.28;0.1;0.12
13;100;50;100;50;20.83;4.24;11.99;4.31;4.18;0.256;51.4;16.34;9.25;4.22;0.73;2.39;6.53;116.7;75.3;23.5;4.8;13.1;2.59;0.95;0.28;0.36;1.01;1.06;0.107;48.6;9.85;4.65;3.06;0.58;1.85;5.45;110.5;84.7;11.2;3.7;10.9;0.48;0.34;0.1;0.14
13;100;50;100;100;20.6;4.55;13.07;4.54;4.53;0.269;51;16.89;9.67;4.25;0.79;2.43;7.27;116.4;74.6;22.3;4.9;14.5;2.6;1.25;0.29;0.38;1.23;1.28;0.108;49.1;11.71;5.56;3.69;0.61;2.12;5.8;112.1;85.4;10.9;4.2;11.6;0.59;0.4;0.12;0.17
13;100;100;0;0;16.54;3.25;9.48;4.63;4.51;0.27;38.5;16.77;9.52;4.3;0.75;2.31;5.17;112.5;80.6;17;4.6;10.3;3.33;0.54;0.27;0.36;0.64;0.66;0.121;61.5;5.29;2.58;1.64;0.24;0.94;4.31;180.3;158.9;10.9;1.9;8.6;0.16;0.36;0.06;0.08
13;100;100;0;50;16.23;3.33;9.89;4.67;4.6;0.273;38.4;16.92;9.7;4.33;0.73;2.37;5.4;112.3;80.9;15.8;4.7;10.8;3.34;0.64;0.26;0.36;0.8;0.75;0.127;61.6;5.77;2.77;1.78;0.33;0.96;4.49;180.1;158.1;11;1.9;9;0.17;0.45;0.06;0.08
13;100;100;0;100;16.01;3.55;10.25;4.88;4.88;0.279;38.1;17.52;10.11;4.38;0.77;2.5;5.63;111.8;80;15.4;5;11.3;3.3;0.9;0.28;0.4;0.8;0.82;0.133;61.9;6.09;2.92;1.85;0.34;1.05;4.61;182;159.9;10.8;2.1;9.2;0.18;0.5;0.06;0.08
13;100;100;50;0;18.62;3.83;10.88;4.64;4.64;0.262;44.3;17.75;10.04;4.51;0.78;2.57;6.06;115.9;78.1;20.5;5.1;12.1;3.24;0.69;0.3;0.41;0.81;0.82;0.114;55.7;7.03;3.35;2.17;0.38;1.26;4.82;145.5;122.8;10.5;2.5;9.6;0.29;0.35;0.07;0.1
13;100;100;50;50;18.59;4.09;11.45;4.86;4.85;0.271;43.9;17.96;10.3;4.52;0.78;2.63;6.26;115.2;77.7;19.7;5.3;12.5;3.21;0.94;0.31;0.39;0.97;0.96;0.117;56.1;8.08;3.91;2.5;0.41;1.46;5.2;147.5;123.5;10.7;2.9;10.4;0.34;0.43;0.09;0.11
13;100;100;50;100;18.23;4.13;12.21;5.03;5.02;0.277;43.5;18.13;10.42;4.63;0.78;2.53;6.71;114.6;77.2;19;5.1;13.4;3.15;1.17;0.29;0.41;1.08;1.13;0.12;56.5;9.3;4.42;2.85;0.49;1.6;5.5;149.1;124.2;10.6;3.2;11;0.4;0.5;0.1;0.13
13;100;100;100;0;20.86;4.08;11.9;4.78;4.73;0.257;52.3;18.4;10.45;4.72;0.84;2.66;6.46;118.6;75.8;24.5;5.3;12.9;3.09;0.91;0.31;0.42;0.91;0.91;0.111;47.7;8.12;3.8;2.55;0.44;1.41;5.44;108.3;84.2;10.4;2.8;10.9;0.37;0.35;0.08;0.12
13;100;100;100;50;20.54;4.47;12.86;5.08;5.02;0.265;51.8;18.99;10.68;4.92;0.89;2.71;7.06;118.2;75;23.7;5.4;14.1;3.11;1.17;0.31;0.43;1.11;1.12;0.113;48.2;9.83;4.72;3.01;0.54;1.77;5.8;110.1;85;10;3.5;11.6;0.47;0.4;0.11;0.14
13;100;100;100;100;20.61;4.76;13.98;5.45;5.23;0.272;50.8;19.23;10.98;4.87;0.85;2.67;7.62;117.1;73.5;23;5.3;15.2;3.02;1.49;0.31;0.4;1.31;1.35;0.113;49.2;11.85;5.53;3.77;0.68;2.09;6.36;113.3;86.5;9.9;4.2;12.7;0.59;0.46;0.12;0.18
14;0;0;0;0;13.63;1.65;4.96;1.69;1.68;0.237;50.1;7.13;3.84;1.97;0.34;1.01;2.74;179.2;153.3;18.4;2;5.5;0.95;0.44;0.13;0.16;0.34;0.35;0.093;49.9;3.54;1.61;1.11;0.22;0.64;2.22;178.4;166.7;6;1.3;4.4;0.17;0.1;0.04;0.05
14;0;0;0;50;13.2;1.81;5.21;1.89;1.82;0.241;49.7;7.55;4.21;1.97;0.38;1.1;2.92;177.7;152.2;17.4;2.2;5.8;0.96;0.56;0.14;0.17;0.38;0.38;0.095;50.3;3.81;1.78;1.2;0.23;0.71;2.29;179.7;167.8;5.9;1.4;4.6;0.18;0.11;0.04;0.06
14;0;0;0;100;12.93;1.89;5.47;1.95;1.97;0.253;49.5;7.77;4.35;2.03;0.36;1.15;3.02;177;152;16.6;2.3;6;0.96;0.7;0.14;0.18;0.41;0.44;0.1;50.5;4.17;1.95;1.36;0.2;0.74;2.45;180.4;168;6;1.5;4.9;0.19;0.14;0.05;0.06
14;0;0;50;0;15.71;2.18;6.22;1.76;1.77;0.227;56.3;7.78;4.24;2.09;0.37;1.19;3.48;181.2;150.1;21.8;2.4;7;0.91;0.52;0.14;0.2;0.5;0.53;0.095;43.7;5.43;2.5;1.81;0.27;0.99;2.73;140.8;127.5;5.9;2;5.5;0.3;0.1;0.05;0.08
14;0;0;50;50;15.61;2.36;6.88;1.98;1.91;0.235;55.7;8.15;4.49;2.15;0.38;1.19;3.85;179.6;148.5;21;2.4;7.7;0.93;0.65;0.14;0.19;0.64;0.62;0.095;44.3;6.38;2.99;1.99;0.36;1.17;3.02;143;128.6;6;2.3;6;0.36;0.11;0.06;0.09
14;0;0;50;100;15.35;2.61;7.72;2.13;2.14;0.246;54.9;8.7;4.86;2.3;0.37;1.26;4.2;177.5;146.4;20.2;2.5;8.4;0.91;0.87;0.15;0.21;0.7;0.74;0.098;45.1;7.46;3.46;2.41;0.42;1.34;3.52;145.7;130.2;5.8;2.7;7;0.42;0.13;0.07;0.11
14;0;0;100;0;17.82;2.53;7.13;1.93;1.91;0.224;64.5;8.55;4.7;2.2;0.39;1.3;3.93;183.4;147.5;25.5;2.6;7.9;0.95;0.61;0.16;0.2;0.58;0.64;0.096;35.5;6.55;3;2.1;0.34;1.22;3.2;101;86.2;5.9;2.4;6.4;0.37;0.1;0.07;0.09
14;0;0;100;50;17.87;2.82;8.3;2.15;2.06;0.226;63.5;9.13;4.97;2.44;0.41;1.33;4.64;181.1;144.4;24.8;2.7;9.3;0.9;0.8;0.15;0.22;0.72;0.79;0.095;36.5;8.14;3.75;2.58;0.46;1.49;3.66;103.9;87.8;5.8;3;7.3;0.48;0.1;0.08;0.12
14;0;0;100;100;17.95;3.24;9.49;2.4;2.39;0.239;62.5;10.02;5.46;2.69;0.5;1.45;5.3;178.9;141.2;24.3;2.9;10.6;0.88;1.09;0.17;0.25;0.89;0.95;0.097;37.5;9.77;4.51;3.1;0.52;1.8;4.2;107.1;89.4;5.7;3.6;8.4;0.59;0.13;0.1;0.14
14;0;50;0;0;13.25;1.78;5.02;1.82;1.76;0.236;50.1;7.48;4.11;1.98;0.34;1.13;2.83;178.9;152.5;18.4;2.3;5.7;0.99;0.46;0.13;0.18;0.35;0.38;0.099;49.9;3.58;1.67;1.15;0.21;0.65;2.19;178.3;167.5;5.1;1.3;4.4;0.17;0.12;0.04;0.05
14;0;50;0;50;12.84;1.79;5.35;1.89;1.86;0.239;49.6;7.81;4.28;2.05;0.4;1.12;2.94;176.8;151.1;17.6;2.2;5.9;0.96;0.6;0.13;0.18;0.4;0.4;0.1;50.4;3.8;1.76;1.23;0.19;0.67;2.41;180.1;168.9;5.1;1.3;4.8;0.18;0.13;0.04;0.05
14;0;50;0;100;12.5;2.03;5.41;2.03;2.08;0.257;49.3;8.12;4.58;2.1;0.33;1.27;3;175.9;150.8;16.5;2.5;6;0.96;0.8;0.15;0.18;0.42;0.44;0.105;50.7;4.01;1.89;1.21;0.23;0.76;2.42;180.7;169.2;5.2;1.5;4.8;0.18;0.16;0.04;0.05
14;0;50;50;0;15.32;2.27;6.37;1.9;1.88;0.227;56.1;8.3;4.61;2.17;0.38;1.29;3.5;180.3;148.7;22;2.6;7;0.96;0.57;0.16;0.2;0.56;0.55;0.099;43.9;5.4;2.56;1.68;0.29;0.98;2.86;141.1;128.5;5;2;5.7;0.3;0.12;0.06;0.08
14;0;50;50;50;15.5;2.56;7.29;2.25;2.19;0.24;55.4;9.13;5.12;2.4;0.39;1.37;4.06;178.8;146.3;21.6;2.7;8.1;0.94;0.88;0.16;0.21;0.64;0.66;0.1;44.6;6.49;3.13;2.01;0.33;1.19;3.23;144.2;130.3;5.1;2.4;6.5;0.36;0.13;0.07;0.1
14;0;50;50;100;15.07;2.76;7.81;2.34;2.34;0.249;54.8;9.41;5.21;2.5;0.44;1.38;4.36;177;145.1;20.4;2.8;8.7;0.92;1.04;0.16;0.22;0.74;0.75;0.101;45.2;7.34;3.48;2.25;0.4;1.38;3.45;145.8;131.2;4.9;2.8;6.9;0.42;0.15;0.07;0.11
14;0;50;100;0;17.6;2.71;7.45;2.11;2.07;0.221;64.2;9.39;5.12;2.53;0.41;1.47;4.21;182.1;144.8;25.9;2.9;8.4;0.91;0.78;0.17;0.22;0.62;0.65;0.098;35.8;6.52;3.04;2.06;0.35;1.24;3.23;101.4;87.6;4.8;2.5;6.5;0.38;0.11;0.06;0.1
14;0;50;100;50;17.85;3.1;8.94;2.4;2.4;0.233;62.9;10.34;5.63;2.83;0.48;1.55;4.98;179.3;140.9;25.4;3.1;10;0.88;1.09;0.19;0.25;0.8;0.83;0.098;37.1;8.29;3.86;2.7;0.45;1.55;3.96;105.5;89.6;4.9;3.1;7.9;0.49;0.12;0.09;0.12
14;0;50;100;100;17.58;3.48;9.85;2.7;2.74;0.248;62.2;11.05;6.16;2.85;0.52;1.66;5.53;177.6;138.5;24.7;3.3;11.1;0.9;1.39;0.2;0.25;0.99;1;0.099;37.8;9.99;4.72;3.08;0.55;1.82;4.33;107.6;90.8;4.5;3.6;8.7;0.61;0.14;0.11;0.14
14;0;100;0;0;13.05;1.79;5.35;1.85;1.88;0.235;49.8;8;4.35;2.14;0.38;1.19;2.95;177.7;150.8;18.6;2.4;5.9;0.98;0.57;0.14;0.19;0.41;0.39;0.101;50.2;3.6;1.67;1.21;0.19;0.6;2.4;179.5;169.2;4.3;1.2;4.8;0.17;0.13;0.03;0.05
14;0;100;0;50;12.43;1.83;5.52;2.02;2.06;0.245;49.2;8.42;4.58;2.28;0.4;1.19;3.01;175.4;149.5;17.6;2.4;6;0.96;0.76;0.14;0.2;0.4;0.4;0.104;50.8;3.61;1.74;1.1;0.2;0.64;2.51;181;170.5;4.1;1.3;5;0.17;0.14;0.03;0.05
14;0;100;0;100;12.01;1.98;5.79;2.17;2.32;0.259;49;8.97;4.93;2.39;0.41;1.29;3.24;174.4;148.7;16.6;2.6;6.5;1;0.96;0.15;0.21;0.46;0.45;0.108;51;3.92;1.86;1.16;0.2;0.69;2.55;181.8;171.3;4.1;1.4;5.1;0.19;0.17;0.04;0.05
14;0;100;50;0;15.28;2.36;6.91;2.11;2.11;0.224;55.5;9.43;5.11;2.62;0.4;1.41;3.75;178.2;145.4;22.5;2.8;7.5;0.96;0.75;0.17;0.23;0.52;0.54;0.1;44.5;5.31;2.43;1.72;0.29;0.95;3.16;143.1;131;4;1.9;6.3;0.3;0.12;0.05;0.08
14;0;100;50;50;14.8;2.48;7.45;2.35;2.35;0.242;55;9.71;5.34;2.59;0.43;1.37;4.17;176.5;144;21.4;2.7;8.3;0.93;1.03;0.16;0.23;0.64;0.65;0.101;45;6.33;2.94;1.99;0.34;1.1;3.28;144.7;132;3.9;2.2;6.6;0.37;0.13;0.06;0.09
14;0;100;50;100;14.71;2.89;8.15;2.57;2.63;0.258;54.4;10.19;5.71;2.67;0.48;1.52;4.51;175.1;142.4;20.6;3;9;0.95;1.27;0.18;0.23;0.76;0.78;0.103;45.6;7.44;3.53;2.3;0.39;1.37;3.64;147.1;133.2;3.9;2.7;7.3;0.43;0.16;0.08;0.11
14;0;100;100;0;17.64;2.81;8.1;2.4;2.37;0.221;63.6;10.72;5.86;2.88;0.49;1.65;4.51;179.7;140.8;26.6;3.3;9;0.93;0.99;0.19;0.26;0.63;0.65;0.099;36.4;6.46;2.96;2.1;0.34;1.17;3.58;103;89.6;3.9;2.3;7.2;0.38;0.11;0.06;0.09
14;0;100;100;50;17.49;3.17;9.02;2.7;2.64;0.237;62.6;11.15;6.23;2.87;0.52;1.69;5.03;177.4;138.4;25.5;3.4;10.1;0.91;1.27;0.21;0.25;0.78;0.83;0.1;37.4;8.2;3.85;2.61;0.42;1.48;4;105.7;90.8;3.9;3;8;0.49;0.13;0.09;0.12
14;0;100;100;100;17.59;3.57;10.31;3.02;3.01;0.252;61.7;11.95;6.68;3.09;0.53;1.78;5.75;175.4;135.4;25;3.6;11.5;0.89;1.63;0.22;0.28;0.96;1.02;0.1;38.3;10.02;4.62;3.24;0.55;1.79;4.57;108.9;92.3;3.9;3.6;9.1;0.61;0.16;0.1;0.15
14;50;0;0;0;15.52;2.12;6.25;2.58;2.54;0.261;44.7;9.77;5.51;2.58;0.46;1.38;3.45;145.2;117.4;18.1;2.8;6.9;1.73;0.44;0.16;0.22;0.4;0.42;0.096;55.3;4.11;1.94;1.24;0.22;0.73;2.8;179.8;163.5;9.3;1.5;5.6;0.16;0.16;0.04;0.05
14;50;0;0;50;14.89;2.29;6.5;2.69;2.68;0.265;44.4;10.16;5.78;2.56;0.47;1.48;3.59;144;117;16.9;3;7.2;1.74;0.54;0.17;0.23;0.45;0.46;0.097;55.6;4.47;2.08;1.41;0.23;0.81;2.91;180.6;164;9.2;1.6;5.8;0.17;0.18;0.05;0.06
14;50;0;0;100;14.42;2.31;6.79;2.89;2.87;0.274;44.3;10.52;5.99;2.73;0.42;1.48;3.8;143.6;117.1;15.9;3;7.6;1.78;0.68;0.18;0.24;0.47;0.51;0.103;55.7;4.82;2.19;1.52;0.27;0.83;2.99;180.5;163.8;9;1.7;6;0.18;0.22;0.05;0.07
14;50;0;50;0;17.45;2.55;7.57;2.66;2.65;0.255;50.9;10.45;5.83;2.77;0.47;1.51;4.24;148.1;115.1;21.5;3;8.5;1.71;0.51;0.18;0.24;0.55;0.58;0.097;49.1;5.87;2.7;1.9;0.32;1.04;3.33;142.7;124.9;9;2.1;6.7;0.29;0.15;0.06;0.09
14;50;0;50;50;17.31;2.85;8.15;2.74;2.75;0.256;50.3;10.78;5.97;2.77;0.52;1.57;4.55;146.7;113.8;20.7;3.1;9.1;1.67;0.66;0.18;0.24;0.66;0.69;0.097;49.7;7;3.28;2.2;0.37;1.28;3.6;145;126.2;9;2.6;7.2;0.36;0.17;0.07;0.1
14;50;0;50;100;16.91;3.15;9.09;2.9;2.97;0.266;50.1;11.15;6.26;2.87;0.51;1.62;5.06;146.6;113.7;19.5;3.2;10.1;1.7;0.82;0.19;0.25;0.82;0.84;0.1;49.9;8.27;3.9;2.62;0.45;1.54;4.03;146.3;126.3;8.9;3.1;8.1;0.42;0.22;0.09;0.12
14;50;0;100;0;19.42;2.92;8.44;2.73;2.73;0.248;59.3;11.07;6.17;2.92;0.48;1.62;4.73;151;113.3;25;3.2;9.5;1.69;0.6;0.19;0.26;0.69;0.71;0.098;40.7;7.1;3.27;2.31;0.39;1.3;3.7;103.5;84.4;9;2.6;7.4;0.37;0.16;0.08;0.1
14;50;0;100;50;19.39;3.32;9.54;2.85;2.87;0.248;58.3;11.57;6.38;3.05;0.52;1.67;5.18;149;110.9;24.4;3.3;10.4;1.62;0.79;0.2;0.26;0.83;0.87;0.098;41.7;8.77;4.14;2.75;0.46;1.65;4.36;106.7;86;8.7;3.3;8.7;0.47;0.17;0.09;0.13
14;50;0;100;100;19.07;3.79;10.68;3.1;3.12;0.258;57.4;12.14;6.85;3.08;0.54;1.82;5.81;147.3;108.8;23.2;3.6;11.6;1.61;1.04;0.21;0.27;1.02;1.08;0.099;42.6;10.75;4.95;3.41;0.61;1.98;4.87;109.4;87.4;8.2;4;9.7;0.6;0.2;0.12;0.16
14;50;50;0;0;15.22;2.36;6.82;3.02;2.99;0.265;45;11.32;6.44;2.9;0.48;1.65;3.79;146.5;117.4;18.2;3.3;7.6;2.08;0.47;0.2;0.25;0.43;0.46;0.104;55;4.17;1.97;1.29;0.23;0.71;3.03;179.3;163.5;8.3;1.4;6.1;0.16;0.2;0.04;0.06
14;50;50;0;50;14.32;2.49;7.05;3.12;3.11;0.269;44.7;11.59;6.61;2.99;0.49;1.67;3.96;145.2;117.3;16.7;3.3;7.9;2.09;0.57;0.19;0.26;0.49;0.51;0.11;55.3;4.46;2.16;1.36;0.25;0.83;3.09;179.6;163.7;8.1;1.7;6.2;0.17;0.23;0.05;0.07
14;50;50;0;100;14.21;2.51;7.33;3.23;3.26;0.277;44.2;11.79;6.8;2.89;0.49;1.64;4.04;143.8;116.3;16.1;3.3;8.1;2.01;0.79;0.2;0.26;0.57;0.56;0.111;55.8;4.95;2.35;1.55;0.27;0.87;3.3;181.4;164.9;8.1;1.7;6.6;0.18;0.26;0.05;0.07
14;50;50;50;0;17.06;2.81;8.16;3.06;3.04;0.256;51;11.93;6.69;3.15;0.53;1.73;4.6;148.7;114.8;21.3;3.5;9.2;2;0.57;0.2;0.28;0.6;0.62;0.102;49;5.95;2.8;1.85;0.31;1.09;3.56;142.7;125.2;8.1;2.2;7.1;0.29;0.19;0.06;0.08
14;50;50;50;50;16.91;3.14;8.79;3.27;3.31;0.267;50.4;12.44;7.04;3.18;0.55;1.82;4.83;147.5;113.6;20.6;3.6;9.7;2.01;0.81;0.22;0.27;0.75;0.75;0.106;49.6;7.05;3.38;2.14;0.36;1.32;3.95;144.9;126.4;8;2.6;7.9;0.35;0.23;0.07;0.1
14;50;50;50;100;16.6;3.4;9.65;3.48;3.51;0.271;49.8;13;7.35;3.33;0.58;1.88;5.38;146.4;112.1;19.7;3.8;10.8;1.97;1.01;0.24;0.29;0.86;0.88;0.106;50.2;8.22;3.94;2.59;0.43;1.53;4.27;147.3;127.9;7.8;3.1;8.5;0.41;0.26;0.09;0.12
14;50;50;100;0;19.43;3.23;9.23;3.28;3.25;0.249;59.1;13.06;7.35;3.4;0.55;1.97;5.1;151;111.2;25.6;3.9;10.2;1.96;0.78;0.22;0.29;0.7;0.73;0.102;40.9;7.05;3.25;2.26;0.37;1.26;4.13;104.6;85.8;7.9;2.5;8.3;0.37;0.18;0.07;0.11
14;50;50;100;50;19.28;3.62;10.17;3.49;3.48;0.257;58.3;13.55;7.63;3.44;0.57;2;5.68;149.4;109.3;24.7;4;11.4;1.91;1.04;0.23;0.3;0.91;0.9;0.102;41.7;8.71;4.15;2.68;0.46;1.62;4.49;107;87.1;7.6;3.2;9;0.48;0.21;0.09;0.13
14;50;50;100;100;19.14;3.95;11.45;3.79;3.75;0.267;57.4;14.07;8;3.55;0.63;2.02;6.34;148.2;107.6;23.8;4;12.7;1.88;1.33;0.23;0.31;1.06;1.11;0.102;42.6;10.79;5;3.44;0.59;1.92;5.11;109.8;88.3;7.5;3.8;10.2;0.6;0.25;0.11;0.16
14;50;100;0;0;14.62;2.66;7.63;3.55;3.51;0.268;44.9;13.12;7.42;3.41;0.6;1.88;4.27;146.8;116.6;17.9;3.8;8.5;2.41;0.58;0.22;0.29;0.46;0.49;0.108;55.1;4.33;1.99;1.38;0.22;0.78;3.36;180;164.6;7.1;1.6;6.7;0.17;0.21;0.04;0.06
14;50;100;0;50;14.39;2.7;7.9;3.62;3.64;0.274;44.6;13.33;7.63;3.42;0.59;1.86;4.34;145.7;116.1;17.2;3.7;8.7;2.37;0.75;0.22;0.3;0.52;0.55;0.114;55.4;4.67;2.21;1.51;0.23;0.84;3.56;181.1;165.2;7.1;1.7;7.1;0.18;0.26;0.05;0.07
14;50;100;0;100;13.91;2.7;7.95;3.83;3.81;0.281;44.4;13.6;7.87;3.43;0.59;1.83;4.49;144.8;115.8;16.3;3.7;9;2.34;0.95;0.22;0.31;0.62;0.62;0.122;55.6;4.92;2.38;1.48;0.24;0.87;3.46;181.4;165.6;7.1;1.7;6.9;0.18;0.32;0.05;0.07
14;50;100;50;0;16.93;3.11;8.99;3.56;3.55;0.26;50.8;13.71;7.77;3.52;0.64;2;4.89;148.8;113.4;21.6;4;9.8;2.31;0.71;0.23;0.29;0.63;0.65;0.105;49.2;6.08;2.9;1.93;0.32;1.1;4.1;143.9;126.6;6.9;2.2;8.2;0.3;0.21;0.06;0.09
14;50;100;50;50;16.62;3.3;9.67;3.9;3.89;0.269;50.3;14.47;8.21;3.73;0.6;2.07;5.41;147.6;111.7;20.9;4.1;10.8;2.31;1.01;0.24;0.33;0.74;0.77;0.107;49.7;7.08;3.3;2.25;0.38;1.23;4.26;146.1;128.3;6.8;2.5;8.5;0.35;0.25;0.07;0.1
14;50;100;50;100;16.43;3.62;10.13;4.06;4.04;0.278;49.7;14.56;8.39;3.61;0.62;2.09;5.63;146.2;110.8;19.9;4.2;11.3;2.23;1.24;0.24;0.32;0.94;0.93;0.112;50.3;8.21;3.95;2.5;0.43;1.53;4.51;148.2;129.2;7;3.1;9;0.42;0.32;0.08;0.11
14;50;100;100;0;19.11;3.57;10.13;3.84;3.83;0.254;59;15.13;8.51;3.88;0.73;2.27;5.68;151.2;109.6;25.7;4.5;11.4;2.26;0.95;0.26;0.35;0.72;0.75;0.103;41;7.19;3.38;2.27;0.42;1.31;4.45;105.2;86.9;6.8;2.6;8.9;0.38;0.2;0.07;0.1
14;50;100;100;50;19.12;3.95;11.15;4;4.09;0.261;58;15.68;8.88;4;0.7;2.31;6.26;149.5;107.3;25.1;4.6;12.5;2.18;1.26;0.28;0.37;0.91;0.93;0.104;42;8.81;4.22;2.77;0.46;1.64;4.89;108.2;88.5;6.6;3.3;9.8;0.48;0.23;0.09;0.12
14;50;100;100;100;19.17;4.11;12.12;4.47;4.37;0.272;57.2;16.08;9.2;4.07;0.66;2.22;6.76;147.9;105.6;24.3;4.4;13.5;2.19;1.58;0.26;0.35;1.14;1.15;0.106;42.8;10.69;5.01;3.32;0.59;1.88;5.36;110.6;89.6;6.5;3.8;10.7;0.6;0.3;0.1;0.15
14;100;0;0;0;17.06;2.48;7.24;3.33;3.26;0.274;37.7;11.94;6.85;2.99;0.5;1.68;4.04;109;79.9;17.7;3.4;8.1;2.39;0.42;0.19;0.26;0.5;0.48;0.1;62.3;4.65;2.12;1.54;0.24;0.8;3.2;180.6;160.2;12.4;1.6;6.4;0.16;0.21;0.05;0.06
14;100;0;0;50;16.83;2.77;7.77;3.43;3.42;0.277;37.5;12.37;7.03;3.11;0.54;1.75;4.26;108.6;80;16.6;3.5;8.5;2.44;0.51;0.2;0.27;0.59;0.59;0.106;62.5;5.44;2.59;1.73;0.3;1.01;3.51;181.5;160;12.5;2;7;0.17;0.28;0.06;0.08
14;100;0;0;100;16.46;2.82;8.22;3.54;3.55;0.283;37.5;12.59;7.26;3.15;0.55;1.79;4.55;108.7;80.4;15.6;3.6;9.1;2.41;0.65;0.2;0.28;0.65;0.68;0.112;62.5;5.96;2.82;1.91;0.31;1.03;3.68;181.1;159.2;12.6;2.1;7.4;0.18;0.36;0.05;0.09
14;100;0;50;0;19.03;2.99;8.58;3.23;3.34;0.267;43.9;12.52;7.04;3.2;0.57;1.83;4.8;112.7;78.5;20.9;3.7;9.6;2.34;0.5;0.22;0.28;0.63;0.65;0.099;56.1;6.47;2.97;2.04;0.39;1.16;3.79;144.3;122.2;12.2;2.3;7.6;0.28;0.21;0.06;0.1
14;100;0;50;50;18.68;3.3;9.4;3.46;3.52;0.271;43.4;13.04;7.46;3.34;0.53;1.84;5.21;112.1;78.1;19.9;3.7;10.4;2.38;0.61;0.22;0.31;0.76;0.81;0.103;56.6;7.78;3.7;2.34;0.42;1.45;4.19;146.1;122.9;12;2.9;8.4;0.35;0.27;0.08;0.12
14;100;0;50;100;18.78;3.66;10.17;3.71;3.73;0.276;43.2;13.54;7.82;3.27;0.62;1.99;5.66;112.2;77.6;19.3;4;11.3;2.38;0.83;0.23;0.28;0.93;0.96;0.105;56.8;9;4.27;2.77;0.47;1.67;4.51;147.9;123.6;12;3.3;9;0.4;0.34;0.1;0.12
14;100;0;100;0;21.12;3.27;9.45;3.41;3.42;0.259;52;13.28;7.39;3.42;0.59;1.88;5.19;115.4;76.3;25;3.8;10.4;2.29;0.61;0.22;0.31;0.67;0.75;0.098;48;7.5;3.48;2.41;0.39;1.39;4.26;106.7;83.7;11.6;2.8;8.5;0.36;0.2;0.08;0.11
14;100;0;100;50;20.99;3.63;10.65;3.62;3.55;0.26;51.3;13.69;7.66;3.52;0.66;1.94;5.88;115;75.8;23.5;3.9;11.8;2.24;0.78;0.22;0.31;0.98;0.97;0.101;48.7;9.46;4.45;2.94;0.49;1.69;4.77;109.2;84.2;12.1;3.4;9.5;0.46;0.27;0.1;0.14
14;100;0;100;100;20.84;4.19;12.02;3.81;3.88;0.269;50.8;14.47;8.24;3.74;0.59;2.1;6.64;115.1;74.8;22.8;4.2;13.3;2.3;1.01;0.25;0.33;1.15;1.18;0.103;49.2;11.38;5.35;3.6;0.6;2.08;5.38;111.8;85.2;11.6;4.2;10.8;0.58;0.32;0.12;0.16
14;100;50;0;0;16.95;2.93;8.43;4.04;3.99;0.279;38.2;14.34;8.28;3.63;0.62;2.01;4.67;111.3;80.4;17.6;4;9.3;2.99;0.45;0.24;0.31;0.52;0.56;0.11;61.8;4.97;2.32;1.64;0.24;0.92;3.76;180.1;159.3;11.4;1.8;7.5;0.16;0.28;0.06;0.07
14;100;50;0;50;16.43;3;8.64;4.2;4.13;0.282;38;14.72;8.56;3.64;0.63;2.07;4.77;110.6;80.4;16.5;4.1;9.5;3;0.55;0.26;0.33;0.66;0.65;0.116;62;5.47;2.6;1.72;0.28;0.93;3.88;180.4;159.3;11.5;1.9;7.8;0.17;0.35;0.05;0.08
14;100;50;0;100;16.18;3.18;9.2;4.34;4.36;0.288;38;15.18;8.8;3.84;0.64;2.1;5.17;110.6;80.4;15.7;4.2;10.3;3;0.78;0.25;0.33;0.64;0.7;0.117;62;5.88;2.76;1.86;0.34;1.07;4.04;180.8;159.3;11.3;2.1;8.1;0.17;0.39;0.05;0.09
14;100;50;50;0;18.76;3.4;9.57;4.15;4.1;0.271;44.2;15.17;8.7;3.89;0.65;2.22;5.27;114.4;78.2;21.1;4.4;10.5;2.93;0.56;0.27;0.33;0.72;0.7;0.106;55.8;6.5;3.1;2.02;0.36;1.18;4.3;144.5;122.6;10.9;2.4;8.6;0.27;0.27;0.07;0.09
14;100;50;50;50;18.64;3.6;10.56;4.27;4.31;0.278;43.8;15.56;8.88;3.95;0.73;2.17;5.86;114.1;78;20.1;4.3;11.7;2.91;0.8;0.25;0.36;0.85;0.88;0.109;56.2;7.93;3.76;2.46;0.43;1.44;4.7;146.5;123;11.3;2.9;9.4;0.34;0.35;0.08;0.11
14;100;50;50;100;18.33;3.85;11.24;4.53;4.52;0.281;43.5;16.12;9.3;4.07;0.69;2.23;6.38;113.8;77.3;19.2;4.5;12.8;2.89;0.99;0.27;0.37;0.93;1;0.109;56.5;9.05;4.21;2.92;0.47;1.62;4.86;147.7;124;10.8;3.2;9.7;0.4;0.37;0.09;0.13
14;100;50;100;0;20.91;3.76;10.76;4.08;4.2;0.265;52.6;15.9;8.92;4.21;0.72;2.35;6.05;118.1;76.6;24.7;4.7;12.1;2.82;0.74;0.27;0.37;0.84;0.82;0.105;47.4;7.73;3.66;2.48;0.41;1.41;4.71;106.6;83.4;11;2.8;9.4;0.36;0.28;0.08;0.11
14;100;50;100;50;20.64;4.08;11.84;4.43;4.42;0.27;51.6;16.42;9.37;4.17;0.74;2.32;6.62;116.7;75;23.8;4.6;13.2;2.77;1.01;0.27;0.37;1.04;1.04;0.106;48.4;9.7;4.62;3.02;0.49;1.76;5.22;109.5;85;10.6;3.5;10.4;0.48;0.32;0.1;0.14
14;100;50;100;100;20.94;4.42;12.82;4.73;4.7;0.277;51;16.99;9.88;4.22;0.71;2.47;7.1;116.6;74.1;23.4;4.9;14.2;2.74;1.3;0.28;0.38;1.22;1.22;0.106;49;11.44;5.36;3.59;0.63;1.95;5.72;112;85.9;10.7;3.9;11.4;0.57;0.37;0.11;0.17
14;100;100;0;0;16.62;3.25;9.36;4.82;4.73;0.282;38.6;16.81;9.67;4.24;0.77;2.35;5.25;113;80.3;17.4;4.7;10.5;3.54;0.55;0.28;0.36;0.58;0.6;0.116;61.4;5.09;2.35;1.63;0.3;0.9;4.1;179.9;159.3;10.6;1.8;8.2;0.16;0.32;0.05;0.07
14;100;100;0;50;16.3;3.37;9.71;5.03;4.97;0.288;38.5;17.32;10.15;4.26;0.73;2.42;5.4;112.6;80.5;16.4;4.8;10.8;3.61;0.7;0.28;0.37;0.73;0.72;0.127;61.5;5.58;2.66;1.74;0.33;0.95;4.31;180.1;159;10.6;1.9;8.6;0.16;0.42;0.05;0.08
14;100;100;0;100;15.97;3.45;10.08;5.12;5.16;0.291;38;17.79;10.29;4.43;0.77;2.43;5.6;111.6;79.6;15.9;4.9;11.2;3.55;0.93;0.28;0.4;0.77;0.79;0.132;62;5.87;2.81;1.83;0.32;1.02;4.48;182;160.7;10.3;2;9;0.17;0.48;0.05;0.08
14;100;100;50;0;18.64;3.76;10.6;4.9;4.87;0.274;44.2;17.86;10.16;4.49;0.81;2.51;5.86;115.4;77.5;21.1;5;11.7;3.47;0.71;0.3;0.39;0.73;0.75;0.11;55.8;6.72;3.24;2.08;0.32;1.25;4.74;145.8;123.7;10.2;2.5;9.5;0.28;0.3;0.07;0.09
14;100;100;50;50;18.35;3.91;11.45;5.19;5.13;0.282;43.9;18.27;10.44;4.65;0.83;2.52;6.28;114.9;77.1;20.2;5;12.6;3.45;0.99;0.3;0.39;0.93;0.92;0.116;56.1;7.86;3.81;2.37;0.41;1.4;5.17;147.4;124.3;9.9;2.8;10.3;0.34;0.39;0.08;0.12
14;100;100;50;100;18.06;4.25;12.11;5.43;5.36;0.289;43.6;18.59;10.89;4.56;0.81;2.58;6.75;114.8;77.1;19;5.2;13.5;3.46;1.19;0.31;0.4;1.06;1.09;0.119;56.4;9.13;4.4;2.75;0.5;1.67;5.36;148.5;124.4;10;3.3;10.7;0.4;0.48;0.08;0.13
14;100;100;100;0;20.86;4.07;11.76;5.09;5;0.268;52.6;18.69;10.57;4.87;0.8;2.65;6.58;119.2;75.7;25.1;5.3;13.2;3.34;0.93;0.31;0.42;0.82;0.85;0.107;47.4;7.85;3.65;2.47;0.42;1.41;5.18;107.5;84.3;10;2.8;10.4;0.36;0.3;0.08;0.11
14;100;100;100;50;20.56;4.43;12.9;5.29;5.31;0.275;52;19.33;11.06;4.86;0.83;2.76;7.19;118.6;74.7;24;5.5;14.4;3.37;1.2;0.31;0.43;1.07;1.07;0.111;48;9.55;4.56;2.88;0.55;1.67;5.71;109.6;85.3;9.5;3.3;11.4;0.47;0.38;0.09;0.13
14;100;100;100;100;20.48;4.76;13.86;5.66;5.56;0.283;51.2;19.72;11.4;4.85;0.86;2.74;7.76;117.7;73.4;23.3;5.5;15.5;3.3;1.51;0.32;0.43;1.27;1.31;0.112;48.8;11.59;5.41;3.69;0.59;2.02;6.1;112.4;86.6;9.5;4;12.2;0.59;0.45;0.11;0.17
15;0;0;0;0;13.58;1.69;4.91;1.73;1.79;0.25;50.2;7.16;3.94;1.92;0.32;1.05;2.73;179.5;153.2;18.7;2.1;5.5;1.06;0.43;0.12;0.18;0.34;0.33;0.087;49.8;3.51;1.62;1.11;0.19;0.64;2.19;178.1;166.8;5.6;1.3;4.4;0.15;0.09;0.03;0.05
15;0;0;0;50;13.3;1.79;5.07;1.93;1.94;0.259;49.7;7.5;4.21;1.94;0.35;1.1;2.85;177.7;152;17.8;2.2;5.7;1.04;0.58;0.14;0.19;0.35;0.35;0.088;50.3;3.69;1.7;1.21;0.19;0.69;2.21;179.6;168;5.7;1.4;4.4;0.15;0.1;0.04;0.05
15;0;0;0;100;12.85;1.86;5.32;2.02;2.07;0.266;49.5;7.83;4.43;2.04;0.33;1.15;2.94;176.6;151.5;17;2.3;5.9;1.04;0.71;0.14;0.18;0.4;0.39;0.092;50.5;3.95;1.86;1.24;0.21;0.71;2.38;180.4;168.5;5.7;1.4;4.8;0.16;0.13;0.04;0.06
15;0;0;50;0;15.9;2.05;6.16;1.87;1.87;0.238;56.2;7.87;4.34;2.13;0.34;1.15;3.4;180.9;149.3;22.5;2.3;6.8;1;0.54;0.14;0.2;0.48;0.47;0.088;43.8;5.21;2.38;1.69;0.3;0.9;2.75;140.9;128;5.6;1.8;5.5;0.25;0.09;0.05;0.08
15;0;0;50;50;15.56;2.42;6.73;2.02;2.09;0.251;55.8;8.33;4.71;2.1;0.4;1.3;3.79;179.8;148.1;21.5;2.6;7.6;1.02;0.71;0.15;0.2;0.59;0.54;0.088;44.2;6.03;2.81;1.9;0.34;1.12;2.93;142.4;128.9;5.4;2.2;5.9;0.3;0.09;0.06;0.09
15;0;0;50;100;15.22;2.54;7.36;2.21;2.22;0.257;55.3;8.68;4.88;2.21;0.35;1.27;4.14;178.3;146.8;20.7;2.5;8.3;0.98;0.88;0.15;0.21;0.68;0.66;0.09;44.7;7.17;3.28;2.31;0.39;1.27;3.22;144.3;129.9;5.4;2.5;6.4;0.36;0.13;0.07;0.1
15;0;0;100;0;17.95;2.49;7.04;2.02;2.02;0.234;64.6;8.66;4.74;2.3;0.38;1.31;3.89;183.7;147.2;26.1;2.6;7.8;1.03;0.62;0.15;0.21;0.54;0.57;0.089;35.4;6.28;2.92;1.97;0.33;1.18;3.15;100.7;86.4;5.6;2.4;6.3;0.31;0.1;0.06;0.09
15;0;0;100;50;17.88;2.82;8.08;2.18;2.25;0.241;63.5;9.32;5.13;2.47;0.42;1.38;4.49;180.6;143.5;25.3;2.8;9;0.98;0.87;0.16;0.24;0.7;0.68;0.087;36.5;7.72;3.62;2.42;0.41;1.44;3.6;103.7;88.2;5.4;2.9;7.2;0.41;0.1;0.08;0.11
15;0;0;100;100;18.09;3.33;9.48;2.5;2.55;0.248;62.6;10.3;5.68;2.73;0.48;1.53;5.3;179.3;140.7;25;3.1;10.6;0.98;1.14;0.18;0.25;0.87;0.87;0.089;37.4;9.57;4.49;3.04;0.52;1.8;4.18;106.9;89.7;5.3;3.6;8.4;0.5;0.12;0.1;0.14
15;0;50;0;0;13.41;1.82;4.91;1.89;1.88;0.244;50;7.67;4.22;2.01;0.36;1.17;2.76;178.8;151.6;19.3;2.3;5.5;1.05;0.49;0.14;0.19;0.34;0.33;0.091;50;3.36;1.58;1.05;0.17;0.65;2.15;178.7;168.4;4.8;1.3;4.3;0.14;0.11;0.03;0.05
15;0;50;0;50;12.9;1.88;5.34;2.02;2.08;0.257;49.7;8.08;4.53;2.15;0.38;1.22;2.97;177.3;150.8;18.1;2.4;5.9;1.09;0.64;0.14;0.2;0.35;0.36;0.093;50.3;3.6;1.69;1.14;0.2;0.66;2.37;179.9;169.2;4.6;1.3;4.7;0.15;0.11;0.04;0.05
15;0;50;0;100;12.28;1.93;5.41;2.23;2.22;0.268;49.3;8.3;4.74;2.11;0.32;1.21;3.02;175.5;150.2;16.8;2.4;6;1.06;0.82;0.14;0.2;0.45;0.4;0.095;50.7;3.94;1.9;1.21;0.23;0.72;2.38;180.7;169.8;4.7;1.4;4.8;0.16;0.14;0.04;0.06
15;0;50;50;0;15.33;2.2;6.46;1.94;2.01;0.233;56.1;8.63;4.65;2.34;0.42;1.27;3.7;180.4;147.9;22.5;2.5;7.4;1.02;0.62;0.15;0.22;0.51;0.48;0.091;43.9;5.14;2.44;1.6;0.27;0.93;2.77;140.9;129.1;4.5;1.9;5.5;0.25;0.1;0.05;0.08
15;0;50;50;50;15.22;2.49;7.16;2.28;2.29;0.251;55.4;9.11;5.09;2.42;0.39;1.32;4.08;178.5;146.1;21.6;2.6;8.2;1.05;0.87;0.15;0.23;0.59;0.57;0.091;44.6;6.09;2.87;1.91;0.34;1.17;3.08;143.5;130.4;4.5;2.3;6.2;0.31;0.11;0.06;0.08
15;0;50;50;100;15.16;2.76;7.84;2.52;2.51;0.258;54.6;9.75;5.5;2.48;0.42;1.41;4.38;176.1;143.3;21.2;2.8;8.8;1.02;1.09;0.16;0.24;0.69;0.67;0.091;45.4;7.2;3.37;2.3;0.41;1.35;3.46;146.5;132.5;4.4;2.7;6.9;0.36;0.13;0.08;0.1
15;0;50;100;0;17.72;2.65;7.59;2.23;2.24;0.231;64.3;9.7;5.36;2.59;0.43;1.49;4.33;182.3;144.2;26.4;3;8.7;1.03;0.8;0.17;0.25;0.59;0.58;0.09;35.7;6.24;2.9;1.99;0.36;1.16;3.26;101.2;87.9;4.5;2.3;6.5;0.32;0.11;0.07;0.09
15;0;50;100;50;17.74;2.95;8.74;2.48;2.52;0.242;63.1;10.4;5.71;2.75;0.52;1.52;4.84;179.1;140.6;25.7;3;9.7;1;1.09;0.17;0.25;0.73;0.73;0.09;36.9;8.01;3.67;2.61;0.44;1.43;3.9;104.7;89.7;4.4;2.9;7.8;0.42;0.11;0.09;0.11
15;0;50;100;100;17.63;3.31;9.91;2.87;2.85;0.257;62.1;11.13;6.22;2.97;0.47;1.57;5.49;176.8;137.5;25.2;3.1;11;0.98;1.42;0.19;0.26;0.92;0.87;0.089;37.9;9.64;4.46;3.11;0.56;1.74;4.42;107.7;91.2;4.1;3.5;8.8;0.52;0.12;0.1;0.14
15;0;100;0;0;13.08;1.95;5.17;2.04;2.06;0.245;49.6;8.41;4.74;2.12;0.38;1.31;2.86;177.2;149.5;19.4;2.6;5.7;1.1;0.61;0.16;0.2;0.31;0.33;0.092;50.4;3.31;1.57;1.01;0.17;0.63;2.31;180.2;170.5;3.8;1.3;4.6;0.14;0.11;0.04;0.05
15;0;100;0;50;12.52;2;5.57;2.21;2.27;0.258;49.3;8.82;4.92;2.33;0.43;1.34;3.12;176;148.9;18.1;2.7;6.2;1.11;0.78;0.16;0.22;0.37;0.37;0.096;50.7;3.56;1.67;1.13;0.18;0.65;2.45;181;171.1;3.7;1.3;4.9;0.15;0.13;0.04;0.05
15;0;100;0;100;12.17;2;5.78;2.41;2.47;0.268;48.8;9.23;5.25;2.37;0.4;1.33;3.27;174.2;147.6;17.4;2.7;6.5;1.07;1.01;0.16;0.23;0.42;0.41;0.101;51.2;3.82;1.8;1.19;0.22;0.67;2.52;182.6;172.4;3.8;1.3;5;0.16;0.16;0.04;0.06
15;0;100;50;0;15.28;2.35;6.67;2.16;2.21;0.236;55.8;9.36;5.14;2.49;0.44;1.39;3.73;179.1;145.9;22.9;2.8;7.5;1.07;0.74;0.18;0.23;0.52;0.49;0.092;44.2;5.12;2.4;1.56;0.28;0.96;2.95;142;130.5;3.6;1.9;5.9;0.25;0.1;0.06;0.07
15;0;100;50;50;15.09;2.61;7.41;2.45;2.52;0.252;54.8;10.03;5.57;2.68;0.44;1.52;4.08;176.3;142.9;22.2;3;8.2;1.03;1.07;0.19;0.23;0.63;0.58;0.093;45.2;6.12;2.87;1.88;0.35;1.09;3.33;145.2;132.8;3.5;2.2;6.7;0.31;0.12;0.07;0.08
15;0;100;50;100;14.78;2.75;8.07;2.8;2.79;0.272;54.2;10.29;5.81;2.67;0.48;1.38;4.46;174.3;141.3;21.3;2.8;8.9;1.02;1.38;0.17;0.24;0.69;0.7;0.095;45.8;7.26;3.41;2.28;0.4;1.37;3.61;147.5;134;3.5;2.7;7.2;0.37;0.15;0.08;0.1
15;0;100;100;0;17.63;2.77;8.07;2.56;2.58;0.237;63.6;10.9;5.97;2.89;0.51;1.63;4.53;179.7;140.3;27.1;3.3;9.1;1.04;1.07;0.19;0.27;0.6;0.59;0.09;36.4;6.36;2.99;1.99;0.36;1.15;3.55;102.8;89.9;3.5;2.3;7.1;0.33;0.1;0.06;0.09
15;0;100;100;50;17.58;3.23;9.18;2.82;2.85;0.245;62.7;11.67;6.46;3.06;0.54;1.77;5.16;177.4;137.3;26.3;3.5;10.3;1.02;1.33;0.21;0.28;0.76;0.75;0.092;37.3;8.03;3.72;2.48;0.47;1.46;4.02;105.6;91.4;3.3;2.9;8;0.43;0.12;0.08;0.12
15;0;100;100;100;17.4;3.49;10.25;3.16;3.22;0.266;61.7;12.1;6.81;3.12;0.55;1.68;5.81;174.9;134.6;25.3;3.4;11.6;1;1.73;0.2;0.28;0.93;0.91;0.091;38.3;9.87;4.53;3.17;0.55;1.81;4.44;108.5;92.7;3.3;3.6;8.9;0.54;0.14;0.1;0.13
15;50;0;0;0;15.26;2.12;6.08;2.7;2.74;0.28;44.8;9.85;5.63;2.49;0.42;1.39;3.41;145.3;117.2;18.5;2.8;6.8;1.92;0.43;0.16;0.23;0.39;0.39;0.092;55.2;4.04;1.84;1.33;0.2;0.73;2.67;179.2;163.7;8.6;1.5;5.3;0.14;0.15;0.04;0.06
15;50;0;0;50;14.95;2.1;6.45;2.93;2.96;0.286;44.5;10.4;5.89;2.71;0.49;1.42;3.63;144.5;116.7;17.7;2.8;7.3;1.96;0.58;0.17;0.24;0.44;0.41;0.093;55.5;4.19;1.92;1.33;0.26;0.68;2.82;180;164.4;8.6;1.4;5.6;0.14;0.16;0.04;0.06
15;50;0;0;100;14.56;2.41;6.6;3.06;3.05;0.29;44.4;10.52;6.18;2.66;0.39;1.52;3.7;143.8;116.8;16.5;3;7.4;1.96;0.68;0.17;0.24;0.51;0.48;0.098;55.7;4.72;2.3;1.39;0.27;0.9;2.9;180.6;164.2;8.7;1.8;5.8;0.15;0.21;0.05;0.07
15;50;0;50;0;17.44;2.58;7.31;2.81;2.86;0.271;51;10.59;6;2.72;0.47;1.58;4.08;148.1;114.8;22;3.2;8.2;1.9;0.52;0.19;0.25;0.56;0.53;0.09;49;5.66;2.63;1.85;0.27;1.01;3.23;142.4;125.2;8.7;2;6.5;0.24;0.14;0.05;0.08
15;50;0;50;50;17.33;2.81;8.01;3.02;3.02;0.277;50.3;10.95;6.17;2.85;0.47;1.5;4.42;146.4;113.6;21;3;8.8;1.89;0.69;0.19;0.26;0.66;0.63;0.091;49.7;6.84;3.19;2.15;0.37;1.31;3.58;144.9;126.4;8.7;2.6;7.2;0.3;0.17;0.07;0.1
15;50;0;50;100;17;3.06;8.85;3.19;3.2;0.281;50;11.44;6.56;2.94;0.51;1.67;4.97;146.3;112.8;20.2;3.3;9.9;1.88;0.86;0.2;0.26;0.75;0.74;0.093;50;7.89;3.65;2.53;0.42;1.39;3.87;146.3;127.2;8.5;2.8;7.7;0.36;0.2;0.08;0.11
15;50;0;100;0;19.21;2.9;8.3;2.89;2.93;0.262;59.2;11.23;6.32;2.9;0.49;1.63;4.58;150.1;112.3;25.4;3.3;9.2;1.87;0.61;0.18;0.26;0.62;0.62;0.089;40.8;6.78;3.19;2.12;0.35;1.27;3.72;103.3;85.2;8.1;2.5;7.4;0.32;0.13;0.07;0.1
15;50;0;100;50;19.3;3.21;9.49;3.17;3.17;0.266;58.4;11.95;6.82;3.05;0.52;1.73;5.29;149;110.3;24.7;3.5;10.6;1.82;0.86;0.2;0.3;0.78;0.78;0.09;41.6;8.52;3.89;2.73;0.47;1.49;4.2;106.1;86.5;8.3;3;8.4;0.41;0.16;0.09;0.12
15;50;0;100;100;19.34;3.63;10.65;3.39;3.39;0.271;57.8;12.56;7.1;3.3;0.52;1.72;6.05;148.6;109;24;3.4;12.1;1.79;1.08;0.21;0.31;1;0.95;0.091;42.2;10.32;4.8;3.28;0.54;1.9;4.61;108.5;87.3;8.1;3.8;9.2;0.5;0.2;0.1;0.15
15;50;50;0;0;15.02;2.4;6.77;3.18;3.22;0.283;45;11.41;6.57;2.92;0.46;1.63;3.81;146.6;117.3;18.4;3.3;7.6;2.28;0.46;0.19;0.28;0.42;0.43;0.1;55;4.12;1.91;1.29;0.24;0.77;2.96;178.9;163.7;7.8;1.5;5.9;0.14;0.19;0.04;0.06
15;50;50;0;50;14.67;2.45;7.03;3.25;3.34;0.287;44.6;11.7;6.73;2.99;0.51;1.67;3.95;145.2;116.4;17.5;3.3;7.9;2.22;0.64;0.21;0.27;0.47;0.46;0.1;55.4;4.42;2.07;1.4;0.24;0.79;3.08;180.4;164.8;7.8;1.6;6.2;0.15;0.21;0.04;0.06
15;50;50;0;100;14.12;2.56;7.08;3.54;3.51;0.294;44.2;11.96;7.04;2.93;0.48;1.68;3.93;143.6;115.8;16.6;3.4;7.9;2.24;0.8;0.19;0.28;0.55;0.51;0.105;55.8;4.66;2.23;1.41;0.26;0.88;3.15;181.3;165.6;7.6;1.8;6.3;0.15;0.25;0.04;0.06
15;50;50;50;0;17.32;2.93;7.99;3.34;3.3;0.271;51;12.2;7.06;3.04;0.52;1.81;4.54;148.8;114.1;22.1;3.6;9.1;2.21;0.59;0.2;0.29;0.59;0.57;0.095;49;5.77;2.77;1.8;0.28;1.11;3.45;142.9;125.9;7.9;2.2;6.9;0.25;0.18;0.06;0.08
15;50;50;50;50;16.94;3.02;8.75;3.48;3.52;0.28;50.4;12.59;7.28;3.14;0.56;1.78;4.89;147.1;112.7;21.1;3.6;9.8;2.16;0.85;0.21;0.29;0.67;0.67;0.096;49.6;6.82;3.17;2.19;0.35;1.24;3.85;145.1;127.3;7.6;2.5;7.7;0.3;0.2;0.07;0.1
15;50;50;50;100;16.8;3.33;9.54;3.65;3.72;0.285;50;13.08;7.53;3.29;0.59;1.88;5.38;146.8;112.2;20.1;3.8;10.8;2.18;1.02;0.21;0.3;0.87;0.81;0.099;50;8.1;3.8;2.5;0.48;1.45;4.16;146.7;127.8;7.6;2.9;8.3;0.36;0.26;0.08;0.11
15;50;50;100;0;19.51;3.24;9.21;3.47;3.47;0.263;58.9;13.24;7.54;3.36;0.64;1.96;5.03;150.4;110.3;26.1;3.9;10.1;2.13;0.8;0.24;0.31;0.7;0.68;0.095;41.1;7.03;3.33;2.21;0.4;1.28;4.18;104.9;86.4;7.5;2.6;8.4;0.32;0.18;0.07;0.11
15;50;50;100;50;19.16;3.52;10;3.68;3.7;0.271;58.2;13.68;7.83;3.4;0.57;1.97;5.54;148.7;108.6;25.1;3.9;11.1;2.1;1.06;0.24;0.3;0.85;0.8;0.093;41.8;8.48;3.92;2.71;0.47;1.55;4.46;106.8;87.6;7.1;3.1;8.9;0.41;0.19;0.08;0.12
15;50;50;100;100;19.07;3.94;11.3;3.98;4.04;0.28;57.4;14.45;8.26;3.66;0.66;2;6.36;147.8;106.6;24.5;4;12.7;2.08;1.36;0.25;0.34;0.99;0.99;0.094;42.6;10.37;4.85;3.25;0.57;1.94;4.94;109.6;88.9;6.9;3.9;9.9;0.51;0.23;0.1;0.14
15;50;100;0;0;14.61;2.62;7.38;3.79;3.76;0.285;44.9;13.22;7.7;3.37;0.56;1.87;4.18;146.6;116;18.5;3.7;8.4;2.63;0.59;0.22;0.31;0.41;0.43;0.102;55.1;4.02;1.92;1.24;0.19;0.75;3.21;179.9;165.4;6.6;1.5;6.4;0.14;0.19;0.04;0.06
15;50;100;0;50;14.46;2.6;7.73;3.85;3.91;0.29;44.5;13.53;7.82;3.4;0.56;1.83;4.33;145.5;115.4;17.8;3.7;8.7;2.6;0.78;0.21;0.32;0.52;0.49;0.108;55.5;4.33;2.1;1.33;0.25;0.77;3.4;181.3;166.1;6.8;1.5;6.8;0.15;0.24;0.04;0.06
15;50;100;0;100;13.87;2.69;7.8;4.17;4.07;0.298;44.3;13.69;8.03;3.41;0.56;1.86;4.41;144.2;115.1;16.6;3.7;8.8;2.59;0.95;0.21;0.32;0.57;0.58;0.117;55.7;4.83;2.31;1.51;0.23;0.83;3.39;181.7;166.5;6.8;1.7;6.8;0.16;0.31;0.04;0.07
15;50;100;50;0;16.91;3.06;8.7;3.71;3.75;0.274;50.9;13.79;7.81;3.6;0.58;1.97;4.92;148.9;113;22.1;3.9;9.8;2.47;0.73;0.23;0.32;0.64;0.59;0.099;49.1;5.86;2.79;1.84;0.3;1.09;3.78;143.5;127;6.8;2.2;7.6;0.25;0.21;0.06;0.08
15;50;100;50;50;16.78;3.34;9.46;4.07;4.15;0.284;50.4;14.64;8.36;3.7;0.63;2.08;5.38;147.9;111.5;21.5;4.2;10.8;2.53;1.02;0.23;0.37;0.74;0.71;0.101;49.6;6.91;3.28;2.13;0.36;1.25;4.09;145.7;128.5;6.6;2.5;8.2;0.3;0.24;0.07;0.1
15;50;100;50;100;16.5;3.47;10.1;4.32;4.43;0.297;49.7;14.96;8.66;3.68;0.64;2.07;5.66;146.1;110;20.7;4.1;11.3;2.49;1.35;0.24;0.35;0.83;0.84;0.104;50.3;7.97;3.72;2.57;0.41;1.4;4.44;148.2;130;6.5;2.8;8.9;0.36;0.29;0.08;0.12
15;50;100;100;0;19.12;3.44;9.79;4.02;4.08;0.272;58.9;15.04;8.62;3.83;0.66;2.19;5.45;150.5;109.1;26.1;4.4;10.9;2.46;1.02;0.25;0.35;0.73;0.67;0.096;41.1;6.84;3.22;2.16;0.35;1.25;4.34;104.8;87.2;6.4;2.5;8.7;0.32;0.19;0.07;0.1
15;50;100;100;50;19.03;3.83;11.04;4.27;4.36;0.274;58.1;15.93;8.98;4.09;0.68;2.24;6.29;149.6;107;25.5;4.5;12.6;2.41;1.29;0.27;0.39;0.85;0.85;0.097;41.9;8.59;4.05;2.67;0.47;1.6;4.75;107.7;88.7;6.3;3.2;9.5;0.41;0.22;0.09;0.13
15;50;100;100;100;18.98;4.25;11.92;4.65;4.69;0.289;57.2;16.27;9.38;4.1;0.71;2.27;6.7;147.7;105;24.7;4.5;13.4;2.37;1.69;0.27;0.37;1.06;1.04;0.099;42.8;10.41;4.89;3.21;0.57;1.98;5.22;110.5;90;6.2;4;10.4;0.52;0.27;0.11;0.15
15;100;0;0;0;17.15;2.54;7.22;3.58;3.56;0.292;37.6;12.23;7.07;3.02;0.52;1.67;4.02;109.1;79.6;18.2;3.3;8;2.65;0.44;0.19;0.28;0.49;0.46;0.096;62.4;4.67;2.26;1.41;0.23;0.87;3.2;181.1;160.9;12;1.7;6.4;0.14;0.21;0.05;0.06
15;100;0;0;50;16.69;2.64;7.65;3.64;3.74;0.298;37.6;12.6;7.35;3.1;0.52;1.74;4.25;108.9;79.8;17.2;3.5;8.5;2.68;0.56;0.22;0.29;0.56;0.53;0.102;62.4;5.09;2.44;1.59;0.28;0.91;3.4;181;160.5;11.9;1.8;6.8;0.14;0.27;0.05;0.07
15;100;0;0;100;16.41;2.85;7.96;3.85;3.81;0.301;37.6;12.68;7.55;3.08;0.56;1.75;4.54;108.9;80.3;16;3.5;9.1;2.65;0.66;0.21;0.3;0.59;0.64;0.107;62.4;5.79;2.79;1.74;0.3;1.1;3.43;180.8;159.3;12.4;2.2;6.9;0.15;0.35;0.06;0.08
15;100;0;50;0;18.89;2.92;8.53;3.53;3.58;0.285;43.8;12.59;7.23;3.19;0.54;1.73;4.81;112.5;78.1;21.3;3.5;9.6;2.58;0.5;0.21;0.3;0.58;0.6;0.093;56.2;6.36;2.97;2.03;0.36;1.19;3.72;144.3;122.8;11.7;2.4;7.4;0.25;0.2;0.07;0.09
15;100;0;50;50;18.87;3.17;9.16;3.76;3.77;0.291;43.5;13.03;7.53;3.27;0.58;1.82;5.12;112.3;77.7;20.6;3.6;10.2;2.6;0.68;0.21;0.29;0.75;0.73;0.097;56.5;7.47;3.47;2.38;0.39;1.35;4.04;145.8;123.4;11.6;2.7;8.1;0.29;0.26;0.08;0.1
15;100;0;50;100;18.63;3.56;9.92;4.06;3.98;0.292;43.1;13.68;8.03;3.3;0.54;1.87;5.57;111.8;77.2;19.7;3.7;11.1;2.58;0.86;0.23;0.31;0.9;0.89;0.1;56.9;8.8;4.2;2.67;0.49;1.7;4.36;148;124.2;11.7;3.4;8.7;0.35;0.32;0.09;0.13
15;100;0;100;0;21.13;3.21;9.33;3.63;3.69;0.276;52.3;13.42;7.56;3.47;0.58;1.87;5.26;116;76.4;25.3;3.7;10.5;2.54;0.61;0.21;0.32;0.69;0.68;0.091;47.7;7.27;3.38;2.27;0.41;1.33;4.07;105.8;83.6;11.4;2.7;8.1;0.31;0.19;0.07;0.1
15;100;0;100;50;20.87;3.68;10.45;3.83;3.9;0.28;51.5;14;7.97;3.54;0.61;1.98;5.82;115.2;75.3;24.3;4;11.6;2.49;0.85;0.23;0.33;0.96;0.89;0.095;48.5;9.26;4.39;2.89;0.49;1.7;4.63;108.6;84.7;11.2;3.4;9.3;0.4;0.26;0.1;0.13
15;100;0;100;100;20.96;3.97;11.71;4.09;4.08;0.283;50.9;14.47;8.41;3.6;0.61;2.02;6.54;115.1;74.4;23.6;4;13.1;2.47;1.05;0.24;0.33;1.09;1.06;0.095;49.1;10.97;5.12;3.52;0.59;1.95;5.17;111;85.6;11.2;3.9;10.3;0.49;0.31;0.1;0.16
15;100;50;0;0;16.92;2.81;8.09;4.3;4.25;0.299;38.2;14.29;8.38;3.52;0.6;1.97;4.45;111.1;80.1;18.2;3.9;8.9;3.25;0.45;0.23;0.32;0.53;0.53;0.105;61.8;4.9;2.27;1.52;0.28;0.84;3.64;179.9;159.8;11.2;1.7;7.3;0.14;0.28;0.04;0.07
15;100;50;0;50;16.46;3.03;8.63;4.54;4.53;0.303;38;15.02;8.78;3.68;0.64;2.02;4.8;110.7;79.8;17.2;4;9.6;3.32;0.61;0.25;0.35;0.58;0.58;0.106;62;5.33;2.56;1.66;0.29;1.01;3.83;180.8;160.3;10.9;2;7.7;0.15;0.31;0.06;0.08
15;100;50;0;100;16.09;3.16;8.89;4.54;4.63;0.308;37.9;15.11;8.91;3.68;0.63;2.1;4.94;110.2;80.2;15.9;4.2;9.9;3.27;0.77;0.25;0.34;0.64;0.68;0.114;62.1;5.85;2.77;1.83;0.33;1.07;3.95;180.8;159.7;11.1;2.1;7.9;0.15;0.39;0.06;0.08
15;100;50;50;0;18.81;3.31;9.33;4.36;4.36;0.288;44.1;15.19;8.82;3.74;0.64;2.12;5.26;114;77.6;21.6;4.2;10.5;3.17;0.58;0.24;0.36;0.66;0.64;0.099;55.9;6.3;3.01;1.94;0.37;1.19;4.08;144.7;123.6;10.6;2.4;8.2;0.24;0.25;0.06;0.08
15;100;50;50;50;18.44;3.65;10.25;4.59;4.61;0.296;43.9;15.64;9.1;3.89;0.65;2.21;5.79;114;77.6;20.4;4.4;11.6;3.17;0.82;0.27;0.35;0.79;0.79;0.1;56.1;7.68;3.64;2.42;0.44;1.44;4.47;146;123.5;10.6;2.9;8.9;0.29;0.3;0.08;0.11
15;100;50;50;100;18.49;3.91;11.09;4.75;4.84;0.298;43.5;16.29;9.43;4.04;0.7;2.24;6.22;113.9;77;20;4.5;12.4;3.17;1.02;0.27;0.37;0.97;0.93;0.103;56.5;8.9;4.25;2.8;0.45;1.67;4.86;148.1;124.6;10.5;3.3;9.7;0.35;0.37;0.09;0.13
15;100;50;100;0;20.63;3.57;10.38;4.46;4.52;0.281;52.5;16.14;9.23;4.03;0.69;2.26;5.8;117.1;75.7;25.3;4.5;11.6;3.1;0.77;0.27;0.37;0.8;0.74;0.098;47.5;7.49;3.52;2.33;0.41;1.3;4.58;106.2;84.3;10.1;2.6;9.2;0.31;0.25;0.07;0.1
15;100;50;100;50;20.86;4.07;11.7;4.67;4.82;0.286;51.8;16.94;9.64;4.38;0.79;2.34;6.63;117.3;74.8;24.6;4.7;13.3;3.09;1.04;0.28;0.42;0.95;0.91;0.097;48.2;9.21;4.38;2.88;0.53;1.74;5.07;109.1;85.2;10.3;3.5;10.1;0.39;0.29;0.09;0.13
15;100;50;100;100;20.61;4.5;12.88;5.01;4.99;0.293;51.1;17.08;9.96;4.26;0.76;2.39;7.26;116.6;74;23.3;4.8;14.5;3;1.32;0.27;0.39;1.17;1.14;0.099;48.9;11.37;5.34;3.54;0.67;2.1;5.62;111.7;86;10.2;4.2;11.2;0.5;0.35;0.12;0.16
15;100;100;0;0;16.52;3.38;9.15;5.2;5.21;0.302;38.5;17.29;10.23;4.12;0.71;2.48;5.17;112.8;79.7;17.8;5;10.3;3.94;0.57;0.3;0.39;0.55;0.57;0.11;61.5;4.99;2.39;1.57;0.24;0.91;3.98;180.5;160.7;10.1;1.8;8;0.14;0.31;0.05;0.07
15;100;100;0;50;16.18;3.37;9.51;5.32;5.34;0.307;38.4;17.49;10.31;4.2;0.72;2.41;5.32;112.3;79.8;17.1;4.8;10.6;3.93;0.73;0.29;0.39;0.67;0.66;0.121;61.6;5.34;2.59;1.62;0.29;0.96;4.19;180.6;160.5;9.9;1.9;8.4;0.14;0.39;0.05;0.07
15;100;100;0;100;15.63;3.46;9.66;5.65;5.5;0.311;38;17.75;10.67;4.08;0.74;2.42;5.42;111;79.4;16;4.8;10.8;3.9;0.93;0.28;0.4;0.75;0.76;0.128;62;5.88;2.83;1.78;0.3;1.03;4.24;181.6;161.2;9.9;2.1;8.5;0.15;0.47;0.06;0.08
15;100;100;50;0;18.59;3.62;10.43;5.21;5.2;0.293;44.4;17.84;10.43;4.31;0.77;2.45;5.81;115.6;77.4;21.7;4.9;11.6;3.8;0.71;0.29;0.4;0.69;0.69;0.104;55.6;6.51;3.06;2.08;0.37;1.17;4.62;145.1;123.9;9.6;2.3;9.2;0.24;0.29;0.07;0.09
15;100;100;50;50;18.41;3.9;11.15;5.6;5.49;0.3;43.9;18.38;10.85;4.45;0.77;2.53;6.21;114.9;76.7;20.7;5.1;12.4;3.78;1;0.31;0.4;0.86;0.86;0.109;56.1;7.72;3.6;2.46;0.4;1.37;4.94;147.1;124.9;9.5;2.7;9.9;0.3;0.38;0.07;0.11
15;100;100;50;100;17.93;4.24;11.96;5.73;5.8;0.309;43.6;18.78;11.03;4.63;0.78;2.53;6.74;114.7;76.6;19.5;5.1;13.5;3.79;1.28;0.31;0.42;1.02;1.03;0.113;56.4;9;4.33;2.74;0.49;1.71;5.21;148.4;125.1;9.5;3.4;10.4;0.35;0.46;0.09;0.12
15;100;100;100;0;20.79;4.1;11.61;5.36;5.47;0.288;52.7;19.03;10.99;4.73;0.82;2.67;6.58;119.3;75.3;25.5;5.3;13.2;3.68;1.02;0.33;0.44;0.86;0.8;0.102;47.3;7.75;3.69;2.46;0.41;1.43;5.03;107.2;84.7;9.5;2.9;10.1;0.31;0.3;0.08;0.11
15;100;100;100;50;20.74;4.57;12.79;5.51;5.65;0.291;51.9;19.47;11.24;4.87;0.86;2.79;7.13;118.6;74.2;24.6;5.6;14.3;3.65;1.24;0.32;0.44;1.02;1.02;0.105;48.1;9.52;4.62;2.92;0.46;1.78;5.66;110.1;85.8;9.4;3.6;11.3;0.4;0.38;0.09;0.14
15;100;100;100;100;20.65;4.78;13.75;5.87;5.97;0.302;51.2;19.85;11.64;4.82;0.82;2.74;7.73;117.8;72.9;23.9;5.5;15.5;3.58;1.63;0.32;0.44;1.21;1.21;0.105;48.8;11.32;5.31;3.58;0.61;2.05;6.03;112.4;87.1;9.2;4.1;12.1;0.5;0.44;0.11;0.16